{
  "dataset": {
    "identifier": 140491,
    "name": "e1_20211115_0006_0553_01",
    "src_path": "/data/file/cubeManager/PROJECT018/91/txt20211110140005085473/e1_20211115_0006_0553_01/",
    "label_path": "/data/file/cubeManager/PROJECT018/91/txt20211110140005085473/e1_20211115_0006_0553_01/",
    "category": 2,
    "type": 0
  },
  "licenses": {
    "name": "Apache License 1.0",
    "url": "http://www.apache.org/licenses/LICENSE-1.0"
  },
  "info": [
    {
      "id": 158027,
      "filename": "e1_0067_0168_02.txt",
      "title": "e1_0067_0168_02",
      "mediatype": "콜센터",
      "medianame": "콜센터",
      "category": "목적대화",
      "date": "2021-11-10",
      "size": 230,
      "annotations": {
        "subject": "프로그램 문의",
        "speaker_type": "1:1",
        "size": 230,
        "word_size": 60,
        "text": "A. 반갑습니다 진정한 교육방송 #@소속# 입니다\nB. 안녕하세요 애들 영어 관련 문의 좀 할게요\nA. 네 영어 프로그램 어떤 부분 안내해드릴까요\nB. 초등생들 영단어 집중적으로 알려주는거 뭐 있나요\nA. 필수 영단어 위주라면 #@상품# 시리즈 추천드려요\nB. 아 그거 혹시 핸드폰으로도 이용될까요\nA. 네 현재 모바일 앱은 안드로이드 이용 가능합니다\nB. 다행이네요 자세한 정보 감사해요\nA. 네 감사합니다 좋은 하루 되세요",
        "lines": [
          {
            "id": 1,
            "text": "A. 반갑습니다 진정한 교육방송 #@소속# 입니다",
            "norm_text": "A. 반갑습니다 진정한 교육방송 #@소속# 입니다",
            "speaker": {
              "id": "A",
              "sex": "여성",
              "age": "1그룹(10대~20대)"
            },
            "speechAct": "인사하기",
            "morpheme": "A/SL+반갑/VA+습니다/EF+진정/XR+한/XSA+ETM+교육/NNG+방송/NNG+#/SY+@/SY+소속/NNG+#/SY+입니다/VCP+EC"
          },
          {
            "id": 2,
            "text": "B. 안녕하세요 애들 영어 관련 문의 좀 할게요",
            "norm_text": "B. 안녕하세요 애들 영어 관련 문의 좀 할게요",
            "speaker": {
              "id": "B",
              "sex": "남성",
              "age": "1그룹(10대~20대)"
            },
            "speechAct": "진술하기",
            "morpheme": "B/SL+./SY+안녕/NNG+하/XSV+세요/EP+EF+애/NNG+들/XSN+영어/NNG+관련/NNG+문/NNG+의/JKG+좀/MAG+할게요/VV+EC"
          },
          {
            "id": 3,
            "text": "A. 네 영어 프로그램 어떤 부분 안내해드릴까요",
            "norm_text": "A. 네 영어 프로그램 어떤 부분 안내해드릴까요",
            "speaker": {
              "id": "A",
              "sex": "여성",
              "age": "1그룹(10대~20대)"
            },
            "speechAct": "질문하기",
            "morpheme": "A/SL+네/IC+영어/NNG+프로그램/NNG+어떤/MM+부분/NNG+안내/NNG+해/XSV+EC+드릴까요/VX+EC"
          },
          {
            "id": 4,
            "text": "B. 초등생들 영단어 집중적으로 알려주는거 뭐 있나요",
            "norm_text": "B. 초등생들 영단어 집중적으로 알려주는거 뭐 있나요",
            "speaker": {
              "id": "B",
              "sex": "남성",
              "age": "1그룹(10대~20대)"
            },
            "speechAct": "질문하기",
            "morpheme": "B/SL+./SY+초등/NNG+생/XSN+들/XSN+영단/NNG+어/IC+집중/NNG+적/XSN+으로/JKB+알려/VV+EC+주/VX+는/ETM+거/NNB+뭐/IC+있/VA+나요/EC"
          },
          {
            "id": 5,
            "text": "A. 필수 영단어 위주라면 #@상품# 시리즈 추천드려요",
            "norm_text": "A. 필수 영단어 위주라면 #@상품# 시리즈 추천드려요",
            "speaker": {
              "id": "A",
              "sex": "여성",
              "age": "1그룹(10대~20대)"
            },
            "speechAct": "진술하기",
            "morpheme": "A/SL+필/VV+ETM+수영/NNG+단어/NNG+위주/NNG+라면/VCP+EC+#/SY+@/SY+상품/NNG+#/SY+시리즈/NNG+추천/NNG+드려요/VV+EC"
          },
          {
            "id": 6,
            "text": "B. 아 그거 혹시 핸드폰으로도 이용될까요",
            "norm_text": "B. 아 그거 혹시 핸드폰으로도 이용될까요",
            "speaker": {
              "id": "B",
              "sex": "남성",
              "age": "1그룹(10대~20대)"
            },
            "speechAct": "질문하기",
            "morpheme": "B/SL+아/IC+그거/NP+혹시/MAG+핸드폰/NNG+으로/JKB+도/JX+이용/NNG+될까요/VV+EC"
          },
          {
            "id": 7,
            "text": "A. 네 현재 모바일 앱은 안드로이드 이용 가능합니다",
            "norm_text": "A. 네 현재 모바일 앱은 안드로이드 이용 가능합니다",
            "speaker": {
              "id": "A",
              "sex": "여성",
              "age": "1그룹(10대~20대)"
            },
            "speechAct": "진술하기",
            "morpheme": "A/SL+네/IC+현재/MAG+모바일/NNP+앱/NNG+은/JX+안드로이드/NNG+이용/NNG+가능/NNG+합니다/XSV+EC"
          },
          {
            "id": 8,
            "text": "B. 다행이네요 자세한 정보 감사해요",
            "norm_text": "B. 다행이네요 자세한 정보 감사해요",
            "speaker": {
              "id": "B",
              "sex": "남성",
              "age": "1그룹(10대~20대)"
            },
            "speechAct": "감사하기",
            "morpheme": "B/SL+./SY+다행/NNG+이/VCP+네요/EF+자세/XR+한/XSA+ETM+정보/NNG+감사/NNG+해요/XSV+EC"
          },
          {
            "id": 9,
            "text": "A. 네 감사합니다 좋은 하루 되세요",
            "norm_text": "A. 네 감사합니다 좋은 하루 되세요",
            "speaker": {
              "id": "A",
              "sex": "여성",
              "age": "1그룹(10대~20대)"
            },
            "speechAct": "인사하기",
            "morpheme": "A/SL+네/IC+감사/NNG+합니다/XSV+EF+좋/VA+은/ETM+하루/NNG+되/XSV+세요/EP+EF"
          }
        ]
      }
    }
  ]
}