{
  "dataset": {
    "identifier": 139738,
    "name": "e1_20211115_0006_0281_01",
    "src_path": "/data/file/cubeManager/PROJECT018/91/txt20211110140003043593/e1_20211115_0006_0281_01/",
    "label_path": "/data/file/cubeManager/PROJECT018/91/txt20211110140003043593/e1_20211115_0006_0281_01/",
    "category": 2,
    "type": 0
  },
  "licenses": {
    "name": "Apache License 1.0",
    "url": "http://www.apache.org/licenses/LICENSE-1.0"
  },
  "info": [
    {
      "id": 157742,
      "filename": "e1_0066_0094_02.txt",
      "title": "e1_0066_0094_02",
      "mediatype": "콜센터",
      "medianame": "콜센터",
      "category": "목적대화",
      "date": "2021-11-10",
      "size": 319,
      "annotations": {
        "subject": "프로그램 문의",
        "speaker_type": "1:1",
        "size": 319,
        "word_size": 70,
        "text": "A. 최선을 다하겠습니다 #@소속# #@이름#입니다\nB. 아 네 안녕하세요 저희 아들이 수업 상담이 필요해서요\nA. 대면상담과 비대면상담중 어떤게 더 편하실까요\nB. 제가 전화도 애매하고 방문하는것도 애매해가지고요\nB. 카톡 상담같은건 따로 없을까요\nA. 카톡상담도 가능하십니다 알려드릴까요\nB. 네 카톡상담좀 알려주세요\nA. 카카오톡 친구추가에 #@소속# 검색하시면 되고요\nA. 추가하셔서 카톡상담 진행하시면 됩니다\nB. 몇시부터 몇시까지 운영하나요\nA. 10시에서 18시까지 운영한다는거 참고해주세요\nB. 음 되게 좋네요 알려주셔서 감사해요\nA. 찾아주셔서 감사합니다 #@이름# 이었습니다",
        "lines": [
          {
            "id": 1,
            "text": "A. 최선을 다하겠습니다 #@소속# #@이름#입니다",
            "norm_text": "A. 최선을 다하겠습니다 #@소속# #@이름#입니다",
            "speaker": {
              "id": "A",
              "sex": "여성",
              "age": "1그룹(10대~20대)"
            },
            "speechAct": "인사하기",
            "morpheme": "A/SL+./SY+최선/NNG+을/JKO+다/MAG+하/VV+겠/EP+습니다/EF+#/SY+@/SY+소속/NNG+#/SY+#/SY+@/SY+이름/NNG+#/SY+입니다/VCP+EC"
          },
          {
            "id": 2,
            "text": "B. 아 네 안녕하세요 저희 아들이 수업 상담이 필요해서요",
            "norm_text": "B. 아 네 안녕하세요 저희 아들이 수업 상담이 필요해서요",
            "speaker": {
              "id": "B",
              "sex": "남성",
              "age": "1그룹(10대~20대)"
            },
            "speechAct": "진술하기",
            "morpheme": "B/SL+아/IC+네/IC+안녕/NNG+하/XSV+세요/EP+EF+저희/NP+아들/NNG+이/JKS+수업/NNG+상담/NNG+이/JKS+필요/NNG+해서/XSV+EC+VCP+VCP+요/EC"
          },
          {
            "id": 3,
            "text": "A. 대면상담과 비대면상담중 어떤게 더 편하실까요",
            "norm_text": "A. 대면상담과 비대면상담중 어떤게 더 편하실까요",
            "speaker": {
              "id": "A",
              "sex": "여성",
              "age": "1그룹(10대~20대)"
            },
            "speechAct": "질문하기",
            "morpheme": "A/SL+대/VV+면/EC+상담/NNG+과/JKB+비대/VV+면/EC+상담/NNG+중/NNB+어떤/MM+게/NNB+JKS+더/MAG+편하/VA+실까요/EP+EF"
          },
          {
            "id": 4,
            "text": "B. 제가 전화도 애매하고 방문하는것도 애매해가지고요",
            "norm_text": "B. 제가 전화도 애매하고 방문하는것도 애매해가지고요",
            "speaker": {
              "id": "B",
              "sex": "남성",
              "age": "1그룹(10대~20대)"
            },
            "speechAct": "진술하기",
            "morpheme": "B/SL+제/NP+가/JKS+전화/NNG+도/JX+애매/XR+하/XSA+고/EC+방문/NNG+하/XSV+는/ETM+것/NNB+도/JX+애매/XR+해/XSA+EC+가지/VX+고요/EC"
          },
          {
            "id": 5,
            "text": "B. 카톡 상담같은건 따로 없을까요",
            "norm_text": "B. 카톡 상담같은건 따로 없을까요",
            "speaker": {
              "id": "B",
              "sex": "남성",
              "age": "1그룹(10대~20대)"
            },
            "speechAct": "질문하기",
            "morpheme": "B/SL+./SY+카톡/NNP+상담/NNG+같/VA+은/ETM+건/NNB+JX+따로/MAG+없/VA+을까요/EC"
          },
          {
            "id": 6,
            "text": "A. 카톡상담도 가능하십니다 알려드릴까요",
            "norm_text": "A. 카톡상담도 가능하십니다 알려드릴까요",
            "speaker": {
              "id": "A",
              "sex": "여성",
              "age": "1그룹(10대~20대)"
            },
            "speechAct": "진술하기",
            "morpheme": "A/SL+./SY+카톡/NNP+상담/NNG+도/JX+가능/NNG+하/XSV+십니다/EP+EF+알려/VV+EC+드릴까요/VX+EC"
          },
          {
            "id": 7,
            "text": "B. 네 카톡상담좀 알려주세요",
            "norm_text": "B. 네 카톡상담좀 알려주세요",
            "speaker": {
              "id": "B",
              "sex": "남성",
              "age": "1그룹(10대~20대)"
            },
            "speechAct": "부탁하기",
            "morpheme": "B/SL+네/IC+카톡/NNP+상담/NNG+좀/MAG+알려/VV+EC+주/VX+세요/EP+EF"
          },
          {
            "id": 8,
            "text": "A. 카카오톡 친구추가에 #@소속# 검색하시면 되고요",
            "norm_text": "A. 카카오톡 친구추가에 #@소속# 검색하시면 되고요",
            "speaker": {
              "id": "A",
              "sex": "여성",
              "age": "1그룹(10대~20대)"
            },
            "speechAct": "명령하기/요구하기",
            "morpheme": "A/SL+./SY+카카오톡/NNP+친구/NNG+추가/NNG+에/JKB+#/SY+@/SY+소속/NNG+#/SY+검색/NNG+하/XSV+시/EP+면/EC+되/VV+고요/EC"
          },
          {
            "id": 9,
            "text": "A. 추가하셔서 카톡상담 진행하시면 됩니다",
            "norm_text": "A. 추가하셔서 카톡상담 진행하시면 됩니다",
            "speaker": {
              "id": "A",
              "sex": "여성",
              "age": "1그룹(10대~20대)"
            },
            "speechAct": "명령하기/요구하기",
            "morpheme": "A/SL+./SY+추가/NNG+하/XSV+셔서/EP+EC+카톡/NNP+상담/NNG+진행/NNG+하/XSV+시/EP+면/EC+됩니다/VX+EC"
          },
          {
            "id": 10,
            "text": "B. 몇시부터 몇시까지 운영하나요",
            "norm_text": "B. 몇시부터 몇시까지 운영하나요",
            "speaker": {
              "id": "B",
              "sex": "남성",
              "age": "1그룹(10대~20대)"
            },
            "speechAct": "질문하기",
            "morpheme": "B/SL+몇/MM+시/NNBC+부터/JX+몇/MM+시/NNBC+까지/JX+운영/NNG+하/XSV+나요/EC"
          },
          {
            "id": 11,
            "text": "A. 10시에서 18시까지 운영한다는거 참고해주세요",
            "norm_text": "A. 10시에서 18시까지 운영한다는거 참고해주세요",
            "speaker": {
              "id": "A",
              "sex": "여성",
              "age": "1그룹(10대~20대)"
            },
            "speechAct": "진술하기",
            "morpheme": "A/SL+./SY+10/SN+시/NNBC+에서/JKB+18/SN+시/NNBC+까지/JX+운영/NNG+한다는/XSV+ETM+거/NNB+참고/NNG+해/XSV+EC+주/VX+세요/EP+EF"
          },
          {
            "id": 12,
            "text": "B. 음 되게 좋네요 알려주셔서 감사해요",
            "norm_text": "B. 음 되게 좋네요 알려주셔서 감사해요",
            "speaker": {
              "id": "B",
              "sex": "남성",
              "age": "1그룹(10대~20대)"
            },
            "speechAct": "감사하기",
            "morpheme": "B/SL+음/IC+되게/MAG+좋/VA+네요/EC+알려/VV+EC+주/VX+셔서/EP+EC+감사/NNG+해요/XSV+EC"
          },
          {
            "id": 13,
            "text": "A. 찾아주셔서 감사합니다 #@이름# 이었습니다",
            "norm_text": "A. 찾아주셔서 감사합니다 #@이름# 이었습니다",
            "speaker": {
              "id": "A",
              "sex": "여성",
              "age": "1그룹(10대~20대)"
            },
            "speechAct": "인사하기",
            "morpheme": "A/SL+찾/VV+아/EC+주/VX+셔서/EP+EC+감사/NNG+합니다/XSV+EF+#/SY+@/SY+이름/NNG+#/SY+이/VCP+었/EP+습니다/EF"
          }
        ]
      }
    }
  ]
}