{
  "dataset": {
    "identifier": 139769,
    "name": "e1_20211115_0006_0298_01",
    "src_path": "/data/file/cubeManager/PROJECT018/91/txt20211110140003059039/e1_20211115_0006_0298_01/",
    "label_path": "/data/file/cubeManager/PROJECT018/91/txt20211110140003059039/e1_20211115_0006_0298_01/",
    "category": 2,
    "type": 0
  },
  "licenses": {
    "name": "Apache License 1.0",
    "url": "http://www.apache.org/licenses/LICENSE-1.0"
  },
  "info": [
    {
      "id": 157759,
      "filename": "e1_0066_0111_02.txt",
      "title": "e1_0066_0111_02",
      "mediatype": "콜센터",
      "medianame": "콜센터",
      "category": "목적대화",
      "date": "2021-11-10",
      "size": 305,
      "annotations": {
        "subject": "프로그램 문의",
        "speaker_type": "1:1",
        "size": 305,
        "word_size": 64,
        "text": "A.#@소속# #@이름#입니다 무엇을 도와드릴까요\nB.네 안녕하세요 #@상품# mp3파일 다운로드 방법좀요\nA.먼저 마이노트 들어가셔서 동영상 탭 눌러주시고요\nB.네 눌렀어요 다음은 뭐 눌러요\nA.학습중인 강의 페이지 오른쪽에 있는 강의자료실 버튼 보이시나요\nB.강의자료실 하고 괄호치고 mp3포함이라고 써져있는거 맞나요\nA.네 맞습니다 그 버튼 클릭해주시면 mp3 파일 다운로드가 가능합니다\nB.네 지금 한번 해볼게요 아 네 잘되네요\nA.다행입니다 다른 문의사항 있으실까요\nB.아닙니다 없어요 도움주셔서 감사해요\nA.네 지금까지 #@이름# 이었습니다 안녕히계세요",
        "lines": [
          {
            "id": 1,
            "text": "A.#@소속# #@이름#입니다 무엇을 도와드릴까요",
            "norm_text": "A.#@소속# #@이름#입니다 무엇을 도와드릴까요",
            "speaker": {
              "id": "A",
              "sex": "여성",
              "age": "1그룹(10대~20대)"
            },
            "speechAct": "인사하기",
            "morpheme": "A/SL+./SY+#/SY+@/SY+소속/NNG+#/SY+#/SY+@/SY+이름/NNG+#/SY+입니다/VCP+EF+무엇/NP+을/JKO+도와/VV+EC+드릴까요/VX+EC"
          },
          {
            "id": 2,
            "text": "B.네 안녕하세요 #@상품# mp3파일 다운로드 방법좀요",
            "norm_text": "B.네 안녕하세요 #@상품# mp3파일 다운로드 방법좀요",
            "speaker": {
              "id": "B",
              "sex": "남성",
              "age": "1그룹(10대~20대)"
            },
            "speechAct": "명령하기/요구하기",
            "morpheme": "B/SL+네/IC+안녕/NNG+하/XSV+세요/EP+EF+#/SY+@/SY+상품/NNG+#/SY+mp/SL+3/SN+파일/NNG+다운/XSA+ETM+로드/NNG+방법/NNG+좀/MAG+요/JX"
          },
          {
            "id": 3,
            "text": "A.먼저 마이노트 들어가셔서 동영상 탭 눌러주시고요",
            "norm_text": "A.먼저 마이노트 들어가셔서 동영상 탭 눌러주시고요",
            "speaker": {
              "id": "A",
              "sex": "여성",
              "age": "1그룹(10대~20대)"
            },
            "speechAct": "명령하기/요구하기",
            "morpheme": "A/SL+먼저/MAG+마이/MAG+노트/NNG+들어가/VV+셔서/EP+EC+동영상/NNG+탭/NNG+눌러/VV+EC+주/VX+시/EP+고요/EC"
          },
          {
            "id": 4,
            "text": "B.네 눌렀어요 다음은 뭐 눌러요",
            "norm_text": "B.네 눌렀어요 다음은 뭐 눌러요",
            "speaker": {
              "id": "B",
              "sex": "남성",
              "age": "1그룹(10대~20대)"
            },
            "speechAct": "질문하기",
            "morpheme": "B/SL+네/IC+눌렀/VV+EP+어요/EF+다음/NNG+은/JX+뭐/IC+눌러요/VV+EF"
          },
          {
            "id": 5,
            "text": "A.학습중인 강의 페이지 오른쪽에 있는 강의자료실 버튼 보이시나요",
            "norm_text": "A.학습중인 강의 페이지 오른쪽에 있는 강의자료실 버튼 보이시나요",
            "speaker": {
              "id": "A",
              "sex": "여성",
              "age": "1그룹(10대~20대)"
            },
            "speechAct": "질문하기",
            "morpheme": "A/SL+./SY+학습/NNG+중/NNB+인/VCP+ETM+강의/NNG+페이지/NNG+오른쪽/NNG+에/JKB+있/VV+는/ETM+강의/NNG+자료실/NNG+버튼/NNG+보이/VV+시/EP+나요/EC"
          },
          {
            "id": 6,
            "text": "B.강의자료실 하고 괄호치고 mp3포함이라고 써져있는거 맞나요",
            "norm_text": "B.강의자료실 하고 괄호치고 mp3포함이라고 써져있는거 맞나요",
            "speaker": {
              "id": "B",
              "sex": "남성",
              "age": "1그룹(10대~20대)"
            },
            "speechAct": "질문하기",
            "morpheme": "B/SL+./SY+강의/NNG+자료실/NNG+하/XSV+고/EC+괄호/NNG+치고/JX+mp/SL+3/SN+포함/NNG+이/VCP+라고/EC+써져/VV+EC+VX+EC+있/VX+는/ETM+거/NNB+맞/VV+나요/EC"
          },
          {
            "id": 7,
            "text": "A.네 맞습니다 그 버튼 클릭해주시면 mp3 파일 다운로드가 가능합니다",
            "norm_text": "A.네 맞습니다 그 버튼 클릭해주시면 mp3 파일 다운로드가 가능합니다",
            "speaker": {
              "id": "A",
              "sex": "여성",
              "age": "1그룹(10대~20대)"
            },
            "speechAct": "진술하기",
            "morpheme": "A/SL+네/IC+맞/VV+습니다/EF+그/MM+버튼/NNG+클릭/NNG+해/XSV+EC+주/VX+시/EP+면/EC+mp/SL+3/SN+파일/NNG+다운/XSA+ETM+로드/NNG+가/JKS+가능/NNG+합니다/XSV+EC"
          },
          {
            "id": 8,
            "text": "B.네 지금 한번 해볼게요 아 네 잘되네요",
            "norm_text": "B.네 지금 한번 해볼게요 아 네 잘되네요",
            "speaker": {
              "id": "B",
              "sex": "남성",
              "age": "1그룹(10대~20대)"
            },
            "speechAct": "진술하기",
            "morpheme": "B/SL+네/IC+지금/MAG+한/MM+번/NNBC+해/VV+EC+볼게요/VX+EF+아/IC+네/IC+잘/MAG+되/VV+네요/EC"
          },
          {
            "id": 9,
            "text": "A.다행입니다 다른 문의사항 있으실까요",
            "norm_text": "A.다행입니다 다른 문의사항 있으실까요",
            "speaker": {
              "id": "A",
              "sex": "여성",
              "age": "1그룹(10대~20대)"
            },
            "speechAct": "질문하기",
            "morpheme": "A/SL+./SY+다행/NNG+입니다/VCP+EF+다른/MM+문/NNG+의/JKG+사항/NNG+있/VV+으실까/EP+EP+EF+요/MM"
          },
          {
            "id": 10,
            "text": "B.아닙니다 없어요 도움주셔서 감사해요",
            "norm_text": "B.아닙니다 없어요 도움주셔서 감사해요",
            "speaker": {
              "id": "B",
              "sex": "남성",
              "age": "1그룹(10대~20대)"
            },
            "speechAct": "감사하기",
            "morpheme": "B/SL+아닙니다/VCN+EF+없/VA+어요/EF+도움/NNG+주/VV+셔서/EP+EC+감사/NNG+해요/XSV+EC"
          },
          {
            "id": 11,
            "text": "A.네 지금까지 #@이름# 이었습니다 안녕히계세요",
            "norm_text": "A.네 지금까지 #@이름# 이었습니다 안녕히계세요1",
            "speaker": {
              "id": "A",
              "sex": "여성",
              "age": "1그룹(10대~20대)"
            },
            "speechAct": "인사하기",
            "morpheme": "A/SL+네/IC+지금/NNG+까지/JX+#/SY+@/SY+이름/NNG+#/SY+이/VCP+었/EP+습니다/EF+안녕히/MAG+계세요/VV+EC"
          }
        ]
      }
    }
  ]
}