{
  "dataset": {
    "identifier": 139801,
    "name": "e1_20211115_0006_0319_01",
    "src_path": "/data/file/cubeManager/PROJECT018/91/txt20211110140003076656/e1_20211115_0006_0319_01/",
    "label_path": "/data/file/cubeManager/PROJECT018/91/txt20211110140003076656/e1_20211115_0006_0319_01/",
    "category": 2,
    "type": 0
  },
  "licenses": {
    "name": "Apache License 1.0",
    "url": "http://www.apache.org/licenses/LICENSE-1.0"
  },
  "info": [
    {
      "id": 157779,
      "filename": "e1_0066_0131_02.txt",
      "title": "e1_0066_0131_02",
      "mediatype": "콜센터",
      "medianame": "콜센터",
      "category": "목적대화",
      "date": "2021-11-10",
      "size": 253,
      "annotations": {
        "subject": "프로그램 문의",
        "speaker_type": "1:1",
        "size": 253,
        "word_size": 58,
        "text": "A. 기분좋은 하루시작 #@소속# 상담원 #@이름#입니다\nB. 제가 직장인이라 야간밖에 시간이 안되가지고요\nB. 검정고시 야간반은 요일이 어떻게 되는지 궁금합니다\nA. 검정고시 야간반은 월요일부터 목요일까지 주 4일로 진행됩니다\nB. 시간은 몇시부터 몇시까지인가요\nA. 7시부터 9시 또는 10시까지 수업이 진행됩니다\nB. 넵 알겠습니다 알려주셔서 감사해요\nA. 네 다른 문의는 없으실까요\nB. 아 네 따로 없어요 수고하세요\nA. 안녕히계세요 상담원 #@이름#이였습니다",
        "lines": [
          {
            "id": 1,
            "text": "A. 기분좋은 하루시작 #@소속# 상담원 #@이름#입니다",
            "norm_text": "A. 기분좋은 하루시작 #@소속# 상담원 #@이름#입니다",
            "speaker": {
              "id": "A",
              "sex": "여성",
              "age": "1그룹(10대~20대)"
            },
            "speechAct": "인사하기",
            "morpheme": "A/SL+./SY+기분/NNG+좋/VA+은/ETM+하루/NNG+시작/NNG+#/SY+@/SY+소속/NNG+#/SY+상담원/NNG+#/SY+@/SY+이름/NNG+#/SY+입니다/VCP+EC"
          },
          {
            "id": 2,
            "text": "B. 제가 직장인이라 야간밖에 시간이 안되가지고요",
            "norm_text": "B. 제가 직장인이라 야간밖에 시간이 안되가지고요",
            "speaker": {
              "id": "B",
              "sex": "남성",
              "age": "1그룹(10대~20대)"
            },
            "speechAct": "진술하기",
            "morpheme": "B/SL+제/NP+가/JKS+직장인/NNG+이/VCP+라/EC+야간/NNG+밖에/JX+시간/NNG+이/JKS+안/MAG+되/VV+EC+가지/VX+고요/EC"
          },
          {
            "id": 3,
            "text": "B. 검정고시 야간반은 요일이 어떻게 되는지 궁금합니다",
            "norm_text": "B. 검정고시 야간반은 요일이 어떻게 되는지 궁금합니다",
            "speaker": {
              "id": "B",
              "sex": "남성",
              "age": "1그룹(10대~20대)"
            },
            "speechAct": "질문하기",
            "morpheme": "B/SL+./SY+검정고시/NNG+야간/NNG+반/NNG+은/JX+요일/NNG+이/JKS+어떻게/MAG+되/VV+는지/EC+궁금/XR+합니다/XSA+EC"
          },
          {
            "id": 4,
            "text": "A. 검정고시 야간반은 월요일부터 목요일까지 주 4일로 진행됩니다",
            "norm_text": "A. 검정고시 야간반은 월요일부터 목요일까지 주 4일로 진행됩니다",
            "speaker": {
              "id": "A",
              "sex": "여성",
              "age": "1그룹(10대~20대)"
            },
            "speechAct": "진술하기",
            "morpheme": "A/SL+./SY+검정고시/NNG+야간/NNG+반/NNG+은/JX+월요일/NNG+부터/JX+목요일/NNG+까지/JX+주/NNG+4/SN+일/NNBC+로/JKB+진행/NNG+됩니다/XSV+EC"
          },
          {
            "id": 5,
            "text": "B. 시간은 몇시부터 몇시까지인가요",
            "norm_text": "B. 시간은 몇시부터 몇시까지인가요",
            "speaker": {
              "id": "B",
              "sex": "남성",
              "age": "1그룹(10대~20대)"
            },
            "speechAct": "질문하기",
            "morpheme": "B/SL+./SY+시간/NNG+은/JX+몇/MM+시/NNBC+부터/JX+몇/MM+시/NNBC+까지/JX+인가요/VCP+EC"
          },
          {
            "id": 6,
            "text": "A. 7시부터 9시 또는 10시까지 수업이 진행됩니다",
            "norm_text": "A. 7시부터 9시 또는 10시까지 수업이 진행됩니다",
            "speaker": {
              "id": "A",
              "sex": "여성",
              "age": "1그룹(10대~20대)"
            },
            "speechAct": "진술하기",
            "morpheme": "A/SL+./SY+7/SN+시/NNBC+부터/JX+9/SN+시/NNBC+또는/MAJ+10/SN+시/NNBC+까지/JX+수업/NNG+이/JKS+진행/NNG+됩니다/XSV+EC"
          },
          {
            "id": 7,
            "text": "B. 넵 알겠습니다 알려주셔서 감사해요",
            "norm_text": "B. 넵 알겠습니다 알려주셔서 감사해요",
            "speaker": {
              "id": "B",
              "sex": "남성",
              "age": "1그룹(10대~20대)"
            },
            "speechAct": "감사하기",
            "morpheme": "B/SL+./SY+넵/NNG+알/VV+겠/EP+습니다/EF+알려/VV+EC+주/VX+셔서/EP+EC+감사/NNG+해요/XSV+EC"
          },
          {
            "id": 8,
            "text": "A. 네 다른 문의는 없으실까요",
            "norm_text": "A. 네 다른 문의는 없으실까요",
            "speaker": {
              "id": "A",
              "sex": "여성",
              "age": "1그룹(10대~20대)"
            },
            "speechAct": "질문하기",
            "morpheme": "A/SL+네/IC+다른/MM+문의/NNG+는/JX+없/VA+으실까/EP+EP+EF+요/MM"
          },
          {
            "id": 9,
            "text": "B. 아 네 따로 없어요 수고하세요",
            "norm_text": "B. 아 네 따로 없어요 수고하세요",
            "speaker": {
              "id": "B",
              "sex": "남성",
              "age": "1그룹(10대~20대)"
            },
            "speechAct": "인사하기",
            "morpheme": "B/SL+아/IC+네/IC+따로/MAG+없/VA+어요/EF+수고/NNG+하/XSV+세요/EP+EF"
          },
          {
            "id": 10,
            "text": "A. 안녕히계세요 상담원 #@이름#이였습니다",
            "norm_text": "A. 안녕히계세요 상담원 #@이름#이였습니다",
            "speaker": {
              "id": "A",
              "sex": "여성",
              "age": "1그룹(10대~20대)"
            },
            "speechAct": "인사하기",
            "morpheme": "A/SL+안녕히/MAG+계세요/VV+EC+상담원/NNG+#/SY+@/SY+이름/NNG+#/SY+이/VCP+였/EP+습니다/EF"
          }
        ]
      }
    }
  ]
}