{
  "dataset": {
    "identifier": 141017,
    "name": "e1_20211115_0006_0674_01",
    "src_path": "/data/file/cubeManager/PROJECT018/91/txt20211110140010096214/e1_20211115_0006_0674_01/",
    "label_path": "/data/file/cubeManager/PROJECT018/91/txt20211110140010096214/e1_20211115_0006_0674_01/",
    "category": 2,
    "type": 0
  },
  "licenses": {
    "name": "Apache License 1.0",
    "url": "http://www.apache.org/licenses/LICENSE-1.0"
  },
  "info": [
    {
      "id": 158651,
      "filename": "e1_0070_0052_02.txt",
      "title": "e1_0070_0052_02",
      "mediatype": "콜센터",
      "medianame": "콜센터",
      "category": "목적대화",
      "date": "2021-11-10",
      "size": 338,
      "annotations": {
        "subject": "프로그램 문의",
        "speaker_type": "1:1",
        "size": 338,
        "word_size": 82,
        "text": "A. 전화주셔서 감사합니다 #@소속# 상담사 #@이름# 입니다\nB. 안녕하세요 #@소속# 이용하고 있는데 궁금한 게 있어서요\nA. 네 고객님 무엇을 도와드릴까요\nB. 제가 모의고사 신청을 했는데요\nB. 모의고사 신청내역을 어디서 확인할 수 있을까요\nA. 고객님 모의고사 신청내역은 #@소속# 사이트에서 확인하실 수 있고요\nB. 네 사이트 접속하고 있는데 지금 알려주세요\nA. 나의 강의실에 들어가시고 결제 내역을 클릭하시면 확인 가능하세요\nB. 결제 내역이요 아 잠시만요 찾아볼게요\nA. 네 결제 내역에서 확인하시면 됩니다\nB. 여기 있네요 찾았어요 감사합니다\nA. 네 좋은 하루 되세요 #@소속# 상담사 #@이름#이었습니다",
        "lines": [
          {
            "id": 1,
            "text": "A. 전화주셔서 감사합니다 #@소속# 상담사 #@이름# 입니다",
            "norm_text": "A. 전화주셔서 감사합니다 #@소속# 상담사 #@이름# 입니다",
            "speaker": {
              "id": "A",
              "sex": "여성",
              "age": "2그룹(30대~40대)"
            },
            "speechAct": "인사하기",
            "morpheme": "A/SL+./SY+전화/NNG+주/VV+셔서/EP+EC+감사/NNG+합니다/XSV+EF+#/SY+@/SY+소속/NNG+#/SY+상담/NNG+사/NNG+#/SY+@/SY+이름/NNG+#/SY+입니다/VCP+EC"
          },
          {
            "id": 2,
            "text": "B. 안녕하세요 #@소속# 이용하고 있는데 궁금한 게 있어서요",
            "norm_text": "B. 안녕하세요 #@소속# 이용하고 있는데 궁금한 게 있어서요",
            "speaker": {
              "id": "B",
              "sex": "남성",
              "age": "2그룹(30대~40대)"
            },
            "speechAct": "진술하기",
            "morpheme": "B/SL+./SY+안녕/NNG+하/XSV+세요/EP+EF+#/SY+@/SY+소속/NNG+#/SY+이용/NNG+하/XSV+고/EC+있/VX+는데/EC+궁금/XR+한/XSA+ETM+게/NNB+JKS+있/VA+어서요/EC"
          },
          {
            "id": 3,
            "text": "A. 네 고객님 무엇을 도와드릴까요",
            "norm_text": "A. 네 고객님 무엇을 도와드릴까요",
            "speaker": {
              "id": "A",
              "sex": "여성",
              "age": "2그룹(30대~40대)"
            },
            "speechAct": "질문하기",
            "morpheme": "A/SL+네/IC+고객/NNG+님/XSN+무엇/NP+을/JKO+도와/VV+EC+드릴까요/VX+EC"
          },
          {
            "id": 4,
            "text": "B. 제가 모의고사 신청을 했는데요",
            "norm_text": "B. 제가 모의고사 신청을 했는데요",
            "speaker": {
              "id": "B",
              "sex": "남성",
              "age": "2그룹(30대~40대)"
            },
            "speechAct": "진술하기",
            "morpheme": "B/SL+제/NP+가/JKS+모의고사/NNG+신청/NNG+을/JKO+했/VV+EP+는데요/EC"
          },
          {
            "id": 5,
            "text": "B. 모의고사 신청내역을 어디서 확인할 수 있을까요",
            "norm_text": "B. 모의고사 신청내역을 어디서 확인할 수 있을까요",
            "speaker": {
              "id": "B",
              "sex": "남성",
              "age": "2그룹(30대~40대)"
            },
            "speechAct": "질문하기",
            "morpheme": "B/SL+./SY+모의고사/NNG+신청/NNG+내역/NNG+을/JKO+어디/NP+서/JKB+확인/NNG+할/XSV+ETM+수/NNB+있/VV+을까요/EC"
          },
          {
            "id": 6,
            "text": "A. 고객님 모의고사 신청내역은 #@소속# 사이트에서 확인하실 수 있고요",
            "norm_text": "A. 고객님 모의고사 신청내역은 #@소속# 사이트에서 확인하실 수 있고요",
            "speaker": {
              "id": "A",
              "sex": "여성",
              "age": "2그룹(30대~40대)"
            },
            "speechAct": "진술하기",
            "morpheme": "A/SL+./SY+고객/NNG+님/XSN+모의고사/NNG+신청/NNG+내역/NNG+은/JX+#/SY+@/SY+소속/NNG+#/SY+사이트/NNG+에서/JKB+확인/NNG+하/XSV+실/EP+ETM+수/NNB+있/VV+고요/EC"
          },
          {
            "id": 7,
            "text": "B. 네 사이트 접속하고 있는데 지금 알려주세요",
            "norm_text": "B. 네 사이트 접속하고 있는데 지금 알려주세요",
            "speaker": {
              "id": "B",
              "sex": "남성",
              "age": "2그룹(30대~40대)"
            },
            "speechAct": "명령하기/요구하기",
            "morpheme": "B/SL+네/IC+사이트/NNG+접속/NNG+하/XSV+고/EC+있/VX+는데/EC+지금/MAG+알려/VV+EC+주/VX+세요/EP+EF"
          },
          {
            "id": 8,
            "text": "A. 나의 강의실에 들어가시고 결제 내역을 클릭하시면 확인 가능하세요",
            "norm_text": "A. 나의 강의실에 들어가시고 결제 내역을 클릭하시면 확인 가능하세요",
            "speaker": {
              "id": "A",
              "sex": "여성",
              "age": "2그룹(30대~40대)"
            },
            "speechAct": "진술하기",
            "morpheme": "A/SL+나/NP+의/JKG+강의실/NNG+에/JKB+들어가/VV+시/EP+고/EC+결제/NNG+내역/NNG+을/JKO+클릭/NNG+하/XSV+시/EP+면/EC+확인/NNG+가능/NNG+하/XSV+세요/EP+EF"
          },
          {
            "id": 9,
            "text": "B. 결제 내역이요 아 잠시만요 찾아볼게요",
            "norm_text": "B. 결제 내역이요 아 잠시만요 찾아볼게요",
            "speaker": {
              "id": "B",
              "sex": "남성",
              "age": "2그룹(30대~40대)"
            },
            "speechAct": "진술하기",
            "morpheme": "B/SL+./SY+결제/NNG+내역/NNG+이/JKS+요아/NNP+잠시/NNG+만/JX+요/JX+찾아볼/VV+ETM+게요/NNB+VCP+EC"
          },
          {
            "id": 10,
            "text": "A. 네 결제 내역에서 확인하시면 됩니다",
            "norm_text": "A. 네 결제 내역에서 확인하시면 됩니다",
            "speaker": {
              "id": "A",
              "sex": "여성",
              "age": "2그룹(30대~40대)"
            },
            "speechAct": "진술하기",
            "morpheme": "A/SL+네/IC+결제/NNG+내역/NNG+에서/JKB+확인/NNG+하/XSV+시/EP+면/EC+됩니다/VX+EC"
          },
          {
            "id": 11,
            "text": "B. 여기 있네요 찾았어요 감사합니다",
            "norm_text": "B. 여기 있네요 찾았어요 감사합니다",
            "speaker": {
              "id": "B",
              "sex": "남성",
              "age": "2그룹(30대~40대)"
            },
            "speechAct": "감사하기",
            "morpheme": "B/SL+여기/NP+있/VA+네요/EC+찾/VV+았/EP+어요/EF+감사/NNG+합니다/XSV+EC"
          },
          {
            "id": 12,
            "text": "A. 네 좋은 하루 되세요 #@소속# 상담사 #@이름#이었습니다",
            "norm_text": "A. 네 좋은 하루 되세요 #@소속# 상담사 #@이름#이었습니다",
            "speaker": {
              "id": "A",
              "sex": "여성",
              "age": "2그룹(30대~40대)"
            },
            "speechAct": "인사하기",
            "morpheme": "A/SL+네/IC+좋/VA+은/ETM+하루/NNG+되/XSV+세요/EP+EF+#/SY+@/SY+소속/NNG+#/SY+상담/NNG+사/NNG+#/SY+@/SY+이름/NNG+#/SY+이/VCP+었/EP+습니다/EF"
          }
        ]
      }
    }
  ]
}