{
  "dataset": {
    "identifier": 140482,
    "name": "e1_20211115_0006_0548_01",
    "src_path": "/data/file/cubeManager/PROJECT018/91/txt20211110140005081818/e1_20211115_0006_0548_01/",
    "label_path": "/data/file/cubeManager/PROJECT018/91/txt20211110140005081818/e1_20211115_0006_0548_01/",
    "category": 2,
    "type": 0
  },
  "licenses": {
    "name": "Apache License 1.0",
    "url": "http://www.apache.org/licenses/LICENSE-1.0"
  },
  "info": [
    {
      "id": 158022,
      "filename": "e1_0067_0163_02.txt",
      "title": "e1_0067_0163_02",
      "mediatype": "콜센터",
      "medianame": "콜센터",
      "category": "목적대화",
      "date": "2021-11-10",
      "size": 335,
      "annotations": {
        "subject": "프로그램 문의",
        "speaker_type": "1:1",
        "size": 335,
        "word_size": 83,
        "text": "A. 안녕하세요 교육의 중심 #@소속# 상담원 #@이름#입니다\nB. 안녕하세요 저 방송 궁금한게 좀 있어서요\nA. 네 어떤 부분 안내해드릴까요\nB. 요즘 그 초등학생들 2학기 강좌 방영중이잖아요\nB. 3학년 애들은 국영수사과 다 있는건가요\nA. 네 3학년부터 국영수사과 수업 전부 진행됩니다\nB. 혹시 기본 과목 말고는 더 뭐 없나요\nA. 창의체험 프로그램 편성되어있습니다\nB. 아 그건 방영 시간대가 어떻게 되나요\nA. 오전 9시50분부터 10시 20분까지 #@상품# 있구요\nA. 11시반부터 12시까지 #@상품# 방영됩니다\nB. 잘 알겠어요 상세한 답변 감사합니다\nA. 네 좋은 하루 되세요 상담원 #@이름#이였습니다",
        "lines": [
          {
            "id": 1,
            "text": "A. 안녕하세요 교육의 중심 #@소속# 상담원 #@이름#입니다",
            "norm_text": "A. 안녕하세요 교육의 중심 #@소속# 상담원 #@이름#입니다",
            "speaker": {
              "id": "A",
              "sex": "여성",
              "age": "1그룹(10대~20대)"
            },
            "speechAct": "인사하기",
            "morpheme": "A/SL+./SY+안녕/NNG+하/XSV+세요/EP+EF+교육/NNG+의/JKG+중심/NNG+#/SY+@/SY+소속/NNG+#/SY+상담원/NNG+#/SY+@/SY+이름/NNG+#/SY+입니다/VCP+EC"
          },
          {
            "id": 2,
            "text": "B. 안녕하세요 저 방송 궁금한게 좀 있어서요",
            "norm_text": "B. 안녕하세요 저 방송 궁금한게 좀 있어서요 ",
            "speaker": {
              "id": "B",
              "sex": "남성",
              "age": "1그룹(10대~20대)"
            },
            "speechAct": "진술하기",
            "morpheme": "B/SL+./SY+안녕/NNG+하/XSV+세요/EP+EF+저/MM+방송/NNG+궁금/XR+한/XSA+ETM+게/NNB+JKS+좀/MAG+있/VA+어서요/EC"
          },
          {
            "id": 3,
            "text": "A. 네 어떤 부분 안내해드릴까요",
            "norm_text": "A. 네 어떤 부분 안내해드릴까요",
            "speaker": {
              "id": "A",
              "sex": "여성",
              "age": "1그룹(10대~20대)"
            },
            "speechAct": "질문하기",
            "morpheme": "A/SL+네/IC+어떤/MM+부분/NNG+안내/NNG+해/XSV+EC+드릴까요/VX+EC"
          },
          {
            "id": 4,
            "text": "B. 요즘 그 초등학생들 2학기 강좌 방영중이잖아요",
            "norm_text": "B. 요즘 그 초등학생들 2학기 강좌 방영중이잖아요",
            "speaker": {
              "id": "B",
              "sex": "남성",
              "age": "1그룹(10대~20대)"
            },
            "speechAct": "진술하기",
            "morpheme": "B/SL+요즘/MAG+그/MM+초등학생/NNG+들/XSN+2/SN+학기/NNG+강좌/NNG+방영/NNG+중/NNB+이/VCP+잖아요/EC"
          },
          {
            "id": 5,
            "text": "B. 3학년 애들은 국영수사과 다 있는건가요",
            "norm_text": "B. 3학년 애들은 국영수사과 다 있는건가요",
            "speaker": {
              "id": "B",
              "sex": "남성",
              "age": "1그룹(10대~20대)"
            },
            "speechAct": "질문하기",
            "morpheme": "B/SL+./SY+3/SN+학년/NNG+애/NNG+들/XSN+은/JX+국영/NNG+수사/NNG+과다/NNG+있/VA+는/ETM+건가요/NNB+VCP+EC"
          },
          {
            "id": 6,
            "text": "A. 네 3학년부터 국영수사과 수업 전부 진행됩니다",
            "norm_text": "A. 네 3학년부터 국영수사과 수업 전부 진행됩니다",
            "speaker": {
              "id": "A",
              "sex": "여성",
              "age": "1그룹(10대~20대)"
            },
            "speechAct": "진술하기",
            "morpheme": "A/SL+네/MM+3/SN+학년/NNG+부터/JX+국영/NNG+수사/NNG+과/JC+수업/NNG+전부/NNG+진행/NNG+됩니다/XSV+EC"
          },
          {
            "id": 7,
            "text": "B. 혹시 기본 과목 말고는 더 뭐 없나요",
            "norm_text": "B. 혹시 기본 과목 말고는 더 뭐 없나요",
            "speaker": {
              "id": "B",
              "sex": "남성",
              "age": "1그룹(10대~20대)"
            },
            "speechAct": "질문하기",
            "morpheme": "B/SL+혹시/MAG+기본/NNG+과목/NNG+말/VV+고/EC+는/JX+더/MAG+뭐/IC+없/VA+나요/EC"
          },
          {
            "id": 8,
            "text": "A. 창의체험 프로그램 편성되어있습니다",
            "norm_text": "A. 창의체험 프로그램 편성되어있습니다",
            "speaker": {
              "id": "A",
              "sex": "여성",
              "age": "1그룹(10대~20대)"
            },
            "speechAct": "진술하기",
            "morpheme": "A/SL+./SY+창의/NNG+체험/NNG+프로그램/NNG+편성/NNG+되/XSV+어/EC+있/VX+습니다/EF"
          },
          {
            "id": 9,
            "text": "B. 아 그건 방영 시간대가 어떻게 되나요",
            "norm_text": "B. 아 그건 방영 시간대가 어떻게 되나요",
            "speaker": {
              "id": "B",
              "sex": "남성",
              "age": "1그룹(10대~20대)"
            },
            "speechAct": "질문하기",
            "morpheme": "B/SL+아/IC+그건/NP+JX+방영/NNG+시간대/NNG+가/JKS+어떻게/MAG+되/VV+나요/EC"
          },
          {
            "id": 10,
            "text": "A. 오전 9시50분부터 10시 20분까지 #@상품# 있구요",
            "norm_text": "A. 오전 9시50분부터 10시 20분까지 #@상품# 있구요",
            "speaker": {
              "id": "A",
              "sex": "여성",
              "age": "1그룹(10대~20대)"
            },
            "speechAct": "진술하기",
            "morpheme": "A/SL+./SY+오전/NNG+9/SN+시/NNBC+50/SN+분/NNBC+부터/JX+10/SN+시/NNBC+20/SN+분/NNBC+까지/JX+#/SY+@/SY+상품/NNG+#/SY+있/VA+구요/EF"
          },
          {
            "id": 11,
            "text": "A. 11시반부터 12시까지 #@상품# 방영됩니다",
            "norm_text": "A. 11시반부터 12시까지 #@상품# 방영됩니다",
            "speaker": {
              "id": "A",
              "sex": "여성",
              "age": "1그룹(10대~20대)"
            },
            "speechAct": "진술하기",
            "morpheme": "A/SL+./SY+11/SN+시/NNBC+반/NNG+부터/JX+12/SN+시/NNBC+까지/JX+#/SY+@/SY+상품/NNG+#/SY+방영/NNG+됩니다/XSV+EC"
          },
          {
            "id": 12,
            "text": "B. 잘 알겠어요 상세한 답변 감사합니다",
            "norm_text": "B. 잘 알겠어요 상세한 답변 감사합니다",
            "speaker": {
              "id": "B",
              "sex": "남성",
              "age": "1그룹(10대~20대)"
            },
            "speechAct": "감사하기",
            "morpheme": "B/SL+잘/MAG+알/VV+겠/EP+어요/EF+상세/XR+한/XSA+ETM+답변/NNG+감사/NNG+합니다/XSV+EC"
          },
          {
            "id": 13,
            "text": "A. 네 좋은 하루 되세요 상담원 #@이름#이였습니다",
            "norm_text": "A. 네 좋은 하루 되세요 상담원 #@이름#이였습니다",
            "speaker": {
              "id": "A",
              "sex": "여성",
              "age": "1그룹(10대~20대)"
            },
            "speechAct": "인사하기",
            "morpheme": "A/SL+네/IC+좋/VA+은/ETM+하루/NNG+되/XSV+세요/EP+EF+상담원/NNG+#/SY+@/SY+이름/NNG+#/SY+이/VCP+였/EP+습니다/EF"
          }
        ]
      }
    }
  ]
}