{
  "dataset": {
    "identifier": 140970,
    "name": "e1_20211115_0006_0628_01",
    "src_path": "/data/file/cubeManager/PROJECT018/91/txt20211110140009019871/e1_20211115_0006_0628_01/",
    "label_path": "/data/file/cubeManager/PROJECT018/91/txt20211110140009019871/e1_20211115_0006_0628_01/",
    "category": 2,
    "type": 0
  },
  "licenses": {
    "name": "Apache License 1.0",
    "url": "http://www.apache.org/licenses/LICENSE-1.0"
  },
  "info": [
    {
      "id": 158407,
      "filename": "e1_0069_0050_02.txt",
      "title": "e1_0069_0050_02",
      "mediatype": "콜센터",
      "medianame": "콜센터",
      "category": "목적대화",
      "date": "2021-11-10",
      "size": 348,
      "annotations": {
        "subject": "프로그램 문의",
        "speaker_type": "1:1",
        "size": 348,
        "word_size": 76,
        "text": "A.기분 좋은 아침입니다 #@소속# 상담원 #@이름#입니다\nB.예비 중 1인데 학생부 평가 프로그램은 언제 사용하나요\nA.#@상품# 회원이신거죠\nB.예 #@상품# 회원이예요\nA.원래는 학생부 평가 프로그램 이용권을 기간 내 사용하셔야 하는데요\nA.다만 고객님처럼 예비 중1이시면 학생부가 없으시잖아요\nA.그래서 추후 이용 가능한 단품 1매를 별도 지급합니다\nB.그러면 그거는 언제까지 사용해야 하나요\nA.단품으로 지급되는 이용권은 별도 유효기간이 없으셔서요\nA.언제든 자유롭게 이용 가능하니 참고 부탁 드립니다\nB.네 감사합니다 잘 알겠어요\nA.네 혹시 더 궁금한 게 있으신가요\nB.아니요 이제 없어요\nA.감사합니다 #@소속# #@이름#이었습니다",
        "lines": [
          {
            "id": 1,
            "text": "A.기분 좋은 아침입니다 #@소속# 상담원 #@이름#입니다",
            "norm_text": "A.기분 좋은 아침입니다 #@소속# 상담원 #@이름#입니다",
            "speaker": {
              "id": "A",
              "sex": "여성",
              "age": "2그룹(30대~40대)"
            },
            "speechAct": "인사하기",
            "morpheme": "A/SL+./SY+기분/NNG+좋/VA+은/ETM+아침/NNG+입니다/VCP+EF+#/SY+@/SY+소속/NNG+#/SY+상담원/NNG+#/SY+@/SY+이름/NNG+#/SY+입니다/VCP+EC"
          },
          {
            "id": 2,
            "text": "B.예비 중 1인데 학생부 평가 프로그램은 언제 사용하나요",
            "norm_text": "B.예비 중 1인데 학생부 평가 프로그램은 언제 사용하나요",
            "speaker": {
              "id": "B",
              "sex": "남성",
              "age": "2그룹(30대~40대)"
            },
            "speechAct": "질문하기",
            "morpheme": "B/SL+./SY+예비/NNG+중/NNB+1/SN+인데/VCP+EC+학생/NNG+부평/NNG+가프/NNG+로/JKB+그램/NNG+은/JX+언제/MAG+사용/NNG+하/XSV+나요/EC"
          },
          {
            "id": 3,
            "text": "A.#@상품# 회원이신거죠",
            "norm_text": "A.#@상품# 회원이신거죠",
            "speaker": {
              "id": "A",
              "sex": "여성",
              "age": "2그룹(30대~40대)"
            },
            "speechAct": "질문하기",
            "morpheme": "A/SL+./SY+#/SY+@/SY+상품/NNG+#/SY+회원/NNG+이/VCP+신/EP+ETM+거/NNB+죠/VCP+EC"
          },
          {
            "id": 4,
            "text": "B.예 #@상품# 회원이예요",
            "norm_text": "B.예 #@상품# 회원이예요",
            "speaker": {
              "id": "B",
              "sex": "남성",
              "age": "2그룹(30대~40대)"
            },
            "speechAct": "진술하기",
            "morpheme": "B/SL+예/IC+#/SY+@/SY+상품/NNG+#/SY+회원/NNG+이/VCP+예요/EC"
          },
          {
            "id": 5,
            "text": "A.원래는 학생부 평가 프로그램 이용권을 기간 내 사용하셔야 하는데요",
            "norm_text": "A.원래는 학생부 평가 프로그램 이용권을 기간 내 사용하셔야 하는데요",
            "speaker": {
              "id": "A",
              "sex": "여성",
              "age": "2그룹(30대~40대)"
            },
            "speechAct": "진술하기",
            "morpheme": "A/SL+원래/MAG+는/JX+학생/NNG+부평/NNG+가프/NNG+로/JKB+그램/NNG+이용/NNG+권/XSN+을/JKO+기간/NNG+내/NNB+사용/NNG+하/XSV+셔야/EP+EC+하/VV+는데요/EC"
          },
          {
            "id": 6,
            "text": "A.다만 고객님처럼 예비 중1이시면 학생부가 없으시잖아요",
            "norm_text": "A.다만 고객님처럼 예비 중1이시면 학생부가 없으시잖아요",
            "speaker": {
              "id": "A",
              "sex": "여성",
              "age": "2그룹(30대~40대)"
            },
            "speechAct": "진술하기",
            "morpheme": "A/SL+다만/MAJ+고객/NNG+님/XSN+처럼/JKB+예비/NNG+중/NNB+1/SN+이/VCP+시/EP+면/EC+학생/NNG+부/NNG+가/JKS+없/VA+으시/EP+잖아요/EC"
          },
          {
            "id": 7,
            "text": "A.그래서 추후 이용 가능한 단품 1매를 별도 지급합니다",
            "norm_text": "A.그래서 추후 이용 가능한 단품 1매를 별도 지급합니다",
            "speaker": {
              "id": "A",
              "sex": "여성",
              "age": "2그룹(30대~40대)"
            },
            "speechAct": "진술하기",
            "morpheme": "A/SL+그래서/MAJ+추후/NNG+이용/NNG+가능/NNG+한단/XSV+ETM+품/NNG+1/SN+매/NNBC+를/JKO+별도/NNG+지급/NNG+합니다/XSV+EC"
          },
          {
            "id": 8,
            "text": "B.그러면 그거는 언제까지 사용해야 하나요",
            "norm_text": "B.그러면 그거는 언제까지 사용해야 하나요",
            "speaker": {
              "id": "B",
              "sex": "남성",
              "age": "2그룹(30대~40대)"
            },
            "speechAct": "질문하기",
            "morpheme": "B/SL+그러면/MAJ+그거/NP+는/JX+언제/NP+까지/JX+사용/NNG+해야/XSV+EC+하/VV+나요/EC"
          },
          {
            "id": 9,
            "text": "A.단품으로 지급되는 이용권은 별도 유효기간이 없으셔서요",
            "norm_text": "A.단품으로 지급되는 이용권은 별도 유효기간이 없으셔서요",
            "speaker": {
              "id": "A",
              "sex": "여성",
              "age": "2그룹(30대~40대)"
            },
            "speechAct": "진술하기",
            "morpheme": "A/SL+단/MM+품/NNG+으로/JKB+지급/NNG+되/XSV+는/ETM+이용/NNG+권/XSN+은/JX+별도/NNG+유효/NNG+기간/NNG+이/JKS+없/VA+으셔서/EP+EC+요/JX"
          },
          {
            "id": 10,
            "text": "A.언제든 자유롭게 이용 가능하니 참고 부탁 드립니다",
            "norm_text": "A.언제든 자유롭게 이용 가능하니 참고 부탁 드립니다",
            "speaker": {
              "id": "A",
              "sex": "여성",
              "age": "2그룹(30대~40대)"
            },
            "speechAct": "부탁하기",
            "morpheme": "A/SL+언제/NP+든/VCP+EC+자유/NNG+롭/XSA+게/EC+이용/NNG+가능/NNG+하/XSV+니/EC+참/VV+고/EC+부탁드립니다/VV+EC"
          },
          {
            "id": 11,
            "text": "B.네 감사합니다 잘 알겠어요",
            "norm_text": "B.네 감사합니다 잘 알겠어요",
            "speaker": {
              "id": "B",
              "sex": "남성",
              "age": "2그룹(30대~40대)"
            },
            "speechAct": "감사하기",
            "morpheme": "B/SL+네/IC+감사/NNG+합니다/XSV+EF+잘/MAG+알/VV+겠/EP+어요/EF"
          },
          {
            "id": 12,
            "text": "A.네 혹시 더 궁금한 게 있으신가요",
            "norm_text": "A.네 혹시 더 궁금한 게 있으신가요",
            "speaker": {
              "id": "A",
              "sex": "여성",
              "age": "2그룹(30대~40대)"
            },
            "speechAct": "질문하기",
            "morpheme": "A/SL+네/IC+혹시/MAG+더/MAG+궁금/XR+한/XSA+ETM+게/NNB+JKS+있/VA+으신/EP+ETM+가요/NNG"
          },
          {
            "id": 13,
            "text": "B.아니요 이제 없어요",
            "norm_text": "B.아니요 이제 없어요",
            "speaker": {
              "id": "B",
              "sex": "남성",
              "age": "2그룹(30대~40대)"
            },
            "speechAct": "진술하기",
            "morpheme": "B/SL+아니요/IC+이제/MAG+없/VA+어요/EF"
          },
          {
            "id": 14,
            "text": "A.감사합니다 #@소속# #@이름#이었습니다",
            "norm_text": "A.감사합니다 #@소속# #@이름#이었습니다",
            "speaker": {
              "id": "A",
              "sex": "여성",
              "age": "2그룹(30대~40대)"
            },
            "speechAct": "인사하기",
            "morpheme": "A/SL+./SY+감사/NNG+합니다/XSV+EF+#/SY+@/SY+소속/NNG+#/SY+#/SY+@/SY+이름/NNG+#/SY+이/VCP+었/EP+습니다/EF"
          }
        ]
      }
    }
  ]
}