{
  "dataset": {
    "identifier": 139804,
    "name": "e1_20211115_0006_0322_01",
    "src_path": "/data/file/cubeManager/PROJECT018/91/txt20211110140003079429/e1_20211115_0006_0322_01/",
    "label_path": "/data/file/cubeManager/PROJECT018/91/txt20211110140003079429/e1_20211115_0006_0322_01/",
    "category": 2,
    "type": 0
  },
  "licenses": {
    "name": "Apache License 1.0",
    "url": "http://www.apache.org/licenses/LICENSE-1.0"
  },
  "info": [
    {
      "id": 157782,
      "filename": "e1_0066_0134_02.txt",
      "title": "e1_0066_0134_02",
      "mediatype": "콜센터",
      "medianame": "콜센터",
      "category": "목적대화",
      "date": "2021-11-10",
      "size": 327,
      "annotations": {
        "subject": "프로그램 문의",
        "speaker_type": "1:1",
        "size": 327,
        "word_size": 74,
        "text": "A. 안녕하십니까 #@소속# #@이름#입니다\nB. 저희 애가 대입을 준비하고 있어서 컨설팅이 필요할것같아요\nA. 네 저희 #@소속# 입시 컨설팅을 찾아주셔서 감사합니다\nB. #@소속# 입시컨설팅은 어떻게 진행되는지 궁금하네요\nA. 전략 컨설팅을 원하시는거라면 기초조사서를 메일로 먼저 주고받으시고요\nA. 그 다음 컨설턴트 선생님과 일정을 조율한 다음에 상담하시게 됩니다\nB. #@소속#에 입시 컨설턴트 선생님도 따로 계시나요\nA. 네 #@소속#에 따로 입시 컨설터트님이 상주하고 계십니다\nB. 아 네 알겠습니다 감사합니다\nA. 오늘 하루 좋은 일들만 가득하셨으면 좋겠습니다 #@이름# 상담원 이었습니다",
        "lines": [
          {
            "id": 1,
            "text": "A. 안녕하십니까 #@소속# #@이름#입니다",
            "norm_text": "A. 안녕하십니까 #@소속# #@이름#입니다",
            "speaker": {
              "id": "A",
              "sex": "여성",
              "age": "1그룹(10대~20대)"
            },
            "speechAct": "인사하기",
            "morpheme": "A/SL+./SY+안녕/NNG+하/XSV+십니까/EP+EF+#/SY+@/SY+소속/NNG+#/SY+#/SY+@/SY+이름/NNG+#/SY+입니다/VCP+EC"
          },
          {
            "id": 2,
            "text": "B. 저희 애가 대입을 준비하고 있어서 컨설팅이 필요할것같아요",
            "norm_text": "B. 저희 애가 대입을 준비하고 있어서 컨설팅이 필요할것같아요",
            "speaker": {
              "id": "B",
              "sex": "남성",
              "age": "1그룹(10대~20대)"
            },
            "speechAct": "진술하기",
            "morpheme": "B/SL+저희/NP+애/NNG+가/JKS+대입/NNG+을/JKO+준비/NNG+하/XSV+고/EC+있/VX+어서/EC+컨설팅/NNG+이/JKS+필요/NNG+할/XSV+ETM+것/NNB+같/VA+아요/EC"
          },
          {
            "id": 3,
            "text": "A. 네 저희 #@소속# 입시 컨설팅을 찾아주셔서 감사합니다",
            "norm_text": "A. 네 저희 #@소속# 입시 컨설팅을 찾아주셔서 감사합니다",
            "speaker": {
              "id": "A",
              "sex": "여성",
              "age": "1그룹(10대~20대)"
            },
            "speechAct": "감사하기",
            "morpheme": "A/SL+네/IC+저희/NP+#/SY+@/SY+소속/NNG+#/SY+입시/NNG+컨설팅/NNG+을/JKO+찾/VV+아/EC+주/VX+셔서/EP+EC+감사/NNG+합니다/XSV+EC"
          },
          {
            "id": 4,
            "text": "B. #@소속# 입시컨설팅은 어떻게 진행되는지 궁금하네요",
            "norm_text": "B. #@소속# 입시컨설팅은 어떻게 진행되는지 궁금하네요",
            "speaker": {
              "id": "B",
              "sex": "남성",
              "age": "1그룹(10대~20대)"
            },
            "speechAct": "질문하기",
            "morpheme": "B/SL+./SY+#/SY+@/SY+소속/NNG+#/SY+입시/NNG+컨설팅/NNG+은/JX+어떻게/MAG+진행/NNG+되/XSV+는지/EC+궁금/XR+하/XSA+네요/EC"
          },
          {
            "id": 5,
            "text": "A. 전략 컨설팅을 원하시는거라면 기초조사서를 메일로 먼저 주고받으시고요",
            "norm_text": "A.전략 컨설팅을 원하시면 기초조사서를 메일로 먼저 주고받으시고요",
            "speaker": {
              "id": "A",
              "sex": "여성",
              "age": "1그룹(10대~20대)"
            },
            "speechAct": "진술하기",
            "morpheme": "A/SL+./SY+전략/NNG+컨설팅/NNG+을/JKO+원하/VV+시/EP+면/EC+기초/NNG+조사서/NNG+를/JKO+메일/NNG+로/JKB+먼저/MAG+주고받/VV+으시/EP+고요/EC"
          },
          {
            "id": 6,
            "text": "A. 그 다음 컨설턴트 선생님과 일정을 조율한 다음에 상담하시게 됩니다",
            "norm_text": "A. 그 다음 컨설턴트 선생님과 일정을 조율한 다음에 상담하시게 됩니다",
            "speaker": {
              "id": "A",
              "sex": "여성",
              "age": "1그룹(10대~20대)"
            },
            "speechAct": "진술하기",
            "morpheme": "A/SL+그/MM+다음/NNG+컨설턴트/NNG+선생/NNG+님/XSN+과/JC+일정/NNG+을/JKO+조율/NNG+한/XSA+ETM+다음/NNG+에/JKB+상담/NNG+하/XSV+시/EP+게/EC+됩니다/VX+EC"
          },
          {
            "id": 7,
            "text": "B. #@소속#에 입시 컨설턴트 선생님도 따로 계시나요",
            "norm_text": "B. #@소속#에 입시 컨설턴트 선생님도 따로 계시나요",
            "speaker": {
              "id": "B",
              "sex": "남성",
              "age": "1그룹(10대~20대)"
            },
            "speechAct": "질문하기",
            "morpheme": "B/SL+./SY+#/SY+@/SY+소속/NNG+#/SY+에/JKB+입시/NNG+컨설턴트/NNG+선생/NNG+님/XSN+도/JX+따로/MAG+계시/VV+나요/EC"
          },
          {
            "id": 8,
            "text": "A. 네 #@소속#에 따로 입시 컨설터트님이 상주하고 계십니다",
            "norm_text": "A. 네 #@소속#에 따로 입시 컨설터트님이 상주하고 계십니다",
            "speaker": {
              "id": "A",
              "sex": "여성",
              "age": "1그룹(10대~20대)"
            },
            "speechAct": "진술하기",
            "morpheme": "A/SL+네/IC+#/SY+@/SY+소속/NNG+#/SY+에/JKB+따로/MAG+입시/NNG+컨/NNP+설/NNP+터트/NNP+님/XSN+이/JKS+상주/NNG+하/XSV+고/EC+계십니다/VX+EC"
          },
          {
            "id": 9,
            "text": "B. 아 네 알겠습니다 감사합니다",
            "norm_text": "B. 아 네 알겠습니다 감사합니다",
            "speaker": {
              "id": "B",
              "sex": "남성",
              "age": "1그룹(10대~20대)"
            },
            "speechAct": "감사하기",
            "morpheme": "B/SL+아/IC+네/IC+알/VV+겠/EP+습니다/EF+감사/NNG+합니다/XSV+EC"
          },
          {
            "id": 10,
            "text": "A. 오늘 하루 좋은 일들만 가득하셨으면 좋겠습니다 #@이름# 상담원 이었습니다",
            "norm_text": "A. 오늘도 좋은 일만 가득하시길 바래요 #@이름# 상담원 이었습니다",
            "speaker": {
              "id": "A",
              "sex": "여성",
              "age": "1그룹(10대~20대)"
            },
            "speechAct": "인사하기",
            "morpheme": "A/SL+오늘/MAG+하루/NNG+좋/VA+은/ETM+일/NNG+들/XSN+만/JX+가득/MAG+하/VV+셨/EP+EP+으면/EC+좋/VA+겠/EP+습니다/EF+#/SY+@/SY+이름/NNG+#/SY+상담원/NNG+이/VCP+었/EP+습니다/EF"
          }
        ]
      }
    }
  ]
}