{
  "dataset": {
    "identifier": 140288,
    "name": "e1_20211115_0006_0479_01",
    "src_path": "/data/file/cubeManager/PROJECT018/91/txt20211110140005035266/e1_20211115_0006_0479_01/",
    "label_path": "/data/file/cubeManager/PROJECT018/91/txt20211110140005035266/e1_20211115_0006_0479_01/",
    "category": 2,
    "type": 0
  },
  "licenses": {
    "name": "Apache License 1.0",
    "url": "http://www.apache.org/licenses/LICENSE-1.0"
  },
  "info": [
    {
      "id": 157953,
      "filename": "e1_0067_0094_02.txt",
      "title": "e1_0067_0094_02",
      "mediatype": "콜센터",
      "medianame": "콜센터",
      "category": "목적대화",
      "date": "2021-11-10",
      "size": 322,
      "annotations": {
        "subject": "프로그램 문의",
        "speaker_type": "1:1",
        "size": 322,
        "word_size": 87,
        "text": "A. 반갑습니다 20만이 선택한 #@소속# 입니다\nB. 저 반 편성 문의 좀 드리려구요\nA. 네 어떤 반 관련해서 안내 도와드릴까요\nB. 현재 저녁반이 하나가 아닌 것 같은데 맞나요\nA. 네 이론 과정반과 개념완성 과정반 두 종류 개설되있습니다\nB. 두 반의 차이점이 뭔지 알고싶은데요\nA. 이론반은 문법 이론 정리와 문제 패턴 훈련 위주구요\nA. 개념완성반은 영어 공부가 처음인 분들을 위한 기초반입니다\nB. 그럼 각 반 영역별 교수님 어떤분 계신가요\nA. 반별 교수님 관련 문의는 방문오시면 안내해드리겠습니다\nB. 알겠습니다 그럼 오늘 저녁 방문할게요\nA. 네 감사합니다 저녁에 꼭 뵙겠습니다",
        "lines": [
          {
            "id": 1,
            "text": "A. 반갑습니다 20만이 선택한 #@소속# 입니다",
            "norm_text": "A. 반갑습니다 20만이 선택한 #@소속# 입니다",
            "speaker": {
              "id": "A",
              "sex": "여성",
              "age": "1그룹(10대~20대)"
            },
            "speechAct": "인사하기",
            "morpheme": "A/SL+반갑/VA+습니다/EF+20/SN+만/NR+이/NR+선택/NNG+한/XSA+ETM+#/SY+@/SY+소속/NNG+#/SY+입니다/VCP+EC"
          },
          {
            "id": 2,
            "text": "B. 저 반 편성 문의 좀 드리려구요",
            "norm_text": "B. 저 반 편성 문의 좀 드리려구요",
            "speaker": {
              "id": "B",
              "sex": "남성",
              "age": "1그룹(10대~20대)"
            },
            "speechAct": "진술하기",
            "morpheme": "B/SL+저/MM+반편/NNG+성문/NNG+의/JKG+좀/MAG+드리/VV+려구요/EC"
          },
          {
            "id": 3,
            "text": "A. 네 어떤 반 관련해서 안내 도와드릴까요",
            "norm_text": "A. 네 어떤 반 관련해서 안내 도와드릴까요",
            "speaker": {
              "id": "A",
              "sex": "여성",
              "age": "1그룹(10대~20대)"
            },
            "speechAct": "진술하기",
            "morpheme": "A/SL+네/IC+어떤/MM+반/NNG+관련/NNG+해서/XSV+EC+안내/NNG+도와/VV+EC+드릴까요/VX+EC"
          },
          {
            "id": 4,
            "text": "B. 현재 저녁반이 하나가 아닌 것 같은데 맞나요",
            "norm_text": "B. 현재 저녁반이 하나가 아닌 것 같은데 맞나요",
            "speaker": {
              "id": "B",
              "sex": "남성",
              "age": "1그룹(10대~20대)"
            },
            "speechAct": "진술하기",
            "morpheme": "B/SL+현재/MAG+저녁/NNG+반/NNG+이/JKS+하나/NR+가/JKC+아닌/VCN+ETM+것/NNB+같/VA+은/ETM+데/NNB+맞/VV+나요/EC"
          },
          {
            "id": 5,
            "text": "A. 네 이론 과정반과 개념완성 과정반 두 종류 개설되있습니다",
            "norm_text": "A. 네 이론 과정반과 개념완성 과정반 두 종류 개설되있습니다",
            "speaker": {
              "id": "A",
              "sex": "여성",
              "age": "1그룹(10대~20대)"
            },
            "speechAct": "진술하기",
            "morpheme": "A/SL+네/IC+이론/NNG+과정/NNG+반/NNG+과/JC+개념/NNG+완성/NNG+과정/NNG+반두/NNG+종류/NNG+개설/NNG+되/XSV+EC+있/VX+습니다/EF"
          },
          {
            "id": 6,
            "text": "B. 두 반의 차이점이 뭔지 알고싶은데요",
            "norm_text": "B. 두 반의 차이점이 뭔지 알고싶은데요",
            "speaker": {
              "id": "B",
              "sex": "남성",
              "age": "1그룹(10대~20대)"
            },
            "speechAct": "진술하기",
            "morpheme": "B/SL+./SY+두반/NNG+의/JKG+차이점/NNG+이/JKS+뭔지/NP+VCP+EC+알/VV+고/EC+싶/VX+은데요/EC"
          },
          {
            "id": 7,
            "text": "A. 이론반은 문법 이론 정리와 문제 패턴 훈련 위주구요",
            "norm_text": "A. 이론반은 문법 이론 정리와 문제 패턴 훈련 위주구요",
            "speaker": {
              "id": "A",
              "sex": "여성",
              "age": "1그룹(10대~20대)"
            },
            "speechAct": "진술하기",
            "morpheme": "A/SL+./SY+이론/NNG+반/NNG+은/JX+문법/NNG+이론/NNG+정리/NNG+와/JC+문제/NNG+패턴/NNG+훈련/NNG+위주/NNG+구요/VCP+EC"
          },
          {
            "id": 8,
            "text": "A. 개념완성반은 영어 공부가 처음인 분들을 위한 기초반입니다",
            "norm_text": "A. 개념완성반은 영어 공부가 처음인 분들을 위한 기초반입니다",
            "speaker": {
              "id": "A",
              "sex": "여성",
              "age": "1그룹(10대~20대)"
            },
            "speechAct": "진술하기",
            "morpheme": "A/SL+./SY+개념/NNG+완성/NNG+반/NNG+은/JX+영어/NNG+공부/NNG+가/JKS+처음/NNG+인/VCP+ETM+분/NNB+들/XSN+을/JKO+위한/VV+ETM+기초/NNG+반/NNG+입니다/VCP+EC"
          },
          {
            "id": 9,
            "text": "B. 그럼 각 반 영역별 교수님 어떤분 계신가요",
            "norm_text": "B. 그럼 각 반 영역별 교수님 어떤분 계신가요",
            "speaker": {
              "id": "B",
              "sex": "남성",
              "age": "1그룹(10대~20대)"
            },
            "speechAct": "질문하기",
            "morpheme": "B/SL+그럼/MAJ+각반/NNG+영역/NNG+별/XSN+교수/NNG+님/XSN+어떤/MM+분/NNB+계신/VV+ETM+가요/NNG"
          },
          {
            "id": 10,
            "text": "A. 반별 교수님 관련 문의는 방문오시면 안내해드리겠습니다",
            "norm_text": "A. 반별 교수님 관련 문의는 방문오시면 안내해드리겠습니다",
            "speaker": {
              "id": "A",
              "sex": "여성",
              "age": "1그룹(10대~20대)"
            },
            "speechAct": "명령하기/요구하기",
            "morpheme": "A/SL+./SY+반별/NNG+교수/NNG+님/XSN+관련/NNG+문의/NNG+는/JX+방문/NNG+오/VV+시/EP+면/EC+안내/NNG+해/XSV+EC+드리/VX+겠/EP+습니다/EF"
          },
          {
            "id": 11,
            "text": "B. 알겠습니다 그럼 오늘 저녁 방문할게요",
            "norm_text": "B. 알겠습니다 그럼 오늘 저녁 방문할게요",
            "speaker": {
              "id": "B",
              "sex": "남성",
              "age": "1그룹(10대~20대)"
            },
            "speechAct": "약속하기(개인적 수준의 서약)",
            "morpheme": "B/SL+알/VV+겠/EP+습니다/EF+그럼/MAJ+오늘/MAG+저녁/NNG+방문/NNG+할게요/XSV+EC"
          },
          {
            "id": 12,
            "text": "A. 네 감사합니다 저녁에 꼭 뵙겠습니다",
            "norm_text": "A. 네 감사합니다 저녁에 꼭 뵙겠습니다",
            "speaker": {
              "id": "A",
              "sex": "여성",
              "age": "1그룹(10대~20대)"
            },
            "speechAct": "감사하기",
            "morpheme": "A/SL+네/IC+감사/NNG+합니다/XSV+EF+저녁/NNG+에/JKB+꼭/MAG+뵙/VV+겠/EP+습니다/EF"
          }
        ]
      }
    }
  ]
}