{
  "dataset": {
    "identifier": 140508,
    "name": "e1_20211115_0006_0561_01",
    "src_path": "/data/file/cubeManager/PROJECT018/91/txt20211110140005091783/e1_20211115_0006_0561_01/",
    "label_path": "/data/file/cubeManager/PROJECT018/91/txt20211110140005091783/e1_20211115_0006_0561_01/",
    "category": 2,
    "type": 0
  },
  "licenses": {
    "name": "Apache License 1.0",
    "url": "http://www.apache.org/licenses/LICENSE-1.0"
  },
  "info": [
    {
      "id": 158035,
      "filename": "e1_0067_0176_02.txt",
      "title": "e1_0067_0176_02",
      "mediatype": "콜센터",
      "medianame": "콜센터",
      "category": "목적대화",
      "date": "2021-11-10",
      "size": 293,
      "annotations": {
        "subject": "프로그램 문의",
        "speaker_type": "1:1",
        "size": 293,
        "word_size": 75,
        "text": "A. 안녕하세요 #@소속# 상담원 #@이름#입니다\nB. 네 저 급하게 방송 문의 좀 할게 있어서요\nA. 네 어떤 부분 안내해드릴까요\nB. 이번에 시작한 중학생 2학기 수업 프로그램요\nB. 역사 수업도 있는거 확실한가요\nA. 네 한국사 능력 검정 시험은 전학년 해당이구요\nA. 교과 역사 강좌는 2학년 3학년 편성되어있습니다\nB. 아 네 오늘 저녁에 역사 수업 있다고 해서요\nB. 정확한 시간대 좀 알려주세요\nA. 저녁7시10분부터 50분까지 40분간 방송됩니다\nB. 알겠습니다 정보 정말 감사합니다\nA. 네 감사합니다 상담원 #@이름#이였습니다",
        "lines": [
          {
            "id": 1,
            "text": "A. 안녕하세요 #@소속# 상담원 #@이름#입니다",
            "norm_text": "A. 안녕하세요 #@소속# 상담원 #@이름#입니다",
            "speaker": {
              "id": "A",
              "sex": "여성",
              "age": "1그룹(10대~20대)"
            },
            "speechAct": "인사하기",
            "morpheme": "A/SL+./SY+안녕/NNG+하/XSV+세요/EP+EF+#/SY+@/SY+소속/NNG+#/SY+상담원/NNG+#/SY+@/SY+이름/NNG+#/SY+입니다/VCP+EC"
          },
          {
            "id": 2,
            "text": "B. 네 저 급하게 방송 문의 좀 할게 있어서요",
            "norm_text": "B. 네 저 급하게 방송 문의 좀 할게 있어서요",
            "speaker": {
              "id": "B",
              "sex": "남성",
              "age": "1그룹(10대~20대)"
            },
            "speechAct": "진술하기",
            "morpheme": "B/SL+네/IC+저급/NNG+하/XSV+게/EC+방송/NNG+문/NNG+의/JKG+좀/MAG+할/VV+ETM+게/NNB+JKS+있/VA+어서요/EC"
          },
          {
            "id": 3,
            "text": "A. 네 어떤 부분 안내해드릴까요",
            "norm_text": "A. 네 어떤 부분 안내해드릴까요",
            "speaker": {
              "id": "A",
              "sex": "여성",
              "age": "1그룹(10대~20대)"
            },
            "speechAct": "질문하기",
            "morpheme": "A/SL+네/IC+어떤/MM+부분/NNG+안내/NNG+해/XSV+EC+드릴까요/VX+EC"
          },
          {
            "id": 4,
            "text": "B. 이번에 시작한 중학생 2학기 수업 프로그램요",
            "norm_text": "B. 이번에 시작한 중학생 2학기 수업 프로그램요",
            "speaker": {
              "id": "B",
              "sex": "남성",
              "age": "1그룹(10대~20대)"
            },
            "speechAct": "진술하기",
            "morpheme": "B/SL+./SY+이번/NNG+에/JKB+시작/NNG+한/XSA+ETM+중학생/NNG+2/SN+학기/NNG+수업/NNG+프로그램/NNG+요/VCP+EC"
          },
          {
            "id": 5,
            "text": "B. 역사 수업도 있는거 확실한가요",
            "norm_text": "B. 역사 수업도 있는거 확실한가요",
            "speaker": {
              "id": "B",
              "sex": "남성",
              "age": "1그룹(10대~20대)"
            },
            "speechAct": "질문하기",
            "morpheme": "B/SL+./SY+역사/NNG+수업/NNG+도/JX+있/VX+는/ETM+거/NNB+확실/XR+한/XSA+ETM+가요/NNG"
          },
          {
            "id": 6,
            "text": "A. 네 한국사 능력 검정 시험은 전학년 해당이구요",
            "norm_text": "A. 네 한국사 능력 검정 시험은 전학년 해당이구요",
            "speaker": {
              "id": "A",
              "sex": "여성",
              "age": "1그룹(10대~20대)"
            },
            "speechAct": "진술하기",
            "morpheme": "A/SL+네/IC+한국사/NNP+능력/NNG+검정/NNG+시험/NNG+은/JX+전/MM+학년/NNG+해당/NNG+이/VCP+구요/EF"
          },
          {
            "id": 7,
            "text": "A. 교과 역사 강좌는 2학년 3학년 편성되어있습니다",
            "norm_text": "A. 교과 역사 강좌는 2학년 3학년 편성되어있습니다",
            "speaker": {
              "id": "A",
              "sex": "여성",
              "age": "1그룹(10대~20대)"
            },
            "speechAct": "진술하기",
            "morpheme": "A/SL+./SY+교과/NNG+역사/NNG+강좌/NNG+는/JX+2/SN+학년/NNG+3/SN+학년/NNG+편성/NNG+되/XSV+어/EC+있/VX+습니다/EF"
          },
          {
            "id": 8,
            "text": "B. 아 네 오늘 저녁에 역사 수업 있다고 해서요",
            "norm_text": "B. 아 네 오늘 저녁에 역사 수업 있다고 해서요",
            "speaker": {
              "id": "B",
              "sex": "남성",
              "age": "1그룹(10대~20대)"
            },
            "speechAct": "진술하기",
            "morpheme": "B/SL+아/IC+네/IC+오늘/MAG+저녁/NNG+에/JKB+역사/NNG+수업/NNG+있/VV+다고/EC+해서/VX+EC+VCP+요/EC"
          },
          {
            "id": 9,
            "text": "B. 정확한 시간대 좀 알려주세요",
            "norm_text": "B. 정확한 시간대 좀 알려주세요",
            "speaker": {
              "id": "B",
              "sex": "남성",
              "age": "1그룹(10대~20대)"
            },
            "speechAct": "명령하기/요구하기",
            "morpheme": "B/SL+./SY+정확/NNG+한/XSA+ETM+시간대/NNG+좀/MAG+알려/VV+EC+주/VX+세요/EP+EF"
          },
          {
            "id": 10,
            "text": "A. 저녁7시10분부터 50분까지 40분간 방송됩니다",
            "norm_text": "A. 저녁7시10분부터 50분까지 40분간 방송됩니다",
            "speaker": {
              "id": "A",
              "sex": "여성",
              "age": "1그룹(10대~20대)"
            },
            "speechAct": "진술하기",
            "morpheme": "A/SL+./SY+저녁/NNG+7/SN+시/NNBC+10/SN+분/NNBC+부터/JX+50/SN+분/NNBC+까지/JX+40/SN+분/NNBC+간/NNG+방송/NNG+됩니다/XSV+EC"
          },
          {
            "id": 11,
            "text": "B. 알겠습니다 정보 정말 감사합니다",
            "norm_text": "B. 알겠습니다 정보 정말 감사합니다",
            "speaker": {
              "id": "B",
              "sex": "남성",
              "age": "1그룹(10대~20대)"
            },
            "speechAct": "감사하기",
            "morpheme": "B/SL+알/VV+겠/EP+습니다/EF+정보/NNG+정말/MAG+감사/NNG+합니다/XSV+EC"
          },
          {
            "id": 12,
            "text": "A. 네 감사합니다 상담원 #@이름#이였습니다",
            "norm_text": "A. 네 감사합니다 상담원 #@이름#이였습니다",
            "speaker": {
              "id": "A",
              "sex": "여성",
              "age": "1그룹(10대~20대)"
            },
            "speechAct": "인사하기",
            "morpheme": "A/SL+네/IC+감사/NNG+합니다/XSV+EF+상담원/NNG+#/SY+@/SY+이름/NNG+#/SY+이/VCP+였/EP+습니다/EF"
          }
        ]
      }
    }
  ]
}