{
  "dataset": {
    "identifier": 140469,
    "name": "e1_20211115_0006_0541_01",
    "src_path": "/data/file/cubeManager/PROJECT018/91/txt20211110140005077426/e1_20211115_0006_0541_01/",
    "label_path": "/data/file/cubeManager/PROJECT018/91/txt20211110140005077426/e1_20211115_0006_0541_01/",
    "category": 2,
    "type": 0
  },
  "licenses": {
    "name": "Apache License 1.0",
    "url": "http://www.apache.org/licenses/LICENSE-1.0"
  },
  "info": [
    {
      "id": 158015,
      "filename": "e1_0067_0156_02.txt",
      "title": "e1_0067_0156_02",
      "mediatype": "콜센터",
      "medianame": "콜센터",
      "category": "목적대화",
      "date": "2021-11-10",
      "size": 306,
      "annotations": {
        "subject": "프로그램 문의",
        "speaker_type": "1:1",
        "size": 306,
        "word_size": 76,
        "text": "A. 올바른 교육의 중심 #@소속# #@이름# 상담원 입니다\nB. 네 저 초등학생 수업 프로그램 궁금한게 있어서요\nA. 네 안녕하세요 어떤 부분 안내해드릴까요\nB. 며칠 보니까 초등학생 6학년 수업 쭉 하던데요\nB. 왜 저학년 수업은 진행을 안하나요\nA. 3학년부터 6학년까지는 #@소속# 채널 해당이시구요\nA. 1학년 2학년 강좌는 #@소속# 혹은 #@소속# 채널에서 시청됩니다\nB. 어머 죄송해요 그럼 혹시 2학년도 영어 수업 있나요\nA. 영어 강좌는 3학년부터 편성되어있습니다\nB. 좀 아쉽긴 하네요 일단 알겠습니다\nA 네 감사합니다 상담원 #@이름#이였습니다",
        "lines": [
          {
            "id": 1,
            "text": "A. 올바른 교육의 중심 #@소속# #@이름# 상담원 입니다",
            "norm_text": "A. 올바른 교육의 중심 #@소속# #@이름# 상담원 입니다",
            "speaker": {
              "id": "A",
              "sex": "여성",
              "age": "1그룹(10대~20대)"
            },
            "speechAct": "인사하기",
            "morpheme": "A/SL+올바른/VA+ETM+교육/NNG+의/JKG+중심/NNG+#/SY+@/SY+소속/NNG+#/SY+#/SY+@/SY+이름/NNG+#/SY+상담원/NNG+입니다/VCP+EC"
          },
          {
            "id": 2,
            "text": "B. 네 저 초등학생 수업 프로그램 궁금한게 있어서요",
            "norm_text": "B. 네 저 초등학생 수업 프로그램 궁금한게 있어서요",
            "speaker": {
              "id": "B",
              "sex": "남성",
              "age": "1그룹(10대~20대)"
            },
            "speechAct": "진술하기",
            "morpheme": "B/SL+네/IC+저/MM+초등학생/NNG+수업/NNG+프로그램/NNG+궁금/XR+한/XSA+ETM+게/NNB+JKS+있/VA+어서요/EC"
          },
          {
            "id": 3,
            "text": "A. 네 안녕하세요 어떤 부분 안내해드릴까요",
            "norm_text": "A. 네 안녕하세요 어떤 부분 안내해드릴까요",
            "speaker": {
              "id": "A",
              "sex": "여성",
              "age": "1그룹(10대~20대)"
            },
            "speechAct": "질문하기",
            "morpheme": "A/SL+네/IC+안녕/NNG+하/XSV+세요/EP+EF+어떤/MM+부분/NNG+안내/NNG+해/XSV+EC+드릴까요/VX+EC"
          },
          {
            "id": 4,
            "text": "B. 며칠 보니까 초등학생 6학년 수업 쭉 하던데요",
            "norm_text": "B. 며칠 보니까 초등학생 6학년 수업 쭉 하던데요",
            "speaker": {
              "id": "B",
              "sex": "남성",
              "age": "1그룹(10대~20대)"
            },
            "speechAct": "진술하기",
            "morpheme": "B/SL+./SY+며칠/NNG+보/VV+니까/EC+초등학생/NNG+6/SN+학년/NNG+수업/NNG+쭉/MAG+하/VV+던데요/EC"
          },
          {
            "id": 5,
            "text": "B. 왜 저학년 수업은 진행을 안하나요",
            "norm_text": "B. 왜 저학년 수업은 진행을 안하나요",
            "speaker": {
              "id": "B",
              "sex": "남성",
              "age": "1그룹(10대~20대)"
            },
            "speechAct": "질문하기",
            "morpheme": "B/SL+왜/MAG+저/MM+학년/NNG+수업/NNG+은/JX+진행/NNG+을/JKO+안/MAG+하/VV+나요/EC"
          },
          {
            "id": 6,
            "text": "A. 3학년부터 6학년까지는 #@소속# 채널 해당이시구요",
            "norm_text": "A. 3학년부터 6학년까지는 #@소속# 채널 해당이시구요",
            "speaker": {
              "id": "A",
              "sex": "여성",
              "age": "1그룹(10대~20대)"
            },
            "speechAct": "진술하기",
            "morpheme": "A/SL+./SY+3/SN+학년/NNG+부터/JX+6/SN+학년/NNG+까지/JX+는/JX+#/SY+@/SY+소속/NNG+#/SY+채널/NNG+해당/NNG+이/VCP+시/EP+구요/EF"
          },
          {
            "id": 7,
            "text": "A. 1학년 2학년 강좌는 #@소속# 혹은 #@소속# 채널에서 시청됩니다",
            "norm_text": "A. 1학년 2학년 강좌는 #@소속# 혹은 #@소속# 채널에서 시청됩니다",
            "speaker": {
              "id": "A",
              "sex": "여성",
              "age": "1그룹(10대~20대)"
            },
            "speechAct": "진술하기",
            "morpheme": "A/SL+./SY+1/SN+학년/NNG+2/SN+학년/NNG+강좌/NNG+는/JX+#/SY+@/SY+소속/NNG+#/SY+혹은/MAJ+#/SY+@/SY+소속/NNG+#/SY+채널/NNG+에서/JKB+시청/NNG+됩니다/XSV+EC"
          },
          {
            "id": 8,
            "text": "B. 어머 죄송해요 그럼 혹시 2학년도 영어 수업 있나요",
            "norm_text": "B. 어머 죄송해요 그럼 혹시 2학년도 영어 수업 있나요",
            "speaker": {
              "id": "B",
              "sex": "남성",
              "age": "1그룹(10대~20대)"
            },
            "speechAct": "질문하기",
            "morpheme": "B/SL+어머/IC+죄송/XR+해요/XSA+EF+그럼/MAJ+혹시/MAG+2/SN+학년도/NNG+영어/NNG+수업/NNG+있/VV+나요/EC"
          },
          {
            "id": 9,
            "text": "A. 영어 강좌는 3학년부터 편성되어있습니다",
            "norm_text": "A. 영어 강좌는 3학년부터 편성되어있습니다",
            "speaker": {
              "id": "A",
              "sex": "여성",
              "age": "1그룹(10대~20대)"
            },
            "speechAct": "진술하기",
            "morpheme": "A/SL+./SY+영어/NNG+강좌/NNG+는/JX+3/SN+학년/NNG+부터/JX+편성/NNG+되/XSV+어/EC+있/VX+습니다/EF"
          },
          {
            "id": 10,
            "text": "B. 좀 아쉽긴 하네요 일단 알겠습니다",
            "norm_text": "B. 좀 아쉽긴 하네요 일단 알겠습니다",
            "speaker": {
              "id": "B",
              "sex": "남성",
              "age": "1그룹(10대~20대)"
            },
            "speechAct": "약속하기(개인적 수준의 서약)",
            "morpheme": "B/SL+좀/MAG+아쉽/VA+긴/ETN+JX+하/VX+네요/EF+일단/MAG+알/VV+겠/EP+습니다/EF"
          },
          {
            "id": 11,
            "text": "A 네 감사합니다 상담원 #@이름#이였습니다",
            "norm_text": "A 네 감사합니다 상담원 #@이름#이였습니다",
            "speaker": {
              "id": "A",
              "sex": "여성",
              "age": "1그룹(10대~20대)"
            },
            "speechAct": "인사하기",
            "morpheme": "A/SL+네/XSN+감사/NNG+합니다/XSV+EF+상담원/NNG+#/SY+@/SY+이름/NNG+#/SY+이/VCP+였/EP+습니다/EF"
          }
        ]
      }
    }
  ]
}