{
  "dataset": {
    "identifier": 141059,
    "name": "e1_20211115_0006_0716_01",
    "src_path": "/data/file/cubeManager/PROJECT018/91/txt20211110140013049861/e1_20211115_0006_0716_01/",
    "label_path": "/data/file/cubeManager/PROJECT018/91/txt20211110140013049861/e1_20211115_0006_0716_01/",
    "category": 2,
    "type": 0
  },
  "licenses": {
    "name": "Apache License 1.0",
    "url": "http://www.apache.org/licenses/LICENSE-1.0"
  },
  "info": [
    {
      "id": 158962,
      "filename": "e1_0071_0158_02.txt",
      "title": "e1_0071_0158_02",
      "mediatype": "콜센터",
      "medianame": "콜센터",
      "category": "목적대화",
      "date": "2021-11-10",
      "size": 306,
      "annotations": {
        "subject": "프로그램 문의",
        "speaker_type": "1:1",
        "size": 306,
        "word_size": 71,
        "text": "A.친절히 모시겠습니다 #@소속# #@이름# 입니다\nB.즐겨찾기한 강좌가 있는데요 해제는 어디서 하나요\nA.즐겨찾기 강좌를 클릭하면 즐겨찾기 한 강좌 확인이 가능하신데요\nB.네 지금 즐겨찾기 강좌 찾았거든요 여기서 잘모르겠어요\nA.강좌 선택 하시고 선택강좌 즐겨찾기 해제를 클릭하면 원상 복구가 가능합니다\nB.즐겨찾기 해제가 어디에 있죠\nA.강좌 아랫부분에 보시면 바로 확인 가능 하십니다\nB.아 여기 있네요 바로 밑에 있는걸 못 찾았네요\nA.네 고객님 다른 문의사항은 더 없으실까요\nB.네 없어요 수고하세요\nA.네 따뜻한 저녁 보내세요 상담원 #@이름# 이었습니다",
        "lines": [
          {
            "id": 1,
            "text": "A.친절히 모시겠습니다 #@소속# #@이름# 입니다",
            "norm_text": "A.친절히 모시겠습니다 #@소속# #@이름# 입니다",
            "speaker": {
              "id": "A",
              "sex": "여성",
              "age": "2그룹(30대~40대)"
            },
            "speechAct": "인사하기",
            "morpheme": "A/SL+친절히/MAG+모시/VV+겠/EP+습니다/EF+#/SY+@/SY+소속/NNG+#/SY+#/SY+@/SY+이름/NNG+#/SY+입니다/VCP+EC"
          },
          {
            "id": 2,
            "text": "B.즐겨찾기한 강좌가 있는데요 해제는 어디서 하나요",
            "norm_text": "B.즐겨찾기한 강좌가 있는데요 해제는 어디서 하나요",
            "speaker": {
              "id": "B",
              "sex": "남성",
              "age": "2그룹(30대~40대)"
            },
            "speechAct": "질문하기",
            "morpheme": "B/SL+./SY+즐겨찾기/NNG+한/XSA+ETM+강좌/NNG+가/JKS+있/VA+는데요/EC+해제/NNG+는/JX+어디/NP+서/JKB+하나/NR+요/VCP+EC"
          },
          {
            "id": 3,
            "text": "A.즐겨찾기 강좌를 클릭하면 즐겨찾기 한 강좌 확인이 가능하신데요",
            "norm_text": "A.즐겨찾기 강좌를 클릭하면 즐겨찾기 한 강좌 확인이 가능하신데요",
            "speaker": {
              "id": "A",
              "sex": "여성",
              "age": "2그룹(30대~40대)"
            },
            "speechAct": "진술하기",
            "morpheme": "A/SL+./SY+즐겨찾기/NNG+강좌/NNG+를/JKO+클릭/NNG+하/XSV+면/EC+즐겨찾기/NNG+한/XSA+ETM+강좌/NNG+확인/NNG+이/JKS+가능/NNG+하/XSV+신데요/EP+EC"
          },
          {
            "id": 4,
            "text": "B.네 지금 즐겨찾기 강좌 찾았거든요 여기서 잘모르겠어요",
            "norm_text": "B.네 지금 즐겨찾기 강좌 찾았거든요 여기서 잘모르겠어요",
            "speaker": {
              "id": "B",
              "sex": "남성",
              "age": "2그룹(30대~40대)"
            },
            "speechAct": "진술하기",
            "morpheme": "B/SL+네/IC+지금/MAG+즐겨찾기/NNG+강좌/NNG+찾/VV+았/EP+거든요/EF+여기/NP+서/JKB+잘/MAG+모르/VV+겠/EP+어요/EF"
          },
          {
            "id": 5,
            "text": "A.강좌 선택 하시고 선택강좌 즐겨찾기 해제를 클릭하면 원상 복구가 가능합니다",
            "norm_text": "A.강좌 선택 하시고 선택강좌 즐겨찾기 해제를 클릭하면 원상 복구가 가능합니다",
            "speaker": {
              "id": "A",
              "sex": "여성",
              "age": "2그룹(30대~40대)"
            },
            "speechAct": "진술하기",
            "morpheme": "A/SL+./SY+강좌/NNG+선택/NNG+하/XSV+시/EP+고/EC+선택/NNG+강좌/NNG+즐겨찾기/NNG+해제/NNG+를/JKO+클릭/NNG+하/XSV+면/EC+원상/NNG+복구/NNG+가/JKS+가능/NNG+합니다/XSV+EC"
          },
          {
            "id": 6,
            "text": "B.즐겨찾기 해제가 어디에 있죠",
            "norm_text": "B.즐겨찾기 해제가 어디에 있죠",
            "speaker": {
              "id": "B",
              "sex": "남성",
              "age": "2그룹(30대~40대)"
            },
            "speechAct": "질문하기",
            "morpheme": "B/SL+./SY+즐겨찾기/NNG+해제/NNG+가/JKS+어디/NP+에/JKB+있/VV+죠/EC"
          },
          {
            "id": 7,
            "text": "A.강좌 아랫부분에 보시면 바로 확인 가능 하십니다",
            "norm_text": "A.강좌 아랫부분에 보시면 바로 확인 가능 하십니다",
            "speaker": {
              "id": "A",
              "sex": "여성",
              "age": "2그룹(30대~40대)"
            },
            "speechAct": "진술하기",
            "morpheme": "A/SL+./SY+강좌/NNG+아랫부분/NNG+에/JKB+보/VV+시/EP+면/EC+바로/MAG+확인/NNG+가능/NNG+하/XSV+십니다/EP+EC"
          },
          {
            "id": 8,
            "text": "B.아 여기 있네요 바로 밑에 있는걸 못 찾았네요",
            "norm_text": "B.아 여기 있네요 바로 밑에 있는걸 못 찾았네요",
            "speaker": {
              "id": "B",
              "sex": "남성",
              "age": "2그룹(30대~40대)"
            },
            "speechAct": "진술하기",
            "morpheme": "B/SL+아/IC+여기/NP+있/VA+네요/EF+바로/MAG+밑/NNG+에/JKB+있/VV+는/ETM+걸/NNB+JKO+못/MAG+찾/VV+았/EP+네요/EC"
          },
          {
            "id": 9,
            "text": "A.네 고객님 다른 문의사항은 더 없으실까요",
            "norm_text": "A.네 고객님 다른 문의사항은 더 없으실까요",
            "speaker": {
              "id": "A",
              "sex": "여성",
              "age": "2그룹(30대~40대)"
            },
            "speechAct": "질문하기",
            "morpheme": "A/SL+네/IC+고객/NNG+님/XSN+다른/MM+문/NNG+의/JKG+사항/NNG+은/JX+더/MAG+없/VA+으실까/EP+EP+EF+요/MM"
          },
          {
            "id": 10,
            "text": "B.네 없어요 수고하세요",
            "norm_text": "B.네 없어요 수고하세요",
            "speaker": {
              "id": "B",
              "sex": "남성",
              "age": "2그룹(30대~40대)"
            },
            "speechAct": "인사하기",
            "morpheme": "B/SL+네/IC+없/VA+어요/EF+수고/NNG+하/XSV+세요/EP+EF"
          },
          {
            "id": 11,
            "text": "A.네 따뜻한 저녁 보내세요 상담원 #@이름# 이었습니다",
            "norm_text": "A.네 따뜻한 저녁 보내세요 상담원 #@이름# 이었습니다",
            "speaker": {
              "id": "A",
              "sex": "여성",
              "age": "2그룹(30대~40대)"
            },
            "speechAct": "인사하기",
            "morpheme": "A/SL+네/IC+따뜻/XR+한/XSA+ETM+저녁/NNG+보내/VV+세요/EP+EF+상담원/NNG+#/SY+@/SY+이름/NNG+#/SY+이/VCP+었/EP+습니다/EF"
          }
        ]
      }
    }
  ]
}