{
  "dataset": {
    "identifier": 140274,
    "name": "e1_20211115_0006_0476_01",
    "src_path": "/data/file/cubeManager/PROJECT018/91/txt20211110140005032726/e1_20211115_0006_0476_01/",
    "label_path": "/data/file/cubeManager/PROJECT018/91/txt20211110140005032726/e1_20211115_0006_0476_01/",
    "category": 2,
    "type": 0
  },
  "licenses": {
    "name": "Apache License 1.0",
    "url": "http://www.apache.org/licenses/LICENSE-1.0"
  },
  "info": [
    {
      "id": 157950,
      "filename": "e1_0067_0091_02.txt",
      "title": "e1_0067_0091_02",
      "mediatype": "콜센터",
      "medianame": "콜센터",
      "category": "목적대화",
      "date": "2021-11-10",
      "size": 290,
      "annotations": {
        "subject": "프로그램 문의",
        "speaker_type": "1:1",
        "size": 290,
        "word_size": 81,
        "text": "A. 안녕하세요 #@소속# 입니다\nB. 네 저 커리큘럼 문의 좀 할게요\nA. 네 어느 수업 커리큘럼 궁금하실까요\nB. 아 저 영어 수학 둘 다 들어볼까하는데요\nB. 우선 영어 현재 진도 과정 알 수 있을까요\nA. 영어의 경우 현재 이론과정 진행중입니다\nB. 그럼 혹시 다음달은 이론수업 없는건가요\nA. 아닙니다 중간 신규 등록생 위해 추가 개강 예정이에요\nB. 다행이네요 수학 적분은 아직 시작 안한거죠\nA. 네 맞습니다 적분 과정은 다음달 진도 나갈겁니다\nB. 알겠습니다 상세한 답변 감사해요\nA. 등록하시고 좋은 성적 얻으시길 바랄게요",
        "lines": [
          {
            "id": 1,
            "text": "A. 안녕하세요 #@소속# 입니다",
            "norm_text": "A. 안녕하세요 #@소속# 입니다",
            "speaker": {
              "id": "A",
              "sex": "여성",
              "age": "1그룹(10대~20대)"
            },
            "speechAct": "인사하기",
            "morpheme": "A/SL+./SY+안녕/NNG+하/XSV+세요/EP+EF+#/SY+@/SY+소속/NNG+#/SY+입니다/VCP+EC"
          },
          {
            "id": 2,
            "text": "B. 네 저 커리큘럼 문의 좀 할게요",
            "norm_text": "B. 네 저 커리큘럼 문의 좀 할게요",
            "speaker": {
              "id": "B",
              "sex": "남성",
              "age": "1그룹(10대~20대)"
            },
            "speechAct": "진술하기",
            "morpheme": "B/SL+네/IC+저/MM+커리큘럼/NNG+문/NNG+의/JKG+좀/MAG+할게요/VV+EC"
          },
          {
            "id": 3,
            "text": "A. 네 어느 수업 커리큘럼 궁금하실까요",
            "norm_text": "A. 네 어느 수업 커리큘럼 궁금하실까요",
            "speaker": {
              "id": "A",
              "sex": "여성",
              "age": "1그룹(10대~20대)"
            },
            "speechAct": "질문하기",
            "morpheme": "A/SL+네/IC+어느/MM+수업/NNG+커리큘럼/NNG+궁금/XR+하/XSA+실까요/EP+EF"
          },
          {
            "id": 4,
            "text": "B. 아 저 영어 수학 둘 다 들어볼까하는데요",
            "norm_text": "B. 아 저 영어 수학 둘 다 들어볼까하는데요",
            "speaker": {
              "id": "B",
              "sex": "남성",
              "age": "1그룹(10대~20대)"
            },
            "speechAct": "진술하기",
            "morpheme": "B/SL+아/IC+저/MM+영어/NNG+수학/NNG+둘/NR+다/MAG+들/VV+어/EC+볼까/VX+EC+하/VV+는데요/EC"
          },
          {
            "id": 5,
            "text": "B. 우선 영어 현재 진도 과정 알 수 있을까요",
            "norm_text": "B. 우선 영어 현재 진도 과정 알 수 있을까요",
            "speaker": {
              "id": "B",
              "sex": "남성",
              "age": "1그룹(10대~20대)"
            },
            "speechAct": "질문하기",
            "morpheme": "B/SL+우선/MAG+영어/NNG+현재/MAG+진도/NNG+과정/NNG+알/VV+ETM+수/NNB+있/VV+을까요/EC"
          },
          {
            "id": 6,
            "text": "A. 영어의 경우 현재 이론과정 진행중입니다",
            "norm_text": "A. 영어의 경우 현재 이론과정 진행중입니다",
            "speaker": {
              "id": "A",
              "sex": "여성",
              "age": "1그룹(10대~20대)"
            },
            "speechAct": "진술하기",
            "morpheme": "A/SL+./SY+영어/NNG+의/JKG+경우/NNG+현재/MAG+이론/NNG+과정/NNG+진행/NNG+중/NNB+입니다/VCP+EC"
          },
          {
            "id": 7,
            "text": "B. 그럼 혹시 다음달은 이론수업 없는건가요",
            "norm_text": "B. 그럼 혹시 다음달은 이론수업 없는건가요",
            "speaker": {
              "id": "B",
              "sex": "남성",
              "age": "1그룹(10대~20대)"
            },
            "speechAct": "질문하기",
            "morpheme": "B/SL+그럼/MAJ+혹시/MAG+다음/NNG+달/NNG+은/JX+이론/NNG+수업/NNG+없/VA+는/ETM+건가요/NNB+VCP+EC"
          },
          {
            "id": 8,
            "text": "A. 아닙니다 중간 신규 등록생 위해 추가 개강 예정이에요",
            "norm_text": "A. 아닙니다 중간 신규 등록생 위해 추가 개강 예정이에요",
            "speaker": {
              "id": "A",
              "sex": "여성",
              "age": "1그룹(10대~20대)"
            },
            "speechAct": "진술하기",
            "morpheme": "A/SL+아닙니다/VCN+EC+중간/NNG+신규/NNG+등록/NNG+생/XSN+위해/VV+EC+추가/NNG+개강/NNG+예정/NNG+이/VCP+에요/EF"
          },
          {
            "id": 9,
            "text": "B. 다행이네요 수학 적분은 아직 시작 안한거죠",
            "norm_text": "B. 다행이네요 수학 적분은 아직 시작 안한거죠",
            "speaker": {
              "id": "B",
              "sex": "남성",
              "age": "1그룹(10대~20대)"
            },
            "speechAct": "질문하기",
            "morpheme": "B/SL+./SY+다행/NNG+이/VCP+네요/EF+수학/NNG+적/XSN+분/NNB+은/JX+아직/MAG+시작/NNG+안/MAG+한/VV+ETM+거/NNB+죠/VCP+EC"
          },
          {
            "id": 10,
            "text": "A. 네 맞습니다 적분 과정은 다음달 진도 나갈겁니다",
            "norm_text": "A. 네 맞습니다 적분 과정은 다음달 진도 나갈겁니다",
            "speaker": {
              "id": "A",
              "sex": "여성",
              "age": "1그룹(10대~20대)"
            },
            "speechAct": "진술하기",
            "morpheme": "A/SL+네/IC+맞/VV+습니다/EF+적분/NNG+과정/NNG+은/JX+다음/NNG+달/NNG+진도/NNG+나갈/VV+ETM+겁니다/NNB+VCP+EC"
          },
          {
            "id": 11,
            "text": "B. 알겠습니다 상세한 답변 감사해요",
            "norm_text": "B. 알겠습니다 상세한 답변 감사해요",
            "speaker": {
              "id": "B",
              "sex": "남성",
              "age": "1그룹(10대~20대)"
            },
            "speechAct": "감사하기",
            "morpheme": "B/SL+알/VV+겠/EP+습니다/EF+상세/XR+한/XSA+ETM+답변/NNG+감사/NNG+해요/XSV+EC"
          },
          {
            "id": 12,
            "text": "A. 등록하시고 좋은 성적 얻으시길 바랄게요",
            "norm_text": "A. 등록하시고 좋은 성적 얻으시길 바랄게요",
            "speaker": {
              "id": "A",
              "sex": "여성",
              "age": "1그룹(10대~20대)"
            },
            "speechAct": "감사하기",
            "morpheme": "A/SL+./SY+등록/NNG+하/XSV+시/EP+고/EC+좋/VA+은/ETM+성적/NNG+얻/VV+으시/EP+길/ETN+JKO+바랄/VV+ETM+게요/NNB+VCP+EC"
          }
        ]
      }
    }
  ]
}