{
  "dataset": {
    "identifier": 140580,
    "name": "e1_20211115_0006_0590_01",
    "src_path": "/data/file/cubeManager/PROJECT018/91/txt20211110140006087669/e1_20211115_0006_0590_01/",
    "label_path": "/data/file/cubeManager/PROJECT018/91/txt20211110140006087669/e1_20211115_0006_0590_01/",
    "category": 2,
    "type": 0
  },
  "licenses": {
    "name": "Apache License 1.0",
    "url": "http://www.apache.org/licenses/LICENSE-1.0"
  },
  "info": [
    {
      "id": 158142,
      "filename": "e1_0068_0070_02.txt",
      "title": "e1_0068_0070_02",
      "mediatype": "콜센터",
      "medianame": "콜센터",
      "category": "목적대화",
      "date": "2021-11-10",
      "size": 354,
      "annotations": {
        "subject": "프로그램 문의",
        "speaker_type": "1:1",
        "size": 354,
        "word_size": 86,
        "text": "A.최상의 강사진이 함께 하는 #@소속# #@이름# 상담원 입니다\nB.이번에 애들 9평 치룬거 점수별 등급을 알아 보고 싶은데요\nB.아이 점수 불러 주면 몇 등급인지 알 수 있나 해서요\nA.#@소속# 홈페이지 접속 하시면 실시간 등급컷 확인 가능 하세요\nB.잠시만요 홈페이지 어디요\nA.#@소속# 홈페이지에 #@상품# 6만원 할인 이벤트 바로 밑에 있어요\nB.찾았어요 근데 일이등급 점수만 나와 있네요\nA.검정색 박스에 실시간 등급컷 밑에 더보기 한번 클릭해 보세요\nB.찾았어요 다 나와 있네요 감사합니다\nA.고객님 혹시 다른 문의 사항 있으신가요\nB.아니에요 찾던 걸 찾았어요 그럼 수고하세요\nA.감사합니다 고객님 #@소속# 상담원 #@이름# 였습니다",
        "lines": [
          {
            "id": 1,
            "text": "A.최상의 강사진이 함께 하는 #@소속# #@이름# 상담원 입니다",
            "norm_text": "A.최상의 강사진이 함께 하는 #@소속# #@이름# 상담원 입니다",
            "speaker": {
              "id": "A",
              "sex": "여성",
              "age": "1그룹(10대~20대)"
            },
            "speechAct": "인사하기",
            "morpheme": "A/SL+./SY+최상/NNG+의/JKG+강사진/NNG+이/JKS+함께/MAG+하/VV+는/ETM+#/SY+@/SY+소속/NNG+#/SY+#/SY+@/SY+이름/NNG+#/SY+상담원/NNG+입니다/VCP+EC"
          },
          {
            "id": 2,
            "text": "B.이번에 애들 9평 치룬거 점수별 등급을 알아 보고 싶은데요",
            "norm_text": "B.이번에 애들 9평 치룬거 점수별 등급을 알아 보고 싶은데요",
            "speaker": {
              "id": "B",
              "sex": "남성",
              "age": "1그룹(10대~20대)"
            },
            "speechAct": "진술하기",
            "morpheme": "B/SL+./SY+이번/NNG+에/JKB+애/NNG+들/XSN+9/SN+평/NNBC+치룬/VV+ETM+거/NNB+점수/NNG+별/XSN+등급/NNG+을/JKO+알아보/VV+고/EC+싶/VX+은데요/EC"
          },
          {
            "id": 3,
            "text": "B.아이 점수 불러 주면 몇 등급인지 알 수 있나 해서요",
            "norm_text": "B.아이 점수 불러 주면 몇 등급인지 알 수 있나 해서요",
            "speaker": {
              "id": "B",
              "sex": "남성",
              "age": "1그룹(10대~20대)"
            },
            "speechAct": "진술하기",
            "morpheme": "B/SL+아이/IC+점수/NNG+불러/VV+EC+주/VX+면/EC+몇/MM+등급/NNG+인지/VCP+EC+알/VV+ETM+수/NNB+있/VV+나/EC+해서/VX+EC+VCP+요/EC"
          },
          {
            "id": 4,
            "text": "A.#@소속# 홈페이지 접속 하시면 실시간 등급컷 확인 가능 하세요",
            "norm_text": "A.#@소속# 홈페이지 접속 하시면 실시간 등급컷 확인 가능 하세요",
            "speaker": {
              "id": "A",
              "sex": "여성",
              "age": "1그룹(10대~20대)"
            },
            "speechAct": "진술하기",
            "morpheme": "A/SL+./SY+#/SY+@/SY+소속/NNG+#/SY+홈페이지/NNG+접속/NNG+하/XSV+시/EP+면/EC+실시간/NNG+등급/NNG+컷/NNG+확인/NNG+가능/NNG+하/XSV+세요/EP+EF"
          },
          {
            "id": 5,
            "text": "B.잠시만요 홈페이지 어디요",
            "norm_text": "B.잠시만요 홈페이지 어디요",
            "speaker": {
              "id": "B",
              "sex": "남성",
              "age": "1그룹(10대~20대)"
            },
            "speechAct": "질문하기",
            "morpheme": "B/SL+잠시/MAG+만요/NNP+홈페이지/NNG+어디/NP+요/JX"
          },
          {
            "id": 6,
            "text": "A.#@소속# 홈페이지에 #@상품# 6만원 할인 이벤트 바로 밑에 있어요",
            "norm_text": "A.#@소속# 홈페이지에 #@상품# 6만원 할인 이벤트 바로 밑에 있어요",
            "speaker": {
              "id": "A",
              "sex": "여성",
              "age": "1그룹(10대~20대)"
            },
            "speechAct": "진술하기",
            "morpheme": "A/SL+./SY+#/SY+@/SY+소속/NNG+#/SY+홈페이지/NNG+에/JKB+#/SY+@/SY+상품/NNG+#/SY+6/SN+만/NR+원/NNBC+할인/NNG+이벤트/NNG+바로/MAG+밑/NNG+에/JKB+있/VV+어요/EF"
          },
          {
            "id": 7,
            "text": "B.찾았어요 근데 일이등급 점수만 나와 있네요",
            "norm_text": "B.찾았어요 근데 일이등급 점수만 나와 있네요",
            "speaker": {
              "id": "B",
              "sex": "남성",
              "age": "1그룹(10대~20대)"
            },
            "speechAct": "반박하기",
            "morpheme": "B/SL+찾/VV+았/EP+어요/EF+근데/MAJ+일/NNG+이/JKS+등급/NNG+점수/NNG+만/JX+나와/VV+EC+있/VX+네요/EC"
          },
          {
            "id": 8,
            "text": "A.검정색 박스에 실시간 등급컷 밑에 더보기 한번 클릭해 보세요",
            "norm_text": "A.검정색 박스에 실시간 등급컷 밑에 더보기 한번 클릭해 보세요",
            "speaker": {
              "id": "A",
              "sex": "여성",
              "age": "1그룹(10대~20대)"
            },
            "speechAct": "명령하기/요구하기",
            "morpheme": "A/SL+./SY+검정/NNG+색/NNG+박스/NNG+에/JKB+실시간/NNG+등급/NNG+컷/NNG+밑/NNG+에/JKB+더/MAG+보/VV+기/ETN+한/MM+번/NNBC+클릭/NNG+해/XSV+EC+보/VX+세요/EP+EF"
          },
          {
            "id": 9,
            "text": "B.찾았어요 다 나와 있네요 감사합니다",
            "norm_text": "B.찾았어요 다 나와 있네요 감사합니다",
            "speaker": {
              "id": "B",
              "sex": "남성",
              "age": "1그룹(10대~20대)"
            },
            "speechAct": "감사하기",
            "morpheme": "B/SL+찾/VV+았/EP+어요/EF+다/MAG+나와/VV+EC+있/VX+네요/EF+감사/NNG+합니다/XSV+EC"
          },
          {
            "id": 10,
            "text": "A.고객님 혹시 다른 문의 사항 있으신가요",
            "norm_text": "A.고객님 혹시 다른 문의 사항 있으신가요",
            "speaker": {
              "id": "A",
              "sex": "여성",
              "age": "1그룹(10대~20대)"
            },
            "speechAct": "질문하기",
            "morpheme": "A/SL+./SY+고객/NNG+님/XSN+혹시/MAG+다른/MM+문/NNG+의/JKG+사항/NNG+있/VV+으신/EP+ETM+가요/NNG"
          },
          {
            "id": 11,
            "text": "B.아니에요 찾던 걸 찾았어요 그럼 수고하세요",
            "norm_text": "B.아니에요 찾던 걸 찾았어요 그럼 수고하세요",
            "speaker": {
              "id": "B",
              "sex": "남성",
              "age": "1그룹(10대~20대)"
            },
            "speechAct": "인사하기",
            "morpheme": "B/SL+아니/VCN+에요/EF+찾/VV+던/ETM+걸/NNB+JKO+찾/VV+았/EP+어요/EF+그럼/MAJ+수고/NNG+하/XSV+세요/EP+EF"
          },
          {
            "id": 12,
            "text": "A.감사합니다 고객님 #@소속# 상담원 #@이름# 였습니다",
            "norm_text": "A.감사합니다 고객님 #@소속# 상담원 #@이름# 였습니다",
            "speaker": {
              "id": "A",
              "sex": "여성",
              "age": "1그룹(10대~20대)"
            },
            "speechAct": "인사하기",
            "morpheme": "A/SL+./SY+감사/NNG+합니다/XSV+EC+VCP+고/EC+객님/NNG+#/SY+@/SY+소속/NNG+#/SY+상담원/NNG+#/SY+@/SY+이름/NNG+#/SY+였/VCP+EP+습니다/EF"
          }
        ]
      }
    }
  ]
}