{
  "dataset": {
    "identifier": 140323,
    "name": "e1_20211115_0006_0486_01",
    "src_path": "/data/file/cubeManager/PROJECT018/91/txt202111101400050410103/e1_20211115_0006_0486_01/",
    "label_path": "/data/file/cubeManager/PROJECT018/91/txt202111101400050410103/e1_20211115_0006_0486_01/",
    "category": 2,
    "type": 0
  },
  "licenses": {
    "name": "Apache License 1.0",
    "url": "http://www.apache.org/licenses/LICENSE-1.0"
  },
  "info": [
    {
      "id": 157960,
      "filename": "e1_0067_0101_02.txt",
      "title": "e1_0067_0101_02",
      "mediatype": "콜센터",
      "medianame": "콜센터",
      "category": "목적대화",
      "date": "2021-11-10",
      "size": 364,
      "annotations": {
        "subject": "프로그램 문의",
        "speaker_type": "1:1",
        "size": 364,
        "word_size": 94,
        "text": "A. 반갑습니다 #@소속# 상담사 #@이름# 입니다\nB. 네 저 편입 준비 처음인 사람이라 뭐 좀 여쭤볼게요\nA. 안녕하세요 편하게 궁금하신 부분들 질문해주세요\nB. 제가 솔직히 학점이 별로 좋은 편은 아닌데요\nB. 전적대 성적을 본다고 알고있어서 걱정입니다\nA. 학점이 낮다고해서 합격 가능성이 낮지는 않습니다\nA. 더 중요한 1단계 필답고사 성적 신경 쓰신다면 충분히 가능해요\nB. 혹시 노베이스도 부담없는 수업 뭐 있을까요\nA. 다음달 개강하는 재학생 영어 기초반 강의 추천드려요\nB. 아 네 수강 일정은 어떻게 되나요\nA. 금토 이틀 오후1시35분부터 4시10분까지 진행됩니다\nB. 정보 감사합니다 꼭 등록해보겠습니다\nA. 네 추가 문의 사항 있으시면 또 연락주세요",
        "lines": [
          {
            "id": 1,
            "text": "A. 반갑습니다 #@소속# 상담사 #@이름# 입니다",
            "norm_text": "A. 반갑습니다 #@소속# 상담사 #@이름# 입니다",
            "speaker": {
              "id": "A",
              "sex": "여성",
              "age": "1그룹(10대~20대)"
            },
            "speechAct": "인사하기",
            "morpheme": "A/SL+반갑/VA+습니다/EF+#/SY+@/SY+소속/NNG+#/SY+상담/NNG+사/NNG+#/SY+@/SY+이름/NNG+#/SY+입니다/VCP+EC"
          },
          {
            "id": 2,
            "text": "B. 네 저 편입 준비 처음인 사람이라 뭐 좀 여쭤볼게요",
            "norm_text": "B. 네 저 편입 준비 처음인 사람이라 뭐 좀 여쭤볼게요",
            "speaker": {
              "id": "B",
              "sex": "남성",
              "age": "1그룹(10대~20대)"
            },
            "speechAct": "진술하기",
            "morpheme": "B/SL+네/IC+저/MM+편입/NNG+준비/NNG+처음/NNG+인/VCP+ETM+사람/NNG+이/VCP+라/EC+뭐/IC+좀/MAG+여쭤볼/VV+EC+VX+ETM+게요/NNB+VCP+EC"
          },
          {
            "id": 3,
            "text": "A. 안녕하세요 편하게 궁금하신 부분들 질문해주세요",
            "norm_text": "A. 안녕하세요 편하게 궁금하신 부분들 질문해주세요",
            "speaker": {
              "id": "A",
              "sex": "여성",
              "age": "1그룹(10대~20대)"
            },
            "speechAct": "명령하기/요구하기",
            "morpheme": "A/SL+./SY+안녕/NNG+하/XSV+세요/EP+EF+편하/VA+게/EC+궁금/XR+하/XSA+신/EP+ETM+부분/NNG+들/XSN+질문/NNG+해/XSV+EC+주/VX+세요/EP+EF"
          },
          {
            "id": 4,
            "text": "B. 제가 솔직히 학점이 별로 좋은 편은 아닌데요",
            "norm_text": "B. 제가 솔직히 학점이 별로 좋은 편은 아닌데요",
            "speaker": {
              "id": "B",
              "sex": "남성",
              "age": "1그룹(10대~20대)"
            },
            "speechAct": "진술하기",
            "morpheme": "B/SL+제/NP+가/JKS+솔직히/MAG+학점/NNG+이/JKS+별로/MAG+좋/VA+은/ETM+편/NNB+은/JX+아닌데요/VCN+EC"
          },
          {
            "id": 5,
            "text": "B. 전적대 성적을 본다고 알고있어서 걱정입니다",
            "norm_text": "B. 전적대 성적을 본다고 알고있어서 걱정입니다",
            "speaker": {
              "id": "B",
              "sex": "남성",
              "age": "1그룹(10대~20대)"
            },
            "speechAct": "진술하기",
            "morpheme": "B/SL+./SY+전적/NNG+대/XPN+성적/NNG+을/JKO+본다고/VV+EC+알/VV+고/EC+있/VX+어서/EC+걱정/NNG+입니다/VCP+EC"
          },
          {
            "id": 6,
            "text": "A. 학점이 낮다고해서 합격 가능성이 낮지는 않습니다",
            "norm_text": "A. 학점이 낮다고해서 합격 가능성이 낮지는 않습니다",
            "speaker": {
              "id": "A",
              "sex": "여성",
              "age": "1그룹(10대~20대)"
            },
            "speechAct": "진술하기",
            "morpheme": "A/SL+./SY+학점/NNG+이/JKS+낮/VA+다고/EC+해서/VV+EC+합격/NNG+가능/NNG+성/XSN+이/JKS+낮/VA+지/EC+는/JX+않/VX+습니다/EF"
          },
          {
            "id": 7,
            "text": "A. 더 중요한 1단계 필답고사 성적 신경 쓰신다면 충분히 가능해요",
            "norm_text": "A. 더 중요한 1단계 필답고사 성적 신경 쓰신다면 충분히 가능해요",
            "speaker": {
              "id": "A",
              "sex": "여성",
              "age": "1그룹(10대~20대)"
            },
            "speechAct": "진술하기",
            "morpheme": "A/SL+더/MAG+중요/NNG+한/XSA+ETM+1/SN+단계/NNG+필답/NNG+고사성/NNG+적/XSN+신경/NNG+쓰/VV+신다면/EP+EC+충분히/MAG+가능/NNG+해요/XSV+EC"
          },
          {
            "id": 8,
            "text": "B. 혹시 노베이스도 부담없는 수업 뭐 있을까요",
            "norm_text": "B. 혹시 노베이스도 부담없는 수업 뭐 있을까요",
            "speaker": {
              "id": "B",
              "sex": "남성",
              "age": "1그룹(10대~20대)"
            },
            "speechAct": "질문하기",
            "morpheme": "B/SL+혹시/MAG+노/NNP+베이스/NNP+도/JX+부담/NNG+없/VA+는/ETM+수업/NNG+뭐/IC+있/VA+을까요/EC"
          },
          {
            "id": 9,
            "text": "A. 다음달 개강하는 재학생 영어 기초반 강의 추천드려요",
            "norm_text": "A. 다음달 개강하는 재학생 영어 기초반 강의 추천드려요",
            "speaker": {
              "id": "A",
              "sex": "여성",
              "age": "1그룹(10대~20대)"
            },
            "speechAct": "진술하기",
            "morpheme": "A/SL+./SY+다음/NNG+달/NNG+개강/NNG+하/XSV+는/ETM+재학/NNG+생/XSN+영어/NNG+기초/NNG+반강/NNG+의/JKG+추천/NNG+드려요/VV+EC"
          },
          {
            "id": 10,
            "text": "B. 아 네 수강 일정은 어떻게 되나요",
            "norm_text": "B. 아 네 수강 일정은 어떻게 되나요",
            "speaker": {
              "id": "B",
              "sex": "남성",
              "age": "1그룹(10대~20대)"
            },
            "speechAct": "질문하기",
            "morpheme": "B/SL+아/IC+네/IC+수강/NNG+일정/NNG+은/JX+어떻게/MAG+되/VV+나요/EC"
          },
          {
            "id": 11,
            "text": "A. 금토 이틀 오후1시35분부터 4시10분까지 진행됩니다",
            "norm_text": "A. 금토 이틀 오후1시35분부터 4시10분까지 진행됩니다",
            "speaker": {
              "id": "A",
              "sex": "여성",
              "age": "1그룹(10대~20대)"
            },
            "speechAct": "진술하기",
            "morpheme": "A/SL+./SY+금토/NNP+이틀/NNG+오후/NNG+1/SN+시/NNBC+35/SN+분/NNBC+부터/JX+4/SN+시/NNBC+10/SN+분/NNBC+까지/JX+진행/NNG+됩니다/XSV+EC"
          },
          {
            "id": 12,
            "text": "B. 정보 감사합니다 꼭 등록해보겠습니다",
            "norm_text": "B. 정보 감사합니다 꼭 등록해보겠습니다",
            "speaker": {
              "id": "B",
              "sex": "남성",
              "age": "1그룹(10대~20대)"
            },
            "speechAct": "진술하기",
            "morpheme": "B/SL+./SY+정보/NNG+감사/NNG+합니다/XSV+EF+꼭/MAG+등록/NNG+해/XSV+EC+보/VX+겠/EP+습니다/EF"
          },
          {
            "id": 13,
            "text": "A. 네 추가 문의 사항 있으시면 또 연락주세요",
            "norm_text": "A. 네 추가 문의 사항 있으시면 또 연락주세요",
            "speaker": {
              "id": "A",
              "sex": "여성",
              "age": "1그룹(10대~20대)"
            },
            "speechAct": "명령하기/요구하기",
            "morpheme": "A/SL+네/IC+추가/NNG+문/NNG+의/JKG+사항/NNG+있/VV+으시/EP+면/EC+또/MAG+연락/NNG+주세요/NNP"
          }
        ]
      }
    }
  ]
}