{
  "dataset": {
    "identifier": 140202,
    "name": "e1_20211115_0006_0457_01",
    "src_path": "/data/file/cubeManager/PROJECT018/91/txt20211110140005019443/e1_20211115_0006_0457_01/",
    "label_path": "/data/file/cubeManager/PROJECT018/91/txt20211110140005019443/e1_20211115_0006_0457_01/",
    "category": 2,
    "type": 0
  },
  "licenses": {
    "name": "Apache License 1.0",
    "url": "http://www.apache.org/licenses/LICENSE-1.0"
  },
  "info": [
    {
      "id": 157932,
      "filename": "e1_0067_0073_02.txt",
      "title": "e1_0067_0073_02",
      "mediatype": "콜센터",
      "medianame": "콜센터",
      "category": "목적대화",
      "date": "2021-11-10",
      "size": 291,
      "annotations": {
        "subject": "프로그램 문의",
        "speaker_type": "1:1",
        "size": 291,
        "word_size": 77,
        "text": "A. 내일을 위한 선택 #@소속# 입니다\nB. 안녕하세요 저 수학반 문의 드릴게요\nA. 반갑습니다 수학반 어떤 부분 궁금하신가요\nB. 수강 요일이 화목 주말 나눠져있던데요\nB. 혹시 두 반 수업과정이 뭐 다른가요\nA. 수학반 화목은 적분과정 주말은 선형대수 과정 진행되세요\nB. 그렇군요 제가 일 때문에 꼬박꼬박은 힘들 것 같구요\nB. 듣다말다 할 것 같은데 나중에 수습이 될까요\nA. 실시간 수업 참여가 어려우시면 복습영상 활용 가능하세요\nB. 다행이네요 복습으로 잘 따라잡아야겠네요\nA. 네 또 궁금하신 사항 있으시면 언제든 연락주세요",
        "lines": [
          {
            "id": 1,
            "text": "A. 내일을 위한 선택 #@소속# 입니다",
            "norm_text": "A. 내일을 위한 선택 #@소속# 입니다",
            "speaker": {
              "id": "A",
              "sex": "여성",
              "age": "1그룹(10대~20대)"
            },
            "speechAct": "인사하기",
            "morpheme": "A/SL+./SY+내일/NNG+을/JKO+위한/VV+ETM+선택/NNG+#/SY+@/SY+소속/NNG+#/SY+입니다/VCP+EC"
          },
          {
            "id": 2,
            "text": "B. 안녕하세요 저 수학반 문의 드릴게요",
            "norm_text": "B. 안녕하세요 저 수학반 문의 드릴게요",
            "speaker": {
              "id": "B",
              "sex": "남성",
              "age": "1그룹(10대~20대)"
            },
            "speechAct": "진술하기",
            "morpheme": "B/SL+./SY+안녕/NNG+하/XSV+세요/EP+EF+저/MM+수학/NNG+반문/NNG+의/JKG+드릴게요/VV+EC"
          },
          {
            "id": 3,
            "text": "A. 반갑습니다 수학반 어떤 부분 궁금하신가요",
            "norm_text": "A. 반갑습니다 수학반 어떤 부분 궁금하신가요",
            "speaker": {
              "id": "A",
              "sex": "여성",
              "age": "1그룹(10대~20대)"
            },
            "speechAct": "질문하기",
            "morpheme": "A/SL+반갑/VA+습니다/EF+수학/NNG+반/NNG+어떤/MM+부분/NNG+궁금/XR+하/XSA+신가요/EP+EC"
          },
          {
            "id": 4,
            "text": "B. 수강 요일이 화목 주말 나눠져있던데요",
            "norm_text": "B. 수강 요일이 화목 주말 나눠져있던데요",
            "speaker": {
              "id": "B",
              "sex": "남성",
              "age": "1그룹(10대~20대)"
            },
            "speechAct": "진술하기",
            "morpheme": "B/SL+./SY+수강/NNG+요일/NNG+이/JKS+화목/NNG+주말/NNG+나눠져/VV+EC+VX+EC+있/VX+던데요/EC"
          },
          {
            "id": 5,
            "text": "B. 혹시 두 반 수업과정이 뭐 다른가요",
            "norm_text": "B. 혹시 두 반 수업과정이 뭐 다른가요",
            "speaker": {
              "id": "B",
              "sex": "남성",
              "age": "1그룹(10대~20대)"
            },
            "speechAct": "질문하기",
            "morpheme": "B/SL+혹시/MAG+두/MM+반/NNG+수업/NNG+과정/NNG+이/JKS+뭐/IC+다른/MM+가요/NNG"
          },
          {
            "id": 6,
            "text": "A. 수학반 화목은 적분과정 주말은 선형대수 과정 진행되세요",
            "norm_text": "A. 수학반 화목은 적분과정 주말은 선형대수 과정 진행되세요",
            "speaker": {
              "id": "A",
              "sex": "여성",
              "age": "1그룹(10대~20대)"
            },
            "speechAct": "진술하기",
            "morpheme": "A/SL+./SY+수학/NNG+반/NNG+화목/NNG+은/JX+적분/NNG+과정/NNG+주말/NNG+은/JX+선형/NNG+대수/NNG+과정/NNG+진행/NNG+되/XSV+세요/EP+EF"
          },
          {
            "id": 7,
            "text": "B. 그렇군요 제가 일 때문에 꼬박꼬박은 힘들 것 같구요",
            "norm_text": "B. 그렇군요 제가 일 때문에 꼬박꼬박은 힘들 것 같구요",
            "speaker": {
              "id": "B",
              "sex": "남성",
              "age": "1그룹(10대~20대)"
            },
            "speechAct": "진술하기",
            "morpheme": "B/SL+그렇/VA+군요/EF+제/NP+가/JKS+일/NNG+때문/NNB+에/JKB+꼬박꼬박/MAG+은/JX+힘들/VA+ETM+것/NNB+같/VA+구요/EF"
          },
          {
            "id": 8,
            "text": "B. 듣다말다 할 것 같은데 나중에 수습이 될까요",
            "norm_text": "B. 듣다말다 할 것 같은데 나중에 수습이 될까요",
            "speaker": {
              "id": "B",
              "sex": "남성",
              "age": "1그룹(10대~20대)"
            },
            "speechAct": "질문하기",
            "morpheme": "B/SL+듣/VV+다/EC+말다/NNG+할/XSV+ETM+것/NNB+같/VA+은데/EC+나중/NNG+에/JKB+수습/NNG+이/JKS+될까요/VV+EC"
          },
          {
            "id": 9,
            "text": "A. 실시간 수업 참여가 어려우시면 복습영상 활용 가능하세요",
            "norm_text": "A. 실시간 수업 참여가 어려우시면 복습영상 활용 가능하세요",
            "speaker": {
              "id": "A",
              "sex": "여성",
              "age": "1그룹(10대~20대)"
            },
            "speechAct": "진술하기",
            "morpheme": "A/SL+./SY+실시간/NNG+수업/NNG+참여/NNG+가/JKS+어려우/VA+시/EP+면/EC+복습/NNG+영상/NNG+활용/NNG+가능/NNG+하/XSV+세요/EP+EF"
          },
          {
            "id": 10,
            "text": "B. 다행이네요 복습으로 잘 따라잡아야겠네요",
            "norm_text": "B. 다행이네요 복습으로 잘 따라잡아야겠네요",
            "speaker": {
              "id": "B",
              "sex": "남성",
              "age": "1그룹(10대~20대)"
            },
            "speechAct": "진술하기",
            "morpheme": "B/SL+./SY+다행/NNG+이/VCP+네요/EF+복습/NNG+으로/JKB+잘/MAG+따라잡/VV+아야/EC+겠/EP+네요/EC"
          },
          {
            "id": 11,
            "text": "A. 네 또 궁금하신 사항 있으시면 언제든 연락주세요",
            "norm_text": "A. 네 또 궁금하신 사항 있으시면 언제든 연락주세요",
            "speaker": {
              "id": "A",
              "sex": "여성",
              "age": "1그룹(10대~20대)"
            },
            "speechAct": "명령하기/요구하기",
            "morpheme": "A/SL+네/IC+또/MAG+궁금/XR+하/XSA+신/EP+ETM+사항/NNG+있/VV+으시/EP+면/EC+언제/NP+든/VCP+EC+연락/NNG+주세요/NNP"
          }
        ]
      }
    }
  ]
}