{
  "dataset": {
    "identifier": 140952,
    "name": "e1_20211115_0006_0615_01",
    "src_path": "/data/file/cubeManager/PROJECT018/91/txt20211110140009009362/e1_20211115_0006_0615_01/",
    "label_path": "/data/file/cubeManager/PROJECT018/91/txt20211110140009009362/e1_20211115_0006_0615_01/",
    "category": 2,
    "type": 0
  },
  "licenses": {
    "name": "Apache License 1.0",
    "url": "http://www.apache.org/licenses/LICENSE-1.0"
  },
  "info": [
    {
      "id": 158394,
      "filename": "e1_0069_0037_02.txt",
      "title": "e1_0069_0037_02",
      "mediatype": "콜센터",
      "medianame": "콜센터",
      "category": "목적대화",
      "date": "2021-11-10",
      "size": 314,
      "annotations": {
        "subject": "프로그램 문의",
        "speaker_type": "1:1",
        "size": 314,
        "word_size": 68,
        "text": "A.문의 주셔서 감사합니다 #@소속# #@이름# 상담원입니다\nB.네 안녕하세요 문의드릴 게 있어서요\nA.네 무엇을 도와드릴까요\nB.#@상품#은 어떻게 이용할 수 있나요\nA.고객님 #@상품# 상품을 구매하신 거죠\nB.네 #@상품# 상품 구매했습니다\nA.그러시면 #@상품#을 이용할 수 있는 권한이 있으신데요\nA.우선 #@상품# 회원 로그인 하시고요\nA.나의 학습방내 배너 #@상품#을 통해서 접근 가능합니다\nB.배너로만 들어갈 수 있나요\nA.오른쪽 상단 메뉴에서도 확인 가능하세요\nB.아 네 알겠습니다\nA.감사합니다 #@소속# #@이름#이었습니다\nA.추가 문의 사항 언제든지 연락 주세요",
        "lines": [
          {
            "id": 1,
            "text": "A.문의 주셔서 감사합니다 #@소속# #@이름# 상담원입니다",
            "norm_text": "A.문의 주셔서 감사합니다 #@소속# #@이름# 상담원입니다",
            "speaker": {
              "id": "A",
              "sex": "여성",
              "age": "2그룹(30대~40대)"
            },
            "speechAct": "인사하기",
            "morpheme": "A/SL+./SY+문/NNG+의/JKG+주/VV+셔서/EP+EC+감사/NNG+합니다/XSV+EF+#/SY+@/SY+소속/NNG+#/SY+#/SY+@/SY+이름/NNG+#/SY+상담원/NNG+입니다/VCP+EC"
          },
          {
            "id": 2,
            "text": "B.네 안녕하세요 문의드릴 게 있어서요",
            "norm_text": "B.네 안녕하세요 문의드릴 게 있어서요",
            "speaker": {
              "id": "B",
              "sex": "남성",
              "age": "2그룹(30대~40대)"
            },
            "speechAct": "진술하기",
            "morpheme": "B/SL+네/IC+안녕/NNG+하/XSV+세요/EP+EF+문/NNG+의/JKG+드릴/VV+ETM+게/NNB+JKS+있/VA+어서요/EC"
          },
          {
            "id": 3,
            "text": "A.네 무엇을 도와드릴까요",
            "norm_text": "A.네 무엇을 도와드릴까요",
            "speaker": {
              "id": "A",
              "sex": "여성",
              "age": "2그룹(30대~40대)"
            },
            "speechAct": "질문하기",
            "morpheme": "A/SL+네/IC+무엇/NP+을/JKO+도와/VV+EC+드릴까요/VX+EC"
          },
          {
            "id": 4,
            "text": "B.#@상품#은 어떻게 이용할 수 있나요",
            "norm_text": "B.#@상품#은 어떻게 이용할 수 있나요",
            "speaker": {
              "id": "B",
              "sex": "남성",
              "age": "2그룹(30대~40대)"
            },
            "speechAct": "질문하기",
            "morpheme": "B/SL+./SY+#/SY+@/SY+상품/NNG+#/SY+은/JX+어떻게/MAG+이용/NNG+할/XSV+ETM+수/NNB+있/VV+나요/EC"
          },
          {
            "id": 5,
            "text": "A.고객님 #@상품# 상품을 구매하신 거죠",
            "norm_text": "A.고객님 #@상품# 상품을 구매하신 거죠",
            "speaker": {
              "id": "A",
              "sex": "여성",
              "age": "2그룹(30대~40대)"
            },
            "speechAct": "질문하기",
            "morpheme": "A/SL+./SY+고객/NNG+님/XSN+#/SY+@/SY+상품/NNG+#/SY+상품/NNG+을/JKO+구매/NNG+하/XSV+신/EP+ETM+거/NNB+죠/VCP+EC"
          },
          {
            "id": 6,
            "text": "B.네 #@상품# 상품 구매했습니다",
            "norm_text": "B.네 #@상품# 상품 구매했습니다",
            "speaker": {
              "id": "B",
              "sex": "남성",
              "age": "2그룹(30대~40대)"
            },
            "speechAct": "진술하기",
            "morpheme": "B/SL+네/IC+#/SY+@/SY+상품/NNG+#/SY+상품/NNG+구매/NNG+했/XSV+EP+습니다/EF"
          },
          {
            "id": 7,
            "text": "A.그러시면 #@상품#을 이용할 수 있는 권한이 있으신데요",
            "norm_text": "A.그러시면 #@상품#을 이용할 수 있는 권한이 있으신데요",
            "speaker": {
              "id": "A",
              "sex": "여성",
              "age": "2그룹(30대~40대)"
            },
            "speechAct": "진술하기",
            "morpheme": "A/SL+그러/VV+시/EP+면/EC+#/SY+@/SY+상품/NNG+#/SY+을/JKO+이용/NNG+할/XSV+ETM+수/NNB+있/VV+는/ETM+권한/NNG+이/JKS+있/VA+으신/EP+ETM+데/NNB+요/VCP+EC"
          },
          {
            "id": 8,
            "text": "A.우선 #@상품# 회원 로그인 하시고요",
            "norm_text": "A.우선 #@상품# 회원 로그인 하시고요",
            "speaker": {
              "id": "A",
              "sex": "여성",
              "age": "2그룹(30대~40대)"
            },
            "speechAct": "진술하기",
            "morpheme": "A/SL+우선/MAG+#/SY+@/SY+상품/NNG+#/SY+회원/NNG+로그인/NNG+하/XSV+시/EP+고요/EC"
          },
          {
            "id": 9,
            "text": "A.나의 학습방내 배너 #@상품#을 통해서 접근 가능합니다",
            "norm_text": "A.나의 학습방내 배너 #@상품#을 통해서 접근 가능합니다",
            "speaker": {
              "id": "A",
              "sex": "여성",
              "age": "2그룹(30대~40대)"
            },
            "speechAct": "진술하기",
            "morpheme": "A/SL+나/NP+의/JKG+학습/NNG+방내/NNG+배너/NNP+#/SY+@/SY+상품/NNG+#/SY+을/JKO+통해서/VV+EC+접근/NNG+가능/NNG+합니다/XSV+EC"
          },
          {
            "id": 10,
            "text": "B.배너로만 들어갈 수 있나요",
            "norm_text": "B.배너로만 들어갈 수 있나요",
            "speaker": {
              "id": "B",
              "sex": "남성",
              "age": "2그룹(30대~40대)"
            },
            "speechAct": "질문하기",
            "morpheme": "B/SL+./SY+배너/NNP+로/JKB+만들/VV+어/EC+갈/VX+ETM+수/NNB+있/VV+나요/EC"
          },
          {
            "id": 11,
            "text": "A.오른쪽 상단 메뉴에서도 확인 가능하세요",
            "norm_text": "A.오른쪽 상단 메뉴에서도 확인 가능하세요",
            "speaker": {
              "id": "A",
              "sex": "여성",
              "age": "2그룹(30대~40대)"
            },
            "speechAct": "진술하기",
            "morpheme": "A/SL+./SY+오른쪽/NNG+상단/NNG+메뉴/NNG+에서/JKB+도/JX+확인/NNG+가능/NNG+하/XSV+세요/EP+EF"
          },
          {
            "id": 12,
            "text": "B.아 네 알겠습니다",
            "norm_text": "B.아 네 알겠습니다",
            "speaker": {
              "id": "B",
              "sex": "남성",
              "age": "2그룹(30대~40대)"
            },
            "speechAct": "진술하기",
            "morpheme": "B/SL+아/IC+네/IC+알/VV+겠/EP+습니다/EF"
          },
          {
            "id": 13,
            "text": "A.감사합니다 #@소속# #@이름#이었습니다",
            "norm_text": "A.감사합니다 #@소속# #@이름#이었습니다",
            "speaker": {
              "id": "A",
              "sex": "여성",
              "age": "2그룹(30대~40대)"
            },
            "speechAct": "감사하기",
            "morpheme": "A/SL+./SY+감사/NNG+합니다/XSV+EF+#/SY+@/SY+소속/NNG+#/SY+#/SY+@/SY+이름/NNG+#/SY+이/VCP+었/EP+습니다/EF"
          },
          {
            "id": 14,
            "text": "A.추가 문의 사항 언제든지 연락 주세요",
            "norm_text": "A.추가 문의 사항 언제든지 연락 주세요",
            "speaker": {
              "id": "A",
              "sex": "여성",
              "age": "2그룹(30대~40대)"
            },
            "speechAct": "명령하기/요구하기",
            "morpheme": "A/SL+./SY+추가/NNG+문/NNG+의/JKG+사항/NNG+언제든지/MAG+연락/NNG+주세요/NNP"
          }
        ]
      }
    }
  ]
}