{
  "dataset": {
    "identifier": 141033,
    "name": "e1_20211115_0006_0690_01",
    "src_path": "/data/file/cubeManager/PROJECT018/91/txt20211110140013026850/e1_20211115_0006_0690_01/",
    "label_path": "/data/file/cubeManager/PROJECT018/91/txt20211110140013026850/e1_20211115_0006_0690_01/",
    "category": 2,
    "type": 0
  },
  "licenses": {
    "name": "Apache License 1.0",
    "url": "http://www.apache.org/licenses/LICENSE-1.0"
  },
  "info": [
    {
      "id": 158936,
      "filename": "e1_0071_0132_02.txt",
      "title": "e1_0071_0132_02",
      "mediatype": "콜센터",
      "medianame": "콜센터",
      "category": "목적대화",
      "date": "2021-11-10",
      "size": 329,
      "annotations": {
        "subject": "프로그램 문의",
        "speaker_type": "1:1",
        "size": 329,
        "word_size": 73,
        "text": "A.최선을 다하겠습니다 #@소속# 상담원 #@이름# 입니다\nB.안녕하세요 시간제 입학 지원서는 어디서 작성하나요\nA.입학 지원서 말씀이십니까 제가 홈페이지 경로를 안내드릴 텐데요\nA.지금 피씨 사용이 가능하실까요\nB.네 지금 학교 홈페이지에 들어와 있어요\nA.아 네 그러시면 상담 입학지원센터 메뉴가 보이실까요\nB.잠시만요 입학지원센터요 네 있네요\nA.네 입학지원센터 클릭하시면 시간제 입학 메뉴에서 지원서 작성이 가능합니다\nB.네 감사합니다 그럼 이거 서류 유효기간이 어떻게 되나요\nA.서류 유효기간은 3개월 이내 까지 가능합니다\nB.네 자세한 상담 감사합니다\nA.네 감사합니다 상담사 #@이름# 이었습니다",
        "lines": [
          {
            "id": 1,
            "text": "A.최선을 다하겠습니다 #@소속# 상담원 #@이름# 입니다",
            "norm_text": "A.최선을 다하겠습니다 #@소속# 상담원 #@이름# 입니다",
            "speaker": {
              "id": "A",
              "sex": "여성",
              "age": "2그룹(30대~40대)"
            },
            "speechAct": "인사하기",
            "morpheme": "A/SL+./SY+최선/NNG+을/JKO+다/MAG+하/VV+겠/EP+습니다/EF+#/SY+@/SY+소속/NNG+#/SY+상담원/NNG+#/SY+@/SY+이름/NNG+#/SY+입니다/VCP+EC"
          },
          {
            "id": 2,
            "text": "B.안녕하세요 시간제 입학 지원서는 어디서 작성하나요",
            "norm_text": "B.안녕하세요 시간제 입학 지원서는 어디서 작성하나요",
            "speaker": {
              "id": "B",
              "sex": "남성",
              "age": "2그룹(30대~40대)"
            },
            "speechAct": "질문하기",
            "morpheme": "B/SL+./SY+안녕/NNG+하/XSV+세요/EP+EF+시간/NNG+제/XSN+입학/NNG+지원서/NNG+는/JX+어디/NP+서/JKB+작성/NNG+하/XSV+나요/EC"
          },
          {
            "id": 3,
            "text": "A.입학 지원서 말씀이십니까 제가 홈페이지 경로를 안내드릴 텐데요",
            "norm_text": "A.입학 지원서 말씀이십니까 제가 홈페이지 경로를 안내드릴 텐데요",
            "speaker": {
              "id": "A",
              "sex": "여성",
              "age": "2그룹(30대~40대)"
            },
            "speechAct": "진술하기",
            "morpheme": "A/SL+./SY+입학/NNG+지원서/NNG+말씀/NNG+이/VCP+십니까/EP+EF+제/NP+가/JKS+홈페이지/NNG+경로/NNG+를/JKO+안/MAG+내/VV+EC+드릴/VX+ETM+텐데요/NNB+VCP+EC"
          },
          {
            "id": 4,
            "text": "A.지금 피씨 사용이 가능하실까요",
            "norm_text": "A.지금 피씨 사용이 가능하실까요",
            "speaker": {
              "id": "A",
              "sex": "여성",
              "age": "2그룹(30대~40대)"
            },
            "speechAct": "질문하기",
            "morpheme": "A/SL+지금/MAG+피/NNP+씨/NNB+사용/NNG+이/JKS+가능/NNG+하/XSV+실까요/EP+EF"
          },
          {
            "id": 5,
            "text": "B.네 지금 학교 홈페이지에 들어와 있어요",
            "norm_text": "B.네 지금 학교 홈페이지에 들어와 있어요",
            "speaker": {
              "id": "B",
              "sex": "남성",
              "age": "2그룹(30대~40대)"
            },
            "speechAct": "진술하기",
            "morpheme": "B/SL+네/IC+지금/MAG+학교/NNG+홈페이지/NNG+에/JKB+들어와/VV+EC+있/VX+어요/EF"
          },
          {
            "id": 6,
            "text": "A.아 네 그러시면 상담 입학지원센터 메뉴가 보이실까요",
            "norm_text": "A.아 네 그러시면 상담 입학지원센터 메뉴가 보이실까요",
            "speaker": {
              "id": "A",
              "sex": "여성",
              "age": "2그룹(30대~40대)"
            },
            "speechAct": "질문하기",
            "morpheme": "A/SL+아/IC+네/IC+그러/VV+시/EP+면/EC+상담/NNG+입학/NNG+지원/NNG+센터/NNG+메뉴/NNG+가/JKS+보이/VV+실까요/EP+EF"
          },
          {
            "id": 7,
            "text": "B.잠시만요 입학지원센터요 네 있네요",
            "norm_text": "B.잠시만요 입학지원센터요 네 있네요",
            "speaker": {
              "id": "B",
              "sex": "남성",
              "age": "2그룹(30대~40대)"
            },
            "speechAct": "진술하기",
            "morpheme": "B/SL+잠시/MAG+만요/NNP+입학/NNG+지원/NNG+센터/NNG+요네/NNG+있/VV+네요/EC"
          },
          {
            "id": 8,
            "text": "A.네 입학지원센터 클릭하시면 시간제 입학 메뉴에서 지원서 작성이 가능합니다",
            "norm_text": "A.네 입학지원센터 클릭하시면 시간제 입학 메뉴에서 지원서 작성이 가능합니다",
            "speaker": {
              "id": "A",
              "sex": "여성",
              "age": "2그룹(30대~40대)"
            },
            "speechAct": "진술하기",
            "morpheme": "A/SL+네/IC+입학/NNG+지원/NNG+센터/NNG+클릭/NNG+하/XSV+시/EP+면/EC+시간/NNG+제/XSN+입학/NNG+메뉴/NNG+에서/JKB+지원서/NNG+작성/NNG+이/JKS+가능/NNG+합니다/XSV+EC"
          },
          {
            "id": 9,
            "text": "B.네 감사합니다 그럼 이거 서류 유효기간이 어떻게 되나요",
            "norm_text": "B.네 감사합니다 그럼 이거 서류 유효기간이 어떻게 되나요",
            "speaker": {
              "id": "B",
              "sex": "남성",
              "age": "2그룹(30대~40대)"
            },
            "speechAct": "질문하기",
            "morpheme": "B/SL+네/IC+감사/NNG+합니다/XSV+EF+그럼/MAJ+이거/NP+서류/NNG+유효/NNG+기간/NNG+이/JKS+어떻게/MAG+되/VV+나요/EC"
          },
          {
            "id": 10,
            "text": "A.서류 유효기간은 3개월 이내 까지 가능합니다",
            "norm_text": "A.서류 유효기간은 3개월 이내 까지 가능합니다",
            "speaker": {
              "id": "A",
              "sex": "여성",
              "age": "2그룹(30대~40대)"
            },
            "speechAct": "진술하기",
            "morpheme": "A/SL+./SY+서류/NNG+유효/NNG+기간/NNG+은/JX+3/SN+개월/NNBC+이내/NNG+까지/JX+가능/NNG+합니다/XSV+EC"
          },
          {
            "id": 11,
            "text": "B.네 자세한 상담 감사합니다",
            "norm_text": "B.네 자세한 상담 감사합니다",
            "speaker": {
              "id": "B",
              "sex": "남성",
              "age": "2그룹(30대~40대)"
            },
            "speechAct": "감사하기",
            "morpheme": "B/SL+네/IC+자세/XR+한/XSA+ETM+상담/NNG+감사/NNG+합니다/XSV+EC"
          },
          {
            "id": 12,
            "text": "A.네 감사합니다 상담사 #@이름# 이었습니다",
            "norm_text": "A.네 감사합니다 상담사 #@이름# 이었습니다",
            "speaker": {
              "id": "A",
              "sex": "여성",
              "age": "2그룹(30대~40대)"
            },
            "speechAct": "인사하기",
            "morpheme": "A/SL+네/IC+감사/NNG+합니다/XSV+EF+상담/NNG+사/NNG+#/SY+@/SY+이름/NNG+#/SY+이/VCP+었/EP+습니다/EF"
          }
        ]
      }
    }
  ]
}