{
  "dataset": {
    "identifier": 139788,
    "name": "e1_20211115_0006_0306_01",
    "src_path": "/data/file/cubeManager/PROJECT018/91/txt20211110140003065346/e1_20211115_0006_0306_01/",
    "label_path": "/data/file/cubeManager/PROJECT018/91/txt20211110140003065346/e1_20211115_0006_0306_01/",
    "category": 2,
    "type": 0
  },
  "licenses": {
    "name": "Apache License 1.0",
    "url": "http://www.apache.org/licenses/LICENSE-1.0"
  },
  "info": [
    {
      "id": 157766,
      "filename": "e1_0066_0118_02.txt",
      "title": "e1_0066_0118_02",
      "mediatype": "콜센터",
      "medianame": "콜센터",
      "category": "목적대화",
      "date": "2021-11-10",
      "size": 351,
      "annotations": {
        "subject": "프로그램 문의",
        "speaker_type": "1:1",
        "size": 351,
        "word_size": 88,
        "text": "A. 안녕하세요 #@소속# 상담센터 #@이름# 상담원입니다\nB. 네 수고가 많으십니다\nB. 8월 시험을 봐야하는데 지금 여유가 없는데 어떡하죠\nA. 혹시 그러시면 기출문제집이나 동영상 구매하시는건 어떠세요\nB. 아 그렇게  #@상품#이나 동영상만 살 수 있나요\nA. 네 그럼요 구매 가능하십니다\nB. 전체 공부를 다 온라인수강해도 괜찮을까요\nA. 기초가 많이 부족하거나 전체 과목도 온라인 수강을 하시게 되면요\nA. 확실하게 대비를 할 수 없다는 점 참고해주세요\nB. 네 그런데 제가 지금 시간이 많이 없어서 동영상이랑 교재만 먼저 구매할게요\nA. 네네 알겠습니다 나중에라도 시간 되시면 오프라인 수업 들어보세요\nB. 알겠습니다 감사해요 수고하세요",
        "lines": [
          {
            "id": 1,
            "text": "A. 안녕하세요 #@소속# 상담센터 #@이름# 상담원입니다",
            "norm_text": "A. 안녕하세요 #@소속# 상담센터 #@이름# 상담원입니다",
            "speaker": {
              "id": "A",
              "sex": "여성",
              "age": "1그룹(10대~20대)"
            },
            "speechAct": "인사하기",
            "morpheme": "A/SL+./SY+안녕/NNG+하/XSV+세요/EP+EF+#/SY+@/SY+소속/NNG+#/SY+상담/NNG+센터/NNG+#/SY+@/SY+이름/NNG+#/SY+상담원/NNG+입니다/VCP+EC"
          },
          {
            "id": 2,
            "text": "B. 네 수고가 많으십니다",
            "norm_text": "B. 네 수고가 많으십니다",
            "speaker": {
              "id": "B",
              "sex": "남성",
              "age": "1그룹(10대~20대)"
            },
            "speechAct": "진술하기",
            "morpheme": "B/SL+네/IC+수고/NNG+가/JKS+많/VA+으십니다/EP+EP+EF"
          },
          {
            "id": 3,
            "text": "B. 8월 시험을 봐야하는데 지금 여유가 없는데 어떡하죠",
            "norm_text": "B. 8월 시험을 봐야하는데 지금 여유가 없는데 어떡하죠",
            "speaker": {
              "id": "B",
              "sex": "남성",
              "age": "1그룹(10대~20대)"
            },
            "speechAct": "질문하기",
            "morpheme": "B/SL+./SY+8/SN+월/NNBC+시험/NNG+을/JKO+봐야/VV+EC+하/VV+는데/EC+지금/MAG+여유/NNG+가/JKS+없/VA+는데/EC+어떡/XR+하/XSA+죠/EF"
          },
          {
            "id": 4,
            "text": "A. 혹시 그러시면 기출문제집이나 동영상 구매하시는건 어떠세요",
            "norm_text": "A. 혹시 그러시면 기출문제집이나 동영상 구매하시는건 어떠세요",
            "speaker": {
              "id": "A",
              "sex": "여성",
              "age": "1그룹(10대~20대)"
            },
            "speechAct": "질문하기",
            "morpheme": "A/SL+혹시/MAG+그러/VV+시/EP+면/EC+기출/NNG+문제집/NNG+이나/JC+동영상/NNG+구매/NNG+하/XSV+시/EP+는/ETM+건/NNB+JX+어떠세요/VA+EP+EC"
          },
          {
            "id": 5,
            "text": "B. 아 그렇게  #@상품#이나 동영상만 살 수 있나요",
            "norm_text": "B. 아 그렇게  #@상품#이나 동영상만 살 수 있나요",
            "speaker": {
              "id": "B",
              "sex": "남성",
              "age": "1그룹(10대~20대)"
            },
            "speechAct": "질문하기",
            "morpheme": "B/SL+아/IC+그렇게/MAG+#/SY+@/SY+상품/NNG+#/SY+이나/JC+동영상/NNG+만/JX+살/VV+ETM+수/NNB+있/VV+나요/EC"
          },
          {
            "id": 6,
            "text": "A. 네 그럼요 구매 가능하십니다",
            "norm_text": "A. 네 그럼요 구매 가능하십니다",
            "speaker": {
              "id": "A",
              "sex": "여성",
              "age": "1그룹(10대~20대)"
            },
            "speechAct": "진술하기",
            "morpheme": "A/SL+네/IC+그럼/MAJ+요/MM+구매/NNG+가능/NNG+하/XSV+십니다/EP+EC"
          },
          {
            "id": 7,
            "text": "B. 전체 공부를 다 온라인수강해도 괜찮을까요",
            "norm_text": "B. 전체 공부를 다 온라인수강해도 괜찮을까요",
            "speaker": {
              "id": "B",
              "sex": "남성",
              "age": "1그룹(10대~20대)"
            },
            "speechAct": "질문하기",
            "morpheme": "B/SL+./SY+전체/NNG+공부/NNG+를/JKO+다/MAG+온라인/NNG+수강/NNG+해도/XSV+EC+괜찮/VA+을까요/EC"
          },
          {
            "id": 8,
            "text": "A. 기초가 많이 부족하거나 전체 과목도 온라인 수강을 하시게 되면요",
            "norm_text": "A. 기초가 많이 부족하거나 전체 과목도 온라인 수강을 하시게 되면요",
            "speaker": {
              "id": "A",
              "sex": "여성",
              "age": "1그룹(10대~20대)"
            },
            "speechAct": "진술하기",
            "morpheme": "A/SL+./SY+기초/NNG+가/JKS+많이/MAG+부족/NNG+하/XSV+거나/EC+전체/NNG+과목/NNG+도/JX+온라인/NNG+수강/NNG+을/JKO+하/VV+시/EP+게/EC+되/VV+면/EC+요/JX"
          },
          {
            "id": 9,
            "text": "A. 확실하게 대비를 할 수 없다는 점 참고해주세요",
            "norm_text": "A. 확실하게 대비를 할 수 없다는 점 참고해주세요",
            "speaker": {
              "id": "A",
              "sex": "여성",
              "age": "1그룹(10대~20대)"
            },
            "speechAct": "부탁하기",
            "morpheme": "A/SL+확실/XR+하/XSA+게/EC+대비/NNG+를/JKO+할/VV+ETM+수/NNB+없/VA+다는/ETM+점/NNG+참고/NNG+해/XSV+EC+주/VX+세요/EP+EF"
          },
          {
            "id": 10,
            "text": "B. 네 그런데 제가 지금 시간이 많이 없어서 동영상이랑 교재만 먼저 구매할게요",
            "norm_text": "B. 네 제가 지금 시간이 많이 없어서 동영상이랑 교재만 먼저 구매할게요",
            "speaker": {
              "id": "B",
              "sex": "남성",
              "age": "1그룹(10대~20대)"
            },
            "speechAct": "진술하기",
            "morpheme": "B/SL+네/IC+그런데/MAJ+제/NP+가/JKS+지금/MAG+시간/NNG+이/JKS+많이/MAG+없/VA+어서/EC+동영상/NNG+이랑/JKB+교재/NNG+만/JX+먼저/MAG+구매/NNG+할게요/XSV+EC"
          },
          {
            "id": 11,
            "text": "A. 네네 알겠습니다 나중에라도 시간 되시면 오프라인 수업 들어보세요",
            "norm_text": "A. 네네 알겠습니다 나중에라도 시간 되시면 오프라인 수업 들어보세요",
            "speaker": {
              "id": "A",
              "sex": "여성",
              "age": "1그룹(10대~20대)"
            },
            "speechAct": "충고하기",
            "morpheme": "A/SL+네네/IC+알/VV+겠/EP+습니다/EF+나중/NNG+에/JKB+라도/VCP+EC+시간/NNG+되/XSV+시/EP+면/EC+오프라인/NNG+수업/NNG+들/VV+어/EC+보/VX+세요/EP+EF"
          },
          {
            "id": 12,
            "text": "B. 알겠습니다 감사해요 수고하세요",
            "norm_text": "B. 알겠습니다 감사해요 수고하세요",
            "speaker": {
              "id": "B",
              "sex": "남성",
              "age": "1그룹(10대~20대)"
            },
            "speechAct": "인사하기",
            "morpheme": "B/SL+알/VV+겠/EP+습니다/EF+감사/NNG+해요/XSV+EF+수고/NNG+하/XSV+세요/EP+EF"
          }
        ]
      }
    }
  ]
}