{
  "dataset": {
    "identifier": 140957,
    "name": "e1_20211115_0006_0618_01",
    "src_path": "/data/file/cubeManager/PROJECT018/91/txt20211110140009011739/e1_20211115_0006_0618_01/",
    "label_path": "/data/file/cubeManager/PROJECT018/91/txt20211110140009011739/e1_20211115_0006_0618_01/",
    "category": 2,
    "type": 0
  },
  "licenses": {
    "name": "Apache License 1.0",
    "url": "http://www.apache.org/licenses/LICENSE-1.0"
  },
  "info": [
    {
      "id": 158397,
      "filename": "e1_0069_0040_02.txt",
      "title": "e1_0069_0040_02",
      "mediatype": "콜센터",
      "medianame": "콜센터",
      "category": "목적대화",
      "date": "2021-11-10",
      "size": 389,
      "annotations": {
        "subject": "프로그램 문의",
        "speaker_type": "1:1",
        "size": 389,
        "word_size": 97,
        "text": "A.화창한 아침입니다 #@소속# 상담원 #@이름#입니다\nB.학생부 평가 프로그램 이거 3년 모두 평가를 해주나요\nA.네 고객님 전 학년의 학생부를 평가하는 것은 아니고요\nA.학생부 평가 프로그램 이용권 개당 1개 학년에 대한 평가만 가능하세요\nB.아 그러면 1 2 3학년 다 평가받고 싶으면 세 장 구매해야 하나요\nA.저희 평가 학년 기준이 1학년 2학년 3학년 1학기 3학년 2학기인데요\nA.말씀 주신 대로 전 학년 평가 원하시면 네 장 구매하셔야 합니다\nB.지금 #@상품# 회원인데요\nB.그럼 추가 이용권을 구입해야 하나요\nA.예 일단 #@상품# 수강 기간 동안 가지고 계신 1매 이용해 주시고요\nA.추가 평가는 단품 상품을 구입하시면 되세요\nB.네 잘 알겠습니다\nA.좋은 하루 보내세요 상담원 #@이름#이었습니다",
        "lines": [
          {
            "id": 1,
            "text": "A.화창한 아침입니다 #@소속# 상담원 #@이름#입니다",
            "norm_text": "A.화창한 아침입니다 #@소속# 상담원 #@이름#입니다",
            "speaker": {
              "id": "A",
              "sex": "여성",
              "age": "2그룹(30대~40대)"
            },
            "speechAct": "인사하기",
            "morpheme": "A/SL+화창/XR+한/XSA+ETM+아침/NNG+입니다/VCP+EF+#/SY+@/SY+소속/NNG+#/SY+상담원/NNG+#/SY+@/SY+이름/NNG+#/SY+입니다/VCP+EC"
          },
          {
            "id": 2,
            "text": "B.학생부 평가 프로그램 이거 3년 모두 평가를 해주나요",
            "norm_text": "B.학생부 평가 프로그램 이거 3년 모두 평가를 해주나요",
            "speaker": {
              "id": "B",
              "sex": "남성",
              "age": "2그룹(30대~40대)"
            },
            "speechAct": "질문하기",
            "morpheme": "B/SL+./SY+학생/NNG+부평/NNG+가프/NNG+로/JKB+그램/NNG+이거/NP+3/SN+년/NNBC+모두/MAG+평가/NNG+를/JKO+해/VV+EC+주/VX+나요/EC"
          },
          {
            "id": 3,
            "text": "A.네 고객님 전 학년의 학생부를 평가하는 것은 아니고요",
            "norm_text": "A.네 고객님 전 학년의 학생부를 평가하는 것은 아니고요",
            "speaker": {
              "id": "A",
              "sex": "여성",
              "age": "2그룹(30대~40대)"
            },
            "speechAct": "진술하기",
            "morpheme": "A/SL+네/IC+고객/NNG+님/XSN+전/NNG+학년/NNG+의/JKG+학생/NNG+부를/VV+ETM+평가/NNG+하/XSV+는/ETM+것/NNB+은/JX+아니/VCN+고요/EC"
          },
          {
            "id": 4,
            "text": "A.학생부 평가 프로그램 이용권 개당 1개 학년에 대한 평가만 가능하세요",
            "norm_text": "A.학생부 평가 프로그램 이용권 개당 1개 학년에 대한 평가만 가능하세요",
            "speaker": {
              "id": "A",
              "sex": "여성",
              "age": "2그룹(30대~40대)"
            },
            "speechAct": "진술하기",
            "morpheme": "A/SL+./SY+학생/NNG+부평/NNG+가프/NNG+로/JKB+그램/NNG+이/JKS+용권/NNG+개당/NNG+1/SN+개/NNBC+학년/NNG+에/JKB+대한/VV+ETM+평가/NNG+만/JX+가능/NNG+하/XSV+세요/EP+EF"
          },
          {
            "id": 5,
            "text": "B.아 그러면 1 2 3학년 다 평가받고 싶으면 세 장 구매해야 하나요",
            "norm_text": "B.아 그러면 1 2 3학년 다 평가받고 싶으면 세 장 구매해야 하나요",
            "speaker": {
              "id": "B",
              "sex": "남성",
              "age": "2그룹(30대~40대)"
            },
            "speechAct": "질문하기",
            "morpheme": "B/SL+아/IC+그러면/MAJ+123/SN+학년/NNG+다/MAG+평가/NNG+받/VV+고/EC+싶/VX+으면/EC+세장/NNG+구매/NNG+해야/XSV+EC+하/VV+나요/EC"
          },
          {
            "id": 6,
            "text": "A.저희 평가 학년 기준이 1학년 2학년 3학년 1학기 3학년 2학기인데요",
            "norm_text": "A.저희 평가 학년 기준이 1학년 2학년 3학년 1학기 3학년 2학기인데요",
            "speaker": {
              "id": "A",
              "sex": "여성",
              "age": "2그룹(30대~40대)"
            },
            "speechAct": "진술하기",
            "morpheme": "A/SL+저희/NP+평가/NNG+학년/NNG+기준/NNG+이/JKS+1/SN+학년/NNG+2/SN+학년/NNG+3/SN+학년/NNG+1/SN+학기/NNG+3/SN+학년/NNG+2/SN+학기/NNG+인데요/VCP+EC"
          },
          {
            "id": 7,
            "text": "A.말씀 주신 대로 전 학년 평가 원하시면 네 장 구매하셔야 합니다",
            "norm_text": "A.말씀 주신 대로 전 학년 평가 원하시면 네 장 구매하셔야 합니다",
            "speaker": {
              "id": "A",
              "sex": "여성",
              "age": "2그룹(30대~40대)"
            },
            "speechAct": "진술하기",
            "morpheme": "A/SL+./SY+말씀/NNG+주/VV+신/EP+ETM+대로/NNB+전/MM+학년/NNG+평가/NNG+원/NNG+하/XSV+시/EP+면/EC+네장/NNG+구매/NNG+하/XSV+셔야/EP+EC+합니다/VX+EC"
          },
          {
            "id": 8,
            "text": "B.지금 #@상품# 회원인데요",
            "norm_text": "B.지금 #@상품# 회원인데요",
            "speaker": {
              "id": "B",
              "sex": "남성",
              "age": "2그룹(30대~40대)"
            },
            "speechAct": "진술하기",
            "morpheme": "B/SL+지금/MAG+#/SY+@/SY+상품/NNG+#/SY+회원/NNG+인데요/VCP+EC"
          },
          {
            "id": 9,
            "text": "B.그럼 추가 이용권을 구입해야 하나요",
            "norm_text": "B.그럼 추가 이용권을 구입해야 하나요",
            "speaker": {
              "id": "B",
              "sex": "남성",
              "age": "2그룹(30대~40대)"
            },
            "speechAct": "질문하기",
            "morpheme": "B/SL+그럼/MAJ+추가/NNG+이용/NNG+권/XSN+을/JKO+구입/NNG+해야/XSV+EC+하/VV+나요/EC"
          },
          {
            "id": 10,
            "text": "A.예 일단 #@상품# 수강 기간 동안 가지고 계신 1매 이용해 주시고요",
            "norm_text": "A.예 일단 #@상품# 수강 기간 동안 가지고 계신 1매 이용해 주시고요",
            "speaker": {
              "id": "A",
              "sex": "여성",
              "age": "2그룹(30대~40대)"
            },
            "speechAct": "진술하기",
            "morpheme": "A/SL+예/IC+일단/MAG+#/SY+@/SY+상품/NNG+#/SY+수강/NNG+기간/NNG+동안/NNG+가지/VV+고/EC+계신/VX+ETM+1/SN+매/NNBC+이용/NNG+해/XSV+EC+주/VX+시/EP+고요/EC"
          },
          {
            "id": 11,
            "text": "A.추가 평가는 단품 상품을 구입하시면 되세요",
            "norm_text": "A.추가 평가는 단품 상품을 구입하시면 되세요",
            "speaker": {
              "id": "A",
              "sex": "여성",
              "age": "2그룹(30대~40대)"
            },
            "speechAct": "진술하기",
            "morpheme": "A/SL+./SY+추가/NNG+평가/NNG+는/JX+단/MM+품/NNG+상품/NNG+을/JKO+구입/NNG+하/XSV+시/EP+면/EC+되/VV+세요/EP+EF"
          },
          {
            "id": 12,
            "text": "B.네 잘 알겠습니다",
            "norm_text": "B.네 잘 알겠습니다",
            "speaker": {
              "id": "B",
              "sex": "남성",
              "age": "2그룹(30대~40대)"
            },
            "speechAct": "진술하기",
            "morpheme": "B/SL+네/IC+잘/MAG+알/VV+겠/EP+습니다/EF"
          },
          {
            "id": 13,
            "text": "A.좋은 하루 보내세요 상담원 #@이름#이었습니다",
            "norm_text": "A.좋은 하루 보내세요 상담원 #@이름#이었습니다",
            "speaker": {
              "id": "A",
              "sex": "여성",
              "age": "2그룹(30대~40대)"
            },
            "speechAct": "인사하기",
            "morpheme": "A/SL+좋/VA+은/ETM+하루/NNG+보내/VV+세요/EP+EF+상담원/NNG+#/SY+@/SY+이름/NNG+#/SY+이/VCP+었/EP+습니다/EF"
          }
        ]
      }
    }
  ]
}