{
  "dataset": {
    "identifier": 139743,
    "name": "e1_20211115_0006_0286_01",
    "src_path": "/data/file/cubeManager/PROJECT018/91/txt20211110140003048154/e1_20211115_0006_0286_01/",
    "label_path": "/data/file/cubeManager/PROJECT018/91/txt20211110140003048154/e1_20211115_0006_0286_01/",
    "category": 2,
    "type": 0
  },
  "licenses": {
    "name": "Apache License 1.0",
    "url": "http://www.apache.org/licenses/LICENSE-1.0"
  },
  "info": [
    {
      "id": 157747,
      "filename": "e1_0066_0099_02.txt",
      "title": "e1_0066_0099_02",
      "mediatype": "콜센터",
      "medianame": "콜센터",
      "category": "목적대화",
      "date": "2021-11-10",
      "size": 252,
      "annotations": {
        "subject": "프로그램 문의",
        "speaker_type": "1:1",
        "size": 252,
        "word_size": 53,
        "text": "A.　언제나 최선을 다하겠습니다 #@소속# #@이름#입니다\nB.　아 저희 애가 어제 레벨테스트을 봤는데요\nB.　레벨테스트 결과는 언제 알 수 있을까요\nA.　레벨테스트 어떤 부분 결과가 궁금하신 걸까요\nB.　그 리딩이랑 리스닝이요\nA.　네 그 두가지는 홈페이지에서 확인이 가능하십니다\nB.　언제 확인할 수 있어요\nA.　응시일로부터 2일 이내에 홈페이지에서 확인 가능하십니다\nB.　네 알겠습니다 홈페이지 찾아볼게요\nA.　네 좋은 하루 되세요 지금까지 #@이름# 이었습니다",
        "lines": [
          {
            "id": 1,
            "text": "A.　언제나 최선을 다하겠습니다 #@소속# #@이름#입니다",
            "norm_text": "A.　언제나 최선을 다하겠습니다 #@소속# #@이름#입니다",
            "speaker": {
              "id": "A",
              "sex": "여성",
              "age": "1그룹(10대~20대)"
            },
            "speechAct": "인사하기",
            "morpheme": "A/SL+./SY+　/SY+언제나/MAG+최선/NNG+을/JKO+다/MAG+하/VV+겠/EP+습니다/EF+#/SY+@/SY+소속/NNG+#/SY+#/SY+@/SY+이름/NNG+#/SY+입니다/VCP+EC"
          },
          {
            "id": 2,
            "text": "B.　아 저희 애가 어제 레벨테스트을 봤는데요",
            "norm_text": "B.　아 저희 애가 어제 레벨테스트을 봤는데요",
            "speaker": {
              "id": "B",
              "sex": "남성",
              "age": "1그룹(10대~20대)"
            },
            "speechAct": "진술하기",
            "morpheme": "B/SL+./SY+　/SY+아/IC+저희/NP+애/NNG+가/JKS+어제/MAG+레벨/NNG+테스트/NNG+을/JKO+봤/VV+EP+는데요/EC"
          },
          {
            "id": 3,
            "text": "B.　레벨테스트 결과는 언제 알 수 있을까요",
            "norm_text": "B.　레벨테스트 결과는 언제 알 수 있을까요",
            "speaker": {
              "id": "B",
              "sex": "남성",
              "age": "1그룹(10대~20대)"
            },
            "speechAct": "질문하기",
            "morpheme": "B/SL+./SY+　/SY+레벨/NNG+테스트/NNG+결과/NNG+는/JX+언제/MAG+알/VV+ETM+수/NNB+있/VV+을까요/EC"
          },
          {
            "id": 4,
            "text": "A.　레벨테스트 어떤 부분 결과가 궁금하신 걸까요",
            "norm_text": "A.　레벨테스트 어떤 부분 결과가 궁금하신 걸까요",
            "speaker": {
              "id": "A",
              "sex": "여성",
              "age": "1그룹(10대~20대)"
            },
            "speechAct": "질문하기",
            "morpheme": "A/SL+./SY+　/SY+레벨/NNG+테스트/NNG+어떤/MM+부분/NNG+결과/NNG+가/JKS+궁금/XR+하/XSA+신/EP+ETM+걸까요/NNB+VCP+EC"
          },
          {
            "id": 5,
            "text": "B.　그 리딩이랑 리스닝이요",
            "norm_text": "B.　그 리딩이랑 리스닝이요",
            "speaker": {
              "id": "B",
              "sex": "남성",
              "age": "1그룹(10대~20대)"
            },
            "speechAct": "진술하기",
            "morpheme": "B/SL+./SY+　/SY+그/MM+리딩/NNG+이랑/JC+리스닝/NNP+이/VCP+요/EC"
          },
          {
            "id": 6,
            "text": "A.　네 그 두가지는 홈페이지에서 확인이 가능하십니다",
            "norm_text": "A.　네 그 두가지는 홈페이지에서 확인이 가능하십니다",
            "speaker": {
              "id": "A",
              "sex": "여성",
              "age": "1그룹(10대~20대)"
            },
            "speechAct": "진술하기",
            "morpheme": "A/SL+./SY+　/SY+네/IC+그/MM+두/MM+가지/NNBC+는/JX+홈페이지/NNG+에서/JKB+확인/NNG+이/JKS+가능/NNG+하/XSV+십니다/EP+EC"
          },
          {
            "id": 7,
            "text": "B.　언제 확인할 수 있어요",
            "norm_text": "B.　언제 확인할 수 있어요",
            "speaker": {
              "id": "B",
              "sex": "남성",
              "age": "1그룹(10대~20대)"
            },
            "speechAct": "질문하기",
            "morpheme": "B/SL+./SY+　/SY+언제/MAG+확인/NNG+할/XSV+ETM+수/NNB+있/VV+어요/EF"
          },
          {
            "id": 8,
            "text": "A.　응시일로부터 2일 이내에 홈페이지에서 확인 가능하십니다",
            "norm_text": "A.　응시일로부터 2일 이내에 홈페이지에서 확인 가능하십니다",
            "speaker": {
              "id": "A",
              "sex": "여성",
              "age": "1그룹(10대~20대)"
            },
            "speechAct": "진술하기",
            "morpheme": "A/SL+./SY+　/SY+응시/NNG+일/NNG+로부터/JKB+2/SN+일/NNBC+이내/NNG+에/JKB+홈페이지/NNG+에서/JKB+확인/NNG+가능/NNG+하/XSV+십니다/EP+EC"
          },
          {
            "id": 9,
            "text": "B.　네 알겠습니다 홈페이지 찾아볼게요",
            "norm_text": "B.　네 알겠습니다 홈페이지 찾아볼게요",
            "speaker": {
              "id": "B",
              "sex": "남성",
              "age": "1그룹(10대~20대)"
            },
            "speechAct": "진술하기",
            "morpheme": "B/SL+./SY+　/SY+네/IC+알/VV+겠/EP+습니다/EF+홈페이지/NNG+찾아볼/VV+ETM+게요/NNB+VCP+EC"
          },
          {
            "id": 10,
            "text": "A.　네 좋은 하루 되세요 지금까지 #@이름# 이었습니다",
            "norm_text": "A.　네 좋은 하루 되세요 지금까지 #@이름# 이었습니다",
            "speaker": {
              "id": "A",
              "sex": "여성",
              "age": "1그룹(10대~20대)"
            },
            "speechAct": "인사하기",
            "morpheme": "A/SL+./SY+　/SY+네/IC+좋/VA+은/ETM+하루/NNG+되/XSV+세요/EP+EF+지금/NNG+까지/JX+#/SY+@/SY+이름/NNG+#/SY+이/VCP+었/EP+습니다/EF"
          }
        ]
      }
    }
  ]
}