{
  "dataset": {
    "identifier": 139833,
    "name": "e1_20211115_0006_0344_01",
    "src_path": "/data/file/cubeManager/PROJECT018/91/txt20211110140004036634/e1_20211115_0006_0344_01/",
    "label_path": "/data/file/cubeManager/PROJECT018/91/txt20211110140004036634/e1_20211115_0006_0344_01/",
    "category": 2,
    "type": 0
  },
  "licenses": {
    "name": "Apache License 1.0",
    "url": "http://www.apache.org/licenses/LICENSE-1.0"
  },
  "info": [
    {
      "id": 157820,
      "filename": "e1_0066_0172_02.txt",
      "title": "e1_0066_0172_02",
      "mediatype": "콜센터",
      "medianame": "콜센터",
      "category": "목적대화",
      "date": "2021-11-10",
      "size": 316,
      "annotations": {
        "subject": "프로그램 문의",
        "speaker_type": "1:1",
        "size": 316,
        "word_size": 70,
        "text": "A.기분좋은 하루시작 #@소속# #@이름# 상담사입니다\nB.안녕하세요 제가 몇 주 뒤에 급하게 중국출장을 가게 됐는데요\nB.혹시 해외에서도 #@소속# 수업이 가능할까요\nA.네 가능하십니다 해외에서도 수업을 들으실 수 있어요\nB.준비해야할게 그럼 따로 있나요\nA.해외 번호 착신 수신이 따로 안되기 때문에 070 번호를 개설하시면 됩니다\nB.거기는 카톡이나 스카이프로 수업이 안되나요\nA.네 죄송하지만 별개 채널을 운영하고 있지 않아서요\nA.070 번호를 개설하셔야 수업이 진행됩니다\nB.아 그렇군요 알겠습니다 생각해보고 다시 전화드릴게요\nA.네 주말 잘 보내세요 #@이름# 이었습니다",
        "lines": [
          {
            "id": 1,
            "text": "A.기분좋은 하루시작 #@소속# #@이름# 상담사입니다",
            "norm_text": "A.기분좋은 하루시작 #@소속# #@이름# 상담사입니다",
            "speaker": {
              "id": "A",
              "sex": "여성",
              "age": "1그룹(10대~20대)"
            },
            "speechAct": "인사하기",
            "morpheme": "A/SL+./SY+기분/NNG+좋/VA+은/ETM+하루/NNG+시작/NNG+#/SY+@/SY+소속/NNG+#/SY+#/SY+@/SY+이름/NNG+#/SY+상담/NNG+사/NNG+입니다/VCP+EC"
          },
          {
            "id": 2,
            "text": "B.안녕하세요 제가 몇 주 뒤에 급하게 중국출장을 가게 됐는데요",
            "norm_text": "B.안녕하세요 제가 몇 주 뒤에 급하게 중국출장을 가게 됐는데요",
            "speaker": {
              "id": "B",
              "sex": "남성",
              "age": "1그룹(10대~20대)"
            },
            "speechAct": "진술하기",
            "morpheme": "B/SL+./SY+안녕/NNG+하/XSV+세요/EP+EF+제/NP+가/JKS+몇/MM+주/NNBC+뒤/NNG+에/JKB+급하/VA+게/EC+중국/NNP+출장/NNG+을/JKO+가/VV+게/EC+됐/VV+EP+는데요/EC"
          },
          {
            "id": 3,
            "text": "B.혹시 해외에서도 #@소속# 수업이 가능할까요",
            "norm_text": "B.혹시 해외에서도 #@소속# 수업이 가능할까요",
            "speaker": {
              "id": "B",
              "sex": "남성",
              "age": "1그룹(10대~20대)"
            },
            "speechAct": "질문하기",
            "morpheme": "B/SL+혹시/MAG+해외/NNG+에서/JKB+도/JX+#/SY+@/SY+소속/NNG+#/SY+수업/NNG+이/JKS+가능/NNG+할까요/XSV+EC"
          },
          {
            "id": 4,
            "text": "A.네 가능하십니다 해외에서도 수업을 들으실 수 있어요",
            "norm_text": "A.네 가능하십니다 해외에서도 수업을 들으실 수 있어요",
            "speaker": {
              "id": "A",
              "sex": "여성",
              "age": "1그룹(10대~20대)"
            },
            "speechAct": "진술하기",
            "morpheme": "A/SL+네/IC+가능/NNG+하/XSV+십니다/EP+EF+해외/NNG+에서/JKB+도/JX+수업/NNG+을/JKO+들으실/VV+EP+ETM+수/NNB+있/VV+어요/EF"
          },
          {
            "id": 5,
            "text": "B.준비해야할게 그럼 따로 있나요",
            "norm_text": "B.준비해야할게 그럼 따로 있나요",
            "speaker": {
              "id": "B",
              "sex": "남성",
              "age": "1그룹(10대~20대)"
            },
            "speechAct": "질문하기",
            "morpheme": "B/SL+./SY+준비/NNG+해야/XSV+EC+할/VX+ETM+게/NNB+JKS+그럼/MAJ+따로/MAG+있/VV+나요/EC"
          },
          {
            "id": 6,
            "text": "A.해외 번호 착신 수신이 따로 안되기 때문에 070 번호를 개설하시면 됩니다",
            "norm_text": "A.해외 번호 착신 수신이 따로 안되기 때문에 070 번호를 개설하시면 됩니다",
            "speaker": {
              "id": "A",
              "sex": "여성",
              "age": "1그룹(10대~20대)"
            },
            "speechAct": "주장하기",
            "morpheme": "A/SL+./SY+해외/NNG+번호/NNG+착신/NNG+수신/NNG+이/JKS+따로/MAG+안/MAG+되/VV+기/ETN+때문/NNB+에/JKB+070/SN+번호/NNG+를/JKO+개설/NNG+하/XSV+시/EP+면/EC+됩니다/VX+EC"
          },
          {
            "id": 7,
            "text": "B.거기는 카톡이나 스카이프로 수업이 안되나요",
            "norm_text": "B.거기는 카톡이나 스카이프로 수업이 안되나요",
            "speaker": {
              "id": "B",
              "sex": "남성",
              "age": "1그룹(10대~20대)"
            },
            "speechAct": "질문하기",
            "morpheme": "B/SL+거기/NP+는/JX+카톡/NNP+이나/JC+스카이프/NNP+로/JKB+수업/NNG+이/JKS+안/MAG+되/VV+나요/EC"
          },
          {
            "id": 8,
            "text": "A.네 죄송하지만 별개 채널을 운영하고 있지 않아서요",
            "norm_text": "A.네 죄송하지만 별개 채널을 운영하고 있지 않아서요",
            "speaker": {
              "id": "A",
              "sex": "여성",
              "age": "1그룹(10대~20대)"
            },
            "speechAct": "진술하기",
            "morpheme": "A/SL+네/IC+죄송/XR+하/XSA+지만/EC+별개/NNG+채널/NNG+을/JKO+운영/NNG+하/XSV+고/EC+있/VX+지/EC+않/VX+아서요/EC"
          },
          {
            "id": 9,
            "text": "A.070 번호를 개설하셔야 수업이 진행됩니다",
            "norm_text": "A.070 번호를 개설하셔야 수업이 진행됩니다",
            "speaker": {
              "id": "A",
              "sex": "여성",
              "age": "1그룹(10대~20대)"
            },
            "speechAct": "진술하기",
            "morpheme": "A/SL+./SY+070/SN+번호/NNG+를/JKO+개설/NNG+하/XSV+셔야/EP+EC+수업/NNG+이/JKS+진행/NNG+됩니다/XSV+EC"
          },
          {
            "id": 10,
            "text": "B.아 그렇군요 알겠습니다 생각해보고 다시 전화드릴게요",
            "norm_text": "B.아 그렇군요 알겠습니다 생각해보고 다시 전화드릴게요1",
            "speaker": {
              "id": "B",
              "sex": "남성",
              "age": "1그룹(10대~20대)"
            },
            "speechAct": "인사하기",
            "morpheme": "B/SL+아/IC+그렇/VA+군요/EC+알/VV+겠/EP+습니다/EF+생각/NNG+해/XSV+EC+보/VX+고/EC+다시/MAG+전화/NNG+드릴게요/VV+EC"
          },
          {
            "id": 11,
            "text": "A.네 주말 잘 보내세요 #@이름# 이었습니다",
            "norm_text": "A.네 주말 잘 보내세요 #@이름# 이었습니다",
            "speaker": {
              "id": "A",
              "sex": "여성",
              "age": "1그룹(10대~20대)"
            },
            "speechAct": "인사하기",
            "morpheme": "A/SL+네/IC+주말/NNG+잘/MAG+보내/VV+세요/EP+EF+#/SY+@/SY+이름/NNG+#/SY+이/VCP+었/EP+습니다/EF"
          }
        ]
      }
    }
  ]
}