{
  "dataset": {
    "identifier": 139854,
    "name": "e1_20211115_0006_0354_01",
    "src_path": "/data/file/cubeManager/PROJECT018/91/txt20211110140004043920/e1_20211115_0006_0354_01/",
    "label_path": "/data/file/cubeManager/PROJECT018/91/txt20211110140004043920/e1_20211115_0006_0354_01/",
    "category": 2,
    "type": 0
  },
  "licenses": {
    "name": "Apache License 1.0",
    "url": "http://www.apache.org/licenses/LICENSE-1.0"
  },
  "info": [
    {
      "id": 157830,
      "filename": "e1_0066_0182_02.txt",
      "title": "e1_0066_0182_02",
      "mediatype": "콜센터",
      "medianame": "콜센터",
      "category": "목적대화",
      "date": "2021-11-10",
      "size": 312,
      "annotations": {
        "subject": "프로그램 문의",
        "speaker_type": "1:1",
        "size": 312,
        "word_size": 63,
        "text": "A.감사합니다 #@소속# 상담사 #@이름#입니다 무엇을 도와드릴까요\nB.#@소속# 레벨테스트가 있다고 하던데 맞나요\nA.네 #@소속#에 레벨테스트가 따로 마련되어 있습니다\nB.전화영어랑 화상영어 둘 다 레벨테스트가 똑같나요 아님 다른가요\nA.네 약간씩 다른데요 어떤 수업을 원하시나요\nB.전화영어 신청하고 싶어요\nA.전화영어 레벨테스트의 경우엔 3명의 선생님과 3번의 레벨테스트를 치루게 됩니다\nB.아 세번씩이나 시험을 본다고요\nA.네 꼼꼼하고 체계적인 레벨테스트가 이뤄집니다\nB.오 그렇군요 그럼 신청해봐야겠네요 감사합니다\nA.좋은 하루 되시길 바랍니다 #@이름# 이었습니다",
        "lines": [
          {
            "id": 1,
            "text": "A.감사합니다 #@소속# 상담사 #@이름#입니다 무엇을 도와드릴까요",
            "norm_text": "A.감사합니다 #@소속# 상담사 #@이름#입니다 무엇을 도와드릴까요",
            "speaker": {
              "id": "A",
              "sex": "여성",
              "age": "1그룹(10대~20대)"
            },
            "speechAct": "인사하기",
            "morpheme": "A/SL+./SY+감사/NNG+합니다/XSV+EF+#/SY+@/SY+소속/NNG+#/SY+상담/NNG+사/NNG+#/SY+@/SY+이름/NNG+#/SY+입니다/VCP+EF+무엇/NP+을/JKO+도와/VV+EC+드릴까요/VX+EC"
          },
          {
            "id": 2,
            "text": "B.#@소속# 레벨테스트가 있다고 하던데 맞나요",
            "norm_text": "B.#@소속# 레벨테스트가 있다고 하던데 맞나요",
            "speaker": {
              "id": "B",
              "sex": "남성",
              "age": "1그룹(10대~20대)"
            },
            "speechAct": "질문하기",
            "morpheme": "B/SL+./SY+#/SY+@/SY+소속/NNG+#/SY+레벨/NNG+테스트/NNG+가/JKS+있/VA+다고/EC+하/VX+던/ETM+데/NNB+맞/VV+나요/EC"
          },
          {
            "id": 3,
            "text": "A.네 #@소속#에 레벨테스트가 따로 마련되어 있습니다",
            "norm_text": "A.네 #@소속#에 레벨테스트가 따로 마련되어 있습니다",
            "speaker": {
              "id": "A",
              "sex": "여성",
              "age": "1그룹(10대~20대)"
            },
            "speechAct": "진술하기",
            "morpheme": "A/SL+네/IC+#/SY+@/SY+소속/NNG+#/SY+에/JKB+레벨/NNG+테스트/NNG+가/JKS+따로/MAG+마련/NNG+되/XSV+어/EC+있/VX+습니다/EF"
          },
          {
            "id": 4,
            "text": "B.전화영어랑 화상영어 둘 다 레벨테스트가 똑같나요 아님 다른가요",
            "norm_text": "B.전화영어랑 화상영어 둘 다 레벨테스트가 똑같나요 아님 다른가요",
            "speaker": {
              "id": "B",
              "sex": "남성",
              "age": "1그룹(10대~20대)"
            },
            "speechAct": "질문하기",
            "morpheme": "B/SL+./SY+전화/NNG+영어/NNG+랑/JKB+화상/NNG+영어/NNG+둘/NR+다레/NNG+벨/NNG+테스트/NNG+가/JKS+똑같/VA+나요/EF+아님/MAJ+다른/MM+가요/NNG"
          },
          {
            "id": 5,
            "text": "A.네 약간씩 다른데요 어떤 수업을 원하시나요",
            "norm_text": "A.네 약간씩 다른데요 어떤 수업을 원하시나요",
            "speaker": {
              "id": "A",
              "sex": "여성",
              "age": "1그룹(10대~20대)"
            },
            "speechAct": "질문하기",
            "morpheme": "A/SL+네/IC+약간/MAG+씩/XSN+다른데요/VA+EF+어떤/MM+수업/NNG+을/JKO+원하/VV+시/EP+나요/EC"
          },
          {
            "id": 6,
            "text": "B.전화영어 신청하고 싶어요",
            "norm_text": "B.전화영어 신청하고 싶어요",
            "speaker": {
              "id": "B",
              "sex": "남성",
              "age": "1그룹(10대~20대)"
            },
            "speechAct": "진술하기",
            "morpheme": "B/SL+./SY+전화/NNG+영어/NNG+신청/NNG+하/XSV+고/EC+싶/VX+어요/EF"
          },
          {
            "id": 7,
            "text": "A.전화영어 레벨테스트의 경우엔 3명의 선생님과 3번의 레벨테스트를 치루게 됩니다",
            "norm_text": "A.전화영어의 경우엔 3명의 선생님과 3번의 레벨테스트를 치루게 됩니다",
            "speaker": {
              "id": "A",
              "sex": "여성",
              "age": "1그룹(10대~20대)"
            },
            "speechAct": "진술하기",
            "morpheme": "A/SL+./SY+전화/NNG+영어/NNG+레벨/NNG+테스트/NNG+의/JKG+경우/NNG+엔/JKB+JX+3/SN+명/NNBC+의/JKG+선생/NNG+님/XSN+과/JC+3/SN+번/NNBC+의/JKG+레벨/NNG+테스트/NNG+를/JKO+치루/VV+게/EC+됩니다/VX+EC"
          },
          {
            "id": 8,
            "text": "B.아 세번씩이나 시험을 본다고요",
            "norm_text": "B.아 세번씩이나 시험을 본다고요",
            "speaker": {
              "id": "B",
              "sex": "남성",
              "age": "1그룹(10대~20대)"
            },
            "speechAct": "질문하기",
            "morpheme": "B/SL+아/IC+세/MM+번/NNBC+씩/XSN+이나/JC+시험/NNG+을/JKO+본다/VV+EC+고요/NNG"
          },
          {
            "id": 9,
            "text": "A.네 꼼꼼하고 체계적인 레벨테스트가 이뤄집니다",
            "norm_text": "A.네 꼼꼼하고 체계적인 레벨테스트가 이뤄집니다",
            "speaker": {
              "id": "A",
              "sex": "여성",
              "age": "1그룹(10대~20대)"
            },
            "speechAct": "진술하기",
            "morpheme": "A/SL+네/IC+꼼꼼/MAG+하/VV+고/EC+체계/NNG+적/XSN+인/VCP+ETM+레벨/NNG+테스트/NNG+가/JKS+이뤄/VV+EC+집니다/VX+EC"
          },
          {
            "id": 10,
            "text": "B.오 그렇군요 그럼 신청해봐야겠네요 감사합니다",
            "norm_text": "B.오 그렇군요 그럼 신청해봐야겠네요 감사합니다",
            "speaker": {
              "id": "B",
              "sex": "남성",
              "age": "1그룹(10대~20대)"
            },
            "speechAct": "긍정감정표현하기(칭찬하기 포함)",
            "morpheme": "B/SL+오/IC+그렇/VA+군요/EF+그럼/MAJ+신청/NNG+해봐야/XSV+EC+VX+EC+VX+겠/EP+네요/EF+감사/NNG+합니다/XSV+EC"
          },
          {
            "id": 11,
            "text": "A.좋은 하루 되시길 바랍니다 #@이름# 이었습니다",
            "norm_text": "A.좋은 하루 되시길 바랍니다 #@이름# 이었습니다",
            "speaker": {
              "id": "A",
              "sex": "여성",
              "age": "1그룹(10대~20대)"
            },
            "speechAct": "인사하기",
            "morpheme": "A/SL+좋/VA+은/ETM+하루/NNG+되/XSV+시/EP+길/ETN+JKO+바랍니다/VV+EF+#/SY+@/SY+이름/NNG+#/SY+이/VCP+었/EP+습니다/EF"
          }
        ]
      }
    }
  ]
}