{
  "dataset": {
    "identifier": 140986,
    "name": "e1_20211115_0006_0644_01",
    "src_path": "/data/file/cubeManager/PROJECT018/91/txt20211110140010072030/e1_20211115_0006_0644_01/",
    "label_path": "/data/file/cubeManager/PROJECT018/91/txt20211110140010072030/e1_20211115_0006_0644_01/",
    "category": 2,
    "type": 0
  },
  "licenses": {
    "name": "Apache License 1.0",
    "url": "http://www.apache.org/licenses/LICENSE-1.0"
  },
  "info": [
    {
      "id": 158621,
      "filename": "e1_0070_0022_02.txt",
      "title": "e1_0070_0022_02",
      "mediatype": "콜센터",
      "medianame": "콜센터",
      "category": "목적대화",
      "date": "2021-11-10",
      "size": 363,
      "annotations": {
        "subject": "프로그램 문의",
        "speaker_type": "1:1",
        "size": 363,
        "word_size": 96,
        "text": "A. 안녕하십니까 #@소속# 상담사 #@이름#입니다\nB. 네 안녕하세요 제가 궁금한 게 있어서 연락드렸어요\nA. 네 말씀 부탁드립니다\nB. 모바일로 강의를 듣고 있는데 빠르게 재생을 좀 하고 싶어서요\nA. 고객님 배속 설정은 먼저 강의를 재생하시면 강의 화면에서요\nA. 맨 왼쪽에 보시면 배속 조정하는 숫자가 보이실거예요\nB. 아 네 여기 보이네요\nA. 네 그럼 그 위에 화살표로 속도를 조정해 주시면 되세요\nB. 아 그래요 위로 올리면 빠르게 재생할 수 있는거죠\nA. 네 맞습니다 고객님 위로 올리시면 속도가 빠르게 재생이 되고요\nA. 아래 화살표를 누르시면 느리게 재생이 됩니다\nB. 음 네 알겠습니다 수고하세요\nA. 네 지금까지 #@소속# 상담사 #@이름#이었습니다",
        "lines": [
          {
            "id": 1,
            "text": "A. 안녕하십니까 #@소속# 상담사 #@이름#입니다",
            "norm_text": "A. 안녕하십니까 #@소속# 상담사 #@이름#입니다",
            "speaker": {
              "id": "A",
              "sex": "여성",
              "age": "2그룹(30대~40대)"
            },
            "speechAct": "인사하기",
            "morpheme": "A/SL+./SY+안녕/NNG+하/XSV+십니까/EP+EF+#/SY+@/SY+소속/NNG+#/SY+상담/NNG+사/NNG+#/SY+@/SY+이름/NNG+#/SY+입니다/VCP+EC"
          },
          {
            "id": 2,
            "text": "B. 네 안녕하세요 제가 궁금한 게 있어서 연락드렸어요",
            "norm_text": "B. 네 안녕하세요 제가 궁금한 게 있어서 연락드렸어요",
            "speaker": {
              "id": "B",
              "sex": "남성",
              "age": "2그룹(30대~40대)"
            },
            "speechAct": "진술하기",
            "morpheme": "B/SL+네/IC+안녕/NNG+하/XSV+세요/EP+EF+제/NP+가/JKS+궁금/XR+한/XSA+ETM+게/NNB+JKS+있/VA+어서/EC+연락/NNG+드렸/VV+EP+어요/EF"
          },
          {
            "id": 3,
            "text": "A. 네 말씀 부탁드립니다",
            "norm_text": "A. 네 말씀 부탁드립니다",
            "speaker": {
              "id": "A",
              "sex": "여성",
              "age": "2그룹(30대~40대)"
            },
            "speechAct": "부탁하기",
            "morpheme": "A/SL+네/IC+말씀/NNG+부탁/NNG+드립니다/VV+EC"
          },
          {
            "id": 4,
            "text": "B. 모바일로 강의를 듣고 있는데 빠르게 재생을 좀 하고 싶어서요",
            "norm_text": "B. 모바일로 강의를 듣고 있는데 빠르게 재생을 좀 하고 싶어서요",
            "speaker": {
              "id": "B",
              "sex": "남성",
              "age": "2그룹(30대~40대)"
            },
            "speechAct": "진술하기",
            "morpheme": "B/SL+./SY+모바일/NNP+로/JKB+강의/NNG+를/JKO+듣/VV+고/EC+있/VX+는/ETM+데/NNB+빠르/VA+게/EC+재생/NNG+을/JKO+좀/MAG+하/VV+고/EC+싶/VX+어서요/EC"
          },
          {
            "id": 5,
            "text": "A. 고객님 배속 설정은 먼저 강의를 재생하시면 강의 화면에서요",
            "norm_text": "A. 고객님 배속 설정은 먼저 강의를 재생하시면 강의 화면에서요",
            "speaker": {
              "id": "A",
              "sex": "여성",
              "age": "2그룹(30대~40대)"
            },
            "speechAct": "진술하기",
            "morpheme": "A/SL+./SY+고객/NNG+님/XSN+배속/NNG+설정/NNG+은/JX+먼저/MAG+강의/NNG+를/JKO+재생/NNG+하/XSV+시/EP+면/EC+강의/NNG+화면/NNG+에서/JKB+요/JX"
          },
          {
            "id": 6,
            "text": "A. 맨 왼쪽에 보시면 배속 조정하는 숫자가 보이실거예요",
            "norm_text": "A. 맨 왼쪽에 보시면 배속 조정하는 숫자가 보이실거예요",
            "speaker": {
              "id": "A",
              "sex": "여성",
              "age": "2그룹(30대~40대)"
            },
            "speechAct": "진술하기",
            "morpheme": "A/SL+맨/MM+왼쪽/NNG+에/JKB+보/VV+시/EP+면/EC+배속/NNG+조정/NNG+하/XSV+는/ETM+숫자/NNG+가/JKS+보이/VV+실/EP+ETM+거/NNB+예요/VCP+EF"
          },
          {
            "id": 7,
            "text": "B. 아 네 여기 보이네요",
            "norm_text": "B. 아 네 여기 보이네요",
            "speaker": {
              "id": "B",
              "sex": "남성",
              "age": "2그룹(30대~40대)"
            },
            "speechAct": "진술하기",
            "morpheme": "B/SL+아/IC+네/IC+여기/NP+보이/VV+네요/EC"
          },
          {
            "id": 8,
            "text": "A. 네 그럼 그 위에 화살표로 속도를 조정해 주시면 되세요",
            "norm_text": "A. 네 그럼 그 위에 화살표로 속도를 조정해 주시면 되세요",
            "speaker": {
              "id": "A",
              "sex": "여성",
              "age": "2그룹(30대~40대)"
            },
            "speechAct": "명령하기/요구하기",
            "morpheme": "A/SL+네/IC+그럼/MAJ+그/MM+위/NNG+에/JKB+화살표/NNG+로/JKB+속도/NNG+를/JKO+조정/NNG+해/XSV+EC+주/VX+시/EP+면/EC+되/VV+세요/EP+EF"
          },
          {
            "id": 9,
            "text": "B. 아 그래요 위로 올리면 빠르게 재생할 수 있는거죠",
            "norm_text": "B. 아 그래요 위로 올리면 빠르게 재생할 수 있는거죠",
            "speaker": {
              "id": "B",
              "sex": "남성",
              "age": "2그룹(30대~40대)"
            },
            "speechAct": "질문하기",
            "morpheme": "B/SL+아/IC+그래/IC+요위/NNG+로/JKB+올리/VV+면/EC+빠르/VA+게/EC+재생/NNG+할/XSV+ETM+수/NNB+있/VV+는/ETM+거/NNB+죠/VCP+EC"
          },
          {
            "id": 10,
            "text": "A. 네 맞습니다 고객님 위로 올리시면 속도가 빠르게 재생이 되고요",
            "norm_text": "A. 네 맞습니다 고객님 위로 올리시면 속도가 빠르게 재생이 되고요",
            "speaker": {
              "id": "A",
              "sex": "여성",
              "age": "2그룹(30대~40대)"
            },
            "speechAct": "진술하기",
            "morpheme": "A/SL+네/IC+맞/VV+습니다/EF+고객/NNG+님/XSN+위/NNG+로/JKB+올리/VV+시/EP+면/EC+속도/NNG+가/JKS+빠르/VA+게/EC+재생/NNG+이/JKS+되/VV+고요/EC"
          },
          {
            "id": 11,
            "text": "A. 아래 화살표를 누르시면 느리게 재생이 됩니다",
            "norm_text": "A. 아래 화살표를 누르시면 느리게 재생이 됩니다",
            "speaker": {
              "id": "A",
              "sex": "여성",
              "age": "2그룹(30대~40대)"
            },
            "speechAct": "진술하기",
            "morpheme": "A/SL+./SY+아래/NNG+화살표/NNG+를/JKO+누르/VV+시/EP+면/EC+느리/VA+게/EC+재생/NNG+이/JKS+됩니다/VV+EF"
          },
          {
            "id": 12,
            "text": "B. 음 네 알겠습니다 수고하세요",
            "norm_text": "B. 음 네 알겠습니다 수고하세요",
            "speaker": {
              "id": "B",
              "sex": "남성",
              "age": "2그룹(30대~40대)"
            },
            "speechAct": "인사하기",
            "morpheme": "B/SL+음/IC+네/IC+알/VV+겠/EP+습니다/EF+수고/NNG+하/XSV+세요/EP+EF"
          },
          {
            "id": 13,
            "text": "A. 네 지금까지 #@소속# 상담사 #@이름#이었습니다",
            "norm_text": "A. 네 지금까지 #@소속# 상담사 #@이름#이었습니다",
            "speaker": {
              "id": "A",
              "sex": "여성",
              "age": "2그룹(30대~40대)"
            },
            "speechAct": "인사하기",
            "morpheme": "A/SL+네/IC+지금/NNG+까지/JX+#/SY+@/SY+소속/NNG+#/SY+상담/NNG+사/NNG+#/SY+@/SY+이름/NNG+#/SY+이/VCP+었/EP+습니다/EF"
          }
        ]
      }
    }
  ]
}