{
  "dataset": {
    "identifier": 141014,
    "name": "e1_20211115_0006_0671_01",
    "src_path": "/data/file/cubeManager/PROJECT018/91/txt20211110140010094022/e1_20211115_0006_0671_01/",
    "label_path": "/data/file/cubeManager/PROJECT018/91/txt20211110140010094022/e1_20211115_0006_0671_01/",
    "category": 2,
    "type": 0
  },
  "licenses": {
    "name": "Apache License 1.0",
    "url": "http://www.apache.org/licenses/LICENSE-1.0"
  },
  "info": [
    {
      "id": 158648,
      "filename": "e1_0070_0049_02.txt",
      "title": "e1_0070_0049_02",
      "mediatype": "콜센터",
      "medianame": "콜센터",
      "category": "목적대화",
      "date": "2021-11-10",
      "size": 322,
      "annotations": {
        "subject": "프로그램 문의",
        "speaker_type": "1:1",
        "size": 322,
        "word_size": 84,
        "text": "A. 감사합니다 #@소속# 고객센터 #@이름# 입니다\nB. 안녕하세요 저 문의할게 있어서 연락드렸는데요\nB. #@소속#에서 강의를 듣고 있는데 교안 파일은 어디에 있나요\nA. 고객님 교안 파일은 강의 명 옆에 PDF 파일로 업로드되어 있습니다\nB. 음 네 강의명 옆에요\nA. 네 강의 명 오른쪽에 보시면 교안 란이 있을 거예요\nB. 아 네 교안 보이네요 문서 모양 이거 클릭하면 되는 거죠\nA. 네 맞습니다 문서 모양 클릭하셔서 다운로드하시면 돼요\nB. 아 네 알겠습니다 고맙습니다\nA. 추가 문의사항은 없으실까요\nB. 예 없어요 수고하세요\nA. 감사합니다 #@소속# 고객센터 #@이름#이었습니다",
        "lines": [
          {
            "id": 1,
            "text": "A. 감사합니다 #@소속# 고객센터 #@이름# 입니다",
            "norm_text": "A. 감사합니다 #@소속# 고객센터 #@이름# 입니다",
            "speaker": {
              "id": "A",
              "sex": "여성",
              "age": "2그룹(30대~40대)"
            },
            "speechAct": "인사하기",
            "morpheme": "A/SL+./SY+감사/NNG+합니다/XSV+EF+#/SY+@/SY+소속/NNG+#/SY+고객/NNG+센터/NNG+#/SY+@/SY+이름/NNG+#/SY+입니다/VCP+EC"
          },
          {
            "id": 2,
            "text": "B. 안녕하세요 저 문의할게 있어서 연락드렸는데요",
            "norm_text": "B. 안녕하세요 저 문의할게 있어서 연락드렸는데요",
            "speaker": {
              "id": "B",
              "sex": "남성",
              "age": "2그룹(30대~40대)"
            },
            "speechAct": "진술하기",
            "morpheme": "B/SL+./SY+안녕/NNG+하/XSV+세요/EP+EF+저/MM+문의/NNG+할/XSV+ETM+게/NNB+JKS+있/VA+어서/EC+연락/NNG+드렸/VV+EP+는데요/EC"
          },
          {
            "id": 3,
            "text": "B. #@소속#에서 강의를 듣고 있는데 교안 파일은 어디에 있나요",
            "norm_text": "B. #@소속#에서 강의를 듣고 있는데 교안 파일은 어디에 있나요",
            "speaker": {
              "id": "B",
              "sex": "남성",
              "age": "2그룹(30대~40대)"
            },
            "speechAct": "질문하기",
            "morpheme": "B/SL+./SY+#/SY+@/SY+소속/NNG+#/SY+에서/JKB+강의/NNG+를/JKO+듣/VV+고/EC+있/VX+는데/EC+교안/NNG+파일/NNG+은/JX+어디/NP+에/JKB+있/VV+나요/EC"
          },
          {
            "id": 4,
            "text": "A. 고객님 교안 파일은 강의 명 옆에 PDF 파일로 업로드되어 있습니다",
            "norm_text": "A. 고객님 교안 파일은 강의 명 옆에 PDF 파일로 업로드되어 있습니다",
            "speaker": {
              "id": "A",
              "sex": "여성",
              "age": "2그룹(30대~40대)"
            },
            "speechAct": "진술하기",
            "morpheme": "A/SL+./SY+고객/NNG+님/XSN+교안/NNG+파일/NNG+은/JX+강의/NNG+명/XSN+옆/NNG+에/JKB+PDF/SL+파일/NNG+로/JKB+업로드/NNG+되/XSV+어/EC+있/VX+습니다/EF"
          },
          {
            "id": 5,
            "text": "B. 음 네 강의명 옆에요",
            "norm_text": "B. 음 네 강의명 옆에요",
            "speaker": {
              "id": "B",
              "sex": "남성",
              "age": "2그룹(30대~40대)"
            },
            "speechAct": "진술하기",
            "morpheme": "B/SL+음/IC+네/IC+강의/NNG+명/XSN+옆/NNG+에/JKB+요/JX"
          },
          {
            "id": 6,
            "text": "A. 네 강의 명 오른쪽에 보시면 교안 란이 있을 거예요",
            "norm_text": "A. 네 강의 명 오른쪽에 보시면 교안 란이 있을 거예요",
            "speaker": {
              "id": "A",
              "sex": "여성",
              "age": "2그룹(30대~40대)"
            },
            "speechAct": "진술하기",
            "morpheme": "A/SL+네/IC+강의/NNG+명/XSN+오른쪽/NNG+에/JKB+보/VV+시/EP+면/EC+교안/NNG+란/NNG+이/JKS+있/VV+을/ETM+거/NNB+예요/VCP+EF"
          },
          {
            "id": 7,
            "text": "B. 아 네 교안 보이네요 문서 모양 이거 클릭하면 되는 거죠",
            "norm_text": "B. 아 네 교안 보이네요 문서 모양 이거 클릭하면 되는 거죠",
            "speaker": {
              "id": "B",
              "sex": "남성",
              "age": "2그룹(30대~40대)"
            },
            "speechAct": "질문하기",
            "morpheme": "B/SL+아/IC+네/MM+교/NNBC+안/MAG+보이/VV+네요/EF+문서/NNG+모양/JKB+이거/NP+클릭/NNG+하/XSV+면/EC+되/VV+는/ETM+거/NNB+죠/VCP+EC"
          },
          {
            "id": 8,
            "text": "A. 네 맞습니다 문서 모양 클릭하셔서 다운로드하시면 돼요",
            "norm_text": "A. 네 맞습니다 문서 모양 클릭하셔서 다운로드하시면 돼요",
            "speaker": {
              "id": "A",
              "sex": "여성",
              "age": "2그룹(30대~40대)"
            },
            "speechAct": "진술하기",
            "morpheme": "A/SL+네/IC+맞/VV+습니다/EF+문서/NNG+모양/NNG+클릭/NNG+하/XSV+셔서/EP+EC+다운로드/NNG+하/XSV+시/EP+면/EC+돼요/VV+EC"
          },
          {
            "id": 9,
            "text": "B. 아 네 알겠습니다 고맙습니다",
            "norm_text": "B. 아 네 알겠습니다 고맙습니다",
            "speaker": {
              "id": "B",
              "sex": "남성",
              "age": "2그룹(30대~40대)"
            },
            "speechAct": "감사하기",
            "morpheme": "B/SL+아/IC+네/IC+알/VV+겠/EP+습니다/EF+고맙/VA+습니다/EF"
          },
          {
            "id": 10,
            "text": "A. 추가 문의사항은 없으실까요",
            "norm_text": "A. 추가 문의사항은 없으실까요",
            "speaker": {
              "id": "A",
              "sex": "여성",
              "age": "2그룹(30대~40대)"
            },
            "speechAct": "질문하기",
            "morpheme": "A/SL+./SY+추가/NNG+문/NNG+의/JKG+사항/NNG+은/JX+없/VA+으실까/EP+EP+EF+요/MM"
          },
          {
            "id": 11,
            "text": "B. 예 없어요 수고하세요",
            "norm_text": "B. 예 없어요 수고하세요",
            "speaker": {
              "id": "B",
              "sex": "남성",
              "age": "2그룹(30대~40대)"
            },
            "speechAct": "인사하기",
            "morpheme": "B/SL+예/IC+없/VA+어요/EF+수고/NNG+하/XSV+세요/EP+EF"
          },
          {
            "id": 12,
            "text": "A. 감사합니다 #@소속# 고객센터 #@이름#이었습니다",
            "norm_text": "A. 감사합니다 #@소속# 고객센터 #@이름#이었습니다",
            "speaker": {
              "id": "A",
              "sex": "여성",
              "age": "2그룹(30대~40대)"
            },
            "speechAct": "인사하기",
            "morpheme": "A/SL+./SY+감사/NNG+합니다/XSV+EF+#/SY+@/SY+소속/NNG+#/SY+고객/NNG+센터/NNG+#/SY+@/SY+이름/NNG+#/SY+이/VCP+었/EP+습니다/EF"
          }
        ]
      }
    }
  ]
}