{
  "dataset": {
    "identifier": 141042,
    "name": "e1_20211115_0006_0699_01",
    "src_path": "/data/file/cubeManager/PROJECT018/91/txt202111101400130349103/e1_20211115_0006_0699_01/",
    "label_path": "/data/file/cubeManager/PROJECT018/91/txt202111101400130349103/e1_20211115_0006_0699_01/",
    "category": 2,
    "type": 0
  },
  "licenses": {
    "name": "Apache License 1.0",
    "url": "http://www.apache.org/licenses/LICENSE-1.0"
  },
  "info": [
    {
      "id": 158945,
      "filename": "e1_0071_0141_02.txt",
      "title": "e1_0071_0141_02",
      "mediatype": "콜센터",
      "medianame": "콜센터",
      "category": "목적대화",
      "date": "2021-11-10",
      "size": 372,
      "annotations": {
        "subject": "프로그램 문의",
        "speaker_type": "1:1",
        "size": 372,
        "word_size": 83,
        "text": "A.반갑습니다 #@소속# 상담사 #@이름# 입니다\nB.강좌 구매할려고 하는데요 얼마 동안이나 이용 가능한가요\nA.네 고객님 구매하실 강좌명을 클릭하면 수강 기간이 확인이 되시는데요\nB.아 지금 홈페이지 접속해 있는데 자세히 알려주시겠어요\nA.구매하실 강좌명을 클릭해주시겠어요\nB.수강기간 90일 이라고 나오는데 이거 맞죠\nA.네 맞습니다 기재된 데로 90일이 이용 가능한 기간이세요\nB.혹시 강좌를 구매하면 바로 수강 시작 해야하나요\nA.수강 시작일은 7일 이내로 설정할 수 있으세요\nB.7일이 지나면 자동으로 수강이 시작되나요\nA.네 7일이 지나면 자동으로 수강이 시작 되세요\nB.아 그렇군요 알겠습니다\nA.고객님 추가문의 사항 있으실때 언제든지 문의주세요 상담원 #@이름# 이었습니다",
        "lines": [
          {
            "id": 1,
            "text": "A.반갑습니다 #@소속# 상담사 #@이름# 입니다",
            "norm_text": "A.반갑습니다 #@소속# 상담사 #@이름# 입니다",
            "speaker": {
              "id": "A",
              "sex": "여성",
              "age": "2그룹(30대~40대)"
            },
            "speechAct": "인사하기",
            "morpheme": "A/SL+반갑/VA+습니다/EF+#/SY+@/SY+소속/NNG+#/SY+상담/NNG+사/NNG+#/SY+@/SY+이름/NNG+#/SY+입니다/VCP+EC"
          },
          {
            "id": 2,
            "text": "B.강좌 구매할려고 하는데요 얼마 동안이나 이용 가능한가요",
            "norm_text": "B.강좌 구매할려고 하는데요 얼마 동안이나 이용 가능한가요",
            "speaker": {
              "id": "B",
              "sex": "남성",
              "age": "2그룹(30대~40대)"
            },
            "speechAct": "질문하기",
            "morpheme": "B/SL+./SY+강좌/NNG+구매/NNG+할려고/XSV+EC+하/VV+는데요/EC+얼마/NNG+동안/NNG+이나/JC+이용/NNG+가능/NNG+한/XSA+ETM+가요/NNG"
          },
          {
            "id": 3,
            "text": "A.네 고객님 구매하실 강좌명을 클릭하면 수강 기간이 확인이 되시는데요",
            "norm_text": "A.네 고객님 구매하실 강좌명을 클릭하면 수강 기간이 확인이 되시는데요",
            "speaker": {
              "id": "A",
              "sex": "여성",
              "age": "2그룹(30대~40대)"
            },
            "speechAct": "진술하기",
            "morpheme": "A/SL+네/IC+고객/NNG+님/XSN+구매/NNG+하/XSV+실/EP+ETM+강좌/NNG+명/NNG+을/JKO+클릭/NNG+하/XSV+면/EC+수강/NNG+기간/NNG+이/JKS+확인/NNG+이/JKS+되/VV+시/EP+는데요/EC"
          },
          {
            "id": 4,
            "text": "B.아 지금 홈페이지 접속해 있는데 자세히 알려주시겠어요",
            "norm_text": "B.아 지금 홈페이지 접속해 있는데 자세히 알려주시겠어요",
            "speaker": {
              "id": "B",
              "sex": "남성",
              "age": "2그룹(30대~40대)"
            },
            "speechAct": "명령하기/요구하기",
            "morpheme": "B/SL+아/IC+지금/MAG+홈페이지/NNG+접속/NNG+해/XSV+EC+있/VX+는데/EC+자세히/MAG+알려/VV+EC+주/VX+시/EP+겠/EP+어요/EF"
          },
          {
            "id": 5,
            "text": "A.구매하실 강좌명을 클릭해주시겠어요",
            "norm_text": "A.구매하실 강좌명을 클릭해주시겠어요",
            "speaker": {
              "id": "A",
              "sex": "여성",
              "age": "2그룹(30대~40대)"
            },
            "speechAct": "명령하기/요구하기",
            "morpheme": "A/SL+./SY+구매/NNG+하/XSV+실/EP+ETM+강좌/NNG+명/NNG+을/JKO+클릭/NNG+해/XSV+EC+주/VX+시/EP+겠/EP+어요/EF"
          },
          {
            "id": 6,
            "text": "B.수강기간 90일 이라고 나오는데 이거 맞죠",
            "norm_text": "B.수강기간 90일 이라고 나오는데 이거 맞죠",
            "speaker": {
              "id": "B",
              "sex": "남성",
              "age": "2그룹(30대~40대)"
            },
            "speechAct": "질문하기",
            "morpheme": "B/SL+./SY+수강/NNG+기간/NNG+90/SN+일/NNBC+이/VCP+라고/EC+나오/VV+는데/EC+이거/NP+맞/VV+죠/EC"
          },
          {
            "id": 7,
            "text": "A.네 맞습니다 기재된 데로 90일이 이용 가능한 기간이세요",
            "norm_text": "A.네 맞습니다 기재된 데로 90일이 이용 가능한 기간이세요",
            "speaker": {
              "id": "A",
              "sex": "여성",
              "age": "2그룹(30대~40대)"
            },
            "speechAct": "진술하기",
            "morpheme": "A/SL+네/IC+맞/VV+습니다/EF+기재/NNG+된/XSV+ETM+데/NNB+로/JKB+90/SN+일/NNBC+이/JKS+이용/NNG+가능/NNG+한/XSA+ETM+기간/NNG+이/VCP+세요/EP+EF"
          },
          {
            "id": 8,
            "text": "B.혹시 강좌를 구매하면 바로 수강 시작 해야하나요",
            "norm_text": "B.혹시 강좌를 구매하면 바로 수강 시작 해야하나요",
            "speaker": {
              "id": "B",
              "sex": "남성",
              "age": "2그룹(30대~40대)"
            },
            "speechAct": "질문하기",
            "morpheme": "B/SL+혹시/MAG+강좌/NNG+를/JKO+구매/NNG+하/XSV+면/EC+바로/MAG+수강/NNG+시작/NNG+해야/XSV+EC+하/VV+나요/EC"
          },
          {
            "id": 9,
            "text": "A.수강 시작일은 7일 이내로 설정할 수 있으세요",
            "norm_text": "A.수강 시작일은 7일 이내로 설정할 수 있으세요",
            "speaker": {
              "id": "A",
              "sex": "여성",
              "age": "2그룹(30대~40대)"
            },
            "speechAct": "진술하기",
            "morpheme": "A/SL+./SY+수강/NNG+시작/NNG+일/NNG+은/JX+7/SN+일/NNBC+이내/NNG+로/JKB+설정/NNG+할/XSV+ETM+수/NNB+있/VV+으세요/EC"
          },
          {
            "id": 10,
            "text": "B.7일이 지나면 자동으로 수강이 시작되나요",
            "norm_text": "B.7일이 지나면 자동으로 수강이 시작되나요",
            "speaker": {
              "id": "B",
              "sex": "남성",
              "age": "2그룹(30대~40대)"
            },
            "speechAct": "질문하기",
            "morpheme": "B/SL+./SY+7/SN+일/NNBC+이/VCP+지/EC+나/VX+면/EC+자동/NNG+으로/JKB+수강/NNG+이/JKS+시작/NNG+되/XSV+나요/EC"
          },
          {
            "id": 11,
            "text": "A.네 7일이 지나면 자동으로 수강이 시작 되세요",
            "norm_text": "A.네 7일이 지나면 자동으로 수강이 시작 되세요",
            "speaker": {
              "id": "A",
              "sex": "여성",
              "age": "2그룹(30대~40대)"
            },
            "speechAct": "진술하기",
            "morpheme": "A/SL+네/MM+7/SN+일/NNBC+이/VCP+지/EC+나/VX+면/EC+자동/NNG+으로/JKB+수강/NNG+이/JKS+시작/NNG+되/XSV+세요/EP+EF"
          },
          {
            "id": 12,
            "text": "B.아 그렇군요 알겠습니다",
            "norm_text": "B.아 그렇군요 알겠습니다",
            "speaker": {
              "id": "B",
              "sex": "남성",
              "age": "2그룹(30대~40대)"
            },
            "speechAct": "진술하기",
            "morpheme": "B/SL+아/IC+그렇/VA+군요/EC+알/VV+겠/EP+습니다/EF"
          },
          {
            "id": 13,
            "text": "A.고객님 추가문의 사항 있으실때 언제든지 문의주세요 상담원 #@이름# 이었습니다",
            "norm_text": "A.고객님 추가문의 사항 있으실때 언제든지 문의주세요 상담원 #@이름# 이었습니다",
            "speaker": {
              "id": "A",
              "sex": "여성",
              "age": "2그룹(30대~40대)"
            },
            "speechAct": "인사하기",
            "morpheme": "A/SL+./SY+고객/NNG+님/XSN+추가/NNG+문/NNG+의/JKG+사항/NNG+있/VV+으실/EP+ETM+때/NNG+언제든지/MAG+문/NNG+의/JKG+주세요/NNP+상담원/NNG+#/SY+@/SY+이름/NNG+#/SY+이/VCP+었/EP+습니다/EF"
          }
        ]
      }
    }
  ]
}