{
  "dataset": {
    "identifier": 140982,
    "name": "e1_20211115_0006_06340_01",
    "src_path": "/data/file/cubeManager/PROJECT018/91/txt202111101400090295109/e1_20211115_0006_06340_01/",
    "label_path": "/data/file/cubeManager/PROJECT018/91/txt202111101400090295109/e1_20211115_0006_06340_01/",
    "category": 2,
    "type": 0
  },
  "licenses": {
    "name": "Apache License 1.0",
    "url": "http://www.apache.org/licenses/LICENSE-1.0"
  },
  "info": [
    {
      "id": 158419,
      "filename": "e1_0069_0062_02.txt",
      "title": "e1_0069_0062_02",
      "mediatype": "콜센터",
      "medianame": "콜센터",
      "category": "목적대화",
      "date": "2021-11-10",
      "size": 401,
      "annotations": {
        "subject": "프로그램 문의",
        "speaker_type": "1:1",
        "size": 401,
        "word_size": 102,
        "text": "A.행복 가득한 #@소속# 상담원 #@이름#입니다\nB.네 #@소속# 수강생인데요 문제가 생겨서요\nA.네 천천히 말씀해 주세요\nB.제가 여기서만 강의를 들어서 듣는 강의가 많은데요\nB.나의 학습방 들어가면 5개만 떠서 전체를 한 번에 볼 수는 없나 해서요\nA.예 고객님 원래 말씀하신 나의 수강 강좌에는 5개만 나오시는 게 맞고요\nA.수강 중인 강좌 전체 보기 메뉴를 누르셔야 전체 강좌 확인하실 수 있으세요\nB.아 네 그런데 이거 순서를 좀 제가 바꿀 수 있나요\nA.예 강좌명에 달려있는 별 모양을 누르시면요\nA.즐겨 찾는 강좌로 설정이 되시거든요\nB.아 그런 다음 즐겨 찾는 강좌 순으로 하면 되겠네요\nA.예 그러시면 쉽게 강좌를 찾아서 수강하실 수 있으실 거예요\nB.네 친절한 설명 감사합니다\nA.감사합니다 #@소속# #@이름#이었습니다",
        "lines": [
          {
            "id": 1,
            "text": "A.행복 가득한 #@소속# 상담원 #@이름#입니다",
            "norm_text": "A.행복 가득한 #@소속# 상담원 #@이름#입니다",
            "speaker": {
              "id": "A",
              "sex": "여성",
              "age": "2그룹(30대~40대)"
            },
            "speechAct": "인사하기",
            "morpheme": "A/SL+./SY+행복/NNG+가득/MAG+한/XSA+ETM+#/SY+@/SY+소속/NNG+#/SY+상담원/NNG+#/SY+@/SY+이름/NNG+#/SY+입니다/VCP+EC"
          },
          {
            "id": 2,
            "text": "B.네 #@소속# 수강생인데요 문제가 생겨서요",
            "norm_text": "B.네 #@소속# 수강생인데요 문제가 생겨서요",
            "speaker": {
              "id": "B",
              "sex": "남성",
              "age": "2그룹(30대~40대)"
            },
            "speechAct": "진술하기",
            "morpheme": "B/SL+네/IC+#/SY+@/SY+소속/NNG+#/SY+수강/NNG+생/XSN+인데요/VCP+EC+문제/NNG+가/JKS+생겨서/VV+EC+요/JX"
          },
          {
            "id": 3,
            "text": "A.네 천천히 말씀해 주세요",
            "norm_text": "A.네 천천히 말씀해 주세요",
            "speaker": {
              "id": "A",
              "sex": "여성",
              "age": "2그룹(30대~40대)"
            },
            "speechAct": "명령하기/요구하기",
            "morpheme": "A/SL+네/IC+천천히/MAG+말씀/NNG+해/XSV+EC+주/VX+세요/EP+EF"
          },
          {
            "id": 4,
            "text": "B.제가 여기서만 강의를 들어서 듣는 강의가 많은데요",
            "norm_text": "B.제가 여기서만 강의를 들어서 듣는 강의가 많은데요",
            "speaker": {
              "id": "B",
              "sex": "남성",
              "age": "2그룹(30대~40대)"
            },
            "speechAct": "진술하기",
            "morpheme": "B/SL+제/NP+가/JKS+여기/NP+서/JKB+만/JX+강의/NNG+를/JKO+들/VV+어서/EC+듣/VV+는/ETM+강의/NNG+가/JKS+많/VA+은데요/EC"
          },
          {
            "id": 5,
            "text": "B.나의 학습방 들어가면 5개만 떠서 전체를 한 번에 볼 수는 없나 해서요",
            "norm_text": "B.나의 학습방 들어가면 5개만 떠서 전체를 한 번에 볼 수는 없나 해서요",
            "speaker": {
              "id": "B",
              "sex": "남성",
              "age": "2그룹(30대~40대)"
            },
            "speechAct": "진술하기",
            "morpheme": "B/SL+나/NP+의/JKG+학습/NNG+방/NNG+들어가/VV+면/EC+5/SN+개/NNBC+만/JX+떠서/VV+EC+전체/NNG+를/JKO+한/MM+번/NNBC+에/JKB+볼/VV+ETM+수/NNB+는/JX+없/VA+나/EC+해서/VX+EC+VCP+요/EC"
          },
          {
            "id": 6,
            "text": "A.예 고객님 원래 말씀하신 나의 수강 강좌에는 5개만 나오시는 게 맞고요",
            "norm_text": "A.예 고객님 원래 말씀하신 나의 수강 강좌에는 5개만 나오시는 게 맞고요",
            "speaker": {
              "id": "A",
              "sex": "여성",
              "age": "2그룹(30대~40대)"
            },
            "speechAct": "진술하기",
            "morpheme": "A/SL+예/IC+고객/NNG+님/XSN+원래/MAG+말씀/NNG+하/XSV+신/EP+ETM+나/NP+의/JKG+수강/NNG+강좌/NNG+에/JKB+는/JX+5/SN+개/NNBC+만/JX+나오/VV+시/EP+는/ETM+게/NNB+JKS+맞/VV+고요/EC"
          },
          {
            "id": 7,
            "text": "A.수강 중인 강좌 전체 보기 메뉴를 누르셔야 전체 강좌 확인하실 수 있으세요",
            "norm_text": "A.수강 중인 강좌 전체 보기 메뉴를 누르셔야 전체 강좌 확인하실 수 있으세요",
            "speaker": {
              "id": "A",
              "sex": "여성",
              "age": "2그룹(30대~40대)"
            },
            "speechAct": "진술하기",
            "morpheme": "A/SL+./SY+수강/NNG+중/NNB+인/VCP+ETM+강좌/NNG+전체/NNG+보/VV+기/ETN+메뉴/NNG+를/JKO+누르/VV+셔야/EP+EC+전체/NNG+강좌/NNG+확인/NNG+하/XSV+실/EP+ETM+수/NNB+있/VV+으세요/EC"
          },
          {
            "id": 8,
            "text": "B.아 네 그런데 이거 순서를 좀 제가 바꿀 수 있나요",
            "norm_text": "B.아 네 그런데 이거 순서를 좀 제가 바꿀 수 있나요",
            "speaker": {
              "id": "B",
              "sex": "남성",
              "age": "2그룹(30대~40대)"
            },
            "speechAct": "질문하기",
            "morpheme": "B/SL+아/IC+네/IC+그런데/MAJ+이거/NP+순서/NNG+를/JKO+좀/MAG+제/NP+가/JKS+바꿀/VV+ETM+수/NNB+있/VV+나요/EC"
          },
          {
            "id": 9,
            "text": "A.예 강좌명에 달려있는 별 모양을 누르시면요",
            "norm_text": "A.예 강좌명에 달려있는 별 모양을 누르시면요",
            "speaker": {
              "id": "A",
              "sex": "여성",
              "age": "2그룹(30대~40대)"
            },
            "speechAct": "진술하기",
            "morpheme": "A/SL+./SY+예강/NNP+좌명/NNG+에/JKB+달려/VV+EC+있/VX+는/ETM+별/MM+모양/NNG+을/JKO+누르/VV+시/EP+면/EC+요/JX"
          },
          {
            "id": 10,
            "text": "A.즐겨 찾는 강좌로 설정이 되시거든요",
            "norm_text": "A.즐겨 찾는 강좌로 설정이 되시거든요",
            "speaker": {
              "id": "A",
              "sex": "여성",
              "age": "2그룹(30대~40대)"
            },
            "speechAct": "진술하기",
            "morpheme": "A/SL+즐겨/VV+EC+찾/VV+는/ETM+강좌/NNG+로/JKB+설정/NNG+이/JKS+되/VV+시/EP+거든요/EF"
          },
          {
            "id": 11,
            "text": "B.아 그런 다음 즐겨 찾는 강좌 순으로 하면 되겠네요",
            "norm_text": "B.아 그런 다음 즐겨 찾는 강좌 순으로 하면 되겠네요",
            "speaker": {
              "id": "B",
              "sex": "남성",
              "age": "2그룹(30대~40대)"
            },
            "speechAct": "진술하기",
            "morpheme": "B/SL+아/IC+그런/MM+다음/NNG+즐겨/VV+EC+찾/VV+는강/EC+좌순/NNG+으로/JKB+하/VV+면/EC+되/VV+겠/EP+네요/EC"
          },
          {
            "id": 12,
            "text": "A.예 그러시면 쉽게 강좌를 찾아서 수강하실 수 있으실 거예요",
            "norm_text": "A.예 그러시면 쉽게 강좌를 찾아서 수강하실 수 있으실 거예요",
            "speaker": {
              "id": "A",
              "sex": "여성",
              "age": "2그룹(30대~40대)"
            },
            "speechAct": "진술하기",
            "morpheme": "A/SL+예/IC+그러/VV+시/EP+면/EC+쉽/VA+게/EC+강좌/NNG+를/JKO+찾/VV+아서/EC+수강/NNG+하/XSV+실/EP+ETM+수/NNB+있/VV+으실/EP+ETM+거/NNB+예요/VCP+EF"
          },
          {
            "id": 13,
            "text": "B.네 친절한 설명 감사합니다",
            "norm_text": "B.네 친절한 설명 감사합니다",
            "speaker": {
              "id": "B",
              "sex": "남성",
              "age": "2그룹(30대~40대)"
            },
            "speechAct": "감사하기",
            "morpheme": "B/SL+네/IC+친절/NNG+한/XSA+ETM+설명/NNG+감사/NNG+합니다/XSV+EC"
          },
          {
            "id": 14,
            "text": "A.감사합니다 #@소속# #@이름#이었습니다",
            "norm_text": "A.감사합니다 #@소속# #@이름#이었습니다",
            "speaker": {
              "id": "A",
              "sex": "여성",
              "age": "2그룹(30대~40대)"
            },
            "speechAct": "인사하기",
            "morpheme": "A/SL+./SY+감사/NNG+합니다/XSV+EF+#/SY+@/SY+소속/NNG+#/SY+#/SY+@/SY+이름/NNG+#/SY+이/VCP+었/EP+습니다/EF"
          }
        ]
      }
    }
  ]
}