{
  "dataset": {
    "identifier": 140989,
    "name": "e1_20211115_0006_0646_01",
    "src_path": "/data/file/cubeManager/PROJECT018/91/txt20211110140010073752/e1_20211115_0006_0646_01/",
    "label_path": "/data/file/cubeManager/PROJECT018/91/txt20211110140010073752/e1_20211115_0006_0646_01/",
    "category": 2,
    "type": 0
  },
  "licenses": {
    "name": "Apache License 1.0",
    "url": "http://www.apache.org/licenses/LICENSE-1.0"
  },
  "info": [
    {
      "id": 158623,
      "filename": "e1_0070_0024_02.txt",
      "title": "e1_0070_0024_02",
      "mediatype": "콜센터",
      "medianame": "콜센터",
      "category": "목적대화",
      "date": "2021-11-10",
      "size": 391,
      "annotations": {
        "subject": "프로그램 문의",
        "speaker_type": "1:1",
        "size": 391,
        "word_size": 98,
        "text": "A. 문의주셔서 감사합니다 #@소속# 고객센터 #@이름#입니다\nB. 네 안녕하세요 제가 #@소속# 동영상을 듣고 있는데요\nA. 네 고객님 무엇을 도와드릴까요\nB. 이거 PC로 듣고 있는데 단축키는 어떻게 확인하나요\nA. 고객님 단축키 확인하시는 방법에 대해 알려드리겠습니다\nB. 예 지금 강의 켜놨어요\nA. 네 그러시면 그 화면에서 오른쪽 하단을 보시면 메뉴가 보이실 거예요\nB. 예 전체화면 옆에 메뉴 보이네요\nA. 메뉴를 누르시고 다섯 개의 메뉴 아이콘이 뜨면 물음표 아이콘을 클릭하시면 되세요\nB. 아 예 물음표 모양이요\nA. 네 물음표 모양 아이콘을 클릭하시면 단축키 도움말 화면이 뜰 거예요\nB. 네 뜨네요 여기서 보고 단축키 써볼게요 감사합니다 수고하세요\nA. 감사합니다 #@소속# 고객센터 #@이름#이었습니다",
        "lines": [
          {
            "id": 1,
            "text": "A. 문의주셔서 감사합니다 #@소속# 고객센터 #@이름#입니다",
            "norm_text": "A. 문의주셔서 감사합니다 #@소속# 고객센터 #@이름#입니다",
            "speaker": {
              "id": "A",
              "sex": "여성",
              "age": "2그룹(30대~40대)"
            },
            "speechAct": "인사하기",
            "morpheme": "A/SL+./SY+문/NNG+의/JKG+주/VV+셔서/EP+EC+감사/NNG+합니다/XSV+EF+#/SY+@/SY+소속/NNG+#/SY+고객/NNG+센터/NNG+#/SY+@/SY+이름/NNG+#/SY+입니다/VCP+EC"
          },
          {
            "id": 2,
            "text": "B. 네 안녕하세요 제가 #@소속# 동영상을 듣고 있는데요",
            "norm_text": "B. 네 안녕하세요 제가 #@소속# 동영상을 듣고 있는데요",
            "speaker": {
              "id": "B",
              "sex": "남성",
              "age": "2그룹(30대~40대)"
            },
            "speechAct": "진술하기",
            "morpheme": "B/SL+네/IC+안녕/NNG+하/XSV+세요/EP+EF+제/NP+가/JKS+#/SY+@/SY+소속/NNG+#/SY+동영상/NNG+을/JKO+듣/VV+고/EC+있/VX+는데요/EC"
          },
          {
            "id": 3,
            "text": "A. 네 고객님 무엇을 도와드릴까요",
            "norm_text": "A. 네 고객님 무엇을 도와드릴까요",
            "speaker": {
              "id": "A",
              "sex": "여성",
              "age": "2그룹(30대~40대)"
            },
            "speechAct": "질문하기",
            "morpheme": "A/SL+네/IC+고객/NNG+님/XSN+무엇/NP+을/JKO+도와/VV+EC+드릴까요/VX+EC"
          },
          {
            "id": 4,
            "text": "B. 이거 PC로 듣고 있는데 단축키는 어떻게 확인하나요",
            "norm_text": "B. 이거 PC로 듣고 있는데 단축키는 어떻게 확인하나요",
            "speaker": {
              "id": "B",
              "sex": "남성",
              "age": "2그룹(30대~40대)"
            },
            "speechAct": "질문하기",
            "morpheme": "B/SL+이거/NP+PC/SL+로/JKB+듣/VV+고/EC+있/VX+는데/EC+단축키/NNG+는/JX+어떻게/MAG+확인/NNG+하/XSV+나요/EC"
          },
          {
            "id": 5,
            "text": "A. 고객님 단축키 확인하시는 방법에 대해 알려드리겠습니다",
            "norm_text": "A. 고객님 단축키 확인하시는 방법에 대해 알려드리겠습니다",
            "speaker": {
              "id": "A",
              "sex": "여성",
              "age": "2그룹(30대~40대)"
            },
            "speechAct": "진술하기",
            "morpheme": "A/SL+./SY+고객/NNG+님/XSN+단축키/NNG+확인/NNG+하/XSV+시/EP+는/ETM+방법/NNG+에/JKB+대해/VV+EC+알려/VV+EC+드리/VX+겠/EP+습니다/EF"
          },
          {
            "id": 6,
            "text": "B. 예 지금 강의 켜놨어요",
            "norm_text": "B. 예 지금 강의 켜놨어요",
            "speaker": {
              "id": "B",
              "sex": "남성",
              "age": "2그룹(30대~40대)"
            },
            "speechAct": "진술하기",
            "morpheme": "B/SL+예/IC+지금/MAG+강의/NNG+켜/VV+EC+놨어요/VX+EP+EF"
          },
          {
            "id": 7,
            "text": "A. 네 그러시면 그 화면에서 오른쪽 하단을 보시면 메뉴가 보이실 거예요",
            "norm_text": "A. 네 그러시면 그 화면에서 오른쪽 하단을 보시면 메뉴가 보이실 거예요",
            "speaker": {
              "id": "A",
              "sex": "여성",
              "age": "2그룹(30대~40대)"
            },
            "speechAct": "진술하기",
            "morpheme": "A/SL+네/IC+그러/VV+시/EP+면/EC+그/MM+화면/NNG+에서/JKB+오른쪽/NNG+하단/NNG+을/JKO+보/VV+시/EP+면/EC+메뉴/NNG+가/JKS+보이/VV+실/EP+ETM+거/NNB+예요/VCP+EF"
          },
          {
            "id": 8,
            "text": "B. 예 전체화면 옆에 메뉴 보이네요",
            "norm_text": "B. 예 전체화면 옆에 메뉴 보이네요",
            "speaker": {
              "id": "B",
              "sex": "남성",
              "age": "2그룹(30대~40대)"
            },
            "speechAct": "진술하기",
            "morpheme": "B/SL+예/IC+전체/NNG+화면/NNG+옆/NNG+에/JKB+메뉴/NNG+보이/VV+네요/EC"
          },
          {
            "id": 9,
            "text": "A. 메뉴를 누르시고 다섯 개의 메뉴 아이콘이 뜨면 물음표 아이콘을 클릭하시면 되세요",
            "norm_text": "A. 메뉴를 누르시고 다섯 개의 메뉴 아이콘이 뜨면 물음표 아이콘을 클릭하시면 되세요",
            "speaker": {
              "id": "A",
              "sex": "여성",
              "age": "2그룹(30대~40대)"
            },
            "speechAct": "명령하기/요구하기",
            "morpheme": "A/SL+./SY+메뉴/NNG+를/JKO+누르/VV+시/EP+고/EC+다섯/NR+개/NNBC+의/JKG+메뉴/NNG+아이콘/NNG+이/JKS+뜨/VV+면/EC+물음표/NNG+아이콘/NNG+을/JKO+클릭/NNG+하/XSV+시/EP+면/EC+되/VV+세요/EP+EF"
          },
          {
            "id": 10,
            "text": "B. 아 예 물음표 모양이요",
            "norm_text": "B. 아 예 물음표 모양이요",
            "speaker": {
              "id": "B",
              "sex": "남성",
              "age": "2그룹(30대~40대)"
            },
            "speechAct": "질문하기",
            "morpheme": "B/SL+아예/MAG+물음표/NNG+모양/NNG+이/VCP+요/EC"
          },
          {
            "id": 11,
            "text": "A. 네 물음표 모양 아이콘을 클릭하시면 단축키 도움말 화면이 뜰 거예요",
            "norm_text": "A. 네 물음표 모양 아이콘을 클릭하시면 단축키 도움말 화면이 뜰 거예요",
            "speaker": {
              "id": "A",
              "sex": "여성",
              "age": "2그룹(30대~40대)"
            },
            "speechAct": "진술하기",
            "morpheme": "A/SL+네/IC+물음표/NNG+모양/NNG+아이콘/NNG+을/JKO+클릭/NNG+하/XSV+시/EP+면/EC+단축키/NNG+도움/NNG+말/NNG+화면/NNG+이/JKS+뜰/VV+ETM+거/NNB+예요/VCP+EF"
          },
          {
            "id": 12,
            "text": "B. 네 뜨네요 여기서 보고 단축키 써볼게요 감사합니다 수고하세요",
            "norm_text": "B. 네 뜨네요 여기서 보고 단축키 써볼게요 감사합니다 수고하세요",
            "speaker": {
              "id": "B",
              "sex": "남성",
              "age": "2그룹(30대~40대)"
            },
            "speechAct": "감사하기",
            "morpheme": "B/SL+네/IC+뜨/VV+네요/EF+여기/NP+서/JKB+보/VV+고/EC+단축키/NNG+써/VV+EC+볼게요/VX+EF+감사/NNG+합니다/XSV+EF+수고/NNG+하/XSV+세요/EP+EF"
          },
          {
            "id": 13,
            "text": "A. 감사합니다 #@소속# 고객센터 #@이름#이었습니다",
            "norm_text": "A. 감사합니다 #@소속# 고객센터 #@이름#이었습니다",
            "speaker": {
              "id": "A",
              "sex": "여성",
              "age": "2그룹(30대~40대)"
            },
            "speechAct": "인사하기",
            "morpheme": "A/SL+./SY+감사/NNG+합니다/XSV+EF+#/SY+@/SY+소속/NNG+#/SY+고객/NNG+센터/NNG+#/SY+@/SY+이름/NNG+#/SY+이/VCP+었/EP+습니다/EF"
          }
        ]
      }
    }
  ]
}