{
  "dataset": {
    "identifier": 140978,
    "name": "e1_20211115_0006_0636_01",
    "src_path": "/data/file/cubeManager/PROJECT018/91/txt20211110140009026251/e1_20211115_0006_0636_01/",
    "label_path": "/data/file/cubeManager/PROJECT018/91/txt20211110140009026251/e1_20211115_0006_0636_01/",
    "category": 2,
    "type": 0
  },
  "licenses": {
    "name": "Apache License 1.0",
    "url": "http://www.apache.org/licenses/LICENSE-1.0"
  },
  "info": [
    {
      "id": 158415,
      "filename": "e1_0069_0058_02.txt",
      "title": "e1_0069_0058_02",
      "mediatype": "콜센터",
      "medianame": "콜센터",
      "category": "목적대화",
      "date": "2021-11-10",
      "size": 424,
      "annotations": {
        "subject": "프로그램 문의",
        "speaker_type": "1:1",
        "size": 424,
        "word_size": 91,
        "text": "A.최상의 서비스로 모시겠습니다 #@소속# 상담원 #@이름#입니다\nB.논술능력 진단평가가 뭔지 궁금해서 전화드렸어요\nA.네 고객님 말씀하신 논술능력 진단평가는요\nA.저희 #@소속# 중학생 회원님들을 위한 진단평가입니다\nB.중학교 과정에서 논술이 중요한 부분이 뭔가요\nA.중학교 과정으로 접어들면 지문에 대한 독해력을 기반으로요\nA.문제 해결력을 향상시켜야 하는 시기이기 때문에 논술이 아주 중요합니다\nB.그러면 논술능력 진단평가 항목이 어떻게 되나요\nA.크게 어휘력 독해력 논증력 표현력이 해당이 되시고요\nA.평가를 진행하시면 이 항목을 세세히 분석해서 학습법을 제시해 드립니다\nB.검사 비용이 저렴하던데 한번 응시해보라고 해야겠네요\nA.네 나의 학습방 평가 검사센터에서 응시 및 결과 확인 가능하세요\nB.네 자세한 설명 감사합니다\nA.좋은 하루 보내세요 상담원 #@이름#이었습니다",
        "lines": [
          {
            "id": 1,
            "text": "A.최상의 서비스로 모시겠습니다 #@소속# 상담원 #@이름#입니다",
            "norm_text": "A.최상의 서비스로 모시겠습니다 #@소속# 상담원 #@이름#입니다",
            "speaker": {
              "id": "A",
              "sex": "여성",
              "age": "2그룹(30대~40대)"
            },
            "speechAct": "인사하기",
            "morpheme": "A/SL+./SY+최상/NNG+의/JKG+서비스/NNG+로/JKB+모시/VV+겠/EP+습니다/EF+#/SY+@/SY+소속/NNG+#/SY+상담원/NNG+#/SY+@/SY+이름/NNG+#/SY+입니다/VCP+EC"
          },
          {
            "id": 2,
            "text": "B.논술능력 진단평가가 뭔지 궁금해서 전화드렸어요",
            "norm_text": "B.논술능력 진단평가가 뭔지 궁금해서 전화드렸어요",
            "speaker": {
              "id": "B",
              "sex": "남성",
              "age": "2그룹(30대~40대)"
            },
            "speechAct": "진술하기",
            "morpheme": "B/SL+./SY+논술/NNG+능력/NNG+진단/NNG+평가/NNG+가/JKS+뭔지/NP+VCP+EC+궁금/XR+해서/XSA+EC+전화/NNG+드렸/VV+EP+어요/EF"
          },
          {
            "id": 3,
            "text": "A.네 고객님 말씀하신 논술능력 진단평가는요",
            "norm_text": "A.네 고객님 말씀하신 논술능력 진단평가는요",
            "speaker": {
              "id": "A",
              "sex": "여성",
              "age": "2그룹(30대~40대)"
            },
            "speechAct": "진술하기",
            "morpheme": "A/SL+네/IC+고객/NNG+님/XSN+말씀/NNG+하/XSV+신/EP+ETM+논술/NNG+능력/NNG+진단/NNG+평가/NNG+는/JX+요/JX"
          },
          {
            "id": 4,
            "text": "A.저희 #@소속# 중학생 회원님들을 위한 진단평가입니다",
            "norm_text": "A.저희 #@소속# 중학생 회원님들을 위한 진단평가입니다",
            "speaker": {
              "id": "A",
              "sex": "여성",
              "age": "2그룹(30대~40대)"
            },
            "speechAct": "진술하기",
            "morpheme": "A/SL+저희/NP+#/SY+@/SY+소속/NNG+#/SY+중학생/NNG+회원/NNG+님/XSN+들/XSN+을/JKO+위한/VV+ETM+진단/NNG+평가/NNG+입니다/VCP+EC"
          },
          {
            "id": 5,
            "text": "B.중학교 과정에서 논술이 중요한 부분이 뭔가요",
            "norm_text": "B.중학교 과정에서 논술이 중요한 부분이 뭔가요",
            "speaker": {
              "id": "B",
              "sex": "남성",
              "age": "2그룹(30대~40대)"
            },
            "speechAct": "질문하기",
            "morpheme": "B/SL+./SY+중학교/NNG+과정/NNG+에서/JKB+논술/NNG+이/JKS+중요/XR+한/XSA+ETM+부분/NNG+이/JKS+뭔/MM+가요/NNG"
          },
          {
            "id": 6,
            "text": "A.중학교 과정으로 접어들면 지문에 대한 독해력을 기반으로요",
            "norm_text": "A.중학교 과정으로 접어들면 지문에 대한 독해력을 기반으로요",
            "speaker": {
              "id": "A",
              "sex": "여성",
              "age": "2그룹(30대~40대)"
            },
            "speechAct": "진술하기",
            "morpheme": "A/SL+./SY+중학교/NNG+과정/NNG+으로/JKB+접어들/VV+면/EC+지문/NNG+에/JKB+대한/VV+ETM+독해력/NNG+을/JKO+기반/NNG+으로/JKB+요/JX"
          },
          {
            "id": 7,
            "text": "A.문제 해결력을 향상시켜야 하는 시기이기 때문에 논술이 아주 중요합니다",
            "norm_text": "A.문제 해결력을 향상시켜야 하는 시기이기 때문에 논술이 아주 중요합니다",
            "speaker": {
              "id": "A",
              "sex": "여성",
              "age": "2그룹(30대~40대)"
            },
            "speechAct": "진술하기",
            "morpheme": "A/SL+./SY+문제/NNG+해/XSV+EC+결력/NNG+을/JKO+향상/NNG+시켜야/XSV+EC+하/VV+는/ETM+시기/NNG+이/VCP+기/ETN+때문/NNB+에/JKB+논술/NNG+이/JKS+아주/MAG+중요/NNG+합니다/XSV+EC"
          },
          {
            "id": 8,
            "text": "B.그러면 논술능력 진단평가 항목이 어떻게 되나요",
            "norm_text": "B.그러면 논술능력 진단평가 항목이 어떻게 되나요",
            "speaker": {
              "id": "B",
              "sex": "남성",
              "age": "2그룹(30대~40대)"
            },
            "speechAct": "질문하기",
            "morpheme": "B/SL+그러면/MAJ+논술/NNG+능력/NNG+진단/NNG+평가/NNG+항목/NNG+이/JKS+어떻게/MAG+되/VV+나요/EC"
          },
          {
            "id": 9,
            "text": "A.크게 어휘력 독해력 논증력 표현력이 해당이 되시고요",
            "norm_text": "A.크게 어휘력 독해력 논증력 표현력이 해당이 되시고요",
            "speaker": {
              "id": "A",
              "sex": "여성",
              "age": "2그룹(30대~40대)"
            },
            "speechAct": "진술하기",
            "morpheme": "A/SL+크/VA+게/EC+어휘력/NNG+독해력/NNG+논증/NNG+력/XSN+표현력/NNG+이/JKS+해당/NNG+이/JKS+되/VV+시/EP+고요/EC"
          },
          {
            "id": 10,
            "text": "A.평가를 진행하시면 이 항목을 세세히 분석해서 학습법을 제시해 드립니다",
            "norm_text": "A.평가를 진행하시면 이 항목을 세세히 분석해서 학습법을 제시해 드립니다",
            "speaker": {
              "id": "A",
              "sex": "여성",
              "age": "2그룹(30대~40대)"
            },
            "speechAct": "진술하기",
            "morpheme": "A/SL+./SY+평가/NNG+를/JKO+진행/NNG+하/XSV+시/EP+면/EC+이/MM+항목/NNG+을/JKO+세세히/MAG+분석/NNG+해서/XSV+EC+학습/NNG+법/NNG+을/JKO+제시/NNG+해/XSV+EC+드립니다/VX+EC"
          },
          {
            "id": 11,
            "text": "B.검사 비용이 저렴하던데 한번 응시해보라고 해야겠네요",
            "norm_text": "B.검사 비용이 저렴하던데 한번 응시해보라고 해야겠네요",
            "speaker": {
              "id": "B",
              "sex": "남성",
              "age": "2그룹(30대~40대)"
            },
            "speechAct": "진술하기",
            "morpheme": "B/SL+./SY+검사/NNG+비용/NNG+이/JKS+저렴/XR+하/XSA+던데/EC+한/MM+번/NNBC+응시/NNG+해/XSV+EC+보/VX+라고/EC+해야/VX+EC+VX+겠/EP+네요/EC"
          },
          {
            "id": 12,
            "text": "A.네 나의 학습방 평가 검사센터에서 응시 및 결과 확인 가능하세요",
            "norm_text": "A.네 나의 학습방 평가 검사센터에서 응시 및 결과 확인 가능하세요",
            "speaker": {
              "id": "A",
              "sex": "여성",
              "age": "2그룹(30대~40대)"
            },
            "speechAct": "진술하기",
            "morpheme": "A/SL+네/IC+나/NP+의/JKG+학습/NNG+방/NNG+평가/NNG+검사/NNG+센터/NNG+에서/JKB+응시/NNG+및/MAJ+결과/NNG+확인/NNG+가능/NNG+하/XSV+세요/EP+EF"
          },
          {
            "id": 13,
            "text": "B.네 자세한 설명 감사합니다",
            "norm_text": "B.네 자세한 설명 감사합니다",
            "speaker": {
              "id": "B",
              "sex": "남성",
              "age": "2그룹(30대~40대)"
            },
            "speechAct": "감사하기",
            "morpheme": "B/SL+네/IC+자세/XR+한/XSA+ETM+설명/NNG+감사/NNG+합니다/XSV+EC"
          },
          {
            "id": 14,
            "text": "A.좋은 하루 보내세요 상담원 #@이름#이었습니다",
            "norm_text": "A.좋은 하루 보내세요 상담원 #@이름#이었습니다",
            "speaker": {
              "id": "A",
              "sex": "여성",
              "age": "2그룹(30대~40대)"
            },
            "speechAct": "인사하기",
            "morpheme": "A/SL+좋/VA+은/ETM+하루/NNG+보내/VV+세요/EP+EF+상담원/NNG+#/SY+@/SY+이름/NNG+#/SY+이/VCP+었/EP+습니다/EF"
          }
        ]
      }
    }
  ]
}