{
  "dataset": {
    "identifier": 140490,
    "name": "e1_20211115_0006_0552_01",
    "src_path": "/data/file/cubeManager/PROJECT018/91/txt202111101400050847103/e1_20211115_0006_0552_01/",
    "label_path": "/data/file/cubeManager/PROJECT018/91/txt202111101400050847103/e1_20211115_0006_0552_01/",
    "category": 2,
    "type": 0
  },
  "licenses": {
    "name": "Apache License 1.0",
    "url": "http://www.apache.org/licenses/LICENSE-1.0"
  },
  "info": [
    {
      "id": 158026,
      "filename": "e1_0067_0167_02.txt",
      "title": "e1_0067_0167_02",
      "mediatype": "콜센터",
      "medianame": "콜센터",
      "category": "목적대화",
      "date": "2021-11-10",
      "size": 261,
      "annotations": {
        "subject": "프로그램 문의",
        "speaker_type": "1:1",
        "size": 261,
        "word_size": 70,
        "text": "A. 반갑습니다 밝은 미래를 여는 방송 #@소속# 입니다\nB. 네 안녕하세요 프로그램 문의 좀 하려구요\nA. 네 어떤 프로그램 안내해드릴까요\nB. 초등생 과학 좀 진짜 쉽게 알려주는 프로 없을까요\nB. 애가 일반 강의 방식은 버거워하는 것 같아서요\nA. 그럼 일반 강좌보다는 창의체험 프로그램 추천드릴게요\nB. 아 혹시 인터넷으로 볼 수 있을까요\nA. 네 물론입니다 창의체험 과학 카테고리 확인해주세요\nB. 알겠습니다 자세한 답변 감사합니다\nA. 네 다른 문의 생기시면 또 전화주세요",
        "lines": [
          {
            "id": 1,
            "text": "A. 반갑습니다 밝은 미래를 여는 방송 #@소속# 입니다",
            "norm_text": "A. 반갑습니다 밝은 미래를 여는 방송 #@소속# 입니다",
            "speaker": {
              "id": "A",
              "sex": "여성",
              "age": "1그룹(10대~20대)"
            },
            "speechAct": "인사하기",
            "morpheme": "A/SL+반갑/VA+습니다/EF+밝/VA+은/ETM+미래/NNG+를/JKO+여/VV+는/ETM+방송/NNG+#/SY+@/SY+소속/NNG+#/SY+입니다/VCP+EC"
          },
          {
            "id": 2,
            "text": "B. 네 안녕하세요 프로그램 문의 좀 하려구요",
            "norm_text": "B. 네 안녕하세요 프로그램 문의 좀 하려구요",
            "speaker": {
              "id": "B",
              "sex": "남성",
              "age": "1그룹(10대~20대)"
            },
            "speechAct": "진술하기",
            "morpheme": "B/SL+네/IC+안녕/NNG+하/XSV+세요/EP+EF+프로그램/NNG+문/NNG+의/JKG+좀/MAG+하/VV+려구요/EC"
          },
          {
            "id": 3,
            "text": "A. 네 어떤 프로그램 안내해드릴까요",
            "norm_text": "A. 네 어떤 프로그램 안내해드릴까요",
            "speaker": {
              "id": "A",
              "sex": "여성",
              "age": "1그룹(10대~20대)"
            },
            "speechAct": "질문하기",
            "morpheme": "A/SL+네/IC+어떤/MM+프로그램/NNG+안내/NNG+해/XSV+EC+드릴까요/VX+EC"
          },
          {
            "id": 4,
            "text": "B. 초등생 과학 좀 진짜 쉽게 알려주는 프로 없을까요",
            "norm_text": "B. 초등생 과학 좀 진짜 쉽게 알려주는 프로 없을까요",
            "speaker": {
              "id": "B",
              "sex": "남성",
              "age": "1그룹(10대~20대)"
            },
            "speechAct": "질문하기",
            "morpheme": "B/SL+./SY+초등/NNG+생/XSN+과학/NNG+좀/MAG+진짜/MAG+쉽/VA+게/EC+알려/VV+EC+주/VX+는/ETM+프로/NNG+없/VA+을까요/EC"
          },
          {
            "id": 5,
            "text": "B. 애가 일반 강의 방식은 버거워하는 것 같아서요",
            "norm_text": "B. 애가 일반 강의 방식은 버거워하는 것 같아서요",
            "speaker": {
              "id": "B",
              "sex": "남성",
              "age": "1그룹(10대~20대)"
            },
            "speechAct": "진술하기",
            "morpheme": "B/SL+./SY+애/NNG+가/JKS+일반/NNG+강의/NNG+방식/NNG+은/JX+버거워/VA+EC+하/VV+는/ETM+것/NNB+같/VA+아서요/EC"
          },
          {
            "id": 6,
            "text": "A. 그럼 일반 강좌보다는 창의체험 프로그램 추천드릴게요",
            "norm_text": "A. 그럼 일반 강좌보다는 창의체험 프로그램 추천드릴게요",
            "speaker": {
              "id": "A",
              "sex": "여성",
              "age": "1그룹(10대~20대)"
            },
            "speechAct": "진술하기",
            "morpheme": "A/SL+그럼/MAJ+일반/NNG+강좌/NNG+보다/JKB+는/JX+창의/NNG+체험/NNG+프로그램/NNG+추천/NNG+드릴게요/VV+EC"
          },
          {
            "id": 7,
            "text": "B. 아 혹시 인터넷으로 볼 수 있을까요",
            "norm_text": "B. 아 혹시 인터넷으로 볼 수 있을까요",
            "speaker": {
              "id": "B",
              "sex": "남성",
              "age": "1그룹(10대~20대)"
            },
            "speechAct": "질문하기",
            "morpheme": "B/SL+아/IC+혹시/MAG+인터넷/NNG+으로/JKB+볼/VV+ETM+수/NNB+있/VV+을까요/EC"
          },
          {
            "id": 8,
            "text": "A. 네 물론입니다 창의체험 과학 카테고리 확인해주세요",
            "norm_text": "A. 네 물론입니다 창의체험 과학 카테고리 확인해주세요",
            "speaker": {
              "id": "A",
              "sex": "여성",
              "age": "1그룹(10대~20대)"
            },
            "speechAct": "명령하기/요구하기",
            "morpheme": "A/SL+네/IC+물론/NNG+입니다/VCP+EF+창의/NNG+체험/NNG+과학/NNG+카테고리/NNG+확인/NNG+해/XSV+EC+주/VX+세요/EP+EF"
          },
          {
            "id": 9,
            "text": "B. 알겠습니다 자세한 답변 감사합니다",
            "norm_text": "B. 알겠습니다 자세한 답변 감사합니다",
            "speaker": {
              "id": "B",
              "sex": "남성",
              "age": "1그룹(10대~20대)"
            },
            "speechAct": "감사하기",
            "morpheme": "B/SL+알/VV+겠/EP+습니다/EF+자세/XR+한/XSA+ETM+답변/NNG+감사/NNG+합니다/XSV+EC"
          },
          {
            "id": 10,
            "text": "A. 네 다른 문의 생기시면 또 전화주세요",
            "norm_text": "A. 네 다른 문의 생기시면 또 전화주세요",
            "speaker": {
              "id": "A",
              "sex": "여성",
              "age": "1그룹(10대~20대)"
            },
            "speechAct": "인사하기",
            "morpheme": "A/SL+네/IC+다른/MM+문/NNG+의/JKG+생기/VV+시/EP+면/EC+또/MAG+전화/NNG+주세요/NNP"
          }
        ]
      }
    }
  ]
}