{
  "dataset": {
    "identifier": 140448,
    "name": "e1_20211115_0006_0527_01",
    "src_path": "/data/file/cubeManager/PROJECT018/91/txt20211110140005068778/e1_20211115_0006_0527_01/",
    "label_path": "/data/file/cubeManager/PROJECT018/91/txt20211110140005068778/e1_20211115_0006_0527_01/",
    "category": 2,
    "type": 0
  },
  "licenses": {
    "name": "Apache License 1.0",
    "url": "http://www.apache.org/licenses/LICENSE-1.0"
  },
  "info": [
    {
      "id": 158001,
      "filename": "e1_0067_0142_02.txt",
      "title": "e1_0067_0142_02",
      "mediatype": "콜센터",
      "medianame": "콜센터",
      "category": "목적대화",
      "date": "2021-11-10",
      "size": 275,
      "annotations": {
        "subject": "프로그램 문의",
        "speaker_type": "1:1",
        "size": 275,
        "word_size": 74,
        "text": "A. 반갑습니다 확실한 편입을 위한 선택 #@소속#입니다\nB. 네 안녕하세요 수강 반 문의 좀 드릴게요\nA. 네 어떤 부분 안내 도와드릴까요\nB. 개념완성반이랑 #@상품# 수업 내용이 좀 다른가요\nA. 두 반 모두 정규수업시 커리큘럼과 교재는 동일합니다\nB. 그럼 두 반이 구분된 이유가 따로 뭐 있나요\nA. #@상품#은 주5일 과정으로 위클리테스트 추가되세요\nA. 그리고 보다 상위권 진학이 목표인 경우 적합한 과정입니다\nB. 아 그렇군요 자세한 정보 감사합니다\nA. 네 다른 문의 생기시면 또 연락 주세요",
        "lines": [
          {
            "id": 1,
            "text": "A. 반갑습니다 확실한 편입을 위한 선택 #@소속#입니다",
            "norm_text": "A. 반갑습니다 확실한 편입을 위한 선택 #@소속#입니다",
            "speaker": {
              "id": "A",
              "sex": "여성",
              "age": "1그룹(10대~20대)"
            },
            "speechAct": "인사하기",
            "morpheme": "A/SL+반갑/VA+습니다/EF+확실/XR+한/XSA+ETM+편입/NNG+을/JKO+위한/VV+ETM+선택/NNG+#/SY+@/SY+소속/NNG+#/SY+입니다/VCP+EC"
          },
          {
            "id": 2,
            "text": "B. 네 안녕하세요 수강 반 문의 좀 드릴게요",
            "norm_text": "B. 네 안녕하세요 수강 반 문의 좀 드릴게요",
            "speaker": {
              "id": "B",
              "sex": "남성",
              "age": "1그룹(10대~20대)"
            },
            "speechAct": "진술하기",
            "morpheme": "B/SL+네/IC+안녕/NNG+하/XSV+세요/EP+EF+수강/NNG+반문/NNG+의/JKG+좀/MAG+드릴게요/VV+EC"
          },
          {
            "id": 3,
            "text": "A. 네 어떤 부분 안내 도와드릴까요",
            "norm_text": "A. 네 어떤 부분 안내 도와드릴까요",
            "speaker": {
              "id": "A",
              "sex": "여성",
              "age": "1그룹(10대~20대)"
            },
            "speechAct": "질문하기",
            "morpheme": "A/SL+네/IC+어떤/MM+부분/NNG+안내/NNG+도와/VV+EC+드릴까요/VX+EC"
          },
          {
            "id": 4,
            "text": "B. 개념완성반이랑 #@상품# 수업 내용이 좀 다른가요",
            "norm_text": "B. 개념완성반이랑 #@상품# 수업 내용이 좀 다른가요",
            "speaker": {
              "id": "B",
              "sex": "남성",
              "age": "1그룹(10대~20대)"
            },
            "speechAct": "명령하기/요구하기",
            "morpheme": "B/SL+./SY+개념/NNG+완성/NNG+반/NNG+이랑/JC+#/SY+@/SY+상품/NNG+#/SY+수업/NNG+내용/NNG+이/JKS+좀/MAG+다른/MM+가요/NNG"
          },
          {
            "id": 5,
            "text": "A. 두 반 모두 정규수업시 커리큘럼과 교재는 동일합니다",
            "norm_text": "A. 두 반 모두 정규수업시 커리큘럼과 교재는 동일합니다",
            "speaker": {
              "id": "A",
              "sex": "여성",
              "age": "1그룹(10대~20대)"
            },
            "speechAct": "진술하기",
            "morpheme": "A/SL+./SY+두반/NNG+모두/MAG+정규/NNG+수업/NNG+시/NNB+커리큘럼/NNG+과/JC+교재/NNG+는/JX+동일/NNG+합니다/XSV+EC"
          },
          {
            "id": 6,
            "text": "B. 그럼 두 반이 구분된 이유가 따로 뭐 있나요",
            "norm_text": "B. 그럼 두 반이 구분된 이유가 따로 뭐 있나요",
            "speaker": {
              "id": "B",
              "sex": "남성",
              "age": "1그룹(10대~20대)"
            },
            "speechAct": "질문하기",
            "morpheme": "B/SL+그럼/MAJ+두반/NNG+이/JKS+구분/NNG+된/XSV+ETM+이유/NNG+가/JKS+따로/MAG+뭐/IC+있/VA+나요/EC"
          },
          {
            "id": 7,
            "text": "A. #@상품#은 주5일 과정으로 위클리테스트 추가되세요",
            "norm_text": "A. #@상품#은 주5일 과정으로 위클리테스트 추가되세요",
            "speaker": {
              "id": "A",
              "sex": "여성",
              "age": "1그룹(10대~20대)"
            },
            "speechAct": "진술하기",
            "morpheme": "A/SL+./SY+#/SY+@/SY+상품/NNG+#/SY+은주/NNG+5/SN+일/NNBC+과정/NNG+으로/JKB+위클리/NNP+테스트/NNG+추가/NNG+되/XSV+세요/EP+EF"
          },
          {
            "id": 8,
            "text": "A. 그리고 보다 상위권 진학이 목표인 경우 적합한 과정입니다",
            "norm_text": "A. 그리고 보다 상위권 진학이 목표인 경우 적합한 과정입니다",
            "speaker": {
              "id": "A",
              "sex": "여성",
              "age": "1그룹(10대~20대)"
            },
            "speechAct": "진술하기",
            "morpheme": "A/SL+그리고/MAJ+보다/MAG+상위/NNG+권/XSN+진학/NNG+이/JKS+목표/NNG+인/VCP+ETM+경우/NNG+적합/XR+한/XSA+ETM+과정/NNG+입니다/VCP+EC"
          },
          {
            "id": 9,
            "text": "B. 아 그렇군요 자세한 정보 감사합니다",
            "norm_text": "B. 아 그렇군요 자세한 정보 감사합니다",
            "speaker": {
              "id": "B",
              "sex": "남성",
              "age": "1그룹(10대~20대)"
            },
            "speechAct": "감사하기",
            "morpheme": "B/SL+아/IC+그렇/VA+군요/EC+자세/XR+한/XSA+ETM+정보/NNG+감사/NNG+합니다/XSV+EC"
          },
          {
            "id": 10,
            "text": "A. 네 다른 문의 생기시면 또 연락 주세요",
            "norm_text": "A. 네 다른 문의 생기시면 또 연락 주세요",
            "speaker": {
              "id": "A",
              "sex": "여성",
              "age": "1그룹(10대~20대)"
            },
            "speechAct": "인사하기",
            "morpheme": "A/SL+네/IC+다른/MM+문/NNG+의/JKG+생기/VV+시/EP+면/EC+또/MAG+연락/NNG+주세요/NNP"
          }
        ]
      }
    }
  ]
}