{
  "dataset": {
    "identifier": 139812,
    "name": "e1_20211115_0006_0330_01",
    "src_path": "/data/file/cubeManager/PROJECT018/91/txt20211110140004010594/e1_20211115_0006_0330_01/",
    "label_path": "/data/file/cubeManager/PROJECT018/91/txt20211110140004010594/e1_20211115_0006_0330_01/",
    "category": 2,
    "type": 0
  },
  "licenses": {
    "name": "Apache License 1.0",
    "url": "http://www.apache.org/licenses/LICENSE-1.0"
  },
  "info": [
    {
      "id": 157806,
      "filename": "e1_0066_0158_02.txt",
      "title": "e1_0066_0158_02",
      "mediatype": "콜센터",
      "medianame": "콜센터",
      "category": "목적대화",
      "date": "2021-11-10",
      "size": 320,
      "annotations": {
        "subject": "프로그램 문의",
        "speaker_type": "1:1",
        "size": 320,
        "word_size": 72,
        "text": "A.최선을 다하겠습니다 #@소속# #@이름#입니다\nB.20분 수업을 듣고 있는데 수업 벼락치기를 써서 매일 40분 수업을 듣고 있어요\nB.수업 벼락치기로 잔여수업 당겨쓰기가 귀찮은데 수업 못 붙여주시나요\nA.죄송합니다만 잔여수업을 붙여 30분 넘게 수업 등록은 불가하십니다\nB.아 그럼 연속 수업은 안된다는거죠\nA.20분 수업을 추가로 등록하셔서 수업시간을 연이어 배정하시면 가능합니다\nB.아 수업 추가로 등록하면 40분 연속 수업 진행이 된다는 거죠\nA.네 그렇습니다 그 방법 밖에 없습니다\nB.아쉽네요 일단 알겠습니다 수고하세요\nA.네 좋은 하루 보내시길 바랍니다 #@이름# 이었습니다",
        "lines": [
          {
            "id": 1,
            "text": "A.최선을 다하겠습니다 #@소속# #@이름#입니다",
            "norm_text": "A.최선을 다하겠습니다 #@소속# #@이름#입니다",
            "speaker": {
              "id": "A",
              "sex": "여성",
              "age": "1그룹(10대~20대)"
            },
            "speechAct": "인사하기",
            "morpheme": "A/SL+./SY+최선/NNG+을/JKO+다/MAG+하/VV+겠/EP+습니다/EF+#/SY+@/SY+소속/NNG+#/SY+#/SY+@/SY+이름/NNG+#/SY+입니다/VCP+EC"
          },
          {
            "id": 2,
            "text": "B.20분 수업을 듣고 있는데 수업 벼락치기를 써서 매일 40분 수업을 듣고 있어요",
            "norm_text": "B.20분 수업을 듣는데 수업 벼락치기를 써서 매일 40분 수업을 듣고 있어요",
            "speaker": {
              "id": "B",
              "sex": "남성",
              "age": "1그룹(10대~20대)"
            },
            "speechAct": "진술하기",
            "morpheme": "B/SL+./SY+20/SN+분/NNBC+수업/NNG+을/JKO+듣/VV+고/EC+있/VX+는데/EC+수업/NNG+벼락치기/NNG+를/JKO+써서/VV+EC+매일/MAG+40/SN+분/NNBC+수업/NNG+을/JKO+듣/VV+고/EC+있/VX+어요/EF"
          },
          {
            "id": 3,
            "text": "B.수업 벼락치기로 잔여수업 당겨쓰기가 귀찮은데 수업 못 붙여주시나요",
            "norm_text": "B.수업 벼락치기로 잔여수업 당겨쓰기가 귀찮은데 수업 못 붙여주시나요",
            "speaker": {
              "id": "B",
              "sex": "남성",
              "age": "1그룹(10대~20대)"
            },
            "speechAct": "질문하기",
            "morpheme": "B/SL+./SY+수업/NNG+벼락치기/NNG+로/JKB+잔여/NNG+수업/NNG+당겨/VV+EC+쓰/VV+기/ETN+가/JKS+귀찮/VA+은데/EC+수업/NNG+못/MAG+붙여/VV+EC+주/VX+시/EP+나요/EC"
          },
          {
            "id": 4,
            "text": "A.죄송합니다만 잔여수업을 붙여 30분 넘게 수업 등록은 불가하십니다",
            "norm_text": "A.죄송합니다만 잔여수업을 붙여 30분 넘게 수업 등록은 불가하십니다",
            "speaker": {
              "id": "A",
              "sex": "여성",
              "age": "1그룹(10대~20대)"
            },
            "speechAct": "진술하기",
            "morpheme": "A/SL+죄송/XR+합니다만/XSA+EC+잔여/NNG+수업/NNG+을/JKO+붙여/VV+EC+30/SN+분/NNBC+넘/VV+게/EC+수업/NNG+등록/NNG+은/JX+불가/NNG+하/XSV+십니다/EP+EC"
          },
          {
            "id": 5,
            "text": "B.아 그럼 연속 수업은 안된다는거죠",
            "norm_text": "B.아 그럼 연속 수업은 안된다는거죠",
            "speaker": {
              "id": "B",
              "sex": "남성",
              "age": "1그룹(10대~20대)"
            },
            "speechAct": "질문하기",
            "morpheme": "B/SL+아/IC+그럼/MAJ+연속/NNG+수업/NNG+은/JX+안/MAG+된다는/VV+ETM+거/NNB+죠/VCP+EC"
          },
          {
            "id": 6,
            "text": "A.20분 수업을 추가로 등록하셔서 수업시간을 연이어 배정하시면 가능합니다",
            "norm_text": "A.20분 수업을 추가 등록하셔서 수업시간을 연이어 배정하시면 가능합니다",
            "speaker": {
              "id": "A",
              "sex": "여성",
              "age": "1그룹(10대~20대)"
            },
            "speechAct": "진술하기",
            "morpheme": "A/SL+./SY+20/SN+분/NNBC+수업/NNG+을/JKO+추가/NNG+로/JKB+등록/NNG+하/XSV+셔서/EP+EC+수업/NNG+시간/NNG+을/JKO+연이/VV+어/EC+배정/NNG+하/XSV+시/EP+면/EC+가능/NNG+합니다/XSV+EC"
          },
          {
            "id": 7,
            "text": "B.아 수업 추가로 등록하면 40분 연속 수업 진행이 된다는 거죠",
            "norm_text": "B.아 수업 추가로 등록하면 40분 연속 수업 진행이 된다는 거죠",
            "speaker": {
              "id": "B",
              "sex": "남성",
              "age": "1그룹(10대~20대)"
            },
            "speechAct": "질문하기",
            "morpheme": "B/SL+아/IC+수업/NNG+추가/NNG+로/JKB+등록/NNG+하/XSV+면/EC+40/SN+분/NNBC+연속/NNG+수업/NNG+진행/NNG+이/JKS+된다는/VV+ETM+거/NNB+죠/VCP+EC"
          },
          {
            "id": 8,
            "text": "A.네 그렇습니다 그 방법 밖에 없습니다",
            "norm_text": "A.네 그렇습니다 그 방법 밖에 없습니다",
            "speaker": {
              "id": "A",
              "sex": "여성",
              "age": "1그룹(10대~20대)"
            },
            "speechAct": "진술하기",
            "morpheme": "A/SL+네/IC+그렇/VA+습니다/EF+그/MM+방법/NNG+밖에/JX+없/VA+습니다/EF"
          },
          {
            "id": 9,
            "text": "B.아쉽네요 일단 알겠습니다 수고하세요",
            "norm_text": "B.아쉽네요 일단 알겠습니다 수고하세요",
            "speaker": {
              "id": "B",
              "sex": "남성",
              "age": "1그룹(10대~20대)"
            },
            "speechAct": "인사하기",
            "morpheme": "B/SL+아쉽/VA+네요/EF+일단/MAG+알/VV+겠/EP+습니다/EF+수고/NNG+하/XSV+세요/EP+EF"
          },
          {
            "id": 10,
            "text": "A.네 좋은 하루 보내시길 바랍니다 #@이름# 이었습니다",
            "norm_text": "A.네 좋은 하루 보내시길 바랍니다 #@이름# 이었습니다",
            "speaker": {
              "id": "A",
              "sex": "여성",
              "age": "1그룹(10대~20대)"
            },
            "speechAct": "인사하기",
            "morpheme": "A/SL+네/IC+좋/VA+은/ETM+하루/NNG+보내/VV+시/EP+길/ETN+JKO+바랍니다/VV+EF+#/SY+@/SY+이름/NNG+#/SY+이/VCP+었/EP+습니다/EF"
          }
        ]
      }
    }
  ]
}