{
  "dataset": {
    "identifier": 140215,
    "name": "e1_20211115_0006_0460_01",
    "src_path": "/data/file/cubeManager/PROJECT018/91/txt20211110140005021795/e1_20211115_0006_0460_01/",
    "label_path": "/data/file/cubeManager/PROJECT018/91/txt20211110140005021795/e1_20211115_0006_0460_01/",
    "category": 2,
    "type": 0
  },
  "licenses": {
    "name": "Apache License 1.0",
    "url": "http://www.apache.org/licenses/LICENSE-1.0"
  },
  "info": [
    {
      "id": 157935,
      "filename": "e1_0067_0076_02.txt",
      "title": "e1_0067_0076_02",
      "mediatype": "콜센터",
      "medianame": "콜센터",
      "category": "목적대화",
      "date": "2021-11-10",
      "size": 287,
      "annotations": {
        "subject": "프로그램 문의",
        "speaker_type": "1:1",
        "size": 287,
        "word_size": 68,
        "text": "A. 새로운 내일의 #@소속# 상담원 #@이름# 입니다\nB. 안녕하세요 기초수학 문의 좀 할게요\nA. 네 기초수학 어떤 점 궁금하신가요\nB. 커리큘럼에 혹시 공학수학 포함되나요\nA. 네 포함됩니다 다음달부터 두달간 진행되세요\nB. 아 그럼 혹시 지금은 어떤 부분 가르치나요\nA. 현재 다변수미적분 진행중으로 확인됩니다\nB. 깔끔하게 다음달부터 수강하는게 낫겠는데요\nB. 수업시간 정확히 알려주실 수 있나요\nA. 목요일 오후6시부터 9시5분까지 강의합니다\nB. 알겠습니다 참고해서 등록할게요\nA. 감사합니다 상담원 #@이름# 이였습니다",
        "lines": [
          {
            "id": 1,
            "text": "A. 새로운 내일의 #@소속# 상담원 #@이름# 입니다",
            "norm_text": "A. 새로운 내일의 #@소속# 상담원 #@이름# 입니다",
            "speaker": {
              "id": "A",
              "sex": "여성",
              "age": "1그룹(10대~20대)"
            },
            "speechAct": "인사하기",
            "morpheme": "A/SL+새로운/VA+ETM+내일/NNG+의/JKG+#/SY+@/SY+소속/NNG+#/SY+상담원/NNG+#/SY+@/SY+이름/NNG+#/SY+입니다/VCP+EC"
          },
          {
            "id": 2,
            "text": "B. 안녕하세요 기초수학 문의 좀 할게요",
            "norm_text": "B. 안녕하세요 기초수학 문의 좀 할게요",
            "speaker": {
              "id": "B",
              "sex": "남성",
              "age": "1그룹(10대~20대)"
            },
            "speechAct": "진술하기",
            "morpheme": "B/SL+./SY+안녕/NNG+하/XSV+세요/EP+EF+VCP+기/ETN+초수/NNG+학문/NNG+의/JKG+좀/MAG+할게요/VV+EC"
          },
          {
            "id": 3,
            "text": "A. 네 기초수학 어떤 점 궁금하신가요",
            "norm_text": "A. 네 기초수학 어떤 점 궁금하신가요",
            "speaker": {
              "id": "A",
              "sex": "여성",
              "age": "1그룹(10대~20대)"
            },
            "speechAct": "질문하기",
            "morpheme": "A/SL+네기/IC+초수학/NNG+어떤/MM+점/NNB+궁금/XR+하/XSA+신가요/EP+EC"
          },
          {
            "id": 4,
            "text": "B. 커리큘럼에 혹시 공학수학 포함되나요",
            "norm_text": "B. 커리큘럼에 혹시 공학수학 포함되나요",
            "speaker": {
              "id": "B",
              "sex": "남성",
              "age": "1그룹(10대~20대)"
            },
            "speechAct": "질문하기",
            "morpheme": "B/SL+./SY+커리큘럼/NNG+에/JKB+혹시/MAG+공학/NNG+수학/NNG+포함/NNG+되/XSV+나요/EC"
          },
          {
            "id": 5,
            "text": "A. 네 포함됩니다 다음달부터 두달간 진행되세요",
            "norm_text": "A. 네 포함됩니다 다음달부터 두달간 진행되세요",
            "speaker": {
              "id": "A",
              "sex": "여성",
              "age": "1그룹(10대~20대)"
            },
            "speechAct": "진술하기",
            "morpheme": "A/SL+네/IC+포함/NNG+됩니다/XSV+EC+다음/NNG+달/NNG+부터/JX+두/MM+달/NNG+간/NNB+진행/NNG+되/XSV+세요/EP+EF"
          },
          {
            "id": 6,
            "text": "B. 아 그럼 혹시 지금은 어떤 부분 가르치나요",
            "norm_text": "B. 아 그럼 혹시 지금은 어떤 부분 가르치나요",
            "speaker": {
              "id": "B",
              "sex": "남성",
              "age": "1그룹(10대~20대)"
            },
            "speechAct": "질문하기",
            "morpheme": "B/SL+아/IC+그럼/MAJ+혹시/MAG+지금/MAG+은/JX+어떤/MM+부분/NNG+가르치/VV+나요/EC"
          },
          {
            "id": 7,
            "text": "A. 현재 다변수미적분 진행중으로 확인됩니다",
            "norm_text": "A. 현재 다변수미적분 진행중으로 확인됩니다",
            "speaker": {
              "id": "A",
              "sex": "여성",
              "age": "1그룹(10대~20대)"
            },
            "speechAct": "진술하기",
            "morpheme": "A/SL+현재/MAG+다변수/NNP+미적분/NNG+진행/NNG+중/NNB+으로/JKB+확인/NNG+됩니다/XSV+EC"
          },
          {
            "id": 8,
            "text": "B. 깔끔하게 다음달부터 수강하는게 낫겠는데요",
            "norm_text": "B. 깔끔하게 다음달부터 수강하는게 낫겠는데요",
            "speaker": {
              "id": "B",
              "sex": "남성",
              "age": "1그룹(10대~20대)"
            },
            "speechAct": "진술하기",
            "morpheme": "B/SL+깔끔/XR+하/XSA+게/EC+다음/NNG+달/NNG+부터/JX+수강/NNG+하/XSV+는/ETM+게/NNB+JKS+낫/VA+겠/EP+는데요/EC"
          },
          {
            "id": 9,
            "text": "B. 수업시간 정확히 알려주실 수 있나요",
            "norm_text": "B. 수업시간 정확히 알려주실 수 있나요",
            "speaker": {
              "id": "B",
              "sex": "남성",
              "age": "1그룹(10대~20대)"
            },
            "speechAct": "질문하기",
            "morpheme": "B/SL+./SY+수업/NNG+시간/NNG+정확히/MAG+알려/VV+EC+주/VX+실/EP+ETM+수/NNB+있/VV+나요/EC"
          },
          {
            "id": 10,
            "text": "A. 목요일 오후6시부터 9시5분까지 강의합니다",
            "norm_text": "A. 목요일 오후6시부터 9시5분까지 강의합니다",
            "speaker": {
              "id": "A",
              "sex": "여성",
              "age": "1그룹(10대~20대)"
            },
            "speechAct": "진술하기",
            "morpheme": "A/SL+./SY+목요일/NNG+오후/NNG+6/SN+시/NNBC+부터/JX+9/SN+시/NNBC+5/SN+분/NNBC+까지/JX+강의/NNG+합니다/XSV+EC"
          },
          {
            "id": 11,
            "text": "B. 알겠습니다 참고해서 등록할게요",
            "norm_text": "B. 알겠습니다 참고해서 등록할게요",
            "speaker": {
              "id": "B",
              "sex": "남성",
              "age": "1그룹(10대~20대)"
            },
            "speechAct": "진술하기",
            "morpheme": "B/SL+알/VV+겠/EP+습니다/EF+참고/NNG+해서/XSV+EC+등록/NNG+할게요/XSV+EC"
          },
          {
            "id": 12,
            "text": "A. 감사합니다 상담원 #@이름# 이였습니다",
            "norm_text": "A. 감사합니다 상담원 #@이름# 이였습니다",
            "speaker": {
              "id": "A",
              "sex": "여성",
              "age": "1그룹(10대~20대)"
            },
            "speechAct": "인사하기",
            "morpheme": "A/SL+./SY+감사/NNG+합니다/XSV+EF+상담원/NNG+#/SY+@/SY+이름/NNG+#/SY+이/VCP+였/EP+습니다/EF"
          }
        ]
      }
    }
  ]
}