{
  "dataset": {
    "identifier": 140352,
    "name": "e1_20211115_0006_0493_01",
    "src_path": "/data/file/cubeManager/PROJECT018/91/txt20211110140005046584/e1_20211115_0006_0493_01/",
    "label_path": "/data/file/cubeManager/PROJECT018/91/txt20211110140005046584/e1_20211115_0006_0493_01/",
    "category": 2,
    "type": 0
  },
  "licenses": {
    "name": "Apache License 1.0",
    "url": "http://www.apache.org/licenses/LICENSE-1.0"
  },
  "info": [
    {
      "id": 157967,
      "filename": "e1_0067_0108_02.txt",
      "title": "e1_0067_0108_02",
      "mediatype": "콜센터",
      "medianame": "콜센터",
      "category": "목적대화",
      "date": "2021-11-10",
      "size": 273,
      "annotations": {
        "subject": "프로그램 문의",
        "speaker_type": "1:1",
        "size": 273,
        "word_size": 75,
        "text": "A. 편입 합격을 선도하는 #@소속# 입니다\nB. 저 다음달 수강 문의 좀 드릴게요\nA. 네 반갑습니다 수강에 어떤 점 궁금하신가요\nB. 혹시 1학년 반도 신규 개설되나요\nA. 네 신규 1학년 반 주말 개설 예정되어있습니다\nB. 아 혹시 영어 수업 일정 알 수 있을까요\nA. 우선 영어는 토일 주말 2시부터 7시까지 예정이세요\nB. 수학 수업이랑 겹치진 않는건가요\nA. 수학은 토요일만 2시부터 7시 진행입니다\nB. 알겠습니다 어떻게 할지 더 고민해야겠네요\nA. 네 고민해보시고 언제든 다시 문의전화 주세요",
        "lines": [
          {
            "id": 1,
            "text": "A. 편입 합격을 선도하는 #@소속# 입니다",
            "norm_text": "A. 편입 합격을 선도하는 #@소속# 입니다",
            "speaker": {
              "id": "A",
              "sex": "여성",
              "age": "1그룹(10대~20대)"
            },
            "speechAct": "인사하기",
            "morpheme": "A/SL+./SY+편입/NNG+합격/NNG+을/JKO+선도/NNG+하/XSV+는/ETM+#/SY+@/SY+소속/NNG+#/SY+입니다/VCP+EC"
          },
          {
            "id": 2,
            "text": "B. 저 다음달 수강 문의 좀 드릴게요",
            "norm_text": "B. 저 다음달 수강 문의 좀 드릴게요",
            "speaker": {
              "id": "B",
              "sex": "남성",
              "age": "1그룹(10대~20대)"
            },
            "speechAct": "진술하기",
            "morpheme": "B/SL+저/MM+다음/NNG+달수/NNG+강문/NNG+의/JKG+좀/MAG+드릴게요/VV+EC"
          },
          {
            "id": 3,
            "text": "A. 네 반갑습니다 수강에 어떤 점 궁금하신가요",
            "norm_text": "A. 네 반갑습니다 수강에 어떤 점 궁금하신가요",
            "speaker": {
              "id": "A",
              "sex": "여성",
              "age": "1그룹(10대~20대)"
            },
            "speechAct": "질문하기",
            "morpheme": "A/SL+네/IC+반갑/VA+습니다/EF+수강/NNG+에/JKB+어떤/MM+점/NNB+궁금/XR+하/XSA+신가요/EP+EC"
          },
          {
            "id": 4,
            "text": "B. 혹시 1학년 반도 신규 개설되나요",
            "norm_text": "B. 혹시 1학년 반도 신규 개설되나요",
            "speaker": {
              "id": "B",
              "sex": "남성",
              "age": "1그룹(10대~20대)"
            },
            "speechAct": "질문하기",
            "morpheme": "B/SL+혹시/MAG+1/SN+학년/NNG+반/NNG+도/JX+신규/NNG+개설/NNG+되/XSV+나요/EC"
          },
          {
            "id": 5,
            "text": "A. 네 신규 1학년 반 주말 개설 예정되어있습니다",
            "norm_text": "A. 네 신규 1학년 반 주말 개설 예정되어있습니다",
            "speaker": {
              "id": "A",
              "sex": "여성",
              "age": "1그룹(10대~20대)"
            },
            "speechAct": "진술하기",
            "morpheme": "A/SL+네/IC+신규/NNG+1/SN+학년/NNG+반/NNG+주말/NNG+개설/NNG+예정/NNG+되/XSV+어/EC+있/VX+습니다/EF"
          },
          {
            "id": 6,
            "text": "B. 아 혹시 영어 수업 일정 알 수 있을까요",
            "norm_text": "B. 아 혹시 영어 수업 일정 알 수 있을까요",
            "speaker": {
              "id": "B",
              "sex": "남성",
              "age": "1그룹(10대~20대)"
            },
            "speechAct": "질문하기",
            "morpheme": "B/SL+아/IC+혹시/MAG+영어/NNG+수업/NNG+일정/NNG+알/VV+ETM+수/NNB+있/VV+을까요/EC"
          },
          {
            "id": 7,
            "text": "A. 우선 영어는 토일 주말 2시부터 7시까지 예정이세요",
            "norm_text": "A. 우선 영어는 토일 주말 2시부터 7시까지 예정이세요",
            "speaker": {
              "id": "A",
              "sex": "여성",
              "age": "1그룹(10대~20대)"
            },
            "speechAct": "진술하기",
            "morpheme": "A/SL+우선/MAG+영어/NNG+는/JX+토일/NNP+주말/NNG+2/SN+시/NNBC+부터/JX+7/SN+시/NNBC+까지/JX+예정/NNG+이/VCP+세요/EP+EF"
          },
          {
            "id": 8,
            "text": "B. 수학 수업이랑 겹치진 않는건가요",
            "norm_text": "B. 수학 수업이랑 겹치진 않는건가요",
            "speaker": {
              "id": "B",
              "sex": "남성",
              "age": "1그룹(10대~20대)"
            },
            "speechAct": "질문하기",
            "morpheme": "B/SL+./SY+수학/NNG+수업/NNG+이랑/JKB+겹치/VV+진/EC+JX+않/VX+는/ETM+건가요/NNB+VCP+EC"
          },
          {
            "id": 9,
            "text": "A. 수학은 토요일만 2시부터 7시 진행입니다",
            "norm_text": "A. 수학은 토요일만 2시부터 7시 진행입니다",
            "speaker": {
              "id": "A",
              "sex": "여성",
              "age": "1그룹(10대~20대)"
            },
            "speechAct": "진술하기",
            "morpheme": "A/SL+./SY+수학/NNG+은/JX+토요일/NNG+만/JX+2/SN+시/NNBC+부터/JX+7/SN+시/NNBC+진행/NNG+입니다/VCP+EC"
          },
          {
            "id": 10,
            "text": "B. 알겠습니다 어떻게 할지 더 고민해야겠네요",
            "norm_text": "B. 알겠습니다 어떻게 할지 더 고민해야겠네요",
            "speaker": {
              "id": "B",
              "sex": "남성",
              "age": "1그룹(10대~20대)"
            },
            "speechAct": "진술하기",
            "morpheme": "B/SL+알/VV+겠/EP+습니다/EF+어떻게/MAG+할지/VV+EC+더/MAG+고민/NNG+해야/XSV+EC+VX+겠/EP+네요/EC"
          },
          {
            "id": 11,
            "text": "A. 네 고민해보시고 언제든 다시 문의전화 주세요",
            "norm_text": "A. 네 고민해보시고 언제든 다시 문의전화 주세요",
            "speaker": {
              "id": "A",
              "sex": "여성",
              "age": "1그룹(10대~20대)"
            },
            "speechAct": "인사하기",
            "morpheme": "A/SL+네/IC+고민/NNG+해/XSV+EC+보/VX+시/EP+고/EC+언제/MAG+든다/VV+EC+시문/NNG+의/JKG+전화/NNG+주세요/NNP"
          }
        ]
      }
    }
  ]
}