{
  "dataset": {
    "identifier": 141004,
    "name": "e1_20211115_0006_0661_01",
    "src_path": "/data/file/cubeManager/PROJECT018/91/txt202111101400100860107/e1_20211115_0006_0661_01/",
    "label_path": "/data/file/cubeManager/PROJECT018/91/txt202111101400100860107/e1_20211115_0006_0661_01/",
    "category": 2,
    "type": 0
  },
  "licenses": {
    "name": "Apache License 1.0",
    "url": "http://www.apache.org/licenses/LICENSE-1.0"
  },
  "info": [
    {
      "id": 158638,
      "filename": "e1_0070_0039_02.txt",
      "title": "e1_0070_0039_02",
      "mediatype": "콜센터",
      "medianame": "콜센터",
      "category": "목적대화",
      "date": "2021-11-10",
      "size": 320,
      "annotations": {
        "subject": "프로그램 문의",
        "speaker_type": "1:1",
        "size": 320,
        "word_size": 82,
        "text": "A. 강사력이 합격이다 #@소속# 상담원 #@이름#입니다\nB. 네 안녕하세요 #@소속#에서 강의를 듣고있는데요\nB. 강의 듣고 수강후기 올렸는데 제가 올린 게 안 떠서요\nA. 고객님 수강후기를 등록하시면 승인이 완료가 되어야 확인이 가능하세요\nB. 아 그런가요 바로 올라가는 게 아닌가 보네요\nA. 네 승인이 되면 바로 확인이 가능하실 거예요\nB. 아 참 그리고 수강후기 등록 횟수 제한이 있어요\nA. 네 고객님 수강후기는 1회만 등록이 가능하세요\nB. 아 그렇구나 알겠습니다\nA. 네 더 궁금하신 건 없으신가요\nB. 예 없어요 수고하세요\nA. 감사합니다 #@소속# 상담원 #@이름#이었습니다",
        "lines": [
          {
            "id": 1,
            "text": "A. 강사력이 합격이다 #@소속# 상담원 #@이름#입니다",
            "norm_text": "A. 강사력이 합격이다 #@소속# 상담원 #@이름#입니다",
            "speaker": {
              "id": "A",
              "sex": "여성",
              "age": "2그룹(30대~40대)"
            },
            "speechAct": "인사하기",
            "morpheme": "A/SL+./SY+강사/NNG+력/XSN+이/JKS+합격/NNG+이/VCP+다/EC+#/SY+@/SY+소속/NNG+#/SY+상담원/NNG+#/SY+@/SY+이름/NNG+#/SY+입니다/VCP+EC"
          },
          {
            "id": 2,
            "text": "B. 네 안녕하세요 #@소속#에서 강의를 듣고있는데요",
            "norm_text": "B. 네 안녕하세요 #@소속#에서 강의를 듣고있는데요",
            "speaker": {
              "id": "B",
              "sex": "남성",
              "age": "2그룹(30대~40대)"
            },
            "speechAct": "진술하기",
            "morpheme": "B/SL+네/IC+안녕/NNG+하/XSV+세요/EP+EF+#/SY+@/SY+소속/NNG+#/SY+에서/JKB+강의/NNG+를/JKO+듣/VV+고/EC+있/VX+는데요/EC"
          },
          {
            "id": 3,
            "text": "B. 강의 듣고 수강후기 올렸는데 제가 올린 게 안 떠서요",
            "norm_text": "B. 강의 듣고 수강후기 올렸는데 제가 올린 게 안 떠서요",
            "speaker": {
              "id": "B",
              "sex": "남성",
              "age": "2그룹(30대~40대)"
            },
            "speechAct": "진술하기",
            "morpheme": "B/SL+./SY+강의/NNG+듣/VV+고/EC+수강/NNG+후기/NNG+올렸/VV+EP+는데/EC+제/NP+가/JKS+올린/VV+ETM+게/NNB+JKS+안/MAG+떠서/VV+EC+요/JX"
          },
          {
            "id": 4,
            "text": "A. 고객님 수강후기를 등록하시면 승인이 완료가 되어야 확인이 가능하세요",
            "norm_text": "A. 고객님 수강후기를 등록하시면 승인이 완료가 되어야 확인이 가능하세요",
            "speaker": {
              "id": "A",
              "sex": "여성",
              "age": "2그룹(30대~40대)"
            },
            "speechAct": "진술하기",
            "morpheme": "A/SL+./SY+고객/NNG+님/XSN+수강/NNG+후기/NNG+를/JKO+등록/NNG+하/XSV+시/EP+면/EC+승인/NNG+이/JKS+완료/NNG+가/JKS+되/VV+어야/EC+확인/NNG+이/JKS+가능/NNG+하/XSV+세요/EP+EF"
          },
          {
            "id": 5,
            "text": "B. 아 그런가요 바로 올라가는 게 아닌가 보네요",
            "norm_text": "B. 아 그런가요 바로 올라가는 게 아닌가 보네요",
            "speaker": {
              "id": "B",
              "sex": "남성",
              "age": "2그룹(30대~40대)"
            },
            "speechAct": "진술하기",
            "morpheme": "B/SL+아/IC+그런가요/VA+EC+VCP+EF+바로/MAG+올라가/VV+는/ETM+게/NNB+JKC+아닌가/VCN+EC+보/VX+네요/EC"
          },
          {
            "id": 6,
            "text": "A. 네 승인이 되면 바로 확인이 가능하실 거예요",
            "norm_text": "A. 네 승인이 되면 바로 확인이 가능하실 거예요",
            "speaker": {
              "id": "A",
              "sex": "여성",
              "age": "2그룹(30대~40대)"
            },
            "speechAct": "진술하기",
            "morpheme": "A/SL+네/IC+승인/NNG+이/JKS+되/VV+면/EC+바로/MAG+확인/NNG+이/JKS+가능/NNG+하/XSV+실/EP+ETM+거/NNB+예요/VCP+EF"
          },
          {
            "id": 7,
            "text": "B. 아 참 그리고 수강후기 등록 횟수 제한이 있어요",
            "norm_text": "B. 아 참 그리고 수강후기 등록 횟수 제한이 있어요",
            "speaker": {
              "id": "B",
              "sex": "남성",
              "age": "2그룹(30대~40대)"
            },
            "speechAct": "질문하기",
            "morpheme": "B/SL+아/IC+참/IC+그리고/MAJ+수강/NNG+후기/NNG+등록/NNG+횟수/NNG+제한/NNG+이/JKS+있/VA+어요/EF"
          },
          {
            "id": 8,
            "text": "A. 네 고객님 수강후기는 1회만 등록이 가능하세요",
            "norm_text": "A. 네 고객님 수강후기는 1회만 등록이 가능하세요",
            "speaker": {
              "id": "A",
              "sex": "여성",
              "age": "2그룹(30대~40대)"
            },
            "speechAct": "진술하기",
            "morpheme": "A/SL+네/IC+고객/NNG+님/XSN+수강/NNG+후기/NNG+는/JX+1/SN+회/NNBC+만/JX+등록/NNG+이/JKS+가능/NNG+하/XSV+세요/EP+EF"
          },
          {
            "id": 9,
            "text": "B. 아 그렇구나 알겠습니다",
            "norm_text": "B. 아 그렇구나 알겠습니다",
            "speaker": {
              "id": "B",
              "sex": "남성",
              "age": "2그룹(30대~40대)"
            },
            "speechAct": "진술하기",
            "morpheme": "B/SL+아/IC+그렇/VA+구나/EC+알/VV+겠/EP+습니다/EF"
          },
          {
            "id": 10,
            "text": "A. 네 더 궁금하신 건 없으신가요",
            "norm_text": "A. 네 더 궁금하신 건 없으신가요",
            "speaker": {
              "id": "A",
              "sex": "여성",
              "age": "2그룹(30대~40대)"
            },
            "speechAct": "질문하기",
            "morpheme": "A/SL+네/IC+더/MAG+궁금/XR+하/XSA+신/EP+ETM+건/NNB+JX+없/VA+으신/EP+ETM+가요/NNG"
          },
          {
            "id": 11,
            "text": "B. 예 없어요 수고하세요",
            "norm_text": "B. 예 없어요 수고하세요",
            "speaker": {
              "id": "B",
              "sex": "남성",
              "age": "2그룹(30대~40대)"
            },
            "speechAct": "인사하기",
            "morpheme": "B/SL+예/IC+없/VA+어요/EF+수고/NNG+하/XSV+세요/EP+EF"
          },
          {
            "id": 12,
            "text": "A. 감사합니다 #@소속# 상담원 #@이름#이었습니다",
            "norm_text": "A. 감사합니다 #@소속# 상담원 #@이름#이었습니다",
            "speaker": {
              "id": "A",
              "sex": "여성",
              "age": "2그룹(30대~40대)"
            },
            "speechAct": "인사하기",
            "morpheme": "A/SL+./SY+감사/NNG+합니다/XSV+EF+#/SY+@/SY+소속/NNG+#/SY+상담원/NNG+#/SY+@/SY+이름/NNG+#/SY+이/VCP+었/EP+습니다/EF"
          }
        ]
      }
    }
  ]
}