{
  "dataset": {
    "identifier": 139693,
    "name": "e1_20211115_0006_0252_01",
    "src_path": "/data/file/cubeManager/PROJECT018/91/txt20211110140003016435/e1_20211115_0006_0252_01/",
    "label_path": "/data/file/cubeManager/PROJECT018/91/txt20211110140003016435/e1_20211115_0006_0252_01/",
    "category": 2,
    "type": 0
  },
  "licenses": {
    "name": "Apache License 1.0",
    "url": "http://www.apache.org/licenses/LICENSE-1.0"
  },
  "info": [
    {
      "id": 157713,
      "filename": "e1_0066_0065_02.txt",
      "title": "e1_0066_0065_02",
      "mediatype": "콜센터",
      "medianame": "콜센터",
      "category": "목적대화",
      "date": "2021-11-10",
      "size": 283,
      "annotations": {
        "subject": "프로그램 문의",
        "speaker_type": "1:1",
        "size": 283,
        "word_size": 66,
        "text": "A. 문의주셔서 감사합니다 #@소속# #@이름# 상담원입니다\nB. 수고하십니다 다름이 아니라 제가 오랜만에 사이트 접속하는데요\nB. 학습중인 과정목록을 까먹어서요 어디서 확인할 수 있나요\nA. 마이페이지 교육 나의강의실 학습중인 과정목록에서 보실 수 있습니다\nB. 혹시 거기서 교육기간이나 진도율도 볼 수 있나요\nA. 과정별 클릭하시면 자세한 내용도 확인이 가능합니다\nB. 자세하게 설명해주셔서 감사합니다\nA. 네 다른 문의사항 있으실까요\nB. 아뇨 없어요 수고하십시요\nA. 주말 잘 보내시길 바랍니다 #@이름# 이었습니다",
        "lines": [
          {
            "id": 1,
            "text": "A. 문의주셔서 감사합니다 #@소속# #@이름# 상담원입니다",
            "norm_text": "A. 문의주셔서 감사합니다 #@소속# #@이름# 상담원입니다",
            "speaker": {
              "id": "A",
              "sex": "여성",
              "age": "1그룹(10대~20대)"
            },
            "speechAct": "인사하기",
            "morpheme": "A/SL+./SY+문/NNG+의/JKG+주/VV+셔서/EP+EC+감사/NNG+합니다/XSV+EF+#/SY+@/SY+소속/NNG+#/SY+#/SY+@/SY+이름/NNG+#/SY+상담원/NNG+입니다/VCP+EC"
          },
          {
            "id": 2,
            "text": "B. 수고하십니다 다름이 아니라 제가 오랜만에 사이트 접속하는데요",
            "norm_text": "B. 수고하십니다 다름이 아니라 제가 오랜만에 사이트 접속하는데요",
            "speaker": {
              "id": "B",
              "sex": "남성",
              "age": "1그룹(10대~20대)"
            },
            "speechAct": "진술하기",
            "morpheme": "B/SL+./SY+수고/NNG+하/XSV+십니다/EP+EF+다름/VA+ETN+이/JKC+아니/VCN+라/EC+제/NP+가/JKS+오랜만/NNG+에/JKB+사이트/NNG+접속/NNG+하/XSV+는데요/EC"
          },
          {
            "id": 3,
            "text": "B. 학습중인 과정목록을 까먹어서요 어디서 확인할 수 있나요",
            "norm_text": "B. 학습중인 과정목록을 까먹어서요 어디서 확인할 수 있나요",
            "speaker": {
              "id": "B",
              "sex": "남성",
              "age": "1그룹(10대~20대)"
            },
            "speechAct": "질문하기",
            "morpheme": "B/SL+./SY+학습/NNG+중/NNB+인/VCP+ETM+과정/NNG+목록/NNG+을/JKO+까먹/VV+어서요/EC+어디/NP+서/JKB+확인/NNG+할/XSV+ETM+수/NNB+있/VV+나요/EC"
          },
          {
            "id": 4,
            "text": "A. 마이페이지 교육 나의강의실 학습중인 과정목록에서 보실 수 있습니다",
            "norm_text": "A. 마이페이지 교육 나의강의실 학습중인 과정목록에서 보실 수 있습니다",
            "speaker": {
              "id": "A",
              "sex": "여성",
              "age": "1그룹(10대~20대)"
            },
            "speechAct": "진술하기",
            "morpheme": "A/SL+마이/MAG+페이지/NNG+교육/NNG+나/NP+의/JKG+강의실/NNG+학습/NNG+중/NNB+인/VCP+ETM+과정/NNG+목록/NNG+에서/JKB+보/VV+실/EP+ETM+수/NNB+있/VV+습니다/EF"
          },
          {
            "id": 5,
            "text": "B. 혹시 거기서 교육기간이나 진도율도 볼 수 있나요",
            "norm_text": "B. 혹시 거기서 교육기간이나 진도율도 볼 수 있나요",
            "speaker": {
              "id": "B",
              "sex": "남성",
              "age": "1그룹(10대~20대)"
            },
            "speechAct": "질문하기",
            "morpheme": "B/SL+혹시/MAG+거기/NP+서/JKB+교육/NNG+기간/NNG+이나/JC+진도/NNG+율/XSN+도/JX+볼/VV+ETM+수/NNB+있/VV+나요/EC"
          },
          {
            "id": 6,
            "text": "A. 과정별 클릭하시면 자세한 내용도 확인이 가능합니다",
            "norm_text": "A. 과정별 클릭하시면 자세한 내용도 확인이 가능합니다",
            "speaker": {
              "id": "A",
              "sex": "여성",
              "age": "1그룹(10대~20대)"
            },
            "speechAct": "진술하기",
            "morpheme": "A/SL+./SY+과정/NNG+별/XSN+클릭/NNG+하/XSV+시/EP+면/EC+자세/XR+한/XSA+ETM+내용/NNG+도/JX+확인/NNG+이/JKS+가능/NNG+합니다/XSV+EC"
          },
          {
            "id": 7,
            "text": "B. 자세하게 설명해주셔서 감사합니다",
            "norm_text": "B. 자세하게 설명해주셔서 감사합니다",
            "speaker": {
              "id": "B",
              "sex": "남성",
              "age": "1그룹(10대~20대)"
            },
            "speechAct": "감사하기",
            "morpheme": "B/SL+자세/XR+하/XSA+게/EC+설명/NNG+해/XSV+EC+주/VX+셔서/EP+EC+감사/NNG+합니다/XSV+EC"
          },
          {
            "id": 8,
            "text": "A. 네 다른 문의사항 있으실까요",
            "norm_text": "A. 네 다른 문의사항 있으실까요",
            "speaker": {
              "id": "A",
              "sex": "여성",
              "age": "1그룹(10대~20대)"
            },
            "speechAct": "질문하기",
            "morpheme": "A/SL+네/IC+다른/MM+문/NNG+의/JKG+사항/NNG+있/VV+으실까/EP+EP+EF+요/MM"
          },
          {
            "id": 9,
            "text": "B. 아뇨 없어요 수고하십시요",
            "norm_text": "B. 아뇨 없어요 수고하십시요1",
            "speaker": {
              "id": "B",
              "sex": "남성",
              "age": "1그룹(10대~20대)"
            },
            "speechAct": "인사하기",
            "morpheme": "B/SL+아뇨/IC+없/VA+어요/EF+수고/NNG+하/XSV+십시요/EP+EC"
          },
          {
            "id": 10,
            "text": "A. 주말 잘 보내시길 바랍니다 #@이름# 이었습니다",
            "norm_text": "A. 주말 잘 보내시길 바랍니다 #@이름# 이었습니다",
            "speaker": {
              "id": "A",
              "sex": "여성",
              "age": "1그룹(10대~20대)"
            },
            "speechAct": "인사하기",
            "morpheme": "A/SL+./SY+주말/NNG+잘/MAG+보내/VV+시/EP+길/ETN+JKO+바랍니다/VV+EF+#/SY+@/SY+이름/NNG+#/SY+이/VCP+었/EP+습니다/EF"
          }
        ]
      }
    }
  ]
}