{
  "dataset": {
    "identifier": 139656,
    "name": "e1_20211115_0006_0233_01",
    "src_path": "/data/file/cubeManager/PROJECT018/91/txt20211110140003001299/e1_20211115_0006_0233_01/",
    "label_path": "/data/file/cubeManager/PROJECT018/91/txt20211110140003001299/e1_20211115_0006_0233_01/",
    "category": 2,
    "type": 0
  },
  "licenses": {
    "name": "Apache License 1.0",
    "url": "http://www.apache.org/licenses/LICENSE-1.0"
  },
  "info": [
    {
      "id": 157694,
      "filename": "e1_0066_0046_02.txt",
      "title": "e1_0066_0046_02",
      "mediatype": "콜센터",
      "medianame": "콜센터",
      "category": "목적대화",
      "date": "2021-11-10",
      "size": 325,
      "annotations": {
        "subject": "프로그램 문의",
        "speaker_type": "1:1",
        "size": 325,
        "word_size": 77,
        "text": "A. 기분좋은 아침입니다 #@소속# 상담원 #@이름#입니다\nB. #@소속#에 입학해 조기졸업을 하고 싶은데요\nB. 조기졸업 방법좀 알려주실 수 있나요\nA. 계절학기 등을 이용해서 수업연한을 단축하면 조기졸업이 가능하십니다\nB. 일반적으로는 몇학기 내에 졸업하나요\nA. 음 대부분 학기에 6과목씩 8학기를 수강합니다\nB. 조기졸업하면 몇학기에 마칠 수 있나요\nA. 6학기나 7학기 내에 조기졸업을 하실 수 있습니다\nB. 졸업 학점도 따로 정해져 있나요\nA. 조기졸업시에는 평균평점이 3.5이상인 경우에만 가능합니다\nB. 정말 감사합니다 좋은 하루 되세요\nA. 문의주신 회원님도 좋은 하루 되시길 바랍니다",
        "lines": [
          {
            "id": 1,
            "text": "A. 기분좋은 아침입니다 #@소속# 상담원 #@이름#입니다",
            "norm_text": "A. 기분좋은 아침입니다 #@소속# 상담원 #@이름#입니다",
            "speaker": {
              "id": "A",
              "sex": "여성",
              "age": "1그룹(10대~20대)"
            },
            "speechAct": "인사하기",
            "morpheme": "A/SL+./SY+기분/NNG+좋/VA+은/ETM+아침/NNG+입니다/VCP+EF+#/SY+@/SY+소속/NNG+#/SY+상담원/NNG+#/SY+@/SY+이름/NNG+#/SY+입니다/VCP+EC"
          },
          {
            "id": 2,
            "text": "B. #@소속#에 입학해 조기졸업을 하고 싶은데요",
            "norm_text": "B. #@소속#에 입학해 조기졸업을 하고 싶은데요",
            "speaker": {
              "id": "B",
              "sex": "남성",
              "age": "1그룹(10대~20대)"
            },
            "speechAct": "진술하기",
            "morpheme": "B/SL+./SY+#/SY+@/SY+소속/NNG+#/SY+에/JKB+입학/NNG+해/XSV+EC+조기/NNG+졸업/NNG+을/JKO+하/VV+고/EC+싶/VX+은데요/EC"
          },
          {
            "id": 3,
            "text": "B. 조기졸업 방법좀 알려주실 수 있나요",
            "norm_text": "B. 조기졸업 방법좀 알려주실 수 있나요",
            "speaker": {
              "id": "B",
              "sex": "남성",
              "age": "1그룹(10대~20대)"
            },
            "speechAct": "질문하기",
            "morpheme": "B/SL+./SY+조기/NNG+졸업/NNG+방법/NNG+좀/MAG+알려/VV+EC+주/VX+실/EP+ETM+수/NNB+있/VV+나요/EC"
          },
          {
            "id": 4,
            "text": "A. 계절학기 등을 이용해서 수업연한을 단축하면 조기졸업이 가능하십니다",
            "norm_text": "A. 계절학기 등을 이용해서 수업연한을 단축하면 조기졸업이 가능하십니다",
            "speaker": {
              "id": "A",
              "sex": "여성",
              "age": "1그룹(10대~20대)"
            },
            "speechAct": "진술하기",
            "morpheme": "A/SL+./SY+계절/NNG+학기/NNG+등/NNB+을/JKO+이용/NNG+해서/XSV+EC+수업/NNG+연한/NNG+을/JKO+단축/NNG+하/XSV+면/EC+조기/NNG+졸업/NNG+이/JKS+가능/NNG+하/XSV+십니다/EP+EC"
          },
          {
            "id": 5,
            "text": "B. 일반적으로는 몇학기 내에 졸업하나요",
            "norm_text": "B. 일반적으로는 몇학기 내에 졸업하나요",
            "speaker": {
              "id": "B",
              "sex": "남성",
              "age": "1그룹(10대~20대)"
            },
            "speechAct": "질문하기",
            "morpheme": "B/SL+./SY+일반/NNG+적/XSN+으로/JKB+는/JX+몇/MM+학기/NNG+내/NNB+에/JKB+졸업/NNG+하/XSV+나요/EC"
          },
          {
            "id": 6,
            "text": "A. 음 대부분 학기에 6과목씩 8학기를 수강합니다",
            "norm_text": "A. 음 대부분 학기에 6과목씩 8학기를 수강합니다",
            "speaker": {
              "id": "A",
              "sex": "여성",
              "age": "1그룹(10대~20대)"
            },
            "speechAct": "진술하기",
            "morpheme": "A/SL+음/IC+대부분/NNG+학기/NNG+에/JKB+6/SN+과목/NNG+씩/XSN+8/SN+학기/NNG+를/JKO+수강/NNG+합니다/XSV+EC"
          },
          {
            "id": 7,
            "text": "B. 조기졸업하면 몇학기에 마칠 수 있나요",
            "norm_text": "B. 조기졸업하면 몇학기에 마칠 수 있나요",
            "speaker": {
              "id": "B",
              "sex": "남성",
              "age": "1그룹(10대~20대)"
            },
            "speechAct": "질문하기",
            "morpheme": "B/SL+./SY+조기/NNG+졸업/NNG+하/XSV+면/EC+몇/MM+학기/NNG+에/JKB+마칠/VV+ETM+수/NNB+있/VV+나요/EC"
          },
          {
            "id": 8,
            "text": "A. 6학기나 7학기 내에 조기졸업을 하실 수 있습니다",
            "norm_text": "A. 6학기나 7학기 내에 조기졸업을 하실 수 있습니다",
            "speaker": {
              "id": "A",
              "sex": "여성",
              "age": "1그룹(10대~20대)"
            },
            "speechAct": "진술하기",
            "morpheme": "A/SL+./SY+6/SN+학기/NNG+나/JC+7/SN+학기/NNG+내/NNB+에/JKB+조기/NNG+졸업/NNG+을/JKO+하/VV+실/EP+ETM+수/NNB+있/VV+습니다/EF"
          },
          {
            "id": 9,
            "text": "B. 졸업 학점도 따로 정해져 있나요",
            "norm_text": "B. 졸업 학점도 따로 정해져 있나요",
            "speaker": {
              "id": "B",
              "sex": "남성",
              "age": "1그룹(10대~20대)"
            },
            "speechAct": "질문하기",
            "morpheme": "B/SL+./SY+졸업/NNG+학점/NNG+도/JX+따로/MAG+정해져/VV+EC+VX+EC+있/VX+나요/EC"
          },
          {
            "id": 10,
            "text": "A. 조기졸업시에는 평균평점이 3.5이상인 경우에만 가능합니다",
            "norm_text": "A. 조기졸업시에는 평균평점이 3.5이상인 경우에만 가능합니다",
            "speaker": {
              "id": "A",
              "sex": "여성",
              "age": "1그룹(10대~20대)"
            },
            "speechAct": "진술하기",
            "morpheme": "A/SL+./SY+조기/NNG+졸업/NNG+시/NNB+에/JKB+는/JX+평균/NNG+평점/NNG+이/JKS+3/SN+./SY+5/SN+이상/NNG+인/VCP+ETM+경우/NNG+에/JKB+만/JX+가능/NNG+합니다/XSV+EC"
          },
          {
            "id": 11,
            "text": "B. 정말 감사합니다 좋은 하루 되세요",
            "norm_text": "B. 정말 감사합니다 좋은 하루 되세요",
            "speaker": {
              "id": "B",
              "sex": "남성",
              "age": "1그룹(10대~20대)"
            },
            "speechAct": "감사하기",
            "morpheme": "B/SL+정말/MAG+감사/NNG+합니다/XSV+EF+좋/VA+은/ETM+하루/NNG+되/XSV+세요/EP+EF"
          },
          {
            "id": 12,
            "text": "A. 문의주신 회원님도 좋은 하루 되시길 바랍니다",
            "norm_text": "A. 문의주신 회원님도 좋은 하루 되시길 바랍니다",
            "speaker": {
              "id": "A",
              "sex": "여성",
              "age": "1그룹(10대~20대)"
            },
            "speechAct": "인사하기",
            "morpheme": "A/SL+./SY+문/NNG+의/JKG+주신/NNG+회원/NNG+님/XSN+도/JX+좋/VA+은/ETM+하루/NNG+되/XSV+시/EP+길/ETN+JKO+바랍니다/VV+EC"
          }
        ]
      }
    }
  ]
}