{
  "dataset": {
    "identifier": 141006,
    "name": "e1_20211115_0006_0663_01",
    "src_path": "/data/file/cubeManager/PROJECT018/91/txt202111101400100878100/e1_20211115_0006_0663_01/",
    "label_path": "/data/file/cubeManager/PROJECT018/91/txt202111101400100878100/e1_20211115_0006_0663_01/",
    "category": 2,
    "type": 0
  },
  "licenses": {
    "name": "Apache License 1.0",
    "url": "http://www.apache.org/licenses/LICENSE-1.0"
  },
  "info": [
    {
      "id": 158640,
      "filename": "e1_0070_0041_02.txt",
      "title": "e1_0070_0041_02",
      "mediatype": "콜센터",
      "medianame": "콜센터",
      "category": "목적대화",
      "date": "2021-11-10",
      "size": 343,
      "annotations": {
        "subject": "프로그램 문의",
        "speaker_type": "1:1",
        "size": 343,
        "word_size": 85,
        "text": "A. 감사합니다 #@소속# 상담원 #@이름#입니다\nB. 네 안녕하세요 저 문의할게 있는데요\nA. 무엇을 도와드릴까요 고객님\nB. 교재 정오표는 어디서 확인할 수 있나요\nA. 고객님 교재 정오표는 온라인서점에서 확인하실 수 있는데요\nA. 온라인서점에 들어가시고 좌측에 정오표 개정추록 게시판을 이용하시면 됩니다\nB. 정오표 개정추록이요 아 여기 있네\nA. 네 고객님 그 게시판에서 이용하시면 되세요\nB. 예 알겠습니다 이거는 계속 업데이트 되는 거죠\nA. 네 고객님 3개월에서 5개월 동안 정오 내용 검수 후에 업데이트됩니다\nB. 네 알겠습니다 여기서 이용할게요 수고하세요\nA. #@소속# 상담원 #@이름#이었습니다 힘찬 한 주 되세요",
        "lines": [
          {
            "id": 1,
            "text": "A. 감사합니다 #@소속# 상담원 #@이름#입니다",
            "norm_text": "A. 감사합니다 #@소속# 상담원 #@이름#입니다",
            "speaker": {
              "id": "A",
              "sex": "여성",
              "age": "2그룹(30대~40대)"
            },
            "speechAct": "인사하기",
            "morpheme": "A/SL+./SY+감사/NNG+합니다/XSV+EF+#/SY+@/SY+소속/NNG+#/SY+상담원/NNG+#/SY+@/SY+이름/NNG+#/SY+입니다/VCP+EC"
          },
          {
            "id": 2,
            "text": "B. 네 안녕하세요 저 문의할게 있는데요",
            "norm_text": "B. 네 안녕하세요 저 문의할게 있는데요",
            "speaker": {
              "id": "B",
              "sex": "남성",
              "age": "2그룹(30대~40대)"
            },
            "speechAct": "진술하기",
            "morpheme": "B/SL+네/IC+안녕/NNG+하/XSV+세요/EP+EF+저/MM+문의/NNG+할/XSV+ETM+게/NNB+JKS+있/VA+는데요/EC"
          },
          {
            "id": 3,
            "text": "A. 무엇을 도와드릴까요 고객님",
            "norm_text": "A. 무엇을 도와드릴까요 고객님",
            "speaker": {
              "id": "A",
              "sex": "여성",
              "age": "2그룹(30대~40대)"
            },
            "speechAct": "질문하기",
            "morpheme": "A/SL+무엇/NP+을/JKO+도와/VV+EC+드릴까요/VX+EC+고객/NNG+님/XSN"
          },
          {
            "id": 4,
            "text": "B. 교재 정오표는 어디서 확인할 수 있나요",
            "norm_text": "B. 교재 정오표는 어디서 확인할 수 있나요",
            "speaker": {
              "id": "B",
              "sex": "남성",
              "age": "2그룹(30대~40대)"
            },
            "speechAct": "질문하기",
            "morpheme": "B/SL+./SY+교재/NNG+정오표/NNG+는/JX+어디/NP+서/JKB+확인/NNG+할/XSV+ETM+수/NNB+있/VV+나요/EC"
          },
          {
            "id": 5,
            "text": "A. 고객님 교재 정오표는 온라인서점에서 확인하실 수 있는데요",
            "norm_text": "A. 고객님 교재 정오표는 온라인서점에서 확인하실 수 있는데요",
            "speaker": {
              "id": "A",
              "sex": "여성",
              "age": "2그룹(30대~40대)"
            },
            "speechAct": "진술하기",
            "morpheme": "A/SL+./SY+고객/NNG+님/XSN+교재/NNG+정오표/NNG+는/JX+온라인/NNG+서점/NNG+에서/JKB+확인/NNG+하/XSV+실/EP+ETM+수/NNB+있/VV+는데요/EC"
          },
          {
            "id": 6,
            "text": "A. 온라인서점에 들어가시고 좌측에 정오표 개정추록 게시판을 이용하시면 됩니다",
            "norm_text": "A. 온라인서점에 들어가시고 좌측에 정오표 개정추록 게시판을 이용하시면 됩니다",
            "speaker": {
              "id": "A",
              "sex": "여성",
              "age": "2그룹(30대~40대)"
            },
            "speechAct": "진술하기",
            "morpheme": "A/SL+./SY+온라인/NNG+서점/NNG+에/JKB+들어가/VV+시/EP+고/EC+좌측/NNG+에/JKB+정오표/NNG+개정/NNG+추록/NNG+게시판/NNG+을/JKO+이용/NNG+하/XSV+시/EP+면/EC+됩니다/VX+EC"
          },
          {
            "id": 7,
            "text": "B. 정오표 개정추록이요 아 여기 있네",
            "norm_text": "B. 정오표 개정추록이요 아 여기 있네",
            "speaker": {
              "id": "B",
              "sex": "남성",
              "age": "2그룹(30대~40대)"
            },
            "speechAct": "진술하기",
            "morpheme": "B/SL+./SY+정오표/NNG+개정/NNG+추록/NNG+이/VCP+요/EC+아/IC+여기/NP+있/VA+네/EC"
          },
          {
            "id": 8,
            "text": "A. 네 고객님 그 게시판에서 이용하시면 되세요",
            "norm_text": "A. 네 고객님 그 게시판에서 이용하시면 되세요",
            "speaker": {
              "id": "A",
              "sex": "여성",
              "age": "2그룹(30대~40대)"
            },
            "speechAct": "진술하기",
            "morpheme": "A/SL+네/IC+고객/NNG+님/XSN+그게/NP+JKS+시판/NNG+에서/JKB+이용/NNG+하/XSV+시/EP+면/EC+되/VV+세요/EP+EF"
          },
          {
            "id": 9,
            "text": "B. 예 알겠습니다 이거는 계속 업데이트 되는 거죠",
            "norm_text": "B. 예 알겠습니다 이거는 계속 업데이트 되는 거죠",
            "speaker": {
              "id": "B",
              "sex": "남성",
              "age": "2그룹(30대~40대)"
            },
            "speechAct": "질문하기",
            "morpheme": "B/SL+예/IC+알/VV+겠/EP+습니다/EF+이거/NP+는/JX+계속/MAG+업데이트/NNG+되/XSV+는/ETM+거/NNB+죠/VCP+EC"
          },
          {
            "id": 10,
            "text": "A. 네 고객님 3개월에서 5개월 동안 정오 내용 검수 후에 업데이트됩니다",
            "norm_text": "A. 네 고객님 3개월에서 5개월 동안 정오 내용 검수 후에 업데이트됩니다",
            "speaker": {
              "id": "A",
              "sex": "여성",
              "age": "2그룹(30대~40대)"
            },
            "speechAct": "진술하기",
            "morpheme": "A/SL+네/IC+고객/NNG+님/XSN+3/SN+개월/NNBC+에서/JKB+5/SN+개월/NNBC+동안/NNG+정오/NNG+내용/NNG+검수/NNG+후/NNG+에/JKB+업데이트/NNG+됩니다/XSV+EC"
          },
          {
            "id": 11,
            "text": "B. 네 알겠습니다 여기서 이용할게요 수고하세요",
            "norm_text": "B. 네 알겠습니다 여기서 이용할게요 수고하세요",
            "speaker": {
              "id": "B",
              "sex": "남성",
              "age": "2그룹(30대~40대)"
            },
            "speechAct": "인사하기",
            "morpheme": "B/SL+네/IC+알/VV+겠/EP+습니다/EF+여기/NP+서/JKB+이용/NNG+할게요/XSV+EC+수고/NNG+하/XSV+세요/EP+EF"
          },
          {
            "id": 12,
            "text": "A. #@소속# 상담원 #@이름#이었습니다 힘찬 한 주 되세요",
            "norm_text": "A. #@소속# 상담원 #@이름#이었습니다 힘찬 한 주 되세요",
            "speaker": {
              "id": "A",
              "sex": "여성",
              "age": "2그룹(30대~40대)"
            },
            "speechAct": "인사하기",
            "morpheme": "A/SL+./SY+#/SY+@/SY+소속/NNG+#/SY+상담원/NNG+#/SY+@/SY+이름/NNG+#/SY+이/VCP+었/EP+습니다/EF+힘찬/VA+ETM+한주/NNG+되/XSV+세요/EP+EF"
          }
        ]
      }
    }
  ]
}