{
  "dataset": {
    "identifier": 140554,
    "name": "e1_20211115_0006_0580_01",
    "src_path": "/data/file/cubeManager/PROJECT018/91/txt20211110140006079884/e1_20211115_0006_0580_01/",
    "label_path": "/data/file/cubeManager/PROJECT018/91/txt20211110140006079884/e1_20211115_0006_0580_01/",
    "category": 2,
    "type": 0
  },
  "licenses": {
    "name": "Apache License 1.0",
    "url": "http://www.apache.org/licenses/LICENSE-1.0"
  },
  "info": [
    {
      "id": 158132,
      "filename": "e1_0068_0060_02.txt",
      "title": "e1_0068_0060_02",
      "mediatype": "콜센터",
      "medianame": "콜센터",
      "category": "목적대화",
      "date": "2021-11-10",
      "size": 310,
      "annotations": {
        "subject": "프로그램 문의",
        "speaker_type": "1:1",
        "size": 310,
        "word_size": 66,
        "text": "A.감사합니다#@소속# #@이름# 상담원 입니다\nB.교재랑 상품을 직접 눈으로 보고 싶은데요 무슨 방법이 있을까요\nA.그러시면 가까운#@소속# 체험센터를 이용해 보시길 추천 드립니다\nB.아 체험센터 라는게 있어요\nA.거주하시는 곳을 동명까지 말씀해 주시면 제가 도와 드릴께요\nB.그럼 어 서울시 송파구#@주소# 이요\nA.고객님 조회해 보니 헬리오시티점이 이용하시기 편할 것 같은데요\nB.집에서 가까워요 연락처 좀 불러 주세요\nA.헬리오시티점 이구요 #@전번# 번이요\nB.전화 해보구 가봐야겠네요 어우 고맙습니다\nA.감사합니다 고객님 저는 #@소속# 상담원#@이름# 였습니다",
        "lines": [
          {
            "id": 1,
            "text": "A.감사합니다#@소속# #@이름# 상담원 입니다",
            "norm_text": "A.감사합니다#@소속# #@이름# 상담원 입니다",
            "speaker": {
              "id": "A",
              "sex": "여성",
              "age": "1그룹(10대~20대)"
            },
            "speechAct": "인사하기",
            "morpheme": "A/SL+./SY+감사/NNG+합니다/XSV+EF+#/SY+@/SY+소속/NNG+#/SY+#/SY+@/SY+이름/NNG+#/SY+상담원/NNG+입니다/VCP+EC"
          },
          {
            "id": 2,
            "text": "B.교재랑 상품을 직접 눈으로 보고 싶은데요 무슨 방법이 있을까요",
            "norm_text": "B.교재랑 상품을 직접 눈으로 보고 싶은데요 무슨 방법이 있을까요",
            "speaker": {
              "id": "B",
              "sex": "남성",
              "age": "1그룹(10대~20대)"
            },
            "speechAct": "질문하기",
            "morpheme": "B/SL+./SY+교재/NNG+랑/JKB+상품/NNG+을/JKO+직접/MAG+눈/NNG+으로/JKB+보/VV+고/EC+싶/VX+은데요/EC+무슨/MM+방법/NNG+이/JKS+있/VV+을까요/EC"
          },
          {
            "id": 3,
            "text": "A.그러시면 가까운#@소속# 체험센터를 이용해 보시길 추천 드립니다",
            "norm_text": "A.그러시면 가까운#@소속# 체험센터를 이용해 보시길 추천 드립니다",
            "speaker": {
              "id": "A",
              "sex": "여성",
              "age": "1그룹(10대~20대)"
            },
            "speechAct": "진술하기",
            "morpheme": "A/SL+그러/VV+시/EP+면/EC+가까운/VA+ETM+#/SY+@/SY+소속/NNG+#/SY+체험/NNG+센터/NNG+를/JKO+이용/NNG+해/XSV+EC+보/VX+시/EP+길/ETN+JKO+추천/NNG+드립니다/VV+EC"
          },
          {
            "id": 4,
            "text": "B.아 체험센터 라는게 있어요",
            "norm_text": "B.아 체험센터 라는게 있어요",
            "speaker": {
              "id": "B",
              "sex": "남성",
              "age": "1그룹(10대~20대)"
            },
            "speechAct": "질문하기",
            "morpheme": "B/SL+아/IC+체험/NNG+센터/NNG+라는/VCP+ETM+게/NNB+JKS+있/VA+어요/EF"
          },
          {
            "id": 5,
            "text": "A.거주하시는 곳을 동명까지 말씀해 주시면 제가 도와 드릴께요",
            "norm_text": "A.거주하시는 곳을 동명까지 말씀해 주시면 제가 도와 드릴께요",
            "speaker": {
              "id": "A",
              "sex": "여성",
              "age": "1그룹(10대~20대)"
            },
            "speechAct": "약속하기(개인적 수준의 서약)",
            "morpheme": "A/SL+./SY+거주/NNG+하/XSV+시/EP+는/ETM+곳/NNG+을/JKO+동명/NNG+까지/JX+말씀/NNG+해/XSV+EC+주/VX+시/EP+면/EC+제/NP+가/JKS+도와/VV+EC+드릴께요/VX+EF"
          },
          {
            "id": 6,
            "text": "B.그럼 어 서울시 송파구#@주소# 이요",
            "norm_text": "B.그럼 어 서울시 송파구#@주소# 이요",
            "speaker": {
              "id": "B",
              "sex": "남성",
              "age": "1그룹(10대~20대)"
            },
            "speechAct": "진술하기",
            "morpheme": "B/SL+그럼/MAJ+어/IC+서울시/NNP+송파구/NNP+#/SY+@/SY+주소/NNG+#/SY+이/VCP+요/EC"
          },
          {
            "id": 7,
            "text": "A.고객님 조회해 보니 헬리오시티점이 이용하시기 편할 것 같은데요",
            "norm_text": "A.고객님 조회해 보니 헬리오시티점이 이용하시기 편할 것 같은데요",
            "speaker": {
              "id": "A",
              "sex": "여성",
              "age": "1그룹(10대~20대)"
            },
            "speechAct": "진술하기",
            "morpheme": "A/SL+./SY+고객/NNG+님/XSN+조회/NNG+해/XSV+EC+보/VX+니/EC+헬리오/NNP+시티/NNG+점/NNG+이/JKS+이용/NNG+하/XSV+시/EP+기/ETN+편할/VA+ETM+것/NNB+같/VA+은데요/EC"
          },
          {
            "id": 8,
            "text": "B.집에서 가까워요 연락처 좀 불러 주세요",
            "norm_text": "B.집에서 가까워요 연락처 좀 불러 주세요",
            "speaker": {
              "id": "B",
              "sex": "남성",
              "age": "1그룹(10대~20대)"
            },
            "speechAct": "명령하기/요구하기",
            "morpheme": "B/SL+./SY+집/NNG+에서/JKB+가까워/VV+요/EC+연락처/NNG+좀/MAG+불러/VV+EC+주/VX+세요/EP+EF"
          },
          {
            "id": 9,
            "text": "A.헬리오시티점 이구요 #@전번# 번이요",
            "norm_text": "A.헬리오시티점 이구요 #@전번# 번이요",
            "speaker": {
              "id": "A",
              "sex": "여성",
              "age": "1그룹(10대~20대)"
            },
            "speechAct": "진술하기",
            "morpheme": "A/SL+./SY+헬리오/NNP+시티/NNG+점/NNG+이/VCP+구요/EF+#/SY+@/SY+전번/NNG+#/SY+번/NNBC+이요/JX"
          },
          {
            "id": 10,
            "text": "B.전화 해보구 가봐야겠네요 어우 고맙습니다",
            "norm_text": "B.전화 해보구 가봐야겠네요 어우 고맙습니다",
            "speaker": {
              "id": "B",
              "sex": "남성",
              "age": "1그룹(10대~20대)"
            },
            "speechAct": "감사하기",
            "morpheme": "B/SL+./SY+전화/NNG+해/XSV+EC+보/VX+구/EC+가/VX+봐야/EC+VX+EC+VX+겠/EP+네요/EF+어우/IC+고맙/VA+습니다/EF"
          },
          {
            "id": 11,
            "text": "A.감사합니다 고객님 저는 #@소속# 상담원#@이름# 였습니다",
            "norm_text": "A.감사합니다 고객님 저는 #@소속# 상담원#@이름# 였습니다",
            "speaker": {
              "id": "A",
              "sex": "여성",
              "age": "1그룹(10대~20대)"
            },
            "speechAct": "인사하기",
            "morpheme": "A/SL+./SY+감사/NNG+합니다/XSV+EF+고객/NNG+님/XSN+저/NP+는/JX+#/SY+@/SY+소속/NNG+#/SY+상담원/NNG+#/SY+@/SY+이름/NNG+#/SY+였/VCP+EP+습니다/EF"
          }
        ]
      }
    }
  ]
}