{
  "dataset": {
    "identifier": 140445,
    "name": "e1_20211115_0006_0524_01",
    "src_path": "/data/file/cubeManager/PROJECT018/91/txt20211110140005066849/e1_20211115_0006_0524_01/",
    "label_path": "/data/file/cubeManager/PROJECT018/91/txt20211110140005066849/e1_20211115_0006_0524_01/",
    "category": 2,
    "type": 0
  },
  "licenses": {
    "name": "Apache License 1.0",
    "url": "http://www.apache.org/licenses/LICENSE-1.0"
  },
  "info": [
    {
      "id": 157998,
      "filename": "e1_0067_0139_02.txt",
      "title": "e1_0067_0139_02",
      "mediatype": "콜센터",
      "medianame": "콜센터",
      "category": "목적대화",
      "date": "2021-11-10",
      "size": 380,
      "annotations": {
        "subject": "프로그램 문의",
        "speaker_type": "1:1",
        "size": 380,
        "word_size": 98,
        "text": "A. 반갑습니다 합격을 보장하는 #@소속# 상담원 #@이름# 입니다\nB. 네 저 기존 현강 수강생인데 문의 드릴게 있어요\nA. 안녕하세요 어떤 부분 안내 도와드릴까요\nB. 제가 곧 이사도 가야하고 알바를 해야해서요\nB. 인강으로 바꿀까 하는데 왠지 이래저래 좀 걱정이 되서요\nA. 요즘은 오히려 그런 이유로 인강듣는 분들 많으시구요\nA. 그런 분들이 전부 인강 수업만으로도 합격하시거든요\nB. 제가 계속 왔다갔다 하면서 봐야될 상황일텐데요\nB. 혹시 컴퓨터 말고 모바일로도 수강 가능할까요\nA. 네 주소창에 #@URL# 입력하시면 되구요\nA. 아니면 공지에 올라온 QR코드 스캔해서 접속해도 됩니다\nB. 네 감사합니다 인강으로 한번 바꿔봐야겠네요\nA. 네 인강 관련 다른 문의 생기시면 또 연락 주세요",
        "lines": [
          {
            "id": 1,
            "text": "A. 반갑습니다 합격을 보장하는 #@소속# 상담원 #@이름# 입니다",
            "norm_text": "A. 반갑습니다 합격을 보장하는 #@소속# 상담원 #@이름# 입니다",
            "speaker": {
              "id": "A",
              "sex": "여성",
              "age": "1그룹(10대~20대)"
            },
            "speechAct": "인사하기",
            "morpheme": "A/SL+반갑/VA+습니다/EF+합격/NNG+을/JKO+보장/NNG+하/XSV+는/ETM+#/SY+@/SY+소속/NNG+#/SY+상담원/NNG+#/SY+@/SY+이름/NNG+#/SY+입니다/VCP+EC"
          },
          {
            "id": 2,
            "text": "B. 네 저 기존 현강 수강생인데 문의 드릴게 있어요",
            "norm_text": "B. 네 저 기존 현강 수강생인데 문의 드릴게 있어요",
            "speaker": {
              "id": "B",
              "sex": "남성",
              "age": "1그룹(10대~20대)"
            },
            "speechAct": "진술하기",
            "morpheme": "B/SL+네/IC+저기/NP+존현/NNG+강/NNG+수강/NNG+생/XSN+인데/VCP+EC+문/NNG+의/JKG+드릴/VV+ETM+게/NNB+JKS+있/VA+어요/EF"
          },
          {
            "id": 3,
            "text": "A. 안녕하세요 어떤 부분 안내 도와드릴까요",
            "norm_text": "A. 안녕하세요 어떤 부분 안내 도와드릴까요",
            "speaker": {
              "id": "A",
              "sex": "여성",
              "age": "1그룹(10대~20대)"
            },
            "speechAct": "질문하기",
            "morpheme": "A/SL+./SY+안녕/NNG+하/XSV+세요/EP+EF+어떤/MM+부분/NNG+안내/NNG+도와/VV+EC+드릴까요/VX+EC"
          },
          {
            "id": 4,
            "text": "B. 제가 곧 이사도 가야하고 알바를 해야해서요",
            "norm_text": "B. 제가 곧 이사도 가야하고 알바를 해야해서요",
            "speaker": {
              "id": "B",
              "sex": "남성",
              "age": "1그룹(10대~20대)"
            },
            "speechAct": "진술하기",
            "morpheme": "B/SL+제/NP+가/JKS+곧/MAG+이사/NNG+도/JX+가/VV+야/EC+하/VV+고/EC+알/VV+ETM+바/NNB+를/JKO+해야/VV+EC+해서/VX+EC+VCP+요/EC"
          },
          {
            "id": 5,
            "text": "B. 인강으로 바꿀까 하는데 왠지 이래저래 좀 걱정이 되서요",
            "norm_text": "B. 인강으로 바꿀까 하는데 왠지 이래저래 좀 걱정이 되서요",
            "speaker": {
              "id": "B",
              "sex": "남성",
              "age": "1그룹(10대~20대)"
            },
            "speechAct": "진술하기",
            "morpheme": "B/SL+./SY+인/+강/+으로/JKB+바꿀까/VV+EC+하/VV+는데/EC+왠지/MAG+이래저래/MAG+좀/MAG+걱정/NNG+이/JKS+되/VV+서요/EP+EC"
          },
          {
            "id": 6,
            "text": "A. 요즘은 오히려 그런 이유로 인강듣는 분들 많으시구요",
            "norm_text": "A. 요즘은 오히려 그런 이유로 인강듣는 분들 많으시구요",
            "speaker": {
              "id": "A",
              "sex": "여성",
              "age": "1그룹(10대~20대)"
            },
            "speechAct": "진술하기",
            "morpheme": "A/SL+./SY+요즘/NNG+은/JX+오히려/MAJ+그런/MM+이유/NNG+로/JKB+인/+강/+듣/VV+는/ETM+분/NNB+들/XSN+많/VA+으시/EP+구요/EF"
          },
          {
            "id": 7,
            "text": "A. 그런 분들이 전부 인강 수업만으로도 합격하시거든요",
            "norm_text": "A. 그런 분들이 전부 인강 수업만으로도 합격하시거든요",
            "speaker": {
              "id": "A",
              "sex": "여성",
              "age": "1그룹(10대~20대)"
            },
            "speechAct": "진술하기",
            "morpheme": "A/SL+그런/MM+분/NNB+들/XSN+이/JKS+전부/MAG+인/+강/+수업/NNG+만/JX+으로/JKB+도/JX+합격/NNG+하/XSV+시/EP+거든요/EF"
          },
          {
            "id": 8,
            "text": "B. 제가 계속 왔다갔다 하면서 봐야될 상황일텐데요",
            "norm_text": "B. 제가 계속 왔다갔다 하면서 봐야될 상황일텐데요",
            "speaker": {
              "id": "B",
              "sex": "남성",
              "age": "1그룹(10대~20대)"
            },
            "speechAct": "진술하기",
            "morpheme": "B/SL+제/NP+가/JKS+계속/MAG+왔다갔다/MAG+하/VV+면서/EC+봐야/VX+EC+될/VV+ETM+상황/NNG+일/VCP+ETM+텐데요/NNB+VCP+EC"
          },
          {
            "id": 9,
            "text": "B. 혹시 컴퓨터 말고 모바일로도 수강 가능할까요",
            "norm_text": "B. 혹시 컴퓨터 말고 모바일로도 수강 가능할까요",
            "speaker": {
              "id": "B",
              "sex": "남성",
              "age": "1그룹(10대~20대)"
            },
            "speechAct": "질문하기",
            "morpheme": "B/SL+혹시/MAG+컴퓨터/NNG+말/VV+고/EC+모바일/NNP+로/JKB+도/JX+수강/NNG+가능/NNG+할까요/XSV+EC"
          },
          {
            "id": 10,
            "text": "A. 네 주소창에 #@URL# 입력하시면 되구요",
            "norm_text": "A. 네 주소창에 #@URL# 입력하시면 되구요",
            "speaker": {
              "id": "A",
              "sex": "여성",
              "age": "1그룹(10대~20대)"
            },
            "speechAct": "진술하기",
            "morpheme": "A/SL+네/IC+주소창/NNP+에/JKB+#/SY+@/SY+URL/SL+#/SY+입력/NNG+하/XSV+시/EP+면/EC+되/VV+구요/EF"
          },
          {
            "id": 11,
            "text": "A. 아니면 공지에 올라온 QR코드 스캔해서 접속해도 됩니다",
            "norm_text": "A. 아니면 공지에 올라온 QR코드 스캔해서 접속해도 됩니다",
            "speaker": {
              "id": "A",
              "sex": "여성",
              "age": "1그룹(10대~20대)"
            },
            "speechAct": "진술하기",
            "morpheme": "A/SL+아니면/MAJ+공지/NNG+에/JKB+올라온/VV+ETM+QR/SL+코드/NNG+스캔/NNP+해서/VV+EC+접속/NNG+해도/XSV+EC+됩니다/VX+EC"
          },
          {
            "id": 12,
            "text": "B. 네 감사합니다 인강으로 한번 바꿔봐야겠네요",
            "norm_text": "B. 네 감사합니다 인강으로 한번 바꿔봐야겠네요",
            "speaker": {
              "id": "B",
              "sex": "남성",
              "age": "1그룹(10대~20대)"
            },
            "speechAct": "진술하기",
            "morpheme": "B/SL+네/IC+감사/NNG+합니다/XSV+EF+인/+강/+으로/JKB+한/MM+번/NNBC+바꿔/VV+EC+봐야/VX+EC+VV+겠/EP+네요/EC"
          },
          {
            "id": 13,
            "text": "A. 네 인강 관련 다른 문의 생기시면 또 연락 주세요",
            "norm_text": "A. 네 인강 관련 다른 문의 생기시면 또 연락 주세요",
            "speaker": {
              "id": "A",
              "sex": "여성",
              "age": "1그룹(10대~20대)"
            },
            "speechAct": "부탁하기",
            "morpheme": "A/SL+네/IC+인/+강/+관련/NNG+다른/MM+문/NNG+의/JKG+생기/VV+시/EP+면/EC+또/MAG+연락/NNG+주세요/NNP"
          }
        ]
      }
    }
  ]
}