{
  "dataset": {
    "identifier": 141023,
    "name": "e1_20211115_0006_0680_01",
    "src_path": "/data/file/cubeManager/PROJECT018/91/txt20211110140013017991/e1_20211115_0006_0680_01/",
    "label_path": "/data/file/cubeManager/PROJECT018/91/txt20211110140013017991/e1_20211115_0006_0680_01/",
    "category": 2,
    "type": 0
  },
  "licenses": {
    "name": "Apache License 1.0",
    "url": "http://www.apache.org/licenses/LICENSE-1.0"
  },
  "info": [
    {
      "id": 158926,
      "filename": "e1_0071_0122_02.txt",
      "title": "e1_0071_0122_02",
      "mediatype": "콜센터",
      "medianame": "콜센터",
      "category": "목적대화",
      "date": "2021-11-10",
      "size": 360,
      "annotations": {
        "subject": "프로그램 문의",
        "speaker_type": "1:1",
        "size": 360,
        "word_size": 83,
        "text": "A.최선을 다하는 #@소속# 상담원 #@이름# 입니다\nB.이번 가을학기에 신입학으로 지원하게 되었는데요\nB.신입학으로 지원하면 이번 2학기부터 하는건가요\nA.네 이번 2학기부터 수업 들으실 수 있습니다\nB.오 그렇군요 등록금은 언제까지 입금하면 될까요\nA.8월 20일 부터 23일 까지 등록금 납부를 완료하시면 입학이 됩니다\nB.아 네 그리고 시험은 아무시간때나 자유롭게 치면 될까요\nA.시험같은 경우는 날짜가 정해져 있으신데요\nA.각 과목마다 유의사항이 있어 숙지하신 뒤 시험을 치셔야 합니다\nB.아 네 자세한 상담 감사합니다\nA.네 고객님 또 다른 문의 사항 있으실까요\nB.아니요 없어요 감사합니다\nA.쌀쌀한 날씨에 건강 유의하십시오 상담원 #@이름# 이었습니다",
        "lines": [
          {
            "id": 1,
            "text": "A.최선을 다하는 #@소속# 상담원 #@이름# 입니다",
            "norm_text": "A.최선을 다하는 #@소속# 상담원 #@이름# 입니다",
            "speaker": {
              "id": "A",
              "sex": "여성",
              "age": "2그룹(30대~40대)"
            },
            "speechAct": "인사하기",
            "morpheme": "A/SL+./SY+최선/NNG+을/JKO+다/MAG+하/VV+는/ETM+#/SY+@/SY+소속/NNG+#/SY+상담원/NNG+#/SY+@/SY+이름/NNG+#/SY+입니다/VCP+EC"
          },
          {
            "id": 2,
            "text": "B.이번 가을학기에 신입학으로 지원하게 되었는데요",
            "norm_text": "B.이번 가을학기에 신입학으로 지원하게 되었는데요",
            "speaker": {
              "id": "B",
              "sex": "남성",
              "age": "2그룹(30대~40대)"
            },
            "speechAct": "진술하기",
            "morpheme": "B/SL+./SY+이번/NNG+가을/NNG+학기/NNG+에/JKB+신/XPN+입학/NNG+으로/JKB+지원/NNG+하/XSV+게/EC+되/VV+었/EP+는데요/EC"
          },
          {
            "id": 3,
            "text": "B.신입학으로 지원하면 이번 2학기부터 하는건가요",
            "norm_text": "B.신입학으로 지원하면 이번 2학기부터 하는건가요",
            "speaker": {
              "id": "B",
              "sex": "남성",
              "age": "2그룹(30대~40대)"
            },
            "speechAct": "질문하기",
            "morpheme": "B/SL+./SY+신/XPN+입학/NNG+으로/JKB+지원/NNG+하/XSV+면/EC+이번/NNG+2/SN+학기/NNG+부터/JX+하/VV+는/ETM+건가요/NNB+VCP+EC"
          },
          {
            "id": 4,
            "text": "A.네 이번 2학기부터 수업 들으실 수 있습니다",
            "norm_text": "A.네 이번 2학기부터 수업 들으실 수 있습니다",
            "speaker": {
              "id": "A",
              "sex": "여성",
              "age": "2그룹(30대~40대)"
            },
            "speechAct": "진술하기",
            "morpheme": "A/SL+네/IC+이번/NNG+2/SN+학기/NNG+부터/JX+수업/NNG+들으실/VV+EP+ETM+수/NNB+있/VV+습니다/EF"
          },
          {
            "id": 5,
            "text": "B.오 그렇군요 등록금은 언제까지 입금하면 될까요",
            "norm_text": "B.오 그렇군요 등록금은 언제까지 입금하면 될까요",
            "speaker": {
              "id": "B",
              "sex": "남성",
              "age": "2그룹(30대~40대)"
            },
            "speechAct": "질문하기",
            "morpheme": "B/SL+오/IC+그렇/VA+군요/EC+등록금/NNG+은/JX+언제/NP+까지/JX+입금/NNG+하/XSV+면/EC+될까요/VV+EC"
          },
          {
            "id": 6,
            "text": "A.8월 20일 부터 23일 까지 등록금 납부를 완료하시면 입학이 됩니다",
            "norm_text": "A.8월 20일 부터 23일 까지 등록금 납부를 완료하시면 입학이 됩니다",
            "speaker": {
              "id": "A",
              "sex": "여성",
              "age": "2그룹(30대~40대)"
            },
            "speechAct": "진술하기",
            "morpheme": "A/SL+./SY+8/SN+월/NNBC+20/SN+일/NNBC+부터/JX+23/SN+일/NNBC+까지/JX+등록금/NNG+납부/NNG+를/JKO+완료/NNG+하/XSV+시/EP+면/EC+입학/NNG+이/JKS+됩니다/VV+EF"
          },
          {
            "id": 7,
            "text": "B.아 네 그리고 시험은 아무시간때나 자유롭게 치면 될까요",
            "norm_text": "B.아 네 그리고 시험은 아무시간때나 자유롭게 치면 될까요",
            "speaker": {
              "id": "B",
              "sex": "남성",
              "age": "2그룹(30대~40대)"
            },
            "speechAct": "질문하기",
            "morpheme": "B/SL+아/IC+네/IC+그리고/MAJ+시험/NNG+은/JX+아무/MM+시간/NNG+때/NNG+나/JC+자유/NNG+롭/XSA+게/EC+치/VV+면/EC+될까요/VV+EC"
          },
          {
            "id": 8,
            "text": "A.시험같은 경우는 날짜가 정해져 있으신데요",
            "norm_text": "A.시험같은 경우는 날짜가 정해져 있으신데요",
            "speaker": {
              "id": "A",
              "sex": "여성",
              "age": "2그룹(30대~40대)"
            },
            "speechAct": "진술하기",
            "morpheme": "A/SL+./SY+시험/NNG+같/VA+은/ETM+경우/NNG+는/JX+날짜/NNG+가/JKS+정해져/VV+EC+VX+EC+있/VX+으신/EP+ETM+데/NNB+요/VCP+EC"
          },
          {
            "id": 9,
            "text": "A.각 과목마다 유의사항이 있어 숙지하신 뒤 시험을 치셔야 합니다",
            "norm_text": "A.각 과목마다 유의사항이 있어 숙지하신 뒤 시험을 치셔야 합니다",
            "speaker": {
              "id": "A",
              "sex": "여성",
              "age": "2그룹(30대~40대)"
            },
            "speechAct": "진술하기",
            "morpheme": "A/SL+각/MM+과목/NNG+마다/JX+유의/NNG+사항/NNG+이/JKS+있/VV+어/EC+숙지/NNG+하/XSV+신/EP+ETM+뒤/NNG+시험/NNG+을/JKO+치/VV+셔야/EP+EC+합니다/VX+EC"
          },
          {
            "id": 10,
            "text": "B.아 네 자세한 상담 감사합니다",
            "norm_text": "B.아 네 자세한 상담 감사합니다",
            "speaker": {
              "id": "B",
              "sex": "남성",
              "age": "2그룹(30대~40대)"
            },
            "speechAct": "감사하기",
            "morpheme": "B/SL+아/IC+네/IC+자세/XR+한/XSA+ETM+상담/NNG+감사/NNG+합니다/XSV+EC"
          },
          {
            "id": 11,
            "text": "A.네 고객님 또 다른 문의 사항 있으실까요",
            "norm_text": "A.네 고객님 또 다른 문의 사항 있으실까요",
            "speaker": {
              "id": "A",
              "sex": "여성",
              "age": "2그룹(30대~40대)"
            },
            "speechAct": "질문하기",
            "morpheme": "A/SL+네/IC+고객/NNG+님/XSN+또/MAG+다른/MM+문/NNG+의/JKG+사항/NNG+있/VV+으실까/EP+EP+EF+요/MM"
          },
          {
            "id": 12,
            "text": "B.아니요 없어요 감사합니다",
            "norm_text": "B.아니요 없어요 감사합니다",
            "speaker": {
              "id": "B",
              "sex": "남성",
              "age": "2그룹(30대~40대)"
            },
            "speechAct": "감사하기",
            "morpheme": "B/SL+아니요/IC+없/VA+어요/EF+감사/NNG+합니다/XSV+EC"
          },
          {
            "id": 13,
            "text": "A.쌀쌀한 날씨에 건강 유의하십시오 상담원 #@이름# 이었습니다",
            "norm_text": "A.쌀쌀한 날씨에 건강 유의하십시오 상담원 #@이름# 이었습니다",
            "speaker": {
              "id": "A",
              "sex": "여성",
              "age": "2그룹(30대~40대)"
            },
            "speechAct": "인사하기",
            "morpheme": "A/SL+쌀쌀/XR+한/XSA+ETM+날씨/NNG+에/JKB+건강/NNG+유의/NNG+하/XSV+십시오/EP+EC+상담원/NNG+#/SY+@/SY+이름/NNG+#/SY+이/VCP+었/EP+습니다/EF"
          }
        ]
      }
    }
  ]
}