{
  "dataset": {
    "identifier": 140442,
    "name": "e1_20211115_0006_0521_01",
    "src_path": "/data/file/cubeManager/PROJECT018/91/txt20211110140005064934/e1_20211115_0006_0521_01/",
    "label_path": "/data/file/cubeManager/PROJECT018/91/txt20211110140005064934/e1_20211115_0006_0521_01/",
    "category": 2,
    "type": 0
  },
  "licenses": {
    "name": "Apache License 1.0",
    "url": "http://www.apache.org/licenses/LICENSE-1.0"
  },
  "info": [
    {
      "id": 157995,
      "filename": "e1_0067_0136_02.txt",
      "title": "e1_0067_0136_02",
      "mediatype": "콜센터",
      "medianame": "콜센터",
      "category": "목적대화",
      "date": "2021-11-10",
      "size": 281,
      "annotations": {
        "subject": "프로그램 문의",
        "speaker_type": "1:1",
        "size": 281,
        "word_size": 74,
        "text": "A. 반갑습니다 #@소속#입니다\nB. 네 저 수강 관련 질문 좀 할게요\nA. 네 안녕하세요 어떤 부분 궁금하신가요\nB. 저 #@이름# 교수님 파이널 모의고사 단과생인데요\nB. 10회 2교시 업로드 도대체 언제 되나요\nA. 금일 중 업로드 예정이니 조금만 기다려주시길 바랍니다\nB. 아니 그리고 6회 이전 영상들 클릭도 안되는데요\nA. 6회 이전의 영상은 9월 현강 수강생 한정 제공되구요\nA. 수강하시려면 인강을 별도로 구매하셔야 합니다\nB. 아 번거롭네요 일단 알겠습니다\nA. 도움을 못드려 죄송합니다 좋은 하루 되세요",
        "lines": [
          {
            "id": 1,
            "text": "A. 반갑습니다 #@소속#입니다",
            "norm_text": "A. 반갑습니다 #@소속#입니다",
            "speaker": {
              "id": "A",
              "sex": "여성",
              "age": "1그룹(10대~20대)"
            },
            "speechAct": "인사하기",
            "morpheme": "A/SL+반갑/VA+습니다/EF+#/SY+@/SY+소속/NNG+#/SY+입니다/VCP+EC"
          },
          {
            "id": 2,
            "text": "B. 네 저 수강 관련 질문 좀 할게요",
            "norm_text": "B. 네 저 수강 관련 질문 좀 할게요",
            "speaker": {
              "id": "B",
              "sex": "남성",
              "age": "1그룹(10대~20대)"
            },
            "speechAct": "진술하기",
            "morpheme": "B/SL+네/IC+저/MM+수강/NNG+관련/NNG+질문/NNG+좀/MAG+할게요/VV+EC"
          },
          {
            "id": 3,
            "text": "A. 네 안녕하세요 어떤 부분 궁금하신가요",
            "norm_text": "A. 네 안녕하세요 어떤 부분 궁금하신가요",
            "speaker": {
              "id": "A",
              "sex": "여성",
              "age": "1그룹(10대~20대)"
            },
            "speechAct": "질문하기",
            "morpheme": "A/SL+네/IC+안녕/NNG+하/XSV+세요/EP+EF+어떤/MM+부분/NNG+궁금/XR+하/XSA+신가요/EP+EC"
          },
          {
            "id": 4,
            "text": "B. 저 #@이름# 교수님 파이널 모의고사 단과생인데요",
            "norm_text": "B. 저 #@이름# 교수님 파이널 모의고사 단과생인데요",
            "speaker": {
              "id": "B",
              "sex": "남성",
              "age": "1그룹(10대~20대)"
            },
            "speechAct": "진술하기",
            "morpheme": "B/SL+저/NP+#/SY+@/SY+이름/NNG+#/SY+교수/NNG+님/XSN+파이널/NNG+모의고사/NNG+단과/NNG+생/XSN+인데요/VCP+EC"
          },
          {
            "id": 5,
            "text": "B. 10회 2교시 업로드 도대체 언제 되나요",
            "norm_text": "B. 10회 2교시 업로드 도대체 언제 되나요",
            "speaker": {
              "id": "B",
              "sex": "남성",
              "age": "1그룹(10대~20대)"
            },
            "speechAct": "질문하기",
            "morpheme": "B/SL+./SY+10/SN+회/NNBC+2/SN+교시/NNBC+업로드/NNG+도대체/MAG+언제/MAG+되/VV+나요/EC"
          },
          {
            "id": 6,
            "text": "A. 금일 중 업로드 예정이니 조금만 기다려주시길 바랍니다",
            "norm_text": "A. 금일 중 업로드 예정이니 조금만 기다려주시길 바랍니다",
            "speaker": {
              "id": "A",
              "sex": "여성",
              "age": "1그룹(10대~20대)"
            },
            "speechAct": "명령하기/요구하기",
            "morpheme": "A/SL+./SY+금일/NNG+중/NNB+업로드/NNG+예정/NNG+이/VCP+니/EC+조금/MAG+만/JX+기다려/VV+EC+주/VX+시/EP+길/ETN+JKO+바랍니다/VV+EC"
          },
          {
            "id": 7,
            "text": "B. 아니 그리고 6회 이전 영상들 클릭도 안되는데요",
            "norm_text": "B. 아니 그리고 6회 이전 영상들 클릭도 안되는데요",
            "speaker": {
              "id": "B",
              "sex": "남성",
              "age": "1그룹(10대~20대)"
            },
            "speechAct": "진술하기",
            "morpheme": "B/SL+아니/IC+그리고/MAJ+6/SN+회/NNBC+이전/NNG+영상/NNG+들/XSN+클릭/NNG+도/JX+안/MAG+되/VV+는데요/EC"
          },
          {
            "id": 8,
            "text": "A. 6회 이전의 영상은 9월 현강 수강생 한정 제공되구요",
            "norm_text": "A. 6회 이전의 영상은 9월 현강 수강생 한정 제공되구요",
            "speaker": {
              "id": "A",
              "sex": "여성",
              "age": "1그룹(10대~20대)"
            },
            "speechAct": "진술하기",
            "morpheme": "A/SL+./SY+6/SN+회/NNBC+이전/NNG+의/JKG+영상/NNG+은/JX+9/SN+월/NNBC+현/MM+강수/NNG+강생/NNG+한정/NNG+제공/NNG+되/XSV+구요/EC"
          },
          {
            "id": 9,
            "text": "A. 수강하시려면 인강을 별도로 구매하셔야 합니다",
            "norm_text": "A. 수강하시려면 인강을 별도로 구매하셔야 합니다",
            "speaker": {
              "id": "A",
              "sex": "여성",
              "age": "1그룹(10대~20대)"
            },
            "speechAct": "진술하기",
            "morpheme": "A/SL+./SY+수강/NNG+하/XSV+시/EP+려면/EC+인/+강/+을/JKO+별도/NNG+로/JKB+구매/NNG+하/XSV+셔야/EP+EC+합니다/VX+EC"
          },
          {
            "id": 10,
            "text": "B. 아 번거롭네요 일단 알겠습니다",
            "norm_text": "B. 아 번거롭네요 일단 알겠습니다",
            "speaker": {
              "id": "B",
              "sex": "남성",
              "age": "1그룹(10대~20대)"
            },
            "speechAct": "진술하기",
            "morpheme": "B/SL+아/IC+번거/XR+롭/XSA+네요/EF+일단/MAG+알/VV+겠/EP+습니다/EF"
          },
          {
            "id": 11,
            "text": "A. 도움을 못드려 죄송합니다 좋은 하루 되세요",
            "norm_text": "A. 도움을 못드려 죄송합니다 좋은 하루 되세요",
            "speaker": {
              "id": "A",
              "sex": "여성",
              "age": "1그룹(10대~20대)"
            },
            "speechAct": "인사하기",
            "morpheme": "A/SL+./SY+도움/NNG+을/JKO+못/MAG+드려/VV+EC+죄송/XR+합니다/XSA+EF+좋/VA+은/ETM+하루/NNG+되/XSV+세요/EP+EF"
          }
        ]
      }
    }
  ]
}