{
  "dataset": {
    "identifier": 139742,
    "name": "e1_20211115_0006_0285_01",
    "src_path": "/data/file/cubeManager/PROJECT018/91/txt20211110140003047326/e1_20211115_0006_0285_01/",
    "label_path": "/data/file/cubeManager/PROJECT018/91/txt20211110140003047326/e1_20211115_0006_0285_01/",
    "category": 2,
    "type": 0
  },
  "licenses": {
    "name": "Apache License 1.0",
    "url": "http://www.apache.org/licenses/LICENSE-1.0"
  },
  "info": [
    {
      "id": 157746,
      "filename": "e1_0066_0098_02.txt",
      "title": "e1_0066_0098_02",
      "mediatype": "콜센터",
      "medianame": "콜센터",
      "category": "목적대화",
      "date": "2021-11-10",
      "size": 418,
      "annotations": {
        "subject": "프로그램 문의",
        "speaker_type": "1:1",
        "size": 418,
        "word_size": 88,
        "text": "A.　안녕하세요 #@소속#에서 전화받은 상담원 #@이름#입니다\nB.　아네 레벨테스트 응시 절차좀 알려주세요\nA.　네 먼저 홈페이지 회원가입 해주시고 레벨테스트 예약하시면 되는데요\nB.　예약은 온라인에서 하는거에요\nA.　온라인 예약이나 캠퍼스 전화 예약 중 편하신거 선택하시면 됩니다\nB.　음 네 저는 온라인으로 예약 해야겠네요\nA.　그 후에 학원에 방문하셔서 Pre test 응시하시면 되고요\nA.　응시 결과에 따라서 레벨테스트 레벨이 결정됩니다\nB.　아 그게 끝인거에요\nA.　아뇨 레벨에 따른 레벨테스트를 추가로 응시하셔야 해요\nB.　Pre Test 보고 레벨테스트도 봐야한다구요\nA.　네 맞습니다 레벨테스트 레벨 측정 후 레벨에 맞는 시험 보시면 됩니다\nB.　네 이해했습니다 알려주셔서 감사해요\nA.　문의사항 있으시면 주저말고 언제든 연락 주세요 #@이름# 이었습니다",
        "lines": [
          {
            "id": 1,
            "text": "A.　안녕하세요 #@소속#에서 전화받은 상담원 #@이름#입니다",
            "norm_text": "A.　안녕하세요 #@소속#에서 전화받은 상담원 #@이름#입니다",
            "speaker": {
              "id": "A",
              "sex": "여성",
              "age": "1그룹(10대~20대)"
            },
            "speechAct": "인사하기",
            "morpheme": "A/SL+./SY+　/SY+안녕/NNG+하/XSV+세요/EP+EF+#/SY+@/SY+소속/NNG+#/SY+에서/JKB+전화/NNG+받/VV+은/ETM+상담원/NNG+#/SY+@/SY+이름/NNG+#/SY+입니다/VCP+EC"
          },
          {
            "id": 2,
            "text": "B.　아네 레벨테스트 응시 절차좀 알려주세요",
            "norm_text": "B.　아네 레벨테스트 응시 절차좀 알려주세요",
            "speaker": {
              "id": "B",
              "sex": "남성",
              "age": "1그룹(10대~20대)"
            },
            "speechAct": "부탁하기",
            "morpheme": "B/SL+./SY+　/SY+아네/NNG+레벨/NNG+테스트/NNG+응시/NNG+절차/NNG+좀/MAG+알려/VV+EC+주/VX+세요/EP+EF"
          },
          {
            "id": 3,
            "text": "A.　네 먼저 홈페이지 회원가입 해주시고 레벨테스트 예약하시면 되는데요",
            "norm_text": "A.　네 먼저 홈페이지 회원가입 해주시고 레벨테스트 예약하시면 되는데요",
            "speaker": {
              "id": "A",
              "sex": "여성",
              "age": "1그룹(10대~20대)"
            },
            "speechAct": "명령하기/요구하기",
            "morpheme": "A/SL+./SY+　/SY+네/IC+먼저/MAG+홈페이지/NNG+회원/NNG+가입/NNG+해/XSV+EC+주/VX+시/EP+고/EC+레벨/NNG+테스트/NNG+예약/NNG+하/XSV+시/EP+면/EC+되/VV+는데요/EC"
          },
          {
            "id": 4,
            "text": "B.　예약은 온라인에서 하는거에요",
            "norm_text": "B.　예약은 온라인에서 하는거에요",
            "speaker": {
              "id": "B",
              "sex": "남성",
              "age": "1그룹(10대~20대)"
            },
            "speechAct": "질문하기",
            "morpheme": "B/SL+./SY+　/SY+예약/NNG+은/JX+온라인/NNG+에서/JKB+하/VV+는/ETM+거/NNB+에요/VCP+EF"
          },
          {
            "id": 5,
            "text": "A.　온라인 예약이나 캠퍼스 전화 예약 중 편하신거 선택하시면 됩니다",
            "norm_text": "A.　온라인 예약이나 캠퍼스 전화 예약 중 편하신거 선택하시면 됩니다",
            "speaker": {
              "id": "A",
              "sex": "여성",
              "age": "1그룹(10대~20대)"
            },
            "speechAct": "명령하기/요구하기",
            "morpheme": "A/SL+./SY+　/SY+온라인/NNG+예약/NNG+이나/JC+캠퍼스/NNG+전화/NNG+예약/NNG+중편/NNG+하/XSV+신/EP+ETM+거/NNB+선택/NNG+하/XSV+시/EP+면/EC+됩니다/VX+EC"
          },
          {
            "id": 6,
            "text": "B.　음 네 저는 온라인으로 예약 해야겠네요",
            "norm_text": "B.　음 네 저는 온라인으로 예약 해야겠네요",
            "speaker": {
              "id": "B",
              "sex": "남성",
              "age": "1그룹(10대~20대)"
            },
            "speechAct": "진술하기",
            "morpheme": "B/SL+./SY+　/SY+음/IC+네/IC+저/NP+는/JX+온라인/NNG+으로/JKB+예약/NNG+해야/XSV+EC+VX+겠/EP+네요/EC"
          },
          {
            "id": 7,
            "text": "A.　그 후에 학원에 방문하셔서 Pre test 응시하시면 되고요",
            "norm_text": "A.　그 후에 학원에 방문하셔서 Pre test 응시하시면 되고요",
            "speaker": {
              "id": "A",
              "sex": "여성",
              "age": "1그룹(10대~20대)"
            },
            "speechAct": "명령하기/요구하기",
            "morpheme": "A/SL+./SY+　/SY+그/MM+후/NNG+에/JKB+학원/NNG+에/JKB+방문/NNG+하/XSV+셔서/EP+EC+Pretest/SL+응시/NNG+하/XSV+시/EP+면/EC+되/VV+고요/EC"
          },
          {
            "id": 8,
            "text": "A.　응시 결과에 따라서 레벨테스트 레벨이 결정됩니다",
            "norm_text": "A.　응시 결과에 따라서 레벨테스트 레벨이 결정됩니다",
            "speaker": {
              "id": "A",
              "sex": "여성",
              "age": "1그룹(10대~20대)"
            },
            "speechAct": "진술하기",
            "morpheme": "A/SL+./SY+　/SY+응시/NNG+결과/NNG+에/JKB+따라서/VV+EC+레벨/NNG+테스트/NNG+레벨/NNG+이/JKS+결정/NNG+됩니다/XSV+EC"
          },
          {
            "id": 9,
            "text": "B.　아 그게 끝인거에요",
            "norm_text": "B.　아 그게 끝인거에요",
            "speaker": {
              "id": "B",
              "sex": "남성",
              "age": "1그룹(10대~20대)"
            },
            "speechAct": "질문하기",
            "morpheme": "B/SL+./SY+　/SY+아/IC+그게/NP+JKS+끝/NNG+인/VCP+ETM+거/NNB+에요/VCP+EF"
          },
          {
            "id": 10,
            "text": "A.　아뇨 레벨에 따른 레벨테스트를 추가로 응시하셔야 해요",
            "norm_text": "A.　아뇨 레벨에 따른 레벨테스트를 추가로 응시하셔야 해요",
            "speaker": {
              "id": "A",
              "sex": "여성",
              "age": "1그룹(10대~20대)"
            },
            "speechAct": "명령하기/요구하기",
            "morpheme": "A/SL+./SY+　/SY+아뇨/VCN+EC+레벨/NNG+에/JKB+따른/VV+ETM+레벨/NNG+테스트/NNG+를/JKO+추가/NNG+로/JKB+응시/NNG+하/XSV+셔야/EP+EC+해요/VX+EC"
          },
          {
            "id": 11,
            "text": "B.　Pre Test 보고 레벨테스트도 봐야한다구요",
            "norm_text": "B.　Pre Test 보고 레벨테스트도 봐야한다구요",
            "speaker": {
              "id": "B",
              "sex": "남성",
              "age": "1그룹(10대~20대)"
            },
            "speechAct": "질문하기",
            "morpheme": "B/SL+./SY+　/SY+PreTest/SL+보고/JKB+레벨/NNG+테스트/NNG+도/JX+봐야/VV+EC+한다구요/VX+EF"
          },
          {
            "id": 12,
            "text": "A.　네 맞습니다 레벨테스트 레벨 측정 후 레벨에 맞는 시험 보시면 됩니다",
            "norm_text": "A.　네 맞습니다 레벨테스트 레벨 측정 후 레벨에 맞는 시험 보시면 됩니다",
            "speaker": {
              "id": "A",
              "sex": "여성",
              "age": "1그룹(10대~20대)"
            },
            "speechAct": "진술하기",
            "morpheme": "A/SL+./SY+　/SY+네/IC+맞/VV+습니다/EF+레벨/NNG+테스트/NNG+레벨/NNG+측정/NNG+후/NNG+레벨/NNG+에/JKB+맞/VV+는/ETM+시험/NNG+보/VV+시/EP+면/EC+됩니다/VX+EC"
          },
          {
            "id": 13,
            "text": "B.　네 이해했습니다 알려주셔서 감사해요",
            "norm_text": "B.　네 이해했습니다 알려주셔서 감사해요",
            "speaker": {
              "id": "B",
              "sex": "남성",
              "age": "1그룹(10대~20대)"
            },
            "speechAct": "감사하기",
            "morpheme": "B/SL+./SY+　/SY+네/IC+이해/NNG+했/XSV+EP+습니다/EF+알려/VV+EC+주/VX+셔서/EP+EC+감사/NNG+해요/XSV+EC"
          },
          {
            "id": 14,
            "text": "A.　문의사항 있으시면 주저말고 언제든 연락 주세요 #@이름# 이었습니다",
            "norm_text": "A.　문의사항 있으시면 주저말고 언제든 연락 주세요 #@이름# 이었습니다",
            "speaker": {
              "id": "A",
              "sex": "여성",
              "age": "1그룹(10대~20대)"
            },
            "speechAct": "인사하기",
            "morpheme": "A/SL+./SY+　/SY+문/NNG+의/JKG+사항/NNG+있/VV+으시/EP+면/EC+주저/NNG+말/VV+고/EC+언제/NP+든/VCP+EC+연락/NNG+주세요/NNP+#/SY+@/SY+이름/NNG+#/SY+이/VCP+었/EP+습니다/EF"
          }
        ]
      }
    }
  ]
}