{
  "dataset": {
    "identifier": 140421,
    "name": "e1_20211115_0006_0505_01",
    "src_path": "/data/file/cubeManager/PROJECT018/91/txt20211110140005054778/e1_20211115_0006_0505_01/",
    "label_path": "/data/file/cubeManager/PROJECT018/91/txt20211110140005054778/e1_20211115_0006_0505_01/",
    "category": 2,
    "type": 0
  },
  "licenses": {
    "name": "Apache License 1.0",
    "url": "http://www.apache.org/licenses/LICENSE-1.0"
  },
  "info": [
    {
      "id": 157979,
      "filename": "e1_0067_0120_02.txt",
      "title": "e1_0067_0120_02",
      "mediatype": "콜센터",
      "medianame": "콜센터",
      "category": "목적대화",
      "date": "2021-11-10",
      "size": 279,
      "annotations": {
        "subject": "프로그램 문의",
        "speaker_type": "1:1",
        "size": 279,
        "word_size": 69,
        "text": "A. 안녕하세요 #@소속# 상담원 #@이름# 입니다\nB. 네 저 수강 문의 좀 드릴게요\nA. 네 궁금하신 부분 편하게 말씀하세요\nB. 친구가 #@상품#라는걸 추천하던데 그게 뭔가요\nA. 가장 기초적인 강좌들을 무제한으로 제공하는거에요\nB. 아 혹시 계열 구분 없이 선택 가능한가요\nA. 인문계열과 자연계열 중 선택은 하셔야해요\nB. 자연계열이여도 영어 준비 같이 하고싶은데요\nA. 공인영어 전형 대비 토익강의는 자연계도 포함됩니다\nB. 아 다행이네요 다음에 신청해볼게요\nA. 네 감사합니다 상담원 #@이름# 이였습니다",
        "lines": [
          {
            "id": 1,
            "text": "A. 안녕하세요 #@소속# 상담원 #@이름# 입니다",
            "norm_text": "A. 안녕하세요 #@소속# 상담원 #@이름# 입니다",
            "speaker": {
              "id": "A",
              "sex": "여성",
              "age": "1그룹(10대~20대)"
            },
            "speechAct": "인사하기",
            "morpheme": "A/SL+./SY+안녕/NNG+하/XSV+세요/EP+EF+#/SY+@/SY+소속/NNG+#/SY+상담원/NNG+#/SY+@/SY+이름/NNG+#/SY+입니다/VCP+EC"
          },
          {
            "id": 2,
            "text": "B. 네 저 수강 문의 좀 드릴게요",
            "norm_text": "B. 네 저 수강 문의 좀 드릴게요",
            "speaker": {
              "id": "B",
              "sex": "남성",
              "age": "1그룹(10대~20대)"
            },
            "speechAct": "진술하기",
            "morpheme": "B/SL+네/IC+저/MM+수강/NNG+문/NNG+의/JKG+좀/MAG+드릴게요/VV+EC"
          },
          {
            "id": 3,
            "text": "A. 네 궁금하신 부분 편하게 말씀하세요",
            "norm_text": "A. 네 궁금하신 부분 편하게 말씀하세요",
            "speaker": {
              "id": "A",
              "sex": "여성",
              "age": "1그룹(10대~20대)"
            },
            "speechAct": "명령하기/요구하기",
            "morpheme": "A/SL+네/IC+궁금/XR+하/XSA+신/EP+ETM+부분/NNG+편하/VA+게/EC+말씀/NNG+하/XSV+세요/EP+EF"
          },
          {
            "id": 4,
            "text": "B. 친구가 #@상품#라는걸 추천하던데 그게 뭔가요",
            "norm_text": "B. 친구가 #@상품#라는걸 추천하던데 그게 뭔가요",
            "speaker": {
              "id": "B",
              "sex": "남성",
              "age": "1그룹(10대~20대)"
            },
            "speechAct": "질문하기",
            "morpheme": "B/SL+./SY+친구/NNG+가/JKS+#/SY+@/SY+상품/NNG+#/SY+라는/VCP+ETM+걸/NNB+JKO+추천/NNG+하/XSV+던데/EC+그게/NP+JKS+뭔/MM+가요/NNG"
          },
          {
            "id": 5,
            "text": "A. 가장 기초적인 강좌들을 무제한으로 제공하는거에요",
            "norm_text": "A. 가장 기초적인 강좌들을 무제한으로 제공하는거에요",
            "speaker": {
              "id": "A",
              "sex": "여성",
              "age": "1그룹(10대~20대)"
            },
            "speechAct": "진술하기",
            "morpheme": "A/SL+가장/MAG+기초/NNG+적/XSN+인/VCP+ETM+강좌/NNG+들/XSN+을/JKO+무/XPN+제한/NNG+으로/JKB+제공/NNG+하/XSV+는/ETM+거/NNB+에요/VCP+EF"
          },
          {
            "id": 6,
            "text": "B. 아 혹시 계열 구분 없이 선택 가능한가요",
            "norm_text": "B. 아 혹시 계열 구분 없이 선택 가능한가요",
            "speaker": {
              "id": "B",
              "sex": "남성",
              "age": "1그룹(10대~20대)"
            },
            "speechAct": "질문하기",
            "morpheme": "B/SL+아/IC+혹시/MAG+계열/NNG+구분/NNG+없이/MAG+선택/NNG+가능/NNG+한/XSA+ETM+가요/NNG"
          },
          {
            "id": 7,
            "text": "A. 인문계열과 자연계열 중 선택은 하셔야해요",
            "norm_text": "A. 인문계열과 자연계열 중 선택은 하셔야해요",
            "speaker": {
              "id": "A",
              "sex": "여성",
              "age": "1그룹(10대~20대)"
            },
            "speechAct": "진술하기",
            "morpheme": "A/SL+./SY+인문/NNG+계열/NNG+과/JC+자연/NNG+계열/NNG+중/NNB+선택/NNG+은/JX+하/VV+셔야/EP+EC+해요/VX+EC"
          },
          {
            "id": 8,
            "text": "B. 자연계열이여도 영어 준비 같이 하고싶은데요",
            "norm_text": "B. 자연계열이여도 영어 준비 같이 하고싶은데요",
            "speaker": {
              "id": "B",
              "sex": "남성",
              "age": "1그룹(10대~20대)"
            },
            "speechAct": "진술하기",
            "morpheme": "B/SL+./SY+자연/NNG+계열/NNG+이/VCP+여도/EC+영어/NNG+준비/NNG+같이/JKB+하/VV+고/EC+싶/VX+은데요/EC"
          },
          {
            "id": 9,
            "text": "A. 공인영어 전형 대비 토익강의는 자연계도 포함됩니다",
            "norm_text": "A. 공인영어 전형 대비 토익강의는 자연계도 포함됩니다",
            "speaker": {
              "id": "A",
              "sex": "여성",
              "age": "1그룹(10대~20대)"
            },
            "speechAct": "진술하기",
            "morpheme": "A/SL+./SY+공인/NNG+영어/NNG+전형/NNG+대비/NNG+토익/NNG+강의/NNG+는/JX+자연/NNG+계/XSN+도/JX+포함/NNG+됩니다/XSV+EC"
          },
          {
            "id": 10,
            "text": "B. 아 다행이네요 다음에 신청해볼게요",
            "norm_text": "B. 아 다행이네요 다음에 신청해볼게요",
            "speaker": {
              "id": "B",
              "sex": "남성",
              "age": "1그룹(10대~20대)"
            },
            "speechAct": "약속하기(개인적 수준의 서약)",
            "morpheme": "B/SL+아/IC+다행/NNG+이/VCP+네요/EF+다음/NNG+에/JKB+신청/NNG+해/XSV+EC+볼게요/VX+EF"
          },
          {
            "id": 11,
            "text": "A. 네 감사합니다 상담원 #@이름# 이였습니다",
            "norm_text": "A. 네 감사합니다 상담원 #@이름# 이였습니다",
            "speaker": {
              "id": "A",
              "sex": "여성",
              "age": "1그룹(10대~20대)"
            },
            "speechAct": "인사하기",
            "morpheme": "A/SL+네/IC+감사/NNG+합니다/XSV+EF+상담원/NNG+#/SY+@/SY+이름/NNG+#/SY+이/VCP+였/EP+습니다/EF"
          }
        ]
      }
    }
  ]
}