{
  "dataset": {
    "identifier": 140466,
    "name": "e1_20211115_0006_0539_01",
    "src_path": "/data/file/cubeManager/PROJECT018/91/txt20211110140005076289/e1_20211115_0006_0539_01/",
    "label_path": "/data/file/cubeManager/PROJECT018/91/txt20211110140005076289/e1_20211115_0006_0539_01/",
    "category": 2,
    "type": 0
  },
  "licenses": {
    "name": "Apache License 1.0",
    "url": "http://www.apache.org/licenses/LICENSE-1.0"
  },
  "info": [
    {
      "id": 158013,
      "filename": "e1_0067_0154_02.txt",
      "title": "e1_0067_0154_02",
      "mediatype": "콜센터",
      "medianame": "콜센터",
      "category": "목적대화",
      "date": "2021-11-10",
      "size": 288,
      "annotations": {
        "subject": "프로그램 문의",
        "speaker_type": "1:1",
        "size": 288,
        "word_size": 70,
        "text": "A. 반갑습니다 올바른 교육을 선도하는 #@소속# 입니다\nB. 안녕하세요 방송 문의 좀 할게요\nA. 네 안녕하세요 어떤 부분 궁금하실까요\nB. #@소속# 채널보니까 초등 2학년생 수업 방송하던데요\nB. 고학년들 수업은 몇 시에 방영하나요\nA. 죄송하지만 고학년 수업은 #@소속#에서 방영하지 않구요\nA. #@소속# 채널에서 시청 가능하세요\nB. 그렇군요 편성 과목에 과학도 포함될까요\nA. 네 기본 국영수사과 전부 편성되어있습니다\nB. 어머 좋네요 애들 꼭 챙겨보라고 할게요\nA. 감사합니다 앞으로도 #@소속#에 많은 관심 부탁드려요",
        "lines": [
          {
            "id": 1,
            "text": "A. 반갑습니다 올바른 교육을 선도하는 #@소속# 입니다",
            "norm_text": "A. 반갑습니다 올바른 교육을 선도하는 #@소속# 입니다",
            "speaker": {
              "id": "A",
              "sex": "여성",
              "age": "1그룹(10대~20대)"
            },
            "speechAct": "인사하기",
            "morpheme": "A/SL+반갑/VA+습니다/EF+올바른/VA+ETM+교육/NNG+을/JKO+선도/NNG+하/XSV+는/ETM+#/SY+@/SY+소속/NNG+#/SY+입니다/VCP+EC"
          },
          {
            "id": 2,
            "text": "B. 안녕하세요 방송 문의 좀 할게요",
            "norm_text": "B. 안녕하세요 방송 문의 좀 할게요",
            "speaker": {
              "id": "B",
              "sex": "남성",
              "age": "1그룹(10대~20대)"
            },
            "speechAct": "진술하기",
            "morpheme": "B/SL+./SY+안녕/NNG+하/XSV+세요/EP+EF+방송/NNG+문/NNG+의/JKG+좀/MAG+할게요/VV+EC"
          },
          {
            "id": 3,
            "text": "A. 네 안녕하세요 어떤 부분 궁금하실까요",
            "norm_text": "A. 네 안녕하세요 어떤 부분 궁금하실까요",
            "speaker": {
              "id": "A",
              "sex": "여성",
              "age": "1그룹(10대~20대)"
            },
            "speechAct": "질문하기",
            "morpheme": "A/SL+네/IC+안녕/NNG+하/XSV+세요/EP+EF+어떤/MM+부분/NNG+궁금/XR+하/XSA+실까요/EP+EF"
          },
          {
            "id": 4,
            "text": "B. #@소속# 채널보니까 초등 2학년생 수업 방송하던데요",
            "norm_text": "B. #@소속# 채널보니까 초등 2학년생 수업 방송하던데요",
            "speaker": {
              "id": "B",
              "sex": "남성",
              "age": "1그룹(10대~20대)"
            },
            "speechAct": "진술하기",
            "morpheme": "B/SL+./SY+#/SY+@/SY+소속/NNG+#/SY+채널/NNG+보/VV+니까/EC+초등/NNG+2/SN+학년/NNG+생/XSN+수업/NNG+방송/NNG+하/XSV+던데요/EC"
          },
          {
            "id": 5,
            "text": "B. 고학년들 수업은 몇 시에 방영하나요",
            "norm_text": "B. 고학년들 수업은 몇 시에 방영하나요",
            "speaker": {
              "id": "B",
              "sex": "남성",
              "age": "1그룹(10대~20대)"
            },
            "speechAct": "질문하기",
            "morpheme": "B/SL+./SY+고/JKQ+학년/NNG+들/XSN+수업/NNG+은/JX+몇/MM+시/NNBC+에/JKB+방영/NNG+하/XSV+나요/EC"
          },
          {
            "id": 6,
            "text": "A. 죄송하지만 고학년 수업은 #@소속#에서 방영하지 않구요",
            "norm_text": "A. 죄송하지만 고학년 수업은 #@소속#에서 방영하지 않구요",
            "speaker": {
              "id": "A",
              "sex": "여성",
              "age": "1그룹(10대~20대)"
            },
            "speechAct": "진술하기",
            "morpheme": "A/SL+죄송/XR+하/XSA+지만/EC+고학년/NNG+수업/NNG+은/JX+#/SY+@/SY+소속/NNG+#/SY+에서/JKB+방영/NNG+하/XSV+지/EC+않/VX+구요/EF"
          },
          {
            "id": 7,
            "text": "A. #@소속# 채널에서 시청 가능하세요",
            "norm_text": "A. #@소속# 채널에서 시청 가능하세요",
            "speaker": {
              "id": "A",
              "sex": "여성",
              "age": "1그룹(10대~20대)"
            },
            "speechAct": "진술하기",
            "morpheme": "A/SL+./SY+#/SY+@/SY+소속/NNG+#/SY+채널/NNG+에서/JKB+시청/NNG+가능/NNG+하/XSV+세요/EP+EF"
          },
          {
            "id": 8,
            "text": "B. 그렇군요 편성 과목에 과학도 포함될까요",
            "norm_text": "B. 그렇군요 편성 과목에 과학도 포함될까요",
            "speaker": {
              "id": "B",
              "sex": "남성",
              "age": "1그룹(10대~20대)"
            },
            "speechAct": "질문하기",
            "morpheme": "B/SL+그렇/VA+군요/EC+편성/NNG+과목/NNG+에/JKB+과학/NNG+도/JX+포함/NNG+될까요/VV+EC"
          },
          {
            "id": 9,
            "text": "A. 네 기본 국영수사과 전부 편성되어있습니다",
            "norm_text": "A. 네 기본 국영수사과 전부 편성되어있습니다",
            "speaker": {
              "id": "A",
              "sex": "여성",
              "age": "1그룹(10대~20대)"
            },
            "speechAct": "진술하기",
            "morpheme": "A/SL+네/IC+기본/NNG+국영/NNG+수사/NNG+과/JKB+전부/MAG+편성/NNG+되/XSV+어/EC+있/VX+습니다/EF"
          },
          {
            "id": 10,
            "text": "B. 어머 좋네요 애들 꼭 챙겨보라고 할게요",
            "norm_text": "B. 어머 좋네요 애들 꼭 챙겨보라고 할게요",
            "speaker": {
              "id": "B",
              "sex": "남성",
              "age": "1그룹(10대~20대)"
            },
            "speechAct": "진술하기",
            "morpheme": "B/SL+어머/IC+좋/VA+네요/EF+애/NNG+들/XSN+꼭/MAG+챙겨/VV+EC+보/VX+라고/EC+할게요/VV+EC"
          },
          {
            "id": 11,
            "text": "A. 감사합니다 앞으로도 #@소속#에 많은 관심 부탁드려요",
            "norm_text": "A. 감사합니다 앞으로도 #@소속#에 많은 관심 부탁드려요",
            "speaker": {
              "id": "A",
              "sex": "여성",
              "age": "1그룹(10대~20대)"
            },
            "speechAct": "부탁하기",
            "morpheme": "A/SL+./SY+감사/NNG+합니다/XSV+EF+앞/NNG+으로/JKB+도/JX+#/SY+@/SY+소속/NNG+#/SY+에/JKB+많/VA+은/ETM+관심/NNG+부탁/NNG+드려요/VV+EC"
          }
        ]
      }
    }
  ]
}