{
  "dataset": {
    "identifier": 141047,
    "name": "e1_20211115_0006_0704_01",
    "src_path": "/data/file/cubeManager/PROJECT018/91/txt20211110140013039442/e1_20211115_0006_0704_01/",
    "label_path": "/data/file/cubeManager/PROJECT018/91/txt20211110140013039442/e1_20211115_0006_0704_01/",
    "category": 2,
    "type": 0
  },
  "licenses": {
    "name": "Apache License 1.0",
    "url": "http://www.apache.org/licenses/LICENSE-1.0"
  },
  "info": [
    {
      "id": 158950,
      "filename": "e1_0071_0146_02.txt",
      "title": "e1_0071_0146_02",
      "mediatype": "콜센터",
      "medianame": "콜센터",
      "category": "목적대화",
      "date": "2021-11-10",
      "size": 385,
      "annotations": {
        "subject": "프로그램 문의",
        "speaker_type": "1:1",
        "size": 385,
        "word_size": 88,
        "text": "A.전화주셔서 감사합니다 #@소속# #@이름# 입니다\nB.수강후기 확인은 어디서 하나요\nA.강좌 상세 페이지 내의 수강후기를 통해 확인이 가능합니다\nB.수강후기는 일부러 좋게 올리거나 그러진 않겠죠\nA.그럼요 고객님 수강후기는 #@소속# 선생님의 강좌를 수강 중인 회원님들이요\nA.다른 회원님들의 강좌 선택에 도움을 주고자 작성하는 강의에 대한 평가입니다\nB.혹시나 별로인 강좌를 알바를 써서 좋게 올려주거나 그러진 않나 해서요\nA.절대 그렇게 거짓 수강후기는 올리지 않으니 염려하지 않으셔도 되세요\nB.아 그럼 다행이구요\nA.객관적이고 냉정한 평가를 통해 보다 더 나은 강의를 만들기 위해 수강후기가 있는거라서요\nB.네 잘 알겠어요 수고하세요\nA.오늘 하루 좋은 일만 가득하세요 상담사 #@이름# 이었습니다",
        "lines": [
          {
            "id": 1,
            "text": "A.전화주셔서 감사합니다 #@소속# #@이름# 입니다",
            "norm_text": "A.전화주셔서 감사합니다 #@소속# #@이름# 입니다",
            "speaker": {
              "id": "A",
              "sex": "여성",
              "age": "2그룹(30대~40대)"
            },
            "speechAct": "인사하기",
            "morpheme": "A/SL+./SY+전화/NNG+주/VV+셔서/EP+EC+감사/NNG+합니다/XSV+EF+#/SY+@/SY+소속/NNG+#/SY+#/SY+@/SY+이름/NNG+#/SY+입니다/VCP+EC"
          },
          {
            "id": 2,
            "text": "B.수강후기 확인은 어디서 하나요",
            "norm_text": "B.수강후기 확인은 어디서 하나요",
            "speaker": {
              "id": "B",
              "sex": "남성",
              "age": "2그룹(30대~40대)"
            },
            "speechAct": "질문하기",
            "morpheme": "B/SL+./SY+수강/NNG+후기/NNG+확인/NNG+은/JX+어디/NP+서/JKB+하나/NR+요/VCP+EC"
          },
          {
            "id": 3,
            "text": "A.강좌 상세 페이지 내의 수강후기를 통해 확인이 가능합니다",
            "norm_text": "A.강좌 상세 페이지 내의 수강후기를 통해 확인이 가능합니다",
            "speaker": {
              "id": "A",
              "sex": "여성",
              "age": "2그룹(30대~40대)"
            },
            "speechAct": "진술하기",
            "morpheme": "A/SL+./SY+강좌/NNG+상세/NNG+페이지/NNG+내/NNB+의/JKG+수강/NNG+후기/NNG+를/JKO+통해/VV+EC+확인/NNG+이/JKS+가능/NNG+합니다/XSV+EC"
          },
          {
            "id": 4,
            "text": "B.수강후기는 일부러 좋게 올리거나 그러진 않겠죠",
            "norm_text": "B.수강후기는 일부러 좋게 올리거나 그러진 않겠죠",
            "speaker": {
              "id": "B",
              "sex": "남성",
              "age": "2그룹(30대~40대)"
            },
            "speechAct": "질문하기",
            "morpheme": "B/SL+./SY+수강/NNG+후기/NNG+는/JX+일부러/MAG+좋/VA+게/EC+올리/VV+거나/EC+그러/VV+진/EC+JX+않/VX+겠/EP+죠/EF"
          },
          {
            "id": 5,
            "text": "A.그럼요 고객님 수강후기는 #@소속# 선생님의 강좌를 수강 중인 회원님들이요",
            "norm_text": "A.그럼요 고객님 수강후기는 #@소속# 선생님의 강좌를 수강 중인 회원님들이요",
            "speaker": {
              "id": "A",
              "sex": "여성",
              "age": "2그룹(30대~40대)"
            },
            "speechAct": "진술하기",
            "morpheme": "A/SL+그럼/MAJ+요/MM+고객/NNG+님/XSN+수강/NNG+후기/NNG+는/JX+#/SY+@/SY+소속/NNG+#/SY+선생/NNG+님/XSN+의/JKG+강좌/NNG+를/JKO+수강/NNG+중/NNB+인/VCP+ETM+회원/NNG+님/XSN+들/XSN+이/VCP+요/EC"
          },
          {
            "id": 6,
            "text": "A.다른 회원님들의 강좌 선택에 도움을 주고자 작성하는 강의에 대한 평가입니다",
            "norm_text": "A.다른 회원님들의 강좌 선택에 도움을 주고자 작성하는 강의에 대한 평가입니다",
            "speaker": {
              "id": "A",
              "sex": "여성",
              "age": "2그룹(30대~40대)"
            },
            "speechAct": "진술하기",
            "morpheme": "A/SL+다른/MM+회원/NNG+님/XSN+들/XSN+의/JKG+강좌/NNG+선택/NNG+에/JKB+도움/NNG+을/JKO+주/VV+고자/EC+작성/NNG+하/XSV+는/ETM+강의/NNG+에/JKB+대한/VV+ETM+평가/NNG+입니다/VCP+EC"
          },
          {
            "id": 7,
            "text": "B.혹시나 별로인 강좌를 알바를 써서 좋게 올려주거나 그러진 않나 해서요",
            "norm_text": "B.혹시나 별로인 강좌를 알바를 써서 좋게 올려주거나 그러진 않나 해서요",
            "speaker": {
              "id": "B",
              "sex": "남성",
              "age": "2그룹(30대~40대)"
            },
            "speechAct": "진술하기",
            "morpheme": "B/SL+혹시나/MAG+별로/MAG+인/VCP+ETM+강좌/NNG+를/JKO+알/VV+ETM+바/NNB+를/JKO+써서/VV+EC+좋/VA+게/EC+올려/VV+EC+주/VX+거나/EC+그러/VV+진/EC+JX+않/VX+나/EC+해서/VX+EC+VCP+요/EC"
          },
          {
            "id": 8,
            "text": "A.절대 그렇게 거짓 수강후기는 올리지 않으니 염려하지 않으셔도 되세요",
            "norm_text": "A.절대 그렇게 거짓 수강후기는 올리지 않으니 염려하지 않으셔도 되세요",
            "speaker": {
              "id": "A",
              "sex": "여성",
              "age": "2그룹(30대~40대)"
            },
            "speechAct": "진술하기",
            "morpheme": "A/SL+절대/MAG+그렇게/MAG+거짓/NNG+수강/NNG+후기/NNG+는/JX+올리/VV+지/EC+않/VX+으니/EC+염려/NNG+하/XSV+지/EC+않/VX+으셔도/EP+EC+되/VV+세요/EP+EF"
          },
          {
            "id": 9,
            "text": "B.아 그럼 다행이구요",
            "norm_text": "B.아 그럼 다행이구요",
            "speaker": {
              "id": "B",
              "sex": "남성",
              "age": "2그룹(30대~40대)"
            },
            "speechAct": "긍정감정표현하기(칭찬하기 포함)",
            "morpheme": "B/SL+아/IC+그럼/MAJ+다행/NNG+이/VCP+구요/EF"
          },
          {
            "id": 10,
            "text": "A.객관적이고 냉정한 평가를 통해 보다 더 나은 강의를 만들기 위해 수강후기가 있는거라서요",
            "norm_text": "A.객관적이고 냉정한 평가를 통해 보다 더 나은 강의를 만들기 위해 수강후기가 있는거라서요",
            "speaker": {
              "id": "A",
              "sex": "여성",
              "age": "2그룹(30대~40대)"
            },
            "speechAct": "진술하기",
            "morpheme": "A/SL+객관/XR+적/XSN+이/VCP+고/EC+냉정/XR+한/XSA+ETM+평가/NNG+를/JKO+통해/VV+EC+보다/JKB+더/MAG+나/VA+은/ETM+강의/NNG+를/JKO+만들/VV+기/ETN+위해/VV+EC+수강/NNG+후기/NNG+가/JKS+있/VA+는/ETM+거/NNB+라서요/VCP+EC"
          },
          {
            "id": 11,
            "text": "B.네 잘 알겠어요 수고하세요",
            "norm_text": "B.네 잘 알겠어요 수고하세요",
            "speaker": {
              "id": "B",
              "sex": "남성",
              "age": "2그룹(30대~40대)"
            },
            "speechAct": "인사하기",
            "morpheme": "B/SL+네/IC+잘/MAG+알/VV+겠/EP+어요/EF+수고/NNG+하/XSV+세요/EP+EF"
          },
          {
            "id": 12,
            "text": "A.오늘 하루 좋은 일만 가득하세요 상담사 #@이름# 이었습니다",
            "norm_text": "A.오늘 하루 좋은 일만 가득하세요 상담사 #@이름# 이었습니다",
            "speaker": {
              "id": "A",
              "sex": "여성",
              "age": "2그룹(30대~40대)"
            },
            "speechAct": "인사하기",
            "morpheme": "A/SL+오늘/MAG+하루/NNG+좋/VA+은/ETM+일/NNG+만/JX+가득/MAG+하/VV+세요/EP+EF+상담/NNG+사/NNG+#/SY+@/SY+이름/NNG+#/SY+이/VCP+었/EP+습니다/EF"
          }
        ]
      }
    }
  ]
}