{
  "dataset": {
    "identifier": 139868,
    "name": "e1_20211115_0006_0361_01",
    "src_path": "/data/file/cubeManager/PROJECT018/91/txt20211110140004048728/e1_20211115_0006_0361_01/",
    "label_path": "/data/file/cubeManager/PROJECT018/91/txt20211110140004048728/e1_20211115_0006_0361_01/",
    "category": 2,
    "type": 0
  },
  "licenses": {
    "name": "Apache License 1.0",
    "url": "http://www.apache.org/licenses/LICENSE-1.0"
  },
  "info": [
    {
      "id": 157837,
      "filename": "e1_0066_0189_02.txt",
      "title": "e1_0066_0189_02",
      "mediatype": "콜센터",
      "medianame": "콜센터",
      "category": "목적대화",
      "date": "2021-11-10",
      "size": 276,
      "annotations": {
        "subject": "프로그램 문의",
        "speaker_type": "1:1",
        "size": 276,
        "word_size": 60,
        "text": "A.안녕하세요 #@소속#에서 전화 바꾼 #@이름#입니다\nB.혹시 고급스러운 영어 구사능력을 원하는 사람한테는요\nB.추천해주실만한 영어 교재가 있을까요\nA.네 회원님 얘기 들으니 기본 영어를 이미 갖추신것 같은데요\nB.맞아요 영어 공부를 이미 좀 했어서요\nA.그러시면 #@상품#을 추천드리고 싶습니다\nB.다른 과정에 비해서 뭐가 다른가요\nA.국내 상황에서 접하기 어려운 문장 표현 등으로 되어 있어서 회원님께 맞을것같습니다\nB.아 그렇군요 감사합니다 수고하세요\nA.또 다른 문의사항 있으시면 연락주세요 감사합니다",
        "lines": [
          {
            "id": 1,
            "text": "A.안녕하세요 #@소속#에서 전화 바꾼 #@이름#입니다",
            "norm_text": "A.안녕하세요 #@소속#에서 전화 바꾼 #@이름#입니다",
            "speaker": {
              "id": "A",
              "sex": "여성",
              "age": "1그룹(10대~20대)"
            },
            "speechAct": "인사하기",
            "morpheme": "A/SL+./SY+안녕/NNG+하/XSV+세요/EP+EF+#/SY+@/SY+소속/NNG+#/SY+에서/JKB+전화/NNG+바꾼/VV+ETM+#/SY+@/SY+이름/NNG+#/SY+입니다/VCP+EC"
          },
          {
            "id": 2,
            "text": "B.혹시 고급스러운 영어 구사능력을 원하는 사람한테는요",
            "norm_text": "B.혹시 고급스러운 영어 구사능력을 원하는 사람한테는요",
            "speaker": {
              "id": "B",
              "sex": "남성",
              "age": "1그룹(10대~20대)"
            },
            "speechAct": "진술하기",
            "morpheme": "B/SL+혹시/MAG+고급/NNG+스러운/XSA+ETM+영어/NNG+구사/NR+능력/NNG+을/JKO+원하/VV+는/ETM+사람/NNG+한테/JKB+는/JX+요/JX"
          },
          {
            "id": 3,
            "text": "B.추천해주실만한 영어 교재가 있을까요",
            "norm_text": "B.추천해주실만한 영어 교재가 있을까요",
            "speaker": {
              "id": "B",
              "sex": "남성",
              "age": "1그룹(10대~20대)"
            },
            "speechAct": "질문하기",
            "morpheme": "B/SL+./SY+추천/NNG+해/XSV+EC+주/VX+실/EC+만한/VX+ETM+영어/NNG+교재/NNG+가/JKS+있/VA+을까요/EC"
          },
          {
            "id": 4,
            "text": "A.네 회원님 얘기 들으니 기본 영어를 이미 갖추신것 같은데요",
            "norm_text": "A.네 회원님 얘기 들으니 기본 영어를 이미 갖추신것 같은데요",
            "speaker": {
              "id": "A",
              "sex": "여성",
              "age": "1그룹(10대~20대)"
            },
            "speechAct": "진술하기",
            "morpheme": "A/SL+네/IC+회원/NNG+님/XSN+얘기/NNG+들으니/VV+EC+기본/NNG+영어/NNG+를/JKO+이미/MAG+갖추/VV+신/EP+ETM+것/NNB+같/VA+은데요/EC"
          },
          {
            "id": 5,
            "text": "B.맞아요 영어 공부를 이미 좀 했어서요",
            "norm_text": "B.맞아요 영어 공부를 이미 좀 했어서요",
            "speaker": {
              "id": "B",
              "sex": "남성",
              "age": "1그룹(10대~20대)"
            },
            "speechAct": "진술하기",
            "morpheme": "B/SL+맞/VV+아요/EF+영어/NNG+공부/NNG+를/JKO+이미/MAG+좀/MAG+했/VV+EP+어서요/EC"
          },
          {
            "id": 6,
            "text": "A.그러시면 #@상품#을 추천드리고 싶습니다",
            "norm_text": "A.그러시면 #@상품#을 추천드리고 싶습니다",
            "speaker": {
              "id": "A",
              "sex": "여성",
              "age": "1그룹(10대~20대)"
            },
            "speechAct": "주장하기",
            "morpheme": "A/SL+그러/VV+시/EP+면/EC+#/SY+@/SY+상품/NNG+#/SY+을/JKO+추천/NNG+드리/VV+고/EC+싶/VX+습니다/EF"
          },
          {
            "id": 7,
            "text": "B.다른 과정에 비해서 뭐가 다른가요",
            "norm_text": "B.다른 과정에 비해서 뭐가 다른가요",
            "speaker": {
              "id": "B",
              "sex": "남성",
              "age": "1그룹(10대~20대)"
            },
            "speechAct": "질문하기",
            "morpheme": "B/SL+다른/MM+과정/NNG+에/JKB+비해서/VV+EC+뭐/NP+가/JKS+다른/MM+가요/NNG"
          },
          {
            "id": 8,
            "text": "A.국내 상황에서 접하기 어려운 문장 표현 등으로 되어 있어서 회원님께 맞을것같습니다",
            "norm_text": "A.국내에서 접하기 어려운 표현들이 있어서 회원님께 맞을 것 같습니다",
            "speaker": {
              "id": "A",
              "sex": "여성",
              "age": "1그룹(10대~20대)"
            },
            "speechAct": "주장하기",
            "morpheme": "A/SL+./SY+국내/NNG+상황/NNG+에서/JKB+접하/VV+기/ETN+어려운/VA+ETM+문장/NNG+표현/NNG+등/NNB+으로/JKB+되/VV+어/EC+있/VX+어서/EC+회원/NNG+님/XSN+께/JKB+맞/VV+을/ETM+것/NNB+같/VA+습니다/EF"
          },
          {
            "id": 9,
            "text": "B.아 그렇군요 감사합니다 수고하세요",
            "norm_text": "B.아 그렇군요 감사합니다 수고하세요",
            "speaker": {
              "id": "B",
              "sex": "남성",
              "age": "1그룹(10대~20대)"
            },
            "speechAct": "감사하기",
            "morpheme": "B/SL+아/IC+그렇/VA+군요/EC+감사/NNG+합니다/XSV+EF+수고/NNG+하/XSV+세요/EP+EF"
          },
          {
            "id": 10,
            "text": "A.또 다른 문의사항 있으시면 연락주세요 감사합니다",
            "norm_text": "A.또 다른 문의사항 있으시면 연락주세요 감사합니다",
            "speaker": {
              "id": "A",
              "sex": "여성",
              "age": "1그룹(10대~20대)"
            },
            "speechAct": "인사하기",
            "morpheme": "A/SL+또/MAG+다른/MM+문/NNG+의/JKG+사항/NNG+있/VV+으시/EP+면/EC+연락/NNG+주세요/NNP+감사/NNG+합니다/XSV+EC"
          }
        ]
      }
    }
  ]
}