{
  "dataset": {
    "identifier": 140006,
    "name": "e1_20211115_0006_0405_01",
    "src_path": "/data/file/cubeManager/PROJECT018/91/txt20211110140004080430/e1_20211115_0006_0405_01/",
    "label_path": "/data/file/cubeManager/PROJECT018/91/txt20211110140004080430/e1_20211115_0006_0405_01/",
    "category": 2,
    "type": 0
  },
  "licenses": {
    "name": "Apache License 1.0",
    "url": "http://www.apache.org/licenses/LICENSE-1.0"
  },
  "info": [
    {
      "id": 157881,
      "filename": "e1_0067_0022_02.txt",
      "title": "e1_0067_0022_02",
      "mediatype": "콜센터",
      "medianame": "콜센터",
      "category": "목적대화",
      "date": "2021-11-10",
      "size": 297,
      "annotations": {
        "subject": "프로그램 문의",
        "speaker_type": "1:1",
        "size": 297,
        "word_size": 76,
        "text": "A. 반갑습니다 상담원 #@이름# 입니다\nB. 안녕하세요 헷갈리는게 있어서 전화드렸어요\nA. 네 고객님 어떤 부분 도와드릴까요\nB. 제가 강좌 많이는 필요 없구요\nB. 3개 정도만 듣고싶으면 BIG3 상품 사는게 좋나요\nA. 본인이 원하시는 갯수가 정해져 있으시면요\nA. 프리패스보다는 BIG 상품이 나으실 수 있구요\nA. #@상품#도 선택 가능하십니다\nB. 그것도 한 3개 지정 수강하는건가요\nA. 네 대신 30일 단위로 #@소속# 전공 강좌 중 선택이세요\nB. 아 그것도 좋겠네요 상담 감사해요\nA. 도움 되셨길 바래요 상담원 #@이름# 이였습니다",
        "lines": [
          {
            "id": 1,
            "text": "A. 반갑습니다 상담원 #@이름# 입니다",
            "norm_text": "A. 반갑습니다 상담원 #@이름# 입니다",
            "speaker": {
              "id": "A",
              "sex": "여성",
              "age": "1그룹(10대~20대)"
            },
            "speechAct": "인사하기",
            "morpheme": "A/SL+반갑/VA+습니다/EF+상담원/NNG+#/SY+@/SY+이름/NNG+#/SY+입니다/VCP+EC"
          },
          {
            "id": 2,
            "text": "B. 안녕하세요 헷갈리는게 있어서 전화드렸어요",
            "norm_text": "B. 안녕하세요 헷갈리는게 있어서 전화드렸어요",
            "speaker": {
              "id": "B",
              "sex": "남성",
              "age": "1그룹(10대~20대)"
            },
            "speechAct": "진술하기",
            "morpheme": "B/SL+./SY+안녕/NNG+하/XSV+세요/EP+EF+헷갈리/VV+는/ETM+게/NNB+JKS+있/VA+어서/EC+전화/NNG+드렸/VV+EP+어요/EF"
          },
          {
            "id": 3,
            "text": "A. 네 고객님 어떤 부분 도와드릴까요",
            "norm_text": "A. 네 고객님 어떤 부분 도와드릴까요",
            "speaker": {
              "id": "A",
              "sex": "여성",
              "age": "1그룹(10대~20대)"
            },
            "speechAct": "질문하기",
            "morpheme": "A/SL+네/IC+고객/NNG+님/XSN+어떤/MM+부분/NNG+도와/VV+EC+드릴까요/VX+EC"
          },
          {
            "id": 4,
            "text": "B. 제가 강좌 많이는 필요 없구요",
            "norm_text": "B. 제가 강좌 많이는 필요 없구요",
            "speaker": {
              "id": "B",
              "sex": "남성",
              "age": "1그룹(10대~20대)"
            },
            "speechAct": "진술하기",
            "morpheme": "B/SL+제/NP+가/JKS+강좌/NNG+많이/MAG+는/JX+필요/NNG+없/VA+구요/EF"
          },
          {
            "id": 5,
            "text": "B. 3개 정도만 듣고싶으면 BIG3 상품 사는게 좋나요",
            "norm_text": "B. 3개 정도만 듣고싶으면 BIG3 상품 사는게 좋나요",
            "speaker": {
              "id": "B",
              "sex": "남성",
              "age": "1그룹(10대~20대)"
            },
            "speechAct": "질문하기",
            "morpheme": "B/SL+./SY+3/SN+개/NNBC+정도/NNG+만/JX+듣/VV+고/EC+싶/VX+으면/EC+BIG/SL+3/SN+상품/NNG+사/VV+는/ETM+게/NNB+JKS+좋/VA+나요/EC"
          },
          {
            "id": 6,
            "text": "A. 본인이 원하시는 갯수가 정해져 있으시면요",
            "norm_text": "A. 본인이 원하시는 갯수가 정해져 있으시면요",
            "speaker": {
              "id": "A",
              "sex": "여성",
              "age": "1그룹(10대~20대)"
            },
            "speechAct": "진술하기",
            "morpheme": "A/SL+./SY+본인/NNG+이/JKS+원/NNG+하/XSV+시/EP+는/ETM+갯/NNP+수/NNB+가/JKS+정해져/VV+EC+VX+EC+있/VX+으시/EP+면/EC+요/JX"
          },
          {
            "id": 7,
            "text": "A. 프리패스보다는 BIG 상품이 나으실 수 있구요",
            "norm_text": "A. 프리패스보다는 BIG 상품이 나으실 수 있구요",
            "speaker": {
              "id": "A",
              "sex": "여성",
              "age": "1그룹(10대~20대)"
            },
            "speechAct": "진술하기",
            "morpheme": "A/SL+./SY+프리/NNG+패스/NNG+보다/JKB+는/JX+BIG/SL+상품/NNG+이/JKS+나으실/VV+EP+ETM+수/NNB+있/VV+구요/EF"
          },
          {
            "id": 8,
            "text": "A. #@상품#도 선택 가능하십니다",
            "norm_text": "A. #@상품#도 선택 가능하십니다",
            "speaker": {
              "id": "A",
              "sex": "여성",
              "age": "1그룹(10대~20대)"
            },
            "speechAct": "진술하기",
            "morpheme": "A/SL+./SY+#/SY+@/SY+상품/NNG+#/SY+도/JX+선택/NNG+가능/NNG+하/XSV+십니다/EP+EC"
          },
          {
            "id": 9,
            "text": "B. 그것도 한 3개 지정 수강하는건가요",
            "norm_text": "B. 그것도 한 3개 지정 수강하는건가요",
            "speaker": {
              "id": "B",
              "sex": "남성",
              "age": "1그룹(10대~20대)"
            },
            "speechAct": "질문하기",
            "morpheme": "B/SL+그것/NP+도/JX+한/MM+3/SN+개/NNBC+지정/NNG+수강/NNG+하/XSV+는/ETM+건가요/NNB+VCP+EC"
          },
          {
            "id": 10,
            "text": "A. 네 대신 30일 단위로 #@소속# 전공 강좌 중 선택이세요",
            "norm_text": "A. 네 대신 30일 단위로 #@소속# 전공 강좌 중 선택이세요",
            "speaker": {
              "id": "A",
              "sex": "여성",
              "age": "1그룹(10대~20대)"
            },
            "speechAct": "진술하기",
            "morpheme": "A/SL+네/IC+대신/NNG+30/SN+일/NNBC+단위/NNG+로/JKB+#/SY+@/SY+소속/NNG+#/SY+전공/NNG+강좌/NNG+중/NNB+선택/NNG+이/VCP+세요/EP+EF"
          },
          {
            "id": 11,
            "text": "B. 아 그것도 좋겠네요 상담 감사해요",
            "norm_text": "B. 아 그것도 좋겠네요 상담 감사해요",
            "speaker": {
              "id": "B",
              "sex": "남성",
              "age": "1그룹(10대~20대)"
            },
            "speechAct": "감사하기",
            "morpheme": "B/SL+아/IC+그것/NP+도/JX+좋/VA+겠/EP+네요/EF+상담/NNG+감사/NNG+해요/XSV+EC"
          },
          {
            "id": 12,
            "text": "A. 도움 되셨길 바래요 상담원 #@이름# 이였습니다",
            "norm_text": "A. 도움 되셨길 바래요 상담원 #@이름# 이였습니다",
            "speaker": {
              "id": "A",
              "sex": "여성",
              "age": "1그룹(10대~20대)"
            },
            "speechAct": "인사하기",
            "morpheme": "A/SL+./SY+도움/NNG+되/XSV+셨/EP+EP+길/ETN+JKO+바래요/VV+EF+상담원/NNG+#/SY+@/SY+이름/NNG+#/SY+이/VCP+였/EP+습니다/EF"
          }
        ]
      }
    }
  ]
}