{
  "dataset": {
    "identifier": 140382,
    "name": "e1_20211115_0006_0500_01",
    "src_path": "/data/file/cubeManager/PROJECT018/91/txt20211110140005051424/e1_20211115_0006_0500_01/",
    "label_path": "/data/file/cubeManager/PROJECT018/91/txt20211110140005051424/e1_20211115_0006_0500_01/",
    "category": 2,
    "type": 0
  },
  "licenses": {
    "name": "Apache License 1.0",
    "url": "http://www.apache.org/licenses/LICENSE-1.0"
  },
  "info": [
    {
      "id": 157974,
      "filename": "e1_0067_0115_02.txt",
      "title": "e1_0067_0115_02",
      "mediatype": "콜센터",
      "medianame": "콜센터",
      "category": "목적대화",
      "date": "2021-11-10",
      "size": 321,
      "annotations": {
        "subject": "프로그램 문의",
        "speaker_type": "1:1",
        "size": 321,
        "word_size": 85,
        "text": "A. 반갑습니다 #@소속# 상담원 #@이름# 입니다\nB. 네 저 편입 준비 하려는데 상담 드리고 싶어요\nA. 네 안녕하세요 어떤 부분 안내 도와드릴까요\nB. 제가 지금 회사를 다니고 있는데요\nB. 시간이 여의치 않은데 주말반 수강 될까요\nA. 네 #@상품# 주말 수강 가능하십니다\nB. 아 기초가 전혀 없는데 그 수업 참여해도 될까요\nA. 기초반 원하시는거면 주말보다 평일 저녁반 추천드려요\nB. 아 그 반은 시간대가 정확히 언제인가요\nA. 평일 저녁반 저녁 6시30분부터 10시까지 진행됩니다\nB. 딱 좋네요 다음에 등록 문의 다시 드리겠습니다\nA. 네 감사합니다 상담원 #@이름# 이였습니다",
        "lines": [
          {
            "id": 1,
            "text": "A. 반갑습니다 #@소속# 상담원 #@이름# 입니다",
            "norm_text": "A. 반갑습니다 #@소속# 상담원 #@이름# 입니다",
            "speaker": {
              "id": "A",
              "sex": "여성",
              "age": "1그룹(10대~20대)"
            },
            "speechAct": "인사하기",
            "morpheme": "A/SL+반갑/VA+습니다/EF+#/SY+@/SY+소속/NNG+#/SY+상담원/NNG+#/SY+@/SY+이름/NNG+#/SY+입니다/VCP+EC"
          },
          {
            "id": 2,
            "text": "B. 네 저 편입 준비 하려는데 상담 드리고 싶어요",
            "norm_text": "B. 네 저 편입 준비 하려는데 상담 드리고 싶어요",
            "speaker": {
              "id": "B",
              "sex": "남성",
              "age": "1그룹(10대~20대)"
            },
            "speechAct": "진술하기",
            "morpheme": "B/SL+네/IC+저/MM+편입/NNG+준비/NNG+하/XSV+려는데/EC+상담/NNG+드리/VV+고/EC+싶/VX+어요/EF"
          },
          {
            "id": 3,
            "text": "A. 네 안녕하세요 어떤 부분 안내 도와드릴까요",
            "norm_text": "A. 네 안녕하세요 어떤 부분 안내 도와드릴까요",
            "speaker": {
              "id": "A",
              "sex": "여성",
              "age": "1그룹(10대~20대)"
            },
            "speechAct": "질문하기",
            "morpheme": "A/SL+네/IC+안녕/NNG+하/XSV+세요/EP+EF+어떤/MM+부분/NNG+안내/NNG+도와/VV+EC+드릴까요/VX+EC"
          },
          {
            "id": 4,
            "text": "B. 제가 지금 회사를 다니고 있는데요",
            "norm_text": "B. 제가 지금 회사를 다니고 있는데요",
            "speaker": {
              "id": "B",
              "sex": "남성",
              "age": "1그룹(10대~20대)"
            },
            "speechAct": "진술하기",
            "morpheme": "B/SL+제/NP+가/JKS+지금/MAG+회사/NNG+를/JKO+다니/VV+고/EC+있/VX+는데요/EC"
          },
          {
            "id": 5,
            "text": "B. 시간이 여의치 않은데 주말반 수강 될까요",
            "norm_text": "B. 시간이 여의치 않은데 주말반 수강 될까요",
            "speaker": {
              "id": "B",
              "sex": "남성",
              "age": "1그룹(10대~20대)"
            },
            "speechAct": "질문하기",
            "morpheme": "B/SL+./SY+시간/NNG+이/JKS+여의치/VA+EC+않/VX+은데/EC+주말/NNG+반/NNG+수강/NNG+될까요/VV+EC"
          },
          {
            "id": 6,
            "text": "A. 네 #@상품# 주말 수강 가능하십니다",
            "norm_text": "A. 네 #@상품# 주말 수강 가능하십니다",
            "speaker": {
              "id": "A",
              "sex": "여성",
              "age": "1그룹(10대~20대)"
            },
            "speechAct": "진술하기",
            "morpheme": "A/SL+네/IC+#/SY+@/SY+상품/NNG+#/SY+주말/NNG+수강/NNG+가능/NNG+하/XSV+십니다/EP+EC"
          },
          {
            "id": 7,
            "text": "B. 아 기초가 전혀 없는데 그 수업 참여해도 될까요",
            "norm_text": "B. 아 기초가 전혀 없는데 그 수업 참여해도 될까요",
            "speaker": {
              "id": "B",
              "sex": "남성",
              "age": "1그룹(10대~20대)"
            },
            "speechAct": "질문하기",
            "morpheme": "B/SL+아/IC+기초/NNG+가/JKS+전혀/MAG+없/VA+는데/EC+그/MM+수업/NNG+참여/NNG+해도/XSV+EC+될까요/VV+EC"
          },
          {
            "id": 8,
            "text": "A. 기초반 원하시는거면 주말보다 평일 저녁반 추천드려요",
            "norm_text": "A. 기초반 원하시는거면 주말보다 평일 저녁반 추천드려요",
            "speaker": {
              "id": "A",
              "sex": "여성",
              "age": "1그룹(10대~20대)"
            },
            "speechAct": "진술하기",
            "morpheme": "A/SL+./SY+기초/NNG+반원/NNG+하/XSV+시/EP+는/ETM+거/NNB+면/VCP+EC+주말/NNG+보다/JKB+평일/NNG+저녁/NNG+반/NNG+추천/NNG+드려요/VV+EC"
          },
          {
            "id": 9,
            "text": "B. 아 그 반은 시간대가 정확히 언제인가요",
            "norm_text": "B. 아 그 반은 시간대가 정확히 언제인가요",
            "speaker": {
              "id": "B",
              "sex": "남성",
              "age": "1그룹(10대~20대)"
            },
            "speechAct": "질문하기",
            "morpheme": "B/SL+아/IC+그/MM+반/NNG+은/JX+시간대/NNG+가/JKS+정확히/MAG+언제/NP+인가요/VCP+EC"
          },
          {
            "id": 10,
            "text": "A. 평일 저녁반 저녁 6시30분부터 10시까지 진행됩니다",
            "norm_text": "A. 평일 저녁반 저녁 6시30분부터 10시까지 진행됩니다",
            "speaker": {
              "id": "A",
              "sex": "여성",
              "age": "1그룹(10대~20대)"
            },
            "speechAct": "진술하기",
            "morpheme": "A/SL+./SY+평일/NNG+저녁/NNG+반/NNG+저녁/NNG+6/SN+시/NNBC+30/SN+분/NNBC+부터/JX+10/SN+시/NNBC+까지/JX+진행/NNG+됩니다/XSV+EC"
          },
          {
            "id": 11,
            "text": "B. 딱 좋네요 다음에 등록 문의 다시 드리겠습니다",
            "norm_text": "B. 딱 좋네요 다음에 등록 문의 다시 드리겠습니다",
            "speaker": {
              "id": "B",
              "sex": "남성",
              "age": "1그룹(10대~20대)"
            },
            "speechAct": "약속하기(개인적 수준의 서약)",
            "morpheme": "B/SL+딱/MAG+좋/VA+네요/EF+다음/NNG+에/JKB+등록/NNG+문/NNG+의/JKG+다시/MAG+드리/VV+겠/EP+습니다/EF"
          },
          {
            "id": 12,
            "text": "A. 네 감사합니다 상담원 #@이름# 이였습니다",
            "norm_text": "A. 네 감사합니다 상담원 #@이름# 이였습니다",
            "speaker": {
              "id": "A",
              "sex": "여성",
              "age": "1그룹(10대~20대)"
            },
            "speechAct": "인사하기",
            "morpheme": "A/SL+네/IC+감사/NNG+합니다/XSV+EF+상담원/NNG+#/SY+@/SY+이름/NNG+#/SY+이/VCP+였/EP+습니다/EF"
          }
        ]
      }
    }
  ]
}