{
  "dataset": {
    "identifier": 141051,
    "name": "e1_20211115_0006_0708_01",
    "src_path": "/data/file/cubeManager/PROJECT018/91/txt20211110140013042815/e1_20211115_0006_0708_01/",
    "label_path": "/data/file/cubeManager/PROJECT018/91/txt20211110140013042815/e1_20211115_0006_0708_01/",
    "category": 2,
    "type": 0
  },
  "licenses": {
    "name": "Apache License 1.0",
    "url": "http://www.apache.org/licenses/LICENSE-1.0"
  },
  "info": [
    {
      "id": 158954,
      "filename": "e1_0071_0150_02.txt",
      "title": "e1_0071_0150_02",
      "mediatype": "콜센터",
      "medianame": "콜센터",
      "category": "목적대화",
      "date": "2021-11-10",
      "size": 451,
      "annotations": {
        "subject": "프로그램 문의",
        "speaker_type": "1:1",
        "size": 451,
        "word_size": 108,
        "text": "A.안녕하세요 #@소속# 상담원 #@이름# 입니다\nB.강좌 수강기간 연장이 가능한가요\nA.네 고객님 지금 일반강좌나 패키지 강좌 수강중 이실까요\nB.네 일반강좌 수강중이예요\nA.수강기간 내 최초 수강 종료일로부터 30일 이내의 기간 동안 신청 가능합니다\nB.아 연장이 가능하군요 어디서 신청하나요\nA.네 혹시 지금 피씨 이용중 이실까요\nB.네 홈페이지에 들어와 있어서 말씀 들으면서 해보게요\nA.네 그러시면 마이룸에서 수강 중인 강좌 목록으로 이동해 주시구요\nA.이동하셨으면 연장 원하는 강좌를 선택해서 신청해 주시면 되십니다\nB.아 네 이게 한 강좌당 기간 연장이 총 몇 회나 가능한가요\nA.최초 수강 종료일 이내에 신청할 경우 총 3회 가능하세요\nB.혹시 수강 종료일 이후에는 연장이 안되나요\nA.수강 종료일 이후에도 1회 연장이 가능합니다\nB.아 그렇군요 알겠습니다 수고하세요\nA.좋은 저녁 보내세요 상담원 #@이름# 이었습니다",
        "lines": [
          {
            "id": 1,
            "text": "A.안녕하세요 #@소속# 상담원 #@이름# 입니다",
            "norm_text": "A.안녕하세요 #@소속# 상담원 #@이름# 입니다",
            "speaker": {
              "id": "A",
              "sex": "여성",
              "age": "2그룹(30대~40대)"
            },
            "speechAct": "인사하기",
            "morpheme": "A/SL+./SY+안녕/NNG+하/XSV+세요/EP+EF+#/SY+@/SY+소속/NNG+#/SY+상담원/NNG+#/SY+@/SY+이름/NNG+#/SY+입니다/VCP+EC"
          },
          {
            "id": 2,
            "text": "B.강좌 수강기간 연장이 가능한가요",
            "norm_text": "B.강좌 수강기간 연장이 가능한가요",
            "speaker": {
              "id": "B",
              "sex": "남성",
              "age": "2그룹(30대~40대)"
            },
            "speechAct": "질문하기",
            "morpheme": "B/SL+./SY+강좌/NNG+수강/NNG+기간/NNG+연장/NNG+이/JKS+가능/NNG+한/XSA+ETM+가요/NNG"
          },
          {
            "id": 3,
            "text": "A.네 고객님 지금 일반강좌나 패키지 강좌 수강중 이실까요",
            "norm_text": "A.네 고객님 지금 일반강좌나 패키지 강좌 수강중 이실까요",
            "speaker": {
              "id": "A",
              "sex": "여성",
              "age": "2그룹(30대~40대)"
            },
            "speechAct": "질문하기",
            "morpheme": "A/SL+네/IC+고객/NNG+님/XSN+지금/MAG+일반/NNG+강좌/NNG+나/JC+패키지/NNG+강좌/NNG+수강/NNG+중/NNB+이/VCP+실까요/EP+EF"
          },
          {
            "id": 4,
            "text": "B.네 일반강좌 수강중이예요",
            "norm_text": "B.네 일반강좌 수강중이예요",
            "speaker": {
              "id": "B",
              "sex": "남성",
              "age": "2그룹(30대~40대)"
            },
            "speechAct": "진술하기",
            "morpheme": "B/SL+네/IC+일반/NNG+강좌/NNG+수강/NNG+중/NNB+이/VCP+예요/EC"
          },
          {
            "id": 5,
            "text": "A.수강기간 내 최초 수강 종료일로부터 30일 이내의 기간 동안 신청 가능합니다",
            "norm_text": "A.수강기간 내 최초 수강 종료일로부터 30일 이내의 기간 동안 신청 가능합니다",
            "speaker": {
              "id": "A",
              "sex": "여성",
              "age": "2그룹(30대~40대)"
            },
            "speechAct": "진술하기",
            "morpheme": "A/SL+./SY+수강/NNG+기간/NNG+내/NNB+최초/NNG+수강/NNG+종료/NNG+일/NNG+로부터/JKB+30/SN+일/NNBC+이내/NNG+의/JKG+기간/NNG+동안/NNG+신청/NNG+가능/NNG+합니다/XSV+EC"
          },
          {
            "id": 6,
            "text": "B.아 연장이 가능하군요 어디서 신청하나요",
            "norm_text": "B.아 연장이 가능하군요 어디서 신청하나요",
            "speaker": {
              "id": "B",
              "sex": "남성",
              "age": "2그룹(30대~40대)"
            },
            "speechAct": "질문하기",
            "morpheme": "B/SL+아/IC+연장/NNG+이/JKS+가능/NNG+하/XSV+군요/EC+어디/NP+서/JKB+신청/NNG+하/XSV+나요/EC"
          },
          {
            "id": 7,
            "text": "A.네 혹시 지금 피씨 이용중 이실까요",
            "norm_text": "A.네 혹시 지금 피씨 이용중 이실까요",
            "speaker": {
              "id": "A",
              "sex": "여성",
              "age": "2그룹(30대~40대)"
            },
            "speechAct": "질문하기",
            "morpheme": "A/SL+네/IC+혹시/MAG+지금/MAG+피/NNP+씨/NNB+이용/NNG+중/NNB+이/VCP+실까요/EP+EF"
          },
          {
            "id": 8,
            "text": "B.네 홈페이지에 들어와 있어서 말씀 들으면서 해보게요",
            "norm_text": "B.네 홈페이지에 들어와 있어서 말씀 들으면서 해보게요",
            "speaker": {
              "id": "B",
              "sex": "남성",
              "age": "2그룹(30대~40대)"
            },
            "speechAct": "진술하기",
            "morpheme": "B/SL+네/IC+홈페이지/NNG+에/JKB+들어와/VV+EC+있/VX+어서/EC+말씀/NNG+들으면서/VV+EC+해/VV+EC+보/VX+게요/EC"
          },
          {
            "id": 9,
            "text": "A.네 그러시면 마이룸에서 수강 중인 강좌 목록으로 이동해 주시구요",
            "norm_text": "A.네 그러시면 마이룸에서 수강 중인 강좌 목록으로 이동해 주시구요",
            "speaker": {
              "id": "A",
              "sex": "여성",
              "age": "2그룹(30대~40대)"
            },
            "speechAct": "명령하기/요구하기",
            "morpheme": "A/SL+네/IC+그러/VV+시/EP+면/EC+마이/MAG+룸/NNG+에서/JKB+수강/NNG+중/NNB+인/VCP+ETM+강좌/NNG+목록/NNG+으로/JKB+이동/NNG+해/XSV+EC+주/VX+시/EP+구요/EF"
          },
          {
            "id": 10,
            "text": "A.이동하셨으면 연장 원하는 강좌를 선택해서 신청해 주시면 되십니다",
            "norm_text": "A.이동하셨으면 연장 원하는 강좌를 선택해서 신청해 주시면 되십니다",
            "speaker": {
              "id": "A",
              "sex": "여성",
              "age": "2그룹(30대~40대)"
            },
            "speechAct": "진술하기",
            "morpheme": "A/SL+./SY+이동/NNG+하/XSV+셨/EP+EP+으면/EC+연장/NNG+원/NNG+하/XSV+는/ETM+강좌/NNG+를/JKO+선택/NNG+해서/XSV+EC+신청/NNG+해/XSV+EC+주/VX+시/EP+면/EC+되/VV+십니다/EP+EC"
          },
          {
            "id": 11,
            "text": "B.아 네 이게 한 강좌당 기간 연장이 총 몇 회나 가능한가요",
            "norm_text": "B.아 네 이게 한 강좌당 기간 연장이 총 몇 회나 가능한가요",
            "speaker": {
              "id": "B",
              "sex": "남성",
              "age": "2그룹(30대~40대)"
            },
            "speechAct": "질문하기",
            "morpheme": "B/SL+아/IC+네/IC+이게/NP+JKS+한강/NNP+좌당/NNG+기간/NNG+연장/NNG+이/JKS+총/MM+몇/MM+회/NNBC+나/JX+가능/NNG+한/XSA+ETM+가요/NNG"
          },
          {
            "id": 12,
            "text": "A.최초 수강 종료일 이내에 신청할 경우 총 3회 가능하세요",
            "norm_text": "A.최초 수강 종료일 이내에 신청할 경우 총 3회 가능하세요",
            "speaker": {
              "id": "A",
              "sex": "여성",
              "age": "2그룹(30대~40대)"
            },
            "speechAct": "진술하기",
            "morpheme": "A/SL+./SY+최초/NNG+수강/NNG+종료/NNG+일/NNG+이/JKS+내/NP+에/JKB+신청/NNG+할/XSV+ETM+경우/NNG+총/MM+3/SN+회/NNBC+가능/NNG+하/XSV+세요/EP+EF"
          },
          {
            "id": 13,
            "text": "B.혹시 수강 종료일 이후에는 연장이 안되나요",
            "norm_text": "B.혹시 수강 종료일 이후에는 연장이 안되나요",
            "speaker": {
              "id": "B",
              "sex": "남성",
              "age": "2그룹(30대~40대)"
            },
            "speechAct": "질문하기",
            "morpheme": "B/SL+혹시/MAG+수강/NNG+종료/NNG+일/NR+이후/NNG+에/JKB+는/JX+연장/NNG+이/JKS+안/MAG+되/VV+나요/EC"
          },
          {
            "id": 14,
            "text": "A.수강 종료일 이후에도 1회 연장이 가능합니다",
            "norm_text": "A.수강 종료일 이후에도 1회 연장이 가능합니다",
            "speaker": {
              "id": "A",
              "sex": "여성",
              "age": "2그룹(30대~40대)"
            },
            "speechAct": "진술하기",
            "morpheme": "A/SL+./SY+수강/NNG+종료/NNG+일/NR+이후/NNG+에/JKB+도/JX+1/SN+회/NNBC+연장/NNG+이/JKS+가능/NNG+합니다/XSV+EC"
          },
          {
            "id": 15,
            "text": "B.아 그렇군요 알겠습니다 수고하세요",
            "norm_text": "B.아 그렇군요 알겠습니다 수고하세요",
            "speaker": {
              "id": "B",
              "sex": "남성",
              "age": "2그룹(30대~40대)"
            },
            "speechAct": "인사하기",
            "morpheme": "B/SL+아/IC+그렇/VA+군요/EC+알/VV+겠/EP+습니다/EF+수고/NNG+하/XSV+세요/EP+EF"
          },
          {
            "id": 16,
            "text": "A.좋은 저녁 보내세요 상담원 #@이름# 이었습니다",
            "norm_text": "A.좋은 저녁 보내세요 상담원 #@이름# 이었습니다",
            "speaker": {
              "id": "A",
              "sex": "여성",
              "age": "2그룹(30대~40대)"
            },
            "speechAct": "인사하기",
            "morpheme": "A/SL+좋/VA+은/ETM+저녁/NNG+보내/VV+세요/EP+EF+상담원/NNG+#/SY+@/SY+이름/NNG+#/SY+이/VCP+었/EP+습니다/EF"
          }
        ]
      }
    }
  ]
}