{
  "dataset": {
    "identifier": 139803,
    "name": "e1_20211115_0006_0321_01",
    "src_path": "/data/file/cubeManager/PROJECT018/91/txt20211110140003078539/e1_20211115_0006_0321_01/",
    "label_path": "/data/file/cubeManager/PROJECT018/91/txt20211110140003078539/e1_20211115_0006_0321_01/",
    "category": 2,
    "type": 0
  },
  "licenses": {
    "name": "Apache License 1.0",
    "url": "http://www.apache.org/licenses/LICENSE-1.0"
  },
  "info": [
    {
      "id": 157781,
      "filename": "e1_0066_0133_02.txt",
      "title": "e1_0066_0133_02",
      "mediatype": "콜센터",
      "medianame": "콜센터",
      "category": "목적대화",
      "date": "2021-11-10",
      "size": 279,
      "annotations": {
        "subject": "프로그램 문의",
        "speaker_type": "1:1",
        "size": 279,
        "word_size": 69,
        "text": "A. #@소속# 상담센터 상담원 #@이름#입니다\nB. 수고가 많으십니다 지금 거기 기출특강반 있나요\nA. 네 곧 8월대비 기출특강반 개강 예정입니다\nB. 아 제가 그거 듣고 싶은데 거기 수강생이 아닌데 괜찮나요\nA. 네 학원수강생 이외에 외부 수강생분들도 편하게 참석 가능하십니다\nB. 아 수강생 아니여도 가능하다고요\nA. 네네 외부수강생분들도 가능하십니다\nB. 아 완전 잘됐네요 알겠습니다\nA. 네 다른 문의사항은 없으시구요\nB. 네네 없습니다 감사해요\nA. 오늘 하루 마무리 잘하시길 바랍니다 #@이름# 이었습니다",
        "lines": [
          {
            "id": 1,
            "text": "A. #@소속# 상담센터 상담원 #@이름#입니다",
            "norm_text": "A. #@소속# 상담센터 상담원 #@이름#입니다",
            "speaker": {
              "id": "A",
              "sex": "여성",
              "age": "1그룹(10대~20대)"
            },
            "speechAct": "인사하기",
            "morpheme": "A/SL+./SY+#/SY+@/SY+소속/NNG+#/SY+상담/NNG+센터/NNG+상담원/NNG+#/SY+@/SY+이름/NNG+#/SY+입니다/VCP+EC"
          },
          {
            "id": 2,
            "text": "B. 수고가 많으십니다 지금 거기 기출특강반 있나요",
            "norm_text": "B. 수고가 많으십니다 지금 거기 기출특강반 있나요",
            "speaker": {
              "id": "B",
              "sex": "남성",
              "age": "1그룹(10대~20대)"
            },
            "speechAct": "질문하기",
            "morpheme": "B/SL+./SY+수고/NNG+가/JKS+많/VA+으십니다/EP+EP+EF+지금/MAG+거기/NP+기출/NNG+특강/NNG+반/NNG+있/VV+나요/EC"
          },
          {
            "id": 3,
            "text": "A. 네 곧 8월대비 기출특강반 개강 예정입니다",
            "norm_text": "A. 네 곧 8월대비 기출특강반 개강 예정입니다",
            "speaker": {
              "id": "A",
              "sex": "여성",
              "age": "1그룹(10대~20대)"
            },
            "speechAct": "진술하기",
            "morpheme": "A/SL+네/IC+곧/MAG+8/SN+월/NNBC+대비/NNG+기출/NNG+특강/NNG+반/NNG+개강/NNG+예정/NNG+입니다/VCP+EC"
          },
          {
            "id": 4,
            "text": "B. 아 제가 그거 듣고 싶은데 거기 수강생이 아닌데 괜찮나요",
            "norm_text": "B. 아 제가 그거 듣고 싶은데 거기 수강생이 아닌데 괜찮나요",
            "speaker": {
              "id": "B",
              "sex": "남성",
              "age": "1그룹(10대~20대)"
            },
            "speechAct": "질문하기",
            "morpheme": "B/SL+아/IC+제/NP+가/JKS+그거/NP+듣/VV+고/EC+싶/VX+은데/EC+거기/NP+수강/NNG+생/XSN+이/JKC+아닌데/VCN+EC+괜찮/VA+나요/EC"
          },
          {
            "id": 5,
            "text": "A. 네 학원수강생 이외에 외부 수강생분들도 편하게 참석 가능하십니다",
            "norm_text": "A. 네 학원수강생 이외에 외부 수강생분들도 편하게 참석 가능하십니다",
            "speaker": {
              "id": "A",
              "sex": "여성",
              "age": "1그룹(10대~20대)"
            },
            "speechAct": "진술하기",
            "morpheme": "A/SL+네/IC+학원/NNG+수강/NNG+생/XSN+이외/NNG+에/JKB+외부/NNG+수강/NNG+생/XSN+분/NNB+들/XSN+도/JX+편하/VA+게/EC+참석/NNG+가능/NNG+하/XSV+십니다/EP+EC"
          },
          {
            "id": 6,
            "text": "B. 아 수강생 아니여도 가능하다고요",
            "norm_text": "B. 아 수강생 아니여도 가능하다고요",
            "speaker": {
              "id": "B",
              "sex": "남성",
              "age": "1그룹(10대~20대)"
            },
            "speechAct": "질문하기",
            "morpheme": "B/SL+아/IC+수강/NNG+생/XSN+아니/VCN+여도/EC+가능/NNG+하/XSV+다고요/EC"
          },
          {
            "id": 7,
            "text": "A. 네네 외부수강생분들도 가능하십니다",
            "norm_text": "A. 네네 외부수강생분들도 가능하십니다",
            "speaker": {
              "id": "A",
              "sex": "여성",
              "age": "1그룹(10대~20대)"
            },
            "speechAct": "진술하기",
            "morpheme": "A/SL+네/NP+네/XSN+외부/NNG+수강/NNG+생/XSN+분/NNB+들/XSN+도/JX+가능/NNG+하/XSV+십니다/EP+EC"
          },
          {
            "id": 8,
            "text": "B. 아 완전 잘됐네요 알겠습니다",
            "norm_text": "B. 아 완전 잘됐네요 알겠습니다",
            "speaker": {
              "id": "B",
              "sex": "남성",
              "age": "1그룹(10대~20대)"
            },
            "speechAct": "긍정감정표현하기(칭찬하기 포함)",
            "morpheme": "B/SL+아/IC+완전/MAG+잘/MAG+됐/VV+EP+네요/EF+알/VV+겠/EP+습니다/EF"
          },
          {
            "id": 9,
            "text": "A. 네 다른 문의사항은 없으시구요",
            "norm_text": "A. 네 다른 문의사항은 없으시구요",
            "speaker": {
              "id": "A",
              "sex": "여성",
              "age": "1그룹(10대~20대)"
            },
            "speechAct": "질문하기",
            "morpheme": "A/SL+네/IC+다른/MM+문/NNG+의/JKG+사항/NNG+은/JX+없/VA+으시/EP+구요/EF"
          },
          {
            "id": 10,
            "text": "B. 네네 없습니다 감사해요",
            "norm_text": "B. 네네 없습니다 감사해요",
            "speaker": {
              "id": "B",
              "sex": "남성",
              "age": "1그룹(10대~20대)"
            },
            "speechAct": "감사하기",
            "morpheme": "B/SL+네네/IC+없/VA+습니다/EF+감사/NNG+해요/XSV+EC"
          },
          {
            "id": 11,
            "text": "A. 오늘 하루 마무리 잘하시길 바랍니다 #@이름# 이었습니다",
            "norm_text": "A. 오늘 하루 마무리 잘하시길 바랍니다 #@이름# 이었습니다",
            "speaker": {
              "id": "A",
              "sex": "여성",
              "age": "1그룹(10대~20대)"
            },
            "speechAct": "인사하기",
            "morpheme": "A/SL+오늘/MAG+하루/NNG+마무리/NNG+잘/MAG+하/VV+시/EP+길/ETN+JKO+바랍니다/VV+EF+#/SY+@/SY+이름/NNG+#/SY+이/VCP+었/EP+습니다/EF"
          }
        ]
      }
    }
  ]
}