{
  "dataset": {
    "identifier": 139920,
    "name": "e1_20211115_0006_0389_01",
    "src_path": "/data/file/cubeManager/PROJECT018/91/txt20211110140004068818/e1_20211115_0006_0389_01/",
    "label_path": "/data/file/cubeManager/PROJECT018/91/txt20211110140004068818/e1_20211115_0006_0389_01/",
    "category": 2,
    "type": 0
  },
  "licenses": {
    "name": "Apache License 1.0",
    "url": "http://www.apache.org/licenses/LICENSE-1.0"
  },
  "info": [
    {
      "id": 157865,
      "filename": "e1_0067_0006_02.txt",
      "title": "e1_0067_0006_02",
      "mediatype": "콜센터",
      "medianame": "콜센터",
      "category": "목적대화",
      "date": "2021-11-10",
      "size": 285,
      "annotations": {
        "subject": "프로그램 문의",
        "speaker_type": "1:1",
        "size": 285,
        "word_size": 71,
        "text": "A. 안녕하세요 상담원 #@이름# 입니다\nB. 네 학원 등록하기 전에 좀 헷갈리는게 있어서요\nA. 네 고객님 어떤 부분이 헷갈리실까요\nB. 평일이랑 주말 운영시간이 완전 다른건지 궁금해서요\nB. 그렇게 크게 차이는 없지 않나요\nA. 네 전부 마감은 밤10시까지로 동일하구요\nA. 평일은 오전8시부터 주말은 오전10시부터 운영합니다\nB. 그럼 시작 시간만 다른거네요\nA. 네 평일이 더 일찍부터 참석가능하세요\nA. 더 궁금하신 부분 있으실까요\nB. 아니요 운영시간만 헷갈렸어요 감사합니다\nA. 네 고객님 상담원 #@이름# 이였습니다",
        "lines": [
          {
            "id": 1,
            "text": "A. 안녕하세요 상담원 #@이름# 입니다",
            "norm_text": "A. 안녕하세요 상담원 #@이름# 입니다",
            "speaker": {
              "id": "A",
              "sex": "여성",
              "age": "1그룹(10대~20대)"
            },
            "speechAct": "인사하기",
            "morpheme": "A/SL+./SY+안녕/NNG+하/XSV+세요/EP+EF+상담원/NNG+#/SY+@/SY+이름/NNG+#/SY+입니다/VCP+EC"
          },
          {
            "id": 2,
            "text": "B. 네 학원 등록하기 전에 좀 헷갈리는게 있어서요",
            "norm_text": "B. 네 학원 등록하기 전에 좀 헷갈리는게 있어서요",
            "speaker": {
              "id": "B",
              "sex": "남성",
              "age": "1그룹(10대~20대)"
            },
            "speechAct": "진술하기",
            "morpheme": "B/SL+네/IC+학원/NNG+등록/NNG+하/XSV+기/ETN+전/NNG+에/JKB+좀/MAG+헷갈리/VV+는/ETM+게/NNB+JKS+있/VA+어서요/EC"
          },
          {
            "id": 3,
            "text": "A. 네 고객님 어떤 부분이 헷갈리실까요",
            "norm_text": "A. 네 고객님 어떤 부분이 헷갈리실까요",
            "speaker": {
              "id": "A",
              "sex": "여성",
              "age": "1그룹(10대~20대)"
            },
            "speechAct": "질문하기",
            "morpheme": "A/SL+네/IC+고객/NNG+님/XSN+어떤/MM+부분/NNG+이/JKS+헷갈리/VV+실까요/EP+EF"
          },
          {
            "id": 4,
            "text": "B. 평일이랑 주말 운영시간이 완전 다른건지 궁금해서요",
            "norm_text": "B. 평일이랑 주말 운영시간이 완전 다른건지 궁금해서요",
            "speaker": {
              "id": "B",
              "sex": "남성",
              "age": "1그룹(10대~20대)"
            },
            "speechAct": "진술하기",
            "morpheme": "B/SL+./SY+평일/NNG+이랑/JKB+주말/NNG+운영/NNG+시간/NNG+이/JKS+완전/MAG+다른/VA+ETM+건지/NNB+VCP+EC+궁금/XR+해서/XSA+EC+VCP+요/EC"
          },
          {
            "id": 5,
            "text": "B. 그렇게 크게 차이는 없지 않나요",
            "norm_text": "B. 그렇게 크게 차이는 없지 않나요",
            "speaker": {
              "id": "B",
              "sex": "남성",
              "age": "1그룹(10대~20대)"
            },
            "speechAct": "질문하기",
            "morpheme": "B/SL+그렇게/MAG+크/VA+게/EC+차이/NNG+는/JX+없/VA+지/EC+않/VX+나요/EC"
          },
          {
            "id": 6,
            "text": "A. 네 전부 마감은 밤10시까지로 동일하구요",
            "norm_text": "A. 네 전부 마감은 밤10시까지로 동일하구요",
            "speaker": {
              "id": "A",
              "sex": "여성",
              "age": "1그룹(10대~20대)"
            },
            "speechAct": "진술하기",
            "morpheme": "A/SL+네/IC+전부/MAG+마감/NNG+은/JX+밤/NNG+10/SN+시/NNBC+까지/JX+로/JKB+동일/NNG+하/XSV+구요/EC"
          },
          {
            "id": 7,
            "text": "A. 평일은 오전8시부터 주말은 오전10시부터 운영합니다",
            "norm_text": "A. 평일은 오전8시부터 주말은 오전10시부터 운영합니다",
            "speaker": {
              "id": "A",
              "sex": "여성",
              "age": "1그룹(10대~20대)"
            },
            "speechAct": "진술하기",
            "morpheme": "A/SL+./SY+평일/NNG+은/JX+오전/NNG+8/SN+시/NNBC+부터/JX+주말/NNG+은/JX+오전/NNG+10/SN+시/NNBC+부터/JX+운영/NNG+합니다/XSV+EC"
          },
          {
            "id": 8,
            "text": "B. 그럼 시작 시간만 다른거네요",
            "norm_text": "B. 그럼 시작 시간만 다른거네요",
            "speaker": {
              "id": "B",
              "sex": "남성",
              "age": "1그룹(10대~20대)"
            },
            "speechAct": "질문하기",
            "morpheme": "B/SL+그럼/MAJ+시작/NNG+시간/NNG+만/JX+다른/VA+ETM+거/NNB+네요/VCP+EC"
          },
          {
            "id": 9,
            "text": "A. 네 평일이 더 일찍부터 참석가능하세요",
            "norm_text": "A. 네 평일이 더 일찍부터 참석가능하세요",
            "speaker": {
              "id": "A",
              "sex": "여성",
              "age": "1그룹(10대~20대)"
            },
            "speechAct": "진술하기",
            "morpheme": "A/SL+네/IC+평일/NNG+이/JKS+더/MAG+일찍/MAG+부터/JX+참석/NNG+가능/NNG+하/XSV+세요/EP+EF"
          },
          {
            "id": 10,
            "text": "A. 더 궁금하신 부분 있으실까요",
            "norm_text": "A. 더 궁금하신 부분 있으실까요",
            "speaker": {
              "id": "A",
              "sex": "여성",
              "age": "1그룹(10대~20대)"
            },
            "speechAct": "질문하기",
            "morpheme": "A/SL+더/MAG+궁금/XR+하/XSA+신/EP+ETM+부분/NNG+있/VV+으실까/EP+EP+EF+요/MM"
          },
          {
            "id": 11,
            "text": "B. 아니요 운영시간만 헷갈렸어요 감사합니다",
            "norm_text": "B. 아니요 운영시간만 헷갈렸어요 감사합니다",
            "speaker": {
              "id": "B",
              "sex": "남성",
              "age": "1그룹(10대~20대)"
            },
            "speechAct": "감사하기",
            "morpheme": "B/SL+아니요/IC+운영/NNG+시간/NNG+만/JX+헷갈렸/VV+EP+어요/EF+감사/NNG+합니다/XSV+EC"
          },
          {
            "id": 12,
            "text": "A. 네 고객님 상담원 #@이름# 이였습니다",
            "norm_text": "A. 네 고객님 상담원 #@이름# 이였습니다",
            "speaker": {
              "id": "A",
              "sex": "여성",
              "age": "1그룹(10대~20대)"
            },
            "speechAct": "인사하기",
            "morpheme": "A/SL+네/IC+고객/NNG+님/XSN+상담원/NNG+#/SY+@/SY+이름/NNG+#/SY+이/VCP+였/EP+습니다/EF"
          }
        ]
      }
    }
  ]
}