{
  "dataset": {
    "identifier": 140971,
    "name": "e1_20211115_0006_0629_01",
    "src_path": "/data/file/cubeManager/PROJECT018/91/txt20211110140009020641/e1_20211115_0006_0629_01/",
    "label_path": "/data/file/cubeManager/PROJECT018/91/txt20211110140009020641/e1_20211115_0006_0629_01/",
    "category": 2,
    "type": 0
  },
  "licenses": {
    "name": "Apache License 1.0",
    "url": "http://www.apache.org/licenses/LICENSE-1.0"
  },
  "info": [
    {
      "id": 158408,
      "filename": "e1_0069_0051_02.txt",
      "title": "e1_0069_0051_02",
      "mediatype": "콜센터",
      "medianame": "콜센터",
      "category": "목적대화",
      "date": "2021-11-10",
      "size": 332,
      "annotations": {
        "subject": "프로그램 문의",
        "speaker_type": "1:1",
        "size": 332,
        "word_size": 72,
        "text": "A.최상의 서비스로 모시겠습니다 #@소속# 상담원 #@이름#입니다\nB.네 안녕하세요 #@상품# 관련해서 문의드릴 게 있어서요\nA.네 무엇을 도와드릴까요\nB.#@상품# 서비스를 결제했는데요\nB.지금 교재 배송을 기다리는 중이라 바로 수강은 어렵거든요\nB.그러면 수강 시작일이 언제로 지정되는 건가요\nA.#@상품# 결제하고 그렇게 즉시 수강이 어려우신 경우를 대비해서요\nA.결제일로부터 7일째 되는 날을 기본 수강 시작일로 지정하고 있습니다\nB.네 수강 기간은 그러면 언제까지 되는건가요\nA.예 수강 기간은 수강 시작 후 12개월입니다\nB.네 친절한 설명 감사드립니다\nA.좋은 하루 보내세요 상담원 #@이름#이었습니다",
        "lines": [
          {
            "id": 1,
            "text": "A.최상의 서비스로 모시겠습니다 #@소속# 상담원 #@이름#입니다",
            "norm_text": "A.최상의 서비스로 모시겠습니다 #@소속# 상담원 #@이름#입니다",
            "speaker": {
              "id": "A",
              "sex": "여성",
              "age": "2그룹(30대~40대)"
            },
            "speechAct": "인사하기",
            "morpheme": "A/SL+./SY+최상/NNG+의/JKG+서비스/NNG+로/JKB+모시/VV+겠/EP+습니다/EF+#/SY+@/SY+소속/NNG+#/SY+상담원/NNG+#/SY+@/SY+이름/NNG+#/SY+입니다/VCP+EC"
          },
          {
            "id": 2,
            "text": "B.네 안녕하세요 #@상품# 관련해서 문의드릴 게 있어서요",
            "norm_text": "B.네 안녕하세요 #@상품# 관련해서 문의드릴 게 있어서요",
            "speaker": {
              "id": "B",
              "sex": "남성",
              "age": "2그룹(30대~40대)"
            },
            "speechAct": "진술하기",
            "morpheme": "B/SL+네/IC+안녕/NNG+하/XSV+세요/EP+EF+#/SY+@/SY+상품/NNG+#/SY+관련/NNG+해서/XSV+EC+문/NNG+의/JKG+드릴/VV+ETM+게/NNB+JKS+있/VA+어서요/EC"
          },
          {
            "id": 3,
            "text": "A.네 무엇을 도와드릴까요",
            "norm_text": "A.네 무엇을 도와드릴까요",
            "speaker": {
              "id": "A",
              "sex": "여성",
              "age": "2그룹(30대~40대)"
            },
            "speechAct": "질문하기",
            "morpheme": "A/SL+네/IC+무엇/NP+을/JKO+도와/VV+EC+드릴까요/VX+EC"
          },
          {
            "id": 4,
            "text": "B.#@상품# 서비스를 결제했는데요",
            "norm_text": "B.#@상품# 서비스를 결제했는데요",
            "speaker": {
              "id": "B",
              "sex": "남성",
              "age": "2그룹(30대~40대)"
            },
            "speechAct": "진술하기",
            "morpheme": "B/SL+./SY+#/SY+@/SY+상품/NNG+#/SY+서비스/NNG+를/JKO+결제/NNG+했/XSV+EP+는데요/EC"
          },
          {
            "id": 5,
            "text": "B.지금 교재 배송을 기다리는 중이라 바로 수강은 어렵거든요",
            "norm_text": "B.지금 교재 배송을 기다리는 중이라 바로 수강은 어렵거든요",
            "speaker": {
              "id": "B",
              "sex": "남성",
              "age": "2그룹(30대~40대)"
            },
            "speechAct": "진술하기",
            "morpheme": "B/SL+지금/MAG+교재/NNG+배송/NNG+을/JKO+기다리/VV+는/ETM+중/NNB+이/VCP+라/EC+바로/MAG+수강/NNG+은/JX+어렵/VA+거든요/EF"
          },
          {
            "id": 6,
            "text": "B.그러면 수강 시작일이 언제로 지정되는 건가요",
            "norm_text": "B.그러면 수강 시작일이 언제로 지정되는 건가요",
            "speaker": {
              "id": "B",
              "sex": "남성",
              "age": "2그룹(30대~40대)"
            },
            "speechAct": "질문하기",
            "morpheme": "B/SL+그러면/MAJ+수강/NNG+시작/NNG+일/NNG+이/JKS+언제/NP+로/JKB+지정/NNG+되/XSV+는/ETM+건가요/NNB+VCP+EC"
          },
          {
            "id": 7,
            "text": "A.#@상품# 결제하고 그렇게 즉시 수강이 어려우신 경우를 대비해서요",
            "norm_text": "A.#@상품# 결제하고 그렇게 즉시 수강이 어려우신 경우를 대비해서요",
            "speaker": {
              "id": "A",
              "sex": "여성",
              "age": "2그룹(30대~40대)"
            },
            "speechAct": "진술하기",
            "morpheme": "A/SL+./SY+#/SY+@/SY+상품/NNG+#/SY+결제/NNG+하/XSV+고/EC+그렇게/MAG+즉시/MAG+수강/NNG+이/JKS+어려우/VA+신/EP+ETM+경우/NNG+를/JKO+대비/NNG+해서/XSV+EC+VCP+VCP+요/EC"
          },
          {
            "id": 8,
            "text": "A.결제일로부터 7일째 되는 날을 기본 수강 시작일로 지정하고 있습니다",
            "norm_text": "A.결제일로부터 7일째 되는 날을 기본 수강 시작일로 지정하고 있습니다",
            "speaker": {
              "id": "A",
              "sex": "여성",
              "age": "2그룹(30대~40대)"
            },
            "speechAct": "진술하기",
            "morpheme": "A/SL+./SY+결제/NNG+일/NNG+로부터/JKB+7/SN+일/NNBC+째/XSN+되/VV+는/ETM+날/NNG+을/JKO+기본/NNG+수강/NNG+시작/NNG+일/NNG+로/JKB+지정/NNG+하/XSV+고/EC+있/VX+습니다/EF"
          },
          {
            "id": 9,
            "text": "B.네 수강 기간은 그러면 언제까지 되는건가요",
            "norm_text": "B.네 수강 기간은 그러면 언제까지 되는건가요",
            "speaker": {
              "id": "B",
              "sex": "남성",
              "age": "2그룹(30대~40대)"
            },
            "speechAct": "질문하기",
            "morpheme": "B/SL+네/IC+수강/NNG+기간/NNG+은/JX+그러면/MAJ+언제/NP+까지/JX+되/VV+는/ETM+건가요/NNB+VCP+EC"
          },
          {
            "id": 10,
            "text": "A.예 수강 기간은 수강 시작 후 12개월입니다",
            "norm_text": "A.예 수강 기간은 수강 시작 후 12개월입니다",
            "speaker": {
              "id": "A",
              "sex": "여성",
              "age": "2그룹(30대~40대)"
            },
            "speechAct": "진술하기",
            "morpheme": "A/SL+예/IC+수강/NNG+기간/NNG+은/JX+수강/NNG+시작/NNG+후/NNG+12/SN+개월/NNBC+입니다/VCP+EC"
          },
          {
            "id": 11,
            "text": "B.네 친절한 설명 감사드립니다",
            "norm_text": "B.네 친절한 설명 감사드립니다",
            "speaker": {
              "id": "B",
              "sex": "남성",
              "age": "2그룹(30대~40대)"
            },
            "speechAct": "감사하기",
            "morpheme": "B/SL+네/IC+친절/NNG+한/XSA+ETM+설명/NNG+감사/NNG+드립니다/VV+EC"
          },
          {
            "id": 12,
            "text": "A.좋은 하루 보내세요 상담원 #@이름#이었습니다",
            "norm_text": "A.좋은 하루 보내세요 상담원 #@이름#이었습니다",
            "speaker": {
              "id": "A",
              "sex": "여성",
              "age": "2그룹(30대~40대)"
            },
            "speechAct": "인사하기",
            "morpheme": "A/SL+좋/VA+은/ETM+하루/NNG+보내/VV+세요/EP+EF+상담원/NNG+#/SY+@/SY+이름/NNG+#/SY+이/VCP+었/EP+습니다/EF"
          }
        ]
      }
    }
  ]
}