{
  "dataset": {
    "identifier": 139701,
    "name": "e1_20211115_0006_0255_01",
    "src_path": "/data/file/cubeManager/PROJECT018/91/txt20211110140003019269/e1_20211115_0006_0255_01/",
    "label_path": "/data/file/cubeManager/PROJECT018/91/txt20211110140003019269/e1_20211115_0006_0255_01/",
    "category": 2,
    "type": 0
  },
  "licenses": {
    "name": "Apache License 1.0",
    "url": "http://www.apache.org/licenses/LICENSE-1.0"
  },
  "info": [
    {
      "id": 157716,
      "filename": "e1_0066_0068_02.txt",
      "title": "e1_0066_0068_02",
      "mediatype": "콜센터",
      "medianame": "콜센터",
      "category": "목적대화",
      "date": "2021-11-10",
      "size": 335,
      "annotations": {
        "subject": "프로그램 문의",
        "speaker_type": "1:1",
        "size": 335,
        "word_size": 77,
        "text": "A. 안녕하세요 #@소속# #@이름# 상담사입니다\nB. 네 수고하십니다 물어볼게 있는데요\nB. 지금 강의 듣다가 문의사항이 생겼는데 어디에다 연락해야하죠\nA. 수강중인 학습과정에 대한 문의 말씀하시는거죠\nB. 아니요 그거 말고 다른 문의사항인데요\nA. 기타 문의사항은 학습지원센터 묻고답하기에 문의글을 남겨주시겠어요\nB. 네 알겠습니다 거기에 남길게요\nA. 네 다른 문의사항 있으실까요\nB. 아뇨 없는데요 혹시 운영자랑 통화해서 물어보고 싶을때도 문의글로만 남겨야하나요\nA. 그럴 경우엔 #@전번#으로 연락 부탁드리겠습니다\nB. 아 네 알겠어요 감사합니다\nA. 오늘 하루 마무리 잘 하시길 바랍니다 #@이름# 이였습니다",
        "lines": [
          {
            "id": 1,
            "text": "A. 안녕하세요 #@소속# #@이름# 상담사입니다",
            "norm_text": "A. 안녕하세요 #@소속# #@이름# 상담사입니다",
            "speaker": {
              "id": "A",
              "sex": "여성",
              "age": "1그룹(10대~20대)"
            },
            "speechAct": "인사하기",
            "morpheme": "A/SL+./SY+안녕/NNG+하/XSV+세요/EP+EF+#/SY+@/SY+소속/NNG+#/SY+#/SY+@/SY+이름/NNG+#/SY+상담/NNG+사/NNG+입니다/VCP+EC"
          },
          {
            "id": 2,
            "text": "B. 네 수고하십니다 물어볼게 있는데요",
            "norm_text": "B. 네 수고하십니다 물어볼게 있는데요",
            "speaker": {
              "id": "B",
              "sex": "남성",
              "age": "1그룹(10대~20대)"
            },
            "speechAct": "진술하기",
            "morpheme": "B/SL+네/IC+수고/NNG+하/XSV+십니다/EP+EF+물어볼/VV+ETM+게/NNB+JKS+있/VA+는데요/EC"
          },
          {
            "id": 3,
            "text": "B. 지금 강의 듣다가 문의사항이 생겼는데 어디에다 연락해야하죠",
            "norm_text": "B. 지금 강의 듣다가 문의사항이 생겼는데 어디에다 연락해야하죠",
            "speaker": {
              "id": "B",
              "sex": "남성",
              "age": "1그룹(10대~20대)"
            },
            "speechAct": "질문하기",
            "morpheme": "B/SL+지금/MAG+강의/NNG+듣/VV+다가/EC+문/NNG+의/JKG+사항/NNG+이/JKS+생겼/VV+EP+는데/EC+어디/NP+에다/JKB+연락/NNG+해야/XSV+EC+하/VX+죠/EF"
          },
          {
            "id": 4,
            "text": "A. 수강중인 학습과정에 대한 문의 말씀하시는거죠",
            "norm_text": "A. 수강중인 학습과정에 대한 문의 말씀하시는거죠",
            "speaker": {
              "id": "A",
              "sex": "여성",
              "age": "1그룹(10대~20대)"
            },
            "speechAct": "질문하기",
            "morpheme": "A/SL+./SY+수강/NNG+중/NNB+인/VCP+ETM+학습/NNG+과정/NNG+에/JKB+대한문/NNG+의/JKG+말씀/NNG+하/XSV+시/EP+는/ETM+거/NNB+죠/VCP+EC"
          },
          {
            "id": 5,
            "text": "B. 아니요 그거 말고 다른 문의사항인데요",
            "norm_text": "B. 아니요 그거 말고 다른 문의사항인데요",
            "speaker": {
              "id": "B",
              "sex": "남성",
              "age": "1그룹(10대~20대)"
            },
            "speechAct": "진술하기",
            "morpheme": "B/SL+아니요/IC+그거/NP+말/VV+고/EC+다른/MM+문/NNG+의/JKG+사항/NNG+인데요/VCP+EC"
          },
          {
            "id": 6,
            "text": "A. 기타 문의사항은 학습지원센터 묻고답하기에 문의글을 남겨주시겠어요",
            "norm_text": "A. 기타 문의사항은 학습지원센터 묻고답하기에 문의글을 남겨주시겠어요",
            "speaker": {
              "id": "A",
              "sex": "여성",
              "age": "1그룹(10대~20대)"
            },
            "speechAct": "부탁하기",
            "morpheme": "A/SL+기/ETN+타문/NNG+의/JKG+사항/NNG+은/JX+학습/NNG+지원/NNG+센터/NNG+묻/VV+고/EC+답/NNG+하/XSV+기/ETN+에/JKB+문/NNG+의/JKG+글/NNG+을/JKO+남겨/VV+EC+주/VX+시/EP+겠/EP+어요/EF"
          },
          {
            "id": 7,
            "text": "B. 네 알겠습니다 거기에 남길게요",
            "norm_text": "B. 네 알겠습니다 거기에 남길게요",
            "speaker": {
              "id": "B",
              "sex": "남성",
              "age": "1그룹(10대~20대)"
            },
            "speechAct": "진술하기",
            "morpheme": "B/SL+네/IC+알/VV+겠/EP+습니다/EF+거기/NP+에/JKB+남길/VV+ETM+게요/NNB+VCP+EC"
          },
          {
            "id": 8,
            "text": "A. 네 다른 문의사항 있으실까요",
            "norm_text": "A. 네 다른 문의사항 있으실까요",
            "speaker": {
              "id": "A",
              "sex": "여성",
              "age": "1그룹(10대~20대)"
            },
            "speechAct": "질문하기",
            "morpheme": "A/SL+네/IC+다른/MM+문/NNG+의/JKG+사항/NNG+있/VV+으실까/EP+EP+EF+요/MM"
          },
          {
            "id": 9,
            "text": "B. 아뇨 없는데요 혹시 운영자랑 통화해서 물어보고 싶을때도 문의글로만 남겨야하나요",
            "norm_text": "B.혹시 운영자랑 통화해서 물어보고 싶을때도 문의글로만 남겨야하나요",
            "speaker": {
              "id": "B",
              "sex": "남성",
              "age": "1그룹(10대~20대)"
            },
            "speechAct": "질문하기",
            "morpheme": "B/SL+혹시/MAG+운영/NNG+자랑/NNG+통화/NNG+해서/XSV+EC+물/VV+어/EC+보/VX+고/EC+싶/VX+을/ETM+때/NNG+도문/NNG+의/JKG+글/NNG+로/JKB+만/JX+남겨야/VV+EC+하/VV+나요/EC"
          },
          {
            "id": 10,
            "text": "A. 그럴 경우엔 #@전번#으로 연락 부탁드리겠습니다",
            "norm_text": "A. 그럴 경우엔 #@전번#으로 연락 부탁드리겠습니다",
            "speaker": {
              "id": "A",
              "sex": "여성",
              "age": "1그룹(10대~20대)"
            },
            "speechAct": "부탁하기",
            "morpheme": "A/SL+그럴/VV+ETM+경우/NNG+엔/JKB+JX+#/SY+@/SY+전번/NNG+#/SY+으로/JKB+연락/NNG+부탁/NNG+드리/VV+겠/EP+습니다/EF"
          },
          {
            "id": 11,
            "text": "B. 아 네 알겠어요 감사합니다",
            "norm_text": "B. 아 네 알겠어요 감사합니다",
            "speaker": {
              "id": "B",
              "sex": "남성",
              "age": "1그룹(10대~20대)"
            },
            "speechAct": "감사하기",
            "morpheme": "B/SL+아/IC+네/IC+알/VV+겠/EP+어요/EF+감사/NNG+합니다/XSV+EC"
          },
          {
            "id": 12,
            "text": "A. 오늘 하루 마무리 잘 하시길 바랍니다 #@이름# 이였습니다",
            "norm_text": "A. 오늘 하루 마무리 잘 하시길 바랍니다 #@이름# 이였습니다",
            "speaker": {
              "id": "A",
              "sex": "여성",
              "age": "1그룹(10대~20대)"
            },
            "speechAct": "인사하기",
            "morpheme": "A/SL+오늘/MAG+하루/NNG+마무리/NNG+잘/MAG+하/VV+시/EP+길/ETN+JKO+바랍니다/VV+EF+#/SY+@/SY+이름/NNG+#/SY+이/VCP+였/EP+습니다/EF"
          }
        ]
      }
    }
  ]
}