{
  "dataset": {
    "identifier": 141046,
    "name": "e1_20211115_0006_0703_01",
    "src_path": "/data/file/cubeManager/PROJECT018/91/txt20211110140013038540/e1_20211115_0006_0703_01/",
    "label_path": "/data/file/cubeManager/PROJECT018/91/txt20211110140013038540/e1_20211115_0006_0703_01/",
    "category": 2,
    "type": 0
  },
  "licenses": {
    "name": "Apache License 1.0",
    "url": "http://www.apache.org/licenses/LICENSE-1.0"
  },
  "info": [
    {
      "id": 158949,
      "filename": "e1_0071_0145_02.txt",
      "title": "e1_0071_0145_02",
      "mediatype": "콜센터",
      "medianame": "콜센터",
      "category": "목적대화",
      "date": "2021-11-10",
      "size": 341,
      "annotations": {
        "subject": "프로그램 문의",
        "speaker_type": "1:1",
        "size": 341,
        "word_size": 80,
        "text": "A.행복한 하루 시작입니다 #@소속# 상담원 #@이름# 입니다\nB.아이가 어떤 강좌를 들어야할지 모르겠다고 하네요\nA.네 고객님 자녀분께서 몇 학년 이신가요\nB.아 고등학교 1학년이예요\nA.개인별 등급이나 학습 수준에 적합한 강좌를 수강할 수 있는데요\nA.사이트 상단에 전체강좌에서 맞춤 강좌 추천을 통해 확인하시면 되세요\nB.잠시만요 지금 한 번 볼께요 아 맞춤 강좌있네요\nA.네 거기서 모의고사 등급 입력 하시고 서비스 이용이 가능하세요\nB.아이한테 알려줘보고 혹시 모르면 다시 전화할께요\nA.네 고객님 다른 문의 사항은 없으실까요\nB.네 지금은 없어요 수고해요 아가씨\nA.코로나에 건강 유의하세요 상담원 #@이름# 이었습니다",
        "lines": [
          {
            "id": 1,
            "text": "A.행복한 하루 시작입니다 #@소속# 상담원 #@이름# 입니다",
            "norm_text": "A.행복한 하루 시작입니다 #@소속# 상담원 #@이름# 입니다",
            "speaker": {
              "id": "A",
              "sex": "여성",
              "age": "2그룹(30대~40대)"
            },
            "speechAct": "인사하기",
            "morpheme": "A/SL+./SY+행복/NNG+한/XSA+ETM+하루/NNG+시작/NNG+입니다/VCP+EF+#/SY+@/SY+소속/NNG+#/SY+상담원/NNG+#/SY+@/SY+이름/NNG+#/SY+입니다/VCP+EC"
          },
          {
            "id": 2,
            "text": "B.아이가 어떤 강좌를 들어야할지 모르겠다고 하네요",
            "norm_text": "B.아이가 어떤 강좌를 들어야할지 모르겠다고 하네요",
            "speaker": {
              "id": "B",
              "sex": "남성",
              "age": "2그룹(30대~40대)"
            },
            "speechAct": "진술하기",
            "morpheme": "B/SL+./SY+아이/NNG+가/JKS+어떤/MM+강좌/NNG+를/JKO+들어야/VV+EC+할지/VX+EC+모르/VV+겠/EP+다고/EC+하/VV+네요/EC"
          },
          {
            "id": 3,
            "text": "A.네 고객님 자녀분께서 몇 학년 이신가요",
            "norm_text": "A.네 고객님 자녀분께서 몇 학년 이신가요",
            "speaker": {
              "id": "A",
              "sex": "여성",
              "age": "2그룹(30대~40대)"
            },
            "speechAct": "질문하기",
            "morpheme": "A/SL+네/IC+고객/NNG+님/XSN+자녀/NNG+분/XSN+께서/JKS+몇/MM+학년/NNG+이/VCP+신가요/EP+EC"
          },
          {
            "id": 4,
            "text": "B.아 고등학교 1학년이예요",
            "norm_text": "B.아 고등학교 1학년이예요",
            "speaker": {
              "id": "B",
              "sex": "남성",
              "age": "2그룹(30대~40대)"
            },
            "speechAct": "진술하기",
            "morpheme": "B/SL+아/IC+고등/NNG+학교/NNG+1/SN+학년/NNG+이/VCP+예요/EC"
          },
          {
            "id": 5,
            "text": "A.개인별 등급이나 학습 수준에 적합한 강좌를 수강할 수 있는데요",
            "norm_text": "A.개인별 등급이나 학습 수준에 적합한 강좌를 수강할 수 있는데요",
            "speaker": {
              "id": "A",
              "sex": "여성",
              "age": "2그룹(30대~40대)"
            },
            "speechAct": "진술하기",
            "morpheme": "A/SL+./SY+개인/NNG+별/XSN+등급/NNG+이나/JC+학습/NNG+수준/NNG+에/JKB+적합/XR+한/XSA+ETM+강좌/NNG+를/JKO+수강/NNG+할/XSV+ETM+수/NNB+있/VV+는데요/EC"
          },
          {
            "id": 6,
            "text": "A.사이트 상단에 전체강좌에서 맞춤 강좌 추천을 통해 확인하시면 되세요",
            "norm_text": "A.사이트 상단에 전체강좌에서 맞춤 강좌 추천을 통해 확인하시면 되세요",
            "speaker": {
              "id": "A",
              "sex": "여성",
              "age": "2그룹(30대~40대)"
            },
            "speechAct": "진술하기",
            "morpheme": "A/SL+./SY+사이트/NNG+상단/NNG+에/JKB+전체/NNG+강좌/NNG+에서/JKB+맞춤/VV+EC+강좌/NNG+추천/NNG+을/JKO+통해/VV+EC+확인/NNG+하/XSV+시/EP+면/EC+되/VV+세요/EP+EF"
          },
          {
            "id": 7,
            "text": "B.잠시만요 지금 한 번 볼께요 아 맞춤 강좌있네요",
            "norm_text": "B.잠시만요 지금 한 번 볼께요 아 맞춤 강좌있네요",
            "speaker": {
              "id": "B",
              "sex": "남성",
              "age": "2그룹(30대~40대)"
            },
            "speechAct": "진술하기",
            "morpheme": "B/SL+./SY+잠시/NNG+만/JX+요/JX+지금/MAG+한/MM+번/NNBC+볼/VV+께요/EF+아/IC+맞춤/NNG+강좌/NNG+있/VV+네요/EC"
          },
          {
            "id": 8,
            "text": "A.네 거기서 모의고사 등급 입력 하시고 서비스 이용이 가능하세요",
            "norm_text": "A.네 거기서 모의고사 등급 입력 하시고 서비스 이용이 가능하세요",
            "speaker": {
              "id": "A",
              "sex": "여성",
              "age": "2그룹(30대~40대)"
            },
            "speechAct": "진술하기",
            "morpheme": "A/SL+네/IC+거기/NP+서/JKB+모의고사/NNG+등급/NNG+입력/NNG+하/XSV+시/EP+고/EC+서비스/NNG+이용/NNG+이/JKS+가능/NNG+하/XSV+세요/EP+EF"
          },
          {
            "id": 9,
            "text": "B.아이한테 알려줘보고 혹시 모르면 다시 전화할께요",
            "norm_text": "B.아이한테 알려줘보고 혹시 모르면 다시 전화할께요",
            "speaker": {
              "id": "B",
              "sex": "남성",
              "age": "2그룹(30대~40대)"
            },
            "speechAct": "약속하기(개인적 수준의 서약)",
            "morpheme": "B/SL+./SY+아이/NNG+한테/JKB+알려줘/VV+EC+VX+EC+보/VX+고/EC+혹시/MAG+모르/VV+면/EC+다시/MAG+전화/NNG+할께요/XSV+EF"
          },
          {
            "id": 10,
            "text": "A.네 고객님 다른 문의 사항은 없으실까요",
            "norm_text": "A.네 고객님 다른 문의 사항은 없으실까요",
            "speaker": {
              "id": "A",
              "sex": "여성",
              "age": "2그룹(30대~40대)"
            },
            "speechAct": "질문하기",
            "morpheme": "A/SL+네/IC+고객/NNG+님/XSN+다른/MM+문/NNG+의/JKG+사항/NNG+은/JX+없/VA+으실까/EP+EP+EF+요/MM"
          },
          {
            "id": 11,
            "text": "B.네 지금은 없어요 수고해요 아가씨",
            "norm_text": "B.네 지금은 없어요 수고해요 아가씨",
            "speaker": {
              "id": "B",
              "sex": "남성",
              "age": "2그룹(30대~40대)"
            },
            "speechAct": "인사하기",
            "morpheme": "B/SL+네/IC+지금/MAG+은/JX+없/VA+어요/EF+수고/NNG+해요/XSV+EF+아가씨/NNG"
          },
          {
            "id": 12,
            "text": "A.코로나에 건강 유의하세요 상담원 #@이름# 이었습니다",
            "norm_text": "A.코로나에 건강 유의하세요 상담원 #@이름# 이었습니다",
            "speaker": {
              "id": "A",
              "sex": "여성",
              "age": "2그룹(30대~40대)"
            },
            "speechAct": "인사하기",
            "morpheme": "A/SL+./SY+코로나/NNG+에/JKB+건강/NNG+유의/NNG+하/XSV+세요/EP+EF+상담원/NNG+#/SY+@/SY+이름/NNG+#/SY+이/VCP+었/EP+습니다/EF"
          }
        ]
      }
    }
  ]
}