{
  "dataset": {
    "identifier": 141045,
    "name": "e1_20211115_0006_0702_01",
    "src_path": "/data/file/cubeManager/PROJECT018/91/txt20211110140013037659/e1_20211115_0006_0702_01/",
    "label_path": "/data/file/cubeManager/PROJECT018/91/txt20211110140013037659/e1_20211115_0006_0702_01/",
    "category": 2,
    "type": 0
  },
  "licenses": {
    "name": "Apache License 1.0",
    "url": "http://www.apache.org/licenses/LICENSE-1.0"
  },
  "info": [
    {
      "id": 158948,
      "filename": "e1_0071_0144_02.txt",
      "title": "e1_0071_0144_02",
      "mediatype": "콜센터",
      "medianame": "콜센터",
      "category": "목적대화",
      "date": "2021-11-10",
      "size": 278,
      "annotations": {
        "subject": "프로그램 문의",
        "speaker_type": "1:1",
        "size": 278,
        "word_size": 67,
        "text": "A.좋은 아침입니다 #@소속# 상담원 #@이름# 입니다\nB.#@상품# 결제 했는데요 전 학년 강좌 들을수 있는거 맞죠\nA.네 고객님 전 학년의 강좌를 모두 제공됩니다\nB.강좌 듣다가 판매 중지되면 수강은 계속할 수 있나요\nA.판매 중지가 되면 판매 중지일로부터 30일간만 수강이 가능합니다\nB.아 그렇군요 아이가 첨삭 강좌나 특별 제공 강좌도 들을 수 있나 물어보라네요\nA.#@상품#은 첨삭 강좌나 특별 제공 강좌는 제공되지 않습니다\nB.그렇군요 잘 알겠어요\nA.즐거운 하루 보내세요 상담원 #@이름# 이었습니다",
        "lines": [
          {
            "id": 1,
            "text": "A.좋은 아침입니다 #@소속# 상담원 #@이름# 입니다",
            "norm_text": "A.좋은 아침입니다 #@소속# 상담원 #@이름# 입니다",
            "speaker": {
              "id": "A",
              "sex": "여성",
              "age": "2그룹(30대~40대)"
            },
            "speechAct": "인사하기",
            "morpheme": "A/SL+좋/VA+은/ETM+아침/NNG+입니다/VCP+EF+#/SY+@/SY+소속/NNG+#/SY+상담원/NNG+#/SY+@/SY+이름/NNG+#/SY+입니다/VCP+EC"
          },
          {
            "id": 2,
            "text": "B.#@상품# 결제 했는데요 전 학년 강좌 들을수 있는거 맞죠",
            "norm_text": "B.#@상품# 결제 했는데요 전 학년 강좌 들을수 있는거 맞죠",
            "speaker": {
              "id": "B",
              "sex": "남성",
              "age": "2그룹(30대~40대)"
            },
            "speechAct": "질문하기",
            "morpheme": "B/SL+./SY+#/SY+@/SY+상품/NNG+#/SY+결제/NNG+했/XSV+EP+는데요/EF+전/MM+학년/NNG+강좌/NNG+들/XSN+을/JKO+수/NNB+있/VV+는/ETM+거/NNB+맞/VV+죠/EC"
          },
          {
            "id": 3,
            "text": "A.네 고객님 전 학년의 강좌를 모두 제공됩니다",
            "norm_text": "A.네 고객님 전 학년의 강좌를 모두 제공됩니다",
            "speaker": {
              "id": "A",
              "sex": "여성",
              "age": "2그룹(30대~40대)"
            },
            "speechAct": "진술하기",
            "morpheme": "A/SL+네/IC+고객/NNG+님/XSN+전/NNG+학년/NNG+의/JKG+강좌/NNG+를/JKO+모두/MAG+제공/NNG+됩니다/XSV+EC"
          },
          {
            "id": 4,
            "text": "B.강좌 듣다가 판매 중지되면 수강은 계속할 수 있나요",
            "norm_text": "B.강좌 듣다가 판매 중지되면 수강은 계속할 수 있나요",
            "speaker": {
              "id": "B",
              "sex": "남성",
              "age": "2그룹(30대~40대)"
            },
            "speechAct": "질문하기",
            "morpheme": "B/SL+./SY+강좌/NNG+듣/VV+다가/EC+판매/NNG+중지/NNG+되/XSV+면/EC+수강/NNG+은/JX+계속/NNG+할/XSV+ETM+수/NNB+있/VV+나요/EC"
          },
          {
            "id": 5,
            "text": "A.판매 중지가 되면 판매 중지일로부터 30일간만 수강이 가능합니다",
            "norm_text": "A.판매 중지가 되면 판매 중지일로부터 30일간만 수강이 가능합니다",
            "speaker": {
              "id": "A",
              "sex": "여성",
              "age": "2그룹(30대~40대)"
            },
            "speechAct": "진술하기",
            "morpheme": "A/SL+./SY+판매/NNG+중지/NNG+가/JKS+되/VV+면/EC+판매/NNG+중/NNB+지일/NNG+로부터/JKB+30/SN+일/NNBC+간/NNG+만/JX+수강/NNG+이/JKS+가능/NNG+합니다/XSV+EC"
          },
          {
            "id": 6,
            "text": "B.아 그렇군요 아이가 첨삭 강좌나 특별 제공 강좌도 들을 수 있나 물어보라네요",
            "norm_text": "B.아 그렇군요 아이가 첨삭 강좌나 특별 제공 강좌도 들을 수 있나 물어보라네요",
            "speaker": {
              "id": "B",
              "sex": "남성",
              "age": "2그룹(30대~40대)"
            },
            "speechAct": "진술하기",
            "morpheme": "B/SL+아/IC+그렇/VA+군요/EC+아이/NNG+가/JKS+첨삭/NNG+강좌/NNG+나/JC+특별/NNG+제공/NNG+강좌/NNG+도/JX+들/VV+을/ETM+수/NNB+있/VV+나/EC+물/VV+어/EC+보/VX+라네요/EC"
          },
          {
            "id": 7,
            "text": "A.#@상품#은 첨삭 강좌나 특별 제공 강좌는 제공되지 않습니다",
            "norm_text": "A.#@상품#은 첨삭 강좌나 특별 제공 강좌는 제공되지 않습니다",
            "speaker": {
              "id": "A",
              "sex": "여성",
              "age": "2그룹(30대~40대)"
            },
            "speechAct": "진술하기",
            "morpheme": "A/SL+./SY+#/SY+@/SY+상품/NNG+#/SY+은/JX+첨삭/NNG+강좌/NNG+나/JC+특별/NNG+제공/NNG+강좌/NNG+는/JX+제공/NNG+되/XSV+지/EC+않/VX+습니다/EF"
          },
          {
            "id": 8,
            "text": "B.그렇군요 잘 알겠어요",
            "norm_text": "B.그렇군요 잘 알겠어요",
            "speaker": {
              "id": "B",
              "sex": "남성",
              "age": "2그룹(30대~40대)"
            },
            "speechAct": "진술하기",
            "morpheme": "B/SL+그렇/VA+군요/EF+잘/MAG+알/VV+겠/EP+어요/EF"
          },
          {
            "id": 9,
            "text": "A.즐거운 하루 보내세요 상담원 #@이름# 이었습니다",
            "norm_text": "A.즐거운 하루 보내세요 상담원 #@이름# 이었습니다",
            "speaker": {
              "id": "A",
              "sex": "여성",
              "age": "2그룹(30대~40대)"
            },
            "speechAct": "인사하기",
            "morpheme": "A/SL+즐거운/VA+ETM+하루/NNG+보내/VV+세요/EP+EF+상담원/NNG+#/SY+@/SY+이름/NNG+#/SY+이/VCP+었/EP+습니다/EF"
          }
        ]
      }
    }
  ]
}