{
  "dataset": {
    "identifier": 140206,
    "name": "e1_20211115_0006_0458_01",
    "src_path": "/data/file/cubeManager/PROJECT018/91/txt202111101400050202105/e1_20211115_0006_0458_01/",
    "label_path": "/data/file/cubeManager/PROJECT018/91/txt202111101400050202105/e1_20211115_0006_0458_01/",
    "category": 2,
    "type": 0
  },
  "licenses": {
    "name": "Apache License 1.0",
    "url": "http://www.apache.org/licenses/LICENSE-1.0"
  },
  "info": [
    {
      "id": 157933,
      "filename": "e1_0067_0074_02.txt",
      "title": "e1_0067_0074_02",
      "mediatype": "콜센터",
      "medianame": "콜센터",
      "category": "목적대화",
      "date": "2021-11-10",
      "size": 293,
      "annotations": {
        "subject": "프로그램 문의",
        "speaker_type": "1:1",
        "size": 293,
        "word_size": 78,
        "text": "A. 반갑습니다 #@소속# 상담원 #@이름# 입니다\nB. 네 독해 수업 관련해서 뭐 좀 여쭤볼게요\nA. 네 수업의 어떤 점 궁금하신가요\nB. 강의중이신 독해 교수님 어떤 분 계신가요\nA. 저희 #@소속#는 독해 교수님 두 분 강의중이시구요\nA. #@이름# 교수님과 #@이름# 교수님 계십니다\nB. 두 분 수업에 무슨 차이가 있나요\nA. #@이름# 교수님은 상위권반 전담이시구요\nA. #@이름# 교수님은 기초 다지기 위주의 강의를 해주세요\nB. 네 저한텐 어떤게 나을지 고민 좀 더 해볼게요\nA. 네 충분히 생각해보시고 언제든 문의 전화 주세요",
        "lines": [
          {
            "id": 1,
            "text": "A. 반갑습니다 #@소속# 상담원 #@이름# 입니다",
            "norm_text": "A. 반갑습니다 #@소속# 상담원 #@이름# 입니다",
            "speaker": {
              "id": "A",
              "sex": "여성",
              "age": "1그룹(10대~20대)"
            },
            "speechAct": "인사하기",
            "morpheme": "A/SL+반갑/VA+습니다/EF+#/SY+@/SY+소속/NNG+#/SY+상담원/NNG+#/SY+@/SY+이름/NNG+#/SY+입니다/VCP+EC"
          },
          {
            "id": 2,
            "text": "B. 네 독해 수업 관련해서 뭐 좀 여쭤볼게요",
            "norm_text": "B. 네 독해 수업 관련해서 뭐 좀 여쭤볼게요",
            "speaker": {
              "id": "B",
              "sex": "남성",
              "age": "1그룹(10대~20대)"
            },
            "speechAct": "진술하기",
            "morpheme": "B/SL+네/IC+독해/NNG+수업/NNG+관련/NNG+해서/XSV+EC+뭐/IC+좀/MAG+여쭤볼/VV+EC+VX+ETM+게요/NNB+VCP+EC"
          },
          {
            "id": 3,
            "text": "A. 네 수업의 어떤 점 궁금하신가요",
            "norm_text": "A. 네 수업의 어떤 점 궁금하신가요",
            "speaker": {
              "id": "A",
              "sex": "여성",
              "age": "1그룹(10대~20대)"
            },
            "speechAct": "질문하기",
            "morpheme": "A/SL+네/IC+수업/NNG+의/JKG+어떤/MM+점/NNB+궁금/XR+하/XSA+신가요/EP+EC"
          },
          {
            "id": 4,
            "text": "B. 강의중이신 독해 교수님 어떤 분 계신가요",
            "norm_text": "B. 강의중이신 독해 교수님 어떤 분 계신가요",
            "speaker": {
              "id": "B",
              "sex": "남성",
              "age": "1그룹(10대~20대)"
            },
            "speechAct": "질문하기",
            "morpheme": "B/SL+./SY+강의/NNG+중/NNB+이/VCP+신/EP+ETM+독해/NNG+교수/NNG+님/XSN+어떤/MM+분/NNB+계신/VV+ETM+가요/NNG"
          },
          {
            "id": 5,
            "text": "A. 저희 #@소속#는 독해 교수님 두 분 강의중이시구요",
            "norm_text": "A. 저희 #@소속#는 독해 교수님 두 분 강의중이시구요",
            "speaker": {
              "id": "A",
              "sex": "여성",
              "age": "1그룹(10대~20대)"
            },
            "speechAct": "진술하기",
            "morpheme": "A/SL+저희/NP+#/SY+@/SY+소속/NNG+#/SY+는/JX+독해/NNG+교수/NNG+님/XSN+두/MM+분/NNBC+강의/NNG+중/NNB+이/VCP+시/EP+구요/EF"
          },
          {
            "id": 6,
            "text": "A. #@이름# 교수님과 #@이름# 교수님 계십니다",
            "norm_text": "A. #@이름# 교수님과 #@이름# 교수님 계십니다",
            "speaker": {
              "id": "A",
              "sex": "여성",
              "age": "1그룹(10대~20대)"
            },
            "speechAct": "진술하기",
            "morpheme": "A/SL+./SY+#/SY+@/SY+이름/NNG+#/SY+교수/NNG+님/XSN+과/JC+#/SY+@/SY+이름/NNG+#/SY+교수/NNG+님/XSN+계십니다/VV+EC"
          },
          {
            "id": 7,
            "text": "B. 두 분 수업에 무슨 차이가 있나요",
            "norm_text": "B. 두 분 수업에 무슨 차이가 있나요",
            "speaker": {
              "id": "B",
              "sex": "남성",
              "age": "1그룹(10대~20대)"
            },
            "speechAct": "질문하기",
            "morpheme": "B/SL+두/MM+분/NNBC+수업/NNG+에/JKB+무슨/MM+차이/NNG+가/JKS+있/VA+나요/EC"
          },
          {
            "id": 8,
            "text": "A. #@이름# 교수님은 상위권반 전담이시구요",
            "norm_text": "A. #@이름# 교수님은 상위권반 전담이시구요",
            "speaker": {
              "id": "A",
              "sex": "여성",
              "age": "1그룹(10대~20대)"
            },
            "speechAct": "진술하기",
            "morpheme": "A/SL+./SY+#/SY+@/SY+이름/NNG+#/SY+교수/NNG+님/XSN+은/JX+상위/NNG+권/XSN+반/NNG+전담/NNG+이/VCP+시/EP+구요/EF"
          },
          {
            "id": 9,
            "text": "A. #@이름# 교수님은 기초 다지기 위주의 강의를 해주세요",
            "norm_text": "A. #@이름# 교수님은 기초 다지기 위주의 강의를 해주세요",
            "speaker": {
              "id": "A",
              "sex": "여성",
              "age": "1그룹(10대~20대)"
            },
            "speechAct": "진술하기",
            "morpheme": "A/SL+./SY+#/SY+@/SY+이름/NNG+#/SY+교수/NNG+님/XSN+은/JX+기초/NNG+다지기/NNG+위주/NNG+의/JKG+강의/NNG+를/JKO+해/VV+EC+주/VX+세요/EP+EF"
          },
          {
            "id": 10,
            "text": "B. 네 저한텐 어떤게 나을지 고민 좀 더 해볼게요",
            "norm_text": "B. 네 저한텐 어떤게 나을지 고민 좀 더 해볼게요",
            "speaker": {
              "id": "B",
              "sex": "남성",
              "age": "1그룹(10대~20대)"
            },
            "speechAct": "진술하기",
            "morpheme": "B/SL+네/IC+저/NP+한텐/JKB+JX+어떤/MM+게/NNB+JKS+나을지/VA+EC+고민/NNG+좀/MAG+더/MAG+해/VV+EC+볼게요/VX+EF"
          },
          {
            "id": 11,
            "text": "A. 네 충분히 생각해보시고 언제든 문의 전화 주세요",
            "norm_text": "A. 네 충분히 생각해보시고 언제든 문의 전화 주세요",
            "speaker": {
              "id": "A",
              "sex": "여성",
              "age": "1그룹(10대~20대)"
            },
            "speechAct": "명령하기/요구하기",
            "morpheme": "A/SL+네/IC+충분히/MAG+생각/NNG+해/XSV+EC+보/VX+시/EP+고/EC+언제/NP+든/VCP+EC+문/NNG+의/JKG+전화/NNG+주세요/NNP"
          }
        ]
      }
    }
  ]
}