{
  "dataset": {
    "identifier": 140516,
    "name": "e1_20211115_0006_0564_01",
    "src_path": "/data/file/cubeManager/PROJECT018/91/txt202111101400050939103/e1_20211115_0006_0564_01/",
    "label_path": "/data/file/cubeManager/PROJECT018/91/txt202111101400050939103/e1_20211115_0006_0564_01/",
    "category": 2,
    "type": 0
  },
  "licenses": {
    "name": "Apache License 1.0",
    "url": "http://www.apache.org/licenses/LICENSE-1.0"
  },
  "info": [
    {
      "id": 158038,
      "filename": "e1_0067_0179_02.txt",
      "title": "e1_0067_0179_02",
      "mediatype": "콜센터",
      "medianame": "콜센터",
      "category": "목적대화",
      "date": "2021-11-10",
      "size": 307,
      "annotations": {
        "subject": "프로그램 문의",
        "speaker_type": "1:1",
        "size": 307,
        "word_size": 82,
        "text": "A. 반갑습니다 꿈을 향한 #@소속# 상담원 #@이름#입니다\nB. 네 저 중3 강좌 좀 여쭤볼게 있어서요\nA. 네 궁금하신 부분 편하게 말씀해주세요\nB. 한국사 검정 시험도 강좌 있는지 궁금한데요\nA. 네 한국사 능력 검정 시험 심화과정 편성되있어요\nB. 아 혹시 선생님 성함 좀 알 수 있을까요\nA. 현재 #@이름# 선생님께서 강의 진행하십니다\nB. 네 수업 스타일이 궁금해서 그런데요\nB. 어떤 식으로 가르치시는지 정보 주실 수 있나요\nA. 해당 강좌에서 맛보기 영상 시청 가능하세요\nB. 아 알겠습니다 참고해서 볼게요\nA. 네 감사합니다 상담원 #@이름#이였습니다",
        "lines": [
          {
            "id": 1,
            "text": "A. 반갑습니다 꿈을 향한 #@소속# 상담원 #@이름#입니다",
            "norm_text": "A. 반갑습니다 꿈을 향한 #@소속# 상담원 #@이름#입니다",
            "speaker": {
              "id": "A",
              "sex": "여성",
              "age": "1그룹(10대~20대)"
            },
            "speechAct": "인사하기",
            "morpheme": "A/SL+반갑/VA+습니다/EF+꿈/NNG+을/JKO+향한/VV+ETM+#/SY+@/SY+소속/NNG+#/SY+상담원/NNG+#/SY+@/SY+이름/NNG+#/SY+입니다/VCP+EC"
          },
          {
            "id": 2,
            "text": "B. 네 저 중3 강좌 좀 여쭤볼게 있어서요",
            "norm_text": "B. 네 저 중3 강좌 좀 여쭤볼게 있어서요",
            "speaker": {
              "id": "B",
              "sex": "남성",
              "age": "1그룹(10대~20대)"
            },
            "speechAct": "진술하기",
            "morpheme": "B/SL+네/IC+저/MM+중/NNB+3/SN+강좌/NNG+좀/MAG+여쭤볼/VV+EC+VX+ETM+게/NNB+JKS+있/VA+어서요/EC"
          },
          {
            "id": 3,
            "text": "A. 네 궁금하신 부분 편하게 말씀해주세요",
            "norm_text": "A. 네 궁금하신 부분 편하게 말씀해주세요",
            "speaker": {
              "id": "A",
              "sex": "여성",
              "age": "1그룹(10대~20대)"
            },
            "speechAct": "명령하기/요구하기",
            "morpheme": "A/SL+네/IC+궁금/XR+하/XSA+신/EP+ETM+부분/NNG+편하/VA+게/EC+말씀/NNG+해/XSV+EC+주/VX+세요/EP+EF"
          },
          {
            "id": 4,
            "text": "B. 한국사 검정 시험도 강좌 있는지 궁금한데요",
            "norm_text": "B. 한국사 검정 시험도 강좌 있는지 궁금한데요",
            "speaker": {
              "id": "B",
              "sex": "남성",
              "age": "1그룹(10대~20대)"
            },
            "speechAct": "진술하기",
            "morpheme": "B/SL+./SY+한국사/NNP+검정/NNG+시험/NNG+도/JX+강좌/NNG+있/VV+는지/EC+궁금/XR+한데요/XSA+EC"
          },
          {
            "id": 5,
            "text": "A. 네 한국사 능력 검정 시험 심화과정 편성되있어요",
            "norm_text": "A. 네 한국사 능력 검정 시험 심화과정 편성되있어요",
            "speaker": {
              "id": "A",
              "sex": "여성",
              "age": "1그룹(10대~20대)"
            },
            "speechAct": "진술하기",
            "morpheme": "A/SL+네/IC+한국사/NNP+능력/NNG+검정/NNG+시험/NNG+심화/NNG+과정/NNG+편성/NNG+되/XSV+EC+있/VX+어요/EF"
          },
          {
            "id": 6,
            "text": "B. 아 혹시 선생님 성함 좀 알 수 있을까요",
            "norm_text": "B. 아 혹시 선생님 성함 좀 알 수 있을까요",
            "speaker": {
              "id": "B",
              "sex": "남성",
              "age": "1그룹(10대~20대)"
            },
            "speechAct": "질문하기",
            "morpheme": "B/SL+아/IC+혹시/MAG+선생/NNG+님/XSN+성함/NNG+좀/MAG+알/VV+ETM+수/NNB+있/VV+을까요/EC"
          },
          {
            "id": 7,
            "text": "A. 현재 #@이름# 선생님께서 강의 진행하십니다",
            "norm_text": "A. 현재 #@이름# 선생님께서 강의 진행하십니다",
            "speaker": {
              "id": "A",
              "sex": "여성",
              "age": "1그룹(10대~20대)"
            },
            "speechAct": "진술하기",
            "morpheme": "A/SL+현재/MAG+#/SY+@/SY+이름/NNG+#/SY+선생/NNG+님/XSN+께서/JKS+강의/NNG+진행/NNG+하/XSV+십니다/EP+EC"
          },
          {
            "id": 8,
            "text": "B. 네 수업 스타일이 궁금해서 그런데요",
            "norm_text": "B. 네 수업 스타일이 궁금해서 그런데요",
            "speaker": {
              "id": "B",
              "sex": "남성",
              "age": "1그룹(10대~20대)"
            },
            "speechAct": "진술하기",
            "morpheme": "B/SL+네/IC+수업/NNG+스타일/NNG+이/JKS+궁금/XR+해서/XSA+EC+그런데요/VV+EC"
          },
          {
            "id": 9,
            "text": "B. 어떤 식으로 가르치시는지 정보 주실 수 있나요",
            "norm_text": "B. 어떤 식으로 가르치시는지 정보 주실 수 있나요",
            "speaker": {
              "id": "B",
              "sex": "남성",
              "age": "1그룹(10대~20대)"
            },
            "speechAct": "질문하기",
            "morpheme": "B/SL+어떤/MM+식/NNB+으로/JKB+가르치/VV+시/EP+는지/EC+정보/NNG+주/VV+실/EP+ETM+수/NNB+있/VV+나요/EC"
          },
          {
            "id": 10,
            "text": "A. 해당 강좌에서 맛보기 영상 시청 가능하세요",
            "norm_text": "A. 해당 강좌에서 맛보기 영상 시청 가능하세요",
            "speaker": {
              "id": "A",
              "sex": "여성",
              "age": "1그룹(10대~20대)"
            },
            "speechAct": "진술하기",
            "morpheme": "A/SL+./SY+해당/NNG+강좌/NNG+에서/JKB+맛보/VV+기/ETN+영상/NNG+시청/NNG+가능/NNG+하/XSV+세요/EP+EF"
          },
          {
            "id": 11,
            "text": "B. 아 알겠습니다 참고해서 볼게요",
            "norm_text": "B. 아 알겠습니다 참고해서 볼게요",
            "speaker": {
              "id": "B",
              "sex": "남성",
              "age": "1그룹(10대~20대)"
            },
            "speechAct": "진술하기",
            "morpheme": "B/SL+아/IC+알/VV+겠/EP+습니다/EF+참고/NNG+해서/XSV+EC+볼게요/VX+EF"
          },
          {
            "id": 12,
            "text": "A. 네 감사합니다 상담원 #@이름#이였습니다",
            "norm_text": "A. 네 감사합니다 상담원 #@이름#이였습니다",
            "speaker": {
              "id": "A",
              "sex": "여성",
              "age": "1그룹(10대~20대)"
            },
            "speechAct": "인사하기",
            "morpheme": "A/SL+네/IC+감사/NNG+합니다/XSV+EF+상담원/NNG+#/SY+@/SY+이름/NNG+#/SY+이/VCP+였/EP+습니다/EF"
          }
        ]
      }
    }
  ]
}