{
  "dataset": {
    "identifier": 139867,
    "name": "e1_20211115_0006_0360_01",
    "src_path": "/data/file/cubeManager/PROJECT018/91/txt202111101400040481109/e1_20211115_0006_0360_01/",
    "label_path": "/data/file/cubeManager/PROJECT018/91/txt202111101400040481109/e1_20211115_0006_0360_01/",
    "category": 2,
    "type": 0
  },
  "licenses": {
    "name": "Apache License 1.0",
    "url": "http://www.apache.org/licenses/LICENSE-1.0"
  },
  "info": [
    {
      "id": 157836,
      "filename": "e1_0066_0188_02.txt",
      "title": "e1_0066_0188_02",
      "mediatype": "콜센터",
      "medianame": "콜센터",
      "category": "목적대화",
      "date": "2021-11-10",
      "size": 273,
      "annotations": {
        "subject": "프로그램 문의",
        "speaker_type": "1:1",
        "size": 273,
        "word_size": 59,
        "text": "A.#@소속#에서 전화받은 #@이름# 상담원입니다\nB.저한테 적합한 교재를 추천받고 싶어서 연락드렸어요\nA.아 그러시군요 혹시 생각한 교재는 있으신가요\nB.네 시니어 교재로 생각중이에요\nA.일상 생활회화를 어느 정도 하시는지 말씀해주실 수 있을까요\nB.아니요 아예 못해요\nA.그러시면 시니어 그린 과정을 추천드립니다\nB.쉽게 도전할 수 있을까요\nA.네 간단한 표현 위주로 작성이 되어있고 각종 관용어구도 있어서요\nB.아 그럼 저한테 딱이겠네요 참고할게요 감사해요\nA.지금까지 #@소속# #@이름# 이었습니다",
        "lines": [
          {
            "id": 1,
            "text": "A.#@소속#에서 전화받은 #@이름# 상담원입니다",
            "norm_text": "A.#@소속#에서 전화받은 #@이름# 상담원입니다",
            "speaker": {
              "id": "A",
              "sex": "여성",
              "age": "1그룹(10대~20대)"
            },
            "speechAct": "인사하기",
            "morpheme": "A/SL+./SY+#/SY+@/SY+소속/NNG+#/SY+에서/JKB+전화/NNG+받/VV+은/ETM+#/SY+@/SY+이름/NNG+#/SY+상담원/NNG+입니다/VCP+EC"
          },
          {
            "id": 2,
            "text": "B.저한테 적합한 교재를 추천받고 싶어서 연락드렸어요",
            "norm_text": "B.저한테 적합한 교재를 추천받고 싶어서 연락드렸어요",
            "speaker": {
              "id": "B",
              "sex": "남성",
              "age": "1그룹(10대~20대)"
            },
            "speechAct": "진술하기",
            "morpheme": "B/SL+저/NP+한테/JKB+적합/XR+한/XSA+ETM+교재/NNG+를/JKO+추천/NNG+받/VV+고/EC+싶/VX+어서/EC+연락/NNG+드렸/VV+EP+어요/EF"
          },
          {
            "id": 3,
            "text": "A.아 그러시군요 혹시 생각한 교재는 있으신가요",
            "norm_text": "A.아 그러시군요 혹시 생각한 교재는 있으신가요",
            "speaker": {
              "id": "A",
              "sex": "여성",
              "age": "1그룹(10대~20대)"
            },
            "speechAct": "질문하기",
            "morpheme": "A/SL+아/IC+그러/VV+시/EP+군요/EF+혹시/MAG+생각/NNG+한/XSA+ETM+교재/NNG+는/JX+있/VX+으신/EP+ETM+가요/NNG"
          },
          {
            "id": 4,
            "text": "B.네 시니어 교재로 생각중이에요",
            "norm_text": "B.네 시니어 교재로 생각중이에요",
            "speaker": {
              "id": "B",
              "sex": "남성",
              "age": "1그룹(10대~20대)"
            },
            "speechAct": "진술하기",
            "morpheme": "B/SL+네/IC+시니어/NNP+교재/NNG+로/JKB+생각/NNG+중/NNB+이/VCP+에요/EF"
          },
          {
            "id": 5,
            "text": "A.일상 생활회화를 어느 정도 하시는지 말씀해주실 수 있을까요",
            "norm_text": "A.일상 생활회화를 어느 정도 하시는지 말씀해주실 수 있을까요",
            "speaker": {
              "id": "A",
              "sex": "여성",
              "age": "1그룹(10대~20대)"
            },
            "speechAct": "질문하기",
            "morpheme": "A/SL+./SY+일상/NNG+생활/NNG+회화/NNG+를/JKO+어느/MM+정도/NNG+하/XSV+시/EP+는지/EC+말씀/NNG+해/XSV+EC+주/VX+실/EP+ETM+수/NNB+있/VV+을까요/EC"
          },
          {
            "id": 6,
            "text": "B.아니요 아예 못해요",
            "norm_text": "B.아니요 아예 못해요",
            "speaker": {
              "id": "B",
              "sex": "남성",
              "age": "1그룹(10대~20대)"
            },
            "speechAct": "진술하기",
            "morpheme": "B/SL+아니요/IC+아예/MAG+못/MAG+해요/VV+EC"
          },
          {
            "id": 7,
            "text": "A.그러시면 시니어 그린 과정을 추천드립니다",
            "norm_text": "A.그러시면 시니어 그린 과정을 추천드립니다",
            "speaker": {
              "id": "A",
              "sex": "여성",
              "age": "1그룹(10대~20대)"
            },
            "speechAct": "주장하기",
            "morpheme": "A/SL+그러/VV+시/EP+면/EC+시니어/NNP+그린/VV+ETM+과정/NNG+을/JKO+추천/NNG+드립니다/VV+EC"
          },
          {
            "id": 8,
            "text": "B.쉽게 도전할 수 있을까요",
            "norm_text": "B.쉽게 도전할 수 있을까요",
            "speaker": {
              "id": "B",
              "sex": "남성",
              "age": "1그룹(10대~20대)"
            },
            "speechAct": "질문하기",
            "morpheme": "B/SL+쉽/VA+게/EC+도전/NNG+할/XSV+ETM+수/NNB+있/VV+을까요/EC"
          },
          {
            "id": 9,
            "text": "A.네 간단한 표현 위주로 작성이 되어있고 각종 관용어구도 있어서요",
            "norm_text": "A.네 간단한 표현 위주로 작성이 되어있고 각종 관용어구도 있어서요",
            "speaker": {
              "id": "A",
              "sex": "여성",
              "age": "1그룹(10대~20대)"
            },
            "speechAct": "진술하기",
            "morpheme": "A/SL+네/IC+간단/XR+한/XSA+ETM+표현/NNG+위주/NNG+로/JKB+작성/NNG+이/JKS+되/VV+어/EC+있/VX+고/EC+각종/NNG+관용/NNG+어구/NNG+도/JX+있/VA+어서요/EC"
          },
          {
            "id": 10,
            "text": "B.아 그럼 저한테 딱이겠네요 참고할게요 감사해요",
            "norm_text": "B.아 그럼 저한테 딱이겠네요 참고할게요 감사해요",
            "speaker": {
              "id": "B",
              "sex": "남성",
              "age": "1그룹(10대~20대)"
            },
            "speechAct": "긍정감정표현하기(칭찬하기 포함)",
            "morpheme": "B/SL+아/IC+그럼/MAJ+저/NP+한테/JKB+딱/MAG+이/VCP+겠/EP+네요/EF+참고/NNG+할게요/XSV+EC+감사/NNG+해요/XSV+EC"
          },
          {
            "id": 11,
            "text": "A.지금까지 #@소속# #@이름# 이었습니다",
            "norm_text": "A.지금까지 #@소속# #@이름# 이었습니다",
            "speaker": {
              "id": "A",
              "sex": "여성",
              "age": "1그룹(10대~20대)"
            },
            "speechAct": "인사하기",
            "morpheme": "A/SL+./SY+지금/NNG+까지/JX+#/SY+@/SY+소속/NNG+#/SY+#/SY+@/SY+이름/NNG+#/SY+이/VCP+었/EP+습니다/EF"
          }
        ]
      }
    }
  ]
}