{
  "dataset": {
    "identifier": 140436,
    "name": "e1_20211115_0006_0515_01",
    "src_path": "/data/file/cubeManager/PROJECT018/91/txt20211110140005061126/e1_20211115_0006_0515_01/",
    "label_path": "/data/file/cubeManager/PROJECT018/91/txt20211110140005061126/e1_20211115_0006_0515_01/",
    "category": 2,
    "type": 0
  },
  "licenses": {
    "name": "Apache License 1.0",
    "url": "http://www.apache.org/licenses/LICENSE-1.0"
  },
  "info": [
    {
      "id": 157989,
      "filename": "e1_0067_0130_02.txt",
      "title": "e1_0067_0130_02",
      "mediatype": "콜센터",
      "medianame": "콜센터",
      "category": "목적대화",
      "date": "2021-11-10",
      "size": 298,
      "annotations": {
        "subject": "프로그램 문의",
        "speaker_type": "1:1",
        "size": 298,
        "word_size": 80,
        "text": "A. 안녕하세요 편입을 위한 확실한 선택 #@소속# 입니다\nB. 네 저 영어 수강 상담 좀 드릴게요\nA. 네 반갑습니다 어떤 부분 안내 도와드릴까요\nB. 제가 편입영어 준비는 처음이라 잘 모르는데요\nB. 혹시 기출유형 분석 위주의 기출 전용 수업 있을까요\nA. 네 현재 영어 기출특강 수업 개설 확인됩니다\nB. 교수님 어떤 분이신지 강의 스타일 궁금합니다\nA. #@이름# 선생님 맛보기 강의 제공되고 있어서요\nA. 무료로 체험해보시고 이용해보시면 좋을 것 같아요\nB. 네 알겠습니다 찾아서 이용해볼게요\nA. 감사합니다 다른 문의 있으시면 또 전화주세요",
        "lines": [
          {
            "id": 1,
            "text": "A. 안녕하세요 편입을 위한 확실한 선택 #@소속# 입니다",
            "norm_text": "A. 안녕하세요 편입을 위한 확실한 선택 #@소속# 입니다",
            "speaker": {
              "id": "A",
              "sex": "여성",
              "age": "1그룹(10대~20대)"
            },
            "speechAct": "인사하기",
            "morpheme": "A/SL+./SY+안녕/NNG+하/XSV+세요/EP+EF+편입/NNG+을/JKO+위한/VV+ETM+확실/XR+한/XSA+ETM+선택/NNG+#/SY+@/SY+소속/NNG+#/SY+입니다/VCP+EC"
          },
          {
            "id": 2,
            "text": "B. 네 저 영어 수강 상담 좀 드릴게요",
            "norm_text": "B. 네 저 영어 수강 상담 좀 드릴게요",
            "speaker": {
              "id": "B",
              "sex": "남성",
              "age": "1그룹(10대~20대)"
            },
            "speechAct": "진술하기",
            "morpheme": "B/SL+네/IC+저/MM+영어/NNG+수강/NNG+상담/NNG+좀/MAG+드릴게요/VV+EC"
          },
          {
            "id": 3,
            "text": "A. 네 반갑습니다 어떤 부분 안내 도와드릴까요",
            "norm_text": "A. 네 반갑습니다 어떤 부분 안내 도와드릴까요",
            "speaker": {
              "id": "A",
              "sex": "여성",
              "age": "1그룹(10대~20대)"
            },
            "speechAct": "질문하기",
            "morpheme": "A/SL+네/IC+반갑/VA+습니다/EF+어떤/MM+부분/NNG+안내/NNG+도와/VV+EC+드릴까요/VX+EC"
          },
          {
            "id": 4,
            "text": "B. 제가 편입영어 준비는 처음이라 잘 모르는데요",
            "norm_text": "B. 제가 편입영어 준비는 처음이라 잘 모르는데요",
            "speaker": {
              "id": "B",
              "sex": "남성",
              "age": "1그룹(10대~20대)"
            },
            "speechAct": "진술하기",
            "morpheme": "B/SL+제/NP+가/JKS+편입/NNG+영어/NNG+준비/NNG+는/JX+처음/NNG+이/VCP+라/EC+잘/MAG+모르/VV+는데요/EC"
          },
          {
            "id": 5,
            "text": "B. 혹시 기출유형 분석 위주의 기출 전용 수업 있을까요",
            "norm_text": "B. 혹시 기출유형 분석 위주의 기출 전용 수업 있을까요",
            "speaker": {
              "id": "B",
              "sex": "남성",
              "age": "1그룹(10대~20대)"
            },
            "speechAct": "질문하기",
            "morpheme": "B/SL+혹시/MAG+기출/NNG+유형/NNG+분석/NNG+위주/NNG+의/JKG+기출/NNG+전용/NNG+수업/NNG+있/VV+을까요/EC"
          },
          {
            "id": 6,
            "text": "A. 네 현재 영어 기출특강 수업 개설 확인됩니다",
            "norm_text": "A. 네 현재 영어 기출특강 수업 개설 확인됩니다",
            "speaker": {
              "id": "A",
              "sex": "여성",
              "age": "1그룹(10대~20대)"
            },
            "speechAct": "진술하기",
            "morpheme": "A/SL+네/IC+현재/MAG+영어/NNG+기출/NNG+특강/NNG+수업/NNG+개설/NNG+확인/NNG+됩니다/XSV+EC"
          },
          {
            "id": 7,
            "text": "B. 교수님 어떤 분이신지 강의 스타일 궁금합니다",
            "norm_text": "B. 교수님 어떤 분이신지 강의 스타일 궁금합니다",
            "speaker": {
              "id": "B",
              "sex": "남성",
              "age": "1그룹(10대~20대)"
            },
            "speechAct": "진술하기",
            "morpheme": "B/SL+./SY+교수/NNG+님/XSN+어떤/MM+분/NNB+이/VCP+신지/EP+EC+강의/NNG+스타일/NNG+궁금/XR+합니다/XSA+EC"
          },
          {
            "id": 8,
            "text": "A. #@이름# 선생님 맛보기 강의 제공되고 있어서요",
            "norm_text": "A. #@이름# 선생님 맛보기 강의 제공되고 있어서요",
            "speaker": {
              "id": "A",
              "sex": "여성",
              "age": "1그룹(10대~20대)"
            },
            "speechAct": "진술하기",
            "morpheme": "A/SL+./SY+#/SY+@/SY+이름/NNG+#/SY+선생/NNG+님/XSN+맛보/VV+기/ETN+강의/NNG+제공/NNG+되/XSV+고/EC+있/VX+어서요/EC"
          },
          {
            "id": 9,
            "text": "A. 무료로 체험해보시고 이용해보시면 좋을 것 같아요",
            "norm_text": "A. 무료로 체험해보시고 이용해보시면 좋을 것 같아요",
            "speaker": {
              "id": "A",
              "sex": "여성",
              "age": "1그룹(10대~20대)"
            },
            "speechAct": "진술하기",
            "morpheme": "A/SL+./SY+무료/NNG+로/JKB+체험/NNG+해/XSV+EC+보/VX+시/EP+고/EC+이용/NNG+해/XSV+EC+보/VX+시/EP+면/EC+좋/VA+을/ETM+것/NNB+같/VA+아요/EC"
          },
          {
            "id": 10,
            "text": "B. 네 알겠습니다 찾아서 이용해볼게요",
            "norm_text": "B. 네 알겠습니다 찾아서 이용해볼게요",
            "speaker": {
              "id": "B",
              "sex": "남성",
              "age": "1그룹(10대~20대)"
            },
            "speechAct": "진술하기",
            "morpheme": "B/SL+네/IC+알/VV+겠/EP+습니다/EF+찾/VV+아서/EC+이용/NNG+해/XSV+EC+볼게요/VX+EF"
          },
          {
            "id": 11,
            "text": "A. 감사합니다 다른 문의 있으시면 또 전화주세요",
            "norm_text": "A. 감사합니다 다른 문의 있으시면 또 전화주세요",
            "speaker": {
              "id": "A",
              "sex": "여성",
              "age": "1그룹(10대~20대)"
            },
            "speechAct": "인사하기",
            "morpheme": "A/SL+./SY+감사/NNG+합니다/XSV+EF+다른/MM+문/NNG+의/JKG+있/VA+으시/EP+면/EC+또/MAG+전화/NNG+주세요/NNP"
          }
        ]
      }
    }
  ]
}