{
  "dataset": {
    "identifier": 140997,
    "name": "e1_20211115_0006_0654_01",
    "src_path": "/data/file/cubeManager/PROJECT018/91/txt20211110140010080190/e1_20211115_0006_0654_01/",
    "label_path": "/data/file/cubeManager/PROJECT018/91/txt20211110140010080190/e1_20211115_0006_0654_01/",
    "category": 2,
    "type": 0
  },
  "licenses": {
    "name": "Apache License 1.0",
    "url": "http://www.apache.org/licenses/LICENSE-1.0"
  },
  "info": [
    {
      "id": 158631,
      "filename": "e1_0070_0032_02.txt",
      "title": "e1_0070_0032_02",
      "mediatype": "콜센터",
      "medianame": "콜센터",
      "category": "목적대화",
      "date": "2021-11-10",
      "size": 354,
      "annotations": {
        "subject": "프로그램 문의",
        "speaker_type": "1:1",
        "size": 354,
        "word_size": 86,
        "text": "A. 소중히 모시겠습니다 #@소속# 상담사 #@이름# 입니다\nB. 안녕하세요 저 동영상 재생이 안 되는데 뭐가 문제인지 모르겠어요\nA. 고객님 #@기타# 설치를 해주셨을까요\nB. #@기타#요 설치는 된 거 같은데요 확인해 볼게요\nA. 네 고객님 자동으로 설치가 되는데요 먼저 확인 부탁드릴게요\nB. 아 설치가 안 되어 있어요\nA. 아 그럼 #@기타#를 설치해주시겠어요\nA. 이 프로그램을 설치하셔야 동영상 재생이 가능하세요\nB. 그래요 어디서 설치하죠\nA. 고객센터에서 프로그램 다운로드 메뉴 누르시고요\nA. #@기타# 다운로드를 통해 설치하시면 돼요\nB. 네 알겠습니다 설치하고 다시 재생해 볼게요\nA. 네 지금까지 #@소속# 상담사 #@이름#이었습니다",
        "lines": [
          {
            "id": 1,
            "text": "A. 소중히 모시겠습니다 #@소속# 상담사 #@이름# 입니다",
            "norm_text": "A. 소중히 모시겠습니다 #@소속# 상담사 #@이름# 입니다",
            "speaker": {
              "id": "A",
              "sex": "여성",
              "age": "2그룹(30대~40대)"
            },
            "speechAct": "인사하기",
            "morpheme": "A/SL+소중히/MAG+모시/VV+겠/EP+습니다/EF+#/SY+@/SY+소속/NNG+#/SY+상담/NNG+사/NNG+#/SY+@/SY+이름/NNG+#/SY+입니다/VCP+EC"
          },
          {
            "id": 2,
            "text": "B. 안녕하세요 저 동영상 재생이 안 되는데 뭐가 문제인지 모르겠어요",
            "norm_text": "B. 안녕하세요 저 동영상 재생이 안 되는데 뭐가 문제인지 모르겠어요",
            "speaker": {
              "id": "B",
              "sex": "남성",
              "age": "2그룹(30대~40대)"
            },
            "speechAct": "진술하기",
            "morpheme": "B/SL+./SY+안녕/NNG+하/XSV+세요/EP+EF+저/MM+동영상/NNG+재생/NNG+이/JKS+안/MAG+되/VV+는데/EC+뭐/NP+가/JKS+문제/NNG+인지/VCP+EC+모르/VV+겠/EP+어요/EF"
          },
          {
            "id": 3,
            "text": "A. 고객님 #@기타# 설치를 해주셨을까요",
            "norm_text": "A. 고객님 #@기타# 설치를 해주셨을까요",
            "speaker": {
              "id": "A",
              "sex": "여성",
              "age": "2그룹(30대~40대)"
            },
            "speechAct": "질문하기",
            "morpheme": "A/SL+./SY+고객/NNG+님/XSN+#/SY+@/SY+기타/NNG+#/SY+설치/NNG+를/JKO+해/VV+EC+주/VX+셨/EP+EP+을까요/EC"
          },
          {
            "id": 4,
            "text": "B. #@기타#요 설치는 된 거 같은데요 확인해 볼게요",
            "norm_text": "B. #@기타#요 설치는 된 거 같은데요 확인해 볼게요",
            "speaker": {
              "id": "B",
              "sex": "남성",
              "age": "2그룹(30대~40대)"
            },
            "speechAct": "진술하기",
            "morpheme": "B/SL+./SY+#/SY+@/SY+기타/NNG+#/SY+요설/NNG+치는/XSV+EC+JX+된/VV+ETM+거/NNB+같/VA+은데요/EC+확인/NNG+해/XSV+EC+볼게요/VX+EF"
          },
          {
            "id": 5,
            "text": "A. 네 고객님 자동으로 설치가 되는데요 먼저 확인 부탁드릴게요",
            "norm_text": "A. 네 고객님 자동으로 설치가 되는데요 먼저 확인 부탁드릴게요",
            "speaker": {
              "id": "A",
              "sex": "여성",
              "age": "2그룹(30대~40대)"
            },
            "speechAct": "부탁하기",
            "morpheme": "A/SL+네/IC+고객/NNG+님/XSN+자동/NNG+으로/JKB+설치/NNG+가/JKS+되/VV+는데요/EF+먼저/MAG+확인/NNG+부탁/NNG+드릴게요/VV+EC"
          },
          {
            "id": 6,
            "text": "B. 아 설치가 안 되어 있어요",
            "norm_text": "B. 아 설치가 안 되어 있어요",
            "speaker": {
              "id": "B",
              "sex": "남성",
              "age": "2그룹(30대~40대)"
            },
            "speechAct": "진술하기",
            "morpheme": "B/SL+아/IC+설치/NNG+가/JKS+안/MAG+되/VV+어/EC+있/VX+어요/EF"
          },
          {
            "id": 7,
            "text": "A. 아 그럼 #@기타#를 설치해주시겠어요",
            "norm_text": "A. 아 그럼 #@기타#를 설치해주시겠어요",
            "speaker": {
              "id": "A",
              "sex": "여성",
              "age": "2그룹(30대~40대)"
            },
            "speechAct": "명령하기/요구하기",
            "morpheme": "A/SL+아/IC+그럼/MAJ+#/SY+@/SY+기타/NNG+#/SY+를/JKO+설치/NNG+해/XSV+EC+주/VX+시/EP+겠/EP+어요/EF"
          },
          {
            "id": 8,
            "text": "A. 이 프로그램을 설치하셔야 동영상 재생이 가능하세요",
            "norm_text": "A. 이 프로그램을 설치하셔야 동영상 재생이 가능하세요",
            "speaker": {
              "id": "A",
              "sex": "여성",
              "age": "2그룹(30대~40대)"
            },
            "speechAct": "진술하기",
            "morpheme": "A/SL+이/MM+프로그램/NNG+을/JKO+설치/NNG+하/XSV+셔야/EP+EC+동영상/NNG+재생/NNG+이/JKS+가능/NNG+하/XSV+세요/EP+EF"
          },
          {
            "id": 9,
            "text": "B. 그래요 어디서 설치하죠",
            "norm_text": "B. 그래요 어디서 설치하죠",
            "speaker": {
              "id": "B",
              "sex": "남성",
              "age": "2그룹(30대~40대)"
            },
            "speechAct": "질문하기",
            "morpheme": "B/SL+그래요/VV+EF+어디/NP+서/JKB+설치/NNG+하/XSV+죠/EC"
          },
          {
            "id": 10,
            "text": "A. 고객센터에서 프로그램 다운로드 메뉴 누르시고요",
            "norm_text": "A. 고객센터에서 프로그램 다운로드 메뉴 누르시고요",
            "speaker": {
              "id": "A",
              "sex": "여성",
              "age": "2그룹(30대~40대)"
            },
            "speechAct": "진술하기",
            "morpheme": "A/SL+./SY+고객/NNG+센터/NNG+에서/JKB+프로그램/NNG+다운/XSA+ETM+로드/NNG+메뉴/NNG+누르/VV+시/EP+고요/EC"
          },
          {
            "id": 11,
            "text": "A. #@기타# 다운로드를 통해 설치하시면 돼요",
            "norm_text": "A. #@기타# 다운로드를 통해 설치하시면 돼요",
            "speaker": {
              "id": "A",
              "sex": "여성",
              "age": "2그룹(30대~40대)"
            },
            "speechAct": "진술하기",
            "morpheme": "A/SL+./SY+#/SY+@/SY+기타/NNG+#/SY+다운로드/NNG+를/JKO+통해/VV+EC+설치/NNG+하/XSV+시/EP+면/EC+돼요/VV+EC"
          },
          {
            "id": 12,
            "text": "B. 네 알겠습니다 설치하고 다시 재생해 볼게요",
            "norm_text": "B. 네 알겠습니다 설치하고 다시 재생해 볼게요",
            "speaker": {
              "id": "B",
              "sex": "남성",
              "age": "2그룹(30대~40대)"
            },
            "speechAct": "진술하기",
            "morpheme": "B/SL+네/IC+알/VV+겠/EP+습니다/EF+설치/NNG+하/XSV+고/EC+다시/MAG+재생/NNG+해/XSV+EC+볼게요/VX+EF"
          },
          {
            "id": 13,
            "text": "A. 네 지금까지 #@소속# 상담사 #@이름#이었습니다",
            "norm_text": "A. 네 지금까지 #@소속# 상담사 #@이름#이었습니다",
            "speaker": {
              "id": "A",
              "sex": "여성",
              "age": "2그룹(30대~40대)"
            },
            "speechAct": "인사하기",
            "morpheme": "A/SL+네/IC+지금/NNG+까지/JX+#/SY+@/SY+소속/NNG+#/SY+상담/NNG+사/NNG+#/SY+@/SY+이름/NNG+#/SY+이/VCP+었/EP+습니다/EF"
          }
        ]
      }
    }
  ]
}