{
  "dataset": {
    "identifier": 140098,
    "name": "e1_20211115_0006_0430_01",
    "src_path": "/data/file/cubeManager/PROJECT018/91/txt20211110140004099336/e1_20211115_0006_0430_01/",
    "label_path": "/data/file/cubeManager/PROJECT018/91/txt20211110140004099336/e1_20211115_0006_0430_01/",
    "category": 2,
    "type": 0
  },
  "licenses": {
    "name": "Apache License 1.0",
    "url": "http://www.apache.org/licenses/LICENSE-1.0"
  },
  "info": [
    {
      "id": 157906,
      "filename": "e1_0067_0047_02.txt",
      "title": "e1_0067_0047_02",
      "mediatype": "콜센터",
      "medianame": "콜센터",
      "category": "목적대화",
      "date": "2021-11-10",
      "size": 276,
      "annotations": {
        "subject": "프로그램 문의",
        "speaker_type": "1:1",
        "size": 276,
        "word_size": 72,
        "text": "A. 안녕하세요 #@소속# 입니다\nB. 네 저 #@상품# 문의 좀 할게요\nA. 네 궁금하신 것 말씀해주세요\nB. 혹시 영어랑 수학이 개강날짜가 다른가요\nA. 네 영어는 다음주 월요일 수학은 토요일 개강입니다\nB. 아 좀 빠듯한데 자리가 있긴 한가요\nA. 여석 확인되나 수강인원 20명 제한이라서요\nA. 최대한 빠르게 등록하시길 추천드립니다\nB. 시간표도 지금 안내 가능하신가요\nA. 자세한 수강시간표는 캠퍼스 공지사항 확인 부탁드려요\nB. 아 네 알겠습니다 제가 알아볼게요\nA. 감사합니다 오늘도 좋은 하루 되세요",
        "lines": [
          {
            "id": 1,
            "text": "A. 안녕하세요 #@소속# 입니다",
            "norm_text": "A. 안녕하세요 #@소속# 입니다",
            "speaker": {
              "id": "A",
              "sex": "여성",
              "age": "1그룹(10대~20대)"
            },
            "speechAct": "인사하기",
            "morpheme": "A/SL+./SY+안녕/NNG+하/XSV+세요/EP+EF+#/SY+@/SY+소속/NNG+#/SY+입니다/VCP+EC"
          },
          {
            "id": 2,
            "text": "B. 네 저 #@상품# 문의 좀 할게요",
            "norm_text": "B. 네 저 #@상품# 문의 좀 할게요",
            "speaker": {
              "id": "B",
              "sex": "남성",
              "age": "1그룹(10대~20대)"
            },
            "speechAct": "진술하기",
            "morpheme": "B/SL+네/IC+저/NP+#/SY+@/SY+상품/NNG+#/SY+문/NNG+의/JKG+좀/MAG+할게요/VV+EC"
          },
          {
            "id": 3,
            "text": "A. 네 궁금하신 것 말씀해주세요",
            "norm_text": "A. 네 궁금하신 것 말씀해주세요",
            "speaker": {
              "id": "A",
              "sex": "여성",
              "age": "1그룹(10대~20대)"
            },
            "speechAct": "명령하기/요구하기",
            "morpheme": "A/SL+네/IC+궁금/XR+하/XSA+신/EP+ETM+것/NNB+말씀/NNG+해/XSV+EC+주/VX+세요/EP+EF"
          },
          {
            "id": 4,
            "text": "B. 혹시 영어랑 수학이 개강날짜가 다른가요",
            "norm_text": "B. 혹시 영어랑 수학이 개강날짜가 다른가요",
            "speaker": {
              "id": "B",
              "sex": "남성",
              "age": "1그룹(10대~20대)"
            },
            "speechAct": "질문하기",
            "morpheme": "B/SL+혹시/MAG+영어/NNG+랑/JKB+수학/NNG+이/JKS+개강/NNG+날짜/NNG+가/JKS+다른/MM+가요/NNG"
          },
          {
            "id": 5,
            "text": "A. 네 영어는 다음주 월요일 수학은 토요일 개강입니다",
            "norm_text": "A. 네 영어는 다음주 월요일 수학은 토요일 개강입니다",
            "speaker": {
              "id": "A",
              "sex": "여성",
              "age": "1그룹(10대~20대)"
            },
            "speechAct": "진술하기",
            "morpheme": "A/SL+네/IC+영어/NNG+는/JX+다음/NNG+주/NNG+월요일/NNG+수학/NNG+은/JX+토요일/NNG+개강/NNG+입니다/VCP+EC"
          },
          {
            "id": 6,
            "text": "B. 아 좀 빠듯한데 자리가 있긴 한가요",
            "norm_text": "B. 아 좀 빠듯한데 자리가 있긴 한가요",
            "speaker": {
              "id": "B",
              "sex": "남성",
              "age": "1그룹(10대~20대)"
            },
            "speechAct": "질문하기",
            "morpheme": "B/SL+아/IC+좀/MAG+빠듯/XR+한데/XSA+EC+자리/NNG+가/JKS+있/VV+긴/ETN+JX+한/MM+가요/NNG"
          },
          {
            "id": 7,
            "text": "A. 여석 확인되나 수강인원 20명 제한이라서요",
            "norm_text": "A. 여석 확인되나 수강인원 20명 제한이라서요",
            "speaker": {
              "id": "A",
              "sex": "여성",
              "age": "1그룹(10대~20대)"
            },
            "speechAct": "진술하기",
            "morpheme": "A/SL+./SY+여석/NNG+확인/NNG+되/XSV+나/EC+수강/NNG+인원/NNG+20/SN+명/NNBC+제한/NNG+이/VCP+라서요/EC"
          },
          {
            "id": 8,
            "text": "A. 최대한 빠르게 등록하시길 추천드립니다",
            "norm_text": "A. 최대한 빠르게 등록하시길 추천드립니다",
            "speaker": {
              "id": "A",
              "sex": "여성",
              "age": "1그룹(10대~20대)"
            },
            "speechAct": "진술하기",
            "morpheme": "A/SL+최대한/MAG+빠르/VA+게/EC+등록/NNG+하/XSV+시/EP+길/ETN+JKO+추천/NNG+드립니다/VV+EC"
          },
          {
            "id": 9,
            "text": "B. 시간표도 지금 안내 가능하신가요",
            "norm_text": "B. 시간표도 지금 안내 가능하신가요",
            "speaker": {
              "id": "B",
              "sex": "남성",
              "age": "1그룹(10대~20대)"
            },
            "speechAct": "질문하기",
            "morpheme": "B/SL+./SY+시간표/NNG+도/JX+지금/MAG+안내/NNG+가능/NNG+하/XSV+신가요/EP+EC"
          },
          {
            "id": 10,
            "text": "A. 자세한 수강시간표는 캠퍼스 공지사항 확인 부탁드려요",
            "norm_text": "A. 자세한 수강시간표는 캠퍼스 공지사항 확인 부탁드려요",
            "speaker": {
              "id": "A",
              "sex": "여성",
              "age": "1그룹(10대~20대)"
            },
            "speechAct": "명령하기/요구하기",
            "morpheme": "A/SL+자세/XR+한/XSA+ETM+수강/NNG+시간표/NNG+는/JX+캠퍼스/NNG+공지/NNG+사항/NNG+확인/NNG+부탁/NNG+드려요/VV+EC"
          },
          {
            "id": 11,
            "text": "B. 아 네 알겠습니다 제가 알아볼게요",
            "norm_text": "B. 아 네 알겠습니다 제가 알아볼게요",
            "speaker": {
              "id": "B",
              "sex": "남성",
              "age": "1그룹(10대~20대)"
            },
            "speechAct": "진술하기",
            "morpheme": "B/SL+아/IC+네/IC+알/VV+겠/EP+습니다/EF+제/NP+가/JKS+알아볼/VV+ETM+게요/NNB+VCP+EC"
          },
          {
            "id": 12,
            "text": "A. 감사합니다 오늘도 좋은 하루 되세요",
            "norm_text": "A. 감사합니다 오늘도 좋은 하루 되세요",
            "speaker": {
              "id": "A",
              "sex": "여성",
              "age": "1그룹(10대~20대)"
            },
            "speechAct": "인사하기",
            "morpheme": "A/SL+./SY+감사/NNG+합니다/XSV+EF+오늘/NNG+도/JX+좋/VA+은/ETM+하루/NNG+되/XSV+세요/EP+EF"
          }
        ]
      }
    }
  ]
}