{
  "dataset": {
    "identifier": 140089,
    "name": "e1_20211115_0006_0427_01",
    "src_path": "/data/file/cubeManager/PROJECT018/91/txt20211110140004096935/e1_20211115_0006_0427_01/",
    "label_path": "/data/file/cubeManager/PROJECT018/91/txt20211110140004096935/e1_20211115_0006_0427_01/",
    "category": 2,
    "type": 0
  },
  "licenses": {
    "name": "Apache License 1.0",
    "url": "http://www.apache.org/licenses/LICENSE-1.0"
  },
  "info": [
    {
      "id": 157903,
      "filename": "e1_0067_0044_02.txt",
      "title": "e1_0067_0044_02",
      "mediatype": "콜센터",
      "medianame": "콜센터",
      "category": "목적대화",
      "date": "2021-11-10",
      "size": 282,
      "annotations": {
        "subject": "프로그램 문의",
        "speaker_type": "1:1",
        "size": 282,
        "word_size": 74,
        "text": "A. 안녕하세요 미래를 향한 #@소속#입니다\nB. 네 저 #@이름# 교수님 수업 질문 드리고싶은데요\nA. #@이름# 교수님 문법 강좌 어느 부분 궁금하실까요\nB. 다음달 인강 신청하려는데 현재 진도 궁금해서요\nA. 현재 주격 관계대명사의 생략 파트 진행중입니다\nB. 그 부분 문제풀이 과정도 따로 있을까요\nA. 네 물론 풀이 과정도 있습니다\nB. 아 네 그건 혹시 몇월부터 시작됐을까요\nA. 문법 문제풀이 과정은 21년 8월부터 진행중입니다\nB. 아 네 그렇군요 정보 감사드립니다\nA. 네 좋은하루 되시고 코로나 조심하세요",
        "lines": [
          {
            "id": 1,
            "text": "A. 안녕하세요 미래를 향한 #@소속#입니다",
            "norm_text": "A. 안녕하세요 미래를 향한 #@소속#입니다",
            "speaker": {
              "id": "A",
              "sex": "여성",
              "age": "1그룹(10대~20대)"
            },
            "speechAct": "인사하기",
            "morpheme": "A/SL+./SY+안녕/NNG+하/XSV+세요/EP+EF+미래/NNG+를/JKO+향한/VV+ETM+#/SY+@/SY+소속/NNG+#/SY+입니다/VCP+EC"
          },
          {
            "id": 2,
            "text": "B. 네 저 #@이름# 교수님 수업 질문 드리고싶은데요",
            "norm_text": "B. 네 저 #@이름# 교수님 수업 질문 드리고싶은데요",
            "speaker": {
              "id": "B",
              "sex": "남성",
              "age": "1그룹(10대~20대)"
            },
            "speechAct": "진술하기",
            "morpheme": "B/SL+네/IC+저/NP+#/SY+@/SY+이름/NNG+#/SY+교수/NNG+님/XSN+수업/NNG+질문/NNG+드리/VV+고/EC+싶/VX+은데요/EC"
          },
          {
            "id": 3,
            "text": "A. #@이름# 교수님 문법 강좌 어느 부분 궁금하실까요",
            "norm_text": "A. #@이름# 교수님 문법 강좌 어느 부분 궁금하실까요",
            "speaker": {
              "id": "A",
              "sex": "여성",
              "age": "1그룹(10대~20대)"
            },
            "speechAct": "질문하기",
            "morpheme": "A/SL+./SY+#/SY+@/SY+이름/NNG+#/SY+교수/NNG+님/XSN+문법/NNG+강좌/NNG+어느/MM+부분/NNG+궁금/XR+하/XSA+실까요/EP+EF"
          },
          {
            "id": 4,
            "text": "B. 다음달 인강 신청하려는데 현재 진도 궁금해서요",
            "norm_text": "B. 다음달 인강 신청하려는데 현재 진도 궁금해서요",
            "speaker": {
              "id": "B",
              "sex": "남성",
              "age": "1그룹(10대~20대)"
            },
            "speechAct": "진술하기",
            "morpheme": "B/SL+./SY+다음/NNG+달/NNG+인/VCP+ETM+강/NNG+신청/NNG+하/XSV+려는데/EC+현재/MAG+진도/NNG+궁금/XR+해서/XSA+EC+VCP+요/EC"
          },
          {
            "id": 5,
            "text": "A. 현재 주격 관계대명사의 생략 파트 진행중입니다",
            "norm_text": "A. 현재 주격 관계대명사의 생략 파트 진행중입니다",
            "speaker": {
              "id": "A",
              "sex": "여성",
              "age": "1그룹(10대~20대)"
            },
            "speechAct": "진술하기",
            "morpheme": "A/SL+현재/MAG+주격/NNG+관계/NNG+대명사/NNG+의/JKG+생략/NNG+파트/NNG+진행/NNG+중/NNB+입니다/VCP+EC"
          },
          {
            "id": 6,
            "text": "B. 그 부분 문제풀이 과정도 따로 있을까요",
            "norm_text": "B. 그 부분 문제풀이 과정도 따로 있을까요",
            "speaker": {
              "id": "B",
              "sex": "남성",
              "age": "1그룹(10대~20대)"
            },
            "speechAct": "질문하기",
            "morpheme": "B/SL+그/MM+부분/NNG+문제/NNG+풀/NNG+이/JKS+과정/NNG+도/JX+따로/MAG+있/VV+을까요/EC"
          },
          {
            "id": 7,
            "text": "A. 네 물론 풀이 과정도 있습니다",
            "norm_text": "A. 네 물론 풀이 과정도 있습니다",
            "speaker": {
              "id": "A",
              "sex": "여성",
              "age": "1그룹(10대~20대)"
            },
            "speechAct": "진술하기",
            "morpheme": "A/SL+네/IC+물론/MAG+풀/NNG+이/JKS+과정/NNG+도/JX+있/VA+습니다/EF"
          },
          {
            "id": 8,
            "text": "B. 아 네 그건 혹시 몇월부터 시작됐을까요",
            "norm_text": "B. 아 네 그건 혹시 몇월부터 시작됐을까요",
            "speaker": {
              "id": "B",
              "sex": "남성",
              "age": "1그룹(10대~20대)"
            },
            "speechAct": "질문하기",
            "morpheme": "B/SL+아/IC+네/IC+그건/NP+JX+혹시/MAG+몇/MM+월/NNBC+부터/JX+시작/NNG+됐/XSV+EP+을까요/EC"
          },
          {
            "id": 9,
            "text": "A. 문법 문제풀이 과정은 21년 8월부터 진행중입니다",
            "norm_text": "A. 문법 문제풀이 과정은 21년 8월부터 진행중입니다",
            "speaker": {
              "id": "A",
              "sex": "여성",
              "age": "1그룹(10대~20대)"
            },
            "speechAct": "진술하기",
            "morpheme": "A/SL+./SY+문법/NNG+문제/NNG+풀/NNG+이/JKS+과정/NNG+은/JX+21/SN+년/NNBC+8/SN+월/NNBC+부터/JX+진행/NNG+중/NNB+입니다/VCP+EC"
          },
          {
            "id": 10,
            "text": "B. 아 네 그렇군요 정보 감사드립니다",
            "norm_text": "B. 아 네 그렇군요 정보 감사드립니다",
            "speaker": {
              "id": "B",
              "sex": "남성",
              "age": "1그룹(10대~20대)"
            },
            "speechAct": "감사하기",
            "morpheme": "B/SL+아/IC+네/IC+그렇/VA+군요/EC+정보/NNG+감사/NNG+드립니다/VV+EC"
          },
          {
            "id": 11,
            "text": "A. 네 좋은하루 되시고 코로나 조심하세요",
            "norm_text": "A. 네 좋은하루 되시고 코로나 조심하세요",
            "speaker": {
              "id": "A",
              "sex": "여성",
              "age": "1그룹(10대~20대)"
            },
            "speechAct": "인사하기",
            "morpheme": "A/SL+네/IC+좋/VA+은/ETM+하루/NNG+되/XSV+시/EP+고/EC+코로나/NNG+조심/NNG+하/XSV+세요/EP+EF"
          }
        ]
      }
    }
  ]
}