{
  "dataset": {
    "identifier": 140112,
    "name": "e1_20211115_0006_0434_01",
    "src_path": "/data/file/cubeManager/PROJECT018/91/txt20211110140005002522/e1_20211115_0006_0434_01/",
    "label_path": "/data/file/cubeManager/PROJECT018/91/txt20211110140005002522/e1_20211115_0006_0434_01/",
    "category": 2,
    "type": 0
  },
  "licenses": {
    "name": "Apache License 1.0",
    "url": "http://www.apache.org/licenses/LICENSE-1.0"
  },
  "info": [
    {
      "id": 157910,
      "filename": "e1_0067_0051_02.txt",
      "title": "e1_0067_0051_02",
      "mediatype": "콜센터",
      "medianame": "콜센터",
      "category": "목적대화",
      "date": "2021-11-10",
      "size": 302,
      "annotations": {
        "subject": "프로그램 문의",
        "speaker_type": "1:1",
        "size": 302,
        "word_size": 78,
        "text": "A. 반갑습니다 #@소속#입니다\nB. 네 저 #@이름# 선생님 수업 상담좀 할게요\nA. 안녕하세요 수업에 어떤 부분 궁금하신가요\nB. 진도 제일 빠른 반으로 가고싶어서요\nB. 그게 커리큘럼에 #@상품#이 맞나요\nA. 네 중위권 대학 기출 문제풀이와 유형 정리반 맞습니다\nB. 문제풀이를 집중적으로 듣고싶은데 가능할까요\nA. 네 일요일 진행되는 심화 문제풀이반 개설 예정이에요\nB. 오 좋네요 시간대 알 수 있을까요\nA. 일요일 오후 2시부터 저녁 6시까지 예정입니다\nB. 시간대도 좋고 반 개설되면 꼭 들어야겠네요\nA. 네 감사합니다 다른 문의시 또 연락주세요",
        "lines": [
          {
            "id": 1,
            "text": "A. 반갑습니다 #@소속#입니다",
            "norm_text": "A. 반갑습니다 #@소속#입니다",
            "speaker": {
              "id": "A",
              "sex": "여성",
              "age": "1그룹(10대~20대)"
            },
            "speechAct": "인사하기",
            "morpheme": "A/SL+반갑/VA+습니다/EF+#/SY+@/SY+소속/NNG+#/SY+입니다/VCP+EC"
          },
          {
            "id": 2,
            "text": "B. 네 저 #@이름# 선생님 수업 상담좀 할게요",
            "norm_text": "B. 네 저 #@이름# 선생님 수업 상담좀 할게요",
            "speaker": {
              "id": "B",
              "sex": "남성",
              "age": "1그룹(10대~20대)"
            },
            "speechAct": "진술하기",
            "morpheme": "B/SL+네/IC+저/NP+#/SY+@/SY+이름/NNG+#/SY+선생/NNG+님/XSN+수업/NNG+상담/NNG+좀/MAG+할게요/VV+EC"
          },
          {
            "id": 3,
            "text": "A. 안녕하세요 수업에 어떤 부분 궁금하신가요",
            "norm_text": "A. 안녕하세요 수업에 어떤 부분 궁금하신가요",
            "speaker": {
              "id": "A",
              "sex": "여성",
              "age": "1그룹(10대~20대)"
            },
            "speechAct": "질문하기",
            "morpheme": "A/SL+./SY+안녕/NNG+하/XSV+세요/EP+EF+수업/NNG+에/JKB+어떤/MM+부분/NNG+궁금/XR+하/XSA+신가요/EP+EC"
          },
          {
            "id": 4,
            "text": "B. 진도 제일 빠른 반으로 가고싶어서요",
            "norm_text": "B. 진도 제일 빠른 반으로 가고싶어서요",
            "speaker": {
              "id": "B",
              "sex": "남성",
              "age": "1그룹(10대~20대)"
            },
            "speechAct": "진술하기",
            "morpheme": "B/SL+./SY+진도/NNG+제일/MAG+빠른/VA+ETM+반/NNG+으로/JKB+가/VV+고/EC+싶/VX+어서요/EC"
          },
          {
            "id": 5,
            "text": "B. 그게 커리큘럼에 #@상품#이 맞나요",
            "norm_text": "B. 그게 커리큘럼에 #@상품#이 맞나요",
            "speaker": {
              "id": "B",
              "sex": "남성",
              "age": "1그룹(10대~20대)"
            },
            "speechAct": "질문하기",
            "morpheme": "B/SL+그게/NP+JKS+커리큘럼/NNG+에/JKB+#/SY+@/SY+상품/NNG+#/SY+이/JKS+맞/VV+나요/EC"
          },
          {
            "id": 6,
            "text": "A. 네 중위권 대학 기출 문제풀이와 유형 정리반 맞습니다",
            "norm_text": "A. 네 중위권 대학 기출 문제풀이와 유형 정리반 맞습니다",
            "speaker": {
              "id": "A",
              "sex": "여성",
              "age": "1그룹(10대~20대)"
            },
            "speechAct": "진술하기",
            "morpheme": "A/SL+네/IC+중위/NNG+권/XSN+대학/NNG+기출문제/NNG+풀이/NNG+와/JC+유형/NNG+정리/NNG+반/NNG+맞/VV+습니다/EF"
          },
          {
            "id": 7,
            "text": "B. 문제풀이를 집중적으로 듣고싶은데 가능할까요",
            "norm_text": "B. 문제풀이를 집중적으로 듣고싶은데 가능할까요",
            "speaker": {
              "id": "B",
              "sex": "남성",
              "age": "1그룹(10대~20대)"
            },
            "speechAct": "질문하기",
            "morpheme": "B/SL+./SY+문제/NNG+풀이/NNG+를/JKO+집중/NNG+적/XSN+으로/JKB+듣/VV+고/EC+싶/VX+은데/EC+가능/NNG+할까요/XSV+EC"
          },
          {
            "id": 8,
            "text": "A. 네 일요일 진행되는 심화 문제풀이반 개설 예정이에요",
            "norm_text": "A. 네 일요일 진행되는 심화 문제풀이반 개설 예정이에요",
            "speaker": {
              "id": "A",
              "sex": "여성",
              "age": "1그룹(10대~20대)"
            },
            "speechAct": "진술하기",
            "morpheme": "A/SL+네/IC+일요일/NNG+진행/NNG+되/XSV+는/ETM+심화/NNG+문제/NNG+풀/NNG+이/JKS+반/NNG+개설/NNG+예정/NNG+이/VCP+에요/EF"
          },
          {
            "id": 9,
            "text": "B. 오 좋네요 시간대 알 수 있을까요",
            "norm_text": "B. 오 좋네요 시간대 알 수 있을까요",
            "speaker": {
              "id": "B",
              "sex": "남성",
              "age": "1그룹(10대~20대)"
            },
            "speechAct": "질문하기",
            "morpheme": "B/SL+오/IC+좋/VA+네요/EF+시간대/NNG+알/VV+ETM+수/NNB+있/VV+을까요/EC"
          },
          {
            "id": 10,
            "text": "A. 일요일 오후 2시부터 저녁 6시까지 예정입니다",
            "norm_text": "A. 일요일 오후 2시부터 저녁 6시까지 예정입니다",
            "speaker": {
              "id": "A",
              "sex": "여성",
              "age": "1그룹(10대~20대)"
            },
            "speechAct": "진술하기",
            "morpheme": "A/SL+./SY+일요일/NNG+오후/NNG+2/SN+시/NNBC+부터/JX+저녁/NNG+6/SN+시/NNBC+까지/JX+예정/NNG+입니다/VCP+EC"
          },
          {
            "id": 11,
            "text": "B. 시간대도 좋고 반 개설되면 꼭 들어야겠네요",
            "norm_text": "B. 시간대도 좋고 반 개설되면 꼭 들어야겠네요",
            "speaker": {
              "id": "B",
              "sex": "남성",
              "age": "1그룹(10대~20대)"
            },
            "speechAct": "진술하기",
            "morpheme": "B/SL+./SY+시간대/NNG+도/JX+좋/VA+고/EC+반/NNG+개설/NNG+되/XSV+면/EC+꼭/MAG+들어야/VV+EC+VX+겠/EP+네요/EC"
          },
          {
            "id": 12,
            "text": "A. 네 감사합니다 다른 문의시 또 연락주세요",
            "norm_text": "A. 네 감사합니다 다른 문의시 또 연락주세요",
            "speaker": {
              "id": "A",
              "sex": "여성",
              "age": "1그룹(10대~20대)"
            },
            "speechAct": "인사하기",
            "morpheme": "A/SL+네/IC+감사/NNG+합니다/XSV+EF+다른/MM+문/NNG+의/JKG+시/NNG+또/MAG+연락/NNG+주세요/NNP"
          }
        ]
      }
    }
  ]
}