{
  "dataset": {
    "identifier": 140191,
    "name": "e1_20211115_0006_0453_01",
    "src_path": "/data/file/cubeManager/PROJECT018/91/txt20211110140005017080/e1_20211115_0006_0453_01/",
    "label_path": "/data/file/cubeManager/PROJECT018/91/txt20211110140005017080/e1_20211115_0006_0453_01/",
    "category": 2,
    "type": 0
  },
  "licenses": {
    "name": "Apache License 1.0",
    "url": "http://www.apache.org/licenses/LICENSE-1.0"
  },
  "info": [
    {
      "id": 157929,
      "filename": "e1_0067_0070_02.txt",
      "title": "e1_0067_0070_02",
      "mediatype": "콜센터",
      "medianame": "콜센터",
      "category": "목적대화",
      "date": "2021-11-10",
      "size": 245,
      "annotations": {
        "subject": "프로그램 문의",
        "speaker_type": "1:1",
        "size": 245,
        "word_size": 62,
        "text": "A. #@소속# 상담원 #@이름# 입니다\nB. 안녕하세요 저 다음 현강 등록하려는 학생인데요\nA. 네 반갑습니다 어떤 부분 안내 도와드릴까요\nB. 이번달 남은 부분도 현강으로 들을 수 있을까 해서요\nA. 가급적이면 이번달 강의는 밴드 라이브 참여 권유드립니다\nB. 아 저는 사정상 밴드 라이브 수강은 힘든데요\nA. 그러시면 인강으로 제공해 드릴 수는 있습니다\nB. 다행이네요 인강이라도 잘 활용해봐야겠어요\nA. 네 감사합니다 상담원 #@이름# 이였습니다",
        "lines": [
          {
            "id": 1,
            "text": "A. #@소속# 상담원 #@이름# 입니다",
            "norm_text": "A. #@소속# 상담원 #@이름# 입니다",
            "speaker": {
              "id": "A",
              "sex": "여성",
              "age": "1그룹(10대~20대)"
            },
            "speechAct": "인사하기",
            "morpheme": "A/SL+./SY+#/SY+@/SY+소속/NNG+#/SY+상담원/NNG+#/SY+@/SY+이름/NNG+#/SY+입니다/VCP+EC"
          },
          {
            "id": 2,
            "text": "B. 안녕하세요 저 다음 현강 등록하려는 학생인데요",
            "norm_text": "B. 안녕하세요 저 다음 현강 등록하려는 학생인데요",
            "speaker": {
              "id": "B",
              "sex": "남성",
              "age": "1그룹(10대~20대)"
            },
            "speechAct": "진술하기",
            "morpheme": "B/SL+./SY+안녕/NNG+하/XSV+세요/EP+EF+저/MM+다음/NNG+현/MM+강/NNG+등록/NNG+하/XSV+려는/ETM+학생/NNG+인데요/VCP+EC"
          },
          {
            "id": 3,
            "text": "A. 네 반갑습니다 어떤 부분 안내 도와드릴까요",
            "norm_text": "A. 네 반갑습니다 어떤 부분 안내 도와드릴까요",
            "speaker": {
              "id": "A",
              "sex": "여성",
              "age": "1그룹(10대~20대)"
            },
            "speechAct": "질문하기",
            "morpheme": "A/SL+네/IC+반갑/VA+습니다/EF+어떤/MM+부분/NNG+안내/NNG+도와/VV+EC+드릴까요/VX+EC"
          },
          {
            "id": 4,
            "text": "B. 이번달 남은 부분도 현강으로 들을 수 있을까 해서요",
            "norm_text": "B. 이번달 남은 부분도 현강으로 들을 수 있을까 해서요",
            "speaker": {
              "id": "B",
              "sex": "남성",
              "age": "1그룹(10대~20대)"
            },
            "speechAct": "진술하기",
            "morpheme": "B/SL+./SY+이번/NNG+달/NNG+남/VV+은/ETM+부분/NNG+도/JX+현/MM+강/NNG+으로/JKB+들/VV+을/ETM+수/NNB+있/VV+을까/EC+해서/VX+EC+VCP+요/EC"
          },
          {
            "id": 5,
            "text": "A. 가급적이면 이번달 강의는 밴드 라이브 참여 권유드립니다",
            "norm_text": "A. 가급적이면 이번달 강의는 밴드 라이브 참여 권유드립니다",
            "speaker": {
              "id": "A",
              "sex": "여성",
              "age": "1그룹(10대~20대)"
            },
            "speechAct": "진술하기",
            "morpheme": "A/SL+./SY+가급적/NNG+이/VCP+면/EC+이번/NNG+달/NNG+강의/NNG+는/JX+밴/VV+ETM+드라이브/NNG+참여/NNG+권/XSN+유/VCP+EC+드립니다/VX+EC"
          },
          {
            "id": 6,
            "text": "B. 아 저는 사정상 밴드 라이브 수강은 힘든데요",
            "norm_text": "B. 아 저는 사정상 밴드 라이브 수강은 힘든데요",
            "speaker": {
              "id": "B",
              "sex": "남성",
              "age": "1그룹(10대~20대)"
            },
            "speechAct": "진술하기",
            "morpheme": "B/SL+아/IC+저/NP+는/JX+사정/NNG+상/XSN+밴/VA+ETM+드라이브/NNG+수강/NNG+은/JX+힘든/VA+ETM+데/NNB+요/VCP+EC"
          },
          {
            "id": 7,
            "text": "A. 그러시면 인강으로 제공해 드릴 수는 있습니다",
            "norm_text": "A. 그러시면 인강으로 제공해 드릴 수는 있습니다",
            "speaker": {
              "id": "A",
              "sex": "여성",
              "age": "1그룹(10대~20대)"
            },
            "speechAct": "진술하기",
            "morpheme": "A/SL+그러/VV+시/EP+면/EC+인/+강/+으로/JKB+제공/NNG+해/XSV+EC+드릴/VX+ETM+수/NNB+는/JX+있/VX+습니다/EF"
          },
          {
            "id": 8,
            "text": "B. 다행이네요 인강이라도 잘 활용해봐야겠어요",
            "norm_text": "B. 다행이네요 인강이라도 잘 활용해봐야겠어요",
            "speaker": {
              "id": "B",
              "sex": "남성",
              "age": "1그룹(10대~20대)"
            },
            "speechAct": "진술하기",
            "morpheme": "B/SL+./SY+다행/NNG+이/JKS+네/MM+요인/NNG+강/NNG+이/VCP+라도/EC+잘/MAG+활용/NNG+해봐야/XSV+EC+VX+EC+VX+겠/EP+어요/EF"
          },
          {
            "id": 9,
            "text": "A. 네 감사합니다 상담원 #@이름# 이였습니다",
            "norm_text": "A. 네 감사합니다 상담원 #@이름# 이였습니다",
            "speaker": {
              "id": "A",
              "sex": "여성",
              "age": "1그룹(10대~20대)"
            },
            "speechAct": "인사하기",
            "morpheme": "A/SL+네/IC+감사/NNG+합니다/XSV+EF+상담원/NNG+#/SY+@/SY+이름/NNG+#/SY+이/VCP+였/EP+습니다/EF"
          }
        ]
      }
    }
  ]
}