{
  "dataset": {
    "identifier": 139772,
    "name": "e1_20211115_0006_0300_01",
    "src_path": "/data/file/cubeManager/PROJECT018/91/txt20211110140003060822/e1_20211115_0006_0300_01/",
    "label_path": "/data/file/cubeManager/PROJECT018/91/txt20211110140003060822/e1_20211115_0006_0300_01/",
    "category": 2,
    "type": 0
  },
  "licenses": {
    "name": "Apache License 1.0",
    "url": "http://www.apache.org/licenses/LICENSE-1.0"
  },
  "info": [
    {
      "id": 157761,
      "filename": "e1_0066_0113_02.txt",
      "title": "e1_0066_0113_02",
      "mediatype": "콜센터",
      "medianame": "콜센터",
      "category": "목적대화",
      "date": "2021-11-10",
      "size": 263,
      "annotations": {
        "subject": "프로그램 문의",
        "speaker_type": "1:1",
        "size": 263,
        "word_size": 54,
        "text": "A.　무엇이든 도와드리겠습니다　#@소속# #@이름#입니다\nB.　안녕하세요　저 그 복습기간이라는게 있다고 하던데요\nA.　네 수료한 과정에 한해 복습기간이 주어집니다\nB.　그러면 복습기간 중엔 새로 수강신청 안해도 된다는 거네요\nA.　복습기간 중에는 새로 수강신청 없이 학습이 가능합니다\nB.　아 그렇군요 감사합니다\nB.  덕분에 이제 다 이해했어요\nA.　다른 문의사항은 따로 없으실까요\nB.  네 없습니다 복습기간에 대해 알려주셔서 감사해요\nA.　네 행복한 하루 되세요　#@이름#이였습니다",
        "lines": [
          {
            "id": 1,
            "text": "A.　무엇이든 도와드리겠습니다　#@소속# #@이름#입니다",
            "norm_text": "A.　무엇이든 도와드리겠습니다　#@소속# #@이름#입니다",
            "speaker": {
              "id": "A",
              "sex": "여성",
              "age": "1그룹(10대~20대)"
            },
            "speechAct": "인사하기",
            "morpheme": "A/SL+./SY+　/SY+무엇/NP+이/VCP+든/EC+도와/VV+EC+드리/VX+겠/EP+습니다/EF+　/SY+#/SY+@/SY+소속/NNG+#/SY+#/SY+@/SY+이름/NNG+#/SY+입니다/VCP+EC"
          },
          {
            "id": 2,
            "text": "B.　안녕하세요　저 그 복습기간이라는게 있다고 하던데요",
            "norm_text": "B.　안녕하세요　저 그 복습기간이라는게 있다고 하던데요",
            "speaker": {
              "id": "B",
              "sex": "남성",
              "age": "1그룹(10대~20대)"
            },
            "speechAct": "질문하기",
            "morpheme": "B/SL+./SY+　/SY+안녕/NNG+하/XSV+세요/EP+EF+　/SY+저/IC+그/MM+복습/NNG+기간/NNG+이/VCP+라는/ETM+게/NNB+JKS+있/VA+다고/EC+하/VV+던데요/EC"
          },
          {
            "id": 3,
            "text": "A.　네 수료한 과정에 한해 복습기간이 주어집니다",
            "norm_text": "A.　네 수료한 과정에 한해 복습기간이 주어집니다",
            "speaker": {
              "id": "A",
              "sex": "여성",
              "age": "1그룹(10대~20대)"
            },
            "speechAct": "진술하기",
            "morpheme": "A/SL+./SY+　/SY+네/IC+수료/NNG+한/XSA+ETM+과정/NNG+에/JKB+한/MM+해/NNG+복습/NNG+기간/NNG+이/JKS+주/VV+어/EC+집니다/VX+EC"
          },
          {
            "id": 4,
            "text": "B.　그러면 복습기간 중엔 새로 수강신청 안해도 된다는 거네요",
            "norm_text": "B.　그러면 복습기간 중엔 새로 수강신청 안해도 된다는 거네요",
            "speaker": {
              "id": "B",
              "sex": "남성",
              "age": "1그룹(10대~20대)"
            },
            "speechAct": "질문하기",
            "morpheme": "B/SL+./SY+　/SY+그러면/MAJ+복습/NNG+기간/NNG+중/NNB+엔/JKB+JX+새로/MAG+수강/NNG+신청/NNG+안/MAG+해도/VV+EC+된다는/VV+ETM+거/NNB+네요/VCP+EC"
          },
          {
            "id": 5,
            "text": "A.　복습기간 중에는 새로 수강신청 없이 학습이 가능합니다",
            "norm_text": "A.　복습기간 중에는 새로 수강신청 없이 학습이 가능합니다",
            "speaker": {
              "id": "A",
              "sex": "여성",
              "age": "1그룹(10대~20대)"
            },
            "speechAct": "진술하기",
            "morpheme": "A/SL+./SY+　/SY+복습/NNG+기간/NNG+중/NNB+에/JKB+는/JX+새로/MAG+수강/NNG+신청/NNG+없이/MAG+학습/NNG+이/JKS+가능/NNG+합니다/XSV+EC"
          },
          {
            "id": 6,
            "text": "B.　아 그렇군요 감사합니다",
            "norm_text": "B.　아 그렇군요 감사합니다",
            "speaker": {
              "id": "B",
              "sex": "남성",
              "age": "1그룹(10대~20대)"
            },
            "speechAct": "감사하기",
            "morpheme": "B/SL+./SY+　/SY+아/IC+그렇/VA+군요/EC+감사/NNG+합니다/XSV+EC"
          },
          {
            "id": 7,
            "text": "B.  덕분에 이제 다 이해했어요",
            "norm_text": "B.  덕분에 이제 다 이해했어요",
            "speaker": {
              "id": "B",
              "sex": "남성",
              "age": "1그룹(10대~20대)"
            },
            "speechAct": "긍정감정표현하기(칭찬하기 포함)",
            "morpheme": "B/SL+./SY+덕분/NNG+에/JKB+이제/MAG+다/MAG+이해/NNG+했어요/XSV+EP+EC"
          },
          {
            "id": 8,
            "text": "A.　다른 문의사항은 따로 없으실까요",
            "norm_text": "A.　다른 문의사항은 따로 없으실까요",
            "speaker": {
              "id": "A",
              "sex": "여성",
              "age": "1그룹(10대~20대)"
            },
            "speechAct": "질문하기",
            "morpheme": "A/SL+./SY+　/SY+다른/MM+문/NNG+의/JKG+사항/NNG+은/JX+따로/MAG+없/VA+으실까/EP+EP+EF+요/MM"
          },
          {
            "id": 9,
            "text": "B.  네 없습니다 복습기간에 대해 알려주셔서 감사해요",
            "norm_text": "B.  네 없습니다 복습기간에 대해 알려주셔서 감사해요",
            "speaker": {
              "id": "B",
              "sex": "남성",
              "age": "1그룹(10대~20대)"
            },
            "speechAct": "감사하기",
            "morpheme": "B/SL+네/IC+없/VA+습니다/EF+복습/NNG+기간/NNG+에/JKB+대해/VV+EC+알려/VV+EC+주/VX+셔서/EP+EC+감사/NNG+해요/XSV+EC"
          },
          {
            "id": 10,
            "text": "A.　네 행복한 하루 되세요　#@이름#이였습니다",
            "norm_text": "A.　네 행복한 하루 되세요　#@이름#이였습니다",
            "speaker": {
              "id": "A",
              "sex": "여성",
              "age": "1그룹(10대~20대)"
            },
            "speechAct": "인사하기",
            "morpheme": "A/SL+./SY+　/SY+네/IC+행복/NNG+한/XSA+ETM+하루/NNG+되/XSV+세요/EP+EF+　/SY+#/SY+@/SY+이름/NNG+#/SY+이/VCP+였/EP+습니다/EF"
          }
        ]
      }
    }
  ]
}