{
  "dataset": {
    "identifier": 140439,
    "name": "e1_20211115_0006_0518_01",
    "src_path": "/data/file/cubeManager/PROJECT018/91/txt20211110140005063012/e1_20211115_0006_0518_01/",
    "label_path": "/data/file/cubeManager/PROJECT018/91/txt20211110140005063012/e1_20211115_0006_0518_01/",
    "category": 2,
    "type": 0
  },
  "licenses": {
    "name": "Apache License 1.0",
    "url": "http://www.apache.org/licenses/LICENSE-1.0"
  },
  "info": [
    {
      "id": 157992,
      "filename": "e1_0067_0133_02.txt",
      "title": "e1_0067_0133_02",
      "mediatype": "콜센터",
      "medianame": "콜센터",
      "category": "목적대화",
      "date": "2021-11-10",
      "size": 302,
      "annotations": {
        "subject": "프로그램 문의",
        "speaker_type": "1:1",
        "size": 302,
        "word_size": 76,
        "text": "A. 안녕하세요 #@소속# #@이름# 상담원입니다\nB. 네 저 단어시험 궁금한게 있어서요\nA. 어떤 부분 궁금하신지 말씀해주세요\nB. 좀 걱정되서 그러는데 혹시 통과못하면 재시험 보나요\nA. 아니요 단어 테스트에 재시험은 진행안합니다\nB. 그럼 테스트를 언제 보는지 일정 좀 알려주세요\nA. 평일 주5일간 매일 데일리 테스트가 있구요\nA. 매월 둘째주마다 위클리 테스트가 따로 있습니다\nB. 아 준비를 나름 열심히 해야곘네요\nA. 네 맞습니다 다른 문의 사항 더 있으실까요\nB. 아니요 단어시험만 궁금했던거라서요\nA. 네 감사합니다 상담원 #@이름# 이였습니다",
        "lines": [
          {
            "id": 1,
            "text": "A. 안녕하세요 #@소속# #@이름# 상담원입니다",
            "norm_text": "A. 안녕하세요 #@소속# #@이름# 상담원입니다",
            "speaker": {
              "id": "A",
              "sex": "여성",
              "age": "1그룹(10대~20대)"
            },
            "speechAct": "인사하기",
            "morpheme": "A/SL+./SY+안녕/NNG+하/XSV+세요/EP+EF+#/SY+@/SY+소속/NNG+#/SY+#/SY+@/SY+이름/NNG+#/SY+상담원/NNG+입니다/VCP+EC"
          },
          {
            "id": 2,
            "text": "B. 네 저 단어시험 궁금한게 있어서요",
            "norm_text": "B. 네 저 단어시험 궁금한게 있어서요",
            "speaker": {
              "id": "B",
              "sex": "남성",
              "age": "1그룹(10대~20대)"
            },
            "speechAct": "진술하기",
            "morpheme": "B/SL+네/IC+저/MM+단어/NNG+시험/NNG+궁금/XR+한/XSA+ETM+게/NNB+JKS+있/VA+어서요/EC"
          },
          {
            "id": 3,
            "text": "A. 어떤 부분 궁금하신지 말씀해주세요",
            "norm_text": "A. 어떤 부분 궁금하신지 말씀해주세요",
            "speaker": {
              "id": "A",
              "sex": "여성",
              "age": "1그룹(10대~20대)"
            },
            "speechAct": "명령하기/요구하기",
            "morpheme": "A/SL+어떤/MM+부분/NNG+궁금/XR+하/XSA+신지/JKS+EP+EC+말씀/NNG+해/XSV+EC+주/VX+세요/EP+EF"
          },
          {
            "id": 4,
            "text": "B. 좀 걱정되서 그러는데 혹시 통과못하면 재시험 보나요",
            "norm_text": "B. 좀 걱정되서 그러는데 혹시 통과못하면 재시험 보나요",
            "speaker": {
              "id": "B",
              "sex": "남성",
              "age": "1그룹(10대~20대)"
            },
            "speechAct": "질문하기",
            "morpheme": "B/SL+좀/MAG+걱정/NNG+되/XSV+서/EC+그러/VV+는데/EC+혹시/MAG+통과/NNG+못/MAG+하/VV+면/EC+재/XPN+시험/NNG+보/VV+나요/EC"
          },
          {
            "id": 5,
            "text": "A. 아니요 단어 테스트에 재시험은 진행안합니다",
            "norm_text": "A. 아니요 단어 테스트에 재시험은 진행안합니다",
            "speaker": {
              "id": "A",
              "sex": "여성",
              "age": "1그룹(10대~20대)"
            },
            "speechAct": "진술하기",
            "morpheme": "A/SL+아니요/IC+단어/NNG+테스트/NNG+에/JKB+재/XPN+시험/NNG+은/JX+진행/NNG+안/MAG+합니다/VV+EC"
          },
          {
            "id": 6,
            "text": "B. 그럼 테스트를 언제 보는지 일정 좀 알려주세요",
            "norm_text": "B. 그럼 테스트를 언제 보는지 일정 좀 알려주세요",
            "speaker": {
              "id": "B",
              "sex": "남성",
              "age": "1그룹(10대~20대)"
            },
            "speechAct": "명령하기/요구하기",
            "morpheme": "B/SL+그럼/MAJ+테스트/NNG+를/JKO+언제/MAG+보/VV+는지/EC+일정/NNG+좀/MAG+알려/VV+EC+주/VX+세요/EP+EF"
          },
          {
            "id": 7,
            "text": "A. 평일 주5일간 매일 데일리 테스트가 있구요",
            "norm_text": "A. 평일 주5일간 매일 데일리 테스트가 있구요",
            "speaker": {
              "id": "A",
              "sex": "여성",
              "age": "1그룹(10대~20대)"
            },
            "speechAct": "진술하기",
            "morpheme": "A/SL+./SY+평일/NNG+주/NNG+5/SN+일/NNBC+간/NNG+매일/MAG+데일리/NNP+테스트/NNG+가/JKS+있/VA+구요/EF"
          },
          {
            "id": 8,
            "text": "A. 매월 둘째주마다 위클리 테스트가 따로 있습니다",
            "norm_text": "A. 매월 둘째주마다 위클리 테스트가 따로 있습니다",
            "speaker": {
              "id": "A",
              "sex": "여성",
              "age": "1그룹(10대~20대)"
            },
            "speechAct": "진술하기",
            "morpheme": "A/SL+매월/MAG+둘째/NR+주/NNBC+마다/JX+위클리/NNP+테스트/NNG+가/JKS+따로/MAG+있/VV+습니다/EF"
          },
          {
            "id": 9,
            "text": "B. 아 준비를 나름 열심히 해야곘네요",
            "norm_text": "B. 아 준비를 나름 열심히 해야곘네요",
            "speaker": {
              "id": "B",
              "sex": "남성",
              "age": "1그룹(10대~20대)"
            },
            "speechAct": "진술하기",
            "morpheme": "B/SL+아/IC+준비/NNG+를/JKO+나름/NNB+열심히/MAG+해야/VV+EC+곘/UNKNOWN+네요/VCP+EC"
          },
          {
            "id": 10,
            "text": "A. 네 맞습니다 다른 문의 사항 더 있으실까요",
            "norm_text": "A. 네 맞습니다 다른 문의 사항 더 있으실까요",
            "speaker": {
              "id": "A",
              "sex": "여성",
              "age": "1그룹(10대~20대)"
            },
            "speechAct": "질문하기",
            "morpheme": "A/SL+네/IC+맞/VV+습니다/EF+다른/MM+문/NNG+의/JKG+사항/NNG+더/MAG+있/VA+으실까/EP+EP+EF+요/MM"
          },
          {
            "id": 11,
            "text": "B. 아니요 단어시험만 궁금했던거라서요",
            "norm_text": "B. 아니요 단어시험만 궁금했던거라서요",
            "speaker": {
              "id": "B",
              "sex": "남성",
              "age": "1그룹(10대~20대)"
            },
            "speechAct": "진술하기",
            "morpheme": "B/SL+아니요/IC+단어/NNG+시험/NNG+만/JX+궁금/XR+했/XSA+EP+던/ETM+거/NNB+라서요/VCP+EC"
          },
          {
            "id": 12,
            "text": "A. 네 감사합니다 상담원 #@이름# 이였습니다",
            "norm_text": "A. 네 감사합니다 상담원 #@이름# 이였습니다",
            "speaker": {
              "id": "A",
              "sex": "여성",
              "age": "1그룹(10대~20대)"
            },
            "speechAct": "인사하기",
            "morpheme": "A/SL+네/IC+감사/NNG+합니다/XSV+EF+상담원/NNG+#/SY+@/SY+이름/NNG+#/SY+이/VCP+였/EP+습니다/EF"
          }
        ]
      }
    }
  ]
}