{
  "dataset": {
    "identifier": 139782,
    "name": "e1_20211115_0006_0302_01",
    "src_path": "/data/file/cubeManager/PROJECT018/91/txt20211110140003061788/e1_20211115_0006_0302_01/",
    "label_path": "/data/file/cubeManager/PROJECT018/91/txt20211110140003061788/e1_20211115_0006_0302_01/",
    "category": 2,
    "type": 0
  },
  "licenses": {
    "name": "Apache License 1.0",
    "url": "http://www.apache.org/licenses/LICENSE-1.0"
  },
  "info": [
    {
      "id": 157762,
      "filename": "e1_0066_0114_02.txt",
      "title": "e1_0066_0114_02",
      "mediatype": "콜센터",
      "medianame": "콜센터",
      "category": "목적대화",
      "date": "2021-11-10",
      "size": 285,
      "annotations": {
        "subject": "프로그램 문의",
        "speaker_type": "1:1",
        "size": 285,
        "word_size": 59,
        "text": "A.　연락 주셔서 감사합니다　#@소속# #@이름#입니다\nB.　안녕하세요　예비 신입생인데 수업 관련한 궁금증이 있어서요\nB.　과목 수업시간이 어떻게 되는지 알 수 있나요\nA.　과목의 1주차 수업시간은 대략 90분 정도입니다\nB.  1주차 강의는 총 몇개 강의에요\nA.　1주차는 3강으로 구성되어 있습니다\nB.  아 그럼 1주차에 약 270분 수업이네요\nA.  네 그렇게 보시면 될것같습니다\nB.　아 네 알겠네요　감사합니다\nA.　다른 문의사항은 없으신가요\nB.　네 없습니다　감사합니다\nA.　코로나 조심하세요　상담사 #@이름#이었습니다",
        "lines": [
          {
            "id": 1,
            "text": "A.　연락 주셔서 감사합니다　#@소속# #@이름#입니다",
            "norm_text": "A.　연락 주셔서 감사합니다　#@소속# #@이름#입니다",
            "speaker": {
              "id": "A",
              "sex": "여성",
              "age": "1그룹(10대~20대)"
            },
            "speechAct": "인사하기",
            "morpheme": "A/SL+./SY+　/SY+연락/NNG+주/VV+셔서/EP+EC+감사/NNG+합니다/XSV+EF+　/SY+#/SY+@/SY+소속/NNG+#/SY+#/SY+@/SY+이름/NNG+#/SY+입니다/VCP+EC"
          },
          {
            "id": 2,
            "text": "B.　안녕하세요　예비 신입생인데 수업 관련한 궁금증이 있어서요",
            "norm_text": "B.　안녕하세요　예비 신입생인데 수업 관련한 궁금증이 있어서요",
            "speaker": {
              "id": "B",
              "sex": "남성",
              "age": "1그룹(10대~20대)"
            },
            "speechAct": "진술하기",
            "morpheme": "B/SL+./SY+　/SY+안녕/NNG+하/XSV+세요/EP+EF+　/SY+예비/NNG+신입/NNG+생/XSN+인데/VCP+EC+수업/NNG+관련/NNG+한/XSA+ETM+궁금증/NNG+이/JKS+있/VV+어서요/EC"
          },
          {
            "id": 3,
            "text": "B.　과목 수업시간이 어떻게 되는지 알 수 있나요",
            "norm_text": "B.　과목 수업시간이 어떻게 되는지 알 수 있나요",
            "speaker": {
              "id": "B",
              "sex": "남성",
              "age": "1그룹(10대~20대)"
            },
            "speechAct": "질문하기",
            "morpheme": "B/SL+./SY+　/SY+과목/NNG+수업/NNG+시간/NNG+이/JKS+어떻게/MAG+되/VV+는지/EC+알/VV+ETM+수/NNB+있/VV+나요/EC"
          },
          {
            "id": 4,
            "text": "A.　과목의 1주차 수업시간은 대략 90분 정도입니다",
            "norm_text": "A.　과목의 1주차 수업시간은 대략 90분 정도입니다",
            "speaker": {
              "id": "A",
              "sex": "여성",
              "age": "1그룹(10대~20대)"
            },
            "speechAct": "진술하기",
            "morpheme": "A/SL+./SY+　/SY+과목/NNG+의/JKG+1/SN+주/NNBC+차/XSN+수업/NNG+시간/NNG+은/JX+대략/MAG+90/SN+분/NNBC+정도/NNG+입니다/VCP+EC"
          },
          {
            "id": 5,
            "text": "B.  1주차 강의는 총 몇개 강의에요",
            "norm_text": "B.  1주차 강의는 총 몇개 강의에요",
            "speaker": {
              "id": "B",
              "sex": "남성",
              "age": "1그룹(10대~20대)"
            },
            "speechAct": "질문하기",
            "morpheme": "B/SL+./SY+1/SN+주/NNBC+차/XSN+강의/NNG+는/JX+총/MM+몇/MM+개/NNBC+강의/NNG+에/JKB+요/JX"
          },
          {
            "id": 6,
            "text": "A.　1주차는 3강으로 구성되어 있습니다",
            "norm_text": "A.　1주차는 3강으로 구성되어 있습니다",
            "speaker": {
              "id": "A",
              "sex": "여성",
              "age": "1그룹(10대~20대)"
            },
            "speechAct": "진술하기",
            "morpheme": "A/SL+./SY+　/SY+1/SN+주/NNBC+차/XSN+는/JX+3/SN+강/NNG+으로/JKB+구성/NNG+되/XSV+어/EC+있/VX+습니다/EF"
          },
          {
            "id": 7,
            "text": "B.  아 그럼 1주차에 약 270분 수업이네요",
            "norm_text": "B.  아 그럼 1주차에 약 270분 수업이네요",
            "speaker": {
              "id": "B",
              "sex": "남성",
              "age": "1그룹(10대~20대)"
            },
            "speechAct": "질문하기",
            "morpheme": "B/SL+아/IC+그럼/MAJ+1/SN+주/NNBC+차/XSN+에/JKB+약/MM+270/SN+분/NNBC+수업/NNG+이/VCP+네요/EC"
          },
          {
            "id": 8,
            "text": "A.  네 그렇게 보시면 될것같습니다",
            "norm_text": "A.  네 그렇게 보시면 될것같습니다",
            "speaker": {
              "id": "A",
              "sex": "여성",
              "age": "1그룹(10대~20대)"
            },
            "speechAct": "진술하기",
            "morpheme": "A/SL+네/IC+그렇게/MAG+보/VV+시/EP+면/EC+될/VV+ETM+것/NNB+같/VA+습니다/EF"
          },
          {
            "id": 9,
            "text": "B.　아 네 알겠네요　감사합니다",
            "norm_text": "B.　아 네 알겠네요　감사합니다",
            "speaker": {
              "id": "B",
              "sex": "남성",
              "age": "1그룹(10대~20대)"
            },
            "speechAct": "감사하기",
            "morpheme": "B/SL+./SY+　/SY+아네/NNG+알/VV+겠/EP+네요/EF+　/SY+감사/NNG+합니다/XSV+EC"
          },
          {
            "id": 10,
            "text": "A.　다른 문의사항은 없으신가요",
            "norm_text": "A.　다른 문의사항은 없으신가요",
            "speaker": {
              "id": "A",
              "sex": "여성",
              "age": "1그룹(10대~20대)"
            },
            "speechAct": "질문하기",
            "morpheme": "A/SL+./SY+　/SY+다른/MM+문/NNG+의/JKG+사항/NNG+은/JX+없/VA+으신/EP+ETM+가요/NNG"
          },
          {
            "id": 11,
            "text": "B.　네 없습니다　감사합니다",
            "norm_text": "B.　네 없습니다　감사합니다",
            "speaker": {
              "id": "B",
              "sex": "남성",
              "age": "1그룹(10대~20대)"
            },
            "speechAct": "감사하기",
            "morpheme": "B/SL+./SY+　/SY+네/IC+없/VA+습니다/EF+　/SY+감사/NNG+합니다/XSV+EC"
          },
          {
            "id": 12,
            "text": "A.　코로나 조심하세요　상담사 #@이름#이었습니다",
            "norm_text": "A.　코로나 조심하세요　상담사 #@이름#이었습니다",
            "speaker": {
              "id": "A",
              "sex": "여성",
              "age": "1그룹(10대~20대)"
            },
            "speechAct": "인사하기",
            "morpheme": "A/SL+./SY+　/SY+코로나/NNG+조심/NNG+하/XSV+세요/EP+EF+　/SY+상담/NNG+사/NNG+#/SY+@/SY+이름/NNG+#/SY+이/VCP+었/EP+습니다/EF"
          }
        ]
      }
    }
  ]
}