{
  "dataset": {
    "identifier": 139683,
    "name": "e1_20211115_0006_0246_01",
    "src_path": "/data/file/cubeManager/PROJECT018/91/txt20211110140003010849/e1_20211115_0006_0246_01/",
    "label_path": "/data/file/cubeManager/PROJECT018/91/txt20211110140003010849/e1_20211115_0006_0246_01/",
    "category": 2,
    "type": 0
  },
  "licenses": {
    "name": "Apache License 1.0",
    "url": "http://www.apache.org/licenses/LICENSE-1.0"
  },
  "info": [
    {
      "id": 157707,
      "filename": "e1_0066_0059_02.txt",
      "title": "e1_0066_0059_02",
      "mediatype": "콜센터",
      "medianame": "콜센터",
      "category": "목적대화",
      "date": "2021-11-10",
      "size": 247,
      "annotations": {
        "subject": "프로그램 문의",
        "speaker_type": "1:1",
        "size": 247,
        "word_size": 58,
        "text": "A. 기쁨 가득한 #@소속# 상담원 #@이름#입니다\nB. 안녕하세요 #@상품# 난이도 좀 알 수 있을까요\nA. 중상위권 대상으로 오랜기간 강의 한 강사들이 수업을 진행해서요\nA. 중상급 난이도라고 보시면 될것같습니다\nB. 아 중상위권 대상으로 강의한거라 그렇겠군요\nA. 강의 수준 전반적으로 심화학습 강의가 중심입니다\nB. 아 그렇군요 알겠습니다\nA. 다른 문의사항 있으신가요\nB. 아니요 감사합니다 수고하세요\nA. 감사합니다 #@소속# #@이름# 이었습니다",
        "lines": [
          {
            "id": 1,
            "text": "A. 기쁨 가득한 #@소속# 상담원 #@이름#입니다",
            "norm_text": "A. 기쁨 가득한 #@소속# 상담원 #@이름#입니다",
            "speaker": {
              "id": "A",
              "sex": "여성",
              "age": "1그룹(10대~20대)"
            },
            "speechAct": "인사하기",
            "morpheme": "A/SL+./SY+기쁨/NNG+가득/MAG+한/XSA+ETM+#/SY+@/SY+소속/NNG+#/SY+상담원/NNG+#/SY+@/SY+이름/NNG+#/SY+입니다/VCP+EC"
          },
          {
            "id": 2,
            "text": "B. 안녕하세요 #@상품# 난이도 좀 알 수 있을까요",
            "norm_text": "B. 안녕하세요 #@상품# 난이도 좀 알 수 있을까요",
            "speaker": {
              "id": "B",
              "sex": "남성",
              "age": "1그룹(10대~20대)"
            },
            "speechAct": "질문하기",
            "morpheme": "B/SL+./SY+안녕/NNG+하/XSV+세요/EP+EF+#/SY+@/SY+상품/NNG+#/SY+난이/NNG+도/JX+좀/MAG+알/VV+ETM+수/NNB+있/VV+을까요/EC"
          },
          {
            "id": 3,
            "text": "A. 중상위권 대상으로 오랜기간 강의 한 강사들이 수업을 진행해서요",
            "norm_text": "A. 중상위권 대상으로 오랜기간 강의 한 강사들이 수업을 진행해서요",
            "speaker": {
              "id": "A",
              "sex": "여성",
              "age": "1그룹(10대~20대)"
            },
            "speechAct": "진술하기",
            "morpheme": "A/SL+./SY+중상/NNG+위/NNG+권/XSN+대상/NNG+으로/JKB+오랜/MM+기간/NNG+강의/NNG+한/XSA+ETM+강사/NNG+들/XSN+이/JKS+수업/NNG+을/JKO+진행/NNG+해서/XSV+EC+VCP+VCP+요/EC"
          },
          {
            "id": 4,
            "text": "A. 중상급 난이도라고 보시면 될것같습니다",
            "norm_text": "A. 중상급 난이도라고 보시면 될것같습니다",
            "speaker": {
              "id": "A",
              "sex": "여성",
              "age": "1그룹(10대~20대)"
            },
            "speechAct": "진술하기",
            "morpheme": "A/SL+./SY+중상/NNG+급/NNG+난이도/NNG+라고/VCP+EC+보/VX+시/EP+면/EC+될/VV+ETM+것/NNB+같/VA+습니다/EF"
          },
          {
            "id": 5,
            "text": "B. 아 중상위권 대상으로 강의한거라 그렇겠군요",
            "norm_text": "B. 아 중상위권 대상으로 강의한거라 그렇겠군요",
            "speaker": {
              "id": "B",
              "sex": "남성",
              "age": "1그룹(10대~20대)"
            },
            "speechAct": "진술하기",
            "morpheme": "B/SL+아/IC+중상/NNG+위/NNG+권/XSN+대상/NNG+으로/JKB+강의/NNG+한/XSA+ETM+거/NNB+라/VCP+EC+그렇/VA+겠/EP+군요/EC"
          },
          {
            "id": 6,
            "text": "A. 강의 수준 전반적으로 심화학습 강의가 중심입니다",
            "norm_text": "A. 강의 수준 전반적으로 심화학습 강의가 중심입니다",
            "speaker": {
              "id": "A",
              "sex": "여성",
              "age": "1그룹(10대~20대)"
            },
            "speechAct": "진술하기",
            "morpheme": "A/SL+./SY+강의/NNG+수준/NNG+전반/NNG+적/XSN+으로/JKB+심화/NNG+학습/NNG+강의/NNG+가/JKS+중심/NNG+입니다/VCP+EC"
          },
          {
            "id": 7,
            "text": "B. 아 그렇군요 알겠습니다",
            "norm_text": "B. 아 그렇군요 알겠습니다",
            "speaker": {
              "id": "B",
              "sex": "남성",
              "age": "1그룹(10대~20대)"
            },
            "speechAct": "진술하기",
            "morpheme": "B/SL+아/IC+그렇/VA+군요/EC+알/VV+겠/EP+습니다/EF"
          },
          {
            "id": 8,
            "text": "A. 다른 문의사항 있으신가요",
            "norm_text": "A. 다른 문의사항 있으신가요",
            "speaker": {
              "id": "A",
              "sex": "여성",
              "age": "1그룹(10대~20대)"
            },
            "speechAct": "질문하기",
            "morpheme": "A/SL+다른/MM+문/NNG+의/JKG+사항/NNG+있/VV+으신/EP+ETM+가요/NNG"
          },
          {
            "id": 9,
            "text": "B. 아니요 감사합니다 수고하세요",
            "norm_text": "B. 아니요 감사합니다 수고하세요",
            "speaker": {
              "id": "B",
              "sex": "남성",
              "age": "1그룹(10대~20대)"
            },
            "speechAct": "인사하기",
            "morpheme": "B/SL+아니요/IC+감사/NNG+합니다/XSV+EF+수고/NNG+하/XSV+세요/EP+EF"
          },
          {
            "id": 10,
            "text": "A. 감사합니다 #@소속# #@이름# 이었습니다",
            "norm_text": "A. 감사합니다 #@소속# #@이름# 이었습니다",
            "speaker": {
              "id": "A",
              "sex": "여성",
              "age": "1그룹(10대~20대)"
            },
            "speechAct": "인사하기",
            "morpheme": "A/SL+./SY+감사/NNG+합니다/XSV+EF+#/SY+@/SY+소속/NNG+#/SY+#/SY+@/SY+이름/NNG+#/SY+이/VCP+었/EP+습니다/EF"
          }
        ]
      }
    }
  ]
}