{
  "dataset": {
    "identifier": 140960,
    "name": "e1_20211115_0006_0620_01",
    "src_path": "/data/file/cubeManager/PROJECT018/91/txt20211110140009013374/e1_20211115_0006_0620_01/",
    "label_path": "/data/file/cubeManager/PROJECT018/91/txt20211110140009013374/e1_20211115_0006_0620_01/",
    "category": 2,
    "type": 0
  },
  "licenses": {
    "name": "Apache License 1.0",
    "url": "http://www.apache.org/licenses/LICENSE-1.0"
  },
  "info": [
    {
      "id": 158399,
      "filename": "e1_0069_0042_02.txt",
      "title": "e1_0069_0042_02",
      "mediatype": "콜센터",
      "medianame": "콜센터",
      "category": "목적대화",
      "date": "2021-11-10",
      "size": 324,
      "annotations": {
        "subject": "프로그램 문의",
        "speaker_type": "1:1",
        "size": 324,
        "word_size": 75,
        "text": "A.행복 가득한 #@소속# 상담원 #@이름#입니다\nB.네 안녕하세요 문의드릴 게 있어서요\nA.네 무엇을 도와드릴까요\nB.학생부 평가 결과는 어디서 확인할 수 있나요\nA.네 학생부 평가 결과는 일단 로그인하셔서요\nA.나의 학습방 내 학생부 관리 프로그램에서 확인 가능합니다\nB.이거 결과는 어떻게 보는 거예요\nA.먼저 학생부 활동 등록은 비교과 활동이 기재되고요\nA.목표하신 학교 회원별 비교지수가 제공됩니다\nB.아 다른 회원들하고 비교해서 알려주는 거네요\nA.네 그래도 실제 학생부 평가 점수와 상이할 수 있다는 점 알려드려요\nB.네 친절한 설명 감사합니다\nA.감사합니다 #@소속# #@이름#이었습니다",
        "lines": [
          {
            "id": 1,
            "text": "A.행복 가득한 #@소속# 상담원 #@이름#입니다",
            "norm_text": "A.행복 가득한 #@소속# 상담원 #@이름#입니다",
            "speaker": {
              "id": "A",
              "sex": "여성",
              "age": "2그룹(30대~40대)"
            },
            "speechAct": "인사하기",
            "morpheme": "A/SL+./SY+행복/NNG+가득/MAG+한/XSA+ETM+#/SY+@/SY+소속/NNG+#/SY+상담원/NNG+#/SY+@/SY+이름/NNG+#/SY+입니다/VCP+EC"
          },
          {
            "id": 2,
            "text": "B.네 안녕하세요 문의드릴 게 있어서요",
            "norm_text": "B.네 안녕하세요 문의드릴 게 있어서요",
            "speaker": {
              "id": "B",
              "sex": "남성",
              "age": "2그룹(30대~40대)"
            },
            "speechAct": "반박하기",
            "morpheme": "B/SL+네/IC+안녕/NNG+하/XSV+세요/EP+EF+문/NNG+의/JKG+드릴/VV+ETM+게/NNB+JKS+있/VA+어서요/EC"
          },
          {
            "id": 3,
            "text": "A.네 무엇을 도와드릴까요",
            "norm_text": "A.네 무엇을 도와드릴까요",
            "speaker": {
              "id": "A",
              "sex": "여성",
              "age": "2그룹(30대~40대)"
            },
            "speechAct": "질문하기",
            "morpheme": "A/SL+네/IC+무엇/NP+을/JKO+도와/VV+EC+드릴까요/VX+EC"
          },
          {
            "id": 4,
            "text": "B.학생부 평가 결과는 어디서 확인할 수 있나요",
            "norm_text": "B.학생부 평가 결과는 어디서 확인할 수 있나요",
            "speaker": {
              "id": "B",
              "sex": "남성",
              "age": "2그룹(30대~40대)"
            },
            "speechAct": "질문하기",
            "morpheme": "B/SL+./SY+학생/NNG+부/NNG+평가/NNG+결과/NNG+는/JX+어디/NP+서/JKB+확인/NNG+할/XSV+ETM+수/NNB+있/VV+나요/EC"
          },
          {
            "id": 5,
            "text": "A.네 학생부 평가 결과는 일단 로그인하셔서요",
            "norm_text": "A.네 학생부 평가 결과는 일단 로그인하셔서요",
            "speaker": {
              "id": "A",
              "sex": "여성",
              "age": "2그룹(30대~40대)"
            },
            "speechAct": "진술하기",
            "morpheme": "A/SL+네/IC+학생/NNG+부/NNG+평가/NNG+결과/NNG+는/JX+일단/MAG+로그인/NNG+하/XSV+셔서/EP+EC+요/JX"
          },
          {
            "id": 6,
            "text": "A.나의 학습방 내 학생부 관리 프로그램에서 확인 가능합니다",
            "norm_text": "A.나의 학습방 내 학생부 관리 프로그램에서 확인 가능합니다",
            "speaker": {
              "id": "A",
              "sex": "여성",
              "age": "2그룹(30대~40대)"
            },
            "speechAct": "진술하기",
            "morpheme": "A/SL+나/NP+의/JKG+학습/NNG+방내/NNG+학생/NNG+부관리/NNG+프로그램/NNG+에서/JKB+확인/NNG+가능/NNG+합니다/XSV+EC"
          },
          {
            "id": 7,
            "text": "B.이거 결과는 어떻게 보는 거예요",
            "norm_text": "B.이거 결과는 어떻게 보는 거예요",
            "speaker": {
              "id": "B",
              "sex": "남성",
              "age": "2그룹(30대~40대)"
            },
            "speechAct": "질문하기",
            "morpheme": "B/SL+이거/NP+결과/NNG+는/JX+어떻/VA+게/EC+보/VX+는/ETM+거/NNB+예요/VCP+EF"
          },
          {
            "id": 8,
            "text": "A.먼저 학생부 활동 등록은 비교과 활동이 기재되고요",
            "norm_text": "A.먼저 학생부 활동 등록은 비교과 활동이 기재되고요",
            "speaker": {
              "id": "A",
              "sex": "여성",
              "age": "2그룹(30대~40대)"
            },
            "speechAct": "진술하기",
            "morpheme": "A/SL+먼저/MAG+학생/NNG+부/NNG+활동/NNG+등록/NNG+은/JX+비/XPN+교과/NNG+활동/NNG+이/JKS+기재/NNG+되/XSV+고요/EC"
          },
          {
            "id": 9,
            "text": "A.목표하신 학교 회원별 비교지수가 제공됩니다",
            "norm_text": "A.목표하신 학교 회원별 비교지수가 제공됩니다",
            "speaker": {
              "id": "A",
              "sex": "여성",
              "age": "2그룹(30대~40대)"
            },
            "speechAct": "진술하기",
            "morpheme": "A/SL+./SY+목표/NNG+하/XSV+신/EP+ETM+학교/NNG+회원/NNG+별/XSN+비교/NNG+지수/NNG+가/JKS+제공/NNG+됩니다/XSV+EC"
          },
          {
            "id": 10,
            "text": "B.아 다른 회원들하고 비교해서 알려주는 거네요",
            "norm_text": "B.아 다른 회원들하고 비교해서 알려주는 거네요",
            "speaker": {
              "id": "B",
              "sex": "남성",
              "age": "2그룹(30대~40대)"
            },
            "speechAct": "질문하기",
            "morpheme": "B/SL+아/IC+다른/MM+회원/NNG+들/XSN+하고/JKB+비교/NNG+해서/XSV+EC+알려/VV+EC+주/VX+는/ETM+거/NNB+네요/VCP+EC"
          },
          {
            "id": 11,
            "text": "A.네 그래도 실제 학생부 평가 점수와 상이할 수 있다는 점 알려드려요",
            "norm_text": "A.네 그래도 실제 학생부 평가 점수와 상이할 수 있다는 점 알려드려요",
            "speaker": {
              "id": "A",
              "sex": "여성",
              "age": "2그룹(30대~40대)"
            },
            "speechAct": "진술하기",
            "morpheme": "A/SL+네/IC+그래도/MAJ+실제/NNG+학생/NNG+부/NNG+평가/NNG+점수/NNG+와/JC+상이/NNG+할/XSV+ETM+수/NNB+있/VV+다는/ETM+점/NNB+알려/VV+EC+드려요/VV+EC"
          },
          {
            "id": 12,
            "text": "B.네 친절한 설명 감사합니다",
            "norm_text": "B.네 친절한 설명 감사합니다",
            "speaker": {
              "id": "B",
              "sex": "남성",
              "age": "2그룹(30대~40대)"
            },
            "speechAct": "감사하기",
            "morpheme": "B/SL+네/IC+친절/NNG+한/XSA+ETM+설명/NNG+감사/NNG+합니다/XSV+EC"
          },
          {
            "id": 13,
            "text": "A.감사합니다 #@소속# #@이름#이었습니다",
            "norm_text": "A.감사합니다 #@소속# #@이름#이었습니다",
            "speaker": {
              "id": "A",
              "sex": "여성",
              "age": "2그룹(30대~40대)"
            },
            "speechAct": "인사하기",
            "morpheme": "A/SL+./SY+감사/NNG+합니다/XSV+EF+#/SY+@/SY+소속/NNG+#/SY+#/SY+@/SY+이름/NNG+#/SY+이/VCP+었/EP+습니다/EF"
          }
        ]
      }
    }
  ]
}