{
  "dataset": {
    "identifier": 140559,
    "name": "e1_20211115_0006_0582_01",
    "src_path": "/data/file/cubeManager/PROJECT018/91/txt20211110140006081437/e1_20211115_0006_0582_01/",
    "label_path": "/data/file/cubeManager/PROJECT018/91/txt20211110140006081437/e1_20211115_0006_0582_01/",
    "category": 2,
    "type": 0
  },
  "licenses": {
    "name": "Apache License 1.0",
    "url": "http://www.apache.org/licenses/LICENSE-1.0"
  },
  "info": [
    {
      "id": 158134,
      "filename": "e1_0068_0062_02.txt",
      "title": "e1_0068_0062_02",
      "mediatype": "콜센터",
      "medianame": "콜센터",
      "category": "목적대화",
      "date": "2021-11-10",
      "size": 291,
      "annotations": {
        "subject": "프로그램 문의",
        "speaker_type": "1:1",
        "size": 291,
        "word_size": 67,
        "text": "A.안녕하세요 #@소속#고객센터 #@이름# 입니다\nB.#@상품#전집 말고 다른 전집도 섞어서 읽어 보고 싶어 해서요\nA.여러 전집을 한 권씩 고루 읽는 방식도 있어요\nB.그렇게도 가능 하군요 물어보길 잘했네요\nA.먼저 읽을 전집을 선택하시면 전집으로만 일 이일 차에 나눠서 배정되요\nB.그렇게 선택도 가능 한거였어요 몰랐어요\nA.권수를 선택 하시고 전집 한권씩 고루 읽기 선택 하시고 저장 해주세요\nB.네 그렇게 한 번 해볼게요 고맙습니다 수고하세요\nA.감사합니다#@소속# 고객센터 #@이름# 였습니다\nB.친절하게 상담해 주셔서 감사해요",
        "lines": [
          {
            "id": 1,
            "text": "A.안녕하세요 #@소속#고객센터 #@이름# 입니다",
            "norm_text": "A.안녕하세요 #@소속#고객센터 #@이름# 입니다",
            "speaker": {
              "id": "A",
              "sex": "여성",
              "age": "1그룹(10대~20대)"
            },
            "speechAct": "인사하기",
            "morpheme": "A/SL+./SY+안녕/NNG+하/XSV+세요/EP+EF+#/SY+@/SY+소속/NNG+#/SY+고객/NNG+센터/NNG+#/SY+@/SY+이름/NNG+#/SY+입니다/VCP+EC"
          },
          {
            "id": 2,
            "text": "B.#@상품#전집 말고 다른 전집도 섞어서 읽어 보고 싶어 해서요",
            "norm_text": "B.#@상품#전집 말고 다른 전집도 섞어서 읽어 보고 싶어 해서요",
            "speaker": {
              "id": "B",
              "sex": "남성",
              "age": "1그룹(10대~20대)"
            },
            "speechAct": "진술하기",
            "morpheme": "B/SL+./SY+#/SY+@/SY+상품/NNG+#/SY+전집/NNG+말/VV+고/EC+다른/MM+전집/NNG+도/JX+섞/VV+어서/EC+읽/VV+어/EC+보/VX+고/EC+싶/VX+어/EC+해서/VX+EC+VCP+요/EC"
          },
          {
            "id": 3,
            "text": "A.여러 전집을 한 권씩 고루 읽는 방식도 있어요",
            "norm_text": "A.여러 전집을 한 권씩 고루 읽는 방식도 있어요",
            "speaker": {
              "id": "A",
              "sex": "여성",
              "age": "1그룹(10대~20대)"
            },
            "speechAct": "진술하기",
            "morpheme": "A/SL+여러/MM+전집/NNG+을/JKO+한/MM+권/NNBC+씩/XSN+고루/MAG+읽/VV+는/ETM+방식/NNG+도/JX+있/VA+어요/EF"
          },
          {
            "id": 4,
            "text": "B.그렇게도 가능 하군요 물어보길 잘했네요",
            "norm_text": "B.그렇게도 가능 하군요 물어보길 잘했네요",
            "speaker": {
              "id": "B",
              "sex": "남성",
              "age": "1그룹(10대~20대)"
            },
            "speechAct": "긍정감정표현하기(칭찬하기 포함)",
            "morpheme": "B/SL+그렇게/MAG+도/JX+가능/NNG+하/XSV+군요/EC+물/VV+어/EC+보/VX+길/ETN+JKO+잘/MAG+했/VV+EP+네요/EC"
          },
          {
            "id": 5,
            "text": "A.먼저 읽을 전집을 선택하시면 전집으로만 일 이일 차에 나눠서 배정되요",
            "norm_text": "A.먼저 읽을 전집을 선택하시면 전집으로만 일 이일 차에 나눠서 배정되요",
            "speaker": {
              "id": "A",
              "sex": "여성",
              "age": "1그룹(10대~20대)"
            },
            "speechAct": "진술하기",
            "morpheme": "A/SL+먼저/MAG+읽/VV+을/ETM+전집/NNG+을/JKO+선택/NNG+하/XSV+시/EP+면/EC+전집/NNG+으로/JKB+만일/NNG+이/JKS+일차/NNG+에/JKB+나눠서/VV+EC+배정/NNG+되/XSV+요/EC"
          },
          {
            "id": 6,
            "text": "B.그렇게 선택도 가능 한거였어요 몰랐어요",
            "norm_text": "B.그렇게 선택도 가능 한거였어요 몰랐어요",
            "speaker": {
              "id": "B",
              "sex": "남성",
              "age": "1그룹(10대~20대)"
            },
            "speechAct": "진술하기",
            "morpheme": "B/SL+그렇게/MAG+선택/NNG+도/JX+가능/NNG+한/XSA+ETM+거/NNB+였/VCP+EP+어요/EF+몰랐/VV+EP+어요/EF"
          },
          {
            "id": 7,
            "text": "A.권수를 선택 하시고 전집 한권씩 고루 읽기 선택 하시고 저장 해주세요",
            "norm_text": "A.권수를 선택 하시고 전집 한권씩 고루 읽기 선택 하시고 저장 해주세요",
            "speaker": {
              "id": "A",
              "sex": "여성",
              "age": "1그룹(10대~20대)"
            },
            "speechAct": "명령하기/요구하기",
            "morpheme": "A/SL+./SY+권수/NNG+를/JKO+선택/NNG+하/XSV+시/EP+고/EC+전집/NNG+한/MM+권/NNBC+씩/XSN+고루/MAG+읽/VV+기/ETN+선택/NNG+하/XSV+시/EP+고/EC+저장/NNG+해/XSV+EC+주/VX+세요/EP+EF"
          },
          {
            "id": 8,
            "text": "B.네 그렇게 한 번 해볼게요 고맙습니다 수고하세요",
            "norm_text": "B.네 그렇게 한 번 해볼게요 고맙습니다 수고하세요",
            "speaker": {
              "id": "B",
              "sex": "남성",
              "age": "1그룹(10대~20대)"
            },
            "speechAct": "인사하기",
            "morpheme": "B/SL+네/IC+그렇게/MAG+한번/MAG+해/VV+EC+볼게요/VX+EF+고맙/VA+습니다/EF+수고/NNG+하/XSV+세요/EP+EF"
          },
          {
            "id": 9,
            "text": "A.감사합니다#@소속# 고객센터 #@이름# 였습니다",
            "norm_text": "A.감사합니다#@소속# 고객센터 #@이름# 였습니다",
            "speaker": {
              "id": "A",
              "sex": "여성",
              "age": "1그룹(10대~20대)"
            },
            "speechAct": "인사하기",
            "morpheme": "A/SL+./SY+감사/NNG+합니다/XSV+EF+#/SY+@/SY+소속/NNG+#/SY+고객/NNG+센터/NNG+#/SY+@/SY+이름/NNG+#/SY+였/VCP+EP+습니다/EF"
          },
          {
            "id": 10,
            "text": "B.친절하게 상담해 주셔서 감사해요",
            "norm_text": "B.친절하게 상담해 주셔서 감사해요",
            "speaker": {
              "id": "B",
              "sex": "남성",
              "age": "1그룹(10대~20대)"
            },
            "speechAct": "감사하기",
            "morpheme": "B/SL+./SY+친절/NNG+하/XSV+게/EC+상담/NNG+해/XSV+EC+주/VX+셔서/EP+EC+감사/NNG+해요/XSV+EC"
          }
        ]
      }
    }
  ]
}