{
  "dataset": {
    "identifier": 139795,
    "name": "e1_20211115_0006_0313_01",
    "src_path": "/data/file/cubeManager/PROJECT018/91/txt20211110140003071074/e1_20211115_0006_0313_01/",
    "label_path": "/data/file/cubeManager/PROJECT018/91/txt20211110140003071074/e1_20211115_0006_0313_01/",
    "category": 2,
    "type": 0
  },
  "licenses": {
    "name": "Apache License 1.0",
    "url": "http://www.apache.org/licenses/LICENSE-1.0"
  },
  "info": [
    {
      "id": 157773,
      "filename": "e1_0066_0125_02.txt",
      "title": "e1_0066_0125_02",
      "mediatype": "콜센터",
      "medianame": "콜센터",
      "category": "목적대화",
      "date": "2021-11-10",
      "size": 263,
      "annotations": {
        "subject": "프로그램 문의",
        "speaker_type": "1:1",
        "size": 263,
        "word_size": 63,
        "text": "A. 기쁨 가득한 #@소속# #@이름#입니다\nB. 저 모바일에서 영어 강좌를 모바일로 다운받았는데요\nB. 이것도 혹시 이용기간이 정해져있나요\nA. 모바일에서 다운받으신 영어 강좌 이용기간 문의하신거 맞나요\nB. 네네 맞아요 다운받은 영어 강좌 이용기간이요\nA. 모바일 강좌는 회원님 수강기간 종료일까지 수강 가능합니다\nB. 아 제 수강기간 종료일까지요\nA. 네네 맞습니다 수강기간 종료일까지요\nB. 아 네 알겠습니다 알려주셔서 감사해요\nA. 네 좋은 하루 되세요 #@이름# 상담사였습니다",
        "lines": [
          {
            "id": 1,
            "text": "A. 기쁨 가득한 #@소속# #@이름#입니다",
            "norm_text": "A. 기쁨 가득한 #@소속# #@이름#입니다",
            "speaker": {
              "id": "A",
              "sex": "여성",
              "age": "1그룹(10대~20대)"
            },
            "speechAct": "인사하기",
            "morpheme": "A/SL+./SY+기쁨/NNG+가득/MAG+한/XSA+ETM+#/SY+@/SY+소속/NNG+#/SY+#/SY+@/SY+이름/NNG+#/SY+입니다/VCP+EC"
          },
          {
            "id": 2,
            "text": "B. 저 모바일에서 영어 강좌를 모바일로 다운받았는데요",
            "norm_text": "B. 저 모바일에서 영어 강좌를 모바일로 다운받았는데요",
            "speaker": {
              "id": "B",
              "sex": "남성",
              "age": "1그룹(10대~20대)"
            },
            "speechAct": "진술하기",
            "morpheme": "B/SL+저/IC+모바일/NNP+에서/JKB+영어/NNG+강좌/NNG+를/JKO+모바일/NNP+로다운/NNP+받/VV+았/EP+는데요/EC"
          },
          {
            "id": 3,
            "text": "B. 이것도 혹시 이용기간이 정해져있나요",
            "norm_text": "B. 이것도 혹시 이용기간이 정해져있나요",
            "speaker": {
              "id": "B",
              "sex": "남성",
              "age": "1그룹(10대~20대)"
            },
            "speechAct": "질문하기",
            "morpheme": "B/SL+이것/NP+도/JX+혹시/MAG+이용/NNG+기간/NNG+이/JKS+정해져/VV+EC+VX+EC+있/VX+나요/EC"
          },
          {
            "id": 4,
            "text": "A. 모바일에서 다운받으신 영어 강좌 이용기간 문의하신거 맞나요",
            "norm_text": "A. 모바일에서 다운받으신 영어 강좌 이용기간 문의하신거 맞나요",
            "speaker": {
              "id": "A",
              "sex": "여성",
              "age": "1그룹(10대~20대)"
            },
            "speechAct": "질문하기",
            "morpheme": "A/SL+./SY+모바일/NNP+에서/JKB+다운/NNG+받/VV+으신/EP+ETM+영어/NNG+강좌/NNG+이용/NNG+기간/NNG+문의/NNG+하/XSV+신/EP+ETM+거/NNB+맞/VV+나요/EC"
          },
          {
            "id": 5,
            "text": "B. 네네 맞아요 다운받은 영어 강좌 이용기간이요",
            "norm_text": "B. 네네 맞아요 다운받은 영어 강좌 이용기간이요",
            "speaker": {
              "id": "B",
              "sex": "남성",
              "age": "1그룹(10대~20대)"
            },
            "speechAct": "진술하기",
            "morpheme": "B/SL+네네/IC+맞/VV+아요/EF+다운/XSA+ETM+받/VV+은/ETM+영어/NNG+강좌/NNG+이용/NNG+기간/NNG+이/VCP+요/EC"
          },
          {
            "id": 6,
            "text": "A. 모바일 강좌는 회원님 수강기간 종료일까지 수강 가능합니다",
            "norm_text": "A. 모바일 강좌는 회원님 수강기간 종료일까지 수강 가능합니다",
            "speaker": {
              "id": "A",
              "sex": "여성",
              "age": "1그룹(10대~20대)"
            },
            "speechAct": "진술하기",
            "morpheme": "A/SL+./SY+모바일/NNP+강좌/NNG+는/JX+회원/NNG+님/XSN+수강/NNG+기간/NNG+종료/NNG+일/NNG+까지/JX+수강/NNG+가능/NNG+합니다/XSV+EC"
          },
          {
            "id": 7,
            "text": "B. 아 제 수강기간 종료일까지요",
            "norm_text": "B. 아 제 수강기간 종료일까지요",
            "speaker": {
              "id": "B",
              "sex": "남성",
              "age": "1그룹(10대~20대)"
            },
            "speechAct": "질문하기",
            "morpheme": "B/SL+아/IC+제/NP+JKG+수강/NNG+기간/NNG+종료/NNG+일/NNG+까지/JX+요/JX"
          },
          {
            "id": 8,
            "text": "A. 네네 맞습니다 수강기간 종료일까지요",
            "norm_text": "A. 네네 맞습니다 수강기간 종료일까지요",
            "speaker": {
              "id": "A",
              "sex": "여성",
              "age": "1그룹(10대~20대)"
            },
            "speechAct": "진술하기",
            "morpheme": "A/SL+네네/IC+맞/VV+습니다/EF+수강/NNG+기간/NNG+종료/NNG+일/NNG+까지/JX+요/JX"
          },
          {
            "id": 9,
            "text": "B. 아 네 알겠습니다 알려주셔서 감사해요",
            "norm_text": "B. 아 네 알겠습니다 알려주셔서 감사해요",
            "speaker": {
              "id": "B",
              "sex": "남성",
              "age": "1그룹(10대~20대)"
            },
            "speechAct": "감사하기",
            "morpheme": "B/SL+아/IC+네/IC+알/VV+겠/EP+습니다/EF+알려/VV+EC+주/VX+셔서/EP+EC+감사/NNG+해요/XSV+EC"
          },
          {
            "id": 10,
            "text": "A. 네 좋은 하루 되세요 #@이름# 상담사였습니다",
            "norm_text": "A. 네 좋은 하루 되세요 #@이름# 상담사였습니다",
            "speaker": {
              "id": "A",
              "sex": "여성",
              "age": "1그룹(10대~20대)"
            },
            "speechAct": "인사하기",
            "morpheme": "A/SL+네/IC+좋/VA+은/ETM+하루/NNG+되/XSV+세요/EP+EF+#/SY+@/SY+이름/NNG+#/SY+상담/NNG+사/NNG+였/VCP+EP+습니다/EF"
          }
        ]
      }
    }
  ]
}