{
  "dataset": {
    "identifier": 139914,
    "name": "e1_20211115_0006_0387_01",
    "src_path": "/data/file/cubeManager/PROJECT018/91/txt20211110140004067235/e1_20211115_0006_0387_01/",
    "label_path": "/data/file/cubeManager/PROJECT018/91/txt20211110140004067235/e1_20211115_0006_0387_01/",
    "category": 2,
    "type": 0
  },
  "licenses": {
    "name": "Apache License 1.0",
    "url": "http://www.apache.org/licenses/LICENSE-1.0"
  },
  "info": [
    {
      "id": 157863,
      "filename": "e1_0067_0004_02.txt",
      "title": "e1_0067_0004_02",
      "mediatype": "콜센터",
      "medianame": "콜센터",
      "category": "목적대화",
      "date": "2021-11-10",
      "size": 386,
      "annotations": {
        "subject": "프로그램 문의",
        "speaker_type": "1:1",
        "size": 386,
        "word_size": 93,
        "text": "A. 안녕하세요 #@소속# 상담사 #@이름# 입니다\nB. 자기주도학습센터 다음주에 등록하려는데요\nA. 네 고객님 성함이 어떻게 되세요\nB. #@이름# 그거 근데 혼자 집에서 자습하는거랑 뭐가 다른가요\nA. 네 고객님 등록 전에 걱정이 있으시군요\nA. 자습 관리를 도와주는 멘토선생님들이 종일 배치되어 근무하시구요\nA. 인강수업은 화면을 모니터링하여 감독관리합니다\nB. 지속적인 관리 시스템은 더 없나요\nA. 주간 학습계획표와 플래너 구성 및 상담 관리 꼼꼼히 해주실거구요\nA. 상벌점제도 운영으로 정숙한 자습 분위기를 지속시키고 있습니다\nB. 듣고보니 생각보다 막 방치해두진 않는군요\nA. 네 맞습니다 체계적으로 꼼꼼히 관리해드려요\nB. 그럼 다음주에 등록전 다시 전화드릴게요\nA. 네 감사합니다 좋은 하루 되세요",
        "lines": [
          {
            "id": 1,
            "text": "A. 안녕하세요 #@소속# 상담사 #@이름# 입니다",
            "norm_text": "A. 안녕하세요 #@소속# 상담사 #@이름# 입니다",
            "speaker": {
              "id": "A",
              "sex": "여성",
              "age": "1그룹(10대~20대)"
            },
            "speechAct": "인사하기",
            "morpheme": "A/SL+./SY+안녕/NNG+하/XSV+세요/EP+EF+#/SY+@/SY+소속/NNG+#/SY+상담/NNG+사/NNG+#/SY+@/SY+이름/NNG+#/SY+입니다/VCP+EC"
          },
          {
            "id": 2,
            "text": "B. 자기주도학습센터 다음주에 등록하려는데요",
            "norm_text": "B. 자기주도학습센터 다음주에 등록하려는데요",
            "speaker": {
              "id": "B",
              "sex": "남성",
              "age": "1그룹(10대~20대)"
            },
            "speechAct": "진술하기",
            "morpheme": "B/SL+자기/NP+주도/NNG+학습/NNG+센터/NNG+다음/NNG+주/NNG+에/JKB+등록/NNG+하/XSV+려는/ETM+데/NNB+요/VCP+EC"
          },
          {
            "id": 3,
            "text": "A. 네 고객님 성함이 어떻게 되세요",
            "norm_text": "A. 네 고객님 성함이 어떻게 되세요",
            "speaker": {
              "id": "A",
              "sex": "여성",
              "age": "1그룹(10대~20대)"
            },
            "speechAct": "질문하기",
            "morpheme": "A/SL+네/IC+고객/NNG+님/XSN+성함/NNG+이/JKS+어떻게/MAG+되/VV+세요/EP+EF"
          },
          {
            "id": 4,
            "text": "B. #@이름# 그거 근데 혼자 집에서 자습하는거랑 뭐가 다른가요",
            "norm_text": "B. #@이름# 그거 근데 혼자 집에서 자습하는거랑 뭐가 다른가요",
            "speaker": {
              "id": "B",
              "sex": "남성",
              "age": "1그룹(10대~20대)"
            },
            "speechAct": "질문하기",
            "morpheme": "B/SL+./SY+#/SY+@/SY+이름/NNG+#/SY+그거/NP+근데/MAJ+혼자/NNG+집/NNG+에서/JKB+자습/NNG+하/XSV+는/ETM+거/NNB+랑/JC+뭐/NP+가/JKS+다른/MM+가요/NNG"
          },
          {
            "id": 5,
            "text": "A. 네 고객님 등록 전에 걱정이 있으시군요",
            "norm_text": "A. 네 고객님 등록 전에 걱정이 있으시군요",
            "speaker": {
              "id": "A",
              "sex": "여성",
              "age": "1그룹(10대~20대)"
            },
            "speechAct": "진술하기",
            "morpheme": "A/SL+네/IC+고객/NNG+님/XSN+등록/NNG+전/NNG+에/JKB+걱정/NNG+이/JKS+있/VA+으시/EP+군요/EC"
          },
          {
            "id": 6,
            "text": "A. 자습 관리를 도와주는 멘토선생님들이 종일 배치되어 근무하시구요",
            "norm_text": "A. 자습 관리를 도와주는 멘토선생님들이 종일 배치되어 근무하시구요",
            "speaker": {
              "id": "A",
              "sex": "여성",
              "age": "1그룹(10대~20대)"
            },
            "speechAct": "진술하기",
            "morpheme": "A/SL+./SY+자습/NNG+관리/NNG+를/JKO+도와/VV+EC+주/VX+는/ETM+멘토/NNP+선생/NNG+님/XSN+들/XSN+이/JKS+종일/NNG+배치/NNG+되/XSV+어/EC+근무/NNG+하/XSV+시/EP+구요/EF"
          },
          {
            "id": 7,
            "text": "A. 인강수업은 화면을 모니터링하여 감독관리합니다",
            "norm_text": "A. 인강수업은 화면을 모니터링하여 감독관리합니다",
            "speaker": {
              "id": "A",
              "sex": "여성",
              "age": "1그룹(10대~20대)"
            },
            "speechAct": "진술하기",
            "morpheme": "A/SL+./SY+인/+강/+수업/NNG+은/JX+화면/NNG+을/JKO+모니터링/NNG+하/XSV+여/EC+감독/NNG+관리/NNG+합니다/XSV+EC"
          },
          {
            "id": 8,
            "text": "B. 지속적인 관리 시스템은 더 없나요",
            "norm_text": "B. 지속적인 관리 시스템은 더 없나요",
            "speaker": {
              "id": "B",
              "sex": "남성",
              "age": "1그룹(10대~20대)"
            },
            "speechAct": "질문하기",
            "morpheme": "B/SL+./SY+지속/NNG+적/XSN+인/VCP+ETM+관리/NNG+시스템/NNG+은/JX+더/MAG+없/VA+나요/EC"
          },
          {
            "id": 9,
            "text": "A. 주간 학습계획표와 플래너 구성 및 상담 관리 꼼꼼히 해주실거구요",
            "norm_text": "A. 주간 학습계획표와 플래너 구성 및 상담 관리 꼼꼼히 해주실거구요",
            "speaker": {
              "id": "A",
              "sex": "여성",
              "age": "1그룹(10대~20대)"
            },
            "speechAct": "진술하기",
            "morpheme": "A/SL+./SY+주간/NNG+학습/NNG+계획표/NNG+와/JC+플래너/NNG+구성/NNG+및/MAJ+상담/NNG+관리/NNG+꼼꼼히/MAG+해/VV+EC+주/VX+실/EP+ETM+거/NNB+구요/VCP+EC"
          },
          {
            "id": 10,
            "text": "A. 상벌점제도 운영으로 정숙한 자습 분위기를 지속시키고 있습니다",
            "norm_text": "A. 상벌점제도 운영으로 정숙한 자습 분위기를 지속시키고 있습니다",
            "speaker": {
              "id": "A",
              "sex": "여성",
              "age": "1그룹(10대~20대)"
            },
            "speechAct": "진술하기",
            "morpheme": "A/SL+./SY+상벌/NNG+점제/NNG+도/JX+운영/NNG+으로/JKB+정숙/XR+한/XSA+ETM+자습/NNG+분위기/NNG+를/JKO+지속/NNG+시키/XSV+고/EC+있/VX+습니다/EF"
          },
          {
            "id": 11,
            "text": "B. 듣고보니 생각보다 막 방치해두진 않는군요",
            "norm_text": "B. 듣고보니 생각보다 막 방치해두진 않는군요",
            "speaker": {
              "id": "B",
              "sex": "남성",
              "age": "1그룹(10대~20대)"
            },
            "speechAct": "진술하기",
            "morpheme": "B/SL+듣/VV+고/EC+보/VX+니/EC+생각/NNG+보다/JKB+막/NNG+방치/NNG+해/XSV+EC+두/VX+진/EC+JX+않/VX+는군요/EC"
          },
          {
            "id": 12,
            "text": "A. 네 맞습니다 체계적으로 꼼꼼히 관리해드려요",
            "norm_text": "A. 네 맞습니다 체계적으로 꼼꼼히 관리해드려요",
            "speaker": {
              "id": "A",
              "sex": "여성",
              "age": "1그룹(10대~20대)"
            },
            "speechAct": "진술하기",
            "morpheme": "A/SL+네/IC+맞/VV+습니다/EF+체계/NNG+적/XSN+으로/JKB+꼼꼼히/MAG+관리/NNG+해/XSV+EC+드려요/VV+EC"
          },
          {
            "id": 13,
            "text": "B. 그럼 다음주에 등록전 다시 전화드릴게요",
            "norm_text": "B. 그럼 다음주에 등록전 다시 전화드릴게요",
            "speaker": {
              "id": "B",
              "sex": "남성",
              "age": "1그룹(10대~20대)"
            },
            "speechAct": "진술하기",
            "morpheme": "B/SL+그럼/MAJ+다음/NNG+주/NNG+에/JKB+등록/NNG+전/NP+JX+다시/MAG+전화/NNG+드릴게요/VV+EC"
          },
          {
            "id": 14,
            "text": "A. 네 감사합니다 좋은 하루 되세요",
            "norm_text": "A. 네 감사합니다 좋은 하루 되세요",
            "speaker": {
              "id": "A",
              "sex": "여성",
              "age": "1그룹(10대~20대)"
            },
            "speechAct": "인사하기",
            "morpheme": "A/SL+네/IC+감사/NNG+합니다/XSV+EF+좋/VA+은/ETM+하루/NNG+되/XSV+세요/EP+EF"
          }
        ]
      }
    }
  ]
}