{
  "dataset": {
    "identifier": 139722,
    "name": "e1_20211115_0006_0265_01",
    "src_path": "/data/file/cubeManager/PROJECT018/91/txt20211110140003028349/e1_20211115_0006_0265_01/",
    "label_path": "/data/file/cubeManager/PROJECT018/91/txt20211110140003028349/e1_20211115_0006_0265_01/",
    "category": 2,
    "type": 0
  },
  "licenses": {
    "name": "Apache License 1.0",
    "url": "http://www.apache.org/licenses/LICENSE-1.0"
  },
  "info": [
    {
      "id": 157726,
      "filename": "e1_0066_0078_02.txt",
      "title": "e1_0066_0078_02",
      "mediatype": "콜센터",
      "medianame": "콜센터",
      "category": "목적대화",
      "date": "2021-11-10",
      "size": 302,
      "annotations": {
        "subject": "프로그램 문의",
        "speaker_type": "1:1",
        "size": 302,
        "word_size": 73,
        "text": "A. 안녕하세요 #@소속# #@이름#입니다\nB. 안녕하세요 #@상품# 통해서 교양과목 이수가 가능한가요\nA. 네 #@상품#을 통해서 해당 학교의 교양과목을 이수하면 가능합니다\nB. 해당 학교 교양과목 이수하면 교양으로 인정받을 수 있다고요\nA. 네 그렇습니다 교양 인정이 가능합니다\nB. 어 정말요 교양에 없는 과목은 해당이 안될까요\nA. #@소속# 표준교육과정 교양에 없는 과목이여도 교양학점으로 인정받을 수 있습니다\nB. 아 그렇구나 네 감사합니다\nA. 문의사항 더 있으실까요\nB. 아니요 없습니다 감사해요\nA. 네 #@이름# 이였습니다 좋은 하루 되세요",
        "lines": [
          {
            "id": 1,
            "text": "A. 안녕하세요 #@소속# #@이름#입니다",
            "norm_text": "A. 안녕하세요 #@소속# #@이름#입니다",
            "speaker": {
              "id": "A",
              "sex": "여성",
              "age": "1그룹(10대~20대)"
            },
            "speechAct": "인사하기",
            "morpheme": "A/SL+./SY+안녕/NNG+하/XSV+세요/EP+EF+#/SY+@/SY+소속/NNG+#/SY+#/SY+@/SY+이름/NNG+#/SY+입니다/VCP+EC"
          },
          {
            "id": 2,
            "text": "B. 안녕하세요 #@상품# 통해서 교양과목 이수가 가능한가요",
            "norm_text": "B. 안녕하세요 #@상품# 통해서 교양과목 이수가 가능한가요",
            "speaker": {
              "id": "B",
              "sex": "남성",
              "age": "1그룹(10대~20대)"
            },
            "speechAct": "질문하기",
            "morpheme": "B/SL+./SY+안녕/NNG+하/XSV+세요/EP+EF+#/SY+@/SY+상품/NNG+#/SY+통해서/VV+EC+교양/NNG+과목/NNG+이수/NNG+가/JKS+가능/NNG+한/XSA+ETM+가요/NNG"
          },
          {
            "id": 3,
            "text": "A. 네 #@상품#을 통해서 해당 학교의 교양과목을 이수하면 가능합니다",
            "norm_text": "A. 네 #@상품#을 통해서 해당 학교의 교양과목을 이수하면 가능합니다",
            "speaker": {
              "id": "A",
              "sex": "여성",
              "age": "1그룹(10대~20대)"
            },
            "speechAct": "진술하기",
            "morpheme": "A/SL+네/IC+#/SY+@/SY+상품/NNG+#/SY+을/JKO+통해서/VV+EC+해당/NNG+학교/NNG+의/JKG+교양/NNG+과목/NNG+을/JKO+이수/NNG+하/XSV+면/EC+가능/NNG+합니다/XSV+EC"
          },
          {
            "id": 4,
            "text": "B. 해당 학교 교양과목 이수하면 교양으로 인정받을 수 있다고요",
            "norm_text": "B. 해당 학교 교양과목 이수하면 교양으로 인정받을 수 있다고요",
            "speaker": {
              "id": "B",
              "sex": "남성",
              "age": "1그룹(10대~20대)"
            },
            "speechAct": "질문하기",
            "morpheme": "B/SL+./SY+해당/NNG+학교/NNG+교양/NNG+과목/NNG+이수/NNG+하/XSV+면/EC+교양/NNG+으로/JKB+인정받/VV+을/ETM+수/NNB+있/VV+다고요/EC"
          },
          {
            "id": 5,
            "text": "A. 네 그렇습니다 교양 인정이 가능합니다",
            "norm_text": "A. 네 그렇습니다 교양 인정이 가능합니다",
            "speaker": {
              "id": "A",
              "sex": "여성",
              "age": "1그룹(10대~20대)"
            },
            "speechAct": "진술하기",
            "morpheme": "A/SL+네/IC+그렇/VA+습니다/EF+교양/NNG+인정/NNG+이/JKS+가능/NNG+합니다/XSV+EC"
          },
          {
            "id": 6,
            "text": "B. 어 정말요 교양에 없는 과목은 해당이 안될까요",
            "norm_text": "B. 어 정말요 교양에 없는 과목은 해당이 안될까요",
            "speaker": {
              "id": "B",
              "sex": "남성",
              "age": "1그룹(10대~20대)"
            },
            "speechAct": "질문하기",
            "morpheme": "B/SL+어/IC+정말/MAG+요/MM+교양/NNG+에/JKB+없/VA+는/ETM+과목/NNG+은/JX+해당/NNG+이/JKS+안/MAG+될까요/VV+EC"
          },
          {
            "id": 7,
            "text": "A. #@소속# 표준교육과정 교양에 없는 과목이여도 교양학점으로 인정받을 수 있습니다",
            "norm_text": "A.#@소속# 표준교육과정에 없는 과목이여도 인정받을 수 있습니다",
            "speaker": {
              "id": "A",
              "sex": "여성",
              "age": "1그룹(10대~20대)"
            },
            "speechAct": "진술하기",
            "morpheme": "A/SL+./SY+#/SY+@/SY+소속/NNG+#/SY+표준/NNG+교육/NNG+과정/NNG+교양/NNG+에/JKB+없/VA+는/ETM+과목/NNG+이/VCP+여도/EC+교양/NNG+학점/NNG+으로/JKB+인정받/VV+을/ETM+수/NNB+있/VV+습니다/EF"
          },
          {
            "id": 8,
            "text": "B. 아 그렇구나 네 감사합니다",
            "norm_text": "B. 아 그렇구나 네 감사합니다",
            "speaker": {
              "id": "B",
              "sex": "남성",
              "age": "1그룹(10대~20대)"
            },
            "speechAct": "감사하기",
            "morpheme": "B/SL+아/IC+그렇/VA+구/EC+나/NP+네/XSN+감사/NNG+합니다/XSV+EC"
          },
          {
            "id": 9,
            "text": "A. 문의사항 더 있으실까요",
            "norm_text": "A. 문의사항 더 있으실까요",
            "speaker": {
              "id": "A",
              "sex": "여성",
              "age": "1그룹(10대~20대)"
            },
            "speechAct": "질문하기",
            "morpheme": "A/SL+./SY+문/NNG+의/JKG+사항/NNG+더/MAG+있/VA+으실까/EP+EP+EF+요/MM"
          },
          {
            "id": 10,
            "text": "B. 아니요 없습니다 감사해요",
            "norm_text": "B. 아니요 없습니다 감사해요",
            "speaker": {
              "id": "B",
              "sex": "남성",
              "age": "1그룹(10대~20대)"
            },
            "speechAct": "감사하기",
            "morpheme": "B/SL+아니요/IC+없/VA+습니다/EF+감사/NNG+해요/XSV+EC"
          },
          {
            "id": 11,
            "text": "A. 네 #@이름# 이였습니다 좋은 하루 되세요",
            "norm_text": "A. 네 #@이름# 이였습니다 좋은 하루 되세요",
            "speaker": {
              "id": "A",
              "sex": "여성",
              "age": "1그룹(10대~20대)"
            },
            "speechAct": "인사하기",
            "morpheme": "A/SL+네/IC+#/SY+@/SY+이름/NNG+#/SY+이/VCP+였/EP+습니다/EF+좋/VA+은/ETM+하루/NNG+되/XSV+세요/EP+EF"
          }
        ]
      }
    }
  ]
}