{
  "dataset": {
    "identifier": 139723,
    "name": "e1_20211115_0006_0266_01",
    "src_path": "/data/file/cubeManager/PROJECT018/91/txt20211110140003029285/e1_20211115_0006_0266_01/",
    "label_path": "/data/file/cubeManager/PROJECT018/91/txt20211110140003029285/e1_20211115_0006_0266_01/",
    "category": 2,
    "type": 0
  },
  "licenses": {
    "name": "Apache License 1.0",
    "url": "http://www.apache.org/licenses/LICENSE-1.0"
  },
  "info": [
    {
      "id": 157727,
      "filename": "e1_0066_0079_02.txt",
      "title": "e1_0066_0079_02",
      "mediatype": "콜센터",
      "medianame": "콜센터",
      "category": "목적대화",
      "date": "2021-11-10",
      "size": 337,
      "annotations": {
        "subject": "프로그램 문의",
        "speaker_type": "1:1",
        "size": 337,
        "word_size": 75,
        "text": "A. 문의주셔서 감사합니다 #@소속# #@이름# 상담원입니다\nB. 안녕하세요 평가인정학습과정 전공 여부 어떻게 확인해야 하나 궁금해서요\nA. 네 지금 #@소속# 홈페이지 켜져 있으실까요\nB. 네 홈페이지 켜져 있어요\nA. #@소속# 홈페이지 표준교육과정의 학습과목검색에서 해당과목을 검색하시면요\nA. 관련전공영역이라는 부분이 나옵니다 학위과정과 전공이 일치해야 전공과목으로 인정됩니다\nB. 아 네 감사합니다\nA. 교양 여부도 확인 가능할까요\nB. 네 교양으로 기재되어 있다면 교양학점으로 학점인정신청 하실 수 있어요\nA. 문의사항 더 있으실까요\nB. 아니요 없습니다 감사해요\nA. 네 안녕히계세요 #@이름# 상담원이였습니다",
        "lines": [
          {
            "id": 1,
            "text": "A. 문의주셔서 감사합니다 #@소속# #@이름# 상담원입니다",
            "norm_text": "A. 문의주셔서 감사합니다 #@소속# #@이름# 상담원입니다",
            "speaker": {
              "id": "A",
              "sex": "여성",
              "age": "1그룹(10대~20대)"
            },
            "speechAct": "인사하기",
            "morpheme": "A/SL+./SY+문/NNG+의/JKG+주/VV+셔서/EP+EC+감사/NNG+합니다/XSV+EF+#/SY+@/SY+소속/NNG+#/SY+#/SY+@/SY+이름/NNG+#/SY+상담원/NNG+입니다/VCP+EC"
          },
          {
            "id": 2,
            "text": "B. 안녕하세요 평가인정학습과정 전공 여부 어떻게 확인해야 하나 궁금해서요",
            "norm_text": "B.안녕하세요 평가인정학습과정 전공 여부는 어떻게 확인해야 하나요",
            "speaker": {
              "id": "B",
              "sex": "남성",
              "age": "1그룹(10대~20대)"
            },
            "speechAct": "질문하기",
            "morpheme": "B/SL+./SY+안녕/NNG+하/XSV+세요/EP+EF+평가/NNG+인정/NNG+학습/NNG+과정/NNG+전공/NNG+여부/NNG+는/JX+어떻게/MAG+확인/NNG+해야/XSV+EC+하/VV+나요/EC"
          },
          {
            "id": 3,
            "text": "A. 네 지금 #@소속# 홈페이지 켜져 있으실까요",
            "norm_text": "A. 네 지금 #@소속# 홈페이지 켜져 있으실까요",
            "speaker": {
              "id": "A",
              "sex": "여성",
              "age": "1그룹(10대~20대)"
            },
            "speechAct": "질문하기",
            "morpheme": "A/SL+네/IC+지금/MAG+#/SY+@/SY+소속/NNG+#/SY+홈페이지/NNG+켜/VV+져/EC+VX+EC+있/VX+으실까/EP+EP+EF+요/MM"
          },
          {
            "id": 4,
            "text": "B. 네 홈페이지 켜져 있어요",
            "norm_text": "B. 네 홈페이지 켜져 있어요",
            "speaker": {
              "id": "B",
              "sex": "남성",
              "age": "1그룹(10대~20대)"
            },
            "speechAct": "진술하기",
            "morpheme": "B/SL+네/IC+홈페이지/NNG+켜/VV+져/EC+VX+EC+있/VX+어요/EF"
          },
          {
            "id": 5,
            "text": "A. #@소속# 홈페이지 표준교육과정의 학습과목검색에서 해당과목을 검색하시면요",
            "norm_text": "A.#@소속# 홈페이지 학습과목검색에서 해당과목을 검색하시면요",
            "speaker": {
              "id": "A",
              "sex": "여성",
              "age": "1그룹(10대~20대)"
            },
            "speechAct": "진술하기",
            "morpheme": "A/SL+./SY+#/SY+@/SY+소속/NNG+#/SY+홈페이지/NNG+표준/NNG+교육/NNG+과정/NNG+의/JKG+학습/NNG+과목/NNG+검색/NNG+에서/JKB+해당/NNG+과목/NNG+을/JKO+검색/NNG+하/XSV+시/EP+면/EC+요/JX"
          },
          {
            "id": 6,
            "text": "A. 관련전공영역이라는 부분이 나옵니다 학위과정과 전공이 일치해야 전공과목으로 인정됩니다",
            "norm_text": "A.관련전공영역이라고 나오고 학위과정과 전공이 일치해야 인정됩니다",
            "speaker": {
              "id": "A",
              "sex": "여성",
              "age": "1그룹(10대~20대)"
            },
            "speechAct": "진술하기",
            "morpheme": "A/SL+./SY+관련/NNG+전공/NNG+영역/NNG+이/VCP+라고/EC+나오/VV+고/EC+학위/NNG+과정/NNG+과/JC+전공/NNG+이/JKS+일치/NNG+해야/XSV+EC+인정/NNG+됩니다/XSV+EC"
          },
          {
            "id": 7,
            "text": "B. 아 네 감사합니다",
            "norm_text": "B. 아 네 감사합니다",
            "speaker": {
              "id": "B",
              "sex": "남성",
              "age": "1그룹(10대~20대)"
            },
            "speechAct": "감사하기",
            "morpheme": "B/SL+아/IC+네/IC+감사/NNG+합니다/XSV+EC"
          },
          {
            "id": 8,
            "text": "A. 교양 여부도 확인 가능할까요",
            "norm_text": "A. 교양 여부도 확인 가능할까요",
            "speaker": {
              "id": "A",
              "sex": "여성",
              "age": "1그룹(10대~20대)"
            },
            "speechAct": "질문하기",
            "morpheme": "A/SL+./SY+교양/NNG+여부/NNG+도/JX+확인/NNG+가능/NNG+할까요/XSV+EC"
          },
          {
            "id": 9,
            "text": "B. 네 교양으로 기재되어 있다면 교양학점으로 학점인정신청 하실 수 있어요",
            "norm_text": "B. 네 교양으로 기재되어 있다면 교양학점으로 학점인정신청 하실 수 있어요",
            "speaker": {
              "id": "B",
              "sex": "남성",
              "age": "1그룹(10대~20대)"
            },
            "speechAct": "진술하기",
            "morpheme": "B/SL+네/IC+교양/NNG+으로/JKB+기재/NNG+되/XSV+어/EC+있/VX+다면/EC+교양/NNG+학점/NNG+으로/JKB+학점/NNG+인정/NNG+신청/NNG+하/XSV+실/EP+ETM+수/NNB+있/VV+어요/EF"
          },
          {
            "id": 10,
            "text": "A. 문의사항 더 있으실까요",
            "norm_text": "A. 문의사항 더 있으실까요",
            "speaker": {
              "id": "A",
              "sex": "여성",
              "age": "1그룹(10대~20대)"
            },
            "speechAct": "질문하기",
            "morpheme": "A/SL+./SY+문/NNG+의/JKG+사항/NNG+더/MAG+있/VA+으실까/EP+EP+EF+요/MM"
          },
          {
            "id": 11,
            "text": "B. 아니요 없습니다 감사해요",
            "norm_text": "B. 아니요 없습니다 감사해요",
            "speaker": {
              "id": "B",
              "sex": "남성",
              "age": "1그룹(10대~20대)"
            },
            "speechAct": "감사하기",
            "morpheme": "B/SL+아니요/IC+없/VA+습니다/EF+감사/NNG+해요/XSV+EC"
          },
          {
            "id": 12,
            "text": "A. 네 안녕히계세요 #@이름# 상담원이였습니다",
            "norm_text": "A. 네 안녕히계세요 #@이름# 상담원이였습니다1",
            "speaker": {
              "id": "A",
              "sex": "여성",
              "age": "1그룹(10대~20대)"
            },
            "speechAct": "인사하기",
            "morpheme": "A/SL+네/IC+안녕히/MAG+계세요/VV+EC+#/SY+@/SY+이름/NNG+#/SY+상담원/NNG+이/VCP+였/EP+습니다/EF"
          }
        ]
      }
    }
  ]
}