{
  "dataset": {
    "identifier": 139646,
    "name": "e1_20211115_0006_0225_01",
    "src_path": "/data/file/cubeManager/PROJECT018/91/txt20211110140002094362/e1_20211115_0006_0225_01/",
    "label_path": "/data/file/cubeManager/PROJECT018/91/txt20211110140002094362/e1_20211115_0006_0225_01/",
    "category": 2,
    "type": 0
  },
  "licenses": {
    "name": "Apache License 1.0",
    "url": "http://www.apache.org/licenses/LICENSE-1.0"
  },
  "info": [
    {
      "id": 157686,
      "filename": "e1_0066_0038_02.txt",
      "title": "e1_0066_0038_02",
      "mediatype": "콜센터",
      "medianame": "콜센터",
      "category": "목적대화",
      "date": "2021-11-10",
      "size": 291,
      "annotations": {
        "subject": "프로그램 문의",
        "speaker_type": "1:1",
        "size": 291,
        "word_size": 77,
        "text": "A. 안녕하세요 #@소속# #@이름#입니다\nB. 제가 #@상품# 말고 타 직렬 과목을 듣고 싶은데요\nB. #@소속#에 들어가 보니까 따로 없는 것 같아서요\nA. 저희는 일반행정직에 해당하는 과목 중심으로만 강좌가 마련되어 있습니다\nB. 그러면 타 직렬 과목에 대한건 아직 없는 거죠\nA. 네 타 과목에 대해서는 별도로 아직 마련되어 있는 게 없습니다\nB. 앞으로도 그럼 개설 예정은 없는 건가요\nA. 현재 내부 논의 중이어서요\nA. 확답을 드릴 수가 없습니다\nB. 아 네 아쉽네요 알겠습니다\nA. 찾아주셔서 감사합니다 #@이름# 이었습니다",
        "lines": [
          {
            "id": 1,
            "text": "A. 안녕하세요 #@소속# #@이름#입니다",
            "norm_text": "A. 안녕하세요 #@소속# #@이름#입니다",
            "speaker": {
              "id": "A",
              "sex": "여성",
              "age": "1그룹(10대~20대)"
            },
            "speechAct": "인사하기",
            "morpheme": "A/SL+./SY+안녕/NNG+하/XSV+세요/EP+EF+#/SY+@/SY+소속/NNG+#/SY+#/SY+@/SY+이름/NNG+#/SY+입니다/VCP+EC"
          },
          {
            "id": 2,
            "text": "B. 제가 #@상품# 말고 타 직렬 과목을 듣고 싶은데요",
            "norm_text": "B. 제가 #@상품# 말고 타 직렬 과목을 듣고 싶은데요",
            "speaker": {
              "id": "B",
              "sex": "남성",
              "age": "1그룹(10대~20대)"
            },
            "speechAct": "진술하기",
            "morpheme": "B/SL+제/NP+가/JKS+#/SY+@/SY+상품/NNG+#/SY+말/NNG+고타/NNG+직렬/NNG+과목/NNG+을/JKO+듣/VV+고/EC+싶/VX+은데요/EC"
          },
          {
            "id": 3,
            "text": "B. #@소속#에 들어가 보니까 따로 없는 것 같아서요",
            "norm_text": "B. #@소속#에 들어가 보니까 따로 없는 것 같아서요",
            "speaker": {
              "id": "B",
              "sex": "남성",
              "age": "1그룹(10대~20대)"
            },
            "speechAct": "진술하기",
            "morpheme": "B/SL+./SY+#/SY+@/SY+소속/NNG+#/SY+에/JKB+들어가/VV+EC+보/VX+니까/EC+따로/MAG+없/VA+는/ETM+것/NNB+같/VA+아서요/EC"
          },
          {
            "id": 4,
            "text": "A. 저희는 일반행정직에 해당하는 과목 중심으로만 강좌가 마련되어 있습니다",
            "norm_text": "A. 저희는 일반행정직에 해당하는 과목 중심으로만 강좌가 마련되어 있습니다",
            "speaker": {
              "id": "A",
              "sex": "여성",
              "age": "1그룹(10대~20대)"
            },
            "speechAct": "진술하기",
            "morpheme": "A/SL+저희/NP+는/JX+일반/NNG+행정직/NNG+에/JKB+해당/NNG+하/XSV+는/ETM+과목/NNG+중심/NNG+으로/JKB+만/JX+강좌/NNG+가/JKS+마련/NNG+되/XSV+어/EC+있/VX+습니다/EF"
          },
          {
            "id": 5,
            "text": "B. 그러면 타 직렬 과목에 대한건 아직 없는 거죠",
            "norm_text": "B. 그러면 타 직렬 과목에 대한건 아직 없는 거죠",
            "speaker": {
              "id": "B",
              "sex": "남성",
              "age": "1그룹(10대~20대)"
            },
            "speechAct": "질문하기",
            "morpheme": "B/SL+그러면/MAJ+타/MM+직렬/NNG+과목/NNG+에/JKB+대한/VV+ETM+건/NNB+JX+아직/MAG+없/VA+는/ETM+거/NNB+죠/VCP+EC"
          },
          {
            "id": 6,
            "text": "A. 네 타 과목에 대해서는 별도로 아직 마련되어 있는 게 없습니다",
            "norm_text": "A. 네 타 과목에 대해서는 별도로 아직 마련되어 있는 게 없습니다",
            "speaker": {
              "id": "A",
              "sex": "여성",
              "age": "1그룹(10대~20대)"
            },
            "speechAct": "진술하기",
            "morpheme": "A/SL+네/IC+타/MM+과목/NNG+에/JKB+대해서/VV+EC+는/JX+별도/NNG+로/JKB+아직/MAG+마련/NNG+되/XSV+어/EC+있/VX+는/ETM+게/NNB+JKS+없/VA+습니다/EF"
          },
          {
            "id": 7,
            "text": "B. 앞으로도 그럼 개설 예정은 없는 건가요",
            "norm_text": "B. 앞으로도 그럼 개설 예정은 없는 건가요",
            "speaker": {
              "id": "B",
              "sex": "남성",
              "age": "1그룹(10대~20대)"
            },
            "speechAct": "질문하기",
            "morpheme": "B/SL+./SY+앞/NNG+으로/JKB+도/JX+그럼/MAJ+개설/NNG+예정/NNG+은/JX+없/VA+는/ETM+건가요/NNB+VCP+EC"
          },
          {
            "id": 8,
            "text": "A. 현재 내부 논의 중이어서요",
            "norm_text": "A. 현재 내부 논의 중이어서요",
            "speaker": {
              "id": "A",
              "sex": "여성",
              "age": "1그룹(10대~20대)"
            },
            "speechAct": "진술하기",
            "morpheme": "A/SL+현재/MAG+내부/NNP+논의/NNG+중/NNB+이/VCP+어서요/EC"
          },
          {
            "id": 9,
            "text": "A. 확답을 드릴 수가 없습니다",
            "norm_text": "A. 확답을 드릴 수가 없습니다",
            "speaker": {
              "id": "A",
              "sex": "여성",
              "age": "1그룹(10대~20대)"
            },
            "speechAct": "진술하기",
            "morpheme": "A/SL+./SY+확답/NNG+을/JKO+드릴/VV+ETM+수/NNB+가/JKS+없/VA+습니다/EF"
          },
          {
            "id": 10,
            "text": "B. 아 네 아쉽네요 알겠습니다",
            "norm_text": "B. 아 네 아쉽네요 알겠습니다",
            "speaker": {
              "id": "B",
              "sex": "남성",
              "age": "1그룹(10대~20대)"
            },
            "speechAct": "진술하기",
            "morpheme": "B/SL+아/IC+네/IC+아쉽/VA+네요/EC+알/VV+겠/EP+습니다/EF"
          },
          {
            "id": 11,
            "text": "A. 찾아주셔서 감사합니다 #@이름# 이었습니다",
            "norm_text": "A. 찾아주셔서 감사합니다 #@이름# 이었습니다",
            "speaker": {
              "id": "A",
              "sex": "여성",
              "age": "1그룹(10대~20대)"
            },
            "speechAct": "인사하기",
            "morpheme": "A/SL+찾/VV+아/EC+주/VX+셔서/EP+EC+감사/NNG+합니다/XSV+EF+#/SY+@/SY+이름/NNG+#/SY+이/VCP+었/EP+습니다/EF"
          }
        ]
      }
    }
  ]
}