{
  "dataset": {
    "identifier": 139883,
    "name": "e1_20211115_0006_0371_01",
    "src_path": "/data/file/cubeManager/PROJECT018/91/txt20211110140004056190/e1_20211115_0006_0371_01/",
    "label_path": "/data/file/cubeManager/PROJECT018/91/txt20211110140004056190/e1_20211115_0006_0371_01/",
    "category": 2,
    "type": 0
  },
  "licenses": {
    "name": "Apache License 1.0",
    "url": "http://www.apache.org/licenses/LICENSE-1.0"
  },
  "info": [
    {
      "id": 157847,
      "filename": "e1_0066_0199_02.txt",
      "title": "e1_0066_0199_02",
      "mediatype": "콜센터",
      "medianame": "콜센터",
      "category": "목적대화",
      "date": "2021-11-10",
      "size": 330,
      "annotations": {
        "subject": "프로그램 문의",
        "speaker_type": "1:1",
        "size": 330,
        "word_size": 73,
        "text": "A.안녕하세요 사람냄새 나는 #@소속#입니다 무엇을 도와드릴까요\nB.저희 애가 지금 영어에 노출된지 4년 넘은 초등학생인데요\nB.#@소속# 화상영어 듣기 괜찮을까요\nA.네 영어에 노출된지 4년이면 영어에 거부감이 없을것 같은데요\nB.맞아요 영어를 어느 정도 해선지 거부감은 없더라고요\nA.화상영어로 어릴 때부터 미리 영어 말하기와 듣기에 익숙해지면 실력이 빠르게 향상될겁니다\nB.역시 그러겠죠 빨리 신청하는 수 밖에 없네요\nA.초등학생을 위한 다양한 레벨의 맞춤 교재들도 있으니 생각해보시고 연락주세요\nB.네 알겠습니다 그럼 홈페이지 들어가서 한 번 찾아볼게요\nA.네 감사합니다 #@이름# 상담원 이었습니다",
        "lines": [
          {
            "id": 1,
            "text": "A.안녕하세요 사람냄새 나는 #@소속#입니다 무엇을 도와드릴까요",
            "norm_text": "A.안녕하세요 사람냄새 나는 #@소속#입니다 무엇을 도와드릴까요",
            "speaker": {
              "id": "A",
              "sex": "여성",
              "age": "1그룹(10대~20대)"
            },
            "speechAct": "인사하기",
            "morpheme": "A/SL+./SY+안녕/NNG+하/XSV+세요/EP+EF+사람/NNG+냄새나/VV+는/ETM+#/SY+@/SY+소속/NNG+#/SY+입니다/VCP+EF+무엇/NP+을/JKO+도와/VV+EC+드릴까요/VX+EC"
          },
          {
            "id": 2,
            "text": "B.저희 애가 지금 영어에 노출된지 4년 넘은 초등학생인데요",
            "norm_text": "B.저희 애가 지금 영어에 노출된지 4년 넘은 초등학생인데요",
            "speaker": {
              "id": "B",
              "sex": "남성",
              "age": "1그룹(10대~20대)"
            },
            "speechAct": "진술하기",
            "morpheme": "B/SL+저희/NP+애/NNG+가/JKS+지금/MAG+영어/NNG+에/JKB+노출/NNG+된/XSV+ETM+지/NNB+4/SN+년/NNBC+넘/VV+은/ETM+초등학생/NNG+인데요/VCP+EC"
          },
          {
            "id": 3,
            "text": "B.#@소속# 화상영어 듣기 괜찮을까요",
            "norm_text": "B.#@소속# 화상영어 듣기 괜찮을까요",
            "speaker": {
              "id": "B",
              "sex": "남성",
              "age": "1그룹(10대~20대)"
            },
            "speechAct": "질문하기",
            "morpheme": "B/SL+./SY+#/SY+@/SY+소속/NNG+#/SY+화상/NNG+영어/NNG+듣/VV+기/ETN+괜찮/VA+을까요/EC"
          },
          {
            "id": 4,
            "text": "A.네 영어에 노출된지 4년이면 영어에 거부감이 없을것 같은데요",
            "norm_text": "A.네 영어에 노출된지 4년이면 영어에 거부감이 없을것 같은데요",
            "speaker": {
              "id": "A",
              "sex": "여성",
              "age": "1그룹(10대~20대)"
            },
            "speechAct": "진술하기",
            "morpheme": "A/SL+네/IC+영어/NNG+에/JKB+노출/NNG+된/XSV+ETM+지/NNB+4/SN+년/NNBC+이/VCP+면/EC+영어/NNG+에/JKB+거부/NNG+감/XSN+이/JKS+없/VA+을/ETM+것/NNB+같/VA+은데요/EC"
          },
          {
            "id": 5,
            "text": "B.맞아요 영어를 어느 정도 해선지 거부감은 없더라고요",
            "norm_text": "B.맞아요 영어를 어느 정도 해선지 거부감은 없더라고요",
            "speaker": {
              "id": "B",
              "sex": "남성",
              "age": "1그룹(10대~20대)"
            },
            "speechAct": "긍정감정표현하기(칭찬하기 포함)",
            "morpheme": "B/SL+맞/VV+아요/EF+영어/NNG+를/JKO+어느/MM+정도/NNG+해선지/XSV+EC+VCP+EC+거부감/NNG+은/JX+없/VA+더라고요/EC"
          },
          {
            "id": 6,
            "text": "A.화상영어로 어릴 때부터 미리 영어 말하기와 듣기에 익숙해지면 실력이 빠르게 향상될겁니다",
            "norm_text": "A.어릴 때부터 미리 영어에 익숙해지면 실력이 빠르게 향상될겁니다",
            "speaker": {
              "id": "A",
              "sex": "여성",
              "age": "1그룹(10대~20대)"
            },
            "speechAct": "주장하기",
            "morpheme": "A/SL+어릴/VA+ETM+때/NNG+부터/JX+미리/MAG+영어/NNG+에/JKB+익숙/XR+해/XSA+EC+지/VX+면/EC+실력/NNG+이/JKS+빠르/VA+게/EC+향상/NNG+될/XSV+ETM+겁니다/NNB+VCP+EC"
          },
          {
            "id": 7,
            "text": "B.역시 그러겠죠 빨리 신청하는 수 밖에 없네요",
            "norm_text": "B.역시 그러겠죠 빨리 신청하는 수 밖에 없네요",
            "speaker": {
              "id": "B",
              "sex": "남성",
              "age": "1그룹(10대~20대)"
            },
            "speechAct": "진술하기",
            "morpheme": "B/SL+역시/MAJ+그러/VV+겠/EP+죠/EF+빨리/MAG+신청/NNG+하/XSV+는/ETM+수/NNB+밖에/JX+없/VA+네요/EC"
          },
          {
            "id": 8,
            "text": "A.초등학생을 위한 다양한 레벨의 맞춤 교재들도 있으니 생각해보시고 연락주세요",
            "norm_text": "A.초등학생을 위한 맞춤형 교재들도 있으니 생각해보시고 연락주세요",
            "speaker": {
              "id": "A",
              "sex": "여성",
              "age": "1그룹(10대~20대)"
            },
            "speechAct": "진술하기",
            "morpheme": "A/SL+./SY+초등학생/NNG+을/JKO+위한/VV+ETM+다양/XR+한/XSA+ETM+레벨/NNG+의/JKG+맞춤/NNG+교재/NNG+들/XSN+도/JX+있/VA+으니/EC+생각/NNG+해/XSV+EC+보/VX+시/EP+고/EC+연락/NNG+주세요/NNP"
          },
          {
            "id": 9,
            "text": "B.네 알겠습니다 그럼 홈페이지 들어가서 한 번 찾아볼게요",
            "norm_text": "B.네 알겠습니다 그럼 홈페이지 들어가서 한 번 찾아볼게요",
            "speaker": {
              "id": "B",
              "sex": "남성",
              "age": "1그룹(10대~20대)"
            },
            "speechAct": "긍정감정표현하기(칭찬하기 포함)",
            "morpheme": "B/SL+네/IC+알/VV+겠/EP+습니다/EF+그럼/MAJ+홈페이지/NNG+들어가/VV+서/EC+한/MM+번/NNBC+찾아볼/VV+ETM+게요/NNB+VCP+EC"
          },
          {
            "id": 10,
            "text": "A.네 감사합니다 #@이름# 상담원 이었습니다",
            "norm_text": "A.네 감사합니다 #@이름# 상담원 이었습니다",
            "speaker": {
              "id": "A",
              "sex": "여성",
              "age": "1그룹(10대~20대)"
            },
            "speechAct": "인사하기",
            "morpheme": "A/SL+네/IC+감사/NNG+합니다/XSV+EF+#/SY+@/SY+이름/NNG+#/SY+상담원/NNG+이/VCP+었/EP+습니다/EF"
          }
        ]
      }
    }
  ]
}