{
  "dataset": {
    "identifier": 141012,
    "name": "e1_20211115_0006_0669_01",
    "src_path": "/data/file/cubeManager/PROJECT018/91/txt202111101400100924102/e1_20211115_0006_0669_01/",
    "label_path": "/data/file/cubeManager/PROJECT018/91/txt202111101400100924102/e1_20211115_0006_0669_01/",
    "category": 2,
    "type": 0
  },
  "licenses": {
    "name": "Apache License 1.0",
    "url": "http://www.apache.org/licenses/LICENSE-1.0"
  },
  "info": [
    {
      "id": 158646,
      "filename": "e1_0070_0047_02.txt",
      "title": "e1_0070_0047_02",
      "mediatype": "콜센터",
      "medianame": "콜센터",
      "category": "목적대화",
      "date": "2021-11-10",
      "size": 363,
      "annotations": {
        "subject": "프로그램 문의",
        "speaker_type": "1:1",
        "size": 363,
        "word_size": 91,
        "text": "A. 감사합니다 #@소속# 상담사 #@이름#입니다\nB. 저 학원에서 상담부터 받고 등록을 하고 싶은데요\nA. 고객님 방문상담은 온라인 예약이나 유선으로 먼저 예약을 해주셔야 해요\nB. 아 그래요 여기 안산 캠퍼스로 예약하고 싶은데요\nB. 온라인 예약 방법 좀 알려주세요\nA. 네 고객님 #@소속# 사이트 상단에 #@소속# 학원을 클릭하시고요\nB. 예 #@소속# 학원이요 네 클릭했어요\nA. 그리고 원하시는 캠퍼스인 안산 캠퍼스를 선택해 주시고요\nB. 네 안산 선택했어요\nA. 그리고 학원 상담을 눌러주시면 됩니다\nB. 네 여기서 예약하고 방문하면 되는 거죠\nA. 네 예약하시고 방문하시면 되세요\nB. 네 상담 감사합니다 수고하세요\nA. #@소속# 상담사 #@이름#이었습니다",
        "lines": [
          {
            "id": 1,
            "text": "A. 감사합니다 #@소속# 상담사 #@이름#입니다",
            "norm_text": "A. 감사합니다 #@소속# 상담사 #@이름#입니다",
            "speaker": {
              "id": "A",
              "sex": "여성",
              "age": "2그룹(30대~40대)"
            },
            "speechAct": "인사하기",
            "morpheme": "A/SL+./SY+감사/NNG+합니다/XSV+EF+#/SY+@/SY+소속/NNG+#/SY+상담/NNG+사/NNG+#/SY+@/SY+이름/NNG+#/SY+입니다/VCP+EC"
          },
          {
            "id": 2,
            "text": "B. 저 학원에서 상담부터 받고 등록을 하고 싶은데요",
            "norm_text": "B. 저 학원에서 상담부터 받고 등록을 하고 싶은데요",
            "speaker": {
              "id": "B",
              "sex": "남성",
              "age": "2그룹(30대~40대)"
            },
            "speechAct": "진술하기",
            "morpheme": "B/SL+저/MM+학원/NNG+에서/JKB+상담/NNG+부터/JX+받/VV+고/EC+등록/NNG+을/JKO+하/VV+고/EC+싶/VX+은데요/EC"
          },
          {
            "id": 3,
            "text": "A. 고객님 방문상담은 온라인 예약이나 유선으로 먼저 예약을 해주셔야 해요",
            "norm_text": "A. 고객님 방문상담은 온라인 예약이나 유선으로 먼저 예약을 해주셔야 해요",
            "speaker": {
              "id": "A",
              "sex": "여성",
              "age": "2그룹(30대~40대)"
            },
            "speechAct": "명령하기/요구하기",
            "morpheme": "A/SL+./SY+고객/NNG+님/XSN+방문/NNG+상담/NNG+은/JX+온라인/NNG+예약/NNG+이나/JC+유선/NNG+으로/JKB+먼저/MAG+예약/NNG+을/JKO+해/VV+EC+주/VX+셔야/EP+EC+해요/VX+EC"
          },
          {
            "id": 4,
            "text": "B. 아 그래요 여기 안산 캠퍼스로 예약하고 싶은데요",
            "norm_text": "B. 아 그래요 여기 안산 캠퍼스로 예약하고 싶은데요",
            "speaker": {
              "id": "B",
              "sex": "남성",
              "age": "2그룹(30대~40대)"
            },
            "speechAct": "진술하기",
            "morpheme": "B/SL+아/IC+그래요/VV+EF+여기/NP+안/MAG+산/VV+ETM+캠퍼스/NNG+로/JKB+예약/NNG+하/XSV+고/EC+싶/VX+은데요/EC"
          },
          {
            "id": 5,
            "text": "B. 온라인 예약 방법 좀 알려주세요",
            "norm_text": "B. 온라인 예약 방법 좀 알려주세요",
            "speaker": {
              "id": "B",
              "sex": "남성",
              "age": "2그룹(30대~40대)"
            },
            "speechAct": "명령하기/요구하기",
            "morpheme": "B/SL+./SY+온라인/NNG+예약/NNG+방법/NNG+좀/MAG+알려/VV+EC+주/VX+세요/EP+EF"
          },
          {
            "id": 6,
            "text": "A. 네 고객님 #@소속# 사이트 상단에 #@소속# 학원을 클릭하시고요",
            "norm_text": "A. 네 고객님 #@소속# 사이트 상단에 #@소속# 학원을 클릭하시고요",
            "speaker": {
              "id": "A",
              "sex": "여성",
              "age": "2그룹(30대~40대)"
            },
            "speechAct": "진술하기",
            "morpheme": "A/SL+네/IC+고객/NNG+님/XSN+#/SY+@/SY+소속/NNG+#/SY+사이트/NNG+상단/NNG+에/JKB+#/SY+@/SY+소속/NNG+#/SY+학원/NNG+을/JKO+클릭/NNG+하/XSV+시/EP+고요/EC"
          },
          {
            "id": 7,
            "text": "B. 예 #@소속# 학원이요 네 클릭했어요",
            "norm_text": "B. 예 #@소속# 학원이요 네 클릭했어요",
            "speaker": {
              "id": "B",
              "sex": "남성",
              "age": "2그룹(30대~40대)"
            },
            "speechAct": "진술하기",
            "morpheme": "B/SL+예/IC+#/SY+@/SY+소속/NNG+#/SY+학원/NNG+이/JKS+요네/NNG+클릭/NNG+했어요/XSV+EP+EC"
          },
          {
            "id": 8,
            "text": "A. 그리고 원하시는 캠퍼스인 안산 캠퍼스를 선택해 주시고요",
            "norm_text": "A. 그리고 원하시는 캠퍼스인 안산 캠퍼스를 선택해 주시고요",
            "speaker": {
              "id": "A",
              "sex": "여성",
              "age": "2그룹(30대~40대)"
            },
            "speechAct": "명령하기/요구하기",
            "morpheme": "A/SL+그리고/MAJ+원/NNG+하/XSV+시/EP+는/ETM+캠퍼스/NNG+인/VCP+ETM+안산/NNG+캠퍼스/NNG+를/JKO+선택/NNG+해/XSV+EC+주/VX+시/EP+고요/EC"
          },
          {
            "id": 9,
            "text": "B. 네 안산 선택했어요",
            "norm_text": "B. 네 안산 선택했어요",
            "speaker": {
              "id": "B",
              "sex": "남성",
              "age": "2그룹(30대~40대)"
            },
            "speechAct": "진술하기",
            "morpheme": "B/SL+네/IC+안/MAG+산/VV+ETM+선택/NNG+했어요/XSV+EP+EC"
          },
          {
            "id": 10,
            "text": "A. 그리고 학원 상담을 눌러주시면 됩니다",
            "norm_text": "A. 그리고 학원 상담을 눌러주시면 됩니다",
            "speaker": {
              "id": "A",
              "sex": "여성",
              "age": "2그룹(30대~40대)"
            },
            "speechAct": "명령하기/요구하기",
            "morpheme": "A/SL+그리고/MAJ+학원/NNG+상담/NNG+을/JKO+눌러/VV+EC+주/VX+시/EP+면/EC+됩니다/VX+EC"
          },
          {
            "id": 11,
            "text": "B. 네 여기서 예약하고 방문하면 되는 거죠",
            "norm_text": "B. 네 여기서 예약하고 방문하면 되는 거죠",
            "speaker": {
              "id": "B",
              "sex": "남성",
              "age": "2그룹(30대~40대)"
            },
            "speechAct": "질문하기",
            "morpheme": "B/SL+네/IC+여기/NP+서/JKB+예약/NNG+하/XSV+고/EC+방문/NNG+하/XSV+면/EC+되/VV+는/ETM+거/NNB+죠/VCP+EC"
          },
          {
            "id": 12,
            "text": "A. 네 예약하시고 방문하시면 되세요",
            "norm_text": "A. 네 예약하시고 방문하시면 되세요",
            "speaker": {
              "id": "A",
              "sex": "여성",
              "age": "2그룹(30대~40대)"
            },
            "speechAct": "진술하기",
            "morpheme": "A/SL+네/IC+예약/NNG+하/XSV+시/EP+고/EC+방문/NNG+하/XSV+시/EP+면/EC+되/VV+세요/EP+EF"
          },
          {
            "id": 13,
            "text": "B. 네 상담 감사합니다 수고하세요",
            "norm_text": "B. 네 상담 감사합니다 수고하세요",
            "speaker": {
              "id": "B",
              "sex": "남성",
              "age": "2그룹(30대~40대)"
            },
            "speechAct": "인사하기",
            "morpheme": "B/SL+네/IC+상담/NNG+감사/NNG+합니다/XSV+EF+수고/NNG+하/XSV+세요/EP+EF"
          },
          {
            "id": 14,
            "text": "A. #@소속# 상담사 #@이름#이었습니다",
            "norm_text": "A. #@소속# 상담사 #@이름#이었습니다",
            "speaker": {
              "id": "A",
              "sex": "여성",
              "age": "2그룹(30대~40대)"
            },
            "speechAct": "인사하기",
            "morpheme": "A/SL+./SY+#/SY+@/SY+소속/NNG+#/SY+상담/NNG+사/NNG+#/SY+@/SY+이름/NNG+#/SY+이/VCP+었/EP+습니다/EF"
          }
        ]
      }
    }
  ]
}