{
  "dataset": {
    "identifier": 140472,
    "name": "e1_20211115_0006_0542_01",
    "src_path": "/data/file/cubeManager/PROJECT018/91/txt20211110140005078159/e1_20211115_0006_0542_01/",
    "label_path": "/data/file/cubeManager/PROJECT018/91/txt20211110140005078159/e1_20211115_0006_0542_01/",
    "category": 2,
    "type": 0
  },
  "licenses": {
    "name": "Apache License 1.0",
    "url": "http://www.apache.org/licenses/LICENSE-1.0"
  },
  "info": [
    {
      "id": 158016,
      "filename": "e1_0067_0157_02.txt",
      "title": "e1_0067_0157_02",
      "mediatype": "콜센터",
      "medianame": "콜센터",
      "category": "목적대화",
      "date": "2021-11-10",
      "size": 303,
      "annotations": {
        "subject": "프로그램 문의",
        "speaker_type": "1:1",
        "size": 303,
        "word_size": 76,
        "text": "A. 안녕하세요 #@소속# 상담원 #@이름#입니다\nB. 네 저 애들 영어 프로그램 문의 좀 할게요\nA. 네 어떤 부분 안내 도와드릴까요\nB. 그 초등학생 6학년 애들 문법 강좌 있잖아요\nB. 재방송을 정확히 언제 하는건가요\nA. 화목금 오후1시50분부터 2시20분까지 재방됩니다\nB. 본방도 화목금 같은 요일 맞는거죠\nA. 네 맞습니다 오전 10시40분부터 11시10분까지요\nB. 근데 그거 교재 없이 방송만 봐도 되는 수준인가요\nA. 해당 수업은 사이트내 교재 다운받으셔서 시청해주세요\nB. 알겠습니다 알려주셔서 감사합니다\nA. 네 좋은 하루 되세요 감사합니다",
        "lines": [
          {
            "id": 1,
            "text": "A. 안녕하세요 #@소속# 상담원 #@이름#입니다",
            "norm_text": "A. 안녕하세요 #@소속# 상담원 #@이름#입니다",
            "speaker": {
              "id": "A",
              "sex": "여성",
              "age": "1그룹(10대~20대)"
            },
            "speechAct": "인사하기",
            "morpheme": "A/SL+./SY+안녕/NNG+하/XSV+세요/EP+EF+#/SY+@/SY+소속/NNG+#/SY+상담원/NNG+#/SY+@/SY+이름/NNG+#/SY+입니다/VCP+EC"
          },
          {
            "id": 2,
            "text": "B. 네 저 애들 영어 프로그램 문의 좀 할게요",
            "norm_text": "B. 네 저 애들 영어 프로그램 문의 좀 할게요",
            "speaker": {
              "id": "B",
              "sex": "남성",
              "age": "1그룹(10대~20대)"
            },
            "speechAct": "진술하기",
            "morpheme": "B/SL+네/IC+저애/NNG+들/XSN+영어/NNG+프로그램/NNG+문/NNG+의/JKG+좀/MAG+할게요/VV+EC"
          },
          {
            "id": 3,
            "text": "A. 네 어떤 부분 안내 도와드릴까요",
            "norm_text": "A. 네 어떤 부분 안내 도와드릴까요",
            "speaker": {
              "id": "A",
              "sex": "여성",
              "age": "1그룹(10대~20대)"
            },
            "speechAct": "질문하기",
            "morpheme": "A/SL+네/IC+어떤/MM+부분/NNG+안내/NNG+도와/VV+EC+드릴까요/VX+EC"
          },
          {
            "id": 4,
            "text": "B. 그 초등학생 6학년 애들 문법 강좌 있잖아요",
            "norm_text": "B. 그 초등학생 6학년 애들 문법 강좌 있잖아요",
            "speaker": {
              "id": "B",
              "sex": "남성",
              "age": "1그룹(10대~20대)"
            },
            "speechAct": "진술하기",
            "morpheme": "B/SL+그/MM+초등학생/NNG+6/SN+학년/NNG+애/NNG+들/XSN+문법/NNG+강좌/NNG+있/VV+잖아요/EC"
          },
          {
            "id": 5,
            "text": "B. 재방송을 정확히 언제 하는건가요",
            "norm_text": "B. 재방송을 정확히 언제 하는건가요",
            "speaker": {
              "id": "B",
              "sex": "남성",
              "age": "1그룹(10대~20대)"
            },
            "speechAct": "질문하기",
            "morpheme": "B/SL+./SY+재방송/NNG+을/JKO+정확히/MAG+언제/MAG+하/VV+는/ETM+건가요/NNB+VCP+EC"
          },
          {
            "id": 6,
            "text": "A. 화목금 오후1시50분부터 2시20분까지 재방됩니다",
            "norm_text": "A. 화목금 오후1시50분부터 2시20분까지 재방됩니다",
            "speaker": {
              "id": "A",
              "sex": "여성",
              "age": "1그룹(10대~20대)"
            },
            "speechAct": "진술하기",
            "morpheme": "A/SL+화/IC+목금/MAG+오후/NNG+1/SN+시/NNBC+50/SN+분/NNBC+부터/JX+2/SN+시/NNBC+20/SN+분/NNBC+까지/JX+재방/NNG+됩니다/XSV+EC"
          },
          {
            "id": 7,
            "text": "B. 본방도 화목금 같은 요일 맞는거죠",
            "norm_text": "B. 본방도 화목금 같은 요일 맞는거죠",
            "speaker": {
              "id": "B",
              "sex": "남성",
              "age": "1그룹(10대~20대)"
            },
            "speechAct": "질문하기",
            "morpheme": "B/SL+본/VV+ETM+방도/NNG+화/XSN+목금/MAG+같/VA+은/ETM+요일/NNG+맞/VV+는/ETM+거/NNB+죠/VCP+EC"
          },
          {
            "id": 8,
            "text": "A. 네 맞습니다 오전 10시40분부터 11시10분까지요",
            "norm_text": "A. 네 맞습니다 오전 10시40분부터 11시10분까지요",
            "speaker": {
              "id": "A",
              "sex": "여성",
              "age": "1그룹(10대~20대)"
            },
            "speechAct": "진술하기",
            "morpheme": "A/SL+네/IC+맞/VV+습니다/EF+오전/NNG+10/SN+시/NNBC+40/SN+분/NNBC+부터/JX+11/SN+시/NNBC+10/SN+분/NNBC+까지/JX+요/JX"
          },
          {
            "id": 9,
            "text": "B. 근데 그거 교재 없이 방송만 봐도 되는 수준인가요",
            "norm_text": "B. 근데 그거 교재 없이 방송만 봐도 되는 수준인가요",
            "speaker": {
              "id": "B",
              "sex": "남성",
              "age": "1그룹(10대~20대)"
            },
            "speechAct": "질문하기",
            "morpheme": "B/SL+근데/MAJ+그거/NP+교재/NNG+없이/MAG+방송/NNG+만/JX+봐도/VV+EC+되/VV+는/ETM+수준/NNG+인가요/VCP+EC"
          },
          {
            "id": 10,
            "text": "A. 해당 수업은 사이트내 교재 다운받으셔서 시청해주세요",
            "norm_text": "A. 해당 수업은 사이트내 교재 다운받으셔서 시청해주세요",
            "speaker": {
              "id": "A",
              "sex": "여성",
              "age": "1그룹(10대~20대)"
            },
            "speechAct": "진술하기",
            "morpheme": "A/SL+./SY+해당/NNG+수업/NNG+은/JX+사이트/NNG+내/NNB+교재/NNG+다운/XSA+ETM+받/VV+으셔서/EP+EC+시청/NNG+해/XSV+EC+주/VX+세요/EP+EF"
          },
          {
            "id": 11,
            "text": "B. 알겠습니다 알려주셔서 감사합니다",
            "norm_text": "B. 알겠습니다 알려주셔서 감사합니다",
            "speaker": {
              "id": "B",
              "sex": "남성",
              "age": "1그룹(10대~20대)"
            },
            "speechAct": "감사하기",
            "morpheme": "B/SL+알/VV+겠/EP+습니다/EF+알려/VV+EC+주/VX+셔서/EP+EC+감사/NNG+합니다/XSV+EC"
          },
          {
            "id": 12,
            "text": "A. 네 좋은 하루 되세요 감사합니다",
            "norm_text": "A. 네 좋은 하루 되세요 감사합니다",
            "speaker": {
              "id": "A",
              "sex": "여성",
              "age": "1그룹(10대~20대)"
            },
            "speechAct": "인사하기",
            "morpheme": "A/SL+네/IC+좋/VA+은/ETM+하루/NNG+되/XSV+세요/EP+EF+감사/NNG+합니다/XSV+EC"
          }
        ]
      }
    }
  ]
}