{
  "dataset": {
    "identifier": 140947,
    "name": "e1_20211115_0006_0612_01",
    "src_path": "/data/file/cubeManager/PROJECT018/91/txt202111101400090067105/e1_20211115_0006_0612_01/",
    "label_path": "/data/file/cubeManager/PROJECT018/91/txt202111101400090067105/e1_20211115_0006_0612_01/",
    "category": 2,
    "type": 0
  },
  "licenses": {
    "name": "Apache License 1.0",
    "url": "http://www.apache.org/licenses/LICENSE-1.0"
  },
  "info": [
    {
      "id": 158391,
      "filename": "e1_0069_0034_02.txt",
      "title": "e1_0069_0034_02",
      "mediatype": "콜센터",
      "medianame": "콜센터",
      "category": "목적대화",
      "date": "2021-11-10",
      "size": 336,
      "annotations": {
        "subject": "프로그램 문의",
        "speaker_type": "1:1",
        "size": 336,
        "word_size": 78,
        "text": "A.기분 좋은 하루시작 #@소속# 상담원 #@이름#입니다\nB.거기 학생부 관리 프로그램이 무엇인가요\nA.네 저희 학생부 관리 프로그램은 #@상품# 전용 서비스고요\nB.아 그럼 단품 구입은 안되겠네요\nA.예 전용 서비스로 단품 구입이 불가하고요\nA.목표 학교에 맞춘 비교과 활동 관리를 위한 통합 시스템입니다\nB.구체적으로 어떻게 관리가 되나요\nA.네 진학을 설계해 드리고 거기에 맞춰서 활동 로드맵을 수립해 드리고요\nA.이때 6828명의 합격생 분석 자료를 토대로 해서요\nA.학생 성향이나 특징을 파악해서 관리 전략을 세워드립니다\nB.네 잘 알겠습니다 좀 더 생각해 볼게요\nA.코로나 조심하세요 상담사 #@이름#이었습니다",
        "lines": [
          {
            "id": 1,
            "text": "A.기분 좋은 하루시작 #@소속# 상담원 #@이름#입니다",
            "norm_text": "A.기분 좋은 하루시작 #@소속# 상담원 #@이름#입니다",
            "speaker": {
              "id": "A",
              "sex": "여성",
              "age": "1그룹(10대~20대)"
            },
            "speechAct": "인사하기",
            "morpheme": "A/SL+./SY+기분/NNG+좋/VA+은/ETM+하루/NNG+시작/NNG+#/SY+@/SY+소속/NNG+#/SY+상담원/NNG+#/SY+@/SY+이름/NNG+#/SY+입니다/VCP+EC"
          },
          {
            "id": 2,
            "text": "B.거기 학생부 관리 프로그램이 무엇인가요",
            "norm_text": "B.거기 학생부 관리 프로그램이 무엇인가요",
            "speaker": {
              "id": "B",
              "sex": "남성",
              "age": "1그룹(10대~20대)"
            },
            "speechAct": "질문하기",
            "morpheme": "B/SL+거기/NP+학생/NNG+부관리/NNG+프로그램/NNG+이/JKS+무엇/NP+인가요/VCP+EC"
          },
          {
            "id": 3,
            "text": "A.네 저희 학생부 관리 프로그램은 #@상품# 전용 서비스고요",
            "norm_text": "A.네 저희 학생부 관리 프로그램은 #@상품# 전용 서비스고요",
            "speaker": {
              "id": "A",
              "sex": "여성",
              "age": "1그룹(10대~20대)"
            },
            "speechAct": "진술하기",
            "morpheme": "A/SL+네/IC+저희/NP+학생/NNG+부관리/NNG+프로그램/NNG+은/JX+#/SY+@/SY+상품/NNG+#/SY+전용/NNG+서비스/NNG+고요/NNG"
          },
          {
            "id": 4,
            "text": "B.아 그럼 단품 구입은 안되겠네요",
            "norm_text": "B.아 그럼 단품 구입은 안되겠네요",
            "speaker": {
              "id": "B",
              "sex": "남성",
              "age": "1그룹(10대~20대)"
            },
            "speechAct": "질문하기",
            "morpheme": "B/SL+아/IC+그럼/MAJ+단/MM+품/NNG+구입/NNG+은/JX+안/MAG+되/VV+겠/EP+네요/EC"
          },
          {
            "id": 5,
            "text": "A.예 전용 서비스로 단품 구입이 불가하고요",
            "norm_text": "A.예 전용 서비스로 단품 구입이 불가하고요",
            "speaker": {
              "id": "A",
              "sex": "여성",
              "age": "1그룹(10대~20대)"
            },
            "speechAct": "진술하기",
            "morpheme": "A/SL+./SY+예전/NNG+용/XSN+서비스/NNG+로단/NNG+품/NNG+구입/NNG+이/JKS+불가/NNG+하/XSV+고요/EC"
          },
          {
            "id": 6,
            "text": "A.목표 학교에 맞춘 비교과 활동 관리를 위한 통합 시스템입니다",
            "norm_text": "A.목표 학교에 맞춘 비교과 활동 관리를 위한 통합 시스템입니다",
            "speaker": {
              "id": "A",
              "sex": "여성",
              "age": "1그룹(10대~20대)"
            },
            "speechAct": "진술하기",
            "morpheme": "A/SL+./SY+목표/NNG+학교/NNG+에/JKB+맞춘/VV+ETM+비교/NNG+과/JC+활동/NNG+관리/NNG+를/JKO+위한/VV+ETM+통합/NNG+시스템/NNG+입니다/VCP+EC"
          },
          {
            "id": 7,
            "text": "B.구체적으로 어떻게 관리가 되나요",
            "norm_text": "B.구체적으로 어떻게 관리가 되나요",
            "speaker": {
              "id": "B",
              "sex": "남성",
              "age": "1그룹(10대~20대)"
            },
            "speechAct": "질문하기",
            "morpheme": "B/SL+./SY+구체/NNG+적/XSN+으로/JKB+어떻게/MAG+관리/NNG+가/JKS+되/VV+나요/EC"
          },
          {
            "id": 8,
            "text": "A.네 진학을 설계해 드리고 거기에 맞춰서 활동 로드맵을 수립해 드리고요",
            "norm_text": "A.네 진학을 설계해 드리고 거기에 맞춰서 활동 로드맵을 수립해 드리고요",
            "speaker": {
              "id": "A",
              "sex": "여성",
              "age": "1그룹(10대~20대)"
            },
            "speechAct": "진술하기",
            "morpheme": "A/SL+네/IC+진학/NNG+을/JKO+설계/NNG+해/XSV+EC+드리/VX+고/EC+거기/NP+에/JKB+맞춰서/VV+EC+활동/NNG+로드맵/NNP+을/JKO+수립/NNG+해/XSV+EC+드리/VX+고요/EC"
          },
          {
            "id": 9,
            "text": "A.이때 6828명의 합격생 분석 자료를 토대로 해서요",
            "norm_text": "A.이때 6828명의 합격생 분석 자료를 토대로 해서요",
            "speaker": {
              "id": "A",
              "sex": "여성",
              "age": "1그룹(10대~20대)"
            },
            "speechAct": "진술하기",
            "morpheme": "A/SL+./SY+이때/NNG+6828/SN+명/NNBC+의/JKG+합격/NNG+생/XSN+분석/NNG+자료/NNG+를/JKO+토대/NNG+로/JKB+해서/VV+EC+요/JX"
          },
          {
            "id": 10,
            "text": "A.학생 성향이나 특징을 파악해서 관리 전략을 세워드립니다",
            "norm_text": "A.학생 성향이나 특징을 파악해서 관리 전략을 세워드립니다",
            "speaker": {
              "id": "A",
              "sex": "여성",
              "age": "1그룹(10대~20대)"
            },
            "speechAct": "진술하기",
            "morpheme": "A/SL+./SY+학생/NNG+성향/NNG+이나/JC+특징/NNG+을/JKO+파악/NNG+해서/XSV+EC+관리/NNG+전략/NNG+을/JKO+세워/VV+EC+드립니다/VX+EC"
          },
          {
            "id": 11,
            "text": "B.네 잘 알겠습니다 좀 더 생각해 볼게요",
            "norm_text": "B.네 잘 알겠습니다 좀 더 생각해 볼게요",
            "speaker": {
              "id": "B",
              "sex": "남성",
              "age": "1그룹(10대~20대)"
            },
            "speechAct": "진술하기",
            "morpheme": "B/SL+네/IC+잘/MAG+알/VV+겠/EP+습니다/EF+좀더/MAG+생각/NNG+해/XSV+EC+볼게요/VX+EF"
          },
          {
            "id": 12,
            "text": "A.코로나 조심하세요 상담사 #@이름#이었습니다",
            "norm_text": "A.코로나 조심하세요 상담사 #@이름#이었습니다",
            "speaker": {
              "id": "A",
              "sex": "여성",
              "age": "1그룹(10대~20대)"
            },
            "speechAct": "인사하기",
            "morpheme": "A/SL+./SY+코로나/NNG+조심/NNG+하/XSV+세요/EP+EF+상담/NNG+사/NNG+#/SY+@/SY+이름/NNG+#/SY+이/VCP+었/EP+습니다/EF"
          }
        ]
      }
    }
  ]
}