{
  "dataset": {
    "identifier": 139692,
    "name": "e1_20211115_0006_0251_01",
    "src_path": "/data/file/cubeManager/PROJECT018/91/txt20211110140003015573/e1_20211115_0006_0251_01/",
    "label_path": "/data/file/cubeManager/PROJECT018/91/txt20211110140003015573/e1_20211115_0006_0251_01/",
    "category": 2,
    "type": 0
  },
  "licenses": {
    "name": "Apache License 1.0",
    "url": "http://www.apache.org/licenses/LICENSE-1.0"
  },
  "info": [
    {
      "id": 157712,
      "filename": "e1_0066_0064_02.txt",
      "title": "e1_0066_0064_02",
      "mediatype": "콜센터",
      "medianame": "콜센터",
      "category": "목적대화",
      "date": "2021-11-10",
      "size": 278,
      "annotations": {
        "subject": "프로그램 문의",
        "speaker_type": "1:1",
        "size": 278,
        "word_size": 71,
        "text": "A. 기쁨 가득한 #@소속# 상담원 #@이름#입니다\nB. 교재가 파일로 되어있는데 어떻게 다운 받나요\nA. 교재가 파일로 되어있을때 다운로드 방법 물어보신건가요\nB. 네 교재가 파일로 되어 있다고 하는데 다운 방법을 몰라서요\nA. 교재는 PDF 형식으로 제공돼서 클릭하시면 다운 받을 수 있습니다\nB. PDF교재는 클릭해서 다운받으면 된다고요\nA. 네 클릭해서 다운받으시면 됩니다\nB. 아 네 너무 감사해요\nA. 다른 문의 없으신가요\nB. 네 더 없습니다\nA. 눈길 조심하시고 좋은 하루 되세요 #@이름# 이었습니다",
        "lines": [
          {
            "id": 1,
            "text": "A. 기쁨 가득한 #@소속# 상담원 #@이름#입니다",
            "norm_text": "A. 기쁨 가득한 #@소속# 상담원 #@이름#입니다",
            "speaker": {
              "id": "A",
              "sex": "여성",
              "age": "1그룹(10대~20대)"
            },
            "speechAct": "인사하기",
            "morpheme": "A/SL+./SY+기쁨/NNG+가득/MAG+한/XSA+ETM+#/SY+@/SY+소속/NNG+#/SY+상담원/NNG+#/SY+@/SY+이름/NNG+#/SY+입니다/VCP+EC"
          },
          {
            "id": 2,
            "text": "B. 교재가 파일로 되어있는데 어떻게 다운 받나요",
            "norm_text": "B. 교재가 파일로 되어있는데 어떻게 다운 받나요",
            "speaker": {
              "id": "B",
              "sex": "남성",
              "age": "1그룹(10대~20대)"
            },
            "speechAct": "질문하기",
            "morpheme": "B/SL+./SY+교재/NNG+가/JKS+파일/NNG+로/JKB+되/VV+어/EC+있/VX+는데/EC+어떻게/MAG+다운/XSA+ETM+받/VV+나요/EC"
          },
          {
            "id": 3,
            "text": "A. 교재가 파일로 되어있을때 다운로드 방법 물어보신건가요",
            "norm_text": "A. 교재가 파일로 되어있을때 다운로드 방법 물어보신건가요",
            "speaker": {
              "id": "A",
              "sex": "여성",
              "age": "1그룹(10대~20대)"
            },
            "speechAct": "질문하기",
            "morpheme": "A/SL+./SY+교재/NNG+가/JKS+파일/NNG+로/JKB+되/VV+어/EC+있/VX+을/ETM+때/NNG+다운/XSA+ETM+로드/NNG+방법/NNG+물/VV+어/EC+보/VX+신/EP+ETM+건가요/NNB+VCP+EC"
          },
          {
            "id": 4,
            "text": "B. 네 교재가 파일로 되어 있다고 하는데 다운 방법을 몰라서요",
            "norm_text": "B. 네 교재가 파일로 되어 있다고 하는데 다운 방법을 몰라서요",
            "speaker": {
              "id": "B",
              "sex": "남성",
              "age": "1그룹(10대~20대)"
            },
            "speechAct": "진술하기",
            "morpheme": "B/SL+네/IC+교재/NNG+가/JKS+파일/NNG+로/JKB+되/VV+어/EC+있/VX+다고/EC+하/VV+는/ETM+데/NNB+다운/XSA+ETM+방법/NNG+을/JKO+몰/VV+라서요/EC"
          },
          {
            "id": 5,
            "text": "A. 교재는 PDF 형식으로 제공돼서 클릭하시면 다운 받을 수 있습니다",
            "norm_text": "A. 교재는 PDF 형식으로 제공돼서 클릭하시면 다운 받을 수 있습니다",
            "speaker": {
              "id": "A",
              "sex": "여성",
              "age": "1그룹(10대~20대)"
            },
            "speechAct": "진술하기",
            "morpheme": "A/SL+./SY+교재/NNG+는/JX+PDF/SL+형식/NNG+으로/JKB+제공/NNG+돼서/XSV+EC+클릭/NNG+하/XSV+시/EP+면/EC+다운/NNG+받/VV+을/ETM+수/NNB+있/VV+습니다/EF"
          },
          {
            "id": 6,
            "text": "B. PDF교재는 클릭해서 다운받으면 된다고요",
            "norm_text": "B. PDF교재는 클릭해서 다운받으면 된다고요",
            "speaker": {
              "id": "B",
              "sex": "남성",
              "age": "1그룹(10대~20대)"
            },
            "speechAct": "질문하기",
            "morpheme": "B/SL+./SY+PDF/SL+교재/NNG+는/JX+클릭/NNG+해서/XSV+EC+다운/NNG+받/VV+으면/EC+된다/VV+EC+고요/NNG"
          },
          {
            "id": 7,
            "text": "A. 네 클릭해서 다운받으시면 됩니다",
            "norm_text": "A. 네 클릭해서 다운받으시면 됩니다",
            "speaker": {
              "id": "A",
              "sex": "여성",
              "age": "1그룹(10대~20대)"
            },
            "speechAct": "진술하기",
            "morpheme": "A/SL+네/IC+클릭/NNG+해서/XSV+EC+다운/NNG+받/VV+으시/EP+면/EC+됩니다/VX+EC"
          },
          {
            "id": 8,
            "text": "B. 아 네 너무 감사해요",
            "norm_text": "B. 아 네 너무 감사해요",
            "speaker": {
              "id": "B",
              "sex": "남성",
              "age": "1그룹(10대~20대)"
            },
            "speechAct": "감사하기",
            "morpheme": "B/SL+아/IC+네/IC+너무/MAG+감사/NNG+해요/XSV+EC"
          },
          {
            "id": 9,
            "text": "A. 다른 문의 없으신가요",
            "norm_text": "A. 다른 문의 없으신가요",
            "speaker": {
              "id": "A",
              "sex": "여성",
              "age": "1그룹(10대~20대)"
            },
            "speechAct": "질문하기",
            "morpheme": "A/SL+다른/MM+문/NNG+의/JKG+없/VA+으신/EP+ETM+가요/NNG"
          },
          {
            "id": 10,
            "text": "B. 네 더 없습니다",
            "norm_text": "B. 네 더 없습니다",
            "speaker": {
              "id": "B",
              "sex": "남성",
              "age": "1그룹(10대~20대)"
            },
            "speechAct": "진술하기",
            "morpheme": "B/SL+네/IC+더/MAG+없/VA+습니다/EF"
          },
          {
            "id": 11,
            "text": "A. 눈길 조심하시고 좋은 하루 되세요 #@이름# 이었습니다",
            "norm_text": "A. 눈길 조심하시고 좋은 하루 되세요 #@이름# 이었습니다",
            "speaker": {
              "id": "A",
              "sex": "여성",
              "age": "1그룹(10대~20대)"
            },
            "speechAct": "인사하기",
            "morpheme": "A/SL+./SY+눈길/NNG+조심/NNG+하/XSV+시/EP+고/EC+좋/VA+은/ETM+하루/NNG+되/XSV+세요/EP+EF+#/SY+@/SY+이름/NNG+#/SY+이/VCP+었/EP+습니다/EF"
          }
        ]
      }
    }
  ]
}