{
  "dataset": {
    "identifier": 139662,
    "name": "e1_20211115_0006_0236_01",
    "src_path": "/data/file/cubeManager/PROJECT018/91/txt20211110140003003654/e1_20211115_0006_0236_01/",
    "label_path": "/data/file/cubeManager/PROJECT018/91/txt20211110140003003654/e1_20211115_0006_0236_01/",
    "category": 2,
    "type": 0
  },
  "licenses": {
    "name": "Apache License 1.0",
    "url": "http://www.apache.org/licenses/LICENSE-1.0"
  },
  "info": [
    {
      "id": 157697,
      "filename": "e1_0066_0049_02.txt",
      "title": "e1_0066_0049_02",
      "mediatype": "콜센터",
      "medianame": "콜센터",
      "category": "목적대화",
      "date": "2021-11-10",
      "size": 229,
      "annotations": {
        "subject": "프로그램 문의",
        "speaker_type": "1:1",
        "size": 229,
        "word_size": 45,
        "text": "A.　반갑습니다　국내 대표 수능강의 #@소속# 상담원 #@이름# 입니다\nB.　강좌 수강신청하고 들으려고 하는데요\nB.　혹시 강의는 실시간으로만 가능한가요\nA.　아니요　실시간도 가능하고 다운로드해서 이용할 수도 있습니다\nB.　아 그럼 시간 제약이 따로 없네요\nA.　네 원하실때 들으실 수 있습니다\nB.　네 알려주셔서 감사합니다\nA.　궁금하신 점 더 있으실까요\nB.　아니요 없습니다 감사합니다\nA.　네 지금까지 #@이름#이였습니다",
        "lines": [
          {
            "id": 1,
            "text": "A.　반갑습니다　국내 대표 수능강의 #@소속# 상담원 #@이름# 입니다",
            "norm_text": "A.　반갑습니다　국내 대표 수능강의 #@소속# 상담원 #@이름# 입니다",
            "speaker": {
              "id": "A",
              "sex": "여성",
              "age": "1그룹(10대~20대)"
            },
            "speechAct": "인사하기",
            "morpheme": "A/SL+./SY+　/SY+반갑/VA+습니다/EF+　/SY+국내/NNG+대표/NNG+수능/NNG+강의/NNG+#/SY+@/SY+소속/NNG+#/SY+상담원/NNG+#/SY+@/SY+이름/NNG+#/SY+입니다/VCP+EC"
          },
          {
            "id": 2,
            "text": "B.　강좌 수강신청하고 들으려고 하는데요",
            "norm_text": "B.　강좌 수강신청하고 들으려고 하는데요",
            "speaker": {
              "id": "B",
              "sex": "남성",
              "age": "1그룹(10대~20대)"
            },
            "speechAct": "진술하기",
            "morpheme": "B/SL+./SY+　/SY+강좌/NNG+수강/NNG+신청/NNG+하/XSV+고/EC+들으려고/VV+EC+하/VV+는데요/EC"
          },
          {
            "id": 3,
            "text": "B.　혹시 강의는 실시간으로만 가능한가요",
            "norm_text": "B.　혹시 강의는 실시간으로만 가능한가요",
            "speaker": {
              "id": "B",
              "sex": "남성",
              "age": "1그룹(10대~20대)"
            },
            "speechAct": "질문하기",
            "morpheme": "B/SL+./SY+　/SY+혹시/MAG+강의/NNG+는/JX+실시간/NNG+으로/JKB+만/JX+가능/NNG+한/XSA+ETM+가요/NNG"
          },
          {
            "id": 4,
            "text": "A.　아니요　실시간도 가능하고 다운로드해서 이용할 수도 있습니다",
            "norm_text": "A.　아니요　실시간도 가능하고 다운로드해서 이용할 수도 있습니다",
            "speaker": {
              "id": "A",
              "sex": "여성",
              "age": "1그룹(10대~20대)"
            },
            "speechAct": "진술하기",
            "morpheme": "A/SL+./SY+　/SY+아니/VCN+요/EC+　/SY+실시간/NNG+도/JX+가능/NNG+하/XSV+고/EC+다운로드/NNG+해서/XSV+EC+이용/NNG+할/XSV+ETM+수/NNB+도/JX+있/VA+습니다/EF"
          },
          {
            "id": 5,
            "text": "B.　아 그럼 시간 제약이 따로 없네요",
            "norm_text": "B.　아 그럼 시간 제약이 따로 없네요",
            "speaker": {
              "id": "B",
              "sex": "남성",
              "age": "1그룹(10대~20대)"
            },
            "speechAct": "질문하기",
            "morpheme": "B/SL+./SY+　/SY+아/IC+그럼/MAJ+시간/NNG+제약/NNG+이/JKS+따로/MAG+없/VA+네요/EC"
          },
          {
            "id": 6,
            "text": "A.　네 원하실때 들으실 수 있습니다",
            "norm_text": "A.　네 원하실때 들으실 수 있습니다",
            "speaker": {
              "id": "A",
              "sex": "여성",
              "age": "1그룹(10대~20대)"
            },
            "speechAct": "진술하기",
            "morpheme": "A/SL+./SY+　/SY+네/IC+원/NNG+하/XSV+실/EP+ETM+때/NNG+들으실/VV+EP+ETM+수/NNB+있/VV+습니다/EF"
          },
          {
            "id": 7,
            "text": "B.　네 알려주셔서 감사합니다",
            "norm_text": "B.　네 알려주셔서 감사합니다",
            "speaker": {
              "id": "B",
              "sex": "남성",
              "age": "1그룹(10대~20대)"
            },
            "speechAct": "감사하기",
            "morpheme": "B/SL+./SY+　/SY+네/IC+알려/VV+EC+주/VX+셔서/EP+EC+감사/NNG+합니다/XSV+EC"
          },
          {
            "id": 8,
            "text": "A.　궁금하신 점 더 있으실까요",
            "norm_text": "A.　궁금하신 점 더 있으실까요",
            "speaker": {
              "id": "A",
              "sex": "여성",
              "age": "1그룹(10대~20대)"
            },
            "speechAct": "질문하기",
            "morpheme": "A/SL+./SY+　/SY+궁금/XR+하/XSA+신/EP+ETM+점/NNB+더/MAG+있/VA+으실까/EP+EP+EF+요/MM"
          },
          {
            "id": 9,
            "text": "B.　아니요 없습니다 감사합니다",
            "norm_text": "B.　아니요 없습니다 감사합니다",
            "speaker": {
              "id": "B",
              "sex": "남성",
              "age": "1그룹(10대~20대)"
            },
            "speechAct": "감사하기",
            "morpheme": "B/SL+./SY+　/SY+아니요/IC+없/VA+습니다/EF+감사/NNG+합니다/XSV+EC"
          },
          {
            "id": 10,
            "text": "A.　네 지금까지 #@이름#이였습니다",
            "norm_text": "A.　네 지금까지 #@이름#이였습니다",
            "speaker": {
              "id": "A",
              "sex": "여성",
              "age": "1그룹(10대~20대)"
            },
            "speechAct": "인사하기",
            "morpheme": "A/SL+./SY+　/SY+네/IC+지금/NNG+까지/JX+#/SY+@/SY+이름/NNG+#/SY+이/VCP+였/EP+습니다/EF"
          }
        ]
      }
    }
  ]
}