{
  "dataset": {
    "identifier": 140496,
    "name": "e1_20211115_0006_0556_01",
    "src_path": "/data/file/cubeManager/PROJECT018/91/txt20211110140005087721/e1_20211115_0006_0556_01/",
    "label_path": "/data/file/cubeManager/PROJECT018/91/txt20211110140005087721/e1_20211115_0006_0556_01/",
    "category": 2,
    "type": 0
  },
  "licenses": {
    "name": "Apache License 1.0",
    "url": "http://www.apache.org/licenses/LICENSE-1.0"
  },
  "info": [
    {
      "id": 158030,
      "filename": "e1_0067_0171_02.txt",
      "title": "e1_0067_0171_02",
      "mediatype": "콜센터",
      "medianame": "콜센터",
      "category": "목적대화",
      "date": "2021-11-10",
      "size": 293,
      "annotations": {
        "subject": "프로그램 문의",
        "speaker_type": "1:1",
        "size": 293,
        "word_size": 78,
        "text": "A. 안녕하세요 #@소속# 상담원 #@이름#입니다\nB. 저 강좌 프로 여쭤볼게 좀 있어서요\nA. 네 어떤 부분 궁금하신가요\nB. 우리 애 한자 좀 배웠으면 하는데요\nB. 인터넷으로 볼 수 있는 강좌 있을까요\nA. 네 현재 창의체험 프로그램에 한자 강좌 있습니다\nB. 아 혹시 강좌명이 정확히 뭔가요\nA. #@상품# 이라는 프로그램이에요\nB. 애가 기초도 없고 집중력도 떨어지는데 괜찮을까요\nA. 애니메이션 구성인데다 내용 자체도 쉬워서 부담 없을거에요\nB. 아 그렇군요 친절한 답변 감사해요\nA. 네 감사합니다 다른 문의 생기시면 또 전화주세요",
        "lines": [
          {
            "id": 1,
            "text": "A. 안녕하세요 #@소속# 상담원 #@이름#입니다",
            "norm_text": "A. 안녕하세요 #@소속# 상담원 #@이름#입니다",
            "speaker": {
              "id": "A",
              "sex": "여성",
              "age": "1그룹(10대~20대)"
            },
            "speechAct": "인사하기",
            "morpheme": "A/SL+./SY+안녕/NNG+하/XSV+세요/EP+EF+#/SY+@/SY+소속/NNG+#/SY+상담원/NNG+#/SY+@/SY+이름/NNG+#/SY+입니다/VCP+EC"
          },
          {
            "id": 2,
            "text": "B. 저 강좌 프로 여쭤볼게 좀 있어서요",
            "norm_text": "B. 저 강좌 프로 여쭤볼게 좀 있어서요",
            "speaker": {
              "id": "B",
              "sex": "남성",
              "age": "1그룹(10대~20대)"
            },
            "speechAct": "진술하기",
            "morpheme": "B/SL+저/MM+강좌/NNG+프로/NNG+여쭤볼/VV+EC+VX+ETM+게/NNB+JKS+좀/MAG+있/VA+어서요/EC"
          },
          {
            "id": 3,
            "text": "A. 네 어떤 부분 궁금하신가요",
            "norm_text": "A. 네 어떤 부분 궁금하신가요",
            "speaker": {
              "id": "A",
              "sex": "여성",
              "age": "1그룹(10대~20대)"
            },
            "speechAct": "질문하기",
            "morpheme": "A/SL+네/IC+어떤/MM+부분/NNG+궁금/XR+하/XSA+신가요/EP+EC"
          },
          {
            "id": 4,
            "text": "B. 우리 애 한자 좀 배웠으면 하는데요",
            "norm_text": "B. 우리 애 한자 좀 배웠으면 하는데요",
            "speaker": {
              "id": "B",
              "sex": "남성",
              "age": "1그룹(10대~20대)"
            },
            "speechAct": "진술하기",
            "morpheme": "B/SL+우리/NP+애/NNG+한/XSA+ETM+자/NNB+좀/MAG+배웠으면/VV+EP+EC+하/VV+는데요/EC"
          },
          {
            "id": 5,
            "text": "B. 인터넷으로 볼 수 있는 강좌 있을까요",
            "norm_text": "B. 인터넷으로 볼 수 있는 강좌 있을까요",
            "speaker": {
              "id": "B",
              "sex": "남성",
              "age": "1그룹(10대~20대)"
            },
            "speechAct": "질문하기",
            "morpheme": "B/SL+./SY+인터넷/NNG+으로/JKB+볼/VV+ETM+수/NNB+있/VV+는/ETM+강좌/NNG+있/VV+을까요/EC"
          },
          {
            "id": 6,
            "text": "A. 네 현재 창의체험 프로그램에 한자 강좌 있습니다",
            "norm_text": "A. 네 현재 창의체험 프로그램에 한자 강좌 있습니다",
            "speaker": {
              "id": "A",
              "sex": "여성",
              "age": "1그룹(10대~20대)"
            },
            "speechAct": "진술하기",
            "morpheme": "A/SL+네/IC+현재/MAG+창의/NNG+체험/NNG+프로그램/NNG+에/JKB+한자/NNG+강좌/NNG+있/VA+습니다/EF"
          },
          {
            "id": 7,
            "text": "B. 아 혹시 강좌명이 정확히 뭔가요",
            "norm_text": "B. 아 혹시 강좌명이 정확히 뭔가요",
            "speaker": {
              "id": "B",
              "sex": "남성",
              "age": "1그룹(10대~20대)"
            },
            "speechAct": "질문하기",
            "morpheme": "B/SL+./SY+아혹/NNG+시강/NNG+좌명/NNG+이/JKS+정확히/MAG+뭔/MM+가요/NNG"
          },
          {
            "id": 8,
            "text": "A. #@상품# 이라는 프로그램이에요",
            "norm_text": "A. #@상품# 이라는 프로그램이에요",
            "speaker": {
              "id": "A",
              "sex": "여성",
              "age": "1그룹(10대~20대)"
            },
            "speechAct": "진술하기",
            "morpheme": "A/SL+./SY+#/SY+@/SY+상품/NNG+#/SY+이/VCP+라는/ETM+프로그램/NNG+이/VCP+에요/EF"
          },
          {
            "id": 9,
            "text": "B. 애가 기초도 없고 집중력도 떨어지는데 괜찮을까요",
            "norm_text": "B. 애가 기초도 없고 집중력도 떨어지는데 괜찮을까요",
            "speaker": {
              "id": "B",
              "sex": "남성",
              "age": "1그룹(10대~20대)"
            },
            "speechAct": "질문하기",
            "morpheme": "B/SL+./SY+애/NNG+가/JKS+기초/NNG+도/JX+없/VA+고/EC+집중력/NNG+도/JX+떨어지/VV+는/ETM+데/NNB+괜찮/VA+을까요/EC"
          },
          {
            "id": 10,
            "text": "A. 애니메이션 구성인데다 내용 자체도 쉬워서 부담 없을거에요",
            "norm_text": "A. 애니메이션 구성인데다 내용 자체도 쉬워서 부담 없을거에요",
            "speaker": {
              "id": "A",
              "sex": "여성",
              "age": "1그룹(10대~20대)"
            },
            "speechAct": "진술하기",
            "morpheme": "A/SL+./SY+애니메이션/NNG+구성/NNG+인데/VCP+EC+다/MAG+내용/NNG+자체/NNG+도/JX+쉬워서/VA+EC+부담/NNG+없/VA+을/ETM+거/NNB+에요/VCP+EF"
          },
          {
            "id": 11,
            "text": "B. 아 그렇군요 친절한 답변 감사해요",
            "norm_text": "B. 아 그렇군요 친절한 답변 감사해요",
            "speaker": {
              "id": "B",
              "sex": "남성",
              "age": "1그룹(10대~20대)"
            },
            "speechAct": "감사하기",
            "morpheme": "B/SL+아/IC+그렇/VA+군요/EC+친절/NNG+한/XSA+ETM+답변/NNG+감사/NNG+해요/XSV+EC"
          },
          {
            "id": 12,
            "text": "A. 네 감사합니다 다른 문의 생기시면 또 전화주세요",
            "norm_text": "A. 네 감사합니다 다른 문의 생기시면 또 전화주세요",
            "speaker": {
              "id": "A",
              "sex": "여성",
              "age": "1그룹(10대~20대)"
            },
            "speechAct": "인사하기",
            "morpheme": "A/SL+네/IC+감사/NNG+합니다/XSV+EF+다른/MM+문/NNG+의/JKG+생기/VV+시/EP+면/EC+또/MAG+전화/NNG+주세요/NNP"
          }
        ]
      }
    }
  ]
}