{
  "dataset": {
    "identifier": 139888,
    "name": "e1_20211115_0006_0374_01",
    "src_path": "/data/file/cubeManager/PROJECT018/91/txt20211110140004058034/e1_20211115_0006_0374_01/",
    "label_path": "/data/file/cubeManager/PROJECT018/91/txt20211110140004058034/e1_20211115_0006_0374_01/",
    "category": 2,
    "type": 0
  },
  "licenses": {
    "name": "Apache License 1.0",
    "url": "http://www.apache.org/licenses/LICENSE-1.0"
  },
  "info": [
    {
      "id": 157850,
      "filename": "e1_0066_0202_02.txt",
      "title": "e1_0066_0202_02",
      "mediatype": "콜센터",
      "medianame": "콜센터",
      "category": "목적대화",
      "date": "2021-11-10",
      "size": 338,
      "annotations": {
        "subject": "프로그램 문의",
        "speaker_type": "1:1",
        "size": 338,
        "word_size": 76,
        "text": "A.행복 가득한 #@소속# #@이름#입니다 무엇을 도와드릴까요\nB.저희 애가 1년반 정도 화상영어 경험이 있는데 거기서 어떤 과정이 좋을까요\nA.아이가 1년반 정도 화상영어 경험이 있는거면 실력은 어느정도 될걸로 생각되는데요\nB.네 맞습니다 어느정도 할 줄은 알거든요\nA.그러시면 저희 #@소속#의 #@상품# 혹은 영자신문 과정을 들으면 될것같아요\nB.두가지 각각 뭐가 다른건가요\nA.#@상품#는 특정 주제에 대해 자신의 생각을 말할 수 있고요\nA.영자신문은 주변에서 일어나는 다양한 이슈들을 다룬 영어공부 과정입니다\nB.아 딱 저희 애가 좋아하는 과정이네요 감사합니다\nA.네 원하시는 답변이 되었길 바랍니다 안녕히계세요",
        "lines": [
          {
            "id": 1,
            "text": "A.행복 가득한 #@소속# #@이름#입니다 무엇을 도와드릴까요",
            "norm_text": "A.행복 가득한 #@소속# #@이름#입니다 무엇을 도와드릴까요",
            "speaker": {
              "id": "A",
              "sex": "여성",
              "age": "1그룹(10대~20대)"
            },
            "speechAct": "인사하기",
            "morpheme": "A/SL+./SY+행복/NNG+가득/MAG+한/XSA+ETM+#/SY+@/SY+소속/NNG+#/SY+#/SY+@/SY+이름/NNG+#/SY+입니다/VCP+EF+무엇/NP+을/JKO+도와/VV+EC+드릴까요/VX+EC"
          },
          {
            "id": 2,
            "text": "B.저희 애가 1년반 정도 화상영어 경험이 있는데 거기서 어떤 과정이 좋을까요",
            "norm_text": "B.저희 애가 1년반 정도 화상영어 경험이 있는데 어떤 과정이 좋을까요",
            "speaker": {
              "id": "B",
              "sex": "남성",
              "age": "1그룹(10대~20대)"
            },
            "speechAct": "질문하기",
            "morpheme": "B/SL+저희/NP+애/NNG+가/JKS+1/SN+년/NNBC+반/NNG+정도/NNG+화상/NNG+영어/NNG+경험/NNG+이/JKS+있/VV+는데/EC+어떤/MM+과정/NNG+이/JKS+좋/VA+을까요/EC"
          },
          {
            "id": 3,
            "text": "A.아이가 1년반 정도 화상영어 경험이 있는거면 실력은 어느정도 될걸로 생각되는데요",
            "norm_text": "A.1년반 정도 경험이 있는거면 실력은 어느정도 될걸로 생각되는데요",
            "speaker": {
              "id": "A",
              "sex": "여성",
              "age": "1그룹(10대~20대)"
            },
            "speechAct": "진술하기",
            "morpheme": "A/SL+./SY+아이/NNG+가/JKS+1/SN+년/NNBC+반/NNG+정도/NNG+화상/NNG+영어/NNG+경험/NNG+이/JKS+있/VA+는/ETM+거/NNB+면/VCP+EC+실력/NNG+은/JX+어느/MM+정도/NNG+될/XSV+ETM+걸로/NNB+JKB+생각/NNG+되/XSV+는데요/EC"
          },
          {
            "id": 4,
            "text": "B.네 맞습니다 어느정도 할 줄은 알거든요",
            "norm_text": "B.네 맞습니다 어느정도 할 줄은 알거든요",
            "speaker": {
              "id": "B",
              "sex": "남성",
              "age": "1그룹(10대~20대)"
            },
            "speechAct": "진술하기",
            "morpheme": "B/SL+네/IC+맞/VV+습니다/EF+어느/MM+정도/NNG+할/XSV+ETM+줄/NNB+은/JX+알/VV+거든요/EF"
          },
          {
            "id": 5,
            "text": "A.그러시면 저희 #@소속#의 #@상품# 혹은 영자신문 과정을 들으면 될것같아요",
            "norm_text": "A.그러시면 저희 #@상품# 혹은 영자신문 과정을 들으면 될것같아요",
            "speaker": {
              "id": "A",
              "sex": "여성",
              "age": "1그룹(10대~20대)"
            },
            "speechAct": "진술하기",
            "morpheme": "A/SL+그러/VV+시/EP+면/EC+저희/NP+#/SY+@/SY+소속/NNG+#/SY+의/JKG+#/SY+@/SY+상품/NNG+#/SY+혹은/MAJ+영자/NNG+신문/NNG+과정/NNG+을/JKO+들으면/VV+EC+될/VV+ETM+것/NNB+같/VA+아요/EC"
          },
          {
            "id": 6,
            "text": "B.두가지 각각 뭐가 다른건가요",
            "norm_text": "B.두가지 각각 뭐가 다른건가요",
            "speaker": {
              "id": "B",
              "sex": "남성",
              "age": "1그룹(10대~20대)"
            },
            "speechAct": "질문하기",
            "morpheme": "B/SL+두/MM+가지/NNBC+각각/MAG+뭐/NP+가/JKS+다른/VA+ETM+건가요/NNB+VCP+EC"
          },
          {
            "id": 7,
            "text": "A.#@상품#는 특정 주제에 대해 자신의 생각을 말할 수 있고요",
            "norm_text": "A.#@상품#는 특정 주제에 대해 자신의 생각을 말할 수 있고요",
            "speaker": {
              "id": "A",
              "sex": "여성",
              "age": "1그룹(10대~20대)"
            },
            "speechAct": "진술하기",
            "morpheme": "A/SL+./SY+#/SY+@/SY+상품/NNG+#/SY+는/JX+특정/NNG+주제/NNG+에/JKB+대해/VV+EC+자신/NNG+의/JKG+생각/NNG+을/JKO+말/NNG+할/XSV+ETM+수/NNB+있/VV+고요/EC"
          },
          {
            "id": 8,
            "text": "A.영자신문은 주변에서 일어나는 다양한 이슈들을 다룬 영어공부 과정입니다",
            "norm_text": "A.영자신문은 다양한 이슈들을 다룬 영어공부 과정입니다",
            "speaker": {
              "id": "A",
              "sex": "여성",
              "age": "1그룹(10대~20대)"
            },
            "speechAct": "진술하기",
            "morpheme": "A/SL+./SY+영자/NNG+신문/NNG+은/JX+주변/NNG+에서/JKB+일어나/VV+는/ETM+다양/XR+한/XSA+ETM+이슈/NNG+들/XSN+을/JKO+다룬/VV+ETM+영어/NNG+공부/NNG+과정/NNG+입니다/VCP+EC"
          },
          {
            "id": 9,
            "text": "B.아 딱 저희 애가 좋아하는 과정이네요 감사합니다",
            "norm_text": "B.아 딱 저희 애가 좋아하는 과정이네요 감사합니다",
            "speaker": {
              "id": "B",
              "sex": "남성",
              "age": "1그룹(10대~20대)"
            },
            "speechAct": "긍정감정표현하기(칭찬하기 포함)",
            "morpheme": "B/SL+아/IC+딱/MAG+저희/NP+애/NNG+가/JKS+좋/VA+아/EC+하/VV+는/ETM+과정/NNG+이/VCP+네요/EF+감사/NNG+합니다/XSV+EC"
          },
          {
            "id": 10,
            "text": "A.네 원하시는 답변이 되었길 바랍니다 안녕히계세요",
            "norm_text": "A.네 원하시는 답변이 되었길 바랍니다 안녕히계세요",
            "speaker": {
              "id": "A",
              "sex": "여성",
              "age": "1그룹(10대~20대)"
            },
            "speechAct": "인사하기",
            "morpheme": "A/SL+네/IC+원/NNG+하/XSV+시/EP+는/ETM+답변/NNG+이/JKS+되/VV+었/EP+길/ETN+JKO+바랍니다/VV+EF+안녕히/MAG+계세요/VV+EC"
          }
        ]
      }
    }
  ]
}