{
  "dataset": {
    "identifier": 140095,
    "name": "e1_20211115_0006_0429_01",
    "src_path": "/data/file/cubeManager/PROJECT018/91/txt202111101400040986103/e1_20211115_0006_0429_01/",
    "label_path": "/data/file/cubeManager/PROJECT018/91/txt202111101400040986103/e1_20211115_0006_0429_01/",
    "category": 2,
    "type": 0
  },
  "licenses": {
    "name": "Apache License 1.0",
    "url": "http://www.apache.org/licenses/LICENSE-1.0"
  },
  "info": [
    {
      "id": 157905,
      "filename": "e1_0067_0046_02.txt",
      "title": "e1_0067_0046_02",
      "mediatype": "콜센터",
      "medianame": "콜센터",
      "category": "목적대화",
      "date": "2021-11-10",
      "size": 260,
      "annotations": {
        "subject": "프로그램 문의",
        "speaker_type": "1:1",
        "size": 260,
        "word_size": 63,
        "text": "A. 반갑습니다 #@소속# 입니다\nB. 저 인강 수강생인데 궁금한게 있어서요\nA. 안녕하세요 궁금하신 것 말씀해주세요\nB. 다음달부터 #@소속#도 다녀볼까하는데요\nB. 혹시 방학기간에도 운영할까요\nA. 물론이죠 방학 운영도 평상시와 동일합니다\nB. 아 네 정규 수업 아닌데도 테스트 있나요\nA. 진단테스트는 있는데 부담갖지 않으셔도 돼요\nA. 현재 위치 파악과 목표 설계를 도와드리는 개념입니다\nB. 네 감사합니다 다음에 등록 신청해볼게요\nA. 감사합니다 언제든 문의 사항 연락주세요",
        "lines": [
          {
            "id": 1,
            "text": "A. 반갑습니다 #@소속# 입니다",
            "norm_text": "A. 반갑습니다 #@소속# 입니다",
            "speaker": {
              "id": "A",
              "sex": "여성",
              "age": "1그룹(10대~20대)"
            },
            "speechAct": "인사하기",
            "morpheme": "A/SL+반갑/VA+습니다/EF+#/SY+@/SY+소속/NNG+#/SY+입니다/VCP+EC"
          },
          {
            "id": 2,
            "text": "B. 저 인강 수강생인데 궁금한게 있어서요",
            "norm_text": "B. 저 인강 수강생인데 궁금한게 있어서요",
            "speaker": {
              "id": "B",
              "sex": "남성",
              "age": "1그룹(10대~20대)"
            },
            "speechAct": "진술하기",
            "morpheme": "B/SL+저인/NP+JX+강/NNG+수강/NNG+생/XSN+인데/VCP+EC+궁금/XR+한/XSA+ETM+게/NNB+JKS+있/VA+어서요/EC"
          },
          {
            "id": 3,
            "text": "A. 안녕하세요 궁금하신 것 말씀해주세요",
            "norm_text": "A. 안녕하세요 궁금하신 것 말씀해주세요",
            "speaker": {
              "id": "A",
              "sex": "여성",
              "age": "1그룹(10대~20대)"
            },
            "speechAct": "명령하기/요구하기",
            "morpheme": "A/SL+./SY+안녕/NNG+하/XSV+세요/EP+EF+궁금/XR+하/XSA+신/EP+ETM+것/NNB+말씀/NNG+해/XSV+EC+주/VX+세요/EP+EF"
          },
          {
            "id": 4,
            "text": "B. 다음달부터 #@소속#도 다녀볼까하는데요",
            "norm_text": "B. 다음달부터 #@소속#도 다녀볼까하는데요",
            "speaker": {
              "id": "B",
              "sex": "남성",
              "age": "1그룹(10대~20대)"
            },
            "speechAct": "진술하기",
            "morpheme": "B/SL+./SY+다음/NNG+달/NNG+부터/JX+#/SY+@/SY+소속/NNG+#/SY+도/JX+다녀/VV+EC+볼까/VX+EC+하/VV+는데요/EC"
          },
          {
            "id": 5,
            "text": "B. 혹시 방학기간에도 운영할까요",
            "norm_text": "B. 혹시 방학기간에도 운영할까요",
            "speaker": {
              "id": "B",
              "sex": "남성",
              "age": "1그룹(10대~20대)"
            },
            "speechAct": "질문하기",
            "morpheme": "B/SL+혹시/MAG+방학/NNG+기간/NNG+에/JKB+도/JX+운영/NNG+할까요/XSV+EC"
          },
          {
            "id": 6,
            "text": "A. 물론이죠 방학 운영도 평상시와 동일합니다",
            "norm_text": "A. 물론이죠 방학 운영도 평상시와 동일합니다",
            "speaker": {
              "id": "A",
              "sex": "여성",
              "age": "1그룹(10대~20대)"
            },
            "speechAct": "진술하기",
            "morpheme": "A/SL+./SY+물론/NNG+이/VCP+죠/EF+방학/NNG+운영/NNG+도/JX+평상시/NNG+와/JC+동일/NNG+합니다/XSV+EC"
          },
          {
            "id": 7,
            "text": "B. 아 네 정규 수업 아닌데도 테스트 있나요",
            "norm_text": "B. 아 네 정규 수업 아닌데도 테스트 있나요",
            "speaker": {
              "id": "B",
              "sex": "남성",
              "age": "1그룹(10대~20대)"
            },
            "speechAct": "질문하기",
            "morpheme": "B/SL+아/IC+네/IC+정규/NNG+수업/NNG+아닌데/VCN+EC+도/JX+테스트/NNG+있/VV+나요/EC"
          },
          {
            "id": 8,
            "text": "A. 진단테스트는 있는데 부담갖지 않으셔도 돼요",
            "norm_text": "A. 진단테스트는 있는데 부담갖지 않으셔도 돼요",
            "speaker": {
              "id": "A",
              "sex": "여성",
              "age": "1그룹(10대~20대)"
            },
            "speechAct": "진술하기",
            "morpheme": "A/SL+./SY+진단/NNG+테스트/NNG+는/JX+있/VX+는데/EC+부담/NNG+갖/VV+지/EC+않/VX+으셔도/EP+EC+돼요/VV+EC"
          },
          {
            "id": 9,
            "text": "A. 현재 위치 파악과 목표 설계를 도와드리는 개념입니다",
            "norm_text": "A. 현재 위치 파악과 목표 설계를 도와드리는 개념입니다",
            "speaker": {
              "id": "A",
              "sex": "여성",
              "age": "1그룹(10대~20대)"
            },
            "speechAct": "진술하기",
            "morpheme": "A/SL+현재/MAG+위치/NNG+파악/NNG+과/JC+목표/NNG+설계/NNG+를/JKO+도와/VV+EC+드리/VX+는/ETM+개념/NNG+입니다/VCP+EC"
          },
          {
            "id": 10,
            "text": "B. 네 감사합니다 다음에 등록 신청해볼게요",
            "norm_text": "B. 네 감사합니다 다음에 등록 신청해볼게요",
            "speaker": {
              "id": "B",
              "sex": "남성",
              "age": "1그룹(10대~20대)"
            },
            "speechAct": "감사하기",
            "morpheme": "B/SL+네/IC+감사/NNG+합니다/XSV+EF+다음/NNG+에/JKB+등록/NNG+신청/NNG+해/XSV+EC+볼게요/VX+EF"
          },
          {
            "id": 11,
            "text": "A. 감사합니다 언제든 문의 사항 연락주세요",
            "norm_text": "A. 감사합니다 언제든 문의 사항 연락주세요",
            "speaker": {
              "id": "A",
              "sex": "여성",
              "age": "1그룹(10대~20대)"
            },
            "speechAct": "명령하기/요구하기",
            "morpheme": "A/SL+./SY+감사/NNG+합니다/XSV+EF+언제/NP+든/VCP+EC+문/NNG+의/JKG+사항/NNG+연락/NNG+주세요/NNP"
          }
        ]
      }
    }
  ]
}