{
  "dataset": {
    "identifier": 140426,
    "name": "e1_20211115_0006_0507_01",
    "src_path": "/data/file/cubeManager/PROJECT018/91/txt20211110140005056028/e1_20211115_0006_0507_01/",
    "label_path": "/data/file/cubeManager/PROJECT018/91/txt20211110140005056028/e1_20211115_0006_0507_01/",
    "category": 2,
    "type": 0
  },
  "licenses": {
    "name": "Apache License 1.0",
    "url": "http://www.apache.org/licenses/LICENSE-1.0"
  },
  "info": [
    {
      "id": 157981,
      "filename": "e1_0067_0122_02.txt",
      "title": "e1_0067_0122_02",
      "mediatype": "콜센터",
      "medianame": "콜센터",
      "category": "목적대화",
      "date": "2021-11-10",
      "size": 323,
      "annotations": {
        "subject": "프로그램 문의",
        "speaker_type": "1:1",
        "size": 323,
        "word_size": 87,
        "text": "A. 반갑습니다 내일을 위한 #@소속# 상담원 #@이름# 입니다\nB. 네 저 수강 등록할까 하는데 궁금한게 있어서요\nA. 안녕하세요 어떤 부분 궁금하신가요\nB. 사이트에 있는 #@상품#가 뭔가요\nA. 현장강의 그대로 온라인 학습이 가능한 프로그램입니다\nB. 온라인이면 학습 관리가 제대로 될 수 있을까요\nA. 물론 온라인 수강도 철저한 학습 관리 가능하세요\nA. 미니 테스트와 모의고사 진행되니 걱정 안하셔도 돼요\nB. 아 네 혹시 놓친 부분은 복습 가능할까요\nA. 네 무제한 무한 반복으로 복습 가능하십니다\nB. 오 그거 좋네요 정보 감사합니다\nA. 네 더 궁금하신 부분 추가 문의 언제든 주세요",
        "lines": [
          {
            "id": 1,
            "text": "A. 반갑습니다 내일을 위한 #@소속# 상담원 #@이름# 입니다",
            "norm_text": "A. 반갑습니다 내일을 위한 #@소속# 상담원 #@이름# 입니다",
            "speaker": {
              "id": "A",
              "sex": "여성",
              "age": "1그룹(10대~20대)"
            },
            "speechAct": "인사하기",
            "morpheme": "A/SL+반갑/VA+습니다/EF+내일/NNG+을/JKO+위한/VV+ETM+#/SY+@/SY+소속/NNG+#/SY+상담원/NNG+#/SY+@/SY+이름/NNG+#/SY+입니다/VCP+EC"
          },
          {
            "id": 2,
            "text": "B. 네 저 수강 등록할까 하는데 궁금한게 있어서요",
            "norm_text": "B. 네 저 수강 등록할까 하는데 궁금한게 있어서요",
            "speaker": {
              "id": "B",
              "sex": "남성",
              "age": "1그룹(10대~20대)"
            },
            "speechAct": "진술하기",
            "morpheme": "B/SL+네/IC+저/MM+수강/NNG+등록/NNG+할까/XSV+EC+하/VV+는데/EC+궁금/XR+한/XSA+ETM+게/NNB+JKS+있/VA+어서요/EC"
          },
          {
            "id": 3,
            "text": "A. 안녕하세요 어떤 부분 궁금하신가요",
            "norm_text": "A. 안녕하세요 어떤 부분 궁금하신가요",
            "speaker": {
              "id": "A",
              "sex": "여성",
              "age": "1그룹(10대~20대)"
            },
            "speechAct": "질문하기",
            "morpheme": "A/SL+./SY+안녕/NNG+하/XSV+세요/EP+EF+어떤/MM+부분/NNG+궁금/XR+하/XSA+신가요/EP+EC"
          },
          {
            "id": 4,
            "text": "B. 사이트에 있는 #@상품#가 뭔가요",
            "norm_text": "B. 사이트에 있는 #@상품#가 뭔가요",
            "speaker": {
              "id": "B",
              "sex": "남성",
              "age": "1그룹(10대~20대)"
            },
            "speechAct": "질문하기",
            "morpheme": "B/SL+./SY+사이트/NNG+에/JKB+있/VV+는/ETM+#/SY+@/SY+상품/NNG+#/SY+가/JKS+뭔/MM+가요/NNG"
          },
          {
            "id": 5,
            "text": "A. 현장강의 그대로 온라인 학습이 가능한 프로그램입니다",
            "norm_text": "A. 현장강의 그대로 온라인 학습이 가능한 프로그램입니다",
            "speaker": {
              "id": "A",
              "sex": "여성",
              "age": "1그룹(10대~20대)"
            },
            "speechAct": "진술하기",
            "morpheme": "A/SL+./SY+현장/NNG+강의/NNG+그대로/MAG+온라인/NNG+학습/NNG+이/JKS+가능/NNG+한/XSA+ETM+프로그램/NNG+입니다/VCP+EC"
          },
          {
            "id": 6,
            "text": "B. 온라인이면 학습 관리가 제대로 될 수 있을까요",
            "norm_text": "B. 온라인이면 학습 관리가 제대로 될 수 있을까요",
            "speaker": {
              "id": "B",
              "sex": "남성",
              "age": "1그룹(10대~20대)"
            },
            "speechAct": "질문하기",
            "morpheme": "B/SL+./SY+온라인/NNG+이/VCP+면/EC+학습/NNG+관리/NNG+가/JKS+제대로/MAG+될/VV+ETM+수/NNB+있/VV+을까요/EC"
          },
          {
            "id": 7,
            "text": "A. 물론 온라인 수강도 철저한 학습 관리 가능하세요",
            "norm_text": "A. 물론 온라인 수강도 철저한 학습 관리 가능하세요",
            "speaker": {
              "id": "A",
              "sex": "여성",
              "age": "1그룹(10대~20대)"
            },
            "speechAct": "진술하기",
            "morpheme": "A/SL+물론/MAG+온라인/NNG+수강/NNG+도/JX+철저/XR+한/XSA+ETM+학습/NNG+관리/NNG+가능/NNG+하/XSV+세요/EP+EF"
          },
          {
            "id": 8,
            "text": "A. 미니 테스트와 모의고사 진행되니 걱정 안하셔도 돼요",
            "norm_text": "A. 미니 테스트와 모의고사 진행되니 걱정 안하셔도 돼요",
            "speaker": {
              "id": "A",
              "sex": "여성",
              "age": "1그룹(10대~20대)"
            },
            "speechAct": "진술하기",
            "morpheme": "A/SL+./SY+미니/NNG+테스트/NNG+와/JC+모의고사/NNG+진행/NNG+되/XSV+니/EC+걱정/NNG+안/MAG+하/VV+셔도/EP+EC+돼요/VV+EC"
          },
          {
            "id": 9,
            "text": "B. 아 네 혹시 놓친 부분은 복습 가능할까요",
            "norm_text": "B. 아 네 혹시 놓친 부분은 복습 가능할까요",
            "speaker": {
              "id": "B",
              "sex": "남성",
              "age": "1그룹(10대~20대)"
            },
            "speechAct": "질문하기",
            "morpheme": "B/SL+아/IC+네/IC+혹시/MAG+놓친/VV+ETM+부분/NNG+은/JX+복습/NNG+가능/NNG+할까요/XSV+EC"
          },
          {
            "id": 10,
            "text": "A. 네 무제한 무한 반복으로 복습 가능하십니다",
            "norm_text": "A. 네 무제한 무한 반복으로 복습 가능하십니다",
            "speaker": {
              "id": "A",
              "sex": "여성",
              "age": "1그룹(10대~20대)"
            },
            "speechAct": "진술하기",
            "morpheme": "A/SL+네/IC+무제/NNG+한/XSA+ETM+무한/NNG+반복/NNG+으로/JKB+복습/NNG+가능/NNG+하/XSV+십니다/EP+EC"
          },
          {
            "id": 11,
            "text": "B. 오 그거 좋네요 정보 감사합니다",
            "norm_text": "B. 오 그거 좋네요 정보 감사합니다",
            "speaker": {
              "id": "B",
              "sex": "남성",
              "age": "1그룹(10대~20대)"
            },
            "speechAct": "감사하기",
            "morpheme": "B/SL+오/IC+그거/NP+좋/VA+네요/EF+정보/NNG+감사/NNG+합니다/XSV+EC"
          },
          {
            "id": 12,
            "text": "A. 네 더 궁금하신 부분 추가 문의 언제든 주세요",
            "norm_text": "A. 네 더 궁금하신 부분 추가 문의 언제든 주세요",
            "speaker": {
              "id": "A",
              "sex": "여성",
              "age": "1그룹(10대~20대)"
            },
            "speechAct": "인사하기",
            "morpheme": "A/SL+네/IC+더/MAG+궁금/XR+하/XSA+신/EP+ETM+부분/NNG+추가/NNG+문/NNG+의/JKG+언제/NP+든/VCP+EC+주/VX+세요/EP+EF"
          }
        ]
      }
    }
  ]
}