{
  "dataset": {
    "identifier": 139732,
    "name": "e1_20211115_0006_0275_01",
    "src_path": "/data/file/cubeManager/PROJECT018/91/txt20211110140003037728/e1_20211115_0006_0275_01/",
    "label_path": "/data/file/cubeManager/PROJECT018/91/txt20211110140003037728/e1_20211115_0006_0275_01/",
    "category": 2,
    "type": 0
  },
  "licenses": {
    "name": "Apache License 1.0",
    "url": "http://www.apache.org/licenses/LICENSE-1.0"
  },
  "info": [
    {
      "id": 157736,
      "filename": "e1_0066_0088_02.txt",
      "title": "e1_0066_0088_02",
      "mediatype": "콜센터",
      "medianame": "콜센터",
      "category": "목적대화",
      "date": "2021-11-10",
      "size": 277,
      "annotations": {
        "subject": "프로그램 문의",
        "speaker_type": "1:1",
        "size": 277,
        "word_size": 70,
        "text": "A. 행복 가득한 #@소속# 상담원 #@이름#입니다\nB. 안녕하세요 저 거기 입학한 1학년 학생인데요\nB. 강의 교재가 따로 별도로 있는건가 해서요\nA. 교과목에 따라서 주교재나 부교재가 있을 수 있습니다\nB. 어디서 볼 수 있나요\nA. 수강신청 하실 때 강의계획서에서 직접 확인하실 수 있어요\nB. 제꺼 지금 한 번 확인해볼게요 음 부교재가 있는데 PDF 형태네요\nA. 그러시면 수업자료실에 PDF파일 다운받으시면 됩니다\nB. 그렇군요 알려주셔서 정말 감사합니다\nA. 즐거운 주말 보내세요 #@이름# 이었습니다",
        "lines": [
          {
            "id": 1,
            "text": "A. 행복 가득한 #@소속# 상담원 #@이름#입니다",
            "norm_text": "A. 행복 가득한 #@소속# 상담원 #@이름#입니다",
            "speaker": {
              "id": "A",
              "sex": "여성",
              "age": "1그룹(10대~20대)"
            },
            "speechAct": "인사하기",
            "morpheme": "A/SL+./SY+행복/NNG+가득/MAG+한/XSA+ETM+#/SY+@/SY+소속/NNG+#/SY+상담원/NNG+#/SY+@/SY+이름/NNG+#/SY+입니다/VCP+EC"
          },
          {
            "id": 2,
            "text": "B. 안녕하세요 저 거기 입학한 1학년 학생인데요",
            "norm_text": "B. 안녕하세요 저 거기 입학한 1학년 학생인데요",
            "speaker": {
              "id": "B",
              "sex": "남성",
              "age": "1그룹(10대~20대)"
            },
            "speechAct": "진술하기",
            "morpheme": "B/SL+./SY+안녕/NNG+하/XSV+세요/EP+EF+저/IC+거기/NP+입학/NNG+한/XSA+ETM+1/SN+학년/NNG+학생/NNG+인데요/VCP+EC"
          },
          {
            "id": 3,
            "text": "B. 강의 교재가 따로 별도로 있는건가 해서요",
            "norm_text": "B. 강의 교재가 따로 별도로 있는건가 해서요",
            "speaker": {
              "id": "B",
              "sex": "남성",
              "age": "1그룹(10대~20대)"
            },
            "speechAct": "질문하기",
            "morpheme": "B/SL+./SY+강의/NNG+교재/NNG+가/JKS+따로/MAG+별도/NNG+로/JKB+있/VX+는/ETM+건가/NNB+VCP+EC+해서/VX+EC+VCP+요/EC"
          },
          {
            "id": 4,
            "text": "A. 교과목에 따라서 주교재나 부교재가 있을 수 있습니다",
            "norm_text": "A. 교과목에 따라서 주교재나 부교재가 있을 수 있습니다",
            "speaker": {
              "id": "A",
              "sex": "여성",
              "age": "1그룹(10대~20대)"
            },
            "speechAct": "진술하기",
            "morpheme": "A/SL+./SY+교과목/NNG+에/JKB+따라서/VV+EC+주/VX+교재/NNG+나/JC+부교재/NNG+가/JKS+있/VV+을/ETM+수/NNB+있/VV+습니다/EF"
          },
          {
            "id": 5,
            "text": "B. 어디서 볼 수 있나요",
            "norm_text": "B. 어디서 볼 수 있나요",
            "speaker": {
              "id": "B",
              "sex": "남성",
              "age": "1그룹(10대~20대)"
            },
            "speechAct": "질문하기",
            "morpheme": "B/SL+어디/NP+서/JKB+볼/VV+ETM+수/NNB+있/VV+나요/EC"
          },
          {
            "id": 6,
            "text": "A. 수강신청 하실 때 강의계획서에서 직접 확인하실 수 있어요",
            "norm_text": "A. 수강신청 하실 때 강의계획서에서 직접 확인하실 수 있어요",
            "speaker": {
              "id": "A",
              "sex": "여성",
              "age": "1그룹(10대~20대)"
            },
            "speechAct": "진술하기",
            "morpheme": "A/SL+./SY+수강/NNG+신청/NNG+하/XSV+실/EP+ETM+때/NNG+강의/NNG+계획서/NNG+에서/JKB+직접/MAG+확인/NNG+하/XSV+실/EP+ETM+수/NNB+있/VV+어요/EF"
          },
          {
            "id": 7,
            "text": "B. 제꺼 지금 한 번 확인해볼게요 음 부교재가 있는데 PDF 형태네요",
            "norm_text": "B. 제꺼 지금 한 번 확인해볼게요 음 부교재가 있는데 PDF 형태네요",
            "speaker": {
              "id": "B",
              "sex": "남성",
              "age": "1그룹(10대~20대)"
            },
            "speechAct": "질문하기",
            "morpheme": "B/SL+제/NP+JKG+꺼/MAG+지금/MAG+한/MM+번/NNBC+확인/NNG+해/XSV+EC+볼게요/VX+EF+음/IC+부교재/NNG+가/JKS+있/VA+는데/EC+PDF/SL+형태/NNG+네요/VCP+EC"
          },
          {
            "id": 8,
            "text": "A. 그러시면 수업자료실에 PDF파일 다운받으시면 됩니다",
            "norm_text": "A. 그러시면 수업자료실에 PDF파일 다운받으시면 됩니다",
            "speaker": {
              "id": "A",
              "sex": "여성",
              "age": "1그룹(10대~20대)"
            },
            "speechAct": "진술하기",
            "morpheme": "A/SL+그러/VV+시/EP+면/EC+수업/NNG+자료실/NNG+에/JKB+PDF/SL+파일/NNG+다운/XSA+ETM+받/VV+으시/EP+면/EC+됩니다/VX+EC"
          },
          {
            "id": 9,
            "text": "B. 그렇군요 알려주셔서 정말 감사합니다",
            "norm_text": "B. 그렇군요 알려주셔서 정말 감사합니다",
            "speaker": {
              "id": "B",
              "sex": "남성",
              "age": "1그룹(10대~20대)"
            },
            "speechAct": "감사하기",
            "morpheme": "B/SL+그렇/VA+군요/EC+알려/VV+EC+주/VX+셔서/EP+EC+정말/MAG+감사/NNG+합니다/XSV+EC"
          },
          {
            "id": 10,
            "text": "A. 즐거운 주말 보내세요 #@이름# 이었습니다",
            "norm_text": "A. 즐거운 주말 보내세요 #@이름# 이었습니다",
            "speaker": {
              "id": "A",
              "sex": "여성",
              "age": "1그룹(10대~20대)"
            },
            "speechAct": "인사하기",
            "morpheme": "A/SL+즐거운/VA+ETM+주말/NNG+보내/VV+세요/EP+EF+#/SY+@/SY+이름/NNG+#/SY+이/VCP+었/EP+습니다/EF"
          }
        ]
      }
    }
  ]
}