{
  "dataset": {
    "identifier": 139885,
    "name": "e1_20211115_0006_0372_01",
    "src_path": "/data/file/cubeManager/PROJECT018/91/txt20211110140004056844/e1_20211115_0006_0372_01/",
    "label_path": "/data/file/cubeManager/PROJECT018/91/txt20211110140004056844/e1_20211115_0006_0372_01/",
    "category": 2,
    "type": 0
  },
  "licenses": {
    "name": "Apache License 1.0",
    "url": "http://www.apache.org/licenses/LICENSE-1.0"
  },
  "info": [
    {
      "id": 157848,
      "filename": "e1_0066_0200_02.txt",
      "title": "e1_0066_0200_02",
      "mediatype": "콜센터",
      "medianame": "콜센터",
      "category": "목적대화",
      "date": "2021-11-10",
      "size": 297,
      "annotations": {
        "subject": "프로그램 문의",
        "speaker_type": "1:1",
        "size": 297,
        "word_size": 66,
        "text": "A.안녕하세요 #@소속# 상담원 #@이름#입니다\nB.아 네 안녕하세요 제가 #@소속# 등록하려고 하는데요\nB.거기 선생님들 발음이 어떤가요 제가 발음에 예민해서요\nA.체계적이고 엄격한 평가 뒤에 입사하시니 걱정하지 않으셔도 됩니다\nB.아 거기서 평가를 거치고 선생님들이 입사하시는거에요\nA.네 각종 테스트 통과 기본교육 이수 등 평가를 통해 최종으로 입사하신 분들입니다\nB.아 그렇군요 그럼 진짜 걱정할 필요 없겠네요\nA.네 많은 분들이 만족하시며 수업 중입니다\nB.네 알겠습니다 안녕히계세요\nA.감사합니다 좋은 하루 보내세요 #@이름# 이었습니다",
        "lines": [
          {
            "id": 1,
            "text": "A.안녕하세요 #@소속# 상담원 #@이름#입니다",
            "norm_text": "A.안녕하세요 #@소속# 상담원 #@이름#입니다",
            "speaker": {
              "id": "A",
              "sex": "여성",
              "age": "1그룹(10대~20대)"
            },
            "speechAct": "인사하기",
            "morpheme": "A/SL+./SY+안녕/NNG+하/XSV+세요/EP+EF+#/SY+@/SY+소속/NNG+#/SY+상담원/NNG+#/SY+@/SY+이름/NNG+#/SY+입니다/VCP+EC"
          },
          {
            "id": 2,
            "text": "B.아 네 안녕하세요 제가 #@소속# 등록하려고 하는데요",
            "norm_text": "B.아 네 안녕하세요 제가 #@소속# 등록하려고 하는데요",
            "speaker": {
              "id": "B",
              "sex": "남성",
              "age": "1그룹(10대~20대)"
            },
            "speechAct": "진술하기",
            "morpheme": "B/SL+아/IC+네/IC+안녕/NNG+하/XSV+세요/EP+EF+제/NP+가/JKS+#/SY+@/SY+소속/NNG+#/SY+등록/NNG+하/XSV+려고/EC+하/VV+는데요/EC"
          },
          {
            "id": 3,
            "text": "B.거기 선생님들 발음이 어떤가요 제가 발음에 예민해서요",
            "norm_text": "B.거기 선생님들 발음이 어떤가요 제가 발음에 예민해서요",
            "speaker": {
              "id": "B",
              "sex": "남성",
              "age": "1그룹(10대~20대)"
            },
            "speechAct": "질문하기",
            "morpheme": "B/SL+거기/NP+선생/NNG+님/XSN+들/XSN+발음/NNG+이/JKS+어떤/MM+가요제/NNG+가/JKS+발음/NNG+에/JKB+예민/XR+해서/XSA+EC+VCP+요/EC"
          },
          {
            "id": 4,
            "text": "A.체계적이고 엄격한 평가 뒤에 입사하시니 걱정하지 않으셔도 됩니다",
            "norm_text": "A.체계적이고 엄격한 평가 뒤에 입사하시니 걱정하지 않으셔도 됩니다",
            "speaker": {
              "id": "A",
              "sex": "여성",
              "age": "1그룹(10대~20대)"
            },
            "speechAct": "진술하기",
            "morpheme": "A/SL+./SY+체계/NNG+적/XSN+이/VCP+고/EC+엄격/XR+한/XSA+ETM+평가/NNG+뒤/NNG+에/JKB+입사/NNG+하/XSV+시/EP+니/EC+걱정/NNG+하/XSV+지/EC+않/VX+으셔도/EP+EC+됩니다/VX+EC"
          },
          {
            "id": 5,
            "text": "B.아 거기서 평가를 거치고 선생님들이 입사하시는거에요",
            "norm_text": "B.아 거기서 평가를 거치고 선생님들이 입사하시는거에요",
            "speaker": {
              "id": "B",
              "sex": "남성",
              "age": "1그룹(10대~20대)"
            },
            "speechAct": "질문하기",
            "morpheme": "B/SL+아/IC+거기/NP+서/JKB+평가/NNG+를/JKO+거치/VV+고/EC+선생/NNG+님/XSN+들/XSN+이/JKS+입사/NNG+하/XSV+시/EP+는/ETM+거/NNB+에요/VCP+EF"
          },
          {
            "id": 6,
            "text": "A.네 각종 테스트 통과 기본교육 이수 등 평가를 통해 최종으로 입사하신 분들입니다",
            "norm_text": "A.네 각종 평가를 거쳐 기본교육 이수 후 입사하신 분들입니다",
            "speaker": {
              "id": "A",
              "sex": "여성",
              "age": "1그룹(10대~20대)"
            },
            "speechAct": "진술하기",
            "morpheme": "A/SL+네/IC+각종/NNG+평가/NNG+를/JKO+거쳐/VV+EC+기본/NNG+교육/NNG+이/JKS+수후/NNG+입사/NNG+하/XSV+신/EP+ETM+분/NNB+들/XSN+입니다/VCP+EC"
          },
          {
            "id": 7,
            "text": "B.아 그렇군요 그럼 진짜 걱정할 필요 없겠네요",
            "norm_text": "B.아 그렇군요 그럼 진짜 걱정할 필요 없겠네요",
            "speaker": {
              "id": "B",
              "sex": "남성",
              "age": "1그룹(10대~20대)"
            },
            "speechAct": "긍정감정표현하기(칭찬하기 포함)",
            "morpheme": "B/SL+아/IC+그렇/VA+군요/EF+그럼/MAJ+진짜/MAG+걱정/NNG+할/XSV+ETM+필요/NNG+없/VA+겠/EP+네요/EC"
          },
          {
            "id": 8,
            "text": "A.네 많은 분들이 만족하시며 수업 중입니다",
            "norm_text": "A.네 많은 분들이 만족하시며 수업 중입니다",
            "speaker": {
              "id": "A",
              "sex": "여성",
              "age": "1그룹(10대~20대)"
            },
            "speechAct": "진술하기",
            "morpheme": "A/SL+네/IC+많/VA+은/ETM+분/NNB+들/XSN+이/JKS+만족/NNG+하/XSV+시/EP+며/EC+수업/NNG+중/NNB+입니다/VCP+EC"
          },
          {
            "id": 9,
            "text": "B.네 알겠습니다 안녕히계세요",
            "norm_text": "B.네 알겠습니다 안녕히계세요",
            "speaker": {
              "id": "B",
              "sex": "남성",
              "age": "1그룹(10대~20대)"
            },
            "speechAct": "인사하기",
            "morpheme": "B/SL+네/IC+알/VV+겠/EP+습니다/EF+안녕히/MAG+계세요/VV+EC"
          },
          {
            "id": 10,
            "text": "A.감사합니다 좋은 하루 보내세요 #@이름# 이었습니다",
            "norm_text": "A.감사합니다 좋은 하루 보내세요 #@이름# 이었습니다",
            "speaker": {
              "id": "A",
              "sex": "여성",
              "age": "1그룹(10대~20대)"
            },
            "speechAct": "인사하기",
            "morpheme": "A/SL+./SY+감사/NNG+합니다/XSV+EF+좋/VA+은/ETM+하루/NNG+보내/VV+세요/EP+EF+#/SY+@/SY+이름/NNG+#/SY+이/VCP+었/EP+습니다/EF"
          }
        ]
      }
    }
  ]
}