{
  "dataset": {
    "identifier": 140488,
    "name": "e1_20211115_0006_0551_01",
    "src_path": "/data/file/cubeManager/PROJECT018/91/txt20211110140005083947/e1_20211115_0006_0551_01/",
    "label_path": "/data/file/cubeManager/PROJECT018/91/txt20211110140005083947/e1_20211115_0006_0551_01/",
    "category": 2,
    "type": 0
  },
  "licenses": {
    "name": "Apache License 1.0",
    "url": "http://www.apache.org/licenses/LICENSE-1.0"
  },
  "info": [
    {
      "id": 158025,
      "filename": "e1_0067_0166_02.txt",
      "title": "e1_0067_0166_02",
      "mediatype": "콜센터",
      "medianame": "콜센터",
      "category": "목적대화",
      "date": "2021-11-10",
      "size": 275,
      "annotations": {
        "subject": "프로그램 문의",
        "speaker_type": "1:1",
        "size": 275,
        "word_size": 72,
        "text": "A. 안녕하세요 올바른 교육방송 #@소속# 입니다\nB. 네 저 프로그램 문의 좀 드리려구요\nA. 네 어떤 부분 안내 도와드릴까요\nB. 저희 애가 약간 산만하고 예민한 편인데요\nB. 그런 정서 발달에 도움될만한거 뭐 있을까요\nA. 그런 경우 #@상품# 프로그램 도움되실 것 같아요\nB. 대충 어떤식으로 구성되어 있는건가요\nA. 쉽게 색칠공부 개념이라고 생각하시면 되구요\nA. 집중력 향상과 스트레스 해소에 큰 도움이 됩니다\nB. 아 좋네요 아이한테 얘기해볼게요\nA. 네 앞으로도 #@소속# 많은 이용 부탁드립니다",
        "lines": [
          {
            "id": 1,
            "text": "A. 안녕하세요 올바른 교육방송 #@소속# 입니다",
            "norm_text": "A. 안녕하세요 올바른 교육방송 #@소속# 입니다",
            "speaker": {
              "id": "A",
              "sex": "여성",
              "age": "1그룹(10대~20대)"
            },
            "speechAct": "인사하기",
            "morpheme": "A/SL+./SY+안녕/NNG+하/XSV+세요/EP+EF+올바른/VA+ETM+교육/NNG+방송/NNG+#/SY+@/SY+소속/NNG+#/SY+입니다/VCP+EC"
          },
          {
            "id": 2,
            "text": "B. 네 저 프로그램 문의 좀 드리려구요",
            "norm_text": "B. 네 저 프로그램 문의 좀 드리려구요",
            "speaker": {
              "id": "B",
              "sex": "남성",
              "age": "1그룹(10대~20대)"
            },
            "speechAct": "진술하기",
            "morpheme": "B/SL+네/IC+저/MM+프로그램/NNG+문/NNG+의/JKG+좀/MAG+드리/VV+려구요/EC"
          },
          {
            "id": 3,
            "text": "A. 네 어떤 부분 안내 도와드릴까요",
            "norm_text": "A. 네 어떤 부분 안내 도와드릴까요",
            "speaker": {
              "id": "A",
              "sex": "여성",
              "age": "1그룹(10대~20대)"
            },
            "speechAct": "질문하기",
            "morpheme": "A/SL+네/IC+어떤/MM+부분/NNG+안내/NNG+도와/VV+EC+드릴까요/VX+EC"
          },
          {
            "id": 4,
            "text": "B. 저희 애가 약간 산만하고 예민한 편인데요",
            "norm_text": "B. 저희 애가 약간 산만하고 예민한 편인데요",
            "speaker": {
              "id": "B",
              "sex": "남성",
              "age": "1그룹(10대~20대)"
            },
            "speechAct": "진술하기",
            "morpheme": "B/SL+저희/NP+애/NNG+가/JKS+약간/MAG+산만/XR+하/XSA+고/EC+예민/XR+한/XSA+ETM+편/NNB+인데요/VCP+EC"
          },
          {
            "id": 5,
            "text": "B. 그런 정서 발달에 도움될만한거 뭐 있을까요",
            "norm_text": "B. 그런 정서 발달에 도움될만한거 뭐 있을까요",
            "speaker": {
              "id": "B",
              "sex": "남성",
              "age": "1그룹(10대~20대)"
            },
            "speechAct": "질문하기",
            "morpheme": "B/SL+그런/MM+정서/NNG+발달/NNG+에/JKB+도움/NNG+될/XSV+ETM+만/NNB+한/XSA+ETM+거/NNB+뭐/IC+있/VA+을까요/EC"
          },
          {
            "id": 6,
            "text": "A. 그런 경우 #@상품# 프로그램 도움되실 것 같아요",
            "norm_text": "A. 그런 경우 #@상품# 프로그램 도움되실 것 같아요",
            "speaker": {
              "id": "A",
              "sex": "여성",
              "age": "1그룹(10대~20대)"
            },
            "speechAct": "진술하기",
            "morpheme": "A/SL+그런/MM+경우/NNG+#/SY+@/SY+상품/NNG+#/SY+프로그램/NNG+도움/NNG+되/XSV+실/EP+ETM+것/NNB+같/VA+아요/EC"
          },
          {
            "id": 7,
            "text": "B. 대충 어떤식으로 구성되어 있는건가요",
            "norm_text": "B. 대충 어떤식으로 구성되어 있는건가요",
            "speaker": {
              "id": "B",
              "sex": "남성",
              "age": "1그룹(10대~20대)"
            },
            "speechAct": "질문하기",
            "morpheme": "B/SL+대충/MAG+어떤/MM+식/NNB+으로/JKB+구성/NNG+되/XSV+어/EC+있/VX+는/ETM+건가요/NNB+VCP+EC"
          },
          {
            "id": 8,
            "text": "A. 쉽게 색칠공부 개념이라고 생각하시면 되구요",
            "norm_text": "A. 쉽게 색칠공부 개념이라고 생각하시면 되구요",
            "speaker": {
              "id": "A",
              "sex": "여성",
              "age": "1그룹(10대~20대)"
            },
            "speechAct": "진술하기",
            "morpheme": "A/SL+쉽/VA+게/EC+색칠/NNG+공부/NNG+개념/NNG+이/VCP+라고/EC+생각/NNG+하/XSV+시/EP+면/EC+되/VV+구요/EF"
          },
          {
            "id": 9,
            "text": "A. 집중력 향상과 스트레스 해소에 큰 도움이 됩니다",
            "norm_text": "A. 집중력 향상과 스트레스 해소에 큰 도움이 됩니다",
            "speaker": {
              "id": "A",
              "sex": "여성",
              "age": "1그룹(10대~20대)"
            },
            "speechAct": "진술하기",
            "morpheme": "A/SL+./SY+집중력/NNG+향상/NNG+과/JC+스트레스/NNG+해소/NNG+에/JKB+큰/VA+ETM+도움/NNG+이/JKS+됩니다/VV+EF"
          },
          {
            "id": 10,
            "text": "B. 아 좋네요 아이한테 얘기해볼게요",
            "norm_text": "B. 아 좋네요 아이한테 얘기해볼게요",
            "speaker": {
              "id": "B",
              "sex": "남성",
              "age": "1그룹(10대~20대)"
            },
            "speechAct": "긍정감정표현하기(칭찬하기 포함)",
            "morpheme": "B/SL+아/IC+좋/VA+네요/EF+아이/NNG+한테/JKB+얘기/NNG+해/XSV+EC+볼게요/VX+EF"
          },
          {
            "id": 11,
            "text": "A. 네 앞으로도 #@소속# 많은 이용 부탁드립니다",
            "norm_text": "A. 네 앞으로도 #@소속# 많은 이용 부탁드립니다",
            "speaker": {
              "id": "A",
              "sex": "여성",
              "age": "1그룹(10대~20대)"
            },
            "speechAct": "부탁하기",
            "morpheme": "A/SL+네/IC+앞/NNG+으로/JKB+도/JX+#/SY+@/SY+소속/NNG+#/SY+많/VA+은/ETM+이용/NNG+부탁/NNG+드립니다/VV+EC"
          }
        ]
      }
    }
  ]
}