{
  "dataset": {
    "identifier": 140464,
    "name": "e1_20211115_0006_0538_01",
    "src_path": "/data/file/cubeManager/PROJECT018/91/txt202111101400050756100/e1_20211115_0006_0538_01/",
    "label_path": "/data/file/cubeManager/PROJECT018/91/txt202111101400050756100/e1_20211115_0006_0538_01/",
    "category": 2,
    "type": 0
  },
  "licenses": {
    "name": "Apache License 1.0",
    "url": "http://www.apache.org/licenses/LICENSE-1.0"
  },
  "info": [
    {
      "id": 158012,
      "filename": "e1_0067_0153_02.txt",
      "title": "e1_0067_0153_02",
      "mediatype": "콜센터",
      "medianame": "콜센터",
      "category": "목적대화",
      "date": "2021-11-10",
      "size": 250,
      "annotations": {
        "subject": "프로그램 문의",
        "speaker_type": "1:1",
        "size": 250,
        "word_size": 62,
        "text": "A. 반갑습니다 #@소속# 김미영 #@이름# 입니다\nB. 네 그 초등학생들 수업 방송 궁금한게 있는데요\nA. 네 안녕하세요 어떤 부분 안내해드릴까요\nB. 이번에 #@상품# 타이틀 붙은 방송들이요\nB. 편성 과목 좀 알려주실 수 있을까요\nA. 기본 국영수사과 및 창의체험 편성되있습니다\nB. 아 그렇군요 교재를 따로 준비해야할까요\nA. 아닙니다 필요한 교재 자료는 주차별로 제공됩니다\nB. 아 좋네요 알려주셔서 감사해요\nA. 네 감사합니다 상담원 #@이름#이였습니다",
        "lines": [
          {
            "id": 1,
            "text": "A. 반갑습니다 #@소속# 김미영 #@이름# 입니다",
            "norm_text": "A. 반갑습니다 #@소속# #@이름# 입니다",
            "speaker": {
              "id": "A",
              "sex": "여성",
              "age": "1그룹(10대~20대)"
            },
            "speechAct": "인사하기",
            "morpheme": "A/SL+반갑/VA+습니다/EF+#/SY+@/SY+소속/NNG+#/SY+김미영/NNP+#/SY+@/SY+이름/NNG+#/SY+입니다/VCP+EC"
          },
          {
            "id": 2,
            "text": "B. 네 그 초등학생들 수업 방송 궁금한게 있는데요",
            "norm_text": "B. 네 그 초등학생들 수업 방송 궁금한게 있는데요",
            "speaker": {
              "id": "B",
              "sex": "남성",
              "age": "1그룹(10대~20대)"
            },
            "speechAct": "진술하기",
            "morpheme": "B/SL+네/IC+그/MM+초등학생/NNG+들/XSN+수업/NNG+방송/NNG+궁금/XR+한/XSA+ETM+게/NNB+JKS+있/VA+는데요/EC"
          },
          {
            "id": 3,
            "text": "A. 네 안녕하세요 어떤 부분 안내해드릴까요",
            "norm_text": "A. 네 안녕하세요 어떤 부분 안내해드릴까요",
            "speaker": {
              "id": "A",
              "sex": "여성",
              "age": "1그룹(10대~20대)"
            },
            "speechAct": "질문하기",
            "morpheme": "A/SL+네/IC+안녕/NNG+하/XSV+세요/EP+EF+어떤/MM+부분/NNG+안내/NNG+해/XSV+EC+드릴까요/VX+EC"
          },
          {
            "id": 4,
            "text": "B. 이번에 #@상품# 타이틀 붙은 방송들이요",
            "norm_text": "B. 이번에 #@상품# 타이틀 붙은 방송들이요",
            "speaker": {
              "id": "B",
              "sex": "남성",
              "age": "1그룹(10대~20대)"
            },
            "speechAct": "진술하기",
            "morpheme": "B/SL+./SY+이번/NNG+에/JKB+#/SY+@/SY+상품/NNG+#/SY+타이틀/NNG+붙/VV+은/ETM+방송/NNG+들/XSN+이/VCP+요/EC"
          },
          {
            "id": 5,
            "text": "B. 편성 과목 좀 알려주실 수 있을까요",
            "norm_text": "B. 편성 과목 좀 알려주실 수 있을까요",
            "speaker": {
              "id": "B",
              "sex": "남성",
              "age": "1그룹(10대~20대)"
            },
            "speechAct": "질문하기",
            "morpheme": "B/SL+./SY+편성/NNG+과목/NNG+좀/MAG+알려/VV+EC+주/VX+실/EP+ETM+수/NNB+있/VV+을까요/EC"
          },
          {
            "id": 6,
            "text": "A. 기본 국영수사과 및 창의체험 편성되있습니다",
            "norm_text": "A. 기본 국영수사과 및 창의체험 편성되있습니다",
            "speaker": {
              "id": "A",
              "sex": "여성",
              "age": "1그룹(10대~20대)"
            },
            "speechAct": "진술하기",
            "morpheme": "A/SL+./SY+기본/NNG+국영/NNG+수사/NNG+과/JC+및/MAJ+창의/NNG+체험/NNG+편성/NNG+되/XSV+EC+있/VX+습니다/EF"
          },
          {
            "id": 7,
            "text": "B. 아 그렇군요 교재를 따로 준비해야할까요",
            "norm_text": "B. 아 그렇군요 교재를 따로 준비해야할까요",
            "speaker": {
              "id": "B",
              "sex": "남성",
              "age": "1그룹(10대~20대)"
            },
            "speechAct": "질문하기",
            "morpheme": "B/SL+아/IC+그렇/VA+군요/EC+교재/NNG+를/JKO+따로/MAG+준비/NNG+해야/XSV+EC+할까요/VX+EC"
          },
          {
            "id": 8,
            "text": "A. 아닙니다 필요한 교재 자료는 주차별로 제공됩니다",
            "norm_text": "A. 아닙니다 필요한 교재 자료는 주차별로 제공됩니다",
            "speaker": {
              "id": "A",
              "sex": "여성",
              "age": "1그룹(10대~20대)"
            },
            "speechAct": "진술하기",
            "morpheme": "A/SL+아닙니다/VCN+EC+필요/NNG+한/XSA+ETM+교재/NNG+자료/NNG+는/JX+주차/NNG+별/XSN+로/JKB+제공/NNG+됩니다/XSV+EC"
          },
          {
            "id": 9,
            "text": "B. 아 좋네요 알려주셔서 감사해요",
            "norm_text": "B. 아 좋네요 알려주셔서 감사해요",
            "speaker": {
              "id": "B",
              "sex": "남성",
              "age": "1그룹(10대~20대)"
            },
            "speechAct": "감사하기",
            "morpheme": "B/SL+아/IC+좋/VA+네요/EC+알려/VV+EC+주/VX+셔서/EP+EC+감사/NNG+해요/XSV+EC"
          },
          {
            "id": 10,
            "text": "A. 네 감사합니다 상담원 #@이름#이였습니다",
            "norm_text": "A. 네 감사합니다 상담원 #@이름#이였습니다",
            "speaker": {
              "id": "A",
              "sex": "여성",
              "age": "1그룹(10대~20대)"
            },
            "speechAct": "인사하기",
            "morpheme": "A/SL+네/IC+감사/NNG+합니다/XSV+EF+상담원/NNG+#/SY+@/SY+이름/NNG+#/SY+이/VCP+였/EP+습니다/EF"
          }
        ]
      }
    }
  ]
}