{
  "dataset": {
    "identifier": 140184,
    "name": "e1_20211115_0006_0451_01",
    "src_path": "/data/file/cubeManager/PROJECT018/91/txt20211110140005015428/e1_20211115_0006_0451_01/",
    "label_path": "/data/file/cubeManager/PROJECT018/91/txt20211110140005015428/e1_20211115_0006_0451_01/",
    "category": 2,
    "type": 0
  },
  "licenses": {
    "name": "Apache License 1.0",
    "url": "http://www.apache.org/licenses/LICENSE-1.0"
  },
  "info": [
    {
      "id": 157927,
      "filename": "e1_0067_0068_02.txt",
      "title": "e1_0067_0068_02",
      "mediatype": "콜센터",
      "medianame": "콜센터",
      "category": "목적대화",
      "date": "2021-11-10",
      "size": 325,
      "annotations": {
        "subject": "프로그램 문의",
        "speaker_type": "1:1",
        "size": 325,
        "word_size": 86,
        "text": "A. 내일을 꿈꾸는 #@소속# 입니다\nB. 안녕하세요 저 뭐 좀 여쭤볼게요\nA. 네 반갑습니다 어떤게 궁금하실까요\nB. 친구가 #@상품#이 제일 좋다고 한걸 얼핏 들었거든요\nB. #@상품#이 정확히 뭘 뜻하는건가요\nA. #@상품#은 #@상품#의 줄임말입니다\nB. 아 그렇군요 그건 아무 수강생이나 들을 수 있나요\nA. 학원에 방문이 곤란한 인강 수강생 전용 강좌세요\nB. 기존 #@상품# 수강생이면 무료 수강 되겠네요\nA. 무료체험 강좌 개설되어 있긴 한데요\nA. 체험 강좌 외에 추가로 원하시면 유료 신청하셔야 돼요\nB. 아 완전 공짜는 아니네요 알겠습니다\nA. 네 다른 문의 생기시면 또 연락 주세요",
        "lines": [
          {
            "id": 1,
            "text": "A. 내일을 꿈꾸는 #@소속# 입니다",
            "norm_text": "A. 내일을 꿈꾸는 #@소속# 입니다",
            "speaker": {
              "id": "A",
              "sex": "여성",
              "age": "1그룹(10대~20대)"
            },
            "speechAct": "인사하기",
            "morpheme": "A/SL+./SY+내일/NNG+을/JKO+꿈꾸/VV+는/ETM+#/SY+@/SY+소속/NNG+#/SY+입니다/VCP+EC"
          },
          {
            "id": 2,
            "text": "B. 안녕하세요 저 뭐 좀 여쭤볼게요",
            "norm_text": "B. 안녕하세요 저 뭐 좀 여쭤볼게요",
            "speaker": {
              "id": "B",
              "sex": "남성",
              "age": "1그룹(10대~20대)"
            },
            "speechAct": "진술하기",
            "morpheme": "B/SL+./SY+안녕/NNG+하/XSV+세요/EP+EF+저/IC+뭐/IC+좀/MAG+여쭤볼/VV+EC+VX+ETM+게요/NNB+VCP+EC"
          },
          {
            "id": 3,
            "text": "A. 네 반갑습니다 어떤게 궁금하실까요",
            "norm_text": "A. 네 반갑습니다 어떤게 궁금하실까요",
            "speaker": {
              "id": "A",
              "sex": "여성",
              "age": "1그룹(10대~20대)"
            },
            "speechAct": "질문하기",
            "morpheme": "A/SL+네/IC+반갑/VA+습니다/EF+어떤/MM+게/NNB+JKS+궁금/XR+하/XSA+실까요/EP+EF"
          },
          {
            "id": 4,
            "text": "B. 친구가 #@상품#이 제일 좋다고 한걸 얼핏 들었거든요",
            "norm_text": "B. 친구가 #@상품#이 제일 좋다고 한걸 얼핏 들었거든요",
            "speaker": {
              "id": "B",
              "sex": "남성",
              "age": "1그룹(10대~20대)"
            },
            "speechAct": "진술하기",
            "morpheme": "B/SL+./SY+친구/NNG+가/JKS+#/SY+@/SY+상품/NNG+#/SY+이/JKS+제일/MAG+좋/VA+다고/EC+한걸/VX+ETM+NNB+JKO+얼핏/MAG+들/VV+었/EP+거든요/EF"
          },
          {
            "id": 5,
            "text": "B. #@상품#이 정확히 뭘 뜻하는건가요",
            "norm_text": "B. #@상품#이 정확히 뭘 뜻하는건가요",
            "speaker": {
              "id": "B",
              "sex": "남성",
              "age": "1그룹(10대~20대)"
            },
            "speechAct": "질문하기",
            "morpheme": "B/SL+./SY+#/SY+@/SY+상품/NNG+#/SY+이/JKS+정확히/MAG+뭘/NP+JKO+뜻/NNG+하/XSV+는/ETM+건가요/NNB+VCP+EC"
          },
          {
            "id": 6,
            "text": "A. #@상품#은 #@상품#의 줄임말입니다",
            "norm_text": "A. #@상품#은 #@상품#의 줄임말입니다",
            "speaker": {
              "id": "A",
              "sex": "여성",
              "age": "1그룹(10대~20대)"
            },
            "speechAct": "진술하기",
            "morpheme": "A/SL+./SY+#/SY+@/SY+상품/NNG+#/SY+은/JX+#/SY+@/SY+상품/NNG+#/SY+의/JKG+줄/NNG+임/VCP+ETN+말/NNG+입니다/VCP+EC"
          },
          {
            "id": 7,
            "text": "B. 아 그렇군요 그건 아무 수강생이나 들을 수 있나요",
            "norm_text": "B. 아 그렇군요 그건 아무 수강생이나 들을 수 있나요",
            "speaker": {
              "id": "B",
              "sex": "남성",
              "age": "1그룹(10대~20대)"
            },
            "speechAct": "질문하기",
            "morpheme": "B/SL+아/IC+그렇/VA+군요/EF+그건/NP+JX+아무/MM+수강/NNG+생/XSN+이/JKS+나들/VV+을/ETM+수/NNB+있/VV+나요/EC"
          },
          {
            "id": 8,
            "text": "A. 학원에 방문이 곤란한 인강 수강생 전용 강좌세요",
            "norm_text": "A. 학원에 방문이 곤란한 인강 수강생 전용 강좌세요",
            "speaker": {
              "id": "A",
              "sex": "여성",
              "age": "1그룹(10대~20대)"
            },
            "speechAct": "진술하기",
            "morpheme": "A/SL+./SY+학원/NNG+에/JKB+방문/NNG+이/JKS+곤란/NNG+한/XSA+ETM+인/+강/+수강/NNG+생전/NNG+용/XSN+강좌/NNG+세요/NNG"
          },
          {
            "id": 9,
            "text": "B. 기존 #@상품# 수강생이면 무료 수강 되겠네요",
            "norm_text": "B. 기존 #@상품# 수강생이면 무료 수강 되겠네요",
            "speaker": {
              "id": "B",
              "sex": "남성",
              "age": "1그룹(10대~20대)"
            },
            "speechAct": "질문하기",
            "morpheme": "B/SL+./SY+기존/NNG+#/SY+@/SY+상품/NNG+#/SY+수강/NNG+생/XSN+이/VCP+면/EC+무료/NNG+수강/NNG+되/XSV+겠/EP+네요/EC"
          },
          {
            "id": 10,
            "text": "A. 무료체험 강좌 개설되어 있긴 한데요",
            "norm_text": "A. 무료체험 강좌 개설되어 있긴 한데요",
            "speaker": {
              "id": "A",
              "sex": "여성",
              "age": "1그룹(10대~20대)"
            },
            "speechAct": "진술하기",
            "morpheme": "A/SL+./SY+무료/NNG+체험/NNG+강좌/NNG+개설/NNG+되/XSV+어/EC+있/VX+긴/ETN+JX+한데요/VX+EC"
          },
          {
            "id": 11,
            "text": "A. 체험 강좌 외에 추가로 원하시면 유료 신청하셔야 돼요",
            "norm_text": "A. 체험 강좌 외에 추가로 원하시면 유료 신청하셔야 돼요",
            "speaker": {
              "id": "A",
              "sex": "여성",
              "age": "1그룹(10대~20대)"
            },
            "speechAct": "진술하기",
            "morpheme": "A/SL+./SY+체험/NNG+강좌/NNG+외/NNB+에/JKB+추가/NNG+로/JKB+원/NNG+하/XSV+시/EP+면/EC+유료/NNG+신청/NNG+하/XSV+셔야/EP+EC+돼요/VV+EC"
          },
          {
            "id": 12,
            "text": "B. 아 완전 공짜는 아니네요 알겠습니다",
            "norm_text": "B. 아 완전 공짜는 아니네요 알겠습니다",
            "speaker": {
              "id": "B",
              "sex": "남성",
              "age": "1그룹(10대~20대)"
            },
            "speechAct": "진술하기",
            "morpheme": "B/SL+아/IC+완전/MAG+공짜/NNG+는/JX+아니/VCN+네요/EC+알/VV+겠/EP+습니다/EF"
          },
          {
            "id": 13,
            "text": "A. 네 다른 문의 생기시면 또 연락 주세요",
            "norm_text": "A. 네 다른 문의 생기시면 또 연락 주세요",
            "speaker": {
              "id": "A",
              "sex": "여성",
              "age": "1그룹(10대~20대)"
            },
            "speechAct": "약속하기(개인적 수준의 서약)",
            "morpheme": "A/SL+네/IC+다른/MM+문/NNG+의/JKG+생기/VV+시/EP+면/EC+또/MAG+연락/NNG+주세요/NNP"
          }
        ]
      }
    }
  ]
}