{
  "dataset": {
    "identifier": 140041,
    "name": "e1_20211115_0006_0414_01",
    "src_path": "/data/file/cubeManager/PROJECT018/91/txt20211110140004087299/e1_20211115_0006_0414_01/",
    "label_path": "/data/file/cubeManager/PROJECT018/91/txt20211110140004087299/e1_20211115_0006_0414_01/",
    "category": 2,
    "type": 0
  },
  "licenses": {
    "name": "Apache License 1.0",
    "url": "http://www.apache.org/licenses/LICENSE-1.0"
  },
  "info": [
    {
      "id": 157890,
      "filename": "e1_0067_0031_02.txt",
      "title": "e1_0067_0031_02",
      "mediatype": "콜센터",
      "medianame": "콜센터",
      "category": "목적대화",
      "date": "2021-11-10",
      "size": 280,
      "annotations": {
        "subject": "프로그램 문의",
        "speaker_type": "1:1",
        "size": 280,
        "word_size": 70,
        "text": "A. 반갑습니다 합격률 1위 #@소속#입니다\nB. 안녕하세요 편입 문의 좀 드릴게요\nA. 네 고객님 도와드릴테니 말씀하세요\nB. 제가 편입 준비는 완전 처음이라 잘 몰라서요\nB. 기초반이 따로 있는지 궁금합니다\nA. 네 다음달 시작하는 1학년 기초반 있으시구요\nA. 내년 상위권편입을 위한 준비과정이라 보시면 돼요\nB. 수학 기초반도 있는거면 일정 알려주세요\nA. 수학은 매주 월요일 19시부터 21시30분까지 진행됩니다\nB. 시간대 딱 좋네요 다음달 등록해야겠어요\nA. 네 저희 캠퍼스에서 좋은 결과 얻으시길 바랍니다",
        "lines": [
          {
            "id": 1,
            "text": "A. 반갑습니다 합격률 1위 #@소속#입니다",
            "norm_text": "A. 반갑습니다 합격률 1위 #@소속#입니다",
            "speaker": {
              "id": "A",
              "sex": "여성",
              "age": "1그룹(10대~20대)"
            },
            "speechAct": "인사하기",
            "morpheme": "A/SL+반갑/VA+습니다/EF+합격/NNG+률/XSN+1/SN+위/NNBC+#/SY+@/SY+소속/NNG+#/SY+입니다/VCP+EC"
          },
          {
            "id": 2,
            "text": "B. 안녕하세요 편입 문의 좀 드릴게요",
            "norm_text": "B. 안녕하세요 편입 문의 좀 드릴게요",
            "speaker": {
              "id": "B",
              "sex": "남성",
              "age": "1그룹(10대~20대)"
            },
            "speechAct": "약속하기(개인적 수준의 서약)",
            "morpheme": "B/SL+./SY+안녕/NNG+하/XSV+세요/EP+EF+편입/NNG+문/NNG+의/JKG+좀/MAG+드릴게요/VV+EC"
          },
          {
            "id": 3,
            "text": "A. 네 고객님 도와드릴테니 말씀하세요",
            "norm_text": "A. 네 고객님 도와드릴테니 말씀하세요",
            "speaker": {
              "id": "A",
              "sex": "여성",
              "age": "1그룹(10대~20대)"
            },
            "speechAct": "명령하기/요구하기",
            "morpheme": "A/SL+네/IC+고객/NNG+님/XSN+도와/VV+EC+드릴/VX+ETM+테/NNB+VCP+니/EC+말씀/NNG+하/XSV+세요/EP+EF"
          },
          {
            "id": 4,
            "text": "B. 제가 편입 준비는 완전 처음이라 잘 몰라서요",
            "norm_text": "B. 제가 편입 준비는 완전 처음이라 잘 몰라서요",
            "speaker": {
              "id": "B",
              "sex": "남성",
              "age": "1그룹(10대~20대)"
            },
            "speechAct": "진술하기",
            "morpheme": "B/SL+제/NP+가/JKS+편입/NNG+준비/NNG+는/JX+완전/NNG+처음/NNG+이/VCP+라/EC+잘/MAG+몰/VV+라서요/EC"
          },
          {
            "id": 5,
            "text": "B. 기초반이 따로 있는지 궁금합니다",
            "norm_text": "B. 기초반이 따로 있는지 궁금합니다",
            "speaker": {
              "id": "B",
              "sex": "남성",
              "age": "1그룹(10대~20대)"
            },
            "speechAct": "명령하기/요구하기",
            "morpheme": "B/SL+./SY+기초/NNG+반/NNG+이/JKS+따로/MAG+있/VV+는지/EC+궁금/XR+합니다/XSA+EC"
          },
          {
            "id": 6,
            "text": "A. 네 다음달 시작하는 1학년 기초반 있으시구요",
            "norm_text": "A. 네 다음달 시작하는 1학년 기초반 있으시구요",
            "speaker": {
              "id": "A",
              "sex": "여성",
              "age": "1그룹(10대~20대)"
            },
            "speechAct": "진술하기",
            "morpheme": "A/SL+네/IC+다음/NNG+달/NNG+시작/NNG+하/XSV+는/ETM+1/SN+학년/NNG+기초/NNG+반/NNG+있/VV+으시/EP+구요/EF"
          },
          {
            "id": 7,
            "text": "A. 내년 상위권편입을 위한 준비과정이라 보시면 돼요",
            "norm_text": "A. 내년 상위권편입을 위한 준비과정이라 보시면 돼요",
            "speaker": {
              "id": "A",
              "sex": "여성",
              "age": "1그룹(10대~20대)"
            },
            "speechAct": "진술하기",
            "morpheme": "A/SL+./SY+내년/NNG+상위/NNG+권/XSN+편입/NNG+을/JKO+위한/VV+ETM+준비/NNG+과정/NNG+이/VCP+라/EC+보/VX+시/EP+면/EC+돼요/VV+EC"
          },
          {
            "id": 8,
            "text": "B. 수학 기초반도 있는거면 일정 알려주세요",
            "norm_text": "B. 수학 기초반도 있는거면 일정 알려주세요",
            "speaker": {
              "id": "B",
              "sex": "남성",
              "age": "1그룹(10대~20대)"
            },
            "speechAct": "명령하기/요구하기",
            "morpheme": "B/SL+./SY+수학기/NNG+초반/NNG+도/JX+있/VX+는/ETM+거/NNB+면/VCP+EC+일정/NNG+알려/VV+EC+주/VX+세요/EP+EF"
          },
          {
            "id": 9,
            "text": "A. 수학은 매주 월요일 19시부터 21시30분까지 진행됩니다",
            "norm_text": "A. 수학은 매주 월요일 19시부터 21시30분까지 진행됩니다",
            "speaker": {
              "id": "A",
              "sex": "여성",
              "age": "1그룹(10대~20대)"
            },
            "speechAct": "반박하기",
            "morpheme": "A/SL+./SY+수학/NNG+은/JX+매주/NNG+월요일/NNG+19/SN+시/NNBC+부터/JX+21/SN+시/NNBC+30/SN+분/NNBC+까지/JX+진행/NNG+됩니다/XSV+EC"
          },
          {
            "id": 10,
            "text": "B. 시간대 딱 좋네요 다음달 등록해야겠어요",
            "norm_text": "B. 시간대 딱 좋네요 다음달 등록해야겠어요",
            "speaker": {
              "id": "B",
              "sex": "남성",
              "age": "1그룹(10대~20대)"
            },
            "speechAct": "진술하기",
            "morpheme": "B/SL+./SY+시간/NNG+대/XSN+딱/MAG+좋/VA+네요/EF+다음/NNG+달/NNG+등록/NNG+해야/XSV+EC+VX+겠/EP+어요/EF"
          },
          {
            "id": 11,
            "text": "A. 네 저희 캠퍼스에서 좋은 결과 얻으시길 바랍니다",
            "norm_text": "A. 네 저희 캠퍼스에서 좋은 결과 얻으시길 바랍니다",
            "speaker": {
              "id": "A",
              "sex": "여성",
              "age": "1그룹(10대~20대)"
            },
            "speechAct": "명령하기/요구하기",
            "morpheme": "A/SL+네/IC+저희/NP+캠퍼스/NNG+에서/JKB+좋/VA+은/ETM+결과/NNG+얻/VV+으시/EP+길/ETN+JKO+바랍니다/VV+EC"
          }
        ]
      }
    }
  ]
}