{
  "dataset": {
    "identifier": 139822,
    "name": "e1_20211115_0006_0337_01",
    "src_path": "/data/file/cubeManager/PROJECT018/91/txt20211110140004030398/e1_20211115_0006_0337_01/",
    "label_path": "/data/file/cubeManager/PROJECT018/91/txt20211110140004030398/e1_20211115_0006_0337_01/",
    "category": 2,
    "type": 0
  },
  "licenses": {
    "name": "Apache License 1.0",
    "url": "http://www.apache.org/licenses/LICENSE-1.0"
  },
  "info": [
    {
      "id": 157813,
      "filename": "e1_0066_0165_02.txt",
      "title": "e1_0066_0165_02",
      "mediatype": "콜센터",
      "medianame": "콜센터",
      "category": "목적대화",
      "date": "2021-11-10",
      "size": 325,
      "annotations": {
        "subject": "프로그램 문의",
        "speaker_type": "1:1",
        "size": 325,
        "word_size": 71,
        "text": "A.안녕하세요 #@소속# 상담사 #@이름#입니다\nB.#@소속# 수업 한 다음에 강사님이 피드백 올려주시는거 맞죠\nA.네 맞습니다 수업 후에 세시간 내로 피드백이 올라옵니다\nB.제가 일정이 있어서 오늘은 피드백을 좀 빨리 받고 싶은데요\nB.어떻게 방법이 없을까요\nA.그러시면 일대일 강사게시판이나 강사님께 개인요청 해보시겠어요\nB.그러면 피드백이 좀 빨리 올라 올까요\nA.네 강사님이 우선순위로 올려주실거에요\nB.시간도 혹시 알고 계시나요\nA.자세히는 모르지만 아마 1시간 내로 올려주시는걸로 알고 있습니다\nB.아 그렇군요 알겠습니다 감사해요\nA.코로나 조심하시고 좋은 하루 되세요 #@이름# 이었습니다",
        "lines": [
          {
            "id": 1,
            "text": "A.안녕하세요 #@소속# 상담사 #@이름#입니다",
            "norm_text": "A.안녕하세요 #@소속# 상담사 #@이름#입니다",
            "speaker": {
              "id": "A",
              "sex": "여성",
              "age": "1그룹(10대~20대)"
            },
            "speechAct": "인사하기",
            "morpheme": "A/SL+./SY+안녕/NNG+하/XSV+세요/EP+EF+#/SY+@/SY+소속/NNG+#/SY+상담/NNG+사/NNG+#/SY+@/SY+이름/NNG+#/SY+입니다/VCP+EC"
          },
          {
            "id": 2,
            "text": "B.#@소속# 수업 한 다음에 강사님이 피드백 올려주시는거 맞죠",
            "norm_text": "B.#@소속# 수업 한 다음에 강사님이 피드백 올려주시는거 맞죠",
            "speaker": {
              "id": "B",
              "sex": "남성",
              "age": "1그룹(10대~20대)"
            },
            "speechAct": "질문하기",
            "morpheme": "B/SL+./SY+#/SY+@/SY+소속/NNG+#/SY+수업/NNG+한/XSA+ETM+다음/NNG+에/JKB+강사/NNG+님/XSN+이/JKS+피드백/NNG+올려/VV+EC+주/VX+시/EP+는/ETM+거/NNB+맞/VV+죠/EC"
          },
          {
            "id": 3,
            "text": "A.네 맞습니다 수업 후에 세시간 내로 피드백이 올라옵니다",
            "norm_text": "A.네 맞습니다 수업 후에 세시간 내로 피드백이 올라옵니다",
            "speaker": {
              "id": "A",
              "sex": "여성",
              "age": "1그룹(10대~20대)"
            },
            "speechAct": "진술하기",
            "morpheme": "A/SL+네/IC+맞/VV+습니다/EF+수업/NNG+후/NNG+에/JKB+세/MM+시간/NNG+내/NNB+로/JKB+피드백/NNG+이/JKS+올라/VV+EC+옵니다/VX+EC"
          },
          {
            "id": 4,
            "text": "B.제가 일정이 있어서 오늘은 피드백을 좀 빨리 받고 싶은데요",
            "norm_text": "B.제가 일정이 있어서 오늘은 피드백을 좀 빨리 받고 싶은데요",
            "speaker": {
              "id": "B",
              "sex": "남성",
              "age": "1그룹(10대~20대)"
            },
            "speechAct": "명령하기/요구하기",
            "morpheme": "B/SL+제/NP+가/JKS+일정/NNG+이/JKS+있/VV+어서/EC+오늘/NNG+은/JX+피드백/NNG+을/JKO+좀/MAG+빨리/MAG+받/VV+고/EC+싶/VX+은데요/EC"
          },
          {
            "id": 5,
            "text": "B.어떻게 방법이 없을까요",
            "norm_text": "B.어떻게 방법이 없을까요",
            "speaker": {
              "id": "B",
              "sex": "남성",
              "age": "1그룹(10대~20대)"
            },
            "speechAct": "질문하기",
            "morpheme": "B/SL+어떻게/MAG+방법/NNG+이/JKS+없/VA+을까요/EC"
          },
          {
            "id": 6,
            "text": "A.그러시면 일대일 강사게시판이나 강사님께 개인요청 해보시겠어요",
            "norm_text": "A.그러시면 일대일 강사게시판이나 강사님께 개인요청 해보시겠어요",
            "speaker": {
              "id": "A",
              "sex": "여성",
              "age": "1그룹(10대~20대)"
            },
            "speechAct": "명령하기/요구하기",
            "morpheme": "A/SL+그러/VV+시/EP+면/EC+일/NR+대/NNBC+일/NR+강사/NNG+게시판/NNG+이나/JC+강사/NNG+님/XSN+께/JKB+개인/NNG+요청/NNG+해/XSV+EC+보/VX+시/EP+겠/EP+어요/EF"
          },
          {
            "id": 7,
            "text": "B.그러면 피드백이 좀 빨리 올라 올까요",
            "norm_text": "B.그러면 피드백이 좀 빨리 올라 올까요",
            "speaker": {
              "id": "B",
              "sex": "남성",
              "age": "1그룹(10대~20대)"
            },
            "speechAct": "질문하기",
            "morpheme": "B/SL+그러면/MAJ+피드백/NNG+이/JKS+좀/MAG+빨리/MAG+올라/VV+EC+올까요/VV+EC"
          },
          {
            "id": 8,
            "text": "A.네 강사님이 우선순위로 올려주실거에요",
            "norm_text": "A.네 강사님이 우선순위로 올려주실거에요",
            "speaker": {
              "id": "A",
              "sex": "여성",
              "age": "1그룹(10대~20대)"
            },
            "speechAct": "진술하기",
            "morpheme": "A/SL+네/IC+강사/NNG+님/XSN+이/JKS+우선/MAG+순위/NNG+로/JKB+올려/VV+EC+주/VX+실/EP+ETM+거/NNB+에요/VCP+EF"
          },
          {
            "id": 9,
            "text": "B.시간도 혹시 알고 계시나요",
            "norm_text": "B.시간도 혹시 알고 계시나요",
            "speaker": {
              "id": "B",
              "sex": "남성",
              "age": "1그룹(10대~20대)"
            },
            "speechAct": "질문하기",
            "morpheme": "B/SL+./SY+시간/NNG+도/JX+혹시/MAG+알/VV+고/EC+계시/VX+나요/EC"
          },
          {
            "id": 10,
            "text": "A.자세히는 모르지만 아마 1시간 내로 올려주시는걸로 알고 있습니다",
            "norm_text": "A.자세히는 모르지만 아마 1시간 내로 올려주시는걸로 알고 있습니다",
            "speaker": {
              "id": "A",
              "sex": "여성",
              "age": "1그룹(10대~20대)"
            },
            "speechAct": "진술하기",
            "morpheme": "A/SL+자세히/MAG+는/JX+모르/VV+지만/EC+아마/MAG+1/SN+시간/NNG+내/NNB+로/JKB+올려/VV+EC+주/VX+시/EP+는/ETM+걸로/NNB+JKB+알/VV+고/EC+있/VX+습니다/EF"
          },
          {
            "id": 11,
            "text": "B.아 그렇군요 알겠습니다 감사해요",
            "norm_text": "B.아 그렇군요 알겠습니다 감사해요",
            "speaker": {
              "id": "B",
              "sex": "남성",
              "age": "1그룹(10대~20대)"
            },
            "speechAct": "감사하기",
            "morpheme": "B/SL+아/IC+그렇/VA+군요/EC+알/VV+겠/EP+습니다/EF+감사/NNG+해요/XSV+EC"
          },
          {
            "id": 12,
            "text": "A.코로나 조심하시고 좋은 하루 되세요 #@이름# 이었습니다",
            "norm_text": "A.코로나 조심하시고 좋은 하루 되세요 #@이름# 이었습니다1",
            "speaker": {
              "id": "A",
              "sex": "여성",
              "age": "1그룹(10대~20대)"
            },
            "speechAct": "인사하기",
            "morpheme": "A/SL+./SY+코로나/NNG+조심/NNG+하/XSV+시/EP+고/EC+좋/VA+은/ETM+하루/NNG+되/XSV+세요/EP+EF+#/SY+@/SY+이름/NNG+#/SY+이/VCP+었/EP+습니다/EF"
          }
        ]
      }
    }
  ]
}