{
  "dataset": {
    "identifier": 139753,
    "name": "e1_20211115_0006_0291_01",
    "src_path": "/data/file/cubeManager/PROJECT018/91/txt20211110140003052625/e1_20211115_0006_0291_01/",
    "label_path": "/data/file/cubeManager/PROJECT018/91/txt20211110140003052625/e1_20211115_0006_0291_01/",
    "category": 2,
    "type": 0
  },
  "licenses": {
    "name": "Apache License 1.0",
    "url": "http://www.apache.org/licenses/LICENSE-1.0"
  },
  "info": [
    {
      "id": 157752,
      "filename": "e1_0066_0104_02.txt",
      "title": "e1_0066_0104_02",
      "mediatype": "콜센터",
      "medianame": "콜센터",
      "category": "목적대화",
      "date": "2021-11-10",
      "size": 280,
      "annotations": {
        "subject": "프로그램 문의",
        "speaker_type": "1:1",
        "size": 280,
        "word_size": 60,
        "text": "A.　네 상담원 #@이름#입니다 무엇을 도와드릴까요\nB.　아 네 거기 #@소속# 맞나요\nA.　네 맞습니다 무엇을 도와드릴까요\nB.　저희 애가 거기 입학예정인데 학년이 어떻게 나뉘나 궁금해서요\nA.　#@상품#은 초등학교 학년에 따릅니다\nB.　아 그러면 애들 초등학교 학년대로 나뉘어진다는거죠\nA.　네 그렇습니다 자녀분 나이가 어떻게 되나요\nB.　저희 애는 지금 3학년이에요\nA.　그러면 초등 3 4학년 DT 과정에 배정될겁니다\nB.　아 네 알겠습니다 감사해요\nA.　날씨가 많이 추운데 건강 조심하세요 #@이름# 이었습니다",
        "lines": [
          {
            "id": 1,
            "text": "A.　네 상담원 #@이름#입니다 무엇을 도와드릴까요",
            "norm_text": "A.　네 상담원 #@이름#입니다 무엇을 도와드릴까요",
            "speaker": {
              "id": "A",
              "sex": "여성",
              "age": "1그룹(10대~20대)"
            },
            "speechAct": "인사하기",
            "morpheme": "A/SL+./SY+　/SY+네/IC+상담원/NNG+#/SY+@/SY+이름/NNG+#/SY+입니다/VCP+EF+무엇/NP+을/JKO+도와/VV+EC+드릴까요/VX+EC"
          },
          {
            "id": 2,
            "text": "B.　아 네 거기 #@소속# 맞나요",
            "norm_text": "B.　아 네 거기 #@소속# 맞나요",
            "speaker": {
              "id": "B",
              "sex": "남성",
              "age": "1그룹(10대~20대)"
            },
            "speechAct": "질문하기",
            "morpheme": "B/SL+./SY+　/SY+아/IC+네/IC+거기/NP+#/SY+@/SY+소속/NNG+#/SY+맞/VV+나요/EC"
          },
          {
            "id": 3,
            "text": "A.　네 맞습니다 무엇을 도와드릴까요",
            "norm_text": "A.　네 맞습니다 무엇을 도와드릴까요",
            "speaker": {
              "id": "A",
              "sex": "여성",
              "age": "1그룹(10대~20대)"
            },
            "speechAct": "질문하기",
            "morpheme": "A/SL+./SY+　/SY+네/IC+맞/VV+습니다/EF+무엇/NP+을/JKO+도와/VV+EC+드릴까요/VX+EC"
          },
          {
            "id": 4,
            "text": "B.　저희 애가 거기 입학예정인데 학년이 어떻게 나뉘나 궁금해서요",
            "norm_text": "B.　저희 애가 거기 입학예정인데 학년이 어떻게 나뉘나 궁금해서요",
            "speaker": {
              "id": "B",
              "sex": "남성",
              "age": "1그룹(10대~20대)"
            },
            "speechAct": "진술하기",
            "morpheme": "B/SL+./SY+　/SY+저희/NP+애/NNG+가/JKS+거기/NP+입학/NNG+예정/NNG+인데/VCP+EC+학년/NNG+이/JKS+어떻게/MAG+나뉘/VV+나/EC+궁금/XR+해서/XSA+EC+VCP+요/EC"
          },
          {
            "id": 5,
            "text": "A.　#@상품#은 초등학교 학년에 따릅니다",
            "norm_text": "A.　#@상품#은 초등학교 학년에 따릅니다",
            "speaker": {
              "id": "A",
              "sex": "여성",
              "age": "1그룹(10대~20대)"
            },
            "speechAct": "진술하기",
            "morpheme": "A/SL+./SY+　/SY+#/SY+@/SY+상품/NNG+#/SY+은/JX+초등/NNG+학교/NNG+학년/NNG+에/JKB+따릅니다/VV+EF"
          },
          {
            "id": 6,
            "text": "B.　아 그러면 애들 초등학교 학년대로 나뉘어진다는거죠",
            "norm_text": "B.　아 그러면 애들 초등학교 학년대로 나뉘어진다는거죠",
            "speaker": {
              "id": "B",
              "sex": "남성",
              "age": "1그룹(10대~20대)"
            },
            "speechAct": "질문하기",
            "morpheme": "B/SL+./SY+　/SY+아/IC+그러면/MAJ+애/NNG+들/XSN+초등/NNG+학교/NNG+학년/NNG+대로/JKB+나뉘/VV+어/EC+진다는/VX+ETM+거/NNB+죠/VCP+EC"
          },
          {
            "id": 7,
            "text": "A.　네 그렇습니다 자녀분 나이가 어떻게 되나요",
            "norm_text": "A.　네 그렇습니다 자녀분 나이가 어떻게 되나요",
            "speaker": {
              "id": "A",
              "sex": "여성",
              "age": "1그룹(10대~20대)"
            },
            "speechAct": "질문하기",
            "morpheme": "A/SL+./SY+　/SY+네/IC+그렇/VA+습니다/EF+자녀/NNG+분/NNB+나이/NNG+가/JKS+어떻게/MAG+되/VV+나요/EC"
          },
          {
            "id": 8,
            "text": "B.　저희 애는 지금 3학년이에요",
            "norm_text": "B.　저희 애는 지금 3학년이에요",
            "speaker": {
              "id": "B",
              "sex": "남성",
              "age": "1그룹(10대~20대)"
            },
            "speechAct": "진술하기",
            "morpheme": "B/SL+./SY+　/SY+저희/NP+애/NNG+는/JX+지금/MAG+3/SN+학년/NNG+이/VCP+에요/EF"
          },
          {
            "id": 9,
            "text": "A.　그러면 초등 3 4학년 DT 과정에 배정될겁니다",
            "norm_text": "A.　그러면 초등 3 4학년 DT 과정에 배정될겁니다",
            "speaker": {
              "id": "A",
              "sex": "여성",
              "age": "1그룹(10대~20대)"
            },
            "speechAct": "진술하기",
            "morpheme": "A/SL+./SY+　/SY+그러면/MAJ+초등/NNG+34/SN+학년/NNG+DT/SL+과정/NNG+에/JKB+배정/NNG+될/XSV+ETM+겁니다/NNB+VCP+EC"
          },
          {
            "id": 10,
            "text": "B.　아 네 알겠습니다 감사해요",
            "norm_text": "B.　아 네 알겠습니다 감사해요",
            "speaker": {
              "id": "B",
              "sex": "남성",
              "age": "1그룹(10대~20대)"
            },
            "speechAct": "감사하기",
            "morpheme": "B/SL+./SY+　/SY+아네/NNG+알/VV+겠/EP+습니다/EF+감사/NNG+해요/XSV+EC"
          },
          {
            "id": 11,
            "text": "A.　날씨가 많이 추운데 건강 조심하세요 #@이름# 이었습니다",
            "norm_text": "A.　날씨가 많이 추운데 건강 조심하세요 #@이름# 이었습니다",
            "speaker": {
              "id": "A",
              "sex": "여성",
              "age": "1그룹(10대~20대)"
            },
            "speechAct": "인사하기",
            "morpheme": "A/SL+./SY+　/SY+날씨/NNG+가/JKS+많이/MAG+추운데/VA+EC+건강/NNG+조심/NNG+하/XSV+세요/EP+EF+#/SY+@/SY+이름/NNG+#/SY+이/VCP+었/EP+습니다/EF"
          }
        ]
      }
    }
  ]
}