{
  "dataset": {
    "identifier": 139728,
    "name": "e1_20211115_0006_0271_01",
    "src_path": "/data/file/cubeManager/PROJECT018/91/txt20211110140003033929/e1_20211115_0006_0271_01/",
    "label_path": "/data/file/cubeManager/PROJECT018/91/txt20211110140003033929/e1_20211115_0006_0271_01/",
    "category": 2,
    "type": 0
  },
  "licenses": {
    "name": "Apache License 1.0",
    "url": "http://www.apache.org/licenses/LICENSE-1.0"
  },
  "info": [
    {
      "id": 157732,
      "filename": "e1_0066_0084_02.txt",
      "title": "e1_0066_0084_02",
      "mediatype": "콜센터",
      "medianame": "콜센터",
      "category": "목적대화",
      "date": "2021-11-10",
      "size": 264,
      "annotations": {
        "subject": "프로그램 문의",
        "speaker_type": "1:1",
        "size": 264,
        "word_size": 65,
        "text": "A. 최선을 다하겠습니다 #@소속# #@이름#입니다\nB. 네 안녕하세요 저 뭐 하나 여쭙고 싶은데요\nA. 네 말씀하시면 안내 해드리겠습니다\nB. 제가 강의를 듣고 있는데 어느 정도 들어야 수료가 가능할까요\nA. #@소속# 수료기준은 과정별 콘텐츠 형식별로 다릅니다\nA. 어떤 강의 듣고 계시는 걸까요\nB. 3차시 짜리 동영상 강의요\nA. 3차시 동영상 형식은 진도율 100프로 이상이여야합니다\nB. 네 알겠습니다 감사합니다\nA. 궁금한게 있으시면 언제든지 연락 주세요 #@이름# 이었습니다",
        "lines": [
          {
            "id": 1,
            "text": "A. 최선을 다하겠습니다 #@소속# #@이름#입니다",
            "norm_text": "A. 최선을 다하겠습니다 #@소속# #@이름#입니다",
            "speaker": {
              "id": "A",
              "sex": "여성",
              "age": "1그룹(10대~20대)"
            },
            "speechAct": "인사하기",
            "morpheme": "A/SL+./SY+최선/NNG+을/JKO+다/MAG+하/VV+겠/EP+습니다/EF+#/SY+@/SY+소속/NNG+#/SY+#/SY+@/SY+이름/NNG+#/SY+입니다/VCP+EC"
          },
          {
            "id": 2,
            "text": "B. 네 안녕하세요 저 뭐 하나 여쭙고 싶은데요",
            "norm_text": "B. 네 안녕하세요 저 뭐 하나 여쭙고 싶은데요",
            "speaker": {
              "id": "B",
              "sex": "남성",
              "age": "1그룹(10대~20대)"
            },
            "speechAct": "진술하기",
            "morpheme": "B/SL+네/IC+안녕/NNG+하/XSV+세요/EP+EF+저/IC+뭐/IC+하나/NR+여쭙/VV+고/EC+싶/VX+은데요/EC"
          },
          {
            "id": 3,
            "text": "A. 네 말씀하시면 안내 해드리겠습니다",
            "norm_text": "A. 네 말씀하시면 안내 해드리겠습니다",
            "speaker": {
              "id": "A",
              "sex": "여성",
              "age": "1그룹(10대~20대)"
            },
            "speechAct": "명령하기/요구하기",
            "morpheme": "A/SL+네/IC+말씀/NNG+하/XSV+시/EP+면/EC+안내/NNG+해/XSV+EC+드리/VX+겠/EP+습니다/EF"
          },
          {
            "id": 4,
            "text": "B. 제가 강의를 듣고 있는데 어느 정도 들어야 수료가 가능할까요",
            "norm_text": "B. 제가 강의를 듣고 있는데 어느 정도 들어야 수료가 가능할까요",
            "speaker": {
              "id": "B",
              "sex": "남성",
              "age": "1그룹(10대~20대)"
            },
            "speechAct": "질문하기",
            "morpheme": "B/SL+제/NP+가/JKS+강의/NNG+를/JKO+듣/VV+고/EC+있/VX+는데/EC+어느/MM+정도/NNG+들어야/VV+EC+수료/NNG+가/JKS+가능/NNG+할까요/XSV+EC"
          },
          {
            "id": 5,
            "text": "A. #@소속# 수료기준은 과정별 콘텐츠 형식별로 다릅니다",
            "norm_text": "A. #@소속# 수료기준은 과정별 콘텐츠 형식별로 다릅니다",
            "speaker": {
              "id": "A",
              "sex": "여성",
              "age": "1그룹(10대~20대)"
            },
            "speechAct": "진술하기",
            "morpheme": "A/SL+./SY+#/SY+@/SY+소속/NNG+#/SY+수료/NNG+기준/NNG+은/JX+과정/NNG+별/XSN+콘텐츠/NNG+형식/NNG+별/XSN+로/JKB+다릅니다/VA+EC"
          },
          {
            "id": 6,
            "text": "A. 어떤 강의 듣고 계시는 걸까요",
            "norm_text": "A. 어떤 강의 듣고 계시는 걸까요",
            "speaker": {
              "id": "A",
              "sex": "여성",
              "age": "1그룹(10대~20대)"
            },
            "speechAct": "질문하기",
            "morpheme": "A/SL+어떤/MM+강의/NNG+듣/VV+고/EC+계시/VX+는/ETM+걸까요/NNB+VCP+EC"
          },
          {
            "id": 7,
            "text": "B. 3차시 짜리 동영상 강의요",
            "norm_text": "B. 3차시 짜리 동영상 강의요",
            "speaker": {
              "id": "B",
              "sex": "남성",
              "age": "1그룹(10대~20대)"
            },
            "speechAct": "질문하기",
            "morpheme": "B/SL+./SY+3/SN+차/NNBC+시/NNG+짜리/XSN+동영상/NNG+강의/NNG+요/VCP+EC"
          },
          {
            "id": 8,
            "text": "A. 3차시 동영상 형식은 진도율 100프로 이상이여야합니다",
            "norm_text": "A. 3차시 동영상 형식은 진도율 100프로 이상이여야합니다",
            "speaker": {
              "id": "A",
              "sex": "여성",
              "age": "1그룹(10대~20대)"
            },
            "speechAct": "진술하기",
            "morpheme": "A/SL+./SY+3/SN+차/NNBC+시동/NNG+영상/NNG+형식/NNG+은/JX+진도/NNG+율/XSN+100/SN+프로/NNG+이상/NNG+이/VCP+여야/EC+합니다/VX+EC"
          },
          {
            "id": 9,
            "text": "B. 네 알겠습니다 감사합니다",
            "norm_text": "B. 네 알겠습니다 감사합니다",
            "speaker": {
              "id": "B",
              "sex": "남성",
              "age": "1그룹(10대~20대)"
            },
            "speechAct": "감사하기",
            "morpheme": "B/SL+네/IC+알/VV+겠/EP+습니다/EF+감사/NNG+합니다/XSV+EC"
          },
          {
            "id": 10,
            "text": "A. 궁금한게 있으시면 언제든지 연락 주세요 #@이름# 이었습니다",
            "norm_text": "A. 궁금한게 있으시면 언제든지 연락 주세요 #@이름# 이었습니다",
            "speaker": {
              "id": "A",
              "sex": "여성",
              "age": "1그룹(10대~20대)"
            },
            "speechAct": "인사하기",
            "morpheme": "A/SL+궁금/XR+한/XSA+ETM+게/NNB+JKS+있/VA+으시/EP+면/EC+언제/NP+든지/VCP+EC+연락/NNG+주세요/NNP+#/SY+@/SY+이름/NNG+#/SY+이/VCP+었/EP+습니다/EF"
          }
        ]
      }
    }
  ]
}