{
  "dataset": {
    "identifier": 140585,
    "name": "e1_20211115_0006_0592_01",
    "src_path": "/data/file/cubeManager/PROJECT018/91/txt20211110140006089226/e1_20211115_0006_0592_01/",
    "label_path": "/data/file/cubeManager/PROJECT018/91/txt20211110140006089226/e1_20211115_0006_0592_01/",
    "category": 2,
    "type": 0
  },
  "licenses": {
    "name": "Apache License 1.0",
    "url": "http://www.apache.org/licenses/LICENSE-1.0"
  },
  "info": [
    {
      "id": 158144,
      "filename": "e1_0068_0072_02.txt",
      "title": "e1_0068_0072_02",
      "mediatype": "콜센터",
      "medianame": "콜센터",
      "category": "목적대화",
      "date": "2021-11-10",
      "size": 271,
      "annotations": {
        "subject": "프로그램 문의",
        "speaker_type": "1:1",
        "size": 271,
        "word_size": 61,
        "text": "A.최상의 커리큘럼으로 모십니다 #@소속# #@이름# 상담원 입니다\nB.#@이름# 선생님 교재 일정 좀 알고 싶어서요\nA.교재 일정 확인은 선생님 공지사항이나 학습 Q\u0026A를 활용해 주세요\nB.그럼 #@이름# 선생님 페이지에서도 확인이 되는 건가요\nA.네 #@이름# 선생님 페이지에도 안내가 되어 있습니다\nB.알겠습니다 찾아 봐야 겠네요\nA.회원님 다른 문의 사항 있으신가요\nB.아니요 없어요 그럼 수고하세요\nA.즐거운 하루 되세요 #@소속# 상담원 #@이름# 였습니다\nB.감사합니다 그럼 안녕히 계세요",
        "lines": [
          {
            "id": 1,
            "text": "A.최상의 커리큘럼으로 모십니다 #@소속# #@이름# 상담원 입니다",
            "norm_text": "A.최상의 커리큘럼으로 모십니다 #@소속# #@이름# 상담원 입니다",
            "speaker": {
              "id": "A",
              "sex": "여성",
              "age": "1그룹(10대~20대)"
            },
            "speechAct": "인사하기",
            "morpheme": "A/SL+./SY+최상/NNG+의/JKG+커리큘럼/NNG+으로/JKB+모십니다/VV+EF+#/SY+@/SY+소속/NNG+#/SY+#/SY+@/SY+이름/NNG+#/SY+상담원/NNG+입니다/VCP+EC"
          },
          {
            "id": 2,
            "text": "B.#@이름# 선생님 교재 일정 좀 알고 싶어서요",
            "norm_text": "B.#@이름# 선생님 교재 일정 좀 알고 싶어서요",
            "speaker": {
              "id": "B",
              "sex": "남성",
              "age": "1그룹(10대~20대)"
            },
            "speechAct": "진술하기",
            "morpheme": "B/SL+./SY+#/SY+@/SY+이름/NNG+#/SY+선생/NNG+님/XSN+교재/NNG+일정/NNG+좀/MAG+알/VV+고/EC+싶/VX+어서요/EC"
          },
          {
            "id": 3,
            "text": "A.교재 일정 확인은 선생님 공지사항이나 학습 Q\u0026A를 활용해 주세요",
            "norm_text": "A.교재 일정 확인은 선생님 공지사항이나 학습 Q\u0026A를 활용해 주세요",
            "speaker": {
              "id": "A",
              "sex": "여성",
              "age": "1그룹(10대~20대)"
            },
            "speechAct": "명령하기/요구하기",
            "morpheme": "A/SL+./SY+교재/NNG+일정/NNG+확인/NNG+은/JX+선생/NNG+님/XSN+공지/NNG+사항/NNG+이나/JC+학습/NNG+Q/SL+\u0026/SY+A/SL+를/JKO+활용/NNG+해/XSV+EC+주/VX+세요/EP+EF"
          },
          {
            "id": 4,
            "text": "B.그럼 #@이름# 선생님 페이지에서도 확인이 되는 건가요",
            "norm_text": "B.그럼 #@이름# 선생님 페이지에서도 확인이 되는 건가요",
            "speaker": {
              "id": "B",
              "sex": "남성",
              "age": "1그룹(10대~20대)"
            },
            "speechAct": "질문하기",
            "morpheme": "B/SL+그럼/MAJ+#/SY+@/SY+이름/NNG+#/SY+선생/NNG+님/XSN+페이지/NNG+에서/JKB+도/JX+확인/NNG+이/JKS+되/VV+는/ETM+건가요/NNB+VCP+EC"
          },
          {
            "id": 5,
            "text": "A.네 #@이름# 선생님 페이지에도 안내가 되어 있습니다",
            "norm_text": "A.네 #@이름# 선생님 페이지에도 안내가 되어 있습니다",
            "speaker": {
              "id": "A",
              "sex": "여성",
              "age": "1그룹(10대~20대)"
            },
            "speechAct": "진술하기",
            "morpheme": "A/SL+네/IC+#/SY+@/SY+이름/NNG+#/SY+선생/NNG+님/XSN+페이지/NNG+에/JKB+도/JX+안내/NNG+가/JKS+되/VV+어/EC+있/VX+습니다/EF"
          },
          {
            "id": 6,
            "text": "B.알겠습니다 찾아 봐야 겠네요",
            "norm_text": "B.알겠습니다 찾아 봐야 겠네요",
            "speaker": {
              "id": "B",
              "sex": "남성",
              "age": "1그룹(10대~20대)"
            },
            "speechAct": "진술하기",
            "morpheme": "B/SL+알/VV+겠/EP+습니다/EF+찾/VV+아/EC+봐야/VX+EC+VV+겠/EP+네요/EC"
          },
          {
            "id": 7,
            "text": "A.회원님 다른 문의 사항 있으신가요",
            "norm_text": "A.회원님 다른 문의 사항 있으신가요",
            "speaker": {
              "id": "A",
              "sex": "여성",
              "age": "1그룹(10대~20대)"
            },
            "speechAct": "질문하기",
            "morpheme": "A/SL+./SY+회원/NNG+님/XSN+다른/MM+문/NNG+의/JKG+사항/NNG+있/VV+으신/EP+ETM+가요/NNG"
          },
          {
            "id": 8,
            "text": "B.아니요 없어요 그럼 수고하세요",
            "norm_text": "B.아니요 없어요 그럼 수고하세요",
            "speaker": {
              "id": "B",
              "sex": "남성",
              "age": "1그룹(10대~20대)"
            },
            "speechAct": "인사하기",
            "morpheme": "B/SL+아니요/IC+없/VA+어요/EF+그럼/MAJ+수고/NNG+하/XSV+세요/EP+EF"
          },
          {
            "id": 9,
            "text": "A.즐거운 하루 되세요 #@소속# 상담원 #@이름# 였습니다",
            "norm_text": "A.즐거운 하루 되세요 #@소속# 상담원 #@이름# 였습니다",
            "speaker": {
              "id": "A",
              "sex": "여성",
              "age": "1그룹(10대~20대)"
            },
            "speechAct": "인사하기",
            "morpheme": "A/SL+즐거운/VA+ETM+하루/NNG+되/XSV+세요/EP+EF+#/SY+@/SY+소속/NNG+#/SY+상담원/NNG+#/SY+@/SY+이름/NNG+#/SY+였/VCP+EP+습니다/EF"
          },
          {
            "id": 10,
            "text": "B.감사합니다 그럼 안녕히 계세요",
            "norm_text": "B.감사합니다 그럼 안녕히 계세요",
            "speaker": {
              "id": "B",
              "sex": "남성",
              "age": "1그룹(10대~20대)"
            },
            "speechAct": "인사하기",
            "morpheme": "B/SL+./SY+감사/NNG+합니다/XSV+EF+그럼/MAJ+안녕히/MAG+계세요/VV+EC"
          }
        ]
      }
    }
  ]
}