{
  "dataset": {
    "identifier": 139870,
    "name": "e1_20211115_0006_0362_01",
    "src_path": "/data/file/cubeManager/PROJECT018/91/txt20211110140004049412/e1_20211115_0006_0362_01/",
    "label_path": "/data/file/cubeManager/PROJECT018/91/txt20211110140004049412/e1_20211115_0006_0362_01/",
    "category": 2,
    "type": 0
  },
  "licenses": {
    "name": "Apache License 1.0",
    "url": "http://www.apache.org/licenses/LICENSE-1.0"
  },
  "info": [
    {
      "id": 157838,
      "filename": "e1_0066_0190_02.txt",
      "title": "e1_0066_0190_02",
      "mediatype": "콜센터",
      "medianame": "콜센터",
      "category": "목적대화",
      "date": "2021-11-10",
      "size": 277,
      "annotations": {
        "subject": "프로그램 문의",
        "speaker_type": "1:1",
        "size": 277,
        "word_size": 54,
        "text": "A.안녕하십니까 #@소속# 상담원 #@이름#입니다\nB.안녕하세요 저 핸드폰으로 #@소속# 녹음파일 다운받으려고 하는데요\nB.지금 계속 안되더라고요 방법 좀 알려주시겠어요\nA.나의 출석부 들어가셔서 피드백보기를 누르셔서 확인해보셧나요\nB.네 확인해서 다운로드 하려고 눌렀는데 안되네요\nA.혹시 아이폰 사용하시나요\nB.네 아이폰 사용해서 녹음파일 다운받으려고요\nA.죄송하지만 아이폰으로는 다운이 안되고 실시간 듣기만 가능합니다\nB.아 그렇군요 알겠습니다\nA.좋은 하루 되시길 바랍니다 #@소속# #@이름# 이었습니다",
        "lines": [
          {
            "id": 1,
            "text": "A.안녕하십니까 #@소속# 상담원 #@이름#입니다",
            "norm_text": "A.안녕하십니까 #@소속# 상담원 #@이름#입니다",
            "speaker": {
              "id": "A",
              "sex": "여성",
              "age": "1그룹(10대~20대)"
            },
            "speechAct": "인사하기",
            "morpheme": "A/SL+./SY+안녕/NNG+하/XSV+십니까/EP+EF+#/SY+@/SY+소속/NNG+#/SY+상담원/NNG+#/SY+@/SY+이름/NNG+#/SY+입니다/VCP+EC"
          },
          {
            "id": 2,
            "text": "B.안녕하세요 저 핸드폰으로 #@소속# 녹음파일 다운받으려고 하는데요",
            "norm_text": "B.안녕하세요 저 핸드폰으로 #@소속# 녹음파일 다운받으려고 하는데요",
            "speaker": {
              "id": "B",
              "sex": "남성",
              "age": "1그룹(10대~20대)"
            },
            "speechAct": "진술하기",
            "morpheme": "B/SL+./SY+안녕/NNG+하/XSV+세요/EP+EF+저/MM+핸드폰/NNG+으로/JKB+#/SY+@/SY+소속/NNG+#/SY+녹음/NNG+파일/NNG+다운/XSA+ETM+받/VV+으려고/EC+하/VV+는데요/EC"
          },
          {
            "id": 3,
            "text": "B.지금 계속 안되더라고요 방법 좀 알려주시겠어요",
            "norm_text": "B.지금 계속 안되더라고요 방법 좀 알려주시겠어요",
            "speaker": {
              "id": "B",
              "sex": "남성",
              "age": "1그룹(10대~20대)"
            },
            "speechAct": "명령하기/요구하기",
            "morpheme": "B/SL+지금/MAG+계속/MAG+안/MAG+되/VV+더라고요/EC+방법/NNG+좀/MAG+알려/VV+EC+주/VX+시/EP+겠/EP+어요/EF"
          },
          {
            "id": 4,
            "text": "A.나의 출석부 들어가셔서 피드백보기를 누르셔서 확인해보셧나요",
            "norm_text": "A.나의 출석부 들어가셔서 피드백보기를 누르셔서 확인해보셧나요",
            "speaker": {
              "id": "A",
              "sex": "여성",
              "age": "1그룹(10대~20대)"
            },
            "speechAct": "질문하기",
            "morpheme": "A/SL+나/NP+의/JKG+출석부/NNG+들어가/VV+셔서/EP+EC+피드백/NNG+보/VV+기/ETN+를/JKO+누르/VV+셔서/EP+EC+확인/NNG+해/XSV+EC+보/VX+셧/EP+EP+나요/EC"
          },
          {
            "id": 5,
            "text": "B.네 확인해서 다운로드 하려고 눌렀는데 안되네요",
            "norm_text": "B.네 확인해서 다운로드 하려고 눌렀는데 안되네요",
            "speaker": {
              "id": "B",
              "sex": "남성",
              "age": "1그룹(10대~20대)"
            },
            "speechAct": "진술하기",
            "morpheme": "B/SL+네/IC+확인/NNG+해서/XSV+EC+다운로드/NNG+하/XSV+려고/EC+눌렀/VV+EP+는데/EC+안/MAG+되/VV+네요/EC"
          },
          {
            "id": 6,
            "text": "A.혹시 아이폰 사용하시나요",
            "norm_text": "A.혹시 아이폰 사용하시나요",
            "speaker": {
              "id": "A",
              "sex": "여성",
              "age": "1그룹(10대~20대)"
            },
            "speechAct": "질문하기",
            "morpheme": "A/SL+혹시/MAG+아이폰/NNP+사용/NNG+하/XSV+시/EP+나요/EC"
          },
          {
            "id": 7,
            "text": "B.네 아이폰 사용해서 녹음파일 다운받으려고요",
            "norm_text": "B.네 아이폰 사용해서 녹음파일 다운받으려고요",
            "speaker": {
              "id": "B",
              "sex": "남성",
              "age": "1그룹(10대~20대)"
            },
            "speechAct": "진술하기",
            "morpheme": "B/SL+네/IC+아이폰/NNP+사용/NNG+해서/XSV+EC+녹음/NNG+파일/NNG+다운/XSA+ETM+받/VV+으려/EC+고요/NNG"
          },
          {
            "id": 8,
            "text": "A.죄송하지만 아이폰으로는 다운이 안되고 실시간 듣기만 가능합니다",
            "norm_text": "A.죄송하지만 아이폰으로는 다운이 안되고 실시간 듣기만 가능합니다",
            "speaker": {
              "id": "A",
              "sex": "여성",
              "age": "1그룹(10대~20대)"
            },
            "speechAct": "반박하기",
            "morpheme": "A/SL+죄송/XR+하/XSA+지만/EC+아이폰/NNP+으로/JKB+는/JX+다운/NNG+이/JKS+안/MAG+되/VV+고/EC+실시간/NNG+듣/VV+기/ETN+만/JX+가능/NNG+합니다/XSV+EC"
          },
          {
            "id": 9,
            "text": "B.아 그렇군요 알겠습니다",
            "norm_text": "B.아 그렇군요 알겠습니다",
            "speaker": {
              "id": "B",
              "sex": "남성",
              "age": "1그룹(10대~20대)"
            },
            "speechAct": "진술하기",
            "morpheme": "B/SL+아/IC+그렇/VA+군요/EC+알/VV+겠/EP+습니다/EF"
          },
          {
            "id": 10,
            "text": "A.좋은 하루 되시길 바랍니다 #@소속# #@이름# 이었습니다",
            "norm_text": "A.좋은 하루 되시길 바랍니다 #@소속# #@이름# 이었습니다",
            "speaker": {
              "id": "A",
              "sex": "여성",
              "age": "1그룹(10대~20대)"
            },
            "speechAct": "인사하기",
            "morpheme": "A/SL+좋/VA+은/ETM+하루/NNG+되/XSV+시/EP+길/ETN+JKO+바랍니다/VV+EF+#/SY+@/SY+소속/NNG+#/SY+#/SY+@/SY+이름/NNG+#/SY+이/VCP+었/EP+습니다/EF"
          }
        ]
      }
    }
  ]
}