{
  "dataset": {
    "identifier": 140002,
    "name": "e1_20211115_0006_0404_01",
    "src_path": "/data/file/cubeManager/PROJECT018/91/txt20211110140004079726/e1_20211115_0006_0404_01/",
    "label_path": "/data/file/cubeManager/PROJECT018/91/txt20211110140004079726/e1_20211115_0006_0404_01/",
    "category": 2,
    "type": 0
  },
  "licenses": {
    "name": "Apache License 1.0",
    "url": "http://www.apache.org/licenses/LICENSE-1.0"
  },
  "info": [
    {
      "id": 157880,
      "filename": "e1_0067_0021_02.txt",
      "title": "e1_0067_0021_02",
      "mediatype": "콜센터",
      "medianame": "콜센터",
      "category": "목적대화",
      "date": "2021-11-10",
      "size": 223,
      "annotations": {
        "subject": "프로그램 문의",
        "speaker_type": "1:1",
        "size": 223,
        "word_size": 61,
        "text": "A. 안녕하세요 #@소속#입니다\nB. 네 편입 강의 문의 좀 드릴게요\nA. 네 고객님 편하게 물어보세요\nB. 제가 편입 자연계열 준비중이거든요\nB. 혹시 수학이랑 물리 인강 패키지는 없나요\nA. 죄송하지만 저희 #@소속#은 물리 과목 미개설입니다\nB. 아 그럼 물리 말고 수학만 따로 있나요\nA. 네 저희는 편입 영어와 수학만 준비 도와드려요\nB. 아 좀 아쉽긴하네요 알겠습니다\nA. 네 감사합니다 좋은 하루 되세요",
        "lines": [
          {
            "id": 1,
            "text": "A. 안녕하세요 #@소속#입니다",
            "norm_text": "A. 안녕하세요 #@소속#입니다",
            "speaker": {
              "id": "A",
              "sex": "여성",
              "age": "1그룹(10대~20대)"
            },
            "speechAct": "인사하기",
            "morpheme": "A/SL+./SY+안녕/NNG+하/XSV+세요/EP+EF+#/SY+@/SY+소속/NNG+#/SY+입니다/VCP+EC"
          },
          {
            "id": 2,
            "text": "B. 네 편입 강의 문의 좀 드릴게요",
            "norm_text": "B. 네 편입 강의 문의 좀 드릴게요",
            "speaker": {
              "id": "B",
              "sex": "남성",
              "age": "1그룹(10대~20대)"
            },
            "speechAct": "진술하기",
            "morpheme": "B/SL+네/IC+편입/NNG+강의/NNG+문/NNG+의/JKG+좀/MAG+드릴게요/VV+EC"
          },
          {
            "id": 3,
            "text": "A. 네 고객님 편하게 물어보세요",
            "norm_text": "A. 네 고객님 편하게 물어보세요",
            "speaker": {
              "id": "A",
              "sex": "여성",
              "age": "1그룹(10대~20대)"
            },
            "speechAct": "진술하기",
            "morpheme": "A/SL+네/IC+고객/NNG+님/XSN+편하/VA+게/EC+물/VV+어/EC+보/VX+세요/EP+EF"
          },
          {
            "id": 4,
            "text": "B. 제가 편입 자연계열 준비중이거든요",
            "norm_text": "B. 제가 편입 자연계열 준비중이거든요",
            "speaker": {
              "id": "B",
              "sex": "남성",
              "age": "1그룹(10대~20대)"
            },
            "speechAct": "진술하기",
            "morpheme": "B/SL+제/NP+가/JKS+편입/NNG+자연/NNG+계열/NNG+준비/NNG+중/NNB+이/VCP+거든요/EF"
          },
          {
            "id": 5,
            "text": "B. 혹시 수학이랑 물리 인강 패키지는 없나요",
            "norm_text": "B. 혹시 수학이랑 물리 인강 패키지는 없나요",
            "speaker": {
              "id": "B",
              "sex": "남성",
              "age": "1그룹(10대~20대)"
            },
            "speechAct": "질문하기",
            "morpheme": "B/SL+혹시/MAG+수학/NNG+이랑/JKB+물리/NNG+인/VCP+ETM+강/NNG+패키지/NNG+는/JX+없/VA+나요/EC"
          },
          {
            "id": 6,
            "text": "A. 죄송하지만 저희 #@소속#은 물리 과목 미개설입니다",
            "norm_text": "A. 죄송하지만 저희 #@소속#은 물리 과목 미개설입니다",
            "speaker": {
              "id": "A",
              "sex": "여성",
              "age": "1그룹(10대~20대)"
            },
            "speechAct": "진술하기",
            "morpheme": "A/SL+죄송/XR+하/XSA+지만/EC+저희/NP+#/SY+@/SY+소속/NNG+#/SY+은/JX+물리/NNG+과목/NNG+미/NNP+개설/NNG+입니다/VCP+EC"
          },
          {
            "id": 7,
            "text": "B. 아 그럼 물리 말고 수학만 따로 있나요",
            "norm_text": "B. 아 그럼 물리 말고 수학만 따로 있나요",
            "speaker": {
              "id": "B",
              "sex": "남성",
              "age": "1그룹(10대~20대)"
            },
            "speechAct": "질문하기",
            "morpheme": "B/SL+아/IC+그럼/MAJ+물리/NNG+말/VV+고/EC+수학/NNG+만/JX+따로/MAG+있/VV+나요/EC"
          },
          {
            "id": 8,
            "text": "A. 네 저희는 편입 영어와 수학만 준비 도와드려요",
            "norm_text": "A. 네 저희는 편입 영어와 수학만 준비 도와드려요",
            "speaker": {
              "id": "A",
              "sex": "여성",
              "age": "1그룹(10대~20대)"
            },
            "speechAct": "진술하기",
            "morpheme": "A/SL+네/IC+저희/NP+는/JX+편입/NNG+영어/NNG+와/JC+수학/NNG+만/JX+준비/NNG+도와/VV+EC+드려요/VV+EC"
          },
          {
            "id": 9,
            "text": "B. 아 좀 아쉽긴하네요 알겠습니다",
            "norm_text": "B. 아 좀 아쉽긴하네요 알겠습니다",
            "speaker": {
              "id": "B",
              "sex": "남성",
              "age": "1그룹(10대~20대)"
            },
            "speechAct": "진술하기",
            "morpheme": "B/SL+아/IC+좀/MAG+아쉽/VA+긴/ETN+JX+하/VX+네요/EC+알/VV+겠/EP+습니다/EF"
          },
          {
            "id": 10,
            "text": "A. 네 감사합니다 좋은 하루 되세요",
            "norm_text": "A. 네 감사합니다 좋은 하루 되세요",
            "speaker": {
              "id": "A",
              "sex": "여성",
              "age": "1그룹(10대~20대)"
            },
            "speechAct": "인사하기",
            "morpheme": "A/SL+네/IC+감사/NNG+합니다/XSV+EF+좋/VA+은/ETM+하루/NNG+되/XSV+세요/EP+EF"
          }
        ]
      }
    }
  ]
}