{
  "dataset": {
    "identifier": 139650,
    "name": "e1_20211115_0006_0229_01",
    "src_path": "/data/file/cubeManager/PROJECT018/91/txt20211110140002098011/e1_20211115_0006_0229_01/",
    "label_path": "/data/file/cubeManager/PROJECT018/91/txt20211110140002098011/e1_20211115_0006_0229_01/",
    "category": 2,
    "type": 0
  },
  "licenses": {
    "name": "Apache License 1.0",
    "url": "http://www.apache.org/licenses/LICENSE-1.0"
  },
  "info": [
    {
      "id": 157690,
      "filename": "e1_0066_0042_02.txt",
      "title": "e1_0066_0042_02",
      "mediatype": "콜센터",
      "medianame": "콜센터",
      "category": "목적대화",
      "date": "2021-11-10",
      "size": 329,
      "annotations": {
        "subject": "프로그램 문의",
        "speaker_type": "1:1",
        "size": 329,
        "word_size": 86,
        "text": "A. 네 #@소속# #@이름# 상담원입니다\nB. 강의 자료들이 강의실 내에 있다고 하셨는데요\nB. 들어가 보니까 1강부터 3강까지는 자료가 있거든요\nB. 그런데 나머지 4강부터는 자료가 아직 없어요\nA. 고객님 먼저 불편을 드려 죄송하다는 말씀드릴게요\nB. 홈페이지에 업로드가 안된 건가요 아니면 오류인가요\nA. PDF 파일은 별도의 편집과 디자인 작업을 해야 해서 아직 업로드가 안 된 것 같습니다\nB. 그러면 업로드가 늦어질 수 있다는 건가요\nA. 네 강좌 동영상이랑은 약간 시간차를 두고 업로드가 될 수도 있습니다\nB. 아 네 알겠어요 어쩔 수 없죠\nA. 이해해 주셔서 감사합니다 #@이름# 이었습니다",
        "lines": [
          {
            "id": 1,
            "text": "A. 네 #@소속# #@이름# 상담원입니다",
            "norm_text": "A. 네 #@소속# #@이름# 상담원입니다",
            "speaker": {
              "id": "A",
              "sex": "여성",
              "age": "1그룹(10대~20대)"
            },
            "speechAct": "인사하기",
            "morpheme": "A/SL+네/IC+#/SY+@/SY+소속/NNG+#/SY+#/SY+@/SY+이름/NNG+#/SY+상담원/NNG+입니다/VCP+EC"
          },
          {
            "id": 2,
            "text": "B. 강의 자료들이 강의실 내에 있다고 하셨는데요",
            "norm_text": "B. 강의 자료들이 강의실 내에 있다고 하셨는데요",
            "speaker": {
              "id": "B",
              "sex": "남성",
              "age": "1그룹(10대~20대)"
            },
            "speechAct": "진술하기",
            "morpheme": "B/SL+./SY+강의/NNG+자료/NNG+들/XSN+이/JKS+강의/NNG+실내/NNG+에/JKB+있/VV+다고/EC+하/VX+셨/EP+EP+는데요/EC"
          },
          {
            "id": 3,
            "text": "B. 들어가 보니까 1강부터 3강까지는 자료가 있거든요",
            "norm_text": "B. 들어가 보니까 1강부터 3강까지는 자료가 있거든요",
            "speaker": {
              "id": "B",
              "sex": "남성",
              "age": "1그룹(10대~20대)"
            },
            "speechAct": "진술하기",
            "morpheme": "B/SL+들어가/VV+EC+보/VX+니까/EC+1/SN+강/NNG+부터/JX+3/SN+강/NNG+까지/JX+는/JX+자료/NNG+가/JKS+있/VA+거든요/EF"
          },
          {
            "id": 4,
            "text": "B. 그런데 나머지 4강부터는 자료가 아직 없어요",
            "norm_text": "B. 그런데 나머지 4강부터는 자료가 아직 없어요",
            "speaker": {
              "id": "B",
              "sex": "남성",
              "age": "1그룹(10대~20대)"
            },
            "speechAct": "주장하기",
            "morpheme": "B/SL+그런데/MAJ+나머지/NNG+4/SN+강/NNG+부터/JX+는/JX+자료/NNG+가/JKS+아직/MAG+없/VA+어요/EF"
          },
          {
            "id": 5,
            "text": "A. 고객님 먼저 불편을 드려 죄송하다는 말씀드릴게요",
            "norm_text": "A. 고객님 먼저 불편을 드려 죄송하다는 말씀드릴게요",
            "speaker": {
              "id": "A",
              "sex": "여성",
              "age": "1그룹(10대~20대)"
            },
            "speechAct": "사과하기",
            "morpheme": "A/SL+./SY+고객/NNG+님/XSN+먼저/MAG+불편/NNG+을/JKO+드려/VV+EC+죄송/XR+하/XSA+다는/ETM+말씀/NNG+드릴게요/VV+EC"
          },
          {
            "id": 6,
            "text": "B. 홈페이지에 업로드가 안된 건가요 아니면 오류인가요",
            "norm_text": "B. 홈페이지에 업로드가 안된 건가요 아니면 오류인가요",
            "speaker": {
              "id": "B",
              "sex": "남성",
              "age": "1그룹(10대~20대)"
            },
            "speechAct": "질문하기",
            "morpheme": "B/SL+./SY+홈페이지/NNG+에/JKB+업로드/NNG+가/JKS+안/MAG+된/VV+ETM+건가요/NNB+VCP+EC+아니/VCN+면/EC+오류/NNG+인가요/VCP+EC"
          },
          {
            "id": 7,
            "text": "A. PDF 파일은 별도의 편집과 디자인 작업을 해야 해서 아직 업로드가 안 된 것 같습니다",
            "norm_text": "A. PDF 파일은 별도의 편집과 디자인 작업을 해야 해서 아직 업로드가 안 된 것 같습니다",
            "speaker": {
              "id": "A",
              "sex": "여성",
              "age": "1그룹(10대~20대)"
            },
            "speechAct": "진술하기",
            "morpheme": "A/SL+./SY+PDF/SL+파일/NNG+은/JX+별도/NNG+의/JKG+편집/NNG+과/JC+디자인/NNG+작업/NNG+을/JKO+해야/VV+EC+해서/VV+EC+아직/MAG+업로드/NNG+가/JKS+안/MAG+된/VV+ETM+것/NNB+같/VA+습니다/EF"
          },
          {
            "id": 8,
            "text": "B. 그러면 업로드가 늦어질 수 있다는 건가요",
            "norm_text": "B. 그러면 업로드가 늦어질 수 있다는 건가요",
            "speaker": {
              "id": "B",
              "sex": "남성",
              "age": "1그룹(10대~20대)"
            },
            "speechAct": "질문하기",
            "morpheme": "B/SL+그러면/MAJ+업로드/NNG+가/JKS+늦/VA+어/EC+질/VX+ETM+수/NNB+있/VV+다는/ETM+건가요/NNB+VCP+EC"
          },
          {
            "id": 9,
            "text": "A. 네 강좌 동영상이랑은 약간 시간차를 두고 업로드가 될 수도 있습니다",
            "norm_text": "A. 네 강좌 동영상이랑은 약간 시간차를 두고 업로드가 될 수도 있습니다",
            "speaker": {
              "id": "A",
              "sex": "여성",
              "age": "1그룹(10대~20대)"
            },
            "speechAct": "진술하기",
            "morpheme": "A/SL+네/IC+강좌/NNG+동영상/NNG+이랑/JKB+은/JX+약간/MAG+시간/NNG+차/NNG+를/JKO+두/VV+고/EC+업로드/NNG+가/JKS+될/VV+ETM+수/NNB+도/JX+있/VA+습니다/EF"
          },
          {
            "id": 10,
            "text": "B. 아 네 알겠어요 어쩔 수 없죠",
            "norm_text": "B. 아 네 알겠어요 어쩔 수 없죠",
            "speaker": {
              "id": "B",
              "sex": "남성",
              "age": "1그룹(10대~20대)"
            },
            "speechAct": "진술하기",
            "morpheme": "B/SL+아/IC+네/IC+알/VV+겠/EP+어요/EF+어쩔/VV+ETM+수/NNB+없/VA+죠/EF"
          },
          {
            "id": 11,
            "text": "A. 이해해 주셔서 감사합니다 #@이름# 이었습니다",
            "norm_text": "A. 이해해 주셔서 감사합니다 #@이름# 이었습니다",
            "speaker": {
              "id": "A",
              "sex": "여성",
              "age": "1그룹(10대~20대)"
            },
            "speechAct": "인사하기",
            "morpheme": "A/SL+./SY+이해/NNG+해/XSV+EC+주/VX+셔서/EP+EC+감사/NNG+합니다/XSV+EF+#/SY+@/SY+이름/NNG+#/SY+이/VCP+었/EP+습니다/EF"
          }
        ]
      }
    }
  ]
}