{
  "dataset": {
    "identifier": 140602,
    "name": "e1_20211115_0006_0598_01",
    "src_path": "/data/file/cubeManager/PROJECT018/91/txt20211110140006095268/e1_20211115_0006_0598_01/",
    "label_path": "/data/file/cubeManager/PROJECT018/91/txt20211110140006095268/e1_20211115_0006_0598_01/",
    "category": 2,
    "type": 0
  },
  "licenses": {
    "name": "Apache License 1.0",
    "url": "http://www.apache.org/licenses/LICENSE-1.0"
  },
  "info": [
    {
      "id": 158150,
      "filename": "e1_0068_0078_02.txt",
      "title": "e1_0068_0078_02",
      "mediatype": "콜센터",
      "medianame": "콜센터",
      "category": "목적대화",
      "date": "2021-11-10",
      "size": 320,
      "annotations": {
        "subject": "프로그램 문의",
        "speaker_type": "1:1",
        "size": 320,
        "word_size": 76,
        "text": "A.정성으로 모시겠습니다 #@소속# 고객센터 #@이름# 입니다\nB.코로나 때매 4월 검정이 5월9일로 연기 된게 맞아요\nA.말씀 하신대로 코로나로 인해서 5월9일로 변경 되었습니다\nB.학원 수업이랑 온라인 강의도 한달 더 들어야겠네요\nA.한 달 정도 시간이 있어서 5월 시험대비 특강반 개설 예정이에요\nB.그래요 그럼 시험 전까지 한 달 하는 거지요\nA.네 한 달이란 시간이 짧지 않으니 대비 하시는게 좋을 거 같아요\nB.알겠어요 선생님하고 상의 해볼께요 고마워요\nA.다른 문의 사항 있으신가요\nB.아니요 없습니다 그럼 선생님 수고하세요\nA.감사합니다 #@소속# 상담원 #@이름# 이었습니다",
        "lines": [
          {
            "id": 1,
            "text": "A.정성으로 모시겠습니다 #@소속# 고객센터 #@이름# 입니다",
            "norm_text": "A.정성으로 모시겠습니다 #@소속# 고객센터 #@이름# 입니다",
            "speaker": {
              "id": "A",
              "sex": "여성",
              "age": "1그룹(10대~20대)"
            },
            "speechAct": "인사하기",
            "morpheme": "A/SL+./SY+정성/NNG+으로/JKB+모시/VV+겠/EP+습니다/EF+#/SY+@/SY+소속/NNG+#/SY+고객/NNG+센터/NNG+#/SY+@/SY+이름/NNG+#/SY+입니다/VCP+EC"
          },
          {
            "id": 2,
            "text": "B.코로나 때매 4월 검정이 5월9일로 연기 된게 맞아요",
            "norm_text": "B.코로나 때매 4월 검정이 5월9일로 연기 된게 맞아요",
            "speaker": {
              "id": "B",
              "sex": "남성",
              "age": "1그룹(10대~20대)"
            },
            "speechAct": "질문하기",
            "morpheme": "B/SL+./SY+코로나/NNG+때/NNG+매/NNG+4/SN+월/NNBC+검정/NNG+이/JKS+5/SN+월/NNBC+9/SN+일/NNBC+로/JKB+연기/NNG+된/XSV+ETM+게/NNB+JKS+맞/VV+아요/EC"
          },
          {
            "id": 3,
            "text": "A.말씀 하신대로 코로나로 인해서 5월9일로 변경 되었습니다",
            "norm_text": "A.말씀 하신대로 코로나로 인해서 5월9일로 변경 되었습니다",
            "speaker": {
              "id": "A",
              "sex": "여성",
              "age": "1그룹(10대~20대)"
            },
            "speechAct": "진술하기",
            "morpheme": "A/SL+./SY+말씀/NNG+하/XSV+신/EP+ETM+대로/NNB+코로나/NNG+로/JKB+인해서/VV+EC+5/SN+월/NNBC+9/SN+일/NNBC+로/JKB+변경/NNG+되/XSV+었/EP+습니다/EF"
          },
          {
            "id": 4,
            "text": "B.학원 수업이랑 온라인 강의도 한달 더 들어야겠네요",
            "norm_text": "B.학원 수업이랑 온라인 강의도 한달 더 들어야겠네요",
            "speaker": {
              "id": "B",
              "sex": "남성",
              "age": "1그룹(10대~20대)"
            },
            "speechAct": "진술하기",
            "morpheme": "B/SL+./SY+학원/NNG+수업/NNG+이랑/JKB+온라인/NNG+강의/NNG+도/JX+한/MM+달/NNBC+더/MAG+들어야/VV+EC+VX+겠/EP+네요/EC"
          },
          {
            "id": 5,
            "text": "A.한 달 정도 시간이 있어서 5월 시험대비 특강반 개설 예정이에요",
            "norm_text": "A.한 달 정도 시간이 있어서 5월 시험대비 특강반 개설 예정이에요",
            "speaker": {
              "id": "A",
              "sex": "여성",
              "age": "1그룹(10대~20대)"
            },
            "speechAct": "진술하기",
            "morpheme": "A/SL+한/MM+달/NNBC+정도/NNG+시간/NNG+이/JKS+있/VV+어서/EC+5/SN+월/NNBC+시험/NNG+대비/NNG+특강/NNG+반/NNG+개설/NNG+예정/NNG+이/VCP+에요/EF"
          },
          {
            "id": 6,
            "text": "B.그래요 그럼 시험 전까지 한 달 하는 거지요",
            "norm_text": "B.그래요 그럼 시험 전까지 한 달 하는 거지요",
            "speaker": {
              "id": "B",
              "sex": "남성",
              "age": "1그룹(10대~20대)"
            },
            "speechAct": "질문하기",
            "morpheme": "B/SL+그래요/VV+EF+그럼/MAJ+시험/NNG+전/NNG+까지/JX+한/MM+달/NNG+하/XSV+는/ETM+거/NNB+지요/VCP+EC"
          },
          {
            "id": 7,
            "text": "A.네 한 달이란 시간이 짧지 않으니 대비 하시는게 좋을 거 같아요",
            "norm_text": "A.네 한 달이란 시간이 짧지 않으니 대비 하시는게 좋을 거 같아요",
            "speaker": {
              "id": "A",
              "sex": "여성",
              "age": "1그룹(10대~20대)"
            },
            "speechAct": "진술하기",
            "morpheme": "A/SL+네/IC+한/MM+달/NNG+이/VCP+란/ETM+시간/NNG+이/JKS+짧/VA+지/EC+않/VX+으니/EC+대비/NNG+하/XSV+시/EP+는/ETM+게/NNB+JKS+좋/VA+을/ETM+거/NNB+같/VA+아요/EC"
          },
          {
            "id": 8,
            "text": "B.알겠어요 선생님하고 상의 해볼께요 고마워요",
            "norm_text": "B.알겠어요 선생님하고 상의 해볼께요 고마워요",
            "speaker": {
              "id": "B",
              "sex": "남성",
              "age": "1그룹(10대~20대)"
            },
            "speechAct": "감사하기",
            "morpheme": "B/SL+알/VV+겠/EP+어요/EF+선생/NNG+님/XSN+하고/JKB+상의/NNG+해/XSV+EC+볼께요/VX+EF+고마워요/VA+EC"
          },
          {
            "id": 9,
            "text": "A.다른 문의 사항 있으신가요",
            "norm_text": "A.다른 문의 사항 있으신가요",
            "speaker": {
              "id": "A",
              "sex": "여성",
              "age": "1그룹(10대~20대)"
            },
            "speechAct": "질문하기",
            "morpheme": "A/SL+다른/MM+문/NNG+의/JKG+사항/NNG+있/VV+으신/EP+ETM+가요/NNG"
          },
          {
            "id": 10,
            "text": "B.아니요 없습니다 그럼 선생님 수고하세요",
            "norm_text": "B.아니요 없습니다 그럼 선생님 수고하세요",
            "speaker": {
              "id": "B",
              "sex": "남성",
              "age": "1그룹(10대~20대)"
            },
            "speechAct": "인사하기",
            "morpheme": "B/SL+아니요/IC+없/VA+습니다/EF+그럼/MAJ+선생/NNG+님/XSN+수고/NNG+하/XSV+세요/EP+EF"
          },
          {
            "id": 11,
            "text": "A.감사합니다 #@소속# 상담원 #@이름# 이었습니다",
            "norm_text": "A.감사합니다 #@소속# 상담원 #@이름# 이었습니다",
            "speaker": {
              "id": "A",
              "sex": "여성",
              "age": "1그룹(10대~20대)"
            },
            "speechAct": "인사하기",
            "morpheme": "A/SL+./SY+감사/NNG+합니다/XSV+EF+#/SY+@/SY+소속/NNG+#/SY+상담원/NNG+#/SY+@/SY+이름/NNG+#/SY+이/VCP+었/EP+습니다/EF"
          }
        ]
      }
    }
  ]
}