{
  "dataset": {
    "identifier": 139659,
    "name": "e1_20211115_0006_0235_01",
    "src_path": "/data/file/cubeManager/PROJECT018/91/txt20211110140003002894/e1_20211115_0006_0235_01/",
    "label_path": "/data/file/cubeManager/PROJECT018/91/txt20211110140003002894/e1_20211115_0006_0235_01/",
    "category": 2,
    "type": 0
  },
  "licenses": {
    "name": "Apache License 1.0",
    "url": "http://www.apache.org/licenses/LICENSE-1.0"
  },
  "info": [
    {
      "id": 157696,
      "filename": "e1_0066_0048_02.txt",
      "title": "e1_0066_0048_02",
      "mediatype": "콜센터",
      "medianame": "콜센터",
      "category": "목적대화",
      "date": "2021-11-10",
      "size": 282,
      "annotations": {
        "subject": "프로그램 문의",
        "speaker_type": "1:1",
        "size": 282,
        "word_size": 77,
        "text": "A.  좋은 아침입니다 #@소속# #@이름# 상담사입니다\nB.  제가 #@상품#인데 한 학기에 수강할 수 있는 학점이 정해져있더라고요\nB.  몇 학점인지 알 수 있을까요\nA.  한 학기 최대 24학점까지 취득 가능하십니다\nB.  그럼 연간은 48학점까지 취득 가능한건가요\nA.  연간 42학점까지 수강 가능합니다\nB.  학점 취득 관련해 뭔가 변경된게 있는건가요\nA.  네 2002년부터 법률이 개정되어 변경사항이 있었습니다\nB.  아 그렇구나 네 알겠어요\nA.  추가 문의사항 언제든지 연락 주세요 #@이름# 이었습니다",
        "lines": [
          {
            "id": 1,
            "text": "A.  좋은 아침입니다 #@소속# #@이름# 상담사입니다",
            "norm_text": "A.  좋은 아침입니다 #@소속# #@이름# 상담사입니다",
            "speaker": {
              "id": "A",
              "sex": "여성",
              "age": "1그룹(10대~20대)"
            },
            "speechAct": "인사하기",
            "morpheme": "A/SL+좋/VA+은/ETM+아침/NNG+입니다/VCP+EF+#/SY+@/SY+소속/NNG+#/SY+#/SY+@/SY+이름/NNG+#/SY+상담/NNG+사/NNG+입니다/VCP+EC"
          },
          {
            "id": 2,
            "text": "B.  제가 #@상품#인데 한 학기에 수강할 수 있는 학점이 정해져있더라고요",
            "norm_text": "B.  제가 #@상품#인데 한 학기에 수강할 수 있는 학점이 정해져있더라고요",
            "speaker": {
              "id": "B",
              "sex": "남성",
              "age": "1그룹(10대~20대)"
            },
            "speechAct": "진술하기",
            "morpheme": "B/SL+제/NP+가/JKS+#/SY+@/SY+상품/NNG+#/SY+인데/VCP+EC+한/MM+학기/NNG+에/JKB+수강/NNG+할/XSV+ETM+수/NNB+있/VV+는/ETM+학점/NNG+이/JKS+정해져/VV+EC+VX+EC+있/VX+더라고요/EC"
          },
          {
            "id": 3,
            "text": "B.  몇 학점인지 알 수 있을까요",
            "norm_text": "B.  몇 학점인지 알 수 있을까요",
            "speaker": {
              "id": "B",
              "sex": "남성",
              "age": "1그룹(10대~20대)"
            },
            "speechAct": "질문하기",
            "morpheme": "B/SL+몇/MM+학점/NNG+인지/VCP+EC+알/VV+ETM+수/NNB+있/VV+을까요/EC"
          },
          {
            "id": 4,
            "text": "A.  한 학기 최대 24학점까지 취득 가능하십니다",
            "norm_text": "A.  한 학기 최대 24학점까지 취득 가능하십니다",
            "speaker": {
              "id": "A",
              "sex": "여성",
              "age": "1그룹(10대~20대)"
            },
            "speechAct": "진술하기",
            "morpheme": "A/SL+한/MM+학기/NNG+최대/NNG+24/SN+학점/NNG+까지/JX+취득/NNG+가능/NNG+하/XSV+십니다/EP+EC"
          },
          {
            "id": 5,
            "text": "B.  그럼 연간은 48학점까지 취득 가능한건가요",
            "norm_text": "B.  그럼 연간은 48학점까지 취득 가능한건가요",
            "speaker": {
              "id": "B",
              "sex": "남성",
              "age": "1그룹(10대~20대)"
            },
            "speechAct": "질문하기",
            "morpheme": "B/SL+그럼/MAJ+연간/NNG+은/JX+48/SN+학점/NNG+까지/JX+취득/NNG+가능/NNG+한/XSA+ETM+건가요/NNB+VCP+EC"
          },
          {
            "id": 6,
            "text": "A.  연간 42학점까지 수강 가능합니다",
            "norm_text": "A.  연간 42학점까지 수강 가능합니다",
            "speaker": {
              "id": "A",
              "sex": "여성",
              "age": "1그룹(10대~20대)"
            },
            "speechAct": "진술하기",
            "morpheme": "A/SL+./SY+연간/NNG+42/SN+학점/NNG+까지/JX+수강/NNG+가능/NNG+합니다/XSV+EC"
          },
          {
            "id": 7,
            "text": "B.  학점 취득 관련해 뭔가 변경된게 있는건가요",
            "norm_text": "B.  학점 취득 관련해 뭔가 변경된게 있는건가요",
            "speaker": {
              "id": "B",
              "sex": "남성",
              "age": "1그룹(10대~20대)"
            },
            "speechAct": "질문하기",
            "morpheme": "B/SL+./SY+학점/NNG+취득/NNG+관련/NNG+해/XSV+EC+뭔가/NP+VCP+EC+변경/NNG+된/XSV+ETM+게/NNB+JKS+있/VA+는/ETM+건가요/NNB+VCP+EC"
          },
          {
            "id": 8,
            "text": "A.  네 2002년부터 법률이 개정되어 변경사항이 있었습니다",
            "norm_text": "A.  네 2002년부터 법률이 개정되어 변경사항이 있었습니다",
            "speaker": {
              "id": "A",
              "sex": "여성",
              "age": "1그룹(10대~20대)"
            },
            "speechAct": "진술하기",
            "morpheme": "A/SL+네/MM+2002/SN+년/NNBC+부터/JX+법률/NNG+이/JKS+개정/NNG+되/XSV+어/EC+변경/NNG+사항/NNG+이/JKS+있/VA+었/EP+습니다/EF"
          },
          {
            "id": 9,
            "text": "B.  아 그렇구나 네 알겠어요",
            "norm_text": "B.  아 그렇구나 네 알겠어요",
            "speaker": {
              "id": "B",
              "sex": "남성",
              "age": "1그룹(10대~20대)"
            },
            "speechAct": "진술하기",
            "morpheme": "B/SL+아/IC+그렇/VA+구/EC+나/NP+네/XSN+알/VV+겠/EP+어요/EF"
          },
          {
            "id": 10,
            "text": "A.  추가 문의사항 언제든지 연락 주세요 #@이름# 이었습니다",
            "norm_text": "A.  추가 문의사항 언제든지 연락 주세요 #@이름# 이었습니다",
            "speaker": {
              "id": "A",
              "sex": "여성",
              "age": "1그룹(10대~20대)"
            },
            "speechAct": "인사하기",
            "morpheme": "A/SL+./SY+추가/NNG+문/NNG+의/JKG+사항/NNG+언제든지/MAG+연락/NNG+주세요/NNP+#/SY+@/SY+이름/NNG+#/SY+이/VCP+었/EP+습니다/EF"
          }
        ]
      }
    }
  ]
}