{
  "dataset": {
    "identifier": 140223,
    "name": "e1_20211115_0006_0462_01",
    "src_path": "/data/file/cubeManager/PROJECT018/91/txt20211110140005023344/e1_20211115_0006_0462_01/",
    "label_path": "/data/file/cubeManager/PROJECT018/91/txt20211110140005023344/e1_20211115_0006_0462_01/",
    "category": 2,
    "type": 0
  },
  "licenses": {
    "name": "Apache License 1.0",
    "url": "http://www.apache.org/licenses/LICENSE-1.0"
  },
  "info": [
    {
      "id": 157937,
      "filename": "e1_0067_0078_02.txt",
      "title": "e1_0067_0078_02",
      "mediatype": "콜센터",
      "medianame": "콜센터",
      "category": "목적대화",
      "date": "2021-11-10",
      "size": 258,
      "annotations": {
        "subject": "프로그램 문의",
        "speaker_type": "1:1",
        "size": 258,
        "word_size": 67,
        "text": "A. #@소속# 상담원 #@이름# 입니다\nB. 네 저 등록 전 궁금한거 여쭤볼게요\nA. 안녕하세요 어떤 부분 궁금하신가요\nB. 기초과정반 현재 커리큘럼 진도 확인될까요\nA. 저번달 심화과정 후 실전과정 진행중입니다\nB. 파이널 과정은 12월 한달 진행인가요\nA. 아닙니다 11월부터 두달간 진행 예정이에요\nB. 아 파이널 전에 이전 강의들 복습 가능할까요\nA. 네 복습영상으로 충분히 학습 가능하세요\nB. 다행이네요 안내 감사합니다\nA. 네 더 궁금하신 사항은 언제든 문의 주세요",
        "lines": [
          {
            "id": 1,
            "text": "A. #@소속# 상담원 #@이름# 입니다",
            "norm_text": "A. #@소속# 상담원 #@이름# 입니다",
            "speaker": {
              "id": "A",
              "sex": "여성",
              "age": "1그룹(10대~20대)"
            },
            "speechAct": "인사하기",
            "morpheme": "A/SL+./SY+#/SY+@/SY+소속/NNG+#/SY+상담원/NNG+#/SY+@/SY+이름/NNG+#/SY+입니다/VCP+EC"
          },
          {
            "id": 2,
            "text": "B. 네 저 등록 전 궁금한거 여쭤볼게요",
            "norm_text": "B. 네 저 등록 전 궁금한거 여쭤볼게요",
            "speaker": {
              "id": "B",
              "sex": "남성",
              "age": "1그룹(10대~20대)"
            },
            "speechAct": "진술하기",
            "morpheme": "B/SL+네/IC+저/MM+등록/NNG+전/NNG+궁금/XR+한/XSA+ETM+거/NNB+여쭤볼/VV+EC+VX+ETM+게요/NNB+VCP+EC"
          },
          {
            "id": 3,
            "text": "A. 안녕하세요 어떤 부분 궁금하신가요",
            "norm_text": "A. 안녕하세요 어떤 부분 궁금하신가요",
            "speaker": {
              "id": "A",
              "sex": "여성",
              "age": "1그룹(10대~20대)"
            },
            "speechAct": "질문하기",
            "morpheme": "A/SL+./SY+안녕/NNG+하/XSV+세요/EP+EF+어떤/MM+부분/NNG+궁금/XR+하/XSA+신가요/EP+EC"
          },
          {
            "id": 4,
            "text": "B. 기초과정반 현재 커리큘럼 진도 확인될까요",
            "norm_text": "B. 기초과정반 현재 커리큘럼 진도 확인될까요",
            "speaker": {
              "id": "B",
              "sex": "남성",
              "age": "1그룹(10대~20대)"
            },
            "speechAct": "진술하기",
            "morpheme": "B/SL+./SY+기초/NNG+과정/NNG+반/NNG+현재/MAG+커리큘럼/NNG+진도/NNG+확인/NNG+될까요/VV+EC"
          },
          {
            "id": 5,
            "text": "A. 저번달 심화과정 후 실전과정 진행중입니다",
            "norm_text": "A. 저번달 심화과정 후 실전과정 진행중입니다",
            "speaker": {
              "id": "A",
              "sex": "여성",
              "age": "1그룹(10대~20대)"
            },
            "speechAct": "진술하기",
            "morpheme": "A/SL+저/MM+번달/NNG+심화/NNG+과정/NNG+후/NNG+실전/NNG+과정/NNG+진행/NNG+중/NNB+입니다/VCP+EC"
          },
          {
            "id": 6,
            "text": "B. 파이널 과정은 12월 한달 진행인가요",
            "norm_text": "B. 파이널 과정은 12월 한달 진행인가요",
            "speaker": {
              "id": "B",
              "sex": "남성",
              "age": "1그룹(10대~20대)"
            },
            "speechAct": "질문하기",
            "morpheme": "B/SL+./SY+파이널/NNG+과정/NNG+은/JX+12/SN+월/NNBC+한/MM+달/NNBC+진행/NNG+인가요/VCP+EC"
          },
          {
            "id": 7,
            "text": "A. 아닙니다 11월부터 두달간 진행 예정이에요",
            "norm_text": "A. 아닙니다 11월부터 두달간 진행 예정이에요",
            "speaker": {
              "id": "A",
              "sex": "여성",
              "age": "1그룹(10대~20대)"
            },
            "speechAct": "진술하기",
            "morpheme": "A/SL+아닙니다/VCN+EC+11/SN+월/NNBC+부터/JX+두/MM+달/NNG+간/NNB+진행/NNG+예정/NNG+이/VCP+에요/EF"
          },
          {
            "id": 8,
            "text": "B. 아 파이널 전에 이전 강의들 복습 가능할까요",
            "norm_text": "B. 아 파이널 전에 이전 강의들 복습 가능할까요",
            "speaker": {
              "id": "B",
              "sex": "남성",
              "age": "1그룹(10대~20대)"
            },
            "speechAct": "질문하기",
            "morpheme": "B/SL+아/IC+파이널/NNG+전/NNG+에/JKB+이전/NNG+강의/NNG+들/XSN+복습/NNG+가능/NNG+할까요/XSV+EC"
          },
          {
            "id": 9,
            "text": "A. 네 복습영상으로 충분히 학습 가능하세요",
            "norm_text": "A. 네 복습영상으로 충분히 학습 가능하세요",
            "speaker": {
              "id": "A",
              "sex": "여성",
              "age": "1그룹(10대~20대)"
            },
            "speechAct": "진술하기",
            "morpheme": "A/SL+네/IC+복습/NNG+영상/NNG+으로/JKB+충분히/MAG+학습/NNG+가능/NNG+하/XSV+세요/EP+EF"
          },
          {
            "id": 10,
            "text": "B. 다행이네요 안내 감사합니다",
            "norm_text": "B. 다행이네요 안내 감사합니다",
            "speaker": {
              "id": "B",
              "sex": "남성",
              "age": "1그룹(10대~20대)"
            },
            "speechAct": "사과하기",
            "morpheme": "B/SL+./SY+다행/NNG+이/VCP+네요/EF+안내/NNG+감사/NNG+합니다/XSV+EC"
          },
          {
            "id": 11,
            "text": "A. 네 더 궁금하신 사항은 언제든 문의 주세요",
            "norm_text": "A. 네 더 궁금하신 사항은 언제든 문의 주세요",
            "speaker": {
              "id": "A",
              "sex": "여성",
              "age": "1그룹(10대~20대)"
            },
            "speechAct": "인사하기",
            "morpheme": "A/SL+네/IC+더/MAG+궁금/XR+하/XSA+신/EP+ETM+사항/NNG+은/JX+언제/MAG+든/VV+ETM+문/NNG+의/JKG+주세요/NNP"
          }
        ]
      }
    }
  ]
}