{
  "dataset": {
    "identifier": 140015,
    "name": "e1_20211115_0006_0407_01",
    "src_path": "/data/file/cubeManager/PROJECT018/91/txt20211110140004082092/e1_20211115_0006_0407_01/",
    "label_path": "/data/file/cubeManager/PROJECT018/91/txt20211110140004082092/e1_20211115_0006_0407_01/",
    "category": 2,
    "type": 0
  },
  "licenses": {
    "name": "Apache License 1.0",
    "url": "http://www.apache.org/licenses/LICENSE-1.0"
  },
  "info": [
    {
      "id": 157883,
      "filename": "e1_0067_0024_02.txt",
      "title": "e1_0067_0024_02",
      "mediatype": "콜센터",
      "medianame": "콜센터",
      "category": "목적대화",
      "date": "2021-11-10",
      "size": 321,
      "annotations": {
        "subject": "프로그램 문의",
        "speaker_type": "1:1",
        "size": 321,
        "word_size": 84,
        "text": "A. 활기찬 아침의 #@소속# 상담원 #@이름# 입니다\nB. 네 저 프로그램 궁금한게 있어서요\nA. 안녕하세요 고객님 어떤게 궁금하신가요\nB. 친구가 한달 짜리 상품 추천해줬는데요\nB. 정확히 뭔지를 몰라서요 안내 해주실 수 있나요\nA. 30일 단위 상품으로는 현재 두 가지가 있습니다\nA. #@상품#과 #@상품# 있으세요\nB. 오 #@상품# 그거 뭔가요\nA. #@소속# 전공 강좌 중에서 3개 강좌 선택 가능하세요\nB. 그럼 전공 강좌 아닌건 못듣는거네요\nA. 맞습니다 대신 한달동안 3개는 편하게 들으시는거죠\nB. 음 고민 좀 더 해봐야겠네요\nA. 네 고객님 충분히 생각해보시고 또 연락주세요",
        "lines": [
          {
            "id": 1,
            "text": "A. 활기찬 아침의 #@소속# 상담원 #@이름# 입니다",
            "norm_text": "A. 활기찬 아침의 #@소속# 상담원 #@이름# 입니다",
            "speaker": {
              "id": "A",
              "sex": "여성",
              "age": "1그룹(10대~20대)"
            },
            "speechAct": "인사하기",
            "morpheme": "A/SL+활기찬/VA+ETM+아침/NNG+의/JKG+#/SY+@/SY+소속/NNG+#/SY+상담원/NNG+#/SY+@/SY+이름/NNG+#/SY+입니다/VCP+EC"
          },
          {
            "id": 2,
            "text": "B. 네 저 프로그램 궁금한게 있어서요",
            "norm_text": "B. 네 저 프로그램 궁금한게 있어서요",
            "speaker": {
              "id": "B",
              "sex": "남성",
              "age": "1그룹(10대~20대)"
            },
            "speechAct": "진술하기",
            "morpheme": "B/SL+네/IC+저/MM+프로그램/NNG+궁금/XR+한/XSA+ETM+게/NNB+JKS+있/VA+어서요/EC"
          },
          {
            "id": 3,
            "text": "A. 안녕하세요 고객님 어떤게 궁금하신가요",
            "norm_text": "A. 안녕하세요 고객님 어떤게 궁금하신가요",
            "speaker": {
              "id": "A",
              "sex": "여성",
              "age": "1그룹(10대~20대)"
            },
            "speechAct": "질문하기",
            "morpheme": "A/SL+./SY+안녕/NNG+하/XSV+세요/EP+EF+VCP+고/EC+객님/NNG+어떤/MM+게/NNB+JKS+궁금/XR+하/XSA+신가요/EP+EC"
          },
          {
            "id": 4,
            "text": "B. 친구가 한달 짜리 상품 추천해줬는데요",
            "norm_text": "B. 친구가 한달 짜리 상품 추천해줬는데요",
            "speaker": {
              "id": "B",
              "sex": "남성",
              "age": "1그룹(10대~20대)"
            },
            "speechAct": "진술하기",
            "morpheme": "B/SL+./SY+친구/NNG+가/JKS+한/MM+달/NNG+짜리/XSN+상품/NNG+추천/NNG+해/XSV+EC+줬/VX+EP+는데요/EC"
          },
          {
            "id": 5,
            "text": "B. 정확히 뭔지를 몰라서요 안내 해주실 수 있나요",
            "norm_text": "B. 정확히 뭔지를 몰라서요 안내 해주실 수 있나요",
            "speaker": {
              "id": "B",
              "sex": "남성",
              "age": "1그룹(10대~20대)"
            },
            "speechAct": "질문하기",
            "morpheme": "B/SL+정확히/MAG+뭔지/NP+VCP+EC+를/JKO+몰/VV+라서요/EC+안내/NNG+해/XSV+EC+주/VX+실/EP+ETM+수/NNB+있/VV+나요/EC"
          },
          {
            "id": 6,
            "text": "A. 30일 단위 상품으로는 현재 두 가지가 있습니다",
            "norm_text": "A. 30일 단위 상품으로는 현재 두 가지가 있습니다",
            "speaker": {
              "id": "A",
              "sex": "여성",
              "age": "1그룹(10대~20대)"
            },
            "speechAct": "진술하기",
            "morpheme": "A/SL+./SY+30/SN+일/NNBC+단위/NNG+상품/NNG+으로/JKB+는/JX+현재/MAG+두/MM+가지/NNBC+가/JKS+있/VA+습니다/EF"
          },
          {
            "id": 7,
            "text": "A. #@상품#과 #@상품# 있으세요",
            "norm_text": "A. #@상품#과 #@상품# 있으세요",
            "speaker": {
              "id": "A",
              "sex": "여성",
              "age": "1그룹(10대~20대)"
            },
            "speechAct": "진술하기",
            "morpheme": "A/SL+./SY+#/SY+@/SY+상품/NNG+#/SY+과/JC+#/SY+@/SY+상품/NNG+#/SY+있/VA+으세요/EP+EP+EC"
          },
          {
            "id": 8,
            "text": "B. 오 #@상품# 그거 뭔가요",
            "norm_text": "B. 오 #@상품# 그거 뭔가요",
            "speaker": {
              "id": "B",
              "sex": "남성",
              "age": "1그룹(10대~20대)"
            },
            "speechAct": "질문하기",
            "morpheme": "B/SL+오/NR+#/SY+@/SY+상품/NNG+#/SY+그거/NP+뭔가요/NP+VCP+EF"
          },
          {
            "id": 9,
            "text": "A. #@소속# 전공 강좌 중에서 3개 강좌 선택 가능하세요",
            "norm_text": "A. #@소속# 전공 강좌 중에서 3개 강좌 선택 가능하세요",
            "speaker": {
              "id": "A",
              "sex": "여성",
              "age": "1그룹(10대~20대)"
            },
            "speechAct": "진술하기",
            "morpheme": "A/SL+./SY+#/SY+@/SY+소속/NNG+#/SY+전공/NNG+강좌/NNG+중/NNB+에서/JKB+3/SN+개/NNBC+강좌/NNG+선택/NNG+가능/NNG+하/XSV+세요/EP+EF"
          },
          {
            "id": 10,
            "text": "B. 그럼 전공 강좌 아닌건 못듣는거네요",
            "norm_text": "B. 그럼 전공 강좌 아닌건 못듣는거네요",
            "speaker": {
              "id": "B",
              "sex": "남성",
              "age": "1그룹(10대~20대)"
            },
            "speechAct": "진술하기",
            "morpheme": "B/SL+그럼/MAJ+전공/NNG+강좌/NNG+아닌/VCN+ETM+건/NNB+JX+못/MAG+듣/VV+는/ETM+거/NNB+네요/VCP+EC"
          },
          {
            "id": 11,
            "text": "A. 맞습니다 대신 한달동안 3개는 편하게 들으시는거죠",
            "norm_text": "A. 맞습니다 대신 한달동안 3개는 편하게 들으시는거죠",
            "speaker": {
              "id": "A",
              "sex": "여성",
              "age": "1그룹(10대~20대)"
            },
            "speechAct": "질문하기",
            "morpheme": "A/SL+맞/VV+습니다/EF+대신/NNG+한달/XSV+ETM+동안/NNG+3/SN+개/NNBC+는/JX+편하/VA+게/EC+들으시는/VV+EP+ETM+거/NNB+죠/VCP+EC"
          },
          {
            "id": 12,
            "text": "B. 음 고민 좀 더 해봐야겠네요",
            "norm_text": "B. 음 고민 좀 더 해봐야겠네요",
            "speaker": {
              "id": "B",
              "sex": "남성",
              "age": "1그룹(10대~20대)"
            },
            "speechAct": "진술하기",
            "morpheme": "B/SL+음/IC+고민/NNG+좀/MAG+더/MAG+해/VV+EC+봐야/VX+EC+VV+겠/EP+네요/EC"
          },
          {
            "id": 13,
            "text": "A. 네 고객님 충분히 생각해보시고 또 연락주세요",
            "norm_text": "A. 네 고객님 충분히 생각해보시고 또 연락주세요",
            "speaker": {
              "id": "A",
              "sex": "여성",
              "age": "1그룹(10대~20대)"
            },
            "speechAct": "약속하기(개인적 수준의 서약)",
            "morpheme": "A/SL+네/IC+고객/NNG+님/XSN+충분히/MAG+생각/NNG+해/XSV+EC+보/VX+시/EP+고/EC+또/MAG+연락/NNG+주세요/NNP"
          }
        ]
      }
    }
  ]
}