{
  "dataset": {
    "identifier": 140974,
    "name": "e1_20211115_0006_0632_01",
    "src_path": "/data/file/cubeManager/PROJECT018/91/txt20211110140009023067/e1_20211115_0006_0632_01/",
    "label_path": "/data/file/cubeManager/PROJECT018/91/txt20211110140009023067/e1_20211115_0006_0632_01/",
    "category": 2,
    "type": 0
  },
  "licenses": {
    "name": "Apache License 1.0",
    "url": "http://www.apache.org/licenses/LICENSE-1.0"
  },
  "info": [
    {
      "id": 158411,
      "filename": "e1_0069_0054_02.txt",
      "title": "e1_0069_0054_02",
      "mediatype": "콜센터",
      "medianame": "콜센터",
      "category": "목적대화",
      "date": "2021-11-10",
      "size": 409,
      "annotations": {
        "subject": "프로그램 문의",
        "speaker_type": "1:1",
        "size": 409,
        "word_size": 93,
        "text": "A.안녕하세요 #@소속# 상담센터 #@이름# 상담원입니다\nB.저희 아이가 #@소속# 초등학교 수강생인데요\nB.#@상품#라는 게 있던데 어떤 시험인가요\nA.네 고객님 저희 #@상품# 서비스는 저희 #@소속#의 평가 서비스인데요\nA.초등 진도강좌나 방학 특강 수강 회원을 대상으로 하고 있습니다\nB.시험 과목은 어떻게 되나요\nA.과목은 수학 과학 사회 국어 영어 봄 여름 가을 겨울입니다\nB.응시는 어떻게 해야해요\nA.사이트 나의 학습방에서 수강 중인 강좌 메뉴에서 응시하실 수 있으세요\nB.그러면 확인 평가 끝나고 결과랑 정답 확인하면 되는 건가요\nA.네 그러신 다음에 저희가 오답노트를 제공해드리거든요\nA.오답노트로 틀린 문제까지 복습해 주시면 실전에서 많은 도움 되실 거예요\nB.네 자세한 설명 감사합니다\nA.코로나 조심하세요 상담사 #@이름#이었습니다",
        "lines": [
          {
            "id": 1,
            "text": "A.안녕하세요 #@소속# 상담센터 #@이름# 상담원입니다",
            "norm_text": "A.안녕하세요 #@소속# 상담센터 #@이름# 상담원입니다",
            "speaker": {
              "id": "A",
              "sex": "여성",
              "age": "2그룹(30대~40대)"
            },
            "speechAct": "인사하기",
            "morpheme": "A/SL+./SY+안녕/NNG+하/XSV+세요/EP+EF+#/SY+@/SY+소속/NNG+#/SY+상담/NNG+센터/NNG+#/SY+@/SY+이름/NNG+#/SY+상담원/NNG+입니다/VCP+EC"
          },
          {
            "id": 2,
            "text": "B.저희 아이가 #@소속# 초등학교 수강생인데요",
            "norm_text": "B.저희 아이가 #@소속# 초등학교 수강생인데요",
            "speaker": {
              "id": "B",
              "sex": "남성",
              "age": "2그룹(30대~40대)"
            },
            "speechAct": "진술하기",
            "morpheme": "B/SL+저희/NP+아이/NNG+가/JKS+#/SY+@/SY+소속/NNG+#/SY+초등/NNG+학교/NNG+수강/NNG+생/XSN+인데요/VCP+EC"
          },
          {
            "id": 3,
            "text": "B.#@상품#라는 게 있던데 어떤 시험인가요",
            "norm_text": "B.#@상품#라는 게 있던데 어떤 시험인가요",
            "speaker": {
              "id": "B",
              "sex": "남성",
              "age": "2그룹(30대~40대)"
            },
            "speechAct": "질문하기",
            "morpheme": "B/SL+./SY+#/SY+@/SY+상품/NNG+#/SY+라는/VCP+ETM+게/NNB+JKS+있/VA+던데/EC+어떤/MM+시험/NNG+인가요/VCP+EC"
          },
          {
            "id": 4,
            "text": "A.네 고객님 저희 #@상품# 서비스는 저희 #@소속#의 평가 서비스인데요",
            "norm_text": "A.네 고객님 저희 #@상품# 서비스는 저희 #@소속#의 평가 서비스인데요",
            "speaker": {
              "id": "A",
              "sex": "여성",
              "age": "2그룹(30대~40대)"
            },
            "speechAct": "진술하기",
            "morpheme": "A/SL+네/IC+고객/NNG+님/XSN+저희/NP+#/SY+@/SY+상품/NNG+#/SY+서비스/NNG+는/JX+저희/NP+#/SY+@/SY+소속/NNG+#/SY+의/JKG+평가/NNG+서비스/NNG+인데요/VCP+EC"
          },
          {
            "id": 5,
            "text": "A.초등 진도강좌나 방학 특강 수강 회원을 대상으로 하고 있습니다",
            "norm_text": "A.초등 진도강좌나 방학 특강 수강 회원을 대상으로 하고 있습니다",
            "speaker": {
              "id": "A",
              "sex": "여성",
              "age": "2그룹(30대~40대)"
            },
            "speechAct": "진술하기",
            "morpheme": "A/SL+./SY+초등/NNG+진도/NNG+강좌/NNG+나/JC+방학/NNG+특강/NNG+수강/NNG+회원/NNG+을/JKO+대상/NNG+으로/JKB+하/VV+고/EC+있/VX+습니다/EF"
          },
          {
            "id": 6,
            "text": "B.시험 과목은 어떻게 되나요",
            "norm_text": "B.시험 과목은 어떻게 되나요",
            "speaker": {
              "id": "B",
              "sex": "남성",
              "age": "2그룹(30대~40대)"
            },
            "speechAct": "질문하기",
            "morpheme": "B/SL+./SY+시험/NNG+과목/NNG+은/JX+어떻게/MAG+되/VV+나요/EC"
          },
          {
            "id": 7,
            "text": "A.과목은 수학 과학 사회 국어 영어 봄 여름 가을 겨울입니다",
            "norm_text": "A.과목은 수학 과학 사회 국어 영어 봄 여름 가을 겨울입니다",
            "speaker": {
              "id": "A",
              "sex": "여성",
              "age": "2그룹(30대~40대)"
            },
            "speechAct": "진술하기",
            "morpheme": "A/SL+./SY+과목/NNG+은/JX+수학/NNG+과/JC+학사회/NNG+국어/NNG+영어/NNG+봄여름가을겨울/NNP+입니다/VCP+EC"
          },
          {
            "id": 8,
            "text": "B.응시는 어떻게 해야해요",
            "norm_text": "B.응시는 어떻게 해야해요",
            "speaker": {
              "id": "B",
              "sex": "남성",
              "age": "2그룹(30대~40대)"
            },
            "speechAct": "질문하기",
            "morpheme": "B/SL+./SY+응시/NNG+는/JX+어떻게/MAG+해야/VV+EC+해요/VX+EC"
          },
          {
            "id": 9,
            "text": "A.사이트 나의 학습방에서 수강 중인 강좌 메뉴에서 응시하실 수 있으세요",
            "norm_text": "A.사이트 나의 학습방에서 수강 중인 강좌 메뉴에서 응시하실 수 있으세요",
            "speaker": {
              "id": "A",
              "sex": "여성",
              "age": "2그룹(30대~40대)"
            },
            "speechAct": "진술하기",
            "morpheme": "A/SL+./SY+사이트/NNG+나/NP+의/JKG+학습/NNG+방/NNG+에서/JKB+수강/NNG+중/NNB+인/VCP+ETM+강좌/NNG+메뉴/NNG+에서/JKB+응시/NNG+하/XSV+실/EP+ETM+수/NNB+있/VV+으세요/EC"
          },
          {
            "id": 10,
            "text": "B.그러면 확인 평가 끝나고 결과랑 정답 확인하면 되는 건가요",
            "norm_text": "B.그러면 확인 평가 끝나고 결과랑 정답 확인하면 되는 건가요",
            "speaker": {
              "id": "B",
              "sex": "남성",
              "age": "2그룹(30대~40대)"
            },
            "speechAct": "질문하기",
            "morpheme": "B/SL+그러면/MAJ+확인/NNG+평가/NNG+끝/NNG+나/VV+고/EC+결과/NNG+랑/JKB+정답/NNG+확인/NNG+하/XSV+면/EC+되/VV+는/ETM+건가요/NNB+VCP+EC"
          },
          {
            "id": 11,
            "text": "A.네 그러신 다음에 저희가 오답노트를 제공해드리거든요",
            "norm_text": "A.네 그러신 다음에 저희가 오답노트를 제공해드리거든요",
            "speaker": {
              "id": "A",
              "sex": "여성",
              "age": "2그룹(30대~40대)"
            },
            "speechAct": "진술하기",
            "morpheme": "A/SL+네/IC+그러신/VA+EP+ETM+다음/NNG+에/JKB+저희/NP+가/JKS+오답/NNG+노트/NNG+를/JKO+제공/NNG+해/XSV+EC+드리/VX+거든요/EF"
          },
          {
            "id": 12,
            "text": "A.오답노트로 틀린 문제까지 복습해 주시면 실전에서 많은 도움 되실 거예요",
            "norm_text": "A.오답노트로 틀린 문제까지 복습해 주시면 실전에서 많은 도움 되실 거예요",
            "speaker": {
              "id": "A",
              "sex": "여성",
              "age": "2그룹(30대~40대)"
            },
            "speechAct": "진술하기",
            "morpheme": "A/SL+./SY+오답/NNG+노트/NNG+로/JKB+틀린/VV+ETM+문제/NNG+까지/JX+복습/NNG+해/XSV+EC+주/VX+시/EP+면/EC+실전/NNG+에서/JKB+많/VA+은/ETM+도움/NNG+되/XSV+실/EP+ETM+거/NNB+예요/VCP+EF"
          },
          {
            "id": 13,
            "text": "B.네 자세한 설명 감사합니다",
            "norm_text": "B.네 자세한 설명 감사합니다",
            "speaker": {
              "id": "B",
              "sex": "남성",
              "age": "2그룹(30대~40대)"
            },
            "speechAct": "감사하기",
            "morpheme": "B/SL+네/IC+자세/XR+한/XSA+ETM+설명/NNG+감사/NNG+합니다/XSV+EC"
          },
          {
            "id": 14,
            "text": "A.코로나 조심하세요 상담사 #@이름#이었습니다",
            "norm_text": "A.코로나 조심하세요 상담사 #@이름#이었습니다",
            "speaker": {
              "id": "A",
              "sex": "여성",
              "age": "2그룹(30대~40대)"
            },
            "speechAct": "인사하기",
            "morpheme": "A/SL+./SY+코로나/NNG+조심/NNG+하/XSV+세요/EP+EF+상담/NNG+사/NNG+#/SY+@/SY+이름/NNG+#/SY+이/VCP+었/EP+습니다/EF"
          }
        ]
      }
    }
  ]
}