{
  "dataset": {
    "identifier": 140240,
    "name": "e1_20211115_0006_0467_01",
    "src_path": "/data/file/cubeManager/PROJECT018/91/txt202111101400050262109/e1_20211115_0006_0467_01/",
    "label_path": "/data/file/cubeManager/PROJECT018/91/txt202111101400050262109/e1_20211115_0006_0467_01/",
    "category": 2,
    "type": 0
  },
  "licenses": {
    "name": "Apache License 1.0",
    "url": "http://www.apache.org/licenses/LICENSE-1.0"
  },
  "info": [
    {
      "id": 157941,
      "filename": "e1_0067_0082_02.txt",
      "title": "e1_0067_0082_02",
      "mediatype": "콜센터",
      "medianame": "콜센터",
      "category": "목적대화",
      "date": "2021-11-10",
      "size": 285,
      "annotations": {
        "subject": "프로그램 문의",
        "speaker_type": "1:1",
        "size": 285,
        "word_size": 72,
        "text": "A. #@소속# 상담원 #@이름# 입니다\nB. 안녕하세요 저 커리큘럼 궁금한게 있어서요\nB. #@이름# 교수님 TEPS 현재 진도 얼마나 나갔나요\nA. #@이름# 교수님 TEPS 커리큘럼 안내 도와드리겠습니다\nA. 현재는 기출 강의 진행중으로 확인됩니다\nB. 그럼 이론 강의는 벌써 끝난건가요\nA. 네 안타깝지만 이론은 저번달까지 진행됐었네요\nB. 제가 기본 문법도 너무 약한데 어떻게 안될까요\nA. 네 문법 단기 완성반 개설 예정이니 참고해주세요\nB. 와 다행이네요 정보 감사합니다\nA. 네 추가 문의 사항은 언제든 연락주세요",
        "lines": [
          {
            "id": 1,
            "text": "A. #@소속# 상담원 #@이름# 입니다",
            "norm_text": "A. #@소속# 상담원 #@이름# 입니다",
            "speaker": {
              "id": "A",
              "sex": "여성",
              "age": "1그룹(10대~20대)"
            },
            "speechAct": "인사하기",
            "morpheme": "A/SL+./SY+#/SY+@/SY+소속/NNG+#/SY+상담원/NNG+#/SY+@/SY+이름/NNG+#/SY+입니다/VCP+EC"
          },
          {
            "id": 2,
            "text": "B. 안녕하세요 저 커리큘럼 궁금한게 있어서요",
            "norm_text": "B. 안녕하세요 저 커리큘럼 궁금한게 있어서요",
            "speaker": {
              "id": "B",
              "sex": "남성",
              "age": "1그룹(10대~20대)"
            },
            "speechAct": "진술하기",
            "morpheme": "B/SL+./SY+안녕/NNG+하/XSV+세요/EP+EF+저/MM+커리큘럼/NNG+궁금/XR+한/XSA+ETM+게/NNB+JKS+있/VA+어서요/EC"
          },
          {
            "id": 3,
            "text": "B. #@이름# 교수님 TEPS 현재 진도 얼마나 나갔나요",
            "norm_text": "B. #@이름# 교수님 TEPS 현재 진도 얼마나 나갔나요",
            "speaker": {
              "id": "B",
              "sex": "남성",
              "age": "1그룹(10대~20대)"
            },
            "speechAct": "질문하기",
            "morpheme": "B/SL+./SY+#/SY+@/SY+이름/NNG+#/SY+교수/NNG+님/XSN+TEPS/SL+현재/MAG+진도/NNG+얼마나/MAG+나갔/VV+EP+나요/EC"
          },
          {
            "id": 4,
            "text": "A. #@이름# 교수님 TEPS 커리큘럼 안내 도와드리겠습니다",
            "norm_text": "A. #@이름# 교수님 TEPS 커리큘럼 안내 도와드리겠습니다",
            "speaker": {
              "id": "A",
              "sex": "여성",
              "age": "1그룹(10대~20대)"
            },
            "speechAct": "진술하기",
            "morpheme": "A/SL+./SY+#/SY+@/SY+이름/NNG+#/SY+교수/NNG+님/XSN+TEPS/SL+커리큘럼/NNG+안내/NNG+도와/VV+EC+드리/VX+겠/EP+습니다/EF"
          },
          {
            "id": 5,
            "text": "A. 현재는 기출 강의 진행중으로 확인됩니다",
            "norm_text": "A. 현재는 기출 강의 진행중으로 확인됩니다",
            "speaker": {
              "id": "A",
              "sex": "여성",
              "age": "1그룹(10대~20대)"
            },
            "speechAct": "진술하기",
            "morpheme": "A/SL+./SY+현재/NNG+는/JX+기출/NNG+강의/NNG+진행/NNG+중/NNB+으로/JKB+확인/NNG+됩니다/XSV+EC"
          },
          {
            "id": 6,
            "text": "B. 그럼 이론 강의는 벌써 끝난건가요",
            "norm_text": "B. 그럼 이론 강의는 벌써 끝난건가요",
            "speaker": {
              "id": "B",
              "sex": "남성",
              "age": "1그룹(10대~20대)"
            },
            "speechAct": "진술하기",
            "morpheme": "B/SL+그럼/MAJ+이론/NNG+강의/NNG+는/JX+벌써/MAG+끝난/VV+ETM+건가요/NNB+VCP+EC"
          },
          {
            "id": 7,
            "text": "A. 네 안타깝지만 이론은 저번달까지 진행됐었네요",
            "norm_text": "A. 네 안타깝지만 이론은 저번달까지 진행됐었네요",
            "speaker": {
              "id": "A",
              "sex": "여성",
              "age": "1그룹(10대~20대)"
            },
            "speechAct": "N/A",
            "morpheme": "A/SL+네/IC+안타깝/VA+지만/EC+이론/NNG+은/JX+저번/NNG+달/NNG+까지/JX+진행/NNG+됐었/XSV+EP+네요/EC"
          },
          {
            "id": 8,
            "text": "B. 제가 기본 문법도 너무 약한데 어떻게 안될까요",
            "norm_text": "B. 제가 기본 문법도 너무 약한데 어떻게 안될까요",
            "speaker": {
              "id": "B",
              "sex": "남성",
              "age": "1그룹(10대~20대)"
            },
            "speechAct": "질문하기",
            "morpheme": "B/SL+제/NP+가/JKS+기본/NNG+문법/NNG+도/JX+너무/MAG+약한데/VA+EC+어떻게/MAG+안/MAG+될까요/VV+EC"
          },
          {
            "id": 9,
            "text": "A. 네 문법 단기 완성반 개설 예정이니 참고해주세요",
            "norm_text": "A. 네 문법 단기 완성반 개설 예정이니 참고해주세요",
            "speaker": {
              "id": "A",
              "sex": "여성",
              "age": "1그룹(10대~20대)"
            },
            "speechAct": "진술하기",
            "morpheme": "A/SL+네/IC+문법/NNG+단기/NNG+완성/NNG+반/NNG+개설/NNG+예정/NNG+이/VCP+니/EC+참고/NNG+해/XSV+EC+주/VX+세요/EP+EF"
          },
          {
            "id": 10,
            "text": "B. 와 다행이네요 정보 감사합니다",
            "norm_text": "B. 와 다행이네요 정보 감사합니다",
            "speaker": {
              "id": "B",
              "sex": "남성",
              "age": "1그룹(10대~20대)"
            },
            "speechAct": "감사하기",
            "morpheme": "B/SL+./SY+와/JC+다행/NNG+이/VCP+네요/EF+정보/NNG+감사/NNG+합니다/XSV+EC"
          },
          {
            "id": 11,
            "text": "A. 네 추가 문의 사항은 언제든 연락주세요",
            "norm_text": "A. 네 추가 문의 사항은 언제든 연락주세요",
            "speaker": {
              "id": "A",
              "sex": "여성",
              "age": "1그룹(10대~20대)"
            },
            "speechAct": "명령하기/요구하기",
            "morpheme": "A/SL+네/IC+추가/NNG+문/NNG+의/JKG+사항/NNG+은/JX+언제/MAG+든/VV+ETM+연락/NNG+주세요/NNP"
          }
        ]
      }
    }
  ]
}