{
  "dataset": {
    "identifier": 140446,
    "name": "e1_20211115_0006_0525_01",
    "src_path": "/data/file/cubeManager/PROJECT018/91/txt20211110140005067547/e1_20211115_0006_0525_01/",
    "label_path": "/data/file/cubeManager/PROJECT018/91/txt20211110140005067547/e1_20211115_0006_0525_01/",
    "category": 2,
    "type": 0
  },
  "licenses": {
    "name": "Apache License 1.0",
    "url": "http://www.apache.org/licenses/LICENSE-1.0"
  },
  "info": [
    {
      "id": 157999,
      "filename": "e1_0067_0140_02.txt",
      "title": "e1_0067_0140_02",
      "mediatype": "콜센터",
      "medianame": "콜센터",
      "category": "목적대화",
      "date": "2021-11-10",
      "size": 367,
      "annotations": {
        "subject": "프로그램 문의",
        "speaker_type": "1:1",
        "size": 367,
        "word_size": 100,
        "text": "A. 반갑습니다 꿈을 향한 도전 #@소속# 입니다\nB. 네 안녕하세요 저 수업방식 문의 좀 드릴게요\nA. 네 수업방식에 어떤 점 궁금하신가요\nB. 지금 거리두기 단계 때문에 현강 참석 제한 있는거 맞나요\nA. 네 맞습니다 주 3회중 1회만 현강 수업 참석 가능하세요\nB. #@이름# 교수님 수업도 똑같이 적용되는건가요\nA. 아 #@이름# 교수님 수업은 현재 매일 출석 가능합니다\nB. 아 웬만하면 현강만 듣고싶은데 바뀔 가능성 있을까요\nA. 아직 확정된게 없지만 정부 지침에 따라 달라질 수는 있어요\nB. 만약에 바뀐다면 확인은 어떻게 하나요\nA. 참석 횟수 변경시 홈페이지에 미리 공지가 됩니다\nB. 네 알겠습니다 정보 감사드립니다\nA. 네 좋은 하루 되시고 코로나 조심하세요",
        "lines": [
          {
            "id": 1,
            "text": "A. 반갑습니다 꿈을 향한 도전 #@소속# 입니다",
            "norm_text": "A. 반갑습니다 꿈을 향한 도전 #@소속# 입니다",
            "speaker": {
              "id": "A",
              "sex": "여성",
              "age": "1그룹(10대~20대)"
            },
            "speechAct": "인사하기",
            "morpheme": "A/SL+반갑/VA+습니다/EF+꿈/NNG+을/JKO+향한/VV+ETM+도전/NNG+#/SY+@/SY+소속/NNG+#/SY+입니다/VCP+EC"
          },
          {
            "id": 2,
            "text": "B. 네 안녕하세요 저 수업방식 문의 좀 드릴게요",
            "norm_text": "B. 네 안녕하세요 저 수업방식 문의 좀 드릴게요",
            "speaker": {
              "id": "B",
              "sex": "남성",
              "age": "1그룹(10대~20대)"
            },
            "speechAct": "약속하기(개인적 수준의 서약)",
            "morpheme": "B/SL+네/IC+안녕/NNG+하/XSV+세요/EP+EF+저/MM+수업/NNG+방식/NNG+문/NNG+의/JKG+좀/MAG+드릴게요/VV+EC"
          },
          {
            "id": 3,
            "text": "A. 네 수업방식에 어떤 점 궁금하신가요",
            "norm_text": "A. 네 수업방식에 어떤 점 궁금하신가요",
            "speaker": {
              "id": "A",
              "sex": "여성",
              "age": "1그룹(10대~20대)"
            },
            "speechAct": "질문하기",
            "morpheme": "A/SL+네/IC+수업/NNG+방식/NNG+에/JKB+어떤/MM+점/NNB+궁금/XR+하/XSA+신가요/EP+EC"
          },
          {
            "id": 4,
            "text": "B. 지금 거리두기 단계 때문에 현강 참석 제한 있는거 맞나요",
            "norm_text": "B. 지금 거리두기 단계 때문에 현강 참석 제한 있는거 맞나요",
            "speaker": {
              "id": "B",
              "sex": "남성",
              "age": "1그룹(10대~20대)"
            },
            "speechAct": "질문하기",
            "morpheme": "B/SL+지금/MAG+거리/NNG+두기/NNG+단계/NNG+때문/NNB+에/JKB+현/MM+강/NNG+참석/NNG+제한/NNG+있/VA+는/ETM+거/NNB+맞/VV+나요/EC"
          },
          {
            "id": 5,
            "text": "A. 네 맞습니다 주 3회중 1회만 현강 수업 참석 가능하세요",
            "norm_text": "A. 네 맞습니다 주 3회중 1회만 현강 수업 참석 가능하세요",
            "speaker": {
              "id": "A",
              "sex": "여성",
              "age": "1그룹(10대~20대)"
            },
            "speechAct": "진술하기",
            "morpheme": "A/SL+네/IC+맞/VV+습니다/EC+주/VX+3/SN+회중/NNG+1/SN+회/NNBC+만/JX+현/MM+강/NNG+수업/NNG+참석/NNG+가능/NNG+하/XSV+세요/EP+EF"
          },
          {
            "id": 6,
            "text": "B. #@이름# 교수님 수업도 똑같이 적용되는건가요",
            "norm_text": "B. #@이름# 교수님 수업도 똑같이 적용되는건가요",
            "speaker": {
              "id": "B",
              "sex": "남성",
              "age": "1그룹(10대~20대)"
            },
            "speechAct": "질문하기",
            "morpheme": "B/SL+./SY+#/SY+@/SY+이름/NNG+#/SY+교수/NNG+님/XSN+수업/NNG+도/JX+똑같이/MAG+적용/NNG+되/XSV+는/ETM+건가요/NNB+VCP+EC"
          },
          {
            "id": 7,
            "text": "A. 아 #@이름# 교수님 수업은 현재 매일 출석 가능합니다",
            "norm_text": "A. 아 #@이름# 교수님 수업은 현재 매일 출석 가능합니다",
            "speaker": {
              "id": "A",
              "sex": "여성",
              "age": "1그룹(10대~20대)"
            },
            "speechAct": "진술하기",
            "morpheme": "A/SL+아/IC+#/SY+@/SY+이름/NNG+#/SY+교수/NNG+님/XSN+수업/NNG+은/JX+현재/MAG+매일/MAG+출석/NNG+가능/NNG+합니다/XSV+EC"
          },
          {
            "id": 8,
            "text": "B. 아 웬만하면 현강만 듣고싶은데 바뀔 가능성 있을까요",
            "norm_text": "B. 아 웬만하면 현강만 듣고싶은데 바뀔 가능성 있을까요",
            "speaker": {
              "id": "B",
              "sex": "남성",
              "age": "1그룹(10대~20대)"
            },
            "speechAct": "질문하기",
            "morpheme": "B/SL+아/IC+웬만/XR+하/XSA+면/EC+현/MM+강/NNG+만/JX+듣/VV+고/EC+싶/VX+은데/EC+바뀔/VV+ETM+가능/NNG+성/XSN+있/VV+을까요/EC"
          },
          {
            "id": 9,
            "text": "A. 아직 확정된게 없지만 정부 지침에 따라 달라질 수는 있어요",
            "norm_text": "A. 아직 확정된게 없지만 정부 지침에 따라 달라질 수는 있어요",
            "speaker": {
              "id": "A",
              "sex": "여성",
              "age": "1그룹(10대~20대)"
            },
            "speechAct": "진술하기",
            "morpheme": "A/SL+아직/MAG+확정/NNG+된/XSV+ETM+게/NNB+JKS+없/VA+지만/EC+정부/NNG+지침/NNG+에/JKB+따라/VV+EC+달라질/VV+ETM+수/NNB+는/JX+있/VX+어요/EF"
          },
          {
            "id": 10,
            "text": "B. 만약에 바뀐다면 확인은 어떻게 하나요",
            "norm_text": "B. 만약에 바뀐다면 확인은 어떻게 하나요",
            "speaker": {
              "id": "B",
              "sex": "남성",
              "age": "1그룹(10대~20대)"
            },
            "speechAct": "질문하기",
            "morpheme": "B/SL+./SY+만약/NNG+에/JKB+바뀐다면/VV+EC+확인/NNG+은/JX+어떻게/MAG+하나/NR+요/VCP+EC"
          },
          {
            "id": 11,
            "text": "A. 참석 횟수 변경시 홈페이지에 미리 공지가 됩니다",
            "norm_text": "A. 참석 횟수 변경시 홈페이지에 미리 공지가 됩니다",
            "speaker": {
              "id": "A",
              "sex": "여성",
              "age": "1그룹(10대~20대)"
            },
            "speechAct": "진술하기",
            "morpheme": "A/SL+./SY+참석/NNG+횟수/NNG+변경/NNG+시/NNB+홈페이지/NNG+에/JKB+미리/MAG+공지/NNG+가/JKS+됩니다/VV+EF"
          },
          {
            "id": 12,
            "text": "B. 네 알겠습니다 정보 감사드립니다",
            "norm_text": "B. 네 알겠습니다 정보 감사드립니다",
            "speaker": {
              "id": "B",
              "sex": "남성",
              "age": "1그룹(10대~20대)"
            },
            "speechAct": "감사하기",
            "morpheme": "B/SL+네/IC+알/VV+겠/EP+습니다/EF+정보/NNG+감사/NNG+드립니다/VV+EC"
          },
          {
            "id": 13,
            "text": "A. 네 좋은 하루 되시고 코로나 조심하세요",
            "norm_text": "A. 네 좋은 하루 되시고 코로나 조심하세요",
            "speaker": {
              "id": "A",
              "sex": "여성",
              "age": "1그룹(10대~20대)"
            },
            "speechAct": "인사하기",
            "morpheme": "A/SL+네/IC+좋/VA+은/ETM+하루/NNG+되/XSV+시/EP+고/EC+코로나/NNG+조심/NNG+하/XSV+세요/EP+EF"
          }
        ]
      }
    }
  ]
}