{
  "dataset": {
    "identifier": 139837,
    "name": "e1_20211115_0006_0346_01",
    "src_path": "/data/file/cubeManager/PROJECT018/91/txt20211110140004038138/e1_20211115_0006_0346_01/",
    "label_path": "/data/file/cubeManager/PROJECT018/91/txt20211110140004038138/e1_20211115_0006_0346_01/",
    "category": 2,
    "type": 0
  },
  "licenses": {
    "name": "Apache License 1.0",
    "url": "http://www.apache.org/licenses/LICENSE-1.0"
  },
  "info": [
    {
      "id": 157822,
      "filename": "e1_0066_0174_02.txt",
      "title": "e1_0066_0174_02",
      "mediatype": "콜센터",
      "medianame": "콜센터",
      "category": "목적대화",
      "date": "2021-11-10",
      "size": 312,
      "annotations": {
        "subject": "프로그램 문의",
        "speaker_type": "1:1",
        "size": 312,
        "word_size": 66,
        "text": "A.반갑습니다 #@소속# 상담원 #@이름#입니다\nB.아 네 안녕하세요 제가 휴대폰으로 #@소속#를 사용하는데요\nB.첨삭게시판에 있는 mp3파일 다운이 안되네요 어떡하죠\nA.죄송하지만 모든 게시판과 시스템이 PC전용으로 운영되고 있어서요\nB.아 그럼 휴대폰으로는 다운이 안된다는 거죠\nA.네 PC에서 다운 받으시는걸 권해드리고 싶습니다\nB.mp3파일 다운 말고 다른것도 핸드폰에서 안되는거 있나요\nA.교재보는 것도 현재 휴대폰에선 지원이 되지 않습니다\nB.아 그럼 다운이랑 교재 보는건 PC로 해야겠네요 감사합니다\nA.네 빗길 조심하시고 좋은 하루 되세요 #@이름# 이었습니다",
        "lines": [
          {
            "id": 1,
            "text": "A.반갑습니다 #@소속# 상담원 #@이름#입니다",
            "norm_text": "A.반갑습니다 #@소속# 상담원 #@이름#입니다",
            "speaker": {
              "id": "A",
              "sex": "여성",
              "age": "1그룹(10대~20대)"
            },
            "speechAct": "인사하기",
            "morpheme": "A/SL+반갑/VA+습니다/EF+#/SY+@/SY+소속/NNG+#/SY+상담원/NNG+#/SY+@/SY+이름/NNG+#/SY+입니다/VCP+EC"
          },
          {
            "id": 2,
            "text": "B.아 네 안녕하세요 제가 휴대폰으로 #@소속#를 사용하는데요",
            "norm_text": "B.아 네 안녕하세요 제가 휴대폰으로 #@소속#를 사용하는데요",
            "speaker": {
              "id": "B",
              "sex": "남성",
              "age": "1그룹(10대~20대)"
            },
            "speechAct": "진술하기",
            "morpheme": "B/SL+아/IC+네/IC+안녕/NNG+하/XSV+세요/EP+EF+제/NP+가/JKS+휴대폰/NNG+으로/JKB+#/SY+@/SY+소속/NNG+#/SY+를/JKO+사용/NNG+하/XSV+는데요/EC"
          },
          {
            "id": 3,
            "text": "B.첨삭게시판에 있는 mp3파일 다운이 안되네요 어떡하죠",
            "norm_text": "B.첨삭게시판에 있는 mp3파일 다운이 안되네요 어떡하죠",
            "speaker": {
              "id": "B",
              "sex": "남성",
              "age": "1그룹(10대~20대)"
            },
            "speechAct": "질문하기",
            "morpheme": "B/SL+./SY+첨삭/NNG+게시판/NNG+에/JKB+있/VV+는/ETM+mp/SL+3/SN+파일/NNG+다운/NNG+이/JKS+안/MAG+되/VV+네요/EF+어떡/XR+하/XSA+죠/EF"
          },
          {
            "id": 4,
            "text": "A.죄송하지만 모든 게시판과 시스템이 PC전용으로 운영되고 있어서요",
            "norm_text": "A.죄송하지만 모든 게시판과 시스템이 PC전용으로 운영되고 있어서요",
            "speaker": {
              "id": "A",
              "sex": "여성",
              "age": "1그룹(10대~20대)"
            },
            "speechAct": "진술하기",
            "morpheme": "A/SL+죄송/XR+하/XSA+지만/EC+모든/MM+게시판/NNG+과/JC+시스템/NNG+이/JKS+PC/SL+전용/NNG+으로/JKB+운영/NNG+되/XSV+고/EC+있/VX+어서요/EC"
          },
          {
            "id": 5,
            "text": "B.아 그럼 휴대폰으로는 다운이 안된다는 거죠",
            "norm_text": "B.아 그럼 휴대폰으로는 다운이 안된다는 거죠",
            "speaker": {
              "id": "B",
              "sex": "남성",
              "age": "1그룹(10대~20대)"
            },
            "speechAct": "질문하기",
            "morpheme": "B/SL+아/IC+그럼/MAJ+휴대폰/NNG+으로/JKB+는/JX+다운/NNG+이/JKS+안/MAG+된다는/VV+ETM+거/NNB+죠/VCP+EC"
          },
          {
            "id": 6,
            "text": "A.네 PC에서 다운 받으시는걸 권해드리고 싶습니다",
            "norm_text": "A.네 PC에서 다운 받으시는걸 권해드리고 싶습니다",
            "speaker": {
              "id": "A",
              "sex": "여성",
              "age": "1그룹(10대~20대)"
            },
            "speechAct": "진술하기",
            "morpheme": "A/SL+네/IC+PC/SL+에서/JKB+다운/NNG+받/VV+으시/EP+는/ETM+걸/NNB+JKO+권해/VV+EC+드리/VX+고/EC+싶/VX+습니다/EF"
          },
          {
            "id": 7,
            "text": "B.mp3파일 다운 말고 다른것도 핸드폰에서 안되는거 있나요",
            "norm_text": "B.mp3파일 다운 말고 다른것도 핸드폰에서 안되는거 있나요",
            "speaker": {
              "id": "B",
              "sex": "남성",
              "age": "1그룹(10대~20대)"
            },
            "speechAct": "질문하기",
            "morpheme": "B/SL+./SY+mp/SL+3/SN+파일/NNG+다운/XSA+ETM+말/VX+고/EC+다른/MM+것/NNB+도/JX+핸드폰/NNG+에서/JKB+안/MAG+되/VV+는/ETM+거/NNB+있/VA+나요/EC"
          },
          {
            "id": 8,
            "text": "A.교재보는 것도 현재 휴대폰에선 지원이 되지 않습니다",
            "norm_text": "A.교재보는 것도 현재 휴대폰에선 지원이 되지 않습니다",
            "speaker": {
              "id": "A",
              "sex": "여성",
              "age": "1그룹(10대~20대)"
            },
            "speechAct": "진술하기",
            "morpheme": "A/SL+./SY+교재/NNG+보/VV+는/ETM+것/NNB+도/JX+현재/MAG+휴대폰/NNG+에/JKB+선지원/NNG+이/JKS+되/VV+지/EC+않/VX+습니다/EF"
          },
          {
            "id": 9,
            "text": "B.아 그럼 다운이랑 교재 보는건 PC로 해야겠네요 감사합니다",
            "norm_text": "B.아 그럼 다운이랑 교재 보는건 PC로 해야겠네요 감사합니다",
            "speaker": {
              "id": "B",
              "sex": "남성",
              "age": "1그룹(10대~20대)"
            },
            "speechAct": "감사하기",
            "morpheme": "B/SL+아/IC+그럼/MAJ+다운/NNG+이랑/JKB+교재/NNG+보/VV+는/ETM+건/NNB+JX+PC/SL+로/JKB+해야/VV+EC+VX+겠/EP+네요/EF+감사/NNG+합니다/XSV+EC"
          },
          {
            "id": 10,
            "text": "A.네 빗길 조심하시고 좋은 하루 되세요 #@이름# 이었습니다",
            "norm_text": "A.네 빗길 조심하시고 좋은 하루 되세요 #@이름# 이었습니다",
            "speaker": {
              "id": "A",
              "sex": "여성",
              "age": "1그룹(10대~20대)"
            },
            "speechAct": "인사하기",
            "morpheme": "A/SL+네/IC+빗길/NNG+조심/NNG+하/XSV+시/EP+고/EC+좋/VA+은/ETM+하루/NNG+되/XSV+세요/EP+EF+#/SY+@/SY+이름/NNG+#/SY+이/VCP+었/EP+습니다/EF"
          }
        ]
      }
    }
  ]
}