{
  "dataset": {
    "identifier": 140243,
    "name": "e1_20211115_0006_0468_01",
    "src_path": "/data/file/cubeManager/PROJECT018/91/txt20211110140005026811/e1_20211115_0006_0468_01/",
    "label_path": "/data/file/cubeManager/PROJECT018/91/txt20211110140005026811/e1_20211115_0006_0468_01/",
    "category": 2,
    "type": 0
  },
  "licenses": {
    "name": "Apache License 1.0",
    "url": "http://www.apache.org/licenses/LICENSE-1.0"
  },
  "info": [
    {
      "id": 157942,
      "filename": "e1_0067_0083_02.txt",
      "title": "e1_0067_0083_02",
      "mediatype": "콜센터",
      "medianame": "콜센터",
      "category": "목적대화",
      "date": "2021-11-10",
      "size": 317,
      "annotations": {
        "subject": "프로그램 문의",
        "speaker_type": "1:1",
        "size": 317,
        "word_size": 81,
        "text": "A. 반갑습니다 20만이 증명한 #@소속# 입니다\nB. 네 저 다음달 수강 하고싶은데 질문 좀요\nA. 안녕하세요 어떤 부분이 궁금하신가요\nB. 혹시 다음달에 들어가도 기초수업 가능한가요\nA. 네 기초 강좌 마지막 기회라고 보시면 되는데요\nA. 다음달이 지나면 심화 실전과정으로 넘어가거든요\nB. 쫓아가기도 바쁜데 놓치는게 생길까봐 걱정이네요\nA. 지난 과정은 복습동영상과 제공 자료로 학습 가능하세요\nB. 우선은 좀 더 고민하고 등록할게요\nA. 네 심화 과정으로 넘어가기 전에 빠른 등록 추천드려요\nB. 알겠습니다 참고해서 빨리 결정할게요\nA. 다른 문의 생기시면 또 언제든 연락 주세요",
        "lines": [
          {
            "id": 1,
            "text": "A. 반갑습니다 20만이 증명한 #@소속# 입니다",
            "norm_text": "A. 반갑습니다 20만이 증명한 #@소속# 입니다",
            "speaker": {
              "id": "A",
              "sex": "여성",
              "age": "1그룹(10대~20대)"
            },
            "speechAct": "인사하기",
            "morpheme": "A/SL+반갑/VA+습니다/EF+20/SN+만/NR+이/NR+증명/NNG+한/XSA+ETM+#/SY+@/SY+소속/NNG+#/SY+입니다/VCP+EC"
          },
          {
            "id": 2,
            "text": "B. 네 저 다음달 수강 하고싶은데 질문 좀요",
            "norm_text": "B. 네 저 다음달 수강 하고싶은데 질문 좀요",
            "speaker": {
              "id": "B",
              "sex": "남성",
              "age": "1그룹(10대~20대)"
            },
            "speechAct": "진술하기",
            "morpheme": "B/SL+네/IC+저/MM+다음/NNG+달/NNG+수강/NNG+하/XSV+고/EC+싶/VX+은데/EC+질문/NNG+좀/MAG+요/JX"
          },
          {
            "id": 3,
            "text": "A. 안녕하세요 어떤 부분이 궁금하신가요",
            "norm_text": "A. 안녕하세요 어떤 부분이 궁금하신가요",
            "speaker": {
              "id": "A",
              "sex": "여성",
              "age": "1그룹(10대~20대)"
            },
            "speechAct": "질문하기",
            "morpheme": "A/SL+./SY+안녕/NNG+하/XSV+세요/EP+EF+어떤/MM+부분/NNG+이/JKS+궁금/XR+하/XSA+신가요/EP+EC"
          },
          {
            "id": 4,
            "text": "B. 혹시 다음달에 들어가도 기초수업 가능한가요",
            "norm_text": "B. 혹시 다음달에 들어가도 기초수업 가능한가요",
            "speaker": {
              "id": "B",
              "sex": "남성",
              "age": "1그룹(10대~20대)"
            },
            "speechAct": "질문하기",
            "morpheme": "B/SL+혹시/MAG+다음/NNG+달/NNG+에/JKB+들어가/VV+EC+도/JX+기초/NNG+수업/NNG+가능/NNG+한/XSA+ETM+가요/NNG"
          },
          {
            "id": 5,
            "text": "A. 네 기초 강좌 마지막 기회라고 보시면 되는데요",
            "norm_text": "A. 네 기초 강좌 마지막 기회라고 보시면 되는데요",
            "speaker": {
              "id": "A",
              "sex": "여성",
              "age": "1그룹(10대~20대)"
            },
            "speechAct": "진술하기",
            "morpheme": "A/SL+네/IC+기초/NNG+강좌/NNG+마지막/NNG+기회/NNG+라고/VCP+EC+보/VX+시/EP+면/EC+되/VV+는데요/EC"
          },
          {
            "id": 6,
            "text": "A. 다음달이 지나면 심화 실전과정으로 넘어가거든요",
            "norm_text": "A. 다음달이 지나면 심화 실전과정으로 넘어가거든요",
            "speaker": {
              "id": "A",
              "sex": "여성",
              "age": "1그룹(10대~20대)"
            },
            "speechAct": "질문하기",
            "morpheme": "A/SL+./SY+다음/NNG+달/NNG+이/JKS+지나/VV+면/EC+심화/NNG+실전/NNG+과정/NNG+으로/JKB+넘어가/VV+거든요/EF"
          },
          {
            "id": 7,
            "text": "B. 쫓아가기도 바쁜데 놓치는게 생길까봐 걱정이네요",
            "norm_text": "B. 쫓아가기도 바쁜데 놓치는게 생길까봐 걱정이네요",
            "speaker": {
              "id": "B",
              "sex": "남성",
              "age": "1그룹(10대~20대)"
            },
            "speechAct": "진술하기",
            "morpheme": "B/SL+쫓아가/VV+기/ETN+도/JX+바쁜데/VA+EC+놓치/VV+는/ETM+게/NNB+JKS+생길까봐/VV+EC+VX+EC+걱정/NNG+이/VCP+네요/EC"
          },
          {
            "id": 8,
            "text": "A. 지난 과정은 복습동영상과 제공 자료로 학습 가능하세요",
            "norm_text": "A. 지난 과정은 복습동영상과 제공 자료로 학습 가능하세요",
            "speaker": {
              "id": "A",
              "sex": "여성",
              "age": "1그룹(10대~20대)"
            },
            "speechAct": "진술하기",
            "morpheme": "A/SL+지난/VV+ETM+과정/NNG+은/JX+복습/NNG+동영상/NNG+과/JC+제공/NNG+자료/NNG+로/JKB+학습/NNG+가능/NNG+하/XSV+세요/EP+EF"
          },
          {
            "id": 9,
            "text": "B. 우선은 좀 더 고민하고 등록할게요",
            "norm_text": "B. 우선은 좀 더 고민하고 등록할게요",
            "speaker": {
              "id": "B",
              "sex": "남성",
              "age": "1그룹(10대~20대)"
            },
            "speechAct": "진술하기",
            "morpheme": "B/SL+우선/MAG+은/JX+좀/MAG+더/MAG+고민/NNG+하/XSV+고/EC+등록/NNG+할게요/XSV+EC"
          },
          {
            "id": 10,
            "text": "A. 네 심화 과정으로 넘어가기 전에 빠른 등록 추천드려요",
            "norm_text": "A. 네 심화 과정으로 넘어가기 전에 빠른 등록 추천드려요",
            "speaker": {
              "id": "A",
              "sex": "여성",
              "age": "1그룹(10대~20대)"
            },
            "speechAct": "진술하기",
            "morpheme": "A/SL+네/IC+심화/NNG+과정/NNG+으로/JKB+넘어가/VV+기/ETN+전/NNG+에/JKB+빠른/VA+ETM+등록/NNG+추천/NNG+드려요/VV+EC"
          },
          {
            "id": 11,
            "text": "B. 알겠습니다 참고해서 빨리 결정할게요",
            "norm_text": "B. 알겠습니다 참고해서 빨리 결정할게요",
            "speaker": {
              "id": "B",
              "sex": "남성",
              "age": "1그룹(10대~20대)"
            },
            "speechAct": "진술하기",
            "morpheme": "B/SL+알/VV+겠/EP+습니다/EF+참고/NNG+해서/XSV+EC+빨리/MAG+결정/NNG+할게요/XSV+EC"
          },
          {
            "id": 12,
            "text": "A. 다른 문의 생기시면 또 언제든 연락 주세요",
            "norm_text": "A. 다른 문의 생기시면 또 언제든 연락 주세요",
            "speaker": {
              "id": "A",
              "sex": "여성",
              "age": "1그룹(10대~20대)"
            },
            "speechAct": "명령하기/요구하기",
            "morpheme": "A/SL+다른/MM+문/NNG+의/JKG+생기/VV+시/EP+면/EC+또/MAG+언제/NP+든/VCP+EC+연락/NNG+주세요/NNP"
          }
        ]
      }
    }
  ]
}