{
  "dataset": {
    "identifier": 139710,
    "name": "e1_20211115_0006_0259_01",
    "src_path": "/data/file/cubeManager/PROJECT018/91/txt20211110140003022953/e1_20211115_0006_0259_01/",
    "label_path": "/data/file/cubeManager/PROJECT018/91/txt20211110140003022953/e1_20211115_0006_0259_01/",
    "category": 2,
    "type": 0
  },
  "licenses": {
    "name": "Apache License 1.0",
    "url": "http://www.apache.org/licenses/LICENSE-1.0"
  },
  "info": [
    {
      "id": 157720,
      "filename": "e1_0066_0072_02.txt",
      "title": "e1_0066_0072_02",
      "mediatype": "콜센터",
      "medianame": "콜센터",
      "category": "목적대화",
      "date": "2021-11-10",
      "size": 316,
      "annotations": {
        "subject": "프로그램 문의",
        "speaker_type": "1:1",
        "size": 316,
        "word_size": 78,
        "text": "A. 좋은 아침입니다 #@소속# #@이름# 상담사입니다\nB. 제가 사회복지학 학사과정 진행 중인데 보육학개론을 이수했거든요\nB. 타 학위과정에서 이수한 보육학개론이 인정되나요\nA. 아뇨 학위 취득 후 새롭게 이수한 학점에 대해서만 인정됩니다\nB. 아 그렇구나 그럼 제가 이수한건 인정 안된다는거죠\nA. 네 학위 취득 후 새롭게 이수한게 아니라 인정이 안됩니다\nB. 타전공 학위수여 요건에 필요한 교과목은 미리 이수해도 안된다는 거죠\nA. 네 타전공 학위과정에서 인정되지 않다는 점 유의해주세요\nB. 아 네 알겠습니다 감사해요\nA. 하루 마무리 잘하시길 바랍니다 #@이름# 이었습니다",
        "lines": [
          {
            "id": 1,
            "text": "A. 좋은 아침입니다 #@소속# #@이름# 상담사입니다",
            "norm_text": "A. 좋은 아침입니다 #@소속# #@이름# 상담사입니다",
            "speaker": {
              "id": "A",
              "sex": "여성",
              "age": "1그룹(10대~20대)"
            },
            "speechAct": "인사하기",
            "morpheme": "A/SL+좋/VA+은/ETM+아침/NNG+입니다/VCP+EF+#/SY+@/SY+소속/NNG+#/SY+#/SY+@/SY+이름/NNG+#/SY+상담/NNG+사/NNG+입니다/VCP+EC"
          },
          {
            "id": 2,
            "text": "B. 제가 사회복지학 학사과정 진행 중인데 보육학개론을 이수했거든요",
            "norm_text": "B. 제가 사회복지학 학사과정 진행 중인데 보육학개론을 이수했거든요",
            "speaker": {
              "id": "B",
              "sex": "남성",
              "age": "1그룹(10대~20대)"
            },
            "speechAct": "진술하기",
            "morpheme": "B/SL+제/NP+가/JKS+사회/NNG+복지/NNG+학학/MAG+사/VV+EC+과정/NNG+진행/NNG+중/NNB+인데/VCP+EC+보육/NNG+학개/NNG+론/XSN+을/JKO+이수/NNG+했/XSV+EP+거든요/EF"
          },
          {
            "id": 3,
            "text": "B. 타 학위과정에서 이수한 보육학개론이 인정되나요",
            "norm_text": "B. 타 학위과정에서 이수한 보육학개론이 인정되나요",
            "speaker": {
              "id": "B",
              "sex": "남성",
              "age": "1그룹(10대~20대)"
            },
            "speechAct": "질문하기",
            "morpheme": "B/SL+타/MM+학위/NNG+과정/NNG+에서/JKB+이수한/NNP+보육/NNG+학개/NNG+론/XSN+이/JKS+인정/NNG+되/XSV+나요/EC"
          },
          {
            "id": 4,
            "text": "A. 아뇨 학위 취득 후 새롭게 이수한 학점에 대해서만 인정됩니다",
            "norm_text": "A. 아뇨 학위 취득 후 새롭게 이수한 학점에 대해서만 인정됩니다",
            "speaker": {
              "id": "A",
              "sex": "여성",
              "age": "1그룹(10대~20대)"
            },
            "speechAct": "진술하기",
            "morpheme": "A/SL+아뇨/IC+학위/NNG+취득/NNG+후/NNG+새롭/VA+게/EC+이수한/NNP+학점/NNG+에/JKB+대해서/VV+EC+만/JX+인정/NNG+됩니다/XSV+EC"
          },
          {
            "id": 5,
            "text": "B. 아 그렇구나 그럼 제가 이수한건 인정 안된다는거죠",
            "norm_text": "B. 아 그렇구나 그럼 제가 이수한건 인정 안된다는거죠",
            "speaker": {
              "id": "B",
              "sex": "남성",
              "age": "1그룹(10대~20대)"
            },
            "speechAct": "질문하기",
            "morpheme": "B/SL+아/IC+그렇/VA+구나/EF+그럼/MAJ+제/NP+가/JKS+이수/NNG+한/XSA+ETM+건/NNB+JX+인정/NNG+안/MAG+된다는/VV+ETM+거/NNB+죠/VCP+EC"
          },
          {
            "id": 6,
            "text": "A. 네 학위 취득 후 새롭게 이수한게 아니라 인정이 안됩니다",
            "norm_text": "A. 네 학위 취득 후 새롭게 이수한게 아니라 인정이 안됩니다",
            "speaker": {
              "id": "A",
              "sex": "여성",
              "age": "1그룹(10대~20대)"
            },
            "speechAct": "진술하기",
            "morpheme": "A/SL+네/IC+학위/NNG+취득/NNG+후/NNG+새롭/VA+게/EC+이수/NNG+한/XSA+ETM+게/NNB+JKC+아니/VCN+라/EC+인정/NNG+이/JKS+안/MAG+됩니다/VV+EF"
          },
          {
            "id": 7,
            "text": "B. 타전공 학위수여 요건에 필요한 교과목은 미리 이수해도 안된다는 거죠",
            "norm_text": "B. 타전공 학위수여 요건에 필요한 교과목은 미리 이수해도 안된다는 거죠",
            "speaker": {
              "id": "B",
              "sex": "남성",
              "age": "1그룹(10대~20대)"
            },
            "speechAct": "질문하기",
            "morpheme": "B/SL+타/MM+전공/NNG+학위/NNG+수여/NNG+요건/NNG+에/JKB+필요/NNG+한/XSA+ETM+교과목/NNG+은/JX+미리/MAG+이수해/NNP+도/JX+안/MAG+된다는/VV+ETM+거/NNB+죠/VCP+EC"
          },
          {
            "id": 8,
            "text": "A. 네 타전공 학위과정에서 인정되지 않다는 점 유의해주세요",
            "norm_text": "A. 네 타전공 학위과정에서 인정되지 않다는 점 유의해주세요",
            "speaker": {
              "id": "A",
              "sex": "여성",
              "age": "1그룹(10대~20대)"
            },
            "speechAct": "진술하기",
            "morpheme": "A/SL+네/IC+타/MM+전공/NNG+학위/NNG+과정/NNG+에서/JKB+인정/NNG+되/XSV+지/EC+않/VX+다는/ETM+점유/NNG+의/JKG+해/VV+EC+주/VX+세요/EP+EF"
          },
          {
            "id": 9,
            "text": "B. 아 네 알겠습니다 감사해요",
            "norm_text": "B. 아 네 알겠습니다 감사해요",
            "speaker": {
              "id": "B",
              "sex": "남성",
              "age": "1그룹(10대~20대)"
            },
            "speechAct": "감사하기",
            "morpheme": "B/SL+아/IC+네/IC+알/VV+겠/EP+습니다/EF+감사/NNG+해요/XSV+EC"
          },
          {
            "id": 10,
            "text": "A. 하루 마무리 잘하시길 바랍니다 #@이름# 이었습니다",
            "norm_text": "A. 하루 마무리 잘하시길 바랍니다 #@이름# 이었습니다",
            "speaker": {
              "id": "A",
              "sex": "여성",
              "age": "1그룹(10대~20대)"
            },
            "speechAct": "인사하기",
            "morpheme": "A/SL+./SY+하루/NNG+마무리/NNG+잘/MAG+하/VV+시/EP+길/ETN+JKO+바랍니다/VV+EF+#/SY+@/SY+이름/NNG+#/SY+이/VCP+었/EP+습니다/EF"
          }
        ]
      }
    }
  ]
}