{
  "dataset": {
    "identifier": 140979,
    "name": "e1_20211115_0006_0637_01",
    "src_path": "/data/file/cubeManager/PROJECT018/91/txt20211110140009027088/e1_20211115_0006_0637_01/",
    "label_path": "/data/file/cubeManager/PROJECT018/91/txt20211110140009027088/e1_20211115_0006_0637_01/",
    "category": 2,
    "type": 0
  },
  "licenses": {
    "name": "Apache License 1.0",
    "url": "http://www.apache.org/licenses/LICENSE-1.0"
  },
  "info": [
    {
      "id": 158416,
      "filename": "e1_0069_0059_02.txt",
      "title": "e1_0069_0059_02",
      "mediatype": "콜센터",
      "medianame": "콜센터",
      "category": "목적대화",
      "date": "2021-11-10",
      "size": 389,
      "annotations": {
        "subject": "프로그램 문의",
        "speaker_type": "1:1",
        "size": 389,
        "word_size": 87,
        "text": "A.무엇이든 도와드리겠습니다 #@소속# 상담원 #@이름#입니다\nB.네 안녕하세요 저희 아이가 #@소속# 초등학생 회원인데요\nB.독서능력 진단평가가 뭔지 궁금해서 연락드렸어요\nA.네 말씀 주신 독서능력 진단평가는 저희 초등학생 회원을 위한 검사고요\nA.모든 회원님께 무료로 제공이 됩니다\nB.그러면은 어떤 항목에서 평가가 되는 거예요\nA.네 어휘력 사고력 추론력 비판력 영역별로 평가가 이루어지고요\nA.세세히 분석한 후에 그에 따른 학습법을 제시 드립니다\nB.음 학습법을 알려주시면 자기주도 학습에 도움이 되겠네요\nA.예 온라인 학습 집중도도 높이실 수 있으세요\nB.네 자세하고 친절하게 설명해 주셔서 감사합니다\nA.네 혹시 더 궁금한 게 있으신가요\nB.아니요 이제 없어요\nA.코로나 조심하세요 상담사 #@이름#이었습니다",
        "lines": [
          {
            "id": 1,
            "text": "A.무엇이든 도와드리겠습니다 #@소속# 상담원 #@이름#입니다",
            "norm_text": "A.무엇이든 도와드리겠습니다 #@소속# 상담원 #@이름#입니다",
            "speaker": {
              "id": "A",
              "sex": "여성",
              "age": "2그룹(30대~40대)"
            },
            "speechAct": "인사하기",
            "morpheme": "A/SL+무엇/NP+이/VCP+든/EC+도와/VV+EC+드리/VX+겠/EP+습니다/EF+#/SY+@/SY+소속/NNG+#/SY+상담원/NNG+#/SY+@/SY+이름/NNG+#/SY+입니다/VCP+EC"
          },
          {
            "id": 2,
            "text": "B.네 안녕하세요 저희 아이가 #@소속# 초등학생 회원인데요",
            "norm_text": "B.네 안녕하세요 저희 아이가 #@소속# 초등학생 회원인데요",
            "speaker": {
              "id": "B",
              "sex": "남성",
              "age": "2그룹(30대~40대)"
            },
            "speechAct": "진술하기",
            "morpheme": "B/SL+네/IC+안녕/NNG+하/XSV+세요/EP+EF+저희/NP+아이/NNG+가/JKS+#/SY+@/SY+소속/NNG+#/SY+초등학생/NNG+회원/NNG+인데요/VCP+EC"
          },
          {
            "id": 3,
            "text": "B.독서능력 진단평가가 뭔지 궁금해서 연락드렸어요",
            "norm_text": "B.독서능력 진단평가가 뭔지 궁금해서 연락드렸어요",
            "speaker": {
              "id": "B",
              "sex": "남성",
              "age": "2그룹(30대~40대)"
            },
            "speechAct": "진술하기",
            "morpheme": "B/SL+./SY+독서/NNG+능력/NNG+진단/NNG+평가/NNG+가/JKS+뭔지/NP+VCP+EC+궁금/XR+해서/XSA+EC+연락/NNG+드렸/VV+EP+어요/EF"
          },
          {
            "id": 4,
            "text": "A.네 말씀 주신 독서능력 진단평가는 저희 초등학생 회원을 위한 검사고요",
            "norm_text": "A.네 말씀 주신 독서능력 진단평가는 저희 초등학생 회원을 위한 검사고요",
            "speaker": {
              "id": "A",
              "sex": "여성",
              "age": "2그룹(30대~40대)"
            },
            "speechAct": "진술하기",
            "morpheme": "A/SL+네/IC+말씀/NNG+주/VV+신/EP+ETM+독서/NNG+능력/NNG+진단/NNG+평가/NNG+는/JX+저희/NP+초등학생/NNG+회원/NNG+을/JKO+위한/VV+ETM+검사/NNG+고요/NNG"
          },
          {
            "id": 5,
            "text": "A.모든 회원님께 무료로 제공이 됩니다",
            "norm_text": "A.모든 회원님께 무료로 제공이 됩니다",
            "speaker": {
              "id": "A",
              "sex": "여성",
              "age": "2그룹(30대~40대)"
            },
            "speechAct": "진술하기",
            "morpheme": "A/SL+모든/MM+회원/NNG+님/XSN+께/JKB+무료/NNG+로/JKB+제공/NNG+이/JKS+됩니다/VV+EF"
          },
          {
            "id": 6,
            "text": "B.그러면은 어떤 항목에서 평가가 되는 거예요",
            "norm_text": "B.그러면은 어떤 항목에서 평가가 되는 거예요",
            "speaker": {
              "id": "B",
              "sex": "남성",
              "age": "2그룹(30대~40대)"
            },
            "speechAct": "질문하기",
            "morpheme": "B/SL+그러면은/MAJ+어떤/MM+항목/NNG+에서/JKB+평가/NNG+가/JKS+되/VV+는/ETM+거/NNB+예요/VCP+EF"
          },
          {
            "id": 7,
            "text": "A.네 어휘력 사고력 추론력 비판력 영역별로 평가가 이루어지고요",
            "norm_text": "A.네 어휘력 사고력 추론력 비판력 영역별로 평가가 이루어지고요",
            "speaker": {
              "id": "A",
              "sex": "여성",
              "age": "2그룹(30대~40대)"
            },
            "speechAct": "진술하기",
            "morpheme": "A/SL+네/IC+어휘력/NNG+사고력/NNG+추론/NNG+력/XSN+비판력/NNG+영역/NNG+별/XSN+로/JKB+평가/NNG+가/JKS+이루/VV+어/EC+지/VX+고요/EC"
          },
          {
            "id": 8,
            "text": "A.세세히 분석한 후에 그에 따른 학습법을 제시 드립니다",
            "norm_text": "A.세세히 분석한 후에 그에 따른 학습법을 제시 드립니다",
            "speaker": {
              "id": "A",
              "sex": "여성",
              "age": "2그룹(30대~40대)"
            },
            "speechAct": "진술하기",
            "morpheme": "A/SL+세세히/MAG+분석/NNG+한/XSA+ETM+후/NNG+에/JKB+그/NP+에/JKB+따른/VV+ETM+학습/NNG+법/NNG+을/JKO+제시/NNG+드립니다/VV+EC"
          },
          {
            "id": 9,
            "text": "B.음 학습법을 알려주시면 자기주도 학습에 도움이 되겠네요",
            "norm_text": "B.음 학습법을 알려주시면 자기주도 학습에 도움이 되겠네요",
            "speaker": {
              "id": "B",
              "sex": "남성",
              "age": "2그룹(30대~40대)"
            },
            "speechAct": "진술하기",
            "morpheme": "B/SL+음/IC+학습/NNG+법/NNG+을/JKO+알려/VV+EC+주/VX+시/EP+면/EC+자기/NP+주도/NNG+학습/NNG+에/JKB+도움/NNG+이/JKS+되/VV+겠/EP+네요/EC"
          },
          {
            "id": 10,
            "text": "A.예 온라인 학습 집중도도 높이실 수 있으세요",
            "norm_text": "A.예 온라인 학습 집중도도 높이실 수 있으세요",
            "speaker": {
              "id": "A",
              "sex": "여성",
              "age": "2그룹(30대~40대)"
            },
            "speechAct": "진술하기",
            "morpheme": "A/SL+예/IC+온라인/NNG+학습/NNG+집/NNG+중도/NNG+도/JX+높이/VV+실/EP+ETM+수/NNB+있/VV+으세요/EC"
          },
          {
            "id": 11,
            "text": "B.네 자세하고 친절하게 설명해 주셔서 감사합니다",
            "norm_text": "B.네 자세하고 친절하게 설명해 주셔서 감사합니다",
            "speaker": {
              "id": "B",
              "sex": "남성",
              "age": "2그룹(30대~40대)"
            },
            "speechAct": "감사하기",
            "morpheme": "B/SL+네/IC+자세/XR+하/XSA+고/EC+친절/NNG+하/XSV+게/EC+설명/NNG+해/XSV+EC+주/VX+셔서/EP+EC+감사/NNG+합니다/XSV+EC"
          },
          {
            "id": 12,
            "text": "A.네 혹시 더 궁금한 게 있으신가요",
            "norm_text": "A.네 혹시 더 궁금한 게 있으신가요",
            "speaker": {
              "id": "A",
              "sex": "여성",
              "age": "2그룹(30대~40대)"
            },
            "speechAct": "질문하기",
            "morpheme": "A/SL+네/IC+혹시/MAG+더/MAG+궁금/XR+한/XSA+ETM+게/NNB+JKS+있/VA+으신/EP+ETM+가요/NNG"
          },
          {
            "id": 13,
            "text": "B.아니요 이제 없어요",
            "norm_text": "B.아니요 이제 없어요",
            "speaker": {
              "id": "B",
              "sex": "남성",
              "age": "2그룹(30대~40대)"
            },
            "speechAct": "진술하기",
            "morpheme": "B/SL+아니요/IC+이제/MAG+없/VA+어요/EF"
          },
          {
            "id": 14,
            "text": "A.코로나 조심하세요 상담사 #@이름#이었습니다",
            "norm_text": "A.코로나 조심하세요 상담사 #@이름#이었습니다",
            "speaker": {
              "id": "A",
              "sex": "여성",
              "age": "2그룹(30대~40대)"
            },
            "speechAct": "인사하기",
            "morpheme": "A/SL+./SY+코로나/NNG+조심/NNG+하/XSV+세요/EP+EF+상담/NNG+사/NNG+#/SY+@/SY+이름/NNG+#/SY+이/VCP+었/EP+습니다/EF"
          }
        ]
      }
    }
  ]
}