{
  "dataset": {
    "identifier": 140985,
    "name": "e1_20211115_0006_0645_01",
    "src_path": "/data/file/cubeManager/PROJECT018/91/txt20211110140010071185/e1_20211115_0006_0645_01/",
    "label_path": "/data/file/cubeManager/PROJECT018/91/txt20211110140010071185/e1_20211115_0006_0645_01/",
    "category": 2,
    "type": 0
  },
  "licenses": {
    "name": "Apache License 1.0",
    "url": "http://www.apache.org/licenses/LICENSE-1.0"
  },
  "info": [
    {
      "id": 158620,
      "filename": "e1_0070_0021_02.txt",
      "title": "e1_0070_0021_02",
      "mediatype": "콜센터",
      "medianame": "콜센터",
      "category": "목적대화",
      "date": "2021-11-10",
      "size": 350,
      "annotations": {
        "subject": "프로그램 문의",
        "speaker_type": "1:1",
        "size": 350,
        "word_size": 92,
        "text": "A. 감사합니다 #@소속# 고객센터 #@이름#입니다\nB. 예 핸드폰으로 강의를 듣고 있는데 동영상 기능 좀 여쭤보려고요\nA. 네 고객님 어떤 점이 궁금하신가요\nB. 음소거 하는 방법 좀 알려주세요\nA. 고객님 먼저 동영상을 재생해 주시겠어요\nB. 네 강의 하나 재생했어요\nA. 그러시면 왼쪽의 메뉴 중에 제일 첫 번째 메뉴를 클릭해 주세요\nB. 예 클릭했는데 소리 안 나오는 것 같아요\nA. 네 그 메뉴를 클릭하시면 음소거가 됩니다 고객님\nB. 아 되게 간단하네요 잘 몰라서 문의드렸어요 감사합니다\nA. 네 더 궁금하신 점은 없으실까요\nB. 네 없습니다 알려주셔서 고맙습니다\nA. 감사합니다 #@소속# 고객센터 #@이름#이었습니다 좋은 하루 되세요",
        "lines": [
          {
            "id": 1,
            "text": "A. 감사합니다 #@소속# 고객센터 #@이름#입니다",
            "norm_text": "A. 감사합니다 #@소속# 고객센터 #@이름#입니다",
            "speaker": {
              "id": "A",
              "sex": "여성",
              "age": "2그룹(30대~40대)"
            },
            "speechAct": "인사하기",
            "morpheme": "A/SL+./SY+감사/NNG+합니다/XSV+EF+#/SY+@/SY+소속/NNG+#/SY+고객/NNG+센터/NNG+#/SY+@/SY+이름/NNG+#/SY+입니다/VCP+EC"
          },
          {
            "id": 2,
            "text": "B. 예 핸드폰으로 강의를 듣고 있는데 동영상 기능 좀 여쭤보려고요",
            "norm_text": "B. 예 핸드폰으로 강의를 듣고 있는데 동영상 기능 좀 여쭤보려고요",
            "speaker": {
              "id": "B",
              "sex": "남성",
              "age": "2그룹(30대~40대)"
            },
            "speechAct": "진술하기",
            "morpheme": "B/SL+예/IC+핸드폰/NNG+으로/JKB+강의/NNG+를/JKO+듣/VV+고/EC+있/VX+는데/EC+동영상/NNG+기능/NNG+좀/MAG+여쭤/VV+EC+보/VX+려고요/EC"
          },
          {
            "id": 3,
            "text": "A. 네 고객님 어떤 점이 궁금하신가요",
            "norm_text": "A. 네 고객님 어떤 점이 궁금하신가요",
            "speaker": {
              "id": "A",
              "sex": "여성",
              "age": "2그룹(30대~40대)"
            },
            "speechAct": "질문하기",
            "morpheme": "A/SL+네/IC+고객/NNG+님/XSN+어떤/MM+점/NNG+이/JKS+궁금/XR+하/XSA+신가요/EP+EC"
          },
          {
            "id": 4,
            "text": "B. 음소거 하는 방법 좀 알려주세요",
            "norm_text": "B. 음소거 하는 방법 좀 알려주세요",
            "speaker": {
              "id": "B",
              "sex": "남성",
              "age": "2그룹(30대~40대)"
            },
            "speechAct": "질문하기",
            "morpheme": "B/SL+음/IC+소거/NNG+하/XSV+는/ETM+방법/NNG+좀/MAG+알려/VV+EC+주/VX+세요/EP+EF"
          },
          {
            "id": 5,
            "text": "A. 고객님 먼저 동영상을 재생해 주시겠어요",
            "norm_text": "A. 고객님 먼저 동영상을 재생해 주시겠어요",
            "speaker": {
              "id": "A",
              "sex": "여성",
              "age": "2그룹(30대~40대)"
            },
            "speechAct": "명령하기/요구하기",
            "morpheme": "A/SL+./SY+고객/NNG+님/XSN+먼저/MAG+동영상/NNG+을/JKO+재생/NNG+해/XSV+EC+주/VX+시/EP+겠/EP+어요/EF"
          },
          {
            "id": 6,
            "text": "B. 네 강의 하나 재생했어요",
            "norm_text": "B. 네 강의 하나 재생했어요",
            "speaker": {
              "id": "B",
              "sex": "남성",
              "age": "2그룹(30대~40대)"
            },
            "speechAct": "진술하기",
            "morpheme": "B/SL+네/IC+강의/NNG+하나/NR+재생/NNG+했어요/XSV+EP+EC"
          },
          {
            "id": 7,
            "text": "A. 그러시면 왼쪽의 메뉴 중에 제일 첫 번째 메뉴를 클릭해 주세요",
            "norm_text": "A. 그러시면 왼쪽의 메뉴 중에 제일 첫 번째 메뉴를 클릭해 주세요",
            "speaker": {
              "id": "A",
              "sex": "여성",
              "age": "2그룹(30대~40대)"
            },
            "speechAct": "명령하기/요구하기",
            "morpheme": "A/SL+그러/VV+시/EP+면/EC+왼쪽/NNG+의/JKG+메뉴/NNG+중/NNB+에/JKB+제일/MAG+첫/MM+번/NNBC+째/XSN+메뉴/NNG+를/JKO+클릭/NNG+해/XSV+EC+주/VX+세요/EP+EF"
          },
          {
            "id": 8,
            "text": "B. 예 클릭했는데 소리 안 나오는 것 같아요",
            "norm_text": "B. 예 클릭했는데 소리 안 나오는 것 같아요",
            "speaker": {
              "id": "B",
              "sex": "남성",
              "age": "2그룹(30대~40대)"
            },
            "speechAct": "진술하기",
            "morpheme": "B/SL+예/IC+클릭/NNG+했/XSV+EP+는데/EC+소리/NNG+안/MAG+나오/VV+는/ETM+것/NNB+같/VA+아요/EC"
          },
          {
            "id": 9,
            "text": "A. 네 그 메뉴를 클릭하시면 음소거가 됩니다 고객님",
            "norm_text": "A. 네 그 메뉴를 클릭하시면 음소거가 됩니다 고객님",
            "speaker": {
              "id": "A",
              "sex": "여성",
              "age": "2그룹(30대~40대)"
            },
            "speechAct": "진술하기",
            "morpheme": "A/SL+네/IC+그/MM+메뉴/NNG+를/JKO+클릭/NNG+하/XSV+시/EP+면/EC+음/IC+소거/NNG+가/JKS+됩니다/VV+EF+고객/NNG+님/XSN"
          },
          {
            "id": 10,
            "text": "B. 아 되게 간단하네요 잘 몰라서 문의드렸어요 감사합니다",
            "norm_text": "B. 아 되게 간단하네요 잘 몰라서 문의드렸어요 감사합니다",
            "speaker": {
              "id": "B",
              "sex": "남성",
              "age": "2그룹(30대~40대)"
            },
            "speechAct": "감사하기",
            "morpheme": "B/SL+아/IC+되게/MAG+간단/XR+하/XSA+네요/EF+잘/MAG+몰라서/VV+EC+문/NNG+의/JKG+드렸/VV+EP+어요/EF+감사/NNG+합니다/XSV+EC"
          },
          {
            "id": 11,
            "text": "A. 네 더 궁금하신 점은 없으실까요",
            "norm_text": "A. 네 더 궁금하신 점은 없으실까요",
            "speaker": {
              "id": "A",
              "sex": "여성",
              "age": "2그룹(30대~40대)"
            },
            "speechAct": "질문하기",
            "morpheme": "A/SL+네/IC+더/MAG+궁금/XR+하/XSA+신/EP+ETM+점/NNG+은/JX+없/VA+으실까/EP+EP+EF+요/MM"
          },
          {
            "id": 12,
            "text": "B. 네 없습니다 알려주셔서 고맙습니다",
            "norm_text": "B. 네 없습니다 알려주셔서 고맙습니다",
            "speaker": {
              "id": "B",
              "sex": "남성",
              "age": "2그룹(30대~40대)"
            },
            "speechAct": "감사하기",
            "morpheme": "B/SL+네/IC+없/VA+습니다/EF+알려/VV+EC+주/VX+셔서/EP+EC+고맙/VA+습니다/EF"
          },
          {
            "id": 13,
            "text": "A. 감사합니다 #@소속# 고객센터 #@이름#이었습니다 좋은 하루 되세요",
            "norm_text": "A. 감사합니다 #@소속# 고객센터 #@이름#이었습니다 좋은 하루 되세요",
            "speaker": {
              "id": "A",
              "sex": "여성",
              "age": "2그룹(30대~40대)"
            },
            "speechAct": "인사하기",
            "morpheme": "A/SL+./SY+감사/NNG+합니다/XSV+EF+#/SY+@/SY+소속/NNG+#/SY+고객/NNG+센터/NNG+#/SY+@/SY+이름/NNG+#/SY+이/VCP+었/EP+습니다/EF+좋/VA+은/ETM+하루/NNG+되/XSV+세요/EP+EF"
          }
        ]
      }
    }
  ]
}