{
  "dataset": {
    "identifier": 140441,
    "name": "e1_20211115_0006_0520_01",
    "src_path": "/data/file/cubeManager/PROJECT018/91/txt20211110140005064383/e1_20211115_0006_0520_01/",
    "label_path": "/data/file/cubeManager/PROJECT018/91/txt20211110140005064383/e1_20211115_0006_0520_01/",
    "category": 2,
    "type": 0
  },
  "licenses": {
    "name": "Apache License 1.0",
    "url": "http://www.apache.org/licenses/LICENSE-1.0"
  },
  "info": [
    {
      "id": 157994,
      "filename": "e1_0067_0135_02.txt",
      "title": "e1_0067_0135_02",
      "mediatype": "콜센터",
      "medianame": "콜센터",
      "category": "목적대화",
      "date": "2021-11-10",
      "size": 306,
      "annotations": {
        "subject": "프로그램 문의",
        "speaker_type": "1:1",
        "size": 306,
        "word_size": 82,
        "text": "A. 안녕하세요 내일을 여는 학원 #@소속#입니다\nB. 네 저 #@이름# 교수님 수업 문의 좀 할게요\nA. 네 수업에 어떤 부분 안내 도와드릴까요\nB. 혹시 교수님 #@상품# 수업 일정이 어떻게 되나요\nA. 현재 수요일 금요일 이틀간 진행되고 있습니다\nB. 아 그럼 수업 시간은 동일한가요\nA. 수요일은 저녁 6시부터 9시까지 진행되구요\nA. 금요일 오후 2시부터 5시까지 진행됩니다\nB. 아 그 수업 밴드 주소 문자로 보내주실 수 있나요\nA. 네 알겠습니다 연락처 부탁드릴게요\nB. #@전번# 입니다 지금 바로 보내주세요\nA. 네 지금 문자 보내드렸습니다 감사합니다",
        "lines": [
          {
            "id": 1,
            "text": "A. 안녕하세요 내일을 여는 학원 #@소속#입니다",
            "norm_text": "A. 안녕하세요 내일을 여는 학원 #@소속#입니다",
            "speaker": {
              "id": "A",
              "sex": "여성",
              "age": "1그룹(10대~20대)"
            },
            "speechAct": "인사하기",
            "morpheme": "A/SL+./SY+안녕/NNG+하/XSV+세요/EP+EF+내일/NNG+을/JKO+여/VV+는/ETM+학원/NNG+#/SY+@/SY+소속/NNG+#/SY+입니다/VCP+EC"
          },
          {
            "id": 2,
            "text": "B. 네 저 #@이름# 교수님 수업 문의 좀 할게요",
            "norm_text": "B. 네 저 #@이름# 교수님 수업 문의 좀 할게요",
            "speaker": {
              "id": "B",
              "sex": "남성",
              "age": "1그룹(10대~20대)"
            },
            "speechAct": "진술하기",
            "morpheme": "B/SL+네/IC+저/NP+#/SY+@/SY+이름/NNG+#/SY+교수/NNG+님/XSN+수업/NNG+문/NNG+의/JKG+좀/MAG+할게요/VV+EC"
          },
          {
            "id": 3,
            "text": "A. 네 수업에 어떤 부분 안내 도와드릴까요",
            "norm_text": "A. 네 수업에 어떤 부분 안내 도와드릴까요",
            "speaker": {
              "id": "A",
              "sex": "여성",
              "age": "1그룹(10대~20대)"
            },
            "speechAct": "질문하기",
            "morpheme": "A/SL+네/IC+수업/NNG+에/JKB+어떤/MM+부분/NNG+안내/NNG+도와/VV+EC+드릴까요/VX+EC"
          },
          {
            "id": 4,
            "text": "B. 혹시 교수님 #@상품# 수업 일정이 어떻게 되나요",
            "norm_text": "B. 혹시 교수님 #@상품# 수업 일정이 어떻게 되나요",
            "speaker": {
              "id": "B",
              "sex": "남성",
              "age": "1그룹(10대~20대)"
            },
            "speechAct": "질문하기",
            "morpheme": "B/SL+혹시/MAG+교수/NNG+님/XSN+#/SY+@/SY+상품/NNG+#/SY+수업/NNG+일정/NNG+이/JKS+어떻게/MAG+되/VV+나요/EC"
          },
          {
            "id": 5,
            "text": "A. 현재 수요일 금요일 이틀간 진행되고 있습니다",
            "norm_text": "A. 현재 수요일 금요일 이틀간 진행되고 있습니다",
            "speaker": {
              "id": "A",
              "sex": "여성",
              "age": "1그룹(10대~20대)"
            },
            "speechAct": "진술하기",
            "morpheme": "A/SL+현재/MAG+수요일/NNG+금요일/NNG+이틀/NNG+간/NNB+진행/NNG+되/XSV+고/EC+있/VX+습니다/EF"
          },
          {
            "id": 6,
            "text": "B. 아 그럼 수업 시간은 동일한가요",
            "norm_text": "B. 아 그럼 수업 시간은 동일한가요",
            "speaker": {
              "id": "B",
              "sex": "남성",
              "age": "1그룹(10대~20대)"
            },
            "speechAct": "질문하기",
            "morpheme": "B/SL+아/IC+그럼/MAJ+수업/NNG+시간/NNG+은/JX+동일/XR+한/XSA+ETM+가요/NNG"
          },
          {
            "id": 7,
            "text": "A. 수요일은 저녁 6시부터 9시까지 진행되구요",
            "norm_text": "A. 수요일은 저녁 6시부터 9시까지 진행되구요",
            "speaker": {
              "id": "A",
              "sex": "여성",
              "age": "1그룹(10대~20대)"
            },
            "speechAct": "진술하기",
            "morpheme": "A/SL+./SY+수요일/NNG+은/JX+저녁/NNG+6/SN+시/NNBC+부터/JX+9/SN+시/NNBC+까지/JX+진행/NNG+되/XSV+구요/EC"
          },
          {
            "id": 8,
            "text": "A. 금요일 오후 2시부터 5시까지 진행됩니다",
            "norm_text": "A. 금요일 오후 2시부터 5시까지 진행됩니다",
            "speaker": {
              "id": "A",
              "sex": "여성",
              "age": "1그룹(10대~20대)"
            },
            "speechAct": "진술하기",
            "morpheme": "A/SL+./SY+금요일/NNG+오후/NNG+2/SN+시/NNBC+부터/JX+5/SN+시/NNBC+까지/JX+진행/NNG+됩니다/XSV+EC"
          },
          {
            "id": 9,
            "text": "B. 아 그 수업 밴드 주소 문자로 보내주실 수 있나요",
            "norm_text": "B. 아 그 수업 밴드 주소 문자로 보내주실 수 있나요",
            "speaker": {
              "id": "B",
              "sex": "남성",
              "age": "1그룹(10대~20대)"
            },
            "speechAct": "질문하기",
            "morpheme": "B/SL+아/IC+그/MM+수업/NNG+밴드/NNG+주소/NNG+문자/NNG+로/JKB+보내/VV+EC+주/VX+실/EP+ETM+수/NNB+있/VV+나요/EC"
          },
          {
            "id": 10,
            "text": "A. 네 알겠습니다 연락처 부탁드릴게요",
            "norm_text": "A. 네 알겠습니다 연락처 부탁드릴게요",
            "speaker": {
              "id": "A",
              "sex": "여성",
              "age": "1그룹(10대~20대)"
            },
            "speechAct": "부탁하기",
            "morpheme": "A/SL+네/IC+알/VV+겠/EP+습니다/EF+연락처/NNG+부탁/NNG+드릴게요/VV+EC"
          },
          {
            "id": 11,
            "text": "B. #@전번# 입니다 지금 바로 보내주세요",
            "norm_text": "B. #@전번# 입니다 지금 바로 보내주세요",
            "speaker": {
              "id": "B",
              "sex": "남성",
              "age": "1그룹(10대~20대)"
            },
            "speechAct": "명령하기/요구하기",
            "morpheme": "B/SL+./SY+#/SY+@/SY+전번/NNG+#/SY+입니다/VCP+EF+지금/MAG+바로/MAG+보내/VV+EC+주/VX+세요/EP+EF"
          },
          {
            "id": 12,
            "text": "A. 네 지금 문자 보내드렸습니다 감사합니다",
            "norm_text": "A. 네 지금 문자 보내드렸습니다 감사합니다",
            "speaker": {
              "id": "A",
              "sex": "여성",
              "age": "1그룹(10대~20대)"
            },
            "speechAct": "감사하기",
            "morpheme": "A/SL+네/IC+지금/MAG+문자/NNG+보내/VV+EC+드렸/VX+EP+습니다/EF+감사/NNG+합니다/XSV+EC"
          }
        ]
      }
    }
  ]
}