{
  "dataset": {
    "identifier": 139733,
    "name": "e1_20211115_0006_0276_01",
    "src_path": "/data/file/cubeManager/PROJECT018/91/txt20211110140003038726/e1_20211115_0006_0276_01/",
    "label_path": "/data/file/cubeManager/PROJECT018/91/txt20211110140003038726/e1_20211115_0006_0276_01/",
    "category": 2,
    "type": 0
  },
  "licenses": {
    "name": "Apache License 1.0",
    "url": "http://www.apache.org/licenses/LICENSE-1.0"
  },
  "info": [
    {
      "id": 157737,
      "filename": "e1_0066_0089_02.txt",
      "title": "e1_0066_0089_02",
      "mediatype": "콜센터",
      "medianame": "콜센터",
      "category": "목적대화",
      "date": "2021-11-10",
      "size": 308,
      "annotations": {
        "subject": "프로그램 문의",
        "speaker_type": "1:1",
        "size": 308,
        "word_size": 83,
        "text": "A. 기분좋은 아침입니다 #@소속# 상담원 #@이름#입니다\nB. 아 네 안녕하세요 그 성적 평가하는거요\nB. 어떻게 산출되는지 알 수 있을까요\nA. 출석 기말고사 중간고사 과제 등 점수를 더해 성적평가가 산출됩니다\nB. 아 네 각 평가비율도 알 수 있나요\nA. 과목별 평가비율은 해당 과목 담당 교수님이 정하십니다\nB. 미리 따로 알 수는 없나요\nA. 수강신청 하실 때 공고되는 강의계획서에 나와있으니 그거 확인하시면 됩니다\nB. 아 네네 알겠습니다\nA. 다른 궁금하신 점 있으신가요\nB. 아니요 없습니다 좋은 하루 되세요\nA. 금요일 오늘 하루 마무리 잘하시길 바랍니다",
        "lines": [
          {
            "id": 1,
            "text": "A. 기분좋은 아침입니다 #@소속# 상담원 #@이름#입니다",
            "norm_text": "A. 기분좋은 아침입니다 #@소속# 상담원 #@이름#입니다",
            "speaker": {
              "id": "A",
              "sex": "여성",
              "age": "1그룹(10대~20대)"
            },
            "speechAct": "인사하기",
            "morpheme": "A/SL+./SY+기분/NNG+좋/VA+은/ETM+아침/NNG+입니다/VCP+EF+#/SY+@/SY+소속/NNG+#/SY+상담원/NNG+#/SY+@/SY+이름/NNG+#/SY+입니다/VCP+EC"
          },
          {
            "id": 2,
            "text": "B. 아 네 안녕하세요 그 성적 평가하는거요",
            "norm_text": "B. 아 네 안녕하세요 그 성적 평가하는거요",
            "speaker": {
              "id": "B",
              "sex": "남성",
              "age": "1그룹(10대~20대)"
            },
            "speechAct": "진술하기",
            "morpheme": "B/SL+아/IC+네/IC+안녕/NNG+하/XSV+세요/EP+EF+그/MM+성적/NNG+평가/NNG+하/XSV+는/ETM+거/NNB+요/VCP+EC"
          },
          {
            "id": 3,
            "text": "B. 어떻게 산출되는지 알 수 있을까요",
            "norm_text": "B. 어떻게 산출되는지 알 수 있을까요",
            "speaker": {
              "id": "B",
              "sex": "남성",
              "age": "1그룹(10대~20대)"
            },
            "speechAct": "질문하기",
            "morpheme": "B/SL+어떻게/MAG+산출/NNG+되/XSV+는지/EC+알/VV+ETM+수/NNB+있/VV+을까요/EC"
          },
          {
            "id": 4,
            "text": "A. 출석 기말고사 중간고사 과제 등 점수를 더해 성적평가가 산출됩니다",
            "norm_text": "A. 출석 기말고사 중간고사 과제 등 점수를 더해 성적평가가 산출됩니다",
            "speaker": {
              "id": "A",
              "sex": "여성",
              "age": "1그룹(10대~20대)"
            },
            "speechAct": "진술하기",
            "morpheme": "A/SL+./SY+출석/NNG+기말고사/NNG+중간고사/NNG+과제/NNG+등/NNB+점수/NNG+를/JKO+더/MAG+해성/NNG+적/XSN+평가/NNG+가/JKS+산출/NNG+됩니다/XSV+EC"
          },
          {
            "id": 5,
            "text": "B. 아 네 각 평가비율도 알 수 있나요",
            "norm_text": "B. 아 네 각 평가비율도 알 수 있나요",
            "speaker": {
              "id": "B",
              "sex": "남성",
              "age": "1그룹(10대~20대)"
            },
            "speechAct": "질문하기",
            "morpheme": "B/SL+아/IC+네/IC+각/MM+평가/NNG+비율/NNG+도/JX+알/VV+ETM+수/NNB+있/VV+나요/EC"
          },
          {
            "id": 6,
            "text": "A. 과목별 평가비율은 해당 과목 담당 교수님이 정하십니다",
            "norm_text": "A. 과목별 평가비율은 해당 과목 담당 교수님이 정하십니다",
            "speaker": {
              "id": "A",
              "sex": "여성",
              "age": "1그룹(10대~20대)"
            },
            "speechAct": "진술하기",
            "morpheme": "A/SL+./SY+과목/NNG+별/XSN+평가/NNG+비율/NNG+은/JX+해당/NNG+과목/NNG+담당/NNG+교수/NNG+님/XSN+이/JKS+정하/VV+십니다/EP+EC"
          },
          {
            "id": 7,
            "text": "B. 미리 따로 알 수는 없나요",
            "norm_text": "B. 미리 따로 알 수는 없나요",
            "speaker": {
              "id": "B",
              "sex": "남성",
              "age": "1그룹(10대~20대)"
            },
            "speechAct": "질문하기",
            "morpheme": "B/SL+미리/MAG+따로/MAG+알/VV+ETM+수/NNB+는/JX+없/VA+나요/EC"
          },
          {
            "id": 8,
            "text": "A. 수강신청 하실 때 공고되는 강의계획서에 나와있으니 그거 확인하시면 됩니다",
            "norm_text": "A.수강신청 시 강의계획서에 나와있으니 그거 확인하시면 됩니다",
            "speaker": {
              "id": "A",
              "sex": "여성",
              "age": "1그룹(10대~20대)"
            },
            "speechAct": "진술하기",
            "morpheme": "A/SL+./SY+수강/NNG+신청/NNG+하/XSV+실/EP+ETM+때/NNG+공고/NNG+되/XSV+는/ETM+강의/NNG+계획서/NNG+에/JKB+나와/VV+EC+있/VX+으니/EC+그거/NP+확인/NNG+하/XSV+시/EP+면/EC+됩니다/VX+EC"
          },
          {
            "id": 9,
            "text": "B. 아 네네 알겠습니다",
            "norm_text": "B. 아 네네 알겠습니다",
            "speaker": {
              "id": "B",
              "sex": "남성",
              "age": "1그룹(10대~20대)"
            },
            "speechAct": "진술하기",
            "morpheme": "B/SL+아/IC+네네/IC+알/VV+겠/EP+습니다/EF"
          },
          {
            "id": 10,
            "text": "A. 다른 궁금하신 점 있으신가요",
            "norm_text": "A. 다른 궁금하신 점 있으신가요",
            "speaker": {
              "id": "A",
              "sex": "여성",
              "age": "1그룹(10대~20대)"
            },
            "speechAct": "질문하기",
            "morpheme": "A/SL+다른/MM+궁금/XR+하/XSA+신/EP+ETM+점/NNB+있/VA+으신/EP+ETM+가요/NNG"
          },
          {
            "id": 11,
            "text": "B. 아니요 없습니다 좋은 하루 되세요",
            "norm_text": "B. 아니요 없습니다 좋은 하루 되세요",
            "speaker": {
              "id": "B",
              "sex": "남성",
              "age": "1그룹(10대~20대)"
            },
            "speechAct": "인사하기",
            "morpheme": "B/SL+아니요/IC+없/VA+습니다/EF+좋/VA+은/ETM+하루/NNG+되/XSV+세요/EP+EF"
          },
          {
            "id": 12,
            "text": "A. 금요일 오늘 하루 마무리 잘하시길 바랍니다",
            "norm_text": "A. 금요일 오늘 하루 마무리 잘하시길 바랍니다",
            "speaker": {
              "id": "A",
              "sex": "여성",
              "age": "1그룹(10대~20대)"
            },
            "speechAct": "인사하기",
            "morpheme": "A/SL+./SY+금요일/NNG+오늘/NNG+하루/NNG+마무리/NNG+잘/MAG+하/VV+시/EP+길/ETN+JKO+바랍니다/VV+EC"
          }
        ]
      }
    }
  ]
}