{
  "dataset": {
    "identifier": 141038,
    "name": "e1_20211115_0006_0695_01",
    "src_path": "/data/file/cubeManager/PROJECT018/91/txt20211110140013031323/e1_20211115_0006_0695_01/",
    "label_path": "/data/file/cubeManager/PROJECT018/91/txt20211110140013031323/e1_20211115_0006_0695_01/",
    "category": 2,
    "type": 0
  },
  "licenses": {
    "name": "Apache License 1.0",
    "url": "http://www.apache.org/licenses/LICENSE-1.0"
  },
  "info": [
    {
      "id": 158941,
      "filename": "e1_0071_0137_02.txt",
      "title": "e1_0071_0137_02",
      "mediatype": "콜센터",
      "medianame": "콜센터",
      "category": "목적대화",
      "date": "2021-11-10",
      "size": 352,
      "annotations": {
        "subject": "프로그램 문의",
        "speaker_type": "1:1",
        "size": 352,
        "word_size": 80,
        "text": "A.전화주셔서 감사합니다 #@소속# 고객지원센터 #@이름# 입니다\nB.네 제가 시간제 학과에 입학하려고 하는데 시간제 개설 과목은 어디에서 확인하나요\nA.네 바로 도움 드리겠습니다 지금 컴퓨터 사용 가능 하실까요\nB.네 지금 학교 홈페이지에 접속해 있어요\nA.네 그러시면 홈페이지 상단에 입학지원센터가 있는데요\nA.입학지원센터를 클릭하시고 시간제 입학 메뉴로 이동 부탁드립니다\nB.잠시만요 아 네 여기 시간제 개설과목 찾았습니다 감사합니다\nA.또 다른 문의 사항 있으실까요\nB.참 시간제 과목은 학점당 비용이 어떻게 되나요\nA.네 학점당 38000원 입니다\nB.네 친절한 답변 감사드립니다 수고하세요\nA.편안한 밤 되세요 상담사 #@이름# 이었습니다",
        "lines": [
          {
            "id": 1,
            "text": "A.전화주셔서 감사합니다 #@소속# 고객지원센터 #@이름# 입니다",
            "norm_text": "A.전화주셔서 감사합니다 #@소속# 고객지원센터 #@이름# 입니다",
            "speaker": {
              "id": "A",
              "sex": "여성",
              "age": "2그룹(30대~40대)"
            },
            "speechAct": "인사하기",
            "morpheme": "A/SL+./SY+전화/NNG+주/VV+셔서/EP+EC+감사/NNG+합니다/XSV+EF+#/SY+@/SY+소속/NNG+#/SY+고객/NNG+지원/NNG+센터/NNG+#/SY+@/SY+이름/NNG+#/SY+입니다/VCP+EC"
          },
          {
            "id": 2,
            "text": "B.네 제가 시간제 학과에 입학하려고 하는데 시간제 개설 과목은 어디에서 확인하나요",
            "norm_text": "B.네 제가 시간제 학과에 입학하려고 하는데 시간제 개설 과목은 어디에서 확인하나요",
            "speaker": {
              "id": "B",
              "sex": "남성",
              "age": "2그룹(30대~40대)"
            },
            "speechAct": "N/A",
            "morpheme": "B/SL+네/IC+제/NP+가/JKS+시간/NNG+제/XSN+학과/NNG+에/JKB+입학/NNG+하/XSV+려고/EC+하/VV+는데/EC+시간/NNG+제/XSN+개설/NNG+과목/NNG+은/JX+어디/NP+에서/JKB+확인/NNG+하/XSV+나요/EC"
          },
          {
            "id": 3,
            "text": "A.네 바로 도움 드리겠습니다 지금 컴퓨터 사용 가능 하실까요",
            "norm_text": "A.네 바로 도움 드리겠습니다 지금 컴퓨터 사용 가능 하실까요",
            "speaker": {
              "id": "A",
              "sex": "여성",
              "age": "2그룹(30대~40대)"
            },
            "speechAct": "질문하기",
            "morpheme": "A/SL+네/IC+바로/MAG+도움/NNG+드리/VV+겠/EP+습니다/EF+지금/MAG+컴퓨터/NNG+사용/NNG+가능/NNG+하/XSV+실까요/EP+EF"
          },
          {
            "id": 4,
            "text": "B.네 지금 학교 홈페이지에 접속해 있어요",
            "norm_text": "B.네 지금 학교 홈페이지에 접속해 있어요",
            "speaker": {
              "id": "B",
              "sex": "남성",
              "age": "2그룹(30대~40대)"
            },
            "speechAct": "진술하기",
            "morpheme": "B/SL+네/IC+지금/MAG+학교/NNG+홈페이지/NNG+에/JKB+접속/NNG+해/XSV+EC+있/VX+어요/EF"
          },
          {
            "id": 5,
            "text": "A.네 그러시면 홈페이지 상단에 입학지원센터가 있는데요",
            "norm_text": "A.네 그러시면 홈페이지 상단에 입학지원센터가 있는데요",
            "speaker": {
              "id": "A",
              "sex": "여성",
              "age": "2그룹(30대~40대)"
            },
            "speechAct": "진술하기",
            "morpheme": "A/SL+네/IC+그러/VV+시/EP+면/EC+홈페이지/NNG+상단/NNG+에/JKB+입학/NNG+지원/NNG+센터/NNG+가/JKS+있/VA+는데요/EC"
          },
          {
            "id": 6,
            "text": "A.입학지원센터를 클릭하시고 시간제 입학 메뉴로 이동 부탁드립니다",
            "norm_text": "A.입학지원센터를 클릭하시고 시간제 입학 메뉴로 이동 부탁드립니다",
            "speaker": {
              "id": "A",
              "sex": "여성",
              "age": "2그룹(30대~40대)"
            },
            "speechAct": "부탁하기",
            "morpheme": "A/SL+./SY+입학/NNG+지원/NNG+센터/NNG+를/JKO+클릭/NNG+하/XSV+시/EP+고/EC+시간/NNG+제/XSN+입학/NNG+메뉴/NNG+로/JKB+이동/NNG+부탁/NNG+드립니다/VV+EC"
          },
          {
            "id": 7,
            "text": "B.잠시만요 아 네 여기 시간제 개설과목 찾았습니다 감사합니다",
            "norm_text": "B.잠시만요 아 네 여기 시간제 개설과목 찾았습니다 감사합니다",
            "speaker": {
              "id": "B",
              "sex": "남성",
              "age": "2그룹(30대~40대)"
            },
            "speechAct": "감사하기",
            "morpheme": "B/SL+./SY+잠시/NNG+만/JX+요/JX+아/IC+네/IC+여기/NP+시간/NNG+제/XSN+개설/NNG+과목/NNG+찾/VV+았/EP+습니다/EF+감사/NNG+합니다/XSV+EC"
          },
          {
            "id": 8,
            "text": "A.또 다른 문의 사항 있으실까요",
            "norm_text": "A.또 다른 문의 사항 있으실까요",
            "speaker": {
              "id": "A",
              "sex": "여성",
              "age": "2그룹(30대~40대)"
            },
            "speechAct": "질문하기",
            "morpheme": "A/SL+또/MAG+다른/MM+문/NNG+의/JKG+사항/NNG+있/VV+으실까/EP+EP+EF+요/MM"
          },
          {
            "id": 9,
            "text": "B.참 시간제 과목은 학점당 비용이 어떻게 되나요",
            "norm_text": "B.참 시간제 과목은 학점당 비용이 어떻게 되나요",
            "speaker": {
              "id": "B",
              "sex": "남성",
              "age": "2그룹(30대~40대)"
            },
            "speechAct": "질문하기",
            "morpheme": "B/SL+참/MAG+시간/NNG+제/XSN+과목/NNG+은/JX+학점/NNG+당/XSN+비용/NNG+이/JKS+어떻게/MAG+되/VV+나요/EC"
          },
          {
            "id": 10,
            "text": "A.네 학점당 38000원 입니다",
            "norm_text": "A.네 학점당 38000원 입니다",
            "speaker": {
              "id": "A",
              "sex": "여성",
              "age": "2그룹(30대~40대)"
            },
            "speechAct": "진술하기",
            "morpheme": "A/SL+네/IC+학점/NNG+당/XSN+38000/SN+원/NNBC+입니다/VCP+EC"
          },
          {
            "id": 11,
            "text": "B.네 친절한 답변 감사드립니다 수고하세요",
            "norm_text": "B.네 친절한 답변 감사드립니다 수고하세요",
            "speaker": {
              "id": "B",
              "sex": "남성",
              "age": "2그룹(30대~40대)"
            },
            "speechAct": "감사하기",
            "morpheme": "B/SL+네/IC+친절/NNG+한/XSA+ETM+답변/NNG+감사/NNG+드립니다/VV+EC+수고/NNG+하/XSV+세요/EP+EF"
          },
          {
            "id": 12,
            "text": "A.편안한 밤 되세요 상담사 #@이름# 이었습니다",
            "norm_text": "A.편안한 밤 되세요 상담사 #@이름# 이었습니다",
            "speaker": {
              "id": "A",
              "sex": "여성",
              "age": "2그룹(30대~40대)"
            },
            "speechAct": "인사하기",
            "morpheme": "A/SL+./SY+편안/NNG+한/XSA+ETM+밤/NNG+되/XSV+세요/EP+EF+상담/NNG+사/NNG+#/SY+@/SY+이름/NNG+#/SY+이/VCP+었/EP+습니다/EF"
          }
        ]
      }
    }
  ]
}