{
  "dataset": {
    "identifier": 140023,
    "name": "e1_20211115_0006_0409_01",
    "src_path": "/data/file/cubeManager/PROJECT018/91/txt20211110140004083486/e1_20211115_0006_0409_01/",
    "label_path": "/data/file/cubeManager/PROJECT018/91/txt20211110140004083486/e1_20211115_0006_0409_01/",
    "category": 2,
    "type": 0
  },
  "licenses": {
    "name": "Apache License 1.0",
    "url": "http://www.apache.org/licenses/LICENSE-1.0"
  },
  "info": [
    {
      "id": 157885,
      "filename": "e1_0067_0026_02.txt",
      "title": "e1_0067_0026_02",
      "mediatype": "콜센터",
      "medianame": "콜센터",
      "category": "목적대화",
      "date": "2021-11-10",
      "size": 272,
      "annotations": {
        "subject": "프로그램 문의",
        "speaker_type": "1:1",
        "size": 272,
        "word_size": 67,
        "text": "A. 반갑습니다 #@소속#입니다\nB. 안녕하세요 어제 수강 등록해놨는데요\nA. 네 성함이 어떻게 되실까요\nB. #@이름#인데 #@이름# 교수님 강의 등록해놨어요\nA. 네 #@이름#님 어떤 부분 궁금하실까요\nB. 혹시 강의전에 구매해야되는 교재가 따로 있나요\nA. 구매하실 교재는 #@상품# 입니다\nB. 그 교재나 뭐 일정 관련 안내 저만 못받은건가요\nA. 아니요 개강 하루전인 9일에 안내 문자 받으실 예정입니다\nB. 아 제가 급했네요 죄송합니다\nA. #@이름#님 수업 준비에 차질 없으실겁니다 감사합니다",
        "lines": [
          {
            "id": 1,
            "text": "A. 반갑습니다 #@소속#입니다",
            "norm_text": "A. 반갑습니다 #@소속#입니다",
            "speaker": {
              "id": "A",
              "sex": "여성",
              "age": "1그룹(10대~20대)"
            },
            "speechAct": "인사하기",
            "morpheme": "A/SL+반갑/VA+습니다/EF+#/SY+@/SY+소속/NNG+#/SY+입니다/VCP+EC"
          },
          {
            "id": 2,
            "text": "B. 안녕하세요 어제 수강 등록해놨는데요",
            "norm_text": "B. 안녕하세요 어제 수강 등록해놨는데요",
            "speaker": {
              "id": "B",
              "sex": "남성",
              "age": "1그룹(10대~20대)"
            },
            "speechAct": "진술하기",
            "morpheme": "B/SL+./SY+안녕/NNG+하/XSV+세요/EP+EF+어제/MAG+수강/NNG+등록/NNG+해놨/XSV+EC+VX+EP+는데요/EC"
          },
          {
            "id": 3,
            "text": "A. 네 성함이 어떻게 되실까요",
            "norm_text": "A. 네 성함이 어떻게 되실까요",
            "speaker": {
              "id": "A",
              "sex": "여성",
              "age": "1그룹(10대~20대)"
            },
            "speechAct": "질문하기",
            "morpheme": "A/SL+네/IC+성함/NNG+이/JKS+어떻게/MAG+되/VV+실까요/EP+EF"
          },
          {
            "id": 4,
            "text": "B. #@이름#인데 #@이름# 교수님 강의 등록해놨어요",
            "norm_text": "B. #@이름#인데 #@이름# 교수님 강의 등록해놨어요",
            "speaker": {
              "id": "B",
              "sex": "남성",
              "age": "1그룹(10대~20대)"
            },
            "speechAct": "진술하기",
            "morpheme": "B/SL+./SY+#/SY+@/SY+이름/NNG+#/SY+인데/VCP+EC+#/SY+@/SY+이름/NNG+#/SY+교수/NNG+님/XSN+강의/NNG+등록/NNG+해/XSV+EC+놨어요/VX+EP+EF"
          },
          {
            "id": 5,
            "text": "A. 네 #@이름#님 어떤 부분 궁금하실까요",
            "norm_text": "A. 네 #@이름#님 어떤 부분 궁금하실까요",
            "speaker": {
              "id": "A",
              "sex": "여성",
              "age": "1그룹(10대~20대)"
            },
            "speechAct": "질문하기",
            "morpheme": "A/SL+네/IC+#/SY+@/SY+이름/NNG+#/SY+님/XSN+어떤/MM+부분/NNG+궁금/XR+하/XSA+실까요/EP+EF"
          },
          {
            "id": 6,
            "text": "B. 혹시 강의전에 구매해야되는 교재가 따로 있나요",
            "norm_text": "B. 혹시 강의전에 구매해야되는 교재가 따로 있나요",
            "speaker": {
              "id": "B",
              "sex": "남성",
              "age": "1그룹(10대~20대)"
            },
            "speechAct": "질문하기",
            "morpheme": "B/SL+혹시/MAG+강의/NNG+전/NNG+에/JKB+구매/NNG+해야/XSV+EC+되/VV+는/ETM+교재/NNG+가/JKS+따로/MAG+있/VV+나요/EC"
          },
          {
            "id": 7,
            "text": "A. 구매하실 교재는 #@상품# 입니다",
            "norm_text": "A. 구매하실 교재는 #@상품# 입니다",
            "speaker": {
              "id": "A",
              "sex": "여성",
              "age": "1그룹(10대~20대)"
            },
            "speechAct": "진술하기",
            "morpheme": "A/SL+./SY+구매/NNG+하/XSV+실/EP+ETM+교재/NNG+는/JX+#/SY+@/SY+상품/NNG+#/SY+입니다/VCP+EC"
          },
          {
            "id": 8,
            "text": "B. 그 교재나 뭐 일정 관련 안내 저만 못받은건가요",
            "norm_text": "B. 그 교재나 뭐 일정 관련 안내 저만 못받은건가요",
            "speaker": {
              "id": "B",
              "sex": "남성",
              "age": "1그룹(10대~20대)"
            },
            "speechAct": "질문하기",
            "morpheme": "B/SL+그/MM+교재/NNG+나/JC+뭐/IC+일정/NNG+관련/NNG+안내/NNG+저/NP+만/JX+못/MAG+받/VV+은/ETM+건가요/NNB+VCP+EC"
          },
          {
            "id": 9,
            "text": "A. 아니요 개강 하루전인 9일에 안내 문자 받으실 예정입니다",
            "norm_text": "A. 아니요 개강 하루전인 9일에 안내 문자 받으실 예정입니다",
            "speaker": {
              "id": "A",
              "sex": "여성",
              "age": "1그룹(10대~20대)"
            },
            "speechAct": "진술하기",
            "morpheme": "A/SL+아니요/IC+개강/NNG+하루/NNG+전/NNG+인/VCP+ETM+9/SN+일/NNBC+에/JKB+안내/NNG+문자/NNG+받/VV+으실/EP+ETM+예정/NNG+입니다/VCP+EC"
          },
          {
            "id": 10,
            "text": "B. 아 제가 급했네요 죄송합니다",
            "norm_text": "B. 아 제가 급했네요 죄송합니다",
            "speaker": {
              "id": "B",
              "sex": "남성",
              "age": "1그룹(10대~20대)"
            },
            "speechAct": "사과하기",
            "morpheme": "B/SL+아/IC+제/NP+가/JKS+급/NNG+했/XSV+EP+네요/EF+죄송/XR+합니다/XSA+EC"
          },
          {
            "id": 11,
            "text": "A. #@이름#님 수업 준비에 차질 없으실겁니다 감사합니다",
            "norm_text": "A. #@이름#님 수업 준비에 차질 없으실겁니다 감사합니다",
            "speaker": {
              "id": "A",
              "sex": "여성",
              "age": "1그룹(10대~20대)"
            },
            "speechAct": "인사하기",
            "morpheme": "A/SL+./SY+#/SY+@/SY+이름/NNG+#/SY+님/XSN+수업/NNG+준비/NNG+에/JKB+차질/NNG+없/VA+으실/EP+ETM+겁니다/NNB+VCP+EF+감사/NNG+합니다/XSV+EC"
          }
        ]
      }
    }
  ]
}