{
  "dataset": {
    "identifier": 140060,
    "name": "e1_20211115_0006_0420_01",
    "src_path": "/data/file/cubeManager/PROJECT018/91/txt20211110140004091769/e1_20211115_0006_0420_01/",
    "label_path": "/data/file/cubeManager/PROJECT018/91/txt20211110140004091769/e1_20211115_0006_0420_01/",
    "category": 2,
    "type": 0
  },
  "licenses": {
    "name": "Apache License 1.0",
    "url": "http://www.apache.org/licenses/LICENSE-1.0"
  },
  "info": [
    {
      "id": 157896,
      "filename": "e1_0067_0037_02.txt",
      "title": "e1_0067_0037_02",
      "mediatype": "콜센터",
      "medianame": "콜센터",
      "category": "목적대화",
      "date": "2021-11-10",
      "size": 284,
      "annotations": {
        "subject": "프로그램 문의",
        "speaker_type": "1:1",
        "size": 284,
        "word_size": 70,
        "text": "A. 꿈을 위한 도전 #@소속#입니다\nB. 안녕하세요 궁금한게 있어서요\nA. 네 고객님 어떤 점 궁금하실까요\nB. 혹시 여기 #@소속# 대비반은 없는건가요\nA. 네 현재 #@상품과 #@상품# 강의 있습니다\nB. 그럼 #@소속# 가고싶은 사람은 어떻게 준비하죠\nA. #@소속#는 면접 전형 확인되시는데요\nA. #@상품# 수강생에 한해 면접 지도해드립니다\nB. 아 그럼 수강료는 얼마 더 추가될까요\nA. 별도로 추가되는 수강료는 없으실거에요\nB. 감사합니다 인서울반 일정 알아봐야겠네요\nA. 네 감사합니다 오늘도 활기찬 하루 되세요",
        "lines": [
          {
            "id": 1,
            "text": "A. 꿈을 위한 도전 #@소속#입니다",
            "norm_text": "A. 꿈을 위한 도전 #@소속#입니다",
            "speaker": {
              "id": "A",
              "sex": "여성",
              "age": "1그룹(10대~20대)"
            },
            "speechAct": "인사하기",
            "morpheme": "A/SL+./SY+꿈/NNG+을/JKO+위한/VV+ETM+도전/NNG+#/SY+@/SY+소속/NNG+#/SY+입니다/VCP+EC"
          },
          {
            "id": 2,
            "text": "B. 안녕하세요 궁금한게 있어서요",
            "norm_text": "B. 안녕하세요 궁금한게 있어서요",
            "speaker": {
              "id": "B",
              "sex": "남성",
              "age": "1그룹(10대~20대)"
            },
            "speechAct": "진술하기",
            "morpheme": "B/SL+./SY+안녕/NNG+하/XSV+세요/EP+EF+궁금/XR+한/XSA+ETM+게/NNB+JKS+있/VA+어서요/EC"
          },
          {
            "id": 3,
            "text": "A. 네 고객님 어떤 점 궁금하실까요",
            "norm_text": "A. 네 고객님 어떤 점 궁금하실까요",
            "speaker": {
              "id": "A",
              "sex": "여성",
              "age": "1그룹(10대~20대)"
            },
            "speechAct": "질문하기",
            "morpheme": "A/SL+네/IC+고객/NNG+님/XSN+어떤/MM+점/NNB+궁금/XR+하/XSA+실까요/EP+EF"
          },
          {
            "id": 4,
            "text": "B. 혹시 여기 #@소속# 대비반은 없는건가요",
            "norm_text": "B. 혹시 여기 #@소속# 대비반은 없는건가요",
            "speaker": {
              "id": "B",
              "sex": "남성",
              "age": "1그룹(10대~20대)"
            },
            "speechAct": "질문하기",
            "morpheme": "B/SL+혹시/MAG+여기/NP+#/SY+@/SY+소속/NNG+#/SY+대비/NNG+반/NNG+은/JX+없/VA+는/ETM+건가요/NNB+VCP+EC"
          },
          {
            "id": 5,
            "text": "A. 네 현재 #@상품과 #@상품# 강의 있습니다",
            "norm_text": "A. 네 현재 #@상품과 #@상품# 강의 있습니다",
            "speaker": {
              "id": "A",
              "sex": "여성",
              "age": "1그룹(10대~20대)"
            },
            "speechAct": "진술하기",
            "morpheme": "A/SL+네/IC+현재/MAG+#/SY+@/SY+상품/NNG+과/JC+#/SY+@/SY+상품/NNG+#/SY+강의/NNG+있/VA+습니다/EF"
          },
          {
            "id": 6,
            "text": "B. 그럼 #@소속# 가고싶은 사람은 어떻게 준비하죠",
            "norm_text": "B. 그럼 #@소속# 가고싶은 사람은 어떻게 준비하죠",
            "speaker": {
              "id": "B",
              "sex": "남성",
              "age": "1그룹(10대~20대)"
            },
            "speechAct": "질문하기",
            "morpheme": "B/SL+그럼/MAJ+#/SY+@/SY+소속/NNG+#/SY+가/VV+고/EC+싶/VX+은/ETM+사람/NNG+은/JX+어떻게/MAG+준비/NNG+하/XSV+죠/EC"
          },
          {
            "id": 7,
            "text": "A. #@소속#는 면접 전형 확인되시는데요",
            "norm_text": "A. #@소속#는 면접 전형 확인되시는데요",
            "speaker": {
              "id": "A",
              "sex": "여성",
              "age": "1그룹(10대~20대)"
            },
            "speechAct": "진술하기",
            "morpheme": "A/SL+./SY+#/SY+@/SY+소속/NNG+#/SY+는/JX+면접/NNG+전형/NNG+확인/NNG+되/XSV+시/EP+는데요/EC"
          },
          {
            "id": 8,
            "text": "A. #@상품# 수강생에 한해 면접 지도해드립니다",
            "norm_text": "A. #@상품# 수강생에 한해 면접 지도해드립니다",
            "speaker": {
              "id": "A",
              "sex": "여성",
              "age": "1그룹(10대~20대)"
            },
            "speechAct": "진술하기",
            "morpheme": "A/SL+./SY+#/SY+@/SY+상품/NNG+#/SY+수강/NNG+생/XSN+에/JKB+한/MM+해면/NNG+접지/NNG+도/JX+해/VV+EC+드립니다/VX+EC"
          },
          {
            "id": 9,
            "text": "B. 아 그럼 수강료는 얼마 더 추가될까요",
            "norm_text": "B. 아 그럼 수강료는 얼마 더 추가될까요",
            "speaker": {
              "id": "B",
              "sex": "남성",
              "age": "1그룹(10대~20대)"
            },
            "speechAct": "질문하기",
            "morpheme": "B/SL+아/IC+그럼/MAJ+수강료/NNG+는/JX+얼마/NNG+더/MAG+추가/NNG+될까요/VV+EC"
          },
          {
            "id": 10,
            "text": "A. 별도로 추가되는 수강료는 없으실거에요",
            "norm_text": "A. 별도로 추가되는 수강료는 없으실거에요",
            "speaker": {
              "id": "A",
              "sex": "여성",
              "age": "1그룹(10대~20대)"
            },
            "speechAct": "진술하기",
            "morpheme": "A/SL+./SY+별도/NNG+로/JKB+추가/NNG+되/XSV+는/ETM+수강료/NNG+는/JX+없/VA+으실/EP+ETM+거/NNB+에요/VCP+EF"
          },
          {
            "id": 11,
            "text": "B. 감사합니다 인서울반 일정 알아봐야겠네요",
            "norm_text": "B. 감사합니다 인서울반 일정 알아봐야겠네요",
            "speaker": {
              "id": "B",
              "sex": "남성",
              "age": "1그룹(10대~20대)"
            },
            "speechAct": "감사하기",
            "morpheme": "B/SL+./SY+감사/NNG+합니다/XSV+EF+인/VCP+ETM+서울/NNP+반/NNG+일정/NNG+알/VV+아/EC+봐야/VX+EC+VV+겠/EP+네요/EC"
          },
          {
            "id": 12,
            "text": "A. 네 감사합니다 오늘도 활기찬 하루 되세요",
            "norm_text": "A. 네 감사합니다 오늘도 활기찬 하루 되세요",
            "speaker": {
              "id": "A",
              "sex": "여성",
              "age": "1그룹(10대~20대)"
            },
            "speechAct": "인사하기",
            "morpheme": "A/SL+네/IC+감사/NNG+합니다/XSV+EF+오늘/NNG+도/JX+활기찬/VA+ETM+하루/NNG+되/XSV+세요/EP+EF"
          }
        ]
      }
    }
  ]
}