{
  "dataset": {
    "identifier": 139798,
    "name": "e1_20211115_0006_0316_01",
    "src_path": "/data/file/cubeManager/PROJECT018/91/txt20211110140003073772/e1_20211115_0006_0316_01/",
    "label_path": "/data/file/cubeManager/PROJECT018/91/txt20211110140003073772/e1_20211115_0006_0316_01/",
    "category": 2,
    "type": 0
  },
  "licenses": {
    "name": "Apache License 1.0",
    "url": "http://www.apache.org/licenses/LICENSE-1.0"
  },
  "info": [
    {
      "id": 157776,
      "filename": "e1_0066_0128_02.txt",
      "title": "e1_0066_0128_02",
      "mediatype": "콜센터",
      "medianame": "콜센터",
      "category": "목적대화",
      "date": "2021-11-10",
      "size": 304,
      "annotations": {
        "subject": "프로그램 문의",
        "speaker_type": "1:1",
        "size": 304,
        "word_size": 74,
        "text": "A. 소중히 모시겠습니다 #@소속# #@이름# 상담사입니다\nB. 저 8월 검정고시 준비하려고 하는데 혼자는 못할것 같아서 학원 다니려고 하거든요\nA. 아 네 그러시군요\nB. 검정고시 학원 일정좀 알려주세요\nA. 월요일부터 금요일까지 주 5일로 진행됩니다\nB. 시간은 몇시부터 몇시까지 하나요\nA. 오전 9시부터 13시까지 검정고시 7과목 진행합니다\nB. 지금 그 일정대로 검정고시 준비반이 있나요\nA. 네네 지금 8월 시험대비 기초반이 있습니다\nB. 아 잘됐네요 부모님이랑 상의하고 다시 연락드릴게요\nA. 빗길 조심하시고 행복한 하루 되세요 #@이름# 이었습니다",
        "lines": [
          {
            "id": 1,
            "text": "A. 소중히 모시겠습니다 #@소속# #@이름# 상담사입니다",
            "norm_text": "A. 소중히 모시겠습니다 #@소속# #@이름# 상담사입니다",
            "speaker": {
              "id": "A",
              "sex": "여성",
              "age": "1그룹(10대~20대)"
            },
            "speechAct": "인사하기",
            "morpheme": "A/SL+소중히/MAG+모시/VV+겠/EP+습니다/EF+#/SY+@/SY+소속/NNG+#/SY+#/SY+@/SY+이름/NNG+#/SY+상담/NNG+사/NNG+입니다/VCP+EC"
          },
          {
            "id": 2,
            "text": "B. 저 8월 검정고시 준비하려고 하는데 혼자는 못할것 같아서 학원 다니려고 하거든요",
            "norm_text": "B.제가 8월 검정고시 응시하는데 학원에서 공부해보려고 하거든요",
            "speaker": {
              "id": "B",
              "sex": "남성",
              "age": "1그룹(10대~20대)"
            },
            "speechAct": "진술하기",
            "morpheme": "B/SL+저/MM+8/SN+월/NNBC+검정고시/NNG+준비/NNG+하/XSV+려고/EC+하/VV+는데/EC+혼자/NNG+는/JX+못/MAG+할/VV+ETM+것/NNB+같/VA+아서/EC+학원/NNG+다니/VV+려고/EC+하/VX+거든요/EF"
          },
          {
            "id": 3,
            "text": "A. 아 네 그러시군요",
            "norm_text": "A. 아 네 그러시군요",
            "speaker": {
              "id": "A",
              "sex": "여성",
              "age": "1그룹(10대~20대)"
            },
            "speechAct": "진술하기",
            "morpheme": "A/SL+아/IC+네/IC+그러/VV+시/EP+군요/EC"
          },
          {
            "id": 4,
            "text": "B. 검정고시 학원 일정좀 알려주세요",
            "norm_text": "B. 검정고시 학원 일정좀 알려주세요",
            "speaker": {
              "id": "B",
              "sex": "남성",
              "age": "1그룹(10대~20대)"
            },
            "speechAct": "부탁하기",
            "morpheme": "B/SL+./SY+검정고시/NNG+학원/NNG+일정/NNG+좀/MAG+알려/VV+EC+주/VX+세요/EP+EF"
          },
          {
            "id": 5,
            "text": "A. 월요일부터 금요일까지 주 5일로 진행됩니다",
            "norm_text": "A. 월요일부터 금요일까지 주 5일로 진행됩니다",
            "speaker": {
              "id": "A",
              "sex": "여성",
              "age": "1그룹(10대~20대)"
            },
            "speechAct": "진술하기",
            "morpheme": "A/SL+./SY+월요일/NNG+부터/JX+금요일/NNG+까지/JX+주/NNG+5/SN+일/NNBC+로/JKB+진행/NNG+됩니다/XSV+EC"
          },
          {
            "id": 6,
            "text": "B. 시간은 몇시부터 몇시까지 하나요",
            "norm_text": "B. 시간은 몇시부터 몇시까지 하나요",
            "speaker": {
              "id": "B",
              "sex": "남성",
              "age": "1그룹(10대~20대)"
            },
            "speechAct": "질문하기",
            "morpheme": "B/SL+./SY+시간/NNG+은/JX+몇/MM+시/NNBC+부터/JX+몇/MM+시/NNBC+까지/JX+하/VV+나요/EC"
          },
          {
            "id": 7,
            "text": "A. 오전 9시부터 13시까지 검정고시 7과목 진행합니다",
            "norm_text": "A. 오전 9시부터 13시까지 검정고시 7과목 진행합니다",
            "speaker": {
              "id": "A",
              "sex": "여성",
              "age": "1그룹(10대~20대)"
            },
            "speechAct": "진술하기",
            "morpheme": "A/SL+./SY+오전/NNG+9/SN+시/NNBC+부터/JX+13/SN+시/NNBC+까지/JX+검정고시/NNG+7/SN+과목/NNG+진행/NNG+합니다/XSV+EC"
          },
          {
            "id": 8,
            "text": "B. 지금 그 일정대로 검정고시 준비반이 있나요",
            "norm_text": "B. 지금 그 일정대로 검정고시 준비반이 있나요",
            "speaker": {
              "id": "B",
              "sex": "남성",
              "age": "1그룹(10대~20대)"
            },
            "speechAct": "질문하기",
            "morpheme": "B/SL+지금/MAG+그/MM+일정/NNG+대로/JX+검정고시/NNG+준비/NNG+반/NNG+이/JKS+있/VV+나요/EC"
          },
          {
            "id": 9,
            "text": "A. 네네 지금 8월 시험대비 기초반이 있습니다",
            "norm_text": "A. 네네 지금 8월 시험대비 기초반이 있습니다",
            "speaker": {
              "id": "A",
              "sex": "여성",
              "age": "1그룹(10대~20대)"
            },
            "speechAct": "진술하기",
            "morpheme": "A/SL+네네/IC+지금/MAG+8/SN+월/NNBC+시험/NNG+대비/NNG+기초/NNG+반/NNG+이/JKS+있/VA+습니다/EF"
          },
          {
            "id": 10,
            "text": "B. 아 잘됐네요 부모님이랑 상의하고 다시 연락드릴게요",
            "norm_text": "B. 아 잘됐네요 부모님이랑 상의하고 다시 연락드릴게요",
            "speaker": {
              "id": "B",
              "sex": "남성",
              "age": "1그룹(10대~20대)"
            },
            "speechAct": "약속하기(개인적 수준의 서약)",
            "morpheme": "B/SL+아/IC+잘/MAG+됐/VV+EP+네요/EF+부모/NNG+님/XSN+이랑/JKB+상의/NNG+하/XSV+고/EC+다시/MAG+연락/NNG+드릴게요/VV+EC"
          },
          {
            "id": 11,
            "text": "A. 빗길 조심하시고 행복한 하루 되세요 #@이름# 이었습니다",
            "norm_text": "A. 빗길 조심하시고 행복한 하루 되세요 #@이름# 이었습니다1",
            "speaker": {
              "id": "A",
              "sex": "여성",
              "age": "1그룹(10대~20대)"
            },
            "speechAct": "인사하기",
            "morpheme": "A/SL+./SY+빗길/NNG+조심/NNG+하/XSV+시/EP+고/EC+행복/NNG+한/XSA+ETM+하루/NNG+되/XSV+세요/EP+EF+#/SY+@/SY+이름/NNG+#/SY+이/VCP+었/EP+습니다/EF"
          }
        ]
      }
    }
  ]
}