{
  "dataset": {
    "identifier": 140976,
    "name": "e1_20211115_0006_0634_01",
    "src_path": "/data/file/cubeManager/PROJECT018/91/txt20211110140009024632/e1_20211115_0006_0634_01/",
    "label_path": "/data/file/cubeManager/PROJECT018/91/txt20211110140009024632/e1_20211115_0006_0634_01/",
    "category": 2,
    "type": 0
  },
  "licenses": {
    "name": "Apache License 1.0",
    "url": "http://www.apache.org/licenses/LICENSE-1.0"
  },
  "info": [
    {
      "id": 158413,
      "filename": "e1_0069_0056_02.txt",
      "title": "e1_0069_0056_02",
      "mediatype": "콜센터",
      "medianame": "콜센터",
      "category": "목적대화",
      "date": "2021-11-10",
      "size": 382,
      "annotations": {
        "subject": "프로그램 문의",
        "speaker_type": "1:1",
        "size": 382,
        "word_size": 86,
        "text": "A.무엇이든 도와드리겠습니다 #@소속# 상담원 #@이름#입니다\nB.네 안녕하세요 독서 논술 능력 검사 관련해서 문의드릴 게 있어서요\nA.네 무엇을 도와드릴까요\nB.종류가 여러 가지가 있던데 무슨 차이인가 해서요\nA.네 일단 독서 논술 행동검사는 초등 4학년부터 중등 3학년까지 대상이고요\nA.독서 논술에 흥미 태도 습관 환경 등이 평가 영역입니다\nB.논술 능력 진단평가는요\nA.말씀하신 논술 능력 진단평가는 중등 1학년부터 3학년까지 대상이고요\nA.어휘력 사고력 추론력 비판력 등이 평가 영역입니다\nB.네 자세한 설명 감사합니다\nA.참고로 논술 능력 진단평가비는 3000원이고요\nA.나머지 테스트는 무료로 받아보실 수 있습니다\nB.네 자세한 설명 감사합니다\nA.좋은 하루 보내세요 상담원 #@이름#이었습니다",
        "lines": [
          {
            "id": 1,
            "text": "A.무엇이든 도와드리겠습니다 #@소속# 상담원 #@이름#입니다",
            "norm_text": "A.무엇이든 도와드리겠습니다 #@소속# 상담원 #@이름#입니다",
            "speaker": {
              "id": "A",
              "sex": "여성",
              "age": "2그룹(30대~40대)"
            },
            "speechAct": "인사하기",
            "morpheme": "A/SL+무엇/NP+이/VCP+든/EC+도와/VV+EC+드리/VX+겠/EP+습니다/EF+#/SY+@/SY+소속/NNG+#/SY+상담원/NNG+#/SY+@/SY+이름/NNG+#/SY+입니다/VCP+EC"
          },
          {
            "id": 2,
            "text": "B.네 안녕하세요 독서 논술 능력 검사 관련해서 문의드릴 게 있어서요",
            "norm_text": "B.네 안녕하세요 독서 논술 능력 검사 관련해서 문의드릴 게 있어서요",
            "speaker": {
              "id": "B",
              "sex": "남성",
              "age": "2그룹(30대~40대)"
            },
            "speechAct": "진술하기",
            "morpheme": "B/SL+네/IC+안녕/NNG+하/XSV+세요/EP+EF+독서/NNG+논술/NNG+능력/NNG+검사/NNG+관련/NNG+해서/XSV+EC+문/NNG+의/JKG+드릴/VV+ETM+게/NNB+JKS+있/VA+어서요/EC"
          },
          {
            "id": 3,
            "text": "A.네 무엇을 도와드릴까요",
            "norm_text": "A.네 무엇을 도와드릴까요",
            "speaker": {
              "id": "A",
              "sex": "여성",
              "age": "2그룹(30대~40대)"
            },
            "speechAct": "질문하기",
            "morpheme": "A/SL+네/IC+무엇/NP+을/JKO+도와/VV+EC+드릴까요/VX+EC"
          },
          {
            "id": 4,
            "text": "B.종류가 여러 가지가 있던데 무슨 차이인가 해서요",
            "norm_text": "B.종류가 여러 가지가 있던데 무슨 차이인가 해서요",
            "speaker": {
              "id": "B",
              "sex": "남성",
              "age": "2그룹(30대~40대)"
            },
            "speechAct": "진술하기",
            "morpheme": "B/SL+./SY+종류/NNG+가/JKS+여러/MM+가지/NNBC+가/JKS+있/VA+던데/EC+무슨/MM+차이/NNG+인가/VCP+EC+해서/VX+EC+VCP+요/EC"
          },
          {
            "id": 5,
            "text": "A.네 일단 독서 논술 행동검사는 초등 4학년부터 중등 3학년까지 대상이고요",
            "norm_text": "A.네 일단 독서 논술 행동검사는 초등 4학년부터 중등 3학년까지 대상이고요",
            "speaker": {
              "id": "A",
              "sex": "여성",
              "age": "2그룹(30대~40대)"
            },
            "speechAct": "진술하기",
            "morpheme": "A/SL+네/IC+일단/MAG+독서/NNG+논술/NNG+행동/NNG+검사/NNG+는/JX+초등/NNG+4/SN+학년/NNG+부터/JX+중등/NNG+3/SN+학년/NNG+까지/JX+대상/NNG+이/JKS+고요/NNG"
          },
          {
            "id": 6,
            "text": "A.독서 논술에 흥미 태도 습관 환경 등이 평가 영역입니다",
            "norm_text": "A.독서 논술에 흥미 태도 습관 환경 등이 평가 영역입니다",
            "speaker": {
              "id": "A",
              "sex": "여성",
              "age": "2그룹(30대~40대)"
            },
            "speechAct": "진술하기",
            "morpheme": "A/SL+./SY+독서/NNG+논술/NNG+에/JKB+흥미/NNG+태도/NNG+습관/NNG+환경/NNG+등/NNB+이/JKS+평가/NNG+영역/NNG+입니다/VCP+EC"
          },
          {
            "id": 7,
            "text": "B.논술 능력 진단평가는요",
            "norm_text": "B.논술 능력 진단평가는요",
            "speaker": {
              "id": "B",
              "sex": "남성",
              "age": "2그룹(30대~40대)"
            },
            "speechAct": "질문하기",
            "morpheme": "B/SL+./SY+논술/NNG+능력/NNG+진단/NNG+평가/NNG+는/JX+요/JX"
          },
          {
            "id": 8,
            "text": "A.말씀하신 논술 능력 진단평가는 중등 1학년부터 3학년까지 대상이고요",
            "norm_text": "A.말씀하신 논술 능력 진단평가는 중등 1학년부터 3학년까지 대상이고요",
            "speaker": {
              "id": "A",
              "sex": "여성",
              "age": "2그룹(30대~40대)"
            },
            "speechAct": "진술하기",
            "morpheme": "A/SL+./SY+말씀/NNG+하/XSV+신/EP+ETM+논술/NNG+능력/NNG+진단/NNG+평가/NNG+는/JX+중등/NNG+1/SN+학년/NNG+부터/JX+3/SN+학년/NNG+까지/JX+대상/NNG+이/JKS+고요/NNG"
          },
          {
            "id": 9,
            "text": "A.어휘력 사고력 추론력 비판력 등이 평가 영역입니다",
            "norm_text": "A.어휘력 사고력 추론력 비판력 등이 평가 영역입니다",
            "speaker": {
              "id": "A",
              "sex": "여성",
              "age": "2그룹(30대~40대)"
            },
            "speechAct": "진술하기",
            "morpheme": "A/SL+./SY+어휘력/NNG+사고력/NNG+추론/NNG+력/XSN+비판력/NNG+등/NNB+이/JKS+평가/NNG+영역/NNG+입니다/VCP+EC"
          },
          {
            "id": 10,
            "text": "B.네 자세한 설명 감사합니다",
            "norm_text": "B.네 자세한 설명 감사합니다",
            "speaker": {
              "id": "B",
              "sex": "남성",
              "age": "2그룹(30대~40대)"
            },
            "speechAct": "감사하기",
            "morpheme": "B/SL+네/IC+자세/XR+한/XSA+ETM+설명/NNG+감사/NNG+합니다/XSV+EC"
          },
          {
            "id": 11,
            "text": "A.참고로 논술 능력 진단평가비는 3000원이고요",
            "norm_text": "A.참고로 논술 능력 진단평가비는 3000원이고요",
            "speaker": {
              "id": "A",
              "sex": "여성",
              "age": "2그룹(30대~40대)"
            },
            "speechAct": "진술하기",
            "morpheme": "A/SL+./SY+참고/NNG+로/JKB+논술/NNG+능력/NNG+진단/NNG+평가/NNG+비/NNG+는/JX+3000/SN+원/NNBC+이/VCP+고요/EC"
          },
          {
            "id": 12,
            "text": "A.나머지 테스트는 무료로 받아보실 수 있습니다",
            "norm_text": "A.나머지 테스트는 무료로 받아보실 수 있습니다",
            "speaker": {
              "id": "A",
              "sex": "여성",
              "age": "2그룹(30대~40대)"
            },
            "speechAct": "진술하기",
            "morpheme": "A/SL+./SY+나머지/NNG+테스트/NNG+는/JX+무료/NNG+로/JKB+받/VV+아/EC+보/VX+실/EP+ETM+수/NNB+있/VV+습니다/EF"
          },
          {
            "id": 13,
            "text": "B.네 자세한 설명 감사합니다",
            "norm_text": "B.네 자세한 설명 감사합니다",
            "speaker": {
              "id": "B",
              "sex": "남성",
              "age": "2그룹(30대~40대)"
            },
            "speechAct": "감사하기",
            "morpheme": "B/SL+네/IC+자세/XR+한/XSA+ETM+설명/NNG+감사/NNG+합니다/XSV+EC"
          },
          {
            "id": 14,
            "text": "A.좋은 하루 보내세요 상담원 #@이름#이었습니다",
            "norm_text": "A.좋은 하루 보내세요 상담원 #@이름#이었습니다",
            "speaker": {
              "id": "A",
              "sex": "여성",
              "age": "2그룹(30대~40대)"
            },
            "speechAct": "인사하기",
            "morpheme": "A/SL+좋/VA+은/ETM+하루/NNG+보내/VV+세요/EP+EF+상담원/NNG+#/SY+@/SY+이름/NNG+#/SY+이/VCP+었/EP+습니다/EF"
          }
        ]
      }
    }
  ]
}