{
  "dataset": {
    "identifier": 140092,
    "name": "e1_20211115_0006_0428_01",
    "src_path": "/data/file/cubeManager/PROJECT018/91/txt20211110140004097789/e1_20211115_0006_0428_01/",
    "label_path": "/data/file/cubeManager/PROJECT018/91/txt20211110140004097789/e1_20211115_0006_0428_01/",
    "category": 2,
    "type": 0
  },
  "licenses": {
    "name": "Apache License 1.0",
    "url": "http://www.apache.org/licenses/LICENSE-1.0"
  },
  "info": [
    {
      "id": 157904,
      "filename": "e1_0067_0045_02.txt",
      "title": "e1_0067_0045_02",
      "mediatype": "콜센터",
      "medianame": "콜센터",
      "category": "목적대화",
      "date": "2021-11-10",
      "size": 300,
      "annotations": {
        "subject": "프로그램 문의",
        "speaker_type": "1:1",
        "size": 300,
        "word_size": 81,
        "text": "A. 반갑습니다 #@소속# 입니다\nB. 안녕하세요 편입 상담 좀 해주실 수 있나요\nA. 네 편입 관련 어떤 부분 궁금하신가요\nB. 제가 23년도 편입 고려중인 학생인데요\nB. 편입 준비기간은 얼마나 잡아야 할까요\nA. 준비기간은 다양하나 대부분 1년 과정 편성됩니다\nB. 전 편입준비도 처음이고 기초도 부족한 것 같아서요\nA. 그러시면 21년 남은 기간 선행학습반 우선 추천드릴게요\nB. 그건 지금 자리가 남아있을까요\nA. 네 현재 여석 확인되어 입반 가능하십니다\nB. 아 그렇군요 더 고민해보고 전화 다시 할게요\nA. 네 알겠습니다 언제든 또 문의 주세요",
        "lines": [
          {
            "id": 1,
            "text": "A. 반갑습니다 #@소속# 입니다",
            "norm_text": "A. 반갑습니다 #@소속# 입니다",
            "speaker": {
              "id": "A",
              "sex": "여성",
              "age": "1그룹(10대~20대)"
            },
            "speechAct": "인사하기",
            "morpheme": "A/SL+반갑/VA+습니다/EF+#/SY+@/SY+소속/NNG+#/SY+입니다/VCP+EC"
          },
          {
            "id": 2,
            "text": "B. 안녕하세요 편입 상담 좀 해주실 수 있나요",
            "norm_text": "B. 안녕하세요 편입 상담 좀 해주실 수 있나요",
            "speaker": {
              "id": "B",
              "sex": "남성",
              "age": "1그룹(10대~20대)"
            },
            "speechAct": "질문하기",
            "morpheme": "B/SL+./SY+안녕/NNG+하/XSV+세요/EP+EF+편입/NNG+상담/NNG+좀/MAG+해/VV+EC+주/VX+실/EP+ETM+수/NNB+있/VV+나요/EC"
          },
          {
            "id": 3,
            "text": "A. 네 편입 관련 어떤 부분 궁금하신가요",
            "norm_text": "A. 네 편입 관련 어떤 부분 궁금하신가요",
            "speaker": {
              "id": "A",
              "sex": "여성",
              "age": "1그룹(10대~20대)"
            },
            "speechAct": "질문하기",
            "morpheme": "A/SL+네/IC+편입/NNG+관련/NNG+어떤/MM+부분/NNG+궁금/XR+하/XSA+신가요/EP+EC"
          },
          {
            "id": 4,
            "text": "B. 제가 23년도 편입 고려중인 학생인데요",
            "norm_text": "B. 제가 23년도 편입 고려중인 학생인데요",
            "speaker": {
              "id": "B",
              "sex": "남성",
              "age": "1그룹(10대~20대)"
            },
            "speechAct": "진술하기",
            "morpheme": "B/SL+제/NP+가/JKS+23/SN+년/NNBC+도/JX+편입/NNG+고려/NNG+중/NNB+인/VCP+ETM+학생/NNG+인데요/VCP+EC"
          },
          {
            "id": 5,
            "text": "B. 편입 준비기간은 얼마나 잡아야 할까요",
            "norm_text": "B. 편입 준비기간은 얼마나 잡아야 할까요",
            "speaker": {
              "id": "B",
              "sex": "남성",
              "age": "1그룹(10대~20대)"
            },
            "speechAct": "질문하기",
            "morpheme": "B/SL+./SY+편입/NNG+준비/NNG+기간/NNG+은/JX+얼마나/MAG+잡/VV+아야/EC+할까요/VX+EC"
          },
          {
            "id": 6,
            "text": "A. 준비기간은 다양하나 대부분 1년 과정 편성됩니다",
            "norm_text": "A. 준비기간은 다양하나 대부분 1년 과정 편성됩니다",
            "speaker": {
              "id": "A",
              "sex": "여성",
              "age": "1그룹(10대~20대)"
            },
            "speechAct": "진술하기",
            "morpheme": "A/SL+./SY+준비/NNG+기간/NNG+은/JX+다양/NNG+하나/NR+대부분/NNG+1/SN+년/NNBC+과정/NNG+편성/NNG+됩니다/XSV+EC"
          },
          {
            "id": 7,
            "text": "B. 전 편입준비도 처음이고 기초도 부족한 것 같아서요",
            "norm_text": "B. 전 편입준비도 처음이고 기초도 부족한 것 같아서요",
            "speaker": {
              "id": "B",
              "sex": "남성",
              "age": "1그룹(10대~20대)"
            },
            "speechAct": "진술하기",
            "morpheme": "B/SL+전/MM+편입/NNG+준비/NNG+도/JX+처음/NNG+이/VCP+고/EC+기초/NNG+도/JX+부족/NNG+한/XSA+ETM+것/NNB+같/VA+아서요/EC"
          },
          {
            "id": 8,
            "text": "A. 그러시면 21년 남은 기간 선행학습반 우선 추천드릴게요",
            "norm_text": "A. 그러시면 21년 남은 기간 선행학습반 우선 추천드릴게요",
            "speaker": {
              "id": "A",
              "sex": "여성",
              "age": "1그룹(10대~20대)"
            },
            "speechAct": "진술하기",
            "morpheme": "A/SL+그러/VV+시/EP+면/EC+21/SN+년/NNBC+남/VV+은/ETM+기간/NNG+선행/NNG+학습/NNG+반/NNG+우선/MAG+추천/NNG+드릴게요/VV+EC"
          },
          {
            "id": 9,
            "text": "B. 그건 지금 자리가 남아있을까요",
            "norm_text": "B. 그건 지금 자리가 남아있을까요",
            "speaker": {
              "id": "B",
              "sex": "남성",
              "age": "1그룹(10대~20대)"
            },
            "speechAct": "질문하기",
            "morpheme": "B/SL+그건/NP+JX+지금/MAG+자리/NNG+가/JKS+남/VV+아/EC+있/VX+을까요/EC"
          },
          {
            "id": 10,
            "text": "A. 네 현재 여석 확인되어 입반 가능하십니다",
            "norm_text": "A. 네 현재 여석 확인되어 입반 가능하십니다",
            "speaker": {
              "id": "A",
              "sex": "여성",
              "age": "1그룹(10대~20대)"
            },
            "speechAct": "진술하기",
            "morpheme": "A/SL+네/IC+현재/MAG+여석/NNG+확인/NNG+되/XSV+어/EC+입반/NNG+가능/NNG+하/XSV+십니다/EP+EC"
          },
          {
            "id": 11,
            "text": "B. 아 그렇군요 더 고민해보고 전화 다시 할게요",
            "norm_text": "B. 아 그렇군요 더 고민해보고 전화 다시 할게요",
            "speaker": {
              "id": "B",
              "sex": "남성",
              "age": "1그룹(10대~20대)"
            },
            "speechAct": "인사하기",
            "morpheme": "B/SL+아/IC+그렇/VA+군요/EC+더/MAG+고민/NNG+해/XSV+EC+보/VX+고/EC+전화/NNG+다시/MAG+할게요/VV+EC"
          },
          {
            "id": 12,
            "text": "A. 네 알겠습니다 언제든 또 문의 주세요",
            "norm_text": "A. 네 알겠습니다 언제든 또 문의 주세요",
            "speaker": {
              "id": "A",
              "sex": "여성",
              "age": "1그룹(10대~20대)"
            },
            "speechAct": "부탁하기",
            "morpheme": "A/SL+네/IC+알/VV+겠/EP+습니다/EF+언제/NP+든/VCP+EC+또/MAG+문/NNG+의/JKG+주세요/NNP"
          }
        ]
      }
    }
  ]
}