{
  "dataset": {
    "identifier": 139730,
    "name": "e1_20211115_0006_0273_01",
    "src_path": "/data/file/cubeManager/PROJECT018/91/txt20211110140003035979/e1_20211115_0006_0273_01/",
    "label_path": "/data/file/cubeManager/PROJECT018/91/txt20211110140003035979/e1_20211115_0006_0273_01/",
    "category": 2,
    "type": 0
  },
  "licenses": {
    "name": "Apache License 1.0",
    "url": "http://www.apache.org/licenses/LICENSE-1.0"
  },
  "info": [
    {
      "id": 157734,
      "filename": "e1_0066_0086_02.txt",
      "title": "e1_0066_0086_02",
      "mediatype": "콜센터",
      "medianame": "콜센터",
      "category": "목적대화",
      "date": "2021-11-10",
      "size": 288,
      "annotations": {
        "subject": "프로그램 문의",
        "speaker_type": "1:1",
        "size": 288,
        "word_size": 67,
        "text": "A. 늦게 받아 죄송합니다 #@소속# #@이름#입니다\nB. 수업은 온라인으로 진행된다고 알고 있는데요\nB. 수업에 포함된 중간시험이나 과제물 내는건 어떻게 해야 하나요\nA. 저희 학교는 수업 시험 과제 제출 모두 온라인으로 진행됩니다\nB. 온라인에서 다 하면 된다는거죠\nA. 네 온라인강의실에 들어가셔서 시험에 응하시면 됩니다\nB. 시험말고 과제도 온라인강의실에서 하면되나요\nA. 과제도 마찬가지로 온라인강의실에 업로드해 제출하시면 됩니다\nB. 네 알겠습니다 정보 감사합니다\nA. 하루 마무리 잘하시길 바랍니다 #@이름# 이었습니다",
        "lines": [
          {
            "id": 1,
            "text": "A. 늦게 받아 죄송합니다 #@소속# #@이름#입니다",
            "norm_text": "A. 늦게 받아 죄송합니다 #@소속# #@이름#입니다",
            "speaker": {
              "id": "A",
              "sex": "여성",
              "age": "1그룹(10대~20대)"
            },
            "speechAct": "인사하기",
            "morpheme": "A/SL+늦/VA+게/EC+받/VV+아/EC+죄송/XR+합니다/XSA+EF+#/SY+@/SY+소속/NNG+#/SY+#/SY+@/SY+이름/NNG+#/SY+입니다/VCP+EC"
          },
          {
            "id": 2,
            "text": "B. 수업은 온라인으로 진행된다고 알고 있는데요",
            "norm_text": "B. 수업은 온라인으로 진행된다고 알고 있는데요",
            "speaker": {
              "id": "B",
              "sex": "남성",
              "age": "1그룹(10대~20대)"
            },
            "speechAct": "진술하기",
            "morpheme": "B/SL+./SY+수업/NNG+은/JX+온라인/NNG+으로/JKB+진행/NNG+된다고/XSV+EC+알/VV+고/EC+있/VX+는데요/EC"
          },
          {
            "id": 3,
            "text": "B. 수업에 포함된 중간시험이나 과제물 내는건 어떻게 해야 하나요",
            "norm_text": "B. 수업에 포함된 중간시험이나 과제물 내는건 어떻게 해야 하나요",
            "speaker": {
              "id": "B",
              "sex": "남성",
              "age": "1그룹(10대~20대)"
            },
            "speechAct": "질문하기",
            "morpheme": "B/SL+./SY+수업/NNG+에/JKB+포함/NNG+된/XSV+ETM+중간/NNG+시험/NNG+이나/JC+과제물/NNG+내/VV+는/ETM+건/NNB+JX+어떻/VA+게/EC+해야/VV+EC+하/VV+나요/EC"
          },
          {
            "id": 4,
            "text": "A. 저희 학교는 수업 시험 과제 제출 모두 온라인으로 진행됩니다",
            "norm_text": "A. 저희 학교는 수업 시험 과제 제출 모두 온라인으로 진행됩니다",
            "speaker": {
              "id": "A",
              "sex": "여성",
              "age": "1그룹(10대~20대)"
            },
            "speechAct": "진술하기",
            "morpheme": "A/SL+저희/NP+학교/NNG+는/JX+수업/NNG+시험/NNG+과제/NNG+제출/NNG+모두/MAG+온라인/NNG+으로/JKB+진행/NNG+됩니다/XSV+EC"
          },
          {
            "id": 5,
            "text": "B. 온라인에서 다 하면 된다는거죠",
            "norm_text": "B. 온라인에서 다 하면 된다는거죠",
            "speaker": {
              "id": "B",
              "sex": "남성",
              "age": "1그룹(10대~20대)"
            },
            "speechAct": "질문하기",
            "morpheme": "B/SL+./SY+온라인/NNG+에서/JKB+다/MAG+하/VV+면/EC+된다는/VV+ETM+거/NNB+죠/VCP+EC"
          },
          {
            "id": 6,
            "text": "A. 네 온라인강의실에 들어가셔서 시험에 응하시면 됩니다",
            "norm_text": "A. 네 온라인강의실에 들어가셔서 시험에 응하시면 됩니다",
            "speaker": {
              "id": "A",
              "sex": "여성",
              "age": "1그룹(10대~20대)"
            },
            "speechAct": "명령하기/요구하기",
            "morpheme": "A/SL+네/IC+온라인/NNG+강의실/NNG+에/JKB+들어가/VV+셔서/EP+EC+시험/NNG+에/JKB+응하/VV+시/EP+면/EC+됩니다/VX+EC"
          },
          {
            "id": 7,
            "text": "B. 시험말고 과제도 온라인강의실에서 하면되나요",
            "norm_text": "B. 시험말고 과제도 온라인강의실에서 하면되나요",
            "speaker": {
              "id": "B",
              "sex": "남성",
              "age": "1그룹(10대~20대)"
            },
            "speechAct": "질문하기",
            "morpheme": "B/SL+./SY+시험/NNG+말/VV+고/EC+과제/NNG+도/JX+온라인/NNG+강의실/NNG+에서/JKB+하/VV+면/EC+되/VV+나요/EC"
          },
          {
            "id": 8,
            "text": "A. 과제도 마찬가지로 온라인강의실에 업로드해 제출하시면 됩니다",
            "norm_text": "A. 과제도 마찬가지로 온라인강의실에 업로드해 제출하시면 됩니다",
            "speaker": {
              "id": "A",
              "sex": "여성",
              "age": "1그룹(10대~20대)"
            },
            "speechAct": "명령하기/요구하기",
            "morpheme": "A/SL+./SY+과제/NNG+도/JX+마찬가지/NNG+로/JKB+온라인/NNG+강의실/NNG+에/JKB+업로드/NNG+해/XSV+EC+제출/NNG+하/XSV+시/EP+면/EC+됩니다/VX+EC"
          },
          {
            "id": 9,
            "text": "B. 네 알겠습니다 정보 감사합니다",
            "norm_text": "B. 네 알겠습니다 정보 감사합니다",
            "speaker": {
              "id": "B",
              "sex": "남성",
              "age": "1그룹(10대~20대)"
            },
            "speechAct": "감사하기",
            "morpheme": "B/SL+네/IC+알/VV+겠/EP+습니다/EF+정보/NNG+감사/NNG+합니다/XSV+EC"
          },
          {
            "id": 10,
            "text": "A. 하루 마무리 잘하시길 바랍니다 #@이름# 이었습니다",
            "norm_text": "A. 하루 마무리 잘하시길 바랍니다 #@이름# 이었습니다",
            "speaker": {
              "id": "A",
              "sex": "여성",
              "age": "1그룹(10대~20대)"
            },
            "speechAct": "인사하기",
            "morpheme": "A/SL+./SY+하루/NNG+마무리/NNG+잘/MAG+하/VV+시/EP+길/ETN+JKO+바랍니다/VV+EF+#/SY+@/SY+이름/NNG+#/SY+이/VCP+었/EP+습니다/EF"
          }
        ]
      }
    }
  ]
}