{
  "dataset": {
    "identifier": 140523,
    "name": "e1_20211115_0006_0567_01",
    "src_path": "/data/file/cubeManager/PROJECT018/91/txt202111101400050962101/e1_20211115_0006_0567_01/",
    "label_path": "/data/file/cubeManager/PROJECT018/91/txt202111101400050962101/e1_20211115_0006_0567_01/",
    "category": 2,
    "type": 0
  },
  "licenses": {
    "name": "Apache License 1.0",
    "url": "http://www.apache.org/licenses/LICENSE-1.0"
  },
  "info": [
    {
      "id": 158041,
      "filename": "e1_0067_0182_02.txt",
      "title": "e1_0067_0182_02",
      "mediatype": "콜센터",
      "medianame": "콜센터",
      "category": "목적대화",
      "date": "2021-11-10",
      "size": 236,
      "annotations": {
        "subject": "프로그램 문의",
        "speaker_type": "1:1",
        "size": 236,
        "word_size": 67,
        "text": "A. 안녕하세요 내일을 약속하는 교육방송 #@소속# 입니다\nB. 네 저 영어쪽 문의 좀 드리려구요\nA. 네 영어 어떤 부분 안내 도와드릴까요\nB. 일반 강좌 말고 혹시 따로 해볼만한 테스트 있나요\nA. 네 #@상품# 영어 레벨테스트 가능하세요\nB. 아 혹시 테스트 문항이나 시간 알 수 있을까요\nA. 듣기 25문항 읽기 15문항으로 총 30분 주어집니다\nB. 아 네 상세한 답변 감사합니다\nA. 네 다른 문의 사항 생기시면 또 연락주세요",
        "lines": [
          {
            "id": 1,
            "text": "A. 안녕하세요 내일을 약속하는 교육방송 #@소속# 입니다",
            "norm_text": "A. 안녕하세요 내일을 약속하는 교육방송 #@소속# 입니다",
            "speaker": {
              "id": "A",
              "sex": "여성",
              "age": "1그룹(10대~20대)"
            },
            "speechAct": "인사하기",
            "morpheme": "A/SL+./SY+안녕/NNG+하/XSV+세요/EP+EF+내일/NNG+을/JKO+약속/NNG+하/XSV+는/ETM+교육/NNG+방송/NNG+#/SY+@/SY+소속/NNG+#/SY+입니다/VCP+EC"
          },
          {
            "id": 2,
            "text": "B. 네 저 영어쪽 문의 좀 드리려구요",
            "norm_text": "B. 네 저 영어쪽 문의 좀 드리려구요",
            "speaker": {
              "id": "B",
              "sex": "남성",
              "age": "1그룹(10대~20대)"
            },
            "speechAct": "진술하기",
            "morpheme": "B/SL+네/IC+저/MM+영어/NNG+쪽문/NNG+의/JKG+좀/MAG+드리/VV+려구요/EC"
          },
          {
            "id": 3,
            "text": "A. 네 영어 어떤 부분 안내 도와드릴까요",
            "norm_text": "A. 네 영어 어떤 부분 안내 도와드릴까요",
            "speaker": {
              "id": "A",
              "sex": "여성",
              "age": "1그룹(10대~20대)"
            },
            "speechAct": "질문하기",
            "morpheme": "A/SL+네/IC+영어/NNG+어떤/MM+부분/NNG+안내/NNG+도와/VV+EC+드릴까요/VX+EC"
          },
          {
            "id": 4,
            "text": "B. 일반 강좌 말고 혹시 따로 해볼만한 테스트 있나요",
            "norm_text": "B. 일반 강좌 말고 혹시 따로 해볼만한 테스트 있나요",
            "speaker": {
              "id": "B",
              "sex": "남성",
              "age": "1그룹(10대~20대)"
            },
            "speechAct": "질문하기",
            "morpheme": "B/SL+./SY+일반/NNG+강좌/NNG+말/VV+고/EC+혹시/MAG+따로/MAG+해/VV+EC+볼/VX+ETM+만/NNB+한/XSA+ETM+테스트/NNG+있/VV+나요/EC"
          },
          {
            "id": 5,
            "text": "A. 네 #@상품# 영어 레벨테스트 가능하세요",
            "norm_text": "A. 네 #@상품# 영어 레벨테스트 가능하세요",
            "speaker": {
              "id": "A",
              "sex": "여성",
              "age": "1그룹(10대~20대)"
            },
            "speechAct": "진술하기",
            "morpheme": "A/SL+네/IC+#/SY+@/SY+상품/NNG+#/SY+영어/NNG+레벨/NNG+테스트/NNG+가능/NNG+하/XSV+세요/EP+EF"
          },
          {
            "id": 6,
            "text": "B. 아 혹시 테스트 문항이나 시간 알 수 있을까요",
            "norm_text": "B. 아 혹시 테스트 문항이나 시간 알 수 있을까요",
            "speaker": {
              "id": "B",
              "sex": "남성",
              "age": "1그룹(10대~20대)"
            },
            "speechAct": "질문하기",
            "morpheme": "B/SL+아/IC+혹시/MAG+테스트/NNG+문항/NNG+이나/JC+시간/NNG+알/VV+ETM+수/NNB+있/VV+을까요/EC"
          },
          {
            "id": 7,
            "text": "A. 듣기 25문항 읽기 15문항으로 총 30분 주어집니다",
            "norm_text": "A. 듣기 25문항 읽기 15문항으로 총 30분 주어집니다",
            "speaker": {
              "id": "A",
              "sex": "여성",
              "age": "1그룹(10대~20대)"
            },
            "speechAct": "진술하기",
            "morpheme": "A/SL+듣/VV+기/ETN+25/SN+문항/NNG+읽/VV+기/ETN+15/SN+문항/NNG+으로/JKB+총/MM+30/SN+분/NNBC+주/VV+어/EC+집니다/VX+EC"
          },
          {
            "id": 8,
            "text": "B. 아 네 상세한 답변 감사합니다",
            "norm_text": "B. 아 네 상세한 답변 감사합니다",
            "speaker": {
              "id": "B",
              "sex": "남성",
              "age": "1그룹(10대~20대)"
            },
            "speechAct": "감사하기",
            "morpheme": "B/SL+아/IC+네/IC+상세/XR+한/XSA+ETM+답변/NNG+감사/NNG+합니다/XSV+EC"
          },
          {
            "id": 9,
            "text": "A. 네 다른 문의 사항 생기시면 또 연락주세요",
            "norm_text": "A. 네 다른 문의 사항 생기시면 또 연락주세요",
            "speaker": {
              "id": "A",
              "sex": "여성",
              "age": "1그룹(10대~20대)"
            },
            "speechAct": "인사하기",
            "morpheme": "A/SL+네/IC+다른/MM+문/NNG+의/JKG+사항/NNG+생기/VV+시/EP+면/EC+또/MAG+연락/NNG+주세요/NNP"
          }
        ]
      }
    }
  ]
}