{
  "dataset": {
    "identifier": 140073,
    "name": "e1_20211115_0006_0423_01",
    "src_path": "/data/file/cubeManager/PROJECT018/91/txt20211110140004094017/e1_20211115_0006_0423_01/",
    "label_path": "/data/file/cubeManager/PROJECT018/91/txt20211110140004094017/e1_20211115_0006_0423_01/",
    "category": 2,
    "type": 0
  },
  "licenses": {
    "name": "Apache License 1.0",
    "url": "http://www.apache.org/licenses/LICENSE-1.0"
  },
  "info": [
    {
      "id": 157899,
      "filename": "e1_0067_0040_02.txt",
      "title": "e1_0067_0040_02",
      "mediatype": "콜센터",
      "medianame": "콜센터",
      "category": "목적대화",
      "date": "2021-11-10",
      "size": 299,
      "annotations": {
        "subject": "프로그램 문의",
        "speaker_type": "1:1",
        "size": 299,
        "word_size": 79,
        "text": "A. 반갑습니다 #@소속#입니다\nB. 네 저 다음달부터 학원 다니고 싶어서 상담하려구요\nA. 네 안녕하세요 어떤 부분 상담 도와드릴까요\nB. #@이름# 교수님 단기완성반 관심이 있는데요\nB. 다음달 시작하면 너무 늦지않을까 해서요\nA. 등록 후 이번달 해당되는 인강 먼저 체크하시면요\nA. 다음달 현강 수업 따라가는데 무리 없으세요\nB. 아 네 다음달 커리큘럼은 어떻게 되나요\nA. 다음달은 LV2 교재의 남은 부분 우선 진행되구요\nA. 그 후 이어서 LV3 문법과정 진행됩니다\nB. 아 네 친절한 답변 감사합니다\nA. 감사합니다 오늘도 좋은 하루 되세요",
        "lines": [
          {
            "id": 1,
            "text": "A. 반갑습니다 #@소속#입니다",
            "norm_text": "A. 반갑습니다 #@소속#입니다",
            "speaker": {
              "id": "A",
              "sex": "여성",
              "age": "1그룹(10대~20대)"
            },
            "speechAct": "인사하기",
            "morpheme": "A/SL+반갑/VA+습니다/EF+#/SY+@/SY+소속/NNG+#/SY+입니다/VCP+EC"
          },
          {
            "id": 2,
            "text": "B. 네 저 다음달부터 학원 다니고 싶어서 상담하려구요",
            "norm_text": "B. 네 저 다음달부터 학원 다니고 싶어서 상담하려구요",
            "speaker": {
              "id": "B",
              "sex": "남성",
              "age": "1그룹(10대~20대)"
            },
            "speechAct": "진술하기",
            "morpheme": "B/SL+네/IC+저/MM+다음/NNG+달/NNG+부터/JX+학원/NNG+다니/VV+고/EC+싶/VX+어서/EC+상담/NNG+하/XSV+려구요/EC"
          },
          {
            "id": 3,
            "text": "A. 네 안녕하세요 어떤 부분 상담 도와드릴까요",
            "norm_text": "A. 네 안녕하세요 어떤 부분 상담 도와드릴까요",
            "speaker": {
              "id": "A",
              "sex": "여성",
              "age": "1그룹(10대~20대)"
            },
            "speechAct": "질문하기",
            "morpheme": "A/SL+네/IC+안녕/NNG+하/XSV+세요/EP+EF+어떤/MM+부분/NNG+상담/NNG+도와/VV+EC+드릴까요/VX+EC"
          },
          {
            "id": 4,
            "text": "B. #@이름# 교수님 단기완성반 관심이 있는데요",
            "norm_text": "B. #@이름# 교수님 단기완성반 관심이 있는데요",
            "speaker": {
              "id": "B",
              "sex": "남성",
              "age": "1그룹(10대~20대)"
            },
            "speechAct": "진술하기",
            "morpheme": "B/SL+./SY+#/SY+@/SY+이름/NNG+#/SY+교수/NNG+님/XSN+단기/NNG+완성/NNG+반/NNG+관심/NNG+이/JKS+있/VV+는데요/EC"
          },
          {
            "id": 5,
            "text": "B. 다음달 시작하면 너무 늦지않을까 해서요",
            "norm_text": "B. 다음달 시작하면 너무 늦지않을까 해서요",
            "speaker": {
              "id": "B",
              "sex": "남성",
              "age": "1그룹(10대~20대)"
            },
            "speechAct": "진술하기",
            "morpheme": "B/SL+./SY+다음/NNG+달/NNG+시작/NNG+하/XSV+면/EC+너무/MAG+늦/VA+지/EC+않/VX+을까/EC+해서/VX+EC+VCP+요/EC"
          },
          {
            "id": 6,
            "text": "A. 등록 후 이번달 해당되는 인강 먼저 체크하시면요",
            "norm_text": "A. 등록 후 이번달 해당되는 인강 먼저 체크하시면요",
            "speaker": {
              "id": "A",
              "sex": "여성",
              "age": "1그룹(10대~20대)"
            },
            "speechAct": "진술하기",
            "morpheme": "A/SL+./SY+등록/NNG+후/NNG+이번/NNG+달/NNG+해당/NNG+되/XSV+는/ETM+인/+강/+먼저/MAG+체크/NNG+하/XSV+시/EP+면/EC+요/JX"
          },
          {
            "id": 7,
            "text": "A. 다음달 현강 수업 따라가는데 무리 없으세요",
            "norm_text": "A. 다음달 현강 수업 따라가는데 무리 없으세요",
            "speaker": {
              "id": "A",
              "sex": "여성",
              "age": "1그룹(10대~20대)"
            },
            "speechAct": "진술하기",
            "morpheme": "A/SL+./SY+다음/NNG+달/NNG+현/MM+강/NNG+수업/NNG+따라가/VV+는데/EC+무리/NNG+없/VA+으세요/EP+EP+EC"
          },
          {
            "id": 8,
            "text": "B. 아 네 다음달 커리큘럼은 어떻게 되나요",
            "norm_text": "B. 아 네 다음달 커리큘럼은 어떻게 되나요",
            "speaker": {
              "id": "B",
              "sex": "남성",
              "age": "1그룹(10대~20대)"
            },
            "speechAct": "질문하기",
            "morpheme": "B/SL+아/IC+네/IC+다음/NNG+달/NNG+커리큘럼/NNG+은/JX+어떻게/MAG+되/VV+나요/EC"
          },
          {
            "id": 9,
            "text": "A. 다음달은 LV2 교재의 남은 부분 우선 진행되구요",
            "norm_text": "A. 다음달은 LV2 교재의 남은 부분 우선 진행되구요",
            "speaker": {
              "id": "A",
              "sex": "여성",
              "age": "1그룹(10대~20대)"
            },
            "speechAct": "질문하기",
            "morpheme": "A/SL+./SY+다음/NNG+달/VV+은/ETM+LV/SL+2/SN+교재/NNG+의/JKG+남/NNG+은/JX+부분/NNG+우선/MAG+진행/NNG+되/XSV+구요/EC"
          },
          {
            "id": 10,
            "text": "A. 그 후 이어서 LV3 문법과정 진행됩니다",
            "norm_text": "A. 그 후 이어서 LV3 문법과정 진행됩니다",
            "speaker": {
              "id": "A",
              "sex": "여성",
              "age": "1그룹(10대~20대)"
            },
            "speechAct": "진술하기",
            "morpheme": "A/SL+그/MM+후/NNG+이/VCP+어서/EC+LV/SL+3/SN+문법/NNG+과정/NNG+진행/NNG+됩니다/XSV+EC"
          },
          {
            "id": 11,
            "text": "B. 아 네 친절한 답변 감사합니다",
            "norm_text": "B. 아 네 친절한 답변 감사합니다",
            "speaker": {
              "id": "B",
              "sex": "남성",
              "age": "1그룹(10대~20대)"
            },
            "speechAct": "감사하기",
            "morpheme": "B/SL+아/IC+네/IC+친절/NNG+한/XSA+ETM+답변/NNG+감사/NNG+합니다/XSV+EC"
          },
          {
            "id": 12,
            "text": "A. 감사합니다 오늘도 좋은 하루 되세요",
            "norm_text": "A. 감사합니다 오늘도 좋은 하루 되세요",
            "speaker": {
              "id": "A",
              "sex": "여성",
              "age": "1그룹(10대~20대)"
            },
            "speechAct": "인사하기",
            "morpheme": "A/SL+./SY+감사/NNG+합니다/XSV+EF+오늘/NNG+도/JX+좋/VA+은/ETM+하루/NNG+되/XSV+세요/EP+EF"
          }
        ]
      }
    }
  ]
}