{
  "dataset": {
    "identifier": 139644,
    "name": "e1_20211115_0006_0223_01",
    "src_path": "/data/file/cubeManager/PROJECT018/91/txt202111101400020927102/e1_20211115_0006_0223_01/",
    "label_path": "/data/file/cubeManager/PROJECT018/91/txt202111101400020927102/e1_20211115_0006_0223_01/",
    "category": 2,
    "type": 0
  },
  "licenses": {
    "name": "Apache License 1.0",
    "url": "http://www.apache.org/licenses/LICENSE-1.0"
  },
  "info": [
    {
      "id": 157684,
      "filename": "e1_0066_0036_02.txt",
      "title": "e1_0066_0036_02",
      "mediatype": "콜센터",
      "medianame": "콜센터",
      "category": "목적대화",
      "date": "2021-11-10",
      "size": 387,
      "annotations": {
        "subject": "프로그램 문의",
        "speaker_type": "1:1",
        "size": 387,
        "word_size": 99,
        "text": "A. 안녕하세요 #@소속#에서 전화받은 상담원 #@이름#입니다\nB. 아네 안녕하세요 지금 #@소속#에서 강좌 구매하려고 하는데요\nB. 완강 강좌랑 진행 중 강좌 이렇게 나누어져 있더라고요\nA. 네 맞습니다 완강 강좌와 진행 중인 강좌로 구분되어 있습니다\nB. 두 개 차이를 모르겠는데 설명 좀 해주세요\nA. 완강 강좌는 1강부터 마지막 강의까지 홈페이지에 업데이트가 된 강좌고요\nA. 진행 중 강좌는 매주 일정 분량씩 홈페이지에 업데이트되고 있는 강좌입니다\nB. 아 그럼 완강 강좌는 결제하자마자 마지막 강의까지 다 볼 수 있는 거죠\nA. 네 맞습니다 완강 강좌는 결제 이후에 자유롭게 시청이 가능하세요\nB. 아 네 이해했어요 알려주셔서 감사합니다\nA. 눈길 조심하시고 좋은 하루 보내세요 #@이름# 이었습니다",
        "lines": [
          {
            "id": 1,
            "text": "A. 안녕하세요 #@소속#에서 전화받은 상담원 #@이름#입니다",
            "norm_text": "A. 안녕하세요 #@소속#에서 전화받은 상담원 #@이름#입니다",
            "speaker": {
              "id": "A",
              "sex": "여성",
              "age": "1그룹(10대~20대)"
            },
            "speechAct": "인사하기",
            "morpheme": "A/SL+./SY+안녕/NNG+하/XSV+세요/EP+EF+#/SY+@/SY+소속/NNG+#/SY+에서/JKB+전화/NNG+받/VV+은/ETM+상담원/NNG+#/SY+@/SY+이름/NNG+#/SY+입니다/VCP+EC"
          },
          {
            "id": 2,
            "text": "B. 아네 안녕하세요 지금 #@소속#에서 강좌 구매하려고 하는데요",
            "norm_text": "B. 아네 안녕하세요 지금 #@소속#에서 강좌 구매하려고 하는데요",
            "speaker": {
              "id": "B",
              "sex": "남성",
              "age": "1그룹(10대~20대)"
            },
            "speechAct": "진술하기",
            "morpheme": "B/SL+아/IC+네/IC+안녕/NNG+하/XSV+세요/EP+EF+지금/MAG+#/SY+@/SY+소속/NNG+#/SY+에서/JKB+강좌/NNG+구매/NNG+하/XSV+려고/EC+하/VV+는데요/EC"
          },
          {
            "id": 3,
            "text": "B. 완강 강좌랑 진행 중 강좌 이렇게 나누어져 있더라고요",
            "norm_text": "B. 완강 강좌랑 진행 중 강좌 이렇게 나누어져 있더라고요",
            "speaker": {
              "id": "B",
              "sex": "남성",
              "age": "1그룹(10대~20대)"
            },
            "speechAct": "진술하기",
            "morpheme": "B/SL+./SY+완강/NNG+강좌/NNG+랑/JKB+진행/NNG+중/NNB+강좌/NNG+이렇게/MAG+나누/VV+어/EC+져/VX+EC+있/VX+더라고요/EC"
          },
          {
            "id": 4,
            "text": "A. 네 맞습니다 완강 강좌와 진행 중인 강좌로 구분되어 있습니다",
            "norm_text": "A. 네 맞습니다 완강 강좌와 진행 중인 강좌로 구분되어 있습니다",
            "speaker": {
              "id": "A",
              "sex": "여성",
              "age": "1그룹(10대~20대)"
            },
            "speechAct": "진술하기",
            "morpheme": "A/SL+네/IC+맞/VV+습니다/EF+완강/NNG+강좌/NNG+와/JC+진행/NNG+중/NNB+인/VCP+ETM+강좌/NNG+로/JKB+구분/NNG+되/XSV+어/EC+있/VX+습니다/EF"
          },
          {
            "id": 5,
            "text": "B. 두 개 차이를 모르겠는데 설명 좀 해주세요",
            "norm_text": "B. 두 개 차이를 모르겠는데 설명 좀 해주세요",
            "speaker": {
              "id": "B",
              "sex": "남성",
              "age": "1그룹(10대~20대)"
            },
            "speechAct": "부탁하기",
            "morpheme": "B/SL+두/MM+개/NNBC+차이/NNG+를/JKO+모르/VV+겠/EP+는데/EC+설명/NNG+좀/MAG+해/VV+EC+주/VX+세요/EP+EF"
          },
          {
            "id": 6,
            "text": "A. 완강 강좌는 1강부터 마지막 강의까지 홈페이지에 업데이트가 된 강좌고요",
            "norm_text": "A. 완강 강좌는 1강부터 마지막 강의까지 홈페이지에 업데이트가 된 강좌고요",
            "speaker": {
              "id": "A",
              "sex": "여성",
              "age": "1그룹(10대~20대)"
            },
            "speechAct": "진술하기",
            "morpheme": "A/SL+./SY+완강/NNG+강좌/NNG+는/JX+1/SN+강/NNG+부터/JX+마지막/NNG+강의/NNG+까지/JX+홈페이지/NNG+에/JKB+업데이트/NNG+가/JKS+된/VV+ETM+강좌/NNG+고요/NNG"
          },
          {
            "id": 7,
            "text": "A. 진행 중 강좌는 매주 일정 분량씩 홈페이지에 업데이트되고 있는 강좌입니다",
            "norm_text": "A. 진행 중 강좌는 매주 일정 분량씩 홈페이지에 업데이트되고 있는 강좌입니다",
            "speaker": {
              "id": "A",
              "sex": "여성",
              "age": "1그룹(10대~20대)"
            },
            "speechAct": "진술하기",
            "morpheme": "A/SL+./SY+진행/NNG+중/NNB+강좌/NNG+는/JX+매주/NNG+일정/NNG+분량/NNG+씩/XSN+홈페이지/NNG+에/JKB+업데이트/NNG+되/XSV+고/EC+있/VX+는/ETM+강좌/NNG+입니다/VCP+EC"
          },
          {
            "id": 8,
            "text": "B. 아 그럼 완강 강좌는 결제하자마자 마지막 강의까지 다 볼 수 있는 거죠",
            "norm_text": "B. 아 그럼 완강 강좌는 결제하자마자 마지막 강의까지 다 볼 수 있는 거죠",
            "speaker": {
              "id": "B",
              "sex": "남성",
              "age": "1그룹(10대~20대)"
            },
            "speechAct": "질문하기",
            "morpheme": "B/SL+아/IC+그럼/MAJ+완강/NNG+강좌/NNG+는/JX+결제/NNG+하/XSV+자마자/EC+마지막/NNG+강의/NNG+까지/JX+다/MAG+볼/VV+ETM+수/NNB+있/VV+는/ETM+거/NNB+죠/VCP+EC"
          },
          {
            "id": 9,
            "text": "A. 네 맞습니다 완강 강좌는 결제 이후에 자유롭게 시청이 가능하세요",
            "norm_text": "A. 네 맞습니다 완강 강좌는 결제 이후에 자유롭게 시청이 가능하세요",
            "speaker": {
              "id": "A",
              "sex": "여성",
              "age": "1그룹(10대~20대)"
            },
            "speechAct": "진술하기",
            "morpheme": "A/SL+네/IC+맞/VV+습니다/EF+완강/NNG+강좌/NNG+는/JX+결제/NNG+이후/NNG+에/JKB+자유/NNG+롭/XSA+게/EC+시청/NNG+이/JKS+가능/NNG+하/XSV+세요/EP+EF"
          },
          {
            "id": 10,
            "text": "B. 아 네 이해했어요 알려주셔서 감사합니다",
            "norm_text": "B. 아 네 이해했어요 알려주셔서 감사합니다",
            "speaker": {
              "id": "B",
              "sex": "남성",
              "age": "1그룹(10대~20대)"
            },
            "speechAct": "감사하기",
            "morpheme": "B/SL+아/IC+네/IC+이해/NNG+했/XSV+EP+어요/EF+알려/VV+EC+주/VX+셔서/EP+EC+감사/NNG+합니다/XSV+EC"
          },
          {
            "id": 11,
            "text": "A. 눈길 조심하시고 좋은 하루 보내세요 #@이름# 이었습니다",
            "norm_text": "A. 눈길 조심하시고 좋은 하루 보내세요 #@이름# 이었습니다",
            "speaker": {
              "id": "A",
              "sex": "여성",
              "age": "1그룹(10대~20대)"
            },
            "speechAct": "인사하기",
            "morpheme": "A/SL+./SY+눈길/NNG+조심/NNG+하/XSV+시/EP+고/EC+좋/VA+은/ETM+하루/NNG+보내/VV+세요/EP+EF+#/SY+@/SY+이름/NNG+#/SY+이/VCP+었/EP+습니다/EF"
          }
        ]
      }
    }
  ]
}