{
  "dataset": {
    "identifier": 139811,
    "name": "e1_20211115_0006_0329_01",
    "src_path": "/data/file/cubeManager/PROJECT018/91/txt20211110140004007988/e1_20211115_0006_0329_01/",
    "label_path": "/data/file/cubeManager/PROJECT018/91/txt20211110140004007988/e1_20211115_0006_0329_01/",
    "category": 2,
    "type": 0
  },
  "licenses": {
    "name": "Apache License 1.0",
    "url": "http://www.apache.org/licenses/LICENSE-1.0"
  },
  "info": [
    {
      "id": 157805,
      "filename": "e1_0066_0157_02.txt",
      "title": "e1_0066_0157_02",
      "mediatype": "콜센터",
      "medianame": "콜센터",
      "category": "목적대화",
      "date": "2021-11-10",
      "size": 297,
      "annotations": {
        "subject": "프로그램 문의",
        "speaker_type": "1:1",
        "size": 297,
        "word_size": 69,
        "text": "A.무엇을 도와드릴까요 #@소속# #@이름#입니다\nB.제가 지금 수업을 주 3회 듣고 싶은데 월 목 금 이렇게 할 수 있나요\nB.그리고 월 금은 오후 2시 금요일은 오후 7시에 할 수 있을까요\nA.죄송하지만 주 3회 수업은 월수금으로 요일이 고정이 되어있습니다\nB.한개의 주5회 상품을 두개로 변환해서 나누는건 안되나요\nA.네 수강상품을 두개로 변환하는것도 따로 불가능하십니다\nB.혹시 왜 안되는건가요\nA.수강상품 하나당 수업은 한개씩만 생성이 되서 불가능합니다\nB.아 그렇군요 아쉽지만 알겠습니다\nA.도움을 못드려 죄송합니다 #@이름# 이었습니다",
        "lines": [
          {
            "id": 1,
            "text": "A.무엇을 도와드릴까요 #@소속# #@이름#입니다",
            "norm_text": "A.무엇을 도와드릴까요 #@소속# #@이름#입니다",
            "speaker": {
              "id": "A",
              "sex": "여성",
              "age": "1그룹(10대~20대)"
            },
            "speechAct": "인사하기",
            "morpheme": "A/SL+무엇/NP+을/JKO+도와/VV+EC+드릴까요/VX+EC+#/SY+@/SY+소속/NNG+#/SY+#/SY+@/SY+이름/NNG+#/SY+입니다/VCP+EC"
          },
          {
            "id": 2,
            "text": "B.제가 지금 수업을 주 3회 듣고 싶은데 월 목 금 이렇게 할 수 있나요",
            "norm_text": "B.제가 지금 수업을 주 3회 듣고 싶은데 월 목 금 이렇게 할 수 있나요",
            "speaker": {
              "id": "B",
              "sex": "남성",
              "age": "1그룹(10대~20대)"
            },
            "speechAct": "질문하기",
            "morpheme": "B/SL+제/NP+가/JKS+지금/MAG+수업/NNG+을/JKO+주/NNG+3/SN+회/NNBC+듣/VV+고/EC+싶/VX+은데/EC+월/MAG+목금/MAG+이렇게/MAG+할/VV+ETM+수/NNB+있/VV+나요/EC"
          },
          {
            "id": 3,
            "text": "B.그리고 월 금은 오후 2시 금요일은 오후 7시에 할 수 있을까요",
            "norm_text": "B.그리고 월 금은 오후 2시 금요일은 오후 7시에 할 수 있을까요",
            "speaker": {
              "id": "B",
              "sex": "남성",
              "age": "1그룹(10대~20대)"
            },
            "speechAct": "질문하기",
            "morpheme": "B/SL+그리고/MAJ+월금/NNG+은/JX+오후/NNG+2/SN+시/NNBC+금요일/NNG+은/JX+오후/NNG+7/SN+시/NNBC+에/JKB+할/VV+ETM+수/NNB+있/VV+을까요/EC"
          },
          {
            "id": 4,
            "text": "A.죄송하지만 주 3회 수업은 월수금으로 요일이 고정이 되어있습니다",
            "norm_text": "A.죄송하지만 주 3회 수업은 월수금으로 요일이 고정이 되어있습니다",
            "speaker": {
              "id": "A",
              "sex": "여성",
              "age": "1그룹(10대~20대)"
            },
            "speechAct": "진술하기",
            "morpheme": "A/SL+죄송/XR+하/XSA+지만/EC+주/VX+3/SN+회/NNBC+수업/NNG+은/JX+월/NNG+수금/NNG+으로/JKB+요일/NNG+이/JKS+고정/NNG+이/JKS+되/VV+어/EC+있/VX+습니다/EF"
          },
          {
            "id": 5,
            "text": "B.한개의 주5회 상품을 두개로 변환해서 나누는건 안되나요",
            "norm_text": "B.한개의 주5회 상품을 두개로 변환해서 나누는건 안되나요",
            "speaker": {
              "id": "B",
              "sex": "남성",
              "age": "1그룹(10대~20대)"
            },
            "speechAct": "질문하기",
            "morpheme": "B/SL+한/MM+개/NNBC+의/JKG+주/NNG+5/SN+회/NNBC+상품/NNG+을/JKO+두/MM+개/NNBC+로/JKB+변환/NNG+해서/XSV+EC+나누/VV+는/ETM+건/NNB+JX+안/MAG+되/VV+나요/EC"
          },
          {
            "id": 6,
            "text": "A.네 수강상품을 두개로 변환하는것도 따로 불가능하십니다",
            "norm_text": "A.네 수강상품을 두개로 변환하는것도 따로 불가능하십니다",
            "speaker": {
              "id": "A",
              "sex": "여성",
              "age": "1그룹(10대~20대)"
            },
            "speechAct": "진술하기",
            "morpheme": "A/SL+네/IC+수강/NNG+상품/NNG+을/JKO+두/MM+개/NNBC+로/JKB+변환/NNG+하/XSV+는/ETM+것/NNB+도/JX+따로/MAG+불/XPN+가능/NNG+하/XSV+십니다/EP+EC"
          },
          {
            "id": 7,
            "text": "B.혹시 왜 안되는건가요",
            "norm_text": "B.혹시 왜 안되는건가요",
            "speaker": {
              "id": "B",
              "sex": "남성",
              "age": "1그룹(10대~20대)"
            },
            "speechAct": "질문하기",
            "morpheme": "B/SL+혹시/MAG+왜/MAG+안/MAG+되/VV+는/ETM+건가요/NNB+VCP+EC"
          },
          {
            "id": 8,
            "text": "A.수강상품 하나당 수업은 한개씩만 생성이 되서 불가능합니다",
            "norm_text": "A.수강상품 하나당 수업은 한개씩만 생성이 되서 불가능합니다",
            "speaker": {
              "id": "A",
              "sex": "여성",
              "age": "1그룹(10대~20대)"
            },
            "speechAct": "진술하기",
            "morpheme": "A/SL+./SY+수강/NNG+상품/NNG+하나/NR+당/XSN+수업/NNG+은/JX+한/MM+개/NNBC+씩/XSN+만생/NNG+성/XSN+이/JKS+되/VV+서/EC+불/XPN+가능/NNG+합니다/XSV+EC"
          },
          {
            "id": 9,
            "text": "B.아 그렇군요 아쉽지만 알겠습니다",
            "norm_text": "B.아 그렇군요 아쉽지만 알겠습니다",
            "speaker": {
              "id": "B",
              "sex": "남성",
              "age": "1그룹(10대~20대)"
            },
            "speechAct": "부정감정표현하기(비난하기 포함)",
            "morpheme": "B/SL+아/IC+그렇/VA+군요/EC+아쉽/VA+지만/EC+알/VV+겠/EP+습니다/EF"
          },
          {
            "id": 10,
            "text": "A.도움을 못드려 죄송합니다 #@이름# 이었습니다",
            "norm_text": "A.도움을 못드려 죄송합니다 #@이름# 이었습니다",
            "speaker": {
              "id": "A",
              "sex": "여성",
              "age": "1그룹(10대~20대)"
            },
            "speechAct": "사과하기",
            "morpheme": "A/SL+./SY+도움/NNG+을/JKO+못/MAG+드려/VV+EC+죄송/XR+합니다/XSA+EF+#/SY+@/SY+이름/NNG+#/SY+이/VCP+었/EP+습니다/EF"
          }
        ]
      }
    }
  ]
}