{
  "dataset": {
    "identifier": 140548,
    "name": "e1_20211115_0006_0578_01",
    "src_path": "/data/file/cubeManager/PROJECT018/91/txt20211110140006073020/e1_20211115_0006_0578_01/",
    "label_path": "/data/file/cubeManager/PROJECT018/91/txt20211110140006073020/e1_20211115_0006_0578_01/",
    "category": 2,
    "type": 0
  },
  "licenses": {
    "name": "Apache License 1.0",
    "url": "http://www.apache.org/licenses/LICENSE-1.0"
  },
  "info": [
    {
      "id": 158122,
      "filename": "e1_0068_0050_02.txt",
      "title": "e1_0068_0050_02",
      "mediatype": "콜센터",
      "medianame": "콜센터",
      "category": "목적대화",
      "date": "2021-11-10",
      "size": 282,
      "annotations": {
        "subject": "프로그램 문의",
        "speaker_type": "1:1",
        "size": 282,
        "word_size": 66,
        "text": "A.무엇을 도와 드릴까요 #@소속# 상담원 #@이름# 입니다\nB.문의할 게 있어서 전화 드렸습니다\nA.고객님 어떤 문의 사항이 있으신가요\nB.#@상품# 약정기간 끝나면 이 콘텐츠로 재수강 가능한가요\nA.학습완료 이후 한 달간 복습 기간이 있습니다\nB.그래요 그럼 한 달 넘기면 불가능 한거구요\nA.한달이 지나면 #@상품# 콘텐츠는 이용 안되세요\nB.그렇군요 알려 주셔서 감사합니다\nA.네 네 고객님 혹시 다른 문의 사항 있으신가요\nB.아니요 없습니다 그럼 수고하세요\nA.감사합니다 고객님 #@소속# 상담원 #@이름# 입니다",
        "lines": [
          {
            "id": 1,
            "text": "A.무엇을 도와 드릴까요 #@소속# 상담원 #@이름# 입니다",
            "norm_text": "A.무엇을 도와 드릴까요 #@소속# 상담원 #@이름# 입니다",
            "speaker": {
              "id": "A",
              "sex": "여성",
              "age": "1그룹(10대~20대)"
            },
            "speechAct": "인사하기",
            "morpheme": "A/SL+무엇/NP+을/JKO+도와/VV+EC+드릴까요/VX+EC+#/SY+@/SY+소속/NNG+#/SY+상담원/NNG+#/SY+@/SY+이름/NNG+#/SY+입니다/VCP+EC"
          },
          {
            "id": 2,
            "text": "B.문의할 게 있어서 전화 드렸습니다",
            "norm_text": "B.문의할 게 있어서 전화 드렸습니다",
            "speaker": {
              "id": "B",
              "sex": "남성",
              "age": "1그룹(10대~20대)"
            },
            "speechAct": "진술하기",
            "morpheme": "B/SL+./SY+문의/NNG+할/XSV+ETM+게/NNB+JKS+있/VA+어서/EC+전화/NNG+드렸/VV+EP+습니다/EF"
          },
          {
            "id": 3,
            "text": "A.고객님 어떤 문의 사항이 있으신가요",
            "norm_text": "A.고객님 어떤 문의 사항이 있으신가요",
            "speaker": {
              "id": "A",
              "sex": "여성",
              "age": "1그룹(10대~20대)"
            },
            "speechAct": "질문하기",
            "morpheme": "A/SL+./SY+고객/NNG+님/XSN+어떤/MM+문/NNG+의/JKG+사항/NNG+이/JKS+있/VA+으신/EP+ETM+가요/NNG"
          },
          {
            "id": 4,
            "text": "B.#@상품# 약정기간 끝나면 이 콘텐츠로 재수강 가능한가요",
            "norm_text": "B.#@상품# 약정기간 끝나면 이 콘텐츠로 재수강 가능한가요",
            "speaker": {
              "id": "B",
              "sex": "남성",
              "age": "1그룹(10대~20대)"
            },
            "speechAct": "질문하기",
            "morpheme": "B/SL+./SY+#/SY+@/SY+상품/NNG+#/SY+약정/NNG+기간/NNG+끝/NNG+나면/NNG+이/JKS+콘텐츠/NNG+로/JKB+재/XPN+수강/NNG+가능/NNG+한/XSA+ETM+가요/NNG"
          },
          {
            "id": 5,
            "text": "A.학습완료 이후 한 달간 복습 기간이 있습니다",
            "norm_text": "A.학습완료 이후 한 달간 복습 기간이 있습니다",
            "speaker": {
              "id": "A",
              "sex": "여성",
              "age": "1그룹(10대~20대)"
            },
            "speechAct": "진술하기",
            "morpheme": "A/SL+./SY+학습/NNG+완료/NNG+이후/NNG+한/XSA+ETM+달/NNG+간/NNB+복습/NNG+기간/NNG+이/JKS+있/VA+습니다/EF"
          },
          {
            "id": 6,
            "text": "B.그래요 그럼 한 달 넘기면 불가능 한거구요",
            "norm_text": "B.그래요 그럼 한 달 넘기면 불가능 한거구요",
            "speaker": {
              "id": "B",
              "sex": "남성",
              "age": "1그룹(10대~20대)"
            },
            "speechAct": "질문하기",
            "morpheme": "B/SL+그래요/VV+EF+그럼/MAJ+한/MM+달/NNBC+넘기/VV+면/EC+불/XPN+가능/NNG+한/XSA+ETM+거/NNB+구요/VCP+EC"
          },
          {
            "id": 7,
            "text": "A.한달이 지나면 #@상품# 콘텐츠는 이용 안되세요",
            "norm_text": "A.한달이 지나면 #@상품# 콘텐츠는 이용 안되세요",
            "speaker": {
              "id": "A",
              "sex": "여성",
              "age": "1그룹(10대~20대)"
            },
            "speechAct": "진술하기",
            "morpheme": "A/SL+한/MM+달/NNG+이/JKS+지나/VV+면/EC+#/SY+@/SY+상품/NNG+#/SY+콘텐츠/NNG+는/JX+이용/NNG+안/MAG+되/VV+세요/EP+EF"
          },
          {
            "id": 8,
            "text": "B.그렇군요 알려 주셔서 감사합니다",
            "norm_text": "B.그렇군요 알려 주셔서 감사합니다",
            "speaker": {
              "id": "B",
              "sex": "남성",
              "age": "1그룹(10대~20대)"
            },
            "speechAct": "감사하기",
            "morpheme": "B/SL+그렇/VA+군요/EC+알려/VV+EC+주/VX+셔서/EP+EC+감사/NNG+합니다/XSV+EC"
          },
          {
            "id": 9,
            "text": "A.네 네 고객님 혹시 다른 문의 사항 있으신가요",
            "norm_text": "A.네 네 고객님 혹시 다른 문의 사항 있으신가요",
            "speaker": {
              "id": "A",
              "sex": "여성",
              "age": "1그룹(10대~20대)"
            },
            "speechAct": "질문하기",
            "morpheme": "A/SL+네/NP+네/XSN+고객/NNG+님/XSN+혹시/MAG+다른/MM+문/NNG+의/JKG+사항/NNG+있/VV+으신/EP+ETM+가요/NNG"
          },
          {
            "id": 10,
            "text": "B.아니요 없습니다 그럼 수고하세요",
            "norm_text": "B.아니요 없습니다 그럼 수고하세요",
            "speaker": {
              "id": "B",
              "sex": "남성",
              "age": "1그룹(10대~20대)"
            },
            "speechAct": "인사하기",
            "morpheme": "B/SL+아니요/IC+없/VA+습니다/EF+그럼/MAJ+수고/NNG+하/XSV+세요/EP+EF"
          },
          {
            "id": 11,
            "text": "A.감사합니다 고객님 #@소속# 상담원 #@이름# 입니다",
            "norm_text": "A.감사합니다 고객님 #@소속# 상담원 #@이름# 입니다",
            "speaker": {
              "id": "A",
              "sex": "여성",
              "age": "1그룹(10대~20대)"
            },
            "speechAct": "인사하기",
            "morpheme": "A/SL+./SY+감사/NNG+합니다/XSV+EC+VCP+고/EC+객님/NNG+#/SY+@/SY+소속/NNG+#/SY+상담원/NNG+#/SY+@/SY+이름/NNG+#/SY+입니다/VCP+EC"
          }
        ]
      }
    }
  ]
}