{
  "dataset": {
    "identifier": 139863,
    "name": "e1_20211115_0006_0358_01",
    "src_path": "/data/file/cubeManager/PROJECT018/91/txt20211110140004046848/e1_20211115_0006_0358_01/",
    "label_path": "/data/file/cubeManager/PROJECT018/91/txt20211110140004046848/e1_20211115_0006_0358_01/",
    "category": 2,
    "type": 0
  },
  "licenses": {
    "name": "Apache License 1.0",
    "url": "http://www.apache.org/licenses/LICENSE-1.0"
  },
  "info": [
    {
      "id": 157834,
      "filename": "e1_0066_0186_02.txt",
      "title": "e1_0066_0186_02",
      "mediatype": "콜센터",
      "medianame": "콜센터",
      "category": "목적대화",
      "date": "2021-11-10",
      "size": 302,
      "annotations": {
        "subject": "프로그램 문의",
        "speaker_type": "1:1",
        "size": 302,
        "word_size": 66,
        "text": "A.안녕하십니까 회원님 #@소속# #@이름#입니다\nB.#@소속#는 교재가 무료 다운이 가능하다던데 맞나요\nA.네 교재 무료로 다운받으실 수 있습니다\nB.혹시 제가 수강하는 교재 말고 다른 교재들도 다운로드가 가능한가요\nA.네 일부 수업 제외한 교재들 모두 다운로드가 가능합니다\nB.그럼 지금 말씀하신 것들 다 온라인에서 다운받을수 있다는거죠\nA.네 그렇습니다 마이페이지 가셔서 모든교재보기 누르시면 됩니다\nB.거기서 원하는 교재 선택해서 다운로드 하면 되는건가요\nA.네네 맞습니다 그렇게 하시면 됩니다\nB.오늘 하루 마무리 잘하시길 바랍니다 #@이름#입니다",
        "lines": [
          {
            "id": 1,
            "text": "A.안녕하십니까 회원님 #@소속# #@이름#입니다",
            "norm_text": "A.안녕하십니까 회원님 #@소속# #@이름#입니다",
            "speaker": {
              "id": "A",
              "sex": "여성",
              "age": "1그룹(10대~20대)"
            },
            "speechAct": "인사하기",
            "morpheme": "A/SL+./SY+안녕/NNG+하/XSV+십니까/EP+EF+회원/NNG+님/XSN+#/SY+@/SY+소속/NNG+#/SY+#/SY+@/SY+이름/NNG+#/SY+입니다/VCP+EC"
          },
          {
            "id": 2,
            "text": "B.#@소속#는 교재가 무료 다운이 가능하다던데 맞나요",
            "norm_text": "B.#@소속#는 교재가 무료 다운이 가능하다던데 맞나요",
            "speaker": {
              "id": "B",
              "sex": "남성",
              "age": "1그룹(10대~20대)"
            },
            "speechAct": "질문하기",
            "morpheme": "B/SL+./SY+#/SY+@/SY+소속/NNG+#/SY+는/JX+교재/NNG+가/JKS+무료/XR+다운/XSA+ETM+이/MM+가능/NNG+하/XSV+다던데/EC+맞/VV+나요/EC"
          },
          {
            "id": 3,
            "text": "A.네 교재 무료로 다운받으실 수 있습니다",
            "norm_text": "A.네 교재 무료로 다운받으실 수 있습니다",
            "speaker": {
              "id": "A",
              "sex": "여성",
              "age": "1그룹(10대~20대)"
            },
            "speechAct": "진술하기",
            "morpheme": "A/SL+네/IC+교재/NNG+무료/NNG+로/JKB+다운/NNG+받/VV+으실/EP+ETM+수/NNB+있/VV+습니다/EF"
          },
          {
            "id": 4,
            "text": "B.혹시 제가 수강하는 교재 말고 다른 교재들도 다운로드가 가능한가요",
            "norm_text": "B.혹시 제가 수강하는 교재 말고 다른 교재들도 다운로드가 가능한가요",
            "speaker": {
              "id": "B",
              "sex": "남성",
              "age": "1그룹(10대~20대)"
            },
            "speechAct": "질문하기",
            "morpheme": "B/SL+혹시/MAG+제/NP+가/JKS+수강/NNG+하/XSV+는/ETM+교재/NNG+말/VV+고/EC+다른/MM+교재/NNG+들/XSN+도/JX+다운로드/NNG+가/JKS+가능/NNG+한/XSA+ETM+가요/NNG"
          },
          {
            "id": 5,
            "text": "A.네 일부 수업 제외한 교재들 모두 다운로드가 가능합니다",
            "norm_text": "A.네 일부 수업 제외한 교재들 모두 다운로드가 가능합니다",
            "speaker": {
              "id": "A",
              "sex": "여성",
              "age": "1그룹(10대~20대)"
            },
            "speechAct": "진술하기",
            "morpheme": "A/SL+네/IC+일부/NNG+수업/NNG+제외/NNG+한/XSA+ETM+교재/NNG+들/XSN+모두/MAG+다운로드/NNG+가/JKS+가능/NNG+합니다/XSV+EC"
          },
          {
            "id": 6,
            "text": "B.그럼 지금 말씀하신 것들 다 온라인에서 다운받을수 있다는거죠",
            "norm_text": "B.그럼 지금 말씀하신 것들 다 온라인에서 다운받을수 있다는거죠",
            "speaker": {
              "id": "B",
              "sex": "남성",
              "age": "1그룹(10대~20대)"
            },
            "speechAct": "질문하기",
            "morpheme": "B/SL+그럼/MAJ+지금/MAG+말씀/NNG+하/XSV+신/EP+ETM+것/NNB+들/XSN+다/MAG+온라인/NNG+에서/JKB+다운/NNG+받/VV+을/ETM+수/NNB+있/VV+다는/ETM+거/NNB+죠/VCP+EC"
          },
          {
            "id": 7,
            "text": "A.네 그렇습니다 마이페이지 가셔서 모든교재보기 누르시면 됩니다",
            "norm_text": "A.네 그렇습니다 마이페이지 가셔서 모든교재보기 누르시면 됩니다",
            "speaker": {
              "id": "A",
              "sex": "여성",
              "age": "1그룹(10대~20대)"
            },
            "speechAct": "진술하기",
            "morpheme": "A/SL+네/IC+그렇/VA+습니다/EF+마이/MAG+페이지/NNG+가셔서/VV+EC+모든/MM+교재/NNG+보/VV+기/ETN+누르/VV+시/EP+면/EC+됩니다/VX+EC"
          },
          {
            "id": 8,
            "text": "B.거기서 원하는 교재 선택해서 다운로드 하면 되는건가요",
            "norm_text": "B.거기서 원하는 교재 선택해서 다운로드 하면 되는건가요",
            "speaker": {
              "id": "B",
              "sex": "남성",
              "age": "1그룹(10대~20대)"
            },
            "speechAct": "질문하기",
            "morpheme": "B/SL+거기/NP+서원/NNG+하/XSV+는/ETM+교재/NNG+선택/NNG+해서/XSV+EC+다운로드/NNG+하/XSV+면/EC+되/VV+는/ETM+건가요/NNB+VCP+EC"
          },
          {
            "id": 9,
            "text": "A.네네 맞습니다 그렇게 하시면 됩니다",
            "norm_text": "A.네네 맞습니다 그렇게 하시면 됩니다",
            "speaker": {
              "id": "A",
              "sex": "여성",
              "age": "1그룹(10대~20대)"
            },
            "speechAct": "진술하기",
            "morpheme": "A/SL+네네/IC+맞/VV+습니다/EF+그렇게/MAG+하/VV+시/EP+면/EC+됩니다/VX+EC"
          },
          {
            "id": 10,
            "text": "B.오늘 하루 마무리 잘하시길 바랍니다 #@이름#입니다",
            "norm_text": "B.오늘 하루 마무리 잘하시길 바랍니다 #@이름#입니다",
            "speaker": {
              "id": "B",
              "sex": "남성",
              "age": "1그룹(10대~20대)"
            },
            "speechAct": "인사하기",
            "morpheme": "B/SL+오늘/MAG+하루/NNG+마무리/NNG+잘/MAG+하/VV+시/EP+길/ETN+JKO+바랍니다/VV+EF+#/SY+@/SY+이름/NNG+#/SY+입니다/VCP+EC"
          }
        ]
      }
    }
  ]
}