{
  "dataset": {
    "identifier": 140449,
    "name": "e1_20211115_0006_0528_01",
    "src_path": "/data/file/cubeManager/PROJECT018/91/txt20211110140005069323/e1_20211115_0006_0528_01/",
    "label_path": "/data/file/cubeManager/PROJECT018/91/txt20211110140005069323/e1_20211115_0006_0528_01/",
    "category": 2,
    "type": 0
  },
  "licenses": {
    "name": "Apache License 1.0",
    "url": "http://www.apache.org/licenses/LICENSE-1.0"
  },
  "info": [
    {
      "id": 158002,
      "filename": "e1_0067_0143_02.txt",
      "title": "e1_0067_0143_02",
      "mediatype": "콜센터",
      "medianame": "콜센터",
      "category": "목적대화",
      "date": "2021-11-10",
      "size": 377,
      "annotations": {
        "subject": "프로그램 문의",
        "speaker_type": "1:1",
        "size": 377,
        "word_size": 97,
        "text": "A. 반갑습니다 편입 합격의 신화 #@소속# 입니다\nB. 네 저 온라인 수강 뭐 좀 여쭤볼게요\nA. 안녕하세요 어떤 부분 안내 도와드릴까요\nB. 제가 사정상 #@소속# 라이브 수강을 신청할건데요\nB. 대면이 아니다보니 관리가 잘 될지 걱정이라서요\nA. 온라인도 오프라인 수강생과 동일하게 관리되세요\nA. 오히려 오프라인보다 테스트가 강화된 부분도 있습니다\nB. 테스트는 구체적으로 어떤게 있는건가요\nA. 매주 진행되는 위클리 테스트 기본으로 있구요\nA. 통합 모의고사 및 #@소속# 전용 모의고사 진행됩니다\nB. 아 테스트가 그정도만 있어도 충분하네요\nA. 네 걱정 안하셔도 되세요 다른 문의 더 있으실까요\nB. 아닙니다 계획대로 라이브 들으면 될 듯 해요\nA. 감사합니다 오늘도 좋은 하루 되세요",
        "lines": [
          {
            "id": 1,
            "text": "A. 반갑습니다 편입 합격의 신화 #@소속# 입니다",
            "norm_text": "A. 반갑습니다 편입 합격의 신화 #@소속# 입니다",
            "speaker": {
              "id": "A",
              "sex": "여성",
              "age": "1그룹(10대~20대)"
            },
            "speechAct": "인사하기",
            "morpheme": "A/SL+반갑/VA+습니다/EF+편입/NNG+합격/NNG+의/JKG+신화/NNG+#/SY+@/SY+소속/NNG+#/SY+입니다/VCP+EC"
          },
          {
            "id": 2,
            "text": "B. 네 저 온라인 수강 뭐 좀 여쭤볼게요",
            "norm_text": "B. 네 저 온라인 수강 뭐 좀 여쭤볼게요",
            "speaker": {
              "id": "B",
              "sex": "남성",
              "age": "1그룹(10대~20대)"
            },
            "speechAct": "진술하기",
            "morpheme": "B/SL+네/IC+저/MM+온라인/NNG+수강/NNG+뭐/IC+좀/MAG+여쭤볼/VV+EC+VX+ETM+게요/NNB+VCP+EC"
          },
          {
            "id": 3,
            "text": "A. 안녕하세요 어떤 부분 안내 도와드릴까요",
            "norm_text": "A. 안녕하세요 어떤 부분 안내 도와드릴까요",
            "speaker": {
              "id": "A",
              "sex": "여성",
              "age": "1그룹(10대~20대)"
            },
            "speechAct": "질문하기",
            "morpheme": "A/SL+./SY+안녕/NNG+하/XSV+세요/EP+EF+어떤/MM+부분/NNG+안내/NNG+도와/VV+EC+드릴까요/VX+EC"
          },
          {
            "id": 4,
            "text": "B. 제가 사정상 #@소속# 라이브 수강을 신청할건데요",
            "norm_text": "B. 제가 사정상 #@소속# 라이브 수강을 신청할건데요",
            "speaker": {
              "id": "B",
              "sex": "남성",
              "age": "1그룹(10대~20대)"
            },
            "speechAct": "진술하기",
            "morpheme": "B/SL+제/NP+JKG+가사/NNG+정상/NNG+#/SY+@/SY+소속/NNG+#/SY+라이브/NNG+수강/NNG+을/JKO+신청/NNG+할/XSV+ETM+건데요/NNB+VCP+EC"
          },
          {
            "id": 5,
            "text": "B. 대면이 아니다보니 관리가 잘 될지 걱정이라서요",
            "norm_text": "B. 대면이 아니다보니 관리가 잘 될지 걱정이라서요",
            "speaker": {
              "id": "B",
              "sex": "남성",
              "age": "1그룹(10대~20대)"
            },
            "speechAct": "진술하기",
            "morpheme": "B/SL+./SY+대면/NNG+이/JKC+아니/VCN+다/EC+보/VX+니/EC+관리/NNG+가/JKS+잘/MAG+될지/VV+EC+걱정/NNG+이/VCP+라서요/EC"
          },
          {
            "id": 6,
            "text": "A. 온라인도 오프라인 수강생과 동일하게 관리되세요",
            "norm_text": "A. 온라인도 오프라인 수강생과 동일하게 관리되세요",
            "speaker": {
              "id": "A",
              "sex": "여성",
              "age": "1그룹(10대~20대)"
            },
            "speechAct": "진술하기",
            "morpheme": "A/SL+./SY+온라인/NNG+도/JX+오프라인/NNG+수강/NNG+생/XSN+과/JC+동일/NNG+하/XSV+게/EC+관리/NNG+되/XSV+세요/EP+EF"
          },
          {
            "id": 7,
            "text": "A. 오히려 오프라인보다 테스트가 강화된 부분도 있습니다",
            "norm_text": "A. 오히려 오프라인보다 테스트가 강화된 부분도 있습니다",
            "speaker": {
              "id": "A",
              "sex": "여성",
              "age": "1그룹(10대~20대)"
            },
            "speechAct": "감사하기",
            "morpheme": "A/SL+오히려/MAJ+오프라인/NNG+보다/JKB+테스트/NNG+가/JKS+강화/NNG+된/XSV+ETM+부분/NNG+도/JX+있/VA+습니다/EF"
          },
          {
            "id": 8,
            "text": "B. 테스트는 구체적으로 어떤게 있는건가요",
            "norm_text": "B. 테스트는 구체적으로 어떤게 있는건가요",
            "speaker": {
              "id": "B",
              "sex": "남성",
              "age": "1그룹(10대~20대)"
            },
            "speechAct": "질문하기",
            "morpheme": "B/SL+./SY+테스트/NNG+는/JX+구체/NNG+적/XSN+으로/JKB+어떤/MM+게/NNB+JKS+있/VA+는/ETM+건가요/NNB+VCP+EC"
          },
          {
            "id": 9,
            "text": "A. 매주 진행되는 위클리 테스트 기본으로 있구요",
            "norm_text": "A. 매주 진행되는 위클리 테스트 기본으로 있구요",
            "speaker": {
              "id": "A",
              "sex": "여성",
              "age": "1그룹(10대~20대)"
            },
            "speechAct": "진술하기",
            "morpheme": "A/SL+./SY+매주/NNG+진행/NNG+되/XSV+는/ETM+위클리/NNP+테스트/NNG+기본/NNG+으로/JKB+있/VV+구요/EF"
          },
          {
            "id": 10,
            "text": "A. 통합 모의고사 및 #@소속# 전용 모의고사 진행됩니다",
            "norm_text": "A. 통합 모의고사 및 #@소속# 전용 모의고사 진행됩니다",
            "speaker": {
              "id": "A",
              "sex": "여성",
              "age": "1그룹(10대~20대)"
            },
            "speechAct": "진술하기",
            "morpheme": "A/SL+./SY+통합/NNG+모의고사/NNG+및/MAJ+#/SY+@/SY+소속/NNG+#/SY+전용/NNG+모의고사/NNG+진행/NNG+됩니다/XSV+EC"
          },
          {
            "id": 11,
            "text": "B. 아 테스트가 그정도만 있어도 충분하네요",
            "norm_text": "B. 아 테스트가 그정도만 있어도 충분하네요",
            "speaker": {
              "id": "B",
              "sex": "남성",
              "age": "1그룹(10대~20대)"
            },
            "speechAct": "진술하기",
            "morpheme": "B/SL+아/IC+테스트/NNG+가/JKS+그/MM+정도/NNG+만/JX+있/VX+어도/EC+충분/XR+하/XSA+네요/EC"
          },
          {
            "id": 12,
            "text": "A. 네 걱정 안하셔도 되세요 다른 문의 더 있으실까요",
            "norm_text": "A. 네 걱정 안하셔도 되세요 다른 문의 더 있으실까요",
            "speaker": {
              "id": "A",
              "sex": "여성",
              "age": "1그룹(10대~20대)"
            },
            "speechAct": "질문하기",
            "morpheme": "A/SL+네/IC+걱정/NNG+안/MAG+하/VV+셔도/EP+EC+되/VV+세요/EP+EF+다른/MM+문/NNG+의/JKG+더/MAG+있/VA+으실까/EP+EP+EF+요/MM"
          },
          {
            "id": 13,
            "text": "B. 아닙니다 계획대로 라이브 들으면 될 듯 해요",
            "norm_text": "B. 아닙니다 계획대로 라이브 들으면 될 듯 해요",
            "speaker": {
              "id": "B",
              "sex": "남성",
              "age": "1그룹(10대~20대)"
            },
            "speechAct": "진술하기",
            "morpheme": "B/SL+아닙니다/VCN+EC+계획/NNG+대로/JX+라이브/NNG+들으면/VV+EC+될/VV+ETM+듯/NNB+해요/XSA+EC"
          },
          {
            "id": 14,
            "text": "A. 감사합니다 오늘도 좋은 하루 되세요",
            "norm_text": "A. 감사합니다 오늘도 좋은 하루 되세요",
            "speaker": {
              "id": "A",
              "sex": "여성",
              "age": "1그룹(10대~20대)"
            },
            "speechAct": "인사하기",
            "morpheme": "A/SL+./SY+감사/NNG+합니다/XSV+EF+오늘/NNG+도/JX+좋/VA+은/ETM+하루/NNG+되/XSV+세요/EP+EF"
          }
        ]
      }
    }
  ]
}