{
  "dataset": {
    "identifier": 140104,
    "name": "e1_20211115_0006_0432_01",
    "src_path": "/data/file/cubeManager/PROJECT018/91/txt20211110140005001086/e1_20211115_0006_0432_01/",
    "label_path": "/data/file/cubeManager/PROJECT018/91/txt20211110140005001086/e1_20211115_0006_0432_01/",
    "category": 2,
    "type": 0
  },
  "licenses": {
    "name": "Apache License 1.0",
    "url": "http://www.apache.org/licenses/LICENSE-1.0"
  },
  "info": [
    {
      "id": 157908,
      "filename": "e1_0067_0049_02.txt",
      "title": "e1_0067_0049_02",
      "mediatype": "콜센터",
      "medianame": "콜센터",
      "category": "목적대화",
      "date": "2021-11-10",
      "size": 269,
      "annotations": {
        "subject": "프로그램 문의",
        "speaker_type": "1:1",
        "size": 269,
        "word_size": 76,
        "text": "A. 안녕하세요 #@소속#입니다\nB. 네 저 수업방식 질문 좀 할게요\nA. 네 어떤 부분 궁금하실까요\nB. 제가 코로나 때문에 좀 불안해서요\nB. 대면 수업 그 부분 걱정 없이 들을 수 있을까요\nA. 저희 대면 수업은 철저히 띄어앉기 배정되시구요\nA. 각 좌석 칸막이 설치 완료되있어 걱정 안하셔도 돼요\nB. 그럼 대면 비대면 나뉘는건 학원 임의 배정인가요\nA. 수업은 수강 학생이 자율적으로 선택 가능하세요\nB. 아 그럼 저는 우선 비대면 수강해봐야겠네요\nA. 네 추가 문의 있으시면 또 연락주세요",
        "lines": [
          {
            "id": 1,
            "text": "A. 안녕하세요 #@소속#입니다",
            "norm_text": "A. 안녕하세요 #@소속#입니다",
            "speaker": {
              "id": "A",
              "sex": "여성",
              "age": "1그룹(10대~20대)"
            },
            "speechAct": "인사하기",
            "morpheme": "A/SL+./SY+안녕/NNG+하/XSV+세요/EP+EF+#/SY+@/SY+소속/NNG+#/SY+입니다/VCP+EC"
          },
          {
            "id": 2,
            "text": "B. 네 저 수업방식 질문 좀 할게요",
            "norm_text": "B. 네 저 수업방식 질문 좀 할게요",
            "speaker": {
              "id": "B",
              "sex": "남성",
              "age": "1그룹(10대~20대)"
            },
            "speechAct": "진술하기",
            "morpheme": "B/SL+네/IC+저/MM+수업/NNG+방식/NNG+질문/NNG+좀/MAG+할게요/VV+EC"
          },
          {
            "id": 3,
            "text": "A. 네 어떤 부분 궁금하실까요",
            "norm_text": "A. 네 어떤 부분 궁금하실까요",
            "speaker": {
              "id": "A",
              "sex": "여성",
              "age": "1그룹(10대~20대)"
            },
            "speechAct": "질문하기",
            "morpheme": "A/SL+네/IC+어떤/MM+부분/NNG+궁금/XR+하/XSA+실까요/EP+EF"
          },
          {
            "id": 4,
            "text": "B. 제가 코로나 때문에 좀 불안해서요",
            "norm_text": "B. 제가 코로나 때문에 좀 불안해서요",
            "speaker": {
              "id": "B",
              "sex": "남성",
              "age": "1그룹(10대~20대)"
            },
            "speechAct": "진술하기",
            "morpheme": "B/SL+제/NP+가/JKS+코로나/NNG+때문/NNB+에/JKB+좀/MAG+불안/NNG+해서/XSV+EC+VCP+VCP+요/EC"
          },
          {
            "id": 5,
            "text": "B. 대면 수업 그 부분 걱정 없이 들을 수 있을까요",
            "norm_text": "B. 대면 수업 그 부분 걱정 없이 들을 수 있을까요",
            "speaker": {
              "id": "B",
              "sex": "남성",
              "age": "1그룹(10대~20대)"
            },
            "speechAct": "질문하기",
            "morpheme": "B/SL+대/VV+면/EC+수업/NNG+그/MM+부분/NNG+걱정/NNG+없이/MAG+들/VV+을/ETM+수/NNB+있/VV+을까요/EC"
          },
          {
            "id": 6,
            "text": "A. 저희 대면 수업은 철저히 띄어앉기 배정되시구요",
            "norm_text": "A. 저희 대면 수업은 철저히 띄어앉기 배정되시구요",
            "speaker": {
              "id": "A",
              "sex": "여성",
              "age": "1그룹(10대~20대)"
            },
            "speechAct": "진술하기",
            "morpheme": "A/SL+저희/NP+대/VV+면/EC+수업/NNG+은/JX+철저히/MAG+띄/VV+어/EC+앉/VV+기/ETN+배정/NNG+되/XSV+시/EP+구요/EF"
          },
          {
            "id": 7,
            "text": "A. 각 좌석 칸막이 설치 완료되있어 걱정 안하셔도 돼요",
            "norm_text": "A. 각 좌석 칸막이 설치 완료되있어 걱정 안하셔도 돼요",
            "speaker": {
              "id": "A",
              "sex": "여성",
              "age": "1그룹(10대~20대)"
            },
            "speechAct": "진술하기",
            "morpheme": "A/SL+각/MM+좌석/NNG+칸막이/NNG+설치/NNG+완료/NNG+되/XSV+EC+있/VX+어/EC+걱정/NNG+안/MAG+하/VV+셔도/EP+EC+돼요/VV+EC"
          },
          {
            "id": 8,
            "text": "B. 그럼 대면 비대면 나뉘는건 학원 임의 배정인가요",
            "norm_text": "B. 그럼 대면 비대면 나뉘는건 학원 임의 배정인가요",
            "speaker": {
              "id": "B",
              "sex": "남성",
              "age": "1그룹(10대~20대)"
            },
            "speechAct": "질문하기",
            "morpheme": "B/SL+그럼/VV+EC+대/VX+면/EC+비대/VV+면/EC+나뉘/VV+는/ETM+건학/NNG+원임/NNG+의/JKG+배정/NNG+인가요/VCP+EC"
          },
          {
            "id": 9,
            "text": "A. 수업은 수강 학생이 자율적으로 선택 가능하세요",
            "norm_text": "A. 수업은 수강 학생이 자율적으로 선택 가능하세요",
            "speaker": {
              "id": "A",
              "sex": "여성",
              "age": "1그룹(10대~20대)"
            },
            "speechAct": "진술하기",
            "morpheme": "A/SL+./SY+수업/NNG+은/JX+수강/NNG+학생/NNG+이/JKS+자율/NNG+적/XSN+으로/JKB+선택/NNG+가능/NNG+하/XSV+세요/EP+EF"
          },
          {
            "id": 10,
            "text": "B. 아 그럼 저는 우선 비대면 수강해봐야겠네요",
            "norm_text": "B. 아 그럼 저는 우선 비대면 수강해봐야겠네요",
            "speaker": {
              "id": "B",
              "sex": "남성",
              "age": "1그룹(10대~20대)"
            },
            "speechAct": "진술하기",
            "morpheme": "B/SL+아/IC+그럼/MAJ+저/NP+는/JX+우선/MAG+비대/VV+면/EC+수강/NNG+해봐야/XSV+EC+VX+EC+VX+겠/EP+네요/EC"
          },
          {
            "id": 11,
            "text": "A. 네 추가 문의 있으시면 또 연락주세요",
            "norm_text": "A. 네 추가 문의 있으시면 또 연락주세요",
            "speaker": {
              "id": "A",
              "sex": "여성",
              "age": "1그룹(10대~20대)"
            },
            "speechAct": "명령하기/요구하기",
            "morpheme": "A/SL+네/IC+추가/NNG+문/NNG+의/JKG+있/VA+으시/EP+면/EC+또/MAG+연락/NNG+주세요/NNP"
          }
        ]
      }
    }
  ]
}