{
  "dataset": {
    "identifier": 139739,
    "name": "e1_20211115_0006_0282_01",
    "src_path": "/data/file/cubeManager/PROJECT018/91/txt20211110140003044417/e1_20211115_0006_0282_01/",
    "label_path": "/data/file/cubeManager/PROJECT018/91/txt20211110140003044417/e1_20211115_0006_0282_01/",
    "category": 2,
    "type": 0
  },
  "licenses": {
    "name": "Apache License 1.0",
    "url": "http://www.apache.org/licenses/LICENSE-1.0"
  },
  "info": [
    {
      "id": 157743,
      "filename": "e1_0066_0095_02.txt",
      "title": "e1_0066_0095_02",
      "mediatype": "콜센터",
      "medianame": "콜센터",
      "category": "목적대화",
      "date": "2021-11-10",
      "size": 296,
      "annotations": {
        "subject": "프로그램 문의",
        "speaker_type": "1:1",
        "size": 296,
        "word_size": 61,
        "text": "A.　전화주셔서 감사합니다 #@이름# 상담사입니다\nB.　안녕하세요 저희 애가 레벨테스트를 보려고 하는데요\nB.　어떤 유형들로 되어 있는지좀 알려주세요\nA.　저희 #@소속# 레벨테스트 말씀하시는 걸까요\nB.　네네 맞습니다 레벨테스트 유형 좀요\nA.　iBT 또는 TOEFL junior 유형의 독해 청해력 평가가 이뤄지고요\nA.　원어민 강사를 통한 말하기 쓰기 평가도 진행됩니다\nB.　아 그렇군요 총 네개로 되어 있는거네요\nA.　네 독해 청해력 말하기 쓰기 총 네가지입니다\nB.　알겠습니다 알려주셔서 감사해요\nA.　네 지금까지 #@이름# 상담사였습니다",
        "lines": [
          {
            "id": 1,
            "text": "A.　전화주셔서 감사합니다 #@이름# 상담사입니다",
            "norm_text": "A.　전화주셔서 감사합니다 #@이름# 상담사입니다",
            "speaker": {
              "id": "A",
              "sex": "여성",
              "age": "1그룹(10대~20대)"
            },
            "speechAct": "인사하기",
            "morpheme": "A/SL+./SY+　/SY+전화/NNG+주/VV+셔서/EP+EC+감사/NNG+합니다/XSV+EF+#/SY+@/SY+이름/NNG+#/SY+상담/NNG+사/NNG+입니다/VCP+EC"
          },
          {
            "id": 2,
            "text": "B.　안녕하세요 저희 애가 레벨테스트를 보려고 하는데요",
            "norm_text": "B.　안녕하세요 저희 애가 레벨테스트를 보려고 하는데요",
            "speaker": {
              "id": "B",
              "sex": "남성",
              "age": "1그룹(10대~20대)"
            },
            "speechAct": "진술하기",
            "morpheme": "B/SL+./SY+　/SY+안녕/NNG+하/XSV+세요/EP+EF+저희/NP+애/NNG+가/JKS+레벨/NNG+테스트/NNG+를/JKO+보/VV+려고/EC+하/VV+는데요/EC"
          },
          {
            "id": 3,
            "text": "B.　어떤 유형들로 되어 있는지좀 알려주세요",
            "norm_text": "B.　어떤 유형들로 되어 있는지좀 알려주세요",
            "speaker": {
              "id": "B",
              "sex": "남성",
              "age": "1그룹(10대~20대)"
            },
            "speechAct": "부탁하기",
            "morpheme": "B/SL+./SY+　/SY+어떤/MM+유형/NNG+들/XSN+로/JKB+되/VV+어/EC+있/VX+는지/EC+좀/MAG+알려/VV+EC+주/VX+세요/EP+EF"
          },
          {
            "id": 4,
            "text": "A.　저희 #@소속# 레벨테스트 말씀하시는 걸까요",
            "norm_text": "A.　저희 #@소속# 레벨테스트 말씀하시는 걸까요",
            "speaker": {
              "id": "A",
              "sex": "여성",
              "age": "1그룹(10대~20대)"
            },
            "speechAct": "질문하기",
            "morpheme": "A/SL+./SY+　/SY+저희/NP+#/SY+@/SY+소속/NNG+#/SY+레벨/NNG+테스트/NNG+말씀/NNG+하/XSV+시/EP+는/ETM+걸까요/NNB+VCP+EC"
          },
          {
            "id": 5,
            "text": "B.　네네 맞습니다 레벨테스트 유형 좀요",
            "norm_text": "B.　네네 맞습니다 레벨테스트 유형 좀요",
            "speaker": {
              "id": "B",
              "sex": "남성",
              "age": "1그룹(10대~20대)"
            },
            "speechAct": "부탁하기",
            "morpheme": "B/SL+./SY+　/SY+네네/IC+맞/VV+습니다/EF+레벨/NNG+테스트/NNG+유형/NNG+좀/MAG+요/JX"
          },
          {
            "id": 6,
            "text": "A.　iBT 또는 TOEFL junior 유형의 독해 청해력 평가가 이뤄지고요",
            "norm_text": "A.　iBT 또는 TOEFL junior 유형의 독해 청해력 평가가 이뤄지고요",
            "speaker": {
              "id": "A",
              "sex": "여성",
              "age": "1그룹(10대~20대)"
            },
            "speechAct": "진술하기",
            "morpheme": "A/SL+./SY+　/SY+iBT/SL+또는/MAJ+TOEFLjunior/SL+유형/NNG+의/JKG+독해/NNG+청해/NNG+력/XSN+평가/NNG+가/JKS+이뤄/VV+EC+지/VX+고요/EC"
          },
          {
            "id": 7,
            "text": "A.　원어민 강사를 통한 말하기 쓰기 평가도 진행됩니다",
            "norm_text": "A.　원어민 강사를 통한 말하기 쓰기 평가도 진행됩니다",
            "speaker": {
              "id": "A",
              "sex": "여성",
              "age": "1그룹(10대~20대)"
            },
            "speechAct": "진술하기",
            "morpheme": "A/SL+./SY+　/SY+원어민/NNG+강사/NNG+를/JKO+통한/VV+ETM+말/NNG+하/XSV+기/ETN+쓰/VV+기/ETN+평가/NNG+도/JX+진행/NNG+됩니다/XSV+EC"
          },
          {
            "id": 8,
            "text": "B.　아 그렇군요 총 네개로 되어 있는거네요",
            "norm_text": "B.　아 그렇군요 총 네개로 되어 있는거네요",
            "speaker": {
              "id": "B",
              "sex": "남성",
              "age": "1그룹(10대~20대)"
            },
            "speechAct": "질문하기",
            "morpheme": "B/SL+./SY+　/SY+아/IC+그렇/VA+군요/EC+총/MM+네/MM+개/NNBC+로/JKB+되/VV+어/EC+있/VX+는/ETM+거/NNB+네요/VCP+EC"
          },
          {
            "id": 9,
            "text": "A.　네 독해 청해력 말하기 쓰기 총 네가지입니다",
            "norm_text": "A.　네 독해 청해력 말하기 쓰기 총 네가지입니다",
            "speaker": {
              "id": "A",
              "sex": "여성",
              "age": "1그룹(10대~20대)"
            },
            "speechAct": "진술하기",
            "morpheme": "A/SL+./SY+　/SY+네/IC+독해/NNG+청해/NNG+력/XSN+말/NNG+하/XSV+기/ETN+쓰/VV+기/ETN+총/MM+네/MM+가지/NNBC+입니다/VCP+EC"
          },
          {
            "id": 10,
            "text": "B.　알겠습니다 알려주셔서 감사해요",
            "norm_text": "B.　알겠습니다 알려주셔서 감사해요",
            "speaker": {
              "id": "B",
              "sex": "남성",
              "age": "1그룹(10대~20대)"
            },
            "speechAct": "감사하기",
            "morpheme": "B/SL+./SY+　/SY+알/VV+겠/EP+습니다/EF+알려/VV+EC+주/VX+셔서/EP+EC+감사/NNG+해요/XSV+EC"
          },
          {
            "id": 11,
            "text": "A.　네 지금까지 #@이름# 상담사였습니다",
            "norm_text": "A.　네 지금까지 #@이름# 상담사였습니다",
            "speaker": {
              "id": "A",
              "sex": "여성",
              "age": "1그룹(10대~20대)"
            },
            "speechAct": "인사하기",
            "morpheme": "A/SL+./SY+　/SY+네/IC+지금/NNG+까지/JX+#/SY+@/SY+이름/NNG+#/SY+상담/NNG+사/NNG+였/VCP+EP+습니다/EF"
          }
        ]
      }
    }
  ]
}