{
  "dataset": {
    "identifier": 139800,
    "name": "e1_20211115_0006_0318_01",
    "src_path": "/data/file/cubeManager/PROJECT018/91/txt20211110140003075539/e1_20211115_0006_0318_01/",
    "label_path": "/data/file/cubeManager/PROJECT018/91/txt20211110140003075539/e1_20211115_0006_0318_01/",
    "category": 2,
    "type": 0
  },
  "licenses": {
    "name": "Apache License 1.0",
    "url": "http://www.apache.org/licenses/LICENSE-1.0"
  },
  "info": [
    {
      "id": 157778,
      "filename": "e1_0066_0130_02.txt",
      "title": "e1_0066_0130_02",
      "mediatype": "콜센터",
      "medianame": "콜센터",
      "category": "목적대화",
      "date": "2021-11-10",
      "size": 328,
      "annotations": {
        "subject": "프로그램 문의",
        "speaker_type": "1:1",
        "size": 328,
        "word_size": 78,
        "text": "A. 전화주셔서 감사합니다 #@소속# #@이름# 상담사입니다\nB. 제가 대입을 준비하는데 거기 컨설팅이 있다고 들었는데 맞나요\nA. 네 저희 #@소속#에 입시컨설팅 프로그램이 따로 마련되어 있습니다\nB. #@소속# 입시컨설팅에 대해서 좀 알려 주시겠어요\nA. 저희는 수강생 및 학교별로 체계적인 컨설팅이 가능합니다\nB. 입시컨설팅 전문 선생님도 계시나요\nA. 네 입시컨설팅 선생님도 상주해 계십니다\nB. 컨설팅 프로그램 종류는 뭐뭐 있나요\nA. 면접 자소서 수시전략 논술 생기부 정시지원 등 다양하게 있습니다\nB. 아 네 그럼 다시 연락드릴게요\nA. 문의주셔서 감사합니다 #@소속# #@이름# 상담원입니다",
        "lines": [
          {
            "id": 1,
            "text": "A. 전화주셔서 감사합니다 #@소속# #@이름# 상담사입니다",
            "norm_text": "A. 전화주셔서 감사합니다 #@소속# #@이름# 상담사입니다",
            "speaker": {
              "id": "A",
              "sex": "여성",
              "age": "1그룹(10대~20대)"
            },
            "speechAct": "인사하기",
            "morpheme": "A/SL+./SY+전화/NNG+주/VV+셔서/EP+EC+감사/NNG+합니다/XSV+EF+#/SY+@/SY+소속/NNG+#/SY+#/SY+@/SY+이름/NNG+#/SY+상담/NNG+사/NNG+입니다/VCP+EC"
          },
          {
            "id": 2,
            "text": "B. 제가 대입을 준비하는데 거기 컨설팅이 있다고 들었는데 맞나요",
            "norm_text": "B. 제가 대입을 준비하는데 거기 컨설팅이 있다고 들었는데 맞나요",
            "speaker": {
              "id": "B",
              "sex": "남성",
              "age": "1그룹(10대~20대)"
            },
            "speechAct": "질문하기",
            "morpheme": "B/SL+제/NP+가/JKS+대입/NNG+을/JKO+준비/NNG+하/XSV+는데/EC+거기/NP+컨설팅/NNG+이/JKS+있/VV+다고/EC+들/VX+었/EP+는데/EC+맞/VV+나요/EC"
          },
          {
            "id": 3,
            "text": "A. 네 저희 #@소속#에 입시컨설팅 프로그램이 따로 마련되어 있습니다",
            "norm_text": "A. 네 저희 #@소속#에 입시컨설팅 프로그램이 따로 마련되어 있습니다",
            "speaker": {
              "id": "A",
              "sex": "여성",
              "age": "1그룹(10대~20대)"
            },
            "speechAct": "진술하기",
            "morpheme": "A/SL+네/IC+저희/NP+#/SY+@/SY+소속/NNG+#/SY+에/JKB+입시/NNG+컨설팅/NNG+프로그램/NNG+이/JKS+따로/MAG+마련/NNG+되/XSV+어/EC+있/VX+습니다/EF"
          },
          {
            "id": 4,
            "text": "B. #@소속# 입시컨설팅에 대해서 좀 알려 주시겠어요",
            "norm_text": "B. #@소속# 입시컨설팅에 대해서 좀 알려 주시겠어요",
            "speaker": {
              "id": "B",
              "sex": "남성",
              "age": "1그룹(10대~20대)"
            },
            "speechAct": "질문하기",
            "morpheme": "B/SL+./SY+#/SY+@/SY+소속/NNG+#/SY+입시/NNG+컨설팅/NNG+에/JKB+대해서/VV+EC+좀/MAG+알려/VV+EC+주/VX+시/EP+겠/EP+어요/EF"
          },
          {
            "id": 5,
            "text": "A. 저희는 수강생 및 학교별로 체계적인 컨설팅이 가능합니다",
            "norm_text": "A. 저희는 수강생 및 학교별로 체계적인 컨설팅이 가능합니다",
            "speaker": {
              "id": "A",
              "sex": "여성",
              "age": "1그룹(10대~20대)"
            },
            "speechAct": "진술하기",
            "morpheme": "A/SL+저희/NP+는/JX+수강/NNG+생/XSN+및/MAJ+학교/NNG+별/XSN+로/JKB+체계/NNG+적/XSN+인/VCP+ETM+컨설팅/NNG+이/JKS+가능/NNG+합니다/XSV+EC"
          },
          {
            "id": 6,
            "text": "B. 입시컨설팅 전문 선생님도 계시나요",
            "norm_text": "B. 입시컨설팅 전문 선생님도 계시나요",
            "speaker": {
              "id": "B",
              "sex": "남성",
              "age": "1그룹(10대~20대)"
            },
            "speechAct": "질문하기",
            "morpheme": "B/SL+./SY+입시/NNG+컨설팅/NNG+전문/NNG+선생/NNG+님/XSN+도/JX+계시/VX+나요/EC"
          },
          {
            "id": 7,
            "text": "A. 네 입시컨설팅 선생님도 상주해 계십니다",
            "norm_text": "A. 네 입시컨설팅 선생님도 상주해 계십니다",
            "speaker": {
              "id": "A",
              "sex": "여성",
              "age": "1그룹(10대~20대)"
            },
            "speechAct": "진술하기",
            "morpheme": "A/SL+네/IC+입시/NNG+컨설팅/NNG+선생/NNG+님/XSN+도/JX+상주/NNG+해/XSV+EC+계십니다/VX+EC"
          },
          {
            "id": 8,
            "text": "B. 컨설팅 프로그램 종류는 뭐뭐 있나요",
            "norm_text": "B. 컨설팅 프로그램 종류는 뭐뭐 있나요",
            "speaker": {
              "id": "B",
              "sex": "남성",
              "age": "1그룹(10대~20대)"
            },
            "speechAct": "질문하기",
            "morpheme": "B/SL+./SY+컨설팅/NNG+프로그램/NNG+종류/NNG+는/JX+뭐/IC+뭐/IC+있/VA+나요/EC"
          },
          {
            "id": 9,
            "text": "A. 면접 자소서 수시전략 논술 생기부 정시지원 등 다양하게 있습니다",
            "norm_text": "A. 면접 자소서 수시전략 논술 생기부 정시지원 등 다양하게 있습니다",
            "speaker": {
              "id": "A",
              "sex": "여성",
              "age": "1그룹(10대~20대)"
            },
            "speechAct": "진술하기",
            "morpheme": "A/SL+./SY+면접/NNG+자/XSN+소서/NNG+수시/NNG+전략/NNG+논술/NNG+생/XSN+기부/NNG+정시/NNG+지원/NNG+등/NNB+다양/NNG+하/XSV+게/EC+있/VX+습니다/EF"
          },
          {
            "id": 10,
            "text": "B. 아 네 그럼 다시 연락드릴게요",
            "norm_text": "B. 아 네 그럼 다시 연락드릴게요",
            "speaker": {
              "id": "B",
              "sex": "남성",
              "age": "1그룹(10대~20대)"
            },
            "speechAct": "약속하기(개인적 수준의 서약)",
            "morpheme": "B/SL+아/IC+네/IC+그럼/MAJ+다시/MAG+연락/NNG+드릴게요/VV+EC"
          },
          {
            "id": 11,
            "text": "A. 문의주셔서 감사합니다 #@소속# #@이름# 상담원입니다",
            "norm_text": "A. 문의주셔서 감사합니다 #@소속# #@이름# 상담원입니다",
            "speaker": {
              "id": "A",
              "sex": "여성",
              "age": "1그룹(10대~20대)"
            },
            "speechAct": "인사하기",
            "morpheme": "A/SL+./SY+문/NNG+의/JKG+주/VV+셔서/EP+EC+감사/NNG+합니다/XSV+EF+#/SY+@/SY+소속/NNG+#/SY+#/SY+@/SY+이름/NNG+#/SY+상담원/NNG+입니다/VCP+EC"
          }
        ]
      }
    }
  ]
}