{
  "dataset": {
    "identifier": 139755,
    "name": "e1_20211115_0006_0292_01",
    "src_path": "/data/file/cubeManager/PROJECT018/91/txt20211110140003053520/e1_20211115_0006_0292_01/",
    "label_path": "/data/file/cubeManager/PROJECT018/91/txt20211110140003053520/e1_20211115_0006_0292_01/",
    "category": 2,
    "type": 0
  },
  "licenses": {
    "name": "Apache License 1.0",
    "url": "http://www.apache.org/licenses/LICENSE-1.0"
  },
  "info": [
    {
      "id": 157753,
      "filename": "e1_0066_0105_02.txt",
      "title": "e1_0066_0105_02",
      "mediatype": "콜센터",
      "medianame": "콜센터",
      "category": "목적대화",
      "date": "2021-11-10",
      "size": 234,
      "annotations": {
        "subject": "프로그램 문의",
        "speaker_type": "1:1",
        "size": 234,
        "word_size": 48,
        "text": "A.　네 #@이름#입니다 도움이 필요하신가요\nB.　네 물어볼게 있어서 연락드렸어요\nB.　저희 애가 다음주에 거기 입학하는데 한 학기가 몇개월이에요\nA.　한 학기는 3개월로 운영된다고 보시면 될것같아요\nB.　3개월이면 총 몇주에요\nA.　13주를 3개월로 보고있습니다\nB.　아 13주요 네 알겠습니다\nA.　더 궁금한점은 없으실까요\nB.　네 없습니다 아이 스케쥴때문에 이게 궁금했던거였어요\nA.　네 알겠습니다 그럼 오늘도 좋은 하루 보내세요",
        "lines": [
          {
            "id": 1,
            "text": "A.　네 #@이름#입니다 도움이 필요하신가요",
            "norm_text": "A.　네 #@이름#입니다 도움이 필요하신가요",
            "speaker": {
              "id": "A",
              "sex": "여성",
              "age": "1그룹(10대~20대)"
            },
            "speechAct": "인사하기",
            "morpheme": "A/SL+./SY+　/SY+네/IC+#/SY+@/SY+이름/NNG+#/SY+입니다/VCP+EF+도움/NNG+이/JKS+필요/NNG+하/XSV+신가요/EP+EC"
          },
          {
            "id": 2,
            "text": "B.　네 물어볼게 있어서 연락드렸어요",
            "norm_text": "B.　네 물어볼게 있어서 연락드렸어요",
            "speaker": {
              "id": "B",
              "sex": "남성",
              "age": "1그룹(10대~20대)"
            },
            "speechAct": "진술하기",
            "morpheme": "B/SL+./SY+　/SY+네/IC+물어볼/VV+ETM+게/NNB+JKS+있/VA+어서/EC+연락/NNG+드렸/VV+EP+어요/EF"
          },
          {
            "id": 3,
            "text": "B.　저희 애가 다음주에 거기 입학하는데 한 학기가 몇개월이에요",
            "norm_text": "B.　저희 애가 다음주에 거기 입학하는데 한 학기가 몇개월이에요",
            "speaker": {
              "id": "B",
              "sex": "남성",
              "age": "1그룹(10대~20대)"
            },
            "speechAct": "질문하기",
            "morpheme": "B/SL+./SY+　/SY+저희/NP+애/NNG+가/JKS+다음/NNG+주/NNG+에/JKB+거기/NP+입학/NNG+하/XSV+는데/EC+한/MM+학기/NNG+가/JKS+몇/MM+개월/NNBC+이/VCP+에요/EF"
          },
          {
            "id": 4,
            "text": "A.　한 학기는 3개월로 운영된다고 보시면 될것같아요",
            "norm_text": "A.　한 학기는 3개월로 운영된다고 보시면 될것같아요",
            "speaker": {
              "id": "A",
              "sex": "여성",
              "age": "1그룹(10대~20대)"
            },
            "speechAct": "진술하기",
            "morpheme": "A/SL+./SY+　/SY+한/MM+학기/NNG+는/JX+3/SN+개월/NNBC+로/JKB+운영/NNG+된다고/XSV+EC+보/VX+시/EP+면/EC+될/VV+ETM+것/NNB+같/VA+아요/EC"
          },
          {
            "id": 5,
            "text": "B.　3개월이면 총 몇주에요",
            "norm_text": "B.　3개월이면 총 몇주에요",
            "speaker": {
              "id": "B",
              "sex": "남성",
              "age": "1그룹(10대~20대)"
            },
            "speechAct": "질문하기",
            "morpheme": "B/SL+./SY+　/SY+3/SN+개월/NNBC+이/VCP+면/EC+총/MM+몇/MM+주/NNG+에/JKB+요/JX"
          },
          {
            "id": 6,
            "text": "A.　13주를 3개월로 보고있습니다",
            "norm_text": "A.　13주를 3개월로 보고있습니다",
            "speaker": {
              "id": "A",
              "sex": "여성",
              "age": "1그룹(10대~20대)"
            },
            "speechAct": "진술하기",
            "morpheme": "A/SL+./SY+　/SY+13/SN+주/NNBC+를/JKO+3/SN+개월/NNBC+로/JKB+보/VV+고/EC+있/VX+습니다/EF"
          },
          {
            "id": 7,
            "text": "B.　아 13주요 네 알겠습니다",
            "norm_text": "B.　아 13주요 네 알겠습니다",
            "speaker": {
              "id": "B",
              "sex": "남성",
              "age": "1그룹(10대~20대)"
            },
            "speechAct": "진술하기",
            "morpheme": "B/SL+./SY+　/SY+아/IC+13/SN+주요/NNG+네/XSN+알/VV+겠/EP+습니다/EF"
          },
          {
            "id": 8,
            "text": "A.　더 궁금한점은 없으실까요",
            "norm_text": "A.　더 궁금한점은 없으실까요",
            "speaker": {
              "id": "A",
              "sex": "여성",
              "age": "1그룹(10대~20대)"
            },
            "speechAct": "질문하기",
            "morpheme": "A/SL+./SY+　/SY+더/MAG+궁금/XR+한/XSA+ETM+점/NNG+은/JX+없/VA+으실까/EP+EP+EF+요/MM"
          },
          {
            "id": 9,
            "text": "B.　네 없습니다 아이 스케쥴때문에 이게 궁금했던거였어요",
            "norm_text": "B.　네 없습니다 아이 스케쥴때문에 이게 궁금했던거였어요",
            "speaker": {
              "id": "B",
              "sex": "남성",
              "age": "1그룹(10대~20대)"
            },
            "speechAct": "진술하기",
            "morpheme": "B/SL+./SY+　/SY+네/IC+없/VA+습니다/EF+아/IC+이스케/NNP+쥴/NNP+때문/NNB+에/JKB+이게/NP+JKS+궁금/XR+했/XSA+EP+던/ETM+거/NNB+였어요/VCP+EP+EC"
          },
          {
            "id": 10,
            "text": "A.　네 알겠습니다 그럼 오늘도 좋은 하루 보내세요",
            "norm_text": "A.　네 알겠습니다 그럼 오늘도 좋은 하루 보내세요",
            "speaker": {
              "id": "A",
              "sex": "여성",
              "age": "1그룹(10대~20대)"
            },
            "speechAct": "인사하기",
            "morpheme": "A/SL+./SY+　/SY+네/IC+알/VV+겠/EP+습니다/EF+그럼/MAJ+오늘/NNG+도/JX+좋/VA+은/ETM+하루/NNG+보내/VV+세요/EP+EF"
          }
        ]
      }
    }
  ]
}