{
  "dataset": {
    "identifier": 140597,
    "name": "e1_20211115_0006_0596_01",
    "src_path": "/data/file/cubeManager/PROJECT018/91/txt20211110140006093594/e1_20211115_0006_0596_01/",
    "label_path": "/data/file/cubeManager/PROJECT018/91/txt20211110140006093594/e1_20211115_0006_0596_01/",
    "category": 2,
    "type": 0
  },
  "licenses": {
    "name": "Apache License 1.0",
    "url": "http://www.apache.org/licenses/LICENSE-1.0"
  },
  "info": [
    {
      "id": 158148,
      "filename": "e1_0068_0076_02.txt",
      "title": "e1_0068_0076_02",
      "mediatype": "콜센터",
      "medianame": "콜센터",
      "category": "목적대화",
      "date": "2021-11-10",
      "size": 346,
      "annotations": {
        "subject": "프로그램 문의",
        "speaker_type": "1:1",
        "size": 346,
        "word_size": 81,
        "text": "A.합격의 기쁨을 함께 #@소속# 상담원 #@이름# 입니다\nB.검정고시 점수로 수시 진학 하고 싶은데요\nB.면접이랑 자소서 같은거 준비를 어떡할지 모르겠어서요\nA.아무래도 혼자 준비하시기엔 좀 무리가 되실 거에요\nB.네 생각만큼 쉽지 않더라구요\nA.저희 #@소속# 에서 입시컨설팅을 해드리구 있어요\nB.여기도 입시컨설턴트가 있어요\nA.네 다수의 입시컨설턴트 분들이 계세요\nA.그리고 검정고시 만점 받으시면 지원할 수 있는 학교도 있구요\nB.그런건 몰랐네요 상담 받으러 학원으로 가면 될까요\nA.네 학원에 방문 하셔서 상담 가능 하세요\nB.알겠습니다 그럼 꼭 상담 갈께요 수고하세요\nA.좋은 하루 되세요 #@소속#  상담원 #@이름# 였습니다",
        "lines": [
          {
            "id": 1,
            "text": "A.합격의 기쁨을 함께 #@소속# 상담원 #@이름# 입니다",
            "norm_text": "A.합격의 기쁨을 함께 #@소속# 상담원 #@이름# 입니다",
            "speaker": {
              "id": "A",
              "sex": "여성",
              "age": "1그룹(10대~20대)"
            },
            "speechAct": "인사하기",
            "morpheme": "A/SL+./SY+합격/NNG+의/JKG+기쁨/NNG+을/JKO+함께/MAG+#/SY+@/SY+소속/NNG+#/SY+상담원/NNG+#/SY+@/SY+이름/NNG+#/SY+입니다/VCP+EC"
          },
          {
            "id": 2,
            "text": "B.검정고시 점수로 수시 진학 하고 싶은데요",
            "norm_text": "B.검정고시 점수로 수시 진학 하고 싶은데요",
            "speaker": {
              "id": "B",
              "sex": "남성",
              "age": "1그룹(10대~20대)"
            },
            "speechAct": "진술하기",
            "morpheme": "B/SL+./SY+검정고시/NNG+점수/NNG+로/JKB+수시/NNG+진학/NNG+하/XSV+고/EC+싶/VX+은데요/EC"
          },
          {
            "id": 3,
            "text": "B.면접이랑 자소서 같은거 준비를 어떡할지 모르겠어서요",
            "norm_text": "B.면접이랑 자소서 같은거 준비를 어떡할지 모르겠어서요",
            "speaker": {
              "id": "B",
              "sex": "남성",
              "age": "1그룹(10대~20대)"
            },
            "speechAct": "진술하기",
            "morpheme": "B/SL+./SY+면접/NNG+이랑/JKB+자소/NNG+서/JKB+같/VA+은/ETM+거/NNB+준비/NNG+를/JKO+어떡/XR+할지/XSA+EC+모르/VV+겠/EP+어서요/EC"
          },
          {
            "id": 4,
            "text": "A.아무래도 혼자 준비하시기엔 좀 무리가 되실 거에요",
            "norm_text": "A.아무래도 혼자 준비하시기엔 좀 무리가 되실 거에요",
            "speaker": {
              "id": "A",
              "sex": "여성",
              "age": "1그룹(10대~20대)"
            },
            "speechAct": "진술하기",
            "morpheme": "A/SL+아무래도/MAG+혼자/NNG+준비/NNG+하/XSV+시/EP+기엔/EC+JX+좀/MAG+무리/NNG+가/JKS+되/VV+실/EP+ETM+거/NNB+에요/VCP+EF"
          },
          {
            "id": 5,
            "text": "B.네 생각만큼 쉽지 않더라구요",
            "norm_text": "B.네 생각만큼 쉽지 않더라구요",
            "speaker": {
              "id": "B",
              "sex": "남성",
              "age": "1그룹(10대~20대)"
            },
            "speechAct": "진술하기",
            "morpheme": "B/SL+네/IC+생각/NNG+만큼/JKB+쉽/VA+지/EC+않/VX+더라구요/EC"
          },
          {
            "id": 6,
            "text": "A.저희 #@소속# 에서 입시컨설팅을 해드리구 있어요",
            "norm_text": "A.저희 #@소속# 에서 입시컨설팅을 해드리구 있어요",
            "speaker": {
              "id": "A",
              "sex": "여성",
              "age": "1그룹(10대~20대)"
            },
            "speechAct": "진술하기",
            "morpheme": "A/SL+저희/NP+#/SY+@/SY+소속/NNG+#/SY+에서/JKB+입시/NNG+컨설팅/NNG+을/JKO+해/VV+EC+드리/VX+구/EC+있/VX+어요/EF"
          },
          {
            "id": 7,
            "text": "B.여기도 입시컨설턴트가 있어요",
            "norm_text": "B.여기도 입시컨설턴트가 있어요",
            "speaker": {
              "id": "B",
              "sex": "남성",
              "age": "1그룹(10대~20대)"
            },
            "speechAct": "질문하기",
            "morpheme": "B/SL+여기/NP+도/JX+입시/NNG+컨설턴트/NNG+가/JKS+있/VA+어요/EF"
          },
          {
            "id": 8,
            "text": "A.네 다수의 입시컨설턴트 분들이 계세요",
            "norm_text": "A.네 다수의 입시컨설턴트 분들이 계세요",
            "speaker": {
              "id": "A",
              "sex": "여성",
              "age": "1그룹(10대~20대)"
            },
            "speechAct": "진술하기",
            "morpheme": "A/SL+네/IC+다수/NNG+의/JKG+입시/NNG+컨설턴트/NNG+분/NNB+들/XSN+이/JKS+계세요/VV+EC"
          },
          {
            "id": 9,
            "text": "A.그리고 검정고시 만점 받으시면 지원할 수 있는 학교도 있구요",
            "norm_text": "A.그리고 검정고시 만점 받으시면 지원할 수 있는 학교도 있구요",
            "speaker": {
              "id": "A",
              "sex": "여성",
              "age": "1그룹(10대~20대)"
            },
            "speechAct": "진술하기",
            "morpheme": "A/SL+그리고/MAJ+검정고시/NNG+만점/NNG+받/VV+으시/EP+면/EC+지원/NNG+할/XSV+ETM+수/NNB+있/VV+는/ETM+학교/NNG+도/JX+있/VA+구요/EF"
          },
          {
            "id": 10,
            "text": "B.그런건 몰랐네요 상담 받으러 학원으로 가면 될까요",
            "norm_text": "B.그런건 몰랐네요 상담 받으러 학원으로 가면 될까요",
            "speaker": {
              "id": "B",
              "sex": "남성",
              "age": "1그룹(10대~20대)"
            },
            "speechAct": "질문하기",
            "morpheme": "B/SL+그런/MM+건/NNB+JX+몰랐/VV+EP+네요/EF+상담/NNG+받/VV+으러/EC+학원/NNG+으로/JKB+가/VV+면/EC+될까요/VV+EC"
          },
          {
            "id": 11,
            "text": "A.네 학원에 방문 하셔서 상담 가능 하세요",
            "norm_text": "A.네 학원에 방문 하셔서 상담 가능 하세요",
            "speaker": {
              "id": "A",
              "sex": "여성",
              "age": "1그룹(10대~20대)"
            },
            "speechAct": "진술하기",
            "morpheme": "A/SL+네/IC+학원/NNG+에/JKB+방문/NNG+하/XSV+셔서/EP+EC+상담/NNG+가능/NNG+하/XSV+세요/EP+EF"
          },
          {
            "id": 12,
            "text": "B.알겠습니다 그럼 꼭 상담 갈께요 수고하세요",
            "norm_text": "B.알겠습니다 그럼 꼭 상담 갈께요 수고하세요",
            "speaker": {
              "id": "B",
              "sex": "남성",
              "age": "1그룹(10대~20대)"
            },
            "speechAct": "인사하기",
            "morpheme": "B/SL+알/VV+겠/EP+습니다/EF+그럼/MAJ+꼭/MAG+상담/NNG+갈께요/VV+EF+수고/NNG+하/XSV+세요/EP+EF"
          },
          {
            "id": 13,
            "text": "A.좋은 하루 되세요 #@소속#  상담원 #@이름# 였습니다",
            "norm_text": "A.좋은 하루 되세요 #@소속#  상담원 #@이름# 였습니다",
            "speaker": {
              "id": "A",
              "sex": "여성",
              "age": "1그룹(10대~20대)"
            },
            "speechAct": "인사하기",
            "morpheme": "A/SL+좋/VA+은/ETM+하루/NNG+되/XSV+세요/EP+EF+#/SY+@/SY+소속/NNG+#/SY+상담원/NNG+#/SY+@/SY+이름/NNG+#/SY+였/VCP+EP+습니다/EF"
          }
        ]
      }
    }
  ]
}