{
  "dataset": {
    "identifier": 140429,
    "name": "e1_20211115_0006_0509_01",
    "src_path": "/data/file/cubeManager/PROJECT018/91/txt202111101400050572106/e1_20211115_0006_0509_01/",
    "label_path": "/data/file/cubeManager/PROJECT018/91/txt202111101400050572106/e1_20211115_0006_0509_01/",
    "category": 2,
    "type": 0
  },
  "licenses": {
    "name": "Apache License 1.0",
    "url": "http://www.apache.org/licenses/LICENSE-1.0"
  },
  "info": [
    {
      "id": 157983,
      "filename": "e1_0067_0124_02.txt",
      "title": "e1_0067_0124_02",
      "mediatype": "콜센터",
      "medianame": "콜센터",
      "category": "목적대화",
      "date": "2021-11-10",
      "size": 280,
      "annotations": {
        "subject": "프로그램 문의",
        "speaker_type": "1:1",
        "size": 280,
        "word_size": 74,
        "text": "A. 반갑습니다 편입의 정석 #@소속# 입니다\nB. 네 저 온라인 종합반 등록하려는데요\nB. 헷갈리는게 있어서 문의 드리려구요\nA. 네 온라인 종합반 어떤 부분 궁금하신가요\nB. 2개월 수강권은 두 종류가 있던데 무슨 차이가 있죠\nA. 기존 2개월 수강권은 8개 강좌 수강 가능하시구요\nA. 현재 추가된 스페셜 프로모션은 6개 강좌 가능하세요\nB. 강좌 수는 줄어드는데 왜 스페셜 프로모션인가요\nA. 기존 수강권 대비 수강료가 저렴합니다\nB. 아 그렇군요 알려주셔서 감사합니다\nA. 네 다른 문의 있으시면 또 전화주세요",
        "lines": [
          {
            "id": 1,
            "text": "A. 반갑습니다 편입의 정석 #@소속# 입니다",
            "norm_text": "A. 반갑습니다 편입의 정석 #@소속# 입니다",
            "speaker": {
              "id": "A",
              "sex": "여성",
              "age": "1그룹(10대~20대)"
            },
            "speechAct": "인사하기",
            "morpheme": "A/SL+반갑/VA+습니다/EF+편입/NNG+의/JKG+정석/NNG+#/SY+@/SY+소속/NNG+#/SY+입니다/VCP+EC"
          },
          {
            "id": 2,
            "text": "B. 네 저 온라인 종합반 등록하려는데요",
            "norm_text": "B. 네 저 온라인 종합반 등록하려는데요",
            "speaker": {
              "id": "B",
              "sex": "남성",
              "age": "1그룹(10대~20대)"
            },
            "speechAct": "진술하기",
            "morpheme": "B/SL+네/IC+저/MM+온라인/NNG+종합/NNG+반/NNG+등록/NNG+하/XSV+려는/ETM+데/NNB+요/VCP+EC"
          },
          {
            "id": 3,
            "text": "B. 헷갈리는게 있어서 문의 드리려구요",
            "norm_text": "B. 헷갈리는게 있어서 문의 드리려구요",
            "speaker": {
              "id": "B",
              "sex": "남성",
              "age": "1그룹(10대~20대)"
            },
            "speechAct": "진술하기",
            "morpheme": "B/SL+헷갈리/VV+는/ETM+게/NNB+JKS+있/VA+어서/EC+문/NNG+의/JKG+드리/VV+려구요/EC"
          },
          {
            "id": 4,
            "text": "A. 네 온라인 종합반 어떤 부분 궁금하신가요",
            "norm_text": "A. 네 온라인 종합반 어떤 부분 궁금하신가요",
            "speaker": {
              "id": "A",
              "sex": "여성",
              "age": "1그룹(10대~20대)"
            },
            "speechAct": "질문하기",
            "morpheme": "A/SL+네/IC+온라인/NNG+종합/NNG+반/NNG+어떤/MM+부분/NNG+궁금/XR+하/XSA+신가요/EP+EC"
          },
          {
            "id": 5,
            "text": "B. 2개월 수강권은 두 종류가 있던데 무슨 차이가 있죠",
            "norm_text": "B. 2개월 수강권은 두 종류가 있던데 무슨 차이가 있죠",
            "speaker": {
              "id": "B",
              "sex": "남성",
              "age": "1그룹(10대~20대)"
            },
            "speechAct": "질문하기",
            "morpheme": "B/SL+./SY+2/SN+개월/NNBC+수강/NNG+권/XSN+은/JX+두/MM+종류/NNG+가/JKS+있/VA+던데/EC+무슨/MM+차이/NNG+가/JKS+있/VA+죠/EF"
          },
          {
            "id": 6,
            "text": "A. 기존 2개월 수강권은 8개 강좌 수강 가능하시구요",
            "norm_text": "A. 기존 2개월 수강권은 8개 강좌 수강 가능하시구요",
            "speaker": {
              "id": "A",
              "sex": "여성",
              "age": "1그룹(10대~20대)"
            },
            "speechAct": "진술하기",
            "morpheme": "A/SL+./SY+기존/NNG+2/SN+개월/NNBC+수강/NNG+권/XSN+은/JX+8/SN+개/NNBC+강좌/NNG+수강/NNG+가능/NNG+하/XSV+시/EP+구요/EF"
          },
          {
            "id": 7,
            "text": "A. 현재 추가된 스페셜 프로모션은 6개 강좌 가능하세요",
            "norm_text": "A. 현재 추가된 스페셜 프로모션은 6개 강좌 가능하세요",
            "speaker": {
              "id": "A",
              "sex": "여성",
              "age": "1그룹(10대~20대)"
            },
            "speechAct": "진술하기",
            "morpheme": "A/SL+현재/MAG+추가/NNG+된/XSV+ETM+스페셜/NNP+프로모션/NNG+은/JX+6/SN+개/NNBC+강좌/NNG+가능/NNG+하/XSV+세요/EP+EF"
          },
          {
            "id": 8,
            "text": "B. 강좌 수는 줄어드는데 왜 스페셜 프로모션인가요",
            "norm_text": "B. 강좌 수는 줄어드는데 왜 스페셜 프로모션인가요",
            "speaker": {
              "id": "B",
              "sex": "남성",
              "age": "1그룹(10대~20대)"
            },
            "speechAct": "질문하기",
            "morpheme": "B/SL+./SY+강좌/NNG+수/NNG+는/JX+줄어드/VV+는데/EC+왜/MAG+스페셜/NNP+프로모션/NNG+인가요/VCP+EC"
          },
          {
            "id": 9,
            "text": "A. 기존 수강권 대비 수강료가 저렴합니다",
            "norm_text": "A. 기존 수강권 대비 수강료가 저렴합니다",
            "speaker": {
              "id": "A",
              "sex": "여성",
              "age": "1그룹(10대~20대)"
            },
            "speechAct": "진술하기",
            "morpheme": "A/SL+./SY+기존/NNG+수강/NNG+권/XSN+대비/NNG+수강료/NNG+가/JKS+저렴/XR+합니다/XSA+EC"
          },
          {
            "id": 10,
            "text": "B. 아 그렇군요 알려주셔서 감사합니다",
            "norm_text": "B. 아 그렇군요 알려주셔서 감사합니다",
            "speaker": {
              "id": "B",
              "sex": "남성",
              "age": "1그룹(10대~20대)"
            },
            "speechAct": "감사하기",
            "morpheme": "B/SL+아/IC+그렇/VA+군요/EC+알려/VV+EC+주/VX+셔서/EP+EC+감사/NNG+합니다/XSV+EC"
          },
          {
            "id": 11,
            "text": "A. 네 다른 문의 있으시면 또 전화주세요",
            "norm_text": "A. 네 다른 문의 있으시면 또 전화주세요",
            "speaker": {
              "id": "A",
              "sex": "여성",
              "age": "1그룹(10대~20대)"
            },
            "speechAct": "인사하기",
            "morpheme": "A/SL+네/IC+다른/MM+문/NNG+의/JKG+있/VA+으시/EP+면/EC+또/MAG+전화/NNG+주세요/NNP"
          }
        ]
      }
    }
  ]
}