{
  "dataset": {
    "identifier": 140462,
    "name": "e1_20211115_0006_0537_01",
    "src_path": "/data/file/cubeManager/PROJECT018/91/txt20211110140005075067/e1_20211115_0006_0537_01/",
    "label_path": "/data/file/cubeManager/PROJECT018/91/txt20211110140005075067/e1_20211115_0006_0537_01/",
    "category": 2,
    "type": 0
  },
  "licenses": {
    "name": "Apache License 1.0",
    "url": "http://www.apache.org/licenses/LICENSE-1.0"
  },
  "info": [
    {
      "id": 158011,
      "filename": "e1_0067_0152_02.txt",
      "title": "e1_0067_0152_02",
      "mediatype": "콜센터",
      "medianame": "콜센터",
      "category": "목적대화",
      "date": "2021-11-10",
      "size": 259,
      "annotations": {
        "subject": "프로그램 문의",
        "speaker_type": "1:1",
        "size": 259,
        "word_size": 64,
        "text": "A. 안녕하세요 #@소속# 상담원 #@이름# 입니다\nB. 네 저 초등학생들 수업 방송 문의 좀 할게요\nA. 네 반갑습니다 어떤 부분 궁금하신가요\nB. 2학년 수업만 챙겨보려고 하는데요\nB. 국어 방송 날짜나 시간 좀 알려주시겠어요\nA. 일단 국어는 평일 5일간 방송되고 있구요\nA. 2학년 오전 10시반부터 11시까지 진행됩니다\nB. 아 주말은 편성이 안되있나보네요\nA. 네 월요일부터 금요일까지 방송됩니다\nB. 일단 알겠습니다 참고할게요\nA. 감사합니다 상담원 #@이름#이였습니다",
        "lines": [
          {
            "id": 1,
            "text": "A. 안녕하세요 #@소속# 상담원 #@이름# 입니다",
            "norm_text": "A. 안녕하세요 #@소속# 상담원 #@이름# 입니다",
            "speaker": {
              "id": "A",
              "sex": "여성",
              "age": "1그룹(10대~20대)"
            },
            "speechAct": "인사하기",
            "morpheme": "A/SL+./SY+안녕/NNG+하/XSV+세요/EP+EF+#/SY+@/SY+소속/NNG+#/SY+상담원/NNG+#/SY+@/SY+이름/NNG+#/SY+입니다/VCP+EC"
          },
          {
            "id": 2,
            "text": "B. 네 저 초등학생들 수업 방송 문의 좀 할게요",
            "norm_text": "B. 네 저 초등학생들 수업 방송 문의 좀 할게요",
            "speaker": {
              "id": "B",
              "sex": "남성",
              "age": "1그룹(10대~20대)"
            },
            "speechAct": "진술하기",
            "morpheme": "B/SL+네/IC+저/MM+초등학생/NNG+들/XSN+수업/NNG+방송/NNG+문/NNG+의/JKG+좀/MAG+할게요/VV+EC"
          },
          {
            "id": 3,
            "text": "A. 네 반갑습니다 어떤 부분 궁금하신가요",
            "norm_text": "A. 네 반갑습니다 어떤 부분 궁금하신가요",
            "speaker": {
              "id": "A",
              "sex": "여성",
              "age": "1그룹(10대~20대)"
            },
            "speechAct": "질문하기",
            "morpheme": "A/SL+네/IC+반갑/VA+습니다/EF+어떤/MM+부분/NNG+궁금/XR+하/XSA+신가요/EP+EC"
          },
          {
            "id": 4,
            "text": "B. 2학년 수업만 챙겨보려고 하는데요",
            "norm_text": "B. 2학년 수업만 챙겨보려고 하는데요",
            "speaker": {
              "id": "B",
              "sex": "남성",
              "age": "1그룹(10대~20대)"
            },
            "speechAct": "진술하기",
            "morpheme": "B/SL+./SY+2/SN+학년/NNG+수업/NNG+만/JX+챙겨/VV+EC+보/VX+려고/EC+하/VV+는데요/EC"
          },
          {
            "id": 5,
            "text": "B. 국어 방송 날짜나 시간 좀 알려주시겠어요",
            "norm_text": "B. 국어 방송 날짜나 시간 좀 알려주시겠어요",
            "speaker": {
              "id": "B",
              "sex": "남성",
              "age": "1그룹(10대~20대)"
            },
            "speechAct": "질문하기",
            "morpheme": "B/SL+./SY+국어/NNG+방송/NNG+날짜/NNG+나/JC+시간/NNG+좀/MAG+알려/VV+EC+주/VX+시/EP+겠/EP+어요/EF"
          },
          {
            "id": 6,
            "text": "A. 일단 국어는 평일 5일간 방송되고 있구요",
            "norm_text": "A. 일단 국어는 평일 5일간 방송되고 있구요",
            "speaker": {
              "id": "A",
              "sex": "여성",
              "age": "1그룹(10대~20대)"
            },
            "speechAct": "진술하기",
            "morpheme": "A/SL+일단/MAG+국어/NNG+는/JX+평일/NNG+5/SN+일/NNBC+간/NNG+방송/NNG+되/XSV+고/EC+있/VX+구요/EF"
          },
          {
            "id": 7,
            "text": "A. 2학년 오전 10시반부터 11시까지 진행됩니다",
            "norm_text": "A. 2학년 오전 10시반부터 11시까지 진행됩니다",
            "speaker": {
              "id": "A",
              "sex": "여성",
              "age": "1그룹(10대~20대)"
            },
            "speechAct": "진술하기",
            "morpheme": "A/SL+./SY+2/SN+학년/NNG+오전/NNG+10/SN+시/NNBC+반/NNG+부터/JX+11/SN+시/NNBC+까지/JX+진행/NNG+됩니다/XSV+EC"
          },
          {
            "id": 8,
            "text": "B. 아 주말은 편성이 안되있나보네요",
            "norm_text": "B. 아 주말은 편성이 안되있나보네요",
            "speaker": {
              "id": "B",
              "sex": "남성",
              "age": "1그룹(10대~20대)"
            },
            "speechAct": "진술하기",
            "morpheme": "B/SL+아주/MAG+말/NNG+은/JX+편성/NNG+이/JKS+안/MAG+되/VV+EC+있/VX+나/EC+보/VX+네요/EC"
          },
          {
            "id": 9,
            "text": "A. 네 월요일부터 금요일까지 방송됩니다",
            "norm_text": "A. 네 월요일부터 금요일까지 방송됩니다",
            "speaker": {
              "id": "A",
              "sex": "여성",
              "age": "1그룹(10대~20대)"
            },
            "speechAct": "진술하기",
            "morpheme": "A/SL+네/IC+월요일/NNG+부터/JX+금요일/NNG+까지/JX+방송/NNG+됩니다/XSV+EC"
          },
          {
            "id": 10,
            "text": "B. 일단 알겠습니다 참고할게요",
            "norm_text": "B. 일단 알겠습니다 참고할게요",
            "speaker": {
              "id": "B",
              "sex": "남성",
              "age": "1그룹(10대~20대)"
            },
            "speechAct": "진술하기",
            "morpheme": "B/SL+일단/MAG+알/VV+겠/EP+습니다/EF+참고/NNG+할게요/XSV+EC"
          },
          {
            "id": 11,
            "text": "A. 감사합니다 상담원 #@이름#이였습니다",
            "norm_text": "A. 감사합니다 상담원 #@이름#이였습니다",
            "speaker": {
              "id": "A",
              "sex": "여성",
              "age": "1그룹(10대~20대)"
            },
            "speechAct": "인사하기",
            "morpheme": "A/SL+./SY+감사/NNG+합니다/XSV+EF+상담원/NNG+#/SY+@/SY+이름/NNG+#/SY+이/VCP+였/EP+습니다/EF"
          }
        ]
      }
    }
  ]
}