{
  "dataset": {
    "identifier": 140994,
    "name": "e1_20211115_0006_0651_01",
    "src_path": "/data/file/cubeManager/PROJECT018/91/txt202111101400100776106/e1_20211115_0006_0651_01/",
    "label_path": "/data/file/cubeManager/PROJECT018/91/txt202111101400100776106/e1_20211115_0006_0651_01/",
    "category": 2,
    "type": 0
  },
  "licenses": {
    "name": "Apache License 1.0",
    "url": "http://www.apache.org/licenses/LICENSE-1.0"
  },
  "info": [
    {
      "id": 158628,
      "filename": "e1_0070_0029_02.txt",
      "title": "e1_0070_0029_02",
      "mediatype": "콜센터",
      "medianame": "콜센터",
      "category": "목적대화",
      "date": "2021-11-10",
      "size": 337,
      "annotations": {
        "subject": "프로그램 문의",
        "speaker_type": "1:1",
        "size": 337,
        "word_size": 83,
        "text": "A. 감사합니다 #@소속# 상담사 #@이름#입니다\nB. 안녕하세요 궁금한게 있어서 전화드렸습니다\nA. 무엇을 도와드릴까요 고객님\nB. 저 모바일 등록 기기 제한이 있을까요\nA. 고객님 모바일의 경우에는 최대 5대까지 등록이 가능하십니다\nB. 아 그런가요 이거 등록은 어떻게 하죠\nA. 모바일 기기 등록은 #@상품#나 #@소속# #@상품#에서 확인 가능하신데요\nA. 어떤 걸 이용하고 계신가요\nB. #@소속# #@상품# 쓰고 있어요\nA. 아 그러시면 나의 설정에서 등록 기기 확인 및 변경에서 하시면 됩니다\nB. 아 네 등록 기기 확인 및 변경이요 알겠습니다 수고하세요\nA. 네 지금까지 #@소속# 상담사 #@이름#이었습니다",
        "lines": [
          {
            "id": 1,
            "text": "A. 감사합니다 #@소속# 상담사 #@이름#입니다",
            "norm_text": "A. 감사합니다 #@소속# 상담사 #@이름#입니다",
            "speaker": {
              "id": "A",
              "sex": "여성",
              "age": "2그룹(30대~40대)"
            },
            "speechAct": "인사하기",
            "morpheme": "A/SL+./SY+감사/NNG+합니다/XSV+EF+#/SY+@/SY+소속/NNG+#/SY+상담/NNG+사/NNG+#/SY+@/SY+이름/NNG+#/SY+입니다/VCP+EC"
          },
          {
            "id": 2,
            "text": "B. 안녕하세요 궁금한게 있어서 전화드렸습니다",
            "norm_text": "B. 안녕하세요 궁금한게 있어서 전화드렸습니다",
            "speaker": {
              "id": "B",
              "sex": "남성",
              "age": "2그룹(30대~40대)"
            },
            "speechAct": "진술하기",
            "morpheme": "B/SL+./SY+안녕/NNG+하/XSV+세요/EP+EF+궁금/XR+한/XSA+ETM+게/NNB+JKS+있/VA+어서/EC+전화/NNG+드렸/VV+EP+습니다/EF"
          },
          {
            "id": 3,
            "text": "A. 무엇을 도와드릴까요 고객님",
            "norm_text": "A. 무엇을 도와드릴까요 고객님",
            "speaker": {
              "id": "A",
              "sex": "여성",
              "age": "2그룹(30대~40대)"
            },
            "speechAct": "질문하기",
            "morpheme": "A/SL+무엇/NP+을/JKO+도와/VV+EC+드릴까요/VX+EC+고객/NNG+님/XSN"
          },
          {
            "id": 4,
            "text": "B. 저 모바일 등록 기기 제한이 있을까요",
            "norm_text": "B. 저 모바일 등록 기기 제한이 있을까요",
            "speaker": {
              "id": "B",
              "sex": "남성",
              "age": "2그룹(30대~40대)"
            },
            "speechAct": "질문하기",
            "morpheme": "B/SL+저/IC+모바일/NNP+등록/NNG+기기/NNG+제한/NNG+이/JKS+있/VV+을까요/EC"
          },
          {
            "id": 5,
            "text": "A. 고객님 모바일의 경우에는 최대 5대까지 등록이 가능하십니다",
            "norm_text": "A. 고객님 모바일의 경우에는 최대 5대까지 등록이 가능하십니다",
            "speaker": {
              "id": "A",
              "sex": "여성",
              "age": "2그룹(30대~40대)"
            },
            "speechAct": "진술하기",
            "morpheme": "A/SL+./SY+고객/NNG+님/XSN+모바일/NNP+의/JKG+경우/NNG+에/JKB+는/JX+최대/NNG+5/SN+대/NNBC+까지/JX+등록/NNG+이/JKS+가능/NNG+하/XSV+십니다/EP+EC"
          },
          {
            "id": 6,
            "text": "B. 아 그런가요 이거 등록은 어떻게 하죠",
            "norm_text": "B. 아 그런가요 이거 등록은 어떻게 하죠",
            "speaker": {
              "id": "B",
              "sex": "남성",
              "age": "2그룹(30대~40대)"
            },
            "speechAct": "질문하기",
            "morpheme": "B/SL+아/IC+그런가요/VA+EC+VCP+EF+이거/NP+등록/NNG+은/JX+어떻게/MAG+하/VV+죠/EC"
          },
          {
            "id": 7,
            "text": "A. 모바일 기기 등록은 #@상품#나 #@소속# #@상품#에서 확인 가능하신데요",
            "norm_text": "A. 모바일 기기 등록은 #@상품#나 #@소속# #@상품#에서 확인 가능하신데요",
            "speaker": {
              "id": "A",
              "sex": "여성",
              "age": "2그룹(30대~40대)"
            },
            "speechAct": "진술하기",
            "morpheme": "A/SL+./SY+모바일/NNP+기기/NNG+등록/NNG+은/JX+#/SY+@/SY+상품/NNG+#/SY+나/NP+#/SY+@/SY+소속/NNG+#/SY+#/SY+@/SY+상품/NNG+#/SY+에서/JKB+확인/NNG+가능/NNG+하/XSV+신데요/EP+EC"
          },
          {
            "id": 8,
            "text": "A. 어떤 걸 이용하고 계신가요",
            "norm_text": "A. 어떤 걸 이용하고 계신가요",
            "speaker": {
              "id": "A",
              "sex": "여성",
              "age": "2그룹(30대~40대)"
            },
            "speechAct": "질문하기",
            "morpheme": "A/SL+어떤/MM+걸/NNB+JKO+이용/NNG+하/XSV+고/EC+계신/VX+ETM+가요/NNG"
          },
          {
            "id": 9,
            "text": "B. #@소속# #@상품# 쓰고 있어요",
            "norm_text": "B. #@소속# #@상품# 쓰고 있어요",
            "speaker": {
              "id": "B",
              "sex": "남성",
              "age": "2그룹(30대~40대)"
            },
            "speechAct": "진술하기",
            "morpheme": "B/SL+./SY+#/SY+@/SY+소속/NNG+#/SY+#/SY+@/SY+상품/NNG+#/SY+쓰/VV+고/EC+있/VX+어요/EF"
          },
          {
            "id": 10,
            "text": "A. 아 그러시면 나의 설정에서 등록 기기 확인 및 변경에서 하시면 됩니다",
            "norm_text": "A. 아 그러시면 나의 설정에서 등록 기기 확인 및 변경에서 하시면 됩니다",
            "speaker": {
              "id": "A",
              "sex": "여성",
              "age": "2그룹(30대~40대)"
            },
            "speechAct": "진술하기",
            "morpheme": "A/SL+아/IC+그러/VV+시/EP+면/EC+나/NP+의/JKG+설정/NNG+에서/JKB+등록/NNG+기기/NNG+확인/NNG+및/MAJ+변경/NNG+에서/JKB+하/VV+시/EP+면/EC+됩니다/VX+EC"
          },
          {
            "id": 11,
            "text": "B. 아 네 등록 기기 확인 및 변경이요 알겠습니다 수고하세요",
            "norm_text": "B. 아 네 등록 기기 확인 및 변경이요 알겠습니다 수고하세요",
            "speaker": {
              "id": "B",
              "sex": "남성",
              "age": "2그룹(30대~40대)"
            },
            "speechAct": "인사하기",
            "morpheme": "B/SL+아/IC+네/IC+등록/NNG+기기/NNG+확인/NNG+및/MAJ+변경/NNG+이/VCP+요/EC+알/VV+겠/EP+습니다/EF+수고/NNG+하/XSV+세요/EP+EF"
          },
          {
            "id": 12,
            "text": "A. 네 지금까지 #@소속# 상담사 #@이름#이었습니다",
            "norm_text": "A. 네 지금까지 #@소속# 상담사 #@이름#이었습니다",
            "speaker": {
              "id": "A",
              "sex": "여성",
              "age": "2그룹(30대~40대)"
            },
            "speechAct": "인사하기",
            "morpheme": "A/SL+네/IC+지금/NNG+까지/JX+#/SY+@/SY+소속/NNG+#/SY+상담/NNG+사/NNG+#/SY+@/SY+이름/NNG+#/SY+이/VCP+었/EP+습니다/EF"
          }
        ]
      }
    }
  ]
}