{
  "dataset": {
    "identifier": 140064,
    "name": "e1_20211115_0006_0421_01",
    "src_path": "/data/file/cubeManager/PROJECT018/91/txt20211110140004092557/e1_20211115_0006_0421_01/",
    "label_path": "/data/file/cubeManager/PROJECT018/91/txt20211110140004092557/e1_20211115_0006_0421_01/",
    "category": 2,
    "type": 0
  },
  "licenses": {
    "name": "Apache License 1.0",
    "url": "http://www.apache.org/licenses/LICENSE-1.0"
  },
  "info": [
    {
      "id": 157897,
      "filename": "e1_0067_0038_02.txt",
      "title": "e1_0067_0038_02",
      "mediatype": "콜센터",
      "medianame": "콜센터",
      "category": "목적대화",
      "date": "2021-11-10",
      "size": 252,
      "annotations": {
        "subject": "프로그램 문의",
        "speaker_type": "1:1",
        "size": 252,
        "word_size": 65,
        "text": "A. 안녕하세요 #@소속#입니다\nB. 네 저 10월부터 수강을 하고 싶은데요\nA. 네 수강에 어떤 문의 사항 있으실까요\nB. 편입 준비가 아예 처음인 경우라서요\nB. 10월 시작반 이 강좌로 수강하면 될까요\nA. 네 편입영어가 처음이라면 말씀하신 강좌 추천드립니다\nB. 수강 목록 중에 #@상품#은 뭔가요\nA. #@이름# 교수님이 직접 관리를 진행하는 반입니다\nB. 관리 직접 해주시면 확실히 도움 많이 되겠네요\nA. 맞습니다 일정 천천히 살펴보시고 언제든 전화주세요",
        "lines": [
          {
            "id": 1,
            "text": "A. 안녕하세요 #@소속#입니다",
            "norm_text": "A. 안녕하세요 #@소속#입니다",
            "speaker": {
              "id": "A",
              "sex": "여성",
              "age": "1그룹(10대~20대)"
            },
            "speechAct": "인사하기",
            "morpheme": "A/SL+./SY+안녕/NNG+하/XSV+세요/EP+EF+#/SY+@/SY+소속/NNG+#/SY+입니다/VCP+EC"
          },
          {
            "id": 2,
            "text": "B. 네 저 10월부터 수강을 하고 싶은데요",
            "norm_text": "B. 네 저 10월부터 수강을 하고 싶은데요",
            "speaker": {
              "id": "B",
              "sex": "남성",
              "age": "1그룹(10대~20대)"
            },
            "speechAct": "진술하기",
            "morpheme": "B/SL+네/IC+저/MM+10/SN+월/NNBC+부터/JX+수강/NNG+을/JKO+하/VV+고/EC+싶/VX+은데요/EC"
          },
          {
            "id": 3,
            "text": "A. 네 수강에 어떤 문의 사항 있으실까요",
            "norm_text": "A. 네 수강에 어떤 문의 사항 있으실까요",
            "speaker": {
              "id": "A",
              "sex": "여성",
              "age": "1그룹(10대~20대)"
            },
            "speechAct": "질문하기",
            "morpheme": "A/SL+네/IC+수강/NNG+에/JKB+어떤/MM+문/NNG+의/JKG+사항/NNG+있/VV+으실까/EP+EP+EF+요/MM"
          },
          {
            "id": 4,
            "text": "B. 편입 준비가 아예 처음인 경우라서요",
            "norm_text": "B. 편입 준비가 아예 처음인 경우라서요",
            "speaker": {
              "id": "B",
              "sex": "남성",
              "age": "1그룹(10대~20대)"
            },
            "speechAct": "진술하기",
            "morpheme": "B/SL+./SY+편입/NNG+준비/NNG+가/JKS+아예/MAG+처음/NNG+인/VCP+ETM+경우/NNG+라서요/VCP+EC"
          },
          {
            "id": 5,
            "text": "B. 10월 시작반 이 강좌로 수강하면 될까요",
            "norm_text": "B. 10월 시작반 이 강좌로 수강하면 될까요",
            "speaker": {
              "id": "B",
              "sex": "남성",
              "age": "1그룹(10대~20대)"
            },
            "speechAct": "질문하기",
            "morpheme": "B/SL+./SY+10/SN+월/NNBC+시작/NNG+반/NNG+이/JKS+강좌/NNG+로/JKB+수강/NNG+하/XSV+면/EC+될까요/VV+EC"
          },
          {
            "id": 6,
            "text": "A. 네 편입영어가 처음이라면 말씀하신 강좌 추천드립니다",
            "norm_text": "A. 네 편입영어가 처음이라면 말씀하신 강좌 추천드립니다",
            "speaker": {
              "id": "A",
              "sex": "여성",
              "age": "1그룹(10대~20대)"
            },
            "speechAct": "진술하기",
            "morpheme": "A/SL+네/IC+편입/NNG+영어/NNG+가/JKS+처음/NNG+이/VCP+라면/EC+말씀/NNG+하/XSV+신/EP+ETM+강좌/NNG+추천/NNG+드립니다/VV+EC"
          },
          {
            "id": 7,
            "text": "B. 수강 목록 중에 #@상품#은 뭔가요",
            "norm_text": "B. 수강 목록 중에 #@상품#은 뭔가요",
            "speaker": {
              "id": "B",
              "sex": "남성",
              "age": "1그룹(10대~20대)"
            },
            "speechAct": "질문하기",
            "morpheme": "B/SL+./SY+수강/NNG+목록/NNG+중/NNB+에/JKB+#/SY+@/SY+상품/NNG+#/SY+은/JX+뭔/MM+가요/NNG"
          },
          {
            "id": 8,
            "text": "A. #@이름# 교수님이 직접 관리를 진행하는 반입니다",
            "norm_text": "A. #@이름# 교수님이 직접 관리를 진행하는 반입니다",
            "speaker": {
              "id": "A",
              "sex": "여성",
              "age": "1그룹(10대~20대)"
            },
            "speechAct": "진술하기",
            "morpheme": "A/SL+./SY+#/SY+@/SY+이름/NNG+#/SY+교수/NNG+님/XSN+이/JKS+직접/MAG+관리/NNG+를/JKO+진행/NNG+하/XSV+는/ETM+반/NNG+입니다/VCP+EC"
          },
          {
            "id": 9,
            "text": "B. 관리 직접 해주시면 확실히 도움 많이 되겠네요",
            "norm_text": "B. 관리 직접 해주시면 확실히 도움 많이 되겠네요",
            "speaker": {
              "id": "B",
              "sex": "남성",
              "age": "1그룹(10대~20대)"
            },
            "speechAct": "진술하기",
            "morpheme": "B/SL+./SY+관리/NNG+직접/NNG+해/XSV+EC+주/VX+시/EP+면/EC+확실히/MAG+도움/NNG+많이/MAG+되/VV+겠/EP+네요/EC"
          },
          {
            "id": 10,
            "text": "A. 맞습니다 일정 천천히 살펴보시고 언제든 전화주세요",
            "norm_text": "A. 맞습니다 일정 천천히 살펴보시고 언제든 전화주세요",
            "speaker": {
              "id": "A",
              "sex": "여성",
              "age": "1그룹(10대~20대)"
            },
            "speechAct": "명령하기/요구하기",
            "morpheme": "A/SL+맞/VV+습니다/EF+일정/NNG+천천히/MAG+살펴보/VV+시/EP+고/EC+언제/NP+든/VCP+EC+전화/NNG+주세요/NNP"
          }
        ]
      }
    }
  ]
}