{
  "dataset": {
    "identifier": 139682,
    "name": "e1_20211115_0006_0245_01",
    "src_path": "/data/file/cubeManager/PROJECT018/91/txt20211110140003010020/e1_20211115_0006_0245_01/",
    "label_path": "/data/file/cubeManager/PROJECT018/91/txt20211110140003010020/e1_20211115_0006_0245_01/",
    "category": 2,
    "type": 0
  },
  "licenses": {
    "name": "Apache License 1.0",
    "url": "http://www.apache.org/licenses/LICENSE-1.0"
  },
  "info": [
    {
      "id": 157706,
      "filename": "e1_0066_0058_02.txt",
      "title": "e1_0066_0058_02",
      "mediatype": "콜센터",
      "medianame": "콜센터",
      "category": "목적대화",
      "date": "2021-11-10",
      "size": 313,
      "annotations": {
        "subject": "프로그램 문의",
        "speaker_type": "1:1",
        "size": 313,
        "word_size": 74,
        "text": "A. 늦게 받아 죄송합니다 #@소속# #@이름#입니다\nB. 안녕하세요 저희 딸이 수강하려고 하는데 강의 수준이 어떻게 될까요\nA. #@소속# 강의 수준은 전반적으로 중상위권을 위한 심화학습 강의가 중심입니다\nB. 아 기초강좌는 따로 없는건가요\nA. #@상품#는 기초학력이 부족한 학생들을 위한 기초강좌도 포함하고 있습니다\nB. 기초학력 부족하면 기초강좌 듣는게 낫겠죠\nA. 네 기초강좌 듣고 괜찮으면 심화학습 들으시면 될것같아요\nB. 아 네 감사합니다\nA. 다른 문의사항 있으신가요\nB. 아니요 감사합니다 수고하세요\nA. 네 좋은 하루 되시길 바랍니다 #@이름# 상담원이었습니다",
        "lines": [
          {
            "id": 1,
            "text": "A. 늦게 받아 죄송합니다 #@소속# #@이름#입니다",
            "norm_text": "A. 늦게 받아 죄송합니다 #@소속# #@이름#입니다",
            "speaker": {
              "id": "A",
              "sex": "여성",
              "age": "1그룹(10대~20대)"
            },
            "speechAct": "인사하기",
            "morpheme": "A/SL+늦/VA+게/EC+받/VV+아/EC+죄송/XR+합니다/XSA+EF+#/SY+@/SY+소속/NNG+#/SY+#/SY+@/SY+이름/NNG+#/SY+입니다/VCP+EC"
          },
          {
            "id": 2,
            "text": "B. 안녕하세요 저희 딸이 수강하려고 하는데 강의 수준이 어떻게 될까요",
            "norm_text": "B. 안녕하세요 저희 딸이 수강하려고 하는데 강의 수준이 어떻게 될까요",
            "speaker": {
              "id": "B",
              "sex": "남성",
              "age": "1그룹(10대~20대)"
            },
            "speechAct": "질문하기",
            "morpheme": "B/SL+./SY+안녕/NNG+하/XSV+세요/EP+EF+저희/NP+딸/NNG+이/JKS+수강/NNG+하/XSV+려고/EC+하/VV+는데/EC+강의/NNG+수준/NNG+이/JKS+어떻게/MAG+될까요/VV+EC"
          },
          {
            "id": 3,
            "text": "A. #@소속# 강의 수준은 전반적으로 중상위권을 위한 심화학습 강의가 중심입니다",
            "norm_text": "A.#@소속# 수준은 중상위권을 위한 심화학습 강의가 중심입니다",
            "speaker": {
              "id": "A",
              "sex": "여성",
              "age": "1그룹(10대~20대)"
            },
            "speechAct": "진술하기",
            "morpheme": "A/SL+./SY+#/SY+@/SY+소속/NNG+#/SY+강의/NNG+수준/NNG+은/JX+전반/NNG+적/XSN+으로/JKB+중상/NNG+위/NNG+권/XSN+을/JKO+위한/VV+ETM+심화/NNG+학습/NNG+강의/NNG+가/JKS+중심/NNG+입니다/VCP+EC"
          },
          {
            "id": 4,
            "text": "B. 아 기초강좌는 따로 없는건가요",
            "norm_text": "B. 아 기초강좌는 따로 없는건가요",
            "speaker": {
              "id": "B",
              "sex": "남성",
              "age": "1그룹(10대~20대)"
            },
            "speechAct": "질문하기",
            "morpheme": "B/SL+아/IC+기초/NNG+강좌/NNG+는/JX+따로/MAG+없/VA+는/ETM+건가요/NNB+VCP+EC"
          },
          {
            "id": 5,
            "text": "A. #@상품#는 기초학력이 부족한 학생들을 위한 기초강좌도 포함하고 있습니다",
            "norm_text": "A.#@상품#는 기초학력이 부족한 학생 대상 기초강좌도 포함하고 있습니다",
            "speaker": {
              "id": "A",
              "sex": "여성",
              "age": "1그룹(10대~20대)"
            },
            "speechAct": "진술하기",
            "morpheme": "A/SL+./SY+#/SY+@/SY+상품/NNG+#/SY+는/JX+기초/NNG+학력/NNG+이/JKS+부족/NNG+한/XSA+ETM+학생/NNG+들/XSN+을/JKO+위한/VV+ETM+기초/NNG+강좌/NNG+도/JX+포함/NNG+하/XSV+고/EC+있/VX+습니다/EF"
          },
          {
            "id": 6,
            "text": "B. 기초학력 부족하면 기초강좌 듣는게 낫겠죠",
            "norm_text": "B. 기초학력 부족하면 기초강좌 듣는게 낫겠죠",
            "speaker": {
              "id": "B",
              "sex": "남성",
              "age": "1그룹(10대~20대)"
            },
            "speechAct": "질문하기",
            "morpheme": "B/SL+./SY+기초/NNG+학력/NNG+부족/NNG+하/XSV+면/EC+기초/NNG+강좌/NNG+듣/VV+는/ETM+게/NNB+JKS+낫/VA+겠/EP+죠/EF"
          },
          {
            "id": 7,
            "text": "A. 네 기초강좌 듣고 괜찮으면 심화학습 들으시면 될것같아요",
            "norm_text": "A. 네 기초강좌 듣고 괜찮으면 심화학습 들으시면 될것같아요",
            "speaker": {
              "id": "A",
              "sex": "여성",
              "age": "1그룹(10대~20대)"
            },
            "speechAct": "진술하기",
            "morpheme": "A/SL+네/IC+기초/NNG+강좌/NNG+듣/VV+고/EC+괜찮/VA+으면/EC+심화/NNG+학습/NNG+들으시면/VV+EP+EC+될/VV+ETM+것/NNB+같/VA+아요/EC"
          },
          {
            "id": 8,
            "text": "B. 아 네 감사합니다",
            "norm_text": "B. 아 네 감사합니다",
            "speaker": {
              "id": "B",
              "sex": "남성",
              "age": "1그룹(10대~20대)"
            },
            "speechAct": "감사하기",
            "morpheme": "B/SL+아/IC+네/IC+감사/NNG+합니다/XSV+EC"
          },
          {
            "id": 9,
            "text": "A. 다른 문의사항 있으신가요",
            "norm_text": "A. 다른 문의사항 있으신가요",
            "speaker": {
              "id": "A",
              "sex": "여성",
              "age": "1그룹(10대~20대)"
            },
            "speechAct": "질문하기",
            "morpheme": "A/SL+다른/MM+문/NNG+의/JKG+사항/NNG+있/VV+으신/EP+ETM+가요/NNG"
          },
          {
            "id": 10,
            "text": "B. 아니요 감사합니다 수고하세요",
            "norm_text": "B. 아니요 감사합니다 수고하세요",
            "speaker": {
              "id": "B",
              "sex": "남성",
              "age": "1그룹(10대~20대)"
            },
            "speechAct": "인사하기",
            "morpheme": "B/SL+아니요/IC+감사/NNG+합니다/XSV+EF+수고/NNG+하/XSV+세요/EP+EF"
          },
          {
            "id": 11,
            "text": "A. 네 좋은 하루 되시길 바랍니다 #@이름# 상담원이었습니다",
            "norm_text": "A. 네 좋은 하루 되시길 바랍니다 #@이름# 상담원이었습니다",
            "speaker": {
              "id": "A",
              "sex": "여성",
              "age": "1그룹(10대~20대)"
            },
            "speechAct": "인사하기",
            "morpheme": "A/SL+네/IC+좋/VA+은/ETM+하루/NNG+되/XSV+시/EP+길/ETN+JKO+바랍니다/VV+EF+#/SY+@/SY+이름/NNG+#/SY+상담원/NNG+이/VCP+었/EP+습니다/EF"
          }
        ]
      }
    }
  ]
}