{
  "dataset": {
    "identifier": 139882,
    "name": "e1_20211115_0006_0370_01",
    "src_path": "/data/file/cubeManager/PROJECT018/91/txt20211110140004055419/e1_20211115_0006_0370_01/",
    "label_path": "/data/file/cubeManager/PROJECT018/91/txt20211110140004055419/e1_20211115_0006_0370_01/",
    "category": 2,
    "type": 0
  },
  "licenses": {
    "name": "Apache License 1.0",
    "url": "http://www.apache.org/licenses/LICENSE-1.0"
  },
  "info": [
    {
      "id": 157846,
      "filename": "e1_0066_0198_02.txt",
      "title": "e1_0066_0198_02",
      "mediatype": "콜센터",
      "medianame": "콜센터",
      "category": "목적대화",
      "date": "2021-11-10",
      "size": 315,
      "annotations": {
        "subject": "프로그램 문의",
        "speaker_type": "1:1",
        "size": 315,
        "word_size": 69,
        "text": "A.전화주셔서 감사합니다 #@소속# #@이름# 상담원입니다\nB.제가 다음주에 할머니댁에 잠깐 내려가야 하는데 핸드폰으로도 화상영어가 되나요\nA.네 그럼요 모바일로도 화상영어 수업 진행이 가능합니다\nB.아 다행이네요 그럼 여행가서 수업 들어도 되겠군요\nA.네 휴대폰에 인터넷만 연결되어 있다면 가능하십니다\nB.아하 네 혹시 태블릿으로도 되나요\nA.네 PC 노트북 모바일 태블릿 모두 가능합니다\nB.아 그럼 태블릿 가져가서 들어야겠네요\nA.네 인터넷이 연결되어 있는지 수업 전 꼭 확인해주세요\nB.알겠습니다 감사드립니다 그럼 수고하세요\nA.오늘도 좋은 하루 되세요 #@이름# 이었습니다",
        "lines": [
          {
            "id": 1,
            "text": "A.전화주셔서 감사합니다 #@소속# #@이름# 상담원입니다",
            "norm_text": "A.전화주셔서 감사합니다 #@소속# #@이름# 상담원입니다",
            "speaker": {
              "id": "A",
              "sex": "여성",
              "age": "1그룹(10대~20대)"
            },
            "speechAct": "인사하기",
            "morpheme": "A/SL+./SY+전화/NNG+주/VV+셔서/EP+EC+감사/NNG+합니다/XSV+EF+#/SY+@/SY+소속/NNG+#/SY+#/SY+@/SY+이름/NNG+#/SY+상담원/NNG+입니다/VCP+EC"
          },
          {
            "id": 2,
            "text": "B.제가 다음주에 할머니댁에 잠깐 내려가야 하는데 핸드폰으로도 화상영어가 되나요",
            "norm_text": "B.제가 다음주에 할머니댁에 잠깐 내려가는데 폰으로도 화상영어가 되나요",
            "speaker": {
              "id": "B",
              "sex": "남성",
              "age": "1그룹(10대~20대)"
            },
            "speechAct": "질문하기",
            "morpheme": "B/SL+제/NP+가/JKS+다음/NNG+주/NNG+에/JKB+할머니/NNG+댁/NNG+에/JKB+잠깐/MAG+내려가/VV+는데/EC+폰/NNG+으로/JKB+도/JX+화상/NNG+영어/NNG+가/JKS+되/VV+나요/EC"
          },
          {
            "id": 3,
            "text": "A.네 그럼요 모바일로도 화상영어 수업 진행이 가능합니다",
            "norm_text": "A.네 그럼요 모바일로도 화상영어 수업 진행이 가능합니다",
            "speaker": {
              "id": "A",
              "sex": "여성",
              "age": "1그룹(10대~20대)"
            },
            "speechAct": "진술하기",
            "morpheme": "A/SL+네/IC+그럼요/IC+모바일/NNP+로/JKB+도/JX+화상/NNG+영어/NNG+수업/NNG+진행/NNG+이/JKS+가능/NNG+합니다/XSV+EC"
          },
          {
            "id": 4,
            "text": "B.아 다행이네요 그럼 여행가서 수업 들어도 되겠군요",
            "norm_text": "B.아 다행이네요 그럼 여행가서 수업 들어도 되겠군요",
            "speaker": {
              "id": "B",
              "sex": "남성",
              "age": "1그룹(10대~20대)"
            },
            "speechAct": "질문하기",
            "morpheme": "B/SL+아/IC+다행/NNG+이/VCP+네요/EF+그럼/MAJ+여행/NNG+가/VV+서/EC+수업/NNG+들/XSN+어도/JX+되/VV+겠/EP+군요/EC"
          },
          {
            "id": 5,
            "text": "A.네 휴대폰에 인터넷만 연결되어 있다면 가능하십니다",
            "norm_text": "A.네 휴대폰에 인터넷만 연결되어 있다면 가능하십니다",
            "speaker": {
              "id": "A",
              "sex": "여성",
              "age": "1그룹(10대~20대)"
            },
            "speechAct": "진술하기",
            "morpheme": "A/SL+네/IC+휴대폰/NNG+에/JKB+인터넷/NNG+만/JX+연결/NNG+되/XSV+어/EC+있/VX+다면/EC+가능/NNG+하/XSV+십니다/EP+EC"
          },
          {
            "id": 6,
            "text": "B.아하 네 혹시 태블릿으로도 되나요",
            "norm_text": "B.아하 네 혹시 태블릿으로도 되나요",
            "speaker": {
              "id": "B",
              "sex": "남성",
              "age": "1그룹(10대~20대)"
            },
            "speechAct": "질문하기",
            "morpheme": "B/SL+아하/IC+네/IC+혹시/MAG+태블릿/NNP+으로/JKB+도/JX+되/VV+나요/EC"
          },
          {
            "id": 7,
            "text": "A.네 PC 노트북 모바일 태블릿 모두 가능합니다",
            "norm_text": "A.네 PC 노트북 모바일 태블릿 모두 가능합니다",
            "speaker": {
              "id": "A",
              "sex": "여성",
              "age": "1그룹(10대~20대)"
            },
            "speechAct": "진술하기",
            "morpheme": "A/SL+네/IC+PC/SL+노트북/NNG+모바일/NNP+태블릿/NNP+모두/MAG+가능/NNG+합니다/XSV+EC"
          },
          {
            "id": 8,
            "text": "B.아 그럼 태블릿 가져가서 들어야겠네요",
            "norm_text": "B.아 그럼 태블릿 가져가서 들어야겠네요",
            "speaker": {
              "id": "B",
              "sex": "남성",
              "age": "1그룹(10대~20대)"
            },
            "speechAct": "진술하기",
            "morpheme": "B/SL+아/IC+그럼/MAJ+태블릿/NNP+가져가/VV+서/EC+들어야/VV+EC+VX+겠/EP+네요/EC"
          },
          {
            "id": 9,
            "text": "A.네 인터넷이 연결되어 있는지 수업 전 꼭 확인해주세요",
            "norm_text": "A.네 인터넷이 연결되어 있는지 수업 전 꼭 확인해주세요",
            "speaker": {
              "id": "A",
              "sex": "여성",
              "age": "1그룹(10대~20대)"
            },
            "speechAct": "충고하기",
            "morpheme": "A/SL+네/IC+인터넷/NNG+이/JKS+연결/NNG+되/XSV+어/EC+있/VX+는지/EC+수업/NNG+전/NP+JX+꼭/MAG+확인/NNG+해/XSV+EC+주/VX+세요/EP+EF"
          },
          {
            "id": 10,
            "text": "B.알겠습니다 감사드립니다 그럼 수고하세요",
            "norm_text": "B.알겠습니다 감사드립니다 그럼 수고하세요",
            "speaker": {
              "id": "B",
              "sex": "남성",
              "age": "1그룹(10대~20대)"
            },
            "speechAct": "인사하기",
            "morpheme": "B/SL+알/VV+겠/EP+습니다/EF+감사/NNG+드립니다/VV+EF+그럼/MAJ+수고/NNG+하/XSV+세요/EP+EF"
          },
          {
            "id": 11,
            "text": "A.오늘도 좋은 하루 되세요 #@이름# 이었습니다",
            "norm_text": "A.오늘도 좋은 하루 되세요 #@이름# 이었습니다",
            "speaker": {
              "id": "A",
              "sex": "여성",
              "age": "1그룹(10대~20대)"
            },
            "speechAct": "인사하기",
            "morpheme": "A/SL+./SY+오늘/NNG+도/JX+좋/VA+은/ETM+하루/NNG+되/XSV+세요/EP+EF+#/SY+@/SY+이름/NNG+#/SY+이/VCP+었/EP+습니다/EF"
          }
        ]
      }
    }
  ]
}