{
  "dataset": {
    "identifier": 141055,
    "name": "e1_20211115_0006_0712_01",
    "src_path": "/data/file/cubeManager/PROJECT018/91/txt20211110140013046387/e1_20211115_0006_0712_01/",
    "label_path": "/data/file/cubeManager/PROJECT018/91/txt20211110140013046387/e1_20211115_0006_0712_01/",
    "category": 2,
    "type": 0
  },
  "licenses": {
    "name": "Apache License 1.0",
    "url": "http://www.apache.org/licenses/LICENSE-1.0"
  },
  "info": [
    {
      "id": 158958,
      "filename": "e1_0071_0154_02.txt",
      "title": "e1_0071_0154_02",
      "mediatype": "콜센터",
      "medianame": "콜센터",
      "category": "목적대화",
      "date": "2021-11-10",
      "size": 362,
      "annotations": {
        "subject": "프로그램 문의",
        "speaker_type": "1:1",
        "size": 362,
        "word_size": 90,
        "text": "A.소중히 모시겠습니다 #@소속# 상담사 #@이름# 입니다\nB.신청한 강좌가 많아서 그런데 필요한 강좌만 목록에 나오게 할 수 있나요\nA.네 고객님 강좌 감추기 기능을 활용하면 되십니다\nB.그건 어디서 설정하면 되나요\nA.수강 중인 강좌 목록에서 감추길 원하는 강좌명 왼편에 보시면요\nA.네모 박스에 체크 하시고 선택 강좌 감추기를 클릭하시면 됩니다\nB.아 네 그러면 감춘 강좌를 해제도 할 수 있는거죠\nA.네 감추기 해제를 원하는 강좌를 선택하신 후 선택강좌 감추기 해제를 클릭하면 되세요\nB.아 네 편리하게 되어 있어서 좋네요\nA.네 고객님 문의사항 더 없으실까요\nB.네 지금은 없어요 수고하세요\nA.네 고객님 코로나에 건강 유의하세요 상담사 #@이름# 이었습니다",
        "lines": [
          {
            "id": 1,
            "text": "A.소중히 모시겠습니다 #@소속# 상담사 #@이름# 입니다",
            "norm_text": "A.소중히 모시겠습니다 #@소속# 상담사 #@이름# 입니다",
            "speaker": {
              "id": "A",
              "sex": "여성",
              "age": "2그룹(30대~40대)"
            },
            "speechAct": "인사하기",
            "morpheme": "A/SL+소중히/MAG+모시/VV+겠/EP+습니다/EF+#/SY+@/SY+소속/NNG+#/SY+상담/NNG+사/NNG+#/SY+@/SY+이름/NNG+#/SY+입니다/VCP+EC"
          },
          {
            "id": 2,
            "text": "B.신청한 강좌가 많아서 그런데 필요한 강좌만 목록에 나오게 할 수 있나요",
            "norm_text": "B.신청한 강좌가 많아서 그런데 필요한 강좌만 목록에 나오게 할 수 있나요",
            "speaker": {
              "id": "B",
              "sex": "남성",
              "age": "2그룹(30대~40대)"
            },
            "speechAct": "질문하기",
            "morpheme": "B/SL+./SY+신청/NNG+한/XSA+ETM+강좌/NNG+가/JKS+많/VA+아서/EC+그런데/MAJ+필요/NNG+한/XSA+ETM+강좌/NNG+만/JX+목록/NNG+에/JKB+나오/VV+게/EC+할/VX+ETM+수/NNB+있/VV+나요/EC"
          },
          {
            "id": 3,
            "text": "A.네 고객님 강좌 감추기 기능을 활용하면 되십니다",
            "norm_text": "A.네 고객님 강좌 감추기 기능을 활용하면 되십니다",
            "speaker": {
              "id": "A",
              "sex": "여성",
              "age": "2그룹(30대~40대)"
            },
            "speechAct": "진술하기",
            "morpheme": "A/SL+네/IC+고객/NNG+님/XSN+강좌/NNG+감추/VV+기/ETN+기능/NNG+을/JKO+활용/NNG+하/XSV+면/EC+되/VV+십니다/EP+EC"
          },
          {
            "id": 4,
            "text": "B.그건 어디서 설정하면 되나요",
            "norm_text": "B.그건 어디서 설정하면 되나요",
            "speaker": {
              "id": "B",
              "sex": "남성",
              "age": "2그룹(30대~40대)"
            },
            "speechAct": "질문하기",
            "morpheme": "B/SL+그건/NP+JX+어디/NP+서/JKB+설정/NNG+하/XSV+면/EC+되/VV+나요/EC"
          },
          {
            "id": 5,
            "text": "A.수강 중인 강좌 목록에서 감추길 원하는 강좌명 왼편에 보시면요",
            "norm_text": "A.수강 중인 강좌 목록에서 감추길 원하는 강좌명 왼편에 보시면요",
            "speaker": {
              "id": "A",
              "sex": "여성",
              "age": "2그룹(30대~40대)"
            },
            "speechAct": "진술하기",
            "morpheme": "A/SL+./SY+수강/NNG+중/NNB+인/VCP+ETM+강좌/NNG+목록/NNG+에서/JKB+감추/VV+길/ETN+JKO+원하/VV+는강/EC+좌명/NNG+왼편/NNG+에/JKB+보/VV+시/EP+면/EC+요/JX"
          },
          {
            "id": 6,
            "text": "A.네모 박스에 체크 하시고 선택 강좌 감추기를 클릭하시면 됩니다",
            "norm_text": "A.네모 박스에 체크 하시고 선택 강좌 감추기를 클릭하시면 됩니다",
            "speaker": {
              "id": "A",
              "sex": "여성",
              "age": "2그룹(30대~40대)"
            },
            "speechAct": "진술하기",
            "morpheme": "A/SL+./SY+네모/NNG+박스/NNG+에/JKB+체크/NNG+하/XSV+시/EP+고/EC+선택/NNG+강좌/NNG+감추/VV+기/ETN+를/JKO+클릭/NNG+하/XSV+시/EP+면/EC+됩니다/VX+EC"
          },
          {
            "id": 7,
            "text": "B.아 네 그러면 감춘 강좌를 해제도 할 수 있는거죠",
            "norm_text": "B.아 네 그러면 감춘 강좌를 해제도 할 수 있는거죠",
            "speaker": {
              "id": "B",
              "sex": "남성",
              "age": "2그룹(30대~40대)"
            },
            "speechAct": "질문하기",
            "morpheme": "B/SL+아/IC+네/IC+그러/VV+면/EC+감춘/VV+ETM+강좌/NNG+를/JKO+해/VV+EC+제도/NNG+할/XSV+ETM+수/NNB+있/VV+는/ETM+거/NNB+죠/VCP+EC"
          },
          {
            "id": 8,
            "text": "A.네 감추기 해제를 원하는 강좌를 선택하신 후 선택강좌 감추기 해제를 클릭하면 되세요",
            "norm_text": "A.네 감추기 해제를 원하는 강좌를 선택하신 후 선택강좌 감추기 해제를 클릭하면 되세요",
            "speaker": {
              "id": "A",
              "sex": "여성",
              "age": "2그룹(30대~40대)"
            },
            "speechAct": "진술하기",
            "morpheme": "A/SL+네/IC+감추/VV+기/ETN+해제/NNG+를/JKO+원하/VV+는/ETM+강좌/NNG+를/JKO+선택/NNG+하/XSV+신/EP+ETM+후/NNG+선택/NNG+강좌/NNG+감추/VV+기/ETN+해제/NNG+를/JKO+클릭/NNG+하/XSV+면/EC+되/VV+세요/EP+EF"
          },
          {
            "id": 9,
            "text": "B.아 네 편리하게 되어 있어서 좋네요",
            "norm_text": "B.아 네 편리하게 되어 있어서 좋네요",
            "speaker": {
              "id": "B",
              "sex": "남성",
              "age": "2그룹(30대~40대)"
            },
            "speechAct": "긍정감정표현하기(칭찬하기 포함)",
            "morpheme": "B/SL+아/IC+네/IC+편리/NNG+하/XSV+게/EC+되/VV+어/EC+있/VX+어서/EC+좋/VA+네요/EC"
          },
          {
            "id": 10,
            "text": "A.네 고객님 문의사항 더 없으실까요",
            "norm_text": "A.네 고객님 문의사항 더 없으실까요",
            "speaker": {
              "id": "A",
              "sex": "여성",
              "age": "2그룹(30대~40대)"
            },
            "speechAct": "질문하기",
            "morpheme": "A/SL+네/IC+고객/NNG+님/XSN+문/NNG+의/JKG+사항/NNG+더/MAG+없/VA+으실까/EP+EP+EF+요/MM"
          },
          {
            "id": 11,
            "text": "B.네 지금은 없어요 수고하세요",
            "norm_text": "B.네 지금은 없어요 수고하세요",
            "speaker": {
              "id": "B",
              "sex": "남성",
              "age": "2그룹(30대~40대)"
            },
            "speechAct": "인사하기",
            "morpheme": "B/SL+네/IC+지금/MAG+은/JX+없/VA+어요/EF+수고/NNG+하/XSV+세요/EP+EF"
          },
          {
            "id": 12,
            "text": "A.네 고객님 코로나에 건강 유의하세요 상담사 #@이름# 이었습니다",
            "norm_text": "A.네 고객님 코로나에 건강 유의하세요 상담사 #@이름# 이었습니다",
            "speaker": {
              "id": "A",
              "sex": "여성",
              "age": "2그룹(30대~40대)"
            },
            "speechAct": "인사하기",
            "morpheme": "A/SL+네/IC+고객/NNG+님/XSN+코로나/NNG+에/JKB+건강/NNG+유의/NNG+하/XSV+세요/EP+EF+상담/NNG+사/NNG+#/SY+@/SY+이름/NNG+#/SY+이/VCP+었/EP+습니다/EF"
          }
        ]
      }
    }
  ]
}