{
  "dataset": {
    "identifier": 139903,
    "name": "e1_20211115_0006_0383_01",
    "src_path": "/data/file/cubeManager/PROJECT018/91/txt20211110140004064295/e1_20211115_0006_0383_01/",
    "label_path": "/data/file/cubeManager/PROJECT018/91/txt20211110140004064295/e1_20211115_0006_0383_01/",
    "category": 2,
    "type": 0
  },
  "licenses": {
    "name": "Apache License 1.0",
    "url": "http://www.apache.org/licenses/LICENSE-1.0"
  },
  "info": [
    {
      "id": 157859,
      "filename": "e1_0066_0211_02.txt",
      "title": "e1_0066_0211_02",
      "mediatype": "콜센터",
      "medianame": "콜센터",
      "category": "목적대화",
      "date": "2021-11-10",
      "size": 331,
      "annotations": {
        "subject": "프로그램 문의",
        "speaker_type": "1:1",
        "size": 331,
        "word_size": 67,
        "text": "A.#@소속# 고객센터 #@이름# 상담원입니다 무엇을 도와드릴까요\nB.저희 애가 화상영어를 듣는데 프로그램 다운 방법을 몰라서요\nA.화상영어 프로그램 수동 설치 버튼을 눌러 eMEETplus4 런처를 설치해주시겠어요\nB.홈페이지에 있는거죠 그거 프로그램이요\nA.네 그렇습니다 설치하시고 체험강의실에 들어가 자가체험 해주시겠어요\nB.여기 있는 체험강의실 아무거나 누르면 되는거죠\nA.네 그렇습니다 들어가지시나요\nB.네네 잘들어가지네요 다 된건가요 그럼\nA.네 헤드셋과 화상 캠 연결하셔서 작동 잘 되는지 확인만 해주시면 돼요\nB.알겠습니다 감사해요 수고하세요\nA.감사합니다 #@소속# #@이름# 상담원 이었습니다",
        "lines": [
          {
            "id": 1,
            "text": "A.#@소속# 고객센터 #@이름# 상담원입니다 무엇을 도와드릴까요",
            "norm_text": "A.#@소속# 고객센터 #@이름# 상담원입니다 무엇을 도와드릴까요",
            "speaker": {
              "id": "A",
              "sex": "여성",
              "age": "1그룹(10대~20대)"
            },
            "speechAct": "인사하기",
            "morpheme": "A/SL+./SY+#/SY+@/SY+소속/NNG+#/SY+고객/NNG+센터/NNG+#/SY+@/SY+이름/NNG+#/SY+상담원/NNG+입니다/VCP+EF+무엇/NP+을/JKO+도와/VV+EC+드릴까요/VX+EC"
          },
          {
            "id": 2,
            "text": "B.저희 애가 화상영어를 듣는데 프로그램 다운 방법을 몰라서요",
            "norm_text": "B.저희 애가 화상영어를 듣는데 프로그램 다운 방법을 몰라서요",
            "speaker": {
              "id": "B",
              "sex": "남성",
              "age": "1그룹(10대~20대)"
            },
            "speechAct": "진술하기",
            "morpheme": "B/SL+저희/NP+애/NNG+가/JKS+화상/NNG+영어/NNG+를/JKO+듣/VV+는데/EC+프로그램/NNG+다운/XSA+ETM+방법/NNG+을/JKO+몰/VV+라서요/EC"
          },
          {
            "id": 3,
            "text": "A.화상영어 프로그램 수동 설치 버튼을 눌러 eMEETplus4 런처를 설치해주시겠어요",
            "norm_text": "A.프로그램 수동 설치 버튼을 눌러 eMEETplus4 런처를 설치해주시겠어요",
            "speaker": {
              "id": "A",
              "sex": "여성",
              "age": "1그룹(10대~20대)"
            },
            "speechAct": "명령하기/요구하기",
            "morpheme": "A/SL+./SY+프로그램/NNG+수동/NNG+설치/NNG+버튼/NNG+을/JKO+눌러/VV+EC+eMEETplus/SL+4/SN+런처/NNP+를/JKO+설치/NNG+해/XSV+EC+주/VX+시/EP+겠/EP+어요/EF"
          },
          {
            "id": 4,
            "text": "B.홈페이지에 있는거죠 그거 프로그램이요",
            "norm_text": "B.홈페이지에 있는거죠 그거 프로그램이요",
            "speaker": {
              "id": "B",
              "sex": "남성",
              "age": "1그룹(10대~20대)"
            },
            "speechAct": "질문하기",
            "morpheme": "B/SL+./SY+홈페이지/NNG+에/JKB+있/VV+는/ETM+거/NNB+죠/VCP+EF+그거/NP+프로그램/NNG+이/VCP+요/EC"
          },
          {
            "id": 5,
            "text": "A.네 그렇습니다 설치하시고 체험강의실에 들어가 자가체험 해주시겠어요",
            "norm_text": "A.네 그렇습니다 설치하시고 체험강의실에 들어가 자가체험 해주시겠어요",
            "speaker": {
              "id": "A",
              "sex": "여성",
              "age": "1그룹(10대~20대)"
            },
            "speechAct": "명령하기/요구하기",
            "morpheme": "A/SL+네/IC+그렇/VA+습니다/EF+설치/NNG+하/XSV+시/EP+고/EC+체험/NNG+강의실/NNG+에/JKB+들어가/VV+자/EC+가/JKS+체험/NNG+해/XSV+EC+주/VX+시/EP+겠/EP+어요/EF"
          },
          {
            "id": 6,
            "text": "B.여기 있는 체험강의실 아무거나 누르면 되는거죠",
            "norm_text": "B.여기 있는 체험강의실 아무거나 누르면 되는거죠",
            "speaker": {
              "id": "B",
              "sex": "남성",
              "age": "1그룹(10대~20대)"
            },
            "speechAct": "질문하기",
            "morpheme": "B/SL+여기/NP+있/VA+는/ETM+체험/NNG+강의실/NNG+아무거/NP+나/JX+누르/VV+면/EC+되/VV+는/ETM+거/NNB+죠/VCP+EC"
          },
          {
            "id": 7,
            "text": "A.네 그렇습니다 들어가지시나요",
            "norm_text": "A.네 그렇습니다 들어가지시나요",
            "speaker": {
              "id": "A",
              "sex": "여성",
              "age": "1그룹(10대~20대)"
            },
            "speechAct": "질문하기",
            "morpheme": "A/SL+네/IC+그렇/VA+습니다/EF+들/VV+어/EC+가지/VX+시/EP+나요/EC"
          },
          {
            "id": 8,
            "text": "B.네네 잘들어가지네요 다 된건가요 그럼",
            "norm_text": "B.네네 잘들어가지네요 다 된건가요 그럼",
            "speaker": {
              "id": "B",
              "sex": "남성",
              "age": "1그룹(10대~20대)"
            },
            "speechAct": "진술하기",
            "morpheme": "B/SL+네네/IC+잘/MAG+들/VV+어/EC+가지/VX+네요/EF+다/MAG+된/VV+ETM+건가요/NNB+VCP+EC+그럼/VV+EC"
          },
          {
            "id": 9,
            "text": "A.네 헤드셋과 화상 캠 연결하셔서 작동 잘 되는지 확인만 해주시면 돼요",
            "norm_text": "A.네 헤드셋과 화상 캠 연결하셔서 작동 잘 되는지 확인만 해주시면 돼요",
            "speaker": {
              "id": "A",
              "sex": "여성",
              "age": "1그룹(10대~20대)"
            },
            "speechAct": "명령하기/요구하기",
            "morpheme": "A/SL+네/IC+헤드셋/NNP+과/JC+화상/NNG+캠/NNG+연결/NNG+하/XSV+셔서/EP+EC+작동/NNG+잘/MAG+되/VV+는지/EC+확인/NNG+만/JX+해/VV+EC+주/VX+시/EP+면/EC+돼요/VV+EC"
          },
          {
            "id": 10,
            "text": "B.알겠습니다 감사해요 수고하세요",
            "norm_text": "B.알겠습니다 감사해요 수고하세요",
            "speaker": {
              "id": "B",
              "sex": "남성",
              "age": "1그룹(10대~20대)"
            },
            "speechAct": "감사하기",
            "morpheme": "B/SL+알/VV+겠/EP+습니다/EF+감사/NNG+해요/XSV+EF+수고/NNG+하/XSV+세요/EP+EF"
          },
          {
            "id": 11,
            "text": "A.감사합니다 #@소속# #@이름# 상담원 이었습니다",
            "norm_text": "A.감사합니다 #@소속# #@이름# 상담원 이었습니다",
            "speaker": {
              "id": "A",
              "sex": "여성",
              "age": "1그룹(10대~20대)"
            },
            "speechAct": "인사하기",
            "morpheme": "A/SL+./SY+감사/NNG+합니다/XSV+EF+#/SY+@/SY+소속/NNG+#/SY+#/SY+@/SY+이름/NNG+#/SY+상담원/NNG+이/VCP+었/EP+습니다/EF"
          }
        ]
      }
    }
  ]
}