{
  "dataset": {
    "identifier": 140477,
    "name": "e1_20211115_0006_0545_01",
    "src_path": "/data/file/cubeManager/PROJECT018/91/txt202111101400050800104/e1_20211115_0006_0545_01/",
    "label_path": "/data/file/cubeManager/PROJECT018/91/txt202111101400050800104/e1_20211115_0006_0545_01/",
    "category": 2,
    "type": 0
  },
  "licenses": {
    "name": "Apache License 1.0",
    "url": "http://www.apache.org/licenses/LICENSE-1.0"
  },
  "info": [
    {
      "id": 158019,
      "filename": "e1_0067_0160_02.txt",
      "title": "e1_0067_0160_02",
      "mediatype": "콜센터",
      "medianame": "콜센터",
      "category": "목적대화",
      "date": "2021-11-10",
      "size": 346,
      "annotations": {
        "subject": "프로그램 문의",
        "speaker_type": "1:1",
        "size": 346,
        "word_size": 88,
        "text": "A. 안녕하세요 #@소속# #@이름# 상담원 입니다\nB. 네 저 초등학생 강의 방송 문의 좀 드릴게요\nA. 네 방송 어떤 부분 안내 도와드릴까요\nB. 초등학생 6학년 영어 강좌 언제까지 하나요\nA. 현재 2학기 강좌는 12월 3일까지 진행됩니다\nB. 어제 보니까 강의가 문법만 쭉 알려주던데요\nB. 문법 말고는 영어 수업 더 없는건지요\nA. 현재 6학년 영어는 영어1 영어2 강좌 나뉘어있어서요\nA. 영어2가 문법 강의고 영어1은 독해 리딩 위주입니다\nB. 아 그렇군요 영어1 수업 시간대 알려주세요\nA. 월요일 수요일 오전10시40분부터 11시10분까지입니다\nB. 알겠습니다 정보 감사합니다\nA. 네 감사합니다 상담원 #@이름# 이였습니다",
        "lines": [
          {
            "id": 1,
            "text": "A. 안녕하세요 #@소속# #@이름# 상담원 입니다",
            "norm_text": "A. 안녕하세요 #@소속# #@이름# 상담원 입니다",
            "speaker": {
              "id": "A",
              "sex": "여성",
              "age": "1그룹(10대~20대)"
            },
            "speechAct": "인사하기",
            "morpheme": "A/SL+./SY+안녕/NNG+하/XSV+세요/EP+EF+#/SY+@/SY+소속/NNG+#/SY+#/SY+@/SY+이름/NNG+#/SY+상담원/NNG+입니다/VCP+EC"
          },
          {
            "id": 2,
            "text": "B. 네 저 초등학생 강의 방송 문의 좀 드릴게요",
            "norm_text": "B. 네 저 초등학생 강의 방송 문의 좀 드릴게요",
            "speaker": {
              "id": "B",
              "sex": "남성",
              "age": "1그룹(10대~20대)"
            },
            "speechAct": "진술하기",
            "morpheme": "B/SL+네/IC+저/MM+초등학생/NNG+강의/NNG+방송/NNG+문/NNG+의/JKG+좀/MAG+드릴게요/VV+EC"
          },
          {
            "id": 3,
            "text": "A. 네 방송 어떤 부분 안내 도와드릴까요",
            "norm_text": "A. 네 방송 어떤 부분 안내 도와드릴까요",
            "speaker": {
              "id": "A",
              "sex": "여성",
              "age": "1그룹(10대~20대)"
            },
            "speechAct": "질문하기",
            "morpheme": "A/SL+네/IC+방송/NNG+어떤/MM+부분/NNG+안내/NNG+도와/VV+EC+드릴까요/VX+EC"
          },
          {
            "id": 4,
            "text": "B. 초등학생 6학년 영어 강좌 언제까지 하나요",
            "norm_text": "B. 초등학생 6학년 영어 강좌 언제까지 하나요",
            "speaker": {
              "id": "B",
              "sex": "남성",
              "age": "1그룹(10대~20대)"
            },
            "speechAct": "질문하기",
            "morpheme": "B/SL+./SY+초등학생/NNG+6/SN+학년/NNG+영어/NNG+강좌/NNG+언제/NP+까지/JX+하/VV+나요/EC"
          },
          {
            "id": 5,
            "text": "A. 현재 2학기 강좌는 12월 3일까지 진행됩니다",
            "norm_text": "A. 현재 2학기 강좌는 12월 3일까지 진행됩니다",
            "speaker": {
              "id": "A",
              "sex": "여성",
              "age": "1그룹(10대~20대)"
            },
            "speechAct": "진술하기",
            "morpheme": "A/SL+현재/MAG+2/SN+학기/NNG+강좌/NNG+는/JX+12/SN+월/NNBC+3/SN+일/NNBC+까지/JX+진행/NNG+됩니다/XSV+EC"
          },
          {
            "id": 6,
            "text": "B. 어제 보니까 강의가 문법만 쭉 알려주던데요",
            "norm_text": "B. 어제 보니까 강의가 문법만 쭉 알려주던데요",
            "speaker": {
              "id": "B",
              "sex": "남성",
              "age": "1그룹(10대~20대)"
            },
            "speechAct": "진술하기",
            "morpheme": "B/SL+어제/MAG+보/VV+니까/EC+강의/NNG+가/JKS+문법/NNG+만/JX+쭉/MAG+알려/VV+EC+주/VX+던데요/EC"
          },
          {
            "id": 7,
            "text": "B. 문법 말고는 영어 수업 더 없는건지요",
            "norm_text": "B. 문법 말고는 영어 수업 더 없는건지요",
            "speaker": {
              "id": "B",
              "sex": "남성",
              "age": "1그룹(10대~20대)"
            },
            "speechAct": "질문하기",
            "morpheme": "B/SL+./SY+문법/NNG+말/VV+고/EC+는/JX+영어/NNG+수업/NNG+더/MAG+없/VA+는/ETM+건지/NNB+VCP+EC+요/JX"
          },
          {
            "id": 8,
            "text": "A. 현재 6학년 영어는 영어1 영어2 강좌 나뉘어있어서요",
            "norm_text": "A. 현재 6학년 영어는 영어1 영어2 강좌 나뉘어있어서요",
            "speaker": {
              "id": "A",
              "sex": "여성",
              "age": "1그룹(10대~20대)"
            },
            "speechAct": "진술하기",
            "morpheme": "A/SL+현재/MAG+6/SN+학년/NNG+영어/NNG+는/JX+영어/NNG+1/SN+영어/NNG+2/SN+강좌/NNG+나뉘/VV+어/EC+있/VX+어서요/EC"
          },
          {
            "id": 9,
            "text": "A. 영어2가 문법 강의고 영어1은 독해 리딩 위주입니다",
            "norm_text": "A. 영어2가 문법 강의고 영어1은 독해 리딩 위주입니다",
            "speaker": {
              "id": "A",
              "sex": "여성",
              "age": "1그룹(10대~20대)"
            },
            "speechAct": "진술하기",
            "morpheme": "A/SL+./SY+영어/NNG+2/SN+가문/NNG+법강/NNG+의/JKG+고영어/NNG+1/SN+은/JX+독해/NNG+리딩/NNG+위주/NNG+입니다/VCP+EC"
          },
          {
            "id": 10,
            "text": "B. 아 그렇군요 영어1 수업 시간대 알려주세요",
            "norm_text": "B. 아 그렇군요 영어1 수업 시간대 알려주세요",
            "speaker": {
              "id": "B",
              "sex": "남성",
              "age": "1그룹(10대~20대)"
            },
            "speechAct": "명령하기/요구하기",
            "morpheme": "B/SL+아/IC+그렇/VA+군요/EC+영어/NNG+1/SN+수업/NNG+시간대/NNG+알려/VV+EC+주/VX+세요/EP+EF"
          },
          {
            "id": 11,
            "text": "A. 월요일 수요일 오전10시40분부터 11시10분까지입니다",
            "norm_text": "A. 월요일 수요일 오전10시40분부터 11시10분까지입니다",
            "speaker": {
              "id": "A",
              "sex": "여성",
              "age": "1그룹(10대~20대)"
            },
            "speechAct": "진술하기",
            "morpheme": "A/SL+./SY+월요일/NNG+수요일/NNG+오전/NNG+10/SN+시/NNBC+40/SN+분/NNBC+부터/JX+11/SN+시/NNBC+10/SN+분/NNBC+까지/JX+입니다/VCP+EC"
          },
          {
            "id": 12,
            "text": "B. 알겠습니다 정보 감사합니다",
            "norm_text": "B. 알겠습니다 정보 감사합니다",
            "speaker": {
              "id": "B",
              "sex": "남성",
              "age": "1그룹(10대~20대)"
            },
            "speechAct": "감사하기",
            "morpheme": "B/SL+알/VV+겠/EP+습니다/EF+정보/NNG+감사/NNG+합니다/XSV+EC"
          },
          {
            "id": 13,
            "text": "A. 네 감사합니다 상담원 #@이름# 이였습니다",
            "norm_text": "A. 네 감사합니다 상담원 #@이름# 이였습니다",
            "speaker": {
              "id": "A",
              "sex": "여성",
              "age": "1그룹(10대~20대)"
            },
            "speechAct": "인사하기",
            "morpheme": "A/SL+네/IC+감사/NNG+합니다/XSV+EF+상담원/NNG+#/SY+@/SY+이름/NNG+#/SY+이/VCP+였/EP+습니다/EF"
          }
        ]
      }
    }
  ]
}