{
  "dataset": {
    "identifier": 139744,
    "name": "e1_20211115_0006_0287_01",
    "src_path": "/data/file/cubeManager/PROJECT018/91/txt20211110140003049143/e1_20211115_0006_0287_01/",
    "label_path": "/data/file/cubeManager/PROJECT018/91/txt20211110140003049143/e1_20211115_0006_0287_01/",
    "category": 2,
    "type": 0
  },
  "licenses": {
    "name": "Apache License 1.0",
    "url": "http://www.apache.org/licenses/LICENSE-1.0"
  },
  "info": [
    {
      "id": 157748,
      "filename": "e1_0066_0100_02.txt",
      "title": "e1_0066_0100_02",
      "mediatype": "콜센터",
      "medianame": "콜센터",
      "category": "목적대화",
      "date": "2021-11-10",
      "size": 307,
      "annotations": {
        "subject": "프로그램 문의",
        "speaker_type": "1:1",
        "size": 307,
        "word_size": 64,
        "text": "A.　좋은 아침입니다 #@소속# #@이름#입니다\nB.　네 수고가 많으십니다 레벨테스트 있잖아요\nB.　아까 시험 보고왔는데 결과는 언제쯤 나오나요\nA.　레벨테스트 결과 확인에 대한 문의 주신거 맞으실까요\nB.　네네 언제 결과가 나오나해서요\nA.　리딩이랑 리스닝 같은 경우엔 이틀 내에 홈페이지에서 확인 가능하십니다\nB.　아 생각보다 빨리 나오는군요 레벨테스트 총 결과도 홈페이지에서 확인해요\nA.　시험 결과 및 반배치 관련한건 해당 캠퍼스에서 전화드릴거에요\nB.　아 그렇구나 네 알겠어요 기다려야겠네요\nA.　네 코로나 조심하시구요 좋은 하루되세요 #@이름# 이었습니다",
        "lines": [
          {
            "id": 1,
            "text": "A.　좋은 아침입니다 #@소속# #@이름#입니다",
            "norm_text": "A.　좋은 아침입니다 #@소속# #@이름#입니다",
            "speaker": {
              "id": "A",
              "sex": "여성",
              "age": "1그룹(10대~20대)"
            },
            "speechAct": "인사하기",
            "morpheme": "A/SL+./SY+　/SY+좋/VA+은/ETM+아침/NNG+입니다/VCP+EF+#/SY+@/SY+소속/NNG+#/SY+#/SY+@/SY+이름/NNG+#/SY+입니다/VCP+EC"
          },
          {
            "id": 2,
            "text": "B.　네 수고가 많으십니다 레벨테스트 있잖아요",
            "norm_text": "B.　네 수고가 많으십니다 레벨테스트 있잖아요",
            "speaker": {
              "id": "B",
              "sex": "남성",
              "age": "1그룹(10대~20대)"
            },
            "speechAct": "진술하기",
            "morpheme": "B/SL+./SY+　/SY+네/IC+수고/NNG+가/JKS+많/VA+으십니다/EP+EP+EF+레벨/NNG+테스트/NNG+있/VV+잖아요/EC"
          },
          {
            "id": 3,
            "text": "B.　아까 시험 보고왔는데 결과는 언제쯤 나오나요",
            "norm_text": "B.　아까 시험 보고왔는데 결과는 언제쯤 나오나요",
            "speaker": {
              "id": "B",
              "sex": "남성",
              "age": "1그룹(10대~20대)"
            },
            "speechAct": "질문하기",
            "morpheme": "B/SL+./SY+　/SY+아까/MAG+시험/NNG+보/VV+고/EC+왔/VX+EP+는데/EC+결과/NNG+는/JX+언제/NP+쯤/XSN+나오/VV+나요/EC"
          },
          {
            "id": 4,
            "text": "A.　레벨테스트 결과 확인에 대한 문의 주신거 맞으실까요",
            "norm_text": "A.　레벨테스트 결과 확인에 대한 문의 주신거 맞으실까요",
            "speaker": {
              "id": "A",
              "sex": "여성",
              "age": "1그룹(10대~20대)"
            },
            "speechAct": "질문하기",
            "morpheme": "A/SL+./SY+　/SY+레벨/NNG+테스트/NNG+결과/NNG+확인/NNG+에/JKB+대한문/NNG+의/JKG+주/VV+신/EP+ETM+거/NNB+맞/VV+으실까/EP+EP+EF+요/MM"
          },
          {
            "id": 5,
            "text": "B.　네네 언제 결과가 나오나해서요",
            "norm_text": "B.　네네 언제 결과가 나오나해서요",
            "speaker": {
              "id": "B",
              "sex": "남성",
              "age": "1그룹(10대~20대)"
            },
            "speechAct": "진술하기",
            "morpheme": "B/SL+./SY+　/SY+네네/IC+언제/MAG+결과/NNG+가/JKS+나오/VV+나/EC+해서/VX+EC+VCP+요/EC"
          },
          {
            "id": 6,
            "text": "A.　리딩이랑 리스닝 같은 경우엔 이틀 내에 홈페이지에서 확인 가능하십니다",
            "norm_text": "A.리딩이랑 리스닝의 경우 이틀 내에 홈페이지에서 확인 가능하십니다",
            "speaker": {
              "id": "A",
              "sex": "여성",
              "age": "1그룹(10대~20대)"
            },
            "speechAct": "진술하기",
            "morpheme": "A/SL+./SY+　/SY+리딩/NNG+이랑/JC+리스닝/NNP+같/VA+은/ETM+경우/NNG+엔/JKB+JX+이틀/NNG+내/NNB+에/JKB+홈페이지/NNG+에서/JKB+확인/NNG+가능/NNG+하/XSV+십니다/EP+EC"
          },
          {
            "id": 7,
            "text": "B.　아 생각보다 빨리 나오는군요 레벨테스트 총 결과도 홈페이지에서 확인해요",
            "norm_text": "B.생각보다 빨리 나오네요 레벨테스트 총 결과도 홈페이지에서 확인해요",
            "speaker": {
              "id": "B",
              "sex": "남성",
              "age": "1그룹(10대~20대)"
            },
            "speechAct": "질문하기",
            "morpheme": "B/SL+./SY+생각/NNG+보다/JKB+빨리/MAG+나오/VV+네요/EF+레벨/NNG+테스트/NNG+총결/NNG+과/JKB+도/JX+홈페이지/NNG+에서/JKB+확인/NNG+해요/XSV+EC"
          },
          {
            "id": 8,
            "text": "A.　시험 결과 및 반배치 관련한건 해당 캠퍼스에서 전화드릴거에요",
            "norm_text": "A.　시험 결과 및 반배치 관련한건 해당 캠퍼스에서 전화드릴거에요",
            "speaker": {
              "id": "A",
              "sex": "여성",
              "age": "1그룹(10대~20대)"
            },
            "speechAct": "진술하기",
            "morpheme": "A/SL+./SY+　/SY+시험/NNG+결과/NNG+및/MAJ+반/NNG+배치/NNG+관련/NNG+한/XSA+ETM+건/NNB+JX+해당/NNG+캠퍼스/NNG+에서/JKB+전화/NNG+드릴/VV+ETM+거/NNB+에요/VCP+EF"
          },
          {
            "id": 9,
            "text": "B.　아 그렇구나 네 알겠어요 기다려야겠네요",
            "norm_text": "B.　아 그렇구나 네 알겠어요 기다려야겠네요",
            "speaker": {
              "id": "B",
              "sex": "남성",
              "age": "1그룹(10대~20대)"
            },
            "speechAct": "진술하기",
            "morpheme": "B/SL+./SY+　/SY+아/IC+그렇/VA+구/EC+나/NP+네/XSN+알/VV+겠/EP+어요/EF+기다려야/VV+EC+VX+겠/EP+네요/EC"
          },
          {
            "id": 10,
            "text": "A.　네 코로나 조심하시구요 좋은 하루되세요 #@이름# 이었습니다",
            "norm_text": "A.　네 코로나 조심하시구요 좋은 하루되세요 #@이름# 이었습니다",
            "speaker": {
              "id": "A",
              "sex": "여성",
              "age": "1그룹(10대~20대)"
            },
            "speechAct": "인사하기",
            "morpheme": "A/SL+./SY+　/SY+네코/NNG+로/JKB+나/JX+조심/NNG+하/XSV+시/EP+구요/EF+좋/VA+은/ETM+하루/NNG+되/XSV+세요/EP+EF+#/SY+@/SY+이름/NNG+#/SY+이/VCP+었/EP+습니다/EF"
          }
        ]
      }
    }
  ]
}