{
  "dataset": {
    "identifier": 140505,
    "name": "e1_20211115_0006_0560_01",
    "src_path": "/data/file/cubeManager/PROJECT018/91/txt202111101400050909109/e1_20211115_0006_0560_01/",
    "label_path": "/data/file/cubeManager/PROJECT018/91/txt202111101400050909109/e1_20211115_0006_0560_01/",
    "category": 2,
    "type": 0
  },
  "licenses": {
    "name": "Apache License 1.0",
    "url": "http://www.apache.org/licenses/LICENSE-1.0"
  },
  "info": [
    {
      "id": 158034,
      "filename": "e1_0067_0175_02.txt",
      "title": "e1_0067_0175_02",
      "mediatype": "콜센터",
      "medianame": "콜센터",
      "category": "목적대화",
      "date": "2021-11-10",
      "size": 257,
      "annotations": {
        "subject": "프로그램 문의",
        "speaker_type": "1:1",
        "size": 257,
        "word_size": 65,
        "text": "A. 안녕하세요 #@소속# 상담원 #@이름#입니다\nB. 네 저 초등학생 강좌 문의 좀 할게요\nA. 네 어떤 강좌 안내 도와드릴까요\nB. #@상품# 사회 강좌 어떤 분이 가르치나요\nA. 실례지만 몇 학년 해당되시는걸까요\nB. 아 3학년 강좌 말씀드린거에요\nA. 3학년 사회 #@이름# 선생님으로 확인되십니다\nB. 아 그 수업 저번주 방영분 어떻게 보나요\nA. 사이트에서 지난회차들 수강 전부 가능하세요\nB. 다행이네요 정보 감사드려요\nA. 네 감사합니다 상담원 #@이름#이였습니다",
        "lines": [
          {
            "id": 1,
            "text": "A. 안녕하세요 #@소속# 상담원 #@이름#입니다",
            "norm_text": "A. 안녕하세요 #@소속# 상담원 #@이름#입니다",
            "speaker": {
              "id": "A",
              "sex": "여성",
              "age": "1그룹(10대~20대)"
            },
            "speechAct": "인사하기",
            "morpheme": "A/SL+./SY+안녕/NNG+하/XSV+세요/EP+EF+#/SY+@/SY+소속/NNG+#/SY+상담원/NNG+#/SY+@/SY+이름/NNG+#/SY+입니다/VCP+EC"
          },
          {
            "id": 2,
            "text": "B. 네 저 초등학생 강좌 문의 좀 할게요",
            "norm_text": "B. 네 저 초등학생 강좌 문의 좀 할게요",
            "speaker": {
              "id": "B",
              "sex": "남성",
              "age": "1그룹(10대~20대)"
            },
            "speechAct": "진술하기",
            "morpheme": "B/SL+네/IC+저/MM+초등학생/NNG+강좌/NNG+문/NNG+의/JKG+좀/MAG+할게요/VV+EC"
          },
          {
            "id": 3,
            "text": "A. 네 어떤 강좌 안내 도와드릴까요",
            "norm_text": "A. 네 어떤 강좌 안내 도와드릴까요",
            "speaker": {
              "id": "A",
              "sex": "여성",
              "age": "1그룹(10대~20대)"
            },
            "speechAct": "질문하기",
            "morpheme": "A/SL+네/IC+어떤/MM+강좌/NNG+안내/NNG+도와/VV+EC+드릴까요/VX+EC"
          },
          {
            "id": 4,
            "text": "B. #@상품# 사회 강좌 어떤 분이 가르치나요",
            "norm_text": "B. #@상품# 사회 강좌 어떤 분이 가르치나요",
            "speaker": {
              "id": "B",
              "sex": "남성",
              "age": "1그룹(10대~20대)"
            },
            "speechAct": "질문하기",
            "morpheme": "B/SL+./SY+#/SY+@/SY+상품/NNG+#/SY+사회/NNG+강좌/NNG+어떤/MM+분/NNB+이/JKS+가르치/VV+나요/EC"
          },
          {
            "id": 5,
            "text": "A. 실례지만 몇 학년 해당되시는걸까요",
            "norm_text": "A. 실례지만 몇 학년 해당되시는걸까요",
            "speaker": {
              "id": "A",
              "sex": "여성",
              "age": "1그룹(10대~20대)"
            },
            "speechAct": "질문하기",
            "morpheme": "A/SL+./SY+실례/NNG+지만/VCP+EC+몇/MM+학년/NNG+해당/NNG+되/XSV+시/EP+는/ETM+걸까요/NNB+VCP+EC"
          },
          {
            "id": 6,
            "text": "B. 아 3학년 강좌 말씀드린거에요",
            "norm_text": "B. 아 3학년 강좌 말씀드린거에요",
            "speaker": {
              "id": "B",
              "sex": "남성",
              "age": "1그룹(10대~20대)"
            },
            "speechAct": "진술하기",
            "morpheme": "B/SL+아/IC+3/SN+학년/NNG+강좌/NNG+말씀/NNG+드린/VV+ETM+거/NNB+에요/VCP+EF"
          },
          {
            "id": 7,
            "text": "A. 3학년 사회 #@이름# 선생님으로 확인되십니다",
            "norm_text": "A. 3학년 사회 #@이름# 선생님으로 확인되십니다",
            "speaker": {
              "id": "A",
              "sex": "여성",
              "age": "1그룹(10대~20대)"
            },
            "speechAct": "진술하기",
            "morpheme": "A/SL+./SY+3/SN+학년/NNG+사회/NNG+#/SY+@/SY+이름/NNG+#/SY+선생/NNG+님/XSN+으로/JKB+확인/NNG+되/XSV+십니다/EP+EC"
          },
          {
            "id": 8,
            "text": "B. 아 그 수업 저번주 방영분 어떻게 보나요",
            "norm_text": "B. 아 그 수업 저번주 방영분 어떻게 보나요",
            "speaker": {
              "id": "B",
              "sex": "남성",
              "age": "1그룹(10대~20대)"
            },
            "speechAct": "질문하기",
            "morpheme": "B/SL+아/IC+그/MM+수업/NNG+저번/NNG+주방/NNG+영분/NNG+어떻/VA+게/EC+보/VX+나요/EC"
          },
          {
            "id": 9,
            "text": "A. 사이트에서 지난회차들 수강 전부 가능하세요",
            "norm_text": "A. 사이트에서 지난회차들 수강 전부 가능하세요",
            "speaker": {
              "id": "A",
              "sex": "여성",
              "age": "1그룹(10대~20대)"
            },
            "speechAct": "진술하기",
            "morpheme": "A/SL+./SY+사이트/NNG+에서/JKB+지난/VV+ETM+회차/NNG+들/XSN+수강/NNG+전부/NNG+가능/NNG+하/XSV+세요/EP+EF"
          },
          {
            "id": 10,
            "text": "B. 다행이네요 정보 감사드려요",
            "norm_text": "B. 다행이네요 정보 감사드려요",
            "speaker": {
              "id": "B",
              "sex": "남성",
              "age": "1그룹(10대~20대)"
            },
            "speechAct": "감사하기",
            "morpheme": "B/SL+./SY+다행/NNG+이/VCP+네요/EF+정보/NNG+감사/NNG+드려요/VV+EC"
          },
          {
            "id": 11,
            "text": "A. 네 감사합니다 상담원 #@이름#이였습니다",
            "norm_text": "A. 네 감사합니다 상담원 #@이름#이였습니다",
            "speaker": {
              "id": "A",
              "sex": "여성",
              "age": "1그룹(10대~20대)"
            },
            "speechAct": "인사하기",
            "morpheme": "A/SL+네/IC+감사/NNG+합니다/XSV+EF+상담원/NNG+#/SY+@/SY+이름/NNG+#/SY+이/VCP+였/EP+습니다/EF"
          }
        ]
      }
    }
  ]
}