{
  "dataset": {
    "identifier": 140940,
    "name": "e1_20211115_0006_0607_01",
    "src_path": "/data/file/cubeManager/PROJECT018/91/txt20211110140009002349/e1_20211115_0006_0607_01/",
    "label_path": "/data/file/cubeManager/PROJECT018/91/txt20211110140009002349/e1_20211115_0006_0607_01/",
    "category": 2,
    "type": 0
  },
  "licenses": {
    "name": "Apache License 1.0",
    "url": "http://www.apache.org/licenses/LICENSE-1.0"
  },
  "info": [
    {
      "id": 158386,
      "filename": "e1_0069_0029_02.txt",
      "title": "e1_0069_0029_02",
      "mediatype": "콜센터",
      "medianame": "콜센터",
      "category": "목적대화",
      "date": "2021-11-10",
      "size": 478,
      "annotations": {
        "subject": "프로그램 문의",
        "speaker_type": "1:1",
        "size": 478,
        "word_size": 111,
        "text": "A.화창한 아침입니다 #@소속# 상담원 #@이름# 입니다\nB.수업 전 스터디반을 등록했는데 개강 당일에 몇 시까지 가야 하나요\nA.수업 첫날은 수업 시간에 맞춰서 오시면 됩니다\nA.첫날은 수업 후에 스터디에 관한 오리엔테이션이 있습니다\nB.네 첫날은 스터디 진행은 안 하는 거죠\nA.네 오리엔테이션만 보통 진행을 하세요\nA.확정되시면 자세한 스터디 일정은 선생님과 팀원과 상의하시면 됩니다\nB.그러면 스터디 진행 시간은 어느 정도인가요\nA.스터디 필수반의 경우 보통 3시간 기준이고요\nA.권장반의 경우 한두 시간 스터디가 진행됩니다\nB.왜 그렇게 차이가 나는거예요\nA.필수반의 경우에는 보다 체계적으로 스터디 관리해 주시기 때문에요\nA.스터디 진행 시간도 다소 차이가 있습니다\nB.네 감사합니다 잘 알겠어요\nA.네 혹시 더 궁금한 게 있으시면요\nA.저희 홈페이지에 자세한 내용이 올라와 있으니 확인 부탁드립니다\nB.네 자세한 설명 감사합니다\nA.감사합니다 #@소속# #@이름#이었습니다",
        "lines": [
          {
            "id": 1,
            "text": "A.화창한 아침입니다 #@소속# 상담원 #@이름# 입니다",
            "norm_text": "A.화창한 아침입니다 #@소속# 상담원 #@이름# 입니다",
            "speaker": {
              "id": "A",
              "sex": "여성",
              "age": "1그룹(10대~20대)"
            },
            "speechAct": "인사하기",
            "morpheme": "A/SL+화창/XR+한/XSA+ETM+아침/NNG+입니다/VCP+EF+#/SY+@/SY+소속/NNG+#/SY+상담원/NNG+#/SY+@/SY+이름/NNG+#/SY+입니다/VCP+EC"
          },
          {
            "id": 2,
            "text": "B.수업 전 스터디반을 등록했는데 개강 당일에 몇 시까지 가야 하나요",
            "norm_text": "B.수업 전 스터디반을 등록했는데 개강 당일에 몇 시까지 가야 하나요",
            "speaker": {
              "id": "B",
              "sex": "남성",
              "age": "1그룹(10대~20대)"
            },
            "speechAct": "질문하기",
            "morpheme": "B/SL+./SY+수업/NNG+전/NNG+스터디/NNP+반/NNG+을/JKO+등록/NNG+했/XSV+EP+는데/EC+개강/NNG+당일/NNG+에/JKB+몇/MM+시/NNBC+까지/JX+가/VV+야/EF+하나/NR+요/VCP+EC"
          },
          {
            "id": 3,
            "text": "A.수업 첫날은 수업 시간에 맞춰서 오시면 됩니다",
            "norm_text": "A.수업 첫날은 수업 시간에 맞춰서 오시면 됩니다",
            "speaker": {
              "id": "A",
              "sex": "여성",
              "age": "1그룹(10대~20대)"
            },
            "speechAct": "진술하기",
            "morpheme": "A/SL+./SY+수업/NNG+첫날/NNG+은/JX+수업/NNG+시간/NNG+에/JKB+맞춰서/VV+EC+오/VX+시/EP+면/EC+됩니다/VX+EC"
          },
          {
            "id": 4,
            "text": "A.첫날은 수업 후에 스터디에 관한 오리엔테이션이 있습니다",
            "norm_text": "A.첫날은 수업 후에 스터디에 관한 오리엔테이션이 있습니다",
            "speaker": {
              "id": "A",
              "sex": "여성",
              "age": "1그룹(10대~20대)"
            },
            "speechAct": "진술하기",
            "morpheme": "A/SL+./SY+첫날/NNG+은/JX+수업/NNG+후/NNG+에/JKB+스터디/NNP+에/JKB+관한/VV+ETM+오리엔테이션/NNG+이/JKS+있/VA+습니다/EF"
          },
          {
            "id": 5,
            "text": "B.네 첫날은 스터디 진행은 안 하는 거죠",
            "norm_text": "B.네 첫날은 스터디 진행은 안 하는 거죠",
            "speaker": {
              "id": "B",
              "sex": "남성",
              "age": "1그룹(10대~20대)"
            },
            "speechAct": "질문하기",
            "morpheme": "B/SL+네/IC+첫날/NNG+은/JX+스터디/NNP+진행/NNG+은/JX+안/MAG+하/VV+는/ETM+거/NNB+죠/VCP+EC"
          },
          {
            "id": 6,
            "text": "A.네 오리엔테이션만 보통 진행을 하세요",
            "norm_text": "A.네 오리엔테이션만 보통 진행을 하세요",
            "speaker": {
              "id": "A",
              "sex": "여성",
              "age": "1그룹(10대~20대)"
            },
            "speechAct": "진술하기",
            "morpheme": "A/SL+네/IC+오리엔테이션/NNG+만/JX+보통/NNG+진행/NNG+을/JKO+하/VV+세요/EP+EF"
          },
          {
            "id": 7,
            "text": "A.확정되시면 자세한 스터디 일정은 선생님과 팀원과 상의하시면 됩니다",
            "norm_text": "A.확정되시면 자세한 스터디 일정은 선생님과 팀원과 상의하시면 됩니다",
            "speaker": {
              "id": "A",
              "sex": "여성",
              "age": "1그룹(10대~20대)"
            },
            "speechAct": "진술하기",
            "morpheme": "A/SL+./SY+확정/NNG+되/XSV+시/EP+면/EC+자세/XR+한/XSA+ETM+스터디/NNP+일정/NNG+은/JX+선생/NNG+님/XSN+과/JC+팀원/NNG+과/JC+상의/NNG+하/XSV+시/EP+면/EC+됩니다/VX+EC"
          },
          {
            "id": 8,
            "text": "B.그러면 스터디 진행 시간은 어느 정도인가요",
            "norm_text": "B.그러면 스터디 진행 시간은 어느 정도인가요",
            "speaker": {
              "id": "B",
              "sex": "남성",
              "age": "1그룹(10대~20대)"
            },
            "speechAct": "질문하기",
            "morpheme": "B/SL+그러면/MAJ+스터디/NNP+진행/NNG+시간/NNG+은/JX+어느/MM+정도/NNG+인가요/VCP+EC"
          },
          {
            "id": 9,
            "text": "A.스터디 필수반의 경우 보통 3시간 기준이고요",
            "norm_text": "A.스터디 필수반의 경우 보통 3시간 기준이고요",
            "speaker": {
              "id": "A",
              "sex": "여성",
              "age": "1그룹(10대~20대)"
            },
            "speechAct": "진술하기",
            "morpheme": "A/SL+./SY+스터디/NNP+필수/NNG+반/NNG+의/JKG+경우/NNG+보통/NNG+3/SN+시간/NNBC+기준/NNG+이/JKS+고요/NNG"
          },
          {
            "id": 10,
            "text": "A.권장반의 경우 한두 시간 스터디가 진행됩니다",
            "norm_text": "A.권장반의 경우 한두 시간 스터디가 진행됩니다",
            "speaker": {
              "id": "A",
              "sex": "여성",
              "age": "1그룹(10대~20대)"
            },
            "speechAct": "진술하기",
            "morpheme": "A/SL+./SY+권장/NNG+반/NNG+의/JKG+경우/NNG+한두/MM+시간/NNG+스터디/NNP+가/JKS+진행/NNG+됩니다/XSV+EC"
          },
          {
            "id": 11,
            "text": "B.왜 그렇게 차이가 나는거예요",
            "norm_text": "B.왜 그렇게 차이가 나는거예요",
            "speaker": {
              "id": "B",
              "sex": "남성",
              "age": "1그룹(10대~20대)"
            },
            "speechAct": "질문하기",
            "morpheme": "B/SL+왜/MAG+그렇게/MAG+차이/NNG+가/JKS+나/VV+는/ETM+거/NNB+예요/VCP+EF"
          },
          {
            "id": 12,
            "text": "A.필수반의 경우에는 보다 체계적으로 스터디 관리해 주시기 때문에요",
            "norm_text": "A.필수반의 경우에는 보다 체계적으로 스터디 관리해 주시기 때문에요",
            "speaker": {
              "id": "A",
              "sex": "여성",
              "age": "1그룹(10대~20대)"
            },
            "speechAct": "진술하기",
            "morpheme": "A/SL+./SY+필수/NNG+반/NNG+의/JKG+경우/NNG+에/JKB+는/JX+보다/MAG+체계/NNG+적/XSN+으로/JKB+스터디/NNP+관리/NNG+해/XSV+EC+주/VX+시/EP+기/ETN+때문/NNB+에/JKB+요/JX"
          },
          {
            "id": 13,
            "text": "A.스터디 진행 시간도 다소 차이가 있습니다",
            "norm_text": "A.스터디 진행 시간도 다소 차이가 있습니다",
            "speaker": {
              "id": "A",
              "sex": "여성",
              "age": "1그룹(10대~20대)"
            },
            "speechAct": "진술하기",
            "morpheme": "A/SL+./SY+스터디/NNP+진행/NNG+시간/NNG+도/JX+다소/MAG+차이/NNG+가/JKS+있/VA+습니다/EF"
          },
          {
            "id": 14,
            "text": "B.네 감사합니다 잘 알겠어요",
            "norm_text": "B.네 감사합니다 잘 알겠어요",
            "speaker": {
              "id": "B",
              "sex": "남성",
              "age": "1그룹(10대~20대)"
            },
            "speechAct": "감사하기",
            "morpheme": "B/SL+네/IC+감사/NNG+합니다/XSV+EF+잘/MAG+알/VV+겠/EP+어요/EF"
          },
          {
            "id": 15,
            "text": "A.네 혹시 더 궁금한 게 있으시면요",
            "norm_text": "A.네 혹시 더 궁금한 게 있으시면요",
            "speaker": {
              "id": "A",
              "sex": "여성",
              "age": "1그룹(10대~20대)"
            },
            "speechAct": "진술하기",
            "morpheme": "A/SL+네/IC+혹시/MAG+더/MAG+궁금/XR+한/XSA+ETM+게/NNB+JKS+있/VA+으시/EP+면/EC+요/JX"
          },
          {
            "id": 16,
            "text": "A.저희 홈페이지에 자세한 내용이 올라와 있으니 확인 부탁드립니다",
            "norm_text": "A.저희 홈페이지에 자세한 내용이 올라와 있으니 확인 부탁드립니다",
            "speaker": {
              "id": "A",
              "sex": "여성",
              "age": "1그룹(10대~20대)"
            },
            "speechAct": "부탁하기",
            "morpheme": "A/SL+저희/NP+홈페이지/NNG+에/JKB+자세/XR+한/XSA+ETM+내용/NNG+이/JKS+올라와/VV+EC+있/VX+으니/EC+확인/NNG+부탁/NNG+드립니다/VV+EC"
          },
          {
            "id": 17,
            "text": "B.네 자세한 설명 감사합니다",
            "norm_text": "B.네 자세한 설명 감사합니다",
            "speaker": {
              "id": "B",
              "sex": "남성",
              "age": "1그룹(10대~20대)"
            },
            "speechAct": "감사하기",
            "morpheme": "B/SL+네/IC+자세/XR+한/XSA+ETM+설명/NNG+감사/NNG+합니다/XSV+EC"
          },
          {
            "id": 18,
            "text": "A.감사합니다 #@소속# #@이름#이었습니다",
            "norm_text": "A.감사합니다 #@소속# #@이름#이었습니다",
            "speaker": {
              "id": "A",
              "sex": "여성",
              "age": "1그룹(10대~20대)"
            },
            "speechAct": "인사하기",
            "morpheme": "A/SL+./SY+감사/NNG+합니다/XSV+EF+#/SY+@/SY+소속/NNG+#/SY+#/SY+@/SY+이름/NNG+#/SY+이/VCP+었/EP+습니다/EF"
          }
        ]
      }
    }
  ]
}