{
  "dataset": {
    "identifier": 140538,
    "name": "e1_20211115_0006_0574_01",
    "src_path": "/data/file/cubeManager/PROJECT018/91/txt20211110140006070626/e1_20211115_0006_0574_01/",
    "label_path": "/data/file/cubeManager/PROJECT018/91/txt20211110140006070626/e1_20211115_0006_0574_01/",
    "category": 2,
    "type": 0
  },
  "licenses": {
    "name": "Apache License 1.0",
    "url": "http://www.apache.org/licenses/LICENSE-1.0"
  },
  "info": [
    {
      "id": 158118,
      "filename": "e1_0068_0046_02.txt",
      "title": "e1_0068_0046_02",
      "mediatype": "콜센터",
      "medianame": "콜센터",
      "category": "목적대화",
      "date": "2021-11-10",
      "size": 276,
      "annotations": {
        "subject": "프로그램 문의",
        "speaker_type": "1:1",
        "size": 276,
        "word_size": 59,
        "text": "A.안녕하십니까 #@소속# 상담원 #@이름# 입니다\nB.문의 사항이 있어서 전화 드렸습니다\nA.고객님 어떤 문의 사항 이신가요\nB.#@상품# 에 멤버십 앱이 설치가 안됐는지 안보입니다\nA.멤버십 앱은 #@소속# 스토어에서 다운로드 받으시면 됩니다\nB.#@소속# 스토어는 핸드폰 앱스토어 처럼 사용하면 되는건가요\nA.그렇습니다 무료 다운로드 되세요\nB.무료로 사용할 수 있군요\nA.그렇습니다 고객님 다른 문의 사항 있으신가요\nB.아니요 없습니다 감사합니다\nA.감기 조심하세요 #@소속# 상담원 #@이름# 이었습니다",
        "lines": [
          {
            "id": 1,
            "text": "A.안녕하십니까 #@소속# 상담원 #@이름# 입니다",
            "norm_text": "A.안녕하십니까 #@소속# 상담원 #@이름# 입니다",
            "speaker": {
              "id": "A",
              "sex": "여성",
              "age": "1그룹(10대~20대)"
            },
            "speechAct": "인사하기",
            "morpheme": "A/SL+./SY+안녕/NNG+하/XSV+십니까/EP+EF+#/SY+@/SY+소속/NNG+#/SY+상담원/NNG+#/SY+@/SY+이름/NNG+#/SY+입니다/VCP+EC"
          },
          {
            "id": 2,
            "text": "B.문의 사항이 있어서 전화 드렸습니다",
            "norm_text": "B.문의 사항이 있어서 전화 드렸습니다",
            "speaker": {
              "id": "B",
              "sex": "남성",
              "age": "1그룹(10대~20대)"
            },
            "speechAct": "진술하기",
            "morpheme": "B/SL+./SY+문/NNG+의/JKG+사항/NNG+이/JKS+있/VV+어서/EC+전화/NNG+드렸/VV+EP+습니다/EF"
          },
          {
            "id": 3,
            "text": "A.고객님 어떤 문의 사항 이신가요",
            "norm_text": "A.고객님 어떤 문의 사항 이신가요",
            "speaker": {
              "id": "A",
              "sex": "여성",
              "age": "1그룹(10대~20대)"
            },
            "speechAct": "질문하기",
            "morpheme": "A/SL+./SY+고객/NNG+님/XSN+어떤/MM+문/NNG+의/JKG+사항/NNG+이/VCP+신가요/EP+EC"
          },
          {
            "id": 4,
            "text": "B.#@상품# 에 멤버십 앱이 설치가 안됐는지 안보입니다",
            "norm_text": "B.#@상품# 에 멤버십 앱이 설치가 안됐는지 안보입니다",
            "speaker": {
              "id": "B",
              "sex": "남성",
              "age": "1그룹(10대~20대)"
            },
            "speechAct": "진술하기",
            "morpheme": "B/SL+./SY+#/SY+@/SY+상품/NNG+#/SY+에/JKB+멤버십/NNG+앱/NNG+이/JKS+설치/NNG+가/JKS+안/MAG+됐/VV+EP+는지/EC+안/MAG+보입니다/VV+EC"
          },
          {
            "id": 5,
            "text": "A.멤버십 앱은 #@소속# 스토어에서 다운로드 받으시면 됩니다",
            "norm_text": "A.멤버십 앱은 #@소속# 스토어에서 다운로드 받으시면 됩니다",
            "speaker": {
              "id": "A",
              "sex": "여성",
              "age": "1그룹(10대~20대)"
            },
            "speechAct": "진술하기",
            "morpheme": "A/SL+./SY+멤버십/NNG+앱/NNG+은/JX+#/SY+@/SY+소속/NNG+#/SY+스토어/NNG+에서/JKB+다운로드/NNG+받/VV+으시/EP+면/EC+됩니다/VX+EC"
          },
          {
            "id": 6,
            "text": "B.#@소속# 스토어는 핸드폰 앱스토어 처럼 사용하면 되는건가요",
            "norm_text": "B.#@소속# 스토어는 핸드폰 앱스토어 처럼 사용하면 되는건가요",
            "speaker": {
              "id": "B",
              "sex": "남성",
              "age": "1그룹(10대~20대)"
            },
            "speechAct": "질문하기",
            "morpheme": "B/SL+./SY+#/SY+@/SY+소속/NNG+#/SY+스토어/NNG+는/JX+핸드폰/NNG+앱/NNG+스토어/NNG+처럼/JKB+사용/NNG+하/XSV+면/EC+되/VV+는/ETM+건가요/NNB+VCP+EC"
          },
          {
            "id": 7,
            "text": "A.그렇습니다 무료 다운로드 되세요",
            "norm_text": "A.그렇습니다 무료 다운로드 되세요",
            "speaker": {
              "id": "A",
              "sex": "여성",
              "age": "1그룹(10대~20대)"
            },
            "speechAct": "진술하기",
            "morpheme": "A/SL+그렇/VA+습니다/EF+무료/XR+다운/XSA+ETM+로드/NNG+되/XSV+세요/EP+EF"
          },
          {
            "id": 8,
            "text": "B.무료로 사용할 수 있군요",
            "norm_text": "B.무료로 사용할 수 있군요",
            "speaker": {
              "id": "B",
              "sex": "남성",
              "age": "1그룹(10대~20대)"
            },
            "speechAct": "질문하기",
            "morpheme": "B/SL+./SY+무료/NNG+로/JKB+사용/NNG+할/XSV+ETM+수/NNB+있/VV+군요/EC"
          },
          {
            "id": 9,
            "text": "A.그렇습니다 고객님 다른 문의 사항 있으신가요",
            "norm_text": "A.그렇습니다 고객님 다른 문의 사항 있으신가요",
            "speaker": {
              "id": "A",
              "sex": "여성",
              "age": "1그룹(10대~20대)"
            },
            "speechAct": "질문하기",
            "morpheme": "A/SL+그렇/VA+습니다/EF+고객/NNG+님/XSN+다른/MM+문/NNG+의/JKG+사항/NNG+있/VV+으신/EP+ETM+가요/NNG"
          },
          {
            "id": 10,
            "text": "B.아니요 없습니다 감사합니다",
            "norm_text": "B.아니요 없습니다 감사합니다",
            "speaker": {
              "id": "B",
              "sex": "남성",
              "age": "1그룹(10대~20대)"
            },
            "speechAct": "감사하기",
            "morpheme": "B/SL+아니요/IC+없/VA+습니다/EF+감사/NNG+합니다/XSV+EC"
          },
          {
            "id": 11,
            "text": "A.감기 조심하세요 #@소속# 상담원 #@이름# 이었습니다",
            "norm_text": "A.감기 조심하세요 #@소속# 상담원 #@이름# 이었습니다",
            "speaker": {
              "id": "A",
              "sex": "여성",
              "age": "1그룹(10대~20대)"
            },
            "speechAct": "인사하기",
            "morpheme": "A/SL+./SY+감기/NNG+조심/NNG+하/XSV+세요/EP+EF+#/SY+@/SY+소속/NNG+#/SY+상담원/NNG+#/SY+@/SY+이름/NNG+#/SY+이/VCP+었/EP+습니다/EF"
          }
        ]
      }
    }
  ]
}