{
  "dataset": {
    "identifier": 139835,
    "name": "e1_20211115_0006_0345_01",
    "src_path": "/data/file/cubeManager/PROJECT018/91/txt20211110140004037495/e1_20211115_0006_0345_01/",
    "label_path": "/data/file/cubeManager/PROJECT018/91/txt20211110140004037495/e1_20211115_0006_0345_01/",
    "category": 2,
    "type": 0
  },
  "licenses": {
    "name": "Apache License 1.0",
    "url": "http://www.apache.org/licenses/LICENSE-1.0"
  },
  "info": [
    {
      "id": 157821,
      "filename": "e1_0066_0173_02.txt",
      "title": "e1_0066_0173_02",
      "mediatype": "콜센터",
      "medianame": "콜센터",
      "category": "목적대화",
      "date": "2021-11-10",
      "size": 307,
      "annotations": {
        "subject": "프로그램 문의",
        "speaker_type": "1:1",
        "size": 307,
        "word_size": 66,
        "text": "A.어떤걸 도와드릴까요 #@소속# #@이름# 상담원입니다\nB.혹시 발신 가능 번호가 없고 인터넷만 가능해도 화상영어 수업이 되나요\nA.해외에서 수업을 원하시는 회원님이실까요\nB.어 네 맞아요 해외에서 하려는데 발신 가능 번호가 없을것같아서요\nA.수업 관련 상담이나 특이사항시 서비스 이용에 제약이 있으실 수 있는데요\nA.이 점을 감수하시면 화상영어 수업이 가능하십니다\nB.아 그렇군요 알겠습니다\nA.수신 번호가 있으시면 #@소속#를 더 더욱 알차게 활용하실 수 있다는점 참고해주세요\nB.네 알겠습니다 한번 알아봐야겠네요\nA.찾아주셔서 감사합니다 #@이름# 이었습니다",
        "lines": [
          {
            "id": 1,
            "text": "A.어떤걸 도와드릴까요 #@소속# #@이름# 상담원입니다",
            "norm_text": "A.어떤걸 도와드릴까요 #@소속# #@이름# 상담원입니다",
            "speaker": {
              "id": "A",
              "sex": "여성",
              "age": "1그룹(10대~20대)"
            },
            "speechAct": "인사하기",
            "morpheme": "A/SL+어떤/MM+걸/NNB+JKO+도와/VV+EC+드릴까요/VX+EC+#/SY+@/SY+소속/NNG+#/SY+#/SY+@/SY+이름/NNG+#/SY+상담원/NNG+입니다/VCP+EC"
          },
          {
            "id": 2,
            "text": "B.혹시 발신 가능 번호가 없고 인터넷만 가능해도 화상영어 수업이 되나요",
            "norm_text": "B.혹시 발신 가능 번호가 없고 인터넷만 가능해도 화상영어 수업이 되나요",
            "speaker": {
              "id": "B",
              "sex": "남성",
              "age": "1그룹(10대~20대)"
            },
            "speechAct": "질문하기",
            "morpheme": "B/SL+혹시/MAG+발신/NNG+가능/NNG+번호/NNG+가/JKS+없/VA+고/EC+인터넷/NNG+만/JX+가능/NNG+해도/XSV+EC+화상/NNG+영어/NNG+수업/NNG+이/JKS+되/VV+나요/EC"
          },
          {
            "id": 3,
            "text": "A.해외에서 수업을 원하시는 회원님이실까요",
            "norm_text": "A.해외에서 수업을 원하시는 회원님이실까요",
            "speaker": {
              "id": "A",
              "sex": "여성",
              "age": "1그룹(10대~20대)"
            },
            "speechAct": "질문하기",
            "morpheme": "A/SL+./SY+해외/NNG+에서/JKB+수업/NNG+을/JKO+원하/VV+시/EP+는/ETM+회원/NNG+님/XSN+이/VCP+실까요/EP+EF"
          },
          {
            "id": 4,
            "text": "B.어 네 맞아요 해외에서 하려는데 발신 가능 번호가 없을것같아서요",
            "norm_text": "B.어 네 맞아요 해외에서 하려는데 발신 가능 번호가 없을것같아서요",
            "speaker": {
              "id": "B",
              "sex": "남성",
              "age": "1그룹(10대~20대)"
            },
            "speechAct": "진술하기",
            "morpheme": "B/SL+어/IC+네/IC+맞/VV+아요/EF+해외/NNG+에서/JKB+하/VV+려는/ETM+데/NNB+발신/NNG+가능/NNG+번호/NNG+가/JKS+없/VA+을/ETM+것/NNB+같/VA+아서요/EC"
          },
          {
            "id": 5,
            "text": "A.수업 관련 상담이나 특이사항시 서비스 이용에 제약이 있으실 수 있는데요",
            "norm_text": "A.수업 관련 상담이나 특이사항시 서비스 이용에 제약이 있으실 수 있는데요",
            "speaker": {
              "id": "A",
              "sex": "여성",
              "age": "1그룹(10대~20대)"
            },
            "speechAct": "진술하기",
            "morpheme": "A/SL+./SY+수업/NNG+관련/NNG+상담/NNG+이나/JC+특이/NNG+사항/NNG+시/NNB+서비스/NNG+이용/NNG+에/JKB+제약/NNG+이/JKS+있/VA+으실/EP+ETM+수/NNB+있/VV+는데요/EC"
          },
          {
            "id": 6,
            "text": "A.이 점을 감수하시면 화상영어 수업이 가능하십니다",
            "norm_text": "A.이 점을 감수하시면 화상영어 수업이 가능하십니다",
            "speaker": {
              "id": "A",
              "sex": "여성",
              "age": "1그룹(10대~20대)"
            },
            "speechAct": "진술하기",
            "morpheme": "A/SL+이/MM+점/NNG+을/JKO+감수/NNG+하/XSV+시/EP+면/EC+화상/NNG+영어/NNG+수업/NNG+이/JKS+가능/NNG+하/XSV+십니다/EP+EC"
          },
          {
            "id": 7,
            "text": "B.아 그렇군요 알겠습니다",
            "norm_text": "B.아 그렇군요 알겠습니다",
            "speaker": {
              "id": "B",
              "sex": "남성",
              "age": "1그룹(10대~20대)"
            },
            "speechAct": "진술하기",
            "morpheme": "B/SL+아/IC+그렇/VA+군요/EC+알/VV+겠/EP+습니다/EF"
          },
          {
            "id": 8,
            "text": "A.수신 번호가 있으시면 #@소속#를 더 더욱 알차게 활용하실 수 있다는점 참고해주세요",
            "norm_text": "A.수신 번호가 있으시면 더욱 알차게 활용하실 수 있다는 점 참고해주세요",
            "speaker": {
              "id": "A",
              "sex": "여성",
              "age": "1그룹(10대~20대)"
            },
            "speechAct": "충고하기",
            "morpheme": "A/SL+./SY+수신/NNG+번호/NNG+가/JKS+있/VA+으시/EP+면/EC+#/SY+@/SY+소속/NNG+#/SY+를/JKO+더더욱/MAG+알차/VA+게/EC+활용/NNG+하/XSV+실/EP+ETM+수/NNB+있/VV+다는/ETM+점/NNG+참고/NNG+해/XSV+EC+주/VX+세요/EP+EF"
          },
          {
            "id": 9,
            "text": "B.네 알겠습니다 한번 알아봐야겠네요",
            "norm_text": "B.네 알겠습니다 한번 알아봐야겠네요",
            "speaker": {
              "id": "B",
              "sex": "남성",
              "age": "1그룹(10대~20대)"
            },
            "speechAct": "진술하기",
            "morpheme": "B/SL+네/IC+알/VV+겠/EP+습니다/EF+한번/MAG+알/VV+아/EC+봐야/VX+EC+VV+겠/EP+네요/EC"
          },
          {
            "id": 10,
            "text": "A.찾아주셔서 감사합니다 #@이름# 이었습니다",
            "norm_text": "A.찾아주셔서 감사합니다 #@이름# 이었습니다",
            "speaker": {
              "id": "A",
              "sex": "여성",
              "age": "1그룹(10대~20대)"
            },
            "speechAct": "인사하기",
            "morpheme": "A/SL+찾/VV+아/EC+주/VX+셔서/EP+EC+감사/NNG+합니다/XSV+EF+#/SY+@/SY+이름/NNG+#/SY+이/VCP+었/EP+습니다/EF"
          }
        ]
      }
    }
  ]
}