{
  "dataset": {
    "identifier": 141043,
    "name": "e1_20211115_0006_0700_01",
    "src_path": "/data/file/cubeManager/PROJECT018/91/txt20211110140013035834/e1_20211115_0006_0700_01/",
    "label_path": "/data/file/cubeManager/PROJECT018/91/txt20211110140013035834/e1_20211115_0006_0700_01/",
    "category": 2,
    "type": 0
  },
  "licenses": {
    "name": "Apache License 1.0",
    "url": "http://www.apache.org/licenses/LICENSE-1.0"
  },
  "info": [
    {
      "id": 158946,
      "filename": "e1_0071_0142_02.txt",
      "title": "e1_0071_0142_02",
      "mediatype": "콜센터",
      "medianame": "콜센터",
      "category": "목적대화",
      "date": "2021-11-10",
      "size": 321,
      "annotations": {
        "subject": "프로그램 문의",
        "speaker_type": "1:1",
        "size": 321,
        "word_size": 77,
        "text": "A.소중히 모시겠습니다 #@소속# #@이름# 입니다\nB.강좌 선택은 어떻게 하나요\nA.고객님 자녀분 학년에 맞게 사이트를 설정하실 수 있으세요\nB.그럼 우리 아이 학년을 설정하면 학년 사이트가 고정이 되나요\nA.네 선택 사이트로 설정하면 다음 접속 시 바로 연결 가능합니다\nB.편리하네요 아 그리고 선생님 홈의 개설 강좌도 학년별로 구분이 되어 있나요\nA.네 선생님 홈에서 원하시는 학년의 개설 강좌를 확인할 수 있으세요\nB.네 아이한테 알려줘야겠네요 고마워요\nA.더 궁금하신 점은 없으실까요\nB.네 또 물어볼거 있으면 전화할께요 수고하세요\nA.행복한 하루 되세요 상담사 #@이름# 이었습니다",
        "lines": [
          {
            "id": 1,
            "text": "A.소중히 모시겠습니다 #@소속# #@이름# 입니다",
            "norm_text": "A.소중히 모시겠습니다 #@소속# #@이름# 입니다",
            "speaker": {
              "id": "A",
              "sex": "여성",
              "age": "2그룹(30대~40대)"
            },
            "speechAct": "인사하기",
            "morpheme": "A/SL+소중히/MAG+모시/VV+겠/EP+습니다/EF+#/SY+@/SY+소속/NNG+#/SY+#/SY+@/SY+이름/NNG+#/SY+입니다/VCP+EC"
          },
          {
            "id": 2,
            "text": "B.강좌 선택은 어떻게 하나요",
            "norm_text": "B.강좌 선택은 어떻게 하나요",
            "speaker": {
              "id": "B",
              "sex": "남성",
              "age": "2그룹(30대~40대)"
            },
            "speechAct": "질문하기",
            "morpheme": "B/SL+./SY+강좌/NNG+선택/NNG+은/JX+어떻게/MAG+하나/NR+요/VCP+EC"
          },
          {
            "id": 3,
            "text": "A.고객님 자녀분 학년에 맞게 사이트를 설정하실 수 있으세요",
            "norm_text": "A.고객님 자녀분 학년에 맞게 사이트를 설정하실 수 있으세요",
            "speaker": {
              "id": "A",
              "sex": "여성",
              "age": "2그룹(30대~40대)"
            },
            "speechAct": "진술하기",
            "morpheme": "A/SL+./SY+고객/NNG+님/XSN+자녀/NNG+분/NNB+학년/NNG+에/JKB+맞/VV+게/EC+사이트/NNG+를/JKO+설정/NNG+하/XSV+실/EP+ETM+수/NNB+있/VV+으세요/EC"
          },
          {
            "id": 4,
            "text": "B.그럼 우리 아이 학년을 설정하면 학년 사이트가 고정이 되나요",
            "norm_text": "B.그럼 우리 아이 학년을 설정하면 학년 사이트가 고정이 되나요",
            "speaker": {
              "id": "B",
              "sex": "남성",
              "age": "2그룹(30대~40대)"
            },
            "speechAct": "질문하기",
            "morpheme": "B/SL+그럼/MAJ+우리/NP+아이/NNG+학년/NNG+을/JKO+설정/NNG+하/XSV+면/EC+학년/NNG+사이트/NNG+가/JKS+고정/NNG+이/JKS+되/VV+나요/EC"
          },
          {
            "id": 5,
            "text": "A.네 선택 사이트로 설정하면 다음 접속 시 바로 연결 가능합니다",
            "norm_text": "A.네 선택 사이트로 설정하면 다음 접속 시 바로 연결 가능합니다",
            "speaker": {
              "id": "A",
              "sex": "여성",
              "age": "2그룹(30대~40대)"
            },
            "speechAct": "진술하기",
            "morpheme": "A/SL+네/IC+선택/NNG+사이트/NNG+로/JKB+설정/NNG+하/XSV+면/EC+다음/NNG+접속/NNG+시바/NNG+로/JKB+연결/NNG+가능/NNG+합니다/XSV+EC"
          },
          {
            "id": 6,
            "text": "B.편리하네요 아 그리고 선생님 홈의 개설 강좌도 학년별로 구분이 되어 있나요",
            "norm_text": "B.편리하네요 아 그리고 선생님 홈의 개설 강좌도 학년별로 구분이 되어 있나요",
            "speaker": {
              "id": "B",
              "sex": "남성",
              "age": "2그룹(30대~40대)"
            },
            "speechAct": "질문하기",
            "morpheme": "B/SL+./SY+편리/NNG+하/XSA+네요/EF+아/IC+그리고/MAJ+선생/NNG+님/XSN+홈/NNG+의/JKG+개설/NNG+강좌/NNG+도/JX+학년/NNG+별/XSN+로/JKB+구분/NNG+이/JKS+되/VV+어/EC+있/VX+나요/EC"
          },
          {
            "id": 7,
            "text": "A.네 선생님 홈에서 원하시는 학년의 개설 강좌를 확인할 수 있으세요",
            "norm_text": "A.네 선생님 홈에서 원하시는 학년의 개설 강좌를 확인할 수 있으세요",
            "speaker": {
              "id": "A",
              "sex": "여성",
              "age": "2그룹(30대~40대)"
            },
            "speechAct": "진술하기",
            "morpheme": "A/SL+네/IC+선생/NNG+님/XSN+홈/NNG+에서/JKB+원/NNG+하/XSV+시/EP+는/ETM+학년/NNG+의/JKG+개설/NNG+강좌/NNG+를/JKO+확인/NNG+할/XSV+ETM+수/NNB+있/VV+으세요/EC"
          },
          {
            "id": 8,
            "text": "B.네 아이한테 알려줘야겠네요 고마워요",
            "norm_text": "B.네 아이한테 알려줘야겠네요 고마워요",
            "speaker": {
              "id": "B",
              "sex": "남성",
              "age": "2그룹(30대~40대)"
            },
            "speechAct": "감사하기",
            "morpheme": "B/SL+네/IC+아이/NNG+한테/JKB+알려/VV+EC+줘야/VX+EC+VX+겠/EP+네요/EF+고마워요/VA+EC"
          },
          {
            "id": 9,
            "text": "A.더 궁금하신 점은 없으실까요",
            "norm_text": "A.더 궁금하신 점은 없으실까요",
            "speaker": {
              "id": "A",
              "sex": "여성",
              "age": "2그룹(30대~40대)"
            },
            "speechAct": "질문하기",
            "morpheme": "A/SL+더/MAG+궁금/XR+하/XSA+신/EP+ETM+점/NNG+은/JX+없/VA+으실까/EP+EP+EF+요/MM"
          },
          {
            "id": 10,
            "text": "B.네 또 물어볼거 있으면 전화할께요 수고하세요",
            "norm_text": "B.네 또 물어볼거 있으면 전화할께요 수고하세요",
            "speaker": {
              "id": "B",
              "sex": "남성",
              "age": "2그룹(30대~40대)"
            },
            "speechAct": "인사하기",
            "morpheme": "B/SL+네/IC+또/MAG+물어볼/VV+ETM+거/NNB+있/VA+으면/EC+전화/NNG+할께요/XSV+EF+수고/NNG+하/XSV+세요/EP+EF"
          },
          {
            "id": 11,
            "text": "A.행복한 하루 되세요 상담사 #@이름# 이었습니다",
            "norm_text": "A.행복한 하루 되세요 상담사 #@이름# 이었습니다",
            "speaker": {
              "id": "A",
              "sex": "여성",
              "age": "2그룹(30대~40대)"
            },
            "speechAct": "인사하기",
            "morpheme": "A/SL+./SY+행복/NNG+한/XSA+ETM+하루/NNG+되/XSV+세요/EP+EF+상담/NNG+사/NNG+#/SY+@/SY+이름/NNG+#/SY+이/VCP+었/EP+습니다/EF"
          }
        ]
      }
    }
  ]
}