{
  "dataset": {
    "identifier": 140329,
    "name": "e1_20211115_0006_0487_01",
    "src_path": "/data/file/cubeManager/PROJECT018/91/txt20211110140005041882/e1_20211115_0006_0487_01/",
    "label_path": "/data/file/cubeManager/PROJECT018/91/txt20211110140005041882/e1_20211115_0006_0487_01/",
    "category": 2,
    "type": 0
  },
  "licenses": {
    "name": "Apache License 1.0",
    "url": "http://www.apache.org/licenses/LICENSE-1.0"
  },
  "info": [
    {
      "id": 157961,
      "filename": "e1_0067_0102_02.txt",
      "title": "e1_0067_0102_02",
      "mediatype": "콜센터",
      "medianame": "콜센터",
      "category": "목적대화",
      "date": "2021-11-10",
      "size": 316,
      "annotations": {
        "subject": "프로그램 문의",
        "speaker_type": "1:1",
        "size": 316,
        "word_size": 83,
        "text": "A. 안녕하세요 성적 향상을 보장하는 #@소속#입니다\nB. 네 저 편입 대비 상담 좀 드릴게요\nA. 궁금하신 부분 말씀하시면 안내 해드릴게요\nB. 제가 인문계인데 자연계 전향해서 편입 준비하려구요\nB. 저같은 경우가 있는지 제가 들을 수업이 있는지 궁금해요\nA. 네 최근 자연계 전향자가 실제로 꾸준히 늘고있구요\nA. 자연계 노베이스부터 가능한 기초 영어반과 수학반 있습니다\nB. 아 네 혹시 실제 수강전에 설명회 같은게 있을까요\nA. 네 이번주 금요일 자연계간담회 있으니 꼭 참석해보세요\nB. 오 좋은 정보 알려주셔서 감사합니다\nA. 네 저희 캠퍼스에서 좋은 결과 얻으시길 바랍니다",
        "lines": [
          {
            "id": 1,
            "text": "A. 안녕하세요 성적 향상을 보장하는 #@소속#입니다",
            "norm_text": "A. 안녕하세요 성적 향상을 보장하는 #@소속#입니다",
            "speaker": {
              "id": "A",
              "sex": "여성",
              "age": "1그룹(10대~20대)"
            },
            "speechAct": "감사하기",
            "morpheme": "A/SL+./SY+안녕/NNG+하/XSV+세요/EP+EF+성적/NNG+향상/NNG+을/JKO+보장/NNG+하/XSV+는/ETM+#/SY+@/SY+소속/NNG+#/SY+입니다/VCP+EC"
          },
          {
            "id": 2,
            "text": "B. 네 저 편입 대비 상담 좀 드릴게요",
            "norm_text": "B. 네 저 편입 대비 상담 좀 드릴게요",
            "speaker": {
              "id": "B",
              "sex": "남성",
              "age": "1그룹(10대~20대)"
            },
            "speechAct": "진술하기",
            "morpheme": "B/SL+네/IC+저/MM+편입/NNG+대비/NNG+상담/NNG+좀/MAG+드릴게요/VV+EC"
          },
          {
            "id": 3,
            "text": "A. 궁금하신 부분 말씀하시면 안내 해드릴게요",
            "norm_text": "A. 궁금하신 부분 말씀하시면 안내 해드릴게요",
            "speaker": {
              "id": "A",
              "sex": "여성",
              "age": "1그룹(10대~20대)"
            },
            "speechAct": "진술하기",
            "morpheme": "A/SL+궁금/XR+하/XSA+신/EP+ETM+부분/NNG+말씀/NNG+하/XSV+시/EP+면/EC+안내/NNG+해/XSV+EC+드릴게요/VX+EC"
          },
          {
            "id": 4,
            "text": "B. 제가 인문계인데 자연계 전향해서 편입 준비하려구요",
            "norm_text": "B. 제가 인문계인데 자연계 전향해서 편입 준비하려구요",
            "speaker": {
              "id": "B",
              "sex": "남성",
              "age": "1그룹(10대~20대)"
            },
            "speechAct": "진술하기",
            "morpheme": "B/SL+제/NP+가/JKS+인문계/NNG+인데/VCP+EC+자연/NNG+계/XSN+전향/NNG+해서/XSV+EC+편입/NNG+준비/NNG+하/XSV+려구요/EC"
          },
          {
            "id": 5,
            "text": "B. 저같은 경우가 있는지 제가 들을 수업이 있는지 궁금해요",
            "norm_text": "B. 저같은 경우가 있는지 제가 들을 수업이 있는지 궁금해요",
            "speaker": {
              "id": "B",
              "sex": "남성",
              "age": "1그룹(10대~20대)"
            },
            "speechAct": "명령하기/요구하기",
            "morpheme": "B/SL+저/IC+같/VA+은/ETM+경우/NNG+가/JKS+있/VA+는지/EC+제/NP+가/JKS+들/VV+을/ETM+수업/NNG+이/JKS+있/VV+는지/EC+궁금/XR+해요/XSA+EC"
          },
          {
            "id": 6,
            "text": "A. 네 최근 자연계 전향자가 실제로 꾸준히 늘고있구요",
            "norm_text": "A. 네 최근 자연계 전향자가 실제로 꾸준히 늘고있구요",
            "speaker": {
              "id": "A",
              "sex": "여성",
              "age": "1그룹(10대~20대)"
            },
            "speechAct": "진술하기",
            "morpheme": "A/SL+네/IC+최근/NNG+자연/NNG+계/XSN+전향자/NNG+가/JKS+실제로/MAG+꾸준히/MAG+늘/VV+고/EC+있/VX+구요/EF"
          },
          {
            "id": 7,
            "text": "A. 자연계 노베이스부터 가능한 기초 영어반과 수학반 있습니다",
            "norm_text": "A. 자연계 노베이스부터 가능한 기초 영어반과 수학반 있습니다",
            "speaker": {
              "id": "A",
              "sex": "여성",
              "age": "1그룹(10대~20대)"
            },
            "speechAct": "진술하기",
            "morpheme": "A/SL+./SY+자연/NNG+계/XSN+노/NNP+베이스/NNP+부터/JX+가능/NNG+한/XSA+ETM+기초/NNG+영어/NNG+반/NNG+과/JC+수학/NNG+반/NNG+있/VA+습니다/EF"
          },
          {
            "id": 8,
            "text": "B. 아 네 혹시 실제 수강전에 설명회 같은게 있을까요",
            "norm_text": "B. 아 네 혹시 실제 수강전에 설명회 같은게 있을까요",
            "speaker": {
              "id": "B",
              "sex": "남성",
              "age": "1그룹(10대~20대)"
            },
            "speechAct": "질문하기",
            "morpheme": "B/SL+아/IC+네/IC+혹시/MAG+실제/NNG+수강/NNG+전/NNG+에/JKB+설/VV+ETM+명회/NNG+같/VA+은/ETM+게/NNB+JKS+있/VA+을까요/EC"
          },
          {
            "id": 9,
            "text": "A. 네 이번주 금요일 자연계간담회 있으니 꼭 참석해보세요",
            "norm_text": "A. 네 이번주 금요일 자연계간담회 있으니 꼭 참석해보세요",
            "speaker": {
              "id": "A",
              "sex": "여성",
              "age": "1그룹(10대~20대)"
            },
            "speechAct": "부탁하기",
            "morpheme": "A/SL+네/IC+이번/NNG+주/NNG+금요일/NNG+자연/NNG+계/XSN+간담회/NNG+있/VV+으니/EC+꼭/MAG+참석/NNG+해/XSV+EC+보/VX+세요/EP+EF"
          },
          {
            "id": 10,
            "text": "B. 오 좋은 정보 알려주셔서 감사합니다",
            "norm_text": "B. 오 좋은 정보 알려주셔서 감사합니다",
            "speaker": {
              "id": "B",
              "sex": "남성",
              "age": "1그룹(10대~20대)"
            },
            "speechAct": "감사하기",
            "morpheme": "B/SL+오/IC+좋/VA+은/ETM+정보/NNG+알려/VV+EC+주/VX+셔서/EP+EC+감사/NNG+합니다/XSV+EC"
          },
          {
            "id": 11,
            "text": "A. 네 저희 캠퍼스에서 좋은 결과 얻으시길 바랍니다",
            "norm_text": "A. 네 저희 캠퍼스에서 좋은 결과 얻으시길 바랍니다",
            "speaker": {
              "id": "A",
              "sex": "여성",
              "age": "1그룹(10대~20대)"
            },
            "speechAct": "인사하기",
            "morpheme": "A/SL+네/IC+저희/NP+캠퍼스/NNG+에서/JKB+좋/VA+은/ETM+결과/NNG+얻/VV+으시/EP+길/ETN+JKO+바랍니다/VV+EC"
          }
        ]
      }
    }
  ]
}