{
  "dataset": {
    "identifier": 140260,
    "name": "e1_20211115_0006_0473_01",
    "src_path": "/data/file/cubeManager/PROJECT018/91/txt20211110140005030585/e1_20211115_0006_0473_01/",
    "label_path": "/data/file/cubeManager/PROJECT018/91/txt20211110140005030585/e1_20211115_0006_0473_01/",
    "category": 2,
    "type": 0
  },
  "licenses": {
    "name": "Apache License 1.0",
    "url": "http://www.apache.org/licenses/LICENSE-1.0"
  },
  "info": [
    {
      "id": 157947,
      "filename": "e1_0067_0088_02.txt",
      "title": "e1_0067_0088_02",
      "mediatype": "콜센터",
      "medianame": "콜센터",
      "category": "목적대화",
      "date": "2021-11-10",
      "size": 284,
      "annotations": {
        "subject": "프로그램 문의",
        "speaker_type": "1:1",
        "size": 284,
        "word_size": 74,
        "text": "A. 반갑습니다 #@소속# 상담사 #@이름# 입니다\nB. 네 저 확인하고 싶은게 있어서요\nA. 안녕하세요 어떤 부분 안내 해드릴까요\nB. 지난 강의들 복습 프로그램도 제공된다 알고있는데요\nB. 혹시 비수강생도 그게 시청 가능할까요\nA. 아닙니다 강의 수강생 한정되는 영상입니다\nB. 그렇군요 무기한으로 아무때나 볼 수 있나요\nA. 월별 및 과정별로 가능하다 보시면 되세요\nA. 9월 10월 과정 수강중이면 10월 기준 9월 영상 보시는겁니다\nB. 아 그렇군요 참고해서 이용하겠습니다\nA. 네 다른 문의 생기시면 또 전화 주세요",
        "lines": [
          {
            "id": 1,
            "text": "A. 반갑습니다 #@소속# 상담사 #@이름# 입니다",
            "norm_text": "A. 반갑습니다 #@소속# 상담사 #@이름# 입니다",
            "speaker": {
              "id": "A",
              "sex": "여성",
              "age": "1그룹(10대~20대)"
            },
            "speechAct": "인사하기",
            "morpheme": "A/SL+반갑/VA+습니다/EF+#/SY+@/SY+소속/NNG+#/SY+상담/NNG+사/NNG+#/SY+@/SY+이름/NNG+#/SY+입니다/VCP+EC"
          },
          {
            "id": 2,
            "text": "B. 네 저 확인하고 싶은게 있어서요",
            "norm_text": "B. 네 저 확인하고 싶은게 있어서요",
            "speaker": {
              "id": "B",
              "sex": "남성",
              "age": "1그룹(10대~20대)"
            },
            "speechAct": "진술하기",
            "morpheme": "B/SL+네/IC+저/MM+확인/NNG+하/XSV+고/EC+싶/VX+은/ETM+게/NNB+JKS+있/VA+어서요/EC"
          },
          {
            "id": 3,
            "text": "A. 안녕하세요 어떤 부분 안내 해드릴까요",
            "norm_text": "A. 안녕하세요 어떤 부분 안내 해드릴까요",
            "speaker": {
              "id": "A",
              "sex": "여성",
              "age": "1그룹(10대~20대)"
            },
            "speechAct": "질문하기",
            "morpheme": "A/SL+./SY+안녕/NNG+하/XSV+세요/EP+EF+어떤/MM+부분/NNG+안내/NNG+해/XSV+EC+드릴까요/VX+EC"
          },
          {
            "id": 4,
            "text": "B. 지난 강의들 복습 프로그램도 제공된다 알고있는데요",
            "norm_text": "B. 지난 강의들 복습 프로그램도 제공된다 알고있는데요",
            "speaker": {
              "id": "B",
              "sex": "남성",
              "age": "1그룹(10대~20대)"
            },
            "speechAct": "진술하기",
            "morpheme": "B/SL+지난/VV+ETM+강의/NNG+들/XSN+복습/NNG+프로그램/NNG+도/JX+제공/NNG+된다/XSV+EC+알/VV+고/EC+있/VX+는데요/EC"
          },
          {
            "id": 5,
            "text": "B. 혹시 비수강생도 그게 시청 가능할까요",
            "norm_text": "B. 혹시 비수강생도 그게 시청 가능할까요",
            "speaker": {
              "id": "B",
              "sex": "남성",
              "age": "1그룹(10대~20대)"
            },
            "speechAct": "질문하기",
            "morpheme": "B/SL+혹시/MAG+비/XPN+수강/NNG+생/XSN+도/JX+그게/NP+JKS+시청/NNG+가능/NNG+할까요/XSV+EC"
          },
          {
            "id": 6,
            "text": "A. 아닙니다 강의 수강생 한정되는 영상입니다",
            "norm_text": "A. 아닙니다 강의 수강생 한정되는 영상입니다",
            "speaker": {
              "id": "A",
              "sex": "여성",
              "age": "1그룹(10대~20대)"
            },
            "speechAct": "진술하기",
            "morpheme": "A/SL+아닙니다/VCN+EC+강의/NNG+수강/NNG+생/XSN+한정/NNG+되/XSV+는/ETM+영상/NNG+입니다/VCP+EC"
          },
          {
            "id": 7,
            "text": "B. 그렇군요 무기한으로 아무때나 볼 수 있나요",
            "norm_text": "B. 그렇군요 무기한으로 아무때나 볼 수 있나요",
            "speaker": {
              "id": "B",
              "sex": "남성",
              "age": "1그룹(10대~20대)"
            },
            "speechAct": "질문하기",
            "morpheme": "B/SL+그렇/VA+군요/EC+무기한/NNG+으로/JKB+아무/MM+때/NNG+나/JX+볼/VV+ETM+수/NNB+있/VV+나요/EC"
          },
          {
            "id": 8,
            "text": "A. 월별 및 과정별로 가능하다 보시면 되세요",
            "norm_text": "A. 월별 및 과정별로 가능하다 보시면 되세요",
            "speaker": {
              "id": "A",
              "sex": "여성",
              "age": "1그룹(10대~20대)"
            },
            "speechAct": "질문하기",
            "morpheme": "A/SL+./SY+월별/NNG+및/MAJ+과정/NNG+별/XSN+로/JKB+가능/NNG+하/XSV+다/EC+보/VX+시/EP+면/EC+되/VV+세요/EP+EF"
          },
          {
            "id": 9,
            "text": "A. 9월 10월 과정 수강중이면 10월 기준 9월 영상 보시는겁니다",
            "norm_text": "A. 9월 10월 과정 수강중이면 10월 기준 9월 영상 보시는겁니다",
            "speaker": {
              "id": "A",
              "sex": "여성",
              "age": "1그룹(10대~20대)"
            },
            "speechAct": "진술하기",
            "morpheme": "A/SL+./SY+9/SN+월/NNBC+10/SN+월/NNBC+과정/NNG+수강/NNG+중/NNB+이/VCP+면/EC+10/SN+월/NNBC+기준/NNG+9/SN+월/NNBC+영상/NNG+보/VV+시/EP+는/ETM+겁니다/NNB+VCP+EC"
          },
          {
            "id": 10,
            "text": "B. 아 그렇군요 참고해서 이용하겠습니다",
            "norm_text": "B. 아 그렇군요 참고해서 이용하겠습니다",
            "speaker": {
              "id": "B",
              "sex": "남성",
              "age": "1그룹(10대~20대)"
            },
            "speechAct": "진술하기",
            "morpheme": "B/SL+아/IC+그렇/VA+군요/EC+참고/NNG+해서/XSV+EC+이용/NNG+하/XSV+겠/EP+습니다/EF"
          },
          {
            "id": 11,
            "text": "A. 네 다른 문의 생기시면 또 전화 주세요",
            "norm_text": "A. 네 다른 문의 생기시면 또 전화 주세요",
            "speaker": {
              "id": "A",
              "sex": "여성",
              "age": "1그룹(10대~20대)"
            },
            "speechAct": "인사하기",
            "morpheme": "A/SL+네/IC+다른/MM+문/NNG+의/JKG+생기/VV+시/EP+면/EC+또/MAG+전화/NNG+주세요/NNP"
          }
        ]
      }
    }
  ]
}