{
  "dataset": {
    "identifier": 141001,
    "name": "e1_20211115_0006_0658_01",
    "src_path": "/data/file/cubeManager/PROJECT018/91/txt20211110140010083567/e1_20211115_0006_0658_01/",
    "label_path": "/data/file/cubeManager/PROJECT018/91/txt20211110140010083567/e1_20211115_0006_0658_01/",
    "category": 2,
    "type": 0
  },
  "licenses": {
    "name": "Apache License 1.0",
    "url": "http://www.apache.org/licenses/LICENSE-1.0"
  },
  "info": [
    {
      "id": 158635,
      "filename": "e1_0070_0036_02.txt",
      "title": "e1_0070_0036_02",
      "mediatype": "콜센터",
      "medianame": "콜센터",
      "category": "목적대화",
      "date": "2021-11-10",
      "size": 374,
      "annotations": {
        "subject": "프로그램 문의",
        "speaker_type": "1:1",
        "size": 374,
        "word_size": 88,
        "text": "A. 문의주셔서 감사합니다 #@소속# 상담원 #@이름#입니다\nB.수고하십니다 궁금한 게 있어서 뭐 좀 여쭈어보려고요\nA. 네 말씀해 주세요 고객님\nB. 핸드폰으로 #@소속# 강의를 듣고 있는데요\nB. 바로가기 이런 건 어떻게 만들죠\nA. 고객님 지금 어떤 웹브라우저 앱을 이용하고 계실까요\nB. 이거 기본 같은데요 삼성 인터넷인가 그거요\nA. 그러시면 인터넷에서 #@소속# 사이트에 들어가주시고요\nB. 예 들어왔습니다 다음에는 어떻게 하나요\nA. 상단의 맨 오른쪽 메뉴를 눌러주시고요\nA. 홈 화면에 추가 눌러주시면 바로가기가 생성됩니다 고객님\nB. 생성됐네요 매번 검색해서 들어가기 귀찮았는데 감사합니다 수고하세요\nA. 지금까지 #@소속# 상담원 #@이름#이었습니다\nA. 행복한 하루 되세요",
        "lines": [
          {
            "id": 1,
            "text": "A. 문의주셔서 감사합니다 #@소속# 상담원 #@이름#입니다",
            "norm_text": "A. 문의주셔서 감사합니다 #@소속# 상담원 #@이름#입니다",
            "speaker": {
              "id": "A",
              "sex": "여성",
              "age": "2그룹(30대~40대)"
            },
            "speechAct": "인사하기",
            "morpheme": "A/SL+./SY+문/NNG+의/JKG+주/VV+셔서/EP+EC+감사/NNG+합니다/XSV+EF+#/SY+@/SY+소속/NNG+#/SY+상담원/NNG+#/SY+@/SY+이름/NNG+#/SY+입니다/VCP+EC"
          },
          {
            "id": 2,
            "text": "B.수고하십니다 궁금한 게 있어서 뭐 좀 여쭈어보려고요",
            "norm_text": "B.수고하십니다 궁금한 게 있어서 뭐 좀 여쭈어보려고요",
            "speaker": {
              "id": "B",
              "sex": "남성",
              "age": "2그룹(30대~40대)"
            },
            "speechAct": "진술하기",
            "morpheme": "B/SL+./SY+수고/NNG+하/XSV+십니다/EP+EF+궁금/XR+한/XSA+ETM+게/NNB+JKS+있/VA+어서/EC+뭐/IC+좀/MAG+여쭈/VV+어/EC+보/VX+려고요/EC"
          },
          {
            "id": 3,
            "text": "A. 네 말씀해 주세요 고객님",
            "norm_text": "A. 네 말씀해 주세요 고객님",
            "speaker": {
              "id": "A",
              "sex": "여성",
              "age": "2그룹(30대~40대)"
            },
            "speechAct": "명령하기/요구하기",
            "morpheme": "A/SL+네/IC+말씀/NNG+해/XSV+EC+주/VX+세요/EP+EF+VCP+고/EC+객님/NNG"
          },
          {
            "id": 4,
            "text": "B. 핸드폰으로 #@소속# 강의를 듣고 있는데요",
            "norm_text": "B. 핸드폰으로 #@소속# 강의를 듣고 있는데요",
            "speaker": {
              "id": "B",
              "sex": "남성",
              "age": "2그룹(30대~40대)"
            },
            "speechAct": "진술하기",
            "morpheme": "B/SL+./SY+핸드폰/NNG+으로/JKB+#/SY+@/SY+소속/NNG+#/SY+강의/NNG+를/JKO+듣/VV+고/EC+있/VX+는데요/EC"
          },
          {
            "id": 5,
            "text": "B. 바로가기 이런 건 어떻게 만들죠",
            "norm_text": "B. 바로가기 이런 건 어떻게 만들죠",
            "speaker": {
              "id": "B",
              "sex": "남성",
              "age": "2그룹(30대~40대)"
            },
            "speechAct": "질문하기",
            "morpheme": "B/SL+바로/MAG+가/VV+기/ETN+이런/MM+건/NNB+JX+어떻/VA+게/EC+만들/VV+죠/EC"
          },
          {
            "id": 6,
            "text": "A. 고객님 지금 어떤 웹브라우저 앱을 이용하고 계실까요",
            "norm_text": "A. 고객님 지금 어떤 웹브라우저 앱을 이용하고 계실까요",
            "speaker": {
              "id": "A",
              "sex": "여성",
              "age": "2그룹(30대~40대)"
            },
            "speechAct": "질문하기",
            "morpheme": "A/SL+./SY+고객/NNG+님/XSN+지금/MAG+어떤/MM+웹/NNG+브라우저/NNG+앱/NNG+을/JKO+이용/NNG+하/XSV+고/EC+계실까/VX+EC+요/JX"
          },
          {
            "id": 7,
            "text": "B. 이거 기본 같은데요 삼성 인터넷인가 그거요",
            "norm_text": "B. 이거 기본 같은데요 삼성 인터넷인가 그거요",
            "speaker": {
              "id": "B",
              "sex": "남성",
              "age": "2그룹(30대~40대)"
            },
            "speechAct": "진술하기",
            "morpheme": "B/SL+이거/NP+기본/NNG+같/VA+은데요/EC+삼성/NNP+인터넷/NNG+인가/VCP+EC+그거/NP+요/JX"
          },
          {
            "id": 8,
            "text": "A. 그러시면 인터넷에서 #@소속# 사이트에 들어가주시고요",
            "norm_text": "A. 그러시면 인터넷에서 #@소속# 사이트에 들어가주시고요",
            "speaker": {
              "id": "A",
              "sex": "여성",
              "age": "2그룹(30대~40대)"
            },
            "speechAct": "명령하기/요구하기",
            "morpheme": "A/SL+그러/VV+시/EP+면/EC+인터넷/NNG+에서/JKB+#/SY+@/SY+소속/NNG+#/SY+사이트/NNG+에/JKB+들어가/VV+EC+주/VX+시/EP+고요/EC"
          },
          {
            "id": 9,
            "text": "B. 예 들어왔습니다 다음에는 어떻게 하나요",
            "norm_text": "B. 예 들어왔습니다 다음에는 어떻게 하나요",
            "speaker": {
              "id": "B",
              "sex": "남성",
              "age": "2그룹(30대~40대)"
            },
            "speechAct": "질문하기",
            "morpheme": "B/SL+예/IC+들어왔/VV+EP+습니다/EF+다음/NNG+에/JKB+는/JX+어떻게/MAG+하나/NR+요/VCP+EC"
          },
          {
            "id": 10,
            "text": "A. 상단의 맨 오른쪽 메뉴를 눌러주시고요",
            "norm_text": "A. 상단의 맨 오른쪽 메뉴를 눌러주시고요",
            "speaker": {
              "id": "A",
              "sex": "여성",
              "age": "2그룹(30대~40대)"
            },
            "speechAct": "명령하기/요구하기",
            "morpheme": "A/SL+./SY+상단/NNG+의/JKG+맨/MM+오른쪽/NNG+메뉴/NNG+를/JKO+눌러/VV+EC+주/VX+시/EP+고요/EC"
          },
          {
            "id": 11,
            "text": "A. 홈 화면에 추가 눌러주시면 바로가기가 생성됩니다 고객님",
            "norm_text": "A. 홈 화면에 추가 눌러주시면 바로가기가 생성됩니다 고객님",
            "speaker": {
              "id": "A",
              "sex": "여성",
              "age": "2그룹(30대~40대)"
            },
            "speechAct": "진술하기",
            "morpheme": "A/SL+./SY+홈/NNG+화면/NNG+에/JKB+추가/NNG+눌러/VV+EC+주/VX+시/EP+면/EC+바로/MAG+가/VV+기/ETN+가/JKS+생성/NNG+됩니다/XSV+EC+고객/NNG+님/XSN"
          },
          {
            "id": 12,
            "text": "B. 생성됐네요 매번 검색해서 들어가기 귀찮았는데 감사합니다 수고하세요",
            "norm_text": "B. 생성됐네요 매번 검색해서 들어가기 귀찮았는데 감사합니다 수고하세요",
            "speaker": {
              "id": "B",
              "sex": "남성",
              "age": "2그룹(30대~40대)"
            },
            "speechAct": "감사하기",
            "morpheme": "B/SL+./SY+생성/NNG+됐/XSV+EP+네요/EF+매번/MAG+검색/NNG+해서/XSV+EC+들어가/VV+기/ETN+귀찮/VA+았/EP+는데/EC+감사/NNG+합니다/XSV+EF+수고/NNG+하/XSV+세요/EP+EF"
          },
          {
            "id": 13,
            "text": "A. 지금까지 #@소속# 상담원 #@이름#이었습니다",
            "norm_text": "A. 지금까지 #@소속# 상담원 #@이름#이었습니다",
            "speaker": {
              "id": "A",
              "sex": "여성",
              "age": "2그룹(30대~40대)"
            },
            "speechAct": "인사하기",
            "morpheme": "A/SL+./SY+지금/NNG+까지/JX+#/SY+@/SY+소속/NNG+#/SY+상담원/NNG+#/SY+@/SY+이름/NNG+#/SY+이/VCP+었/EP+습니다/EF"
          },
          {
            "id": 14,
            "text": "A. 행복한 하루 되세요",
            "norm_text": "A. 행복한 하루 되세요",
            "speaker": {
              "id": "A",
              "sex": "여성",
              "age": "2그룹(30대~40대)"
            },
            "speechAct": "N/A",
            "morpheme": "A/SL+./SY+행복/NNG+한/XSA+ETM+하루/NNG+되/XSV+세요/EP+EF"
          }
        ]
      }
    }
  ]
}