{
  "dataset": {
    "identifier": 141021,
    "name": "e1_20211115_0006_0678_01",
    "src_path": "/data/file/cubeManager/PROJECT018/91/txt20211110140010099470/e1_20211115_0006_0678_01/",
    "label_path": "/data/file/cubeManager/PROJECT018/91/txt20211110140010099470/e1_20211115_0006_0678_01/",
    "category": 2,
    "type": 0
  },
  "licenses": {
    "name": "Apache License 1.0",
    "url": "http://www.apache.org/licenses/LICENSE-1.0"
  },
  "info": [
    {
      "id": 158655,
      "filename": "e1_0070_0056_02.txt",
      "title": "e1_0070_0056_02",
      "mediatype": "콜센터",
      "medianame": "콜센터",
      "category": "목적대화",
      "date": "2021-11-10",
      "size": 281,
      "annotations": {
        "subject": "프로그램 문의",
        "speaker_type": "1:1",
        "size": 281,
        "word_size": 69,
        "text": "A. 감사합니다 #@소속# 상담사 #@이름# 입니다\nB.네 문의사항이 있어서요\nA. 무엇을 도와드릴까요 고객님\nB. #@소속# 전국 모의고사 성적은 어떻게 확인하나요\nA. 고객님 학원이나 온라인 수강생이신가요\nB. 아니요 그건 아니예요\nA. 아 그러시면 순차적으로 배송이 될 거예요 고객님\nB. 성적표를 배송해 주시는 건가요\nA. 네 학원에서 우편 배송을 해주실 거예요\nA. 순차적으로 진행이 되는 거라서 조금 기다려주셔야 할 것 같아요\nB. 네 알겠습니다 고맙습니다\nA. 네 지금까지 #@소속# 상담사 #@이름#이었습니다",
        "lines": [
          {
            "id": 1,
            "text": "A. 감사합니다 #@소속# 상담사 #@이름# 입니다",
            "norm_text": "A. 감사합니다 #@소속# 상담사 #@이름# 입니다",
            "speaker": {
              "id": "A",
              "sex": "여성",
              "age": "2그룹(30대~40대)"
            },
            "speechAct": "인사하기",
            "morpheme": "A/SL+./SY+감사/NNG+합니다/XSV+EF+#/SY+@/SY+소속/NNG+#/SY+상담/NNG+사/NNG+#/SY+@/SY+이름/NNG+#/SY+입니다/VCP+EC"
          },
          {
            "id": 2,
            "text": "B.네 문의사항이 있어서요",
            "norm_text": "B.네 문의사항이 있어서요",
            "speaker": {
              "id": "B",
              "sex": "남성",
              "age": "2그룹(30대~40대)"
            },
            "speechAct": "진술하기",
            "morpheme": "B/SL+네/IC+문/NNG+의/JKG+사항/NNG+이/JKS+있/VV+어서요/EC"
          },
          {
            "id": 3,
            "text": "A. 무엇을 도와드릴까요 고객님",
            "norm_text": "A. 무엇을 도와드릴까요 고객님",
            "speaker": {
              "id": "A",
              "sex": "여성",
              "age": "2그룹(30대~40대)"
            },
            "speechAct": "질문하기",
            "morpheme": "A/SL+무엇/NP+을/JKO+도와/VV+EC+드릴까요/VX+EC+고객/NNG+님/XSN"
          },
          {
            "id": 4,
            "text": "B. #@소속# 전국 모의고사 성적은 어떻게 확인하나요",
            "norm_text": "B. #@소속# 전국 모의고사 성적은 어떻게 확인하나요",
            "speaker": {
              "id": "B",
              "sex": "남성",
              "age": "2그룹(30대~40대)"
            },
            "speechAct": "질문하기",
            "morpheme": "B/SL+./SY+#/SY+@/SY+소속/NNG+#/SY+전국/NNG+모의고사/NNG+성적/NNG+은/JX+어떻게/MAG+확인/NNG+하/XSV+나요/EC"
          },
          {
            "id": 5,
            "text": "A. 고객님 학원이나 온라인 수강생이신가요",
            "norm_text": "A. 고객님 학원이나 온라인 수강생이신가요",
            "speaker": {
              "id": "A",
              "sex": "여성",
              "age": "2그룹(30대~40대)"
            },
            "speechAct": "질문하기",
            "morpheme": "A/SL+./SY+고객/NNG+님/XSN+학원/NNG+이나/JC+온라인/NNG+수강/NNG+생/XSN+이/VCP+신가요/EP+EC"
          },
          {
            "id": 6,
            "text": "B. 아니요 그건 아니예요",
            "norm_text": "B. 아니요 그건 아니예요",
            "speaker": {
              "id": "B",
              "sex": "남성",
              "age": "2그룹(30대~40대)"
            },
            "speechAct": "진술하기",
            "morpheme": "B/SL+아니요/IC+그건/NP+JX+아니/VCN+예요/EC"
          },
          {
            "id": 7,
            "text": "A. 아 그러시면 순차적으로 배송이 될 거예요 고객님",
            "norm_text": "A. 아 그러시면 순차적으로 배송이 될 거예요 고객님",
            "speaker": {
              "id": "A",
              "sex": "여성",
              "age": "2그룹(30대~40대)"
            },
            "speechAct": "진술하기",
            "morpheme": "A/SL+아/IC+그러/VV+시/EP+면/EC+순차/NNG+적/XSN+으로/JKB+배송/NNG+이/JKS+될/VV+ETM+거/NNB+예요/VCP+EF+고객/NNG+님/XSN"
          },
          {
            "id": 8,
            "text": "B. 성적표를 배송해 주시는 건가요",
            "norm_text": "B. 성적표를 배송해 주시는 건가요",
            "speaker": {
              "id": "B",
              "sex": "남성",
              "age": "2그룹(30대~40대)"
            },
            "speechAct": "질문하기",
            "morpheme": "B/SL+./SY+성적표/NNG+를/JKO+배송/NNG+해/XSV+EC+주/VX+시/EP+는/ETM+건가요/NNB+VCP+EC"
          },
          {
            "id": 9,
            "text": "A. 네 학원에서 우편 배송을 해주실 거예요",
            "norm_text": "A. 네 학원에서 우편 배송을 해주실 거예요",
            "speaker": {
              "id": "A",
              "sex": "여성",
              "age": "2그룹(30대~40대)"
            },
            "speechAct": "진술하기",
            "morpheme": "A/SL+네/IC+학원/NNG+에서/JKB+우편/NNG+배송/NNG+을/JKO+해/VV+EC+주/VX+실/EP+ETM+거/NNB+예요/VCP+EF"
          },
          {
            "id": 10,
            "text": "A. 순차적으로 진행이 되는 거라서 조금 기다려주셔야 할 것 같아요",
            "norm_text": "A. 순차적으로 진행이 되는 거라서 조금 기다려주셔야 할 것 같아요",
            "speaker": {
              "id": "A",
              "sex": "여성",
              "age": "2그룹(30대~40대)"
            },
            "speechAct": "명령하기/요구하기",
            "morpheme": "A/SL+./SY+순차/NNG+적/XSN+으로/JKB+진행/NNG+이/JKS+되/VV+는/ETM+거/NNB+라서/VCP+EC+조금/MAG+기다려/VV+EC+주/VX+셔야/EP+EC+할/VX+ETM+것/NNB+같/VA+아요/EC"
          },
          {
            "id": 11,
            "text": "B. 네 알겠습니다 고맙습니다",
            "norm_text": "B. 네 알겠습니다 고맙습니다",
            "speaker": {
              "id": "B",
              "sex": "남성",
              "age": "2그룹(30대~40대)"
            },
            "speechAct": "감사하기",
            "morpheme": "B/SL+네/IC+알/VV+겠/EP+습니다/EF+고맙/VA+습니다/EF"
          },
          {
            "id": 12,
            "text": "A. 네 지금까지 #@소속# 상담사 #@이름#이었습니다",
            "norm_text": "A. 네 지금까지 #@소속# 상담사 #@이름#이었습니다",
            "speaker": {
              "id": "A",
              "sex": "여성",
              "age": "2그룹(30대~40대)"
            },
            "speechAct": "인사하기",
            "morpheme": "A/SL+네/IC+지금/NNG+까지/JX+#/SY+@/SY+소속/NNG+#/SY+상담/NNG+사/NNG+#/SY+@/SY+이름/NNG+#/SY+이/VCP+었/EP+습니다/EF"
          }
        ]
      }
    }
  ]
}