{
  "dataset": {
    "identifier": 139796,
    "name": "e1_20211115_0006_0314_01",
    "src_path": "/data/file/cubeManager/PROJECT018/91/txt20211110140003071993/e1_20211115_0006_0314_01/",
    "label_path": "/data/file/cubeManager/PROJECT018/91/txt20211110140003071993/e1_20211115_0006_0314_01/",
    "category": 2,
    "type": 0
  },
  "licenses": {
    "name": "Apache License 1.0",
    "url": "http://www.apache.org/licenses/LICENSE-1.0"
  },
  "info": [
    {
      "id": 157774,
      "filename": "e1_0066_0126_02.txt",
      "title": "e1_0066_0126_02",
      "mediatype": "콜센터",
      "medianame": "콜센터",
      "category": "목적대화",
      "date": "2021-11-10",
      "size": 263,
      "annotations": {
        "subject": "프로그램 문의",
        "speaker_type": "1:1",
        "size": 263,
        "word_size": 64,
        "text": "A. 기쁨 가득한 #@소속# #@이름#입니다\nB. 안녕하세요 제가 검정고시를 준비해야 하는데 학원을 다닐 수가 없어서요\nB. 거기 온라인 수업도 있나요\nA. 네 학원내 온라인강의가 진행중입니다\nB. 온라인강의는 어떤식인가 알려주실 수 있나요\nA. 과학 수학 영어 같은 경우엔 기초강의를 보실 수 있습니다\nB. 온라인강의 들으면 도움이 될까요\nA. 공부하는데 도움이 되실거라고 생각합니다\nB. 네 알겠습니다 알려주셔서 감사해요\nA. 네 좋은 하루 되시길 바랍니다 #@이름# 상담원이었습니다",
        "lines": [
          {
            "id": 1,
            "text": "A. 기쁨 가득한 #@소속# #@이름#입니다",
            "norm_text": "A. 기쁨 가득한 #@소속# #@이름#입니다",
            "speaker": {
              "id": "A",
              "sex": "여성",
              "age": "1그룹(10대~20대)"
            },
            "speechAct": "인사하기",
            "morpheme": "A/SL+./SY+기쁨/NNG+가득/MAG+한/XSA+ETM+#/SY+@/SY+소속/NNG+#/SY+#/SY+@/SY+이름/NNG+#/SY+입니다/VCP+EC"
          },
          {
            "id": 2,
            "text": "B. 안녕하세요 제가 검정고시를 준비해야 하는데 학원을 다닐 수가 없어서요",
            "norm_text": "B. 안녕하세요 검정고시를 준비해야 하는데 학원을 다닐 수가 없어서요",
            "speaker": {
              "id": "B",
              "sex": "남성",
              "age": "1그룹(10대~20대)"
            },
            "speechAct": "진술하기",
            "morpheme": "B/SL+./SY+안녕/NNG+하/XSV+세요/EP+EF+제/NP+가/JKS+검정고시/NNG+를/JKO+준비/NNG+해야/XSV+EC+하/VV+는데/EC+학원/NNG+을/JKO+다닐/VV+ETM+수/NNB+가/JKS+없/VA+어서요/EC"
          },
          {
            "id": 3,
            "text": "B. 거기 온라인 수업도 있나요",
            "norm_text": "B. 거기 온라인 수업도 있나요",
            "speaker": {
              "id": "B",
              "sex": "남성",
              "age": "1그룹(10대~20대)"
            },
            "speechAct": "질문하기",
            "morpheme": "B/SL+거기/NP+온라인/NNG+수업/NNG+도/JX+있/VA+나요/EC"
          },
          {
            "id": 4,
            "text": "A. 네 학원내 온라인강의가 진행중입니다",
            "norm_text": "A. 네 학원내 온라인강의가 진행중입니다",
            "speaker": {
              "id": "A",
              "sex": "여성",
              "age": "1그룹(10대~20대)"
            },
            "speechAct": "진술하기",
            "morpheme": "A/SL+네/IC+학원/NNG+내/NNB+온라인/NNG+강의/NNG+가/JKS+진행/NNG+중/NNB+입니다/VCP+EC"
          },
          {
            "id": 5,
            "text": "B. 온라인강의는 어떤식인가 알려주실 수 있나요",
            "norm_text": "B. 온라인강의는 어떤식인가 알려주실 수 있나요",
            "speaker": {
              "id": "B",
              "sex": "남성",
              "age": "1그룹(10대~20대)"
            },
            "speechAct": "명령하기/요구하기",
            "morpheme": "B/SL+./SY+온라인/NNG+강의/NNG+는/JX+어떤/MM+식/NNB+인가/VCP+EC+알려/VV+EC+주/VX+실/EP+ETM+수/NNB+있/VV+나요/EC"
          },
          {
            "id": 6,
            "text": "A. 과학 수학 영어 같은 경우엔 기초강의를 보실 수 있습니다",
            "norm_text": "A. 과학 수학 영어 같은 경우엔 기초강의를 보실 수 있습니다",
            "speaker": {
              "id": "A",
              "sex": "여성",
              "age": "1그룹(10대~20대)"
            },
            "speechAct": "진술하기",
            "morpheme": "A/SL+./SY+과학/NNG+수학/NNG+영어/NNG+같/VA+은/ETM+경우/NNG+엔/JKB+JX+기초/NNG+강의/NNG+를/JKO+보/VV+실/EP+ETM+수/NNB+있/VV+습니다/EF"
          },
          {
            "id": 7,
            "text": "B. 온라인강의 들으면 도움이 될까요",
            "norm_text": "B. 온라인강의 들으면 도움이 될까요",
            "speaker": {
              "id": "B",
              "sex": "남성",
              "age": "1그룹(10대~20대)"
            },
            "speechAct": "질문하기",
            "morpheme": "B/SL+./SY+온라인/NNG+강의/NNG+들으면/VV+EC+도움/NNG+이/JKS+될까요/VV+EC"
          },
          {
            "id": 8,
            "text": "A. 공부하는데 도움이 되실거라고 생각합니다",
            "norm_text": "A. 공부하는데 도움이 되실거라고 생각합니다",
            "speaker": {
              "id": "A",
              "sex": "여성",
              "age": "1그룹(10대~20대)"
            },
            "speechAct": "진술하기",
            "morpheme": "A/SL+./SY+공부/NNG+하/XSV+는/ETM+데/NNB+도움/NNG+이/JKS+되/VV+실/EP+ETM+거/NNB+라고/VCP+EC+생각/NNG+합니다/XSV+EC"
          },
          {
            "id": 9,
            "text": "B. 네 알겠습니다 알려주셔서 감사해요",
            "norm_text": "B. 네 알겠습니다 알려주셔서 감사해요",
            "speaker": {
              "id": "B",
              "sex": "남성",
              "age": "1그룹(10대~20대)"
            },
            "speechAct": "감사하기",
            "morpheme": "B/SL+네/IC+알/VV+겠/EP+습니다/EF+알려/VV+EC+주/VX+셔서/EP+EC+감사/NNG+해요/XSV+EC"
          },
          {
            "id": 10,
            "text": "A. 네 좋은 하루 되시길 바랍니다 #@이름# 상담원이었습니다",
            "norm_text": "A. 네 좋은 하루 되시길 바랍니다 #@이름# 상담원이었습니다",
            "speaker": {
              "id": "A",
              "sex": "여성",
              "age": "1그룹(10대~20대)"
            },
            "speechAct": "인사하기",
            "morpheme": "A/SL+네/IC+좋/VA+은/ETM+하루/NNG+되/XSV+시/EP+길/ETN+JKO+바랍니다/VV+EF+#/SY+@/SY+이름/NNG+#/SY+상담원/NNG+이/VCP+었/EP+습니다/EF"
          }
        ]
      }
    }
  ]
}