{
  "dataset": {
    "identifier": 139808,
    "name": "e1_20211115_0006_0326_01",
    "src_path": "/data/file/cubeManager/PROJECT018/91/txt20211110140003083370/e1_20211115_0006_0326_01/",
    "label_path": "/data/file/cubeManager/PROJECT018/91/txt20211110140003083370/e1_20211115_0006_0326_01/",
    "category": 2,
    "type": 0
  },
  "licenses": {
    "name": "Apache License 1.0",
    "url": "http://www.apache.org/licenses/LICENSE-1.0"
  },
  "info": [
    {
      "id": 157786,
      "filename": "e1_0066_0138_02.txt",
      "title": "e1_0066_0138_02",
      "mediatype": "콜센터",
      "medianame": "콜센터",
      "category": "목적대화",
      "date": "2021-11-10",
      "size": 329,
      "annotations": {
        "subject": "프로그램 문의",
        "speaker_type": "1:1",
        "size": 329,
        "word_size": 68,
        "text": "A.　좋은 아침입니다　#@소속# #@이름# 상담사입니다\nB.　자습실 이용할때 매번 2층 로비 스크린시간표로 강의실 배정표 봤거든요\nB.　그런데 다른 사람들 보니까 핸드폰으로도 확인하더라고요\nA.　네 홈페이지나 어플시간표로 확인 가능하십니다\nB.　저 그러면 모바일으로 확인하는 방법좀 알려주세요\nA.　#@상품#을 먼저 설치하셔야 하고요\nB.  #@상품# 저 깔려있어요\nA.　어플 있으시면 어플을 눌러 공지사항을 참고하시면 됩니다\nB.  아 공지사항에 있는 일일 강의실 배정표요\nA.　네 거기서 일일 강의실 배정표를 확인하시면 돼요\nB.　아 네 찾았어요 감사합니다\nA.　찾아주셔서 감사합니다　#@이름# 이었습니다",
        "lines": [
          {
            "id": 1,
            "text": "A.　좋은 아침입니다　#@소속# #@이름# 상담사입니다",
            "norm_text": "A.　좋은 아침입니다　#@소속# #@이름# 상담사입니다",
            "speaker": {
              "id": "A",
              "sex": "여성",
              "age": "1그룹(10대~20대)"
            },
            "speechAct": "인사하기",
            "morpheme": "A/SL+./SY+　/SY+좋/VA+은/ETM+아침/NNG+입니다/VCP+EF+　/SY+#/SY+@/SY+소속/NNG+#/SY+#/SY+@/SY+이름/NNG+#/SY+상담/NNG+사/NNG+입니다/VCP+EC"
          },
          {
            "id": 2,
            "text": "B.　자습실 이용할때 매번 2층 로비 스크린시간표로 강의실 배정표 봤거든요",
            "norm_text": "B.자습실 이용할때 매번 2층 로비 스크린시간표로 강의실 배정표 봤거든요",
            "speaker": {
              "id": "B",
              "sex": "남성",
              "age": "1그룹(10대~20대)"
            },
            "speechAct": "진술하기",
            "morpheme": "B/SL+./SY+자습실/NNG+이용/NNG+할/XSV+ETM+때/NNG+매번/MAG+2/SN+층/NNG+로/JKB+비/XPN+스크린/NNG+시간표/NNG+로/JKB+강의실/NNG+배/NNG+정표/NNG+봤/VV+EP+거든요/EF"
          },
          {
            "id": 3,
            "text": "B.　그런데 다른 사람들 보니까 핸드폰으로도 확인하더라고요",
            "norm_text": "B.　그런데 다른 사람들 보니까 핸드폰으로도 확인하더라고요",
            "speaker": {
              "id": "B",
              "sex": "남성",
              "age": "1그룹(10대~20대)"
            },
            "speechAct": "질문하기",
            "morpheme": "B/SL+./SY+　/SY+그런데/MAJ+다른/MM+사람/NNG+들/XSN+보/VV+니까/EC+핸드폰/NNG+으로/JKB+도/JX+확인/NNG+하/XSV+더라고요/EC"
          },
          {
            "id": 4,
            "text": "A.　네 홈페이지나 어플시간표로 확인 가능하십니다",
            "norm_text": "A.　네 홈페이지나 어플시간표로 확인 가능하십니다",
            "speaker": {
              "id": "A",
              "sex": "여성",
              "age": "1그룹(10대~20대)"
            },
            "speechAct": "진술하기",
            "morpheme": "A/SL+./SY+　/SY+네/IC+홈페이지/NNG+나/VV+어/EC+플/VX+ETM+시간표/NNG+로/JKB+확인/NNG+가능/NNG+하/XSV+십니다/EP+EC"
          },
          {
            "id": 5,
            "text": "B.　저 그러면 모바일으로 확인하는 방법좀 알려주세요",
            "norm_text": "B.　저 그러면 모바일으로 확인하는 방법좀 알려주세요",
            "speaker": {
              "id": "B",
              "sex": "남성",
              "age": "1그룹(10대~20대)"
            },
            "speechAct": "명령하기/요구하기",
            "morpheme": "B/SL+./SY+　/SY+저/IC+그러면/MAJ+모바일/NNP+으로/JKB+확인/NNG+하/XSV+는/ETM+방법/NNG+좀/MAG+알려/VV+EC+주/VX+세요/EP+EF"
          },
          {
            "id": 6,
            "text": "A.　#@상품#을 먼저 설치하셔야 하고요",
            "norm_text": "A.　#@상품#을 먼저 설치하셔야 하고요",
            "speaker": {
              "id": "A",
              "sex": "여성",
              "age": "1그룹(10대~20대)"
            },
            "speechAct": "진술하기",
            "morpheme": "A/SL+./SY+　/SY+#/SY+@/SY+상품/NNG+#/SY+을/JKO+먼저/MAG+설치/NNG+하/XSV+셔야/EP+EC+하/VV+고요/EC"
          },
          {
            "id": 7,
            "text": "B.  #@상품# 저 깔려있어요",
            "norm_text": "B.  #@상품# 저 깔려있어요",
            "speaker": {
              "id": "B",
              "sex": "남성",
              "age": "1그룹(10대~20대)"
            },
            "speechAct": "진술하기",
            "morpheme": "B/SL+./SY+#/SY+@/SY+상품/NNG+#/SY+저/NP+깔려/VV+EC+있/VX+어요/EF"
          },
          {
            "id": 8,
            "text": "A.　어플 있으시면 어플을 눌러 공지사항을 참고하시면 됩니다",
            "norm_text": "A.　어플 있으시면 어플을 눌러 공지사항을 참고하시면 됩니다",
            "speaker": {
              "id": "A",
              "sex": "여성",
              "age": "1그룹(10대~20대)"
            },
            "speechAct": "진술하기",
            "morpheme": "A/SL+./SY+　/SY+어/IC+플/NNG+있/VV+으시/EP+면/EC+어/IC+플/NNG+을/JKO+눌러/VV+EC+공지/NNG+사항/NNG+을/JKO+참고/NNG+하/XSV+시/EP+면/EC+됩니다/VX+EC"
          },
          {
            "id": 9,
            "text": "B.  아 공지사항에 있는 일일 강의실 배정표요",
            "norm_text": "B.  아 공지사항에 있는 일일 강의실 배정표요",
            "speaker": {
              "id": "B",
              "sex": "남성",
              "age": "1그룹(10대~20대)"
            },
            "speechAct": "질문하기",
            "morpheme": "B/SL+아/IC+공지/NNG+사항/NNG+에/JKB+있/VV+는/ETM+일/NR+일/NNBC+강의실/NNG+배/NNG+정표/NNG+요/VCP+EC"
          },
          {
            "id": 10,
            "text": "A.　네 거기서 일일 강의실 배정표를 확인하시면 돼요",
            "norm_text": "A.　네 거기서 일일 강의실 배정표를 확인하시면 돼요",
            "speaker": {
              "id": "A",
              "sex": "여성",
              "age": "1그룹(10대~20대)"
            },
            "speechAct": "진술하기",
            "morpheme": "A/SL+./SY+　/SY+네/IC+거기/NP+서/JKB+일/NR+일/NNBC+강의실/NNG+배/NNG+정표/NNG+를/JKO+확인/NNG+하/XSV+시/EP+면/EC+돼요/VV+EC"
          },
          {
            "id": 11,
            "text": "B.　아 네 찾았어요 감사합니다",
            "norm_text": "B.　아 네 찾았어요 감사합니다",
            "speaker": {
              "id": "B",
              "sex": "남성",
              "age": "1그룹(10대~20대)"
            },
            "speechAct": "감사하기",
            "morpheme": "B/SL+./SY+　/SY+아네/NNG+찾/VV+았/EP+어요/EF+감사/NNG+합니다/XSV+EC"
          },
          {
            "id": 12,
            "text": "A.　찾아주셔서 감사합니다　#@이름# 이었습니다",
            "norm_text": "A.　찾아주셔서 감사합니다　#@이름# 이었습니다",
            "speaker": {
              "id": "A",
              "sex": "여성",
              "age": "1그룹(10대~20대)"
            },
            "speechAct": "인사하기",
            "morpheme": "A/SL+./SY+　/SY+찾/VV+아/EC+주/VX+셔서/EP+EC+감사/NNG+합니다/XSV+EF+　/SY+#/SY+@/SY+이름/NNG+#/SY+이/VCP+었/EP+습니다/EF"
          }
        ]
      }
    }
  ]
}