{
  "dataset": {
    "identifier": 139711,
    "name": "e1_20211115_0006_0260_01",
    "src_path": "/data/file/cubeManager/PROJECT018/91/txt202111101400030237104/e1_20211115_0006_0260_01/",
    "label_path": "/data/file/cubeManager/PROJECT018/91/txt202111101400030237104/e1_20211115_0006_0260_01/",
    "category": 2,
    "type": 0
  },
  "licenses": {
    "name": "Apache License 1.0",
    "url": "http://www.apache.org/licenses/LICENSE-1.0"
  },
  "info": [
    {
      "id": 157721,
      "filename": "e1_0066_0073_02.txt",
      "title": "e1_0066_0073_02",
      "mediatype": "콜센터",
      "medianame": "콜센터",
      "category": "목적대화",
      "date": "2021-11-10",
      "size": 264,
      "annotations": {
        "subject": "프로그램 문의",
        "speaker_type": "1:1",
        "size": 264,
        "word_size": 59,
        "text": "A. 소중히 모시겠습니다 #@소속# #@이름# 상담사입니다\nB. 아 네 #@소속#로 학위 취득하려고 하는데요\nA. 네 #@소속#에 관심 있으신건가요\nB. 평가인정학습과정이라는게 있던데 이게 혹시 뭔가요\nA. 수업환경이 일정기준 이상임을 교육부로부터 승인받은 교육훈련기관에서요\nA. 개설하는 학습과목에 대해서 학점을 부여할 수 있는지를 평가해 인정한 학습과목입니다\nB. 아 네 감사합니다\nA. 문의사항 더 없으신가요\nB. 네 없습니다 감사해요\nA. 찾아주셔서 감사합니다 #@이름# 이었습니다",
        "lines": [
          {
            "id": 1,
            "text": "A. 소중히 모시겠습니다 #@소속# #@이름# 상담사입니다",
            "norm_text": "A. 소중히 모시겠습니다 #@소속# #@이름# 상담사입니다",
            "speaker": {
              "id": "A",
              "sex": "여성",
              "age": "1그룹(10대~20대)"
            },
            "speechAct": "인사하기",
            "morpheme": "A/SL+소중히/MAG+모시/VV+겠/EP+습니다/EF+#/SY+@/SY+소속/NNG+#/SY+#/SY+@/SY+이름/NNG+#/SY+상담/NNG+사/NNG+입니다/VCP+EC"
          },
          {
            "id": 2,
            "text": "B. 아 네 #@소속#로 학위 취득하려고 하는데요",
            "norm_text": "B. 아 네 #@소속#로 학위 취득하려고 하는데요",
            "speaker": {
              "id": "B",
              "sex": "남성",
              "age": "1그룹(10대~20대)"
            },
            "speechAct": "진술하기",
            "morpheme": "B/SL+./SY+아네/NNG+#/SY+@/SY+소속/NNG+#/SY+로/JKB+학위/NNG+취득/NNG+하/XSV+려고/EC+하/VV+는데요/EC"
          },
          {
            "id": 3,
            "text": "A. 네 #@소속#에 관심 있으신건가요",
            "norm_text": "A. 네 #@소속#에 관심 있으신건가요",
            "speaker": {
              "id": "A",
              "sex": "여성",
              "age": "1그룹(10대~20대)"
            },
            "speechAct": "질문하기",
            "morpheme": "A/SL+네/IC+#/SY+@/SY+소속/NNG+#/SY+에/JKB+관심/NNG+있/VV+으신/EP+ETM+건가요/NNB+VCP+EC"
          },
          {
            "id": 4,
            "text": "B. 평가인정학습과정이라는게 있던데 이게 혹시 뭔가요",
            "norm_text": "B. 평가인정학습과정이라는게 있던데 이게 혹시 뭔가요",
            "speaker": {
              "id": "B",
              "sex": "남성",
              "age": "1그룹(10대~20대)"
            },
            "speechAct": "질문하기",
            "morpheme": "B/SL+./SY+평가/NNG+인정/NNG+학습/NNG+과정/NNG+이/VCP+라는/ETM+게/NNB+JKS+있/VA+던데/EC+이게/NP+JKS+혹시/MAG+뭔/MM+가요/NNG"
          },
          {
            "id": 5,
            "text": "A. 수업환경이 일정기준 이상임을 교육부로부터 승인받은 교육훈련기관에서요",
            "norm_text": "A.수업환경이 기준 이상임을 교육부로부터 승인받은 교육훈련기관에서요",
            "speaker": {
              "id": "A",
              "sex": "여성",
              "age": "1그룹(10대~20대)"
            },
            "speechAct": "진술하기",
            "morpheme": "A/SL+./SY+수업/NNG+환경/NNG+이/JKS+기준/NNG+이/JKS+상임/NNG+을/JKO+교육부/NNG+로부터/JKB+승인/NNG+받/VV+은/ETM+교육/NNG+훈련/NNG+기관/NNG+에서/JKB+요/JX"
          },
          {
            "id": 6,
            "text": "A. 개설하는 학습과목에 대해서 학점을 부여할 수 있는지를 평가해 인정한 학습과목입니다",
            "norm_text": "A.학점을 부여할 수 있는지를 평가해 인정한 학습과목입니다",
            "speaker": {
              "id": "A",
              "sex": "여성",
              "age": "1그룹(10대~20대)"
            },
            "speechAct": "진술하기",
            "morpheme": "A/SL+./SY+개설/NNG+하/XSV+는/ETM+학습/NNG+과목/NNG+에/JKB+대해서/VV+EC+학점/NNG+을/JKO+부여/NNG+할/XSV+ETM+수/NNB+있/VV+는지/EC+를/JKO+평가/NNG+해/XSV+EC+인정/NNG+한/XSA+ETM+학습/NNG+과목/NNG+입니다/VCP+EC"
          },
          {
            "id": 7,
            "text": "B. 아 네 감사합니다",
            "norm_text": "B. 아 네 감사합니다",
            "speaker": {
              "id": "B",
              "sex": "남성",
              "age": "1그룹(10대~20대)"
            },
            "speechAct": "감사하기",
            "morpheme": "B/SL+아/IC+네/IC+감사/NNG+합니다/XSV+EC"
          },
          {
            "id": 8,
            "text": "A. 문의사항 더 없으신가요",
            "norm_text": "A. 문의사항 더 없으신가요",
            "speaker": {
              "id": "A",
              "sex": "여성",
              "age": "1그룹(10대~20대)"
            },
            "speechAct": "질문하기",
            "morpheme": "A/SL+./SY+문/NNG+의/JKG+사항/NNG+더/MAG+없/VA+으신/EP+ETM+가요/NNG"
          },
          {
            "id": 9,
            "text": "B. 네 없습니다 감사해요",
            "norm_text": "B. 네 없습니다 감사해요",
            "speaker": {
              "id": "B",
              "sex": "남성",
              "age": "1그룹(10대~20대)"
            },
            "speechAct": "감사하기",
            "morpheme": "B/SL+네/IC+없/VA+습니다/EF+감사/NNG+해요/XSV+EC"
          },
          {
            "id": 10,
            "text": "A. 찾아주셔서 감사합니다 #@이름# 이었습니다",
            "norm_text": "A. 찾아주셔서 감사합니다 #@이름# 이었습니다",
            "speaker": {
              "id": "A",
              "sex": "여성",
              "age": "1그룹(10대~20대)"
            },
            "speechAct": "인사하기",
            "morpheme": "A/SL+찾/VV+아/EC+주/VX+셔서/EP+EC+감사/NNG+합니다/XSV+EF+#/SY+@/SY+이름/NNG+#/SY+이/VCP+었/EP+습니다/EF"
          }
        ]
      }
    }
  ]
}