{
  "dataset": {
    "identifier": 139895,
    "name": "e1_20211115_0006_0378_01",
    "src_path": "/data/file/cubeManager/PROJECT018/91/txt20211110140004060483/e1_20211115_0006_0378_01/",
    "label_path": "/data/file/cubeManager/PROJECT018/91/txt20211110140004060483/e1_20211115_0006_0378_01/",
    "category": 2,
    "type": 0
  },
  "licenses": {
    "name": "Apache License 1.0",
    "url": "http://www.apache.org/licenses/LICENSE-1.0"
  },
  "info": [
    {
      "id": 157854,
      "filename": "e1_0066_0206_02.txt",
      "title": "e1_0066_0206_02",
      "mediatype": "콜센터",
      "medianame": "콜센터",
      "category": "목적대화",
      "date": "2021-11-10",
      "size": 267,
      "annotations": {
        "subject": "프로그램 문의",
        "speaker_type": "1:1",
        "size": 267,
        "word_size": 62,
        "text": "A.안녕하세요 #@소속# 상담센터 #@이름# 상담원입니다\nB.저 혹시 레벨테스트는 어떤 내용으로 진행하는지 알 수 있을까요\nA.선생님 질문에 답변하는 실시간 대화로 진행됩니다\nB.아 그럼 대화에서 어떤걸 평가하는지 알 수 있을까요\nA.발음 문법 스피킹 단어 듣기 항목을 평가합니다\nB.아 그렇군요 저 항목으로 레벨이 나눠지는거죠\nA.네 그렇습니다 대화 중 선생님이 저 항목들을 평가하실거에요\nB.네 알겠습니다 자세한 답변 감사드려요\nA.다른 질문은 없으신가요\nB.네 질문 따로 없습니다 감사해요",
        "lines": [
          {
            "id": 1,
            "text": "A.안녕하세요 #@소속# 상담센터 #@이름# 상담원입니다",
            "norm_text": "A.안녕하세요 #@소속# 상담센터 #@이름# 상담원입니다",
            "speaker": {
              "id": "A",
              "sex": "여성",
              "age": "1그룹(10대~20대)"
            },
            "speechAct": "인사하기",
            "morpheme": "A/SL+./SY+안녕/NNG+하/XSV+세요/EP+EF+#/SY+@/SY+소속/NNG+#/SY+상담/NNG+센터/NNG+#/SY+@/SY+이름/NNG+#/SY+상담원/NNG+입니다/VCP+EC"
          },
          {
            "id": 2,
            "text": "B.저 혹시 레벨테스트는 어떤 내용으로 진행하는지 알 수 있을까요",
            "norm_text": "B.저 혹시 레벨테스트는 어떤 내용으로 진행하는지 알 수 있을까요",
            "speaker": {
              "id": "B",
              "sex": "남성",
              "age": "1그룹(10대~20대)"
            },
            "speechAct": "질문하기",
            "morpheme": "B/SL+저/IC+혹시/MAG+레벨/NNG+테스트/NNG+는/JX+어떤/MM+내용/NNG+으로/JKB+진행/NNG+하/XSV+는지/EC+알/VV+ETM+수/NNB+있/VV+을까요/EC"
          },
          {
            "id": 3,
            "text": "A.선생님 질문에 답변하는 실시간 대화로 진행됩니다",
            "norm_text": "A.선생님 질문에 답변하는 실시간 대화로 진행됩니다",
            "speaker": {
              "id": "A",
              "sex": "여성",
              "age": "1그룹(10대~20대)"
            },
            "speechAct": "진술하기",
            "morpheme": "A/SL+./SY+선생/NNG+님/XSN+질문/NNG+에/JKB+답변/NNG+하/XSV+는/ETM+실시간/NNG+대화/NNG+로/JKB+진행/NNG+됩니다/XSV+EC"
          },
          {
            "id": 4,
            "text": "B.아 그럼 대화에서 어떤걸 평가하는지 알 수 있을까요",
            "norm_text": "B.아 그럼 대화에서 어떤걸 평가하는지 알 수 있을까요",
            "speaker": {
              "id": "B",
              "sex": "남성",
              "age": "1그룹(10대~20대)"
            },
            "speechAct": "질문하기",
            "morpheme": "B/SL+아/IC+그럼/MAJ+대화/NNG+에서/JKB+어떤/MM+걸/NNB+JKO+평가/NNG+하/XSV+는지/EC+알/VV+ETM+수/NNB+있/VV+을까요/EC"
          },
          {
            "id": 5,
            "text": "A.발음 문법 스피킹 단어 듣기 항목을 평가합니다",
            "norm_text": "A.발음 문법 스피킹 단어 듣기 항목을 평가합니다",
            "speaker": {
              "id": "A",
              "sex": "여성",
              "age": "1그룹(10대~20대)"
            },
            "speechAct": "진술하기",
            "morpheme": "A/SL+./SY+발음/NNG+문법/NNG+스피킹/NNP+단어/NNG+듣/VV+기/ETN+항목/NNG+을/JKO+평가/NNG+합니다/XSV+EC"
          },
          {
            "id": 6,
            "text": "B.아 그렇군요 저 항목으로 레벨이 나눠지는거죠",
            "norm_text": "B.아 그렇군요 저 항목으로 레벨이 나눠지는거죠",
            "speaker": {
              "id": "B",
              "sex": "남성",
              "age": "1그룹(10대~20대)"
            },
            "speechAct": "질문하기",
            "morpheme": "B/SL+아/IC+그렇/VA+군요/EF+저/MM+항목/NNG+으로/JKB+레벨/NNG+이/JKS+나눠/VV+EC+지/VX+는/ETM+거/NNB+죠/VCP+EC"
          },
          {
            "id": 7,
            "text": "A.네 그렇습니다 대화 중 선생님이 저 항목들을 평가하실거에요",
            "norm_text": "A.네 그렇습니다 대화 중 선생님이 저 항목들을 평가하실거에요",
            "speaker": {
              "id": "A",
              "sex": "여성",
              "age": "1그룹(10대~20대)"
            },
            "speechAct": "진술하기",
            "morpheme": "A/SL+네/IC+그렇/VA+습니다/EF+대화/NNG+중/NNB+선생/NNG+님/XSN+이/JKS+저/MM+항목/NNG+들/XSN+을/JKO+평가/NNG+하/XSV+실/EP+ETM+거/NNB+에요/VCP+EF"
          },
          {
            "id": 8,
            "text": "B.네 알겠습니다 자세한 답변 감사드려요",
            "norm_text": "B.네 알겠습니다 자세한 답변 감사드려요",
            "speaker": {
              "id": "B",
              "sex": "남성",
              "age": "1그룹(10대~20대)"
            },
            "speechAct": "감사하기",
            "morpheme": "B/SL+네/IC+알/VV+겠/EP+습니다/EF+자세/XR+한/XSA+ETM+답변/NNG+감사/NNG+드려요/VV+EC"
          },
          {
            "id": 9,
            "text": "A.다른 질문은 없으신가요",
            "norm_text": "A.다른 질문은 없으신가요",
            "speaker": {
              "id": "A",
              "sex": "여성",
              "age": "1그룹(10대~20대)"
            },
            "speechAct": "질문하기",
            "morpheme": "A/SL+다른/MM+질문/NNG+은/JX+없/VA+으신/EP+ETM+가요/NNG"
          },
          {
            "id": 10,
            "text": "B.네 질문 따로 없습니다 감사해요",
            "norm_text": "B.네 질문 따로 없습니다 감사해요",
            "speaker": {
              "id": "B",
              "sex": "남성",
              "age": "1그룹(10대~20대)"
            },
            "speechAct": "감사하기",
            "morpheme": "B/SL+네/IC+질문/NNG+따로/MAG+없/VA+습니다/EF+감사/NNG+해요/XSV+EC"
          }
        ]
      }
    }
  ]
}