{
  "dataset": {
    "identifier": 139638,
    "name": "e1_20211115_0006_0219_01",
    "src_path": "/data/file/cubeManager/PROJECT018/91/txt20211110140002089793/e1_20211115_0006_0219_01/",
    "label_path": "/data/file/cubeManager/PROJECT018/91/txt20211110140002089793/e1_20211115_0006_0219_01/",
    "category": 2,
    "type": 0
  },
  "licenses": {
    "name": "Apache License 1.0",
    "url": "http://www.apache.org/licenses/LICENSE-1.0"
  },
  "info": [
    {
      "id": 157680,
      "filename": "e1_0066_0032_02.txt",
      "title": "e1_0066_0032_02",
      "mediatype": "콜센터",
      "medianame": "콜센터",
      "category": "목적대화",
      "date": "2021-11-10",
      "size": 315,
      "annotations": {
        "subject": "프로그램 문의",
        "speaker_type": "1:1",
        "size": 315,
        "word_size": 79,
        "text": "A. 반갑습니다 #@소속# #@이름# 상담원입니다\nB. 안녕하세요 교재 관련 문의드리려고요\nB. 강좌별로 교재가 어떻게 되는지 어디서 알 수 있어요\nA. #@상품#에 해당 교재 정보가 표시되어 있습니다\nB. 아 그렇군요 알겠습니다 교재에 대한 정보도 거기서 알 수 있나요\nA. 네 교재명 클릭하시면 교재 정보 화면으로 이동합니다\nB. 아 그래요 알겠습니다\nA. 네 저희가 공지사항으로 #@상품#에 대한 교재를 공지하기도 하니까요\nA. 공지사항도 한 번씩 확인하시는 것도 좋을 것 같아요\nB. 네네 알겠어요 감사합니다 수고하세요\nA. 무더운 날씨 건강 조심하세요 #@이름# 이었습니다",
        "lines": [
          {
            "id": 1,
            "text": "A. 반갑습니다 #@소속# #@이름# 상담원입니다",
            "norm_text": "A. 반갑습니다 #@소속# #@이름# 상담원입니다",
            "speaker": {
              "id": "A",
              "sex": "여성",
              "age": "1그룹(10대~20대)"
            },
            "speechAct": "인사하기",
            "morpheme": "A/SL+반갑/VA+습니다/EF+#/SY+@/SY+소속/NNG+#/SY+#/SY+@/SY+이름/NNG+#/SY+상담원/NNG+입니다/VCP+EC"
          },
          {
            "id": 2,
            "text": "B. 안녕하세요 교재 관련 문의드리려고요",
            "norm_text": "B. 안녕하세요 교재 관련 문의드리려고요",
            "speaker": {
              "id": "B",
              "sex": "남성",
              "age": "1그룹(10대~20대)"
            },
            "speechAct": "진술하기",
            "morpheme": "B/SL+./SY+안녕/NNG+하/XSV+세요/EP+EF+교재/NNG+관련/NNG+문/NNG+의/JKG+드리/VV+려고요/EC"
          },
          {
            "id": 3,
            "text": "B. 강좌별로 교재가 어떻게 되는지 어디서 알 수 있어요",
            "norm_text": "B. 강좌별로 교재가 어떻게 되는지 어디서 알 수 있어요",
            "speaker": {
              "id": "B",
              "sex": "남성",
              "age": "1그룹(10대~20대)"
            },
            "speechAct": "질문하기",
            "morpheme": "B/SL+./SY+강좌/NNG+별/XSN+로/JKB+교재/NNG+가/JKS+어떻게/MAG+되/VV+는지/EC+어디/NP+서/JKB+알/VV+ETM+수/NNB+있/VV+어요/EF"
          },
          {
            "id": 4,
            "text": "A. #@상품#에 해당 교재 정보가 표시되어 있습니다",
            "norm_text": "A. #@상품#에 해당 교재 정보가 표시되어 있습니다",
            "speaker": {
              "id": "A",
              "sex": "여성",
              "age": "1그룹(10대~20대)"
            },
            "speechAct": "진술하기",
            "morpheme": "A/SL+./SY+#/SY+@/SY+상품/NNG+#/SY+에/JKB+해당/NNG+교재/NNG+정보/NNG+가/JKS+표시/NNG+되/XSV+어/EC+있/VX+습니다/EF"
          },
          {
            "id": 5,
            "text": "B. 아 그렇군요 알겠습니다 교재에 대한 정보도 거기서 알 수 있나요",
            "norm_text": "B. 아 그렇군요 알겠습니다 교재에 대한 정보도 거기서 알 수 있나요",
            "speaker": {
              "id": "B",
              "sex": "남성",
              "age": "1그룹(10대~20대)"
            },
            "speechAct": "질문하기",
            "morpheme": "B/SL+아/IC+그렇/VA+군요/EC+알/VV+겠/EP+습니다/EF+교재/NNG+에/JKB+대한/VV+ETM+정보/NNG+도/JX+거기/NP+서/JKB+알/VV+ETM+수/NNB+있/VV+나요/EC"
          },
          {
            "id": 6,
            "text": "A. 네 교재명 클릭하시면 교재 정보 화면으로 이동합니다",
            "norm_text": "A. 네 교재명 클릭하시면 교재 정보 화면으로 이동합니다",
            "speaker": {
              "id": "A",
              "sex": "여성",
              "age": "1그룹(10대~20대)"
            },
            "speechAct": "진술하기",
            "morpheme": "A/SL+네/IC+교재/NNG+명/XSN+클릭/NNG+하/XSV+시/EP+면/EC+교재/NNG+정보/NNG+화면/NNG+으로/JKB+이동/NNG+합니다/XSV+EC"
          },
          {
            "id": 7,
            "text": "B. 아 그래요 알겠습니다",
            "norm_text": "B. 아 그래요 알겠습니다",
            "speaker": {
              "id": "B",
              "sex": "남성",
              "age": "1그룹(10대~20대)"
            },
            "speechAct": "진술하기",
            "morpheme": "B/SL+아/IC+그래요/VA+EC+알/VV+겠/EP+습니다/EF"
          },
          {
            "id": 8,
            "text": "A. 네 저희가 공지사항으로 #@상품#에 대한 교재를 공지하기도 하니까요",
            "norm_text": "A. 네 저희가 공지사항으로 #@상품#에 대한 교재를 공지하기도 하니까요",
            "speaker": {
              "id": "A",
              "sex": "여성",
              "age": "1그룹(10대~20대)"
            },
            "speechAct": "진술하기",
            "morpheme": "A/SL+네/IC+저희/NP+가/JKS+공지/NNG+사항/NNG+으로/JKB+#/SY+@/SY+상품/NNG+#/SY+에/JKB+대한/VV+ETM+교재/NNG+를/JKO+공지/NNG+하/XSV+기/ETN+도/JX+하/VV+니까요/EC"
          },
          {
            "id": 9,
            "text": "A. 공지사항도 한 번씩 확인하시는 것도 좋을 것 같아요",
            "norm_text": "A. 공지사항도 한 번씩 확인하시는 것도 좋을 것 같아요",
            "speaker": {
              "id": "A",
              "sex": "여성",
              "age": "1그룹(10대~20대)"
            },
            "speechAct": "주장하기",
            "morpheme": "A/SL+./SY+공지/NNG+사항/NNG+도/JX+한/MM+번/NNBC+씩/XSN+확인/NNG+하/XSV+시/EP+는/ETM+것/NNB+도/JX+좋/VA+을/ETM+것/NNB+같/VA+아요/EC"
          },
          {
            "id": 10,
            "text": "B. 네네 알겠어요 감사합니다 수고하세요",
            "norm_text": "B. 네네 알겠어요 감사합니다 수고하세요",
            "speaker": {
              "id": "B",
              "sex": "남성",
              "age": "1그룹(10대~20대)"
            },
            "speechAct": "인사하기",
            "morpheme": "B/SL+네네/IC+알/VV+겠/EP+어요/EF+감사/NNG+합니다/XSV+EF+수고/NNG+하/XSV+세요/EP+EF"
          },
          {
            "id": 11,
            "text": "A. 무더운 날씨 건강 조심하세요 #@이름# 이었습니다",
            "norm_text": "A. 무더운 날씨 건강 조심하세요 #@이름# 이었습니다",
            "speaker": {
              "id": "A",
              "sex": "여성",
              "age": "1그룹(10대~20대)"
            },
            "speechAct": "인사하기",
            "morpheme": "A/SL+무더운/VA+ETM+날씨/NNG+건강/NNG+조심/NNG+하/XSV+세요/EP+EF+#/SY+@/SY+이름/NNG+#/SY+이/VCP+었/EP+습니다/EF"
          }
        ]
      }
    }
  ]
}