{
  "dataset": {
    "identifier": 140051,
    "name": "e1_20211115_0006_0418_01",
    "src_path": "/data/file/cubeManager/PROJECT018/91/txt20211110140004090287/e1_20211115_0006_0418_01/",
    "label_path": "/data/file/cubeManager/PROJECT018/91/txt20211110140004090287/e1_20211115_0006_0418_01/",
    "category": 2,
    "type": 0
  },
  "licenses": {
    "name": "Apache License 1.0",
    "url": "http://www.apache.org/licenses/LICENSE-1.0"
  },
  "info": [
    {
      "id": 157894,
      "filename": "e1_0067_0035_02.txt",
      "title": "e1_0067_0035_02",
      "mediatype": "콜센터",
      "medianame": "콜센터",
      "category": "목적대화",
      "date": "2021-11-10",
      "size": 334,
      "annotations": {
        "subject": "프로그램 문의",
        "speaker_type": "1:1",
        "size": 334,
        "word_size": 90,
        "text": "A. 안녕하세요 미래를 약속하는 #@소속#입니다\nB. 네 저 수강 상담 좀 하고싶어서요\nA. 네 고객님 궁금하신 사항 물어보세요\nB. 제가 아직 대학생인데다가 일도 따로 하거든요\nB. 실시간으로는 수강 못할 것 같아 걱정인데요\nA. 밴드에 저장된 수업 영상으로 복습 충분히 가능하세요\nB. 그래도 제가 평일은 종일 바쁠 것 같아서요\nB. 수학 영어를 쪼개서 들을 수나 있을지 모르겠어요\nA. 고객님의 경우엔 주말반 이용하시면 될 듯 해요\nB. 아 주말반이 따로 있나요 시간표는요\nA. 다음달 시간표는 이번주 공지사항 업로드 예정입니다\nB. 네 알겠습니다 상담 감사드립니다\nB. 네 다른 문의 사항 있으시면 또 연락주세요",
        "lines": [
          {
            "id": 1,
            "text": "A. 안녕하세요 미래를 약속하는 #@소속#입니다",
            "norm_text": "A. 안녕하세요 미래를 약속하는 #@소속#입니다",
            "speaker": {
              "id": "A",
              "sex": "여성",
              "age": "1그룹(10대~20대)"
            },
            "speechAct": "인사하기",
            "morpheme": "A/SL+./SY+안녕/NNG+하/XSV+세요/EP+EF+미래/NNG+를/JKO+약속/NNG+하/XSV+는/ETM+#/SY+@/SY+소속/NNG+#/SY+입니다/VCP+EC"
          },
          {
            "id": 2,
            "text": "B. 네 저 수강 상담 좀 하고싶어서요",
            "norm_text": "B. 네 저 수강 상담 좀 하고싶어서요",
            "speaker": {
              "id": "B",
              "sex": "남성",
              "age": "1그룹(10대~20대)"
            },
            "speechAct": "진술하기",
            "morpheme": "B/SL+네/IC+저/MM+수강/NNG+상담/NNG+좀/MAG+하/VV+고/EC+싶/VX+어서요/EC"
          },
          {
            "id": 3,
            "text": "A. 네 고객님 궁금하신 사항 물어보세요",
            "norm_text": "A. 네 고객님 궁금하신 사항 물어보세요",
            "speaker": {
              "id": "A",
              "sex": "여성",
              "age": "1그룹(10대~20대)"
            },
            "speechAct": "명령하기/요구하기",
            "morpheme": "A/SL+네/IC+고객/NNG+님/XSN+궁금/XR+하/XSA+신/EP+ETM+사항/NNG+물/VV+어/EC+보/VX+세요/EP+EF"
          },
          {
            "id": 4,
            "text": "B. 제가 아직 대학생인데다가 일도 따로 하거든요",
            "norm_text": "B. 제가 아직 대학생인데다가 일도 따로 하거든요",
            "speaker": {
              "id": "B",
              "sex": "남성",
              "age": "1그룹(10대~20대)"
            },
            "speechAct": "진술하기",
            "morpheme": "B/SL+제/NP+가/JKS+아직/MAG+대학생/NNG+인/VCP+ETM+데/NNB+다가/JX+일/NNG+도/JX+따로/MAG+하/VV+거든요/EF"
          },
          {
            "id": 5,
            "text": "B. 실시간으로는 수강 못할 것 같아 걱정인데요",
            "norm_text": "B. 실시간으로는 수강 못할 것 같아 걱정인데요",
            "speaker": {
              "id": "B",
              "sex": "남성",
              "age": "1그룹(10대~20대)"
            },
            "speechAct": "진술하기",
            "morpheme": "B/SL+./SY+실시간/NNG+으로/JKB+는/JX+수강/NNG+못/MAG+할/VV+ETM+것/NNB+같/VA+아/EC+걱정/NNG+인데요/VCP+EC"
          },
          {
            "id": 6,
            "text": "A. 밴드에 저장된 수업 영상으로 복습 충분히 가능하세요",
            "norm_text": "A. 밴드에 저장된 수업 영상으로 복습 충분히 가능하세요",
            "speaker": {
              "id": "A",
              "sex": "여성",
              "age": "1그룹(10대~20대)"
            },
            "speechAct": "진술하기",
            "morpheme": "A/SL+./SY+밴드/NNG+에/JKB+저장/NNG+된/XSV+ETM+수업/NNG+영상/NNG+으로/JKB+복습/NNG+충분히/MAG+가능/NNG+하/XSV+세요/EP+EF"
          },
          {
            "id": 7,
            "text": "B. 그래도 제가 평일은 종일 바쁠 것 같아서요",
            "norm_text": "B. 그래도 제가 평일은 종일 바쁠 것 같아서요",
            "speaker": {
              "id": "B",
              "sex": "남성",
              "age": "1그룹(10대~20대)"
            },
            "speechAct": "진술하기",
            "morpheme": "B/SL+그래도/MAJ+제/NP+가/JKS+평일/NNG+은/JX+종일/NNG+바쁠/VA+ETM+것/NNB+같/VA+아서요/EC"
          },
          {
            "id": 8,
            "text": "B. 수학 영어를 쪼개서 들을 수나 있을지 모르겠어요",
            "norm_text": "B. 수학 영어를 쪼개서 들을 수나 있을지 모르겠어요",
            "speaker": {
              "id": "B",
              "sex": "남성",
              "age": "1그룹(10대~20대)"
            },
            "speechAct": "진술하기",
            "morpheme": "B/SL+./SY+수학/NNG+영어/NNG+를/JKO+쪼개/VV+서/EC+들/VV+을/ETM+수/NNB+나/VV+EC+있/VX+을지/EC+모르/VV+겠/EP+어요/EF"
          },
          {
            "id": 9,
            "text": "A. 고객님의 경우엔 주말반 이용하시면 될 듯 해요",
            "norm_text": "A. 고객님의 경우엔 주말반 이용하시면 될 듯 해요",
            "speaker": {
              "id": "A",
              "sex": "여성",
              "age": "1그룹(10대~20대)"
            },
            "speechAct": "진술하기",
            "morpheme": "A/SL+./SY+고객/NNG+님/XSN+의/JKG+경우/NNG+엔/JKB+JX+주말/NNG+반/NNG+이용/NNG+하/XSV+시/EP+면/EC+될/VV+ETM+듯/NNB+해요/XSA+EC"
          },
          {
            "id": 10,
            "text": "B. 아 주말반이 따로 있나요 시간표는요",
            "norm_text": "B. 아 주말반이 따로 있나요 시간표는요",
            "speaker": {
              "id": "B",
              "sex": "남성",
              "age": "1그룹(10대~20대)"
            },
            "speechAct": "진술하기",
            "morpheme": "B/SL+아주/MAG+말반/NNG+이/JKS+따로/MAG+있/VV+나요/EC+시간표/NNG+는/JX+요/JX"
          },
          {
            "id": 11,
            "text": "A. 다음달 시간표는 이번주 공지사항 업로드 예정입니다",
            "norm_text": "A. 다음달 시간표는 이번주 공지사항 업로드 예정입니다",
            "speaker": {
              "id": "A",
              "sex": "여성",
              "age": "1그룹(10대~20대)"
            },
            "speechAct": "진술하기",
            "morpheme": "A/SL+./SY+다음/NNG+달/NNG+시간표/NNG+는/JX+이번/NNG+주공/NNG+지사/NNG+항/XSA+ETM+업로드/NNG+예정/NNG+입니다/VCP+EC"
          },
          {
            "id": 12,
            "text": "B. 네 알겠습니다 상담 감사드립니다",
            "norm_text": "B. 네 알겠습니다 상담 감사드립니다",
            "speaker": {
              "id": "B",
              "sex": "남성",
              "age": "1그룹(10대~20대)"
            },
            "speechAct": "감사하기",
            "morpheme": "B/SL+네/IC+알/VV+겠/EP+습니다/EF+상담/NNG+감사/NNG+드립니다/VV+EC"
          },
          {
            "id": 13,
            "text": "B. 네 다른 문의 사항 있으시면 또 연락주세요",
            "norm_text": "B. 네 다른 문의 사항 있으시면 또 연락주세요",
            "speaker": {
              "id": "B",
              "sex": "남성",
              "age": "1그룹(10대~20대)"
            },
            "speechAct": "인사하기",
            "morpheme": "B/SL+네/IC+다른/MM+문/NNG+의/JKG+사항/NNG+있/VV+으시/EP+면/EC+또/MAG+연락/NNG+주세요/NNP"
          }
        ]
      }
    }
  ]
}