{
  "dataset": {
    "identifier": 139807,
    "name": "e1_20211115_0006_0325_01",
    "src_path": "/data/file/cubeManager/PROJECT018/91/txt20211110140003082317/e1_20211115_0006_0325_01/",
    "label_path": "/data/file/cubeManager/PROJECT018/91/txt20211110140003082317/e1_20211115_0006_0325_01/",
    "category": 2,
    "type": 0
  },
  "licenses": {
    "name": "Apache License 1.0",
    "url": "http://www.apache.org/licenses/LICENSE-1.0"
  },
  "info": [
    {
      "id": 157785,
      "filename": "e1_0066_0137_02.txt",
      "title": "e1_0066_0137_02",
      "mediatype": "콜센터",
      "medianame": "콜센터",
      "category": "목적대화",
      "date": "2021-11-10",
      "size": 327,
      "annotations": {
        "subject": "프로그램 문의",
        "speaker_type": "1:1",
        "size": 327,
        "word_size": 60,
        "text": "A.　전화주셔서 감사합니다　#@소속# #@이름# 상담사입니다\nB.　네 안녕하세요　거기 #@소속# 맞지요\nA.　네 #@소속# 고객센터입니다 어떤 도움이 필요하실까요\nB.　수업상담때문에 #@소속# 왔는데 상담장소가 어디인지를 모르겠어서요\nB.　방문상담 상담장소좀 알려주세요\nA.　방문상담을 위해 #@소속#을 방문해주신걸까요\nB.　네 맞아요 수업 관련한 방문상담 때문에요\nA.　그러시면 #@소속# 안내데스크로 방문하시면 됩니다\nB.  안내데스크는 몇층에 있는거에요\nA.　#@소속# 1관 2층에 위치해있습니다\nB.　아 네 일단 찾아보고 다시 연락할게요\nA.　혹시라도 어려움이 있으시면 다시 한번 전화 부탁드릴게요",
        "lines": [
          {
            "id": 1,
            "text": "A.　전화주셔서 감사합니다　#@소속# #@이름# 상담사입니다",
            "norm_text": "A.　전화주셔서 감사합니다　#@소속# #@이름# 상담사입니다",
            "speaker": {
              "id": "A",
              "sex": "여성",
              "age": "1그룹(10대~20대)"
            },
            "speechAct": "인사하기",
            "morpheme": "A/SL+./SY+　/SY+전화/NNG+주/VV+셔서/EP+EC+감사/NNG+합니다/XSV+EF+　/SY+#/SY+@/SY+소속/NNG+#/SY+#/SY+@/SY+이름/NNG+#/SY+상담/NNG+사/NNG+입니다/VCP+EC"
          },
          {
            "id": 2,
            "text": "B.　네 안녕하세요　거기 #@소속# 맞지요",
            "norm_text": "B.　네 안녕하세요　거기 #@소속# 맞지요",
            "speaker": {
              "id": "B",
              "sex": "남성",
              "age": "1그룹(10대~20대)"
            },
            "speechAct": "질문하기",
            "morpheme": "B/SL+./SY+　/SY+네/IC+안녕/NNG+하/XSV+세요/EP+EF+　/SY+거기/NP+#/SY+@/SY+소속/NNG+#/SY+맞/VV+지요/EC"
          },
          {
            "id": 3,
            "text": "A.　네 #@소속# 고객센터입니다 어떤 도움이 필요하실까요",
            "norm_text": "A.　네 #@소속# 고객센터입니다 어떤 도움이 필요하실까요",
            "speaker": {
              "id": "A",
              "sex": "여성",
              "age": "1그룹(10대~20대)"
            },
            "speechAct": "질문하기",
            "morpheme": "A/SL+./SY+　/SY+네/IC+#/SY+@/SY+소속/NNG+#/SY+고객/NNG+센터/NNG+입니다/VCP+EF+어떤/MM+도움/NNG+이/JKS+필요/NNG+하/XSV+실까요/EP+EF"
          },
          {
            "id": 4,
            "text": "B.　수업상담때문에 #@소속# 왔는데 상담장소가 어디인지를 모르겠어서요",
            "norm_text": "B.　수업상담때문에 #@소속# 왔는데 상담장소가 어디인지를 모르겠어서요",
            "speaker": {
              "id": "B",
              "sex": "남성",
              "age": "1그룹(10대~20대)"
            },
            "speechAct": "진술하기",
            "morpheme": "B/SL+./SY+　/SY+수업/NNG+상담/NNG+때문/NNB+에/JKB+#/SY+@/SY+소속/NNG+#/SY+왔/VV+EP+는데/EC+상담/NNG+장소/NNG+가/JKS+어디/NP+인지/VCP+EC+를/JKO+모르/VV+겠/EP+어서요/EC"
          },
          {
            "id": 5,
            "text": "B.　방문상담 상담장소좀 알려주세요",
            "norm_text": "B.　방문상담 상담장소좀 알려주세요",
            "speaker": {
              "id": "B",
              "sex": "남성",
              "age": "1그룹(10대~20대)"
            },
            "speechAct": "부탁하기",
            "morpheme": "B/SL+./SY+　/SY+방문/NNG+상담/NNG+상담/NNG+장소/NNG+좀/MAG+알려/VV+EC+주/VX+세요/EP+EF"
          },
          {
            "id": 6,
            "text": "A.　방문상담을 위해 #@소속#을 방문해주신걸까요",
            "norm_text": "A.　방문상담을 위해 #@소속#을 방문해주신걸까요",
            "speaker": {
              "id": "A",
              "sex": "여성",
              "age": "1그룹(10대~20대)"
            },
            "speechAct": "질문하기",
            "morpheme": "A/SL+./SY+　/SY+방문/NNG+상담/NNG+을/JKO+위해/VV+EC+#/SY+@/SY+소속/NNG+#/SY+을/JKO+방문/NNG+해/XSV+EC+주/VX+신/EP+ETM+걸까요/NNB+VCP+EC"
          },
          {
            "id": 7,
            "text": "B.　네 맞아요 수업 관련한 방문상담 때문에요",
            "norm_text": "B.　네 맞아요 수업 관련한 방문상담 때문에요",
            "speaker": {
              "id": "B",
              "sex": "남성",
              "age": "1그룹(10대~20대)"
            },
            "speechAct": "진술하기",
            "morpheme": "B/SL+./SY+　/SY+네/IC+맞/VV+아요/EF+수업/NNG+관련/NNG+한/XSA+ETM+방문/NNG+상담/NNG+때문/NNB+에/JKB+요/JX"
          },
          {
            "id": 8,
            "text": "A.　그러시면 #@소속# 안내데스크로 방문하시면 됩니다",
            "norm_text": "A.　그러시면 #@소속# 안내데스크로 방문하시면 됩니다",
            "speaker": {
              "id": "A",
              "sex": "여성",
              "age": "1그룹(10대~20대)"
            },
            "speechAct": "진술하기",
            "morpheme": "A/SL+./SY+　/SY+그러/VV+시/EP+면/EC+#/SY+@/SY+소속/NNG+#/SY+안내/NNG+데스크/NNG+로/JKB+방문/NNG+하/XSV+시/EP+면/EC+됩니다/VX+EC"
          },
          {
            "id": 9,
            "text": "B.  안내데스크는 몇층에 있는거에요",
            "norm_text": "B.  안내데스크는 몇층에 있는거에요",
            "speaker": {
              "id": "B",
              "sex": "남성",
              "age": "1그룹(10대~20대)"
            },
            "speechAct": "질문하기",
            "morpheme": "B/SL+./SY+안내/NNG+데스크/NNG+는/JX+몇/MM+층/NNG+에/JKB+있/VV+는/ETM+거/NNB+에요/VCP+EF"
          },
          {
            "id": 10,
            "text": "A.　#@소속# 1관 2층에 위치해있습니다",
            "norm_text": "A.　#@소속# 1관 2층에 위치해있습니다",
            "speaker": {
              "id": "A",
              "sex": "여성",
              "age": "1그룹(10대~20대)"
            },
            "speechAct": "진술하기",
            "morpheme": "A/SL+./SY+　/SY+#/SY+@/SY+소속/NNG+#/SY+1/SN+관/NNBC+2/SN+층/NNG+에/JKB+위치/NNG+해/XSV+EC+있/VX+습니다/EF"
          },
          {
            "id": 11,
            "text": "B.　아 네 일단 찾아보고 다시 연락할게요",
            "norm_text": "B.　아 네 일단 찾아보고 다시 연락할게요",
            "speaker": {
              "id": "B",
              "sex": "남성",
              "age": "1그룹(10대~20대)"
            },
            "speechAct": "진술하기",
            "morpheme": "B/SL+./SY+　/SY+아/IC+네/IC+일단/MAG+찾아보/VV+고/EC+다시/MAG+연락/NNG+할게요/XSV+EC"
          },
          {
            "id": 12,
            "text": "A.　혹시라도 어려움이 있으시면 다시 한번 전화 부탁드릴게요",
            "norm_text": "A.　혹시라도 어려움이 있으시면 다시 한번 전화 부탁드릴게요",
            "speaker": {
              "id": "A",
              "sex": "여성",
              "age": "1그룹(10대~20대)"
            },
            "speechAct": "부탁하기",
            "morpheme": "A/SL+./SY+　/SY+혹시/MAG+라도/VCP+EC+어려움/NNG+이/JKS+있/VA+으시/EP+면/EC+다시/MAG+한/MM+번/NNBC+전화/NNG+부탁/NNG+드릴게요/VV+EC"
          }
        ]
      }
    }
  ]
}