{
  "dataset": {
    "identifier": 141027,
    "name": "e1_20211115_0006_0684_01",
    "src_path": "/data/file/cubeManager/PROJECT018/91/txt20211110140013022411/e1_20211115_0006_0684_01/",
    "label_path": "/data/file/cubeManager/PROJECT018/91/txt20211110140013022411/e1_20211115_0006_0684_01/",
    "category": 2,
    "type": 0
  },
  "licenses": {
    "name": "Apache License 1.0",
    "url": "http://www.apache.org/licenses/LICENSE-1.0"
  },
  "info": [
    {
      "id": 158931,
      "filename": "e1_0071_0127_02.txt",
      "title": "e1_0071_0127_02",
      "mediatype": "콜센터",
      "medianame": "콜센터",
      "category": "목적대화",
      "date": "2021-11-10",
      "size": 299,
      "annotations": {
        "subject": "프로그램 문의",
        "speaker_type": "1:1",
        "size": 299,
        "word_size": 70,
        "text": "A.소중히 모시겠습니다 #@소속# 상담원 #@이름# 입니다\nB.아동보육학전공 편입학 준비중인데요\nB.현재 사회복지학과 2년제 졸업을 한 상탠데 편입학이 가능할까요\nA.네 전문대를 졸업하셨으면 3학년 편입이 가능합니다\nB.아 네 그리고 졸업시 학사학위 취득도 가능한가요\nA.네 학사학위 취득 충분히 가능하세요\nB.그러면 3학년 편입 후 몇 학점을 채워야 하나요\nA.총 70학점을 채우시면 됩니다\nB.아 그렇군요 감사합니다\nA.네 고객님 다른 문의 사항 또 없으세요\nB.네 일단 지금은 없네요\nA.네 무더운 날씨 건강 잘 챙기세요 상담원 #@이름# 이었습니다",
        "lines": [
          {
            "id": 1,
            "text": "A.소중히 모시겠습니다 #@소속# 상담원 #@이름# 입니다",
            "norm_text": "A.소중히 모시겠습니다 #@소속# 상담원 #@이름# 입니다",
            "speaker": {
              "id": "A",
              "sex": "여성",
              "age": "2그룹(30대~40대)"
            },
            "speechAct": "인사하기",
            "morpheme": "A/SL+소중히/MAG+모시/VV+겠/EP+습니다/EF+#/SY+@/SY+소속/NNG+#/SY+상담원/NNG+#/SY+@/SY+이름/NNG+#/SY+입니다/VCP+EC"
          },
          {
            "id": 2,
            "text": "B.아동보육학전공 편입학 준비중인데요",
            "norm_text": "B.아동보육학전공 편입학 준비중인데요",
            "speaker": {
              "id": "B",
              "sex": "남성",
              "age": "2그룹(30대~40대)"
            },
            "speechAct": "진술하기",
            "morpheme": "B/SL+아/IC+동보/NNG+육학/NNG+전공/NNG+편입학/NNG+준비/NNG+중/NNB+인데요/VCP+EC"
          },
          {
            "id": 3,
            "text": "B.현재 사회복지학과 2년제 졸업을 한 상탠데 편입학이 가능할까요",
            "norm_text": "B.현재 사회복지학과 2년제 졸업을 한 상탠데 편입학이 가능할까요 ",
            "speaker": {
              "id": "B",
              "sex": "남성",
              "age": "2그룹(30대~40대)"
            },
            "speechAct": "질문하기",
            "morpheme": "B/SL+현재/MAG+사회/NNG+복지/NNG+학과/NNG+2/SN+년/NNBC+제/XPN+졸업/NNG+을/JKO+한/VV+ETM+상탠데/NNG+VCP+EC+편입학/NNG+이/JKS+가능/NNG+할까요/XSV+EC"
          },
          {
            "id": 4,
            "text": "A.네 전문대를 졸업하셨으면 3학년 편입이 가능합니다",
            "norm_text": "A.네 전문대를 졸업하셨으면 3학년 편입이 가능합니다",
            "speaker": {
              "id": "A",
              "sex": "여성",
              "age": "2그룹(30대~40대)"
            },
            "speechAct": "진술하기",
            "morpheme": "A/SL+네/IC+전문대/NNG+를/JKO+졸업/NNG+하/XSV+셨/EP+EP+으면/EC+3/SN+학년/NNG+편입/NNG+이/JKS+가능/NNG+합니다/XSV+EC"
          },
          {
            "id": 5,
            "text": "B.아 네 그리고 졸업시 학사학위 취득도 가능한가요",
            "norm_text": "B.아 네 그리고 졸업시 학사학위 취득도 가능한가요",
            "speaker": {
              "id": "B",
              "sex": "남성",
              "age": "2그룹(30대~40대)"
            },
            "speechAct": "질문하기",
            "morpheme": "B/SL+아/IC+네/IC+그리고/MAJ+졸업/NNG+시학/NNG+사/NR+학위/NNG+취득/NNG+도/JX+가능/NNG+한/XSA+ETM+가요/NNG"
          },
          {
            "id": 6,
            "text": "A.네 학사학위 취득 충분히 가능하세요",
            "norm_text": "A.네 학사학위 취득 충분히 가능하세요",
            "speaker": {
              "id": "A",
              "sex": "여성",
              "age": "2그룹(30대~40대)"
            },
            "speechAct": "진술하기",
            "morpheme": "A/SL+네/IC+학사/NNG+학위/NNG+취득/NNG+충분히/MAG+가능/NNG+하/XSV+세요/EP+EF"
          },
          {
            "id": 7,
            "text": "B.그러면 3학년 편입 후 몇 학점을 채워야 하나요",
            "norm_text": "B.그러면 3학년 편입 후 몇 학점을 채워야 하나요",
            "speaker": {
              "id": "B",
              "sex": "남성",
              "age": "2그룹(30대~40대)"
            },
            "speechAct": "질문하기",
            "morpheme": "B/SL+그러/VV+면/EC+3/SN+학년/NNG+편입/NNG+후/NNG+몇/MM+학점/NNG+을/JKO+채워야/VV+EC+하/VV+나요/EC"
          },
          {
            "id": 8,
            "text": "A.총 70학점을 채우시면 됩니다",
            "norm_text": "A.총 70학점을 채우시면 됩니다",
            "speaker": {
              "id": "A",
              "sex": "여성",
              "age": "2그룹(30대~40대)"
            },
            "speechAct": "진술하기",
            "morpheme": "A/SL+총/MM+70/SN+학점/NNG+을/JKO+채우/VV+시/EP+면/EC+됩니다/VX+EC"
          },
          {
            "id": 9,
            "text": "B.아 그렇군요 감사합니다",
            "norm_text": "B.아 그렇군요 감사합니다",
            "speaker": {
              "id": "B",
              "sex": "남성",
              "age": "2그룹(30대~40대)"
            },
            "speechAct": "감사하기",
            "morpheme": "B/SL+아/IC+그렇/VA+군요/EC+감사/NNG+합니다/XSV+EC"
          },
          {
            "id": 10,
            "text": "A.네 고객님 다른 문의 사항 또 없으세요",
            "norm_text": "A.네 고객님 다른 문의 사항 또 없으세요",
            "speaker": {
              "id": "A",
              "sex": "여성",
              "age": "2그룹(30대~40대)"
            },
            "speechAct": "질문하기",
            "morpheme": "A/SL+네/IC+고객/NNG+님/XSN+다른/MM+문/NNG+의/JKG+사항/NNG+또/MAG+없/VA+으세요/EP+EP+EC"
          },
          {
            "id": 11,
            "text": "B.네 일단 지금은 없네요",
            "norm_text": "B.네 일단 지금은 없네요",
            "speaker": {
              "id": "B",
              "sex": "남성",
              "age": "2그룹(30대~40대)"
            },
            "speechAct": "진술하기",
            "morpheme": "B/SL+네/IC+일단/MAG+지금/NNG+은/JX+없/VA+네요/EC"
          },
          {
            "id": 12,
            "text": "A.네 무더운 날씨 건강 잘 챙기세요 상담원 #@이름# 이었습니다",
            "norm_text": "A.네 무더운 날씨 건강 잘 챙기세요 상담원 #@이름# 이었습니다",
            "speaker": {
              "id": "A",
              "sex": "여성",
              "age": "2그룹(30대~40대)"
            },
            "speechAct": "인사하기",
            "morpheme": "A/SL+네/IC+무더운/VA+ETM+날씨/NNG+건강/NNG+잘/MAG+챙기/VV+세요/EP+EF+상담원/NNG+#/SY+@/SY+이름/NNG+#/SY+이/VCP+었/EP+습니다/EF"
          }
        ]
      }
    }
  ]
}