{
  "dataset": {
    "identifier": 141063,
    "name": "e1_20211115_0006_0720_01",
    "src_path": "/data/file/cubeManager/PROJECT018/91/txt20211110140013053258/e1_20211115_0006_0720_01/",
    "label_path": "/data/file/cubeManager/PROJECT018/91/txt20211110140013053258/e1_20211115_0006_0720_01/",
    "category": 2,
    "type": 0
  },
  "licenses": {
    "name": "Apache License 1.0",
    "url": "http://www.apache.org/licenses/LICENSE-1.0"
  },
  "info": [
    {
      "id": 158966,
      "filename": "e1_0071_0162_02.txt",
      "title": "e1_0071_0162_02",
      "mediatype": "콜센터",
      "medianame": "콜센터",
      "category": "목적대화",
      "date": "2021-11-10",
      "size": 328,
      "annotations": {
        "subject": "프로그램 문의",
        "speaker_type": "1:1",
        "size": 328,
        "word_size": 75,
        "text": "A.최선을 다하겠습니다 #@소속# 상담원 #@이름# 입니다\nB.강의를 듣는 데에 부교재가 꼭 필요한가요\nA.아닙니다 주교재로도 충분합니다\nB.아 그래요 그럼 부교재는 왜 있는건가요\nA.주교재 내용에 보충하는 내용으로 구성 되고 있습니다\nA.주로 복습시에 활용하면 좋은 내용들로 구성되어 있습니다\nB.아 그렇군요 주교재만 구매해도 되나요\nA.네 주교재만 구매 하셔도 문제 없습니다\nA.부교재 내용 질문 사항 있다면 게시판을 통해 문의 해주시면 됩니다\nB.아 그렇군요 친절한 상담 감사합니다\nA.네 고객님 다른 문의 사항은 없습니까\nB.아니요 없습니다 수고하세요\nA.코로나 조심하세요 상담원 #@이름# 이었습니다",
        "lines": [
          {
            "id": 1,
            "text": "A.최선을 다하겠습니다 #@소속# 상담원 #@이름# 입니다",
            "norm_text": "A.최선을 다하겠습니다 #@소속# 상담원 #@이름# 입니다",
            "speaker": {
              "id": "A",
              "sex": "여성",
              "age": "2그룹(30대~40대)"
            },
            "speechAct": "인사하기",
            "morpheme": "A/SL+./SY+최선/NNG+을/JKO+다/MAG+하/VV+겠/EP+습니다/EF+#/SY+@/SY+소속/NNG+#/SY+상담원/NNG+#/SY+@/SY+이름/NNG+#/SY+입니다/VCP+EC"
          },
          {
            "id": 2,
            "text": "B.강의를 듣는 데에 부교재가 꼭 필요한가요",
            "norm_text": "B.강의를 듣는 데에 부교재가 꼭 필요한가요",
            "speaker": {
              "id": "B",
              "sex": "남성",
              "age": "2그룹(30대~40대)"
            },
            "speechAct": "질문하기",
            "morpheme": "B/SL+./SY+강의/NNG+를/JKO+듣/VV+는/ETM+데/NNB+에/JKB+부교재/NNG+가/JKS+꼭/MAG+필요/NNG+한/XSA+ETM+가요/NNG"
          },
          {
            "id": 3,
            "text": "A.아닙니다 주교재로도 충분합니다",
            "norm_text": "A.아닙니다 주교재로도 충분합니다",
            "speaker": {
              "id": "A",
              "sex": "여성",
              "age": "2그룹(30대~40대)"
            },
            "speechAct": "진술하기",
            "morpheme": "A/SL+아닙니다/VCN+EC+주교/NNG+재로/NNG+도/JX+충분/XR+합니다/XSA+EC"
          },
          {
            "id": 4,
            "text": "B.아 그래요 그럼 부교재는 왜 있는건가요",
            "norm_text": "B.아 그래요 그럼 부교재는 왜 있는건가요",
            "speaker": {
              "id": "B",
              "sex": "남성",
              "age": "2그룹(30대~40대)"
            },
            "speechAct": "질문하기",
            "morpheme": "B/SL+아/IC+그래요/VV+EF+그럼/MAJ+부교재/NNG+는/JX+왜/MAG+있/VA+는/ETM+건가요/NNB+VCP+EC"
          },
          {
            "id": 5,
            "text": "A.주교재 내용에 보충하는 내용으로 구성 되고 있습니다",
            "norm_text": "A.주교재 내용에 보충하는 내용으로 구성 되고 있습니다",
            "speaker": {
              "id": "A",
              "sex": "여성",
              "age": "2그룹(30대~40대)"
            },
            "speechAct": "진술하기",
            "morpheme": "A/SL+./SY+주교/NNG+재/XPN+내용/NNG+에/JKB+보충/NNG+하/XSV+는/ETM+내용/NNG+으로/JKB+구성/NNG+되/XSV+고/EC+있/VX+습니다/EF"
          },
          {
            "id": 6,
            "text": "A.주로 복습시에 활용하면 좋은 내용들로 구성되어 있습니다",
            "norm_text": "A.주로 복습시에 활용하면 좋은 내용들로 구성되어 있습니다",
            "speaker": {
              "id": "A",
              "sex": "여성",
              "age": "2그룹(30대~40대)"
            },
            "speechAct": "진술하기",
            "morpheme": "A/SL+주로/MAG+복습/NNG+시/NNB+에/JKB+활용/NNG+하/XSV+면/EC+좋/VA+은/ETM+내용/NNG+들/XSN+로/JKB+구성/NNG+되/XSV+어/EC+있/VX+습니다/EF"
          },
          {
            "id": 7,
            "text": "B.아 그렇군요 주교재만 구매해도 되나요",
            "norm_text": "B.아 그렇군요 주교재만 구매해도 되나요",
            "speaker": {
              "id": "B",
              "sex": "남성",
              "age": "2그룹(30대~40대)"
            },
            "speechAct": "질문하기",
            "morpheme": "B/SL+아/IC+그렇/VA+군요/EC+주/VX+교재/NNG+만/JX+구매/NNG+해도/XSV+EC+되/VV+나요/EC"
          },
          {
            "id": 8,
            "text": "A.네 주교재만 구매 하셔도 문제 없습니다",
            "norm_text": "A.네 주교재만 구매 하셔도 문제 없습니다",
            "speaker": {
              "id": "A",
              "sex": "여성",
              "age": "2그룹(30대~40대)"
            },
            "speechAct": "진술하기",
            "morpheme": "A/SL+네/MM+주/NNBC+교재/NNG+만/JX+구매/NNG+하/XSV+셔도/EP+EC+문제/NNG+없/VA+습니다/EF"
          },
          {
            "id": 9,
            "text": "A.부교재 내용 질문 사항 있다면 게시판을 통해 문의 해주시면 됩니다",
            "norm_text": "A.부교재 내용 질문 사항 있다면 게시판을 통해 문의 해주시면 됩니다",
            "speaker": {
              "id": "A",
              "sex": "여성",
              "age": "2그룹(30대~40대)"
            },
            "speechAct": "명령하기/요구하기",
            "morpheme": "A/SL+./SY+부교재/NNG+내용/NNG+질문/NNG+사항/NNG+있/VV+다면/EC+게시판/NNG+을/JKO+통해/VV+EC+문의/NNG+해/XSV+EC+주/VX+시/EP+면/EC+됩니다/VX+EC"
          },
          {
            "id": 10,
            "text": "B.아 그렇군요 친절한 상담 감사합니다",
            "norm_text": "B.아 그렇군요 친절한 상담 감사합니다",
            "speaker": {
              "id": "B",
              "sex": "남성",
              "age": "2그룹(30대~40대)"
            },
            "speechAct": "감사하기",
            "morpheme": "B/SL+아/IC+그렇/VA+군요/EC+친절/NNG+한/XSA+ETM+상담/NNG+감사/NNG+합니다/XSV+EC"
          },
          {
            "id": 11,
            "text": "A.네 고객님 다른 문의 사항은 없습니까",
            "norm_text": "A.네 고객님 다른 문의 사항은 없습니까",
            "speaker": {
              "id": "A",
              "sex": "여성",
              "age": "2그룹(30대~40대)"
            },
            "speechAct": "질문하기",
            "morpheme": "A/SL+네/IC+고객/NNG+님/XSN+다른/MM+문/NNG+의/JKG+사항/NNG+은/JX+없/VA+습니까/EC"
          },
          {
            "id": 12,
            "text": "B.아니요 없습니다 수고하세요",
            "norm_text": "B.아니요 없습니다 수고하세요",
            "speaker": {
              "id": "B",
              "sex": "남성",
              "age": "2그룹(30대~40대)"
            },
            "speechAct": "인사하기",
            "morpheme": "B/SL+아니요/IC+없/VA+습니다/EF+수고/NNG+하/XSV+세요/EP+EF"
          },
          {
            "id": 13,
            "text": "A.코로나 조심하세요 상담원 #@이름# 이었습니다",
            "norm_text": "A.코로나 조심하세요 상담원 #@이름# 이었습니다",
            "speaker": {
              "id": "A",
              "sex": "여성",
              "age": "2그룹(30대~40대)"
            },
            "speechAct": "인사하기",
            "morpheme": "A/SL+./SY+코로나/NNG+조심/NNG+하/XSV+세요/EP+EF+상담원/NNG+#/SY+@/SY+이름/NNG+#/SY+이/VCP+었/EP+습니다/EF"
          }
        ]
      }
    }
  ]
}