{
  "dataset": {
    "identifier": 140980,
    "name": "e1_20211115_0006_0638_01",
    "src_path": "/data/file/cubeManager/PROJECT018/91/txt20211110140009027881/e1_20211115_0006_0638_01/",
    "label_path": "/data/file/cubeManager/PROJECT018/91/txt20211110140009027881/e1_20211115_0006_0638_01/",
    "category": 2,
    "type": 0
  },
  "licenses": {
    "name": "Apache License 1.0",
    "url": "http://www.apache.org/licenses/LICENSE-1.0"
  },
  "info": [
    {
      "id": 158417,
      "filename": "e1_0069_0060_02.txt",
      "title": "e1_0069_0060_02",
      "mediatype": "콜센터",
      "medianame": "콜센터",
      "category": "목적대화",
      "date": "2021-11-10",
      "size": 416,
      "annotations": {
        "subject": "프로그램 문의",
        "speaker_type": "1:1",
        "size": 416,
        "word_size": 101,
        "text": "A.늦게 받아 죄송합니다 #@소속# #@이름#입니다\nB.네 여기 재질문하기 메뉴는 어떻게 사용할 수 있나요\nA.선생님 답변 확인하신 후 궁금한 사항이 남아있으시면 이용하실 수 있는데요\nA.재질문하기를 이용하시면 이전 질문에 대한 설명을 또 하실 필요가 없으세요\nB.네 제가 처음 드렸던 질문 내용이 너무 길어서요\nB.다시 처음부터 설명드려야 하나 막연했었거든요\nA.네 선생님 홈 질문 답변 메뉴에서 내가 쓴 글 들어가 보시면요\nA.기존 선생님 답변 내용이 보이시죠\nB.예 보이는데 여기에 대해 추가 질문이 있는 거예요\nA.네 스크롤 좀 내려보시면 하단에 재질문하기 버튼 보이시나요\nB.아 누르니까 이전 질문 내용이 자동으로 따라오네요\nA.네 재질문하기 이용하시면 훨씬 편하실 거예요\nB.네 자세한 설명 정말 감사합니다\nA.좋은 하루 보내세요 상담원 #@이름#이었습니다",
        "lines": [
          {
            "id": 1,
            "text": "A.늦게 받아 죄송합니다 #@소속# #@이름#입니다",
            "norm_text": "A.늦게 받아 죄송합니다 #@소속# #@이름#입니다",
            "speaker": {
              "id": "A",
              "sex": "여성",
              "age": "2그룹(30대~40대)"
            },
            "speechAct": "사과하기",
            "morpheme": "A/SL+늦/VA+게/EC+받/VV+아/EC+죄송/XR+합니다/XSA+EF+#/SY+@/SY+소속/NNG+#/SY+#/SY+@/SY+이름/NNG+#/SY+입니다/VCP+EC"
          },
          {
            "id": 2,
            "text": "B.네 여기 재질문하기 메뉴는 어떻게 사용할 수 있나요",
            "norm_text": "B.네 여기 재질문하기 메뉴는 어떻게 사용할 수 있나요",
            "speaker": {
              "id": "B",
              "sex": "남성",
              "age": "2그룹(30대~40대)"
            },
            "speechAct": "질문하기",
            "morpheme": "B/SL+네/IC+여기/NP+재/XPN+질문/NNG+하/XSV+기/ETN+메뉴/NNG+는/JX+어떻게/MAG+사용/NNG+할/XSV+ETM+수/NNB+있/VV+나요/EC"
          },
          {
            "id": 3,
            "text": "A.선생님 답변 확인하신 후 궁금한 사항이 남아있으시면 이용하실 수 있는데요",
            "norm_text": "A.선생님 답변 확인하신 후 궁금한 사항이 남아있으시면 이용하실 수 있는데요",
            "speaker": {
              "id": "A",
              "sex": "여성",
              "age": "2그룹(30대~40대)"
            },
            "speechAct": "진술하기",
            "morpheme": "A/SL+./SY+선생/NNG+님/XSN+답변/NNG+확인/NNG+하/XSV+신/EP+ETM+후/NNG+궁금/XR+한/XSA+ETM+사항/NNG+이/JKS+남/VV+아/EC+있/VX+으시/EP+면/EC+이용/NNG+하/XSV+실/EP+ETM+수/NNB+있/VV+는데요/EC"
          },
          {
            "id": 4,
            "text": "A.재질문하기를 이용하시면 이전 질문에 대한 설명을 또 하실 필요가 없으세요",
            "norm_text": "A.재질문하기를 이용하시면 이전 질문에 대한 설명을 또 하실 필요가 없으세요",
            "speaker": {
              "id": "A",
              "sex": "여성",
              "age": "2그룹(30대~40대)"
            },
            "speechAct": "진술하기",
            "morpheme": "A/SL+./SY+재/XPN+질문/NNG+하/XSV+기/ETN+를/JKO+이용/NNG+하/XSV+시/EP+면/EC+이전/NNG+질문/NNG+에/JKB+대한/VV+ETM+설명/NNG+을/JKO+또/MAG+하/VV+실/EP+ETM+필요/NNG+가/JKS+없/VA+으세요/EP+EP+EC"
          },
          {
            "id": 5,
            "text": "B.네 제가 처음 드렸던 질문 내용이 너무 길어서요",
            "norm_text": "B.네 제가 처음 드렸던 질문 내용이 너무 길어서요",
            "speaker": {
              "id": "B",
              "sex": "남성",
              "age": "2그룹(30대~40대)"
            },
            "speechAct": "진술하기",
            "morpheme": "B/SL+네/IC+제/NP+가/JKS+처음/MAG+드렸/VV+EP+던/ETM+질문/NNG+내용/NNG+이/JKS+너무/MAG+길/VA+어서요/EC"
          },
          {
            "id": 6,
            "text": "B.다시 처음부터 설명드려야 하나 막연했었거든요",
            "norm_text": "B.다시 처음부터 설명드려야 하나 막연했었거든요",
            "speaker": {
              "id": "B",
              "sex": "남성",
              "age": "2그룹(30대~40대)"
            },
            "speechAct": "진술하기",
            "morpheme": "B/SL+다시/MAG+처음/NNG+부터/JX+설명/NNG+드려야/VV+EC+하나/NR+막연/XR+했었/XSA+EP+거든요/EF"
          },
          {
            "id": 7,
            "text": "A.네 선생님 홈 질문 답변 메뉴에서 내가 쓴 글 들어가 보시면요",
            "norm_text": "A.네 선생님 홈 질문 답변 메뉴에서 내가 쓴 글 들어가 보시면요",
            "speaker": {
              "id": "A",
              "sex": "여성",
              "age": "2그룹(30대~40대)"
            },
            "speechAct": "진술하기",
            "morpheme": "A/SL+네/IC+선생/NNG+님/XSN+홈/NNG+질문/NNG+답변/NNG+메뉴/NNG+에서/JKB+내/NP+가/JKS+쓴/VV+ETM+글/NNG+들어가/VV+EC+보/VX+시/EP+면/EC+요/JX"
          },
          {
            "id": 8,
            "text": "A.기존 선생님 답변 내용이 보이시죠",
            "norm_text": "A.기존 선생님 답변 내용이 보이시죠",
            "speaker": {
              "id": "A",
              "sex": "여성",
              "age": "2그룹(30대~40대)"
            },
            "speechAct": "질문하기",
            "morpheme": "A/SL+./SY+기존/NNG+선생/NNG+님/XSN+답변/NNG+내용/NNG+이/JKS+보이/VV+시/EP+죠/EF"
          },
          {
            "id": 9,
            "text": "B.예 보이는데 여기에 대해 추가 질문이 있는 거예요",
            "norm_text": "B.예 보이는데 여기에 대해 추가 질문이 있는 거예요",
            "speaker": {
              "id": "B",
              "sex": "남성",
              "age": "2그룹(30대~40대)"
            },
            "speechAct": "진술하기",
            "morpheme": "B/SL+예/IC+보이/VV+는데/EC+여기/NP+에/JKB+대해/VV+EC+추가/NNG+질문/NNG+이/JKS+있/VA+는/ETM+거/NNB+예요/VCP+EF"
          },
          {
            "id": 10,
            "text": "A.네 스크롤 좀 내려보시면 하단에 재질문하기 버튼 보이시나요",
            "norm_text": "A.네 스크롤 좀 내려보시면 하단에 재질문하기 버튼 보이시나요",
            "speaker": {
              "id": "A",
              "sex": "여성",
              "age": "2그룹(30대~40대)"
            },
            "speechAct": "질문하기",
            "morpheme": "A/SL+네/IC+스크롤/NNG+좀/MAG+내려보/VV+시/EP+면/EC+하단/NNG+에/JKB+재/XPN+질문/NNG+하/XSV+기/ETN+버튼/NNG+보이/VV+시/EP+나요/EC"
          },
          {
            "id": 11,
            "text": "B.아 누르니까 이전 질문 내용이 자동으로 따라오네요",
            "norm_text": "B.아 누르니까 이전 질문 내용이 자동으로 따라오네요",
            "speaker": {
              "id": "B",
              "sex": "남성",
              "age": "2그룹(30대~40대)"
            },
            "speechAct": "진술하기",
            "morpheme": "B/SL+아/IC+누르/VV+니까/EC+이전/NNG+질문/NNG+내용/NNG+이/JKS+자동/NNG+으로/JKB+따라오/VV+네요/EC"
          },
          {
            "id": 12,
            "text": "A.네 재질문하기 이용하시면 훨씬 편하실 거예요",
            "norm_text": "A.네 재질문하기 이용하시면 훨씬 편하실 거예요",
            "speaker": {
              "id": "A",
              "sex": "여성",
              "age": "2그룹(30대~40대)"
            },
            "speechAct": "진술하기",
            "morpheme": "A/SL+네/IC+재/XPN+질문/NNG+하/XSV+기/ETN+이용/NNG+하/XSV+시/EP+면/EC+훨씬/MAG+편하/VA+실/EP+ETM+거/NNB+예요/VCP+EF"
          },
          {
            "id": 13,
            "text": "B.네 자세한 설명 정말 감사합니다",
            "norm_text": "B.네 자세한 설명 정말 감사합니다",
            "speaker": {
              "id": "B",
              "sex": "남성",
              "age": "2그룹(30대~40대)"
            },
            "speechAct": "감사하기",
            "morpheme": "B/SL+네/IC+자세/XR+한/XSA+ETM+설명/NNG+정말/MAG+감사/NNG+합니다/XSV+EC"
          },
          {
            "id": 14,
            "text": "A.좋은 하루 보내세요 상담원 #@이름#이었습니다",
            "norm_text": "A.좋은 하루 보내세요 상담원 #@이름#이었습니다",
            "speaker": {
              "id": "A",
              "sex": "여성",
              "age": "2그룹(30대~40대)"
            },
            "speechAct": "인사하기",
            "morpheme": "A/SL+좋/VA+은/ETM+하루/NNG+보내/VV+세요/EP+EF+상담원/NNG+#/SY+@/SY+이름/NNG+#/SY+이/VCP+었/EP+습니다/EF"
          }
        ]
      }
    }
  ]
}