{
  "dataset": {
    "identifier": 139636,
    "name": "e1_20211115_0006_0218_01",
    "src_path": "/data/file/cubeManager/PROJECT018/91/txt20211110140002089038/e1_20211115_0006_0218_01/",
    "label_path": "/data/file/cubeManager/PROJECT018/91/txt20211110140002089038/e1_20211115_0006_0218_01/",
    "category": 2,
    "type": 0
  },
  "licenses": {
    "name": "Apache License 1.0",
    "url": "http://www.apache.org/licenses/LICENSE-1.0"
  },
  "info": [
    {
      "id": 157679,
      "filename": "e1_0066_0031_02.txt",
      "title": "e1_0066_0031_02",
      "mediatype": "콜센터",
      "medianame": "콜센터",
      "category": "목적대화",
      "date": "2021-11-10",
      "size": 310,
      "annotations": {
        "subject": "프로그램 문의",
        "speaker_type": "1:1",
        "size": 310,
        "word_size": 81,
        "text": "A. 전화 주셔서 감사합니다 #@소속# #@이름# 상담사입니다\nB. 네 수고 많으십니다 강의 이용방법 좀 알려주세요\nB. 제가 자꾸 까먹어서 적어놓으려고요\nA. 네 먼저 #@소속# 로그인해 주시고 마이페이지 들어가 주세요\nB. 지금 로그인했고 마이페이지도 들어왔어요\nA. 나의 학습방 가시면 현재 수강 중인 강좌 확인이 가능하시거든요\nB. 네 지금 나의 학습방 들어왔습니다\nA. 현재 수강 중인 강좌 확인되시나요\nB. 네 잠시만요 음 네 됐네요\nB. 아 이제 알겠어요 안 까먹을 것 같아요 감사해요\nA. 도움이 되셨다니 다행입니다 관련 문의가 있으시다면 편하게 연락 주세요",
        "lines": [
          {
            "id": 1,
            "text": "A. 전화 주셔서 감사합니다 #@소속# #@이름# 상담사입니다",
            "norm_text": "A. 전화 주셔서 감사합니다 #@소속# #@이름# 상담사입니다",
            "speaker": {
              "id": "A",
              "sex": "여성",
              "age": "1그룹(10대~20대)"
            },
            "speechAct": "인사하기",
            "morpheme": "A/SL+./SY+전화/NNG+주/VV+셔서/EP+EC+감사/NNG+합니다/XSV+EF+#/SY+@/SY+소속/NNG+#/SY+#/SY+@/SY+이름/NNG+#/SY+상담/NNG+사/NNG+입니다/VCP+EC"
          },
          {
            "id": 2,
            "text": "B. 네 수고 많으십니다 강의 이용방법 좀 알려주세요",
            "norm_text": "B. 네 수고 많으십니다 강의 이용방법 좀 알려주세요",
            "speaker": {
              "id": "B",
              "sex": "남성",
              "age": "1그룹(10대~20대)"
            },
            "speechAct": "질문하기",
            "morpheme": "B/SL+네/IC+수고/NNG+많/VA+으십니다/EP+EP+EF+강의/NNG+이용/NNG+방법/NNG+좀/MAG+알려/VV+EC+주/VX+세요/EP+EF"
          },
          {
            "id": 3,
            "text": "B. 제가 자꾸 까먹어서 적어놓으려고요",
            "norm_text": "B. 제가 자꾸 까먹어서 적어놓으려고요",
            "speaker": {
              "id": "B",
              "sex": "남성",
              "age": "1그룹(10대~20대)"
            },
            "speechAct": "진술하기",
            "morpheme": "B/SL+제/NP+가/JKS+자꾸/MAG+까먹/VV+어서/EC+적/VV+어/EC+놓/VX+으려고요/EF"
          },
          {
            "id": 4,
            "text": "A. 네 먼저 #@소속# 로그인해 주시고 마이페이지 들어가 주세요",
            "norm_text": "A. 네 먼저 #@소속# 로그인해 주시고 마이페이지 들어가 주세요",
            "speaker": {
              "id": "A",
              "sex": "여성",
              "age": "1그룹(10대~20대)"
            },
            "speechAct": "부탁하기",
            "morpheme": "A/SL+네/IC+먼저/MAG+#/SY+@/SY+소속/NNG+#/SY+로그인/NNG+해/XSV+EC+주/VX+시/EP+고/EC+마이/MAG+페이지/NNG+들어가/VV+EC+주/VX+세요/EP+EF"
          },
          {
            "id": 5,
            "text": "B. 지금 로그인했고 마이페이지도 들어왔어요",
            "norm_text": "B. 지금 로그인했고 마이페이지도 들어왔어요",
            "speaker": {
              "id": "B",
              "sex": "남성",
              "age": "1그룹(10대~20대)"
            },
            "speechAct": "진술하기",
            "morpheme": "B/SL+지금/MAG+로그인/NNG+했/XSV+EP+고/EC+마이/MAG+페이지/NNG+도/JX+들어왔/VV+EP+어요/EF"
          },
          {
            "id": 6,
            "text": "A. 나의 학습방 가시면 현재 수강 중인 강좌 확인이 가능하시거든요",
            "norm_text": "A. 나의 학습방 가시면 현재 수강 중인 강좌 확인이 가능하시거든요",
            "speaker": {
              "id": "A",
              "sex": "여성",
              "age": "1그룹(10대~20대)"
            },
            "speechAct": "진술하기",
            "morpheme": "A/SL+나/NP+의/JKG+학습/NNG+방/NNG+가/VV+시/EP+면/EC+현재/MAG+수강/NNG+중/NNB+인/VCP+ETM+강좌/NNG+확인/NNG+이/JKS+가능/NNG+하/XSV+시/EP+거든요/EF"
          },
          {
            "id": 7,
            "text": "B. 네 지금 나의 학습방 들어왔습니다",
            "norm_text": "B. 네 지금 나의 학습방 들어왔습니다",
            "speaker": {
              "id": "B",
              "sex": "남성",
              "age": "1그룹(10대~20대)"
            },
            "speechAct": "진술하기",
            "morpheme": "B/SL+네/IC+지금/MAG+나/NP+의/JKG+학습/NNG+방/NNG+들어왔/VV+EP+습니다/EF"
          },
          {
            "id": 8,
            "text": "A. 현재 수강 중인 강좌 확인되시나요",
            "norm_text": "A. 현재 수강 중인 강좌 확인되시나요",
            "speaker": {
              "id": "A",
              "sex": "여성",
              "age": "1그룹(10대~20대)"
            },
            "speechAct": "질문하기",
            "morpheme": "A/SL+현재/MAG+수강/NNG+중/NNB+인/VCP+ETM+강좌/NNG+확인/NNG+되/XSV+시/EP+나요/EC"
          },
          {
            "id": 9,
            "text": "B. 네 잠시만요 음 네 됐네요",
            "norm_text": "B. 네 잠시만요 음 네 됐네요",
            "speaker": {
              "id": "B",
              "sex": "남성",
              "age": "1그룹(10대~20대)"
            },
            "speechAct": "진술하기",
            "morpheme": "B/SL+네/IC+잠시/NNG+만/JX+요/JX+음/IC+네/IC+됐/VV+EP+네요/EC"
          },
          {
            "id": 10,
            "text": "B. 아 이제 알겠어요 안 까먹을 것 같아요 감사해요",
            "norm_text": "B. 아 이제 알겠어요 안 까먹을 것 같아요 감사해요",
            "speaker": {
              "id": "B",
              "sex": "남성",
              "age": "1그룹(10대~20대)"
            },
            "speechAct": "감사하기",
            "morpheme": "B/SL+아/IC+이제/MAG+알/VV+겠/EP+어요/EF+안/MAG+까먹/VV+을/ETM+것/NNB+같/VA+아요/EF+감사/NNG+해요/XSV+EC"
          },
          {
            "id": 11,
            "text": "A. 도움이 되셨다니 다행입니다 관련 문의가 있으시다면 편하게 연락 주세요",
            "norm_text": "A. 도움이 되셨다니 다행입니다 관련 문의가 있으시다면 편하게 연락 주세요",
            "speaker": {
              "id": "A",
              "sex": "여성",
              "age": "1그룹(10대~20대)"
            },
            "speechAct": "인사하기",
            "morpheme": "A/SL+./SY+도움/NNG+이/JKS+되/VV+셨/EP+EP+다니/EC+다행/NNG+입니다/VCP+EF+관련/NNG+문의/NNG+가/JKS+있/VA+으시/EP+다면/EC+편하/VA+게/EC+연락/NNG+주세요/NNP"
          }
        ]
      }
    }
  ]
}