{
  "dataset": {
    "identifier": 139820,
    "name": "e1_20211115_0006_0336_01",
    "src_path": "/data/file/cubeManager/PROJECT018/91/txt202111101400040278102/e1_20211115_0006_0336_01/",
    "label_path": "/data/file/cubeManager/PROJECT018/91/txt202111101400040278102/e1_20211115_0006_0336_01/",
    "category": 2,
    "type": 0
  },
  "licenses": {
    "name": "Apache License 1.0",
    "url": "http://www.apache.org/licenses/LICENSE-1.0"
  },
  "info": [
    {
      "id": 157812,
      "filename": "e1_0066_0164_02.txt",
      "title": "e1_0066_0164_02",
      "mediatype": "콜센터",
      "medianame": "콜센터",
      "category": "목적대화",
      "date": "2021-11-10",
      "size": 285,
      "annotations": {
        "subject": "프로그램 문의",
        "speaker_type": "1:1",
        "size": 285,
        "word_size": 62,
        "text": "A.안녕하십니까 #@소속# 상담사 #@이름#입니다\nB.안녕하세요 제가 #@소속#에서 화상영어 수업을 듣고 있는데요\nB.수업 끝나고 선생님이 피드백 남겨주시는거 맞죠\nA.네 맞습니다 피드백 못받으셨을까요\nB.네네 아직 안올라와서요 혹시 언제 올라오나요\nA.오늘 수업 하신 걸까요\nB.네 한 한시간 전쯤 수업 끝났어요\nA.수업 후 피드백은 원칙적으로 3시간 내로 업데이트 됩니다\nB.아 그럼 좀 기다려야겠네요\nA.네 3시간내로 올라올 예정이니 잠시만 기다려주세요\nB.알겠습니다 알려주셔서 감사해요\nA.네 지금까지 #@이름# 이었습니다",
        "lines": [
          {
            "id": 1,
            "text": "A.안녕하십니까 #@소속# 상담사 #@이름#입니다",
            "norm_text": "A.안녕하십니까 #@소속# 상담사 #@이름#입니다",
            "speaker": {
              "id": "A",
              "sex": "여성",
              "age": "1그룹(10대~20대)"
            },
            "speechAct": "인사하기",
            "morpheme": "A/SL+./SY+안녕/NNG+하/XSV+십니까/EP+EF+#/SY+@/SY+소속/NNG+#/SY+상담/NNG+사/NNG+#/SY+@/SY+이름/NNG+#/SY+입니다/VCP+EC"
          },
          {
            "id": 2,
            "text": "B.안녕하세요 제가 #@소속#에서 화상영어 수업을 듣고 있는데요",
            "norm_text": "B.안녕하세요 제가 #@소속#에서 화상영어 수업을 듣고 있는데요",
            "speaker": {
              "id": "B",
              "sex": "남성",
              "age": "1그룹(10대~20대)"
            },
            "speechAct": "진술하기",
            "morpheme": "B/SL+./SY+안녕/NNG+하/XSV+세요/EP+EF+제/NP+가/JKS+#/SY+@/SY+소속/NNG+#/SY+에서/JKB+화상/NNG+영어/NNG+수업/NNG+을/JKO+듣/VV+고/EC+있/VX+는데요/EC"
          },
          {
            "id": 3,
            "text": "B.수업 끝나고 선생님이 피드백 남겨주시는거 맞죠",
            "norm_text": "B.수업 끝나고 선생님이 피드백 남겨주시는거 맞죠",
            "speaker": {
              "id": "B",
              "sex": "남성",
              "age": "1그룹(10대~20대)"
            },
            "speechAct": "질문하기",
            "morpheme": "B/SL+./SY+수업/NNG+끝/NNG+나/VV+고/EC+선생/NNG+님/XSN+이/JKS+피드백/NNG+남겨/VV+EC+주/VX+시/EP+는/ETM+거/NNB+맞/VV+죠/EC"
          },
          {
            "id": 4,
            "text": "A.네 맞습니다 피드백 못받으셨을까요",
            "norm_text": "A.네 맞습니다 피드백 못받으셨을까요",
            "speaker": {
              "id": "A",
              "sex": "여성",
              "age": "1그룹(10대~20대)"
            },
            "speechAct": "질문하기",
            "morpheme": "A/SL+네/IC+맞/VV+습니다/EF+피드백/NNG+못/MAG+받/VV+으셨/EP+EP+을까요/EC"
          },
          {
            "id": 5,
            "text": "B.네네 아직 안올라와서요 혹시 언제 올라오나요",
            "norm_text": "B.네네 아직 안올라와서요 혹시 언제 올라오나요",
            "speaker": {
              "id": "B",
              "sex": "남성",
              "age": "1그룹(10대~20대)"
            },
            "speechAct": "질문하기",
            "morpheme": "B/SL+네네/IC+아직/MAG+안/MAG+올라와서/VV+EC+요/JX+혹시/MAG+언제/MAG+올라오/VV+나요/EC"
          },
          {
            "id": 6,
            "text": "A.오늘 수업 하신 걸까요",
            "norm_text": "A.오늘 수업 하신 걸까요",
            "speaker": {
              "id": "A",
              "sex": "여성",
              "age": "1그룹(10대~20대)"
            },
            "speechAct": "질문하기",
            "morpheme": "A/SL+오늘/MAG+수업/NNG+하/XSV+신/EP+ETM+걸까요/NNB+VCP+EC"
          },
          {
            "id": 7,
            "text": "B.네 한 한시간 전쯤 수업 끝났어요",
            "norm_text": "B.네 한 한시간 전쯤 수업 끝났어요",
            "speaker": {
              "id": "B",
              "sex": "남성",
              "age": "1그룹(10대~20대)"
            },
            "speechAct": "진술하기",
            "morpheme": "B/SL+네/IC+한/MM+한/MM+시간/NNG+전/NNG+쯤/XSN+수업/NNG+끝/NNG+났/VV+EP+어요/EF"
          },
          {
            "id": 8,
            "text": "A.수업 후 피드백은 원칙적으로 3시간 내로 업데이트 됩니다",
            "norm_text": "A.수업 후 피드백은 원칙적으로 3시간 내로 업데이트 됩니다",
            "speaker": {
              "id": "A",
              "sex": "여성",
              "age": "1그룹(10대~20대)"
            },
            "speechAct": "진술하기",
            "morpheme": "A/SL+./SY+수업/NNG+후/NNG+피드백/NNG+은/JX+원칙/NNG+적/XSN+으로/JKB+3/SN+시간/NNG+내/NNB+로/JKB+업데이트/NNG+됩니다/XSV+EC"
          },
          {
            "id": 9,
            "text": "B.아 그럼 좀 기다려야겠네요",
            "norm_text": "B.아 그럼 좀 기다려야겠네요",
            "speaker": {
              "id": "B",
              "sex": "남성",
              "age": "1그룹(10대~20대)"
            },
            "speechAct": "질문하기",
            "morpheme": "B/SL+아/IC+그럼/MAJ+좀/MAG+기다려야/VV+EC+VX+겠/EP+네요/EC"
          },
          {
            "id": 10,
            "text": "A.네 3시간내로 올라올 예정이니 잠시만 기다려주세요",
            "norm_text": "A.네 3시간내로 올라올 예정이니 잠시만 기다려주세요",
            "speaker": {
              "id": "A",
              "sex": "여성",
              "age": "1그룹(10대~20대)"
            },
            "speechAct": "진술하기",
            "morpheme": "A/SL+네/MM+3/SN+시간/NNG+내/NNB+로/JKB+올라올/VV+ETM+예정/NNG+이/VCP+니/EC+잠시/NNG+만/JX+기다려/VV+EC+주/VX+세요/EP+EF"
          },
          {
            "id": 11,
            "text": "B.알겠습니다 알려주셔서 감사해요",
            "norm_text": "B.알겠습니다 알려주셔서 감사해요",
            "speaker": {
              "id": "B",
              "sex": "남성",
              "age": "1그룹(10대~20대)"
            },
            "speechAct": "감사하기",
            "morpheme": "B/SL+알/VV+겠/EP+습니다/EF+알려/VV+EC+주/VX+셔서/EP+EC+감사/NNG+해요/XSV+EC"
          },
          {
            "id": 12,
            "text": "A.네 지금까지 #@이름# 이었습니다",
            "norm_text": "A.네 지금까지 #@이름# 이었습니다",
            "speaker": {
              "id": "A",
              "sex": "여성",
              "age": "1그룹(10대~20대)"
            },
            "speechAct": "인사하기",
            "morpheme": "A/SL+네/IC+지금/NNG+까지/JX+#/SY+@/SY+이름/NNG+#/SY+이/VCP+었/EP+습니다/EF"
          }
        ]
      }
    }
  ]
}