{
  "dataset": {
    "identifier": 139686,
    "name": "e1_20211115_0006_0248_01",
    "src_path": "/data/file/cubeManager/PROJECT018/91/txt20211110140003012720/e1_20211115_0006_0248_01/",
    "label_path": "/data/file/cubeManager/PROJECT018/91/txt20211110140003012720/e1_20211115_0006_0248_01/",
    "category": 2,
    "type": 0
  },
  "licenses": {
    "name": "Apache License 1.0",
    "url": "http://www.apache.org/licenses/LICENSE-1.0"
  },
  "info": [
    {
      "id": 157709,
      "filename": "e1_0066_0061_02.txt",
      "title": "e1_0066_0061_02",
      "mediatype": "콜센터",
      "medianame": "콜센터",
      "category": "목적대화",
      "date": "2021-11-10",
      "size": 359,
      "annotations": {
        "subject": "프로그램 문의",
        "speaker_type": "1:1",
        "size": 359,
        "word_size": 83,
        "text": "A. #@소속# #@이름#입니다 어떤걸 도와드릴까요\nB. 안녕하세요 교재파일을 다운 받았는데 어떻게 해야 교재를 볼 수가 있나요\nA. 교재아이콘 클릭 할때 마우스 왼쪽 버튼을 누른 후 다른 이름으로 저장해주세요\nA. 교재 파일은 pdf파일로 지원이 됩니다\nB. pdf파일로 했는데도 안되는데요\nA. Acrobat Reader 프로그램 깔려있으신가요\nB. 아니요 프로그램 없어요\nA. 학습프로그램에서 다운 받아 설치하신 후에 교재 여시면 교재파일 볼 수 있습니다\nB. 감사합니다 학습프로그램에서 다운받으면 된다는거죠\nA. 네 학습프로그램 이동하셔서 10번 첨부파일 설치하시면 됩니다\nB. 아 알겠습니다 감사합니다\nA. 네 좋은 하루 되세요 #@이름# 상담사였습니다",
        "lines": [
          {
            "id": 1,
            "text": "A. #@소속# #@이름#입니다 어떤걸 도와드릴까요",
            "norm_text": "A. #@소속# #@이름#입니다 어떤걸 도와드릴까요",
            "speaker": {
              "id": "A",
              "sex": "여성",
              "age": "1그룹(10대~20대)"
            },
            "speechAct": "인사하기",
            "morpheme": "A/SL+./SY+#/SY+@/SY+소속/NNG+#/SY+#/SY+@/SY+이름/NNG+#/SY+입니다/VCP+EF+어떤/MM+걸/NNB+JKO+도와/VV+EC+드릴까요/VX+EC"
          },
          {
            "id": 2,
            "text": "B. 안녕하세요 교재파일을 다운 받았는데 어떻게 해야 교재를 볼 수가 있나요",
            "norm_text": "B.안녕하세요 교재파일을 다운 받았는데 교재를 어떻게 볼 수 있나요",
            "speaker": {
              "id": "B",
              "sex": "남성",
              "age": "1그룹(10대~20대)"
            },
            "speechAct": "질문하기",
            "morpheme": "B/SL+./SY+안녕/NNG+하/XSV+세요/EP+EF+교재/NNG+파일/NNG+을/JKO+다운/NNG+받/VV+았/EP+는데/EC+어떻게/MAG+해야/VV+EC+교재/NNG+를/JKO+볼/VV+ETM+수/NNB+가/JKS+있/VA+나요/EC"
          },
          {
            "id": 3,
            "text": "A. 교재아이콘 클릭 할때 마우스 왼쪽 버튼을 누른 후 다른 이름으로 저장해주세요",
            "norm_text": "A.교재아이콘에 마우스 왼쪽 버튼을 누른 후 다른 이름으로 저장해주세요",
            "speaker": {
              "id": "A",
              "sex": "여성",
              "age": "1그룹(10대~20대)"
            },
            "speechAct": "명령하기/요구하기",
            "morpheme": "A/SL+./SY+교재/NNG+아이콘/NNG+에/JKB+마우스/NNG+왼쪽/NNG+버튼/NNG+을/JKO+누른/VV+ETM+후/NNG+다른/MM+이름/NNG+으로/JKB+저장/NNG+해/XSV+EC+주/VX+세요/EP+EF"
          },
          {
            "id": 4,
            "text": "A. 교재 파일은 pdf파일로 지원이 됩니다",
            "norm_text": "A. 교재 파일은 pdf파일로 지원이 됩니다",
            "speaker": {
              "id": "A",
              "sex": "여성",
              "age": "1그룹(10대~20대)"
            },
            "speechAct": "진술하기",
            "morpheme": "A/SL+./SY+교재/NNG+파일/NNG+은/JX+pdf/SL+파일/NNG+로/JKB+지원/NNG+이/JKS+됩니다/VV+EF"
          },
          {
            "id": 5,
            "text": "B. pdf파일로 했는데도 안되는데요",
            "norm_text": "B. pdf파일로 했는데도 안되는데요",
            "speaker": {
              "id": "B",
              "sex": "남성",
              "age": "1그룹(10대~20대)"
            },
            "speechAct": "질문하기",
            "morpheme": "B/SL+./SY+pdf/SL+파일/NNG+로/JKB+했/VV+EP+는데/EC+도/JX+안/MAG+되/VV+는데요/EC"
          },
          {
            "id": 6,
            "text": "A. Acrobat Reader 프로그램 깔려있으신가요",
            "norm_text": "A. Acrobat Reader 프로그램 깔려있으신가요",
            "speaker": {
              "id": "A",
              "sex": "여성",
              "age": "1그룹(10대~20대)"
            },
            "speechAct": "질문하기",
            "morpheme": "A/SL+./SY+AcrobatReader/SL+프로그램/NNG+깔려/VV+EC+있/VX+으신/EP+ETM+가요/NNG"
          },
          {
            "id": 7,
            "text": "B. 아니요 프로그램 없어요",
            "norm_text": "B. 아니요 프로그램 없어요",
            "speaker": {
              "id": "B",
              "sex": "남성",
              "age": "1그룹(10대~20대)"
            },
            "speechAct": "진술하기",
            "morpheme": "B/SL+아니요/IC+프로그램/NNG+없/VA+어요/EF"
          },
          {
            "id": 8,
            "text": "A. 학습프로그램에서 다운 받아 설치하신 후에 교재 여시면 교재파일 볼 수 있습니다",
            "norm_text": "A.학습프로그램에서 다운 받아 설치 후에 여시면 교재파일 볼 수 있습니다",
            "speaker": {
              "id": "A",
              "sex": "여성",
              "age": "1그룹(10대~20대)"
            },
            "speechAct": "진술하기",
            "morpheme": "A/SL+./SY+학습/NNG+프로그램/NNG+에서/JKB+다운/NNG+받/VV+아/EC+설치/NNG+후/NNG+에/JKB+여/VV+시/EP+면/EC+교재/NNG+파일/NNG+볼/VV+ETM+수/NNB+있/VV+습니다/EF"
          },
          {
            "id": 9,
            "text": "B. 감사합니다 학습프로그램에서 다운받으면 된다는거죠",
            "norm_text": "B. 감사합니다 학습프로그램에서 다운받으면 된다는거죠",
            "speaker": {
              "id": "B",
              "sex": "남성",
              "age": "1그룹(10대~20대)"
            },
            "speechAct": "질문하기",
            "morpheme": "B/SL+./SY+감사/NNG+합니다/XSV+EF+학습/NNG+프로그램/NNG+에서/JKB+다운/NNG+받/VV+으면/EC+된다는/VV+ETM+거/NNB+죠/VCP+EC"
          },
          {
            "id": 10,
            "text": "A. 네 학습프로그램 이동하셔서 10번 첨부파일 설치하시면 됩니다",
            "norm_text": "A. 네 학습프로그램 이동하셔서 10번 첨부파일 설치하시면 됩니다",
            "speaker": {
              "id": "A",
              "sex": "여성",
              "age": "1그룹(10대~20대)"
            },
            "speechAct": "진술하기",
            "morpheme": "A/SL+네/IC+학습/NNG+프로그램/NNG+이/JKS+동하/VV+셔서/EP+EC+10/SN+번/NNBC+첨부/NNG+파일/NNG+설치/NNG+하/XSV+시/EP+면/EC+됩니다/VX+EC"
          },
          {
            "id": 11,
            "text": "B. 아 알겠습니다 감사합니다",
            "norm_text": "B. 아 알겠습니다 감사합니다",
            "speaker": {
              "id": "B",
              "sex": "남성",
              "age": "1그룹(10대~20대)"
            },
            "speechAct": "감사하기",
            "morpheme": "B/SL+아/IC+알/VV+겠/EP+습니다/EF+감사/NNG+합니다/XSV+EC"
          },
          {
            "id": 12,
            "text": "A. 네 좋은 하루 되세요 #@이름# 상담사였습니다",
            "norm_text": "A. 네 좋은 하루 되세요 #@이름# 상담사였습니다",
            "speaker": {
              "id": "A",
              "sex": "여성",
              "age": "1그룹(10대~20대)"
            },
            "speechAct": "인사하기",
            "morpheme": "A/SL+네/IC+좋/VA+은/ETM+하루/NNG+되/XSV+세요/EP+EF+#/SY+@/SY+이름/NNG+#/SY+상담/NNG+사/NNG+였/VCP+EP+습니다/EF"
          }
        ]
      }
    }
  ]
}