{
  "dataset": {
    "identifier": 140600,
    "name": "e1_20211115_0006_0597_01",
    "src_path": "/data/file/cubeManager/PROJECT018/91/txt20211110140006094339/e1_20211115_0006_0597_01/",
    "label_path": "/data/file/cubeManager/PROJECT018/91/txt20211110140006094339/e1_20211115_0006_0597_01/",
    "category": 2,
    "type": 0
  },
  "licenses": {
    "name": "Apache License 1.0",
    "url": "http://www.apache.org/licenses/LICENSE-1.0"
  },
  "info": [
    {
      "id": 158149,
      "filename": "e1_0068_0077_02.txt",
      "title": "e1_0068_0077_02",
      "mediatype": "콜센터",
      "medianame": "콜센터",
      "category": "목적대화",
      "date": "2021-11-10",
      "size": 359,
      "annotations": {
        "subject": "프로그램 문의",
        "speaker_type": "1:1",
        "size": 359,
        "word_size": 82,
        "text": "A.합격의 기쁨을 함께 #@소속# 고객센터 상담원 #@이름# 입니다\nB.초졸에서 고졸까지 검정고시 따고 싶은데요\nB.그렇게도 가능한가 궁금해서 전화 했어요\nA.초졸에서 고졸 검정고시까지 모두 가능 하시구요\nA.중졸반 등록 하셔서 초졸이랑 중졸 시험을 먼저 치르세요\nB.그런데 중졸 준비하면서 초졸도 가능 할까요\nA.그럼요 어른들도 그렇게들 많이 하세요\nB.그럼 여기서 전부 가능 하다는 거지요\nA.네 그렇죠 그리구 대입까지도 가능 하시거든요\nB.일단 고졸까지는 해봐야겠네요 등록은 학원 나가서 해야지요\nA.네 편하신 시간에 오셔서 상담 등록 하시면 되세요\nB.알겠습니다 자세한 상담 감사했어요 수고하세요\nA.#@소속# 상담원 #@이름# 이었습니다 좋은 하루 되세요",
        "lines": [
          {
            "id": 1,
            "text": "A.합격의 기쁨을 함께 #@소속# 고객센터 상담원 #@이름# 입니다",
            "norm_text": "A.합격의 기쁨을 함께 #@소속# 고객센터 상담원 #@이름# 입니다",
            "speaker": {
              "id": "A",
              "sex": "여성",
              "age": "1그룹(10대~20대)"
            },
            "speechAct": "인사하기",
            "morpheme": "A/SL+./SY+합격/NNG+의/JKG+기쁨/NNG+을/JKO+함께/MAG+#/SY+@/SY+소속/NNG+#/SY+고객/NNG+센터/NNG+상담원/NNG+#/SY+@/SY+이름/NNG+#/SY+입니다/VCP+EC"
          },
          {
            "id": 2,
            "text": "B.초졸에서 고졸까지 검정고시 따고 싶은데요",
            "norm_text": "B.초졸에서 고졸까지 검정고시 따고 싶은데요",
            "speaker": {
              "id": "B",
              "sex": "남성",
              "age": "1그룹(10대~20대)"
            },
            "speechAct": "진술하기",
            "morpheme": "B/SL+./SY+초/XPN+졸/NNG+에서/JKB+고/XPN+졸/NNG+까지/JX+검정고시/NNG+따/VV+고/EC+싶/VX+은데요/EC"
          },
          {
            "id": 3,
            "text": "B.그렇게도 가능한가 궁금해서 전화 했어요",
            "norm_text": "B.그렇게도 가능한가 궁금해서 전화 했어요",
            "speaker": {
              "id": "B",
              "sex": "남성",
              "age": "1그룹(10대~20대)"
            },
            "speechAct": "진술하기",
            "morpheme": "B/SL+그렇게/MAG+도/JX+가능/NNG+한가/XSA+EC+궁금/XR+해서/XSA+EC+전화/NNG+했어요/XSV+EP+EC"
          },
          {
            "id": 4,
            "text": "A.초졸에서 고졸 검정고시까지 모두 가능 하시구요",
            "norm_text": "A.초졸에서 고졸 검정고시까지 모두 가능 하시구요",
            "speaker": {
              "id": "A",
              "sex": "여성",
              "age": "1그룹(10대~20대)"
            },
            "speechAct": "진술하기",
            "morpheme": "A/SL+./SY+초/XPN+졸/NNG+에서/JKB+고졸/XR+검정고시/NNG+까지/JX+모두/MAG+가능/NNG+하/XSV+시/EP+구요/EF"
          },
          {
            "id": 5,
            "text": "A.중졸반 등록 하셔서 초졸이랑 중졸 시험을 먼저 치르세요",
            "norm_text": "A.중졸반 등록 하셔서 초졸이랑 중졸 시험을 먼저 치르세요",
            "speaker": {
              "id": "A",
              "sex": "여성",
              "age": "1그룹(10대~20대)"
            },
            "speechAct": "진술하기",
            "morpheme": "A/SL+중/NNB+졸/VA+ETM+반/NNG+등록/NNG+하/XSV+셔서/EP+EC+초/XPN+졸/NNG+이/JKS+랑중/NNG+졸/VA+ETM+시험/NNG+을/JKO+먼저/MAG+치르/VV+세요/EP+EF"
          },
          {
            "id": 6,
            "text": "B.그런데 중졸 준비하면서 초졸도 가능 할까요",
            "norm_text": "B.그런데 중졸 준비하면서 초졸도 가능 할까요",
            "speaker": {
              "id": "B",
              "sex": "남성",
              "age": "1그룹(10대~20대)"
            },
            "speechAct": "질문하기",
            "morpheme": "B/SL+그런데/MAJ+중/NNB+졸/VA+ETM+준비/NNG+하/XSV+면서/EC+초/XPN+졸도/NNG+가능/NNG+할까요/XSV+EC"
          },
          {
            "id": 7,
            "text": "A.그럼요 어른들도 그렇게들 많이 하세요",
            "norm_text": "A.그럼요 어른들도 그렇게들 많이 하세요",
            "speaker": {
              "id": "A",
              "sex": "여성",
              "age": "1그룹(10대~20대)"
            },
            "speechAct": "진술하기",
            "morpheme": "A/SL+그럼/MAJ+요/MM+어른/NNG+들/XSN+도/JX+그렇/VA+게/EC+들/XSN+많이/MAG+하/VV+세요/EP+EF"
          },
          {
            "id": 8,
            "text": "B.그럼 여기서 전부 가능 하다는 거지요",
            "norm_text": "B.그럼 여기서 전부 가능 하다는 거지요",
            "speaker": {
              "id": "B",
              "sex": "남성",
              "age": "1그룹(10대~20대)"
            },
            "speechAct": "질문하기",
            "morpheme": "B/SL+그럼/MAJ+여기/NP+서/JKB+전부/MAG+가능/NNG+하/XSA+다는/ETM+거/NNB+지요/VCP+EC"
          },
          {
            "id": 9,
            "text": "A.네 그렇죠 그리구 대입까지도 가능 하시거든요",
            "norm_text": "A.네 그렇죠 그리구 대입까지도 가능 하시거든요",
            "speaker": {
              "id": "A",
              "sex": "여성",
              "age": "1그룹(10대~20대)"
            },
            "speechAct": "진술하기",
            "morpheme": "A/SL+네/IC+그렇/VA+죠/EF+그리구/MAJ+대입/NNG+까지/JX+도/JX+가능/NNG+하/XSV+시/EP+거든요/EF"
          },
          {
            "id": 10,
            "text": "B.일단 고졸까지는 해봐야겠네요 등록은 학원 나가서 해야지요",
            "norm_text": "B.일단 고졸까지는 해봐야겠네요 등록은 학원 나가서 해야지요",
            "speaker": {
              "id": "B",
              "sex": "남성",
              "age": "1그룹(10대~20대)"
            },
            "speechAct": "질문하기",
            "morpheme": "B/SL+일단/MAG+고/MM+졸/NNG+까지/JX+는/JX+해/VV+EC+봐야/VX+EC+VV+겠/EP+네요/EF+등록/NNG+은/JX+학원/NNG+나가/VV+서/EC+해야/VX+EC+VX+지요/EC"
          },
          {
            "id": 11,
            "text": "A.네 편하신 시간에 오셔서 상담 등록 하시면 되세요",
            "norm_text": "A.네 편하신 시간에 오셔서 상담 등록 하시면 되세요",
            "speaker": {
              "id": "A",
              "sex": "여성",
              "age": "1그룹(10대~20대)"
            },
            "speechAct": "진술하기",
            "morpheme": "A/SL+네/IC+편하/VA+신/EP+ETM+시간/NNG+에/JKB+오/VV+셔서/EP+EC+상담/NNG+등록/NNG+하/XSV+시/EP+면/EC+되/VV+세요/EP+EF"
          },
          {
            "id": 12,
            "text": "B.알겠습니다 자세한 상담 감사했어요 수고하세요",
            "norm_text": "B.알겠습니다 자세한 상담 감사했어요 수고하세요",
            "speaker": {
              "id": "B",
              "sex": "남성",
              "age": "1그룹(10대~20대)"
            },
            "speechAct": "감사하기",
            "morpheme": "B/SL+알/VV+겠/EP+습니다/EF+자세/XR+한/XSA+ETM+상담/NNG+감사/NNG+했/XSV+EP+어요/EF+수고/NNG+하/XSV+세요/EP+EF"
          },
          {
            "id": 13,
            "text": "A.#@소속# 상담원 #@이름# 이었습니다 좋은 하루 되세요",
            "norm_text": "A.#@소속# 상담원 #@이름# 이었습니다 좋은 하루 되세요",
            "speaker": {
              "id": "A",
              "sex": "여성",
              "age": "1그룹(10대~20대)"
            },
            "speechAct": "인사하기",
            "morpheme": "A/SL+./SY+#/SY+@/SY+소속/NNG+#/SY+상담원/NNG+#/SY+@/SY+이름/NNG+#/SY+이/VCP+었/EP+습니다/EF+좋/VA+은/ETM+하루/NNG+되/XSV+세요/EP+EF"
          }
        ]
      }
    }
  ]
}