{
  "dataset": {
    "identifier": 139790,
    "name": "e1_20211115_0006_0308_01",
    "src_path": "/data/file/cubeManager/PROJECT018/91/txt20211110140003066987/e1_20211115_0006_0308_01/",
    "label_path": "/data/file/cubeManager/PROJECT018/91/txt20211110140003066987/e1_20211115_0006_0308_01/",
    "category": 2,
    "type": 0
  },
  "licenses": {
    "name": "Apache License 1.0",
    "url": "http://www.apache.org/licenses/LICENSE-1.0"
  },
  "info": [
    {
      "id": 157768,
      "filename": "e1_0066_0120_02.txt",
      "title": "e1_0066_0120_02",
      "mediatype": "콜센터",
      "medianame": "콜센터",
      "category": "목적대화",
      "date": "2021-11-10",
      "size": 290,
      "annotations": {
        "subject": "프로그램 문의",
        "speaker_type": "1:1",
        "size": 290,
        "word_size": 68,
        "text": "A. 안녕하세요 #@소속# #@이름# 상담사입니다\nB. 안녕하세요 제가 지금 대입을 준비하고 있는데요\nB. 거기 고수반이라는게 있는것 같던데 맞나요\nA. 네 #@소속#에 고수반이 있습니다\nB. 고수반은 어떤걸 목표로 하는지 알려주시겠어요\nA. 고수반은 수능 최저에 검정고시 고득점을 목표하고 있습니다\nB. 고수반에서 그렇게 수업들으면 뭐가 좋나요\nA. 수능최저까지 준비하시면 대입의 폭이 넓어 많은 대학교에 지원하실 수 있습니다\nB. 아 그렇군요 한번 생각해볼게요 감사합니다\nA. 네네 무더운 날씨 건강 조심하세요 #@이름# 이었습니다",
        "lines": [
          {
            "id": 1,
            "text": "A. 안녕하세요 #@소속# #@이름# 상담사입니다",
            "norm_text": "A. 안녕하세요 #@소속# #@이름# 상담사입니다",
            "speaker": {
              "id": "A",
              "sex": "여성",
              "age": "1그룹(10대~20대)"
            },
            "speechAct": "인사하기",
            "morpheme": "A/SL+./SY+안녕/NNG+하/XSV+세요/EP+EF+#/SY+@/SY+소속/NNG+#/SY+#/SY+@/SY+이름/NNG+#/SY+상담/NNG+사/NNG+입니다/VCP+EC"
          },
          {
            "id": 2,
            "text": "B. 안녕하세요 제가 지금 대입을 준비하고 있는데요",
            "norm_text": "B. 안녕하세요 제가 지금 대입을 준비하고 있는데요",
            "speaker": {
              "id": "B",
              "sex": "남성",
              "age": "1그룹(10대~20대)"
            },
            "speechAct": "진술하기",
            "morpheme": "B/SL+./SY+안녕/NNG+하/XSV+세요/EP+EF+제/NP+가/JKS+지금/MAG+대입/NNG+을/JKO+준비/NNG+하/XSV+고/EC+있/VX+는데요/EC"
          },
          {
            "id": 3,
            "text": "B. 거기 고수반이라는게 있는것 같던데 맞나요",
            "norm_text": "B. 거기 고수반이라는게 있는것 같던데 맞나요",
            "speaker": {
              "id": "B",
              "sex": "남성",
              "age": "1그룹(10대~20대)"
            },
            "speechAct": "질문하기",
            "morpheme": "B/SL+거기/NP+고/VCP+EC+수반/NNG+이/VCP+라는/ETM+게/NNB+JKS+있/VA+는/ETM+것/NNB+같/VA+던/ETM+데/NNB+맞/VV+나요/EC"
          },
          {
            "id": 4,
            "text": "A. 네 #@소속#에 고수반이 있습니다",
            "norm_text": "A. 네 #@소속#에 고수반이 있습니다",
            "speaker": {
              "id": "A",
              "sex": "여성",
              "age": "1그룹(10대~20대)"
            },
            "speechAct": "진술하기",
            "morpheme": "A/SL+네/IC+#/SY+@/SY+소속/NNG+#/SY+에고/IC+수반/NNG+이/JKS+있/VA+습니다/EF"
          },
          {
            "id": 5,
            "text": "B. 고수반은 어떤걸 목표로 하는지 알려주시겠어요",
            "norm_text": "B. 고수반은 어떤걸 목표로 하는지 알려주시겠어요",
            "speaker": {
              "id": "B",
              "sex": "남성",
              "age": "1그룹(10대~20대)"
            },
            "speechAct": "부탁하기",
            "morpheme": "B/SL+./SY+고/JKQ+수반/NNG+은/JX+어떤/MM+걸/NNB+JKO+목표/NNG+로/JKB+하/VV+는지/EC+알려/VV+EC+주/VX+시/EP+겠/EP+어요/EF"
          },
          {
            "id": 6,
            "text": "A. 고수반은 수능 최저에 검정고시 고득점을 목표하고 있습니다",
            "norm_text": "A. 고수반은 수능 최저에 검정고시 고득점을 목표하고 있습니다",
            "speaker": {
              "id": "A",
              "sex": "여성",
              "age": "1그룹(10대~20대)"
            },
            "speechAct": "진술하기",
            "morpheme": "A/SL+./SY+고/JKQ+수반/NNG+은/JX+수능/NNG+최저/NNG+에/JKB+검정고시/NNG+고/VCP+EC+득점/NNG+을/JKO+목표/NNG+하/XSV+고/EC+있/VX+습니다/EF"
          },
          {
            "id": 7,
            "text": "B. 고수반에서 그렇게 수업들으면 뭐가 좋나요",
            "norm_text": "B. 고수반에서 그렇게 수업들으면 뭐가 좋나요",
            "speaker": {
              "id": "B",
              "sex": "남성",
              "age": "1그룹(10대~20대)"
            },
            "speechAct": "질문하기",
            "morpheme": "B/SL+./SY+고/JKQ+수반/NNG+에서/JKB+그렇게/MAG+수업/NNG+들으면/VV+EC+뭐/NP+가/JKS+좋/VA+나요/EC"
          },
          {
            "id": 8,
            "text": "A. 수능최저까지 준비하시면 대입의 폭이 넓어 많은 대학교에 지원하실 수 있습니다",
            "norm_text": "A.수능최저를 준비하시면 폭이 넓어져서 많은 대학교에 지원하실 수 있어요",
            "speaker": {
              "id": "A",
              "sex": "여성",
              "age": "1그룹(10대~20대)"
            },
            "speechAct": "진술하기",
            "morpheme": "A/SL+./SY+수능/NNG+최저/NNG+까지/JX+준비/NNG+하/XSV+시/EP+면/EC+대입/NNG+의/JKG+폭/NNG+이/JKS+넓/VA+어/EC+많/VA+은/ETM+대학교/NNG+에/JKB+지원/NNG+하/XSV+실/EP+ETM+수/NNB+있/VV+습니다/EF"
          },
          {
            "id": 9,
            "text": "B. 아 그렇군요 한번 생각해볼게요 감사합니다",
            "norm_text": "B. 아 그렇군요 한번 생각해볼게요 감사합니다",
            "speaker": {
              "id": "B",
              "sex": "남성",
              "age": "1그룹(10대~20대)"
            },
            "speechAct": "감사하기",
            "morpheme": "B/SL+아/IC+그렇/VA+군요/EF+한번/MAG+생각/NNG+해/XSV+EC+볼게요/VX+EF+감사/NNG+합니다/XSV+EC"
          },
          {
            "id": 10,
            "text": "A. 네네 무더운 날씨 건강 조심하세요 #@이름# 이었습니다",
            "norm_text": "A. 네네 무더운 날씨 건강 조심하세요 #@이름# 이었습니다",
            "speaker": {
              "id": "A",
              "sex": "여성",
              "age": "1그룹(10대~20대)"
            },
            "speechAct": "인사하기",
            "morpheme": "A/SL+네네/IC+무더운/VA+ETM+날씨/NNG+건강/NNG+조심/NNG+하/XSV+세요/EP+EF+#/SY+@/SY+이름/NNG+#/SY+이/VCP+었/EP+습니다/EF"
          }
        ]
      }
    }
  ]
}