{
  "dataset": {
    "identifier": 140437,
    "name": "e1_20211115_0006_0516_01",
    "src_path": "/data/file/cubeManager/PROJECT018/91/txt20211110140005061845/e1_20211115_0006_0516_01/",
    "label_path": "/data/file/cubeManager/PROJECT018/91/txt20211110140005061845/e1_20211115_0006_0516_01/",
    "category": 2,
    "type": 0
  },
  "licenses": {
    "name": "Apache License 1.0",
    "url": "http://www.apache.org/licenses/LICENSE-1.0"
  },
  "info": [
    {
      "id": 157990,
      "filename": "e1_0067_0131_02.txt",
      "title": "e1_0067_0131_02",
      "mediatype": "콜센터",
      "medianame": "콜센터",
      "category": "목적대화",
      "date": "2021-11-10",
      "size": 268,
      "annotations": {
        "subject": "프로그램 문의",
        "speaker_type": "1:1",
        "size": 268,
        "word_size": 69,
        "text": "A. 반갑습니다 #@소속#입니다\nB. 네 저 등록 전에 문의 좀 드릴게요\nA. 어떤 부분 안내 도와드릴까요\nB. 혹시 이번달 중간에 등록해도 차질없을까요\nA. 등록 시점 기준 30일간 사용 가능한거라 걱정안하셔도 돼요\nB. 아 그렇군요 지정석 선택 가능할까요\nA. 네 홈페이지상 지정석 결제 후 사용날부터 가능하십니다\nB. 그럼 지정석 놓쳐도 담임관리는 들어가나요\nA. 네 자율석을 선택하셔도 담임관리는 동일하게 진행됩니다\nB. 다행이네요 정보 감사합니다\nA. 네 다른 문의 있으시면 또 전화주세요",
        "lines": [
          {
            "id": 1,
            "text": "A. 반갑습니다 #@소속#입니다",
            "norm_text": "A. 반갑습니다 #@소속#입니다",
            "speaker": {
              "id": "A",
              "sex": "여성",
              "age": "1그룹(10대~20대)"
            },
            "speechAct": "인사하기",
            "morpheme": "A/SL+반갑/VA+습니다/EF+#/SY+@/SY+소속/NNG+#/SY+입니다/VCP+EC"
          },
          {
            "id": 2,
            "text": "B. 네 저 등록 전에 문의 좀 드릴게요",
            "norm_text": "B. 네 저 등록 전에 문의 좀 드릴게요",
            "speaker": {
              "id": "B",
              "sex": "남성",
              "age": "1그룹(10대~20대)"
            },
            "speechAct": "진술하기",
            "morpheme": "B/SL+네/IC+저/MM+등록/NNG+전/NNG+에/JKB+문/NNG+의/JKG+좀/MAG+드릴게요/VV+EC"
          },
          {
            "id": 3,
            "text": "A. 어떤 부분 안내 도와드릴까요",
            "norm_text": "A. 어떤 부분 안내 도와드릴까요",
            "speaker": {
              "id": "A",
              "sex": "여성",
              "age": "1그룹(10대~20대)"
            },
            "speechAct": "질문하기",
            "morpheme": "A/SL+어떤/MM+부분/NNG+안내/NNG+도와/VV+EC+드릴까요/VX+EC"
          },
          {
            "id": 4,
            "text": "B. 혹시 이번달 중간에 등록해도 차질없을까요",
            "norm_text": "B. 혹시 이번달 중간에 등록해도 차질없을까요",
            "speaker": {
              "id": "B",
              "sex": "남성",
              "age": "1그룹(10대~20대)"
            },
            "speechAct": "질문하기",
            "morpheme": "B/SL+혹시/MAG+이번/NNG+달/NNG+중간/NNG+에/JKB+등록/NNG+해도/XSV+EC+차질/NNG+없/VA+을까요/EC"
          },
          {
            "id": 5,
            "text": "A. 등록 시점 기준 30일간 사용 가능한거라 걱정안하셔도 돼요",
            "norm_text": "A. 등록 시점 기준 30일간 사용 가능한거라 걱정안하셔도 돼요",
            "speaker": {
              "id": "A",
              "sex": "여성",
              "age": "1그룹(10대~20대)"
            },
            "speechAct": "진술하기",
            "morpheme": "A/SL+./SY+등록/NNG+시점/NNG+기준/NNG+30/SN+일/NNBC+간/NNG+사용/NNG+가능/NNG+한/XSA+ETM+거/NNB+라/VCP+EC+걱정/NNG+안/MAG+하/VV+셔도/EP+EC+돼요/VV+EC"
          },
          {
            "id": 6,
            "text": "B. 아 그렇군요 지정석 선택 가능할까요",
            "norm_text": "B. 아 그렇군요 지정석 선택 가능할까요",
            "speaker": {
              "id": "B",
              "sex": "남성",
              "age": "1그룹(10대~20대)"
            },
            "speechAct": "질문하기",
            "morpheme": "B/SL+아/IC+그렇/VA+군요/EC+지정석/NNG+선택/NNG+가능/NNG+할까요/XSV+EC"
          },
          {
            "id": 7,
            "text": "A. 네 홈페이지상 지정석 결제 후 사용날부터 가능하십니다",
            "norm_text": "A. 네 홈페이지상 지정석 결제 후 사용날부터 가능하십니다",
            "speaker": {
              "id": "A",
              "sex": "여성",
              "age": "1그룹(10대~20대)"
            },
            "speechAct": "진술하기",
            "morpheme": "A/SL+네/IC+홈페이지/NNG+상/XSN+지정석/NNG+결제/NNG+후/NNG+사용/NNG+날/NNG+부터/JX+가능/NNG+하/XSV+십니다/EP+EC"
          },
          {
            "id": 8,
            "text": "B. 그럼 지정석 놓쳐도 담임관리는 들어가나요",
            "norm_text": "B. 그럼 지정석 놓쳐도 담임관리는 들어가나요",
            "speaker": {
              "id": "B",
              "sex": "남성",
              "age": "1그룹(10대~20대)"
            },
            "speechAct": "명령하기/요구하기",
            "morpheme": "B/SL+그럼/MAJ+지정석/NNG+놓쳐도/VV+EC+담임/NNG+관리/NNG+는/JX+들어가/VV+나요/EC"
          },
          {
            "id": 9,
            "text": "A. 네 자율석을 선택하셔도 담임관리는 동일하게 진행됩니다",
            "norm_text": "A. 네 자율석을 선택하셔도 담임관리는 동일하게 진행됩니다",
            "speaker": {
              "id": "A",
              "sex": "여성",
              "age": "1그룹(10대~20대)"
            },
            "speechAct": "진술하기",
            "morpheme": "A/SL+네/IC+자/IC+율석/NNG+을/JKO+선택/NNG+하/XSV+셔도/EP+EC+담임/NNG+관리/NNG+는/JX+동일/NNG+하/XSV+게/EC+진행/NNG+됩니다/XSV+EC"
          },
          {
            "id": 10,
            "text": "B. 다행이네요 정보 감사합니다",
            "norm_text": "B. 다행이네요 정보 감사합니다",
            "speaker": {
              "id": "B",
              "sex": "남성",
              "age": "1그룹(10대~20대)"
            },
            "speechAct": "감사하기",
            "morpheme": "B/SL+./SY+다행/NNG+이/VCP+네요/EF+정보/NNG+감사/NNG+합니다/XSV+EC"
          },
          {
            "id": 11,
            "text": "A. 네 다른 문의 있으시면 또 전화주세요",
            "norm_text": "A. 네 다른 문의 있으시면 또 전화주세요",
            "speaker": {
              "id": "A",
              "sex": "여성",
              "age": "1그룹(10대~20대)"
            },
            "speechAct": "인사하기",
            "morpheme": "A/SL+네/IC+다른/MM+문/NNG+의/JKG+있/VA+으시/EP+면/EC+또/MAG+전화/NNG+주세요/NNP"
          }
        ]
      }
    }
  ]
}