{
  "dataset": {
    "identifier": 141029,
    "name": "e1_20211115_0006_0686_01",
    "src_path": "/data/file/cubeManager/PROJECT018/91/txt20211110140013023376/e1_20211115_0006_0686_01/",
    "label_path": "/data/file/cubeManager/PROJECT018/91/txt20211110140013023376/e1_20211115_0006_0686_01/",
    "category": 2,
    "type": 0
  },
  "licenses": {
    "name": "Apache License 1.0",
    "url": "http://www.apache.org/licenses/LICENSE-1.0"
  },
  "info": [
    {
      "id": 158932,
      "filename": "e1_0071_0128_02.txt",
      "title": "e1_0071_0128_02",
      "mediatype": "콜센터",
      "medianame": "콜센터",
      "category": "목적대화",
      "date": "2021-11-10",
      "size": 366,
      "annotations": {
        "subject": "프로그램 문의",
        "speaker_type": "1:1",
        "size": 366,
        "word_size": 84,
        "text": "A.행복을 전하는 #@소속# 상담원 #@이름# 입니다\nB.안녕하세요 조기 졸업 관련으로 문의 드리려고 하는데요\nB.예전에 70학점만 채우면 된다고 안내 받았었는데 꼭 2년을 다 채워야 하는건지 궁금합니다\nA.아닙니다 계절학기까지 들으시면 1년 반 만에도 조기졸업이 가능하세요\nB.아 그런가요 열심히 수업 들어야겠네요\nB.그리고 계절학기에 교양 수업을 들을 수 있는지 궁금합니다\nA.아직 계절학기 공지사항이 올라오지 않아 바로 확인은 어려우신데요\nA.곧 공지사항에 올라올 예정이니 그 때 참고 바랍니다\nB.대략 언제쯤 알 수 있을까요\nA.이번 달 내로는 관련 공지사항이 나오실 거세요\nB.음 일단 알겠습니다 수고하세요\nA.추운날씨에 감기 조심하세요 상담원 #@이름# 이었습니다",
        "lines": [
          {
            "id": 1,
            "text": "A.행복을 전하는 #@소속# 상담원 #@이름# 입니다",
            "norm_text": "A.행복을 전하는 #@소속# 상담원 #@이름# 입니다",
            "speaker": {
              "id": "A",
              "sex": "여성",
              "age": "2그룹(30대~40대)"
            },
            "speechAct": "인사하기",
            "morpheme": "A/SL+./SY+행복/NNG+을/JKO+전하/VV+는/ETM+#/SY+@/SY+소속/NNG+#/SY+상담원/NNG+#/SY+@/SY+이름/NNG+#/SY+입니다/VCP+EC"
          },
          {
            "id": 2,
            "text": "B.안녕하세요 조기 졸업 관련으로 문의 드리려고 하는데요",
            "norm_text": "B.안녕하세요 조기 졸업 관련으로 문의 드리려고 하는데요",
            "speaker": {
              "id": "B",
              "sex": "남성",
              "age": "2그룹(30대~40대)"
            },
            "speechAct": "진술하기",
            "morpheme": "B/SL+./SY+안녕/NNG+하/XSV+세요/EP+EF+조기/NNG+졸업/NNG+관련/NNG+으로/JKB+문/NNG+의/JKG+드리/VV+려고/EC+하/VV+는데요/EC"
          },
          {
            "id": 3,
            "text": "B.예전에 70학점만 채우면 된다고 안내 받았었는데 꼭 2년을 다 채워야 하는건지 궁금합니다",
            "norm_text": "B.예전에 70학점만 채우면 된다고 안내 받았었는데 꼭 2년을 다 채워야 하는건지 궁금합니다",
            "speaker": {
              "id": "B",
              "sex": "남성",
              "age": "2그룹(30대~40대)"
            },
            "speechAct": "질문하기",
            "morpheme": "B/SL+./SY+예전/NNG+에/JKB+70/SN+학점/NNG+만/JX+채우/VV+면/EC+된다고/VV+EC+안/MAG+내받/VV+았었/EP+는데/EC+꼭/MAG+2/SN+년/NNBC+을/JKO+다/MAG+채워야/VV+EC+하/VV+는/ETM+건지/NNB+VCP+EC+궁금/XR+합니다/XSA+EC"
          },
          {
            "id": 4,
            "text": "A.아닙니다 계절학기까지 들으시면 1년 반 만에도 조기졸업이 가능하세요",
            "norm_text": "A.아닙니다 계절학기까지 들으시면 1년 반 만에도 조기졸업이 가능하세요",
            "speaker": {
              "id": "A",
              "sex": "여성",
              "age": "2그룹(30대~40대)"
            },
            "speechAct": "진술하기",
            "morpheme": "A/SL+아닙니다/VCN+EC+계절/NNG+학기/NNG+까지/JX+들으시면/VV+EP+EC+1/SN+년/NNBC+반/NNG+만/NNB+에/JKB+도/JX+조기/NNG+졸업/NNG+이/JKS+가능/NNG+하/XSV+세요/EP+EF"
          },
          {
            "id": 5,
            "text": "B.아 그런가요 열심히 수업 들어야겠네요",
            "norm_text": "B.아 그런가요 열심히 수업 들어야겠네요",
            "speaker": {
              "id": "B",
              "sex": "남성",
              "age": "2그룹(30대~40대)"
            },
            "speechAct": "진술하기",
            "morpheme": "B/SL+아/IC+그런/MM+가요/NNG+열심히/MAG+수업/NNG+들어야/VV+EC+VX+겠/EP+네요/EC"
          },
          {
            "id": 6,
            "text": "B.그리고 계절학기에 교양 수업을 들을 수 있는지 궁금합니다",
            "norm_text": "B.그리고 계절학기에 교양 수업을 들을 수 있는지 궁금합니다",
            "speaker": {
              "id": "B",
              "sex": "남성",
              "age": "2그룹(30대~40대)"
            },
            "speechAct": "질문하기",
            "morpheme": "B/SL+그리고/MAJ+계절/NNG+학기/NNG+에/JKB+교양/NNG+수업/NNG+을/JKO+들/VV+을/ETM+수/NNB+있/VV+는지/EC+궁금/XR+합니다/XSA+EC"
          },
          {
            "id": 7,
            "text": "A.아직 계절학기 공지사항이 올라오지 않아 바로 확인은 어려우신데요",
            "norm_text": "A.아직 계절학기 공지사항이 올라오지 않아 바로 확인은 어려우신데요",
            "speaker": {
              "id": "A",
              "sex": "여성",
              "age": "2그룹(30대~40대)"
            },
            "speechAct": "진술하기",
            "morpheme": "A/SL+아직/MAG+계절/NNG+학기/NNG+공지/NNG+사항/NNG+이/JKS+올라오/VV+지/EC+않/VX+아/EC+바로/MAG+확인/NNG+은/JX+어려우/VA+신데요/EP+EC"
          },
          {
            "id": 8,
            "text": "A.곧 공지사항에 올라올 예정이니 그 때 참고 바랍니다",
            "norm_text": "A.곧 공지사항에 올라올 예정이니 그 때 참고 바랍니다",
            "speaker": {
              "id": "A",
              "sex": "여성",
              "age": "2그룹(30대~40대)"
            },
            "speechAct": "명령하기/요구하기",
            "morpheme": "A/SL+곧/MAG+공지/NNG+사항/NNG+에/JKB+올라올/VV+ETM+예정/NNG+이/VCP+니/EC+그때/NNG+참고/NNG+바랍니다/VV+EC"
          },
          {
            "id": 9,
            "text": "B.대략 언제쯤 알 수 있을까요",
            "norm_text": "B.대략 언제쯤 알 수 있을까요",
            "speaker": {
              "id": "B",
              "sex": "남성",
              "age": "2그룹(30대~40대)"
            },
            "speechAct": "질문하기",
            "morpheme": "B/SL+대략/MAG+언제/NP+쯤/XSN+알/VV+ETM+수/NNB+있/VV+을까요/EC"
          },
          {
            "id": 10,
            "text": "A.이번 달 내로는 관련 공지사항이 나오실 거세요",
            "norm_text": "A.이번 달 내로는 관련 공지사항이 나오실 거세요",
            "speaker": {
              "id": "A",
              "sex": "여성",
              "age": "2그룹(30대~40대)"
            },
            "speechAct": "진술하기",
            "morpheme": "A/SL+./SY+이번/NNG+달/NNG+내/NNB+로/JKB+는/JX+관련/NNG+공지/NNG+사항/NNG+이/JKS+나오/VV+실/EP+ETM+거/NNB+세요/VCP+EP+EF"
          },
          {
            "id": 11,
            "text": "B.음 일단 알겠습니다 수고하세요",
            "norm_text": "B.음 일단 알겠습니다 수고하세요",
            "speaker": {
              "id": "B",
              "sex": "남성",
              "age": "2그룹(30대~40대)"
            },
            "speechAct": "인사하기",
            "morpheme": "B/SL+음/IC+일단/MAG+알/VV+겠/EP+습니다/EF+수고/NNG+하/XSV+세요/EP+EF"
          },
          {
            "id": 12,
            "text": "A.추운날씨에 감기 조심하세요 상담원 #@이름# 이었습니다",
            "norm_text": "A.추운날씨에 감기 조심하세요 상담원 #@이름# 이었습니다",
            "speaker": {
              "id": "A",
              "sex": "여성",
              "age": "2그룹(30대~40대)"
            },
            "speechAct": "인사하기",
            "morpheme": "A/SL+추운/VA+ETM+날씨/NNG+에/JKB+감기/NNG+조심/NNG+하/XSV+세요/EP+EF+상담원/NNG+#/SY+@/SY+이름/NNG+#/SY+이/VCP+었/EP+습니다/EF"
          }
        ]
      }
    }
  ]
}