{
  "dataset": {
    "identifier": 139952,
    "name": "e1_20211115_0006_0398_01",
    "src_path": "/data/file/cubeManager/PROJECT018/91/txt20211110140004075772/e1_20211115_0006_0398_01/",
    "label_path": "/data/file/cubeManager/PROJECT018/91/txt20211110140004075772/e1_20211115_0006_0398_01/",
    "category": 2,
    "type": 0
  },
  "licenses": {
    "name": "Apache License 1.0",
    "url": "http://www.apache.org/licenses/LICENSE-1.0"
  },
  "info": [
    {
      "id": 157874,
      "filename": "e1_0067_0015_02.txt",
      "title": "e1_0067_0015_02",
      "mediatype": "콜센터",
      "medianame": "콜센터",
      "category": "목적대화",
      "date": "2021-11-10",
      "size": 314,
      "annotations": {
        "subject": "프로그램 문의",
        "speaker_type": "1:1",
        "size": 314,
        "word_size": 80,
        "text": "A. 안녕하세요 20만명의 선택 #@소속#입니다\nB. 네 저 수강생 #@이름#인데요\nB. 이번 추석에 특강 마련되어있나요\nA. #@이름#님 어떤 수업 수강중이신가요\nB. #@이름# 교수님 수업 듣고 있습니다\nA. 네 확인해보니 추석 특강은 따로 잡혀있지 않습니다\nB. 특강만 없는건가요 아니면 학원이 아예 운영을 안하나요\nA. 정해지는대로 학원 운영 시간 관련 추후 안내 예정입니다\nB. 그럼 추석 끝나고는 바로 특강 잡힌게 있나요\nA. 특강 안내도 학원 공지사항에 업로드 예정이니 참고해주세요\nB. 일단 추석 특강은 확실히 없는거죠 알겠습니다\nA. 네 감사합니다 좋은 하루 되세요",
        "lines": [
          {
            "id": 1,
            "text": "A. 안녕하세요 20만명의 선택 #@소속#입니다",
            "norm_text": "A. 안녕하세요 20만명의 선택 #@소속#입니다",
            "speaker": {
              "id": "A",
              "sex": "여성",
              "age": "1그룹(10대~20대)"
            },
            "speechAct": "인사하기",
            "morpheme": "A/SL+./SY+안녕/NNG+하/XSV+세요/EP+EF+20/SN+만/NR+명/NNBC+의/JKG+선택/NNG+#/SY+@/SY+소속/NNG+#/SY+입니다/VCP+EC"
          },
          {
            "id": 2,
            "text": "B. 네 저 수강생 #@이름#인데요",
            "norm_text": "B. 네 저 수강생 #@이름#인데요",
            "speaker": {
              "id": "B",
              "sex": "남성",
              "age": "1그룹(10대~20대)"
            },
            "speechAct": "진술하기",
            "morpheme": "B/SL+네/IC+저/MM+수강/NNG+생/XSN+#/SY+@/SY+이름/NNG+#/SY+인데요/VCP+EC"
          },
          {
            "id": 3,
            "text": "B. 이번 추석에 특강 마련되어있나요",
            "norm_text": "B. 이번 추석에 특강 마련되어있나요",
            "speaker": {
              "id": "B",
              "sex": "남성",
              "age": "1그룹(10대~20대)"
            },
            "speechAct": "질문하기",
            "morpheme": "B/SL+./SY+이번/NNG+추석/NNG+에/JKB+특강/NNG+마련/NNG+되/XSV+어/EC+있/VX+나요/EC"
          },
          {
            "id": 4,
            "text": "A. #@이름#님 어떤 수업 수강중이신가요",
            "norm_text": "A. #@이름#님 어떤 수업 수강중이신가요",
            "speaker": {
              "id": "A",
              "sex": "여성",
              "age": "1그룹(10대~20대)"
            },
            "speechAct": "질문하기",
            "morpheme": "A/SL+./SY+#/SY+@/SY+이름/NNG+#/SY+님/XSN+어떤/MM+수업/NNG+수강/NNG+중/NNB+이/VCP+신가요/EP+EC"
          },
          {
            "id": 5,
            "text": "B. #@이름# 교수님 수업 듣고 있습니다",
            "norm_text": "B. #@이름# 교수님 수업 듣고 있습니다",
            "speaker": {
              "id": "B",
              "sex": "남성",
              "age": "1그룹(10대~20대)"
            },
            "speechAct": "진술하기",
            "morpheme": "B/SL+./SY+#/SY+@/SY+이름/NNG+#/SY+교수/NNG+님/XSN+수업/NNG+듣/VV+고/EC+있/VX+습니다/EF"
          },
          {
            "id": 6,
            "text": "A. 네 확인해보니 추석 특강은 따로 잡혀있지 않습니다",
            "norm_text": "A. 네 확인해보니 추석 특강은 따로 잡혀있지 않습니다",
            "speaker": {
              "id": "A",
              "sex": "여성",
              "age": "1그룹(10대~20대)"
            },
            "speechAct": "진술하기",
            "morpheme": "A/SL+네/IC+확인/NNG+해/XSV+EC+보/VX+니/EC+추석/NNG+특강/NNG+은/JX+따로/MAG+잡혀/VV+EC+있/VX+지/EC+않/VX+습니다/EF"
          },
          {
            "id": 7,
            "text": "B. 특강만 없는건가요 아니면 학원이 아예 운영을 안하나요",
            "norm_text": "B. 특강만 없는건가요 아니면 학원이 아예 운영을 안하나요",
            "speaker": {
              "id": "B",
              "sex": "남성",
              "age": "1그룹(10대~20대)"
            },
            "speechAct": "질문하기",
            "morpheme": "B/SL+./SY+특강/NNG+만/JX+없/VA+는/ETM+건가요/NNB+VCP+EC+아니/VCN+면/EC+학원/NNG+이/JKS+아예/MAG+운영/NNG+을/JKO+안/MAG+하/VV+나요/EC"
          },
          {
            "id": 8,
            "text": "A. 정해지는대로 학원 운영 시간 관련 추후 안내 예정입니다",
            "norm_text": "A. 정해지는대로 학원 운영 시간 관련 추후 안내 예정입니다",
            "speaker": {
              "id": "A",
              "sex": "여성",
              "age": "1그룹(10대~20대)"
            },
            "speechAct": "진술하기",
            "morpheme": "A/SL+정해/VV+EC+지/VX+는/ETM+대로/NNB+학원/NNG+운영/NNG+시간/NNG+관련/NNG+추후/NNG+안내/NNG+예정/NNG+입니다/VCP+EC"
          },
          {
            "id": 9,
            "text": "B. 그럼 추석 끝나고는 바로 특강 잡힌게 있나요",
            "norm_text": "B. 그럼 추석 끝나고는 바로 특강 잡힌게 있나요",
            "speaker": {
              "id": "B",
              "sex": "남성",
              "age": "1그룹(10대~20대)"
            },
            "speechAct": "질문하기",
            "morpheme": "B/SL+그럼/MAJ+추석/NNG+끝/NNG+나/VV+고/EC+는/JX+바로/MAG+특강/NNG+잡힌/VV+ETM+게/NNB+JKS+있/VA+나요/EC"
          },
          {
            "id": 10,
            "text": "A. 특강 안내도 학원 공지사항에 업로드 예정이니 참고해주세요",
            "norm_text": "A. 특강 안내도 학원 공지사항에 업로드 예정이니 참고해주세요",
            "speaker": {
              "id": "A",
              "sex": "여성",
              "age": "1그룹(10대~20대)"
            },
            "speechAct": "진술하기",
            "morpheme": "A/SL+./SY+특강/NNG+안내/NNG+도/JX+학원/NNG+공지/NNG+사항/NNG+에/JKB+업로드/NNG+예정/NNG+이/VCP+니/EC+참고/NNG+해/XSV+EC+주/VX+세요/EP+EF"
          },
          {
            "id": 11,
            "text": "B. 일단 추석 특강은 확실히 없는거죠 알겠습니다",
            "norm_text": "B. 일단 추석 특강은 확실히 없는거죠 알겠습니다",
            "speaker": {
              "id": "B",
              "sex": "남성",
              "age": "1그룹(10대~20대)"
            },
            "speechAct": "약속하기(개인적 수준의 서약)",
            "morpheme": "B/SL+일단/MAG+추석/NNG+특강/NNG+은/JX+확실히/MAG+없/VA+는/ETM+거/NNB+죠/VCP+EF+알/VV+겠/EP+습니다/EF"
          },
          {
            "id": 12,
            "text": "A. 네 감사합니다 좋은 하루 되세요",
            "norm_text": "A. 네 감사합니다 좋은 하루 되세요",
            "speaker": {
              "id": "A",
              "sex": "여성",
              "age": "1그룹(10대~20대)"
            },
            "speechAct": "인사하기",
            "morpheme": "A/SL+네/IC+감사/NNG+합니다/XSV+EF+좋/VA+은/ETM+하루/NNG+되/XSV+세요/EP+EF"
          }
        ]
      }
    }
  ]
}