{
  "dataset": {
    "identifier": 140170,
    "name": "e1_20211115_0006_0447_01",
    "src_path": "/data/file/cubeManager/PROJECT018/91/txt20211110140005012390/e1_20211115_0006_0447_01/",
    "label_path": "/data/file/cubeManager/PROJECT018/91/txt20211110140005012390/e1_20211115_0006_0447_01/",
    "category": 2,
    "type": 0
  },
  "licenses": {
    "name": "Apache License 1.0",
    "url": "http://www.apache.org/licenses/LICENSE-1.0"
  },
  "info": [
    {
      "id": 157923,
      "filename": "e1_0067_0064_02.txt",
      "title": "e1_0067_0064_02",
      "mediatype": "콜센터",
      "medianame": "콜센터",
      "category": "목적대화",
      "date": "2021-11-10",
      "size": 358,
      "annotations": {
        "subject": "프로그램 문의",
        "speaker_type": "1:1",
        "size": 358,
        "word_size": 91,
        "text": "A. 반갑습니다 #@소속# 입니다\nB. 네 저 수의학과 편입 상담 좀 할게요\nA. 네 궁금하시거나 어려우신 부분 말씀해주세요\nB. 혹시 수의학개론이 꼭 필요한 학교 확인될까요\nA. 현재 #@소속#와 #@소속#에서만 필기시험 진행됩니다\nB. 그럼 그거말고 추천하시는 필수 수강과목 있을까요\nA. 수의학 희망하시면 생물과 화학 수업 강좌 들으셔야 합니다\nB. 아 그렇군요 근데 강의 수가 생각보다 많아보여서요\nB. 사이트 사진에 있는 관련 강의를 전부 들어야 하나요\nA. 아닙니다 사진에 나열된 교수님들 맛보기 강좌 들어보시구요\nA. 회원님이 직접 선택해 결정하시고 수강하면 되세요\nB. 알겠습니다 자세한 답변 감사합니다\nA. 네 코로나 조심하시고 좋은 하루 되세요",
        "lines": [
          {
            "id": 1,
            "text": "A. 반갑습니다 #@소속# 입니다",
            "norm_text": "A. 반갑습니다 #@소속# 입니다",
            "speaker": {
              "id": "A",
              "sex": "여성",
              "age": "1그룹(10대~20대)"
            },
            "speechAct": "인사하기",
            "morpheme": "A/SL+반갑/VA+습니다/EF+#/SY+@/SY+소속/NNG+#/SY+입니다/VCP+EC"
          },
          {
            "id": 2,
            "text": "B. 네 저 수의학과 편입 상담 좀 할게요",
            "norm_text": "B. 네 저 수의학과 편입 상담 좀 할게요",
            "speaker": {
              "id": "B",
              "sex": "남성",
              "age": "1그룹(10대~20대)"
            },
            "speechAct": "진술하기",
            "morpheme": "B/SL+네/IC+저/MM+수의학/NNG+과/JC+편입/NNG+상담/NNG+좀/MAG+할게요/VV+EC"
          },
          {
            "id": 3,
            "text": "A. 네 궁금하시거나 어려우신 부분 말씀해주세요",
            "norm_text": "A. 네 궁금하시거나 어려우신 부분 말씀해주세요",
            "speaker": {
              "id": "A",
              "sex": "여성",
              "age": "1그룹(10대~20대)"
            },
            "speechAct": "명령하기/요구하기",
            "morpheme": "A/SL+네/IC+궁금/XR+하/XSA+시/EP+거나/EC+어려우/VA+신/EP+ETM+부분/NNG+말씀/NNG+해/XSV+EC+주/VX+세요/EP+EF"
          },
          {
            "id": 4,
            "text": "B. 혹시 수의학개론이 꼭 필요한 학교 확인될까요",
            "norm_text": "B. 혹시 수의학개론이 꼭 필요한 학교 확인될까요",
            "speaker": {
              "id": "B",
              "sex": "남성",
              "age": "1그룹(10대~20대)"
            },
            "speechAct": "질문하기",
            "morpheme": "B/SL+혹시/MAG+수의학/NNG+개론/NNG+이/JKS+꼭/MAG+필요/NNG+한/XSA+ETM+학교/NNG+확인/NNG+될까요/VV+EC"
          },
          {
            "id": 5,
            "text": "A. 현재 #@소속#와 #@소속#에서만 필기시험 진행됩니다",
            "norm_text": "A. 현재 #@소속#와 #@소속#에서만 필기시험 진행됩니다",
            "speaker": {
              "id": "A",
              "sex": "여성",
              "age": "1그룹(10대~20대)"
            },
            "speechAct": "진술하기",
            "morpheme": "A/SL+현재/MAG+#/SY+@/SY+소속/NNG+#/SY+와/JC+#/SY+@/SY+소속/NNG+#/SY+에서/JKB+만/JX+필기/NNG+시험/NNG+진행/NNG+됩니다/XSV+EC"
          },
          {
            "id": 6,
            "text": "B. 그럼 그거말고 추천하시는 필수 수강과목 있을까요",
            "norm_text": "B. 그럼 그거말고 추천하시는 필수 수강과목 있을까요",
            "speaker": {
              "id": "B",
              "sex": "남성",
              "age": "1그룹(10대~20대)"
            },
            "speechAct": "질문하기",
            "morpheme": "B/SL+그럼/MAJ+그거/NP+말/VV+고/EC+추천/NNG+하/XSV+시/EP+는/ETM+필수/NNG+수강/NNG+과목/NNG+있/VV+을까요/EC"
          },
          {
            "id": 7,
            "text": "A. 수의학 희망하시면 생물과 화학 수업 강좌 들으셔야 합니다",
            "norm_text": "A. 수의학 희망하시면 생물과 화학 수업 강좌 들으셔야 합니다",
            "speaker": {
              "id": "A",
              "sex": "여성",
              "age": "1그룹(10대~20대)"
            },
            "speechAct": "진술하기",
            "morpheme": "A/SL+./SY+수의학/NNG+희망/NNG+하/XSV+시/EP+면/EC+생물/NNG+과/JC+화학/NNG+수업/NNG+강좌/NNG+들/VV+으셔야/EP+EC+합니다/VX+EC"
          },
          {
            "id": 8,
            "text": "B. 아 그렇군요 근데 강의 수가 생각보다 많아보여서요",
            "norm_text": "B. 아 그렇군요 근데 강의 수가 생각보다 많아보여서요",
            "speaker": {
              "id": "B",
              "sex": "남성",
              "age": "1그룹(10대~20대)"
            },
            "speechAct": "진술하기",
            "morpheme": "B/SL+아/IC+그렇/VA+군요/EF+근데/MAJ+강의/NNG+수/NNG+가/JKS+생각/NNG+보다/JKB+많/VA+아/EC+보여/VV+EC+서요/NNG"
          },
          {
            "id": 9,
            "text": "B. 사이트 사진에 있는 관련 강의를 전부 들어야 하나요",
            "norm_text": "B. 사이트 사진에 있는 관련 강의를 전부 들어야 하나요",
            "speaker": {
              "id": "B",
              "sex": "남성",
              "age": "1그룹(10대~20대)"
            },
            "speechAct": "질문하기",
            "morpheme": "B/SL+./SY+사이트/NNG+사진/NNG+에/JKB+있/VV+는/ETM+관련/NNG+강의/NNG+를/JKO+전부/MAG+들어야/VV+EC+하/VV+나요/EC"
          },
          {
            "id": 10,
            "text": "A. 아닙니다 사진에 나열된 교수님들 맛보기 강좌 들어보시구요",
            "norm_text": "A. 아닙니다 사진에 나열된 교수님들 맛보기 강좌 들어보시구요",
            "speaker": {
              "id": "A",
              "sex": "여성",
              "age": "1그룹(10대~20대)"
            },
            "speechAct": "진술하기",
            "morpheme": "A/SL+아닙니다/VCN+EC+사진/NNG+에/JKB+나열/NNG+된/XSV+ETM+교수/NNG+님/XSN+들/XSN+맛보/VV+기/ETN+강좌/NNG+들/VV+어/EC+보/VX+시/EP+구요/EF"
          },
          {
            "id": 11,
            "text": "A. 회원님이 직접 선택해 결정하시고 수강하면 되세요",
            "norm_text": "A. 회원님이 직접 선택해 결정하시고 수강하면 되세요",
            "speaker": {
              "id": "A",
              "sex": "여성",
              "age": "1그룹(10대~20대)"
            },
            "speechAct": "진술하기",
            "morpheme": "A/SL+./SY+회원/NNG+님/XSN+이/JKS+직접/MAG+선택/NNG+해/XSV+EC+결정/NNG+하/XSV+시/EP+고/EC+수강/NNG+하/XSV+면/EC+되/VV+세요/EP+EF"
          },
          {
            "id": 12,
            "text": "B. 알겠습니다 자세한 답변 감사합니다",
            "norm_text": "B. 알겠습니다 자세한 답변 감사합니다",
            "speaker": {
              "id": "B",
              "sex": "남성",
              "age": "1그룹(10대~20대)"
            },
            "speechAct": "감사하기",
            "morpheme": "B/SL+알/VV+겠/EP+습니다/EF+자세/XR+한/XSA+ETM+답변/NNG+감사/NNG+합니다/XSV+EC"
          },
          {
            "id": 13,
            "text": "A. 네 코로나 조심하시고 좋은 하루 되세요",
            "norm_text": "A. 네 코로나 조심하시고 좋은 하루 되세요",
            "speaker": {
              "id": "A",
              "sex": "여성",
              "age": "1그룹(10대~20대)"
            },
            "speechAct": "인사하기",
            "morpheme": "A/SL+네/IC+코로나/NNG+조심/NNG+하/XSV+시/EP+고/EC+좋/VA+은/ETM+하루/NNG+되/XSV+세요/EP+EF"
          }
        ]
      }
    }
  ]
}