{
  "dataset": {
    "identifier": 140474,
    "name": "e1_20211115_0006_0543_01",
    "src_path": "/data/file/cubeManager/PROJECT018/91/txt20211110140005078835/e1_20211115_0006_0543_01/",
    "label_path": "/data/file/cubeManager/PROJECT018/91/txt20211110140005078835/e1_20211115_0006_0543_01/",
    "category": 2,
    "type": 0
  },
  "licenses": {
    "name": "Apache License 1.0",
    "url": "http://www.apache.org/licenses/LICENSE-1.0"
  },
  "info": [
    {
      "id": 158017,
      "filename": "e1_0067_0158_02.txt",
      "title": "e1_0067_0158_02",
      "mediatype": "콜센터",
      "medianame": "콜센터",
      "category": "목적대화",
      "date": "2021-11-10",
      "size": 306,
      "annotations": {
        "subject": "프로그램 문의",
        "speaker_type": "1:1",
        "size": 306,
        "word_size": 77,
        "text": "A. 반갑습니다 내일을 여는 방송 #@소속# 입니다\nB. 안녕하세요 초등학생 수업 프로 문의 드리려구요\nA. 네 어떤 프로그램 문의 주신걸까요\nB. 지금 4학년 애들 2학기 수업 하는걸로 아는데요\nB. 혹시 기본과목 말고 한자 수업 없을까요\nA. 4학년이면 창의체험 프로그램 한자 강좌 있습니다\nB. 어머 너무 다행이네요 시간표 알려주세요\nA. 평일 5일간 오전11시반부터 12시까지 방영됩니다\nB. 필요한 교재같은건 어떻게 준비하나요\nA. 해당 수업은 교재 없이 시청 가능하세요\nB. 알겠습니다 알려주셔서 감사해요\nA. 네 앞으로도 #@소속# 많은 시청 부탁드립니다",
        "lines": [
          {
            "id": 1,
            "text": "A. 반갑습니다 내일을 여는 방송 #@소속# 입니다",
            "norm_text": "A. 반갑습니다 내일을 여는 방송 #@소속# 입니다",
            "speaker": {
              "id": "A",
              "sex": "여성",
              "age": "1그룹(10대~20대)"
            },
            "speechAct": "인사하기",
            "morpheme": "A/SL+반갑/VA+습니다/EF+내일/NNG+을/JKO+여/VV+는/ETM+방송/NNG+#/SY+@/SY+소속/NNG+#/SY+입니다/VCP+EC"
          },
          {
            "id": 2,
            "text": "B. 안녕하세요 초등학생 수업 프로 문의 드리려구요",
            "norm_text": "B. 안녕하세요 초등학생 수업 프로 문의 드리려구요",
            "speaker": {
              "id": "B",
              "sex": "남성",
              "age": "1그룹(10대~20대)"
            },
            "speechAct": "진술하기",
            "morpheme": "B/SL+./SY+안녕/NNG+하/XSV+세요/EP+EF+초등학생/NNG+수업/NNG+프로/NNG+문/NNG+의/JKG+드리/VV+려구요/EC"
          },
          {
            "id": 3,
            "text": "A. 네 어떤 프로그램 문의 주신걸까요",
            "norm_text": "A. 네 어떤 프로그램 문의 주신걸까요",
            "speaker": {
              "id": "A",
              "sex": "여성",
              "age": "1그룹(10대~20대)"
            },
            "speechAct": "질문하기",
            "morpheme": "A/SL+네/IC+어떤/MM+프로그램/NNG+문/NNG+의/JKG+주/VV+신/EP+ETM+걸까요/NNB+VCP+EC"
          },
          {
            "id": 4,
            "text": "B. 지금 4학년 애들 2학기 수업 하는걸로 아는데요",
            "norm_text": "B. 지금 4학년 애들 2학기 수업 하는걸로 아는데요",
            "speaker": {
              "id": "B",
              "sex": "남성",
              "age": "1그룹(10대~20대)"
            },
            "speechAct": "진술하기",
            "morpheme": "B/SL+지금/MAG+4/SN+학년/NNG+애/NNG+들/XSN+2/SN+학기/NNG+수업/NNG+하/XSV+는/ETM+걸로/NNB+JKB+아/VV+는데요/EC"
          },
          {
            "id": 5,
            "text": "B. 혹시 기본과목 말고 한자 수업 없을까요",
            "norm_text": "B. 혹시 기본과목 말고 한자 수업 없을까요",
            "speaker": {
              "id": "B",
              "sex": "남성",
              "age": "1그룹(10대~20대)"
            },
            "speechAct": "질문하기",
            "morpheme": "B/SL+혹시/MAG+기본/NNG+과목/NNG+말/VV+고/EC+한자/NNG+수업/NNG+없/VA+을까요/EC"
          },
          {
            "id": 6,
            "text": "A. 4학년이면 창의체험 프로그램 한자 강좌 있습니다",
            "norm_text": "A. 4학년이면 창의체험 프로그램 한자 강좌 있습니다",
            "speaker": {
              "id": "A",
              "sex": "여성",
              "age": "1그룹(10대~20대)"
            },
            "speechAct": "진술하기",
            "morpheme": "A/SL+./SY+4/SN+학년/NNG+이/JKS+면창/NNG+의/JKG+체험/NNG+프로그램/NNG+한자/NNG+강좌/NNG+있/VA+습니다/EF"
          },
          {
            "id": 7,
            "text": "B. 어머 너무 다행이네요 시간표 알려주세요",
            "norm_text": "B. 어머 너무 다행이네요 시간표 알려주세요",
            "speaker": {
              "id": "B",
              "sex": "남성",
              "age": "1그룹(10대~20대)"
            },
            "speechAct": "질문하기",
            "morpheme": "B/SL+어머/IC+너무/MAG+다행/NNG+이/VCP+네요/EF+시간표/NNG+알려/VV+EC+주/VX+세요/EP+EF"
          },
          {
            "id": 8,
            "text": "A. 평일 5일간 오전11시반부터 12시까지 방영됩니다",
            "norm_text": "A. 평일 5일간 오전11시반부터 12시까지 방영됩니다",
            "speaker": {
              "id": "A",
              "sex": "여성",
              "age": "1그룹(10대~20대)"
            },
            "speechAct": "주장하기",
            "morpheme": "A/SL+./SY+평일/NNG+5/SN+일/NNBC+간/NNG+오전/NNG+11/SN+시/NNBC+반/NNG+부터/JX+12/SN+시/NNBC+까지/JX+방영/NNG+됩니다/XSV+EC"
          },
          {
            "id": 9,
            "text": "B. 필요한 교재같은건 어떻게 준비하나요",
            "norm_text": "B. 필요한 교재같은건 어떻게 준비하나요",
            "speaker": {
              "id": "B",
              "sex": "남성",
              "age": "1그룹(10대~20대)"
            },
            "speechAct": "질문하기",
            "morpheme": "B/SL+./SY+필요/NNG+한/XSA+ETM+교재/NNG+같/VA+은/ETM+건/NNB+JX+어떻/VA+게/EC+준비/NNG+하/XSV+나요/EC"
          },
          {
            "id": 10,
            "text": "A. 해당 수업은 교재 없이 시청 가능하세요",
            "norm_text": "A. 해당 수업은 교재 없이 시청 가능하세요",
            "speaker": {
              "id": "A",
              "sex": "여성",
              "age": "1그룹(10대~20대)"
            },
            "speechAct": "진술하기",
            "morpheme": "A/SL+./SY+해당/NNG+수업/NNG+은/JX+교재/NNG+없이/MAG+시청/NNG+가능/NNG+하/XSV+세요/EP+EF"
          },
          {
            "id": 11,
            "text": "B. 알겠습니다 알려주셔서 감사해요",
            "norm_text": "B. 알겠습니다 알려주셔서 감사해요",
            "speaker": {
              "id": "B",
              "sex": "남성",
              "age": "1그룹(10대~20대)"
            },
            "speechAct": "감사하기",
            "morpheme": "B/SL+알/VV+겠/EP+습니다/EF+알려/VV+EC+주/VX+셔서/EP+EC+감사/NNG+해요/XSV+EC"
          },
          {
            "id": 12,
            "text": "A. 네 앞으로도 #@소속# 많은 시청 부탁드립니다",
            "norm_text": "A. 네 앞으로도 #@소속# 많은 시청 부탁드립니다",
            "speaker": {
              "id": "A",
              "sex": "여성",
              "age": "1그룹(10대~20대)"
            },
            "speechAct": "인사하기",
            "morpheme": "A/SL+네/IC+앞/NNG+으로/JKB+도/JX+#/SY+@/SY+소속/NNG+#/SY+많/VA+은/ETM+시청/NNG+부탁/NNG+드립니다/VV+EC"
          }
        ]
      }
    }
  ]
}