{
  "dataset": {
    "identifier": 140180,
    "name": "e1_20211115_0006_0450_01",
    "src_path": "/data/file/cubeManager/PROJECT018/91/txt20211110140005014778/e1_20211115_0006_0450_01/",
    "label_path": "/data/file/cubeManager/PROJECT018/91/txt20211110140005014778/e1_20211115_0006_0450_01/",
    "category": 2,
    "type": 0
  },
  "licenses": {
    "name": "Apache License 1.0",
    "url": "http://www.apache.org/licenses/LICENSE-1.0"
  },
  "info": [
    {
      "id": 157926,
      "filename": "e1_0067_0067_02.txt",
      "title": "e1_0067_0067_02",
      "mediatype": "콜센터",
      "medianame": "콜센터",
      "category": "목적대화",
      "date": "2021-11-10",
      "size": 320,
      "annotations": {
        "subject": "프로그램 문의",
        "speaker_type": "1:1",
        "size": 320,
        "word_size": 79,
        "text": "A. 합격을 보장하는 #@소속# 상담원 #@이름# 입니다\nB. 안녕하세요 수강 상담 드리고 싶어서요\nA. 네 반갑습니다 궁금하신 것 말씀해주세요\nB. 저 조만간 여기 다닐까 생각중인데요\nB. 좀 빠르게 속성으로 기초 배울 수 있을까요\nA. 네 다음달부터 시작되는 단기완성반 개설 예정입니다\nB. 오 혹시 #@이름# 선생님한테 들을 수 있을까요\nA. 죄송합니다만 #@이름# 교수님은 단기완성반 미개설이세요\nB. 꼭 그 교수님한테 듣고싶은데 뭐 방법 없을까요\nA. 이번달부터 진행된 #@상품# 합류 가능하세요\nB. 다행이네요 친절한 답변 감사드려요\nA. 네 감사합니다 상담원 #@이름# 이였습니다",
        "lines": [
          {
            "id": 1,
            "text": "A. 합격을 보장하는 #@소속# 상담원 #@이름# 입니다",
            "norm_text": "A. 합격을 보장하는 #@소속# 상담원 #@이름# 입니다",
            "speaker": {
              "id": "A",
              "sex": "여성",
              "age": "1그룹(10대~20대)"
            },
            "speechAct": "인사하기",
            "morpheme": "A/SL+./SY+합격/NNG+을/JKO+보장/NNG+하/XSV+는/ETM+#/SY+@/SY+소속/NNG+#/SY+상담원/NNG+#/SY+@/SY+이름/NNG+#/SY+입니다/VCP+EC"
          },
          {
            "id": 2,
            "text": "B. 안녕하세요 수강 상담 드리고 싶어서요",
            "norm_text": "B. 안녕하세요 수강 상담 드리고 싶어서요",
            "speaker": {
              "id": "B",
              "sex": "남성",
              "age": "1그룹(10대~20대)"
            },
            "speechAct": "진술하기",
            "morpheme": "B/SL+./SY+안녕/NNG+하/XSV+세요/EP+EF+수강/NNG+상담/NNG+드리/VV+고/EC+싶/VX+어서요/EC"
          },
          {
            "id": 3,
            "text": "A. 네 반갑습니다 궁금하신 것 말씀해주세요",
            "norm_text": "A. 네 반갑습니다 궁금하신 것 말씀해주세요",
            "speaker": {
              "id": "A",
              "sex": "여성",
              "age": "1그룹(10대~20대)"
            },
            "speechAct": "진술하기",
            "morpheme": "A/SL+네/IC+반갑/VA+습니다/EF+궁금/XR+하/XSA+신/EP+ETM+것/NNB+말씀/NNG+해/XSV+EC+주/VX+세요/EP+EF"
          },
          {
            "id": 4,
            "text": "B. 저 조만간 여기 다닐까 생각중인데요",
            "norm_text": "B. 저 조만간 여기 다닐까 생각중인데요",
            "speaker": {
              "id": "B",
              "sex": "남성",
              "age": "1그룹(10대~20대)"
            },
            "speechAct": "진술하기",
            "morpheme": "B/SL+저/IC+조만간/MAG+여기/NP+다닐까/VV+EC+생각/NNG+중/NNB+인데요/VCP+EC"
          },
          {
            "id": 5,
            "text": "B. 좀 빠르게 속성으로 기초 배울 수 있을까요",
            "norm_text": "B. 좀 빠르게 속성으로 기초 배울 수 있을까요",
            "speaker": {
              "id": "B",
              "sex": "남성",
              "age": "1그룹(10대~20대)"
            },
            "speechAct": "질문하기",
            "morpheme": "B/SL+좀/MAG+빠르/VA+게/EC+속성/NNG+으로/JKB+기초/NNG+배울/VV+ETM+수/NNB+있/VV+을까요/EC"
          },
          {
            "id": 6,
            "text": "A. 네 다음달부터 시작되는 단기완성반 개설 예정입니다",
            "norm_text": "A. 네 다음달부터 시작되는 단기완성반 개설 예정입니다",
            "speaker": {
              "id": "A",
              "sex": "여성",
              "age": "1그룹(10대~20대)"
            },
            "speechAct": "진술하기",
            "morpheme": "A/SL+네/IC+다음/NNG+달/NNG+부터/JX+시작/NNG+되/XSV+는/ETM+단기/NNG+완성/NNG+반/NNG+개설/NNG+예정/NNG+입니다/VCP+EC"
          },
          {
            "id": 7,
            "text": "B. 오 혹시 #@이름# 선생님한테 들을 수 있을까요",
            "norm_text": "B. 오 혹시 #@이름# 선생님한테 들을 수 있을까요",
            "speaker": {
              "id": "B",
              "sex": "남성",
              "age": "1그룹(10대~20대)"
            },
            "speechAct": "질문하기",
            "morpheme": "B/SL+오/IC+혹시/MAG+#/SY+@/SY+이름/NNG+#/SY+선생/NNG+님/XSN+한테/JKB+들/VV+을/ETM+수/NNB+있/VV+을까요/EC"
          },
          {
            "id": 8,
            "text": "A. 죄송합니다만 #@이름# 교수님은 단기완성반 미개설이세요",
            "norm_text": "A. 죄송합니다만 #@이름# 교수님은 단기완성반 미개설이세요",
            "speaker": {
              "id": "A",
              "sex": "여성",
              "age": "1그룹(10대~20대)"
            },
            "speechAct": "진술하기",
            "morpheme": "A/SL+죄송/XR+합니다만/XSA+EC+#/SY+@/SY+이름/NNG+#/SY+교수/NNG+님/XSN+은/JX+단기/NNG+완성/NNG+반미/NNG+개설/NNG+이/VCP+세요/EP+EF"
          },
          {
            "id": 9,
            "text": "B. 꼭 그 교수님한테 듣고싶은데 뭐 방법 없을까요",
            "norm_text": "B. 꼭 그 교수님한테 듣고싶은데 뭐 방법 없을까요",
            "speaker": {
              "id": "B",
              "sex": "남성",
              "age": "1그룹(10대~20대)"
            },
            "speechAct": "질문하기",
            "morpheme": "B/SL+꼭/MAG+그/MM+교수/NNG+님/XSN+한테/JKB+듣/VV+고/EC+싶/VX+은데/EC+뭐/IC+방법/NNG+없/VA+을까요/EC"
          },
          {
            "id": 10,
            "text": "A. 이번달부터 진행된 #@상품# 합류 가능하세요",
            "norm_text": "A. 이번달부터 진행된 #@상품# 합류 가능하세요",
            "speaker": {
              "id": "A",
              "sex": "여성",
              "age": "1그룹(10대~20대)"
            },
            "speechAct": "진술하기",
            "morpheme": "A/SL+./SY+이번/NNG+달/NNG+부터/JX+진행/NNG+된/XSV+ETM+#/SY+@/SY+상품/NNG+#/SY+합류/NNG+가능/NNG+하/XSV+세요/EP+EF"
          },
          {
            "id": 11,
            "text": "B. 다행이네요 친절한 답변 감사드려요",
            "norm_text": "B. 다행이네요 친절한 답변 감사드려요",
            "speaker": {
              "id": "B",
              "sex": "남성",
              "age": "1그룹(10대~20대)"
            },
            "speechAct": "감사하기",
            "morpheme": "B/SL+./SY+다행/NNG+이/VCP+네요/EF+친절/NNG+한/XSA+ETM+답변/NNG+감사/NNG+드려요/VV+EC"
          },
          {
            "id": 12,
            "text": "A. 네 감사합니다 상담원 #@이름# 이였습니다",
            "norm_text": "A. 네 감사합니다 상담원 #@이름# 이였습니다",
            "speaker": {
              "id": "A",
              "sex": "여성",
              "age": "1그룹(10대~20대)"
            },
            "speechAct": "인사하기",
            "morpheme": "A/SL+네/IC+감사/NNG+합니다/XSV+EF+상담원/NNG+#/SY+@/SY+이름/NNG+#/SY+이/VCP+였/EP+습니다/EF"
          }
        ]
      }
    }
  ]
}