{
  "dataset": {
    "identifier": 141020,
    "name": "e1_20211115_0006_0677_01",
    "src_path": "/data/file/cubeManager/PROJECT018/91/txt20211110140010098584/e1_20211115_0006_0677_01/",
    "label_path": "/data/file/cubeManager/PROJECT018/91/txt20211110140010098584/e1_20211115_0006_0677_01/",
    "category": 2,
    "type": 0
  },
  "licenses": {
    "name": "Apache License 1.0",
    "url": "http://www.apache.org/licenses/LICENSE-1.0"
  },
  "info": [
    {
      "id": 158654,
      "filename": "e1_0070_0055_02.txt",
      "title": "e1_0070_0055_02",
      "mediatype": "콜센터",
      "medianame": "콜센터",
      "category": "목적대화",
      "date": "2021-11-10",
      "size": 347,
      "annotations": {
        "subject": "프로그램 문의",
        "speaker_type": "1:1",
        "size": 347,
        "word_size": 87,
        "text": "A. 전화주셔서 감사합니다 #@소속# 상담원 #@이름# 입니다\nB. 수고하십니다 문의 좀 드리려고요\nA. 네 말씀하세요 고객님\nB. 전국 모의고사 신청하려고 하는데요\nB. 이거 과목별로 신청할 수 있나요\nA. 고객님 과목별로 신청은 어려우시고요\nA. 대신 1차와 2차 과목이 달라서 과목별 응시는 가능하세요\nB. 아 그래요 그럼 1차에는 어떤 과목이죠\nA. 1차는 부동산학개론 민법 및 민사특별법입니다\nB. 아 그래요 그럼 1차 신청해야겠네요\nA. 네 고객님 모의고사 시험 과목은 사이트에서도 확인하실 수 있으세요\nB. 네 확인해보고 신청할게요 감사합니다\nA. 네 고객님 무더운 날씨 건강 조심하세요\nA. #@소속# 상담원 #@이름# 이었습니다",
        "lines": [
          {
            "id": 1,
            "text": "A. 전화주셔서 감사합니다 #@소속# 상담원 #@이름# 입니다",
            "norm_text": "A. 전화주셔서 감사합니다 #@소속# 상담원 #@이름# 입니다",
            "speaker": {
              "id": "A",
              "sex": "여성",
              "age": "2그룹(30대~40대)"
            },
            "speechAct": "인사하기",
            "morpheme": "A/SL+./SY+전화/NNG+주/VV+셔서/EP+EC+감사/NNG+합니다/XSV+EF+#/SY+@/SY+소속/NNG+#/SY+상담원/NNG+#/SY+@/SY+이름/NNG+#/SY+입니다/VCP+EC"
          },
          {
            "id": 2,
            "text": "B. 수고하십니다 문의 좀 드리려고요",
            "norm_text": "B. 수고하십니다 문의 좀 드리려고요",
            "speaker": {
              "id": "B",
              "sex": "남성",
              "age": "2그룹(30대~40대)"
            },
            "speechAct": "진술하기",
            "morpheme": "B/SL+./SY+수고/NNG+하/XSV+십니다/EP+EF+문/NNG+의/JKG+좀/MAG+드리/VV+려고요/EC"
          },
          {
            "id": 3,
            "text": "A. 네 말씀하세요 고객님",
            "norm_text": "A. 네 말씀하세요 고객님",
            "speaker": {
              "id": "A",
              "sex": "여성",
              "age": "2그룹(30대~40대)"
            },
            "speechAct": "진술하기",
            "morpheme": "A/SL+네/IC+말씀/NNG+하/XSV+세요/EP+EF+VCP+고/EC+객님/NNG"
          },
          {
            "id": 4,
            "text": "B. 전국 모의고사 신청하려고 하는데요",
            "norm_text": "B. 전국 모의고사 신청하려고 하는데요",
            "speaker": {
              "id": "B",
              "sex": "남성",
              "age": "2그룹(30대~40대)"
            },
            "speechAct": "진술하기",
            "morpheme": "B/SL+./SY+전국/NNG+모의고사/NNG+신청/NNG+하/XSV+려고/EC+하/VV+는데요/EC"
          },
          {
            "id": 5,
            "text": "B. 이거 과목별로 신청할 수 있나요",
            "norm_text": "B. 이거 과목별로 신청할 수 있나요",
            "speaker": {
              "id": "B",
              "sex": "남성",
              "age": "2그룹(30대~40대)"
            },
            "speechAct": "질문하기",
            "morpheme": "B/SL+이거/NP+과목/NNG+별/XSN+로/JKB+신청/NNG+할/XSV+ETM+수/NNB+있/VV+나요/EC"
          },
          {
            "id": 6,
            "text": "A. 고객님 과목별로 신청은 어려우시고요",
            "norm_text": "A. 고객님 과목별로 신청은 어려우시고요",
            "speaker": {
              "id": "A",
              "sex": "여성",
              "age": "2그룹(30대~40대)"
            },
            "speechAct": "진술하기",
            "morpheme": "A/SL+./SY+고객/NNG+님/XSN+과목/NNG+별/XSN+로/JKB+신청/NNG+은/JX+어려우/VA+시/EP+고요/EC"
          },
          {
            "id": 7,
            "text": "A. 대신 1차와 2차 과목이 달라서 과목별 응시는 가능하세요",
            "norm_text": "A. 대신 1차와 2차 과목이 달라서 과목별 응시는 가능하세요",
            "speaker": {
              "id": "A",
              "sex": "여성",
              "age": "2그룹(30대~40대)"
            },
            "speechAct": "진술하기",
            "morpheme": "A/SL+./SY+대신/NNG+1/SN+차/NNBC+와/JC+2/SN+차/NNBC+과목/NNG+이/JKS+달라서/VA+EC+과목/NNG+별/XSN+응시/NNG+는/JX+가능/NNG+하/XSV+세요/EP+EF"
          },
          {
            "id": 8,
            "text": "B. 아 그래요 그럼 1차에는 어떤 과목이죠",
            "norm_text": "B. 아 그래요 그럼 1차에는 어떤 과목이죠",
            "speaker": {
              "id": "B",
              "sex": "남성",
              "age": "2그룹(30대~40대)"
            },
            "speechAct": "질문하기",
            "morpheme": "B/SL+아/IC+그래요/VV+EF+그럼/MAJ+1/SN+차/NNBC+에/JKB+는/JX+어떤/MM+과목/NNG+이/VCP+죠/EF"
          },
          {
            "id": 9,
            "text": "A. 1차는 부동산학개론 민법 및 민사특별법입니다",
            "norm_text": "A. 1차는 부동산학개론 민법 및 민사특별법입니다",
            "speaker": {
              "id": "A",
              "sex": "여성",
              "age": "2그룹(30대~40대)"
            },
            "speechAct": "진술하기",
            "morpheme": "A/SL+./SY+1/SN+차/NNBC+는/JX+부동산/NNG+학개/NNG+론/XSN+민법/NNG+및/MAJ+민사/NNG+특별법/NNG+입니다/VCP+EC"
          },
          {
            "id": 10,
            "text": "B. 아 그래요 그럼 1차 신청해야겠네요",
            "norm_text": "B. 아 그래요 그럼 1차 신청해야겠네요",
            "speaker": {
              "id": "B",
              "sex": "남성",
              "age": "2그룹(30대~40대)"
            },
            "speechAct": "진술하기",
            "morpheme": "B/SL+아/IC+그래요/VV+EF+그럼/MAJ+1/SN+차/NNBC+신청/NNG+해야/XSV+EC+VX+겠/EP+네요/EC"
          },
          {
            "id": 11,
            "text": "A. 네 고객님 모의고사 시험 과목은 사이트에서도 확인하실 수 있으세요",
            "norm_text": "A. 네 고객님 모의고사 시험 과목은 사이트에서도 확인하실 수 있으세요",
            "speaker": {
              "id": "A",
              "sex": "여성",
              "age": "2그룹(30대~40대)"
            },
            "speechAct": "진술하기",
            "morpheme": "A/SL+네/IC+고객/NNG+님/XSN+모의고사/NNG+시험/NNG+과목/NNG+은/JX+사이트/NNG+에서/JKB+도/JX+확인/NNG+하/XSV+실/EP+ETM+수/NNB+있/VV+으세요/EC"
          },
          {
            "id": 12,
            "text": "B. 네 확인해보고 신청할게요 감사합니다",
            "norm_text": "B. 네 확인해보고 신청할게요 감사합니다",
            "speaker": {
              "id": "B",
              "sex": "남성",
              "age": "2그룹(30대~40대)"
            },
            "speechAct": "감사하기",
            "morpheme": "B/SL+네/IC+확인/NNG+해/XSV+EC+보/VX+고/EC+신청/NNG+할게요/XSV+EC+감사/NNG+합니다/XSV+EC"
          },
          {
            "id": 13,
            "text": "A. 네 고객님 무더운 날씨 건강 조심하세요",
            "norm_text": "A. 네 고객님 무더운 날씨 건강 조심하세요",
            "speaker": {
              "id": "A",
              "sex": "여성",
              "age": "2그룹(30대~40대)"
            },
            "speechAct": "인사하기",
            "morpheme": "A/SL+네/IC+고객/NNG+님/XSN+무더운/VA+ETM+날씨/NNG+건강/NNG+조심/NNG+하/XSV+세요/EP+EF"
          },
          {
            "id": 14,
            "text": "A. #@소속# 상담원 #@이름# 이었습니다",
            "norm_text": "A. #@소속# 상담원 #@이름# 이었습니다",
            "speaker": {
              "id": "A",
              "sex": "여성",
              "age": "2그룹(30대~40대)"
            },
            "speechAct": "인사하기",
            "morpheme": "A/SL+./SY+#/SY+@/SY+소속/NNG+#/SY+상담원/NNG+#/SY+@/SY+이름/NNG+#/SY+이/VCP+었/EP+습니다/EF"
          }
        ]
      }
    }
  ]
}