{
  "dataset": {
    "identifier": 140968,
    "name": "e1_20211115_0006_0626_01",
    "src_path": "/data/file/cubeManager/PROJECT018/91/txt20211110140009018119/e1_20211115_0006_0626_01/",
    "label_path": "/data/file/cubeManager/PROJECT018/91/txt20211110140009018119/e1_20211115_0006_0626_01/",
    "category": 2,
    "type": 0
  },
  "licenses": {
    "name": "Apache License 1.0",
    "url": "http://www.apache.org/licenses/LICENSE-1.0"
  },
  "info": [
    {
      "id": 158405,
      "filename": "e1_0069_0048_02.txt",
      "title": "e1_0069_0048_02",
      "mediatype": "콜센터",
      "medianame": "콜센터",
      "category": "목적대화",
      "date": "2021-11-10",
      "size": 369,
      "annotations": {
        "subject": "프로그램 문의",
        "speaker_type": "1:1",
        "size": 369,
        "word_size": 87,
        "text": "A.최상의 서비스로 모시겠습니다 #@소속# 상담원 #@이름#입니다\nB.여기 사이트에 학생부 활동 계획은 어떻게 등록하나요\nA.학생부 비교과 활동 말씀이시죠\nB.네 비교과 활동 계획이요\nA.나의 학습방에 학생부 관리 프로그램에서 활동 이력 등록 누르시거나요\nA.학생부 관리 프로그램 내 학생부 활동 등록 관리의 활동 등록을 클릭하세요\nB.예 여기까지는 들어왔었어요\nA.거기서 등록 유형을 활동 계획으로 선택하셔야 하세요\nA.그러셔야 비교과 활동에 대한 계획을 입력하실 수 있어요\nB.아 독서 봉사 창의적 체험활동 수상 이력 중에서 선택하는 거죠\nA.네 수행하신 후 내용 및 소감을 남기면 완료로 바뀝니다\nB.네 친절한 설명 감사합니다\nA.좋은 하루 보내세요 상담원 #@이름#이었습니다",
        "lines": [
          {
            "id": 1,
            "text": "A.최상의 서비스로 모시겠습니다 #@소속# 상담원 #@이름#입니다",
            "norm_text": "A.최상의 서비스로 모시겠습니다 #@소속# 상담원 #@이름#입니다",
            "speaker": {
              "id": "A",
              "sex": "여성",
              "age": "2그룹(30대~40대)"
            },
            "speechAct": "인사하기",
            "morpheme": "A/SL+./SY+최상/NNG+의/JKG+서비스/NNG+로/JKB+모시/VV+겠/EP+습니다/EF+#/SY+@/SY+소속/NNG+#/SY+상담원/NNG+#/SY+@/SY+이름/NNG+#/SY+입니다/VCP+EC"
          },
          {
            "id": 2,
            "text": "B.여기 사이트에 학생부 활동 계획은 어떻게 등록하나요",
            "norm_text": "B.여기 사이트에 학생부 활동 계획은 어떻게 등록하나요",
            "speaker": {
              "id": "B",
              "sex": "남성",
              "age": "2그룹(30대~40대)"
            },
            "speechAct": "질문하기",
            "morpheme": "B/SL+여기/NP+사이트/NNG+에/JKB+학생/NNG+부/NNG+활동/NNG+계획/NNG+은/JX+어떻게/MAG+등록/NNG+하/XSV+나요/EC"
          },
          {
            "id": 3,
            "text": "A.학생부 비교과 활동 말씀이시죠",
            "norm_text": "A.학생부 비교과 활동 말씀이시죠",
            "speaker": {
              "id": "A",
              "sex": "여성",
              "age": "2그룹(30대~40대)"
            },
            "speechAct": "질문하기",
            "morpheme": "A/SL+./SY+학생/NNG+부비/NNG+교과/NNG+활동/NNG+말씀/NNG+이/VCP+시/EP+죠/EF"
          },
          {
            "id": 4,
            "text": "B.네 비교과 활동 계획이요",
            "norm_text": "B.네 비교과 활동 계획이요",
            "speaker": {
              "id": "B",
              "sex": "남성",
              "age": "2그룹(30대~40대)"
            },
            "speechAct": "진술하기",
            "morpheme": "B/SL+네/IC+비교/NNG+과/JC+활동/NNG+계획/NNG+이/VCP+요/EC"
          },
          {
            "id": 5,
            "text": "A.나의 학습방에 학생부 관리 프로그램에서 활동 이력 등록 누르시거나요",
            "norm_text": "A.나의 학습방에 학생부 관리 프로그램에서 활동 이력 등록 누르시거나요",
            "speaker": {
              "id": "A",
              "sex": "여성",
              "age": "2그룹(30대~40대)"
            },
            "speechAct": "명령하기/요구하기",
            "morpheme": "A/SL+나/NP+의/JKG+학습/NNG+방/NNG+에/JKB+학생/NNG+부관리/NNG+프로그램/NNG+에서/JKB+활동/NNG+이력/NNG+등록/NNG+누르/VV+시/EP+거나/EC+요/JX"
          },
          {
            "id": 6,
            "text": "A.학생부 관리 프로그램 내 학생부 활동 등록 관리의 활동 등록을 클릭하세요",
            "norm_text": "A.학생부 관리 프로그램 내 학생부 활동 등록 관리의 활동 등록을 클릭하세요",
            "speaker": {
              "id": "A",
              "sex": "여성",
              "age": "2그룹(30대~40대)"
            },
            "speechAct": "명령하기/요구하기",
            "morpheme": "A/SL+./SY+학생/NNG+부관리/NNG+프로그램/NNG+내학/NNG+생부/NNG+활동/NNG+등록/NNG+관리/NNG+의/JKG+활동/NNG+등록/NNG+을/JKO+클릭/NNG+하/XSV+세요/EP+EF"
          },
          {
            "id": 7,
            "text": "B.예 여기까지는 들어왔었어요",
            "norm_text": "B.예 여기까지는 들어왔었어요",
            "speaker": {
              "id": "B",
              "sex": "남성",
              "age": "2그룹(30대~40대)"
            },
            "speechAct": "진술하기",
            "morpheme": "B/SL+예/IC+여기/NP+까지/JX+는/JX+들어왔었/VV+EP+어요/EF"
          },
          {
            "id": 8,
            "text": "A.거기서 등록 유형을 활동 계획으로 선택하셔야 하세요",
            "norm_text": "A.거기서 등록 유형을 활동 계획으로 선택하셔야 하세요",
            "speaker": {
              "id": "A",
              "sex": "여성",
              "age": "2그룹(30대~40대)"
            },
            "speechAct": "진술하기",
            "morpheme": "A/SL+거기/NP+서/JKB+등록/NNG+유형/NNG+을/JKO+활동/NNG+계획/NNG+으로/JKB+선택/NNG+하/XSV+셔야/EP+EC+하/VX+세요/EP+EF"
          },
          {
            "id": 9,
            "text": "A.그러셔야 비교과 활동에 대한 계획을 입력하실 수 있어요",
            "norm_text": "A.그러셔야 비교과 활동에 대한 계획을 입력하실 수 있어요",
            "speaker": {
              "id": "A",
              "sex": "여성",
              "age": "2그룹(30대~40대)"
            },
            "speechAct": "진술하기",
            "morpheme": "A/SL+그러/VV+셔야/EP+EC+비교/NNG+과/JC+활동/NNG+에/JKB+대한/VV+ETM+계획/NNG+을/JKO+입력/NNG+하/XSV+실/EP+ETM+수/NNB+있/VV+어요/EF"
          },
          {
            "id": 10,
            "text": "B.아 독서 봉사 창의적 체험활동 수상 이력 중에서 선택하는 거죠",
            "norm_text": "B.아 독서 봉사 창의적 체험활동 수상 이력 중에서 선택하는 거죠",
            "speaker": {
              "id": "B",
              "sex": "남성",
              "age": "2그룹(30대~40대)"
            },
            "speechAct": "질문하기",
            "morpheme": "B/SL+아/IC+독서/NNG+봉사/NNG+창의/NNG+적/XSN+체험/NNG+활동/NNG+수상/NNG+이력/NNG+중/NNB+에서/JKB+선택/NNG+하/XSV+는/ETM+거/NNB+죠/VCP+EC"
          },
          {
            "id": 11,
            "text": "A.네 수행하신 후 내용 및 소감을 남기면 완료로 바뀝니다",
            "norm_text": "A.네 수행하신 후 내용 및 소감을 남기면 완료로 바뀝니다",
            "speaker": {
              "id": "A",
              "sex": "여성",
              "age": "2그룹(30대~40대)"
            },
            "speechAct": "진술하기",
            "morpheme": "A/SL+네/IC+수행/NNG+하/XSV+신/EP+ETM+후/NNG+내용/NNG+및/MAJ+소감/NNG+을/JKO+남기/VV+면/EC+완료/NNG+로/JKB+바뀝니다/VV+EF"
          },
          {
            "id": 12,
            "text": "B.네 친절한 설명 감사합니다",
            "norm_text": "B.네 친절한 설명 감사합니다",
            "speaker": {
              "id": "B",
              "sex": "남성",
              "age": "2그룹(30대~40대)"
            },
            "speechAct": "감사하기",
            "morpheme": "B/SL+네/IC+친절/NNG+한/XSA+ETM+설명/NNG+감사/NNG+합니다/XSV+EC"
          },
          {
            "id": 13,
            "text": "A.좋은 하루 보내세요 상담원 #@이름#이었습니다",
            "norm_text": "A.좋은 하루 보내세요 상담원 #@이름#이었습니다",
            "speaker": {
              "id": "A",
              "sex": "여성",
              "age": "2그룹(30대~40대)"
            },
            "speechAct": "인사하기",
            "morpheme": "A/SL+좋/VA+은/ETM+하루/NNG+보내/VV+세요/EP+EF+상담원/NNG+#/SY+@/SY+이름/NNG+#/SY+이/VCP+었/EP+습니다/EF"
          }
        ]
      }
    }
  ]
}