{
  "dataset": {
    "identifier": 140576,
    "name": "e1_20211115_0006_0588_01",
    "src_path": "/data/file/cubeManager/PROJECT018/91/txt20211110140006086145/e1_20211115_0006_0588_01/",
    "label_path": "/data/file/cubeManager/PROJECT018/91/txt20211110140006086145/e1_20211115_0006_0588_01/",
    "category": 2,
    "type": 0
  },
  "licenses": {
    "name": "Apache License 1.0",
    "url": "http://www.apache.org/licenses/LICENSE-1.0"
  },
  "info": [
    {
      "id": 158140,
      "filename": "e1_0068_0068_02.txt",
      "title": "e1_0068_0068_02",
      "mediatype": "콜센터",
      "medianame": "콜센터",
      "category": "목적대화",
      "date": "2021-11-10",
      "size": 308,
      "annotations": {
        "subject": "프로그램 문의",
        "speaker_type": "1:1",
        "size": 308,
        "word_size": 72,
        "text": "A.전화주셔서 감사합니다 #@소속# 상담원 #@이름# 입니다\nB.안녕하세요 자료는 어디서 확인 할 수 있어요\nA.피씨로 로그인 하셨나요 아니면 모바일앱 로그인 하신건가요\nB.모바일앱 으로 보고 있어요\nA.그럼 로그인 하셔서 수강중인 강좌 리스트 보이세요\nB.네 강좌 리스트 보고 있어요\nA.확인하고 싶은 강좌 이름을 클릭 하세요\nB.잠시만요 클릭 했어요 강좌 떴어요\nA.강좌명 아래에 수강 후기 작성 보이시나요\nA.아래에 학습자료 라고 되어 있어요 첨부파일 확인 하시면 됩니다\nB.네 찾았어요 감사합니다 수고하세요\nA.감사합니다 저는 #@소속# 상담원 #@이름# 였습니다",
        "lines": [
          {
            "id": 1,
            "text": "A.전화주셔서 감사합니다 #@소속# 상담원 #@이름# 입니다",
            "norm_text": "A.전화주셔서 감사합니다 #@소속# 상담원 #@이름# 입니다",
            "speaker": {
              "id": "A",
              "sex": "여성",
              "age": "1그룹(10대~20대)"
            },
            "speechAct": "인사하기",
            "morpheme": "A/SL+./SY+전화/NNG+주/VV+셔서/EP+EC+감사/NNG+합니다/XSV+EF+#/SY+@/SY+소속/NNG+#/SY+상담원/NNG+#/SY+@/SY+이름/NNG+#/SY+입니다/VCP+EC"
          },
          {
            "id": 2,
            "text": "B.안녕하세요 자료는 어디서 확인 할 수 있어요",
            "norm_text": "B.안녕하세요 자료는 어디서 확인 할 수 있어요",
            "speaker": {
              "id": "B",
              "sex": "남성",
              "age": "1그룹(10대~20대)"
            },
            "speechAct": "질문하기",
            "morpheme": "B/SL+./SY+안녕/NNG+하/XSV+세요/EP+EF+자료/NNG+는/JX+어디/NP+서/JKB+확인/NNG+할/XSV+ETM+수/NNB+있/VV+어요/EF"
          },
          {
            "id": 3,
            "text": "A.피씨로 로그인 하셨나요 아니면 모바일앱 로그인 하신건가요",
            "norm_text": "A.피씨로 로그인 하셨나요 아니면 모바일앱 로그인 하신건가요",
            "speaker": {
              "id": "A",
              "sex": "여성",
              "age": "1그룹(10대~20대)"
            },
            "speechAct": "질문하기",
            "morpheme": "A/SL+./SY+피/NNP+씨/NNB+로/JKB+로그인/NNG+하/XSV+셨/EP+EP+나요/EF+아니면/MAJ+모바일/NNP+앱/NNG+로그인/NNG+하/XSV+신/EP+ETM+건가요/NNB+VCP+EC"
          },
          {
            "id": 4,
            "text": "B.모바일앱 으로 보고 있어요",
            "norm_text": "B.모바일앱 으로 보고 있어요",
            "speaker": {
              "id": "B",
              "sex": "남성",
              "age": "1그룹(10대~20대)"
            },
            "speechAct": "진술하기",
            "morpheme": "B/SL+./SY+모바일/NNP+앱/NNG+으로/JKB+보/VV+고/EC+있/VX+어요/EF"
          },
          {
            "id": 5,
            "text": "A.그럼 로그인 하셔서 수강중인 강좌 리스트 보이세요",
            "norm_text": "A.그럼 로그인 하셔서 수강중인 강좌 리스트 보이세요",
            "speaker": {
              "id": "A",
              "sex": "여성",
              "age": "1그룹(10대~20대)"
            },
            "speechAct": "질문하기",
            "morpheme": "A/SL+그럼/MAJ+로그인/NNG+하/XSV+셔서/EP+EC+수강/NNG+중/NNB+인/VCP+ETM+강좌/NNG+리스트/NNG+보이/VV+세요/EP+EF"
          },
          {
            "id": 6,
            "text": "B.네 강좌 리스트 보고 있어요",
            "norm_text": "B.네 강좌 리스트 보고 있어요",
            "speaker": {
              "id": "B",
              "sex": "남성",
              "age": "1그룹(10대~20대)"
            },
            "speechAct": "진술하기",
            "morpheme": "B/SL+네/IC+강좌/NNG+리스트/NNG+보/VV+고/EC+있/VX+어요/EF"
          },
          {
            "id": 7,
            "text": "A.확인하고 싶은 강좌 이름을 클릭 하세요",
            "norm_text": "A.확인하고 싶은 강좌 이름을 클릭 하세요",
            "speaker": {
              "id": "A",
              "sex": "여성",
              "age": "1그룹(10대~20대)"
            },
            "speechAct": "명령하기/요구하기",
            "morpheme": "A/SL+./SY+확인/NNG+하/XSV+고/EC+싶/VX+은/ETM+강좌/NNG+이름/NNG+을/JKO+클릭/NNG+하/XSV+세요/EP+EF"
          },
          {
            "id": 8,
            "text": "B.잠시만요 클릭 했어요 강좌 떴어요",
            "norm_text": "B.잠시만요 클릭 했어요 강좌 떴어요",
            "speaker": {
              "id": "B",
              "sex": "남성",
              "age": "1그룹(10대~20대)"
            },
            "speechAct": "진술하기",
            "morpheme": "B/SL+잠시/MAG+만요/NNP+클릭/NNG+했/XSV+EP+어요/EF+강좌/NNG+떴/VV+EP+어요/EF"
          },
          {
            "id": 9,
            "text": "A.강좌명 아래에 수강 후기 작성 보이시나요",
            "norm_text": "A.강좌명 아래에 수강 후기 작성 보이시나요",
            "speaker": {
              "id": "A",
              "sex": "여성",
              "age": "1그룹(10대~20대)"
            },
            "speechAct": "질문하기",
            "morpheme": "A/SL+./SY+강좌/NNG+명/XSN+아래/NNG+에/JKB+수강/NNG+후기/NNG+작성/NNG+보이/VV+시/EP+나요/EC"
          },
          {
            "id": 10,
            "text": "A.아래에 학습자료 라고 되어 있어요 첨부파일 확인 하시면 됩니다",
            "norm_text": "A.아래에 학습자료 라고 되어 있어요 첨부파일 확인 하시면 됩니다",
            "speaker": {
              "id": "A",
              "sex": "여성",
              "age": "1그룹(10대~20대)"
            },
            "speechAct": "진술하기",
            "morpheme": "A/SL+./SY+아래/NNG+에/JKB+학습/NNG+자료/NNG+라고/VCP+EC+되/VV+어/EC+있/VX+어요/EF+첨부/NNG+파일/NNG+확인/NNG+하/XSV+시/EP+면/EC+됩니다/VX+EC"
          },
          {
            "id": 11,
            "text": "B.네 찾았어요 감사합니다 수고하세요",
            "norm_text": "B.네 찾았어요 감사합니다 수고하세요",
            "speaker": {
              "id": "B",
              "sex": "남성",
              "age": "1그룹(10대~20대)"
            },
            "speechAct": "인사하기",
            "morpheme": "B/SL+네/IC+찾/VV+았/EP+어요/EF+감사/NNG+합니다/XSV+EF+수고/NNG+하/XSV+세요/EP+EF"
          },
          {
            "id": 12,
            "text": "A.감사합니다 저는 #@소속# 상담원 #@이름# 였습니다",
            "norm_text": "A.감사합니다 저는 #@소속# 상담원 #@이름# 였습니다",
            "speaker": {
              "id": "A",
              "sex": "여성",
              "age": "1그룹(10대~20대)"
            },
            "speechAct": "인사하기",
            "morpheme": "A/SL+./SY+감사/NNG+합니다/XSV+EF+저/NP+는/JX+#/SY+@/SY+소속/NNG+#/SY+상담원/NNG+#/SY+@/SY+이름/NNG+#/SY+였/VCP+EP+습니다/EF"
          }
        ]
      }
    }
  ]
}