{
  "dataset": {
    "identifier": 139908,
    "name": "e1_20211115_0006_0385_01",
    "src_path": "/data/file/cubeManager/PROJECT018/91/txt20211110140004065717/e1_20211115_0006_0385_01/",
    "label_path": "/data/file/cubeManager/PROJECT018/91/txt20211110140004065717/e1_20211115_0006_0385_01/",
    "category": 2,
    "type": 0
  },
  "licenses": {
    "name": "Apache License 1.0",
    "url": "http://www.apache.org/licenses/LICENSE-1.0"
  },
  "info": [
    {
      "id": 157861,
      "filename": "e1_0067_0002_02.txt",
      "title": "e1_0067_0002_02",
      "mediatype": "콜센터",
      "medianame": "콜센터",
      "category": "목적대화",
      "date": "2021-11-10",
      "size": 463,
      "annotations": {
        "subject": "프로그램 문의",
        "speaker_type": "1:1",
        "size": 463,
        "word_size": 115,
        "text": "A. 안녕하세요 내일을 여는 #@소속# 상담사 #@이름# 입니다\nB. 네 저 #@상품# 관심이 있어서 상담 좀 받아보고 싶어요\nA. 네 고객님#@상품# 관련해서 어떤 것들이 궁금하신가요\nB. 제가 혼자 공부하면 너무 느슨해져서 주변에서 압박해주는게 필요하거든요\nB. 혹시 개인 학습태도 관리도 해주나요\nA. 네 물론이죠 오전 8시30분부터 밤10시까지 자습감독 선생님 계속 계시구요\nA. 과목별 질의응답 선생님들도 함께 관리해주십니다\nB. 아 그렇군요 학원 자체 모의고사도 있나요\nA. 월마다 2회 모의고사가 있고 학습 태도나 생활 관리까지 해드립니다\nB. 그 정도로 될지 확신이 안 들긴 하네요\nA. 아니시면 #@상품#도 이용해보세요\nA. 주기적 상담 관리 당연히 들어가구요\nA. 상벌점제도 운영중이라 더더욱 관리받는 느낌 드실거에요\nB. 우선은 #@상품# 등록 알아보고 있던거라 어떻게 할지 좀 더 고민해볼게요\nA. 네 충분한 답변이 되었길 바랍니다",
        "lines": [
          {
            "id": 1,
            "text": "A. 안녕하세요 내일을 여는 #@소속# 상담사 #@이름# 입니다",
            "norm_text": "A. 안녕하세요 내일을 여는 #@소속# 상담사 #@이름# 입니다",
            "speaker": {
              "id": "A",
              "sex": "여성",
              "age": "1그룹(10대~20대)"
            },
            "speechAct": "인사하기",
            "morpheme": "A/SL+./SY+안녕/NNG+하/XSV+세요/EP+EF+내일/NNG+을/JKO+여/VV+는/ETM+#/SY+@/SY+소속/NNG+#/SY+상담/NNG+사/NNG+#/SY+@/SY+이름/NNG+#/SY+입니다/VCP+EC"
          },
          {
            "id": 2,
            "text": "B. 네 저 #@상품# 관심이 있어서 상담 좀 받아보고 싶어요",
            "norm_text": "B. 네 저 #@상품# 관심이 있어서 상담 좀 받아보고 싶어요",
            "speaker": {
              "id": "B",
              "sex": "남성",
              "age": "1그룹(10대~20대)"
            },
            "speechAct": "부탁하기",
            "morpheme": "B/SL+네/IC+저/NP+#/SY+@/SY+상품/NNG+#/SY+관심/NNG+이/JKS+있/VV+어서/EC+상담/NNG+좀/MAG+받/VV+아/EC+보/VX+고/EC+싶/VX+어요/EF"
          },
          {
            "id": 3,
            "text": "A. 네 고객님#@상품# 관련해서 어떤 것들이 궁금하신가요",
            "norm_text": "A. 네 고객님#@상품# 관련해서 어떤 것들이 궁금하신가요",
            "speaker": {
              "id": "A",
              "sex": "여성",
              "age": "1그룹(10대~20대)"
            },
            "speechAct": "질문하기",
            "morpheme": "A/SL+네/IC+고객/NNG+님/XSN+#/SY+@/SY+상품/NNG+#/SY+관련/NNG+해서/XSV+EC+어떤/MM+것/NNB+들/XSN+이/JKS+궁금/XR+하/XSA+신가요/EP+EC"
          },
          {
            "id": 4,
            "text": "B. 제가 혼자 공부하면 너무 느슨해져서 주변에서 압박해주는게 필요하거든요",
            "norm_text": "B. 제가 혼자 공부하면 느슨해져서 주변에서 압박해주는게 필요하거든요",
            "speaker": {
              "id": "B",
              "sex": "남성",
              "age": "1그룹(10대~20대)"
            },
            "speechAct": "진술하기",
            "morpheme": "B/SL+제/NP+가/JKS+혼자/NNG+공부/NNG+하/XSV+면/EC+너무/MAG+느슨/XR+해져서/XSA+EC+VX+EC+주변/NNG+에서/JKB+압박/NNG+해/XSV+EC+주/VX+는/ETM+게/NNB+JKS+필요/NNG+하/XSV+거든요/EC"
          },
          {
            "id": 5,
            "text": "B. 혹시 개인 학습태도 관리도 해주나요",
            "norm_text": "B. 혹시 개인 학습태도 관리도 해주나요",
            "speaker": {
              "id": "B",
              "sex": "남성",
              "age": "1그룹(10대~20대)"
            },
            "speechAct": "질문하기",
            "morpheme": "B/SL+혹시/MAG+개인/NNG+학습/NNG+태도/NNG+관리도/NNG+해/XSV+EC+주/VX+나요/EC"
          },
          {
            "id": 6,
            "text": "A. 네 물론이죠 오전 8시30분부터 밤10시까지 자습감독 선생님 계속 계시구요",
            "norm_text": "A.물론이죠 오전 8시30분부터 밤10시까지 자습감독 선생님 계속 계시구요",
            "speaker": {
              "id": "A",
              "sex": "여성",
              "age": "1그룹(10대~20대)"
            },
            "speechAct": "진술하기",
            "morpheme": "A/SL+네/IC+물론/NNG+이/VCP+죠/EF+오전/NNG+8/SN+시/NNBC+30/SN+분/NNBC+부터/JX+밤/NNG+10/SN+시/NNBC+까지/JX+자습/NNG+감독/NNG+선생/NNG+님/XSN+계속/MAG+계시/VV+구요/EF"
          },
          {
            "id": 7,
            "text": "A. 과목별 질의응답 선생님들도 함께 관리해주십니다",
            "norm_text": "A. 과목별 질의응답 선생님들도 함께 관리해주십니다",
            "speaker": {
              "id": "A",
              "sex": "여성",
              "age": "1그룹(10대~20대)"
            },
            "speechAct": "진술하기",
            "morpheme": "A/SL+./SY+과목/NNG+별/XSN+질/NNG+의/JKG+응답/NNG+선생/NNG+님/XSN+들/XSN+도/JX+함께/MAG+관리/NNG+해/XSV+EC+주/VX+십니다/EP+EC"
          },
          {
            "id": 8,
            "text": "B. 아 그렇군요 학원 자체 모의고사도 있나요",
            "norm_text": "B. 아 그렇군요 학원 자체 모의고사도 있나요",
            "speaker": {
              "id": "B",
              "sex": "남성",
              "age": "1그룹(10대~20대)"
            },
            "speechAct": "질문하기",
            "morpheme": "B/SL+아/IC+그렇/VA+군요/EC+학원/NNG+자체/NNG+모의고사/NNG+도/JX+있/VA+나요/EC"
          },
          {
            "id": 9,
            "text": "A. 월마다 2회 모의고사가 있고 학습 태도나 생활 관리까지 해드립니다",
            "norm_text": "A. 월마다 2회 모의고사가 있고 학습 태도나 생활 관리까지 해드립니다",
            "speaker": {
              "id": "A",
              "sex": "여성",
              "age": "1그룹(10대~20대)"
            },
            "speechAct": "진술하기",
            "morpheme": "A/SL+./SY+월/NNG+마다/JX+2/SN+회모/NNG+의/JKG+고사/NNG+가/JKS+있/VA+고/EC+학습/NNG+태도/NNG+나/JC+생활/NNG+관리/NNG+까지/JX+해/VV+EC+드립니다/VX+EC"
          },
          {
            "id": 10,
            "text": "B. 그 정도로 될지 확신이 안 들긴 하네요",
            "norm_text": "B. 그 정도로 될지 확신이 안 들긴 하네요",
            "speaker": {
              "id": "B",
              "sex": "남성",
              "age": "1그룹(10대~20대)"
            },
            "speechAct": "부정감정표현하기(비난하기 포함)",
            "morpheme": "B/SL+그/MM+정도/NNG+로/JKB+될지/VV+EC+확신/NNG+이/JKS+안/MAG+들/VV+긴/ETN+JX+하/VX+네요/EC"
          },
          {
            "id": 11,
            "text": "A. 아니시면 #@상품#도 이용해보세요",
            "norm_text": "A. 아니시면 #@상품#도 이용해보세요",
            "speaker": {
              "id": "A",
              "sex": "여성",
              "age": "1그룹(10대~20대)"
            },
            "speechAct": "충고하기",
            "morpheme": "A/SL+아니/VCN+시/EP+면/EC+#/SY+@/SY+상품/NNG+#/SY+도/JX+이용/NNG+해/XSV+EC+보/VX+세요/EP+EF"
          },
          {
            "id": 12,
            "text": "A. 주기적 상담 관리 당연히 들어가구요",
            "norm_text": "A. 주기적 상담 관리 당연히 들어가구요",
            "speaker": {
              "id": "A",
              "sex": "여성",
              "age": "1그룹(10대~20대)"
            },
            "speechAct": "진술하기",
            "morpheme": "A/SL+./SY+주기/NNG+적/XSN+상담/NNG+관리/NNG+당연히/MAG+들어가/VV+구요/EF"
          },
          {
            "id": 13,
            "text": "A. 상벌점제도 운영중이라 더더욱 관리받는 느낌 드실거에요",
            "norm_text": "A. 상벌점제도 운영중이라 더더욱 관리받는 느낌 드실거에요",
            "speaker": {
              "id": "A",
              "sex": "여성",
              "age": "1그룹(10대~20대)"
            },
            "speechAct": "진술하기",
            "morpheme": "A/SL+./SY+상벌/NNG+점제/NNG+도/JX+운영/NNG+중/NNB+이/VCP+라/EC+더더욱/MAG+관리/NNG+받/VV+는/ETM+느낌/NNG+드실/VV+EP+ETM+거/NNB+에요/VCP+EF"
          },
          {
            "id": 14,
            "text": "B. 우선은 #@상품# 등록 알아보고 있던거라 어떻게 할지 좀 더 고민해볼게요",
            "norm_text": "B. 우선은 #@상품# 알아보고 있던거라 어떻게 할지 좀 더 고민해볼게요",
            "speaker": {
              "id": "B",
              "sex": "남성",
              "age": "1그룹(10대~20대)"
            },
            "speechAct": "진술하기",
            "morpheme": "B/SL+우선/MAG+은/JX+#/SY+@/SY+상품/NNG+#/SY+등록/NNG+알아보/VV+고/EC+있/VX+던/ETM+거/NNB+라/VCP+EC+어떻/VA+게/EC+할지/VX+EC+좀/MAG+더/MAG+고민/NNG+해/XSV+EC+볼게요/VX+EF"
          },
          {
            "id": 15,
            "text": "A. 네 충분한 답변이 되었길 바랍니다",
            "norm_text": "A. 네 충분한 답변이 되었길 바랍니다",
            "speaker": {
              "id": "A",
              "sex": "여성",
              "age": "1그룹(10대~20대)"
            },
            "speechAct": "진술하기",
            "morpheme": "A/SL+네/IC+충분/XR+한/XSA+ETM+답변/NNG+이/JKS+되/VV+었/EP+길/ETN+JKO+바랍니다/VV+EC"
          }
        ]
      }
    }
  ]
}