{
  "dataset": {
    "identifier": 140357,
    "name": "e1_20211115_0006_0494_01",
    "src_path": "/data/file/cubeManager/PROJECT018/91/txt20211110140005047436/e1_20211115_0006_0494_01/",
    "label_path": "/data/file/cubeManager/PROJECT018/91/txt20211110140005047436/e1_20211115_0006_0494_01/",
    "category": 2,
    "type": 0
  },
  "licenses": {
    "name": "Apache License 1.0",
    "url": "http://www.apache.org/licenses/LICENSE-1.0"
  },
  "info": [
    {
      "id": 157968,
      "filename": "e1_0067_0109_02.txt",
      "title": "e1_0067_0109_02",
      "mediatype": "콜센터",
      "medianame": "콜센터",
      "category": "목적대화",
      "date": "2021-11-10",
      "size": 296,
      "annotations": {
        "subject": "프로그램 문의",
        "speaker_type": "1:1",
        "size": 296,
        "word_size": 78,
        "text": "A. 안녕하세요 #@소속# #@이름# 상담원입니다\nB. 네 저 편입 수학 문의 좀 드리려구요\nA. 네 수학에 어떤 부분 궁금하실까요\nB. 편입 준비 자체가 완전 처음이라 잘 몰라서요\nB. 혹시 지금 시기에 어떤 커리큘럼이 진행중인가요\nA. 9월 10월 기간에는 일반적으로 공학수학 진행됩니다\nB. 아 공학수학 쪽으로 교수님 추천 해주실 수 있나요\nA. 기초부터 다지길 원하시면 #@상품# 추천드릴게요\nA. 수강생 만족도도 높은 편이고 맛보기 수강 가능하세요\nB. 알겠습니다 상세한 답변 감사합니다\nA. 네 다른 문의 있으시면 언제든 연락 또 주세요",
        "lines": [
          {
            "id": 1,
            "text": "A. 안녕하세요 #@소속# #@이름# 상담원입니다",
            "norm_text": "A. 안녕하세요 #@소속# #@이름# 상담원입니다",
            "speaker": {
              "id": "A",
              "sex": "여성",
              "age": "1그룹(10대~20대)"
            },
            "speechAct": "인사하기",
            "morpheme": "A/SL+./SY+안녕/NNG+하/XSV+세요/EP+EF+#/SY+@/SY+소속/NNG+#/SY+#/SY+@/SY+이름/NNG+#/SY+상담원/NNG+입니다/VCP+EC"
          },
          {
            "id": 2,
            "text": "B. 네 저 편입 수학 문의 좀 드리려구요",
            "norm_text": "B. 네 저 편입 수학 문의 좀 드리려구요",
            "speaker": {
              "id": "B",
              "sex": "남성",
              "age": "1그룹(10대~20대)"
            },
            "speechAct": "진술하기",
            "morpheme": "B/SL+네/IC+저편/NP+입수/NNG+학문/NNG+의/JKG+좀/MAG+드리/VV+려구요/EC"
          },
          {
            "id": 3,
            "text": "A. 네 수학에 어떤 부분 궁금하실까요",
            "norm_text": "A. 네 수학에 어떤 부분 궁금하실까요",
            "speaker": {
              "id": "A",
              "sex": "여성",
              "age": "1그룹(10대~20대)"
            },
            "speechAct": "질문하기",
            "morpheme": "A/SL+네/IC+수학/NNG+에/JKB+어떤/MM+부분/NNG+궁금/XR+하/XSA+실까요/EP+EF"
          },
          {
            "id": 4,
            "text": "B. 편입 준비 자체가 완전 처음이라 잘 몰라서요",
            "norm_text": "B. 편입 준비 자체가 완전 처음이라 잘 몰라서요",
            "speaker": {
              "id": "B",
              "sex": "남성",
              "age": "1그룹(10대~20대)"
            },
            "speechAct": "진술하기",
            "morpheme": "B/SL+./SY+편입/NNG+준비/NNG+자체/NNG+가/JKS+완전/MAG+처음/NNG+이/VCP+라/EC+잘/MAG+몰/VV+라서요/EC"
          },
          {
            "id": 5,
            "text": "B. 혹시 지금 시기에 어떤 커리큘럼이 진행중인가요",
            "norm_text": "B. 혹시 지금 시기에 어떤 커리큘럼이 진행중인가요",
            "speaker": {
              "id": "B",
              "sex": "남성",
              "age": "1그룹(10대~20대)"
            },
            "speechAct": "질문하기",
            "morpheme": "B/SL+혹시/MAG+지금/MAG+시기/NNG+에/JKB+어떤/MM+커리큘럼/NNG+이/JKS+진행/NNG+중/NNB+인가요/VCP+EC"
          },
          {
            "id": 6,
            "text": "A. 9월 10월 기간에는 일반적으로 공학수학 진행됩니다",
            "norm_text": "A. 9월 10월 기간에는 일반적으로 공학수학 진행됩니다",
            "speaker": {
              "id": "A",
              "sex": "여성",
              "age": "1그룹(10대~20대)"
            },
            "speechAct": "진술하기",
            "morpheme": "A/SL+./SY+9/SN+월/NNBC+10/SN+월/NNBC+기간/NNG+에/JKB+는/JX+일반/NNG+적/XSN+으로/JKB+공학/NNG+수학/NNG+진행/NNG+됩니다/XSV+EC"
          },
          {
            "id": 7,
            "text": "B. 아 공학수학 쪽으로 교수님 추천 해주실 수 있나요",
            "norm_text": "B. 아 공학수학 쪽으로 교수님 추천 해주실 수 있나요",
            "speaker": {
              "id": "B",
              "sex": "남성",
              "age": "1그룹(10대~20대)"
            },
            "speechAct": "질문하기",
            "morpheme": "B/SL+아/IC+공학/NNG+수학/NNG+쪽/NNB+으로/JKB+교수/NNG+님/XSN+추천/NNG+해/XSV+EC+주/VX+실/EP+ETM+수/NNB+있/VV+나요/EC"
          },
          {
            "id": 8,
            "text": "A. 기초부터 다지길 원하시면 #@상품# 추천드릴게요",
            "norm_text": "A. 기초부터 다지길 원하시면 #@상품# 추천드릴게요",
            "speaker": {
              "id": "A",
              "sex": "여성",
              "age": "1그룹(10대~20대)"
            },
            "speechAct": "진술하기",
            "morpheme": "A/SL+./SY+기초/NNG+부터/JX+다지/VV+길/ETN+JKO+원하/VV+시/EP+면/EC+#/SY+@/SY+상품/NNG+#/SY+추천/NNG+드릴게요/VV+EC"
          },
          {
            "id": 9,
            "text": "A. 수강생 만족도도 높은 편이고 맛보기 수강 가능하세요",
            "norm_text": "A. 수강생 만족도도 높은 편이고 맛보기 수강 가능하세요",
            "speaker": {
              "id": "A",
              "sex": "여성",
              "age": "1그룹(10대~20대)"
            },
            "speechAct": "진술하기",
            "morpheme": "A/SL+./SY+수강/NNG+생/XSN+만족도/NNG+도/JX+높/VA+은/ETM+편/NNB+이/VCP+고/EC+맛보/VV+기/ETN+수강/NNG+가능/NNG+하/XSV+세요/EP+EF"
          },
          {
            "id": 10,
            "text": "B. 알겠습니다 상세한 답변 감사합니다",
            "norm_text": "B. 알겠습니다 상세한 답변 감사합니다",
            "speaker": {
              "id": "B",
              "sex": "남성",
              "age": "1그룹(10대~20대)"
            },
            "speechAct": "감사하기",
            "morpheme": "B/SL+알/VV+겠/EP+습니다/EF+상세/XR+한/XSA+ETM+답변/NNG+감사/NNG+합니다/XSV+EC"
          },
          {
            "id": 11,
            "text": "A. 네 다른 문의 있으시면 언제든 연락 또 주세요",
            "norm_text": "A. 네 다른 문의 있으시면 언제든 연락 또 주세요",
            "speaker": {
              "id": "A",
              "sex": "여성",
              "age": "1그룹(10대~20대)"
            },
            "speechAct": "인사하기",
            "morpheme": "A/SL+네/IC+다른/MM+문/NNG+의/JKG+있/VA+으시/EP+면/EC+언제/NP+든/VCP+EC+연락/NNG+또/MAG+주세요/NNP"
          }
        ]
      }
    }
  ]
}