{
  "dataset": {
    "identifier": 140187,
    "name": "e1_20211115_0006_0452_01",
    "src_path": "/data/file/cubeManager/PROJECT018/91/txt20211110140005016248/e1_20211115_0006_0452_01/",
    "label_path": "/data/file/cubeManager/PROJECT018/91/txt20211110140005016248/e1_20211115_0006_0452_01/",
    "category": 2,
    "type": 0
  },
  "licenses": {
    "name": "Apache License 1.0",
    "url": "http://www.apache.org/licenses/LICENSE-1.0"
  },
  "info": [
    {
      "id": 157928,
      "filename": "e1_0067_0069_02.txt",
      "title": "e1_0067_0069_02",
      "mediatype": "콜센터",
      "medianame": "콜센터",
      "category": "목적대화",
      "date": "2021-11-10",
      "size": 306,
      "annotations": {
        "subject": "프로그램 문의",
        "speaker_type": "1:1",
        "size": 306,
        "word_size": 81,
        "text": "A. 안녕하세요 #@소속# 입니다\nB. 네 저 #@상품# 수강자인데요 질문 좀요\nA. 네 반갑습니다 어떤 문의 있으실까요\nB. #@이름# 선생님 다음 정규반 일정 좀 알려주세요\nA. 정규반은 문법 독해 논리 4.0 과정이시구요\nA. 월수금 오전반과 금토일 주말반 개설 예정이세요\nB. 정규반 말고 따로 있는 #@상품#은 뭔가요\nA. 상위권 대학이 목표인 수험생을 위한 집중반 입니다\nB. 오 #@상품# 시간대는 어떻게 되나요\nA. 월요일 수요일 오후반으로 개설 예정입니다\nB. #@상품#이 왠지 더 나을 것 같네요 알겠습니다\nA. 네 추가 문의시 언제든 또 연락주세요",
        "lines": [
          {
            "id": 1,
            "text": "A. 안녕하세요 #@소속# 입니다",
            "norm_text": "A. 안녕하세요 #@소속# 입니다",
            "speaker": {
              "id": "A",
              "sex": "여성",
              "age": "1그룹(10대~20대)"
            },
            "speechAct": "인사하기",
            "morpheme": "A/SL+./SY+안녕/NNG+하/XSV+세요/EP+EF+#/SY+@/SY+소속/NNG+#/SY+입니다/VCP+EC"
          },
          {
            "id": 2,
            "text": "B. 네 저 #@상품# 수강자인데요 질문 좀요",
            "norm_text": "B. 네 저 #@상품# 수강자인데요 질문 좀요",
            "speaker": {
              "id": "B",
              "sex": "남성",
              "age": "1그룹(10대~20대)"
            },
            "speechAct": "진술하기",
            "morpheme": "B/SL+네/IC+저/NP+#/SY+@/SY+상품/NNG+#/SY+수강/NNG+자/XSN+인데요/VCP+EC+질문/NNG+좀/MAG+요/JX"
          },
          {
            "id": 3,
            "text": "A. 네 반갑습니다 어떤 문의 있으실까요",
            "norm_text": "A. 네 반갑습니다 어떤 문의 있으실까요",
            "speaker": {
              "id": "A",
              "sex": "여성",
              "age": "1그룹(10대~20대)"
            },
            "speechAct": "질문하기",
            "morpheme": "A/SL+네/IC+반갑/VA+습니다/EF+어떤/MM+문/NNG+의/JKG+있/VA+으실까/EP+EP+EF+요/MM"
          },
          {
            "id": 4,
            "text": "B. #@이름# 선생님 다음 정규반 일정 좀 알려주세요",
            "norm_text": "B. #@이름# 선생님 다음 정규반 일정 좀 알려주세요",
            "speaker": {
              "id": "B",
              "sex": "남성",
              "age": "1그룹(10대~20대)"
            },
            "speechAct": "진술하기",
            "morpheme": "B/SL+./SY+#/SY+@/SY+이름/NNG+#/SY+선생/NNG+님/XSN+다음/NNG+정규/NNG+반/NNG+일정/NNG+좀/MAG+알려/VV+EC+주/VX+세요/EP+EF"
          },
          {
            "id": 5,
            "text": "A. 정규반은 문법 독해 논리 4.0 과정이시구요",
            "norm_text": "A. 정규반은 문법 독해 논리 4.0 과정이시구요",
            "speaker": {
              "id": "A",
              "sex": "여성",
              "age": "1그룹(10대~20대)"
            },
            "speechAct": "진술하기",
            "morpheme": "A/SL+./SY+정규/NNG+반/NNG+은/JX+문법/NNG+독해/NNG+논리/NNG+4/SN+./SY+0/SN+과정/NNG+이/VCP+시/EP+구요/EF"
          },
          {
            "id": 6,
            "text": "A. 월수금 오전반과 금토일 주말반 개설 예정이세요",
            "norm_text": "A. 월수금 오전반과 금토일 주말반 개설 예정이세요",
            "speaker": {
              "id": "A",
              "sex": "여성",
              "age": "1그룹(10대~20대)"
            },
            "speechAct": "진술하기",
            "morpheme": "A/SL+./SY+월수/NNG+금오/NNG+전반/NNG+과/JC+금토/NNP+일주/NNG+말반/NNG+개설/NNG+예정/NNG+이/VCP+세요/EP+EF"
          },
          {
            "id": 7,
            "text": "B. 정규반 말고 따로 있는 #@상품#은 뭔가요",
            "norm_text": "B. 정규반 말고 따로 있는 #@상품#은 뭔가요",
            "speaker": {
              "id": "B",
              "sex": "남성",
              "age": "1그룹(10대~20대)"
            },
            "speechAct": "질문하기",
            "morpheme": "B/SL+./SY+정규/NNG+반/NNG+말/VV+고/EC+따로/MAG+있/VV+는/ETM+#/SY+@/SY+상품/NNG+#/SY+은/JX+뭔/MM+가요/NNG"
          },
          {
            "id": 8,
            "text": "A. 상위권 대학이 목표인 수험생을 위한 집중반 입니다",
            "norm_text": "A. 상위권 대학이 목표인 수험생을 위한 집중반 입니다",
            "speaker": {
              "id": "A",
              "sex": "여성",
              "age": "1그룹(10대~20대)"
            },
            "speechAct": "진술하기",
            "morpheme": "A/SL+./SY+상위/NNG+권/XSN+대학/NNG+이/JKS+목표/NNG+인/VCP+ETM+수험/NNG+생/XSN+을/JKO+위한/VV+ETM+집중/NNG+반/NNG+입니다/VCP+EC"
          },
          {
            "id": 9,
            "text": "B. 오 #@상품# 시간대는 어떻게 되나요",
            "norm_text": "B. 오 #@상품# 시간대는 어떻게 되나요",
            "speaker": {
              "id": "B",
              "sex": "남성",
              "age": "1그룹(10대~20대)"
            },
            "speechAct": "질문하기",
            "morpheme": "B/SL+오/NR+#/SY+@/SY+상품/NNG+#/SY+시간/NNG+대/XSV+는/ETM+어떻/VA+게/EC+되/VV+나요/EC"
          },
          {
            "id": 10,
            "text": "A. 월요일 수요일 오후반으로 개설 예정입니다",
            "norm_text": "A. 월요일 수요일 오후반으로 개설 예정입니다",
            "speaker": {
              "id": "A",
              "sex": "여성",
              "age": "1그룹(10대~20대)"
            },
            "speechAct": "진술하기",
            "morpheme": "A/SL+./SY+월요일/NNG+수요일/NNG+오후반/NNG+으로/JKB+개설/NNG+예정/NNG+입니다/VCP+EC"
          },
          {
            "id": 11,
            "text": "B. #@상품#이 왠지 더 나을 것 같네요 알겠습니다",
            "norm_text": "B. #@상품#이 왠지 더 나을 것 같네요 알겠습니다",
            "speaker": {
              "id": "B",
              "sex": "남성",
              "age": "1그룹(10대~20대)"
            },
            "speechAct": "진술하기",
            "morpheme": "B/SL+./SY+#/SY+@/SY+상품/NNG+#/SY+이/JKS+왠지/MAG+더/MAG+나을/VA+ETM+것/NNB+같/VA+네요/EC+알/VV+겠/EP+습니다/EF"
          },
          {
            "id": 12,
            "text": "A. 네 추가 문의시 언제든 또 연락주세요",
            "norm_text": "A. 네 추가 문의시 언제든 또 연락주세요",
            "speaker": {
              "id": "A",
              "sex": "여성",
              "age": "1그룹(10대~20대)"
            },
            "speechAct": "약속하기(개인적 수준의 서약)",
            "morpheme": "A/SL+네/IC+추가/NNG+문/NNG+의/JKG+시언/NNG+제/XSN+든/VCP+EC+또/MAG+연락/NNG+주세요/NNP"
          }
        ]
      }
    }
  ]
}