{
  "dataset": {
    "identifier": 139998,
    "name": "e1_20211115_0006_0403_01",
    "src_path": "/data/file/cubeManager/PROJECT018/91/txt20211110140004079080/e1_20211115_0006_0403_01/",
    "label_path": "/data/file/cubeManager/PROJECT018/91/txt20211110140004079080/e1_20211115_0006_0403_01/",
    "category": 2,
    "type": 0
  },
  "licenses": {
    "name": "Apache License 1.0",
    "url": "http://www.apache.org/licenses/LICENSE-1.0"
  },
  "info": [
    {
      "id": 157879,
      "filename": "e1_0067_0020_02.txt",
      "title": "e1_0067_0020_02",
      "mediatype": "콜센터",
      "medianame": "콜센터",
      "category": "목적대화",
      "date": "2021-11-10",
      "size": 354,
      "annotations": {
        "subject": "프로그램 문의",
        "speaker_type": "1:1",
        "size": 354,
        "word_size": 86,
        "text": "A. 안녕하세요 #@소속# 상담원 #@이름# 입니다\nB. 네 저 패스 관련해서 궁금한게 생겨서요\nA. 네 고객님 어떤 점이 궁금하신가요\nB. 친구들이 프리패스가 제일 편하다고는 했는데요\nB. 그거 말고도 BIG 상품이 있던데 어떤건가요\nA. BIG 상품들도 프리패스처럼 기간제 상품이긴 한데요\nA. 각각 정해진 개수만큼만 신청해서 수강 가능하세요\nB. 그럼 BIG3 상품은 3개 신청된단 뜻인가봐요\nA. 맞습니다 BIG3는 3개 BIG5는 5개 가능하세요\nB. 아 저는 프리패스보다 BIG 상품이 낫겠네요\nA. 네 고객님께 더 유용한 상품으로 골라서 이용 가능하세요\nB. 알겠습니다 BIG 상품으로 결제해둘게요\nA. 감사합니다 상담원 #@이름# 이였습니다",
        "lines": [
          {
            "id": 1,
            "text": "A. 안녕하세요 #@소속# 상담원 #@이름# 입니다",
            "norm_text": "A. 안녕하세요 #@소속# 상담원 #@이름# 입니다",
            "speaker": {
              "id": "A",
              "sex": "여성",
              "age": "1그룹(10대~20대)"
            },
            "speechAct": "인사하기",
            "morpheme": "A/SL+./SY+안녕/NNG+하/XSV+세요/EP+EF+#/SY+@/SY+소속/NNG+#/SY+상담원/NNG+#/SY+@/SY+이름/NNG+#/SY+입니다/VCP+EC"
          },
          {
            "id": 2,
            "text": "B. 네 저 패스 관련해서 궁금한게 생겨서요",
            "norm_text": "B. 네 저 패스 관련해서 궁금한게 생겨서요",
            "speaker": {
              "id": "B",
              "sex": "남성",
              "age": "1그룹(10대~20대)"
            },
            "speechAct": "진술하기",
            "morpheme": "B/SL+네/IC+저/MM+패스/NNG+관련/NNG+해서/XSV+EC+궁금/XR+한/XSA+ETM+게/NNB+JKS+생겨서/VV+EC+요/JX"
          },
          {
            "id": 3,
            "text": "A. 네 고객님 어떤 점이 궁금하신가요",
            "norm_text": "A. 네 고객님 어떤 점이 궁금하신가요",
            "speaker": {
              "id": "A",
              "sex": "여성",
              "age": "1그룹(10대~20대)"
            },
            "speechAct": "질문하기",
            "morpheme": "A/SL+네/IC+고객/NNG+님/XSN+어떤/MM+점/NNG+이/JKS+궁금/XR+하/XSA+신가요/EP+EC"
          },
          {
            "id": 4,
            "text": "B. 친구들이 프리패스가 제일 편하다고는 했는데요",
            "norm_text": "B. 친구들이 프리패스가 제일 편하다고는 했는데요",
            "speaker": {
              "id": "B",
              "sex": "남성",
              "age": "1그룹(10대~20대)"
            },
            "speechAct": "진술하기",
            "morpheme": "B/SL+./SY+친구/NNG+들/XSN+이/JKS+프리/NNG+패스/NNG+가/JKS+제일/MAG+편하/VA+다고/EC+는/JX+했/VV+EP+는데요/EC"
          },
          {
            "id": 5,
            "text": "B. 그거 말고도 BIG 상품이 있던데 어떤건가요",
            "norm_text": "B. 그거 말고도 BIG 상품이 있던데 어떤건가요",
            "speaker": {
              "id": "B",
              "sex": "남성",
              "age": "1그룹(10대~20대)"
            },
            "speechAct": "질문하기",
            "morpheme": "B/SL+그거/NP+말/VV+고/EC+도/JX+BIG/SL+상품/NNG+이/JKS+있/VV+던데/EC+어떤/MM+건가요/NNB+VCP+EC"
          },
          {
            "id": 6,
            "text": "A. BIG 상품들도 프리패스처럼 기간제 상품이긴 한데요",
            "norm_text": "A. BIG 상품들도 프리패스처럼 기간제 상품이긴 한데요",
            "speaker": {
              "id": "A",
              "sex": "여성",
              "age": "1그룹(10대~20대)"
            },
            "speechAct": "진술하기",
            "morpheme": "A/SL+./SY+BIG/SL+상품/NNG+들/XSN+도/JX+프리/NNG+패스/NNG+처럼/JKB+기간제/NNG+상품/NNG+이/VCP+긴/ETN+JX+한데요/VX+EC"
          },
          {
            "id": 7,
            "text": "A. 각각 정해진 개수만큼만 신청해서 수강 가능하세요",
            "norm_text": "A. 각각 정해진 개수만큼만 신청해서 수강 가능하세요",
            "speaker": {
              "id": "A",
              "sex": "여성",
              "age": "1그룹(10대~20대)"
            },
            "speechAct": "진술하기",
            "morpheme": "A/SL+각각/MAG+정해진/VV+EC+VX+ETM+개수/NNG+만큼/JKB+만/JX+신청/NNG+해서/XSV+EC+수강/NNG+가능/NNG+하/XSV+세요/EP+EF"
          },
          {
            "id": 8,
            "text": "B. 그럼 BIG3 상품은 3개 신청된단 뜻인가봐요",
            "norm_text": "B. 그럼 BIG3 상품은 3개 신청된단 뜻인가봐요",
            "speaker": {
              "id": "B",
              "sex": "남성",
              "age": "1그룹(10대~20대)"
            },
            "speechAct": "질문하기",
            "morpheme": "B/SL+그럼/MAJ+BIG/SL+3/SN+상품/NNG+은/JX+3/SN+개/NNBC+신청/NNG+된단/XSV+ETM+뜻/NNG+인가/VCP+EC+봐요/VX+EC"
          },
          {
            "id": 9,
            "text": "A. 맞습니다 BIG3는 3개 BIG5는 5개 가능하세요",
            "norm_text": "A. 맞습니다 BIG3는 3개 BIG5는 5개 가능하세요",
            "speaker": {
              "id": "A",
              "sex": "여성",
              "age": "1그룹(10대~20대)"
            },
            "speechAct": "진술하기",
            "morpheme": "A/SL+맞/VV+습니다/EF+BIG/SL+3/SN+는/JX+3/SN+개/NNBC+BIG/SL+5/SN+는/JX+5/SN+개/NNBC+가능/NNG+하/XSV+세요/EP+EF"
          },
          {
            "id": 10,
            "text": "B. 아 저는 프리패스보다 BIG 상품이 낫겠네요",
            "norm_text": "B. 아 저는 프리패스보다 BIG 상품이 낫겠네요",
            "speaker": {
              "id": "B",
              "sex": "남성",
              "age": "1그룹(10대~20대)"
            },
            "speechAct": "진술하기",
            "morpheme": "B/SL+아/IC+저/NP+는/JX+프리/NNG+패스/NNG+보다/JKB+BIG/SL+상품/NNG+이/JKS+낫/VV+겠/EP+네요/EC"
          },
          {
            "id": 11,
            "text": "A. 네 고객님께 더 유용한 상품으로 골라서 이용 가능하세요",
            "norm_text": "A. 네 고객님께 더 유용한 상품으로 골라서 이용 가능하세요",
            "speaker": {
              "id": "A",
              "sex": "여성",
              "age": "1그룹(10대~20대)"
            },
            "speechAct": "진술하기",
            "morpheme": "A/SL+네/IC+고객/NNG+님/XSN+께/JKB+더/MAG+유용/NNG+한/XSA+ETM+상품/NNG+으로/JKB+골라서/VV+EC+이용/NNG+가능/NNG+하/XSV+세요/EP+EF"
          },
          {
            "id": 12,
            "text": "B. 알겠습니다 BIG 상품으로 결제해둘게요",
            "norm_text": "B. 알겠습니다 BIG 상품으로 결제해둘게요",
            "speaker": {
              "id": "B",
              "sex": "남성",
              "age": "1그룹(10대~20대)"
            },
            "speechAct": "약속하기(개인적 수준의 서약)",
            "morpheme": "B/SL+알/VV+겠/EP+습니다/EF+BIG/SL+상품/NNG+으로/JKB+결제/NNG+해둘/XSV+EC+VX+ETM+게요/NNB+VCP+EC"
          },
          {
            "id": 13,
            "text": "A. 감사합니다 상담원 #@이름# 이였습니다",
            "norm_text": "A. 감사합니다 상담원 #@이름# 이였습니다",
            "speaker": {
              "id": "A",
              "sex": "여성",
              "age": "1그룹(10대~20대)"
            },
            "speechAct": "인사하기",
            "morpheme": "A/SL+./SY+감사/NNG+합니다/XSV+EF+상담원/NNG+#/SY+@/SY+이름/NNG+#/SY+이/VCP+였/EP+습니다/EF"
          }
        ]
      }
    }
  ]
}