{
  "dataset": {
    "identifier": 140123,
    "name": "e1_20211115_0006_0437_01",
    "src_path": "/data/file/cubeManager/PROJECT018/91/txt20211110140005004736/e1_20211115_0006_0437_01/",
    "label_path": "/data/file/cubeManager/PROJECT018/91/txt20211110140005004736/e1_20211115_0006_0437_01/",
    "category": 2,
    "type": 0
  },
  "licenses": {
    "name": "Apache License 1.0",
    "url": "http://www.apache.org/licenses/LICENSE-1.0"
  },
  "info": [
    {
      "id": 157913,
      "filename": "e1_0067_0054_02.txt",
      "title": "e1_0067_0054_02",
      "mediatype": "콜센터",
      "medianame": "콜센터",
      "category": "목적대화",
      "date": "2021-11-10",
      "size": 360,
      "annotations": {
        "subject": "프로그램 문의",
        "speaker_type": "1:1",
        "size": 360,
        "word_size": 88,
        "text": "A. 안녕하세요 내일을 대비하는 #@소속# 입니다\nB. 네 저 다음달부터 수강하려는데요\nB. 수강 전에 걱정이 좀 있어서요\nA. 네 걱정되시는 부분 상담 도와드리겠습니다\nB. 다음달 등록하려면 반배치고사를 언제 봐야하나요\nA. 신규생 반편성고사는 16일부터 진행되고 있어요\nB. 배치고사 난이도가 쎌까봐 걱정이 큰데요\nA. 평소 다뤄보신 기출문제에 준하는 형태로 출제됩니다\nA. 본인의 현재 위치 파악을 위한거니 큰 부담갖지 마세요\nB. 애초에 실력이 많이 부족한 것 같아서요\nA. 다음달부터라도 이론부터 차근차근 수강해보세요\nA. 저희 캠퍼스와 함께 시작하시면 충분히 합격하십니다\nB. 네 친절하게 말씀해주셔서 감사합니다\nA. 네 코로나 조심하시고 좋은 하루 되세요",
        "lines": [
          {
            "id": 1,
            "text": "A. 안녕하세요 내일을 대비하는 #@소속# 입니다",
            "norm_text": "A. 안녕하세요 내일을 대비하는 #@소속# 입니다",
            "speaker": {
              "id": "A",
              "sex": "여성",
              "age": "1그룹(10대~20대)"
            },
            "speechAct": "인사하기",
            "morpheme": "A/SL+./SY+안녕/NNG+하/XSV+세요/EP+EF+내일/NNG+을/JKO+대비/NNG+하/XSV+는/ETM+#/SY+@/SY+소속/NNG+#/SY+입니다/VCP+EC"
          },
          {
            "id": 2,
            "text": "B. 네 저 다음달부터 수강하려는데요",
            "norm_text": "B. 네 저 다음달부터 수강하려는데요",
            "speaker": {
              "id": "B",
              "sex": "남성",
              "age": "1그룹(10대~20대)"
            },
            "speechAct": "진술하기",
            "morpheme": "B/SL+네/IC+저/MM+다음/NNG+달/NNG+부터/JX+수강/NNG+하/XSV+려는/ETM+데/NNB+요/VCP+EC"
          },
          {
            "id": 3,
            "text": "B. 수강 전에 걱정이 좀 있어서요",
            "norm_text": "B. 수강 전에 걱정이 좀 있어서요",
            "speaker": {
              "id": "B",
              "sex": "남성",
              "age": "1그룹(10대~20대)"
            },
            "speechAct": "진술하기",
            "morpheme": "B/SL+./SY+수강/NNG+전/NNG+에/JKB+걱정/NNG+이/JKS+좀/MAG+있/VA+어서요/EC"
          },
          {
            "id": 4,
            "text": "A. 네 걱정되시는 부분 상담 도와드리겠습니다",
            "norm_text": "A. 네 걱정되시는 부분 상담 도와드리겠습니다",
            "speaker": {
              "id": "A",
              "sex": "여성",
              "age": "1그룹(10대~20대)"
            },
            "speechAct": "진술하기",
            "morpheme": "A/SL+네/IC+걱정/NNG+되/XSV+시/EP+는/ETM+부분/NNG+상담/NNG+도와/VV+EC+드리/VX+겠/EP+습니다/EF"
          },
          {
            "id": 5,
            "text": "B. 다음달 등록하려면 반배치고사를 언제 봐야하나요",
            "norm_text": "B. 다음달 등록하려면 반배치고사를 언제 봐야하나요",
            "speaker": {
              "id": "B",
              "sex": "남성",
              "age": "1그룹(10대~20대)"
            },
            "speechAct": "질문하기",
            "morpheme": "B/SL+./SY+다음/NNG+달/NNG+등록/NNG+하/XSV+려면/EC+반/NNG+배치/NNG+고사/NNG+를/JKO+언제/MAG+봐야/VV+EC+하/VV+나요/EC"
          },
          {
            "id": 6,
            "text": "A. 신규생 반편성고사는 16일부터 진행되고 있어요",
            "norm_text": "A. 신규생 반편성고사는 16일부터 진행되고 있어요",
            "speaker": {
              "id": "A",
              "sex": "여성",
              "age": "1그룹(10대~20대)"
            },
            "speechAct": "진술하기",
            "morpheme": "A/SL+./SY+신규/NNG+생반/NNG+편성/NNG+고사/NNG+는/JX+16/SN+일/NNBC+부터/JX+진행/NNG+되/XSV+고/EC+있/VX+어요/EF"
          },
          {
            "id": 7,
            "text": "B. 배치고사 난이도가 쎌까봐 걱정이 큰데요",
            "norm_text": "B. 배치고사 난이도가 쎌까봐 걱정이 큰데요",
            "speaker": {
              "id": "B",
              "sex": "남성",
              "age": "1그룹(10대~20대)"
            },
            "speechAct": "진술하기",
            "morpheme": "B/SL+./SY+배치/NNG+고사/NNG+난이도/NNG+가/JKS+쎌/VA+ETM+까봐/EC+VX+EC+걱정/NNG+이/JKS+큰/VA+ETM+데/NNB+요/VCP+EC"
          },
          {
            "id": 8,
            "text": "A. 평소 다뤄보신 기출문제에 준하는 형태로 출제됩니다",
            "norm_text": "A. 평소 다뤄보신 기출문제에 준하는 형태로 출제됩니다",
            "speaker": {
              "id": "A",
              "sex": "여성",
              "age": "1그룹(10대~20대)"
            },
            "speechAct": "진술하기",
            "morpheme": "A/SL+./SY+평소/NNG+다뤄/VV+EC+보/VX+신/EP+ETM+기출문제/NNG+에/JKB+준하/VV+는/ETM+형태/NNG+로/JKB+출제/NNG+됩니다/XSV+EC"
          },
          {
            "id": 9,
            "text": "A. 본인의 현재 위치 파악을 위한거니 큰 부담갖지 마세요",
            "norm_text": "A. 본인의 현재 위치 파악을 위한거니 큰 부담갖지 마세요",
            "speaker": {
              "id": "A",
              "sex": "여성",
              "age": "1그룹(10대~20대)"
            },
            "speechAct": "진술하기",
            "morpheme": "A/SL+./SY+본인/NNG+의/JKG+현재/NNG+위치/NNG+파악/NNG+을/JKO+위한/VV+ETM+거/NNB+니/VCP+EC+큰/VA+ETM+부담/NNG+갖/VV+지/EC+마세요/VX+EP+EC"
          },
          {
            "id": 10,
            "text": "B. 애초에 실력이 많이 부족한 것 같아서요",
            "norm_text": "B. 애초에 실력이 많이 부족한 것 같아서요",
            "speaker": {
              "id": "B",
              "sex": "남성",
              "age": "1그룹(10대~20대)"
            },
            "speechAct": "진술하기",
            "morpheme": "B/SL+./SY+애초/NNG+에/JKB+실력/NNG+이/JKS+많이/MAG+부족/NNG+한/XSA+ETM+것/NNB+같/VA+아서요/EC"
          },
          {
            "id": 11,
            "text": "A. 다음달부터라도 이론부터 차근차근 수강해보세요",
            "norm_text": "A. 다음달부터라도 이론부터 차근차근 수강해보세요",
            "speaker": {
              "id": "A",
              "sex": "여성",
              "age": "1그룹(10대~20대)"
            },
            "speechAct": "진술하기",
            "morpheme": "A/SL+./SY+다음/NNG+달/NNG+부터/JX+라도/VCP+EC+이론/NNG+부터/JX+차근차근/MAG+수강/NNG+해/XSV+EC+보/VX+세요/EP+EF"
          },
          {
            "id": 12,
            "text": "A. 저희 캠퍼스와 함께 시작하시면 충분히 합격하십니다",
            "norm_text": "A. 저희 캠퍼스와 함께 시작하시면 충분히 합격하십니다",
            "speaker": {
              "id": "A",
              "sex": "여성",
              "age": "1그룹(10대~20대)"
            },
            "speechAct": "진술하기",
            "morpheme": "A/SL+저희/NP+캠퍼스/NNG+와/JKB+함께/MAG+시작/NNG+하/XSV+시/EP+면/EC+충분히/MAG+합격/NNG+하/XSV+십니다/EP+EC"
          },
          {
            "id": 13,
            "text": "B. 네 친절하게 말씀해주셔서 감사합니다",
            "norm_text": "B. 네 친절하게 말씀해주셔서 감사합니다",
            "speaker": {
              "id": "B",
              "sex": "남성",
              "age": "1그룹(10대~20대)"
            },
            "speechAct": "감사하기",
            "morpheme": "B/SL+네/IC+친절/NNG+하/XSV+게/EC+말씀/NNG+해/XSV+EC+주/VX+셔서/EP+EC+감사/NNG+합니다/XSV+EC"
          },
          {
            "id": 14,
            "text": "A. 네 코로나 조심하시고 좋은 하루 되세요",
            "norm_text": "A. 네 코로나 조심하시고 좋은 하루 되세요",
            "speaker": {
              "id": "A",
              "sex": "여성",
              "age": "1그룹(10대~20대)"
            },
            "speechAct": "인사하기",
            "morpheme": "A/SL+네/IC+코로나/NNG+조심/NNG+하/XSV+시/EP+고/EC+좋/VA+은/ETM+하루/NNG+되/XSV+세요/EP+EF"
          }
        ]
      }
    }
  ]
}