{
  "dataset": {
    "identifier": 140341,
    "name": "e1_20211115_0006_0490_01",
    "src_path": "/data/file/cubeManager/PROJECT018/91/txt20211110140005044196/e1_20211115_0006_0490_01/",
    "label_path": "/data/file/cubeManager/PROJECT018/91/txt20211110140005044196/e1_20211115_0006_0490_01/",
    "category": 2,
    "type": 0
  },
  "licenses": {
    "name": "Apache License 1.0",
    "url": "http://www.apache.org/licenses/LICENSE-1.0"
  },
  "info": [
    {
      "id": 157964,
      "filename": "e1_0067_0105_02.txt",
      "title": "e1_0067_0105_02",
      "mediatype": "콜센터",
      "medianame": "콜센터",
      "category": "목적대화",
      "date": "2021-11-10",
      "size": 308,
      "annotations": {
        "subject": "프로그램 문의",
        "speaker_type": "1:1",
        "size": 308,
        "word_size": 80,
        "text": "A. 새로운 도전을 응원하는 #@소속# 입니다\nB. 안녕하세요 수업 관련 질문 좀 할게요\nA. 네 수업에 어떤 부분 문의 있으신가요\nB. #@소속#는 다음 개강 날짜가 언제인가요\nA. 저희 다음 수업 개강은 10월3일 입니다\nB. 아무래도 대전이라 좀 신경쓰여서 그러는데요\nB. 서울이랑 커리큘럼 차이가 있는건 아닌가요\nA. 서울과 동일한 수업과 관리 시스템으로 운영됩니다\nB. 설마 교수님들이 다르다거나 하진 않는건가요\nA. 서울교수진이 직접 강의하니 그 부분 걱정안하셔도 돼요\nB. 아 네 알겠습니다 마음이 놓이네요\nA. 네 오늘도 좋은 하루 되시고 코로나 조심하세요",
        "lines": [
          {
            "id": 1,
            "text": "A. 새로운 도전을 응원하는 #@소속# 입니다",
            "norm_text": "A. 새로운 도전을 응원하는 #@소속# 입니다",
            "speaker": {
              "id": "A",
              "sex": "여성",
              "age": "1그룹(10대~20대)"
            },
            "speechAct": "인사하기",
            "morpheme": "A/SL+새로운/VA+ETM+도전/NNG+을/JKO+응원/NNG+하/XSV+는/ETM+#/SY+@/SY+소속/NNG+#/SY+입니다/VCP+EC"
          },
          {
            "id": 2,
            "text": "B. 안녕하세요 수업 관련 질문 좀 할게요",
            "norm_text": "B. 안녕하세요 수업 관련 질문 좀 할게요",
            "speaker": {
              "id": "B",
              "sex": "남성",
              "age": "1그룹(10대~20대)"
            },
            "speechAct": "진술하기",
            "morpheme": "B/SL+./SY+안녕/NNG+하/XSV+세요/EP+EF+수업/NNG+관련/NNG+질문/NNG+좀/MAG+할게요/VV+EC"
          },
          {
            "id": 3,
            "text": "A. 네 수업에 어떤 부분 문의 있으신가요",
            "norm_text": "A. 네 수업에 어떤 부분 문의 있으신가요",
            "speaker": {
              "id": "A",
              "sex": "여성",
              "age": "1그룹(10대~20대)"
            },
            "speechAct": "질문하기",
            "morpheme": "A/SL+네/IC+수업/NNG+에/JKB+어떤/MM+부분/NNG+문/NNG+의/JKG+있/VA+으신/EP+ETM+가요/NNG"
          },
          {
            "id": 4,
            "text": "B. #@소속#는 다음 개강 날짜가 언제인가요",
            "norm_text": "B. #@소속#는 다음 개강 날짜가 언제인가요",
            "speaker": {
              "id": "B",
              "sex": "남성",
              "age": "1그룹(10대~20대)"
            },
            "speechAct": "질문하기",
            "morpheme": "B/SL+./SY+#/SY+@/SY+소속/NNG+#/SY+는/JX+다음/NNG+개강/NNG+날짜/NNG+가/JKS+언제/NP+인가요/VCP+EC"
          },
          {
            "id": 5,
            "text": "A. 저희 다음 수업 개강은 10월3일 입니다",
            "norm_text": "A. 저희 다음 수업 개강은 10월3일 입니다",
            "speaker": {
              "id": "A",
              "sex": "여성",
              "age": "1그룹(10대~20대)"
            },
            "speechAct": "진술하기",
            "morpheme": "A/SL+저희/NP+다음/NNG+수업/NNG+개강/NNG+은/JX+10/SN+월/NNBC+3/SN+일/NNBC+입니다/VCP+EC"
          },
          {
            "id": 6,
            "text": "B. 아무래도 대전이라 좀 신경쓰여서 그러는데요",
            "norm_text": "B. 아무래도 대전이라 좀 신경쓰여서 그러는데요",
            "speaker": {
              "id": "B",
              "sex": "남성",
              "age": "1그룹(10대~20대)"
            },
            "speechAct": "진술하기",
            "morpheme": "B/SL+아무래도/MAG+대전/NNG+이/VCP+라/EC+좀/MAG+신경/NNG+쓰여서/VV+EC+그러/VV+는데요/EC"
          },
          {
            "id": 7,
            "text": "B. 서울이랑 커리큘럼 차이가 있는건 아닌가요",
            "norm_text": "B. 서울이랑 커리큘럼 차이가 있는건 아닌가요",
            "speaker": {
              "id": "B",
              "sex": "남성",
              "age": "1그룹(10대~20대)"
            },
            "speechAct": "질문하기",
            "morpheme": "B/SL+./SY+서울/NNP+이랑/JKB+커리큘럼/NNG+차이/NNG+가/JKS+있/VA+는/ETM+건/NNB+JX+아닌가요/VCN+EC"
          },
          {
            "id": 8,
            "text": "A. 서울과 동일한 수업과 관리 시스템으로 운영됩니다",
            "norm_text": "A. 서울과 동일한 수업과 관리 시스템으로 운영됩니다",
            "speaker": {
              "id": "A",
              "sex": "여성",
              "age": "1그룹(10대~20대)"
            },
            "speechAct": "진술하기",
            "morpheme": "A/SL+./SY+서울/NNP+과/JC+동일/NNG+한/XSA+ETM+수업/NNG+과/JC+관리/NNG+시스템/NNG+으로/JKB+운영/NNG+됩니다/XSV+EC"
          },
          {
            "id": 9,
            "text": "B. 설마 교수님들이 다르다거나 하진 않는건가요",
            "norm_text": "B. 설마 교수님들이 다르다거나 하진 않는건가요",
            "speaker": {
              "id": "B",
              "sex": "남성",
              "age": "1그룹(10대~20대)"
            },
            "speechAct": "질문하기",
            "morpheme": "B/SL+설마/MAG+교수/NNG+님/XSN+들/XSN+이/JKS+다르/VA+다거나/EC+하/VV+진/EC+JX+않/VX+는/ETM+건가요/NNB+VCP+EC"
          },
          {
            "id": 10,
            "text": "A. 서울교수진이 직접 강의하니 그 부분 걱정안하셔도 돼요",
            "norm_text": "A. 서울교수진이 직접 강의하니 그 부분 걱정안하셔도 돼요",
            "speaker": {
              "id": "A",
              "sex": "여성",
              "age": "1그룹(10대~20대)"
            },
            "speechAct": "진술하기",
            "morpheme": "A/SL+./SY+서울/NNP+교수/NNG+진이/XSV+EC+JX+JKS+직접/MAG+강의/NNG+하/XSV+니/EC+그/MM+부분/NNG+걱정/NNG+안/MAG+하/VV+셔도/EP+EC+돼요/VV+EC"
          },
          {
            "id": 11,
            "text": "B. 아 네 알겠습니다 마음이 놓이네요",
            "norm_text": "B. 아 네 알겠습니다 마음이 놓이네요",
            "speaker": {
              "id": "B",
              "sex": "남성",
              "age": "1그룹(10대~20대)"
            },
            "speechAct": "진술하기",
            "morpheme": "B/SL+아/IC+네/IC+알/VV+겠/EP+습니다/EF+마음/NNG+이/JKS+놓이/VV+네요/EC"
          },
          {
            "id": 12,
            "text": "A. 네 오늘도 좋은 하루 되시고 코로나 조심하세요",
            "norm_text": "A. 네 오늘도 좋은 하루 되시고 코로나 조심하세요",
            "speaker": {
              "id": "A",
              "sex": "여성",
              "age": "1그룹(10대~20대)"
            },
            "speechAct": "인사하기",
            "morpheme": "A/SL+네/IC+오늘/NNG+도/JX+좋/VA+은/ETM+하루/NNG+되/XSV+시/EP+고/EC+코로나/NNG+조심/NNG+하/XSV+세요/EP+EF"
          }
        ]
      }
    }
  ]
}