{
  "dataset": {
    "identifier": 139860,
    "name": "e1_20211115_0006_0356_01",
    "src_path": "/data/file/cubeManager/PROJECT018/91/txt20211110140004045344/e1_20211115_0006_0356_01/",
    "label_path": "/data/file/cubeManager/PROJECT018/91/txt20211110140004045344/e1_20211115_0006_0356_01/",
    "category": 2,
    "type": 0
  },
  "licenses": {
    "name": "Apache License 1.0",
    "url": "http://www.apache.org/licenses/LICENSE-1.0"
  },
  "info": [
    {
      "id": 157832,
      "filename": "e1_0066_0184_02.txt",
      "title": "e1_0066_0184_02",
      "mediatype": "콜센터",
      "medianame": "콜센터",
      "category": "목적대화",
      "date": "2021-11-10",
      "size": 307,
      "annotations": {
        "subject": "프로그램 문의",
        "speaker_type": "1:1",
        "size": 307,
        "word_size": 68,
        "text": "A.좋은 아침입니다 #@소속# #@이름#입니다\nB.제가 #@상품#로 공부를 하려고 하는데요\nB.#@상품#에 대해서 좀 알려주시겠어요\nA.#@상품#은 총 3개 파트로 회화 연습에 좋습니다\nB.아 그래요 혹시 커리큘럼은 정해져 있는건가요 제가 실력이 없어서 걱정이네요\nA.현재 실력이나 목적에 맞게 커리큘럼을 자유롭게 설계할 수 있습니다\nB.다행이네요 그럼 원하는 부분만도 선택해 공부 가능한가요\nA.네 가능하시지만 모든 파트를 하셔야 최대 효과를 얻으실 수 있어요\nB.아 그렇군요 알겠습니다 감사해요\nA.코로나 조심하시고요 오늘 좋은 하루 되세요 #@이름# 이었습니다",
        "lines": [
          {
            "id": 1,
            "text": "A.좋은 아침입니다 #@소속# #@이름#입니다",
            "norm_text": "A.좋은 아침입니다 #@소속# #@이름#입니다",
            "speaker": {
              "id": "A",
              "sex": "여성",
              "age": "1그룹(10대~20대)"
            },
            "speechAct": "인사하기",
            "morpheme": "A/SL+좋/VA+은/ETM+아침/NNG+입니다/VCP+EF+#/SY+@/SY+소속/NNG+#/SY+#/SY+@/SY+이름/NNG+#/SY+입니다/VCP+EC"
          },
          {
            "id": 2,
            "text": "B.제가 #@상품#로 공부를 하려고 하는데요",
            "norm_text": "B.제가 #@상품#로 공부를 하려고 하는데요",
            "speaker": {
              "id": "B",
              "sex": "남성",
              "age": "1그룹(10대~20대)"
            },
            "speechAct": "진술하기",
            "morpheme": "B/SL+제/NP+가/JKS+#/SY+@/SY+상품/NNG+#/SY+로/JKB+공부/NNG+를/JKO+하/VV+려고/EC+하/VV+는데요/EC"
          },
          {
            "id": 3,
            "text": "B.#@상품#에 대해서 좀 알려주시겠어요",
            "norm_text": "B.#@상품#에 대해서 좀 알려주시겠어요",
            "speaker": {
              "id": "B",
              "sex": "남성",
              "age": "1그룹(10대~20대)"
            },
            "speechAct": "질문하기",
            "morpheme": "B/SL+./SY+#/SY+@/SY+상품/NNG+#/SY+에/JKB+대해서/VV+EC+좀/MAG+알려/VV+EC+주/VX+시/EP+겠/EP+어요/EF"
          },
          {
            "id": 4,
            "text": "A.#@상품#은 총 3개 파트로 회화 연습에 좋습니다",
            "norm_text": "A.#@상품#은 총 3개 파트로 회화 연습에 좋습니다",
            "speaker": {
              "id": "A",
              "sex": "여성",
              "age": "1그룹(10대~20대)"
            },
            "speechAct": "진술하기",
            "morpheme": "A/SL+./SY+#/SY+@/SY+상품/NNG+#/SY+은/JX+총/MM+3/SN+개/NNBC+파트/NNG+로/JKB+회화/NNG+연습/NNG+에/JKB+좋/VA+습니다/EF"
          },
          {
            "id": 5,
            "text": "B.아 그래요 혹시 커리큘럼은 정해져 있는건가요 제가 실력이 없어서 걱정이네요",
            "norm_text": "B.혹시 커리큘럼은 정해져 있는건가요 제가 실력이 없어서 걱정이네요",
            "speaker": {
              "id": "B",
              "sex": "남성",
              "age": "1그룹(10대~20대)"
            },
            "speechAct": "부정감정표현하기(비난하기 포함)",
            "morpheme": "B/SL+아/IC+그래요/VV+EF+혹시/MAG+커리큘럼/NNG+은/JX+정해져/VV+EC+VX+EC+있/VX+는/ETM+건가요/NNB+VCP+EC+제/NP+가/JKS+실력/NNG+이/JKS+없/VA+어서/EC+걱정/NNG+이/VCP+네요/EC"
          },
          {
            "id": 6,
            "text": "A.현재 실력이나 목적에 맞게 커리큘럼을 자유롭게 설계할 수 있습니다",
            "norm_text": "A.현재 실력이나 목적에 맞게 커리큘럼을 자유롭게 설계할 수 있습니다",
            "speaker": {
              "id": "A",
              "sex": "여성",
              "age": "1그룹(10대~20대)"
            },
            "speechAct": "진술하기",
            "morpheme": "A/SL+현재/MAG+실력/NNG+이나/JC+목적/NNG+에/JKB+맞/VV+게/EC+커리큘럼/NNG+을/JKO+자유/NNG+롭/XSA+게/EC+설계/NNG+할/XSV+ETM+수/NNB+있/VV+습니다/EF"
          },
          {
            "id": 7,
            "text": "B.다행이네요 그럼 원하는 부분만도 선택해 공부 가능한가요",
            "norm_text": "B.다행이네요 그럼 원하는 부분만도 선택해 공부 가능한가요",
            "speaker": {
              "id": "B",
              "sex": "남성",
              "age": "1그룹(10대~20대)"
            },
            "speechAct": "질문하기",
            "morpheme": "B/SL+./SY+다행/NNG+이/VCP+네요/EF+그럼/MAJ+원/NNG+하/XSV+는/ETM+부분/NNG+만/JX+도/JX+선택/NNG+해/XSV+EC+공부/NNG+가능/NNG+한/XSA+ETM+가요/NNG"
          },
          {
            "id": 8,
            "text": "A.네 가능하시지만 모든 파트를 하셔야 최대 효과를 얻으실 수 있어요",
            "norm_text": "A.네 가능하시지만 모든 파트를 하셔야 최대 효과를 얻으실 수 있어요",
            "speaker": {
              "id": "A",
              "sex": "여성",
              "age": "1그룹(10대~20대)"
            },
            "speechAct": "충고하기",
            "morpheme": "A/SL+네/IC+가능/NNG+하/XSV+시/EP+지만/EC+모든/MM+파트/NNG+를/JKO+하/VV+셔야/EP+EC+최대/NNG+효과/NNG+를/JKO+얻/VV+으실/EP+ETM+수/NNB+있/VV+어요/EF"
          },
          {
            "id": 9,
            "text": "B.아 그렇군요 알겠습니다 감사해요",
            "norm_text": "B.아 그렇군요 알겠습니다 감사해요",
            "speaker": {
              "id": "B",
              "sex": "남성",
              "age": "1그룹(10대~20대)"
            },
            "speechAct": "감사하기",
            "morpheme": "B/SL+아/IC+그렇/VA+군요/EC+알/VV+겠/EP+습니다/EF+감사/NNG+해요/XSV+EC"
          },
          {
            "id": 10,
            "text": "A.코로나 조심하시고요 오늘 좋은 하루 되세요 #@이름# 이었습니다",
            "norm_text": "A.코로나 조심하시고요 오늘 좋은 하루 되세요 #@이름# 이었습니다",
            "speaker": {
              "id": "A",
              "sex": "여성",
              "age": "1그룹(10대~20대)"
            },
            "speechAct": "인사하기",
            "morpheme": "A/SL+./SY+코로나/NNG+조심/NNG+하/XSV+시/EP+고요/EF+오늘/MAG+좋/VA+은/ETM+하루/NNG+되/XSV+세요/EP+EF+#/SY+@/SY+이름/NNG+#/SY+이/VCP+었/EP+습니다/EF"
          }
        ]
      }
    }
  ]
}