{
  "dataset": {
    "identifier": 139937,
    "name": "e1_20211115_0006_0394_01",
    "src_path": "/data/file/cubeManager/PROJECT018/91/txt20211110140004072652/e1_20211115_0006_0394_01/",
    "label_path": "/data/file/cubeManager/PROJECT018/91/txt20211110140004072652/e1_20211115_0006_0394_01/",
    "category": 2,
    "type": 0
  },
  "licenses": {
    "name": "Apache License 1.0",
    "url": "http://www.apache.org/licenses/LICENSE-1.0"
  },
  "info": [
    {
      "id": 157870,
      "filename": "e1_0067_0011_02.txt",
      "title": "e1_0067_0011_02",
      "mediatype": "콜센터",
      "medianame": "콜센터",
      "category": "목적대화",
      "date": "2021-11-10",
      "size": 395,
      "annotations": {
        "subject": "프로그램 문의",
        "speaker_type": "1:1",
        "size": 395,
        "word_size": 101,
        "text": "A. 꿈을 이루는 학원 #@소속# 상담사 #@이름#입니다\nB. 네 혹시 이번 추석에 특강 따로 진행하나요\nA. 네 추석 특강 있습니다 어떤 과목 관심있으신가요\nB. 사탐이랑 과학논술 둘다 듣고싶은데 언제부터 시작인가요\nA.  두 과목 전부 9월 19일에 시작됩니다\nB. 그럼 종강은 언제쯤일까요\nA. 19일 개강을 시작으로 22일 종강되는 일정이에요\nB. 네 알겠습니다 수업 시간대도 알려주세요\nA. 사탐 사회문화 수업은 오전 9시에 진행되구요\nA. 생활과윤리 수업은 오후 1시입니다\nA. 과학논술 경우엔 3일간 쭉 오후 2시 시작이에요\nB. 그럼 사회문화 수업 끝나고 과학논술 넘어가도 되겠네요\nA. 네 맞습니다 보통 그렇게 연달아 들으세요\nB. 알겠습니다 정보 감사합니다\nA. 네 코로나 조심하시구요 상담사 #@이름# 이였습니다",
        "lines": [
          {
            "id": 1,
            "text": "A. 꿈을 이루는 학원 #@소속# 상담사 #@이름#입니다",
            "norm_text": "A. 꿈을 이루는 학원 #@소속# 상담사 #@이름#입니다",
            "speaker": {
              "id": "A",
              "sex": "여성",
              "age": "1그룹(10대~20대)"
            },
            "speechAct": "인사하기",
            "morpheme": "A/SL+./SY+꿈/NNG+을/JKO+이루/VV+는/ETM+학원/NNG+#/SY+@/SY+소속/NNG+#/SY+상담/NNG+사/NNG+#/SY+@/SY+이름/NNG+#/SY+입니다/VCP+EC"
          },
          {
            "id": 2,
            "text": "B. 네 혹시 이번 추석에 특강 따로 진행하나요",
            "norm_text": "B. 네 혹시 이번 추석에 특강 따로 진행하나요",
            "speaker": {
              "id": "B",
              "sex": "남성",
              "age": "1그룹(10대~20대)"
            },
            "speechAct": "질문하기",
            "morpheme": "B/SL+네/IC+혹시/MAG+이번/NNG+추석/NNG+에/JKB+특강/NNG+따로/MAG+진행/NNG+하/XSV+나요/EC"
          },
          {
            "id": 3,
            "text": "A. 네 추석 특강 있습니다 어떤 과목 관심있으신가요",
            "norm_text": "A. 네 추석 특강 있습니다 어떤 과목 관심있으신가요",
            "speaker": {
              "id": "A",
              "sex": "여성",
              "age": "1그룹(10대~20대)"
            },
            "speechAct": "질문하기",
            "morpheme": "A/SL+네/IC+추석/NNG+특강/NNG+있/VA+습니다/EF+어떤/MM+과목/NNG+관심/NNG+있/VV+으신/EP+ETM+가요/NNG"
          },
          {
            "id": 4,
            "text": "B. 사탐이랑 과학논술 둘다 듣고싶은데 언제부터 시작인가요",
            "norm_text": "B. 사탐이랑 과학논술 둘다 듣고싶은데 언제부터 시작인가요",
            "speaker": {
              "id": "B",
              "sex": "남성",
              "age": "1그룹(10대~20대)"
            },
            "speechAct": "질문하기",
            "morpheme": "B/SL+./SY+사탐/NNG+이랑/JKB+과학/NNG+논술/NNG+둘/NR+다/MAG+듣/VV+고/EC+싶/VX+은데/EC+언제/NP+부터/JX+시작/NNG+인가요/VCP+EC"
          },
          {
            "id": 5,
            "text": "A.  두 과목 전부 9월 19일에 시작됩니다",
            "norm_text": "A.  두 과목 전부 9월 19일에 시작됩니다",
            "speaker": {
              "id": "A",
              "sex": "여성",
              "age": "1그룹(10대~20대)"
            },
            "speechAct": "진술하기",
            "morpheme": "A/SL+두/MM+과목/NNG+전부/NNG+9/SN+월/NNBC+19/SN+일/NNBC+에/JKB+시작/NNG+됩니다/XSV+EC"
          },
          {
            "id": 6,
            "text": "B. 그럼 종강은 언제쯤일까요",
            "norm_text": "B. 그럼 종강은 언제쯤일까요",
            "speaker": {
              "id": "B",
              "sex": "남성",
              "age": "1그룹(10대~20대)"
            },
            "speechAct": "질문하기",
            "morpheme": "B/SL+그럼/MAJ+종강/NNG+은/JX+언제/NP+쯤/XSN+일까요/VCP+EC"
          },
          {
            "id": 7,
            "text": "A. 19일 개강을 시작으로 22일 종강되는 일정이에요",
            "norm_text": "A. 19일 개강을 시작으로 22일 종강되는 일정이에요",
            "speaker": {
              "id": "A",
              "sex": "여성",
              "age": "1그룹(10대~20대)"
            },
            "speechAct": "진술하기",
            "morpheme": "A/SL+./SY+19/SN+일/NNBC+개강/NNG+을/JKO+시작/NNG+으로/JKB+22/SN+일/NNBC+종강/NNG+되/XSV+는/ETM+일정/NNG+이/VCP+에요/EF"
          },
          {
            "id": 8,
            "text": "B. 네 알겠습니다 수업 시간대도 알려주세요",
            "norm_text": "B. 네 알겠습니다 수업 시간대도 알려주세요",
            "speaker": {
              "id": "B",
              "sex": "남성",
              "age": "1그룹(10대~20대)"
            },
            "speechAct": "명령하기/요구하기",
            "morpheme": "B/SL+네/IC+알/VV+겠/EP+습니다/EF+수업/NNG+시간대/NNG+도/JX+알려/VV+EC+주/VX+세요/EP+EF"
          },
          {
            "id": 9,
            "text": "A. 사탐 사회문화 수업은 오전 9시에 진행되구요",
            "norm_text": "A. 사탐 사회문화 수업은 오전 9시에 진행되구요",
            "speaker": {
              "id": "A",
              "sex": "여성",
              "age": "1그룹(10대~20대)"
            },
            "speechAct": "진술하기",
            "morpheme": "A/SL+./SY+사탐/NNG+사회/NNG+문화/NNG+수업/NNG+은/JX+오전/NNG+9/SN+시/NNBC+에/JKB+진행/NNG+되/XSV+구요/EC"
          },
          {
            "id": 10,
            "text": "A. 생활과윤리 수업은 오후 1시입니다",
            "norm_text": "A. 생활과윤리 수업은 오후 1시입니다",
            "speaker": {
              "id": "A",
              "sex": "여성",
              "age": "1그룹(10대~20대)"
            },
            "speechAct": "진술하기",
            "morpheme": "A/SL+./SY+생활/NNG+과/JC+윤리/NNG+수업/NNG+은/JX+오후/NNG+1/SN+시/NNBC+입니다/VCP+EC"
          },
          {
            "id": 11,
            "text": "A. 과학논술 경우엔 3일간 쭉 오후 2시 시작이에요",
            "norm_text": "A. 과학논술 경우엔 3일간 쭉 오후 2시 시작이에요",
            "speaker": {
              "id": "A",
              "sex": "여성",
              "age": "1그룹(10대~20대)"
            },
            "speechAct": "진술하기",
            "morpheme": "A/SL+./SY+과학/NNG+논술/NNG+경우/NNG+엔/JKB+JX+3/SN+일/NNBC+간/NNG+쭉/MAG+오후/NNG+2/SN+시/NNBC+시작/NNG+이/VCP+에요/EF"
          },
          {
            "id": 12,
            "text": "B. 그럼 사회문화 수업 끝나고 과학논술 넘어가도 되겠네요",
            "norm_text": "B. 그럼 사회문화 수업 끝나고 과학논술 넘어가도 되겠네요",
            "speaker": {
              "id": "B",
              "sex": "남성",
              "age": "1그룹(10대~20대)"
            },
            "speechAct": "진술하기",
            "morpheme": "B/SL+그럼/MAJ+사회/NNG+문화/NNG+수업/NNG+끝/NNG+나/VV+고/EC+과학/NNG+논술/NNG+넘어가/VV+EC+도/JX+되/VV+겠/EP+네요/EC"
          },
          {
            "id": 13,
            "text": "A. 네 맞습니다 보통 그렇게 연달아 들으세요",
            "norm_text": "A. 네 맞습니다 보통 그렇게 연달아 들으세요",
            "speaker": {
              "id": "A",
              "sex": "여성",
              "age": "1그룹(10대~20대)"
            },
            "speechAct": "진술하기",
            "morpheme": "A/SL+네/IC+맞/VV+습니다/EF+보통/MAJ+그렇게/MAG+연달/VV+아/EC+들/VV+으세요/EC"
          },
          {
            "id": 14,
            "text": "B. 알겠습니다 정보 감사합니다",
            "norm_text": "B. 알겠습니다 정보 감사합니다",
            "speaker": {
              "id": "B",
              "sex": "남성",
              "age": "1그룹(10대~20대)"
            },
            "speechAct": "감사하기",
            "morpheme": "B/SL+알/VV+겠/EP+습니다/EF+정보/NNG+감사/NNG+합니다/XSV+EC"
          },
          {
            "id": 15,
            "text": "A. 네 코로나 조심하시구요 상담사 #@이름# 이였습니다",
            "norm_text": "A. 네 코로나 조심하시구요 상담사 #@이름# 이였습니다",
            "speaker": {
              "id": "A",
              "sex": "여성",
              "age": "1그룹(10대~20대)"
            },
            "speechAct": "인사하기",
            "morpheme": "A/SL+네/IC+코로나/NNG+조심/NNG+하/XSV+시/EP+구/EC+요상/NNG+담사/NNG+#/SY+@/SY+이름/NNG+#/SY+이/VCP+였/EP+습니다/EF"
          }
        ]
      }
    }
  ]
}