{
  "dataset": {
    "identifier": 140534,
    "name": "e1_20211115_0006_0572_01",
    "src_path": "/data/file/cubeManager/PROJECT018/91/txt20211110140006069378/e1_20211115_0006_0572_01/",
    "label_path": "/data/file/cubeManager/PROJECT018/91/txt20211110140006069378/e1_20211115_0006_0572_01/",
    "category": 2,
    "type": 0
  },
  "licenses": {
    "name": "Apache License 1.0",
    "url": "http://www.apache.org/licenses/LICENSE-1.0"
  },
  "info": [
    {
      "id": 158116,
      "filename": "e1_0068_0044_02.txt",
      "title": "e1_0068_0044_02",
      "mediatype": "콜센터",
      "medianame": "콜센터",
      "category": "목적대화",
      "date": "2021-11-10",
      "size": 337,
      "annotations": {
        "subject": "프로그램 문의",
        "speaker_type": "1:1",
        "size": 337,
        "word_size": 74,
        "text": "A.감사합니다 #@소속# 상담원 #@이름# 입니다\nB.안녕하세요 문의할 게 있어서 전화했어요\nA.무엇을 안내드리면 될까요\nB.전에 한자학습 하는 걸 분명히 했었는데 아이가 못 찾아서요\nA.#@상품# 이용하셔서 수강하시는 걸까요\nB.전에 분명히 한 번 했었는데 이번에는 못 찾겠네요\nA.#@상품# 전체 화면 오른쪽 하단에 특별학습 보이세요\nB.오른쪽 하단이요 여기 있었네요\nA.이용하시던 프로그램이 한자나라 인가요 한자왕 인가요\nB.한자나라 였던거 같아요 아 맞네요\nA.네 찾으셔서 다행입니다 고객님 다른 문의 사항 있으실까요\nB.아니요 없어요 감사합니다 수고하세요\nA.고객님 감사합니다 #@소속# 상담원 #@이름# 이었습니다",
        "lines": [
          {
            "id": 1,
            "text": "A.감사합니다 #@소속# 상담원 #@이름# 입니다",
            "norm_text": "A.감사합니다 #@소속# 상담원 #@이름# 입니다",
            "speaker": {
              "id": "A",
              "sex": "여성",
              "age": "1그룹(10대~20대)"
            },
            "speechAct": "인사하기",
            "morpheme": "A/SL+./SY+감사/NNG+합니다/XSV+EF+#/SY+@/SY+소속/NNG+#/SY+상담원/NNG+#/SY+@/SY+이름/NNG+#/SY+입니다/VCP+EC"
          },
          {
            "id": 2,
            "text": "B.안녕하세요 문의할 게 있어서 전화했어요",
            "norm_text": "B.안녕하세요 문의할 게 있어서 전화했어요",
            "speaker": {
              "id": "B",
              "sex": "남성",
              "age": "1그룹(10대~20대)"
            },
            "speechAct": "진술하기",
            "morpheme": "B/SL+./SY+안녕/NNG+하/XSV+세요/EP+EF+문의/NNG+할/XSV+ETM+게/NNB+JKS+있/VA+어서/EC+전화/NNG+했어요/XSV+EP+EC"
          },
          {
            "id": 3,
            "text": "A.무엇을 안내드리면 될까요",
            "norm_text": "A.무엇을 안내드리면 될까요",
            "speaker": {
              "id": "A",
              "sex": "여성",
              "age": "1그룹(10대~20대)"
            },
            "speechAct": "질문하기",
            "morpheme": "A/SL+무엇/NP+을/JKO+안/MAG+내드리/VV+면/EC+될까요/VV+EC"
          },
          {
            "id": 4,
            "text": "B.전에 한자학습 하는 걸 분명히 했었는데 아이가 못 찾아서요",
            "norm_text": "B.전에 한자학습 하는 걸 분명히 했었는데 아이가 못 찾아서요",
            "speaker": {
              "id": "B",
              "sex": "남성",
              "age": "1그룹(10대~20대)"
            },
            "speechAct": "진술하기",
            "morpheme": "B/SL+./SY+전/NNG+에/JKB+한자/NNG+학습/NNG+하/XSV+는/ETM+걸/NNB+JKO+분명히/MAG+했었/VV+EP+는데/EC+아이/NNG+가/JKS+못/MAG+찾/VV+아서요/EC"
          },
          {
            "id": 5,
            "text": "A.#@상품# 이용하셔서 수강하시는 걸까요",
            "norm_text": "A.#@상품# 이용하셔서 수강하시는 걸까요",
            "speaker": {
              "id": "A",
              "sex": "여성",
              "age": "1그룹(10대~20대)"
            },
            "speechAct": "질문하기",
            "morpheme": "A/SL+./SY+#/SY+@/SY+상품/NNG+#/SY+이용/NNG+하/XSV+셔서/EP+EC+수강/NNG+하/XSV+시/EP+는/ETM+걸까요/NNB+VCP+EC"
          },
          {
            "id": 6,
            "text": "B.전에 분명히 한 번 했었는데 이번에는 못 찾겠네요",
            "norm_text": "B.전에 분명히 한 번 했었는데 이번에는 못 찾겠네요",
            "speaker": {
              "id": "B",
              "sex": "남성",
              "age": "1그룹(10대~20대)"
            },
            "speechAct": "진술하기",
            "morpheme": "B/SL+./SY+전/NNG+에/JKB+분명히/MAG+한번/MAG+했었/VV+EP+는데/EC+이번/NNG+에/JKB+는/JX+못/MAG+찾/VV+겠/EP+네요/EC"
          },
          {
            "id": 7,
            "text": "A.#@상품# 전체 화면 오른쪽 하단에 특별학습 보이세요",
            "norm_text": "A.#@상품# 전체 화면 오른쪽 하단에 특별학습 보이세요",
            "speaker": {
              "id": "A",
              "sex": "여성",
              "age": "1그룹(10대~20대)"
            },
            "speechAct": "질문하기",
            "morpheme": "A/SL+./SY+#/SY+@/SY+상품/NNG+#/SY+전체/NNG+화면/NNG+오른쪽/NNG+하단/NNG+에/JKB+특별/NNG+학습/NNG+보이/VV+세요/EP+EF"
          },
          {
            "id": 8,
            "text": "B.오른쪽 하단이요 여기 있었네요",
            "norm_text": "B.오른쪽 하단이요 여기 있었네요",
            "speaker": {
              "id": "B",
              "sex": "남성",
              "age": "1그룹(10대~20대)"
            },
            "speechAct": "진술하기",
            "morpheme": "B/SL+./SY+오른쪽/NNG+하단/NNG+이/VCP+요/EC+여기/NP+있/VA+었/EP+네요/EC"
          },
          {
            "id": 9,
            "text": "A.이용하시던 프로그램이 한자나라 인가요 한자왕 인가요",
            "norm_text": "A.이용하시던 프로그램이 한자나라 인가요 한자왕 인가요",
            "speaker": {
              "id": "A",
              "sex": "여성",
              "age": "1그룹(10대~20대)"
            },
            "speechAct": "질문하기",
            "morpheme": "A/SL+./SY+이용/NNG+하/XSV+시/EP+던/ETM+프로그램/NNG+이/JKS+한자/NNG+나라/NNG+인가요/VCP+EC+한자/NNG+왕/NNG+인가요/VCP+EC"
          },
          {
            "id": 10,
            "text": "B.한자나라 였던거 같아요 아 맞네요",
            "norm_text": "B.한자나라 였던거 같아요 아 맞네요",
            "speaker": {
              "id": "B",
              "sex": "남성",
              "age": "1그룹(10대~20대)"
            },
            "speechAct": "진술하기",
            "morpheme": "B/SL+./SY+한자/NNG+나라/NNG+였/VCP+EP+던/ETM+거/NNB+같/VA+아요/EF+아/IC+맞/VV+네요/EC"
          },
          {
            "id": 11,
            "text": "A.네 찾으셔서 다행입니다 고객님 다른 문의 사항 있으실까요",
            "norm_text": "A.네 찾으셔서 다행입니다 고객님 다른 문의 사항 있으실까요",
            "speaker": {
              "id": "A",
              "sex": "여성",
              "age": "1그룹(10대~20대)"
            },
            "speechAct": "질문하기",
            "morpheme": "A/SL+네/IC+찾/VV+으셔서/EP+EC+다행/NNG+입니다/VCP+EF+고객/NNG+님/XSN+다른/MM+문/NNG+의/JKG+사항/NNG+있/VV+으실까/EP+EP+EF+요/MM"
          },
          {
            "id": 12,
            "text": "B.아니요 없어요 감사합니다 수고하세요",
            "norm_text": "B.아니요 없어요 감사합니다 수고하세요",
            "speaker": {
              "id": "B",
              "sex": "남성",
              "age": "1그룹(10대~20대)"
            },
            "speechAct": "인사하기",
            "morpheme": "B/SL+아니요/IC+없/VA+어요/EF+감사/NNG+합니다/XSV+EF+수고/NNG+하/XSV+세요/EP+EF"
          },
          {
            "id": 13,
            "text": "A.고객님 감사합니다 #@소속# 상담원 #@이름# 이었습니다",
            "norm_text": "A.고객님 감사합니다 #@소속# 상담원 #@이름# 이었습니다",
            "speaker": {
              "id": "A",
              "sex": "여성",
              "age": "1그룹(10대~20대)"
            },
            "speechAct": "인사하기",
            "morpheme": "A/SL+./SY+고객/NNG+님/XSN+감사/NNG+합니다/XSV+EF+#/SY+@/SY+소속/NNG+#/SY+상담원/NNG+#/SY+@/SY+이름/NNG+#/SY+이/VCP+었/EP+습니다/EF"
          }
        ]
      }
    }
  ]
}