{
  "dataset": {
    "identifier": 140461,
    "name": "e1_20211115_0006_0536_01",
    "src_path": "/data/file/cubeManager/PROJECT018/91/txt20211110140005074482/e1_20211115_0006_0536_01/",
    "label_path": "/data/file/cubeManager/PROJECT018/91/txt20211110140005074482/e1_20211115_0006_0536_01/",
    "category": 2,
    "type": 0
  },
  "licenses": {
    "name": "Apache License 1.0",
    "url": "http://www.apache.org/licenses/LICENSE-1.0"
  },
  "info": [
    {
      "id": 158010,
      "filename": "e1_0067_0151_02.txt",
      "title": "e1_0067_0151_02",
      "mediatype": "콜센터",
      "medianame": "콜센터",
      "category": "목적대화",
      "date": "2021-11-10",
      "size": 302,
      "annotations": {
        "subject": "프로그램 문의",
        "speaker_type": "1:1",
        "size": 302,
        "word_size": 78,
        "text": "A. 안녕하세요 꿈을 여는 교육방송 #@소속# 입니다\nB. 네 안녕하세요 초등학생 수업 뭐 좀 여쭤볼게요\nA. 반갑습니다 어떤 부분 안내해드릴까요\nB. 아까 #@소속#에서 방영한 2학기 강좌요\nB. 프로그램명 좀 정확히 알 수 있을까요\nA. 혹시 11시반부터 12시까지 방영된 부분 말씀하시나요\nB. 네 맞아요 얼핏 봤는데 기억이 잘 안나네요\nA. 강좌명 #@상품#입니다\nB. 감사합니다 그거 혹시 교재 필요한가요\nA. 아닙니다 해당 프로그램 비교재 강좌입니다\nB. 아 그럼 방송만 보면 되겠네요 알겠어요\nA. 네 감사합니다 #@소속#와 함께 하는 하루 되세요",
        "lines": [
          {
            "id": 1,
            "text": "A. 안녕하세요 꿈을 여는 교육방송 #@소속# 입니다",
            "norm_text": "A. 안녕하세요 꿈을 여는 교육방송 #@소속# 입니다",
            "speaker": {
              "id": "A",
              "sex": "여성",
              "age": "1그룹(10대~20대)"
            },
            "speechAct": "인사하기",
            "morpheme": "A/SL+./SY+안녕/NNG+하/XSV+세요/EP+EF+꿈/NNG+을/JKO+여/VV+는/ETM+교육/NNG+방송/NNG+#/SY+@/SY+소속/NNG+#/SY+입니다/VCP+EC"
          },
          {
            "id": 2,
            "text": "B. 네 안녕하세요 초등학생 수업 뭐 좀 여쭤볼게요",
            "norm_text": "B. 네 안녕하세요 초등학생 수업 뭐 좀 여쭤볼게요",
            "speaker": {
              "id": "B",
              "sex": "남성",
              "age": "1그룹(10대~20대)"
            },
            "speechAct": "진술하기",
            "morpheme": "B/SL+네/IC+안녕/NNG+하/XSV+세요/EP+EF+초등학생/NNG+수업/NNG+뭐/IC+좀/MAG+여쭤볼/VV+EC+VX+ETM+게요/NNB+VCP+EC"
          },
          {
            "id": 3,
            "text": "A. 반갑습니다 어떤 부분 안내해드릴까요",
            "norm_text": "A. 반갑습니다 어떤 부분 안내해드릴까요",
            "speaker": {
              "id": "A",
              "sex": "여성",
              "age": "1그룹(10대~20대)"
            },
            "speechAct": "질문하기",
            "morpheme": "A/SL+반갑/VA+습니다/EF+어떤/MM+부분/NNG+안내/NNG+해/XSV+EC+드릴까요/VX+EC"
          },
          {
            "id": 4,
            "text": "B. 아까 #@소속#에서 방영한 2학기 강좌요",
            "norm_text": "B. 아까 #@소속#에서 방영한 2학기 강좌요",
            "speaker": {
              "id": "B",
              "sex": "남성",
              "age": "1그룹(10대~20대)"
            },
            "speechAct": "진술하기",
            "morpheme": "B/SL+아까/MAG+#/SY+@/SY+소속/NNG+#/SY+에서/JKB+방영/NNG+한/XSA+ETM+2/SN+학기/NNG+강좌/NNG+요/VCP+EC"
          },
          {
            "id": 5,
            "text": "B. 프로그램명 좀 정확히 알 수 있을까요",
            "norm_text": "B. 프로그램명 좀 정확히 알 수 있을까요",
            "speaker": {
              "id": "B",
              "sex": "남성",
              "age": "1그룹(10대~20대)"
            },
            "speechAct": "질문하기",
            "morpheme": "B/SL+./SY+프로그램/NNG+명/XSN+좀/MAG+정확히/MAG+알/VV+ETM+수/NNB+있/VV+을까요/EC"
          },
          {
            "id": 6,
            "text": "A. 혹시 11시반부터 12시까지 방영된 부분 말씀하시나요",
            "norm_text": "A. 혹시 11시반부터 12시까지 방영된 부분 말씀하시나요",
            "speaker": {
              "id": "A",
              "sex": "여성",
              "age": "1그룹(10대~20대)"
            },
            "speechAct": "질문하기",
            "morpheme": "A/SL+혹시/MAG+11/SN+시/NNBC+반/NNG+부터/JX+12/SN+시/NNBC+까지/JX+방영/NNG+된/XSV+ETM+부분/NNG+말씀/NNG+하/XSV+시/EP+나요/EC"
          },
          {
            "id": 7,
            "text": "B. 네 맞아요 얼핏 봤는데 기억이 잘 안나네요",
            "norm_text": "B. 네 맞아요 얼핏 봤는데 기억이 잘 안나네요",
            "speaker": {
              "id": "B",
              "sex": "남성",
              "age": "1그룹(10대~20대)"
            },
            "speechAct": "진술하기",
            "morpheme": "B/SL+네/IC+맞/VV+아요/EF+얼핏/MAG+봤/VV+EP+는데/EC+기억/NNG+이/JKS+잘/MAG+안/MAG+나/VV+네요/EC"
          },
          {
            "id": 8,
            "text": "A. 강좌명 #@상품#입니다",
            "norm_text": "A. 강좌명 #@상품#입니다",
            "speaker": {
              "id": "A",
              "sex": "여성",
              "age": "1그룹(10대~20대)"
            },
            "speechAct": "진술하기",
            "morpheme": "A/SL+./SY+강좌/NNG+명/XSN+#/SY+@/SY+상품/NNG+#/SY+입니다/VCP+EC"
          },
          {
            "id": 9,
            "text": "B. 감사합니다 그거 혹시 교재 필요한가요",
            "norm_text": "B. 감사합니다 그거 혹시 교재 필요한가요",
            "speaker": {
              "id": "B",
              "sex": "남성",
              "age": "1그룹(10대~20대)"
            },
            "speechAct": "질문하기",
            "morpheme": "B/SL+./SY+감사/NNG+합니다/XSV+EF+그거/NP+혹시/MAG+교재/NNG+필요/NNG+한/XSA+ETM+가요/NNG"
          },
          {
            "id": 10,
            "text": "A. 아닙니다 해당 프로그램 비교재 강좌입니다",
            "norm_text": "A. 아닙니다 해당 프로그램 비교재 강좌입니다",
            "speaker": {
              "id": "A",
              "sex": "여성",
              "age": "1그룹(10대~20대)"
            },
            "speechAct": "진술하기",
            "morpheme": "A/SL+아닙니다/VCN+EC+해당/NNG+프로그램/NNG+비교/NNG+재/XPN+강좌/NNG+입니다/VCP+EC"
          },
          {
            "id": 11,
            "text": "B. 아 그럼 방송만 보면 되겠네요 알겠어요",
            "norm_text": "B. 아 그럼 방송만 보면 되겠네요 알겠어요",
            "speaker": {
              "id": "B",
              "sex": "남성",
              "age": "1그룹(10대~20대)"
            },
            "speechAct": "진술하기",
            "morpheme": "B/SL+아/IC+그럼/MAJ+방송/NNG+만/JX+보/VV+면/EC+되/VV+겠/EP+네요/EF+알/VV+겠/EP+어요/EF"
          },
          {
            "id": 12,
            "text": "A. 네 감사합니다 #@소속#와 함께 하는 하루 되세요",
            "norm_text": "A. 네 감사합니다 #@소속#와 함께 하는 하루 되세요",
            "speaker": {
              "id": "A",
              "sex": "여성",
              "age": "1그룹(10대~20대)"
            },
            "speechAct": "인사하기",
            "morpheme": "A/SL+네/IC+감사/NNG+합니다/XSV+EF+#/SY+@/SY+소속/NNG+#/SY+와/JKB+함께/MAG+하/VV+는/ETM+하루/NNG+되/XSV+세요/EP+EF"
          }
        ]
      }
    }
  ]
}