{
  "dataset": {
    "identifier": 139856,
    "name": "e1_20211115_0006_0355_01",
    "src_path": "/data/file/cubeManager/PROJECT018/91/txt20211110140004044660/e1_20211115_0006_0355_01/",
    "label_path": "/data/file/cubeManager/PROJECT018/91/txt20211110140004044660/e1_20211115_0006_0355_01/",
    "category": 2,
    "type": 0
  },
  "licenses": {
    "name": "Apache License 1.0",
    "url": "http://www.apache.org/licenses/LICENSE-1.0"
  },
  "info": [
    {
      "id": 157831,
      "filename": "e1_0066_0183_02.txt",
      "title": "e1_0066_0183_02",
      "mediatype": "콜센터",
      "medianame": "콜센터",
      "category": "목적대화",
      "date": "2021-11-10",
      "size": 284,
      "annotations": {
        "subject": "프로그램 문의",
        "speaker_type": "1:1",
        "size": 284,
        "word_size": 56,
        "text": "A.전화주셔서 감사합니다 #@소속# #@이름#입니다\nB.화상 레벨테스트 강의실 입장 하는 방법을 몰라서요 좀 알려주실래요\nA.그러시면 #@소속# 홈페이지 로그인하셔서 왼쪽에 보시면요\nA.레벨테스트강의실Go라는 버튼을 보실 수 있으실텐데 보이시나요\nB.아 네 레벨테스트강의실Go버튼 보입니다 보여요\nA.그러시면 레벨테스트 1분 전 버튼을 클릭하시면 됩니다\nB.아 그러면 되군요 알겠습니다 감사해요\nA.네 혹시라도 이따 안되시면 말씀해주세요\nB.알겠습니다 신경써주셔서 감사합니다\nA.코로나 조심하시고 좋은 하루 보내시길 바랍니다",
        "lines": [
          {
            "id": 1,
            "text": "A.전화주셔서 감사합니다 #@소속# #@이름#입니다",
            "norm_text": "A.전화주셔서 감사합니다 #@소속# #@이름#입니다",
            "speaker": {
              "id": "A",
              "sex": "여성",
              "age": "1그룹(10대~20대)"
            },
            "speechAct": "인사하기",
            "morpheme": "A/SL+./SY+전화/NNG+주/VV+셔서/EP+EC+감사/NNG+합니다/XSV+EF+#/SY+@/SY+소속/NNG+#/SY+#/SY+@/SY+이름/NNG+#/SY+입니다/VCP+EC"
          },
          {
            "id": 2,
            "text": "B.화상 레벨테스트 강의실 입장 하는 방법을 몰라서요 좀 알려주실래요",
            "norm_text": "B.화상 레벨테스트 강의실 입장 하는 방법을 몰라서요 좀 알려주실래요",
            "speaker": {
              "id": "B",
              "sex": "남성",
              "age": "1그룹(10대~20대)"
            },
            "speechAct": "질문하기",
            "morpheme": "B/SL+./SY+화상/NNG+레벨/NNG+테스트/NNG+강의실/NNG+입장/NNG+하/XSV+는/ETM+방법/NNG+을/JKO+몰/VV+라서요/EC+좀/MAG+알려/VV+EC+주/VX+실래요/EP+EC"
          },
          {
            "id": 3,
            "text": "A.그러시면 #@소속# 홈페이지 로그인하셔서 왼쪽에 보시면요",
            "norm_text": "A.그러시면 #@소속# 홈페이지 로그인하셔서 왼쪽에 보시면요",
            "speaker": {
              "id": "A",
              "sex": "여성",
              "age": "1그룹(10대~20대)"
            },
            "speechAct": "진술하기",
            "morpheme": "A/SL+그러/VV+시/EP+면/EC+#/SY+@/SY+소속/NNG+#/SY+홈페이지/NNG+로그인/NNG+하/XSV+셔서/EP+EC+왼쪽/NNG+에/JKB+보/VV+시/EP+면/EC+요/JX"
          },
          {
            "id": 4,
            "text": "A.레벨테스트강의실Go라는 버튼을 보실 수 있으실텐데 보이시나요",
            "norm_text": "A.레벨테스트강의실Go라는 버튼을 보실 수 있으실텐데 보이시나요",
            "speaker": {
              "id": "A",
              "sex": "여성",
              "age": "1그룹(10대~20대)"
            },
            "speechAct": "질문하기",
            "morpheme": "A/SL+./SY+레벨/NNG+테스트/NNG+강의실/NNG+Go/SL+라는/VCP+ETM+버튼/NNG+을/JKO+보/VV+실/EP+ETM+수/NNB+있/VV+으실/EP+ETM+텐데/NNB+VCP+EC+보이/VV+시/EP+나요/EC"
          },
          {
            "id": 5,
            "text": "B.아 네 레벨테스트강의실Go버튼 보입니다 보여요",
            "norm_text": "B.아 네 레벨테스트강의실Go버튼 보입니다 보여요",
            "speaker": {
              "id": "B",
              "sex": "남성",
              "age": "1그룹(10대~20대)"
            },
            "speechAct": "진술하기",
            "morpheme": "B/SL+아/IC+네/IC+레벨/NNG+테스트/NNG+강의실/NNG+Go/SL+버튼/NNG+보입니다/VV+EC+보여요/VV+EC"
          },
          {
            "id": 6,
            "text": "A.그러시면 레벨테스트 1분 전 버튼을 클릭하시면 됩니다",
            "norm_text": "A.그러시면 레벨테스트 1분 전 버튼을 클릭하시면 됩니다",
            "speaker": {
              "id": "A",
              "sex": "여성",
              "age": "1그룹(10대~20대)"
            },
            "speechAct": "명령하기/요구하기",
            "morpheme": "A/SL+그러/VV+시/EP+면/EC+레벨/NNG+테스트/NNG+1/SN+분전/NNG+버튼/NNG+을/JKO+클릭/NNG+하/XSV+시/EP+면/EC+됩니다/VX+EC"
          },
          {
            "id": 7,
            "text": "B.아 그러면 되군요 알겠습니다 감사해요",
            "norm_text": "B.아 그러면 되군요 알겠습니다 감사해요",
            "speaker": {
              "id": "B",
              "sex": "남성",
              "age": "1그룹(10대~20대)"
            },
            "speechAct": "감사하기",
            "morpheme": "B/SL+아/IC+그러/VV+면/EC+되/VV+군요/EC+알/VV+겠/EP+습니다/EF+감사/NNG+해요/XSV+EC"
          },
          {
            "id": 8,
            "text": "A.네 혹시라도 이따 안되시면 말씀해주세요",
            "norm_text": "A.네 혹시라도 이따 안되시면 말씀해주세요",
            "speaker": {
              "id": "A",
              "sex": "여성",
              "age": "1그룹(10대~20대)"
            },
            "speechAct": "명령하기/요구하기",
            "morpheme": "A/SL+네/IC+혹시/MAG+라도/VCP+EC+이따/MAG+안/MAG+되/VV+시/EP+면/EC+말씀/NNG+해/XSV+EC+주/VX+세요/EP+EF"
          },
          {
            "id": 9,
            "text": "B.알겠습니다 신경써주셔서 감사합니다",
            "norm_text": "B.알겠습니다 신경써주셔서 감사합니다",
            "speaker": {
              "id": "B",
              "sex": "남성",
              "age": "1그룹(10대~20대)"
            },
            "speechAct": "감사하기",
            "morpheme": "B/SL+알/VV+겠/EP+습니다/EF+신경/NNG+써/VV+EC+주/VX+셔서/EP+EC+감사/NNG+합니다/XSV+EC"
          },
          {
            "id": 10,
            "text": "A.코로나 조심하시고 좋은 하루 보내시길 바랍니다",
            "norm_text": "A.코로나 조심하시고 좋은 하루 보내시길 바랍니다",
            "speaker": {
              "id": "A",
              "sex": "여성",
              "age": "1그룹(10대~20대)"
            },
            "speechAct": "인사하기",
            "morpheme": "A/SL+./SY+코로나/NNG+조심/NNG+하/XSV+시/EP+고/EC+좋/VA+은/ETM+하루/NNG+보내/VV+시/EP+길/ETN+JKO+바랍니다/VV+EC"
          }
        ]
      }
    }
  ]
}