{
  "dataset": {
    "identifier": 141019,
    "name": "e1_20211115_0006_0676_01",
    "src_path": "/data/file/cubeManager/PROJECT018/91/txt202111101400100977100/e1_20211115_0006_0676_01/",
    "label_path": "/data/file/cubeManager/PROJECT018/91/txt202111101400100977100/e1_20211115_0006_0676_01/",
    "category": 2,
    "type": 0
  },
  "licenses": {
    "name": "Apache License 1.0",
    "url": "http://www.apache.org/licenses/LICENSE-1.0"
  },
  "info": [
    {
      "id": 158653,
      "filename": "e1_0070_0054_02.txt",
      "title": "e1_0070_0054_02",
      "mediatype": "콜센터",
      "medianame": "콜센터",
      "category": "목적대화",
      "date": "2021-11-10",
      "size": 302,
      "annotations": {
        "subject": "프로그램 문의",
        "speaker_type": "1:1",
        "size": 302,
        "word_size": 73,
        "text": "A. 감사합니다 #@소속# 상담사 #@이름# 입니다\nB. 궁금한게 있어서 전화드렸어요\nA. 어떤 점이 궁금하신가요 고객님\nB. #@소속# 전국 모의고사는 외부생도 신청할 수 있나요\nA. 네 외부생도 신청이 가능하십니다\nA. 학원과 캠퍼스 중 원하는 응시 장소를 선택해 주시고요\nA. 응시료를 지불하시면 응시 가능하세요\nB. 그래요 사이트에서 신청하는 거죠\nA. 네 사이트에서 신청하시면 됩니다\nB. 네 알겠습니다 알려주셔서 감사해요\nA. 추가 문의사항은 없으신가요\nB. 네 없어요 고맙습니다\nA. 감사합니다 #@소속# 상담사 #@이름#이었습니다 좋은 하루 되세요",
        "lines": [
          {
            "id": 1,
            "text": "A. 감사합니다 #@소속# 상담사 #@이름# 입니다",
            "norm_text": "A. 감사합니다 #@소속# 상담사 #@이름# 입니다",
            "speaker": {
              "id": "A",
              "sex": "여성",
              "age": "2그룹(30대~40대)"
            },
            "speechAct": "인사하기",
            "morpheme": "A/SL+./SY+감사/NNG+합니다/XSV+EF+#/SY+@/SY+소속/NNG+#/SY+상담/NNG+사/NNG+#/SY+@/SY+이름/NNG+#/SY+입니다/VCP+EC"
          },
          {
            "id": 2,
            "text": "B. 궁금한게 있어서 전화드렸어요",
            "norm_text": "B. 궁금한게 있어서 전화드렸어요",
            "speaker": {
              "id": "B",
              "sex": "남성",
              "age": "2그룹(30대~40대)"
            },
            "speechAct": "진술하기",
            "morpheme": "B/SL+궁금/XR+한/XSA+ETM+게/NNB+JKS+있/VA+어서/EC+전화/NNG+드렸/VV+EP+어요/EF"
          },
          {
            "id": 3,
            "text": "A. 어떤 점이 궁금하신가요 고객님",
            "norm_text": "A. 어떤 점이 궁금하신가요 고객님",
            "speaker": {
              "id": "A",
              "sex": "여성",
              "age": "2그룹(30대~40대)"
            },
            "speechAct": "질문하기",
            "morpheme": "A/SL+어떤/MM+점/NNG+이/JKS+궁금/XR+하/XSA+신가요/EP+EC+고객/NNG+님/XSN"
          },
          {
            "id": 4,
            "text": "B. #@소속# 전국 모의고사는 외부생도 신청할 수 있나요",
            "norm_text": "B. #@소속# 전국 모의고사는 외부생도 신청할 수 있나요",
            "speaker": {
              "id": "B",
              "sex": "남성",
              "age": "2그룹(30대~40대)"
            },
            "speechAct": "질문하기",
            "morpheme": "B/SL+./SY+#/SY+@/SY+소속/NNG+#/SY+전국/NNG+모의고사/NNG+는/JX+외부/NNG+생/XSN+도/JX+신청/NNG+할/XSV+ETM+수/NNB+있/VV+나요/EC"
          },
          {
            "id": 5,
            "text": "A. 네 외부생도 신청이 가능하십니다",
            "norm_text": "A. 네 외부생도 신청이 가능하십니다",
            "speaker": {
              "id": "A",
              "sex": "여성",
              "age": "2그룹(30대~40대)"
            },
            "speechAct": "진술하기",
            "morpheme": "A/SL+네/IC+외부/NNG+생/XSN+도/JX+신청/NNG+이/JKS+가능/NNG+하/XSV+십니다/EP+EC"
          },
          {
            "id": 6,
            "text": "A. 학원과 캠퍼스 중 원하는 응시 장소를 선택해 주시고요",
            "norm_text": "A. 학원과 캠퍼스 중 원하는 응시 장소를 선택해 주시고요",
            "speaker": {
              "id": "A",
              "sex": "여성",
              "age": "2그룹(30대~40대)"
            },
            "speechAct": "진술하기",
            "morpheme": "A/SL+./SY+학원/NNG+과/JC+캠퍼스/NNG+중원/NNG+하/XSV+는/ETM+응시/NNG+장소/NNG+를/JKO+선택/NNG+해/XSV+EC+주/VX+시/EP+고요/EC"
          },
          {
            "id": 7,
            "text": "A. 응시료를 지불하시면 응시 가능하세요",
            "norm_text": "A. 응시료를 지불하시면 응시 가능하세요",
            "speaker": {
              "id": "A",
              "sex": "여성",
              "age": "2그룹(30대~40대)"
            },
            "speechAct": "진술하기",
            "morpheme": "A/SL+응/IC+시료/NNG+를/JKO+지불/NNG+하/XSV+시/EP+면/EC+응시/NNG+가능/NNG+하/XSV+세요/EP+EF"
          },
          {
            "id": 8,
            "text": "B. 그래요 사이트에서 신청하는 거죠",
            "norm_text": "B. 그래요 사이트에서 신청하는 거죠",
            "speaker": {
              "id": "B",
              "sex": "남성",
              "age": "2그룹(30대~40대)"
            },
            "speechAct": "질문하기",
            "morpheme": "B/SL+그래요/VV+EF+사이트/NNG+에서/JKB+신청/NNG+하/XSV+는/ETM+거/NNB+죠/VCP+EC"
          },
          {
            "id": 9,
            "text": "A. 네 사이트에서 신청하시면 됩니다",
            "norm_text": "A. 네 사이트에서 신청하시면 됩니다",
            "speaker": {
              "id": "A",
              "sex": "여성",
              "age": "2그룹(30대~40대)"
            },
            "speechAct": "진술하기",
            "morpheme": "A/SL+네/IC+사이트/NNG+에서/JKB+신청/NNG+하/XSV+시/EP+면/EC+됩니다/VX+EC"
          },
          {
            "id": 10,
            "text": "B. 네 알겠습니다 알려주셔서 감사해요",
            "norm_text": "B. 네 알겠습니다 알려주셔서 감사해요",
            "speaker": {
              "id": "B",
              "sex": "남성",
              "age": "2그룹(30대~40대)"
            },
            "speechAct": "감사하기",
            "morpheme": "B/SL+네/IC+알/VV+겠/EP+습니다/EF+알려/VV+EC+주/VX+셔서/EP+EC+감사/NNG+해요/XSV+EC"
          },
          {
            "id": 11,
            "text": "A. 추가 문의사항은 없으신가요",
            "norm_text": "A. 추가 문의사항은 없으신가요",
            "speaker": {
              "id": "A",
              "sex": "여성",
              "age": "2그룹(30대~40대)"
            },
            "speechAct": "질문하기",
            "morpheme": "A/SL+./SY+추가/NNG+문/NNG+의/JKG+사항/NNG+은/JX+없/VA+으신/EP+ETM+가요/NNG"
          },
          {
            "id": 12,
            "text": "B. 네 없어요 고맙습니다",
            "norm_text": "B. 네 없어요 고맙습니다",
            "speaker": {
              "id": "B",
              "sex": "남성",
              "age": "2그룹(30대~40대)"
            },
            "speechAct": "감사하기",
            "morpheme": "B/SL+네/IC+없/VA+어요/EF+고맙/VA+습니다/EF"
          },
          {
            "id": 13,
            "text": "A. 감사합니다 #@소속# 상담사 #@이름#이었습니다 좋은 하루 되세요",
            "norm_text": "A. 감사합니다 #@소속# 상담사 #@이름#이었습니다 좋은 하루 되세요",
            "speaker": {
              "id": "A",
              "sex": "여성",
              "age": "2그룹(30대~40대)"
            },
            "speechAct": "인사하기",
            "morpheme": "A/SL+./SY+감사/NNG+합니다/XSV+EF+#/SY+@/SY+소속/NNG+#/SY+상담/NNG+사/NNG+#/SY+@/SY+이름/NNG+#/SY+이/VCP+었/EP+습니다/EF+좋/VA+은/ETM+하루/NNG+되/XSV+세요/EP+EF"
          }
        ]
      }
    }
  ]
}