{
  "dataset": {
    "identifier": 139792,
    "name": "e1_20211115_0006_0310_01",
    "src_path": "/data/file/cubeManager/PROJECT018/91/txt202111101400030684103/e1_20211115_0006_0310_01/",
    "label_path": "/data/file/cubeManager/PROJECT018/91/txt202111101400030684103/e1_20211115_0006_0310_01/",
    "category": 2,
    "type": 0
  },
  "licenses": {
    "name": "Apache License 1.0",
    "url": "http://www.apache.org/licenses/LICENSE-1.0"
  },
  "info": [
    {
      "id": 157770,
      "filename": "e1_0066_0122_02.txt",
      "title": "e1_0066_0122_02",
      "mediatype": "콜센터",
      "medianame": "콜센터",
      "category": "목적대화",
      "date": "2021-11-10",
      "size": 332,
      "annotations": {
        "subject": "프로그램 문의",
        "speaker_type": "1:1",
        "size": 332,
        "word_size": 80,
        "text": "A. 늦게 받아 죄송합니다 #@소속# #@이름#입니다\nB. 안녕하세요 제가 지금 검정고시랑 수능 같이 준비하려고 하는데요\nB. 거기 #@소속# 수업과정좀 알고 싶습니다\nA. 저희 #@소속#에 고수반과 대입반 두가지가 있습니다\nB. 두 가지 차이점이 뭔데요\nA. 하나는 검정고시 고득점과 수능 최저로 가는 방법이고요\nA. 하나는 검정고시 고득점과 수능 전과목 응시하는 방법입니다\nB. 그 중에 선택하면 된다는거죠\nA. 네네 맞습니다 두 방법중 원하시는걸로 하시면 됩니다\nA. 상담이 필요하시면 다시 한번 편하게 연락주세요\nB. 네 알겠습니다 다시 연락을 드릴게요\nA. 감사합니다 #@소속# 상담사 #@이름#이였습니다",
        "lines": [
          {
            "id": 1,
            "text": "A. 늦게 받아 죄송합니다 #@소속# #@이름#입니다",
            "norm_text": "A. 늦게 받아 죄송합니다 #@소속# #@이름#입니다",
            "speaker": {
              "id": "A",
              "sex": "여성",
              "age": "1그룹(10대~20대)"
            },
            "speechAct": "인사하기",
            "morpheme": "A/SL+늦/VA+게/EC+받/VV+아/EC+죄송/XR+합니다/XSA+EF+#/SY+@/SY+소속/NNG+#/SY+#/SY+@/SY+이름/NNG+#/SY+입니다/VCP+EC"
          },
          {
            "id": 2,
            "text": "B. 안녕하세요 제가 지금 검정고시랑 수능 같이 준비하려고 하는데요",
            "norm_text": "B. 안녕하세요 제가 지금 검정고시랑 수능 같이 준비하려고 하는데요",
            "speaker": {
              "id": "B",
              "sex": "남성",
              "age": "1그룹(10대~20대)"
            },
            "speechAct": "진술하기",
            "morpheme": "B/SL+./SY+안녕/NNG+하/XSV+세요/EP+EF+제/NP+가/JKS+지금/MAG+검정고시/NNG+랑/JKB+수능/NNG+같이/JKB+준비/NNG+하/XSV+려고/EC+하/VV+는데요/EC"
          },
          {
            "id": 3,
            "text": "B. 거기 #@소속# 수업과정좀 알고 싶습니다",
            "norm_text": "B. 거기 #@소속# 수업과정좀 알고 싶습니다",
            "speaker": {
              "id": "B",
              "sex": "남성",
              "age": "1그룹(10대~20대)"
            },
            "speechAct": "부탁하기",
            "morpheme": "B/SL+거기/NP+#/SY+@/SY+소속/NNG+#/SY+수업/NNG+과정/NNG+좀/MAG+알/VV+고/EC+싶/VX+습니다/EF"
          },
          {
            "id": 4,
            "text": "A. 저희 #@소속#에 고수반과 대입반 두가지가 있습니다",
            "norm_text": "A. 저희 #@소속#에 고수반과 대입반 두가지가 있습니다",
            "speaker": {
              "id": "A",
              "sex": "여성",
              "age": "1그룹(10대~20대)"
            },
            "speechAct": "진술하기",
            "morpheme": "A/SL+저희/NP+#/SY+@/SY+소속/NNG+#/SY+에고/IC+수반/NNG+과/JC+대입/NNG+반/NNG+두/MM+가지/NNBC+가/JKS+있/VA+습니다/EF"
          },
          {
            "id": 5,
            "text": "B. 두 가지 차이점이 뭔데요",
            "norm_text": "B. 두 가지 차이점이 뭔데요",
            "speaker": {
              "id": "B",
              "sex": "남성",
              "age": "1그룹(10대~20대)"
            },
            "speechAct": "질문하기",
            "morpheme": "B/SL+두/MM+가지/NNBC+차이점/NNG+이/JKS+뭔데요/NP+VCP+EC"
          },
          {
            "id": 6,
            "text": "A. 하나는 검정고시 고득점과 수능 최저로 가는 방법이고요",
            "norm_text": "A. 하나는 검정고시 고득점과 수능 최저로 가는 방법이고요",
            "speaker": {
              "id": "A",
              "sex": "여성",
              "age": "1그룹(10대~20대)"
            },
            "speechAct": "진술하기",
            "morpheme": "A/SL+하나/NR+는/JX+검정고시/NNG+고/VCP+EC+득점/NNG+과/JC+수능/NNG+최저/NNG+로/JKB+가/VV+는/ETM+방법/NNG+이/JKS+고요/NNG"
          },
          {
            "id": 7,
            "text": "A. 하나는 검정고시 고득점과 수능 전과목 응시하는 방법입니다",
            "norm_text": "A. 하나는 검정고시 고득점과 수능 전과목 응시하는 방법입니다",
            "speaker": {
              "id": "A",
              "sex": "여성",
              "age": "1그룹(10대~20대)"
            },
            "speechAct": "진술하기",
            "morpheme": "A/SL+하나/NR+는/JX+검정고시/NNG+고/VCP+EC+득점/NNG+과/JC+수능/NNG+전/NNG+과목/NNG+응시/NNG+하/XSV+는/ETM+방법/NNG+입니다/VCP+EC"
          },
          {
            "id": 8,
            "text": "B. 그 중에 선택하면 된다는거죠",
            "norm_text": "B. 그 중에 선택하면 된다는거죠",
            "speaker": {
              "id": "B",
              "sex": "남성",
              "age": "1그룹(10대~20대)"
            },
            "speechAct": "질문하기",
            "morpheme": "B/SL+그/MM+중/NNB+에/JKB+선택/NNG+하/XSV+면/EC+된다는/VV+ETM+거/NNB+죠/VCP+EC"
          },
          {
            "id": 9,
            "text": "A. 네네 맞습니다 두 방법중 원하시는걸로 하시면 됩니다",
            "norm_text": "A. 네네 맞습니다 두 방법중 원하시는걸로 하시면 됩니다",
            "speaker": {
              "id": "A",
              "sex": "여성",
              "age": "1그룹(10대~20대)"
            },
            "speechAct": "진술하기",
            "morpheme": "A/SL+네네/IC+맞/VV+습니다/EF+두/MM+방법/NNG+중원/NNG+하/XSV+시/EP+는/ETM+걸로/NNB+JKB+하/VV+시/EP+면/EC+됩니다/VX+EC"
          },
          {
            "id": 10,
            "text": "A. 상담이 필요하시면 다시 한번 편하게 연락주세요",
            "norm_text": "A. 상담이 필요하시면 다시 한번 편하게 연락주세요",
            "speaker": {
              "id": "A",
              "sex": "여성",
              "age": "1그룹(10대~20대)"
            },
            "speechAct": "명령하기/요구하기",
            "morpheme": "A/SL+./SY+상담/NNG+이/JKS+필요/NNG+하/XSV+시/EP+면/EC+다시/MAG+한/MM+번/NNBC+편하/VA+게/EC+연락/NNG+주세요/NNP"
          },
          {
            "id": 11,
            "text": "B. 네 알겠습니다 다시 연락을 드릴게요",
            "norm_text": "B. 네 알겠습니다 다시 연락을 드릴게요",
            "speaker": {
              "id": "B",
              "sex": "남성",
              "age": "1그룹(10대~20대)"
            },
            "speechAct": "약속하기(개인적 수준의 서약)",
            "morpheme": "B/SL+네/IC+알/VV+겠/EP+습니다/EF+다시/MAG+연락/NNG+을/JKO+드릴게요/VV+EC"
          },
          {
            "id": 12,
            "text": "A. 감사합니다 #@소속# 상담사 #@이름#이였습니다",
            "norm_text": "A. 감사합니다 #@소속# 상담사 #@이름#이였습니다",
            "speaker": {
              "id": "A",
              "sex": "여성",
              "age": "1그룹(10대~20대)"
            },
            "speechAct": "인사하기",
            "morpheme": "A/SL+./SY+감사/NNG+합니다/XSV+EF+#/SY+@/SY+소속/NNG+#/SY+상담/NNG+사/NNG+#/SY+@/SY+이름/NNG+#/SY+이/VCP+였/EP+습니다/EF"
          }
        ]
      }
    }
  ]
}