{
  "dataset": {
    "identifier": 140418,
    "name": "e1_20211115_0006_0504_01",
    "src_path": "/data/file/cubeManager/PROJECT018/91/txt20211110140005054032/e1_20211115_0006_0504_01/",
    "label_path": "/data/file/cubeManager/PROJECT018/91/txt20211110140005054032/e1_20211115_0006_0504_01/",
    "category": 2,
    "type": 0
  },
  "licenses": {
    "name": "Apache License 1.0",
    "url": "http://www.apache.org/licenses/LICENSE-1.0"
  },
  "info": [
    {
      "id": 157978,
      "filename": "e1_0067_0119_02.txt",
      "title": "e1_0067_0119_02",
      "mediatype": "콜센터",
      "medianame": "콜센터",
      "category": "목적대화",
      "date": "2021-11-10",
      "size": 386,
      "annotations": {
        "subject": "프로그램 문의",
        "speaker_type": "1:1",
        "size": 386,
        "word_size": 104,
        "text": "A. 반갑습니다 #@소속# #@이름# 상담원 입니다\nB. 안녕하세요 대학 재학생인데 상담 좀 하고싶어서요\nA. 네 어떤 부분 상담 도와드릴까요\nB. 현실적으로 학교 수업이랑 편입 준비 병행이 가능할까요\nB. 네 그런 부분에서 도움되실 수 있게 저녁반 운영중이구요\nA. 많은 학생들이 학교와 편입 준비를 충분히 병행하고 있어요\nB. 아 혹시 논술 수업도 있다면 일정 알 수 있을까요\nA. 논술의 경우 주1회 화요일에 진행되고 있습니다\nB. 영어가 부족한 편인데 논술 수업 병행해도 될지 걱정이에요\nA. 논술은 주 1회 영어는 수목금토 주 4회 진행이라서요\nA. 비율로만 보셔도 논술이 영어준비에 큰 영향을 주진 않습니다\nB. 아 네 알겠습니다 상세한 답변 감사합니다\nA. 네 다른 문의 사항 생기시면 또 연락주세요",
        "lines": [
          {
            "id": 1,
            "text": "A. 반갑습니다 #@소속# #@이름# 상담원 입니다",
            "norm_text": "A. 반갑습니다 #@소속# #@이름# 상담원 입니다",
            "speaker": {
              "id": "A",
              "sex": "여성",
              "age": "1그룹(10대~20대)"
            },
            "speechAct": "인사하기",
            "morpheme": "A/SL+반갑/VA+습니다/EF+#/SY+@/SY+소속/NNG+#/SY+#/SY+@/SY+이름/NNG+#/SY+상담원/NNG+입니다/VCP+EC"
          },
          {
            "id": 2,
            "text": "B. 안녕하세요 대학 재학생인데 상담 좀 하고싶어서요",
            "norm_text": "B. 안녕하세요 대학 재학생인데 상담 좀 하고싶어서요",
            "speaker": {
              "id": "B",
              "sex": "남성",
              "age": "1그룹(10대~20대)"
            },
            "speechAct": "진술하기",
            "morpheme": "B/SL+./SY+안녕/NNG+하/XSV+세요/EP+EF+대학/NNG+재학/NNG+생/XSN+인데/VCP+EC+상담/NNG+좀/MAG+하/VV+고/EC+싶/VX+어서요/EC"
          },
          {
            "id": 3,
            "text": "A. 네 어떤 부분 상담 도와드릴까요",
            "norm_text": "A. 네 어떤 부분 상담 도와드릴까요",
            "speaker": {
              "id": "A",
              "sex": "여성",
              "age": "1그룹(10대~20대)"
            },
            "speechAct": "질문하기",
            "morpheme": "A/SL+네/IC+어떤/MM+부분/NNG+상담/NNG+도와/VV+EC+드릴까요/VX+EC"
          },
          {
            "id": 4,
            "text": "B. 현실적으로 학교 수업이랑 편입 준비 병행이 가능할까요",
            "norm_text": "B. 현실적으로 학교 수업이랑 편입 준비 병행이 가능할까요",
            "speaker": {
              "id": "B",
              "sex": "남성",
              "age": "1그룹(10대~20대)"
            },
            "speechAct": "질문하기",
            "morpheme": "B/SL+./SY+현실/NNG+적/XSN+으로/JKB+학교/NNG+수업/NNG+이랑/JKB+편입/NNG+준비/NNG+병행/NNG+이/JKS+가능/NNG+할까요/XSV+EC"
          },
          {
            "id": 5,
            "text": "B. 네 그런 부분에서 도움되실 수 있게 저녁반 운영중이구요",
            "norm_text": "B. 네 그런 부분에서 도움되실 수 있게 저녁반 운영중이구요",
            "speaker": {
              "id": "B",
              "sex": "남성",
              "age": "1그룹(10대~20대)"
            },
            "speechAct": "진술하기",
            "morpheme": "B/SL+네/IC+그런/MM+부분/NNG+에서/JKB+도움/NNG+되/XSV+실/EP+ETM+수/NNB+있/VV+게/EC+저녁/NNG+반/NNG+운영/NNG+중/NNB+이/VCP+구요/EF"
          },
          {
            "id": 6,
            "text": "A. 많은 학생들이 학교와 편입 준비를 충분히 병행하고 있어요",
            "norm_text": "A. 많은 학생들이 학교와 편입 준비를 충분히 병행하고 있어요",
            "speaker": {
              "id": "A",
              "sex": "여성",
              "age": "1그룹(10대~20대)"
            },
            "speechAct": "진술하기",
            "morpheme": "A/SL+많/VA+은/ETM+학생/NNG+들/XSN+이/JKS+학교/NNG+와/JC+편입/NNG+준비/NNG+를/JKO+충분히/MAG+병행/NNG+하/XSV+고/EC+있/VX+어요/EF"
          },
          {
            "id": 7,
            "text": "B. 아 혹시 논술 수업도 있다면 일정 알 수 있을까요",
            "norm_text": "B. 아 혹시 논술 수업도 있다면 일정 알 수 있을까요",
            "speaker": {
              "id": "B",
              "sex": "남성",
              "age": "1그룹(10대~20대)"
            },
            "speechAct": "질문하기",
            "morpheme": "B/SL+아/IC+혹시/MAG+논술/NNG+수업/NNG+도/JX+있/VA+다면/EC+일정/NNG+알/VV+ETM+수/NNB+있/VV+을까요/EC"
          },
          {
            "id": 8,
            "text": "A. 논술의 경우 주1회 화요일에 진행되고 있습니다",
            "norm_text": "A. 논술의 경우 주1회 화요일에 진행되고 있습니다",
            "speaker": {
              "id": "A",
              "sex": "여성",
              "age": "1그룹(10대~20대)"
            },
            "speechAct": "진술하기",
            "morpheme": "A/SL+./SY+논술/NNG+의/JKG+경우/NNG+주/NNG+1/SN+회/NNBC+화요일/NNG+에/JKB+진행/NNG+되/XSV+고/EC+있/VX+습니다/EF"
          },
          {
            "id": 9,
            "text": "B. 영어가 부족한 편인데 논술 수업 병행해도 될지 걱정이에요",
            "norm_text": "B. 영어가 부족한 편인데 논술 수업 병행해도 될지 걱정이에요",
            "speaker": {
              "id": "B",
              "sex": "남성",
              "age": "1그룹(10대~20대)"
            },
            "speechAct": "진술하기",
            "morpheme": "B/SL+./SY+영어/NNG+가/JKS+부족/NNG+한편/NNG+인데/VCP+EC+논술/NNG+수업/NNG+병행/NNG+해도/XSV+EC+될지/VV+EC+걱정/NNG+이/VCP+에요/EF"
          },
          {
            "id": 10,
            "text": "A. 논술은 주 1회 영어는 수목금토 주 4회 진행이라서요",
            "norm_text": "A. 논술은 주 1회 영어는 수목금토 주 4회 진행이라서요",
            "speaker": {
              "id": "A",
              "sex": "여성",
              "age": "1그룹(10대~20대)"
            },
            "speechAct": "진술하기",
            "morpheme": "A/SL+./SY+논술/NNG+은/JX+주/NNG+1/SN+회/NNBC+영어/NNG+는/JX+수/NNG+목금/NNG+토주/NNG+4/SN+회/NNBC+진행/NNG+이/VCP+라서요/EC"
          },
          {
            "id": 11,
            "text": "A. 비율로만 보셔도 논술이 영어준비에 큰 영향을 주진 않습니다",
            "norm_text": "A. 비율로만 보셔도 논술이 영어준비에 큰 영향을 주진 않습니다",
            "speaker": {
              "id": "A",
              "sex": "여성",
              "age": "1그룹(10대~20대)"
            },
            "speechAct": "진술하기",
            "morpheme": "A/SL+./SY+비율/NNG+로/JKB+만/JX+보/VV+셔도/EP+EC+논술/NNG+이/JKS+영어/NNG+준비/NNG+에/JKB+큰/VA+ETM+영향/NNG+을/JKO+주/VV+진/EC+JX+않/VX+습니다/EF"
          },
          {
            "id": 12,
            "text": "B. 아 네 알겠습니다 상세한 답변 감사합니다",
            "norm_text": "B. 아 네 알겠습니다 상세한 답변 감사합니다",
            "speaker": {
              "id": "B",
              "sex": "남성",
              "age": "1그룹(10대~20대)"
            },
            "speechAct": "감사하기",
            "morpheme": "B/SL+아/IC+네/IC+알/VV+겠/EP+습니다/EF+상세/XR+한/XSA+ETM+답변/NNG+감사/NNG+합니다/XSV+EC"
          },
          {
            "id": 13,
            "text": "A. 네 다른 문의 사항 생기시면 또 연락주세요",
            "norm_text": "A. 네 다른 문의 사항 생기시면 또 연락주세요",
            "speaker": {
              "id": "A",
              "sex": "여성",
              "age": "1그룹(10대~20대)"
            },
            "speechAct": "인사하기",
            "morpheme": "A/SL+네/IC+다른/MM+문/NNG+의/JKG+사항/NNG+생기/VV+시/EP+면/EC+또/MAG+연락/NNG+주세요/NNP"
          }
        ]
      }
    }
  ]
}