{
  "dataset": {
    "identifier": 140475,
    "name": "e1_20211115_0006_0544_01",
    "src_path": "/data/file/cubeManager/PROJECT018/91/txt20211110140005079316/e1_20211115_0006_0544_01/",
    "label_path": "/data/file/cubeManager/PROJECT018/91/txt20211110140005079316/e1_20211115_0006_0544_01/",
    "category": 2,
    "type": 0
  },
  "licenses": {
    "name": "Apache License 1.0",
    "url": "http://www.apache.org/licenses/LICENSE-1.0"
  },
  "info": [
    {
      "id": 158018,
      "filename": "e1_0067_0159_02.txt",
      "title": "e1_0067_0159_02",
      "mediatype": "콜센터",
      "medianame": "콜센터",
      "category": "목적대화",
      "date": "2021-11-10",
      "size": 296,
      "annotations": {
        "subject": "프로그램 문의",
        "speaker_type": "1:1",
        "size": 296,
        "word_size": 77,
        "text": "A. 반갑습니다 진심을 다하는 교육방송 #@소속# 입니다\nB. 네 안녕하세요 초등학생 프로그램 문의 하려구요\nA. 네 어떤 프로그램 말씀하시는건가요\nB. 아까 10시쯤에 끝났던 프로그램 있잖아요\nB. 애가 그걸 너무 재밌어하는데 방송명이 뭔가요\nA. #@상품# 라는 창의체험 프로그램 입니다\nB. 아 네 혹시 재방송은 언제 하나요\nA. 재방송은 따로 없이 사이트에서 지난 회차 시청되세요\nB. 그렇군요 1회차부터 다 볼 수 있는건가요\nA. 네 물론입니다 전회차 시청 가능하세요\nB. 너무 좋네요 정보 감사해요\nA. 감사합니다 오늘도 좋은 하루 되세요",
        "lines": [
          {
            "id": 1,
            "text": "A. 반갑습니다 진심을 다하는 교육방송 #@소속# 입니다",
            "norm_text": "A. 반갑습니다 진심을 다하는 교육방송 #@소속# 입니다",
            "speaker": {
              "id": "A",
              "sex": "여성",
              "age": "1그룹(10대~20대)"
            },
            "speechAct": "인사하기",
            "morpheme": "A/SL+반갑/VA+습니다/EF+진심/NNG+을/JKO+다/MAG+하/VV+는/ETM+교육/NNG+방송/NNG+#/SY+@/SY+소속/NNG+#/SY+입니다/VCP+EC"
          },
          {
            "id": 2,
            "text": "B. 네 안녕하세요 초등학생 프로그램 문의 하려구요",
            "norm_text": "B. 네 안녕하세요 초등학생 프로그램 문의 하려구요",
            "speaker": {
              "id": "B",
              "sex": "남성",
              "age": "1그룹(10대~20대)"
            },
            "speechAct": "진술하기",
            "morpheme": "B/SL+네/IC+안녕/NNG+하/XSV+세요/EP+EF+초등학생/NNG+프로그램/NNG+문의/NNG+하/XSV+려구요/EC"
          },
          {
            "id": 3,
            "text": "A. 네 어떤 프로그램 말씀하시는건가요",
            "norm_text": "A. 네 어떤 프로그램 말씀하시는건가요",
            "speaker": {
              "id": "A",
              "sex": "여성",
              "age": "1그룹(10대~20대)"
            },
            "speechAct": "질문하기",
            "morpheme": "A/SL+네/IC+어떤/MM+프로그램/NNG+말씀/NNG+하/XSV+시/EP+는/ETM+건가요/NNB+VCP+EC"
          },
          {
            "id": 4,
            "text": "B. 아까 10시쯤에 끝났던 프로그램 있잖아요",
            "norm_text": "B. 아까 10시쯤에 끝났던 프로그램 있잖아요",
            "speaker": {
              "id": "B",
              "sex": "남성",
              "age": "1그룹(10대~20대)"
            },
            "speechAct": "진술하기",
            "morpheme": "B/SL+아까/MAG+10/SN+시/NNBC+쯤/XSN+에/JKB+끝났/VV+EP+던/ETM+프로그램/NNG+있/VV+잖아요/EC"
          },
          {
            "id": 5,
            "text": "B. 애가 그걸 너무 재밌어하는데 방송명이 뭔가요",
            "norm_text": "B. 애가 그걸 너무 재밌어하는데 방송명이 뭔가요",
            "speaker": {
              "id": "B",
              "sex": "남성",
              "age": "1그룹(10대~20대)"
            },
            "speechAct": "질문하기",
            "morpheme": "B/SL+./SY+애/NNG+가/JKS+그걸/NP+JKO+너무/MAG+재밌/VA+어/EC+하/VV+는데/EC+방/NNG+송명/NNG+이/JKS+뭔/MM+가요/NNG"
          },
          {
            "id": 6,
            "text": "A. #@상품# 라는 창의체험 프로그램 입니다",
            "norm_text": "A. #@상품# 라는 창의체험 프로그램 입니다",
            "speaker": {
              "id": "A",
              "sex": "여성",
              "age": "1그룹(10대~20대)"
            },
            "speechAct": "진술하기",
            "morpheme": "A/SL+./SY+#/SY+@/SY+상품/NNG+#/SY+라는/VCP+ETM+창의/NNG+체험/NNG+프로그램/NNG+입니다/VCP+EC"
          },
          {
            "id": 7,
            "text": "B. 아 네 혹시 재방송은 언제 하나요",
            "norm_text": "B. 아 네 혹시 재방송은 언제 하나요",
            "speaker": {
              "id": "B",
              "sex": "남성",
              "age": "1그룹(10대~20대)"
            },
            "speechAct": "질문하기",
            "morpheme": "B/SL+아/IC+네/IC+혹시/MAG+재방송/NNG+은/JX+언제/MAG+하나/NR+요/VCP+EC"
          },
          {
            "id": 8,
            "text": "A. 재방송은 따로 없이 사이트에서 지난 회차 시청되세요",
            "norm_text": "A. 재방송은 따로 없이 사이트에서 지난 회차 시청되세요",
            "speaker": {
              "id": "A",
              "sex": "여성",
              "age": "1그룹(10대~20대)"
            },
            "speechAct": "진술하기",
            "morpheme": "A/SL+./SY+재방송/NNG+은/JX+따로/MAG+없이/MAG+사이트/NNG+에서/JKB+지난/VV+ETM+회차/NNG+시청/NNG+되/XSV+세요/EP+EF"
          },
          {
            "id": 9,
            "text": "B. 그렇군요 1회차부터 다 볼 수 있는건가요",
            "norm_text": "B. 그렇군요 1회차부터 다 볼 수 있는건가요",
            "speaker": {
              "id": "B",
              "sex": "남성",
              "age": "1그룹(10대~20대)"
            },
            "speechAct": "질문하기",
            "morpheme": "B/SL+그렇/VA+군요/EC+1/SN+회차/NNG+부터/JX+다/MAG+볼/VV+ETM+수/NNB+있/VV+는/ETM+건가요/NNB+VCP+EC"
          },
          {
            "id": 10,
            "text": "A. 네 물론입니다 전회차 시청 가능하세요",
            "norm_text": "A. 네 물론입니다 전회차 시청 가능하세요",
            "speaker": {
              "id": "A",
              "sex": "여성",
              "age": "1그룹(10대~20대)"
            },
            "speechAct": "진술하기",
            "morpheme": "A/SL+네/IC+물론/NNG+입니다/VCP+EF+전/MM+회차/NNG+시청/NNG+가능/NNG+하/XSV+세요/EP+EF"
          },
          {
            "id": 11,
            "text": "B. 너무 좋네요 정보 감사해요",
            "norm_text": "B. 너무 좋네요 정보 감사해요",
            "speaker": {
              "id": "B",
              "sex": "남성",
              "age": "1그룹(10대~20대)"
            },
            "speechAct": "감사하기",
            "morpheme": "B/SL+너무/MAG+좋/VA+네요/EF+정보/NNG+감사/NNG+해요/XSV+EC"
          },
          {
            "id": 12,
            "text": "A. 감사합니다 오늘도 좋은 하루 되세요",
            "norm_text": "A. 감사합니다 오늘도 좋은 하루 되세요",
            "speaker": {
              "id": "A",
              "sex": "여성",
              "age": "1그룹(10대~20대)"
            },
            "speechAct": "인사하기",
            "morpheme": "A/SL+./SY+감사/NNG+합니다/XSV+EF+오늘/NNG+도/JX+좋/VA+은/ETM+하루/NNG+되/XSV+세요/EP+EF"
          }
        ]
      }
    }
  ]
}