{
  "dataset": {
    "identifier": 139735,
    "name": "e1_20211115_0006_0278_01",
    "src_path": "/data/file/cubeManager/PROJECT018/91/txt20211110140003040753/e1_20211115_0006_0278_01/",
    "label_path": "/data/file/cubeManager/PROJECT018/91/txt20211110140003040753/e1_20211115_0006_0278_01/",
    "category": 2,
    "type": 0
  },
  "licenses": {
    "name": "Apache License 1.0",
    "url": "http://www.apache.org/licenses/LICENSE-1.0"
  },
  "info": [
    {
      "id": 157739,
      "filename": "e1_0066_0091_02.txt",
      "title": "e1_0066_0091_02",
      "mediatype": "콜센터",
      "medianame": "콜센터",
      "category": "목적대화",
      "date": "2021-11-10",
      "size": 267,
      "annotations": {
        "subject": "프로그램 문의",
        "speaker_type": "1:1",
        "size": 267,
        "word_size": 67,
        "text": "A. 문의사항 있으시면 주저말고 언제든 연락 주세요 #@이름# 이었습니다\nB. 아 네 안녕하세요 제가 거기에 곧 입학을 앞두고 있는데요\nB. 딱히 개인장구류 같은게 없는데 괜찮을까요\nA. 없으시면 #@소속#에서 대여하시면 됩니다\nB. 아 거기서 대여할 수도 있나요\nA. 네 대여하셔서 사용하셔도 되니 걱정 안하셔도됩니다\nB. 아 정말요 거기 있다니 다행이네요\nA. 네 다른 문의사항 없으실까요\nB. 네 없습니다 수고하세요\nA. 문의사항 있으시면 주저말고 언제든 연락 주세요 #@이름# 이었습니다",
        "lines": [
          {
            "id": 1,
            "text": "A. 문의사항 있으시면 주저말고 언제든 연락 주세요 #@이름# 이었습니다",
            "norm_text": "A. 반갑습니다 #@소속# 상담원 #@이름#입니다",
            "speaker": {
              "id": "A",
              "sex": "여성",
              "age": "1그룹(10대~20대)"
            },
            "speechAct": "인사하기",
            "morpheme": "A/SL+반갑/VA+습니다/EF+#/SY+@/SY+소속/NNG+#/SY+상담원/NNG+#/SY+@/SY+이름/NNG+#/SY+입니다/VCP+EC"
          },
          {
            "id": 2,
            "text": "B. 아 네 안녕하세요 제가 거기에 곧 입학을 앞두고 있는데요",
            "norm_text": "B. 아 네 안녕하세요 제가 거기에 곧 입학을 앞두고 있는데요",
            "speaker": {
              "id": "B",
              "sex": "남성",
              "age": "1그룹(10대~20대)"
            },
            "speechAct": "진술하기",
            "morpheme": "B/SL+아/IC+네/IC+안녕/NNG+하/XSV+세요/EP+EF+제/NP+가/JKS+거기/NP+에/JKB+곧/MAG+입학/NNG+을/JKO+앞두/VV+고/EC+있/VX+는데요/EC"
          },
          {
            "id": 3,
            "text": "B. 딱히 개인장구류 같은게 없는데 괜찮을까요",
            "norm_text": "B. 딱히 개인장구류 같은게 없는데 괜찮을까요",
            "speaker": {
              "id": "B",
              "sex": "남성",
              "age": "1그룹(10대~20대)"
            },
            "speechAct": "질문하기",
            "morpheme": "B/SL+딱히/MAG+개인/NNG+장구/NNG+류/XSN+같/VA+은/ETM+게/NNB+JKS+없/VA+는데/EC+괜찮/VA+을까요/EC"
          },
          {
            "id": 4,
            "text": "A. 없으시면 #@소속#에서 대여하시면 됩니다",
            "norm_text": "A. 없으시면 #@소속#에서 대여하시면 됩니다",
            "speaker": {
              "id": "A",
              "sex": "여성",
              "age": "1그룹(10대~20대)"
            },
            "speechAct": "진술하기",
            "morpheme": "A/SL+없/VA+으시/EP+면/EC+#/SY+@/SY+소속/NNG+#/SY+에서/JKB+대여/NNG+하/XSV+시/EP+면/EC+됩니다/VX+EC"
          },
          {
            "id": 5,
            "text": "B. 아 거기서 대여할 수도 있나요",
            "norm_text": "B. 아 거기서 대여할 수도 있나요",
            "speaker": {
              "id": "B",
              "sex": "남성",
              "age": "1그룹(10대~20대)"
            },
            "speechAct": "질문하기",
            "morpheme": "B/SL+아/IC+거기/NP+서/JKB+대여/NNG+할/XSV+ETM+수/NNB+도/JX+있/VA+나요/EC"
          },
          {
            "id": 6,
            "text": "A. 네 대여하셔서 사용하셔도 되니 걱정 안하셔도됩니다",
            "norm_text": "A. 네 대여하셔서 사용하셔도 되니 걱정 안하셔도됩니다",
            "speaker": {
              "id": "A",
              "sex": "여성",
              "age": "1그룹(10대~20대)"
            },
            "speechAct": "진술하기",
            "morpheme": "A/SL+네/IC+대여/NNG+하/XSV+셔서/EP+EC+사용/NNG+하/XSV+셔도/EP+EC+되/VV+니/EC+걱정/NNG+안/MAG+하/VV+셔도/EP+EC+됩니다/VX+EC"
          },
          {
            "id": 7,
            "text": "B. 아 정말요 거기 있다니 다행이네요",
            "norm_text": "B. 아 정말요 거기 있다니 다행이네요",
            "speaker": {
              "id": "B",
              "sex": "남성",
              "age": "1그룹(10대~20대)"
            },
            "speechAct": "긍정감정표현하기(칭찬하기 포함)",
            "morpheme": "B/SL+아/IC+정말/MAG+요/JX+거기/NP+있/VA+다니/EC+다행/NNG+이/VCP+네요/EC"
          },
          {
            "id": 8,
            "text": "A. 네 다른 문의사항 없으실까요",
            "norm_text": "A. 네 다른 문의사항 없으실까요",
            "speaker": {
              "id": "A",
              "sex": "여성",
              "age": "1그룹(10대~20대)"
            },
            "speechAct": "질문하기",
            "morpheme": "A/SL+네/IC+다른/MM+문/NNG+의/JKG+사항/NNG+없/VA+으실까/EP+EP+EF+요/MM"
          },
          {
            "id": 9,
            "text": "B. 네 없습니다 수고하세요",
            "norm_text": "B. 네 없습니다 수고하세요",
            "speaker": {
              "id": "B",
              "sex": "남성",
              "age": "1그룹(10대~20대)"
            },
            "speechAct": "인사하기",
            "morpheme": "B/SL+네/IC+없/VA+습니다/EF+수고/NNG+하/XSV+세요/EP+EF"
          },
          {
            "id": 10,
            "text": "A. 문의사항 있으시면 주저말고 언제든 연락 주세요 #@이름# 이었습니다",
            "norm_text": "A. 문의사항 있으시면 주저말고 언제든 연락 주세요 #@이름# 이었습니다",
            "speaker": {
              "id": "A",
              "sex": "여성",
              "age": "1그룹(10대~20대)"
            },
            "speechAct": "인사하기",
            "morpheme": "A/SL+./SY+문/NNG+의/JKG+사항/NNG+있/VV+으시/EP+면/EC+주저/NNG+말/VV+고/EC+언제/NP+든/VCP+EC+연락/NNG+주세요/NNP+#/SY+@/SY+이름/NNG+#/SY+이/VCP+었/EP+습니다/EF"
          }
        ]
      }
    }
  ]
}