{
  "dataset": {
    "identifier": 139814,
    "name": "e1_20211115_0006_0332_01",
    "src_path": "/data/file/cubeManager/PROJECT018/91/txt20211110140004016472/e1_20211115_0006_0332_01/",
    "label_path": "/data/file/cubeManager/PROJECT018/91/txt20211110140004016472/e1_20211115_0006_0332_01/",
    "category": 2,
    "type": 0
  },
  "licenses": {
    "name": "Apache License 1.0",
    "url": "http://www.apache.org/licenses/LICENSE-1.0"
  },
  "info": [
    {
      "id": 157808,
      "filename": "e1_0066_0160_02.txt",
      "title": "e1_0066_0160_02",
      "mediatype": "콜센터",
      "medianame": "콜센터",
      "category": "목적대화",
      "date": "2021-11-10",
      "size": 282,
      "annotations": {
        "subject": "프로그램 문의",
        "speaker_type": "1:1",
        "size": 282,
        "word_size": 62,
        "text": "A.기쁨 가득한 #@소속# #@이름#입니다\nB.교재변경이 가능하다고 하는데 어떻게 해야 하나요\nA.우선 마이페이지에 들어가셔서 나의출석부를 눌러주시겠어요\nB.네 지금 눌렀습니다 여기서 뭐 눌러야 해요\nA.수업현황에 들어가시면 내 교재 보기 버튼이 보이실텐데요 맞으신가요\nB.네네 맞아요 보이네요\nA.버튼 옆에 있는 교재직접변경 버튼을 누르셔서 바꾸실 수 있어요\nA.수강과정 리스트를 보고 과정 교재를 선택한 다음 체크버튼을 누르시면 돼요\nB.아 네 알겠습니다 감사합니다\nA.오늘도 좋은 하루 보내세요 #@이름# 이었습니다",
        "lines": [
          {
            "id": 1,
            "text": "A.기쁨 가득한 #@소속# #@이름#입니다",
            "norm_text": "A.기쁨 가득한 #@소속# #@이름#입니다",
            "speaker": {
              "id": "A",
              "sex": "여성",
              "age": "1그룹(10대~20대)"
            },
            "speechAct": "인사하기",
            "morpheme": "A/SL+./SY+기쁨/NNG+가득/MAG+한/XSA+ETM+#/SY+@/SY+소속/NNG+#/SY+#/SY+@/SY+이름/NNG+#/SY+입니다/VCP+EC"
          },
          {
            "id": 2,
            "text": "B.교재변경이 가능하다고 하는데 어떻게 해야 하나요",
            "norm_text": "B.교재변경이 가능하다고 하는데 어떻게 해야 하나요",
            "speaker": {
              "id": "B",
              "sex": "남성",
              "age": "1그룹(10대~20대)"
            },
            "speechAct": "질문하기",
            "morpheme": "B/SL+./SY+교재/NNG+변경/NNG+이/JKS+가능/NNG+하/XSV+다고/EC+하/VV+는데/EC+어떻게/MAG+해야/VV+EC+하/VV+나요/EC"
          },
          {
            "id": 3,
            "text": "A.우선 마이페이지에 들어가셔서 나의출석부를 눌러주시겠어요",
            "norm_text": "A.우선 마이페이지에 들어가셔서 나의출석부를 눌러주시겠어요",
            "speaker": {
              "id": "A",
              "sex": "여성",
              "age": "1그룹(10대~20대)"
            },
            "speechAct": "명령하기/요구하기",
            "morpheme": "A/SL+우선/MAG+마이/MAG+페이지/NNG+에/JKB+들어가/VV+셔서/EP+EC+나/NP+의/JKG+출석부/NNG+를/JKO+눌러/VV+EC+주/VX+시/EP+겠/EP+어요/EF"
          },
          {
            "id": 4,
            "text": "B.네 지금 눌렀습니다 여기서 뭐 눌러야 해요",
            "norm_text": "B.네 지금 눌렀습니다 여기서 뭐 눌러야 해요",
            "speaker": {
              "id": "B",
              "sex": "남성",
              "age": "1그룹(10대~20대)"
            },
            "speechAct": "질문하기",
            "morpheme": "B/SL+네/IC+지금/MAG+눌렀/VV+EP+습니다/EF+여기/NP+서/JKB+뭐/IC+눌러야/VV+EC+해요/VX+EC"
          },
          {
            "id": 5,
            "text": "A.수업현황에 들어가시면 내 교재 보기 버튼이 보이실텐데요 맞으신가요",
            "norm_text": "A.수업현황에 들어가시면 내 교재 보기 버튼이 보이실텐데요 맞으신가요",
            "speaker": {
              "id": "A",
              "sex": "여성",
              "age": "1그룹(10대~20대)"
            },
            "speechAct": "질문하기",
            "morpheme": "A/SL+./SY+수업/NNG+현황/NNG+에/JKB+들어가/VV+시/EP+면/EC+내/NP+JKG+교재/NNG+보/VV+기/ETN+버튼/NNG+이/JKS+보이/VV+실/EP+ETM+텐데요/NNB+VCP+EC+맞/VV+으신/EP+ETM+가요/NNG"
          },
          {
            "id": 6,
            "text": "B.네네 맞아요 보이네요",
            "norm_text": "B.네네 맞아요 보이네요",
            "speaker": {
              "id": "B",
              "sex": "남성",
              "age": "1그룹(10대~20대)"
            },
            "speechAct": "진술하기",
            "morpheme": "B/SL+네네/IC+맞/VV+아요/EF+보이/VV+네요/EC"
          },
          {
            "id": 7,
            "text": "A.버튼 옆에 있는 교재직접변경 버튼을 누르셔서 바꾸실 수 있어요",
            "norm_text": "A.버튼 옆에 있는 교재직접변경 버튼을 누르셔서 바꾸실 수 있어요",
            "speaker": {
              "id": "A",
              "sex": "여성",
              "age": "1그룹(10대~20대)"
            },
            "speechAct": "진술하기",
            "morpheme": "A/SL+./SY+버튼/NNG+옆/NNG+에/JKB+있/VV+는/ETM+교재/NNG+직접/MAG+변경/NNG+버튼/NNG+을/JKO+누르/VV+셔서/EP+EC+바꾸/VV+실/EP+ETM+수/NNB+있/VV+어요/EF"
          },
          {
            "id": 8,
            "text": "A.수강과정 리스트를 보고 과정 교재를 선택한 다음 체크버튼을 누르시면 돼요",
            "norm_text": "A.리스트를 보고 과정 교재를 선택한 다음 체크버튼을 누르시면 돼요",
            "speaker": {
              "id": "A",
              "sex": "여성",
              "age": "1그룹(10대~20대)"
            },
            "speechAct": "명령하기/요구하기",
            "morpheme": "A/SL+./SY+수강/NNG+과정/NNG+리스트/NNG+를/JKO+보/VV+고/EC+과정/NNG+교재/NNG+를/JKO+선택/NNG+한/XSA+ETM+다음/NNG+체크/NNG+버튼/NNG+을/JKO+누르/VV+시/EP+면/EC+돼요/VV+EC"
          },
          {
            "id": 9,
            "text": "B.아 네 알겠습니다 감사합니다",
            "norm_text": "B.아 네 알겠습니다 감사합니다",
            "speaker": {
              "id": "B",
              "sex": "남성",
              "age": "1그룹(10대~20대)"
            },
            "speechAct": "감사하기",
            "morpheme": "B/SL+아/IC+네/IC+알/VV+겠/EP+습니다/EF+감사/NNG+합니다/XSV+EC"
          },
          {
            "id": 10,
            "text": "A.오늘도 좋은 하루 보내세요 #@이름# 이었습니다",
            "norm_text": "A.오늘도 좋은 하루 보내세요 #@이름# 이었습니다",
            "speaker": {
              "id": "A",
              "sex": "여성",
              "age": "1그룹(10대~20대)"
            },
            "speechAct": "인사하기",
            "morpheme": "A/SL+./SY+오늘/NNG+도/JX+좋/VA+은/ETM+하루/NNG+보내/VV+세요/EP+EF+#/SY+@/SY+이름/NNG+#/SY+이/VCP+었/EP+습니다/EF"
          }
        ]
      }
    }
  ]
}