{
  "dataset": {
    "identifier": 140333,
    "name": "e1_20211115_0006_0488_01",
    "src_path": "/data/file/cubeManager/PROJECT018/91/txt20211110140005042627/e1_20211115_0006_0488_01/",
    "label_path": "/data/file/cubeManager/PROJECT018/91/txt20211110140005042627/e1_20211115_0006_0488_01/",
    "category": 2,
    "type": 0
  },
  "licenses": {
    "name": "Apache License 1.0",
    "url": "http://www.apache.org/licenses/LICENSE-1.0"
  },
  "info": [
    {
      "id": 157962,
      "filename": "e1_0067_0103_02.txt",
      "title": "e1_0067_0103_02",
      "mediatype": "콜센터",
      "medianame": "콜센터",
      "category": "목적대화",
      "date": "2021-11-10",
      "size": 324,
      "annotations": {
        "subject": "프로그램 문의",
        "speaker_type": "1:1",
        "size": 324,
        "word_size": 84,
        "text": "A. 반갑습니다 #@소속# 입니다\nB. 네 저 편입학 준비중인 학생인데요\nB. 학점은행제 관련 문의 좀 드릴게요\nA. 네 학점은행제 어떤 안내 원하시나요\nB. 친구가 학점은행제를 적극 추천해주던데요\nB. 학원에서 봤을 때 학점은행제 권할만한건가요\nA. 네 편입 준비시 상황적 제약이 있을 경우 도움이 됩니다\nB. 구체적으로 어떤 의미에서 장점이 있을까요\nA. 학교를 다니며 준비할 때보다 시간과 금액을 아낄 수 있어요\nB. 아 네 따로 더 자세히 상담받고 싶은데요\nA. 저희 계열사인 #@소속#으로 문의하시면 됩니다\nB. 감사합니다 그쪽으로 전화해볼게요\nA. 네 저희 #@소속# 많은 관심 부탁드립니다",
        "lines": [
          {
            "id": 1,
            "text": "A. 반갑습니다 #@소속# 입니다",
            "norm_text": "A. 반갑습니다 #@소속# 입니다",
            "speaker": {
              "id": "A",
              "sex": "여성",
              "age": "1그룹(10대~20대)"
            },
            "speechAct": "인사하기",
            "morpheme": "A/SL+반갑/VA+습니다/EF+#/SY+@/SY+소속/NNG+#/SY+입니다/VCP+EC"
          },
          {
            "id": 2,
            "text": "B. 네 저 편입학 준비중인 학생인데요",
            "norm_text": "B. 네 저 편입학 준비중인 학생인데요",
            "speaker": {
              "id": "B",
              "sex": "남성",
              "age": "1그룹(10대~20대)"
            },
            "speechAct": "진술하기",
            "morpheme": "B/SL+네/IC+저/MM+편입학/NNG+준비/NNG+중/NNB+인/VCP+ETM+학생/NNG+인데요/VCP+EC"
          },
          {
            "id": 3,
            "text": "B. 학점은행제 관련 문의 좀 드릴게요",
            "norm_text": "B. 학점은행제 관련 문의 좀 드릴게요",
            "speaker": {
              "id": "B",
              "sex": "남성",
              "age": "1그룹(10대~20대)"
            },
            "speechAct": "진술하기",
            "morpheme": "B/SL+./SY+학점/NNG+은/JX+행제/NNP+관련/NNG+문/NNG+의/JKG+좀/MAG+드릴게요/VV+EC"
          },
          {
            "id": 4,
            "text": "A. 네 학점은행제 어떤 안내 원하시나요",
            "norm_text": "A. 네 학점은행제 어떤 안내 원하시나요",
            "speaker": {
              "id": "A",
              "sex": "여성",
              "age": "1그룹(10대~20대)"
            },
            "speechAct": "질문하기",
            "morpheme": "A/SL+네/IC+학점/NNG+은/JX+행제/NNP+어떤/MM+안내원/NNG+하/XSV+시/EP+나요/EC"
          },
          {
            "id": 5,
            "text": "B. 친구가 학점은행제를 적극 추천해주던데요",
            "norm_text": "B. 친구가 학점은행제를 적극 추천해주던데요",
            "speaker": {
              "id": "B",
              "sex": "남성",
              "age": "1그룹(10대~20대)"
            },
            "speechAct": "진술하기",
            "morpheme": "B/SL+./SY+친구/NNG+가/JKS+학점/NNG+은행/NNG+제/XSN+를/JKO+적극/NNG+추천/NNG+해/XSV+EC+주/VX+던데요/EC"
          },
          {
            "id": 6,
            "text": "B. 학원에서 봤을 때 학점은행제 권할만한건가요",
            "norm_text": "B. 학원에서 봤을 때 학점은행제 권할만한건가요",
            "speaker": {
              "id": "B",
              "sex": "남성",
              "age": "1그룹(10대~20대)"
            },
            "speechAct": "질문하기",
            "morpheme": "B/SL+./SY+학원/NNG+에서/JKB+봤/VV+EP+을/ETM+때/NNG+학점/NNG+은행/NNG+제권/NNG+할/XSV+ETM+만/NNB+한/XSA+ETM+건가요/NNB+VCP+EC"
          },
          {
            "id": 7,
            "text": "A. 네 편입 준비시 상황적 제약이 있을 경우 도움이 됩니다",
            "norm_text": "A. 네 편입 준비시 상황적 제약이 있을 경우 도움이 됩니다",
            "speaker": {
              "id": "A",
              "sex": "여성",
              "age": "1그룹(10대~20대)"
            },
            "speechAct": "진술하기",
            "morpheme": "A/SL+네/IC+편입/NNG+준비/NNG+시/NNG+상황/NNG+적/XSN+제약/NNG+이/JKS+있/VV+을/ETM+경우/NNG+도움/NNG+이/JKS+됩니다/VV+EF"
          },
          {
            "id": 8,
            "text": "B. 구체적으로 어떤 의미에서 장점이 있을까요",
            "norm_text": "B. 구체적으로 어떤 의미에서 장점이 있을까요",
            "speaker": {
              "id": "B",
              "sex": "남성",
              "age": "1그룹(10대~20대)"
            },
            "speechAct": "질문하기",
            "morpheme": "B/SL+./SY+구체/NNG+적/XSN+으로/JKB+어떤/MM+의미/NNG+에서/JKB+장점/NNG+이/JKS+있/VV+을까요/EC"
          },
          {
            "id": 9,
            "text": "A. 학교를 다니며 준비할 때보다 시간과 금액을 아낄 수 있어요",
            "norm_text": "A. 학교를 다니며 준비할 때보다 시간과 금액을 아낄 수 있어요",
            "speaker": {
              "id": "A",
              "sex": "여성",
              "age": "1그룹(10대~20대)"
            },
            "speechAct": "진술하기",
            "morpheme": "A/SL+./SY+학교/NNG+를/JKO+다니/VV+며/EC+준비/NNG+할/XSV+ETM+때/NNG+보다/JKB+시간/NNG+과/JC+금액/NNG+을/JKO+아낄/VV+ETM+수/NNB+있/VV+어요/EF"
          },
          {
            "id": 10,
            "text": "B. 아 네 따로 더 자세히 상담받고 싶은데요",
            "norm_text": "B. 아 네 따로 더 자세히 상담받고 싶은데요",
            "speaker": {
              "id": "B",
              "sex": "남성",
              "age": "1그룹(10대~20대)"
            },
            "speechAct": "진술하기",
            "morpheme": "B/SL+아/IC+네/IC+따로/MAG+더/MAG+자세히/MAG+상담/NNG+받/VV+고/EC+싶/VX+은데요/EC"
          },
          {
            "id": 11,
            "text": "A. 저희 계열사인 #@소속#으로 문의하시면 됩니다",
            "norm_text": "A. 저희 계열사인 #@소속#으로 문의하시면 됩니다",
            "speaker": {
              "id": "A",
              "sex": "여성",
              "age": "1그룹(10대~20대)"
            },
            "speechAct": "진술하기",
            "morpheme": "A/SL+저희/NP+계열사/NNG+인/VCP+ETM+#/SY+@/SY+소속/NNG+#/SY+으로/JKB+문의/NNG+하/XSV+시/EP+면/EC+됩니다/VX+EC"
          },
          {
            "id": 12,
            "text": "B. 감사합니다 그쪽으로 전화해볼게요",
            "norm_text": "B. 감사합니다 그쪽으로 전화해볼게요",
            "speaker": {
              "id": "B",
              "sex": "남성",
              "age": "1그룹(10대~20대)"
            },
            "speechAct": "감사하기",
            "morpheme": "B/SL+./SY+감사/NNG+합니다/XSV+EF+그쪽/NP+으로/JKB+전화/NNG+해/XSV+EC+볼게요/VX+EF"
          },
          {
            "id": 13,
            "text": "A. 네 저희 #@소속# 많은 관심 부탁드립니다",
            "norm_text": "A. 네 저희 #@소속# 많은 관심 부탁드립니다",
            "speaker": {
              "id": "A",
              "sex": "여성",
              "age": "1그룹(10대~20대)"
            },
            "speechAct": "인사하기",
            "morpheme": "A/SL+네/IC+저희/NP+#/SY+@/SY+소속/NNG+#/SY+많/VA+은/ETM+관심/NNG+부탁/NNG+드립니다/VV+EC"
          }
        ]
      }
    }
  ]
}