{
  "dataset": {
    "identifier": 139832,
    "name": "e1_20211115_0006_0343_01",
    "src_path": "/data/file/cubeManager/PROJECT018/91/txt20211110140004035877/e1_20211115_0006_0343_01/",
    "label_path": "/data/file/cubeManager/PROJECT018/91/txt20211110140004035877/e1_20211115_0006_0343_01/",
    "category": 2,
    "type": 0
  },
  "licenses": {
    "name": "Apache License 1.0",
    "url": "http://www.apache.org/licenses/LICENSE-1.0"
  },
  "info": [
    {
      "id": 157819,
      "filename": "e1_0066_0171_02.txt",
      "title": "e1_0066_0171_02",
      "mediatype": "콜센터",
      "medianame": "콜센터",
      "category": "목적대화",
      "date": "2021-11-10",
      "size": 305,
      "annotations": {
        "subject": "프로그램 문의",
        "speaker_type": "1:1",
        "size": 305,
        "word_size": 66,
        "text": "A.#@소속# #@이름#입니다 무엇을 도와드릴까요\nB.선생님 전화를 기다리고 있었는데 전화도 안오고 결석처리 되었네요\nA.그러신거면 휴대폰 배터리 스팸차단어플 매너모드 상태 등의 이유로 보이는데요\nA.혹시 해당되시는게 있으실까요\nB.아뇨 다 멀쩡한데 왜 그럴까요\nA.아니면 신호세기가 약해져 수신제한이 됐던 경우일 수도 있을것같은데요\nB.선생님이 전화를 안 걸었을 수도 있지 않나요\nA.아뇨 수업시간 지난 후 피드백 한 번 보시겠어요 전화내역이 올라올겁니다\nB.아 그럼 그거 이따 확인한다음에 다시 연락드릴게요\nA.네 알겠습니다 안녕히계세요 #@이름# 이었습니다",
        "lines": [
          {
            "id": 1,
            "text": "A.#@소속# #@이름#입니다 무엇을 도와드릴까요",
            "norm_text": "A.#@소속# #@이름#입니다 무엇을 도와드릴까요",
            "speaker": {
              "id": "A",
              "sex": "여성",
              "age": "1그룹(10대~20대)"
            },
            "speechAct": "인사하기",
            "morpheme": "A/SL+./SY+#/SY+@/SY+소속/NNG+#/SY+#/SY+@/SY+이름/NNG+#/SY+입니다/VCP+EF+무엇/NP+을/JKO+도와/VV+EC+드릴까요/VX+EC"
          },
          {
            "id": 2,
            "text": "B.선생님 전화를 기다리고 있었는데 전화도 안오고 결석처리 되었네요",
            "norm_text": "B.선생님 전화를 기다리고 있었는데 전화도 안오고 결석처리 되었네요",
            "speaker": {
              "id": "B",
              "sex": "남성",
              "age": "1그룹(10대~20대)"
            },
            "speechAct": "진술하기",
            "morpheme": "B/SL+./SY+선생/NNG+님/XSN+전화/NNG+를/JKO+기다리/VV+고/EC+있/VX+었/EP+는데/EC+전화/NNG+도/JX+안/MAG+오/VV+고/EC+결석/NNG+처리/NNG+되/XSV+었/EP+네요/EC"
          },
          {
            "id": 3,
            "text": "A.그러신거면 휴대폰 배터리 스팸차단어플 매너모드 상태 등의 이유로 보이는데요",
            "norm_text": "A.그러신거면 휴대폰 상태의 문제로 보이는데요",
            "speaker": {
              "id": "A",
              "sex": "여성",
              "age": "1그룹(10대~20대)"
            },
            "speechAct": "진술하기",
            "morpheme": "A/SL+그러신/VA+EP+ETM+거/NNB+면/VCP+EC+휴대폰/NNG+상태/NNG+의/JKG+문제/NNG+로/JKB+보이/VV+는데요/EC"
          },
          {
            "id": 4,
            "text": "A.혹시 해당되시는게 있으실까요",
            "norm_text": "A.혹시 해당되시는게 있으실까요",
            "speaker": {
              "id": "A",
              "sex": "여성",
              "age": "1그룹(10대~20대)"
            },
            "speechAct": "질문하기",
            "morpheme": "A/SL+혹시/MAG+해당/NNG+되/XSV+시/EP+는/ETM+게/NNB+JKS+있/VA+으실까/EP+EP+EF+요/MM"
          },
          {
            "id": 5,
            "text": "B.아뇨 다 멀쩡한데 왜 그럴까요",
            "norm_text": "B.아뇨 다 멀쩡한데 왜 그럴까요",
            "speaker": {
              "id": "B",
              "sex": "남성",
              "age": "1그룹(10대~20대)"
            },
            "speechAct": "질문하기",
            "morpheme": "B/SL+아뇨/IC+다/MAG+멀쩡/XR+한데/XSA+EC+왜/MAG+그럴까요/VV+EF"
          },
          {
            "id": 6,
            "text": "A.아니면 신호세기가 약해져 수신제한이 됐던 경우일 수도 있을것같은데요",
            "norm_text": "A.아니면 신호세기가 약해 수신제한이 됐던 경우일 수도 있을 것 같은데요",
            "speaker": {
              "id": "A",
              "sex": "여성",
              "age": "1그룹(10대~20대)"
            },
            "speechAct": "진술하기",
            "morpheme": "A/SL+아니면/MAJ+신호/NNG+세기/NNG+가/JKS+약해져/VA+EC+VX+EC+EC+수신/NNG+제한/NNG+이/JKS+됐/VV+EP+던/ETM+경우/NNG+일/VCP+ETM+수/NNB+도/JX+있/VA+을/ETM+것/NNB+같/VA+은데요/EC"
          },
          {
            "id": 7,
            "text": "B.선생님이 전화를 안 걸었을 수도 있지 않나요",
            "norm_text": "B.선생님이 전화를 안 걸었을 수도 있지 않나요",
            "speaker": {
              "id": "B",
              "sex": "남성",
              "age": "1그룹(10대~20대)"
            },
            "speechAct": "질문하기",
            "morpheme": "B/SL+./SY+선생/NNG+님/XSN+이/JKS+전화/NNG+를/JKO+안/MAG+걸/VV+었/EP+을/ETM+수/NNB+도/JX+있/VA+지/EC+않/VX+나요/EC"
          },
          {
            "id": 8,
            "text": "A.아뇨 수업시간 지난 후 피드백 한 번 보시겠어요 전화내역이 올라올겁니다",
            "norm_text": "A.아뇨 수업시간 지난 후 피드백 한 번 보시겠어요 전화내역이 올라올겁니다",
            "speaker": {
              "id": "A",
              "sex": "여성",
              "age": "1그룹(10대~20대)"
            },
            "speechAct": "명령하기/요구하기",
            "morpheme": "A/SL+아뇨/IC+수업/NNG+시간/NNG+지난/VV+ETM+후/NNG+피드백/NNG+한/MM+번/NNBC+보/VV+시/EP+겠/EP+어요/EF+전화/NNG+내역/NNG+이/JKS+올라올/VV+ETM+겁니다/NNB+VCP+EC"
          },
          {
            "id": 9,
            "text": "B.아 그럼 그거 이따 확인한다음에 다시 연락드릴게요",
            "norm_text": "B.아 그럼 그거 이따 확인한다음에 다시 연락드릴게요",
            "speaker": {
              "id": "B",
              "sex": "남성",
              "age": "1그룹(10대~20대)"
            },
            "speechAct": "약속하기(개인적 수준의 서약)",
            "morpheme": "B/SL+아/IC+그럼/MAJ+그거/NP+이따/MAG+확인/NNG+한/XSA+ETM+다음/NNG+에/JKB+다시/MAG+연락/NNG+드릴게요/VV+EC"
          },
          {
            "id": 10,
            "text": "A.네 알겠습니다 안녕히계세요 #@이름# 이었습니다",
            "norm_text": "A.네 알겠습니다 안녕히계세요 #@이름# 이었습니다",
            "speaker": {
              "id": "A",
              "sex": "여성",
              "age": "1그룹(10대~20대)"
            },
            "speechAct": "인사하기",
            "morpheme": "A/SL+네/IC+알/VV+겠/EP+습니다/EF+안녕히/MAG+계세요/VV+EC+#/SY+@/SY+이름/NNG+#/SY+이/VCP+었/EP+습니다/EF"
          }
        ]
      }
    }
  ]
}