{
  "dataset": {
    "identifier": 139725,
    "name": "e1_20211115_0006_0268_01",
    "src_path": "/data/file/cubeManager/PROJECT018/91/txt20211110140003031084/e1_20211115_0006_0268_01/",
    "label_path": "/data/file/cubeManager/PROJECT018/91/txt20211110140003031084/e1_20211115_0006_0268_01/",
    "category": 2,
    "type": 0
  },
  "licenses": {
    "name": "Apache License 1.0",
    "url": "http://www.apache.org/licenses/LICENSE-1.0"
  },
  "info": [
    {
      "id": 157729,
      "filename": "e1_0066_0081_02.txt",
      "title": "e1_0066_0081_02",
      "mediatype": "콜센터",
      "medianame": "콜센터",
      "category": "목적대화",
      "date": "2021-11-10",
      "size": 326,
      "annotations": {
        "subject": "프로그램 문의",
        "speaker_type": "1:1",
        "size": 326,
        "word_size": 83,
        "text": "A. 반갑습니다 #@소속# #@이름# 상담원입니다\nB. 네 안녕하세요 저 궁금한게 있어서요\nA. 네 말씀해주시면 확인해드리겠습니다\nB. 학점인정 안되는 자격이 있다고 하던데 뭐뭐 있나요\nA. 총 열가지 제외 자격 기준이 있는데요\nA. 자격 취득 시 대학 졸업 이상의 학력을 요하는 자격이 있습니다\nB. 열가지면 그 이외에도 더 있다는거죠\nA. 네 현장근무 경력만으로 취득한 자격 미시행 자격 등등입니다\nB. 열가지 전부 궁금한데 그거 혹시 홈페이지에도 나와있나요\nA. 네 홈페이지 자주하는 질문에 들어가시면 확인하실 수 있습니다\nB. 아 네 그럼 거기서 참고할게요\nA. 네 감사합니다 #@이름#이였습니다",
        "lines": [
          {
            "id": 1,
            "text": "A. 반갑습니다 #@소속# #@이름# 상담원입니다",
            "norm_text": "A. 반갑습니다 #@소속# #@이름# 상담원입니다",
            "speaker": {
              "id": "A",
              "sex": "여성",
              "age": "1그룹(10대~20대)"
            },
            "speechAct": "인사하기",
            "morpheme": "A/SL+반갑/VA+습니다/EF+#/SY+@/SY+소속/NNG+#/SY+#/SY+@/SY+이름/NNG+#/SY+상담원/NNG+입니다/VCP+EC"
          },
          {
            "id": 2,
            "text": "B. 네 안녕하세요 저 궁금한게 있어서요",
            "norm_text": "B. 네 안녕하세요 저 궁금한게 있어서요",
            "speaker": {
              "id": "B",
              "sex": "남성",
              "age": "1그룹(10대~20대)"
            },
            "speechAct": "진술하기",
            "morpheme": "B/SL+네/IC+안녕/NNG+하/XSV+세요/EP+EF+저/MM+궁금/XR+한/XSA+ETM+게/NNB+JKS+있/VA+어서요/EC"
          },
          {
            "id": 3,
            "text": "A. 네 말씀해주시면 확인해드리겠습니다",
            "norm_text": "A. 네 말씀해주시면 확인해드리겠습니다",
            "speaker": {
              "id": "A",
              "sex": "여성",
              "age": "1그룹(10대~20대)"
            },
            "speechAct": "진술하기",
            "morpheme": "A/SL+네/IC+말씀/NNG+해/XSV+EC+주/VX+시/EP+면/EC+확인/NNG+해/XSV+EC+드리/VX+겠/EP+습니다/EF"
          },
          {
            "id": 4,
            "text": "B. 학점인정 안되는 자격이 있다고 하던데 뭐뭐 있나요",
            "norm_text": "B. 학점인정 안되는 자격이 있다고 하던데 뭐뭐 있나요",
            "speaker": {
              "id": "B",
              "sex": "남성",
              "age": "1그룹(10대~20대)"
            },
            "speechAct": "질문하기",
            "morpheme": "B/SL+./SY+학점/NNG+인정/NNG+안/MAG+되/VV+는/ETM+자격/NNG+이/JKS+있/VV+다고/EC+하/VX+던데/EF+뭐/IC+뭐/IC+있/VA+나요/EC"
          },
          {
            "id": 5,
            "text": "A. 총 열가지 제외 자격 기준이 있는데요",
            "norm_text": "A. 총 열가지 제외 자격 기준이 있는데요",
            "speaker": {
              "id": "A",
              "sex": "여성",
              "age": "1그룹(10대~20대)"
            },
            "speechAct": "진술하기",
            "morpheme": "A/SL+총/MM+열/NR+가지/NNBC+제외/NNG+자격/NNG+기준/NNG+이/JKS+있/VV+는데요/EC"
          },
          {
            "id": 6,
            "text": "A. 자격 취득 시 대학 졸업 이상의 학력을 요하는 자격이 있습니다",
            "norm_text": "A. 자격 취득 시 대학 졸업 이상의 학력을 요하는 자격이 있습니다",
            "speaker": {
              "id": "A",
              "sex": "여성",
              "age": "1그룹(10대~20대)"
            },
            "speechAct": "진술하기",
            "morpheme": "A/SL+./SY+자격/NNG+취득/NNG+시/NNB+대학/NNG+졸업/NNG+이상/NNG+의/JKG+학력/NNG+을/JKO+요하/VV+는/ETM+자격/NNG+이/JKS+있/VA+습니다/EF"
          },
          {
            "id": 7,
            "text": "B. 열가지면 그 이외에도 더 있다는거죠",
            "norm_text": "B. 열가지면 그 이외에도 더 있다는거죠",
            "speaker": {
              "id": "B",
              "sex": "남성",
              "age": "1그룹(10대~20대)"
            },
            "speechAct": "질문하기",
            "morpheme": "B/SL+열/NR+가지/VV+면/EC+그/MM+이외/NNG+에/JKB+도/JX+더/MAG+있/VA+다는/ETM+거/NNB+죠/VCP+EC"
          },
          {
            "id": 8,
            "text": "A. 네 현장근무 경력만으로 취득한 자격 미시행 자격 등등입니다",
            "norm_text": "A. 네 현장근무 경력만으로 취득한 자격 미시행 자격 등등입니다",
            "speaker": {
              "id": "A",
              "sex": "여성",
              "age": "1그룹(10대~20대)"
            },
            "speechAct": "진술하기",
            "morpheme": "A/SL+네/IC+현장/NNG+근무/NNG+경력/NNG+만/JX+으로/JKB+취득/NNG+한/XSA+ETM+자격/NNG+미/NNP+시행/NNG+자격/NNG+등등/NNB+입니다/VCP+EC"
          },
          {
            "id": 9,
            "text": "B. 열가지 전부 궁금한데 그거 혹시 홈페이지에도 나와있나요",
            "norm_text": "B. 열가지 전부 궁금한데 그거 혹시 홈페이지에도 나와있나요",
            "speaker": {
              "id": "B",
              "sex": "남성",
              "age": "1그룹(10대~20대)"
            },
            "speechAct": "질문하기",
            "morpheme": "B/SL+열/NR+가지/NNBC+전부/MAG+궁금/XR+한데/XSA+EC+그거/NP+혹시/MAG+홈페이지/NNG+에/JKB+도/JX+나와/VV+EC+있/VX+나요/EC"
          },
          {
            "id": 10,
            "text": "A. 네 홈페이지 자주하는 질문에 들어가시면 확인하실 수 있습니다",
            "norm_text": "A. 네 홈페이지 자주하는 질문에 들어가시면 확인하실 수 있습니다",
            "speaker": {
              "id": "A",
              "sex": "여성",
              "age": "1그룹(10대~20대)"
            },
            "speechAct": "진술하기",
            "morpheme": "A/SL+네/IC+홈페이지/NNG+자주/NNG+하/XSV+는/ETM+질문/NNG+에/JKB+들어가/VV+시/EP+면/EC+확인/NNG+하/XSV+실/EP+ETM+수/NNB+있/VV+습니다/EF"
          },
          {
            "id": 11,
            "text": "B. 아 네 그럼 거기서 참고할게요",
            "norm_text": "B. 아 네 그럼 거기서 참고할게요",
            "speaker": {
              "id": "B",
              "sex": "남성",
              "age": "1그룹(10대~20대)"
            },
            "speechAct": "진술하기",
            "morpheme": "B/SL+아/IC+네/IC+그럼/MAJ+거기/NP+서/JKB+참고/NNG+할게요/XSV+EC"
          },
          {
            "id": 12,
            "text": "A. 네 감사합니다 #@이름#이였습니다",
            "norm_text": "A. 네 감사합니다 #@이름#이였습니다",
            "speaker": {
              "id": "A",
              "sex": "여성",
              "age": "1그룹(10대~20대)"
            },
            "speechAct": "인사하기",
            "morpheme": "A/SL+네/IC+감사/NNG+합니다/XSV+EF+#/SY+@/SY+이름/NNG+#/SY+이/VCP+였/EP+습니다/EF"
          }
        ]
      }
    }
  ]
}