{
  "dataset": {
    "identifier": 141010,
    "name": "e1_20211115_0006_0667_01",
    "src_path": "/data/file/cubeManager/PROJECT018/91/txt20211110140010090847/e1_20211115_0006_0667_01/",
    "label_path": "/data/file/cubeManager/PROJECT018/91/txt20211110140010090847/e1_20211115_0006_0667_01/",
    "category": 2,
    "type": 0
  },
  "licenses": {
    "name": "Apache License 1.0",
    "url": "http://www.apache.org/licenses/LICENSE-1.0"
  },
  "info": [
    {
      "id": 158644,
      "filename": "e1_0070_0045_02.txt",
      "title": "e1_0070_0045_02",
      "mediatype": "콜센터",
      "medianame": "콜센터",
      "category": "목적대화",
      "date": "2021-11-10",
      "size": 335,
      "annotations": {
        "subject": "프로그램 문의",
        "speaker_type": "1:1",
        "size": 335,
        "word_size": 81,
        "text": "A. 감사합니다 #@소속# 상담사 #@이름#입니다\nB. 안녕하세요 문의사항이 있어서 연락드렸어요\nA. 어떤 점이 궁금하신가요 고객님\nB. 네 저 종로 캠퍼스에서 프로그램 상담 좀 받고 싶어서요\nA. 고객님 학원 방문상담은 온라인이나 유선으로 가능하신데요\nA. 어떤 방법을 안내해드릴까요\nB. 음 그냥 종로 캠퍼스 전화번호 좀 알려주세요\nA. 종로 캠퍼스 전화번호 안내해드리겠습니다\nA. 종로 캠퍼스 전화번호는 #@전번# 번입니다\nB. #@전번#이요 네 적었어요\nA. 네 해당 번호로 전화하셔서 방문 상담 예약해 주시면 됩니다\nB. 네 알겠습니다 상담 감사합니다\nA. 감사합니다 상담사 #@이름#이었습니다 좋은 하루 되세요",
        "lines": [
          {
            "id": 1,
            "text": "A. 감사합니다 #@소속# 상담사 #@이름#입니다",
            "norm_text": "A. 감사합니다 #@소속# 상담사 #@이름#입니다",
            "speaker": {
              "id": "A",
              "sex": "여성",
              "age": "2그룹(30대~40대)"
            },
            "speechAct": "인사하기",
            "morpheme": "A/SL+./SY+감사/NNG+합니다/XSV+EF+#/SY+@/SY+소속/NNG+#/SY+상담/NNG+사/NNG+#/SY+@/SY+이름/NNG+#/SY+입니다/VCP+EC"
          },
          {
            "id": 2,
            "text": "B. 안녕하세요 문의사항이 있어서 연락드렸어요",
            "norm_text": "B. 안녕하세요 문의사항이 있어서 연락드렸어요",
            "speaker": {
              "id": "B",
              "sex": "남성",
              "age": "2그룹(30대~40대)"
            },
            "speechAct": "진술하기",
            "morpheme": "B/SL+./SY+안녕/NNG+하/XSV+세요/EP+EF+문/NNG+의/JKG+사항/NNG+이/JKS+있/VV+어서/EC+연락/NNG+드렸/VV+EP+어요/EF"
          },
          {
            "id": 3,
            "text": "A. 어떤 점이 궁금하신가요 고객님",
            "norm_text": "A. 어떤 점이 궁금하신가요 고객님",
            "speaker": {
              "id": "A",
              "sex": "여성",
              "age": "2그룹(30대~40대)"
            },
            "speechAct": "질문하기",
            "morpheme": "A/SL+어떤/MM+점/NNG+이/JKS+궁금/XR+하/XSA+신가요/EP+EC+고객/NNG+님/XSN"
          },
          {
            "id": 4,
            "text": "B. 네 저 종로 캠퍼스에서 프로그램 상담 좀 받고 싶어서요",
            "norm_text": "B. 네 저 종로 캠퍼스에서 프로그램 상담 좀 받고 싶어서요",
            "speaker": {
              "id": "B",
              "sex": "남성",
              "age": "2그룹(30대~40대)"
            },
            "speechAct": "진술하기",
            "morpheme": "B/SL+네/IC+저종/NNP+로/JKB+캠퍼스/NNG+에서/JKB+프로그램/NNG+상담/NNG+좀/MAG+받/VV+고/EC+싶/VX+어서요/EC"
          },
          {
            "id": 5,
            "text": "A. 고객님 학원 방문상담은 온라인이나 유선으로 가능하신데요",
            "norm_text": "A. 고객님 학원 방문상담은 온라인이나 유선으로 가능하신데요",
            "speaker": {
              "id": "A",
              "sex": "여성",
              "age": "2그룹(30대~40대)"
            },
            "speechAct": "진술하기",
            "morpheme": "A/SL+./SY+고객/NNG+님/XSN+학원/NNG+방문/NNG+상담/NNG+은/JX+온라인/NNG+이나/JC+유선/NNG+으로/JKB+가능/NNG+하/XSV+신데요/EP+EC"
          },
          {
            "id": 6,
            "text": "A. 어떤 방법을 안내해드릴까요",
            "norm_text": "A. 어떤 방법을 안내해드릴까요",
            "speaker": {
              "id": "A",
              "sex": "여성",
              "age": "2그룹(30대~40대)"
            },
            "speechAct": "질문하기",
            "morpheme": "A/SL+어떤/MM+방법/NNG+을/JKO+안내/NNG+해/XSV+EC+드릴까요/VX+EC"
          },
          {
            "id": 7,
            "text": "B. 음 그냥 종로 캠퍼스 전화번호 좀 알려주세요",
            "norm_text": "B. 음 그냥 종로 캠퍼스 전화번호 좀 알려주세요",
            "speaker": {
              "id": "B",
              "sex": "남성",
              "age": "2그룹(30대~40대)"
            },
            "speechAct": "명령하기/요구하기",
            "morpheme": "B/SL+음/IC+그냥/MAG+종로/NNP+캠퍼스/NNG+전화/NNG+번호/NNG+좀/MAG+알려/VV+EC+주/VX+세요/EP+EF"
          },
          {
            "id": 8,
            "text": "A. 종로 캠퍼스 전화번호 안내해드리겠습니다",
            "norm_text": "A. 종로 캠퍼스 전화번호 안내해드리겠습니다",
            "speaker": {
              "id": "A",
              "sex": "여성",
              "age": "2그룹(30대~40대)"
            },
            "speechAct": "진술하기",
            "morpheme": "A/SL+./SY+종로/NNP+캠퍼스/NNG+전화/NNG+번호/NNG+안내/NNG+해/XSV+EC+드리/VX+겠/EP+습니다/EF"
          },
          {
            "id": 9,
            "text": "A. 종로 캠퍼스 전화번호는 #@전번# 번입니다",
            "norm_text": "A. 종로 캠퍼스 전화번호는 #@전번# 번입니다",
            "speaker": {
              "id": "A",
              "sex": "여성",
              "age": "2그룹(30대~40대)"
            },
            "speechAct": "진술하기",
            "morpheme": "A/SL+./SY+종로/NNP+캠퍼스/NNG+전화/NNG+번호/NNG+는/JX+#/SY+@/SY+전번/NNG+#/SY+번/NNBC+입니다/VCP+EC"
          },
          {
            "id": 10,
            "text": "B. #@전번#이요 네 적었어요",
            "norm_text": "B. #@전번#이요 네 적었어요",
            "speaker": {
              "id": "B",
              "sex": "남성",
              "age": "2그룹(30대~40대)"
            },
            "speechAct": "진술하기",
            "morpheme": "B/SL+./SY+#/SY+@/SY+전번/NNG+#/SY+이/JKS+요네/NNG+적/VA+었/EP+어요/EF"
          },
          {
            "id": 11,
            "text": "A. 네 해당 번호로 전화하셔서 방문 상담 예약해 주시면 됩니다",
            "norm_text": "A. 네 해당 번호로 전화하셔서 방문 상담 예약해 주시면 됩니다",
            "speaker": {
              "id": "A",
              "sex": "여성",
              "age": "2그룹(30대~40대)"
            },
            "speechAct": "명령하기/요구하기",
            "morpheme": "A/SL+네/IC+해당/NNG+번호/NNG+로/JKB+전화/NNG+하/XSV+셔서/EP+EC+방문/NNG+상담/NNG+예약/NNG+해/XSV+EC+주/VX+시/EP+면/EC+됩니다/VX+EC"
          },
          {
            "id": 12,
            "text": "B. 네 알겠습니다 상담 감사합니다",
            "norm_text": "B. 네 알겠습니다 상담 감사합니다",
            "speaker": {
              "id": "B",
              "sex": "남성",
              "age": "2그룹(30대~40대)"
            },
            "speechAct": "감사하기",
            "morpheme": "B/SL+네/IC+알/VV+겠/EP+습니다/EF+상담/NNG+감사/NNG+합니다/XSV+EC"
          },
          {
            "id": 13,
            "text": "A. 감사합니다 상담사 #@이름#이었습니다 좋은 하루 되세요",
            "norm_text": "A. 감사합니다 상담사 #@이름#이었습니다 좋은 하루 되세요",
            "speaker": {
              "id": "A",
              "sex": "여성",
              "age": "2그룹(30대~40대)"
            },
            "speechAct": "인사하기",
            "morpheme": "A/SL+./SY+감사/NNG+합니다/XSV+EF+상담/NNG+사/NNG+#/SY+@/SY+이름/NNG+#/SY+이/VCP+었/EP+습니다/EF+좋/VA+은/ETM+하루/NNG+되/XSV+세요/EP+EF"
          }
        ]
      }
    }
  ]
}