{
  "dataset": {
    "identifier": 140531,
    "name": "e1_20211115_0006_0570_01",
    "src_path": "/data/file/cubeManager/PROJECT018/91/txt20211110140005099178/e1_20211115_0006_0570_01/",
    "label_path": "/data/file/cubeManager/PROJECT018/91/txt20211110140005099178/e1_20211115_0006_0570_01/",
    "category": 2,
    "type": 0
  },
  "licenses": {
    "name": "Apache License 1.0",
    "url": "http://www.apache.org/licenses/LICENSE-1.0"
  },
  "info": [
    {
      "id": 158044,
      "filename": "e1_0067_0185_02.txt",
      "title": "e1_0067_0185_02",
      "mediatype": "콜센터",
      "medianame": "콜센터",
      "category": "목적대화",
      "date": "2021-11-10",
      "size": 288,
      "annotations": {
        "subject": "프로그램 문의",
        "speaker_type": "1:1",
        "size": 288,
        "word_size": 77,
        "text": "A. 반갑습니다 교육방송을 대표하는 #@소속# 입니다\nB. 안녕하세요 저 과학 강좌 질문 좀 할게요\nA. 네 어떤 부분 궁금하신가요\nB. 제가 중학생인데 과학 강의가 많이 버거워서요\nB. 저한테는 40분도 힘든데 짧고 쉬운 강의 없나요\nA. 그러시면 #@상품# 프로그램 시청 추천드릴게요\nB. 아 그건 방송 시간표에 따로 안보이던데요\nA. 네 사이트내 온라인 수강 가능하신 강좌구요\nA. 3분 내외의 클립형 콘텐츠라 부담 없으실거에요\nB. 아 네 그런 영상 좀 많이 올려주세요\nA. 네 앞으로도 저희 #@소속# 많은 관심 부탁드립니다",
        "lines": [
          {
            "id": 1,
            "text": "A. 반갑습니다 교육방송을 대표하는 #@소속# 입니다",
            "norm_text": "A. 반갑습니다 교육방송을 대표하는 #@소속# 입니다",
            "speaker": {
              "id": "A",
              "sex": "여성",
              "age": "1그룹(10대~20대)"
            },
            "speechAct": "인사하기",
            "morpheme": "A/SL+반갑/VA+습니다/EF+교육/NNG+방송/NNG+을/JKO+대표/NNG+하/XSV+는/ETM+#/SY+@/SY+소속/NNG+#/SY+입니다/VCP+EC"
          },
          {
            "id": 2,
            "text": "B. 안녕하세요 저 과학 강좌 질문 좀 할게요",
            "norm_text": "B. 안녕하세요 저 과학 강좌 질문 좀 할게요",
            "speaker": {
              "id": "B",
              "sex": "남성",
              "age": "1그룹(10대~20대)"
            },
            "speechAct": "진술하기",
            "morpheme": "B/SL+./SY+안녕/NNG+하/XSV+세요/EP+EF+저/MM+과학/NNG+강좌/NNG+질문/NNG+좀/MAG+할게요/VV+EC"
          },
          {
            "id": 3,
            "text": "A. 네 어떤 부분 궁금하신가요",
            "norm_text": "A. 네 어떤 부분 궁금하신가요",
            "speaker": {
              "id": "A",
              "sex": "여성",
              "age": "1그룹(10대~20대)"
            },
            "speechAct": "질문하기",
            "morpheme": "A/SL+네/IC+어떤/MM+부분/NNG+궁금/XR+하/XSA+신가요/EP+EC"
          },
          {
            "id": 4,
            "text": "B. 제가 중학생인데 과학 강의가 많이 버거워서요",
            "norm_text": "B. 제가 중학생인데 과학 강의가 많이 버거워서요",
            "speaker": {
              "id": "B",
              "sex": "남성",
              "age": "1그룹(10대~20대)"
            },
            "speechAct": "진술하기",
            "morpheme": "B/SL+제/NP+가/JKS+중학생/NNG+인데/VCP+EC+과학/NNG+강의/NNG+가/JKS+많이/MAG+버거워/VA+EC+서요/NNG"
          },
          {
            "id": 5,
            "text": "B. 저한테는 40분도 힘든데 짧고 쉬운 강의 없나요",
            "norm_text": "B. 저한테는 40분도 힘든데 짧고 쉬운 강의 없나요",
            "speaker": {
              "id": "B",
              "sex": "남성",
              "age": "1그룹(10대~20대)"
            },
            "speechAct": "질문하기",
            "morpheme": "B/SL+저/NP+한테/JKB+는/JX+40/SN+분/NNBC+도/JX+힘든/VA+ETM+데/NNB+짧/VA+고/EC+쉬운/VA+ETM+강의/NNG+없/VA+나요/EC"
          },
          {
            "id": 6,
            "text": "A. 그러시면 #@상품# 프로그램 시청 추천드릴게요",
            "norm_text": "A. 그러시면 #@상품# 프로그램 시청 추천드릴게요",
            "speaker": {
              "id": "A",
              "sex": "여성",
              "age": "1그룹(10대~20대)"
            },
            "speechAct": "진술하기",
            "morpheme": "A/SL+그러/VV+시/EP+면/EC+#/SY+@/SY+상품/NNG+#/SY+프로그램/NNG+시청/NNG+추천/NNG+드릴게요/VV+EC"
          },
          {
            "id": 7,
            "text": "B. 아 그건 방송 시간표에 따로 안보이던데요",
            "norm_text": "B. 아 그건 방송 시간표에 따로 안보이던데요",
            "speaker": {
              "id": "B",
              "sex": "남성",
              "age": "1그룹(10대~20대)"
            },
            "speechAct": "반박하기",
            "morpheme": "B/SL+아/IC+그건/NP+JX+방송/NNG+시간표/NNG+에/JKB+따로/MAG+안/MAG+보이/VV+던데요/EC"
          },
          {
            "id": 8,
            "text": "A. 네 사이트내 온라인 수강 가능하신 강좌구요",
            "norm_text": "A. 네 사이트내 온라인 수강 가능하신 강좌구요",
            "speaker": {
              "id": "A",
              "sex": "여성",
              "age": "1그룹(10대~20대)"
            },
            "speechAct": "진술하기",
            "morpheme": "A/SL+네/IC+사이트/NNG+내/NNB+온라인/NNG+수강/NNG+가능/NNG+하/XSV+신/EP+ETM+강좌/NNG+구요/VCP+EC"
          },
          {
            "id": 9,
            "text": "A. 3분 내외의 클립형 콘텐츠라 부담 없으실거에요",
            "norm_text": "A. 3분 내외의 클립형 콘텐츠라 부담 없으실거에요",
            "speaker": {
              "id": "A",
              "sex": "여성",
              "age": "1그룹(10대~20대)"
            },
            "speechAct": "진술하기",
            "morpheme": "A/SL+./SY+3/SN+분/NNBC+내외/NNG+의/JKG+클립/NNG+형/XSN+콘텐츠/NNG+라/VCP+EC+부담/NNG+없/VA+으실/EP+ETM+거/NNB+에요/VCP+EF"
          },
          {
            "id": 10,
            "text": "B. 아 네 그런 영상 좀 많이 올려주세요",
            "norm_text": "B. 아 네 그런 영상 좀 많이 올려주세요",
            "speaker": {
              "id": "B",
              "sex": "남성",
              "age": "1그룹(10대~20대)"
            },
            "speechAct": "명령하기/요구하기",
            "morpheme": "B/SL+아/IC+네/IC+그런/MM+영상/NNG+좀/MAG+많이/MAG+올려/VV+EC+주/VX+세요/EP+EF"
          },
          {
            "id": 11,
            "text": "A. 네 앞으로도 저희 #@소속# 많은 관심 부탁드립니다",
            "norm_text": "A. 네 앞으로도 저희 #@소속# 많은 관심 부탁드립니다",
            "speaker": {
              "id": "A",
              "sex": "여성",
              "age": "1그룹(10대~20대)"
            },
            "speechAct": "부탁하기",
            "morpheme": "A/SL+네/IC+앞/NNG+으로/JKB+도/JX+저희/NP+#/SY+@/SY+소속/NNG+#/SY+많/VA+은/ETM+관심/NNG+부탁/NNG+드립니다/VV+EC"
          }
        ]
      }
    }
  ]
}