{
  "dataset": {
    "identifier": 140969,
    "name": "e1_20211115_0006_0627_01",
    "src_path": "/data/file/cubeManager/PROJECT018/91/txt20211110140009019034/e1_20211115_0006_0627_01/",
    "label_path": "/data/file/cubeManager/PROJECT018/91/txt20211110140009019034/e1_20211115_0006_0627_01/",
    "category": 2,
    "type": 0
  },
  "licenses": {
    "name": "Apache License 1.0",
    "url": "http://www.apache.org/licenses/LICENSE-1.0"
  },
  "info": [
    {
      "id": 158406,
      "filename": "e1_0069_0049_02.txt",
      "title": "e1_0069_0049_02",
      "mediatype": "콜센터",
      "medianame": "콜센터",
      "category": "목적대화",
      "date": "2021-11-10",
      "size": 369,
      "annotations": {
        "subject": "프로그램 문의",
        "speaker_type": "1:1",
        "size": 369,
        "word_size": 89,
        "text": "A.안녕하십니까 친절한 #@소속# 상담원 #@이름#입니다\nB.여기 사이트에 활동 이력 등록 안 하면 코칭 기회 없어지나요\nA.네 기간 내 활동 등록하지 않으시면 코칭 받으실 기회는 없어지세요\nB.비교과 활동 이력 입력하면 되는 거죠\nA.네 작성하시면 그 내용에 대해 익월 평가 및 정기 상담이 진행됩니다\nB.활동 이력 그래도 그냥 비워두면요\nA.그러시면 활동 계획 및 목표 학교에 최적화된 활동을 추천해 드립니다\nB.이거 좀 작성하시는 게 막연한데요\nA.그러시면 저희 합격생 추천활동 메뉴에 들어가시면요\nA.유형별로 합격생 선배들이 어떤 활동을 했는지 참고하실 수 있습니다\nB.네 감사합니다 잘 알겠어요\nA.감사합니다 #@소속# #@이름#이었습니다\nA.무더운 날씨 건강 조심 하세요",
        "lines": [
          {
            "id": 1,
            "text": "A.안녕하십니까 친절한 #@소속# 상담원 #@이름#입니다",
            "norm_text": "A.안녕하십니까 친절한 #@소속# 상담원 #@이름#입니다",
            "speaker": {
              "id": "A",
              "sex": "여성",
              "age": "2그룹(30대~40대)"
            },
            "speechAct": "인사하기",
            "morpheme": "A/SL+./SY+안녕/NNG+하/XSV+십니까/EP+EF+친절한/NNP+#/SY+@/SY+소속/NNG+#/SY+상담원/NNG+#/SY+@/SY+이름/NNG+#/SY+입니다/VCP+EC"
          },
          {
            "id": 2,
            "text": "B.여기 사이트에 활동 이력 등록 안 하면 코칭 기회 없어지나요",
            "norm_text": "B.여기 사이트에 활동 이력 등록 안 하면 코칭 기회 없어지나요",
            "speaker": {
              "id": "B",
              "sex": "남성",
              "age": "2그룹(30대~40대)"
            },
            "speechAct": "질문하기",
            "morpheme": "B/SL+여기/NP+사이트/NNG+에/JKB+활동/NNG+이력/NNG+등록/NNG+안/MAG+하/VV+면/EC+코칭/NNP+기회/NNG+없/VA+어/EC+지나/VV+요/EC"
          },
          {
            "id": 3,
            "text": "A.네 기간 내 활동 등록하지 않으시면 코칭 받으실 기회는 없어지세요",
            "norm_text": "A.네 기간 내 활동 등록하지 않으시면 코칭 받으실 기회는 없어지세요",
            "speaker": {
              "id": "A",
              "sex": "여성",
              "age": "2그룹(30대~40대)"
            },
            "speechAct": "진술하기",
            "morpheme": "A/SL+네/IC+기간/NNG+내/NNB+활동/NNG+등록/NNG+하/XSV+지/EC+않/VX+으시/EP+면/EC+코칭/NNP+받/VV+으실/EP+ETM+기회/NNG+는/JX+없/VA+어/EC+지/VX+세요/EP+EF"
          },
          {
            "id": 4,
            "text": "B.비교과 활동 이력 입력하면 되는 거죠",
            "norm_text": "B.비교과 활동 이력 입력하면 되는 거죠",
            "speaker": {
              "id": "B",
              "sex": "남성",
              "age": "2그룹(30대~40대)"
            },
            "speechAct": "질문하기",
            "morpheme": "B/SL+./SY+비/XPN+교과/NNG+활동/NNG+이력/NNG+입력/NNG+하/XSV+면/EC+되/VV+는/ETM+거/NNB+죠/VCP+EC"
          },
          {
            "id": 5,
            "text": "A.네 작성하시면 그 내용에 대해 익월 평가 및 정기 상담이 진행됩니다",
            "norm_text": "A.네 작성하시면 그 내용에 대해 익월 평가 및 정기 상담이 진행됩니다",
            "speaker": {
              "id": "A",
              "sex": "여성",
              "age": "2그룹(30대~40대)"
            },
            "speechAct": "진술하기",
            "morpheme": "A/SL+네/IC+작성/NNG+하/XSV+시/EP+면/EC+그/MM+내용/NNG+에/JKB+대해/VV+EC+익월/NNG+평가/NNG+및/MAJ+정기/NNG+상담/NNG+이/JKS+진행/NNG+됩니다/XSV+EC"
          },
          {
            "id": 6,
            "text": "B.활동 이력 그래도 그냥 비워두면요",
            "norm_text": "B.활동 이력 그래도 그냥 비워두면요",
            "speaker": {
              "id": "B",
              "sex": "남성",
              "age": "2그룹(30대~40대)"
            },
            "speechAct": "진술하기",
            "morpheme": "B/SL+./SY+활동/NNG+이력/NNG+그래도/VV+EC+그냥/MAG+비워/VV+EC+두/VX+면/EC+요/JX"
          },
          {
            "id": 7,
            "text": "A.그러시면 활동 계획 및 목표 학교에 최적화된 활동을 추천해 드립니다",
            "norm_text": "A.그러시면 활동 계획 및 목표 학교에 최적화된 활동을 추천해 드립니다",
            "speaker": {
              "id": "A",
              "sex": "여성",
              "age": "2그룹(30대~40대)"
            },
            "speechAct": "진술하기",
            "morpheme": "A/SL+그러/VV+시/EP+면/EC+활동/NNG+계획/NNG+및/MAJ+목표/NNG+학교/NNG+에/JKB+최적/NNG+화/XSN+된/XSV+ETM+활동/NNG+을/JKO+추천/NNG+해/XSV+EC+드립니다/VX+EC"
          },
          {
            "id": 8,
            "text": "B.이거 좀 작성하시는 게 막연한데요",
            "norm_text": "B.이거 좀 작성하시는 게 막연한데요",
            "speaker": {
              "id": "B",
              "sex": "남성",
              "age": "2그룹(30대~40대)"
            },
            "speechAct": "진술하기",
            "morpheme": "B/SL+이거/NP+좀/MAG+작성/NNG+하/XSV+시/EP+는/ETM+게/NNB+JKS+막연/XR+한데요/XSA+EC"
          },
          {
            "id": 9,
            "text": "A.그러시면 저희 합격생 추천활동 메뉴에 들어가시면요",
            "norm_text": "A.그러시면 저희 합격생 추천활동 메뉴에 들어가시면요",
            "speaker": {
              "id": "A",
              "sex": "여성",
              "age": "2그룹(30대~40대)"
            },
            "speechAct": "진술하기",
            "morpheme": "A/SL+그러/VV+시/EP+면/EC+저희/NP+합격/NNG+생/XSN+추천/NNG+활동/NNG+메뉴/NNG+에/JKB+들어가/VV+시/EP+면/EC+요/JX"
          },
          {
            "id": 10,
            "text": "A.유형별로 합격생 선배들이 어떤 활동을 했는지 참고하실 수 있습니다",
            "norm_text": "A.유형별로 합격생 선배들이 어떤 활동을 했는지 참고하실 수 있습니다",
            "speaker": {
              "id": "A",
              "sex": "여성",
              "age": "2그룹(30대~40대)"
            },
            "speechAct": "진술하기",
            "morpheme": "A/SL+./SY+유형/NNG+별/XSN+로/JKB+합격/NNG+생/XSN+선배/NNG+들/XSN+이/JKS+어떤/MM+활동/NNG+을/JKO+했/VV+EP+는지/EC+참고/NNG+하/XSV+실/EP+ETM+수/NNB+있/VV+습니다/EF"
          },
          {
            "id": 11,
            "text": "B.네 감사합니다 잘 알겠어요",
            "norm_text": "B.네 감사합니다 잘 알겠어요",
            "speaker": {
              "id": "B",
              "sex": "남성",
              "age": "2그룹(30대~40대)"
            },
            "speechAct": "감사하기",
            "morpheme": "B/SL+네/IC+감사/NNG+합니다/XSV+EF+잘/MAG+알/VV+겠/EP+어요/EF"
          },
          {
            "id": 12,
            "text": "A.감사합니다 #@소속# #@이름#이었습니다",
            "norm_text": "A.감사합니다 #@소속# #@이름#이었습니다",
            "speaker": {
              "id": "A",
              "sex": "여성",
              "age": "2그룹(30대~40대)"
            },
            "speechAct": "감사하기",
            "morpheme": "A/SL+./SY+감사/NNG+합니다/XSV+EF+#/SY+@/SY+소속/NNG+#/SY+#/SY+@/SY+이름/NNG+#/SY+이/VCP+었/EP+습니다/EF"
          },
          {
            "id": 13,
            "text": "A.무더운 날씨 건강 조심 하세요",
            "norm_text": "A.무더운 날씨 건강 조심 하세요",
            "speaker": {
              "id": "A",
              "sex": "여성",
              "age": "2그룹(30대~40대)"
            },
            "speechAct": "인사하기",
            "morpheme": "A/SL+무더운/VA+ETM+날씨/NNG+건강/NNG+조심/NNG+하/XSV+세요/EP+EF"
          }
        ]
      }
    }
  ]
}