{
  "dataset": {
    "identifier": 139815,
    "name": "e1_20211115_0006_0333_01",
    "src_path": "/data/file/cubeManager/PROJECT018/91/txt202111101400040213108/e1_20211115_0006_0333_01/",
    "label_path": "/data/file/cubeManager/PROJECT018/91/txt202111101400040213108/e1_20211115_0006_0333_01/",
    "category": 2,
    "type": 0
  },
  "licenses": {
    "name": "Apache License 1.0",
    "url": "http://www.apache.org/licenses/LICENSE-1.0"
  },
  "info": [
    {
      "id": 157809,
      "filename": "e1_0066_0161_02.txt",
      "title": "e1_0066_0161_02",
      "mediatype": "콜센터",
      "medianame": "콜센터",
      "category": "목적대화",
      "date": "2021-11-10",
      "size": 285,
      "annotations": {
        "subject": "프로그램 문의",
        "speaker_type": "1:1",
        "size": 285,
        "word_size": 60,
        "text": "A.무엇이든 도와드리겠습니다 #@소속# #@이름#입니다\nB.네 제가 지금 거기 화상영어랑 전화영어 중 고민중인데요\nB.제가 초보잔데 뭐가 더 나을까요\nA.영어 초보자시면 화상영어를 추천드리고 싶습니다\nB.왜요 화상영어가 뭔가 더 다른가요\nA.화상영어는 강사님 얼굴을 직접 보면서 수업을 진행해 상대적으로 소통하기 쉽습니다\nB.아 그래요 전화영어보다는 훨 낫다는거죠\nA.네 영어 초보시면 화상영어가 좀 더 나으실겁니다\nB.알겠습니다 그럼 화상영어로 신청해야겠네요\nA.도움이 된것 같아 다행입니다 안녕히계세요 #@이름# 이었습니다",
        "lines": [
          {
            "id": 1,
            "text": "A.무엇이든 도와드리겠습니다 #@소속# #@이름#입니다",
            "norm_text": "A.무엇이든 도와드리겠습니다 #@소속# #@이름#입니다",
            "speaker": {
              "id": "A",
              "sex": "여성",
              "age": "1그룹(10대~20대)"
            },
            "speechAct": "인사하기",
            "morpheme": "A/SL+무엇/NP+이/VCP+든/EC+도와/VV+EC+드리/VX+겠/EP+습니다/EF+#/SY+@/SY+소속/NNG+#/SY+#/SY+@/SY+이름/NNG+#/SY+입니다/VCP+EC"
          },
          {
            "id": 2,
            "text": "B.네 제가 지금 거기 화상영어랑 전화영어 중 고민중인데요",
            "norm_text": "B.네 제가 지금 거기 화상영어랑 전화영어 중 고민중인데요",
            "speaker": {
              "id": "B",
              "sex": "남성",
              "age": "1그룹(10대~20대)"
            },
            "speechAct": "진술하기",
            "morpheme": "B/SL+네/IC+제/NP+가/JKS+지금/MAG+거기/NP+화상/NNG+영어/NNG+랑/JKB+전화/NNG+영어/NNG+중/NNB+고민/NNG+중/NNB+인데요/VCP+EC"
          },
          {
            "id": 3,
            "text": "B.제가 초보잔데 뭐가 더 나을까요",
            "norm_text": "B.제가 초보잔데 뭐가 더 나을까요",
            "speaker": {
              "id": "B",
              "sex": "남성",
              "age": "1그룹(10대~20대)"
            },
            "speechAct": "질문하기",
            "morpheme": "B/SL+제/NP+가/JKS+초보/NNG+잔데/XSN+VCP+EC+뭐/NP+가/JKS+더나/VV+을까요/EC"
          },
          {
            "id": 4,
            "text": "A.영어 초보자시면 화상영어를 추천드리고 싶습니다",
            "norm_text": "A.영어 초보자시면 화상영어를 추천드리고 싶습니다",
            "speaker": {
              "id": "A",
              "sex": "여성",
              "age": "1그룹(10대~20대)"
            },
            "speechAct": "주장하기",
            "morpheme": "A/SL+./SY+영어/NNG+초보/NNG+자시/VV+면/EC+화상/NNG+영어/NNG+를/JKO+추천/NNG+드리/VV+고/EC+싶/VX+습니다/EF"
          },
          {
            "id": 5,
            "text": "B.왜요 화상영어가 뭔가 더 다른가요",
            "norm_text": "B.왜요 화상영어가 뭔가 더 다른가요",
            "speaker": {
              "id": "B",
              "sex": "남성",
              "age": "1그룹(10대~20대)"
            },
            "speechAct": "질문하기",
            "morpheme": "B/SL+왜/MAG+요화/NNG+상/XSN+영어/NNG+가/JKS+뭔가/NP+VCP+EC+더/MAG+다른/MM+가요/NNG"
          },
          {
            "id": 6,
            "text": "A.화상영어는 강사님 얼굴을 직접 보면서 수업을 진행해 상대적으로 소통하기 쉽습니다",
            "norm_text": "A.화상영어는 얼굴을 직접 보면서 진행하니까 상대적으로 소통이 쉽습니다",
            "speaker": {
              "id": "A",
              "sex": "여성",
              "age": "1그룹(10대~20대)"
            },
            "speechAct": "진술하기",
            "morpheme": "A/SL+./SY+화상/NNG+영어/NNG+는/JX+강사/NNG+님/XSN+얼굴/NNG+을/JKO+직접/MAG+보/VV+면서/EC+수업/NNG+을/JKO+진행/NNG+해/XSV+EC+상대/NNG+적/XSN+으로/JKB+소통/NNG+하/XSV+기/ETN+쉽/VA+습니다/EF"
          },
          {
            "id": 7,
            "text": "B.아 그래요 전화영어보다는 훨 낫다는거죠",
            "norm_text": "B.아 그래요 전화영어보다는 훨 낫다는거죠",
            "speaker": {
              "id": "B",
              "sex": "남성",
              "age": "1그룹(10대~20대)"
            },
            "speechAct": "질문하기",
            "morpheme": "B/SL+아/IC+그래요/IC+전화/NNG+영어/NNG+보다/JKB+는/JX+훨/MAG+낫/VV+다는/ETM+거/NNB+죠/VCP+EC"
          },
          {
            "id": 8,
            "text": "A.네 영어 초보시면 화상영어가 좀 더 나으실겁니다",
            "norm_text": "A.네 영어 초보시면 화상영어가 좀 더 나으실겁니다",
            "speaker": {
              "id": "A",
              "sex": "여성",
              "age": "1그룹(10대~20대)"
            },
            "speechAct": "진술하기",
            "morpheme": "A/SL+./SY+네영/NNG+어초/NNG+보/VV+시/EP+면/EC+화상/NNG+영어/NNG+가/JKS+좀/MAG+더/MAG+나으실/VV+EP+ETM+겁니다/NNB+VCP+EC"
          },
          {
            "id": 9,
            "text": "B.알겠습니다 그럼 화상영어로 신청해야겠네요",
            "norm_text": "B.알겠습니다 그럼 화상영어로 신청해야겠네요",
            "speaker": {
              "id": "B",
              "sex": "남성",
              "age": "1그룹(10대~20대)"
            },
            "speechAct": "주장하기",
            "morpheme": "B/SL+알/VV+겠/EP+습니다/EF+그럼/MAJ+화상/NNG+영어/NNG+로/JKB+신청/NNG+해야/XSV+EC+VX+겠/EP+네요/EC"
          },
          {
            "id": 10,
            "text": "A.도움이 된것 같아 다행입니다 안녕히계세요 #@이름# 이었습니다",
            "norm_text": "A.도움이 된것 같아 다행입니다 안녕히계세요 #@이름# 이었습니다",
            "speaker": {
              "id": "A",
              "sex": "여성",
              "age": "1그룹(10대~20대)"
            },
            "speechAct": "인사하기",
            "morpheme": "A/SL+./SY+도움/NNG+이/JKS+된/VV+ETM+것/NNB+같/VA+아/EC+다행/NNG+입니다/VCP+EF+안녕히/MAG+계세요/VV+EC+#/SY+@/SY+이름/NNG+#/SY+이/VCP+었/EP+습니다/EF"
          }
        ]
      }
    }
  ]
}