{
  "dataset": {
    "identifier": 139875,
    "name": "e1_20211115_0006_0365_01",
    "src_path": "/data/file/cubeManager/PROJECT018/91/txt20211110140004051714/e1_20211115_0006_0365_01/",
    "label_path": "/data/file/cubeManager/PROJECT018/91/txt20211110140004051714/e1_20211115_0006_0365_01/",
    "category": 2,
    "type": 0
  },
  "licenses": {
    "name": "Apache License 1.0",
    "url": "http://www.apache.org/licenses/LICENSE-1.0"
  },
  "info": [
    {
      "id": 157841,
      "filename": "e1_0066_0193_02.txt",
      "title": "e1_0066_0193_02",
      "mediatype": "콜센터",
      "medianame": "콜센터",
      "category": "목적대화",
      "date": "2021-11-10",
      "size": 346,
      "annotations": {
        "subject": "프로그램 문의",
        "speaker_type": "1:1",
        "size": 346,
        "word_size": 80,
        "text": "A.기분좋은 아침입니다 #@소속# 상담원 #@이름#입니다\nB.아 안녕하세요 거기 무슨 첨삭 서비스 이런게 있다고 하던데요\nA.네 저희 #@소속#에는 매일 매일 첨삭 서비스가 있습니다\nB.그게 뭔지 좀 설명해주시겠어요 궁금해서요\nA.1일 1회 A4 2장까지 대용량 첨삭을 무료로 제공해드립니다\nB.헉 하루에 한번인데 에이포용지 두장 정도를 그냥 첨삭해준다고요\nA.네 그렇습니다 그래서 많은 분들이 이용하고 계세요\nB.그렇게 하면 작문 실력은 뭐 걱정없겠네요\nA.네 많은 분들이 첨삭 서비스를 통해서 작문 실력을 향상시키고 있습니다\nA.회원님도 생각 있으시면 첨삭 서비스 꼭 한 번 이용하시길 바랍니다\nB.네 그러려고요 감사합니다 수고하세요",
        "lines": [
          {
            "id": 1,
            "text": "A.기분좋은 아침입니다 #@소속# 상담원 #@이름#입니다",
            "norm_text": "A.기분좋은 아침입니다 #@소속# 상담원 #@이름#입니다",
            "speaker": {
              "id": "A",
              "sex": "여성",
              "age": "1그룹(10대~20대)"
            },
            "speechAct": "인사하기",
            "morpheme": "A/SL+./SY+기분/NNG+좋/VA+은/ETM+아침/NNG+입니다/VCP+EF+#/SY+@/SY+소속/NNG+#/SY+상담원/NNG+#/SY+@/SY+이름/NNG+#/SY+입니다/VCP+EC"
          },
          {
            "id": 2,
            "text": "B.아 안녕하세요 거기 무슨 첨삭 서비스 이런게 있다고 하던데요",
            "norm_text": "B.아 안녕하세요 거기 무슨 첨삭 서비스 이런게 있다고 하던데요",
            "speaker": {
              "id": "B",
              "sex": "남성",
              "age": "1그룹(10대~20대)"
            },
            "speechAct": "진술하기",
            "morpheme": "B/SL+아/IC+안녕/NNG+하/XSV+세요/EP+EF+거기/NP+무슨/MM+첨삭/NNG+서비스/NNG+이런/MM+게/NNB+JKS+있/VA+다고/EC+하/VV+던데요/EC"
          },
          {
            "id": 3,
            "text": "A.네 저희 #@소속#에는 매일 매일 첨삭 서비스가 있습니다",
            "norm_text": "A.네 저희 #@소속#에는 매일 매일 첨삭 서비스가 있습니다",
            "speaker": {
              "id": "A",
              "sex": "여성",
              "age": "1그룹(10대~20대)"
            },
            "speechAct": "진술하기",
            "morpheme": "A/SL+네/IC+저희/NP+#/SY+@/SY+소속/NNG+#/SY+에/JKB+는/JX+매일/MAG+매일/MAG+첨삭/NNG+서비스/NNG+가/JKS+있/VA+습니다/EF"
          },
          {
            "id": 4,
            "text": "B.그게 뭔지 좀 설명해주시겠어요 궁금해서요",
            "norm_text": "B.그게 뭔지 좀 설명해주시겠어요 궁금해서요",
            "speaker": {
              "id": "B",
              "sex": "남성",
              "age": "1그룹(10대~20대)"
            },
            "speechAct": "질문하기",
            "morpheme": "B/SL+그게/NP+JKS+뭔지/NP+VCP+EC+좀/MAG+설명/NNG+해/XSV+EC+주/VX+시/EP+겠/EP+어요/EF+궁금/XR+해서/XSA+EC+VCP+요/EC"
          },
          {
            "id": 5,
            "text": "A.1일 1회 A4 2장까지 대용량 첨삭을 무료로 제공해드립니다",
            "norm_text": "A.1일 1회 A4 2장까지 대용량 첨삭을 무료로 제공해드립니다",
            "speaker": {
              "id": "A",
              "sex": "여성",
              "age": "1그룹(10대~20대)"
            },
            "speechAct": "진술하기",
            "morpheme": "A/SL+./SY+1/SN+일/NNBC+1/SN+회/NNBC+A/SL+42/SN+장/NNBC+까지/JX+대용량/NNG+첨삭/NNG+을/JKO+무료/NNG+로/JKB+제공/NNG+해/XSV+EC+드립니다/VX+EC"
          },
          {
            "id": 6,
            "text": "B.헉 하루에 한번인데 에이포용지 두장 정도를 그냥 첨삭해준다고요",
            "norm_text": "B.헉 하루에 한번인데 에이포용지 두장 정도를 그냥 첨삭해준다고요",
            "speaker": {
              "id": "B",
              "sex": "남성",
              "age": "1그룹(10대~20대)"
            },
            "speechAct": "질문하기",
            "morpheme": "B/SL+헉/IC+하루/NNG+에/JKB+한/MM+번/NNBC+인/VCP+ETM+데/NNB+에/JKB+이포/NNG+용지/NNG+두장/NNG+정도/NNG+를/JKO+그냥/MAG+첨삭/NNG+해준다/XSV+EC+VX+EC+고요/NNG"
          },
          {
            "id": 7,
            "text": "A.네 그렇습니다 그래서 많은 분들이 이용하고 계세요",
            "norm_text": "A.네 그렇습니다 그래서 많은 분들이 이용하고 계세요",
            "speaker": {
              "id": "A",
              "sex": "여성",
              "age": "1그룹(10대~20대)"
            },
            "speechAct": "진술하기",
            "morpheme": "A/SL+네/IC+그렇/VA+습니다/EF+그래서/MAJ+많/VA+은/ETM+분/NNB+들/XSN+이/JKS+이용/NNG+하/XSV+고/EC+계세요/VX+EC"
          },
          {
            "id": 8,
            "text": "B.그렇게 하면 작문 실력은 뭐 걱정없겠네요",
            "norm_text": "B.그렇게 하면 작문 실력은 뭐 걱정없겠네요",
            "speaker": {
              "id": "B",
              "sex": "남성",
              "age": "1그룹(10대~20대)"
            },
            "speechAct": "긍정감정표현하기(칭찬하기 포함)",
            "morpheme": "B/SL+그렇게/MAG+하/VV+면/EC+작문/NNG+실력/NNG+은/JX+뭐/IC+걱정/NNG+없/VA+겠/EP+네요/EC"
          },
          {
            "id": 9,
            "text": "A.네 많은 분들이 첨삭 서비스를 통해서 작문 실력을 향상시키고 있습니다",
            "norm_text": "A.네 많은 분들이 첨삭 서비스를 통해서 작문 실력을 향상시키고 있습니다",
            "speaker": {
              "id": "A",
              "sex": "여성",
              "age": "1그룹(10대~20대)"
            },
            "speechAct": "진술하기",
            "morpheme": "A/SL+네/IC+많/VA+은/ETM+분/NNB+들/XSN+이/JKS+첨삭/NNG+서비스/NNG+를/JKO+통해서/VV+EC+작문/NNG+실력/NNG+을/JKO+향상/NNG+시키/XSV+고/EC+있/VX+습니다/EF"
          },
          {
            "id": 10,
            "text": "A.회원님도 생각 있으시면 첨삭 서비스 꼭 한 번 이용하시길 바랍니다",
            "norm_text": "A.회원님도 생각 있으시면 첨삭 서비스 꼭 한 번 이용하시길 바랍니다",
            "speaker": {
              "id": "A",
              "sex": "여성",
              "age": "1그룹(10대~20대)"
            },
            "speechAct": "주장하기",
            "morpheme": "A/SL+./SY+회원/NNG+님/XSN+도/JX+생각/NNG+있/VV+으시/EP+면/EC+첨삭/NNG+서비스/NNG+꼭/MAG+한번/MAG+이용/NNG+하/XSV+시/EP+길/ETN+JKO+바랍니다/VV+EC"
          },
          {
            "id": 11,
            "text": "B.네 그러려고요 감사합니다 수고하세요",
            "norm_text": "B.네 그러려고요 감사합니다 수고하세요",
            "speaker": {
              "id": "B",
              "sex": "남성",
              "age": "1그룹(10대~20대)"
            },
            "speechAct": "인사하기",
            "morpheme": "B/SL+네/IC+그러/VV+려고요/EC+감사/NNG+합니다/XSV+EF+수고/NNG+하/XSV+세요/EP+EF"
          }
        ]
      }
    }
  ]
}