{
  "dataset": {
    "identifier": 141030,
    "name": "e1_20211115_0006_0687_01",
    "src_path": "/data/file/cubeManager/PROJECT018/91/txt20211110140013024234/e1_20211115_0006_0687_01/",
    "label_path": "/data/file/cubeManager/PROJECT018/91/txt20211110140013024234/e1_20211115_0006_0687_01/",
    "category": 2,
    "type": 0
  },
  "licenses": {
    "name": "Apache License 1.0",
    "url": "http://www.apache.org/licenses/LICENSE-1.0"
  },
  "info": [
    {
      "id": 158933,
      "filename": "e1_0071_0129_02.txt",
      "title": "e1_0071_0129_02",
      "mediatype": "콜센터",
      "medianame": "콜센터",
      "category": "목적대화",
      "date": "2021-11-10",
      "size": 339,
      "annotations": {
        "subject": "프로그램 문의",
        "speaker_type": "1:1",
        "size": 339,
        "word_size": 77,
        "text": "A.기쁨을 전하는 #@소속# 상담원 #@이름# 입니다\nB.안녕하세요 보육학 대면수업 일정이 있다고 들었는데요\nB.보육학 대면수업은 어디서 하는지 문의드립니다\nA.네 대면수업은 #@소속# 본교에서 할 예정입니다\nB.아 네 한가지만 더 여쭤봐도 될까요\nA.네 고객님 편하게 문의 주세요\nB.교목실 홈페이지에 학생 상담 코너를 이용할려고 하는데요\nB.글 내용을 비공개로 처리 가능한지 해서요\nA.아 죄송하게도 비공개 처리는 어려우시구요 공개 또는 삭제만 가능하십니다\nB.음 그렇군요 알겠습니다\nA.네 고객님 다른 문의사항은 없으신가요\nB.네 없습니다 수고하세요\nA.네 오늘 하루도 기분 좋은 하루 보내세요 상담원 #@이름# 이었습니다",
        "lines": [
          {
            "id": 1,
            "text": "A.기쁨을 전하는 #@소속# 상담원 #@이름# 입니다",
            "norm_text": "A.기쁨을 전하는 #@소속# 상담원 #@이름# 입니다",
            "speaker": {
              "id": "A",
              "sex": "여성",
              "age": "2그룹(30대~40대)"
            },
            "speechAct": "인사하기",
            "morpheme": "A/SL+./SY+기쁨/NNG+을/JKO+전하/VV+는/ETM+#/SY+@/SY+소속/NNG+#/SY+상담원/NNG+#/SY+@/SY+이름/NNG+#/SY+입니다/VCP+EC"
          },
          {
            "id": 2,
            "text": "B.안녕하세요 보육학 대면수업 일정이 있다고 들었는데요",
            "norm_text": "B.안녕하세요 보육학 대면수업 일정이 있다고 들었는데요",
            "speaker": {
              "id": "B",
              "sex": "남성",
              "age": "2그룹(30대~40대)"
            },
            "speechAct": "진술하기",
            "morpheme": "B/SL+./SY+안녕/NNG+하/XSV+세요/EP+EF+보육/NNG+학대/NNG+면/VCP+EC+수업/NNG+일정/NNG+이/JKS+있/VV+다고/EC+들/VX+었/EP+는데요/EC"
          },
          {
            "id": 3,
            "text": "B.보육학 대면수업은 어디서 하는지 문의드립니다",
            "norm_text": "B.보육학 대면수업은 어디서 하는지 문의드립니다",
            "speaker": {
              "id": "B",
              "sex": "남성",
              "age": "2그룹(30대~40대)"
            },
            "speechAct": "진술하기",
            "morpheme": "B/SL+./SY+보육/NNG+학대/NNG+면/VCP+EC+수업/NNG+은/JX+어디/NP+서/JKB+하/VV+는/ETM+지문/NNG+의/JKG+드립니다/VV+EC"
          },
          {
            "id": 4,
            "text": "A.네 대면수업은 #@소속# 본교에서 할 예정입니다",
            "norm_text": "A.네 대면수업은 #@소속# 본교에서 할 예정입니다",
            "speaker": {
              "id": "A",
              "sex": "여성",
              "age": "2그룹(30대~40대)"
            },
            "speechAct": "진술하기",
            "morpheme": "A/SL+네/IC+대면/NNG+수업/NNG+은/JX+#/SY+@/SY+소속/NNG+#/SY+본교/NNG+에서/JKB+할/VV+ETM+예정/NNG+입니다/VCP+EC"
          },
          {
            "id": 5,
            "text": "B.아 네 한가지만 더 여쭤봐도 될까요",
            "norm_text": "B.아 네 한가지만 더 여쭤봐도 될까요",
            "speaker": {
              "id": "B",
              "sex": "남성",
              "age": "2그룹(30대~40대)"
            },
            "speechAct": "질문하기",
            "morpheme": "B/SL+아/IC+네/IC+한/MM+가지/NNBC+만/JX+더/MAG+여쭤봐도/VV+EC+VX+EC+될까요/VV+EC"
          },
          {
            "id": 6,
            "text": "A.네 고객님 편하게 문의 주세요",
            "norm_text": "A.네 고객님 편하게 문의 주세요",
            "speaker": {
              "id": "A",
              "sex": "여성",
              "age": "2그룹(30대~40대)"
            },
            "speechAct": "진술하기",
            "morpheme": "A/SL+네/IC+고객/NNG+님/XSN+편하/VA+게/EC+문/NNG+의/JKG+주세요/NNP"
          },
          {
            "id": 7,
            "text": "B.교목실 홈페이지에 학생 상담 코너를 이용할려고 하는데요",
            "norm_text": "B.교목실 홈페이지에 학생 상담 코너를 이용할려고 하는데요",
            "speaker": {
              "id": "B",
              "sex": "남성",
              "age": "2그룹(30대~40대)"
            },
            "speechAct": "진술하기",
            "morpheme": "B/SL+./SY+교목/NNG+실/NNG+홈페이지/NNG+에/JKB+학생/NNG+상담/NNG+코너/NNG+를/JKO+이용/NNG+할려고/XSV+EC+하/VV+는데요/EC"
          },
          {
            "id": 8,
            "text": "B.글 내용을 비공개로 처리 가능한지 해서요",
            "norm_text": "B.글 내용을 비공개로 처리 가능한지 해서요",
            "speaker": {
              "id": "B",
              "sex": "남성",
              "age": "2그룹(30대~40대)"
            },
            "speechAct": "진술하기",
            "morpheme": "B/SL+./SY+글/NNG+내용/NNG+을/JKO+비/XPN+공개/NNG+로/JKB+처리/NNG+가능/NNG+한지/XSA+EC+해서/VX+EC+VCP+요/EC"
          },
          {
            "id": 9,
            "text": "A.아 죄송하게도 비공개 처리는 어려우시구요 공개 또는 삭제만 가능하십니다",
            "norm_text": "A.아 죄송하게도 비공개 처리는 어려우시구요 공개 또는 삭제만 가능하십니다",
            "speaker": {
              "id": "A",
              "sex": "여성",
              "age": "2그룹(30대~40대)"
            },
            "speechAct": "사과하기",
            "morpheme": "A/SL+아/IC+죄송/XR+하/XSA+게/EC+도/JX+비/XPN+공개/NNG+처리/NNG+는/JX+어려우/VA+시/EP+구요/EF+공개/NNG+또는/MAJ+삭제/NNG+만/JX+가능/NNG+하/XSV+십니다/EP+EC"
          },
          {
            "id": 10,
            "text": "B.음 그렇군요 알겠습니다",
            "norm_text": "B.음 그렇군요 알겠습니다",
            "speaker": {
              "id": "B",
              "sex": "남성",
              "age": "2그룹(30대~40대)"
            },
            "speechAct": "진술하기",
            "morpheme": "B/SL+음/IC+그렇/VA+군요/EC+알/VV+겠/EP+습니다/EF"
          },
          {
            "id": 11,
            "text": "A.네 고객님 다른 문의사항은 없으신가요",
            "norm_text": "A.네 고객님 다른 문의사항은 없으신가요",
            "speaker": {
              "id": "A",
              "sex": "여성",
              "age": "2그룹(30대~40대)"
            },
            "speechAct": "질문하기",
            "morpheme": "A/SL+네/IC+고객/NNG+님/XSN+다른/MM+문/NNG+의/JKG+사항/NNG+은/JX+없/VA+으신/EP+ETM+가요/NNG"
          },
          {
            "id": 12,
            "text": "B.네 없습니다 수고하세요",
            "norm_text": "B.네 없습니다 수고하세요",
            "speaker": {
              "id": "B",
              "sex": "남성",
              "age": "2그룹(30대~40대)"
            },
            "speechAct": "인사하기",
            "morpheme": "B/SL+네/IC+없/VA+습니다/EF+수고/NNG+하/XSV+세요/EP+EF"
          },
          {
            "id": 13,
            "text": "A.네 오늘 하루도 기분 좋은 하루 보내세요 상담원 #@이름# 이었습니다",
            "norm_text": "A.네 오늘 하루도 기분 좋은 하루 보내세요 상담원 #@이름# 이었습니다",
            "speaker": {
              "id": "A",
              "sex": "여성",
              "age": "2그룹(30대~40대)"
            },
            "speechAct": "진술하기",
            "morpheme": "A/SL+네/IC+오늘/MAG+하루/NNG+도/JX+기분/NNG+좋/VA+은/ETM+하루/NNG+보내/VV+세요/EP+EF+상담원/NNG+#/SY+@/SY+이름/NNG+#/SY+이/VCP+었/EP+습니다/EF"
          }
        ]
      }
    }
  ]
}