{
  "dataset": {
    "identifier": 140955,
    "name": "e1_20211115_0006_0617_01",
    "src_path": "/data/file/cubeManager/PROJECT018/91/txt20211110140009010997/e1_20211115_0006_0617_01/",
    "label_path": "/data/file/cubeManager/PROJECT018/91/txt20211110140009010997/e1_20211115_0006_0617_01/",
    "category": 2,
    "type": 0
  },
  "licenses": {
    "name": "Apache License 1.0",
    "url": "http://www.apache.org/licenses/LICENSE-1.0"
  },
  "info": [
    {
      "id": 158396,
      "filename": "e1_0069_0039_02.txt",
      "title": "e1_0069_0039_02",
      "mediatype": "콜센터",
      "medianame": "콜센터",
      "category": "목적대화",
      "date": "2021-11-10",
      "size": 374,
      "annotations": {
        "subject": "프로그램 문의",
        "speaker_type": "1:1",
        "size": 374,
        "word_size": 88,
        "text": "A.화창한 아침입니다 #@소속# 상담원 #@이름#입니다\nB.학생부 평가 프로그램 단품 구입했는데 이용 프로세스가 어떻게 되나요\nA.상품 구입하시면 우선 담당자가 별도로 해피콜을 진행 드리는데요\nA.이때 학생부 등록 방법 등 이용 안내를 해드려요\nB.네 그럼 전반적인 것만 알려주세요\nA.예 그 후에 학생부를 입력하시면요\nA.학생부 전문 컨설턴트가 1차 평가 후 점수화하시고요\nA.그 내용을 또 다른 평가자가 검토해서 최종 평가를 하시게 됩니다\nB.교차 평가 결과는 어디서 볼 수 있어요\nA.결과는 나의 학습방에서 언제든 열람 가능하세요\nA.그다음에 Full 상품이신 경우에는 1 대 1 전화 컨설팅이 추가 제공됩니다\nB.네 자세한 설명 감사합니다\nA.감사합니다 #@소속# #@이름#이었습니다",
        "lines": [
          {
            "id": 1,
            "text": "A.화창한 아침입니다 #@소속# 상담원 #@이름#입니다",
            "norm_text": "A.화창한 아침입니다 #@소속# 상담원 #@이름#입니다",
            "speaker": {
              "id": "A",
              "sex": "여성",
              "age": "2그룹(30대~40대)"
            },
            "speechAct": "인사하기",
            "morpheme": "A/SL+화창/XR+한/XSA+ETM+아침/NNG+입니다/VCP+EF+#/SY+@/SY+소속/NNG+#/SY+상담원/NNG+#/SY+@/SY+이름/NNG+#/SY+입니다/VCP+EC"
          },
          {
            "id": 2,
            "text": "B.학생부 평가 프로그램 단품 구입했는데 이용 프로세스가 어떻게 되나요",
            "norm_text": "B.학생부 평가 프로그램 단품 구입했는데 이용 프로세스가 어떻게 되나요",
            "speaker": {
              "id": "B",
              "sex": "남성",
              "age": "2그룹(30대~40대)"
            },
            "speechAct": "질문하기",
            "morpheme": "B/SL+./SY+학생/NNG+부평/NNG+가프/NNG+로/JKB+그램/NNG+단/MM+품/NNG+구입/NNG+했/XSV+EP+는데/EC+이용/NNG+프로세스/NNG+가/JKS+어떻게/MAG+되/VV+나요/EC"
          },
          {
            "id": 3,
            "text": "A.상품 구입하시면 우선 담당자가 별도로 해피콜을 진행 드리는데요",
            "norm_text": "A.상품 구입하시면 우선 담당자가 별도로 해피콜을 진행 드리는데요",
            "speaker": {
              "id": "A",
              "sex": "여성",
              "age": "2그룹(30대~40대)"
            },
            "speechAct": "진술하기",
            "morpheme": "A/SL+./SY+상품/NNG+구입/NNG+하/XSV+시/EP+면/EC+우선/MAG+담당자/NNG+가/JKS+별도/NNG+로/JKB+해피콜/NNP+을/JKO+진행/NNG+드리/VV+는데요/EC"
          },
          {
            "id": 4,
            "text": "A.이때 학생부 등록 방법 등 이용 안내를 해드려요",
            "norm_text": "A.이때 학생부 등록 방법 등 이용 안내를 해드려요",
            "speaker": {
              "id": "A",
              "sex": "여성",
              "age": "2그룹(30대~40대)"
            },
            "speechAct": "진술하기",
            "morpheme": "A/SL+./SY+이때/NNG+학생/NNG+부/NNG+등록/NNG+방법/NNG+등/NNB+이용/NNG+안내/NNG+를/JKO+해/VV+EC+드려요/VV+EC"
          },
          {
            "id": 5,
            "text": "B.네 그럼 전반적인 것만 알려주세요",
            "norm_text": "B.네 그럼 전반적인 것만 알려주세요",
            "speaker": {
              "id": "B",
              "sex": "남성",
              "age": "2그룹(30대~40대)"
            },
            "speechAct": "명령하기/요구하기",
            "morpheme": "B/SL+네/IC+그럼/MAJ+전반/NNG+적/XSN+인/VCP+ETM+것/NNB+만/JX+알려/VV+EC+주/VX+세요/EP+EF"
          },
          {
            "id": 6,
            "text": "A.예 그 후에 학생부를 입력하시면요",
            "norm_text": "A.예 그 후에 학생부를 입력하시면요",
            "speaker": {
              "id": "A",
              "sex": "여성",
              "age": "2그룹(30대~40대)"
            },
            "speechAct": "진술하기",
            "morpheme": "A/SL+예/IC+그/MM+후/NNG+에/JKB+학생/NNG+부를/VV+ETM+입력/NNG+하/XSV+시/EP+면/EC+요/JX"
          },
          {
            "id": 7,
            "text": "A.학생부 전문 컨설턴트가 1차 평가 후 점수화하시고요",
            "norm_text": "A.학생부 전문 컨설턴트가 1차 평가 후 점수화하시고요",
            "speaker": {
              "id": "A",
              "sex": "여성",
              "age": "2그룹(30대~40대)"
            },
            "speechAct": "진술하기",
            "morpheme": "A/SL+./SY+학생/NNG+부/NNG+전문/NNG+컨설턴트/NNG+가/JKS+1/SN+차/NNBC+평가/NNG+후/NNG+점수/NNG+화/XSN+하/XSV+시/EP+고요/EC"
          },
          {
            "id": 8,
            "text": "A.그 내용을 또 다른 평가자가 검토해서 최종 평가를 하시게 됩니다",
            "norm_text": "A.그 내용을 또 다른 평가자가 검토해서 최종 평가를 하시게 됩니다",
            "speaker": {
              "id": "A",
              "sex": "여성",
              "age": "2그룹(30대~40대)"
            },
            "speechAct": "진술하기",
            "morpheme": "A/SL+그/MM+내용/NNG+을/JKO+또/MAG+다른/MM+평가/NNG+자/XSN+가/JKS+검토/NNG+해서/XSV+EC+최종/NNG+평가/NNG+를/JKO+하/VV+시/EP+게/EC+됩니다/VX+EC"
          },
          {
            "id": 9,
            "text": "B.교차 평가 결과는 어디서 볼 수 있어요",
            "norm_text": "B.교차 평가 결과는 어디서 볼 수 있어요",
            "speaker": {
              "id": "B",
              "sex": "남성",
              "age": "2그룹(30대~40대)"
            },
            "speechAct": "질문하기",
            "morpheme": "B/SL+./SY+교차/NNG+평가/NNG+결과/NNG+는/JX+어디/NP+서/JKB+볼/VV+ETM+수/NNB+있/VV+어요/EF"
          },
          {
            "id": 10,
            "text": "A.결과는 나의 학습방에서 언제든 열람 가능하세요",
            "norm_text": "A.결과는 나의 학습방에서 언제든 열람 가능하세요",
            "speaker": {
              "id": "A",
              "sex": "여성",
              "age": "2그룹(30대~40대)"
            },
            "speechAct": "진술하기",
            "morpheme": "A/SL+./SY+결과/NNG+는/JX+나/NP+의/JKG+학습/NNG+방/NNG+에서/JKB+언제/NP+든/VCP+EC+열람/NNG+가능/NNG+하/XSV+세요/EP+EF"
          },
          {
            "id": 11,
            "text": "A.그다음에 Full 상품이신 경우에는 1 대 1 전화 컨설팅이 추가 제공됩니다",
            "norm_text": "A.그다음에 Full 상품이신 경우에는 1 대 1 전화 컨설팅이 추가 제공됩니다",
            "speaker": {
              "id": "A",
              "sex": "여성",
              "age": "2그룹(30대~40대)"
            },
            "speechAct": "진술하기",
            "morpheme": "A/SL+그/MM+다음/NNG+에/JKB+Full/SL+상품/NNG+이/VCP+신/EP+ETM+경우/NNG+에/JKB+는/JX+1/SN+대/NNBC+1/SN+전화/NNG+컨설팅/NNG+이/JKS+추가/NNG+제공/NNG+됩니다/XSV+EC"
          },
          {
            "id": 12,
            "text": "B.네 자세한 설명 감사합니다",
            "norm_text": "B.네 자세한 설명 감사합니다",
            "speaker": {
              "id": "B",
              "sex": "남성",
              "age": "2그룹(30대~40대)"
            },
            "speechAct": "감사하기",
            "morpheme": "B/SL+네/IC+자세/XR+한/XSA+ETM+설명/NNG+감사/NNG+합니다/XSV+EC"
          },
          {
            "id": 13,
            "text": "A.감사합니다 #@소속# #@이름#이었습니다",
            "norm_text": "A.감사합니다 #@소속# #@이름#이었습니다",
            "speaker": {
              "id": "A",
              "sex": "여성",
              "age": "2그룹(30대~40대)"
            },
            "speechAct": "인사하기",
            "morpheme": "A/SL+./SY+감사/NNG+합니다/XSV+EF+#/SY+@/SY+소속/NNG+#/SY+#/SY+@/SY+이름/NNG+#/SY+이/VCP+었/EP+습니다/EF"
          }
        ]
      }
    }
  ]
}