{
  "dataset": {
    "identifier": 140048,
    "name": "e1_20211115_0006_0417_01",
    "src_path": "/data/file/cubeManager/PROJECT018/91/txt202111101400040894109/e1_20211115_0006_0417_01/",
    "label_path": "/data/file/cubeManager/PROJECT018/91/txt202111101400040894109/e1_20211115_0006_0417_01/",
    "category": 2,
    "type": 0
  },
  "licenses": {
    "name": "Apache License 1.0",
    "url": "http://www.apache.org/licenses/LICENSE-1.0"
  },
  "info": [
    {
      "id": 157893,
      "filename": "e1_0067_0034_02.txt",
      "title": "e1_0067_0034_02",
      "mediatype": "콜센터",
      "medianame": "콜센터",
      "category": "목적대화",
      "date": "2021-11-10",
      "size": 305,
      "annotations": {
        "subject": "프로그램 문의",
        "speaker_type": "1:1",
        "size": 305,
        "word_size": 81,
        "text": "A. 안녕하세요 #@소속#입니다\nB. 안녕하세요 저 강좌 문의 좀 할게요\nA. 네 고객님 어떤 부분 궁금하신가요\nB. 제가 다른 것보다 면접이 취약한 편이라서요\nB. 거기 혹시 면접 강좌 있을까요\nA. 면접강좌는 #@소속#에만 개설되어 있습니다\nB. 아 접수 언제부터 할 수 있는건가요\nA. 1차는 마감됐고 2차 강좌는 이번주 수요일입니다\nB. 혹시 접수 연계되있으면 지금 예약해주실 수 있나요\nA. 죄송합니다만 #@소속#에서 전화예약 해주시구요\nA. 예약 하신 후에 방문 접수 하시면 됩니다\nB. 아 네 그럼 제가 따로 전화해볼게요\nA. 감사합니다 좋은 하루 되세요",
        "lines": [
          {
            "id": 1,
            "text": "A. 안녕하세요 #@소속#입니다",
            "norm_text": "A. 안녕하세요 #@소속#입니다",
            "speaker": {
              "id": "A",
              "sex": "여성",
              "age": "1그룹(10대~20대)"
            },
            "speechAct": "인사하기",
            "morpheme": "A/SL+./SY+안녕/NNG+하/XSV+세요/EP+EF+#/SY+@/SY+소속/NNG+#/SY+입니다/VCP+EC"
          },
          {
            "id": 2,
            "text": "B. 안녕하세요 저 강좌 문의 좀 할게요",
            "norm_text": "B. 안녕하세요 저 강좌 문의 좀 할게요",
            "speaker": {
              "id": "B",
              "sex": "남성",
              "age": "1그룹(10대~20대)"
            },
            "speechAct": "진술하기",
            "morpheme": "B/SL+./SY+안녕/NNG+하/XSV+세요/EP+EF+저/MM+강좌/NNG+문/NNG+의/JKG+좀/MAG+할게요/VV+EC"
          },
          {
            "id": 3,
            "text": "A. 네 고객님 어떤 부분 궁금하신가요",
            "norm_text": "A. 네 고객님 어떤 부분 궁금하신가요",
            "speaker": {
              "id": "A",
              "sex": "여성",
              "age": "1그룹(10대~20대)"
            },
            "speechAct": "질문하기",
            "morpheme": "A/SL+네/IC+고객/NNG+님/XSN+어떤/MM+부분/NNG+궁금/XR+하/XSA+신가요/EP+EC"
          },
          {
            "id": 4,
            "text": "B. 제가 다른 것보다 면접이 취약한 편이라서요",
            "norm_text": "B. 제가 다른 것보다 면접이 취약한 편이라서요",
            "speaker": {
              "id": "B",
              "sex": "남성",
              "age": "1그룹(10대~20대)"
            },
            "speechAct": "진술하기",
            "morpheme": "B/SL+제/NP+가/JKS+다른/VA+ETM+것/NNB+보다/JKB+면접/NNG+이/JKS+취약/XR+한/XSA+ETM+편/NNB+이/VCP+라서요/EC"
          },
          {
            "id": 5,
            "text": "B. 거기 혹시 면접 강좌 있을까요",
            "norm_text": "B. 거기 혹시 면접 강좌 있을까요",
            "speaker": {
              "id": "B",
              "sex": "남성",
              "age": "1그룹(10대~20대)"
            },
            "speechAct": "질문하기",
            "morpheme": "B/SL+거기/NP+혹시/MAG+면접/NNG+강좌/NNG+있/VV+을까요/EC"
          },
          {
            "id": 6,
            "text": "A. 면접강좌는 #@소속#에만 개설되어 있습니다",
            "norm_text": "A. 면접강좌는 #@소속#에만 개설되어 있습니다",
            "speaker": {
              "id": "A",
              "sex": "여성",
              "age": "1그룹(10대~20대)"
            },
            "speechAct": "진술하기",
            "morpheme": "A/SL+./SY+면접/NNG+강좌/NNG+는/JX+#/SY+@/SY+소속/NNG+#/SY+에/JKB+만/JX+개설/NNG+되/XSV+어/EC+있/VX+습니다/EF"
          },
          {
            "id": 7,
            "text": "B. 아 접수 언제부터 할 수 있는건가요",
            "norm_text": "B. 아 접수 언제부터 할 수 있는건가요",
            "speaker": {
              "id": "B",
              "sex": "남성",
              "age": "1그룹(10대~20대)"
            },
            "speechAct": "질문하기",
            "morpheme": "B/SL+아/IC+접수/NNG+언제/NP+부터/JX+할/VV+ETM+수/NNB+있/VV+는/ETM+건가요/NNB+VCP+EC"
          },
          {
            "id": 8,
            "text": "A. 1차는 마감됐고 2차 강좌는 이번주 수요일입니다",
            "norm_text": "A. 1차는 마감됐고 2차 강좌는 이번주 수요일입니다",
            "speaker": {
              "id": "A",
              "sex": "여성",
              "age": "1그룹(10대~20대)"
            },
            "speechAct": "진술하기",
            "morpheme": "A/SL+./SY+1/SN+차/NNBC+는/JX+마감/NNG+됐/XSV+EP+고/EC+2/SN+차/NNBC+강좌/NNG+는/JX+이번/NNG+주/NNG+수요일/NNG+입니다/VCP+EC"
          },
          {
            "id": 9,
            "text": "B. 혹시 접수 연계되있으면 지금 예약해주실 수 있나요",
            "norm_text": "B. 혹시 접수 연계되있으면 지금 예약해주실 수 있나요",
            "speaker": {
              "id": "B",
              "sex": "남성",
              "age": "1그룹(10대~20대)"
            },
            "speechAct": "질문하기",
            "morpheme": "B/SL+혹시/MAG+접수/NNG+연계/NNG+되/XSV+EC+있/VX+으면/EC+지금/MAG+예약/NNG+해/XSV+EC+주/VX+실/EP+ETM+수/NNB+있/VV+나요/EC"
          },
          {
            "id": 10,
            "text": "A. 죄송합니다만 #@소속#에서 전화예약 해주시구요",
            "norm_text": "A. 죄송합니다만 #@소속#에서 전화예약 해주시구요",
            "speaker": {
              "id": "A",
              "sex": "여성",
              "age": "1그룹(10대~20대)"
            },
            "speechAct": "명령하기/요구하기",
            "morpheme": "A/SL+죄송/XR+합니다만/XSA+EC+#/SY+@/SY+소속/NNG+#/SY+에서/JKB+전화/NNG+예약/NNG+해/XSV+EC+주/VX+시/EP+구요/EF"
          },
          {
            "id": 11,
            "text": "A. 예약 하신 후에 방문 접수 하시면 됩니다",
            "norm_text": "A. 예약 하신 후에 방문 접수 하시면 됩니다",
            "speaker": {
              "id": "A",
              "sex": "여성",
              "age": "1그룹(10대~20대)"
            },
            "speechAct": "진술하기",
            "morpheme": "A/SL+./SY+예약/NNG+하/XSV+신/EP+ETM+후/NNG+에/JKB+방문/NNG+접수/NNG+하/XSV+시/EP+면/EC+됩니다/VX+EC"
          },
          {
            "id": 12,
            "text": "B. 아 네 그럼 제가 따로 전화해볼게요",
            "norm_text": "B. 아 네 그럼 제가 따로 전화해볼게요",
            "speaker": {
              "id": "B",
              "sex": "남성",
              "age": "1그룹(10대~20대)"
            },
            "speechAct": "진술하기",
            "morpheme": "B/SL+아/IC+네/IC+그럼/MAJ+제/NP+가/JKS+따로/MAG+전화/NNG+해/XSV+EC+볼게요/VX+EF"
          },
          {
            "id": 13,
            "text": "A. 감사합니다 좋은 하루 되세요",
            "norm_text": "A. 감사합니다 좋은 하루 되세요",
            "speaker": {
              "id": "A",
              "sex": "여성",
              "age": "1그룹(10대~20대)"
            },
            "speechAct": "인사하기",
            "morpheme": "A/SL+./SY+감사/NNG+합니다/XSV+EF+좋/VA+은/ETM+하루/NNG+되/XSV+세요/EP+EF"
          }
        ]
      }
    }
  ]
}