{
  "dataset": {
    "identifier": 139635,
    "name": "e1_20211115_0006_0217_01",
    "src_path": "/data/file/cubeManager/PROJECT018/91/txt20211110140001098941/e1_20211115_0006_0217_01/",
    "label_path": "/data/file/cubeManager/PROJECT018/91/txt20211110140001098941/e1_20211115_0006_0217_01/",
    "category": 2,
    "type": 0
  },
  "licenses": {
    "name": "Apache License 1.0",
    "url": "http://www.apache.org/licenses/LICENSE-1.0"
  },
  "info": [
    {
      "id": 157560,
      "filename": "e1_0060_0081_02.txt",
      "title": "e1_0060_0081_02",
      "mediatype": "콜센터",
      "medianame": "콜센터",
      "category": "목적대화",
      "date": "2021-11-10",
      "size": 287,
      "annotations": {
        "subject": "프로그램 문의",
        "speaker_type": "1:1",
        "size": 287,
        "word_size": 70,
        "text": "A.합격을 기원합니다 #@소속# 고객센터 #@이름#입니다\nB.네 궁금한 게 있는데요\nA.네 고객님 편하게 말씀하세요\nB.제가 중간고사 대비 특강을 신청하려고 하는데요 여러 번 들을 수 있는 건가요\nA.네 고객님 구매하신 강좌는 횟수 제한 없이 반복 수강 가능하세요\nB.아 그래요 근데 수강 기간이 있잖아요\nA.네 물론 수강 기간 동안만 반복 수강하실 수 있으십니다\nB.그렇죠 혹시나 해서요\nA.네 고객님 다른 궁금하신 사항 없으실까요\nB.궁금한거 생기면 또 전화드릴게요 수고하세요\nA.네 좋은 하루 되세요 상담원 #@이름#이었습니다",
        "lines": [
          {
            "id": 1,
            "text": "A.합격을 기원합니다 #@소속# 고객센터 #@이름#입니다",
            "norm_text": "A.합격을 기원합니다 #@소속# 고객센터 #@이름#입니다",
            "speaker": {
              "id": "A",
              "sex": "여성",
              "age": "1그룹(10대~20대)"
            },
            "speechAct": "인사하기",
            "morpheme": "A/SL+./SY+합격/NNG+을/JKO+기원/NNG+합니다/XSV+EF+#/SY+@/SY+소속/NNG+#/SY+고객/NNG+센터/NNG+#/SY+@/SY+이름/NNG+#/SY+입니다/VCP+EC"
          },
          {
            "id": 2,
            "text": "B.네 궁금한 게 있는데요",
            "norm_text": "B.네 궁금한 게 있는데요",
            "speaker": {
              "id": "B",
              "sex": "남성",
              "age": "1그룹(10대~20대)"
            },
            "speechAct": "진술하기",
            "morpheme": "B/SL+네/IC+궁금/XR+한/XSA+ETM+게/NNB+JKS+있/VA+는데요/EC"
          },
          {
            "id": 3,
            "text": "A.네 고객님 편하게 말씀하세요",
            "norm_text": "A.네 고객님 편하게 말씀하세요",
            "speaker": {
              "id": "A",
              "sex": "여성",
              "age": "1그룹(10대~20대)"
            },
            "speechAct": "부탁하기",
            "morpheme": "A/SL+네/IC+고객/NNG+님/XSN+편하/VA+게/EC+말씀/NNG+하/XSV+세요/EP+EF"
          },
          {
            "id": 4,
            "text": "B.제가 중간고사 대비 특강을 신청하려고 하는데요 여러 번 들을 수 있는 건가요",
            "norm_text": "B.제가 중간고사 대비 특강을 신청하려고 하는데요 여러 번 들을 수 있는 건가요",
            "speaker": {
              "id": "B",
              "sex": "남성",
              "age": "1그룹(10대~20대)"
            },
            "speechAct": "질문하기",
            "morpheme": "B/SL+제/NP+가/JKS+중간고사/NNG+대비/NNG+특강/NNG+을/JKO+신청/NNG+하/XSV+려고/EC+하/VX+는데요/EF+여러/MM+번/NNBC+들/VV+을/ETM+수/NNB+있/VV+는/ETM+건가요/NNB+VCP+EC"
          },
          {
            "id": 5,
            "text": "A.네 고객님 구매하신 강좌는 횟수 제한 없이 반복 수강 가능하세요",
            "norm_text": "A.네 고객님 구매하신 강좌는 횟수 제한 없이 반복 수강 가능하세요",
            "speaker": {
              "id": "A",
              "sex": "여성",
              "age": "1그룹(10대~20대)"
            },
            "speechAct": "진술하기",
            "morpheme": "A/SL+네/IC+고객/NNG+님/XSN+구매/NNG+하/XSV+신/EP+ETM+강좌/NNG+는/JX+횟수제/NNG+한/XSA+ETM+없이/MAG+반복/NNG+수강/NNG+가능/NNG+하/XSV+세요/EP+EF"
          },
          {
            "id": 6,
            "text": "B.아 그래요 근데 수강 기간이 있잖아요",
            "norm_text": "B.아 그래요 근데 수강 기간이 있잖아요",
            "speaker": {
              "id": "B",
              "sex": "남성",
              "age": "1그룹(10대~20대)"
            },
            "speechAct": "질문하기",
            "morpheme": "B/SL+아/IC+그래요/VV+EF+근데/MAJ+수강/NNG+기간/NNG+이/JKS+있/VV+잖아요/EC"
          },
          {
            "id": 7,
            "text": "A.네 물론 수강 기간 동안만 반복 수강하실 수 있으십니다",
            "norm_text": "A.네 물론 수강 기간 동안만 반복 수강하실 수 있으십니다",
            "speaker": {
              "id": "A",
              "sex": "여성",
              "age": "1그룹(10대~20대)"
            },
            "speechAct": "진술하기",
            "morpheme": "A/SL+네/IC+물론/MAG+수강/NNG+기간/NNG+동안/NNG+만/JX+반복/NNG+수강/NNG+하/XSV+실/EP+ETM+수/NNB+있/VV+으십니다/EP+EP+EF"
          },
          {
            "id": 8,
            "text": "B.그렇죠 혹시나 해서요",
            "norm_text": "B.그렇죠 혹시나 해서요",
            "speaker": {
              "id": "B",
              "sex": "남성",
              "age": "1그룹(10대~20대)"
            },
            "speechAct": "진술하기",
            "morpheme": "B/SL+그렇/VA+죠/EF+혹시나/MAG+해서/XSA+EC+VCP+요/EC"
          },
          {
            "id": 9,
            "text": "A.네 고객님 다른 궁금하신 사항 없으실까요",
            "norm_text": "A.네 고객님 다른 궁금하신 사항 없으실까요",
            "speaker": {
              "id": "A",
              "sex": "여성",
              "age": "1그룹(10대~20대)"
            },
            "speechAct": "질문하기",
            "morpheme": "A/SL+네/IC+고객/NNG+님/XSN+다른/MM+궁금/XR+하/XSA+신/EP+ETM+사항/NNG+없/VA+으실까/EP+EP+EF+요/MM"
          },
          {
            "id": 10,
            "text": "B.궁금한거 생기면 또 전화드릴게요 수고하세요",
            "norm_text": "B.궁금한거 생기면 또 전화드릴게요 수고하세요",
            "speaker": {
              "id": "B",
              "sex": "남성",
              "age": "1그룹(10대~20대)"
            },
            "speechAct": "인사하기",
            "morpheme": "B/SL+궁금/XR+한/XSA+ETM+거/NNB+생기/VV+면/EC+또/MAG+전화/NNG+드릴게요/VV+EC+수고/NNG+하/XSV+세요/EP+EF"
          },
          {
            "id": 11,
            "text": "A.네 좋은 하루 되세요 상담원 #@이름#이었습니다",
            "norm_text": "A.네 좋은 하루 되세요 상담원 #@이름#이었습니다",
            "speaker": {
              "id": "A",
              "sex": "여성",
              "age": "1그룹(10대~20대)"
            },
            "speechAct": "인사하기",
            "morpheme": "A/SL+네/IC+좋/VA+은/ETM+하루/NNG+되/XSV+세요/EP+EF+상담원/NNG+#/SY+@/SY+이름/NNG+#/SY+이/VCP+었/EP+습니다/EF"
          }
        ]
      }
    }
  ]
}