{
  "dataset": {
    "identifier": 140251,
    "name": "e1_20211115_0006_0470_01",
    "src_path": "/data/file/cubeManager/PROJECT018/91/txt20211110140005028375/e1_20211115_0006_0470_01/",
    "label_path": "/data/file/cubeManager/PROJECT018/91/txt20211110140005028375/e1_20211115_0006_0470_01/",
    "category": 2,
    "type": 0
  },
  "licenses": {
    "name": "Apache License 1.0",
    "url": "http://www.apache.org/licenses/LICENSE-1.0"
  },
  "info": [
    {
      "id": 157944,
      "filename": "e1_0067_0085_02.txt",
      "title": "e1_0067_0085_02",
      "mediatype": "콜센터",
      "medianame": "콜센터",
      "category": "목적대화",
      "date": "2021-11-10",
      "size": 293,
      "annotations": {
        "subject": "프로그램 문의",
        "speaker_type": "1:1",
        "size": 293,
        "word_size": 77,
        "text": "A. 반갑습니다 #@소속# 입니다\nB. 네 저 어제 방문상담 했던 학생인데요\nB. 문득 궁금한게 생겨서 전화도 드렸어요\nA. 안녕하세요 얼마든지 질문 해주셔도 됩니다\nB. 정규 수업 말고도 혹시 자소서 도움받을 수 있을까요\nA. 네 저희 캠퍼스에서는 그 부분도 충분히 도와드립니다\nA. 매년 외부 전문강사 초빙 외 특강으로 무상 제공이 됐어요\nB. 올해라면 그게 몇 월쯤 진행될 예정인가요\nA. 아마 빠르면 10월 평균적으로는 11월 무렵 예상됩니다\nB. 그렇군요 자소서 도움 좀 꼭 받아보고싶어요\nA. 최선을 다해 도와드리겠습니다 감사합니다",
        "lines": [
          {
            "id": 1,
            "text": "A. 반갑습니다 #@소속# 입니다",
            "norm_text": "A. 반갑습니다 #@소속# 입니다",
            "speaker": {
              "id": "A",
              "sex": "여성",
              "age": "1그룹(10대~20대)"
            },
            "speechAct": "인사하기",
            "morpheme": "A/SL+반갑/VA+습니다/EF+#/SY+@/SY+소속/NNG+#/SY+입니다/VCP+EC"
          },
          {
            "id": 2,
            "text": "B. 네 저 어제 방문상담 했던 학생인데요",
            "norm_text": "B. 네 저 어제 방문상담 했던 학생인데요",
            "speaker": {
              "id": "B",
              "sex": "남성",
              "age": "1그룹(10대~20대)"
            },
            "speechAct": "진술하기",
            "morpheme": "B/SL+네/IC+저/IC+어제/MAG+방문/NNG+상담/NNG+했/XSV+EP+던/ETM+학생/NNG+인데요/VCP+EC"
          },
          {
            "id": 3,
            "text": "B. 문득 궁금한게 생겨서 전화도 드렸어요",
            "norm_text": "B. 문득 궁금한게 생겨서 전화도 드렸어요",
            "speaker": {
              "id": "B",
              "sex": "남성",
              "age": "1그룹(10대~20대)"
            },
            "speechAct": "진술하기",
            "morpheme": "B/SL+문득/MAG+궁금/XR+한/XSA+ETM+게/NNB+JKS+생겨서/VV+EC+전화/NNG+도/JX+드렸/VX+EP+어요/EF"
          },
          {
            "id": 4,
            "text": "A. 안녕하세요 얼마든지 질문 해주셔도 됩니다",
            "norm_text": "A. 안녕하세요 얼마든지 질문 해주셔도 됩니다",
            "speaker": {
              "id": "A",
              "sex": "여성",
              "age": "1그룹(10대~20대)"
            },
            "speechAct": "진술하기",
            "morpheme": "A/SL+./SY+안녕/NNG+하/XSV+세요/EP+EF+얼마/NNG+든지/VCP+EC+질문/NNG+해/XSV+EC+주/VX+셔도/EP+EC+됩니다/VX+EC"
          },
          {
            "id": 5,
            "text": "B. 정규 수업 말고도 혹시 자소서 도움받을 수 있을까요",
            "norm_text": "B. 정규 수업 말고도 혹시 자소서 도움받을 수 있을까요",
            "speaker": {
              "id": "B",
              "sex": "남성",
              "age": "1그룹(10대~20대)"
            },
            "speechAct": "질문하기",
            "morpheme": "B/SL+./SY+정규/NNG+수업/NNG+말/VV+고/EC+도/JX+혹시/MAG+자소/NNG+서/JKB+도움/NNG+받/VV+을/ETM+수/NNB+있/VV+을까요/EC"
          },
          {
            "id": 6,
            "text": "A. 네 저희 캠퍼스에서는 그 부분도 충분히 도와드립니다",
            "norm_text": "A. 네 저희 캠퍼스에서는 그 부분도 충분히 도와드립니다",
            "speaker": {
              "id": "A",
              "sex": "여성",
              "age": "1그룹(10대~20대)"
            },
            "speechAct": "약속하기(개인적 수준의 서약)",
            "morpheme": "A/SL+네/IC+저희/NP+캠퍼스/NNG+에서/JKB+는/JX+그/MM+부분/NNG+도/JX+충분히/MAG+도와/VV+EC+드립니다/VX+EC"
          },
          {
            "id": 7,
            "text": "A. 매년 외부 전문강사 초빙 외 특강으로 무상 제공이 됐어요",
            "norm_text": "A. 매년 외부 전문강사 초빙 외 특강으로 무상 제공이 됐어요",
            "speaker": {
              "id": "A",
              "sex": "여성",
              "age": "1그룹(10대~20대)"
            },
            "speechAct": "진술하기",
            "morpheme": "A/SL+매년/MAG+외부/NNG+전문/NNG+강사/NNG+초빙/NNG+외/NNB+특강/NNG+으로/JKB+무상/NNG+제공/NNG+이/JKS+됐/VV+EP+어요/EF"
          },
          {
            "id": 8,
            "text": "B. 올해라면 그게 몇 월쯤 진행될 예정인가요",
            "norm_text": "B. 올해라면 그게 몇 월쯤 진행될 예정인가요",
            "speaker": {
              "id": "B",
              "sex": "남성",
              "age": "1그룹(10대~20대)"
            },
            "speechAct": "질문하기",
            "morpheme": "B/SL+./SY+올해/NNG+라면/VCP+EC+그게/NP+JKS+몇/MM+월/NNBC+쯤/XSN+진행/NNG+될/XSV+ETM+예정/NNG+인가요/VCP+EC"
          },
          {
            "id": 9,
            "text": "A. 아마 빠르면 10월 평균적으로는 11월 무렵 예상됩니다",
            "norm_text": "A. 아마 빠르면 10월 평균적으로는 11월 무렵 예상됩니다",
            "speaker": {
              "id": "A",
              "sex": "여성",
              "age": "1그룹(10대~20대)"
            },
            "speechAct": "진술하기",
            "morpheme": "A/SL+아마/MAG+빠르/VA+면/EC+10/SN+월/NNBC+평균/NNG+적/XSN+으로/JKB+는/JX+11/SN+월/NNBC+무렵/NNB+예상/NNG+됩니다/XSV+EC"
          },
          {
            "id": 10,
            "text": "B. 그렇군요 자소서 도움 좀 꼭 받아보고싶어요",
            "norm_text": "B. 그렇군요 자소서 도움 좀 꼭 받아보고싶어요",
            "speaker": {
              "id": "B",
              "sex": "남성",
              "age": "1그룹(10대~20대)"
            },
            "speechAct": "명령하기/요구하기",
            "morpheme": "B/SL+그렇/VA+군요/EC+자/VV+소서/EF+도움/NNG+좀/MAG+꼭/MAG+받/VV+아/EC+보/VX+고/EC+싶/VX+어요/EF"
          },
          {
            "id": 11,
            "text": "A. 최선을 다해 도와드리겠습니다 감사합니다",
            "norm_text": "A. 최선을 다해 도와드리겠습니다 감사합니다",
            "speaker": {
              "id": "A",
              "sex": "여성",
              "age": "1그룹(10대~20대)"
            },
            "speechAct": "감사하기",
            "morpheme": "A/SL+./SY+최선/NNG+을/JKO+다/MAG+해도/VV+EC+와/VV+EC+드리/VX+겠/EP+습니다/EF+감사/NNG+합니다/XSV+EC"
          }
        ]
      }
    }
  ]
}