{
  "dataset": {
    "identifier": 140561,
    "name": "e1_20211115_0006_0583_01",
    "src_path": "/data/file/cubeManager/PROJECT018/91/txt20211110140006082297/e1_20211115_0006_0583_01/",
    "label_path": "/data/file/cubeManager/PROJECT018/91/txt20211110140006082297/e1_20211115_0006_0583_01/",
    "category": 2,
    "type": 0
  },
  "licenses": {
    "name": "Apache License 1.0",
    "url": "http://www.apache.org/licenses/LICENSE-1.0"
  },
  "info": [
    {
      "id": 158135,
      "filename": "e1_0068_0063_02.txt",
      "title": "e1_0068_0063_02",
      "mediatype": "콜센터",
      "medianame": "콜센터",
      "category": "목적대화",
      "date": "2021-11-10",
      "size": 335,
      "annotations": {
        "subject": "프로그램 문의",
        "speaker_type": "1:1",
        "size": 335,
        "word_size": 78,
        "text": "A.친절히 모시겠습니다 #@소속# 고객센터 #@이름# 입니다\nB.책 순서를 변경 했더니 읽었던 데이터가 다 사라졌거든요\nA.책 순서나 읽는 방식 변경 시 바로 적용 됩니다\nB.그래서 기존 데이터가 모두 사라진 건가봐요\nA.다음엔 독서 플랜 변경을 새로운 학습 주차 시작 때 하세요\nB.그럼 기존의 데이터가 남아 있고 새 기준으로 적용된다는거지요\nA.네 그렇습니다 그렇게 사용해 주시면 되세요\nB.그동안 리스트 보면서 이만큼 봤다고 좋아했거든요\nA.번거롭게 해드려서 죄송합니다 아이도 서운했겠어요\nB.아니에요 아무튼 잘 알려 주셔서 감사해요 수고하세요\nA.빗길 조심하시구요 #@소속# 고객센터 #@이름# 상담원 였습니다",
        "lines": [
          {
            "id": 1,
            "text": "A.친절히 모시겠습니다 #@소속# 고객센터 #@이름# 입니다",
            "norm_text": "A.친절히 모시겠습니다 #@소속# 고객센터 #@이름# 입니다",
            "speaker": {
              "id": "A",
              "sex": "여성",
              "age": "1그룹(10대~20대)"
            },
            "speechAct": "인사하기",
            "morpheme": "A/SL+친절히/MAG+모시/VV+겠/EP+습니다/EF+#/SY+@/SY+소속/NNG+#/SY+고객/NNG+센터/NNG+#/SY+@/SY+이름/NNG+#/SY+입니다/VCP+EC"
          },
          {
            "id": 2,
            "text": "B.책 순서를 변경 했더니 읽었던 데이터가 다 사라졌거든요",
            "norm_text": "B.책 순서를 변경 했더니 읽었던 데이터가 다 사라졌거든요",
            "speaker": {
              "id": "B",
              "sex": "남성",
              "age": "1그룹(10대~20대)"
            },
            "speechAct": "진술하기",
            "morpheme": "B/SL+./SY+책/NNG+순서/NNG+를/JKO+변경/NNG+했/XSV+EP+더니/EC+읽/VV+었/EP+던/ETM+데이터/NNG+가/JKS+다/MAG+사라졌/VV+EP+거든요/EF"
          },
          {
            "id": 3,
            "text": "A.책 순서나 읽는 방식 변경 시 바로 적용 됩니다",
            "norm_text": "A.책 순서나 읽는 방식 변경 시 바로 적용 됩니다",
            "speaker": {
              "id": "A",
              "sex": "여성",
              "age": "1그룹(10대~20대)"
            },
            "speechAct": "진술하기",
            "morpheme": "A/SL+./SY+책/NNG+순서/NNG+나/JX+읽/VV+는/ETM+방식/NNG+변경/NNG+시바/NNG+로/JKB+적용/NNG+됩니다/XSV+EC"
          },
          {
            "id": 4,
            "text": "B.그래서 기존 데이터가 모두 사라진 건가봐요",
            "norm_text": "B.그래서 기존 데이터가 모두 사라진 건가봐요",
            "speaker": {
              "id": "B",
              "sex": "남성",
              "age": "1그룹(10대~20대)"
            },
            "speechAct": "질문하기",
            "morpheme": "B/SL+그래서/MAJ+기존/NNG+데이터/NNG+가/JKS+모두/MAG+사라진/VV+ETM+건가/NNB+VCP+EC+VCP+봐요/EC+VX+EC"
          },
          {
            "id": 5,
            "text": "A.다음엔 독서 플랜 변경을 새로운 학습 주차 시작 때 하세요",
            "norm_text": "A.다음엔 독서 플랜 변경을 새로운 학습 주차 시작 때 하세요",
            "speaker": {
              "id": "A",
              "sex": "여성",
              "age": "1그룹(10대~20대)"
            },
            "speechAct": "진술하기",
            "morpheme": "A/SL+./SY+다음/NNG+엔/JKB+JX+독서/NNG+플랜/NNG+변경/NNG+을/JKO+새로운/VA+ETM+학습/NNG+주차/NNG+시작/NNG+때/NNG+하/XSV+세요/EP+EF"
          },
          {
            "id": 6,
            "text": "B.그럼 기존의 데이터가 남아 있고 새 기준으로 적용된다는거지요",
            "norm_text": "B.그럼 기존의 데이터가 남아 있고 새 기준으로 적용된다는거지요",
            "speaker": {
              "id": "B",
              "sex": "남성",
              "age": "1그룹(10대~20대)"
            },
            "speechAct": "질문하기",
            "morpheme": "B/SL+그럼/MAJ+기존/NNG+의/JKG+데이터/NNG+가/JKS+남/VV+아/EC+있/VX+고/EC+새/MM+기준/NNG+으로/JKB+적용/NNG+된다는/XSV+ETM+거/NNB+지요/VCP+EC"
          },
          {
            "id": 7,
            "text": "A.네 그렇습니다 그렇게 사용해 주시면 되세요",
            "norm_text": "A.네 그렇습니다 그렇게 사용해 주시면 되세요",
            "speaker": {
              "id": "A",
              "sex": "여성",
              "age": "1그룹(10대~20대)"
            },
            "speechAct": "진술하기",
            "morpheme": "A/SL+네/IC+그렇/VA+습니다/EF+그렇게/MAG+사용/NNG+해/XSV+EC+주/VX+시/EP+면/EC+되/VV+세요/EP+EF"
          },
          {
            "id": 8,
            "text": "B.그동안 리스트 보면서 이만큼 봤다고 좋아했거든요",
            "norm_text": "B.그동안 리스트 보면서 이만큼 봤다고 좋아했거든요",
            "speaker": {
              "id": "B",
              "sex": "남성",
              "age": "1그룹(10대~20대)"
            },
            "speechAct": "진술하기",
            "morpheme": "B/SL+./SY+그동안/NNG+리스트/NNG+보/VV+면서/EC+이만큼/MAG+봤/VV+EP+다고/EC+좋/VA+아/EC+했/VX+EP+거든요/EF"
          },
          {
            "id": 9,
            "text": "A.번거롭게 해드려서 죄송합니다 아이도 서운했겠어요",
            "norm_text": "A.번거롭게 해드려서 죄송합니다 아이도 서운했겠어요",
            "speaker": {
              "id": "A",
              "sex": "여성",
              "age": "1그룹(10대~20대)"
            },
            "speechAct": "사과하기",
            "morpheme": "A/SL+번거롭/VA+게/EC+해드려서/VX+EC+VX+EC+죄송/XR+합니다/XSA+EF+아이/NNG+도/JX+서운/XR+했/XSA+EP+겠/EP+어요/EF"
          },
          {
            "id": 10,
            "text": "B.아니에요 아무튼 잘 알려 주셔서 감사해요 수고하세요",
            "norm_text": "B.아니에요 아무튼 잘 알려 주셔서 감사해요 수고하세요",
            "speaker": {
              "id": "B",
              "sex": "남성",
              "age": "1그룹(10대~20대)"
            },
            "speechAct": "인사하기",
            "morpheme": "B/SL+아니/VCN+에요/EF+아무튼/MAJ+잘/MAG+알려/VV+EC+주/VX+셔서/EP+EC+감사/NNG+해요/XSV+EF+수고/NNG+하/XSV+세요/EP+EF"
          },
          {
            "id": 11,
            "text": "A.빗길 조심하시구요 #@소속# 고객센터 #@이름# 상담원 였습니다",
            "norm_text": "A.빗길 조심하시구요 #@소속# 고객센터 #@이름# 상담원 였습니다",
            "speaker": {
              "id": "A",
              "sex": "여성",
              "age": "1그룹(10대~20대)"
            },
            "speechAct": "인사하기",
            "morpheme": "A/SL+./SY+빗길/NNG+조심/NNG+하/XSV+시/EP+구요/EF+#/SY+@/SY+소속/NNG+#/SY+고객/NNG+센터/NNG+#/SY+@/SY+이름/NNG+#/SY+상담원/NNG+였/VCP+EP+습니다/EF"
          }
        ]
      }
    }
  ]
}