{
  "dataset": {
    "identifier": 141049,
    "name": "e1_20211115_0006_0706_01",
    "src_path": "/data/file/cubeManager/PROJECT018/91/txt20211110140013041064/e1_20211115_0006_0706_01/",
    "label_path": "/data/file/cubeManager/PROJECT018/91/txt20211110140013041064/e1_20211115_0006_0706_01/",
    "category": 2,
    "type": 0
  },
  "licenses": {
    "name": "Apache License 1.0",
    "url": "http://www.apache.org/licenses/LICENSE-1.0"
  },
  "info": [
    {
      "id": 158952,
      "filename": "e1_0071_0148_02.txt",
      "title": "e1_0071_0148_02",
      "mediatype": "콜센터",
      "medianame": "콜센터",
      "category": "목적대화",
      "date": "2021-11-10",
      "size": 278,
      "annotations": {
        "subject": "프로그램 문의",
        "speaker_type": "1:1",
        "size": 278,
        "word_size": 63,
        "text": "A.최선을 다하겠습니다 #@소속# #@이름# 입니다\nB.저기요 수강 대기 해제는 어떻게 하나요\nA.고객님 수강 중인 강좌 목록에서 수강대기 상태가 확인이 되실거예요\nB.지금 결제했는데 바로 수강하고 싶어서요\nA.바로 수강 원하시면 강좌 제목을 클릭하면 수강 시작이 가능합니다\nB.수강 기간은 결제 완료된 시점부터 시작인가요\nA.수강 시작을 설정한 날부터 시작이 됩니다 고객님\nB.아 그렇군요 잘알겠습니다\nA.혹시 문의사항 더 있으실까요\nB.아니요 지금은 더 궁금한게 없네요\nA.감사합니다 상담원 #@이름# 이었습니다",
        "lines": [
          {
            "id": 1,
            "text": "A.최선을 다하겠습니다 #@소속# #@이름# 입니다",
            "norm_text": "A.최선을 다하겠습니다 #@소속# #@이름# 입니다",
            "speaker": {
              "id": "A",
              "sex": "여성",
              "age": "2그룹(30대~40대)"
            },
            "speechAct": "인사하기",
            "morpheme": "A/SL+./SY+최선/NNG+을/JKO+다/MAG+하/VV+겠/EP+습니다/EF+#/SY+@/SY+소속/NNG+#/SY+#/SY+@/SY+이름/NNG+#/SY+입니다/VCP+EC"
          },
          {
            "id": 2,
            "text": "B.저기요 수강 대기 해제는 어떻게 하나요",
            "norm_text": "B.저기요 수강 대기 해제는 어떻게 하나요",
            "speaker": {
              "id": "B",
              "sex": "남성",
              "age": "2그룹(30대~40대)"
            },
            "speechAct": "질문하기",
            "morpheme": "B/SL+저기요/IC+수강/NNG+대기/NNG+해제/NNG+는/JX+어떻게/MAG+하나/NR+요/VCP+EC"
          },
          {
            "id": 3,
            "text": "A.고객님 수강 중인 강좌 목록에서 수강대기 상태가 확인이 되실거예요",
            "norm_text": "A.고객님 수강 중인 강좌 목록에서 수강대기 상태가 확인이 되실거예요",
            "speaker": {
              "id": "A",
              "sex": "여성",
              "age": "2그룹(30대~40대)"
            },
            "speechAct": "진술하기",
            "morpheme": "A/SL+./SY+고객/NNG+님/XSN+수강/NNG+중/NNB+인/VCP+ETM+강좌/NNG+목록/NNG+에서/JKB+수강/NNG+대기/NNG+상태/NNG+가/JKS+확인/NNG+이/JKS+되/VV+실/EP+ETM+거/NNB+예요/VCP+EF"
          },
          {
            "id": 4,
            "text": "B.지금 결제했는데 바로 수강하고 싶어서요",
            "norm_text": "B.지금 결제했는데 바로 수강하고 싶어서요",
            "speaker": {
              "id": "B",
              "sex": "남성",
              "age": "2그룹(30대~40대)"
            },
            "speechAct": "진술하기",
            "morpheme": "B/SL+지금/MAG+결제/NNG+했/XSV+EP+는데/EC+바로/MAG+수강/NNG+하/XSV+고/EC+싶/VX+어서요/EC"
          },
          {
            "id": 5,
            "text": "A.바로 수강 원하시면 강좌 제목을 클릭하면 수강 시작이 가능합니다",
            "norm_text": "A.바로 수강 원하시면 강좌 제목을 클릭하면 수강 시작이 가능합니다",
            "speaker": {
              "id": "A",
              "sex": "여성",
              "age": "2그룹(30대~40대)"
            },
            "speechAct": "진술하기",
            "morpheme": "A/SL+바로/MAG+수강/NNG+원/NNG+하/XSV+시/EP+면/EC+강좌/NNG+제목/NNG+을/JKO+클릭/NNG+하/XSV+면/EC+수강/NNG+시작/NNG+이/JKS+가능/NNG+합니다/XSV+EC"
          },
          {
            "id": 6,
            "text": "B.수강 기간은 결제 완료된 시점부터 시작인가요",
            "norm_text": "B.수강 기간은 결제 완료된 시점부터 시작인가요",
            "speaker": {
              "id": "B",
              "sex": "남성",
              "age": "2그룹(30대~40대)"
            },
            "speechAct": "질문하기",
            "morpheme": "B/SL+./SY+수강/NNG+기간/NNG+은/JX+결제/NNG+완료/NNG+된/XSV+ETM+시점/NNG+부터/JX+시작/NNG+인가요/VCP+EC"
          },
          {
            "id": 7,
            "text": "A.수강 시작을 설정한 날부터 시작이 됩니다 고객님",
            "norm_text": "A.수강 시작을 설정한 날부터 시작이 됩니다 고객님",
            "speaker": {
              "id": "A",
              "sex": "여성",
              "age": "2그룹(30대~40대)"
            },
            "speechAct": "진술하기",
            "morpheme": "A/SL+./SY+수강/NNG+시작/NNG+을/JKO+설정/NNG+한/XSA+ETM+날/NNG+부터/JX+시작/NNG+이/JKS+됩니다/VV+EF+고객/NNG+님/XSN"
          },
          {
            "id": 8,
            "text": "B.아 그렇군요 잘알겠습니다",
            "norm_text": "B.아 그렇군요 잘알겠습니다",
            "speaker": {
              "id": "B",
              "sex": "남성",
              "age": "2그룹(30대~40대)"
            },
            "speechAct": "긍정감정표현하기(칭찬하기 포함)",
            "morpheme": "B/SL+아/IC+그렇/VA+군요/EF+잘/MAG+알/VV+겠/EP+습니다/EF"
          },
          {
            "id": 9,
            "text": "A.혹시 문의사항 더 있으실까요",
            "norm_text": "A.혹시 문의사항 더 있으실까요",
            "speaker": {
              "id": "A",
              "sex": "여성",
              "age": "2그룹(30대~40대)"
            },
            "speechAct": "질문하기",
            "morpheme": "A/SL+혹시/MAG+문/NNG+의/JKG+사항/NNG+더/MAG+있/VA+으실까/EP+EP+EF+요/MM"
          },
          {
            "id": 10,
            "text": "B.아니요 지금은 더 궁금한게 없네요",
            "norm_text": "B.아니요 지금은 더 궁금한게 없네요",
            "speaker": {
              "id": "B",
              "sex": "남성",
              "age": "2그룹(30대~40대)"
            },
            "speechAct": "진술하기",
            "morpheme": "B/SL+아니요/IC+지금/MAG+은/JX+더/MAG+궁금/XR+한/XSA+ETM+게/NNB+JKS+없/VA+네요/EC"
          },
          {
            "id": 11,
            "text": "A.감사합니다 상담원 #@이름# 이었습니다",
            "norm_text": "A.감사합니다 상담원 #@이름# 이었습니다",
            "speaker": {
              "id": "A",
              "sex": "여성",
              "age": "2그룹(30대~40대)"
            },
            "speechAct": "인사하기",
            "morpheme": "A/SL+./SY+감사/NNG+합니다/XSV+EF+상담원/NNG+#/SY+@/SY+이름/NNG+#/SY+이/VCP+었/EP+습니다/EF"
          }
        ]
      }
    }
  ]
}