{
  "dataset": {
    "identifier": 140139,
    "name": "e1_20211115_0006_0440_01",
    "src_path": "/data/file/cubeManager/PROJECT018/91/txt20211110140005007064/e1_20211115_0006_0440_01/",
    "label_path": "/data/file/cubeManager/PROJECT018/91/txt20211110140005007064/e1_20211115_0006_0440_01/",
    "category": 2,
    "type": 0
  },
  "licenses": {
    "name": "Apache License 1.0",
    "url": "http://www.apache.org/licenses/LICENSE-1.0"
  },
  "info": [
    {
      "id": 157916,
      "filename": "e1_0067_0057_02.txt",
      "title": "e1_0067_0057_02",
      "mediatype": "콜센터",
      "medianame": "콜센터",
      "category": "목적대화",
      "date": "2021-11-10",
      "size": 344,
      "annotations": {
        "subject": "프로그램 문의",
        "speaker_type": "1:1",
        "size": 344,
        "word_size": 85,
        "text": "A. 20만 합격생이 증명하는 #@소속# 입니다\nB. 안녕하세요 제가 상담 좀 하고 싶어서요\nA. 네 편하게 말씀해주시면 도와드리겠습니다\nB. 제가 영어 기초가 정말 아예 없는 편인데요\nB. 연말부터 수강할까 하는데 괜찮을까요\nA. 기본부터 확실히 다지시려면 연말로 미루지 마시구요\nA. 다음달 과정부터 차근차근 수강하시는걸 추천드릴게요\nB. 혹시 수업 자체가 저한테 버겁진 않을까요\nA. 기초반은 중고교 수준의 실력 달성이 목표로 진행됩니다\nA. 문장 5형식부터 기본기 쌓는데 확실히 도움되실거에요\nB. 네 감사합니다 조금 부담을 덜었네요\nA. 너무 어려워마시고 기초반 수강 생각해보시구요\nA. 다른 문의 생기시면 또 언제든 전화주세요",
        "lines": [
          {
            "id": 1,
            "text": "A. 20만 합격생이 증명하는 #@소속# 입니다",
            "norm_text": "A. 20만 합격생이 증명하는 #@소속# 입니다",
            "speaker": {
              "id": "A",
              "sex": "여성",
              "age": "1그룹(10대~20대)"
            },
            "speechAct": "인사하기",
            "morpheme": "A/SL+./SY+20/SN+만/NR+합격/NNG+생/XSN+이/JKS+증명/NNG+하/XSV+는/ETM+#/SY+@/SY+소속/NNG+#/SY+입니다/VCP+EC"
          },
          {
            "id": 2,
            "text": "B. 안녕하세요 제가 상담 좀 하고 싶어서요",
            "norm_text": "B. 안녕하세요 제가 상담 좀 하고 싶어서요",
            "speaker": {
              "id": "B",
              "sex": "남성",
              "age": "1그룹(10대~20대)"
            },
            "speechAct": "진술하기",
            "morpheme": "B/SL+./SY+안녕/NNG+하/XSV+세요/EP+EF+제/NP+가/JKS+상담/NNG+좀/MAG+하/VV+고/EC+싶/VX+어서요/EC"
          },
          {
            "id": 3,
            "text": "A. 네 편하게 말씀해주시면 도와드리겠습니다",
            "norm_text": "A. 네 편하게 말씀해주시면 도와드리겠습니다",
            "speaker": {
              "id": "A",
              "sex": "여성",
              "age": "1그룹(10대~20대)"
            },
            "speechAct": "진술하기",
            "morpheme": "A/SL+네/IC+편하/VA+게/EC+말씀/NNG+해/XSV+EC+주/VX+시/EP+면/EC+도와/VV+EC+드리/VX+겠/EP+습니다/EF"
          },
          {
            "id": 4,
            "text": "B. 제가 영어 기초가 정말 아예 없는 편인데요",
            "norm_text": "B. 제가 영어 기초가 정말 아예 없는 편인데요",
            "speaker": {
              "id": "B",
              "sex": "남성",
              "age": "1그룹(10대~20대)"
            },
            "speechAct": "진술하기",
            "morpheme": "B/SL+제/NP+가/JKS+영어/NNG+기초/NNG+가/JKS+정말/MAG+아예/MAG+없/VA+는/ETM+편/NNB+인데요/VCP+EC"
          },
          {
            "id": 5,
            "text": "B. 연말부터 수강할까 하는데 괜찮을까요",
            "norm_text": "B. 연말부터 수강할까 하는데 괜찮을까요",
            "speaker": {
              "id": "B",
              "sex": "남성",
              "age": "1그룹(10대~20대)"
            },
            "speechAct": "질문하기",
            "morpheme": "B/SL+./SY+연말/NNG+부터/JX+수강/NNG+할까/XSV+EC+하/VV+는/ETM+데/NNB+괜찮/VA+을까요/EC"
          },
          {
            "id": 6,
            "text": "A. 기본부터 확실히 다지시려면 연말로 미루지 마시구요",
            "norm_text": "A. 기본부터 확실히 다지시려면 연말로 미루지 마시구요",
            "speaker": {
              "id": "A",
              "sex": "여성",
              "age": "1그룹(10대~20대)"
            },
            "speechAct": "진술하기",
            "morpheme": "A/SL+./SY+기본/NNG+부터/JX+확실히/MAG+다/MAG+지시/VV+려면/EC+연말/NNG+로/JKB+미루/VV+지/EC+마시/VV+구요/EF"
          },
          {
            "id": 7,
            "text": "A. 다음달 과정부터 차근차근 수강하시는걸 추천드릴게요",
            "norm_text": "A. 다음달 과정부터 차근차근 수강하시는걸 추천드릴게요",
            "speaker": {
              "id": "A",
              "sex": "여성",
              "age": "1그룹(10대~20대)"
            },
            "speechAct": "진술하기",
            "morpheme": "A/SL+./SY+다음/NNG+달/NNG+과정/NNG+부터/JX+차근차근/MAG+수강/NNG+하/XSV+시/EP+는/ETM+걸/NNB+JKO+추천/NNG+드릴게요/VV+EC"
          },
          {
            "id": 8,
            "text": "B. 혹시 수업 자체가 저한테 버겁진 않을까요",
            "norm_text": "B. 혹시 수업 자체가 저한테 버겁진 않을까요",
            "speaker": {
              "id": "B",
              "sex": "남성",
              "age": "1그룹(10대~20대)"
            },
            "speechAct": "질문하기",
            "morpheme": "B/SL+혹시/MAG+수업/NNG+자체/NNG+가/JKS+저/NP+한테/JKB+버겁/VA+진/EC+JX+않/VX+을까요/EC"
          },
          {
            "id": 9,
            "text": "A. 기초반은 중고교 수준의 실력 달성이 목표로 진행됩니다",
            "norm_text": "A. 기초반은 중고교 수준의 실력 달성이 목표로 진행됩니다",
            "speaker": {
              "id": "A",
              "sex": "여성",
              "age": "1그룹(10대~20대)"
            },
            "speechAct": "진술하기",
            "morpheme": "A/SL+./SY+기초/NNG+반/NNG+은/JX+중/NNG+고교/NNG+수준/NNG+의/JKG+실력/NNG+달성/NNG+이/JKS+목표/NNG+로/JKB+진행/NNG+됩니다/XSV+EC"
          },
          {
            "id": 10,
            "text": "A. 문장 5형식부터 기본기 쌓는데 확실히 도움되실거에요",
            "norm_text": "A. 문장 5형식부터 기본기 쌓는데 확실히 도움되실거에요",
            "speaker": {
              "id": "A",
              "sex": "여성",
              "age": "1그룹(10대~20대)"
            },
            "speechAct": "진술하기",
            "morpheme": "A/SL+./SY+문장/NNG+5/SN+형식/NNG+부터/JX+기본기/NNG+쌓/VV+는데/EC+확실히/MAG+도움/NNG+되/XSV+실/EP+ETM+거/NNB+에요/VCP+EF"
          },
          {
            "id": 11,
            "text": "B. 네 감사합니다 조금 부담을 덜었네요",
            "norm_text": "B. 네 감사합니다 조금 부담을 덜었네요",
            "speaker": {
              "id": "B",
              "sex": "남성",
              "age": "1그룹(10대~20대)"
            },
            "speechAct": "진술하기",
            "morpheme": "B/SL+네/IC+감사/NNG+합니다/XSV+EF+조금/MAG+부담/NNG+을/JKO+덜/VV+었/EP+네요/EC"
          },
          {
            "id": 12,
            "text": "A. 너무 어려워마시고 기초반 수강 생각해보시구요",
            "norm_text": "A. 너무 어려워마시고 기초반 수강 생각해보시구요",
            "speaker": {
              "id": "A",
              "sex": "여성",
              "age": "1그룹(10대~20대)"
            },
            "speechAct": "진술하기",
            "morpheme": "A/SL+너무/MAG+어려워/VA+EC+마시/VV+고/EC+기초/NNG+반/NNG+수강/NNG+생각/NNG+해/XSV+EC+보/VX+시/EP+구요/EF"
          },
          {
            "id": 13,
            "text": "A. 다른 문의 생기시면 또 언제든 전화주세요",
            "norm_text": "A. 다른 문의 생기시면 또 언제든 전화주세요",
            "speaker": {
              "id": "A",
              "sex": "여성",
              "age": "1그룹(10대~20대)"
            },
            "speechAct": "명령하기/요구하기",
            "morpheme": "A/SL+다른/MM+문/NNG+의/JKG+생기/VV+시/EP+면/EC+또/MAG+언제/NP+든/VCP+EC+전화/NNG+주세요/NNP"
          }
        ]
      }
    }
  ]
}