{
  "dataset": {
    "identifier": 139948,
    "name": "e1_20211115_0006_0397_01",
    "src_path": "/data/file/cubeManager/PROJECT018/91/txt20211110140004075023/e1_20211115_0006_0397_01/",
    "label_path": "/data/file/cubeManager/PROJECT018/91/txt20211110140004075023/e1_20211115_0006_0397_01/",
    "category": 2,
    "type": 0
  },
  "licenses": {
    "name": "Apache License 1.0",
    "url": "http://www.apache.org/licenses/LICENSE-1.0"
  },
  "info": [
    {
      "id": 157873,
      "filename": "e1_0067_0014_02.txt",
      "title": "e1_0067_0014_02",
      "mediatype": "콜센터",
      "medianame": "콜센터",
      "category": "목적대화",
      "date": "2021-11-10",
      "size": 275,
      "annotations": {
        "subject": "프로그램 문의",
        "speaker_type": "1:1",
        "size": 275,
        "word_size": 69,
        "text": "A. 미래를 위한 선택 #@소속#입니다\nB. 저번에 방문상담갔던 #@이름#인데요\nA. 안녕하세요 #@이름#님 궁금하신게 있으신가요\nB. 수강신청자는 뭐 테스트 봐야 수강 가능하다 하셔서요\nA. 네 저희는 기본적으로 편입모의고사 있습니다\nB. 아 그게 보통 월초에 있는건가요\nA. 아니요 매월 넷째주 토요일에 진행된다고 보시면 돼요\nB. 그럼 토요일에 일단 방문하면 될까요\nA. 홈페이지상에서 꼭 사전접수 해주셔야 응시 가능하세요\nB. 아 큰일날뻔 했네요 알겠습니다\nA. 네  접수 후 응시하시고 또 뵙길 바래요",
        "lines": [
          {
            "id": 1,
            "text": "A. 미래를 위한 선택 #@소속#입니다",
            "norm_text": "A. 미래를 위한 선택 #@소속#입니다",
            "speaker": {
              "id": "A",
              "sex": "여성",
              "age": "1그룹(10대~20대)"
            },
            "speechAct": "인사하기",
            "morpheme": "A/SL+./SY+미래/NNG+를/JKO+위한/VV+ETM+선택/NNG+#/SY+@/SY+소속/NNG+#/SY+입니다/VCP+EC"
          },
          {
            "id": 2,
            "text": "B. 저번에 방문상담갔던 #@이름#인데요",
            "norm_text": "B. 저번에 방문상담갔던 #@이름#인데요",
            "speaker": {
              "id": "B",
              "sex": "남성",
              "age": "1그룹(10대~20대)"
            },
            "speechAct": "진술하기",
            "morpheme": "B/SL+./SY+저번/NNG+에/JKB+방문/NNG+상담/NNG+갔/VV+EP+던/ETM+#/SY+@/SY+이름/NNG+#/SY+인데요/VCP+EC"
          },
          {
            "id": 3,
            "text": "A. 안녕하세요 #@이름#님 궁금하신게 있으신가요",
            "norm_text": "A. 안녕하세요 #@이름#님 궁금하신게 있으신가요",
            "speaker": {
              "id": "A",
              "sex": "여성",
              "age": "1그룹(10대~20대)"
            },
            "speechAct": "질문하기",
            "morpheme": "A/SL+./SY+안녕/NNG+하/XSV+세요/EP+EF+#/SY+@/SY+이름/NNG+#/SY+님/XSN+궁금/XR+하/XSA+신/EP+ETM+게/NNB+JKS+있/VA+으신/EP+ETM+가요/NNG"
          },
          {
            "id": 4,
            "text": "B. 수강신청자는 뭐 테스트 봐야 수강 가능하다 하셔서요",
            "norm_text": "B. 수강신청자는 뭐 테스트 봐야 수강 가능하다 하셔서요",
            "speaker": {
              "id": "B",
              "sex": "남성",
              "age": "1그룹(10대~20대)"
            },
            "speechAct": "진술하기",
            "morpheme": "B/SL+./SY+수강/NNG+신청자/NNG+는/JX+뭐/IC+테스트/NNG+봐야/VV+EC+수강/NNG+가능/NNG+하/XSV+다/EC+하/VX+셔서/EP+EC+요/JX"
          },
          {
            "id": 5,
            "text": "A. 네 저희는 기본적으로 편입모의고사 있습니다",
            "norm_text": "A. 네 저희는 기본적으로 편입모의고사 있습니다",
            "speaker": {
              "id": "A",
              "sex": "여성",
              "age": "1그룹(10대~20대)"
            },
            "speechAct": "진술하기",
            "morpheme": "A/SL+네/IC+저희/NP+는/JX+기본/NNG+적/XSN+으로/JKB+편입/NNG+모의고사/NNG+있/VA+습니다/EF"
          },
          {
            "id": 6,
            "text": "B. 아 그게 보통 월초에 있는건가요",
            "norm_text": "B. 아 그게 보통 월초에 있는건가요",
            "speaker": {
              "id": "B",
              "sex": "남성",
              "age": "1그룹(10대~20대)"
            },
            "speechAct": "질문하기",
            "morpheme": "B/SL+아/IC+그게/NP+JKS+보통/NNG+월초/NNG+에/JKB+있/VV+는/ETM+건가요/NNB+VCP+EC"
          },
          {
            "id": 7,
            "text": "A. 아니요 매월 넷째주 토요일에 진행된다고 보시면 돼요",
            "norm_text": "A. 아니요 매월 넷째주 토요일에 진행된다고 보시면 돼요",
            "speaker": {
              "id": "A",
              "sex": "여성",
              "age": "1그룹(10대~20대)"
            },
            "speechAct": "진술하기",
            "morpheme": "A/SL+아니요/IC+매월/MAG+넷째/NR+주/NNBC+토요일/NNG+에/JKB+진행/NNG+된다고/XSV+EC+보/VX+시/EP+면/EC+돼요/VV+EC"
          },
          {
            "id": 8,
            "text": "B. 그럼 토요일에 일단 방문하면 될까요",
            "norm_text": "B. 그럼 토요일에 일단 방문하면 될까요",
            "speaker": {
              "id": "B",
              "sex": "남성",
              "age": "1그룹(10대~20대)"
            },
            "speechAct": "질문하기",
            "morpheme": "B/SL+그럼/MAJ+토요일/NNG+에/JKB+일단/MAG+방문/NNG+하/XSV+면/EC+될까요/VV+EC"
          },
          {
            "id": 9,
            "text": "A. 홈페이지상에서 꼭 사전접수 해주셔야 응시 가능하세요",
            "norm_text": "A. 홈페이지상에서 꼭 사전접수 해주셔야 응시 가능하세요",
            "speaker": {
              "id": "A",
              "sex": "여성",
              "age": "1그룹(10대~20대)"
            },
            "speechAct": "진술하기",
            "morpheme": "A/SL+./SY+홈페이지/NNG+상/XSN+에서/JKB+꼭/MAG+사전/NNG+접수/NNG+해/XSV+EC+주/VX+셔야/EP+EC+응시/NNG+가능/NNG+하/XSV+세요/EP+EF"
          },
          {
            "id": 10,
            "text": "B. 아 큰일날뻔 했네요 알겠습니다",
            "norm_text": "B. 아 큰일날뻔 했네요 알겠습니다",
            "speaker": {
              "id": "B",
              "sex": "남성",
              "age": "1그룹(10대~20대)"
            },
            "speechAct": "인사하기",
            "morpheme": "B/SL+아/IC+큰일날/VV+ETM+뻔/NNB+했/XSA+EP+네요/EF+알/VV+겠/EP+습니다/EF"
          },
          {
            "id": 11,
            "text": "A. 네  접수 후 응시하시고 또 뵙길 바래요",
            "norm_text": "A. 네  접수 후 응시하시고 또 뵙길 바래요",
            "speaker": {
              "id": "A",
              "sex": "여성",
              "age": "1그룹(10대~20대)"
            },
            "speechAct": "인사하기",
            "morpheme": "A/SL+네/IC+접수/NNG+후/NNG+응시/NNG+하/XSV+시/EP+고/EC+또/MAG+뵙/VV+길/ETN+JKO+바래/VV+요/EC"
          }
        ]
      }
    }
  ]
}