{
  "dataset": {
    "identifier": 139871,
    "name": "e1_20211115_0006_0363_01",
    "src_path": "/data/file/cubeManager/PROJECT018/91/txt20211110140004050020/e1_20211115_0006_0363_01/",
    "label_path": "/data/file/cubeManager/PROJECT018/91/txt20211110140004050020/e1_20211115_0006_0363_01/",
    "category": 2,
    "type": 0
  },
  "licenses": {
    "name": "Apache License 1.0",
    "url": "http://www.apache.org/licenses/LICENSE-1.0"
  },
  "info": [
    {
      "id": 157839,
      "filename": "e1_0066_0191_02.txt",
      "title": "e1_0066_0191_02",
      "mediatype": "콜센터",
      "medianame": "콜센터",
      "category": "목적대화",
      "date": "2021-11-10",
      "size": 316,
      "annotations": {
        "subject": "프로그램 문의",
        "speaker_type": "1:1",
        "size": 316,
        "word_size": 67,
        "text": "A.최선을 다하겠습니다 #@소속# #@이름#입니다\nB.제가 어제 수업을 시작했는데요\nB.수업 mp3를 다운받고 싶은데 없어서 연락드려요\nA.어디서 다운받는지는 알고 계신가요\nB.네 나의출석부에서 피드백보기 누르면 되는거잖아요\nA.맞습니다 흠 그럼 어디서 문제가 생긴것같은데요\nB.그쵸 제가 아무리 찾아봐도 안나오더라고요\nA.회원님 혹시 어떤 수업을 진행하고 계신가요\nB.아 저는 화상영어 수업 하고 있어요\nA.죄송하지만 화상영어 수업자는 mp3 파일이 따로제공되지 않습니다\nB.아 그럼 그래서 그랬나 보네요 알려주셔서 감사해요\nA.네 감사합니다 좋은 하루 보내세요 #@이름# 이었습니다",
        "lines": [
          {
            "id": 1,
            "text": "A.최선을 다하겠습니다 #@소속# #@이름#입니다",
            "norm_text": "A.최선을 다하겠습니다 #@소속# #@이름#입니다",
            "speaker": {
              "id": "A",
              "sex": "여성",
              "age": "1그룹(10대~20대)"
            },
            "speechAct": "인사하기",
            "morpheme": "A/SL+./SY+최선/NNG+을/JKO+다/MAG+하/VV+겠/EP+습니다/EF+#/SY+@/SY+소속/NNG+#/SY+#/SY+@/SY+이름/NNG+#/SY+입니다/VCP+EC"
          },
          {
            "id": 2,
            "text": "B.제가 어제 수업을 시작했는데요",
            "norm_text": "B.제가 어제 수업을 시작했는데요",
            "speaker": {
              "id": "B",
              "sex": "남성",
              "age": "1그룹(10대~20대)"
            },
            "speechAct": "진술하기",
            "morpheme": "B/SL+제/NP+가/JKS+어제/MAG+수업/NNG+을/JKO+시작/NNG+했/XSV+EP+는데요/EC"
          },
          {
            "id": 3,
            "text": "B.수업 mp3를 다운받고 싶은데 없어서 연락드려요",
            "norm_text": "B.수업 mp3를 다운받고 싶은데 없어서 연락드려요",
            "speaker": {
              "id": "B",
              "sex": "남성",
              "age": "1그룹(10대~20대)"
            },
            "speechAct": "진술하기",
            "morpheme": "B/SL+./SY+수업/NNG+mp/SL+3/SN+를/JKO+다운/NNG+받/VV+고/EC+싶/VX+은데/EC+없/VA+어서/EC+연락/NNG+드려요/VV+EC"
          },
          {
            "id": 4,
            "text": "A.어디서 다운받는지는 알고 계신가요",
            "norm_text": "A.어디서 다운받는지는 알고 계신가요",
            "speaker": {
              "id": "A",
              "sex": "여성",
              "age": "1그룹(10대~20대)"
            },
            "speechAct": "질문하기",
            "morpheme": "A/SL+어디/NP+서/JKB+다운/NNG+받/VV+는지/EC+는/JX+알/VV+고/EC+계신/VX+ETM+가요/NNG"
          },
          {
            "id": 5,
            "text": "B.네 나의출석부에서 피드백보기 누르면 되는거잖아요",
            "norm_text": "B.네 나의출석부에서 피드백보기 누르면 되는거잖아요",
            "speaker": {
              "id": "B",
              "sex": "남성",
              "age": "1그룹(10대~20대)"
            },
            "speechAct": "진술하기",
            "morpheme": "B/SL+네/IC+나/NP+의/JKG+출석부/NNG+에서/JKB+피드백/NNG+보/VV+기/ETN+누르/VV+면/EC+되/VV+는/ETM+거/NNB+잖아요/VCP+EC+VX+EC"
          },
          {
            "id": 6,
            "text": "A.맞습니다 흠 그럼 어디서 문제가 생긴것같은데요",
            "norm_text": "A.맞습니다 흠 그럼 어디서 문제가 생긴것같은데요",
            "speaker": {
              "id": "A",
              "sex": "여성",
              "age": "1그룹(10대~20대)"
            },
            "speechAct": "질문하기",
            "morpheme": "A/SL+맞/VV+습니다/EF+흠/IC+그럼/MAJ+어디/NP+서/JKB+문제/NNG+가/JKS+생긴/VV+ETM+것/NNB+같/VA+은데요/EC"
          },
          {
            "id": 7,
            "text": "B.그쵸 제가 아무리 찾아봐도 안나오더라고요",
            "norm_text": "B.그쵸 제가 아무리 찾아봐도 안나오더라고요",
            "speaker": {
              "id": "B",
              "sex": "남성",
              "age": "1그룹(10대~20대)"
            },
            "speechAct": "진술하기",
            "morpheme": "B/SL+그쵸/IC+제/NP+가/JKS+아무리/MAG+찾아봐/VV+EC+도/JX+안/MAG+나오/VV+더라고요/EC"
          },
          {
            "id": 8,
            "text": "A.회원님 혹시 어떤 수업을 진행하고 계신가요",
            "norm_text": "A.회원님 혹시 어떤 수업을 진행하고 계신가요",
            "speaker": {
              "id": "A",
              "sex": "여성",
              "age": "1그룹(10대~20대)"
            },
            "speechAct": "질문하기",
            "morpheme": "A/SL+./SY+회원/NNG+님/XSN+혹시/MAG+어떤/MM+수업/NNG+을/JKO+진행/NNG+하/XSV+고/EC+계신/VX+ETM+가요/NNG"
          },
          {
            "id": 9,
            "text": "B.아 저는 화상영어 수업 하고 있어요",
            "norm_text": "B.아 저는 화상영어 수업 하고 있어요",
            "speaker": {
              "id": "B",
              "sex": "남성",
              "age": "1그룹(10대~20대)"
            },
            "speechAct": "진술하기",
            "morpheme": "B/SL+아/IC+저/NP+는/JX+화상/NNG+영어/NNG+수업/NNG+하/XSV+고/EC+있/VX+어요/EF"
          },
          {
            "id": 10,
            "text": "A.죄송하지만 화상영어 수업자는 mp3 파일이 따로제공되지 않습니다",
            "norm_text": "A.죄송하지만 화상영어 수업자는 mp3 파일이 따로제공되지 않습니다",
            "speaker": {
              "id": "A",
              "sex": "여성",
              "age": "1그룹(10대~20대)"
            },
            "speechAct": "진술하기",
            "morpheme": "A/SL+죄송/XR+하/XSA+지만/EC+화상/NNG+영어/NNG+수업/NNG+자/XSN+는/JX+mp/SL+3/SN+파일/NNG+이/JKS+따로/MAG+제공/NNG+되/XSV+지/EC+않/VX+습니다/EF"
          },
          {
            "id": 11,
            "text": "B.아 그럼 그래서 그랬나 보네요 알려주셔서 감사해요",
            "norm_text": "B.아 그럼 그래서 그랬나 보네요 알려주셔서 감사해요",
            "speaker": {
              "id": "B",
              "sex": "남성",
              "age": "1그룹(10대~20대)"
            },
            "speechAct": "감사하기",
            "morpheme": "B/SL+아/IC+그럼/MAJ+그래서/MAJ+그랬/VV+EP+나/EC+보/VX+네요/EC+알려/VV+EC+주/VX+셔서/EP+EC+감사/NNG+해요/XSV+EC"
          },
          {
            "id": 12,
            "text": "A.네 감사합니다 좋은 하루 보내세요 #@이름# 이었습니다",
            "norm_text": "A.네 감사합니다 좋은 하루 보내세요 #@이름# 이었습니다",
            "speaker": {
              "id": "A",
              "sex": "여성",
              "age": "1그룹(10대~20대)"
            },
            "speechAct": "인사하기",
            "morpheme": "A/SL+네/IC+감사/NNG+합니다/XSV+EF+좋/VA+은/ETM+하루/NNG+보내/VV+세요/EP+EF+#/SY+@/SY+이름/NNG+#/SY+이/VCP+었/EP+습니다/EF"
          }
        ]
      }
    }
  ]
}