{
  "dataset": {
    "identifier": 139688,
    "name": "e1_20211115_0006_0249_01",
    "src_path": "/data/file/cubeManager/PROJECT018/91/txt20211110140003013676/e1_20211115_0006_0249_01/",
    "label_path": "/data/file/cubeManager/PROJECT018/91/txt20211110140003013676/e1_20211115_0006_0249_01/",
    "category": 2,
    "type": 0
  },
  "licenses": {
    "name": "Apache License 1.0",
    "url": "http://www.apache.org/licenses/LICENSE-1.0"
  },
  "info": [
    {
      "id": 157710,
      "filename": "e1_0066_0062_02.txt",
      "title": "e1_0066_0062_02",
      "mediatype": "콜센터",
      "medianame": "콜센터",
      "category": "목적대화",
      "date": "2021-11-10",
      "size": 289,
      "annotations": {
        "subject": "프로그램 문의",
        "speaker_type": "1:1",
        "size": 289,
        "word_size": 70,
        "text": "A. 기분좋은 아침입니다 #@소속# 상담원 #@이름#입니다\nB. 안녕하세요 핸드폰으로 강의 들을 수 있을까요\nA. 네 가능합니다 핸드폰으로 3G보단 와이파이로 이용해 강의 들으시는걸 추천드립니다\nB. 어 쓰리지로 이용하려고 했는데 안되나요\nA. 아니요 가능하신데 3G로 수강하시면 많은 통신요금이 부과될 수 있습니다\nB. 무제한 요금인데 상관없겠죠\nA. 네 3G 무제한 요금이시면 해당되지 않으실것 같습니다\nB. 아 네 다행이네요 감사합니다\nA. 다른 문의 없으신가요\nB. 네 더 없습니다\nA. 행복한 하루 되세요 #@이름# 이었습니다",
        "lines": [
          {
            "id": 1,
            "text": "A. 기분좋은 아침입니다 #@소속# 상담원 #@이름#입니다",
            "norm_text": "A. 기분좋은 아침입니다 #@소속# 상담원 #@이름#입니다",
            "speaker": {
              "id": "A",
              "sex": "여성",
              "age": "1그룹(10대~20대)"
            },
            "speechAct": "인사하기",
            "morpheme": "A/SL+./SY+기분/NNG+좋/VA+은/ETM+아침/NNG+입니다/VCP+EF+#/SY+@/SY+소속/NNG+#/SY+상담원/NNG+#/SY+@/SY+이름/NNG+#/SY+입니다/VCP+EC"
          },
          {
            "id": 2,
            "text": "B. 안녕하세요 핸드폰으로 강의 들을 수 있을까요",
            "norm_text": "B. 안녕하세요 핸드폰으로 강의 들을 수 있을까요",
            "speaker": {
              "id": "B",
              "sex": "남성",
              "age": "1그룹(10대~20대)"
            },
            "speechAct": "질문하기",
            "morpheme": "B/SL+./SY+안녕/NNG+하/XSV+세요/EP+EF+핸드폰/NNG+으로/JKB+강의/NNG+들/XSN+을/JKO+수/NNB+있/VV+을까요/EC"
          },
          {
            "id": 3,
            "text": "A. 네 가능합니다 핸드폰으로 3G보단 와이파이로 이용해 강의 들으시는걸 추천드립니다",
            "norm_text": "A.네 3G보단 와이파이로 이용해 강의 들으시는걸 추천드립니다",
            "speaker": {
              "id": "A",
              "sex": "여성",
              "age": "1그룹(10대~20대)"
            },
            "speechAct": "주장하기",
            "morpheme": "A/SL+네/MM+3/SN+G/SL+보단/JKB+JX+와이파이/NNP+로/JKB+이용/NNG+해/XSV+EC+강의/NNG+들으시는/VV+EP+ETM+걸/NNB+JKO+추천/NNG+드립니다/VV+EC"
          },
          {
            "id": 4,
            "text": "B. 어 쓰리지로 이용하려고 했는데 안되나요",
            "norm_text": "B. 어 쓰리지로 이용하려고 했는데 안되나요",
            "speaker": {
              "id": "B",
              "sex": "남성",
              "age": "1그룹(10대~20대)"
            },
            "speechAct": "질문하기",
            "morpheme": "B/SL+어/IC+쓰리/VA+지로/EC+이용/NNG+하/XSV+려고/EC+했/VX+EP+는데/EC+안/MAG+되/VV+나요/EC"
          },
          {
            "id": 5,
            "text": "A. 아니요 가능하신데 3G로 수강하시면 많은 통신요금이 부과될 수 있습니다",
            "norm_text": "A.아니요 가능한데 3G로 수강하면 많은 통신요금이 부과될 수 있습니다",
            "speaker": {
              "id": "A",
              "sex": "여성",
              "age": "1그룹(10대~20대)"
            },
            "speechAct": "진술하기",
            "morpheme": "A/SL+아니요/IC+가능/NNG+하/XSV+신/EP+ETM+데/NNB+3/SN+G/SL+로/JKB+수강/NNG+하/XSV+시/EP+면/EC+많/VA+은/ETM+통신/NNG+요금/NNG+이/JKS+부과/NNG+될/XSV+ETM+수/NNB+있/VV+습니다/EF"
          },
          {
            "id": 6,
            "text": "B. 무제한 요금인데 상관없겠죠",
            "norm_text": "B. 무제한 요금인데 상관없겠죠",
            "speaker": {
              "id": "B",
              "sex": "남성",
              "age": "1그룹(10대~20대)"
            },
            "speechAct": "질문하기",
            "morpheme": "B/SL+./SY+무/XPN+제한/NNG+요금/NNG+인데/VCP+EC+상관없/VA+겠/EP+죠/EF"
          },
          {
            "id": 7,
            "text": "A. 네 3G 무제한 요금이시면 해당되지 않으실것 같습니다",
            "norm_text": "A. 네 3G 무제한 요금이시면 해당되지 않으실것 같습니다",
            "speaker": {
              "id": "A",
              "sex": "여성",
              "age": "1그룹(10대~20대)"
            },
            "speechAct": "진술하기",
            "morpheme": "A/SL+네/MM+3/SN+G/SL+무제/NNG+한/XSA+ETM+요금/NNG+이/VCP+시/EP+면/EC+해당/NNG+되/XSV+지/EC+않/VX+으실/EP+ETM+것/NNB+같/VA+습니다/EF"
          },
          {
            "id": 8,
            "text": "B. 아 네 다행이네요 감사합니다",
            "norm_text": "B. 아 네 다행이네요 감사합니다",
            "speaker": {
              "id": "B",
              "sex": "남성",
              "age": "1그룹(10대~20대)"
            },
            "speechAct": "감사하기",
            "morpheme": "B/SL+아/IC+네/IC+다행/NNG+이/VCP+네요/EF+감사/NNG+합니다/XSV+EC"
          },
          {
            "id": 9,
            "text": "A. 다른 문의 없으신가요",
            "norm_text": "A. 다른 문의 없으신가요",
            "speaker": {
              "id": "A",
              "sex": "여성",
              "age": "1그룹(10대~20대)"
            },
            "speechAct": "질문하기",
            "morpheme": "A/SL+다른/MM+문/NNG+의/JKG+없/VA+으신/EP+ETM+가요/NNG"
          },
          {
            "id": 10,
            "text": "B. 네 더 없습니다",
            "norm_text": "B. 네 더 없습니다",
            "speaker": {
              "id": "B",
              "sex": "남성",
              "age": "1그룹(10대~20대)"
            },
            "speechAct": "진술하기",
            "morpheme": "B/SL+네/IC+더/MAG+없/VA+습니다/EF"
          },
          {
            "id": 11,
            "text": "A. 행복한 하루 되세요 #@이름# 이었습니다",
            "norm_text": "A. 행복한 하루 되세요 #@이름# 이었습니다1",
            "speaker": {
              "id": "A",
              "sex": "여성",
              "age": "1그룹(10대~20대)"
            },
            "speechAct": "인사하기",
            "morpheme": "A/SL+./SY+행복/NNG+한/XSA+ETM+하루/NNG+되/XSV+세요/EP+EF+#/SY+@/SY+이름/NNG+#/SY+이/VCP+었/EP+습니다/EF"
          }
        ]
      }
    }
  ]
}