{
  "dataset": {
    "identifier": 140266,
    "name": "e1_20211115_0006_0474_01",
    "src_path": "/data/file/cubeManager/PROJECT018/91/txt20211110140005031311/e1_20211115_0006_0474_01/",
    "label_path": "/data/file/cubeManager/PROJECT018/91/txt20211110140005031311/e1_20211115_0006_0474_01/",
    "category": 2,
    "type": 0
  },
  "licenses": {
    "name": "Apache License 1.0",
    "url": "http://www.apache.org/licenses/LICENSE-1.0"
  },
  "info": [
    {
      "id": 157948,
      "filename": "e1_0067_0089_02.txt",
      "title": "e1_0067_0089_02",
      "mediatype": "콜센터",
      "medianame": "콜센터",
      "category": "목적대화",
      "date": "2021-11-10",
      "size": 334,
      "annotations": {
        "subject": "프로그램 문의",
        "speaker_type": "1:1",
        "size": 334,
        "word_size": 88,
        "text": "A. 반갑습니다 #@소속# 입니다\nB. 저 모의고사 관련 문의 좀 드리고싶어요\nA. 안녕하세요 어떤 부분 도와드리면 될까요\nB. 제가 모의고사 응시 신청은 해놨었는데요\nB. 당일 지각으로 대면 응시를 못했습니다 어쩌죠\nA. 우선 데스크로 오시면 시험지와 해설지 드릴게요\nB. 받고나서는 제가 어떻게 하면 될까요\nA. 50분 시간 설정하시고 실제 응시처럼 문제 풀어주세요\nA. 그 뒤에 해설 보시고 정확히 채점까지 하셔야 합니다\nB. 네 채점하고 학원에 들고가면 될까요\nA. 수요일 오후 직접 방문 혹은 전화 상담 가능하실거에요\nB. 정말 감사합니다 지금 시험지 받으러 갈게요\nA. 네 합격을 기원합니다 있다가 뵙겠습니다",
        "lines": [
          {
            "id": 1,
            "text": "A. 반갑습니다 #@소속# 입니다",
            "norm_text": "A. 반갑습니다 #@소속# 입니다",
            "speaker": {
              "id": "A",
              "sex": "여성",
              "age": "1그룹(10대~20대)"
            },
            "speechAct": "인사하기",
            "morpheme": "A/SL+반갑/VA+습니다/EF+#/SY+@/SY+소속/NNG+#/SY+입니다/VCP+EC"
          },
          {
            "id": 2,
            "text": "B. 저 모의고사 관련 문의 좀 드리고싶어요",
            "norm_text": "B. 저 모의고사 관련 문의 좀 드리고싶어요",
            "speaker": {
              "id": "B",
              "sex": "남성",
              "age": "1그룹(10대~20대)"
            },
            "speechAct": "진술하기",
            "morpheme": "B/SL+저/MM+모의고사/NNG+관련/NNG+문/NNG+의/JKG+좀/MAG+드리/VV+고/EC+싶/VX+어요/EF"
          },
          {
            "id": 3,
            "text": "A. 안녕하세요 어떤 부분 도와드리면 될까요",
            "norm_text": "A. 안녕하세요 어떤 부분 도와드리면 될까요",
            "speaker": {
              "id": "A",
              "sex": "여성",
              "age": "1그룹(10대~20대)"
            },
            "speechAct": "질문하기",
            "morpheme": "A/SL+./SY+안녕/NNG+하/XSV+세요/EP+EF+어떤/MM+부분/NNG+도와/VV+EC+드리/VX+면/EC+될까요/VV+EC"
          },
          {
            "id": 4,
            "text": "B. 제가 모의고사 응시 신청은 해놨었는데요",
            "norm_text": "B. 제가 모의고사 응시 신청은 해놨었는데요",
            "speaker": {
              "id": "B",
              "sex": "남성",
              "age": "1그룹(10대~20대)"
            },
            "speechAct": "진술하기",
            "morpheme": "B/SL+제/NP+가/JKS+모의고사/NNG+응시/NNG+신청/NNG+은/JX+해/VV+EC+놨었/VX+EP+는데요/EC"
          },
          {
            "id": 5,
            "text": "B. 당일 지각으로 대면 응시를 못했습니다 어쩌죠",
            "norm_text": "B. 당일 지각으로 대면 응시를 못했습니다 어쩌죠",
            "speaker": {
              "id": "B",
              "sex": "남성",
              "age": "1그룹(10대~20대)"
            },
            "speechAct": "질문하기",
            "morpheme": "B/SL+./SY+당일/NNG+지각/NNG+으로/JKB+대/VV+면/EC+응시/NNG+를/JKO+못/MAG+했/VV+EP+습니다/EF+어쩌/VV+죠/EC"
          },
          {
            "id": 6,
            "text": "A. 우선 데스크로 오시면 시험지와 해설지 드릴게요",
            "norm_text": "A. 우선 데스크로 오시면 시험지와 해설지 드릴게요",
            "speaker": {
              "id": "A",
              "sex": "여성",
              "age": "1그룹(10대~20대)"
            },
            "speechAct": "진술하기",
            "morpheme": "A/SL+우선/MAG+데스크/NNG+로/JKB+오/VV+시/EP+면/EC+시험/NNG+지와/NNG+해/XSV+EC+설지/VV+EC+드릴게요/VX+EC"
          },
          {
            "id": 7,
            "text": "B. 받고나서는 제가 어떻게 하면 될까요",
            "norm_text": "B. 받고나서는 제가 어떻게 하면 될까요",
            "speaker": {
              "id": "B",
              "sex": "남성",
              "age": "1그룹(10대~20대)"
            },
            "speechAct": "질문하기",
            "morpheme": "B/SL+받/VV+고/EC+나서/VV+는/ETM+제/NP+가/JKS+어떻게/MAG+하/VV+면/EC+될까요/VV+EC"
          },
          {
            "id": 8,
            "text": "A. 50분 시간 설정하시고 실제 응시처럼 문제 풀어주세요",
            "norm_text": "A. 50분 시간 설정하시고 실제 응시처럼 문제 풀어주세요",
            "speaker": {
              "id": "A",
              "sex": "여성",
              "age": "1그룹(10대~20대)"
            },
            "speechAct": "진술하기",
            "morpheme": "A/SL+./SY+50/SN+분/NNBC+시간/NNG+설정/NNG+하/XSV+시/EP+고/EC+실제/NNG+응시/NNG+처럼/JKB+문제/NNG+풀/VV+어/EC+주/VX+세요/EP+EF"
          },
          {
            "id": 9,
            "text": "A. 그 뒤에 해설 보시고 정확히 채점까지 하셔야 합니다",
            "norm_text": "A. 그 뒤에 해설 보시고 정확히 채점까지 하셔야 합니다",
            "speaker": {
              "id": "A",
              "sex": "여성",
              "age": "1그룹(10대~20대)"
            },
            "speechAct": "진술하기",
            "morpheme": "A/SL+그/MM+뒤/NNG+에/JKB+해설/NNG+보/VV+시/EP+고/EC+정확히/MAG+채점/NNG+까지/JX+하/VV+셔야/EP+EC+합니다/VX+EC"
          },
          {
            "id": 10,
            "text": "B. 네 채점하고 학원에 들고가면 될까요",
            "norm_text": "B. 네 채점하고 학원에 들고가면 될까요",
            "speaker": {
              "id": "B",
              "sex": "남성",
              "age": "1그룹(10대~20대)"
            },
            "speechAct": "질문하기",
            "morpheme": "B/SL+네/IC+채점/NNG+하/XSV+고/EC+학원/NNG+에/JKB+들/VV+고/EC+가/VX+면/EC+될까요/VV+EC"
          },
          {
            "id": 11,
            "text": "A. 수요일 오후 직접 방문 혹은 전화 상담 가능하실거에요",
            "norm_text": "A. 수요일 오후 직접 방문 혹은 전화 상담 가능하실거에요",
            "speaker": {
              "id": "A",
              "sex": "여성",
              "age": "1그룹(10대~20대)"
            },
            "speechAct": "진술하기",
            "morpheme": "A/SL+./SY+수요일/NNG+오후/NNG+직접/MAG+방문/NNG+혹은/MAJ+전화/NNG+상담/NNG+가능/NNG+하/XSV+실/EP+ETM+거/NNB+에요/VCP+EF"
          },
          {
            "id": 12,
            "text": "B. 정말 감사합니다 지금 시험지 받으러 갈게요",
            "norm_text": "B. 정말 감사합니다 지금 시험지 받으러 갈게요",
            "speaker": {
              "id": "B",
              "sex": "남성",
              "age": "1그룹(10대~20대)"
            },
            "speechAct": "약속하기(개인적 수준의 서약)",
            "morpheme": "B/SL+정말/MAG+감사/NNG+합니다/XSV+EF+지금/MAG+시험지/NNG+받/VV+으러/EC+갈게요/VV+EC"
          },
          {
            "id": 13,
            "text": "A. 네 합격을 기원합니다 있다가 뵙겠습니다",
            "norm_text": "A. 네 합격을 기원합니다 있다가 뵙겠습니다",
            "speaker": {
              "id": "A",
              "sex": "여성",
              "age": "1그룹(10대~20대)"
            },
            "speechAct": "진술하기",
            "morpheme": "A/SL+네/IC+합격/NNG+을/JKO+기원/NNG+합니다/XSV+EC+있/VX+다가/EC+뵙/VV+겠/EP+습니다/EF"
          }
        ]
      }
    }
  ]
}