{
  "dataset": {
    "identifier": 140993,
    "name": "e1_20211115_0006_0650_01",
    "src_path": "/data/file/cubeManager/PROJECT018/91/txt20211110140010076816/e1_20211115_0006_0650_01/",
    "label_path": "/data/file/cubeManager/PROJECT018/91/txt20211110140010076816/e1_20211115_0006_0650_01/",
    "category": 2,
    "type": 0
  },
  "licenses": {
    "name": "Apache License 1.0",
    "url": "http://www.apache.org/licenses/LICENSE-1.0"
  },
  "info": [
    {
      "id": 158627,
      "filename": "e1_0070_0028_02.txt",
      "title": "e1_0070_0028_02",
      "mediatype": "콜센터",
      "medianame": "콜센터",
      "category": "목적대화",
      "date": "2021-11-10",
      "size": 298,
      "annotations": {
        "subject": "프로그램 문의",
        "speaker_type": "1:1",
        "size": 298,
        "word_size": 76,
        "text": "A. 감사합니다 #@소속# 상담사 #@이름#입니다\nB. 네 저 문의할게 있어서 전화드렸어요\nA. 네 고객님 어떤 점이 궁금하신가요\nB. 여기 이거 모바일 등록기기 제한이 있나요\nA. 고객님 스트리밍 재생의 경우에는 별도의 기기 제한이 없습니다\nB. 아 그런가요 PC로 들을 때는 제한이 없다는 거죠\nA. 네 제한이 없습니다 고객님\nB. 아 그러면 강의 다운로드할 수 있어요\nA. 고객님 PC의 경우에는 다운로드가 불가능하세요\nA. 하지만 MP3 다운로드는 가능합니다\nB. 아 네 그렇군요 알겠습니다\nA. 네 지금까지 #@소속# 상담사 #@이름#이었습니다",
        "lines": [
          {
            "id": 1,
            "text": "A. 감사합니다 #@소속# 상담사 #@이름#입니다",
            "norm_text": "A. 감사합니다 #@소속# 상담사 #@이름#입니다",
            "speaker": {
              "id": "A",
              "sex": "여성",
              "age": "2그룹(30대~40대)"
            },
            "speechAct": "인사하기",
            "morpheme": "A/SL+./SY+감사/NNG+합니다/XSV+EF+#/SY+@/SY+소속/NNG+#/SY+상담/NNG+사/NNG+#/SY+@/SY+이름/NNG+#/SY+입니다/VCP+EC"
          },
          {
            "id": 2,
            "text": "B. 네 저 문의할게 있어서 전화드렸어요",
            "norm_text": "B. 네 저 문의할게 있어서 전화드렸어요",
            "speaker": {
              "id": "B",
              "sex": "남성",
              "age": "2그룹(30대~40대)"
            },
            "speechAct": "진술하기",
            "morpheme": "B/SL+네/IC+저/MM+문의/NNG+할/XSV+ETM+게/NNB+JKS+있/VA+어서/EC+전화/NNG+드렸/VV+EP+어요/EF"
          },
          {
            "id": 3,
            "text": "A. 네 고객님 어떤 점이 궁금하신가요",
            "norm_text": "A. 네 고객님 어떤 점이 궁금하신가요",
            "speaker": {
              "id": "A",
              "sex": "여성",
              "age": "2그룹(30대~40대)"
            },
            "speechAct": "질문하기",
            "morpheme": "A/SL+네/IC+고객/NNG+님/XSN+어떤/MM+점/NNG+이/JKS+궁금/XR+하/XSA+신가요/EP+EC"
          },
          {
            "id": 4,
            "text": "B. 여기 이거 모바일 등록기기 제한이 있나요",
            "norm_text": "B. 여기 이거 모바일 등록기기 제한이 있나요",
            "speaker": {
              "id": "B",
              "sex": "남성",
              "age": "2그룹(30대~40대)"
            },
            "speechAct": "질문하기",
            "morpheme": "B/SL+여기/NP+이거/NP+모바일/NNP+등록/NNG+기기/NNG+제한/NNG+이/JKS+있/VV+나요/EC"
          },
          {
            "id": 5,
            "text": "A. 고객님 스트리밍 재생의 경우에는 별도의 기기 제한이 없습니다",
            "norm_text": "A. 고객님 스트리밍 재생의 경우에는 별도의 기기 제한이 없습니다",
            "speaker": {
              "id": "A",
              "sex": "여성",
              "age": "2그룹(30대~40대)"
            },
            "speechAct": "진술하기",
            "morpheme": "A/SL+./SY+고객/NNG+님/XSN+스트리밍/NNP+재생/NNG+의/JKG+경우/NNG+에/JKB+는/JX+별도/NNG+의/JKG+기기/NNG+제한/NNG+이/JKS+없/VA+습니다/EF"
          },
          {
            "id": 6,
            "text": "B. 아 그런가요 PC로 들을 때는 제한이 없다는 거죠",
            "norm_text": "B. 아 그런가요 PC로 들을 때는 제한이 없다는 거죠",
            "speaker": {
              "id": "B",
              "sex": "남성",
              "age": "2그룹(30대~40대)"
            },
            "speechAct": "질문하기",
            "morpheme": "B/SL+아/IC+그런/MM+가요/NNG+PC/SL+로/JKB+들/VV+을/ETM+때/NNG+는/JX+제한/NNG+이/JKS+없/VA+다는/ETM+거/NNB+죠/VCP+EC"
          },
          {
            "id": 7,
            "text": "A. 네 제한이 없습니다 고객님",
            "norm_text": "A. 네 제한이 없습니다 고객님",
            "speaker": {
              "id": "A",
              "sex": "여성",
              "age": "2그룹(30대~40대)"
            },
            "speechAct": "진술하기",
            "morpheme": "A/SL+네/IC+제한/NNG+이/JKS+없/VA+습니다/EF+고객/NNG+님/XSN"
          },
          {
            "id": 8,
            "text": "B. 아 그러면 강의 다운로드할 수 있어요",
            "norm_text": "B. 아 그러면 강의 다운로드할 수 있어요",
            "speaker": {
              "id": "B",
              "sex": "남성",
              "age": "2그룹(30대~40대)"
            },
            "speechAct": "질문하기",
            "morpheme": "B/SL+아/IC+그러면/MAJ+강의/NNG+다운/XSA+ETM+로드/NNG+할/XSV+ETM+수/NNB+있/VV+어요/EF"
          },
          {
            "id": 9,
            "text": "A. 고객님 PC의 경우에는 다운로드가 불가능하세요",
            "norm_text": "A. 고객님 PC의 경우에는 다운로드가 불가능하세요",
            "speaker": {
              "id": "A",
              "sex": "여성",
              "age": "2그룹(30대~40대)"
            },
            "speechAct": "진술하기",
            "morpheme": "A/SL+./SY+고객/NNG+님/XSN+PC/SL+의/JKG+경우/NNG+에/JKB+는/JX+다운로드/NNG+가/JKS+불/XPN+가능/NNG+하/XSV+세요/EP+EF"
          },
          {
            "id": 10,
            "text": "A. 하지만 MP3 다운로드는 가능합니다",
            "norm_text": "A. 하지만 MP3 다운로드는 가능합니다",
            "speaker": {
              "id": "A",
              "sex": "여성",
              "age": "2그룹(30대~40대)"
            },
            "speechAct": "진술하기",
            "morpheme": "A/SL+하/VV+지만/EC+MP/SL+3/SN+다운로드/NNG+는/JX+가능/NNG+합니다/XSV+EC"
          },
          {
            "id": 11,
            "text": "B. 아 네 그렇군요 알겠습니다",
            "norm_text": "B. 아 네 그렇군요 알겠습니다",
            "speaker": {
              "id": "B",
              "sex": "남성",
              "age": "2그룹(30대~40대)"
            },
            "speechAct": "진술하기",
            "morpheme": "B/SL+아/IC+네/IC+그렇/VA+군요/EC+알/VV+겠/EP+습니다/EF"
          },
          {
            "id": 12,
            "text": "A. 네 지금까지 #@소속# 상담사 #@이름#이었습니다",
            "norm_text": "A. 네 지금까지 #@소속# 상담사 #@이름#이었습니다",
            "speaker": {
              "id": "A",
              "sex": "여성",
              "age": "2그룹(30대~40대)"
            },
            "speechAct": "인사하기",
            "morpheme": "A/SL+네/IC+지금/NNG+까지/JX+#/SY+@/SY+소속/NNG+#/SY+상담/NNG+사/NNG+#/SY+@/SY+이름/NNG+#/SY+이/VCP+었/EP+습니다/EF"
          }
        ]
      }
    }
  ]
}