{
  "dataset": {
    "identifier": 140269,
    "name": "e1_20211115_0006_0475_01",
    "src_path": "/data/file/cubeManager/PROJECT018/91/txt20211110140005032097/e1_20211115_0006_0475_01/",
    "label_path": "/data/file/cubeManager/PROJECT018/91/txt20211110140005032097/e1_20211115_0006_0475_01/",
    "category": 2,
    "type": 0
  },
  "licenses": {
    "name": "Apache License 1.0",
    "url": "http://www.apache.org/licenses/LICENSE-1.0"
  },
  "info": [
    {
      "id": 157949,
      "filename": "e1_0067_0090_02.txt",
      "title": "e1_0067_0090_02",
      "mediatype": "콜센터",
      "medianame": "콜센터",
      "category": "목적대화",
      "date": "2021-11-10",
      "size": 282,
      "annotations": {
        "subject": "프로그램 문의",
        "speaker_type": "1:1",
        "size": 282,
        "word_size": 75,
        "text": "A. 반갑습니다 최다 합격생 배출 #@소속#입니다\nB. 네 저 수학반 수강예정이라 여쭤볼게 있어요\nA. 네 수강 관련 어떤 부분 궁금하신가요\nB. 혹시 다음달 개강 날짜가 언제일까요\nA. 수학반은 10월 1일 개강입니다\nB. 제가 미적분은 따로 끝내놓은 상황인데요\nB. 혹시 배울 내용이 중복되진 않을까요\nA. 10월 수강 내용은 선형대수라 중복 없으세요\nB. 아 다행이네요 등록은 꼭 미리 해야할까요\nA. 개강 당일에 학원 오셔서 등록 가능합니다\nB. 감사합니다 개강날에 뵐게요\nA. 네 좋은 하루 되시고 코로나 조심하세요",
        "lines": [
          {
            "id": 1,
            "text": "A. 반갑습니다 최다 합격생 배출 #@소속#입니다",
            "norm_text": "A. 반갑습니다 최다 합격생 배출 #@소속#입니다",
            "speaker": {
              "id": "A",
              "sex": "여성",
              "age": "1그룹(10대~20대)"
            },
            "speechAct": "인사하기",
            "morpheme": "A/SL+반갑/VA+습니다/EF+최다/NNG+합격/NNG+생/XSN+배출/NNG+#/SY+@/SY+소속/NNG+#/SY+입니다/VCP+EC"
          },
          {
            "id": 2,
            "text": "B. 네 저 수학반 수강예정이라 여쭤볼게 있어요",
            "norm_text": "B. 네 저 수학반 수강예정이라 여쭤볼게 있어요",
            "speaker": {
              "id": "B",
              "sex": "남성",
              "age": "1그룹(10대~20대)"
            },
            "speechAct": "진술하기",
            "morpheme": "B/SL+네/IC+저수/NNG+학반/NNG+수강/NNG+예정/NNG+이/VCP+라/EC+여쭤볼/VV+EC+VX+ETM+게/NNB+JKS+있/VA+어요/EF"
          },
          {
            "id": 3,
            "text": "A. 네 수강 관련 어떤 부분 궁금하신가요",
            "norm_text": "A. 네 수강 관련 어떤 부분 궁금하신가요",
            "speaker": {
              "id": "A",
              "sex": "여성",
              "age": "1그룹(10대~20대)"
            },
            "speechAct": "질문하기",
            "morpheme": "A/SL+네/IC+수강/NNG+관련/NNG+어떤/MM+부분/NNG+궁금/XR+하/XSA+신가요/EP+EC"
          },
          {
            "id": 4,
            "text": "B. 혹시 다음달 개강 날짜가 언제일까요",
            "norm_text": "B. 혹시 다음달 개강 날짜가 언제일까요",
            "speaker": {
              "id": "B",
              "sex": "남성",
              "age": "1그룹(10대~20대)"
            },
            "speechAct": "질문하기",
            "morpheme": "B/SL+혹시/MAG+다음/NNG+달/NNG+개강/NNG+날짜/NNG+가/JKS+언제/NP+일까요/VCP+EC"
          },
          {
            "id": 5,
            "text": "A. 수학반은 10월 1일 개강입니다",
            "norm_text": "A. 수학반은 10월 1일 개강입니다",
            "speaker": {
              "id": "A",
              "sex": "여성",
              "age": "1그룹(10대~20대)"
            },
            "speechAct": "진술하기",
            "morpheme": "A/SL+./SY+수학/NNG+반/NNG+은/JX+10/SN+월/NNBC+1/SN+일/NNBC+개강/NNG+입니다/VCP+EC"
          },
          {
            "id": 6,
            "text": "B. 제가 미적분은 따로 끝내놓은 상황인데요",
            "norm_text": "B. 제가 미적분은 따로 끝내놓은 상황인데요",
            "speaker": {
              "id": "B",
              "sex": "남성",
              "age": "1그룹(10대~20대)"
            },
            "speechAct": "진술하기",
            "morpheme": "B/SL+제/NP+가/JKS+미적분/NNG+은/JX+따로/MAG+끝내/VV+EC+놓/VX+은/ETM+상황/NNG+인데요/VCP+EC"
          },
          {
            "id": 7,
            "text": "B. 혹시 배울 내용이 중복되진 않을까요",
            "norm_text": "B. 혹시 배울 내용이 중복되진 않을까요",
            "speaker": {
              "id": "B",
              "sex": "남성",
              "age": "1그룹(10대~20대)"
            },
            "speechAct": "질문하기",
            "morpheme": "B/SL+혹시/MAG+배울/VV+ETM+내용/NNG+이/JKS+중복/NNG+되/XSV+진/EC+JX+않/VX+을까요/EC"
          },
          {
            "id": 8,
            "text": "A. 10월 수강 내용은 선형대수라 중복 없으세요",
            "norm_text": "A. 10월 수강 내용은 선형대수라 중복 없으세요",
            "speaker": {
              "id": "A",
              "sex": "여성",
              "age": "1그룹(10대~20대)"
            },
            "speechAct": "진술하기",
            "morpheme": "A/SL+./SY+10/SN+월/NNBC+수강/NNG+내용/NNG+은/JX+선형/NNG+대수/NNG+라/VCP+EC+중복/NNG+없/VA+으세요/EP+EP+EC"
          },
          {
            "id": 9,
            "text": "B. 아 다행이네요 등록은 꼭 미리 해야할까요",
            "norm_text": "B. 아 다행이네요 등록은 꼭 미리 해야할까요",
            "speaker": {
              "id": "B",
              "sex": "남성",
              "age": "1그룹(10대~20대)"
            },
            "speechAct": "질문하기",
            "morpheme": "B/SL+아/IC+다행/NNG+이/VCP+네요/EF+등록/NNG+은/JX+꼭/MAG+미리/MAG+해야/VV+EC+할까요/VX+EC"
          },
          {
            "id": 10,
            "text": "A. 개강 당일에 학원 오셔서 등록 가능합니다",
            "norm_text": "A. 개강 당일에 학원 오셔서 등록 가능합니다",
            "speaker": {
              "id": "A",
              "sex": "여성",
              "age": "1그룹(10대~20대)"
            },
            "speechAct": "진술하기",
            "morpheme": "A/SL+./SY+개강/NNG+당일/NNG+에/JKB+학원/NNG+오/VV+셔서/EP+EC+등록/NNG+가능/NNG+합니다/XSV+EC"
          },
          {
            "id": 11,
            "text": "B. 감사합니다 개강날에 뵐게요",
            "norm_text": "B. 감사합니다 개강날에 뵐게요",
            "speaker": {
              "id": "B",
              "sex": "남성",
              "age": "1그룹(10대~20대)"
            },
            "speechAct": "인사하기",
            "morpheme": "B/SL+./SY+감사/NNG+합니다/XSV+EF+개강/NNG+날/NNG+에/JKB+뵐/VV+ETM+게요/NNB+VCP+EC"
          },
          {
            "id": 12,
            "text": "A. 네 좋은 하루 되시고 코로나 조심하세요",
            "norm_text": "A. 네 좋은 하루 되시고 코로나 조심하세요",
            "speaker": {
              "id": "A",
              "sex": "여성",
              "age": "1그룹(10대~20대)"
            },
            "speechAct": "인사하기",
            "morpheme": "A/SL+네/IC+좋/VA+은/ETM+하루/NNG+되/XSV+시/EP+고/EC+코로나/NNG+조심/NNG+하/XSV+세요/EP+EF"
          }
        ]
      }
    }
  ]
}