{
  "dataset": {
    "identifier": 140432,
    "name": "e1_20211115_0006_0512_01",
    "src_path": "/data/file/cubeManager/PROJECT018/91/txt20211110140005059174/e1_20211115_0006_0512_01/",
    "label_path": "/data/file/cubeManager/PROJECT018/91/txt20211110140005059174/e1_20211115_0006_0512_01/",
    "category": 2,
    "type": 0
  },
  "licenses": {
    "name": "Apache License 1.0",
    "url": "http://www.apache.org/licenses/LICENSE-1.0"
  },
  "info": [
    {
      "id": 157986,
      "filename": "e1_0067_0127_02.txt",
      "title": "e1_0067_0127_02",
      "mediatype": "콜센터",
      "medianame": "콜센터",
      "category": "목적대화",
      "date": "2021-11-10",
      "size": 353,
      "annotations": {
        "subject": "프로그램 문의",
        "speaker_type": "1:1",
        "size": 353,
        "word_size": 93,
        "text": "A. 반갑습니다 #@소속# 입니다\nB. 네 저 편입준비생인데 수강날짜 문의 좀 할게요\nA. 네 어떤 부분 안내 도와드릴까요\nB. 현재 진행중인 수학반 목요일로 알고있는데요\nB. 다른 요일 선택은 가능한지 알고싶어요\nA. 말씀하신 수학 선행반은 목요일 단독 운영입니다\nB. 아 제가 사정상 목요일에 못듣는데요\nB. 주말반 개설될 일은 혹시 없을까요\nA. 죄송하지만 현재는 확정된 계획이 없는데요\nA. 많은 분들이 주말반 문의주셔서 추가 개설 여지는 있습니다\nB. 그럼 주말반 생기면 바로 어떻게 알 수 있나요\nA. 추가 개설시 홈페이지에 미리 안내되니 참고해주세요\nB. 네 알겠습니다 계속 눈여겨 봐야겠네요\nA. 감사합니다 다른 문의 생기시면 또 전화주세요",
        "lines": [
          {
            "id": 1,
            "text": "A. 반갑습니다 #@소속# 입니다",
            "norm_text": "A. 반갑습니다 #@소속# 입니다",
            "speaker": {
              "id": "A",
              "sex": "여성",
              "age": "1그룹(10대~20대)"
            },
            "speechAct": "인사하기",
            "morpheme": "A/SL+반갑/VA+습니다/EF+#/SY+@/SY+소속/NNG+#/SY+입니다/VCP+EC"
          },
          {
            "id": 2,
            "text": "B. 네 저 편입준비생인데 수강날짜 문의 좀 할게요",
            "norm_text": "B. 네 저 편입준비생인데 수강날짜 문의 좀 할게요",
            "speaker": {
              "id": "B",
              "sex": "남성",
              "age": "1그룹(10대~20대)"
            },
            "speechAct": "진술하기",
            "morpheme": "B/SL+네/IC+저/MM+편입/NNG+준비/NNG+생/XSN+인데/VCP+EC+수강/NNG+날짜/NNG+문/NNG+의/JKG+좀/MAG+할게요/VV+EC"
          },
          {
            "id": 3,
            "text": "A. 네 어떤 부분 안내 도와드릴까요",
            "norm_text": "A. 네 어떤 부분 안내 도와드릴까요",
            "speaker": {
              "id": "A",
              "sex": "여성",
              "age": "1그룹(10대~20대)"
            },
            "speechAct": "질문하기",
            "morpheme": "A/SL+네/IC+어떤/MM+부분/NNG+안내/NNG+도와/VV+EC+드릴까요/VX+EC"
          },
          {
            "id": 4,
            "text": "B. 현재 진행중인 수학반 목요일로 알고있는데요",
            "norm_text": "B. 현재 진행중인 수학반 목요일로 알고있는데요",
            "speaker": {
              "id": "B",
              "sex": "남성",
              "age": "1그룹(10대~20대)"
            },
            "speechAct": "진술하기",
            "morpheme": "B/SL+현재/MAG+진행/NNG+중/NNB+인/VCP+ETM+수/NNB+학반/NNG+목요일/NNG+로/JKB+알/VV+고/EC+있/VX+는데요/EC"
          },
          {
            "id": 5,
            "text": "B. 다른 요일 선택은 가능한지 알고싶어요",
            "norm_text": "B. 다른 요일 선택은 가능한지 알고싶어요",
            "speaker": {
              "id": "B",
              "sex": "남성",
              "age": "1그룹(10대~20대)"
            },
            "speechAct": "진술하기",
            "morpheme": "B/SL+다른/MM+요일/NNG+선택/NNG+은/JX+가능/NNG+한지/XSA+EC+알/VV+고/EC+싶/VX+어요/EF"
          },
          {
            "id": 6,
            "text": "A. 말씀하신 수학 선행반은 목요일 단독 운영입니다",
            "norm_text": "A. 말씀하신 수학 선행반은 목요일 단독 운영입니다",
            "speaker": {
              "id": "A",
              "sex": "여성",
              "age": "1그룹(10대~20대)"
            },
            "speechAct": "진술하기",
            "morpheme": "A/SL+./SY+말씀/NNG+하/XSV+신/EP+ETM+수학/NNG+선행/NNG+반/NNG+은/JX+목요일/NNG+단독/NNG+운영/NNG+입니다/VCP+EC"
          },
          {
            "id": 7,
            "text": "B. 아 제가 사정상 목요일에 못듣는데요",
            "norm_text": "B. 아 제가 사정상 목요일에 못듣는데요",
            "speaker": {
              "id": "B",
              "sex": "남성",
              "age": "1그룹(10대~20대)"
            },
            "speechAct": "진술하기",
            "morpheme": "B/SL+아/IC+제/NP+가/JKS+사정/NNG+상/XSN+목요일/NNG+에/JKB+못/MAG+듣/VV+는데요/EC"
          },
          {
            "id": 8,
            "text": "B. 주말반 개설될 일은 혹시 없을까요",
            "norm_text": "B. 주말반 개설될 일은 혹시 없을까요",
            "speaker": {
              "id": "B",
              "sex": "남성",
              "age": "1그룹(10대~20대)"
            },
            "speechAct": "질문하기",
            "morpheme": "B/SL+./SY+주말/NNG+반/NNG+개설/NNG+될/XSV+ETM+일/NNG+은/JX+혹시/MAG+없/VA+을까요/EC"
          },
          {
            "id": 9,
            "text": "A. 죄송하지만 현재는 확정된 계획이 없는데요",
            "norm_text": "A. 죄송하지만 현재는 확정된 계획이 없는데요",
            "speaker": {
              "id": "A",
              "sex": "여성",
              "age": "1그룹(10대~20대)"
            },
            "speechAct": "진술하기",
            "morpheme": "A/SL+죄송/XR+하/XSA+지만/EC+현재/NNG+는/JX+확정/NNG+된/XSV+ETM+계획/NNG+이/JKS+없/VA+는데요/EC"
          },
          {
            "id": 10,
            "text": "A. 많은 분들이 주말반 문의주셔서 추가 개설 여지는 있습니다",
            "norm_text": "A. 많은 분들이 주말반 문의주셔서 추가 개설 여지는 있습니다",
            "speaker": {
              "id": "A",
              "sex": "여성",
              "age": "1그룹(10대~20대)"
            },
            "speechAct": "진술하기",
            "morpheme": "A/SL+많/VA+은/ETM+분/NNB+들/XSN+이/JKS+주말/NNG+반문/NNG+의/JKG+주/VV+셔서/EP+EC+추가/NNG+개설/NNG+여지/NNB+는/JX+있/VX+습니다/EF"
          },
          {
            "id": 11,
            "text": "B. 그럼 주말반 생기면 바로 어떻게 알 수 있나요",
            "norm_text": "B. 그럼 주말반 생기면 바로 어떻게 알 수 있나요",
            "speaker": {
              "id": "B",
              "sex": "남성",
              "age": "1그룹(10대~20대)"
            },
            "speechAct": "질문하기",
            "morpheme": "B/SL+그럼/MAJ+주말/NNG+반/NNG+생기/VV+면/EC+바로/MAG+어떻게/MAG+알/VV+ETM+수/NNB+있/VV+나요/EC"
          },
          {
            "id": 12,
            "text": "A. 추가 개설시 홈페이지에 미리 안내되니 참고해주세요",
            "norm_text": "A. 추가 개설시 홈페이지에 미리 안내되니 참고해주세요",
            "speaker": {
              "id": "A",
              "sex": "여성",
              "age": "1그룹(10대~20대)"
            },
            "speechAct": "부탁하기",
            "morpheme": "A/SL+./SY+추가/NNG+개설/NNG+시/NNB+홈페이지/NNG+에/JKB+미리/MAG+안내/NNG+되/XSV+니/EC+참고/NNG+해/XSV+EC+주/VX+세요/EP+EF"
          },
          {
            "id": 13,
            "text": "B. 네 알겠습니다 계속 눈여겨 봐야겠네요",
            "norm_text": "B. 네 알겠습니다 계속 눈여겨 봐야겠네요",
            "speaker": {
              "id": "B",
              "sex": "남성",
              "age": "1그룹(10대~20대)"
            },
            "speechAct": "진술하기",
            "morpheme": "B/SL+네/IC+알/VV+겠/EP+습니다/EF+계속/MAG+눈여겨/VV+EC+봐야/VX+EC+VV+겠/EP+네요/EC"
          },
          {
            "id": 14,
            "text": "A. 감사합니다 다른 문의 생기시면 또 전화주세요",
            "norm_text": "A. 감사합니다 다른 문의 생기시면 또 전화주세요",
            "speaker": {
              "id": "A",
              "sex": "여성",
              "age": "1그룹(10대~20대)"
            },
            "speechAct": "인사하기",
            "morpheme": "A/SL+./SY+감사/NNG+합니다/XSV+EF+다른/MM+문/NNG+의/JKG+생기/VV+시/EP+면/EC+또/MAG+전화/NNG+주세요/NNP"
          }
        ]
      }
    }
  ]
}