{
  "dataset": {
    "identifier": 140949,
    "name": "e1_20211115_0006_0613_01",
    "src_path": "/data/file/cubeManager/PROJECT018/91/txt20211110140009007723/e1_20211115_0006_0613_01/",
    "label_path": "/data/file/cubeManager/PROJECT018/91/txt20211110140009007723/e1_20211115_0006_0613_01/",
    "category": 2,
    "type": 0
  },
  "licenses": {
    "name": "Apache License 1.0",
    "url": "http://www.apache.org/licenses/LICENSE-1.0"
  },
  "info": [
    {
      "id": 158392,
      "filename": "e1_0069_0035_02.txt",
      "title": "e1_0069_0035_02",
      "mediatype": "콜센터",
      "medianame": "콜센터",
      "category": "목적대화",
      "date": "2021-11-10",
      "size": 343,
      "annotations": {
        "subject": "프로그램 문의",
        "speaker_type": "1:1",
        "size": 343,
        "word_size": 78,
        "text": "A.늦게 받아 죄송합니다 #@소속# #@이름#입니다\nB.#@상품# 회원인데 학생부 평가 프로그램이 무엇인가요\nA.네 학생부 평가 프로그램은요\nA.학생부 내용을 고교 입시 기준에 맞춰 평가하고 점수화해서요\nA.합격생과 비교를 통해 객관적인 목표를 제시해드리고요\nA.약점 보완을 위한 1 대 1 컨설팅도 제공해 드리는 프로그램입니다\nB.아 그러면 학생부 기준이 뭐예요\nA.학생부는 한 개의 학년 1회 기준입니다\nB.학년이 1 2 3학년 세개인가요\nA.평가 학년은 1학년 2학년 3학년 1학기 3학년 2학기 네 개고요\nA.#@상품# 회원은 수강 기간 동안 이용 가능하십니다\nB.네 설명 감사합니다\nA.감사합니다 #@소속# #@이름#이었습니다",
        "lines": [
          {
            "id": 1,
            "text": "A.늦게 받아 죄송합니다 #@소속# #@이름#입니다",
            "norm_text": "A.늦게 받아 죄송합니다 #@소속# #@이름#입니다",
            "speaker": {
              "id": "A",
              "sex": "여성",
              "age": "1그룹(10대~20대)"
            },
            "speechAct": "사과하기",
            "morpheme": "A/SL+늦/VA+게/EC+받/VV+아/EC+죄송/XR+합니다/XSA+EF+#/SY+@/SY+소속/NNG+#/SY+#/SY+@/SY+이름/NNG+#/SY+입니다/VCP+EC"
          },
          {
            "id": 2,
            "text": "B.#@상품# 회원인데 학생부 평가 프로그램이 무엇인가요",
            "norm_text": "B.#@상품# 회원인데 학생부 평가 프로그램이 무엇인가요",
            "speaker": {
              "id": "B",
              "sex": "남성",
              "age": "1그룹(10대~20대)"
            },
            "speechAct": "질문하기",
            "morpheme": "B/SL+./SY+#/SY+@/SY+상품/NNG+#/SY+회원/NNG+인데/VCP+EC+학생/NNG+부평/NNG+가프/NNG+로/JKB+그램/NNG+이/JKS+무엇/NP+인가요/VCP+EC"
          },
          {
            "id": 3,
            "text": "A.네 학생부 평가 프로그램은요",
            "norm_text": "A.네 학생부 평가 프로그램은요",
            "speaker": {
              "id": "A",
              "sex": "여성",
              "age": "1그룹(10대~20대)"
            },
            "speechAct": "진술하기",
            "morpheme": "A/SL+네/IC+학생/NNG+부평/NNG+가프/NNG+로/JKB+그램/NNG+은/JX+요/JX"
          },
          {
            "id": 4,
            "text": "A.학생부 내용을 고교 입시 기준에 맞춰 평가하고 점수화해서요",
            "norm_text": "A.학생부 내용을 고교 입시 기준에 맞춰 평가하고 점수화해서요",
            "speaker": {
              "id": "A",
              "sex": "여성",
              "age": "1그룹(10대~20대)"
            },
            "speechAct": "진술하기",
            "morpheme": "A/SL+./SY+학생/NNG+부/NNG+내용/NNG+을/JKO+고교/NNG+입시/NNG+기준/NNG+에/JKB+맞춰/VV+EC+평가/NNG+하/XSV+고/EC+점수/NNG+화/XSN+해서/XSV+EC+VCP+VCP+요/EC"
          },
          {
            "id": 5,
            "text": "A.합격생과 비교를 통해 객관적인 목표를 제시해드리고요",
            "norm_text": "A.합격생과 비교를 통해 객관적인 목표를 제시해드리고요",
            "speaker": {
              "id": "A",
              "sex": "여성",
              "age": "1그룹(10대~20대)"
            },
            "speechAct": "진술하기",
            "morpheme": "A/SL+./SY+합격/NNG+생/XSN+과/JC+비교/NNG+를/JKO+통해/VV+EC+객관/XR+적/XSN+인/VCP+ETM+목표/NNG+를/JKO+제시/NNG+해/XSV+EC+드리/VX+고요/EC"
          },
          {
            "id": 6,
            "text": "A.약점 보완을 위한 1 대 1 컨설팅도 제공해 드리는 프로그램입니다",
            "norm_text": "A.약점 보완을 위한 1 대 1 컨설팅도 제공해 드리는 프로그램입니다",
            "speaker": {
              "id": "A",
              "sex": "여성",
              "age": "1그룹(10대~20대)"
            },
            "speechAct": "진술하기",
            "morpheme": "A/SL+./SY+약점/NNG+보완/NNG+을/JKO+위한/VV+ETM+1/SN+대/NNBC+1/SN+컨설팅/NNG+도/JX+제공/NNG+해/XSV+EC+드리/VX+는/ETM+프로그램/NNG+입니다/VCP+EC"
          },
          {
            "id": 7,
            "text": "B.아 그러면 학생부 기준이 뭐예요",
            "norm_text": "B.아 그러면 학생부 기준이 뭐예요",
            "speaker": {
              "id": "B",
              "sex": "남성",
              "age": "1그룹(10대~20대)"
            },
            "speechAct": "질문하기",
            "morpheme": "B/SL+아/IC+그러면/MAJ+학생/NNG+부/NNG+기준/NNG+이/JKS+뭐/NP+예요/VCP+EF"
          },
          {
            "id": 8,
            "text": "A.학생부는 한 개의 학년 1회 기준입니다",
            "norm_text": "A.학생부는 한 개의 학년 1회 기준입니다",
            "speaker": {
              "id": "A",
              "sex": "여성",
              "age": "1그룹(10대~20대)"
            },
            "speechAct": "진술하기",
            "morpheme": "A/SL+./SY+학생/NNG+부/NNG+는/JX+한/MM+개/NNBC+의/JKG+학년/NNG+1/SN+회/NNBC+기준/NNG+입니다/VCP+EC"
          },
          {
            "id": 9,
            "text": "B.학년이 1 2 3학년 세개인가요",
            "norm_text": "B.학년이 1 2 3학년 세개인가요",
            "speaker": {
              "id": "B",
              "sex": "남성",
              "age": "1그룹(10대~20대)"
            },
            "speechAct": "질문하기",
            "morpheme": "B/SL+./SY+학년/NNG+이/JKS+123/SN+학년/NNG+세/MM+개/NNBC+인가요/VCP+EC"
          },
          {
            "id": 10,
            "text": "A.평가 학년은 1학년 2학년 3학년 1학기 3학년 2학기 네 개고요",
            "norm_text": "A.평가 학년은 1학년 2학년 3학년 1학기 3학년 2학기 네 개고요",
            "speaker": {
              "id": "A",
              "sex": "여성",
              "age": "1그룹(10대~20대)"
            },
            "speechAct": "진술하기",
            "morpheme": "A/SL+./SY+평가/NNG+학년/NNG+은/JX+1/SN+학년/NNG+2/SN+학년/NNG+3/SN+학년/NNG+1/SN+학기/NNG+3/SN+학년/NNG+2/SN+학기/NNG+네/MM+개/NNBC+고요/NNG"
          },
          {
            "id": 11,
            "text": "A.#@상품# 회원은 수강 기간 동안 이용 가능하십니다",
            "norm_text": "A.#@상품# 회원은 수강 기간 동안 이용 가능하십니다",
            "speaker": {
              "id": "A",
              "sex": "여성",
              "age": "1그룹(10대~20대)"
            },
            "speechAct": "진술하기",
            "morpheme": "A/SL+./SY+#/SY+@/SY+상품/NNG+#/SY+회원/NNG+은/JX+수강/NNG+기간/NNG+동안/NNG+이용/NNG+가능/NNG+하/XSV+십니다/EP+EC"
          },
          {
            "id": 12,
            "text": "B.네 설명 감사합니다",
            "norm_text": "B.네 설명 감사합니다",
            "speaker": {
              "id": "B",
              "sex": "남성",
              "age": "1그룹(10대~20대)"
            },
            "speechAct": "감사하기",
            "morpheme": "B/SL+네/IC+설명/NNG+감사/NNG+합니다/XSV+EC"
          },
          {
            "id": 13,
            "text": "A.감사합니다 #@소속# #@이름#이었습니다",
            "norm_text": "A.감사합니다 #@소속# #@이름#이었습니다",
            "speaker": {
              "id": "A",
              "sex": "여성",
              "age": "1그룹(10대~20대)"
            },
            "speechAct": "인사하기",
            "morpheme": "A/SL+./SY+감사/NNG+합니다/XSV+EF+#/SY+@/SY+소속/NNG+#/SY+#/SY+@/SY+이름/NNG+#/SY+이/VCP+었/EP+습니다/EF"
          }
        ]
      }
    }
  ]
}