{
  "dataset": {
    "identifier": 139959,
    "name": "e1_20211115_0006_0400_01",
    "src_path": "/data/file/cubeManager/PROJECT018/91/txt20211110140004077214/e1_20211115_0006_0400_01/",
    "label_path": "/data/file/cubeManager/PROJECT018/91/txt20211110140004077214/e1_20211115_0006_0400_01/",
    "category": 2,
    "type": 0
  },
  "licenses": {
    "name": "Apache License 1.0",
    "url": "http://www.apache.org/licenses/LICENSE-1.0"
  },
  "info": [
    {
      "id": 157876,
      "filename": "e1_0067_0017_02.txt",
      "title": "e1_0067_0017_02",
      "mediatype": "콜센터",
      "medianame": "콜센터",
      "category": "목적대화",
      "date": "2021-11-10",
      "size": 343,
      "annotations": {
        "subject": "프로그램 문의",
        "speaker_type": "1:1",
        "size": 343,
        "word_size": 90,
        "text": "A. 안녕하세요 국내 최강의 대학편입 #@소속# 입니다\nB. 네 저 #@소속# 편입모의고사 문의 좀 할게요\nA. 네 고객님 모의고사 어떤 부분 궁금하신가요\nB. 모의고사 보면 성적통계에 등수도 같이 나오나요\nA. 네 물론 석차 표기 같이 해드리고 있습니다\nB. 그 등수 기준이 과목별인가요 통합인가요\nA. 선택하신 응시영역별로 각각 석차 표기됩니다\nB. 근데 과목마다 응시 시간이 다르던데요\nB. 혹시 시간 체크 알람 같은거 설정해주시나요\nA. 죄송합니다만 응시자분이 직접 시간 분배를 잘 하셔야해요\nA. 별도로 시간을 체크해드리는 시스템은 없습니다\nB. 아 네 연습을 따로 해봐야겠네요\nA. 네 다른 문의 사항 있으시면 또 연락주세요",
        "lines": [
          {
            "id": 1,
            "text": "A. 안녕하세요 국내 최강의 대학편입 #@소속# 입니다",
            "norm_text": "A. 안녕하세요 국내 최강의 대학편입 #@소속# 입니다",
            "speaker": {
              "id": "A",
              "sex": "여성",
              "age": "1그룹(10대~20대)"
            },
            "speechAct": "인사하기",
            "morpheme": "A/SL+./SY+안녕/NNG+하/XSV+세요/EP+EF+국내/NNG+최강/NNG+의/JKG+대학/NNG+편입/NNG+#/SY+@/SY+소속/NNG+#/SY+입니다/VCP+EC"
          },
          {
            "id": 2,
            "text": "B. 네 저 #@소속# 편입모의고사 문의 좀 할게요",
            "norm_text": "B. 네 저 #@소속# 편입모의고사 문의 좀 할게요",
            "speaker": {
              "id": "B",
              "sex": "남성",
              "age": "1그룹(10대~20대)"
            },
            "speechAct": "진술하기",
            "morpheme": "B/SL+네/IC+저/NP+#/SY+@/SY+소속/NNG+#/SY+편입/NNG+모의고사/NNG+문/NNG+의/JKG+좀/MAG+할게요/VV+EC"
          },
          {
            "id": 3,
            "text": "A. 네 고객님 모의고사 어떤 부분 궁금하신가요",
            "norm_text": "A. 네 고객님 모의고사 어떤 부분 궁금하신가요",
            "speaker": {
              "id": "A",
              "sex": "여성",
              "age": "1그룹(10대~20대)"
            },
            "speechAct": "질문하기",
            "morpheme": "A/SL+네/IC+고객/NNG+님/XSN+모의고사/NNG+어떤/MM+부분/NNG+궁금/XR+하/XSA+신가요/EP+EC"
          },
          {
            "id": 4,
            "text": "B. 모의고사 보면 성적통계에 등수도 같이 나오나요",
            "norm_text": "B. 모의고사 보면 성적통계에 등수도 같이 나오나요",
            "speaker": {
              "id": "B",
              "sex": "남성",
              "age": "1그룹(10대~20대)"
            },
            "speechAct": "질문하기",
            "morpheme": "B/SL+./SY+모의고사/NNG+보/VV+면/EC+성적/NNG+통계/NNG+에/JKB+등수/NNG+도/JX+같이/MAG+나오/VV+나요/EC"
          },
          {
            "id": 5,
            "text": "A. 네 물론 석차 표기 같이 해드리고 있습니다",
            "norm_text": "A. 네 물론 석차 표기 같이 해드리고 있습니다",
            "speaker": {
              "id": "A",
              "sex": "여성",
              "age": "1그룹(10대~20대)"
            },
            "speechAct": "진술하기",
            "morpheme": "A/SL+네/IC+물론/MAG+석차/NNG+표기/NNG+같이/JKB+해/VV+EC+드리/VX+고/EC+있/VX+습니다/EF"
          },
          {
            "id": 6,
            "text": "B. 그 등수 기준이 과목별인가요 통합인가요",
            "norm_text": "B. 그 등수 기준이 과목별인가요 통합인가요",
            "speaker": {
              "id": "B",
              "sex": "남성",
              "age": "1그룹(10대~20대)"
            },
            "speechAct": "질문하기",
            "morpheme": "B/SL+그/MM+등수/NNG+기준/NNG+이/JKS+과목/NNG+별/XSN+인가요/VCP+EC+통합/NNG+인가요/VCP+EC"
          },
          {
            "id": 7,
            "text": "A. 선택하신 응시영역별로 각각 석차 표기됩니다",
            "norm_text": "A. 선택하신 응시영역별로 각각 석차 표기됩니다",
            "speaker": {
              "id": "A",
              "sex": "여성",
              "age": "1그룹(10대~20대)"
            },
            "speechAct": "진술하기",
            "morpheme": "A/SL+./SY+선택/NNG+하/XSV+신/EP+ETM+응시/NNG+영역/NNG+별/XSN+로/JKB+각각/MAG+석차/NNG+표기/NNG+됩니다/XSV+EC"
          },
          {
            "id": 8,
            "text": "B. 근데 과목마다 응시 시간이 다르던데요",
            "norm_text": "B. 근데 과목마다 응시 시간이 다르던데요",
            "speaker": {
              "id": "B",
              "sex": "남성",
              "age": "1그룹(10대~20대)"
            },
            "speechAct": "진술하기",
            "morpheme": "B/SL+근데/MAJ+과목/NNG+마다/JX+응시/NNG+시간/NNG+이/JKS+다르/VA+던데요/EC"
          },
          {
            "id": 9,
            "text": "B. 혹시 시간 체크 알람 같은거 설정해주시나요",
            "norm_text": "B. 혹시 시간 체크 알람 같은거 설정해주시나요",
            "speaker": {
              "id": "B",
              "sex": "남성",
              "age": "1그룹(10대~20대)"
            },
            "speechAct": "질문하기",
            "morpheme": "B/SL+혹시/MAG+시간/NNG+체크/NNG+알/VV+람/EC+같/VA+은/ETM+거/NNB+설정/NNG+해/XSV+EC+주/VX+시/EP+나요/EC"
          },
          {
            "id": 10,
            "text": "A. 죄송합니다만 응시자분이 직접 시간 분배를 잘 하셔야해요",
            "norm_text": "A. 죄송합니다만 응시자분이 직접 시간 분배를 잘 하셔야해요",
            "speaker": {
              "id": "A",
              "sex": "여성",
              "age": "1그룹(10대~20대)"
            },
            "speechAct": "진술하기",
            "morpheme": "A/SL+죄송/XR+합니다만/XSA+EC+응시/NNG+자분/NNG+이/JKS+직접/MAG+시간/NNG+분배/NNG+를/JKO+잘/MAG+하/VV+셔야/EP+EC+해요/VX+EC"
          },
          {
            "id": 11,
            "text": "A. 별도로 시간을 체크해드리는 시스템은 없습니다",
            "norm_text": "A. 별도로 시간을 체크해드리는 시스템은 없습니다",
            "speaker": {
              "id": "A",
              "sex": "여성",
              "age": "1그룹(10대~20대)"
            },
            "speechAct": "진술하기",
            "morpheme": "A/SL+./SY+별도/NNG+로/JKB+시간/NNG+을/JKO+체크/NNG+해/XSV+EC+드리/VX+는/ETM+시스템/NNG+은/JX+없/VA+습니다/EF"
          },
          {
            "id": 12,
            "text": "B. 아 네 연습을 따로 해봐야겠네요",
            "norm_text": "B. 아 네 연습을 따로 해봐야겠네요",
            "speaker": {
              "id": "B",
              "sex": "남성",
              "age": "1그룹(10대~20대)"
            },
            "speechAct": "진술하기",
            "morpheme": "B/SL+아/IC+네/IC+연습/NNG+을/JKO+따로/MAG+해봐야/XSV+EC+VX+EC+VX+겠/EP+네요/EC"
          },
          {
            "id": 13,
            "text": "A. 네 다른 문의 사항 있으시면 또 연락주세요",
            "norm_text": "A. 네 다른 문의 사항 있으시면 또 연락주세요",
            "speaker": {
              "id": "A",
              "sex": "여성",
              "age": "1그룹(10대~20대)"
            },
            "speechAct": "명령하기/요구하기",
            "morpheme": "A/SL+네/IC+다른/MM+문/NNG+의/JKG+사항/NNG+있/VV+으시/EP+면/EC+또/MAG+연락/NNG+주세요/NNP"
          }
        ]
      }
    }
  ]
}