{
  "dataset": {
    "identifier": 140440,
    "name": "e1_20211115_0006_0519_01",
    "src_path": "/data/file/cubeManager/PROJECT018/91/txt202111101400050636110/e1_20211115_0006_0519_01/",
    "label_path": "/data/file/cubeManager/PROJECT018/91/txt202111101400050636110/e1_20211115_0006_0519_01/",
    "category": 2,
    "type": 0
  },
  "licenses": {
    "name": "Apache License 1.0",
    "url": "http://www.apache.org/licenses/LICENSE-1.0"
  },
  "info": [
    {
      "id": 157993,
      "filename": "e1_0067_0134_02.txt",
      "title": "e1_0067_0134_02",
      "mediatype": "콜센터",
      "medianame": "콜센터",
      "category": "목적대화",
      "date": "2021-11-10",
      "size": 344,
      "annotations": {
        "subject": "프로그램 문의",
        "speaker_type": "1:1",
        "size": 344,
        "word_size": 90,
        "text": "A. 편입 성공신화 #@소속# 상담원 #@이름# 입니다\nB. 안녕하세요 저 수강 상담 문의 좀 할게요\nA. 네 반갑습니다 어떤 부분 궁금하신가요\nB. 제가 솔직히 좀 상위권 대학이 목표라서요\nB. 기초반 말고 상위권 전문으로 하는 강의 있을까요\nA. 네 현재 연고대 및 상위권 대학 대비 클래스 개설되있구요\nA. #@상품#과 #@상품# 2종류 있습니다\nB. 아 그럼 두 반이 무슨 차이가 있을까요\nA. #@상품#은 전공필기 전형이구요\nA. #@상품#는 모든 시험전형 준비 가능하세요\nB. 아 저한테는 #@상품#이 확실하겠네요\nA. 네 학생분마다 맞는 타입이 다르니 잘 생각해보시구요\nA. 다른 문의 사항 생기시면 언제든 편하게 전화주세요",
        "lines": [
          {
            "id": 1,
            "text": "A. 편입 성공신화 #@소속# 상담원 #@이름# 입니다",
            "norm_text": "A. 편입 성공신화 #@소속# 상담원 #@이름# 입니다",
            "speaker": {
              "id": "A",
              "sex": "여성",
              "age": "1그룹(10대~20대)"
            },
            "speechAct": "인사하기",
            "morpheme": "A/SL+./SY+편입/NNG+성공/NNG+신화/NNG+#/SY+@/SY+소속/NNG+#/SY+상담원/NNG+#/SY+@/SY+이름/NNG+#/SY+입니다/VCP+EC"
          },
          {
            "id": 2,
            "text": "B. 안녕하세요 저 수강 상담 문의 좀 할게요",
            "norm_text": "B. 안녕하세요 저 수강 상담 문의 좀 할게요",
            "speaker": {
              "id": "B",
              "sex": "남성",
              "age": "1그룹(10대~20대)"
            },
            "speechAct": "진술하기",
            "morpheme": "B/SL+./SY+안녕/NNG+하/XSV+세요/EP+EF+저/MM+수강/NNG+상담/NNG+문/NNG+의/JKG+좀/MAG+할게요/VV+EC"
          },
          {
            "id": 3,
            "text": "A. 네 반갑습니다 어떤 부분 궁금하신가요",
            "norm_text": "A. 네 반갑습니다 어떤 부분 궁금하신가요",
            "speaker": {
              "id": "A",
              "sex": "여성",
              "age": "1그룹(10대~20대)"
            },
            "speechAct": "질문하기",
            "morpheme": "A/SL+네/IC+반갑/VA+습니다/EF+어떤/MM+부분/NNG+궁금/XR+하/XSA+신가요/EP+EC"
          },
          {
            "id": 4,
            "text": "B. 제가 솔직히 좀 상위권 대학이 목표라서요",
            "norm_text": "B. 제가 솔직히 좀 상위권 대학이 목표라서요",
            "speaker": {
              "id": "B",
              "sex": "남성",
              "age": "1그룹(10대~20대)"
            },
            "speechAct": "진술하기",
            "morpheme": "B/SL+제/NP+가/JKS+솔직히/MAG+좀/MAG+상위/NNG+권/XSN+대학/NNG+이/JKS+목표/NNG+라서요/VCP+EC"
          },
          {
            "id": 5,
            "text": "B. 기초반 말고 상위권 전문으로 하는 강의 있을까요",
            "norm_text": "B. 기초반 말고 상위권 전문으로 하는 강의 있을까요",
            "speaker": {
              "id": "B",
              "sex": "남성",
              "age": "1그룹(10대~20대)"
            },
            "speechAct": "질문하기",
            "morpheme": "B/SL+./SY+기초/NNG+반말/NNG+고상/NNG+위/NNG+권/XSN+전문/NNG+으로/JKB+하/VV+는/ETM+강의/NNG+있/VV+을까요/EC"
          },
          {
            "id": 6,
            "text": "A. 네 현재 연고대 및 상위권 대학 대비 클래스 개설되있구요",
            "norm_text": "A. 네 현재 연고대 및 상위권 대학 대비 클래스 개설되있구요",
            "speaker": {
              "id": "A",
              "sex": "여성",
              "age": "1그룹(10대~20대)"
            },
            "speechAct": "진술하기",
            "morpheme": "A/SL+네/IC+현재/MAG+연고/NNG+대/XSN+및/MAJ+상위/NNG+권/XSN+대학/NNG+대비/NNG+클래스/NNP+개설/NNG+되/XSV+EC+있/VX+구요/EF"
          },
          {
            "id": 7,
            "text": "A. #@상품#과 #@상품# 2종류 있습니다",
            "norm_text": "A. #@상품#과 #@상품# 2종류 있습니다",
            "speaker": {
              "id": "A",
              "sex": "여성",
              "age": "1그룹(10대~20대)"
            },
            "speechAct": "진술하기",
            "morpheme": "A/SL+./SY+#/SY+@/SY+상품/NNG+#/SY+과/JC+#/SY+@/SY+상품/NNG+#/SY+2/SN+종류/NNBC+있/VA+습니다/EF"
          },
          {
            "id": 8,
            "text": "B. 아 그럼 두 반이 무슨 차이가 있을까요",
            "norm_text": "B. 아 그럼 두 반이 무슨 차이가 있을까요",
            "speaker": {
              "id": "B",
              "sex": "남성",
              "age": "1그룹(10대~20대)"
            },
            "speechAct": "질문하기",
            "morpheme": "B/SL+아/IC+그럼/MAJ+두반/NNG+이/JKS+무슨/MM+차이/NNG+가/JKS+있/VA+을까요/EC"
          },
          {
            "id": 9,
            "text": "A. #@상품#은 전공필기 전형이구요",
            "norm_text": "A. #@상품#은 전공필기 전형이구요",
            "speaker": {
              "id": "A",
              "sex": "여성",
              "age": "1그룹(10대~20대)"
            },
            "speechAct": "진술하기",
            "morpheme": "A/SL+./SY+#/SY+@/SY+상품/NNG+#/SY+은/JX+전공/NNG+필기/NNG+전형/NNG+이/VCP+구요/EF"
          },
          {
            "id": 10,
            "text": "A. #@상품#는 모든 시험전형 준비 가능하세요",
            "norm_text": "A. #@상품#는 모든 시험전형 준비 가능하세요",
            "speaker": {
              "id": "A",
              "sex": "여성",
              "age": "1그룹(10대~20대)"
            },
            "speechAct": "진술하기",
            "morpheme": "A/SL+./SY+#/SY+@/SY+상품/NNG+#/SY+는/JX+모든/MM+시험/NNG+전형/NNG+준비/NNG+가능/NNG+하/XSV+세요/EP+EF"
          },
          {
            "id": 11,
            "text": "B. 아 저한테는 #@상품#이 확실하겠네요",
            "norm_text": "B. 아 저한테는 #@상품#이 확실하겠네요",
            "speaker": {
              "id": "B",
              "sex": "남성",
              "age": "1그룹(10대~20대)"
            },
            "speechAct": "진술하기",
            "morpheme": "B/SL+아/IC+저/NP+한테/JKB+는/JX+#/SY+@/SY+상품/NNG+#/SY+이/JKS+확실/XR+하/XSA+겠/EP+네요/EC"
          },
          {
            "id": 12,
            "text": "A. 네 학생분마다 맞는 타입이 다르니 잘 생각해보시구요",
            "norm_text": "A. 네 학생분마다 맞는 타입이 다르니 잘 생각해보시구요",
            "speaker": {
              "id": "A",
              "sex": "여성",
              "age": "1그룹(10대~20대)"
            },
            "speechAct": "진술하기",
            "morpheme": "A/SL+네/IC+학생/NNG+분/XSN+마다/JX+맞/VV+는/ETM+타입/NNG+이/JKS+다르/VA+니/EC+잘/MAG+생각/NNG+해/XSV+EC+보/VX+시/EP+구요/EF"
          },
          {
            "id": 13,
            "text": "A. 다른 문의 사항 생기시면 언제든 편하게 전화주세요",
            "norm_text": "A. 다른 문의 사항 생기시면 언제든 편하게 전화주세요",
            "speaker": {
              "id": "A",
              "sex": "여성",
              "age": "1그룹(10대~20대)"
            },
            "speechAct": "명령하기/요구하기",
            "morpheme": "A/SL+다른/MM+문/NNG+의/JKG+사항/NNG+생기/VV+시/EP+면/EC+언제/NP+든/VCP+EC+편하/VA+게/EC+전화/NNG+주세요/NNP"
          }
        ]
      }
    }
  ]
}