{
  "dataset": {
    "identifier": 141032,
    "name": "e1_20211115_0006_0689_01",
    "src_path": "/data/file/cubeManager/PROJECT018/91/txt20211110140013025958/e1_20211115_0006_0689_01/",
    "label_path": "/data/file/cubeManager/PROJECT018/91/txt20211110140013025958/e1_20211115_0006_0689_01/",
    "category": 2,
    "type": 0
  },
  "licenses": {
    "name": "Apache License 1.0",
    "url": "http://www.apache.org/licenses/LICENSE-1.0"
  },
  "info": [
    {
      "id": 158935,
      "filename": "e1_0071_0131_02.txt",
      "title": "e1_0071_0131_02",
      "mediatype": "콜센터",
      "medianame": "콜센터",
      "category": "목적대화",
      "date": "2021-11-10",
      "size": 405,
      "annotations": {
        "subject": "프로그램 문의",
        "speaker_type": "1:1",
        "size": 405,
        "word_size": 93,
        "text": "A.화창한 아침입니다 #@소속# 상담원 #@이름# 입니다\nB.안녕하세요 학과 수업 관련해서 문의하려고 하는데요\nB.학과별 게시판 페이지에 문의하면 편한데 별도로 없나 해서요\nA.네 고객님 안타깝게도 학과별 게시판은 따로 없어서 유선상으로 문의 주셔야 합니다\nB.헐 너무 불편하네요 다른 사이버대학교는 다 있던데요\nA.네 고객님 저희도 당장에는 어렵지만 개선할 수 있도록 노력하겠습니다\nB.좀 만들어 주셔야 겠어요 매 번 전화하는게 굉장히 번거롭거든요\nA.네 불편끼쳐 드려서 죄송합니다\nB.그럼 학과 수업 문의 하려면 어디로 전화해야 하나요\nA.네 제가 전화번호 안내해 드리겠습니다 메모 가능하십니까\nB.네 메모 가능합니다\nA.네 전화번호는 #@전번# 입니다\nB.네 감사합니다 수고하세요\nA.무더운 날씨 건강 조심 하세요 상담원 #@이름# 이었습니다",
        "lines": [
          {
            "id": 1,
            "text": "A.화창한 아침입니다 #@소속# 상담원 #@이름# 입니다",
            "norm_text": "A.화창한 아침입니다 #@소속# 상담원 #@이름# 입니다",
            "speaker": {
              "id": "A",
              "sex": "여성",
              "age": "2그룹(30대~40대)"
            },
            "speechAct": "인사하기",
            "morpheme": "A/SL+화창/XR+한/XSA+ETM+아침/NNG+입니다/VCP+EF+#/SY+@/SY+소속/NNG+#/SY+상담원/NNG+#/SY+@/SY+이름/NNG+#/SY+입니다/VCP+EC"
          },
          {
            "id": 2,
            "text": "B.안녕하세요 학과 수업 관련해서 문의하려고 하는데요",
            "norm_text": "B.안녕하세요 학과 수업 관련해서 문의하려고 하는데요",
            "speaker": {
              "id": "B",
              "sex": "남성",
              "age": "2그룹(30대~40대)"
            },
            "speechAct": "진술하기",
            "morpheme": "B/SL+./SY+안녕/NNG+하/XSV+세요/EP+EF+학과/NNG+수업/NNG+관련/NNG+해서/XSV+EC+문의/NNG+하/XSV+려고/EC+하/VV+는데요/EC"
          },
          {
            "id": 3,
            "text": "B.학과별 게시판 페이지에 문의하면 편한데 별도로 없나 해서요",
            "norm_text": "B.학과별 게시판 페이지에 문의하면 편한데 별도로 없나 해서요",
            "speaker": {
              "id": "B",
              "sex": "남성",
              "age": "2그룹(30대~40대)"
            },
            "speechAct": "진술하기",
            "morpheme": "B/SL+./SY+학과/NNG+별/XSN+게시판/NNG+페이지/NNG+에/JKB+문의/NNG+하/XSV+면/EC+편한데/VA+EC+별도/NNG+로/JKB+없/VA+나/EC+해서/VX+EC+VCP+요/EC"
          },
          {
            "id": 4,
            "text": "A.네 고객님 안타깝게도 학과별 게시판은 따로 없어서 유선상으로 문의 주셔야 합니다",
            "norm_text": "A.네 고객님 안타깝게도 학과별 게시판은 따로 없어서 유선상으로 문의 주셔야 합니다",
            "speaker": {
              "id": "A",
              "sex": "여성",
              "age": "2그룹(30대~40대)"
            },
            "speechAct": "진술하기",
            "morpheme": "A/SL+네/IC+고객/NNG+님/XSN+안타깝/VA+게/EC+도학/NNG+과/JC+별게/NNG+JKC+시판/NNG+은/JX+따로/MAG+없/VA+어서/EC+유선/NNG+상/XSN+으로/JKB+문/NNG+의/JKG+주/VV+셔야/EP+EC+합니다/VX+EC"
          },
          {
            "id": 5,
            "text": "B.헐 너무 불편하네요 다른 사이버대학교는 다 있던데요",
            "norm_text": "B.헐 너무 불편하네요 다른 사이버대학교는 다 있던데요",
            "speaker": {
              "id": "B",
              "sex": "남성",
              "age": "2그룹(30대~40대)"
            },
            "speechAct": "부정감정표현하기(비난하기 포함)",
            "morpheme": "B/SL+헐/IC+너무/MAG+불편/NNG+하/XSA+네요/EF+다른/MM+사이버/NNG+대학교/NNG+는/JX+다/MAG+있/VA+던데요/EC"
          },
          {
            "id": 6,
            "text": "A.네 고객님 저희도 당장에는 어렵지만 개선할 수 있도록 노력하겠습니다",
            "norm_text": "A.네 고객님 저희도 당장에는 어렵지만 개선할 수 있도록 노력하겠습니다",
            "speaker": {
              "id": "A",
              "sex": "여성",
              "age": "2그룹(30대~40대)"
            },
            "speechAct": "진술하기",
            "morpheme": "A/SL+네/IC+고객/NNG+님/XSN+저희/NP+도/JX+당장/NNG+에/JKB+는/JX+어렵/VA+지만/EC+개선/NNG+할/XSV+ETM+수/NNB+있/VV+도록/EC+노력/NNG+하/XSV+겠/EP+습니다/EF"
          },
          {
            "id": 7,
            "text": "B.좀 만들어 주셔야 겠어요 매 번 전화하는게 굉장히 번거롭거든요",
            "norm_text": "B.좀 만들어 주셔야 겠어요 매 번 전화하는게 굉장히 번거롭거든요",
            "speaker": {
              "id": "B",
              "sex": "남성",
              "age": "2그룹(30대~40대)"
            },
            "speechAct": "진술하기",
            "morpheme": "B/SL+좀/MAG+만들/VV+어/EC+주/VX+셔야/EP+EC+VX+겠/EP+어요/EF+매번/MAG+전화/NNG+하/XSV+는/ETM+게/NNB+JKS+굉장히/MAG+번거롭/VA+거든요/EF"
          },
          {
            "id": 8,
            "text": "A.네 불편끼쳐 드려서 죄송합니다",
            "norm_text": "A.네 불편끼쳐 드려서 죄송합니다",
            "speaker": {
              "id": "A",
              "sex": "여성",
              "age": "2그룹(30대~40대)"
            },
            "speechAct": "사과하기",
            "morpheme": "A/SL+네/IC+불편/NNG+끼쳐드려서/VV+EC+VX+EC+죄송/XR+합니다/XSA+EC"
          },
          {
            "id": 9,
            "text": "B.그럼 학과 수업 문의 하려면 어디로 전화해야 하나요",
            "norm_text": "B.그럼 학과 수업 문의 하려면 어디로 전화해야 하나요",
            "speaker": {
              "id": "B",
              "sex": "남성",
              "age": "2그룹(30대~40대)"
            },
            "speechAct": "질문하기",
            "morpheme": "B/SL+그럼/MAJ+학과/NNG+수업/NNG+문의/NNG+하/XSV+려면/EC+어디/NP+로/JKB+전화/NNG+해야/XSV+EC+하/VV+나요/EC"
          },
          {
            "id": 10,
            "text": "A.네 제가 전화번호 안내해 드리겠습니다 메모 가능하십니까",
            "norm_text": "A.네 제가 전화번호 안내해 드리겠습니다 메모 가능하십니까",
            "speaker": {
              "id": "A",
              "sex": "여성",
              "age": "2그룹(30대~40대)"
            },
            "speechAct": "질문하기",
            "morpheme": "A/SL+네/IC+제/NP+가/JKS+전화/NNG+번호/NNG+안내/NNG+해/XSV+EC+드리/VX+겠/EP+습니다/EF+메모/NNG+가능/NNG+하/XSV+십니까/EP+EC"
          },
          {
            "id": 11,
            "text": "B.네 메모 가능합니다",
            "norm_text": "B.네 메모 가능합니다",
            "speaker": {
              "id": "B",
              "sex": "남성",
              "age": "2그룹(30대~40대)"
            },
            "speechAct": "진술하기",
            "morpheme": "B/SL+네/IC+메모/NNG+가능/NNG+합니다/XSV+EC"
          },
          {
            "id": 12,
            "text": "A.네 전화번호는 #@전번# 입니다",
            "norm_text": "A.네 전화번호는 #@전번# 입니다",
            "speaker": {
              "id": "A",
              "sex": "여성",
              "age": "2그룹(30대~40대)"
            },
            "speechAct": "진술하기",
            "morpheme": "A/SL+네/IC+전화/NNG+번호/NNG+는/JX+#/SY+@/SY+전번/NNG+#/SY+입니다/VCP+EC"
          },
          {
            "id": 13,
            "text": "B.네 감사합니다 수고하세요",
            "norm_text": "B.네 감사합니다 수고하세요",
            "speaker": {
              "id": "B",
              "sex": "남성",
              "age": "2그룹(30대~40대)"
            },
            "speechAct": "인사하기",
            "morpheme": "B/SL+네/IC+감사/NNG+합니다/XSV+EF+수고/NNG+하/XSV+세요/EP+EF"
          },
          {
            "id": 14,
            "text": "A.무더운 날씨 건강 조심 하세요 상담원 #@이름# 이었습니다",
            "norm_text": "A.무더운 날씨 건강 조심 하세요 상담원 #@이름# 이었습니다",
            "speaker": {
              "id": "A",
              "sex": "여성",
              "age": "2그룹(30대~40대)"
            },
            "speechAct": "인사하기",
            "morpheme": "A/SL+무더운/VA+ETM+날씨/NNG+건강/NNG+조심/NNG+하/XSV+세요/EP+EF+상담원/NNG+#/SY+@/SY+이름/NNG+#/SY+이/VCP+었/EP+습니다/EF"
          }
        ]
      }
    }
  ]
}