{
  "dataset": {
    "identifier": 139766,
    "name": "e1_20211115_0006_0297_01",
    "src_path": "/data/file/cubeManager/PROJECT018/91/txt20211110140003058175/e1_20211115_0006_0297_01/",
    "label_path": "/data/file/cubeManager/PROJECT018/91/txt20211110140003058175/e1_20211115_0006_0297_01/",
    "category": 2,
    "type": 0
  },
  "licenses": {
    "name": "Apache License 1.0",
    "url": "http://www.apache.org/licenses/LICENSE-1.0"
  },
  "info": [
    {
      "id": 157758,
      "filename": "e1_0066_0110_02.txt",
      "title": "e1_0066_0110_02",
      "mediatype": "콜센터",
      "medianame": "콜센터",
      "category": "목적대화",
      "date": "2021-11-10",
      "size": 264,
      "annotations": {
        "subject": "프로그램 문의",
        "speaker_type": "1:1",
        "size": 264,
        "word_size": 60,
        "text": "A.좋은 아침입니다 #@소속# #@이름#입니다\nB.교재 정보를 알고 싶은데 어디서 알 수 있나요\nB.지금 계속 찾아보고 있는데 어디서 보는지 모르겠네요\nA.먼저 강사 강좌 탭에서 원하는 강좌 선택해주시고요\nB.네 강좌 선택했어요 그 다음에는요\nA.개설강좌 누르시고 강좌정보 메뉴에서 강좌명 눌러주세요\nB.네 강좌명 눌렀어요\nA.마지막으로 강좌안내까지 눌러주시면 교재정보를 보실 수 있어요\nB.아 네 여기 뜨네요 자세히 알려주셔서 감사해요\nA.주말 잘 보내시길 바랍니다 #@이름# 이었습니다",
        "lines": [
          {
            "id": 1,
            "text": "A.좋은 아침입니다 #@소속# #@이름#입니다",
            "norm_text": "A.좋은 아침입니다 #@소속# #@이름#입니다",
            "speaker": {
              "id": "A",
              "sex": "여성",
              "age": "1그룹(10대~20대)"
            },
            "speechAct": "인사하기",
            "morpheme": "A/SL+좋/VA+은/ETM+아침/NNG+입니다/VCP+EF+#/SY+@/SY+소속/NNG+#/SY+#/SY+@/SY+이름/NNG+#/SY+입니다/VCP+EC"
          },
          {
            "id": 2,
            "text": "B.교재 정보를 알고 싶은데 어디서 알 수 있나요",
            "norm_text": "B.교재 정보를 알고 싶은데 어디서 알 수 있나요",
            "speaker": {
              "id": "B",
              "sex": "남성",
              "age": "1그룹(10대~20대)"
            },
            "speechAct": "질문하기",
            "morpheme": "B/SL+./SY+교재/NNG+정보/NNG+를/JKO+알/VV+고/EC+싶/VX+은데/EC+어디/NP+서/JKB+알/VV+ETM+수/NNB+있/VV+나요/EC"
          },
          {
            "id": 3,
            "text": "B.지금 계속 찾아보고 있는데 어디서 보는지 모르겠네요",
            "norm_text": "B.지금 계속 찾아보고 있는데 어디서 보는지 모르겠네요",
            "speaker": {
              "id": "B",
              "sex": "남성",
              "age": "1그룹(10대~20대)"
            },
            "speechAct": "진술하기",
            "morpheme": "B/SL+지금/MAG+계속/MAG+찾아보/VV+고/EC+있/VX+는데/EC+어디/NP+서/JKB+보/VV+는지/EC+모르/VV+겠/EP+네요/EC"
          },
          {
            "id": 4,
            "text": "A.먼저 강사 강좌 탭에서 원하는 강좌 선택해주시고요",
            "norm_text": "A.먼저 강사 강좌 탭에서 원하는 강좌 선택해주시고요",
            "speaker": {
              "id": "A",
              "sex": "여성",
              "age": "1그룹(10대~20대)"
            },
            "speechAct": "명령하기/요구하기",
            "morpheme": "A/SL+먼저/MAG+강사/NNG+강좌/NNG+탭/NNG+에서/JKB+원/NNG+하/XSV+는/ETM+강좌/NNG+선택/NNG+해/XSV+EC+주/VX+시/EP+고요/EC"
          },
          {
            "id": 5,
            "text": "B.네 강좌 선택했어요 그 다음에는요",
            "norm_text": "B.네 강좌 선택했어요 그 다음에는요",
            "speaker": {
              "id": "B",
              "sex": "남성",
              "age": "1그룹(10대~20대)"
            },
            "speechAct": "질문하기",
            "morpheme": "B/SL+네/IC+강좌/NNG+선택/NNG+했/XSV+EP+어요/EF+그/MM+다음/NNG+에/JKB+는/JX+요/JX"
          },
          {
            "id": 6,
            "text": "A.개설강좌 누르시고 강좌정보 메뉴에서 강좌명 눌러주세요",
            "norm_text": "A.개설강좌 누르시고 강좌정보 메뉴에서 강좌명 눌러주세요",
            "speaker": {
              "id": "A",
              "sex": "여성",
              "age": "1그룹(10대~20대)"
            },
            "speechAct": "명령하기/요구하기",
            "morpheme": "A/SL+./SY+개설/NNG+강좌/NNG+누르/VV+시/EP+고/EC+강좌/NNG+정보/NNG+메뉴/NNG+에서/JKB+강좌/NNG+명/XSN+눌러/VV+EC+주/VX+세요/EP+EF"
          },
          {
            "id": 7,
            "text": "B.네 강좌명 눌렀어요",
            "norm_text": "B.네 강좌명 눌렀어요",
            "speaker": {
              "id": "B",
              "sex": "남성",
              "age": "1그룹(10대~20대)"
            },
            "speechAct": "진술하기",
            "morpheme": "B/SL+네/IC+강좌/NNG+명/XSN+눌렀/VV+EP+어요/EF"
          },
          {
            "id": 8,
            "text": "A.마지막으로 강좌안내까지 눌러주시면 교재정보를 보실 수 있어요",
            "norm_text": "A.마지막으로 강좌안내까지 눌러주시면 교재정보를 보실 수 있어요",
            "speaker": {
              "id": "A",
              "sex": "여성",
              "age": "1그룹(10대~20대)"
            },
            "speechAct": "진술하기",
            "morpheme": "A/SL+./SY+마지막/NNG+으로/JKB+강좌/NNG+안내/NNG+까지/JX+눌러/VV+EC+주/VX+시/EP+면/EC+교재/NNG+정보/NNG+를/JKO+보/VV+실/EP+ETM+수/NNB+있/VV+어요/EF"
          },
          {
            "id": 9,
            "text": "B.아 네 여기 뜨네요 자세히 알려주셔서 감사해요",
            "norm_text": "B.아 네 여기 뜨네요 자세히 알려주셔서 감사해요",
            "speaker": {
              "id": "B",
              "sex": "남성",
              "age": "1그룹(10대~20대)"
            },
            "speechAct": "감사하기",
            "morpheme": "B/SL+아/IC+네/IC+여기/NP+뜨/VV+네요/EF+자세히/MAG+알려/VV+EC+주/VX+셔서/EP+EC+감사/NNG+해요/XSV+EC"
          },
          {
            "id": 10,
            "text": "A.주말 잘 보내시길 바랍니다 #@이름# 이었습니다",
            "norm_text": "A.주말 잘 보내시길 바랍니다 #@이름# 이었습니다",
            "speaker": {
              "id": "A",
              "sex": "여성",
              "age": "1그룹(10대~20대)"
            },
            "speechAct": "인사하기",
            "morpheme": "A/SL+./SY+주말/NNG+잘/MAG+보내/VV+시/EP+길/ETN+JKO+바랍니다/VV+EF+#/SY+@/SY+이름/NNG+#/SY+이/VCP+었/EP+습니다/EF"
          }
        ]
      }
    }
  ]
}