{
  "dataset": {
    "identifier": 139900,
    "name": "e1_20211115_0006_0381_01",
    "src_path": "/data/file/cubeManager/PROJECT018/91/txt20211110140004062635/e1_20211115_0006_0381_01/",
    "label_path": "/data/file/cubeManager/PROJECT018/91/txt20211110140004062635/e1_20211115_0006_0381_01/",
    "category": 2,
    "type": 0
  },
  "licenses": {
    "name": "Apache License 1.0",
    "url": "http://www.apache.org/licenses/LICENSE-1.0"
  },
  "info": [
    {
      "id": 157857,
      "filename": "e1_0066_0209_02.txt",
      "title": "e1_0066_0209_02",
      "mediatype": "콜센터",
      "medianame": "콜센터",
      "category": "목적대화",
      "date": "2021-11-10",
      "size": 294,
      "annotations": {
        "subject": "프로그램 문의",
        "speaker_type": "1:1",
        "size": 294,
        "word_size": 64,
        "text": "A.문의주셔서 감사합니다 #@소속# #@이름# 상담원입니다\nB.거기는 레벨테스트가 1회가 아니라 3회던데 맞나요\nA.네 저희 #@소속#에서는 3번의 레벨테스트를 진행합니다\nB.왜 세번씩이나 레벨테스트를 치루는건가요\nA.한 번으로는 객관적 레벨을 평가하기 어렵기 때문인데요\nA.긴장하거나 낯선 환경에선 실력을 제대로 발휘되지 않습니다\nB.아 그 이유였군요 저는 다른 이유가 있는 줄 알았어요\nA.네 그래서 세 번 연속 다른 선생님과 레벨테스트를 진행합니다\nB.아네 알겠습니다 빠른 답변 감사해요\nA.오늘도 좋은 하루 되세요 #@이름# 이었습니다",
        "lines": [
          {
            "id": 1,
            "text": "A.문의주셔서 감사합니다 #@소속# #@이름# 상담원입니다",
            "norm_text": "A.문의주셔서 감사합니다 #@소속# #@이름# 상담원입니다",
            "speaker": {
              "id": "A",
              "sex": "여성",
              "age": "1그룹(10대~20대)"
            },
            "speechAct": "인사하기",
            "morpheme": "A/SL+./SY+문/NNG+의/JKG+주/VV+셔서/EP+EC+감사/NNG+합니다/XSV+EF+#/SY+@/SY+소속/NNG+#/SY+#/SY+@/SY+이름/NNG+#/SY+상담원/NNG+입니다/VCP+EC"
          },
          {
            "id": 2,
            "text": "B.거기는 레벨테스트가 1회가 아니라 3회던데 맞나요",
            "norm_text": "B.거기는 레벨테스트가 1회가 아니라 3회던데 맞나요",
            "speaker": {
              "id": "B",
              "sex": "남성",
              "age": "1그룹(10대~20대)"
            },
            "speechAct": "질문하기",
            "morpheme": "B/SL+거기/NP+는/JX+레벨/NNG+테스트/NNG+가/JKS+1/SN+회/NNBC+가/JKC+아니/VCN+라/EC+3/SN+회/NNBC+던데/VCP+EC+맞/VV+나요/EC"
          },
          {
            "id": 3,
            "text": "A.네 저희 #@소속#에서는 3번의 레벨테스트를 진행합니다",
            "norm_text": "A.네 저희 #@소속#에서는 3번의 레벨테스트를 진행합니다",
            "speaker": {
              "id": "A",
              "sex": "여성",
              "age": "1그룹(10대~20대)"
            },
            "speechAct": "진술하기",
            "morpheme": "A/SL+네/IC+저희/NP+#/SY+@/SY+소속/NNG+#/SY+에서/JKB+는/JX+3/SN+번/NNBC+의/JKG+레벨/NNG+테스트/NNG+를/JKO+진행/NNG+합니다/XSV+EC"
          },
          {
            "id": 4,
            "text": "B.왜 세번씩이나 레벨테스트를 치루는건가요",
            "norm_text": "B.왜 세번씩이나 레벨테스트를 치루는건가요",
            "speaker": {
              "id": "B",
              "sex": "남성",
              "age": "1그룹(10대~20대)"
            },
            "speechAct": "질문하기",
            "morpheme": "B/SL+왜/MAG+세/MM+번/NNBC+씩/XSN+이나/JC+레벨/NNG+테스트/NNG+를/JKO+치루/VV+는/ETM+건가요/NNB+VCP+EC"
          },
          {
            "id": 5,
            "text": "A.한 번으로는 객관적 레벨을 평가하기 어렵기 때문인데요",
            "norm_text": "A.한 번으로는 객관적 레벨을 평가하기 어렵기 때문인데요",
            "speaker": {
              "id": "A",
              "sex": "여성",
              "age": "1그룹(10대~20대)"
            },
            "speechAct": "진술하기",
            "morpheme": "A/SL+한/MM+번/NNBC+으로/JKB+는/JX+객관/XR+적/XSN+레벨/NNG+을/JKO+평가/NNG+하/XSV+기/ETN+어렵/VA+기/ETN+때문/NNB+인데요/VCP+EC"
          },
          {
            "id": 6,
            "text": "A.긴장하거나 낯선 환경에선 실력을 제대로 발휘되지 않습니다",
            "norm_text": "A.긴장하거나 낯선 환경에선 실력을 제대로 발휘되지 않습니다",
            "speaker": {
              "id": "A",
              "sex": "여성",
              "age": "1그룹(10대~20대)"
            },
            "speechAct": "진술하기",
            "morpheme": "A/SL+./SY+긴장/NNG+하/XSV+거나/EC+낯선/VA+ETM+환경/NNG+에선/JKB+JX+실력/NNG+을/JKO+제대로/MAG+발휘/NNG+되/XSV+지/EC+않/VX+습니다/EF"
          },
          {
            "id": 7,
            "text": "B.아 그 이유였군요 저는 다른 이유가 있는 줄 알았어요",
            "norm_text": "B.아 그 이유였군요 저는 다른 이유가 있는 줄 알았어요",
            "speaker": {
              "id": "B",
              "sex": "남성",
              "age": "1그룹(10대~20대)"
            },
            "speechAct": "진술하기",
            "morpheme": "B/SL+아/IC+그/MM+이유/NNG+였/VCP+EP+군요/EF+저/NP+는/JX+다른/MM+이유/NNG+가/JKS+있/VA+는/ETM+줄/NNB+알/VV+았/EP+어요/EF"
          },
          {
            "id": 8,
            "text": "A.네 그래서 세 번 연속 다른 선생님과 레벨테스트를 진행합니다",
            "norm_text": "A.네 그래서 세 번 연속 다른 선생님과 레벨테스트를 진행합니다",
            "speaker": {
              "id": "A",
              "sex": "여성",
              "age": "1그룹(10대~20대)"
            },
            "speechAct": "진술하기",
            "morpheme": "A/SL+네/IC+그래서/MAJ+세/MM+번/NNBC+연속/NNG+다른/MM+선생/NNG+님/XSN+과/JC+레벨/NNG+테스트/NNG+를/JKO+진행/NNG+합니다/XSV+EC"
          },
          {
            "id": 9,
            "text": "B.아네 알겠습니다 빠른 답변 감사해요",
            "norm_text": "B.아네 알겠습니다 빠른 답변 감사해요",
            "speaker": {
              "id": "B",
              "sex": "남성",
              "age": "1그룹(10대~20대)"
            },
            "speechAct": "감사하기",
            "morpheme": "B/SL+아/IC+네/IC+알/VV+겠/EP+습니다/EF+빠른/VA+ETM+답변/NNG+감사/NNG+해요/XSV+EC"
          },
          {
            "id": 10,
            "text": "A.오늘도 좋은 하루 되세요 #@이름# 이었습니다",
            "norm_text": "A.오늘도 좋은 하루 되세요 #@이름# 이었습니다",
            "speaker": {
              "id": "A",
              "sex": "여성",
              "age": "1그룹(10대~20대)"
            },
            "speechAct": "인사하기",
            "morpheme": "A/SL+./SY+오늘/NNG+도/JX+좋/VA+은/ETM+하루/NNG+되/XSV+세요/EP+EF+#/SY+@/SY+이름/NNG+#/SY+이/VCP+었/EP+습니다/EF"
          }
        ]
      }
    }
  ]
}