{
  "dataset": {
    "identifier": 140255,
    "name": "e1_20211115_0006_0471_01",
    "src_path": "/data/file/cubeManager/PROJECT018/91/txt20211110140005029013/e1_20211115_0006_0471_01/",
    "label_path": "/data/file/cubeManager/PROJECT018/91/txt20211110140005029013/e1_20211115_0006_0471_01/",
    "category": 2,
    "type": 0
  },
  "licenses": {
    "name": "Apache License 1.0",
    "url": "http://www.apache.org/licenses/LICENSE-1.0"
  },
  "info": [
    {
      "id": 157945,
      "filename": "e1_0067_0086_02.txt",
      "title": "e1_0067_0086_02",
      "mediatype": "콜센터",
      "medianame": "콜센터",
      "category": "목적대화",
      "date": "2021-11-10",
      "size": 315,
      "annotations": {
        "subject": "프로그램 문의",
        "speaker_type": "1:1",
        "size": 315,
        "word_size": 80,
        "text": "A. #@소속# 상담사 #@이름# 입니다\nB. 네 저 상담 좀 받고싶어서요\nA. 네 고민되는 부분 있으시면 말씀해주세요\nB. 제 수준이 솔직히 거의 중학생급인데요\nB. 1학년반 수업이 어떤 수준인지 궁금합니다\nA. 저희 개념정리나 이론 교재만 봐도 부담 전혀 없으실 정도구요\nA. 올해 남은 기간동안 영어는 고등학교 수준까진 정리가 되세요\nB. 아 저같은 노베이스도 가능한 얘기일까요\nA. 그럼요 다음달 기초과정 수강 적극 추천드리구요\nA. 이번달 남은 부분도 원하시면 청강 방법 찾아보겠습니다\nB. 친절히 신경써주셔서 너무 감사합니다\nA. 네 부담갖지마시고 문의전화도 언제든 주세요",
        "lines": [
          {
            "id": 1,
            "text": "A. #@소속# 상담사 #@이름# 입니다",
            "norm_text": "A. #@소속# 상담사 #@이름# 입니다",
            "speaker": {
              "id": "A",
              "sex": "여성",
              "age": "1그룹(10대~20대)"
            },
            "speechAct": "인사하기",
            "morpheme": "A/SL+./SY+#/SY+@/SY+소속/NNG+#/SY+상담/NNG+사/NNG+#/SY+@/SY+이름/NNG+#/SY+입니다/VCP+EC"
          },
          {
            "id": 2,
            "text": "B. 네 저 상담 좀 받고싶어서요",
            "norm_text": "B. 네 저 상담 좀 받고싶어서요",
            "speaker": {
              "id": "B",
              "sex": "남성",
              "age": "1그룹(10대~20대)"
            },
            "speechAct": "진술하기",
            "morpheme": "B/SL+네/IC+저/MM+상담/NNG+좀/MAG+받/VV+고/EC+싶/VX+어서요/EC"
          },
          {
            "id": 3,
            "text": "A. 네 고민되는 부분 있으시면 말씀해주세요",
            "norm_text": "A. 네 고민되는 부분 있으시면 말씀해주세요",
            "speaker": {
              "id": "A",
              "sex": "여성",
              "age": "1그룹(10대~20대)"
            },
            "speechAct": "명령하기/요구하기",
            "morpheme": "A/SL+네/IC+고민/NNG+되/XSV+는/ETM+부분/NNG+있/VV+으시/EP+면/EC+말씀/NNG+해/XSV+EC+주/VX+세요/EP+EF"
          },
          {
            "id": 4,
            "text": "B. 제 수준이 솔직히 거의 중학생급인데요",
            "norm_text": "B. 제 수준이 솔직히 거의 중학생급인데요",
            "speaker": {
              "id": "B",
              "sex": "남성",
              "age": "1그룹(10대~20대)"
            },
            "speechAct": "진술하기",
            "morpheme": "B/SL+제/NP+JKG+수준/NNG+이/JKS+솔직히/MAG+거의/MAG+중학생/NNG+급/NNG+인데요/VCP+EC"
          },
          {
            "id": 5,
            "text": "B. 1학년반 수업이 어떤 수준인지 궁금합니다",
            "norm_text": "B. 1학년반 수업이 어떤 수준인지 궁금합니다",
            "speaker": {
              "id": "B",
              "sex": "남성",
              "age": "1그룹(10대~20대)"
            },
            "speechAct": "명령하기/요구하기",
            "morpheme": "B/SL+./SY+1/SN+학년/NNG+반/NNG+수업/NNG+이/JKS+어떤/MM+수준/NNG+인지/VCP+EC+궁금/XR+합니다/XSA+EC"
          },
          {
            "id": 6,
            "text": "A. 저희 개념정리나 이론 교재만 봐도 부담 전혀 없으실 정도구요",
            "norm_text": "A. 저희 개념정리나 이론 교재만 봐도 부담 전혀 없으실 정도구요",
            "speaker": {
              "id": "A",
              "sex": "여성",
              "age": "1그룹(10대~20대)"
            },
            "speechAct": "진술하기",
            "morpheme": "A/SL+저희/NP+개념/NNG+정리/NNG+나/JC+이론/NNG+교재/NNG+만/JX+봐도/VV+EC+부담/NNG+전혀/MAG+없/VA+으실/EP+ETM+정도/NNG+구요/VCP+EC"
          },
          {
            "id": 7,
            "text": "A. 올해 남은 기간동안 영어는 고등학교 수준까진 정리가 되세요",
            "norm_text": "A. 올해 남은 기간동안 영어는 고등학교 수준까진 정리가 되세요",
            "speaker": {
              "id": "A",
              "sex": "여성",
              "age": "1그룹(10대~20대)"
            },
            "speechAct": "진술하기",
            "morpheme": "A/SL+./SY+올해/NNG+남/VV+은/ETM+기간/NNG+동안/NNG+영어/NNG+는/JX+고등/NNG+학교/NNG+수준/NNG+까진/JX+VCP+ETM+정리/NNG+가/JKS+되/VV+세요/EP+EF"
          },
          {
            "id": 8,
            "text": "B. 아 저같은 노베이스도 가능한 얘기일까요",
            "norm_text": "B. 아 저같은 노베이스도 가능한 얘기일까요",
            "speaker": {
              "id": "B",
              "sex": "남성",
              "age": "1그룹(10대~20대)"
            },
            "speechAct": "질문하기",
            "morpheme": "B/SL+아/IC+저/IC+같/VA+은/ETM+노/NNP+베이스/NNP+도/JX+가능/NNG+한/XSA+ETM+얘기/NNG+일까요/VCP+EC"
          },
          {
            "id": 9,
            "text": "A. 그럼요 다음달 기초과정 수강 적극 추천드리구요",
            "norm_text": "A. 그럼요 다음달 기초과정 수강 적극 추천드리구요",
            "speaker": {
              "id": "A",
              "sex": "여성",
              "age": "1그룹(10대~20대)"
            },
            "speechAct": "진술하기",
            "morpheme": "A/SL+그럼/MAJ+요/MM+다음/NNG+달/NNG+기초/NNG+과정/NNG+수강/NNG+적/XSN+극추/NNG+천/NR+드리/VV+구요/EF"
          },
          {
            "id": 10,
            "text": "A. 이번달 남은 부분도 원하시면 청강 방법 찾아보겠습니다",
            "norm_text": "A. 이번달 남은 부분도 원하시면 청강 방법 찾아보겠습니다",
            "speaker": {
              "id": "A",
              "sex": "여성",
              "age": "1그룹(10대~20대)"
            },
            "speechAct": "진술하기",
            "morpheme": "A/SL+./SY+이번/NNG+달/NNG+남/VV+은/ETM+부분/NNG+도원/NNG+하/XSV+시/EP+면/EC+청강/NNG+방법/NNG+찾아보/VV+겠/EP+습니다/EF"
          },
          {
            "id": 11,
            "text": "B. 친절히 신경써주셔서 너무 감사합니다",
            "norm_text": "B. 친절히 신경써주셔서 너무 감사합니다",
            "speaker": {
              "id": "B",
              "sex": "남성",
              "age": "1그룹(10대~20대)"
            },
            "speechAct": "감사하기",
            "morpheme": "B/SL+친절히/MAG+신경/NNG+써/VV+EC+주/VX+셔서/EP+EC+너무/MAG+감사/NNG+합니다/XSV+EC"
          },
          {
            "id": 12,
            "text": "A. 네 부담갖지마시고 문의전화도 언제든 주세요",
            "norm_text": "A. 네 부담갖지마시고 문의전화도 언제든 주세요",
            "speaker": {
              "id": "A",
              "sex": "여성",
              "age": "1그룹(10대~20대)"
            },
            "speechAct": "인사하기",
            "morpheme": "A/SL+네/IC+부담/NNG+갖/VV+지/EC+마시/VV+고/EC+문/NNG+의/JKG+전화/NNG+도/JX+언제/NP+든/VCP+EC+주/VX+세요/EP+EF"
          }
        ]
      }
    }
  ]
}