{
  "dataset": {
    "identifier": 140317,
    "name": "e1_20211115_0006_0485_01",
    "src_path": "/data/file/cubeManager/PROJECT018/91/txt20211110140005040279/e1_20211115_0006_0485_01/",
    "label_path": "/data/file/cubeManager/PROJECT018/91/txt20211110140005040279/e1_20211115_0006_0485_01/",
    "category": 2,
    "type": 0
  },
  "licenses": {
    "name": "Apache License 1.0",
    "url": "http://www.apache.org/licenses/LICENSE-1.0"
  },
  "info": [
    {
      "id": 157959,
      "filename": "e1_0067_0100_02.txt",
      "title": "e1_0067_0100_02",
      "mediatype": "콜센터",
      "medianame": "콜센터",
      "category": "목적대화",
      "date": "2021-11-10",
      "size": 345,
      "annotations": {
        "subject": "프로그램 문의",
        "speaker_type": "1:1",
        "size": 345,
        "word_size": 85,
        "text": "A. 반갑습니다 20만명의 선택 #@소속#입니다\nB. 안녕하세요 현재 대학 재학생인데요\nB. 미리 편입 준비좀 하고싶은데 궁금한게 있어서요\nA. 네 안녕하세요 어떤 부분 궁금하신가요\nB. 재학생반이 따로 있는지 수강요일은 언젠지 알려주세요\nA. 22년 대비 1학년 재학생반 9월부터 개강했구요\nA. 금요일과 토요일 양일간 수업 진행되고 있습니다\nB. 아 네 완전 기초부터 배우고싶은데 가능할까요\nA. 네 문법 기초부터 시작해 차근차근 정리하는 반이에요\nB. 꼭 들어보고 싶은데 대면 참석되는 반인가요\nA. 네 이번주부터 대면수업으로 진행되고 있습니다\nB. 다행이네요 좋은 정보 감사합니다\nA. 네 오늘도 좋은 하루 되시고 코로나 조심하세요",
        "lines": [
          {
            "id": 1,
            "text": "A. 반갑습니다 20만명의 선택 #@소속#입니다",
            "norm_text": "A. 반갑습니다 20만명의 선택 #@소속#입니다",
            "speaker": {
              "id": "A",
              "sex": "여성",
              "age": "1그룹(10대~20대)"
            },
            "speechAct": "인사하기",
            "morpheme": "A/SL+반갑/VA+습니다/EF+20/SN+만/NR+명/NNBC+의/JKG+선택/NNG+#/SY+@/SY+소속/NNG+#/SY+입니다/VCP+EC"
          },
          {
            "id": 2,
            "text": "B. 안녕하세요 현재 대학 재학생인데요",
            "norm_text": "B. 안녕하세요 현재 대학 재학생인데요",
            "speaker": {
              "id": "B",
              "sex": "남성",
              "age": "1그룹(10대~20대)"
            },
            "speechAct": "진술하기",
            "morpheme": "B/SL+./SY+안녕/NNG+하/XSV+세요/EP+EF+현재/MAG+대학재/NNG+학생/NNG+인데요/VCP+EC"
          },
          {
            "id": 3,
            "text": "B. 미리 편입 준비좀 하고싶은데 궁금한게 있어서요",
            "norm_text": "B. 미리 편입 준비좀 하고싶은데 궁금한게 있어서요",
            "speaker": {
              "id": "B",
              "sex": "남성",
              "age": "1그룹(10대~20대)"
            },
            "speechAct": "진술하기",
            "morpheme": "B/SL+미리/MAG+편입/NNG+준비/NNG+좀/MAG+하/VV+고/EC+싶/VX+은데/EC+궁금/XR+한/XSA+ETM+게/NNB+JKS+있/VA+어서요/EC"
          },
          {
            "id": 4,
            "text": "A. 네 안녕하세요 어떤 부분 궁금하신가요",
            "norm_text": "A. 네 안녕하세요 어떤 부분 궁금하신가요",
            "speaker": {
              "id": "A",
              "sex": "여성",
              "age": "1그룹(10대~20대)"
            },
            "speechAct": "질문하기",
            "morpheme": "A/SL+네/IC+안녕/NNG+하/XSV+세요/EP+EF+어떤/MM+부분/NNG+궁금/XR+하/XSA+신가요/EP+EC"
          },
          {
            "id": 5,
            "text": "B. 재학생반이 따로 있는지 수강요일은 언젠지 알려주세요",
            "norm_text": "B. 재학생반이 따로 있는지 수강요일은 언젠지 알려주세요",
            "speaker": {
              "id": "B",
              "sex": "남성",
              "age": "1그룹(10대~20대)"
            },
            "speechAct": "명령하기/요구하기",
            "morpheme": "B/SL+./SY+재학/NNG+생반/NNG+이/JKS+따로/MAG+있/VV+는지/EC+수강/NNG+요일/NNG+은/JX+언젠지/NP+VCP+EC+알려/VV+EC+주/VX+세요/EP+EF"
          },
          {
            "id": 6,
            "text": "A. 22년 대비 1학년 재학생반 9월부터 개강했구요",
            "norm_text": "A. 22년 대비 1학년 재학생반 9월부터 개강했구요",
            "speaker": {
              "id": "A",
              "sex": "여성",
              "age": "1그룹(10대~20대)"
            },
            "speechAct": "진술하기",
            "morpheme": "A/SL+./SY+22/SN+년/NNBC+대비/NNG+1/SN+학년/NNG+재학/NNG+생반/NNG+9/SN+월/NNBC+부터/JX+개강/NNG+했/XSV+EP+구요/EF"
          },
          {
            "id": 7,
            "text": "A. 금요일과 토요일 양일간 수업 진행되고 있습니다",
            "norm_text": "A. 금요일과 토요일 양일간 수업 진행되고 있습니다",
            "speaker": {
              "id": "A",
              "sex": "여성",
              "age": "1그룹(10대~20대)"
            },
            "speechAct": "진술하기",
            "morpheme": "A/SL+./SY+금요일/NNG+과/JC+토요일/NNG+양일/NNG+간/NNB+수업/NNG+진행/NNG+되/XSV+고/EC+있/VX+습니다/EF"
          },
          {
            "id": 8,
            "text": "B. 아 네 완전 기초부터 배우고싶은데 가능할까요",
            "norm_text": "B. 아 네 완전 기초부터 배우고싶은데 가능할까요",
            "speaker": {
              "id": "B",
              "sex": "남성",
              "age": "1그룹(10대~20대)"
            },
            "speechAct": "질문하기",
            "morpheme": "B/SL+아/IC+네/IC+완전/MAG+기초/NNG+부터/JX+배우/VV+고/EC+싶/VX+은데/EC+가능/NNG+할까요/XSV+EC"
          },
          {
            "id": 9,
            "text": "A. 네 문법 기초부터 시작해 차근차근 정리하는 반이에요",
            "norm_text": "A. 네 문법 기초부터 시작해 차근차근 정리하는 반이에요",
            "speaker": {
              "id": "A",
              "sex": "여성",
              "age": "1그룹(10대~20대)"
            },
            "speechAct": "진술하기",
            "morpheme": "A/SL+네/IC+문법/NNG+기초/NNG+부터/JX+시작/NNG+해/XSV+EC+차근차근/MAG+정리/NNG+하/XSV+는/ETM+반/NNG+이/VCP+에요/EF"
          },
          {
            "id": 10,
            "text": "B. 꼭 들어보고 싶은데 대면 참석되는 반인가요",
            "norm_text": "B. 꼭 들어보고 싶은데 대면 참석되는 반인가요",
            "speaker": {
              "id": "B",
              "sex": "남성",
              "age": "1그룹(10대~20대)"
            },
            "speechAct": "질문하기",
            "morpheme": "B/SL+꼭/MAG+들/VV+어/EC+보/VX+고/EC+싶/VX+은데/EC+대/VX+면/EC+참석/NNG+되/XSV+는/ETM+반/NNG+인가요/VCP+EC"
          },
          {
            "id": 11,
            "text": "A. 네 이번주부터 대면수업으로 진행되고 있습니다",
            "norm_text": "A. 네 이번주부터 대면수업으로 진행되고 있습니다",
            "speaker": {
              "id": "A",
              "sex": "여성",
              "age": "1그룹(10대~20대)"
            },
            "speechAct": "진술하기",
            "morpheme": "A/SL+네/IC+이번/NNG+주/NNG+부터/JX+대/VV+면/EC+수업/NNG+으로/JKB+진행/NNG+되/XSV+고/EC+있/VX+습니다/EF"
          },
          {
            "id": 12,
            "text": "B. 다행이네요 좋은 정보 감사합니다",
            "norm_text": "B. 다행이네요 좋은 정보 감사합니다",
            "speaker": {
              "id": "B",
              "sex": "남성",
              "age": "1그룹(10대~20대)"
            },
            "speechAct": "감사하기",
            "morpheme": "B/SL+./SY+다행/NNG+이/VCP+네요/EF+좋/VA+은/ETM+정보/NNG+감사/NNG+합니다/XSV+EC"
          },
          {
            "id": 13,
            "text": "A. 네 오늘도 좋은 하루 되시고 코로나 조심하세요",
            "norm_text": "A. 네 오늘도 좋은 하루 되시고 코로나 조심하세요",
            "speaker": {
              "id": "A",
              "sex": "여성",
              "age": "1그룹(10대~20대)"
            },
            "speechAct": "인사하기",
            "morpheme": "A/SL+네/IC+오늘/NNG+도/JX+좋/VA+은/ETM+하루/NNG+되/XSV+시/EP+고/EC+코로나/NNG+조심/NNG+하/XSV+세요/EP+EF"
          }
        ]
      }
    }
  ]
}