{
  "dataset": {
    "identifier": 139740,
    "name": "e1_20211115_0006_0283_01",
    "src_path": "/data/file/cubeManager/PROJECT018/91/txt20211110140003045435/e1_20211115_0006_0283_01/",
    "label_path": "/data/file/cubeManager/PROJECT018/91/txt20211110140003045435/e1_20211115_0006_0283_01/",
    "category": 2,
    "type": 0
  },
  "licenses": {
    "name": "Apache License 1.0",
    "url": "http://www.apache.org/licenses/LICENSE-1.0"
  },
  "info": [
    {
      "id": 157744,
      "filename": "e1_0066_0096_02.txt",
      "title": "e1_0066_0096_02",
      "mediatype": "콜센터",
      "medianame": "콜센터",
      "category": "목적대화",
      "date": "2021-11-10",
      "size": 253,
      "annotations": {
        "subject": "프로그램 문의",
        "speaker_type": "1:1",
        "size": 253,
        "word_size": 52,
        "text": "A.　문의주셔서 감사합니다 #@이름#입니다\nB.　저희 딸 거기 레벨테스트 예약하려고 하는데요\nB.　레벨테스트 예약 방법좀 알려주세요\nA.　레벨테스트 예약은 전화 문의 주셔도 되고요\nA.　홈페이지에서 #@상품# 시험일정 선택하셔도 됩니다\nB.　아 둘 중 아무데서나 하면 된다고요\nA.　네 그렇습니다 두가지 방법 중 편하신거 선택하시면 됩니다\nB.　아 그렇군요 알겠습니다\nA.　다른 문의사항 있으실까요\nB.　아니요 없습니다 수고하세요\nA.　오늘 하루 마무리 잘하시길 바랍니다",
        "lines": [
          {
            "id": 1,
            "text": "A.　문의주셔서 감사합니다 #@이름#입니다",
            "norm_text": "A.　문의주셔서 감사합니다 #@이름#입니다",
            "speaker": {
              "id": "A",
              "sex": "여성",
              "age": "1그룹(10대~20대)"
            },
            "speechAct": "인사하기",
            "morpheme": "A/SL+./SY+　/SY+문/NNG+의/JKG+주/VV+셔서/EP+EC+감사/NNG+합니다/XSV+EF+#/SY+@/SY+이름/NNG+#/SY+입니다/VCP+EC"
          },
          {
            "id": 2,
            "text": "B.　저희 딸 거기 레벨테스트 예약하려고 하는데요",
            "norm_text": "B.　저희 딸 거기 레벨테스트 예약하려고 하는데요",
            "speaker": {
              "id": "B",
              "sex": "남성",
              "age": "1그룹(10대~20대)"
            },
            "speechAct": "진술하기",
            "morpheme": "B/SL+./SY+　/SY+저희/NP+딸/VV+ETM+거기/NP+레벨/NNG+테스트/NNG+예약/NNG+하/XSV+려고/EC+하/VV+는데요/EC"
          },
          {
            "id": 3,
            "text": "B.　레벨테스트 예약 방법좀 알려주세요",
            "norm_text": "B.　레벨테스트 예약 방법좀 알려주세요",
            "speaker": {
              "id": "B",
              "sex": "남성",
              "age": "1그룹(10대~20대)"
            },
            "speechAct": "부탁하기",
            "morpheme": "B/SL+./SY+　/SY+레벨/NNG+테스트/NNG+예약/NNG+방법/NNG+좀/MAG+알려/VV+EC+주/VX+세요/EP+EF"
          },
          {
            "id": 4,
            "text": "A.　레벨테스트 예약은 전화 문의 주셔도 되고요",
            "norm_text": "A.　레벨테스트 예약은 전화 문의 주셔도 되고요",
            "speaker": {
              "id": "A",
              "sex": "여성",
              "age": "1그룹(10대~20대)"
            },
            "speechAct": "진술하기",
            "morpheme": "A/SL+./SY+　/SY+레벨/NNG+테스트/NNG+예약/NNG+은/JX+전화/NNG+문/NNG+의/JKG+주/VV+셔도/EP+EC+되/VV+고요/EC"
          },
          {
            "id": 5,
            "text": "A.　홈페이지에서 #@상품# 시험일정 선택하셔도 됩니다",
            "norm_text": "A.　홈페이지에서 #@상품# 시험일정 선택하셔도 됩니다",
            "speaker": {
              "id": "A",
              "sex": "여성",
              "age": "1그룹(10대~20대)"
            },
            "speechAct": "진술하기",
            "morpheme": "A/SL+./SY+　/SY+홈페이지/NNG+에서/JKB+#/SY+@/SY+상품/NNG+#/SY+시험/NNG+일정/NNG+선택/NNG+하/XSV+셔도/EP+EC+됩니다/VX+EC"
          },
          {
            "id": 6,
            "text": "B.　아 둘 중 아무데서나 하면 된다고요",
            "norm_text": "B.　아 둘 중 아무데서나 하면 된다고요",
            "speaker": {
              "id": "B",
              "sex": "남성",
              "age": "1그룹(10대~20대)"
            },
            "speechAct": "질문하기",
            "morpheme": "B/SL+./SY+　/SY+아/IC+둘/NR+중/NNB+아무/MM+데/NNB+서/JKB+나/JX+하/VV+면/EC+된다/VV+EC+고요/NNG"
          },
          {
            "id": 7,
            "text": "A.　네 그렇습니다 두가지 방법 중 편하신거 선택하시면 됩니다",
            "norm_text": "A.　네 그렇습니다 두가지 방법 중 편하신거 선택하시면 됩니다",
            "speaker": {
              "id": "A",
              "sex": "여성",
              "age": "1그룹(10대~20대)"
            },
            "speechAct": "진술하기",
            "morpheme": "A/SL+./SY+　/SY+네/IC+그렇/VA+습니다/EF+두/MM+가지/NNBC+방법/NNG+중편/NNG+하/XSV+신/EP+ETM+거/NNB+선택/NNG+하/XSV+시/EP+면/EC+됩니다/VX+EC"
          },
          {
            "id": 8,
            "text": "B.　아 그렇군요 알겠습니다",
            "norm_text": "B.　아 그렇군요 알겠습니다",
            "speaker": {
              "id": "B",
              "sex": "남성",
              "age": "1그룹(10대~20대)"
            },
            "speechAct": "진술하기",
            "morpheme": "B/SL+./SY+　/SY+아/IC+그렇/VA+군요/EC+알/VV+겠/EP+습니다/EF"
          },
          {
            "id": 9,
            "text": "A.　다른 문의사항 있으실까요",
            "norm_text": "A.　다른 문의사항 있으실까요",
            "speaker": {
              "id": "A",
              "sex": "여성",
              "age": "1그룹(10대~20대)"
            },
            "speechAct": "질문하기",
            "morpheme": "A/SL+./SY+　/SY+다른/MM+문/NNG+의/JKG+사항/NNG+있/VV+으실까/EP+EP+EF+요/MM"
          },
          {
            "id": 10,
            "text": "B.　아니요 없습니다 수고하세요",
            "norm_text": "B.　아니요 없습니다 수고하세요",
            "speaker": {
              "id": "B",
              "sex": "남성",
              "age": "1그룹(10대~20대)"
            },
            "speechAct": "인사하기",
            "morpheme": "B/SL+./SY+　/SY+아니요/IC+없/VA+습니다/EF+수고/NNG+하/XSV+세요/EP+EF"
          },
          {
            "id": 11,
            "text": "A.　오늘 하루 마무리 잘하시길 바랍니다",
            "norm_text": "A.　오늘 하루 마무리 잘하시길 바랍니다",
            "speaker": {
              "id": "A",
              "sex": "여성",
              "age": "1그룹(10대~20대)"
            },
            "speechAct": "인사하기",
            "morpheme": "A/SL+./SY+　/SY+오늘/NNG+하루/NNG+마무리/NNG+잘/MAG+하/VV+시/EP+길/ETN+JKO+바랍니다/VV+EC"
          }
        ]
      }
    }
  ]
}