{
  "dataset": {
    "identifier": 140349,
    "name": "e1_20211115_0006_0492_01",
    "src_path": "/data/file/cubeManager/PROJECT018/91/txt20211110140005045714/e1_20211115_0006_0492_01/",
    "label_path": "/data/file/cubeManager/PROJECT018/91/txt20211110140005045714/e1_20211115_0006_0492_01/",
    "category": 2,
    "type": 0
  },
  "licenses": {
    "name": "Apache License 1.0",
    "url": "http://www.apache.org/licenses/LICENSE-1.0"
  },
  "info": [
    {
      "id": 157966,
      "filename": "e1_0067_0107_02.txt",
      "title": "e1_0067_0107_02",
      "mediatype": "콜센터",
      "medianame": "콜센터",
      "category": "목적대화",
      "date": "2021-11-10",
      "size": 286,
      "annotations": {
        "subject": "프로그램 문의",
        "speaker_type": "1:1",
        "size": 286,
        "word_size": 74,
        "text": "A. 반갑습니다 본사직영 #@소속# 입니다\nB. 네 저 편입 희망생인데 뭐 좀 여쭤볼게요\nA. 네 안녕하세요 어떤 부분 궁금하신가요\nB. 혹시 화학 전공필기 강좌 개설되있나요\nA. 전공 강좌는 #@소속#나 인강으로 수강 가능하세요\nB. 그렇군요 저는 영어 수업은 관심이 안가서요\nB. 전공이랑 수학만 준비해도 큰 문제 없으려나요\nA. 편입은 영어와 수학이 필수로 준비되셔야 좋아요\nA. 그래야 인서울이나 수도권 선택의 폭이 확실히 넓어집니다\nB. 아 네 알겠습니다 조언 감사드립니다\nA. 네 합리적 선택 하시길 바랍니다 감사합니다",
        "lines": [
          {
            "id": 1,
            "text": "A. 반갑습니다 본사직영 #@소속# 입니다",
            "norm_text": "A. 반갑습니다 본사직영 #@소속# 입니다",
            "speaker": {
              "id": "A",
              "sex": "여성",
              "age": "1그룹(10대~20대)"
            },
            "speechAct": "인사하기",
            "morpheme": "A/SL+반갑/VA+습니다/EF+본사/NNG+직영/NNG+#/SY+@/SY+소속/NNG+#/SY+입니다/VCP+EC"
          },
          {
            "id": 2,
            "text": "B. 네 저 편입 희망생인데 뭐 좀 여쭤볼게요",
            "norm_text": "B. 네 저 편입 희망생인데 뭐 좀 여쭤볼게요",
            "speaker": {
              "id": "B",
              "sex": "남성",
              "age": "1그룹(10대~20대)"
            },
            "speechAct": "진술하기",
            "morpheme": "B/SL+네/IC+저/MM+편입/NNG+희망/NNG+생/XSN+인데/VCP+EC+뭐/IC+좀/MAG+여쭤볼/VV+EC+VX+ETM+게요/NNB+VCP+EC"
          },
          {
            "id": 3,
            "text": "A. 네 안녕하세요 어떤 부분 궁금하신가요",
            "norm_text": "A. 네 안녕하세요 어떤 부분 궁금하신가요",
            "speaker": {
              "id": "A",
              "sex": "여성",
              "age": "1그룹(10대~20대)"
            },
            "speechAct": "질문하기",
            "morpheme": "A/SL+네/IC+안녕/NNG+하/XSV+세요/EP+EF+어떤/MM+부분/NNG+궁금/XR+하/XSA+신가요/EP+EC"
          },
          {
            "id": 4,
            "text": "B. 혹시 화학 전공필기 강좌 개설되있나요",
            "norm_text": "B. 혹시 화학 전공필기 강좌 개설되있나요",
            "speaker": {
              "id": "B",
              "sex": "남성",
              "age": "1그룹(10대~20대)"
            },
            "speechAct": "질문하기",
            "morpheme": "B/SL+혹시/MAG+화학/NNG+전공/NNG+필기/NNG+강좌/NNG+개설/NNG+되/XSV+EC+있/VX+나요/EC"
          },
          {
            "id": 5,
            "text": "A. 전공 강좌는 #@소속#나 인강으로 수강 가능하세요",
            "norm_text": "A. 전공 강좌는 #@소속#나 인강으로 수강 가능하세요",
            "speaker": {
              "id": "A",
              "sex": "여성",
              "age": "1그룹(10대~20대)"
            },
            "speechAct": "진술하기",
            "morpheme": "A/SL+./SY+전공/NNG+강좌/NNG+는/JX+#/SY+@/SY+소속/NNG+#/SY+나인강/NNP+으로/JKB+수강/NNG+가능/NNG+하/XSV+세요/EP+EF"
          },
          {
            "id": 6,
            "text": "B. 그렇군요 저는 영어 수업은 관심이 안가서요",
            "norm_text": "B. 그렇군요 저는 영어 수업은 관심이 안가서요",
            "speaker": {
              "id": "B",
              "sex": "남성",
              "age": "1그룹(10대~20대)"
            },
            "speechAct": "진술하기",
            "morpheme": "B/SL+그렇/VA+군요/EF+저/NP+는/JX+영어/NNG+수업/NNG+은/JX+관심/NNG+이/JKS+안/MAG+가/VV+서요/EP+EC"
          },
          {
            "id": 7,
            "text": "B. 전공이랑 수학만 준비해도 큰 문제 없으려나요",
            "norm_text": "B. 전공이랑 수학만 준비해도 큰 문제 없으려나요",
            "speaker": {
              "id": "B",
              "sex": "남성",
              "age": "1그룹(10대~20대)"
            },
            "speechAct": "질문하기",
            "morpheme": "B/SL+./SY+전공/NNG+이랑/JKB+수학/NNG+만/JX+준비/NNG+해도/XSV+EC+큰/VA+ETM+문제/NNG+없/VA+으려/EC+나/VX+요/EC"
          },
          {
            "id": 8,
            "text": "A. 편입은 영어와 수학이 필수로 준비되셔야 좋아요",
            "norm_text": "A. 편입은 영어와 수학이 필수로 준비되셔야 좋아요",
            "speaker": {
              "id": "A",
              "sex": "여성",
              "age": "1그룹(10대~20대)"
            },
            "speechAct": "진술하기",
            "morpheme": "A/SL+./SY+편입/NNG+은/JX+영어/NNG+와/JC+수학/NNG+이/JKS+필수/NNG+로/JKB+준비/NNG+되/XSV+셔야/EP+EC+좋/VA+아요/EC"
          },
          {
            "id": 9,
            "text": "A. 그래야 인서울이나 수도권 선택의 폭이 확실히 넓어집니다",
            "norm_text": "A. 그래야 인서울이나 수도권 선택의 폭이 확실히 넓어집니다",
            "speaker": {
              "id": "A",
              "sex": "여성",
              "age": "1그룹(10대~20대)"
            },
            "speechAct": "진술하기",
            "morpheme": "A/SL+그래/IC+야인/NNP+서울/NNP+이나/JC+수도/NNG+권/XSN+선택/NNG+의/JKG+폭/NNG+이/JKS+확실히/MAG+넓/VA+어/EC+집니다/VX+EC"
          },
          {
            "id": 10,
            "text": "B. 아 네 알겠습니다 조언 감사드립니다",
            "norm_text": "B. 아 네 알겠습니다 조언 감사드립니다",
            "speaker": {
              "id": "B",
              "sex": "남성",
              "age": "1그룹(10대~20대)"
            },
            "speechAct": "인사하기",
            "morpheme": "B/SL+아/IC+네/IC+알/VV+겠/EP+습니다/EF+조언/NNG+감사/NNG+드립니다/VV+EC"
          },
          {
            "id": 11,
            "text": "A. 네 합리적 선택 하시길 바랍니다 감사합니다",
            "norm_text": "A. 네 합리적 선택 하시길 바랍니다 감사합니다",
            "speaker": {
              "id": "A",
              "sex": "여성",
              "age": "1그룹(10대~20대)"
            },
            "speechAct": "인사하기",
            "morpheme": "A/SL+네/IC+합리/NNG+적/XSN+선택/NNG+하/XSV+시/EP+길/ETN+JKO+바랍니다/VV+EF+감사/NNG+합니다/XSV+EC"
          }
        ]
      }
    }
  ]
}