{
  "dataset": {
    "identifier": 140503,
    "name": "e1_20211115_0006_0559_01",
    "src_path": "/data/file/cubeManager/PROJECT018/91/txt20211110140005090142/e1_20211115_0006_0559_01/",
    "label_path": "/data/file/cubeManager/PROJECT018/91/txt20211110140005090142/e1_20211115_0006_0559_01/",
    "category": 2,
    "type": 0
  },
  "licenses": {
    "name": "Apache License 1.0",
    "url": "http://www.apache.org/licenses/LICENSE-1.0"
  },
  "info": [
    {
      "id": 158033,
      "filename": "e1_0067_0174_02.txt",
      "title": "e1_0067_0174_02",
      "mediatype": "콜센터",
      "medianame": "콜센터",
      "category": "목적대화",
      "date": "2021-11-10",
      "size": 297,
      "annotations": {
        "subject": "프로그램 문의",
        "speaker_type": "1:1",
        "size": 297,
        "word_size": 77,
        "text": "A. 반갑습니다 미래를 여는 방송 #@소속# 입니다\nB. 안녕하세요 저 강좌 추천 좀 받고싶은데요\nA. 네 어떤 강의 안내 도와드릴까요\nB. 애가 지금 초등학생인데 역사에 관심이 많아서요\nB. 역사 쪽 강좌 중에 인기있는게 어떤건가요\nA. #@상품# 라는 강좌 추천드립니다\nB. 아 애가 6학년인데 들을만한 내용일까요\nA. 네 초등학교 고학년 대상 강좌입니다\nB. 그렇군요 강의계획서나 강의소개 볼 수 있을까요\nA. 네 해당강좌 선생님톡톡 게시판에서 확인 가능하세요\nB. 감사합니다 있다가 들어가볼게요\nA. 네 #@소속#와 함께 하는 좋은 하루 되세요",
        "lines": [
          {
            "id": 1,
            "text": "A. 반갑습니다 미래를 여는 방송 #@소속# 입니다",
            "norm_text": "A. 반갑습니다 미래를 여는 방송 #@소속# 입니다",
            "speaker": {
              "id": "A",
              "sex": "여성",
              "age": "1그룹(10대~20대)"
            },
            "speechAct": "인사하기",
            "morpheme": "A/SL+반갑/VA+습니다/EF+미래/NNG+를/JKO+여/VV+는/ETM+방송/NNG+#/SY+@/SY+소속/NNG+#/SY+입니다/VCP+EC"
          },
          {
            "id": 2,
            "text": "B. 안녕하세요 저 강좌 추천 좀 받고싶은데요",
            "norm_text": "B. 안녕하세요 저 강좌 추천 좀 받고싶은데요",
            "speaker": {
              "id": "B",
              "sex": "남성",
              "age": "1그룹(10대~20대)"
            },
            "speechAct": "진술하기",
            "morpheme": "B/SL+./SY+안녕/NNG+하/XSV+세요/EP+EF+저/MM+강좌/NNG+추천/NNG+좀/MAG+받/VV+고/EC+싶/VX+은데요/EC"
          },
          {
            "id": 3,
            "text": "A. 네 어떤 강의 안내 도와드릴까요",
            "norm_text": "A. 네 어떤 강의 안내 도와드릴까요",
            "speaker": {
              "id": "A",
              "sex": "여성",
              "age": "1그룹(10대~20대)"
            },
            "speechAct": "질문하기",
            "morpheme": "A/SL+네/IC+어떤/MM+강의/NNG+안내/NNG+도와/VV+EC+드릴까요/VX+EC"
          },
          {
            "id": 4,
            "text": "B. 애가 지금 초등학생인데 역사에 관심이 많아서요",
            "norm_text": "B. 애가 지금 초등학생인데 역사에 관심이 많아서요",
            "speaker": {
              "id": "B",
              "sex": "남성",
              "age": "1그룹(10대~20대)"
            },
            "speechAct": "진술하기",
            "morpheme": "B/SL+./SY+애/NNG+가/JKS+지금/MAG+초등학생/NNG+인데/VCP+EC+역사/NNG+에/JKB+관심/NNG+이/JKS+많/VA+아서요/EC"
          },
          {
            "id": 5,
            "text": "B. 역사 쪽 강좌 중에 인기있는게 어떤건가요",
            "norm_text": "B. 역사 쪽 강좌 중에 인기있는게 어떤건가요",
            "speaker": {
              "id": "B",
              "sex": "남성",
              "age": "1그룹(10대~20대)"
            },
            "speechAct": "질문하기",
            "morpheme": "B/SL+./SY+역사/NNG+쪽/NNB+강좌/NNG+중/NNB+에/JKB+인기/NNG+있/VA+는/ETM+게/NNB+JKS+어떤/MM+건가요/NNB+VCP+EC"
          },
          {
            "id": 6,
            "text": "A. #@상품# 라는 강좌 추천드립니다",
            "norm_text": "A. #@상품# 라는 강좌 추천드립니다",
            "speaker": {
              "id": "A",
              "sex": "여성",
              "age": "1그룹(10대~20대)"
            },
            "speechAct": "진술하기",
            "morpheme": "A/SL+./SY+#/SY+@/SY+상품/NNG+#/SY+라는/VCP+ETM+강좌/NNG+추천/NNG+드립니다/VV+EC"
          },
          {
            "id": 7,
            "text": "B. 아 애가 6학년인데 들을만한 내용일까요",
            "norm_text": "B. 아 애가 6학년인데 들을만한 내용일까요",
            "speaker": {
              "id": "B",
              "sex": "남성",
              "age": "1그룹(10대~20대)"
            },
            "speechAct": "질문하기",
            "morpheme": "B/SL+./SY+아애/NNG+가/JKS+6/SN+학년/NNG+인데/VCP+EC+들/VV+을/ETM+만/NNB+한/XSA+ETM+내용/NNG+일까요/VCP+EC"
          },
          {
            "id": 8,
            "text": "A. 네 초등학교 고학년 대상 강좌입니다",
            "norm_text": "A. 네 초등학교 고학년 대상 강좌입니다",
            "speaker": {
              "id": "A",
              "sex": "여성",
              "age": "1그룹(10대~20대)"
            },
            "speechAct": "진술하기",
            "morpheme": "A/SL+네/IC+초등/NNG+학교/NNG+고학년/NNG+대상/NNG+강좌/NNG+입니다/VCP+EC"
          },
          {
            "id": 9,
            "text": "B. 그렇군요 강의계획서나 강의소개 볼 수 있을까요",
            "norm_text": "B. 그렇군요 강의계획서나 강의소개 볼 수 있을까요",
            "speaker": {
              "id": "B",
              "sex": "남성",
              "age": "1그룹(10대~20대)"
            },
            "speechAct": "질문하기",
            "morpheme": "B/SL+그렇/VA+군요/EC+강의/NNG+계획서/NNG+나/JC+강의/NNG+소개/NNG+볼/VV+ETM+수/NNB+있/VV+을까요/EC"
          },
          {
            "id": 10,
            "text": "A. 네 해당강좌 선생님톡톡 게시판에서 확인 가능하세요",
            "norm_text": "A. 네 해당강좌 선생님톡톡 게시판에서 확인 가능하세요",
            "speaker": {
              "id": "A",
              "sex": "여성",
              "age": "1그룹(10대~20대)"
            },
            "speechAct": "진술하기",
            "morpheme": "A/SL+네/IC+해당/NNG+강좌/NNG+선생/NNG+님/XSN+톡톡/MAG+게시판/NNG+에서/JKB+확인/NNG+가능/NNG+하/XSV+세요/EP+EF"
          },
          {
            "id": 11,
            "text": "B. 감사합니다 있다가 들어가볼게요",
            "norm_text": "B. 감사합니다 있다가 들어가볼게요",
            "speaker": {
              "id": "B",
              "sex": "남성",
              "age": "1그룹(10대~20대)"
            },
            "speechAct": "감사하기",
            "morpheme": "B/SL+./SY+감사/NNG+합니다/XSV+EC+있/VX+다가/EC+들어가/VV+EC+볼게요/VX+EF"
          },
          {
            "id": 12,
            "text": "A. 네 #@소속#와 함께 하는 좋은 하루 되세요",
            "norm_text": "A. 네 #@소속#와 함께 하는 좋은 하루 되세요",
            "speaker": {
              "id": "A",
              "sex": "여성",
              "age": "1그룹(10대~20대)"
            },
            "speechAct": "인사하기",
            "morpheme": "A/SL+네/IC+#/SY+@/SY+소속/NNG+#/SY+와/JKB+함께/MAG+하/VV+는/ETM+좋/VA+은/ETM+하루/NNG+되/XSV+세요/EP+EF"
          }
        ]
      }
    }
  ]
}