{
  "dataset": {
    "identifier": 139827,
    "name": "e1_20211115_0006_0340_01",
    "src_path": "/data/file/cubeManager/PROJECT018/91/txt20211110140004033579/e1_20211115_0006_0340_01/",
    "label_path": "/data/file/cubeManager/PROJECT018/91/txt20211110140004033579/e1_20211115_0006_0340_01/",
    "category": 2,
    "type": 0
  },
  "licenses": {
    "name": "Apache License 1.0",
    "url": "http://www.apache.org/licenses/LICENSE-1.0"
  },
  "info": [
    {
      "id": 157816,
      "filename": "e1_0066_0168_02.txt",
      "title": "e1_0066_0168_02",
      "mediatype": "콜센터",
      "medianame": "콜센터",
      "category": "목적대화",
      "date": "2021-11-10",
      "size": 287,
      "annotations": {
        "subject": "프로그램 문의",
        "speaker_type": "1:1",
        "size": 287,
        "word_size": 63,
        "text": "A.기분좋은 아침입니다 #@소속# #@이름#입니다\nB.저 혹시 수업 후에 선생님 피드백 어디서 확인하나요\nB.제가 오늘이 수업 처음이라서요 모르겠네요\nA.수업 이후에 받는 피드백 확인경로 말씀하시는거 맞으신가요\nB.네 그거요 피드백 확인을 어디서 하는지 모르겠어서요\nA.수업 후 피드백은 마이페이지 나의출석부에 있는 달력에서 확인 가능하십니다\nB.지금 나의출석부 들어왔는데요 달력에 있다는거죠\nA.네 달력 보시면 초록색 피드백 버튼이 있습니다\nB.아 네 찾았어요 감사합니다\nA.네 다행입니다 좋은 하루 되세요 #@이름# 이었습니다",
        "lines": [
          {
            "id": 1,
            "text": "A.기분좋은 아침입니다 #@소속# #@이름#입니다",
            "norm_text": "A.기분좋은 아침입니다 #@소속# #@이름#입니다",
            "speaker": {
              "id": "A",
              "sex": "여성",
              "age": "1그룹(10대~20대)"
            },
            "speechAct": "인사하기",
            "morpheme": "A/SL+./SY+기분/NNG+좋/VA+은/ETM+아침/NNG+입니다/VCP+EF+#/SY+@/SY+소속/NNG+#/SY+#/SY+@/SY+이름/NNG+#/SY+입니다/VCP+EC"
          },
          {
            "id": 2,
            "text": "B.저 혹시 수업 후에 선생님 피드백 어디서 확인하나요",
            "norm_text": "B.저 혹시 수업 후에 선생님 피드백 어디서 확인하나요",
            "speaker": {
              "id": "B",
              "sex": "남성",
              "age": "1그룹(10대~20대)"
            },
            "speechAct": "질문하기",
            "morpheme": "B/SL+저/IC+혹시/MAG+수업/NNG+후/NNG+에/JKB+선생/NNG+님/XSN+피드백/NNG+어디/NP+서/JKB+확인/NNG+하/XSV+나요/EC"
          },
          {
            "id": 3,
            "text": "B.제가 오늘이 수업 처음이라서요 모르겠네요",
            "norm_text": "B.제가 오늘이 수업 처음이라서요 모르겠네요",
            "speaker": {
              "id": "B",
              "sex": "남성",
              "age": "1그룹(10대~20대)"
            },
            "speechAct": "진술하기",
            "morpheme": "B/SL+제/NP+가/JKS+오늘/NNG+이/JKS+수업/NNG+처음/NNG+이/VCP+라서요/EC+모르/VV+겠/EP+네요/EC"
          },
          {
            "id": 4,
            "text": "A.수업 이후에 받는 피드백 확인경로 말씀하시는거 맞으신가요",
            "norm_text": "A.수업 이후에 받는 피드백 확인경로 말씀하시는거 맞으신가요",
            "speaker": {
              "id": "A",
              "sex": "여성",
              "age": "1그룹(10대~20대)"
            },
            "speechAct": "질문하기",
            "morpheme": "A/SL+./SY+수업/NNG+이후/NNG+에/JKB+받/VV+는/ETM+피드백/NNG+확인/NNG+경로/NNG+말씀/NNG+하/XSV+시/EP+는/ETM+거/NNB+맞/VV+으신/EP+ETM+가요/NNG"
          },
          {
            "id": 5,
            "text": "B.네 그거요 피드백 확인을 어디서 하는지 모르겠어서요",
            "norm_text": "B.네 그거요 피드백 확인을 어디서 하는지 모르겠어서요",
            "speaker": {
              "id": "B",
              "sex": "남성",
              "age": "1그룹(10대~20대)"
            },
            "speechAct": "진술하기",
            "morpheme": "B/SL+네/IC+그거/NP+요/JX+피드백/NNG+확인/NNG+을/JKO+어디/NP+서/JKB+하/VV+는지/EC+모르/VV+겠/EP+어서요/EC"
          },
          {
            "id": 6,
            "text": "A.수업 후 피드백은 마이페이지 나의출석부에 있는 달력에서 확인 가능하십니다",
            "norm_text": "A.마이페이지 나의출석부에 있는 달력에서 확인 가능하십니다",
            "speaker": {
              "id": "A",
              "sex": "여성",
              "age": "1그룹(10대~20대)"
            },
            "speechAct": "진술하기",
            "morpheme": "A/SL+마이/MAG+페이지/NNG+나/NP+의/JKG+출석부/NNG+에/JKB+있/VV+는/ETM+달력/NNG+에서/JKB+확인/NNG+가능/NNG+하/XSV+십니다/EP+EC"
          },
          {
            "id": 7,
            "text": "B.지금 나의출석부 들어왔는데요 달력에 있다는거죠",
            "norm_text": "B.지금 나의출석부 들어왔는데요 달력에 있다는거죠",
            "speaker": {
              "id": "B",
              "sex": "남성",
              "age": "1그룹(10대~20대)"
            },
            "speechAct": "질문하기",
            "morpheme": "B/SL+지금/MAG+나/NP+의/JKG+출석부/NNG+들어왔/VV+EP+는데요/EF+달력/NNG+에/JKB+있/VV+다는/ETM+거/NNB+죠/VCP+EC"
          },
          {
            "id": 8,
            "text": "A.네 달력 보시면 초록색 피드백 버튼이 있습니다",
            "norm_text": "A.네 달력 보시면 초록색 피드백 버튼이 있습니다",
            "speaker": {
              "id": "A",
              "sex": "여성",
              "age": "1그룹(10대~20대)"
            },
            "speechAct": "진술하기",
            "morpheme": "A/SL+네/IC+달력/NNG+보/VV+시/EP+면/EC+초록색/NNG+피드백/NNG+버튼/NNG+이/JKS+있/VA+습니다/EF"
          },
          {
            "id": 9,
            "text": "B.아 네 찾았어요 감사합니다",
            "norm_text": "B.아 네 찾았어요 감사합니다",
            "speaker": {
              "id": "B",
              "sex": "남성",
              "age": "1그룹(10대~20대)"
            },
            "speechAct": "감사하기",
            "morpheme": "B/SL+아/IC+네/IC+찾/VV+았/EP+어요/EF+감사/NNG+합니다/XSV+EC"
          },
          {
            "id": 10,
            "text": "A.네 다행입니다 좋은 하루 되세요 #@이름# 이었습니다",
            "norm_text": "A.네 다행입니다 좋은 하루 되세요 #@이름# 이었습니다",
            "speaker": {
              "id": "A",
              "sex": "여성",
              "age": "1그룹(10대~20대)"
            },
            "speechAct": "인사하기",
            "morpheme": "A/SL+네/IC+다행/NNG+입니다/VCP+EF+좋/VA+은/ETM+하루/NNG+되/XSV+세요/EP+EF+#/SY+@/SY+이름/NNG+#/SY+이/VCP+었/EP+습니다/EF"
          }
        ]
      }
    }
  ]
}