{
  "dataset": {
    "identifier": 140366,
    "name": "e1_20211115_0006_0496_01",
    "src_path": "/data/file/cubeManager/PROJECT018/91/txt20211110140005048724/e1_20211115_0006_0496_01/",
    "label_path": "/data/file/cubeManager/PROJECT018/91/txt20211110140005048724/e1_20211115_0006_0496_01/",
    "category": 2,
    "type": 0
  },
  "licenses": {
    "name": "Apache License 1.0",
    "url": "http://www.apache.org/licenses/LICENSE-1.0"
  },
  "info": [
    {
      "id": 157970,
      "filename": "e1_0067_0111_02.txt",
      "title": "e1_0067_0111_02",
      "mediatype": "콜센터",
      "medianame": "콜센터",
      "category": "목적대화",
      "date": "2021-11-10",
      "size": 340,
      "annotations": {
        "subject": "프로그램 문의",
        "speaker_type": "1:1",
        "size": 340,
        "word_size": 90,
        "text": "A. 안녕하세요 내일을 여는 #@소속# 입니다\nB. 네 저 내년 편입 준비하려하는데 뭐 좀 여쭤볼게요\nA. 편입 관련 어떤 부분 궁금하실까요\nB. 제가 계속 아르바이트를 하고 있어서 그런데요\nB. 혹시 주말반 개설 일정 알 수 있을까요\nA. 네 주말 금토반은 저희 캠퍼스 항시 운영중입니다\nB. 아 다행이네요 시간대는 어떻게 되나요\nA. 금요일 저녁 7시부터 9시 35분까지구요\nA. 토요일은 오전 9시반부터 12시5분까지 진행입니다\nB. 아 시간대가 애매한데 혹시 평일도 같나요\nA. 평일은 월목 이틀 전부 저녁 7시부터 9시35분까지에요\nB. 아 이거 고민좀 해보고 다시 연락드릴게요\nA. 네 알겠습니다 언제든 다시 전화주세요",
        "lines": [
          {
            "id": 1,
            "text": "A. 안녕하세요 내일을 여는 #@소속# 입니다",
            "norm_text": "A. 안녕하세요 내일을 여는 #@소속# 입니다",
            "speaker": {
              "id": "A",
              "sex": "여성",
              "age": "1그룹(10대~20대)"
            },
            "speechAct": "인사하기",
            "morpheme": "A/SL+./SY+안녕/NNG+하/XSV+세요/EP+EF+내일/NNG+을/JKO+여/VV+는/ETM+#/SY+@/SY+소속/NNG+#/SY+입니다/VCP+EC"
          },
          {
            "id": 2,
            "text": "B. 네 저 내년 편입 준비하려하는데 뭐 좀 여쭤볼게요",
            "norm_text": "B. 네 저 내년 편입 준비하려하는데 뭐 좀 여쭤볼게요",
            "speaker": {
              "id": "B",
              "sex": "남성",
              "age": "1그룹(10대~20대)"
            },
            "speechAct": "진술하기",
            "morpheme": "B/SL+네/IC+저/MM+내년/NNG+편입/NNG+준비/NNG+하/XSV+려/EC+하/VV+는데/EC+뭐/IC+좀/MAG+여쭤볼/VV+EC+VX+ETM+게요/NNB+VCP+EC"
          },
          {
            "id": 3,
            "text": "A. 편입 관련 어떤 부분 궁금하실까요",
            "norm_text": "A. 편입 관련 어떤 부분 궁금하실까요",
            "speaker": {
              "id": "A",
              "sex": "여성",
              "age": "1그룹(10대~20대)"
            },
            "speechAct": "질문하기",
            "morpheme": "A/SL+./SY+편입/NNG+관련/NNG+어떤/MM+부분/NNG+궁금/XR+하/XSA+실까요/EP+EF"
          },
          {
            "id": 4,
            "text": "B. 제가 계속 아르바이트를 하고 있어서 그런데요",
            "norm_text": "B. 제가 계속 아르바이트를 하고 있어서 그런데요",
            "speaker": {
              "id": "B",
              "sex": "남성",
              "age": "1그룹(10대~20대)"
            },
            "speechAct": "진술하기",
            "morpheme": "B/SL+제/NP+가/JKS+계속/MAG+아르바이트/NNG+를/JKO+하/VV+고/EC+있/VX+어서/EC+그런데요/VV+EC"
          },
          {
            "id": 5,
            "text": "B. 혹시 주말반 개설 일정 알 수 있을까요",
            "norm_text": "B. 혹시 주말반 개설 일정 알 수 있을까요",
            "speaker": {
              "id": "B",
              "sex": "남성",
              "age": "1그룹(10대~20대)"
            },
            "speechAct": "질문하기",
            "morpheme": "B/SL+혹시/MAG+주말/NNG+반/NNG+개설/NNG+일정/NNG+알/VV+ETM+수/NNB+있/VV+을까요/EC"
          },
          {
            "id": 6,
            "text": "A. 네 주말 금토반은 저희 캠퍼스 항시 운영중입니다",
            "norm_text": "A. 네 주말 금토반은 저희 캠퍼스 항시 운영중입니다",
            "speaker": {
              "id": "A",
              "sex": "여성",
              "age": "1그룹(10대~20대)"
            },
            "speechAct": "진술하기",
            "morpheme": "A/SL+네/IC+주말/NNG+금토/NNP+반/NNG+은/JX+저희/NP+캠퍼스/NNG+항시/MAG+운영/NNG+중/NNB+입니다/VCP+EC"
          },
          {
            "id": 7,
            "text": "B. 아 다행이네요 시간대는 어떻게 되나요",
            "norm_text": "B. 아 다행이네요 시간대는 어떻게 되나요",
            "speaker": {
              "id": "B",
              "sex": "남성",
              "age": "1그룹(10대~20대)"
            },
            "speechAct": "질문하기",
            "morpheme": "B/SL+아/IC+다행/NNG+이/VCP+네요/EF+시간/NNG+대/XSV+는/ETM+어떻/VA+게/EC+되/VV+나요/EC"
          },
          {
            "id": 8,
            "text": "A. 금요일 저녁 7시부터 9시 35분까지구요",
            "norm_text": "A. 금요일 저녁 7시부터 9시 35분까지구요",
            "speaker": {
              "id": "A",
              "sex": "여성",
              "age": "1그룹(10대~20대)"
            },
            "speechAct": "진술하기",
            "morpheme": "A/SL+./SY+금요일/NNG+저녁/NNG+7/SN+시/NNBC+부터/JX+9/SN+시/NNBC+35/SN+분/NNBC+까지/JX+구요/NNG"
          },
          {
            "id": 9,
            "text": "A. 토요일은 오전 9시반부터 12시5분까지 진행입니다",
            "norm_text": "A. 토요일은 오전 9시반부터 12시5분까지 진행입니다",
            "speaker": {
              "id": "A",
              "sex": "여성",
              "age": "1그룹(10대~20대)"
            },
            "speechAct": "진술하기",
            "morpheme": "A/SL+./SY+토요일/NNG+은/JX+오전/NNG+9/SN+시/NNBC+반/NNG+부터/JX+12/SN+시/NNBC+5/SN+분/NNBC+까지/JX+진행/NNG+입니다/VCP+EC"
          },
          {
            "id": 10,
            "text": "B. 아 시간대가 애매한데 혹시 평일도 같나요",
            "norm_text": "B. 아 시간대가 애매한데 혹시 평일도 같나요",
            "speaker": {
              "id": "B",
              "sex": "남성",
              "age": "1그룹(10대~20대)"
            },
            "speechAct": "질문하기",
            "morpheme": "B/SL+아/IC+시간대/NNG+가/JKS+애매/XR+한데/XSA+EC+혹시/MAG+평일/NNG+도/JX+같/VA+나요/EC"
          },
          {
            "id": 11,
            "text": "A. 평일은 월목 이틀 전부 저녁 7시부터 9시35분까지에요",
            "norm_text": "A. 평일은 월목 이틀 전부 저녁 7시부터 9시35분까지에요",
            "speaker": {
              "id": "A",
              "sex": "여성",
              "age": "1그룹(10대~20대)"
            },
            "speechAct": "진술하기",
            "morpheme": "A/SL+./SY+평일/NNG+은/JX+월/NNG+목/NNG+이틀/NNG+전부/NNG+저녁/NNG+7/SN+시/NNBC+부터/JX+9/SN+시/NNBC+35/SN+분/NNBC+까지/JX+에요/JX"
          },
          {
            "id": 12,
            "text": "B. 아 이거 고민좀 해보고 다시 연락드릴게요",
            "norm_text": "B. 아 이거 고민좀 해보고 다시 연락드릴게요",
            "speaker": {
              "id": "B",
              "sex": "남성",
              "age": "1그룹(10대~20대)"
            },
            "speechAct": "약속하기(개인적 수준의 서약)",
            "morpheme": "B/SL+아/IC+이거/NP+고민/NNG+좀/MAG+해/VV+EC+보/VX+고/EC+다시/MAG+연락/NNG+드릴게요/VV+EC"
          },
          {
            "id": 13,
            "text": "A. 네 알겠습니다 언제든 다시 전화주세요",
            "norm_text": "A. 네 알겠습니다 언제든 다시 전화주세요",
            "speaker": {
              "id": "A",
              "sex": "여성",
              "age": "1그룹(10대~20대)"
            },
            "speechAct": "인사하기",
            "morpheme": "A/SL+네/IC+알/VV+겠/EP+습니다/EF+언제/NP+든/VCP+EC+다시/MAG+전화/NNG+주세요/NNP"
          }
        ]
      }
    }
  ]
}