{
  "dataset": {
    "identifier": 140526,
    "name": "e1_20211115_0006_0568_01",
    "src_path": "/data/file/cubeManager/PROJECT018/91/txt20211110140005097099/e1_20211115_0006_0568_01/",
    "label_path": "/data/file/cubeManager/PROJECT018/91/txt20211110140005097099/e1_20211115_0006_0568_01/",
    "category": 2,
    "type": 0
  },
  "licenses": {
    "name": "Apache License 1.0",
    "url": "http://www.apache.org/licenses/LICENSE-1.0"
  },
  "info": [
    {
      "id": 158042,
      "filename": "e1_0067_0183_02.txt",
      "title": "e1_0067_0183_02",
      "mediatype": "콜센터",
      "medianame": "콜센터",
      "category": "목적대화",
      "date": "2021-11-10",
      "size": 294,
      "annotations": {
        "subject": "프로그램 문의",
        "speaker_type": "1:1",
        "size": 294,
        "word_size": 76,
        "text": "A. 반갑습니다 #@소속# #@이름# 상담원입니다\nB. 네 영어 강좌 상담 좀 드리고싶은데요\nA. 네 궁금하신 부분 있으시면 말씀해주세요\nB. 초등학생 영어 강좌중에 제일 인기있는게 어떤건가요\nA. #@상품#가 가장 인기강좌로 확인됩니다\nB. 아 저희 애가 아직 1학년인데 봐도 되는건가요\nA. 네 전학년별 맞춤형이라 문제 없으실거에요\nB. 수강 전에 강좌 정보 어떻게 더 확인할 수 있나요\nA. 사이트내 #@상품# 검색하시면 상세정보 확인 가능하세요\nB. 아 네 알겠습니다 제가 한번 찾아볼게요\nA. 네 좋은 하루 되시고 언제든 또 연락주세요",
        "lines": [
          {
            "id": 1,
            "text": "A. 반갑습니다 #@소속# #@이름# 상담원입니다",
            "norm_text": "A. 반갑습니다 #@소속# #@이름# 상담원입니다",
            "speaker": {
              "id": "A",
              "sex": "여성",
              "age": "1그룹(10대~20대)"
            },
            "speechAct": "인사하기",
            "morpheme": "A/SL+반갑/VA+습니다/EF+#/SY+@/SY+소속/NNG+#/SY+#/SY+@/SY+이름/NNG+#/SY+상담원/NNG+입니다/VCP+EC"
          },
          {
            "id": 2,
            "text": "B. 네 영어 강좌 상담 좀 드리고싶은데요",
            "norm_text": "B. 네 영어 강좌 상담 좀 드리고싶은데요",
            "speaker": {
              "id": "B",
              "sex": "남성",
              "age": "1그룹(10대~20대)"
            },
            "speechAct": "진술하기",
            "morpheme": "B/SL+네/IC+영어/NNG+강좌/NNG+상담/NNG+좀/MAG+드리/VV+고/EC+싶/VX+은데요/EC"
          },
          {
            "id": 3,
            "text": "A. 네 궁금하신 부분 있으시면 말씀해주세요",
            "norm_text": "A. 네 궁금하신 부분 있으시면 말씀해주세요",
            "speaker": {
              "id": "A",
              "sex": "여성",
              "age": "1그룹(10대~20대)"
            },
            "speechAct": "명령하기/요구하기",
            "morpheme": "A/SL+네/IC+궁금/XR+하/XSA+신/EP+ETM+부분/NNG+있/VV+으시/EP+면/EC+말씀/NNG+해/XSV+EC+주/VX+세요/EP+EF"
          },
          {
            "id": 4,
            "text": "B. 초등학생 영어 강좌중에 제일 인기있는게 어떤건가요",
            "norm_text": "B. 초등학생 영어 강좌중에 제일 인기있는게 어떤건가요",
            "speaker": {
              "id": "B",
              "sex": "남성",
              "age": "1그룹(10대~20대)"
            },
            "speechAct": "질문하기",
            "morpheme": "B/SL+./SY+초등학생/NNG+영어/NNG+강좌/NNG+중/NNB+에/JKB+제일/NNG+인기/VCP+EC+있/VX+는/ETM+게/NNB+JKS+어떤/MM+건가요/NNB+VCP+EC"
          },
          {
            "id": 5,
            "text": "A. #@상품#가 가장 인기강좌로 확인됩니다",
            "norm_text": "A. #@상품#가 가장 인기강좌로 확인됩니다",
            "speaker": {
              "id": "A",
              "sex": "여성",
              "age": "1그룹(10대~20대)"
            },
            "speechAct": "진술하기",
            "morpheme": "A/SL+./SY+#/SY+@/SY+상품/NNG+#/SY+가/JKS+가장/MAG+인기/NNG+강좌/NNG+로/JKB+확인/NNG+됩니다/XSV+EC"
          },
          {
            "id": 6,
            "text": "B. 아 저희 애가 아직 1학년인데 봐도 되는건가요",
            "norm_text": "B. 아 저희 애가 아직 1학년인데 봐도 되는건가요",
            "speaker": {
              "id": "B",
              "sex": "남성",
              "age": "1그룹(10대~20대)"
            },
            "speechAct": "질문하기",
            "morpheme": "B/SL+아/IC+저희/NP+애/NNG+가/JKS+아직/MAG+1/SN+학년/NNG+인데/VCP+EC+봐도/VX+EC+되/VV+는/ETM+건가요/NNB+VCP+EC"
          },
          {
            "id": 7,
            "text": "A. 네 전학년별 맞춤형이라 문제 없으실거에요",
            "norm_text": "A. 네 전학년별 맞춤형이라 문제 없으실거에요",
            "speaker": {
              "id": "A",
              "sex": "여성",
              "age": "1그룹(10대~20대)"
            },
            "speechAct": "진술하기",
            "morpheme": "A/SL+네/IC+전/MM+학년/NNG+별/XSN+맞춤/NNG+형/XSN+이/VCP+라/EC+문제/NNG+없/VA+으실/EP+ETM+거/NNB+에요/VCP+EF"
          },
          {
            "id": 8,
            "text": "B. 수강 전에 강좌 정보 어떻게 더 확인할 수 있나요",
            "norm_text": "B. 수강 전에 강좌 정보 어떻게 더 확인할 수 있나요",
            "speaker": {
              "id": "B",
              "sex": "남성",
              "age": "1그룹(10대~20대)"
            },
            "speechAct": "질문하기",
            "morpheme": "B/SL+./SY+수강/NNG+전/NNG+에/JKB+강좌/NNG+정보/NNG+어떻게/MAG+더/MAG+확인/NNG+할/XSV+ETM+수/NNB+있/VV+나요/EC"
          },
          {
            "id": 9,
            "text": "A. 사이트내 #@상품# 검색하시면 상세정보 확인 가능하세요",
            "norm_text": "A. 사이트내 #@상품# 검색하시면 상세정보 확인 가능하세요",
            "speaker": {
              "id": "A",
              "sex": "여성",
              "age": "1그룹(10대~20대)"
            },
            "speechAct": "진술하기",
            "morpheme": "A/SL+./SY+사이트/NNG+내/NNB+#/SY+@/SY+상품/NNG+#/SY+검색/NNG+하/XSV+시/EP+면/EC+상세/NNG+정보/NNG+확인/NNG+가능/NNG+하/XSV+세요/EP+EF"
          },
          {
            "id": 10,
            "text": "B. 아 네 알겠습니다 제가 한번 찾아볼게요",
            "norm_text": "B. 아 네 알겠습니다 제가 한번 찾아볼게요",
            "speaker": {
              "id": "B",
              "sex": "남성",
              "age": "1그룹(10대~20대)"
            },
            "speechAct": "약속하기(개인적 수준의 서약)",
            "morpheme": "B/SL+아/IC+네/IC+알/VV+겠/EP+습니다/EF+제/NP+가/JKS+한/MM+번/NNBC+찾아볼/VV+ETM+게요/NNB+VCP+EC"
          },
          {
            "id": 11,
            "text": "A. 네 좋은 하루 되시고 언제든 또 연락주세요",
            "norm_text": "A. 네 좋은 하루 되시고 언제든 또 연락주세요",
            "speaker": {
              "id": "A",
              "sex": "여성",
              "age": "1그룹(10대~20대)"
            },
            "speechAct": "인사하기",
            "morpheme": "A/SL+네/IC+좋/VA+은/ETM+하루/NNG+되/XSV+시/EP+고/EC+언제/NP+든/VCP+EC+또/MAG+연락/NNG+주세요/NNP"
          }
        ]
      }
    }
  ]
}