{
  "dataset": {
    "identifier": 139839,
    "name": "e1_20211115_0006_0347_01",
    "src_path": "/data/file/cubeManager/PROJECT018/91/txt202111101400040388105/e1_20211115_0006_0347_01/",
    "label_path": "/data/file/cubeManager/PROJECT018/91/txt202111101400040388105/e1_20211115_0006_0347_01/",
    "category": 2,
    "type": 0
  },
  "licenses": {
    "name": "Apache License 1.0",
    "url": "http://www.apache.org/licenses/LICENSE-1.0"
  },
  "info": [
    {
      "id": 157823,
      "filename": "e1_0066_0175_02.txt",
      "title": "e1_0066_0175_02",
      "mediatype": "콜센터",
      "medianame": "콜센터",
      "category": "목적대화",
      "date": "2021-11-10",
      "size": 347,
      "annotations": {
        "subject": "프로그램 문의",
        "speaker_type": "1:1",
        "size": 347,
        "word_size": 74,
        "text": "A.어떤걸 도와드릴까요 #@소속# 상담원 #@이름#입니다\nB.아 안녕하세요 스마트폰으로 전화영어 수업mp3 어떻게 듣나요\nA.먼저 스마트폰에서 #@소속#에 접속하신 후 로그인 해주시겠어요\nB.네 지금 접속되어 있는 상태에요\nA.마이페이지에서 출석부 보기를 클릭해주시겠어요\nA.그 다음 듣거나 다운받고자 하는 수업의 출석을 눌러주세요\nB.네 수업 출석까지 눌렀습니다\nA.그러시면 피드백 버튼을 누르시고 녹음파일에서 듣기를 클릭해주세요\nB.아 네 여기서 녹음된 파일을 들을 수 있네요\nA.네 그렇습니다 다운 받고 싶으시면 다운을 클릭하시면 됩니다\nB.아 그렇군요 감사합니다\nA.오늘 하루 좋은 일들만 가득하셨으면 좋겠습니다 #@이름# 이었습니다",
        "lines": [
          {
            "id": 1,
            "text": "A.어떤걸 도와드릴까요 #@소속# 상담원 #@이름#입니다",
            "norm_text": "A.어떤걸 도와드릴까요 #@소속# 상담원 #@이름#입니다",
            "speaker": {
              "id": "A",
              "sex": "여성",
              "age": "1그룹(10대~20대)"
            },
            "speechAct": "인사하기",
            "morpheme": "A/SL+어떤/MM+걸/NNB+JKO+도와/VV+EC+드릴까요/VX+EC+#/SY+@/SY+소속/NNG+#/SY+상담원/NNG+#/SY+@/SY+이름/NNG+#/SY+입니다/VCP+EC"
          },
          {
            "id": 2,
            "text": "B.아 안녕하세요 스마트폰으로 전화영어 수업mp3 어떻게 듣나요",
            "norm_text": "B.아 안녕하세요 스마트폰으로 전화영어 수업mp3 어떻게 듣나요",
            "speaker": {
              "id": "B",
              "sex": "남성",
              "age": "1그룹(10대~20대)"
            },
            "speechAct": "질문하기",
            "morpheme": "B/SL+아/IC+안녕/NNG+하/XSV+세요/EP+EF+스마트폰/NNP+으로/JKB+전화/NNG+영어/NNG+수업/NNG+mp/SL+3/SN+어떻게/MAG+듣/VV+나요/EC"
          },
          {
            "id": 3,
            "text": "A.먼저 스마트폰에서 #@소속#에 접속하신 후 로그인 해주시겠어요",
            "norm_text": "A.먼저 스마트폰에서 #@소속#에 접속하신 후 로그인 해주시겠어요",
            "speaker": {
              "id": "A",
              "sex": "여성",
              "age": "1그룹(10대~20대)"
            },
            "speechAct": "명령하기/요구하기",
            "morpheme": "A/SL+먼저/MAG+스마트폰/NNP+에서/JKB+#/SY+@/SY+소속/NNG+#/SY+에/JKB+접속/NNG+하/XSV+신/EP+ETM+후/NNG+로그인/NNG+해/XSV+EC+주/VX+시/EP+겠/EP+어요/EF"
          },
          {
            "id": 4,
            "text": "B.네 지금 접속되어 있는 상태에요",
            "norm_text": "B.네 지금 접속되어 있는 상태에요",
            "speaker": {
              "id": "B",
              "sex": "남성",
              "age": "1그룹(10대~20대)"
            },
            "speechAct": "진술하기",
            "morpheme": "B/SL+네/IC+지금/MAG+접속/NNG+되/XSV+어/EC+있/VX+는/ETM+상태/NNG+에/JKB+요/JX"
          },
          {
            "id": 5,
            "text": "A.마이페이지에서 출석부 보기를 클릭해주시겠어요",
            "norm_text": "A.마이페이지에서 출석부 보기를 클릭해주시겠어요",
            "speaker": {
              "id": "A",
              "sex": "여성",
              "age": "1그룹(10대~20대)"
            },
            "speechAct": "명령하기/요구하기",
            "morpheme": "A/SL+마이/MAG+페이지/NNG+에서/JKB+출석부/NNG+보/VV+기/ETN+를/JKO+클릭/NNG+해/XSV+EC+주/VX+시/EP+겠/EP+어요/EF"
          },
          {
            "id": 6,
            "text": "A.그 다음 듣거나 다운받고자 하는 수업의 출석을 눌러주세요",
            "norm_text": "A.그 다음 듣거나 다운받고자 하는 수업의 출석을 눌러주세요",
            "speaker": {
              "id": "A",
              "sex": "여성",
              "age": "1그룹(10대~20대)"
            },
            "speechAct": "명령하기/요구하기",
            "morpheme": "A/SL+그/MM+다음/NNG+듣/VV+거나/EC+다운/NNG+받/VV+고자/EC+하/VV+는/ETM+수업/NNG+의/JKG+출석/NNG+을/JKO+눌러/VV+EC+주/VX+세요/EP+EF"
          },
          {
            "id": 7,
            "text": "B.네 수업 출석까지 눌렀습니다",
            "norm_text": "B.네 수업 출석까지 눌렀습니다",
            "speaker": {
              "id": "B",
              "sex": "남성",
              "age": "1그룹(10대~20대)"
            },
            "speechAct": "진술하기",
            "morpheme": "B/SL+네/IC+수업/NNG+출석/NNG+까지/JX+눌렀/VV+EP+습니다/EF"
          },
          {
            "id": 8,
            "text": "A.그러시면 피드백 버튼을 누르시고 녹음파일에서 듣기를 클릭해주세요",
            "norm_text": "A.그러시면 피드백 버튼을 누르시고 녹음파일에서 듣기를 클릭해주세요",
            "speaker": {
              "id": "A",
              "sex": "여성",
              "age": "1그룹(10대~20대)"
            },
            "speechAct": "명령하기/요구하기",
            "morpheme": "A/SL+그러/VV+시/EP+면/EC+피드백/NNG+버튼/NNG+을/JKO+누르/VV+시/EP+고/EC+녹음/NNG+파일/NNG+에서/JKB+듣/VV+기/ETN+를/JKO+클릭/NNG+해/XSV+EC+주/VX+세요/EP+EF"
          },
          {
            "id": 9,
            "text": "B.아 네 여기서 녹음된 파일을 들을 수 있네요",
            "norm_text": "B.아 네 여기서 녹음된 파일을 들을 수 있네요",
            "speaker": {
              "id": "B",
              "sex": "남성",
              "age": "1그룹(10대~20대)"
            },
            "speechAct": "진술하기",
            "morpheme": "B/SL+아/IC+네/IC+여기/NP+서/JKB+녹음/NNG+된/XSV+ETM+파일/NNG+을/JKO+들/VV+을/ETM+수/NNB+있/VV+네요/EC"
          },
          {
            "id": 10,
            "text": "A.네 그렇습니다 다운 받고 싶으시면 다운을 클릭하시면 됩니다",
            "norm_text": "A.네 그렇습니다 다운 받고 싶으시면 다운을 클릭하시면 됩니다",
            "speaker": {
              "id": "A",
              "sex": "여성",
              "age": "1그룹(10대~20대)"
            },
            "speechAct": "진술하기",
            "morpheme": "A/SL+네/IC+그렇/VA+습니다/EF+다운/XSA+ETM+받/VV+고/EC+싶/VX+으시/EP+면/EC+다운/NNG+을/JKO+클릭/NNG+하/XSV+시/EP+면/EC+됩니다/VX+EC"
          },
          {
            "id": 11,
            "text": "B.아 그렇군요 감사합니다",
            "norm_text": "B.아 그렇군요 감사합니다",
            "speaker": {
              "id": "B",
              "sex": "남성",
              "age": "1그룹(10대~20대)"
            },
            "speechAct": "감사하기",
            "morpheme": "B/SL+아/IC+그렇/VA+군요/EC+감사/NNG+합니다/XSV+EC"
          },
          {
            "id": 12,
            "text": "A.오늘 하루 좋은 일들만 가득하셨으면 좋겠습니다 #@이름# 이었습니다",
            "norm_text": "A.오늘 하루 좋은 일들만 가득하셨으면 좋겠습니다 #@이름# 이었습니다",
            "speaker": {
              "id": "A",
              "sex": "여성",
              "age": "1그룹(10대~20대)"
            },
            "speechAct": "인사하기",
            "morpheme": "A/SL+오늘/MAG+하루/NNG+좋/VA+은/ETM+일/NNG+들/XSN+만/JX+가득/MAG+하/VV+셨/EP+EP+으면/EC+좋/VA+겠/EP+습니다/EF+#/SY+@/SY+이름/NNG+#/SY+이/VCP+었/EP+습니다/EF"
          }
        ]
      }
    }
  ]
}