{
  "dataset": {
    "identifier": 140452,
    "name": "e1_20211115_0006_0531_01",
    "src_path": "/data/file/cubeManager/PROJECT018/91/txt20211110140005071222/e1_20211115_0006_0531_01/",
    "label_path": "/data/file/cubeManager/PROJECT018/91/txt20211110140005071222/e1_20211115_0006_0531_01/",
    "category": 2,
    "type": 0
  },
  "licenses": {
    "name": "Apache License 1.0",
    "url": "http://www.apache.org/licenses/LICENSE-1.0"
  },
  "info": [
    {
      "id": 158005,
      "filename": "e1_0067_0146_02.txt",
      "title": "e1_0067_0146_02",
      "mediatype": "콜센터",
      "medianame": "콜센터",
      "category": "목적대화",
      "date": "2021-11-10",
      "size": 251,
      "annotations": {
        "subject": "프로그램 문의",
        "speaker_type": "1:1",
        "size": 251,
        "word_size": 63,
        "text": "A. 반갑습니다 교육의 중심 #@소속# 입니다\nB. 안녕하세요 저 온라인 편성 문의 좀 할게요\nA. 네 어떤 부분 궁금하신가요\nB. 지금 초등학교 대상 2학기 온라인 개학이요\nB. #@소속#에서는 5학년 프로그램 방송 안하나요\nA. 네 현재 #@소속#에선 1학년과 2학년 프로그램 편성되있습니다\nB. 그럼 5학년 프로그램은 어떻게 봐야하나요\nA. #@소속# 채널에서 시청 가능하세요\nB. 아 네 정보 감사드려요\nA. 감사합니다 저희 #@소속# 많은 이용 부탁드립니다",
        "lines": [
          {
            "id": 1,
            "text": "A. 반갑습니다 교육의 중심 #@소속# 입니다",
            "norm_text": "A. 반갑습니다 교육의 중심 #@소속# 입니다",
            "speaker": {
              "id": "A",
              "sex": "여성",
              "age": "1그룹(10대~20대)"
            },
            "speechAct": "인사하기",
            "morpheme": "A/SL+반갑/VA+습니다/EF+교육/NNG+의/JKG+중심/NNG+#/SY+@/SY+소속/NNG+#/SY+입니다/VCP+EC"
          },
          {
            "id": 2,
            "text": "B. 안녕하세요 저 온라인 편성 문의 좀 할게요",
            "norm_text": "B. 안녕하세요 저 온라인 편성 문의 좀 할게요",
            "speaker": {
              "id": "B",
              "sex": "남성",
              "age": "1그룹(10대~20대)"
            },
            "speechAct": "진술하기",
            "morpheme": "B/SL+./SY+안녕/NNG+하/XSV+세요/EP+EF+저/MM+온라인/NNG+편성/NNG+문/NNG+의/JKG+좀/MAG+할게요/VV+EC"
          },
          {
            "id": 3,
            "text": "A. 네 어떤 부분 궁금하신가요",
            "norm_text": "A. 네 어떤 부분 궁금하신가요",
            "speaker": {
              "id": "A",
              "sex": "여성",
              "age": "1그룹(10대~20대)"
            },
            "speechAct": "질문하기",
            "morpheme": "A/SL+네/IC+어떤/MM+부분/NNG+궁금/XR+하/XSA+신가요/EP+EC"
          },
          {
            "id": 4,
            "text": "B. 지금 초등학교 대상 2학기 온라인 개학이요",
            "norm_text": "B. 지금 초등학교 대상 2학기 온라인 개학이요",
            "speaker": {
              "id": "B",
              "sex": "남성",
              "age": "1그룹(10대~20대)"
            },
            "speechAct": "진술하기",
            "morpheme": "B/SL+지금/MAG+초등/NNG+학교/NNG+대상/NNG+2/SN+학기/NNG+온라인/NNG+개학/NNG+이/VCP+요/EC"
          },
          {
            "id": 5,
            "text": "B. #@소속#에서는 5학년 프로그램 방송 안하나요",
            "norm_text": "B. #@소속#에서는 5학년 프로그램 방송 안하나요",
            "speaker": {
              "id": "B",
              "sex": "남성",
              "age": "1그룹(10대~20대)"
            },
            "speechAct": "질문하기",
            "morpheme": "B/SL+./SY+#/SY+@/SY+소속/NNG+#/SY+에서/JKB+는/JX+5/SN+학년/NNG+프로그램/NNG+방송/NNG+안/MAG+하/VV+나요/EC"
          },
          {
            "id": 6,
            "text": "A. 네 현재 #@소속#에선 1학년과 2학년 프로그램 편성되있습니다",
            "norm_text": "A. 네 현재 #@소속#에선 1학년과 2학년 프로그램 편성되있습니다",
            "speaker": {
              "id": "A",
              "sex": "여성",
              "age": "1그룹(10대~20대)"
            },
            "speechAct": "진술하기",
            "morpheme": "A/SL+네/IC+현재/MAG+#/SY+@/SY+소속/NNG+#/SY+에선/JKB+JX+1/SN+학년/NNG+과/JC+2/SN+학년/NNG+프로그램/NNG+편성/NNG+되/XSV+EC+있/VX+습니다/EF"
          },
          {
            "id": 7,
            "text": "B. 그럼 5학년 프로그램은 어떻게 봐야하나요",
            "norm_text": "B. 그럼 5학년 프로그램은 어떻게 봐야하나요",
            "speaker": {
              "id": "B",
              "sex": "남성",
              "age": "1그룹(10대~20대)"
            },
            "speechAct": "질문하기",
            "morpheme": "B/SL+그럼/MAJ+5/SN+학년/NNG+프로그램/NNG+은/JX+어떻/VA+게/EC+봐야/VX+EC+하/VV+나요/EC"
          },
          {
            "id": 8,
            "text": "A. #@소속# 채널에서 시청 가능하세요",
            "norm_text": "A. #@소속# 채널에서 시청 가능하세요",
            "speaker": {
              "id": "A",
              "sex": "여성",
              "age": "1그룹(10대~20대)"
            },
            "speechAct": "진술하기",
            "morpheme": "A/SL+./SY+#/SY+@/SY+소속/NNG+#/SY+채널/NNG+에서/JKB+시청/NNG+가능/NNG+하/XSV+세요/EP+EF"
          },
          {
            "id": 9,
            "text": "B. 아 네 정보 감사드려요",
            "norm_text": "B. 아 네 정보 감사드려요",
            "speaker": {
              "id": "B",
              "sex": "남성",
              "age": "1그룹(10대~20대)"
            },
            "speechAct": "진술하기",
            "morpheme": "B/SL+아/IC+네/IC+정보/NNG+감사/NNG+드려요/VV+EC"
          },
          {
            "id": 10,
            "text": "A. 감사합니다 저희 #@소속# 많은 이용 부탁드립니다",
            "norm_text": "A. 감사합니다 저희 #@소속# 많은 이용 부탁드립니다",
            "speaker": {
              "id": "A",
              "sex": "여성",
              "age": "1그룹(10대~20대)"
            },
            "speechAct": "인사하기",
            "morpheme": "A/SL+./SY+감사/NNG+합니다/XSV+EF+저희/NP+#/SY+@/SY+소속/NNG+#/SY+많/VA+은/ETM+이용/NNG+부탁/NNG+드립니다/VV+EC"
          }
        ]
      }
    }
  ]
}