{
  "dataset": {
    "identifier": 140155,
    "name": "e1_20211115_0006_0443_01",
    "src_path": "/data/file/cubeManager/PROJECT018/91/txt20211110140005009268/e1_20211115_0006_0443_01/",
    "label_path": "/data/file/cubeManager/PROJECT018/91/txt20211110140005009268/e1_20211115_0006_0443_01/",
    "category": 2,
    "type": 0
  },
  "licenses": {
    "name": "Apache License 1.0",
    "url": "http://www.apache.org/licenses/LICENSE-1.0"
  },
  "info": [
    {
      "id": 157919,
      "filename": "e1_0067_0060_02.txt",
      "title": "e1_0067_0060_02",
      "mediatype": "콜센터",
      "medianame": "콜센터",
      "category": "목적대화",
      "date": "2021-11-10",
      "size": 349,
      "annotations": {
        "subject": "프로그램 문의",
        "speaker_type": "1:1",
        "size": 349,
        "word_size": 90,
        "text": "A. #@소속# 상담원 #@이름# 입니다\nB. 네 저 학원 수강생인데요 문의 좀 할게요\nA. 안녕하세요 어떤 부분 궁금하신가요\nB. 24일에 온라인 설명회 있다고 하던데요\nB. 학원으로 가서 듣는건 없다는건가요\nA. 네 코로나 때문에 오프라인 진행은 어려워서요\nA. 온라인으로만 전국적으로 동시에 진행됩니다\nB. 당일에 홈페이지 들어가기면 하면 될까요\nA. 아니요 홈페이지에서 설명회 사전접수 꼭 하셔야 해요\nB. 그렇군요 접수되면 안내 문자 따로 주나요\nA. 네 당일 밴드 초대문자 보내드려서요\nA. 미리 밴드 어플 다운받아 놓으시면 좋습니다\nB. 네 정규 강의 말고 이런것도 자주 하면 좋겠어요\nA. 의견 감사합니다 상담원 #@이름# 이였습니다",
        "lines": [
          {
            "id": 1,
            "text": "A. #@소속# 상담원 #@이름# 입니다",
            "norm_text": "A. #@소속# 상담원 #@이름# 입니다",
            "speaker": {
              "id": "A",
              "sex": "여성",
              "age": "1그룹(10대~20대)"
            },
            "speechAct": "인사하기",
            "morpheme": "A/SL+./SY+#/SY+@/SY+소속/NNG+#/SY+상담원/NNG+#/SY+@/SY+이름/NNG+#/SY+입니다/VCP+EC"
          },
          {
            "id": 2,
            "text": "B. 네 저 학원 수강생인데요 문의 좀 할게요",
            "norm_text": "B. 네 저 학원 수강생인데요 문의 좀 할게요",
            "speaker": {
              "id": "B",
              "sex": "남성",
              "age": "1그룹(10대~20대)"
            },
            "speechAct": "진술하기",
            "morpheme": "B/SL+네/IC+저/MM+학원/NNG+수강/NNG+생/XSN+인데/VCP+EC+요문/NNG+의/JKG+좀/MAG+할게요/VV+EC"
          },
          {
            "id": 3,
            "text": "A. 안녕하세요 어떤 부분 궁금하신가요",
            "norm_text": "A. 안녕하세요 어떤 부분 궁금하신가요",
            "speaker": {
              "id": "A",
              "sex": "여성",
              "age": "1그룹(10대~20대)"
            },
            "speechAct": "질문하기",
            "morpheme": "A/SL+./SY+안녕/NNG+하/XSV+세요/EP+EF+어떤/MM+부분/NNG+궁금/XR+하/XSA+신가요/EP+EC"
          },
          {
            "id": 4,
            "text": "B. 24일에 온라인 설명회 있다고 하던데요",
            "norm_text": "B. 24일에 온라인 설명회 있다고 하던데요",
            "speaker": {
              "id": "B",
              "sex": "남성",
              "age": "1그룹(10대~20대)"
            },
            "speechAct": "진술하기",
            "morpheme": "B/SL+./SY+24/SN+일/NNBC+에/JKB+온라인/NNG+설명/NNG+회/XSN+있/VA+다고/EC+하/VV+던데요/EC"
          },
          {
            "id": 5,
            "text": "B. 학원으로 가서 듣는건 없다는건가요",
            "norm_text": "B. 학원으로 가서 듣는건 없다는건가요",
            "speaker": {
              "id": "B",
              "sex": "남성",
              "age": "1그룹(10대~20대)"
            },
            "speechAct": "질문하기",
            "morpheme": "B/SL+./SY+학원/NNG+으로/JKB+가/VV+서/EC+듣/VV+는/ETM+건/NNB+JX+없/VA+다는/ETM+건가요/NNB+VCP+EC"
          },
          {
            "id": 6,
            "text": "A. 네 코로나 때문에 오프라인 진행은 어려워서요",
            "norm_text": "A. 네 코로나 때문에 오프라인 진행은 어려워서요",
            "speaker": {
              "id": "A",
              "sex": "여성",
              "age": "1그룹(10대~20대)"
            },
            "speechAct": "진술하기",
            "morpheme": "A/SL+네/IC+코로나/NNG+때문/NNB+에/JKB+오프라인/NNG+진행/NNG+은/JX+어려워/VA+EC+서요/NNG"
          },
          {
            "id": 7,
            "text": "A. 온라인으로만 전국적으로 동시에 진행됩니다",
            "norm_text": "A. 온라인으로만 전국적으로 동시에 진행됩니다",
            "speaker": {
              "id": "A",
              "sex": "여성",
              "age": "1그룹(10대~20대)"
            },
            "speechAct": "진술하기",
            "morpheme": "A/SL+./SY+온라인/NNG+으로/JKB+만/JX+전국/NNG+적/XSN+으로/JKB+동시/NNG+에/JKB+진행/NNG+됩니다/XSV+EC"
          },
          {
            "id": 8,
            "text": "B. 당일에 홈페이지 들어가기면 하면 될까요",
            "norm_text": "B. 당일에 홈페이지 들어가기면 하면 될까요",
            "speaker": {
              "id": "B",
              "sex": "남성",
              "age": "1그룹(10대~20대)"
            },
            "speechAct": "질문하기",
            "morpheme": "B/SL+./SY+당일/NNG+에/JKB+홈페이지/NNG+들어가/VV+기/ETN+면하/VV+면/EC+될까요/VV+EC"
          },
          {
            "id": 9,
            "text": "A. 아니요 홈페이지에서 설명회 사전접수 꼭 하셔야 해요",
            "norm_text": "A. 아니요 홈페이지에서 설명회 사전접수 꼭 하셔야 해요",
            "speaker": {
              "id": "A",
              "sex": "여성",
              "age": "1그룹(10대~20대)"
            },
            "speechAct": "진술하기",
            "morpheme": "A/SL+아니요/IC+홈페이지/NNG+에서/JKB+설명/NNG+회사/NNG+전/NNG+접수/NNG+꼭/MAG+하/VV+셔야/EP+EC+해요/VX+EC"
          },
          {
            "id": 10,
            "text": "B. 그렇군요 접수되면 안내 문자 따로 주나요",
            "norm_text": "B. 그렇군요 접수되면 안내 문자 따로 주나요",
            "speaker": {
              "id": "B",
              "sex": "남성",
              "age": "1그룹(10대~20대)"
            },
            "speechAct": "질문하기",
            "morpheme": "B/SL+그렇/VA+군요/EC+접수/NNG+되/XSV+면/EC+안내/NNG+문자/NNG+따로/MAG+주/VV+나요/EC"
          },
          {
            "id": 11,
            "text": "A. 네 당일 밴드 초대문자 보내드려서요",
            "norm_text": "A. 네 당일 밴드 초대문자 보내드려서요",
            "speaker": {
              "id": "A",
              "sex": "여성",
              "age": "1그룹(10대~20대)"
            },
            "speechAct": "진술하기",
            "morpheme": "A/SL+네/IC+당일/NNG+밴드/NNG+초대/NNG+문자/NNG+보내/VV+EC+드려/VX+EC+서요/NNG"
          },
          {
            "id": 12,
            "text": "A. 미리 밴드 어플 다운받아 놓으시면 좋습니다",
            "norm_text": "A. 미리 밴드 어플 다운받아 놓으시면 좋습니다",
            "speaker": {
              "id": "A",
              "sex": "여성",
              "age": "1그룹(10대~20대)"
            },
            "speechAct": "진술하기",
            "morpheme": "A/SL+미리/MAG+밴드/NNG+어/IC+플/NNG+다운/XSA+ETM+받/VV+아/EC+놓/VX+으시/EP+면/EC+좋/VA+습니다/EF"
          },
          {
            "id": 13,
            "text": "B. 네 정규 강의 말고 이런것도 자주 하면 좋겠어요",
            "norm_text": "B. 네 정규 강의 말고 이런것도 자주 하면 좋겠어요",
            "speaker": {
              "id": "B",
              "sex": "남성",
              "age": "1그룹(10대~20대)"
            },
            "speechAct": "진술하기",
            "morpheme": "B/SL+네/IC+정규/NNG+강의/NNG+말/VV+고/EC+이런/MM+것/NNB+도/JX+자주/MAG+하/VV+면/EC+좋/VA+겠/EP+어요/EF"
          },
          {
            "id": 14,
            "text": "A. 의견 감사합니다 상담원 #@이름# 이였습니다",
            "norm_text": "A. 의견 감사합니다 상담원 #@이름# 이였습니다",
            "speaker": {
              "id": "A",
              "sex": "여성",
              "age": "1그룹(10대~20대)"
            },
            "speechAct": "인사하기",
            "morpheme": "A/SL+./SY+의견/NNG+감사/NNG+합니다/XSV+EF+상담원/NNG+#/SY+@/SY+이름/NNG+#/SY+이/VCP+였/EP+습니다/EF"
          }
        ]
      }
    }
  ]
}