{
  "dataset": {
    "identifier": 140298,
    "name": "e1_20211115_0006_0481_01",
    "src_path": "/data/file/cubeManager/PROJECT018/91/txt20211110140005036997/e1_20211115_0006_0481_01/",
    "label_path": "/data/file/cubeManager/PROJECT018/91/txt20211110140005036997/e1_20211115_0006_0481_01/",
    "category": 2,
    "type": 0
  },
  "licenses": {
    "name": "Apache License 1.0",
    "url": "http://www.apache.org/licenses/LICENSE-1.0"
  },
  "info": [
    {
      "id": 157955,
      "filename": "e1_0067_0096_02.txt",
      "title": "e1_0067_0096_02",
      "mediatype": "콜센터",
      "medianame": "콜센터",
      "category": "목적대화",
      "date": "2021-11-10",
      "size": 328,
      "annotations": {
        "subject": "프로그램 문의",
        "speaker_type": "1:1",
        "size": 328,
        "word_size": 86,
        "text": "A. 안녕하세요 합격률 1위의 #@소속# 입니다\nB. 네 저번에 기초반 상담받았던 학생인데요\nB. 문의 좀 더 드리고 싶어서요\nA. 반갑습니다 어떤 부분 안내 도와드릴까요\nB. 아무리 생각해도 제 실력이 한참 부족할 듯 해서요\nB. 그냥 신규반 등록하는게 나을듯한데 일정 나왔을까요\nA. 죄송하지만 22학년 대비반은 신규반 개설 예정 없구요\nA. 기존반으로 중간 등록하셔서 수강하셔야 해요\nB. 그럼 이전 강의 내용도 그렇고 어떻게 따라잡죠\nA. 기존반 수강시 이전 진행 수업은 인강으로 전부 제공됩니다\nB. 그러면 그나마 마음이 놓이네요 감사합니다\nA. 네 기존반 등록 더 생각해보시고 언제든 연락 주세요",
        "lines": [
          {
            "id": 1,
            "text": "A. 안녕하세요 합격률 1위의 #@소속# 입니다",
            "norm_text": "A. 안녕하세요 합격률 1위의 #@소속# 입니다",
            "speaker": {
              "id": "A",
              "sex": "여성",
              "age": "1그룹(10대~20대)"
            },
            "speechAct": "인사하기",
            "morpheme": "A/SL+./SY+안녕/NNG+하/XSV+세요/EP+EF+합격/NNG+률/XSN+1/SN+위/NNBC+의/JKG+#/SY+@/SY+소속/NNG+#/SY+입니다/VCP+EC"
          },
          {
            "id": 2,
            "text": "B. 네 저번에 기초반 상담받았던 학생인데요",
            "norm_text": "B. 네 저번에 기초반 상담받았던 학생인데요",
            "speaker": {
              "id": "B",
              "sex": "남성",
              "age": "1그룹(10대~20대)"
            },
            "speechAct": "진술하기",
            "morpheme": "B/SL+네/IC+저번/NNG+에/JKB+기초/NNG+반/NNG+상담/NNG+받/VV+았/EP+던/ETM+학생/NNG+인데요/VCP+EC"
          },
          {
            "id": 3,
            "text": "B. 문의 좀 더 드리고 싶어서요",
            "norm_text": "B. 문의 좀 더 드리고 싶어서요",
            "speaker": {
              "id": "B",
              "sex": "남성",
              "age": "1그룹(10대~20대)"
            },
            "speechAct": "진술하기",
            "morpheme": "B/SL+./SY+문/NNG+의/JKG+좀/MAG+더/MAG+드리/VV+고/EC+싶/VX+어서요/EC"
          },
          {
            "id": 4,
            "text": "A. 반갑습니다 어떤 부분 안내 도와드릴까요",
            "norm_text": "A. 반갑습니다 어떤 부분 안내 도와드릴까요",
            "speaker": {
              "id": "A",
              "sex": "여성",
              "age": "1그룹(10대~20대)"
            },
            "speechAct": "질문하기",
            "morpheme": "A/SL+반갑/VA+습니다/EF+어떤/MM+부분/NNG+안내/NNG+도와/VV+EC+드릴까요/VX+EC"
          },
          {
            "id": 5,
            "text": "B. 아무리 생각해도 제 실력이 한참 부족할 듯 해서요",
            "norm_text": "B. 아무리 생각해도 제 실력이 한참 부족할 듯 해서요",
            "speaker": {
              "id": "B",
              "sex": "남성",
              "age": "1그룹(10대~20대)"
            },
            "speechAct": "진술하기",
            "morpheme": "B/SL+아무리/MAG+생각/NNG+해도/XSV+EC+제실력이/NP+JKG+NNG+JKS+한참/MAG+부족/NNG+할/XSV+ETM+듯/NNB+해서/XSA+EC+VCP+요/EC"
          },
          {
            "id": 6,
            "text": "B. 그냥 신규반 등록하는게 나을듯한데 일정 나왔을까요",
            "norm_text": "B. 그냥 신규반 등록하는게 나을듯한데 일정 나왔을까요",
            "speaker": {
              "id": "B",
              "sex": "남성",
              "age": "1그룹(10대~20대)"
            },
            "speechAct": "질문하기",
            "morpheme": "B/SL+그냥/MAG+신/XPN+규반/NNG+등록/NNG+하/XSV+는/ETM+게/NNB+JKS+나을/VA+ETM+듯/NNB+한데/XSA+EC+일정/NNG+나왔/VV+EP+을까요/EC"
          },
          {
            "id": 7,
            "text": "A. 죄송하지만 22학년 대비반은 신규반 개설 예정 없구요",
            "norm_text": "A. 죄송하지만 22학년 대비반은 신규반 개설 예정 없구요",
            "speaker": {
              "id": "A",
              "sex": "여성",
              "age": "1그룹(10대~20대)"
            },
            "speechAct": "진술하기",
            "morpheme": "A/SL+죄송/XR+하/XSA+지만/EC+22/SN+학년/NNG+대비/NNG+반/NNG+은/JX+신/XPN+규반/NNG+개설/NNG+예정/NNG+없/VA+구요/EF"
          },
          {
            "id": 8,
            "text": "A. 기존반으로 중간 등록하셔서 수강하셔야 해요",
            "norm_text": "A. 기존반으로 중간 등록하셔서 수강하셔야 해요",
            "speaker": {
              "id": "A",
              "sex": "여성",
              "age": "1그룹(10대~20대)"
            },
            "speechAct": "진술하기",
            "morpheme": "A/SL+./SY+기존/NNG+반/NNG+으로/JKB+중간/NNG+등록/NNG+하/XSV+셔서/EP+EC+수강/NNG+하/XSV+셔야/EP+EC+해요/VX+EC"
          },
          {
            "id": 9,
            "text": "B. 그럼 이전 강의 내용도 그렇고 어떻게 따라잡죠",
            "norm_text": "B. 그럼 이전 강의 내용도 그렇고 어떻게 따라잡죠",
            "speaker": {
              "id": "B",
              "sex": "남성",
              "age": "1그룹(10대~20대)"
            },
            "speechAct": "질문하기",
            "morpheme": "B/SL+그럼/MAJ+이전/NNG+강의/NNG+내용/NNG+도/JX+그렇/VA+고/EC+어떻게/MAG+따라잡/VV+죠/EC"
          },
          {
            "id": 10,
            "text": "A. 기존반 수강시 이전 진행 수업은 인강으로 전부 제공됩니다",
            "norm_text": "A. 기존반 수강시 이전 진행 수업은 인강으로 전부 제공됩니다",
            "speaker": {
              "id": "A",
              "sex": "여성",
              "age": "1그룹(10대~20대)"
            },
            "speechAct": "진술하기",
            "morpheme": "A/SL+./SY+기존/NNG+반/NNG+수강/NNG+시/NNB+이전/NNG+진행/NNG+수업/NNG+은/JX+인/+강/+으로/JKB+전부/MAG+제공/NNG+됩니다/XSV+EC"
          },
          {
            "id": 11,
            "text": "B. 그러면 그나마 마음이 놓이네요 감사합니다",
            "norm_text": "B. 그러면 그나마 마음이 놓이네요 감사합니다",
            "speaker": {
              "id": "B",
              "sex": "남성",
              "age": "1그룹(10대~20대)"
            },
            "speechAct": "감사하기",
            "morpheme": "B/SL+그러면/MAJ+그나마/MAG+마음/NNG+이/JKS+놓이/VV+네요/EF+감사/NNG+합니다/XSV+EC"
          },
          {
            "id": 12,
            "text": "A. 네 기존반 등록 더 생각해보시고 언제든 연락 주세요",
            "norm_text": "A. 네 기존반 등록 더 생각해보시고 언제든 연락 주세요",
            "speaker": {
              "id": "A",
              "sex": "여성",
              "age": "1그룹(10대~20대)"
            },
            "speechAct": "명령하기/요구하기",
            "morpheme": "A/SL+네/IC+기존/NNG+반/NNG+등록/NNG+더/MAG+생각/NNG+해/XSV+EC+보/VX+시/EP+고/EC+언제/NP+든/VCP+EC+연락/NNG+주세요/NNP"
          }
        ]
      }
    }
  ]
}