{
  "dataset": {
    "identifier": 141061,
    "name": "e1_20211115_0006_0718_01",
    "src_path": "/data/file/cubeManager/PROJECT018/91/txt20211110140013051559/e1_20211115_0006_0718_01/",
    "label_path": "/data/file/cubeManager/PROJECT018/91/txt20211110140013051559/e1_20211115_0006_0718_01/",
    "category": 2,
    "type": 0
  },
  "licenses": {
    "name": "Apache License 1.0",
    "url": "http://www.apache.org/licenses/LICENSE-1.0"
  },
  "info": [
    {
      "id": 158964,
      "filename": "e1_0071_0160_02.txt",
      "title": "e1_0071_0160_02",
      "mediatype": "콜센터",
      "medianame": "콜센터",
      "category": "목적대화",
      "date": "2021-11-10",
      "size": 319,
      "annotations": {
        "subject": "프로그램 문의",
        "speaker_type": "1:1",
        "size": 319,
        "word_size": 76,
        "text": "A.반갑습니다 #@소속# 고객센터 상담사 #@이름# 입니다\nB.이벤트 상품 강좌가 있던데 수강 기간을 어디서 확인할 수 있나요\nA.이벤트 상품 배너에 보시면 강좌 수강기간이 바로 확인 되실텐데 혹시 안보이실까요\nB.잠시만요 아 이게 수강 기간이군요 그러면 이거 수강신청 하면 수강이 바로 시작되나요\nA.수강 시작일은 7일 이내로 설정할 수 있으시구요\nA.7일이 경과되면 자동으로 수강이 시작되니 참고 부탁드려요\nB.아 그렇군요 잘 알겠습니다\nA.네 고객님 다른 문의사항 더 있으실까요\nB.아니요 다른건 아직 없어요 상담 감사해요\nA.네 고객님 항상 건강하세요 상담사 #@이름# 이었습니다",
        "lines": [
          {
            "id": 1,
            "text": "A.반갑습니다 #@소속# 고객센터 상담사 #@이름# 입니다",
            "norm_text": "A.반갑습니다 #@소속# 고객센터 상담사 #@이름# 입니다",
            "speaker": {
              "id": "A",
              "sex": "여성",
              "age": "2그룹(30대~40대)"
            },
            "speechAct": "인사하기",
            "morpheme": "A/SL+반갑/VA+습니다/EF+#/SY+@/SY+소속/NNG+#/SY+고객/NNG+센터/NNG+상/XSN+담사/NNG+#/SY+@/SY+이름/NNG+#/SY+입니다/VCP+EC"
          },
          {
            "id": 2,
            "text": "B.이벤트 상품 강좌가 있던데 수강 기간을 어디서 확인할 수 있나요",
            "norm_text": "B.이벤트 상품 강좌가 있던데 수강 기간을 어디서 확인할 수 있나요",
            "speaker": {
              "id": "B",
              "sex": "남성",
              "age": "2그룹(30대~40대)"
            },
            "speechAct": "질문하기",
            "morpheme": "B/SL+./SY+이벤트/NNG+상품/NNG+강좌/NNG+가/JKS+있/VA+던데/EC+수강/NNG+기간/NNG+을/JKO+어디/NP+서/JKB+확인/NNG+할/XSV+ETM+수/NNB+있/VV+나요/EC"
          },
          {
            "id": 3,
            "text": "A.이벤트 상품 배너에 보시면 강좌 수강기간이 바로 확인 되실텐데 혹시 안보이실까요",
            "norm_text": "A.이벤트 상품 배너에 보시면 강좌 수강기간이 바로 확인 되실텐데 혹시 안보이실까요",
            "speaker": {
              "id": "A",
              "sex": "여성",
              "age": "2그룹(30대~40대)"
            },
            "speechAct": "질문하기",
            "morpheme": "A/SL+./SY+이벤트/NNG+상품/NNG+배/NNG+너/NP+에/JKB+보/VV+시/EP+면/EC+강좌/NNG+수강/NNG+기간/NNG+이/JKS+바로/MAG+확인/NNG+되/XSV+실/EP+ETM+텐데/NNB+VCP+EC+혹시/MAG+안/MAG+보이/VV+실까요/EP+EF"
          },
          {
            "id": 4,
            "text": "B.잠시만요 아 이게 수강 기간이군요 그러면 이거 수강신청 하면 수강이 바로 시작되나요",
            "norm_text": "B.잠시만요 아 이게 수강 기간이군요 그러면 이거 수강신청 하면 수강이 바로 시작되나요",
            "speaker": {
              "id": "B",
              "sex": "남성",
              "age": "2그룹(30대~40대)"
            },
            "speechAct": "질문하기",
            "morpheme": "B/SL+잠시/MAG+만요/NNP+아/JKV+이게/NP+JKS+수강/NNG+기간/NNG+이/VCP+군요/EF+그러면/MAJ+이거/NP+수강/NNG+신청/NNG+하/XSV+면/EC+수강/NNG+이/JKS+바로/MAG+시작/NNG+되/XSV+나요/EC"
          },
          {
            "id": 5,
            "text": "A.수강 시작일은 7일 이내로 설정할 수 있으시구요",
            "norm_text": "A.수강 시작일은 7일 이내로 설정할 수 있으시구요",
            "speaker": {
              "id": "A",
              "sex": "여성",
              "age": "2그룹(30대~40대)"
            },
            "speechAct": "진술하기",
            "morpheme": "A/SL+./SY+수강/NNG+시작/NNG+일/NNG+은/JX+7/SN+일/NNBC+이내/NNG+로/JKB+설정/NNG+할/XSV+ETM+수/NNB+있/VV+으시/EP+구요/EF"
          },
          {
            "id": 6,
            "text": "A.7일이 경과되면 자동으로 수강이 시작되니 참고 부탁드려요",
            "norm_text": "A.7일이 경과되면 자동으로 수강이 시작되니 참고 부탁드려요",
            "speaker": {
              "id": "A",
              "sex": "여성",
              "age": "2그룹(30대~40대)"
            },
            "speechAct": "부탁하기",
            "morpheme": "A/SL+./SY+7/SN+일/NNBC+이/JKS+경과/NNG+되/XSV+면/EC+자동/NNG+으로/JKB+수강/NNG+이/JKS+시작/NNG+되/XSV+니/EC+참고/NNG+부탁/NNG+드려요/VV+EC"
          },
          {
            "id": 7,
            "text": "B.아 그렇군요 잘 알겠습니다",
            "norm_text": "B.아 그렇군요 잘 알겠습니다",
            "speaker": {
              "id": "B",
              "sex": "남성",
              "age": "2그룹(30대~40대)"
            },
            "speechAct": "진술하기",
            "morpheme": "B/SL+아/IC+그렇/VA+군요/EF+잘/MAG+알/VV+겠/EP+습니다/EF"
          },
          {
            "id": 8,
            "text": "A.네 고객님 다른 문의사항 더 있으실까요",
            "norm_text": "A.네 고객님 다른 문의사항 더 있으실까요",
            "speaker": {
              "id": "A",
              "sex": "여성",
              "age": "2그룹(30대~40대)"
            },
            "speechAct": "질문하기",
            "morpheme": "A/SL+네/IC+고객/NNG+님/XSN+다른/MM+문/NNG+의/JKG+사항/NNG+더/MAG+있/VA+으실까/EP+EP+EF+요/MM"
          },
          {
            "id": 9,
            "text": "B.아니요 다른건 아직 없어요 상담 감사해요",
            "norm_text": "B.아니요 다른건 아직 없어요 상담 감사해요",
            "speaker": {
              "id": "B",
              "sex": "남성",
              "age": "2그룹(30대~40대)"
            },
            "speechAct": "감사하기",
            "morpheme": "B/SL+아니요/IC+다른/MM+건/NNB+JX+아직/MAG+없/VA+어요/EF+상담/NNG+감사/NNG+해요/XSV+EC"
          },
          {
            "id": 10,
            "text": "A.네 고객님 항상 건강하세요 상담사 #@이름# 이었습니다",
            "norm_text": "A.네 고객님 항상 건강하세요 상담사 #@이름# 이었습니다",
            "speaker": {
              "id": "A",
              "sex": "여성",
              "age": "2그룹(30대~40대)"
            },
            "speechAct": "인사하기",
            "morpheme": "A/SL+네/IC+고객/NNG+님/XSN+항상/MAG+건강/NNG+하/XSV+세요/EP+EF+상담/NNG+사/NNG+#/SY+@/SY+이름/NNG+#/SY+이/VCP+었/EP+습니다/EF"
          }
        ]
      }
    }
  ]
}