{
  "dataset": {
    "identifier": 139910,
    "name": "e1_20211115_0006_0386_01",
    "src_path": "/data/file/cubeManager/PROJECT018/91/txt20211110140004066536/e1_20211115_0006_0386_01/",
    "label_path": "/data/file/cubeManager/PROJECT018/91/txt20211110140004066536/e1_20211115_0006_0386_01/",
    "category": 2,
    "type": 0
  },
  "licenses": {
    "name": "Apache License 1.0",
    "url": "http://www.apache.org/licenses/LICENSE-1.0"
  },
  "info": [
    {
      "id": 157862,
      "filename": "e1_0067_0003_02.txt",
      "title": "e1_0067_0003_02",
      "mediatype": "콜센터",
      "medianame": "콜센터",
      "category": "목적대화",
      "date": "2021-11-10",
      "size": 330,
      "annotations": {
        "subject": "프로그램 문의",
        "speaker_type": "1:1",
        "size": 330,
        "word_size": 90,
        "text": "A. #@소속# 상담원 #@이름# 입니다\nB. 네 혹시 #상품# 수강 과목에 자소서나 면접 관련도 마련돼있나요\nA. 네 논술 자기소개서 면접 3과목 전부 수강 가능하세요\nB. 다른 과목도 추가해서 듣고 싶은데 선택할 수 있는 과목은 뭐 있나요\nA. 국영수 및 사탐이나 과탐 세분화되어 골라 선택하실 수 있어요\nB. 아 종류가 엄청 많을 것 같은데 구체적으로 어떻게 확인하죠\nA. 학원 사이트 내에서 과목별 모두 검색 가능하십니다\nB. 그럼 세계사도 따로 선택 가능하죠\nA. 네 고객님 사탐에 세계사 선택하실 수 있어요\nB. 아 네네 좋네요 다시 전화드리겠습니다\nA. 네 감사합니다 상담원 #@이름# 이였습니다",
        "lines": [
          {
            "id": 1,
            "text": "A. #@소속# 상담원 #@이름# 입니다",
            "norm_text": "A. #@소속# 상담원 #@이름# 입니다",
            "speaker": {
              "id": "A",
              "sex": "여성",
              "age": "1그룹(10대~20대)"
            },
            "speechAct": "인사하기",
            "morpheme": "A/SL+./SY+#/SY+@/SY+소속/NNG+#/SY+상담원/NNG+#/SY+@/SY+이름/NNG+#/SY+입니다/VCP+EC"
          },
          {
            "id": 2,
            "text": "B. 네 혹시 #상품# 수강 과목에 자소서나 면접 관련도 마련돼있나요",
            "norm_text": "B. 네 혹시 #상품# 수강 과목에 자소서나 면접 관련도 마련돼있나요",
            "speaker": {
              "id": "B",
              "sex": "남성",
              "age": "1그룹(10대~20대)"
            },
            "speechAct": "질문하기",
            "morpheme": "B/SL+네/IC+혹시/MAG+#/SY+상품/NNG+#/SY+수강/NNG+과목/NNG+에/JKB+자/VV+소서/EF+나/NP+면접/NNG+관련/NNG+도/JX+마련/NNG+돼/XSV+EC+있/VX+나요/EC"
          },
          {
            "id": 3,
            "text": "A. 네 논술 자기소개서 면접 3과목 전부 수강 가능하세요",
            "norm_text": "A. 네 논술 자기소개서 면접 3과목 전부 수강 가능하세요",
            "speaker": {
              "id": "A",
              "sex": "여성",
              "age": "1그룹(10대~20대)"
            },
            "speechAct": "진술하기",
            "morpheme": "A/SL+네/IC+논술/NNG+자기/NP+소개서/NNG+면접/NNG+3/SN+과목/NNG+전부/NNG+수강/NNG+가능/NNG+하/XSV+세요/EP+EF"
          },
          {
            "id": 4,
            "text": "B. 다른 과목도 추가해서 듣고 싶은데 선택할 수 있는 과목은 뭐 있나요",
            "norm_text": "B. 다른 과목도 추가해서 듣고 싶은데 선택할 수 있는 과목은 뭐 있나요",
            "speaker": {
              "id": "B",
              "sex": "남성",
              "age": "1그룹(10대~20대)"
            },
            "speechAct": "질문하기",
            "morpheme": "B/SL+다른/MM+과목/NNG+도/JX+추가/NNG+해서/XSV+EC+듣/VV+고/EC+싶/VX+은데/EC+선택/NNG+할/XSV+ETM+수/NNB+있/VV+는/ETM+과목/NNG+은/JX+뭐/IC+있/VA+나요/EC"
          },
          {
            "id": 5,
            "text": "A. 국영수 및 사탐이나 과탐 세분화되어 골라 선택하실 수 있어요",
            "norm_text": "A. 국영수 및 사탐이나 과탐 세분화되어 골라 선택하실 수 있어요",
            "speaker": {
              "id": "A",
              "sex": "여성",
              "age": "1그룹(10대~20대)"
            },
            "speechAct": "진술하기",
            "morpheme": "A/SL+./SY+국영/NNG+수/NNG+및/MAJ+사탐/NNG+이나/JC+과/JC+탐/NNG+세분/NNG+화/XSN+되/XSV+어/EC+골라/VV+EC+선택/NNG+하/XSV+실/EP+ETM+수/NNB+있/VV+어요/EF"
          },
          {
            "id": 6,
            "text": "B. 아 종류가 엄청 많을 것 같은데 구체적으로 어떻게 확인하죠",
            "norm_text": "B. 아 종류가 엄청 많을 것 같은데 구체적으로 어떻게 확인하죠",
            "speaker": {
              "id": "B",
              "sex": "남성",
              "age": "1그룹(10대~20대)"
            },
            "speechAct": "질문하기",
            "morpheme": "B/SL+아/IC+종류/NNG+가/JKS+엄청/MAG+많/VA+을/ETM+것/NNB+같/VA+은데/EC+구체/NNG+적/XSN+으로/JKB+어떻게/MAG+확인/NNG+하/XSV+죠/EC"
          },
          {
            "id": 7,
            "text": "A. 학원 사이트 내에서 과목별 모두 검색 가능하십니다",
            "norm_text": "A. 학원 사이트 내에서 과목별 모두 검색 가능하십니다",
            "speaker": {
              "id": "A",
              "sex": "여성",
              "age": "1그룹(10대~20대)"
            },
            "speechAct": "진술하기",
            "morpheme": "A/SL+./SY+학원/NNG+사이트/NNG+내/NNB+에서/JKB+과목/NNG+별/XSN+모두/MAG+검색/NNG+가능/NNG+하/XSV+십니다/EP+EC"
          },
          {
            "id": 8,
            "text": "B. 그럼 세계사도 따로 선택 가능하죠",
            "norm_text": "B. 그럼 세계사도 따로 선택 가능하죠",
            "speaker": {
              "id": "B",
              "sex": "남성",
              "age": "1그룹(10대~20대)"
            },
            "speechAct": "질문하기",
            "morpheme": "B/SL+그럼/MAJ+세계사/NNG+도/JX+따로/MAG+선택/NNG+가능/NNG+하/XSV+죠/EC"
          },
          {
            "id": 9,
            "text": "A. 네 고객님 사탐에 세계사 선택하실 수 있어요",
            "norm_text": "A. 네 고객님 사탐에 세계사 선택하실 수 있어요",
            "speaker": {
              "id": "A",
              "sex": "여성",
              "age": "1그룹(10대~20대)"
            },
            "speechAct": "진술하기",
            "morpheme": "A/SL+네/IC+고객/NNG+님/XSN+사탐/NNG+에/JKB+세계사/NNG+선택/NNG+하/XSV+실/EP+ETM+수/NNB+있/VV+어요/EF"
          },
          {
            "id": 10,
            "text": "B. 아 네네 좋네요 다시 전화드리겠습니다",
            "norm_text": "B. 아 네네 좋네요 다시 전화드리겠습니다",
            "speaker": {
              "id": "B",
              "sex": "남성",
              "age": "1그룹(10대~20대)"
            },
            "speechAct": "진술하기",
            "morpheme": "B/SL+아/IC+네네/IC+좋/VA+네요/EF+다시/MAG+전화/NNG+드리/VV+겠/EP+습니다/EF"
          },
          {
            "id": 11,
            "text": "A. 네 감사합니다 상담원 #@이름# 이였습니다",
            "norm_text": "A. 네 감사합니다 상담원 #@이름# 이였습니다",
            "speaker": {
              "id": "A",
              "sex": "여성",
              "age": "1그룹(10대~20대)"
            },
            "speechAct": "인사하기",
            "morpheme": "A/SL+네/IC+감사/NNG+합니다/XSV+EF+상담원/NNG+#/SY+@/SY+이름/NNG+#/SY+이/VCP+였/EP+습니다/EF"
          }
        ]
      }
    }
  ]
}