{
  "dataset": {
    "identifier": 140194,
    "name": "e1_20211115_0006_0454_01",
    "src_path": "/data/file/cubeManager/PROJECT018/91/txt20211110140005017886/e1_20211115_0006_0454_01/",
    "label_path": "/data/file/cubeManager/PROJECT018/91/txt20211110140005017886/e1_20211115_0006_0454_01/",
    "category": 2,
    "type": 0
  },
  "licenses": {
    "name": "Apache License 1.0",
    "url": "http://www.apache.org/licenses/LICENSE-1.0"
  },
  "info": [
    {
      "id": 157930,
      "filename": "e1_0067_0071_02.txt",
      "title": "e1_0067_0071_02",
      "mediatype": "콜센터",
      "medianame": "콜센터",
      "category": "목적대화",
      "date": "2021-11-10",
      "size": 333,
      "annotations": {
        "subject": "프로그램 문의",
        "speaker_type": "1:1",
        "size": 333,
        "word_size": 89,
        "text": "A. 안녕하세요 #@소속#입니다\nB. 네 저 문의드릴게 있어서 전화드렸어요\nA. 네 궁금하신 부분 편하게 말씀하세요\nB. 영어수업 23년 대비반 어떤 교수님이 진행하시나요\nA. 10월 시작반은 #@이름# 교수님 단독 진행하십니다\nB. 아 그 수업 제가 들어도 지장 없을까요\nB. 제가 노베이스라 기초가 정말 너무 없어서요\nA. 네 영어 기본기가 약한 학생들도 문제 없으세요\nA. 독해 구문 문법 위주의 필수 기본 과정으로 구성되서요\nB. 다행이네요 커리큘럼 좀 받아볼 수 있을까요\nA. 세부 강의 계획은 홈페이지 공지 확인 부탁드립니다\nB. 네 알겠습니다 답변 감사합니다\nA. 추가 문의 사항 있으시면 또 연락 주세요",
        "lines": [
          {
            "id": 1,
            "text": "A. 안녕하세요 #@소속#입니다",
            "norm_text": "A. 안녕하세요 #@소속#입니다",
            "speaker": {
              "id": "A",
              "sex": "여성",
              "age": "1그룹(10대~20대)"
            },
            "speechAct": "인사하기",
            "morpheme": "A/SL+./SY+안녕/NNG+하/XSV+세요/EP+EF+#/SY+@/SY+소속/NNG+#/SY+입니다/VCP+EC"
          },
          {
            "id": 2,
            "text": "B. 네 저 문의드릴게 있어서 전화드렸어요",
            "norm_text": "B. 네 저 문의드릴게 있어서 전화드렸어요",
            "speaker": {
              "id": "B",
              "sex": "남성",
              "age": "1그룹(10대~20대)"
            },
            "speechAct": "진술하기",
            "morpheme": "B/SL+네/IC+저/MM+문/NNG+의/JKG+드릴/VV+ETM+게/NNB+JKS+있/VA+어서/EC+전화/NNG+드렸/VV+EP+어요/EF"
          },
          {
            "id": 3,
            "text": "A. 네 궁금하신 부분 편하게 말씀하세요",
            "norm_text": "A. 네 궁금하신 부분 편하게 말씀하세요",
            "speaker": {
              "id": "A",
              "sex": "여성",
              "age": "1그룹(10대~20대)"
            },
            "speechAct": "명령하기/요구하기",
            "morpheme": "A/SL+네/IC+궁금/XR+하/XSA+신/EP+ETM+부분/NNG+편하/VA+게/EC+말씀/NNG+하/XSV+세요/EP+EF"
          },
          {
            "id": 4,
            "text": "B. 영어수업 23년 대비반 어떤 교수님이 진행하시나요",
            "norm_text": "B. 영어수업 23년 대비반 어떤 교수님이 진행하시나요",
            "speaker": {
              "id": "B",
              "sex": "남성",
              "age": "1그룹(10대~20대)"
            },
            "speechAct": "질문하기",
            "morpheme": "B/SL+./SY+영어/NNG+수업/NNG+23/SN+년/NNBC+대비/NNG+반/NNG+어떤/MM+교수/NNG+님/XSN+이/JKS+진행/NNG+하/XSV+시/EP+나요/EC"
          },
          {
            "id": 5,
            "text": "A. 10월 시작반은 #@이름# 교수님 단독 진행하십니다",
            "norm_text": "A. 10월 시작반은 #@이름# 교수님 단독 진행하십니다",
            "speaker": {
              "id": "A",
              "sex": "여성",
              "age": "1그룹(10대~20대)"
            },
            "speechAct": "진술하기",
            "morpheme": "A/SL+./SY+10/SN+월/NNBC+시작/NNG+반/NNG+은/JX+#/SY+@/SY+이름/NNG+#/SY+교수/NNG+님/XSN+단독/NNG+진행/NNG+하/XSV+십니다/EP+EC"
          },
          {
            "id": 6,
            "text": "B. 아 그 수업 제가 들어도 지장 없을까요",
            "norm_text": "B. 아 그 수업 제가 들어도 지장 없을까요",
            "speaker": {
              "id": "B",
              "sex": "남성",
              "age": "1그룹(10대~20대)"
            },
            "speechAct": "질문하기",
            "morpheme": "B/SL+아/IC+그/MM+수업/NNG+제/XSN+가/JKC+들어도/VV+EC+지장/NNG+없/VA+을까요/EC"
          },
          {
            "id": 7,
            "text": "B. 제가 노베이스라 기초가 정말 너무 없어서요",
            "norm_text": "B. 제가 노베이스라 기초가 정말 너무 없어서요",
            "speaker": {
              "id": "B",
              "sex": "남성",
              "age": "1그룹(10대~20대)"
            },
            "speechAct": "진술하기",
            "morpheme": "B/SL+제/NP+가/JKS+노/NNP+베/NNP+이스라/NNP+기초/NNG+가/JKS+정말/MAG+너무/MAG+없/VA+어서요/EC"
          },
          {
            "id": 8,
            "text": "A. 네 영어 기본기가 약한 학생들도 문제 없으세요",
            "norm_text": "A. 네 영어 기본기가 약한 학생들도 문제 없으세요",
            "speaker": {
              "id": "A",
              "sex": "여성",
              "age": "1그룹(10대~20대)"
            },
            "speechAct": "진술하기",
            "morpheme": "A/SL+네/IC+영어/NNG+기본기/NNG+가/JKS+약한/VA+ETM+학생/NNG+들/XSN+도/JX+문제없/VA+으세요/EP+EP+EC"
          },
          {
            "id": 9,
            "text": "A. 독해 구문 문법 위주의 필수 기본 과정으로 구성되서요",
            "norm_text": "A. 독해 구문 문법 위주의 필수 기본 과정으로 구성되서요",
            "speaker": {
              "id": "A",
              "sex": "여성",
              "age": "1그룹(10대~20대)"
            },
            "speechAct": "진술하기",
            "morpheme": "A/SL+./SY+독해/NNG+구문/NNG+문법/NNG+위주/NNG+의/JKG+필수/NNG+기본/NNG+과정/NNG+으로/JKB+구성/NNG+되/XSV+서요/EP+EC"
          },
          {
            "id": 10,
            "text": "B. 다행이네요 커리큘럼 좀 받아볼 수 있을까요",
            "norm_text": "B. 다행이네요 커리큘럼 좀 받아볼 수 있을까요",
            "speaker": {
              "id": "B",
              "sex": "남성",
              "age": "1그룹(10대~20대)"
            },
            "speechAct": "질문하기",
            "morpheme": "B/SL+./SY+다행/NNG+이/VCP+네요/EF+커리큘럼/NNG+좀/MAG+받/VV+아/EC+볼/VX+ETM+수/NNB+있/VV+을까요/EC"
          },
          {
            "id": 11,
            "text": "A. 세부 강의 계획은 홈페이지 공지 확인 부탁드립니다",
            "norm_text": "A. 세부 강의 계획은 홈페이지 공지 확인 부탁드립니다",
            "speaker": {
              "id": "A",
              "sex": "여성",
              "age": "1그룹(10대~20대)"
            },
            "speechAct": "부탁하기",
            "morpheme": "A/SL+./SY+세부/NNG+강의/NNG+계획/NNG+은/JX+홈페이지/NNG+공지/NNG+확인/NNG+부탁/NNG+드립니다/VV+EC"
          },
          {
            "id": 12,
            "text": "B. 네 알겠습니다 답변 감사합니다",
            "norm_text": "B. 네 알겠습니다 답변 감사합니다",
            "speaker": {
              "id": "B",
              "sex": "남성",
              "age": "1그룹(10대~20대)"
            },
            "speechAct": "감사하기",
            "morpheme": "B/SL+네/IC+알/VV+겠/EP+습니다/EF+답변/NNG+감사/NNG+합니다/XSV+EC"
          },
          {
            "id": 13,
            "text": "A. 추가 문의 사항 있으시면 또 연락 주세요",
            "norm_text": "A. 추가 문의 사항 있으시면 또 연락 주세요",
            "speaker": {
              "id": "A",
              "sex": "여성",
              "age": "1그룹(10대~20대)"
            },
            "speechAct": "명령하기/요구하기",
            "morpheme": "A/SL+./SY+추가/NNG+문/NNG+의/JKG+사항/NNG+있/VV+으시/EP+면/EC+또/MAG+연락/NNG+주세요/NNP"
          }
        ]
      }
    }
  ]
}