{
  "dataset": {
    "identifier": 141058,
    "name": "e1_20211115_0006_0715_01",
    "src_path": "/data/file/cubeManager/PROJECT018/91/txt20211110140013048977/e1_20211115_0006_0715_01/",
    "label_path": "/data/file/cubeManager/PROJECT018/91/txt20211110140013048977/e1_20211115_0006_0715_01/",
    "category": 2,
    "type": 0
  },
  "licenses": {
    "name": "Apache License 1.0",
    "url": "http://www.apache.org/licenses/LICENSE-1.0"
  },
  "info": [
    {
      "id": 158961,
      "filename": "e1_0071_0157_02.txt",
      "title": "e1_0071_0157_02",
      "mediatype": "콜센터",
      "medianame": "콜센터",
      "category": "목적대화",
      "date": "2021-11-10",
      "size": 378,
      "annotations": {
        "subject": "프로그램 문의",
        "speaker_type": "1:1",
        "size": 378,
        "word_size": 89,
        "text": "A.반갑습니다 #@소속# 상담사 #@이름# 입니다\nB.강좌 즐겨찾기 하고 싶은데요 어디서 하나요\nA.고객님 즐겨찾기 기능은 피씨 버전에서는 지원되지 않으시구요\nA.모바일 환경에서 이용 부탁드립니다\nB.아 모바일에서만 되나봐요\nA.네 수강 중인 강좌 목록에서 즐겨찾기 원하는 강좌명 보시면요\nA.왼쪽 네모 박스에 체크 해주신 후 선택 강좌 즐겨찾기를 클릭 하시면 되세요\nB.잠시만요 제가 지금 밖이라 말씀 만으론 좀 헷갈린데 문자로 보내주실 수 있나요\nA.알겠습니다 고객님 문자 받으실 휴대폰 번호 말씀 부탁드려요\nB.네 #@전번# 입니다\nA.네 통화 끝나면 바로 즐겨찾기 경로 안내를 문자로 발송 드리도록 하겠습니다\nB.네 친절한 상담 감사해요 수고하세요\nA.감사합니다 상담사 #@이름# 이었습니다",
        "lines": [
          {
            "id": 1,
            "text": "A.반갑습니다 #@소속# 상담사 #@이름# 입니다",
            "norm_text": "A.반갑습니다 #@소속# 상담사 #@이름# 입니다",
            "speaker": {
              "id": "A",
              "sex": "여성",
              "age": "2그룹(30대~40대)"
            },
            "speechAct": "인사하기",
            "morpheme": "A/SL+반갑/VA+습니다/EF+#/SY+@/SY+소속/NNG+#/SY+상담/NNG+사/NNG+#/SY+@/SY+이름/NNG+#/SY+입니다/VCP+EC"
          },
          {
            "id": 2,
            "text": "B.강좌 즐겨찾기 하고 싶은데요 어디서 하나요",
            "norm_text": "B.강좌 즐겨찾기 하고 싶은데요 어디서 하나요",
            "speaker": {
              "id": "B",
              "sex": "남성",
              "age": "2그룹(30대~40대)"
            },
            "speechAct": "질문하기",
            "morpheme": "B/SL+./SY+강좌/NNG+즐겨찾기/NNG+하/XSV+고/EC+싶/VX+은데요/EC+어디/NP+서/JKB+하나/NR+요/VCP+EC"
          },
          {
            "id": 3,
            "text": "A.고객님 즐겨찾기 기능은 피씨 버전에서는 지원되지 않으시구요",
            "norm_text": "A.고객님 즐겨찾기 기능은 피씨 버전에서는 지원되지 않으시구요",
            "speaker": {
              "id": "A",
              "sex": "여성",
              "age": "2그룹(30대~40대)"
            },
            "speechAct": "진술하기",
            "morpheme": "A/SL+./SY+고객/NNG+님/XSN+즐겨찾기/NNG+기능/NNG+은/JX+피/NNP+씨/NNB+버전/NNG+에서/JKB+는/JX+지원/NNG+되/XSV+지/EC+않/VX+으시/EP+구요/EF"
          },
          {
            "id": 4,
            "text": "A.모바일 환경에서 이용 부탁드립니다",
            "norm_text": "A.모바일 환경에서 이용 부탁드립니다",
            "speaker": {
              "id": "A",
              "sex": "여성",
              "age": "2그룹(30대~40대)"
            },
            "speechAct": "부탁하기",
            "morpheme": "A/SL+./SY+모바일/NNP+환경/NNG+에서/JKB+이용/NNG+부탁/NNG+드립니다/VV+EC"
          },
          {
            "id": 5,
            "text": "B.아 모바일에서만 되나봐요",
            "norm_text": "B.아 모바일에서만 되나봐요",
            "speaker": {
              "id": "B",
              "sex": "남성",
              "age": "2그룹(30대~40대)"
            },
            "speechAct": "질문하기",
            "morpheme": "B/SL+아/IC+모바일/NNP+에서/JKB+만/JX+되/VV+나/EC+봐요/VX+EC"
          },
          {
            "id": 6,
            "text": "A.네 수강 중인 강좌 목록에서 즐겨찾기 원하는 강좌명 보시면요",
            "norm_text": "A.네 수강 중인 강좌 목록에서 즐겨찾기 원하는 강좌명 보시면요",
            "speaker": {
              "id": "A",
              "sex": "여성",
              "age": "2그룹(30대~40대)"
            },
            "speechAct": "진술하기",
            "morpheme": "A/SL+네/IC+수강/NNG+중/NNB+인/VCP+ETM+강좌/NNG+목록/NNG+에서/JKB+즐겨찾기/NNG+원/NNG+하/XSV+는/ETM+강좌/NNG+명/XSN+보/VV+시/EP+면/EC+요/JX"
          },
          {
            "id": 7,
            "text": "A.왼쪽 네모 박스에 체크 해주신 후 선택 강좌 즐겨찾기를 클릭 하시면 되세요",
            "norm_text": "A.왼쪽 네모 박스에 체크 해주신 후 선택 강좌 즐겨찾기를 클릭 하시면 되세요",
            "speaker": {
              "id": "A",
              "sex": "여성",
              "age": "2그룹(30대~40대)"
            },
            "speechAct": "진술하기",
            "morpheme": "A/SL+./SY+왼쪽/NNG+네모/NNG+박스/NNG+에/JKB+체크/NNG+해/XSV+EC+주/VX+신/EP+ETM+후/NNG+선택/NNG+강좌/NNG+즐겨찾기/NNG+를/JKO+클릭/NNG+하/XSV+시/EP+면/EC+되/VV+세요/EP+EF"
          },
          {
            "id": 8,
            "text": "B.잠시만요 제가 지금 밖이라 말씀 만으론 좀 헷갈린데 문자로 보내주실 수 있나요",
            "norm_text": "B.잠시만요 제가 지금 밖이라 말씀 만으론 좀 헷갈린데 문자로 보내주실 수 있나요",
            "speaker": {
              "id": "B",
              "sex": "남성",
              "age": "2그룹(30대~40대)"
            },
            "speechAct": "명령하기/요구하기",
            "morpheme": "B/SL+./SY+잠시/NNG+만/JX+요/JX+제/NP+가/JKS+지금/MAG+밖/NNG+이/VCP+라/EC+말씀/NNG+만/JX+으론/JKB+JX+좀/MAG+헷갈린/VV+ETM+데/NNB+문자/NNG+로/JKB+보내/VV+EC+주/VX+실/EP+ETM+수/NNB+있/VV+나요/EC"
          },
          {
            "id": 9,
            "text": "A.알겠습니다 고객님 문자 받으실 휴대폰 번호 말씀 부탁드려요",
            "norm_text": "A.알겠습니다 고객님 문자 받으실 휴대폰 번호 말씀 부탁드려요",
            "speaker": {
              "id": "A",
              "sex": "여성",
              "age": "2그룹(30대~40대)"
            },
            "speechAct": "부탁하기",
            "morpheme": "A/SL+알/VV+겠/EP+습니다/EF+고객/NNG+님/XSN+문자/NNG+받/VV+으실/EP+ETM+휴대폰/NNG+번호/NNG+말씀/NNG+부탁/NNG+드려요/VV+EC"
          },
          {
            "id": 10,
            "text": "B.네 #@전번# 입니다",
            "norm_text": "B.네 #@전번# 입니다",
            "speaker": {
              "id": "B",
              "sex": "남성",
              "age": "2그룹(30대~40대)"
            },
            "speechAct": "진술하기",
            "morpheme": "B/SL+네/IC+#/SY+@/SY+전번/NNG+#/SY+입니다/VCP+EC"
          },
          {
            "id": 11,
            "text": "A.네 통화 끝나면 바로 즐겨찾기 경로 안내를 문자로 발송 드리도록 하겠습니다",
            "norm_text": "A.네 통화 끝나면 바로 즐겨찾기 경로 안내를 문자로 발송 드리도록 하겠습니다",
            "speaker": {
              "id": "A",
              "sex": "여성",
              "age": "2그룹(30대~40대)"
            },
            "speechAct": "약속하기(개인적 수준의 서약)",
            "morpheme": "A/SL+네/IC+통화/NNG+끝/NNG+나/VV+면/EC+바로/MAG+즐겨/VV+EC+찾/VV+기/ETN+경로/NNG+안내/NNG+를/JKO+문자/NNG+로/JKB+발송/NNG+드리/VV+도록/EC+하/VX+겠/EP+습니다/EF"
          },
          {
            "id": 12,
            "text": "B.네 친절한 상담 감사해요 수고하세요",
            "norm_text": "B.네 친절한 상담 감사해요 수고하세요",
            "speaker": {
              "id": "B",
              "sex": "남성",
              "age": "2그룹(30대~40대)"
            },
            "speechAct": "감사하기",
            "morpheme": "B/SL+네/IC+친절/NNG+한/XSA+ETM+상담/NNG+감사/NNG+해요/XSV+EF+수고/NNG+하/XSV+세요/EP+EF"
          },
          {
            "id": 13,
            "text": "A.감사합니다 상담사 #@이름# 이었습니다",
            "norm_text": "A.감사합니다 상담사 #@이름# 이었습니다",
            "speaker": {
              "id": "A",
              "sex": "여성",
              "age": "2그룹(30대~40대)"
            },
            "speechAct": "인사하기",
            "morpheme": "A/SL+./SY+감사/NNG+합니다/XSV+EF+상담/NNG+사/NNG+#/SY+@/SY+이름/NNG+#/SY+이/VCP+었/EP+습니다/EF"
          }
        ]
      }
    }
  ]
}