{
  "dataset": {
    "identifier": 140552,
    "name": "e1_20211115_0006_0579_01",
    "src_path": "/data/file/cubeManager/PROJECT018/91/txt20211110140006079075/e1_20211115_0006_0579_01/",
    "label_path": "/data/file/cubeManager/PROJECT018/91/txt20211110140006079075/e1_20211115_0006_0579_01/",
    "category": 2,
    "type": 0
  },
  "licenses": {
    "name": "Apache License 1.0",
    "url": "http://www.apache.org/licenses/LICENSE-1.0"
  },
  "info": [
    {
      "id": 158131,
      "filename": "e1_0068_0059_02.txt",
      "title": "e1_0068_0059_02",
      "mediatype": "콜센터",
      "medianame": "콜센터",
      "category": "목적대화",
      "date": "2021-11-10",
      "size": 326,
      "annotations": {
        "subject": "프로그램 문의",
        "speaker_type": "1:1",
        "size": 326,
        "word_size": 69,
        "text": "A.친절히 모시겠습니다 #@소속# #@이름# 상담원 입니다\nB.안녕하세요 문의하고 싶은게 있어서 전화했습니다\nA.안녕하세요 어떤 문의 사항 이신가요\nB.pretest 테스트를 받으려면 어떻게 해야 하나요\nA.테스트는 구매 회원 대상으로 실시하는 테스트입니다\nB.그럼 회원 가입도 하고 구매를 해야 테스트 할 수 있네요\nA.pretest로 학습자의 영어 수준을 확인 가능하십니다\nB.그럼 회원 아닌 사람도 받을 수 있는건가요\nA.비회원도 방문선생님과 상담하실 때 pretest는 가능합니다\nB.그럼 pretest를 알아볼게요 감사합니다\nA.기분 좋은 하루 되세요 #@소속# #@이름# 였습니다 감사합니다",
        "lines": [
          {
            "id": 1,
            "text": "A.친절히 모시겠습니다 #@소속# #@이름# 상담원 입니다",
            "norm_text": "A.친절히 모시겠습니다 #@소속# #@이름# 상담원 입니다",
            "speaker": {
              "id": "A",
              "sex": "여성",
              "age": "1그룹(10대~20대)"
            },
            "speechAct": "인사하기",
            "morpheme": "A/SL+친절히/MAG+모시/VV+겠/EP+습니다/EF+#/SY+@/SY+소속/NNG+#/SY+#/SY+@/SY+이름/NNG+#/SY+상담원/NNG+입니다/VCP+EC"
          },
          {
            "id": 2,
            "text": "B.안녕하세요 문의하고 싶은게 있어서 전화했습니다",
            "norm_text": "B.안녕하세요 문의하고 싶은게 있어서 전화했습니다",
            "speaker": {
              "id": "B",
              "sex": "남성",
              "age": "1그룹(10대~20대)"
            },
            "speechAct": "진술하기",
            "morpheme": "B/SL+./SY+안녕/NNG+하/XSV+세요/EP+EF+문의/NNG+하/XSV+고/EC+싶/VX+은/ETM+게/NNB+JKS+있/VA+어서/EC+전화/NNG+했/XSV+EP+습니다/EF"
          },
          {
            "id": 3,
            "text": "A.안녕하세요 어떤 문의 사항 이신가요",
            "norm_text": "A.안녕하세요 어떤 문의 사항 이신가요",
            "speaker": {
              "id": "A",
              "sex": "여성",
              "age": "1그룹(10대~20대)"
            },
            "speechAct": "질문하기",
            "morpheme": "A/SL+./SY+안녕/NNG+하/XSV+세요/EP+EF+어떤/MM+문/NNG+의/JKG+사항/NNG+이/VCP+신가요/EP+EC"
          },
          {
            "id": 4,
            "text": "B.pretest 테스트를 받으려면 어떻게 해야 하나요",
            "norm_text": "B.pretest 테스트를 받으려면 어떻게 해야 하나요",
            "speaker": {
              "id": "B",
              "sex": "남성",
              "age": "1그룹(10대~20대)"
            },
            "speechAct": "질문하기",
            "morpheme": "B/SL+./SY+pretest/SL+테스트/NNG+를/JKO+받/VV+으려면/EC+어떻게/MAG+해야/VV+EC+하/VV+나요/EC"
          },
          {
            "id": 5,
            "text": "A.테스트는 구매 회원 대상으로 실시하는 테스트입니다",
            "norm_text": "A.테스트는 구매 회원 대상으로 실시하는 테스트입니다",
            "speaker": {
              "id": "A",
              "sex": "여성",
              "age": "1그룹(10대~20대)"
            },
            "speechAct": "진술하기",
            "morpheme": "A/SL+./SY+테스트/NNG+는/JX+구매/NNG+회원/NNG+대상/NNG+으로/JKB+실시/NNG+하/XSV+는/ETM+테스트/NNG+입니다/VCP+EC"
          },
          {
            "id": 6,
            "text": "B.그럼 회원 가입도 하고 구매를 해야 테스트 할 수 있네요",
            "norm_text": "B.그럼 회원 가입도 하고 구매를 해야 테스트 할 수 있네요",
            "speaker": {
              "id": "B",
              "sex": "남성",
              "age": "1그룹(10대~20대)"
            },
            "speechAct": "질문하기",
            "morpheme": "B/SL+그럼/MAJ+회원/NNG+가입/NNG+도/JX+하/VV+고/EC+구매/NNG+를/JKO+해야/VV+EC+테스트/NNG+할/XSV+ETM+수/NNB+있/VV+네요/EC"
          },
          {
            "id": 7,
            "text": "A.pretest로 학습자의 영어 수준을 확인 가능하십니다",
            "norm_text": "A.pretest로 학습자의 영어 수준을 확인 가능하십니다",
            "speaker": {
              "id": "A",
              "sex": "여성",
              "age": "1그룹(10대~20대)"
            },
            "speechAct": "진술하기",
            "morpheme": "A/SL+./SY+pretest/SL+로/JKB+학습/NNG+자/XSN+의/JKG+영어/NNG+수준/NNG+을/JKO+확인/NNG+가능/NNG+하/XSV+십니다/EP+EC"
          },
          {
            "id": 8,
            "text": "B.그럼 회원 아닌 사람도 받을 수 있는건가요",
            "norm_text": "B.그럼 회원 아닌 사람도 받을 수 있는건가요",
            "speaker": {
              "id": "B",
              "sex": "남성",
              "age": "1그룹(10대~20대)"
            },
            "speechAct": "질문하기",
            "morpheme": "B/SL+그럼/MAJ+회원/NNG+아닌/VCN+ETM+사람/NNG+도/JX+받/VV+을/ETM+수/NNB+있/VV+는/ETM+건가요/NNB+VCP+EC"
          },
          {
            "id": 9,
            "text": "A.비회원도 방문선생님과 상담하실 때 pretest는 가능합니다",
            "norm_text": "A.비회원도 방문선생님과 상담하실 때 pretest는 가능합니다",
            "speaker": {
              "id": "A",
              "sex": "여성",
              "age": "1그룹(10대~20대)"
            },
            "speechAct": "진술하기",
            "morpheme": "A/SL+./SY+비회원/NNG+도/JX+방문/NNG+선생/NNG+님/XSN+과/JC+상담/NNG+하/XSV+실/EP+ETM+때/NNG+pretest/SL+는/JX+가능/NNG+합니다/XSV+EC"
          },
          {
            "id": 10,
            "text": "B.그럼 pretest를 알아볼게요 감사합니다",
            "norm_text": "B.그럼 pretest를 알아볼게요 감사합니다",
            "speaker": {
              "id": "B",
              "sex": "남성",
              "age": "1그룹(10대~20대)"
            },
            "speechAct": "감사하기",
            "morpheme": "B/SL+그럼/MAJ+pretest/SL+를/JKO+알아볼/VV+ETM+게/NNB+JKS+요/MM+감사/NNG+합니다/XSV+EC"
          },
          {
            "id": 11,
            "text": "A.기분 좋은 하루 되세요 #@소속# #@이름# 였습니다 감사합니다",
            "norm_text": "A.기분 좋은 하루 되세요 #@소속# #@이름# 였습니다 감사합니다",
            "speaker": {
              "id": "A",
              "sex": "여성",
              "age": "1그룹(10대~20대)"
            },
            "speechAct": "인사하기",
            "morpheme": "A/SL+./SY+기분/NNG+좋/VA+은/ETM+하루/NNG+되/XSV+세요/EP+EF+#/SY+@/SY+소속/NNG+#/SY+#/SY+@/SY+이름/NNG+#/SY+였/VCP+EP+습니다/EF+감사/NNG+합니다/XSV+EC"
          }
        ]
      }
    }
  ]
}