{
  "dataset": {
    "identifier": 72800,
    "name": "KAKAO_906_14_set",
    "src_path": "/data/file/cubeManager/PROJECT001/53/txt20211005152905043922/KAKAO_906_14_set/",
    "label_path": "/data/file/cubeManager/PROJECT001/53/txt20211005152905043922/KAKAO_906_14_set/",
    "category": 2,
    "type": 0
  },
  "licenses": {
    "name": "Apache License 1.0",
    "url": "http://www.apache.org/licenses/LICENSE-1.0"
  },
  "info": [
    {
      "id": 41371,
      "filename": "KAKAO_906_14.txt",
      "title": "KAKAO_906_14",
      "mediatype": "SNS",
      "medianame": "카카오톡",
      "category": "일상대화",
      "date": "2021-10-05",
      "size": 400,
      "annotations": {
        "subject": "사회이슈",
        "speaker_type": "1:1",
        "size": 400,
        "word_size": 128,
        "text": "1 : 재난 지원금 신청 하셨나유?\n2 : 당빠져! 제 날짜에 바로 신청 ㄱ ㄱ 했어요\n1 : 오 저두 이미 받아서 쏠쏠하이 사용 중입니더\n2 : 아휴~ 나라에서 이렇게 지원금을 주니 감사하다\n1 : 뭔가 쏠쏠하지?\n1 : 넌 주로 어디 썼니 키키\n2 : 나는 애기 이유식 재료, 밥 반찬 재료...등등\n1 : 키키 우리 집도 99% 식비 키키\n2 : 거의 식비로 많이 지출하는 듯 키키\n1 : 엉 참 살림해보니 식비가 장난 아냐\n2 : 나도 식비가 일케 나가는 줄 모르고 썼었네 키키\n1 : 배달 줄여야 되는데... 포기가 안 된당\n2 : 배달 너무 편하고 맛있고 좋아\n1 : 맞제 특히 피곤할 때 포기 못행...\n2 : 삼시세끼 요리하는 엄마들은 대단쓰...\n1 : 그런 엄마들이 있냐... 없을껄...\n2 : 삼식이 아빠는 나빠여! _ㅡ_",
        "lines": [
          {
            "id": 1,
            "text": "1 : 재난 지원금 신청 하셨나유?",
            "norm_text": "재난 지원금 신청 하셨나유?",
            "speaker": {
              "id": "1번",
              "sex": "여성",
              "age": "30대"
            },
            "speechAct": "(지시) 질문하기",
            "morpheme": "재난/NNG+지원금/NNG+신청/NNG+하/XSV+셨/EP+EP+나유/EF"
          },
          {
            "id": 2,
            "text": "2 : 당빠져! 제 날짜에 바로 신청 ㄱ ㄱ 했어요",
            "norm_text": "당빠져! 제 날짜에 바로 신청 ㄱ ㄱ 했어요",
            "speaker": {
              "id": "2번",
              "sex": "여성",
              "age": "20대"
            },
            "speechAct": "(단언) 진술하기",
            "morpheme": "당빠/MAG+져/VV+EF+제날짜/NNG+에/JKB+바로/MAG+신청/NNG+ㄱ/NNG+ㄱ/NNG+했어요/XSV+EP+EC"
          },
          {
            "id": 3,
            "text": "1 : 오 저두 이미 받아서 쏠쏠하이 사용 중입니더",
            "norm_text": "오 저두 이미 받아서 쏠쏠하이 사용 중입니더",
            "speaker": {
              "id": "1번",
              "sex": "여성",
              "age": "30대"
            },
            "speechAct": "(단언) 진술하기",
            "morpheme": "오저/NNG+두/JX+이미/MAG+받/VV+아서/EC+쏠쏠/XR+하/XSA+이/MM+사용/NNG+중/NNB+입니더/VCP+EF"
          },
          {
            "id": 4,
            "text": "2 : 아휴~ 나라에서 이렇게 지원금을 주니 감사하다",
            "norm_text": "아휴~ 나라에서 이렇게 지원금을 주니 감사하다",
            "speaker": {
              "id": "2번",
              "sex": "여성",
              "age": "20대"
            },
            "speechAct": "(단언) 주장하기",
            "morpheme": "아휴/IC+~/SY+나라/NNG+에서/JKB+이렇게/MAG+지원금/NNG+을/JKO+주/VV+니/EC+감사/NNG+하/XSV+다/EC"
          },
          {
            "id": 5,
            "text": "1 : 뭔가 쏠쏠하지?",
            "norm_text": "뭔가 쏠쏠하지?",
            "speaker": {
              "id": "1번",
              "sex": "여성",
              "age": "30대"
            },
            "speechAct": "(지시) 질문하기",
            "morpheme": "뭔가/NP+VCP+EC+쏠쏠/XR+하/XSA+지/EF"
          },
          {
            "id": 6,
            "text": "1 : 넌 주로 어디 썼니 키키",
            "norm_text": "넌 주로 어디 썼니 키키",
            "speaker": {
              "id": "1번",
              "sex": "여성",
              "age": "30대"
            },
            "speechAct": "(지시) 질문하기",
            "morpheme": "넌/NP+JX+주로/MAG+어디/NP+썼/VV+EP+니/EC+키/NNG+키/XSV+ETN"
          },
          {
            "id": 7,
            "text": "2 : 나는 애기 이유식 재료, 밥 반찬 재료...등등",
            "norm_text": "나는 애기 이유식 재료, 밥 반찬 재료...등등",
            "speaker": {
              "id": "2번",
              "sex": "여성",
              "age": "20대"
            },
            "speechAct": "(단언) 진술하기",
            "morpheme": "나/NP+는/JX+애기/NNG+이유식/NNP+재료/NNG+,/SC+밥반찬/NNG+재료/NNG+./SY+./SY+등등/NNB"
          },
          {
            "id": 8,
            "text": "1 : 키키 우리 집도 99% 식비 키키",
            "norm_text": "키키 우리 집도 99% 식비 키키",
            "speaker": {
              "id": "1번",
              "sex": "여성",
              "age": "30대"
            },
            "speechAct": "(단언) 진술하기",
            "morpheme": "키/NNG+키/XSV+ETN+우리/NP+집/NNG+도/JX+99/SN+%/SY+식비/NNG+키/NNG+키/XSV+ETN"
          },
          {
            "id": 9,
            "text": "2 : 거의 식비로 많이 지출하는 듯 키키",
            "norm_text": "거의 식비로 많이 지출하는 듯 키키",
            "speaker": {
              "id": "2번",
              "sex": "여성",
              "age": "20대"
            },
            "speechAct": "(단언) 주장하기",
            "morpheme": "거의/MAG+식비/NNG+로/JKB+많이/MAG+지출/NNG+하/XSV+는/ETM+듯/NNB+키/NNG+키/XSV+ETN"
          },
          {
            "id": 10,
            "text": "1 : 엉 참 살림해보니 식비가 장난 아냐",
            "norm_text": "엉 참 살림해보니 식비가 장난 아냐",
            "speaker": {
              "id": "1번",
              "sex": "여성",
              "age": "30대"
            },
            "speechAct": "(단언) 주장하기",
            "morpheme": "엉/IC+참/MAG+살림/NNG+해/XSV+EC+보/VX+니/EC+식비/NNG+가/JKS+장난/NNG+아냐/VCN+EC"
          },
          {
            "id": 11,
            "text": "2 : 나도 식비가 일케 나가는 줄 모르고 썼었네 키키",
            "norm_text": "나도 식비가 일케 나가는 줄 모르고 썼었네 키키",
            "speaker": {
              "id": "2번",
              "sex": "여성",
              "age": "20대"
            },
            "speechAct": "(단언) 진술하기",
            "morpheme": "나/NP+도/JX+식비/NNG+가/JKS+일/NNG+케/XSV+EC+나가/VX+는/ETM+줄/NNB+모르/VV+고/EC+썼었/VV+EP+네/EF+키/NNG+키/XSV+ETN"
          },
          {
            "id": 12,
            "text": "1 : 배달 줄여야 되는데... 포기가 안 된당",
            "norm_text": "배달 줄여야 되는데... 포기가 안 된당",
            "speaker": {
              "id": "1번",
              "sex": "여성",
              "age": "30대"
            },
            "speechAct": "(단언) 주장하기",
            "morpheme": "배달/NNG+줄여야/VV+EC+되/VV+는데/EC+./SY+./SY+포기/NNG+가/JKS+안/MAG+된/VV+ETM+당/NNG"
          },
          {
            "id": 13,
            "text": "2 : 배달 너무 편하고 맛있고 좋아",
            "norm_text": "배달 너무 편하고 맛있고 좋아",
            "speaker": {
              "id": "2번",
              "sex": "여성",
              "age": "20대"
            },
            "speechAct": "(단언) 주장하기",
            "morpheme": "배달/NNG+너무/MAG+편하/VA+고/EC+맛있/VA+고/EC+좋/VA+아/EC"
          },
          {
            "id": 14,
            "text": "1 : 맞제 특히 피곤할 때 포기 못행...",
            "norm_text": "맞제 특히 피곤할 때 포기 못행...",
            "speaker": {
              "id": "1번",
              "sex": "여성",
              "age": "30대"
            },
            "speechAct": "(단언) 주장하기",
            "morpheme": "맞제특히피곤할때포기못행/UNKNOWN+./SY"
          },
          {
            "id": 15,
            "text": "2 : 삼시세끼 요리하는 엄마들은 대단쓰...",
            "norm_text": "삼시세끼 요리하는 엄마들은 대단쓰...",
            "speaker": {
              "id": "2번",
              "sex": "여성",
              "age": "20대"
            },
            "speechAct": "(단언) 주장하기",
            "morpheme": "삼/NR+시/NNBC+세끼/NNG+요리/NNG+하/XSV+는/ETM+엄마/NNG+들/XSN+은/JX+대단/MAG+쓰/IC+./SY"
          },
          {
            "id": 16,
            "text": "1 : 그런 엄마들이 있냐... 없을껄...",
            "norm_text": "그런 엄마들이 있냐... 없을껄...",
            "speaker": {
              "id": "1번",
              "sex": "여성",
              "age": "30대"
            },
            "speechAct": "(단언) 주장하기",
            "morpheme": "그런/MM+엄마/NNG+들/XSN+이/JKS+있/VA+냐/EF+./SY+없/VA+을껄/EF+./SY"
          },
          {
            "id": 17,
            "text": "2 : 삼식이 아빠는 나빠여! _ㅡ_",
            "norm_text": "삼식이 아빠는 나빠여! _ㅡ_",
            "speaker": {
              "id": "2번",
              "sex": "여성",
              "age": "20대"
            },
            "speechAct": "(단언) 주장하기",
            "morpheme": "삼식/NNG+이/JKS+아빠/NNG+는/JX+나빠/VA+EC+여/VCP+EF+_/SY+ㅡ/UNKNOWN+_/SY"
          }
        ]
      }
    }
  ]
}