{
  "dataset": {
    "identifier": 69222,
    "name": "KAKAO_915_10_set",
    "src_path": "/data/file/cubeManager/PROJECT001/53/txt20211005155756061254/KAKAO_915_10_set/",
    "label_path": "/data/file/cubeManager/PROJECT001/53/txt20211005155756061254/KAKAO_915_10_set/",
    "category": 2,
    "type": 0
  },
  "licenses": {
    "name": "Apache License 1.0",
    "url": "http://www.apache.org/licenses/LICENSE-1.0"
  },
  "info": [
    {
      "id": 41847,
      "filename": "KAKAO_915_10.txt",
      "title": "KAKAO_915_10",
      "mediatype": "SNS",
      "medianame": "카카오톡",
      "category": "일상대화",
      "date": "2021-10-05",
      "size": 464,
      "annotations": {
        "subject": "스포츠/레저",
        "speaker_type": "1:1",
        "size": 464,
        "word_size": 159,
        "text": "1 : 축구 좋아하면 유럽에 축구 경기 보러 가고 싶겠당 키키\n2 : 어 진짜 평생에 한 번은 갈 수 있지 않을까?\n1 : 키키 진짜 한번은 가야 할 텐데 난 유럽을 못 가봐서 ㅜㅜ\n2 : 유럽도 가면 진짜 재밌겠다... 할 게 많을 것 같애\n1 : 맞아 ㅜㅜ 어릴 때 갔다 올걸 이렇게 코로나가 터질 줄이야\n2 : 그니깐 이제 언제 갈 수 있을까?\n1 : ㅜㅜ 이제 가도 옛날 같지 않을 것 같고\n2 : 그니깐... 문제가 있겠지?\n2 : ㅠㅠ 그치만 가고파\n1 : 나도 ㅜㅜ 다음에 꼭 가야지 돈 모아 놔야지\n2 : 돈... 은 어떻게 모으는 거죠? 키키\n1 : 키키 오빠야 내가 묻고 싶은 말인데? 키키\n2 : 키키 일단 우리는 취업을 해보자\n1 : 키키 하... 취업을 해야 돈을 모으는데 그냥 누워 있고 싶네 키키\n2 : 그니깐 나도 누워서 돈 모으고 싶다\n1 : 오 뭐가 좋을까 키키 난 업비트 하는 중 키키\n2 : 키키 업비트가 뭐야? 좀 알려도",
        "lines": [
          {
            "id": 1,
            "text": "1 : 축구 좋아하면 유럽에 축구 경기 보러 가고 싶겠당 키키",
            "norm_text": "축구 좋아하면 유럽에 축구 경기 보러 가고 싶겠당 키키",
            "speaker": {
              "id": "1번",
              "sex": "여성",
              "age": "20대"
            },
            "speechAct": "(단언) 진술하기",
            "morpheme": "축구/NNG+좋/VA+아/EC+하/VV+면/EC+유럽/NNP+에/JKB+축구/NNG+경기/NNG+보/VV+러/EC+가/VX+고/EC+싶/VX+겠/EP+당/XSN+키/NNG+키/XSV+ETN"
          },
          {
            "id": 2,
            "text": "2 : 어 진짜 평생에 한 번은 갈 수 있지 않을까?",
            "norm_text": "어 진짜 평생에 한 번은 갈 수 있지 않을까?",
            "speaker": {
              "id": "2번",
              "sex": "남성",
              "age": "20대"
            },
            "speechAct": "(지시) 질문하기",
            "morpheme": "어/IC+진짜/MAG+평생/NNG+에/JKB+한/MM+번/NNBC+은/JX+갈/VV+ETM+수/NNB+있/VV+지/EC+않/VX+을까/EF"
          },
          {
            "id": 3,
            "text": "1 : 키키 진짜 한번은 가야 할 텐데 난 유럽을 못 가봐서 ㅜㅜ",
            "norm_text": "키키 진짜 한번은 가야 할 텐데 난 유럽을 못 가봐서 ㅜㅜ",
            "speaker": {
              "id": "1번",
              "sex": "여성",
              "age": "20대"
            },
            "speechAct": "(단언) 주장하기",
            "morpheme": "키/NNG+키/XSV+ETN+진짜/MAG+한/MM+번/NNBC+은/JX+가/VV+야/EC+할/VX+ETM+텐데/NNB+VCP+EC+난/NP+JX+유럽/NNP+을/JKO+못/MAG+가/VV+봐서/EC+VX+EC+ㅜㅜ/UNKNOWN"
          },
          {
            "id": 4,
            "text": "2 : 유럽도 가면 진짜 재밌겠다... 할 게 많을 것 같애",
            "norm_text": "유럽도 가면 진짜 재밌겠다... 할 게 많을 것 같애",
            "speaker": {
              "id": "2번",
              "sex": "남성",
              "age": "20대"
            },
            "speechAct": "(단언) 주장하기",
            "morpheme": "유럽/NNP+도/JX+가/VV+면/EC+진짜/MAG+재밌/VA+겠/EP+다/EF+./SY+할/VV+ETM+게/NNB+JKS+많/VA+을/ETM+것/NNB+같/VA+애/EC"
          },
          {
            "id": 5,
            "text": "1 : 맞아 ㅜㅜ 어릴 때 갔다 올걸 이렇게 코로나가 터질 줄이야",
            "norm_text": "맞아 ㅜㅜ 어릴 때 갔다 올걸 이렇게 코로나가 터질 줄이야",
            "speaker": {
              "id": "1번",
              "sex": "여성",
              "age": "20대"
            },
            "speechAct": "(단언) 주장하기",
            "morpheme": "맞/VV+아/EC+ㅜㅜ/UNKNOWN+어릴/VA+ETM+때/NNG+갔다올/VV+ETM+걸/NNB+JKO+이렇게/MAG+코/NNG+로/JKB+나가/VV+EC+터질/VX+ETM+줄/NNB+이/VCP+야/EC"
          },
          {
            "id": 6,
            "text": "2 : 그니깐 이제 언제 갈 수 있을까?",
            "norm_text": "그니깐 이제 언제 갈 수 있을까?",
            "speaker": {
              "id": "2번",
              "sex": "남성",
              "age": "20대"
            },
            "speechAct": "(지시) 질문하기",
            "morpheme": "그니깐/MAJ+이제/MAG+언제/MAG+갈/VV+ETM+수/NNB+있/VV+을까/EF"
          },
          {
            "id": 7,
            "text": "1 : ㅜㅜ 이제 가도 옛날 같지 않을 것 같고",
            "norm_text": "ㅜㅜ 이제 가도 옛날 같지 않을 것 같고",
            "speaker": {
              "id": "1번",
              "sex": "여성",
              "age": "20대"
            },
            "speechAct": "(단언) 주장하기",
            "morpheme": "ㅜㅜ/UNKNOWN+이제/MAG+가/VV+도/EC+옛날/NNG+같/VA+지/EC+않/VX+을/ETM+것/NNB+같/VA+고/EC"
          },
          {
            "id": 8,
            "text": "2 : 그니깐... 문제가 있겠지?",
            "norm_text": "그니깐... 문제가 있겠지?",
            "speaker": {
              "id": "2번",
              "sex": "남성",
              "age": "20대"
            },
            "speechAct": "(지시) 질문하기",
            "morpheme": "그니깐/MAJ+./SY+문제/NNG+가/JKS+있/VA+겠/EP+지/EF"
          },
          {
            "id": 9,
            "text": "2 : ㅠㅠ 그치만 가고파",
            "norm_text": "ㅠㅠ 그치만 가고파",
            "speaker": {
              "id": "2번",
              "sex": "남성",
              "age": "20대"
            },
            "speechAct": "(단언) 주장하기",
            "morpheme": "ㅠㅠ그치만가고파/UNKNOWN"
          },
          {
            "id": 10,
            "text": "1 : 나도 ㅜㅜ 다음에 꼭 가야지 돈 모아 놔야지",
            "norm_text": "나도 ㅜㅜ 다음에 꼭 가야지 돈 모아 놔야지",
            "speaker": {
              "id": "1번",
              "sex": "여성",
              "age": "20대"
            },
            "speechAct": "(단언) 주장하기",
            "morpheme": "나/NP+도/JX+ㅜㅜ/UNKNOWN+다음/NNG+에/JKB+꼭/MAG+가/VV+야지/EC+돈/NNG+모아/VV+EC+놔야/VX+EC+VX+지/EC"
          },
          {
            "id": 11,
            "text": "2 : 돈... 은 어떻게 모으는 거죠? 키키",
            "norm_text": "돈... 은 어떻게 모으는 거죠? 키키",
            "speaker": {
              "id": "2번",
              "sex": "남성",
              "age": "20대"
            },
            "speechAct": "(지시) 질문하기",
            "morpheme": "돈/NNG+./SY+./SY+은/JX+어떻게/MAG+모으/VV+는/ETM+거/NNB+죠/VCP+EF+키/NNG+키/XSV+ETN"
          },
          {
            "id": 12,
            "text": "1 : 키키 오빠야 내가 묻고 싶은 말인데? 키키",
            "norm_text": "키키 오빠야 내가 묻고 싶은 말인데? 키키",
            "speaker": {
              "id": "1번",
              "sex": "여성",
              "age": "20대"
            },
            "speechAct": "(지시) 질문하기",
            "morpheme": "키/NNG+키/NNG+오빠/NNG+야/VCP+EF+내/NP+가/JKS+묻/VV+고/EC+싶/VX+은/ETM+말/NNG+인데/VCP+EC+?/SY+키/NNG+키/XSV+ETN"
          },
          {
            "id": 13,
            "text": "2 : 키키 일단 우리는 취업을 해보자",
            "norm_text": "키키 일단 우리는 취업을 해보자",
            "speaker": {
              "id": "2번",
              "sex": "남성",
              "age": "20대"
            },
            "speechAct": "(단언) 주장하기",
            "morpheme": "키/NNG+키/XSV+ETN+일단/MAG+우리/NP+는/JX+취업/NNG+을/JKO+해/VV+EC+보/VX+자/EC"
          },
          {
            "id": 14,
            "text": "1 : 키키 하... 취업을 해야 돈을 모으는데 그냥 누워 있고 싶네 키키",
            "norm_text": "키키 하... 취업을 해야 돈을 모으는데 그냥 누워 있고 싶네 키키",
            "speaker": {
              "id": "1번",
              "sex": "여성",
              "age": "20대"
            },
            "speechAct": "(단언) 주장하기",
            "morpheme": "키/NNG+키/NNG+하/XSV+./SY+./SY+취업/NNG+을/JKO+해야/VV+EC+돈/NNG+을/JKO+모으/VV+는데/EC+그냥/MAG+누워/VV+EC+있/VX+고/EC+싶/VX+네/EF+키/NNG+키/XSV+ETN"
          },
          {
            "id": 15,
            "text": "2 : 그니깐 나도 누워서 돈 모으고 싶다",
            "norm_text": "그니깐 나도 누워서 돈 모으고 싶다",
            "speaker": {
              "id": "2번",
              "sex": "남성",
              "age": "20대"
            },
            "speechAct": "(단언) 주장하기",
            "morpheme": "그니깐/MAJ+나/NP+도/JX+누워서/VV+EC+돈/NNG+모으/VV+고/EC+싶/VX+다/EC"
          },
          {
            "id": 16,
            "text": "1 : 오 뭐가 좋을까 키키 난 업비트 하는 중 키키",
            "norm_text": "오 뭐가 좋을까 키키 난 업비트 하는 중 키키",
            "speaker": {
              "id": "1번",
              "sex": "여성",
              "age": "20대"
            },
            "speechAct": "(단언) 진술하기",
            "morpheme": "오/IC+뭐/NP+가/JKS+좋/VA+을까/EC+키/NNG+키/NNG+난업/NNG+비트/NNG+하/XSV+는/ETM+중키/NNG+키/XSV+ETN"
          },
          {
            "id": 17,
            "text": "2 : 키키 업비트가 뭐야? 좀 알려도",
            "norm_text": "키키 업비트가 뭐야? 좀 알려도",
            "speaker": {
              "id": "2번",
              "sex": "남성",
              "age": "20대"
            },
            "speechAct": "(지시) 질문하기",
            "morpheme": "키/NNG+키/NNG+업/NNG+비트/NNG+가/JKS+뭐/NP+야/VCP+EF+좀/MAG+알려도/VV+EC"
          }
        ]
      }
    }
  ]
}