{
  "dataset": {
    "identifier": 69187,
    "name": "KAKAO_915_05_set",
    "src_path": "/data/file/cubeManager/PROJECT001/53/txt20211005155756057262/KAKAO_915_05_set/",
    "label_path": "/data/file/cubeManager/PROJECT001/53/txt20211005155756057262/KAKAO_915_05_set/",
    "category": 2,
    "type": 0
  },
  "licenses": {
    "name": "Apache License 1.0",
    "url": "http://www.apache.org/licenses/LICENSE-1.0"
  },
  "info": [
    {
      "id": 41842,
      "filename": "KAKAO_915_05.txt",
      "title": "KAKAO_915_05",
      "mediatype": "SNS",
      "medianame": "카카오톡",
      "category": "일상대화",
      "date": "2021-10-05",
      "size": 447,
      "annotations": {
        "subject": "군대",
        "speaker_type": "1:1",
        "size": 447,
        "word_size": 150,
        "text": "1 : 군대에서 군기 좀 잡는 사람이었나요? 키키\n2 : 있었지 없을 순 없을 것 같애 키키\n1 : 올 키키 무서웠으려나 상상이 안 되네 키키\n2 : 근데 뭐 또 생각하면 나가서도 저럴까 싶기도 했어\n1 : 아 진짜 어차피 사회 나가면 다 똑같은데 ㅜㅜ\n2 : 키키 그니깐 키키 근데 뭐 먼저 들어와서 좀 위라고 그러는 게 참\n1 : 맞아 다 거기서 또이또이인데 키키\n2 : 맞음 키키 그래서 나는 안 그러려고 노력하긴 했는데 모르지\n1 : 키키 그런데 또 거기 분위기가 그러니 그럴 수밖에 없을 것 같음\n2 : 맞다 근데 그러니깐 자꾸 반복인 것도 같고 ㅠㅠ\n1 : ㅜㅜ 진짜 그게 없어져야 할 텐데\n2 : 그러게 어떻게 하면 없어지려나...\n1 : 키키 진짜 어떻게 해야 하는데\n2 : 맞아 진짜 일단 젤 큰 문제야\n1 : 계속 세습되어 옴 잘못한 건 숨기고 정말\n2 : 맞다 근데 숨기는 게 지들도 잘못이라는 거 알 텐데",
        "lines": [
          {
            "id": 1,
            "text": "1 : 군대에서 군기 좀 잡는 사람이었나요? 키키",
            "norm_text": "군대에서 군기 좀 잡는 사람이었나요? 키키",
            "speaker": {
              "id": "1번",
              "sex": "여성",
              "age": "20대"
            },
            "speechAct": "(지시) 질문하기",
            "morpheme": "군대/NNG+에서/JKB+군기/NNG+좀/MAG+잡/VV+는/ETM+사람/NNG+이/VCP+었/EP+나요/EF+키/NNG+키/XSV+ETN"
          },
          {
            "id": 2,
            "text": "2 : 있었지 없을 순 없을 것 같애 키키",
            "norm_text": "있었지 없을 순 없을 것 같애 키키",
            "speaker": {
              "id": "2번",
              "sex": "남성",
              "age": "20대"
            },
            "speechAct": "(단언) 주장하기",
            "morpheme": "있/VA+었/EP+지/EC+없/VA+을/ETM+순/NNB+JX+없/VA+을/ETM+것/NNB+같/VA+애/EF+키/NNG+키/XSV+ETN"
          },
          {
            "id": 3,
            "text": "1 : 올 키키 무서웠으려나 상상이 안 되네 키키",
            "norm_text": "올 키키 무서웠으려나 상상이 안 되네 키키",
            "speaker": {
              "id": "1번",
              "sex": "여성",
              "age": "20대"
            },
            "speechAct": "(단언) 주장하기",
            "morpheme": "올키/NNG+키/XSV+ETN+무서웠/VA+EP+으려나/EC+상상/NNG+이/JKS+안/MAG+되/VV+네/EF+키/NNG+키/XSV+ETN"
          },
          {
            "id": 4,
            "text": "2 : 근데 뭐 또 생각하면 나가서도 저럴까 싶기도 했어",
            "norm_text": "근데 뭐 또 생각하면 나가서도 저럴까 싶기도 했어",
            "speaker": {
              "id": "2번",
              "sex": "남성",
              "age": "20대"
            },
            "speechAct": "(단언) 주장하기",
            "morpheme": "근데/MAJ+뭐/IC+또/MAG+생각/NNG+하/XSV+면/EC+나가/VX+서/EC+도/JX+저럴까/VV+EC+싶/VX+기/ETN+도/JX+했/VV+EP+어/EC"
          },
          {
            "id": 5,
            "text": "1 : 아 진짜 어차피 사회 나가면 다 똑같은데 ㅜㅜ",
            "norm_text": "아 진짜 어차피 사회 나가면 다 똑같은데 ㅜㅜ",
            "speaker": {
              "id": "1번",
              "sex": "여성",
              "age": "20대"
            },
            "speechAct": "(단언) 주장하기",
            "morpheme": "아/IC+진짜/MAG+어차피/MAG+사회/NNG+나가/VV+면/EC+다/MAG+똑같/VA+은데/EC+ㅜㅜ/UNKNOWN"
          },
          {
            "id": 6,
            "text": "2 : 키키 그니깐 키키 근데 뭐 먼저 들어와서 좀 위라고 그러는 게 참",
            "norm_text": "키키 그니깐 키키 근데 뭐 먼저 들어와서 좀 위라고 그러는 게 참",
            "speaker": {
              "id": "2번",
              "sex": "남성",
              "age": "20대"
            },
            "speechAct": "(단언) 주장하기",
            "morpheme": "키/NNG+키/XSV+ETN+그니깐/MAJ+키/NNG+키/XSV+ETN+근데/MAJ+뭐/IC+먼저/MAG+들어와서/VV+EC+좀/MAG+위/NNG+라고/VCP+EC+그러/VV+는/ETM+게/NNB+JKS+참/NNG"
          },
          {
            "id": 7,
            "text": "1 : 맞아 다 거기서 또이또이인데 키키",
            "norm_text": "맞아 다 거기서 또이또이인데 키키",
            "speaker": {
              "id": "1번",
              "sex": "여성",
              "age": "20대"
            },
            "speechAct": "(단언) 주장하기",
            "morpheme": "맞/VV+아다/EC+거기/NP+서/JKB+또/MAG+이/MM+또/MAG+이/NP+인데/VCP+EC+키/NNG+키/XSV+ETN"
          },
          {
            "id": 8,
            "text": "2 : 맞음 키키 그래서 나는 안 그러려고 노력하긴 했는데 모르지",
            "norm_text": "맞음 키키 그래서 나는 안 그러려고 노력하긴 했는데 모르지",
            "speaker": {
              "id": "2번",
              "sex": "남성",
              "age": "20대"
            },
            "speechAct": "(단언) 주장하기",
            "morpheme": "맞음/NNG+키/NNG+키/XSV+ETN+그래서/MAJ+나/NP+는/JX+안/MAG+그러/VV+려고/EC+노력/NNG+하/XSV+긴/ETN+JX+했/VX+EP+는데/EC+모르/VV+지/EC"
          },
          {
            "id": 9,
            "text": "1 : 키키 그런데 또 거기 분위기가 그러니 그럴 수밖에 없을 것 같음",
            "norm_text": "키키 그런데 또 거기 분위기가 그러니 그럴 수밖에 없을 것 같음",
            "speaker": {
              "id": "1번",
              "sex": "여성",
              "age": "20대"
            },
            "speechAct": "(단언) 주장하기",
            "morpheme": "키/NNG+키/XSV+ETN+그런데/MAJ+또/MAG+거기/NP+분위기/NNG+가/JKS+그러/VV+니/EC+그럴/VV+ETM+수/NNB+밖에/JX+없/VA+을/ETM+것/NNB+같/VA+음/ETN"
          },
          {
            "id": 10,
            "text": "2 : 맞다 근데 그러니깐 자꾸 반복인 것도 같고 ㅠㅠ",
            "norm_text": "맞다 근데 그러니깐 자꾸 반복인 것도 같고 ㅠㅠ",
            "speaker": {
              "id": "2번",
              "sex": "남성",
              "age": "20대"
            },
            "speechAct": "(단언) 주장하기",
            "morpheme": "맞/VV+다/EF+근데/MAJ+그러니깐/MAJ+자꾸/MAG+반복/NNG+인/VCP+ETM+것/NNB+도/JX+같/VA+고/EC+ㅠㅠ/UNKNOWN"
          },
          {
            "id": 11,
            "text": "1 : ㅜㅜ 진짜 그게 없어져야 할 텐데",
            "norm_text": "ㅜㅜ 진짜 그게 없어져야 할 텐데",
            "speaker": {
              "id": "1번",
              "sex": "여성",
              "age": "20대"
            },
            "speechAct": "(단언) 주장하기",
            "morpheme": "ㅜㅜ/UNKNOWN+진짜/MAG+그게/NP+JKS+없/VA+어/EC+져야/VX+EC+할/VX+ETM+텐데/NNB+VCP+EC"
          },
          {
            "id": 12,
            "text": "2 : 그러게 어떻게 하면 없어지려나...",
            "norm_text": "그러게 어떻게 하면 없어지려나...",
            "speaker": {
              "id": "2번",
              "sex": "남성",
              "age": "20대"
            },
            "speechAct": "(단언) 주장하기",
            "morpheme": "그러게/IC+어떻게/MAG+하/VV+면/EC+없/VA+어/EC+지/VX+려나/EF+./SY"
          },
          {
            "id": 13,
            "text": "1 : 키키 진짜 어떻게 해야 하는데",
            "norm_text": "키키 진짜 어떻게 해야 하는데",
            "speaker": {
              "id": "1번",
              "sex": "여성",
              "age": "20대"
            },
            "speechAct": "(단언) 주장하기",
            "morpheme": "키/NNG+키/XSV+ETN+진짜/MAG+어떻게/MAG+해야/VV+EC+하/VV+는데/EC"
          },
          {
            "id": 14,
            "text": "2 : 맞아 진짜 일단 젤 큰 문제야",
            "norm_text": "맞아 진짜 일단 젤 큰 문제야",
            "speaker": {
              "id": "2번",
              "sex": "남성",
              "age": "20대"
            },
            "speechAct": "(단언) 주장하기",
            "morpheme": "맞/VV+아/EC+진짜/MAG+일단/MAG+젤/MAG+큰/VA+ETM+문제/NNG+야/VCP+EF"
          },
          {
            "id": 15,
            "text": "1 : 계속 세습되어 옴 잘못한 건 숨기고 정말",
            "norm_text": "계속 세습되어 옴 잘못한 건 숨기고 정말",
            "speaker": {
              "id": "1번",
              "sex": "여성",
              "age": "20대"
            },
            "speechAct": "(단언) 주장하기",
            "morpheme": "계속/MAG+세습/NNG+되/XSV+어/EC+옴/VX+ETN+잘못/MAG+한/XSA+ETM+건/NNB+JX+숨기/VV+고/EC+정말/MAG"
          },
          {
            "id": 16,
            "text": "2 : 맞다 근데 숨기는 게 지들도 잘못이라는 거 알 텐데",
            "norm_text": "맞다 근데 숨기는 게 지들도 잘못이라는 거 알 텐데",
            "speaker": {
              "id": "2번",
              "sex": "남성",
              "age": "20대"
            },
            "speechAct": "(단언) 주장하기",
            "morpheme": "맞/VV+다/EF+근데/MAJ+숨기/VV+는/ETM+게지/NNG+들/XSN+도/JX+잘못/MAG+이/VCP+라는/ETM+거/NNB+알/VV+ETM+텐데/NNB+VCP+EC"
          }
        ]
      }
    }
  ]
}