{
  "dataset": {
    "identifier": 56724,
    "name": "KAKAO_913_10_set",
    "src_path": "/data/file/cubeManager/PROJECT001/53/txt202110051614160146105/KAKAO_913_10_set/",
    "label_path": "/data/file/cubeManager/PROJECT001/53/txt202110051614160146105/KAKAO_913_10_set/",
    "category": 2,
    "type": 0
  },
  "licenses": {
    "name": "Apache License 1.0",
    "url": "http://www.apache.org/licenses/LICENSE-1.0"
  },
  "info": [
    {
      "id": 42007,
      "filename": "KAKAO_913_10.txt",
      "title": "KAKAO_913_10",
      "mediatype": "SNS",
      "medianame": "카카오톡",
      "category": "일상대화",
      "date": "2021-10-05",
      "size": 439,
      "annotations": {
        "subject": "스포츠/레저",
        "speaker_type": "1:1",
        "size": 439,
        "word_size": 147,
        "text": "1 : 언니 요즘 공설 운동장에서 자주 보인다며?\n2 : 맞아 키키 나 요즘 인라인 타\n1 : 정말? 인라인은 알투비트에서만 타는 줄 알았는데 키키\n2 : 어릴 때 탔던 게 생각나서 한번 구입해봤어 키키\n1 : 정말?... 언니 운동이라고는 숨쉬기밖에 안 하잖아\n2 : 그래서 다들 놀래긴 해\n2 : 그래두 재밌어\n1 : 그러게 너무 놀랍다 정말\n1 : 보호구는 끼고 해?\n2 : 보호구 해야 되는데 나는 다쳐도 괜찮아... 하하\n1 : 언니 나이가 몇인데 다치면 이젠 큰일 나!\n2 : 재생이 안돼 키키\n2 : 성인용 인라인 짱 빨라\n1 : 아 정말? 애기 꺼는 브레이크 달려있잖아\n2 : 브레이크가 안 먹혀서 한번 죽을 뻔했어 키키\n1 : 헐 키키 목숨 걸고 타네 미쳤다\n2 : 그래도 지금 날씨가 좋아서 타기 딱 좋아\n1 : 아 맞네 키키\n1 : 다음에 나 한번 타봐도 돼?\n2 : 웅 다음에 같이 타러 가자 키키",
        "lines": [
          {
            "id": 1,
            "text": "1 : 언니 요즘 공설 운동장에서 자주 보인다며?",
            "norm_text": "언니 요즘 공설 운동장에서 자주 보인다며?",
            "speaker": {
              "id": "1번",
              "sex": "여성",
              "age": "20대"
            },
            "speechAct": "(지시) 질문하기",
            "morpheme": "언니/NNG+요즘/NNG+공설/NNG+운동장/NNG+에서/JKB+자주/MAG+보인다며/VV+EC"
          },
          {
            "id": 2,
            "text": "2 : 맞아 키키 나 요즘 인라인 타",
            "norm_text": "맞아 키키 나 요즘 인라인 타",
            "speaker": {
              "id": "2번",
              "sex": "여성",
              "age": "20대"
            },
            "speechAct": "(단언) 진술하기",
            "morpheme": "맞/VV+아/EC+키/NNG+키나/XSA+ETN+JX+요즘/MAG+인라인/NNG+타/XSV+EC"
          },
          {
            "id": 3,
            "text": "1 : 정말? 인라인은 알투비트에서만 타는 줄 알았는데 키키",
            "norm_text": "정말? 인라인은 알투비트에서만 타는 줄 알았는데 키키",
            "speaker": {
              "id": "1번",
              "sex": "여성",
              "age": "20대"
            },
            "speechAct": "(단언) 주장하기",
            "morpheme": "정말/MAG+인라인/NNG+은/JX+알투비트/NNP+에서/JKB+만/JX+타/VV+는/ETM+줄/NNB+알/VV+았/EP+는데/EC+키/NNG+키/XSV+ETN"
          },
          {
            "id": 4,
            "text": "2 : 어릴 때 탔던 게 생각나서 한번 구입해봤어 키키",
            "norm_text": "어릴 때 탔던 게 생각나서 한번 구입해봤어 키키",
            "speaker": {
              "id": "2번",
              "sex": "여성",
              "age": "20대"
            },
            "speechAct": "(단언) 진술하기",
            "morpheme": "어릴/VA+ETM+때/NNG+탔/VV+EP+던/ETM+게/NNB+JKS+생각/NNG+나/NP+서/JKB+한/MM+번/NNBC+구입/NNG+해/XSV+EC+봤/VX+EP+어/EC+키/NNG+키/XSV+ETN"
          },
          {
            "id": 5,
            "text": "1 : 정말?... 언니 운동이라고는 숨쉬기밖에 안 하잖아",
            "norm_text": "정말?... 언니 운동이라고는 숨쉬기밖에 안 하잖아",
            "speaker": {
              "id": "1번",
              "sex": "여성",
              "age": "20대"
            },
            "speechAct": "(지시) 질문하기",
            "morpheme": "정말/MAG+./SY+./SY+언니/NNG+운동/NNG+이/VCP+라고/EC+는/JX+숨쉬기/NNG+밖에/JX+안/MAG+하/VV+잖아/EC"
          },
          {
            "id": 6,
            "text": "2 : 그래서 다들 놀래긴 해",
            "norm_text": "그래서 다들 놀래긴 해",
            "speaker": {
              "id": "2번",
              "sex": "여성",
              "age": "20대"
            },
            "speechAct": "(단언) 진술하기",
            "morpheme": "그래서/MAJ+다/MAG+들/XSN+놀래/VV+긴/ETN+JX+해/VX+EC"
          },
          {
            "id": 7,
            "text": "2 : 그래두 재밌어",
            "norm_text": "그래두 재밌어",
            "speaker": {
              "id": "2번",
              "sex": "여성",
              "age": "20대"
            },
            "speechAct": "(단언) 주장하기",
            "morpheme": "그래두/MAJ+재밌/VA+어/EC"
          },
          {
            "id": 8,
            "text": "1 : 그러게 너무 놀랍다 정말",
            "norm_text": "그러게 너무 놀랍다 정말",
            "speaker": {
              "id": "1번",
              "sex": "여성",
              "age": "20대"
            },
            "speechAct": "(단언) 주장하기",
            "morpheme": "그러게/IC+너무/MAG+놀랍/VA+다/EF+정말/MAG"
          },
          {
            "id": 9,
            "text": "1 : 보호구는 끼고 해?",
            "norm_text": "보호구는 끼고 해?",
            "speaker": {
              "id": "1번",
              "sex": "여성",
              "age": "20대"
            },
            "speechAct": "(지시) 질문하기",
            "morpheme": "보호구/NNG+는/JX+끼/VV+고/EC+해/VX+EF"
          },
          {
            "id": 10,
            "text": "2 : 보호구 해야 되는데 나는 다쳐도 괜찮아... 하하",
            "norm_text": "보호구 해야 되는데 나는 다쳐도 괜찮아... 하하",
            "speaker": {
              "id": "2번",
              "sex": "여성",
              "age": "20대"
            },
            "speechAct": "(단언) 주장하기",
            "morpheme": "보호구/NNG+해야/XSV+EC+되/VV+는데/EC+나/NP+는/JX+다쳐/VV+EC+도/JX+괜찮/VA+아/EF+./SY+하하/MAG"
          },
          {
            "id": 11,
            "text": "1 : 언니 나이가 몇인데 다치면 이젠 큰일 나!",
            "norm_text": "언니 나이가 몇인데 다치면 이젠 큰일 나!",
            "speaker": {
              "id": "1번",
              "sex": "여성",
              "age": "20대"
            },
            "speechAct": "(단언) 주장하기",
            "morpheme": "언니/NNG+나이/NNG+가/JKS+몇/NR+인데/VCP+EC+다치/VV+면/EC+이젠/NNG+JX+큰일나/VV+EC"
          },
          {
            "id": 12,
            "text": "2 : 재생이 안돼 키키",
            "norm_text": "재생이 안돼 키키",
            "speaker": {
              "id": "2번",
              "sex": "여성",
              "age": "20대"
            },
            "speechAct": "(단언) 주장하기",
            "morpheme": "재생/NNG+이/JKS+안/MAG+돼/VV+EC+키/NNG+키/XSV+ETN"
          },
          {
            "id": 13,
            "text": "2 : 성인용 인라인 짱 빨라",
            "norm_text": "성인용 인라인 짱 빨라",
            "speaker": {
              "id": "2번",
              "sex": "여성",
              "age": "20대"
            },
            "speechAct": "(단언) 진술하기",
            "morpheme": "성인/NNG+용/XSN+인라인/NNG+짱/NNG+빨라/VA+EC"
          },
          {
            "id": 14,
            "text": "1 : 아 정말? 애기 꺼는 브레이크 달려있잖아",
            "norm_text": "아 정말? 애기 꺼는 브레이크 달려있잖아",
            "speaker": {
              "id": "1번",
              "sex": "여성",
              "age": "20대"
            },
            "speechAct": "(단언) 진술하기",
            "morpheme": "아/IC+정말/MAG+애기/NNG+꺼/VV+는/ETM+브레이크/NNG+달려/VV+EC+있/VX+잖아/EC"
          },
          {
            "id": 15,
            "text": "2 : 브레이크가 안 먹혀서 한번 죽을 뻔했어 키키",
            "norm_text": "브레이크가 안 먹혀서 한번 죽을 뻔했어 키키",
            "speaker": {
              "id": "2번",
              "sex": "여성",
              "age": "20대"
            },
            "speechAct": "(단언) 진술하기",
            "morpheme": "브레이크/NNG+가/JKS+안/MAG+먹혀서/VV+EC+한/MM+번/NNBC+죽/VV+을/ETM+뻔/NNB+했/XSA+EP+어/EC+키/NNG+키/XSV+ETN"
          },
          {
            "id": 16,
            "text": "1 : 헐 키키 목숨 걸고 타네 미쳤다",
            "norm_text": "헐 키키 목숨 걸고 타네 미쳤다",
            "speaker": {
              "id": "1번",
              "sex": "여성",
              "age": "20대"
            },
            "speechAct": "(단언) 주장하기",
            "morpheme": "헐/IC+키/NNG+키/XSV+ETN+목숨걸/VV+고/EC+타/VV+네/EF+미쳤/VV+EP+다/EC"
          },
          {
            "id": 17,
            "text": "2 : 그래도 지금 날씨가 좋아서 타기 딱 좋아",
            "norm_text": "그래도 지금 날씨가 좋아서 타기 딱 좋아",
            "speaker": {
              "id": "2번",
              "sex": "여성",
              "age": "20대"
            },
            "speechAct": "(단언) 주장하기",
            "morpheme": "그래도/MAJ+지금/MAG+날씨/NNG+가/JKS+좋/VA+아서/EC+타/VV+기/ETN+딱/MAG+좋/VA+아/EC"
          },
          {
            "id": 18,
            "text": "1 : 아 맞네 키키",
            "norm_text": "아 맞네 키키",
            "speaker": {
              "id": "1번",
              "sex": "여성",
              "age": "20대"
            },
            "speechAct": "(단언) 주장하기",
            "morpheme": "아/IC+맞/VV+네/EF+키/NNG+키/XSV+ETN"
          },
          {
            "id": 19,
            "text": "1 : 다음에 나 한번 타봐도 돼?",
            "norm_text": "다음에 나 한번 타봐도 돼?",
            "speaker": {
              "id": "1번",
              "sex": "여성",
              "age": "20대"
            },
            "speechAct": "(지시) 질문하기",
            "morpheme": "다음/NNG+에/JKB+나/JX+한/MM+번/NNBC+타/VV+봐도/EC+VX+EC+돼/VV+EF"
          },
          {
            "id": 20,
            "text": "2 : 웅 다음에 같이 타러 가자 키키",
            "norm_text": "웅 다음에 같이 타러 가자 키키",
            "speaker": {
              "id": "2번",
              "sex": "여성",
              "age": "20대"
            },
            "speechAct": "(지시) 충고/제안하기",
            "morpheme": "웅/IC+다음/NNG+에/JKB+같이/MAG+타/VV+러/EC+가/JKS+자키/NNG+키/XSV+ETN"
          }
        ]
      }
    }
  ]
}