{
  "dataset": {
    "identifier": 63565,
    "name": "KAKAO_914_15_set",
    "src_path": "/data/file/cubeManager/PROJECT001/53/txt20211005161430080252/KAKAO_914_15_set/",
    "label_path": "/data/file/cubeManager/PROJECT001/53/txt20211005161430080252/KAKAO_914_15_set/",
    "category": 2,
    "type": 0
  },
  "licenses": {
    "name": "Apache License 1.0",
    "url": "http://www.apache.org/licenses/LICENSE-1.0"
  },
  "info": [
    {
      "id": 42032,
      "filename": "KAKAO_914_15.txt",
      "title": "KAKAO_914_15",
      "mediatype": "SNS",
      "medianame": "카카오톡",
      "category": "일상대화",
      "date": "2021-10-05",
      "size": 522,
      "annotations": {
        "subject": "타 국가 이슈",
        "speaker_type": "1:1",
        "size": 522,
        "word_size": 169,
        "text": "1 : 싱가포르 위드코로나 한다고 했는데 하루 확진자 1,000명 넘었네\n2 : 와우 싱가포르가?\n2 : 거기 방역 잘할 거 같은 이미지였는데\n1 : 옹 그런데 사망률도 줄고 이게 성공하면 진짜 좋겠다\n2 : 진짜 이제 좀 잠잠해 졌으면 ㅠㅠ\n2 : 진짜 타노스가 나타난 것도 아니고...\n1 : 그러니까 너무 전염이 심하니까 그런데 아예 없앨 수도 없고\n2 : 마스크 평생 안고 가기엔 너무 답답한데\n1 : 그러니까 그냥 감기처럼 같이 가야지 뭐\n2 : 키키 와우... 정말 하... 대학생 때가 그리움\n2 : 캠퍼스에서 마스크 안 끼고 돌아다녔을 때\n1 : 진짜 이제 마스크 벗는 게 어색 키키\n2 : 키키 마스크로 좋았던 점 딱 하나\n1 : 키키 마스크 쓰고 욕할 수 있어서 좋았는데\n2 : 회사 다닐 때 사무실에서 나만 마스크 꼈거든\n2 : 표정 개구려도 상관 없는 거\n1 : 키키 맞아 표시가 안 나니까\n2 : 표정 관리 1도 안 했음 키키\n1 : 진짜 그게 좋지 그리고 여자들은 또 화장도 안 해도 되고\n2 : 맞아 맞아 키키 비록 피부 트러블은 일어났지만",
        "lines": [
          {
            "id": 1,
            "text": "1 : 싱가포르 위드코로나 한다고 했는데 하루 확진자 1,000명 넘었네",
            "norm_text": "싱가포르 위드코로나 한다고 했는데 하루 확진자 1,000명 넘었네",
            "speaker": {
              "id": "1번",
              "sex": "남성",
              "age": "20대"
            },
            "speechAct": "(단언) 진술하기",
            "morpheme": "싱가포르/NNP+위드/NNP+코로나/NNG+한다고/XSV+EC+했/VX+EP+는데/EC+하루/NNG+확진/NNG+자/XSN+1/SN+,/SC+000/SN+명/NNBC+넘/VV+었/EP+네/EF"
          },
          {
            "id": 2,
            "text": "2 : 와우 싱가포르가?",
            "norm_text": "와우 싱가포르가?",
            "speaker": {
              "id": "2번",
              "sex": "여성",
              "age": "20대"
            },
            "speechAct": "(지시) 질문하기",
            "morpheme": "와우/IC+싱가포르/NNP+가/JKS"
          },
          {
            "id": 3,
            "text": "2 : 거기 방역 잘할 거 같은 이미지였는데",
            "norm_text": "거기 방역 잘할 거 같은 이미지였는데",
            "speaker": {
              "id": "2번",
              "sex": "여성",
              "age": "20대"
            },
            "speechAct": "(단언) 주장하기",
            "morpheme": "거기/NP+방역/NNG+잘/MAG+할/VV+ETM+거/NNB+같/VA+은/ETM+이미지/NNG+였/VCP+EP+는데/EC"
          },
          {
            "id": 4,
            "text": "1 : 옹 그런데 사망률도 줄고 이게 성공하면 진짜 좋겠다",
            "norm_text": "옹 그런데 사망률도 줄고 이게 성공하면 진짜 좋겠다",
            "speaker": {
              "id": "1번",
              "sex": "남성",
              "age": "20대"
            },
            "speechAct": "(단언) 주장하기",
            "morpheme": "옹/NNG+그런데/MAJ+사망/NNG+률/XSN+도/JX+줄/VV+고/EC+이게/NP+JKS+성공/NNG+하/XSV+면/EC+진짜/MAG+좋/VA+겠/EP+다/EC"
          },
          {
            "id": 5,
            "text": "2 : 진짜 이제 좀 잠잠해 졌으면 ㅠㅠ",
            "norm_text": "진짜 이제 좀 잠잠해 졌으면 ㅠㅠ",
            "speaker": {
              "id": "2번",
              "sex": "여성",
              "age": "20대"
            },
            "speechAct": "(단언) 주장하기",
            "morpheme": "진짜/MAG+이제/MAG+좀/MAG+잠잠/XR+해졌으면/XSA+EC+VX+EP+EC+ㅠㅠ/UNKNOWN"
          },
          {
            "id": 6,
            "text": "2 : 진짜 타노스가 나타난 것도 아니고...",
            "norm_text": "진짜 타노스가 나타난 것도 아니고...",
            "speaker": {
              "id": "2번",
              "sex": "여성",
              "age": "20대"
            },
            "speechAct": "(단언) 주장하기",
            "morpheme": "진짜/MAG+타노스/NNP+가/JKS+나타난/VV+ETM+것/NNB+도/JX+아니/VCN+고/EC+./SY+./SY"
          },
          {
            "id": 7,
            "text": "1 : 그러니까 너무 전염이 심하니까 그런데 아예 없앨 수도 없고",
            "norm_text": "그러니까 너무 전염이 심하니까 그런데 아예 없앨 수도 없고",
            "speaker": {
              "id": "1번",
              "sex": "남성",
              "age": "20대"
            },
            "speechAct": "(단언) 주장하기",
            "morpheme": "그러니까/MAJ+너무/MAG+전염/NNG+이/JKS+심하/VA+니까/EC+그런데/MAJ+아예/MAG+없앨/VV+ETM+수/NNB+도/JX+없/VA+고/EC"
          },
          {
            "id": 8,
            "text": "2 : 마스크 평생 안고 가기엔 너무 답답한데",
            "norm_text": "마스크 평생 안고 가기엔 너무 답답한데",
            "speaker": {
              "id": "2번",
              "sex": "여성",
              "age": "20대"
            },
            "speechAct": "(단언) 주장하기",
            "morpheme": "마스크/IC+평생/MAG+안/VV+고/EC+가/VX+기/ETN+엔/JKB+JX+너무/MAG+답답/XR+한데/XSA+EC"
          },
          {
            "id": 9,
            "text": "1 : 그러니까 그냥 감기처럼 같이 가야지 뭐",
            "norm_text": "그러니까 그냥 감기처럼 같이 가야지 뭐",
            "speaker": {
              "id": "1번",
              "sex": "남성",
              "age": "20대"
            },
            "speechAct": "(단언) 주장하기",
            "morpheme": "그러니까/MAJ+그냥/MAG+감기/NNG+처럼/JKB+같이/MAG+가/VV+야지/EF+뭐/IC"
          },
          {
            "id": 10,
            "text": "2 : 키키 와우... 정말 하... 대학생 때가 그리움",
            "norm_text": "키키 와우... 정말 하... 대학생 때가 그리움",
            "speaker": {
              "id": "2번",
              "sex": "여성",
              "age": "20대"
            },
            "speechAct": "(단언) 주장하기",
            "morpheme": "키/NNG+키/XSV+ETN+와우/IC+./SY+정말/MAG+하/XSA+./SY+대학생/NNG+때/NNG+가/JKS+그리움/NNG"
          },
          {
            "id": 11,
            "text": "2 : 캠퍼스에서 마스크 안 끼고 돌아다녔을 때",
            "norm_text": "캠퍼스에서 마스크 안 끼고 돌아다녔을 때",
            "speaker": {
              "id": "2번",
              "sex": "여성",
              "age": "20대"
            },
            "speechAct": "(단언) 진술하기",
            "morpheme": "캠퍼스/NNG+에서/JKB+마스크/NNG+안/MAG+끼/VV+고/EC+돌아다녔/VV+EP+을/ETM+때/NNG"
          },
          {
            "id": 12,
            "text": "1 : 진짜 이제 마스크 벗는 게 어색 키키",
            "norm_text": "진짜 이제 마스크 벗는 게 어색 키키",
            "speaker": {
              "id": "1번",
              "sex": "남성",
              "age": "20대"
            },
            "speechAct": "(단언) 주장하기",
            "morpheme": "진짜/MAG+이제/MAG+마스크/IC+벗/VV+는/ETM+게/NNB+JKS+어색/NNG+키/NNG+키/XSV+ETN"
          },
          {
            "id": 13,
            "text": "2 : 키키 마스크로 좋았던 점 딱 하나",
            "norm_text": "키키 마스크로 좋았던 점 딱 하나",
            "speaker": {
              "id": "2번",
              "sex": "여성",
              "age": "20대"
            },
            "speechAct": "(단언) 진술하기",
            "morpheme": "키/NNG+키/NNG+마스크/NNG+로/JKB+좋/VA+았/EP+던/ETM+점/NNB+딱/MAG+하나/NR"
          },
          {
            "id": 14,
            "text": "1 : 키키 마스크 쓰고 욕할 수 있어서 좋았는데",
            "norm_text": "키키 마스크 쓰고 욕할 수 있어서 좋았는데",
            "speaker": {
              "id": "1번",
              "sex": "남성",
              "age": "20대"
            },
            "speechAct": "(단언) 주장하기",
            "morpheme": "키/NNG+키/NNG+마스크/NNG+쓰/VV+고/EC+욕할/VV+ETM+수/NNB+있/VV+어서/EC+좋/VA+았/EP+는데/EC"
          },
          {
            "id": 15,
            "text": "2 : 회사 다닐 때 사무실에서 나만 마스크 꼈거든",
            "norm_text": "회사 다닐 때 사무실에서 나만 마스크 꼈거든",
            "speaker": {
              "id": "2번",
              "sex": "여성",
              "age": "20대"
            },
            "speechAct": "(단언) 진술하기",
            "morpheme": "회사/NNG+다닐/VV+ETM+때/NNG+사무실/NNG+에서/JKB+나/NP+만/JX+마스크/NNG+꼈/VV+EP+거든/EC"
          },
          {
            "id": 16,
            "text": "2 : 표정 개구려도 상관 없는 거",
            "norm_text": "표정 개구려도 상관 없는 거",
            "speaker": {
              "id": "2번",
              "sex": "여성",
              "age": "20대"
            },
            "speechAct": "(단언) 진술하기",
            "morpheme": "표정/NNG+개/NNBC+구려/NNG+도/JX+상관없/VA+는/ETM+거/NNB"
          },
          {
            "id": 17,
            "text": "1 : 키키 맞아 표시가 안 나니까",
            "norm_text": "키키 맞아 표시가 안 나니까",
            "speaker": {
              "id": "1번",
              "sex": "남성",
              "age": "20대"
            },
            "speechAct": "(단언) 진술하기",
            "morpheme": "키/NNG+키/XSV+ETN+맞/VV+아/EC+표시/NNG+가/JKS+안/MAG+나/VV+니까/EC"
          },
          {
            "id": 18,
            "text": "2 : 표정 관리 1도 안 했음 키키",
            "norm_text": "표정 관리 1도 안 했음 키키",
            "speaker": {
              "id": "2번",
              "sex": "여성",
              "age": "20대"
            },
            "speechAct": "(단언) 진술하기",
            "morpheme": "표정/NNG+관리/NNG+1/SN+도안/NNG+했/XSV+EP+음/ETN+키/NNG+키/XSV+ETN"
          },
          {
            "id": 19,
            "text": "1 : 진짜 그게 좋지 그리고 여자들은 또 화장도 안 해도 되고",
            "norm_text": "진짜 그게 좋지 그리고 여자들은 또 화장도 안 해도 되고",
            "speaker": {
              "id": "1번",
              "sex": "남성",
              "age": "20대"
            },
            "speechAct": "(단언) 주장하기",
            "morpheme": "진짜/MAG+그게/NP+JKS+좋/VA+지/EF+그리고/MAJ+여자/NNG+들/XSN+은/JX+또/MAG+화장/NNG+도/JX+안/MAG+해도/VV+EC+되/VV+고/EC"
          },
          {
            "id": 20,
            "text": "2 : 맞아 맞아 키키 비록 피부 트러블은 일어났지만",
            "norm_text": "맞아 맞아 키키 비록 피부 트러블은 일어났지만",
            "speaker": {
              "id": "2번",
              "sex": "여성",
              "age": "20대"
            },
            "speechAct": "(단언) 주장하기",
            "morpheme": "맞/VV+아/EC+맞/VV+아/EC+키/NNG+키/XSV+ETN+비록/MAG+피부/NNG+트러블/NNG+은/JX+일어났/VV+EP+지만/EC"
          }
        ]
      }
    }
  ]
}