{
  "dataset": {
    "identifier": 63504,
    "name": "KAKAO_909_17_set",
    "src_path": "/data/file/cubeManager/PROJECT001/53/txt20211005154109090473/KAKAO_909_17_set/",
    "label_path": "/data/file/cubeManager/PROJECT001/53/txt20211005154109090473/KAKAO_909_17_set/",
    "category": 2,
    "type": 0
  },
  "licenses": {
    "name": "Apache License 1.0",
    "url": "http://www.apache.org/licenses/LICENSE-1.0"
  },
  "info": [
    {
      "id": 41594,
      "filename": "KAKAO_909_17.txt",
      "title": "KAKAO_909_17",
      "mediatype": "SNS",
      "medianame": "카카오톡",
      "category": "일상대화",
      "date": "2021-10-05",
      "size": 412,
      "annotations": {
        "subject": "건강",
        "speaker_type": "1:1",
        "size": 412,
        "word_size": 131,
        "text": "1 : 이번 년도에 건강 검진 받았어?\n2 : 아니? 어떤 건강 검진?\n1 : 올해가 태어난 년도 끝자리가 홀수인 사람들 건강 검진 무료거든\n2 : 아 진짜? 나도 올해 그럼 받아야겠네\n1 : 응응 난 2주 전엔가 받아서 결과 받았어 키키\n2 : 오 건강하다고 나왔어?\n1 : 다 좋게 나왔는데 복부 비만이 아쉽네 키키\n2 : 그건 뭐 운동해서 살 빼면 되는 거지~\n1 : 근데 나 생각보다 혈관 나이가 좋게 나와서 기분이 좋더라고\n2 : 오 몇 살로 나왔어?\n1 : 나 22살 키키 심혈관질환 걸릴 확률이 0.7배래\n2 : 언니 생각보다 건강하잖아?\n1 : 나도 내가 허약한 체질이라고 생각했는데 건강하게 나와서 신기했어\n2 : 그럼 나도 추석 지나고 건강 검진 받으러 가봐야겠다\n1 : 응응 무료니까 검사 꼭 받아!\n2 : 알겠어 키키 나도 받고 나서 알려줄게",
        "lines": [
          {
            "id": 1,
            "text": "1 : 이번 년도에 건강 검진 받았어?",
            "norm_text": "이번 년도에 건강 검진 받았어?",
            "speaker": {
              "id": "1번",
              "sex": "여성",
              "age": "20대"
            },
            "speechAct": "(지시) 질문하기",
            "morpheme": "이번/NNG+년/NNB+도/NNG+에/JKB+건강/NNG+검진/NNG+받/VV+았/EP+어/EF"
          },
          {
            "id": 2,
            "text": "2 : 아니? 어떤 건강 검진?",
            "norm_text": "아니? 어떤 건강 검진?",
            "speaker": {
              "id": "2번",
              "sex": "여성",
              "age": "20대"
            },
            "speechAct": "(지시) 질문하기",
            "morpheme": "아니/IC+어떤/MM+건강/NNG+검진/NNG"
          },
          {
            "id": 3,
            "text": "1 : 올해가 태어난 년도 끝자리가 홀수인 사람들 건강 검진 무료거든",
            "norm_text": "올해가 태어난 년도 끝자리가 홀수인 사람들 건강 검진 무료거든",
            "speaker": {
              "id": "1번",
              "sex": "여성",
              "age": "20대"
            },
            "speechAct": "(단언) 진술하기",
            "morpheme": "올해/NNG+가/JKS+태어난/VV+ETM+년/NNB+도/JX+끝/NNG+자리/NNG+가/JKS+홀수/NNG+인/VCP+ETM+사람/NNG+들/XSN+건강/NNG+검진/NNG+무료/NNG+거든/VCP+EC"
          },
          {
            "id": 4,
            "text": "2 : 아 진짜? 나도 올해 그럼 받아야겠네",
            "norm_text": "아 진짜? 나도 올해 그럼 받아야겠네",
            "speaker": {
              "id": "2번",
              "sex": "여성",
              "age": "20대"
            },
            "speechAct": "(단언) 주장하기",
            "morpheme": "아/IC+진짜/MAG+나/NP+도/JX+올해/NNG+그럼/MAJ+받/VV+아야/EC+겠/EP+네/EF"
          },
          {
            "id": 5,
            "text": "1 : 응응 난 2주 전엔가 받아서 결과 받았어 키키",
            "norm_text": "응응 난 2주 전엔가 받아서 결과 받았어 키키",
            "speaker": {
              "id": "1번",
              "sex": "여성",
              "age": "20대"
            },
            "speechAct": "(단언) 진술하기",
            "morpheme": "응/IC+응/IC+난/NP+JX+2/SN+주전/NNG+엔가/JKB+VCP+EC+받/VV+아서/EC+결과/NNG+받/VV+았/EP+어/EC+키/NNG+키/XSV+ETN"
          },
          {
            "id": 6,
            "text": "2 : 오 건강하다고 나왔어?",
            "norm_text": "오 건강하다고 나왔어?",
            "speaker": {
              "id": "2번",
              "sex": "여성",
              "age": "20대"
            },
            "speechAct": "(지시) 질문하기",
            "morpheme": "오/NR+건강/NNG+하/XSV+다고/EC+나왔/VV+EP+어/EF"
          },
          {
            "id": 7,
            "text": "1 : 다 좋게 나왔는데 복부 비만이 아쉽네 키키",
            "norm_text": "다 좋게 나왔는데 복부 비만이 아쉽네 키키",
            "speaker": {
              "id": "1번",
              "sex": "여성",
              "age": "20대"
            },
            "speechAct": "(단언) 주장하기",
            "morpheme": "다/MAG+좋/VA+게/EC+나왔/VV+EP+는데/EC+복부비만/NNP+이/JKS+아쉽/VA+네/EF+키/NNG+키/XSV+ETN"
          },
          {
            "id": 8,
            "text": "2 : 그건 뭐 운동해서 살 빼면 되는 거지~",
            "norm_text": "그건 뭐 운동해서 살 빼면 되는 거지~",
            "speaker": {
              "id": "2번",
              "sex": "여성",
              "age": "20대"
            },
            "speechAct": "(단언) 진술하기",
            "morpheme": "그건/NP+JX+뭐/IC+운동/NNG+해서/XSV+EC+살빼/VV+면/EC+되/VV+는/ETM+거/NNB+지/VCP+EC+~/SY"
          },
          {
            "id": 9,
            "text": "1 : 근데 나 생각보다 혈관 나이가 좋게 나와서 기분이 좋더라고",
            "norm_text": "근데 나 생각보다 혈관 나이가 좋게 나와서 기분이 좋더라고",
            "speaker": {
              "id": "1번",
              "sex": "여성",
              "age": "20대"
            },
            "speechAct": "(단언) 주장하기",
            "morpheme": "근데/MAJ+나/NP+생각/NNG+보다/JKB+혈관/NNG+나이/NNG+가/JKS+좋/VA+게/EC+나와서/VV+EC+기분/NNG+이/JKS+좋/VA+더라고/EC"
          },
          {
            "id": 10,
            "text": "2 : 오 몇 살로 나왔어?",
            "norm_text": "오 몇 살로 나왔어?",
            "speaker": {
              "id": "2번",
              "sex": "여성",
              "age": "20대"
            },
            "speechAct": "(지시) 질문하기",
            "morpheme": "오/NR+몇/MM+살/NNBC+로/JKB+나왔/VV+EP+어/EF"
          },
          {
            "id": 11,
            "text": "1 : 나 22살 키키 심혈관질환 걸릴 확률이 0.7배래",
            "norm_text": "나 22살 키키 심혈관질환 걸릴 확률이 0.7배래",
            "speaker": {
              "id": "1번",
              "sex": "여성",
              "age": "20대"
            },
            "speechAct": "(단언) 진술하기",
            "morpheme": "나/NP+22/SN+살/NNBC+키/NNG+키/VV+심/EP+ETN+혈관/NNG+질환/NNG+걸릴/VV+ETM+확률/NNG+이/JKS+0/SN+./SY+7/SN+배래/NNG"
          },
          {
            "id": 12,
            "text": "2 : 언니 생각보다 건강하잖아?",
            "norm_text": "언니 생각보다 건강하잖아?",
            "speaker": {
              "id": "2번",
              "sex": "여성",
              "age": "20대"
            },
            "speechAct": "(지시) 질문하기",
            "morpheme": "언니/NNG+생각/NNG+보다/JKB+건강/NNG+하/XSV+잖아/EC+VX+EF"
          },
          {
            "id": 13,
            "text": "1 : 나도 내가 허약한 체질이라고 생각했는데 건강하게 나와서 신기했어",
            "norm_text": "나도 내가 허약한 체질이라고 생각했는데 건강하게 나와서 신기했어",
            "speaker": {
              "id": "1번",
              "sex": "여성",
              "age": "20대"
            },
            "speechAct": "(단언) 주장하기",
            "morpheme": "나/NP+도/JX+내/NP+가/JKS+허약/XR+한/XSA+ETM+체질/NNG+이/VCP+라고/EC+생각/NNG+했/XSV+EP+는데/EC+건강/NNG+하/XSV+게/EC+나와서/VV+EC+신기/XR+했/XSA+EP+어/EC"
          },
          {
            "id": 14,
            "text": "2 : 그럼 나도 추석 지나고 건강 검진 받으러 가봐야겠다",
            "norm_text": "그럼 나도 추석 지나고 건강 검진 받으러 가봐야겠다",
            "speaker": {
              "id": "2번",
              "sex": "여성",
              "age": "20대"
            },
            "speechAct": "(단언) 진술하기",
            "morpheme": "그럼/MAJ+나/NP+도/JX+추석/NNG+지나/VV+고/EC+건강/NNG+검진/NNG+받/VV+으러/EC+가/VX+봐야/EC+VX+EC+VX+겠/EP+다/EC"
          },
          {
            "id": 15,
            "text": "1 : 응응 무료니까 검사 꼭 받아!",
            "norm_text": "응응 무료니까 검사 꼭 받아!",
            "speaker": {
              "id": "1번",
              "sex": "여성",
              "age": "20대"
            },
            "speechAct": "(단언) 주장하기",
            "morpheme": "응/IC+응/IC+무료/NNG+니까/VCP+EC+검사/NNG+꼭/MAG+받/VV+아/EF"
          },
          {
            "id": 16,
            "text": "2 : 알겠어 키키 나도 받고 나서 알려줄게",
            "norm_text": "알겠어 키키 나도 받고 나서 알려줄게",
            "speaker": {
              "id": "2번",
              "sex": "여성",
              "age": "20대"
            },
            "speechAct": "(단언) 진술하기",
            "morpheme": "알/VV+겠/EP+어/EC+키/NNG+키나/XSA+ETN+JX+도/JX+받/VV+고/EC+나/VX+서/EC+알려/VV+EC+줄/VX+ETM+게/NNB+JKS"
          }
        ]
      }
    }
  ]
}