{
  "dataset": {
    "identifier": 63277,
    "name": "KAKAO_916_06_set",
    "src_path": "/data/file/cubeManager/PROJECT001/53/txt20211005155003040383/KAKAO_916_06_set/",
    "label_path": "/data/file/cubeManager/PROJECT001/53/txt20211005155003040383/KAKAO_916_06_set/",
    "category": 2,
    "type": 0
  },
  "licenses": {
    "name": "Apache License 1.0",
    "url": "http://www.apache.org/licenses/LICENSE-1.0"
  },
  "info": [
    {
      "id": 41803,
      "filename": "KAKAO_916_06.txt",
      "title": "KAKAO_916_06",
      "mediatype": "SNS",
      "medianame": "카카오톡",
      "category": "일상대화",
      "date": "2021-10-05",
      "size": 457,
      "annotations": {
        "subject": "교육",
        "speaker_type": "1:1",
        "size": 457,
        "word_size": 157,
        "text": "1 : 오빠야 학교 다닐 때도 선생님들이 막 때리고 그랬어?\n2 : 그런 쌤도 있었지 ㅠㅠ\n2 : 학주쌤이 제일 무서웠다\n1 : 우리 때도 초, 중, 고 다 쌤들 무서웠다 ㅠㅠ\n2 : 초등학교 쌤은 잘 기억이 안 나 ㅠㅠ\n1 : 난 초등학생 때 떠들다가 쌤한테 맞아서 기억이 생생하다 ㅠㅠ\n2 : 키키 맞아서 기억에 남는 거가?\n1 : 웅 키키 맞은 기억이 제일 많이 남는다\n2 : 키키 나는 쌤들 말씀 잘 들어서 이쁨 받음\n1 : 올 키키 말 잘 듣는 학생이었나?\n2 : 어 키키 맞은 적은 시험 못 쳐서?\n1 : 시험 못 치면 맞나?\n1 : 나는 시험 못 쳐도 괜찮았는데 떠들 때마다 혼났당\n2 : 키키 많이 떠들었나 보네?\n1 : 그랬나 봐 키키 근데 요즘 쌤들은 때리면 큰일 나잖아\n2 : 지금은 난리 나지 키키\n2 : 학부모가 가만히 안 있을걸?\n1 : 맞당 키키 그러고 선생님은 경찰서 가겠지\n2 : 키키 맞다 키키 요즘 건드리면 안 된다",
        "lines": [
          {
            "id": 1,
            "text": "1 : 오빠야 학교 다닐 때도 선생님들이 막 때리고 그랬어?",
            "norm_text": "오빠야 학교 다닐 때도 선생님들이 막 때리고 그랬어?",
            "speaker": {
              "id": "1번",
              "sex": "여성",
              "age": "20대"
            },
            "speechAct": "(지시) 질문하기",
            "morpheme": "오빠/NNG+야학교/NNG+다닐/VV+ETM+때/NNG+도/JX+선생/NNG+님/XSN+들/XSN+이/JKS+막/NNG+때리/VV+고/EC+그랬/VV+EP+어/EF"
          },
          {
            "id": 2,
            "text": "2 : 그런 쌤도 있었지 ㅠㅠ",
            "norm_text": "그런 쌤도 있었지 ㅠㅠ",
            "speaker": {
              "id": "2번",
              "sex": "남성",
              "age": "20대"
            },
            "speechAct": "(단언) 주장하기",
            "morpheme": "그런/MM+쌤/NNG+도/JX+있/VA+었/EP+지/EF+ㅠㅠ/UNKNOWN"
          },
          {
            "id": 3,
            "text": "2 : 학주쌤이 제일 무서웠다",
            "norm_text": "학주쌤이 제일 무서웠다",
            "speaker": {
              "id": "2번",
              "sex": "남성",
              "age": "20대"
            },
            "speechAct": "(단언) 주장하기",
            "morpheme": "학주/NNP+쌤/NNG+이/JKS+제일/MAG+무서웠/VA+EP+다/EC"
          },
          {
            "id": 4,
            "text": "1 : 우리 때도 초, 중, 고 다 쌤들 무서웠다 ㅠㅠ",
            "norm_text": "우리 때도 초, 중, 고 다 쌤들 무서웠다 ㅠㅠ",
            "speaker": {
              "id": "1번",
              "sex": "여성",
              "age": "20대"
            },
            "speechAct": "(단언) 주장하기",
            "morpheme": "우리/NP+때/NNG+도/JX+초/NNG+,/SC+중/NNG+,/SC+고다쌤들무서웠다ㅠㅠ/UNKNOWN"
          },
          {
            "id": 5,
            "text": "2 : 초등학교 쌤은 잘 기억이 안 나 ㅠㅠ",
            "norm_text": "초등학교 쌤은 잘 기억이 안 나 ㅠㅠ",
            "speaker": {
              "id": "2번",
              "sex": "남성",
              "age": "20대"
            },
            "speechAct": "(단언) 주장하기",
            "morpheme": "초등/NNG+학교/NNG+쌤/NNG+은/JX+잘/MAG+기억/NNG+이/JKS+안/MAG+나/VV+EC+ㅠㅠ/UNKNOWN"
          },
          {
            "id": 6,
            "text": "1 : 난 초등학생 때 떠들다가 쌤한테 맞아서 기억이 생생하다 ㅠㅠ",
            "norm_text": "난 초등학생 때 떠들다가 쌤한테 맞아서 기억이 생생하다 ㅠㅠ",
            "speaker": {
              "id": "1번",
              "sex": "여성",
              "age": "20대"
            },
            "speechAct": "(단언) 주장하기",
            "morpheme": "난/NP+JX+초등학생/NNG+때/NNG+떠들/VV+다가/EC+쌤/NNG+한테/JKB+맞/VV+아서/EC+기억/NNG+이/JKS+생생/XR+하/XSA+다/EF+ㅠㅠ/UNKNOWN"
          },
          {
            "id": 7,
            "text": "2 : 키키 맞아서 기억에 남는 거가?",
            "norm_text": "키키 맞아서 기억에 남는 거가?",
            "speaker": {
              "id": "2번",
              "sex": "남성",
              "age": "20대"
            },
            "speechAct": "(지시) 질문하기",
            "morpheme": "키/NNG+키/XSV+ETN+맞/VV+아서/EC+기억/NNG+에/JKB+남/VV+는/ETM+거/NNB+가/JKS"
          },
          {
            "id": 8,
            "text": "1 : 웅 키키 맞은 기억이 제일 많이 남는다",
            "norm_text": "웅 키키 맞은 기억이 제일 많이 남는다",
            "speaker": {
              "id": "1번",
              "sex": "여성",
              "age": "20대"
            },
            "speechAct": "(단언) 주장하기",
            "morpheme": "웅/IC+키/NNG+키/XSV+ETN+맞/VV+은/ETM+기억/NNG+이/JKS+제일/MAG+많이/MAG+남/VV+는다/EC"
          },
          {
            "id": 9,
            "text": "2 : 키키 나는 쌤들 말씀 잘 들어서 이쁨 받음",
            "norm_text": "키키 나는 쌤들 말씀 잘 들어서 이쁨 받음",
            "speaker": {
              "id": "2번",
              "sex": "남성",
              "age": "20대"
            },
            "speechAct": "(단언) 주장하기",
            "morpheme": "키/NNG+키나/XSA+ETN+JX+는/JX+쌤/NNG+들/XSN+말씀/NNG+잘/MAG+들/VV+어서/EC+이쁨/VA+ETN+받/VV+음/ETN"
          },
          {
            "id": 10,
            "text": "1 : 올 키키 말 잘 듣는 학생이었나?",
            "norm_text": "올 키키 말 잘 듣는 학생이었나?",
            "speaker": {
              "id": "1번",
              "sex": "여성",
              "age": "20대"
            },
            "speechAct": "(지시) 질문하기",
            "morpheme": "올키/NNG+키/NNG+말/NNG+잘/MAG+듣/VV+는/ETM+학생/NNG+이/VCP+었/EP+나/EF"
          },
          {
            "id": 11,
            "text": "2 : 어 키키 맞은 적은 시험 못 쳐서?",
            "norm_text": "어 키키 맞은 적은 시험 못 쳐서?",
            "speaker": {
              "id": "2번",
              "sex": "남성",
              "age": "20대"
            },
            "speechAct": "(지시) 질문하기",
            "morpheme": "어/IC+키/NNG+키/XSV+ETN+맞/VV+은/ETM+적/NNB+은/JX+시험/NNG+못/MAG+쳐서/VV+EC"
          },
          {
            "id": 12,
            "text": "1 : 시험 못 치면 맞나?",
            "norm_text": "시험 못 치면 맞나?",
            "speaker": {
              "id": "1번",
              "sex": "여성",
              "age": "20대"
            },
            "speechAct": "(지시) 질문하기",
            "morpheme": "시험/NNG+못/MAG+치/VV+면/EC+맞/VV+나/EF"
          },
          {
            "id": 13,
            "text": "1 : 나는 시험 못 쳐도 괜찮았는데 떠들 때마다 혼났당",
            "norm_text": "나는 시험 못 쳐도 괜찮았는데 떠들 때마다 혼났당",
            "speaker": {
              "id": "1번",
              "sex": "여성",
              "age": "20대"
            },
            "speechAct": "(단언) 주장하기",
            "morpheme": "나/NP+는/JX+시험/NNG+못/MAG+쳐도/VV+EC+괜찮/VA+았/EP+는데/EC+떠들/VV+ETM+때/NNG+마다/JX+혼났/VV+EP+당/XSN"
          },
          {
            "id": 14,
            "text": "2 : 키키 많이 떠들었나 보네?",
            "norm_text": "키키 많이 떠들었나 보네?",
            "speaker": {
              "id": "2번",
              "sex": "남성",
              "age": "20대"
            },
            "speechAct": "(지시) 질문하기",
            "morpheme": "키/NNG+키/NNG+많이/MAG+떠들/VV+었/EP+나/EC+보/VX+네/EF"
          },
          {
            "id": 15,
            "text": "1 : 그랬나 봐 키키 근데 요즘 쌤들은 때리면 큰일 나잖아",
            "norm_text": "그랬나 봐 키키 근데 요즘 쌤들은 때리면 큰일 나잖아",
            "speaker": {
              "id": "1번",
              "sex": "여성",
              "age": "20대"
            },
            "speechAct": "(단언) 주장하기",
            "morpheme": "그랬나/VA+EP+EC+봐/VX+EF+키/NNG+키/XSV+ETN+근데/MAJ+요즘/MAG+쌤/NNG+들/XSN+은/JX+때리/VV+면/EC+큰일나/VV+잖아/EC"
          },
          {
            "id": 16,
            "text": "2 : 지금은 난리 나지 키키",
            "norm_text": "지금은 난리 나지 키키",
            "speaker": {
              "id": "2번",
              "sex": "남성",
              "age": "20대"
            },
            "speechAct": "(단언) 주장하기",
            "morpheme": "지금/MAG+은/JX+난리나/VV+지/EC+키/NNG+키/XSV+ETN"
          },
          {
            "id": 17,
            "text": "2 : 학부모가 가만히 안 있을걸?",
            "norm_text": "학부모가 가만히 안 있을걸?",
            "speaker": {
              "id": "2번",
              "sex": "남성",
              "age": "20대"
            },
            "speechAct": "(지시) 질문하기",
            "morpheme": "학부모/NNG+가/JKS+가만히/MAG+안/MAG+있/VV+을걸/EF"
          },
          {
            "id": 18,
            "text": "1 : 맞당 키키 그러고 선생님은 경찰서 가겠지",
            "norm_text": "맞당 키키 그러고 선생님은 경찰서 가겠지",
            "speaker": {
              "id": "1번",
              "sex": "여성",
              "age": "20대"
            },
            "speechAct": "(단언) 주장하기",
            "morpheme": "맞/NNG+당/XSN+키/NNG+키/XSV+ETN+그러/VV+고/EC+선생/NNG+님/XSN+은/JX+경찰서/NNG+가/VV+겠/EP+지/EC"
          },
          {
            "id": 19,
            "text": "2 : 키키 맞다 키키 요즘 건드리면 안 된다",
            "norm_text": "키키 맞다 키키 요즘 건드리면 안 된다",
            "speaker": {
              "id": "2번",
              "sex": "남성",
              "age": "20대"
            },
            "speechAct": "(단언) 주장하기",
            "morpheme": "키/NNG+키/XSV+ETN+맞/VV+다/EC+키/NNG+키/NNG+요즘/NNG+건드리/VV+면/EC+안/MAG+된다/VV+EC"
          }
        ]
      }
    }
  ]
}