{
  "dataset": {
    "identifier": 63321,
    "name": "KAKAO_916_20_set",
    "src_path": "/data/file/cubeManager/PROJECT001/53/txt202110051550030528105/KAKAO_916_20_set/",
    "label_path": "/data/file/cubeManager/PROJECT001/53/txt202110051550030528105/KAKAO_916_20_set/",
    "category": 2,
    "type": 0
  },
  "licenses": {
    "name": "Apache License 1.0",
    "url": "http://www.apache.org/licenses/LICENSE-1.0"
  },
  "info": [
    {
      "id": 41817,
      "filename": "KAKAO_916_20.txt",
      "title": "KAKAO_916_20",
      "mediatype": "SNS",
      "medianame": "카카오톡",
      "category": "일상대화",
      "date": "2021-10-05",
      "size": 409,
      "annotations": {
        "subject": "영화/만화",
        "speaker_type": "1:1",
        "size": 409,
        "word_size": 141,
        "text": "1 : 영화 감독이 꿈인 친구들도 많겠지?\n2 : 요즘 애들은 많을 거 같은데?\n1 : 나는 어릴 때 감독이 무슨 일하는지도 몰랐다. 키키\n2 : 나도 그냥 영화에만 관심 있었지 키키\n1 : 그러니까 키키 어릴 땐 그리고 영화도 많이 안 본 듯\n2 : 키키 드라마가 더 재밌다 아니가?\n1 : 드라마도 재밌고 영화도 재밌고 키키\n2 : 키키 니는 최근에 영화 본 거 있나?\n1 : 최근에는 모가디슈 봤던 것 같다 키키\n2 : 그거 잼있나?\n2 : 제목 별로고 키키\n1 : 키키 이거 약간 전쟁 영화? 재밌다\n2 : 키키 티비에 나오면 봐야겠다\n1 : 키키 ocn 가끔 재밌는 영화 하잖아 키키 그때 봐봐\n2 : 키키 추석 특선 영화 하는 거 한 번씩 보고 있다\n1 : 키키 추석 특선으로 영화 진짜 많이 할걸 키키\n2 : 키키 니도 할 거 없음 특선 영화 봐라",
        "lines": [
          {
            "id": 1,
            "text": "1 : 영화 감독이 꿈인 친구들도 많겠지?",
            "norm_text": "영화 감독이 꿈인 친구들도 많겠지?",
            "speaker": {
              "id": "1번",
              "sex": "여성",
              "age": "20대"
            },
            "speechAct": "(지시) 질문하기",
            "morpheme": "영화/NNG+감독/NNG+이/JKS+꿈/NNG+인/VCP+ETM+친구/NNG+들/XSN+도/JX+많/VA+겠/EP+지/EF"
          },
          {
            "id": 2,
            "text": "2 : 요즘 애들은 많을 거 같은데?",
            "norm_text": "요즘 애들은 많을 거 같은데?",
            "speaker": {
              "id": "2번",
              "sex": "남성",
              "age": "20대"
            },
            "speechAct": "(지시) 질문하기",
            "morpheme": "요즘/NNG+애/NNG+들/XSN+은/JX+많/VA+을/ETM+거/NNB+같/VA+은데/EF"
          },
          {
            "id": 3,
            "text": "1 : 나는 어릴 때 감독이 무슨 일하는지도 몰랐다. 키키",
            "norm_text": "나는 어릴 때 감독이 무슨 일하는지도 몰랐다. 키키",
            "speaker": {
              "id": "1번",
              "sex": "여성",
              "age": "20대"
            },
            "speechAct": "(단언) 진술하기",
            "morpheme": "나/NP+는/JX+어릴/VA+ETM+때/NNG+감독/NNG+이/JKS+무슨/MM+일/NNG+하/XSV+는지/EC+도/JX+몰랐/VV+EP+다/EF+키/NNG+키/XSV+ETN"
          },
          {
            "id": 4,
            "text": "2 : 나도 그냥 영화에만 관심 있었지 키키",
            "norm_text": "나도 그냥 영화에만 관심 있었지 키키",
            "speaker": {
              "id": "2번",
              "sex": "남성",
              "age": "20대"
            },
            "speechAct": "(단언) 진술하기",
            "morpheme": "나/NP+도/JX+그냥/MAG+영화/NNG+에/JKB+만/JX+관심/NNG+있/VV+었/EP+지/EC+키/NNG+키/XSV+ETN"
          },
          {
            "id": 5,
            "text": "1 : 그러니까 키키 어릴 땐 그리고 영화도 많이 안 본 듯",
            "norm_text": "그러니까 키키 어릴 땐 그리고 영화도 많이 안 본 듯",
            "speaker": {
              "id": "1번",
              "sex": "여성",
              "age": "20대"
            },
            "speechAct": "(단언) 진술하기",
            "morpheme": "그러니까/MAJ+키/NNG+키/XSV+ETN+어릴/VA+ETM+땐/NNG+JX+그리고/MAJ+영화/NNG+도/JX+많이/MAG+안/MAG+본/VV+ETM+듯/NNB"
          },
          {
            "id": 6,
            "text": "2 : 키키 드라마가 더 재밌다 아니가?",
            "norm_text": "키키 드라마가 더 재밌다 아니가?",
            "speaker": {
              "id": "2번",
              "sex": "남성",
              "age": "20대"
            },
            "speechAct": "(지시) 질문하기",
            "morpheme": "키/NNG+키/NNG+드라마/NNG+가/JKS+더/MAG+재밌/VA+다아/EC+니/NP+가/JKS"
          },
          {
            "id": 7,
            "text": "1 : 드라마도 재밌고 영화도 재밌고 키키",
            "norm_text": "드라마도 재밌고 영화도 재밌고 키키",
            "speaker": {
              "id": "1번",
              "sex": "여성",
              "age": "20대"
            },
            "speechAct": "(단언) 진술하기",
            "morpheme": "드라마/NNG+도/JX+재밌/VA+고/EC+영화/NNG+도/JX+재밌/VA+고/EC+키/NNG+키/XSV+ETN"
          },
          {
            "id": 8,
            "text": "2 : 키키 니는 최근에 영화 본 거 있나?",
            "norm_text": "키키 니는 최근에 영화 본 거 있나?",
            "speaker": {
              "id": "2번",
              "sex": "남성",
              "age": "20대"
            },
            "speechAct": "(지시) 질문하기",
            "morpheme": "키/NNG+키/XSV+ETN+니/NP+는/JX+최근/NNG+에/JKB+영화/NNG+본/VV+ETM+거/NNB+있/VA+나/EF"
          },
          {
            "id": 9,
            "text": "1 : 최근에는 모가디슈 봤던 것 같다 키키",
            "norm_text": "최근에는 모가디슈 봤던 것 같다 키키",
            "speaker": {
              "id": "1번",
              "sex": "여성",
              "age": "20대"
            },
            "speechAct": "(단언) 진술하기",
            "morpheme": "최근/NNG+에/JKB+는/JX+모가디슈/NNP+봤/VV+EP+던/ETM+것/NNB+같/VA+다키키/NNP"
          },
          {
            "id": 10,
            "text": "2 : 그거 잼있나?",
            "norm_text": "그거 잼있나?",
            "speaker": {
              "id": "2번",
              "sex": "남성",
              "age": "20대"
            },
            "speechAct": "(지시) 질문하기",
            "morpheme": "그거/NP+잼/VV+ETN+있/VA+나/EF"
          },
          {
            "id": 11,
            "text": "2 : 제목 별로고 키키",
            "norm_text": "제목 별로고 키키",
            "speaker": {
              "id": "2번",
              "sex": "남성",
              "age": "20대"
            },
            "speechAct": "(단언) 주장하기",
            "morpheme": "제목/NNG+별/XSN+로/JKB+고키/NNP+키/NNG"
          },
          {
            "id": 12,
            "text": "1 : 키키 이거 약간 전쟁 영화? 재밌다",
            "norm_text": "키키 이거 약간 전쟁 영화? 재밌다",
            "speaker": {
              "id": "1번",
              "sex": "여성",
              "age": "20대"
            },
            "speechAct": "(단언) 주장하기",
            "morpheme": "키/NNG+키/XSV+ETN+이거/NP+약간/MAG+전쟁/NNG+영화/NNG+재밌/VA+다/EC"
          },
          {
            "id": 13,
            "text": "2 : 키키 티비에 나오면 봐야겠다",
            "norm_text": "키키 티비에 나오면 봐야겠다",
            "speaker": {
              "id": "2번",
              "sex": "남성",
              "age": "20대"
            },
            "speechAct": "(언약) 약속하기(제3자와)/(개인적 수준)",
            "morpheme": "키/NNG+키/NNG+티비/NNG+에/JKB+나오/VV+면/EC+봐야/VX+EC+VV+겠/EP+다/EC"
          },
          {
            "id": 14,
            "text": "1 : 키키 ocn 가끔 재밌는 영화 하잖아 키키 그때 봐봐",
            "norm_text": "키키 ocn 가끔 재밌는 영화 하잖아 키키 그때 봐봐",
            "speaker": {
              "id": "1번",
              "sex": "여성",
              "age": "20대"
            },
            "speechAct": "(지시) 충고/제안하기",
            "morpheme": "키/NNG+키/XSV+ETN+ocn/SL+가끔/MAG+재밌/VA+는/ETM+영화/NNG+하/XSV+잖아/EC+키/NNG+키/NNG+그때/NNG+봐/VV+EC+봐/VX+EC"
          },
          {
            "id": 15,
            "text": "2 : 키키 추석 특선 영화 하는 거 한 번씩 보고 있다",
            "norm_text": "키키 추석 특선 영화 하는 거 한 번씩 보고 있다",
            "speaker": {
              "id": "2번",
              "sex": "남성",
              "age": "20대"
            },
            "speechAct": "(단언) 진술하기",
            "morpheme": "키/NNG+키/NNG+추석/NNG+특선/NNG+영화/NNG+하/XSV+는/ETM+거/NNB+한/MM+번/NNBC+씩/XSN+보/VV+고/EC+있/VX+다/EC"
          },
          {
            "id": 16,
            "text": "1 : 키키 추석 특선으로 영화 진짜 많이 할걸 키키",
            "norm_text": "키키 추석 특선으로 영화 진짜 많이 할걸 키키",
            "speaker": {
              "id": "1번",
              "sex": "여성",
              "age": "20대"
            },
            "speechAct": "(단언) 주장하기",
            "morpheme": "키/NNG+키/NNG+추석/NNG+특선/NNG+으로/JKB+영화/NNG+진짜/MAG+많이/MAG+할/VV+ETM+걸/NNB+JKO+키/NNG+키/XSV+ETN"
          },
          {
            "id": 17,
            "text": "2 : 키키 니도 할 거 없음 특선 영화 봐라",
            "norm_text": "키키 니도 할 거 없음 특선 영화 봐라",
            "speaker": {
              "id": "2번",
              "sex": "남성",
              "age": "20대"
            },
            "speechAct": "(지시) 충고/제안하기",
            "morpheme": "키/NNG+키/VV+니/EC+도/JX+할/VV+ETM+거/NNB+없/VA+음/ETN+특선/NNG+영화/NNG+봐라/VV+EC"
          }
        ]
      }
    }
  ]
}