{
  "dataset": {
    "identifier": 35156,
    "name": "KAKAO_903_20_set",
    "src_path": "/data/file/cubeManager/PROJECT001/53/txt20211005095751080566/KAKAO_903_20_set/",
    "label_path": "/data/file/cubeManager/PROJECT001/53/txt20211005095751080566/KAKAO_903_20_set/",
    "category": 2,
    "type": 0
  },
  "licenses": {
    "name": "Apache License 1.0",
    "url": "http://www.apache.org/licenses/LICENSE-1.0"
  },
  "info": [
    {
      "id": 40799,
      "filename": "KAKAO_903_20.txt",
      "title": "KAKAO_903_20",
      "mediatype": "SNS",
      "medianame": "카카오톡",
      "category": "일상대화",
      "date": "2021-10-05",
      "size": 483,
      "annotations": {
        "subject": "영화/만화",
        "speaker_type": "1:1",
        "size": 483,
        "word_size": 161,
        "text": "1 : 나 진짜 어렸을 때 꿈이 배우 아니면 감독이었음\n2 : 배우 해 아직 기회는 있어 포기하지 마\n1 : 안돼 나 배우 해서 유명해지면 너가 악플 쓸 거잖아\n2 : 매니저 해줄게\n2 : 뭔 악플이여 옆에서 싸바싸바 해야지\n1 : 매니저 하면서도 뒤에서 내 안티 클럽 만들 듯\n2 : 그 이이유 나왔던 드라마처럼? 키키\n1 : 맞어 키키 진짜 그런 거 생각하면 연예인들 참 대단해 난 그런 거 못 견뎌\n2 : 야 그것도 다 적응 되는 거 아닐까 욕도 먹으면 적응되던데?\n1 : 나라면 멘탈 다 깨지고 사람들이랑 상종하기 싫을 듯\n2 : 야 그건 다 돈 주니까 하는 거지\n1 : 아무리 돈 받는 거여도 난 못해...\n2 : 돈 받는 거면 다 할 수 있어... ㅎ\n1 : 인류애가 중요한 사람이라 안돼 나는... 그냥 만화나 보면서 행복해 할래 집에서...\n2 : 나도 집순이 하면서 행복해질란다\n1 : 진짜 집에서 만화 볼 때가 가장 행복해 난\n2 : 난 그냥 아무것도 안 하고 누워있고 싶다",
        "lines": [
          {
            "id": 1,
            "text": "1 : 나 진짜 어렸을 때 꿈이 배우 아니면 감독이었음",
            "norm_text": "나 진짜 어렸을 때 꿈이 배우 아니면 감독이었음",
            "speaker": {
              "id": "1번",
              "sex": "여성",
              "age": "20대"
            },
            "speechAct": "(단언) 주장하기",
            "morpheme": "나/NP+진짜/MAG+어렸/VA+EP+을/ETM+때/NNG+꿈/NNG+이/JKS+배우/NNG+아니/VCN+면/EC+감독/NNG+이/VCP+었/EP+음/ETN"
          },
          {
            "id": 2,
            "text": "2 : 배우 해 아직 기회는 있어 포기하지 마",
            "norm_text": "배우 해 아직 기회는 있어 포기하지 마",
            "speaker": {
              "id": "2번",
              "sex": "여성",
              "age": "20대"
            },
            "speechAct": "(지시) 명령/요구하기",
            "morpheme": "배우/NNG+해/XSV+EC+아직/MAG+기회/NNG+는/JX+있/VX+어/EC+포기/NNG+하/XSV+지/EC+마/VX+EC"
          },
          {
            "id": 3,
            "text": "1 : 안돼 나 배우 해서 유명해지면 너가 악플 쓸 거잖아",
            "norm_text": "안돼 나 배우 해서 유명해지면 너가 악플 쓸 거잖아",
            "speaker": {
              "id": "1번",
              "sex": "여성",
              "age": "20대"
            },
            "speechAct": "(단언) 주장하기",
            "morpheme": "안/MAG+돼/VV+EF+나/NP+배우/NNG+해서/XSV+EC+유명/NNG+해/XSV+EC+지/VX+면/EC+너/NP+가/JKS+악/XPN+플/NNG+쓸/VV+ETM+거/NNB+잖아/VCP+EC+VX+EC"
          },
          {
            "id": 4,
            "text": "2 : 매니저 해줄게",
            "norm_text": "매니저 해줄게",
            "speaker": {
              "id": "2번",
              "sex": "여성",
              "age": "20대"
            },
            "speechAct": "(단언) 주장하기",
            "morpheme": "매니저/NNG+해/XSV+EC+줄/VX+ETM+게/NNB+JKS"
          },
          {
            "id": 5,
            "text": "2 : 뭔 악플이여 옆에서 싸바싸바 해야지",
            "norm_text": "뭔 악플이여 옆에서 싸바싸바 해야지",
            "speaker": {
              "id": "2번",
              "sex": "여성",
              "age": "20대"
            },
            "speechAct": "(단언) 주장하기",
            "morpheme": "뭔/MM+악/NNG+플/NNG+이/VCP+여/EC+옆/NNG+에서/JKB+싸/VV+바/EC+싸/VX+바/EC+해야지/VX+EC"
          },
          {
            "id": 6,
            "text": "1 : 매니저 하면서도 뒤에서 내 안티 클럽 만들 듯",
            "norm_text": "매니저 하면서도 뒤에서 내 안티 클럽 만들 듯",
            "speaker": {
              "id": "1번",
              "sex": "여성",
              "age": "20대"
            },
            "speechAct": "(단언) 주장하기",
            "morpheme": "매니저/NNG+하/XSV+면서/EC+도/JX+뒤/NNG+에서/JKB+내/NP+JKG+안티/NNG+클럽/NNG+만들/VV+듯/EC"
          },
          {
            "id": 7,
            "text": "2 : 그 이이유 나왔던 드라마처럼? 키키",
            "norm_text": "그 이이유 나왔던 드라마처럼? 키키",
            "speaker": {
              "id": "2번",
              "sex": "여성",
              "age": "20대"
            },
            "speechAct": "(지시) 질문하기",
            "morpheme": "그/IC+이/MM+이유/NNG+나왔/VV+EP+던/ETM+드라마/NNG+처럼/JKB+키/NNG+키/XSV+ETN"
          },
          {
            "id": 8,
            "text": "1 : 맞어 키키 진짜 그런 거 생각하면 연예인들 참 대단해 난 그런 거 못 견뎌",
            "norm_text": "맞어 키키 진짜 그런 거 생각하면 연예인들 참 대단해 난 그런 거 못 견뎌",
            "speaker": {
              "id": "1번",
              "sex": "여성",
              "age": "20대"
            },
            "speechAct": "(단언) 주장하기",
            "morpheme": "맞/VV+어/EC+키/NNG+키/XSV+ETN+진짜/MAG+그런/MM+거/NNB+생각/NNG+하/XSV+면/EC+연예인/NNG+들/XSN+참/MAG+대단/XR+해/XSA+EC+난/NP+JX+그런/MM+거/NNB+못/MAG+견뎌/VV+EC"
          },
          {
            "id": 9,
            "text": "2 : 야 그것도 다 적응 되는 거 아닐까 욕도 먹으면 적응되던데?",
            "norm_text": "야 그것도 다 적응 되는 거 아닐까 욕도 먹으면 적응되던데?",
            "speaker": {
              "id": "2번",
              "sex": "여성",
              "age": "20대"
            },
            "speechAct": "(단언) 주장하기",
            "morpheme": "야/IC+그것/NP+도/JX+다/MAG+적응/NNG+되/XSV+는/ETM+거/NNB+아닐까/VCN+EC+욕/NNG+도/JX+먹/VV+으면/EC+적응/NNG+되/XSV+던데/EF"
          },
          {
            "id": 10,
            "text": "1 : 나라면 멘탈 다 깨지고 사람들이랑 상종하기 싫을 듯",
            "norm_text": "나라면 멘탈 다 깨지고 사람들이랑 상종하기 싫을 듯",
            "speaker": {
              "id": "1번",
              "sex": "여성",
              "age": "20대"
            },
            "speechAct": "(단언) 주장하기",
            "morpheme": "나/NP+라면/VCP+EC+멘탈/NNG+다/MAG+깨지/VV+고/EC+사람/NNG+들/XSN+이랑/JKB+상종/NNG+하/XSV+기/ETN+싫/VA+을/ETM+듯/NNB"
          },
          {
            "id": 11,
            "text": "2 : 야 그건 다 돈 주니까 하는 거지",
            "norm_text": "야 그건 다 돈 주니까 하는 거지",
            "speaker": {
              "id": "2번",
              "sex": "여성",
              "age": "20대"
            },
            "speechAct": "(단언) 주장하기",
            "morpheme": "야/IC+그건/NP+JX+다/MAG+돈/NNG+주/VV+니까/EC+하/VV+는/ETM+거/NNB+지/VCP+EC"
          },
          {
            "id": 12,
            "text": "1 : 아무리 돈 받는 거여도 난 못해...",
            "norm_text": "아무리 돈 받는 거여도 난 못해...",
            "speaker": {
              "id": "1번",
              "sex": "여성",
              "age": "20대"
            },
            "speechAct": "(단언) 주장하기",
            "morpheme": "아무리/MAG+돈/NNG+받/VV+는/ETM+거/NNB+여도/VCP+EC+난/NP+JX+못/MAG+해/VV+EF+./SY"
          },
          {
            "id": 13,
            "text": "2 : 돈 받는 거면 다 할 수 있어... ㅎ",
            "norm_text": "돈 받는 거면 다 할 수 있어... ㅎ",
            "speaker": {
              "id": "2번",
              "sex": "여성",
              "age": "20대"
            },
            "speechAct": "(단언) 주장하기",
            "morpheme": "돈/NNG+받/VV+는/ETM+거/NNB+면/VCP+EC+다/MAG+할/VV+ETM+수/NNB+있/VV+어/EF+./SY+ㅎ/XSA"
          },
          {
            "id": 14,
            "text": "1 : 인류애가 중요한 사람이라 안돼 나는... 그냥 만화나 보면서 행복해 할래 집에서...",
            "norm_text": "인류애가 중요한 사람이라 안돼 나는... 그냥 만화나 보면서 행복해 할래 집에서...",
            "speaker": {
              "id": "1번",
              "sex": "여성",
              "age": "20대"
            },
            "speechAct": "(단언) 주장하기",
            "morpheme": "인류애/NNG+가/JKS+중요/NNG+한/XSA+ETM+사람/NNG+이/VCP+라/EC+안/MAG+돼/VV+EF+나/NP+는/JX+./SY+그냥/MAG+만/JX+화나/VV+EC+보/VX+면서/EC+행복/NNG+해/XSV+EC+할래/VV+EC+집/NNG+에서/JKB+./SY"
          },
          {
            "id": 15,
            "text": "2 : 나도 집순이 하면서 행복해질란다",
            "norm_text": "나도 집순이 하면서 행복해질란다",
            "speaker": {
              "id": "2번",
              "sex": "여성",
              "age": "20대"
            },
            "speechAct": "(단언) 주장하기",
            "morpheme": "나/NP+도/JX+집/NNG+순/NNG+이/JKS+하/VV+면서/EC+행복/NNG+해/XSV+EC+질/VV+란다/EC"
          },
          {
            "id": 16,
            "text": "1 : 진짜 집에서 만화 볼 때가 가장 행복해 난",
            "norm_text": "진짜 집에서 만화 볼 때가 가장 행복해 난",
            "speaker": {
              "id": "1번",
              "sex": "여성",
              "age": "20대"
            },
            "speechAct": "(단언) 진술하기",
            "morpheme": "진짜/MAG+집/NNG+에서/JKB+만화/NNG+볼/VV+ETM+때/NNG+가/JKS+가장/MAG+행복/NNG+해난/NNG"
          },
          {
            "id": 17,
            "text": "2 : 난 그냥 아무것도 안 하고 누워있고 싶다",
            "norm_text": "난 그냥 아무것도 안 하고 누워있고 싶다",
            "speaker": {
              "id": "2번",
              "sex": "여성",
              "age": "20대"
            },
            "speechAct": "(단언) 주장하기",
            "morpheme": "난/NP+JX+그냥/MAG+아무것/NNG+도/JX+안/MAG+하/VV+고/EC+누워/VV+EC+있/VX+고/EC+싶/VX+다/EC"
          }
        ]
      }
    }
  ]
}