{
  "dataset": {
    "identifier": 62099,
    "name": "KAKAO_921_12_set",
    "src_path": "/data/file/cubeManager/PROJECT001/53/txt20211005161403040365/KAKAO_921_12_set/",
    "label_path": "/data/file/cubeManager/PROJECT001/53/txt20211005161403040365/KAKAO_921_12_set/",
    "category": 2,
    "type": 0
  },
  "licenses": {
    "name": "Apache License 1.0",
    "url": "http://www.apache.org/licenses/LICENSE-1.0"
  },
  "info": [
    {
      "id": 41989,
      "filename": "KAKAO_921_12.txt",
      "title": "KAKAO_921_12",
      "mediatype": "SNS",
      "medianame": "카카오톡",
      "category": "일상대화",
      "date": "2021-10-05",
      "size": 957,
      "annotations": {
        "subject": "여행",
        "speaker_type": "1:1",
        "size": 957,
        "word_size": 318,
        "text": "1 : 꼭 가보고 싶은 여행지나 가봐야 한다 하는 여행지 있어?\n2 : 나는 스위스나 아님 체코 너무 가보고 싶어 키키\n2 : 체코 길거리? 가 알록달록 한 게 너무 이쁘더라구 너는?\n1 : 나는 휴양지 가고 싶어 키키\n1 : 동남아시아도 좋구 발리 빨리 가보고 싶어\n1 : 뭔가 힐링이 될 거 같아\n2 : 오 발리 좋지! 나도 발리 가보고 싶어\n2 : 발리 하면 뭔가 드라마도 생각난다 키키\n2 : 그때 처음 발리를 알게 됐는데 키키\n1 : 응 난 그 드라마 엄청 재밌게 봤어\n1 : 그 뒤로 가보고 싶단 생각을 한 것 같아\n2 : 아 휴양지 하니까 생각 났는데 나는 다낭도 가보고 싶더라 키키\n2 : 다낭 가본 사람들은 만족을 하더라구\n1 : 응 다낭에 가면 마사지는 꼭 받으라고 하던데 키키\n1 : 저렴해서 필수래\n2 : 아 나 마사지 받는 거 진짜 좋아해 키키\n2 : 다낭은 따뜻하니까 겨울에 가면 좋겠다 키키\n1 : 응 추울 때 더운 나라 가고 더울 때 추운 나라 가면 그게 진짜 힐링이지 키키\n1 : 스위스는 왜 가고 싶어?\n2 : 모르겠어 그냥 예전부터 티비에서 보면 스위스가 공기 좋고 물 좋고 깨끗한? 나라라고 봐서 그런지 궁금하더라구 키키\n1 : 아 진짜 여행 가고 싶다 ㅜㅜ\n1 : 여행 자유롭게 갈 수 있게 되면 진짜 하고 싶은 거 못했던 거 다 할 거야\n2 : 나도! 난 해외여행 가면 꼭 해보고 싶은 게 있는데 스카이다이빙 해보고 싶어 너무 궁금해\n2 : 그게 죽기 전에 해봐야 하는 거 중에 하나라고 하더라구\n1 : 오 나도 그거 해보고 싶어 키키\n1 : 한 사람들 인터뷰나 후기 같은 거 보면 진짜 너무 감격스러워 하면서 좋아하더라\n2 : 응응 맞아 근데 또 막상 하려고 하면 겁나서 못할 수도 있겠다 키키\n2 : 하지만 꼭 도전해보고 싶어\n1 : 나는 성지순례도 가보고 싶더라 키키\n1 : 진짜 아무 생각 없이 마음을 비우고 걸어보고 싶어\n2 : 헐 나도 예전엔 그거 버킷리스트였는데 키키\n2 : 언젠가 꼭 해볼 수 있으면 해보자 키키",
        "lines": [
          {
            "id": 1,
            "text": "1 : 꼭 가보고 싶은 여행지나 가봐야 한다 하는 여행지 있어?",
            "norm_text": "꼭 가보고 싶은 여행지나 가봐야 한다 하는 여행지 있어?",
            "speaker": {
              "id": "1번",
              "sex": "여성",
              "age": "20대"
            },
            "speechAct": "(지시) 질문하기",
            "morpheme": "꼭/MAG+가/VV+EC+보/VX+고/EC+싶/VX+은/ETM+여행지/NNG+나가/VV+EC+봐야/VX+EC+한다/VX+EC+하/VV+는/ETM+여행지/NNG+있/VA+어/EF"
          },
          {
            "id": 2,
            "text": "2 : 나는 스위스나 아님 체코 너무 가보고 싶어 키키",
            "norm_text": "나는 스위스나 아님 체코 너무 가보고 싶어 키키",
            "speaker": {
              "id": "2번",
              "sex": "여성",
              "age": "20대"
            },
            "speechAct": "(단언) 주장하기",
            "morpheme": "나/NP+는/JX+스위스/NNP+나/JC+아님/MAJ+체코/NNP+너무/NNG+가/JKS+보/VV+고/EC+싶/VX+어/EC+키/NNG+키/XSV+ETN"
          },
          {
            "id": 3,
            "text": "2 : 체코 길거리? 가 알록달록 한 게 너무 이쁘더라구 너는?",
            "norm_text": "체코 길거리? 가 알록달록 한 게 너무 이쁘더라구 너는?",
            "speaker": {
              "id": "2번",
              "sex": "여성",
              "age": "20대"
            },
            "speechAct": "(지시) 질문하기",
            "morpheme": "체코/NNP+길거리/NNG+?/SY+가/JKS+알록달록/MAG+한/XSA+ETM+게/NNB+JKS+너무/MAG+이쁘/VA+더라구/EF+너/NP+는/JX"
          },
          {
            "id": 4,
            "text": "1 : 나는 휴양지 가고 싶어 키키",
            "norm_text": "나는 휴양지 가고 싶어 키키",
            "speaker": {
              "id": "1번",
              "sex": "여성",
              "age": "20대"
            },
            "speechAct": "(단언) 주장하기",
            "morpheme": "나/NP+는/JX+휴양지/NNG+가/VV+고/EC+싶/VX+어/EC+키/NNG+키/XSV+ETN"
          },
          {
            "id": 5,
            "text": "1 : 동남아시아도 좋구 발리 빨리 가보고 싶어",
            "norm_text": "동남아시아도 좋구 발리 빨리 가보고 싶어",
            "speaker": {
              "id": "1번",
              "sex": "여성",
              "age": "20대"
            },
            "speechAct": "(단언) 주장하기",
            "morpheme": "동남아시아/NNP+도/JX+좋/VA+구/EC+발리/NNP+빨리/MAG+가/VV+EC+보/VX+고/EC+싶/VX+어/EC"
          },
          {
            "id": 6,
            "text": "1 : 뭔가 힐링이 될 거 같아",
            "norm_text": "뭔가 힐링이 될 거 같아",
            "speaker": {
              "id": "1번",
              "sex": "여성",
              "age": "20대"
            },
            "speechAct": "(단언) 주장하기",
            "morpheme": "뭔가/NP+VCP+EC+힐링/NNG+이/JKS+될/VV+ETM+거/NNB+같/VA+아/EC"
          },
          {
            "id": 7,
            "text": "2 : 오 발리 좋지! 나도 발리 가보고 싶어",
            "norm_text": "오 발리 좋지! 나도 발리 가보고 싶어",
            "speaker": {
              "id": "2번",
              "sex": "여성",
              "age": "20대"
            },
            "speechAct": "(단언) 주장하기",
            "morpheme": "오/NR+발리/NNG+좋/VA+지/EF+나/NP+도/JX+발리/NNP+가/JKS+보/VV+고/EC+싶/VX+어/EC"
          },
          {
            "id": 8,
            "text": "2 : 발리 하면 뭔가 드라마도 생각난다 키키",
            "norm_text": "발리 하면 뭔가 드라마도 생각난다 키키",
            "speaker": {
              "id": "2번",
              "sex": "여성",
              "age": "20대"
            },
            "speechAct": "(단언) 주장하기",
            "morpheme": "발리/NNG+하/XSV+면/EC+뭔가/NP+VCP+EC+드라마/NNG+도/JX+생각난/VV+ETM+다키키/NNP"
          },
          {
            "id": 9,
            "text": "2 : 그때 처음 발리를 알게 됐는데 키키",
            "norm_text": "그때 처음 발리를 알게 됐는데 키키",
            "speaker": {
              "id": "2번",
              "sex": "여성",
              "age": "20대"
            },
            "speechAct": "(단언) 진술하기",
            "morpheme": "그때/NNG+처음/NNG+발리/NNG+를/JKO+알/VV+게/EC+됐/VV+EP+는데/EC+키/NNG+키/XSV+ETN"
          },
          {
            "id": 10,
            "text": "1 : 응 난 그 드라마 엄청 재밌게 봤어",
            "norm_text": "응 난 그 드라마 엄청 재밌게 봤어",
            "speaker": {
              "id": "1번",
              "sex": "여성",
              "age": "20대"
            },
            "speechAct": "(단언) 주장하기",
            "morpheme": "응/IC+난/NP+JX+그/MM+드라마/NNG+엄청/MAG+재밌/VA+게/EC+봤/VX+EP+어/EC"
          },
          {
            "id": 11,
            "text": "1 : 그 뒤로 가보고 싶단 생각을 한 것 같아",
            "norm_text": "그 뒤로 가보고 싶단 생각을 한 것 같아",
            "speaker": {
              "id": "1번",
              "sex": "여성",
              "age": "20대"
            },
            "speechAct": "(단언) 주장하기",
            "morpheme": "그/MM+뒤/NNG+로/JKB+가/VV+EC+보/VX+고/EC+싶/VX+단/ETM+생각/NNG+을/JKO+한/VV+ETM+것/NNB+같/VA+아/EC"
          },
          {
            "id": 12,
            "text": "2 : 아 휴양지 하니까 생각 났는데 나는 다낭도 가보고 싶더라 키키",
            "norm_text": "아 휴양지 하니까 생각 났는데 나는 다낭도 가보고 싶더라 키키",
            "speaker": {
              "id": "2번",
              "sex": "여성",
              "age": "20대"
            },
            "speechAct": "(단언) 주장하기",
            "morpheme": "아휴/IC+양지/NNG+하/XSV+니까/EC+생각났/VV+EP+는데/EC+나/NP+는/JX+다/MAG+낭도/NNG+가/JKS+보/VV+고/EC+싶/VX+더라/EC+키/NNG+키/XSV+ETN"
          },
          {
            "id": 13,
            "text": "2 : 다낭 가본 사람들은 만족을 하더라구",
            "norm_text": "다낭 가본 사람들은 만족을 하더라구",
            "speaker": {
              "id": "2번",
              "sex": "여성",
              "age": "20대"
            },
            "speechAct": "(단언) 진술하기",
            "morpheme": "다/MAG+낭가/NNG+본/VV+ETM+사람/NNG+들/XSN+은/JX+만족/NNG+을/JKO+하/VV+더라구/EC"
          },
          {
            "id": 14,
            "text": "1 : 응 다낭에 가면 마사지는 꼭 받으라고 하던데 키키",
            "norm_text": "응 다낭에 가면 마사지는 꼭 받으라고 하던데 키키",
            "speaker": {
              "id": "1번",
              "sex": "여성",
              "age": "20대"
            },
            "speechAct": "(단언) 진술하기",
            "morpheme": "응/IC+다낭/NNP+에/JKB+가/VV+면/EC+마사지/NNG+는/JX+꼭/MAG+받/VV+으라고/EC+하/VV+던데/EC+키/NNG+키/XSV+ETN"
          },
          {
            "id": 15,
            "text": "1 : 저렴해서 필수래",
            "norm_text": "저렴해서 필수래",
            "speaker": {
              "id": "1번",
              "sex": "여성",
              "age": "20대"
            },
            "speechAct": "(단언) 주장하기",
            "morpheme": "저렴/XR+해서/XSA+EC+필수/NNG+래/VCP+EC"
          },
          {
            "id": 16,
            "text": "2 : 아 나 마사지 받는 거 진짜 좋아해 키키",
            "norm_text": "아 나 마사지 받는 거 진짜 좋아해 키키",
            "speaker": {
              "id": "2번",
              "sex": "여성",
              "age": "20대"
            },
            "speechAct": "(단언) 주장하기",
            "morpheme": "아/IC+나/NP+마사지/NNG+받/VV+는/ETM+거/NNB+진짜/MAG+좋/VA+아/EC+해/VV+EC+키/NNG+키/XSV+ETN"
          },
          {
            "id": 17,
            "text": "2 : 다낭은 따뜻하니까 겨울에 가면 좋겠다 키키",
            "norm_text": "다낭은 따뜻하니까 겨울에 가면 좋겠다 키키",
            "speaker": {
              "id": "2번",
              "sex": "여성",
              "age": "20대"
            },
            "speechAct": "(단언) 주장하기",
            "morpheme": "다낭/NNP+은/JX+따뜻/XR+하/XSA+니까/EC+겨울/NNG+에/JKB+가/VV+면/EC+좋/VA+겠/EP+다키키/NNP"
          },
          {
            "id": 18,
            "text": "1 : 응 추울 때 더운 나라 가고 더울 때 추운 나라 가면 그게 진짜 힐링이지 키키",
            "norm_text": "응 추울 때 더운 나라 가고 더울 때 추운 나라 가면 그게 진짜 힐링이지 키키",
            "speaker": {
              "id": "1번",
              "sex": "여성",
              "age": "20대"
            },
            "speechAct": "(단언) 주장하기",
            "morpheme": "응/IC+추울/VA+ETM+때/NNG+더운/VA+ETM+나라/NNG+가/VV+고/EC+더울/VA+ETM+때/NNG+추운/VA+ETM+나라/NNG+가/VV+면/EC+그게/NP+JKS+진짜/MAG+힐링/NNG+이/VCP+지/EC+키/NNG+키/XSV+ETN"
          },
          {
            "id": 19,
            "text": "1 : 스위스는 왜 가고 싶어?",
            "norm_text": "스위스는 왜 가고 싶어?",
            "speaker": {
              "id": "1번",
              "sex": "여성",
              "age": "20대"
            },
            "speechAct": "(지시) 질문하기",
            "morpheme": "스위스/NNP+는/JX+왜/MAG+가/VV+고/EC+싶/VX+어/EF"
          },
          {
            "id": 20,
            "text": "2 : 모르겠어 그냥 예전부터 티비에서 보면 스위스가 공기 좋고 물 좋고 깨끗한? 나라라고 봐서 그런지 궁금하더라구 키키",
            "norm_text": "모르겠어 그냥 예전부터 티비에서 보면 스위스가 공기 좋고 물 좋고 깨끗한? 나라라고 봐서 그런지 궁금하더라구 키키",
            "speaker": {
              "id": "2번",
              "sex": "여성",
              "age": "20대"
            },
            "speechAct": "(단언) 주장하기",
            "morpheme": "모르/VV+겠/EP+어/EC+그냥/MAG+예전/NNG+부터/JX+티비/NNG+에서/JKB+보/VV+면/EC+스위스/NNP+가/JKS+공기/NNG+좋/VA+고/EC+물/NNG+좋/VA+고/EC+깨끗/XR+한/XSA+ETM+?/SY+나라/NNG+라고/VCP+EC+봐서/VV+EC+그런지/VA+EC+궁금/XR+하/XSA+더라구/EC+키/NNG+키/XSV+ETN"
          },
          {
            "id": 21,
            "text": "1 : 아 진짜 여행 가고 싶다 ㅜㅜ",
            "norm_text": "아 진짜 여행 가고 싶다 ㅜㅜ",
            "speaker": {
              "id": "1번",
              "sex": "여성",
              "age": "20대"
            },
            "speechAct": "(단언) 주장하기",
            "morpheme": "아/IC+진짜/MAG+여행/NNG+가/VV+고/EC+싶/VX+다/EF+ㅜㅜ/UNKNOWN"
          },
          {
            "id": 22,
            "text": "1 : 여행 자유롭게 갈 수 있게 되면 진짜 하고 싶은 거 못했던 거 다 할 거야",
            "norm_text": "여행 자유롭게 갈 수 있게 되면 진짜 하고 싶은 거 못했던 거 다 할 거야",
            "speaker": {
              "id": "1번",
              "sex": "여성",
              "age": "20대"
            },
            "speechAct": "(단언) 주장하기",
            "morpheme": "여행/NNG+자유/NNG+롭/XSA+게/EC+갈/VX+ETM+수/NNB+있/VV+게/EC+되/VV+면/EC+진짜/MAG+하/XSA+고/EC+싶/VX+은/ETM+거/NNB+못/MAG+했/VV+EP+던/ETM+거/NNB+다/MAG+할/VV+ETM+거/NNB+야/VCP+EF"
          },
          {
            "id": 23,
            "text": "2 : 나도! 난 해외여행 가면 꼭 해보고 싶은 게 있는데 스카이다이빙 해보고 싶어 너무 궁금해",
            "norm_text": "나도! 난 해외여행 가면 꼭 해보고 싶은 게 있는데 스카이다이빙 해보고 싶어 너무 궁금해",
            "speaker": {
              "id": "2번",
              "sex": "여성",
              "age": "20대"
            },
            "speechAct": "(단언) 주장하기",
            "morpheme": "나/NP+도/JX+난/NP+JX+해외여행/NNG+가/VV+면/EC+꼭/MAG+해/VV+EC+보/VX+고/EC+싶/VX+은/ETM+게/NNB+JKS+있/VA+는데/EC+스카이다이빙/NNG+해/XSV+EC+보/VX+고/EC+싶/VX+어/EC+너무/MAG+궁금/XR+해/XSA+EC"
          },
          {
            "id": 24,
            "text": "2 : 그게 죽기 전에 해봐야 하는 거 중에 하나라고 하더라구",
            "norm_text": "그게 죽기 전에 해봐야 하는 거 중에 하나라고 하더라구",
            "speaker": {
              "id": "2번",
              "sex": "여성",
              "age": "20대"
            },
            "speechAct": "(단언) 진술하기",
            "morpheme": "그게/NP+JKS+죽/VV+기/ETN+전/NNG+에/JKB+해/VV+EC+봐야/VX+EC+하/VV+는/ETM+거/NNB+중/NNB+에/JKB+하나/NR+라고/VCP+EC+하/VV+더라구/EC"
          },
          {
            "id": 25,
            "text": "1 : 오 나도 그거 해보고 싶어 키키",
            "norm_text": "오 나도 그거 해보고 싶어 키키",
            "speaker": {
              "id": "1번",
              "sex": "여성",
              "age": "20대"
            },
            "speechAct": "(단언) 주장하기",
            "morpheme": "오/IC+나/NP+도/JX+그거/NP+해/VV+EC+보/VX+고/EC+싶/VX+어/EC+키/NNG+키/XSV+ETN"
          },
          {
            "id": 26,
            "text": "1 : 한 사람들 인터뷰나 후기 같은 거 보면 진짜 너무 감격스러워 하면서 좋아하더라",
            "norm_text": "한 사람들 인터뷰나 후기 같은 거 보면 진짜 너무 감격스러워 하면서 좋아하더라",
            "speaker": {
              "id": "1번",
              "sex": "여성",
              "age": "20대"
            },
            "speechAct": "(단언) 진술하기",
            "morpheme": "한/MM+사람/NNG+들/XSN+인터뷰/NNG+나/JC+후기/NNG+같/VA+은/ETM+거/NNB+보/VV+면/EC+진짜/MAG+너무/MAG+감격/NNG+스러워/XSA+EC+하/VV+면서/EC+좋/VA+아/EC+하/VV+더라/EC"
          },
          {
            "id": 27,
            "text": "2 : 응응 맞아 근데 또 막상 하려고 하면 겁나서 못할 수도 있겠다 키키",
            "norm_text": "응응 맞아 근데 또 막상 하려고 하면 겁나서 못할 수도 있겠다 키키",
            "speaker": {
              "id": "2번",
              "sex": "여성",
              "age": "20대"
            },
            "speechAct": "(단언) 주장하기",
            "morpheme": "응응/MAG+맞/VV+아/EC+근데/MAJ+또/MAG+막상/MAG+하/VV+려고/EC+하/VV+면/EC+겁나/VV+서/EC+못할/VX+ETM+수/NNB+도/JX+있/VA+겠/EP+다키키/NNP"
          },
          {
            "id": 28,
            "text": "2 : 하지만 꼭 도전해보고 싶어",
            "norm_text": "하지만 꼭 도전해보고 싶어",
            "speaker": {
              "id": "2번",
              "sex": "여성",
              "age": "20대"
            },
            "speechAct": "(단언) 주장하기",
            "morpheme": "하지만/MAJ+꼭/MAG+도전/NNG+해/XSV+EC+보/VX+고/EC+싶/VX+어/EC"
          },
          {
            "id": 29,
            "text": "1 : 나는 성지순례도 가보고 싶더라 키키",
            "norm_text": "나는 성지순례도 가보고 싶더라 키키",
            "speaker": {
              "id": "1번",
              "sex": "여성",
              "age": "20대"
            },
            "speechAct": "(단언) 주장하기",
            "morpheme": "나/NP+는/JX+성지/NNG+순례/NNG+도/JX+가/VV+EC+보/VX+고/EC+싶/VX+더라/EC+키/NNG+키/XSV+ETN"
          },
          {
            "id": 30,
            "text": "1 : 진짜 아무 생각 없이 마음을 비우고 걸어보고 싶어",
            "norm_text": "진짜 아무 생각 없이 마음을 비우고 걸어보고 싶어",
            "speaker": {
              "id": "1번",
              "sex": "여성",
              "age": "20대"
            },
            "speechAct": "(단언) 주장하기",
            "morpheme": "진짜/MAG+아무/MM+생각/NNG+없이/MAG+마음/NNG+을/JKO+비우/VV+고/EC+걸/VV+어/EC+보/VX+고/EC+싶/VX+어/EC"
          },
          {
            "id": 31,
            "text": "2 : 헐 나도 예전엔 그거 버킷리스트였는데 키키",
            "norm_text": "헐 나도 예전엔 그거 버킷리스트였는데 키키",
            "speaker": {
              "id": "2번",
              "sex": "여성",
              "age": "20대"
            },
            "speechAct": "(단언) 주장하기",
            "morpheme": "헐/IC+나/NP+도/JX+예전/NNG+엔/JKB+JX+그거/NP+버킷/NNG+리스트/NNG+였/VCP+EP+는데/EC+키/NNG+키/XSV+ETN"
          },
          {
            "id": 32,
            "text": "2 : 언젠가 꼭 해볼 수 있으면 해보자 키키",
            "norm_text": "언젠가 꼭 해볼 수 있으면 해보자 키키",
            "speaker": {
              "id": "2번",
              "sex": "여성",
              "age": "20대"
            },
            "speechAct": "(단언) 주장하기",
            "morpheme": "언젠가/MAG+꼭/MAG+해/VV+EC+볼/VX+ETM+수/NNB+있/VV+으면/EC+해/VV+EC+보/VX+자/EC+키/NNG+키/XSV+ETN"
          }
        ]
      }
    }
  ]
}