{
  "dataset": {
    "identifier": 35251,
    "name": "KAKAO_903_06_set",
    "src_path": "/data/file/cubeManager/PROJECT001/53/txt20211005095751067193/KAKAO_903_06_set/",
    "label_path": "/data/file/cubeManager/PROJECT001/53/txt20211005095751067193/KAKAO_903_06_set/",
    "category": 2,
    "type": 0
  },
  "licenses": {
    "name": "Apache License 1.0",
    "url": "http://www.apache.org/licenses/LICENSE-1.0"
  },
  "info": [
    {
      "id": 40785,
      "filename": "KAKAO_903_06.txt",
      "title": "KAKAO_903_06",
      "mediatype": "SNS",
      "medianame": "카카오톡",
      "category": "일상대화",
      "date": "2021-10-05",
      "size": 734,
      "annotations": {
        "subject": "교육",
        "speaker_type": "1:1",
        "size": 734,
        "word_size": 215,
        "text": "1 : 넌 진짜 간호사가 될 인성이 아니야.\n1 : 그나마 다행인 건 너가 선생님이 아니라서야... 남동생 군대 가는 걸 깔깔 거리다니\n2 : 미안한데 나 가르치는 거에 소질 있어\n1 : 아니 근데 자라나는 새싹들한테 니 인성을 가르칠 순 없잖아 ㅠ\n2 : 환자들이 모르는 거 설명하면 얼마나 잘 이해하는데 자라나는 새싹 정도야 껌이지\n1 : 그건 그냥 아 죽을병 아니라는 거구나... 여기서 말대답하면 죽을 수는 있을 거 같으니까 대충 알겠다 해야지 하시는 걸껄\n2 : 아니야 뭘 죽어 나 친절 간호사로 칭찬통에 이름도 들어간 적 있다고\n1 : 야 왜 간호 호러물 보면 극진히 간호해주면서 약 놔주던 간호사가 알고 보니까 락스 먹이고 있었고 이런 거 있잖아...\n1 : 그런 거 생각나서 환자들이 잘 보이려고 하는 걸 거야... 착각 하지 말자 우리\n2 : 야야 그 정도 아니야 진짜로 교육적 재능이 있다고\n1 : 선생님은 아무나 하냐. 진짜 인성 검사가 있다면 넌 탈락인데\n2 : 인성검사하면 바로 특채로 뽑히지\n1 : 봐봐 이거 봐봐. 벌써 인성 낭떠러지여... 거짓말 치는 게 선수급이네 그냥\n2 : 거짓말이 아니라 팩트지 인성 쪽은 훌룽해 날 때부터 완성형이였어\n1 : 넌 진짜 선생님 안 된 거에 감사하다... 우리나라 교육이 그덕에 좀 살아났어\n2 : 내가 선생님 했잖아? 진짜 인재 파티였을걸 좋은 스승을 둬서\n1 : 우리나라 공교육은 위대해. 이런 거짓말쟁이를 알아서 걸러냈잖아?\n2 : 노노 거짓말쟁이라니 정말 너무하다 ㅠㅠ",
        "lines": [
          {
            "id": 1,
            "text": "1 : 넌 진짜 간호사가 될 인성이 아니야.",
            "norm_text": "넌 진짜 간호사가 될 인성이 아니야.",
            "speaker": {
              "id": "1번",
              "sex": "여성",
              "age": "20대"
            },
            "speechAct": "(단언) 주장하기",
            "morpheme": "넌/NP+JX+진짜/MAG+간호사/NNG+가/JKS+될/VV+ETM+인성/NNG+이/JKC+아니/VCN+야/EF"
          },
          {
            "id": 2,
            "text": "1 : 그나마 다행인 건 너가 선생님이 아니라서야... 남동생 군대 가는 걸 깔깔 거리다니",
            "norm_text": "그나마 다행인 건 너가 선생님이 아니라서야... 남동생 군대 가는 걸 깔깔 거리다니",
            "speaker": {
              "id": "1번",
              "sex": "여성",
              "age": "20대"
            },
            "speechAct": "(단언) 주장하기",
            "morpheme": "그나마/MAG+다행/NNG+인/VCP+ETM+건/NNB+JX+너/NP+가/JKS+선생/NNG+님/XSN+이/JKC+아니/VCN+라/EC+서/VV+야/EF+./SY+남동생/NNG+군대/NNG+가/VV+는/ETM+걸/NNB+JKO+깔깔거리/VV+다니/EC"
          },
          {
            "id": 3,
            "text": "2 : 미안한데 나 가르치는 거에 소질 있어",
            "norm_text": "미안한데 나 가르치는 거에 소질 있어",
            "speaker": {
              "id": "2번",
              "sex": "여성",
              "age": "20대"
            },
            "speechAct": "(단언) 주장하기",
            "morpheme": "미안/NNG+한/XSA+ETM+데/NNB+나/JX+가르치/VV+는/ETM+거/NNB+에/JKB+소질/NNG+있/VV+어/EC"
          },
          {
            "id": 4,
            "text": "1 : 아니 근데 자라나는 새싹들한테 니 인성을 가르칠 순 없잖아 ㅠ",
            "norm_text": "아니 근데 자라나는 새싹들한테 니 인성을 가르칠 순 없잖아 ㅠ",
            "speaker": {
              "id": "1번",
              "sex": "여성",
              "age": "20대"
            },
            "speechAct": "(단언) 주장하기",
            "morpheme": "아니/IC+근데/MAJ+자라나/VV+는/ETM+새싹/NNG+들/XSN+한테/JKB+니/MM+인성/NNG+을/JKO+가르칠/VV+ETM+순/NNB+JX+없/VA+잖아/EF+ㅠ/UNKNOWN"
          },
          {
            "id": 5,
            "text": "2 : 환자들이 모르는 거 설명하면 얼마나 잘 이해하는데 자라나는 새싹 정도야 껌이지",
            "norm_text": "환자들이 모르는 거 설명하면 얼마나 잘 이해하는데 자라나는 새싹 정도야 껌이지",
            "speaker": {
              "id": "2번",
              "sex": "여성",
              "age": "20대"
            },
            "speechAct": "(단언) 주장하기",
            "morpheme": "환자/NNG+들/XSN+이/JKS+모르/VV+는/ETM+거/NNB+설명/NNG+하/XSV+면/EC+얼마나/MAG+잘/MAG+이해/NNG+하/XSV+는/ETM+데/NNB+자라나/VV+는/ETM+새싹/NNG+정도/NNG+야/VCP+EF+껌/NNG+이/VCP+지/EC"
          },
          {
            "id": 6,
            "text": "1 : 그건 그냥 아 죽을병 아니라는 거구나... 여기서 말대답하면 죽을 수는 있을 거 같으니까 대충 알겠다 해야지 하시는 걸껄",
            "norm_text": "그건 그냥 아 죽을병 아니라는 거구나... 여기서 말대답하면 죽을 수는 있을 거 같으니까 대충 알겠다 해야지 하시는 걸껄",
            "speaker": {
              "id": "1번",
              "sex": "여성",
              "age": "20대"
            },
            "speechAct": "(단언) 주장하기",
            "morpheme": "그건/NP+JX+그냥/MAG+아/IC+죽을병/NNG+아니/VCN+라는/ETM+거/NNB+구나/VCP+EF+./SY+여기/NP+서/JKB+말대답/NNG+하/XSV+면/EC+죽/VV+을/ETM+수/NNB+는/JX+있/VA+을/ETM+거/NNB+같/VA+으니까/EC+대충/MAG+알/VV+겠/EP+다/EC+해야지/VX+EC+하/VX+시/EP+는/ETM+걸/NNB+JKO+껄/VV"
          },
          {
            "id": 7,
            "text": "2 : 아니야 뭘 죽어 나 친절 간호사로 칭찬통에 이름도 들어간 적 있다고",
            "norm_text": "아니야 뭘 죽어 나 친절 간호사로 칭찬통에 이름도 들어간 적 있다고",
            "speaker": {
              "id": "2번",
              "sex": "여성",
              "age": "20대"
            },
            "speechAct": "(단언) 진술하기",
            "morpheme": "아니야/IC+뭘/NP+JKO+죽/VV+어나/EC+친절/NNG+간호사/NNG+로/JKB+칭찬/NNG+통/NNB+에/JKB+이름/NNG+도/JX+들어간/VV+ETM+적/NNB+있/VA+다고/EC"
          },
          {
            "id": 8,
            "text": "1 : 야 왜 간호 호러물 보면 극진히 간호해주면서 약 놔주던 간호사가 알고 보니까 락스 먹이고 있었고 이런 거 있잖아...",
            "norm_text": "야 왜 간호 호러물 보면 극진히 간호해주면서 약 놔주던 간호사가 알고 보니까 락스 먹이고 있었고 이런 거 있잖아...",
            "speaker": {
              "id": "1번",
              "sex": "여성",
              "age": "20대"
            },
            "speechAct": "(단언) 진술하기",
            "morpheme": "야/IC+왜/MAG+간호/NNG+호러/NNP+물/NNG+보/VV+면/EC+극진히/MAG+간호/NNG+해/XSV+EC+주/VX+면서/EC+약/NNG+놔/VV+EC+주/VX+던/ETM+간호사/NNG+가/JKS+알/VV+고/EC+보/VX+니/EC+까락스/NNP+먹이/VV+고/EC+있/VX+었/EP+고/EC+이런/MM+거/NNB+있/VA+잖아/EF+./SY"
          },
          {
            "id": 9,
            "text": "1 : 그런 거 생각나서 환자들이 잘 보이려고 하는 걸 거야... 착각 하지 말자 우리",
            "norm_text": "그런 거 생각나서 환자들이 잘 보이려고 하는 걸 거야... 착각 하지 말자 우리",
            "speaker": {
              "id": "1번",
              "sex": "여성",
              "age": "20대"
            },
            "speechAct": "(단언) 주장하기",
            "morpheme": "그런/MM+거/NNB+생각나/VV+서/EC+환자/NNG+들/XSN+이/JKS+잘/MAG+보이/VV+려고/EC+하/VV+는/ETM+걸/NNB+JKO+거/NNB+야/VCP+EF+./SY+착각/NNG+하/XSV+지/EC+말/VX+자/EC+우리/NP"
          },
          {
            "id": 10,
            "text": "2 : 야야 그 정도 아니야 진짜로 교육적 재능이 있다고",
            "norm_text": "야야 그 정도 아니야 진짜로 교육적 재능이 있다고",
            "speaker": {
              "id": "2번",
              "sex": "여성",
              "age": "20대"
            },
            "speechAct": "(단언) 주장하기",
            "morpheme": "야야/IC+그/MM+정도/NNG+아니/VCN+야/EC+진짜/NNG+로/JKB+교육/NNG+적/XSN+재능/NNG+이/JKS+있/VV+다고/EC"
          },
          {
            "id": 11,
            "text": "1 : 선생님은 아무나 하냐. 진짜 인성 검사가 있다면 넌 탈락인데",
            "norm_text": "선생님은 아무나 하냐. 진짜 인성 검사가 있다면 넌 탈락인데",
            "speaker": {
              "id": "1번",
              "sex": "여성",
              "age": "20대"
            },
            "speechAct": "(단언) 주장하기",
            "morpheme": "선생/NNG+님/XSN+은/JX+아무/NP+나/JX+하/VV+냐/EF+진짜/MAG+인성/NNP+검사/NNG+가/JKS+있/VA+다면/EC+넌/NP+JX+탈락/NNG+인데/VCP+EC"
          },
          {
            "id": 12,
            "text": "2 : 인성검사하면 바로 특채로 뽑히지",
            "norm_text": "인성검사하면 바로 특채로 뽑히지",
            "speaker": {
              "id": "2번",
              "sex": "여성",
              "age": "20대"
            },
            "speechAct": "(단언) 주장하기",
            "morpheme": "인성/NNP+검사/NNG+하/XSV+면/EC+바로/MAG+특채/NNG+로/JKB+뽑히/VV+지/EC"
          },
          {
            "id": 13,
            "text": "1 : 봐봐 이거 봐봐. 벌써 인성 낭떠러지여... 거짓말 치는 게 선수급이네 그냥",
            "norm_text": "봐봐 이거 봐봐. 벌써 인성 낭떠러지여... 거짓말 치는 게 선수급이네 그냥",
            "speaker": {
              "id": "1번",
              "sex": "여성",
              "age": "20대"
            },
            "speechAct": "(단언) 주장하기",
            "morpheme": "봐/VV+EC+봐/VX+EF+이거/NP+봐/VV+EC+봐/VX+EF+벌써/MAG+인성/NNP+낭떠러지/NNG+여/VCP+EF+./SY+거짓말/NNG+치/VV+는/ETM+게/NNB+JKS+선수/NNG+급/NNG+이/JKS+네/IC+그냥/MAG"
          },
          {
            "id": 14,
            "text": "2 : 거짓말이 아니라 팩트지 인성 쪽은 훌룽해 날 때부터 완성형이였어",
            "norm_text": "거짓말이 아니라 팩트지 인성 쪽은 훌룽해 날 때부터 완성형이였어",
            "speaker": {
              "id": "2번",
              "sex": "여성",
              "age": "20대"
            },
            "speechAct": "(단언) 주장하기",
            "morpheme": "거짓말/NNG+이/JKC+아니/VCN+라/EC+팩/MAG+트/VV+지/EC+인성/NNP+쪽/NNB+은/JX+훌/NNP+룽/NNG+해/XSV+EC+날/NNG+때/NNG+부터/JX+완성/NNG+형/XSN+이/VCP+였/EP+어/EC"
          },
          {
            "id": 15,
            "text": "1 : 넌 진짜 선생님 안 된 거에 감사하다... 우리나라 교육이 그덕에 좀 살아났어",
            "norm_text": "넌 진짜 선생님 안 된 거에 감사하다... 우리나라 교육이 그덕에 좀 살아났어",
            "speaker": {
              "id": "1번",
              "sex": "여성",
              "age": "20대"
            },
            "speechAct": "(단언) 주장하기",
            "morpheme": "넌/NP+JX+진짜/MAG+선생/NNG+님/XSN+안/MAG+된/VV+ETM+거/NNB+에/JKB+감사/NNG+하/XSA+다/EF+./SY+우리/NP+나라/NNG+교육/NNG+이/JKS+그/MM+덕/NNG+에/JKB+좀/MAG+살아났/VV+EP+어/EC"
          },
          {
            "id": 16,
            "text": "2 : 내가 선생님 했잖아? 진짜 인재 파티였을걸 좋은 스승을 둬서",
            "norm_text": "내가 선생님 했잖아? 진짜 인재 파티였을걸 좋은 스승을 둬서",
            "speaker": {
              "id": "2번",
              "sex": "여성",
              "age": "20대"
            },
            "speechAct": "(단언) 주장하기",
            "morpheme": "내/NP+가/JKS+선생/NNG+님/XSN+했/VV+EP+잖아/EF+진짜/MAG+인재/NNG+파티/NNG+였을/VCP+EP+ETM+걸/NNB+JKO+좋/VA+은/ETM+스승/NNG+을/JKO+둬서/VV+EC"
          },
          {
            "id": 17,
            "text": "1 : 우리나라 공교육은 위대해. 이런 거짓말쟁이를 알아서 걸러냈잖아?",
            "norm_text": "우리나라 공교육은 위대해. 이런 거짓말쟁이를 알아서 걸러냈잖아?",
            "speaker": {
              "id": "1번",
              "sex": "여성",
              "age": "20대"
            },
            "speechAct": "(단언) 주장하기",
            "morpheme": "우리/NP+나라/NNG+공교육/NNG+은/JX+위대/XR+해/XSA+EF+이런/MM+거짓말/NNG+쟁이/XSN+를/JKO+알/VV+아서/EC+걸러냈/VV+EC+VX+EP+잖아/EF"
          },
          {
            "id": 18,
            "text": "2 : 노노 거짓말쟁이라니 정말 너무하다 ㅠㅠ",
            "norm_text": "노노 거짓말쟁이라니 정말 너무하다 ㅠㅠ",
            "speaker": {
              "id": "2번",
              "sex": "여성",
              "age": "20대"
            },
            "speechAct": "(단언) 주장하기",
            "morpheme": "노노/IC+거짓말/NNG+쟁이/XSN+라니/VCP+EC+정말/MAG+너무/MAG+하/VV+다/EF+ㅠㅠ/UNKNOWN"
          }
        ]
      }
    }
  ]
}