{
  "dataset": {
    "identifier": 44491,
    "name": "KAKAO_910_01_set",
    "src_path": "/data/file/cubeManager/PROJECT001/53/txt20211005154828064474/KAKAO_910_01_set/",
    "label_path": "/data/file/cubeManager/PROJECT001/53/txt20211005154828064474/KAKAO_910_01_set/",
    "category": 2,
    "type": 0
  },
  "licenses": {
    "name": "Apache License 1.0",
    "url": "http://www.apache.org/licenses/LICENSE-1.0"
  },
  "info": [
    {
      "id": 41678,
      "filename": "KAKAO_910_01.txt",
      "title": "KAKAO_910_01",
      "mediatype": "SNS",
      "medianame": "카카오톡",
      "category": "일상대화",
      "date": "2021-10-05",
      "size": 898,
      "annotations": {
        "subject": "식음료",
        "speaker_type": "다자간 대화",
        "size": 898,
        "word_size": 289,
        "text": "1 : 언니 어제 어머니 생신이셨다면서요?\n1 : 맛있는 거 드셨어요?\n2 : 네 코로나 때문에 룸이 있는 식당으로 예약해서 갔어요\n3 : 전 요새 밖에서 마음 놓고 외식 해 본 적이 없는 것 같아요\n1 : 그래서 식구들이랑 뭐 드셨는지 궁금해요\n2 : 전 생선을 좋아하는데 동생과 제부는 고기를 좋아해서 메뉴 고르기가 힘들었지 뭐예요\n3 : 전 다 좋아하는데!\n3 : 제가 제일 좋아하는 건 피자나 탕수육 같은 거예요\n3 : 아직도 애기 입맛이에요\n1 : 전 생선이 비려서 못 먹어요\n1 : 특히 날 생선은 입에도 못 대요\n2 : 저도 어릴 때 생선 못 먹었어요\n2 : 생선 눈이 무서워서 식탁에 올라와 있으면 다른 데 쳐다봤어요\n3 : 하하 언니 참 재미있는 분이셨네!\n1 : 그래서 뭐로 정하신 거예요?\n1 : 뭐 드셨어요?\n2 : 여의도에 있는 초밥집으로 갔는데 전망이 진짜 좋더라구요\n3 : 아 정말요? 우리도 나중에 한번 다 같이 가요!\n1 : 언니는 맛있는 거 드셨는데 전 어젯밤에 라면 먹고 자서 얼굴이 부었어요\n2 : 전 하도 많이 먹어서 한 3kg는 찐 것 같아요\n3 : 그런 살은 금방 빠지니까 걱정 안 해도 돼요\n1 : 두 분은 무슨 라면 좋아하세요?\n2 : 전 한의원에서 밀가루 먹지 말라고 해서 라면 못 먹어요 흑\n3 : 정말요? 밀가루 음식은 인생의 큰 즐거움인데 언니 너무 안됐다.\n1 : 그러게요 전 빵순이라서 매일 꼭 하나씩 먹어요\n2 : 하하 요새는 쌀로 만든 빵이 잘 나온답니다 맛있어요!\n3 : 앗 진짜요? 쌀 빵은 한번도 안 먹어봤는데 밀가루 빵이랑 맛이 똑같아요?\n1 : 쌀 빵은 맛있긴 해도 비싼 단점이 있죠\n2 : 맞아요 전 사실 빵도 빵이지만 빵에 들어가는 생크림 같은 걸 더 좋아해요\n2 : 느끼한 거 완전 좋아해요\n3 : 어머 전 느끼한 거 딱 질색인데\n3 : 크림이 싫어서 커피 마실 때도 다 빼 달라고 해요",
        "lines": [
          {
            "id": 1,
            "text": "1 : 언니 어제 어머니 생신이셨다면서요?",
            "norm_text": "언니 어제 어머니 생신이셨다면서요?",
            "speaker": {
              "id": "1번",
              "sex": "여성",
              "age": "30대"
            },
            "speechAct": "(지시) 질문하기",
            "morpheme": "언니/NNG+어제/NNG+어머니/NNG+생신/NNG+이/VCP+셨/EP+EP+다면서요/EF"
          },
          {
            "id": 2,
            "text": "1 : 맛있는 거 드셨어요?",
            "norm_text": "맛있는 거 드셨어요?",
            "speaker": {
              "id": "1번",
              "sex": "여성",
              "age": "30대"
            },
            "speechAct": "(지시) 질문하기",
            "morpheme": "맛있/VA+는/ETM+거/NNB+드셨/VV+EP+어요/EF"
          },
          {
            "id": 3,
            "text": "2 : 네 코로나 때문에 룸이 있는 식당으로 예약해서 갔어요",
            "norm_text": "네 코로나 때문에 룸이 있는 식당으로 예약해서 갔어요",
            "speaker": {
              "id": "2번",
              "sex": "여성",
              "age": "40대"
            },
            "speechAct": "(단언) 진술하기",
            "morpheme": "네/IC+코로나/NNG+때문/NNB+에/JKB+룸/NNG+이/JKS+있/VA+는/ETM+식당/NNG+으로/JKB+예약/NNG+해서/XSV+EC+갔/VV+EP+어요/EF"
          },
          {
            "id": 4,
            "text": "3 : 전 요새 밖에서 마음 놓고 외식 해 본 적이 없는 것 같아요",
            "norm_text": "전 요새 밖에서 마음 놓고 외식 해 본 적이 없는 것 같아요",
            "speaker": {
              "id": "3번",
              "sex": "여성",
              "age": "10대"
            },
            "speechAct": "(단언) 주장하기",
            "morpheme": "전/MM+요새/NNG+밖/NNG+에서/JKB+마음놓/VV+고/EC+외식/NNG+해/XSV+EC+본/VX+ETM+적/NNB+이/JKS+없/VA+는/ETM+것/NNB+같/VA+아요/EC"
          },
          {
            "id": 5,
            "text": "1 : 그래서 식구들이랑 뭐 드셨는지 궁금해요",
            "norm_text": "그래서 식구들이랑 뭐 드셨는지 궁금해요",
            "speaker": {
              "id": "1번",
              "sex": "여성",
              "age": "30대"
            },
            "speechAct": "(지시) 질문하기",
            "morpheme": "그래서/MAJ+식구/NNG+들/XSN+이랑/JKB+뭐/IC+드셨/VV+EP+는지/EC+궁금/XR+해요/XSA+EC"
          },
          {
            "id": 6,
            "text": "2 : 전 생선을 좋아하는데 동생과 제부는 고기를 좋아해서 메뉴 고르기가 힘들었지 뭐예요",
            "norm_text": "전 생선을 좋아하는데 동생과 제부는 고기를 좋아해서 메뉴 고르기가 힘들었지 뭐예요",
            "speaker": {
              "id": "2번",
              "sex": "여성",
              "age": "40대"
            },
            "speechAct": "(단언) 진술하기",
            "morpheme": "전/MM+생선/NNG+을/JKO+좋아하/VV+는데/EC+동생/NNG+과/JC+제부/NNG+는/JX+고기/NNG+를/JKO+좋아해서/VV+EC+메뉴/NNG+고르/VV+기/ETN+가/JKS+힘들/VA+었/EP+지/EF+뭐/NP+예요/VCP+EF"
          },
          {
            "id": 7,
            "text": "3 : 전 다 좋아하는데!",
            "norm_text": "전 다 좋아하는데!",
            "speaker": {
              "id": "3번",
              "sex": "여성",
              "age": "10대"
            },
            "speechAct": "(단언) 주장하기",
            "morpheme": "전/NP+JX+다/MAG+좋/VA+아/EC+하/VV+는데/EC"
          },
          {
            "id": 8,
            "text": "3 : 제가 제일 좋아하는 건 피자나 탕수육 같은 거예요",
            "norm_text": "제가 제일 좋아하는 건 피자나 탕수육 같은 거예요",
            "speaker": {
              "id": "3번",
              "sex": "여성",
              "age": "10대"
            },
            "speechAct": "(단언) 주장하기",
            "morpheme": "제/NP+가/JKS+제일/MAG+좋/VA+아/EC+하/VV+는/ETM+건/NNB+JX+피자/NNG+나/JC+탕수육/NNG+같/VA+은/ETM+거/NNB+예요/VCP+EF"
          },
          {
            "id": 9,
            "text": "3 : 아직도 애기 입맛이에요",
            "norm_text": "아직도 애기 입맛이에요",
            "speaker": {
              "id": "3번",
              "sex": "여성",
              "age": "10대"
            },
            "speechAct": "(단언) 주장하기",
            "morpheme": "아직/MAG+도/JX+애기/NNG+입맛/NNG+이/VCP+에요/EF"
          },
          {
            "id": 10,
            "text": "1 : 전 생선이 비려서 못 먹어요",
            "norm_text": "전 생선이 비려서 못 먹어요",
            "speaker": {
              "id": "1번",
              "sex": "여성",
              "age": "30대"
            },
            "speechAct": "(단언) 주장하기",
            "morpheme": "전/MM+생선/NNG+이/JKS+비려/NNP+서/JKB+못/MAG+먹/VV+어요/EF"
          },
          {
            "id": 11,
            "text": "1 : 특히 날 생선은 입에도 못 대요",
            "norm_text": "특히 날 생선은 입에도 못 대요",
            "speaker": {
              "id": "1번",
              "sex": "여성",
              "age": "30대"
            },
            "speechAct": "(단언) 주장하기",
            "morpheme": "특히/MAG+날/NNG+생선/NNG+은/JX+입/NNG+에/JKB+도/JX+못/MAG+대/VV+요/EC"
          },
          {
            "id": 12,
            "text": "2 : 저도 어릴 때 생선 못 먹었어요",
            "norm_text": "저도 어릴 때 생선 못 먹었어요",
            "speaker": {
              "id": "2번",
              "sex": "여성",
              "age": "40대"
            },
            "speechAct": "(단언) 진술하기",
            "morpheme": "저/NP+도/JX+어릴/VA+ETM+때/NNG+생선/NNG+못/MAG+먹/VV+었/EP+어요/EF"
          },
          {
            "id": 13,
            "text": "2 : 생선 눈이 무서워서 식탁에 올라와 있으면 다른 데 쳐다봤어요",
            "norm_text": "생선 눈이 무서워서 식탁에 올라와 있으면 다른 데 쳐다봤어요",
            "speaker": {
              "id": "2번",
              "sex": "여성",
              "age": "40대"
            },
            "speechAct": "(단언) 진술하기",
            "morpheme": "생선/NNG+눈/NNG+이/JKS+무서워서/VA+EC+식탁/NNG+에/JKB+올라와/VV+EC+있/VX+으면/EC+다른/MM+데/NNB+쳐다봤/VV+EP+어요/EF"
          },
          {
            "id": 14,
            "text": "3 : 하하 언니 참 재미있는 분이셨네!",
            "norm_text": "하하 언니 참 재미있는 분이셨네!",
            "speaker": {
              "id": "3번",
              "sex": "여성",
              "age": "10대"
            },
            "speechAct": "(단언) 주장하기",
            "morpheme": "하하/MAG+언니/NNG+참/MAG+재미있/VA+는/ETM+분/NNB+이/VCP+셨/EP+EP+네/EF"
          },
          {
            "id": 15,
            "text": "1 : 그래서 뭐로 정하신 거예요?",
            "norm_text": "그래서 뭐로 정하신 거예요?",
            "speaker": {
              "id": "1번",
              "sex": "여성",
              "age": "30대"
            },
            "speechAct": "(지시) 질문하기",
            "morpheme": "그래서/MAJ+뭐/NP+로/JKB+정하/VV+신/EP+ETM+거/NNB+예요/VCP+EF"
          },
          {
            "id": 16,
            "text": "1 : 뭐 드셨어요?",
            "norm_text": "뭐 드셨어요?",
            "speaker": {
              "id": "1번",
              "sex": "여성",
              "age": "30대"
            },
            "speechAct": "(지시) 질문하기",
            "morpheme": "뭐/IC+드셨/VV+EP+어요/EF"
          },
          {
            "id": 17,
            "text": "2 : 여의도에 있는 초밥집으로 갔는데 전망이 진짜 좋더라구요",
            "norm_text": "여의도에 있는 초밥집으로 갔는데 전망이 진짜 좋더라구요",
            "speaker": {
              "id": "2번",
              "sex": "여성",
              "age": "40대"
            },
            "speechAct": "(단언) 주장하기",
            "morpheme": "여의도/NNP+에/JKB+있/VV+는/ETM+초밥/NNG+집/NNG+으로/JKB+갔/VV+EP+는데/EC+전망/NNG+이/JKS+진짜/MAG+좋/VA+더라구요/EC"
          },
          {
            "id": 18,
            "text": "3 : 아 정말요? 우리도 나중에 한번 다 같이 가요!",
            "norm_text": "아 정말요? 우리도 나중에 한번 다 같이 가요!",
            "speaker": {
              "id": "3번",
              "sex": "여성",
              "age": "10대"
            },
            "speechAct": "(언약) 약속하기(제3자와)/(개인적 수준)",
            "morpheme": "아/IC+정말/MAG+요/JX+우리/NP+도/JX+나중/NNG+에/JKB+한/MM+번/NNBC+다/MAG+같이/MAG+가요/NNG"
          },
          {
            "id": 19,
            "text": "1 : 언니는 맛있는 거 드셨는데 전 어젯밤에 라면 먹고 자서 얼굴이 부었어요",
            "norm_text": "언니는 맛있는 거 드셨는데 전 어젯밤에 라면 먹고 자서 얼굴이 부었어요",
            "speaker": {
              "id": "1번",
              "sex": "여성",
              "age": "30대"
            },
            "speechAct": "(단언) 주장하기",
            "morpheme": "언니/NNG+는/JX+맛있/VA+는/ETM+거/NNB+드셨/VV+EP+는데/EC+전/MM+어젯밤/NNG+에/JKB+라면/VCP+EC+먹/VV+고/EC+자서/NNG+얼굴/NNG+이/JKS+부/VV+었/EP+어요/EF"
          },
          {
            "id": 20,
            "text": "2 : 전 하도 많이 먹어서 한 3kg는 찐 것 같아요",
            "norm_text": "전 하도 많이 먹어서 한 3kg는 찐 것 같아요",
            "speaker": {
              "id": "2번",
              "sex": "여성",
              "age": "40대"
            },
            "speechAct": "(단언) 주장하기",
            "morpheme": "전/NP+JX+하도/MAG+많이/MAG+먹/VV+어서/EC+한/VX+ETM+3/SN+kg/SL+는/JX+찐/VV+ETM+것/NNB+같/VA+아요/EC"
          },
          {
            "id": 21,
            "text": "3 : 그런 살은 금방 빠지니까 걱정 안 해도 돼요",
            "norm_text": "그런 살은 금방 빠지니까 걱정 안 해도 돼요",
            "speaker": {
              "id": "3번",
              "sex": "여성",
              "age": "10대"
            },
            "speechAct": "(단언) 주장하기",
            "morpheme": "그런/MM+살/NNG+은/JX+금방/MAG+빠지/VV+니까/EC+걱정/NNG+안/MAG+해도/VV+EC+돼요/VV+EC"
          },
          {
            "id": 22,
            "text": "1 : 두 분은 무슨 라면 좋아하세요?",
            "norm_text": "두 분은 무슨 라면 좋아하세요?",
            "speaker": {
              "id": "1번",
              "sex": "여성",
              "age": "30대"
            },
            "speechAct": "(지시) 질문하기",
            "morpheme": "두/MM+분/NNBC+은/JX+무슨/MM+라면/NNG+좋/VA+아/EC+하/VX+세요/EP+EF"
          },
          {
            "id": 23,
            "text": "2 : 전 한의원에서 밀가루 먹지 말라고 해서 라면 못 먹어요 흑",
            "norm_text": "전 한의원에서 밀가루 먹지 말라고 해서 라면 못 먹어요 흑",
            "speaker": {
              "id": "2번",
              "sex": "여성",
              "age": "40대"
            },
            "speechAct": "(단언) 진술하기",
            "morpheme": "전/MM+한/MM+의원/NNG+에서/JKB+밀가루/NNG+먹/VV+지/EC+말/VX+라고/EC+해서/VX+EC+VCP+라면/EC+못/MAG+먹/VV+어요/EF+흑/IC"
          },
          {
            "id": 24,
            "text": "3 : 정말요? 밀가루 음식은 인생의 큰 즐거움인데 언니 너무 안됐다.",
            "norm_text": "정말요? 밀가루 음식은 인생의 큰 즐거움인데 언니 너무 안됐다.",
            "speaker": {
              "id": "3번",
              "sex": "여성",
              "age": "10대"
            },
            "speechAct": "(단언) 주장하기",
            "morpheme": "정말/MAG+요/JX+밀가루/NNG+음식/NNG+은/JX+인생/NNG+의/JKG+큰/VA+ETM+즐거움/NNG+인데/VCP+EC+언니/NNG+너무/MAG+안/MAG+됐/VV+EP+다/EF"
          },
          {
            "id": 25,
            "text": "1 : 그러게요 전 빵순이라서 매일 꼭 하나씩 먹어요",
            "norm_text": "그러게요 전 빵순이라서 매일 꼭 하나씩 먹어요",
            "speaker": {
              "id": "1번",
              "sex": "여성",
              "age": "30대"
            },
            "speechAct": "(단언) 진술하기",
            "morpheme": "그러/VV+게/EC+요전/NNG+빵/NNG+순/NNG+이/VCP+라서/EC+매일/MAG+꼭/MAG+하나/NR+씩/XSN+먹/VV+어요/EF"
          },
          {
            "id": 26,
            "text": "2 : 하하 요새는 쌀로 만든 빵이 잘 나온답니다 맛있어요!",
            "norm_text": "하하 요새는 쌀로 만든 빵이 잘 나온답니다 맛있어요!",
            "speaker": {
              "id": "2번",
              "sex": "여성",
              "age": "40대"
            },
            "speechAct": "(단언) 주장하기",
            "morpheme": "하하/MAG+요새/NNG+는/JX+쌀/NNG+로/JKB+만든/VV+ETM+빵/NNG+이/JKS+잘/MAG+나온답니다/VV+EF+맛있/VA+어요/EF"
          },
          {
            "id": 27,
            "text": "3 : 앗 진짜요? 쌀 빵은 한번도 안 먹어봤는데 밀가루 빵이랑 맛이 똑같아요?",
            "norm_text": "앗 진짜요? 쌀 빵은 한번도 안 먹어봤는데 밀가루 빵이랑 맛이 똑같아요?",
            "speaker": {
              "id": "3번",
              "sex": "여성",
              "age": "10대"
            },
            "speechAct": "(지시) 질문하기",
            "morpheme": "앗/IC+진짜/MAG+요/JX+쌀빵/NNP+은/JX+한/MM+번/NNBC+도/JX+안/MAG+먹/VV+어/EC+봤/VX+EP+는데/EC+밀가루/NNG+빵/NNG+이랑/JKB+맛/NNG+이/JKS+똑같/VA+아요/EF"
          },
          {
            "id": 28,
            "text": "1 : 쌀 빵은 맛있긴 해도 비싼 단점이 있죠",
            "norm_text": "쌀 빵은 맛있긴 해도 비싼 단점이 있죠",
            "speaker": {
              "id": "1번",
              "sex": "여성",
              "age": "30대"
            },
            "speechAct": "(단언) 주장하기",
            "morpheme": "쌀빵/NNP+은/JX+맛있/VA+긴/ETN+JX+해도/VX+EC+비싼/VA+ETM+단점/NNG+이/JKS+있/VA+죠/EF"
          },
          {
            "id": 29,
            "text": "2 : 맞아요 전 사실 빵도 빵이지만 빵에 들어가는 생크림 같은 걸 더 좋아해요",
            "norm_text": "맞아요 전 사실 빵도 빵이지만 빵에 들어가는 생크림 같은 걸 더 좋아해요",
            "speaker": {
              "id": "2번",
              "sex": "여성",
              "age": "40대"
            },
            "speechAct": "(단언) 주장하기",
            "morpheme": "맞/VV+아요/EF+전/NP+JX+사실/MAG+빵/NNG+도/JX+빵/NNG+이/VCP+지만/EC+빵/NNG+에/JKB+들어가/VV+는/ETM+생크림/NNG+같/VA+은/ETM+걸/NNB+JKO+더/MAG+좋/VA+아/EC+해요/VX+EC"
          },
          {
            "id": 30,
            "text": "2 : 느끼한 거 완전 좋아해요",
            "norm_text": "느끼한 거 완전 좋아해요",
            "speaker": {
              "id": "2번",
              "sex": "여성",
              "age": "40대"
            },
            "speechAct": "(단언) 주장하기",
            "morpheme": "느끼/XR+한/XSA+ETM+거/NNB+완전/MAG+좋/VA+아/EC+해요/VX+EC"
          },
          {
            "id": 31,
            "text": "3 : 어머 전 느끼한 거 딱 질색인데",
            "norm_text": "어머 전 느끼한 거 딱 질색인데",
            "speaker": {
              "id": "3번",
              "sex": "여성",
              "age": "10대"
            },
            "speechAct": "(단언) 주장하기",
            "morpheme": "어머/IC+전/MM+느끼/XR+한/XSA+ETM+거/NNB+딱/MAG+질색/NNG+인데/VCP+EC"
          },
          {
            "id": 32,
            "text": "3 : 크림이 싫어서 커피 마실 때도 다 빼 달라고 해요",
            "norm_text": "크림이 싫어서 커피 마실 때도 다 빼 달라고 해요",
            "speaker": {
              "id": "3번",
              "sex": "여성",
              "age": "10대"
            },
            "speechAct": "(단언) 주장하기",
            "morpheme": "크림/NNG+이/JKS+싫/VA+어서/EC+커피/NNG+마실/VV+ETM+때/NNG+도/JX+다/MAG+빼/VV+EC+달/VX+라고/EC+해요/VX+EC"
          }
        ]
      }
    }
  ]
}