{
  "dataset": {
    "identifier": 61371,
    "name": "KAKAO_922_12_set",
    "src_path": "/data/file/cubeManager/PROJECT001/53/txt20211005154147067944/KAKAO_922_12_set/",
    "label_path": "/data/file/cubeManager/PROJECT001/53/txt20211005154147067944/KAKAO_922_12_set/",
    "category": 2,
    "type": 0
  },
  "licenses": {
    "name": "Apache License 1.0",
    "url": "http://www.apache.org/licenses/LICENSE-1.0"
  },
  "info": [
    {
      "id": 41649,
      "filename": "KAKAO_922_12.txt",
      "title": "KAKAO_922_12",
      "mediatype": "SNS",
      "medianame": "카카오톡",
      "category": "일상대화",
      "date": "2021-10-05",
      "size": 488,
      "annotations": {
        "subject": "여행",
        "speaker_type": "1:1",
        "size": 488,
        "word_size": 160,
        "text": "1 : 우리 빨리 여행 일정 잡자 키키\n2 : 해외여행 가고 싶다 ㅠㅠ 안 가본 지 넘 오래 됐네\n1 : 그니까 ㅜ 근데 너 해외 가면 토끼는 어떻게 해?\n2 : 그때 그때 남자친구한테 맡겼었지 하하\n1 : 아아 키키 우리는 여행 언제 갈 거야!\n2 : 그러게 말입니다 키키 일단 국내 여행이라도 좀 가자\n1 : 키키 그러니까 키키 이제 날씨도 좋은데 일정을 잡자\n2 : 우리 여행 한번도 안 가본 거 실화가\n1 : 헐... 그러고 보니 20년 친군데 한번도 안 갔노\n2 : 그니까... 소름이다 진짜... 어떻게 안 가보지? 키키\n1 : 키키 와 그러네... 키키 우리 너무 대충 친구였네 키키\n2 : 맞재 키키 최대한 빨리 여행 일정 잡아보자!\n1 : 응응... 키키 말만 하지 말고 어디 빨리 예약해야 가게 됨\n2 : 응 10월에 추진 바로 해볼까? 쉬는 날도 많은데\n1 : 키키 오 좋은 생각이지 키키 중간에서 딱 만나자\n2 : 중간... ㅠ 아예 내려와서 울 집 자고 2박 3일은 어때 키키",
        "lines": [
          {
            "id": 1,
            "text": "1 : 우리 빨리 여행 일정 잡자 키키",
            "norm_text": "우리 빨리 여행 일정 잡자 키키",
            "speaker": {
              "id": "1번",
              "sex": "여성",
              "age": "30대"
            },
            "speechAct": "(지시) 명령/요구하기",
            "morpheme": "우리/NP+빨리/MAG+여행/NNG+일정/NNG+잡자/NNG+키/NNG+키/XSV+ETN"
          },
          {
            "id": 2,
            "text": "2 : 해외여행 가고 싶다 ㅠㅠ 안 가본 지 넘 오래 됐네",
            "norm_text": "해외여행 가고 싶다 ㅠㅠ 안 가본 지 넘 오래 됐네",
            "speaker": {
              "id": "2번",
              "sex": "여성",
              "age": "30대"
            },
            "speechAct": "(단언) 주장하기",
            "morpheme": "해외여행/NNG+가/VV+고/EC+싶/VX+다/EF+ㅠㅠ/UNKNOWN+안/MAG+가/VV+EC+본/VX+ETM+지/NNB+넘/MAG+오래/MAG+됐/VV+EP+네/EF"
          },
          {
            "id": 3,
            "text": "1 : 그니까 ㅜ 근데 너 해외 가면 토끼는 어떻게 해?",
            "norm_text": "그니까 ㅜ 근데 너 해외 가면 토끼는 어떻게 해?",
            "speaker": {
              "id": "1번",
              "sex": "여성",
              "age": "30대"
            },
            "speechAct": "(지시) 질문하기",
            "morpheme": "그니까/MAJ+ㅜ/UNKNOWN+근데/MAJ+너/NP+해외/NNG+가/VV+면/EC+토끼/VV+는/ETM+어떻/VA+게/EC+해/VX+EF"
          },
          {
            "id": 4,
            "text": "2 : 그때 그때 남자친구한테 맡겼었지 하하",
            "norm_text": "그때 그때 남자친구한테 맡겼었지 하하",
            "speaker": {
              "id": "2번",
              "sex": "여성",
              "age": "30대"
            },
            "speechAct": "(단언) 진술하기",
            "morpheme": "그때/NNG+그때/NNG+남자/NNG+친구/NNG+한테/JKB+맡겼/VV+EP+었/EP+지/EC+하하/MAG"
          },
          {
            "id": 5,
            "text": "1 : 아아 키키 우리는 여행 언제 갈 거야!",
            "norm_text": "아아 키키 우리는 여행 언제 갈 거야!",
            "speaker": {
              "id": "1번",
              "sex": "여성",
              "age": "30대"
            },
            "speechAct": "(단언) 주장하기",
            "morpheme": "아아/IC+키/NNG+키/XSV+ETN+우리/NP+는/JX+여행/NNG+언제/MAG+갈/VV+ETM+거/NNB+야/VCP+EF"
          },
          {
            "id": 6,
            "text": "2 : 그러게 말입니다 키키 일단 국내 여행이라도 좀 가자",
            "norm_text": "그러게 말입니다 키키 일단 국내 여행이라도 좀 가자",
            "speaker": {
              "id": "2번",
              "sex": "여성",
              "age": "30대"
            },
            "speechAct": "(지시) 명령/요구하기",
            "morpheme": "그러/VV+게/EC+말/NNG+입니다/VCP+EF+키/NNG+키/XSV+ETN+일단/MAG+국내/NNG+여행/NNG+이/VCP+라도/EC+좀/MAG+가/VV+자/EC"
          },
          {
            "id": 7,
            "text": "1 : 키키 그러니까 키키 이제 날씨도 좋은데 일정을 잡자",
            "norm_text": "키키 그러니까 키키 이제 날씨도 좋은데 일정을 잡자",
            "speaker": {
              "id": "1번",
              "sex": "여성",
              "age": "30대"
            },
            "speechAct": "(지시) 명령/요구하기",
            "morpheme": "키/NNG+키/XSV+ETN+그러니까/MAJ+키/NNG+키/NNG+이제/MAG+날씨/NNG+도/JX+좋/VA+은데/EC+일정/NNG+을/JKO+잡/VV+자/EC"
          },
          {
            "id": 8,
            "text": "2 : 우리 여행 한번도 안 가본 거 실화가",
            "norm_text": "우리 여행 한번도 안 가본 거 실화가",
            "speaker": {
              "id": "2번",
              "sex": "여성",
              "age": "30대"
            },
            "speechAct": "(단언) 주장하기",
            "morpheme": "우리/NP+여행/NNG+한/MM+번/NNBC+도/JX+안/MAG+가/VV+EC+본/VX+ETM+거실/NNG+화/XSN+가/JKS"
          },
          {
            "id": 9,
            "text": "1 : 헐... 그러고 보니 20년 친군데 한번도 안 갔노",
            "norm_text": "헐... 그러고 보니 20년 친군데 한번도 안 갔노",
            "speaker": {
              "id": "1번",
              "sex": "여성",
              "age": "30대"
            },
            "speechAct": "(단언) 주장하기",
            "morpheme": "헐/IC+./SY+그러/VV+고/EC+보/VX+니/EC+20/SN+년/NNBC+친군데/NNG+VCP+EC+한/MM+번/NNBC+도/JX+안/MAG+갔/VV+EP+노/EC"
          },
          {
            "id": 10,
            "text": "2 : 그니까... 소름이다 진짜... 어떻게 안 가보지? 키키",
            "norm_text": "그니까... 소름이다 진짜... 어떻게 안 가보지? 키키",
            "speaker": {
              "id": "2번",
              "sex": "여성",
              "age": "30대"
            },
            "speechAct": "(단언) 주장하기",
            "morpheme": "그니까/MAJ+./SY+소름/NNG+이/JKS+다/MAG+진짜/MAG+./SY+어떻게/MAG+안/MAG+가/VV+EC+보/VX+지/EF+키/NNG+키/XSV+ETN"
          },
          {
            "id": 11,
            "text": "1 : 키키 와 그러네... 키키 우리 너무 대충 친구였네 키키",
            "norm_text": "키키 와 그러네... 키키 우리 너무 대충 친구였네 키키",
            "speaker": {
              "id": "1번",
              "sex": "여성",
              "age": "30대"
            },
            "speechAct": "(단언) 주장하기",
            "morpheme": "키/NNG+키/XSV+ETN+와/JKB+그러/VV+네/EF+./SY+키키우리너무대충친구였네키키/UNKNOWN"
          },
          {
            "id": 12,
            "text": "2 : 맞재 키키 최대한 빨리 여행 일정 잡아보자!",
            "norm_text": "맞재 키키 최대한 빨리 여행 일정 잡아보자!",
            "speaker": {
              "id": "2번",
              "sex": "여성",
              "age": "30대"
            },
            "speechAct": "(지시) 명령/요구하기",
            "morpheme": "맞/VV+재/EC+키/NNG+키/NNG+최대한/NNG+빨리/MAG+여행/NNG+일정/NNG+잡/VV+아/EC+보/VX+자/EF"
          },
          {
            "id": 13,
            "text": "1 : 응응... 키키 말만 하지 말고 어디 빨리 예약해야 가게 됨",
            "norm_text": "응응... 키키 말만 하지 말고 어디 빨리 예약해야 가게 됨",
            "speaker": {
              "id": "1번",
              "sex": "여성",
              "age": "30대"
            },
            "speechAct": "(단언) 주장하기",
            "morpheme": "응/IC+응/IC+./SY+키키말만하지말고어디빨리예약해야가게됨/UNKNOWN"
          },
          {
            "id": 14,
            "text": "2 : 응 10월에 추진 바로 해볼까? 쉬는 날도 많은데",
            "norm_text": "응 10월에 추진 바로 해볼까? 쉬는 날도 많은데",
            "speaker": {
              "id": "2번",
              "sex": "여성",
              "age": "30대"
            },
            "speechAct": "(지시) 충고/제안하기",
            "morpheme": "응/IC+10/SN+월/NNBC+에/JKB+추진/NNG+바로/MAG+해/VV+EC+볼까/VX+EF+쉬/VV+는/ETM+날/NNG+도/JX+많/VA+은데/EC"
          },
          {
            "id": 15,
            "text": "1 : 키키 오 좋은 생각이지 키키 중간에서 딱 만나자",
            "norm_text": "키키 오 좋은 생각이지 키키 중간에서 딱 만나자",
            "speaker": {
              "id": "1번",
              "sex": "여성",
              "age": "30대"
            },
            "speechAct": "(단언) 주장하기",
            "morpheme": "키/NNG+키/VV+오/EC+좋/VA+은/ETM+생각/NNG+이/VCP+지/EC+키/NNG+키/NNG+중간/NNG+에서/JKB+딱/MAG+만나/VV+자/EC"
          },
          {
            "id": 16,
            "text": "2 : 중간... ㅠ 아예 내려와서 울 집 자고 2박 3일은 어때 키키",
            "norm_text": "중간... ㅠ 아예 내려와서 울 집 자고 2박 3일은 어때 키키",
            "speaker": {
              "id": "2번",
              "sex": "여성",
              "age": "30대"
            },
            "speechAct": "(지시) 충고/제안하기",
            "morpheme": "중간/NNG+./SY+./SY+ㅠ아예내려와서울집자고/UNKNOWN+2/SN+박/NNBC+3/SN+일/NNBC+은/JX+어때/VA+EC+키/NNG+키/XSV+ETN"
          }
        ]
      }
    }
  ]
}