{
  "dataset": {
    "identifier": 63882,
    "name": "KAKAO_900_09_set",
    "src_path": "/data/file/cubeManager/PROJECT001/53/txt20211005153423010597/KAKAO_900_09_set/",
    "label_path": "/data/file/cubeManager/PROJECT001/53/txt20211005153423010597/KAKAO_900_09_set/",
    "category": 2,
    "type": 0
  },
  "licenses": {
    "name": "Apache License 1.0",
    "url": "http://www.apache.org/licenses/LICENSE-1.0"
  },
  "info": [
    {
      "id": 41466,
      "filename": "KAKAO_900_09.txt",
      "title": "KAKAO_900_09",
      "mediatype": "SNS",
      "medianame": "카카오톡",
      "category": "일상대화",
      "date": "2021-10-05",
      "size": 476,
      "annotations": {
        "subject": "반려동물",
        "speaker_type": "1:1",
        "size": 476,
        "word_size": 162,
        "text": "1 : 니도 강아지 키우는 거 좋아하나?\n2 : 나 완전 사랑하지 키키 강아지 주인 하고 싶어\n1 : 오 대박 키키 낸주 우리 시골에 놀러 온나 개 많다 키키\n2 : 아 진짜? 키키 완전 좋음 키키 너희 집도 개 키워?\n1 : 옹 키키 우리는 다 집 지키는 개들 키키\n2 : 오 존멋 키키 다음에 북구 커플이랑 다같이 여행 가도 괜춚?키키\n1 : 키키 오호 좋지 키키 와서 일도 좀 도와주고 하하\n2 : 아 키키 수확 철이 있구나? 키키\n2 : 사과즙 기다리고 있어 키키\n1 : 옹 키키 10월 말 쯤 수확하고 나면 11월에는 먹을 수 있을껴 키키\n2 : 얼른 먹고 싶다 키키 사과즙 맛있다며?\n1 : 맛있어 키키 나오면 바로 알려줄게\n2 : 좋아 좋아 키키 10월에 넌 불려가겠군 키키\n1 : 옹... 난 이제 농부로 전환 키키\n2 : 키키 그거 김태리 나온 영화 생각난다 무슨 포레스트?\n1 : 아 맞아 그거 잼썼는데 키키 그런 느낌\n2 : 키키 좋다 일하면서 머리 식혀 키키",
        "lines": [
          {
            "id": 1,
            "text": "1 : 니도 강아지 키우는 거 좋아하나?",
            "norm_text": "니도 강아지 키우는 거 좋아하나?",
            "speaker": {
              "id": "1번",
              "sex": "남성",
              "age": "20대"
            },
            "speechAct": "(지시) 질문하기",
            "morpheme": "니/NP+도/JX+강아지/NNG+키우/VV+는/ETM+거/NNB+좋/VA+아/EC+하나/NR"
          },
          {
            "id": 2,
            "text": "2 : 나 완전 사랑하지 키키 강아지 주인 하고 싶어",
            "norm_text": "나 완전 사랑하지 키키 강아지 주인 하고 싶어",
            "speaker": {
              "id": "2번",
              "sex": "여성",
              "age": "20대"
            },
            "speechAct": "(단언) 주장하기",
            "morpheme": "나/NP+완전/MAG+사랑/NNG+하/XSV+지/EC+키/NNG+키/NNG+강아지/NNG+주인/NNG+하/XSV+고/EC+싶/VX+어/EC"
          },
          {
            "id": 3,
            "text": "1 : 오 대박 키키 낸주 우리 시골에 놀러 온나 개 많다 키키",
            "norm_text": "오 대박 키키 낸주 우리 시골에 놀러 온나 개 많다 키키",
            "speaker": {
              "id": "1번",
              "sex": "남성",
              "age": "20대"
            },
            "speechAct": "(단언) 진술하기",
            "morpheme": "오/NR+대박/NNG+키/XSV+ETN+키/VV+낸/EC+VX+ETM+주/NNG+우리/NP+시골/NNG+에/JKB+놀/VV+러/EC+온나/VX+EC+개많/UNKNOWN+다키키/NNP"
          },
          {
            "id": 4,
            "text": "2 : 아 진짜? 키키 완전 좋음 키키 너희 집도 개 키워?",
            "norm_text": "아 진짜? 키키 완전 좋음 키키 너희 집도 개 키워?",
            "speaker": {
              "id": "2번",
              "sex": "여성",
              "age": "20대"
            },
            "speechAct": "(지시) 질문하기",
            "morpheme": "아/IC+진짜/MAG+키키완전좋음키키너희집도개키워/UNKNOWN"
          },
          {
            "id": 5,
            "text": "1 : 옹 키키 우리는 다 집 지키는 개들 키키",
            "norm_text": "옹 키키 우리는 다 집 지키는 개들 키키",
            "speaker": {
              "id": "1번",
              "sex": "남성",
              "age": "20대"
            },
            "speechAct": "(단언) 진술하기",
            "morpheme": "옹/NNG+키/NNG+키/XSV+ETN+우리/NP+는/JX+다/MAG+집/NNG+지키/VV+는/ETM+개/NNG+들/XSN+키/NNG+키/XSV+ETN"
          },
          {
            "id": 6,
            "text": "2 : 오 존멋 키키 다음에 북구 커플이랑 다같이 여행 가도 괜춚?키키",
            "norm_text": "오 존멋 키키 다음에 북구 커플이랑 다같이 여행 가도 괜춚?키키",
            "speaker": {
              "id": "2번",
              "sex": "여성",
              "age": "20대"
            },
            "speechAct": "(지시) 질문하기",
            "morpheme": "오존멋키키다음에북구커플이랑다같이여행가도괜춚/UNKNOWN+키/NNG+키/XSV+ETN"
          },
          {
            "id": 7,
            "text": "1 : 키키 오호 좋지 키키 와서 일도 좀 도와주고 하하",
            "norm_text": "키키 오호 좋지 키키 와서 일도 좀 도와주고 하하",
            "speaker": {
              "id": "1번",
              "sex": "남성",
              "age": "20대"
            },
            "speechAct": "(지시) 부탁하기",
            "morpheme": "키/NNG+키/XSV+ETN+오/NR+호/NNBC+좋/VA+지/EC+키/NNG+키/XSV+ETN+와서/VV+EC+일/NNG+도/JX+좀/MAG+도와/VV+EC+주/VX+고/EC+하하/MAG"
          },
          {
            "id": 8,
            "text": "2 : 아 키키 수확 철이 있구나? 키키",
            "norm_text": "아 키키 수확 철이 있구나? 키키",
            "speaker": {
              "id": "2번",
              "sex": "여성",
              "age": "20대"
            },
            "speechAct": "(단언) 주장하기",
            "morpheme": "아키/NNP+키/NNG+수확/NNG+철/NNG+이/JKS+있/VA+구나/EF+키/NNG+키/XSV+ETN"
          },
          {
            "id": 9,
            "text": "2 : 사과즙 기다리고 있어 키키",
            "norm_text": "사과즙 기다리고 있어 키키",
            "speaker": {
              "id": "2번",
              "sex": "여성",
              "age": "20대"
            },
            "speechAct": "(단언) 진술하기",
            "morpheme": "사과즙/NNG+기다리/VV+고/EC+있/VX+어/EC+키/NNG+키/XSV+ETN"
          },
          {
            "id": 10,
            "text": "1 : 옹 키키 10월 말 쯤 수확하고 나면 11월에는 먹을 수 있을껴 키키",
            "norm_text": "옹 키키 10월 말 쯤 수확하고 나면 11월에는 먹을 수 있을껴 키키",
            "speaker": {
              "id": "1번",
              "sex": "남성",
              "age": "20대"
            },
            "speechAct": "(단언) 진술하기",
            "morpheme": "옹/NNG+키/NNG+키/XSV+ETN+10/SN+월/NNBC+말/NNB+쯤/XSN+수확/NNG+하/XSV+고/EC+나/VX+면/EC+11/SN+월/NNBC+에/JKB+는/JX+먹/VV+을/ETM+수/NNB+있/VV+을껴/EF+키/NNG+키/XSV+ETN"
          },
          {
            "id": 11,
            "text": "2 : 얼른 먹고 싶다 키키 사과즙 맛있다며?",
            "norm_text": "얼른 먹고 싶다 키키 사과즙 맛있다며?",
            "speaker": {
              "id": "2번",
              "sex": "여성",
              "age": "20대"
            },
            "speechAct": "(단언) 주장하기",
            "morpheme": "얼른/MAG+먹/VV+고/EC+싶/VX+다키키/NNP+사과즙/NNG+맛있/VA+다며/EF"
          },
          {
            "id": 12,
            "text": "1 : 맛있어 키키 나오면 바로 알려줄게",
            "norm_text": "맛있어 키키 나오면 바로 알려줄게",
            "speaker": {
              "id": "1번",
              "sex": "남성",
              "age": "20대"
            },
            "speechAct": "(단언) 주장하기",
            "morpheme": "맛있/VA+어/EC+키/NNG+키/XSV+ETN+나오/VV+면/EC+바로/MAG+알려/VV+EC+줄/VX+ETM+게/NNB+JKS"
          },
          {
            "id": 13,
            "text": "2 : 좋아 좋아 키키 10월에 넌 불려가겠군 키키",
            "norm_text": "좋아 좋아 키키 10월에 넌 불려가겠군 키키",
            "speaker": {
              "id": "2번",
              "sex": "여성",
              "age": "20대"
            },
            "speechAct": "(단언) 주장하기",
            "morpheme": "좋/VA+아/EC+좋/VA+아/EC+키/NNG+키/XSV+ETN+10/SN+월/NNBC+에/JKB+넌/NP+JX+불려/VV+EC+가/VX+겠/EP+군/EC+키/NNG+키/XSV+ETN"
          },
          {
            "id": 14,
            "text": "1 : 옹... 난 이제 농부로 전환 키키",
            "norm_text": "옹... 난 이제 농부로 전환 키키",
            "speaker": {
              "id": "1번",
              "sex": "남성",
              "age": "20대"
            },
            "speechAct": "(단언) 진술하기",
            "morpheme": "옹/NNG+./SY+./SY+난/NP+JX+이제/MAG+농부/NNG+로/JKB+전환/NNG+키/NNG+키/XSV+ETN"
          },
          {
            "id": 15,
            "text": "2 : 키키 그거 김태리 나온 영화 생각난다 무슨 포레스트?",
            "norm_text": "키키 그거 김태리 나온 영화 생각난다 무슨 포레스트?",
            "speaker": {
              "id": "2번",
              "sex": "여성",
              "age": "20대"
            },
            "speechAct": "(단언) 주장하기",
            "morpheme": "키/NNG+키/XSV+ETN+그거/NP+김태/NNP+리/NNB+나온/VV+ETM+영화/NNG+생각/NNG+난다/VV+EC+무슨/MM+포레스트/NNP"
          },
          {
            "id": 16,
            "text": "1 : 아 맞아 그거 잼썼는데 키키 그런 느낌",
            "norm_text": "아 맞아 그거 잼썼는데 키키 그런 느낌",
            "speaker": {
              "id": "1번",
              "sex": "남성",
              "age": "20대"
            },
            "speechAct": "(단언) 주장하기",
            "morpheme": "아/IC+맞아/IC+그거/NP+잼/VV+ETN+썼/VV+EP+는데/EC+키키/NNP+그런/MM+느낌/NNG"
          },
          {
            "id": 17,
            "text": "2 : 키키 좋다 일하면서 머리 식혀 키키",
            "norm_text": "키키 좋다 일하면서 머리 식혀 키키",
            "speaker": {
              "id": "2번",
              "sex": "여성",
              "age": "20대"
            },
            "speechAct": "(단언) 주장하기",
            "morpheme": "키/NNG+키/XSV+ETN+좋/VA+다/EC+일/NNG+하/XSV+면서/EC+머리/NNG+식혀/VV+EC+키/NNG+키/XSV+ETN"
          }
        ]
      }
    }
  ]
}