{
  "dataset": {
    "identifier": 72807,
    "name": "KAKAO_906_16_set",
    "src_path": "/data/file/cubeManager/PROJECT001/53/txt20211005152905045655/KAKAO_906_16_set/",
    "label_path": "/data/file/cubeManager/PROJECT001/53/txt20211005152905045655/KAKAO_906_16_set/",
    "category": 2,
    "type": 0
  },
  "licenses": {
    "name": "Apache License 1.0",
    "url": "http://www.apache.org/licenses/LICENSE-1.0"
  },
  "info": [
    {
      "id": 41373,
      "filename": "KAKAO_906_16.txt",
      "title": "KAKAO_906_16",
      "mediatype": "SNS",
      "medianame": "카카오톡",
      "category": "일상대화",
      "date": "2021-10-05",
      "size": 437,
      "annotations": {
        "subject": "미용",
        "speaker_type": "1:1",
        "size": 437,
        "word_size": 147,
        "text": "1 : 필러 맞고 싶당...\n2 : 필러를 맞는다고? 어디에?\n1 : 이마... 눈가 주름 자글자글한 이건 뭐 해야 하지?\n2 : 난 이마에 맞았었지... 훗...\n1 : 이제 다 빠졌지?\n1 : 그거 얼마 갔어?\n2 : 한 1년 간 거 같은데 다 빠지고 울퉁불퉁 이마 됐어 ㅜㅜ\n1 : 아 진짜 울퉁불퉁해져? 빠지면?\n2 : 필러도 좋은 걸로 맞아야 해~\n1 : 아 그래? 좋은 건 뭐고 안 좋은 건 뭐야\n2 : 입자가 고운 게 좋은 거고 히알루론산? 그거 들어간 게 좋은 거래\n1 : 내가 선택할 수가 있는 거야?\n1 : 개 아프지?\n2 : 웅 선택은 할 수 있고 아프진 않아 키키 마취를 해서\n1 : 마취도 해?\n1 : 세상에나 그럼 맞을 만한데?\n2 : 마취크림 바르고 필러 놓으니까 맞고 나서가 아프제 ㅜㅜ\n1 : **는 왜 마취도 안 하고 맞았나 뒤질 뻔했다던데\n2 : 헐 왜 마취크림 안 바르고 했때?",
        "lines": [
          {
            "id": 1,
            "text": "1 : 필러 맞고 싶당...",
            "norm_text": "필러 맞고 싶당...",
            "speaker": {
              "id": "1번",
              "sex": "여성",
              "age": "30대"
            },
            "speechAct": "(단언) 주장하기",
            "morpheme": "필러/NNG+맞/VV+고/EC+싶/VX+당/EF+./SY"
          },
          {
            "id": 2,
            "text": "2 : 필러를 맞는다고? 어디에?",
            "norm_text": "필러를 맞는다고? 어디에?",
            "speaker": {
              "id": "2번",
              "sex": "여성",
              "age": "20대"
            },
            "speechAct": "(지시) 질문하기",
            "morpheme": "필러/NNG+를/JKO+맞/VV+는다고/EF+어디/NP+에/JKB"
          },
          {
            "id": 3,
            "text": "1 : 이마... 눈가 주름 자글자글한 이건 뭐 해야 하지?",
            "norm_text": "이마... 눈가 주름 자글자글한 이건 뭐 해야 하지?",
            "speaker": {
              "id": "1번",
              "sex": "여성",
              "age": "30대"
            },
            "speechAct": "(지시) 질문하기",
            "morpheme": "이마/NNG+./SY+./SY+눈가주름자글자글한이건뭐해야하지/UNKNOWN"
          },
          {
            "id": 4,
            "text": "2 : 난 이마에 맞았었지... 훗...",
            "norm_text": "난 이마에 맞았었지... 훗...",
            "speaker": {
              "id": "2번",
              "sex": "여성",
              "age": "20대"
            },
            "speechAct": "(단언) 진술하기",
            "morpheme": "난/NP+JX+이마/NNG+에/JKB+맞/VV+았었/EP+지/EF+./SY+훗/IC+./SY"
          },
          {
            "id": 5,
            "text": "1 : 이제 다 빠졌지?",
            "norm_text": "이제 다 빠졌지?",
            "speaker": {
              "id": "1번",
              "sex": "여성",
              "age": "30대"
            },
            "speechAct": "(단언) 진술하기",
            "morpheme": "이제/MAG+다/MAG+빠졌/VV+EP+지/EF"
          },
          {
            "id": 6,
            "text": "1 : 그거 얼마 갔어?",
            "norm_text": "그거 얼마 갔어?",
            "speaker": {
              "id": "1번",
              "sex": "여성",
              "age": "30대"
            },
            "speechAct": "(지시) 질문하기",
            "morpheme": "그거/NP+얼마/NNG+갔/VV+EP+어/EF"
          },
          {
            "id": 7,
            "text": "2 : 한 1년 간 거 같은데 다 빠지고 울퉁불퉁 이마 됐어 ㅜㅜ",
            "norm_text": "한 1년 간 거 같은데 다 빠지고 울퉁불퉁 이마 됐어 ㅜㅜ",
            "speaker": {
              "id": "2번",
              "sex": "여성",
              "age": "20대"
            },
            "speechAct": "(단언) 진술하기",
            "morpheme": "한/MM+1/SN+년간거같은데다빠지고울퉁불퉁이마됐어ㅜㅜ/UNKNOWN"
          },
          {
            "id": 8,
            "text": "1 : 아 진짜 울퉁불퉁해져? 빠지면?",
            "norm_text": "아 진짜 울퉁불퉁해져? 빠지면?",
            "speaker": {
              "id": "1번",
              "sex": "여성",
              "age": "30대"
            },
            "speechAct": "(지시) 질문하기",
            "morpheme": "아/IC+진짜/MAG+울퉁불퉁/MAG+해져/XSA+EC+VX+EF+빠지/VV+면/EC"
          },
          {
            "id": 9,
            "text": "2 : 필러도 좋은 걸로 맞아야 해~",
            "norm_text": "필러도 좋은 걸로 맞아야 해~",
            "speaker": {
              "id": "2번",
              "sex": "여성",
              "age": "20대"
            },
            "speechAct": "(단언) 주장하기",
            "morpheme": "필러/NNG+도/JX+좋/VA+은/ETM+걸로/NNB+JKB+맞/VV+아야/EC+해/VV+EC+~/SY"
          },
          {
            "id": 10,
            "text": "1 : 아 그래? 좋은 건 뭐고 안 좋은 건 뭐야",
            "norm_text": "아 그래? 좋은 건 뭐고 안 좋은 건 뭐야",
            "speaker": {
              "id": "1번",
              "sex": "여성",
              "age": "30대"
            },
            "speechAct": "(지시) 질문하기",
            "morpheme": "아/IC+그래/IC+좋/VA+은/ETM+건/NNB+JX+뭐/NP+고/VCP+EC+안/MAG+좋/VA+은/ETM+건/NNB+JX+뭐/NP+야/VCP+EF"
          },
          {
            "id": 11,
            "text": "2 : 입자가 고운 게 좋은 거고 히알루론산? 그거 들어간 게 좋은 거래",
            "norm_text": "입자가 고운 게 좋은 거고 히알루론산? 그거 들어간 게 좋은 거래",
            "speaker": {
              "id": "2번",
              "sex": "여성",
              "age": "20대"
            },
            "speechAct": "(단언) 진술하기",
            "morpheme": "입자/NNG+가/JKS+고운/VA+ETM+게/NNB+JKS+좋/VA+은/ETM+거/NNB+고/VCP+EC+히알루론산/NNG+그거/NP+들어간/VV+ETM+게/NNB+JKS+좋/VA+은/ETM+거래/NNG"
          },
          {
            "id": 12,
            "text": "1 : 내가 선택할 수가 있는 거야?",
            "norm_text": "내가 선택할 수가 있는 거야?",
            "speaker": {
              "id": "1번",
              "sex": "여성",
              "age": "30대"
            },
            "speechAct": "(지시) 질문하기",
            "morpheme": "내/NP+가/JKS+선택/NNG+할/XSV+ETM+수/NNB+가/JKS+있/VA+는/ETM+거/NNB+야/VCP+EF"
          },
          {
            "id": 13,
            "text": "1 : 개 아프지?",
            "norm_text": "개 아프지?",
            "speaker": {
              "id": "1번",
              "sex": "여성",
              "age": "30대"
            },
            "speechAct": "(지시) 질문하기",
            "morpheme": "개/NNG+아프/VA+지/EF"
          },
          {
            "id": 14,
            "text": "2 : 웅 선택은 할 수 있고 아프진 않아 키키 마취를 해서",
            "norm_text": "웅 선택은 할 수 있고 아프진 않아 키키 마취를 해서",
            "speaker": {
              "id": "2번",
              "sex": "여성",
              "age": "20대"
            },
            "speechAct": "(단언) 진술하기",
            "morpheme": "웅/IC+선택/NNG+은/JX+할/VV+ETM+수/NNB+있/VV+고/EC+아프/VA+진/EC+JX+않/VX+아/EC+키/NNG+키/NNG+마취/NNG+를/JKO+해서/VV+EC"
          },
          {
            "id": 15,
            "text": "1 : 마취도 해?",
            "norm_text": "마취도 해?",
            "speaker": {
              "id": "1번",
              "sex": "여성",
              "age": "30대"
            },
            "speechAct": "(지시) 질문하기",
            "morpheme": "마취/NNG+도/JX+해/VV+EF"
          },
          {
            "id": 16,
            "text": "1 : 세상에나 그럼 맞을 만한데?",
            "norm_text": "세상에나 그럼 맞을 만한데?",
            "speaker": {
              "id": "1번",
              "sex": "여성",
              "age": "30대"
            },
            "speechAct": "(단언) 주장하기",
            "morpheme": "세상/NNG+에/JKB+나/JX+그럼/VV+EC+맞/VV+을/ETM+만한데/VX+EF"
          },
          {
            "id": 17,
            "text": "2 : 마취크림 바르고 필러 놓으니까 맞고 나서가 아프제 ㅜㅜ",
            "norm_text": "마취크림 바르고 필러 놓으니까 맞고 나서가 아프제 ㅜㅜ",
            "speaker": {
              "id": "2번",
              "sex": "여성",
              "age": "20대"
            },
            "speechAct": "(단언) 진술하기",
            "morpheme": "마취/NNG+크림/NNG+바르/VV+고/EC+필러/NNG+놓/VV+으니까/EC+맞/VV+고/EC+나/VX+서/EC+가/JKS+아프/VA+제/EC+ㅜㅜ/UNKNOWN"
          },
          {
            "id": 18,
            "text": "1 : **는 왜 마취도 안 하고 맞았나 뒤질 뻔했다던데",
            "norm_text": "**는 왜 마취도 안 하고 맞았나 뒤질 뻔했다던데",
            "speaker": {
              "id": "1번",
              "sex": "여성",
              "age": "30대"
            },
            "speechAct": "(단언) 진술하기",
            "morpheme": "*/SY+*/SY+는/JX+왜/MAG+마취/NNG+도/JX+안/MAG+하/VV+고/EC+맞/VV+았/EP+나/EC+뒤질/VV+ETM+뻔/NNB+했/XSA+EP+다던데/EC"
          },
          {
            "id": 19,
            "text": "2 : 헐 왜 마취크림 안 바르고 했때?",
            "norm_text": "헐 왜 마취크림 안 바르고 했때?",
            "speaker": {
              "id": "2번",
              "sex": "여성",
              "age": "20대"
            },
            "speechAct": "(지시) 질문하기",
            "morpheme": "헐/IC+왜/MAG+마취/NNG+크림/NNG+안/MAG+바르/VV+고/EC+했/VX+EP+때/NNG"
          }
        ]
      }
    }
  ]
}