{
  "dataset": {
    "identifier": 63162,
    "name": "KAKAO_917_02_set",
    "src_path": "/data/file/cubeManager/PROJECT001/53/txt202110051549390126108/KAKAO_917_02_set/",
    "label_path": "/data/file/cubeManager/PROJECT001/53/txt202110051549390126108/KAKAO_917_02_set/",
    "category": 2,
    "type": 0
  },
  "licenses": {
    "name": "Apache License 1.0",
    "url": "http://www.apache.org/licenses/LICENSE-1.0"
  },
  "info": [
    {
      "id": 41759,
      "filename": "KAKAO_917_02.txt",
      "title": "KAKAO_917_02",
      "mediatype": "SNS",
      "medianame": "카카오톡",
      "category": "일상대화",
      "date": "2021-10-05",
      "size": 475,
      "annotations": {
        "subject": "주거와 생활",
        "speaker_type": "1:1",
        "size": 475,
        "word_size": 160,
        "text": "1 : 내 친구 이번에 집 구하는데 부동산에서 복비 안 받았다 그러더라 키키\n2 : 뭐야 나는 복비 주고 집 구했는데\n1 : 복비는 얼마 정도 줘?\n1 : 난 한 번도 나가 산 적이 없어서 그런 건 모르는데...\n2 : 나는 구할 때 십만 원 줬는데\n1 : 십만 원이 평타야?\n1 : 내 친구 집 구할 때는 왜 안 받은 거지 키키\n2 : 돈 아끼고 좋네 키키\n1 : 그런가? 거기서 별로 안 좋은 집 소개해 준 것도 아닐 거고...\n2 : 부동산 사장님이 기분이 좋으셨나 보다 키키\n1 : 아니면 집주인 쪽에서 돈 받은 거 아니야? 키키\n2 : 키키 서로 기분 좋게 그럴 수도 있겠노\n1 : 키키 그러면 부동산 중개인, 세입자, 집주인 서로 서로 윈윈윈이고\n2 : 키키 그런 생각 안 해봤는데 웃기노 키키\n1 : 키키 그러게 나도 나중에 집 구할 때 그랬으면 좋겠다\n2 : 키키 니도 자취할려고?\n1 : 언젠가는 독립을 하긴 해야 하잖아... 키키\n2 : 집 나오면 고생이다 키키",
        "lines": [
          {
            "id": 1,
            "text": "1 : 내 친구 이번에 집 구하는데 부동산에서 복비 안 받았다 그러더라 키키",
            "norm_text": "내 친구 이번에 집 구하는데 부동산에서 복비 안 받았다 그러더라 키키",
            "speaker": {
              "id": "1번",
              "sex": "여성",
              "age": "20대"
            },
            "speechAct": "(단언) 진술하기",
            "morpheme": "내/NP+JKG+친구/NNG+이번/NNG+에/JKB+집구/NNG+하/XSV+는/ETM+데/NNB+부동산/NNG+에서/JKB+복비/NNG+안/MAG+받/VV+았/EP+다/EC+그러/VV+더라/EC+키/NNG+키/XSV+ETN"
          },
          {
            "id": 2,
            "text": "2 : 뭐야 나는 복비 주고 집 구했는데",
            "norm_text": "뭐야 나는 복비 주고 집 구했는데",
            "speaker": {
              "id": "2번",
              "sex": "남성",
              "age": "30대"
            },
            "speechAct": "(단언) 진술하기",
            "morpheme": "뭐/NP+야/VCP+EF+나/NP+는/JX+복비/NNG+주/VV+고/EC+집구/NNG+했/XSV+EP+는데/EC"
          },
          {
            "id": 3,
            "text": "1 : 복비는 얼마 정도 줘?",
            "norm_text": "복비는 얼마 정도 줘?",
            "speaker": {
              "id": "1번",
              "sex": "여성",
              "age": "20대"
            },
            "speechAct": "(지시) 질문하기",
            "morpheme": "복비/NNG+는/JX+얼마/NNG+정도/NNG+줘/VV+EF"
          },
          {
            "id": 4,
            "text": "1 : 난 한 번도 나가 산 적이 없어서 그런 건 모르는데...",
            "norm_text": "난 한 번도 나가 산 적이 없어서 그런 건 모르는데...",
            "speaker": {
              "id": "1번",
              "sex": "여성",
              "age": "20대"
            },
            "speechAct": "(단언) 진술하기",
            "morpheme": "난/NP+JX+한/MM+번/NNBC+도/JX+나/NP+가/JKS+산적/NNG+이/JKS+없/VA+어서/EC+그런/MM+건/NNB+JX+모르/VV+는데/EC+./SY+./SY"
          },
          {
            "id": 5,
            "text": "2 : 나는 구할 때 십만 원 줬는데",
            "norm_text": "나는 구할 때 십만 원 줬는데",
            "speaker": {
              "id": "2번",
              "sex": "남성",
              "age": "30대"
            },
            "speechAct": "(단언) 진술하기",
            "morpheme": "나/NP+는/JX+구할/VV+ETM+때/NNG+십/NR+만/NR+원/NNBC+줬/VV+EP+는데/EC"
          },
          {
            "id": 6,
            "text": "1 : 십만 원이 평타야?",
            "norm_text": "십만 원이 평타야?",
            "speaker": {
              "id": "1번",
              "sex": "여성",
              "age": "20대"
            },
            "speechAct": "(지시) 질문하기",
            "morpheme": "십/NR+만/NR+원/NNBC+이/JKS+평타/NNG+야/VCP+EF"
          },
          {
            "id": 7,
            "text": "1 : 내 친구 집 구할 때는 왜 안 받은 거지 키키",
            "norm_text": "내 친구 집 구할 때는 왜 안 받은 거지 키키",
            "speaker": {
              "id": "1번",
              "sex": "여성",
              "age": "20대"
            },
            "speechAct": "(단언) 진술하기",
            "morpheme": "내/NP+JKG+친구/NNG+집구/NNG+할/XSV+ETM+때/NNG+는/JX+왜/MAG+안/MAG+받/VV+은/ETM+거/NNB+지/VCP+EC+키/NNG+키/XSV+ETN"
          },
          {
            "id": 8,
            "text": "2 : 돈 아끼고 좋네 키키",
            "norm_text": "돈 아끼고 좋네 키키",
            "speaker": {
              "id": "2번",
              "sex": "남성",
              "age": "30대"
            },
            "speechAct": "(단언) 주장하기",
            "morpheme": "돈/NNG+아끼/VV+고/EC+좋/VA+네/EF+키/NNG+키/XSV+ETN"
          },
          {
            "id": 9,
            "text": "1 : 그런가? 거기서 별로 안 좋은 집 소개해 준 것도 아닐 거고...",
            "norm_text": "그런가? 거기서 별로 안 좋은 집 소개해 준 것도 아닐 거고...",
            "speaker": {
              "id": "1번",
              "sex": "여성",
              "age": "20대"
            },
            "speechAct": "(단언) 진술하기",
            "morpheme": "그런가/VA+EF+거기/NP+서/JKB+별로/MAG+안/MAG+좋/VA+은/ETM+집/NNG+소개/NNG+해/XSV+EC+준/VX+ETM+것/NNB+도/JX+아닐/VCN+ETM+거/NNB+고/VCP+EC+./SY+./SY"
          },
          {
            "id": 10,
            "text": "2 : 부동산 사장님이 기분이 좋으셨나 보다 키키",
            "norm_text": "부동산 사장님이 기분이 좋으셨나 보다 키키",
            "speaker": {
              "id": "2번",
              "sex": "남성",
              "age": "30대"
            },
            "speechAct": "(단언) 주장하기",
            "morpheme": "부동산/NNG+사장/NNG+님/XSN+이/JKS+기분/NNG+이/JKS+좋/VA+으셨/EP+EP+EC+나/NP+보다/JKB+키/NNG+키/XSV+ETN"
          },
          {
            "id": 11,
            "text": "1 : 아니면 집주인 쪽에서 돈 받은 거 아니야? 키키",
            "norm_text": "아니면 집주인 쪽에서 돈 받은 거 아니야? 키키",
            "speaker": {
              "id": "1번",
              "sex": "여성",
              "age": "20대"
            },
            "speechAct": "(지시) 질문하기",
            "morpheme": "아니면/MAJ+집/NNG+주인/NNG+쪽/NNB+에서/JKB+돈/NNG+받/VV+은/ETM+거/NNB+아니/VCN+야/EF+키/NNG+키/XSV+ETN"
          },
          {
            "id": 12,
            "text": "2 : 키키 서로 기분 좋게 그럴 수도 있겠노",
            "norm_text": "키키 서로 기분 좋게 그럴 수도 있겠노",
            "speaker": {
              "id": "2번",
              "sex": "남성",
              "age": "30대"
            },
            "speechAct": "(단언) 주장하기",
            "morpheme": "키/NNG+키/NNG+서로/MAG+기분/NNG+좋/VA+게/EC+그럴/VV+ETM+수/NNB+도/JX+있/VA+겠/EP+노/EC"
          },
          {
            "id": 13,
            "text": "1 : 키키 그러면 부동산 중개인, 세입자, 집주인 서로 서로 윈윈윈이고",
            "norm_text": "키키 그러면 부동산 중개인, 세입자, 집주인 서로 서로 윈윈윈이고",
            "speaker": {
              "id": "1번",
              "sex": "여성",
              "age": "20대"
            },
            "speechAct": "(단언) 진술하기",
            "morpheme": "키/NNG+키/XSV+ETN+그러/VV+면/EC+부동산/NNG+중/NNB+개인/NNG+,/SC+세입자/NNG+,/SC+집/NNG+주인/NNG+서로/MAG+서로/MAG+윈/NNP+윈/NNP+윈/NNP+이/VCP+고/EC"
          },
          {
            "id": 14,
            "text": "2 : 키키 그런 생각 안 해봤는데 웃기노 키키",
            "norm_text": "키키 그런 생각 안 해봤는데 웃기노 키키",
            "speaker": {
              "id": "2번",
              "sex": "남성",
              "age": "30대"
            },
            "speechAct": "(단언) 주장하기",
            "morpheme": "키키/NNP+그런/MM+생각/NNG+안/MAG+해/VV+EC+봤/VX+EP+는데/EC+웃기/VV+노/EC+키/NNG+키/XSV+ETN"
          },
          {
            "id": 15,
            "text": "1 : 키키 그러게 나도 나중에 집 구할 때 그랬으면 좋겠다",
            "norm_text": "키키 그러게 나도 나중에 집 구할 때 그랬으면 좋겠다",
            "speaker": {
              "id": "1번",
              "sex": "여성",
              "age": "20대"
            },
            "speechAct": "(단언) 주장하기",
            "morpheme": "키/NNG+키/XSV+ETN+그러/VV+게/EC+나/NP+도/JX+나중/NNG+에/JKB+집구/NNG+할/XSV+ETM+때/NNG+그랬/VV+EP+으면/EC+좋/VA+겠/EP+다/EC"
          },
          {
            "id": 16,
            "text": "2 : 키키 니도 자취할려고?",
            "norm_text": "키키 니도 자취할려고?",
            "speaker": {
              "id": "2번",
              "sex": "남성",
              "age": "30대"
            },
            "speechAct": "(지시) 질문하기",
            "morpheme": "키/NNG+키/VV+니/EC+도/JX+자취/NNG+할려고/XSV+EF"
          },
          {
            "id": 17,
            "text": "1 : 언젠가는 독립을 하긴 해야 하잖아... 키키",
            "norm_text": "언젠가는 독립을 하긴 해야 하잖아... 키키",
            "speaker": {
              "id": "1번",
              "sex": "여성",
              "age": "20대"
            },
            "speechAct": "(단언) 진술하기",
            "morpheme": "언젠가/MAG+는/JX+독립/NNG+을/JKO+하/VV+긴/ETN+JX+해야/VX+EC+하/VX+잖아/EF+./SY+키/NNG+키/XSV+ETN"
          },
          {
            "id": 18,
            "text": "2 : 집 나오면 고생이다 키키",
            "norm_text": "집 나오면 고생이다 키키",
            "speaker": {
              "id": "2번",
              "sex": "남성",
              "age": "30대"
            },
            "speechAct": "(지시) 충고/제안하기",
            "morpheme": "집/NNG+나오/VV+면/EC+고생/NNG+이/JKS+다키키/NNP"
          }
        ]
      }
    }
  ]
}