{
  "dataset": {
    "identifier": 63385,
    "name": "KAKAO_912_15_set",
    "src_path": "/data/file/cubeManager/PROJECT001/53/txt20211005154135018442/KAKAO_912_15_set/",
    "label_path": "/data/file/cubeManager/PROJECT001/53/txt20211005154135018442/KAKAO_912_15_set/",
    "category": 2,
    "type": 0
  },
  "licenses": {
    "name": "Apache License 1.0",
    "url": "http://www.apache.org/licenses/LICENSE-1.0"
  },
  "info": [
    {
      "id": 41632,
      "filename": "KAKAO_912_15.txt",
      "title": "KAKAO_912_15",
      "mediatype": "SNS",
      "medianame": "카카오톡",
      "category": "일상대화",
      "date": "2021-10-05",
      "size": 529,
      "annotations": {
        "subject": "타 국가 이슈",
        "speaker_type": "1:1",
        "size": 529,
        "word_size": 159,
        "text": "1 : 코로나 때문에 아시아인 혐오가 세계적으로 심하잖아\n2 : 그치, 유학생들이나 이민 가신 분들도 엄청 힘들겠더라\n1 : 내 말이 ㅠㅠ 얼마 전에도 LA에서 아시아계 여대생 흑인이 폭행했대.\n2 : 아 ... 너무하네 그 사람이 무슨 잘못이라고\n1 : 전 세계가 중국 때문이라고 ㅠㅠ 지금 혐오감이 높은데...\n2 : 그치 최대한 조심하는 수 밖에 없는 걸까\n1 : 중국은 근데 자기네들 책임 아니라고 인터넷 서명 운동 한다 하대\n2 : ㅠㅠ 중국은 정말 웃긴 게 본인들이 서명하면 뭐가 달라져?\n1 : 몰라? 자기 위안? 코로나는 미국 탓이라고 책임 전가 하기에 급급한가 봐\n2 : 그냥 무조건 남 탓이야. 이상해\n1 : 중국은 좀 이상한 나라인 거 같아. 아이돌 우상화 금지도 참 이해 안됨.\n2 : 그러니까 그리고 미디어 통제도 심하고\n1 : 인스타 이런 거 사용 못하지? 웨이보 그것만 쓰나?\n2 : 그치 그치 넷플릭스도 못 보잖아 불법으로 다 보면서\n1 : 위구르족이나 홍콩 탄압 이런 것도 너무 화나 ㅠㅠ\n2 : 그러니까, 무조건 본인들 땅이고 본인들 소유고",
        "lines": [
          {
            "id": 1,
            "text": "1 : 코로나 때문에 아시아인 혐오가 세계적으로 심하잖아",
            "norm_text": "코로나 때문에 아시아인 혐오가 세계적으로 심하잖아",
            "speaker": {
              "id": "1번",
              "sex": "여성",
              "age": "30대"
            },
            "speechAct": "(단언) 진술하기",
            "morpheme": "코로나/NNG+때문/NNB+에/JKB+아/VV+시/EP+아인/VCN+ETM+혐오/NNG+가/JKS+세계/NNG+적/XSN+으로/JKB+심하/VA+잖아/EC"
          },
          {
            "id": 2,
            "text": "2 : 그치, 유학생들이나 이민 가신 분들도 엄청 힘들겠더라",
            "norm_text": "그치, 유학생들이나 이민 가신 분들도 엄청 힘들겠더라",
            "speaker": {
              "id": "2번",
              "sex": "여성",
              "age": "30대"
            },
            "speechAct": "(단언) 주장하기",
            "morpheme": "그치/IC+,/SC+유학/NNG+생/XSN+들/XSN+이나/JC+이민/NNG+가신/VV+ETM+분/NNB+들/XSN+도/JX+엄청/MAG+힘들/VA+겠/EP+더라/EC"
          },
          {
            "id": 3,
            "text": "1 : 내 말이 ㅠㅠ 얼마 전에도 LA에서 아시아계 여대생 흑인이 폭행했대.",
            "norm_text": "내 말이 ㅠㅠ 얼마 전에도 LA에서 아시아계 여대생 흑인이 폭행했대.",
            "speaker": {
              "id": "1번",
              "sex": "여성",
              "age": "30대"
            },
            "speechAct": "(단언) 진술하기",
            "morpheme": "내말이/NP+JKG+NNG+JKS+ㅠㅠ/UNKNOWN+얼마/NNG+전/NNG+에/JKB+도/JX+LA/SL+에서/JKB+아시아/NNP+계/XSN+여대생/NNG+흑인/NNG+이/JKS+폭행/NNG+했/XSV+EP+대/EF"
          },
          {
            "id": 4,
            "text": "2 : 아 ... 너무하네 그 사람이 무슨 잘못이라고",
            "norm_text": "아 ... 너무하네 그 사람이 무슨 잘못이라고",
            "speaker": {
              "id": "2번",
              "sex": "여성",
              "age": "30대"
            },
            "speechAct": "(단언) 주장하기",
            "morpheme": "아/IC+./SY+너무/MAG+하/VV+네/EF+그/MM+사람/NNG+이/JKS+무슨/MM+잘못/NNG+이/VCP+라고/EC"
          },
          {
            "id": 5,
            "text": "1 : 전 세계가 중국 때문이라고 ㅠㅠ 지금 혐오감이 높은데...",
            "norm_text": "전 세계가 중국 때문이라고 ㅠㅠ 지금 혐오감이 높은데...",
            "speaker": {
              "id": "1번",
              "sex": "여성",
              "age": "30대"
            },
            "speechAct": "(단언) 주장하기",
            "morpheme": "전/MM+세계/NNG+가/JKS+중국/NNP+때문/NNB+이/VCP+라고/EC+ㅠㅠ/UNKNOWN+지금/MAG+혐오감/NNG+이/JKS+높/VA+은데/EF+./SY"
          },
          {
            "id": 6,
            "text": "2 : 그치 최대한 조심하는 수 밖에 없는 걸까",
            "norm_text": "그치 최대한 조심하는 수 밖에 없는 걸까",
            "speaker": {
              "id": "2번",
              "sex": "여성",
              "age": "30대"
            },
            "speechAct": "(지시) 질문하기",
            "morpheme": "그치/IC+최대한/NNG+조심/NNG+하/XSV+는/ETM+수/NNB+밖에/JX+없/VA+는/ETM+걸까/NNB+VCP+EC"
          },
          {
            "id": 7,
            "text": "1 : 중국은 근데 자기네들 책임 아니라고 인터넷 서명 운동 한다 하대",
            "norm_text": "중국은 근데 자기네들 책임 아니라고 인터넷 서명 운동 한다 하대",
            "speaker": {
              "id": "1번",
              "sex": "여성",
              "age": "30대"
            },
            "speechAct": "(단언) 진술하기",
            "morpheme": "중국/NNP+은/JX+근데/MAJ+자기/NP+네/XSN+들/XSN+책임/NNG+아니/VCN+라고/EC+인터넷/NNG+서명/NNG+운동/NNG+한다/XSV+EC+하대/NNG"
          },
          {
            "id": 8,
            "text": "2 : ㅠㅠ 중국은 정말 웃긴 게 본인들이 서명하면 뭐가 달라져?",
            "norm_text": "ㅠㅠ 중국은 정말 웃긴 게 본인들이 서명하면 뭐가 달라져?",
            "speaker": {
              "id": "2번",
              "sex": "여성",
              "age": "30대"
            },
            "speechAct": "(지시) 질문하기",
            "morpheme": "ㅠㅠ/UNKNOWN+중국/NNP+은/JX+정말/MAG+웃긴/VV+ETM+게/NNB+JKS+본인/NNG+들/XSN+이/JKS+서명/NNG+하/XSV+면/EC+뭐/NP+가/JKS+달라져/VA+EC+VX+EF"
          },
          {
            "id": 9,
            "text": "1 : 몰라? 자기 위안? 코로나는 미국 탓이라고 책임 전가 하기에 급급한가 봐",
            "norm_text": "몰라? 자기 위안? 코로나는 미국 탓이라고 책임 전가 하기에 급급한가 봐",
            "speaker": {
              "id": "1번",
              "sex": "여성",
              "age": "30대"
            },
            "speechAct": "(단언) 주장하기",
            "morpheme": "몰라/VV+EF+자기/NP+위안/NNG+?/SY+코로나/NNG+는/JX+미국/NNP+탓/NNG+이/VCP+라고/EC+책임/NNG+전가/NNG+하/XSV+기/ETN+에/JKB+급급/XR+한가/XSA+EC+봐/VX+EC"
          },
          {
            "id": 10,
            "text": "2 : 그냥 무조건 남 탓이야. 이상해",
            "norm_text": "그냥 무조건 남 탓이야. 이상해",
            "speaker": {
              "id": "2번",
              "sex": "여성",
              "age": "30대"
            },
            "speechAct": "(단언) 주장하기",
            "morpheme": "그냥/MAG+무조건/MAG+남/NNG+탓/NNG+이/VCP+야/EF+이상/NNG+해/XSV+EC"
          },
          {
            "id": 11,
            "text": "1 : 중국은 좀 이상한 나라인 거 같아. 아이돌 우상화 금지도 참 이해 안됨.",
            "norm_text": "중국은 좀 이상한 나라인 거 같아. 아이돌 우상화 금지도 참 이해 안됨.",
            "speaker": {
              "id": "1번",
              "sex": "여성",
              "age": "30대"
            },
            "speechAct": "(단언) 주장하기",
            "morpheme": "중국/NNP+은/JX+좀/MAG+이상/NNG+한/XSA+ETM+나라/NNG+인/VCP+ETM+거/NNB+같/VA+아/EF+아이돌/NNP+우상/NNG+화/XSN+금지/NNG+도/JX+참/MAG+이해/NNG+안/MAG+됨/VV+ETN"
          },
          {
            "id": 12,
            "text": "2 : 그러니까 그리고 미디어 통제도 심하고",
            "norm_text": "그러니까 그리고 미디어 통제도 심하고",
            "speaker": {
              "id": "2번",
              "sex": "여성",
              "age": "30대"
            },
            "speechAct": "(단언) 주장하기",
            "morpheme": "그러니까/MAJ+그리고/MAJ+미디어/NNG+통제/NNG+도/JX+심하/VA+고/EC"
          },
          {
            "id": 13,
            "text": "1 : 인스타 이런 거 사용 못하지? 웨이보 그것만 쓰나?",
            "norm_text": "인스타 이런 거 사용 못하지? 웨이보 그것만 쓰나?",
            "speaker": {
              "id": "1번",
              "sex": "여성",
              "age": "30대"
            },
            "speechAct": "(지시) 질문하기",
            "morpheme": "인스/NNP+타이런/NNP+거/NNB+사용/NNG+못/MAG+하/VV+지/EF+웨이보/NNP+그것/NP+만/JX+쓰/VV+나/EF"
          },
          {
            "id": 14,
            "text": "2 : 그치 그치 넷플릭스도 못 보잖아 불법으로 다 보면서",
            "norm_text": "그치 그치 넷플릭스도 못 보잖아 불법으로 다 보면서",
            "speaker": {
              "id": "2번",
              "sex": "여성",
              "age": "30대"
            },
            "speechAct": "(단언) 주장하기",
            "morpheme": "그치/IC+그치/IC+넷플릭스/NNP+도/JX+못/MAG+보/VV+잖아/EC+불법/NNG+으로/JKB+다/MAG+보/VV+면서/EC"
          },
          {
            "id": 15,
            "text": "1 : 위구르족이나 홍콩 탄압 이런 것도 너무 화나 ㅠㅠ",
            "norm_text": "위구르족이나 홍콩 탄압 이런 것도 너무 화나 ㅠㅠ",
            "speaker": {
              "id": "1번",
              "sex": "여성",
              "age": "30대"
            },
            "speechAct": "(단언) 주장하기",
            "morpheme": "위구르/NNP+족/NNG+이나/JC+홍콩/NNP+탄압/NNG+이런/MM+것/NNB+도/JX+너무/MAG+화나/VV+EC+ㅠㅠ/UNKNOWN"
          },
          {
            "id": 16,
            "text": "2 : 그러니까, 무조건 본인들 땅이고 본인들 소유고",
            "norm_text": "그러니까, 무조건 본인들 땅이고 본인들 소유고",
            "speaker": {
              "id": "2번",
              "sex": "여성",
              "age": "30대"
            },
            "speechAct": "(단언) 주장하기",
            "morpheme": "그러니까/MAJ+,/SC+무조건/MAG+본인/NNG+들/XSN+땅/NNG+이/VCP+고/EC+본인/NNG+들/XSN+소유/NNG+고/VCP+EC"
          }
        ]
      }
    }
  ]
}