{
  "dataset": {
    "identifier": 63363,
    "name": "KAKAO_912_03_set",
    "src_path": "/data/file/cubeManager/PROJECT001/53/txt20211005154135007422/KAKAO_912_03_set/",
    "label_path": "/data/file/cubeManager/PROJECT001/53/txt20211005154135007422/KAKAO_912_03_set/",
    "category": 2,
    "type": 0
  },
  "licenses": {
    "name": "Apache License 1.0",
    "url": "http://www.apache.org/licenses/LICENSE-1.0"
  },
  "info": [
    {
      "id": 41620,
      "filename": "KAKAO_912_03.txt",
      "title": "KAKAO_912_03",
      "mediatype": "SNS",
      "medianame": "카카오톡",
      "category": "일상대화",
      "date": "2021-10-05",
      "size": 508,
      "annotations": {
        "subject": "교통",
        "speaker_type": "1:1",
        "size": 508,
        "word_size": 157,
        "text": "1 : 이번에 현대에서 경차 새로 나왔더라\n2 : 아 진짜? 나 경차에 관심 많은데\n1 : 캐스퍼라고 엄청 귀엽게 생겼어 키키\n2 : 오 이름 들어봤어. 한번 알아봐야겠다\n1 : 근데 말이 경차지 옵션 넣으면 가격 좀 한다더랑\n2 : 그치. 경차 사려다가 추가하고 추가하면 결국 소형차로 넘어간다고...\n1 : 맞아 키키 그거는 약간 SUV처럼 생겼던데 실물 보고 싶어 키키\n2 : 와 너무 내 취향이다. 키키 디자인\n1 : 근데 경차 타보면 확실히 메리트가 많아!\n2 : 그치? 할인되는 것도 많고... 나도 첫 차를 산다면 경차로 시작하고 싶어\n1 : 특히 운전 서투르면 골목길 운전 쥐약인데 경차는 그런 것도 좀 좋고\n2 : 응 주차도 좀 편할 것 같아\n1 : 공영 주차장은 다 50프로 할인까지 돼 키키\n2 : 제주도 여행 가서 렌트 하면 주차가 항상 무서워서...하하 경차는 역시 그런 점에 좋구나\n1 : 그 외에도 톨비도 반값 보험도 싸고 그러니까 시작은 경차로 해도 좋을 거 같아 키키\n2 : 응 한번 연말에 알아봐야겠어.",
        "lines": [
          {
            "id": 1,
            "text": "1 : 이번에 현대에서 경차 새로 나왔더라",
            "norm_text": "이번에 현대에서 경차 새로 나왔더라",
            "speaker": {
              "id": "1번",
              "sex": "여성",
              "age": "30대"
            },
            "speechAct": "(단언) 진술하기",
            "morpheme": "이번/NNG+에/JKB+현대/NNG+에서/JKB+경차/NNG+새로/MAG+나왔/VV+EP+더라/EC"
          },
          {
            "id": 2,
            "text": "2 : 아 진짜? 나 경차에 관심 많은데",
            "norm_text": "아 진짜? 나 경차에 관심 많은데",
            "speaker": {
              "id": "2번",
              "sex": "여성",
              "age": "30대"
            },
            "speechAct": "(단언) 주장하기",
            "morpheme": "아/IC+진짜/MAG+나/NP+경차/NNG+에/JKB+관심/NNG+많/VA+은데/EC"
          },
          {
            "id": 3,
            "text": "1 : 캐스퍼라고 엄청 귀엽게 생겼어 키키",
            "norm_text": "캐스퍼라고 엄청 귀엽게 생겼어 키키",
            "speaker": {
              "id": "1번",
              "sex": "여성",
              "age": "30대"
            },
            "speechAct": "(단언) 주장하기",
            "morpheme": "캐스퍼/NNP+라고/VCP+EC+엄청/MAG+귀엽/VA+게/EC+생겼/VV+EP+어/EC+키/NNG+키/XSV+ETN"
          },
          {
            "id": 4,
            "text": "2 : 오 이름 들어봤어. 한번 알아봐야겠다",
            "norm_text": "오 이름 들어봤어. 한번 알아봐야겠다",
            "speaker": {
              "id": "2번",
              "sex": "여성",
              "age": "30대"
            },
            "speechAct": "(단언) 주장하기",
            "morpheme": "오/NR+이름/NNG+들/VV+어/EC+봤/VX+EP+어/EF+한번/MAG+알/VV+아/EC+봐야/VX+EC+VV+겠/EP+다/EC"
          },
          {
            "id": 5,
            "text": "1 : 근데 말이 경차지 옵션 넣으면 가격 좀 한다더랑",
            "norm_text": "근데 말이 경차지 옵션 넣으면 가격 좀 한다더랑",
            "speaker": {
              "id": "1번",
              "sex": "여성",
              "age": "30대"
            },
            "speechAct": "(단언) 진술하기",
            "morpheme": "근데/MAJ+말/NNG+이경/NR+차지/NNG+옵션/NNG+넣/VV+으면/EC+가격/NNG+좀/MAG+한다/VV+EC+더/MAG+랑/NNG"
          },
          {
            "id": 6,
            "text": "2 : 그치. 경차 사려다가 추가하고 추가하면 결국 소형차로 넘어간다고...",
            "norm_text": "그치. 경차 사려다가 추가하고 추가하면 결국 소형차로 넘어간다고...",
            "speaker": {
              "id": "2번",
              "sex": "여성",
              "age": "30대"
            },
            "speechAct": "(단언) 주장하기",
            "morpheme": "그치/IC+경차/NNG+사/VV+려다가/EC+추가/NNG+하/XSV+고/EC+추가/NNG+하/XSV+면/EC+결국/NNG+소형차/NNG+로/JKB+넘/VV+어/EC+간다고/VX+EF+./SY"
          },
          {
            "id": 7,
            "text": "1 : 맞아 키키 그거는 약간 SUV처럼 생겼던데 실물 보고 싶어 키키",
            "norm_text": "맞아 키키 그거는 약간 SUV처럼 생겼던데 실물 보고 싶어 키키",
            "speaker": {
              "id": "1번",
              "sex": "여성",
              "age": "30대"
            },
            "speechAct": "(단언) 주장하기",
            "morpheme": "맞/VV+아/EC+키/NNG+키/XSV+ETN+그거/NP+는/JX+약간/MAG+SUV/SL+처럼/JKB+생겼/VV+EP+던/ETM+데/NNB+실물/NNG+보/VV+고/EC+싶/VX+어/EC+키/NNG+키/XSV+ETN"
          },
          {
            "id": 8,
            "text": "2 : 와 너무 내 취향이다. 키키 디자인",
            "norm_text": "와 너무 내 취향이다. 키키 디자인",
            "speaker": {
              "id": "2번",
              "sex": "여성",
              "age": "30대"
            },
            "speechAct": "(단언) 주장하기",
            "morpheme": "와/IC+너무/MAG+내/NP+JKG+취향/NNG+이/VCP+다/EF+키키/+디/+자인/NNG"
          },
          {
            "id": 9,
            "text": "1 : 근데 경차 타보면 확실히 메리트가 많아!",
            "norm_text": "근데 경차 타보면 확실히 메리트가 많아!",
            "speaker": {
              "id": "1번",
              "sex": "여성",
              "age": "30대"
            },
            "speechAct": "(단언) 주장하기",
            "morpheme": "근데/MAJ+경차/NNG+타/XSV+EC+보/VX+면/EC+확실히/MAG+메리트/NNG+가/JKS+많/VA+아/EF"
          },
          {
            "id": 10,
            "text": "2 : 그치? 할인되는 것도 많고... 나도 첫 차를 산다면 경차로 시작하고 싶어",
            "norm_text": "그치? 할인되는 것도 많고... 나도 첫 차를 산다면 경차로 시작하고 싶어",
            "speaker": {
              "id": "2번",
              "sex": "여성",
              "age": "30대"
            },
            "speechAct": "(단언) 주장하기",
            "morpheme": "그치/IC+할인/NNG+되/XSV+는/ETM+것/NNB+도/JX+많/VA+고/EC+./SY+./SY+나/NP+도/JX+첫차/NNG+를/JKO+산다면/VV+EC+경차/NNG+로/JKB+시작/NNG+하/XSV+고/EC+싶/VX+어/EC"
          },
          {
            "id": 11,
            "text": "1 : 특히 운전 서투르면 골목길 운전 쥐약인데 경차는 그런 것도 좀 좋고",
            "norm_text": "특히 운전 서투르면 골목길 운전 쥐약인데 경차는 그런 것도 좀 좋고",
            "speaker": {
              "id": "1번",
              "sex": "여성",
              "age": "30대"
            },
            "speechAct": "(단언) 주장하기",
            "morpheme": "특히/MAG+운전/NNG+서투르/VA+면/EC+골목길/NNG+운전/NNG+쥐약/NNG+인데/VCP+EC+경차/NNG+는/JX+그런/MM+것/NNB+도/JX+좀/MAG+좋/VA+고/EC"
          },
          {
            "id": 12,
            "text": "2 : 응 주차도 좀 편할 것 같아",
            "norm_text": "응 주차도 좀 편할 것 같아",
            "speaker": {
              "id": "2번",
              "sex": "여성",
              "age": "30대"
            },
            "speechAct": "(단언) 주장하기",
            "morpheme": "응/IC+주차/NNG+도/JX+좀/MAG+편할/VA+ETM+것/NNB+같/VA+아/EC"
          },
          {
            "id": 13,
            "text": "1 : 공영 주차장은 다 50프로 할인까지 돼 키키",
            "norm_text": "공영 주차장은 다 50프로 할인까지 돼 키키",
            "speaker": {
              "id": "1번",
              "sex": "여성",
              "age": "30대"
            },
            "speechAct": "(단언) 진술하기",
            "morpheme": "공영/NNG+주차장/NNG+은/JX+다/MAG+50/SN+프로/NNG+할인/NNG+까지/JX+돼/VV+EC+키/NNG+키/XSV+ETN"
          },
          {
            "id": 14,
            "text": "2 : 제주도 여행 가서 렌트 하면 주차가 항상 무서워서...하하 경차는 역시 그런 점에 좋구나",
            "norm_text": "제주도 여행 가서 렌트 하면 주차가 항상 무서워서...하하 경차는 역시 그런 점에 좋구나",
            "speaker": {
              "id": "2번",
              "sex": "여성",
              "age": "30대"
            },
            "speechAct": "(단언) 주장하기",
            "morpheme": "제주도/NNP+여행/NNG+가/VV+서/EC+렌트/NNG+하/XSV+면/EC+주차/NNG+가/JKS+항상/MAG+무서워서/VA+EC+./SY+./SY+하하/MAG+경차/NNG+는/JX+역시/MAJ+그런/MM+점/NNG+에/JKB+좋/VA+구나/EC"
          },
          {
            "id": 15,
            "text": "1 : 그 외에도 톨비도 반값 보험도 싸고 그러니까 시작은 경차로 해도 좋을 거 같아 키키",
            "norm_text": "그 외에도 톨비도 반값 보험도 싸고 그러니까 시작은 경차로 해도 좋을 거 같아 키키",
            "speaker": {
              "id": "1번",
              "sex": "여성",
              "age": "30대"
            },
            "speechAct": "(단언) 주장하기",
            "morpheme": "그/MM+외/NNB+에/JKB+도/JX+톨/NNG+비/NNG+도/JX+반값/NNG+보험/NNG+도/JX+싸/VA+고/EC+그러니까/MAJ+시작/NNG+은/JX+경차/NNG+로/JKB+해도/VV+EC+좋/VA+을/ETM+거/NNB+같/VA+아/EC+키/NNG+키/XSV+ETN"
          },
          {
            "id": 16,
            "text": "2 : 응 한번 연말에 알아봐야겠어.",
            "norm_text": "응 한번 연말에 알아봐야겠어.",
            "speaker": {
              "id": "2번",
              "sex": "여성",
              "age": "30대"
            },
            "speechAct": "(단언) 주장하기",
            "morpheme": "응/IC+한/MM+번/NNBC+연말/NNG+에/JKB+알/VV+아/EC+봐야/VX+EC+VV+겠/EP+어/EF"
          }
        ]
      }
    }
  ]
}