{
  "dataset": {
    "identifier": 72895,
    "name": "KAKAO_899_08_set",
    "src_path": "/data/file/cubeManager/PROJECT001/53/txt20211005152834015337/KAKAO_899_08_set/",
    "label_path": "/data/file/cubeManager/PROJECT001/53/txt20211005152834015337/KAKAO_899_08_set/",
    "category": 2,
    "type": 0
  },
  "licenses": {
    "name": "Apache License 1.0",
    "url": "http://www.apache.org/licenses/LICENSE-1.0"
  },
  "info": [
    {
      "id": 41325,
      "filename": "KAKAO_899_08.txt",
      "title": "KAKAO_899_08",
      "mediatype": "SNS",
      "medianame": "카카오톡",
      "category": "일상대화",
      "date": "2021-10-05",
      "size": 415,
      "annotations": {
        "subject": "연애/결혼",
        "speaker_type": "1:1",
        "size": 415,
        "word_size": 140,
        "text": "1 : 여자친구랑 결혼할 생각은 있음? 키키\n2 : 생각은 있지만 뭐 모르지 키키\n1 : 맞아 식장 들어갈 때까지는 모르는 일 키키\n2 : 그렇지 키키 그래서 뭐 모르겠네? 당장 할 게 아니니깐\n1 : 그건 그래 키키 급할 건 없지\n2 : 이이 돈도 없고 키키 취업도 못했고\n1 : 맞아 그것부터 해결해야지 키키\n2 : 그래 취업이 급하다 나는 키키\n1 : 키키 그것도 너무 급하게 하지 마 찬찬히 하세용 키키\n2 : 키키 니는 안 급하나 나는 좀 조급하던데 요새는\n1 : 나도 급하긴 한데 키키 급하게 하다가 체해\n2 : 키키 그건 맞다 이상한 곳 들어갈 수도\n1 : 옹 그래서 시간 낭비할 바에 차근차근 키키\n2 : 맞다 키키 진짜 그 말이 맞는 것 같다\n1 : 키키 그런데 차근차근 했는데 이상한 곳이면 우째 키키\n2 : 아... 근데 안 이상한 곳 가기도 힘들다",
        "lines": [
          {
            "id": 1,
            "text": "1 : 여자친구랑 결혼할 생각은 있음? 키키",
            "norm_text": "여자친구랑 결혼할 생각은 있음? 키키",
            "speaker": {
              "id": "1번",
              "sex": "여성",
              "age": "20대"
            },
            "speechAct": "(지시) 질문하기",
            "morpheme": "여자/NNG+친구/NNG+랑/JKB+결혼/NNG+할/XSV+ETM+생각/NNG+은/JX+있/VV+음/ETN+키/NNG+키/XSV+ETN"
          },
          {
            "id": 2,
            "text": "2 : 생각은 있지만 뭐 모르지 키키",
            "norm_text": "생각은 있지만 뭐 모르지 키키",
            "speaker": {
              "id": "2번",
              "sex": "남성",
              "age": "20대"
            },
            "speechAct": "(단언) 주장하기",
            "morpheme": "생각/NNG+은/JX+있/VA+지만/EC+뭐/IC+모르/VV+지/EC+키/NNG+키/XSV+ETN"
          },
          {
            "id": 3,
            "text": "1 : 맞아 식장 들어갈 때까지는 모르는 일 키키",
            "norm_text": "맞아 식장 들어갈 때까지는 모르는 일 키키",
            "speaker": {
              "id": "1번",
              "sex": "여성",
              "age": "20대"
            },
            "speechAct": "(단언) 주장하기",
            "morpheme": "맞/VV+아/EC+식장/NNG+들어갈/VV+ETM+때/NNG+까지/JX+는/JX+모르/VV+는/ETM+일/NNG+키/NNG+키/XSV+ETN"
          },
          {
            "id": 4,
            "text": "2 : 그렇지 키키 그래서 뭐 모르겠네? 당장 할 게 아니니깐",
            "norm_text": "그렇지 키키 그래서 뭐 모르겠네? 당장 할 게 아니니깐",
            "speaker": {
              "id": "2번",
              "sex": "남성",
              "age": "20대"
            },
            "speechAct": "(지시) 질문하기",
            "morpheme": "그렇/VA+지/EC+키/NNG+키/XSV+ETN+그래서/MAJ+뭐/IC+모르/VV+겠/EP+네/EF+당장/NNG+할/XSV+ETM+게/NNB+JKC+아니/VCN+니깐/EC"
          },
          {
            "id": 5,
            "text": "1 : 그건 그래 키키 급할 건 없지",
            "norm_text": "그건 그래 키키 급할 건 없지",
            "speaker": {
              "id": "1번",
              "sex": "여성",
              "age": "20대"
            },
            "speechAct": "(단언) 진술하기",
            "morpheme": "그건/NP+JX+그래/VA+EC+키/NNG+키/XSV+ETN+급할/VA+ETM+건/NNB+JX+없/VA+지/EC"
          },
          {
            "id": 6,
            "text": "2 : 이이 돈도 없고 키키 취업도 못했고",
            "norm_text": "이이 돈도 없고 키키 취업도 못했고",
            "speaker": {
              "id": "2번",
              "sex": "남성",
              "age": "20대"
            },
            "speechAct": "(단언) 진술하기",
            "morpheme": "이이/NNP+돈/NNG+도/JX+없/VA+고/EC+키/NNG+키/NNG+취업/NNG+도/JX+못/MAG+했/VV+EP+고/EC"
          },
          {
            "id": 7,
            "text": "1 : 맞아 그것부터 해결해야지 키키",
            "norm_text": "맞아 그것부터 해결해야지 키키",
            "speaker": {
              "id": "1번",
              "sex": "여성",
              "age": "20대"
            },
            "speechAct": "(단언) 주장하기",
            "morpheme": "맞/VV+아/EC+그것/NP+부터/JX+해결/NNG+해야지/XSV+EC+키/NNG+키/XSV+ETN"
          },
          {
            "id": 8,
            "text": "2 : 그래 취업이 급하다 나는 키키",
            "norm_text": "그래 취업이 급하다 나는 키키",
            "speaker": {
              "id": "2번",
              "sex": "남성",
              "age": "20대"
            },
            "speechAct": "(단언) 진술하기",
            "morpheme": "그래/IC+취업/NNG+이/JKS+급하/VA+다/EF+나/NP+는/JX+키/NNG+키/XSV+ETN"
          },
          {
            "id": 9,
            "text": "1 : 키키 그것도 너무 급하게 하지 마 찬찬히 하세용 키키",
            "norm_text": "키키 그것도 너무 급하게 하지 마 찬찬히 하세용 키키",
            "speaker": {
              "id": "1번",
              "sex": "여성",
              "age": "20대"
            },
            "speechAct": "(지시) 충고/제안하기",
            "morpheme": "키/NNG+키/XSV+ETN+그것/NP+도/JX+너무/MAG+급하/VA+게/EC+하/VV+지/EC+마/VX+EC+찬찬히/MAG+하/VV+세용/EP+EF+키/NNG+키/XSV+ETN"
          },
          {
            "id": 10,
            "text": "2 : 키키 니는 안 급하나 나는 좀 조급하던데 요새는",
            "norm_text": "키키 니는 안 급하나 나는 좀 조급하던데 요새는",
            "speaker": {
              "id": "2번",
              "sex": "남성",
              "age": "20대"
            },
            "speechAct": "(단언) 진술하기",
            "morpheme": "키/NNG+키/XSV+ETN+니/NP+는/JX+안/MAG+급하/VA+나/EC+나/NP+는/JX+좀/MAG+조급/XR+하/XSA+던데요/EC+새/VV+는/ETM"
          },
          {
            "id": 11,
            "text": "1 : 나도 급하긴 한데 키키 급하게 하다가 체해",
            "norm_text": "나도 급하긴 한데 키키 급하게 하다가 체해",
            "speaker": {
              "id": "1번",
              "sex": "여성",
              "age": "20대"
            },
            "speechAct": "(단언) 진술하기",
            "morpheme": "나/NP+도/JX+급하/VA+긴/ETN+JX+한데/VX+EC+키/NNG+키/XSV+ETN+급하/VA+게/EC+하/VV+다가/EC+체해/VV+EC"
          },
          {
            "id": 12,
            "text": "2 : 키키 그건 맞다 이상한 곳 들어갈 수도",
            "norm_text": "키키 그건 맞다 이상한 곳 들어갈 수도",
            "speaker": {
              "id": "2번",
              "sex": "남성",
              "age": "20대"
            },
            "speechAct": "(단언) 주장하기",
            "morpheme": "키/NNG+키/XSV+ETN+그건/NP+JX+맞/VV+다/EC+이상/NNG+한/XSA+ETM+곳/NNB+들어갈/VV+ETM+수/NNB+도/JX"
          },
          {
            "id": 13,
            "text": "1 : 옹 그래서 시간 낭비할 바에 차근차근 키키",
            "norm_text": "옹 그래서 시간 낭비할 바에 차근차근 키키",
            "speaker": {
              "id": "1번",
              "sex": "여성",
              "age": "20대"
            },
            "speechAct": "(단언) 주장하기",
            "morpheme": "옹/NNG+그래서/MAJ+시간/NNG+낭비/NNG+할/XSV+ETM+바/NNB+에/JKB+차근차근/MAG+키/NNG+키/XSV+ETN"
          },
          {
            "id": 14,
            "text": "2 : 맞다 키키 진짜 그 말이 맞는 것 같다",
            "norm_text": "맞다 키키 진짜 그 말이 맞는 것 같다",
            "speaker": {
              "id": "2번",
              "sex": "남성",
              "age": "20대"
            },
            "speechAct": "(단언) 주장하기",
            "morpheme": "맞/XPN+다키키/NNP+진짜/MAG+그/MM+말/NNG+이/JKS+맞/VV+는/ETM+것/NNB+같/VA+다/EC"
          },
          {
            "id": 15,
            "text": "1 : 키키 그런데 차근차근 했는데 이상한 곳이면 우째 키키",
            "norm_text": "키키 그런데 차근차근 했는데 이상한 곳이면 우째 키키",
            "speaker": {
              "id": "1번",
              "sex": "여성",
              "age": "20대"
            },
            "speechAct": "(지시) 질문하기",
            "morpheme": "키/NNG+키/XSV+ETN+그런데/MAJ+차근차근/MAG+했/VV+EP+는데/EC+이상/NNG+한/XSA+ETM+곳/NNG+이/VCP+면/EC+우째/MAG+키/NNG+키/XSV+ETN"
          },
          {
            "id": 16,
            "text": "2 : 아... 근데 안 이상한 곳 가기도 힘들다",
            "norm_text": "아... 근데 안 이상한 곳 가기도 힘들다",
            "speaker": {
              "id": "2번",
              "sex": "남성",
              "age": "20대"
            },
            "speechAct": "(단언) 주장하기",
            "morpheme": "아/IC+./SY+근데/MAJ+안/MAG+이상/XR+한/XSA+ETM+곳/NNB+가/VV+기/ETN+도/JX+힘들/VA+다/EC"
          }
        ]
      }
    }
  ]
}