{
  "dataset": {
    "identifier": 63352,
    "name": "KAKAO_914_18_set",
    "src_path": "/data/file/cubeManager/PROJECT001/53/txt20211005161430082516/KAKAO_914_18_set/",
    "label_path": "/data/file/cubeManager/PROJECT001/53/txt20211005161430082516/KAKAO_914_18_set/",
    "category": 2,
    "type": 0
  },
  "licenses": {
    "name": "Apache License 1.0",
    "url": "http://www.apache.org/licenses/LICENSE-1.0"
  },
  "info": [
    {
      "id": 42035,
      "filename": "KAKAO_914_18.txt",
      "title": "KAKAO_914_18",
      "mediatype": "SNS",
      "medianame": "카카오톡",
      "category": "일상대화",
      "date": "2021-10-05",
      "size": 445,
      "annotations": {
        "subject": "상거래 전반",
        "speaker_type": "1:1",
        "size": 445,
        "word_size": 154,
        "text": "1 : 당근마켓에 알바 구한대 키키\n2 : 아 진짜? 키키 어떤 알바?\n1 : 전부치기 알바 키키 일당 십만 원\n2 : 키키 대박 근데 안 할래 키키\n1 : 키키 집 청소 해주기 8만원 키키\n2 : 키키 얼마나 더러울까 키키\n1 : 키키 그러니까 그런 집들 보면 저서 사람이 사나 싶던데\n2 : 시간 정해져 있음? 키키\n2 : 시급이 중요한데 키키\n1 : 키키 몰라 키키 그래도 하기 싫다\n1 : 중고 거래 어플에서 별걸 다하네\n2 : 키키 바퀴벌레 잡아 달란 알바도 있던데\n1 : 와우? 키키 쩌네\n1 : 가는 동안 바퀴 도망가겠다\n2 : 키키 못 잡으면 헛걸음 되는 거지 키키\n2 : 이미 숨은 아를 우예 찾음\n1 : 그러니까 진짜 찝찝해서 우째 잠\n2 : 키키 나도 며칠 전에 집에서 귀뚜라미 잡았는데\n1 : 응? 너 대구 맞아?\n1 : 솔직히 얘기해봐\n2 : 키키 안 믿기죠?\n2 : 저 진짜... ㅠㅠ 소름 끼치도록 무서워서",
        "lines": [
          {
            "id": 1,
            "text": "1 : 당근마켓에 알바 구한대 키키",
            "norm_text": "당근마켓에 알바 구한대 키키",
            "speaker": {
              "id": "1번",
              "sex": "남성",
              "age": "20대"
            },
            "speechAct": "(단언) 진술하기",
            "morpheme": "당근/MAG+마켓/NNP+에/JKB+알/VV+ETM+바/NNB+구한대/VV+EF+키/NNG+키/XSV+ETN"
          },
          {
            "id": 2,
            "text": "2 : 아 진짜? 키키 어떤 알바?",
            "norm_text": "아 진짜? 키키 어떤 알바?",
            "speaker": {
              "id": "2번",
              "sex": "여성",
              "age": "20대"
            },
            "speechAct": "(지시) 질문하기",
            "morpheme": "아/IC+진짜/MAG+키키어떤알바/UNKNOWN"
          },
          {
            "id": 3,
            "text": "1 : 전부치기 알바 키키 일당 십만 원",
            "norm_text": "전부치기 알바 키키 일당 십만 원",
            "speaker": {
              "id": "1번",
              "sex": "남성",
              "age": "20대"
            },
            "speechAct": "(단언) 진술하기",
            "morpheme": "전부/MAG+치/VV+기/ETN+알바/NNP+키키/NNP+일당/NNG+십/NR+만/NR+원/NNBC"
          },
          {
            "id": 4,
            "text": "2 : 키키 대박 근데 안 할래 키키",
            "norm_text": "키키 대박 근데 안 할래 키키",
            "speaker": {
              "id": "2번",
              "sex": "여성",
              "age": "20대"
            },
            "speechAct": "(단언) 주장하기",
            "morpheme": "키/NNG+키/NNG+대박/NNG+근데/MAJ+안/MAG+할래/VV+EC+키/NNG+키/XSV+ETN"
          },
          {
            "id": 5,
            "text": "1 : 키키 집 청소 해주기 8만원 키키",
            "norm_text": "키키 집 청소 해주기 8만원 키키",
            "speaker": {
              "id": "1번",
              "sex": "남성",
              "age": "20대"
            },
            "speechAct": "(단언) 진술하기",
            "morpheme": "키/NNG+키/NNG+집/NNG+청소/NNG+해/XSV+EC+주/VX+기/ETN+8/SN+만/NR+원/NNBC+키/NNG+키/XSV+ETN"
          },
          {
            "id": 6,
            "text": "2 : 키키 얼마나 더러울까 키키",
            "norm_text": "키키 얼마나 더러울까 키키",
            "speaker": {
              "id": "2번",
              "sex": "여성",
              "age": "20대"
            },
            "speechAct": "(단언) 주장하기",
            "morpheme": "키/NNG+키/NNG+얼마나/MAG+더러울까/VA+EF+키/NNG+키/XSV+ETN"
          },
          {
            "id": 7,
            "text": "1 : 키키 그러니까 그런 집들 보면 저서 사람이 사나 싶던데",
            "norm_text": "키키 그러니까 그런 집들 보면 저서 사람이 사나 싶던데",
            "speaker": {
              "id": "1번",
              "sex": "남성",
              "age": "20대"
            },
            "speechAct": "(단언) 주장하기",
            "morpheme": "키/NNG+키/XSV+ETN+그러니까/MAJ+그런/MM+집/NNG+들/XSN+보/VV+면/EC+저서/NNG+사람/NNG+이/JKS+사/VV+나/EC+싶/VX+던데/EC"
          },
          {
            "id": 8,
            "text": "2 : 시간 정해져 있음? 키키",
            "norm_text": "시간 정해져 있음? 키키",
            "speaker": {
              "id": "2번",
              "sex": "여성",
              "age": "20대"
            },
            "speechAct": "(지시) 질문하기",
            "morpheme": "시간/NNG+정해져/VV+EC+VX+EC+있/VX+음/ETN+키/NNG+키/XSV+ETN"
          },
          {
            "id": 9,
            "text": "2 : 시급이 중요한데 키키",
            "norm_text": "시급이 중요한데 키키",
            "speaker": {
              "id": "2번",
              "sex": "여성",
              "age": "20대"
            },
            "speechAct": "(단언) 주장하기",
            "morpheme": "시급/NNG+이/JKS+중요/XR+한데/XSA+EC+키/NNG+키/XSV+ETN"
          },
          {
            "id": 10,
            "text": "1 : 키키 몰라 키키 그래도 하기 싫다",
            "norm_text": "키키 몰라 키키 그래도 하기 싫다",
            "speaker": {
              "id": "1번",
              "sex": "남성",
              "age": "20대"
            },
            "speechAct": "(단언) 주장하기",
            "morpheme": "키/NNG+키/XSV+ETN+몰라/VV+EC+키/NNG+키/XSV+ETN+그래도/VV+EC+하/VV+기/ETN+싫/VA+다/EC"
          },
          {
            "id": 11,
            "text": "1 : 중고 거래 어플에서 별걸 다하네",
            "norm_text": "중고 거래 어플에서 별걸 다하네",
            "speaker": {
              "id": "1번",
              "sex": "남성",
              "age": "20대"
            },
            "speechAct": "(단언) 주장하기",
            "morpheme": "중고/NNG+거래/NNG+어/IC+플/NNG+에서/JKB+별/MM+걸/NNB+JKO+다/MAG+하네/NNG"
          },
          {
            "id": 12,
            "text": "2 : 키키 바퀴벌레 잡아 달란 알바도 있던데",
            "norm_text": "키키 바퀴벌레 잡아 달란 알바도 있던데",
            "speaker": {
              "id": "2번",
              "sex": "여성",
              "age": "20대"
            },
            "speechAct": "(단언) 진술하기",
            "morpheme": "키/NNG+키/NNG+바퀴벌레/NNG+잡아달/VV+란/EC+알/VV+ETM+바/NNB+도/JX+있/VA+던데/EC"
          },
          {
            "id": 13,
            "text": "1 : 와우? 키키 쩌네",
            "norm_text": "와우? 키키 쩌네",
            "speaker": {
              "id": "1번",
              "sex": "남성",
              "age": "20대"
            },
            "speechAct": "(단언) 주장하기",
            "morpheme": "와우/IC+키키쩌네/UNKNOWN"
          },
          {
            "id": 14,
            "text": "1 : 가는 동안 바퀴 도망가겠다",
            "norm_text": "가는 동안 바퀴 도망가겠다",
            "speaker": {
              "id": "1번",
              "sex": "남성",
              "age": "20대"
            },
            "speechAct": "(단언) 주장하기",
            "morpheme": "가/VV+는/ETM+동안/NNG+바퀴/NNG+도망가/VV+겠/EP+다/EC"
          },
          {
            "id": 15,
            "text": "2 : 키키 못 잡으면 헛걸음 되는 거지 키키",
            "norm_text": "키키 못 잡으면 헛걸음 되는 거지 키키",
            "speaker": {
              "id": "2번",
              "sex": "여성",
              "age": "20대"
            },
            "speechAct": "(단언) 주장하기",
            "morpheme": "키/NNG+키/NNG+못/MAG+잡/VV+으면/EC+헛걸음/NNG+되/XSV+는/ETM+거/NNB+지/VCP+EC+키/NNG+키/XSV+ETN"
          },
          {
            "id": 16,
            "text": "2 : 이미 숨은 아를 우예 찾음",
            "norm_text": "이미 숨은 아를 우예 찾음",
            "speaker": {
              "id": "2번",
              "sex": "여성",
              "age": "20대"
            },
            "speechAct": "(지시) 질문하기",
            "morpheme": "이미/MAG+숨/NNG+은아/NNG+를/JKO+우예/MAG+찾/VV+음/ETN"
          },
          {
            "id": 17,
            "text": "1 : 그러니까 진짜 찝찝해서 우째 잠",
            "norm_text": "그러니까 진짜 찝찝해서 우째 잠",
            "speaker": {
              "id": "1번",
              "sex": "남성",
              "age": "20대"
            },
            "speechAct": "(지시) 질문하기",
            "morpheme": "그러니까/MAJ+진짜/MAG+찝찝/XR+해서/XSA+EC+우째/MAG+잠/NNG"
          },
          {
            "id": 18,
            "text": "2 : 키키 나도 며칠 전에 집에서 귀뚜라미 잡았는데",
            "norm_text": "키키 나도 며칠 전에 집에서 귀뚜라미 잡았는데",
            "speaker": {
              "id": "2번",
              "sex": "여성",
              "age": "20대"
            },
            "speechAct": "(단언) 진술하기",
            "morpheme": "키/NNG+키나/XSA+ETN+JX+도/JX+며칠/NNG+전/NNG+에/JKB+집/NNG+에서/JKB+귀뚜라미/NNG+잡/VV+았/EP+는데/EC"
          },
          {
            "id": 19,
            "text": "1 : 응? 너 대구 맞아?",
            "norm_text": "응? 너 대구 맞아?",
            "speaker": {
              "id": "1번",
              "sex": "남성",
              "age": "20대"
            },
            "speechAct": "(지시) 질문하기",
            "morpheme": "응/IC+너/NP+대/VV+구/EC+맞/VV+아/EF"
          },
          {
            "id": 20,
            "text": "1 : 솔직히 얘기해봐",
            "norm_text": "솔직히 얘기해봐",
            "speaker": {
              "id": "1번",
              "sex": "남성",
              "age": "20대"
            },
            "speechAct": "(단언) 주장하기",
            "morpheme": "솔직히/MAG+얘기/NNG+해/XSV+EC+봐/VX+EC"
          },
          {
            "id": 21,
            "text": "2 : 키키 안 믿기죠?",
            "norm_text": "키키 안 믿기죠?",
            "speaker": {
              "id": "2번",
              "sex": "여성",
              "age": "20대"
            },
            "speechAct": "(지시) 질문하기",
            "morpheme": "키/NNG+키/NNG+안/MAG+믿기/VV+죠/EF"
          },
          {
            "id": 22,
            "text": "2 : 저 진짜... ㅠㅠ 소름 끼치도록 무서워서",
            "norm_text": "저 진짜... ㅠㅠ 소름 끼치도록 무서워서",
            "speaker": {
              "id": "2번",
              "sex": "여성",
              "age": "20대"
            },
            "speechAct": "(단언) 주장하기",
            "morpheme": "저/IC+진짜/MAG+./SY+ㅠㅠ/UNKNOWN+소름/NNG+끼치/VV+도록/EC+무서워서/VA+EC"
          }
        ]
      }
    }
  ]
}