{
  "dataset": {
    "identifier": 72847,
    "name": "KAKAO_905_07_set",
    "src_path": "/data/file/cubeManager/PROJECT001/53/txt20211005152851093338/KAKAO_905_07_set/",
    "label_path": "/data/file/cubeManager/PROJECT001/53/txt20211005152851093338/KAKAO_905_07_set/",
    "category": 2,
    "type": 0
  },
  "licenses": {
    "name": "Apache License 1.0",
    "url": "http://www.apache.org/licenses/LICENSE-1.0"
  },
  "info": [
    {
      "id": 41344,
      "filename": "KAKAO_905_07.txt",
      "title": "KAKAO_905_07",
      "mediatype": "SNS",
      "medianame": "카카오톡",
      "category": "일상대화",
      "date": "2021-10-05",
      "size": 360,
      "annotations": {
        "subject": "가족",
        "speaker_type": "1:1",
        "size": 360,
        "word_size": 119,
        "text": "1 : 이제 엄마가 명절에  큰아버지한테 오지 말랬뎅\n2 : 아 왜? 코로난라서?\n1 : 그냥 명절은 각자 가족이랑 보내자고 선언했음\n2 : 오 좋은 자세 선진시민\n1 : 아니 코로나 끝나도 오지 말랬뎅 키키\n2 : 우리도 이제 우리 가족끼리 보내야지\n1 : 엉 아빠도 잘했다고 하더라\n2 : 구니까 우리도 창원 영영 안 갈까?\n1 : 큰 아빠가 먼저 말 꺼내기 힘들었을 꺼라고\n2 : 그래도 어릴 때는 좋았는데 모이는 게\n1 : 그냥 창원에서 먼저 오지 말라고는 안 할 듯... ㅋ\n2 : 그니까 거긴 맨날 연락이 없음\n1 : 각자 새로운 가족이 생겼으니까\n2 : 완전 앙숙이네 참\n1 : 그 집도 며느리 생겼으니까 그렇게 보내는 게 맞쥐\n2 : **는 잘 지내려나 참",
        "lines": [
          {
            "id": 1,
            "text": "1 : 이제 엄마가 명절에  큰아버지한테 오지 말랬뎅",
            "norm_text": "이제 엄마가 명절에  큰아버지한테 오지 말랬뎅",
            "speaker": {
              "id": "1번",
              "sex": "여성",
              "age": "30대"
            },
            "speechAct": "(지시) 질문하기",
            "morpheme": "이제/MAG+엄마/NNG+가/JKS+명절/NNG+에/JKB+큰/VA+ETM+아버지/NNG+한테/JKB+오/VV+지/EC+말/VX+랬/EP+뎅/MAG"
          },
          {
            "id": 2,
            "text": "2 : 아 왜? 코로난라서?",
            "norm_text": "아 왜? 코로난라서?",
            "speaker": {
              "id": "2번",
              "sex": "남성",
              "age": "30대"
            },
            "speechAct": "(지시) 질문하기",
            "morpheme": "아/IC+왜/MAG+코/NNG+로/JKB+난/NP+JX+라서/VCP+EF"
          },
          {
            "id": 3,
            "text": "1 : 그냥 명절은 각자 가족이랑 보내자고 선언했음",
            "norm_text": "그냥 명절은 각자 가족이랑 보내자고 선언했음",
            "speaker": {
              "id": "1번",
              "sex": "여성",
              "age": "30대"
            },
            "speechAct": "(단언) 진술하기",
            "morpheme": "그냥/MAG+명절/NNG+은/JX+각자/MAG+가족/NNG+이랑/JKB+보내/VV+자고/EC+선언/NNG+했/XSV+EP+음/ETN"
          },
          {
            "id": 4,
            "text": "2 : 오 좋은 자세 선진시민",
            "norm_text": "오 좋은 자세 선진시민",
            "speaker": {
              "id": "2번",
              "sex": "남성",
              "age": "30대"
            },
            "speechAct": "(단언) 주장하기",
            "morpheme": "오/NR+좋/VA+은/ETM+자세/NNG+선진/NNG+시민/NNG"
          },
          {
            "id": 5,
            "text": "1 : 아니 코로나 끝나도 오지 말랬뎅 키키",
            "norm_text": "아니 코로나 끝나도 오지 말랬뎅 키키",
            "speaker": {
              "id": "1번",
              "sex": "여성",
              "age": "30대"
            },
            "speechAct": "(단언) 진술하기",
            "morpheme": "아니/IC+코로나/NNG+끝/NNG+나/NP+도/JX+오/VV+지/EC+말/VX+랬/EP+뎅/MAG+키/NNG+키/XSV+ETN"
          },
          {
            "id": 6,
            "text": "2 : 우리도 이제 우리 가족끼리 보내야지",
            "norm_text": "우리도 이제 우리 가족끼리 보내야지",
            "speaker": {
              "id": "2번",
              "sex": "남성",
              "age": "30대"
            },
            "speechAct": "(단언) 주장하기",
            "morpheme": "우리/NP+도/JX+이제/MAG+우리/NP+가족/NNG+끼리/XSN+보내/VV+야지/EC"
          },
          {
            "id": 7,
            "text": "1 : 엉 아빠도 잘했다고 하더라",
            "norm_text": "엉 아빠도 잘했다고 하더라",
            "speaker": {
              "id": "1번",
              "sex": "여성",
              "age": "30대"
            },
            "speechAct": "(단언) 진술하기",
            "morpheme": "엉/IC+아빠/NNG+도/JX+잘/MAG+했/VV+EP+다고/EC+하/VV+더라/EC"
          },
          {
            "id": 8,
            "text": "2 : 구니까 우리도 창원 영영 안 갈까?",
            "norm_text": "구니까 우리도 창원 영영 안 갈까?",
            "speaker": {
              "id": "2번",
              "sex": "남성",
              "age": "30대"
            },
            "speechAct": "(지시) 질문하기",
            "morpheme": "구/VA+니까/EC+우리/NP+도/JX+창원/NNP+영영/MAG+안/MAG+갈까/VV+EF"
          },
          {
            "id": 9,
            "text": "1 : 큰 아빠가 먼저 말 꺼내기 힘들었을 꺼라고",
            "norm_text": "큰 아빠가 먼저 말 꺼내기 힘들었을 꺼라고",
            "speaker": {
              "id": "1번",
              "sex": "여성",
              "age": "30대"
            },
            "speechAct": "(단언) 진술하기",
            "morpheme": "큰아빠/NNG+가/JKS+먼저/MAG+말/NNG+꺼내/VV+기/ETN+힘들/VA+었/EP+을/ETM+꺼/NNB+VCP+라고/EC"
          },
          {
            "id": 10,
            "text": "2 : 그래도 어릴 때는 좋았는데 모이는 게",
            "norm_text": "그래도 어릴 때는 좋았는데 모이는 게",
            "speaker": {
              "id": "2번",
              "sex": "남성",
              "age": "30대"
            },
            "speechAct": "(단언) 진술하기",
            "morpheme": "그래도/MAJ+어릴/VA+ETM+때/NNG+는/JX+좋/VA+았/EP+는데/EC+모이/VV+는/ETM+게/NNB+JKS"
          },
          {
            "id": 11,
            "text": "1 : 그냥 창원에서 먼저 오지 말라고는 안 할 듯... ㅋ",
            "norm_text": "그냥 창원에서 먼저 오지 말라고는 안 할 듯... ㅋ",
            "speaker": {
              "id": "1번",
              "sex": "여성",
              "age": "30대"
            },
            "speechAct": "(단언) 주장하기",
            "morpheme": "그냥/MAG+창원/NNP+에서/JKB+먼저/MAG+오/VV+지/EC+말/VX+라고/EC+는/JX+안/MAG+할/VV+ETM+듯/NNB+./SY+ㅋ/UNKNOWN"
          },
          {
            "id": 12,
            "text": "2 : 그니까 거긴 맨날 연락이 없음",
            "norm_text": "그니까 거긴 맨날 연락이 없음",
            "speaker": {
              "id": "2번",
              "sex": "남성",
              "age": "30대"
            },
            "speechAct": "(단언) 진술하기",
            "morpheme": "그니까/MAJ+거긴/NP+JX+맨날/MAG+연락/NNG+이/JKS+없/VA+음/ETN"
          },
          {
            "id": 13,
            "text": "1 : 각자 새로운 가족이 생겼으니까",
            "norm_text": "각자 새로운 가족이 생겼으니까",
            "speaker": {
              "id": "1번",
              "sex": "여성",
              "age": "30대"
            },
            "speechAct": "(단언) 진술하기",
            "morpheme": "각자/MAG+새로운/VA+ETM+가족/NNG+이/JKS+생겼/VV+EP+으니까/EC"
          },
          {
            "id": 14,
            "text": "2 : 완전 앙숙이네 참",
            "norm_text": "완전 앙숙이네 참",
            "speaker": {
              "id": "2번",
              "sex": "남성",
              "age": "30대"
            },
            "speechAct": "(단언) 주장하기",
            "morpheme": "완전/NNG+앙숙/NNG+이/JKS+네/MM+참/NNG"
          },
          {
            "id": 15,
            "text": "1 : 그 집도 며느리 생겼으니까 그렇게 보내는 게 맞쥐",
            "norm_text": "그 집도 며느리 생겼으니까 그렇게 보내는 게 맞쥐",
            "speaker": {
              "id": "1번",
              "sex": "여성",
              "age": "30대"
            },
            "speechAct": "(단언) 주장하기",
            "morpheme": "그/MM+집/NNG+도/JX+며느리/NNG+생겼/VV+EP+으니까/EC+그렇게/MAG+보내/VV+는/ETM+게/NNB+JKS+맞/XPN+쥐/NNG"
          },
          {
            "id": 16,
            "text": "2 : **는 잘 지내려나 참",
            "norm_text": "**는 잘 지내려나 참",
            "speaker": {
              "id": "2번",
              "sex": "남성",
              "age": "30대"
            },
            "speechAct": "(단언) 주장하기",
            "morpheme": "*/SY+*/SY+는/JX+잘/MAG+지내/VV+려나/EC+참/NNGw lh"
          }
        ]
      }
    }
  ]
}