{
  "dataset": {
    "identifier": 44511,
    "name": "KAKAO_910_04_set",
    "src_path": "/data/file/cubeManager/PROJECT001/53/txt20211005154828067366/KAKAO_910_04_set/",
    "label_path": "/data/file/cubeManager/PROJECT001/53/txt20211005154828067366/KAKAO_910_04_set/",
    "category": 2,
    "type": 0
  },
  "licenses": {
    "name": "Apache License 1.0",
    "url": "http://www.apache.org/licenses/LICENSE-1.0"
  },
  "info": [
    {
      "id": 41681,
      "filename": "KAKAO_910_04.txt",
      "title": "KAKAO_910_04",
      "mediatype": "SNS",
      "medianame": "카카오톡",
      "category": "일상대화",
      "date": "2021-10-05",
      "size": 1043,
      "annotations": {
        "subject": "회사/아르바이트",
        "speaker_type": "다자간 대화",
        "size": 1043,
        "word_size": 313,
        "text": "1 : ** 동생은 졸업하고 무슨 일하고 싶어요?\n2 : 저도 궁금해요\n2 : 지금 대학교에서 좋아하는 공부하고 있어요?\n3 : 전 원래 대기업에 가려고 했는데 요새 강아지를 키우면서 생각이 달라졌어요\n1 : 대기업 가면 좋죠\n1 : 월급도 많고 보장도 잘 되잖아요 대우도 좋구요\n2 : 맞아요 그런데 요새는 공무원 되려는 사람도 많아요 안정적이니까요\n3 : 네 저도 그런 거 할까 하다가 강아지 관련 사업을 하고 싶어졌어요\n3 : 강아지 미용 쪽으로 알아보려구요\n1 : 맞아요 아무리 대기업이나 공무원이 좋아도 자기가 진짜 하고 싶은 일을 하는 게 훨씬 만족도가 높죠\n2 : 저도 졸업하고 일반 회사에 잠깐 있었는데 저랑 너무 안 맞더라구요 진짜 힘들었어요\n3 : 어떤 면이 힘드셨어요?\n3 : 대기업 다니는 사람들 멋있어 보여서 저도 로망이 있긴 했어요\n1 : 저도 작년까지 외국 회사에서 일했는데 반복되는 일상 때문에 좀 쉬고 싶더라구요\n2 : 전 직장이 너무 힘들었어요\n2 : 별별 사람들이 다 있고 대학교 막 졸업한 풋내기가 처음 대하는 사회 생활이 벅찼어요\n3 : 전 만약 직장에 다닌다면 회식이 싫을 것 같아요\n3 : 술자리가 싫거든요\n1 : 제가 다닌 회사는 회식 때 술을 안 마셨어요\n1 : 그리고 가까운 사람들끼리 가끔 밥 먹는 정도였죠\n2 : 외국 회사라 회식 문화가 우리 나라랑 많이 다른가 봐요\n3 : 전 회식 문화도 별로지만 수직적인 조직 문화가 싫어요\n1 : 요새는 젊은 사람들 중심으로 그런 조직 문화가 바뀌고 있어요\n2 : 다행이에요 제가 회사 다닐 때도 그랬지만 우리 부모님 세대는 더 심해서 회사가 무슨 군대 같았대요\n3 : 자유로운 분위기에서 일하면 더 능률이 오를 것 같아요\n1 : 전 아무리 자유로운 분위기라도 회사에 아무렇게나 대충 입고 오는 건 눈살이 찌푸려져요\n2 : 저도 그래요 예의는 갖춰야 한다고 생각해요\n3 : 단정하게 입고 다니면 입은 사람도 그렇고 보는 사람도 기분 좋아지죠\n1 : 전 앞으로 계속 프리랜서로 일할 생각이에요\n2 : 저두요 근데 번역 일은 너무 오래 일해서 이제는 더 재밌고 새로운 일을 해보고 싶어요\n3 : 전 강아지 미용 공부를 해보고 싶어요",
        "lines": [
          {
            "id": 1,
            "text": "1 : ** 동생은 졸업하고 무슨 일하고 싶어요?",
            "norm_text": "** 동생은 졸업하고 무슨 일하고 싶어요?",
            "speaker": {
              "id": "1번",
              "sex": "여성",
              "age": "30대"
            },
            "speechAct": "(단언) 주장하기",
            "morpheme": "*/SY+*/SY+동생/NNG+은/JX+졸업/NNG+하/XSV+고/EC+무슨/MM+일/NNG+하/XSV+고/EC+싶/VX+어요/EF"
          },
          {
            "id": 2,
            "text": "2 : 저도 궁금해요",
            "norm_text": "저도 궁금해요",
            "speaker": {
              "id": "2번",
              "sex": "여성",
              "age": "40대"
            },
            "speechAct": "(단언) 주장하기",
            "morpheme": "저/NP+도/JX+궁금/XR+해요/XSA+EC"
          },
          {
            "id": 3,
            "text": "2 : 지금 대학교에서 좋아하는 공부하고 있어요?",
            "norm_text": "지금 대학교에서 좋아하는 공부하고 있어요?",
            "speaker": {
              "id": "2번",
              "sex": "여성",
              "age": "40대"
            },
            "speechAct": "(단언) 주장하기",
            "morpheme": "지금/MAG+대학교/NNG+에서/JKB+좋/VA+아/EC+하/VV+는/ETM+공부/NNG+하/XSV+고/EC+있/VX+어요/EF"
          },
          {
            "id": 4,
            "text": "3 : 전 원래 대기업에 가려고 했는데 요새 강아지를 키우면서 생각이 달라졌어요",
            "norm_text": "전 원래 대기업에 가려고 했는데 요새 강아지를 키우면서 생각이 달라졌어요",
            "speaker": {
              "id": "3번",
              "sex": "여성",
              "age": "10대"
            },
            "speechAct": "(단언) 주장하기",
            "morpheme": "전/NP+JX+원래/MAG+대/XPN+기업/NNG+에/JKB+가/VV+려고/EC+했/VX+EP+는데요/EF+새/MM+강아지/NNG+를/JKO+키우/VV+면서/EC+생각/NNG+이/JKS+달라졌/VV+EP+어요/EF"
          },
          {
            "id": 5,
            "text": "1 : 대기업 가면 좋죠",
            "norm_text": "대기업 가면 좋죠",
            "speaker": {
              "id": "1번",
              "sex": "여성",
              "age": "30대"
            },
            "speechAct": "(단언) 주장하기",
            "morpheme": "대/XPN+기업/NNG+가/VV+면/EC+좋/VA+죠/EF"
          },
          {
            "id": 6,
            "text": "1 : 월급도 많고 보장도 잘 되잖아요 대우도 좋구요",
            "norm_text": "월급도 많고 보장도 잘 되잖아요 대우도 좋구요",
            "speaker": {
              "id": "1번",
              "sex": "여성",
              "age": "30대"
            },
            "speechAct": "(단언) 주장하기",
            "morpheme": "월급/NNG+도/JX+많/VA+고/EC+보장/NNG+도/JX+잘/MAG+되/VV+잖아요/EC+대우/NNG+도/JX+좋/VA+구요/EF"
          },
          {
            "id": 7,
            "text": "2 : 맞아요 그런데 요새는 공무원 되려는 사람도 많아요 안정적이니까요",
            "norm_text": "맞아요 그런데 요새는 공무원 되려는 사람도 많아요 안정적이니까요",
            "speaker": {
              "id": "2번",
              "sex": "여성",
              "age": "40대"
            },
            "speechAct": "(단언) 주장하기",
            "morpheme": "맞/VV+아요/EF+그런데/MAJ+요새/NNG+는/JX+공무원/NNG+되/XSV+려는/ETM+사람/NNG+도/JX+많/VA+아요/EF+안정/NNG+적/XSN+이/VCP+니까요/EC"
          },
          {
            "id": 8,
            "text": "3 : 네 저도 그런 거 할까 하다가 강아지 관련 사업을 하고 싶어졌어요",
            "norm_text": "네 저도 그런 거 할까 하다가 강아지 관련 사업을 하고 싶어졌어요",
            "speaker": {
              "id": "3번",
              "sex": "여성",
              "age": "10대"
            },
            "speechAct": "(단언) 주장하기",
            "morpheme": "네/IC+저/NP+도/JX+그런/MM+거/NNB+할까/VV+EC+하/VV+다가/EC+강아지/NNG+관련/NNG+사업/NNG+을/JKO+하/VV+고/EC+싶/VX+어/EC+졌어요/VX+EP+EC"
          },
          {
            "id": 9,
            "text": "3 : 강아지 미용 쪽으로 알아보려구요",
            "norm_text": "강아지 미용 쪽으로 알아보려구요",
            "speaker": {
              "id": "3번",
              "sex": "여성",
              "age": "10대"
            },
            "speechAct": "(단언) 주장하기",
            "morpheme": "강아지/NNG+미용/NNG+쪽/NNB+으로/JKB+알아보/VV+려구요/EC"
          },
          {
            "id": 10,
            "text": "1 : 맞아요 아무리 대기업이나 공무원이 좋아도 자기가 진짜 하고 싶은 일을 하는 게 훨씬 만족도가 높죠",
            "norm_text": "맞아요 아무리 대기업이나 공무원이 좋아도 자기가 진짜 하고 싶은 일을 하는 게 훨씬 만족도가 높죠",
            "speaker": {
              "id": "1번",
              "sex": "여성",
              "age": "30대"
            },
            "speechAct": "(단언) 주장하기",
            "morpheme": "맞/VV+아요/EF+아무리/MAG+대/XPN+기업/NNG+이나/JC+공무원/NNG+이/JKS+좋/VA+아도/EC+자기/NP+가/JKS+진짜/MAG+하/XSA+고/EC+싶/VX+은/ETM+일/NNG+을/JKO+하/VV+는/ETM+게/NNB+JKS+훨씬/MAG+만족도/NNG+가/JKS+높/VA+죠/EF"
          },
          {
            "id": 11,
            "text": "2 : 저도 졸업하고 일반 회사에 잠깐 있었는데 저랑 너무 안 맞더라구요 진짜 힘들었어요",
            "norm_text": "저도 졸업하고 일반 회사에 잠깐 있었는데 저랑 너무 안 맞더라구요 진짜 힘들었어요",
            "speaker": {
              "id": "2번",
              "sex": "여성",
              "age": "40대"
            },
            "speechAct": "(단언) 주장하기",
            "morpheme": "저/NP+도/JX+졸업/NNG+하/XSV+고/EC+일반/NNG+회사/NNG+에/JKB+잠깐/MAG+있/VV+었/EP+는데/EC+저/NP+랑/JKB+너무/MAG+안/MAG+맞/VV+더라구요/EF+진짜/MAG+힘들/VA+었/EP+어요/EF"
          },
          {
            "id": 12,
            "text": "3 : 어떤 면이 힘드셨어요?",
            "norm_text": "어떤 면이 힘드셨어요?",
            "speaker": {
              "id": "3번",
              "sex": "여성",
              "age": "10대"
            },
            "speechAct": "(단언) 주장하기",
            "morpheme": "어떤/MM+면/NNG+이/JKS+힘드/VA+셨/EP+EP+어요/EF"
          },
          {
            "id": 13,
            "text": "3 : 대기업 다니는 사람들 멋있어 보여서 저도 로망이 있긴 했어요",
            "norm_text": "대기업 다니는 사람들 멋있어 보여서 저도 로망이 있긴 했어요",
            "speaker": {
              "id": "3번",
              "sex": "여성",
              "age": "10대"
            },
            "speechAct": "(단언) 주장하기",
            "morpheme": "대/XPN+기업/NNG+다니/VV+는/ETM+사람/NNG+들/XSN+멋있/VA+어/EC+보여서/VV+EC+저/MM+도로망/NNG+이/JKS+있/VV+긴/ETN+JX+했/VX+EP+어요/EF"
          },
          {
            "id": 14,
            "text": "1 : 저도 작년까지 외국 회사에서 일했는데 반복되는 일상 때문에 좀 쉬고 싶더라구요",
            "norm_text": "저도 작년까지 외국 회사에서 일했는데 반복되는 일상 때문에 좀 쉬고 싶더라구요",
            "speaker": {
              "id": "1번",
              "sex": "여성",
              "age": "30대"
            },
            "speechAct": "(단언) 주장하기",
            "morpheme": "저/NP+도/JX+작년/NNG+까지/JX+외국/NNG+회사/NNG+에서/JKB+일/NNG+했/XSV+EP+는데/EC+반복/NNG+되/XSV+는/ETM+일상/NNG+때문/NNB+에/JKB+좀/MAG+쉬/VV+고/EC+싶/VX+더라구요/EC"
          },
          {
            "id": 15,
            "text": "2 : 전 직장이 너무 힘들었어요",
            "norm_text": "전 직장이 너무 힘들었어요",
            "speaker": {
              "id": "2번",
              "sex": "여성",
              "age": "40대"
            },
            "speechAct": "(단언) 주장하기",
            "morpheme": "전/MM+직장/NNG+이/JKS+너무/MAG+힘들/VA+었/EP+어요/EF"
          },
          {
            "id": 16,
            "text": "2 : 별별 사람들이 다 있고 대학교 막 졸업한 풋내기가 처음 대하는 사회 생활이 벅찼어요",
            "norm_text": "별별 사람들이 다 있고 대학교 막 졸업한 풋내기가 처음 대하는 사회 생활이 벅찼어요",
            "speaker": {
              "id": "2번",
              "sex": "여성",
              "age": "40대"
            },
            "speechAct": "(단언) 주장하기",
            "morpheme": "별별/MM+사람/NNG+들/XSN+이/JKS+다/MAG+있/VA+고/EC+대학교/NNG+막/NNG+졸업/NNG+한/XSA+ETM+풋내기/NNG+가/JKS+처음/MAG+대하/VV+는/ETM+사회/NNG+생활/NNG+이/JKS+벅찼/VA+EP+어요/EF"
          },
          {
            "id": 17,
            "text": "3 : 전 만약 직장에 다닌다면 회식이 싫을 것 같아요",
            "norm_text": "전 만약 직장에 다닌다면 회식이 싫을 것 같아요",
            "speaker": {
              "id": "3번",
              "sex": "여성",
              "age": "10대"
            },
            "speechAct": "(단언) 주장하기",
            "morpheme": "전/MM+만약/NNG+직장/NNG+에/JKB+다닌다면/VV+EC+회식/NNG+이/JKS+싫/VA+을/ETM+것/NNB+같/VA+아요/EC"
          },
          {
            "id": 18,
            "text": "3 : 술자리가 싫거든요",
            "norm_text": "술자리가 싫거든요",
            "speaker": {
              "id": "3번",
              "sex": "여성",
              "age": "10대"
            },
            "speechAct": "(단언) 주장하기",
            "morpheme": "술자리/NNG+가/JKS+싫/VA+거든요/EF"
          },
          {
            "id": 19,
            "text": "1 : 제가 다닌 회사는 회식 때 술을 안 마셨어요",
            "norm_text": "제가 다닌 회사는 회식 때 술을 안 마셨어요",
            "speaker": {
              "id": "1번",
              "sex": "여성",
              "age": "30대"
            },
            "speechAct": "(단언) 진술하기",
            "morpheme": "제/NP+가/JKS+다닌/VV+ETM+회사/NNG+는/JX+회식/NNG+때/NNG+술/NNG+을/JKO+안/MAG+마셨/VV+EP+어요/EF"
          },
          {
            "id": 20,
            "text": "1 : 그리고 가까운 사람들끼리 가끔 밥 먹는 정도였죠",
            "norm_text": "그리고 가까운 사람들끼리 가끔 밥 먹는 정도였죠",
            "speaker": {
              "id": "1번",
              "sex": "여성",
              "age": "30대"
            },
            "speechAct": "(단언) 주장하기",
            "morpheme": "그리고/MAJ+가까운/VA+ETM+사람/NNG+들/XSN+끼리/XSN+가끔/MAG+밥/NNG+먹/VV+는/ETM+정도/NNG+였/VCP+EP+죠/EF"
          },
          {
            "id": 21,
            "text": "2 : 외국 회사라 회식 문화가 우리 나라랑 많이 다른가 봐요",
            "norm_text": "외국 회사라 회식 문화가 우리 나라랑 많이 다른가 봐요",
            "speaker": {
              "id": "2번",
              "sex": "여성",
              "age": "40대"
            },
            "speechAct": "(단언) 주장하기",
            "morpheme": "외국/NNG+회사/NNG+라/VCP+EC+회식/NNG+문화/NNG+가/JKS+우리/NP+나라/NNG+랑/JKB+많이/MAG+다른가/VA+EC+봐요/VX+EC"
          },
          {
            "id": 22,
            "text": "3 : 전 회식 문화도 별로지만 수직적인 조직 문화가 싫어요",
            "norm_text": "전 회식 문화도 별로지만 수직적인 조직 문화가 싫어요",
            "speaker": {
              "id": "3번",
              "sex": "여성",
              "age": "10대"
            },
            "speechAct": "(단언) 주장하기",
            "morpheme": "전/MM+회식/NNG+문화/NNG+도/JX+별로/MAG+지만/VCP+EC+수직/NNG+적/XSN+인/VCP+ETM+조직/NNG+문화/NNG+가/JKS+싫/VA+어요/EF"
          },
          {
            "id": 23,
            "text": "1 : 요새는 젊은 사람들 중심으로 그런 조직 문화가 바뀌고 있어요",
            "norm_text": "요새는 젊은 사람들 중심으로 그런 조직 문화가 바뀌고 있어요",
            "speaker": {
              "id": "1번",
              "sex": "여성",
              "age": "30대"
            },
            "speechAct": "(단언) 주장하기",
            "morpheme": "요새/NNG+는/JX+젊/VA+은/ETM+사람/NNG+들/XSN+중심/NNG+으로/JKB+그런/MM+조직/NNG+문화/NNG+가/JKS+바뀌/VV+고/EC+있/VX+어요/EF"
          },
          {
            "id": 24,
            "text": "2 : 다행이에요 제가 회사 다닐 때도 그랬지만 우리 부모님 세대는 더 심해서 회사가 무슨 군대 같았대요",
            "norm_text": "다행이에요 제가 회사 다닐 때도 그랬지만 우리 부모님 세대는 더 심해서 회사가 무슨 군대 같았대요",
            "speaker": {
              "id": "2번",
              "sex": "여성",
              "age": "40대"
            },
            "speechAct": "(단언) 주장하기",
            "morpheme": "다행/NNG+이/VCP+에요/EF+제/NP+가/JKS+회사/NNG+다닐/VV+ETM+때/NNG+도/JX+그랬/VV+EP+지만/EC+우리/NP+부모/NNG+님/XSN+세대/NNG+는/JX+더/MAG+심해서/VA+EC+회사/NNG+가/JKS+무슨/MM+군대/NNG+같/VA+았/EP+대요/EC"
          },
          {
            "id": 25,
            "text": "3 : 자유로운 분위기에서 일하면 더 능률이 오를 것 같아요",
            "norm_text": "자유로운 분위기에서 일하면 더 능률이 오를 것 같아요",
            "speaker": {
              "id": "3번",
              "sex": "여성",
              "age": "10대"
            },
            "speechAct": "(단언) 주장하기",
            "morpheme": "자유/NNG+로운/XSA+ETM+분위기/NNG+에서/JKB+일/NNG+하/XSV+면/EC+더/MAG+능률/NNG+이/JKS+오를/VV+ETM+것/NNB+같/VA+아요/EC"
          },
          {
            "id": 26,
            "text": "1 : 전 아무리 자유로운 분위기라도 회사에 아무렇게나 대충 입고 오는 건 눈살이 찌푸려져요",
            "norm_text": "전 아무리 자유로운 분위기라도 회사에 아무렇게나 대충 입고 오는 건 눈살이 찌푸려져요",
            "speaker": {
              "id": "1번",
              "sex": "여성",
              "age": "30대"
            },
            "speechAct": "(단언) 주장하기",
            "morpheme": "전/NP+JX+아무리/MAG+자유/NNG+로운/XSA+ETM+분위기/NNG+라도/VCP+EC+회사/NNG+에/JKB+아무렇/VA+게나/EF+대충/MAG+입/VV+고/EC+오/VV+는/ETM+건/NNB+JX+눈살/NNG+이/JKS+찌푸려/VV+EC+져요/VX+EF"
          },
          {
            "id": 27,
            "text": "2 : 저도 그래요 예의는 갖춰야 한다고 생각해요",
            "norm_text": "저도 그래요 예의는 갖춰야 한다고 생각해요",
            "speaker": {
              "id": "2번",
              "sex": "여성",
              "age": "40대"
            },
            "speechAct": "(단언) 주장하기",
            "morpheme": "저/NP+도/JX+그래요/VA+EC+예의/NNG+는/JX+갖춰야/VV+EC+한다고/VX+EC+생각/NNG+해요/XSV+EC"
          },
          {
            "id": 28,
            "text": "3 : 단정하게 입고 다니면 입은 사람도 그렇고 보는 사람도 기분 좋아지죠",
            "norm_text": "단정하게 입고 다니면 입은 사람도 그렇고 보는 사람도 기분 좋아지죠",
            "speaker": {
              "id": "3번",
              "sex": "여성",
              "age": "10대"
            },
            "speechAct": "(단언) 주장하기",
            "morpheme": "단정/NNG+하/XSV+게/EC+입/VV+고/EC+다니/VV+면/EC+입/VV+은/ETM+사람/NNG+도/JX+그렇/VA+고/EC+보/VX+는/ETM+사람/NNG+도/JX+기분/NNG+좋/VA+아/EC+지/VX+죠/EF"
          },
          {
            "id": 29,
            "text": "1 : 전 앞으로 계속 프리랜서로 일할 생각이에요",
            "norm_text": "전 앞으로 계속 프리랜서로 일할 생각이에요",
            "speaker": {
              "id": "1번",
              "sex": "여성",
              "age": "30대"
            },
            "speechAct": "(단언) 주장하기",
            "morpheme": "전/MM+앞/NNG+으로/JKB+계속/MAG+프리랜서/NNG+로/JKB+일/NNG+할/XSV+ETM+생각/NNG+이/VCP+에요/EF"
          },
          {
            "id": 30,
            "text": "2 : 저두요 근데 번역 일은 너무 오래 일해서 이제는 더 재밌고 새로운 일을 해보고 싶어요",
            "norm_text": "저두요 근데 번역 일은 너무 오래 일해서 이제는 더 재밌고 새로운 일을 해보고 싶어요",
            "speaker": {
              "id": "2번",
              "sex": "여성",
              "age": "40대"
            },
            "speechAct": "(단언) 주장하기",
            "morpheme": "저/MM+두요/NNG+근데/MAJ+번역/NNG+일/NNG+은/JX+너무/MAG+오래/MAG+일/NNG+해서/XSV+EC+이제/NNG+는/JX+더/MAG+재밌/VA+고/EC+새로운/VA+ETM+일/NNG+을/JKO+해/VV+EC+보/VX+고/EC+싶/VX+어요/EF"
          },
          {
            "id": 31,
            "text": "3 : 전 강아지 미용 공부를 해보고 싶어요",
            "norm_text": "전 강아지 미용 공부를 해보고 싶어요",
            "speaker": {
              "id": "3번",
              "sex": "여성",
              "age": "10대"
            },
            "speechAct": "(단언) 주장하기",
            "morpheme": "전/MM+강아지/NNG+미용/NNG+공부/NNG+를/JKO+해/VV+EC+보/VX+고/EC+싶/VX+어요/EF"
          }
        ]
      }
    }
  ]
}