{
  "dataset": {
    "identifier": 45533,
    "name": "KAKAO_908_01_set",
    "src_path": "/data/file/cubeManager/PROJECT001/53/txt20211005154926094852/KAKAO_908_01_set/",
    "label_path": "/data/file/cubeManager/PROJECT001/53/txt20211005154926094852/KAKAO_908_01_set/",
    "category": 2,
    "type": 0
  },
  "licenses": {
    "name": "Apache License 1.0",
    "url": "http://www.apache.org/licenses/LICENSE-1.0"
  },
  "info": [
    {
      "id": 41738,
      "filename": "KAKAO_908_01.txt",
      "title": "KAKAO_908_01",
      "mediatype": "SNS",
      "medianame": "카카오톡",
      "category": "일상대화",
      "date": "2021-10-05",
      "size": 497,
      "annotations": {
        "subject": "식음료",
        "speaker_type": "1:1",
        "size": 497,
        "word_size": 174,
        "text": "1 : 아오 배고파\n1 : 왜 맨날 이렇게 먹을 게 없냐\n2 : 나도 키키 저녁 뭐 먹냐...\n2 : 나가서 사 먹을까\n1 : 야 그럼 내가 너희 동네로 갈게 같이 먹자\n2 : 어쩐 일로 여길 와?\n2 : 30분 넘게 걸리잖아\n1 : 너희 집 앞에 낙지볶음 먹으러 가자\n1 : 거기 맛집이잖아\n2 : 니는 내 보러는 안 오면서 낙지볶음 먹으러는 오나?\n1 : 응응 당연하지 키키 낙지볶음은 맛있기라도 하지 키키 니는 뭐지?\n2 : 아 내가 사줄랬는데 괘씸해서 안 사줄란다\n1 : 아 미안 키키 우리 오늘은 낙곱새 먹자\n2 : 니 곱창 안 먹잖아 키키\n2 : 어쩐 일임? 입맛 바꼈나\n1 : 응응 얼마 전부터 곱창 먹기 시작함 키키 맛있더라\n2 : 그래 키키 자꾸 먹어 버릇을 해야지 키키 낙곱새 콜\n1 : 대박 키키 와 군침 돈다 벌써부터\n1 : 간식 안 먹고 기다려야지\n2 : 응응 우리 오늘 4인분 시키자 키키 나도 배고픔\n1 : 니 오늘 술 괜찮음?\n1 : 소주 한 잔 하고 싶은데\n2 : 난 소주는 좀 그렇고 맥주로 ㄱㄱ",
        "lines": [
          {
            "id": 1,
            "text": "1 : 아오 배고파",
            "norm_text": "아오 배고파",
            "speaker": {
              "id": "1번",
              "sex": "여성",
              "age": "20대"
            },
            "speechAct": "(단언) 주장하기",
            "morpheme": "아오/IC+배고파/VA+EC"
          },
          {
            "id": 2,
            "text": "1 : 왜 맨날 이렇게 먹을 게 없냐",
            "norm_text": "왜 맨날 이렇게 먹을 게 없냐",
            "speaker": {
              "id": "1번",
              "sex": "여성",
              "age": "20대"
            },
            "speechAct": "(단언) 주장하기",
            "morpheme": "왜/MAG+맨날/MAG+이렇게/MAG+먹/VV+을/ETM+게/NNB+JKS+없/VA+냐/EC"
          },
          {
            "id": 3,
            "text": "2 : 나도 키키 저녁 뭐 먹냐...",
            "norm_text": "나도 키키 저녁 뭐 먹냐...",
            "speaker": {
              "id": "2번",
              "sex": "여성",
              "age": "20대"
            },
            "speechAct": "(단언) 주장하기",
            "morpheme": "나/NP+도/JX+키/NNG+키/NNG+저녁/NNG+뭐/IC+먹/VV+냐/EF+./SY"
          },
          {
            "id": 4,
            "text": "2 : 나가서 사 먹을까",
            "norm_text": "나가서 사 먹을까",
            "speaker": {
              "id": "2번",
              "sex": "여성",
              "age": "20대"
            },
            "speechAct": "(단언) 주장하기",
            "morpheme": "나/NP+가/JKS+서사/NNG+먹/VV+을까/EC"
          },
          {
            "id": 5,
            "text": "1 : 야 그럼 내가 너희 동네로 갈게 같이 먹자",
            "norm_text": "야 그럼 내가 너희 동네로 갈게 같이 먹자",
            "speaker": {
              "id": "1번",
              "sex": "여성",
              "age": "20대"
            },
            "speechAct": "(지시) 충고/제안하기",
            "morpheme": "야/IC+그럼/MAJ+내/NP+가/JKS+너희/NP+동네/NNG+로/JKB+갈/VV+ETM+게/NNB+JKS+같이/MAG+먹/VV+자/EC"
          },
          {
            "id": 6,
            "text": "2 : 어쩐 일로 여길 와?",
            "norm_text": "어쩐 일로 여길 와?",
            "speaker": {
              "id": "2번",
              "sex": "여성",
              "age": "20대"
            },
            "speechAct": "(지시) 질문하기",
            "morpheme": "어쩐/VV+ETM+일/NNG+로/JKB+여길/NP+JKO+와/VV+EF"
          },
          {
            "id": 7,
            "text": "2 : 30분 넘게 걸리잖아",
            "norm_text": "30분 넘게 걸리잖아",
            "speaker": {
              "id": "2번",
              "sex": "여성",
              "age": "20대"
            },
            "speechAct": "(단언) 주장하기",
            "morpheme": "30/SN+분/NNBC+넘/VV+게/EC+걸리/VV+잖아/EC"
          },
          {
            "id": 8,
            "text": "1 : 너희 집 앞에 낙지볶음 먹으러 가자",
            "norm_text": "너희 집 앞에 낙지볶음 먹으러 가자",
            "speaker": {
              "id": "1번",
              "sex": "여성",
              "age": "20대"
            },
            "speechAct": "(지시) 충고/제안하기",
            "morpheme": "너희/NP+집/NNG+앞/NNG+에/JKB+낙지볶음/NNG+먹/VV+으러/EC+가/VX+자/EC"
          },
          {
            "id": 9,
            "text": "1 : 거기 맛집이잖아",
            "norm_text": "거기 맛집이잖아",
            "speaker": {
              "id": "1번",
              "sex": "여성",
              "age": "20대"
            },
            "speechAct": "(단언) 주장하기",
            "morpheme": "거기/NP+맛집/NNG+이/VCP+잖아/EC"
          },
          {
            "id": 10,
            "text": "2 : 니는 내 보러는 안 오면서 낙지볶음 먹으러는 오나?",
            "norm_text": "니는 내 보러는 안 오면서 낙지볶음 먹으러는 오나?",
            "speaker": {
              "id": "2번",
              "sex": "여성",
              "age": "20대"
            },
            "speechAct": "(지시) 질문하기",
            "morpheme": "니/NP+는/JX+내보/VV+러/EC+는/JX+안/MAG+오/VV+면서/EC+낙지볶음/NNG+먹/VV+으러/EC+는/JX+오/VV+나/EF"
          },
          {
            "id": 11,
            "text": "1 : 응응 당연하지 키키 낙지볶음은 맛있기라도 하지 키키 니는 뭐지?",
            "norm_text": "응응 당연하지 키키 낙지볶음은 맛있기라도 하지 키키 니는 뭐지?",
            "speaker": {
              "id": "1번",
              "sex": "여성",
              "age": "20대"
            },
            "speechAct": "(단언) 주장하기",
            "morpheme": "응/IC+응/IC+당연/XR+하/XSA+지/EC+키/NNG+키/NNG+낙지볶음/NNG+은/JX+맛있/VA+기/ETN+라도/VCP+EC+하/VV+지/EC+키/NNG+키/XSV+ETN+니/NP+는/JX+뭐/NP+지/VCP+EF"
          },
          {
            "id": 12,
            "text": "2 : 아 내가 사줄랬는데 괘씸해서 안 사줄란다",
            "norm_text": "아 내가 사줄랬는데 괘씸해서 안 사줄란다",
            "speaker": {
              "id": "2번",
              "sex": "여성",
              "age": "20대"
            },
            "speechAct": "(단언) 주장하기",
            "morpheme": "아내/NNG+가/JKS+사/NR+줄/NNBC+랬는/VCP+EC+VV+EP+ETM+데/NNB+괘씸/XR+해서/XSA+EC+안/MAG+사/VV+EC+줄/VV+란다/EC"
          },
          {
            "id": 13,
            "text": "1 : 아 미안 키키 우리 오늘은 낙곱새 먹자",
            "norm_text": "아 미안 키키 우리 오늘은 낙곱새 먹자",
            "speaker": {
              "id": "1번",
              "sex": "여성",
              "age": "20대"
            },
            "speechAct": "(지시) 충고/제안하기",
            "morpheme": "아/IC+미안/NNG+키/NNG+키/XSV+ETN+우리/NP+오늘/MAG+은/JX+낙/NNG+곱새/NNG+먹/VV+자/EC"
          },
          {
            "id": 14,
            "text": "2 : 니 곱창 안 먹잖아 키키",
            "norm_text": "니 곱창 안 먹잖아 키키",
            "speaker": {
              "id": "2번",
              "sex": "여성",
              "age": "20대"
            },
            "speechAct": "(단언) 주장하기",
            "morpheme": "니/MM+곱창/NNG+안/MAG+먹/VV+잖아/EC+키/NNG+키/XSV+ETN"
          },
          {
            "id": 15,
            "text": "2 : 어쩐 일임? 입맛 바꼈나",
            "norm_text": "어쩐 일임? 입맛 바꼈나",
            "speaker": {
              "id": "2번",
              "sex": "여성",
              "age": "20대"
            },
            "speechAct": "(지시) 질문하기",
            "morpheme": "어쩐/VV+ETM+일임/NNG+?/SY+입맛/NNG+바꼈/VV+EP+나/EC"
          },
          {
            "id": 16,
            "text": "1 : 응응 얼마 전부터 곱창 먹기 시작함 키키 맛있더라",
            "norm_text": "응응 얼마 전부터 곱창 먹기 시작함 키키 맛있더라",
            "speaker": {
              "id": "1번",
              "sex": "여성",
              "age": "20대"
            },
            "speechAct": "(단언) 주장하기",
            "morpheme": "응/IC+응/IC+얼마/NNG+전/NNG+부터/JX+곱창/NNG+먹/VV+기/ETN+시작/NNG+함/XSV+ETN+키/NNG+키/XSV+ETN+맛있/VA+더라/EC"
          },
          {
            "id": 17,
            "text": "2 : 그래 키키 자꾸 먹어 버릇을 해야지 키키 낙곱새 콜",
            "norm_text": "그래 키키 자꾸 먹어 버릇을 해야지 키키 낙곱새 콜",
            "speaker": {
              "id": "2번",
              "sex": "여성",
              "age": "20대"
            },
            "speechAct": "(단언) 주장하기",
            "morpheme": "그래/IC+키/NNG+키/XSV+ETN+자꾸/MAG+먹/VV+어/EC+버릇/NNG+을/JKO+해야지/VV+EC+키/NNG+키/NNG+낙/NNG+곱새/NNG+콜/NNG"
          },
          {
            "id": 18,
            "text": "1 : 대박 키키 와 군침 돈다 벌써부터",
            "norm_text": "대박 키키 와 군침 돈다 벌써부터",
            "speaker": {
              "id": "1번",
              "sex": "여성",
              "age": "20대"
            },
            "speechAct": "(단언) 주장하기",
            "morpheme": "대박/NNG+키/NNG+키/XSV+ETN+와/JC+군침/NNG+돈다/VV+EC+벌써/MAG+부터/JX"
          },
          {
            "id": 19,
            "text": "1 : 간식 안 먹고 기다려야지",
            "norm_text": "간식 안 먹고 기다려야지",
            "speaker": {
              "id": "1번",
              "sex": "여성",
              "age": "20대"
            },
            "speechAct": "(단언) 주장하기",
            "morpheme": "간식/NNG+안/MAG+먹/VV+고/EC+기다려야지/VV+EC"
          },
          {
            "id": 20,
            "text": "2 : 응응 우리 오늘 4인분 시키자 키키 나도 배고픔",
            "norm_text": "응응 우리 오늘 4인분 시키자 키키 나도 배고픔",
            "speaker": {
              "id": "2번",
              "sex": "여성",
              "age": "20대"
            },
            "speechAct": "(단언) 주장하기",
            "morpheme": "응/IC+응/IC+우리/NP+오늘/MAG+4/SN+인분/NNG+시키/XSV+EC+자키/NNG+키나/XSA+ETN+JX+도/JX+배고픔/NNG"
          },
          {
            "id": 21,
            "text": "1 : 니 오늘 술 괜찮음?",
            "norm_text": "니 오늘 술 괜찮음?",
            "speaker": {
              "id": "1번",
              "sex": "여성",
              "age": "20대"
            },
            "speechAct": "(지시) 질문하기",
            "morpheme": "니/MM+오늘/NNG+술/NNG+괜찮/VA+음/ETN"
          },
          {
            "id": 22,
            "text": "1 : 소주 한 잔 하고 싶은데",
            "norm_text": "소주 한 잔 하고 싶은데",
            "speaker": {
              "id": "1번",
              "sex": "여성",
              "age": "20대"
            },
            "speechAct": "(단언) 주장하기",
            "morpheme": "소주/NNG+한잔/NNG+하/XSV+고/EC+싶/VX+은데/EC"
          },
          {
            "id": 23,
            "text": "2 : 난 소주는 좀 그렇고 맥주로 ㄱㄱ",
            "norm_text": "난 소주는 좀 그렇고 맥주로 ㄱㄱ",
            "speaker": {
              "id": "2번",
              "sex": "여성",
              "age": "20대"
            },
            "speechAct": "(단언) 주장하기",
            "morpheme": "난/NP+JX+소주/NNG+는/JX+좀/MAG+그렇/VA+고/EC+맥주/NNG+로/JKB+ㄱ/NNG+ㄱ/NNG"
          }
        ]
      }
    }
  ]
}