{
  "dataset": {
    "identifier": 63451,
    "name": "KAKAO_911_16_set",
    "src_path": "/data/file/cubeManager/PROJECT001/53/txt20211005154123074299/KAKAO_911_16_set/",
    "label_path": "/data/file/cubeManager/PROJECT001/53/txt20211005154123074299/KAKAO_911_16_set/",
    "category": 2,
    "type": 0
  },
  "licenses": {
    "name": "Apache License 1.0",
    "url": "http://www.apache.org/licenses/LICENSE-1.0"
  },
  "info": [
    {
      "id": 41613,
      "filename": "KAKAO_911_16.txt",
      "title": "KAKAO_911_16",
      "mediatype": "SNS",
      "medianame": "카카오톡",
      "category": "일상대화",
      "date": "2021-10-05",
      "size": 605,
      "annotations": {
        "subject": "미용",
        "speaker_type": "1:1",
        "size": 605,
        "word_size": 194,
        "text": "1 : 머리에 새치가 나서 염색하러 미용실 가야 된다\n2 : 뽑으면 안됨? 머리숱도 많으면서 하하\n1 : ㅠㅠ 어째 다 뽑아 ㅠㅠ 이제 늙었다 피부도 확확 가고\n2 : 아니다 그래도 아직 20대라고 해도 믿을껄? 키키\n1 : 아이다 외모로 이제 승부를 볼 수 없게 됐네 돈도 없는데\n2 : 그래도 원판이 어디 가나 ㅎ 난 애초에 외모로 승부를 본 적도 없고 볼 생각도 못해봤는데 ㅋ\n1 : 하... 피부 이런 거는 시술 받을라면 돈이 많이 들어서\n2 : 시술 그런 거 받으면 눈에 띄게 좋아짐?\n2 : 연예인들 보면 나이 들어도 피부 좋고 어려 보이던데 다 돈 들여서 그런 건가?\n1 : 비싼 거일수록 효과가 큰 건 있지. 그리고 아파.\n2 : 아프다고? 영화나 드라마에 나오는 마사지샵에서 가운 입고 누워서 피부 마사지 받고 그런 거 아님?\n1 : 성형외과 시술 이런 거 말하는 거지 키키 그런 거는 단기 효과\n2 : 아 키키 난 마사지 뭐 그런 건 줄 키키\n1 : 아침에 조깅 할 때 선크림 안 발라서 기미 끼고 할매 다 됨 키키\n2 : 니가 할매면 난... 미이라인 듯 ㅜㅜ\n1 : 그것 때매 피부과 가니까 200만원 부르던데 레이저랑 이것저것\n2 : 와... 200만원 들이면 얼마 동안 얼마나 젊어짐?",
        "lines": [
          {
            "id": 1,
            "text": "1 : 머리에 새치가 나서 염색하러 미용실 가야 된다",
            "norm_text": "머리에 새치가 나서 염색하러 미용실 가야 된다",
            "speaker": {
              "id": "1번",
              "sex": "여성",
              "age": "30대"
            },
            "speechAct": "(단언) 진술하기",
            "morpheme": "머리/NNG+에/JKB+새치/NNG+가/JKS+나/NP+서/JKB+염색/NNG+하/XSV+러/EC+미용실/NNG+가/VV+야된다/EC+VV+EC"
          },
          {
            "id": 2,
            "text": "2 : 뽑으면 안됨? 머리숱도 많으면서 하하",
            "norm_text": "뽑으면 안됨? 머리숱도 많으면서 하하",
            "speaker": {
              "id": "2번",
              "sex": "남성",
              "age": "30대"
            },
            "speechAct": "(지시) 질문하기",
            "morpheme": "뽑/VV+으면/EC+안/MAG+됨/VV+ETN+머리숱/NNG+도/JX+많/VA+으면서/EC+하하/MAG"
          },
          {
            "id": 3,
            "text": "1 : ㅠㅠ 어째 다 뽑아 ㅠㅠ 이제 늙었다 피부도 확확 가고",
            "norm_text": "ㅠㅠ 어째 다 뽑아 ㅠㅠ 이제 늙었다 피부도 확확 가고",
            "speaker": {
              "id": "1번",
              "sex": "여성",
              "age": "30대"
            },
            "speechAct": "(단언) 진술하기",
            "morpheme": "ㅠㅠ/UNKNOWN+어째/MAG+다/MAG+뽑/VV+아/EC+ㅠㅠ/UNKNOWN+이제/MAG+늙/VV+었/EP+다/EC+피부/NNG+도/JX+확확/MAG+가/VV+고/EC"
          },
          {
            "id": 4,
            "text": "2 : 아니다 그래도 아직 20대라고 해도 믿을껄? 키키",
            "norm_text": "아니다 그래도 아직 20대라고 해도 믿을껄? 키키",
            "speaker": {
              "id": "2번",
              "sex": "남성",
              "age": "30대"
            },
            "speechAct": "(단언) 주장하기",
            "morpheme": "아니/IC+다/MAG+그래도/VV+EC+아직/MAG+20/SN+대/NNBC+라고/VCP+EC+해도/VV+EC+믿/VV+을껄/EF+키/NNG+키/XSV+ETN"
          },
          {
            "id": 5,
            "text": "1 : 아이다 외모로 이제 승부를 볼 수 없게 됐네 돈도 없는데",
            "norm_text": "아이다 외모로 이제 승부를 볼 수 없게 됐네 돈도 없는데",
            "speaker": {
              "id": "1번",
              "sex": "여성",
              "age": "30대"
            },
            "speechAct": "(단언) 주장하기",
            "morpheme": "아이/IC+다/MAG+외모/NNG+로/JKB+이제/MAG+승부/NNG+를/JKO+볼/VV+ETM+수/NNB+없/VA+게/EC+됐/VV+EP+네/EF+돈/NNG+도/JX+없/VA+는데/EC"
          },
          {
            "id": 6,
            "text": "2 : 그래도 원판이 어디 가나 ㅎ 난 애초에 외모로 승부를 본 적도 없고 볼 생각도 못해봤는데 ㅋ",
            "norm_text": "그래도 원판이 어디 가나 ㅎ 난 애초에 외모로 승부를 본 적도 없고 볼 생각도 못해봤는데 ㅋ",
            "speaker": {
              "id": "2번",
              "sex": "남성",
              "age": "30대"
            },
            "speechAct": "(단언) 주장하기",
            "morpheme": "그래도/MAJ+원판/NNG+이/JKS+어디/NP+가/JKS+나/NP+ㅎ/XSA+난/NP+JX+애초/NNG+에/JKB+외모/NNG+로/JKB+승부/NNG+를/JKO+본/VV+ETM+적/NNB+도/JX+없/VA+고/EC+볼/VX+ETM+생각/NNG+도/JX+못/MAG+해/VV+EC+봤/VX+EP+는데/EC+ㅋ/UNKNOWN"
          },
          {
            "id": 7,
            "text": "1 : 하... 피부 이런 거는 시술 받을라면 돈이 많이 들어서",
            "norm_text": "하... 피부 이런 거는 시술 받을라면 돈이 많이 들어서",
            "speaker": {
              "id": "1번",
              "sex": "여성",
              "age": "30대"
            },
            "speechAct": "(단언) 진술하기",
            "morpheme": "하/IC+./SY+피부/NNG+이런/MM+거/NNB+는/JX+시술/NNG+받/VV+을라면/EC+돈/NNG+이/JKS+많이/MAG+들/VV+어서/EC"
          },
          {
            "id": 8,
            "text": "2 : 시술 그런 거 받으면 눈에 띄게 좋아짐?",
            "norm_text": "시술 그런 거 받으면 눈에 띄게 좋아짐?",
            "speaker": {
              "id": "2번",
              "sex": "남성",
              "age": "30대"
            },
            "speechAct": "(지시) 질문하기",
            "morpheme": "시술/NNG+그런/MM+거/NNB+받/VV+으면/EC+눈/NNG+에/JKB+띄/VV+게/EC+좋/VA+아/EC+짐/VX+ETN"
          },
          {
            "id": 9,
            "text": "2 : 연예인들 보면 나이 들어도 피부 좋고 어려 보이던데 다 돈 들여서 그런 건가?",
            "norm_text": "연예인들 보면 나이 들어도 피부 좋고 어려 보이던데 다 돈 들여서 그런 건가?",
            "speaker": {
              "id": "2번",
              "sex": "남성",
              "age": "30대"
            },
            "speechAct": "(지시) 질문하기",
            "morpheme": "연예인/NNG+들/XSN+보/VV+면/EC+나이/NNG+들/XSN+어도/JX+피부/NNG+좋/VA+고/EC+어려/VV+EC+보이/VV+던/ETM+데/NNB+다/JX+돈/NNG+들/XSN+여서/VCP+EC+그런/MM+건가/NNB+VCP+EF"
          },
          {
            "id": 10,
            "text": "1 : 비싼 거일수록 효과가 큰 건 있지. 그리고 아파.",
            "norm_text": "비싼 거일수록 효과가 큰 건 있지. 그리고 아파.",
            "speaker": {
              "id": "1번",
              "sex": "여성",
              "age": "30대"
            },
            "speechAct": "(단언) 진술하기",
            "morpheme": "비싼/VA+ETM+거/NNB+일수록/VCP+EC+효과/NNG+가/JKS+큰/VA+ETM+건/NNB+JX+있/VA+지/EF+그리고/MAJ+아파/VA+EF"
          },
          {
            "id": 11,
            "text": "2 : 아프다고? 영화나 드라마에 나오는 마사지샵에서 가운 입고 누워서 피부 마사지 받고 그런 거 아님?",
            "norm_text": "아프다고? 영화나 드라마에 나오는 마사지샵에서 가운 입고 누워서 피부 마사지 받고 그런 거 아님?",
            "speaker": {
              "id": "2번",
              "sex": "남성",
              "age": "30대"
            },
            "speechAct": "(지시) 질문하기",
            "morpheme": "아프/VA+다고/EC+?/SY+영화/NNG+나/JC+드라마/NNG+에/JKB+나오/VV+는/ETM+마사지/NNP+샵/NNP+에서/JKB+가운/NNG+입/VV+고/EC+누워서/VV+EC+피부/NNG+마사지/NNG+받/VV+고/EC+그런/MM+거/NNB+아님/VCN+ETN"
          },
          {
            "id": 12,
            "text": "1 : 성형외과 시술 이런 거 말하는 거지 키키 그런 거는 단기 효과",
            "norm_text": "성형외과 시술 이런 거 말하는 거지 키키 그런 거는 단기 효과",
            "speaker": {
              "id": "1번",
              "sex": "여성",
              "age": "30대"
            },
            "speechAct": "(단언) 진술하기",
            "morpheme": "성형외과/NNG+시술/NNG+이런/MM+거말/NNG+하/XSV+는/ETM+거/NNB+지/VCP+EF+키키/NNP+그런/MM+거/NNB+는/JX+단기/NNG+효과/NNG"
          },
          {
            "id": 13,
            "text": "2 : 아 키키 난 마사지 뭐 그런 건 줄 키키",
            "norm_text": "아 키키 난 마사지 뭐 그런 건 줄 키키",
            "speaker": {
              "id": "2번",
              "sex": "남성",
              "age": "30대"
            },
            "speechAct": "(단언) 주장하기",
            "morpheme": "아키/NNP+키난/NNP+마사지/NNP+뭐/IC+그런/MM+건/NNB+JX+줄/VX+ETM+키/NNG+키/XSV+ETN"
          },
          {
            "id": 14,
            "text": "1 : 아침에 조깅 할 때 선크림 안 발라서 기미 끼고 할매 다 됨 키키",
            "norm_text": "아침에 조깅 할 때 선크림 안 발라서 기미 끼고 할매 다 됨 키키",
            "speaker": {
              "id": "1번",
              "sex": "여성",
              "age": "30대"
            },
            "speechAct": "(단언) 진술하기",
            "morpheme": "아침/NNG+에/JKB+조깅/NNG+할/XSV+ETM+때/NNG+선크림/NNG+안/MAG+발라서/VV+EC+기미/NNG+끼/VV+고/EC+할매/NNG+다/MAG+됨/VV+ETN+키/NNG+키/XSV+ETN"
          },
          {
            "id": 15,
            "text": "2 : 니가 할매면 난... 미이라인 듯 ㅜㅜ",
            "norm_text": "니가 할매면 난... 미이라인 듯 ㅜㅜ",
            "speaker": {
              "id": "2번",
              "sex": "남성",
              "age": "30대"
            },
            "speechAct": "(단언) 주장하기",
            "morpheme": "니/NP+가/JKS+할매/NNG+면/VCP+EC+난/NP+JX+./SY+미이라인듯ㅜㅜ/UNKNOWN"
          },
          {
            "id": 16,
            "text": "1 : 그것 때매 피부과 가니까 200만원 부르던데 레이저랑 이것저것",
            "norm_text": "그것 때매 피부과 가니까 200만원 부르던데 레이저랑 이것저것",
            "speaker": {
              "id": "1번",
              "sex": "여성",
              "age": "30대"
            },
            "speechAct": "(단언) 진술하기",
            "morpheme": "그것/NP+때/NNG+매/MM+피부과/NNG+가/VV+니까/EC+200/SN+만/NR+원/NNBC+부르/VV+던데/EC+레이저/NNG+랑/JKB+이것저것/NNG"
          },
          {
            "id": 17,
            "text": "2 : 와... 200만원 들이면 얼마 동안 얼마나 젊어짐?",
            "norm_text": "와... 200만원 들이면 얼마 동안 얼마나 젊어짐?",
            "speaker": {
              "id": "2번",
              "sex": "남성",
              "age": "30대"
            },
            "speechAct": "(지시) 질문하기",
            "morpheme": "와/IC+./SY+./SY+200/SN+만/NR+원/NNBC+들/XSN+이/VCP+면/EC+얼마/NNG+동안/NNG+얼마나/MAG+젊/VA+어/EC+짐/VX+ETN"
          }
        ]
      }
    }
  ]
}