{
  "dataset": {
    "identifier": 38662,
    "name": "KAKAO_903_10_set",
    "src_path": "/data/file/cubeManager/PROJECT001/53/txt20211005095751070999/KAKAO_903_10_set/",
    "label_path": "/data/file/cubeManager/PROJECT001/53/txt20211005095751070999/KAKAO_903_10_set/",
    "category": 2,
    "type": 0
  },
  "licenses": {
    "name": "Apache License 1.0",
    "url": "http://www.apache.org/licenses/LICENSE-1.0"
  },
  "info": [
    {
      "id": 40789,
      "filename": "KAKAO_903_10.txt",
      "title": "KAKAO_903_10",
      "mediatype": "SNS",
      "medianame": "카카오톡",
      "category": "일상대화",
      "date": "2021-10-05",
      "size": 530,
      "annotations": {
        "subject": "스포츠/레저",
        "speaker_type": "1:1",
        "size": 530,
        "word_size": 174,
        "text": "1 : 그냥 외로움을 쏟기에는 운동이 최고인 듯\n2 : 운동을 하긴 하니 넌 숨쉬기 운동밖에 안 하면서 뭔 운동 타령이야\n1 : 엥 어떻게 알았냐? 나 스토킹하냐?\n2 : 안 봐도 보여 숨쉬기 운동 장인\n1 : 그래도 그런 운동이라도 하는 게 어디야.\n1 : 넌 그 운동 안 했으면 좋겠는데 언제 멈춰?\n2 : 난 이미 진즉에 멈추고 매일 걷기 뛰기 운동하잖아\n1 : 숨쉬기 멈췄다고 ?\n1 : 근데 왜 살아 있는 거야?\n2 : 더 높은 수준의 운동으로 바꿨어 숨쉬기 운동은 저절로 따라와\n1 : 키키 아니 근데 니가 언제부터 운동을 했어 배신감 드네 난 안 하는데\n2 : 난 일하면서 해 하루 종일 뛰어 댕기거든\n1 : 야 키키 일하는 거랑 운동은 다르데 아무리 힘들어도\n2 : 야 더하면 더했지 덜하진 않아\n1 : 우리 부모님 농사 지으면서 땀 그렇게 흘리고 엄청 힘들게 일하시는데도 운동이랑은 다르다 함\n2 : 운동보다 더 힘들어 죽을 맛\n1 : 너 태권도 잘하잖아 ^^\n1 : 어렸을 때 도복 입고 찍은 깜찍한 사진 자랑하고 싶다\n2 : 진짜 날라차기 맛 한번 보고 싶어?",
        "lines": [
          {
            "id": 1,
            "text": "1 : 그냥 외로움을 쏟기에는 운동이 최고인 듯",
            "norm_text": "그냥 외로움을 쏟기에는 운동이 최고인 듯",
            "speaker": {
              "id": "1번",
              "sex": "여성",
              "age": "20대"
            },
            "speechAct": "(단언) 주장하기",
            "morpheme": "그냥/MAG+외로움/NNG+을/JKO+쏟/VV+기/ETN+에/JKB+는/JX+운동/NNG+이/JKS+최고/NNG+인/VCP+ETM+듯/NNB"
          },
          {
            "id": 2,
            "text": "2 : 운동을 하긴 하니 넌 숨쉬기 운동밖에 안 하면서 뭔 운동 타령이야",
            "norm_text": "운동을 하긴 하니 넌 숨쉬기 운동밖에 안 하면서 뭔 운동 타령이야",
            "speaker": {
              "id": "2번",
              "sex": "여성",
              "age": "20대"
            },
            "speechAct": "(단언) 주장하기",
            "morpheme": "운동/NNG+을/JKO+하/VV+긴/ETN+JX+하/VX+니/EC+넌/NP+JX+숨쉬기/NNG+운동/NNG+밖에/JX+안/MAG+하/VV+면서/EC+뭔/MM+운동/NNG+타령/NNG+이/VCP+야/EC"
          },
          {
            "id": 3,
            "text": "1 : 엥 어떻게 알았냐? 나 스토킹하냐?",
            "norm_text": "엥 어떻게 알았냐? 나 스토킹하냐?",
            "speaker": {
              "id": "1번",
              "sex": "여성",
              "age": "20대"
            },
            "speechAct": "(지시) 질문하기",
            "morpheme": "엥/IC+어떻게/MAG+알/VV+았/EP+냐/EF+나/NP+스토킹/NNP+하/VV+냐/EF"
          },
          {
            "id": 4,
            "text": "2 : 안 봐도 보여 숨쉬기 운동 장인",
            "norm_text": "안 봐도 보여 숨쉬기 운동 장인",
            "speaker": {
              "id": "2번",
              "sex": "여성",
              "age": "20대"
            },
            "speechAct": "(단언) 주장하기",
            "morpheme": "안/MAG+봐도/VV+EC+보여/VV+EC+숨쉬기/NNG+운동장/NNG+인/VCP+ETM"
          },
          {
            "id": 5,
            "text": "1 : 그래도 그런 운동이라도 하는 게 어디야.",
            "norm_text": "그래도 그런 운동이라도 하는 게 어디야.",
            "speaker": {
              "id": "1번",
              "sex": "여성",
              "age": "20대"
            },
            "speechAct": "(단언) 주장하기",
            "morpheme": "그래도/MAJ+그런/MM+운동/NNG+이/VCP+라도/EC+하/VV+는/ETM+게/NNB+JKS+어디/NP+야/VCP+EF"
          },
          {
            "id": 6,
            "text": "1 : 넌 그 운동 안 했으면 좋겠는데 언제 멈춰?",
            "norm_text": "넌 그 운동 안 했으면 좋겠는데 언제 멈춰?",
            "speaker": {
              "id": "1번",
              "sex": "여성",
              "age": "20대"
            },
            "speechAct": "(지시) 질문하기",
            "morpheme": "넌/NP+JX+그/MM+운동/NNG+안/MAG+했/VV+EP+으면/EC+좋/VA+겠/EP+는데/EC+언제/MAG+멈춰/VV+EF"
          },
          {
            "id": 7,
            "text": "2 : 난 이미 진즉에 멈추고 매일 걷기 뛰기 운동하잖아",
            "norm_text": "난 이미 진즉에 멈추고 매일 걷기 뛰기 운동하잖아",
            "speaker": {
              "id": "2번",
              "sex": "여성",
              "age": "20대"
            },
            "speechAct": "(단언) 진술하기",
            "morpheme": "난/NP+JX+이미/MAG+진즉에/MAG+멈추/VV+고/EC+매일/MAG+걷/VV+기/ETN+뛰/VV+기/ETN+운동/NNG+하/XSV+잖아/EC"
          },
          {
            "id": 8,
            "text": "1 : 숨쉬기 멈췄다고 ?",
            "norm_text": "숨쉬기 멈췄다고 ?",
            "speaker": {
              "id": "1번",
              "sex": "여성",
              "age": "20대"
            },
            "speechAct": "턴토크 사인(관습적 반응)",
            "morpheme": "숨쉬기/NNG+멈췄/VV+EP+다고/EF"
          },
          {
            "id": 9,
            "text": "1 : 근데 왜 살아 있는 거야?",
            "norm_text": "근데 왜 살아 있는 거야?",
            "speaker": {
              "id": "1번",
              "sex": "여성",
              "age": "20대"
            },
            "speechAct": "(지시) 질문하기",
            "morpheme": "근데/MAJ+왜/MAG+살/VV+아/EC+있/VX+는/ETM+거/NNB+야/VCP+EF"
          },
          {
            "id": 10,
            "text": "2 : 더 높은 수준의 운동으로 바꿨어 숨쉬기 운동은 저절로 따라와",
            "norm_text": "더 높은 수준의 운동으로 바꿨어 숨쉬기 운동은 저절로 따라와",
            "speaker": {
              "id": "2번",
              "sex": "여성",
              "age": "20대"
            },
            "speechAct": "(단언) 주장하기",
            "morpheme": "더/MAG+높/VA+은/ETM+수준/NNG+의/JKG+운동/NNG+으로/JKB+바꿨/VV+EP+어/EC+숨쉬기/NNG+운동/NNG+은/JX+저절로/MAG+따라와/VV+EC"
          },
          {
            "id": 11,
            "text": "1 : 키키 아니 근데 니가 언제부터 운동을 했어 배신감 드네 난 안 하는데",
            "norm_text": "키키 아니 근데 니가 언제부터 운동을 했어 배신감 드네 난 안 하는데",
            "speaker": {
              "id": "1번",
              "sex": "여성",
              "age": "20대"
            },
            "speechAct": "(단언) 주장하기",
            "morpheme": "키/NNG+키/XSV+ETN+아니/VCN+근데/MAJ+니/NP+가/JKS+언제/NP+부터/JX+운동/NNG+을/JKO+했/VV+EP+어/EC+배신감/NNG+드/VV+네/EF+난/NP+JX+안/MAG+하/VV+는데/EC"
          },
          {
            "id": 12,
            "text": "2 : 난 일하면서 해 하루 종일 뛰어 댕기거든",
            "norm_text": "난 일하면서 해 하루 종일 뛰어 댕기거든",
            "speaker": {
              "id": "2번",
              "sex": "여성",
              "age": "20대"
            },
            "speechAct": "(단언) 진술하기",
            "morpheme": "난일/NNG+하/XSV+면서/EC+해/VV+EC+하루/NNG+종일/NNG+뛰/VV+어/EC+댕기/VV+거든/EC"
          },
          {
            "id": 13,
            "text": "1 : 야 키키 일하는 거랑 운동은 다르데 아무리 힘들어도",
            "norm_text": "야 키키 일하는 거랑 운동은 다르데 아무리 힘들어도",
            "speaker": {
              "id": "1번",
              "sex": "여성",
              "age": "20대"
            },
            "speechAct": "(단언) 진술하기",
            "morpheme": "야키/NNP+키/NNG+일/NNG+하/XSV+는/ETM+거/NNB+랑/JC+운동/NNG+은/JX+다르/VA+데/EC+아무리/MAG+힘들/VA+어도/EC"
          },
          {
            "id": 14,
            "text": "2 : 야 더하면 더했지 덜하진 않아",
            "norm_text": "야 더하면 더했지 덜하진 않아",
            "speaker": {
              "id": "2번",
              "sex": "여성",
              "age": "20대"
            },
            "speechAct": "(단언) 주장하기",
            "morpheme": "야/IC+더/MAG+하/VV+면/EC+더/MAG+했/VV+EP+지/EC+덜/MAG+하/VV+진/EC+JX+않/VX+아/EC"
          },
          {
            "id": 15,
            "text": "1 : 우리 부모님 농사 지으면서 땀 그렇게 흘리고 엄청 힘들게 일하시는데도 운동이랑은 다르다 함",
            "norm_text": "우리 부모님 농사 지으면서 땀 그렇게 흘리고 엄청 힘들게 일하시는데도 운동이랑은 다르다 함",
            "speaker": {
              "id": "1번",
              "sex": "여성",
              "age": "20대"
            },
            "speechAct": "(단언) 진술하기",
            "morpheme": "우리/NP+부모/NNG+님/XSN+농사지/VV+으면서/EC+땀/NNG+그렇게/MAG+흘리/VV+고/EC+엄청/MAG+힘들/VA+게/EC+일/NNG+하/XSV+시/EP+는데/EC+도/JX+운동/NNG+이랑/JKB+은/JX+다르/VA+다/EC+함/VX+ETN"
          },
          {
            "id": 16,
            "text": "2 : 운동보다 더 힘들어 죽을 맛",
            "norm_text": "운동보다 더 힘들어 죽을 맛",
            "speaker": {
              "id": "2번",
              "sex": "여성",
              "age": "20대"
            },
            "speechAct": "(단언) 주장하기",
            "morpheme": "운동/NNG+보다/JKB+더/MAG+힘들/VA+어/EC+죽/VV+을/ETM+맛/NNG"
          },
          {
            "id": 17,
            "text": "1 : 너 태권도 잘하잖아 ^^",
            "norm_text": "너 태권도 잘하잖아 ^^",
            "speaker": {
              "id": "1번",
              "sex": "여성",
              "age": "20대"
            },
            "speechAct": "(단언) 주장하기",
            "morpheme": "너/NP+태권/NNG+도/JX+잘/MAG+하/VV+잖아/EC+^/SY+^/SY"
          },
          {
            "id": 18,
            "text": "1 : 어렸을 때 도복 입고 찍은 깜찍한 사진 자랑하고 싶다",
            "norm_text": "어렸을 때 도복 입고 찍은 깜찍한 사진 자랑하고 싶다",
            "speaker": {
              "id": "1번",
              "sex": "여성",
              "age": "20대"
            },
            "speechAct": "(단언) 주장하기",
            "morpheme": "어렸/VA+EP+을/ETM+때/NNG+도복/NNG+입/VV+고/EC+찍/VV+은/ETM+깜찍/XR+한/XSA+ETM+사진/NNG+자랑/NNG+하/XSV+고/EC+싶/VX+다/EC"
          },
          {
            "id": 19,
            "text": "2 : 진짜 날라차기 맛 한번 보고 싶어?",
            "norm_text": "진짜 날라차기 맛 한번 보고 싶어?",
            "speaker": {
              "id": "2번",
              "sex": "여성",
              "age": "20대"
            },
            "speechAct": "(언약) 위협하기",
            "morpheme": "진짜/MAG+날라/VV+EC+차기/NNG+맛/NNG+한/MM+번/NNBC+보/VV+고/EC+싶/VX+어/EF"
          }
        ]
      }
    }
  ]
}