{
  "dataset": {
    "identifier": 69237,
    "name": "KAKAO_915_15_set",
    "src_path": "/data/file/cubeManager/PROJECT001/53/txt202110051557560650109/KAKAO_915_15_set/",
    "label_path": "/data/file/cubeManager/PROJECT001/53/txt202110051557560650109/KAKAO_915_15_set/",
    "category": 2,
    "type": 0
  },
  "licenses": {
    "name": "Apache License 1.0",
    "url": "http://www.apache.org/licenses/LICENSE-1.0"
  },
  "info": [
    {
      "id": 41852,
      "filename": "KAKAO_915_15.txt",
      "title": "KAKAO_915_15",
      "mediatype": "SNS",
      "medianame": "카카오톡",
      "category": "일상대화",
      "date": "2021-10-05",
      "size": 450,
      "annotations": {
        "subject": "타 국가 이슈",
        "speaker_type": "1:1",
        "size": 450,
        "word_size": 139,
        "text": "1 : 미국에서 고령자한테 부스터샷 권유했네\n2 : 오... 근데 부스터샷 맞고 괜찮으려나 ㅠㅠ\n1 : 어른들이 견딜 수 있는 건가 ㅜㅜ\n2 : 그니깐... 그게 진짜 문제다 ㅠㅠ\n1 : 취약 직군에도 맞으라고 했네 키키\n1 : ** 언니야 맞아야 하는 거 아니야\n2 : 오... 근데 누나야 1년만 한다고 했으니 괜찮지 않을까\n1 : 키키 저거 맞기 전에 얼른 탈출하셔야겠당 키키\n2 : 키키 그 사이에 맞으면 어쩌지... 키키\n1 : 키키 화이자 접종하고 6개월 뒤부터라는데...\n2 : 오... 누나야는 모더나인데 모더나는 언제이려나\n1 : 모더나 맞았구납?\n1 : 모나는 따로 말 없는 것 같음! 키키\n2 : 흐음... 좀 그렇네 우리 부모님은 뭐 맞았지\n1 : 응? 오빠야 관심 좀 키키\n2 : 키키 같이 안 사니 잘 모르겠네\n1 : 키키 그래도! 연락도 자주 드리고!\n2 : 키키 자주는 드리지 키키 근데 들어도 까먹네 하하",
        "lines": [
          {
            "id": 1,
            "text": "1 : 미국에서 고령자한테 부스터샷 권유했네",
            "norm_text": "미국에서 고령자한테 부스터샷 권유했네",
            "speaker": {
              "id": "1번",
              "sex": "여성",
              "age": "20대"
            },
            "speechAct": "(단언) 진술하기",
            "morpheme": "미국/NNP+에서/JKB+고령자/NNG+한테/JKB+부스터/NNG+샷/NNG+권유/NNG+했/XSV+EP+네/EF"
          },
          {
            "id": 2,
            "text": "2 : 오... 근데 부스터샷 맞고 괜찮으려나 ㅠㅠ",
            "norm_text": "오... 근데 부스터샷 맞고 괜찮으려나 ㅠㅠ",
            "speaker": {
              "id": "2번",
              "sex": "남성",
              "age": "20대"
            },
            "speechAct": "(단언) 주장하기",
            "morpheme": "오/IC+./SY+근데부스터샷맞고괜찮으려나ㅠㅠ/UNKNOWN"
          },
          {
            "id": 3,
            "text": "1 : 어른들이 견딜 수 있는 건가 ㅜㅜ",
            "norm_text": "어른들이 견딜 수 있는 건가 ㅜㅜ",
            "speaker": {
              "id": "1번",
              "sex": "여성",
              "age": "20대"
            },
            "speechAct": "(단언) 주장하기",
            "morpheme": "어른/NNG+들/XSN+이/JKS+견딜/VV+ETM+수/NNB+있/VV+는/ETM+건가/NNB+VCP+EC+ㅜㅜ/UNKNOWN"
          },
          {
            "id": 4,
            "text": "2 : 그니깐... 그게 진짜 문제다 ㅠㅠ",
            "norm_text": "그니깐... 그게 진짜 문제다 ㅠㅠ",
            "speaker": {
              "id": "2번",
              "sex": "남성",
              "age": "20대"
            },
            "speechAct": "(단언) 주장하기",
            "morpheme": "그니깐/MAJ+./SY+그게/NP+JKS+진짜/MAG+문제/NNG+다/VCP+EF+ㅠㅠ/UNKNOWN"
          },
          {
            "id": 5,
            "text": "1 : 취약 직군에도 맞으라고 했네 키키",
            "norm_text": "취약 직군에도 맞으라고 했네 키키",
            "speaker": {
              "id": "1번",
              "sex": "여성",
              "age": "20대"
            },
            "speechAct": "(단언) 진술하기",
            "morpheme": "취약/NNG+직군/NNG+에/JKB+도/JX+맞/VV+으라고/EC+했/VX+EP+네/EF+키/NNG+키/XSV+ETN"
          },
          {
            "id": 6,
            "text": "1 : ** 언니야 맞아야 하는 거 아니야",
            "norm_text": "** 언니야 맞아야 하는 거 아니야",
            "speaker": {
              "id": "1번",
              "sex": "여성",
              "age": "20대"
            },
            "speechAct": "(단언) 주장하기",
            "morpheme": "*/SY+*/SY+언니/NNG+야/VCP+EF+맞/VV+아야/EC+하/VV+는/ETM+거/NNB+아니/VCN+야/EC"
          },
          {
            "id": 7,
            "text": "2 : 오... 근데 누나야 1년만 한다고 했으니 괜찮지 않을까",
            "norm_text": "오... 근데 누나야 1년만 한다고 했으니 괜찮지 않을까",
            "speaker": {
              "id": "2번",
              "sex": "남성",
              "age": "20대"
            },
            "speechAct": "(단언) 주장하기",
            "morpheme": "오/IC+./SY+근데/MAJ+누나야/NNP+1/SN+년/NNBC+만/JX+한다고/VV+EC+했으니/VX+EP+EC+괜찮/VA+지/EC+않/VX+을까/EC"
          },
          {
            "id": 8,
            "text": "1 : 키키 저거 맞기 전에 얼른 탈출하셔야겠당 키키",
            "norm_text": "키키 저거 맞기 전에 얼른 탈출하셔야겠당 키키",
            "speaker": {
              "id": "1번",
              "sex": "여성",
              "age": "20대"
            },
            "speechAct": "(단언) 주장하기",
            "morpheme": "키/NNG+키/XSV+ETN+저거/NP+맞/VV+기/ETN+전/NNG+에/JKB+얼른/MAG+탈출/NNG+하/XSV+셔야/EP+EC+VX+겠/EP+당/XSN+키/NNG+키/XSV+ETN"
          },
          {
            "id": 9,
            "text": "2 : 키키 그 사이에 맞으면 어쩌지... 키키",
            "norm_text": "키키 그 사이에 맞으면 어쩌지... 키키",
            "speaker": {
              "id": "2번",
              "sex": "남성",
              "age": "20대"
            },
            "speechAct": "(단언) 주장하기",
            "morpheme": "키키/NNP+그/MM+사이/NNG+에/JKB+맞/VV+으면/EC+어쩌/VV+지/EF+./SY+키/NNG+키/XSV+ETN"
          },
          {
            "id": 10,
            "text": "1 : 키키 화이자 접종하고 6개월 뒤부터라는데...",
            "norm_text": "키키 화이자 접종하고 6개월 뒤부터라는데...",
            "speaker": {
              "id": "1번",
              "sex": "여성",
              "age": "20대"
            },
            "speechAct": "(단언) 진술하기",
            "morpheme": "키/NNG+키/NNG+화/XSN+이/VCP+자/EC+접종/NNG+하/XSV+고/EC+6/SN+개월/NNBC+뒤/NNG+부터/JX+라는데/VCP+EF+./SY"
          },
          {
            "id": 11,
            "text": "2 : 오... 누나야는 모더나인데 모더나는 언제이려나",
            "norm_text": "오... 누나야는 모더나인데 모더나는 언제이려나",
            "speaker": {
              "id": "2번",
              "sex": "남성",
              "age": "20대"
            },
            "speechAct": "(단언) 주장하기",
            "morpheme": "오/IC+./SY+누나야는모더나인데모더나는언제이려나/UNKNOWN"
          },
          {
            "id": 12,
            "text": "1 : 모더나 맞았구납?",
            "norm_text": "모더나 맞았구납?",
            "speaker": {
              "id": "1번",
              "sex": "여성",
              "age": "20대"
            },
            "speechAct": "(지시) 질문하기",
            "morpheme": "모더나맞았구납/UNKNOWN"
          },
          {
            "id": 13,
            "text": "1 : 모나는 따로 말 없는 것 같음! 키키",
            "norm_text": "모나는 따로 말 없는 것 같음! 키키",
            "speaker": {
              "id": "1번",
              "sex": "여성",
              "age": "20대"
            },
            "speechAct": "(단언) 주장하기",
            "morpheme": "모나/NNP+는/JX+따로/MAG+말/NNG+없/VA+는/ETM+것/NNB+같/VA+음/ETN+키/NNG+키/XSV+ETN"
          },
          {
            "id": 14,
            "text": "2 : 흐음... 좀 그렇네 우리 부모님은 뭐 맞았지",
            "norm_text": "흐음... 좀 그렇네 우리 부모님은 뭐 맞았지",
            "speaker": {
              "id": "2번",
              "sex": "남성",
              "age": "20대"
            },
            "speechAct": "(단언) 주장하기",
            "morpheme": "흐음/IC+./SY+좀/MAG+그렇/VA+네/EF+우리/NP+부모/NNG+님/XSN+은/JX+뭐/IC+맞/VV+았/EP+지/EC"
          },
          {
            "id": 15,
            "text": "1 : 응? 오빠야 관심 좀 키키",
            "norm_text": "응? 오빠야 관심 좀 키키",
            "speaker": {
              "id": "1번",
              "sex": "여성",
              "age": "20대"
            },
            "speechAct": "(단언) 주장하기",
            "morpheme": "응/IC+오빠야관심좀키키/UNKNOWN"
          },
          {
            "id": 16,
            "text": "2 : 키키 같이 안 사니 잘 모르겠네",
            "norm_text": "키키 같이 안 사니 잘 모르겠네",
            "speaker": {
              "id": "2번",
              "sex": "남성",
              "age": "20대"
            },
            "speechAct": "(단언) 주장하기",
            "morpheme": "키/NNG+키/NNG+같이/MAG+안/MAG+사/VV+니/EC+잘/MAG+모르/VV+겠/EP+네/EF"
          },
          {
            "id": 17,
            "text": "1 : 키키 그래도! 연락도 자주 드리고!",
            "norm_text": "키키 그래도! 연락도 자주 드리고!",
            "speaker": {
              "id": "1번",
              "sex": "여성",
              "age": "20대"
            },
            "speechAct": "(단언) 주장하기",
            "morpheme": "키/NNG+키/XSV+ETN+그래도/MAJ+연락/NNG+도/JX+자주/MAG+드리/VV+고/EC"
          },
          {
            "id": 18,
            "text": "2 : 키키 자주는 드리지 키키 근데 들어도 까먹네 하하",
            "norm_text": "키키 자주는 드리지 키키 근데 들어도 까먹네 하하",
            "speaker": {
              "id": "2번",
              "sex": "남성",
              "age": "20대"
            },
            "speechAct": "(단언) 주장하기",
            "morpheme": "키/NNG+키/VV+자/EC+주/VX+는/ETM+드리/VX+지/EC+키/NNG+키/XSV+ETN+근데/MAJ+들어도/VV+EC+까먹/VV+네/EF+하하/MAG"
          }
        ]
      }
    }
  ]
}