{
  "dataset": {
    "identifier": 72935,
    "name": "KAKAO_898_20_set",
    "src_path": "/data/file/cubeManager/PROJECT001/53/txt202110051527500758107/KAKAO_898_20_set/",
    "label_path": "/data/file/cubeManager/PROJECT001/53/txt202110051527500758107/KAKAO_898_20_set/",
    "category": 2,
    "type": 0
  },
  "licenses": {
    "name": "Apache License 1.0",
    "url": "http://www.apache.org/licenses/LICENSE-1.0"
  },
  "info": [
    {
      "id": 41277,
      "filename": "KAKAO_898_20.txt",
      "title": "KAKAO_898_20",
      "mediatype": "SNS",
      "medianame": "카카오톡",
      "category": "일상대화",
      "date": "2021-10-05",
      "size": 808,
      "annotations": {
        "subject": "영화/만화",
        "speaker_type": "다자간 대화",
        "size": 808,
        "word_size": 200,
        "text": "1 : 다들 기생충 보셨어요?\n2 : 오스카 상 후보에 올랐단 소식 듣고 바로 봤어요\n3 : 저는 개인적으로 다크한 걸 안 좋아해서 아직 못 봤어요\n1 : 음...그럴 수 있죠!\n1 : 봉준호 감독이 차기작을 준비하고 있다고 해서 한 번 그냥 물어봤어요 하하\n2 : 오오 차기작이요? 기대되는 걸요?\n3 : 정말요? 어떤 내용이래요?\n1 : 사실 기생충 이전부터 준비하던 시나리오인데 애니메이션으로 제작될 예정이래요\n2 : 헉 정말 애니메이션이래요?\n3 : 와우... 애니메이션이라니... 조금 놀랍네요\n1 : 그쵸? 자신이 디스크가 있는 줄 아는 무척추 심해어와 해양생물 관련한 시나리오를 이미 완성했다고 하더라고요\n2 : 기생충 이후로 2년만인가요...\n3 : 애니메이션이면 개봉하면 저도 꼭 봐야겠어요!\n1 : 이게 또 순수 한국 프로젝트로 제작되는 거라고 하더라고요\n2 : 오오 국뽕이 차오르는걸요?!\n3 : 그러게요! 이제 그 감독님 작품은 세계 곧곧에서 조명을 받을텐데 순수 한국 프로젝트라니...\n1 : 지난해부터 친분이 있는 한 배우한테 연기를 부탁했다고 하는데 누굴지 정말 너무 궁금해요\n2 : 그러게요! 근데 애니메이션인데 배우가 필요하다니...\n2 : 성우를 부탁한 걸까요?\n3 : 아니면 실사와 애니메이션을 섞은 걸 수도 있겠네요!\n1 : 사실 뭐가 되었든 파격적인 결정이라고 생각해요\n2 : 저도 그렇게 생각해요\n3 : 다방면으로 도전하는 모습이 참 멋지신 것 같아요\n1 : 개봉하려면 최소 3~4년 정도는 걸릴테지만 개봉하면 같이 보러 가실래요?\n2 : 너무 너무 좋아요!\n2 : 그때 쯤이면 극장도 편하게 갈 수 있겠죠?\n3 : 하하 네 좋아요! 벌써 기대되네요!",
        "lines": [
          {
            "id": 1,
            "text": "1 : 다들 기생충 보셨어요?",
            "norm_text": "다들 기생충 보셨어요?",
            "speaker": {
              "id": "1번",
              "sex": "여성",
              "age": "30대"
            },
            "speechAct": "(지시) 질문하기",
            "morpheme": "다/MAG+들/XSN+기생충/NNG+보/VV+셨/EP+EP+어요/EF"
          },
          {
            "id": 2,
            "text": "2 : 오스카 상 후보에 올랐단 소식 듣고 바로 봤어요",
            "norm_text": "오스카 상 후보에 올랐단 소식 듣고 바로 봤어요",
            "speaker": {
              "id": "2번",
              "sex": "여성",
              "age": "40대"
            },
            "speechAct": "(단언) 진술하기",
            "morpheme": "오스카/NNG+ /SY+상/NNG+ /SY+후보/NNG+에/JKB+ /SY+올랐/VV+EP+단/ETM+ /SY+소식/NNG+ /SY+듣/VV+고/EC+ /SY+바로/MAG+ /SY+봤/VV+EP+어요/EF"
          },
          {
            "id": 3,
            "text": "3 : 저는 개인적으로 다크한 걸 안 좋아해서 아직 못 봤어요",
            "norm_text": "저는 개인적으로 다크한 걸 안 좋아해서 아직 못 봤어요",
            "speaker": {
              "id": "3번",
              "sex": "여성",
              "age": "10대"
            },
            "speechAct": "(단언) 진술하기",
            "morpheme": "저/NP+는/JX+개인/NNG+적/XSN+으로/JKB+다크/NNG+한/XSA+ETM+걸/NNB+JKO+안/MAG+좋/VA+아/EC+해서/VV+EC+아직/MAG+못/MAG+봤/VV+EP+어요/EF"
          },
          {
            "id": 4,
            "text": "1 : 음...그럴 수 있죠!",
            "norm_text": "음...그럴 수 있죠!",
            "speaker": {
              "id": "1번",
              "sex": "여성",
              "age": "30대"
            },
            "speechAct": "(단언) 주장하기",
            "morpheme": "음/IC+./SY+그럴/VV+ETM+수/NNB+있/VV+죠/EF"
          },
          {
            "id": 5,
            "text": "1 : 봉준호 감독이 차기작을 준비하고 있다고 해서 한 번 그냥 물어봤어요 하하",
            "norm_text": "봉준호 감독이 차기작을 준비하고 있다고 해서 한 번 그냥 물어봤어요 하하",
            "speaker": {
              "id": "1번",
              "sex": "여성",
              "age": "30대"
            },
            "speechAct": "(단언) 주장하기",
            "morpheme": "봉준호/NNP+감독/NNG+이/JKS+차/VV+기/ETN+작/VA+을/ETM+준비/NNG+하/XSV+고/EC+있/VX+다고/EC+해서/VV+EC+한/MM+번/NNBC+그냥/MAG+물/VV+어/EC+봤/VX+EP+어요/EF+하하/MAG"
          },
          {
            "id": 6,
            "text": "2 : 오오 차기작이요? 기대되는 걸요?",
            "norm_text": "오오 차기작이요? 기대되는 걸요?",
            "speaker": {
              "id": "2번",
              "sex": "여성",
              "age": "40대"
            },
            "speechAct": "(단언) 주장하기",
            "morpheme": "오오/NNG+ /SY+차기/NNG+작이/MAG+요/JX+ /SY+기대/NNG+되/XSV+는/ETM+걸요/NNB+EF"
          },
          {
            "id": 7,
            "text": "3 : 정말요? 어떤 내용이래요?",
            "norm_text": "정말요? 어떤 내용이래요?",
            "speaker": {
              "id": "3번",
              "sex": "여성",
              "age": "10대"
            },
            "speechAct": "(지시) 질문하기",
            "morpheme": "정말/MAG+요/JX+어떤/MM+내용/NNG+이/VCP+래요/EF"
          },
          {
            "id": 8,
            "text": "1 : 사실 기생충 이전부터 준비하던 시나리오인데 애니메이션으로 제작될 예정이래요",
            "norm_text": "사실 기생충 이전부터 준비하던 시나리오인데 애니메이션으로 제작될 예정이래요",
            "speaker": {
              "id": "1번",
              "sex": "여성",
              "age": "30대"
            },
            "speechAct": "(단언) 진술하기",
            "morpheme": "사실/MAG+기생충/NNG+이전/NNG+부터/JX+준비/NNG+하/XSV+던/ETM+시나리오/NNG+인데/VCP+EC+애니메이션/NNG+으로/JKB+제작/NNG+될/XSV+ETM+예정/NNG+이/VCP+래요/EC"
          },
          {
            "id": 9,
            "text": "2 : 헉 정말 애니메이션이래요?",
            "norm_text": "헉 정말 애니메이션이래요?",
            "speaker": {
              "id": "2번",
              "sex": "여성",
              "age": "40대"
            },
            "speechAct": "(지시) 질문하기",
            "morpheme": "헉/MAG+ /SY+정말/MAG+ /SY+애니메이션/NNG+이/VCP+래요/EF"
          },
          {
            "id": 10,
            "text": "3 : 와우... 애니메이션이라니... 조금 놀랍네요",
            "norm_text": "와우... 애니메이션이라니... 조금 놀랍네요",
            "speaker": {
              "id": "3번",
              "sex": "여성",
              "age": "10대"
            },
            "speechAct": "(단언) 주장하기",
            "morpheme": "와우/IC+./SY+애니메이션/NNG+이/VCP+라니/EF+./SY+조금/MAG+놀랍/VA+네요/EC"
          },
          {
            "id": 11,
            "text": "1 : 그쵸? 자신이 디스크가 있는 줄 아는 무척추 심해어와 해양생물 관련한 시나리오를 이미 완성했다고 하더라고요",
            "norm_text": "그쵸? 자신이 디스크가 있는 줄 아는 무척추 심해어와 해양생물 관련한 시나리오를 이미 완성했다고 하더라고요",
            "speaker": {
              "id": "1번",
              "sex": "여성",
              "age": "30대"
            },
            "speechAct": "(단언) 진술하기",
            "morpheme": "그쵸/IC+자신이디스크가있는줄아는무척추심해어와해양생물관련한시나리오를이미완성했다고하더라고요/UNKNOWN"
          },
          {
            "id": 12,
            "text": "2 : 기생충 이후로 2년만인가요...",
            "norm_text": "기생충 이후로 2년만인가요...",
            "speaker": {
              "id": "2번",
              "sex": "여성",
              "age": "40대"
            },
            "speechAct": "(단언) 진술하기",
            "morpheme": "기생충/NNG+ /SY+이후/NNG+로/JKB+ /SY+2/SN+년/NNBC+만/NNB+인가요/VCP+EF+./SY"
          },
          {
            "id": 13,
            "text": "3 : 애니메이션이면 개봉하면 저도 꼭 봐야겠어요!",
            "norm_text": "애니메이션이면 개봉하면 저도 꼭 봐야겠어요!",
            "speaker": {
              "id": "3번",
              "sex": "여성",
              "age": "10대"
            },
            "speechAct": "(언약) 약속하기(제3자와)/(개인적 수준)",
            "morpheme": "애니메이션/NNG+이/VCP+면/EC+개봉/NNG+하/XSV+면/EC+저/NP+도/JX+꼭/MAG+봐야/VV+EC+VX+겠/EP+어요/EF"
          },
          {
            "id": 14,
            "text": "1 : 이게 또 순수 한국 프로젝트로 제작되는 거라고 하더라고요",
            "norm_text": "이게 또 순수 한국 프로젝트로 제작되는 거라고 하더라고요",
            "speaker": {
              "id": "1번",
              "sex": "여성",
              "age": "30대"
            },
            "speechAct": "(단언) 진술하기",
            "morpheme": "이게/NP+JKS+또/MAG+순수/NNG+한국/NNP+프로젝트/NNG+로/JKB+제작/NNG+되/XSV+는/ETM+거/NNB+라고/VCP+EC+하/VV+더라고요/EC"
          },
          {
            "id": 15,
            "text": "2 : 오오 국뽕이 차오르는걸요?!",
            "norm_text": "오오 국뽕이 차오르는걸요?!",
            "speaker": {
              "id": "2번",
              "sex": "여성",
              "age": "40대"
            },
            "speechAct": "(단언) 주장하기",
            "morpheme": "오오/NNG+ /SY+국/NNG+뽕/NNG+이/JKS+ /SY+차오르/VV+는/ETM+걸요/NNB+JKO+JX+?/SY"
          },
          {
            "id": 16,
            "text": "3 : 그러게요! 이제 그 감독님 작품은 세계 곧곧에서 조명을 받을텐데 순수 한국 프로젝트라니...",
            "norm_text": "그러게요! 이제 그 감독님 작품은 세계 곧곧에서 조명을 받을텐데 순수 한국 프로젝트라니...",
            "speaker": {
              "id": "3번",
              "sex": "여성",
              "age": "10대"
            },
            "speechAct": "(단언) 주장하기",
            "morpheme": "그러게/IC+요/JX+이제/MAG+그/MM+감독/NNG+님/XSN+작품/NNG+은/JX+세계/NNG+곧곧/NNG+에서/JKB+조명/NNG+을/JKO+받/VV+을/ETM+텐데/NNB+VCP+EC+순수/NNG+한국/NNP+프로젝트/NNG+라니/VCP+EF+./SY"
          },
          {
            "id": 17,
            "text": "1 : 지난해부터 친분이 있는 한 배우한테 연기를 부탁했다고 하는데 누굴지 정말 너무 궁금해요",
            "norm_text": "지난해부터 친분이 있는 한 배우한테 연기를 부탁했다고 하는데 누굴지 정말 너무 궁금해요",
            "speaker": {
              "id": "1번",
              "sex": "여성",
              "age": "30대"
            },
            "speechAct": "(단언) 주장하기",
            "morpheme": "지난해/NNG+부터/JX+친분/NNG+이/JKS+있/VA+는/ETM+한/MM+배우/NNG+한테/JKB+연기/NNG+를/JKO+부탁/NNG+했/XSV+EP+다고/EC+하/VV+는데/EC+누굴지/NP+VCP+EC+정말/MAG+너무/MAG+궁금/XR+해요/XSA+EC"
          },
          {
            "id": 18,
            "text": "2 : 그러게요! 근데 애니메이션인데 배우가 필요하다니...",
            "norm_text": "그러게요! 근데 애니메이션인데 배우가 필요하다니...",
            "speaker": {
              "id": "2번",
              "sex": "여성",
              "age": "40대"
            },
            "speechAct": "(단언) 주장하기",
            "morpheme": "그러게/IC+요/JX+ /SY+근데/MAJ+ /SY+애니메이션/NNG+인데/VCP+EC+ /SY+배우/NNG+가/JKS+ /SY+필요/NNG+하/XSA+다니/EF+./SY"
          },
          {
            "id": 19,
            "text": "2 : 성우를 부탁한 걸까요?",
            "norm_text": "성우를 부탁한 걸까요?",
            "speaker": {
              "id": "2번",
              "sex": "여성",
              "age": "40대"
            },
            "speechAct": "(지시) 질문하기",
            "morpheme": "성우/NNG+를/JKO+부탁/NNG+한/XSA+ETM+걸까요/NNB+VCP+EF"
          },
          {
            "id": 20,
            "text": "3 : 아니면 실사와 애니메이션을 섞은 걸 수도 있겠네요!",
            "norm_text": "아니면 실사와 애니메이션을 섞은 걸 수도 있겠네요!",
            "speaker": {
              "id": "3번",
              "sex": "여성",
              "age": "10대"
            },
            "speechAct": "(단언) 주장하기",
            "morpheme": "아니면/MAJ+실사/NNG+와/JC+애니메이션/NNG+을/JKO+섞/VV+은/ETM+걸/NNB+JKO+수/NNB+도/JX+있/VA+겠/EP+네요/EF"
          },
          {
            "id": 21,
            "text": "1 : 사실 뭐가 되었든 파격적인 결정이라고 생각해요",
            "norm_text": "사실 뭐가 되었든 파격적인 결정이라고 생각해요",
            "speaker": {
              "id": "1번",
              "sex": "여성",
              "age": "30대"
            },
            "speechAct": "(단언) 주장하기",
            "morpheme": "사실/MAG+뭐/NP+가/JKS+되/VV+었/EP+든/ETM+파격/NNG+적/XSN+인/VCP+ETM+결정/NNG+이/VCP+라고/EC+생각/NNG+해요/XSV+EC"
          },
          {
            "id": 22,
            "text": "2 : 저도 그렇게 생각해요",
            "norm_text": "저도 그렇게 생각해요",
            "speaker": {
              "id": "2번",
              "sex": "여성",
              "age": "40대"
            },
            "speechAct": "(단언) 주장하기",
            "morpheme": "저/NP+도/JX+ /SY+그렇/VA+게/EC+ /SY+생각/NNG+해요/XSV+EC"
          },
          {
            "id": 23,
            "text": "3 : 다방면으로 도전하는 모습이 참 멋지신 것 같아요",
            "norm_text": "다방면으로 도전하는 모습이 참 멋지신 것 같아요",
            "speaker": {
              "id": "3번",
              "sex": "여성",
              "age": "10대"
            },
            "speechAct": "(단언) 주장하기",
            "morpheme": "다방면/NNG+으로/JKB+도전/NNG+하/XSV+는/ETM+모습/NNG+이/JKS+참/MAG+멋지/VA+신/EP+ETM+것/NNB+같/VA+아요/EC"
          },
          {
            "id": 24,
            "text": "1 : 개봉하려면 최소 3~4년 정도는 걸릴테지만 개봉하면 같이 보러 가실래요?",
            "norm_text": "개봉하려면 최소 3~4년 정도는 걸릴테지만 개봉하면 같이 보러 가실래요?",
            "speaker": {
              "id": "1번",
              "sex": "여성",
              "age": "30대"
            },
            "speechAct": "(언약) 약속하기(제3자와)/(개인적 수준)",
            "morpheme": "개봉/NNG+하/XSV+려면/EC+최소/NNG+3/SN+~/SY+4/SN+년/NNBC+정도/NNG+는/JX+걸릴/VV+ETM+테/NNB+VCP+지만/EC+개봉/NNG+하/XSV+면/EC+같이/MAG+보/VV+러/EC+가/VX+실래요/EP+EF"
          },
          {
            "id": 25,
            "text": "2 : 너무 너무 좋아요!",
            "norm_text": "너무 너무 좋아요!",
            "speaker": {
              "id": "2번",
              "sex": "여성",
              "age": "40대"
            },
            "speechAct": "(단언) 주장하기",
            "morpheme": "너무너무/MAG+ /SY+좋/VA+아요/EF"
          },
          {
            "id": 26,
            "text": "2 : 그때 쯤이면 극장도 편하게 갈 수 있겠죠?",
            "norm_text": "그때 쯤이면 극장도 편하게 갈 수 있겠죠?",
            "speaker": {
              "id": "2번",
              "sex": "여성",
              "age": "40대"
            },
            "speechAct": "(단언) 주장하기",
            "morpheme": "그때/NNG+쯤/XSN+이/VCP+면/EC+극장/NNG+도/JX+편하/VA+게/EC+갈/VX+ETM+수/NNB+있/VV+겠/EP+죠/EF"
          },
          {
            "id": 27,
            "text": "3 : 하하 네 좋아요! 벌써 기대되네요!",
            "norm_text": "하하 네 좋아요! 벌써 기대되네요!",
            "speaker": {
              "id": "3번",
              "sex": "여성",
              "age": "10대"
            },
            "speechAct": "(단언) 주장하기",
            "morpheme": "하하/MAG+네/IC+좋/VA+아요/EF+벌써/MAG+기대/NNG+되/XSV+네요/EF"
          }
        ]
      }
    }
  ]
}