{
  "dataset": {
    "identifier": 69172,
    "name": "KAKAO_919_12_set",
    "src_path": "/data/file/cubeManager/PROJECT001/53/txt20211005155848057212/KAKAO_919_12_set/",
    "label_path": "/data/file/cubeManager/PROJECT001/53/txt20211005155848057212/KAKAO_919_12_set/",
    "category": 2,
    "type": 0
  },
  "licenses": {
    "name": "Apache License 1.0",
    "url": "http://www.apache.org/licenses/LICENSE-1.0"
  },
  "info": [
    {
      "id": 41929,
      "filename": "KAKAO_919_12.txt",
      "title": "KAKAO_919_12",
      "mediatype": "SNS",
      "medianame": "카카오톡",
      "category": "일상대화",
      "date": "2021-10-05",
      "size": 800,
      "annotations": {
        "subject": "여행",
        "speaker_type": "1:1",
        "size": 800,
        "word_size": 239,
        "text": "1 : 이번에 대구 여행 계획 세우는데 가본 적 있어 키키?\n2 : 옛날에 친구들이랑 대구 쪽에 펜션 빌려서 놀러 가보긴 했는데 펜션에서만 놀아본 게 다라 키키\n1 : 대구는 막창 말고 아는 게 없어서 키키\n2 : 대구 관광지 많던데 누구랑 가는진 몰라도 바람 쐬고 구경할 꺼 많아 보이는 송해공원도 나쁘지 않고 디아크 광장도 괜찮을 듯?\n1 : 송해공원은 우리가 아는 송해 선생님이고 디아크 광장은 그 랩퍼 디아크야?\n2 : 키키 이름이 좀 그러네 키키\n2 : 대구 추천 여행지 베스트라는데? 키키\n1 : 키키 신기하네 키키 대구가 수성못 맞나?\n2 : 어어 수성못이라는 곳도 있는 듯? 거기 근처에 대구 최초의 놀이동산인 수성랜드도 있다는데?\n2 : 아직도 운영 중이래 키키 산책하고 구경하기 좋다는데 계획 일부에 넣어봐 바\n1 : 오 최초의 놀이동산은 좀 궁금한걸 키키 뭐가 있으려나 키키\n1 : 아무리 대프리카여도 가을에는 안 덥겠지...?\n2 : 아는 친구가 대구 아직 여름이라 하던데? 키키\n2 : 그래도 혹시 모르니까 겉옷 챙기는 거 잊지 말고 키키\n1 : 다음 달에 가긴 하는데 키키 아예 가본 적이 없는 곳이라 걱정이네 키키\n2 : 키키 내가 대구 친구한테 물어보니까 대구에 김광석 거리라고 있대 무조건 가보래 키키\n1 : 대구는 연예인들 이름을 따는 게 뭐가 있나 봐 키키\n2 : 그런 듯 키키 근데 김광석님은 한국의 전설이잖아 키키\n2 : 거기 가면 김광석을 배경으로 한 벽화나 음악이 길거리에 흘러나온다는데 구경하기 좋대 키키\n1 : 맞아 키키 노래도 좋아하는데 한번 가긴 해야겠다\n2 : 나도 한번 가보고 싶다 키키 친구가 강력 추천하네 키키",
        "lines": [
          {
            "id": 1,
            "text": "1 : 이번에 대구 여행 계획 세우는데 가본 적 있어 키키?",
            "norm_text": "이번에 대구 여행 계획 세우는데 가본 적 있어 키키?",
            "speaker": {
              "id": "1번",
              "sex": "남성",
              "age": "20대"
            },
            "speechAct": "(지시) 질문하기",
            "morpheme": "이번/NNG+에/JKB+대구/NNP+여행/NNG+계획/NNG+세우/VV+는/ETM+데/NNB+가/JKS+본/VV+ETM+적/NNB+있/VA+어/EC+키/NNG+키/XSV+ETN"
          },
          {
            "id": 2,
            "text": "2 : 옛날에 친구들이랑 대구 쪽에 펜션 빌려서 놀러 가보긴 했는데 펜션에서만 놀아본 게 다라 키키",
            "norm_text": "옛날에 친구들이랑 대구 쪽에 펜션 빌려서 놀러 가보긴 했는데 펜션에서만 놀아본 게 다라 키키",
            "speaker": {
              "id": "2번",
              "sex": "남성",
              "age": "20대"
            },
            "speechAct": "(단언) 진술하기",
            "morpheme": "옛날/NNG+에/JKB+친구/NNG+들/XSN+이랑/JC+대구/NNP+쪽/NNB+에/JKB+펜션/NNG+빌려서/VV+EC+놀러/NNP+가/JKS+보/VV+긴/ETN+JX+했/VX+EP+는데/EC+펜션/NNG+에서/JKB+만/JX+놀/VV+아/EC+본/VX+ETM+게/NNB+JKS+다/MAG+라키/NNP+키/NNG"
          },
          {
            "id": 3,
            "text": "1 : 대구는 막창 말고 아는 게 없어서 키키",
            "norm_text": "대구는 막창 말고 아는 게 없어서 키키",
            "speaker": {
              "id": "1번",
              "sex": "남성",
              "age": "20대"
            },
            "speechAct": "(단언) 주장하기",
            "morpheme": "대구/NNP+는/JX+막창/NNG+말/VV+고/EC+아/VV+는/ETM+게/NNB+JKS+없/VA+어서/EC+키/NNG+키/XSV+ETN"
          },
          {
            "id": 4,
            "text": "2 : 대구 관광지 많던데 누구랑 가는진 몰라도 바람 쐬고 구경할 꺼 많아 보이는 송해공원도 나쁘지 않고 디아크 광장도 괜찮을 듯?",
            "norm_text": "대구 관광지 많던데 누구랑 가는진 몰라도 바람 쐬고 구경할 꺼 많아 보이는 송해공원도 나쁘지 않고 디아크 광장도 괜찮을 듯?",
            "speaker": {
              "id": "2번",
              "sex": "남성",
              "age": "20대"
            },
            "speechAct": "(단언) 주장하기",
            "morpheme": "대구/NNP+관광지/NNG+많/VA+던데/EC+누구/NP+랑/JKB+가/VV+는/ETM+진몰/NNG+라도/VCP+EC+바람/NNG+쐬/VV+고/EC+구경/NNG+할꺼/VV+EF+많/VA+아/EC+보이/VV+는/ETM+송해/NNP+공원/NNG+도/JX+나쁘/VA+지/EC+않/VX+고/EC+디/NNG+아크/NNG+광장/NNG+도/JX+괜찮/VA+을/ETM+듯/NNB"
          },
          {
            "id": 5,
            "text": "1 : 송해공원은 우리가 아는 송해 선생님이고 디아크 광장은 그 랩퍼 디아크야?",
            "norm_text": "송해공원은 우리가 아는 송해 선생님이고 디아크 광장은 그 랩퍼 디아크야?",
            "speaker": {
              "id": "1번",
              "sex": "남성",
              "age": "20대"
            },
            "speechAct": "(지시) 질문하기",
            "morpheme": "송해/NNP+공원/NNG+은/JX+우리/NP+가/JKS+아/VV+는/ETM+송해/NNP+선생/NNG+님/XSN+이/VCP+고/EC+디/NNG+아크/NNG+광장/NNG+은/JX+그/MM+랩퍼/NNP+디아/NNG+크/VA+야/EF"
          },
          {
            "id": 6,
            "text": "2 : 키키 이름이 좀 그러네 키키",
            "norm_text": "키키 이름이 좀 그러네 키키",
            "speaker": {
              "id": "2번",
              "sex": "남성",
              "age": "20대"
            },
            "speechAct": "(단언) 주장하기",
            "morpheme": "키/NNG+키/NNG+이름/NNG+이/JKS+좀/MAG+그러/VV+네/EF+키/NNG+키/XSV+ETN"
          },
          {
            "id": 7,
            "text": "2 : 대구 추천 여행지 베스트라는데? 키키",
            "norm_text": "대구 추천 여행지 베스트라는데? 키키",
            "speaker": {
              "id": "2번",
              "sex": "남성",
              "age": "20대"
            },
            "speechAct": "(단언) 주장하기",
            "morpheme": "대구/NNP+추천/NNG+여행지/NNG+베스트/NNG+라는데/VCP+EF+키/NNG+키/XSV+ETN"
          },
          {
            "id": 8,
            "text": "1 : 키키 신기하네 키키 대구가 수성못 맞나?",
            "norm_text": "키키 신기하네 키키 대구가 수성못 맞나?",
            "speaker": {
              "id": "1번",
              "sex": "남성",
              "age": "20대"
            },
            "speechAct": "(지시) 질문하기",
            "morpheme": "키/NNG+키/XSV+ETN+신기/XR+하/XSA+네/EF+키키/NNP+대구/NNP+가수/NNG+성/XSN+못/MAG+맞/VV+나/EF"
          },
          {
            "id": 9,
            "text": "2 : 어어 수성못이라는 곳도 있는 듯? 거기 근처에 대구 최초의 놀이동산인 수성랜드도 있다는데?",
            "norm_text": "어어 수성못이라는 곳도 있는 듯? 거기 근처에 대구 최초의 놀이동산인 수성랜드도 있다는데?",
            "speaker": {
              "id": "2번",
              "sex": "남성",
              "age": "20대"
            },
            "speechAct": "(단언) 진술하기",
            "morpheme": "어/IC+어/IC+수성/NNG+못/NNG+이/VCP+라는/ETM+곳/NNG+도/JX+있/VX+는/ETM+듯/NNB+거기근처에대구최초의놀이동산인수성랜드도있다는데/UNKNOWN"
          },
          {
            "id": 10,
            "text": "2 : 아직도 운영 중이래 키키 산책하고 구경하기 좋다는데 계획 일부에 넣어봐 바",
            "norm_text": "아직도 운영 중이래 키키 산책하고 구경하기 좋다는데 계획 일부에 넣어봐 바",
            "speaker": {
              "id": "2번",
              "sex": "남성",
              "age": "20대"
            },
            "speechAct": "(지시) 충고/제안하기",
            "morpheme": "아직/MAG+도운/VV+ETM+영중/NNG+이/JKS+래키/NNP+키/NNG+산책/NNG+하/XSV+고/EC+구경/NNG+하/XSV+기/ETN+좋/VA+다는데/EC+계획/NNG+일부/NNG+에/JKB+넣/VV+어/EC+봐/VX+바/EC"
          },
          {
            "id": 11,
            "text": "1 : 오 최초의 놀이동산은 좀 궁금한걸 키키 뭐가 있으려나 키키",
            "norm_text": "오 최초의 놀이동산은 좀 궁금한걸 키키 뭐가 있으려나 키키",
            "speaker": {
              "id": "1번",
              "sex": "남성",
              "age": "20대"
            },
            "speechAct": "(지시) 질문하기",
            "morpheme": "오/NR+최초/NNG+의/JKG+놀이동산/NNG+은/JX+좀/MAG+궁금/XR+한/XSA+ETM+걸/NNB+JKO+키/NNG+키/XSV+ETN+뭐/NP+가/JKS+있/VA+으려나/EC+키/NNG+키/XSV+ETN"
          },
          {
            "id": 12,
            "text": "1 : 아무리 대프리카여도 가을에는 안 덥겠지...?",
            "norm_text": "아무리 대프리카여도 가을에는 안 덥겠지...?",
            "speaker": {
              "id": "1번",
              "sex": "남성",
              "age": "20대"
            },
            "speechAct": "(단언) 주장하기",
            "morpheme": "아무리/MAG+대/XPN+프리카/NNP+여도/VCP+EC+가을/NNG+에/JKB+는/JX+안/MAG+덥/VA+겠/EP+지/EF+./SY+./SY"
          },
          {
            "id": 13,
            "text": "2 : 아는 친구가 대구 아직 여름이라 하던데? 키키",
            "norm_text": "아는 친구가 대구 아직 여름이라 하던데? 키키",
            "speaker": {
              "id": "2번",
              "sex": "남성",
              "age": "20대"
            },
            "speechAct": "(단언) 진술하기",
            "morpheme": "아/VV+는/ETM+친구/NNG+가/JKS+대/VV+구/EC+아직/MAG+여름/NNG+이/VCP+라/EC+하/VX+던데/EF+키/NNG+키/XSV+ETN"
          },
          {
            "id": 14,
            "text": "2 : 그래도 혹시 모르니까 겉옷 챙기는 거 잊지 말고 키키",
            "norm_text": "그래도 혹시 모르니까 겉옷 챙기는 거 잊지 말고 키키",
            "speaker": {
              "id": "2번",
              "sex": "남성",
              "age": "20대"
            },
            "speechAct": "(단언) 주장하기",
            "morpheme": "그래도/MAJ+혹시/MAG+모르/VV+니까/EC+겉옷/NNG+챙기/VV+는/ETM+거/NNB+잊/VV+지/EC+말/VX+고/EC+키/NNG+키/XSV+ETN"
          },
          {
            "id": 15,
            "text": "1 : 다음 달에 가긴 하는데 키키 아예 가본 적이 없는 곳이라 걱정이네 키키",
            "norm_text": "다음 달에 가긴 하는데 키키 아예 가본 적이 없는 곳이라 걱정이네 키키",
            "speaker": {
              "id": "1번",
              "sex": "남성",
              "age": "20대"
            },
            "speechAct": "(단언) 주장하기",
            "morpheme": "다음/NNG+달/NNG+에/JKB+가/VV+긴/ETN+JX+하/VX+는데/EC+키/NNG+키/XSV+ETN+아예/MAG+가본적/NNG+이/JKS+없/VA+는/ETM+곳/NNG+이/VCP+라/EC+걱정/NNG+이/JKS+네/MM+키/NNG+키/XSV+ETN"
          },
          {
            "id": 16,
            "text": "2 : 키키 내가 대구 친구한테 물어보니까 대구에 김광석 거리라고 있대 무조건 가보래 키키",
            "norm_text": "키키 내가 대구 친구한테 물어보니까 대구에 김광석 거리라고 있대 무조건 가보래 키키",
            "speaker": {
              "id": "2번",
              "sex": "남성",
              "age": "20대"
            },
            "speechAct": "(단언) 진술하기",
            "morpheme": "키키/NNP+내가/NNP+대구/NNP+친구/NNG+한테/JKB+물/VV+어/EC+보/VX+니까/EC+대구/NNP+에/JKB+김광석/NNP+거리/NNG+라고/VCP+EC+있/VX+대/EF+무조건/MAG+가/VV+EC+보래/NNG+키/NNG+키/XSV+ETN"
          },
          {
            "id": 17,
            "text": "1 : 대구는 연예인들 이름을 따는 게 뭐가 있나 봐 키키",
            "norm_text": "대구는 연예인들 이름을 따는 게 뭐가 있나 봐 키키",
            "speaker": {
              "id": "1번",
              "sex": "남성",
              "age": "20대"
            },
            "speechAct": "(단언) 주장하기",
            "morpheme": "대구/NNP+는/JX+연예인/NNG+들/XSN+이름/NNG+을/JKO+따/VV+는/ETM+게/NNB+JKS+뭐/NP+가/JKS+있/VA+나/EC+봐/VX+EF+키/NNG+키/XSV+ETN"
          },
          {
            "id": 18,
            "text": "2 : 그런 듯 키키 근데 김광석님은 한국의 전설이잖아 키키",
            "norm_text": "그런 듯 키키 근데 김광석님은 한국의 전설이잖아 키키",
            "speaker": {
              "id": "2번",
              "sex": "남성",
              "age": "20대"
            },
            "speechAct": "(단언) 주장하기",
            "morpheme": "그런/MM+듯/NNB+키/NNG+키/XSV+ETN+근데/MAJ+김광석/NNP+님/XSN+은/JX+한국/NNP+의/JKG+전설/NNG+이/VCP+잖아/EC+키/NNG+키/XSV+ETN"
          },
          {
            "id": 19,
            "text": "2 : 거기 가면 김광석을 배경으로 한 벽화나 음악이 길거리에 흘러나온다는데 구경하기 좋대 키키",
            "norm_text": "거기 가면 김광석을 배경으로 한 벽화나 음악이 길거리에 흘러나온다는데 구경하기 좋대 키키",
            "speaker": {
              "id": "2번",
              "sex": "남성",
              "age": "20대"
            },
            "speechAct": "(단언) 진술하기",
            "morpheme": "거기/NP+가/JKS+면/NNG+김광석/NNP+을/JKO+배경/NNG+으로/JKB+한/MM+벽화/NNG+나/JC+음악/NNG+이/JKS+길거리/NNG+에/JKB+흘러/VV+EC+나온다는데/VV+EC+구경/NNG+하/XSV+기/ETN+좋/VA+대/EF+키/NNG+키/XSV+ETN"
          },
          {
            "id": 20,
            "text": "1 : 맞아 키키 노래도 좋아하는데 한번 가긴 해야겠다",
            "norm_text": "맞아 키키 노래도 좋아하는데 한번 가긴 해야겠다",
            "speaker": {
              "id": "1번",
              "sex": "남성",
              "age": "20대"
            },
            "speechAct": "(단언) 주장하기",
            "morpheme": "맞/VV+아/EC+키/NNG+키/NNG+노래/NNG+도/JX+좋/VA+아/EC+하/VV+는데/EC+한/MM+번/NNBC+가/VV+긴/ETN+JX+해야/VX+EC+VX+겠/EP+다/EC"
          },
          {
            "id": 21,
            "text": "2 : 나도 한번 가보고 싶다 키키 친구가 강력 추천하네 키키",
            "norm_text": "나도 한번 가보고 싶다 키키 친구가 강력 추천하네 키키",
            "speaker": {
              "id": "2번",
              "sex": "남성",
              "age": "20대"
            },
            "speechAct": "(단언) 주장하기",
            "morpheme": "나/NP+도/JX+한/MM+번/NNBC+가/JKS+보/VV+고/EC+싶/VX+다키키/NNP+친구/NNG+가/JKS+강력/NNG+추천/NNG+하/XSV+네/EC+키/NNG+키/XSV+ETN"
          }
        ]
      }
    }
  ]
}