{
  "dataset": {
    "identifier": 72892,
    "name": "KAKAO_899_09_set",
    "src_path": "/data/file/cubeManager/PROJECT001/53/txt20211005152834016290/KAKAO_899_09_set/",
    "label_path": "/data/file/cubeManager/PROJECT001/53/txt20211005152834016290/KAKAO_899_09_set/",
    "category": 2,
    "type": 0
  },
  "licenses": {
    "name": "Apache License 1.0",
    "url": "http://www.apache.org/licenses/LICENSE-1.0"
  },
  "info": [
    {
      "id": 41326,
      "filename": "KAKAO_899_09.txt",
      "title": "KAKAO_899_09",
      "mediatype": "SNS",
      "medianame": "카카오톡",
      "category": "일상대화",
      "date": "2021-10-05",
      "size": 385,
      "annotations": {
        "subject": "반려동물",
        "speaker_type": "1:1",
        "size": 385,
        "word_size": 128,
        "text": "1 : 오빠야도 강아지 키우나 키키\n2 : 아니 나는 부산집에서는 도마뱀 키운다\n1 : 키키 엄마 아빠도 아심?\n2 : 응응 알지 키키 예전에는 델꼬 내려왔었다\n1 : 오 대박 다들 안 무서워 하시네 키키\n2 : 응응 누나야들이 첨에 별로 안 좋아했는데 이제는 좋아한다 키키\n1 : 오 대박 키키 나도 도마뱀은 사진으로만 봤지 실제로 안 본 듯\n2 : 생각보다 매력이 있는 친구야\n1 : 오호 키키 키운 지 꽤 됐어?\n2 : 이이 첫째는 잘 몰라서 금방 죽었고 둘째는 좀 되었지\n1 : 아 벌써 2마리째구나?\n2 : 어어 첫쨰한테 미안하지 ㅠㅠ\n1 : 헉 ㅜㅜ 진짜 보통 수명이 어느 정도 돼?\n2 : 10년에서 15년 된다고 알고 있어\n1 : 와 진짜 오래 사네 그래도\n2 : 응응 그래서 첫째가 더 미안하지 ㅠㅠ",
        "lines": [
          {
            "id": 1,
            "text": "1 : 오빠야도 강아지 키우나 키키",
            "norm_text": "오빠야도 강아지 키우나 키키",
            "speaker": {
              "id": "1번",
              "sex": "여성",
              "age": "20대"
            },
            "speechAct": "(지시) 질문하기",
            "morpheme": "오빠/NNG+야도/NNG+강아지/NNG+키우/VV+나/EC+키/NNG+키/XSV+ETN"
          },
          {
            "id": 2,
            "text": "2 : 아니 나는 부산집에서는 도마뱀 키운다",
            "norm_text": "아니 나는 부산집에서는 도마뱀 키운다",
            "speaker": {
              "id": "2번",
              "sex": "남성",
              "age": "20대"
            },
            "speechAct": "(단언) 진술하기",
            "morpheme": "아니/IC+나/NP+는/JX+부산/NNP+집/NNG+에서/JKB+는/JX+도마뱀/NNG+키운다/VV+EC"
          },
          {
            "id": 3,
            "text": "1 : 키키 엄마 아빠도 아심?",
            "norm_text": "키키 엄마 아빠도 아심?",
            "speaker": {
              "id": "1번",
              "sex": "여성",
              "age": "20대"
            },
            "speechAct": "(지시) 질문하기",
            "morpheme": "키/NNG+키/NNG+엄마/NNG+아빠/NNG+도/JX+아심/NNP"
          },
          {
            "id": 4,
            "text": "2 : 응응 알지 키키 예전에는 델꼬 내려왔었다",
            "norm_text": "응응 알지 키키 예전에는 델꼬 내려왔었다",
            "speaker": {
              "id": "2번",
              "sex": "남성",
              "age": "20대"
            },
            "speechAct": "(단언) 진술하기",
            "morpheme": "응응/MAG+알/VV+지/EC+키/NNG+키/NNG+예전/NNG+에/JKB+는/JX+델/VV+꼬/EC+내려왔었/VV+EP+다/EC"
          },
          {
            "id": 5,
            "text": "1 : 오 대박 다들 안 무서워 하시네 키키",
            "norm_text": "오 대박 다들 안 무서워 하시네 키키",
            "speaker": {
              "id": "1번",
              "sex": "여성",
              "age": "20대"
            },
            "speechAct": "(단언) 진술하기",
            "morpheme": "오대/MM+박다/NNG+들/XSN+안/MAG+무서워하/VV+시/EP+네/EF+키/NNG+키/XSV+ETN"
          },
          {
            "id": 6,
            "text": "2 : 응응 누나야들이 첨에 별로 안 좋아했는데 이제는 좋아한다 키키",
            "norm_text": "응응 누나야들이 첨에 별로 안 좋아했는데 이제는 좋아한다 키키",
            "speaker": {
              "id": "2번",
              "sex": "남성",
              "age": "20대"
            },
            "speechAct": "(단언) 진술하기",
            "morpheme": "응/IC+응/IC+누나야/NNP+들/XSN+이/JKS+첨/NNG+에/JKB+별로/MAG+안/MAG+좋/VA+아/EC+했/VX+EP+는데/EC+이제/NNG+는/JX+좋/VA+아/EC+한/VX+ETM+다키키/NNP"
          },
          {
            "id": 7,
            "text": "1 : 오 대박 키키 나도 도마뱀은 사진으로만 봤지 실제로 안 본 듯",
            "norm_text": "오 대박 키키 나도 도마뱀은 사진으로만 봤지 실제로 안 본 듯",
            "speaker": {
              "id": "1번",
              "sex": "여성",
              "age": "20대"
            },
            "speechAct": "(단언) 진술하기",
            "morpheme": "오/NR+대박/NNG+키/NNG+키나/XSA+ETN+JX+도/JX+도마뱀/NNG+은/JX+사진/NNG+으로/JKB+만/JX+봤/VV+EP+지/EF+실제로/MAG+안/MAG+본/VV+ETM+듯/NNB"
          },
          {
            "id": 8,
            "text": "2 : 생각보다 매력이 있는 친구야",
            "norm_text": "생각보다 매력이 있는 친구야",
            "speaker": {
              "id": "2번",
              "sex": "남성",
              "age": "20대"
            },
            "speechAct": "(단언) 주장하기",
            "morpheme": "생각/NNG+보다/JKB+매력/NNG+이/JKS+있/VA+는/ETM+친구/NNG+야/VCP+EF"
          },
          {
            "id": 9,
            "text": "1 : 오호 키키 키운 지 꽤 됐어?",
            "norm_text": "오호 키키 키운 지 꽤 됐어?",
            "speaker": {
              "id": "1번",
              "sex": "여성",
              "age": "20대"
            },
            "speechAct": "(지시) 질문하기",
            "morpheme": "오호/IC+키/NNG+키/XSV+ETN+키운/VV+ETM+지/NNB+꽤/MAG+됐/VV+EP+어/EF"
          },
          {
            "id": 10,
            "text": "2 : 이이 첫째는 잘 몰라서 금방 죽었고 둘째는 좀 되었지",
            "norm_text": "이이 첫째는 잘 몰라서 금방 죽었고 둘째는 좀 되었지",
            "speaker": {
              "id": "2번",
              "sex": "남성",
              "age": "20대"
            },
            "speechAct": "(단언) 진술하기",
            "morpheme": "이/NR+이/NR+첫째/NR+는/JX+잘/MAG+몰라서/VV+EC+금방/MAG+죽/VV+었/EP+고/EC+둘째/NR+는/JX+좀/MAG+되/VV+었/EP+지/EC"
          },
          {
            "id": 11,
            "text": "1 : 아 벌써 2마리째구나?",
            "norm_text": "아 벌써 2마리째구나?",
            "speaker": {
              "id": "1번",
              "sex": "여성",
              "age": "20대"
            },
            "speechAct": "(지시) 질문하기",
            "morpheme": "아/IC+벌써/MAG+2/SN+마리/NNBC+째/XSN+구나/VCP+EF"
          },
          {
            "id": 12,
            "text": "2 : 어어 첫쨰한테 미안하지 ㅠㅠ",
            "norm_text": "어어 첫쨰한테 미안하지 ㅠㅠ",
            "speaker": {
              "id": "2번",
              "sex": "남성",
              "age": "20대"
            },
            "speechAct": "(단언) 주장하기",
            "morpheme": "어/IC+어/IC+첫쨰/UNKNOWN+한테/JKB+미안/NNG+하/XSV+지/EC+ㅠㅠ/UNKNOWN"
          },
          {
            "id": 13,
            "text": "1 : 헉 ㅜㅜ 진짜 보통 수명이 어느 정도 돼?",
            "norm_text": "헉 ㅜㅜ 진짜 보통 수명이 어느 정도 돼?",
            "speaker": {
              "id": "1번",
              "sex": "여성",
              "age": "20대"
            },
            "speechAct": "(지시) 질문하기",
            "morpheme": "헉/IC+ㅜㅜ/UNKNOWN+진짜/MAG+보통/NNG+수명/NNG+이/JKS+어느/MM+정도/NNG+돼/XSV+EF"
          },
          {
            "id": 14,
            "text": "2 : 10년에서 15년 된다고 알고 있어",
            "norm_text": "10년에서 15년 된다고 알고 있어",
            "speaker": {
              "id": "2번",
              "sex": "남성",
              "age": "20대"
            },
            "speechAct": "(단언) 진술하기",
            "morpheme": "10/SN+년/NNBC+에서/JKB+15/SN+년/NNBC+된다고/VV+EC+알/VV+고/EC+있/VX+어/EC"
          },
          {
            "id": 15,
            "text": "1 : 와 진짜 오래 사네 그래도",
            "norm_text": "와 진짜 오래 사네 그래도",
            "speaker": {
              "id": "1번",
              "sex": "여성",
              "age": "20대"
            },
            "speechAct": "(단언) 주장하기",
            "morpheme": "와/IC+진짜/MAG+오래/MAG+사/VV+네/EF+그래도/MAG+XSV+EC"
          },
          {
            "id": 16,
            "text": "2 : 응응 그래서 첫째가 더 미안하지 ㅠㅠ",
            "norm_text": "응응 그래서 첫째가 더 미안하지 ㅠㅠ",
            "speaker": {
              "id": "2번",
              "sex": "남성",
              "age": "20대"
            },
            "speechAct": "(단언) 주장하기",
            "morpheme": "응/IC+응/IC+그래서/MAJ+첫째/NR+가/JKS+더/MAG+미안/NNG+하/XSV+지/EC+ㅠㅠ/UNKNOWN"
          }
        ]
      }
    }
  ]
}