{
  "dataset": {
    "identifier": 72856,
    "name": "KAKAO_905_03_set",
    "src_path": "/data/file/cubeManager/PROJECT001/53/txt20211005152851089692/KAKAO_905_03_set/",
    "label_path": "/data/file/cubeManager/PROJECT001/53/txt20211005152851089692/KAKAO_905_03_set/",
    "category": 2,
    "type": 0
  },
  "licenses": {
    "name": "Apache License 1.0",
    "url": "http://www.apache.org/licenses/LICENSE-1.0"
  },
  "info": [
    {
      "id": 41340,
      "filename": "KAKAO_905_03.txt",
      "title": "KAKAO_905_03",
      "mediatype": "SNS",
      "medianame": "카카오톡",
      "category": "일상대화",
      "date": "2021-10-05",
      "size": 307,
      "annotations": {
        "subject": "교통",
        "speaker_type": "1:1",
        "size": 307,
        "word_size": 107,
        "text": "1 : 명절이라고 차 겁나 막히네\n2 : 그니깐 차 왜 이리 많음\n1 : 키키 시내까지 얼마 걸렸어\n2 : 코로나라서 안 간다고 해도 다 가는 듯 키키\n1 : 신기하당 난 안 막힐 줄\n2 : 시내까지 오는데 40분 걸림\n1 : 그니까 이럴 때는 차 끌고 나가모 안대\n2 : 이리 가도 저리 가도 막힘\n1 : 내일 아침에도 막히려나?\n2 : 집으로 돌아갈 뻔했잖아\n1 : 세상에나 개천장 수준이구만\n2 : 아 개천장 가고 싶다\n1 : 키키 집으로 돌아갔으면 난 어떡행\n2 : 가을바람 솔솔 부니까\n1 : 나 나두 이 날씨 되면 개천장 생각나\n2 : 그니까 오늘 갑자기 쌀쌀 하하",
        "lines": [
          {
            "id": 1,
            "text": "1 : 명절이라고 차 겁나 막히네",
            "norm_text": "명절이라고 차 겁나 막히네",
            "speaker": {
              "id": "1번",
              "sex": "여성",
              "age": "30대"
            },
            "speechAct": "(단언) 주장하기",
            "morpheme": "명절/NNG+이/VCP+라고/EC+차겁/VA+나/EC+막히/VV+네/EC"
          },
          {
            "id": 2,
            "text": "2 : 그니깐 차 왜 이리 많음",
            "norm_text": "그니깐 차 왜 이리 많음",
            "speaker": {
              "id": "2번",
              "sex": "남성",
              "age": "30대"
            },
            "speechAct": "(단언) 주장하기",
            "morpheme": "그니깐/MAJ+차/NNG+왜/MAG+이리/MAG+많/VA+음/ETN"
          },
          {
            "id": 3,
            "text": "1 : 키키 시내까지 얼마 걸렸어",
            "norm_text": "키키 시내까지 얼마 걸렸어",
            "speaker": {
              "id": "1번",
              "sex": "여성",
              "age": "30대"
            },
            "speechAct": "(지시) 질문하기",
            "morpheme": "키/NNG+키/NNG+시내/NNG+까지/JX+얼마/NNG+걸렸/VV+EP+어/EC"
          },
          {
            "id": 4,
            "text": "2 : 코로나라서 안 간다고 해도 다 가는 듯 키키",
            "norm_text": "코로나라서 안 간다고 해도 다 가는 듯 키키",
            "speaker": {
              "id": "2번",
              "sex": "남성",
              "age": "30대"
            },
            "speechAct": "(단언) 진술하기",
            "morpheme": "코로나/NNG+라서/VCP+EC+안/MAG+간다고/VV+EC+해도/VV+EC+다/MAG+가/VV+는/ETM+듯/NNB+키/NNG+키/XSV+ETN"
          },
          {
            "id": 5,
            "text": "1 : 신기하당 난 안 막힐 줄",
            "norm_text": "신기하당 난 안 막힐 줄",
            "speaker": {
              "id": "1번",
              "sex": "여성",
              "age": "30대"
            },
            "speechAct": "(단언) 주장하기",
            "morpheme": "신기/XR+하/XSA+당/EF+난/NP+JX+안/MAG+막힐/VV+ETM+줄/NNB"
          },
          {
            "id": 6,
            "text": "2 : 시내까지 오는데 40분 걸림",
            "norm_text": "시내까지 오는데 40분 걸림",
            "speaker": {
              "id": "2번",
              "sex": "남성",
              "age": "30대"
            },
            "speechAct": "(단언) 진술하기",
            "morpheme": "시내/NNG+까지/JX+오/VV+는/ETM+데/NNB+40/SN+분/NNBC+걸림/VV+ETN"
          },
          {
            "id": 7,
            "text": "1 : 그니까 이럴 때는 차 끌고 나가모 안대",
            "norm_text": "그니까 이럴 때는 차 끌고 나가모 안대",
            "speaker": {
              "id": "1번",
              "sex": "여성",
              "age": "30대"
            },
            "speechAct": "(단언) 주장하기",
            "morpheme": "그니까/MAJ+이럴/VA+ETM+때/NNG+는/JX+차/NNG+끌/VV+고/EC+나가/VX+모/EC+안대/NNG"
          },
          {
            "id": 8,
            "text": "2 : 이리 가도 저리 가도 막힘",
            "norm_text": "이리 가도 저리 가도 막힘",
            "speaker": {
              "id": "2번",
              "sex": "남성",
              "age": "30대"
            },
            "speechAct": "(단언) 주장하기",
            "morpheme": "이/MM+리가/NNG+도/JX+저리/NNG+가/JKS+도막/NNG+힘/NNG"
          },
          {
            "id": 9,
            "text": "1 : 내일 아침에도 막히려나?",
            "norm_text": "내일 아침에도 막히려나?",
            "speaker": {
              "id": "1번",
              "sex": "여성",
              "age": "30대"
            },
            "speechAct": "(지시) 질문하기",
            "morpheme": "내일/MAG+아침/NNG+에/JKB+도/JX+막히/VV+려나/EF"
          },
          {
            "id": 10,
            "text": "2 : 집으로 돌아갈 뻔했잖아",
            "norm_text": "집으로 돌아갈 뻔했잖아",
            "speaker": {
              "id": "2번",
              "sex": "남성",
              "age": "30대"
            },
            "speechAct": "(단언) 진술하기",
            "morpheme": "집/NNG+으로/JKB+돌아갈/VV+ETM+뻔/NNB+했잖아/VV+EP+EC+VX+EC"
          },
          {
            "id": 11,
            "text": "1 : 세상에나 개천장 수준이구만",
            "norm_text": "세상에나 개천장 수준이구만",
            "speaker": {
              "id": "1번",
              "sex": "여성",
              "age": "30대"
            },
            "speechAct": "(단언) 주장하기",
            "morpheme": "세상/NNG+에/JKB+나/JX+개/NNG+천장/NNG+수준/NNG+이/VCP+구만/EC"
          },
          {
            "id": 12,
            "text": "2 : 아 개천장 가고 싶다",
            "norm_text": "아 개천장 가고 싶다",
            "speaker": {
              "id": "2번",
              "sex": "남성",
              "age": "30대"
            },
            "speechAct": "(단언) 주장하기",
            "morpheme": "아/IC+개천/NNG+장가/NNG+고/VCP+EC+싶/VX+다/EC"
          },
          {
            "id": 13,
            "text": "1 : 키키 집으로 돌아갔으면 난 어떡행",
            "norm_text": "키키 집으로 돌아갔으면 난 어떡행",
            "speaker": {
              "id": "1번",
              "sex": "여성",
              "age": "30대"
            },
            "speechAct": "(단언) 주장하기",
            "morpheme": "키/NNG+키/NNG+집/NNG+으로/JKB+돌아갔/VV+EP+으면/EC+난/NP+JX+어떡/XR+행/XSN"
          },
          {
            "id": 14,
            "text": "2 : 가을바람 솔솔 부니까",
            "norm_text": "가을바람 솔솔 부니까",
            "speaker": {
              "id": "2번",
              "sex": "남성",
              "age": "30대"
            },
            "speechAct": "(단언) 진술하기",
            "morpheme": "가을/NNG+바람/NNG+솔솔/MAG+부/VV+니까/EC"
          },
          {
            "id": 15,
            "text": "1 : 나 나두 이 날씨 되면 개천장 생각나",
            "norm_text": "나 나두 이 날씨 되면 개천장 생각나",
            "speaker": {
              "id": "1번",
              "sex": "여성",
              "age": "30대"
            },
            "speechAct": "(단언) 진술하기",
            "morpheme": "나/NP+나/NP+두/JX+이/MM+날씨/NNG+되/XSV+면/EC+개/NNG+천장/NNG+생각나/VV+EC"
          },
          {
            "id": 16,
            "text": "2 : 그니까 오늘 갑자기 쌀쌀 하하",
            "norm_text": "그니까 오늘 갑자기 쌀쌀 하하",
            "speaker": {
              "id": "2번",
              "sex": "남성",
              "age": "30대"
            },
            "speechAct": "(단언) 진술하기",
            "morpheme": "그니까/MAJ+오늘/MAG+갑자기/MAG+쌀쌀/XR+하/XSA+하/XSA"
          }
        ]
      }
    }
  ]
}