{
  "dataset": {
    "identifier": 56729,
    "name": "KAKAO_913_07_set",
    "src_path": "/data/file/cubeManager/PROJECT001/53/txt20211005161416012249/KAKAO_913_07_set/",
    "label_path": "/data/file/cubeManager/PROJECT001/53/txt20211005161416012249/KAKAO_913_07_set/",
    "category": 2,
    "type": 0
  },
  "licenses": {
    "name": "Apache License 1.0",
    "url": "http://www.apache.org/licenses/LICENSE-1.0"
  },
  "info": [
    {
      "id": 42004,
      "filename": "KAKAO_913_07.txt",
      "title": "KAKAO_913_07",
      "mediatype": "SNS",
      "medianame": "카카오톡",
      "category": "일상대화",
      "date": "2021-10-05",
      "size": 381,
      "annotations": {
        "subject": "가족",
        "speaker_type": "1:1",
        "size": 381,
        "word_size": 126,
        "text": "1 : 언니네 오빠는 뭐하고 지내? 키키\n2 : 우리 오빠 일개미라 나도 보기 힘들어 ㅠㅠ\n1 : 아 정말? 무슨 일 다니시는데? 키키\n2 : 품질 관리 쪽 하는 거 같아!\n1 : 오 거기 산업단지 다니셔?\n2 : 아니 오빠는 평택에 있어!\n1 : 아 경기도로 올라 오셨구나~\n2 : 웅 근데 일이 힘든가 머리가 빠져...\n1 : 헐 벌써부터 탈모빔을 맞은 거야? ㅠㅠ\n2 : 우리 집에 탈모는 없는데 처음으로 탄생했어 키키\n1 : 그러게 탈모 1세대네 키키 어쩜 좋아...\n2 : 이 대화는 오빠한테 비밀로 하자 키키\n1 : 그래... 오빠한테 좋은 거 많이 사줘\n2 : 샴푸 좋은 거 찾아서 사다 준다고 키키\n1 : 그래... 한방 샴푸가 좋다고 하긴 하더라\n2 : 웅 그래서 좋은 거 항상 찾곤 해 하하",
        "lines": [
          {
            "id": 1,
            "text": "1 : 언니네 오빠는 뭐하고 지내? 키키",
            "norm_text": "언니네 오빠는 뭐하고 지내? 키키",
            "speaker": {
              "id": "1번",
              "sex": "여성",
              "age": "20대"
            },
            "speechAct": "(지시) 질문하기",
            "morpheme": "언니네/NNP+오빠/NNG+는/JX+뭐/NP+하고/JKB+지내/VV+EF+키/NNG+키/XSV+ETN"
          },
          {
            "id": 2,
            "text": "2 : 우리 오빠 일개미라 나도 보기 힘들어 ㅠㅠ",
            "norm_text": "우리 오빠 일개미라 나도 보기 힘들어 ㅠㅠ",
            "speaker": {
              "id": "2번",
              "sex": "여성",
              "age": "20대"
            },
            "speechAct": "(단언) 주장하기",
            "morpheme": "우리/NP+오빠/NNG+일/NR+개/NNBC+미라/NNG+나/NP+도/JX+보/VV+기/ETN+힘들/VA+어/EC+ㅠㅠ/UNKNOWN"
          },
          {
            "id": 3,
            "text": "1 : 아 정말? 무슨 일 다니시는데? 키키",
            "norm_text": "아 정말? 무슨 일 다니시는데? 키키",
            "speaker": {
              "id": "1번",
              "sex": "여성",
              "age": "20대"
            },
            "speechAct": "(지시) 질문하기",
            "morpheme": "아/IC+정말/MAG+무슨/MM+일/NNG+다니/VV+시/EP+는데/EC+?/SY+키/NNG+키/XSV+ETN"
          },
          {
            "id": 4,
            "text": "2 : 품질 관리 쪽 하는 거 같아!",
            "norm_text": "품질 관리 쪽 하는 거 같아!",
            "speaker": {
              "id": "2번",
              "sex": "여성",
              "age": "20대"
            },
            "speechAct": "(단언) 진술하기",
            "morpheme": "품질/NNG+관리/NNG+쪽/NNB+하/VV+는/ETM+거/NNB+같/VA+아/EF"
          },
          {
            "id": 5,
            "text": "1 : 오 거기 산업단지 다니셔?",
            "norm_text": "오 거기 산업단지 다니셔?",
            "speaker": {
              "id": "1번",
              "sex": "여성",
              "age": "20대"
            },
            "speechAct": "(지시) 질문하기",
            "morpheme": "오/IC+거기/NP+산업/NNG+단지/MAG+다니/VV+셔/EP+EF"
          },
          {
            "id": 6,
            "text": "2 : 아니 오빠는 평택에 있어!",
            "norm_text": "아니 오빠는 평택에 있어!",
            "speaker": {
              "id": "2번",
              "sex": "여성",
              "age": "20대"
            },
            "speechAct": "(단언) 진술하기",
            "morpheme": "아니/IC+오빠/NNG+는/JX+평택/NNP+에/JKB+있/VV+어/EF"
          },
          {
            "id": 7,
            "text": "1 : 아 경기도로 올라 오셨구나~",
            "norm_text": "아 경기도로 올라 오셨구나~",
            "speaker": {
              "id": "1번",
              "sex": "여성",
              "age": "20대"
            },
            "speechAct": "(지시) 질문하기",
            "morpheme": "아/IC+경기도/NNP+로/JKB+올라오/VV+셨/EP+EP+구나/EF+~/SY"
          },
          {
            "id": 8,
            "text": "2 : 웅 근데 일이 힘든가 머리가 빠져...",
            "norm_text": "웅 근데 일이 힘든가 머리가 빠져...",
            "speaker": {
              "id": "2번",
              "sex": "여성",
              "age": "20대"
            },
            "speechAct": "(단언) 진술하기",
            "morpheme": "웅/IC+근데/MAJ+일/NNG+이/JKS+힘든가/VA+EC+머리/NNG+가/JKS+빠져/VV+EF+./SY"
          },
          {
            "id": 9,
            "text": "1 : 헐 벌써부터 탈모빔을 맞은 거야? ㅠㅠ",
            "norm_text": "헐 벌써부터 탈모빔을 맞은 거야? ㅠㅠ",
            "speaker": {
              "id": "1번",
              "sex": "여성",
              "age": "20대"
            },
            "speechAct": "(지시) 질문하기",
            "morpheme": "헐/IC+벌써/MAG+부터/JX+탈모/NNG+빔/NNG+을/JKO+맞/VV+은/ETM+거/NNB+야/VCP+EF+ㅠㅠ/UNKNOWN"
          },
          {
            "id": 10,
            "text": "2 : 우리 집에 탈모는 없는데 처음으로 탄생했어 키키",
            "norm_text": "우리 집에 탈모는 없는데 처음으로 탄생했어 키키",
            "speaker": {
              "id": "2번",
              "sex": "여성",
              "age": "20대"
            },
            "speechAct": "(단언) 주장하기",
            "morpheme": "우리/NP+집/NNG+에/JKB+탈모/NNG+는/JX+없/VA+는데/EC+처음/NNG+으로/JKB+탄생/NNG+했/XSV+EP+어/EC+키/NNG+키/XSV+ETN"
          },
          {
            "id": 11,
            "text": "1 : 그러게 탈모 1세대네 키키 어쩜 좋아...",
            "norm_text": "그러게 탈모 1세대네 키키 어쩜 좋아...",
            "speaker": {
              "id": "1번",
              "sex": "여성",
              "age": "20대"
            },
            "speechAct": "(단언) 주장하기",
            "morpheme": "그러/VV+게/EC+탈모/NNG+1/SN+세대/NNG+네/XSN+키/NNG+키/XSV+ETN+어쩜/MAJ+좋/VA+아/EF+./SY"
          },
          {
            "id": 12,
            "text": "2 : 이 대화는 오빠한테 비밀로 하자 키키",
            "norm_text": "이 대화는 오빠한테 비밀로 하자 키키",
            "speaker": {
              "id": "2번",
              "sex": "여성",
              "age": "20대"
            },
            "speechAct": "(지시) 충고/제안하기",
            "morpheme": "이/MM+대화/NNG+는/JX+오빠/NNG+한테/JKB+비밀/NNG+로/JKB+하/VV+자/EC+키/NNG+키/XSV+ETN"
          },
          {
            "id": 13,
            "text": "1 : 그래... 오빠한테 좋은 거 많이 사줘",
            "norm_text": "그래... 오빠한테 좋은 거 많이 사줘",
            "speaker": {
              "id": "1번",
              "sex": "여성",
              "age": "20대"
            },
            "speechAct": "(지시) 충고/제안하기",
            "morpheme": "그래/IC+./SY+오빠/NNG+한테/JKB+좋/VA+은/ETM+거/NNB+많이/MAG+사/VV+줘/EC+VV+EC"
          },
          {
            "id": 14,
            "text": "2 : 샴푸 좋은 거 찾아서 사다 준다고 키키",
            "norm_text": "샴푸 좋은 거 찾아서 사다 준다고 키키",
            "speaker": {
              "id": "2번",
              "sex": "여성",
              "age": "20대"
            },
            "speechAct": "(단언) 주장하기",
            "morpheme": "샴푸/NNG+좋/VA+은/ETM+거/NNB+찾/VV+아서/EC+사/VV+다/EC+준다고/VX+EC+키/NNG+키/XSV+ETN"
          },
          {
            "id": 15,
            "text": "1 : 그래... 한방 샴푸가 좋다고 하긴 하더라",
            "norm_text": "그래... 한방 샴푸가 좋다고 하긴 하더라",
            "speaker": {
              "id": "1번",
              "sex": "여성",
              "age": "20대"
            },
            "speechAct": "(단언) 진술하기",
            "morpheme": "그래/IC+./SY+한방/NNG+샴푸/NNG+가/JKS+좋/VA+다고/EC+하/VV+긴/ETN+JX+하/VX+더라/EC"
          },
          {
            "id": 16,
            "text": "2 : 웅 그래서 좋은 거 항상 찾곤 해 하하",
            "norm_text": "웅 그래서 좋은 거 항상 찾곤 해 하하",
            "speaker": {
              "id": "2번",
              "sex": "여성",
              "age": "20대"
            },
            "speechAct": "(단언) 주장하기",
            "morpheme": "웅/IC+그래서/MAJ+좋/VA+은/ETM+거/NNB+항상/MAG+찾/VV+곤/EC+해하/NNG+하/XSV"
          }
        ]
      }
    }
  ]
}