{
  "dataset": {
    "identifier": 76752,
    "name": "KAKAO_904_09_set",
    "src_path": "/data/file/cubeManager/PROJECT001/53/txt20211005153330079888/KAKAO_904_09_set/",
    "label_path": "/data/file/cubeManager/PROJECT001/53/txt20211005153330079888/KAKAO_904_09_set/",
    "category": 2,
    "type": 0
  },
  "licenses": {
    "name": "Apache License 1.0",
    "url": "http://www.apache.org/licenses/LICENSE-1.0"
  },
  "info": [
    {
      "id": 41406,
      "filename": "KAKAO_904_09.txt",
      "title": "KAKAO_904_09",
      "mediatype": "SNS",
      "medianame": "카카오톡",
      "category": "일상대화",
      "date": "2021-10-05",
      "size": 1153,
      "annotations": {
        "subject": "반려동물",
        "speaker_type": "다자간 대화",
        "size": 1153,
        "word_size": 379,
        "text": "1 : 난 우선 같이 고양이 키울 수 있는 사람이여야 해\n2 : 키키 동물 싫어하면 정 떨어질 듯 ㅜ\n3 : 헐 * 너무한 거 아니냐 사람마다 선호도가 다른데 ㅠ\n1 : 키키 쟤 선호도 다른가 보지\n1 : 동물 싫어하는 사람 비선호일 수도 있찌 뭐\n2 : 키키 맞아...\n2 : 나도 사실 안 만나봐서 모르겠지만 같은 걸 좋아하면 좋잖아 호\n3 : 정떨까지라니 ㅠㅠ\n3 : 근데 약간 그 사람이 동물을 사랑하면 따듯할 거 같긴 해\n1 : 맞앙\n1 : 난 평생 고양이랑 강아지 키우면서 살았어서 없는 삶 상상 안돼\n2 : 웅 맞아\n2 : 나도 동물에만 미쳐있는 건 싫어\n2 : 키우진 못해도 좋아해줬으면 좋겠다\n3 : 근데 너네 애니멀 호더가 뭔지 아냐\n1 : 그게 뭐야 ?\n1 : 너 되게 유식하다\n1 : 말하는 것마다 나는 처음 들어봐\n2 : 헐 몰라\n2 : 그게 뭐야\n2 : 좀 무서운 이름이네\n3 : 버려진 유기견, 유기묘들을 불쌍하다고 하나 둘씩 집에 데려와서 키우는 건데 상식적으로 그런 애들이 우리나라에 한두 마리도 아니고 집에서 방치되는 거지\n1 : 아 인정.\n1 : 그건 오히려 책임감 없는 행동\n2 : 아... 헐... 뭐야\n2 : 알 거 같아...\n3 : 그런 애들은 목적은 보호로 데려와 놓고 나중에는 보호해야 해서 꺼내가야 되는 아이러니한 상황이 된다\n1 : 외모지상주의 웹툰에서 옛날에 그런 에피소드 다뤘던 것 같은데.\n1 : 진짜 집에 몇 십 마리의 동물들이 결국 방치돼가지고\n2 : 그럼 몇 마리 정도 돼야 애니멀 호더라고 부르는 겨?\n3 : 그런 사람들은 거의 열 몇 마리 이상?\n3 : 거의 보호소 만큼\n1 : 그 웹툰에 나와있는 건 진짜 삼 사십 마리?\n1 : 이런 데 원룸 같은 방 하나 있는 집에서 사는 거 였어\n2 : 키키 웹툰이니까...\n2 : 아 근데 진짜 내가 아는 사람 중에서도 비슷한 사람 있는 듯...\n2 : 방치는 아니긴 한데 솔직히 10마리 이상 키우는 거 진짜 쉽지 않은 듯\n2 : 병원비만 몇 백 쓰고 맨날 병원 데리고 가서 링거 맞음 ㅠㅠ ㅜ 노묘들...\n2 : 그래도 잘 키우는 거 같진 않음... ㅠㅠ\n3 : 그거 책임질 수 있는 거면 오히려 멋있는 건데 아닌 건 진짜, 후\n1 : 솔직히 한 마리를 데려와도 죽을 때까지 책임진다는 게 얼마나 어려운 건데\n2 : 웅... 그래도 진짜 10마리 이상 돌보는 건 보통일은 아닌 듯\n3 : 5마리만 돼도 이름 까먹을 거 같아 나는",
        "lines": [
          {
            "id": 1,
            "text": "1 : 난 우선 같이 고양이 키울 수 있는 사람이여야 해",
            "norm_text": "난 우선 같이 고양이 키울 수 있는 사람이여야 해",
            "speaker": {
              "id": "1번",
              "sex": "여성",
              "age": "20대"
            },
            "speechAct": "(단언) 주장하기",
            "morpheme": "난/NP+JX+우선/MAG+같이/MAG+고양이/NNG+키울/VV+ETM+수/NNB+있/VV+는/ETM+사람/NNG+이/VCP+여야/EC+해/VV+EC"
          },
          {
            "id": 2,
            "text": "2 : 키키 동물 싫어하면 정 떨어질 듯 ㅜ",
            "norm_text": "키키 동물 싫어하면 정 떨어질 듯 ㅜ",
            "speaker": {
              "id": "2번",
              "sex": "여성",
              "age": "20대"
            },
            "speechAct": "(단언) 주장하기",
            "morpheme": "키/NNG+키/NNG+동물/NNG+싫/VA+어/EC+하/VV+면/EC+정떨어질/VV+ETM+듯ㅜ/UNKNOWN"
          },
          {
            "id": 3,
            "text": "3 : 헐 * 너무한 거 아니냐 사람마다 선호도가 다른데 ㅠ",
            "norm_text": "헐 * 너무한 거 아니냐 사람마다 선호도가 다른데 ㅠ",
            "speaker": {
              "id": "3번",
              "sex": "여성",
              "age": "20대"
            },
            "speechAct": "(단언) 주장하기",
            "morpheme": "헐/NNP+*/SY+너무한거아니냐사람마다선호도가다른데ㅠ/UNKNOWN"
          },
          {
            "id": 4,
            "text": "1 : 키키 쟤 선호도 다른가 보지",
            "norm_text": "키키 쟤 선호도 다른가 보지",
            "speaker": {
              "id": "1번",
              "sex": "여성",
              "age": "20대"
            },
            "speechAct": "(단언) 진술하기",
            "morpheme": "키/NNG+키/XSV+ETN+쟤/NP+선호/NNG+도/JX+다른가/VA+EC+보/VX+지/EC"
          },
          {
            "id": 5,
            "text": "1 : 동물 싫어하는 사람 비선호일 수도 있찌 뭐",
            "norm_text": "동물 싫어하는 사람 비선호일 수도 있찌 뭐",
            "speaker": {
              "id": "1번",
              "sex": "여성",
              "age": "20대"
            },
            "speechAct": "(단언) 주장하기",
            "morpheme": "동물/NNG+싫/VA+어/EC+하/VV+는/ETM+사람/NNG+비/XPN+선호/NNG+일/VCP+ETM+수/NNB+도/JX+있/VA+찌/MAG+뭐/IC"
          },
          {
            "id": 6,
            "text": "2 : 키키 맞아...",
            "norm_text": "키키 맞아...",
            "speaker": {
              "id": "2번",
              "sex": "여성",
              "age": "20대"
            },
            "speechAct": "(단언) 주장하기",
            "morpheme": "키/NNG+키/XSV+ETN+맞/VV+아/EF+./SY"
          },
          {
            "id": 7,
            "text": "2 : 나도 사실 안 만나봐서 모르겠지만 같은 걸 좋아하면 좋잖아 호",
            "norm_text": "나도 사실 안 만나봐서 모르겠지만 같은 걸 좋아하면 좋잖아 호",
            "speaker": {
              "id": "2번",
              "sex": "여성",
              "age": "20대"
            },
            "speechAct": "(단언) 주장하기",
            "morpheme": "나/NP+도/JX+사실/MAG+안/MAG+만나/VV+EC+봐서/VV+EC+모르/VV+겠/EP+지만/EC+같/VA+은/ETM+걸/NNB+JKO+좋/VA+아/EC+하/VV+면/EC+좋/VA+잖/EC+아호/NNG"
          },
          {
            "id": 8,
            "text": "3 : 정떨까지라니 ㅠㅠ",
            "norm_text": "정떨까지라니 ㅠㅠ",
            "speaker": {
              "id": "3번",
              "sex": "여성",
              "age": "20대"
            },
            "speechAct": "(단언) 진술하기",
            "morpheme": "정떨까지라니ㅠㅠ/UNKNOWN"
          },
          {
            "id": 9,
            "text": "3 : 근데 약간 그 사람이 동물을 사랑하면 따듯할 거 같긴 해",
            "norm_text": "근데 약간 그 사람이 동물을 사랑하면 따듯할 거 같긴 해",
            "speaker": {
              "id": "3번",
              "sex": "여성",
              "age": "20대"
            },
            "speechAct": "(단언) 주장하기",
            "morpheme": "근데/MAJ+약간/MAG+그/MM+사람/NNG+이/JKS+동물/NNG+을/JKO+사랑/NNG+하/XSV+면/EC+따듯/XR+할/XSA+ETM+거/NNB+같/VA+긴/ETN+JX+해/VX+EC"
          },
          {
            "id": 10,
            "text": "1 : 맞앙",
            "norm_text": "맞앙",
            "speaker": {
              "id": "1번",
              "sex": "여성",
              "age": "20대"
            },
            "speechAct": "(단언) 주장하기",
            "morpheme": "맞/VV+앙/EC"
          },
          {
            "id": 11,
            "text": "1 : 난 평생 고양이랑 강아지 키우면서 살았어서 없는 삶 상상 안돼",
            "norm_text": "난 평생 고양이랑 강아지 키우면서 살았어서 없는 삶 상상 안돼",
            "speaker": {
              "id": "1번",
              "sex": "여성",
              "age": "20대"
            },
            "speechAct": "(단언) 주장하기",
            "morpheme": "난/NP+JX+평생/NNG+고양이/NNG+랑/JKB+강아지/NNG+키우/VV+면서/EC+살/VV+았/EP+어서/EC+없/VA+는/ETM+삶/NNG+상상/NNG+안/MAG+돼/VV+EC"
          },
          {
            "id": 12,
            "text": "2 : 웅 맞아",
            "norm_text": "웅 맞아",
            "speaker": {
              "id": "2번",
              "sex": "여성",
              "age": "20대"
            },
            "speechAct": "(단언) 주장하기",
            "morpheme": "웅/MAG+맞/VV+아/EC"
          },
          {
            "id": 13,
            "text": "2 : 나도 동물에만 미쳐있는 건 싫어",
            "norm_text": "나도 동물에만 미쳐있는 건 싫어",
            "speaker": {
              "id": "2번",
              "sex": "여성",
              "age": "20대"
            },
            "speechAct": "(단언) 주장하기",
            "morpheme": "나/NP+도/JX+동물/NNG+에/JKB+만/JX+미쳐/VV+EC+있/VX+는/ETM+건/NNB+JX+싫/VA+어/EC"
          },
          {
            "id": 14,
            "text": "2 : 키우진 못해도 좋아해줬으면 좋겠다",
            "norm_text": "키우진 못해도 좋아해줬으면 좋겠다",
            "speaker": {
              "id": "2번",
              "sex": "여성",
              "age": "20대"
            },
            "speechAct": "(단언) 주장하기",
            "morpheme": "키우/VV+진/EC+JX+못/MAG+해도/VV+EC+좋아해/VV+EC+줬/VX+EP+으면/EC+좋/VA+겠/EP+다/EC"
          },
          {
            "id": 15,
            "text": "3 : 근데 너네 애니멀 호더가 뭔지 아냐",
            "norm_text": "근데 너네 애니멀 호더가 뭔지 아냐",
            "speaker": {
              "id": "3번",
              "sex": "여성",
              "age": "20대"
            },
            "speechAct": "(지시) 질문하기",
            "morpheme": "근데/MAJ+너/NP+네/XSN+애니멀/NNP+호더/NNP+가/JKS+뭔지/NP+VCP+EC+아냐/VCN+EC"
          },
          {
            "id": 16,
            "text": "1 : 그게 뭐야 ?",
            "norm_text": "그게 뭐야 ?",
            "speaker": {
              "id": "1번",
              "sex": "여성",
              "age": "20대"
            },
            "speechAct": "(지시) 질문하기",
            "morpheme": "그게/NP+JKS+뭐/NP+야/VCP+EF"
          },
          {
            "id": 17,
            "text": "1 : 너 되게 유식하다",
            "norm_text": "너 되게 유식하다",
            "speaker": {
              "id": "1번",
              "sex": "여성",
              "age": "20대"
            },
            "speechAct": "(단언) 주장하기",
            "morpheme": "너/NP+되게/MAG+유식/NNG+하/XSV+다/EC"
          },
          {
            "id": 18,
            "text": "1 : 말하는 것마다 나는 처음 들어봐",
            "norm_text": "말하는 것마다 나는 처음 들어봐",
            "speaker": {
              "id": "1번",
              "sex": "여성",
              "age": "20대"
            },
            "speechAct": "(단언) 주장하기",
            "morpheme": "말/NNG+하/XSV+는/ETM+것/NNB+마다/JX+나/NP+는/JX+처음/MAG+들/VV+어/EC+봐/VX+EC"
          },
          {
            "id": 19,
            "text": "2 : 헐 몰라",
            "norm_text": "헐 몰라",
            "speaker": {
              "id": "2번",
              "sex": "여성",
              "age": "20대"
            },
            "speechAct": "(단언) 주장하기",
            "morpheme": "헐/VV+JKO+몰라/VV+EC"
          },
          {
            "id": 20,
            "text": "2 : 그게 뭐야",
            "norm_text": "그게 뭐야",
            "speaker": {
              "id": "2번",
              "sex": "여성",
              "age": "20대"
            },
            "speechAct": "(지시) 질문하기",
            "morpheme": "그게/NP+JKS+뭐/NP+야/VCP+EF"
          },
          {
            "id": 21,
            "text": "2 : 좀 무서운 이름이네",
            "norm_text": "좀 무서운 이름이네",
            "speaker": {
              "id": "2번",
              "sex": "여성",
              "age": "20대"
            },
            "speechAct": "(단언) 주장하기",
            "morpheme": "좀/MAG+무서운/VA+ETM+이름/NNG+이/VCP+네/EC"
          },
          {
            "id": 22,
            "text": "3 : 버려진 유기견, 유기묘들을 불쌍하다고 하나 둘씩 집에 데려와서 키우는 건데 상식적으로 그런 애들이 우리나라에 한두 마리도 아니고 집에서 방치되는 거지",
            "norm_text": "버려진 유기견, 유기묘들을 불쌍하다고 하나 둘씩 집에 데려와서 키우는 건데 상식적으로 그런 애들이 우리나라에 한두 마리도 아니고 집에서 방치되는 거지",
            "speaker": {
              "id": "3번",
              "sex": "여성",
              "age": "20대"
            },
            "speechAct": "(단언) 진술하기",
            "morpheme": "버려/VV+EC+진유/NNG+기견/NNG+,/SC+유기/NNG+묘/NNG+들/XSN+을/JKO+불쌍/XR+하/XSA+다고/EC+하나/NR+둘/NR+씩/XSN+집/NNG+에/JKB+데려와서/VV+EC+키우/VV+는/ETM+건데/NNB+VCP+EC+상식/NNG+적/XSN+으로/JKB+그런/MM+애/NNG+들/XSN+이/JKS+우리/NP+나라/NNG+에/JKB+한두/MM+마리/NNBC+도/JX+아니/VCN+고/EC+집/NNG+에서/JKB+방치/NNG+되/XSV+는/ETM+거/NNB+지/VCP+EC"
          },
          {
            "id": 23,
            "text": "1 : 아 인정.",
            "norm_text": "아 인정.",
            "speaker": {
              "id": "1번",
              "sex": "여성",
              "age": "20대"
            },
            "speechAct": "(단언) 주장하기",
            "morpheme": "아/IC+인정/NNG"
          },
          {
            "id": 24,
            "text": "1 : 그건 오히려 책임감 없는 행동",
            "norm_text": "그건 오히려 책임감 없는 행동",
            "speaker": {
              "id": "1번",
              "sex": "여성",
              "age": "20대"
            },
            "speechAct": "(단언) 주장하기",
            "morpheme": "그건/NP+JX+오히려/MAJ+책임/NNG+감/XSN+없/VA+는/ETM+행동/NNG"
          },
          {
            "id": 25,
            "text": "2 : 아... 헐... 뭐야",
            "norm_text": "아... 헐... 뭐야",
            "speaker": {
              "id": "2번",
              "sex": "여성",
              "age": "20대"
            },
            "speechAct": "(단언) 주장하기",
            "morpheme": "아/IC+./SY+헐/IC+./SY+뭐/NP+야/VCP+EF"
          },
          {
            "id": 26,
            "text": "2 : 알 거 같아...",
            "norm_text": "알 거 같아...",
            "speaker": {
              "id": "2번",
              "sex": "여성",
              "age": "20대"
            },
            "speechAct": "(단언) 주장하기",
            "morpheme": "알/VV+ETM+거/NNB+같/VA+아/EF+./SY"
          },
          {
            "id": 27,
            "text": "3 : 그런 애들은 목적은 보호로 데려와 놓고 나중에는 보호해야 해서 꺼내가야 되는 아이러니한 상황이 된다",
            "norm_text": "그런 애들은 목적은 보호로 데려와 놓고 나중에는 보호해야 해서 꺼내가야 되는 아이러니한 상황이 된다",
            "speaker": {
              "id": "3번",
              "sex": "여성",
              "age": "20대"
            },
            "speechAct": "(단언) 진술하기",
            "morpheme": "그런/MM+애/NNG+들/XSN+은/JX+목적/NNG+은/JX+보호/NNG+로/JKB+데려와/VV+EC+VX+EC+놓/VX+고/EC+나중/NNG+에/JKB+는/JX+보호/NNG+해야/XSV+EC+해서/VV+EC+꺼내/VV+EC+가/VX+야/EC+되/VV+는/ETM+아이러니/NNG+한/XSA+ETM+상황/NNG+이/JKS+된다/VV+EC"
          },
          {
            "id": 28,
            "text": "1 : 외모지상주의 웹툰에서 옛날에 그런 에피소드 다뤘던 것 같은데.",
            "norm_text": "외모지상주의 웹툰에서 옛날에 그런 에피소드 다뤘던 것 같은데.",
            "speaker": {
              "id": "1번",
              "sex": "여성",
              "age": "20대"
            },
            "speechAct": "(단언) 진술하기",
            "morpheme": "외모/NNG+지상주의/NNG+웹툰/NNP+에서/JKB+옛날/NNG+에/JKB+그런/MM+에피소드/NNG+다뤘/VV+EP+던/ETM+것/NNB+같/VA+은데/EF"
          },
          {
            "id": 29,
            "text": "1 : 진짜 집에 몇 십 마리의 동물들이 결국 방치돼가지고",
            "norm_text": "진짜 집에 몇 십 마리의 동물들이 결국 방치돼가지고",
            "speaker": {
              "id": "1번",
              "sex": "여성",
              "age": "20대"
            },
            "speechAct": "(단언) 진술하기",
            "morpheme": "진짜/MAG+집/NNG+에/JKB+몇/MM+십/NR+마리/NNBC+의/JKG+동물/NNG+들/XSN+이/JKS+결국/MAG+방치/NNG+돼/XSV+EC+가지/VX+고/EC"
          },
          {
            "id": 30,
            "text": "2 : 그럼 몇 마리 정도 돼야 애니멀 호더라고 부르는 겨?",
            "norm_text": "그럼 몇 마리 정도 돼야 애니멀 호더라고 부르는 겨?",
            "speaker": {
              "id": "2번",
              "sex": "여성",
              "age": "20대"
            },
            "speechAct": "(지시) 질문하기",
            "morpheme": "그럼/MAJ+몇/MM+마리/NNBC+정도/NNG+돼야/XSV+EC+애니멀/NNP+호더/NNP+라고/VCP+EC+부르/VV+는겨/EF"
          },
          {
            "id": 31,
            "text": "3 : 그런 사람들은 거의 열 몇 마리 이상?",
            "norm_text": "그런 사람들은 거의 열 몇 마리 이상?",
            "speaker": {
              "id": "3번",
              "sex": "여성",
              "age": "20대"
            },
            "speechAct": "(지시) 질문하기",
            "morpheme": "그런/MM+사람/NNG+들/XSN+은/JX+거의/MAG+열/NR+몇/MM+마리/NNBC+이상/NNG"
          },
          {
            "id": 32,
            "text": "3 : 거의 보호소 만큼",
            "norm_text": "거의 보호소 만큼",
            "speaker": {
              "id": "3번",
              "sex": "여성",
              "age": "20대"
            },
            "speechAct": "(단언) 진술하기",
            "morpheme": "거의/MAG+보호/NNG+소/NNG+만큼/JKB"
          },
          {
            "id": 33,
            "text": "1 : 그 웹툰에 나와있는 건 진짜 삼 사십 마리?",
            "norm_text": "그 웹툰에 나와있는 건 진짜 삼 사십 마리?",
            "speaker": {
              "id": "1번",
              "sex": "여성",
              "age": "20대"
            },
            "speechAct": "(단언) 진술하기",
            "morpheme": "그/MM+웹툰/NNP+에/JKB+나와/VV+EC+있/VX+는/ETM+건/NNB+JX+진짜/MAG+삼/NR+사/NR+십/NR+마리/NNBC"
          },
          {
            "id": 34,
            "text": "1 : 이런 데 원룸 같은 방 하나 있는 집에서 사는 거 였어",
            "norm_text": "이런 데 원룸 같은 방 하나 있는 집에서 사는 거 였어",
            "speaker": {
              "id": "1번",
              "sex": "여성",
              "age": "20대"
            },
            "speechAct": "(단언) 진술하기",
            "morpheme": "이런/MM+데/NNB+원룸/NNG+같/VA+은/ETM+방/NNG+하/XSV+나/EC+있/VX+는/ETM+집/NNG+에서/JKB+사/VV+는/ETM+거/NNB+였/VCP+EP+어/EC"
          },
          {
            "id": 35,
            "text": "2 : 키키 웹툰이니까...",
            "norm_text": "키키 웹툰이니까...",
            "speaker": {
              "id": "2번",
              "sex": "여성",
              "age": "20대"
            },
            "speechAct": "(단언) 주장하기",
            "morpheme": "키키/NNP+웹툰/NNP+이/VCP+니까/EC+./SY+./SY"
          },
          {
            "id": 36,
            "text": "2 : 아 근데 진짜 내가 아는 사람 중에서도 비슷한 사람 있는 듯...",
            "norm_text": "아 근데 진짜 내가 아는 사람 중에서도 비슷한 사람 있는 듯...",
            "speaker": {
              "id": "2번",
              "sex": "여성",
              "age": "20대"
            },
            "speechAct": "(단언) 진술하기",
            "morpheme": "아/IC+근데/MAJ+진짜/MAG+내/NP+가/JKS+아/VV+는/ETM+사람/NNG+중/NNB+에서/JKB+도/JX+비슷/XR+한/XSA+ETM+사람/NNG+있/VA+는/ETM+듯/NNB+./SY"
          },
          {
            "id": 37,
            "text": "2 : 방치는 아니긴 한데 솔직히 10마리 이상 키우는 거 진짜 쉽지 않은 듯",
            "norm_text": "방치는 아니긴 한데 솔직히 10마리 이상 키우는 거 진짜 쉽지 않은 듯",
            "speaker": {
              "id": "2번",
              "sex": "여성",
              "age": "20대"
            },
            "speechAct": "(단언) 주장하기",
            "morpheme": "방치/NNG+는/JX+아니/VCN+긴/ETN+JX+한데/VX+EC+솔직히/MAG+10/SN+마리/NNBC+이상/NNG+키우/VV+는/ETM+거/NNB+진짜/MAG+쉽/VA+지/EC+않/VX+은/ETM+듯/NNB"
          },
          {
            "id": 38,
            "text": "2 : 병원비만 몇 백 쓰고 맨날 병원 데리고 가서 링거 맞음 ㅠㅠ ㅜ 노묘들...",
            "norm_text": "병원비만 몇 백 쓰고 맨날 병원 데리고 가서 링거 맞음 ㅠㅠ ㅜ 노묘들...",
            "speaker": {
              "id": "2번",
              "sex": "여성",
              "age": "20대"
            },
            "speechAct": "(단언) 진술하기",
            "morpheme": "병원비만몇백쓰고맨날병원데리고가서링거맞음ㅠㅠㅜ노묘들/UNKNOWN+./SY"
          },
          {
            "id": 39,
            "text": "2 : 그래도 잘 키우는 거 같진 않음... ㅠㅠ",
            "norm_text": "그래도 잘 키우는 거 같진 않음... ㅠㅠ",
            "speaker": {
              "id": "2번",
              "sex": "여성",
              "age": "20대"
            },
            "speechAct": "(단언) 진술하기",
            "morpheme": "그래도/MAJ+잘/MAG+키우/VV+는/ETM+거/NNB+같/VA+진/EC+JX+않/VX+음/ETN+./SY+ㅠㅠ/UNKNOWN"
          },
          {
            "id": 40,
            "text": "3 : 그거 책임질 수 있는 거면 오히려 멋있는 건데 아닌 건 진짜, 후",
            "norm_text": "그거 책임질 수 있는 거면 오히려 멋있는 건데 아닌 건 진짜, 후",
            "speaker": {
              "id": "3번",
              "sex": "여성",
              "age": "20대"
            },
            "speechAct": "(단언) 진술하기",
            "morpheme": "그거/NP+책임질/VV+ETM+수/NNB+있/VV+는/ETM+거/NNB+면/VCP+EC+오히려/MAJ+멋있/VA+는/ETM+건데/NNB+VCP+EC+아닌/VCN+ETM+건/NNB+JX+진짜/MAG+,/SC+후/NNG"
          },
          {
            "id": 41,
            "text": "1 : 솔직히 한 마리를 데려와도 죽을 때까지 책임진다는 게 얼마나 어려운 건데",
            "norm_text": "솔직히 한 마리를 데려와도 죽을 때까지 책임진다는 게 얼마나 어려운 건데",
            "speaker": {
              "id": "1번",
              "sex": "여성",
              "age": "20대"
            },
            "speechAct": "(단언) 주장하기",
            "morpheme": "솔직히/MAG+한/MM+마리/NNBC+를/JKO+데려와/VV+EC+VX+EC+도/JX+죽/VV+을/ETM+때/NNG+까지/JX+책임진다는/VV+ETM+게/NNB+JKS+얼마나/MAG+어려운/VA+ETM+건데/NNB+VCP+EC"
          },
          {
            "id": 42,
            "text": "2 : 웅... 그래도 진짜 10마리 이상 돌보는 건 보통일은 아닌 듯",
            "norm_text": "웅... 그래도 진짜 10마리 이상 돌보는 건 보통일은 아닌 듯",
            "speaker": {
              "id": "2번",
              "sex": "여성",
              "age": "20대"
            },
            "speechAct": "(단언) 진술하기",
            "morpheme": "웅/IC+./SY+그래도/MAJ+진짜/MAG+10/SN+마리/NNBC+이상/NNG+돌보/VV+는/ETM+건보/NNG+통일/NNG+은/JX+아닌/VCN+ETM+듯/NNB"
          },
          {
            "id": 43,
            "text": "3 : 5마리만 돼도 이름 까먹을 거 같아 나는",
            "norm_text": "5마리만 돼도 이름 까먹을 거 같아 나는",
            "speaker": {
              "id": "3번",
              "sex": "여성",
              "age": "20대"
            },
            "speechAct": "(단언) 주장하기",
            "morpheme": "5/SN+마리/NNBC+만/JX+돼도/VV+EC+이름/NNG+까먹/VV+을/ETM+거/NNB+같/VA+아/EC+나/VX+는/ETM"
          }
        ]
      }
    }
  ]
}