{
  "dataset": {
    "identifier": 63336,
    "name": "KAKAO_914_10_set",
    "src_path": "/data/file/cubeManager/PROJECT001/53/txt20211005161430076323/KAKAO_914_10_set/",
    "label_path": "/data/file/cubeManager/PROJECT001/53/txt20211005161430076323/KAKAO_914_10_set/",
    "category": 2,
    "type": 0
  },
  "licenses": {
    "name": "Apache License 1.0",
    "url": "http://www.apache.org/licenses/LICENSE-1.0"
  },
  "info": [
    {
      "id": 42027,
      "filename": "KAKAO_914_10.txt",
      "title": "KAKAO_914_10",
      "mediatype": "SNS",
      "medianame": "카카오톡",
      "category": "일상대화",
      "date": "2021-10-05",
      "size": 455,
      "annotations": {
        "subject": "스포츠/레저",
        "speaker_type": "1:1",
        "size": 455,
        "word_size": 157,
        "text": "1 : 야구는 좀 보는 편임?\n2 : 아니 키키 주변에 야빠들이 많아서 오히려 반발심이...\n1 : 키키 아 진짜? 왜 그렇노\n2 : 키키 다들 야구 보면 욕하던데 키키 절레절레\n1 : 키키 맞아 나도 잘 안 봄\n2 : 키키 야구 보면 사람 성격 바뀌는 거... 그거 참...\n1 : 키키 정말 막 욕하고 그러지\n2 : 키키 그런 모습 보고 싶지 않아 키키 스트레스\n1 : 그러니까 너무 좋은 남친이 야구 보면서 그러면 정 떨어짐?\n2 : 정 떨어지지 키키 내가 알던 사람이 맞나 싶고 키키\n1 : 오호 막 운전할 때도 욕하는 사람들 있잖아\n2 : 응 키키 그래서 운전할 때 운전 스타일 지켜봄 키키\n1 : 키키 그런데 어쩔 수 없나 봐\n1 : 욕 안 하는 사람을 못 봄\n2 : 키키 안 하는 사람을 내가 봤거든 키키\n1 : 오 진짜? 대단한 사람이네 키키\n2 : 그치? 근데 문제는 그 사람은 운전할 때만 욕을 안 하더라고\n2 : 평상시에 함",
        "lines": [
          {
            "id": 1,
            "text": "1 : 야구는 좀 보는 편임?",
            "norm_text": "야구는 좀 보는 편임?",
            "speaker": {
              "id": "1번",
              "sex": "남성",
              "age": "20대"
            },
            "speechAct": "(지시) 질문하기",
            "morpheme": "야구/NNG+는/JX+좀/MAG+보/VV+는/ETM+편/NNB+임/VCP+ETN"
          },
          {
            "id": 2,
            "text": "2 : 아니 키키 주변에 야빠들이 많아서 오히려 반발심이...",
            "norm_text": "아니 키키 주변에 야빠들이 많아서 오히려 반발심이...",
            "speaker": {
              "id": "2번",
              "sex": "여성",
              "age": "20대"
            },
            "speechAct": "(단언) 진술하기",
            "morpheme": "아니키/NNP+키/NNG+주변/NNG+에/JKB+야/JX+빠/NNP+들/XSN+이/JKS+많/VA+아서/EC+오히려/MAJ+반발심/NNG+이/JKS+./SY+./SY"
          },
          {
            "id": 3,
            "text": "1 : 키키 아 진짜? 왜 그렇노",
            "norm_text": "키키 아 진짜? 왜 그렇노",
            "speaker": {
              "id": "1번",
              "sex": "남성",
              "age": "20대"
            },
            "speechAct": "(지시) 질문하기",
            "morpheme": "키/NNG+키/VV+아/EC+진짜/MAG+왜/MAG+그렇/VA+노/EC"
          },
          {
            "id": 4,
            "text": "2 : 키키 다들 야구 보면 욕하던데 키키 절레절레",
            "norm_text": "키키 다들 야구 보면 욕하던데 키키 절레절레",
            "speaker": {
              "id": "2번",
              "sex": "여성",
              "age": "20대"
            },
            "speechAct": "(단언) 진술하기",
            "morpheme": "키/NNG+키/VV+다/EC+들/VV+야/EC+VX+구/EC+보/VX+면/EC+욕하/VV+던데/EC+키/NNG+키/NNG+절레절레/MAG"
          },
          {
            "id": 5,
            "text": "1 : 키키 맞아 나도 잘 안 봄",
            "norm_text": "키키 맞아 나도 잘 안 봄",
            "speaker": {
              "id": "1번",
              "sex": "남성",
              "age": "20대"
            },
            "speechAct": "(단언) 진술하기",
            "morpheme": "키/NNG+키/XSV+ETN+맞/VV+아/EC+나/NP+도/JX+잘/MAG+안/MAG+봄/VV+ETN"
          },
          {
            "id": 6,
            "text": "2 : 키키 야구 보면 사람 성격 바뀌는 거... 그거 참...",
            "norm_text": "키키 야구 보면 사람 성격 바뀌는 거... 그거 참...",
            "speaker": {
              "id": "2번",
              "sex": "여성",
              "age": "20대"
            },
            "speechAct": "(단언) 진술하기",
            "morpheme": "키/NNG+키/NNG+야구/NNG+보/VV+면/EC+사람/NNG+성격/NNG+바뀌/VV+는/ETM+거/NNB+./SY+그거/NP+참/IC+./SY"
          },
          {
            "id": 7,
            "text": "1 : 키키 정말 막 욕하고 그러지",
            "norm_text": "키키 정말 막 욕하고 그러지",
            "speaker": {
              "id": "1번",
              "sex": "남성",
              "age": "20대"
            },
            "speechAct": "(단언) 진술하기",
            "morpheme": "키/NNG+키/XSV+ETN+정말/MAG+막/NNG+욕/NNG+하/XSV+고/EC+그러/VV+지/EC"
          },
          {
            "id": 8,
            "text": "2 : 키키 그런 모습 보고 싶지 않아 키키 스트레스",
            "norm_text": "키키 그런 모습 보고 싶지 않아 키키 스트레스",
            "speaker": {
              "id": "2번",
              "sex": "여성",
              "age": "20대"
            },
            "speechAct": "(단언) 주장하기",
            "morpheme": "키키/NNP+그런/MM+모습/NNG+보/VV+고/EC+싶/VX+지/EC+않/VX+아/EC+키/NNG+키/NNG+스트레스/NNG"
          },
          {
            "id": 9,
            "text": "1 : 그러니까 너무 좋은 남친이 야구 보면서 그러면 정 떨어짐?",
            "norm_text": "그러니까 너무 좋은 남친이 야구 보면서 그러면 정 떨어짐?",
            "speaker": {
              "id": "1번",
              "sex": "남성",
              "age": "20대"
            },
            "speechAct": "(지시) 질문하기",
            "morpheme": "그러니까/MAJ+너무/MAG+좋/VA+은/ETM+남친/NNG+이/VCP+야/EC+VX+구/EC+보/VX+면서/EC+그러/VV+면/EC+정/MAG+떨어짐/VV+ETN"
          },
          {
            "id": 10,
            "text": "2 : 정 떨어지지 키키 내가 알던 사람이 맞나 싶고 키키",
            "norm_text": "정 떨어지지 키키 내가 알던 사람이 맞나 싶고 키키",
            "speaker": {
              "id": "2번",
              "sex": "여성",
              "age": "20대"
            },
            "speechAct": "(단언) 주장하기",
            "morpheme": "정떨어지/VV+지/EC+키/NNG+키/XSV+ETN+내/NP+가/JKS+알/VV+던/ETM+사람/NNG+이/JKS+맞/VV+나/EC+싶/VX+고/EC+키/NNG+키/XSV+ETN"
          },
          {
            "id": 11,
            "text": "1 : 오호 막 운전할 때도 욕하는 사람들 있잖아",
            "norm_text": "오호 막 운전할 때도 욕하는 사람들 있잖아",
            "speaker": {
              "id": "1번",
              "sex": "남성",
              "age": "20대"
            },
            "speechAct": "(단언) 진술하기",
            "morpheme": "오호/IC+막/MAJ+운전/NNG+할/XSV+ETM+때/NNG+도욕/NNG+하/XSV+는/ETM+사람/NNG+들/XSN+있/VA+잖아/EC"
          },
          {
            "id": 12,
            "text": "2 : 응 키키 그래서 운전할 때 운전 스타일 지켜봄 키키",
            "norm_text": "응 키키 그래서 운전할 때 운전 스타일 지켜봄 키키",
            "speaker": {
              "id": "2번",
              "sex": "여성",
              "age": "20대"
            },
            "speechAct": "(단언) 주장하기",
            "morpheme": "응/IC+키/NNG+키/XSV+ETN+그래서/MAJ+운전/NNG+할/XSV+ETM+때/NNG+운전/NNG+스타일/NNG+지켜봄/VV+ETN+키/NNG+키/XSV+ETN"
          },
          {
            "id": 13,
            "text": "1 : 키키 그런데 어쩔 수 없나 봐",
            "norm_text": "키키 그런데 어쩔 수 없나 봐",
            "speaker": {
              "id": "1번",
              "sex": "남성",
              "age": "20대"
            },
            "speechAct": "(단언) 주장하기",
            "morpheme": "키/NNG+키/XSV+ETN+그런데/MAJ+어쩔/VV+ETM+수/NNB+없/VA+나/EC+봐/VX+EC"
          },
          {
            "id": 14,
            "text": "1 : 욕 안 하는 사람을 못 봄",
            "norm_text": "욕 안 하는 사람을 못 봄",
            "speaker": {
              "id": "1번",
              "sex": "남성",
              "age": "20대"
            },
            "speechAct": "(단언) 진술하기",
            "morpheme": "욕/NNG+안/MAG+하/VV+는/ETM+사람/NNG+을/JKO+못/MAG+봄/VV+ETN"
          },
          {
            "id": 15,
            "text": "2 : 키키 안 하는 사람을 내가 봤거든 키키",
            "norm_text": "키키 안 하는 사람을 내가 봤거든 키키",
            "speaker": {
              "id": "2번",
              "sex": "여성",
              "age": "20대"
            },
            "speechAct": "(단언) 진술하기",
            "morpheme": "키/NNG+키/NNG+안/MAG+하/VV+는/ETM+사람/NNG+을/JKO+내/NP+가/JKS+봤/VV+EP+거든/EF+키/NNG+키/XSV+ETN"
          },
          {
            "id": 16,
            "text": "1 : 오 진짜? 대단한 사람이네 키키",
            "norm_text": "오 진짜? 대단한 사람이네 키키",
            "speaker": {
              "id": "1번",
              "sex": "남성",
              "age": "20대"
            },
            "speechAct": "(단언) 주장하기",
            "morpheme": "오/IC+진짜/MAG+대단/XR+한/XSA+ETM+사람/NNG+이/JKS+네/MM+키/NNG+키/XSV+ETN"
          },
          {
            "id": 17,
            "text": "2 : 그치? 근데 문제는 그 사람은 운전할 때만 욕을 안 하더라고",
            "norm_text": "그치? 근데 문제는 그 사람은 운전할 때만 욕을 안 하더라고",
            "speaker": {
              "id": "2번",
              "sex": "여성",
              "age": "20대"
            },
            "speechAct": "(단언) 진술하기",
            "morpheme": "그치/IC+근데/MAJ+문제/NNG+는/JX+그/MM+사람/NNG+은/JX+운전/NNG+할/XSV+ETM+때/NNG+만/JX+욕/NNG+을/JKO+안/MAG+하/VV+더라고/EC"
          },
          {
            "id": 18,
            "text": "2 : 평상시에 함",
            "norm_text": "평상시에 함",
            "speaker": {
              "id": "2번",
              "sex": "여성",
              "age": "20대"
            },
            "speechAct": "(단언) 진술하기",
            "morpheme": "평상시/NNG+에/JKB+함/VV+ETN"
          }
        ]
      }
    }
  ]
}