{
  "dataset": {
    "identifier": 76746,
    "name": "KAKAO_904_10_set",
    "src_path": "/data/file/cubeManager/PROJECT001/53/txt20211005153330080537/KAKAO_904_10_set/",
    "label_path": "/data/file/cubeManager/PROJECT001/53/txt20211005153330080537/KAKAO_904_10_set/",
    "category": 2,
    "type": 0
  },
  "licenses": {
    "name": "Apache License 1.0",
    "url": "http://www.apache.org/licenses/LICENSE-1.0"
  },
  "info": [
    {
      "id": 41407,
      "filename": "KAKAO_904_10.txt",
      "title": "KAKAO_904_10",
      "mediatype": "SNS",
      "medianame": "카카오톡",
      "category": "일상대화",
      "date": "2021-10-05",
      "size": 818,
      "annotations": {
        "subject": "스포츠/레저",
        "speaker_type": "다자간 대화",
        "size": 818,
        "word_size": 280,
        "text": "1 : 키키 근데 강아지 엄청 많으면 산책하는 거로 살 쫙쫙 빠질 듯\n2 : 키키 어후 강아지 많이 키우는 건 더 불가능 할 듯\n3 : 난 요즘 운동 머 할지 고민하는 게 취미\n1 : 아니 얘들아 우리 등산 언제 가냐 진짜\n2 : 키키 그러게\n2 : 언제 갈까\n2 : 체력이 안 돼서 또 걱정임\n3 : 아니 등산 가자고 말하는 게 우리 모임 특 아니야/\n1 : 우선 우리 시간 너무 안 맞아 키키\n2 : 가자고 하는 사람만 있고 가는 사람이 없는 모임\n3 : 운동이 이렇게 어렵습니다 여러분\n1 : 키키 아니 우린 같이 등산하려면 한 명은 현생 포기해야 함\n2 : 그래도 * 너는 런닝 같은 거 하지 않냐 요즘\n3 : 하긴하는데 솔직히 삶이 바빠서, 운동할 시간을 만들기가 어려워\n1 : 맞아...\n1 : 우리가 운동 못하는 건 현생 때문이야\n2 : 진짜 현생 포기해야 하는 거 인정\n3 : 솔직히 일하고 공부하고 하면 일단 체력 다 끌어다 쓴 거라구\n1 : 맞아 키키\n1 : 아 그래도 요즘 체력이 너무 쓰레기라 운동의 필요성을 느끼기는 해\n2 : 응응 이대로는 안 되겠음\n2 : 체력 없어서 암 것도 못할 듯\n3 : 근데 체력이 없어서 운동을 못해 이게 맞냐\n1 : 인정 키키\n1 : 요즘 스트레칭도 버겁다.\n1 : 국민체조 어떻게 하는 거야 ?\n1 : 난 왜 못하냐\n2 : 키키 요즘 난 걸어도 힘듬...\n2 : 걷지도 못하게 생김\n3 : 키키 아 진짜 진심, 코로나 때문에 더 심해진 거 같아\n3 : 밖에 잘 안 돌아다녀서\n1 : 키키 이러다가 10년 후면 다같이 휠체어 타고 만나게 생겼네\n2 : 그니까 인생 금방이다\n2 : 이 몸으로 100세 인생 어캐 살아가지\n3 : 100살을 살려면 지금부터 운동해도 모자름",
        "lines": [
          {
            "id": 1,
            "text": "1 : 키키 근데 강아지 엄청 많으면 산책하는 거로 살 쫙쫙 빠질 듯",
            "norm_text": "키키 근데 강아지 엄청 많으면 산책하는 거로 살 쫙쫙 빠질 듯",
            "speaker": {
              "id": "1번",
              "sex": "여성",
              "age": "20대"
            },
            "speechAct": "(단언) 주장하기",
            "morpheme": "키/NNG+키/XSV+ETN+근데/MAJ+강아지/NNG+엄청/MAG+많/VA+으면/EC+산책/NNG+하/XSV+는/ETM+거/NNB+로/JKB+살/VV+ETM+쫙쫙/MAG+빠질/VV+ETM+듯/NNB"
          },
          {
            "id": 2,
            "text": "2 : 키키 어후 강아지 많이 키우는 건 더 불가능 할 듯",
            "norm_text": "키키 어후 강아지 많이 키우는 건 더 불가능 할 듯",
            "speaker": {
              "id": "2번",
              "sex": "여성",
              "age": "20대"
            },
            "speechAct": "(단언) 주장하기",
            "morpheme": "키/NNG+키어/NNG+후/NNG+강아지/NNG+많이/MAG+키우/VV+는/ETM+건/NNB+JX+더불/VV+ETM+가능/NNG+할/XSV+ETM+듯/NNB"
          },
          {
            "id": 3,
            "text": "3 : 난 요즘 운동 머 할지 고민하는 게 취미",
            "norm_text": "난 요즘 운동 머 할지 고민하는 게 취미",
            "speaker": {
              "id": "3번",
              "sex": "여성",
              "age": "20대"
            },
            "speechAct": "(단언) 주장하기",
            "morpheme": "난/NP+JX+요즘/MAG+운동/NNG+머/VCP+EC+할지/VX+EC+고민/NNG+하/XSV+는/ETM+게/NNB+JKS+취미/NNG"
          },
          {
            "id": 4,
            "text": "1 : 아니 얘들아 우리 등산 언제 가냐 진짜",
            "norm_text": "아니 얘들아 우리 등산 언제 가냐 진짜",
            "speaker": {
              "id": "1번",
              "sex": "여성",
              "age": "20대"
            },
            "speechAct": "(지시) 질문하기",
            "morpheme": "아니/IC+얘/NP+들/XSN+아/JKV+우리/NP+등산/NNG+언제/MAG+가/VV+냐/EF+진짜/MAG"
          },
          {
            "id": 5,
            "text": "2 : 키키 그러게",
            "norm_text": "키키 그러게",
            "speaker": {
              "id": "2번",
              "sex": "여성",
              "age": "20대"
            },
            "speechAct": "(단언) 주장하기",
            "morpheme": "키/NNG+키/XSV+ETN+그러/VV+게/EC"
          },
          {
            "id": 6,
            "text": "2 : 언제 갈까",
            "norm_text": "언제 갈까",
            "speaker": {
              "id": "2번",
              "sex": "여성",
              "age": "20대"
            },
            "speechAct": "(지시) 질문하기",
            "morpheme": "언제/MAG+갈까/VV+EC"
          },
          {
            "id": 7,
            "text": "2 : 체력이 안 돼서 또 걱정임",
            "norm_text": "체력이 안 돼서 또 걱정임",
            "speaker": {
              "id": "2번",
              "sex": "여성",
              "age": "20대"
            },
            "speechAct": "(단언) 주장하기",
            "morpheme": "체력/NNG+이/JKS+안/MAG+돼서/VV+EC+또/MAG+걱정/NNG+임/VCP+ETN"
          },
          {
            "id": 8,
            "text": "3 : 아니 등산 가자고 말하는 게 우리 모임 특 아니야/",
            "norm_text": "아니 등산 가자고 말하는 게 우리 모임 특 아니야/",
            "speaker": {
              "id": "3번",
              "sex": "여성",
              "age": "20대"
            },
            "speechAct": "(지시) 질문하기",
            "morpheme": "아니등산가자고말하는게우리모임특아니야/UNKNOWN+//SC"
          },
          {
            "id": 9,
            "text": "1 : 우선 우리 시간 너무 안 맞아 키키",
            "norm_text": "우선 우리 시간 너무 안 맞아 키키",
            "speaker": {
              "id": "1번",
              "sex": "여성",
              "age": "20대"
            },
            "speechAct": "(단언) 주장하기",
            "morpheme": "우선/MAG+우리/NP+시간/NNG+너무/MAG+안/MAG+맞/VV+아/EC+키/NNG+키/XSV+ETN"
          },
          {
            "id": 10,
            "text": "2 : 가자고 하는 사람만 있고 가는 사람이 없는 모임",
            "norm_text": "가자고 하는 사람만 있고 가는 사람이 없는 모임",
            "speaker": {
              "id": "2번",
              "sex": "여성",
              "age": "20대"
            },
            "speechAct": "(단언) 주장하기",
            "morpheme": "가/VV+자고/EC+하/VV+는/ETM+사람/NNG+만/JX+있/VX+고/EC+가/VX+는/ETM+사람/NNG+이/JKS+없/VA+는/ETM+모임/NNG"
          },
          {
            "id": 11,
            "text": "3 : 운동이 이렇게 어렵습니다 여러분",
            "norm_text": "운동이 이렇게 어렵습니다 여러분",
            "speaker": {
              "id": "3번",
              "sex": "여성",
              "age": "20대"
            },
            "speechAct": "(단언) 주장하기",
            "morpheme": "운동/NNG+이/JKS+이렇게/MAG+어렵/VA+습니다/EF+여러분/NP"
          },
          {
            "id": 12,
            "text": "1 : 키키 아니 우린 같이 등산하려면 한 명은 현생 포기해야 함",
            "norm_text": "키키 아니 우린 같이 등산하려면 한 명은 현생 포기해야 함",
            "speaker": {
              "id": "1번",
              "sex": "여성",
              "age": "20대"
            },
            "speechAct": "(단언) 주장하기",
            "morpheme": "키/NNG+키/XSV+ETN+아니/VCN+우린/NP+JX+같이/MAG+등산/NNG+하/XSV+려면/EC+한/MM+명/NNBC+은/JX+현생/NNG+포기/NNG+해야/XSV+EC+함/VX+ETN"
          },
          {
            "id": 13,
            "text": "2 : 그래도 * 너는 런닝 같은 거 하지 않냐 요즘",
            "norm_text": "그래도 * 너는 런닝 같은 거 하지 않냐 요즘",
            "speaker": {
              "id": "2번",
              "sex": "여성",
              "age": "20대"
            },
            "speechAct": "(지시) 질문하기",
            "morpheme": "그래도/MAJ+*/SY+너/NP+는/JX+런닝/NNG+같/VA+은/ETM+거/NNB+하/VV+지/EC+않/VX+냐/EC+요즘/NNG"
          },
          {
            "id": 14,
            "text": "3 : 하긴하는데 솔직히 삶이 바빠서, 운동할 시간을 만들기가 어려워",
            "norm_text": "하긴하는데 솔직히 삶이 바빠서, 운동할 시간을 만들기가 어려워",
            "speaker": {
              "id": "3번",
              "sex": "여성",
              "age": "20대"
            },
            "speechAct": "(단언) 주장하기",
            "morpheme": "하/VV+긴/ETN+JX+하/VX+는데/EC+솔직히/MAG+삶/NNG+이/JKS+바빠서/VA+EC+,/SC+운동/NNG+할/XSV+ETM+시간/NNG+을/JKO+만들/VV+기/ETN+가/JKS+어려워/VA+EC"
          },
          {
            "id": 15,
            "text": "1 : 맞아...",
            "norm_text": "맞아...",
            "speaker": {
              "id": "1번",
              "sex": "여성",
              "age": "20대"
            },
            "speechAct": "(단언) 주장하기",
            "morpheme": "맞/VV+아/EF+./SY"
          },
          {
            "id": 16,
            "text": "1 : 우리가 운동 못하는 건 현생 때문이야",
            "norm_text": "우리가 운동 못하는 건 현생 때문이야",
            "speaker": {
              "id": "1번",
              "sex": "여성",
              "age": "20대"
            },
            "speechAct": "(단언) 주장하기",
            "morpheme": "우리/NP+가/JKS+운동/NNG+못/MAG+하/VV+는/ETM+건/NNB+JX+현생/NNG+때문/NNB+이/VCP+야/EC"
          },
          {
            "id": 17,
            "text": "2 : 진짜 현생 포기해야 하는 거 인정",
            "norm_text": "진짜 현생 포기해야 하는 거 인정",
            "speaker": {
              "id": "2번",
              "sex": "여성",
              "age": "20대"
            },
            "speechAct": "(단언) 주장하기",
            "morpheme": "진짜/MAG+현생/NNG+포기/NNG+해야/XSV+EC+하/VV+는/ETM+거/NNB+인정/NNG"
          },
          {
            "id": 18,
            "text": "3 : 솔직히 일하고 공부하고 하면 일단 체력 다 끌어다 쓴 거라구",
            "norm_text": "솔직히 일하고 공부하고 하면 일단 체력 다 끌어다 쓴 거라구",
            "speaker": {
              "id": "3번",
              "sex": "여성",
              "age": "20대"
            },
            "speechAct": "(단언) 주장하기",
            "morpheme": "솔직히/MAG+일/NNG+하/XSV+고/EC+공부/NNG+하/XSV+고/EC+하/VV+면/EC+일단/MAG+체력/NNG+다/MAG+끌/VV+어다/EC+쓴/VV+ETM+거/NNB+라구/VCP+EC"
          },
          {
            "id": 19,
            "text": "1 : 맞아 키키",
            "norm_text": "맞아 키키",
            "speaker": {
              "id": "1번",
              "sex": "여성",
              "age": "20대"
            },
            "speechAct": "(단언) 주장하기",
            "morpheme": "맞/VV+아/EC+키/NNG+키/XSV+ETN"
          },
          {
            "id": 20,
            "text": "1 : 아 그래도 요즘 체력이 너무 쓰레기라 운동의 필요성을 느끼기는 해",
            "norm_text": "아 그래도 요즘 체력이 너무 쓰레기라 운동의 필요성을 느끼기는 해",
            "speaker": {
              "id": "1번",
              "sex": "여성",
              "age": "20대"
            },
            "speechAct": "(단언) 주장하기",
            "morpheme": "아/IC+그래도/MAJ+요즘/MAG+체력/NNG+이/JKS+너무/MAG+쓰레기/NNG+라/VCP+EC+운동/NNG+의/JKG+필요/NNG+성/XSN+을/JKO+느끼/VV+기/ETN+는/JX+해/VV+EC"
          },
          {
            "id": 21,
            "text": "2 : 응응 이대로는 안 되겠음",
            "norm_text": "응응 이대로는 안 되겠음",
            "speaker": {
              "id": "2번",
              "sex": "여성",
              "age": "20대"
            },
            "speechAct": "(단언) 주장하기",
            "morpheme": "응/IC+응/IC+이대로/NNP+는/JX+안/MAG+되/VV+겠/EP+음/ETN"
          },
          {
            "id": 22,
            "text": "2 : 체력 없어서 암 것도 못할 듯",
            "norm_text": "체력 없어서 암 것도 못할 듯",
            "speaker": {
              "id": "2번",
              "sex": "여성",
              "age": "20대"
            },
            "speechAct": "(단언) 주장하기",
            "morpheme": "체력/NNG+없/VA+어서/EC+암것도/MM+NNB+JX+못/MAG+할/VV+ETM+듯/NNB"
          },
          {
            "id": 23,
            "text": "3 : 근데 체력이 없어서 운동을 못해 이게 맞냐",
            "norm_text": "근데 체력이 없어서 운동을 못해 이게 맞냐",
            "speaker": {
              "id": "3번",
              "sex": "여성",
              "age": "20대"
            },
            "speechAct": "(지시) 질문하기",
            "morpheme": "근데/MAJ+체력/NNG+이/JKS+없/VA+어서/EC+운동/NNG+을/JKO+못/MAG+해/VV+EC+이게/NP+JKS+맞/VV+냐/EC"
          },
          {
            "id": 24,
            "text": "1 : 인정 키키",
            "norm_text": "인정 키키",
            "speaker": {
              "id": "1번",
              "sex": "여성",
              "age": "20대"
            },
            "speechAct": "(단언) 주장하기",
            "morpheme": "인정/NNG+키/NNG+키/XSV+ETN"
          },
          {
            "id": 25,
            "text": "1 : 요즘 스트레칭도 버겁다.",
            "norm_text": "요즘 스트레칭도 버겁다.",
            "speaker": {
              "id": "1번",
              "sex": "여성",
              "age": "20대"
            },
            "speechAct": "(단언) 주장하기",
            "morpheme": "요즘/NNG+스트레칭/NNG+도/JX+버겁/VA+다/EF"
          },
          {
            "id": 26,
            "text": "1 : 국민체조 어떻게 하는 거야 ?",
            "norm_text": "국민체조 어떻게 하는 거야 ?",
            "speaker": {
              "id": "1번",
              "sex": "여성",
              "age": "20대"
            },
            "speechAct": "(지시) 질문하기",
            "morpheme": "국민/NNG+체조/NNG+어떻게/MAG+하/VV+는/ETM+거/NNB+야/VCP+EF"
          },
          {
            "id": 27,
            "text": "1 : 난 왜 못하냐",
            "norm_text": "난 왜 못하냐",
            "speaker": {
              "id": "1번",
              "sex": "여성",
              "age": "20대"
            },
            "speechAct": "(단언) 주장하기",
            "morpheme": "난/NP+JX+왜/MAG+못/MAG+하/VV+냐/EC"
          },
          {
            "id": 28,
            "text": "2 : 키키 요즘 난 걸어도 힘듬...",
            "norm_text": "키키 요즘 난 걸어도 힘듬...",
            "speaker": {
              "id": "2번",
              "sex": "여성",
              "age": "20대"
            },
            "speechAct": "(단언) 진술하기",
            "morpheme": "키키요즘난걸어도힘듬/UNKNOWN+./SY"
          },
          {
            "id": 29,
            "text": "2 : 걷지도 못하게 생김",
            "norm_text": "걷지도 못하게 생김",
            "speaker": {
              "id": "2번",
              "sex": "여성",
              "age": "20대"
            },
            "speechAct": "(단언) 주장하기",
            "morpheme": "걷/VV+지/EC+도/JX+못하/VX+게/EC+생김/NNG"
          },
          {
            "id": 30,
            "text": "3 : 키키 아 진짜 진심, 코로나 때문에 더 심해진 거 같아",
            "norm_text": "키키 아 진짜 진심, 코로나 때문에 더 심해진 거 같아",
            "speaker": {
              "id": "3번",
              "sex": "여성",
              "age": "20대"
            },
            "speechAct": "(단언) 주장하기",
            "morpheme": "키/NNG+키/VV+아/EC+진짜/MAG+진심/NNG+,/SC+코로나/NNG+때문/NNB+에/JKB+더/MAG+심해진/VA+EC+VX+ETM+거/NNB+같/VA+아/EC"
          },
          {
            "id": 31,
            "text": "3 : 밖에 잘 안 돌아다녀서",
            "norm_text": "밖에 잘 안 돌아다녀서",
            "speaker": {
              "id": "3번",
              "sex": "여성",
              "age": "20대"
            },
            "speechAct": "(단언) 진술하기",
            "morpheme": "밖/NNG+에/JKB+잘/MAG+안/MAG+돌아다녀서/VV+EC"
          },
          {
            "id": 32,
            "text": "1 : 키키 이러다가 10년 후면 다같이 휠체어 타고 만나게 생겼네",
            "norm_text": "키키 이러다가 10년 후면 다같이 휠체어 타고 만나게 생겼네",
            "speaker": {
              "id": "1번",
              "sex": "여성",
              "age": "20대"
            },
            "speechAct": "(단언) 진술하기",
            "morpheme": "키/NNG+키/XSV+ETN+이러/VV+다가/EC+10/SN+년/NNBC+후면/NNG+다/MAG+같이/MAG+휠체어/NNG+타/VV+고/EC+만나/VV+게/EC+생겼/VV+EP+네/EF"
          },
          {
            "id": 33,
            "text": "2 : 그니까 인생 금방이다",
            "norm_text": "그니까 인생 금방이다",
            "speaker": {
              "id": "2번",
              "sex": "여성",
              "age": "20대"
            },
            "speechAct": "(단언) 주장하기",
            "morpheme": "그니까/MAJ+인생/NNG+금방/MAG+이/VCP+다/EC"
          },
          {
            "id": 34,
            "text": "2 : 이 몸으로 100세 인생 어캐 살아가지",
            "norm_text": "이 몸으로 100세 인생 어캐 살아가지",
            "speaker": {
              "id": "2번",
              "sex": "여성",
              "age": "20대"
            },
            "speechAct": "(단언) 주장하기",
            "morpheme": "이/MM+몸/NNG+으로/JKB+100/SN+세/NNBC+인/VCP+ETM+생어/NNG+캐/VV+EC+살/VV+아/EC+가지/VX"
          },
          {
            "id": 35,
            "text": "3 : 100살을 살려면 지금부터 운동해도 모자름",
            "norm_text": "100살을 살려면 지금부터 운동해도 모자름",
            "speaker": {
              "id": "3번",
              "sex": "여성",
              "age": "20대"
            },
            "speechAct": "(단언) 주장하기",
            "morpheme": "100/SN+살/NNBC+을/JKO+살/VV+려면/EC+지금/NNG+부터/JX+운동/NNG+해도/XSV+EC+모/MM+자름/NNG"
          }
        ]
      }
    }
  ]
}