{
  "dataset": {
    "identifier": 63885,
    "name": "KAKAO_900_11_set",
    "src_path": "/data/file/cubeManager/PROJECT001/53/txt20211005153423011927/KAKAO_900_11_set/",
    "label_path": "/data/file/cubeManager/PROJECT001/53/txt20211005153423011927/KAKAO_900_11_set/",
    "category": 2,
    "type": 0
  },
  "licenses": {
    "name": "Apache License 1.0",
    "url": "http://www.apache.org/licenses/LICENSE-1.0"
  },
  "info": [
    {
      "id": 41468,
      "filename": "KAKAO_900_11.txt",
      "title": "KAKAO_900_11",
      "mediatype": "SNS",
      "medianame": "카카오톡",
      "category": "일상대화",
      "date": "2021-10-05",
      "size": 447,
      "annotations": {
        "subject": "게임",
        "speaker_type": "1:1",
        "size": 447,
        "word_size": 153,
        "text": "1 : 축구 게임도 옛날에 많이 했었는데 키키\n2 : 키키 옛날에 피파? 그거 유명했었지 키키\n1 : 오 아네? 키키 그거 진짜 유명했지\n2 : 사촌 오빠가 그 게임을 많이 했어 가지고 어릴 때 많이 구경했어 키키\n1 : 오 키키 아 니는 안 하고? 키키\n2 : 난 가르쳐 줘도 못하겠더라 키키\n1 : 키키 아 또 그게 막 축구에 관심 있고 하면 더 재밌지\n2 : 차라리 구경하는 게 더 재밌었어 키키 오빠까 잘하니까 키키\n1 : 키키 아 그게 더 나을 수도 있겠다 키키\n2 : 키키 게임을 잘했으면 재미있었을 텐데 키키\n1 : 맞아 키키 난 요새 피씨방 좀 가볼까 싶네 키키\n2 : 오호 키키 좋지 좋지 무슨 게임 하려고?\n1 : 배그 키키 얘들이랑 하면 재밌다 키키\n2 : 키키 추석이라 만남의 광장 되겠네 키키\n1 : 그러니까 키키 진짜 다들 할 거 없어 가이고\n2 : 키키 아 연휴 때 여행 다니고 그래야 하는데 말이지",
        "lines": [
          {
            "id": 1,
            "text": "1 : 축구 게임도 옛날에 많이 했었는데 키키",
            "norm_text": "축구 게임도 옛날에 많이 했었는데 키키",
            "speaker": {
              "id": "1번",
              "sex": "남성",
              "age": "20대"
            },
            "speechAct": "(단언) 진술하기",
            "morpheme": "축구/NNG+게임/NNG+도/JX+옛날/NNG+에/JKB+많이/MAG+했었/VV+EP+는데/EC+키/NNG+키/XSV+ETN"
          },
          {
            "id": 2,
            "text": "2 : 키키 옛날에 피파? 그거 유명했었지 키키",
            "norm_text": "키키 옛날에 피파? 그거 유명했었지 키키",
            "speaker": {
              "id": "2번",
              "sex": "여성",
              "age": "20대"
            },
            "speechAct": "(단언) 주장하기",
            "morpheme": "키/NNG+키/NNG+옛날/NNG+에/JKB+피파/NNP+그거/NP+유명/NNG+했었/XSV+EP+지/EC+키/NNG+키/XSV+ETN"
          },
          {
            "id": 3,
            "text": "1 : 오 아네? 키키 그거 진짜 유명했지",
            "norm_text": "오 아네? 키키 그거 진짜 유명했지",
            "speaker": {
              "id": "1번",
              "sex": "남성",
              "age": "20대"
            },
            "speechAct": "(단언) 주장하기",
            "morpheme": "오아/NNG+네/VCP+EF+키/NNG+키/XSV+ETN+그거/NP+진짜/MAG+유명/NNG+했/XSV+EP+지/EC"
          },
          {
            "id": 4,
            "text": "2 : 사촌 오빠가 그 게임을 많이 했어 가지고 어릴 때 많이 구경했어 키키",
            "norm_text": "사촌 오빠가 그 게임을 많이 했어 가지고 어릴 때 많이 구경했어 키키",
            "speaker": {
              "id": "2번",
              "sex": "여성",
              "age": "20대"
            },
            "speechAct": "(단언) 진술하기",
            "morpheme": "사촌/NNG+오빠/NNG+가/JKS+그/MM+게임/NNG+을/JKO+많이/MAG+했/VV+EP+어/EC+가지/VX+고/EC+어릴/VA+ETM+때/NNG+많이/MAG+구경/NNG+했/XSV+EP+어/EC+키/NNG+키/XSV+ETN"
          },
          {
            "id": 5,
            "text": "1 : 오 키키 아 니는 안 하고? 키키",
            "norm_text": "오 키키 아 니는 안 하고? 키키",
            "speaker": {
              "id": "1번",
              "sex": "남성",
              "age": "20대"
            },
            "speechAct": "(지시) 질문하기",
            "morpheme": "오키/NNP+키아니/NNP+는/JX+안/MAG+하/VV+고/EC+?/SY+키/NNG+키/XSV+ETN"
          },
          {
            "id": 6,
            "text": "2 : 난 가르쳐 줘도 못하겠더라 키키",
            "norm_text": "난 가르쳐 줘도 못하겠더라 키키",
            "speaker": {
              "id": "2번",
              "sex": "여성",
              "age": "20대"
            },
            "speechAct": "(단언) 진술하기",
            "morpheme": "난/NP+JX+가르쳐/VV+EC+줘도/VX+EC+못하/VX+겠/EP+더라/EF+키/NNG+키/XSV+ETN"
          },
          {
            "id": 7,
            "text": "1 : 키키 아 또 그게 막 축구에 관심 있고 하면 더 재밌지",
            "norm_text": "키키 아 또 그게 막 축구에 관심 있고 하면 더 재밌지",
            "speaker": {
              "id": "1번",
              "sex": "남성",
              "age": "20대"
            },
            "speechAct": "(단언) 주장하기",
            "morpheme": "키/NNG+키/VV+아/EC+또/MAG+그게/NP+JKS+막/MAJ+축구/NNG+에/JKB+관심/NNG+있/VV+고/EC+하/VV+면/EC+더/MAG+재밌/VA+지/EC"
          },
          {
            "id": 8,
            "text": "2 : 차라리 구경하는 게 더 재밌었어 키키 오빠까 잘하니까 키키",
            "norm_text": "차라리 구경하는 게 더 재밌었어 키키 오빠까 잘하니까 키키",
            "speaker": {
              "id": "2번",
              "sex": "여성",
              "age": "20대"
            },
            "speechAct": "(단언) 진술하기",
            "morpheme": "차라리/MAG+구경/NNG+하/XSV+는/ETM+게/NNB+JKS+더/MAG+재밌/VA+었/EP+어/EC+키/NNG+키/NNG+오빠/NNG+까/MAJ+잘/MAG+하/VV+니까/EC+키/NNG+키/XSV+ETN"
          },
          {
            "id": 9,
            "text": "1 : 키키 아 그게 더 나을 수도 있겠다 키키",
            "norm_text": "키키 아 그게 더 나을 수도 있겠다 키키",
            "speaker": {
              "id": "1번",
              "sex": "남성",
              "age": "20대"
            },
            "speechAct": "(단언) 진술하기",
            "morpheme": "키키/NNP+아/JKV+그게/NP+JKS+더/MAG+나을/VA+ETM+수/NNB+도/JX+있/VA+겠/EP+다키키/NNP"
          },
          {
            "id": 10,
            "text": "2 : 키키 게임을 잘했으면 재미있었을 텐데 키키",
            "norm_text": "키키 게임을 잘했으면 재미있었을 텐데 키키",
            "speaker": {
              "id": "2번",
              "sex": "여성",
              "age": "20대"
            },
            "speechAct": "(단언) 주장하기",
            "morpheme": "키/NNG+키/NNG+게임/NNG+을/JKO+잘/MAG+했/VV+EP+으면/EC+재미있/VA+었/EP+을/ETM+텐데/NNB+VCP+EC+키/NNG+키/XSV+ETN"
          },
          {
            "id": 11,
            "text": "1 : 맞아 키키 난 요새 피씨방 좀 가볼까 싶네 키키",
            "norm_text": "맞아 키키 난 요새 피씨방 좀 가볼까 싶네 키키",
            "speaker": {
              "id": "1번",
              "sex": "남성",
              "age": "20대"
            },
            "speechAct": "(단언) 주장하기",
            "morpheme": "맞/VV+아/EC+키키/NNP+난요/NNP+새피/NNP+씨/NNB+방/NNG+좀/MAG+가/VV+볼까/EC+VX+EC+싶/VX+네/EF+키/NNG+키/XSV+ETN"
          },
          {
            "id": 12,
            "text": "2 : 오호 키키 좋지 좋지 무슨 게임 하려고?",
            "norm_text": "오호 키키 좋지 좋지 무슨 게임 하려고?",
            "speaker": {
              "id": "2번",
              "sex": "여성",
              "age": "20대"
            },
            "speechAct": "(지시) 질문하기",
            "morpheme": "오호/IC+키/NNG+키/XSV+ETN+좋/VA+지/EC+좋/VA+지/EC+무슨/MM+게임/NNG+하/XSA+려고/EF"
          },
          {
            "id": 13,
            "text": "1 : 배그 키키 얘들이랑 하면 재밌다 키키",
            "norm_text": "배그 키키 얘들이랑 하면 재밌다 키키",
            "speaker": {
              "id": "1번",
              "sex": "남성",
              "age": "20대"
            },
            "speechAct": "(단언) 주장하기",
            "morpheme": "배/NNG+그/MM+키/NNG+키/XSV+ETN+얘/NP+들/XSN+이랑/JKB+하/VV+면/EC+재밌/VA+다키키/NNP"
          },
          {
            "id": 14,
            "text": "2 : 키키 추석이라 만남의 광장 되겠네 키키",
            "norm_text": "키키 추석이라 만남의 광장 되겠네 키키",
            "speaker": {
              "id": "2번",
              "sex": "여성",
              "age": "20대"
            },
            "speechAct": "(단언) 진술하기",
            "morpheme": "키/NNG+키/NNG+추석/NNG+이/VCP+라/EC+만남/NNG+의/JKG+광장/NNG+되/XSV+겠/EP+네/EF+키/NNG+키/XSV+ETN"
          },
          {
            "id": 15,
            "text": "1 : 그러니까 키키 진짜 다들 할 거 없어 가이고",
            "norm_text": "그러니까 키키 진짜 다들 할 거 없어 가이고",
            "speaker": {
              "id": "1번",
              "sex": "남성",
              "age": "20대"
            },
            "speechAct": "(단언) 진술하기",
            "morpheme": "그러니까/MAJ+키/NNG+키/XSV+ETN+진짜/MAG+다/MAG+들/XSN+할/VV+ETM+거/NNB+없/VA+어/EC+가/VX+이/VCP+고/EC"
          },
          {
            "id": 16,
            "text": "2 : 키키 아 연휴 때 여행 다니고 그래야 하는데 말이지",
            "norm_text": "키키 아 연휴 때 여행 다니고 그래야 하는데 말이지",
            "speaker": {
              "id": "2번",
              "sex": "여성",
              "age": "20대"
            },
            "speechAct": "(단언) 주장하기",
            "morpheme": "키/NNG+키/VV+아/EC+연휴/NNG+때/NNG+여행/NNG+다니/VV+고/EC+그래야/VV+EC+하/VV+는데/EC+말/NNG+이/VCP+지/EC"
          }
        ]
      }
    }
  ]
}