{
  "dataset": {
    "identifier": 63342,
    "name": "KAKAO_914_12_set",
    "src_path": "/data/file/cubeManager/PROJECT001/53/txt20211005161430077977/KAKAO_914_12_set/",
    "label_path": "/data/file/cubeManager/PROJECT001/53/txt20211005161430077977/KAKAO_914_12_set/",
    "category": 2,
    "type": 0
  },
  "licenses": {
    "name": "Apache License 1.0",
    "url": "http://www.apache.org/licenses/LICENSE-1.0"
  },
  "info": [
    {
      "id": 42029,
      "filename": "KAKAO_914_12.txt",
      "title": "KAKAO_914_12",
      "mediatype": "SNS",
      "medianame": "카카오톡",
      "category": "일상대화",
      "date": "2021-10-05",
      "size": 482,
      "annotations": {
        "subject": "여행",
        "speaker_type": "1:1",
        "size": 482,
        "word_size": 161,
        "text": "1 : 보드게임 이야기하니까 또 여행 가고 싶네 키키\n2 : 그러니까 키키 우리 그때 다같이 놀러 간 거 재밌었는데 키키\n1 : 그러니까 키키 진짜 그때가 언제야\n2 : 키키 그땐 코로나 터지기 전이었지?\n1 : 전이지 캐나다 가기도 전이고 키키\n2 : 그렇네 키키 전이네\n2 : 캐나다 다시 안 가고픔? 키키\n1 : 가고 싶지 키키 그때 같이 놀던 사람들도 그립고\n2 : 키키 망할 코로나 키키\n2 : 간 김에 미국 여행도 가면 완전 개꿀이었는데\n1 : 그러니까 진짜 다 계획이 있었지만 실행을 못했지\n2 : ㅠㅠ 진짜 많이 아쉽겠다\n2 : 그 때 많이 위험하긴 했다\n1 : 엄청... 진짜 하필 딱 시작할 때 가서\n2 : 그러니까 키키 백신도 없을 때고\n1 : 거긴 또 마스크도 안 썼음 키키\n2 : 키키 지금도 마스크는 잘 안 쓰는 거 같더라\n1 : 그런 것 같더라\n1 : 그때 축제 영상 보내줬는데 아무도 안 썼더라 키키\n2 : 키키 아니... 키키 그래서 내가 해외여행을 못 가겠어 키키",
        "lines": [
          {
            "id": 1,
            "text": "1 : 보드게임 이야기하니까 또 여행 가고 싶네 키키",
            "norm_text": "보드게임 이야기하니까 또 여행 가고 싶네 키키",
            "speaker": {
              "id": "1번",
              "sex": "남성",
              "age": "20대"
            },
            "speechAct": "(단언) 주장하기",
            "morpheme": "보드게임/NNG+이야기/NNG+하/XSV+니까/EC+또/MAG+여행/NNG+가/VV+고/EC+싶/VX+네/EF+키/NNG+키/XSV+ETN"
          },
          {
            "id": 2,
            "text": "2 : 그러니까 키키 우리 그때 다같이 놀러 간 거 재밌었는데 키키",
            "norm_text": "그러니까 키키 우리 그때 다같이 놀러 간 거 재밌었는데 키키",
            "speaker": {
              "id": "2번",
              "sex": "여성",
              "age": "20대"
            },
            "speechAct": "(단언) 진술하기",
            "morpheme": "그러니까/MAJ+키/NNG+키/XSV+ETN+우리/NP+그때/NNG+다/MAG+같이/MAG+놀/VV+러/EC+간/VV+ETM+거/NNB+재밌/VA+었/EP+는데/EC+키/NNG+키/XSV+ETN"
          },
          {
            "id": 3,
            "text": "1 : 그러니까 키키 진짜 그때가 언제야",
            "norm_text": "그러니까 키키 진짜 그때가 언제야",
            "speaker": {
              "id": "1번",
              "sex": "남성",
              "age": "20대"
            },
            "speechAct": "(단언) 주장하기",
            "morpheme": "그러니까/MAJ+키/NNG+키/XSV+ETN+진짜/MAG+그때/NNG+가/JKS+언제/NP+야/VCP+EF"
          },
          {
            "id": 4,
            "text": "2 : 키키 그땐 코로나 터지기 전이었지?",
            "norm_text": "키키 그땐 코로나 터지기 전이었지?",
            "speaker": {
              "id": "2번",
              "sex": "여성",
              "age": "20대"
            },
            "speechAct": "(지시) 질문하기",
            "morpheme": "키/NNG+키/NNG+그땐/NNG+JX+코로나/NNG+터지/VV+기/ETN+전/NNG+이/VCP+었/EP+지/EF"
          },
          {
            "id": 5,
            "text": "1 : 전이지 캐나다 가기도 전이고 키키",
            "norm_text": "전이지 캐나다 가기도 전이고 키키",
            "speaker": {
              "id": "1번",
              "sex": "남성",
              "age": "20대"
            },
            "speechAct": "(단언) 진술하기",
            "morpheme": "전이지/NNP+캐나다/NNP+가/JKS+기도/NNG+전/NNG+이/VCP+고/EC+키/NNG+키/XSV+ETN"
          },
          {
            "id": 6,
            "text": "2 : 그렇네 키키 전이네",
            "norm_text": "그렇네 키키 전이네",
            "speaker": {
              "id": "2번",
              "sex": "여성",
              "age": "20대"
            },
            "speechAct": "(단언) 진술하기",
            "morpheme": "그렇네키키전이네/UNKNOWN"
          },
          {
            "id": 7,
            "text": "2 : 캐나다 다시 안 가고픔? 키키",
            "norm_text": "캐나다 다시 안 가고픔? 키키",
            "speaker": {
              "id": "2번",
              "sex": "여성",
              "age": "20대"
            },
            "speechAct": "(지시) 질문하기",
            "morpheme": "캐나다/NNP+다시/MAG+안/MAG+가/VV+EC+고픔/VA+ETN+키/NNG+키/XSV+ETN"
          },
          {
            "id": 8,
            "text": "1 : 가고 싶지 키키 그때 같이 놀던 사람들도 그립고",
            "norm_text": "가고 싶지 키키 그때 같이 놀던 사람들도 그립고",
            "speaker": {
              "id": "1번",
              "sex": "남성",
              "age": "20대"
            },
            "speechAct": "(단언) 주장하기",
            "morpheme": "가/VV+고/EC+싶/VX+지/EC+키/NNG+키/NNG+그때/NNG+같이/JKB+놀/VV+던/ETM+사람/NNG+들/XSN+도/JX+그립/VA+고/EC"
          },
          {
            "id": 9,
            "text": "2 : 키키 망할 코로나 키키",
            "norm_text": "키키 망할 코로나 키키",
            "speaker": {
              "id": "2번",
              "sex": "여성",
              "age": "20대"
            },
            "speechAct": "(단언) 주장하기",
            "morpheme": "키/NNG+키/XSV+ETN+망할/VV+ETM+코로나/NNG+키/NNG+키/XSV+ETN"
          },
          {
            "id": 10,
            "text": "2 : 간 김에 미국 여행도 가면 완전 개꿀이었는데",
            "norm_text": "간 김에 미국 여행도 가면 완전 개꿀이었는데",
            "speaker": {
              "id": "2번",
              "sex": "여성",
              "age": "20대"
            },
            "speechAct": "(단언) 진술하기",
            "morpheme": "간/VV+ETM+김/NNB+에/JKB+미국/NNP+여행/NNG+도/JX+가/VV+면/EC+완전/NNG+개꿀/NNG+이/VCP+었/EP+는데/EC"
          },
          {
            "id": 11,
            "text": "1 : 그러니까 진짜 다 계획이 있었지만 실행을 못했지",
            "norm_text": "그러니까 진짜 다 계획이 있었지만 실행을 못했지",
            "speaker": {
              "id": "1번",
              "sex": "남성",
              "age": "20대"
            },
            "speechAct": "(단언) 진술하기",
            "morpheme": "그러니까/MAJ+진짜/MAG+다/MAG+계획/NNG+이/JKS+있/VA+었/EP+지만/EC+실행/NNG+을/JKO+못/MAG+했/VV+EP+지/EC"
          },
          {
            "id": 12,
            "text": "2 : ㅠㅠ 진짜 많이 아쉽겠다",
            "norm_text": "ㅠㅠ 진짜 많이 아쉽겠다",
            "speaker": {
              "id": "2번",
              "sex": "여성",
              "age": "20대"
            },
            "speechAct": "(단언) 주장하기",
            "morpheme": "ㅠㅠ/UNKNOWN+진짜/MAG+많이/MAG+아쉽/VA+겠/EP+다/EC"
          },
          {
            "id": 13,
            "text": "2 : 그 때 많이 위험하긴 했다",
            "norm_text": "그 때 많이 위험하긴 했다",
            "speaker": {
              "id": "2번",
              "sex": "여성",
              "age": "20대"
            },
            "speechAct": "(단언) 진술하기",
            "morpheme": "그때/NNG+많이/MAG+위험/NNG+하/XSV+긴/ETN+JX+했/VX+EP+다/EC"
          },
          {
            "id": 14,
            "text": "1 : 엄청... 진짜 하필 딱 시작할 때 가서",
            "norm_text": "엄청... 진짜 하필 딱 시작할 때 가서",
            "speaker": {
              "id": "1번",
              "sex": "남성",
              "age": "20대"
            },
            "speechAct": "(단언) 주장하기",
            "morpheme": "엄청/MAG+./SY+진짜/MAG+하필/MAG+딱/MAG+시작/NNG+할/XSV+ETM+때/NNG+가/VV+서/EC"
          },
          {
            "id": 15,
            "text": "2 : 그러니까 키키 백신도 없을 때고",
            "norm_text": "그러니까 키키 백신도 없을 때고",
            "speaker": {
              "id": "2번",
              "sex": "여성",
              "age": "20대"
            },
            "speechAct": "(단언) 진술하기",
            "morpheme": "그러니까/MAJ+키/NNG+키/NNG+백신/NNG+도/JX+없/VA+을/ETM+때/NNG+고/VCP+EC"
          },
          {
            "id": 16,
            "text": "1 : 거긴 또 마스크도 안 썼음 키키",
            "norm_text": "거긴 또 마스크도 안 썼음 키키",
            "speaker": {
              "id": "1번",
              "sex": "남성",
              "age": "20대"
            },
            "speechAct": "(단언) 진술하기",
            "morpheme": "거긴/NP+JX+또/MAG+마스크/NNG+도/JX+안/MAG+썼/VV+EP+음/ETN+키/NNG+키/XSV+ETN"
          },
          {
            "id": 17,
            "text": "2 : 키키 지금도 마스크는 잘 안 쓰는 거 같더라",
            "norm_text": "키키 지금도 마스크는 잘 안 쓰는 거 같더라",
            "speaker": {
              "id": "2번",
              "sex": "여성",
              "age": "20대"
            },
            "speechAct": "(단언) 진술하기",
            "morpheme": "키/NNG+키/NNG+지금/NNG+도/JX+마스크/NNG+는/JX+잘/MAG+안/MAG+쓰/VV+는/ETM+거/NNB+같/VA+더라/EC"
          },
          {
            "id": 18,
            "text": "1 : 그런 것 같더라",
            "norm_text": "그런 것 같더라",
            "speaker": {
              "id": "1번",
              "sex": "남성",
              "age": "20대"
            },
            "speechAct": "(단언) 주장하기",
            "morpheme": "그런/MM+것/NNB+같/VA+더라/EC"
          },
          {
            "id": 19,
            "text": "1 : 그때 축제 영상 보내줬는데 아무도 안 썼더라 키키",
            "norm_text": "그때 축제 영상 보내줬는데 아무도 안 썼더라 키키",
            "speaker": {
              "id": "1번",
              "sex": "남성",
              "age": "20대"
            },
            "speechAct": "(단언) 진술하기",
            "morpheme": "그때/NNG+축제/NNG+영상/NNG+보내/VV+EC+줬/VX+EP+는데/EC+아무/NP+도/JX+안/MAG+썼/VV+EP+더라/EF+키/NNG+키/XSV+ETN"
          },
          {
            "id": 20,
            "text": "2 : 키키 아니... 키키 그래서 내가 해외여행을 못 가겠어 키키",
            "norm_text": "키키 아니... 키키 그래서 내가 해외여행을 못 가겠어 키키",
            "speaker": {
              "id": "2번",
              "sex": "여성",
              "age": "20대"
            },
            "speechAct": "(단언) 주장하기",
            "morpheme": "키/NNG+키/XSV+ETN+아니/VCN+./SY+./SY+키/NNG+키/XSV+ETN+그래서/MAJ+내/NP+가/JKS+해외여행/NNG+을/JKO+못/MAG+가/VV+겠/EP+어/EC+키/NNG+키/XSV+ETN"
          }
        ]
      }
    }
  ]
}