{
  "dataset": {
    "identifier": 69164,
    "name": "KAKAO_919_04_set",
    "src_path": "/data/file/cubeManager/PROJECT001/53/txt20211005155848051826/KAKAO_919_04_set/",
    "label_path": "/data/file/cubeManager/PROJECT001/53/txt20211005155848051826/KAKAO_919_04_set/",
    "category": 2,
    "type": 0
  },
  "licenses": {
    "name": "Apache License 1.0",
    "url": "http://www.apache.org/licenses/LICENSE-1.0"
  },
  "info": [
    {
      "id": 41921,
      "filename": "KAKAO_919_04.txt",
      "title": "KAKAO_919_04",
      "mediatype": "SNS",
      "medianame": "카카오톡",
      "category": "일상대화",
      "date": "2021-10-05",
      "size": 525,
      "annotations": {
        "subject": "회사/아르바이트",
        "speaker_type": "1:1",
        "size": 525,
        "word_size": 165,
        "text": "1 : 이제 곧 추석인데 명절 상여금이 나오려나\n2 : 우리는 그냥 선물세트로 끝날 듯...\n1 : 우리도 선물세트냐 상여금이냐 말 엄청 많긴 하더라\n2 : 요즘 경기가 안 좋다 보니까 상여금 주기가 힘들긴 할 꺼야...\n1 : 명절 상여금이 진짜 좋은데... 꽤 많이 줘서 키키\n2 : 그렇지 키키 이럴 때 옷도 사고 부모님 용돈도 드리고\n1 : 우리도 이번에는 선물세트 나올 꺼 같다...\n2 : 어쩔 수 없지 ㅠㅠ 월급이라도 제때제때 잘 주는 게 어디냐\n1 : 그렇긴 하지 키키 시국이 이러니까 공무원도 아닌데 상여금 바라는 건 욕심이긴 하다\n2 : 이번 추석 때도 출근하겠네? 그때가 성수기잖아\n1 : 맞음... 추석 주 성수기여서 그 주에 7일 다 출근 키키\n2 : 어우... 힘들겠다 키키 이번 추석 때는 못 보겠네\n1 : 그럴 듯 ㅠㅠ 추석 때 모여서 노는 게 진짜 재밌긴 한데\n2 : 그니까 키키 좀 아쉽긴 하네... 뭐 어쩔 수 없지 키키\n1 : 그러니까 여기서 일하는 동안 명절 때는 절대 못 간다...\n2 : 고생하고 명절 끝나면 한번 보자 키키",
        "lines": [
          {
            "id": 1,
            "text": "1 : 이제 곧 추석인데 명절 상여금이 나오려나",
            "norm_text": "이제 곧 추석인데 명절 상여금이 나오려나",
            "speaker": {
              "id": "1번",
              "sex": "남성",
              "age": "20대"
            },
            "speechAct": "(지시) 질문하기",
            "morpheme": "이제/MAG+곧/MAG+추석/NNG+인데/VCP+EC+명절/NNG+상여금/NNG+이/JKS+나오/VV+려나/EC"
          },
          {
            "id": 2,
            "text": "2 : 우리는 그냥 선물세트로 끝날 듯...",
            "norm_text": "우리는 그냥 선물세트로 끝날 듯...",
            "speaker": {
              "id": "2번",
              "sex": "남성",
              "age": "20대"
            },
            "speechAct": "(단언) 주장하기",
            "morpheme": "우리/NP+는/JX+그냥/MAG+선물/NNG+세트/NNG+로/JKB+끝날/VV+ETM+듯/NNB+./SY"
          },
          {
            "id": 3,
            "text": "1 : 우리도 선물세트냐 상여금이냐 말 엄청 많긴 하더라",
            "norm_text": "우리도 선물세트냐 상여금이냐 말 엄청 많긴 하더라",
            "speaker": {
              "id": "1번",
              "sex": "남성",
              "age": "20대"
            },
            "speechAct": "(단언) 진술하기",
            "morpheme": "우리/NP+도/JX+선물/NNG+세트/NNG+냐/VCP+EC+상여금/NNG+이/VCP+냐/EC+말/NNG+엄청/MAG+많/VA+긴/ETN+JX+하/VX+더라/EC"
          },
          {
            "id": 4,
            "text": "2 : 요즘 경기가 안 좋다 보니까 상여금 주기가 힘들긴 할 꺼야...",
            "norm_text": "요즘 경기가 안 좋다 보니까 상여금 주기가 힘들긴 할 꺼야...",
            "speaker": {
              "id": "2번",
              "sex": "남성",
              "age": "20대"
            },
            "speechAct": "(단언) 주장하기",
            "morpheme": "요즘/NNG+경기/NNG+가/JKS+안/MAG+좋/VA+다/EC+보/VX+니까/EC+상여금/NNG+주기/NNG+가/JKS+힘들/VA+긴/ETN+JX+할꺼/VV+ETM+NNB+VCP+야/EF+./SY"
          },
          {
            "id": 5,
            "text": "1 : 명절 상여금이 진짜 좋은데... 꽤 많이 줘서 키키",
            "norm_text": "명절 상여금이 진짜 좋은데... 꽤 많이 줘서 키키",
            "speaker": {
              "id": "1번",
              "sex": "남성",
              "age": "20대"
            },
            "speechAct": "(단언) 주장하기",
            "morpheme": "명절/NNG+상여금/NNG+이/JKS+진짜/MAG+좋/VA+은데/EF+./SY+꽤/MAG+많이/MAG+줘서/VV+EC+키/NNG+키/XSV+ETN"
          },
          {
            "id": 6,
            "text": "2 : 그렇지 키키 이럴 때 옷도 사고 부모님 용돈도 드리고",
            "norm_text": "그렇지 키키 이럴 때 옷도 사고 부모님 용돈도 드리고",
            "speaker": {
              "id": "2번",
              "sex": "남성",
              "age": "20대"
            },
            "speechAct": "(단언) 진술하기",
            "morpheme": "그렇/VA+지/EC+키/NNG+키/XSV+ETN+이럴/VA+ETM+때/NNG+옷/NNG+도/JX+사고/NNG+부모/NNG+님/XSN+용돈/NNG+도/JX+드리/VV+고/EC"
          },
          {
            "id": 7,
            "text": "1 : 우리도 이번에는 선물세트 나올 꺼 같다...",
            "norm_text": "우리도 이번에는 선물세트 나올 꺼 같다...",
            "speaker": {
              "id": "1번",
              "sex": "남성",
              "age": "20대"
            },
            "speechAct": "(단언) 주장하기",
            "morpheme": "우리/NP+도/JX+이번/NNG+에/JKB+는/JX+선물/NNG+세트/NNG+나/JX+올꺼/VV+ETM+NNB+VCP+같/VA+다/EF+./SY"
          },
          {
            "id": 8,
            "text": "2 : 어쩔 수 없지 ㅠㅠ 월급이라도 제때제때 잘 주는 게 어디냐",
            "norm_text": "어쩔 수 없지 ㅠㅠ 월급이라도 제때제때 잘 주는 게 어디냐",
            "speaker": {
              "id": "2번",
              "sex": "남성",
              "age": "20대"
            },
            "speechAct": "(지시) 질문하기",
            "morpheme": "어쩔/VV+ETM+수/NNB+없/VA+지/EC+ㅠㅠ/UNKNOWN+월급/NNG+이/VCP+라도/EC+제때/NNG+제때/NNG+잘/MAG+주/VV+는/ETM+게/NNB+JKS+어디/NP+냐/VCP+EC"
          },
          {
            "id": 9,
            "text": "1 : 그렇긴 하지 키키 시국이 이러니까 공무원도 아닌데 상여금 바라는 건 욕심이긴 하다",
            "norm_text": "그렇긴 하지 키키 시국이 이러니까 공무원도 아닌데 상여금 바라는 건 욕심이긴 하다",
            "speaker": {
              "id": "1번",
              "sex": "남성",
              "age": "20대"
            },
            "speechAct": "(단언) 주장하기",
            "morpheme": "그렇/VA+긴/ETN+JX+하/VX+지/EC+키/NNG+키/NNG+시국/NNG+이/JKS+이러/VV+니까/EC+공무원/NNG+도/JX+아닌데/VCN+EC+상여금/NNG+바라/VV+는/ETM+건/NNB+JX+욕심/NNG+이/VCP+긴/ETN+JX+하/VX+다/EC"
          },
          {
            "id": 10,
            "text": "2 : 이번 추석 때도 출근하겠네? 그때가 성수기잖아",
            "norm_text": "이번 추석 때도 출근하겠네? 그때가 성수기잖아",
            "speaker": {
              "id": "2번",
              "sex": "남성",
              "age": "20대"
            },
            "speechAct": "(지시) 질문하기",
            "morpheme": "이번/NNG+추석/NNG+때/NNG+도/JX+출근/NNG+하/XSV+겠/EP+네/EF+그때/NNG+가/JKS+성수기/NNG+잖아/VCP+EC+VX+EC"
          },
          {
            "id": 11,
            "text": "1 : 맞음... 추석 주 성수기여서 그 주에 7일 다 출근 키키",
            "norm_text": "맞음... 추석 주 성수기여서 그 주에 7일 다 출근 키키",
            "speaker": {
              "id": "1번",
              "sex": "남성",
              "age": "20대"
            },
            "speechAct": "(단언) 주장하기",
            "morpheme": "맞음/NNG+./SY+./SY+추석주성수기여서그주에/UNKNOWN+7/SN+일/NNBC+다/MAG+출근/NNG+키/NNG+키/XSV+ETN"
          },
          {
            "id": 12,
            "text": "2 : 어우... 힘들겠다 키키 이번 추석 때는 못 보겠네",
            "norm_text": "어우... 힘들겠다 키키 이번 추석 때는 못 보겠네",
            "speaker": {
              "id": "2번",
              "sex": "남성",
              "age": "20대"
            },
            "speechAct": "(단언) 주장하기",
            "morpheme": "어우/IC+./SY+힘들/VA+겠/EP+다키키/NNP+이번/NNG+추석/NNG+때/NNG+는/JX+못/MAG+보/VV+겠/EP+네/EF"
          },
          {
            "id": 13,
            "text": "1 : 그럴 듯 ㅠㅠ 추석 때 모여서 노는 게 진짜 재밌긴 한데",
            "norm_text": "그럴 듯 ㅠㅠ 추석 때 모여서 노는 게 진짜 재밌긴 한데",
            "speaker": {
              "id": "1번",
              "sex": "남성",
              "age": "20대"
            },
            "speechAct": "(단언) 주장하기",
            "morpheme": "그럴듯/VA+ETM+NNB+ㅠㅠ/UNKNOWN+추석/NNG+때/NNG+모여서/VV+EC+노/VX+는/ETM+게/NNB+JKS+진짜/MAG+재밌/VA+긴/ETN+JX+한데/VX+EC"
          },
          {
            "id": 14,
            "text": "2 : 그니까 키키 좀 아쉽긴 하네... 뭐 어쩔 수 없지 키키",
            "norm_text": "그니까 키키 좀 아쉽긴 하네... 뭐 어쩔 수 없지 키키",
            "speaker": {
              "id": "2번",
              "sex": "남성",
              "age": "20대"
            },
            "speechAct": "(단언) 주장하기",
            "morpheme": "그니까/MAJ+키/NNG+키/NNG+좀/MAG+아쉽/VA+긴/ETN+JX+하/VX+네/EF+./SY+뭐/IC+어쩔/VV+ETM+수/NNB+없/VA+지/EC+키/NNG+키/XSV+ETN"
          },
          {
            "id": 15,
            "text": "1 : 그러니까 여기서 일하는 동안 명절 때는 절대 못 간다...",
            "norm_text": "그러니까 여기서 일하는 동안 명절 때는 절대 못 간다...",
            "speaker": {
              "id": "1번",
              "sex": "남성",
              "age": "20대"
            },
            "speechAct": "(단언) 진술하기",
            "morpheme": "그러니까/MAJ+여기/NP+서/JKB+일/NNG+하/XSV+는/ETM+동안/NNG+명절/NNG+때/NNG+는/JX+절대/MAG+못/MAG+간다/VV+EF+./SY"
          },
          {
            "id": 16,
            "text": "2 : 고생하고 명절 끝나면 한번 보자 키키",
            "norm_text": "고생하고 명절 끝나면 한번 보자 키키",
            "speaker": {
              "id": "2번",
              "sex": "남성",
              "age": "20대"
            },
            "speechAct": "(지시) 충고/제안하기",
            "morpheme": "고생/NNG+하/XSV+고/EC+명절/NNG+끝/NNG+나/VV+면/EC+한/MM+번/NNBC+보/VV+자/EC+키/NNG+키/XSV+ETN"
          }
        ]
      }
    }
  ]
}