{
  "dataset": {
    "identifier": 72837,
    "name": "KAKAO_905_12_set",
    "src_path": "/data/file/cubeManager/PROJECT001/53/txt202110051528510976105/KAKAO_905_12_set/",
    "label_path": "/data/file/cubeManager/PROJECT001/53/txt202110051528510976105/KAKAO_905_12_set/",
    "category": 2,
    "type": 0
  },
  "licenses": {
    "name": "Apache License 1.0",
    "url": "http://www.apache.org/licenses/LICENSE-1.0"
  },
  "info": [
    {
      "id": 41349,
      "filename": "KAKAO_905_12.txt",
      "title": "KAKAO_905_12",
      "mediatype": "SNS",
      "medianame": "카카오톡",
      "category": "일상대화",
      "date": "2021-10-05",
      "size": 320,
      "annotations": {
        "subject": "여행",
        "speaker_type": "1:1",
        "size": 320,
        "word_size": 116,
        "text": "1 : 졸 미국 가고 싶당\n2 : 마쟈 잊을 수가 없지 하하 엘에이\n1 : 얌 돈 모아야 행 이제부터\n2 : 다시 가면 더 재밌게 놀듯\n1 : 다시 가려면 돈을 일단 모아 나야 행\n2 : 엘에이 올림픽 보러 가기로 했었는데\n1 : 우리 갔다 온 이후로 폭동 나고 ㄷㄷ\n2 : 마쟈 올림픽 보면 잼겠다\n1 : 그때 간 게 완전 신의 한 수야 키키\n2 : 28년인데 갈 수 있을까?\n1 : 파리 다음이 엘에이냐?\n2 : 그때까지 로또 열심히 해야겠어\n1 : 28년 갈 수 있을 듯?\n2 : 파스트클래스 타고 가쟈 하하\n1 : 로또 열심히 안 해도 갈 수 있을 듯? 키키\n2 : 그때까지 그럼 화이팅 하하",
        "lines": [
          {
            "id": 1,
            "text": "1 : 졸 미국 가고 싶당",
            "norm_text": "졸 미국 가고 싶당",
            "speaker": {
              "id": "1번",
              "sex": "여성",
              "age": "30대"
            },
            "speechAct": "(단언) 주장하기",
            "morpheme": "졸미국가고싶당/UNKNOWN"
          },
          {
            "id": 2,
            "text": "2 : 마쟈 잊을 수가 없지 하하 엘에이",
            "norm_text": "마쟈 잊을 수가 없지 하하 엘에이",
            "speaker": {
              "id": "2번",
              "sex": "남성",
              "age": "30대"
            },
            "speechAct": "(단언) 주장하기",
            "morpheme": "마/VV+쟈/EC+잊/VV+을/ETM+수/NNB+가/JKS+없/VA+지/EC+하하/MAG+엘에이/NNP"
          },
          {
            "id": 3,
            "text": "1 : 얌 돈 모아야 행 이제부터",
            "norm_text": "얌 돈 모아야 행 이제부터",
            "speaker": {
              "id": "1번",
              "sex": "여성",
              "age": "30대"
            },
            "speechAct": "(단언) 주장하기",
            "morpheme": "얌/NNP+돈/NNG+모아/VV+EC+야행/NNG+이제/NNG+부터/JX"
          },
          {
            "id": 4,
            "text": "2 : 다시 가면 더 재밌게 놀듯",
            "norm_text": "다시 가면 더 재밌게 놀듯",
            "speaker": {
              "id": "2번",
              "sex": "남성",
              "age": "30대"
            },
            "speechAct": "(단언) 주장하기",
            "morpheme": "다시/MAG+가/VV+면/EC+더/MAG+재밌/VA+게/EC+놀/VV+듯/EC"
          },
          {
            "id": 5,
            "text": "1 : 다시 가려면 돈을 일단 모아 나야 행",
            "norm_text": "다시 가려면 돈을 일단 모아 나야 행",
            "speaker": {
              "id": "1번",
              "sex": "여성",
              "age": "30대"
            },
            "speechAct": "(단언) 주장하기",
            "morpheme": "다시/MAG+가/VV+려면/EC+돈/NNG+을/JKO+일단/MAG+모아나/NNP+야행/NNG"
          },
          {
            "id": 6,
            "text": "2 : 엘에이 올림픽 보러 가기로 했었는데",
            "norm_text": "엘에이 올림픽 보러 가기로 했었는데",
            "speaker": {
              "id": "2번",
              "sex": "남성",
              "age": "30대"
            },
            "speechAct": "(단언) 주장하기",
            "morpheme": "엘에이/NNP+올림픽/NNP+보/VV+러/EC+가/VX+기/ETN+로/JKB+했었/VV+EP+는데/EC"
          },
          {
            "id": 7,
            "text": "1 : 우리 갔다 온 이후로 폭동 나고 ㄷㄷ",
            "norm_text": "우리 갔다 온 이후로 폭동 나고 ㄷㄷ",
            "speaker": {
              "id": "1번",
              "sex": "여성",
              "age": "30대"
            },
            "speechAct": "(단언) 진술하기",
            "morpheme": "우리/NP+갔다온/VV+ETM+이후/NNG+로/JKB+폭/MAG+동나/VV+고/EC+ㄷ/NNG+ㄷ/NNG"
          },
          {
            "id": 8,
            "text": "2 : 마쟈 올림픽 보면 잼겠다",
            "norm_text": "마쟈 올림픽 보면 잼겠다",
            "speaker": {
              "id": "2번",
              "sex": "남성",
              "age": "30대"
            },
            "speechAct": "(단언) 주장하기",
            "morpheme": "마/VV+쟈/EC+올림픽/NNP+보/VV+면/EC+잼/VV+ETN+겠/EP+다/EC"
          },
          {
            "id": 9,
            "text": "1 : 그때 간 게 완전 신의 한 수야 키키",
            "norm_text": "그때 간 게 완전 신의 한 수야 키키",
            "speaker": {
              "id": "1번",
              "sex": "여성",
              "age": "30대"
            },
            "speechAct": "(단언) 주장하기",
            "morpheme": "그때/NNG+간/VV+ETM+게/NNB+JKS+완전/MAG+신의/NNG+한/XSA+ETM+수/NNB+야/VCP+EF+키/NNG+키/XSV+ETN"
          },
          {
            "id": 10,
            "text": "2 : 28년인데 갈 수 있을까?",
            "norm_text": "28년인데 갈 수 있을까?",
            "speaker": {
              "id": "2번",
              "sex": "남성",
              "age": "30대"
            },
            "speechAct": "(지시) 질문하기",
            "morpheme": "28/SN+년/NNBC+인데/VCP+EC+갈/VX+ETM+수/NNB+있/VV+을까/EF"
          },
          {
            "id": 11,
            "text": "1 : 파리 다음이 엘에이냐?",
            "norm_text": "파리 다음이 엘에이냐?",
            "speaker": {
              "id": "1번",
              "sex": "여성",
              "age": "30대"
            },
            "speechAct": "(지시) 질문하기",
            "morpheme": "파리/NNP+다음/NNG+이/JKS+엘에이/NNP+냐/VCP+EF"
          },
          {
            "id": 12,
            "text": "2 : 그때까지 로또 열심히 해야겠어",
            "norm_text": "그때까지 로또 열심히 해야겠어",
            "speaker": {
              "id": "2번",
              "sex": "남성",
              "age": "30대"
            },
            "speechAct": "(단언) 주장하기",
            "morpheme": "그때/NNG+까지/JX+로/JKB+또/MAG+열심히/MAG+해야/VV+EC+VX+겠/EP+어/EC"
          },
          {
            "id": 13,
            "text": "1 : 28년 갈 수 있을 듯?",
            "norm_text": "28년 갈 수 있을 듯?",
            "speaker": {
              "id": "1번",
              "sex": "여성",
              "age": "30대"
            },
            "speechAct": "(단언) 주장하기",
            "morpheme": "28/SN+년/NNBC+갈/VV+ETM+수/NNB+있/VV+을/ETM+듯/NNB"
          },
          {
            "id": 14,
            "text": "2 : 파스트클래스 타고 가쟈 하하",
            "norm_text": "파스트클래스 타고 가쟈 하하",
            "speaker": {
              "id": "2번",
              "sex": "남성",
              "age": "30대"
            },
            "speechAct": "(지시) 충고/제안하기",
            "morpheme": "파스트/NNP+클래스/NNP+타/VV+고/EC+가/VX+쟈/EC+하하/MAG"
          },
          {
            "id": 15,
            "text": "1 : 로또 열심히 안 해도 갈 수 있을 듯? 키키",
            "norm_text": "로또 열심히 안 해도 갈 수 있을 듯? 키키",
            "speaker": {
              "id": "1번",
              "sex": "여성",
              "age": "30대"
            },
            "speechAct": "(단언) 주장하기",
            "morpheme": "로또/NNP+열심히/MAG+안/MAG+해도/VV+EC+갈/VX+ETM+수/NNB+있/VV+을/ETM+듯/NNB+키/NNG+키/XSV+ETN"
          },
          {
            "id": 16,
            "text": "2 : 그때까지 그럼 화이팅 하하",
            "norm_text": "그때까지 그럼 화이팅 하하",
            "speaker": {
              "id": "2번",
              "sex": "남성",
              "age": "30대"
            },
            "speechAct": "(언약) 약속하기(제3자와)/(개인적 수준)",
            "morpheme": "그때/NNG+까지/JX+그럼/MAJ+화이팅/IC+하하/MAG"
          }
        ]
      }
    }
  ]
}