{
  "dataset": {
    "identifier": 69167,
    "name": "KAKAO_919_07_set",
    "src_path": "/data/file/cubeManager/PROJECT001/53/txt20211005155848054037/KAKAO_919_07_set/",
    "label_path": "/data/file/cubeManager/PROJECT001/53/txt20211005155848054037/KAKAO_919_07_set/",
    "category": 2,
    "type": 0
  },
  "licenses": {
    "name": "Apache License 1.0",
    "url": "http://www.apache.org/licenses/LICENSE-1.0"
  },
  "info": [
    {
      "id": 41924,
      "filename": "KAKAO_919_07.txt",
      "title": "KAKAO_919_07",
      "mediatype": "SNS",
      "medianame": "카카오톡",
      "category": "일상대화",
      "date": "2021-10-05",
      "size": 618,
      "annotations": {
        "subject": "가족",
        "speaker_type": "1:1",
        "size": 618,
        "word_size": 188,
        "text": "1 : 이번에 부모님이 나 일하시는 곳으로 놀러 오신다고 하네 키키\n2 : 오... 근데 너 일하는데 좀 먼데 운전 힘드시겠네 키키\n1 : 그러니까 키키 익산에서 오려면 4시간 30분 정도 운전해야는데\n2 : 진짜 멀긴 멀다 키키 그래도 아들 일하는 곳 보러 오시나 보네\n1 : 응 키키 일하는 직장 보실 겸 여행 겸해서 오시는 거 같애 키키\n2 : 그럼 숙소랑 다 준비하고 맛있는 것도 사드려야지\n1 : 그래야지 키키 직원 할인가도 있고 해서 키키 근데 뭐 사드려야 하지 흠...\n2 : 부모님이 좋아하시는 거 사드리는 게 좋긴 한데 울진은 대게 아닌가?\n1 : 맞아 키키 대게랑 회가 유명하긴 해 키키\n2 : 보면 너는 항상 직장이 바닷가 쪽이더라 키키\n1 : 그니까 나도 신기하다...\n1 : 내가 바다랑 뭐가 있나 키키\n2 : 너가 바닷가 쪽에서 일하니까 우리도 그렇고 부모님도 그렇고 이럴 때 바다 보러 가는 거 아니겠냐 키키\n1 : 그렇긴 하지 키키 부모님 오시면 오랜만에 아들 노릇 좀 해야겠다.\n2 : 그래도 부모님 좋아하시겠네 키키 아들이 좋은 숙소도 예약하고 맛있는 것도 사드리고\n1 : 전역하고 공부만 하다가 취업해서 처음이라 많이 좋아하실 듯\n2 : 나도 얼른 돈 많이 벌어서 부모님이랑 여행 다니고 해야지...",
        "lines": [
          {
            "id": 1,
            "text": "1 : 이번에 부모님이 나 일하시는 곳으로 놀러 오신다고 하네 키키",
            "norm_text": "이번에 부모님이 나 일하시는 곳으로 놀러 오신다고 하네 키키",
            "speaker": {
              "id": "1번",
              "sex": "남성",
              "age": "20대"
            },
            "speechAct": "(단언) 진술하기",
            "morpheme": "이번/NNG+에/JKB+부모/NNG+님/XSN+이나/JC+일/NNG+하/XSV+시/EP+는/ETM+곳/NNG+으로/JKB+놀러오/VV+신다고/EP+EC+하/VX+네/EF+키/NNG+키/XSV+ETN"
          },
          {
            "id": 2,
            "text": "2 : 오... 근데 너 일하는데 좀 먼데 운전 힘드시겠네 키키",
            "norm_text": "오... 근데 너 일하는데 좀 먼데 운전 힘드시겠네 키키",
            "speaker": {
              "id": "2번",
              "sex": "남성",
              "age": "20대"
            },
            "speechAct": "(단언) 주장하기",
            "morpheme": "오/IC+./SY+근데너일하는데좀먼데운전힘드시겠네키키/UNKNOWN"
          },
          {
            "id": 3,
            "text": "1 : 그러니까 키키 익산에서 오려면 4시간 30분 정도 운전해야는데",
            "norm_text": "그러니까 키키 익산에서 오려면 4시간 30분 정도 운전해야는데",
            "speaker": {
              "id": "1번",
              "sex": "남성",
              "age": "20대"
            },
            "speechAct": "(단언) 진술하기",
            "morpheme": "그러니까/MAJ+키키/NNP+익산/NNP+에서/JKB+오/VV+려면/EC+4/SN+시간/NNG+30/SN+분/NNBC+정도/NNG+운전/NNG+해야/XSV+EC+VX+는데/EC"
          },
          {
            "id": 4,
            "text": "2 : 진짜 멀긴 멀다 키키 그래도 아들 일하는 곳 보러 오시나 보네",
            "norm_text": "진짜 멀긴 멀다 키키 그래도 아들 일하는 곳 보러 오시나 보네",
            "speaker": {
              "id": "2번",
              "sex": "남성",
              "age": "20대"
            },
            "speechAct": "(단언) 주장하기",
            "morpheme": "진짜/MAG+멀/VA+긴/ETN+JX+멀/VA+ETM+다키키/NNP+그래도/VV+EC+아들/NNG+일/NNG+하/XSV+는/ETM+곳/NNB+보/VV+러/EC+오/VX+시/EP+나/EC+보/VX+네/EC"
          },
          {
            "id": 5,
            "text": "1 : 응 키키 일하는 직장 보실 겸 여행 겸해서 오시는 거 같애 키키",
            "norm_text": "응 키키 일하는 직장 보실 겸 여행 겸해서 오시는 거 같애 키키",
            "speaker": {
              "id": "1번",
              "sex": "남성",
              "age": "20대"
            },
            "speechAct": "(단언) 주장하기",
            "morpheme": "응/IC+키/NNG+키/NNG+일/NNG+하/XSV+는/ETM+직장/NNG+보/VV+실/EP+ETM+겸/NNB+여행/NNG+겸/NNB+해서/VV+EC+오/VX+시/EP+는/ETM+거/NNB+같/VA+애/EF+키/NNG+키/XSV+ETN"
          },
          {
            "id": 6,
            "text": "2 : 그럼 숙소랑 다 준비하고 맛있는 것도 사드려야지",
            "norm_text": "그럼 숙소랑 다 준비하고 맛있는 것도 사드려야지",
            "speaker": {
              "id": "2번",
              "sex": "남성",
              "age": "20대"
            },
            "speechAct": "(지시) 충고/제안하기",
            "morpheme": "그럼/MAJ+숙소/NNG+랑/JKB+다/MAG+준비/NNG+하/XSV+고/EC+맛있/VA+는/ETM+것/NNB+도/JX+사/VV+드려야/EC+VX+EC+VX+지/EC"
          },
          {
            "id": 7,
            "text": "1 : 그래야지 키키 직원 할인가도 있고 해서 키키 근데 뭐 사드려야 하지 흠...",
            "norm_text": "그래야지 키키 직원 할인가도 있고 해서 키키 근데 뭐 사드려야 하지 흠...",
            "speaker": {
              "id": "1번",
              "sex": "남성",
              "age": "20대"
            },
            "speechAct": "(지시) 질문하기",
            "morpheme": "그래야지키키직원할인가도있고해서키키근데뭐사드려야하지흠/UNKNOWN+./SY"
          },
          {
            "id": 8,
            "text": "2 : 부모님이 좋아하시는 거 사드리는 게 좋긴 한데 울진은 대게 아닌가?",
            "norm_text": "부모님이 좋아하시는 거 사드리는 게 좋긴 한데 울진은 대게 아닌가?",
            "speaker": {
              "id": "2번",
              "sex": "남성",
              "age": "20대"
            },
            "speechAct": "(지시) 질문하기",
            "morpheme": "부모/NNG+님/XSN+이/JKS+좋/VA+아/EC+하/VX+시/EP+는/ETM+거/NNB+사/VV+EC+드리/VX+는/ETM+게/NNB+JKS+좋/VA+긴/ETN+JX+한데/VX+EC+울진/NNP+은/JX+대/VV+게/EC+아닌가/VCN+EF"
          },
          {
            "id": 9,
            "text": "1 : 맞아 키키 대게랑 회가 유명하긴 해 키키",
            "norm_text": "맞아 키키 대게랑 회가 유명하긴 해 키키",
            "speaker": {
              "id": "1번",
              "sex": "남성",
              "age": "20대"
            },
            "speechAct": "(단언) 진술하기",
            "morpheme": "맞/VV+아/EC+키/NNG+키대/NNG+게/NNG+랑/JKB+회가/NNG+유명/NNG+하/XSV+긴/ETN+JX+해/VX+EC+키/NNG+키/XSV+ETN"
          },
          {
            "id": 10,
            "text": "2 : 보면 너는 항상 직장이 바닷가 쪽이더라 키키",
            "norm_text": "보면 너는 항상 직장이 바닷가 쪽이더라 키키",
            "speaker": {
              "id": "2번",
              "sex": "남성",
              "age": "20대"
            },
            "speechAct": "(단언) 진술하기",
            "morpheme": "보/VV+면/EC+너/NP+는/JX+항상/MAG+직장/NNG+이/JKS+바닷가/NNG+쪽/NNB+이/VCP+더라/EC+키/NNG+키/XSV+ETN"
          },
          {
            "id": 11,
            "text": "1 : 그니까 나도 신기하다...",
            "norm_text": "그니까 나도 신기하다...",
            "speaker": {
              "id": "1번",
              "sex": "남성",
              "age": "20대"
            },
            "speechAct": "(단언) 주장하기",
            "morpheme": "그니까/MAJ+나/NP+도/JX+신기/XR+하/XSA+다/EF+./SY"
          },
          {
            "id": 12,
            "text": "1 : 내가 바다랑 뭐가 있나 키키",
            "norm_text": "내가 바다랑 뭐가 있나 키키",
            "speaker": {
              "id": "1번",
              "sex": "남성",
              "age": "20대"
            },
            "speechAct": "(지시) 질문하기",
            "morpheme": "내/NP+가/JKS+바다/NNG+랑/JC+뭐/NP+가/JKS+있/VA+나/EC+키/NNG+키/XSV+ETN"
          },
          {
            "id": 13,
            "text": "2 : 너가 바닷가 쪽에서 일하니까 우리도 그렇고 부모님도 그렇고 이럴 때 바다 보러 가는 거 아니겠냐 키키",
            "norm_text": "너가 바닷가 쪽에서 일하니까 우리도 그렇고 부모님도 그렇고 이럴 때 바다 보러 가는 거 아니겠냐 키키",
            "speaker": {
              "id": "2번",
              "sex": "남성",
              "age": "20대"
            },
            "speechAct": "(지시) 질문하기",
            "morpheme": "너/NP+가/JKS+바닷가/NNG+쪽/NNB+에서/JKB+일/NNG+하/XSV+니까/EC+우리/NP+도/JX+그렇/VA+고/EC+부모/NNG+님/XSN+도/JX+그렇/VA+고/EC+이럴/VV+ETM+때/NNG+바다/NNG+보/VV+러/EC+가/VX+는/ETM+거/NNB+아니/VCN+겠/EP+냐/EC+키/NNG+키/XSV+ETN"
          },
          {
            "id": 14,
            "text": "1 : 그렇긴 하지 키키 부모님 오시면 오랜만에 아들 노릇 좀 해야겠다.",
            "norm_text": "그렇긴 하지 키키 부모님 오시면 오랜만에 아들 노릇 좀 해야겠다.",
            "speaker": {
              "id": "1번",
              "sex": "남성",
              "age": "20대"
            },
            "speechAct": "(언약) 약속하기(제3자와)/(개인적 수준)",
            "morpheme": "그렇/VA+긴/ETN+JX+하/VX+지/EC+키/NNG+키/NNG+부모/NNG+님/XSN+오/VV+시/EP+면/EC+오랜만/NNG+에/JKB+아들/NNG+노릇/NNG+좀/MAG+해야겠다/VV+EC+VX+EP+EF"
          },
          {
            "id": 15,
            "text": "2 : 그래도 부모님 좋아하시겠네 키키 아들이 좋은 숙소도 예약하고 맛있는 것도 사드리고",
            "norm_text": "그래도 부모님 좋아하시겠네 키키 아들이 좋은 숙소도 예약하고 맛있는 것도 사드리고",
            "speaker": {
              "id": "2번",
              "sex": "남성",
              "age": "20대"
            },
            "speechAct": "(단언) 주장하기",
            "morpheme": "그래도/MAJ+부모/NNG+님/XSN+좋/VA+아/EC+하/VX+시/EP+겠/EP+네/EF+키키/NNP+아들/NNG+이/JKS+좋/VA+은/ETM+숙소/NNG+도/JX+예약/NNG+하/XSV+고/EC+맛있/VA+는/ETM+것/NNB+도/JX+사/VV+EC+드리/VX+고/EC"
          },
          {
            "id": 16,
            "text": "1 : 전역하고 공부만 하다가 취업해서 처음이라 많이 좋아하실 듯",
            "norm_text": "전역하고 공부만 하다가 취업해서 처음이라 많이 좋아하실 듯",
            "speaker": {
              "id": "1번",
              "sex": "남성",
              "age": "20대"
            },
            "speechAct": "(단언) 주장하기",
            "morpheme": "전역/NNG+하/XSV+고/EC+공부/NNG+만/JX+하/VV+다가/EC+취업/NNG+해서/XSV+EC+처음/NNG+이/VCP+라/EC+많이/MAG+좋/VA+아/EC+하/VX+실/EP+ETM+듯/NNB"
          },
          {
            "id": 17,
            "text": "2 : 나도 얼른 돈 많이 벌어서 부모님이랑 여행 다니고 해야지...",
            "norm_text": "나도 얼른 돈 많이 벌어서 부모님이랑 여행 다니고 해야지...",
            "speaker": {
              "id": "2번",
              "sex": "남성",
              "age": "20대"
            },
            "speechAct": "(단언) 주장하기",
            "morpheme": "나/NP+도/JX+얼른/MAG+돈/NNG+많이/MAG+벌/VV+어서/EC+부모/NNG+님/XSN+이랑/JKB+여행/NNG+다니/VV+고/EC+해야지/VV+EF+./SY"
          }
        ]
      }
    }
  ]
}