{
  "dataset": {
    "identifier": 64404,
    "name": "KAKAO_901_16_set",
    "src_path": "/data/file/cubeManager/PROJECT001/53/txt20211005153438085666/KAKAO_901_16_set/",
    "label_path": "/data/file/cubeManager/PROJECT001/53/txt20211005153438085666/KAKAO_901_16_set/",
    "category": 2,
    "type": 0
  },
  "licenses": {
    "name": "Apache License 1.0",
    "url": "http://www.apache.org/licenses/LICENSE-1.0"
  },
  "info": [
    {
      "id": 41493,
      "filename": "KAKAO_901_16.txt",
      "title": "KAKAO_901_16",
      "mediatype": "SNS",
      "medianame": "카카오톡",
      "category": "일상대화",
      "date": "2021-10-05",
      "size": 433,
      "annotations": {
        "subject": "미용",
        "speaker_type": "1:1",
        "size": 433,
        "word_size": 143,
        "text": "1 : 요새 난 피부과 다니고 있음 키키\n2 : 오 키키 관리하는 남자인가요\n1 : 그럼 키키 어릴 때 여드름이 많아서 구멍 뚫려 가지고 키키\n2 : 아... 그럼 모공이 좀 메꿔지긴 해요?\n1 : 레이저 그저께 받고 왔는데 몰라 아직 효과는 그런데 아파\n2 : 키키 아플 것 같아요 근데 또 효과만 있다면\n1 : 키키 진짜 그래도 1년은 해야 효과가 나온다던데\n2 : 엥 그건 피부과에서 돈 벌려고 그렇게 말한 거 아니에요?\n1 : 그런가 봐... 키키 난 당했네 당했어\n2 : 키키 그래서 일 년 끊은 건 아니죠?\n1 : 키키 나 아주 귀가 얇아서 설득을 당했네? 키키\n2 : 오... 일 년을 끊으면 얼마예요?\n1 : 비밀이다 니한테 말하면 **이 귀에 들어갈까 봐 키키\n2 : 에이 형 그 정도 의리는 있죠\n1 : 처음에 견적은 200 넘게 받았음 키키\n2 : 와 뭐 얼마나 가서 받는 건데요?",
        "lines": [
          {
            "id": 1,
            "text": "1 : 요새 난 피부과 다니고 있음 키키",
            "norm_text": "요새 난 피부과 다니고 있음 키키",
            "speaker": {
              "id": "1번",
              "sex": "남성",
              "age": "20대"
            },
            "speechAct": "(단언) 진술하기",
            "morpheme": "요새/MAG+난/VV+ETM+피부과/NNG+다니/VV+고/EC+있/VX+음/ETN+키/NNG+키/XSV+ETN"
          },
          {
            "id": 2,
            "text": "2 : 오 키키 관리하는 남자인가요",
            "norm_text": "오 키키 관리하는 남자인가요",
            "speaker": {
              "id": "2번",
              "sex": "남성",
              "age": "20대"
            },
            "speechAct": "(지시) 질문하기",
            "morpheme": "오키/NNP+키/NNG+관리/NNG+하/XSV+는/ETM+남자/NNG+인가요/VCP+EC"
          },
          {
            "id": 3,
            "text": "1 : 그럼 키키 어릴 때 여드름이 많아서 구멍 뚫려 가지고 키키",
            "norm_text": "그럼 키키 어릴 때 여드름이 많아서 구멍 뚫려 가지고 키키",
            "speaker": {
              "id": "1번",
              "sex": "남성",
              "age": "20대"
            },
            "speechAct": "(단언) 진술하기",
            "morpheme": "그럼/MAJ+키/NNG+키/XSV+ETN+어릴/VA+ETM+때/NNG+여드름/NNG+이/JKS+많/VA+아서/EC+구멍/NNG+뚫려/VV+EC+가지/VX+고/EC+키/NNG+키/XSV+ETN"
          },
          {
            "id": 4,
            "text": "2 : 아... 그럼 모공이 좀 메꿔지긴 해요?",
            "norm_text": "아... 그럼 모공이 좀 메꿔지긴 해요?",
            "speaker": {
              "id": "2번",
              "sex": "남성",
              "age": "20대"
            },
            "speechAct": "(지시) 질문하기",
            "morpheme": "아/IC+./SY+그럼/MAJ+모공/NNG+이/JKS+좀/MAG+메꿔/VV+EC+지/VX+긴/ETN+JX+해요/VX+EF"
          },
          {
            "id": 5,
            "text": "1 : 레이저 그저께 받고 왔는데 몰라 아직 효과는 그런데 아파",
            "norm_text": "레이저 그저께 받고 왔는데 몰라 아직 효과는 그런데 아파",
            "speaker": {
              "id": "1번",
              "sex": "남성",
              "age": "20대"
            },
            "speechAct": "(단언) 진술하기",
            "morpheme": "레이저/NNG+그저께/MAG+받/VV+고/EC+왔/VX+EP+는데/EC+몰라/VV+EF+아직/MAG+효과/NNG+는/JX+그런데/MAJ+아파/VA+EC"
          },
          {
            "id": 6,
            "text": "2 : 키키 아플 것 같아요 근데 또 효과만 있다면",
            "norm_text": "키키 아플 것 같아요 근데 또 효과만 있다면",
            "speaker": {
              "id": "2번",
              "sex": "남성",
              "age": "20대"
            },
            "speechAct": "(단언) 주장하기",
            "morpheme": "키/NNG+키/XSV+ETN+아플/VA+ETM+것/NNB+같/VA+아요/EF+근데/MAJ+또/MAG+효과/NNG+만/JX+있/VX+다면/EC"
          },
          {
            "id": 7,
            "text": "1 : 키키 진짜 그래도 1년은 해야 효과가 나온다던데",
            "norm_text": "키키 진짜 그래도 1년은 해야 효과가 나온다던데",
            "speaker": {
              "id": "1번",
              "sex": "남성",
              "age": "20대"
            },
            "speechAct": "(단언) 진술하기",
            "morpheme": "키/NNG+키/XSV+ETN+진짜/MAG+그래도/VV+EC+1/SN+년/NNBC+은/JX+해야/VV+EC+효과/NNG+가/JKS+나온다/VV+EC+던데/VV+EC"
          },
          {
            "id": 8,
            "text": "2 : 엥 그건 피부과에서 돈 벌려고 그렇게 말한 거 아니에요?",
            "norm_text": "엥 그건 피부과에서 돈 벌려고 그렇게 말한 거 아니에요?",
            "speaker": {
              "id": "2번",
              "sex": "남성",
              "age": "20대"
            },
            "speechAct": "(지시) 질문하기",
            "morpheme": "엥/IC+그건/NP+JX+피부과/NNG+에서/JKB+돈/NNG+벌/VV+려고/EC+그렇게/MAG+말/NNG+한/XSA+ETM+거/NNB+아니/VCN+에요/EF"
          },
          {
            "id": 9,
            "text": "1 : 그런가 봐... 키키 난 당했네 당했어",
            "norm_text": "그런가 봐... 키키 난 당했네 당했어",
            "speaker": {
              "id": "1번",
              "sex": "남성",
              "age": "20대"
            },
            "speechAct": "(단언) 주장하기",
            "morpheme": "그런가/VA+EC+봐/VX+EF+./SY+키/NNG+키/NNG+난당/NNG+했/XSV+EP+네/EF+당했/VV+EP+어/EC"
          },
          {
            "id": 10,
            "text": "2 : 키키 그래서 일 년 끊은 건 아니죠?",
            "norm_text": "키키 그래서 일 년 끊은 건 아니죠?",
            "speaker": {
              "id": "2번",
              "sex": "남성",
              "age": "20대"
            },
            "speechAct": "(지시) 질문하기",
            "morpheme": "키/NNG+키/XSV+ETN+그래서/MAJ+일/NR+년/NNBC+끊/VV+은/ETM+건/NNB+JX+아니/VCN+죠/EF"
          },
          {
            "id": 11,
            "text": "1 : 키키 나 아주 귀가 얇아서 설득을 당했네? 키키",
            "norm_text": "키키 나 아주 귀가 얇아서 설득을 당했네? 키키",
            "speaker": {
              "id": "1번",
              "sex": "남성",
              "age": "20대"
            },
            "speechAct": "(단언) 주장하기",
            "morpheme": "키/NNG+키나/XSA+ETN+JX+아주/MAG+귀/NNG+가/JKS+얇/VA+아서/EC+설득/NNG+을/JKO+당했/VV+EP+네/EF+키/NNG+키/XSV+ETN"
          },
          {
            "id": 12,
            "text": "2 : 오... 일 년을 끊으면 얼마예요?",
            "norm_text": "오... 일 년을 끊으면 얼마예요?",
            "speaker": {
              "id": "2번",
              "sex": "남성",
              "age": "20대"
            },
            "speechAct": "(지시) 질문하기",
            "morpheme": "오/IC+./SY+일/NR+년/NNBC+을/JKO+끊/VV+으면/EC+얼마/NNG+예요/VCP+EF"
          },
          {
            "id": 13,
            "text": "1 : 비밀이다 니한테 말하면 **이 귀에 들어갈까 봐 키키",
            "norm_text": "비밀이다 니한테 말하면 **이 귀에 들어갈까 봐 키키",
            "speaker": {
              "id": "1번",
              "sex": "남성",
              "age": "20대"
            },
            "speechAct": "(단언) 주장하기",
            "morpheme": "비밀/NNG+이/VCP+다/EF+니/NP+한테/JKB+말/NNG+하/XSV+면/EC+*/SY+*/SY+이귀/NNG+에/JKB+들어갈까봐/VV+EC+VX+EC+키/NNG+키/XSV+ETN"
          },
          {
            "id": 14,
            "text": "2 : 에이 형 그 정도 의리는 있죠",
            "norm_text": "에이 형 그 정도 의리는 있죠",
            "speaker": {
              "id": "2번",
              "sex": "남성",
              "age": "20대"
            },
            "speechAct": "(단언) 주장하기",
            "morpheme": "에이형/NNG+그/MM+정도/NNG+의리/NNG+는/JX+있/VX+죠/EF"
          },
          {
            "id": 15,
            "text": "1 : 처음에 견적은 200 넘게 받았음 키키",
            "norm_text": "처음에 견적은 200 넘게 받았음 키키",
            "speaker": {
              "id": "1번",
              "sex": "남성",
              "age": "20대"
            },
            "speechAct": "(단언) 진술하기",
            "morpheme": "처음/NNG+에/JKB+견적/NNG+은/JX+200/SN+넘/VV+게/EC+받/VV+았/EP+음/ETN+키/NNG+키/XSV+ETN"
          },
          {
            "id": 16,
            "text": "2 : 와 뭐 얼마나 가서 받는 건데요?",
            "norm_text": "와 뭐 얼마나 가서 받는 건데요?",
            "speaker": {
              "id": "2번",
              "sex": "남성",
              "age": "20대"
            },
            "speechAct": "(지시) 질문하기",
            "morpheme": "와/IC+뭐/IC+얼마나/MAG+가/VV+서/EC+받/VV+는/ETM+건데요/NNB+VCP+EF"
          }
        ]
      }
    }
  ]
}