{
  "dataset": {
    "identifier": 63906,
    "name": "KAKAO_900_19_set",
    "src_path": "/data/file/cubeManager/PROJECT001/53/txt20211005153423017184/KAKAO_900_19_set/",
    "label_path": "/data/file/cubeManager/PROJECT001/53/txt20211005153423017184/KAKAO_900_19_set/",
    "category": 2,
    "type": 0
  },
  "licenses": {
    "name": "Apache License 1.0",
    "url": "http://www.apache.org/licenses/LICENSE-1.0"
  },
  "info": [
    {
      "id": 41476,
      "filename": "KAKAO_900_19.txt",
      "title": "KAKAO_900_19",
      "mediatype": "SNS",
      "medianame": "카카오톡",
      "category": "일상대화",
      "date": "2021-10-05",
      "size": 527,
      "annotations": {
        "subject": "방송/연예",
        "speaker_type": "1:1",
        "size": 527,
        "word_size": 172,
        "text": "1 : 아 슬의생 보나? 막방 허무\n2 : 키키 막방 어땠어? 대체 어떻게 끝났길래 하나같이 반응들이 키키\n1 : 키키 그냥 먼가 끝이 아닌 느낌?\n2 : 키키 진짜 작가 뭐냐 키키 시즌 1처럼만 했어도...\n1 : 그러니까 키키 그래도 뭐 재밌긴 했어\n2 : 추추 커플 그냥 뭐 마무리 안되고 끝났다며?\n1 : 키키 머 몰라 졸라 열린 결말이야 키키\n2 : 키키 모든 커플 다 열린 결말?\n1 : 키키 어... 진짜... 이제 그다음에 산촌생활 예능 해서 그거나 봐야겠다\n2 : 난 꽉 닫힌 해피엔딩을 좋아해서 열린 결말이나 여운 주는 결말 별로야\n1 : 키키 그러면 애초에 보지 마라 아직 안 봤제?\n2 : 응 키키 볼려고 했는데 반응 안 좋아서 그냥 안 보려고 키키\n1 : 키키 다들 똑같았나 보네 반응이\n2 : 키키 작가 절필 하라고 난리더라 키키\n1 : 아 진짜? 키키 뭐야 진짜 작가 누구야\n2 : 김우정 작가 알아? 그 배우들 가지고 이거밖에 못하냐고 키키\n1 : 아 진짜? 그 작가가 뭐 다른 드라마도 했었나\n2 : 키키 많이 들어본 이름이긴 해 키키 친숙해",
        "lines": [
          {
            "id": 1,
            "text": "1 : 아 슬의생 보나? 막방 허무",
            "norm_text": "아 슬의생 보나? 막방 허무",
            "speaker": {
              "id": "1번",
              "sex": "남성",
              "age": "20대"
            },
            "speechAct": "(단언) 진술하기",
            "morpheme": "아슬/NNG+의/JKG+생보/NNG+나/JC+막/MAJ+방/NNG+허무/NNG"
          },
          {
            "id": 2,
            "text": "2 : 키키 막방 어땠어? 대체 어떻게 끝났길래 하나같이 반응들이 키키",
            "norm_text": "키키 막방 어땠어? 대체 어떻게 끝났길래 하나같이 반응들이 키키",
            "speaker": {
              "id": "2번",
              "sex": "여성",
              "age": "20대"
            },
            "speechAct": "(지시) 질문하기",
            "morpheme": "키/NNG+키/XSV+ETN+막/MAJ+방어/NNG+땠/VV+EP+어/EF+대체/MAG+어떻게/MAG+끝/NNG+났/VV+EP+길래/EC+하나같이/MAG+반응/NNG+들/XSN+이/JKS+키/NNG+키/XSV+ETN"
          },
          {
            "id": 3,
            "text": "1 : 키키 그냥 먼가 끝이 아닌 느낌?",
            "norm_text": "키키 그냥 먼가 끝이 아닌 느낌?",
            "speaker": {
              "id": "1번",
              "sex": "남성",
              "age": "20대"
            },
            "speechAct": "(단언) 주장하기",
            "morpheme": "키/NNG+키/NNG+그냥/MAG+먼가/NP+VCP+EC+끝/NNG+이/JKC+아닌/VCN+ETM+느낌/NNG"
          },
          {
            "id": 4,
            "text": "2 : 키키 진짜 작가 뭐냐 키키 시즌 1처럼만 했어도...",
            "norm_text": "키키 진짜 작가 뭐냐 키키 시즌 1처럼만 했어도...",
            "speaker": {
              "id": "2번",
              "sex": "여성",
              "age": "20대"
            },
            "speechAct": "(단언) 진술하기",
            "morpheme": "키키진짜작가뭐냐키키시즌/UNKNOWN+1/SN+처럼/JKB+만/JX+했/VV+EP+어도/EF+./SY"
          },
          {
            "id": 5,
            "text": "1 : 그러니까 키키 그래도 뭐 재밌긴 했어",
            "norm_text": "그러니까 키키 그래도 뭐 재밌긴 했어",
            "speaker": {
              "id": "1번",
              "sex": "남성",
              "age": "20대"
            },
            "speechAct": "(단언) 주장하기",
            "morpheme": "그러니까/MAJ+키/NNG+키/XSV+ETN+그래도/MAJ+뭐/IC+재밌/VA+긴/ETN+JX+했/VX+EP+어/EC"
          },
          {
            "id": 6,
            "text": "2 : 추추 커플 그냥 뭐 마무리 안되고 끝났다며?",
            "norm_text": "추추 커플 그냥 뭐 마무리 안되고 끝났다며?",
            "speaker": {
              "id": "2번",
              "sex": "여성",
              "age": "20대"
            },
            "speechAct": "(지시) 질문하기",
            "morpheme": "추추/UNKNOWN+커플/NNG+그냥/MAG+뭐/IC+마무리/MAG+안/MAG+되/VV+고/EC+끝/NNG+났/VV+EP+다며/EF"
          },
          {
            "id": 7,
            "text": "1 : 키키 머 몰라 졸라 열린 결말이야 키키",
            "norm_text": "키키 머 몰라 졸라 열린 결말이야 키키",
            "speaker": {
              "id": "1번",
              "sex": "남성",
              "age": "20대"
            },
            "speechAct": "(단언) 진술하기",
            "morpheme": "키/NNG+키/VV+머/EC+몰라/VV+EF+졸라/MAG+열린/VV+ETM+결말/NNG+이/VCP+야/EC+키/NNG+키/XSV+ETN"
          },
          {
            "id": 8,
            "text": "2 : 키키 모든 커플 다 열린 결말?",
            "norm_text": "키키 모든 커플 다 열린 결말?",
            "speaker": {
              "id": "2번",
              "sex": "여성",
              "age": "20대"
            },
            "speechAct": "(지시) 질문하기",
            "morpheme": "키키/NNP+모든/MM+커플/NNG+다/MAG+열린/VV+ETM+결말/NNG"
          },
          {
            "id": 9,
            "text": "1 : 키키 어... 진짜... 이제 그다음에 산촌생활 예능 해서 그거나 봐야겠다",
            "norm_text": "키키 어... 진짜... 이제 그다음에 산촌생활 예능 해서 그거나 봐야겠다",
            "speaker": {
              "id": "1번",
              "sex": "남성",
              "age": "20대"
            },
            "speechAct": "(단언) 주장하기",
            "morpheme": "키/NNG+키/VV+어/EF+./SY+진짜/MAG+./SY+이제/MAG+그/MM+다음/NNG+에/JKB+산촌/NNG+생활/NNG+예능/NNG+해서/XSV+EC+그거/NP+나/JX+봐야/VV+EC+VX+겠/EP+다/EC"
          },
          {
            "id": 10,
            "text": "2 : 난 꽉 닫힌 해피엔딩을 좋아해서 열린 결말이나 여운 주는 결말 별로야",
            "norm_text": "난 꽉 닫힌 해피엔딩을 좋아해서 열린 결말이나 여운 주는 결말 별로야",
            "speaker": {
              "id": "2번",
              "sex": "여성",
              "age": "20대"
            },
            "speechAct": "(단언) 주장하기",
            "morpheme": "난/NP+JX+꽉/MAG+닫힌/VV+ETM+해피/NNG+엔딩/NNG+을/JKO+좋/VA+아/EC+해서/VV+EC+열린/VV+ETM+결말/NNG+이나/JC+여운/NNG+주/VV+는/ETM+결말/NNG+별/XSN+로/JKB+야/JX"
          },
          {
            "id": 11,
            "text": "1 : 키키 그러면 애초에 보지 마라 아직 안 봤제?",
            "norm_text": "키키 그러면 애초에 보지 마라 아직 안 봤제?",
            "speaker": {
              "id": "1번",
              "sex": "남성",
              "age": "20대"
            },
            "speechAct": "(지시) 질문하기",
            "morpheme": "키/NNG+키/XSV+ETN+그러/VV+면/EC+애초/NNG+에/JKB+보/VV+지/EC+마/VX+라/EC+아직/MAG+안/MAG+봤/VV+EP+제/EF"
          },
          {
            "id": 12,
            "text": "2 : 응 키키 볼려고 했는데 반응 안 좋아서 그냥 안 보려고 키키",
            "norm_text": "응 키키 볼려고 했는데 반응 안 좋아서 그냥 안 보려고 키키",
            "speaker": {
              "id": "2번",
              "sex": "여성",
              "age": "20대"
            },
            "speechAct": "(단언) 주장하기",
            "morpheme": "응/IC+키/NNG+키/XSV+ETN+볼려고/VV+EC+했/VX+EP+는데/EC+반응/NNG+안/MAG+좋/VA+아서/EC+그냥/MAG+안/MAG+보/VV+려고/EC+키/NNG+키/XSV+ETN"
          },
          {
            "id": 13,
            "text": "1 : 키키 다들 똑같았나 보네 반응이",
            "norm_text": "키키 다들 똑같았나 보네 반응이",
            "speaker": {
              "id": "1번",
              "sex": "남성",
              "age": "20대"
            },
            "speechAct": "(단언) 진술하기",
            "morpheme": "키/NNG+키/VV+다/EC+들/XSN+똑같/VA+았/EP+나/EC+보/VX+네/EF+반응/NNG+이/JKS"
          },
          {
            "id": 14,
            "text": "2 : 키키 작가 절필 하라고 난리더라 키키",
            "norm_text": "키키 작가 절필 하라고 난리더라 키키",
            "speaker": {
              "id": "2번",
              "sex": "여성",
              "age": "20대"
            },
            "speechAct": "(단언) 진술하기",
            "morpheme": "키/NNG+키/NNG+작가/NNG+절필/NNG+하/XSV+라고/EC+난리/NNG+더라/VCP+EC+키/NNG+키/XSV+ETN"
          },
          {
            "id": 15,
            "text": "1 : 아 진짜? 키키 뭐야 진짜 작가 누구야",
            "norm_text": "아 진짜? 키키 뭐야 진짜 작가 누구야",
            "speaker": {
              "id": "1번",
              "sex": "남성",
              "age": "20대"
            },
            "speechAct": "(지시) 질문하기",
            "morpheme": "아/IC+진짜/MAG+키/NNG+키/XSV+ETN+뭐/NP+야/VCP+EF+진짜/MAG+작가/NNG+누구/NP+야/VCP+EF"
          },
          {
            "id": 16,
            "text": "2 : 김우정 작가 알아? 그 배우들 가지고 이거밖에 못하냐고 키키",
            "norm_text": "김우정 작가 알아? 그 배우들 가지고 이거밖에 못하냐고 키키",
            "speaker": {
              "id": "2번",
              "sex": "여성",
              "age": "20대"
            },
            "speechAct": "(단언) 진술하기",
            "morpheme": "김우정/NNP+작가/NNG+알/VV+아/EF+그/MM+배우/NNG+들/XSN+가지/VV+고/EC+이거/NP+밖에/JX+못/MAG+하/VV+냐고/EC+키/NNG+키/XSV+ETN"
          },
          {
            "id": 17,
            "text": "1 : 아 진짜? 그 작가가 뭐 다른 드라마도 했었나",
            "norm_text": "아 진짜? 그 작가가 뭐 다른 드라마도 했었나",
            "speaker": {
              "id": "1번",
              "sex": "남성",
              "age": "20대"
            },
            "speechAct": "(지시) 질문하기",
            "morpheme": "아/IC+진짜/MAG+그/MM+작가/NNG+가/JKS+뭐/IC+다른/MM+드라마/NNG+도/JX+했었/VV+EP+나/EC"
          },
          {
            "id": 18,
            "text": "2 : 키키 많이 들어본 이름이긴 해 키키 친숙해",
            "norm_text": "키키 많이 들어본 이름이긴 해 키키 친숙해",
            "speaker": {
              "id": "2번",
              "sex": "여성",
              "age": "20대"
            },
            "speechAct": "(단언) 진술하기",
            "morpheme": "키/NNG+키/NNG+많이/MAG+들/VV+어/EC+본/VX+ETM+이름/NNG+이/VCP+긴/ETN+JX+해/VX+EC+키/NNG+키/NNG+친숙/NNG+해/XSV+EC"
          }
        ]
      }
    }
  ]
}