{
  "dataset": {
    "identifier": 63222,
    "name": "KAKAO_917_20_set",
    "src_path": "/data/file/cubeManager/PROJECT001/53/txt20211005154939028139/KAKAO_917_20_set/",
    "label_path": "/data/file/cubeManager/PROJECT001/53/txt20211005154939028139/KAKAO_917_20_set/",
    "category": 2,
    "type": 0
  },
  "licenses": {
    "name": "Apache License 1.0",
    "url": "http://www.apache.org/licenses/LICENSE-1.0"
  },
  "info": [
    {
      "id": 41777,
      "filename": "KAKAO_917_20.txt",
      "title": "KAKAO_917_20",
      "mediatype": "SNS",
      "medianame": "카카오톡",
      "category": "일상대화",
      "date": "2021-10-05",
      "size": 363,
      "annotations": {
        "subject": "영화/만화",
        "speaker_type": "1:1",
        "size": 363,
        "word_size": 122,
        "text": "1 : 젊은 감독들도 많겠지?\n2 : 있겠지 근데 무명이지 않을까?\n1 : 응 감독들은 다 나이가 있을 것 같아 키키\n2 : 맞제 젊은 감독은 잘 모르겠노\n1 : 나도 키키 유승범 형밖에 모르겠다\n2 : 류승범 형 감독이가?\n1 : 응 키키 모가디슈 감독이야 키키\n2 : 아 진짜 그 사람이 류승범 형이었구나 키키\n1 : 응 키키 류승완 감독이더라\n2 : 키키 근데 이름 말해 줘도 잘 모르겠다 키키\n1 : 찾아 봐봐 류승범이랑 많이 닮았어 ㅋㄱ\n2 : 키키 사진 보고 왔는데 닮았네\n1 : 키키 맞제 둘이 형제라서 그럼\n2 : 키키 가족이면 그 영화에 출연도 시켜주겠다\n1 : 진짜 출연시켜 줬잖아 키키\n1 : 류승범이 그래서 배우 된 거야\n2 : 아 진짜? 키키 형 덕분이네",
        "lines": [
          {
            "id": 1,
            "text": "1 : 젊은 감독들도 많겠지?",
            "norm_text": "젊은 감독들도 많겠지?",
            "speaker": {
              "id": "1번",
              "sex": "여성",
              "age": "20대"
            },
            "speechAct": "(지시) 질문하기",
            "morpheme": "젊/VA+은/ETM+감독/NNG+들/XSN+도/JX+많/VA+겠/EP+지/EF"
          },
          {
            "id": 2,
            "text": "2 : 있겠지 근데 무명이지 않을까?",
            "norm_text": "있겠지 근데 무명이지 않을까?",
            "speaker": {
              "id": "2번",
              "sex": "남성",
              "age": "30대"
            },
            "speechAct": "(지시) 질문하기",
            "morpheme": "있/VA+겠/EP+지/EF+근데/MAJ+무명/NNG+이/VCP+지/EC+않/VX+을까/EF"
          },
          {
            "id": 3,
            "text": "1 : 응 감독들은 다 나이가 있을 것 같아 키키",
            "norm_text": "응 감독들은 다 나이가 있을 것 같아 키키",
            "speaker": {
              "id": "1번",
              "sex": "여성",
              "age": "20대"
            },
            "speechAct": "(단언) 주장하기",
            "morpheme": "응/IC+감독/NNG+들/XSN+은/JX+다/MAG+나이/NNG+가/JKS+있/VV+을/ETM+것/NNB+같/VA+아/EC+키/NNG+키/XSV+ETN"
          },
          {
            "id": 4,
            "text": "2 : 맞제 젊은 감독은 잘 모르겠노",
            "norm_text": "맞제 젊은 감독은 잘 모르겠노",
            "speaker": {
              "id": "2번",
              "sex": "남성",
              "age": "30대"
            },
            "speechAct": "N/A",
            "morpheme": "맞/VV+제/EC+젊/VA+은/ETM+감독/NNG+은/JX+잘/MAG+모르/VV+겠/EP+노/EC"
          },
          {
            "id": 5,
            "text": "1 : 나도 키키 유승범 형밖에 모르겠다",
            "norm_text": "나도 키키 유승범 형밖에 모르겠다",
            "speaker": {
              "id": "1번",
              "sex": "여성",
              "age": "20대"
            },
            "speechAct": "(단언) 주장하기",
            "morpheme": "나/NP+도/JX+키키/NNP+유승범/NNP+형/NNG+밖에/JX+모르/VV+겠/EP+다/EC"
          },
          {
            "id": 6,
            "text": "2 : 류승범 형 감독이가?",
            "norm_text": "류승범 형 감독이가?",
            "speaker": {
              "id": "2번",
              "sex": "남성",
              "age": "30대"
            },
            "speechAct": "(지시) 질문하기",
            "morpheme": "류승범/NNP+형/XSN+감독/NNG+이/VCP+가/EF"
          },
          {
            "id": 7,
            "text": "1 : 응 키키 모가디슈 감독이야 키키",
            "norm_text": "응 키키 모가디슈 감독이야 키키",
            "speaker": {
              "id": "1번",
              "sex": "여성",
              "age": "20대"
            },
            "speechAct": "(단언) 진술하기",
            "morpheme": "응/IC+키키/NNP+모가디슈/NNP+감독/NNG+이/VCP+야/EC+키/NNG+키/XSV+ETN"
          },
          {
            "id": 8,
            "text": "2 : 아 진짜 그 사람이 류승범 형이었구나 키키",
            "norm_text": "아 진짜 그 사람이 류승범 형이었구나 키키",
            "speaker": {
              "id": "2번",
              "sex": "남성",
              "age": "30대"
            },
            "speechAct": "(단언) 주장하기",
            "morpheme": "아/IC+진짜/MAG+그/MM+사람/NNG+이/JKS+류승범/NNP+형/NNG+이/VCP+었/EP+구나/EF+키/NNG+키/XSV+ETN"
          },
          {
            "id": 9,
            "text": "1 : 응 키키 류승완 감독이더라",
            "norm_text": "응 키키 류승완 감독이더라",
            "speaker": {
              "id": "1번",
              "sex": "여성",
              "age": "20대"
            },
            "speechAct": "(단언) 진술하기",
            "morpheme": "응/IC+키키/NNP+류승완/NNP+감독/NNG+이/VCP+더라/EC"
          },
          {
            "id": 10,
            "text": "2 : 키키 근데 이름 말해 줘도 잘 모르겠다 키키",
            "norm_text": "키키 근데 이름 말해 줘도 잘 모르겠다 키키",
            "speaker": {
              "id": "2번",
              "sex": "남성",
              "age": "30대"
            },
            "speechAct": "(단언) 주장하기",
            "morpheme": "키/NNG+키/XSV+ETN+근데/MAJ+이름/NNG+말/NNG+해줘도/XSV+EC+VX+EC+잘/MAG+모르/VV+겠/EP+다키키/NNP"
          },
          {
            "id": 11,
            "text": "1 : 찾아 봐봐 류승범이랑 많이 닮았어 ㅋㄱ",
            "norm_text": "찾아 봐봐 류승범이랑 많이 닮았어 ㅋㄱ",
            "speaker": {
              "id": "1번",
              "sex": "여성",
              "age": "20대"
            },
            "speechAct": "(지시) 충고/제안하기",
            "morpheme": "찾아봐/VV+EC+봐/VX+EF+류승범/NNP+이/XSN+랑/JKB+많이/MAG+닮/VV+았/EP+어/EF+ㅋㄱ/UNKNOWN"
          },
          {
            "id": 12,
            "text": "2 : 키키 사진 보고 왔는데 닮았네",
            "norm_text": "키키 사진 보고 왔는데 닮았네",
            "speaker": {
              "id": "2번",
              "sex": "남성",
              "age": "30대"
            },
            "speechAct": "(단언) 주장하기",
            "morpheme": "키/NNG+키/NNG+사진/NNG+보/VV+고/EC+왔/VX+EP+는데/EC+닮/VV+았/EP+네/EF"
          },
          {
            "id": 13,
            "text": "1 : 키키 맞제 둘이 형제라서 그럼",
            "norm_text": "키키 맞제 둘이 형제라서 그럼",
            "speaker": {
              "id": "1번",
              "sex": "여성",
              "age": "20대"
            },
            "speechAct": "(단언) 주장하기",
            "morpheme": "키/NNG+키/XSV+ETN+맞/VV+제/EC+둘/NR+이/NR+형제/NNG+라서/VCP+EC+그럼/VV+EC"
          },
          {
            "id": 14,
            "text": "2 : 키키 가족이면 그 영화에 출연도 시켜주겠다",
            "norm_text": "키키 가족이면 그 영화에 출연도 시켜주겠다",
            "speaker": {
              "id": "2번",
              "sex": "남성",
              "age": "30대"
            },
            "speechAct": "(단언) 주장하기",
            "morpheme": "키/NNG+키/NNG+가족/NNG+이/VCP+면/EC+그/MM+영화/NNG+에/JKB+출연/NNG+도/JX+시켜/VV+EC+주/VX+겠/EP+다/EC"
          },
          {
            "id": 15,
            "text": "1 : 진짜 출연시켜 줬잖아 키키",
            "norm_text": "진짜 출연시켜 줬잖아 키키",
            "speaker": {
              "id": "1번",
              "sex": "여성",
              "age": "20대"
            },
            "speechAct": "(단언) 주장하기",
            "morpheme": "진짜/MAG+출연/NNG+시켜/XSV+EC+줬/VX+EP+잖아/EF+키/NNG+키/XSV+ETN"
          },
          {
            "id": 16,
            "text": "1 : 류승범이 그래서 배우 된 거야",
            "norm_text": "류승범이 그래서 배우 된 거야",
            "speaker": {
              "id": "1번",
              "sex": "여성",
              "age": "20대"
            },
            "speechAct": "(단언) 주장하기",
            "morpheme": "류승범/NNP+이/JKS+그래서/MAJ+배우/NNG+된/XSV+ETM+거/NNB+야/VCP+EF"
          },
          {
            "id": 17,
            "text": "2 : 아 진짜? 키키 형 덕분이네",
            "norm_text": "아 진짜? 키키 형 덕분이네",
            "speaker": {
              "id": "2번",
              "sex": "남성",
              "age": "30대"
            },
            "speechAct": "(단언) 주장하기",
            "morpheme": "아/IC+진짜/MAG+키키형덕분이네/UNKNOWN"
          }
        ]
      }
    }
  ]
}