{
  "dataset": {
    "identifier": 62468,
    "name": "KAKAO_920_16_set",
    "src_path": "/data/file/cubeManager/PROJECT001/53/txt20211005161349026882/KAKAO_920_16_set/",
    "label_path": "/data/file/cubeManager/PROJECT001/53/txt20211005161349026882/KAKAO_920_16_set/",
    "category": 2,
    "type": 0
  },
  "licenses": {
    "name": "Apache License 1.0",
    "url": "http://www.apache.org/licenses/LICENSE-1.0"
  },
  "info": [
    {
      "id": 41973,
      "filename": "KAKAO_920_16.txt",
      "title": "KAKAO_920_16",
      "mediatype": "SNS",
      "medianame": "카카오톡",
      "category": "일상대화",
      "date": "2021-10-05",
      "size": 529,
      "annotations": {
        "subject": "미용",
        "speaker_type": "1:1",
        "size": 529,
        "word_size": 170,
        "text": "1 : 아 나 요즘 얼굴에 권태기 온 것 같아\n2 : 왜 어디가 지금도 충분히 괜찮은데 뭐가 문제야\n1 : 요즘 지인들 성형수술 많이 하더라고...\n1 : 그거 보니까 나도 관심이 생기는 것 같아\n2 : 근데 성형수술 돈도 돈이지만 부작용 사례도 엄청 많이 보이잖아\n1 : 아 그치. 그건 평생 안고 가야 하는 거니까\n2 : 진짜 콤플렉스 때문에 수술하는 거 제외하고는 뭔가 그냥 망가지는 것 같아\n1 : 너는 성형수술 하고 싶다는 생각 해본 적 없어?\n2 : 음... 나는 코가 좀 콤플렉스여서 한번은 생각해 본 적 있긴 하다\n1 : 아 진짜? 나는 코에 콤플렉스 있다는 거 처음 알았어 키키\n2 : 웅 코가 좀 반듯해지고 높아지면 인상 자체가 달라 보이더라고!\n1 : 그치! 코가 얼굴에서 제일 가운데에 있어서 그게 좀 큰 것 같아\n2 : 그럼 병원에 상담 가본 적 있어?\n1 : 아니! 근데 병원 여러 곳은 찾아봤어 키키\n2 : 그럼 조만간 병원 무조건 가겠네 키키\n1 : 키키 맞아, 한번 병원 찾아가 봐서 상담 받아 보려구\n2 : 신중하게 생각해보고 결정해 알겠지?",
        "lines": [
          {
            "id": 1,
            "text": "1 : 아 나 요즘 얼굴에 권태기 온 것 같아",
            "norm_text": "아 나 요즘 얼굴에 권태기 온 것 같아",
            "speaker": {
              "id": "1번",
              "sex": "여성",
              "age": "20대"
            },
            "speechAct": "(단언) 주장하기",
            "morpheme": "아/IC+나/NP+요즘/MAG+얼굴/NNG+에/JKB+권태기/NNG+온/VV+ETM+것/NNB+같/VA+아/EC"
          },
          {
            "id": 2,
            "text": "2 : 왜 어디가 지금도 충분히 괜찮은데 뭐가 문제야",
            "norm_text": "왜 어디가 지금도 충분히 괜찮은데 뭐가 문제야",
            "speaker": {
              "id": "2번",
              "sex": "남성",
              "age": "20대"
            },
            "speechAct": "(단언) 주장하기",
            "morpheme": "왜/MAG+어디/NP+가/JKS+지금/MAG+도/JX+충분히/MAG+괜찮/VA+은데/EC+뭐/NP+가/JKS+문제/NNG+야/VCP+EF"
          },
          {
            "id": 3,
            "text": "1 : 요즘 지인들 성형수술 많이 하더라고...",
            "norm_text": "요즘 지인들 성형수술 많이 하더라고...",
            "speaker": {
              "id": "1번",
              "sex": "여성",
              "age": "20대"
            },
            "speechAct": "(단언) 주장하기",
            "morpheme": "요즘/NNG+지인/NNG+들/XSN+성형/NNG+수술/NNG+많이/MAG+하/VV+더라고/EF+./SY"
          },
          {
            "id": 4,
            "text": "1 : 그거 보니까 나도 관심이 생기는 것 같아",
            "norm_text": "그거 보니까 나도 관심이 생기는 것 같아",
            "speaker": {
              "id": "1번",
              "sex": "여성",
              "age": "20대"
            },
            "speechAct": "(단언) 주장하기",
            "morpheme": "그거/NP+보/VV+니까/EC+나/NP+도/JX+관심/NNG+이/JKS+생기/VV+는/ETM+것/NNB+같/VA+아/EC"
          },
          {
            "id": 5,
            "text": "2 : 근데 성형수술 돈도 돈이지만 부작용 사례도 엄청 많이 보이잖아",
            "norm_text": "근데 성형수술 돈도 돈이지만 부작용 사례도 엄청 많이 보이잖아",
            "speaker": {
              "id": "2번",
              "sex": "남성",
              "age": "20대"
            },
            "speechAct": "(단언) 주장하기",
            "morpheme": "근데/MAJ+성형수술/NNP+돈/NNG+도/JX+돈/NNG+이/VCP+지만/EC+부작용/NNG+사례/NNG+도/JX+엄청/MAG+많이/MAG+보이/VV+잖아/EC"
          },
          {
            "id": 6,
            "text": "1 : 아 그치. 그건 평생 안고 가야 하는 거니까",
            "norm_text": "아 그치. 그건 평생 안고 가야 하는 거니까",
            "speaker": {
              "id": "1번",
              "sex": "여성",
              "age": "20대"
            },
            "speechAct": "(단언) 주장하기",
            "morpheme": "아/IC+그치/IC+그건/NP+JX+평생/NNG+안/VV+고/EC+가/VX+야/EC+하/VV+는/ETM+거/NNB+니까/VCP+EC"
          },
          {
            "id": 7,
            "text": "2 : 진짜 콤플렉스 때문에 수술하는 거 제외하고는 뭔가 그냥 망가지는 것 같아",
            "norm_text": "진짜 콤플렉스 때문에 수술하는 거 제외하고는 뭔가 그냥 망가지는 것 같아",
            "speaker": {
              "id": "2번",
              "sex": "남성",
              "age": "20대"
            },
            "speechAct": "(단언) 주장하기",
            "morpheme": "진짜/MAG+콤플렉스/NNG+때문/NNB+에/JKB+수술/NNG+하/XSV+는/ETM+거/NNB+제외/NNG+하/XSV+고/EC+는/JX+뭔가/NP+VCP+EC+그냥/MAG+망가지/VV+는/ETM+것/NNB+같/VA+아/EC"
          },
          {
            "id": 8,
            "text": "1 : 너는 성형수술 하고 싶다는 생각 해본 적 없어?",
            "norm_text": "너는 성형수술 하고 싶다는 생각 해본 적 없어?",
            "speaker": {
              "id": "1번",
              "sex": "여성",
              "age": "20대"
            },
            "speechAct": "(지시) 질문하기",
            "morpheme": "너/NP+는/JX+성형/NNG+수술/NNG+하/XSV+고/EC+싶/VX+다는/ETM+생각/NNG+해/XSV+EC+본/VX+ETM+적/NNB+없/VA+어/EF"
          },
          {
            "id": 9,
            "text": "2 : 음... 나는 코가 좀 콤플렉스여서 한번은 생각해 본 적 있긴 하다",
            "norm_text": "음... 나는 코가 좀 콤플렉스여서 한번은 생각해 본 적 있긴 하다",
            "speaker": {
              "id": "2번",
              "sex": "남성",
              "age": "20대"
            },
            "speechAct": "(단언) 주장하기",
            "morpheme": "음/IC+./SY+나/NP+는/JX+코/NNG+가/JKS+좀/MAG+콤플렉스/NNG+여서/VCP+EC+한/MM+번/NNBC+은/JX+생각/NNG+해/XSV+EC+본/VX+ETM+적/NNB+있/VA+긴/ETN+JX+하/VX+다/EC"
          },
          {
            "id": 10,
            "text": "1 : 아 진짜? 나는 코에 콤플렉스 있다는 거 처음 알았어 키키",
            "norm_text": "아 진짜? 나는 코에 콤플렉스 있다는 거 처음 알았어 키키",
            "speaker": {
              "id": "1번",
              "sex": "여성",
              "age": "20대"
            },
            "speechAct": "(단언) 주장하기",
            "morpheme": "아/IC+진짜/MAG+나/NP+는/JX+코/NNG+에/JKB+콤플렉스/NNG+있/VV+다는/ETM+거/NNB+처음/MAG+알/VV+았/EP+어/EC+키/NNG+키/XSV+ETN"
          },
          {
            "id": 11,
            "text": "2 : 웅 코가 좀 반듯해지고 높아지면 인상 자체가 달라 보이더라고!",
            "norm_text": "웅 코가 좀 반듯해지고 높아지면 인상 자체가 달라 보이더라고!",
            "speaker": {
              "id": "2번",
              "sex": "남성",
              "age": "20대"
            },
            "speechAct": "(단언) 주장하기",
            "morpheme": "웅/IC+코/NNG+가/JKS+좀/MAG+반듯/XR+해/XSA+EC+지/VX+고/EC+높/VA+아/EC+지/VX+면/EC+인상/NNG+자체/NNG+가/JKS+달라/VA+EC+보이/VV+더라고/EF"
          },
          {
            "id": 12,
            "text": "1 : 그치! 코가 얼굴에서 제일 가운데에 있어서 그게 좀 큰 것 같아",
            "norm_text": "그치! 코가 얼굴에서 제일 가운데에 있어서 그게 좀 큰 것 같아",
            "speaker": {
              "id": "1번",
              "sex": "여성",
              "age": "20대"
            },
            "speechAct": "(단언) 주장하기",
            "morpheme": "그치/IC+코/NNG+가/JKS+얼굴/NNG+에서/JKB+제일/MAG+가운데/NNG+에/JKB+있/VV+어서/EC+그게/NP+JKS+좀/MAG+큰/VA+ETM+것/NNB+같/VA+아/EC"
          },
          {
            "id": 13,
            "text": "2 : 그럼 병원에 상담 가본 적 있어?",
            "norm_text": "그럼 병원에 상담 가본 적 있어?",
            "speaker": {
              "id": "2번",
              "sex": "남성",
              "age": "20대"
            },
            "speechAct": "(지시) 질문하기",
            "morpheme": "그럼/MAJ+병원/NNG+에/JKB+상담/NNG+가본/NNG+적/XSN+있/VA+어/EF"
          },
          {
            "id": 14,
            "text": "1 : 아니! 근데 병원 여러 곳은 찾아봤어 키키",
            "norm_text": "아니! 근데 병원 여러 곳은 찾아봤어 키키",
            "speaker": {
              "id": "1번",
              "sex": "여성",
              "age": "20대"
            },
            "speechAct": "(단언) 주장하기",
            "morpheme": "아니/IC+근데/MAJ+병원/NNG+여러/MM+곳/NNG+은/JX+찾/VV+아/EC+봤/VX+EP+어/EC+키/NNG+키/XSV+ETN"
          },
          {
            "id": 15,
            "text": "2 : 그럼 조만간 병원 무조건 가겠네 키키",
            "norm_text": "그럼 조만간 병원 무조건 가겠네 키키",
            "speaker": {
              "id": "2번",
              "sex": "남성",
              "age": "20대"
            },
            "speechAct": "(단언) 주장하기",
            "morpheme": "그럼/MAJ+조만간/MAG+병원/NNG+무조건/MAG+가/VV+겠/EP+네/EF+키/NNG+키/XSV+ETN"
          },
          {
            "id": 16,
            "text": "1 : 키키 맞아, 한번 병원 찾아가 봐서 상담 받아 보려구",
            "norm_text": "키키 맞아, 한번 병원 찾아가 봐서 상담 받아 보려구",
            "speaker": {
              "id": "1번",
              "sex": "여성",
              "age": "20대"
            },
            "speechAct": "(단언) 주장하기",
            "morpheme": "키/NNG+키/XSV+ETN+맞/VV+아/EC+,/SC+한번/MAG+병원/NNG+찾아가/VV+EC+봐서/VV+EC+상담/NNG+받/VV+아/EC+보/VX+려구/EC"
          },
          {
            "id": 17,
            "text": "2 : 신중하게 생각해보고 결정해 알겠지?",
            "norm_text": "신중하게 생각해보고 결정해 알겠지?",
            "speaker": {
              "id": "2번",
              "sex": "남성",
              "age": "20대"
            },
            "speechAct": "(지시) 충고/제안하기",
            "morpheme": "신중/NNG+하/XSV+게/EC+생각/NNG+해/XSV+EC+보/VX+고/EC+결정/NNG+해/XSV+EC+알/VV+겠/EP+지/EF"
          }
        ]
      }
    }
  ]
}