{
  "dataset": {
    "identifier": 63829,
    "name": "KAKAO_901_05_set",
    "src_path": "/data/file/cubeManager/PROJECT001/53/txt20211005153438075226/KAKAO_901_05_set/",
    "label_path": "/data/file/cubeManager/PROJECT001/53/txt20211005153438075226/KAKAO_901_05_set/",
    "category": 2,
    "type": 0
  },
  "licenses": {
    "name": "Apache License 1.0",
    "url": "http://www.apache.org/licenses/LICENSE-1.0"
  },
  "info": [
    {
      "id": 41482,
      "filename": "KAKAO_901_05.txt",
      "title": "KAKAO_901_05",
      "mediatype": "SNS",
      "medianame": "카카오톡",
      "category": "일상대화",
      "date": "2021-10-05",
      "size": 400,
      "annotations": {
        "subject": "군대",
        "speaker_type": "1:1",
        "size": 400,
        "word_size": 134,
        "text": "1 : 안 되면 군대 다시 가지 뭐 키키\n2 : 오 그러면 누나는 어떻게... 키키\n1 : 키키 이제 기다리라 캐야지 키키\n2 : 키키 누나가 기다릴 수 있을까요\n1 : 키키 글체? 뭐라고 하겠다 키키 얼른 취업해야지\n2 : 키키 근데 형이 워낙 잘하시니 기다릴 수도 있어요\n1 : 키키 그럴까 키키 또 나의 계획을 브리핑 해야겠군\n2 : 키키 계획 브리핑을 자주 하시나요?\n1 : 키키 옹 생각날 때마다 하는 중 키키\n2 : 오 키키 그것도 진짜 정성이네요\n1 : 그럼 키키 항상 신뢰를 줘야지 키키\n2 : 브리핑이 잘 먹히는 편인가요?\n1 : 키키 반반이야 키키 혼날 때도 있고 키키\n2 : 키키 혼난다니 ㅠㅠ 혼나는 경우는 뭐죠\n1 : 키키 뭔가 현실성이 없었나 봐 키키\n2 : 오 그럴 수 있죠 키키 여자는 또 그런 거에도 신경 쓰니까",
        "lines": [
          {
            "id": 1,
            "text": "1 : 안 되면 군대 다시 가지 뭐 키키",
            "norm_text": "안 되면 군대 다시 가지 뭐 키키",
            "speaker": {
              "id": "1번",
              "sex": "남성",
              "age": "20대"
            },
            "speechAct": "(단언) 진술하기",
            "morpheme": "안/MAG+되/VV+면/EC+군대/NNG+다시/MAG+가/VV+지/EF+뭐/IC+키/NNG+키/XSV+ETN"
          },
          {
            "id": 2,
            "text": "2 : 오 그러면 누나는 어떻게... 키키",
            "norm_text": "오 그러면 누나는 어떻게... 키키",
            "speaker": {
              "id": "2번",
              "sex": "남성",
              "age": "20대"
            },
            "speechAct": "(지시) 질문하기",
            "morpheme": "오/IC+그러면/MAJ+누나/NNG+는/JX+어떻게/MAG+./SY+키/NNG+키/XSV+ETN"
          },
          {
            "id": 3,
            "text": "1 : 키키 이제 기다리라 캐야지 키키",
            "norm_text": "키키 이제 기다리라 캐야지 키키",
            "speaker": {
              "id": "1번",
              "sex": "남성",
              "age": "20대"
            },
            "speechAct": "(단언) 진술하기",
            "morpheme": "키/NNG+키/NNG+이제/MAG+기다리/VV+라/EC+캐/VV+야지/EC+키/NNG+키/XSV+ETN"
          },
          {
            "id": 4,
            "text": "2 : 키키 누나가 기다릴 수 있을까요",
            "norm_text": "키키 누나가 기다릴 수 있을까요",
            "speaker": {
              "id": "2번",
              "sex": "남성",
              "age": "20대"
            },
            "speechAct": "(지시) 질문하기",
            "morpheme": "키/NNG+키/NNG+누나/NNG+가/JKS+기다릴/VV+ETM+수/NNB+있/VV+을까요/EC"
          },
          {
            "id": 5,
            "text": "1 : 키키 글체? 뭐라고 하겠다 키키 얼른 취업해야지",
            "norm_text": "키키 글체? 뭐라고 하겠다 키키 얼른 취업해야지",
            "speaker": {
              "id": "1번",
              "sex": "남성",
              "age": "20대"
            },
            "speechAct": "(단언) 진술하기",
            "morpheme": "키/NNG+키/NNG+글체/NNG+뭐/NP+라고/VCP+EC+하/VX+겠/EP+다키키/NNP+얼른/MAG+취업/NNG+해야지/XSV+EC"
          },
          {
            "id": 6,
            "text": "2 : 키키 근데 형이 워낙 잘하시니 기다릴 수도 있어요",
            "norm_text": "키키 근데 형이 워낙 잘하시니 기다릴 수도 있어요",
            "speaker": {
              "id": "2번",
              "sex": "남성",
              "age": "20대"
            },
            "speechAct": "(단언) 진술하기",
            "morpheme": "키/NNG+키/XSV+ETN+근데/MAJ+형/NNG+이/JKS+워낙/MAG+잘/MAG+하/VV+시/EP+니/EC+기다릴/VV+ETM+수/NNB+도/JX+있/VA+어요/EF"
          },
          {
            "id": 7,
            "text": "1 : 키키 그럴까 키키 또 나의 계획을 브리핑 해야겠군",
            "norm_text": "키키 그럴까 키키 또 나의 계획을 브리핑 해야겠군",
            "speaker": {
              "id": "1번",
              "sex": "남성",
              "age": "20대"
            },
            "speechAct": "(단언) 주장하기",
            "morpheme": "키/NNG+키/XSV+ETN+그럴까/VV+EC+키/NNG+키/NNG+또/MAG+나/NP+의/JKG+계획/NNG+을/JKO+브리핑/NNG+해야/XSV+EC+VX+겠/EP+군/EC"
          },
          {
            "id": 8,
            "text": "2 : 키키 계획 브리핑을 자주 하시나요?",
            "norm_text": "키키 계획 브리핑을 자주 하시나요?",
            "speaker": {
              "id": "2번",
              "sex": "남성",
              "age": "20대"
            },
            "speechAct": "(지시) 질문하기",
            "morpheme": "키/NNG+키/NNG+계획/NNG+브리핑/NNG+을/JKO+자주/MAG+하/VV+시/EP+나요/EF"
          },
          {
            "id": 9,
            "text": "1 : 키키 옹 생각날 때마다 하는 중 키키",
            "norm_text": "키키 옹 생각날 때마다 하는 중 키키",
            "speaker": {
              "id": "1번",
              "sex": "남성",
              "age": "20대"
            },
            "speechAct": "(단언) 진술하기",
            "morpheme": "키/NNG+키/XSV+ETN+옹/NNB+생각/NNG+날/NNG+때/NNG+마다/JX+하/VV+는/ETM+중키/NNG+키/XSV+ETN"
          },
          {
            "id": 10,
            "text": "2 : 오 키키 그것도 진짜 정성이네요",
            "norm_text": "오 키키 그것도 진짜 정성이네요",
            "speaker": {
              "id": "2번",
              "sex": "남성",
              "age": "20대"
            },
            "speechAct": "(지시) 질문하기",
            "morpheme": "오키/NNP+키/NNG+그것/NP+도/JX+진짜/MAG+정성/NNG+이/VCP+네요/EC"
          },
          {
            "id": 11,
            "text": "1 : 그럼 키키 항상 신뢰를 줘야지 키키",
            "norm_text": "그럼 키키 항상 신뢰를 줘야지 키키",
            "speaker": {
              "id": "1번",
              "sex": "남성",
              "age": "20대"
            },
            "speechAct": "(단언) 진술하기",
            "morpheme": "그럼/MAJ+키/NNG+키/NNG+항상/MAG+신뢰/NNG+를/JKO+줘야지/VV+EC+키/NNG+키/XSV+ETN"
          },
          {
            "id": 12,
            "text": "2 : 브리핑이 잘 먹히는 편인가요?",
            "norm_text": "브리핑이 잘 먹히는 편인가요?",
            "speaker": {
              "id": "2번",
              "sex": "남성",
              "age": "20대"
            },
            "speechAct": "(지시) 질문하기",
            "morpheme": "브리핑/NNG+이/JKS+잘/MAG+먹히/VV+는/ETM+편/NNB+인가요/VCP+EF"
          },
          {
            "id": 13,
            "text": "1 : 키키 반반이야 키키 혼날 때도 있고 키키",
            "norm_text": "키키 반반이야 키키 혼날 때도 있고 키키",
            "speaker": {
              "id": "1번",
              "sex": "남성",
              "age": "20대"
            },
            "speechAct": "(단언) 진술하기",
            "morpheme": "키/NNG+키/NNG+반반/NNG+이/VCP+야/EC+키/NNG+키/NNG+혼/NNG+날/NNG+때/NNG+도/JX+있/VA+고/EC+키/NNG+키/XSV+ETN"
          },
          {
            "id": 14,
            "text": "2 : 키키 혼난다니 ㅠㅠ 혼나는 경우는 뭐죠",
            "norm_text": "키키 혼난다니 ㅠㅠ 혼나는 경우는 뭐죠",
            "speaker": {
              "id": "2번",
              "sex": "남성",
              "age": "20대"
            },
            "speechAct": "(지시) 질문하기",
            "morpheme": "키/NNG+키/XSV+ETN+혼난다/VV+EC+니/NP+ㅠㅠ/UNKNOWN+혼나/VV+는/ETM+경우/NNG+는/JX+뭐/NP+죠/VCP+EC"
          },
          {
            "id": 15,
            "text": "1 : 키키 뭔가 현실성이 없었나 봐 키키",
            "norm_text": "키키 뭔가 현실성이 없었나 봐 키키",
            "speaker": {
              "id": "1번",
              "sex": "남성",
              "age": "20대"
            },
            "speechAct": "(단언) 진술하기",
            "morpheme": "키/NNG+키/XSV+ETN+뭔가/NP+VCP+EC+현실/NNG+성/XSN+이/JKS+없/VA+었/EP+나/EC+봐/VX+EF+키/NNG+키/XSV+ETN"
          },
          {
            "id": 16,
            "text": "2 : 오 그럴 수 있죠 키키 여자는 또 그런 거에도 신경 쓰니까",
            "norm_text": "오 그럴 수 있죠 키키 여자는 또 그런 거에도 신경 쓰니까",
            "speaker": {
              "id": "2번",
              "sex": "남성",
              "age": "20대"
            },
            "speechAct": "(단언) 진술하기",
            "morpheme": "오/NR+그럴/VV+ETM+수/NNB+있/VV+죠/EF+키키/NNP+여자/NNG+는/JX+또/MAG+그런/MM+거/NNB+에/JKB+도/JX+신경/NNG+쓰/VV+니까/EC"
          }
        ]
      }
    }
  ]
}