{
  "dataset": {
    "identifier": 77427,
    "name": "KAKAO_904_15_set",
    "src_path": "/data/file/cubeManager/PROJECT001/53/txt20211005153330083659/KAKAO_904_15_set/",
    "label_path": "/data/file/cubeManager/PROJECT001/53/txt20211005153330083659/KAKAO_904_15_set/",
    "category": 2,
    "type": 0
  },
  "licenses": {
    "name": "Apache License 1.0",
    "url": "http://www.apache.org/licenses/LICENSE-1.0"
  },
  "info": [
    {
      "id": 41412,
      "filename": "KAKAO_904_15.txt",
      "title": "KAKAO_904_15",
      "mediatype": "SNS",
      "medianame": "카카오톡",
      "category": "일상대화",
      "date": "2021-10-05",
      "size": 996,
      "annotations": {
        "subject": "타 국가 이슈",
        "speaker_type": "다자간 대화",
        "size": 996,
        "word_size": 323,
        "text": "1 : * 오늘 일회용 박스에 치킨 담아서 포장하고 플라스틱 콜라병 가지고 오지 않았냐\n2 : 키키 진짜 일회용 안 쓰는 거 쉽지 않은 듯\n3 : 그거 다 종이임 하하~!\n3 : 아 그리고 그렇게 파는 걸 어떻게 해\n3 : 편의점에서 사고 텀블러에 담아 오냐\n1 : 키키 겁나 웃기네\n1 : 아 우리도 내년에 대선 하지?\n1 : 미국 대선은 올해였나?\n2 : 키키 웅웅 맞음\n2 : 올해 했지\n2 : 그게 올해가 맞나\n3 : 야 난 뭐 문화에 관심이 없나 봐\n3 : 누가 됐음?\n1 : 올해 초였던 것 같은데.\n2 : 야야 아니다\n2 : 미국 대선 작년이다\n2 : 트럼프가 하두 재선 한다고 질질 끌어서 그렇지 벌써 작년임\n3 : 난 작년 일을 아직까지도 모르다니 레전드다\n1 : 올해라고 알았던 나도 매한가지다\n2 : 야야 나 안 그래도 대박인 게 나 국제 관계잖아\n2 : 그래서 이번에 학생 대표로 포럼 참가했는데 폼페이오 국무장관이 토론하는 거 관람함\n3 : 폼페이오는 또 누구야?\n3 : 무슨 토론이었는데\n1 : 나두 처음 들어봐\n1 : 누구셔?\n1 : 우선 국무장관 토론하는 거면 볼만하겠다\n1 : 말 잘할 거 아니야\n2 : 트럼프 행정부 국무장관이 폼페이오였음.\n2 : 동북아 평화 구축을 위한 포럼 씽크탱그 2022 이라는 포럼이었음\n3 : 그걸 직접 가서 본 거야?\n1 : 그럼 지금은 국무장관이 아닌 거여?\n1 : 정권 바꼈잖어\n2 : 그거 한국에서 주최한 거고 각국 정상들이 패널로 참여해서 온라인드로 돌아가면서 토의 했움\n3 : 아하 야 무슨 얘기가 제일 기억에 남냐\n1 : 야 진짜 재밌었겠다\n1 : 우리나라 여당 야당 모여서 토론하는 것만 봐도 재밌는데\n2 : 키키 역시 미국은 중국을 두려워하지 않는구나...\n2 : 그게 가장 인상에 남음 키키\n2 : 우린 맨날 중국 눈치 보잖아\n3 : 키키 왜 중국 공격 발언 했어/\n1 : 아무래도 미국 사람들은 강대국이라는 생각이 있어서 자신감 있던데?\n2 : 그냥 미중 관계에 대해서 이야기 했는데 일도 안 무서워함 키키\n2 : 전혀 개의치 않더라\n3 : 미국이 더 우위에 있는 그런 건가?",
        "lines": [
          {
            "id": 1,
            "text": "1 : * 오늘 일회용 박스에 치킨 담아서 포장하고 플라스틱 콜라병 가지고 오지 않았냐",
            "norm_text": "* 오늘 일회용 박스에 치킨 담아서 포장하고 플라스틱 콜라병 가지고 오지 않았냐",
            "speaker": {
              "id": "1번",
              "sex": "여성",
              "age": "20대"
            },
            "speechAct": "(지시) 질문하기",
            "morpheme": "*/SY+오늘일회용박스에치킨담아서포장하고플라스틱콜라병가지고오지않았냐/UNKNOWN"
          },
          {
            "id": 2,
            "text": "2 : 키키 진짜 일회용 안 쓰는 거 쉽지 않은 듯",
            "norm_text": "키키 진짜 일회용 안 쓰는 거 쉽지 않은 듯",
            "speaker": {
              "id": "2번",
              "sex": "여성",
              "age": "20대"
            },
            "speechAct": "(단언) 진술하기",
            "morpheme": "키/NNG+키/XSV+ETN+진짜/MAG+일회용/NNG+안/MAG+쓰/VV+는/ETM+거/NNB+쉽/VA+지/EC+않/VX+은/ETM+듯/NNB"
          },
          {
            "id": 3,
            "text": "3 : 그거 다 종이임 하하~!",
            "norm_text": "그거 다 종이임 하하~!",
            "speaker": {
              "id": "3번",
              "sex": "여성",
              "age": "20대"
            },
            "speechAct": "(단언) 진술하기",
            "morpheme": "그거/NP+다/JX+종이/NNG+임하/NNG+하/XSV+~/SY"
          },
          {
            "id": 4,
            "text": "3 : 아 그리고 그렇게 파는 걸 어떻게 해",
            "norm_text": "아 그리고 그렇게 파는 걸 어떻게 해",
            "speaker": {
              "id": "3번",
              "sex": "여성",
              "age": "20대"
            },
            "speechAct": "(단언) 진술하기",
            "morpheme": "아/IC+그리고/MAJ+그렇게/MAG+파/VV+는/ETM+걸/NNB+JKO+어떻게/MAG+해/VV+EC"
          },
          {
            "id": 5,
            "text": "3 : 편의점에서 사고 텀블러에 담아 오냐",
            "norm_text": "편의점에서 사고 텀블러에 담아 오냐",
            "speaker": {
              "id": "3번",
              "sex": "여성",
              "age": "20대"
            },
            "speechAct": "(단언) 진술하기",
            "morpheme": "편의점/NNG+에서/JKB+사고/NNG+텀블러/NNG+에/JKB+담/VV+아/EC+오/VV+냐/EC"
          },
          {
            "id": 6,
            "text": "1 : 키키 겁나 웃기네",
            "norm_text": "키키 겁나 웃기네",
            "speaker": {
              "id": "1번",
              "sex": "여성",
              "age": "20대"
            },
            "speechAct": "(단언) 주장하기",
            "morpheme": "키/NNG+키/XSV+ETN+겁나/VV+EC+웃기/VV+네/EC"
          },
          {
            "id": 7,
            "text": "1 : 아 우리도 내년에 대선 하지?",
            "norm_text": "아 우리도 내년에 대선 하지?",
            "speaker": {
              "id": "1번",
              "sex": "여성",
              "age": "20대"
            },
            "speechAct": "(지시) 질문하기",
            "morpheme": "아/IC+우리/NP+도/JX+내년/NNG+에/JKB+대선/NNG+하/XSA+지/EF"
          },
          {
            "id": 8,
            "text": "1 : 미국 대선은 올해였나?",
            "norm_text": "미국 대선은 올해였나?",
            "speaker": {
              "id": "1번",
              "sex": "여성",
              "age": "20대"
            },
            "speechAct": "(지시) 질문하기",
            "morpheme": "미국/NNP+대선/NNG+은/JX+올해/NNG+였/VCP+EP+나/EF"
          },
          {
            "id": 9,
            "text": "2 : 키키 웅웅 맞음",
            "norm_text": "키키 웅웅 맞음",
            "speaker": {
              "id": "2번",
              "sex": "여성",
              "age": "20대"
            },
            "speechAct": "(단언) 주장하기",
            "morpheme": "키/NNG+키/NNG+웅웅/MAG+맞음/NNG"
          },
          {
            "id": 10,
            "text": "2 : 올해 했지",
            "norm_text": "올해 했지",
            "speaker": {
              "id": "2번",
              "sex": "여성",
              "age": "20대"
            },
            "speechAct": "(단언) 진술하기",
            "morpheme": "올해/NNG+했/XSV+EP+지/EC"
          },
          {
            "id": 11,
            "text": "2 : 그게 올해가 맞나",
            "norm_text": "그게 올해가 맞나",
            "speaker": {
              "id": "2번",
              "sex": "여성",
              "age": "20대"
            },
            "speechAct": "(지시) 질문하기",
            "morpheme": "그게/NP+JKS+올해/NNG+가/JKS+맞/VV+나/EC"
          },
          {
            "id": 12,
            "text": "3 : 야 난 뭐 문화에 관심이 없나 봐",
            "norm_text": "야 난 뭐 문화에 관심이 없나 봐",
            "speaker": {
              "id": "3번",
              "sex": "여성",
              "age": "20대"
            },
            "speechAct": "(단언) 진술하기",
            "morpheme": "야/IC+난/NP+JX+뭐/IC+문화/NNG+에/JKB+관심/NNG+이/JKS+없/VA+나/EC+봐/VX+EC"
          },
          {
            "id": 13,
            "text": "3 : 누가 됐음?",
            "norm_text": "누가 됐음?",
            "speaker": {
              "id": "3번",
              "sex": "여성",
              "age": "20대"
            },
            "speechAct": "(지시) 질문하기",
            "morpheme": "누가/NP+JKS+됐/VV+EP+음/ETN"
          },
          {
            "id": 14,
            "text": "1 : 올해 초였던 것 같은데.",
            "norm_text": "올해 초였던 것 같은데.",
            "speaker": {
              "id": "1번",
              "sex": "여성",
              "age": "20대"
            },
            "speechAct": "(단언) 진술하기",
            "morpheme": "올/MM+해초/NNG+였/VCP+EP+던/ETM+것/NNB+같/VA+은데/EF"
          },
          {
            "id": 15,
            "text": "2 : 야야 아니다",
            "norm_text": "야야 아니다",
            "speaker": {
              "id": "2번",
              "sex": "여성",
              "age": "20대"
            },
            "speechAct": "(단언) 주장하기",
            "morpheme": "야야/NNG+아니/VCN+다/EC"
          },
          {
            "id": 16,
            "text": "2 : 미국 대선 작년이다",
            "norm_text": "미국 대선 작년이다",
            "speaker": {
              "id": "2번",
              "sex": "여성",
              "age": "20대"
            },
            "speechAct": "(단언) 진술하기",
            "morpheme": "미국/NNP+대선/NNG+작년/NNG+이/VCP+다/EC"
          },
          {
            "id": 17,
            "text": "2 : 트럼프가 하두 재선 한다고 질질 끌어서 그렇지 벌써 작년임",
            "norm_text": "트럼프가 하두 재선 한다고 질질 끌어서 그렇지 벌써 작년임",
            "speaker": {
              "id": "2번",
              "sex": "여성",
              "age": "20대"
            },
            "speechAct": "(단언) 진술하기",
            "morpheme": "트럼프/NNG+가/JKS+하두/MAG+재선/NNG+한다고/XSV+EC+질질/MAG+끌/VV+어서/EC+그렇/VA+지/EF+벌써/MAG+작년/NNG+임/VCP+ETN"
          },
          {
            "id": 18,
            "text": "3 : 난 작년 일을 아직까지도 모르다니 레전드다",
            "norm_text": "난 작년 일을 아직까지도 모르다니 레전드다",
            "speaker": {
              "id": "3번",
              "sex": "여성",
              "age": "20대"
            },
            "speechAct": "(단언) 진술하기",
            "morpheme": "난/NP+JX+작년/NNG+일/NNG+을/JKO+아직/MAG+까지/JX+도/JX+모르/VV+다니/EC+레전드/NNP+다/VCP+EC"
          },
          {
            "id": 19,
            "text": "1 : 올해라고 알았던 나도 매한가지다",
            "norm_text": "올해라고 알았던 나도 매한가지다",
            "speaker": {
              "id": "1번",
              "sex": "여성",
              "age": "20대"
            },
            "speechAct": "(단언) 주장하기",
            "morpheme": "올해/NNG+라고/VCP+EC+알/VV+았/EP+던/ETM+나/NP+도/JX+매한가지/NNG+다/VCP+EC"
          },
          {
            "id": 20,
            "text": "2 : 야야 나 안 그래도 대박인 게 나 국제 관계잖아",
            "norm_text": "야야 나 안 그래도 대박인 게 나 국제 관계잖아",
            "speaker": {
              "id": "2번",
              "sex": "여성",
              "age": "20대"
            },
            "speechAct": "(단언) 진술하기",
            "morpheme": "야야/NNG+나/JC+안/MAG+그래도/VV+EC+대박/NNG+인/VCP+ETM+게/NNB+JKS+나/NP+국제/NNG+관계/NNG+잖아/VCP+EC+VX+EC"
          },
          {
            "id": 21,
            "text": "2 : 그래서 이번에 학생 대표로 포럼 참가했는데 폼페이오 국무장관이 토론하는 거 관람함",
            "norm_text": "그래서 이번에 학생 대표로 포럼 참가했는데 폼페이오 국무장관이 토론하는 거 관람함",
            "speaker": {
              "id": "2번",
              "sex": "여성",
              "age": "20대"
            },
            "speechAct": "(단언) 진술하기",
            "morpheme": "그래서/MAJ+이번/NNG+에/JKB+학생/NNG+대표/NNG+로/JKB+포럼/NNG+참가/NNG+했/XSV+EP+는데/EC+폼페이/NNG+오/NR+국무/NNG+장관/NNG+이/JKS+토론/NNG+하/XSV+는/ETM+거/NNB+관람/NNG+함/XSV+ETN"
          },
          {
            "id": 22,
            "text": "3 : 폼페이오는 또 누구야?",
            "norm_text": "폼페이오는 또 누구야?",
            "speaker": {
              "id": "3번",
              "sex": "여성",
              "age": "20대"
            },
            "speechAct": "(지시) 질문하기",
            "morpheme": "폼페이/NNG+오/VV+는/ETM+또/MAG+누구/NP+야/VCP+EF"
          },
          {
            "id": 23,
            "text": "3 : 무슨 토론이었는데",
            "norm_text": "무슨 토론이었는데",
            "speaker": {
              "id": "3번",
              "sex": "여성",
              "age": "20대"
            },
            "speechAct": "(지시) 질문하기",
            "morpheme": "무슨/MM+토론/NNG+이/VCP+었/EP+는데/EC"
          },
          {
            "id": 24,
            "text": "1 : 나두 처음 들어봐",
            "norm_text": "나두 처음 들어봐",
            "speaker": {
              "id": "1번",
              "sex": "여성",
              "age": "20대"
            },
            "speechAct": "(단언) 진술하기",
            "morpheme": "나/NP+두/JX+처음/MAG+들/VV+어/EC+봐/VX+EC"
          },
          {
            "id": 25,
            "text": "1 : 누구셔?",
            "norm_text": "누구셔?",
            "speaker": {
              "id": "1번",
              "sex": "여성",
              "age": "20대"
            },
            "speechAct": "(지시) 질문하기",
            "morpheme": "누구/NP+셔/VCP+EP+EF"
          },
          {
            "id": 26,
            "text": "1 : 우선 국무장관 토론하는 거면 볼만하겠다",
            "norm_text": "우선 국무장관 토론하는 거면 볼만하겠다",
            "speaker": {
              "id": "1번",
              "sex": "여성",
              "age": "20대"
            },
            "speechAct": "(단언) 진술하기",
            "morpheme": "우선/MAG+국무/NNG+장관/NNG+토론/NNG+하/XSV+는/ETM+거/NNB+면/VCP+EC+볼/VX+ETM+만/NNB+하/XSA+겠/EP+다/EC"
          },
          {
            "id": 27,
            "text": "1 : 말 잘할 거 아니야",
            "norm_text": "말 잘할 거 아니야",
            "speaker": {
              "id": "1번",
              "sex": "여성",
              "age": "20대"
            },
            "speechAct": "(지시) 질문하기",
            "morpheme": "말/NNG+잘/MAG+할/VV+ETM+거/NNB+아니/VCN+야/EC"
          },
          {
            "id": 28,
            "text": "2 : 트럼프 행정부 국무장관이 폼페이오였음.",
            "norm_text": "트럼프 행정부 국무장관이 폼페이오였음.",
            "speaker": {
              "id": "2번",
              "sex": "여성",
              "age": "20대"
            },
            "speechAct": "(단언) 진술하기",
            "morpheme": "트럼프/NNG+행정부/NNG+국무/NNG+장관/NNG+이/JKS+폼페이/NNG+오/VV+였/EP+음/ETN"
          },
          {
            "id": 29,
            "text": "2 : 동북아 평화 구축을 위한 포럼 씽크탱그 2022 이라는 포럼이었음",
            "norm_text": "동북아 평화 구축을 위한 포럼 씽크탱그 2022 이라는 포럼이었음",
            "speaker": {
              "id": "2번",
              "sex": "여성",
              "age": "20대"
            },
            "speechAct": "(단언) 진술하기",
            "morpheme": "동북아평화구축을위한포럼씽크탱그/UNKNOWN+2022/SN+이/VCP+라는/ETM+포럼/NNG+이/VCP+었/EP+음/ETN"
          },
          {
            "id": 30,
            "text": "3 : 그걸 직접 가서 본 거야?",
            "norm_text": "그걸 직접 가서 본 거야?",
            "speaker": {
              "id": "3번",
              "sex": "여성",
              "age": "20대"
            },
            "speechAct": "(지시) 질문하기",
            "morpheme": "그걸/NP+JKO+직접/MAG+가/VV+서/EC+본/VX+ETM+거/NNB+야/VCP+EF"
          },
          {
            "id": 31,
            "text": "1 : 그럼 지금은 국무장관이 아닌 거여?",
            "norm_text": "그럼 지금은 국무장관이 아닌 거여?",
            "speaker": {
              "id": "1번",
              "sex": "여성",
              "age": "20대"
            },
            "speechAct": "(지시) 질문하기",
            "morpheme": "그럼/MAJ+지금/MAG+은/JX+국무/NNG+장관/NNG+이/JKC+아닌/VCN+ETM+거/NNB+여/VCP+EF"
          },
          {
            "id": 32,
            "text": "1 : 정권 바꼈잖어",
            "norm_text": "정권 바꼈잖어",
            "speaker": {
              "id": "1번",
              "sex": "여성",
              "age": "20대"
            },
            "speechAct": "(단언) 진술하기",
            "morpheme": "정권/NNG+바꼈/VV+EP+잖어/EF"
          },
          {
            "id": 33,
            "text": "2 : 그거 한국에서 주최한 거고 각국 정상들이 패널로 참여해서 온라인드로 돌아가면서 토의 했움",
            "norm_text": "그거 한국에서 주최한 거고 각국 정상들이 패널로 참여해서 온라인드로 돌아가면서 토의 했움",
            "speaker": {
              "id": "2번",
              "sex": "여성",
              "age": "20대"
            },
            "speechAct": "(단언) 진술하기",
            "morpheme": "그거/NP+한국/NNP+에서/JKB+주최/NNG+한/XSA+ETM+거/NNB+고/VCP+EC+각국/NNG+정상/NNG+들/XSN+이/JKS+패널/NNG+로/JKB+참여/NNG+해서/XSV+EC+온라인/NNG+드/NNG+로/JKB+돌아가/VV+면서/EC+토의/NNG+했/XSV+EP+움/EC"
          },
          {
            "id": 34,
            "text": "3 : 아하 야 무슨 얘기가 제일 기억에 남냐",
            "norm_text": "아하 야 무슨 얘기가 제일 기억에 남냐",
            "speaker": {
              "id": "3번",
              "sex": "여성",
              "age": "20대"
            },
            "speechAct": "(지시) 질문하기",
            "morpheme": "아/IC+하야/IC+무슨/MM+얘기/NNG+가/JKS+제일/MAG+기억/NNG+에/JKB+남/VV+냐/EC"
          },
          {
            "id": 35,
            "text": "1 : 야 진짜 재밌었겠다",
            "norm_text": "야 진짜 재밌었겠다",
            "speaker": {
              "id": "1번",
              "sex": "여성",
              "age": "20대"
            },
            "speechAct": "(단언) 진술하기",
            "morpheme": "야/IC+진짜/MAG+재밌/VA+었/EP+겠/EP+다/EC"
          },
          {
            "id": 36,
            "text": "1 : 우리나라 여당 야당 모여서 토론하는 것만 봐도 재밌는데",
            "norm_text": "우리나라 여당 야당 모여서 토론하는 것만 봐도 재밌는데",
            "speaker": {
              "id": "1번",
              "sex": "여성",
              "age": "20대"
            },
            "speechAct": "(단언) 진술하기",
            "morpheme": "우리/NP+나라/NNG+여당/NNG+야당/NNG+모여서/VV+EC+토론/NNG+하/XSV+는/ETM+것/NNB+만/JX+봐도/VV+EC+재밌/VA+는데/EC"
          },
          {
            "id": 37,
            "text": "2 : 키키 역시 미국은 중국을 두려워하지 않는구나...",
            "norm_text": "키키 역시 미국은 중국을 두려워하지 않는구나...",
            "speaker": {
              "id": "2번",
              "sex": "여성",
              "age": "20대"
            },
            "speechAct": "(단언) 진술하기",
            "morpheme": "키/NNG+키/XSV+ETN+역시/MAJ+미국/NNP+은/JX+중국/NNP+을/JKO+두려워하/VV+지/EC+않/VX+는구나/EF+./SY"
          },
          {
            "id": 38,
            "text": "2 : 그게 가장 인상에 남음 키키",
            "norm_text": "그게 가장 인상에 남음 키키",
            "speaker": {
              "id": "2번",
              "sex": "여성",
              "age": "20대"
            },
            "speechAct": "(단언) 진술하기",
            "morpheme": "그게/NP+JKS+가장/MAG+인상/NNG+에/JKB+남음/NNG+키/NNG+키/XSV+ETN"
          },
          {
            "id": 39,
            "text": "2 : 우린 맨날 중국 눈치 보잖아",
            "norm_text": "우린 맨날 중국 눈치 보잖아",
            "speaker": {
              "id": "2번",
              "sex": "여성",
              "age": "20대"
            },
            "speechAct": "(단언) 진술하기",
            "morpheme": "우린/NP+JX+맨날/MAG+중국/NNP+눈치/NNG+보/VV+잖아/EC"
          },
          {
            "id": 40,
            "text": "3 : 키키 왜 중국 공격 발언 했어/",
            "norm_text": "키키 왜 중국 공격 발언 했어/",
            "speaker": {
              "id": "3번",
              "sex": "여성",
              "age": "20대"
            },
            "speechAct": "(지시) 질문하기",
            "morpheme": "키/NNG+키/XSV+ETN+왜/MAG+중국/NNP+공격/NNG+발언/NNG+했/XSV+EP+어/EF+//SC"
          },
          {
            "id": 41,
            "text": "1 : 아무래도 미국 사람들은 강대국이라는 생각이 있어서 자신감 있던데?",
            "norm_text": "아무래도 미국 사람들은 강대국이라는 생각이 있어서 자신감 있던데?",
            "speaker": {
              "id": "1번",
              "sex": "여성",
              "age": "20대"
            },
            "speechAct": "(지시) 질문하기",
            "morpheme": "아무래도/MAG+미국/NNP+사람/NNG+들/XSN+은/JX+강대국/NNG+이/VCP+라는/ETM+생각/NNG+이/JKS+있/VV+어서/EC+자신/NNG+감/XSN+있/VA+던데/EF"
          },
          {
            "id": 42,
            "text": "2 : 그냥 미중 관계에 대해서 이야기 했는데 일도 안 무서워함 키키",
            "norm_text": "그냥 미중 관계에 대해서 이야기 했는데 일도 안 무서워함 키키",
            "speaker": {
              "id": "2번",
              "sex": "여성",
              "age": "20대"
            },
            "speechAct": "(단언) 진술하기",
            "morpheme": "그냥/MAG+미/NNP+중관/NNG+계/XSN+에/JKB+대해서/VV+EC+이야기/NNG+했/XSV+EP+는데/EC+일/NNG+도/JX+안/MAG+무서워/VA+EC+함/VX+ETN+키/NNG+키/XSV+ETN"
          },
          {
            "id": 43,
            "text": "2 : 전혀 개의치 않더라",
            "norm_text": "전혀 개의치 않더라",
            "speaker": {
              "id": "2번",
              "sex": "여성",
              "age": "20대"
            },
            "speechAct": "(단언) 진술하기",
            "morpheme": "전혀/MAG+개의/NNG+치/XSA+EC+않/VX+더라/EC"
          },
          {
            "id": 44,
            "text": "3 : 미국이 더 우위에 있는 그런 건가?",
            "norm_text": "미국이 더 우위에 있는 그런 건가?",
            "speaker": {
              "id": "3번",
              "sex": "여성",
              "age": "20대"
            },
            "speechAct": "(지시) 질문하기",
            "morpheme": "미국/NNP+이/JKS+더/MAG+우위/NNG+에/JKB+있/VV+는/ETM+그런/MM+건가/NNB+VCP+EF"
          }
        ]
      }
    }
  ]
}