{
  "dataset": {
    "identifier": 63900,
    "name": "KAKAO_900_16_set",
    "src_path": "/data/file/cubeManager/PROJECT001/53/txt20211005153423015214/KAKAO_900_16_set/",
    "label_path": "/data/file/cubeManager/PROJECT001/53/txt20211005153423015214/KAKAO_900_16_set/",
    "category": 2,
    "type": 0
  },
  "licenses": {
    "name": "Apache License 1.0",
    "url": "http://www.apache.org/licenses/LICENSE-1.0"
  },
  "info": [
    {
      "id": 41473,
      "filename": "KAKAO_900_16.txt",
      "title": "KAKAO_900_16",
      "mediatype": "SNS",
      "medianame": "카카오톡",
      "category": "일상대화",
      "date": "2021-10-05",
      "size": 589,
      "annotations": {
        "subject": "미용",
        "speaker_type": "1:1",
        "size": 589,
        "word_size": 194,
        "text": "1 : 요새 피부 때문에 피부과 다니는 중 키키\n2 : 그래 소식 들었다 키키 개부럽쓰 키키 피부 많이 괜찮아짐?\n1 : 키키 와 어제 레이저 하고 죽는 줄\n2 : ㄷㄷ 레이저 겁나 아프지? 으...\n1 : 와 진짜 식은땀이 키키 이번에 역대급이었다\n2 : 키키 그거 하고 나서도 다 재생될 때까지 조심해야 한다 아냐?\n1 : 맞아 ㅜㅜ 그 뭐야 패치 붙이고 있음\n2 : 키키 세수 할 때도 불편하겠다 키키\n1 : 아직 세수 못해 ㅜㅜ 이제 오늘 저녁에 패치 때고 세수 한다 키키\n2 : 나 점 빼러 가야 하는데... 세수 못하는 거 때문에... 미루는 중\n1 : 아 그러니까 ㅜㅜ 그게 진짜 찝찝하다 더 시원해지면 가라\n2 : 키키 아 정말... 어떤 아픔인지 알아서...\n1 : 키키 그러니까 키키 10월쯤 가라\n2 : 키키 그래야겠다 10월 초에 백신 맞거든 백신 맞고 가야 하나\n1 : 아 오 일찍 맞네 키키 그래 맞고 가면 되겠다\n2 : 키키 일주일 앞댕겼어 키키 빨리 맞고 치워야지\n1 : 아 나도 그랬는데 키키 그래 빨리 맞고 해치워야지\n2 : 맞아 키키 어차피 맞아야 할 거 키키\n1 : 그러니까 키키 어휴 니도 걱정이네 2차\n2 : 키키 안 아프길 간절히 바라는 중 키키",
        "lines": [
          {
            "id": 1,
            "text": "1 : 요새 피부 때문에 피부과 다니는 중 키키",
            "norm_text": "요새 피부 때문에 피부과 다니는 중 키키",
            "speaker": {
              "id": "1번",
              "sex": "남성",
              "age": "20대"
            },
            "speechAct": "(단언) 진술하기",
            "morpheme": "요새/NNG+피부/NNG+때문/NNB+에/JKB+피부과/NNG+다니/VV+는/ETM+중키/NNG+키/XSV+ETN"
          },
          {
            "id": 2,
            "text": "2 : 그래 소식 들었다 키키 개부럽쓰 키키 피부 많이 괜찮아짐?",
            "norm_text": "그래 소식 들었다 키키 개부럽쓰 키키 피부 많이 괜찮아짐?",
            "speaker": {
              "id": "2번",
              "sex": "여성",
              "age": "20대"
            },
            "speechAct": "(지시) 질문하기",
            "morpheme": "그래/IC+소식/NNG+들/VV+었/EP+다키키/NNP+개부/NNG+럽/NNP+쓰키/NNP+키/NNG+피부/NNG+많이/MAG+괜찮/VA+아/EC+짐/VX+ETN"
          },
          {
            "id": 3,
            "text": "1 : 키키 와 어제 레이저 하고 죽는 줄",
            "norm_text": "키키 와 어제 레이저 하고 죽는 줄",
            "speaker": {
              "id": "1번",
              "sex": "남성",
              "age": "20대"
            },
            "speechAct": "(단언) 주장하기",
            "morpheme": "키/NNG+키/XSV+ETN+와/JC+어제/NNG+레이저/NNG+하/XSV+고/EC+죽/VV+는/ETM+줄/NNB"
          },
          {
            "id": 4,
            "text": "2 : ㄷㄷ 레이저 겁나 아프지? 으...",
            "norm_text": "ㄷㄷ 레이저 겁나 아프지? 으...",
            "speaker": {
              "id": "2번",
              "sex": "여성",
              "age": "20대"
            },
            "speechAct": "(지시) 질문하기",
            "morpheme": "ㄷ/NNG+ㄷ/NNG+레이저/NNG+겁나/VV+EC+아프/VA+지/EF+으/IC+./SY"
          },
          {
            "id": 5,
            "text": "1 : 와 진짜 식은땀이 키키 이번에 역대급이었다",
            "norm_text": "와 진짜 식은땀이 키키 이번에 역대급이었다",
            "speaker": {
              "id": "1번",
              "sex": "남성",
              "age": "20대"
            },
            "speechAct": "(단언) 주장하기",
            "morpheme": "와/IC+진짜/MAG+식은땀/NNG+이/JKS+키/NNG+키/NNG+이번/NNG+에/JKB+역대/NNG+급/NNG+이/VCP+었/EP+다/EC"
          },
          {
            "id": 6,
            "text": "2 : 키키 그거 하고 나서도 다 재생될 때까지 조심해야 한다 아냐?",
            "norm_text": "키키 그거 하고 나서도 다 재생될 때까지 조심해야 한다 아냐?",
            "speaker": {
              "id": "2번",
              "sex": "여성",
              "age": "20대"
            },
            "speechAct": "(지시) 질문하기",
            "morpheme": "키/NNG+키/XSV+ETN+그거/NP+하고/JC+나/NP+서/JKB+도/JX+다/MAG+재생/NNG+될/XSV+ETM+때/NNG+까지/JX+조심/NNG+해야/XSV+EC+한다/VX+EC+아냐/VCN+EF"
          },
          {
            "id": 7,
            "text": "1 : 맞아 ㅜㅜ 그 뭐야 패치 붙이고 있음",
            "norm_text": "맞아 ㅜㅜ 그 뭐야 패치 붙이고 있음",
            "speaker": {
              "id": "1번",
              "sex": "남성",
              "age": "20대"
            },
            "speechAct": "(단언) 진술하기",
            "morpheme": "맞/VV+아/EC+ㅜㅜ/UNKNOWN+그/IC+뭐/IC+야/IC+패치/NNG+붙이/VV+고/EC+있/VX+음/ETN"
          },
          {
            "id": 8,
            "text": "2 : 키키 세수 할 때도 불편하겠다 키키",
            "norm_text": "키키 세수 할 때도 불편하겠다 키키",
            "speaker": {
              "id": "2번",
              "sex": "여성",
              "age": "20대"
            },
            "speechAct": "(단언) 주장하기",
            "morpheme": "키/NNG+키/NNG+세수/NNG+할/XSV+ETM+때/NNG+도/JX+불편/NNG+하/XSV+겠/EP+다키키/NNP"
          },
          {
            "id": 9,
            "text": "1 : 아직 세수 못해 ㅜㅜ 이제 오늘 저녁에 패치 때고 세수 한다 키키",
            "norm_text": "아직 세수 못해 ㅜㅜ 이제 오늘 저녁에 패치 때고 세수 한다 키키",
            "speaker": {
              "id": "1번",
              "sex": "남성",
              "age": "20대"
            },
            "speechAct": "(단언) 진술하기",
            "morpheme": "아직/MAG+세수/NNG+못/MAG+해/VV+EC+ㅜㅜ/UNKNOWN+이제/MAG+오늘/MAG+저녁/NNG+에/JKB+패치/NNG+때/NNG+고/VCP+EC+세수/NNG+한/XSA+ETM+다키키/NNP"
          },
          {
            "id": 10,
            "text": "2 : 나 점 빼러 가야 하는데... 세수 못하는 거 때문에... 미루는 중",
            "norm_text": "나 점 빼러 가야 하는데... 세수 못하는 거 때문에... 미루는 중",
            "speaker": {
              "id": "2번",
              "sex": "여성",
              "age": "20대"
            },
            "speechAct": "(단언) 진술하기",
            "morpheme": "나점빼러가야하는데/UNKNOWN+./SY+세수/NNG+못/MAG+하/VV+는/ETM+거/NNB+때문/NNB+에/JKB+./SY+미루/VV+는/ETM+중/NNB"
          },
          {
            "id": 11,
            "text": "1 : 아 그러니까 ㅜㅜ 그게 진짜 찝찝하다 더 시원해지면 가라",
            "norm_text": "아 그러니까 ㅜㅜ 그게 진짜 찝찝하다 더 시원해지면 가라",
            "speaker": {
              "id": "1번",
              "sex": "남성",
              "age": "20대"
            },
            "speechAct": "(지시) 충고/제안하기",
            "morpheme": "아/IC+그러니까/MAJ+ㅜㅜ/UNKNOWN+그게/NP+JKS+진짜/MAG+찝찝/XR+하/XSA+다/EC+더/MAG+시원/XR+해/XSA+EC+지/VX+면/EC+가/VX+라/EC"
          },
          {
            "id": 12,
            "text": "2 : 키키 아 정말... 어떤 아픔인지 알아서...",
            "norm_text": "키키 아 정말... 어떤 아픔인지 알아서...",
            "speaker": {
              "id": "2번",
              "sex": "여성",
              "age": "20대"
            },
            "speechAct": "(단언) 주장하기",
            "morpheme": "키/NNG+키/VV+아/EC+정말/MAG+./SY+어떤/MM+아픔/NNG+인지/VCP+EC+알/VV+아서/EC+./SY+./SY"
          },
          {
            "id": 13,
            "text": "1 : 키키 그러니까 키키 10월쯤 가라",
            "norm_text": "키키 그러니까 키키 10월쯤 가라",
            "speaker": {
              "id": "1번",
              "sex": "남성",
              "age": "20대"
            },
            "speechAct": "(지시) 충고/제안하기",
            "morpheme": "키/NNG+키/XSV+ETN+그러니까/MAJ+키/NNG+키/XSV+ETN+10/SN+월/NNBC+쯤/XSN+가/VV+라/EC"
          },
          {
            "id": 14,
            "text": "2 : 키키 그래야겠다 10월 초에 백신 맞거든 백신 맞고 가야 하나",
            "norm_text": "키키 그래야겠다 10월 초에 백신 맞거든 백신 맞고 가야 하나",
            "speaker": {
              "id": "2번",
              "sex": "여성",
              "age": "20대"
            },
            "speechAct": "(단언) 주장하기",
            "morpheme": "키/NNG+키/XSV+ETN+그래야/VA+EC+VX+겠/EP+다/EC+10/SN+월초에백신맞거든백신맞고가야하나/UNKNOWN"
          },
          {
            "id": 15,
            "text": "1 : 아 오 일찍 맞네 키키 그래 맞고 가면 되겠다",
            "norm_text": "아 오 일찍 맞네 키키 그래 맞고 가면 되겠다",
            "speaker": {
              "id": "1번",
              "sex": "남성",
              "age": "20대"
            },
            "speechAct": "(단언) 주장하기",
            "morpheme": "아오/IC+일찍/MAG+맞/VV+네/EF+키/NNG+키/XSV+ETN+그래/VA+EC+맞/VV+고/EC+가/VX+면/EC+되/VV+겠/EP+다/EC"
          },
          {
            "id": 16,
            "text": "2 : 키키 일주일 앞댕겼어 키키 빨리 맞고 치워야지",
            "norm_text": "키키 일주일 앞댕겼어 키키 빨리 맞고 치워야지",
            "speaker": {
              "id": "2번",
              "sex": "여성",
              "age": "20대"
            },
            "speechAct": "(단언) 진술하기",
            "morpheme": "키/NNG+키/XSV+ETN+일/NR+주일/NNBC+앞/NNG+댕겼/VV+EP+어/EC+키/NNG+키/XSV+ETN+빨리/MAG+맞/VV+고/EC+치워야/VV+EC+VX+지/EC"
          },
          {
            "id": 17,
            "text": "1 : 아 나도 그랬는데 키키 그래 빨리 맞고 해치워야지",
            "norm_text": "아 나도 그랬는데 키키 그래 빨리 맞고 해치워야지",
            "speaker": {
              "id": "1번",
              "sex": "남성",
              "age": "20대"
            },
            "speechAct": "(단언) 주장하기",
            "morpheme": "아/IC+나/NP+도/JX+그랬/VV+EP+는데/EC+키/NNG+키/XSV+ETN+그래/IC+빨리/MAG+맞/VV+고/EC+해/VV+EC+치워야/VV+EC+VX+지/EC"
          },
          {
            "id": 18,
            "text": "2 : 맞아 키키 어차피 맞아야 할 거 키키",
            "norm_text": "맞아 키키 어차피 맞아야 할 거 키키",
            "speaker": {
              "id": "2번",
              "sex": "여성",
              "age": "20대"
            },
            "speechAct": "(단언) 진술하기",
            "morpheme": "맞/VV+아/EC+키/NNG+키/XSV+ETN+어차피/MAG+맞/VV+아야/EC+할/VX+ETM+거/NNB+키/NNG+키/XSV+ETN"
          },
          {
            "id": 19,
            "text": "1 : 그러니까 키키 어휴 니도 걱정이네 2차",
            "norm_text": "그러니까 키키 어휴 니도 걱정이네 2차",
            "speaker": {
              "id": "1번",
              "sex": "남성",
              "age": "20대"
            },
            "speechAct": "(단언) 주장하기",
            "morpheme": "그러니까키키어휴니도걱정이네/UNKNOWN+2/SN+차/NNBC"
          },
          {
            "id": 20,
            "text": "2 : 키키 안 아프길 간절히 바라는 중 키키",
            "norm_text": "키키 안 아프길 간절히 바라는 중 키키",
            "speaker": {
              "id": "2번",
              "sex": "여성",
              "age": "20대"
            },
            "speechAct": "(단언) 주장하기",
            "morpheme": "키/NNG+키/NNG+안/MAG+아프/VA+길/ETN+JKO+간절히/MAG+바라/VV+는/ETM+중키/NNG+키/XSV+ETN"
          }
        ]
      }
    }
  ]
}