{
  "dataset": {
    "identifier": 30339,
    "name": "KAKAO_903_14_set",
    "src_path": "/data/file/cubeManager/PROJECT001/53/txt20211005095751074880/KAKAO_903_14_set/",
    "label_path": "/data/file/cubeManager/PROJECT001/53/txt20211005095751074880/KAKAO_903_14_set/",
    "category": 2,
    "type": 0
  },
  "licenses": {
    "name": "Apache License 1.0",
    "url": "http://www.apache.org/licenses/LICENSE-1.0"
  },
  "info": [
    {
      "id": 40793,
      "filename": "KAKAO_903_14.txt",
      "title": "KAKAO_903_14",
      "mediatype": "SNS",
      "medianame": "카카오톡",
      "category": "일상대화",
      "date": "2021-10-05",
      "size": 608,
      "annotations": {
        "subject": "사회이슈",
        "speaker_type": "1:1",
        "size": 608,
        "word_size": 194,
        "text": "1 : 이렇게 너와 내가 국제 관계를 트는구나\n2 : 그래 해외에 친구가 있는 것도 나쁘지 않지\n1 : 그럼 너가 북한에 가라. 그래서 우리가 남북 외교 관계를 풀어나가는 거야\n2 : 우리 둘이 해결할 수 있는 문제는 아니지 않을까?\n1 : 그럼 어쩔 수 없이 넌 북한에 있어야지...\n2 : 난 여기가 좋아 어디로 떠날 생각이 없어...\n2 : 너가 가는 건 어때? 넌 적응력이 좋아서 충분히 잘 적응 할 수 있어 응 그렇고 말고 난 널 믿어\n1 : 무슨 소리야. 평소에 없던 우리 사이의 신뢰를 이런 식으로 갑자기 만들지 마\n2 : 노노 우리 신뢰는 언제나 항상 두둑했잖아 왜 그래 ^^\n1 : 그러니까 너 왜 그래 ^^ 착각하지 마 그런 적 없어 우린\n2 : 잘 생각해 봐 신뢰가 아예 없진 않았을거야 두둑은 정정할게\n1 : 이렇게 정치구나 싶다. 말 한마디로 없던 것을 만들어내네...\n1 : 니가 국내 정치를 이끌어갈 인재다\n2 : 나를 국회로 보내줘 이 한 몸 열심히 일해볼게\n1 : 내가 너한테 소중한 한 표 줄 테니까 출마 하는 건 니 돈으로 알아서 해라\n2 : 야 해줄꺼면 전적으로 다 지원해줘야지 너무하네 ㅠ\n1 : 그렇게까지 하기에는 넌 말만 번지르르해\n2 : 행동으로 보여줄게 일단 출마나 시켜줘",
        "lines": [
          {
            "id": 1,
            "text": "1 : 이렇게 너와 내가 국제 관계를 트는구나",
            "norm_text": "이렇게 너와 내가 국제 관계를 트는구나",
            "speaker": {
              "id": "1번",
              "sex": "여성",
              "age": "20대"
            },
            "speechAct": "(단언) 진술하기",
            "morpheme": "이렇게/MAG+너/NP+와/JKB+내/NP+가/JKS+국제/NNG+관계/NNG+를/JKO+트/VV+는구나/EC"
          },
          {
            "id": 2,
            "text": "2 : 그래 해외에 친구가 있는 것도 나쁘지 않지",
            "norm_text": "그래 해외에 친구가 있는 것도 나쁘지 않지",
            "speaker": {
              "id": "2번",
              "sex": "여성",
              "age": "20대"
            },
            "speechAct": "(단언) 주장하기",
            "morpheme": "그래/IC+해외/NNG+에/JKB+친구/NNG+가/JKS+있/VA+는/ETM+것/NNB+도/JX+나쁘/VA+지/EC+않/VX+지/EC"
          },
          {
            "id": 3,
            "text": "1 : 그럼 너가 북한에 가라. 그래서 우리가 남북 외교 관계를 풀어나가는 거야",
            "norm_text": "그럼 너가 북한에 가라. 그래서 우리가 남북 외교 관계를 풀어나가는 거야",
            "speaker": {
              "id": "1번",
              "sex": "여성",
              "age": "20대"
            },
            "speechAct": "(단언) 주장하기",
            "morpheme": "그럼/MAJ+너/NP+가/JKS+북한/NNP+에/JKB+가/VV+라/EF+그래서/MAJ+우리/NP+가/JKS+남북/NNP+외교/NNG+관계/NNG+를/JKO+풀/VV+어/EC+나가/VX+는/ETM+거/NNB+야/VCP+EF"
          },
          {
            "id": 4,
            "text": "2 : 우리 둘이 해결할 수 있는 문제는 아니지 않을까?",
            "norm_text": "우리 둘이 해결할 수 있는 문제는 아니지 않을까?",
            "speaker": {
              "id": "2번",
              "sex": "여성",
              "age": "20대"
            },
            "speechAct": "(단언) 주장하기",
            "morpheme": "우리/NP+둘/NR+이/NR+해결/NNG+할/XSV+ETM+수/NNB+있/VV+는/ETM+문제/NNG+는/JX+아니/VCN+지/EC+않/VX+을까/EF"
          },
          {
            "id": 5,
            "text": "1 : 그럼 어쩔 수 없이 넌 북한에 있어야지...",
            "norm_text": "그럼 어쩔 수 없이 넌 북한에 있어야지...",
            "speaker": {
              "id": "1번",
              "sex": "여성",
              "age": "20대"
            },
            "speechAct": "(단언) 주장하기",
            "morpheme": "그럼/MAJ+어쩔/VV+ETM+수/NNB+없이/MAG+넌/NP+JX+북한/NNP+에/JKB+있/VV+어야지/EF+./SY"
          },
          {
            "id": 6,
            "text": "2 : 난 여기가 좋아 어디로 떠날 생각이 없어...",
            "norm_text": "난 여기가 좋아 어디로 떠날 생각이 없어...",
            "speaker": {
              "id": "2번",
              "sex": "여성",
              "age": "20대"
            },
            "speechAct": "(단언) 주장하기",
            "morpheme": "난/NP+JX+여기/NP+가/JKS+좋/VA+아/EC+어디/NP+로/JKB+떠날/VV+ETM+생각/NNG+이/JKS+없/VA+어/EF+./SY"
          },
          {
            "id": 7,
            "text": "2 : 너가 가는 건 어때? 넌 적응력이 좋아서 충분히 잘 적응 할 수 있어 응 그렇고 말고 난 널 믿어",
            "norm_text": "너가 가는 건 어때? 넌 적응력이 좋아서 충분히 잘 적응 할 수 있어 응 그렇고 말고 난 널 믿어",
            "speaker": {
              "id": "2번",
              "sex": "여성",
              "age": "20대"
            },
            "speechAct": "(단언) 주장하기",
            "morpheme": "너/NP+가/JKS+가/VV+는/ETM+건/NNB+JX+어때/VA+EF+넌/NP+JX+적응력/NNG+이/JKS+좋/VA+아서/EC+충분히/MAG+잘/MAG+적응/NNG+할/XSV+ETM+수/NNB+있/VV+어/EF+응/IC+그렇/VA+고/EC+말/VX+고/EC+난/NP+JX+널/NP+JKO+믿/VV+어/EC"
          },
          {
            "id": 8,
            "text": "1 : 무슨 소리야. 평소에 없던 우리 사이의 신뢰를 이런 식으로 갑자기 만들지 마",
            "norm_text": "무슨 소리야. 평소에 없던 우리 사이의 신뢰를 이런 식으로 갑자기 만들지 마",
            "speaker": {
              "id": "1번",
              "sex": "여성",
              "age": "20대"
            },
            "speechAct": "(단언) 주장하기",
            "morpheme": "무슨/MM+소리/NNG+야/VCP+EF+평소/NNG+에/JKB+없/VA+던/ETM+우리/NP+사이/NNG+의/JKG+신뢰/NNG+를/JKO+이런/MM+식/NNB+으로/JKB+갑자기/MAG+만들/VV+지/EC+마/VX+EC"
          },
          {
            "id": 9,
            "text": "2 : 노노 우리 신뢰는 언제나 항상 두둑했잖아 왜 그래 ^^",
            "norm_text": "노노 우리 신뢰는 언제나 항상 두둑했잖아 왜 그래 ^^",
            "speaker": {
              "id": "2번",
              "sex": "여성",
              "age": "20대"
            },
            "speechAct": "(단언) 주장하기",
            "morpheme": "노노/IC+우리/NP+신뢰/NNG+는/JX+언제나/MAG+항상/MAG+두둑/XR+했/XSA+EP+잖아/EF+왜/MAG+그래/VA+EC+^/SY+^/SY"
          },
          {
            "id": 10,
            "text": "1 : 그러니까 너 왜 그래 ^^ 착각하지 마 그런 적 없어 우린",
            "norm_text": "그러니까 너 왜 그래 ^^ 착각하지 마 그런 적 없어 우린",
            "speaker": {
              "id": "1번",
              "sex": "여성",
              "age": "20대"
            },
            "speechAct": "(단언) 반박하기",
            "morpheme": "그러니까/MAJ+너/NP+왜/MAG+그래/VA+EC+^/SY+^/SY+착각/NNG+하/XSV+지/EC+마/VX+EC+그런/VA+ETM+적/NNB+없/VA+어/EC+우린/NP+JX"
          },
          {
            "id": 11,
            "text": "2 : 잘 생각해 봐 신뢰가 아예 없진 않았을거야 두둑은 정정할게",
            "norm_text": "잘 생각해 봐 신뢰가 아예 없진 않았을거야 두둑은 정정할게",
            "speaker": {
              "id": "2번",
              "sex": "여성",
              "age": "20대"
            },
            "speechAct": "(단언) 주장하기",
            "morpheme": "잘/MAG+생각/NNG+해/XSV+EC+봐/VX+EF+신뢰/NNG+가/JKS+아예/MAG+없/VA+진/EC+JX+않/VX+았/EP+을/ETM+거/NNB+야/VCP+EF+두둑/NNG+은/JX+정정/NNG+할/XSV+ETM+게/NNB+JKS"
          },
          {
            "id": 12,
            "text": "1 : 이렇게 정치구나 싶다. 말 한마디로 없던 것을 만들어내네...",
            "norm_text": "이렇게 정치구나 싶다. 말 한마디로 없던 것을 만들어내네...",
            "speaker": {
              "id": "1번",
              "sex": "여성",
              "age": "20대"
            },
            "speechAct": "(단언) 주장하기",
            "morpheme": "이렇게/MAG+정치/NNG+구나/VCP+EC+싶/VX+다/EF+말/NNG+한마디/NNG+로/JKB+없/VA+던/ETM+것/NNB+을/JKO+만들/VV+어/EC+내/VX+네/EF+./SY"
          },
          {
            "id": 13,
            "text": "1 : 니가 국내 정치를 이끌어갈 인재다",
            "norm_text": "니가 국내 정치를 이끌어갈 인재다",
            "speaker": {
              "id": "1번",
              "sex": "여성",
              "age": "20대"
            },
            "speechAct": "(단언) 주장하기",
            "morpheme": "니/NP+가/JKS+국내/NNG+정치/NNG+를/JKO+이끌/VV+어/EC+갈/VX+ETM+인재/NNG+다/VCP+EC"
          },
          {
            "id": 14,
            "text": "2 : 나를 국회로 보내줘 이 한 몸 열심히 일해볼게",
            "norm_text": "나를 국회로 보내줘 이 한 몸 열심히 일해볼게",
            "speaker": {
              "id": "2번",
              "sex": "여성",
              "age": "20대"
            },
            "speechAct": "(언약) 약속하기(제3자와)/(개인적 수준)",
            "morpheme": "나/NP+를/JKO+국회/NNG+로/JKB+보내/VV+EC+줘/VX+EF+이/MM+한/MM+몸/NNG+열심히/MAG+일/NNG+해/XSV+EC+볼/VX+게/EC"
          },
          {
            "id": 15,
            "text": "1 : 내가 너한테 소중한 한 표 줄 테니까 출마 하는 건 니 돈으로 알아서 해라",
            "norm_text": "내가 너한테 소중한 한 표 줄 테니까 출마 하는 건 니 돈으로 알아서 해라",
            "speaker": {
              "id": "1번",
              "sex": "여성",
              "age": "20대"
            },
            "speechAct": "(언약) 약속하기(제3자와)/(개인적 수준)",
            "morpheme": "내/NP+가/JKS+너/NP+한테/JKB+소중/XR+한/XSA+ETM+한/MM+표/NNG+줄/VV+ETM+테/NNB+VCP+니까/EC+출마/NNG+하/XSV+는/ETM+건/NNB+JX+니/MM+돈/NNG+으로/JKB+알/VV+아서/EC+해라/VX+EC"
          },
          {
            "id": 16,
            "text": "2 : 야 해줄꺼면 전적으로 다 지원해줘야지 너무하네 ㅠ",
            "norm_text": "야 해줄꺼면 전적으로 다 지원해줘야지 너무하네 ㅠ",
            "speaker": {
              "id": "2번",
              "sex": "여성",
              "age": "20대"
            },
            "speechAct": "(단언) 주장하기",
            "morpheme": "야해/VA+EC+줄/VX+ETM+꺼/NNB+VCP+면/EC+전적/NNG+으로/JKB+다/MAG+지원/NNG+해/XSV+EC+줘야지/VX+EF+너무/MAG+하/VV+네/EF+ㅠ/UNKNOWN"
          },
          {
            "id": 17,
            "text": "1 : 그렇게까지 하기에는 넌 말만 번지르르해",
            "norm_text": "그렇게까지 하기에는 넌 말만 번지르르해",
            "speaker": {
              "id": "1번",
              "sex": "여성",
              "age": "20대"
            },
            "speechAct": "(단언) 주장하기",
            "morpheme": "그렇게/MAG+까지/JX+하/VV+기/ETN+에/JKB+는/JX+넌/NP+JX+말/NNG+만/JX+번지르르/MAG+해/VV+EC"
          },
          {
            "id": 18,
            "text": "2 : 행동으로 보여줄게 일단 출마나 시켜줘",
            "norm_text": "행동으로 보여줄게 일단 출마나 시켜줘",
            "speaker": {
              "id": "2번",
              "sex": "여성",
              "age": "20대"
            },
            "speechAct": "(언약) 약속하기(제3자와)/(개인적 수준)",
            "morpheme": "행동/NNG+으로/JKB+보여/VV+EC+줄/VX+ETM+게/NNB+JKS+일단/MAG+출마/NNG+나/JX+시켜/VV+EC+줘/VX+EC"
          }
        ]
      }
    }
  ]
}