{
  "dataset": {
    "identifier": 56722,
    "name": "KAKAO_913_02_set",
    "src_path": "/data/file/cubeManager/PROJECT001/53/txt20211005161416008379/KAKAO_913_02_set/",
    "label_path": "/data/file/cubeManager/PROJECT001/53/txt20211005161416008379/KAKAO_913_02_set/",
    "category": 2,
    "type": 0
  },
  "licenses": {
    "name": "Apache License 1.0",
    "url": "http://www.apache.org/licenses/LICENSE-1.0"
  },
  "info": [
    {
      "id": 41999,
      "filename": "KAKAO_913_02.txt",
      "title": "KAKAO_913_02",
      "mediatype": "SNS",
      "medianame": "카카오톡",
      "category": "일상대화",
      "date": "2021-10-05",
      "size": 440,
      "annotations": {
        "subject": "주거와 생활",
        "speaker_type": "1:1",
        "size": 440,
        "word_size": 152,
        "text": "1 : 언니네 부동산 몇 개 있어 딱 대\n2 : 부동산이 뭐야?\n2 : 먹는 건감? 키키\n1 : 에이 키키 장난친다 또~\n1 : 알려줘 봐~\n2 : 내 눈에 흐르는 이거 뭐지 ㅠㅠ\n1 : 아 눈물?... 키키\n1 : 언니네 농사 진다고 땅 있잖아!\n2 : 아냐! 어디서 다른 애랑 헷갈리는 거야!\n1 : 아 그건 우리 사촌언니인가? 키키\n2 : 할머니가 농사는 하시는데 우리 거 아니야... [이모티콘]\n1 : 아하 키키 그러면 다른 부동산은 뭐 없어?\n2 : 우리 집은 우리 집 하나로 연맹 중 키키\n1 : 나도 우리 집 하나로 간신히 사는 중 키키 ㅠㅠ\n2 : 그래 우리 같은 동지구나...\n2 : 몇 평이야?\n1 : 우리 집 23평이래 키키\n1 : 너무 작아\n2 : 오 동지인걸?\n2 : 우리 집 두 개 합쳐보자 하하\n1 : 그러게, 동생도 있어서 우리 집 너무 좁아\n2 : 우리 집은 그나마 오빠가 나가서 행복해 키키",
        "lines": [
          {
            "id": 1,
            "text": "1 : 언니네 부동산 몇 개 있어 딱 대",
            "norm_text": "언니네 부동산 몇 개 있어 딱 대",
            "speaker": {
              "id": "1번",
              "sex": "여성",
              "age": "20대"
            },
            "speechAct": "(지시) 질문하기",
            "morpheme": "언니네/NNP+부동산/NNG+몇/MM+개/NNBC+있/VA+어/EC+딱/MAG+대/NNG"
          },
          {
            "id": 2,
            "text": "2 : 부동산이 뭐야?",
            "norm_text": "부동산이 뭐야?",
            "speaker": {
              "id": "2번",
              "sex": "여성",
              "age": "20대"
            },
            "speechAct": "(지시) 질문하기",
            "morpheme": "부동산/NNG+이/JKS+뭐/NP+야/VCP+EF"
          },
          {
            "id": 3,
            "text": "2 : 먹는 건감? 키키",
            "norm_text": "먹는 건감? 키키",
            "speaker": {
              "id": "2번",
              "sex": "여성",
              "age": "20대"
            },
            "speechAct": "(지시) 질문하기",
            "morpheme": "먹/VV+는/ETM+건감/NNG+?/SY+키/NNG+키/XSV+ETN"
          },
          {
            "id": 4,
            "text": "1 : 에이 키키 장난친다 또~",
            "norm_text": "에이 키키 장난친다 또~",
            "speaker": {
              "id": "1번",
              "sex": "여성",
              "age": "20대"
            },
            "speechAct": "(단언) 주장하기",
            "morpheme": "에이키/NNP+키/NNG+장난친/VV+ETM+다/MAG+또/MAG+~/SY"
          },
          {
            "id": 5,
            "text": "1 : 알려줘 봐~",
            "norm_text": "알려줘 봐~",
            "speaker": {
              "id": "1번",
              "sex": "여성",
              "age": "20대"
            },
            "speechAct": "(지시) 부탁하기",
            "morpheme": "알려줘/VV+EC+VX+EC+봐/VX+EC+~/SY"
          },
          {
            "id": 6,
            "text": "2 : 내 눈에 흐르는 이거 뭐지 ㅠㅠ",
            "norm_text": "내 눈에 흐르는 이거 뭐지 ㅠㅠ",
            "speaker": {
              "id": "2번",
              "sex": "여성",
              "age": "20대"
            },
            "speechAct": "(단언) 주장하기",
            "morpheme": "내/NP+JKG+눈/NNG+에/JKB+흐르/VV+는/ETM+이거/NP+뭐/NP+지/VCP+EF+ㅠㅠ/UNKNOWN"
          },
          {
            "id": 7,
            "text": "1 : 아 눈물?... 키키",
            "norm_text": "아 눈물?... 키키",
            "speaker": {
              "id": "1번",
              "sex": "여성",
              "age": "20대"
            },
            "speechAct": "(지시) 질문하기",
            "morpheme": "아/IC+눈물/NNG+?/SY+./SY+키/NNG+키/XSV+ETN"
          },
          {
            "id": 8,
            "text": "1 : 언니네 농사 진다고 땅 있잖아!",
            "norm_text": "언니네 농사 진다고 땅 있잖아!",
            "speaker": {
              "id": "1번",
              "sex": "여성",
              "age": "20대"
            },
            "speechAct": "(단언) 주장하기",
            "morpheme": "언니네/NNP+농사/NNG+진다고/XSV+EC+땅/NNG+있/VA+잖아/EF"
          },
          {
            "id": 9,
            "text": "2 : 아냐! 어디서 다른 애랑 헷갈리는 거야!",
            "norm_text": "아냐! 어디서 다른 애랑 헷갈리는 거야!",
            "speaker": {
              "id": "2번",
              "sex": "여성",
              "age": "20대"
            },
            "speechAct": "(단언) 주장하기",
            "morpheme": "아냐/IC+어디/NP+서/JKB+다른/MM+애/NNG+랑/JKB+헷갈리/VV+는/ETM+거/NNB+야/VCP+EF"
          },
          {
            "id": 10,
            "text": "1 : 아 그건 우리 사촌언니인가? 키키",
            "norm_text": "아 그건 우리 사촌언니인가? 키키",
            "speaker": {
              "id": "1번",
              "sex": "여성",
              "age": "20대"
            },
            "speechAct": "(지시) 질문하기",
            "morpheme": "아/IC+그건/NP+JX+우리/NP+사촌/NNG+언니/NNG+인가/VCP+EF+키/NNG+키/XSV+ETN"
          },
          {
            "id": 11,
            "text": "2 : 할머니가 농사는 하시는데 우리 거 아니야... [이모티콘]",
            "norm_text": "할머니가 농사는 하시는데 우리 거 아니야... [이모티콘]",
            "speaker": {
              "id": "2번",
              "sex": "여성",
              "age": "20대"
            },
            "speechAct": "(단언) 진술하기",
            "morpheme": "할머니/NNG+가/JKS+농사/NNG+는/JX+하/VV+시/EP+는데/EC+우리/NP+거/NNB+아니/VCN+야/EF+./SY+./SY+이모티콘/NNG"
          },
          {
            "id": 12,
            "text": "1 : 아하 키키 그러면 다른 부동산은 뭐 없어?",
            "norm_text": "아하 키키 그러면 다른 부동산은 뭐 없어?",
            "speaker": {
              "id": "1번",
              "sex": "여성",
              "age": "20대"
            },
            "speechAct": "(지시) 질문하기",
            "morpheme": "아/IC+하키/NNG+키/XSV+ETN+그러면/MAJ+다른/MM+부동산/NNG+은/JX+뭐/IC+없/VA+어/EF"
          },
          {
            "id": 13,
            "text": "2 : 우리 집은 우리 집 하나로 연맹 중 키키",
            "norm_text": "우리 집은 우리 집 하나로 연맹 중 키키",
            "speaker": {
              "id": "2번",
              "sex": "여성",
              "age": "20대"
            },
            "speechAct": "(단언) 주장하기",
            "morpheme": "우리/NP+집/NNG+은/JX+우리/NP+집/NNG+하나/NR+로/JKB+연맹/NNG+중키/NNG+키/XSV+ETN"
          },
          {
            "id": 14,
            "text": "1 : 나도 우리 집 하나로 간신히 사는 중 키키 ㅠㅠ",
            "norm_text": "나도 우리 집 하나로 간신히 사는 중 키키 ㅠㅠ",
            "speaker": {
              "id": "1번",
              "sex": "여성",
              "age": "20대"
            },
            "speechAct": "(단언) 진술하기",
            "morpheme": "나/NP+도/JX+우리/NP+집/NNG+하나/NR+로/JKB+간신히/MAG+사/VV+는/ETM+중키/NNG+키/XSV+ETN+ㅠㅠ/UNKNOWN"
          },
          {
            "id": 15,
            "text": "2 : 그래 우리 같은 동지구나...",
            "norm_text": "그래 우리 같은 동지구나...",
            "speaker": {
              "id": "2번",
              "sex": "여성",
              "age": "20대"
            },
            "speechAct": "(단언) 주장하기",
            "morpheme": "그래/IC+우리/NP+같/VA+은/ETM+동지/NNG+구나/VCP+EF+./SY"
          },
          {
            "id": 16,
            "text": "2 : 몇 평이야?",
            "norm_text": "몇 평이야?",
            "speaker": {
              "id": "2번",
              "sex": "여성",
              "age": "20대"
            },
            "speechAct": "(지시) 질문하기",
            "morpheme": "몇/MM+평/NNBC+이/VCP+야/EF"
          },
          {
            "id": 17,
            "text": "1 : 우리 집 23평이래 키키",
            "norm_text": "우리 집 23평이래 키키",
            "speaker": {
              "id": "1번",
              "sex": "여성",
              "age": "20대"
            },
            "speechAct": "(단언) 진술하기",
            "morpheme": "우리/NP+집/NNG+23/SN+평/NNBC+이래/NNB+키/NNG+키/XSV+ETN"
          },
          {
            "id": 18,
            "text": "1 : 너무 작아",
            "norm_text": "너무 작아",
            "speaker": {
              "id": "1번",
              "sex": "여성",
              "age": "20대"
            },
            "speechAct": "(단언) 주장하기",
            "morpheme": "너무/MAG+작/VA+아/EC"
          },
          {
            "id": 19,
            "text": "2 : 오 동지인걸?",
            "norm_text": "오 동지인걸?",
            "speaker": {
              "id": "2번",
              "sex": "여성",
              "age": "20대"
            },
            "speechAct": "(단언) 주장하기",
            "morpheme": "오동지/NNG+인걸/VCP+EF"
          },
          {
            "id": 20,
            "text": "2 : 우리 집 두 개 합쳐보자 하하",
            "norm_text": "우리 집 두 개 합쳐보자 하하",
            "speaker": {
              "id": "2번",
              "sex": "여성",
              "age": "20대"
            },
            "speechAct": "(단언) 주장하기",
            "morpheme": "우리/NP+집/NNG+두/MM+개/NNBC+합쳐/VV+EC+보/VX+자/EC+하하/MAG"
          },
          {
            "id": 21,
            "text": "1 : 그러게, 동생도 있어서 우리 집 너무 좁아",
            "norm_text": "그러게, 동생도 있어서 우리 집 너무 좁아",
            "speaker": {
              "id": "1번",
              "sex": "여성",
              "age": "20대"
            },
            "speechAct": "(단언) 진술하기",
            "morpheme": "그러게/IC+,/SC+동생/NNG+도/JX+있/VA+어서/EC+우리/NP+집/NNG+너무/MAG+좁/VA+아/EC"
          },
          {
            "id": 22,
            "text": "2 : 우리 집은 그나마 오빠가 나가서 행복해 키키",
            "norm_text": "우리 집은 그나마 오빠가 나가서 행복해 키키",
            "speaker": {
              "id": "2번",
              "sex": "여성",
              "age": "20대"
            },
            "speechAct": "(단언) 주장하기",
            "morpheme": "우리/NP+집/NNG+은/JX+그나마/MAG+오빠/NNG+가/JKS+나가/VV+서/EC+행복/NNG+해/XSV+EC+키/NNG+키/XSV+ETN"
          }
        ]
      }
    }
  ]
}