{
  "dataset": {
    "identifier": 63272,
    "name": "KAKAO_916_05_set",
    "src_path": "/data/file/cubeManager/PROJECT001/53/txt20211005155003039470/KAKAO_916_05_set/",
    "label_path": "/data/file/cubeManager/PROJECT001/53/txt20211005155003039470/KAKAO_916_05_set/",
    "category": 2,
    "type": 0
  },
  "licenses": {
    "name": "Apache License 1.0",
    "url": "http://www.apache.org/licenses/LICENSE-1.0"
  },
  "info": [
    {
      "id": 41802,
      "filename": "KAKAO_916_05.txt",
      "title": "KAKAO_916_05",
      "mediatype": "SNS",
      "medianame": "카카오톡",
      "category": "일상대화",
      "date": "2021-10-05",
      "size": 416,
      "annotations": {
        "subject": "군대",
        "speaker_type": "1:1",
        "size": 416,
        "word_size": 141,
        "text": "1 : 오빠야는 군대 생활 어땠어?\n2 : 재밌던데 키키 선임 잘 만나서 꿀 빨았다\n1 : 키키 오 선임이 잘해줘서 다행이었네\n2 : 어 키키 이쁨 많이 받았다 얘기 잘해서\n1 : 밥도 잘 나왔어?\n1 : 식단표도 있어?\n2 : 밥은 별로 맛도 없다 ㅜㅜ\n1 : 그래도 힘들어서 많이 먹어야 되지 않나 ㅠㅠ?\n2 : 많이 먹기는 했지 키키 배는 고프니까\n1 : 군대 밥은 한번 먹어 보고 싶당 키키\n1 : 어떻게 나오는지 궁금해\n2 : 키키 식판에 나오는데 맛은 별로 없었다 ㅠ\n2 : 그냥 살려면 먹어야지 생각?\n1 : 밥도 하는 당번이 있는 거가?\n2 : 취사병 따로 있잖아 키키\n1 : 취사병인 분들은 나중에 요리사 해도 되겠당 키키\n2 : 그런 꿈 가진 사람도 있었당\n1 : 오 키키 진짜 그런 사람들 있을 것 같아\n2 : 그 사람들은 군대에서 꿈도 생기고 좋은 기회지",
        "lines": [
          {
            "id": 1,
            "text": "1 : 오빠야는 군대 생활 어땠어?",
            "norm_text": "오빠야는 군대 생활 어땠어?",
            "speaker": {
              "id": "1번",
              "sex": "여성",
              "age": "20대"
            },
            "speechAct": "(지시) 질문하기",
            "morpheme": "오빠/NNG+야/VCP+EF+는/JX+군대/NNG+생활/NNG+어땠어/VA+EP+EF"
          },
          {
            "id": 2,
            "text": "2 : 재밌던데 키키 선임 잘 만나서 꿀 빨았다",
            "norm_text": "재밌던데 키키 선임 잘 만나서 꿀 빨았다",
            "speaker": {
              "id": "2번",
              "sex": "남성",
              "age": "20대"
            },
            "speechAct": "(단언) 주장하기",
            "morpheme": "재밌/VA+던데/EC+키/NNG+키/NNG+선임/NNG+잘/MAG+만나/VV+서/EC+꿀/VV+ETM+빨/VA+았/EP+다/EC"
          },
          {
            "id": 3,
            "text": "1 : 키키 오 선임이 잘해줘서 다행이었네",
            "norm_text": "키키 오 선임이 잘해줘서 다행이었네",
            "speaker": {
              "id": "1번",
              "sex": "여성",
              "age": "20대"
            },
            "speechAct": "(단언) 주장하기",
            "morpheme": "키/NNG+키/XSV+ETN+오/NR+선임/NNG+이/JKS+잘/MAG+해/VV+EC+줘서/VX+EC+다행/NNG+이/VCP+었/EP+네/EF"
          },
          {
            "id": 4,
            "text": "2 : 어 키키 이쁨 많이 받았다 얘기 잘해서",
            "norm_text": "어 키키 이쁨 많이 받았다 얘기 잘해서",
            "speaker": {
              "id": "2번",
              "sex": "남성",
              "age": "20대"
            },
            "speechAct": "(단언) 주장하기",
            "morpheme": "어/IC+키/NNG+키/XSV+ETN+이쁨/VA+ETN+많이/MAG+받/VV+았/EP+다/EC+얘기/NNG+잘/MAG+해서/VV+EC"
          },
          {
            "id": 5,
            "text": "1 : 밥도 잘 나왔어?",
            "norm_text": "밥도 잘 나왔어?",
            "speaker": {
              "id": "1번",
              "sex": "여성",
              "age": "20대"
            },
            "speechAct": "(지시) 질문하기",
            "morpheme": "밥/NNG+도/JX+잘/MAG+나왔/VV+EP+어/EF"
          },
          {
            "id": 6,
            "text": "1 : 식단표도 있어?",
            "norm_text": "식단표도 있어?",
            "speaker": {
              "id": "1번",
              "sex": "여성",
              "age": "20대"
            },
            "speechAct": "(지시) 질문하기",
            "morpheme": "식단표/NNG+도/JX+있/VA+어/EF"
          },
          {
            "id": 7,
            "text": "2 : 밥은 별로 맛도 없다 ㅜㅜ",
            "norm_text": "밥은 별로 맛도 없다 ㅜㅜ",
            "speaker": {
              "id": "2번",
              "sex": "남성",
              "age": "20대"
            },
            "speechAct": "(단언) 주장하기",
            "morpheme": "밥/NNG+은/JX+별로/MAG+맛/NNG+도/JX+없/VA+다/EF+ㅜㅜ/UNKNOWN"
          },
          {
            "id": 8,
            "text": "1 : 그래도 힘들어서 많이 먹어야 되지 않나 ㅠㅠ?",
            "norm_text": "그래도 힘들어서 많이 먹어야 되지 않나 ㅠㅠ?",
            "speaker": {
              "id": "1번",
              "sex": "여성",
              "age": "20대"
            },
            "speechAct": "(지시) 질문하기",
            "morpheme": "그래도/MAJ+힘들/VA+어서/EC+많이/MAG+먹/VV+어야/EC+되/VV+지/EC+않/VX+나/EC+ㅠㅠ/UNKNOWN"
          },
          {
            "id": 9,
            "text": "2 : 많이 먹기는 했지 키키 배는 고프니까",
            "norm_text": "많이 먹기는 했지 키키 배는 고프니까",
            "speaker": {
              "id": "2번",
              "sex": "남성",
              "age": "20대"
            },
            "speechAct": "(단언) 주장하기",
            "morpheme": "많이/MAG+먹/VV+기/ETN+는/JX+했/VV+EP+지/EC+키/NNG+키/NNG+배/NNG+는/JX+고프/VA+니까/EC"
          },
          {
            "id": 10,
            "text": "1 : 군대 밥은 한번 먹어 보고 싶당 키키",
            "norm_text": "군대 밥은 한번 먹어 보고 싶당 키키",
            "speaker": {
              "id": "1번",
              "sex": "여성",
              "age": "20대"
            },
            "speechAct": "(단언) 주장하기",
            "morpheme": "군대/NNG+밥/NNG+은/JX+한/MM+번/NNBC+먹/VV+어/EC+보/VX+고/EC+싶/VX+당/EF+키/NNG+키/XSV+ETN"
          },
          {
            "id": 11,
            "text": "1 : 어떻게 나오는지 궁금해",
            "norm_text": "어떻게 나오는지 궁금해",
            "speaker": {
              "id": "1번",
              "sex": "여성",
              "age": "20대"
            },
            "speechAct": "(단언) 주장하기",
            "morpheme": "어떻게/MAG+나오/VV+는지/EC+궁금/XR+해/XSA+EC"
          },
          {
            "id": 12,
            "text": "2 : 키키 식판에 나오는데 맛은 별로 없었다 ㅠ",
            "norm_text": "키키 식판에 나오는데 맛은 별로 없었다 ㅠ",
            "speaker": {
              "id": "2번",
              "sex": "남성",
              "age": "20대"
            },
            "speechAct": "(단언) 주장하기",
            "morpheme": "키/NNG+키/NNG+식판/NNG+에/JKB+나오/VV+는데/EC+맛/NNG+은/JX+별로/MAG+없/VA+었/EP+다ㅠ/UNKNOWN"
          },
          {
            "id": 13,
            "text": "2 : 그냥 살려면 먹어야지 생각?",
            "norm_text": "그냥 살려면 먹어야지 생각?",
            "speaker": {
              "id": "2번",
              "sex": "남성",
              "age": "20대"
            },
            "speechAct": "(지시) 질문하기",
            "morpheme": "그냥/MAG+살/VV+려면/EC+먹/VV+어야지/EC+생각/NNG"
          },
          {
            "id": 14,
            "text": "1 : 밥도 하는 당번이 있는 거가?",
            "norm_text": "밥도 하는 당번이 있는 거가?",
            "speaker": {
              "id": "1번",
              "sex": "여성",
              "age": "20대"
            },
            "speechAct": "(지시) 질문하기",
            "morpheme": "밥/NNG+도/JX+하/VV+는/ETM+당번/NNG+이/JKS+있/VA+는/ETM+거/NNB+가/JKS"
          },
          {
            "id": 15,
            "text": "2 : 취사병 따로 있잖아 키키",
            "norm_text": "취사병 따로 있잖아 키키",
            "speaker": {
              "id": "2번",
              "sex": "남성",
              "age": "20대"
            },
            "speechAct": "(단언) 주장하기",
            "morpheme": "취사병/NNG+따로/MAG+있/VV+잖아/EC+키/NNG+키/XSV+ETN"
          },
          {
            "id": 16,
            "text": "1 : 취사병인 분들은 나중에 요리사 해도 되겠당 키키",
            "norm_text": "취사병인 분들은 나중에 요리사 해도 되겠당 키키",
            "speaker": {
              "id": "1번",
              "sex": "여성",
              "age": "20대"
            },
            "speechAct": "(단언) 주장하기",
            "morpheme": "취사병/NNG+인/VCP+ETM+분/NNB+들/XSN+은/JX+나중/NNG+에/JKB+요리사/NNG+해도/XSV+EC+되/VV+겠/EP+당/XSN+키/NNG+키/XSV+ETN"
          },
          {
            "id": 17,
            "text": "2 : 그런 꿈 가진 사람도 있었당",
            "norm_text": "그런 꿈 가진 사람도 있었당",
            "speaker": {
              "id": "2번",
              "sex": "남성",
              "age": "20대"
            },
            "speechAct": "(단언) 진술하기",
            "morpheme": "그런/MM+꿈/NNG+가진/VV+ETM+사람/NNG+도/JX+있/VA+었/EP+당/XSN"
          },
          {
            "id": 18,
            "text": "1 : 오 키키 진짜 그런 사람들 있을 것 같아",
            "norm_text": "오 키키 진짜 그런 사람들 있을 것 같아",
            "speaker": {
              "id": "1번",
              "sex": "여성",
              "age": "20대"
            },
            "speechAct": "(단언) 주장하기",
            "morpheme": "오키/NNP+키/NNG+진짜/MAG+그런/MM+사람/NNG+들/XSN+있/VV+을/ETM+것/NNB+같/VA+아/EC"
          },
          {
            "id": 19,
            "text": "2 : 그 사람들은 군대에서 꿈도 생기고 좋은 기회지",
            "norm_text": "그 사람들은 군대에서 꿈도 생기고 좋은 기회지",
            "speaker": {
              "id": "2번",
              "sex": "남성",
              "age": "20대"
            },
            "speechAct": "(단언) 주장하기",
            "morpheme": "그/MM+사람/NNG+들/XSN+은/JX+군대/NNG+에서/JKB+꿈/NNG+도/JX+생기/VV+고/EC+좋/VA+은/ETM+기회/NNG+지/VCP+EC"
          }
        ]
      }
    }
  ]
}