{
  "dataset": {
    "identifier": 61492,
    "name": "KAKAO_922_18_set",
    "src_path": "/data/file/cubeManager/PROJECT001/53/txt20211005154147073492/KAKAO_922_18_set/",
    "label_path": "/data/file/cubeManager/PROJECT001/53/txt20211005154147073492/KAKAO_922_18_set/",
    "category": 2,
    "type": 0
  },
  "licenses": {
    "name": "Apache License 1.0",
    "url": "http://www.apache.org/licenses/LICENSE-1.0"
  },
  "info": [
    {
      "id": 41655,
      "filename": "KAKAO_922_18.txt",
      "title": "KAKAO_922_18",
      "mediatype": "SNS",
      "medianame": "카카오톡",
      "category": "일상대화",
      "date": "2021-10-05",
      "size": 513,
      "annotations": {
        "subject": "상거래 전반",
        "speaker_type": "1:1",
        "size": 513,
        "word_size": 159,
        "text": "1 : 너 예전에 쇼핑몰 운영하지 않았나? 키키\n2 : 했었지 키키 한 1,2년 정도? 운영\n1 : 요즘에는 그럼 안하고 있는거야? ㅠㅠ\n2 : 응 키키 다시 혼자 처음부터 하려니 맨땅에 헤딩하는 느낌이라 ㅠㅠ\n1 : 아아... 그래도 그때 만들어 놓은 거 그대로 하면 되잖아\n2 : 했었던걸 다시 처음부터 해 나가야하니까... 귀차니즘도 들고\n1 : ㅜㅜ 그때 했던 걸 아예 없애 버린 거야?\n2 : 그건 폐업해버려 가지고 ㅠㅠ 할려면 광고부터 만드는 거 다 싹 다 해야 ㅠㅠ\n1 : 아아... ㅜㅜ 그럼 좀 많이 귀찮겠네 ㅜㅜ 할게 많아?\n2 : 아무래도 뭐든 초반에는 할게 매우 많지? ㅠㅠ\n1 : 아 그래도 넌 노하우가 있으니 금방 할 거 같은데?\n2 : 응... 처음에 열정이 없으니 그게 문제다 ㅠㅠ\n1 : 키키 나 좀 알려줘 키키 나 해보고 싶어 키키\n2 : 키키 일단... 블로그 찾아보면서 해보고 물어보는 게 좋을 듯?!\n1 : 뭘 도대체 먼저 해야 하는지 모르겠더라 ㅠㅠ\n2 : 대충이라도 알아야 내가 설명하기가 쉬우니까 키키",
        "lines": [
          {
            "id": 1,
            "text": "1 : 너 예전에 쇼핑몰 운영하지 않았나? 키키",
            "norm_text": "너 예전에 쇼핑몰 운영하지 않았나? 키키",
            "speaker": {
              "id": "1번",
              "sex": "여성",
              "age": "30대"
            },
            "speechAct": "(지시) 질문하기",
            "morpheme": "너/NP+예전/NNG+에/JKB+쇼핑몰/NNG+운영/NNG+하/XSV+지/EC+않/VX+았/EP+나/EF+키/NNG+키/XSV+ETN"
          },
          {
            "id": 2,
            "text": "2 : 했었지 키키 한 1,2년 정도? 운영",
            "norm_text": "했었지 키키 한 1,2년 정도? 운영",
            "speaker": {
              "id": "2번",
              "sex": "여성",
              "age": "30대"
            },
            "speechAct": "(단언) 진술하기",
            "morpheme": "했었/VV+EP+지/EC+키/NNG+키/NNG+한/XSA+ETM+1/SN+,/SC+2/SN+년/NNBC+정도/NNG+?/SY+운영/NNG"
          },
          {
            "id": 3,
            "text": "1 : 요즘에는 그럼 안하고 있는거야? ㅠㅠ",
            "norm_text": "요즘에는 그럼 안하고 있는거야? ㅠㅠ",
            "speaker": {
              "id": "1번",
              "sex": "여성",
              "age": "30대"
            },
            "speechAct": "(지시) 질문하기",
            "morpheme": "요즘/NNG+에/JKB+는/JX+그럼/MAJ+안/MAG+하/VV+고/EC+있/VX+는/ETM+거/NNB+야/VCP+EF+ㅠㅠ/UNKNOWN"
          },
          {
            "id": 4,
            "text": "2 : 응 키키 다시 혼자 처음부터 하려니 맨땅에 헤딩하는 느낌이라 ㅠㅠ",
            "norm_text": "응 키키 다시 혼자 처음부터 하려니 맨땅에 헤딩하는 느낌이라 ㅠㅠ",
            "speaker": {
              "id": "2번",
              "sex": "여성",
              "age": "30대"
            },
            "speechAct": "(단언) 주장하기",
            "morpheme": "응/IC+키/NNG+키/NNG+다시/MAG+혼자/NNG+처음/NNG+부터/JX+하/VV+려니/EC+맨/MM+땅/NNG+에/JKB+헤딩/NNG+하/XSV+는/ETM+느낌/NNG+이/VCP+라/EC+ㅠㅠ/UNKNOWN"
          },
          {
            "id": 5,
            "text": "1 : 아아... 그래도 그때 만들어 놓은 거 그대로 하면 되잖아",
            "norm_text": "아아... 그래도 그때 만들어 놓은 거 그대로 하면 되잖아",
            "speaker": {
              "id": "1번",
              "sex": "여성",
              "age": "30대"
            },
            "speechAct": "(단언) 주장하기",
            "morpheme": "아아/IC+./SY+그래도/MAJ+그때/NNG+만들/VV+어/EC+놓/VX+은/ETM+거/NNB+그대로/MAG+하/VV+면/EC+되/VV+잖아/EC"
          },
          {
            "id": 6,
            "text": "2 : 했었던걸 다시 처음부터 해 나가야하니까... 귀차니즘도 들고",
            "norm_text": "했었던걸 다시 처음부터 해 나가야하니까... 귀차니즘도 들고",
            "speaker": {
              "id": "2번",
              "sex": "여성",
              "age": "30대"
            },
            "speechAct": "(단언) 주장하기",
            "morpheme": "했었/VV+EP+던/ETM+걸/NNB+JKO+다시/MAG+처음/NNG+부터/JX+해/VV+EC+나가/VX+야/EC+하/VV+니까/EC+./SY+./SY+귀차/NNG+니즘/NNG+도/JX+들/VV+고/EC"
          },
          {
            "id": 7,
            "text": "1 : ㅜㅜ 그때 했던 걸 아예 없애 버린 거야?",
            "norm_text": "ㅜㅜ 그때 했던 걸 아예 없애 버린 거야?",
            "speaker": {
              "id": "1번",
              "sex": "여성",
              "age": "30대"
            },
            "speechAct": "(지시) 질문하기",
            "morpheme": "ㅜㅜ/UNKNOWN+그때/NNG+했/XSV+EP+던/ETM+걸/NNB+JKO+아예/MAG+없애/VV+EC+버린/VX+ETM+거/NNB+야/VCP+EF"
          },
          {
            "id": 8,
            "text": "2 : 그건 폐업해버려 가지고 ㅠㅠ 할려면 광고부터 만드는 거 다 싹 다 해야 ㅠㅠ",
            "norm_text": "그건 폐업해버려 가지고 ㅠㅠ 할려면 광고부터 만드는 거 다 싹 다 해야 ㅠㅠ",
            "speaker": {
              "id": "2번",
              "sex": "여성",
              "age": "30대"
            },
            "speechAct": "(단언) 주장하기",
            "morpheme": "그건/NP+JX+폐업/NNG+해버려/XSV+EC+VX+EC+가지/VX+고/EC+ㅠㅠ/UNKNOWN+할려면/VV+EC+광고/NNG+부터/JX+만드/VV+는/ETM+거/NNB+다/MAG+싹/VV+다/EC+해야/VV+EC+ㅠㅠ/UNKNOWN"
          },
          {
            "id": 9,
            "text": "1 : 아아... ㅜㅜ 그럼 좀 많이 귀찮겠네 ㅜㅜ 할게 많아?",
            "norm_text": "아아... ㅜㅜ 그럼 좀 많이 귀찮겠네 ㅜㅜ 할게 많아?",
            "speaker": {
              "id": "1번",
              "sex": "여성",
              "age": "30대"
            },
            "speechAct": "(지시) 질문하기",
            "morpheme": "아아/IC+./SY+ㅜㅜ/UNKNOWN+그럼/MAJ+좀/MAG+많이/MAG+귀찮/VA+겠/EP+네/EF+ㅜㅜ/UNKNOWN+할/VV+ETM+게/NNB+JKS+많/VA+아/EF"
          },
          {
            "id": 10,
            "text": "2 : 아무래도 뭐든 초반에는 할게 매우 많지? ㅠㅠ",
            "norm_text": "아무래도 뭐든 초반에는 할게 매우 많지? ㅠㅠ",
            "speaker": {
              "id": "2번",
              "sex": "여성",
              "age": "30대"
            },
            "speechAct": "(단언) 주장하기",
            "morpheme": "아무래도/MAG+뭐/NP+든/VCP+EC+초반/NNG+에/JKB+는/JX+할/VV+ETM+게/NNB+JKS+매우/MAG+많/VA+지/EF+ㅠㅠ/UNKNOWN"
          },
          {
            "id": 11,
            "text": "1 : 아 그래도 넌 노하우가 있으니 금방 할 거 같은데?",
            "norm_text": "아 그래도 넌 노하우가 있으니 금방 할 거 같은데?",
            "speaker": {
              "id": "1번",
              "sex": "여성",
              "age": "30대"
            },
            "speechAct": "(지시) 질문하기",
            "morpheme": "아/IC+그래도/MAJ+넌/NP+JX+노하우/NNG+가/JKS+있/VA+으니/EC+금방/MAG+할/VV+ETM+거/NNB+같/VA+은데/EF"
          },
          {
            "id": 12,
            "text": "2 : 응... 처음에 열정이 없으니 그게 문제다 ㅠㅠ",
            "norm_text": "응... 처음에 열정이 없으니 그게 문제다 ㅠㅠ",
            "speaker": {
              "id": "2번",
              "sex": "여성",
              "age": "30대"
            },
            "speechAct": "(단언) 주장하기",
            "morpheme": "응/IC+./SY+처음/NNG+에/JKB+열정/NNG+이/JKS+없/VA+으니/EC+그게/NP+JKS+문제/NNG+다/VCP+EF+ㅠㅠ/UNKNOWN"
          },
          {
            "id": 13,
            "text": "1 : 키키 나 좀 알려줘 키키 나 해보고 싶어 키키",
            "norm_text": "키키 나 좀 알려줘 키키 나 해보고 싶어 키키",
            "speaker": {
              "id": "1번",
              "sex": "여성",
              "age": "30대"
            },
            "speechAct": "(지시) 부탁하기",
            "morpheme": "키/NNG+키나/XSA+ETN+JX+좀/MAG+알려줘/VV+EC+VX+EC+키/NNG+키나/XSA+ETN+JX+해/VV+EC+보/VX+고/EC+싶/VX+어/EC+키/NNG+키/XSV+ETN"
          },
          {
            "id": 14,
            "text": "2 : 키키 일단... 블로그 찾아보면서 해보고 물어보는 게 좋을 듯?!",
            "norm_text": "키키 일단... 블로그 찾아보면서 해보고 물어보는 게 좋을 듯?!",
            "speaker": {
              "id": "2번",
              "sex": "여성",
              "age": "30대"
            },
            "speechAct": "(지시) 충고/제안하기",
            "morpheme": "키/NNG+키/XSV+ETN+일단/MAG+./SY+블로그/NNG+찾아보/VV+면서/EC+해/VV+EC+보/VX+고/EC+물/VV+어/EC+보/VX+는/ETM+게/NNB+JKS+좋/VA+을/ETM+듯/NNB+?/SY"
          },
          {
            "id": 15,
            "text": "1 : 뭘 도대체 먼저 해야 하는지 모르겠더라 ㅠㅠ",
            "norm_text": "뭘 도대체 먼저 해야 하는지 모르겠더라 ㅠㅠ",
            "speaker": {
              "id": "1번",
              "sex": "여성",
              "age": "30대"
            },
            "speechAct": "(단언) 주장하기",
            "morpheme": "뭘/NP+JKO+도대체/MAG+먼저/MAG+해야/VV+EC+하/VV+는지/EC+모르/VV+겠/EP+더라/EF+ㅠㅠ/UNKNOWN"
          },
          {
            "id": 16,
            "text": "2 : 대충이라도 알아야 내가 설명하기가 쉬우니까 키키",
            "norm_text": "대충이라도 알아야 내가 설명하기가 쉬우니까 키키",
            "speaker": {
              "id": "2번",
              "sex": "여성",
              "age": "30대"
            },
            "speechAct": "(단언) 주장하기",
            "morpheme": "대충/NNG+이/VCP+라도/EC+알/VV+아야/EC+내/NP+가/JKS+설명/NNG+하/XSV+기/ETN+가/JKS+쉬우/VA+니까/EC+키/NNG+키/XSV+ETN"
          }
        ]
      }
    }
  ]
}