{
  "dataset": {
    "identifier": 76713,
    "name": "KAKAO_904_14_set",
    "src_path": "/data/file/cubeManager/PROJECT001/53/txt20211005153330083073/KAKAO_904_14_set/",
    "label_path": "/data/file/cubeManager/PROJECT001/53/txt20211005153330083073/KAKAO_904_14_set/",
    "category": 2,
    "type": 0
  },
  "licenses": {
    "name": "Apache License 1.0",
    "url": "http://www.apache.org/licenses/LICENSE-1.0"
  },
  "info": [
    {
      "id": 41411,
      "filename": "KAKAO_904_14.txt",
      "title": "KAKAO_904_14",
      "mediatype": "SNS",
      "medianame": "카카오톡",
      "category": "일상대화",
      "date": "2021-10-05",
      "size": 1031,
      "annotations": {
        "subject": "사회이슈",
        "speaker_type": "다자간 대화",
        "size": 1031,
        "word_size": 350,
        "text": "1 : 겨울에 산타고 길 헤메다가 사고 나고 그러는 거지\n1 : 눈 오는데 미끄러지고\n2 : 키키 그리고 산불도 많이 나서 조심해야 함\n3 : 겨울에? 산불?\n3 : 가을 말하는 건가\n1 : 지금이 한창 산불 제일 많이 날 때지\n2 : 겨울에는 산불 안 나나\n2 : 산불은 봄 가을인가\n3 : 눈 때문에 불나도 꺼질 듯\n1 : 불이라는 게 연소 될 개체가 있어야 하는 건데 겨울엔 뭐가 없잖아\n2 : 요즘 지구에서 산불이 많이 나서 그래 어느 계절이든\n3 : 엥 요즘 산불 많이 나?\n3 : 어디서 나냐\n1 : 내가 들었던 큰 산불 마지막 버전은 호주임\n2 : 아니 우리 강원도에서도 산불 많이 나고 호주 다음에 캘리포니아에서도 산불 나서 난리 났잖아 ㅠㅜ ㅠㅜ\n3 : 나 어디인지는 모르겠는데 그 몇 일 동안 불난 곳 있지 않음?\n1 : 아 진짜?\n1 : 강원도는 처음 들었어.\n1 : 호주고 캘리포니아고 다 몇 일 내내 불남\n1 : 심한 곳은 한 달?이었나 그랬던 것 같은데\n2 : 맞아...\n2 : 거의 몇 달 동안 계속 산불 남 ..\n2 : 강원도 몇 년 전에 엄청 큰 산불 있고 최근에도 산불 일어난다고 했던 거 같음 ㅜㅜ\n3 : 아니 도대체 그 불은 누가 내고 다니는 거냐\n1 : 아 진짜 ?\n1 : 이러다 민둥산 되겠네...\n1 : 진짜 사람들 안전불감증도 큰 문제임\n2 : 지구 온난화 때문에 대기가 극도로 건조해져서 나무가 빨리 타고 잘 번진대 ㅜㅠㅜ\n3 : 엥? 난 너무 무지했다\n3 : 처음 들어보는 얘기야\n1 : 진짜 갈수록 지구가 병들어가는 게 티 나\n1 : 뭐든 조심해야 해\n2 : 웅 마자\n2 : 신경 쓰는 마음이 중요한 듯\n3 : 온 세상 사람들이 나처럼만 살면 돼\n1 : 너처럼 살면 지구 없어지는 거 아니냐\n2 : 그니까 다 너 같으면 어떻게 될라나...\n3 : 나 분리수거 진짜 열심히 하고 불 다 끄고 삶\n1 : 진짜 다 쟤 같다?\n1 : 이건 국제문제야\n1 : 외교적으로 저런 사람을 보유한 국가는 고립시키자고 왕따 당함\n2 : 키키 말하는 것 봐\n2 : 환경을 생각한다는 게 중요한 거지...\n2 : 난 환경동아리 회장도 했음...\n3 : 키키 아익 나도 플라스팃 안 쓰려고 노력해",
        "lines": [
          {
            "id": 1,
            "text": "1 : 겨울에 산타고 길 헤메다가 사고 나고 그러는 거지",
            "norm_text": "겨울에 산타고 길 헤메다가 사고 나고 그러는 거지",
            "speaker": {
              "id": "1번",
              "sex": "여성",
              "age": "20대"
            },
            "speechAct": "(단언) 주장하기",
            "morpheme": "겨울/NNG+에/JKB+산타/NNG+고길/NNG+JKO+헤메/VV+다가/EC+사/VV+고/EC+나/VX+고/EC+그러/VV+는/ETM+거/NNB+지/VCP+EC"
          },
          {
            "id": 2,
            "text": "1 : 눈 오는데 미끄러지고",
            "norm_text": "눈 오는데 미끄러지고",
            "speaker": {
              "id": "1번",
              "sex": "여성",
              "age": "20대"
            },
            "speechAct": "(단언) 주장하기",
            "morpheme": "눈/NNG+오/VV+는/ETM+데/NNB+미끄러지/VV+고/EC"
          },
          {
            "id": 3,
            "text": "2 : 키키 그리고 산불도 많이 나서 조심해야 함",
            "norm_text": "키키 그리고 산불도 많이 나서 조심해야 함",
            "speaker": {
              "id": "2번",
              "sex": "여성",
              "age": "20대"
            },
            "speechAct": "(단언) 주장하기",
            "morpheme": "키/NNG+키/XSV+ETN+그리고/MAJ+산불/NNG+도/JX+많이/MAG+나/NP+서/JKB+조심/NNG+해야/XSV+EC+함/VX+ETN"
          },
          {
            "id": 4,
            "text": "3 : 겨울에? 산불?",
            "norm_text": "겨울에? 산불?",
            "speaker": {
              "id": "3번",
              "sex": "여성",
              "age": "20대"
            },
            "speechAct": "(지시) 질문하기",
            "morpheme": "겨울/NNG+에/JKB+산불/NNG"
          },
          {
            "id": 5,
            "text": "3 : 가을 말하는 건가",
            "norm_text": "가을 말하는 건가",
            "speaker": {
              "id": "3번",
              "sex": "여성",
              "age": "20대"
            },
            "speechAct": "(지시) 질문하기",
            "morpheme": "가을/NNG+말/NNG+하/XSV+는/ETM+건가/NNB+VCP+EC"
          },
          {
            "id": 6,
            "text": "1 : 지금이 한창 산불 제일 많이 날 때지",
            "norm_text": "지금이 한창 산불 제일 많이 날 때지",
            "speaker": {
              "id": "1번",
              "sex": "여성",
              "age": "20대"
            },
            "speechAct": "(단언) 주장하기",
            "morpheme": "지금/NNG+이/JKS+한창/MAG+산불/NNG+제일/MAG+많이/MAG+날/NNG+때/NNG+지/VCP+EC"
          },
          {
            "id": 7,
            "text": "2 : 겨울에는 산불 안 나나",
            "norm_text": "겨울에는 산불 안 나나",
            "speaker": {
              "id": "2번",
              "sex": "여성",
              "age": "20대"
            },
            "speechAct": "(지시) 질문하기",
            "morpheme": "겨울/NNG+에/JKB+는/JX+산불/NNG+안/MAG+나/VV+나/EC"
          },
          {
            "id": 8,
            "text": "2 : 산불은 봄 가을인가",
            "norm_text": "산불은 봄 가을인가",
            "speaker": {
              "id": "2번",
              "sex": "여성",
              "age": "20대"
            },
            "speechAct": "(지시) 질문하기",
            "morpheme": "산불/NNG+은/JX+봄/NNG+가을/NNG+인가/VCP+EC"
          },
          {
            "id": 9,
            "text": "3 : 눈 때문에 불나도 꺼질 듯",
            "norm_text": "눈 때문에 불나도 꺼질 듯",
            "speaker": {
              "id": "3번",
              "sex": "여성",
              "age": "20대"
            },
            "speechAct": "(단언) 주장하기",
            "morpheme": "눈/NNG+때문/NNB+에/JKB+불나/NNG+도/JX+꺼질/VV+ETM+듯/NNB"
          },
          {
            "id": 10,
            "text": "1 : 불이라는 게 연소 될 개체가 있어야 하는 건데 겨울엔 뭐가 없잖아",
            "norm_text": "불이라는 게 연소 될 개체가 있어야 하는 건데 겨울엔 뭐가 없잖아",
            "speaker": {
              "id": "1번",
              "sex": "여성",
              "age": "20대"
            },
            "speechAct": "(단언) 주장하기",
            "morpheme": "불/NNG+이/VCP+라는/ETM+게/NNB+JKS+연소/XR+될/XSV+ETM+개체/NNG+가/JKS+있/VA+어야/EC+하/VV+는/ETM+건데/NNB+VCP+EC+겨울/NNG+엔/JKB+JX+뭐/NP+가/JKS+없/VA+잖아/EC"
          },
          {
            "id": 11,
            "text": "2 : 요즘 지구에서 산불이 많이 나서 그래 어느 계절이든",
            "norm_text": "요즘 지구에서 산불이 많이 나서 그래 어느 계절이든",
            "speaker": {
              "id": "2번",
              "sex": "여성",
              "age": "20대"
            },
            "speechAct": "(단언) 주장하기",
            "morpheme": "요즘/NNG+지구/NNG+에서/JKB+산불/NNG+이/JKS+많이/MAG+나/NP+서/JKB+그래/IC+어느/MM+계절/NNG+이/VCP+든/EC"
          },
          {
            "id": 12,
            "text": "3 : 엥 요즘 산불 많이 나?",
            "norm_text": "엥 요즘 산불 많이 나?",
            "speaker": {
              "id": "3번",
              "sex": "여성",
              "age": "20대"
            },
            "speechAct": "(지시) 질문하기",
            "morpheme": "엥/IC+요즘/MAG+산불/NNG+많이/MAG+나/JX"
          },
          {
            "id": 13,
            "text": "3 : 어디서 나냐",
            "norm_text": "어디서 나냐",
            "speaker": {
              "id": "3번",
              "sex": "여성",
              "age": "20대"
            },
            "speechAct": "(지시) 질문하기",
            "morpheme": "어디/NP+서/JKB+나/NP+냐/VCP+EC"
          },
          {
            "id": 14,
            "text": "1 : 내가 들었던 큰 산불 마지막 버전은 호주임",
            "norm_text": "내가 들었던 큰 산불 마지막 버전은 호주임",
            "speaker": {
              "id": "1번",
              "sex": "여성",
              "age": "20대"
            },
            "speechAct": "(단언) 진술하기",
            "morpheme": "내/NP+가/JKS+들/VV+었/EP+던/ETM+큰/VA+ETM+산불/NNG+마지막/NNG+버전/NNG+은/JX+호주/NNP+임/VCP+ETN"
          },
          {
            "id": 15,
            "text": "2 : 아니 우리 강원도에서도 산불 많이 나고 호주 다음에 캘리포니아에서도 산불 나서 난리 났잖아 ㅠㅜ ㅠㅜ",
            "norm_text": "아니 우리 강원도에서도 산불 많이 나고 호주 다음에 캘리포니아에서도 산불 나서 난리 났잖아 ㅠㅜ ㅠㅜ",
            "speaker": {
              "id": "2번",
              "sex": "여성",
              "age": "20대"
            },
            "speechAct": "(단언) 진술하기",
            "morpheme": "아니/IC+우리/NP+강원도/NNP+에서/JKB+도/JX+산불/NNG+많이/MAG+나/VV+고/EC+호주/NNP+다음/NNG+에/JKB+캘리포니아/NNP+에서/JKB+도/JX+산/NNG+불나/VV+서/EC+난리/NNG+났잖아/VV+EP+EC+VX+EF+ㅠㅜ/UNKNOWN+ㅠㅜ/UNKNOWN"
          },
          {
            "id": 16,
            "text": "3 : 나 어디인지는 모르겠는데 그 몇 일 동안 불난 곳 있지 않음?",
            "norm_text": "나 어디인지는 모르겠는데 그 몇 일 동안 불난 곳 있지 않음?",
            "speaker": {
              "id": "3번",
              "sex": "여성",
              "age": "20대"
            },
            "speechAct": "(지시) 질문하기",
            "morpheme": "나/NP+어디/NP+인지/VCP+EC+는/JX+모르/VV+겠/EP+는데/EC+그/MM+몇/MM+일/NR+동안/NNG+불난/VV+ETM+곳/NNB+있/VV+지/EC+않/VX+음/ETN"
          },
          {
            "id": 17,
            "text": "1 : 아 진짜?",
            "norm_text": "아 진짜?",
            "speaker": {
              "id": "1번",
              "sex": "여성",
              "age": "20대"
            },
            "speechAct": "턴토크 사인(관습적 반응)",
            "morpheme": "아/IC+진짜/MAG"
          },
          {
            "id": 18,
            "text": "1 : 강원도는 처음 들었어.",
            "norm_text": "강원도는 처음 들었어.",
            "speaker": {
              "id": "1번",
              "sex": "여성",
              "age": "20대"
            },
            "speechAct": "(단언) 진술하기",
            "morpheme": "강원도/NNP+는/JX+처음/MAG+들/VV+었/EP+어/EF"
          },
          {
            "id": 19,
            "text": "1 : 호주고 캘리포니아고 다 몇 일 내내 불남",
            "norm_text": "호주고 캘리포니아고 다 몇 일 내내 불남",
            "speaker": {
              "id": "1번",
              "sex": "여성",
              "age": "20대"
            },
            "speechAct": "(단언) 진술하기",
            "morpheme": "호주/NNP+고/JC+캘리포니아/NNP+고다/NNP+몇일/NNG+내내/MAG+불/XPN+남/NNG"
          },
          {
            "id": 20,
            "text": "1 : 심한 곳은 한 달?이었나 그랬던 것 같은데",
            "norm_text": "심한 곳은 한 달?이었나 그랬던 것 같은데",
            "speaker": {
              "id": "1번",
              "sex": "여성",
              "age": "20대"
            },
            "speechAct": "(단언) 주장하기",
            "morpheme": "심한/VA+ETM+곳/NNG+은/JX+한/MM+달/NNG+?/SY+이/VCP+었/EP+나/EC+그랬/VV+EP+던/ETM+것/NNB+같/VA+은데/EC"
          },
          {
            "id": 21,
            "text": "2 : 맞아...",
            "norm_text": "맞아...",
            "speaker": {
              "id": "2번",
              "sex": "여성",
              "age": "20대"
            },
            "speechAct": "(단언) 주장하기",
            "morpheme": "맞/VV+아/EF+./SY"
          },
          {
            "id": 22,
            "text": "2 : 거의 몇 달 동안 계속 산불 남 ..",
            "norm_text": "거의 몇 달 동안 계속 산불 남 ..",
            "speaker": {
              "id": "2번",
              "sex": "여성",
              "age": "20대"
            },
            "speechAct": "(단언) 진술하기",
            "morpheme": "거의/MAG+몇/MM+달/NNBC+동안/NNG+계속/MAG+산불/NNG+남/NNG+./SY"
          },
          {
            "id": 23,
            "text": "2 : 강원도 몇 년 전에 엄청 큰 산불 있고 최근에도 산불 일어난다고 했던 거 같음 ㅜㅜ",
            "norm_text": "강원도 몇 년 전에 엄청 큰 산불 있고 최근에도 산불 일어난다고 했던 거 같음 ㅜㅜ",
            "speaker": {
              "id": "2번",
              "sex": "여성",
              "age": "20대"
            },
            "speechAct": "(단언) 진술하기",
            "morpheme": "강원도/NNP+몇/MM+년/NNBC+전/NNG+에/JKB+엄청/MAG+큰/VA+ETM+산불/NNG+있/VV+고/EC+최근/NNG+에/JKB+도/JX+산불/NNG+일어난다고/VV+EC+했/VX+EP+던/ETM+거/NNB+같/VA+음/ETN+ㅜㅜ/UNKNOWN"
          },
          {
            "id": 24,
            "text": "3 : 아니 도대체 그 불은 누가 내고 다니는 거냐",
            "norm_text": "아니 도대체 그 불은 누가 내고 다니는 거냐",
            "speaker": {
              "id": "3번",
              "sex": "여성",
              "age": "20대"
            },
            "speechAct": "(지시) 질문하기",
            "morpheme": "아니/IC+도대체/MAG+그/MM+불/NNG+은/JX+누가/NP+JKS+내/VV+고/EC+다니/VV+는/ETM+거/NNB+냐/VCP+EC"
          },
          {
            "id": 25,
            "text": "1 : 아 진짜 ?",
            "norm_text": "아 진짜 ?",
            "speaker": {
              "id": "1번",
              "sex": "여성",
              "age": "20대"
            },
            "speechAct": "턴토크 사인(관습적 반응)",
            "morpheme": "아/IC+진짜/MAG"
          },
          {
            "id": 26,
            "text": "1 : 이러다 민둥산 되겠네...",
            "norm_text": "이러다 민둥산 되겠네...",
            "speaker": {
              "id": "1번",
              "sex": "여성",
              "age": "20대"
            },
            "speechAct": "(단언) 주장하기",
            "morpheme": "이러다/MAJ+민둥산/NNG+되/XSV+겠/EP+네/EF+./SY"
          },
          {
            "id": 27,
            "text": "1 : 진짜 사람들 안전불감증도 큰 문제임",
            "norm_text": "진짜 사람들 안전불감증도 큰 문제임",
            "speaker": {
              "id": "1번",
              "sex": "여성",
              "age": "20대"
            },
            "speechAct": "(단언) 주장하기",
            "morpheme": "진짜/MAG+사람/NNG+들/XSN+안전/NNG+불감증/NNG+도/JX+큰/VA+ETM+문제/NNG+임/VCP+ETN"
          },
          {
            "id": 28,
            "text": "2 : 지구 온난화 때문에 대기가 극도로 건조해져서 나무가 빨리 타고 잘 번진대 ㅜㅠㅜ",
            "norm_text": "지구 온난화 때문에 대기가 극도로 건조해져서 나무가 빨리 타고 잘 번진대 ㅜㅠㅜ",
            "speaker": {
              "id": "2번",
              "sex": "여성",
              "age": "20대"
            },
            "speechAct": "(단언) 진술하기",
            "morpheme": "지구/NNG+온난/NNG+화/XSN+때문/NNB+에/JKB+대기/NNG+가/JKS+극도/NNG+로/JKB+건조/NNG+해져서/XSV+EC+VX+EC+나무/NNG+가/JKS+빨리/MAG+타/VV+고/EC+잘/MAG+번진/VV+ETM+대ㅜ/UNKNOWN+ㅠㅜ/UNKNOWN"
          },
          {
            "id": 29,
            "text": "3 : 엥? 난 너무 무지했다",
            "norm_text": "엥? 난 너무 무지했다",
            "speaker": {
              "id": "3번",
              "sex": "여성",
              "age": "20대"
            },
            "speechAct": "(단언) 주장하기",
            "morpheme": "엥/IC+난/NP+JX+너무/MAG+무지/NNG+했/XSV+EP+다/EC"
          },
          {
            "id": 30,
            "text": "3 : 처음 들어보는 얘기야",
            "norm_text": "처음 들어보는 얘기야",
            "speaker": {
              "id": "3번",
              "sex": "여성",
              "age": "20대"
            },
            "speechAct": "(단언) 진술하기",
            "morpheme": "처음/MAG+들/VV+어/EC+보/VX+는/ETM+얘기/NNG+야/VCP+EF"
          },
          {
            "id": 31,
            "text": "1 : 진짜 갈수록 지구가 병들어가는 게 티 나",
            "norm_text": "진짜 갈수록 지구가 병들어가는 게 티 나",
            "speaker": {
              "id": "1번",
              "sex": "여성",
              "age": "20대"
            },
            "speechAct": "(단언) 주장하기",
            "morpheme": "진짜/MAG+갈수록/MAG+지구/NNG+가/JKS+병들/VV+어/EC+가/VX+는/ETM+게/NNB+JKS+티나/NNP"
          },
          {
            "id": 32,
            "text": "1 : 뭐든 조심해야 해",
            "norm_text": "뭐든 조심해야 해",
            "speaker": {
              "id": "1번",
              "sex": "여성",
              "age": "20대"
            },
            "speechAct": "(단언) 주장하기",
            "morpheme": "뭐/NP+든/VCP+EC+조심/NNG+해야/XSV+EC+해/VV+EC"
          },
          {
            "id": 33,
            "text": "2 : 웅 마자",
            "norm_text": "웅 마자",
            "speaker": {
              "id": "2번",
              "sex": "여성",
              "age": "20대"
            },
            "speechAct": "(단언) 주장하기",
            "morpheme": "웅/IC+마자/NNG"
          },
          {
            "id": 34,
            "text": "2 : 신경 쓰는 마음이 중요한 듯",
            "norm_text": "신경 쓰는 마음이 중요한 듯",
            "speaker": {
              "id": "2번",
              "sex": "여성",
              "age": "20대"
            },
            "speechAct": "(단언) 주장하기",
            "morpheme": "신경/NNG+쓰/VV+는/ETM+마음/NNG+이/JKS+중요/XR+한/XSA+ETM+듯/NNB"
          },
          {
            "id": 35,
            "text": "3 : 온 세상 사람들이 나처럼만 살면 돼",
            "norm_text": "온 세상 사람들이 나처럼만 살면 돼",
            "speaker": {
              "id": "3번",
              "sex": "여성",
              "age": "20대"
            },
            "speechAct": "(단언) 주장하기",
            "morpheme": "온/MM+세상/NNG+사람/NNG+들/XSN+이/JKS+나/NP+처럼/JKB+만/JX+살/VV+면/EC+돼/VV+EC"
          },
          {
            "id": 36,
            "text": "1 : 너처럼 살면 지구 없어지는 거 아니냐",
            "norm_text": "너처럼 살면 지구 없어지는 거 아니냐",
            "speaker": {
              "id": "1번",
              "sex": "여성",
              "age": "20대"
            },
            "speechAct": "(단언) 주장하기",
            "morpheme": "너/NP+처럼/JKB+살/VV+면/EC+지/VX+구/EC+없/VA+어/EC+지/VX+는/ETM+거/NNB+아니/VCN+냐/EC"
          },
          {
            "id": 37,
            "text": "2 : 그니까 다 너 같으면 어떻게 될라나...",
            "norm_text": "그니까 다 너 같으면 어떻게 될라나...",
            "speaker": {
              "id": "2번",
              "sex": "여성",
              "age": "20대"
            },
            "speechAct": "(단언) 주장하기",
            "morpheme": "그니까/MAJ+다/MAG+너/NP+같/VA+으면/EC+어떻게/MAG+될라나/VV+EF+./SY"
          },
          {
            "id": 38,
            "text": "3 : 나 분리수거 진짜 열심히 하고 불 다 끄고 삶",
            "norm_text": "나 분리수거 진짜 열심히 하고 불 다 끄고 삶",
            "speaker": {
              "id": "3번",
              "sex": "여성",
              "age": "20대"
            },
            "speechAct": "(단언) 주장하기",
            "morpheme": "나/NP+분리수거/NNG+진짜/MAG+열심히/MAG+하/VV+고/EC+불/VV+다/EC+끄/VV+고/EC+삶/NNG"
          },
          {
            "id": 39,
            "text": "1 : 진짜 다 쟤 같다?",
            "norm_text": "진짜 다 쟤 같다?",
            "speaker": {
              "id": "1번",
              "sex": "여성",
              "age": "20대"
            },
            "speechAct": "(단언) 주장하기",
            "morpheme": "진짜/MAG+다/MAG+쟤/NP+같/VA+다/EF"
          },
          {
            "id": 40,
            "text": "1 : 이건 국제문제야",
            "norm_text": "이건 국제문제야",
            "speaker": {
              "id": "1번",
              "sex": "여성",
              "age": "20대"
            },
            "speechAct": "(단언) 주장하기",
            "morpheme": "이건/NP+JX+국제/NNG+문제/NNG+야/VCP+EF"
          },
          {
            "id": 41,
            "text": "1 : 외교적으로 저런 사람을 보유한 국가는 고립시키자고 왕따 당함",
            "norm_text": "외교적으로 저런 사람을 보유한 국가는 고립시키자고 왕따 당함",
            "speaker": {
              "id": "1번",
              "sex": "여성",
              "age": "20대"
            },
            "speechAct": "(단언) 주장하기",
            "morpheme": "외교/NNG+적/XSN+으로/JKB+저런/MM+사람/NNG+을/JKO+보유/NNG+한/XSA+ETM+국가/NNG+는/JX+고립/NNG+시키/XSV+자고/EC+왕따/NNG+당함/XSV+ETN"
          },
          {
            "id": 42,
            "text": "2 : 키키 말하는 것 봐",
            "norm_text": "키키 말하는 것 봐",
            "speaker": {
              "id": "2번",
              "sex": "여성",
              "age": "20대"
            },
            "speechAct": "턴토크 사인(관습적 반응)",
            "morpheme": "키/NNG+키/NNG+말/NNG+하/XSV+는/ETM+것/NNB+봐/VV+EC"
          },
          {
            "id": 43,
            "text": "2 : 환경을 생각한다는 게 중요한 거지...",
            "norm_text": "환경을 생각한다는 게 중요한 거지...",
            "speaker": {
              "id": "2번",
              "sex": "여성",
              "age": "20대"
            },
            "speechAct": "(단언) 주장하기",
            "morpheme": "환경/NNG+을/JKO+생각/NNG+한다는/XSV+ETM+게/NNB+JKS+중요/NNG+한/XSA+ETM+거/NNB+지/VCP+EF+./SY"
          },
          {
            "id": 44,
            "text": "2 : 난 환경동아리 회장도 했음...",
            "norm_text": "난 환경동아리 회장도 했음...",
            "speaker": {
              "id": "2번",
              "sex": "여성",
              "age": "20대"
            },
            "speechAct": "(단언) 진술하기",
            "morpheme": "난/NP+JX+환경/NNG+동아리/NNG+회장/NNG+도/JX+했/VV+EP+음/ETN+./SY"
          },
          {
            "id": 45,
            "text": "3 : 키키 아익 나도 플라스팃 안 쓰려고 노력해",
            "norm_text": "키키 아익 나도 플라스팃 안 쓰려고 노력해",
            "speaker": {
              "id": "3번",
              "sex": "여성",
              "age": "20대"
            },
            "speechAct": "(단언) 주장하기",
            "morpheme": "키/NNG+키/XSV+ETN+아/IC+익/IC+나/NP+도/JX+플라/NNP+스팃/NNP+안/MAG+쓰/VV+려고/EC+노력/NNG+해/XSV+EC"
          }
        ]
      }
    }
  ]
}