{
  "dataset": {
    "identifier": 76762,
    "name": "KAKAO_904_19_set",
    "src_path": "/data/file/cubeManager/PROJECT001/53/txt20211005153330086621/KAKAO_904_19_set/",
    "label_path": "/data/file/cubeManager/PROJECT001/53/txt20211005153330086621/KAKAO_904_19_set/",
    "category": 2,
    "type": 0
  },
  "licenses": {
    "name": "Apache License 1.0",
    "url": "http://www.apache.org/licenses/LICENSE-1.0"
  },
  "info": [
    {
      "id": 41416,
      "filename": "KAKAO_904_19.txt",
      "title": "KAKAO_904_19",
      "mediatype": "SNS",
      "medianame": "카카오톡",
      "category": "일상대화",
      "date": "2021-10-05",
      "size": 915,
      "annotations": {
        "subject": "방송/연예",
        "speaker_type": "다자간 대화",
        "size": 915,
        "word_size": 309,
        "text": "1 : 아 근데 티비에서 쓰는 거 자주 나오던데 이쁘긴 하더랑 ㅠ\n2 : 헐 몰랐다...\n2 : 맞아\n2 : 광고 많이 보니까 좀 익숙해짐...\n3 : 이게 다 조작이다!\n3 : 소비자가 알권리를 다 알려 조라 ㅠ\n1 : 키키 웃기네\n1 : 아 아까 도깨비 재방 봤는데 유인나 너무 이뻐\n2 : 유인나 안 늙어\n2 : 왜케 이뻐\n3 : 하 연예인들은 뭘 먹길래 저리 이쁘냐\n1 : 그니까 유인나 허리가 내 허벅지 만한 것 같아\n2 : 키키 뭔 허리를 봨 키키\n2 : 몸매 미쳤긴 하더라\n3 : 키키 하 아이유는 사이즈가 33반인가,\n3 : 내가 초딩 때도 33 아닌 듯\n1 : 아니 유인나가 치킨집에서 귀신아 물럿거라 이러면서 크롭니트 입고 일어나서 소리치는 장면이 있는데 진짜 엄청 늘씬해서 깜짝 놀람\n2 : 키키 아웃겨\n2 : 아이유도 진짜 마름\n2 : 어케 다 그러지 타고난 건가\n3 : 나는 근데 다 빼도 33은 안 될 거 같아 통뼈라\n1 : 나는 갈비뼈도 몇 개 빼야 할 듯\n2 : 키키 그냥 55만 돼도 좋을 듯...\n3 : 키키 하 근데 방송에 나오는 모습은 실제보다 통통하다던데 말이 되나\n1 : 실제보다 통통이요? 키키\n1 : 진짜 그럼 태풍 불 때 집 밖에 나가면 안되겠다\n1 : 날라갈 듯\n2 : 내 말이...\n2 : 나 전소미 실제로 본 적 있는데 얼굴 너무 작아서 무서워서 눈 피함...\n2 : 비현실적이야...\n3 : 키키 무섭댘 키키\n3 : 그런 건  진짜 타고나는 갑다\n1 : 아니 진짜 얼굴은 뭐 반 부실 수도 없고...\n1 : 난 태생이 큰 얼굴이라 느낌을 모르겠다\n2 : 근데 얼굴 안 이뻐도 적당하게 마르면 이쁘지 않냐...\n3 : 아니 너 패완얼인 거 모르냐\n1 : 인정\n1 : 마름은 기본요소고 얼굴은 마침표임.\n1 : 없으면 마무리가 안 돼\n2 : 그래도 난 얼굴 안 예뻐도 건강하게 몸 관리 잘하면 예뻐 보이던데\n3 : 근데 그것도 어느 정도 받쳐줘야 됨 얼굴이,",
        "lines": [
          {
            "id": 1,
            "text": "1 : 아 근데 티비에서 쓰는 거 자주 나오던데 이쁘긴 하더랑 ㅠ",
            "norm_text": "아 근데 티비에서 쓰는 거 자주 나오던데 이쁘긴 하더랑 ㅠ",
            "speaker": {
              "id": "1번",
              "sex": "여성",
              "age": "20대"
            },
            "speechAct": "(단언) 주장하기",
            "morpheme": "아/IC+근데/MAJ+티비/NNG+에서/JKB+쓰/VV+는/ETM+거/NNB+자주/MAG+나오/VV+던데/EC+이쁘/VA+긴/ETN+JX+하/VX+더/EP+랑ㅠ/UNKNOWN"
          },
          {
            "id": 2,
            "text": "2 : 헐 몰랐다...",
            "norm_text": "헐 몰랐다...",
            "speaker": {
              "id": "2번",
              "sex": "여성",
              "age": "20대"
            },
            "speechAct": "(단언) 주장하기",
            "morpheme": "헐/VV+JKO+몰랐/VV+EP+다/EF+./SY"
          },
          {
            "id": 3,
            "text": "2 : 맞아",
            "norm_text": "맞아",
            "speaker": {
              "id": "2번",
              "sex": "여성",
              "age": "20대"
            },
            "speechAct": "(단언) 주장하기",
            "morpheme": "맞/VV+아/EC"
          },
          {
            "id": 4,
            "text": "2 : 광고 많이 보니까 좀 익숙해짐...",
            "norm_text": "광고 많이 보니까 좀 익숙해짐...",
            "speaker": {
              "id": "2번",
              "sex": "여성",
              "age": "20대"
            },
            "speechAct": "(단언) 주장하기",
            "morpheme": "광고/NNG+많이/MAG+보/VV+니까/EC+좀/MAG+익숙/XR+해짐/XSA+EC+VX+ETN+./SY"
          },
          {
            "id": 5,
            "text": "3 : 이게 다 조작이다!",
            "norm_text": "이게 다 조작이다!",
            "speaker": {
              "id": "3번",
              "sex": "여성",
              "age": "20대"
            },
            "speechAct": "(단언) 주장하기",
            "morpheme": "이게/NP+JKS+다/MAG+조작/NNG+이/VCP+다/EF"
          },
          {
            "id": 6,
            "text": "3 : 소비자가 알권리를 다 알려 조라 ㅠ",
            "norm_text": "소비자가 알권리를 다 알려 조라 ㅠ",
            "speaker": {
              "id": "3번",
              "sex": "여성",
              "age": "20대"
            },
            "speechAct": "(단언) 주장하기",
            "morpheme": "소비자/NNG+가/JKS+알/VV+ETM+권리/NNG+를/JKO+다/MAG+알려/VV+EC+조라/NNG+ㅠ/UNKNOWN"
          },
          {
            "id": 7,
            "text": "1 : 키키 웃기네",
            "norm_text": "키키 웃기네",
            "speaker": {
              "id": "1번",
              "sex": "여성",
              "age": "20대"
            },
            "speechAct": "(단언) 주장하기",
            "morpheme": "키/NNG+키/XSV+ETN+웃기/VV+네/EC"
          },
          {
            "id": 8,
            "text": "1 : 아 아까 도깨비 재방 봤는데 유인나 너무 이뻐",
            "norm_text": "아 아까 도깨비 재방 봤는데 유인나 너무 이뻐",
            "speaker": {
              "id": "1번",
              "sex": "여성",
              "age": "20대"
            },
            "speechAct": "(단언) 주장하기",
            "morpheme": "아/IC+아까/MAG+도깨비/NNG+재방/NNG+봤/VV+EP+는데/EC+유인나/NNP+너무/MAG+이뻐/VA+EC"
          },
          {
            "id": 9,
            "text": "2 : 유인나 안 늙어",
            "norm_text": "유인나 안 늙어",
            "speaker": {
              "id": "2번",
              "sex": "여성",
              "age": "20대"
            },
            "speechAct": "(단언) 주장하기",
            "morpheme": "유인나/NNP+안/MAG+늙/VV+어/EC"
          },
          {
            "id": 10,
            "text": "2 : 왜케 이뻐",
            "norm_text": "왜케 이뻐",
            "speaker": {
              "id": "2번",
              "sex": "여성",
              "age": "20대"
            },
            "speechAct": "(단언) 주장하기",
            "morpheme": "왜/MAG+케/XSA+EC+이뻐/VA+EC"
          },
          {
            "id": 11,
            "text": "3 : 하 연예인들은 뭘 먹길래 저리 이쁘냐",
            "norm_text": "하 연예인들은 뭘 먹길래 저리 이쁘냐",
            "speaker": {
              "id": "3번",
              "sex": "여성",
              "age": "20대"
            },
            "speechAct": "(지시) 질문하기",
            "morpheme": "하/IC+연예인/NNG+들/XSN+은/JX+뭘/NP+JKO+먹/VV+길래/EC+저리/MAG+이쁘/VA+냐/EC"
          },
          {
            "id": 12,
            "text": "1 : 그니까 유인나 허리가 내 허벅지 만한 것 같아",
            "norm_text": "그니까 유인나 허리가 내 허벅지 만한 것 같아",
            "speaker": {
              "id": "1번",
              "sex": "여성",
              "age": "20대"
            },
            "speechAct": "(단언) 진술하기",
            "morpheme": "그니까/MAJ+유인나/NNP+허리/NNG+가/JKS+내/NP+JKG+허벅지/NNG+만한/XSA+ETM+것/NNB+같/VA+아/EC"
          },
          {
            "id": 13,
            "text": "2 : 키키 뭔 허리를 봨 키키",
            "norm_text": "키키 뭔 허리를 봨 키키",
            "speaker": {
              "id": "2번",
              "sex": "여성",
              "age": "20대"
            },
            "speechAct": "(단언) 주장하기",
            "morpheme": "키키/NNP+뭔/MM+허리/NNG+를/JKO+봨키/UNKNOWN+키/NNG"
          },
          {
            "id": 14,
            "text": "2 : 몸매 미쳤긴 하더라",
            "norm_text": "몸매 미쳤긴 하더라",
            "speaker": {
              "id": "2번",
              "sex": "여성",
              "age": "20대"
            },
            "speechAct": "(단언) 주장하기",
            "morpheme": "몸매/NNG+미쳤/VV+EP+긴/ETN+JX+하/VX+더라/EC"
          },
          {
            "id": 15,
            "text": "3 : 키키 하 아이유는 사이즈가 33반인가,",
            "norm_text": "키키 하 아이유는 사이즈가 33반인가,",
            "speaker": {
              "id": "3번",
              "sex": "여성",
              "age": "20대"
            },
            "speechAct": "(단언) 진술하기",
            "morpheme": "키/NNG+키/NNG+하/XSV+아/EC+이유/NNG+는/JX+사이즈/NNG+가/JKS+33/SN+반/NNBC+인가/VCP+EC+,/SC"
          },
          {
            "id": 16,
            "text": "3 : 내가 초딩 때도 33 아닌 듯",
            "norm_text": "내가 초딩 때도 33 아닌 듯",
            "speaker": {
              "id": "3번",
              "sex": "여성",
              "age": "20대"
            },
            "speechAct": "(단언) 진술하기",
            "morpheme": "내/NP+가/JKS+초딩/NNG+때/NNG+도/JX+33/SN+아닌/VCN+ETM+듯/NNB"
          },
          {
            "id": 17,
            "text": "1 : 아니 유인나가 치킨집에서 귀신아 물럿거라 이러면서 크롭니트 입고 일어나서 소리치는 장면이 있는데 진짜 엄청 늘씬해서 깜짝 놀람",
            "norm_text": "아니 유인나가 치킨집에서 귀신아 물럿거라 이러면서 크롭니트 입고 일어나서 소리치는 장면이 있는데 진짜 엄청 늘씬해서 깜짝 놀람",
            "speaker": {
              "id": "1번",
              "sex": "여성",
              "age": "20대"
            },
            "speechAct": "(단언) 주장하기",
            "morpheme": "아니/IC+유인나/NNP+가/JKS+치킨/VV+ETM+집/NNG+에서/JKB+귀신/NNG+아물/VV+ETM+럿/UNKNOWN+거라/EC+이러/VV+면서/EC+크롭/NNP+니트/NNG+입/VV+고/EC+일어나/VV+서/EC+소리치/VV+는/ETM+장면/NNG+이/JKS+있/VV+는데/EC+진짜/MAG+엄청/MAG+늘씬/MAG+해서/VV+EC+깜짝/MAG+놀람/VV+ETN"
          },
          {
            "id": 18,
            "text": "2 : 키키 아웃겨",
            "norm_text": "키키 아웃겨",
            "speaker": {
              "id": "2번",
              "sex": "여성",
              "age": "20대"
            },
            "speechAct": "(단언) 주장하기",
            "morpheme": "키/NNG+키/VV+아/EC+웃겨/VV+EC"
          },
          {
            "id": 19,
            "text": "2 : 아이유도 진짜 마름",
            "norm_text": "아이유도 진짜 마름",
            "speaker": {
              "id": "2번",
              "sex": "여성",
              "age": "20대"
            },
            "speechAct": "(단언) 주장하기",
            "morpheme": "아이유/NNG+도/JX+진짜/MAG+마름/NNG"
          },
          {
            "id": 20,
            "text": "2 : 어케 다 그러지 타고난 건가",
            "norm_text": "어케 다 그러지 타고난 건가",
            "speaker": {
              "id": "2번",
              "sex": "여성",
              "age": "20대"
            },
            "speechAct": "(단언) 주장하기",
            "morpheme": "어/IC+케/IC+다/MAG+그러/VV+지/EC+타고난/VV+ETM+건가/NNB+VCP+EC"
          },
          {
            "id": 21,
            "text": "3 : 나는 근데 다 빼도 33은 안 될 거 같아 통뼈라",
            "norm_text": "나는 근데 다 빼도 33은 안 될 거 같아 통뼈라",
            "speaker": {
              "id": "3번",
              "sex": "여성",
              "age": "20대"
            },
            "speechAct": "(단언) 주장하기",
            "morpheme": "나/NP+는/JX+근데/MAJ+다/MAG+빼/VV+EC+도/JX+33/SN+은/JX+안/MAG+될/VV+ETM+거/NNB+같/VA+아/EC+통뼈/NNG+라/VCP+EC"
          },
          {
            "id": 22,
            "text": "1 : 나는 갈비뼈도 몇 개 빼야 할 듯",
            "norm_text": "나는 갈비뼈도 몇 개 빼야 할 듯",
            "speaker": {
              "id": "1번",
              "sex": "여성",
              "age": "20대"
            },
            "speechAct": "(단언) 주장하기",
            "morpheme": "나/NP+는/JX+갈비뼈/NNG+도/JX+몇/MM+개/NNBC+빼/VV+야/EC+할/VX+ETM+듯/NNB"
          },
          {
            "id": 23,
            "text": "2 : 키키 그냥 55만 돼도 좋을 듯...",
            "norm_text": "키키 그냥 55만 돼도 좋을 듯...",
            "speaker": {
              "id": "2번",
              "sex": "여성",
              "age": "20대"
            },
            "speechAct": "(단언) 주장하기",
            "morpheme": "키/NNG+키/NNG+그냥/MAG+55/SN+만/NR+돼도/VV+EC+좋/VA+을/ETM+듯/NNB+./SY"
          },
          {
            "id": 24,
            "text": "3 : 키키 하 근데 방송에 나오는 모습은 실제보다 통통하다던데 말이 되나",
            "norm_text": "키키 하 근데 방송에 나오는 모습은 실제보다 통통하다던데 말이 되나",
            "speaker": {
              "id": "3번",
              "sex": "여성",
              "age": "20대"
            },
            "speechAct": "(지시) 질문하기",
            "morpheme": "키/NNG+키/NNG+하/XSV+근데/MAJ+방송/NNG+에/JKB+나오/VV+는/ETM+모습/NNG+은/JX+실제/NNG+보다/JKB+통통/MAG+하/VV+다던데/EC+말/NNG+이/JKS+되/VV+나/EC"
          },
          {
            "id": 25,
            "text": "1 : 실제보다 통통이요? 키키",
            "norm_text": "실제보다 통통이요? 키키",
            "speaker": {
              "id": "1번",
              "sex": "여성",
              "age": "20대"
            },
            "speechAct": "(단언) 주장하기",
            "morpheme": "실제/NNG+보다/JKB+통통/MAG+이/VCP+요/EF+키/NNG+키/XSV+ETN"
          },
          {
            "id": 26,
            "text": "1 : 진짜 그럼 태풍 불 때 집 밖에 나가면 안되겠다",
            "norm_text": "진짜 그럼 태풍 불 때 집 밖에 나가면 안되겠다",
            "speaker": {
              "id": "1번",
              "sex": "여성",
              "age": "20대"
            },
            "speechAct": "(단언) 주장하기",
            "morpheme": "진짜/MAG+그럼/MAJ+태풍/NNG+불/XPN+때/NNG+집/NNG+밖에/JX+나가/VV+면/EC+안/MAG+되/VV+겠/EP+다/EC"
          },
          {
            "id": 27,
            "text": "1 : 날라갈 듯",
            "norm_text": "날라갈 듯",
            "speaker": {
              "id": "1번",
              "sex": "여성",
              "age": "20대"
            },
            "speechAct": "(단언) 주장하기",
            "morpheme": "날라갈/VV+ETM+듯/NNB"
          },
          {
            "id": 28,
            "text": "2 : 내 말이...",
            "norm_text": "내 말이...",
            "speaker": {
              "id": "2번",
              "sex": "여성",
              "age": "20대"
            },
            "speechAct": "(단언) 주장하기",
            "morpheme": "내말이/NP+JKG+NNG+JKS+./SY"
          },
          {
            "id": 29,
            "text": "2 : 나 전소미 실제로 본 적 있는데 얼굴 너무 작아서 무서워서 눈 피함...",
            "norm_text": "나 전소미 실제로 본 적 있는데 얼굴 너무 작아서 무서워서 눈 피함...",
            "speaker": {
              "id": "2번",
              "sex": "여성",
              "age": "20대"
            },
            "speechAct": "(단언) 진술하기",
            "morpheme": "나전소미실제로본적있는데얼굴너무작아서무서워서눈피함/UNKNOWN+./SY"
          },
          {
            "id": 30,
            "text": "2 : 비현실적이야...",
            "norm_text": "비현실적이야...",
            "speaker": {
              "id": "2번",
              "sex": "여성",
              "age": "20대"
            },
            "speechAct": "(단언) 주장하기",
            "morpheme": "비/XPN+현실/NNG+적/XSN+이/VCP+야/EF+./SY"
          },
          {
            "id": 31,
            "text": "3 : 키키 무섭댘 키키",
            "norm_text": "키키 무섭댘 키키",
            "speaker": {
              "id": "3번",
              "sex": "여성",
              "age": "20대"
            },
            "speechAct": "(단언) 주장하기",
            "morpheme": "키키무섭댘키키/UNKNOWN"
          },
          {
            "id": 32,
            "text": "3 : 그런 건  진짜 타고나는 갑다",
            "norm_text": "그런 건  진짜 타고나는 갑다",
            "speaker": {
              "id": "3번",
              "sex": "여성",
              "age": "20대"
            },
            "speechAct": "(단언) 주장하기",
            "morpheme": "그런/MM+건/NNB+JX+진짜/MAG+타/VV+고/EC+나/VX+는갑다/EC"
          },
          {
            "id": 33,
            "text": "1 : 아니 진짜 얼굴은 뭐 반 부실 수도 없고...",
            "norm_text": "아니 진짜 얼굴은 뭐 반 부실 수도 없고...",
            "speaker": {
              "id": "1번",
              "sex": "여성",
              "age": "20대"
            },
            "speechAct": "(단언) 주장하기",
            "morpheme": "아니/IC+진짜/MAG+얼굴/NNG+은/JX+뭐/IC+반부/NNG+실수/NNG+도/JX+없/VA+고/EC+./SY+./SY"
          },
          {
            "id": 34,
            "text": "1 : 난 태생이 큰 얼굴이라 느낌을 모르겠다",
            "norm_text": "난 태생이 큰 얼굴이라 느낌을 모르겠다",
            "speaker": {
              "id": "1번",
              "sex": "여성",
              "age": "20대"
            },
            "speechAct": "(단언) 주장하기",
            "morpheme": "난태생/NNG+이/JKS+큰/VA+ETM+얼굴/NNG+이/VCP+라/EC+느낌/NNG+을/JKO+모르/VV+겠/EP+다/EC"
          },
          {
            "id": 35,
            "text": "2 : 근데 얼굴 안 이뻐도 적당하게 마르면 이쁘지 않냐...",
            "norm_text": "근데 얼굴 안 이뻐도 적당하게 마르면 이쁘지 않냐...",
            "speaker": {
              "id": "2번",
              "sex": "여성",
              "age": "20대"
            },
            "speechAct": "(단언) 주장하기",
            "morpheme": "근데/MAJ+얼굴/NNG+안/MAG+이뻐/VA+EC+도/JX+적당/XR+하/XSA+게/EC+마르/VV+면/EC+이쁘/VA+지/EC+않/VX+냐/EF+./SY"
          },
          {
            "id": 36,
            "text": "3 : 아니 너 패완얼인 거 모르냐",
            "norm_text": "아니 너 패완얼인 거 모르냐",
            "speaker": {
              "id": "3번",
              "sex": "여성",
              "age": "20대"
            },
            "speechAct": "(지시) 질문하기",
            "morpheme": "아니/IC+너/NP+패/NNG+완/JKB+JX+얼/NNG+인/VCP+ETM+거/NNB+모르/VV+냐/EC"
          },
          {
            "id": 37,
            "text": "1 : 인정",
            "norm_text": "인정",
            "speaker": {
              "id": "1번",
              "sex": "여성",
              "age": "20대"
            },
            "speechAct": "(단언) 주장하기",
            "morpheme": "인정/NNG"
          },
          {
            "id": 38,
            "text": "1 : 마름은 기본요소고 얼굴은 마침표임.",
            "norm_text": "마름은 기본요소고 얼굴은 마침표임.",
            "speaker": {
              "id": "1번",
              "sex": "여성",
              "age": "20대"
            },
            "speechAct": "(단언) 주장하기",
            "morpheme": "마름/NNG+은/JX+기본/NNG+요소/NNG+고/VCP+EC+얼굴/NNG+은/JX+마침표/NNG+임/VCP+ETN"
          },
          {
            "id": 39,
            "text": "1 : 없으면 마무리가 안 돼",
            "norm_text": "없으면 마무리가 안 돼",
            "speaker": {
              "id": "1번",
              "sex": "여성",
              "age": "20대"
            },
            "speechAct": "(단언) 주장하기",
            "morpheme": "없/VA+으면/EC+마무리/NNG+가/JKS+안/MAG+돼/VV+EC"
          },
          {
            "id": 40,
            "text": "2 : 그래도 난 얼굴 안 예뻐도 건강하게 몸 관리 잘하면 예뻐 보이던데",
            "norm_text": "그래도 난 얼굴 안 예뻐도 건강하게 몸 관리 잘하면 예뻐 보이던데",
            "speaker": {
              "id": "2번",
              "sex": "여성",
              "age": "20대"
            },
            "speechAct": "(단언) 주장하기",
            "morpheme": "그래도/MAJ+난/NP+JX+얼굴/NNG+안/MAG+예뻐도/VA+EC+건강/NNG+하/XSV+게/EC+몸/NNG+관리/NNG+잘/MAG+하/VV+면/EC+예뻐/VA+EC+보이/VV+던데/EC"
          },
          {
            "id": 41,
            "text": "3 : 근데 그것도 어느 정도 받쳐줘야 됨 얼굴이,",
            "norm_text": "근데 그것도 어느 정도 받쳐줘야 됨 얼굴이,",
            "speaker": {
              "id": "3번",
              "sex": "여성",
              "age": "20대"
            },
            "speechAct": "(단언) 주장하기",
            "morpheme": "근데/MAJ+그것/NP+도/JX+어느/MM+정도/NNG+받쳐/VV+EC+줘야/VX+EC+됨/VV+ETN+얼굴/NNG+이/JKS+,/SC"
          }
        ]
      }
    }
  ]
}