{
  "dataset": {
    "identifier": 69171,
    "name": "KAKAO_919_11_set",
    "src_path": "/data/file/cubeManager/PROJECT001/53/txt20211005155848056674/KAKAO_919_11_set/",
    "label_path": "/data/file/cubeManager/PROJECT001/53/txt20211005155848056674/KAKAO_919_11_set/",
    "category": 2,
    "type": 0
  },
  "licenses": {
    "name": "Apache License 1.0",
    "url": "http://www.apache.org/licenses/LICENSE-1.0"
  },
  "info": [
    {
      "id": 41928,
      "filename": "KAKAO_919_11.txt",
      "title": "KAKAO_919_11",
      "mediatype": "SNS",
      "medianame": "카카오톡",
      "category": "일상대화",
      "date": "2021-10-05",
      "size": 609,
      "annotations": {
        "subject": "게임",
        "speaker_type": "1:1",
        "size": 609,
        "word_size": 188,
        "text": "1 : 피파 온라인 오랜만에 하니까 엄청 재밌네 키키\n2 : 피파 온라인이 아직도 서비스 운영 하고 있어? 키키\n1 : 응 키키 오랜만에 하니까 재밌더라고 피파2 진짜 열심히 했었는데\n2 : 옛날에 피파2 진짜 많이 했지 키키 레전드 선수 뽑을려고 열심히 했었는데 키키\n1 : 내가 좋아하는 선수들 쓰는 그 맛이 있었지 키키\n2 : 맞아 키키 페이스오프도 잘 구현돼서 진짜 그 선수로 뛰는 거 같은 그 맛에 피파 했는데 키키\n1 : 그니까 키키 지금은 시즌이 너무 나와서 모르겠더라 키키\n2 : 아 시즌도 여러 시즌 나옴?\n2 : 피파 2만 해보고 안 해서 키키\n1 : 피파 지금 시즌 4인데 5 나온다는 소리가 있더라 키키\n2 : 그래도 그 인기가 끊기질 않으니 새로운 시즌이 계속 나오는 거겠지? 키키\n1 : 그런 듯 키키 4는 내 스타일 아니라 안 했는데 5는 기대해볼까\n2 : 오 방금 찾아보니까 확실히 시즌 지나갈수록 퀄리티가 달라지네 키키\n1 : 퀄리티랑 선수 이미지가 확실히 좋아지긴 했어 키키 움직임도 더 실감나고\n2 : 피파4 시작하기에는 너무 사람들이 선수들이 다 좋아서 늦었네 키키\n1 : 사람들 선수도 좋은데 가격이 너무 비싸더라 키키\n2 : 아 피파 해보고 싶은데 지금 시작하기엔 늦은 듯 키키",
        "lines": [
          {
            "id": 1,
            "text": "1 : 피파 온라인 오랜만에 하니까 엄청 재밌네 키키",
            "norm_text": "피파 온라인 오랜만에 하니까 엄청 재밌네 키키",
            "speaker": {
              "id": "1번",
              "sex": "남성",
              "age": "20대"
            },
            "speechAct": "(단언) 주장하기",
            "morpheme": "피파/NNP+온라인/NNG+오랜만/NNG+에/JKB+하/VV+니까/EC+엄청/MAG+재밌/VA+네/EF+키/NNG+키/XSV+ETN"
          },
          {
            "id": 2,
            "text": "2 : 피파 온라인이 아직도 서비스 운영 하고 있어? 키키",
            "norm_text": "피파 온라인이 아직도 서비스 운영 하고 있어? 키키",
            "speaker": {
              "id": "2번",
              "sex": "남성",
              "age": "20대"
            },
            "speechAct": "(지시) 질문하기",
            "morpheme": "피파/NNP+온라인/NNG+이/JKS+아직/MAG+도/JX+서비스/NNG+운영/NNG+하/XSV+고/EC+있/VX+어/EF+키/NNG+키/XSV+ETN"
          },
          {
            "id": 3,
            "text": "1 : 응 키키 오랜만에 하니까 재밌더라고 피파2 진짜 열심히 했었는데",
            "norm_text": "응 키키 오랜만에 하니까 재밌더라고 피파2 진짜 열심히 했었는데",
            "speaker": {
              "id": "1번",
              "sex": "남성",
              "age": "20대"
            },
            "speechAct": "(단언) 진술하기",
            "morpheme": "응/IC+키/NNG+키/NNG+오랜만/NNG+에/JKB+하/VV+니까/EC+재밌/VA+더라고/EF+피파/NNP+2/SN+진짜/MAG+열심히/MAG+했었/VV+EP+는데/EC"
          },
          {
            "id": 4,
            "text": "2 : 옛날에 피파2 진짜 많이 했지 키키 레전드 선수 뽑을려고 열심히 했었는데 키키",
            "norm_text": "옛날에 피파2 진짜 많이 했지 키키 레전드 선수 뽑을려고 열심히 했었는데 키키",
            "speaker": {
              "id": "2번",
              "sex": "남성",
              "age": "20대"
            },
            "speechAct": "(단언) 진술하기",
            "morpheme": "옛날/NNG+에/JKB+피파/NNP+2/SN+진짜많이했지키키레전드선수뽑을려고열심히했었는데키키/UNKNOWN"
          },
          {
            "id": 5,
            "text": "1 : 내가 좋아하는 선수들 쓰는 그 맛이 있었지 키키",
            "norm_text": "내가 좋아하는 선수들 쓰는 그 맛이 있었지 키키",
            "speaker": {
              "id": "1번",
              "sex": "남성",
              "age": "20대"
            },
            "speechAct": "(단언) 주장하기",
            "morpheme": "내/NP+가/JKS+좋/VA+아/EC+하/VV+는/ETM+선수/NNG+들/XSN+쓰/VV+는/ETM+그/MM+맛/NNG+이/JKS+있/VA+었/EP+지/EC+키/NNG+키/XSV+ETN"
          },
          {
            "id": 6,
            "text": "2 : 맞아 키키 페이스오프도 잘 구현돼서 진짜 그 선수로 뛰는 거 같은 그 맛에 피파 했는데 키키",
            "norm_text": "맞아 키키 페이스오프도 잘 구현돼서 진짜 그 선수로 뛰는 거 같은 그 맛에 피파 했는데 키키",
            "speaker": {
              "id": "2번",
              "sex": "남성",
              "age": "20대"
            },
            "speechAct": "(단언) 진술하기",
            "morpheme": "맞/VV+아/EC+키/NNG+키/NNG+페이스오프/NNG+도/JX+잘/MAG+구현/NNG+돼서/XSV+EC+진짜/MAG+그/MM+선수/NNG+로/JKB+뛰/VV+는/ETM+거/NNB+같/VA+은/ETM+그/MM+맛/NNG+에/JKB+피파/NNG+했/XSV+EP+는데/EC+키/NNG+키/XSV+ETN"
          },
          {
            "id": 7,
            "text": "1 : 그니까 키키 지금은 시즌이 너무 나와서 모르겠더라 키키",
            "norm_text": "그니까 키키 지금은 시즌이 너무 나와서 모르겠더라 키키",
            "speaker": {
              "id": "1번",
              "sex": "남성",
              "age": "20대"
            },
            "speechAct": "(단언) 주장하기",
            "morpheme": "그니까/MAJ+키/NNG+키/NNG+지금/MAG+은/JX+시즌/NNG+이/JKS+너무나/MAG+와서/VV+EC+모르/VV+겠/EP+더라/EF+키/NNG+키/XSV+ETN"
          },
          {
            "id": 8,
            "text": "2 : 아 시즌도 여러 시즌 나옴?",
            "norm_text": "아 시즌도 여러 시즌 나옴?",
            "speaker": {
              "id": "2번",
              "sex": "남성",
              "age": "20대"
            },
            "speechAct": "(지시) 질문하기",
            "morpheme": "아/IC+시즌/NNG+도/JX+여러/MM+시즌/NNG+나옴/VV+ETN"
          },
          {
            "id": 9,
            "text": "2 : 피파 2만 해보고 안 해서 키키",
            "norm_text": "피파 2만 해보고 안 해서 키키",
            "speaker": {
              "id": "2번",
              "sex": "남성",
              "age": "20대"
            },
            "speechAct": "(단언) 진술하기",
            "morpheme": "피파/NNP+2/SN+만/NR+해/VV+EC+보/VX+고/EC+안/MAG+해서/VV+EC+키/NNG+키/XSV+ETN"
          },
          {
            "id": 10,
            "text": "1 : 피파 지금 시즌 4인데 5 나온다는 소리가 있더라 키키",
            "norm_text": "피파 지금 시즌 4인데 5 나온다는 소리가 있더라 키키",
            "speaker": {
              "id": "1번",
              "sex": "남성",
              "age": "20대"
            },
            "speechAct": "(단언) 진술하기",
            "morpheme": "피파/NNP+지금/MAG+시즌/NNG+4/SN+인데/VCP+EC+5/SN+나온다는/VV+ETM+소리/NNG+가/JKS+있/VA+더라/EC+키/NNG+키/XSV+ETN"
          },
          {
            "id": 11,
            "text": "2 : 그래도 그 인기가 끊기질 않으니 새로운 시즌이 계속 나오는 거겠지? 키키",
            "norm_text": "그래도 그 인기가 끊기질 않으니 새로운 시즌이 계속 나오는 거겠지? 키키",
            "speaker": {
              "id": "2번",
              "sex": "남성",
              "age": "20대"
            },
            "speechAct": "(지시) 질문하기",
            "morpheme": "그래도/MAJ+그/MM+인기/NNG+가/JKS+끊기/VV+질/EC+JX+않/VX+으니/EC+새로운/VA+ETM+시즌/NNG+이/JKS+계속/MAG+나오/VV+는/ETM+거/NNB+겠/VCP+EP+지/EF+키/NNG+키/XSV+ETN"
          },
          {
            "id": 12,
            "text": "1 : 그런 듯 키키 4는 내 스타일 아니라 안 했는데 5는 기대해볼까",
            "norm_text": "그런 듯 키키 4는 내 스타일 아니라 안 했는데 5는 기대해볼까",
            "speaker": {
              "id": "1번",
              "sex": "남성",
              "age": "20대"
            },
            "speechAct": "(지시) 질문하기",
            "morpheme": "그런/MM+듯/NNB+키/NNG+키/XSV+ETN+4/SN+는/JX+내/NP+JKG+스타일/NNG+아니/VCN+라/EC+안/MAG+했/VV+EP+는데/EC+5/SN+는/JX+기대/NNG+해/XSV+EC+볼까/VX+EC"
          },
          {
            "id": 13,
            "text": "2 : 오 방금 찾아보니까 확실히 시즌 지나갈수록 퀄리티가 달라지네 키키",
            "norm_text": "오 방금 찾아보니까 확실히 시즌 지나갈수록 퀄리티가 달라지네 키키",
            "speaker": {
              "id": "2번",
              "sex": "남성",
              "age": "20대"
            },
            "speechAct": "(단언) 주장하기",
            "morpheme": "오/IC+방금/MAG+찾아보/VV+니까/EC+확실히/MAG+시즌/NNG+지나갈수록/VV+EC+퀄리티/NNP+가/JKS+달라지/VV+네/EF+키/NNG+키/XSV+ETN"
          },
          {
            "id": 14,
            "text": "1 : 퀄리티랑 선수 이미지가 확실히 좋아지긴 했어 키키 움직임도 더 실감나고",
            "norm_text": "퀄리티랑 선수 이미지가 확실히 좋아지긴 했어 키키 움직임도 더 실감나고",
            "speaker": {
              "id": "1번",
              "sex": "남성",
              "age": "20대"
            },
            "speechAct": "(단언) 주장하기",
            "morpheme": "퀄리티/NNP+랑/JC+선수/NNG+이미지/NNG+가/JKS+확실히/MAG+좋/VA+아/EC+지/VX+긴/ETN+JX+했/VX+EP+어/EC+키/NNG+키/NNG+움직임/NNG+도/JX+더/MAG+실감/NNG+나/VV+고/EC"
          },
          {
            "id": 15,
            "text": "2 : 피파4 시작하기에는 너무 사람들이 선수들이 다 좋아서 늦었네 키키",
            "norm_text": "피파4 시작하기에는 너무 사람들이 선수들이 다 좋아서 늦었네 키키",
            "speaker": {
              "id": "2번",
              "sex": "남성",
              "age": "20대"
            },
            "speechAct": "(단언) 주장하기",
            "morpheme": "피파/NNP+4/SN+시작/NNG+하/XSV+기/ETN+에/JKB+는/JX+너무/MAG+사람/NNG+들/XSN+이/JKS+선수/NNG+들/XSN+이/JKS+다/MAG+좋/VA+아서/EC+늦/VA+었/EP+네/EF+키/NNG+키/XSV+ETN"
          },
          {
            "id": 16,
            "text": "1 : 사람들 선수도 좋은데 가격이 너무 비싸더라 키키",
            "norm_text": "사람들 선수도 좋은데 가격이 너무 비싸더라 키키",
            "speaker": {
              "id": "1번",
              "sex": "남성",
              "age": "20대"
            },
            "speechAct": "(단언) 주장하기",
            "morpheme": "사람/NNG+들/XSN+선수/NNG+도/JX+좋/VA+은데/EC+가격/NNG+이/JKS+너무/MAG+비싸/VA+더라/EC+키/NNG+키/XSV+ETN"
          },
          {
            "id": 17,
            "text": "2 : 아 피파 해보고 싶은데 지금 시작하기엔 늦은 듯 키키",
            "norm_text": "아 피파 해보고 싶은데 지금 시작하기엔 늦은 듯 키키",
            "speaker": {
              "id": "2번",
              "sex": "남성",
              "age": "20대"
            },
            "speechAct": "(단언) 주장하기",
            "morpheme": "아/IC+피파/NNG+해/XSV+EC+보/VX+고/EC+싶/VX+은데/EC+지금/MAG+시작/NNG+하/XSV+기/ETN+엔/JKB+JX+늦/VA+은/ETM+듯/NNB+키/NNG+키/XSV+ETN"
          }
        ]
      }
    }
  ]
}