{
  "dataset": {
    "identifier": 44556,
    "name": "KAKAO_910_09_set",
    "src_path": "/data/file/cubeManager/PROJECT001/53/txt20211005154828071773/KAKAO_910_09_set/",
    "label_path": "/data/file/cubeManager/PROJECT001/53/txt20211005154828071773/KAKAO_910_09_set/",
    "category": 2,
    "type": 0
  },
  "licenses": {
    "name": "Apache License 1.0",
    "url": "http://www.apache.org/licenses/LICENSE-1.0"
  },
  "info": [
    {
      "id": 41686,
      "filename": "KAKAO_910_09.txt",
      "title": "KAKAO_910_09",
      "mediatype": "SNS",
      "medianame": "카카오톡",
      "category": "일상대화",
      "date": "2021-10-05",
      "size": 929,
      "annotations": {
        "subject": "반려동물",
        "speaker_type": "다자간 대화",
        "size": 929,
        "word_size": 282,
        "text": "1 : 우리 세 명은 강아지 때문에 동네에서 만났는데 친하게 지내면서 서로 정보도 공유하니까 너무 좋아요\n2 : 맞아요 우리 강아지가 저한테 데려온 인연들이 소중해요\n3 : 강아지 덕분에 좋은 분들 알게 돼서 같이 놀러 다니고 재미있어요\n1 : 전 오래 전에 키워보고 처음 키우는 거예요\n2 : 저도 10년 전에 키운 게 마지막이었어요\n2 : 밖에 나가면 저만 강아지가 없더라구요\n3 : 요새는 반려견 키우는 사람들이 굉장히 많아요\n1 : 강아지 키우면서 달라진 게 있어요?\n2 : 제 생활이 완전히 바뀌었죠\n2 : 지금은 뭐든 강아지 위주예요 아직 어려서 신경이 많이 쓰여요\n3 : 저도요 강아지가 이렇게 큰 즐거움과 행복을 줄지 몰랐어요\n1 : 가장 큰 즐거움은 같이 놀러 가는 거예요\n1 : 여름이니까 이제 수영장 같은 데도 가고 싶어요\n2 : 오 강아지 수영장은 한 번도 못 가봤어요\n2 : 우리 강아지가 수영을 잘할지 궁금해요\n3 : 저도 좋아요! 수영이 허리와 다리에 좋다니까 여름에 많이 했으면 좋겠어요\n1 : 맞아요 강아지 허리와 다리에 좋대요\n1 : 슬개골 탈구 있는 애들한테 특히 좋고요!\n2 : 전 너무 더워서 시원한 데 강아지랑 놀러 가면 좋겠어요\n3 : 저도요! 우리 여름 가기 전에 수영 많이 하러 가요!\n1 : 우리 다음 주에 갈까요?\n2 : 좋죠! 그런데 사실 수영장에는 모르는 강아지들이 많이 와서 물릴까 봐 좀 걱정돼요\n3 : 저도요 어떤 강아지들이 올지 모르니까 긴장할 것 같아요\n1 : 그래도 가끔은 목줄을 풀고 맘껏 뛰어 놀게 해주고 싶어요\n2 : 저도 그래요 전 산이나 들에 가서 강아지 목줄 풀고 둘이 신나게 거닐고 싶어요\n3 : 맞아요 목줄 하고 다니는 거 보면 가끔은 안쓰럽게 느껴져요\n1 : 그래도 도시에 살면 목줄 하는 게 어쩔 수 없어요\n2 : 그렇죠 목줄 하고도 편안하고 즐겁게 산책하려고 노력해요\n3 : 저도요 전 강아지도 행복하고 저도 행복하길 바라니까요",
        "lines": [
          {
            "id": 1,
            "text": "1 : 우리 세 명은 강아지 때문에 동네에서 만났는데 친하게 지내면서 서로 정보도 공유하니까 너무 좋아요",
            "norm_text": "우리 세 명은 강아지 때문에 동네에서 만났는데 친하게 지내면서 서로 정보도 공유하니까 너무 좋아요",
            "speaker": {
              "id": "1번",
              "sex": "여성",
              "age": "30대"
            },
            "speechAct": "(단언) 주장하기",
            "morpheme": "우리/NP+세/MM+명/NNBC+은/JX+강아지/NNG+때문/NNB+에/JKB+동네/NNG+에서/JKB+만났/VV+EP+는데/EC+친하/VA+게/EC+지내/VV+면서/EC+서로/MAG+정보/NNG+도/JX+공유/NNG+하/XSV+니까/EC+너무/MAG+좋/VA+아요/EC"
          },
          {
            "id": 2,
            "text": "2 : 맞아요 우리 강아지가 저한테 데려온 인연들이 소중해요",
            "norm_text": "맞아요 우리 강아지가 저한테 데려온 인연들이 소중해요",
            "speaker": {
              "id": "2번",
              "sex": "여성",
              "age": "40대"
            },
            "speechAct": "(단언) 주장하기",
            "morpheme": "맞/VV+아요/EF+우리/NP+강아지/NNG+가/JKS+저/NP+한테/JKB+데려온/VV+ETM+인연/NNG+들/XSN+이/JKS+소중/XR+해요/XSA+EC"
          },
          {
            "id": 3,
            "text": "3 : 강아지 덕분에 좋은 분들 알게 돼서 같이 놀러 다니고 재미있어요",
            "norm_text": "강아지 덕분에 좋은 분들 알게 돼서 같이 놀러 다니고 재미있어요",
            "speaker": {
              "id": "3번",
              "sex": "여성",
              "age": "10대"
            },
            "speechAct": "(단언) 주장하기",
            "morpheme": "강아지/NNG+덕분/NNG+에/JKB+좋/VA+은/ETM+분/NNB+들/XSN+알/VV+게/EC+돼서/VV+EC+같이/MAG+놀/VV+러/EC+다니/VV+고/EC+재미있/VA+어요/EF"
          },
          {
            "id": 4,
            "text": "1 : 전 오래 전에 키워보고 처음 키우는 거예요",
            "norm_text": "전 오래 전에 키워보고 처음 키우는 거예요",
            "speaker": {
              "id": "1번",
              "sex": "여성",
              "age": "30대"
            },
            "speechAct": "(단언) 주장하기",
            "morpheme": "전/NP+JX+오래/MAG+전/NNG+에/JKB+키워/VV+EC+보/VX+고/EC+처음/MAG+키우/VV+는/ETM+거/NNB+예요/VCP+EF"
          },
          {
            "id": 5,
            "text": "2 : 저도 10년 전에 키운 게 마지막이었어요",
            "norm_text": "저도 10년 전에 키운 게 마지막이었어요",
            "speaker": {
              "id": "2번",
              "sex": "여성",
              "age": "40대"
            },
            "speechAct": "(단언) 주장하기",
            "morpheme": "저/NP+도/JX+10/SN+년/NNBC+전/NNG+에/JKB+키운/VV+ETM+게/NNB+JKS+마지막/NNG+이/VCP+었/EP+어요/EF"
          },
          {
            "id": 6,
            "text": "2 : 밖에 나가면 저만 강아지가 없더라구요",
            "norm_text": "밖에 나가면 저만 강아지가 없더라구요",
            "speaker": {
              "id": "2번",
              "sex": "여성",
              "age": "40대"
            },
            "speechAct": "(단언) 주장하기",
            "morpheme": "밖/NNG+에/JKB+나가/VV+면/EC+저/NP+만/JX+강아지/NNG+가/JKS+없/VA+더라구요/EC"
          },
          {
            "id": 7,
            "text": "3 : 요새는 반려견 키우는 사람들이 굉장히 많아요",
            "norm_text": "요새는 반려견 키우는 사람들이 굉장히 많아요",
            "speaker": {
              "id": "3번",
              "sex": "여성",
              "age": "10대"
            },
            "speechAct": "(단언) 주장하기",
            "morpheme": "요새/NNG+는/JX+반려/NNG+견/NNG+키우/VV+는/ETM+사람/NNG+들/XSN+이/JKS+굉장히/MAG+많/VA+아요/EC"
          },
          {
            "id": 8,
            "text": "1 : 강아지 키우면서 달라진 게 있어요?",
            "norm_text": "강아지 키우면서 달라진 게 있어요?",
            "speaker": {
              "id": "1번",
              "sex": "여성",
              "age": "30대"
            },
            "speechAct": "(지시) 질문하기",
            "morpheme": "강아지/NNG+키우/VV+면서/EC+달라진/VV+ETM+게/NNB+JKS+있/VA+어요/EF"
          },
          {
            "id": 9,
            "text": "2 : 제 생활이 완전히 바뀌었죠",
            "norm_text": "제 생활이 완전히 바뀌었죠",
            "speaker": {
              "id": "2번",
              "sex": "여성",
              "age": "40대"
            },
            "speechAct": "(단언) 주장하기",
            "morpheme": "제/NP+JKG+생활/NNG+이/JKS+완전히/MAG+바뀌/VV+었/EP+죠/EF"
          },
          {
            "id": 10,
            "text": "2 : 지금은 뭐든 강아지 위주예요 아직 어려서 신경이 많이 쓰여요",
            "norm_text": "지금은 뭐든 강아지 위주예요 아직 어려서 신경이 많이 쓰여요",
            "speaker": {
              "id": "2번",
              "sex": "여성",
              "age": "40대"
            },
            "speechAct": "(단언) 주장하기",
            "morpheme": "지금/MAG+은/JX+뭐/NP+든/VCP+EC+강아지/NNG+위주/NNG+예요/VCP+EF+아직/MAG+어려서/VA+EC+신경/NNG+이/JKS+많이/MAG+쓰여요/VV+EF"
          },
          {
            "id": 11,
            "text": "3 : 저도요 강아지가 이렇게 큰 즐거움과 행복을 줄지 몰랐어요",
            "norm_text": "저도요 강아지가 이렇게 큰 즐거움과 행복을 줄지 몰랐어요",
            "speaker": {
              "id": "3번",
              "sex": "여성",
              "age": "10대"
            },
            "speechAct": "(단언) 주장하기",
            "morpheme": "저/MM+도요/NNG+강아지/NNG+가/JKS+이렇게/MAG+큰/VA+ETM+즐거움/NNG+과/JC+행복/NNG+을/JKO+줄지/VV+EC+몰랐/VV+EP+어요/EF"
          },
          {
            "id": 12,
            "text": "1 : 가장 큰 즐거움은 같이 놀러 가는 거예요",
            "norm_text": "가장 큰 즐거움은 같이 놀러 가는 거예요",
            "speaker": {
              "id": "1번",
              "sex": "여성",
              "age": "30대"
            },
            "speechAct": "(단언) 주장하기",
            "morpheme": "가장/MAG+큰/VA+ETM+즐거움/NNG+은/JX+같이/MAG+놀러가/VV+는/ETM+거/NNB+예요/VCP+EF"
          },
          {
            "id": 13,
            "text": "1 : 여름이니까 이제 수영장 같은 데도 가고 싶어요",
            "norm_text": "여름이니까 이제 수영장 같은 데도 가고 싶어요",
            "speaker": {
              "id": "1번",
              "sex": "여성",
              "age": "30대"
            },
            "speechAct": "(단언) 주장하기",
            "morpheme": "여름/NNG+이/VCP+니까/EC+이제/MAG+수영장/NNG+같/VA+은데도/EC+가/VX+고/EC+싶/VX+어요/EF"
          },
          {
            "id": 14,
            "text": "2 : 오 강아지 수영장은 한 번도 못 가봤어요",
            "norm_text": "오 강아지 수영장은 한 번도 못 가봤어요",
            "speaker": {
              "id": "2번",
              "sex": "여성",
              "age": "40대"
            },
            "speechAct": "(단언) 주장하기",
            "morpheme": "오/NR+강아지/NNG+수영장/NNG+은/JX+한/MM+번/NNBC+도/JX+못/MAG+가/VV+EC+봤/VX+EP+어요/EF"
          },
          {
            "id": 15,
            "text": "2 : 우리 강아지가 수영을 잘할지 궁금해요",
            "norm_text": "우리 강아지가 수영을 잘할지 궁금해요",
            "speaker": {
              "id": "2번",
              "sex": "여성",
              "age": "40대"
            },
            "speechAct": "(단언) 주장하기",
            "morpheme": "우리/NP+강아지/NNG+가/JKS+수영/NNG+을/JKO+잘/MAG+할지/VV+EC+궁금/XR+해요/XSA+EC"
          },
          {
            "id": 16,
            "text": "3 : 저도 좋아요! 수영이 허리와 다리에 좋다니까 여름에 많이 했으면 좋겠어요",
            "norm_text": "저도 좋아요! 수영이 허리와 다리에 좋다니까 여름에 많이 했으면 좋겠어요",
            "speaker": {
              "id": "3번",
              "sex": "여성",
              "age": "10대"
            },
            "speechAct": "(단언) 주장하기",
            "morpheme": "저/NP+도/JX+좋/VA+아요/EF+수영/NNG+이/JKS+허리/NNG+와/JC+다리/NNG+에/JKB+좋/VA+다니까/EC+여름/NNG+에/JKB+많이/MAG+했/VV+EP+으면/EC+좋/VA+겠/EP+어요/EF"
          },
          {
            "id": 17,
            "text": "1 : 맞아요 강아지 허리와 다리에 좋대요",
            "norm_text": "맞아요 강아지 허리와 다리에 좋대요",
            "speaker": {
              "id": "1번",
              "sex": "여성",
              "age": "30대"
            },
            "speechAct": "(단언) 주장하기",
            "morpheme": "맞/VV+아요/EF+강아지/NNG+허리/NNG+와/JC+다리/NNG+에/JKB+좋/VA+대요/EC"
          },
          {
            "id": 18,
            "text": "1 : 슬개골 탈구 있는 애들한테 특히 좋고요!",
            "norm_text": "슬개골 탈구 있는 애들한테 특히 좋고요!",
            "speaker": {
              "id": "1번",
              "sex": "여성",
              "age": "30대"
            },
            "speechAct": "(단언) 주장하기",
            "morpheme": "슬개골/NNG+탈/VV+구/EC+있/VX+는/ETM+애/NNG+들/XSN+한테/JKB+특히/MAG+좋/VA+고요/EF"
          },
          {
            "id": 19,
            "text": "2 : 전 너무 더워서 시원한 데 강아지랑 놀러 가면 좋겠어요",
            "norm_text": "전 너무 더워서 시원한 데 강아지랑 놀러 가면 좋겠어요",
            "speaker": {
              "id": "2번",
              "sex": "여성",
              "age": "40대"
            },
            "speechAct": "(단언) 주장하기",
            "morpheme": "전/NP+JX+너무/MAG+더워서/VA+EC+시원/XR+한데/XSA+EC+강아지/NNG+랑/JKB+놀/VV+러/EC+가/VX+면/EC+좋/VA+겠/EP+어요/EF"
          },
          {
            "id": 20,
            "text": "3 : 저도요! 우리 여름 가기 전에 수영 많이 하러 가요!",
            "norm_text": "저도요! 우리 여름 가기 전에 수영 많이 하러 가요!",
            "speaker": {
              "id": "3번",
              "sex": "여성",
              "age": "10대"
            },
            "speechAct": "(단언) 주장하기",
            "morpheme": "저/NP+도/JX+요/JX+우리/NP+여름/NNG+가/VV+기/ETN+전/NNG+에/JKB+수영/NNG+많이/MAG+하/VV+러/EC+가/VX+요/EF"
          },
          {
            "id": 21,
            "text": "1 : 우리 다음 주에 갈까요?",
            "norm_text": "우리 다음 주에 갈까요?",
            "speaker": {
              "id": "1번",
              "sex": "여성",
              "age": "30대"
            },
            "speechAct": "(단언) 주장하기",
            "morpheme": "우리/NP+다음/NNG+주/NNG+에/JKB+갈까요/VV+EF"
          },
          {
            "id": 22,
            "text": "2 : 좋죠! 그런데 사실 수영장에는 모르는 강아지들이 많이 와서 물릴까 봐 좀 걱정돼요",
            "norm_text": "좋죠! 그런데 사실 수영장에는 모르는 강아지들이 많이 와서 물릴까 봐 좀 걱정돼요",
            "speaker": {
              "id": "2번",
              "sex": "여성",
              "age": "40대"
            },
            "speechAct": "(단언) 주장하기",
            "morpheme": "좋/VA+죠/EF+그런데/MAJ+사실/MAG+수영장/NNG+에/JKB+는/JX+모르/VV+는/ETM+강아지/NNG+들/XSN+이/JKS+많이/MAG+와서/VV+EC+물릴/VV+ETM+까봐/EC+VX+EC+좀/MAG+걱정/NNG+돼요/XSV+EC"
          },
          {
            "id": 23,
            "text": "3 : 저도요 어떤 강아지들이 올지 모르니까 긴장할 것 같아요",
            "norm_text": "저도요 어떤 강아지들이 올지 모르니까 긴장할 것 같아요",
            "speaker": {
              "id": "3번",
              "sex": "여성",
              "age": "10대"
            },
            "speechAct": "(단언) 주장하기",
            "morpheme": "저/NP+도/JX+요/JX+어떤/MM+강아지/NNG+들/XSN+이/JKS+올지/VV+EC+모르/VV+니까/EC+긴장/NNG+할/XSV+ETM+것/NNB+같/VA+아요/EC"
          },
          {
            "id": 24,
            "text": "1 : 그래도 가끔은 목줄을 풀고 맘껏 뛰어 놀게 해주고 싶어요",
            "norm_text": "그래도 가끔은 목줄을 풀고 맘껏 뛰어 놀게 해주고 싶어요",
            "speaker": {
              "id": "1번",
              "sex": "여성",
              "age": "30대"
            },
            "speechAct": "(단언) 주장하기",
            "morpheme": "그래도/MAJ+가끔/MAG+은/JX+목줄/NNG+을/JKO+풀/VV+고/EC+맘껏/MAG+뛰어놀/VV+게/EC+해/VV+EC+주/VX+고/EC+싶/VX+어요/EF"
          },
          {
            "id": 25,
            "text": "2 : 저도 그래요 전 산이나 들에 가서 강아지 목줄 풀고 둘이 신나게 거닐고 싶어요",
            "norm_text": "저도 그래요 전 산이나 들에 가서 강아지 목줄 풀고 둘이 신나게 거닐고 싶어요",
            "speaker": {
              "id": "2번",
              "sex": "여성",
              "age": "40대"
            },
            "speechAct": "(단언) 주장하기",
            "morpheme": "저/NP+도/JX+그래요/VA+EC+전산/NNG+이/JKS+나/NP+들/XSN+에/JKB+가/VV+서/EC+강아지/NNG+목줄/NNG+풀/VV+고/EC+둘/NR+이/JKS+신나/VV+게/EC+거닐/VV+고/EC+싶/VX+어요/EF"
          },
          {
            "id": 26,
            "text": "3 : 맞아요 목줄 하고 다니는 거 보면 가끔은 안쓰럽게 느껴져요",
            "norm_text": "맞아요 목줄 하고 다니는 거 보면 가끔은 안쓰럽게 느껴져요",
            "speaker": {
              "id": "3번",
              "sex": "여성",
              "age": "10대"
            },
            "speechAct": "(단언) 주장하기",
            "morpheme": "맞/VV+아요/EF+목줄/NNG+하/XSV+고/EC+다니/VV+는/ETM+거/NNB+보/VV+면/EC+가끔/MAG+은/JX+안쓰럽/VA+게/EC+느껴져요/VV+EC+VX+EF"
          },
          {
            "id": 27,
            "text": "1 : 그래도 도시에 살면 목줄 하는 게 어쩔 수 없어요",
            "norm_text": "그래도 도시에 살면 목줄 하는 게 어쩔 수 없어요",
            "speaker": {
              "id": "1번",
              "sex": "여성",
              "age": "30대"
            },
            "speechAct": "(단언) 주장하기",
            "morpheme": "그래도/MAJ+도시/NNG+에/JKB+살/VV+면/EC+목줄/NNG+하/XSV+는/ETM+게/NNB+JKS+어쩔/VA+ETM+수/NNB+없/VA+어요/EF"
          },
          {
            "id": 28,
            "text": "2 : 그렇죠 목줄 하고도 편안하고 즐겁게 산책하려고 노력해요",
            "norm_text": "그렇죠 목줄 하고도 편안하고 즐겁게 산책하려고 노력해요",
            "speaker": {
              "id": "2번",
              "sex": "여성",
              "age": "40대"
            },
            "speechAct": "(단언) 주장하기",
            "morpheme": "그렇/VA+죠/EF+목줄/NNG+하/XSV+고/EC+도/JX+편안/NNG+하/XSV+고/EC+즐겁/VA+게/EC+산책/NNG+하/XSV+려고/EC+노력/NNG+해요/XSV+EC"
          },
          {
            "id": 29,
            "text": "3 : 저도요 전 강아지도 행복하고 저도 행복하길 바라니까요",
            "norm_text": "저도요 전 강아지도 행복하고 저도 행복하길 바라니까요",
            "speaker": {
              "id": "3번",
              "sex": "여성",
              "age": "10대"
            },
            "speechAct": "(단언) 주장하기",
            "morpheme": "저/NP+도/JX+요전/NNG+강아지/NNG+도/JX+행복/NNG+하/XSV+고/EC+저/NP+도/JX+행복/NNG+하/XSV+길/ETN+JKO+바라/VV+니까요/EC"
          }
        ]
      }
    }
  ]
}