{
  "dataset": {
    "identifier": 63509,
    "name": "KAKAO_909_20_set",
    "src_path": "/data/file/cubeManager/PROJECT001/53/txt20211005154109093098/KAKAO_909_20_set/",
    "label_path": "/data/file/cubeManager/PROJECT001/53/txt20211005154109093098/KAKAO_909_20_set/",
    "category": 2,
    "type": 0
  },
  "licenses": {
    "name": "Apache License 1.0",
    "url": "http://www.apache.org/licenses/LICENSE-1.0"
  },
  "info": [
    {
      "id": 41597,
      "filename": "KAKAO_909_20.txt",
      "title": "KAKAO_909_20",
      "mediatype": "SNS",
      "medianame": "카카오톡",
      "category": "일상대화",
      "date": "2021-10-05",
      "size": 493,
      "annotations": {
        "subject": "영화/만화",
        "speaker_type": "1:1",
        "size": 493,
        "word_size": 160,
        "text": "1 : 너 아직도 원피스 챙겨 보고 있어?\n2 : 최근에는 안 보고 있어\n1 : 왜? 너가 제일 좋아하는 만화였잖아\n2 : 그랬는데 너무 질질 끄는 경향이 있길래\n1 : 아 다들 그 말 하더라 키키 자기 죽을 때까지 완결 나는 거 맞냐고\n2 : 키키 그렇긴 한데 언니 요즘 뭐 하는 거 없으면 원피스 봐바 진짜 존잼이야\n1 : 원피스 보는 사람들마다 다 그 말 하더라고\n2 : 진짜 명작이라고 생각해. 언니가 보면 후회 안 할 거야\n1 : 근데 한 번 보기 시작하면 내가 폐인처럼 볼 까봐 걱정이야 키키 대충 어떤 이야기야?\n2 : 언니 원피스 한 번도 본 적 없어?\n1 : 엉... 나는 그때 나루토 봐서 키키\n2 : 루피는 알지? 키키 이건 원피스 안보는 사람도 아는 거잖아\n1 : 나 주인공들은 다 알아 키키 나미, 상디, 조로, 쵸파\n2 : 오~ 주인공들은 아네 키키 루피가 해적왕이 되려는 이야기야\n1 : 해적왕이 나루토의 호카게 같은 건가?\n2 : 어 약간 다른데 해적왕은 해적들의 왕 같은...?",
        "lines": [
          {
            "id": 1,
            "text": "1 : 너 아직도 원피스 챙겨 보고 있어?",
            "norm_text": "너 아직도 원피스 챙겨 보고 있어?",
            "speaker": {
              "id": "1번",
              "sex": "여성",
              "age": "20대"
            },
            "speechAct": "(단언) 진술하기",
            "morpheme": "너/NP+아직/MAG+도/JX+원피스/NNG+챙겨/VV+EC+보/VX+고/EC+있/VX+어/EF"
          },
          {
            "id": 2,
            "text": "2 : 최근에는 안 보고 있어",
            "norm_text": "최근에는 안 보고 있어",
            "speaker": {
              "id": "2번",
              "sex": "여성",
              "age": "20대"
            },
            "speechAct": "(단언) 진술하기",
            "morpheme": "최근/NNG+에/JKB+는/JX+안/MAG+보/VV+고/EC+있/VX+어/EC"
          },
          {
            "id": 3,
            "text": "1 : 왜? 너가 제일 좋아하는 만화였잖아",
            "norm_text": "왜? 너가 제일 좋아하는 만화였잖아",
            "speaker": {
              "id": "1번",
              "sex": "여성",
              "age": "20대"
            },
            "speechAct": "(지시) 질문하기",
            "morpheme": "왜/MAG+너/NP+가/JKS+제일/MAG+좋/VA+아/EC+하/VV+는/ETM+만화/NNG+였잖/VCP+EP+EC+VX+아/EC"
          },
          {
            "id": 4,
            "text": "2 : 그랬는데 너무 질질 끄는 경향이 있길래",
            "norm_text": "그랬는데 너무 질질 끄는 경향이 있길래",
            "speaker": {
              "id": "2번",
              "sex": "여성",
              "age": "20대"
            },
            "speechAct": "(단언) 진술하기",
            "morpheme": "그랬/VV+EP+는데/EC+너무/MAG+질질/MAG+끄/VV+는/ETM+경향/NNG+이/JKS+있/VV+길래/EC"
          },
          {
            "id": 5,
            "text": "1 : 아 다들 그 말 하더라 키키 자기 죽을 때까지 완결 나는 거 맞냐고",
            "norm_text": "아 다들 그 말 하더라 키키 자기 죽을 때까지 완결 나는 거 맞냐고",
            "speaker": {
              "id": "1번",
              "sex": "여성",
              "age": "20대"
            },
            "speechAct": "(단언) 진술하기",
            "morpheme": "아/IC+다/MAG+들/XSN+그/MM+말/NNG+하/XSV+더라/EC+키/NNG+키/XSV+ETN+자기/NP+죽/VV+을/ETM+때/NNG+까지/JX+완결/NNG+나/VV+는/ETM+거/NNB+맞/VV+냐고/EC"
          },
          {
            "id": 6,
            "text": "2 : 키키 그렇긴 한데 언니 요즘 뭐 하는 거 없으면 원피스 봐바 진짜 존잼이야",
            "norm_text": "키키 그렇긴 한데 언니 요즘 뭐 하는 거 없으면 원피스 봐바 진짜 존잼이야",
            "speaker": {
              "id": "2번",
              "sex": "여성",
              "age": "20대"
            },
            "speechAct": "(단언) 주장하기",
            "morpheme": "키/NNG+키/XSV+ETN+그렇/VA+긴/ETN+JX+한데/VX+EC+언니/NNG+요즘/MAG+뭐/IC+하/VV+는/ETM+거/NNB+없/VA+으면/EC+원피스/NNG+봐/VV+바/EC+진짜/MAG+존/NNP+잼/NNG+이/VCP+야/EC"
          },
          {
            "id": 7,
            "text": "1 : 원피스 보는 사람들마다 다 그 말 하더라고",
            "norm_text": "원피스 보는 사람들마다 다 그 말 하더라고",
            "speaker": {
              "id": "1번",
              "sex": "여성",
              "age": "20대"
            },
            "speechAct": "(단언) 진술하기",
            "morpheme": "원피스/NNG+보/VV+는/ETM+사람/NNG+들/XSN+마다/JX+다/MAG+그/MM+말/NNG+하/XSV+더라고/EC"
          },
          {
            "id": 8,
            "text": "2 : 진짜 명작이라고 생각해. 언니가 보면 후회 안 할 거야",
            "norm_text": "진짜 명작이라고 생각해. 언니가 보면 후회 안 할 거야",
            "speaker": {
              "id": "2번",
              "sex": "여성",
              "age": "20대"
            },
            "speechAct": "(단언) 주장하기",
            "morpheme": "진짜/MAG+명작/NNG+이/VCP+라고/EC+생각/NNG+해/XSV+EF+언니/NNG+가/JKS+보/VV+면/EC+후회/NNG+안/MAG+할/VV+ETM+거/NNB+야/VCP+EF"
          },
          {
            "id": 9,
            "text": "1 : 근데 한 번 보기 시작하면 내가 폐인처럼 볼 까봐 걱정이야 키키 대충 어떤 이야기야?",
            "norm_text": "근데 한 번 보기 시작하면 내가 폐인처럼 볼 까봐 걱정이야 키키 대충 어떤 이야기야?",
            "speaker": {
              "id": "1번",
              "sex": "여성",
              "age": "20대"
            },
            "speechAct": "(지시) 질문하기",
            "morpheme": "근데/MAJ+한/MM+번/NNBC+보/VV+기/ETN+시작/NNG+하/XSV+면/EC+내/NP+가/JKS+폐인/NNG+처럼/JKB+볼까봐/VV+EC+VX+EC+걱정/NNG+이/VCP+야/EC+키/NNG+키/XSV+ETN+대충/MAG+어떤/MM+이야기/NNG+야/VCP+EF"
          },
          {
            "id": 10,
            "text": "2 : 언니 원피스 한 번도 본 적 없어?",
            "norm_text": "언니 원피스 한 번도 본 적 없어?",
            "speaker": {
              "id": "2번",
              "sex": "여성",
              "age": "20대"
            },
            "speechAct": "(지시) 질문하기",
            "morpheme": "언니/NNG+원피스/NNG+한/MM+번/NNBC+도/JX+본/VX+ETM+적/NNB+없/VA+어/EF"
          },
          {
            "id": 11,
            "text": "1 : 엉... 나는 그때 나루토 봐서 키키",
            "norm_text": "엉... 나는 그때 나루토 봐서 키키",
            "speaker": {
              "id": "1번",
              "sex": "여성",
              "age": "20대"
            },
            "speechAct": "(단언) 진술하기",
            "morpheme": "엉/IC+./SY+나/NP+는/JX+그때/NNG+나루/NNG+토/XSV+EC+봐서/VV+EC+키/NNG+키/XSV+ETN"
          },
          {
            "id": 12,
            "text": "2 : 루피는 알지? 키키 이건 원피스 안보는 사람도 아는 거잖아",
            "norm_text": "루피는 알지? 키키 이건 원피스 안보는 사람도 아는 거잖아",
            "speaker": {
              "id": "2번",
              "sex": "여성",
              "age": "20대"
            },
            "speechAct": "(지시) 질문하기",
            "morpheme": "루피/NNG+는/JX+알/VV+지/EF+키키/NNP+이건원/NNP+피스/NNG+안/MAG+보/VV+는/ETM+사람/NNG+도/JX+아/VV+는/ETM+거/NNB+잖아/VCP+EC+VX+EC"
          },
          {
            "id": 13,
            "text": "1 : 나 주인공들은 다 알아 키키 나미, 상디, 조로, 쵸파",
            "norm_text": "나 주인공들은 다 알아 키키 나미, 상디, 조로, 쵸파",
            "speaker": {
              "id": "1번",
              "sex": "여성",
              "age": "20대"
            },
            "speechAct": "(단언) 주장하기",
            "morpheme": "나/NP+주인공/NNG+들/XSN+은/JX+다/MAG+알/VV+아/EC+키/NNG+키나/XSA+ETN+JX+미/NNP+,/SC+상디/NNP+,/SC+조/NNG+로/JKB+,/SC+쵸파/NNP"
          },
          {
            "id": 14,
            "text": "2 : 오~ 주인공들은 아네 키키 루피가 해적왕이 되려는 이야기야",
            "norm_text": "오~ 주인공들은 아네 키키 루피가 해적왕이 되려는 이야기야",
            "speaker": {
              "id": "2번",
              "sex": "여성",
              "age": "20대"
            },
            "speechAct": "(단언) 진술하기",
            "morpheme": "오/NR+~/SY+주인공/NNG+들/XSN+은/JX+아네/NNG+키/NNG+키/NNG+루피/NNG+가/JKS+해/VV+EC+적왕/NNP+이/JKS+되/VV+려는/ETM+이야기/NNG+야/VCP+EF"
          },
          {
            "id": 15,
            "text": "1 : 해적왕이 나루토의 호카게 같은 건가?",
            "norm_text": "해적왕이 나루토의 호카게 같은 건가?",
            "speaker": {
              "id": "1번",
              "sex": "여성",
              "age": "20대"
            },
            "speechAct": "(지시) 질문하기",
            "morpheme": "해/NNG+적/XSN+왕/NNG+이/JKS+나루토/NNP+의호/NNG+카/VV+게/EC+같/VA+은/ETM+건가/NNB+VCP+EF"
          },
          {
            "id": 16,
            "text": "2 : 어 약간 다른데 해적왕은 해적들의 왕 같은...?",
            "norm_text": "어 약간 다른데 해적왕은 해적들의 왕 같은...?",
            "speaker": {
              "id": "2번",
              "sex": "여성",
              "age": "20대"
            },
            "speechAct": "(단언) 진술하기",
            "morpheme": "어/IC+약간/MAG+다른/VA+ETM+데/NNB+해/VV+EC+적왕/NNP+은/JX+해적/NNG+들/XSN+의/JKG+왕/NNG+같/VA+은/ETM+./SY+./SY"
          }
        ]
      }
    }
  ]
}