{
  "dataset": {
    "identifier": 61168,
    "name": "KAKAO_923_08_set",
    "src_path": "/data/file/cubeManager/PROJECT001/53/txt20211005154159071169/KAKAO_923_08_set/",
    "label_path": "/data/file/cubeManager/PROJECT001/53/txt20211005154159071169/KAKAO_923_08_set/",
    "category": 2,
    "type": 0
  },
  "licenses": {
    "name": "Apache License 1.0",
    "url": "http://www.apache.org/licenses/LICENSE-1.0"
  },
  "info": [
    {
      "id": 41665,
      "filename": "KAKAO_923_08.txt",
      "title": "KAKAO_923_08",
      "mediatype": "SNS",
      "medianame": "카카오톡",
      "category": "일상대화",
      "date": "2021-10-05",
      "size": 567,
      "annotations": {
        "subject": "연애/결혼",
        "speaker_type": "1:1",
        "size": 567,
        "word_size": 182,
        "text": "1 : 넌 남자친구 사귈 때 뭘 가장 중요하게 생각해?\n2 : 사귈 때? 선택하기 힘든데... 외모, 성격 둘 다 중요해서\n1 : 키키 오오 너는 외모도 보는구나 키키 어떤 거 봐? 키?\n2 : 키보다는 훈훈하게 생긴 얼굴...?\n1 : 아 키키 그래... 사실 얼굴도 중요하긴 해 키키\n2 : 응. 너는 뭘 중요시 봐?\n1 : 나는... 키키 난 성격을 주로 봐... 그리고 키 큰 거 싫어해\n2 : 오 키키 나도 너무 큰 키는 싫더라. 어느 정도를 원해?\n1 : 오 나랑 비슷하네 키키 난 최대가 178? 키키 180넘으면 목 아파\n2 : 아 나는 175정도가 딱 좋은 것 같아\n1 : 키키 나두 키키 나는 170정도도 괜찮아 키키 나보단 크잖아 키키\n2 : 아 진짜? 근데 170이 막상 만나보면 작더라구\n1 : 아 그래? 키키 뭐 눈높이가 맞는 거 같은 좋은 점이 있지 키키\n2 : 170되는 남자를 만나 본 적이 있어?\n1 : 응응 키키 난 괜찮았어 키키 187도 만나봤어 키키\n2 : 어? 그런 남자는 만나봤어? 누구야? 키키\n1 : 키키 아... 외국인이야 키키 한국인은 아니고 키키\n2 : 아 그때 사진으로 본 남자 말하는 거야?",
        "lines": [
          {
            "id": 1,
            "text": "1 : 넌 남자친구 사귈 때 뭘 가장 중요하게 생각해?",
            "norm_text": "넌 남자친구 사귈 때 뭘 가장 중요하게 생각해?",
            "speaker": {
              "id": "1번",
              "sex": "여성",
              "age": "30대"
            },
            "speechAct": "(지시) 질문하기",
            "morpheme": "넌/NP+JX+남자/NNG+친구/NNG+사귈/VV+ETM+때/NNG+뭘/NP+JKO+가장/MAG+중요/NNG+하/XSV+게/EC+생각/NNG+해/XSV+EF"
          },
          {
            "id": 2,
            "text": "2 : 사귈 때? 선택하기 힘든데... 외모, 성격 둘 다 중요해서",
            "norm_text": "사귈 때? 선택하기 힘든데... 외모, 성격 둘 다 중요해서",
            "speaker": {
              "id": "2번",
              "sex": "여성",
              "age": "30대"
            },
            "speechAct": "(단언) 주장하기",
            "morpheme": "사귈/VV+ETM+때/NNG+?/SY+선택/NNG+하/XSV+기/ETN+힘/NNG+든데/VCP+EF+./SY+외모/NNG+,/SC+성격/NNG+둘/NR+다/MAG+중요/NNG+해서/XSV+EC"
          },
          {
            "id": 3,
            "text": "1 : 키키 오오 너는 외모도 보는구나 키키 어떤 거 봐? 키?",
            "norm_text": "키키 오오 너는 외모도 보는구나 키키 어떤 거 봐? 키?",
            "speaker": {
              "id": "1번",
              "sex": "여성",
              "age": "30대"
            },
            "speechAct": "(지시) 질문하기",
            "morpheme": "키키오오너는외모도보는구나키키어떤거봐/UNKNOWN+키/NNG"
          },
          {
            "id": 4,
            "text": "2 : 키보다는 훈훈하게 생긴 얼굴...?",
            "norm_text": "키보다는 훈훈하게 생긴 얼굴...?",
            "speaker": {
              "id": "2번",
              "sex": "여성",
              "age": "30대"
            },
            "speechAct": "(단언) 주장하기",
            "morpheme": "키/NNG+보다/JKB+는/JX+훈훈/XR+하/XSA+게/EC+생긴/VV+ETM+얼굴/NNG+./SY+./SY"
          },
          {
            "id": 5,
            "text": "1 : 아 키키 그래... 사실 얼굴도 중요하긴 해 키키",
            "norm_text": "아 키키 그래... 사실 얼굴도 중요하긴 해 키키",
            "speaker": {
              "id": "1번",
              "sex": "여성",
              "age": "30대"
            },
            "speechAct": "(단언) 주장하기",
            "morpheme": "아키/NNP+키/NNG+그래/VV+EF+./SY+사실/MAG+얼굴/NNG+도/JX+중요/NNG+하/XSV+긴/ETN+JX+해/VX+EC+키/NNG+키/XSV+ETN"
          },
          {
            "id": 6,
            "text": "2 : 응. 너는 뭘 중요시 봐?",
            "norm_text": "응. 너는 뭘 중요시 봐?",
            "speaker": {
              "id": "2번",
              "sex": "여성",
              "age": "30대"
            },
            "speechAct": "(지시) 질문하기",
            "morpheme": "응/IC+너/NP+는/JX+뭘/NP+JKO+중요/NNG+시/XSN+봐/VV+EF"
          },
          {
            "id": 7,
            "text": "1 : 나는... 키키 난 성격을 주로 봐... 그리고 키 큰 거 싫어해",
            "norm_text": "나는... 키키 난 성격을 주로 봐... 그리고 키 큰 거 싫어해",
            "speaker": {
              "id": "1번",
              "sex": "여성",
              "age": "30대"
            },
            "speechAct": "(단언) 주장하기",
            "morpheme": "나/NP+는/JX+./SY+키/NNG+키/XSV+ETN+난/VV+ETM+성격/NNG+을/JKO+주로/MAG+봐/VV+EF+./SY+그리고/MAJ+키/NNG+큰/VA+ETM+거/NNB+싫/VA+어/EC+해/VV+EC"
          },
          {
            "id": 8,
            "text": "2 : 오 키키 나도 너무 큰 키는 싫더라. 어느 정도를 원해?",
            "norm_text": "오 키키 나도 너무 큰 키는 싫더라. 어느 정도를 원해?",
            "speaker": {
              "id": "2번",
              "sex": "여성",
              "age": "30대"
            },
            "speechAct": "(지시) 질문하기",
            "morpheme": "오키/NNP+키나/NNG+도/JX+너무/MAG+큰/VA+ETM+키/NNG+는/JX+싫/VA+더라/EF+어느/MM+정도/NNG+를/JKO+원해/VV+EF"
          },
          {
            "id": 9,
            "text": "1 : 오 나랑 비슷하네 키키 난 최대가 178? 키키 180넘으면 목 아파",
            "norm_text": "오 나랑 비슷하네 키키 난 최대가 178? 키키 180넘으면 목 아파",
            "speaker": {
              "id": "1번",
              "sex": "여성",
              "age": "30대"
            },
            "speechAct": "(단언) 주장하기",
            "morpheme": "오나랑비슷하네키키난최대가/UNKNOWN+178/SN+키/NNG+키/XSV+ETN+180/SN+넘으면목아파/UNKNOWN"
          },
          {
            "id": 10,
            "text": "2 : 아 나는 175정도가 딱 좋은 것 같아",
            "norm_text": "아 나는 175정도가 딱 좋은 것 같아",
            "speaker": {
              "id": "2번",
              "sex": "여성",
              "age": "30대"
            },
            "speechAct": "(단언) 주장하기",
            "morpheme": "아/IC+나/NP+는/JX+175/SN+정도/NNG+가/JKS+딱/MAG+좋/VA+은/ETM+것/NNB+같/VA+아/EC"
          },
          {
            "id": 11,
            "text": "1 : 키키 나두 키키 나는 170정도도 괜찮아 키키 나보단 크잖아 키키",
            "norm_text": "키키 나두 키키 나는 170정도도 괜찮아 키키 나보단 크잖아 키키",
            "speaker": {
              "id": "1번",
              "sex": "여성",
              "age": "30대"
            },
            "speechAct": "(단언) 주장하기",
            "morpheme": "키/NNG+키나/XSA+ETN+JX+두/MM+키/NNG+키나/XSA+ETN+JX+는/JX+170/SN+정도도괜찮아키키나보단크잖아키키/UNKNOWN"
          },
          {
            "id": 12,
            "text": "2 : 아 진짜? 근데 170이 막상 만나보면 작더라구",
            "norm_text": "아 진짜? 근데 170이 막상 만나보면 작더라구",
            "speaker": {
              "id": "2번",
              "sex": "여성",
              "age": "30대"
            },
            "speechAct": "(단언) 주장하기",
            "morpheme": "아/IC+진짜/MAG+근데/MAJ+170/SN+이/JKS+막상/MAG+만나/VV+EC+보/VX+면/EC+작/VA+더라구/EC"
          },
          {
            "id": 13,
            "text": "1 : 아 그래? 키키 뭐 눈높이가 맞는 거 같은 좋은 점이 있지 키키",
            "norm_text": "아 그래? 키키 뭐 눈높이가 맞는 거 같은 좋은 점이 있지 키키",
            "speaker": {
              "id": "1번",
              "sex": "여성",
              "age": "30대"
            },
            "speechAct": "(단언) 주장하기",
            "morpheme": "아/IC+그래/IC+키/NNG+키/XSV+ETN+뭐/IC+눈높이/NNG+가/JKS+맞/VV+는/ETM+거/NNB+같/VA+은/ETM+좋/VA+은/ETM+점/NNG+이/JKS+있/VV+지/EC+키/NNG+키/XSV+ETN"
          },
          {
            "id": 14,
            "text": "2 : 170되는 남자를 만나 본 적이 있어?",
            "norm_text": "170되는 남자를 만나 본 적이 있어?",
            "speaker": {
              "id": "2번",
              "sex": "여성",
              "age": "30대"
            },
            "speechAct": "(지시) 질문하기",
            "morpheme": "170/SN+되/XSV+는/ETM+남자/NNG+를/JKO+만나/VV+EC+본/VX+ETM+적/NNB+이/JKS+있/VA+어/EF"
          },
          {
            "id": 15,
            "text": "1 : 응응 키키 난 괜찮았어 키키 187도 만나봤어 키키",
            "norm_text": "응응 키키 난 괜찮았어 키키 187도 만나봤어 키키",
            "speaker": {
              "id": "1번",
              "sex": "여성",
              "age": "30대"
            },
            "speechAct": "(단언) 주장하기",
            "morpheme": "응응키키난괜찮았어키키/UNKNOWN+187/SN+도/NNBC+만나/VV+EC+봤/VX+EP+어/EC+키/NNG+키/XSV+ETN"
          },
          {
            "id": 16,
            "text": "2 : 어? 그런 남자는 만나봤어? 누구야? 키키",
            "norm_text": "어? 그런 남자는 만나봤어? 누구야? 키키",
            "speaker": {
              "id": "2번",
              "sex": "여성",
              "age": "30대"
            },
            "speechAct": "(지시) 질문하기",
            "morpheme": "어/IC+그런/MM+남자/NNG+는/JX+만나/VV+EC+봤/VX+EP+어/EF+누구/NP+야/VCP+EF+키/NNG+키/XSV+ETN"
          },
          {
            "id": 17,
            "text": "1 : 키키 아... 외국인이야 키키 한국인은 아니고 키키",
            "norm_text": "키키 아... 외국인이야 키키 한국인은 아니고 키키",
            "speaker": {
              "id": "1번",
              "sex": "여성",
              "age": "30대"
            },
            "speechAct": "(단언) 진술하기",
            "morpheme": "키/NNG+키/VV+아/EF+./SY+외국인/NNG+이/VCP+야/EC+키/NNG+키/NNG+한국인/NNG+은/JX+아니/VCN+고/EC+키/NNG+키/XSV+ETN"
          },
          {
            "id": 18,
            "text": "2 : 아 그때 사진으로 본 남자 말하는 거야?",
            "norm_text": "아 그때 사진으로 본 남자 말하는 거야?",
            "speaker": {
              "id": "2번",
              "sex": "여성",
              "age": "30대"
            },
            "speechAct": "(지시) 질문하기",
            "morpheme": "아/IC+그때/NNG+사진/NNG+으로/JKB+본/VV+ETM+남자/NNG+말/NNG+하/XSV+는/ETM+거/NNB+야/VCP+EF"
          }
        ]
      }
    }
  ]
}