{
  "dataset": {
    "identifier": 30335,
    "name": "KAKAO_903_16_set",
    "src_path": "/data/file/cubeManager/PROJECT001/53/txt20211005095751076764/KAKAO_903_16_set/",
    "label_path": "/data/file/cubeManager/PROJECT001/53/txt20211005095751076764/KAKAO_903_16_set/",
    "category": 2,
    "type": 0
  },
  "licenses": {
    "name": "Apache License 1.0",
    "url": "http://www.apache.org/licenses/LICENSE-1.0"
  },
  "info": [
    {
      "id": 40795,
      "filename": "KAKAO_903_16.txt",
      "title": "KAKAO_903_16",
      "mediatype": "SNS",
      "medianame": "카카오톡",
      "category": "일상대화",
      "date": "2021-10-05",
      "size": 565,
      "annotations": {
        "subject": "미용",
        "speaker_type": "1:1",
        "size": 565,
        "word_size": 182,
        "text": "1 : 너 남친 만날 때 화장은 하고 만나지?\n2 : 화장이요...? 그게 뭐죠 키키 너도 안 하잖아\n1 : 나는 안 해도 되지.\n1 : 근데 넌 해야 남자친구가 안 떠나지 않겠어?\\\n2 : 애초의 우리 시작은 쌩얼이라서 화장은 오히려 더 어색\n1 : 아 진짜? 어디서 만났는디?\n2 : 국토대장정 하다 만난 거 아녀 키키 못 볼 꼴 다 보곸 키키\n1 : 아 맞아 생각났다 키키 하긴 그럼 남자친구 앞에서 막 외모 신경 쓰고 이럴 필요는 없겠다\n2 : 응응 이미 일그러진 상태에서 서로 만남 키키\n1 : 키키 그래도 마음 편하고 좋겠는데?\n2 : 편하긴 하지 화장도 안 하고 만나니까 세상 편해\n1 : 근데 남자친구는 너 화장한 모습 보고 싶어 할걸...\n2 : 그래도 어디 한번 놀러갈 때 한 번씩 해...\n1 : 키키 만난 지 얼마나 됐다 했지?\n2 : 300일 넘었어 대단하지 지금까지 한번도 없었는대\n1 : 엥 진짜로? 엄청 오래 만났네\n2 : 그치 나도 이렇게 오래 만날 줄 몰랐다...\n1 : 장하다 내 친구. 드디어 외모도 안보고 성격도 안보고 그냥 널 사랑하는 남자를 만났구나\n2 : 얼굴이랑 성격 포함해서 사랑 하는 거지 ^^",
        "lines": [
          {
            "id": 1,
            "text": "1 : 너 남친 만날 때 화장은 하고 만나지?",
            "norm_text": "너 남친 만날 때 화장은 하고 만나지?",
            "speaker": {
              "id": "1번",
              "sex": "여성",
              "age": "20대"
            },
            "speechAct": "(지시) 질문하기",
            "morpheme": "너/NP+남친/NNG+만날/VV+ETM+때/NNG+화장/NNG+은/JX+하/VV+고/EC+만나/VV+지/EF"
          },
          {
            "id": 2,
            "text": "2 : 화장이요...? 그게 뭐죠 키키 너도 안 하잖아",
            "norm_text": "화장이요...? 그게 뭐죠 키키 너도 안 하잖아",
            "speaker": {
              "id": "2번",
              "sex": "여성",
              "age": "20대"
            },
            "speechAct": "(단언) 주장하기",
            "morpheme": "화장/NNG+이/VCP+요/EF+./SY+./SY+그게/NP+JKS+뭐/IC+죠/NNP+키키/NNP+너/NP+도/JX+안/MAG+하/VV+잖아/EC"
          },
          {
            "id": 3,
            "text": "1 : 나는 안 해도 되지.",
            "norm_text": "나는 안 해도 되지.",
            "speaker": {
              "id": "1번",
              "sex": "여성",
              "age": "20대"
            },
            "speechAct": "(단언) 주장하기",
            "morpheme": "나/NP+는/JX+안/MAG+해도/VV+EC+되/VV+지/EF"
          },
          {
            "id": 4,
            "text": "1 : 근데 넌 해야 남자친구가 안 떠나지 않겠어?\\",
            "norm_text": "근데 넌 해야 남자친구가 안 떠나지 않겠어?\\",
            "speaker": {
              "id": "1번",
              "sex": "여성",
              "age": "20대"
            },
            "speechAct": "(단언) 주장하기",
            "morpheme": "근데/MAJ+넌/NP+JX+해야/VV+EC+남자/NNG+친구/NNG+가/JKS+안/MAG+떠나/VV+지/EC+않/VX+겠/EP+어/EF+\\/SY"
          },
          {
            "id": 5,
            "text": "2 : 애초의 우리 시작은 쌩얼이라서 화장은 오히려 더 어색",
            "norm_text": "애초의 우리 시작은 쌩얼이라서 화장은 오히려 더 어색",
            "speaker": {
              "id": "2번",
              "sex": "여성",
              "age": "20대"
            },
            "speechAct": "(단언) 주장하기",
            "morpheme": "애초/NNG+의/JKG+우리/NP+시작/NNG+은/JX+쌩/XPN+얼/NNG+이/VCP+라서/EC+화장/NNG+은/JX+오히려/MAJ+더/MAG+어색/XR"
          },
          {
            "id": 6,
            "text": "1 : 아 진짜? 어디서 만났는디?",
            "norm_text": "아 진짜? 어디서 만났는디?",
            "speaker": {
              "id": "1번",
              "sex": "여성",
              "age": "20대"
            },
            "speechAct": "(지시) 질문하기",
            "morpheme": "아/IC+진짜/MAG+어디/NP+서/JKB+만났/VV+EP+는디/EF"
          },
          {
            "id": 7,
            "text": "2 : 국토대장정 하다 만난 거 아녀 키키 못 볼 꼴 다 보곸 키키",
            "norm_text": "국토대장정 하다 만난 거 아녀 키키 못 볼 꼴 다 보곸 키키",
            "speaker": {
              "id": "2번",
              "sex": "여성",
              "age": "20대"
            },
            "speechAct": "(단언) 주장하기",
            "morpheme": "국토/NNG+대장정/NNG+하/XSV+다/EC+만난/VV+ETM+거/NNB+아녀/VCN+EC+키/NNG+키/NNG+못/MAG+볼/VV+ETM+꼴/NNG+다보/NNG+곸키/UNKNOWN+키/NNG"
          },
          {
            "id": 8,
            "text": "1 : 아 맞아 생각났다 키키 하긴 그럼 남자친구 앞에서 막 외모 신경 쓰고 이럴 필요는 없겠다",
            "norm_text": "아 맞아 생각났다 키키 하긴 그럼 남자친구 앞에서 막 외모 신경 쓰고 이럴 필요는 없겠다",
            "speaker": {
              "id": "1번",
              "sex": "여성",
              "age": "20대"
            },
            "speechAct": "(단언) 주장하기",
            "morpheme": "아/IC+맞/VV+아/EC+생각났/VV+EP+다키키/NNP+하긴/MAJ+그럼/MAJ+남자/NNG+친구/NNG+앞/NNG+에서/JKB+막/NNG+외모/NNG+신경/NNG+쓰/VV+고/EC+이럴/VV+ETM+필요/NNG+는/JX+없/VA+겠/EP+다/EC"
          },
          {
            "id": 9,
            "text": "2 : 응응 이미 일그러진 상태에서 서로 만남 키키",
            "norm_text": "응응 이미 일그러진 상태에서 서로 만남 키키",
            "speaker": {
              "id": "2번",
              "sex": "여성",
              "age": "20대"
            },
            "speechAct": "(단언) 주장하기",
            "morpheme": "응/IC+응/IC+이미/MAG+일그러진/VV+ETM+상태/NNG+에서/JKB+서로/MAG+만남/NNG+키/NNG+키/XSV+ETN"
          },
          {
            "id": 10,
            "text": "1 : 키키 그래도 마음 편하고 좋겠는데?",
            "norm_text": "키키 그래도 마음 편하고 좋겠는데?",
            "speaker": {
              "id": "1번",
              "sex": "여성",
              "age": "20대"
            },
            "speechAct": "(지시) 질문하기",
            "morpheme": "키/NNG+키/XSV+ETN+그래도/MAJ+마음/NNG+편하/VA+고/EC+좋/VA+겠/EP+는데/EF"
          },
          {
            "id": 11,
            "text": "2 : 편하긴 하지 화장도 안 하고 만나니까 세상 편해",
            "norm_text": "편하긴 하지 화장도 안 하고 만나니까 세상 편해",
            "speaker": {
              "id": "2번",
              "sex": "여성",
              "age": "20대"
            },
            "speechAct": "(단언) 주장하기",
            "morpheme": "편하/VA+긴/ETN+JX+하/VX+지/EC+화장/NNG+도/JX+안/MAG+하/VV+고/EC+만나/VV+니까/EC+세상/NNG+편해/VA+EC"
          },
          {
            "id": 12,
            "text": "1 : 근데 남자친구는 너 화장한 모습 보고 싶어 할걸...",
            "norm_text": "근데 남자친구는 너 화장한 모습 보고 싶어 할걸...",
            "speaker": {
              "id": "1번",
              "sex": "여성",
              "age": "20대"
            },
            "speechAct": "(단언) 주장하기",
            "morpheme": "근데/MAJ+남자/NNG+친구/NNG+는/JX+너/NP+화장/NNG+한/XSA+ETM+모습/NNG+보/VV+고/EC+싶/VX+어/EC+할걸/VX+EF+./SY"
          },
          {
            "id": 13,
            "text": "2 : 그래도 어디 한번 놀러갈 때 한 번씩 해...",
            "norm_text": "그래도 어디 한번 놀러갈 때 한 번씩 해...",
            "speaker": {
              "id": "2번",
              "sex": "여성",
              "age": "20대"
            },
            "speechAct": "(단언) 주장하기",
            "morpheme": "그래도/MAJ+어디/NP+한번/MAG+놀/VV+러/EC+갈/VX+ETM+때/NNG+한/MM+번/NNBC+씩/XSN+해/VV+EF+./SY"
          },
          {
            "id": 14,
            "text": "1 : 키키 만난 지 얼마나 됐다 했지?",
            "norm_text": "키키 만난 지 얼마나 됐다 했지?",
            "speaker": {
              "id": "1번",
              "sex": "여성",
              "age": "20대"
            },
            "speechAct": "(지시) 질문하기",
            "morpheme": "키/NNG+키/XSV+ETN+만난/VV+ETM+지/NNB+얼마나/MAG+됐/VV+EP+다/EC+했/VX+EP+지/EF"
          },
          {
            "id": 15,
            "text": "2 : 300일 넘었어 대단하지 지금까지 한번도 없었는대",
            "norm_text": "300일 넘었어 대단하지 지금까지 한번도 없었는대",
            "speaker": {
              "id": "2번",
              "sex": "여성",
              "age": "20대"
            },
            "speechAct": "(단언) 주장하기",
            "morpheme": "300/SN+일/NNBC+넘/VV+었/EP+어/EC+대단/XR+하/XSA+지/EC+지금/NNG+까지/JX+한/MM+번/NNBC+도/JX+없/VA+었/EP+는대/EC"
          },
          {
            "id": 16,
            "text": "1 : 엥 진짜로? 엄청 오래 만났네",
            "norm_text": "엥 진짜로? 엄청 오래 만났네",
            "speaker": {
              "id": "1번",
              "sex": "여성",
              "age": "20대"
            },
            "speechAct": "(단언) 주장하기",
            "morpheme": "엥/IC+진짜로/MAG+엄청/MAG+오래/MAG+만났/VV+EP+네/EF"
          },
          {
            "id": 17,
            "text": "2 : 그치 나도 이렇게 오래 만날 줄 몰랐다...",
            "norm_text": "그치 나도 이렇게 오래 만날 줄 몰랐다...",
            "speaker": {
              "id": "2번",
              "sex": "여성",
              "age": "20대"
            },
            "speechAct": "(단언) 주장하기",
            "morpheme": "그치/IC+나/NP+도/JX+이렇게/MAG+오래/MAG+만날/VV+ETM+줄/NNB+몰랐/VV+EP+다/EF+./SY"
          },
          {
            "id": 18,
            "text": "1 : 장하다 내 친구. 드디어 외모도 안보고 성격도 안보고 그냥 널 사랑하는 남자를 만났구나",
            "norm_text": "장하다 내 친구. 드디어 외모도 안보고 성격도 안보고 그냥 널 사랑하는 남자를 만났구나",
            "speaker": {
              "id": "1번",
              "sex": "여성",
              "age": "20대"
            },
            "speechAct": "(단언) 주장하기",
            "morpheme": "장/NNG+하/XSV+다/EC+내/NP+JKG+친구/NNG+드디어/MAG+외모/NNG+도/JX+안/MAG+보/VV+고/EC+성격/NNG+도/JX+안/MAG+보/VV+고/EC+그냥/MAG+널/VV+ETM+사랑/NNG+하/XSV+는/ETM+남자/NNG+를/JKO+만났/VV+EP+구나/EC"
          },
          {
            "id": 19,
            "text": "2 : 얼굴이랑 성격 포함해서 사랑 하는 거지 ^^",
            "norm_text": "얼굴이랑 성격 포함해서 사랑 하는 거지 ^^",
            "speaker": {
              "id": "2번",
              "sex": "여성",
              "age": "20대"
            },
            "speechAct": "(단언) 주장하기",
            "morpheme": "얼굴/NNG+이랑/JKB+성격/NNG+포함/NNG+해서/XSV+EC+사랑/NNG+하/XSV+는/ETM+거/NNB+지/VCP+EC+^/SY+^/SY"
          }
        ]
      }
    }
  ]
}