{
  "dataset": {
    "identifier": 61309,
    "name": "KAKAO_922_05_set",
    "src_path": "/data/file/cubeManager/PROJECT001/53/txt20211005154147055957/KAKAO_922_05_set/",
    "label_path": "/data/file/cubeManager/PROJECT001/53/txt20211005154147055957/KAKAO_922_05_set/",
    "category": 2,
    "type": 0
  },
  "licenses": {
    "name": "Apache License 1.0",
    "url": "http://www.apache.org/licenses/LICENSE-1.0"
  },
  "info": [
    {
      "id": 41642,
      "filename": "KAKAO_922_05.txt",
      "title": "KAKAO_922_05",
      "mediatype": "SNS",
      "medianame": "카카오톡",
      "category": "일상대화",
      "date": "2021-10-05",
      "size": 555,
      "annotations": {
        "subject": "군대",
        "speaker_type": "1:1",
        "size": 555,
        "word_size": 176,
        "text": "1 : 막내 동생은 군대 제대 했다고 했지?\n2 : 응 제대하고 왔지! 막내가 벌써 커서 예비군이야 키키\n1 : 군대 어디로 갔다 온 거야? 키키 애기인 줄 알았는데\n2 : 음... 경기도 쪽이었는데 어딘지는 기억이 안 난다 ㅠㅠ 너무 오래전 이야기야\n1 : 아 진짜? 키키 벌써 몇 년이나 된 건가?\n2 : 그렇지 키키 막내가 벌써 28살인데! 세월 빠르재\n1 : 키키 그러게 맛있는 거 사 들고 면회는 갔었나? 키키\n2 : 난 그때 호텔에 일하고 있어 가지고 ㅠ 다른 가족들만 면회 가서 같이 나왔었음 키키\n1 : 아 ㅜㅜ 아이고... 그럼 넌 면회가본 적 한번도 없어?\n2 : 응... 군대란 나에게 미지의 세계 키키 영원히 가 볼일 없겠네\n1 : 키키 앞으로... 너 애기 크면 가지 않겠나?\n2 : 아들을 낳아야 가겠지? 키키 그리고 아들도 꼭 군대 가리란 보장도 없고 키키\n1 : 너무 먼 미래의 일을 얘기한 건가... 키키\n2 : 키키 웬만하면 안 보내는 게 젤 좋지 ㅠㅠ 괜히 신의 아들이라겠나\n1 : 키키 근데 몇 십년 뒤엔 군대 안 가도 될지도?\n2 : 로봇들이 대신 해주겠지? 키키 그런 세상이 올까",
        "lines": [
          {
            "id": 1,
            "text": "1 : 막내 동생은 군대 제대 했다고 했지?",
            "norm_text": "막내 동생은 군대 제대 했다고 했지?",
            "speaker": {
              "id": "1번",
              "sex": "여성",
              "age": "30대"
            },
            "speechAct": "(지시) 질문하기",
            "morpheme": "막내/NNG+동생/NNG+은/JX+군대/NNG+제대/NNG+했/XSV+EP+다고/EC+했/VX+EP+지/EF"
          },
          {
            "id": 2,
            "text": "2 : 응 제대하고 왔지! 막내가 벌써 커서 예비군이야 키키",
            "norm_text": "응 제대하고 왔지! 막내가 벌써 커서 예비군이야 키키",
            "speaker": {
              "id": "2번",
              "sex": "여성",
              "age": "30대"
            },
            "speechAct": "(단언) 진술하기",
            "morpheme": "응/IC+제대/NNG+하/XSV+고/EC+왔/VX+EP+지/EF+막내/NP+가/JKS+벌써/MAG+커서/VV+EC+예비군/NNG+이/VCP+야/EC+키/NNG+키/XSV+ETN"
          },
          {
            "id": 3,
            "text": "1 : 군대 어디로 갔다 온 거야? 키키 애기인 줄 알았는데",
            "norm_text": "군대 어디로 갔다 온 거야? 키키 애기인 줄 알았는데",
            "speaker": {
              "id": "1번",
              "sex": "여성",
              "age": "30대"
            },
            "speechAct": "(지시) 질문하기",
            "morpheme": "군대/NNG+어디/NP+로/JKB+갔다온/VV+ETM+거/NNB+야/VCP+EF+키/NNG+키/NNG+애기/NNG+인/VCP+ETM+줄/NNB+알/VV+았/EP+는데/EC"
          },
          {
            "id": 4,
            "text": "2 : 음... 경기도 쪽이었는데 어딘지는 기억이 안 난다 ㅠㅠ 너무 오래전 이야기야",
            "norm_text": "음... 경기도 쪽이었는데 어딘지는 기억이 안 난다 ㅠㅠ 너무 오래전 이야기야",
            "speaker": {
              "id": "2번",
              "sex": "여성",
              "age": "30대"
            },
            "speechAct": "(단언) 진술하기",
            "morpheme": "음/IC+./SY+경기도쪽이었는데어딘지는기억이안난다ㅠㅠ너무오래전이야기야/UNKNOWN"
          },
          {
            "id": 5,
            "text": "1 : 아 진짜? 키키 벌써 몇 년이나 된 건가?",
            "norm_text": "아 진짜? 키키 벌써 몇 년이나 된 건가?",
            "speaker": {
              "id": "1번",
              "sex": "여성",
              "age": "30대"
            },
            "speechAct": "(지시) 질문하기",
            "morpheme": "아/IC+진짜/MAG+키/NNG+키/XSV+ETN+벌써/MAG+몇/MM+년/NNBC+이나/JX+된/VV+ETM+건가/NNB+VCP+EF"
          },
          {
            "id": 6,
            "text": "2 : 그렇지 키키 막내가 벌써 28살인데! 세월 빠르재",
            "norm_text": "그렇지 키키 막내가 벌써 28살인데! 세월 빠르재",
            "speaker": {
              "id": "2번",
              "sex": "여성",
              "age": "30대"
            },
            "speechAct": "(단언) 주장하기",
            "morpheme": "그렇/VA+지/EC+키/NNG+키/NNG+막내/NNG+가/JKS+벌써/MAG+28/SN+살/NNBC+인데/VCP+EC+!/SY+세월/NNG+빠르/VA+재/EC"
          },
          {
            "id": 7,
            "text": "1 : 키키 그러게 맛있는 거 사 들고 면회는 갔었나? 키키",
            "norm_text": "키키 그러게 맛있는 거 사 들고 면회는 갔었나? 키키",
            "speaker": {
              "id": "1번",
              "sex": "여성",
              "age": "30대"
            },
            "speechAct": "(지시) 질문하기",
            "morpheme": "키/NNG+키/XSV+ETN+그러/VV+게/EC+맛있/VA+는/ETM+거/NNB+사/VV+EC+들/VV+고/EC+면회/NNG+는/JX+갔었/VV+EP+나/EF+키/NNG+키/XSV+ETN"
          },
          {
            "id": 8,
            "text": "2 : 난 그때 호텔에 일하고 있어 가지고 ㅠ 다른 가족들만 면회 가서 같이 나왔었음 키키",
            "norm_text": "난 그때 호텔에 일하고 있어 가지고 ㅠ 다른 가족들만 면회 가서 같이 나왔었음 키키",
            "speaker": {
              "id": "2번",
              "sex": "여성",
              "age": "30대"
            },
            "speechAct": "(단언) 진술하기",
            "morpheme": "난/NP+JX+그때/NNG+호텔/NNG+에/JKB+일/NNG+하/XSV+고/EC+있/VX+어/EC+가지/VX+고/EC+ㅠ/UNKNOWN+다른/MM+가족/NNG+들/XSN+만/JX+면회/NNG+가/VV+서/EC+같이/MAG+나왔었/VV+EP+음/ETN+키/NNG+키/XSV+ETN"
          },
          {
            "id": 9,
            "text": "1 : 아 ㅜㅜ 아이고... 그럼 넌 면회가본 적 한번도 없어?",
            "norm_text": "아 ㅜㅜ 아이고... 그럼 넌 면회가본 적 한번도 없어?",
            "speaker": {
              "id": "1번",
              "sex": "여성",
              "age": "30대"
            },
            "speechAct": "(지시) 질문하기",
            "morpheme": "아ㅜㅜ아이고/UNKNOWN+./SY+그럼/MAJ+넌/NP+JX+면회/NNG+가/JKS+본/VV+ETM+적/NNB+한/MM+번/NNBC+도/JX+없/VA+어/EF"
          },
          {
            "id": 10,
            "text": "2 : 응... 군대란 나에게 미지의 세계 키키 영원히 가 볼일 없겠네",
            "norm_text": "응... 군대란 나에게 미지의 세계 키키 영원히 가 볼일 없겠네",
            "speaker": {
              "id": "2번",
              "sex": "여성",
              "age": "30대"
            },
            "speechAct": "(단언) 주장하기",
            "morpheme": "응/IC+./SY+군대란나에게미지의세계키키영원히가볼일없겠네/UNKNOWN"
          },
          {
            "id": 11,
            "text": "1 : 키키 앞으로... 너 애기 크면 가지 않겠나?",
            "norm_text": "키키 앞으로... 너 애기 크면 가지 않겠나?",
            "speaker": {
              "id": "1번",
              "sex": "여성",
              "age": "30대"
            },
            "speechAct": "(지시) 질문하기",
            "morpheme": "키/NNG+키/NNG+앞/NNG+으로/JKB+./SY+너/NP+애기/NNG+크/VA+면/EC+가/VX+지/EC+않/VX+겠/EP+나/EF"
          },
          {
            "id": 12,
            "text": "2 : 아들을 낳아야 가겠지? 키키 그리고 아들도 꼭 군대 가리란 보장도 없고 키키",
            "norm_text": "아들을 낳아야 가겠지? 키키 그리고 아들도 꼭 군대 가리란 보장도 없고 키키",
            "speaker": {
              "id": "2번",
              "sex": "여성",
              "age": "30대"
            },
            "speechAct": "(단언) 주장하기",
            "morpheme": "아들/NNG+을/JKO+낳/VV+아야/EC+가/VX+겠/EP+지/EF+키키그리고아들도꼭군대가리란보장도없고키키/UNKNOWN"
          },
          {
            "id": 13,
            "text": "1 : 너무 먼 미래의 일을 얘기한 건가... 키키",
            "norm_text": "너무 먼 미래의 일을 얘기한 건가... 키키",
            "speaker": {
              "id": "1번",
              "sex": "여성",
              "age": "30대"
            },
            "speechAct": "(단언) 주장하기",
            "morpheme": "너무/MAG+먼/VA+ETM+미래/NNG+의/JKG+일/NNG+을/JKO+얘기/NNG+한/XSA+ETM+건가/NNB+VCP+EF+./SY+키/NNG+키/XSV+ETN"
          },
          {
            "id": 14,
            "text": "2 : 키키 웬만하면 안 보내는 게 젤 좋지 ㅠㅠ 괜히 신의 아들이라겠나",
            "norm_text": "키키 웬만하면 안 보내는 게 젤 좋지 ㅠㅠ 괜히 신의 아들이라겠나",
            "speaker": {
              "id": "2번",
              "sex": "여성",
              "age": "30대"
            },
            "speechAct": "(단언) 주장하기",
            "morpheme": "키/NNG+키/XSV+ETN+웬만/XR+하/XSA+면/EC+안/MAG+보내/VV+는/ETM+게/NNB+JKS+젤/MAG+좋/VA+지/EC+ㅠㅠ/UNKNOWN+괜히/MAG+신/NNG+의/JKG+아들/NNG+이/VCP+라/EC+겠/EP+나/EC"
          },
          {
            "id": 15,
            "text": "1 : 키키 근데 몇 십년 뒤엔 군대 안 가도 될지도?",
            "norm_text": "키키 근데 몇 십년 뒤엔 군대 안 가도 될지도?",
            "speaker": {
              "id": "1번",
              "sex": "여성",
              "age": "30대"
            },
            "speechAct": "(단언) 주장하기",
            "morpheme": "키/NNG+키/XSV+ETN+근데/MAJ+몇/MM+십/NR+년/NNBC+뒤/NNG+엔/JKB+JX+군대/NNG+안가/NNG+도/JX+될지/VV+EC+도/JX"
          },
          {
            "id": 16,
            "text": "2 : 로봇들이 대신 해주겠지? 키키 그런 세상이 올까",
            "norm_text": "로봇들이 대신 해주겠지? 키키 그런 세상이 올까",
            "speaker": {
              "id": "2번",
              "sex": "여성",
              "age": "30대"
            },
            "speechAct": "(단언) 주장하기",
            "morpheme": "로봇/NNG+들/XSN+이/JKS+대신/NNG+해/XSV+EC+주/VX+겠/EP+지/EF+키키/NNP+그런/MM+세상/NNG+이/JKS+올까/VV+EC"
          }
        ]
      }
    }
  ]
}