{
  "dataset": {
    "identifier": 63863,
    "name": "KAKAO_900_02_set",
    "src_path": "/data/file/cubeManager/PROJECT001/53/txt20211005153423005751/KAKAO_900_02_set/",
    "label_path": "/data/file/cubeManager/PROJECT001/53/txt20211005153423005751/KAKAO_900_02_set/",
    "category": 2,
    "type": 0
  },
  "licenses": {
    "name": "Apache License 1.0",
    "url": "http://www.apache.org/licenses/LICENSE-1.0"
  },
  "info": [
    {
      "id": 41459,
      "filename": "KAKAO_900_02.txt",
      "title": "KAKAO_900_02",
      "mediatype": "SNS",
      "medianame": "카카오톡",
      "category": "일상대화",
      "date": "2021-10-05",
      "size": 469,
      "annotations": {
        "subject": "주거와 생활",
        "speaker_type": "1:1",
        "size": 469,
        "word_size": 158,
        "text": "1 : 지금 사는 집은 주택이라고 했나? 키키\n2 : 본가는 주택이야 키키 너도 본가 주택?\n1 : 아 옹 우리도 시골에 컨테이너 짓고 삼 키키\n2 : 오호 키키 전원주택인 거야? 키키 마당 있는?\n1 : 옹 맞아 키키 그냥 제 끝 집이라서 그냥 점거하고 살아 키키\n2 : 키키 오 뭔가 경관 대게 좋을 거 같아\n1 : 맞아 키키 아빠 시골 들어가고 눈이 좋아졌어 키키\n2 : 아 진짜? 키키 오 역시 자연 경관\n1 : 맞아 키키 그래서 나중에 늙으면 시골 들어가고 싶음\n2 : 키키 아무래도 시골은 느리게 돌아가니까 맘의 여유도 생길 테고 좋은 듯\n1 : 맞아 키키 그런데 지금은 가기 싫어 키키 심시해\n2 : 키키 젊은이들에겐 넘나리 고요한 것\n1 : 진짜 키키 너무 심심하다 키키 주민들 계속 집에 와서 놀고 고스톱 치고\n2 : 키키 또래는 잘 없지?\n1 : 키키 내가 제일 어리다 가면 뭔가 할 일이 진짜 많다 키키\n2 : 키키 어후 잡일은 다 너 담당이겠네",
        "lines": [
          {
            "id": 1,
            "text": "1 : 지금 사는 집은 주택이라고 했나? 키키",
            "norm_text": "지금 사는 집은 주택이라고 했나? 키키",
            "speaker": {
              "id": "1번",
              "sex": "남성",
              "age": "20대"
            },
            "speechAct": "(지시) 질문하기",
            "morpheme": "지금/MAG+사/VV+는/ETM+집/NNG+은/JX+주택/NNG+이/VCP+라고/EC+했/VX+EP+나/EF+키/NNG+키/XSV+ETN"
          },
          {
            "id": 2,
            "text": "2 : 본가는 주택이야 키키 너도 본가 주택?",
            "norm_text": "본가는 주택이야 키키 너도 본가 주택?",
            "speaker": {
              "id": "2번",
              "sex": "여성",
              "age": "20대"
            },
            "speechAct": "(지시) 질문하기",
            "morpheme": "본가/NNG+는/JX+주택/NNG+이/VCP+야/EC+키/NNG+키/XSV+ETN+너/NP+도/JX+본가/NNG+주택/NNG"
          },
          {
            "id": 3,
            "text": "1 : 아 옹 우리도 시골에 컨테이너 짓고 삼 키키",
            "norm_text": "아 옹 우리도 시골에 컨테이너 짓고 삼 키키",
            "speaker": {
              "id": "1번",
              "sex": "남성",
              "age": "20대"
            },
            "speechAct": "(단언) 진술하기",
            "morpheme": "아옹/IC+우리/NP+도/JX+시골/NNG+에/JKB+컨테이너/NNG+짓/VV+고/EC+삼/NR+키/NNG+키/XSV+ETN"
          },
          {
            "id": 4,
            "text": "2 : 오호 키키 전원주택인 거야? 키키 마당 있는?",
            "norm_text": "오호 키키 전원주택인 거야? 키키 마당 있는?",
            "speaker": {
              "id": "2번",
              "sex": "여성",
              "age": "20대"
            },
            "speechAct": "(지시) 질문하기",
            "morpheme": "오호/IC+키/NNG+키/NNG+전원주택/NNG+인/VCP+ETM+거/NNB+야/VCP+EF+키/NNG+키/XSV+ETN+마당/JX+있/VX+는/ETM"
          },
          {
            "id": 5,
            "text": "1 : 옹 맞아 키키 그냥 제 끝 집이라서 그냥 점거하고 살아 키키",
            "norm_text": "옹 맞아 키키 그냥 제 끝 집이라서 그냥 점거하고 살아 키키",
            "speaker": {
              "id": "1번",
              "sex": "남성",
              "age": "20대"
            },
            "speechAct": "(단언) 진술하기",
            "morpheme": "옹/NNG+맞/VV+아/EC+키/NNG+키/NNG+그냥/MAG+제/XPN+끝/NNG+집/NNG+이/VCP+라서/EC+그냥/MAG+점거/NNG+하/XSV+고/EC+살/VV+아/EC+키/NNG+키/XSV+ETN"
          },
          {
            "id": 6,
            "text": "2 : 키키 오 뭔가 경관 대게 좋을 거 같아",
            "norm_text": "키키 오 뭔가 경관 대게 좋을 거 같아",
            "speaker": {
              "id": "2번",
              "sex": "여성",
              "age": "20대"
            },
            "speechAct": "(지시) 질문하기",
            "morpheme": "키/NNG+키/XSV+ETN+오/JC+뭔가/NP+VCP+EC+경관대/NNG+게/NNB+JKS+좋/VA+을/ETM+거/NNB+같/VA+아/EC"
          },
          {
            "id": 7,
            "text": "1 : 맞아 키키 아빠 시골 들어가고 눈이 좋아졌어 키키",
            "norm_text": "맞아 키키 아빠 시골 들어가고 눈이 좋아졌어 키키",
            "speaker": {
              "id": "1번",
              "sex": "남성",
              "age": "20대"
            },
            "speechAct": "(단언) 진술하기",
            "morpheme": "맞/VV+아/EC+키/NNG+키/NNG+아빠/NNG+시골/NNG+들어가/VV+고/EC+눈/NNG+이/JKS+좋/VA+아/EC+졌/VX+EP+어/EC+키/NNG+키/XSV+ETN"
          },
          {
            "id": 8,
            "text": "2 : 아 진짜? 키키 오 역시 자연 경관",
            "norm_text": "아 진짜? 키키 오 역시 자연 경관",
            "speaker": {
              "id": "2번",
              "sex": "여성",
              "age": "20대"
            },
            "speechAct": "(지시) 질문하기",
            "morpheme": "아/IC+진짜/MAG+키/NNG+키/XSV+ETN+오/NR+역시/MAJ+자연/NNG+경관/NNG"
          },
          {
            "id": 9,
            "text": "1 : 맞아 키키 그래서 나중에 늙으면 시골 들어가고 싶음",
            "norm_text": "맞아 키키 그래서 나중에 늙으면 시골 들어가고 싶음",
            "speaker": {
              "id": "1번",
              "sex": "남성",
              "age": "20대"
            },
            "speechAct": "(단언) 주장하기",
            "morpheme": "맞/VV+아/EC+키/NNG+키/XSV+ETN+그래서/MAJ+나중/NNG+에/JKB+늙/VV+으면/EC+시골/NNG+들어가/VV+고/EC+싶/VX+음/ETN"
          },
          {
            "id": 10,
            "text": "2 : 키키 아무래도 시골은 느리게 돌아가니까 맘의 여유도 생길 테고 좋은 듯",
            "norm_text": "키키 아무래도 시골은 느리게 돌아가니까 맘의 여유도 생길 테고 좋은 듯",
            "speaker": {
              "id": "2번",
              "sex": "여성",
              "age": "20대"
            },
            "speechAct": "(단언) 주장하기",
            "morpheme": "키/NNG+키/XSV+ETN+아무래도/MAG+시골/NNG+은/JX+느리/VA+게/EC+돌아가/VV+니까/EC+맘/NNG+의/JKG+여유/NNG+도/JX+생길/VV+ETM+테/NNB+VCP+고/EC+좋/VA+은/ETM+듯/NNB"
          },
          {
            "id": 11,
            "text": "1 : 맞아 키키 그런데 지금은 가기 싫어 키키 심시해",
            "norm_text": "맞아 키키 그런데 지금은 가기 싫어 키키 심시해",
            "speaker": {
              "id": "1번",
              "sex": "남성",
              "age": "20대"
            },
            "speechAct": "(단언) 주장하기",
            "morpheme": "맞/VV+아/EC+키/NNG+키/XSV+ETN+그런데/MAJ+지금/MAG+은/JX+가/VV+기/ETN+싫/VA+어/EC+키/NNG+키/NNG+심시/NNG+해/XSV+EC"
          },
          {
            "id": 12,
            "text": "2 : 키키 젊은이들에겐 넘나리 고요한 것",
            "norm_text": "키키 젊은이들에겐 넘나리 고요한 것",
            "speaker": {
              "id": "2번",
              "sex": "여성",
              "age": "20대"
            },
            "speechAct": "(단언) 진술하기",
            "morpheme": "키/NNG+키/NNG+젊은이/NNG+들/XSN+에겐/JKB+JX+넘나/VV+리/EP+고요/XR+한/XSA+ETM+것/NNB"
          },
          {
            "id": 13,
            "text": "1 : 진짜 키키 너무 심심하다 키키 주민들 계속 집에 와서 놀고 고스톱 치고",
            "norm_text": "진짜 키키 너무 심심하다 키키 주민들 계속 집에 와서 놀고 고스톱 치고",
            "speaker": {
              "id": "1번",
              "sex": "남성",
              "age": "20대"
            },
            "speechAct": "(단언) 진술하기",
            "morpheme": "진짜/MAG+키/NNG+키/NNG+너무/MAG+심심/XR+하/XSA+다키키/NNP+주민/NNG+들/XSN+계속/MAG+집/NNG+에/JKB+와서/VV+EC+놀/VV+고/EC+고스톱/NNG+치/VV+고/EC"
          },
          {
            "id": 14,
            "text": "2 : 키키 또래는 잘 없지?",
            "norm_text": "키키 또래는 잘 없지?",
            "speaker": {
              "id": "2번",
              "sex": "여성",
              "age": "20대"
            },
            "speechAct": "(지시) 질문하기",
            "morpheme": "키/NNG+키/NNG+또래/NNG+는/JX+잘/MAG+없/VA+지/EF"
          },
          {
            "id": 15,
            "text": "1 : 키키 내가 제일 어리다 가면 뭔가 할 일이 진짜 많다 키키",
            "norm_text": "키키 내가 제일 어리다 가면 뭔가 할 일이 진짜 많다 키키",
            "speaker": {
              "id": "1번",
              "sex": "남성",
              "age": "20대"
            },
            "speechAct": "(단언) 주장하기",
            "morpheme": "키/NNG+키/XSV+ETN+내/NP+가/JKS+제일/MAG+어리/VA+다/EC+가/VX+면/EC+뭔가/NP+VCP+EC+할/VX+ETM+일/NNG+이/JKS+진짜/MAG+많/VA+다키키/NNP"
          },
          {
            "id": 16,
            "text": "2 : 키키 어후 잡일은 다 너 담당이겠네",
            "norm_text": "키키 어후 잡일은 다 너 담당이겠네",
            "speaker": {
              "id": "2번",
              "sex": "여성",
              "age": "20대"
            },
            "speechAct": "(지시) 질문하기",
            "morpheme": "키/NNG+키어/NNG+후/NNG+잡일/NNG+은/JX+다/MAG+너/NP+담당/NNG+이/VCP+겠/EP+네/EF"
          }
        ]
      }
    }
  ]
}