{
  "dataset": {
    "identifier": 61179,
    "name": "KAKAO_923_11_set",
    "src_path": "/data/file/cubeManager/PROJECT001/53/txt20211005154159073786/KAKAO_923_11_set/",
    "label_path": "/data/file/cubeManager/PROJECT001/53/txt20211005154159073786/KAKAO_923_11_set/",
    "category": 2,
    "type": 0
  },
  "licenses": {
    "name": "Apache License 1.0",
    "url": "http://www.apache.org/licenses/LICENSE-1.0"
  },
  "info": [
    {
      "id": 41668,
      "filename": "KAKAO_923_11.txt",
      "title": "KAKAO_923_11",
      "mediatype": "SNS",
      "medianame": "카카오톡",
      "category": "일상대화",
      "date": "2021-10-05",
      "size": 499,
      "annotations": {
        "subject": "게임",
        "speaker_type": "1:1",
        "size": 499,
        "word_size": 162,
        "text": "1 : 너 동물의숲 해본 적 있어? 키키\n2 : 아니. 그거 한때 엄청 유행했었잖아.\n1 : 나 그거 엄청 좋아해 키키 동물이랑 노는 거야\n2 : 너 아직도 해? 그거 그 게임기로 해야 되잖아. 이름이 뭐더라 키키\n1 : 키키 닌텐도! 키키 옛날엔 닌텐도 구하기 진짜 어려웠는데\n2 : 아 맞다 키키 닌텐도 키키 이제는 없는 사람이 거의 없더라...\n1 : 키키 맞아... 너도 한번 시작해보면 진짜 밤새울걸?\n2 : 그래? 근데 나 일단 닌텐도부터 사야 돼 키키\n1 : 키키 아... 요즘엔 사기 쉬울 거야 키키 물량 있겠지 키키\n2 : 근데 돈이 없어서 못 사 키키\n1 : 음... 키키 요즘 게임기가 너무 비싸긴 하지\n2 : 그거 저렴하게 사도 40만원 정도 하지 않아?\n1 : 맞아... 그래도 중고로 사면 좀 싸게 살 수 있을걸?\n2 : 그런 거 중고로는 별로 안 사고 싶다 키키\n1 : 키키 오 나랑 비슷하네 나도 전자기기는 새 거... 키키\n2 : 맞아 키키 새 거가 좋다구! 중고는 곧 고장 날 수도 있어",
        "lines": [
          {
            "id": 1,
            "text": "1 : 너 동물의숲 해본 적 있어? 키키",
            "norm_text": "너 동물의숲 해본 적 있어? 키키",
            "speaker": {
              "id": "1번",
              "sex": "여성",
              "age": "30대"
            },
            "speechAct": "(지시) 질문하기",
            "morpheme": "너/NP+동물/NNG+의/JKG+숲/NNG+해/XSV+EC+본/VX+ETM+적/NNB+있/VA+어/EF+키/NNG+키/XSV+ETN"
          },
          {
            "id": 2,
            "text": "2 : 아니. 그거 한때 엄청 유행했었잖아.",
            "norm_text": "아니. 그거 한때 엄청 유행했었잖아.",
            "speaker": {
              "id": "2번",
              "sex": "여성",
              "age": "30대"
            },
            "speechAct": "(단언) 주장하기",
            "morpheme": "아니/IC+그거/NP+한때/NNG+엄청/MAG+유행/NNG+했었/XSV+EP+잖아/EF"
          },
          {
            "id": 3,
            "text": "1 : 나 그거 엄청 좋아해 키키 동물이랑 노는 거야",
            "norm_text": "나 그거 엄청 좋아해 키키 동물이랑 노는 거야",
            "speaker": {
              "id": "1번",
              "sex": "여성",
              "age": "30대"
            },
            "speechAct": "(단언) 진술하기",
            "morpheme": "나/NP+그거/NP+엄청/MAG+좋/VA+아/EC+해/VV+EC+키/NNG+키/NNG+동물/NNG+이랑/JKB+노/VV+는/ETM+거/NNB+야/VCP+EF"
          },
          {
            "id": 4,
            "text": "2 : 너 아직도 해? 그거 그 게임기로 해야 되잖아. 이름이 뭐더라 키키",
            "norm_text": "너 아직도 해? 그거 그 게임기로 해야 되잖아. 이름이 뭐더라 키키",
            "speaker": {
              "id": "2번",
              "sex": "여성",
              "age": "30대"
            },
            "speechAct": "(지시) 질문하기",
            "morpheme": "너/NP+아직/MAG+도/JX+해/VV+EF+그거/NP+그게/NP+JKS+임기/NNG+로/JKB+해야/VV+EC+되/VV+잖아/EF+이름/NNG+이/JKS+뭐/IC+더/MAG+라키/NNP+키/NNG"
          },
          {
            "id": 5,
            "text": "1 : 키키 닌텐도! 키키 옛날엔 닌텐도 구하기 진짜 어려웠는데",
            "norm_text": "키키 닌텐도! 키키 옛날엔 닌텐도 구하기 진짜 어려웠는데",
            "speaker": {
              "id": "1번",
              "sex": "여성",
              "age": "30대"
            },
            "speechAct": "(단언) 주장하기",
            "morpheme": "키키/NNP+닌텐도/NNP+!/SY+키키옛날엔닌텐도구하기진짜어려웠는데/UNKNOWN"
          },
          {
            "id": 6,
            "text": "2 : 아 맞다 키키 닌텐도 키키 이제는 없는 사람이 거의 없더라...",
            "norm_text": "아 맞다 키키 닌텐도 키키 이제는 없는 사람이 거의 없더라...",
            "speaker": {
              "id": "2번",
              "sex": "여성",
              "age": "30대"
            },
            "speechAct": "(단언) 주장하기",
            "morpheme": "아맞다키키닌텐도키키이제는없는사람이거의없더라/UNKNOWN+./SY"
          },
          {
            "id": 7,
            "text": "1 : 키키 맞아... 너도 한번 시작해보면 진짜 밤새울걸?",
            "norm_text": "키키 맞아... 너도 한번 시작해보면 진짜 밤새울걸?",
            "speaker": {
              "id": "1번",
              "sex": "여성",
              "age": "30대"
            },
            "speechAct": "(지시) 질문하기",
            "morpheme": "키/NNG+키/XSV+ETN+맞/VV+아/EF+./SY+너/NP+도/JX+한/MM+번/NNBC+시작/NNG+해/XSV+EC+보/VX+면/EC+진짜/MAG+밤/NNG+새울/VV+ETM+걸/NNB+JKO"
          },
          {
            "id": 8,
            "text": "2 : 그래? 근데 나 일단 닌텐도부터 사야 돼 키키",
            "norm_text": "그래? 근데 나 일단 닌텐도부터 사야 돼 키키",
            "speaker": {
              "id": "2번",
              "sex": "여성",
              "age": "30대"
            },
            "speechAct": "(단언) 주장하기",
            "morpheme": "그래/IC+근데나일단닌텐도부터사야돼키키/UNKNOWN"
          },
          {
            "id": 9,
            "text": "1 : 키키 아... 요즘엔 사기 쉬울 거야 키키 물량 있겠지 키키",
            "norm_text": "키키 아... 요즘엔 사기 쉬울 거야 키키 물량 있겠지 키키",
            "speaker": {
              "id": "1번",
              "sex": "여성",
              "age": "30대"
            },
            "speechAct": "(단언) 주장하기",
            "morpheme": "키/NNG+키/VV+아/EF+./SY+요즘엔사기쉬울거야키키물량있겠지키키/UNKNOWN"
          },
          {
            "id": 10,
            "text": "2 : 근데 돈이 없어서 못 사 키키",
            "norm_text": "근데 돈이 없어서 못 사 키키",
            "speaker": {
              "id": "2번",
              "sex": "여성",
              "age": "30대"
            },
            "speechAct": "(단언) 주장하기",
            "morpheme": "근데/MAJ+돈/NNG+이/JKS+없/VA+어서/EC+못/MAG+사/VV+EC+키/NNG+키/XSV+ETN"
          },
          {
            "id": 11,
            "text": "1 : 음... 키키 요즘 게임기가 너무 비싸긴 하지",
            "norm_text": "음... 키키 요즘 게임기가 너무 비싸긴 하지",
            "speaker": {
              "id": "1번",
              "sex": "여성",
              "age": "30대"
            },
            "speechAct": "(단언) 주장하기",
            "morpheme": "음/IC+./SY+키키요즘게임기가너무비싸긴하지/UNKNOWN"
          },
          {
            "id": 12,
            "text": "2 : 그거 저렴하게 사도 40만원 정도 하지 않아?",
            "norm_text": "그거 저렴하게 사도 40만원 정도 하지 않아?",
            "speaker": {
              "id": "2번",
              "sex": "여성",
              "age": "30대"
            },
            "speechAct": "(지시) 질문하기",
            "morpheme": "그거/NP+저렴/XR+하/XSA+게/EC+사도/NNG+40/SN+만/NR+원/NNBC+정도/NNG+하/XSV+지/EC+않/VX+아/EF"
          },
          {
            "id": 13,
            "text": "1 : 맞아... 그래도 중고로 사면 좀 싸게 살 수 있을걸?",
            "norm_text": "맞아... 그래도 중고로 사면 좀 싸게 살 수 있을걸?",
            "speaker": {
              "id": "1번",
              "sex": "여성",
              "age": "30대"
            },
            "speechAct": "(지시) 질문하기",
            "morpheme": "맞/VV+아/EF+./SY+그래도/MAJ+중고/NNG+로/JKB+사/VV+면/EC+좀/MAG+싸/VA+게/EC+살/VV+ETM+수/NNB+있/VV+을걸/EF"
          },
          {
            "id": 14,
            "text": "2 : 그런 거 중고로는 별로 안 사고 싶다 키키",
            "norm_text": "그런 거 중고로는 별로 안 사고 싶다 키키",
            "speaker": {
              "id": "2번",
              "sex": "여성",
              "age": "30대"
            },
            "speechAct": "(단언) 주장하기",
            "morpheme": "그런/MM+거/NNB+중고/NNG+로/JKB+는/JX+별로/MAG+안/MAG+사/VV+고/EC+싶/VX+다키키/NNP"
          },
          {
            "id": 15,
            "text": "1 : 키키 오 나랑 비슷하네 나도 전자기기는 새 거... 키키",
            "norm_text": "키키 오 나랑 비슷하네 나도 전자기기는 새 거... 키키",
            "speaker": {
              "id": "1번",
              "sex": "여성",
              "age": "30대"
            },
            "speechAct": "(단언) 주장하기",
            "morpheme": "키키오나랑비슷하네나도전자기기는새거/UNKNOWN+./SY+키/NNG+키/XSV+ETN"
          },
          {
            "id": 16,
            "text": "2 : 맞아 키키 새 거가 좋다구! 중고는 곧 고장 날 수도 있어",
            "norm_text": "맞아 키키 새 거가 좋다구! 중고는 곧 고장 날 수도 있어",
            "speaker": {
              "id": "2번",
              "sex": "여성",
              "age": "30대"
            },
            "speechAct": "(단언) 주장하기",
            "morpheme": "맞아키키새거가좋다구/UNKNOWN+중고/NNG+는/JX+곧/MAG+고장/NNG+날/VV+ETM+수/NNB+도/JX+있/VA+어/EC"
          }
        ]
      }
    }
  ]
}