{
  "dataset": {
    "identifier": 63833,
    "name": "KAKAO_901_08_set",
    "src_path": "/data/file/cubeManager/PROJECT001/53/txt20211005153438077956/KAKAO_901_08_set/",
    "label_path": "/data/file/cubeManager/PROJECT001/53/txt20211005153438077956/KAKAO_901_08_set/",
    "category": 2,
    "type": 0
  },
  "licenses": {
    "name": "Apache License 1.0",
    "url": "http://www.apache.org/licenses/LICENSE-1.0"
  },
  "info": [
    {
      "id": 41485,
      "filename": "KAKAO_901_08.txt",
      "title": "KAKAO_901_08",
      "mediatype": "SNS",
      "medianame": "카카오톡",
      "category": "일상대화",
      "date": "2021-10-05",
      "size": 460,
      "annotations": {
        "subject": "연애/결혼",
        "speaker_type": "1:1",
        "size": 460,
        "word_size": 160,
        "text": "1 : 결혼하면 애기 몇 명 낳을 거야 키키\n2 : 저는 두명 이상은 낳고 싶은데 형은요\n1 : 키키 나도 2명 정도 키키 그런데 **이가 안 낳고 싶다고 해서 안 낳아도 되고\n2 : 오 왜 누나는 안 낳고 싶어해요?\n1 : 힘들데 키키 그런데 힘들 것 같아 키키 조카들 보니까\n2 : 근데 또 자기 자식은 다르지 않을까요\n1 : 맞아 키키 또 낳으면 다르겠지 키키\n2 : 맞아요 키키 안 낳아도 될 것 같지만 또 없으면 아쉬울 것도 같고\n1 : 맞아 키키 나도 아기 좋아해서 보면 너무 예쁨 키키\n2 : 오 이게 막내의 특징인가요 키키 저도인데\n1 : 키키 그런가 봄 키키 우리 좀 통하는 게 많네?\n2 : 키키 그러게 말이에요 키키 한 번 술 한잔 하시죠\n1 : 키키 좋지 술은 좀 하나?\n2 : 저는 뭐 적당히 마시는 것 같아요\n1 : 오 그게 좋지 난 적당히가 안 돼서 맨날 혼나\n2 : 오... 형 술 좀 들어가면 더 마시는 타입인가 보네요",
        "lines": [
          {
            "id": 1,
            "text": "1 : 결혼하면 애기 몇 명 낳을 거야 키키",
            "norm_text": "결혼하면 애기 몇 명 낳을 거야 키키",
            "speaker": {
              "id": "1번",
              "sex": "남성",
              "age": "20대"
            },
            "speechAct": "(지시) 질문하기",
            "morpheme": "결혼/NNG+하/XSV+면/EC+애기/NNG+몇/MM+명/NNBC+낳/VV+을/ETM+거/NNB+야/VCP+EF+키/NNG+키/XSV+ETN"
          },
          {
            "id": 2,
            "text": "2 : 저는 두명 이상은 낳고 싶은데 형은요",
            "norm_text": "저는 두명 이상은 낳고 싶은데 형은요",
            "speaker": {
              "id": "2번",
              "sex": "남성",
              "age": "20대"
            },
            "speechAct": "(지시) 질문하기",
            "morpheme": "저/NP+는/JX+두/MM+명/NNBC+이상/NNG+은/JX+낳/VV+고/EC+싶/VX+은데/EC+형/NNG+은/JX+요/JX"
          },
          {
            "id": 3,
            "text": "1 : 키키 나도 2명 정도 키키 그런데 **이가 안 낳고 싶다고 해서 안 낳아도 되고",
            "norm_text": "키키 나도 2명 정도 키키 그런데 **이가 안 낳고 싶다고 해서 안 낳아도 되고",
            "speaker": {
              "id": "1번",
              "sex": "남성",
              "age": "20대"
            },
            "speechAct": "(단언) 진술하기",
            "morpheme": "키/NNG+키나/XSA+ETN+JX+도/JX+2/SN+명/NNBC+정도/NNG+키/NNG+키/XSV+ETN+그런데/MAJ+*/SY+*/SY+이/NP+가/JKS+안/MAG+낳/VV+고/EC+싶/VX+다고/EC+해서/VV+EC+안/MAG+낳/VV+아도/EC+되/VV+고/EC"
          },
          {
            "id": 4,
            "text": "2 : 오 왜 누나는 안 낳고 싶어해요?",
            "norm_text": "오 왜 누나는 안 낳고 싶어해요?",
            "speaker": {
              "id": "2번",
              "sex": "남성",
              "age": "20대"
            },
            "speechAct": "(지시) 질문하기",
            "morpheme": "오왜/NNG+누나/NNG+는/JX+안/MAG+낳/VV+고/EC+싶/VX+어/EC+해요/VX+EF"
          },
          {
            "id": 5,
            "text": "1 : 힘들데 키키 그런데 힘들 것 같아 키키 조카들 보니까",
            "norm_text": "힘들데 키키 그런데 힘들 것 같아 키키 조카들 보니까",
            "speaker": {
              "id": "1번",
              "sex": "남성",
              "age": "20대"
            },
            "speechAct": "(단언) 진술하기",
            "morpheme": "힘들/VA+ETM+데/NNB+키/NNG+키/XSV+ETN+그런데/MAJ+힘들/VA+ETM+것/NNB+같/VA+아/EC+키/NNG+키/NNG+조카/NNG+들/XSN+보/VV+니까/EC"
          },
          {
            "id": 6,
            "text": "2 : 근데 또 자기 자식은 다르지 않을까요",
            "norm_text": "근데 또 자기 자식은 다르지 않을까요",
            "speaker": {
              "id": "2번",
              "sex": "남성",
              "age": "20대"
            },
            "speechAct": "(지시) 질문하기",
            "morpheme": "근데/MAJ+또/MAG+자기/NP+자식/NNG+은/JX+다르/VA+지/EC+않/VX+을까요/EC"
          },
          {
            "id": 7,
            "text": "1 : 맞아 키키 또 낳으면 다르겠지 키키",
            "norm_text": "맞아 키키 또 낳으면 다르겠지 키키",
            "speaker": {
              "id": "1번",
              "sex": "남성",
              "age": "20대"
            },
            "speechAct": "(단언) 진술하기",
            "morpheme": "맞/VV+아/EC+키/NNG+키/NNG+또/MAG+낳/VV+으면/EC+다르/VA+겠/EP+지/EC+키/NNG+키/XSV+ETN"
          },
          {
            "id": 8,
            "text": "2 : 맞아요 키키 안 낳아도 될 것 같지만 또 없으면 아쉬울 것도 같고",
            "norm_text": "맞아요 키키 안 낳아도 될 것 같지만 또 없으면 아쉬울 것도 같고",
            "speaker": {
              "id": "2번",
              "sex": "남성",
              "age": "20대"
            },
            "speechAct": "(단언) 진술하기",
            "morpheme": "맞/VV+아/EC+요키/NNP+키/NNG+안/MAG+낳/VV+아도/EC+될/VV+ETM+것/NNB+같/VA+지만/EC+또/MAG+없/VA+으면/EC+아쉬울/VA+ETM+것/NNB+도/JX+같/VA+고/EC"
          },
          {
            "id": 9,
            "text": "1 : 맞아 키키 나도 아기 좋아해서 보면 너무 예쁨 키키",
            "norm_text": "맞아 키키 나도 아기 좋아해서 보면 너무 예쁨 키키",
            "speaker": {
              "id": "1번",
              "sex": "남성",
              "age": "20대"
            },
            "speechAct": "(단언) 주장하기",
            "morpheme": "맞/VV+아/EC+키/NNG+키나/XSA+ETN+JX+도/JX+아기/NNG+좋/VA+아/EC+해서/VV+EC+보/VX+면/EC+너무/MAG+예쁨/VA+ETN+키/NNG+키/XSV+ETN"
          },
          {
            "id": 10,
            "text": "2 : 오 이게 막내의 특징인가요 키키 저도인데",
            "norm_text": "오 이게 막내의 특징인가요 키키 저도인데",
            "speaker": {
              "id": "2번",
              "sex": "남성",
              "age": "20대"
            },
            "speechAct": "(단언) 주장하기",
            "morpheme": "오/IC+이게/NP+JKS+막내/NNG+의/JKG+특징/NNG+인가/VCP+EC+요키/NNP+키저/NNG+도/JX+인데/VCP+EC"
          },
          {
            "id": 11,
            "text": "1 : 키키 그런가 봄 키키 우리 좀 통하는 게 많네?",
            "norm_text": "키키 그런가 봄 키키 우리 좀 통하는 게 많네?",
            "speaker": {
              "id": "1번",
              "sex": "남성",
              "age": "20대"
            },
            "speechAct": "(지시) 질문하기",
            "morpheme": "키/NNG+키/XSV+ETN+그런가/VA+EC+봄/NNG+키/NNG+키/XSV+ETN+우리/NP+좀/MAG+통하/VV+는/ETM+게/NNB+JKS+많/VA+네/EF"
          },
          {
            "id": 12,
            "text": "2 : 키키 그러게 말이에요 키키 한 번 술 한잔 하시죠",
            "norm_text": "키키 그러게 말이에요 키키 한 번 술 한잔 하시죠",
            "speaker": {
              "id": "2번",
              "sex": "남성",
              "age": "20대"
            },
            "speechAct": "(지시) 충고/제안하기",
            "morpheme": "키/NNG+키/XSV+ETN+그러/VV+게/EC+말/NNG+이/VCP+에요/EF+키/NNG+키/XSV+ETN+한/MM+번/NNBC+술/NNG+한잔/NNG+하/XSV+시/EP+죠/EF"
          },
          {
            "id": 13,
            "text": "1 : 키키 좋지 술은 좀 하나?",
            "norm_text": "키키 좋지 술은 좀 하나?",
            "speaker": {
              "id": "1번",
              "sex": "남성",
              "age": "20대"
            },
            "speechAct": "(지시) 질문하기",
            "morpheme": "키/NNG+키/XSV+ETN+좋/VA+지/EC+술/NNG+은/JX+좀/MAG+하나/NR"
          },
          {
            "id": 14,
            "text": "2 : 저는 뭐 적당히 마시는 것 같아요",
            "norm_text": "저는 뭐 적당히 마시는 것 같아요",
            "speaker": {
              "id": "2번",
              "sex": "남성",
              "age": "20대"
            },
            "speechAct": "(단언) 진술하기",
            "morpheme": "저/NP+는/JX+뭐/IC+적당히/MAG+마시/VV+는/ETM+것/NNB+같/VA+아요/EC"
          },
          {
            "id": 15,
            "text": "1 : 오 그게 좋지 난 적당히가 안 돼서 맨날 혼나",
            "norm_text": "오 그게 좋지 난 적당히가 안 돼서 맨날 혼나",
            "speaker": {
              "id": "1번",
              "sex": "남성",
              "age": "20대"
            },
            "speechAct": "(단언) 주장하기",
            "morpheme": "오/IC+그게/NP+JKS+좋/VA+지/EF+난/NP+JX+적당히/MAG+가/JKS+안/MAG+돼서/VV+EC+맨날/MAG+혼/VV+나/EC"
          },
          {
            "id": 16,
            "text": "2 : 오... 형 술 좀 들어가면 더 마시는 타입인가 보네요",
            "norm_text": "오... 형 술 좀 들어가면 더 마시는 타입인가 보네요",
            "speaker": {
              "id": "2번",
              "sex": "남성",
              "age": "20대"
            },
            "speechAct": "(지시) 질문하기",
            "morpheme": "오/IC+./SY+형/NNG+술/NNG+좀/MAG+들어가/VV+면/EC+더/MAG+마시/VV+는/ETM+타입/NNG+인가/VCP+EC+보/VX+네요/EC"
          }
        ]
      }
    }
  ]
}