{
  "dataset": {
    "identifier": 56732,
    "name": "KAKAO_913_16_set",
    "src_path": "/data/file/cubeManager/PROJECT001/53/txt20211005161416019294/KAKAO_913_16_set/",
    "label_path": "/data/file/cubeManager/PROJECT001/53/txt20211005161416019294/KAKAO_913_16_set/",
    "category": 2,
    "type": 0
  },
  "licenses": {
    "name": "Apache License 1.0",
    "url": "http://www.apache.org/licenses/LICENSE-1.0"
  },
  "info": [
    {
      "id": 42013,
      "filename": "KAKAO_913_16.txt",
      "title": "KAKAO_913_16",
      "mediatype": "SNS",
      "medianame": "카카오톡",
      "category": "일상대화",
      "date": "2021-10-05",
      "size": 444,
      "annotations": {
        "subject": "미용",
        "speaker_type": "1:1",
        "size": 444,
        "word_size": 149,
        "text": "1 : 언니 피부과 시술 추천 해줄 수 있어?\n2 : 어떤 게 고민이 돼서 물어보는 거야?\n1 : 나 지금 잡티가 좀 많아서 고민이야 ㅠㅠ\n2 : 잡티 레이저 받아야 한다던데 ㅠ\n2 : 일회성이래 ㅠ\n1 : 아 정말? 그러면 안 없어져? 키키\n2 : 옅어지긴 하는데 관리를 받을 때만 그런가 봐 ㅠㅠ\n1 : 그건 너무하지 정말 ㅠㅠ\n1 : 나 얼른 해야 하는데\n2 : 그래서 꾸준히 받아야 돼서 비용이 많이 들어가 ㅠㅠ\n1 : 레이저도 여러가지 종류 많던데 하나도 모르겠어\n2 : 나도 너무 많아서 헷갈려 키키\n2 : 맨날 공부해야 해\n1 : 강남언니 깔아봤는데 하나도 뭔 소리인지 모르겠어\n2 : 그거 한 달 동안 쳐다보면 외운다 키키\n1 : 아 역시 우리 가짜 얼굴... 언니가 전문인이네\n2 : 그래도 제일 좋은 건 발품이 좋어\n1 : 아하! 나도 그래서 올 겨울에 상담 받으려고!\n2 : 좋은 데 잘 찾아서 가야 해 ~",
        "lines": [
          {
            "id": 1,
            "text": "1 : 언니 피부과 시술 추천 해줄 수 있어?",
            "norm_text": "언니 피부과 시술 추천 해줄 수 있어?",
            "speaker": {
              "id": "1번",
              "sex": "여성",
              "age": "20대"
            },
            "speechAct": "(지시) 질문하기",
            "morpheme": "언니/NNG+피부과/NNG+시술/NNG+추천/NNG+해/XSV+EC+줄/VX+ETM+수/NNB+있/VV+어/EF"
          },
          {
            "id": 2,
            "text": "2 : 어떤 게 고민이 돼서 물어보는 거야?",
            "norm_text": "어떤 게 고민이 돼서 물어보는 거야?",
            "speaker": {
              "id": "2번",
              "sex": "여성",
              "age": "20대"
            },
            "speechAct": "(지시) 질문하기",
            "morpheme": "어떤/MM+게/NNB+JKS+고민/NNG+이/JKS+돼서/VV+EC+물/VV+어/EC+보/VX+는/ETM+거/NNB+야/VCP+EF"
          },
          {
            "id": 3,
            "text": "1 : 나 지금 잡티가 좀 많아서 고민이야 ㅠㅠ",
            "norm_text": "나 지금 잡티가 좀 많아서 고민이야 ㅠㅠ",
            "speaker": {
              "id": "1번",
              "sex": "여성",
              "age": "20대"
            },
            "speechAct": "(단언) 주장하기",
            "morpheme": "나/NP+지금/MAG+잡티/NNG+가/JKS+좀/MAG+많/VA+아서/EC+고민/NNG+이/VCP+야/EF+ㅠㅠ/UNKNOWN"
          },
          {
            "id": 4,
            "text": "2 : 잡티 레이저 받아야 한다던데 ㅠ",
            "norm_text": "잡티 레이저 받아야 한다던데 ㅠ",
            "speaker": {
              "id": "2번",
              "sex": "여성",
              "age": "20대"
            },
            "speechAct": "(단언) 진술하기",
            "morpheme": "잡티/NNG+레이저/NNG+받/VV+아야/EC+한다던/VX+ETM+데ㅠ/UNKNOWN"
          },
          {
            "id": 5,
            "text": "2 : 일회성이래 ㅠ",
            "norm_text": "일회성이래 ㅠ",
            "speaker": {
              "id": "2번",
              "sex": "여성",
              "age": "20대"
            },
            "speechAct": "(단언) 진술하기",
            "morpheme": "일회성이래ㅠ/UNKNOWN"
          },
          {
            "id": 6,
            "text": "1 : 아 정말? 그러면 안 없어져? 키키",
            "norm_text": "아 정말? 그러면 안 없어져? 키키",
            "speaker": {
              "id": "1번",
              "sex": "여성",
              "age": "20대"
            },
            "speechAct": "(지시) 질문하기",
            "morpheme": "아/IC+정말/MAG+그러면/MAJ+안/MAG+없/VA+어/EC+져/VX+EF+키/NNG+키/XSV+ETN"
          },
          {
            "id": 7,
            "text": "2 : 옅어지긴 하는데 관리를 받을 때만 그런가 봐 ㅠㅠ",
            "norm_text": "옅어지긴 하는데 관리를 받을 때만 그런가 봐 ㅠㅠ",
            "speaker": {
              "id": "2번",
              "sex": "여성",
              "age": "20대"
            },
            "speechAct": "(단언) 진술하기",
            "morpheme": "옅/VA+어/EC+지/VX+긴/ETN+JX+하/VX+는데/EC+관리/NNG+를/JKO+받/VV+을/ETM+때/NNG+만/JX+그런가/VA+EC+봐/VX+EF+ㅠㅠ/UNKNOWN"
          },
          {
            "id": 8,
            "text": "1 : 그건 너무하지 정말 ㅠㅠ",
            "norm_text": "그건 너무하지 정말 ㅠㅠ",
            "speaker": {
              "id": "1번",
              "sex": "여성",
              "age": "20대"
            },
            "speechAct": "(단언) 주장하기",
            "morpheme": "그건/NP+JX+너무/MAG+하/VV+지/EF+정말/MAG+ㅠㅠ/UNKNOWN"
          },
          {
            "id": 9,
            "text": "1 : 나 얼른 해야 하는데",
            "norm_text": "나 얼른 해야 하는데",
            "speaker": {
              "id": "1번",
              "sex": "여성",
              "age": "20대"
            },
            "speechAct": "(단언) 주장하기",
            "morpheme": "나/NP+얼른/MAG+해야/VV+EC+하/VV+는데/EC"
          },
          {
            "id": 10,
            "text": "2 : 그래서 꾸준히 받아야 돼서 비용이 많이 들어가 ㅠㅠ",
            "norm_text": "그래서 꾸준히 받아야 돼서 비용이 많이 들어가 ㅠㅠ",
            "speaker": {
              "id": "2번",
              "sex": "여성",
              "age": "20대"
            },
            "speechAct": "(단언) 진술하기",
            "morpheme": "그래서/MAJ+꾸준히/MAG+받/VV+아야/EC+돼서/VV+EC+비용/NNG+이/JKS+많이/MAG+들어가/VV+EC+ㅠㅠ/UNKNOWN"
          },
          {
            "id": 11,
            "text": "1 : 레이저도 여러가지 종류 많던데 하나도 모르겠어",
            "norm_text": "레이저도 여러가지 종류 많던데 하나도 모르겠어",
            "speaker": {
              "id": "1번",
              "sex": "여성",
              "age": "20대"
            },
            "speechAct": "(단언) 주장하기",
            "morpheme": "레이저/NNG+도/JX+여러/MM+가지/NNBC+종류/NNG+많/VA+던데/EC+하나/NR+도/JX+모르/VV+겠/EP+어/EC"
          },
          {
            "id": 12,
            "text": "2 : 나도 너무 많아서 헷갈려 키키",
            "norm_text": "나도 너무 많아서 헷갈려 키키",
            "speaker": {
              "id": "2번",
              "sex": "여성",
              "age": "20대"
            },
            "speechAct": "(단언) 주장하기",
            "morpheme": "나/NP+도/JX+너무/MAG+많/VA+아서/EC+헷갈려/VV+EC+키/NNG+키/XSV+ETN"
          },
          {
            "id": 13,
            "text": "2 : 맨날 공부해야 해",
            "norm_text": "맨날 공부해야 해",
            "speaker": {
              "id": "2번",
              "sex": "여성",
              "age": "20대"
            },
            "speechAct": "(단언) 주장하기",
            "morpheme": "맨날/MAG+공부/NNG+해야/XSV+EC+해/VV+EC"
          },
          {
            "id": 14,
            "text": "1 : 강남언니 깔아봤는데 하나도 뭔 소리인지 모르겠어",
            "norm_text": "강남언니 깔아봤는데 하나도 뭔 소리인지 모르겠어",
            "speaker": {
              "id": "1번",
              "sex": "여성",
              "age": "20대"
            },
            "speechAct": "(단언) 진술하기",
            "morpheme": "강남/NNP+언니/NNG+깔/VV+아/EC+봤/VX+EP+는데/EC+하나/NR+도/JX+뭔/MM+소리/NNG+인지/VCP+EC+모르/VV+겠/EP+어/EC"
          },
          {
            "id": 15,
            "text": "2 : 그거 한 달 동안 쳐다보면 외운다 키키",
            "norm_text": "그거 한 달 동안 쳐다보면 외운다 키키",
            "speaker": {
              "id": "2번",
              "sex": "여성",
              "age": "20대"
            },
            "speechAct": "(단언) 주장하기",
            "morpheme": "그거/NP+한/MM+달/NNBC+동안/NNG+쳐다보/VV+면/EC+외운/VV+ETM+다키키/NNP"
          },
          {
            "id": 16,
            "text": "1 : 아 역시 우리 가짜 얼굴... 언니가 전문인이네",
            "norm_text": "아 역시 우리 가짜 얼굴... 언니가 전문인이네",
            "speaker": {
              "id": "1번",
              "sex": "여성",
              "age": "20대"
            },
            "speechAct": "(단언) 주장하기",
            "morpheme": "아/IC+역시/MAJ+우리/NP+가/JKS+짜/VV+EC+얼굴/NNG+./SY+./SY+언니/NNG+가/JKS+전문/NNG+인/VCP+ETM+이/NP+네/XSN"
          },
          {
            "id": 17,
            "text": "2 : 그래도 제일 좋은 건 발품이 좋어",
            "norm_text": "그래도 제일 좋은 건 발품이 좋어",
            "speaker": {
              "id": "2번",
              "sex": "여성",
              "age": "20대"
            },
            "speechAct": "(단언) 주장하기",
            "morpheme": "그래도/MAJ+제일/MAG+좋/VA+은/ETM+건/NNB+JX+발품/NNG+이/JKS+좋/VA+어/EC"
          },
          {
            "id": 18,
            "text": "1 : 아하! 나도 그래서 올 겨울에 상담 받으려고!",
            "norm_text": "아하! 나도 그래서 올 겨울에 상담 받으려고!",
            "speaker": {
              "id": "1번",
              "sex": "여성",
              "age": "20대"
            },
            "speechAct": "(단언) 주장하기",
            "morpheme": "아하/IC+나/NP+도/JX+그래서/MAJ+올겨울/NNG+에/JKB+상담/NNG+받/VV+으려고/EF"
          },
          {
            "id": 19,
            "text": "2 : 좋은 데 잘 찾아서 가야 해 ~",
            "norm_text": "좋은 데 잘 찾아서 가야 해 ~",
            "speaker": {
              "id": "2번",
              "sex": "여성",
              "age": "20대"
            },
            "speechAct": "(지시) 충고/제안하기",
            "morpheme": "좋/VA+은데/EC+잘/MAG+찾/VV+아서/EC+가/VX+야/EC+해/VV+EC+~/SY"
          }
        ]
      }
    }
  ]
}