{
  "dataset": {
    "identifier": 72907,
    "name": "KAKAO_899_03_set",
    "src_path": "/data/file/cubeManager/PROJECT001/53/txt202110051528340106110/KAKAO_899_03_set/",
    "label_path": "/data/file/cubeManager/PROJECT001/53/txt202110051528340106110/KAKAO_899_03_set/",
    "category": 2,
    "type": 0
  },
  "licenses": {
    "name": "Apache License 1.0",
    "url": "http://www.apache.org/licenses/LICENSE-1.0"
  },
  "info": [
    {
      "id": 41320,
      "filename": "KAKAO_899_03.txt",
      "title": "KAKAO_899_03",
      "mediatype": "SNS",
      "medianame": "카카오톡",
      "category": "일상대화",
      "date": "2021-10-05",
      "size": 412,
      "annotations": {
        "subject": "교통",
        "speaker_type": "1:1",
        "size": 412,
        "word_size": 136,
        "text": "1 : 오빠야는 차 뭐 사고 싶어 키키\n2 : 나는 그래도 승용차 사고 싶음\n1 : 오 승용차 요새 다들 SUV 원하던데\n2 : 키키 **가 suv 사 고싶다 했으니 suv는 뭐...\n1 : 키키 승차감은 또 승용차가 낫긴 하지\n2 : 키키 맞아 키키 우리 아빠 차도 suv라서 난 승용차 갖고 싶다\n1 : 그것도 좋지 키키 언제 살 거야 태워줘\n2 : 키키 아니 일단 취업부터 해야지\n1 : 그건 맞다 키키 돈 벌고 사야지\n2 : 그래 돈이 있어야 차도 사고 집도 사는데\n1 : 그러니까 키키 일단 취업부터 생각해야겠네\n2 : 그렇지 니는 뭐 어디로 할라고\n1 : 나는 지금 아무 생각도 없다 키키\n2 : 키키 그래 일어난 지 얼마 되지도 않았는데\n1 : 옹 라면도 입으로 들어가는지 코로 들어가는지 모르겠다 키키\n2 : 키키 대단하네 키키 라면은 무슨 라면인데",
        "lines": [
          {
            "id": 1,
            "text": "1 : 오빠야는 차 뭐 사고 싶어 키키",
            "norm_text": "오빠야는 차 뭐 사고 싶어 키키",
            "speaker": {
              "id": "1번",
              "sex": "여성",
              "age": "20대"
            },
            "speechAct": "(지시) 질문하기",
            "morpheme": "오빠/NNG+야/VCP+EF+는/JX+차/NNG+뭐/IC+사/VV+고/EC+싶/VX+어/EC+키/NNG+키/XSV+ETN"
          },
          {
            "id": 2,
            "text": "2 : 나는 그래도 승용차 사고 싶음",
            "norm_text": "나는 그래도 승용차 사고 싶음",
            "speaker": {
              "id": "2번",
              "sex": "남성",
              "age": "20대"
            },
            "speechAct": "(단언) 주장하기",
            "morpheme": "나/NP+는/JX+그래도/MAJ+승용차/NNG+사/VV+고/EC+싶/VX+음/ETN"
          },
          {
            "id": 3,
            "text": "1 : 오 승용차 요새 다들 SUV 원하던데",
            "norm_text": "오 승용차 요새 다들 SUV 원하던데",
            "speaker": {
              "id": "1번",
              "sex": "여성",
              "age": "20대"
            },
            "speechAct": "(단언) 주장하기",
            "morpheme": "오승용차요새다들/UNKNOWN+SUV/SL+원/NNG+하/XSV+던데/EC"
          },
          {
            "id": 4,
            "text": "2 : 키키 **가 suv 사 고싶다 했으니 suv는 뭐...",
            "norm_text": "키키 **가 suv 사 고싶다 했으니 suv는 뭐...",
            "speaker": {
              "id": "2번",
              "sex": "남성",
              "age": "20대"
            },
            "speechAct": "(단언) 주장하기",
            "morpheme": "키/NNG+키/XSV+ETN+*/SY+*/SY+가/JKS+suv/SL+사/VV+고/EC+싶/VX+다/EC+했으니/VX+EP+EC+suv/SL+는/JX+뭐/IC+./SY"
          },
          {
            "id": 5,
            "text": "1 : 키키 승차감은 또 승용차가 낫긴 하지",
            "norm_text": "키키 승차감은 또 승용차가 낫긴 하지",
            "speaker": {
              "id": "1번",
              "sex": "여성",
              "age": "20대"
            },
            "speechAct": "(단언) 주장하기",
            "morpheme": "키/NNG+키/NNG+승차감/NNG+은/JX+또/MAG+승용차/NNG+가/JKS+낫/VV+긴/ETN+JX+하/VX+지/EC"
          },
          {
            "id": 6,
            "text": "2 : 키키 맞아 키키 우리 아빠 차도 suv라서 난 승용차 갖고 싶다",
            "norm_text": "키키 맞아 키키 우리 아빠 차도 suv라서 난 승용차 갖고 싶다",
            "speaker": {
              "id": "2번",
              "sex": "남성",
              "age": "20대"
            },
            "speechAct": "(단언) 주장하기",
            "morpheme": "키키맞아키키우리아빠차도/UNKNOWN+suv/SL+라서/VCP+EC+난/VX+ETM+승용차/NNG+갖/VV+고/EC+싶/VX+다/EC"
          },
          {
            "id": 7,
            "text": "1 : 그것도 좋지 키키 언제 살 거야 태워줘",
            "norm_text": "그것도 좋지 키키 언제 살 거야 태워줘",
            "speaker": {
              "id": "1번",
              "sex": "여성",
              "age": "20대"
            },
            "speechAct": "(지시) 명령/요구하기",
            "morpheme": "그것/NP+도/JX+좋/VA+지/EC+키/NNG+키/NNG+언제/MAG+살/VV+ETM+거/NNB+야/VCP+EF+태워/VV+EC+줘/VX+EC"
          },
          {
            "id": 8,
            "text": "2 : 키키 아니 일단 취업부터 해야지",
            "norm_text": "키키 아니 일단 취업부터 해야지",
            "speaker": {
              "id": "2번",
              "sex": "남성",
              "age": "20대"
            },
            "speechAct": "(단언) 주장하기",
            "morpheme": "키/NNG+키/XSV+ETN+아니/VCN+일단/MAG+취업/NNG+부터/JX+해야지/VV+EC"
          },
          {
            "id": 9,
            "text": "1 : 그건 맞다 키키 돈 벌고 사야지",
            "norm_text": "그건 맞다 키키 돈 벌고 사야지",
            "speaker": {
              "id": "1번",
              "sex": "여성",
              "age": "20대"
            },
            "speechAct": "(단언) 주장하기",
            "morpheme": "그건/NP+JX+맞/VV+다/EC+키/NNG+키/NNG+돈/NNG+벌/VV+고/EC+사/VV+야지/EC"
          },
          {
            "id": 10,
            "text": "2 : 그래 돈이 있어야 차도 사고 집도 사는데",
            "norm_text": "그래 돈이 있어야 차도 사고 집도 사는데",
            "speaker": {
              "id": "2번",
              "sex": "남성",
              "age": "20대"
            },
            "speechAct": "(단언) 주장하기",
            "morpheme": "그래/IC+돈/NNG+이/JKS+있/VV+어야/EC+차/NNG+도/JX+사고/NNG+집/NNG+도/JX+사/VV+는데/EC"
          },
          {
            "id": 11,
            "text": "1 : 그러니까 키키 일단 취업부터 생각해야겠네",
            "norm_text": "그러니까 키키 일단 취업부터 생각해야겠네",
            "speaker": {
              "id": "1번",
              "sex": "여성",
              "age": "20대"
            },
            "speechAct": "(단언) 주장하기",
            "morpheme": "그러니까/MAJ+키/NNG+키/XSV+ETN+일단/MAG+취업/NNG+부터/JX+생각/NNG+해야/XSV+EC+VX+겠/EP+네/EF"
          },
          {
            "id": 12,
            "text": "2 : 그렇지 니는 뭐 어디로 할라고",
            "norm_text": "그렇지 니는 뭐 어디로 할라고",
            "speaker": {
              "id": "2번",
              "sex": "남성",
              "age": "20대"
            },
            "speechAct": "(지시) 질문하기",
            "morpheme": "그렇/VA+지니/EC+는/JX+뭐/IC+어디/NP+로/JKB+할라고/VV+EC"
          },
          {
            "id": 13,
            "text": "1 : 나는 지금 아무 생각도 없다 키키",
            "norm_text": "나는 지금 아무 생각도 없다 키키",
            "speaker": {
              "id": "1번",
              "sex": "여성",
              "age": "20대"
            },
            "speechAct": "(단언) 주장하기",
            "morpheme": "나/NP+는/JX+지금/MAG+아무/MM+생각/NNG+도/JX+없/VA+다키키/NNP"
          },
          {
            "id": 14,
            "text": "2 : 키키 그래 일어난 지 얼마 되지도 않았는데",
            "norm_text": "키키 그래 일어난 지 얼마 되지도 않았는데",
            "speaker": {
              "id": "2번",
              "sex": "남성",
              "age": "20대"
            },
            "speechAct": "(단언) 주장하기",
            "morpheme": "키/NNG+키/XSV+ETN+그래/VA+EC+일어난지/VV+EC+얼마/NNG+되/XSV+지/EC+도/JX+않/VX+았/EP+는데/EC"
          },
          {
            "id": 15,
            "text": "1 : 옹 라면도 입으로 들어가는지 코로 들어가는지 모르겠다 키키",
            "norm_text": "옹 라면도 입으로 들어가는지 코로 들어가는지 모르겠다 키키",
            "speaker": {
              "id": "1번",
              "sex": "여성",
              "age": "20대"
            },
            "speechAct": "(단언) 주장하기",
            "morpheme": "옹/NP+라면/VCP+EC+도입/NNG+으로/JKB+들어가/VV+는지/EC+코/NNG+로/JKB+들어가/VV+는지/EC+모르/VV+겠/EP+다키키/NNP"
          },
          {
            "id": 16,
            "text": "2 : 키키 대단하네 키키 라면은 무슨 라면인데",
            "norm_text": "키키 대단하네 키키 라면은 무슨 라면인데",
            "speaker": {
              "id": "2번",
              "sex": "남성",
              "age": "20대"
            },
            "speechAct": "(지시) 질문하기",
            "morpheme": "키/NNG+키/XSV+ETN+대단/XR+하/XSA+네/EF+키/MAG+키/VV+라면은/EC+무슨/MM+라면/NNG+인데/VCP+EC"
          }
        ]
      }
    }
  ]
}