{
  "dataset": {
    "identifier": 63330,
    "name": "KAKAO_914_07_set",
    "src_path": "/data/file/cubeManager/PROJECT001/53/txt20211005161430073978/KAKAO_914_07_set/",
    "label_path": "/data/file/cubeManager/PROJECT001/53/txt20211005161430073978/KAKAO_914_07_set/",
    "category": 2,
    "type": 0
  },
  "licenses": {
    "name": "Apache License 1.0",
    "url": "http://www.apache.org/licenses/LICENSE-1.0"
  },
  "info": [
    {
      "id": 42024,
      "filename": "KAKAO_914_07.txt",
      "title": "KAKAO_914_07",
      "mediatype": "SNS",
      "medianame": "카카오톡",
      "category": "일상대화",
      "date": "2021-10-05",
      "size": 464,
      "annotations": {
        "subject": "가족",
        "speaker_type": "1:1",
        "size": 464,
        "word_size": 162,
        "text": "1 : 키키 난 괜찮았는데 하니까 누나가 니 눈 맛이 갔다 카더라고\n2 : 키키 누나 눈엔 다~ 보이지\n1 : 키키 그러니까 키키\n1 : 진짜 니도 남동생 있다고 했나?\n2 : 응 키키 남동생 있어 키키 말은 잘 들으나 말만 잘 듣는\n1 : 키키 그게 뭐야 키키\n1 : 말 잘 들으면 됐지 뭐\n2 : 키키 너도 누나한테 교육 잘 받았지? 키키\n1 : 교육이 아니라 이건 뭐 그냥 세뇌?\n2 : 하나부터 열까지 사람 교육 시켜준 누나에게 감사하길 키키\n1 : 그냥 누나 편하려고 그런 것 같은데? 키키\n2 : 키키 그런 것도 없지 않아 있지\n2 : 키키 교육값이야\n1 : 키키 그런 건가 키키\n1 : 난 큰누나의 마음을 알 수 없군\n2 : 다른 사람이면 귀찮아서 그냥 저러고 살아라 하고 신경 안 써 키키\n1 : 다 애정이었네 이제 알았네 키키\n2 : 키키 애정 없으면 힘들죠 키키\n1 : 키키 진짜 이제야 알았네 키키\n2 : 키키 교육 아주 착실히 잘 받았나 보오",
        "lines": [
          {
            "id": 1,
            "text": "1 : 키키 난 괜찮았는데 하니까 누나가 니 눈 맛이 갔다 카더라고",
            "norm_text": "키키 난 괜찮았는데 하니까 누나가 니 눈 맛이 갔다 카더라고",
            "speaker": {
              "id": "1번",
              "sex": "남성",
              "age": "20대"
            },
            "speechAct": "(단언) 진술하기",
            "morpheme": "키/NNG+키/XSV+ETN+난/NP+JX+괜찮/VA+았/EP+는데/EC+하/VV+니까/EC+누나/NNG+가/JKS+니/MM+눈맛/NNG+이/JKS+갔/VV+EP+다/EC+카/VX+더라고/EC"
          },
          {
            "id": 2,
            "text": "2 : 키키 누나 눈엔 다~ 보이지",
            "norm_text": "키키 누나 눈엔 다~ 보이지",
            "speaker": {
              "id": "2번",
              "sex": "여성",
              "age": "20대"
            },
            "speechAct": "(단언) 진술하기",
            "morpheme": "키/NNG+키/NNG+누나/NNG+눈/NNG+엔/JKB+JX+다/MAG+~/SY+보이/VV+지/EC"
          },
          {
            "id": 3,
            "text": "1 : 키키 그러니까 키키",
            "norm_text": "키키 그러니까 키키",
            "speaker": {
              "id": "1번",
              "sex": "남성",
              "age": "20대"
            },
            "speechAct": "(단언) 주장하기",
            "morpheme": "키/NNG+키/XSV+ETN+그러니까/MAJ+키/NNG+키/XSV+ETN"
          },
          {
            "id": 4,
            "text": "1 : 진짜 니도 남동생 있다고 했나?",
            "norm_text": "진짜 니도 남동생 있다고 했나?",
            "speaker": {
              "id": "1번",
              "sex": "남성",
              "age": "20대"
            },
            "speechAct": "(지시) 질문하기",
            "morpheme": "진짜/MAG+니/NP+도/JX+남동생/NNG+있/VV+다고/EC+했/VX+EP+나/EF"
          },
          {
            "id": 5,
            "text": "2 : 응 키키 남동생 있어 키키 말은 잘 들으나 말만 잘 듣는",
            "norm_text": "응 키키 남동생 있어 키키 말은 잘 들으나 말만 잘 듣는",
            "speaker": {
              "id": "2번",
              "sex": "여성",
              "age": "20대"
            },
            "speechAct": "(단언) 진술하기",
            "morpheme": "응/IC+키/NNG+키/NNG+남동생/NNG+있/VV+어/EC+키/NNG+키/NNG+말/NNG+은/JX+잘/MAG+들으나/VV+EC+말/NNG+만/JX+잘/MAG+듣/VV+는/ETM"
          },
          {
            "id": 6,
            "text": "1 : 키키 그게 뭐야 키키",
            "norm_text": "키키 그게 뭐야 키키",
            "speaker": {
              "id": "1번",
              "sex": "남성",
              "age": "20대"
            },
            "speechAct": "(단언) 주장하기",
            "morpheme": "키/NNG+키/XSV+ETN+그게/NP+JKS+뭐/IC+야키/NNP+키/NNG"
          },
          {
            "id": 7,
            "text": "1 : 말 잘 들으면 됐지 뭐",
            "norm_text": "말 잘 들으면 됐지 뭐",
            "speaker": {
              "id": "1번",
              "sex": "남성",
              "age": "20대"
            },
            "speechAct": "(단언) 주장하기",
            "morpheme": "말/NNG+잘/MAG+들으면/VV+EC+됐/VV+EP+지/EF+뭐/IC"
          },
          {
            "id": 8,
            "text": "2 : 키키 너도 누나한테 교육 잘 받았지? 키키",
            "norm_text": "키키 너도 누나한테 교육 잘 받았지? 키키",
            "speaker": {
              "id": "2번",
              "sex": "여성",
              "age": "20대"
            },
            "speechAct": "(지시) 질문하기",
            "morpheme": "키/NNG+키/XSV+ETN+너/NP+도/JX+누나/NNG+한테/JKB+교육/NNG+잘/MAG+받/VV+았/EP+지/EF+키/NNG+키/XSV+ETN"
          },
          {
            "id": 9,
            "text": "1 : 교육이 아니라 이건 뭐 그냥 세뇌?",
            "norm_text": "교육이 아니라 이건 뭐 그냥 세뇌?",
            "speaker": {
              "id": "1번",
              "sex": "남성",
              "age": "20대"
            },
            "speechAct": "(단언) 주장하기",
            "morpheme": "교육/NNG+이/JKC+아니/VCN+라/EC+이건/NP+JX+뭐/IC+그냥/MAG+세뇌/NNG"
          },
          {
            "id": 10,
            "text": "2 : 하나부터 열까지 사람 교육 시켜준 누나에게 감사하길 키키",
            "norm_text": "하나부터 열까지 사람 교육 시켜준 누나에게 감사하길 키키",
            "speaker": {
              "id": "2번",
              "sex": "여성",
              "age": "20대"
            },
            "speechAct": "(단언) 주장하기",
            "morpheme": "하나/NR+부터/JX+열/NR+까지/JX+사람/NNG+교육/NNG+시켜/XSV+EC+준/VX+ETM+누나/NNG+에게/JKB+감사/NNG+하/XSV+길/ETN+JKO+키/NNG+키/XSV+ETN"
          },
          {
            "id": 11,
            "text": "1 : 그냥 누나 편하려고 그런 것 같은데? 키키",
            "norm_text": "그냥 누나 편하려고 그런 것 같은데? 키키",
            "speaker": {
              "id": "1번",
              "sex": "남성",
              "age": "20대"
            },
            "speechAct": "(단언) 주장하기",
            "morpheme": "그냥/MAG+누나/NNG+편하/VA+려고/EC+그런/MM+것/NNB+같/VA+은데/EF+키/NNG+키/XSV+ETN"
          },
          {
            "id": 12,
            "text": "2 : 키키 그런 것도 없지 않아 있지",
            "norm_text": "키키 그런 것도 없지 않아 있지",
            "speaker": {
              "id": "2번",
              "sex": "여성",
              "age": "20대"
            },
            "speechAct": "(단언) 진술하기",
            "morpheme": "키키/NNP+그런/MM+것/NNB+도/JX+없/VA+지/EC+않/VX+아/EC+있/VX+지/EC"
          },
          {
            "id": 13,
            "text": "2 : 키키 교육값이야",
            "norm_text": "키키 교육값이야",
            "speaker": {
              "id": "2번",
              "sex": "여성",
              "age": "20대"
            },
            "speechAct": "(단언) 주장하기",
            "morpheme": "키/NNG+키/NNG+교육/NNG+값/NNG+이/VCP+야/EC"
          },
          {
            "id": 14,
            "text": "1 : 키키 그런 건가 키키",
            "norm_text": "키키 그런 건가 키키",
            "speaker": {
              "id": "1번",
              "sex": "남성",
              "age": "20대"
            },
            "speechAct": "(단언) 주장하기",
            "morpheme": "키키/NNP+그런/MM+건가/NNB+VCP+EC+키/NNG+키/XSV+ETN"
          },
          {
            "id": 15,
            "text": "1 : 난 큰누나의 마음을 알 수 없군",
            "norm_text": "난 큰누나의 마음을 알 수 없군",
            "speaker": {
              "id": "1번",
              "sex": "남성",
              "age": "20대"
            },
            "speechAct": "(단언) 진술하기",
            "morpheme": "난/NP+JX+큰/VA+ETM+누나/NNG+의/JKG+마음/NNG+을/JKO+알/VV+ETM+수/NNB+없/VA+군/EC"
          },
          {
            "id": 16,
            "text": "2 : 다른 사람이면 귀찮아서 그냥 저러고 살아라 하고 신경 안 써 키키",
            "norm_text": "다른 사람이면 귀찮아서 그냥 저러고 살아라 하고 신경 안 써 키키",
            "speaker": {
              "id": "2번",
              "sex": "여성",
              "age": "20대"
            },
            "speechAct": "(단언) 진술하기",
            "morpheme": "다른/MM+사람/NNG+이/VCP+면/EC+귀찮/VA+아서/EC+그냥/MAG+저러/VV+고/EC+살/VV+아라/EC+하/VV+고/EC+신경/NNG+안/MAG+써/VV+EC+키/NNG+키/XSV+ETN"
          },
          {
            "id": 17,
            "text": "1 : 다 애정이었네 이제 알았네 키키",
            "norm_text": "다 애정이었네 이제 알았네 키키",
            "speaker": {
              "id": "1번",
              "sex": "남성",
              "age": "20대"
            },
            "speechAct": "(단언) 주장하기",
            "morpheme": "다/MAG+애정/NNG+이/VCP+었/EP+네/EF+이제/MAG+알/VV+았/EP+네/EF+키/NNG+키/XSV+ETN"
          },
          {
            "id": 18,
            "text": "2 : 키키 애정 없으면 힘들죠 키키",
            "norm_text": "키키 애정 없으면 힘들죠 키키",
            "speaker": {
              "id": "2번",
              "sex": "여성",
              "age": "20대"
            },
            "speechAct": "(단언) 주장하기",
            "morpheme": "키/NNG+키/NNG+애정/NNG+없/VA+으면/EC+힘들/VA+죠/EF+키/NNG+키/XSV+ETN"
          },
          {
            "id": 19,
            "text": "1 : 키키 진짜 이제야 알았네 키키",
            "norm_text": "키키 진짜 이제야 알았네 키키",
            "speaker": {
              "id": "1번",
              "sex": "남성",
              "age": "20대"
            },
            "speechAct": "(단언) 진술하기",
            "morpheme": "키/NNG+키/XSV+ETN+진짜/MAG+이제야/MAG+알/VV+았/EP+네/EF+키/NNG+키/XSV+ETN"
          },
          {
            "id": 20,
            "text": "2 : 키키 교육 아주 착실히 잘 받았나 보오",
            "norm_text": "키키 교육 아주 착실히 잘 받았나 보오",
            "speaker": {
              "id": "2번",
              "sex": "여성",
              "age": "20대"
            },
            "speechAct": "(단언) 주장하기",
            "morpheme": "키/NNG+키/NNG+교육/NNG+아주/MAG+착실히/MAG+잘/MAG+받/VV+았/EP+나/EC+보/VX+오/EC"
          }
        ]
      }
    }
  ]
}