{
  "dataset": {
    "identifier": 45765,
    "name": "KAKAO_922_20_set",
    "src_path": "/data/file/cubeManager/PROJECT001/53/txt20211005154147075145/KAKAO_922_20_set/",
    "label_path": "/data/file/cubeManager/PROJECT001/53/txt20211005154147075145/KAKAO_922_20_set/",
    "category": 2,
    "type": 0
  },
  "licenses": {
    "name": "Apache License 1.0",
    "url": "http://www.apache.org/licenses/LICENSE-1.0"
  },
  "info": [
    {
      "id": 41657,
      "filename": "KAKAO_922_20.txt",
      "title": "KAKAO_922_20",
      "mediatype": "SNS",
      "medianame": "카카오톡",
      "category": "일상대화",
      "date": "2021-10-05",
      "size": 567,
      "annotations": {
        "subject": "영화/만화",
        "speaker_type": "1:1",
        "size": 567,
        "word_size": 178,
        "text": "1 : 너는 제일 최근에 본 영화가 뭐야? 키키\n2 : 나 글쎄... 제목을 잘 기억 못하는 편이라 ㅠㅠ\n1 : 키키 아... 키키 나도 그런 편인데... 키키 아님 영화배우 누구 좋아해?\n2 : 딱히 누가 좋다! 이런 건 없는 것 같당\n1 : 키키 나랑 니랑 비슷한 점이 많네 키키\n2 : 오호 키키 또 내가 얼굴을 잘 못 외우거든... 이미지 바뀌면 누군지 몰겠음 ㅠ\n1 : 나는 차태현도 괜찮고 조진웅도 괜찮고 조승우도 괜찮은데 기준이 없지? 키키\n2 : 응ㅋㅋㅋ 차태현은 그 사랑 스토리땜에 멋있는듯\n1 : 아 그러네 키키 첫사랑이랑 결혼한 거라 그랬지? 키키\n2 : 응 10년 연애 했다 했나? 키키 그래서 나도 그게 로망이었었지\n1 : 오... 키키 지금 사귀는 오빠랑 평생 그러면 되지!\n2 : 오랜 연애 끝에 결혼 키키 지금 오빠는 일 년 전에 프로포즈 받았는데 뭐 하하\n1 : 아... 키키 그래도 여러명 만나 보는 게 좋다! 키키\n2 : 응 그게 맞지 키키 보는 눈이 바뀌는 듯!\n1 : 응응 다들 그렇게 얘기 하더라고 키키 물론 차태현처럼 첫사랑도 좋겠지만\n2 : 그 놈이 그놈이다 라는 말이 있던데 그건 아니라고 봄ㅋㅋ",
        "lines": [
          {
            "id": 1,
            "text": "1 : 너는 제일 최근에 본 영화가 뭐야? 키키",
            "norm_text": "너는 제일 최근에 본 영화가 뭐야? 키키",
            "speaker": {
              "id": "1번",
              "sex": "여성",
              "age": "30대"
            },
            "speechAct": "(지시) 질문하기",
            "morpheme": "너/NP+는/JX+제일/MAG+최근/NNG+에/JKB+본/VV+ETM+영화/NNG+가/JKS+뭐/NP+야/VCP+EF+키/NNG+키/XSV+ETN"
          },
          {
            "id": 2,
            "text": "2 : 나 글쎄... 제목을 잘 기억 못하는 편이라 ㅠㅠ",
            "norm_text": "나 글쎄... 제목을 잘 기억 못하는 편이라 ㅠㅠ",
            "speaker": {
              "id": "2번",
              "sex": "여성",
              "age": "30대"
            },
            "speechAct": "(단언) 주장하기",
            "morpheme": "나/NP+글쎄/IC+./SY+제목/NNG+을/JKO+잘/MAG+기억/NNG+못/MAG+하/VV+는/ETM+편/NNB+이/VCP+라/EC+ㅠㅠ/UNKNOWN"
          },
          {
            "id": 3,
            "text": "1 : 키키 아... 키키 나도 그런 편인데... 키키 아님 영화배우 누구 좋아해?",
            "norm_text": "키키 아... 키키 나도 그런 편인데... 키키 아님 영화배우 누구 좋아해?",
            "speaker": {
              "id": "1번",
              "sex": "여성",
              "age": "30대"
            },
            "speechAct": "(지시) 질문하기",
            "morpheme": "키/NNG+키/VV+아/EF+./SY+키/NNG+키나/XSA+ETN+JX+도/JX+그런/MM+편/NNB+인데/VCP+EC+./SY+./SY+키/NNG+키/XSV+ETN+아님/VCN+ETN+영화배우/NNG+누구/NP+좋/VA+아/EC+해/VX+EF"
          },
          {
            "id": 4,
            "text": "2 : 딱히 누가 좋다! 이런 건 없는 것 같당",
            "norm_text": "딱히 누가 좋다! 이런 건 없는 것 같당",
            "speaker": {
              "id": "2번",
              "sex": "여성",
              "age": "30대"
            },
            "speechAct": "(단언) 주장하기",
            "morpheme": "딱히/MAG+누가/NP+JKS+좋/VA+다/EF+이런/MM+건/NNB+JX+없/VA+는/ETM+것/NNB+같/VA+당/EF"
          },
          {
            "id": 5,
            "text": "1 : 키키 나랑 니랑 비슷한 점이 많네 키키",
            "norm_text": "키키 나랑 니랑 비슷한 점이 많네 키키",
            "speaker": {
              "id": "1번",
              "sex": "여성",
              "age": "30대"
            },
            "speechAct": "(단언) 주장하기",
            "morpheme": "키/NNG+키나/XSA+ETN+JX+랑/JC+니랑/NNG+비슷/XR+한/XSA+ETM+점/NNG+이/JKS+많/VA+네/EF+키/NNG+키/XSV+ETN"
          },
          {
            "id": 6,
            "text": "2 : 오호 키키 또 내가 얼굴을 잘 못 외우거든... 이미지 바뀌면 누군지 몰겠음 ㅠ",
            "norm_text": "오호 키키 또 내가 얼굴을 잘 못 외우거든... 이미지 바뀌면 누군지 몰겠음 ㅠ",
            "speaker": {
              "id": "2번",
              "sex": "여성",
              "age": "30대"
            },
            "speechAct": "(단언) 주장하기",
            "morpheme": "오호/IC+키/NNG+키/NNG+또/MAG+내/NP+가/JKS+얼굴/NNG+을/JKO+잘못/MAG+외우/VV+거든/EF+./SY+이미지/NNG+바뀌/VV+면/EC+누군지/NP+VCP+EC+몰/VV+겠/EP+음ㅠ/UNKNOWN"
          },
          {
            "id": 7,
            "text": "1 : 나는 차태현도 괜찮고 조진웅도 괜찮고 조승우도 괜찮은데 기준이 없지? 키키",
            "norm_text": "나는 차태현도 괜찮고 조진웅도 괜찮고 조승우도 괜찮은데 기준이 없지? 키키",
            "speaker": {
              "id": "1번",
              "sex": "여성",
              "age": "30대"
            },
            "speechAct": "(단언) 주장하기",
            "morpheme": "나/NP+는/JX+차태현/NNP+도/JX+괜찮/VA+고/EC+조진웅/NNP+도/JX+괜찮/VA+고/EC+조승우/NNP+도/JX+괜찮/VA+은데/EC+기준/NNG+이/JKS+없/VA+지/EF+키/NNG+키/XSV+ETN"
          },
          {
            "id": 8,
            "text": "2 : 응ㅋㅋㅋ 차태현은 그 사랑 스토리땜에 멋있는듯",
            "norm_text": "응ㅋㅋㅋ 차태현은 그 사랑 스토리땜에 멋있는듯",
            "speaker": {
              "id": "2번",
              "sex": "여성",
              "age": "30대"
            },
            "speechAct": "(단언) 주장하기",
            "morpheme": "응ㅋ/UNKNOWN+ㅋㅋ/UNKNOWN+차태현/NNP+은/JX+그/MM+사랑/NNG+스토리/NNG+땜/NNB+에/JKB+멋있/VA+는/ETM+듯/NNB"
          },
          {
            "id": 9,
            "text": "1 : 아 그러네 키키 첫사랑이랑 결혼한 거라 그랬지? 키키",
            "norm_text": "아 그러네 키키 첫사랑이랑 결혼한 거라 그랬지? 키키",
            "speaker": {
              "id": "1번",
              "sex": "여성",
              "age": "30대"
            },
            "speechAct": "(단언) 주장하기",
            "morpheme": "아/IC+그/IC+러네/NNP+키키/NNP+첫/MM+사랑/NNG+이랑/JKB+결혼/NNG+한/XSA+ETM+거/NNB+라/VCP+EC+그랬/VV+EP+지/EF+키/NNG+키/XSV+ETN"
          },
          {
            "id": 10,
            "text": "2 : 응 10년 연애 했다 했나? 키키 그래서 나도 그게 로망이었었지",
            "norm_text": "응 10년 연애 했다 했나? 키키 그래서 나도 그게 로망이었었지",
            "speaker": {
              "id": "2번",
              "sex": "여성",
              "age": "30대"
            },
            "speechAct": "(단언) 주장하기",
            "morpheme": "응/IC+10/SN+년/NNBC+연애/NNG+했/XSV+EP+다/EC+했/VX+EP+나/EF+키/NNG+키/XSV+ETN+그래서/MAJ+나/NP+도/JX+그게/NP+JKS+로망/NNG+이/VCP+었었/EP+지/EC"
          },
          {
            "id": 11,
            "text": "1 : 오... 키키 지금 사귀는 오빠랑 평생 그러면 되지!",
            "norm_text": "오... 키키 지금 사귀는 오빠랑 평생 그러면 되지!",
            "speaker": {
              "id": "1번",
              "sex": "여성",
              "age": "30대"
            },
            "speechAct": "(단언) 주장하기",
            "morpheme": "오/IC+./SY+키/NNG+키/NNG+지금/MAG+사귀/VV+는/ETM+오빠/NNG+랑/JKB+평생/MAG+그러/VV+면/EC+되/VV+지/EF"
          },
          {
            "id": 12,
            "text": "2 : 오랜 연애 끝에 결혼 키키 지금 오빠는 일 년 전에 프로포즈 받았는데 뭐 하하",
            "norm_text": "오랜 연애 끝에 결혼 키키 지금 오빠는 일 년 전에 프로포즈 받았는데 뭐 하하",
            "speaker": {
              "id": "2번",
              "sex": "여성",
              "age": "30대"
            },
            "speechAct": "(단언) 주장하기",
            "morpheme": "오랜/MM+연애/NNG+끝/NNG+에/JKB+결혼/NNG+키/NNG+키/NNG+지금/MAG+오빠/NNG+는/JX+일/NR+년/NNBC+전/NNG+에/JKB+프로/NNG+포즈/NNG+받/VV+았/EP+는데/EC+뭐/IC+하하/MAG"
          },
          {
            "id": 13,
            "text": "1 : 아... 키키 그래도 여러명 만나 보는 게 좋다! 키키",
            "norm_text": "아... 키키 그래도 여러명 만나 보는 게 좋다! 키키",
            "speaker": {
              "id": "1번",
              "sex": "여성",
              "age": "30대"
            },
            "speechAct": "(단언) 주장하기",
            "morpheme": "아/IC+./SY+키/NNG+키/XSV+ETN+그래도/MAJ+여러/MM+명/NNBC+만나/VV+EC+보/VX+는/ETM+게/NNB+JKS+좋/VA+다/EF+키/NNG+키/XSV+ETN"
          },
          {
            "id": 14,
            "text": "2 : 응 그게 맞지 키키 보는 눈이 바뀌는 듯!",
            "norm_text": "응 그게 맞지 키키 보는 눈이 바뀌는 듯!",
            "speaker": {
              "id": "2번",
              "sex": "여성",
              "age": "30대"
            },
            "speechAct": "(단언) 주장하기",
            "morpheme": "응/IC+그게/NP+JKS+맞/VV+지/EC+키/NNG+키/XSV+ETN+보/VV+는/ETM+눈/NNG+이/JKS+바뀌/VV+는/ETM+듯/NNB"
          },
          {
            "id": 15,
            "text": "1 : 응응 다들 그렇게 얘기 하더라고 키키 물론 차태현처럼 첫사랑도 좋겠지만",
            "norm_text": "응응 다들 그렇게 얘기 하더라고 키키 물론 차태현처럼 첫사랑도 좋겠지만",
            "speaker": {
              "id": "1번",
              "sex": "여성",
              "age": "30대"
            },
            "speechAct": "(단언) 주장하기",
            "morpheme": "응/IC+응/IC+다/MAG+들/XSN+그렇게/MAG+얘기/NNG+하/XSV+더라고/EC+키/NNG+키/XSV+ETN+물론/MAG+차태현/NNP+처럼/JKB+첫/MM+사랑/NNG+도/JX+좋/VA+겠/EP+지만/EC"
          },
          {
            "id": 16,
            "text": "2 : 그 놈이 그놈이다 라는 말이 있던데 그건 아니라고 봄ㅋㅋ",
            "norm_text": "그 놈이 그놈이다 라는 말이 있던데 그건 아니라고 봄ㅋㅋ",
            "speaker": {
              "id": "2번",
              "sex": "여성",
              "age": "30대"
            },
            "speechAct": "(단언) 주장하기",
            "morpheme": "그놈/NP+이/JKS+그/MM+놈/NNB+이/VCP+다/EF+라는/ETM+말/NNG+이/JKS+있/VV+던데/EC+그건/NP+JX+아니/VCN+라고/EC+봄/VX+ETN+ㅋㅋ/UNKNOWN"
          }
        ]
      }
    }
  ]
}