{
  "dataset": {
    "identifier": 33764,
    "name": "KAKAO_903_07_set",
    "src_path": "/data/file/cubeManager/PROJECT001/53/txt202110050957510681104/KAKAO_903_07_set/",
    "label_path": "/data/file/cubeManager/PROJECT001/53/txt202110050957510681104/KAKAO_903_07_set/",
    "category": 2,
    "type": 0
  },
  "licenses": {
    "name": "Apache License 1.0",
    "url": "http://www.apache.org/licenses/LICENSE-1.0"
  },
  "info": [
    {
      "id": 40786,
      "filename": "KAKAO_903_07.txt",
      "title": "KAKAO_903_07",
      "mediatype": "SNS",
      "medianame": "카카오톡",
      "category": "일상대화",
      "date": "2021-10-05",
      "size": 600,
      "annotations": {
        "subject": "가족",
        "speaker_type": "1:1",
        "size": 600,
        "word_size": 188,
        "text": "1 : 정말 너네 부모님은 그렇게 대단하시고 인자하신데 너는 왜...\n2 : 우리 엄마 아빠가 인자하니까 내가 닮은 거 아냐\n1 : 응 아니야 ! 아 이거 아닌가? 질문 형인 것 같아서 대답했는데 이거 맞지?\n2 : 아니. 질문형 아니였다 ^^ 난 있는 그대로 말 했을 뿐\n1 : 아닌디... 어휴 나는 우리 부모님 아래서 똑 닮은 내가 나왔는데 너는... 아니야 그만할 게 상처 받겠다 ㅠ\n2 : 야 나 우리 엄마 아빠랑 완전히 똑같아 다른 게 하나도 없어\n1 : 아녀... 너 동생은 착하고 예의도 바르고 그러던데\n2 : 맞아 그래서 내가 착하고 예의 바르지\n1 : 어쩜 동생이랑 누나도 이렇게 다를까 싶네 나는 ^^\n2 : 내가 아니라 너가 아닐까? 동생은 내 판박이거든 ^^\n1 : 아닌뎅 ... 동생 완전 착하잖아 너랑 다르게... 이게 가족이라고 다 닮는 게 아닌가 봐\n2 : 노노 너가 자세히 잘 안 봐서 그래 잘 봐바 한번\n1 : 아냐 확실해 왜 자꾸 부인해?\n2 : 부인한 적 없어 너가 잘못 알고 있는 거 같아서 다시 알려주려고 하는 거야 이것도 나름 교육의 일종이야 ^^\n1 : 이렇게 합리화 하지 마라 이건 가스라이팅이야\n2 : 가스라이팅 같은 소리 하네 어디서 또 주워들어와서",
        "lines": [
          {
            "id": 1,
            "text": "1 : 정말 너네 부모님은 그렇게 대단하시고 인자하신데 너는 왜...",
            "norm_text": "정말 너네 부모님은 그렇게 대단하시고 인자하신데 너는 왜...",
            "speaker": {
              "id": "1번",
              "sex": "여성",
              "age": "20대"
            },
            "speechAct": "(단언) 주장하기",
            "morpheme": "정말/MAG+너/NP+네/XSN+부모/NNG+님/XSN+은/JX+그렇게/MAG+대단/XR+하/XSA+시/EP+고/EC+인자/NNG+하/XSV+신데/EP+EC+너/NP+는/JX+왜/MAG+./SY"
          },
          {
            "id": 2,
            "text": "2 : 우리 엄마 아빠가 인자하니까 내가 닮은 거 아냐",
            "norm_text": "우리 엄마 아빠가 인자하니까 내가 닮은 거 아냐",
            "speaker": {
              "id": "2번",
              "sex": "여성",
              "age": "20대"
            },
            "speechAct": "(단언) 주장하기",
            "morpheme": "우리/NP+엄마/NNG+아빠/NNG+가/JKS+인자/XR+하/XSA+니까/EC+내/NP+가/JKS+닮/VV+은/ETM+거/NNB+아냐/VCN+EC"
          },
          {
            "id": 3,
            "text": "1 : 응 아니야 ! 아 이거 아닌가? 질문 형인 것 같아서 대답했는데 이거 맞지?",
            "norm_text": "응 아니야 ! 아 이거 아닌가? 질문 형인 것 같아서 대답했는데 이거 맞지?",
            "speaker": {
              "id": "1번",
              "sex": "여성",
              "age": "20대"
            },
            "speechAct": "(지시) 질문하기",
            "morpheme": "응/IC+아니야/IC+아/IC+이거/NP+아닌가/VCN+EF+질문/NNG+형/XSN+인/VCP+ETM+것/NNB+같/VA+아서/EC+대답/NNG+했/XSV+EP+는데/EC+이거/NP+맞/VV+지/EF"
          },
          {
            "id": 4,
            "text": "2 : 아니. 질문형 아니였다 ^^ 난 있는 그대로 말 했을 뿐",
            "norm_text": "아니. 질문형 아니였다 ^^ 난 있는 그대로 말 했을 뿐",
            "speaker": {
              "id": "2번",
              "sex": "여성",
              "age": "20대"
            },
            "speechAct": "(단언) 진술하기",
            "morpheme": "아니/IC+질문/NNG+형/XSN+아니/VCN+였/EP+다/EC+^/SY+^/SY+난/NP+JX+있/VA+는/ETM+그대로/MAG+말/NNG+했/XSV+EP+을/ETM+뿐/NNB"
          },
          {
            "id": 5,
            "text": "1 : 아닌디... 어휴 나는 우리 부모님 아래서 똑 닮은 내가 나왔는데 너는... 아니야 그만할 게 상처 받겠다 ㅠ",
            "norm_text": "아닌디... 어휴 나는 우리 부모님 아래서 똑 닮은 내가 나왔는데 너는... 아니야 그만할 게 상처 받겠다 ㅠ",
            "speaker": {
              "id": "1번",
              "sex": "여성",
              "age": "20대"
            },
            "speechAct": "(단언) 주장하기",
            "morpheme": "아닌디/VCN+EC+./SY+./SY+어휴/IC+나/NP+는/JX+우리/NP+부모/NNG+님/XSN+아래/NNG+서/JKB+똑/MAG+닮/VV+은/ETM+내/NP+가/JKS+나왔/VV+EP+는데/EC+너/NP+는/JX+./SY+아니야/IC+그만/MAG+할/VV+ETM+게/NNB+JKS+상처/NNG+받/VV+겠/EP+다ㅠ/UNKNOWN"
          },
          {
            "id": 6,
            "text": "2 : 야 나 우리 엄마 아빠랑 완전히 똑같아 다른 게 하나도 없어",
            "norm_text": "야 나 우리 엄마 아빠랑 완전히 똑같아 다른 게 하나도 없어",
            "speaker": {
              "id": "2번",
              "sex": "여성",
              "age": "20대"
            },
            "speechAct": "(단언) 주장하기",
            "morpheme": "야/IC+나/NP+우리/NP+엄마/NNG+아빠/NNG+랑/JKB+완전히/MAG+똑같/VA+아/EC+다른/MM+게/NNB+JKS+하나/NR+도/JX+없/VA+어/EC"
          },
          {
            "id": 7,
            "text": "1 : 아녀... 너 동생은 착하고 예의도 바르고 그러던데",
            "norm_text": "아녀... 너 동생은 착하고 예의도 바르고 그러던데",
            "speaker": {
              "id": "1번",
              "sex": "여성",
              "age": "20대"
            },
            "speechAct": "(단언) 주장하기",
            "morpheme": "아녀/VCN+EF+./SY+너/NP+동생/NNG+은/JX+착하/VA+고/EC+예의/NNG+도/JX+바르/VA+고/EC+그러/VV+던데/EC"
          },
          {
            "id": 8,
            "text": "2 : 맞아 그래서 내가 착하고 예의 바르지",
            "norm_text": "맞아 그래서 내가 착하고 예의 바르지",
            "speaker": {
              "id": "2번",
              "sex": "여성",
              "age": "20대"
            },
            "speechAct": "(단언) 주장하기",
            "morpheme": "맞아/IC+그래서/MAJ+내/NP+가/JKS+착하/VA+고/EC+예의/NNG+바르/VV+지/EC"
          },
          {
            "id": 9,
            "text": "1 : 어쩜 동생이랑 누나도 이렇게 다를까 싶네 나는 ^^",
            "norm_text": "어쩜 동생이랑 누나도 이렇게 다를까 싶네 나는 ^^",
            "speaker": {
              "id": "1번",
              "sex": "여성",
              "age": "20대"
            },
            "speechAct": "(단언) 주장하기",
            "morpheme": "어쩜/MAJ+동생/NNG+이랑/JKB+누나/NNG+도/JX+이렇게/MAG+다를까/VA+EC+싶/VX+네/EF+나/NP+는/JX+^/SY+^/SY"
          },
          {
            "id": 10,
            "text": "2 : 내가 아니라 너가 아닐까? 동생은 내 판박이거든 ^^",
            "norm_text": "내가 아니라 너가 아닐까? 동생은 내 판박이거든 ^^",
            "speaker": {
              "id": "2번",
              "sex": "여성",
              "age": "20대"
            },
            "speechAct": "(단언) 주장하기",
            "morpheme": "내/NP+가/JKS+아니/VCN+라/EC+너/NP+가/JKS+아닐까/VCN+EF+동생/NNG+은/JX+내판/NNP+박/NNP+이/JKS+거든/VV+EC+^/SY+^/SY"
          },
          {
            "id": 11,
            "text": "1 : 아닌뎅 ... 동생 완전 착하잖아 너랑 다르게... 이게 가족이라고 다 닮는 게 아닌가 봐",
            "norm_text": "아닌뎅 ... 동생 완전 착하잖아 너랑 다르게... 이게 가족이라고 다 닮는 게 아닌가 봐",
            "speaker": {
              "id": "1번",
              "sex": "여성",
              "age": "20대"
            },
            "speechAct": "(단언) 주장하기",
            "morpheme": "아닌/VCN+ETM+뎅/MAG+./SY+동생/NNG+완전/NNG+착하/VA+잖아/EF+너/NP+랑/JKB+다르/VA+게/EC+./SY+./SY+이게/NP+JKS+가족/NNG+이/VCP+라고/EC+다/MAG+닮/VV+는/ETM+게/NNB+JKC+아닌가/VCN+EC+봐/VX+EC"
          },
          {
            "id": 12,
            "text": "2 : 노노 너가 자세히 잘 안 봐서 그래 잘 봐바 한번",
            "norm_text": "노노 너가 자세히 잘 안 봐서 그래 잘 봐바 한번",
            "speaker": {
              "id": "2번",
              "sex": "여성",
              "age": "20대"
            },
            "speechAct": "(지시) 충고/제안하기",
            "morpheme": "노노/IC+너/NP+가/JKS+자세히/MAG+잘/MAG+안/MAG+봐서/VV+EC+그래/IC+잘/MAG+봐/VV+바/EC+한/MM+번/NNBC"
          },
          {
            "id": 13,
            "text": "1 : 아냐 확실해 왜 자꾸 부인해?",
            "norm_text": "아냐 확실해 왜 자꾸 부인해?",
            "speaker": {
              "id": "1번",
              "sex": "여성",
              "age": "20대"
            },
            "speechAct": "(지시) 질문하기",
            "morpheme": "아냐/IC+확실/XR+해/XSA+EF+왜/MAG+자꾸/MAG+부인/NNG+해/XSV+EF"
          },
          {
            "id": 14,
            "text": "2 : 부인한 적 없어 너가 잘못 알고 있는 거 같아서 다시 알려주려고 하는 거야 이것도 나름 교육의 일종이야 ^^",
            "norm_text": "부인한 적 없어 너가 잘못 알고 있는 거 같아서 다시 알려주려고 하는 거야 이것도 나름 교육의 일종이야 ^^",
            "speaker": {
              "id": "2번",
              "sex": "여성",
              "age": "20대"
            },
            "speechAct": "(단언) 주장하기",
            "morpheme": "부인/NNG+한/XSA+ETM+적/NNB+없/VA+어/EC+너/NP+가/JKS+잘못/MAG+알/VV+고/EC+있/VX+는/ETM+거/NNB+같/VA+아서/EC+다시/MAG+알려/VV+EC+주/VX+려고/EC+하/VV+는/ETM+거/NNB+야/VCP+EF+이것/NP+도/JX+나름/NNB+교육/NNG+의/JKG+일종/NNG+이/VCP+야/EC+^/SY+^/SY"
          },
          {
            "id": 15,
            "text": "1 : 이렇게 합리화 하지 마라 이건 가스라이팅이야",
            "norm_text": "이렇게 합리화 하지 마라 이건 가스라이팅이야",
            "speaker": {
              "id": "1번",
              "sex": "여성",
              "age": "20대"
            },
            "speechAct": "(지시) 부탁하기",
            "morpheme": "이렇게/MAG+합리/NNG+화/XSN+하/XSV+지/EC+마/VX+라/EC+이건/NP+JX+가스/NNG+라이팅/NNG+이/VCP+야/EC"
          },
          {
            "id": 16,
            "text": "2 : 가스라이팅 같은 소리 하네 어디서 또 주워들어와서",
            "norm_text": "가스라이팅 같은 소리 하네 어디서 또 주워들어와서",
            "speaker": {
              "id": "2번",
              "sex": "여성",
              "age": "20대"
            },
            "speechAct": "(단언) 주장하기",
            "morpheme": "가스/NNG+라이팅/NNG+같/VA+은/ETM+소리/NNG+하/XSA+네/EF+어디/NP+서/JKB+또/MAG+주워들/VV+어/EC+와서/VV+EC"
          }
        ]
      }
    }
  ]
}