{
  "dataset": {
    "identifier": 63464,
    "name": "KAKAO_909_01_set",
    "src_path": "/data/file/cubeManager/PROJECT001/53/txt20211005154109078027/KAKAO_909_01_set/",
    "label_path": "/data/file/cubeManager/PROJECT001/53/txt20211005154109078027/KAKAO_909_01_set/",
    "category": 2,
    "type": 0
  },
  "licenses": {
    "name": "Apache License 1.0",
    "url": "http://www.apache.org/licenses/LICENSE-1.0"
  },
  "info": [
    {
      "id": 41578,
      "filename": "KAKAO_909_01.txt",
      "title": "KAKAO_909_01",
      "mediatype": "SNS",
      "medianame": "카카오톡",
      "category": "일상대화",
      "date": "2021-10-05",
      "size": 420,
      "annotations": {
        "subject": "식음료",
        "speaker_type": "1:1",
        "size": 420,
        "word_size": 131,
        "text": "1 : 지금 어디쯤이야? 나 곧 문화전당역이야\n2 : 나 지금 백화점 앞이야! 언니 거기서 내려?\n1 : 응응 나 문화전당에서 내렸어\n2 : 그럼 우체국에서 만나자\n1 : 알겠어! 우리 바로 밥 먹을거야? 아님 카페 갈까?\n2 : 아직 밥 먹기엔 시간이 이르니까 카페 갈까?\n1 : 응응 그럼 공차? 스타벅스?\n2 : 나 스타벅스 기프티콘 있으니까 그거 쓰자\n1 : 오오오오 좋아 좋아 그럼 밥은 내가 살게\n2 : 이거 아메리카노 2개에 케이크 쿠폰이니까 음료 바꿔도 돼\n1 : 나는 아메리카노 좋아해 키키\n2 : 그럼 만나서 케이크만 정하자!\n2 : 근데 나 우체국인데 어디야?\n1 : ? 우체국에 너 없길래 나 백화점쪽으로 걸어가고 있었는데 키키\n2 : 아 이런 나 잠깐 ATM 갔었는데 그때 엇갈렸나봐 ㅠ\n1 : 나 다시 우체국쪽으로 가고 있어\n2 : 알겠어! 가만히 있을게",
        "lines": [
          {
            "id": 1,
            "text": "1 : 지금 어디쯤이야? 나 곧 문화전당역이야",
            "norm_text": "지금 어디쯤이야? 나 곧 문화전당역이야",
            "speaker": {
              "id": "1번",
              "sex": "여성",
              "age": "20대"
            },
            "speechAct": "(지시) 질문하기",
            "morpheme": "지금/MAG+어디/NP+쯤/XSN+이/VCP+야/EF+나/NP+곧/MAG+문화전당역/NNP+이/VCP+야/EC"
          },
          {
            "id": 2,
            "text": "2 : 나 지금 백화점 앞이야! 언니 거기서 내려?",
            "norm_text": "나 지금 백화점 앞이야! 언니 거기서 내려?",
            "speaker": {
              "id": "2번",
              "sex": "여성",
              "age": "20대"
            },
            "speechAct": "(지시) 질문하기",
            "morpheme": "나/NP+지금/MAG+백화점/NNG+앞/NNG+이/VCP+야/EF+언니/NNG+거기/NP+서/JKB+내려/VV+EF"
          },
          {
            "id": 3,
            "text": "1 : 응응 나 문화전당에서 내렸어",
            "norm_text": "응응 나 문화전당에서 내렸어",
            "speaker": {
              "id": "1번",
              "sex": "여성",
              "age": "20대"
            },
            "speechAct": "(단언) 진술하기",
            "morpheme": "응/IC+응/IC+나/NP+문화/NNG+전당/NNG+에서/JKB+내렸/VV+EP+어/EC"
          },
          {
            "id": 4,
            "text": "2 : 그럼 우체국에서 만나자",
            "norm_text": "그럼 우체국에서 만나자",
            "speaker": {
              "id": "2번",
              "sex": "여성",
              "age": "20대"
            },
            "speechAct": "(단언) 주장하기",
            "morpheme": "그럼/MAJ+우체국/NNG+에서/JKB+만나/VV+자/EC"
          },
          {
            "id": 5,
            "text": "1 : 알겠어! 우리 바로 밥 먹을거야? 아님 카페 갈까?",
            "norm_text": "알겠어! 우리 바로 밥 먹을거야? 아님 카페 갈까?",
            "speaker": {
              "id": "1번",
              "sex": "여성",
              "age": "20대"
            },
            "speechAct": "(지시) 질문하기",
            "morpheme": "알/VV+겠/EP+어/EF+우리/NP+바로/MAG+밥/NNG+먹/VV+을/ETM+거/NNB+야/VCP+EF+아님/MAJ+카페/NNG+갈까/VV+EF"
          },
          {
            "id": 6,
            "text": "2 : 아직 밥 먹기엔 시간이 이르니까 카페 갈까?",
            "norm_text": "아직 밥 먹기엔 시간이 이르니까 카페 갈까?",
            "speaker": {
              "id": "2번",
              "sex": "여성",
              "age": "20대"
            },
            "speechAct": "(지시) 충고/제안하기",
            "morpheme": "아직/MAG+밥/NNG+먹/VV+기/ETN+엔/JKB+JX+시간/NNG+이/JKS+이르/VV+니까/EC+카페/NNG+갈까/VV+EF"
          },
          {
            "id": 7,
            "text": "1 : 응응 그럼 공차? 스타벅스?",
            "norm_text": "응응 그럼 공차? 스타벅스?",
            "speaker": {
              "id": "1번",
              "sex": "여성",
              "age": "20대"
            },
            "speechAct": "(지시) 질문하기",
            "morpheme": "응/IC+응/IC+그럼/MAJ+공차/NNG+?/SY+스타/NNG+벅스/NNP"
          },
          {
            "id": 8,
            "text": "2 : 나 스타벅스 기프티콘 있으니까 그거 쓰자",
            "norm_text": "나 스타벅스 기프티콘 있으니까 그거 쓰자",
            "speaker": {
              "id": "2번",
              "sex": "여성",
              "age": "20대"
            },
            "speechAct": "(지시) 충고/제안하기",
            "morpheme": "나/NP+스타벅/NNP+스기/NNP+프티/NNG+콘/NNG+있/VV+으니까/EC+그거/NP+쓰/VV+자/EC"
          },
          {
            "id": 9,
            "text": "1 : 오오오오 좋아 좋아 그럼 밥은 내가 살게",
            "norm_text": "오오오오 좋아 좋아 그럼 밥은 내가 살게",
            "speaker": {
              "id": "1번",
              "sex": "여성",
              "age": "20대"
            },
            "speechAct": "(단언) 주장하기",
            "morpheme": "오/NR+오/NR+오/NR+오/NR+좋/VA+아/EC+좋/VA+아/EC+그럼/MAJ+밥/NNG+은/JX+내/NP+가/JKS+살/VV+게/EC"
          },
          {
            "id": 10,
            "text": "2 : 이거 아메리카노 2개에 케이크 쿠폰이니까 음료 바꿔도 돼",
            "norm_text": "이거 아메리카노 2개에 케이크 쿠폰이니까 음료 바꿔도 돼",
            "speaker": {
              "id": "2번",
              "sex": "여성",
              "age": "20대"
            },
            "speechAct": "(단언) 진술하기",
            "morpheme": "이거/NP+아메리카노/NNP+2/SN+개/NNBC+에/JKB+케이크/NNG+쿠폰/NNG+이/VCP+니까/EC+음료/NNG+바꿔도/VV+EC+돼/VV+EC"
          },
          {
            "id": 11,
            "text": "1 : 나는 아메리카노 좋아해 키키",
            "norm_text": "나는 아메리카노 좋아해 키키",
            "speaker": {
              "id": "1번",
              "sex": "여성",
              "age": "20대"
            },
            "speechAct": "(단언) 주장하기",
            "morpheme": "나/NP+는/JX+아메리카노/NNP+좋아해/VV+EC+키/NNG+키/XSV+ETN"
          },
          {
            "id": 12,
            "text": "2 : 그럼 만나서 케이크만 정하자!",
            "norm_text": "그럼 만나서 케이크만 정하자!",
            "speaker": {
              "id": "2번",
              "sex": "여성",
              "age": "20대"
            },
            "speechAct": "(단언) 주장하기",
            "morpheme": "그럼/MAJ+만나/VV+서/EC+케이크/NNG+만/JX+정하/VV+자/EF"
          },
          {
            "id": 13,
            "text": "2 : 근데 나 우체국인데 어디야?",
            "norm_text": "근데 나 우체국인데 어디야?",
            "speaker": {
              "id": "2번",
              "sex": "여성",
              "age": "20대"
            },
            "speechAct": "(지시) 질문하기",
            "morpheme": "근데/MAJ+나/NP+우체국/NNG+인데/VCP+EC+어디/NP+야/VCP+EF"
          },
          {
            "id": 14,
            "text": "1 : ? 우체국에 너 없길래 나 백화점쪽으로 걸어가고 있었는데 키키",
            "norm_text": "? 우체국에 너 없길래 나 백화점쪽으로 걸어가고 있었는데 키키",
            "speaker": {
              "id": "1번",
              "sex": "여성",
              "age": "20대"
            },
            "speechAct": "(단언) 진술하기",
            "morpheme": "?/SY+우체국/NNG+에/JKB+너/NP+없/VA+길래/EC+나/NP+백화점/NNG+쪽/NNB+으로/JKB+걸어가/VV+고/EC+있/VX+었/EP+는데/EC+키/NNG+키/XSV+ETN"
          },
          {
            "id": 15,
            "text": "2 : 아 이런 나 잠깐 ATM 갔었는데 그때 엇갈렸나봐 ㅠ",
            "norm_text": "아 이런 나 잠깐 ATM 갔었는데 그때 엇갈렸나봐 ㅠ",
            "speaker": {
              "id": "2번",
              "sex": "여성",
              "age": "20대"
            },
            "speechAct": "(단언) 주장하기",
            "morpheme": "아/IC+이런/MM+나/NP+잠깐/MAG+ATM/SL+갔었/VV+EP+는데/EC+그때/NNG+엇갈렸/VV+EP+나/EC+봐/VX+EF+ㅠ/UNKNOWN"
          },
          {
            "id": 16,
            "text": "1 : 나 다시 우체국쪽으로 가고 있어",
            "norm_text": "나 다시 우체국쪽으로 가고 있어",
            "speaker": {
              "id": "1번",
              "sex": "여성",
              "age": "20대"
            },
            "speechAct": "(단언) 진술하기",
            "morpheme": "나/NP+다시/MAG+우체국/NNG+쪽/NNB+으로/JKB+가/VV+고/EC+있/VX+어/EC"
          },
          {
            "id": 17,
            "text": "2 : 알겠어! 가만히 있을게",
            "norm_text": "알겠어! 가만히 있을게",
            "speaker": {
              "id": "2번",
              "sex": "여성",
              "age": "20대"
            },
            "speechAct": "(단언) 주장하기",
            "morpheme": "알/VV+겠/EP+어/EF+가만히/MAG+있/VV+을/ETM+게/NNB+JKS"
          }
        ]
      }
    }
  ]
}