{
  "dataset": {
    "identifier": 44624,
    "name": "KAKAO_910_11_set",
    "src_path": "/data/file/cubeManager/PROJECT001/53/txt20211005154828073337/KAKAO_910_11_set/",
    "label_path": "/data/file/cubeManager/PROJECT001/53/txt20211005154828073337/KAKAO_910_11_set/",
    "category": 2,
    "type": 0
  },
  "licenses": {
    "name": "Apache License 1.0",
    "url": "http://www.apache.org/licenses/LICENSE-1.0"
  },
  "info": [
    {
      "id": 41688,
      "filename": "KAKAO_910_11.txt",
      "title": "KAKAO_910_11",
      "mediatype": "SNS",
      "medianame": "카카오톡",
      "category": "일상대화",
      "date": "2021-10-05",
      "size": 893,
      "annotations": {
        "subject": "게임",
        "speaker_type": "다자간 대화",
        "size": 893,
        "word_size": 273,
        "text": "1 : 저 요새 좋아하는 게임이 생겨서 매일 하고 있어요\n2 : 아 정말요? 전 게임이라곤 테트리스밖에 몰라요\n3 : 테트리스요? 하하 정말 옛날 게임인데 재미있긴 하죠\n1 : 테트리스는 옛날 오락실에서 하던 게임 아니에요?\n2 : 맞아요 저 학교 다닐 때는 오락실이 많았는데 요새는 PC방이 있죠\n3 : 전 오락실 한 번도 못 가봤는데 가보고 싶어요\n1 : 오락실 가면 엄마한테 안 혼났어요?\n2 : 엄마 몰래 가야죠\n2 : 한번은 어두운 오락실에서 친구랑 너무 오래 오락 하다가 밖에 나오니까 핑 돌더라구요\n3 : 하하 언니는 공부만 한 줄 알았는데 놀기도 하셨군요!\n1 : 저 오락실에서 하던 게임 중에 버블버블 알아요\n2 : 앗 저 그 게임 진짜 많이 했어요!\n2 : 거품 터뜨리는 게 중독성이 있죠\n3 : 저도 그거 알아요\n3 : 공룡처럼 생긴 캐릭터 나오는 게임이잖아요\n1 : 요새는 그런 것보다 스케일이 큰 게임이 많아요\n2 : 맞아요 그런 게임은 귀여운 축에 들더라구요\n3 : 언니는 요새 게임은 한 번도 안 해보셨어요?\n1 : 전 좋아해서 가끔 하는데 요새는 시간이 없어서 못 했어요\n2 : 전 모니터를 오래 들여다 보면 눈이 아프고 피곤해져서...\n2 : 사촌 동생 보니까 집에 없거나 밤에 잘 때도 컴퓨터를 돌리더라구요 무슨 게임인지 몰라도요\n3 : 맞아요 그렇게 하는 사람들도 있어요\n3 : 전 그 정도까진 아니고 그냥 심심풀이로 하는 정도라서요\n1 : 전 남자친구랑 가끔 게임 내기 해서 맛있는 거 사주기 해요\n2 : 한참 스타크래프트가 유명했는데 요새는 안 해요?\n3 : 그건 한물 간 게임이고 요새는 별별 게임이 많이 나와요\n1 : 저 스타크래프트 진짜 잘하는데 키키 나중에 같이 해보실래요?\n2 : 아뇨 키키 전 게임은 별로 안 좋아해요\n3 : 그것도 못하신단 말이에요?\n3 : 제 주위에 그거 못하는 사람 거의 없는데",
        "lines": [
          {
            "id": 1,
            "text": "1 : 저 요새 좋아하는 게임이 생겨서 매일 하고 있어요",
            "norm_text": "저 요새 좋아하는 게임이 생겨서 매일 하고 있어요",
            "speaker": {
              "id": "1번",
              "sex": "여성",
              "age": "30대"
            },
            "speechAct": "(단언) 진술하기",
            "morpheme": "저/MM+요새/NNG+좋/VA+아/EC+하/VV+는/ETM+게임/NNG+이/JKS+생겨서/VV+EC+매일/NNG+하/XSV+고/EC+있/VX+어요/EF"
          },
          {
            "id": 2,
            "text": "2 : 아 정말요? 전 게임이라곤 테트리스밖에 몰라요",
            "norm_text": "아 정말요? 전 게임이라곤 테트리스밖에 몰라요",
            "speaker": {
              "id": "2번",
              "sex": "여성",
              "age": "40대"
            },
            "speechAct": "(단언) 주장하기",
            "morpheme": "아/IC+정말/MAG+요/JX+전/MM+게임/NNG+이/VCP+라곤/EC+JX+테트리스/NNP+밖에/JX+몰라요/VV+EC"
          },
          {
            "id": 3,
            "text": "3 : 테트리스요? 하하 정말 옛날 게임인데 재미있긴 하죠",
            "norm_text": "테트리스요? 하하 정말 옛날 게임인데 재미있긴 하죠",
            "speaker": {
              "id": "3번",
              "sex": "여성",
              "age": "10대"
            },
            "speechAct": "(단언) 주장하기",
            "morpheme": "테트리스/NNP+요/JX+하하/MAG+정말/MAG+옛날/NNG+게임/NNG+인데/VCP+EC+재미있/VA+긴/ETN+JX+하/VX+죠/EF"
          },
          {
            "id": 4,
            "text": "1 : 테트리스는 옛날 오락실에서 하던 게임 아니에요?",
            "norm_text": "테트리스는 옛날 오락실에서 하던 게임 아니에요?",
            "speaker": {
              "id": "1번",
              "sex": "여성",
              "age": "30대"
            },
            "speechAct": "(지시) 질문하기",
            "morpheme": "테트리스/NNP+는/JX+옛날/NNG+오락실/NNG+에서/JKB+하/VV+던/ETM+게임/NNG+아니/VCN+에요/EF"
          },
          {
            "id": 5,
            "text": "2 : 맞아요 저 학교 다닐 때는 오락실이 많았는데 요새는 PC방이 있죠",
            "norm_text": "맞아요 저 학교 다닐 때는 오락실이 많았는데 요새는 PC방이 있죠",
            "speaker": {
              "id": "2번",
              "sex": "여성",
              "age": "40대"
            },
            "speechAct": "(단언) 진술하기",
            "morpheme": "맞/VV+아요/EF+저/MM+학교/NNG+다닐/VV+ETM+때/NNG+는/JX+오락실/NNG+이/JKS+많/VA+았/EP+는데/EC+요새/NNG+는/JX+PC/SL+방/NNG+이/JKS+있/VA+죠/EF"
          },
          {
            "id": 6,
            "text": "3 : 전 오락실 한 번도 못 가봤는데 가보고 싶어요",
            "norm_text": "전 오락실 한 번도 못 가봤는데 가보고 싶어요",
            "speaker": {
              "id": "3번",
              "sex": "여성",
              "age": "10대"
            },
            "speechAct": "(단언) 주장하기",
            "morpheme": "전/MM+오락실/NNG+한/MM+번/NNBC+도/JX+못/MAG+가/VV+EC+봤/VX+EP+는데/EC+가/JKS+보/VV+고/EC+싶/VX+어요/EF"
          },
          {
            "id": 7,
            "text": "1 : 오락실 가면 엄마한테 안 혼났어요?",
            "norm_text": "오락실 가면 엄마한테 안 혼났어요?",
            "speaker": {
              "id": "1번",
              "sex": "여성",
              "age": "30대"
            },
            "speechAct": "(지시) 질문하기",
            "morpheme": "오락실/NNG+가/VV+면/EC+엄마/NNG+한테/JKB+안/MAG+혼났/VV+EP+어요/EF"
          },
          {
            "id": 8,
            "text": "2 : 엄마 몰래 가야죠",
            "norm_text": "엄마 몰래 가야죠",
            "speaker": {
              "id": "2번",
              "sex": "여성",
              "age": "40대"
            },
            "speechAct": "(단언) 주장하기",
            "morpheme": "엄마/NNG+몰래/MAG+가/VV+야죠/EF"
          },
          {
            "id": 9,
            "text": "2 : 한번은 어두운 오락실에서 친구랑 너무 오래 오락 하다가 밖에 나오니까 핑 돌더라구요",
            "norm_text": "한번은 어두운 오락실에서 친구랑 너무 오래 오락 하다가 밖에 나오니까 핑 돌더라구요",
            "speaker": {
              "id": "2번",
              "sex": "여성",
              "age": "40대"
            },
            "speechAct": "(단언) 진술하기",
            "morpheme": "한/MM+번/NNBC+은/JX+어두운/VA+ETM+오락실/NNG+에서/JKB+친구/NNG+랑/JKB+너무/MAG+오래/MAG+오락/NNG+하/XSV+다가/EC+밖/NNG+에/JKB+나오/VV+니까/EC+핑/MAG+돌/VV+더라구요/EC"
          },
          {
            "id": 10,
            "text": "3 : 하하 언니는 공부만 한 줄 알았는데 놀기도 하셨군요!",
            "norm_text": "하하 언니는 공부만 한 줄 알았는데 놀기도 하셨군요!",
            "speaker": {
              "id": "3번",
              "sex": "여성",
              "age": "10대"
            },
            "speechAct": "(단언) 진술하기",
            "morpheme": "하하/MAG+언니/NNG+는/JX+공부/NNG+만한/XSA+ETM+줄/NNB+알/VV+았/EP+는데/EC+놀/VV+기/ETN+도/JX+하/VV+셨/EP+EP+군요/EF"
          },
          {
            "id": 11,
            "text": "1 : 저 오락실에서 하던 게임 중에 버블버블 알아요",
            "norm_text": "저 오락실에서 하던 게임 중에 버블버블 알아요",
            "speaker": {
              "id": "1번",
              "sex": "여성",
              "age": "30대"
            },
            "speechAct": "(단언) 진술하기",
            "morpheme": "저/MM+오락실/NNG+에서/JKB+하/VV+던/ETM+게임/NNG+중/NNB+에/JKB+버블/NNG+버블/NNG+알/VV+아요/EC"
          },
          {
            "id": 12,
            "text": "2 : 앗 저 그 게임 진짜 많이 했어요!",
            "norm_text": "앗 저 그 게임 진짜 많이 했어요!",
            "speaker": {
              "id": "2번",
              "sex": "여성",
              "age": "40대"
            },
            "speechAct": "(단언) 진술하기",
            "morpheme": "앗/IC+저/IC+그/MM+게임/NNG+진짜/MAG+많이/MAG+했/VV+EP+어요/EF"
          },
          {
            "id": 13,
            "text": "2 : 거품 터뜨리는 게 중독성이 있죠",
            "norm_text": "거품 터뜨리는 게 중독성이 있죠",
            "speaker": {
              "id": "2번",
              "sex": "여성",
              "age": "40대"
            },
            "speechAct": "(단언) 주장하기",
            "morpheme": "거품/NNG+터뜨리/VV+는/ETM+게/NNB+JKS+중독/NNG+성/XSN+이/JKS+있/VA+죠/EF"
          },
          {
            "id": 14,
            "text": "3 : 저도 그거 알아요",
            "norm_text": "저도 그거 알아요",
            "speaker": {
              "id": "3번",
              "sex": "여성",
              "age": "10대"
            },
            "speechAct": "(단언) 주장하기",
            "morpheme": "저/NP+도/JX+그거/NP+알/VV+아요/EC"
          },
          {
            "id": 15,
            "text": "3 : 공룡처럼 생긴 캐릭터 나오는 게임이잖아요",
            "norm_text": "공룡처럼 생긴 캐릭터 나오는 게임이잖아요",
            "speaker": {
              "id": "3번",
              "sex": "여성",
              "age": "10대"
            },
            "speechAct": "(단언) 진술하기",
            "morpheme": "공룡/NNG+처럼/JKB+생긴/VV+ETM+캐릭터/NNG+나오/VV+는/ETM+게임/NNG+이/VCP+잖아요/EC"
          },
          {
            "id": 16,
            "text": "1 : 요새는 그런 것보다 스케일이 큰 게임이 많아요",
            "norm_text": "요새는 그런 것보다 스케일이 큰 게임이 많아요",
            "speaker": {
              "id": "1번",
              "sex": "여성",
              "age": "30대"
            },
            "speechAct": "(단언) 진술하기",
            "morpheme": "요새/NNG+는/JX+그런/MM+것/NNB+보다/JKB+스케일/NNG+이/JKS+큰/VA+ETM+게임/NNG+이/JKS+많/VA+아요/EC"
          },
          {
            "id": 17,
            "text": "2 : 맞아요 그런 게임은 귀여운 축에 들더라구요",
            "norm_text": "맞아요 그런 게임은 귀여운 축에 들더라구요",
            "speaker": {
              "id": "2번",
              "sex": "여성",
              "age": "40대"
            },
            "speechAct": "(단언) 주장하기",
            "morpheme": "맞/VV+아요/EF+그런/MM+게임/NNG+은/JX+귀여운/VA+ETM+축/NNB+에/JKB+들/VV+더라구요/EC"
          },
          {
            "id": 18,
            "text": "3 : 언니는 요새 게임은 한 번도 안 해보셨어요?",
            "norm_text": "언니는 요새 게임은 한 번도 안 해보셨어요?",
            "speaker": {
              "id": "3번",
              "sex": "여성",
              "age": "10대"
            },
            "speechAct": "(지시) 질문하기",
            "morpheme": "언니/NNG+는/JX+요새/NNG+게임/NNG+은/JX+한/MM+번/NNBC+도/JX+안/MAG+해/VV+EC+보/VX+셨/EP+EP+어요/EF"
          },
          {
            "id": 19,
            "text": "1 : 전 좋아해서 가끔 하는데 요새는 시간이 없어서 못 했어요",
            "norm_text": "전 좋아해서 가끔 하는데 요새는 시간이 없어서 못 했어요",
            "speaker": {
              "id": "1번",
              "sex": "여성",
              "age": "30대"
            },
            "speechAct": "(단언) 진술하기",
            "morpheme": "전/MM+좋/VA+아/EC+해서/VV+EC+가끔/MAG+하/VV+는데/EC+요새/NNG+는/JX+시간/NNG+이/JKS+없/VA+어서/EC+못했/VX+EP+어요/EF"
          },
          {
            "id": 20,
            "text": "2 : 전 모니터를 오래 들여다 보면 눈이 아프고 피곤해져서...",
            "norm_text": "전 모니터를 오래 들여다 보면 눈이 아프고 피곤해져서...",
            "speaker": {
              "id": "2번",
              "sex": "여성",
              "age": "40대"
            },
            "speechAct": "(단언) 진술하기",
            "morpheme": "전/MM+모니터/NNG+를/JKO+오래/MAG+들여다보/VV+면/EC+눈/NNG+이/JKS+아프/VA+고/EC+피곤/NNG+해져서/XSA+EC+VX+EF+./SY"
          },
          {
            "id": 21,
            "text": "2 : 사촌 동생 보니까 집에 없거나 밤에 잘 때도 컴퓨터를 돌리더라구요 무슨 게임인지 몰라도요",
            "norm_text": "사촌 동생 보니까 집에 없거나 밤에 잘 때도 컴퓨터를 돌리더라구요 무슨 게임인지 몰라도요",
            "speaker": {
              "id": "2번",
              "sex": "여성",
              "age": "40대"
            },
            "speechAct": "(단언) 진술하기",
            "morpheme": "사촌/NNG+동생/NNG+보/VV+니까/EC+집/NNG+에/JKB+없/VA+거나/EC+밤/NNG+에/JKB+잘/MAG+때/NNG+도/JX+컴퓨터/NNG+를/JKO+돌리/VV+더라구요/EF+무슨/MM+게임/NNG+인지/VCP+EC+몰라도/VV+EC+요/JX"
          },
          {
            "id": 22,
            "text": "3 : 맞아요 그렇게 하는 사람들도 있어요",
            "norm_text": "맞아요 그렇게 하는 사람들도 있어요",
            "speaker": {
              "id": "3번",
              "sex": "여성",
              "age": "10대"
            },
            "speechAct": "(단언) 진술하기",
            "morpheme": "맞/VV+아요/EF+그렇게/MAG+하/VV+는/ETM+사람/NNG+들/XSN+도/JX+있/VA+어요/EF"
          },
          {
            "id": 23,
            "text": "3 : 전 그 정도까진 아니고 그냥 심심풀이로 하는 정도라서요",
            "norm_text": "전 그 정도까진 아니고 그냥 심심풀이로 하는 정도라서요",
            "speaker": {
              "id": "3번",
              "sex": "여성",
              "age": "10대"
            },
            "speechAct": "(단언) 주장하기",
            "morpheme": "전/MM+그/MM+정도/NNG+까진/JX+JX+아니/VCN+고/EC+그냥/MAG+심심풀이/NNG+로/JKB+하/VV+는/ETM+정도/NNG+라서요/VCP+EC"
          },
          {
            "id": 24,
            "text": "1 : 전 남자친구랑 가끔 게임 내기 해서 맛있는 거 사주기 해요",
            "norm_text": "전 남자친구랑 가끔 게임 내기 해서 맛있는 거 사주기 해요",
            "speaker": {
              "id": "1번",
              "sex": "여성",
              "age": "30대"
            },
            "speechAct": "(단언) 진술하기",
            "morpheme": "전/MM+남자/NNG+친구/NNG+랑/JKB+가끔/MAG+게임/NNG+내기/NNG+해서/XSV+EC+맛있/VA+는/ETM+거/NNB+사/VV+EC+주/VX+기/ETN+해요/VV+EC"
          },
          {
            "id": 25,
            "text": "2 : 한참 스타크래프트가 유명했는데 요새는 안 해요?",
            "norm_text": "한참 스타크래프트가 유명했는데 요새는 안 해요?",
            "speaker": {
              "id": "2번",
              "sex": "여성",
              "age": "40대"
            },
            "speechAct": "(지시) 질문하기",
            "morpheme": "한참/MAG+스타크래프트/NNP+가/JKS+유명/NNG+했/XSV+EP+는데/EC+요새/NNG+는/JX+안/MAG+해요/VV+EF"
          },
          {
            "id": 26,
            "text": "3 : 그건 한물 간 게임이고 요새는 별별 게임이 많이 나와요",
            "norm_text": "그건 한물 간 게임이고 요새는 별별 게임이 많이 나와요",
            "speaker": {
              "id": "3번",
              "sex": "여성",
              "age": "10대"
            },
            "speechAct": "(단언) 진술하기",
            "morpheme": "그건/NP+JX+한물간/VV+ETM+게임/NNG+이/VCP+고/EC+요새/NNG+는/JX+별별/MM+게임/NNG+이/JKS+많이/MAG+나와요/VV+EC"
          },
          {
            "id": 27,
            "text": "1 : 저 스타크래프트 진짜 잘하는데 키키 나중에 같이 해보실래요?",
            "norm_text": "저 스타크래프트 진짜 잘하는데 키키 나중에 같이 해보실래요?",
            "speaker": {
              "id": "1번",
              "sex": "여성",
              "age": "30대"
            },
            "speechAct": "(지시) 질문하기",
            "morpheme": "저/MM+스타크래프트/NNP+진짜/MAG+잘/MAG+하/VV+는데/EC+키/NNG+키/NNG+나중/NNG+에/JKB+같이/MAG+해/VV+EC+보/VX+실래요/EP+EF"
          },
          {
            "id": 28,
            "text": "2 : 아뇨 키키 전 게임은 별로 안 좋아해요",
            "norm_text": "아뇨 키키 전 게임은 별로 안 좋아해요",
            "speaker": {
              "id": "2번",
              "sex": "여성",
              "age": "40대"
            },
            "speechAct": "(단언) 주장하기",
            "morpheme": "아뇨/IC+키키/NNP+전/MM+게임/NNG+은/JX+별로/MAG+안/MAG+좋/VA+아/EC+해요/VX+EC"
          },
          {
            "id": 29,
            "text": "3 : 그것도 못하신단 말이에요?",
            "norm_text": "그것도 못하신단 말이에요?",
            "speaker": {
              "id": "3번",
              "sex": "여성",
              "age": "10대"
            },
            "speechAct": "(지시) 질문하기",
            "morpheme": "그것/NP+도/JX+못하/VX+신단/EP+ETM+말/NNG+이/VCP+에요/EF"
          },
          {
            "id": 30,
            "text": "3 : 제 주위에 그거 못하는 사람 거의 없는데",
            "norm_text": "제 주위에 그거 못하는 사람 거의 없는데",
            "speaker": {
              "id": "3번",
              "sex": "여성",
              "age": "10대"
            },
            "speechAct": "(단언) 진술하기",
            "morpheme": "제/NP+JKG+주위/NNG+에/JKB+그거/NP+못/MAG+하/VV+는/ETM+사람/NNG+거의/MAG+없/VA+는데/EC"
          }
        ]
      }
    }
  ]
}