{
  "dataset": {
    "identifier": 72868,
    "name": "KAKAO_899_18_set",
    "src_path": "/data/file/cubeManager/PROJECT001/53/txt20211005152834024485/KAKAO_899_18_set/",
    "label_path": "/data/file/cubeManager/PROJECT001/53/txt20211005152834024485/KAKAO_899_18_set/",
    "category": 2,
    "type": 0
  },
  "licenses": {
    "name": "Apache License 1.0",
    "url": "http://www.apache.org/licenses/LICENSE-1.0"
  },
  "info": [
    {
      "id": 41335,
      "filename": "KAKAO_899_18.txt",
      "title": "KAKAO_899_18",
      "mediatype": "SNS",
      "medianame": "카카오톡",
      "category": "일상대화",
      "date": "2021-10-05",
      "size": 444,
      "annotations": {
        "subject": "상거래 전반",
        "speaker_type": "1:1",
        "size": 444,
        "word_size": 155,
        "text": "1 : 쇼핑몰로 오빠야도 많이 시키나? 키키\n2 : 뭐 이것저것 시키지 키키 가기가 귀찮아\n1 : 악 키키 오빠야 우리 언니 과네\n2 : 니는 가서 잘 사나? 키키\n1 : 키키 난 나가는 거 좋아해서 다이소 맨날 감 키키\n2 : 오 키키 다이소는 진짜 한 개만 사러 가서 10개 사\n1 : 맞아 키키 그리고 뭔가 돈 적게 쓰면서 재밌어 키키\n2 : 맞아 키키 근데 또 제대로 된 게 없는 느낌도 들어\n1 : 키키 맞아 키키 뭐 쓰려고 하면 쓸 수 있는 게 없옹 키키\n2 : 키키 맞아 키키 근데도 또 사게 되더라\n1 : 키키 계절마다 또 뭐가 나오고 매번 가도 잼씀 키키\n2 : 키키 맞아 그런 것들이 항상 있더만\n1 : 맞아 키키 젤 좋아해 그다음에 올리브영 키키\n2 : 키키 올리브영은 근데 좀 비싸지 않나\n1 : 키키 맞아 구경하고 나중에 쿠폰 생기면 사는 걸로 키키\n2 : 키키 오 키키 쿠폰은 어떻게 생기는 건데",
        "lines": [
          {
            "id": 1,
            "text": "1 : 쇼핑몰로 오빠야도 많이 시키나? 키키",
            "norm_text": "쇼핑몰로 오빠야도 많이 시키나? 키키",
            "speaker": {
              "id": "1번",
              "sex": "여성",
              "age": "20대"
            },
            "speechAct": "(지시) 질문하기",
            "morpheme": "쇼핑몰/NNG+로/JKB+오빠/NNG+야/JKV+도/JX+많이/MAG+시키/VV+나/EF+키/NNG+키/XSV+ETN"
          },
          {
            "id": 2,
            "text": "2 : 뭐 이것저것 시키지 키키 가기가 귀찮아",
            "norm_text": "뭐 이것저것 시키지 키키 가기가 귀찮아",
            "speaker": {
              "id": "2번",
              "sex": "남성",
              "age": "20대"
            },
            "speechAct": "(단언) 진술하기",
            "morpheme": "뭐/IC+이것저것/NNG+시키/XSV+지/EC+키/NNG+키가/XSV+ETN+JKS+기/ETN+가/JKS+귀찮/VA+아/EC"
          },
          {
            "id": 3,
            "text": "1 : 악 키키 오빠야 우리 언니 과네",
            "norm_text": "악 키키 오빠야 우리 언니 과네",
            "speaker": {
              "id": "1번",
              "sex": "여성",
              "age": "20대"
            },
            "speechAct": "(단언) 진술하기",
            "morpheme": "악/XPN+키/NNG+키/NNG+오빠/NNG+야/VCP+EF+우리/NP+언니/NNG+과/NNG+네/XSN"
          },
          {
            "id": 4,
            "text": "2 : 니는 가서 잘 사나? 키키",
            "norm_text": "니는 가서 잘 사나? 키키",
            "speaker": {
              "id": "2번",
              "sex": "남성",
              "age": "20대"
            },
            "speechAct": "(지시) 질문하기",
            "morpheme": "니/NP+는/JX+가/VV+서/EC+잘/MAG+사/VV+나/EF+키/NNG+키/XSV+ETN"
          },
          {
            "id": 5,
            "text": "1 : 키키 난 나가는 거 좋아해서 다이소 맨날 감 키키",
            "norm_text": "키키 난 나가는 거 좋아해서 다이소 맨날 감 키키",
            "speaker": {
              "id": "1번",
              "sex": "여성",
              "age": "20대"
            },
            "speechAct": "(단언) 주장하기",
            "morpheme": "키/NNG+키/XSV+ETN+난/NP+JX+나가/VV+는/ETM+거/NNB+좋/VA+아/EC+해서/VV+EC+다이소/NNP+맨/MM+날감/NNG+키/NNG+키/XSV+ETN"
          },
          {
            "id": 6,
            "text": "2 : 오 키키 다이소는 진짜 한 개만 사러 가서 10개 사",
            "norm_text": "오 키키 다이소는 진짜 한 개만 사러 가서 10개 사",
            "speaker": {
              "id": "2번",
              "sex": "남성",
              "age": "20대"
            },
            "speechAct": "(단언) 진술하기",
            "morpheme": "오키키다이소는진짜한개만사러가서/UNKNOWN+10/SN+개/NNBC+사/NNG"
          },
          {
            "id": 7,
            "text": "1 : 맞아 키키 그리고 뭔가 돈 적게 쓰면서 재밌어 키키",
            "norm_text": "맞아 키키 그리고 뭔가 돈 적게 쓰면서 재밌어 키키",
            "speaker": {
              "id": "1번",
              "sex": "여성",
              "age": "20대"
            },
            "speechAct": "(단언) 주장하기",
            "morpheme": "맞/VV+아/EC+키/NNG+키/XSV+ETN+그리고/MAJ+뭔가/NP+VCP+EC+돈/NNG+적/VA+게/EC+쓰/VV+면서/EC+재밌/VA+어/EC+키/NNG+키/XSV+ETN"
          },
          {
            "id": 8,
            "text": "2 : 맞아 키키 근데 또 제대로 된 게 없는 느낌도 들어",
            "norm_text": "맞아 키키 근데 또 제대로 된 게 없는 느낌도 들어",
            "speaker": {
              "id": "2번",
              "sex": "남성",
              "age": "20대"
            },
            "speechAct": "(단언) 진술하기",
            "morpheme": "맞/VV+아/EC+키/NNG+키/XSV+ETN+근데/MAJ+또/MAG+제대로/MAG+된/VV+ETM+게/NNB+JKS+없/VA+는/ETM+느낌/NNG+도/JX+들/VV+어/EC"
          },
          {
            "id": 9,
            "text": "1 : 키키 맞아 키키 뭐 쓰려고 하면 쓸 수 있는 게 없옹 키키",
            "norm_text": "키키 맞아 키키 뭐 쓰려고 하면 쓸 수 있는 게 없옹 키키",
            "speaker": {
              "id": "1번",
              "sex": "여성",
              "age": "20대"
            },
            "speechAct": "(단언) 진술하기",
            "morpheme": "키/NNG+키/XSV+ETN+맞/VV+아/EC+키/NNG+키/XSV+ETN+뭐/IC+쓰/VV+려고/EC+하/VV+면/EC+쓸/VV+ETM+수/NNB+있/VV+는/ETM+게/NNB+JKS+없/VA+옹/NNB+키/NNG+키/XSV+ETN"
          },
          {
            "id": 10,
            "text": "2 : 키키 맞아 키키 근데도 또 사게 되더라",
            "norm_text": "키키 맞아 키키 근데도 또 사게 되더라",
            "speaker": {
              "id": "2번",
              "sex": "남성",
              "age": "20대"
            },
            "speechAct": "(단언) 주장하기",
            "morpheme": "키/NNG+키/XSV+ETN+맞/VV+아/EC+키/NNG+키/XSV+ETN+근데도/MAJ+또/MAG+사/VV+게/EC+되/VV+더라/EC"
          },
          {
            "id": 11,
            "text": "1 : 키키 계절마다 또 뭐가 나오고 매번 가도 잼씀 키키",
            "norm_text": "키키 계절마다 또 뭐가 나오고 매번 가도 잼씀 키키",
            "speaker": {
              "id": "1번",
              "sex": "여성",
              "age": "20대"
            },
            "speechAct": "(단언) 주장하기",
            "morpheme": "키/NNG+키/NNG+계절/NNG+마다/JX+또/MAG+뭐/NP+가/JKS+나오/VV+고/EC+매번/MAG+가/VV+도/EC+잼/VV+ETN+씀/VV+ETN+키/NNG+키/XSV+ETN"
          },
          {
            "id": 12,
            "text": "2 : 키키 맞아 그런 것들이 항상 있더만",
            "norm_text": "키키 맞아 그런 것들이 항상 있더만",
            "speaker": {
              "id": "2번",
              "sex": "남성",
              "age": "20대"
            },
            "speechAct": "(단언) 진술하기",
            "morpheme": "키/NNG+키/XSV+ETN+맞/VV+아/EC+그런/MM+것/NNB+들/XSN+이/JKS+항상/MAG+있/VV+더만/EC"
          },
          {
            "id": 13,
            "text": "1 : 맞아 키키 젤 좋아해 그다음에 올리브영 키키",
            "norm_text": "맞아 키키 젤 좋아해 그다음에 올리브영 키키",
            "speaker": {
              "id": "1번",
              "sex": "여성",
              "age": "20대"
            },
            "speechAct": "(단언) 주장하기",
            "morpheme": "맞/VV+아/EC+키/NNG+키/XSV+ETN+젤/MAG+좋아해/VV+EC+그/MM+다음/NNG+에/JKB+올리브/NNG+영/NNG+키/NNG+키/XSV+ETN"
          },
          {
            "id": 14,
            "text": "2 : 키키 올리브영은 근데 좀 비싸지 않나",
            "norm_text": "키키 올리브영은 근데 좀 비싸지 않나",
            "speaker": {
              "id": "2번",
              "sex": "남성",
              "age": "20대"
            },
            "speechAct": "(지시) 질문하기",
            "morpheme": "키키/NNP+올리브/NNP+영/NNG+은/JX+근데/MAJ+좀/MAG+비싸/VA+지/EC+않/VX+나/EC"
          },
          {
            "id": 15,
            "text": "1 : 키키 맞아 구경하고 나중에 쿠폰 생기면 사는 걸로 키키",
            "norm_text": "키키 맞아 구경하고 나중에 쿠폰 생기면 사는 걸로 키키",
            "speaker": {
              "id": "1번",
              "sex": "여성",
              "age": "20대"
            },
            "speechAct": "(단언) 진술하기",
            "morpheme": "키/NNG+키/XSV+ETN+맞/VV+아/EC+구경/NNG+하/XSV+고/EC+나중/NNG+에/JKB+쿠폰/NNG+생기/VV+면/EC+사/VV+는/ETM+걸로/NNB+JKB+키/NNG+키/XSV+ETN"
          },
          {
            "id": 16,
            "text": "2 : 키키 오 키키 쿠폰은 어떻게 생기는 건데",
            "norm_text": "키키 오 키키 쿠폰은 어떻게 생기는 건데",
            "speaker": {
              "id": "2번",
              "sex": "남성",
              "age": "20대"
            },
            "speechAct": "(지시) 질문하기",
            "morpheme": "키키/NNP+오키/NNP+키/NNG+쿠폰/NNG+은/JX+어떻게/MAG+생기/VV+는/ETM+건데/NNB+VCP+EC"
          }
        ]
      }
    }
  ]
}