{
  "dataset": {
    "identifier": 78302,
    "name": "KAKAO_904_06_set",
    "src_path": "/data/file/cubeManager/PROJECT001/53/txt20211005153330078060/KAKAO_904_06_set/",
    "label_path": "/data/file/cubeManager/PROJECT001/53/txt20211005153330078060/KAKAO_904_06_set/",
    "category": 2,
    "type": 0
  },
  "licenses": {
    "name": "Apache License 1.0",
    "url": "http://www.apache.org/licenses/LICENSE-1.0"
  },
  "info": [
    {
      "id": 41403,
      "filename": "KAKAO_904_06.txt",
      "title": "KAKAO_904_06",
      "mediatype": "SNS",
      "medianame": "카카오톡",
      "category": "일상대화",
      "date": "2021-10-05",
      "size": 1253,
      "annotations": {
        "subject": "교육",
        "speaker_type": "다자간 대화",
        "size": 1253,
        "word_size": 400,
        "text": "1 : 근데 좀 사상 잘못된 친구들 가서 교육 좀 받고 와야 해\n2 : ㅜㅠㅜ 거기서 더 잘못 되는 듯\n2 : 이상한 사람들 넘 많아\n3 : 여자 중에 군인 비하하는 애들 많잖아\n3 : 그런 애들은 진짜 군대 교육 좀 받아야 돼\n1 : 그니까 가서 고생해보고 그래야 자기만 힘든 줄 아는 생각 고치고 인성 교육 받고 그래야지\n2 : 아휴 진짜 젠더 싸움 끝이 없다\n2 : 우리 어렸을 때 교육이 잘못된 건가\n3 : 젠더 싸움, 정말 전문용어 같다\n3 : 근데 진짜 심각한 애들 가끔씩 아니 요즘에는 너무 많지\n1 : 맞아\n1 : 근데 요즘은 사실 젠더이슈 뿐만 아니라 그냥 모든 문제에서 다들 편협한 생각을 하는 게 많은 듯\n2 : 어디서부터 잘못된 건지 모르겠음\n3 : 언제부터인지 모르겠는데 왜 갑자기 젠더싸움 생긴 거야?\n1 : 젠더싸움은 그냥 뭐 예전부터 있었지.\n1 : 근데 인터넷이 발달하고 그만큼 익명으로 소리를 낼 수 있는 것도 발달하면서 목소리가 커진 거겠지\n2 : 내가 어디서 봤는데 사실 남자가 필요 없게 된 게 얼마 안됐잖아\n2 : 뭔래 남편 없으면 뭐 못하고 그랬는데 시대가 바뀐 지 얼마 안돼서 이런 문제가 생기는 거라구 하더라\n3 : 근데 솔직히 지금도 아직도 마찬가지라고 생각해\n1 : 난 그냥 뭐 사람마다 생각이 다를 수 있지만 편협하게 생각하고 다른 건 받아들이려고 안 하면 자기계발이 안된다고 생각함\n2 : 그냥 서로가 서로에게 필요한 존재인 건 맞는 거 같애\n3 : 그니까 근데 그걸 왜 싸움으로 번지는지,\n3 : 이런 거 다 어렸을 때부터 교육 받아야 해\n1 : 맞아…\n1 : 진짜 난 좀 열린 생각을 했으면 좋겠어 모두들.\n1 : 모든 방면에서 모든 것들은 다 양쪽의 문제가 있고 양쪽의 장점이 있는 건데\n2 : 그니까 그래도 정답은 없으니까 그게 어려운 듯...\n3 : 맞아\n3 : 이게 약간 감정싸움 아니야?\n1 : 맞아 키키\n1 : 아무튼 나는 자기계발적인 면으로도 지금 시대는 맘에 안 듬\n2 : 캐나다에서는 성은 선택할 수 있는 거라고 배운대\n2 :그래서 캐나다 갔을 때 초등학생 동생이 나는 여자 할까 남자 할까 고민하더라...\n2 : 충격 받음\n2 : 그건 좀 아닌 거 같애\n3 : 예? 그건 이미 태어날 때부터 가지고 나오는 건데 그걸 선택 어떻게 해,\n1 : 아 진짜?\n1 : 뭐 성전환 수술 이런 게 있고 그러니 말이 안되는 건 아니지만 너무 불필요한 성정체성 혼란까지 가중 시키는 듯\n2 : 그니까 그래서 진짜 교육이 중요하고 무서운 듯\n2 : 그렇게 교육하면 더 헷갈릴 거 같아\n3 : 특히 어렸을 때는 초,중학교는 올바른 가치관을 심어줘야 되는데,",
        "lines": [
          {
            "id": 1,
            "text": "1 : 근데 좀 사상 잘못된 친구들 가서 교육 좀 받고 와야 해",
            "norm_text": "근데 좀 사상 잘못된 친구들 가서 교육 좀 받고 와야 해",
            "speaker": {
              "id": "1번",
              "sex": "여성",
              "age": "20대"
            },
            "speechAct": "(단언) 주장하기",
            "morpheme": "근데/MAJ+좀/MAG+사상/NNG+잘못/MAG+된/VV+ETM+친구/NNG+들/XSN+가/VV+서/EC+교육/NNG+좀/MAG+받/VV+고/EC+와야/VV+EC+해/VV+EC"
          },
          {
            "id": 2,
            "text": "2 : ㅜㅠㅜ 거기서 더 잘못 되는 듯",
            "norm_text": "ㅜㅠㅜ 거기서 더 잘못 되는 듯",
            "speaker": {
              "id": "2번",
              "sex": "여성",
              "age": "20대"
            },
            "speechAct": "(단언) 진술하기",
            "morpheme": "ㅜ/UNKNOWN+ㅠㅜ/UNKNOWN+거기/NP+서/JKB+더/MAG+잘못/MAG+되/VV+는/ETM+듯/NNB"
          },
          {
            "id": 3,
            "text": "2 : 이상한 사람들 넘 많아",
            "norm_text": "이상한 사람들 넘 많아",
            "speaker": {
              "id": "2번",
              "sex": "여성",
              "age": "20대"
            },
            "speechAct": "(단언) 주장하기",
            "morpheme": "이상/NNG+한/XSA+ETM+사람/NNG+들/XSN+넘/MAG+많/VA+아/EC"
          },
          {
            "id": 4,
            "text": "3 : 여자 중에 군인 비하하는 애들 많잖아",
            "norm_text": "여자 중에 군인 비하하는 애들 많잖아",
            "speaker": {
              "id": "3번",
              "sex": "여성",
              "age": "20대"
            },
            "speechAct": "(단언) 진술하기",
            "morpheme": "여자/NNG+중/NNB+에/JKB+군인/NNG+비하/NNG+하/XSV+는/ETM+애/NNG+들/XSN+많/VA+잖아/EC"
          },
          {
            "id": 5,
            "text": "3 : 그런 애들은 진짜 군대 교육 좀 받아야 돼",
            "norm_text": "그런 애들은 진짜 군대 교육 좀 받아야 돼",
            "speaker": {
              "id": "3번",
              "sex": "여성",
              "age": "20대"
            },
            "speechAct": "(지시) 명령/요구하기",
            "morpheme": "그런/MM+애/NNG+들/XSN+은/JX+진짜/MAG+군대/NNG+교육/NNG+좀/MAG+받/VV+아야/EC+돼/VV+EC"
          },
          {
            "id": 6,
            "text": "1 : 그니까 가서 고생해보고 그래야 자기만 힘든 줄 아는 생각 고치고 인성 교육 받고 그래야지",
            "norm_text": "그니까 가서 고생해보고 그래야 자기만 힘든 줄 아는 생각 고치고 인성 교육 받고 그래야지",
            "speaker": {
              "id": "1번",
              "sex": "여성",
              "age": "20대"
            },
            "speechAct": "(단언) 주장하기",
            "morpheme": "그니까/MAJ+가/VV+서/EC+고생/NNG+해/XSV+EC+보/VX+고/EC+그래야/VV+EC+자기/NP+만/JX+힘든/VA+ETM+줄/NNB+아/VV+는/ETM+생각/NNG+고치/VV+고/EC+인성/NNP+교육/NNG+받/VV+고/EC+그래야지/VV+EC"
          },
          {
            "id": 7,
            "text": "2 : 아휴 진짜 젠더 싸움 끝이 없다",
            "norm_text": "아휴 진짜 젠더 싸움 끝이 없다",
            "speaker": {
              "id": "2번",
              "sex": "여성",
              "age": "20대"
            },
            "speechAct": "(단언) 주장하기",
            "morpheme": "아휴/IC+진짜/MAG+젠더/NNG+싸움/NNG+끝/NNG+이/JKS+없/VA+다/EC"
          },
          {
            "id": 8,
            "text": "2 : 우리 어렸을 때 교육이 잘못된 건가",
            "norm_text": "우리 어렸을 때 교육이 잘못된 건가",
            "speaker": {
              "id": "2번",
              "sex": "여성",
              "age": "20대"
            },
            "speechAct": "(지시) 질문하기",
            "morpheme": "우리/NP+어렸/VA+EP+을/ETM+때/NNG+교육/NNG+이/JKS+잘못/MAG+된/VV+ETM+건가/NNB+VCP+EC"
          },
          {
            "id": 9,
            "text": "3 : 젠더 싸움, 정말 전문용어 같다",
            "norm_text": "젠더 싸움, 정말 전문용어 같다",
            "speaker": {
              "id": "3번",
              "sex": "여성",
              "age": "20대"
            },
            "speechAct": "(단언) 주장하기",
            "morpheme": "젠더/NNG+싸움/NNG+,/SC+정말/MAG+전문/NNG+용어/NNG+같/VA+다/EC"
          },
          {
            "id": 10,
            "text": "3 : 근데 진짜 심각한 애들 가끔씩 아니 요즘에는 너무 많지",
            "norm_text": "근데 진짜 심각한 애들 가끔씩 아니 요즘에는 너무 많지",
            "speaker": {
              "id": "3번",
              "sex": "여성",
              "age": "20대"
            },
            "speechAct": "(단언) 주장하기",
            "morpheme": "근데/MAJ+진짜/MAG+심각/XR+한/XSA+ETM+애/NNG+들/XSN+가끔/MAG+씩/XSN+아니/IC+요즘/NNG+에/JKB+는/JX+너무/MAG+많/VA+지/EC"
          },
          {
            "id": 11,
            "text": "1 : 맞아",
            "norm_text": "맞아",
            "speaker": {
              "id": "1번",
              "sex": "여성",
              "age": "20대"
            },
            "speechAct": "(단언) 주장하기",
            "morpheme": "맞/VV+아/EC"
          },
          {
            "id": 12,
            "text": "1 : 근데 요즘은 사실 젠더이슈 뿐만 아니라 그냥 모든 문제에서 다들 편협한 생각을 하는 게 많은 듯",
            "norm_text": "근데 요즘은 사실 젠더이슈 뿐만 아니라 그냥 모든 문제에서 다들 편협한 생각을 하는 게 많은 듯",
            "speaker": {
              "id": "1번",
              "sex": "여성",
              "age": "20대"
            },
            "speechAct": "(단언) 진술하기",
            "morpheme": "근데/MAJ+요즘/NNG+은/JX+사실/MAG+젠더/NNG+이슈/NNG+뿐/JX+만/JX+아니/VCN+라/EC+그냥/MAG+모든/MM+문제/NNG+에서/JKB+다/MAG+들/XSN+편협/NNG+한/XSA+ETM+생각/NNG+을/JKO+하/VV+는/ETM+게/NNB+JKS+많/VA+은/ETM+듯/NNB"
          },
          {
            "id": 13,
            "text": "2 : 어디서부터 잘못된 건지 모르겠음",
            "norm_text": "어디서부터 잘못된 건지 모르겠음",
            "speaker": {
              "id": "2번",
              "sex": "여성",
              "age": "20대"
            },
            "speechAct": "(단언) 주장하기",
            "morpheme": "어디/NP+서부터/JKB+잘못/MAG+된/VV+ETM+건지/NNB+VCP+EC+모르/VV+겠/EP+음/ETN"
          },
          {
            "id": 14,
            "text": "3 : 언제부터인지 모르겠는데 왜 갑자기 젠더싸움 생긴 거야?",
            "norm_text": "언제부터인지 모르겠는데 왜 갑자기 젠더싸움 생긴 거야?",
            "speaker": {
              "id": "3번",
              "sex": "여성",
              "age": "20대"
            },
            "speechAct": "(지시) 질문하기",
            "morpheme": "언제/NP+부터/JX+인지/VCP+EC+모르/VV+겠/EP+는데/EC+왜/MAG+갑자기/MAG+젠더/NNG+싸움/NNG+생긴/VV+ETM+거/NNB+야/VCP+EF"
          },
          {
            "id": 15,
            "text": "1 : 젠더싸움은 그냥 뭐 예전부터 있었지.",
            "norm_text": "젠더싸움은 그냥 뭐 예전부터 있었지.",
            "speaker": {
              "id": "1번",
              "sex": "여성",
              "age": "20대"
            },
            "speechAct": "(단언) 진술하기",
            "morpheme": "젠더/NNG+싸움/NNG+은/JX+그냥/MAG+뭐/IC+예전/NNG+부터/JX+있/VA+었/EP+지/EF"
          },
          {
            "id": 16,
            "text": "1 : 근데 인터넷이 발달하고 그만큼 익명으로 소리를 낼 수 있는 것도 발달하면서 목소리가 커진 거겠지",
            "norm_text": "근데 인터넷이 발달하고 그만큼 익명으로 소리를 낼 수 있는 것도 발달하면서 목소리가 커진 거겠지",
            "speaker": {
              "id": "1번",
              "sex": "여성",
              "age": "20대"
            },
            "speechAct": "(단언) 진술하기",
            "morpheme": "근데/MAJ+인터넷/NNG+이/JKS+발달/NNG+하/XSV+고/EC+그만큼/MAG+익명/NNG+으로/JKB+소리/NNG+를/JKO+낼/VV+ETM+수/NNB+있/VV+는/ETM+것/NNB+도/JX+발달/NNG+하/XSV+면서/EC+목소리/NNG+가/JKS+커진/VA+EC+VX+ETM+거/NNB+겠/VCP+EP+지/EC"
          },
          {
            "id": 17,
            "text": "2 : 내가 어디서 봤는데 사실 남자가 필요 없게 된 게 얼마 안됐잖아",
            "norm_text": "내가 어디서 봤는데 사실 남자가 필요 없게 된 게 얼마 안됐잖아",
            "speaker": {
              "id": "2번",
              "sex": "여성",
              "age": "20대"
            },
            "speechAct": "(단언) 진술하기",
            "morpheme": "내/NP+가/JKS+어디/NP+서/JKB+봤/VV+EP+는데/EC+사실/MAG+남자/NNG+가/JKS+필요/NNG+없/VA+게/EC+된/VV+ETM+게/NNB+JKS+얼마/NNG+안/MAG+됐/VV+EP+잖아/EC"
          },
          {
            "id": 18,
            "text": "2 : 뭔래 남편 없으면 뭐 못하고 그랬는데 시대가 바뀐 지 얼마 안돼서 이런 문제가 생기는 거라구 하더라",
            "norm_text": "뭔래 남편 없으면 뭐 못하고 그랬는데 시대가 바뀐 지 얼마 안돼서 이런 문제가 생기는 거라구 하더라",
            "speaker": {
              "id": "2번",
              "sex": "여성",
              "age": "20대"
            },
            "speechAct": "(단언) 진술하기",
            "morpheme": "뭔/NP+VCP+래/EF+남편/NNG+없/VA+으면/EC+뭐/IC+못/MAG+하/VV+고/EC+그랬/VV+EP+는데/EC+시대/NNG+가/JKS+바뀐지/VV+EC+얼마/NNG+안/MAG+돼서/VV+EC+이런/MM+문제/NNG+가/JKS+생기/VV+는/ETM+거/NNB+라구/VCP+EC+하/VV+더라/EC"
          },
          {
            "id": 19,
            "text": "3 : 근데 솔직히 지금도 아직도 마찬가지라고 생각해",
            "norm_text": "근데 솔직히 지금도 아직도 마찬가지라고 생각해",
            "speaker": {
              "id": "3번",
              "sex": "여성",
              "age": "20대"
            },
            "speechAct": "(단언) 주장하기",
            "morpheme": "근데/MAJ+솔직히/MAG+지금/MAG+도/JX+아직/MAG+도/JX+마찬가지/NNG+라고/VCP+EC+생각/NNG+해/XSV+EC"
          },
          {
            "id": 20,
            "text": "1 : 난 그냥 뭐 사람마다 생각이 다를 수 있지만 편협하게 생각하고 다른 건 받아들이려고 안 하면 자기계발이 안된다고 생각함",
            "norm_text": "난 그냥 뭐 사람마다 생각이 다를 수 있지만 편협하게 생각하고 다른 건 받아들이려고 안 하면 자기계발이 안된다고 생각함",
            "speaker": {
              "id": "1번",
              "sex": "여성",
              "age": "20대"
            },
            "speechAct": "(단언) 주장하기",
            "morpheme": "난/NP+JX+그냥/MAG+뭐/IC+사람/NNG+마다/JX+생각/NNG+이/JKS+다를/VA+ETM+수/NNB+있/VV+지만/EC+편협/NNG+하/XSV+게/EC+생각/NNG+하/XSV+고/EC+다른/MM+건/NNB+JX+받아들이/VV+려고/EC+안/MAG+하/VV+면/EC+자기/NP+계발/NNG+이/JKS+안/MAG+된다고/VV+EC+생각/NNG+함/XSV+ETN"
          },
          {
            "id": 21,
            "text": "2 : 그냥 서로가 서로에게 필요한 존재인 건 맞는 거 같애",
            "norm_text": "그냥 서로가 서로에게 필요한 존재인 건 맞는 거 같애",
            "speaker": {
              "id": "2번",
              "sex": "여성",
              "age": "20대"
            },
            "speechAct": "(단언) 주장하기",
            "morpheme": "그냥/MAG+서로/NNG+가/JKS+서로/NNG+에게/JKB+필요/NNG+한/XSA+ETM+존재/NNG+인건/VCP+ETM+NNB+JX+맞/VV+는/ETM+거/NNB+같/VA+애/EC"
          },
          {
            "id": 22,
            "text": "3 : 그니까 근데 그걸 왜 싸움으로 번지는지,",
            "norm_text": "그니까 근데 그걸 왜 싸움으로 번지는지,",
            "speaker": {
              "id": "3번",
              "sex": "여성",
              "age": "20대"
            },
            "speechAct": "(단언) 진술하기",
            "morpheme": "그니까/MAJ+근데/MAJ+그걸/NP+JKO+왜/MAG+싸움/NNG+으로/JKB+번지/VV+는지/EC+,/SC"
          },
          {
            "id": 23,
            "text": "3 : 이런 거 다 어렸을 때부터 교육 받아야 해",
            "norm_text": "이런 거 다 어렸을 때부터 교육 받아야 해",
            "speaker": {
              "id": "3번",
              "sex": "여성",
              "age": "20대"
            },
            "speechAct": "(지시) 명령/요구하기",
            "morpheme": "이런/MM+거/NNB+다/MAG+어렸/VA+EP+을/ETM+때/NNG+부터/JX+교육/NNG+받/VV+아야/EC+해/VV+EC"
          },
          {
            "id": 24,
            "text": "1 : 맞아…",
            "norm_text": "맞아…",
            "speaker": {
              "id": "1번",
              "sex": "여성",
              "age": "20대"
            },
            "speechAct": "(단언) 주장하기",
            "morpheme": "맞/VV+아/EC+…/SE"
          },
          {
            "id": 25,
            "text": "1 : 진짜 난 좀 열린 생각을 했으면 좋겠어 모두들.",
            "norm_text": "진짜 난 좀 열린 생각을 했으면 좋겠어 모두들.",
            "speaker": {
              "id": "1번",
              "sex": "여성",
              "age": "20대"
            },
            "speechAct": "(단언) 주장하기",
            "morpheme": "진짜/MAG+난/NP+JX+좀/MAG+열린/VV+ETM+생각/NNG+을/JKO+했/VV+EP+으면/EC+좋/VA+겠/EP+어/EC+모두/NNG+들/XSN"
          },
          {
            "id": 26,
            "text": "1 : 모든 방면에서 모든 것들은 다 양쪽의 문제가 있고 양쪽의 장점이 있는 건데",
            "norm_text": "모든 방면에서 모든 것들은 다 양쪽의 문제가 있고 양쪽의 장점이 있는 건데",
            "speaker": {
              "id": "1번",
              "sex": "여성",
              "age": "20대"
            },
            "speechAct": "(단언) 진술하기",
            "morpheme": "모든/MM+방면/NNG+에서/JKB+모든/MM+것/NNB+들/XSN+은/JX+다양/NNG+쪽/NNB+의/JKG+문제/NNG+가/JKS+있/VA+고/EC+양쪽/NNG+의/JKG+장점/NNG+이/JKS+있/VA+는/ETM+건데/NNB+VCP+EC"
          },
          {
            "id": 27,
            "text": "2 : 그니까 그래도 정답은 없으니까 그게 어려운 듯...",
            "norm_text": "그니까 그래도 정답은 없으니까 그게 어려운 듯...",
            "speaker": {
              "id": "2번",
              "sex": "여성",
              "age": "20대"
            },
            "speechAct": "(단언) 주장하기",
            "morpheme": "그니까/MAJ+그래도/MAJ+정답/NNG+은/JX+없/VA+으니까/EC+그게/NP+JKS+어려운/VA+ETM+듯/NNB+./SY"
          },
          {
            "id": 28,
            "text": "3 : 맞아",
            "norm_text": "맞아",
            "speaker": {
              "id": "3번",
              "sex": "여성",
              "age": "20대"
            },
            "speechAct": "(단언) 주장하기",
            "morpheme": "맞/VV+아/EC"
          },
          {
            "id": 29,
            "text": "3 : 이게 약간 감정싸움 아니야?",
            "norm_text": "이게 약간 감정싸움 아니야?",
            "speaker": {
              "id": "3번",
              "sex": "여성",
              "age": "20대"
            },
            "speechAct": "(지시) 질문하기",
            "morpheme": "이게/NP+JKS+약간/MAG+감정싸움/NNG+아니/VCN+야/EF"
          },
          {
            "id": 30,
            "text": "1 : 맞아 키키",
            "norm_text": "맞아 키키",
            "speaker": {
              "id": "1번",
              "sex": "여성",
              "age": "20대"
            },
            "speechAct": "(단언) 주장하기",
            "morpheme": "맞/VV+아/EC+키/NNG+키/XSV+ETN"
          },
          {
            "id": 31,
            "text": "1 : 아무튼 나는 자기계발적인 면으로도 지금 시대는 맘에 안 듬",
            "norm_text": "아무튼 나는 자기계발적인 면으로도 지금 시대는 맘에 안 듬",
            "speaker": {
              "id": "1번",
              "sex": "여성",
              "age": "20대"
            },
            "speechAct": "(단언) 주장하기",
            "morpheme": "아무튼/MAJ+나/NP+는/JX+자기/NP+계발/NNG+적/XSN+인/VCP+ETM+면/NNG+으로/JKB+도/JX+지금/MAG+시대/NNG+는/JX+맘/NNG+에/JKB+안/MAG+듬/VV"
          },
          {
            "id": 32,
            "text": "2 : 캐나다에서는 성은 선택할 수 있는 거라고 배운대",
            "norm_text": "캐나다에서는 성은 선택할 수 있는 거라고 배운대",
            "speaker": {
              "id": "2번",
              "sex": "여성",
              "age": "20대"
            },
            "speechAct": "(단언) 진술하기",
            "morpheme": "캐나다/NNP+에서/JKB+는/JX+성/NNG+은/JX+선택/NNG+할/XSV+ETM+수/NNB+있/VV+는/ETM+거/NNB+라고/VCP+EC+배운/VV+ETM+대/NNG"
          },
          {
            "id": 33,
            "text": "2 :그래서 캐나다 갔을 때 초등학생 동생이 나는 여자 할까 남자 할까 고민하더라...",
            "norm_text": "그래서 캐나다 갔을 때 초등학생 동생이 나는 여자 할까 남자 할까 고민하더라...",
            "speaker": {
              "id": "2번",
              "sex": "여성",
              "age": "20대"
            },
            "speechAct": "(단언) 진술하기",
            "morpheme": "그래서/MAJ+캐나다/NNP+갔/VV+EP+을/ETM+때/NNG+초등학생/NNG+동생/NNG+이/JKS+나/NP+는/JX+여자/NNG+할까/XSV+EC+남자/NNG+할까/XSV+EC+VCP+고/EC+민하/VA+더라/EF+./SY"
          },
          {
            "id": 34,
            "text": "2 : 충격 받음",
            "norm_text": "충격 받음",
            "speaker": {
              "id": "2번",
              "sex": "여성",
              "age": "20대"
            },
            "speechAct": "(단언) 주장하기",
            "morpheme": "충격/NNG+받/VV+음/ETN"
          },
          {
            "id": 35,
            "text": "2 : 그건 좀 아닌 거 같애",
            "norm_text": "그건 좀 아닌 거 같애",
            "speaker": {
              "id": "2번",
              "sex": "여성",
              "age": "20대"
            },
            "speechAct": "(단언) 주장하기",
            "morpheme": "그건/NP+JX+좀/MAG+아닌/VCN+ETM+거/NNB+같/VA+애/EC"
          },
          {
            "id": 36,
            "text": "3 : 예? 그건 이미 태어날 때부터 가지고 나오는 건데 그걸 선택 어떻게 해,",
            "norm_text": "예? 그건 이미 태어날 때부터 가지고 나오는 건데 그걸 선택 어떻게 해,",
            "speaker": {
              "id": "3번",
              "sex": "여성",
              "age": "20대"
            },
            "speechAct": "(단언) 주장하기",
            "morpheme": "예/IC+그건/NP+JX+이미/MAG+태어날/VV+ETM+때/NNG+부터/JX+가지/VV+고/EC+나오/VV+는/ETM+건데/NNB+VCP+EC+그걸/NP+JKO+선택/NNG+어떻게/MAG+해/VV+EF+,/SC"
          },
          {
            "id": 37,
            "text": "1 : 아 진짜?",
            "norm_text": "아 진짜?",
            "speaker": {
              "id": "1번",
              "sex": "여성",
              "age": "20대"
            },
            "speechAct": "(지시) 질문하기",
            "morpheme": "아/IC+진짜/MAG"
          },
          {
            "id": 38,
            "text": "1 : 뭐 성전환 수술 이런 게 있고 그러니 말이 안되는 건 아니지만 너무 불필요한 성정체성 혼란까지 가중 시키는 듯",
            "norm_text": "뭐 성전환 수술 이런 게 있고 그러니 말이 안되는 건 아니지만 너무 불필요한 성정체성 혼란까지 가중 시키는 듯",
            "speaker": {
              "id": "1번",
              "sex": "여성",
              "age": "20대"
            },
            "speechAct": "(단언) 주장하기",
            "morpheme": "뭐/IC+성전환/NNG+수술/NNG+이런/MM+게/NNB+JKS+있/VA+고/EC+그러/VV+니/EC+말/NNG+이/JKS+안/MAG+되/VV+는/ETM+건/NNB+JX+아니/VCN+지만/EC+너무/MAG+불/XPN+필요/NNG+한/XSA+ETM+성/NNG+정체/NNG+성/XSN+혼란/NNG+까지/JX+가중/NNG+시키/XSV+는/ETM+듯/NNB"
          },
          {
            "id": 39,
            "text": "2 : 그니까 그래서 진짜 교육이 중요하고 무서운 듯",
            "norm_text": "그니까 그래서 진짜 교육이 중요하고 무서운 듯",
            "speaker": {
              "id": "2번",
              "sex": "여성",
              "age": "20대"
            },
            "speechAct": "(단언) 주장하기",
            "morpheme": "그니까/MAJ+그래서/MAJ+진짜/MAG+교육/NNG+이/JKS+중요/NNG+하/XSV+고/EC+무서운/VA+ETM+듯/NNB"
          },
          {
            "id": 40,
            "text": "2 : 그렇게 교육하면 더 헷갈릴 거 같아",
            "norm_text": "그렇게 교육하면 더 헷갈릴 거 같아",
            "speaker": {
              "id": "2번",
              "sex": "여성",
              "age": "20대"
            },
            "speechAct": "(단언) 진술하기",
            "morpheme": "그렇게/MAG+교육/NNG+하/XSV+면/EC+더/MAG+헷갈릴/VV+ETM+거/NNB+같/VA+아/EC"
          },
          {
            "id": 41,
            "text": "3 : 특히 어렸을 때는 초,중학교는 올바른 가치관을 심어줘야 되는데,",
            "norm_text": "특히 어렸을 때는 초,중학교는 올바른 가치관을 심어줘야 되는데,",
            "speaker": {
              "id": "3번",
              "sex": "여성",
              "age": "20대"
            },
            "speechAct": "(단언) 주장하기",
            "morpheme": "특히/MAG+어렸/VA+EP+을/ETM+때/NNG+는/JX+초/NNG+,/SC+중학교/NNG+는/JX+올바른/VA+ETM+가치관/NNG+을/JKO+심/VV+어/EC+줘야/VX+EC+되/VV+는데/EC+,/SC"
          }
        ]
      }
    }
  ]
}