{
  "dataset": {
    "identifier": 78321,
    "name": "KAKAO_904_18_set",
    "src_path": "/data/file/cubeManager/PROJECT001/53/txt20211005153330085946/KAKAO_904_18_set/",
    "label_path": "/data/file/cubeManager/PROJECT001/53/txt20211005153330085946/KAKAO_904_18_set/",
    "category": 2,
    "type": 0
  },
  "licenses": {
    "name": "Apache License 1.0",
    "url": "http://www.apache.org/licenses/LICENSE-1.0"
  },
  "info": [
    {
      "id": 41415,
      "filename": "KAKAO_904_18.txt",
      "title": "KAKAO_904_18",
      "mediatype": "SNS",
      "medianame": "카카오톡",
      "category": "일상대화",
      "date": "2021-10-05",
      "size": 861,
      "annotations": {
        "subject": "상거래 전반",
        "speaker_type": "다자간 대화",
        "size": 861,
        "word_size": 298,
        "text": "1 : 키키 화나네 ㅠㅠ\n1 : 그냥 맨날 배달 시켜 인터넷으로 정기배송 이런 거 하던데\n2 : 나 그런 거 잘 못한다... 아직...\n2 : 근데 요즘 쿠팡에서 폰도 살 수 있어?\n3 : 그 약간 공기계를 사는 거지\n1 : 나는 인터넷에 중고폰 쇼핑몰 있어\n1 : 에코폰이라고 거기서 사서 씀\n2 : 오오 그랗지\n2 : 난 공기계가 편하더라\n3 : 왜 핸드폰 사게?\n3 : 폰 좋잖아 지금도\n1 : 나는 진짜 바꿔야 하는디...\n1 : 중고폰 사서 3년 썼으면 오래 썼다\n2 : 그래도 2년 반 씀\n2 : 요즘 배터리가 빨리 달더라\n3 : 아이폰은 너무 빨리 닳아 중고로 사면 걱정돼 ㅠ\n3 : 그거 배터리 갈면 올라가는데 기능은 똑같음\n1 : 그래도 내 폰 총 4년 정도 쓴 건데 아직 쓸만 하던데\n2 : 중고폰으로 3년이면 진짜 오래 썼네...\n3 : 내가 5년 써서 그런가 봐 하하\n3 : 진짜 배터리 눈 깜짝하면 없어짐\n1 : 키키 넌 진짜 휴대폰 좀 바꿔라\n1 : 요즘 인터넷으로 사도 좋아 싸고\n2 : 배터리 가는 건 처음 들어보네...\n2 : 그건 어캐 하는 겨\n2 : 와 근데 5년이나 썼냐...\n3 : se 썼는데 그 귀여움을 대체할만한 폰을 못 찾아서 ㄴ 키키\n1 : 아 인정 키키\n1 : 아이폰은 작고 두꺼운 게 귀여움인뎅...\n2 : 요즘 다시 나왔더만...\n2 : 난 이제 그건 너무 작더라\n3 : 작은 게 주머니에 넣고 다니기 딱 좋아\n1 : 근데 사실 난 휴대폰 화면은 좀 커야 안 질려...\n2 : 그 삼성 플립? 그거는 어때 접히는 거\n3 : 그건 계속 말 많아서 안 사\n3 : 그거 조금 지나면 당근에 엄청 올라옴\n1 : 그거 좀 쓰면 접히는 부분에 선 생긴다던디\n2 : 말 많아?\n2 : 왜왜 몰랐음 맨날 광고만 봐서\n3 : 그 화면 액정 때문에 ㅠㅠ\n3 : 잘 고장 난다고",
        "lines": [
          {
            "id": 1,
            "text": "1 : 키키 화나네 ㅠㅠ",
            "norm_text": "키키 화나네 ㅠㅠ",
            "speaker": {
              "id": "1번",
              "sex": "여성",
              "age": "20대"
            },
            "speechAct": "(단언) 주장하기",
            "morpheme": "키키화나네ㅠㅠ/UNKNOWN"
          },
          {
            "id": 2,
            "text": "1 : 그냥 맨날 배달 시켜 인터넷으로 정기배송 이런 거 하던데",
            "norm_text": "그냥 맨날 배달 시켜 인터넷으로 정기배송 이런 거 하던데",
            "speaker": {
              "id": "1번",
              "sex": "여성",
              "age": "20대"
            },
            "speechAct": "(지시) 충고/제안하기",
            "morpheme": "그냥/MAG+맨날/MAG+배달/NNG+시켜/XSV+EC+인터넷/NNG+으로/JKB+정기/NNG+배송/NNG+이런/MM+거/NNB+하/VV+던데/EC"
          },
          {
            "id": 3,
            "text": "2 : 나 그런 거 잘 못한다... 아직...",
            "norm_text": "나 그런 거 잘 못한다... 아직...",
            "speaker": {
              "id": "2번",
              "sex": "여성",
              "age": "20대"
            },
            "speechAct": "(단언) 주장하기",
            "morpheme": "나/NP+그런/MM+거/NNB+잘못/MAG+한다/VV+EF+./SY+아직/MAG+./SY"
          },
          {
            "id": 4,
            "text": "2 : 근데 요즘 쿠팡에서 폰도 살 수 있어?",
            "norm_text": "근데 요즘 쿠팡에서 폰도 살 수 있어?",
            "speaker": {
              "id": "2번",
              "sex": "여성",
              "age": "20대"
            },
            "speechAct": "(지시) 질문하기",
            "morpheme": "근데/MAJ+요즘/MAG+쿠팡/NNP+에서/JKB+폰/NNG+도/JX+살/VV+ETM+수/NNB+있/VV+어/EF"
          },
          {
            "id": 5,
            "text": "3 : 그 약간 공기계를 사는 거지",
            "norm_text": "그 약간 공기계를 사는 거지",
            "speaker": {
              "id": "3번",
              "sex": "여성",
              "age": "20대"
            },
            "speechAct": "(단언) 진술하기",
            "morpheme": "그/IC+약간/MAG+공기/NNG+계/XSN+를/JKO+사/VV+는/ETM+거/NNB+지/VCP+EC"
          },
          {
            "id": 6,
            "text": "1 : 나는 인터넷에 중고폰 쇼핑몰 있어",
            "norm_text": "나는 인터넷에 중고폰 쇼핑몰 있어",
            "speaker": {
              "id": "1번",
              "sex": "여성",
              "age": "20대"
            },
            "speechAct": "(단언) 진술하기",
            "morpheme": "나/NP+는/JX+인터넷/NNG+에/JKB+중고/NNG+폰/NNG+쇼핑몰/NNG+있/VV+어/EC"
          },
          {
            "id": 7,
            "text": "1 : 에코폰이라고 거기서 사서 씀",
            "norm_text": "에코폰이라고 거기서 사서 씀",
            "speaker": {
              "id": "1번",
              "sex": "여성",
              "age": "20대"
            },
            "speechAct": "(단언) 진술하기",
            "morpheme": "에코/NNG+폰/NNG+이/VCP+라고/EC+거기/NP+서/JKB+사/VV+서/EC+씀/VV+ETN"
          },
          {
            "id": 8,
            "text": "2 : 오오 그랗지",
            "norm_text": "오오 그랗지",
            "speaker": {
              "id": "2번",
              "sex": "여성",
              "age": "20대"
            },
            "speechAct": "(단언) 주장하기",
            "morpheme": "오오그랗지/UNKNOWN"
          },
          {
            "id": 9,
            "text": "2 : 난 공기계가 편하더라",
            "norm_text": "난 공기계가 편하더라",
            "speaker": {
              "id": "2번",
              "sex": "여성",
              "age": "20대"
            },
            "speechAct": "(단언) 주장하기",
            "morpheme": "난공/NNG+기계/NNG+가/JKS+편하/VA+더라/EC"
          },
          {
            "id": 10,
            "text": "3 : 왜 핸드폰 사게?",
            "norm_text": "왜 핸드폰 사게?",
            "speaker": {
              "id": "3번",
              "sex": "여성",
              "age": "20대"
            },
            "speechAct": "(지시) 질문하기",
            "morpheme": "왜/MAG+핸드폰/NNG+사/VV+게/EC"
          },
          {
            "id": 11,
            "text": "3 : 폰 좋잖아 지금도",
            "norm_text": "폰 좋잖아 지금도",
            "speaker": {
              "id": "3번",
              "sex": "여성",
              "age": "20대"
            },
            "speechAct": "(단언) 진술하기",
            "morpheme": "폰/NNG+좋/VA+잖아/EF+지금/MAG+도/JX"
          },
          {
            "id": 12,
            "text": "1 : 나는 진짜 바꿔야 하는디...",
            "norm_text": "나는 진짜 바꿔야 하는디...",
            "speaker": {
              "id": "1번",
              "sex": "여성",
              "age": "20대"
            },
            "speechAct": "(단언) 주장하기",
            "morpheme": "나/NP+는/JX+진짜/MAG+바꿔야/VV+EC+하/VX+는디/EF+./SY"
          },
          {
            "id": 13,
            "text": "1 : 중고폰 사서 3년 썼으면 오래 썼다",
            "norm_text": "중고폰 사서 3년 썼으면 오래 썼다",
            "speaker": {
              "id": "1번",
              "sex": "여성",
              "age": "20대"
            },
            "speechAct": "(단언) 주장하기",
            "morpheme": "중고/NNG+폰/NNG+사/VV+서/EC+3/SN+년/NNBC+썼/VV+EP+으면/EC+오래/MAG+썼/VV+EP+다/EC"
          },
          {
            "id": 14,
            "text": "2 : 그래도 2년 반 씀",
            "norm_text": "그래도 2년 반 씀",
            "speaker": {
              "id": "2번",
              "sex": "여성",
              "age": "20대"
            },
            "speechAct": "(단언) 진술하기",
            "morpheme": "그래도/MAJ+2/SN+년/NNBC+반/NNG+씀/VV+ETN"
          },
          {
            "id": 15,
            "text": "2 : 요즘 배터리가 빨리 달더라",
            "norm_text": "요즘 배터리가 빨리 달더라",
            "speaker": {
              "id": "2번",
              "sex": "여성",
              "age": "20대"
            },
            "speechAct": "(단언) 진술하기",
            "morpheme": "요즘/NNG+배터리/NNG+가/JKS+빨리/MAG+달/VV+더라/EC"
          },
          {
            "id": 16,
            "text": "3 : 아이폰은 너무 빨리 닳아 중고로 사면 걱정돼 ㅠ",
            "norm_text": "아이폰은 너무 빨리 닳아 중고로 사면 걱정돼 ㅠ",
            "speaker": {
              "id": "3번",
              "sex": "여성",
              "age": "20대"
            },
            "speechAct": "(단언) 주장하기",
            "morpheme": "아이폰/NNP+은/JX+너무/MAG+빨리/MAG+닳/VV+아/EC+중고/NNG+로/JKB+사/VV+면/EC+걱정/NNG+돼/XSV+EC+ㅠ/UNKNOWN"
          },
          {
            "id": 17,
            "text": "3 : 그거 배터리 갈면 올라가는데 기능은 똑같음",
            "norm_text": "그거 배터리 갈면 올라가는데 기능은 똑같음",
            "speaker": {
              "id": "3번",
              "sex": "여성",
              "age": "20대"
            },
            "speechAct": "(단언) 진술하기",
            "morpheme": "그거/NP+배터리/NNG+갈/VV+면/EC+올라가/VV+는데/EC+기능/NNG+은/JX+똑같/VA+음/ETN"
          },
          {
            "id": 18,
            "text": "1 : 그래도 내 폰 총 4년 정도 쓴 건데 아직 쓸만 하던데",
            "norm_text": "그래도 내 폰 총 4년 정도 쓴 건데 아직 쓸만 하던데",
            "speaker": {
              "id": "1번",
              "sex": "여성",
              "age": "20대"
            },
            "speechAct": "(단언) 진술하기",
            "morpheme": "그래도/MAJ+내/MM+폰/NNG+총/MM+4/SN+년/NNBC+정도/NNG+쓴/VV+ETM+건데/NNB+VCP+EC+아직/MAG+쓸/VV+ETM+만/NNB+하/XSA+던데/EC"
          },
          {
            "id": 19,
            "text": "2 : 중고폰으로 3년이면 진짜 오래 썼네...",
            "norm_text": "중고폰으로 3년이면 진짜 오래 썼네...",
            "speaker": {
              "id": "2번",
              "sex": "여성",
              "age": "20대"
            },
            "speechAct": "(단언) 진술하기",
            "morpheme": "중고/NNG+폰/NNG+으로/JKB+3/SN+년/NNBC+이/VCP+면/EC+진짜/MAG+오래/MAG+썼/VV+EP+네/EF+./SY"
          },
          {
            "id": 20,
            "text": "3 : 내가 5년 써서 그런가 봐 하하",
            "norm_text": "내가 5년 써서 그런가 봐 하하",
            "speaker": {
              "id": "3번",
              "sex": "여성",
              "age": "20대"
            },
            "speechAct": "(단언) 진술하기",
            "morpheme": "내/NP+가/JKS+5/SN+년/NNBC+써서/VV+EC+그런가/VA+EC+봐/VX+EF+하하/MAG"
          },
          {
            "id": 21,
            "text": "3 : 진짜 배터리 눈 깜짝하면 없어짐",
            "norm_text": "진짜 배터리 눈 깜짝하면 없어짐",
            "speaker": {
              "id": "3번",
              "sex": "여성",
              "age": "20대"
            },
            "speechAct": "(단언) 진술하기",
            "morpheme": "진짜/MAG+배터리/NNG+눈깜짝하/VV+면/EC+없/VA+어/EC+짐/NNG"
          },
          {
            "id": 22,
            "text": "1 : 키키 넌 진짜 휴대폰 좀 바꿔라",
            "norm_text": "키키 넌 진짜 휴대폰 좀 바꿔라",
            "speaker": {
              "id": "1번",
              "sex": "여성",
              "age": "20대"
            },
            "speechAct": "(지시) 명령/요구하기",
            "morpheme": "키/NNG+키/XSV+ETN+넌/JX+진짜/MAG+휴대폰/NNG+좀/MAG+바꿔라/VV+EC"
          },
          {
            "id": 23,
            "text": "1 : 요즘 인터넷으로 사도 좋아 싸고",
            "norm_text": "요즘 인터넷으로 사도 좋아 싸고",
            "speaker": {
              "id": "1번",
              "sex": "여성",
              "age": "20대"
            },
            "speechAct": "(단언) 주장하기",
            "morpheme": "요즘/NNG+인터넷/NNG+으로/JKB+사/VV+EC+도/JX+좋/VA+아/EC+싸/VX+고/EC"
          },
          {
            "id": 24,
            "text": "2 : 배터리 가는 건 처음 들어보네...",
            "norm_text": "배터리 가는 건 처음 들어보네...",
            "speaker": {
              "id": "2번",
              "sex": "여성",
              "age": "20대"
            },
            "speechAct": "(단언) 주장하기",
            "morpheme": "배터리/NNG+가/VV+는/ETM+건/NNB+JX+처음/MAG+들/VV+어/EC+보/VX+네/EF+./SY"
          },
          {
            "id": 25,
            "text": "2 : 그건 어캐 하는 겨",
            "norm_text": "그건 어캐 하는 겨",
            "speaker": {
              "id": "2번",
              "sex": "여성",
              "age": "20대"
            },
            "speechAct": "(지시) 질문하기",
            "morpheme": "그건/NP+JX+어/IC+캐/NNG+하/XSV+는겨/EC"
          },
          {
            "id": 26,
            "text": "2 : 와 근데 5년이나 썼냐...",
            "norm_text": "와 근데 5년이나 썼냐...",
            "speaker": {
              "id": "2번",
              "sex": "여성",
              "age": "20대"
            },
            "speechAct": "(단언) 진술하기",
            "morpheme": "와/IC+근데/MAJ+5/SN+년/NNBC+이나/JX+썼/VV+EP+냐/EF+./SY"
          },
          {
            "id": 27,
            "text": "3 : se 썼는데 그 귀여움을 대체할만한 폰을 못 찾아서 ㄴ 키키",
            "norm_text": "se 썼는데 그 귀여움을 대체할만한 폰을 못 찾아서 ㄴ 키키",
            "speaker": {
              "id": "3번",
              "sex": "여성",
              "age": "20대"
            },
            "speechAct": "(단언) 진술하기",
            "morpheme": "se/SL+썼는데그귀여움을대체할만한폰을못찾아서ㄴ키키/UNKNOWN"
          },
          {
            "id": 28,
            "text": "1 : 아 인정 키키",
            "norm_text": "아 인정 키키",
            "speaker": {
              "id": "1번",
              "sex": "여성",
              "age": "20대"
            },
            "speechAct": "(단언) 주장하기",
            "morpheme": "아/IC+인정/NNG+키/NNG+키/XSV+ETN"
          },
          {
            "id": 29,
            "text": "1 : 아이폰은 작고 두꺼운 게 귀여움인뎅...",
            "norm_text": "아이폰은 작고 두꺼운 게 귀여움인뎅...",
            "speaker": {
              "id": "1번",
              "sex": "여성",
              "age": "20대"
            },
            "speechAct": "(단언) 진술하기",
            "morpheme": "아이폰은작고두꺼운게귀여움인뎅/UNKNOWN+./SY"
          },
          {
            "id": 30,
            "text": "2 : 요즘 다시 나왔더만...",
            "norm_text": "요즘 다시 나왔더만...",
            "speaker": {
              "id": "2번",
              "sex": "여성",
              "age": "20대"
            },
            "speechAct": "(단언) 진술하기",
            "morpheme": "요즘/MAG+다시/MAG+나왔/VV+EP+더만/EF+./SY"
          },
          {
            "id": 31,
            "text": "2 : 난 이제 그건 너무 작더라",
            "norm_text": "난 이제 그건 너무 작더라",
            "speaker": {
              "id": "2번",
              "sex": "여성",
              "age": "20대"
            },
            "speechAct": "(단언) 진술하기",
            "morpheme": "난/NP+JX+이제/MAG+그건/NP+JX+너무/MAG+작/VA+더라/EC"
          },
          {
            "id": 32,
            "text": "3 : 작은 게 주머니에 넣고 다니기 딱 좋아",
            "norm_text": "작은 게 주머니에 넣고 다니기 딱 좋아",
            "speaker": {
              "id": "3번",
              "sex": "여성",
              "age": "20대"
            },
            "speechAct": "(단언) 주장하기",
            "morpheme": "작/VA+은/ETM+게/NNB+JKS+주머니/NNG+에/JKB+넣/VV+고/EC+다니/VV+기/ETN+딱/MAG+좋/VA+아/EC"
          },
          {
            "id": 33,
            "text": "1 : 근데 사실 난 휴대폰 화면은 좀 커야 안 질려...",
            "norm_text": "근데 사실 난 휴대폰 화면은 좀 커야 안 질려...",
            "speaker": {
              "id": "1번",
              "sex": "여성",
              "age": "20대"
            },
            "speechAct": "(단언) 주장하기",
            "morpheme": "근데/MAJ+사실/MAG+난/NP+JX+휴대폰/NNG+화면/NNG+은/JX+좀/MAG+커야/VA+EC+안/MAG+질려/VV+EC+./SY+./SY"
          },
          {
            "id": 34,
            "text": "2 : 그 삼성 플립? 그거는 어때 접히는 거",
            "norm_text": "그 삼성 플립? 그거는 어때 접히는 거",
            "speaker": {
              "id": "2번",
              "sex": "여성",
              "age": "20대"
            },
            "speechAct": "(지시) 질문하기",
            "morpheme": "그/MM+삼성/NNP+플립/NNP+그거/NP+는/JX+어때/VA+EC+접히/VV+는/ETM+거/NNB"
          },
          {
            "id": 35,
            "text": "3 : 그건 계속 말 많아서 안 사",
            "norm_text": "그건 계속 말 많아서 안 사",
            "speaker": {
              "id": "3번",
              "sex": "여성",
              "age": "20대"
            },
            "speechAct": "(단언) 주장하기",
            "morpheme": "그건/NP+JX+계속/MAG+말/NNG+많/VA+아서/EC+안/MAG+사/VV+EC"
          },
          {
            "id": 36,
            "text": "3 : 그거 조금 지나면 당근에 엄청 올라옴",
            "norm_text": "그거 조금 지나면 당근에 엄청 올라옴",
            "speaker": {
              "id": "3번",
              "sex": "여성",
              "age": "20대"
            },
            "speechAct": "(단언) 진술하기",
            "morpheme": "그거/NP+조금/MAG+지나/VV+면/EC+당근/NNG+에/JKB+엄청/MAG+올라옴/VV+ETN"
          },
          {
            "id": 37,
            "text": "1 : 그거 좀 쓰면 접히는 부분에 선 생긴다던디",
            "norm_text": "그거 좀 쓰면 접히는 부분에 선 생긴다던디",
            "speaker": {
              "id": "1번",
              "sex": "여성",
              "age": "20대"
            },
            "speechAct": "(단언) 진술하기",
            "morpheme": "그거/NP+좀/MAG+쓰/VV+면/EC+접히/VV+는/ETM+부분/NNG+에/JKB+선생/NNG+긴다/VV+EC+던디/NNP"
          },
          {
            "id": 38,
            "text": "2 : 말 많아?",
            "norm_text": "말 많아?",
            "speaker": {
              "id": "2번",
              "sex": "여성",
              "age": "20대"
            },
            "speechAct": "(지시) 질문하기",
            "morpheme": "말/NNG+많/VA+아/EF"
          },
          {
            "id": 39,
            "text": "2 : 왜왜 몰랐음 맨날 광고만 봐서",
            "norm_text": "왜왜 몰랐음 맨날 광고만 봐서",
            "speaker": {
              "id": "2번",
              "sex": "여성",
              "age": "20대"
            },
            "speechAct": "(단언) 진술하기",
            "morpheme": "왜/MAG+왜/MAG+몰랐/VV+EP+음/IC+맨날/MAG+광고/NNG+만/JX+봐서/VV+EC"
          },
          {
            "id": 40,
            "text": "3 : 그 화면 액정 때문에 ㅠㅠ",
            "norm_text": "그 화면 액정 때문에 ㅠㅠ",
            "speaker": {
              "id": "3번",
              "sex": "여성",
              "age": "20대"
            },
            "speechAct": "(단언) 진술하기",
            "morpheme": "그/MM+화면/NNG+액정/NNG+때문/NNB+에/JKB+ㅠㅠ/UNKNOWN"
          },
          {
            "id": 41,
            "text": "3 : 잘 고장 난다고",
            "norm_text": "잘 고장 난다고",
            "speaker": {
              "id": "3번",
              "sex": "여성",
              "age": "20대"
            },
            "speechAct": "(단언) 진술하기",
            "morpheme": "잘/MAG+고장/NNG+난다고/VV+EC"
          }
        ]
      }
    }
  ]
}