{
  "dataset": {
    "identifier": 62403,
    "name": "KAKAO_921_18_set",
    "src_path": "/data/file/cubeManager/PROJECT001/53/txt20211005161403045721/KAKAO_921_18_set/",
    "label_path": "/data/file/cubeManager/PROJECT001/53/txt20211005161403045721/KAKAO_921_18_set/",
    "category": 2,
    "type": 0
  },
  "licenses": {
    "name": "Apache License 1.0",
    "url": "http://www.apache.org/licenses/LICENSE-1.0"
  },
  "info": [
    {
      "id": 41995,
      "filename": "KAKAO_921_18.txt",
      "title": "KAKAO_921_18",
      "mediatype": "SNS",
      "medianame": "카카오톡",
      "category": "일상대화",
      "date": "2021-10-05",
      "size": 980,
      "annotations": {
        "subject": "상거래 전반",
        "speaker_type": "1:1",
        "size": 980,
        "word_size": 319,
        "text": "1 : 그 우리 쇼핑몰에서 옷 같은 거 쇼핑할 때 있자나\n1 : 그 옷 제품 이름? 그런 키워드를 네이버 쇼핑 이런데 검색하니까 최저가로 거의 5-6천 원을 싸게 구매할 수 있더라고?\n2 : 웅응 네이버에 렌즈인가 거기에 사고 싶은 옷 캡쳐한 걸 스캔? 하면 똑같은 옷을 파는 여러 쇼핑몰을 보여주는데 그중에 최저가로 살 수 있어 키키\n1 : 응 키키 난 몰랐오 키키\n1 : 다 같은 옷을 떼와서 다르게 파는 건가 키키\n2 : 그런가 봐 키키\n2 : 아 난 이제 가을 옷 열심히 보고 있는데 확실히 여름 옷보다 비싸 ㅠ\n1 : 키키 맞앙 난 자켓에 환장하는데 자켓류는 기본 5-6마넌 ㅜ\n2 : 근데 진짜 편안한 옷을 사야 되는데 막상 살 때는 이쁘고 꾸미고 싶을 때 옷 사게 되지 않아?\n1 : 키키 맞앙 편한 바지류를 잘 안 사게 되지 맘 먹고 사야 사지고 ㅜ\n2 : 사실 입고 나길 일도 없긴 한데 그치 키키\n2 : 그래서 그런가 가격도 더 올라가더라고 이쁜 옷만 보니까 키키\n1 : 키키 난 근데 요새 코로나라서 그런가 안 나가니까 오히려 예쁜 옷?그런 정제된 옷을 입을 일이 거의 없더라구 ㅜㅜ 키키\n2 : 나도 전혀 없는데 그냥 살 때는 무조건 이쁜 옷만 봐 키키\n2 : 막상 사 놓고 입지도 못하고 계절 지나간 적도 엄청 많아\n1 : 키키 맞앙 그러다가 유행 지나가고... 맨날 악순환 키키\n1 : 우리 한번 이쁘게 입고 만나는 날을 정해서 그런 옷들을 소비하자 키키\n2 : 응 그러자 키키\n2 : 근데 요즘 쇼핑몰들 가격이 좀 많이 다 올라간 거 같아\n2 : 디자이너 샵도 아닌데 너무 다 비싸 ㅠ\n1 : 맞아 ㅜ 높게 가격 책정해도 다 팔리니까 베짱 장사야\n2 : 부르는 게 값이라는 게 맞나 봐 키키\n2 : 그렇다고 퀄리티들이 다 좋은 것도 아니고\n1 : 키키 맞앙 그리고 뭐 단독이라고 해서 사면 나중에 보면 다른 쇼핑몰에 비슷한 거 너무 많던뎅\n2 : 맞아 쇼핑몰메이드라고 나온 것도 보면 다른 쇼핑몰에 비슷하게 팔기도 하더라고\n2 : 옷도 좀 잘 보고 현명하게 구매해야겠다",
        "lines": [
          {
            "id": 1,
            "text": "1 : 그 우리 쇼핑몰에서 옷 같은 거 쇼핑할 때 있자나",
            "norm_text": "그 우리 쇼핑몰에서 옷 같은 거 쇼핑할 때 있자나",
            "speaker": {
              "id": "1번",
              "sex": "여성",
              "age": "20대"
            },
            "speechAct": "(단언) 주장하기",
            "morpheme": "그/IC+우리/NP+쇼핑몰/NNG+에서/JKB+옷/NNG+같/VA+은/ETM+거/NNB+쇼핑/NNG+할/XSV+ETM+때/NNG+있/VV+자/EC+나/VX"
          },
          {
            "id": 2,
            "text": "1 : 그 옷 제품 이름? 그런 키워드를 네이버 쇼핑 이런데 검색하니까 최저가로 거의 5-6천 원을 싸게 구매할 수 있더라고?",
            "norm_text": "그 옷 제품 이름? 그런 키워드를 네이버 쇼핑 이런데 검색하니까 최저가로 거의 5-6천 원을 싸게 구매할 수 있더라고?",
            "speaker": {
              "id": "1번",
              "sex": "여성",
              "age": "20대"
            },
            "speechAct": "(단언) 진술하기",
            "morpheme": "그/MM+옷/NNG+제품/NNG+이름/NNG+그런/MM+키워드/NNP+를/JKO+네이버/NNP+쇼핑/NNG+이런/MM+데/NNB+검색/NNG+하/XSV+니까/EC+최저가/NNG+로/JKB+거의/MAG+5/SN+-/SY+6/SN+천/NR+원/NNBC+을/JKO+싸/VV+게/EC+구매/NNG+할/XSV+ETM+수/NNB+있/VV+더라고/EF"
          },
          {
            "id": 3,
            "text": "2 : 웅응 네이버에 렌즈인가 거기에 사고 싶은 옷 캡쳐한 걸 스캔? 하면 똑같은 옷을 파는 여러 쇼핑몰을 보여주는데 그중에 최저가로 살 수 있어 키키",
            "norm_text": "웅응 네이버에 렌즈인가 거기에 사고 싶은 옷 캡쳐한 걸 스캔? 하면 똑같은 옷을 파는 여러 쇼핑몰을 보여주는데 그중에 최저가로 살 수 있어 키키",
            "speaker": {
              "id": "2번",
              "sex": "여성",
              "age": "20대"
            },
            "speechAct": "(단언) 진술하기",
            "morpheme": "웅/IC+응/IC+네이버/NNP+에/JKB+렌즈/NNG+인가/VCP+EC+거기/NP+에/JKB+사/VV+고/EC+싶/VX+은/ETM+옷/NNG+캡쳐/NNP+한/XSA+ETM+걸/NNB+JKO+스캔/NNP+하/VV+면/EC+똑같/VA+은/ETM+옷/NNG+을/JKO+파/VV+는/ETM+여러/MM+쇼핑몰/NNG+을/JKO+보여/VV+EC+주/VX+는데/EC+그/MM+중/NNB+에/JKB+최저가/NNG+로/JKB+살/VV+ETM+수/NNB+있/VV+어/EC+키/NNG+키/XSV+ETN"
          },
          {
            "id": 4,
            "text": "1 : 응 키키 난 몰랐오 키키",
            "norm_text": "응 키키 난 몰랐오 키키",
            "speaker": {
              "id": "1번",
              "sex": "여성",
              "age": "20대"
            },
            "speechAct": "(단언) 주장하기",
            "morpheme": "응/IC+키/NNG+키/XSV+ETN+난/NP+JX+몰랐/VV+EP+오키/NNP+키/NNG"
          },
          {
            "id": 5,
            "text": "1 : 다 같은 옷을 떼와서 다르게 파는 건가 키키",
            "norm_text": "다 같은 옷을 떼와서 다르게 파는 건가 키키",
            "speaker": {
              "id": "1번",
              "sex": "여성",
              "age": "20대"
            },
            "speechAct": "(단언) 주장하기",
            "morpheme": "다/MAG+같/VA+은/ETM+옷/NNG+을/JKO+떼/VV+EC+와서/VV+EC+다르/VA+게/EC+파/VV+는/ETM+건가/NNB+VCP+EC+키/NNG+키/XSV+ETN"
          },
          {
            "id": 6,
            "text": "2 : 그런가 봐 키키",
            "norm_text": "그런가 봐 키키",
            "speaker": {
              "id": "2번",
              "sex": "여성",
              "age": "20대"
            },
            "speechAct": "(단언) 주장하기",
            "morpheme": "그런가/VA+EC+봐/VX+EF+키/NNG+키/XSV+ETN"
          },
          {
            "id": 7,
            "text": "2 : 아 난 이제 가을 옷 열심히 보고 있는데 확실히 여름 옷보다 비싸 ㅠ",
            "norm_text": "아 난 이제 가을 옷 열심히 보고 있는데 확실히 여름 옷보다 비싸 ㅠ",
            "speaker": {
              "id": "2번",
              "sex": "여성",
              "age": "20대"
            },
            "speechAct": "(단언) 진술하기",
            "morpheme": "아/IC+난/NP+JX+이제/MAG+가을/NNG+옷/NNG+열심히/MAG+보/VV+고/EC+있/VX+는데/EC+확실히/MAG+여름옷/NNG+보다/JKB+비싸/VA+EF+ㅠ/UNKNOWN"
          },
          {
            "id": 8,
            "text": "1 : 키키 맞앙 난 자켓에 환장하는데 자켓류는 기본 5-6마넌 ㅜ",
            "norm_text": "키키 맞앙 난 자켓에 환장하는데 자켓류는 기본 5-6마넌 ㅜ",
            "speaker": {
              "id": "1번",
              "sex": "여성",
              "age": "20대"
            },
            "speechAct": "(단언) 주장하기",
            "morpheme": "키/NNG+키/XSV+ETN+맞/VV+앙/EC+난/VX+ETM+자켓/NNG+에/JKB+환장/NNG+하/XSV+는/ETM+데/NNB+자켓/NNG+류/XSN+는/JX+기본/NNG+5/SN+-/SY+6/SN+마넌ㅜ/UNKNOWN"
          },
          {
            "id": 9,
            "text": "2 : 근데 진짜 편안한 옷을 사야 되는데 막상 살 때는 이쁘고 꾸미고 싶을 때 옷 사게 되지 않아?",
            "norm_text": "근데 진짜 편안한 옷을 사야 되는데 막상 살 때는 이쁘고 꾸미고 싶을 때 옷 사게 되지 않아?",
            "speaker": {
              "id": "2번",
              "sex": "여성",
              "age": "20대"
            },
            "speechAct": "(지시) 질문하기",
            "morpheme": "근데/MAJ+진짜/MAG+편안/NNG+한/XSA+ETM+옷/NNG+을/JKO+사/VV+야/EC+되/VV+는데/EC+막상/MAG+살/VV+ETM+때/NNG+는/JX+이쁘/VA+고/EC+꾸미/VV+고/EC+싶/VX+을/ETM+때/NNG+옷/NNG+사/VV+게/EC+되/VV+지/EC+않/VX+아/EF"
          },
          {
            "id": 10,
            "text": "1 : 키키 맞앙 편한 바지류를 잘 안 사게 되지 맘 먹고 사야 사지고 ㅜ",
            "norm_text": "키키 맞앙 편한 바지류를 잘 안 사게 되지 맘 먹고 사야 사지고 ㅜ",
            "speaker": {
              "id": "1번",
              "sex": "여성",
              "age": "20대"
            },
            "speechAct": "(단언) 주장하기",
            "morpheme": "키/NNG+키/XSV+ETN+맞/VV+앙/EC+편한/VA+ETM+바/NNB+지류/NNG+를/JKO+잘/MAG+안/MAG+사/VV+게/EC+되/VV+지/EC+맘먹/VV+고/EC+사/VV+야사/EC+지/VX+고/EC+ㅜ/UNKNOWN"
          },
          {
            "id": 11,
            "text": "2 : 사실 입고 나길 일도 없긴 한데 그치 키키",
            "norm_text": "사실 입고 나길 일도 없긴 한데 그치 키키",
            "speaker": {
              "id": "2번",
              "sex": "여성",
              "age": "20대"
            },
            "speechAct": "(단언) 주장하기",
            "morpheme": "사실/MAG+입고/NNG+나/JC+길일/NNG+도/JX+없/VA+긴/ETN+JX+한데/VX+EC+그치/IC+키/NNG+키/XSV+ETN"
          },
          {
            "id": 12,
            "text": "2 : 그래서 그런가 가격도 더 올라가더라고 이쁜 옷만 보니까 키키",
            "norm_text": "그래서 그런가 가격도 더 올라가더라고 이쁜 옷만 보니까 키키",
            "speaker": {
              "id": "2번",
              "sex": "여성",
              "age": "20대"
            },
            "speechAct": "(단언) 주장하기",
            "morpheme": "그래서/MAJ+그런가/VA+EC+가격/NNG+도/JX+더/MAG+올라가/VV+더라고/EC+이쁜/VA+ETM+옷/NNG+만/JX+보/VV+니까/EC+키/NNG+키/XSV+ETN"
          },
          {
            "id": 13,
            "text": "1 : 키키 난 근데 요새 코로나라서 그런가 안 나가니까 오히려 예쁜 옷?그런 정제된 옷을 입을 일이 거의 없더라구 ㅜㅜ 키키",
            "norm_text": "키키 난 근데 요새 코로나라서 그런가 안 나가니까 오히려 예쁜 옷?그런 정제된 옷을 입을 일이 거의 없더라구 ㅜㅜ 키키",
            "speaker": {
              "id": "1번",
              "sex": "여성",
              "age": "20대"
            },
            "speechAct": "(단언) 진술하기",
            "morpheme": "키/NNG+키/XSV+ETN+난/NP+JX+근데/MAJ+요새/MAG+코로나/NNG+라서/VCP+EC+그런가/VA+EC+안/MAG+나가/VV+니까/EC+오히려/MAJ+예쁜/VA+ETM+옷/NNG+그런/MM+정제/NNG+된/XSV+ETM+옷/NNG+을/JKO+입/VV+을/ETM+일/NNG+이/JKS+거의/MAG+없/VA+더라구/EF+ㅜㅜ/UNKNOWN+키/NNG+키/XSV+ETN"
          },
          {
            "id": 14,
            "text": "2 : 나도 전혀 없는데 그냥 살 때는 무조건 이쁜 옷만 봐 키키",
            "norm_text": "나도 전혀 없는데 그냥 살 때는 무조건 이쁜 옷만 봐 키키",
            "speaker": {
              "id": "2번",
              "sex": "여성",
              "age": "20대"
            },
            "speechAct": "(단언) 진술하기",
            "morpheme": "나/NP+도/JX+전혀/MAG+없/VA+는데/EC+그냥/MAG+살/VV+ETM+때/NNG+는/JX+무조건/MAG+이쁜/VA+ETM+옷/NNG+만/JX+봐/VV+EC+키/NNG+키/XSV+ETN"
          },
          {
            "id": 15,
            "text": "2 : 막상 사 놓고 입지도 못하고 계절 지나간 적도 엄청 많아",
            "norm_text": "막상 사 놓고 입지도 못하고 계절 지나간 적도 엄청 많아",
            "speaker": {
              "id": "2번",
              "sex": "여성",
              "age": "20대"
            },
            "speechAct": "(단언) 진술하기",
            "morpheme": "막상/MAG+사놓/VV+고/EC+입지/NNG+도/JX+못하/VX+고/EC+계절/NNG+지나간/VV+ETM+적/NNB+도/JX+엄청/MAG+많/VA+아/EC"
          },
          {
            "id": 16,
            "text": "1 : 키키 맞앙 그러다가 유행 지나가고... 맨날 악순환 키키",
            "norm_text": "키키 맞앙 그러다가 유행 지나가고... 맨날 악순환 키키",
            "speaker": {
              "id": "1번",
              "sex": "여성",
              "age": "20대"
            },
            "speechAct": "(단언) 주장하기",
            "morpheme": "키/NNG+키/XSV+ETN+맞/VV+앙/EC+그러/VV+다가/EC+유행/NNG+지나가/VV+고/EC+./SY+./SY+맨날/MAG+악순환/NNG+키/NNG+키/XSV+ETN"
          },
          {
            "id": 17,
            "text": "1 : 우리 한번 이쁘게 입고 만나는 날을 정해서 그런 옷들을 소비하자 키키",
            "norm_text": "우리 한번 이쁘게 입고 만나는 날을 정해서 그런 옷들을 소비하자 키키",
            "speaker": {
              "id": "1번",
              "sex": "여성",
              "age": "20대"
            },
            "speechAct": "(언약) 약속하기(제3자와)/(개인적 수준)",
            "morpheme": "우리/NP+한/MM+번/NNBC+이쁘/VA+게/EC+입/VV+고/EC+만나/VV+는/ETM+날/NNG+을/JKO+정해서/VV+EC+그런/MM+옷/NNG+들/XSN+을/JKO+소비/NNG+하/XSV+자/EC+키/NNG+키/XSV+ETN"
          },
          {
            "id": 18,
            "text": "2 : 응 그러자 키키",
            "norm_text": "응 그러자 키키",
            "speaker": {
              "id": "2번",
              "sex": "여성",
              "age": "20대"
            },
            "speechAct": "(언약) 약속하기(제3자와)/(개인적 수준)",
            "morpheme": "응/IC+그러/VV+자/EC+키/NNG+키/XSV+ETN"
          },
          {
            "id": 19,
            "text": "2 : 근데 요즘 쇼핑몰들 가격이 좀 많이 다 올라간 거 같아",
            "norm_text": "근데 요즘 쇼핑몰들 가격이 좀 많이 다 올라간 거 같아",
            "speaker": {
              "id": "2번",
              "sex": "여성",
              "age": "20대"
            },
            "speechAct": "(단언) 주장하기",
            "morpheme": "근데/MAJ+요즘/MAG+쇼핑몰/NNG+들/XSN+가격/NNG+이/JKS+좀/MAG+많이/MAG+다/MAG+올라간/VV+ETM+거/NNB+같/VA+아/EC"
          },
          {
            "id": 20,
            "text": "2 : 디자이너 샵도 아닌데 너무 다 비싸 ㅠ",
            "norm_text": "디자이너 샵도 아닌데 너무 다 비싸 ㅠ",
            "speaker": {
              "id": "2번",
              "sex": "여성",
              "age": "20대"
            },
            "speechAct": "(단언) 주장하기",
            "morpheme": "디자이너/NNG+샵/NNP+도/JX+아닌데/VCN+EC+너무/MAG+다/MAG+비싸/VA+EF+ㅠ/UNKNOWN"
          },
          {
            "id": 21,
            "text": "1 : 맞아 ㅜ 높게 가격 책정해도 다 팔리니까 베짱 장사야",
            "norm_text": "맞아 ㅜ 높게 가격 책정해도 다 팔리니까 베짱 장사야",
            "speaker": {
              "id": "1번",
              "sex": "여성",
              "age": "20대"
            },
            "speechAct": "(단언) 주장하기",
            "morpheme": "맞/VV+아/EC+ㅜ높/UNKNOWN+게/EC+가격/NNG+책정/NNG+해도/XSV+EC+다/MAG+팔리/VV+니까/EC+베/VX+EC+짱/NNG+장사/NNG+야/VCP+EF"
          },
          {
            "id": 22,
            "text": "2 : 부르는 게 값이라는 게 맞나 봐 키키",
            "norm_text": "부르는 게 값이라는 게 맞나 봐 키키",
            "speaker": {
              "id": "2번",
              "sex": "여성",
              "age": "20대"
            },
            "speechAct": "(단언) 주장하기",
            "morpheme": "부르/VV+는/ETM+게/NNB+JKS+값/NNG+이/VCP+라는/ETM+게/NNB+JKS+맞/VV+나/EC+봐/VX+EF+키/NNG+키/XSV+ETN"
          },
          {
            "id": 23,
            "text": "2 : 그렇다고 퀄리티들이 다 좋은 것도 아니고",
            "norm_text": "그렇다고 퀄리티들이 다 좋은 것도 아니고",
            "speaker": {
              "id": "2번",
              "sex": "여성",
              "age": "20대"
            },
            "speechAct": "(단언) 주장하기",
            "morpheme": "그렇/VA+다고/EC+퀄리티/NNP+들/XSN+이/JKS+다/MAG+좋/VA+은/ETM+것/NNB+도/JX+아니/VCN+고/EC"
          },
          {
            "id": 24,
            "text": "1 : 키키 맞앙 그리고 뭐 단독이라고 해서 사면 나중에 보면 다른 쇼핑몰에 비슷한 거 너무 많던뎅",
            "norm_text": "키키 맞앙 그리고 뭐 단독이라고 해서 사면 나중에 보면 다른 쇼핑몰에 비슷한 거 너무 많던뎅",
            "speaker": {
              "id": "1번",
              "sex": "여성",
              "age": "20대"
            },
            "speechAct": "(단언) 주장하기",
            "morpheme": "키/NNG+키/XSV+ETN+맞/VV+앙/EC+그리고/MAJ+뭐/IC+단독/NNG+이/VCP+라고/EC+해서/VV+EC+사면/NNG+나중/NNG+에/JKB+보/VV+면/EC+다른/MM+쇼핑몰/NNG+에/JKB+비슷/XR+한/XSA+ETM+거/NNB+너무/MAG+많/VA+던/ETM+뎅/NNP"
          },
          {
            "id": 25,
            "text": "2 : 맞아 쇼핑몰메이드라고 나온 것도 보면 다른 쇼핑몰에 비슷하게 팔기도 하더라고",
            "norm_text": "맞아 쇼핑몰메이드라고 나온 것도 보면 다른 쇼핑몰에 비슷하게 팔기도 하더라고",
            "speaker": {
              "id": "2번",
              "sex": "여성",
              "age": "20대"
            },
            "speechAct": "(단언) 주장하기",
            "morpheme": "맞/VV+아/EC+쇼핑몰/NNG+메이드/NNP+라고/VCP+EC+나온/VV+ETM+것/NNB+도/JX+보/VV+면/EC+다른/MM+쇼핑몰/NNG+에/JKB+비슷/XR+하/XSA+게/EC+팔/VV+기/ETN+도/JX+하/VV+더라고/EC"
          },
          {
            "id": 26,
            "text": "2 : 옷도 좀 잘 보고 현명하게 구매해야겠다",
            "norm_text": "옷도 좀 잘 보고 현명하게 구매해야겠다",
            "speaker": {
              "id": "2번",
              "sex": "여성",
              "age": "20대"
            },
            "speechAct": "(언약) 약속하기(제3자와)/(개인적 수준)",
            "morpheme": "옷/NNG+도/JX+좀/MAG+잘/MAG+보/VV+고/EC+현명/NNG+하/XSV+게/EC+구매/NNG+해야/XSV+EC+VX+겠/EP+다/EC"
          }
        ]
      }
    }
  ]
}