{
  "dataset": {
    "identifier": 44967,
    "name": "KAKAO_916_15_set",
    "src_path": "/data/file/cubeManager/PROJECT001/53/txt20211005155003048481/KAKAO_916_15_set/",
    "label_path": "/data/file/cubeManager/PROJECT001/53/txt20211005155003048481/KAKAO_916_15_set/",
    "category": 2,
    "type": 0
  },
  "licenses": {
    "name": "Apache License 1.0",
    "url": "http://www.apache.org/licenses/LICENSE-1.0"
  },
  "info": [
    {
      "id": 41812,
      "filename": "KAKAO_916_15.txt",
      "title": "KAKAO_916_15",
      "mediatype": "SNS",
      "medianame": "카카오톡",
      "category": "일상대화",
      "date": "2021-10-05",
      "size": 523,
      "annotations": {
        "subject": "타 국가 이슈",
        "speaker_type": "1:1",
        "size": 523,
        "word_size": 161,
        "text": "1 : 미국 중간 선거에서 민주당, 공화당 통틀어서 총 4명의 한국계 후보자가 확정됐대\n2 : 와 한국 사람이 선거 됐다는 말이가?\n1 : 이제 후보자로 확정이 됐다는 거지 키키\n2 : 아 키키 아직 뽑히지는 않았고?\n1 : 응 키키 미국 현지에 사는 한국인들에겐 \u0027이 기회를 놓쳐서는 안 됩니다\u0027 이런 의미를 가지고 있대\n2 : 우리나라 사람들이 정치는 대단하지\n2 : 그러니까 미국에서도 뽑히지 않았겠나?\n1 : 키키 미국 정치 문화가 열려 있어서 그런 것도 있을 것 같아\n2 : 키키 우리나라 사람이 당선되면 뿌듯할 거 같노\n1 : 각 후보마다 인터뷰한 뉴스 떠있더라 키키\n2 : 키키 나도 한번 봐야겠다 좀 궁금하네\n1 : 근데 거의 어릴 때 미국으로 가서 살았을 것 같지 않아?\n2 : 그럴 수도 있겠네? 그거까지는 생각 못 해봤는데 ㅜ\n1 : 그래서 미국 문화도 많이 알고 지식도 있으니까 가능한 거 아닐까?\n2 : 그럴 거 같다 키키 그러니까 뽑혔겠지?\n1 : 엉 키키 그래도 자랑스럽다 우리나라 사람이라는 게\n2 : 맞다 키키 진짜 대단한 사람들이다",
        "lines": [
          {
            "id": 1,
            "text": "1 : 미국 중간 선거에서 민주당, 공화당 통틀어서 총 4명의 한국계 후보자가 확정됐대",
            "norm_text": "미국 중간 선거에서 민주당, 공화당 통틀어서 총 4명의 한국계 후보자가 확정됐대",
            "speaker": {
              "id": "1번",
              "sex": "여성",
              "age": "20대"
            },
            "speechAct": "(단언) 진술하기",
            "morpheme": "미국/NNP+중간/NNG+선거/NNG+에서/JKB+민주당/NNP+,/SC+공화/NNG+당/XSN+통틀/VV+어서/EC+총/MM+4/SN+명/NNBC+의/JKG+한국/NNP+계/XSN+후보/NNG+자/XSN+가/JKS+확정/NNG+됐/XSV+EP+대/EC"
          },
          {
            "id": 2,
            "text": "2 : 와 한국 사람이 선거 됐다는 말이가?",
            "norm_text": "와 한국 사람이 선거 됐다는 말이가?",
            "speaker": {
              "id": "2번",
              "sex": "남성",
              "age": "20대"
            },
            "speechAct": "(지시) 질문하기",
            "morpheme": "와/IC+한국/NNP+사람/NNG+이/JKS+선거/NNG+됐/XSV+EP+다는/ETM+말/NNG+이/VCP+가/EF"
          },
          {
            "id": 3,
            "text": "1 : 이제 후보자로 확정이 됐다는 거지 키키",
            "norm_text": "이제 후보자로 확정이 됐다는 거지 키키",
            "speaker": {
              "id": "1번",
              "sex": "여성",
              "age": "20대"
            },
            "speechAct": "(단언) 진술하기",
            "morpheme": "이제/MAG+후보/NNG+자/XSN+로/JKB+확정/NNG+이/JKS+됐/VV+EP+다는/ETM+거/NNB+지/VCP+EC+키/NNG+키/XSV+ETN"
          },
          {
            "id": 4,
            "text": "2 : 아 키키 아직 뽑히지는 않았고?",
            "norm_text": "아 키키 아직 뽑히지는 않았고?",
            "speaker": {
              "id": "2번",
              "sex": "남성",
              "age": "20대"
            },
            "speechAct": "(지시) 질문하기",
            "morpheme": "아키/NNP+키/NNG+아직/MAG+뽑히/VV+지/EC+는/JX+않/VX+았/EP+고/EC"
          },
          {
            "id": 5,
            "text": "1 : 응 키키 미국 현지에 사는 한국인들에겐 \u0027이 기회를 놓쳐서는 안 됩니다\u0027 이런 의미를 가지고 있대",
            "norm_text": "응 키키 미국 현지에 사는 한국인들에겐 \u0027이 기회를 놓쳐서는 안 됩니다\u0027 이런 의미를 가지고 있대",
            "speaker": {
              "id": "1번",
              "sex": "여성",
              "age": "20대"
            },
            "speechAct": "(단언) 진술하기",
            "morpheme": "응/IC+키키/NNP+미국/NNP+현지/NNG+에/JKB+사/VV+는/ETM+한국인/NNG+들/XSN+에겐/JKB+JX+\u0027/SY+이/JKS+기회/NNG+를/JKO+놓쳐서/VV+EC+는/JX+안/MAG+됩니다/VV+EF+\u0027/SY+이런/MM+의미/NNG+를/JKO+가지/VV+고/EC+있/VX+대/EC"
          },
          {
            "id": 6,
            "text": "2 : 우리나라 사람들이 정치는 대단하지",
            "norm_text": "우리나라 사람들이 정치는 대단하지",
            "speaker": {
              "id": "2번",
              "sex": "남성",
              "age": "20대"
            },
            "speechAct": "(단언) 주장하기",
            "morpheme": "우리/NP+나라/NNG+사람/NNG+들/XSN+이/JKS+정치/NNG+는/JX+대단/XR+하/XSA+지/EC"
          },
          {
            "id": 7,
            "text": "2 : 그러니까 미국에서도 뽑히지 않았겠나?",
            "norm_text": "그러니까 미국에서도 뽑히지 않았겠나?",
            "speaker": {
              "id": "2번",
              "sex": "남성",
              "age": "20대"
            },
            "speechAct": "(지시) 질문하기",
            "morpheme": "그러니까/MAJ+미국/NNP+에서/JKB+도/JX+뽑히/VV+지/EC+않/VX+았/EP+겠/EP+나/EF"
          },
          {
            "id": 8,
            "text": "1 : 키키 미국 정치 문화가 열려 있어서 그런 것도 있을 것 같아",
            "norm_text": "키키 미국 정치 문화가 열려 있어서 그런 것도 있을 것 같아",
            "speaker": {
              "id": "1번",
              "sex": "여성",
              "age": "20대"
            },
            "speechAct": "(단언) 주장하기",
            "morpheme": "키키/NNP+미국/NNP+정치/NNG+문화/NNG+가/JKS+열려/VV+EC+있/VX+어서/EC+그런/MM+것/NNB+도/JX+있/VA+을/ETM+것/NNB+같/VA+아/EC"
          },
          {
            "id": 9,
            "text": "2 : 키키 우리나라 사람이 당선되면 뿌듯할 거 같노",
            "norm_text": "키키 우리나라 사람이 당선되면 뿌듯할 거 같노",
            "speaker": {
              "id": "2번",
              "sex": "남성",
              "age": "20대"
            },
            "speechAct": "(단언) 주장하기",
            "morpheme": "키/NNG+키/XSV+ETN+우리/NP+나라/NNG+사람/NNG+이/JKS+당선/NNG+되/XSV+면/EC+뿌/VX+듯/EC+할/VX+ETM+거/NNB+같/VA+노/EC"
          },
          {
            "id": 10,
            "text": "1 : 각 후보마다 인터뷰한 뉴스 떠있더라 키키",
            "norm_text": "각 후보마다 인터뷰한 뉴스 떠있더라 키키",
            "speaker": {
              "id": "1번",
              "sex": "여성",
              "age": "20대"
            },
            "speechAct": "(단언) 진술하기",
            "morpheme": "각/MM+후보/NNG+마다/JX+인터뷰/NNG+한/XSA+ETM+뉴스/NNG+떠/VV+EC+있/VX+더라/EC+키/NNG+키/XSV+ETN"
          },
          {
            "id": 11,
            "text": "2 : 키키 나도 한번 봐야겠다 좀 궁금하네",
            "norm_text": "키키 나도 한번 봐야겠다 좀 궁금하네",
            "speaker": {
              "id": "2번",
              "sex": "남성",
              "age": "20대"
            },
            "speechAct": "(언약) 약속하기(제3자와)/(개인적 수준)",
            "morpheme": "키/NNG+키나/XSA+ETN+JX+도/JX+한/MM+번/NNBC+봐야겠다/VV+EC+VX+EP+EF+좀/MAG+궁금/XR+하/XSA+네/EC"
          },
          {
            "id": 12,
            "text": "1 : 근데 거의 어릴 때 미국으로 가서 살았을 것 같지 않아?",
            "norm_text": "근데 거의 어릴 때 미국으로 가서 살았을 것 같지 않아?",
            "speaker": {
              "id": "1번",
              "sex": "여성",
              "age": "20대"
            },
            "speechAct": "(지시) 질문하기",
            "morpheme": "근데/MAJ+거의/MAG+어릴/VA+ETM+때/NNG+미국/NNP+으로/JKB+가/VV+서/EC+살/VV+았/EP+을/ETM+것/NNB+같/VA+지/EC+않/VX+아/EF"
          },
          {
            "id": 13,
            "text": "2 : 그럴 수도 있겠네? 그거까지는 생각 못 해봤는데 ㅜ",
            "norm_text": "그럴 수도 있겠네? 그거까지는 생각 못 해봤는데 ㅜ",
            "speaker": {
              "id": "2번",
              "sex": "남성",
              "age": "20대"
            },
            "speechAct": "(단언) 주장하기",
            "morpheme": "그럴/VA+ETM+수/NNB+도/JX+있/VA+겠/EP+네/EF+그거/NP+까지/JX+는/JX+생각/NNG+못/MAG+해/VV+EC+봤/VX+EP+는데/EC+ㅜ/UNKNOWN"
          },
          {
            "id": 14,
            "text": "1 : 그래서 미국 문화도 많이 알고 지식도 있으니까 가능한 거 아닐까?",
            "norm_text": "그래서 미국 문화도 많이 알고 지식도 있으니까 가능한 거 아닐까?",
            "speaker": {
              "id": "1번",
              "sex": "여성",
              "age": "20대"
            },
            "speechAct": "(지시) 질문하기",
            "morpheme": "그래서/MAJ+미국/NNP+문화/NNG+도/JX+많이/MAG+알/VV+고/EC+지식/NNG+도/JX+있/VA+으니까/EC+가능/NNG+한/XSA+ETM+거/NNB+아닐까/VCN+EF"
          },
          {
            "id": 15,
            "text": "2 : 그럴 거 같다 키키 그러니까 뽑혔겠지?",
            "norm_text": "그럴 거 같다 키키 그러니까 뽑혔겠지?",
            "speaker": {
              "id": "2번",
              "sex": "남성",
              "age": "20대"
            },
            "speechAct": "(지시) 질문하기",
            "morpheme": "그럴/VA+ETM+거/NNB+같/VA+다/EC+키/NNG+키/XSV+ETN+그러니까/MAJ+뽑혔/VV+EP+겠/EP+지/EF"
          },
          {
            "id": 16,
            "text": "1 : 엉 키키 그래도 자랑스럽다 우리나라 사람이라는 게",
            "norm_text": "엉 키키 그래도 자랑스럽다 우리나라 사람이라는 게",
            "speaker": {
              "id": "1번",
              "sex": "여성",
              "age": "20대"
            },
            "speechAct": "(단언) 주장하기",
            "morpheme": "엉/IC+키/NNG+키/XSV+ETN+그래도/MAJ+자랑/NNG+스럽/XSA+다/EF+우리/NP+나라/NNG+사람/NNG+이/VCP+라는/ETM+게/NNB+JKS"
          },
          {
            "id": 17,
            "text": "2 : 맞다 키키 진짜 대단한 사람들이다",
            "norm_text": "맞다 키키 진짜 대단한 사람들이다",
            "speaker": {
              "id": "2번",
              "sex": "남성",
              "age": "20대"
            },
            "speechAct": "(단언) 주장하기",
            "morpheme": "맞/XPN+다키키/NNP+진짜/MAG+대단/XR+한/XSA+ETM+사람/NNG+들/XSN+이/VCP+다/EC"
          }
        ]
      }
    }
  ]
}