{
  "dataset": {
    "identifier": 76730,
    "name": "KAKAO_904_12_set",
    "src_path": "/data/file/cubeManager/PROJECT001/53/txt20211005153330081860/KAKAO_904_12_set/",
    "label_path": "/data/file/cubeManager/PROJECT001/53/txt20211005153330081860/KAKAO_904_12_set/",
    "category": 2,
    "type": 0
  },
  "licenses": {
    "name": "Apache License 1.0",
    "url": "http://www.apache.org/licenses/LICENSE-1.0"
  },
  "info": [
    {
      "id": 41409,
      "filename": "KAKAO_904_12.txt",
      "title": "KAKAO_904_12",
      "mediatype": "SNS",
      "medianame": "카카오톡",
      "category": "일상대화",
      "date": "2021-10-05",
      "size": 901,
      "annotations": {
        "subject": "여행",
        "speaker_type": "다자간 대화",
        "size": 901,
        "word_size": 312,
        "text": "1 : 키키 야 우리 생각해보니까 여행은 언제 가..?\n1 : 나름 같이 산 해 기준 6년 차 인데...\n2 : 키키 그니까 우리 맨날 만카만 가고 한 거 없음\n3 : 우리 가던 만카도 망함,\n3 : * 너는 여행 좋아하냐\n1 : 맞아...\n1 :  나한테도 물어봐 주면 안돼 여행 좋아하냐고?\n2 : 나 여행 할라고 살지...\n2 : 그게 유일한 삶의 이유임...\n3 : 헐 그런 거 치고는 여행 간 얘기를 들어본 적이 없는데\n3 : 우리 친구 맞냐\n1 : 키키 *는 등산밖에 안 하는 거 아니었음?\n2 : 키키 너네가 안 물어봐서 그래\n2 : 나한테 관심 좀 가져\n3 : 아니 여행 썰 좀 풀어봐 그럼 어디\n1 : 쟤 우리한테 말도 안 하고 갑자기 외국에서 감금돼 있다고 전화한 애가 할 말이냐 ㅠ\n2 : 키키 장난하냐\n2 : 만나면 너네 얘기 듣느라 바빠서 내가 얘기할 틈도 없음\n3 : 키키 아 그러네\n3 : 그것도 여행으로 치는 거였냐\n1 : 키키 겁나 웃겨 키키\n1 : 앞으로 마이크 들고 만나\n1 : 발언권 주자\n2 : 키키 그래도 나이아가라 폭포 보고 왔다구\n2 : 그건 여행으로 쳐주라\n3 : 너 감금된 것도 사실 여행 계획에 포함된 거였어?\n1 : 엑 진짜?\n1 : 완전 부러워\n1 : 나 거기 가보고 싶음\n1 : 제일 큰 폭포 아닌가\n2 : 키키 나의 첫 자가격리였지...\n2 : 그때는 그런 말도 없었음...\n3 : 폭포 본 소감은 어떻습니까?\n1 : 제가 다음에 갈 때 준비해야 할 준비물은 뭔가요\n2 : 제일 큰지는 모르겠는데 겁나 크긴 크더라\n2 : 그냥 티비에서 본거랑 똑같았음\n3 : 그럼 우리는 티비로 보면 되겠다\n3 : 가성비 ㅎ\n1 : 키키 겁나 웃기네 키키\n1 : 리얼 갈 필요 뭐 있냐고요 ㅠ\n1 : 가습기 틀고 보면 그냥 현장\n2 : 키키 우리 티비로 세계일주나 하자...\n2 : 맨날 할 수 있을 듯\n3 : 야 하루면 되는 거 아니냐 이 정도면",
        "lines": [
          {
            "id": 1,
            "text": "1 : 키키 야 우리 생각해보니까 여행은 언제 가..?",
            "norm_text": "키키 야 우리 생각해보니까 여행은 언제 가..?",
            "speaker": {
              "id": "1번",
              "sex": "여성",
              "age": "20대"
            },
            "speechAct": "(지시) 질문하기",
            "morpheme": "키키/NNP+야/JKV+우리/NP+생각/NNG+해/XSV+EC+보/VX+니까/EC+여행/NNG+은/JX+언제/NP+가/JKS+./SY"
          },
          {
            "id": 2,
            "text": "1 : 나름 같이 산 해 기준 6년 차 인데...",
            "norm_text": "나름 같이 산 해 기준 6년 차 인데...",
            "speaker": {
              "id": "1번",
              "sex": "여성",
              "age": "20대"
            },
            "speechAct": "(단언) 주장하기",
            "morpheme": "나름/NNB+같이/JKB+산해/NNG+기준/NNG+6/SN+년/NNBC+차인데/NNG+VCP+EC+./SY+./SY"
          },
          {
            "id": 3,
            "text": "2 : 키키 그니까 우리 맨날 만카만 가고 한 거 없음",
            "norm_text": "키키 그니까 우리 맨날 만카만 가고 한 거 없음",
            "speaker": {
              "id": "2번",
              "sex": "여성",
              "age": "20대"
            },
            "speechAct": "(단언) 진술하기",
            "morpheme": "키/NNG+키/XSV+ETN+그니까/MAJ+우리/NP+맨날/MAG+만/JX+카/NNG+만/JX+가/VV+고/EC+한/VX+ETM+거/NNB+없/VA+음/ETN"
          },
          {
            "id": 4,
            "text": "3 : 우리 가던 만카도 망함,",
            "norm_text": "우리 가던 만카도 망함,",
            "speaker": {
              "id": "3번",
              "sex": "여성",
              "age": "20대"
            },
            "speechAct": "(단언) 진술하기",
            "morpheme": "우리/NP+가/JKS+던/ETM+만/NNB+카/IC+도망/NNG+함/XSV+ETN+,/SC"
          },
          {
            "id": 5,
            "text": "3 : * 너는 여행 좋아하냐",
            "norm_text": "* 너는 여행 좋아하냐",
            "speaker": {
              "id": "3번",
              "sex": "여성",
              "age": "20대"
            },
            "speechAct": "(지시) 질문하기",
            "morpheme": "*/SY+너/NP+는/JX+여행/NNG+좋/VA+아/EC+하/VV+냐/EC"
          },
          {
            "id": 6,
            "text": "1 : 맞아...",
            "norm_text": "맞아...",
            "speaker": {
              "id": "1번",
              "sex": "여성",
              "age": "20대"
            },
            "speechAct": "(단언) 주장하기",
            "morpheme": "맞/VV+아/EF+./SY"
          },
          {
            "id": 7,
            "text": "1 :  나한테도 물어봐 주면 안돼 여행 좋아하냐고?",
            "norm_text": "나한테도 물어봐 주면 안돼 여행 좋아하냐고?",
            "speaker": {
              "id": "1번",
              "sex": "여성",
              "age": "20대"
            },
            "speechAct": "(지시) 부탁하기",
            "morpheme": "나/NP+한테/JKB+도/JX+물어봐/VV+EC+주/VX+면/EC+안/MAG+돼/VV+EC+여행/NNG+좋/VA+아/EC+하/VX+냐고/EF"
          },
          {
            "id": 8,
            "text": "2 : 나 여행 할라고 살지...",
            "norm_text": "나 여행 할라고 살지...",
            "speaker": {
              "id": "2번",
              "sex": "여성",
              "age": "20대"
            },
            "speechAct": "(단언) 주장하기",
            "morpheme": "나/NP+여행/NNG+할라고/XSV+EC+살/VV+지/EF+./SY"
          },
          {
            "id": 9,
            "text": "2 : 그게 유일한 삶의 이유임...",
            "norm_text": "그게 유일한 삶의 이유임...",
            "speaker": {
              "id": "2번",
              "sex": "여성",
              "age": "20대"
            },
            "speechAct": "(단언) 주장하기",
            "morpheme": "그게/NP+JKS+유일/NNG+한/XSA+ETM+삶/NNG+의/JKG+이유/NNG+임/VCP+ETN+./SY"
          },
          {
            "id": 10,
            "text": "3 : 헐 그런 거 치고는 여행 간 얘기를 들어본 적이 없는데",
            "norm_text": "헐 그런 거 치고는 여행 간 얘기를 들어본 적이 없는데",
            "speaker": {
              "id": "3번",
              "sex": "여성",
              "age": "20대"
            },
            "speechAct": "(단언) 주장하기",
            "morpheme": "헐/IC+그런/MM+거/NNB+치고/JX+는/JX+여행/NNG+간/NNB+얘기/NNG+를/JKO+들/VV+어/EC+본/VX+ETM+적/NNB+이/JKS+없/VA+는데/EC"
          },
          {
            "id": 11,
            "text": "3 : 우리 친구 맞냐",
            "norm_text": "우리 친구 맞냐",
            "speaker": {
              "id": "3번",
              "sex": "여성",
              "age": "20대"
            },
            "speechAct": "(단언) 주장하기",
            "morpheme": "우리/NP+친구/NNG+맞/VV+냐/EC"
          },
          {
            "id": 12,
            "text": "1 : 키키 *는 등산밖에 안 하는 거 아니었음?",
            "norm_text": "키키 *는 등산밖에 안 하는 거 아니었음?",
            "speaker": {
              "id": "1번",
              "sex": "여성",
              "age": "20대"
            },
            "speechAct": "(단언) 주장하기",
            "morpheme": "키/NNG+키/XSV+ETN+*/SY+는/JX+등산/NNG+밖에/JX+안/MAG+하/VV+는/ETM+거/NNB+아니/VCN+었/EP+음/ETN"
          },
          {
            "id": 13,
            "text": "2 : 키키 너네가 안 물어봐서 그래",
            "norm_text": "키키 너네가 안 물어봐서 그래",
            "speaker": {
              "id": "2번",
              "sex": "여성",
              "age": "20대"
            },
            "speechAct": "(단언) 주장하기",
            "morpheme": "키/NNG+키/XSV+ETN+너/NP+네/XSN+가/JKS+안/MAG+물어봐서/VV+EC+그래/VV+EC"
          },
          {
            "id": 14,
            "text": "2 : 나한테 관심 좀 가져",
            "norm_text": "나한테 관심 좀 가져",
            "speaker": {
              "id": "2번",
              "sex": "여성",
              "age": "20대"
            },
            "speechAct": "(지시) 부탁하기",
            "morpheme": "나/NP+한테/JKB+관심/NNG+좀/MAG+가져/VV+EC"
          },
          {
            "id": 15,
            "text": "3 : 아니 여행 썰 좀 풀어봐 그럼 어디",
            "norm_text": "아니 여행 썰 좀 풀어봐 그럼 어디",
            "speaker": {
              "id": "3번",
              "sex": "여성",
              "age": "20대"
            },
            "speechAct": "(지시) 명령/요구하기",
            "morpheme": "아니/IC+여행/NNG+썰/VV+ETM+좀/MAG+풀/VV+어/EC+봐/VX+EF+그럼/MAJ+어디/NP"
          },
          {
            "id": 16,
            "text": "1 : 쟤 우리한테 말도 안 하고 갑자기 외국에서 감금돼 있다고 전화한 애가 할 말이냐 ㅠ",
            "norm_text": "쟤 우리한테 말도 안 하고 갑자기 외국에서 감금돼 있다고 전화한 애가 할 말이냐 ㅠ",
            "speaker": {
              "id": "1번",
              "sex": "여성",
              "age": "20대"
            },
            "speechAct": "(단언) 주장하기",
            "morpheme": "쟤/NP+우리/NP+한테/JKB+말/NNG+도/JX+안/MAG+하/VV+고/EC+갑자기/MAG+외국/NNG+에서/JKB+감금/NNG+돼/XSV+EC+있/VX+다고/EC+전화/NNG+한/XSA+ETM+애/NNG+가/JKS+할/VV+ETM+말/NNG+이/JKS+냐ㅠ/UNKNOWN"
          },
          {
            "id": 17,
            "text": "2 : 키키 장난하냐",
            "norm_text": "키키 장난하냐",
            "speaker": {
              "id": "2번",
              "sex": "여성",
              "age": "20대"
            },
            "speechAct": "(단언) 주장하기",
            "morpheme": "키/NNG+키/NNG+장난/NNG+하/XSV+냐/EC"
          },
          {
            "id": 18,
            "text": "2 : 만나면 너네 얘기 듣느라 바빠서 내가 얘기할 틈도 없음",
            "norm_text": "만나면 너네 얘기 듣느라 바빠서 내가 얘기할 틈도 없음",
            "speaker": {
              "id": "2번",
              "sex": "여성",
              "age": "20대"
            },
            "speechAct": "(단언) 주장하기",
            "morpheme": "만나/VV+면/EC+너/NP+네/XSN+얘기/NNG+듣/VV+느라/EC+바빠서/VA+EC+내/NP+가/JKS+얘기/NNG+할/XSV+ETM+틈/NNG+도/JX+없/VA+음/ETN"
          },
          {
            "id": 19,
            "text": "3 : 키키 아 그러네",
            "norm_text": "키키 아 그러네",
            "speaker": {
              "id": "3번",
              "sex": "여성",
              "age": "20대"
            },
            "speechAct": "(단언) 주장하기",
            "morpheme": "키/NNG+키/VV+아/EC+그러/VV+네/EC"
          },
          {
            "id": 20,
            "text": "3 : 그것도 여행으로 치는 거였냐",
            "norm_text": "그것도 여행으로 치는 거였냐",
            "speaker": {
              "id": "3번",
              "sex": "여성",
              "age": "20대"
            },
            "speechAct": "(지시) 질문하기",
            "morpheme": "그것/NP+도/JX+여행/NNG+으로/JKB+치/VV+는/ETM+거/NNB+였/VCP+EP+냐/EC"
          },
          {
            "id": 21,
            "text": "1 : 키키 겁나 웃겨 키키",
            "norm_text": "키키 겁나 웃겨 키키",
            "speaker": {
              "id": "1번",
              "sex": "여성",
              "age": "20대"
            },
            "speechAct": "(표현) 긍정감정 표현하기",
            "morpheme": "키키겁나웃겨키키/UNKNOWN"
          },
          {
            "id": 22,
            "text": "1 : 앞으로 마이크 들고 만나",
            "norm_text": "앞으로 마이크 들고 만나",
            "speaker": {
              "id": "1번",
              "sex": "여성",
              "age": "20대"
            },
            "speechAct": "(지시) 충고/제안하기",
            "morpheme": "앞/NNG+으로/JKB+마이크/NNG+들/VV+고/EC+만나/VV+EC"
          },
          {
            "id": 23,
            "text": "1 : 발언권 주자",
            "norm_text": "발언권 주자",
            "speaker": {
              "id": "1번",
              "sex": "여성",
              "age": "20대"
            },
            "speechAct": "(단언) 주장하기",
            "morpheme": "발언/NNG+권/XSN+주자/NNG"
          },
          {
            "id": 24,
            "text": "2 : 키키 그래도 나이아가라 폭포 보고 왔다구",
            "norm_text": "키키 그래도 나이아가라 폭포 보고 왔다구",
            "speaker": {
              "id": "2번",
              "sex": "여성",
              "age": "20대"
            },
            "speechAct": "(단언) 진술하기",
            "morpheme": "키/NNG+키/XSV+ETN+그래도/MAJ+나이아가라/+폭포/+보/VV+고/EC+왔/VX+EP+다구/EC"
          },
          {
            "id": 25,
            "text": "2 : 그건 여행으로 쳐주라",
            "norm_text": "그건 여행으로 쳐주라",
            "speaker": {
              "id": "2번",
              "sex": "여성",
              "age": "20대"
            },
            "speechAct": "(단언) 주장하기",
            "morpheme": "그건/NP+JX+여행/NNG+으로/JKB+쳐/VV+EC+주/VX+라/EC"
          },
          {
            "id": 26,
            "text": "3 : 너 감금된 것도 사실 여행 계획에 포함된 거였어?",
            "norm_text": "너 감금된 것도 사실 여행 계획에 포함된 거였어?",
            "speaker": {
              "id": "3번",
              "sex": "여성",
              "age": "20대"
            },
            "speechAct": "(지시) 질문하기",
            "morpheme": "너/NP+감금/NNG+된/XSV+ETM+것/NNB+도/JX+사실/MAG+여행/NNG+계획/NNG+에/JKB+포함/NNG+된/XSV+ETM+거/NNB+였/VCP+EP+어/EF"
          },
          {
            "id": 27,
            "text": "1 : 엑 진짜?",
            "norm_text": "엑 진짜?",
            "speaker": {
              "id": "1번",
              "sex": "여성",
              "age": "20대"
            },
            "speechAct": "턴토크 사인(관습적 반응)",
            "morpheme": "엑/IC+진짜/MAG"
          },
          {
            "id": 28,
            "text": "1 : 완전 부러워",
            "norm_text": "완전 부러워",
            "speaker": {
              "id": "1번",
              "sex": "여성",
              "age": "20대"
            },
            "speechAct": "(단언) 주장하기",
            "morpheme": "완전/MAG+부러워/VA+EC"
          },
          {
            "id": 29,
            "text": "1 : 나 거기 가보고 싶음",
            "norm_text": "나 거기 가보고 싶음",
            "speaker": {
              "id": "1번",
              "sex": "여성",
              "age": "20대"
            },
            "speechAct": "(단언) 주장하기",
            "morpheme": "나/NP+거기/NP+가/JKS+보/VV+고/EC+싶/VX+음/ETN"
          },
          {
            "id": 30,
            "text": "1 : 제일 큰 폭포 아닌가",
            "norm_text": "제일 큰 폭포 아닌가",
            "speaker": {
              "id": "1번",
              "sex": "여성",
              "age": "20대"
            },
            "speechAct": "(단언) 주장하기",
            "morpheme": "제일/MAG+큰/VA+ETM+폭포/NNG+아닌가/VCN+EC"
          },
          {
            "id": 31,
            "text": "2 : 키키 나의 첫 자가격리였지...",
            "norm_text": "키키 나의 첫 자가격리였지...",
            "speaker": {
              "id": "2번",
              "sex": "여성",
              "age": "20대"
            },
            "speechAct": "(단언) 진술하기",
            "morpheme": "키/NNG+키나/XSA+ETN+JX+의/JKG+첫/MM+자가/NNG+격리/NNG+였/VCP+EP+지/EF+./SY"
          },
          {
            "id": 32,
            "text": "2 : 그때는 그런 말도 없었음...",
            "norm_text": "그때는 그런 말도 없었음...",
            "speaker": {
              "id": "2번",
              "sex": "여성",
              "age": "20대"
            },
            "speechAct": "(단언) 진술하기",
            "morpheme": "그때/NNG+는/JX+그런/MM+말/NNG+도/JX+없/VA+었/EP+음/ETN+./SY"
          },
          {
            "id": 33,
            "text": "3 : 폭포 본 소감은 어떻습니까?",
            "norm_text": "폭포 본 소감은 어떻습니까?",
            "speaker": {
              "id": "3번",
              "sex": "여성",
              "age": "20대"
            },
            "speechAct": "(지시) 질문하기",
            "morpheme": "폭포/NNG+본/VV+ETM+소감/NNG+은/JX+어떻/VA+습니까/EF"
          },
          {
            "id": 34,
            "text": "1 : 제가 다음에 갈 때 준비해야 할 준비물은 뭔가요",
            "norm_text": "제가 다음에 갈 때 준비해야 할 준비물은 뭔가요",
            "speaker": {
              "id": "1번",
              "sex": "여성",
              "age": "20대"
            },
            "speechAct": "(지시) 질문하기",
            "morpheme": "제/NP+가/JKS+다음/NNG+에/JKB+갈/VV+ETM+때/NNG+준비/NNG+해야/XSV+EC+할/VX+ETM+준비물/NNG+은/JX+뭔/MM+가요/NNG"
          },
          {
            "id": 35,
            "text": "2 : 제일 큰지는 모르겠는데 겁나 크긴 크더라",
            "norm_text": "제일 큰지는 모르겠는데 겁나 크긴 크더라",
            "speaker": {
              "id": "2번",
              "sex": "여성",
              "age": "20대"
            },
            "speechAct": "(단언) 주장하기",
            "morpheme": "제일/MAG+큰지/VA+EC+는/JX+모르/VV+겠/EP+는데/EC+겁나/VV+EC+크/VA+긴/ETN+JX+크/VA+더라/EC"
          },
          {
            "id": 36,
            "text": "2 : 그냥 티비에서 본거랑 똑같았음",
            "norm_text": "그냥 티비에서 본거랑 똑같았음",
            "speaker": {
              "id": "2번",
              "sex": "여성",
              "age": "20대"
            },
            "speechAct": "(단언) 주장하기",
            "morpheme": "그냥/MAG+티비/NNG+에서/JKB+본/VV+ETM+거/NNB+랑/JKB+똑같/VA+았/EP+음/ETN"
          },
          {
            "id": 37,
            "text": "3 : 그럼 우리는 티비로 보면 되겠다",
            "norm_text": "그럼 우리는 티비로 보면 되겠다",
            "speaker": {
              "id": "3번",
              "sex": "여성",
              "age": "20대"
            },
            "speechAct": "(단언) 주장하기",
            "morpheme": "그럼/MAJ+우리/NP+는/JX+티비/NNG+로/JKB+보/VV+면/EC+되/VV+겠/EP+다/EC"
          },
          {
            "id": 38,
            "text": "3 : 가성비 ㅎ",
            "norm_text": "가성비 ㅎ",
            "speaker": {
              "id": "3번",
              "sex": "여성",
              "age": "20대"
            },
            "speechAct": "(단언) 주장하기",
            "morpheme": "가성/NNG+비/NNG+ㅎ/XSA"
          },
          {
            "id": 39,
            "text": "1 : 키키 겁나 웃기네 키키",
            "norm_text": "키키 겁나 웃기네 키키",
            "speaker": {
              "id": "1번",
              "sex": "여성",
              "age": "20대"
            },
            "speechAct": "(표현) 긍정감정 표현하기",
            "morpheme": "키/NNG+키/XSV+ETN+겁나/VV+EC+웃기/VV+네/EF+키/NNG+키/XSV+ETN"
          },
          {
            "id": 40,
            "text": "1 : 리얼 갈 필요 뭐 있냐고요 ㅠ",
            "norm_text": "리얼 갈 필요 뭐 있냐고요 ㅠ",
            "speaker": {
              "id": "1번",
              "sex": "여성",
              "age": "20대"
            },
            "speechAct": "(단언) 주장하기",
            "morpheme": "리얼/NNG+갈/VV+ETM+필요/NNG+뭐/IC+있/VA+냐고/EC+요ㅠ/UNKNOWN"
          },
          {
            "id": 41,
            "text": "1 : 가습기 틀고 보면 그냥 현장",
            "norm_text": "가습기 틀고 보면 그냥 현장",
            "speaker": {
              "id": "1번",
              "sex": "여성",
              "age": "20대"
            },
            "speechAct": "(단언) 주장하기",
            "morpheme": "가습기/NNG+틀/VV+고/EC+보/VX+면/EC+그냥/MAG+현장/NNG"
          },
          {
            "id": 42,
            "text": "2 : 키키 우리 티비로 세계일주나 하자...",
            "norm_text": "키키 우리 티비로 세계일주나 하자...",
            "speaker": {
              "id": "2번",
              "sex": "여성",
              "age": "20대"
            },
            "speechAct": "(지시) 충고/제안하기",
            "morpheme": "키키우리티비로세계일주나하자/UNKNOWN+./SY"
          },
          {
            "id": 43,
            "text": "2 : 맨날 할 수 있을 듯",
            "norm_text": "맨날 할 수 있을 듯",
            "speaker": {
              "id": "2번",
              "sex": "여성",
              "age": "20대"
            },
            "speechAct": "(단언) 주장하기",
            "morpheme": "맨날/MAG+할/VV+ETM+수/NNB+있/VV+을/ETM+듯/NNB"
          },
          {
            "id": 44,
            "text": "3 : 야 하루면 되는 거 아니냐 이 정도면",
            "norm_text": "야 하루면 되는 거 아니냐 이 정도면",
            "speaker": {
              "id": "3번",
              "sex": "여성",
              "age": "20대"
            },
            "speechAct": "(단언) 주장하기",
            "morpheme": "야/IC+하루/NNG+면/VCP+EC+되/VV+는/ETM+거/NNB+아니/VCN+냐/EC+이/MM+정도/NNG+면/VCP+EC"
          }
        ]
      }
    }
  ]
}