{
  "dataset": {
    "identifier": 56725,
    "name": "KAKAO_913_19_set",
    "src_path": "/data/file/cubeManager/PROJECT001/53/txt20211005161416021635/KAKAO_913_19_set/",
    "label_path": "/data/file/cubeManager/PROJECT001/53/txt20211005161416021635/KAKAO_913_19_set/",
    "category": 2,
    "type": 0
  },
  "licenses": {
    "name": "Apache License 1.0",
    "url": "http://www.apache.org/licenses/LICENSE-1.0"
  },
  "info": [
    {
      "id": 42016,
      "filename": "KAKAO_913_19.txt",
      "title": "KAKAO_913_19",
      "mediatype": "SNS",
      "medianame": "카카오톡",
      "category": "일상대화",
      "date": "2021-10-05",
      "size": 410,
      "annotations": {
        "subject": "방송/연예",
        "speaker_type": "1:1",
        "size": 410,
        "word_size": 138,
        "text": "1 : 넷플릭스에 요즘 재밌는 거 엄청 나왔어!\n2 : 오 나도 자주 보는데 뭐 추천해 ?\n1 : 오티스 그거 알아? 키키\n2 : 오티스? 아니 첨 들어봐 ㅠㅠ\n1 : 학생끼리 성 상담을 해주는데 되게 재밌어 후방주의!\n2 : 어머 그럼 몰래 봐야 하는 거구나?!\n1 : 맞아 어 조금 그렇더라 ^^\n2 : 근데 저거 내용 나도 들어본 거 같아!\n1 : 아 정말? 영국 하이틴 드라마야 키키\n1 : 나쁘지 않아 꼭 첫 화를 봐봐\n2 : 키키 알겠어 나는 요즘 어둠속으로 즐겨 봐 하하\n1 : 그거 뭐지? 나 처음 들어봐 키키\n2 : 이거 재난영화 비슷한데 해를 보면 죽어 ㅠㅠ\n1 : 헐 키키 그거 비슷한 내용 많았던 것 같은데\n2 : 그래서 밤에만 활동해야 돼 키키 어둠속으로 키키\n1 : 그러게 제목이랑 아주 언행일치다!\n2 : 이것도 재밌으니 한번 봐봐 !",
        "lines": [
          {
            "id": 1,
            "text": "1 : 넷플릭스에 요즘 재밌는 거 엄청 나왔어!",
            "norm_text": "넷플릭스에 요즘 재밌는 거 엄청 나왔어!",
            "speaker": {
              "id": "1번",
              "sex": "여성",
              "age": "20대"
            },
            "speechAct": "(단언) 진술하기",
            "morpheme": "넷플릭스/NNP+에/JKB+요즘/MAG+재밌/VA+는/ETM+거/NNB+엄청/MAG+나왔/VV+EP+어/EF"
          },
          {
            "id": 2,
            "text": "2 : 오 나도 자주 보는데 뭐 추천해 ?",
            "norm_text": "오 나도 자주 보는데 뭐 추천해 ?",
            "speaker": {
              "id": "2번",
              "sex": "여성",
              "age": "20대"
            },
            "speechAct": "(지시) 질문하기",
            "morpheme": "오/IC+나/NP+도/JX+자주/MAG+보/VV+는데/EC+뭐/IC+추천/NNG+해/XSV+EF"
          },
          {
            "id": 3,
            "text": "1 : 오티스 그거 알아? 키키",
            "norm_text": "오티스 그거 알아? 키키",
            "speaker": {
              "id": "1번",
              "sex": "여성",
              "age": "20대"
            },
            "speechAct": "(지시) 질문하기",
            "morpheme": "오티스/NNP+그거/NP+알/VV+아/EF+키/NNG+키/XSV+ETN"
          },
          {
            "id": 4,
            "text": "2 : 오티스? 아니 첨 들어봐 ㅠㅠ",
            "norm_text": "오티스? 아니 첨 들어봐 ㅠㅠ",
            "speaker": {
              "id": "2번",
              "sex": "여성",
              "age": "20대"
            },
            "speechAct": "(단언) 주장하기",
            "morpheme": "오티스/NNP+?/SY+아니첨들어봐ㅠㅠ/UNKNOWN"
          },
          {
            "id": 5,
            "text": "1 : 학생끼리 성 상담을 해주는데 되게 재밌어 후방주의!",
            "norm_text": "학생끼리 성 상담을 해주는데 되게 재밌어 후방주의!",
            "speaker": {
              "id": "1번",
              "sex": "여성",
              "age": "20대"
            },
            "speechAct": "(단언) 진술하기",
            "morpheme": "학생/NNG+끼리/XSN+성/XSN+상담/NNG+을/JKO+해/VV+EC+주/VX+는데/EC+되게/MAG+재밌/VA+어/EC+후/NNG+방주/NNG+의/JKG"
          },
          {
            "id": 6,
            "text": "2 : 어머 그럼 몰래 봐야 하는 거구나?!",
            "norm_text": "어머 그럼 몰래 봐야 하는 거구나?!",
            "speaker": {
              "id": "2번",
              "sex": "여성",
              "age": "20대"
            },
            "speechAct": "(지시) 질문하기",
            "morpheme": "어머/IC+그럼/MAJ+몰래/MAG+봐야/VV+EC+하/VV+는/ETM+거/NNB+구나/VCP+EC+?/SY"
          },
          {
            "id": 7,
            "text": "1 : 맞아 어 조금 그렇더라 ^^",
            "norm_text": "맞아 어 조금 그렇더라 ^^",
            "speaker": {
              "id": "1번",
              "sex": "여성",
              "age": "20대"
            },
            "speechAct": "(단언) 진술하기",
            "morpheme": "맞아/IC+어/IC+조금/MAG+그렇/VA+더라/EC+^/SY+^/SY"
          },
          {
            "id": 8,
            "text": "2 : 근데 저거 내용 나도 들어본 거 같아!",
            "norm_text": "근데 저거 내용 나도 들어본 거 같아!",
            "speaker": {
              "id": "2번",
              "sex": "여성",
              "age": "20대"
            },
            "speechAct": "(단언) 주장하기",
            "morpheme": "근데/MAJ+저거/NP+내용/NNG+나/NP+도/JX+들/VV+어/EC+본/VX+ETM+거/NNB+같/VA+아/EF"
          },
          {
            "id": 9,
            "text": "1 : 아 정말? 영국 하이틴 드라마야 키키",
            "norm_text": "아 정말? 영국 하이틴 드라마야 키키",
            "speaker": {
              "id": "1번",
              "sex": "여성",
              "age": "20대"
            },
            "speechAct": "(단언) 주장하기",
            "morpheme": "아/IC+정말/MAG+영국/NNP+하이틴/NNG+드라마/NNG+야/VCP+EF+키/NNG+키/XSV+ETN"
          },
          {
            "id": 10,
            "text": "1 : 나쁘지 않아 꼭 첫 화를 봐봐",
            "norm_text": "나쁘지 않아 꼭 첫 화를 봐봐",
            "speaker": {
              "id": "1번",
              "sex": "여성",
              "age": "20대"
            },
            "speechAct": "(지시) 충고/제안하기",
            "morpheme": "나쁘/VA+지/EC+않/VX+아/EC+꼭/MAG+첫/MM+화/NNG+를/JKO+봐/VV+EC+봐/VX+EC"
          },
          {
            "id": 11,
            "text": "2 : 키키 알겠어 나는 요즘 어둠속으로 즐겨 봐 하하",
            "norm_text": "키키 알겠어 나는 요즘 어둠속으로 즐겨 봐 하하",
            "speaker": {
              "id": "2번",
              "sex": "여성",
              "age": "20대"
            },
            "speechAct": "(단언) 진술하기",
            "morpheme": "키/NNG+키/XSV+ETN+알/VV+겠/EP+어/EF+나/NP+는/JX+요즘/NNG+어둠/NNG+속/NNG+으로/JKB+즐겨/VV+EC+봐/VX+EF+하하/MAG"
          },
          {
            "id": 12,
            "text": "1 : 그거 뭐지? 나 처음 들어봐 키키",
            "norm_text": "그거 뭐지? 나 처음 들어봐 키키",
            "speaker": {
              "id": "1번",
              "sex": "여성",
              "age": "20대"
            },
            "speechAct": "(지시) 질문하기",
            "morpheme": "그거/NP+뭐/NP+지/VCP+EF+나/NP+처음/MAG+들/VV+어/EC+봐/VX+EF+키/NNG+키/XSV+ETN"
          },
          {
            "id": 13,
            "text": "2 : 이거 재난영화 비슷한데 해를 보면 죽어 ㅠㅠ",
            "norm_text": "이거 재난영화 비슷한데 해를 보면 죽어 ㅠㅠ",
            "speaker": {
              "id": "2번",
              "sex": "여성",
              "age": "20대"
            },
            "speechAct": "(단언) 진술하기",
            "morpheme": "이거/NP+재난/NNG+영화/NNG+비슷/XR+한데/XSA+EC+해/NNG+를/JKO+보/VV+면/EC+죽/VV+어/EC+ㅠㅠ/UNKNOWN"
          },
          {
            "id": 14,
            "text": "1 : 헐 키키 그거 비슷한 내용 많았던 것 같은데",
            "norm_text": "헐 키키 그거 비슷한 내용 많았던 것 같은데",
            "speaker": {
              "id": "1번",
              "sex": "여성",
              "age": "20대"
            },
            "speechAct": "(단언) 주장하기",
            "morpheme": "헐/IC+키/NNG+키/XSV+ETN+그거/NP+비슷/XR+한/XSA+ETM+내용/NNG+많/VA+았/EP+던/ETM+것/NNB+같/VA+은데/EC"
          },
          {
            "id": 15,
            "text": "2 : 그래서 밤에만 활동해야 돼 키키 어둠속으로 키키",
            "norm_text": "그래서 밤에만 활동해야 돼 키키 어둠속으로 키키",
            "speaker": {
              "id": "2번",
              "sex": "여성",
              "age": "20대"
            },
            "speechAct": "(단언) 진술하기",
            "morpheme": "그래서/MAJ+밤/NNG+에/JKB+만/JX+활동/NNG+해야/XSV+EC+돼/VV+EC+키/NNG+키/NNG+어둠/NNG+속/NNG+으로/JKB+키/NNG+키/XSV+ETN"
          },
          {
            "id": 16,
            "text": "1 : 그러게 제목이랑 아주 언행일치다!",
            "norm_text": "그러게 제목이랑 아주 언행일치다!",
            "speaker": {
              "id": "1번",
              "sex": "여성",
              "age": "20대"
            },
            "speechAct": "(단언) 주장하기",
            "morpheme": "그러/VV+게/EC+제목/NNG+이랑/JKB+아주/MAG+언행일치/NNG+다/VCP+EF"
          },
          {
            "id": 17,
            "text": "2 : 이것도 재밌으니 한번 봐봐 !",
            "norm_text": "이것도 재밌으니 한번 봐봐 !",
            "speaker": {
              "id": "2번",
              "sex": "여성",
              "age": "20대"
            },
            "speechAct": "(지시) 충고/제안하기",
            "morpheme": "이것/NP+도/JX+재밌/VA+으니/EC+한/MM+번/NNBC+봐/VV+EC+봐/VX+EF"
          }
        ]
      }
    }
  ]
}