{
  "dataset": {
    "identifier": 62505,
    "name": "KAKAO_922_03_set",
    "src_path": "/data/file/cubeManager/PROJECT001/53/txt20211005154147054137/KAKAO_922_03_set/",
    "label_path": "/data/file/cubeManager/PROJECT001/53/txt20211005154147054137/KAKAO_922_03_set/",
    "category": 2,
    "type": 0
  },
  "licenses": {
    "name": "Apache License 1.0",
    "url": "http://www.apache.org/licenses/LICENSE-1.0"
  },
  "info": [
    {
      "id": 41640,
      "filename": "KAKAO_922_03.txt",
      "title": "KAKAO_922_03",
      "mediatype": "SNS",
      "medianame": "카카오톡",
      "category": "일상대화",
      "date": "2021-10-05",
      "size": 624,
      "annotations": {
        "subject": "교통",
        "speaker_type": "1:1",
        "size": 624,
        "word_size": 193,
        "text": "1 : 너는 자동차 사면 뭐 사고 싶어?\n2 : 난 bmw 4시리즈 컨버터블 ! 키키\n1 : 오 키키 그 뚜껑 열리는 거 말하는 거지?\n2 : 응 키키 내 어릴 때부터 꿈이 뚜껑 열리고 4인승인데 문 두 짝이었자나\n1 : 키키 그 차 타본 적 있어? 키키 궁금하네\n2 : 그건 타본 적이 없당... 뚜껑 열리는 건 미니 쿠페가 다네 ㅠㅠ\n1 : 아아 키키 그 차는 어땠어? 키키 승차감 좋았어?\n2 : 미니쿠페는 솔직히 승차감은 그렇게 좋지는 않지만 익숙해지면 괜찮을 듯?\n1 : 음... 그렇구만... 키키 막 자동으로 열리는 거 멋있더라\n2 : 맞재... 그리고 바람도 얼굴에 직격으로 오지도 않고 딱 좋더라고!\n1 : 키키 아 그래? 키키 난 그거 타면 숨 못 쉴 줄 알았어\n2 : 전혀 키키 위가 뚫려있는데 히터 켜 놓으면 몸은 따뜻한 게 딱이다 키키 왜 열고 다니는지 알겠더라고\n1 : 키키 겨울에도 열고 달린다고? 키키 안 춥나...\n2 : 진짜... 안 타본 사람들이 그렇게 얘기한다고 하더라고... 나도 딱 한번 타봤지만 전혀 안 추움... 그사세 차 키키\n1 : 키키 우와... 전혀 몰랐던 사실이네 키키 좀 충격임\n2 : 맞재 키키 경험해 봐야 알 수 있는... 오히려 환기도 되고 따뜻하게 즐기면서 ㅠㅠ 언제 내가 몰아보노",
        "lines": [
          {
            "id": 1,
            "text": "1 : 너는 자동차 사면 뭐 사고 싶어?",
            "norm_text": "너는 자동차 사면 뭐 사고 싶어?",
            "speaker": {
              "id": "1번",
              "sex": "여성",
              "age": "30대"
            },
            "speechAct": "(지시) 질문하기",
            "morpheme": "너/NP+는/JX+자동차/NNG+사면/NNG+뭐/IC+사/VV+고/EC+싶/VX+어/EF"
          },
          {
            "id": 2,
            "text": "2 : 난 bmw 4시리즈 컨버터블 ! 키키",
            "norm_text": "난 bmw 4시리즈 컨버터블 ! 키키",
            "speaker": {
              "id": "2번",
              "sex": "여성",
              "age": "30대"
            },
            "speechAct": "(단언) 진술하기",
            "morpheme": "난/NP+JX+bmw/SL+4/SN+시리즈/NNG+컨버터블/NNG+!/SY+키/NNG+키/XSV+ETN"
          },
          {
            "id": 3,
            "text": "1 : 오 키키 그 뚜껑 열리는 거 말하는 거지?",
            "norm_text": "오 키키 그 뚜껑 열리는 거 말하는 거지?",
            "speaker": {
              "id": "1번",
              "sex": "여성",
              "age": "30대"
            },
            "speechAct": "(지시) 질문하기",
            "morpheme": "오키/NNP+키/NNG+그/MM+뚜껑/NNG+열리/VV+는/ETM+거/NNB+말/NNG+하/XSV+는/ETM+거/NNB+지/VCP+EF"
          },
          {
            "id": 4,
            "text": "2 : 응 키키 내 어릴 때부터 꿈이 뚜껑 열리고 4인승인데 문 두 짝이었자나",
            "norm_text": "응 키키 내 어릴 때부터 꿈이 뚜껑 열리고 4인승인데 문 두 짝이었자나",
            "speaker": {
              "id": "2번",
              "sex": "여성",
              "age": "30대"
            },
            "speechAct": "(단언) 주장하기",
            "morpheme": "응/IC+키/NNG+키/NNG+내/NNB+어릴/VA+ETM+때/NNG+부터/JX+꿈/NNG+이/JKS+뚜껑/NNG+열리/VV+고/EC+4/SN+인승/NNG+인데/VCP+EC+문두/NNG+짝/NNG+이/VCP+었/EP+자/EC+나/VX"
          },
          {
            "id": 5,
            "text": "1 : 키키 그 차 타본 적 있어? 키키 궁금하네",
            "norm_text": "키키 그 차 타본 적 있어? 키키 궁금하네",
            "speaker": {
              "id": "1번",
              "sex": "여성",
              "age": "30대"
            },
            "speechAct": "(지시) 질문하기",
            "morpheme": "키키/NNP+그/MM+차타/NNG+본/VV+ETM+적/NNB+있/VA+어/EF+키/NNG+키/XSV+ETN+궁금/XR+하/XSA+네/EC"
          },
          {
            "id": 6,
            "text": "2 : 그건 타본 적이 없당... 뚜껑 열리는 건 미니 쿠페가 다네 ㅠㅠ",
            "norm_text": "그건 타본 적이 없당... 뚜껑 열리는 건 미니 쿠페가 다네 ㅠㅠ",
            "speaker": {
              "id": "2번",
              "sex": "여성",
              "age": "30대"
            },
            "speechAct": "(단언) 주장하기",
            "morpheme": "그건/NP+JX+타/VV+본/EC+VX+ETM+적/NNB+이/JKS+없/VA+당/EF+./SY+뚜껑/NNG+열리/VV+는/ETM+건/NNB+JX+미니/NNG+쿠페/NNG+가/JKS+다/MAG+네/IC+ㅠㅠ/UNKNOWN"
          },
          {
            "id": 7,
            "text": "1 : 아아 키키 그 차는 어땠어? 키키 승차감 좋았어?",
            "norm_text": "아아 키키 그 차는 어땠어? 키키 승차감 좋았어?",
            "speaker": {
              "id": "1번",
              "sex": "여성",
              "age": "30대"
            },
            "speechAct": "(지시) 질문하기",
            "morpheme": "아아/IC+키키/NNP+그/MM+차/NNG+는/JX+어땠어/VA+EP+EF+키/NNG+키/NNG+승차감/NNG+좋/VA+았/EP+어/EF"
          },
          {
            "id": 8,
            "text": "2 : 미니쿠페는 솔직히 승차감은 그렇게 좋지는 않지만 익숙해지면 괜찮을 듯?",
            "norm_text": "미니쿠페는 솔직히 승차감은 그렇게 좋지는 않지만 익숙해지면 괜찮을 듯?",
            "speaker": {
              "id": "2번",
              "sex": "여성",
              "age": "30대"
            },
            "speechAct": "(단언) 주장하기",
            "morpheme": "미니/NNG+쿠페/NNG+는/JX+솔직히/MAG+승차감/NNG+은/JX+그렇게/MAG+좋/VA+지/EC+는/JX+않/VX+지만/EC+익숙/XR+해/XSA+EC+지/VX+면/EC+괜찮/VA+을/ETM+듯/NNB"
          },
          {
            "id": 9,
            "text": "1 : 음... 그렇구만... 키키 막 자동으로 열리는 거 멋있더라",
            "norm_text": "음... 그렇구만... 키키 막 자동으로 열리는 거 멋있더라",
            "speaker": {
              "id": "1번",
              "sex": "여성",
              "age": "30대"
            },
            "speechAct": "(단언) 주장하기",
            "morpheme": "음/IC+./SY+그렇/VA+구만/EF+./SY+키/NNG+키/XSV+ETN+막/MAJ+자동/NNG+으로/JKB+열리/VV+는/ETM+거/NNB+멋있/VA+더라/EC"
          },
          {
            "id": 10,
            "text": "2 : 맞재... 그리고 바람도 얼굴에 직격으로 오지도 않고 딱 좋더라고!",
            "norm_text": "맞재... 그리고 바람도 얼굴에 직격으로 오지도 않고 딱 좋더라고!",
            "speaker": {
              "id": "2번",
              "sex": "여성",
              "age": "30대"
            },
            "speechAct": "(단언) 주장하기",
            "morpheme": "맞/VV+재/EF+./SY+그리고/MAJ+바람/NNG+도/JX+얼굴/NNG+에/JKB+직격/NNG+으로/JKB+오지/VV+도/EC+않/VX+고/EC+딱/MAG+좋/VA+더라고/EF"
          },
          {
            "id": 11,
            "text": "1 : 키키 아 그래? 키키 난 그거 타면 숨 못 쉴 줄 알았어",
            "norm_text": "키키 아 그래? 키키 난 그거 타면 숨 못 쉴 줄 알았어",
            "speaker": {
              "id": "1번",
              "sex": "여성",
              "age": "30대"
            },
            "speechAct": "(단언) 주장하기",
            "morpheme": "키/NNG+키/VV+아/EC+그래/VV+EF+키/NNG+키/XSV+ETN+난/NP+JX+그거/NP+타/VV+면/EC+숨/NNG+못/MAG+쉴/VV+ETM+줄/NNB+알/VV+았/EP+어/EC"
          },
          {
            "id": 12,
            "text": "2 : 전혀 키키 위가 뚫려있는데 히터 켜 놓으면 몸은 따뜻한 게 딱이다 키키 왜 열고 다니는지 알겠더라고",
            "norm_text": "전혀 키키 위가 뚫려있는데 히터 켜 놓으면 몸은 따뜻한 게 딱이다 키키 왜 열고 다니는지 알겠더라고",
            "speaker": {
              "id": "2번",
              "sex": "여성",
              "age": "30대"
            },
            "speechAct": "(단언) 주장하기",
            "morpheme": "전혀/MAG+키/NNG+키위/NNG+가/JKS+뚫려/VV+EC+있/VX+는데/EC+히터/NNG+켜/VV+EC+놓/VX+으면/EC+몸/NNG+은/JX+따뜻/XR+한/XSA+ETM+게/NNB+JKS+딱/MAG+이/MM+다키키/NNP+왜/MAG+열/VV+고/EC+다니/VV+는지/EC+알/VV+겠/EP+더라고/EC"
          },
          {
            "id": 13,
            "text": "1 : 키키 겨울에도 열고 달린다고? 키키 안 춥나...",
            "norm_text": "키키 겨울에도 열고 달린다고? 키키 안 춥나...",
            "speaker": {
              "id": "1번",
              "sex": "여성",
              "age": "30대"
            },
            "speechAct": "(지시) 질문하기",
            "morpheme": "키/NNG+키/NNG+겨울/NNG+에/JKB+도/JX+열/VV+고/EC+달린다고/VV+EC+?/SY+키/NNG+키/NNG+안/MAG+춥/VA+나/EF+./SY"
          },
          {
            "id": 14,
            "text": "2 : 진짜... 안 타본 사람들이 그렇게 얘기한다고 하더라고... 나도 딱 한번 타봤지만 전혀 안 추움... 그사세 차 키키",
            "norm_text": "진짜... 안 타본 사람들이 그렇게 얘기한다고 하더라고... 나도 딱 한번 타봤지만 전혀 안 추움... 그사세 차 키키",
            "speaker": {
              "id": "2번",
              "sex": "여성",
              "age": "30대"
            },
            "speechAct": "(단언) 주장하기",
            "morpheme": "진짜/MAG+./SY+안/MAG+타/VV+본/EC+VX+ETM+사람/NNG+들/XSN+이/JKS+그렇게/MAG+얘기/NNG+한다고/XSV+EC+하/VX+더라고/EF+./SY+나/NP+도/JX+딱/MAG+한번/MAG+타/VV+EC+봤/VX+EP+지만/EC+전혀/MAG+안/MAG+추움/VA+ETN+./SY+그/MM+사세/NNG+차키/NNP+키/NNG"
          },
          {
            "id": 15,
            "text": "1 : 키키 우와... 전혀 몰랐던 사실이네 키키 좀 충격임",
            "norm_text": "키키 우와... 전혀 몰랐던 사실이네 키키 좀 충격임",
            "speaker": {
              "id": "1번",
              "sex": "여성",
              "age": "30대"
            },
            "speechAct": "(단언) 주장하기",
            "morpheme": "키/NNG+키/XSV+ETN+우와/IC+./SY+전혀/MAG+몰랐/VV+EP+던/ETM+사실/NNG+이/JKS+네/MM+키/NNG+키/NNG+좀/MAG+충격/NNG+임/VCP+ETN"
          },
          {
            "id": 16,
            "text": "2 : 맞재 키키 경험해 봐야 알 수 있는... 오히려 환기도 되고 따뜻하게 즐기면서 ㅠㅠ 언제 내가 몰아보노",
            "norm_text": "맞재 키키 경험해 봐야 알 수 있는... 오히려 환기도 되고 따뜻하게 즐기면서 ㅠㅠ 언제 내가 몰아보노",
            "speaker": {
              "id": "2번",
              "sex": "여성",
              "age": "30대"
            },
            "speechAct": "(단언) 주장하기",
            "morpheme": "맞/VV+재/EC+키/NNG+키/NNG+경험/NNG+해/XSV+EC+봐야/VX+EC+알/VV+ETM+수/NNB+있/VV+는/ETM+./SY+./SY+오히려/MAJ+환기/NNG+도/JX+되/VV+고/EC+따뜻/XR+하/XSA+게/EC+즐기/VV+면서/EC+ㅠㅠ/UNKNOWN+언제/MAG+내/NP+가/JKS+몰/VV+아/EC+보/VX+노/EC"
          }
        ]
      }
    }
  ]
}