{
  "dataset": {
    "identifier": 61163,
    "name": "KAKAO_923_07_set",
    "src_path": "/data/file/cubeManager/PROJECT001/53/txt20211005154159070245/KAKAO_923_07_set/",
    "label_path": "/data/file/cubeManager/PROJECT001/53/txt20211005154159070245/KAKAO_923_07_set/",
    "category": 2,
    "type": 0
  },
  "licenses": {
    "name": "Apache License 1.0",
    "url": "http://www.apache.org/licenses/LICENSE-1.0"
  },
  "info": [
    {
      "id": 41664,
      "filename": "KAKAO_923_07.txt",
      "title": "KAKAO_923_07",
      "mediatype": "SNS",
      "medianame": "카카오톡",
      "category": "일상대화",
      "date": "2021-10-05",
      "size": 486,
      "annotations": {
        "subject": "가족",
        "speaker_type": "1:1",
        "size": 486,
        "word_size": 163,
        "text": "1 : 너는 가족끼리 여행 가본 적 있어?\n2 : 우리는 매년 가족 여행 가 키키\n1 : 아 진짜? 나도 어릴 땐 자주 갔었는데 요즘 안 가네 ㅜㅜ\n2 : 너가 멀리 살아서 그런 거 아냐?\n1 : 아 그렇지... 그것도 그런데... 뭔가 크고 나니까... 잘 안 가게 돼\n2 : 우리는 학생 때 잘 안 가다가 크고 나서 가기 시작했어\n1 : 가족끼리 막 여행 다니는 거 그래서 좀 부러워 키키\n2 : 키키 근데 우리는 막 여행 다니는 것보다 호캉스!\n1 : 아아 키키 가족끼리 여행 가면 불편한 건 없어?\n2 : 내 나이에 부모님이랑 같이 자는 게 불편해 키키\n1 : 키키 아니 그럼 방을 여러 개 나누면 되지!\n2 : 그럼 숙박비가 많이 들잖아. 오빠네 식구도 같이 가서 키키\n1 : 아아... 오빠는 결혼 하신 거야? 키키\n2 : 응 오빠는 결혼했어. 나 대학생 때 키키\n1 : 오 진짜? 키키 오빠랑 나이 차이가 많이 나?\n2 : 아니. 오빠랑 3살 차이 나는데 오빠가 결혼을 좀 일찍 했어",
        "lines": [
          {
            "id": 1,
            "text": "1 : 너는 가족끼리 여행 가본 적 있어?",
            "norm_text": "너는 가족끼리 여행 가본 적 있어?",
            "speaker": {
              "id": "1번",
              "sex": "여성",
              "age": "30대"
            },
            "speechAct": "(지시) 질문하기",
            "morpheme": "너/NP+는/JX+가족/NNG+끼리/XSN+여행/NNG+가본/NNG+적/XSN+있/VA+어/EF"
          },
          {
            "id": 2,
            "text": "2 : 우리는 매년 가족 여행 가 키키",
            "norm_text": "우리는 매년 가족 여행 가 키키",
            "speaker": {
              "id": "2번",
              "sex": "여성",
              "age": "30대"
            },
            "speechAct": "(단언) 진술하기",
            "morpheme": "우리/NP+는/JX+매년/MAG+가족/NNG+여행가/NNG+키/NNG+키/XSV+ETN"
          },
          {
            "id": 3,
            "text": "1 : 아 진짜? 나도 어릴 땐 자주 갔었는데 요즘 안 가네 ㅜㅜ",
            "norm_text": "아 진짜? 나도 어릴 땐 자주 갔었는데 요즘 안 가네 ㅜㅜ",
            "speaker": {
              "id": "1번",
              "sex": "여성",
              "age": "30대"
            },
            "speechAct": "(단언) 주장하기",
            "morpheme": "아/IC+진짜/MAG+나도어릴땐자주갔었는데요즘안가네ㅜㅜ/UNKNOWN"
          },
          {
            "id": 4,
            "text": "2 : 너가 멀리 살아서 그런 거 아냐?",
            "norm_text": "너가 멀리 살아서 그런 거 아냐?",
            "speaker": {
              "id": "2번",
              "sex": "여성",
              "age": "30대"
            },
            "speechAct": "(지시) 질문하기",
            "morpheme": "너/NP+가/JKS+멀리/MAG+살/VV+아서/EC+그런/MM+거/NNB+아냐/VCN+EF"
          },
          {
            "id": 5,
            "text": "1 : 아 그렇지... 그것도 그런데... 뭔가 크고 나니까... 잘 안 가게 돼",
            "norm_text": "아 그렇지... 그것도 그런데... 뭔가 크고 나니까... 잘 안 가게 돼",
            "speaker": {
              "id": "1번",
              "sex": "여성",
              "age": "30대"
            },
            "speechAct": "(단언) 진술하기",
            "morpheme": "아/IC+그렇/VA+지/EF+./SY+그것/NP+도/JX+그런데/MAJ+./SY+뭔가/NP+VCP+EC+크/VA+고/EC+나/VX+니까/EC+./SY+./SY+잘/MAG+안/MAG+가/VV+게/EC+돼/VV+EC"
          },
          {
            "id": 6,
            "text": "2 : 우리는 학생 때 잘 안 가다가 크고 나서 가기 시작했어",
            "norm_text": "우리는 학생 때 잘 안 가다가 크고 나서 가기 시작했어",
            "speaker": {
              "id": "2번",
              "sex": "여성",
              "age": "30대"
            },
            "speechAct": "(단언) 진술하기",
            "morpheme": "우리/NP+는/JX+학생/NNG+때/NNG+잘/MAG+안/MAG+가/VV+다가/EC+크/VA+고/EC+나/VX+서/EC+가/VX+기/ETN+시작/NNG+했/XSV+EP+어/EC"
          },
          {
            "id": 7,
            "text": "1 : 가족끼리 막 여행 다니는 거 그래서 좀 부러워 키키",
            "norm_text": "가족끼리 막 여행 다니는 거 그래서 좀 부러워 키키",
            "speaker": {
              "id": "1번",
              "sex": "여성",
              "age": "30대"
            },
            "speechAct": "(단언) 주장하기",
            "morpheme": "가족/NNG+끼리/XSN+막/MAJ+여행/NNG+다니/VV+는/ETM+거/NNB+그래서/MAJ+좀/MAG+부러워/VA+EC+키/NNG+키/XSV+ETN"
          },
          {
            "id": 8,
            "text": "2 : 키키 근데 우리는 막 여행 다니는 것보다 호캉스!",
            "norm_text": "키키 근데 우리는 막 여행 다니는 것보다 호캉스!",
            "speaker": {
              "id": "2번",
              "sex": "여성",
              "age": "30대"
            },
            "speechAct": "(단언) 주장하기",
            "morpheme": "키/NNG+키/XSV+ETN+근데/MAJ+우리/NP+는/JX+막/MAJ+여행/NNG+다니/VV+는/ETM+것/NNB+보다/JKB+호/NNG+캉/JKB+스/IC"
          },
          {
            "id": 9,
            "text": "1 : 아아 키키 가족끼리 여행 가면 불편한 건 없어?",
            "norm_text": "아아 키키 가족끼리 여행 가면 불편한 건 없어?",
            "speaker": {
              "id": "1번",
              "sex": "여성",
              "age": "30대"
            },
            "speechAct": "(지시) 질문하기",
            "morpheme": "아/IC+아키/NNP+키/NNG+가족/NNG+끼리/XSN+여행/NNG+가/VV+면/EC+불편/NNG+한/XSA+ETM+건/NNB+JX+없/VA+어/EF"
          },
          {
            "id": 10,
            "text": "2 : 내 나이에 부모님이랑 같이 자는 게 불편해 키키",
            "norm_text": "내 나이에 부모님이랑 같이 자는 게 불편해 키키",
            "speaker": {
              "id": "2번",
              "sex": "여성",
              "age": "30대"
            },
            "speechAct": "(단언) 주장하기",
            "morpheme": "내/NP+JKG+나이/NNG+에/JKB+부모/NNG+님/XSN+이랑/JKB+같이/MAG+자/VV+는/ETM+게/NNB+JKS+불편/NNG+해/XSV+EC+키/NNG+키/XSV+ETN"
          },
          {
            "id": 11,
            "text": "1 : 키키 아니 그럼 방을 여러 개 나누면 되지!",
            "norm_text": "키키 아니 그럼 방을 여러 개 나누면 되지!",
            "speaker": {
              "id": "1번",
              "sex": "여성",
              "age": "30대"
            },
            "speechAct": "(지시) 충고/제안하기",
            "morpheme": "키/NNG+키/XSV+ETN+아니/VCN+그럼/MAJ+방/NNG+을/JKO+여러/MM+개/NNBC+나누/VV+면/EC+되/VV+지/EF"
          },
          {
            "id": 12,
            "text": "2 : 그럼 숙박비가 많이 들잖아. 오빠네 식구도 같이 가서 키키",
            "norm_text": "그럼 숙박비가 많이 들잖아. 오빠네 식구도 같이 가서 키키",
            "speaker": {
              "id": "2번",
              "sex": "여성",
              "age": "30대"
            },
            "speechAct": "(단언) 진술하기",
            "morpheme": "그럼/MAJ+숙박비/NNG+가/JKS+많이/MAG+들/VV+잖아/EF+오빠/NNG+네/XSN+식구/NNG+도/JX+같이/MAG+가/VV+서/EC+키/NNG+키/XSV+ETN"
          },
          {
            "id": 13,
            "text": "1 : 아아... 오빠는 결혼 하신 거야? 키키",
            "norm_text": "아아... 오빠는 결혼 하신 거야? 키키",
            "speaker": {
              "id": "1번",
              "sex": "여성",
              "age": "30대"
            },
            "speechAct": "(지시) 질문하기",
            "morpheme": "아아/IC+./SY+오빠/NNG+는/JX+결혼/NNG+하/XSV+신/EP+ETM+거/NNB+야/VCP+EF+키/NNG+키/XSV+ETN"
          },
          {
            "id": 14,
            "text": "2 : 응 오빠는 결혼했어. 나 대학생 때 키키",
            "norm_text": "응 오빠는 결혼했어. 나 대학생 때 키키",
            "speaker": {
              "id": "2번",
              "sex": "여성",
              "age": "30대"
            },
            "speechAct": "(단언) 진술하기",
            "morpheme": "응/IC+오빠/NNG+는/JX+결혼/NNG+했/XSV+EP+어/EF+나대학생때키키/UNKNOWN"
          },
          {
            "id": 15,
            "text": "1 : 오 진짜? 키키 오빠랑 나이 차이가 많이 나?",
            "norm_text": "오 진짜? 키키 오빠랑 나이 차이가 많이 나?",
            "speaker": {
              "id": "1번",
              "sex": "여성",
              "age": "30대"
            },
            "speechAct": "(지시) 질문하기",
            "morpheme": "오/IC+진짜/MAG+키키오빠랑나이차이가많이나/UNKNOWN"
          },
          {
            "id": 16,
            "text": "2 : 아니. 오빠랑 3살 차이 나는데 오빠가 결혼을 좀 일찍 했어",
            "norm_text": "아니. 오빠랑 3살 차이 나는데 오빠가 결혼을 좀 일찍 했어",
            "speaker": {
              "id": "2번",
              "sex": "여성",
              "age": "30대"
            },
            "speechAct": "(단언) 진술하기",
            "morpheme": "아니/IC+오빠/NNG+랑/JKB+3/SN+살/NNBC+차이/NNG+나/VV+는데/EC+오빠/NNG+가/JKS+결혼/NNG+을/JKO+좀/MAG+일찍/MAG+했/VV+EP+어/EC"
          }
        ]
      }
    }
  ]
}