{
  "dataset": {
    "identifier": 62424,
    "name": "KAKAO_921_20_set",
    "src_path": "/data/file/cubeManager/PROJECT001/53/txt20211005161403047583/KAKAO_921_20_set/",
    "label_path": "/data/file/cubeManager/PROJECT001/53/txt20211005161403047583/KAKAO_921_20_set/",
    "category": 2,
    "type": 0
  },
  "licenses": {
    "name": "Apache License 1.0",
    "url": "http://www.apache.org/licenses/LICENSE-1.0"
  },
  "info": [
    {
      "id": 41997,
      "filename": "KAKAO_921_20.txt",
      "title": "KAKAO_921_20",
      "mediatype": "SNS",
      "medianame": "카카오톡",
      "category": "일상대화",
      "date": "2021-10-05",
      "size": 865,
      "annotations": {
        "subject": "영화/만화",
        "speaker_type": "1:1",
        "size": 865,
        "word_size": 286,
        "text": "1 : 나는 코로나 이후에 한 번도 극장 가서 영화 안 봤었는데 넌 본 적 있엉?\n2 : 나는 제일 마지막으로 본 게 블랙위도우였나 그랬을걸?\n2 : 아닌가 아 모가디슈! 봤었다\n1 : 아 나름 최근에 봤었넹?\n1 : 나는 코로나 이후 최초 극장가서 볼 영화를 비상선언으로 정했어 키키\n1 : 김남길 나오거든\n2 : 오 비상선언은 처음 들어본다 키키\n2 : 언제 개봉 해?\n1 : 그게 개봉일이 아직 안 정해진 게 함정 키키\n1 : 대신 배우진이 빵빵해 이병헌 송강호 전도연 김남길 키키\n2 : 송강호랑 이병헌도 나와? 키키 대박이네\n2 : 믿고 보는 송강호니까 개봉 하면 꼭 보러 가야겠다\n2 : 나는 말리그넌트 보고싶어\n1 : 키키 너 약간 이런 장르 조아하는구나 키키\n2 : 응 키키 나는 스릴러 오컬트 이런 장르 완전 좋아해 키키\n2 : 근데 너무 대놓고 귀신 나오는 건 싫어\n1 : 키키 그래 그런 것 같당 키키\n1 : 이런 장르물 요새 부쩍 많이 나오는 것 같아 키키\n1 : 대세인 듯\n2 : 말리그넌트 개봉 하면 꼭 보러 가야지 키키\n2 : 그런 건 영화관에서 봐야 재밌거든\n1 : 키키 사운드가 빵빵해야 긴장감이 있긴 하징 키키\n2 : 나 이번에 나온 컨저링 포디로 영화관에서 봤는데 너무 긴장감 있고 재밌었어 키키\n2 : 난 공포영화도 포디로 볼 수 있는지 몰랐는데 재밌더라구\n1 : 악 키키 컨저링 같은 걸 포디로 보다니 대단하당 키키\n2 : 구마 같은 거 할 때 막 의자 움직이고 물 떨어지고 난리던데 키키\n2 : 근데 난 너무 재밌었어\n2 : 앞으로 컨저링 포디로 봐야겠더라\n1 : 키키 2배로 무서울 것 같앙 키키\n1 : 난 컨저링 이런 건 무서워서 아예 못 보는데 ㅜㅜ\n2 : 아 근데 한번 보기 시작하면 끊을 수가 없어 키키\n2 : 너도 재미 들리면 계속 보게 될 거야 키키",
        "lines": [
          {
            "id": 1,
            "text": "1 : 나는 코로나 이후에 한 번도 극장 가서 영화 안 봤었는데 넌 본 적 있엉?",
            "norm_text": "나는 코로나 이후에 한 번도 극장 가서 영화 안 봤었는데 넌 본 적 있엉?",
            "speaker": {
              "id": "1번",
              "sex": "여성",
              "age": "20대"
            },
            "speechAct": "(지시) 질문하기",
            "morpheme": "나/NP+는/JX+코로나/NNG+이후/NNG+에/JKB+한/MM+번/NNBC+도/JX+극장가/NNG+서/JKB+영화/NNG+안/MAG+봤었/VV+EP+는데/EC+넌/NP+JX+본/VX+ETM+적/NNB+있/VA+엉/EF"
          },
          {
            "id": 2,
            "text": "2 : 나는 제일 마지막으로 본 게 블랙위도우였나 그랬을걸?",
            "norm_text": "나는 제일 마지막으로 본 게 블랙위도우였나 그랬을걸?",
            "speaker": {
              "id": "2번",
              "sex": "여성",
              "age": "20대"
            },
            "speechAct": "(단언) 주장하기",
            "morpheme": "나/NP+는/JX+제일/MAG+마지막/NNG+으로/JKB+본/VV+ETM+게/NNB+JKS+블랙/NNG+위/NNG+도우/NNG+였/VCP+EP+나/EC+그랬/VV+EP+을걸/EF"
          },
          {
            "id": 3,
            "text": "2 : 아닌가 아 모가디슈! 봤었다",
            "norm_text": "아닌가 아 모가디슈! 봤었다",
            "speaker": {
              "id": "2번",
              "sex": "여성",
              "age": "20대"
            },
            "speechAct": "(단언) 진술하기",
            "morpheme": "아닌가/VCN+EC+VCP+아/EC+모가디슈/NNP+봤었/VV+EP+다/EC"
          },
          {
            "id": 4,
            "text": "1 : 아 나름 최근에 봤었넹?",
            "norm_text": "아 나름 최근에 봤었넹?",
            "speaker": {
              "id": "1번",
              "sex": "여성",
              "age": "20대"
            },
            "speechAct": "(단언) 주장하기",
            "morpheme": "아/IC+나름/NNB+최근/NNG+에/JKB+봤었/VV+EP+넹/NNP"
          },
          {
            "id": 5,
            "text": "1 : 나는 코로나 이후 최초 극장가서 볼 영화를 비상선언으로 정했어 키키",
            "norm_text": "나는 코로나 이후 최초 극장가서 볼 영화를 비상선언으로 정했어 키키",
            "speaker": {
              "id": "1번",
              "sex": "여성",
              "age": "20대"
            },
            "speechAct": "(언약) 약속하기(제3자와)/(개인적 수준)",
            "morpheme": "나/NP+는/JX+코로나/NNG+이후/NNG+최초/NNG+극장/NNG+가/VV+서/EC+볼/VX+ETM+영화/NNG+를/JKO+비상/NNG+선언/NNG+으로/JKB+정했/VV+EP+어/EC+키/NNG+키/XSV+ETN"
          },
          {
            "id": 6,
            "text": "1 : 김남길 나오거든",
            "norm_text": "김남길 나오거든",
            "speaker": {
              "id": "1번",
              "sex": "여성",
              "age": "20대"
            },
            "speechAct": "(단언) 진술하기",
            "morpheme": "김남길/NNP+나오/VV+거든/EC"
          },
          {
            "id": 7,
            "text": "2 : 오 비상선언은 처음 들어본다 키키",
            "norm_text": "오 비상선언은 처음 들어본다 키키",
            "speaker": {
              "id": "2번",
              "sex": "여성",
              "age": "20대"
            },
            "speechAct": "(단언) 주장하기",
            "morpheme": "오/NR+비상/NNG+선언/NNG+은/JX+처음/MAG+들/VV+어/EC+본/VX+ETM+다키키/NNP"
          },
          {
            "id": 8,
            "text": "2 : 언제 개봉 해?",
            "norm_text": "언제 개봉 해?",
            "speaker": {
              "id": "2번",
              "sex": "여성",
              "age": "20대"
            },
            "speechAct": "(지시) 질문하기",
            "morpheme": "언제/MAG+개봉/NNG+해/XSV+EF"
          },
          {
            "id": 9,
            "text": "1 : 그게 개봉일이 아직 안 정해진 게 함정 키키",
            "norm_text": "그게 개봉일이 아직 안 정해진 게 함정 키키",
            "speaker": {
              "id": "1번",
              "sex": "여성",
              "age": "20대"
            },
            "speechAct": "(단언) 진술하기",
            "morpheme": "그게/NP+JKS+개봉/NNG+일/NNG+이/JKS+아직/MAG+안/MAG+정해진/VV+EC+VX+ETM+게/NNB+JKS+함정/NNG+키/NNG+키/XSV+ETN"
          },
          {
            "id": 10,
            "text": "1 : 대신 배우진이 빵빵해 이병헌 송강호 전도연 김남길 키키",
            "norm_text": "대신 배우진이 빵빵해 이병헌 송강호 전도연 김남길 키키",
            "speaker": {
              "id": "1번",
              "sex": "여성",
              "age": "20대"
            },
            "speechAct": "(단언) 진술하기",
            "morpheme": "대신/NNG+배우/NNG+진이/XSV+EC+JX+JKS+빵빵/MAG+해/VV+EC+이병헌/NNP+송강호/NNP+전도연/NNP+김남길/NNP+키키/NNP"
          },
          {
            "id": 11,
            "text": "2 : 송강호랑 이병헌도 나와? 키키 대박이네",
            "norm_text": "송강호랑 이병헌도 나와? 키키 대박이네",
            "speaker": {
              "id": "2번",
              "sex": "여성",
              "age": "20대"
            },
            "speechAct": "(단언) 주장하기",
            "morpheme": "송강호/NNP+랑/JC+이병헌/NNP+도/JX+나와/VV+EF+키/NNG+키/NNG+대박/NNG+이/VCP+네/EC"
          },
          {
            "id": 12,
            "text": "2 : 믿고 보는 송강호니까 개봉 하면 꼭 보러 가야겠다",
            "norm_text": "믿고 보는 송강호니까 개봉 하면 꼭 보러 가야겠다",
            "speaker": {
              "id": "2번",
              "sex": "여성",
              "age": "20대"
            },
            "speechAct": "(언약) 약속하기(제3자와)/(개인적 수준)",
            "morpheme": "믿/VV+고/EC+보/VX+는/ETM+송강호/NNP+니까/VCP+EC+개봉/NNG+하/XSV+면/EC+꼭/MAG+보/VV+러/EC+가/VX+야겠다/EC+VX+EP+EC"
          },
          {
            "id": 13,
            "text": "2 : 나는 말리그넌트 보고싶어",
            "norm_text": "나는 말리그넌트 보고싶어",
            "speaker": {
              "id": "2번",
              "sex": "여성",
              "age": "20대"
            },
            "speechAct": "(단언) 주장하기",
            "morpheme": "나/NP+는/JX+말/NNG+리그/NNG+넌/NP+JX+트/NNG+보/VV+고/EC+싶/VX+어/EC"
          },
          {
            "id": 14,
            "text": "1 : 키키 너 약간 이런 장르 조아하는구나 키키",
            "norm_text": "키키 너 약간 이런 장르 조아하는구나 키키",
            "speaker": {
              "id": "1번",
              "sex": "여성",
              "age": "20대"
            },
            "speechAct": "(단언) 주장하기",
            "morpheme": "키/NNG+키/XSV+ETN+너/NP+약간/MAG+이런/MM+장르/NNG+조아/NNG+하/XSV+는구나/EC+키/NNG+키/XSV+ETN"
          },
          {
            "id": 15,
            "text": "2 : 응 키키 나는 스릴러 오컬트 이런 장르 완전 좋아해 키키",
            "norm_text": "응 키키 나는 스릴러 오컬트 이런 장르 완전 좋아해 키키",
            "speaker": {
              "id": "2번",
              "sex": "여성",
              "age": "20대"
            },
            "speechAct": "(단언) 주장하기",
            "morpheme": "응/IC+키/NNG+키나/XSA+ETN+JX+는/JX+스릴러/NNG+오컬트/NNG+이런/MM+장르/NNG+완전/MAG+좋아해/VV+EC+키/NNG+키/XSV+ETN"
          },
          {
            "id": 16,
            "text": "2 : 근데 너무 대놓고 귀신 나오는 건 싫어",
            "norm_text": "근데 너무 대놓고 귀신 나오는 건 싫어",
            "speaker": {
              "id": "2번",
              "sex": "여성",
              "age": "20대"
            },
            "speechAct": "(단언) 주장하기",
            "morpheme": "근데/MAJ+너무/MAG+대놓고/MAG+귀신/NNG+나오/VV+는/ETM+건/NNB+JX+싫/VA+어/EC"
          },
          {
            "id": 17,
            "text": "1 : 키키 그래 그런 것 같당 키키",
            "norm_text": "키키 그래 그런 것 같당 키키",
            "speaker": {
              "id": "1번",
              "sex": "여성",
              "age": "20대"
            },
            "speechAct": "(단언) 주장하기",
            "morpheme": "키/NNG+키/XSV+ETN+그래/JX+그런/MM+것/NNB+같/VA+당/EF+키/NNG+키/XSV+ETN"
          },
          {
            "id": 18,
            "text": "1 : 이런 장르물 요새 부쩍 많이 나오는 것 같아 키키",
            "norm_text": "이런 장르물 요새 부쩍 많이 나오는 것 같아 키키",
            "speaker": {
              "id": "1번",
              "sex": "여성",
              "age": "20대"
            },
            "speechAct": "(단언) 주장하기",
            "morpheme": "이런/MM+장르/NNG+물/NNG+요새/MAG+부쩍/MAG+많이/MAG+나오/VV+는/ETM+것/NNB+같/VA+아/EC+키/NNG+키/XSV+ETN"
          },
          {
            "id": 19,
            "text": "1 : 대세인 듯",
            "norm_text": "대세인 듯",
            "speaker": {
              "id": "1번",
              "sex": "여성",
              "age": "20대"
            },
            "speechAct": "(단언) 주장하기",
            "morpheme": "대세/NNG+인/VCP+ETM+듯/NNB"
          },
          {
            "id": 20,
            "text": "2 : 말리그넌트 개봉 하면 꼭 보러 가야지 키키",
            "norm_text": "말리그넌트 개봉 하면 꼭 보러 가야지 키키",
            "speaker": {
              "id": "2번",
              "sex": "여성",
              "age": "20대"
            },
            "speechAct": "(언약) 약속하기(제3자와)/(개인적 수준)",
            "morpheme": "말/NNG+리그/NNG+넌/NP+JX+트/NNG+개봉/NNG+하/XSV+면/EC+꼭/MAG+보/VV+러/EC+가/VX+야지/EC+키/NNG+키/XSV+ETN"
          },
          {
            "id": 21,
            "text": "2 : 그런 건 영화관에서 봐야 재밌거든",
            "norm_text": "그런 건 영화관에서 봐야 재밌거든",
            "speaker": {
              "id": "2번",
              "sex": "여성",
              "age": "20대"
            },
            "speechAct": "(단언) 주장하기",
            "morpheme": "그런/MM+건/NNB+JX+영화관/NNG+에서/JKB+봐야/VV+EC+재밌/VA+거든/EC"
          },
          {
            "id": 22,
            "text": "1 : 키키 사운드가 빵빵해야 긴장감이 있긴 하징 키키",
            "norm_text": "키키 사운드가 빵빵해야 긴장감이 있긴 하징 키키",
            "speaker": {
              "id": "1번",
              "sex": "여성",
              "age": "20대"
            },
            "speechAct": "(단언) 주장하기",
            "morpheme": "키키/NNP+사운드/NNP+가/JKS+빵빵/MAG+해야/VV+EC+긴장감/NNG+이/JKS+있/VV+긴/ETN+JX+하/VX+징/EF+키/NNG+키/XSV+ETN"
          },
          {
            "id": 23,
            "text": "2 : 나 이번에 나온 컨저링 포디로 영화관에서 봤는데 너무 긴장감 있고 재밌었어 키키",
            "norm_text": "나 이번에 나온 컨저링 포디로 영화관에서 봤는데 너무 긴장감 있고 재밌었어 키키",
            "speaker": {
              "id": "2번",
              "sex": "여성",
              "age": "20대"
            },
            "speechAct": "(단언) 진술하기",
            "morpheme": "나/NP+이번/NNG+에/JKB+나온/VV+ETM+컨/NNP+저/NP+링/JKO+포/NR+디/NNG+로/JKB+영화관/NNG+에서/JKB+봤/VV+EP+는데/EC+너무/MAG+긴장감/NNG+있/VV+고/EC+재밌/VA+었/EP+어/EC+키/NNG+키/XSV+ETN"
          },
          {
            "id": 24,
            "text": "2 : 난 공포영화도 포디로 볼 수 있는지 몰랐는데 재밌더라구",
            "norm_text": "난 공포영화도 포디로 볼 수 있는지 몰랐는데 재밌더라구",
            "speaker": {
              "id": "2번",
              "sex": "여성",
              "age": "20대"
            },
            "speechAct": "(단언) 주장하기",
            "morpheme": "난/NP+JX+공포/NNG+영화/NNG+도포/NNG+디/NNG+로/JKB+볼/VV+ETM+수/NNB+있/VV+는지/EC+몰랐/VV+EP+는데/EC+재밌/VA+더라구/EC"
          },
          {
            "id": 25,
            "text": "1 : 악 키키 컨저링 같은 걸 포디로 보다니 대단하당 키키",
            "norm_text": "악 키키 컨저링 같은 걸 포디로 보다니 대단하당 키키",
            "speaker": {
              "id": "1번",
              "sex": "여성",
              "age": "20대"
            },
            "speechAct": "(단언) 주장하기",
            "morpheme": "악/IC+키키/NNP+컨/NNP+저/NP+링/JKO+같/VA+은/ETM+걸포/NNP+디/NNG+로/JKB+보/VV+다니/EC+대단/XR+하/XSA+당/EF+키/NNG+키/XSV+ETN"
          },
          {
            "id": 26,
            "text": "2 : 구마 같은 거 할 때 막 의자 움직이고 물 떨어지고 난리던데 키키",
            "norm_text": "구마 같은 거 할 때 막 의자 움직이고 물 떨어지고 난리던데 키키",
            "speaker": {
              "id": "2번",
              "sex": "여성",
              "age": "20대"
            },
            "speechAct": "(단언) 진술하기",
            "morpheme": "구마/NNG+같/VA+은/ETM+거/NNB+할/VV+ETM+때/NNG+막/NNG+의/JKG+자움/NNG+직이/VV+고/EC+물/NNG+떨어지/VV+고/EC+난리/NNG+던데/VCP+EC+키/NNG+키/XSV+ETN"
          },
          {
            "id": 27,
            "text": "2 : 근데 난 너무 재밌었어",
            "norm_text": "근데 난 너무 재밌었어",
            "speaker": {
              "id": "2번",
              "sex": "여성",
              "age": "20대"
            },
            "speechAct": "(단언) 주장하기",
            "morpheme": "근데/MAJ+난/NP+JX+너무/MAG+재밌/VA+었/EP+어/EC"
          },
          {
            "id": 28,
            "text": "2 : 앞으로 컨저링 포디로 봐야겠더라",
            "norm_text": "앞으로 컨저링 포디로 봐야겠더라",
            "speaker": {
              "id": "2번",
              "sex": "여성",
              "age": "20대"
            },
            "speechAct": "(단언) 주장하기",
            "morpheme": "앞/NNG+으로/JKB+컨/NNP+저/NP+링/JKO+포/NR+디/NNG+로/JKB+봐야/VX+EC+VV+겠/EP+더라/EC"
          },
          {
            "id": 29,
            "text": "1 : 키키 2배로 무서울 것 같앙 키키",
            "norm_text": "키키 2배로 무서울 것 같앙 키키",
            "speaker": {
              "id": "1번",
              "sex": "여성",
              "age": "20대"
            },
            "speechAct": "(단언) 주장하기",
            "morpheme": "키/NNG+키/XSV+ETN+2/SN+배/NNG+로/JKB+무서울/VA+ETM+것/NNB+같/VA+앙/EC+키/NNG+키/XSV+ETN"
          },
          {
            "id": 30,
            "text": "1 : 난 컨저링 이런 건 무서워서 아예 못 보는데 ㅜㅜ",
            "norm_text": "난 컨저링 이런 건 무서워서 아예 못 보는데 ㅜㅜ",
            "speaker": {
              "id": "1번",
              "sex": "여성",
              "age": "20대"
            },
            "speechAct": "(단언) 주장하기",
            "morpheme": "난/NP+JX+컨/NNP+저/NP+링/JKO+이런/MM+건/NNB+JX+무서워서/VA+EC+아예/MAG+못/MAG+보/VV+는데/EC+ㅜㅜ/UNKNOWN"
          },
          {
            "id": 31,
            "text": "2 : 아 근데 한번 보기 시작하면 끊을 수가 없어 키키",
            "norm_text": "아 근데 한번 보기 시작하면 끊을 수가 없어 키키",
            "speaker": {
              "id": "2번",
              "sex": "여성",
              "age": "20대"
            },
            "speechAct": "(단언) 주장하기",
            "morpheme": "아/IC+근데/MAJ+한/MM+번/NNBC+보/VV+기/ETN+시작/NNG+하/XSV+면/EC+끊/VV+을/ETM+수/NNB+가/JKS+없/VA+어/EC+키/NNG+키/XSV+ETN"
          },
          {
            "id": 32,
            "text": "2 : 너도 재미 들리면 계속 보게 될 거야 키키",
            "norm_text": "너도 재미 들리면 계속 보게 될 거야 키키",
            "speaker": {
              "id": "2번",
              "sex": "여성",
              "age": "20대"
            },
            "speechAct": "(단언) 주장하기",
            "morpheme": "너/NP+도/JX+재미/NNG+들리/VV+면/EC+계속/MAG+보/VV+게/EC+될/VV+ETM+거/NNB+야/VCP+EF+키/NNG+키/XSV+ETN"
          }
        ]
      }
    }
  ]
}