{
  "dataset": {
    "identifier": 72866,
    "name": "KAKAO_899_19_set",
    "src_path": "/data/file/cubeManager/PROJECT001/53/txt20211005152834025329/KAKAO_899_19_set/",
    "label_path": "/data/file/cubeManager/PROJECT001/53/txt20211005152834025329/KAKAO_899_19_set/",
    "category": 2,
    "type": 0
  },
  "licenses": {
    "name": "Apache License 1.0",
    "url": "http://www.apache.org/licenses/LICENSE-1.0"
  },
  "info": [
    {
      "id": 41336,
      "filename": "KAKAO_899_19.txt",
      "title": "KAKAO_899_19",
      "mediatype": "SNS",
      "medianame": "카카오톡",
      "category": "일상대화",
      "date": "2021-10-05",
      "size": 437,
      "annotations": {
        "subject": "방송/연예",
        "speaker_type": "1:1",
        "size": 437,
        "word_size": 151,
        "text": "1 : tv 프로그램 뭐 보는 거 있옹? 키키\n2 : 나는 항상 보는 건 그것이 알고 싶다\n1 : 아 오빠야 그알 팬이가 키키\n1 : 난 무서워서 안 봐\n2 : 키키 왜 무서워 얼마나 재밌는데\n1 : 키키 몰라 뭔가 무서워 시간대도 늦게 하지 않음?\n2 : 맞아 11시 넘어서 하니깐 키키\n1 : 키키 그래서 뭔가 더 무서워 키키\n2 : 그럴 수 있겠네 키키\n2 : 미해결 사건들 보면 재밌어\n1 : 키키 오호 뭔가 형사가 된 듯한 느낌인가 키키\n2 : 키키 그냥 흥미진진해 키키\n2 : 가끔 진짜 범인일 것 같은 사람이 나와\n1 : 오 대박이다 키키 아니 그알은 취재진들이 미쳤어\n2 : 키키 그니깐 진짜 열심히 일하시는 것 같애\n1 : 경찰들도 못 밝혀낸 것도 밝혀내고 아주 짱!\n2 : 맞아 키키 가끔 정치하면 좀 재미없지만\n1 : 키키 아 정치 이야기할 때도 있구남\n2 : 응응 정치나 뭐 이것저것 많이 해",
        "lines": [
          {
            "id": 1,
            "text": "1 : tv 프로그램 뭐 보는 거 있옹? 키키",
            "norm_text": "tv 프로그램 뭐 보는 거 있옹? 키키",
            "speaker": {
              "id": "1번",
              "sex": "여성",
              "age": "20대"
            },
            "speechAct": "(지시) 질문하기",
            "morpheme": "tv/SL+프로그램/NNG+뭐/IC+보/VV+는/ETM+거/NNB+있/VA+옹/NNB+키/NNG+키/XSV+ETN"
          },
          {
            "id": 2,
            "text": "2 : 나는 항상 보는 건 그것이 알고 싶다",
            "norm_text": "나는 항상 보는 건 그것이 알고 싶다",
            "speaker": {
              "id": "2번",
              "sex": "남성",
              "age": "20대"
            },
            "speechAct": "(단언) 진술하기",
            "morpheme": "나/NP+는/JX+항상/MAG+보/VV+는/ETM+건/NNB+JX+그것/NP+이/JKS+알/VV+고/EC+싶/VX+다/EC"
          },
          {
            "id": 3,
            "text": "1 : 아 오빠야 그알 팬이가 키키",
            "norm_text": "아 오빠야 그알 팬이가 키키",
            "speaker": {
              "id": "1번",
              "sex": "여성",
              "age": "20대"
            },
            "speechAct": "(단언) 진술하기",
            "morpheme": "아/IC+오빠/NNG+야/VCP+EF+그/IC+알/+팬/+이/XSN+가/JKS+키/NNG+키/XSV+ETN"
          },
          {
            "id": 4,
            "text": "1 : 난 무서워서 안 봐",
            "norm_text": "난 무서워서 안 봐",
            "speaker": {
              "id": "1번",
              "sex": "여성",
              "age": "20대"
            },
            "speechAct": "(단언) 주장하기",
            "morpheme": "난/NP+JX+무서워서/VA+EC+안/MAG+봐/VV+EC"
          },
          {
            "id": 5,
            "text": "2 : 키키 왜 무서워 얼마나 재밌는데",
            "norm_text": "키키 왜 무서워 얼마나 재밌는데",
            "speaker": {
              "id": "2번",
              "sex": "남성",
              "age": "20대"
            },
            "speechAct": "(단언) 진술하기",
            "morpheme": "키/NNG+키/XSV+ETN+왜/MAG+무서워/VA+EC+얼마나/MAG+재밌/VA+는데/EC"
          },
          {
            "id": 6,
            "text": "1 : 키키 몰라 뭔가 무서워 시간대도 늦게 하지 않음?",
            "norm_text": "키키 몰라 뭔가 무서워 시간대도 늦게 하지 않음?",
            "speaker": {
              "id": "1번",
              "sex": "여성",
              "age": "20대"
            },
            "speechAct": "(지시) 질문하기",
            "morpheme": "키/NNG+키/XSV+ETN+몰라/VV+EF+뭔가/NP+VCP+EC+무서워/VA+EC+시간대/NNG+도/JX+늦/VA+게/EC+하/VV+지/EC+않/VX+음/ETN"
          },
          {
            "id": 7,
            "text": "2 : 맞아 11시 넘어서 하니깐 키키",
            "norm_text": "맞아 11시 넘어서 하니깐 키키",
            "speaker": {
              "id": "2번",
              "sex": "남성",
              "age": "20대"
            },
            "speechAct": "(단언) 주장하기",
            "morpheme": "맞/VV+아/EC+11/SN+시/NNBC+넘/VV+어서/EC+하/VV+니깐/EC+키/NNG+키/XSV+ETN"
          },
          {
            "id": 8,
            "text": "1 : 키키 그래서 뭔가 더 무서워 키키",
            "norm_text": "키키 그래서 뭔가 더 무서워 키키",
            "speaker": {
              "id": "1번",
              "sex": "여성",
              "age": "20대"
            },
            "speechAct": "(단언) 진술하기",
            "morpheme": "키/NNG+키/XSV+ETN+그래서/MAJ+뭔가/NP+VCP+EC+더/MAG+무서워/VA+EC+키/NNG+키/XSV+ETN"
          },
          {
            "id": 9,
            "text": "2 : 그럴 수 있겠네 키키",
            "norm_text": "그럴 수 있겠네 키키",
            "speaker": {
              "id": "2번",
              "sex": "남성",
              "age": "20대"
            },
            "speechAct": "(단언) 진술하기",
            "morpheme": "그럴/VA+ETM+수/NNB+있/VV+겠/EP+네/EF+키/NNG+키/XSV+ETN"
          },
          {
            "id": 10,
            "text": "2 : 미해결 사건들 보면 재밌어",
            "norm_text": "미해결 사건들 보면 재밌어",
            "speaker": {
              "id": "2번",
              "sex": "남성",
              "age": "20대"
            },
            "speechAct": "(단언) 주장하기",
            "morpheme": "미/NNP+해결/NNG+사건/NNG+들/XSN+보/VV+면/EC+재밌/VA+어/EC"
          },
          {
            "id": 11,
            "text": "1 : 키키 오호 뭔가 형사가 된 듯한 느낌인가 키키",
            "norm_text": "키키 오호 뭔가 형사가 된 듯한 느낌인가 키키",
            "speaker": {
              "id": "1번",
              "sex": "여성",
              "age": "20대"
            },
            "speechAct": "(단언) 진술하기",
            "morpheme": "키/NNG+키/XSV+ETN+오호/IC+뭔가/NP+VCP+EC+형사/NNG+가/JKS+된/VV+ETM+듯/NNB+한/XSA+ETM+느낌/NNG+인가/VCP+EC+키/NNG+키/XSV+ETN"
          },
          {
            "id": 12,
            "text": "2 : 키키 그냥 흥미진진해 키키",
            "norm_text": "키키 그냥 흥미진진해 키키",
            "speaker": {
              "id": "2번",
              "sex": "남성",
              "age": "20대"
            },
            "speechAct": "(단언) 진술하기",
            "morpheme": "키/NNG+키/NNG+그냥/MAG+흥미진진/XR+해/XSA+EC+키/NNG+키/XSV+ETN"
          },
          {
            "id": 13,
            "text": "2 : 가끔 진짜 범인일 것 같은 사람이 나와",
            "norm_text": "가끔 진짜 범인일 것 같은 사람이 나와",
            "speaker": {
              "id": "2번",
              "sex": "남성",
              "age": "20대"
            },
            "speechAct": "(단언) 진술하기",
            "morpheme": "가끔/MAG+진짜/MAG+범인/NNG+일/VCP+ETM+것/NNB+같/VA+은/ETM+사람/NNG+이/JKS+나와/VV+EC"
          },
          {
            "id": 14,
            "text": "1 : 오 대박이다 키키 아니 그알은 취재진들이 미쳤어",
            "norm_text": "오 대박이다 키키 아니 그알은 취재진들이 미쳤어",
            "speaker": {
              "id": "1번",
              "sex": "여성",
              "age": "20대"
            },
            "speechAct": "(단언) 진술하기",
            "morpheme": "오/NR+대박/NNG+이/JKS+다키키/NNP+아니/IC+그/IC+알/VV+은/ETM+취재진/NNG+들/XSN+이/JKS+미쳤/VV+EP+어/EC"
          },
          {
            "id": 15,
            "text": "2 : 키키 그니깐 진짜 열심히 일하시는 것 같애",
            "norm_text": "키키 그니깐 진짜 열심히 일하시는 것 같애",
            "speaker": {
              "id": "2번",
              "sex": "남성",
              "age": "20대"
            },
            "speechAct": "(단언) 진술하기",
            "morpheme": "키/NNG+키/XSV+ETN+그니깐/MAJ+진짜/MAG+열심히/MAG+일/NNG+하/XSV+시/EP+는/ETM+것/NNB+같/VA+애/EC"
          },
          {
            "id": 16,
            "text": "1 : 경찰들도 못 밝혀낸 것도 밝혀내고 아주 짱!",
            "norm_text": "경찰들도 못 밝혀낸 것도 밝혀내고 아주 짱!",
            "speaker": {
              "id": "1번",
              "sex": "여성",
              "age": "20대"
            },
            "speechAct": "(단언) 진술하기",
            "morpheme": "경찰/NNG+들/XSN+도/JX+못/MAG+밝혀낸/VV+ETM+것/NNB+도/JX+밝혀내/VV+고/EC+아주/MAG+짱/NNG"
          },
          {
            "id": 17,
            "text": "2 : 맞아 키키 가끔 정치하면 좀 재미없지만",
            "norm_text": "맞아 키키 가끔 정치하면 좀 재미없지만",
            "speaker": {
              "id": "2번",
              "sex": "남성",
              "age": "20대"
            },
            "speechAct": "(단언) 주장하기",
            "morpheme": "맞/VV+아/EC+키/NNG+키/NNG+가끔/MAG+정치/NNG+하/XSV+면/EC+좀/MAG+재미없/VA+지만/EC"
          },
          {
            "id": 18,
            "text": "1 : 키키 아 정치 이야기할 때도 있구남",
            "norm_text": "키키 아 정치 이야기할 때도 있구남",
            "speaker": {
              "id": "1번",
              "sex": "여성",
              "age": "20대"
            },
            "speechAct": "(단언) 진술하기",
            "morpheme": "키/NNG+키/VV+아/EC+정치/NNG+이야기/NNG+할/XSV+ETM+때/NNG+도/JX+있/VA+구/EC+남/NNG"
          },
          {
            "id": 19,
            "text": "2 : 응응 정치나 뭐 이것저것 많이 해",
            "norm_text": "응응 정치나 뭐 이것저것 많이 해",
            "speaker": {
              "id": "2번",
              "sex": "남성",
              "age": "20대"
            },
            "speechAct": "(단언) 주장하기",
            "morpheme": "응/IC+응/IC+정치/NNG+나/JC+뭐/IC+이것저것/MAG+많이/MAG+해/VV+EC"
          }
        ]
      }
    }
  ]
}