{
  "dataset": {
    "identifier": 69168,
    "name": "KAKAO_919_08_set",
    "src_path": "/data/file/cubeManager/PROJECT001/53/txt20211005155848054736/KAKAO_919_08_set/",
    "label_path": "/data/file/cubeManager/PROJECT001/53/txt20211005155848054736/KAKAO_919_08_set/",
    "category": 2,
    "type": 0
  },
  "licenses": {
    "name": "Apache License 1.0",
    "url": "http://www.apache.org/licenses/LICENSE-1.0"
  },
  "info": [
    {
      "id": 41925,
      "filename": "KAKAO_919_08.txt",
      "title": "KAKAO_919_08",
      "mediatype": "SNS",
      "medianame": "카카오톡",
      "category": "일상대화",
      "date": "2021-10-05",
      "size": 589,
      "annotations": {
        "subject": "연애/결혼",
        "speaker_type": "1:1",
        "size": 589,
        "word_size": 175,
        "text": "1 : 너 이제 곧 애기 나온다며\n2 : 그러니까 지금 안절부절 중임... 순산해야 할 텐데 뭔가 걱정이 된다 ㅠㅠ\n1 : 잘될 꺼야 옆에서 응원해줘야지 뭐\n2 : 첫 아이 탄생 기다리는 아빠들 마음이 다 그렇겠지?\n1 : 나도 경험을 안 해봐서 모르겠지만 그러지 않을까?\n2 : 아직 출산 예정일은 3일 뒤이긴 한데 벌써부터 불안해하니까 아내도 불안해 하는 거 같아 ㅠㅠ\n1 : 그렇지... 그럴수록 니가 옆에서 더 응원해주고 힘줘 키키\n2 : 그래야지... 신 같은 건 믿지 않지만 순산할 수 있게 기도하고 있다 키키\n2 : 나도 마음 단단히 먹을라고 노력 중이야 키키\n1 : 순산할 때 머리 다 뽑힌다는데 키키 진짜인가\n2 : 와이프가 안 그래도 없는 머리 본인 때문에 탈모 되는 거 아닐까 걱정하더라 키키\n1 : 키키 항상 영화나 드라마로만 봐서 궁금하다 하하\n2 : 근데 이번에 코로나 때문에 보호자도 입장 못할 수도 있다고 하더라고...\n1 : 아하... 진짜 그러면 너무 힘들겠는걸\n2 : 아내도 걱정하더라고 내가 같이 옆에 있었으면 좋겠다고 했는데...\n1 : 진짜 그게 엄청 큰 힘일텐데 좀 더 고생해라\n2 : 예약한 산부인과 의사선생님하고 다시 한번 상담해봐야겠어",
        "lines": [
          {
            "id": 1,
            "text": "1 : 너 이제 곧 애기 나온다며",
            "norm_text": "너 이제 곧 애기 나온다며",
            "speaker": {
              "id": "1번",
              "sex": "남성",
              "age": "20대"
            },
            "speechAct": "(단언) 진술하기",
            "morpheme": "너/NP+이제/MAG+곧/MAG+애기/NNG+나온다며/VV+EC"
          },
          {
            "id": 2,
            "text": "2 : 그러니까 지금 안절부절 중임... 순산해야 할 텐데 뭔가 걱정이 된다 ㅠㅠ",
            "norm_text": "그러니까 지금 안절부절 중임... 순산해야 할 텐데 뭔가 걱정이 된다 ㅠㅠ",
            "speaker": {
              "id": "2번",
              "sex": "남성",
              "age": "20대"
            },
            "speechAct": "(단언) 주장하기",
            "morpheme": "그러니까/MAJ+지금/MAG+안절부절/MAG+중임/NNG+./SY+./SY+순산해야할텐데뭔가걱정이된다ㅠㅠ/UNKNOWN"
          },
          {
            "id": 3,
            "text": "1 : 잘될 꺼야 옆에서 응원해줘야지 뭐",
            "norm_text": "잘될 꺼야 옆에서 응원해줘야지 뭐",
            "speaker": {
              "id": "1번",
              "sex": "남성",
              "age": "20대"
            },
            "speechAct": "(단언) 주장하기",
            "morpheme": "잘/MAG+될/VV+ETM+꺼/NNB+VCP+야/EC+옆/NNG+에서/JKB+응원/NNG+해/XSV+EC+줘야지/VX+EF+뭐/IC"
          },
          {
            "id": 4,
            "text": "2 : 첫 아이 탄생 기다리는 아빠들 마음이 다 그렇겠지?",
            "norm_text": "첫 아이 탄생 기다리는 아빠들 마음이 다 그렇겠지?",
            "speaker": {
              "id": "2번",
              "sex": "남성",
              "age": "20대"
            },
            "speechAct": "(지시) 질문하기",
            "morpheme": "첫/MM+아이/NNG+탄생/NNG+기다리/VV+는/ETM+아빠/NNG+들/XSN+마음/NNG+이/JKS+다/MAG+그렇/VA+겠/EP+지/EF"
          },
          {
            "id": 5,
            "text": "1 : 나도 경험을 안 해봐서 모르겠지만 그러지 않을까?",
            "norm_text": "나도 경험을 안 해봐서 모르겠지만 그러지 않을까?",
            "speaker": {
              "id": "1번",
              "sex": "남성",
              "age": "20대"
            },
            "speechAct": "(지시) 질문하기",
            "morpheme": "나/NP+도/JX+경험/NNG+을/JKO+안/MAG+해/VV+EC+봐서/VV+EC+모르/VV+겠/EP+지만/EC+그러/VV+지/EC+않/VX+을까/EF"
          },
          {
            "id": 6,
            "text": "2 : 아직 출산 예정일은 3일 뒤이긴 한데 벌써부터 불안해하니까 아내도 불안해 하는 거 같아 ㅠㅠ",
            "norm_text": "아직 출산 예정일은 3일 뒤이긴 한데 벌써부터 불안해하니까 아내도 불안해 하는 거 같아 ㅠㅠ",
            "speaker": {
              "id": "2번",
              "sex": "남성",
              "age": "20대"
            },
            "speechAct": "(단언) 주장하기",
            "morpheme": "아직/MAG+출산/NNG+예정일/NNG+은/JX+3/SN+일뒤이긴한데벌써부터불안해하니까아내도불안해하는거같아ㅠㅠ/UNKNOWN"
          },
          {
            "id": 7,
            "text": "1 : 그렇지... 그럴수록 니가 옆에서 더 응원해주고 힘줘 키키",
            "norm_text": "그렇지... 그럴수록 니가 옆에서 더 응원해주고 힘줘 키키",
            "speaker": {
              "id": "1번",
              "sex": "남성",
              "age": "20대"
            },
            "speechAct": "(단언) 주장하기",
            "morpheme": "그렇/VA+지/EF+./SY+그럴수록/VA+EC+니/NP+가/JKS+옆/NNG+에서/JKB+더/MAG+응원/NNG+해/XSV+EC+주/VX+고/EC+힘줘/VV+EC+키/NNG+키/XSV+ETN"
          },
          {
            "id": 8,
            "text": "2 : 그래야지... 신 같은 건 믿지 않지만 순산할 수 있게 기도하고 있다 키키",
            "norm_text": "그래야지... 신 같은 건 믿지 않지만 순산할 수 있게 기도하고 있다 키키",
            "speaker": {
              "id": "2번",
              "sex": "남성",
              "age": "20대"
            },
            "speechAct": "(단언) 진술하기",
            "morpheme": "그래야지/VV+EF+./SY+신/EP+ETM+같/VA+은/ETM+건/NNB+JX+믿/VV+지/EC+않/VX+지만/EC+순산/NNG+할/XSV+ETM+수/NNB+있/VV+게/EC+기도/NNG+하/XSV+고/EC+있/VX+다키키/NNP"
          },
          {
            "id": 9,
            "text": "2 : 나도 마음 단단히 먹을라고 노력 중이야 키키",
            "norm_text": "나도 마음 단단히 먹을라고 노력 중이야 키키",
            "speaker": {
              "id": "2번",
              "sex": "남성",
              "age": "20대"
            },
            "speechAct": "(단언) 진술하기",
            "morpheme": "나/NP+도/JX+마음/NNG+단단히/MAG+먹/VV+을라고/EC+노력/NNG+중/NNB+이/VCP+야/EC+키/NNG+키/XSV+ETN"
          },
          {
            "id": 10,
            "text": "1 : 순산할 때 머리 다 뽑힌다는데 키키 진짜인가",
            "norm_text": "순산할 때 머리 다 뽑힌다는데 키키 진짜인가",
            "speaker": {
              "id": "1번",
              "sex": "남성",
              "age": "20대"
            },
            "speechAct": "(지시) 질문하기",
            "morpheme": "순산/NNG+할/XSV+ETM+때머리/NNG+다/MAG+뽑힌다는/VV+ETM+데/NNB+키/NNG+키/NNG+진짜/NNG+인가/VCP+EC"
          },
          {
            "id": 11,
            "text": "2 : 와이프가 안 그래도 없는 머리 본인 때문에 탈모 되는 거 아닐까 걱정하더라 키키",
            "norm_text": "와이프가 안 그래도 없는 머리 본인 때문에 탈모 되는 거 아닐까 걱정하더라 키키",
            "speaker": {
              "id": "2번",
              "sex": "남성",
              "age": "20대"
            },
            "speechAct": "(단언) 주장하기",
            "morpheme": "와이프/NNG+가/JKS+안/MAG+그래도/VV+EC+없/VA+는/ETM+머리/NNG+본인/NNG+때문/NNB+에/JKB+탈모/NNG+되/XSV+는/ETM+거/NNB+아닐까/VCN+EC+걱정/NNG+하/XSV+더라/EC+키/NNG+키/XSV+ETN"
          },
          {
            "id": 12,
            "text": "1 : 키키 항상 영화나 드라마로만 봐서 궁금하다 하하",
            "norm_text": "키키 항상 영화나 드라마로만 봐서 궁금하다 하하",
            "speaker": {
              "id": "1번",
              "sex": "남성",
              "age": "20대"
            },
            "speechAct": "(단언) 주장하기",
            "morpheme": "키/NNG+키/NNG+항상/MAG+영화/NNG+나/JC+드라마/NNG+로/JKB+만/JX+봐서/VV+EC+궁금/XR+하/XSA+다/EC+하하/MAG"
          },
          {
            "id": 13,
            "text": "2 : 근데 이번에 코로나 때문에 보호자도 입장 못할 수도 있다고 하더라고...",
            "norm_text": "근데 이번에 코로나 때문에 보호자도 입장 못할 수도 있다고 하더라고...",
            "speaker": {
              "id": "2번",
              "sex": "남성",
              "age": "20대"
            },
            "speechAct": "(단언) 진술하기",
            "morpheme": "근데/MAJ+이번/NNG+에/JKB+코로나/NNG+때문/NNB+에/JKB+보호자/NNG+도/JX+입장/NNG+못/MAG+할/VV+ETM+수/NNB+도/JX+있/VA+다고/EC+하/VX+더라고/EF+./SY"
          },
          {
            "id": 14,
            "text": "1 : 아하... 진짜 그러면 너무 힘들겠는걸",
            "norm_text": "아하... 진짜 그러면 너무 힘들겠는걸",
            "speaker": {
              "id": "1번",
              "sex": "남성",
              "age": "20대"
            },
            "speechAct": "(단언) 주장하기",
            "morpheme": "아하/IC+./SY+진짜/MAG+그러/VV+면/EC+너무/MAG+힘들/VA+겠/EP+는걸/EC"
          },
          {
            "id": 15,
            "text": "2 : 아내도 걱정하더라고 내가 같이 옆에 있었으면 좋겠다고 했는데...",
            "norm_text": "아내도 걱정하더라고 내가 같이 옆에 있었으면 좋겠다고 했는데...",
            "speaker": {
              "id": "2번",
              "sex": "남성",
              "age": "20대"
            },
            "speechAct": "(단언) 진술하기",
            "morpheme": "아내/NNG+도/JX+걱정/NNG+하/XSV+더라고/EC+내/NP+가/JKS+같이/MAG+옆/NNG+에/JKB+있/VV+었/EP+으면/EC+좋/VA+겠/EP+다고/EC+했/VX+EP+는데/EC+./SY+./SY"
          },
          {
            "id": 16,
            "text": "1 : 진짜 그게 엄청 큰 힘일텐데 좀 더 고생해라",
            "norm_text": "진짜 그게 엄청 큰 힘일텐데 좀 더 고생해라",
            "speaker": {
              "id": "1번",
              "sex": "남성",
              "age": "20대"
            },
            "speechAct": "(단언) 주장하기",
            "morpheme": "진짜/MAG+그게/NP+JKS+엄청/MAG+큰/VA+ETM+힘/NNG+일/VCP+ETM+텐데/NNB+VCP+EC+좀/MAG+더/MAG+고생/NNG+해라/XSV+EC"
          },
          {
            "id": 17,
            "text": "2 : 예약한 산부인과 의사선생님하고 다시 한번 상담해봐야겠어",
            "norm_text": "예약한 산부인과 의사선생님하고 다시 한번 상담해봐야겠어",
            "speaker": {
              "id": "2번",
              "sex": "남성",
              "age": "20대"
            },
            "speechAct": "(언약) 약속하기(제3자와)/(개인적 수준)",
            "morpheme": "예약/NNG+한/XSA+ETM+산부인과/NNG+의사/NNG+선생/NNG+님/XSN+하고/JKB+다시/MAG+한/MM+번/NNBC+상담/NNG+해봐야/XSV+EC+VX+EC+VX+겠/EP+어/EC"
          }
        ]
      }
    }
  ]
}