{
  "dataset": {
    "identifier": 72803,
    "name": "KAKAO_906_15_set",
    "src_path": "/data/file/cubeManager/PROJECT001/53/txt202110051529050448109/KAKAO_906_15_set/",
    "label_path": "/data/file/cubeManager/PROJECT001/53/txt202110051529050448109/KAKAO_906_15_set/",
    "category": 2,
    "type": 0
  },
  "licenses": {
    "name": "Apache License 1.0",
    "url": "http://www.apache.org/licenses/LICENSE-1.0"
  },
  "info": [
    {
      "id": 41372,
      "filename": "KAKAO_906_15.txt",
      "title": "KAKAO_906_15",
      "mediatype": "SNS",
      "medianame": "카카오톡",
      "category": "일상대화",
      "date": "2021-10-05",
      "size": 409,
      "annotations": {
        "subject": "타 국가 이슈",
        "speaker_type": "1:1",
        "size": 409,
        "word_size": 120,
        "text": "1 : 아니 미국 동물원에  고릴라가 코로나 걸렸대...\n2 : 뭐에? 고릴라가 코로나에 걸렸다고?\n1 : 13마리나 집단 감염! 우짜노야\n2 : 아니 고릴라도 코로나에 걸려? 신갷\n1 : 엉 사육사한테 옮았대 세상에나\n2 : 헐 사람한테서 옮은 거야? 우짜노...\n1 : 진주에서는 반려묘? 였나 반려견이었나 걸렸었음 ㄷㄷ\n2 : 세상에나... 코로나가 진짜 세상을 바꿔 놓았어\n1 : 우리 개벅수도 조심해야겠넹!\n2 : 강쥐도 마스크 있나?\n1 : 있긴 있더라...?\n1 : 근데 개벅수는 1초 만에 벗을 듯...\n2 : 그냥 바로 씹어서 갈기갈기 될 듯...\n1 : 키키 당근...  산책을 사람 없는 곳으로 갈 수밖에\n2 : 그럴 수밖에. 사람 없는 시간과 장소를 골라야지\n1 : 웅 감빵이들도 코로나 조심행!\n2 : 그래야지 우리 귀염둥이 감빵이 ㅜㅜ",
        "lines": [
          {
            "id": 1,
            "text": "1 : 아니 미국 동물원에  고릴라가 코로나 걸렸대...",
            "norm_text": "아니 미국 동물원에  고릴라가 코로나 걸렸대...",
            "speaker": {
              "id": "1번",
              "sex": "여성",
              "age": "30대"
            },
            "speechAct": "(단언) 진술하기",
            "morpheme": "아니/IC+미국/NNP+동물원/NNG+에/JKB+고릴라/NNG+가/JKS+코로나/NNG+걸렸/VV+EP+대/EF+./SY"
          },
          {
            "id": 2,
            "text": "2 : 뭐에? 고릴라가 코로나에 걸렸다고?",
            "norm_text": "뭐에? 고릴라가 코로나에 걸렸다고?",
            "speaker": {
              "id": "2번",
              "sex": "여성",
              "age": "20대"
            },
            "speechAct": "(지시) 질문하기",
            "morpheme": "뭐/NP+에/JKB+고릴라/NNG+가/JKS+코로나/NNG+에/JKB+걸렸/VV+EP+다고/EF"
          },
          {
            "id": 3,
            "text": "1 : 13마리나 집단 감염! 우짜노야",
            "norm_text": "13마리나 집단 감염! 우짜노야",
            "speaker": {
              "id": "1번",
              "sex": "여성",
              "age": "30대"
            },
            "speechAct": "(단언) 진술하기",
            "morpheme": "13/SN+마리/NNBC+나/JX+집단/NNG+감염/NNG+우짜/VV+노야/EF"
          },
          {
            "id": 4,
            "text": "2 : 아니 고릴라도 코로나에 걸려? 신갷",
            "norm_text": "아니 고릴라도 코로나에 걸려? 신갷",
            "speaker": {
              "id": "2번",
              "sex": "여성",
              "age": "20대"
            },
            "speechAct": "(지시) 질문하기",
            "morpheme": "아니/IC+고릴라/NNG+도/JX+코로나/NNG+에/JKB+걸려/VV+EF+신갷/UNKNOWN"
          },
          {
            "id": 5,
            "text": "1 : 엉 사육사한테 옮았대 세상에나",
            "norm_text": "엉 사육사한테 옮았대 세상에나",
            "speaker": {
              "id": "1번",
              "sex": "여성",
              "age": "30대"
            },
            "speechAct": "(단언) 진술하기",
            "morpheme": "엉/IC+사육사/NNP+한테/JKB+옮/VV+았/EP+대/XPN+세상/NNG+에/JKB+나/JX"
          },
          {
            "id": 6,
            "text": "2 : 헐 사람한테서 옮은 거야? 우짜노...",
            "norm_text": "헐 사람한테서 옮은 거야? 우짜노...",
            "speaker": {
              "id": "2번",
              "sex": "여성",
              "age": "20대"
            },
            "speechAct": "(지시) 질문하기",
            "morpheme": "헐/IC+사람/NNG+한테서/JKB+옮/VV+은/ETM+거/NNB+야/VCP+EF+우짜/VV+노/EF+./SY"
          },
          {
            "id": 7,
            "text": "1 : 진주에서는 반려묘? 였나 반려견이었나 걸렸었음 ㄷㄷ",
            "norm_text": "진주에서는 반려묘? 였나 반려견이었나 걸렸었음 ㄷㄷ",
            "speaker": {
              "id": "1번",
              "sex": "여성",
              "age": "30대"
            },
            "speechAct": "(단언) 진술하기",
            "morpheme": "진주/NNP+에서/JKB+는/JX+반려/NNG+묘/NNG+?/SY+였나반려견이었나걸렸었음ㄷㄷ/UNKNOWN"
          },
          {
            "id": 8,
            "text": "2 : 세상에나... 코로나가 진짜 세상을 바꿔 놓았어",
            "norm_text": "세상에나... 코로나가 진짜 세상을 바꿔 놓았어",
            "speaker": {
              "id": "2번",
              "sex": "여성",
              "age": "20대"
            },
            "speechAct": "(단언) 주장하기",
            "morpheme": "세상/NNG+에/JKB+나/VV+EF+./SY+코로나/NNG+가/JKS+진짜/MAG+세상/NNG+을/JKO+바꿔/VV+EC+놓/VX+았/EP+어/EC"
          },
          {
            "id": 9,
            "text": "1 : 우리 개벅수도 조심해야겠넹!",
            "norm_text": "우리 개벅수도 조심해야겠넹!",
            "speaker": {
              "id": "1번",
              "sex": "여성",
              "age": "30대"
            },
            "speechAct": "(단언) 주장하기",
            "morpheme": "우리/NP+개/NNG+벅수/NNG+도/JX+조심/NNG+해야/XSV+EC+VX+겠/EP+넹/NNP"
          },
          {
            "id": 10,
            "text": "2 : 강쥐도 마스크 있나?",
            "norm_text": "강쥐도 마스크 있나?",
            "speaker": {
              "id": "2번",
              "sex": "여성",
              "age": "20대"
            },
            "speechAct": "(지시) 질문하기",
            "morpheme": "강/NNG+쥐/NNG+도/JX+마스크/NNG+있/VA+나/EF"
          },
          {
            "id": 11,
            "text": "1 : 있긴 있더라...?",
            "norm_text": "있긴 있더라...?",
            "speaker": {
              "id": "1번",
              "sex": "여성",
              "age": "30대"
            },
            "speechAct": "(단언) 진술하기",
            "morpheme": "있/VA+긴/ETN+JX+있/VX+더라/EF+./SY+./SY"
          },
          {
            "id": 12,
            "text": "1 : 근데 개벅수는 1초 만에 벗을 듯...",
            "norm_text": "근데 개벅수는 1초 만에 벗을 듯...",
            "speaker": {
              "id": "1번",
              "sex": "여성",
              "age": "30대"
            },
            "speechAct": "(단언) 주장하기",
            "morpheme": "근데/MAJ+개/NNG+벅수/NNG+는/JX+1/SN+초/NNBC+만/NNB+에/JKB+벗/VV+을/ETM+듯/NNB+./SY"
          },
          {
            "id": 13,
            "text": "2 : 그냥 바로 씹어서 갈기갈기 될 듯...",
            "norm_text": "그냥 바로 씹어서 갈기갈기 될 듯...",
            "speaker": {
              "id": "2번",
              "sex": "여성",
              "age": "20대"
            },
            "speechAct": "(단언) 주장하기",
            "morpheme": "그냥/MAG+바로/MAG+씹/VV+어서/EC+갈기갈기/MAG+될/VV+ETM+듯/NNB+./SY"
          },
          {
            "id": 14,
            "text": "1 : 키키 당근...  산책을 사람 없는 곳으로 갈 수밖에",
            "norm_text": "키키 당근...  산책을 사람 없는 곳으로 갈 수밖에",
            "speaker": {
              "id": "1번",
              "sex": "여성",
              "age": "30대"
            },
            "speechAct": "(단언) 주장하기",
            "morpheme": "키/NNG+키/NNG+당근/NNG+./SY+./SY+산책/NNG+을/JKO+사람/NNG+없/VA+는/ETM+곳/NNG+으로/JKB+갈/VV+ETM+수/NNB+밖에/JX"
          },
          {
            "id": 15,
            "text": "2 : 그럴 수밖에. 사람 없는 시간과 장소를 골라야지",
            "norm_text": "그럴 수밖에. 사람 없는 시간과 장소를 골라야지",
            "speaker": {
              "id": "2번",
              "sex": "여성",
              "age": "20대"
            },
            "speechAct": "(단언) 주장하기",
            "morpheme": "그럴/VA+ETM+수/NNB+밖에/JX+사람/NNG+없/VA+는/ETM+시간/NNG+과/JC+장소/NNG+를/JKO+골라야/VV+EC+VX+지/EC"
          },
          {
            "id": 16,
            "text": "1 : 웅 감빵이들도 코로나 조심행!",
            "norm_text": "웅 감빵이들도 코로나 조심행!",
            "speaker": {
              "id": "1번",
              "sex": "여성",
              "age": "30대"
            },
            "speechAct": "(단언) 주장하기",
            "morpheme": "웅/NNG+감/XSN+빵이/NNG+들/XSN+도/JX+코/NNG+로/JKB+나조/NNG+심행/NNG"
          },
          {
            "id": 17,
            "text": "2 : 그래야지 우리 귀염둥이 감빵이 ㅜㅜ",
            "norm_text": "그래야지 우리 귀염둥이 감빵이 ㅜㅜ",
            "speaker": {
              "id": "2번",
              "sex": "여성",
              "age": "20대"
            },
            "speechAct": "(단언) 주장하기",
            "morpheme": "그래야지/VV+EC+우리/NP+귀염둥이/NNG+감/XSN+빵/NNG+이/JKS+ㅜㅜ/UNKNOWN"
          }
        ]
      }
    }
  ]
}