{
  "dataset": {
    "identifier": 72890,
    "name": "KAKAO_899_10_set",
    "src_path": "/data/file/cubeManager/PROJECT001/53/txt202110051528340172110/KAKAO_899_10_set/",
    "label_path": "/data/file/cubeManager/PROJECT001/53/txt202110051528340172110/KAKAO_899_10_set/",
    "category": 2,
    "type": 0
  },
  "licenses": {
    "name": "Apache License 1.0",
    "url": "http://www.apache.org/licenses/LICENSE-1.0"
  },
  "info": [
    {
      "id": 41327,
      "filename": "KAKAO_899_10.txt",
      "title": "KAKAO_899_10",
      "mediatype": "SNS",
      "medianame": "카카오톡",
      "category": "일상대화",
      "date": "2021-10-05",
      "size": 361,
      "annotations": {
        "subject": "스포츠/레저",
        "speaker_type": "1:1",
        "size": 361,
        "word_size": 125,
        "text": "1 : 오빠야는 스포츠 잘할 것 같다 키키\n2 : 나는 좋아해 키키 이것저것 다\n1 : 오 축구 농구 다 함? 키키\n2 : 응응 근데 축구를 제일 좋아해\n1 : 오 축구 잘할 것 같음 키키\n2 : 축구는 꾸준히 했는데 코로나 때문에 못하지\n1 : 아쉽네 ㅜㅜ 운동 하나 꾸준히 하면 좋은데\n2 : 그니깐 진짜 너무 아쉽다 빨리 끝나면 좋겠다\n1 : 맞아 ㅜㅜ 언제 끝나지 코로나는\n2 : 일단 올해는 안될 것 같다\n1 : ㅜㅜ 올해는 벌써 반이 지나 버렸네\n2 : 그니깐... 이미 하반기인걸 ㅠㅠ\n1 : 글쵸 ㅜㅜ 어휴 시간이 왜 이렇게 잘 가지\n2 : 그니깐... 진짜 너무 시간이 빨리 가\n1 : ㅜㅜ 정말 갈수록 시간이 너무 잘 가요\n2 : 맞다 나이를 먹은 증거다",
        "lines": [
          {
            "id": 1,
            "text": "1 : 오빠야는 스포츠 잘할 것 같다 키키",
            "norm_text": "오빠야는 스포츠 잘할 것 같다 키키",
            "speaker": {
              "id": "1번",
              "sex": "여성",
              "age": "20대"
            },
            "speechAct": "(단언) 주장하기",
            "morpheme": "오빠/NNG+야/VCP+EF+는/JX+스포츠/NNG+잘/MAG+할/VV+ETM+것/NNB+같/VA+다키키/NNP"
          },
          {
            "id": 2,
            "text": "2 : 나는 좋아해 키키 이것저것 다",
            "norm_text": "나는 좋아해 키키 이것저것 다",
            "speaker": {
              "id": "2번",
              "sex": "남성",
              "age": "20대"
            },
            "speechAct": "(단언) 주장하기",
            "morpheme": "나/NP+는/JX+좋/VA+아/EC+해/VV+EC+키/NNG+키/NNG+이것저것/NNG+다/MAG"
          },
          {
            "id": 3,
            "text": "1 : 오 축구 농구 다 함? 키키",
            "norm_text": "오 축구 농구 다 함? 키키",
            "speaker": {
              "id": "1번",
              "sex": "여성",
              "age": "20대"
            },
            "speechAct": "(지시) 질문하기",
            "morpheme": "오/NR+축구/NNG+농구/NNG+다함/VV+ETN+키/NNG+키/XSV+ETN"
          },
          {
            "id": 4,
            "text": "2 : 응응 근데 축구를 제일 좋아해",
            "norm_text": "응응 근데 축구를 제일 좋아해",
            "speaker": {
              "id": "2번",
              "sex": "남성",
              "age": "20대"
            },
            "speechAct": "(단언) 주장하기",
            "morpheme": "응/IC+응/IC+근데/MAJ+축구/NNG+를/JKO+제일/MAG+좋아해/VV+EC"
          },
          {
            "id": 5,
            "text": "1 : 오 축구 잘할 것 같음 키키",
            "norm_text": "오 축구 잘할 것 같음 키키",
            "speaker": {
              "id": "1번",
              "sex": "여성",
              "age": "20대"
            },
            "speechAct": "(단언) 주장하기",
            "morpheme": "오/NR+축구/NNG+잘/MAG+할/VV+ETM+것/NNB+같/VA+음/ETN+키/NNG+키/XSV+ETN"
          },
          {
            "id": 6,
            "text": "2 : 축구는 꾸준히 했는데 코로나 때문에 못하지",
            "norm_text": "축구는 꾸준히 했는데 코로나 때문에 못하지",
            "speaker": {
              "id": "2번",
              "sex": "남성",
              "age": "20대"
            },
            "speechAct": "(단언) 주장하기",
            "morpheme": "축구/NNG+는/JX+꾸준히/MAG+했/VV+EP+는데/EC+코로나/NNG+때문/NNB+에/JKB+못/MAG+하/VV+지/EC"
          },
          {
            "id": 7,
            "text": "1 : 아쉽네 ㅜㅜ 운동 하나 꾸준히 하면 좋은데",
            "norm_text": "아쉽네 ㅜㅜ 운동 하나 꾸준히 하면 좋은데",
            "speaker": {
              "id": "1번",
              "sex": "여성",
              "age": "20대"
            },
            "speechAct": "(단언) 진술하기",
            "morpheme": "아쉽/VA+네/EF+ㅜㅜ/UNKNOWN+운동/NNG+하나/NR+꾸준히/MAG+하/VV+면/EC+좋/VA+은데/EC"
          },
          {
            "id": 8,
            "text": "2 : 그니깐 진짜 너무 아쉽다 빨리 끝나면 좋겠다",
            "norm_text": "그니깐 진짜 너무 아쉽다 빨리 끝나면 좋겠다",
            "speaker": {
              "id": "2번",
              "sex": "남성",
              "age": "20대"
            },
            "speechAct": "(단언) 진술하기",
            "morpheme": "그니깐/MAJ+진짜/MAG+너무/MAG+아쉽/VA+다/EF+빨리/MAG+끝나/VV+면/EC+좋/VA+겠/EP+다/EC"
          },
          {
            "id": 9,
            "text": "1 : 맞아 ㅜㅜ 언제 끝나지 코로나는",
            "norm_text": "맞아 ㅜㅜ 언제 끝나지 코로나는",
            "speaker": {
              "id": "1번",
              "sex": "여성",
              "age": "20대"
            },
            "speechAct": "(지시) 질문하기",
            "morpheme": "맞/VV+아/EC+ㅜㅜ/UNKNOWN+언제/MAG+끝/NNG+나/JC+지코/NNP+로/JKB+나/VV+는/ETM"
          },
          {
            "id": 10,
            "text": "2 : 일단 올해는 안될 것 같다",
            "norm_text": "일단 올해는 안될 것 같다",
            "speaker": {
              "id": "2번",
              "sex": "남성",
              "age": "20대"
            },
            "speechAct": "(단언) 주장하기",
            "morpheme": "일단/MAG+올해/NNG+는/JX+안/MAG+될/VV+ETM+것/NNB+같/VA+다/EC"
          },
          {
            "id": 11,
            "text": "1 : ㅜㅜ 올해는 벌써 반이 지나 버렸네",
            "norm_text": "ㅜㅜ 올해는 벌써 반이 지나 버렸네",
            "speaker": {
              "id": "1번",
              "sex": "여성",
              "age": "20대"
            },
            "speechAct": "(단언) 진술하기",
            "morpheme": "ㅜㅜ/UNKNOWN+올해/NNG+는/JX+벌써/MAG+반/NNG+이/JKS+지나/VV+EC+버렸/VX+EP+네/EF"
          },
          {
            "id": 12,
            "text": "2 : 그니깐... 이미 하반기인걸 ㅠㅠ",
            "norm_text": "그니깐... 이미 하반기인걸 ㅠㅠ",
            "speaker": {
              "id": "2번",
              "sex": "남성",
              "age": "20대"
            },
            "speechAct": "(단언) 진술하기",
            "morpheme": "그니깐/MAJ+./SY+이미하반기인걸ㅠㅠ/UNKNOWN"
          },
          {
            "id": 13,
            "text": "1 : 글쵸 ㅜㅜ 어휴 시간이 왜 이렇게 잘 가지",
            "norm_text": "글쵸 ㅜㅜ 어휴 시간이 왜 이렇게 잘 가지",
            "speaker": {
              "id": "1번",
              "sex": "여성",
              "age": "20대"
            },
            "speechAct": "(지시) 질문하기",
            "morpheme": "글/NNG+쵸/NNG+ㅜㅜ/UNKNOWN+어휴/IC+시간/NNG+이/JKS+왜/MAG+이렇게/MAG+잘/MAG+가지/NNG"
          },
          {
            "id": 14,
            "text": "2 : 그니깐... 진짜 너무 시간이 빨리 가",
            "norm_text": "그니깐... 진짜 너무 시간이 빨리 가",
            "speaker": {
              "id": "2번",
              "sex": "남성",
              "age": "20대"
            },
            "speechAct": "(단언) 주장하기",
            "morpheme": "그니깐/MAJ+./SY+진짜/MAG+너무/MAG+시간/NNG+이/JKS+빨리/MAG+가/VV+EC"
          },
          {
            "id": 15,
            "text": "1 : ㅜㅜ 정말 갈수록 시간이 너무 잘 가요",
            "norm_text": "ㅜㅜ 정말 갈수록 시간이 너무 잘 가요",
            "speaker": {
              "id": "1번",
              "sex": "여성",
              "age": "20대"
            },
            "speechAct": "(단언) 주장하기",
            "morpheme": "ㅜㅜ/UNKNOWN+정말/MAG+갈수록/MAG+시간/NNG+이/JKS+너무/MAG+잘/MAG+가요/NNG"
          },
          {
            "id": 16,
            "text": "2 : 맞다 나이를 먹은 증거다",
            "norm_text": "맞다 나이를 먹은 증거다",
            "speaker": {
              "id": "2번",
              "sex": "남성",
              "age": "20대"
            },
            "speechAct": "(단언) 주장하기",
            "morpheme": "맞/VV+다/EC+나이/NNG+를/JKO+먹/VV+은/ETM+증거/NNG+다/VCP+EC"
          }
        ]
      }
    }
  ]
}