{
  "dataset": {
    "identifier": 61361,
    "name": "KAKAO_922_11_set",
    "src_path": "/data/file/cubeManager/PROJECT001/53/txt20211005154147066821/KAKAO_922_11_set/",
    "label_path": "/data/file/cubeManager/PROJECT001/53/txt20211005154147066821/KAKAO_922_11_set/",
    "category": 2,
    "type": 0
  },
  "licenses": {
    "name": "Apache License 1.0",
    "url": "http://www.apache.org/licenses/LICENSE-1.0"
  },
  "info": [
    {
      "id": 41648,
      "filename": "KAKAO_922_11.txt",
      "title": "KAKAO_922_11",
      "mediatype": "SNS",
      "medianame": "카카오톡",
      "category": "일상대화",
      "date": "2021-10-05",
      "size": 544,
      "annotations": {
        "subject": "게임",
        "speaker_type": "1:1",
        "size": 544,
        "word_size": 180,
        "text": "1 : 너 링피트 플레이 해본 적 있나 키키\n2 : 엥? 그게 뭐야 키키 처음 들어본다\n1 : 그거 닌텐도 게임인데 운동하는 거 있잖아 키키\n2 : 아하 키키 대학생 때 그런 게임방 가서 한 적은 있지\n1 : 키키 아 그러고 보니 어릴 때 멀티방? 뭐 이런 거 많았는데!\n2 : 어어 키키 단체로 공포 영화도 보고 그랬는데 키키 어느 순간 다 없어졌네\n1 : 맞네... 키키 노래방도 되고 다 되니까 편했는데 키키\n2 : 응... 한 곳에서 놀고 먹는 것도 주류 됐지 않나?\n1 : 응응 그랬었지... 키키 이제는 애들이 놀 곳이 없는 거 같네\n2 : 응... 진짜 술 아니면 할게 없는 현실... ㅠㅠ 취미를 가져야 할 듯\n1 : 그런 게임은 여러명이서 가서 해야 재밌음 키키\n2 : 맞당 키키 같이 응원하고 웃고 즐기고 키키\n1 : 키키 그니까 ㅜㅜ 요즘 애들은 무슨 게임 하려나\n2 : 그러게... 피씨방이나 가지 ㅠ 피씨 게임 아니고는 안 할 듯\n1 : 아아 그렇네 ㅜㅜ 근데 코로나 때문에 피씨방도 잘 못 가고 ㅜㅜ\n2 : 그래도 갈 사람은 다 가더라 키키 피씨방 안 가본 지 넘 오래 됐네",
        "lines": [
          {
            "id": 1,
            "text": "1 : 너 링피트 플레이 해본 적 있나 키키",
            "norm_text": "너 링피트 플레이 해본 적 있나 키키",
            "speaker": {
              "id": "1번",
              "sex": "여성",
              "age": "30대"
            },
            "speechAct": "(지시) 질문하기",
            "morpheme": "너/NP+링/JKO+피트/NNG+플레이/NNG+해/XSV+EC+본/VX+ETM+적/NNB+있/VA+나/EC+키/NNG+키/XSV+ETN"
          },
          {
            "id": 2,
            "text": "2 : 엥? 그게 뭐야 키키 처음 들어본다",
            "norm_text": "엥? 그게 뭐야 키키 처음 들어본다",
            "speaker": {
              "id": "2번",
              "sex": "여성",
              "age": "30대"
            },
            "speechAct": "(단언) 주장하기",
            "morpheme": "엥/IC+그게/NP+JKS+뭐/IC+야키/NNP+키/NNG+처음/NNG+들/VV+어/EC+본다/VV+EC"
          },
          {
            "id": 3,
            "text": "1 : 그거 닌텐도 게임인데 운동하는 거 있잖아 키키",
            "norm_text": "그거 닌텐도 게임인데 운동하는 거 있잖아 키키",
            "speaker": {
              "id": "1번",
              "sex": "여성",
              "age": "30대"
            },
            "speechAct": "(단언) 진술하기",
            "morpheme": "그거/NP+닌텐도/NNP+게임/NNG+인데/VCP+EC+운동/NNG+하/XSV+는/ETM+거/NNB+있/VA+잖아/EC+키/NNG+키/XSV+ETN"
          },
          {
            "id": 4,
            "text": "2 : 아하 키키 대학생 때 그런 게임방 가서 한 적은 있지",
            "norm_text": "아하 키키 대학생 때 그런 게임방 가서 한 적은 있지",
            "speaker": {
              "id": "2번",
              "sex": "여성",
              "age": "30대"
            },
            "speechAct": "(단언) 진술하기",
            "morpheme": "아/IC+하키/NNG+키대/NNG+학생/NNG+때/NNG+그런/MM+게임방/NNG+가/VV+서/EC+한적/NNG+은/JX+있/VA+지/EC"
          },
          {
            "id": 5,
            "text": "1 : 키키 아 그러고 보니 어릴 때 멀티방? 뭐 이런 거 많았는데!",
            "norm_text": "키키 아 그러고 보니 어릴 때 멀티방? 뭐 이런 거 많았는데!",
            "speaker": {
              "id": "1번",
              "sex": "여성",
              "age": "30대"
            },
            "speechAct": "(단언) 진술하기",
            "morpheme": "키키아그러고보니어릴때멀티방/UNKNOWN+뭐/IC+이런/MM+거/NNB+많/VA+았/EP+는데/EF"
          },
          {
            "id": 6,
            "text": "2 : 어어 키키 단체로 공포 영화도 보고 그랬는데 키키 어느 순간 다 없어졌네",
            "norm_text": "어어 키키 단체로 공포 영화도 보고 그랬는데 키키 어느 순간 다 없어졌네",
            "speaker": {
              "id": "2번",
              "sex": "여성",
              "age": "30대"
            },
            "speechAct": "(단언) 진술하기",
            "morpheme": "어/IC+어/IC+키/NNG+키/NNG+단체/NNG+로/JKB+공포/NNG+영화/NNG+도/JX+보/VV+고/EC+그랬/VV+EP+는데/EC+키키/NNP+어느/MM+순간/NNG+다/MAG+없/VA+어/EC+졌/VX+EP+네/EF"
          },
          {
            "id": 7,
            "text": "1 : 맞네... 키키 노래방도 되고 다 되니까 편했는데 키키",
            "norm_text": "맞네... 키키 노래방도 되고 다 되니까 편했는데 키키",
            "speaker": {
              "id": "1번",
              "sex": "여성",
              "age": "30대"
            },
            "speechAct": "(단언) 진술하기",
            "morpheme": "맞/VV+네/EF+./SY+키키노래방도되고다되니까편했는데키키/UNKNOWN"
          },
          {
            "id": 8,
            "text": "2 : 응... 한 곳에서 놀고 먹는 것도 주류 됐지 않나?",
            "norm_text": "응... 한 곳에서 놀고 먹는 것도 주류 됐지 않나?",
            "speaker": {
              "id": "2번",
              "sex": "여성",
              "age": "30대"
            },
            "speechAct": "(지시) 질문하기",
            "morpheme": "응/IC+./SY+한/MM+곳/NNG+에서/JKB+놀/VV+고/EC+먹/VV+는/ETM+것/NNB+도/JX+주류/NNG+됐/XSV+EP+지/EC+않/VX+나/EF"
          },
          {
            "id": 9,
            "text": "1 : 응응 그랬었지... 키키 이제는 애들이 놀 곳이 없는 거 같네",
            "norm_text": "응응 그랬었지... 키키 이제는 애들이 놀 곳이 없는 거 같네",
            "speaker": {
              "id": "1번",
              "sex": "여성",
              "age": "30대"
            },
            "speechAct": "(단언) 주장하기",
            "morpheme": "응응/MAG+그랬었/VV+EP+지/EF+./SY+키/NNG+키/NNG+이제/NNG+는/JX+애/NNG+들/XSN+이/JKS+놀/VV+ETM+곳/NNG+이/JKS+없/VA+는/ETM+거/NNB+같/VA+네/EC"
          },
          {
            "id": 10,
            "text": "2 : 응... 진짜 술 아니면 할게 없는 현실... ㅠㅠ 취미를 가져야 할 듯",
            "norm_text": "응... 진짜 술 아니면 할게 없는 현실... ㅠㅠ 취미를 가져야 할 듯",
            "speaker": {
              "id": "2번",
              "sex": "여성",
              "age": "30대"
            },
            "speechAct": "(단언) 주장하기",
            "morpheme": "응/IC+./SY+진짜/MAG+술/NNG+아니/VCN+면/EC+할/VX+ETM+게/NNB+JKS+없/VA+는/ETM+현실/NNG+./SY+./SY+ㅠㅠ/UNKNOWN+취미/NNG+를/JKO+가져야/VV+EC+할/VX+ETM+듯/NNB"
          },
          {
            "id": 11,
            "text": "1 : 그런 게임은 여러명이서 가서 해야 재밌음 키키",
            "norm_text": "그런 게임은 여러명이서 가서 해야 재밌음 키키",
            "speaker": {
              "id": "1번",
              "sex": "여성",
              "age": "30대"
            },
            "speechAct": "(단언) 주장하기",
            "morpheme": "그런/MM+게임/NNG+은/JX+여러/MM+명/NNBC+이/XSN+서/JKS+가/VV+서/EC+해야/VV+EC+재밌/VA+음/ETN+키/NNG+키/XSV+ETN"
          },
          {
            "id": 12,
            "text": "2 : 맞당 키키 같이 응원하고 웃고 즐기고 키키",
            "norm_text": "맞당 키키 같이 응원하고 웃고 즐기고 키키",
            "speaker": {
              "id": "2번",
              "sex": "여성",
              "age": "30대"
            },
            "speechAct": "(단언) 주장하기",
            "morpheme": "맞/NNG+당/XSN+키/NNG+키/NNG+같이/JKB+응원/NNG+하/XSV+고/EC+웃/VV+고/EC+즐기/VV+고/EC+키/NNG+키/XSV+ETN"
          },
          {
            "id": 13,
            "text": "1 : 키키 그니까 ㅜㅜ 요즘 애들은 무슨 게임 하려나",
            "norm_text": "키키 그니까 ㅜㅜ 요즘 애들은 무슨 게임 하려나",
            "speaker": {
              "id": "1번",
              "sex": "여성",
              "age": "30대"
            },
            "speechAct": "(단언) 주장하기",
            "morpheme": "키/NNG+키/XSV+ETN+그니까/MAJ+ㅜㅜ/UNKNOWN+요즘/NNG+애/NNG+들/XSN+은/JX+무슨/MM+게임/NNG+하/XSV+려나/EC"
          },
          {
            "id": 14,
            "text": "2 : 그러게... 피씨방이나 가지 ㅠ 피씨 게임 아니고는 안 할 듯",
            "norm_text": "그러게... 피씨방이나 가지 ㅠ 피씨 게임 아니고는 안 할 듯",
            "speaker": {
              "id": "2번",
              "sex": "여성",
              "age": "30대"
            },
            "speechAct": "(단언) 주장하기",
            "morpheme": "그러게/IC+./SY+피씨방이나가지ㅠ피씨게임아니고는안할듯/UNKNOWN"
          },
          {
            "id": 15,
            "text": "1 : 아아 그렇네 ㅜㅜ 근데 코로나 때문에 피씨방도 잘 못 가고 ㅜㅜ",
            "norm_text": "아아 그렇네 ㅜㅜ 근데 코로나 때문에 피씨방도 잘 못 가고 ㅜㅜ",
            "speaker": {
              "id": "1번",
              "sex": "여성",
              "age": "30대"
            },
            "speechAct": "(단언) 진술하기",
            "morpheme": "아아/IC+그렇/VA+네/EF+ㅜㅜ/UNKNOWN+근데/MAJ+코로나/NNG+때문/NNB+에/JKB+피/XPN+씨방/NNG+도/JX+잘못/MAG+가/VV+고/EC+ㅜㅜ/UNKNOWN"
          },
          {
            "id": 16,
            "text": "2 : 그래도 갈 사람은 다 가더라 키키 피씨방 안 가본 지 넘 오래 됐네",
            "norm_text": "그래도 갈 사람은 다 가더라 키키 피씨방 안 가본 지 넘 오래 됐네",
            "speaker": {
              "id": "2번",
              "sex": "여성",
              "age": "30대"
            },
            "speechAct": "(단언) 진술하기",
            "morpheme": "그래도/MAJ+갈/VV+ETM+사람/NNG+은/JX+다/MAG+가/VV+더라/EF+키키/NNP+피/NNP+씨/NNB+방안가/NNG+VCP+EC+본/VX+ETM+지/NNB+넘/MAG+오래/MAG+됐/VV+EP+네/EF"
          }
        ]
      }
    }
  ]
}