{
  "dataset": {
    "identifier": 61172,
    "name": "KAKAO_923_09_set",
    "src_path": "/data/file/cubeManager/PROJECT001/53/txt20211005154159071930/KAKAO_923_09_set/",
    "label_path": "/data/file/cubeManager/PROJECT001/53/txt20211005154159071930/KAKAO_923_09_set/",
    "category": 2,
    "type": 0
  },
  "licenses": {
    "name": "Apache License 1.0",
    "url": "http://www.apache.org/licenses/LICENSE-1.0"
  },
  "info": [
    {
      "id": 41666,
      "filename": "KAKAO_923_09.txt",
      "title": "KAKAO_923_09",
      "mediatype": "SNS",
      "medianame": "카카오톡",
      "category": "일상대화",
      "date": "2021-10-05",
      "size": 520,
      "annotations": {
        "subject": "반려동물",
        "speaker_type": "1:1",
        "size": 520,
        "word_size": 165,
        "text": "1 : 너는 반려동물 뭐 키워보고 싶은 거 있어?\n2 : 나는 강아지를 키워보고 싶어 키키\n1 : 응? 키키 너 강아지 무서워한다고 하지 않았어?\n2 : 맞아 키키 강아지 무서워하는데 진짜 귀엽게 생긴 자그마한 강아지 있잖아\n1 : 아아 키키 그런 애들은 짖어도 안 시끄럽고 귀여울 거야 키키\n2 : 아 진짜 귀엽게 생긴 강아지 있는데... 무슨 종이었지\n1 : 키키 음... 포메라니안 말하는 건가 ? 키키 너가 어떤 걸 귀여워하나\n2 : 아 맞아 키키 내가 생각한 강아지가 포메라니안이야\n1 : 키키 그래 조그만 애들은 진짜 작더라 ㅜㅜ 너무 작고 소중해\n2 : 키키 걔네들은 어떻게 그렇게 귀엽게 생겼을까\n1 : 키키 그러게 키키 근데 미용의 힘도 있는 거 같아\n2 : 왜? 관리 안 됐을 때 본 적 있어?키키\n1 : 키키 응 원숭이가 된 포메를 본 적이 있어... 키키\n2 : 아 나는 그런 모습을 본 적이 없어서 잘 모르겠네 키키\n1 : 키키 미용을 곰돌이 컷으로 귀엽게 해줘야 귀여운 듯 키키\n2 : 대부분 강아지가 그렇게 컷 해야 귀엽더라 키키",
        "lines": [
          {
            "id": 1,
            "text": "1 : 너는 반려동물 뭐 키워보고 싶은 거 있어?",
            "norm_text": "너는 반려동물 뭐 키워보고 싶은 거 있어?",
            "speaker": {
              "id": "1번",
              "sex": "여성",
              "age": "30대"
            },
            "speechAct": "(지시) 질문하기",
            "morpheme": "너/NP+는/JX+반려/NNG+동물/NNG+뭐/IC+키워/VV+EC+보/VX+고/EC+싶/VX+은/ETM+거/NNB+있/VA+어/EF"
          },
          {
            "id": 2,
            "text": "2 : 나는 강아지를 키워보고 싶어 키키",
            "norm_text": "나는 강아지를 키워보고 싶어 키키",
            "speaker": {
              "id": "2번",
              "sex": "여성",
              "age": "30대"
            },
            "speechAct": "(단언) 주장하기",
            "morpheme": "나/NP+는/JX+강아지/NNG+를/JKO+키워/VV+EC+보/VX+고/EC+싶/VX+어/EC+키/NNG+키/XSV+ETN"
          },
          {
            "id": 3,
            "text": "1 : 응? 키키 너 강아지 무서워한다고 하지 않았어?",
            "norm_text": "응? 키키 너 강아지 무서워한다고 하지 않았어?",
            "speaker": {
              "id": "1번",
              "sex": "여성",
              "age": "30대"
            },
            "speechAct": "(지시) 질문하기",
            "morpheme": "응/IC+키/NNG+키너/NNP+강아지/NNG+무서워/VA+EC+한다고/VX+EC+하/VV+지/EC+않/VX+았/EP+어/EF"
          },
          {
            "id": 4,
            "text": "2 : 맞아 키키 강아지 무서워하는데 진짜 귀엽게 생긴 자그마한 강아지 있잖아",
            "norm_text": "맞아 키키 강아지 무서워하는데 진짜 귀엽게 생긴 자그마한 강아지 있잖아",
            "speaker": {
              "id": "2번",
              "sex": "여성",
              "age": "30대"
            },
            "speechAct": "(단언) 주장하기",
            "morpheme": "맞/VV+아/EC+키/NNG+키/NNG+강아지/NNG+무서워하/VV+는데/EC+진짜/MAG+귀엽/VA+게/EC+생긴/VV+ETM+자그마/XR+한/XSA+ETM+강아지/NNG+있/VV+잖아/EC"
          },
          {
            "id": 5,
            "text": "1 : 아아 키키 그런 애들은 짖어도 안 시끄럽고 귀여울 거야 키키",
            "norm_text": "아아 키키 그런 애들은 짖어도 안 시끄럽고 귀여울 거야 키키",
            "speaker": {
              "id": "1번",
              "sex": "여성",
              "age": "30대"
            },
            "speechAct": "(단언) 주장하기",
            "morpheme": "아아/IC+키키/NNP+그런/MM+애/NNG+들/XSN+은/JX+짖/VV+어도/EC+안/MAG+시끄럽/VA+고/EC+귀여울/VA+ETM+거/NNB+야/VCP+EF+키/NNG+키/XSV+ETN"
          },
          {
            "id": 6,
            "text": "2 : 아 진짜 귀엽게 생긴 강아지 있는데... 무슨 종이었지",
            "norm_text": "아 진짜 귀엽게 생긴 강아지 있는데... 무슨 종이었지",
            "speaker": {
              "id": "2번",
              "sex": "여성",
              "age": "30대"
            },
            "speechAct": "(단언) 주장하기",
            "morpheme": "아/IC+진짜/MAG+귀엽/VA+게/EC+생긴/VV+ETM+강아지/NNG+있/VV+는데/EC+./SY+./SY+무슨/MM+종/NNG+이/VCP+었/EP+지/EC"
          },
          {
            "id": 7,
            "text": "1 : 키키 음... 포메라니안 말하는 건가 ? 키키 너가 어떤 걸 귀여워하나",
            "norm_text": "키키 음... 포메라니안 말하는 건가 ? 키키 너가 어떤 걸 귀여워하나",
            "speaker": {
              "id": "1번",
              "sex": "여성",
              "age": "30대"
            },
            "speechAct": "(지시) 질문하기",
            "morpheme": "키/NNG+키/XSV+ETN+음/IC+./SY+포메라니안/NNG+말/NNG+하/XSV+는/ETM+건가/NNB+VCP+EF+키/NNG+키/XSV+ETN+너/NP+가/JKS+어떤/MM+걸/NNB+JKO+귀여워하/VV+나/EC"
          },
          {
            "id": 8,
            "text": "2 : 아 맞아 키키 내가 생각한 강아지가 포메라니안이야",
            "norm_text": "아 맞아 키키 내가 생각한 강아지가 포메라니안이야",
            "speaker": {
              "id": "2번",
              "sex": "여성",
              "age": "30대"
            },
            "speechAct": "(단언) 주장하기",
            "morpheme": "아/IC+맞/VV+아/EC+키/NNG+키/XSV+ETN+내/NP+가/JKS+생각/NNG+한/XSA+ETM+강아지/NNG+가/JKS+포메라니안/NNG+이/VCP+야/EC"
          },
          {
            "id": 9,
            "text": "1 : 키키 그래 조그만 애들은 진짜 작더라 ㅜㅜ 너무 작고 소중해",
            "norm_text": "키키 그래 조그만 애들은 진짜 작더라 ㅜㅜ 너무 작고 소중해",
            "speaker": {
              "id": "1번",
              "sex": "여성",
              "age": "30대"
            },
            "speechAct": "(단언) 주장하기",
            "morpheme": "키/NNG+키/XSV+ETN+그래/JX+조그만/VA+ETM+애/NNG+들/XSN+은/JX+진짜/MAG+작/VA+더라/EF+ㅜㅜ/UNKNOWN+너무/MAG+작/VA+고/EC+소중/XR+해/XSA+EC"
          },
          {
            "id": 10,
            "text": "2 : 키키 걔네들은 어떻게 그렇게 귀엽게 생겼을까",
            "norm_text": "키키 걔네들은 어떻게 그렇게 귀엽게 생겼을까",
            "speaker": {
              "id": "2번",
              "sex": "여성",
              "age": "30대"
            },
            "speechAct": "(단언) 주장하기",
            "morpheme": "키/NNG+키/XSV+ETN+걔/NP+네/XSN+들/XSN+은/JX+어떻게/MAG+그렇게/MAG+귀엽/VA+게/EC+생겼을까/VV+EP+EC"
          },
          {
            "id": 11,
            "text": "1 : 키키 그러게 키키 근데 미용의 힘도 있는 거 같아",
            "norm_text": "키키 그러게 키키 근데 미용의 힘도 있는 거 같아",
            "speaker": {
              "id": "1번",
              "sex": "여성",
              "age": "30대"
            },
            "speechAct": "(단언) 주장하기",
            "morpheme": "키/NNG+키/XSV+ETN+그러/VV+게/EC+키/NNG+키/XSV+ETN+근데/MAJ+미용/NNG+의/JKG+힘/NNG+도/JX+있/VX+는/ETM+거/NNB+같/VA+아/EC"
          },
          {
            "id": 12,
            "text": "2 : 왜? 관리 안 됐을 때 본 적 있어?키키",
            "norm_text": "왜? 관리 안 됐을 때 본 적 있어?키키",
            "speaker": {
              "id": "2번",
              "sex": "여성",
              "age": "30대"
            },
            "speechAct": "(지시) 질문하기",
            "morpheme": "왜/MAG+관리/NNG+안/MAG+됐/VV+EP+을/ETM+때/NNG+본/VV+ETM+적/NNB+있/VA+어/EF+키/NNG+키/XSV+ETN"
          },
          {
            "id": 13,
            "text": "1 : 키키 응 원숭이가 된 포메를 본 적이 있어... 키키",
            "norm_text": "키키 응 원숭이가 된 포메를 본 적이 있어... 키키",
            "speaker": {
              "id": "1번",
              "sex": "여성",
              "age": "30대"
            },
            "speechAct": "(단언) 주장하기",
            "morpheme": "키키응원숭이가된포메를본적이있어/UNKNOWN+./SY+키/NNG+키/XSV+ETN"
          },
          {
            "id": 14,
            "text": "2 : 아 나는 그런 모습을 본 적이 없어서 잘 모르겠네 키키",
            "norm_text": "아 나는 그런 모습을 본 적이 없어서 잘 모르겠네 키키",
            "speaker": {
              "id": "2번",
              "sex": "여성",
              "age": "30대"
            },
            "speechAct": "(단언) 진술하기",
            "morpheme": "아/IC+나/NP+는/JX+그런/MM+모습/NNG+을/JKO+본/VV+ETM+적/NNB+이/JKS+없/VA+어서/EC+잘/MAG+모르/VV+겠/EP+네/EF+키/NNG+키/XSV+ETN"
          },
          {
            "id": 15,
            "text": "1 : 키키 미용을 곰돌이 컷으로 귀엽게 해줘야 귀여운 듯 키키",
            "norm_text": "키키 미용을 곰돌이 컷으로 귀엽게 해줘야 귀여운 듯 키키",
            "speaker": {
              "id": "1번",
              "sex": "여성",
              "age": "30대"
            },
            "speechAct": "(단언) 주장하기",
            "morpheme": "키/NNG+키/NNG+미용/NNG+을/JKO+곰돌이/NNG+컷/NNG+으로/JKB+귀엽/VA+게/EC+해/VV+EC+줘야/VX+EC+귀여운/VA+ETM+듯/NNB+키/NNG+키/XSV+ETN"
          },
          {
            "id": 16,
            "text": "2 : 대부분 강아지가 그렇게 컷 해야 귀엽더라 키키",
            "norm_text": "대부분 강아지가 그렇게 컷 해야 귀엽더라 키키",
            "speaker": {
              "id": "2번",
              "sex": "여성",
              "age": "30대"
            },
            "speechAct": "(단언) 주장하기",
            "morpheme": "대부분/NNG+강아지/NNG+가/JKS+그렇게/MAG+컷/NNG+해야/XSV+EC+귀엽/VA+더라/EC+키/NNG+키/XSV+ETN"
          }
        ]
      }
    }
  ]
}