{
  "dataset": {
    "identifier": 72851,
    "name": "KAKAO_905_05_set",
    "src_path": "/data/file/cubeManager/PROJECT001/53/txt202110051528510914102/KAKAO_905_05_set/",
    "label_path": "/data/file/cubeManager/PROJECT001/53/txt202110051528510914102/KAKAO_905_05_set/",
    "category": 2,
    "type": 0
  },
  "licenses": {
    "name": "Apache License 1.0",
    "url": "http://www.apache.org/licenses/LICENSE-1.0"
  },
  "info": [
    {
      "id": 41342,
      "filename": "KAKAO_905_05.txt",
      "title": "KAKAO_905_05",
      "mediatype": "SNS",
      "medianame": "카카오톡",
      "category": "일상대화",
      "date": "2021-10-05",
      "size": 333,
      "annotations": {
        "subject": "군대",
        "speaker_type": "1:1",
        "size": 333,
        "word_size": 119,
        "text": "1 : 얌 공군 찌질 **\n2 : 하늘을 지키는 가장 높은 힘 공군\n1 : 강철 부대 봤제 키키\n2 : 강철부대 개 재밌지 키키\n1 : 근데 내 친구 남편 중에 너만 민방위얌...\n2 : 짬도 안되네 다른 애들은 키키\n1 : 조금 부끄러웡... 다들 아직 예비군이래 키키\n2 : 나는 민방위 한 번도 못 가봄\n1 : 조금 늙은 아이 키키 아재 ** 키키\n2 : 코로나 때메 회사도 째고 해야 되는데\n1 : 키키 민방위 강의도 열심히 안 듣고\n2 : 너가 다 들어줘서 고마워 하하\n1 : 그니까 그거 하면 회사 안 가지?\n2 : 응 반나절 째는 거임\n1 : 회사 안 가는 건 좀 꿀이넹 하하\n2 : 그니까 빨리 코로나 끝나길",
        "lines": [
          {
            "id": 1,
            "text": "1 : 얌 공군 찌질 **",
            "norm_text": "얌 공군 찌질 **",
            "speaker": {
              "id": "1번",
              "sex": "여성",
              "age": "30대"
            },
            "speechAct": "(단언) 주장하기",
            "morpheme": "얌/NNP+공군/NNG+찌질/NNG+*/SY+*/SY"
          },
          {
            "id": 2,
            "text": "2 : 하늘을 지키는 가장 높은 힘 공군",
            "norm_text": "하늘을 지키는 가장 높은 힘 공군",
            "speaker": {
              "id": "2번",
              "sex": "남성",
              "age": "30대"
            },
            "speechAct": "(단언) 주장하기",
            "morpheme": "하늘/NNG+을/JKO+지키/VV+는/ETM+가장/MAG+높/VA+은/ETM+힘/NNG+공군/NNG"
          },
          {
            "id": 3,
            "text": "1 : 강철 부대 봤제 키키",
            "norm_text": "강철 부대 봤제 키키",
            "speaker": {
              "id": "1번",
              "sex": "여성",
              "age": "30대"
            },
            "speechAct": "(지시) 질문하기",
            "morpheme": "강철/NNG+부대/NNG+봤/VV+EP+제/MM+키/NNG+키/XSV+ETN"
          },
          {
            "id": 4,
            "text": "2 : 강철부대 개 재밌지 키키",
            "norm_text": "강철부대 개 재밌지 키키",
            "speaker": {
              "id": "2번",
              "sex": "남성",
              "age": "30대"
            },
            "speechAct": "(단언) 주장하기",
            "morpheme": "강철/NNG+부대/NNG+개/NNG+재밌/VA+지/EC+키/NNG+키/XSV+ETN"
          },
          {
            "id": 5,
            "text": "1 : 근데 내 친구 남편 중에 너만 민방위얌...",
            "norm_text": "근데 내 친구 남편 중에 너만 민방위얌...",
            "speaker": {
              "id": "1번",
              "sex": "여성",
              "age": "30대"
            },
            "speechAct": "(단언) 진술하기",
            "morpheme": "근데내친구남편중에너만민방위얌/UNKNOWN+./SY"
          },
          {
            "id": 6,
            "text": "2 : 짬도 안되네 다른 애들은 키키",
            "norm_text": "짬도 안되네 다른 애들은 키키",
            "speaker": {
              "id": "2번",
              "sex": "남성",
              "age": "30대"
            },
            "speechAct": "(단언) 진술하기",
            "morpheme": "짬/NNG+도/JX+안/MAG+되/VV+네/EF+다른/MM+애/NNG+들/XSN+은/JX+키/NNG+키/XSV+ETN"
          },
          {
            "id": 7,
            "text": "1 : 조금 부끄러웡... 다들 아직 예비군이래 키키",
            "norm_text": "조금 부끄러웡... 다들 아직 예비군이래 키키",
            "speaker": {
              "id": "1번",
              "sex": "여성",
              "age": "30대"
            },
            "speechAct": "(단언) 진술하기",
            "morpheme": "조금/MAG+부/VV+끄러/EC+웡/NNP+./SY+./SY+다들아직예비군이래키키/UNKNOWN"
          },
          {
            "id": 8,
            "text": "2 : 나는 민방위 한 번도 못 가봄",
            "norm_text": "나는 민방위 한 번도 못 가봄",
            "speaker": {
              "id": "2번",
              "sex": "남성",
              "age": "30대"
            },
            "speechAct": "(단언) 진술하기",
            "morpheme": "나/NP+는/JX+민방위/NNG+한/MM+번/NNBC+도/JX+못/MAG+가/VV+EC+봄/NNG"
          },
          {
            "id": 9,
            "text": "1 : 조금 늙은 아이 키키 아재 ** 키키",
            "norm_text": "조금 늙은 아이 키키 아재 ** 키키",
            "speaker": {
              "id": "1번",
              "sex": "여성",
              "age": "30대"
            },
            "speechAct": "(단언) 주장하기",
            "morpheme": "조금/MAG+늙/VV+은/ETM+아이/NNG+키/NNG+키/NNG+아재/NNG+*/SY+*/SY+키/NNG+키/XSV+ETN"
          },
          {
            "id": 10,
            "text": "2 : 코로나 때메 회사도 째고 해야 되는데",
            "norm_text": "코로나 때메 회사도 째고 해야 되는데",
            "speaker": {
              "id": "2번",
              "sex": "남성",
              "age": "30대"
            },
            "speechAct": "(단언) 주장하기",
            "morpheme": "코로나/NNP+때메/NNB+JKB+회사/NNG+도/JX+째/VV+고/EC+해야/VV+EC+되/VV+는데/EC"
          },
          {
            "id": 11,
            "text": "1 : 키키 민방위 강의도 열심히 안 듣고",
            "norm_text": "키키 민방위 강의도 열심히 안 듣고",
            "speaker": {
              "id": "1번",
              "sex": "여성",
              "age": "30대"
            },
            "speechAct": "(단언) 주장하기",
            "morpheme": "키/NNG+키/NNG+민방위/NNG+강의/NNG+도/JX+열심히/MAG+안/MAG+듣/VV+고/EC"
          },
          {
            "id": 12,
            "text": "2 : 너가 다 들어줘서 고마워 하하",
            "norm_text": "너가 다 들어줘서 고마워 하하",
            "speaker": {
              "id": "2번",
              "sex": "남성",
              "age": "30대"
            },
            "speechAct": "(단언) 주장하기",
            "morpheme": "너/NP+가/JKS+다/MAG+들/VV+어/EC+줘서/VX+EC+고마워/VA+EC+하하/MAG"
          },
          {
            "id": 13,
            "text": "1 : 그니까 그거 하면 회사 안 가지?",
            "norm_text": "그니까 그거 하면 회사 안 가지?",
            "speaker": {
              "id": "1번",
              "sex": "여성",
              "age": "30대"
            },
            "speechAct": "(지시) 질문하기",
            "morpheme": "그니까/MAJ+그거/NP+하/VV+면/EC+회사/NNG+안/MAG+가/VV+지/EF"
          },
          {
            "id": 14,
            "text": "2 : 응 반나절 째는 거임",
            "norm_text": "응 반나절 째는 거임",
            "speaker": {
              "id": "2번",
              "sex": "남성",
              "age": "30대"
            },
            "speechAct": "(단언) 주장하기",
            "morpheme": "응/IC+반나절/NNG+째/VV+는/ETM+거/NNB+임/VCP+ETN"
          },
          {
            "id": 15,
            "text": "1 : 회사 안 가는 건 좀 꿀이넹 하하",
            "norm_text": "회사 안 가는 건 좀 꿀이넹 하하",
            "speaker": {
              "id": "1번",
              "sex": "여성",
              "age": "30대"
            },
            "speechAct": "(단언) 주장하기",
            "morpheme": "회사/NNG+안/MAG+가/VV+는/ETM+건/NNB+JX+좀/MAG+꿀/NNG+이/JKS+넹/NNP+하하/NNP"
          },
          {
            "id": 16,
            "text": "2 : 그니까 빨리 코로나 끝나길",
            "norm_text": "그니까 빨리 코로나 끝나길",
            "speaker": {
              "id": "2번",
              "sex": "남성",
              "age": "30대"
            },
            "speechAct": "(단언) 주장하기",
            "morpheme": "그니까/MAJ+빨리/MAG+코로나/NNG+끝/NNG+나/VV+길/ETN+JKO"
          }
        ]
      }
    }
  ]
}