{
  "dataset": {
    "identifier": 63455,
    "name": "KAKAO_911_17_set",
    "src_path": "/data/file/cubeManager/PROJECT001/53/txt20211005154123075191/KAKAO_911_17_set/",
    "label_path": "/data/file/cubeManager/PROJECT001/53/txt20211005154123075191/KAKAO_911_17_set/",
    "category": 2,
    "type": 0
  },
  "licenses": {
    "name": "Apache License 1.0",
    "url": "http://www.apache.org/licenses/LICENSE-1.0"
  },
  "info": [
    {
      "id": 41614,
      "filename": "KAKAO_911_17.txt",
      "title": "KAKAO_911_17",
      "mediatype": "SNS",
      "medianame": "카카오톡",
      "category": "일상대화",
      "date": "2021-10-05",
      "size": 605,
      "annotations": {
        "subject": "건강",
        "speaker_type": "1:1",
        "size": 605,
        "word_size": 187,
        "text": "1 : 건강검진 받았나 최근에?\n2 : 건강 검진 재작년에 입사 서류 준비할 때 제출해야 해서 받고, 작년에 지금 회사에서 받았었다\n1 : 회사 다니면 건강 검진 1년에 한번 받는데 지금은 그런 게 없어서\n2 : 학원에서는 건강 검진 안 해줌?\n1 : 없음 ㅠㅠ 사비로 받아야 하는데...\n2 : 헝... 그래도 건강할 때 챙겨야 되니까 시간 내서 받아봐라\n1 : 다른 데는 모르겠는데 위는 질병이 원래 있으니까 무섭당\n2 : 그래? 예전에 같이 일할 때 배 아프다고 했던 거?\n1 : 엉 ㅠㅠ 저번에 강의 많이 해서 목 아파서 이비인후과 갔는데 그게 문제가 아니고 역류성 식도염 얘기하더라고\n2 : 헐... 건강 챙겨가면서 일해라... 무리하면 돈 더 든다 ㅜㅜ\n1 : 위궤양 제대로 치료 안 해 가지고 세포 변이 돼서 그 자리가 좀 암 발병률이 높을 수 있다 하대\n2 : 허얼... 보험은 들어 놨나?\n1 : 보험은 있지... 휴 그런 거 생각하면 1년에 한 번씩 내시경 받아야 하는데 3년 넘은 듯\n2 : 난 내시경 받아본 적이 없는데;\n1 : 얼마 전에 버스 타고 가다 보니까 한의원에서 그 병 치료한다고 붙어져 있던데...\n2 : 한의원에서 세포 변이 그런 거 치료 됨? 그런 건 서양 의학 아니가?",
        "lines": [
          {
            "id": 1,
            "text": "1 : 건강검진 받았나 최근에?",
            "norm_text": "건강검진 받았나 최근에?",
            "speaker": {
              "id": "1번",
              "sex": "여성",
              "age": "30대"
            },
            "speechAct": "(지시) 질문하기",
            "morpheme": "건강/NNG+검진/NNG+받/VV+았/EP+나/EC+최근/NNG+에/JKB"
          },
          {
            "id": 2,
            "text": "2 : 건강 검진 재작년에 입사 서류 준비할 때 제출해야 해서 받고, 작년에 지금 회사에서 받았었다",
            "norm_text": "건강 검진 재작년에 입사 서류 준비할 때 제출해야 해서 받고, 작년에 지금 회사에서 받았었다",
            "speaker": {
              "id": "2번",
              "sex": "남성",
              "age": "30대"
            },
            "speechAct": "(단언) 진술하기",
            "morpheme": "건강/NNG+검진/NNG+재작년/NNG+에/JKB+입사/NNG+서류/NNG+준비/NNG+할/XSV+ETM+때/NNG+제출/NNG+해야/XSV+EC+해서/VV+EC+받/VV+고/EC+,/SC+작년/NNG+에/JKB+지금/MAG+회사/NNG+에서/JKB+받/VV+았었/EP+다/EC"
          },
          {
            "id": 3,
            "text": "1 : 회사 다니면 건강 검진 1년에 한번 받는데 지금은 그런 게 없어서",
            "norm_text": "회사 다니면 건강 검진 1년에 한번 받는데 지금은 그런 게 없어서",
            "speaker": {
              "id": "1번",
              "sex": "여성",
              "age": "30대"
            },
            "speechAct": "(단언) 진술하기",
            "morpheme": "회사/NNG+다니/VV+면/EC+건강/NNG+검진/NNG+1/SN+년/NNBC+에/JKB+한/MM+번/NNBC+받/VV+는데/EC+지금/MAG+은/JX+그런/MM+게/NNB+JKS+없/VA+어서/EC"
          },
          {
            "id": 4,
            "text": "2 : 학원에서는 건강 검진 안 해줌?",
            "norm_text": "학원에서는 건강 검진 안 해줌?",
            "speaker": {
              "id": "2번",
              "sex": "남성",
              "age": "30대"
            },
            "speechAct": "(지시) 질문하기",
            "morpheme": "학원/NNG+에서/JKB+는/JX+건강/NNG+검진/NNG+안/MAG+해줌/VV+EC+VX+ETN"
          },
          {
            "id": 5,
            "text": "1 : 없음 ㅠㅠ 사비로 받아야 하는데...",
            "norm_text": "없음 ㅠㅠ 사비로 받아야 하는데...",
            "speaker": {
              "id": "1번",
              "sex": "여성",
              "age": "30대"
            },
            "speechAct": "(단언) 진술하기",
            "morpheme": "없/VA+음/ETN+ㅠㅠ/UNKNOWN+사비/NNG+로/JKB+받/VV+아야/EC+하/VV+는데/EC+./SY+./SY"
          },
          {
            "id": 6,
            "text": "2 : 헝... 그래도 건강할 때 챙겨야 되니까 시간 내서 받아봐라",
            "norm_text": "헝... 그래도 건강할 때 챙겨야 되니까 시간 내서 받아봐라",
            "speaker": {
              "id": "2번",
              "sex": "남성",
              "age": "30대"
            },
            "speechAct": "(지시) 충고/제안하기",
            "morpheme": "헝/MAG+./SY+그래도/MAJ+건강/NNG+할/XSV+ETM+때/NNG+챙겨야/VV+EC+되/VV+니까/EC+시간/NNG+내/NNB+서/JKB+받/VV+아/EC+봐라/VX+EC"
          },
          {
            "id": 7,
            "text": "1 : 다른 데는 모르겠는데 위는 질병이 원래 있으니까 무섭당",
            "norm_text": "다른 데는 모르겠는데 위는 질병이 원래 있으니까 무섭당",
            "speaker": {
              "id": "1번",
              "sex": "여성",
              "age": "30대"
            },
            "speechAct": "(단언) 주장하기",
            "morpheme": "다른/MM+데/NNB+는/JX+모르/VV+겠/EP+는데/EC+위/NNG+는/JX+질병/NNG+이/JKS+원래/MAG+있/VV+으니까/EC+무섭/VA+당/EF"
          },
          {
            "id": 8,
            "text": "2 : 그래? 예전에 같이 일할 때 배 아프다고 했던 거?",
            "norm_text": "그래? 예전에 같이 일할 때 배 아프다고 했던 거?",
            "speaker": {
              "id": "2번",
              "sex": "남성",
              "age": "30대"
            },
            "speechAct": "(단언) 진술하기",
            "morpheme": "그래/IC+예전/NNG+에/JKB+같이/MAG+일/NNG+할/XSV+ETM+때/NNG+배/NNG+아프/VA+다고/EC+했/VX+EP+던/ETM+거/NNB"
          },
          {
            "id": 9,
            "text": "1 : 엉 ㅠㅠ 저번에 강의 많이 해서 목 아파서 이비인후과 갔는데 그게 문제가 아니고 역류성 식도염 얘기하더라고",
            "norm_text": "엉 ㅠㅠ 저번에 강의 많이 해서 목 아파서 이비인후과 갔는데 그게 문제가 아니고 역류성 식도염 얘기하더라고",
            "speaker": {
              "id": "1번",
              "sex": "여성",
              "age": "30대"
            },
            "speechAct": "(단언) 진술하기",
            "morpheme": "엉/IC+ㅠㅠ/UNKNOWN+저번/NNG+에/JKB+강의/NNG+많이/MAG+해서/VV+EC+목/NNG+아파서/VA+EC+이비인후과/NNG+갔/VV+EP+는데/EC+그게/NP+JKS+문제/NNG+가/JKC+아니/VCN+고/EC+역류/NNG+성/XSN+식도염/NNG+얘기/NNG+하/XSV+더라고/EC"
          },
          {
            "id": 10,
            "text": "2 : 헐... 건강 챙겨가면서 일해라... 무리하면 돈 더 든다 ㅜㅜ",
            "norm_text": "헐... 건강 챙겨가면서 일해라... 무리하면 돈 더 든다 ㅜㅜ",
            "speaker": {
              "id": "2번",
              "sex": "남성",
              "age": "30대"
            },
            "speechAct": "(지시) 충고/제안하기",
            "morpheme": "헐/IC+./SY+건강/NNG+챙겨/VV+EC+가/VX+면서/EC+일/NNG+해라/XSV+EF+./SY+무리/NNG+하/XSV+면/EC+돈/NNG+더/MAG+든다/VV+EC+ㅜㅜ/UNKNOWN"
          },
          {
            "id": 11,
            "text": "1 : 위궤양 제대로 치료 안 해 가지고 세포 변이 돼서 그 자리가 좀 암 발병률이 높을 수 있다 하대",
            "norm_text": "위궤양 제대로 치료 안 해 가지고 세포 변이 돼서 그 자리가 좀 암 발병률이 높을 수 있다 하대",
            "speaker": {
              "id": "1번",
              "sex": "여성",
              "age": "30대"
            },
            "speechAct": "(단언) 진술하기",
            "morpheme": "위궤양/NNG+제대로/MAG+치료/NNG+안/MAG+해/VV+EC+가지/VX+고/EC+세/MM+포변/NNG+이/JKS+돼서/VV+EC+그/MM+자리/NNG+가/JKS+좀/MAG+암/NNG+발병/NNG+률/XSN+이/JKS+높/VA+을/ETM+수/NNB+있/VV+다/EC+하대/NNG"
          },
          {
            "id": 12,
            "text": "2 : 허얼... 보험은 들어 놨나?",
            "norm_text": "허얼... 보험은 들어 놨나?",
            "speaker": {
              "id": "2번",
              "sex": "남성",
              "age": "30대"
            },
            "speechAct": "(지시) 질문하기",
            "morpheme": "허/IC+얼/IC+./SY+보험/NNG+은/JX+들/VV+어/EC+놨/VX+EP+나/EF"
          },
          {
            "id": 13,
            "text": "1 : 보험은 있지... 휴 그런 거 생각하면 1년에 한 번씩 내시경 받아야 하는데 3년 넘은 듯",
            "norm_text": "보험은 있지... 휴 그런 거 생각하면 1년에 한 번씩 내시경 받아야 하는데 3년 넘은 듯",
            "speaker": {
              "id": "1번",
              "sex": "여성",
              "age": "30대"
            },
            "speechAct": "(단언) 진술하기",
            "morpheme": "보험/NNG+은/JX+있/VA+지/EF+./SY+휴/IC+그런/MM+거/NNB+생각/NNG+하/XSV+면/EC+1/SN+년/NNBC+에/JKB+한/MM+번/NNBC+씩/XSN+내시경/NNG+받/VV+아야/EC+하/VV+는/ETM+데/NNB+3/SN+년/NNBC+넘/VV+은/ETM+듯/NNB"
          },
          {
            "id": 14,
            "text": "2 : 난 내시경 받아본 적이 없는데;",
            "norm_text": "난 내시경 받아본 적이 없는데;",
            "speaker": {
              "id": "2번",
              "sex": "남성",
              "age": "30대"
            },
            "speechAct": "(단언) 진술하기",
            "morpheme": "난/NP+JX+내시경/NNG+받/VV+아/EC+본/VX+ETM+적/NNB+이/JKS+없/VA+는데/EC+;/SY"
          },
          {
            "id": 15,
            "text": "1 : 얼마 전에 버스 타고 가다 보니까 한의원에서 그 병 치료한다고 붙어져 있던데...",
            "norm_text": "얼마 전에 버스 타고 가다 보니까 한의원에서 그 병 치료한다고 붙어져 있던데...",
            "speaker": {
              "id": "1번",
              "sex": "여성",
              "age": "30대"
            },
            "speechAct": "(단언) 진술하기",
            "morpheme": "얼마/NNG+전/NNG+에/JKB+버스/NNG+타/VV+고/EC+가/VX+다/EC+보/VX+니까/EC+한/MM+의원/NNG+에서/JKB+그/MM+병/NNG+치료/NNG+한다고/XSV+EC+붙/VV+어/EC+져/VX+EC+있/VX+던데/EF+./SY"
          },
          {
            "id": 16,
            "text": "2 : 한의원에서 세포 변이 그런 거 치료 됨? 그런 건 서양 의학 아니가?",
            "norm_text": "한의원에서 세포 변이 그런 거 치료 됨? 그런 건 서양 의학 아니가?",
            "speaker": {
              "id": "2번",
              "sex": "남성",
              "age": "30대"
            },
            "speechAct": "(지시) 질문하기",
            "morpheme": "한/MM+의원/NNG+에서/JKB+세/MM+포변/NNG+이/JKS+그런/MM+거/NNB+치료/NNG+됨/XSV+ETN+그런/MM+건/NNB+JX+서양/NNG+의학/NNG+아니/VCN+가/EF"
          }
        ]
      }
    }
  ]
}