{
  "dataset": {
    "identifier": 63261,
    "name": "KAKAO_916_03_set",
    "src_path": "/data/file/cubeManager/PROJECT001/53/txt20211005155003037672/KAKAO_916_03_set/",
    "label_path": "/data/file/cubeManager/PROJECT001/53/txt20211005155003037672/KAKAO_916_03_set/",
    "category": 2,
    "type": 0
  },
  "licenses": {
    "name": "Apache License 1.0",
    "url": "http://www.apache.org/licenses/LICENSE-1.0"
  },
  "info": [
    {
      "id": 41800,
      "filename": "KAKAO_916_03.txt",
      "title": "KAKAO_916_03",
      "mediatype": "SNS",
      "medianame": "카카오톡",
      "category": "일상대화",
      "date": "2021-10-05",
      "size": 449,
      "annotations": {
        "subject": "교통",
        "speaker_type": "1:1",
        "size": 449,
        "word_size": 147,
        "text": "1 : 이번에 제주도 가서 자동차렌트 했데잉 키키\n2 : 니가? 차는 괜찮나?\n1 : 키키 웅 내 걱정해줘야 되는 거 아니가?\n1 : 차는 무사하다...\n2 : 그럼 다행이고 니는 다친 곳은 없나?\n1 : 응 키키 이제 와서 내 걱정해주는 거?\n2 : 키키 어떻게 렌트 할 생각을 했노\n1 : 키키 처음에는 생각 없었는데 주위에서 계속 렌트 하라고 괜찮다고 이러길래,\n2 : 안 무섭더나?\n2 : 운전도 별로 안 해봤을 거 아니가\n1 : 면허 따고 5년을 묵혀 놨는데 키키\n1 : 4일 속성으로 친구들 차 빌려 타고 운전해 봤으\n2 : 헐 키키 대단하노 키키 겁도 없다\n1 : 키키 그래도 꽤 괜찮았다 차도 별로 없고\n2 : 속도 20 이래 간 거 아니제\n1 : 키키 아니다 진짜 시속 100까지 달렸었음...\n2 : 니가? 안 무섭더나?\n1 : 처음에는 무서웠는데 달리다 보니까 할만 하더랑 키키\n2 : 이제 차만 사면 되겠네? 키키",
        "lines": [
          {
            "id": 1,
            "text": "1 : 이번에 제주도 가서 자동차렌트 했데잉 키키",
            "norm_text": "이번에 제주도 가서 자동차렌트 했데잉 키키",
            "speaker": {
              "id": "1번",
              "sex": "여성",
              "age": "20대"
            },
            "speechAct": "(단언) 주장하기",
            "morpheme": "이번/NNG+에/JKB+제주/NNP+도/JX+가/VV+서/EC+자동차/NNG+렌트/NNG+했/XSV+EP+데/NNB+잉/NNG+키/NNG+키/XSV+ETN"
          },
          {
            "id": 2,
            "text": "2 : 니가? 차는 괜찮나?",
            "norm_text": "니가? 차는 괜찮나?",
            "speaker": {
              "id": "2번",
              "sex": "남성",
              "age": "20대"
            },
            "speechAct": "(지시) 질문하기",
            "morpheme": "니/NP+가/JKS+차/NNG+는/JX+괜찮/VA+나/EF"
          },
          {
            "id": 3,
            "text": "1 : 키키 웅 내 걱정해줘야 되는 거 아니가?",
            "norm_text": "키키 웅 내 걱정해줘야 되는 거 아니가?",
            "speaker": {
              "id": "1번",
              "sex": "여성",
              "age": "20대"
            },
            "speechAct": "(지시) 질문하기",
            "morpheme": "키/NNG+키/XSV+ETN+웅/IC+내/NP+JKG+걱정/NNG+해/XSV+EC+줘야/VX+EC+되/VV+는/ETM+거/NNB+아니/VCN+가/EF"
          },
          {
            "id": 4,
            "text": "1 : 차는 무사하다...",
            "norm_text": "차는 무사하다...",
            "speaker": {
              "id": "1번",
              "sex": "여성",
              "age": "20대"
            },
            "speechAct": "(단언) 주장하기",
            "morpheme": "차/NNG+는/JX+무사/XR+하/XSA+다/EF+./SY"
          },
          {
            "id": 5,
            "text": "2 : 그럼 다행이고 니는 다친 곳은 없나?",
            "norm_text": "그럼 다행이고 니는 다친 곳은 없나?",
            "speaker": {
              "id": "2번",
              "sex": "남성",
              "age": "20대"
            },
            "speechAct": "(지시) 질문하기",
            "morpheme": "그럼/MAJ+다행/NNG+이/VCP+고/EC+니/NP+는/JX+다친/VV+ETM+곳/NNG+은/JX+없/VA+나/EF"
          },
          {
            "id": 6,
            "text": "1 : 응 키키 이제 와서 내 걱정해주는 거?",
            "norm_text": "응 키키 이제 와서 내 걱정해주는 거?",
            "speaker": {
              "id": "1번",
              "sex": "여성",
              "age": "20대"
            },
            "speechAct": "(지시) 질문하기",
            "morpheme": "응/IC+키/NNG+키/NNG+이제/MAG+와서/VV+EC+내/NP+JKG+걱정/NNG+해/XSV+EC+주/VX+는/ETM+거/NNB"
          },
          {
            "id": 7,
            "text": "2 : 키키 어떻게 렌트 할 생각을 했노",
            "norm_text": "키키 어떻게 렌트 할 생각을 했노",
            "speaker": {
              "id": "2번",
              "sex": "남성",
              "age": "20대"
            },
            "speechAct": "(지시) 질문하기",
            "morpheme": "키/NNG+키/XSV+ETN+어떻/VA+게/EC+렌트/NNG+할/XSV+ETM+생각/NNG+을/JKO+했/VV+EP+노/EC"
          },
          {
            "id": 8,
            "text": "1 : 키키 처음에는 생각 없었는데 주위에서 계속 렌트 하라고 괜찮다고 이러길래,",
            "norm_text": "키키 처음에는 생각 없었는데 주위에서 계속 렌트 하라고 괜찮다고 이러길래,",
            "speaker": {
              "id": "1번",
              "sex": "여성",
              "age": "20대"
            },
            "speechAct": "(단언) 진술하기",
            "morpheme": "키/NNG+키/NNG+처음/NNG+에/JKB+는/JX+생각/NNG+없/VA+었/EP+는데/EC+주위/NNG+에서/JKB+계속/MAG+렌트/NNG+하/XSV+라고/EC+괜찮/VA+다고/EC+이러/VV+길래/EC+,/SC"
          },
          {
            "id": 9,
            "text": "2 : 안 무섭더나?",
            "norm_text": "안 무섭더나?",
            "speaker": {
              "id": "2번",
              "sex": "남성",
              "age": "20대"
            },
            "speechAct": "(지시) 질문하기",
            "morpheme": "안/MAG+무섭/VA+더나/EF"
          },
          {
            "id": 10,
            "text": "2 : 운전도 별로 안 해봤을 거 아니가",
            "norm_text": "운전도 별로 안 해봤을 거 아니가",
            "speaker": {
              "id": "2번",
              "sex": "남성",
              "age": "20대"
            },
            "speechAct": "(지시) 질문하기",
            "morpheme": "운전/NNG+도/JX+별로/MAG+안/MAG+해/VV+EC+봤/VX+EP+을/ETM+거/NNB+아니/VCN+가/JKS"
          },
          {
            "id": 11,
            "text": "1 : 면허 따고 5년을 묵혀 놨는데 키키",
            "norm_text": "면허 따고 5년을 묵혀 놨는데 키키",
            "speaker": {
              "id": "1번",
              "sex": "여성",
              "age": "20대"
            },
            "speechAct": "(단언) 주장하기",
            "morpheme": "면허/NNG+따/VV+고/EC+5/SN+년/NNBC+을/JKO+묵혀/VV+EC+놨는데/VX+EP+EC+키/NNG+키/XSV+ETN"
          },
          {
            "id": 12,
            "text": "1 : 4일 속성으로 친구들 차 빌려 타고 운전해 봤으",
            "norm_text": "4일 속성으로 친구들 차 빌려 타고 운전해 봤으",
            "speaker": {
              "id": "1번",
              "sex": "여성",
              "age": "20대"
            },
            "speechAct": "(단언) 주장하기",
            "morpheme": "4/SN+일/NNBC+속성/NNG+으로/JKB+친구/NNG+들/XSN+차/NNG+빌려/VV+EC+타/VV+고/EC+운전/NNG+해/XSV+EC+봤/VX+EP+으/EC"
          },
          {
            "id": 13,
            "text": "2 : 헐 키키 대단하노 키키 겁도 없다",
            "norm_text": "헐 키키 대단하노 키키 겁도 없다",
            "speaker": {
              "id": "2번",
              "sex": "남성",
              "age": "20대"
            },
            "speechAct": "(단언) 주장하기",
            "morpheme": "헐/IC+키/NNG+키/XSV+ETN+대단/XR+하/XSA+노/EC+키/NNG+키/NNG+겁/NNG+도/JX+없/VA+다/EC"
          },
          {
            "id": 14,
            "text": "1 : 키키 그래도 꽤 괜찮았다 차도 별로 없고",
            "norm_text": "키키 그래도 꽤 괜찮았다 차도 별로 없고",
            "speaker": {
              "id": "1번",
              "sex": "여성",
              "age": "20대"
            },
            "speechAct": "(단언) 주장하기",
            "morpheme": "키/NNG+키/XSV+ETN+그래도/MAJ+꽤/MAG+괜찮/VA+았/EP+다차/NNP+도/JX+별로/MAG+없/VA+고/EC"
          },
          {
            "id": 15,
            "text": "2 : 속도 20 이래 간 거 아니제",
            "norm_text": "속도 20 이래 간 거 아니제",
            "speaker": {
              "id": "2번",
              "sex": "남성",
              "age": "20대"
            },
            "speechAct": "(지시) 질문하기",
            "morpheme": "속/NNG+도/JX+20/SN+이래/NNG+간/VV+ETM+거/NNB+아니/VCN+제/EC"
          },
          {
            "id": 16,
            "text": "1 : 키키 아니다 진짜 시속 100까지 달렸었음...",
            "norm_text": "키키 아니다 진짜 시속 100까지 달렸었음...",
            "speaker": {
              "id": "1번",
              "sex": "여성",
              "age": "20대"
            },
            "speechAct": "(단언) 주장하기",
            "morpheme": "키/NNG+키/XSV+ETN+아니/VCN+다/EF+진짜/MAG+시속/NNG+100/SN+까지/JX+달렸/VV+EP+었/EP+음/ETN+./SY"
          },
          {
            "id": 17,
            "text": "2 : 니가? 안 무섭더나?",
            "norm_text": "니가? 안 무섭더나?",
            "speaker": {
              "id": "2번",
              "sex": "남성",
              "age": "20대"
            },
            "speechAct": "(지시) 질문하기",
            "morpheme": "니/NP+가/JKS+안/MAG+무섭/VA+더나/EF"
          },
          {
            "id": 18,
            "text": "1 : 처음에는 무서웠는데 달리다 보니까 할만 하더랑 키키",
            "norm_text": "처음에는 무서웠는데 달리다 보니까 할만 하더랑 키키",
            "speaker": {
              "id": "1번",
              "sex": "여성",
              "age": "20대"
            },
            "speechAct": "(단언) 주장하기",
            "morpheme": "처음/NNG+에/JKB+는/JX+무서웠/VA+EP+는데/EC+달리/VV+다/EC+보/VX+니까/EC+할/VX+ETN+만/JX+하더/NNP+랑/JC+키/NNG+키/XSV+ETN"
          },
          {
            "id": 19,
            "text": "2 : 이제 차만 사면 되겠네? 키키",
            "norm_text": "이제 차만 사면 되겠네? 키키",
            "speaker": {
              "id": "2번",
              "sex": "남성",
              "age": "20대"
            },
            "speechAct": "(지시) 질문하기",
            "morpheme": "이제/MAG+차/NNG+만/JX+사면/NNG+되/XSV+겠/EP+네/EF+키/NNG+키/XSV+ETN"
          }
        ]
      }
    }
  ]
}