{
  "dataset": {
    "identifier": 62476,
    "name": "KAKAO_920_19_set",
    "src_path": "/data/file/cubeManager/PROJECT001/53/txt20211005161349029591/KAKAO_920_19_set/",
    "label_path": "/data/file/cubeManager/PROJECT001/53/txt20211005161349029591/KAKAO_920_19_set/",
    "category": 2,
    "type": 0
  },
  "licenses": {
    "name": "Apache License 1.0",
    "url": "http://www.apache.org/licenses/LICENSE-1.0"
  },
  "info": [
    {
      "id": 41976,
      "filename": "KAKAO_920_19.txt",
      "title": "KAKAO_920_19",
      "mediatype": "SNS",
      "medianame": "카카오톡",
      "category": "일상대화",
      "date": "2021-10-05",
      "size": 576,
      "annotations": {
        "subject": "방송/연예",
        "speaker_type": "1:1",
        "size": 576,
        "word_size": 183,
        "text": "1 : 요즘 드라마 재밌는 것 좀 추천해주라\n2 : 요즘에 넷플릭스에 오징어게임 재밌다던데\n1 : 아 정말? 나는 로맨스물 싫어하는데 로맨스물은 아니겠지?\n2 : 웅 로맨스 아니야! 공포 스릴러야\n2 : 옛날에 신과 함께 그 영화랑 비슷해\n1 : 어! 그거 일본에서 엄청 유명한 영화잖아!\n1 : 오징어게임은 누구 나오는 거야?\n2 : 이정재랑 이병헌이랑 공유 나와!\n2 : 그 외에 유명한 사람들도 많이 나오구\n1 : 헐 내가 좋아하는 사람들 많이 나오네?\n1 : 몇 부작인지 알아?\n2 : 시즌 1은 9부작 정도 할 거야 아마?\n1 : 근데 제목을 오징어 게임이라고 한 게 너무 신박하다\n2 : 옛날 땅뛰기 게임 유래라고 하던데\n1 : 그렇구나. 나는 이런 긴박한 서바이벌 게임 드라마가 좋은 것 같아.\n1 : 너는 어떤 장르 좋아해?\n2 : 나는 액션을 주로 많이 보는 거 같아\n1 : 그럼 국내 드라마보다는 해외 드라마를 더 많이 보겠다!\n2 : 웅 나 해외 액션 서바이벌 드라마 엄청 많이 알고 있어!\n1 : 나도 액션 좋아해서 드라마 아는 거 엄청 많아\n1 : 나중에 공유하자 키키\n2 : 앗싸! 이번 겨울방학에 볼 거 많이 생겼다\n2 : 다 몰아서 봐야징!",
        "lines": [
          {
            "id": 1,
            "text": "1 : 요즘 드라마 재밌는 것 좀 추천해주라",
            "norm_text": "요즘 드라마 재밌는 것 좀 추천해주라",
            "speaker": {
              "id": "1번",
              "sex": "여성",
              "age": "20대"
            },
            "speechAct": "(지시) 명령/요구하기",
            "morpheme": "요즘/NNG+드라마/NNG+재밌/VA+는/ETM+것/NNB+좀/MAG+추천/NNG+해/XSV+EC+주/VX+라/EC"
          },
          {
            "id": 2,
            "text": "2 : 요즘에 넷플릭스에 오징어게임 재밌다던데",
            "norm_text": "요즘에 넷플릭스에 오징어게임 재밌다던데",
            "speaker": {
              "id": "2번",
              "sex": "남성",
              "age": "20대"
            },
            "speechAct": "(단언) 주장하기",
            "morpheme": "요즘/NNG+에/JKB+넷플릭스/NNP+에/JKB+오징어/NNG+게임/NNG+재밌/VA+다던데/EC"
          },
          {
            "id": 3,
            "text": "1 : 아 정말? 나는 로맨스물 싫어하는데 로맨스물은 아니겠지?",
            "norm_text": "아 정말? 나는 로맨스물 싫어하는데 로맨스물은 아니겠지?",
            "speaker": {
              "id": "1번",
              "sex": "여성",
              "age": "20대"
            },
            "speechAct": "(지시) 질문하기",
            "morpheme": "아/IC+정말/MAG+나/NP+는/JX+로맨스/NNG+물/NNG+싫/VA+어/EC+하/VV+는/ETM+데/NNB+로/JKB+맨/MM+스물/NR+은/JX+아니/VCN+겠/EP+지/EF"
          },
          {
            "id": 4,
            "text": "2 : 웅 로맨스 아니야! 공포 스릴러야",
            "norm_text": "웅 로맨스 아니야! 공포 스릴러야",
            "speaker": {
              "id": "2번",
              "sex": "남성",
              "age": "20대"
            },
            "speechAct": "(단언) 진술하기",
            "morpheme": "웅/IC+로맨스/NNG+아니/VCN+야/EF+공포/NNG+스릴러/NNG+야/VCP+EF"
          },
          {
            "id": 5,
            "text": "2 : 옛날에 신과 함께 그 영화랑 비슷해",
            "norm_text": "옛날에 신과 함께 그 영화랑 비슷해",
            "speaker": {
              "id": "2번",
              "sex": "남성",
              "age": "20대"
            },
            "speechAct": "(단언) 주장하기",
            "morpheme": "옛날/NNG+에/JKB+신/NNG+과/JKB+함께/MAG+그/MM+영화/NNG+랑/JC+비슷/XR+해/XSA+EC"
          },
          {
            "id": 6,
            "text": "1 : 어! 그거 일본에서 엄청 유명한 영화잖아!",
            "norm_text": "어! 그거 일본에서 엄청 유명한 영화잖아!",
            "speaker": {
              "id": "1번",
              "sex": "여성",
              "age": "20대"
            },
            "speechAct": "(단언) 주장하기",
            "morpheme": "어/IC+그거/NP+일본/NNP+에서/JKB+엄청/MAG+유명/NNG+한/XSA+ETM+영화/NNG+잖아/VCP+EC+VX+EF"
          },
          {
            "id": 7,
            "text": "1 : 오징어게임은 누구 나오는 거야?",
            "norm_text": "오징어게임은 누구 나오는 거야?",
            "speaker": {
              "id": "1번",
              "sex": "여성",
              "age": "20대"
            },
            "speechAct": "(지시) 질문하기",
            "morpheme": "오징어/NNG+게임/NNG+은/JX+누구/NP+나오/VV+는/ETM+거/NNB+야/VCP+EF"
          },
          {
            "id": 8,
            "text": "2 : 이정재랑 이병헌이랑 공유 나와!",
            "norm_text": "이정재랑 이병헌이랑 공유 나와!",
            "speaker": {
              "id": "2번",
              "sex": "남성",
              "age": "20대"
            },
            "speechAct": "(단언) 진술하기",
            "morpheme": "이정재/NNP+랑/JC+이병헌/NNP+이랑/JC+공유/NNG+나와/VV+EF"
          },
          {
            "id": 9,
            "text": "2 : 그 외에 유명한 사람들도 많이 나오구",
            "norm_text": "그 외에 유명한 사람들도 많이 나오구",
            "speaker": {
              "id": "2번",
              "sex": "남성",
              "age": "20대"
            },
            "speechAct": "(단언) 주장하기",
            "morpheme": "그/MM+외/NNB+에/JKB+유명/NNG+한/XSA+ETM+사람/NNG+들/XSN+도/JX+많이/MAG+나오/VV+구/EC"
          },
          {
            "id": 10,
            "text": "1 : 헐 내가 좋아하는 사람들 많이 나오네?",
            "norm_text": "헐 내가 좋아하는 사람들 많이 나오네?",
            "speaker": {
              "id": "1번",
              "sex": "여성",
              "age": "20대"
            },
            "speechAct": "(단언) 주장하기",
            "morpheme": "헐/IC+내/NP+가/JKS+좋/VA+아/EC+하/VV+는/ETM+사람/NNG+들/XSN+많이/MAG+나오/VV+네/EF"
          },
          {
            "id": 11,
            "text": "1 : 몇 부작인지 알아?",
            "norm_text": "몇 부작인지 알아?",
            "speaker": {
              "id": "1번",
              "sex": "여성",
              "age": "20대"
            },
            "speechAct": "(지시) 질문하기",
            "morpheme": "몇/MM+부작/NNG+인지/VCP+EC+알/VV+아/EF"
          },
          {
            "id": 12,
            "text": "2 : 시즌 1은 9부작 정도 할 거야 아마?",
            "norm_text": "시즌 1은 9부작 정도 할 거야 아마?",
            "speaker": {
              "id": "2번",
              "sex": "남성",
              "age": "20대"
            },
            "speechAct": "(단언) 진술하기",
            "morpheme": "시즌/NNG+1/SN+은/JX+9/SN+부/NNBC+작정/NNG+도/JX+할/VV+ETM+거/NNB+야/VCP+EF+아마/MAG"
          },
          {
            "id": 13,
            "text": "1 : 근데 제목을 오징어 게임이라고 한 게 너무 신박하다",
            "norm_text": "근데 제목을 오징어 게임이라고 한 게 너무 신박하다",
            "speaker": {
              "id": "1번",
              "sex": "여성",
              "age": "20대"
            },
            "speechAct": "(단언) 주장하기",
            "morpheme": "근데/MAJ+제목/NNG+을/JKO+오징어/NNG+게임/NNG+이/VCP+라고/EC+한게/VX+ETM+NNB+JKS+너무/MAG+신박/NNG+하/XSV+다/EC"
          },
          {
            "id": 14,
            "text": "2 : 옛날 땅뛰기 게임 유래라고 하던데",
            "norm_text": "옛날 땅뛰기 게임 유래라고 하던데",
            "speaker": {
              "id": "2번",
              "sex": "남성",
              "age": "20대"
            },
            "speechAct": "(단언) 진술하기",
            "morpheme": "옛날/NNG+땅/NNG+뛰/VV+기/ETN+게임/NNG+유래/NNG+라고/VCP+EC+하/VV+던데/EC"
          },
          {
            "id": 15,
            "text": "1 : 그렇구나. 나는 이런 긴박한 서바이벌 게임 드라마가 좋은 것 같아.",
            "norm_text": "그렇구나. 나는 이런 긴박한 서바이벌 게임 드라마가 좋은 것 같아.",
            "speaker": {
              "id": "1번",
              "sex": "여성",
              "age": "20대"
            },
            "speechAct": "(단언) 주장하기",
            "morpheme": "그렇/VA+구나/EF+나/NP+는/JX+이런/MM+긴박/XR+한/XSA+ETM+서바이벌/NNP+게임/NNG+드라마/NNG+가/JKS+좋/VA+은/ETM+것/NNB+같/VA+아/EF"
          },
          {
            "id": 16,
            "text": "1 : 너는 어떤 장르 좋아해?",
            "norm_text": "너는 어떤 장르 좋아해?",
            "speaker": {
              "id": "1번",
              "sex": "여성",
              "age": "20대"
            },
            "speechAct": "(지시) 질문하기",
            "morpheme": "너/NP+는/JX+어떤/MM+장르/NNG+좋/VA+아/EC+해/VX+EF"
          },
          {
            "id": 17,
            "text": "2 : 나는 액션을 주로 많이 보는 거 같아",
            "norm_text": "나는 액션을 주로 많이 보는 거 같아",
            "speaker": {
              "id": "2번",
              "sex": "남성",
              "age": "20대"
            },
            "speechAct": "(단언) 주장하기",
            "morpheme": "나/NP+는/JX+액션/NNG+을/JKO+주로/MAG+많이/MAG+보/VV+는/ETM+거/NNB+같/VA+아/EC"
          },
          {
            "id": 18,
            "text": "1 : 그럼 국내 드라마보다는 해외 드라마를 더 많이 보겠다!",
            "norm_text": "그럼 국내 드라마보다는 해외 드라마를 더 많이 보겠다!",
            "speaker": {
              "id": "1번",
              "sex": "여성",
              "age": "20대"
            },
            "speechAct": "(단언) 주장하기",
            "morpheme": "그럼/MAJ+국내/NNG+드라마/NNG+보다/JKB+는/JX+해외/NNG+드라마/NNG+를/JKO+더/MAG+많이/MAG+보/VV+겠/EP+다/EF"
          },
          {
            "id": 19,
            "text": "2 : 웅 나 해외 액션 서바이벌 드라마 엄청 많이 알고 있어!",
            "norm_text": "웅 나 해외 액션 서바이벌 드라마 엄청 많이 알고 있어!",
            "speaker": {
              "id": "2번",
              "sex": "남성",
              "age": "20대"
            },
            "speechAct": "(단언) 주장하기",
            "morpheme": "웅/IC+나/NP+해외/NNG+액션/NNG+서바이벌/NNP+드라마/NNG+엄청/MAG+많이/MAG+알/VV+고/EC+있/VX+어/EF"
          },
          {
            "id": 20,
            "text": "1 : 나도 액션 좋아해서 드라마 아는 거 엄청 많아",
            "norm_text": "나도 액션 좋아해서 드라마 아는 거 엄청 많아",
            "speaker": {
              "id": "1번",
              "sex": "여성",
              "age": "20대"
            },
            "speechAct": "(단언) 주장하기",
            "morpheme": "나/NP+도/JX+액션/NNG+좋/VA+아/EC+해서/VV+EC+드라마/NNG+아/VV+는/ETM+거/NNB+엄청/MAG+많/VA+아/EC"
          },
          {
            "id": 21,
            "text": "1 : 나중에 공유하자 키키",
            "norm_text": "나중에 공유하자 키키",
            "speaker": {
              "id": "1번",
              "sex": "여성",
              "age": "20대"
            },
            "speechAct": "(지시) 충고/제안하기",
            "morpheme": "나중/NNG+에/JKB+공유/NNG+하/XSV+자/EC+키/NNG+키/XSV+ETN"
          },
          {
            "id": 22,
            "text": "2 : 앗싸! 이번 겨울방학에 볼 거 많이 생겼다",
            "norm_text": "앗싸! 이번 겨울방학에 볼 거 많이 생겼다",
            "speaker": {
              "id": "2번",
              "sex": "남성",
              "age": "20대"
            },
            "speechAct": "(단언) 주장하기",
            "morpheme": "앗싸/IC+이번/NNG+겨울/NNG+방학/NNG+에/JKB+볼/VV+ETM+거/NNB+많이/MAG+생겼/VV+EP+다/EC"
          },
          {
            "id": 23,
            "text": "2 : 다 몰아서 봐야징!",
            "norm_text": "다 몰아서 봐야징!",
            "speaker": {
              "id": "2번",
              "sex": "남성",
              "age": "20대"
            },
            "speechAct": "(단언) 주장하기",
            "morpheme": "다/MAG+몰/VV+아서/EC+봐야/VX+EC+VV+징/EF"
          }
        ]
      }
    }
  ]
}