{
  "dataset": {
    "identifier": 72777,
    "name": "KAKAO_906_04_set",
    "src_path": "/data/file/cubeManager/PROJECT001/53/txt20211005152905031272/KAKAO_906_04_set/",
    "label_path": "/data/file/cubeManager/PROJECT001/53/txt20211005152905031272/KAKAO_906_04_set/",
    "category": 2,
    "type": 0
  },
  "licenses": {
    "name": "Apache License 1.0",
    "url": "http://www.apache.org/licenses/LICENSE-1.0"
  },
  "info": [
    {
      "id": 41361,
      "filename": "KAKAO_906_04.txt",
      "title": "KAKAO_906_04",
      "mediatype": "SNS",
      "medianame": "카카오톡",
      "category": "일상대화",
      "date": "2021-10-05",
      "size": 408,
      "annotations": {
        "subject": "회사/아르바이트",
        "speaker_type": "1:1",
        "size": 408,
        "word_size": 137,
        "text": "1 : 요즘 출근할 때 그럼 차 끌고 가는 거야?\n2 : 지하철 타고 출근하는데 ㅠㅠ\n1 : 헐랭 개멀잖아 키키 넘 힘들겠는데\n2 : 차 타고 지하철역 근처에 주차해 놓고 지하철 탄닼 키키\n1 : 아아 그런 방법이 키키\n1 : 왜 주차 하기가 불편해?\n2 : 회사 주차장이 너무 복잡해서 그렇게 하는 게 편하더라곸 키키\n1 : 그래 차 끌고 나가면 주차 걱정부터 해...키키\n2 : 너무 복잡해서 주차할라면 화부터 나\n1 : 야근 할 때도 있어?\n2 : 웅 한 2주 정도는 야근했단다 ㅜㅜ\n1 : 헐랭... 집에 가면 우리 애기 자고 있겠어\n2 : 우리 강아지는 쿨쿨 낸내 하고 있지 ㅜㅜ\n1 : ㅠ 짠하넹 ㅠ 그래도 멋있다 ***\n2 : 그래도 이번 회사는 좀 괜찮은 거 같여\n1 : 저번 회사보다 나아?\n2 : 웅 복지나 이런 것도 저번 회사보다 훨 나아",
        "lines": [
          {
            "id": 1,
            "text": "1 : 요즘 출근할 때 그럼 차 끌고 가는 거야?",
            "norm_text": "요즘 출근할 때 그럼 차 끌고 가는 거야?",
            "speaker": {
              "id": "1번",
              "sex": "여성",
              "age": "30대"
            },
            "speechAct": "(지시) 질문하기",
            "morpheme": "요즘/NNG+출근/NNG+할/XSV+ETM+때/NNG+그럼/MAJ+차/NNG+끌/VV+고/EC+가/VX+는/ETM+거/NNB+야/VCP+EF"
          },
          {
            "id": 2,
            "text": "2 : 지하철 타고 출근하는데 ㅠㅠ",
            "norm_text": "지하철 타고 출근하는데 ㅠㅠ",
            "speaker": {
              "id": "2번",
              "sex": "여성",
              "age": "20대"
            },
            "speechAct": "(단언) 주장하기",
            "morpheme": "지하철/NNG+타/VV+고/EC+출근/NNG+하/XSV+는데/EC+ㅠㅠ/UNKNOWN"
          },
          {
            "id": 3,
            "text": "1 : 헐랭 개멀잖아 키키 넘 힘들겠는데",
            "norm_text": "헐랭 개멀잖아 키키 넘 힘들겠는데",
            "speaker": {
              "id": "1번",
              "sex": "여성",
              "age": "30대"
            },
            "speechAct": "(단언) 주장하기",
            "morpheme": "헐랭/NNP+개/NNBC+멀/VA+잖아/EC+키/NNG+키/XSV+ETN+넘/MAG+힘들/VA+겠/EP+는데/EC"
          },
          {
            "id": 4,
            "text": "2 : 차 타고 지하철역 근처에 주차해 놓고 지하철 탄닼 키키",
            "norm_text": "차 타고 지하철역 근처에 주차해 놓고 지하철 탄닼 키키",
            "speaker": {
              "id": "2번",
              "sex": "여성",
              "age": "20대"
            },
            "speechAct": "(단언) 진술하기",
            "morpheme": "차/NNG+타/VV+고/EC+지하철역/NNG+근처/NNG+에/JKB+주차/NNG+해/XSV+EC+놓/VX+고/EC+지하/NNG+철탄/NNG+닼/NNG+키/NNG+키/XSV+ETN"
          },
          {
            "id": 5,
            "text": "1 : 아아 그런 방법이 키키",
            "norm_text": "아아 그런 방법이 키키",
            "speaker": {
              "id": "1번",
              "sex": "여성",
              "age": "30대"
            },
            "speechAct": "(단언) 주장하기",
            "morpheme": "아아/IC+그런/MM+방법/NNG+이/JKS+키/NNG+키/XSV+ETN"
          },
          {
            "id": 6,
            "text": "1 : 왜 주차 하기가 불편해?",
            "norm_text": "왜 주차 하기가 불편해?",
            "speaker": {
              "id": "1번",
              "sex": "여성",
              "age": "30대"
            },
            "speechAct": "(지시) 질문하기",
            "morpheme": "왜/MAG+주차/NNG+하/XSV+기/ETN+가/JKS+불편/NNG+해/XSV+EF"
          },
          {
            "id": 7,
            "text": "2 : 회사 주차장이 너무 복잡해서 그렇게 하는 게 편하더라곸 키키",
            "norm_text": "회사 주차장이 너무 복잡해서 그렇게 하는 게 편하더라곸 키키",
            "speaker": {
              "id": "2번",
              "sex": "여성",
              "age": "20대"
            },
            "speechAct": "(단언) 주장하기",
            "morpheme": "회사/NNG+주차장/NNG+이/JKS+너무/MAG+복잡/XR+해서/XSA+EC+그렇게/MAG+하/VV+는/ETM+게/NNB+JKS+편하/VA+더라/EF+곸키/UNKNOWN+키/NNG"
          },
          {
            "id": 8,
            "text": "1 : 그래 차 끌고 나가면 주차 걱정부터 해...키키",
            "norm_text": "그래 차 끌고 나가면 주차 걱정부터 해...키키",
            "speaker": {
              "id": "1번",
              "sex": "여성",
              "age": "30대"
            },
            "speechAct": "(단언) 주장하기",
            "morpheme": "그래/IC+차/NNG+끌/VV+고/EC+나가/VX+면/EC+주차/NNG+걱정/NNG+부터/JX+해/VV+EF+./SY+키/NNG+키/XSV+ETN"
          },
          {
            "id": 9,
            "text": "2 : 너무 복잡해서 주차할라면 화부터 나",
            "norm_text": "너무 복잡해서 주차할라면 화부터 나",
            "speaker": {
              "id": "2번",
              "sex": "여성",
              "age": "20대"
            },
            "speechAct": "(단언) 주장하기",
            "morpheme": "너무/MAG+복잡/XR+해서/XSA+EC+주차/NNG+할/XSV+ETM+라면/NNG+화/XSN+부터/JX+나/JX"
          },
          {
            "id": 10,
            "text": "1 : 야근 할 때도 있어?",
            "norm_text": "야근 할 때도 있어?",
            "speaker": {
              "id": "1번",
              "sex": "여성",
              "age": "30대"
            },
            "speechAct": "(지시) 질문하기",
            "morpheme": "야근/NNG+할/XSV+ETM+때/NNG+도/JX+있/VA+어/EF"
          },
          {
            "id": 11,
            "text": "2 : 웅 한 2주 정도는 야근했단다 ㅜㅜ",
            "norm_text": "웅 한 2주 정도는 야근했단다 ㅜㅜ",
            "speaker": {
              "id": "2번",
              "sex": "여성",
              "age": "20대"
            },
            "speechAct": "(단언) 진술하기",
            "morpheme": "웅한/NNG+2/SN+주정도는야근했단다ㅜㅜ/UNKNOWN"
          },
          {
            "id": 12,
            "text": "1 : 헐랭... 집에 가면 우리 애기 자고 있겠어",
            "norm_text": "헐랭... 집에 가면 우리 애기 자고 있겠어",
            "speaker": {
              "id": "1번",
              "sex": "여성",
              "age": "30대"
            },
            "speechAct": "(단언) 주장하기",
            "morpheme": "헐랭/NNP+./SY+./SY+집/NNG+에/JKB+가/VV+면/EC+우리/NP+애기자/NNG+고/VCP+EC+있/VX+겠/EP+어/EC"
          },
          {
            "id": 13,
            "text": "2 : 우리 강아지는 쿨쿨 낸내 하고 있지 ㅜㅜ",
            "norm_text": "우리 강아지는 쿨쿨 낸내 하고 있지 ㅜㅜ",
            "speaker": {
              "id": "2번",
              "sex": "여성",
              "age": "20대"
            },
            "speechAct": "(단언) 진술하기",
            "morpheme": "우리/NP+강아지/NNG+는/JX+쿨쿨/MAG+낸/VV+ETM+내/NNG+하/XSV+고/EC+있/VX+지/EF+ㅜㅜ/UNKNOWN"
          },
          {
            "id": 14,
            "text": "1 : ㅠ 짠하넹 ㅠ 그래도 멋있다 ***",
            "norm_text": "ㅠ 짠하넹 ㅠ 그래도 멋있다 ***",
            "speaker": {
              "id": "1번",
              "sex": "여성",
              "age": "30대"
            },
            "speechAct": "(단언) 주장하기",
            "morpheme": "ㅠ짠하넹ㅠ그래도멋있다/UNKNOWN+*/SY+*/SY+*/SY"
          },
          {
            "id": 15,
            "text": "2 : 그래도 이번 회사는 좀 괜찮은 거 같여",
            "norm_text": "그래도 이번 회사는 좀 괜찮은 거 같여",
            "speaker": {
              "id": "2번",
              "sex": "여성",
              "age": "20대"
            },
            "speechAct": "(단언) 주장하기",
            "morpheme": "그래도/MAJ+이번/NNG+회사/NNG+는/JX+좀/MAG+괜찮/VA+은/ETM+거/NNB+같/VA+여/EC"
          },
          {
            "id": 16,
            "text": "1 : 저번 회사보다 나아?",
            "norm_text": "저번 회사보다 나아?",
            "speaker": {
              "id": "1번",
              "sex": "여성",
              "age": "30대"
            },
            "speechAct": "(지시) 질문하기",
            "morpheme": "저번/NNG+회사/NNG+보다/JKB+나아/VA+EF"
          },
          {
            "id": 17,
            "text": "2 : 웅 복지나 이런 것도 저번 회사보다 훨 나아",
            "norm_text": "웅 복지나 이런 것도 저번 회사보다 훨 나아",
            "speaker": {
              "id": "2번",
              "sex": "여성",
              "age": "20대"
            },
            "speechAct": "(단언) 주장하기",
            "morpheme": "웅/IC+복지/NNG+나/JC+이런/MM+것/NNB+도/JX+저번/NNG+회사/NNG+보다/JKB+훨/MAG+나/VV+아/EC"
          }
        ]
      }
    }
  ]
}