{
  "dataset": {
    "identifier": 40827,
    "name": "KAKAO_903_19_set",
    "src_path": "/data/file/cubeManager/PROJECT001/53/txt202110050957510796108/KAKAO_903_19_set/",
    "label_path": "/data/file/cubeManager/PROJECT001/53/txt202110050957510796108/KAKAO_903_19_set/",
    "category": 2,
    "type": 0
  },
  "licenses": {
    "name": "Apache License 1.0",
    "url": "http://www.apache.org/licenses/LICENSE-1.0"
  },
  "info": [
    {
      "id": 40798,
      "filename": "KAKAO_903_19.txt",
      "title": "KAKAO_903_19",
      "mediatype": "SNS",
      "medianame": "카카오톡",
      "category": "일상대화",
      "date": "2021-10-05",
      "size": 529,
      "annotations": {
        "subject": "방송/연예",
        "speaker_type": "1:1",
        "size": 529,
        "word_size": 186,
        "text": "1 : 아니야 다 최근거임 키키\n1 : 진짜 방송 보면 간혹 서민들에게 선물합니다~ 이런 거 왜 난 안 걸리냐\n2 : 그런 게 있어? 나도 좀 알려줘 봐 나도 신청 할라니까\n1 : 아니 요즘엔 티비 잘 안 봐서 모르겠는데 예전엔 그런 거 많지 않았냐?\n2 : 몰라 나도 요즘에 티비 안 봐 티비 볼 시간X\n1 : 그거 인정하지... 나 같은 티비 귀신이 티비도 못 보다니 세상 너무 각박하다\n2 : 요즘에 넷플만 좀 보는 중\n1 : 넷플 볼 거 완전 많긴 해 키키\n2 : 볼 거 많긴 한데 ㄹㅇ 풍요 속의 빈곤 키키\n1 : 그거 인정 키키 넷플에서 제일 많이 보는 거 목록 화면\n2 : 내 말이 추천 해주는 거 보기만 함 근뎈 키키 예고편만 주구장창\n1 : 키키 그래서 난 맨날 봤던 영화만 보고 또 보고 함\n2 : 난 봤던 거 안 봐 세상에 볼게 얼마나 많은디\n1 : 난 영화 도둑들 진짜 좋아하는데 백 오십 번 봄 과장 진짜 조금 보탬\n2 : 에바지 대사 외우겠다 그 정도면; 키키\n1 : 영화 보면 배우들보다 내가 대사 먼저 침\n2 : 그냥 너가 배우 해라 노배웈 키키",
        "lines": [
          {
            "id": 1,
            "text": "1 : 아니야 다 최근거임 키키",
            "norm_text": "아니야 다 최근거임 키키",
            "speaker": {
              "id": "1번",
              "sex": "여성",
              "age": "20대"
            },
            "speechAct": "(단언) 진술하기",
            "morpheme": "아니야/IC+다/MAG+최근/NNG+거/NNB+임/VCP+ETN+키/NNG+키/XSV+ETN"
          },
          {
            "id": 2,
            "text": "1 : 진짜 방송 보면 간혹 서민들에게 선물합니다~ 이런 거 왜 난 안 걸리냐",
            "norm_text": "진짜 방송 보면 간혹 서민들에게 선물합니다~ 이런 거 왜 난 안 걸리냐",
            "speaker": {
              "id": "1번",
              "sex": "여성",
              "age": "20대"
            },
            "speechAct": "(단언) 주장하기",
            "morpheme": "진짜/MAG+방송/NNG+보/VV+면/EC+간혹/MAG+서민/NNG+들/XSN+에게/JKB+선물/NNG+합니다/XSV+EF+~/SY+이런/MM+거/NNB+왜/MAG+난/NP+JX+안/MAG+걸리/VV+냐/EC"
          },
          {
            "id": 3,
            "text": "2 : 그런 게 있어? 나도 좀 알려줘 봐 나도 신청 할라니까",
            "norm_text": "그런 게 있어? 나도 좀 알려줘 봐 나도 신청 할라니까",
            "speaker": {
              "id": "2번",
              "sex": "여성",
              "age": "20대"
            },
            "speechAct": "(단언) 주장하기",
            "morpheme": "그런/MM+게/NNB+JKS+있/VA+어/EF+나/NP+도/JX+좀/MAG+알려줘/VV+EC+VX+EC+봐/VX+EF+나/NP+도/JX+신청/NNG+할라니까/XSV+EC"
          },
          {
            "id": 4,
            "text": "1 : 아니 요즘엔 티비 잘 안 봐서 모르겠는데 예전엔 그런 거 많지 않았냐?",
            "norm_text": "아니 요즘엔 티비 잘 안 봐서 모르겠는데 예전엔 그런 거 많지 않았냐?",
            "speaker": {
              "id": "1번",
              "sex": "여성",
              "age": "20대"
            },
            "speechAct": "(지시) 질문하기",
            "morpheme": "아니/IC+요즘/NNG+엔/JKB+JX+티비/NNG+잘/MAG+안/MAG+봐서/VV+EC+모르/VV+겠/EP+는데/EC+예전/NNG+엔/JKB+JX+그런/MM+거/NNB+많/VA+지/EC+않/VX+았/EP+냐/EF"
          },
          {
            "id": 5,
            "text": "2 : 몰라 나도 요즘에 티비 안 봐 티비 볼 시간X",
            "norm_text": "몰라 나도 요즘에 티비 안 봐 티비 볼 시간X",
            "speaker": {
              "id": "2번",
              "sex": "여성",
              "age": "20대"
            },
            "speechAct": "(단언) 주장하기",
            "morpheme": "몰라나도요즘에티비안봐티비볼시간/UNKNOWN+X/SL"
          },
          {
            "id": 6,
            "text": "1 : 그거 인정하지... 나 같은 티비 귀신이 티비도 못 보다니 세상 너무 각박하다",
            "norm_text": "그거 인정하지... 나 같은 티비 귀신이 티비도 못 보다니 세상 너무 각박하다",
            "speaker": {
              "id": "1번",
              "sex": "여성",
              "age": "20대"
            },
            "speechAct": "(단언) 주장하기",
            "morpheme": "그거/NP+인정/NNG+하/XSA+지/EF+./SY+나같은티비귀신이티비도못보다니세상너무각박하다/UNKNOWN"
          },
          {
            "id": 7,
            "text": "2 : 요즘에 넷플만 좀 보는 중",
            "norm_text": "요즘에 넷플만 좀 보는 중",
            "speaker": {
              "id": "2번",
              "sex": "여성",
              "age": "20대"
            },
            "speechAct": "(단언) 진술하기",
            "morpheme": "요즘/NNG+에/JKB+넷/NR+플/NNG+만/JX+좀/MAG+보/VV+는/ETM+중/NNB"
          },
          {
            "id": 8,
            "text": "1 : 넷플 볼 거 완전 많긴 해 키키",
            "norm_text": "넷플 볼 거 완전 많긴 해 키키",
            "speaker": {
              "id": "1번",
              "sex": "여성",
              "age": "20대"
            },
            "speechAct": "(단언) 진술하기",
            "morpheme": "넷/NR+플/NNG+볼/VV+ETM+거/NNB+완전/MAG+많/VA+긴/ETN+JX+해/VX+EC+키/NNG+키/XSV+ETN"
          },
          {
            "id": 9,
            "text": "2 : 볼 거 많긴 한데 ㄹㅇ 풍요 속의 빈곤 키키",
            "norm_text": "볼 거 많긴 한데 ㄹㅇ 풍요 속의 빈곤 키키",
            "speaker": {
              "id": "2번",
              "sex": "여성",
              "age": "20대"
            },
            "speechAct": "(단언) 주장하기",
            "morpheme": "볼/VV+ETM+거/NNB+많/VA+긴/ETN+JX+한데/VX+EC+ㄹㅇ/UNKNOWN+풍요/NNG+속/NNG+의/JKG+빈곤/NNG+키/NNG+키/XSV+ETN"
          },
          {
            "id": 10,
            "text": "1 : 그거 인정 키키 넷플에서 제일 많이 보는 거 목록 화면",
            "norm_text": "그거 인정 키키 넷플에서 제일 많이 보는 거 목록 화면",
            "speaker": {
              "id": "1번",
              "sex": "여성",
              "age": "20대"
            },
            "speechAct": "(단언) 주장하기",
            "morpheme": "그거/NP+인정/NNG+키/NNG+키/XSV+ETN+넷/NR+플/NNG+에서/JKB+제일/MAG+많이/MAG+보/VV+는/ETM+거/NNB+목록/NNG+화면/NNG"
          },
          {
            "id": 11,
            "text": "2 : 내 말이 추천 해주는 거 보기만 함 근뎈 키키 예고편만 주구장창",
            "norm_text": "내 말이 추천 해주는 거 보기만 함 근뎈 키키 예고편만 주구장창",
            "speaker": {
              "id": "2번",
              "sex": "여성",
              "age": "20대"
            },
            "speechAct": "(단언) 진술하기",
            "morpheme": "내말이/NP+JKG+NNG+JKS+추천/NNG+해/XSV+EC+주/VX+는/ETM+거/NNB+보/VV+기/ETN+만/JX+함/VV+ETN+근뎈/UNKNOWN+키/NNG+키/NNG+예고편/NNG+만/JX+주/VX+구/EC+장창/NNG"
          },
          {
            "id": 12,
            "text": "1 : 키키 그래서 난 맨날 봤던 영화만 보고 또 보고 함",
            "norm_text": "키키 그래서 난 맨날 봤던 영화만 보고 또 보고 함",
            "speaker": {
              "id": "1번",
              "sex": "여성",
              "age": "20대"
            },
            "speechAct": "(단언) 진술하기",
            "morpheme": "키/NNG+키/XSV+ETN+그래서/MAJ+난/NP+JX+맨날/MAG+봤/VV+EP+던/ETM+영화/NNG+만/JX+보/VV+고/EC+또/MAG+보고/NNG+함/XSV+ETN"
          },
          {
            "id": 13,
            "text": "2 : 난 봤던 거 안 봐 세상에 볼게 얼마나 많은디",
            "norm_text": "난 봤던 거 안 봐 세상에 볼게 얼마나 많은디",
            "speaker": {
              "id": "2번",
              "sex": "여성",
              "age": "20대"
            },
            "speechAct": "(단언) 주장하기",
            "morpheme": "난/NP+JX+봤/VV+EP+던/ETM+거/NNB+안/MAG+봐/VV+EC+세상/NNG+에/JKB+볼/VV+ETM+게/NNB+JKS+얼마나/MAG+많/VA+은디/EC"
          },
          {
            "id": 14,
            "text": "1 : 난 영화 도둑들 진짜 좋아하는데 백 오십 번 봄 과장 진짜 조금 보탬",
            "norm_text": "난 영화 도둑들 진짜 좋아하는데 백 오십 번 봄 과장 진짜 조금 보탬",
            "speaker": {
              "id": "1번",
              "sex": "여성",
              "age": "20대"
            },
            "speechAct": "(단언) 주장하기",
            "morpheme": "난/NP+JX+영화/NNG+도/JX+둑/NNG+들/XSN+진짜/MAG+좋/VA+아/EC+하/VV+는데/EC+백/NR+오/NR+십/NR+번/NNBC+봄/NNG+과장/NNG+진짜/MAG+조금/MAG+보탬/VV+ETN"
          },
          {
            "id": 15,
            "text": "2 : 에바지 대사 외우겠다 그 정도면; 키키",
            "norm_text": "에바지 대사 외우겠다 그 정도면; 키키",
            "speaker": {
              "id": "2번",
              "sex": "여성",
              "age": "20대"
            },
            "speechAct": "(단언) 주장하기",
            "morpheme": "에바지대사외우겠다그정도면/UNKNOWN+;/SY+키/NNG+키/XSV+ETN"
          },
          {
            "id": 16,
            "text": "1 : 영화 보면 배우들보다 내가 대사 먼저 침",
            "norm_text": "영화 보면 배우들보다 내가 대사 먼저 침",
            "speaker": {
              "id": "1번",
              "sex": "여성",
              "age": "20대"
            },
            "speechAct": "(단언) 진술하기",
            "morpheme": "영화/NNG+보/VV+면/EC+배우/NNG+들/XSN+보다/JKB+내/NP+가/JKS+대사/NNG+먼저/MAG+침/NNG"
          },
          {
            "id": 17,
            "text": "2 : 그냥 너가 배우 해라 노배웈 키키",
            "norm_text": "그냥 너가 배우 해라 노배웈 키키",
            "speaker": {
              "id": "2번",
              "sex": "여성",
              "age": "20대"
            },
            "speechAct": "(단언) 주장하기",
            "morpheme": "그냥/MAG+너/NP+가/JKS+배우/NNG+해라/XSV+EC+노배/NNG+웈키/UNKNOWN+키/NNG"
          }
        ]
      }
    }
  ]
}