{
  "dataset": {
    "identifier": 62462,
    "name": "KAKAO_920_13_set",
    "src_path": "/data/file/cubeManager/PROJECT001/53/txt20211005161349019576/KAKAO_920_13_set/",
    "label_path": "/data/file/cubeManager/PROJECT001/53/txt20211005161349019576/KAKAO_920_13_set/",
    "category": 2,
    "type": 0
  },
  "licenses": {
    "name": "Apache License 1.0",
    "url": "http://www.apache.org/licenses/LICENSE-1.0"
  },
  "info": [
    {
      "id": 41970,
      "filename": "KAKAO_920_13.txt",
      "title": "KAKAO_920_13",
      "mediatype": "SNS",
      "medianame": "카카오톡",
      "category": "일상대화",
      "date": "2021-10-05",
      "size": 495,
      "annotations": {
        "subject": "계절/날씨",
        "speaker_type": "1:1",
        "size": 495,
        "word_size": 156,
        "text": "1 : 와 여름이 엊그제 같은데 벌써 가을이네?\n2 : 이야 시간 진짜 빠르다 그래도 아직 좀 덥긴 하다\n1 : 원래 작년쯤에도 이맘때쯤이 이렇게 더웠나?\n2 : 작년엔 더 더웠던 걸로 기억하는데...\n2 : 글쎄 군대에 있어서 그랬나...?\n1 : 키키 뭔가 갈수록 여름이 더 길어지는 것 같아\n2 : 그러니까 지구온난화 때문에 그런가...?\n1 : 그런 것 같아... 나는 가을이 좀 더 길었으면 좋겠는데\n2 : 너는 어떤 계절이 가장 좋아?\n1 : 나는 가을!\n1 : 나는 극한 추움과 더움을 별로 안 좋아해\n2 : 그래? 가을이랑 봄이 사실상 가장 즐길 것도 많지\n1 : 너는 가을에 어떤 활동하는 것을 좋아해?\n2 : 아무래도 가을은 추수의 계절이기 때문에 먹는 게 가장 좋아!\n1 : 예를 들면 고구마, 감자 같은 구황작물?\n2 : 에? 고구마랑 감자는 주로 겨울에 많이 먹지 않아?\n1 : 아 그런가? 키키\n1 : 가을은 밤이나 옥수수를 많이 먹나?\n2 : 키키 그치 가을엔 감이랑 밤 같은 거 많이 먹징",
        "lines": [
          {
            "id": 1,
            "text": "1 : 와 여름이 엊그제 같은데 벌써 가을이네?",
            "norm_text": "와 여름이 엊그제 같은데 벌써 가을이네?",
            "speaker": {
              "id": "1번",
              "sex": "여성",
              "age": "20대"
            },
            "speechAct": "(단언) 진술하기",
            "morpheme": "와/IC+여름/NNG+이/JKS+엊그제/MAG+같/VA+은데/EC+벌써/MAG+가을/NNG+이/VCP+네/EF"
          },
          {
            "id": 2,
            "text": "2 : 이야 시간 진짜 빠르다 그래도 아직 좀 덥긴 하다",
            "norm_text": "이야 시간 진짜 빠르다 그래도 아직 좀 덥긴 하다",
            "speaker": {
              "id": "2번",
              "sex": "남성",
              "age": "20대"
            },
            "speechAct": "(단언) 진술하기",
            "morpheme": "이야/IC+시간/NNG+진짜/MAG+빠르/VA+다/EF+그래도/MAJ+아직/MAG+좀/MAG+덥/VA+긴/ETN+JX+하/VX+다/EC"
          },
          {
            "id": 3,
            "text": "1 : 원래 작년쯤에도 이맘때쯤이 이렇게 더웠나?",
            "norm_text": "원래 작년쯤에도 이맘때쯤이 이렇게 더웠나?",
            "speaker": {
              "id": "1번",
              "sex": "여성",
              "age": "20대"
            },
            "speechAct": "(지시) 질문하기",
            "morpheme": "원래/MAG+작년/NNG+쯤/XSN+에/JKB+도/JX+이맘때/NNG+쯤/XSN+이/JKS+이렇게/MAG+더웠/VA+EP+나/EF"
          },
          {
            "id": 4,
            "text": "2 : 작년엔 더 더웠던 걸로 기억하는데...",
            "norm_text": "작년엔 더 더웠던 걸로 기억하는데...",
            "speaker": {
              "id": "2번",
              "sex": "남성",
              "age": "20대"
            },
            "speechAct": "(단언) 진술하기",
            "morpheme": "작년/NNG+엔/JKB+JX+더/MAG+더웠/VA+EP+던/ETM+걸로/NNB+JKB+기억/NNG+하/XSV+는데/EC+./SY+./SY"
          },
          {
            "id": 5,
            "text": "2 : 글쎄 군대에 있어서 그랬나...?",
            "norm_text": "글쎄 군대에 있어서 그랬나...?",
            "speaker": {
              "id": "2번",
              "sex": "남성",
              "age": "20대"
            },
            "speechAct": "(단언) 주장하기",
            "morpheme": "글쎄/IC+군대/NNG+에/JKB+있/VV+어서/EC+그랬/VV+EP+나/EF+./SY+./SY"
          },
          {
            "id": 6,
            "text": "1 : 키키 뭔가 갈수록 여름이 더 길어지는 것 같아",
            "norm_text": "키키 뭔가 갈수록 여름이 더 길어지는 것 같아",
            "speaker": {
              "id": "1번",
              "sex": "여성",
              "age": "20대"
            },
            "speechAct": "(단언) 주장하기",
            "morpheme": "키/NNG+키/XSV+ETN+뭔가/NP+VCP+EC+갈수록/MAG+여름/NNG+이/JKS+더/MAG+길/VA+어/EC+지/VX+는/ETM+것/NNB+같/VA+아/EC"
          },
          {
            "id": 7,
            "text": "2 : 그러니까 지구온난화 때문에 그런가...?",
            "norm_text": "그러니까 지구온난화 때문에 그런가...?",
            "speaker": {
              "id": "2번",
              "sex": "남성",
              "age": "20대"
            },
            "speechAct": "(단언) 주장하기",
            "morpheme": "그러니까/MAJ+지구/NNG+온난/NNG+화/XSN+때문/NNB+에/JKB+그런가/VA+EF+./SY+./SY"
          },
          {
            "id": 8,
            "text": "1 : 그런 것 같아... 나는 가을이 좀 더 길었으면 좋겠는데",
            "norm_text": "그런 것 같아... 나는 가을이 좀 더 길었으면 좋겠는데",
            "speaker": {
              "id": "1번",
              "sex": "여성",
              "age": "20대"
            },
            "speechAct": "(단언) 주장하기",
            "morpheme": "그런/MM+것/NNB+같/VA+아/EF+./SY+나/NP+는/JX+가을/NNG+이/JKS+좀/MAG+더/MAG+길/VA+었/EP+으면/EC+좋/VA+겠/EP+는데/EC"
          },
          {
            "id": 9,
            "text": "2 : 너는 어떤 계절이 가장 좋아?",
            "norm_text": "너는 어떤 계절이 가장 좋아?",
            "speaker": {
              "id": "2번",
              "sex": "남성",
              "age": "20대"
            },
            "speechAct": "(지시) 질문하기",
            "morpheme": "너/NP+는/JX+어떤/MM+계절/NNG+이/JKS+가장/MAG+좋/VA+아/EF"
          },
          {
            "id": 10,
            "text": "1 : 나는 가을!",
            "norm_text": "나는 가을!",
            "speaker": {
              "id": "1번",
              "sex": "여성",
              "age": "20대"
            },
            "speechAct": "(단언) 주장하기",
            "morpheme": "나/NP+는/JX+가을/NNG"
          },
          {
            "id": 11,
            "text": "1 : 나는 극한 추움과 더움을 별로 안 좋아해",
            "norm_text": "나는 극한 추움과 더움을 별로 안 좋아해",
            "speaker": {
              "id": "1번",
              "sex": "여성",
              "age": "20대"
            },
            "speechAct": "(단언) 주장하기",
            "morpheme": "나/NP+는/JX+극한/VV+ETM+추움/VA+ETN+과/JKB+더움/VA+ETN+을/JKO+별로/MAG+안/MAG+좋아해/VV+EC"
          },
          {
            "id": 12,
            "text": "2 : 그래? 가을이랑 봄이 사실상 가장 즐길 것도 많지",
            "norm_text": "그래? 가을이랑 봄이 사실상 가장 즐길 것도 많지",
            "speaker": {
              "id": "2번",
              "sex": "남성",
              "age": "20대"
            },
            "speechAct": "(단언) 주장하기",
            "morpheme": "그래/IC+가을/NNG+이랑/JKB+봄/NNG+이/JKS+사실상/MAG+가장/MAG+즐길/VV+ETM+것/NNB+도/JX+많/VA+지/EC"
          },
          {
            "id": 13,
            "text": "1 : 너는 가을에 어떤 활동하는 것을 좋아해?",
            "norm_text": "너는 가을에 어떤 활동하는 것을 좋아해?",
            "speaker": {
              "id": "1번",
              "sex": "여성",
              "age": "20대"
            },
            "speechAct": "(지시) 질문하기",
            "morpheme": "너/NP+는/JX+가을/NNG+에/JKB+어떤/MM+활동/NNG+하/XSV+는/ETM+것/NNB+을/JKO+좋아해/VV+EF"
          },
          {
            "id": 14,
            "text": "2 : 아무래도 가을은 추수의 계절이기 때문에 먹는 게 가장 좋아!",
            "norm_text": "아무래도 가을은 추수의 계절이기 때문에 먹는 게 가장 좋아!",
            "speaker": {
              "id": "2번",
              "sex": "남성",
              "age": "20대"
            },
            "speechAct": "(단언) 주장하기",
            "morpheme": "아무래도/MAG+가을/NNG+은/JX+추수/NNG+의/JKG+계절/NNG+이/VCP+기/ETN+때문/NNB+에/JKB+먹/VV+는/ETM+게/NNB+JKS+가장/MAG+좋/VA+아/EF"
          },
          {
            "id": 15,
            "text": "1 : 예를 들면 고구마, 감자 같은 구황작물?",
            "norm_text": "예를 들면 고구마, 감자 같은 구황작물?",
            "speaker": {
              "id": "1번",
              "sex": "여성",
              "age": "20대"
            },
            "speechAct": "(지시) 질문하기",
            "morpheme": "예/NNG+를/JKO+들/VV+면/EC+고구마/NNG+,/SC+감자/NNG+같/VA+은/ETM+구황/NNG+작물/NNG"
          },
          {
            "id": 16,
            "text": "2 : 에? 고구마랑 감자는 주로 겨울에 많이 먹지 않아?",
            "norm_text": "에? 고구마랑 감자는 주로 겨울에 많이 먹지 않아?..",
            "speaker": {
              "id": "2번",
              "sex": "남성",
              "age": "20대"
            },
            "speechAct": "(단언) 주장하기",
            "morpheme": "에/IC+고구마/NNP+랑/JC+감자/NNG+는/JX+주로/MAG+겨울/NNG+에/JKB+많이/MAG+먹/VV+지/EC+않/VX+아/EF+./SY"
          },
          {
            "id": 17,
            "text": "1 : 아 그런가? 키키",
            "norm_text": "아 그런가? 키키",
            "speaker": {
              "id": "1번",
              "sex": "여성",
              "age": "20대"
            },
            "speechAct": "(단언) 주장하기",
            "morpheme": "아/IC+그런가/VA+EF+키/NNG+키/XSV+ETN"
          },
          {
            "id": 18,
            "text": "1 : 가을은 밤이나 옥수수를 많이 먹나?",
            "norm_text": "가을은 밤이나 옥수수를 많이 먹나?",
            "speaker": {
              "id": "1번",
              "sex": "여성",
              "age": "20대"
            },
            "speechAct": "(지시) 질문하기",
            "morpheme": "가을/NNG+은/JX+밤/NNG+이나/JC+옥수수/NNG+를/JKO+많이/MAG+먹/VV+나/EF"
          },
          {
            "id": 19,
            "text": "2 : 키키 그치 가을엔 감이랑 밤 같은 거 많이 먹징",
            "norm_text": "키키 그치 가을엔 감이랑 밤 같은 거 많이 먹징",
            "speaker": {
              "id": "2번",
              "sex": "남성",
              "age": "20대"
            },
            "speechAct": "(단언) 주장하기",
            "morpheme": "키/NNG+키/XSV+ETN+그치/IC+가을/NNG+엔/JKB+JX+감/NNG+이랑/JKB+밤/NNG+같/VA+은/ETM+거/NNB+많이/MAG+먹/VV+징/EF"
          }
        ]
      }
    }
  ]
}