{
  "dataset": {
    "identifier": 45755,
    "name": "KAKAO_907_14_set",
    "src_path": "/data/file/cubeManager/PROJECT001/53/txt202110051548560751101/KAKAO_907_14_set/",
    "label_path": "/data/file/cubeManager/PROJECT001/53/txt202110051548560751101/KAKAO_907_14_set/",
    "category": 2,
    "type": 0
  },
  "licenses": {
    "name": "Apache License 1.0",
    "url": "http://www.apache.org/licenses/LICENSE-1.0"
  },
  "info": [
    {
      "id": 41731,
      "filename": "KAKAO_907_14.txt",
      "title": "KAKAO_907_14",
      "mediatype": "SNS",
      "medianame": "카카오톡",
      "category": "일상대화",
      "date": "2021-10-05",
      "size": 571,
      "annotations": {
        "subject": "사회이슈",
        "speaker_type": "1:1",
        "size": 571,
        "word_size": 178,
        "text": "1 : 요즘 우리나라에 왜 이렇게 무섭고 이상한 일이 많이 일어나냐?\n2 : 세상이 너무 흉흉하지 않냐?\n2 : 강력 범죄 넘 많음\n1 : 응응 무서워서 밤에도 잘 못 다니겠어\n2 : 맨날 뉴스 키면 어두운 소식밖에 없어서 뉴스 잘 안 보게 되더라\n1 : 얼마 전에도 살인 사건이고 성폭행 사건이고… 이게 맞는 거냐?\n2 : 점점 터지는 사건들이 너무 정도가 심해짐\n1 : 한동안 별거 없다가 요새 왜 이렇게 난리인지...\n2 : 음주운전 관련된 거도 넘 많고...\n2 : 술 먹으면 운전 못하게 장치를 해야 돼\n1 : 대만인가? 음주 운전해서 걸리면 아예 그런 사람들은 번호판을 다르게 설치한대\n2 : 그럼 약간 쪽팔리기도 하면서 주변 사람들이 손가락질하는 걸 노린 건가?\n1 : 응응 그런 듯? 우리 너무 음주운전에 관대하지 않냐?\n2 : 벌금만 내면 끝이니까 ㅜ\n2 : 면허 정지돼도 다시 따고 이러면 반복이다\n1 : 진짜로 ㅡㅡ 음주 운전자들은 잠재적 살인마야\n2 : 좀 심각성을 모르나 봐... 후 진짜 열 받네 갑자기\n1 : 열 받을 만하지 ㅡㅡ\n1 : 대리비가 그렇게 아까우면 술을 먹지 말든지\n2 : 인정 아니면 택시 타고 가면 되잖아 어휴",
        "lines": [
          {
            "id": 1,
            "text": "1 : 요즘 우리나라에 왜 이렇게 무섭고 이상한 일이 많이 일어나냐?",
            "norm_text": "요즘 우리나라에 왜 이렇게 무섭고 이상한 일이 많이 일어나냐?",
            "speaker": {
              "id": "1번",
              "sex": "여성",
              "age": "20대"
            },
            "speechAct": "(지시) 질문하기",
            "morpheme": "요즘/MAG+우리/NP+나라/NNG+에/JKB+왜/MAG+이렇게/MAG+무섭/VA+고/EC+이상/NNG+한/XSA+ETM+일/NNG+이/JKS+많이/MAG+일어나/VV+냐/EF"
          },
          {
            "id": 2,
            "text": "2 : 세상이 너무 흉흉하지 않냐?",
            "norm_text": "세상이 너무 흉흉하지 않냐?",
            "speaker": {
              "id": "2번",
              "sex": "여성",
              "age": "20대"
            },
            "speechAct": "(지시) 질문하기",
            "morpheme": "세상/NNG+이/JKS+너무/MAG+흉흉/XR+하/XSA+지/EC+않/VX+냐/EF"
          },
          {
            "id": 3,
            "text": "2 : 강력 범죄 넘 많음",
            "norm_text": "강력 범죄 넘 많음",
            "speaker": {
              "id": "2번",
              "sex": "여성",
              "age": "20대"
            },
            "speechAct": "(단언) 주장하기",
            "morpheme": "강력범죄넘많음/UNKNOWN"
          },
          {
            "id": 4,
            "text": "1 : 응응 무서워서 밤에도 잘 못 다니겠어",
            "norm_text": "응응 무서워서 밤에도 잘 못 다니겠어",
            "speaker": {
              "id": "1번",
              "sex": "여성",
              "age": "20대"
            },
            "speechAct": "(단언) 주장하기",
            "morpheme": "응/IC+응/IC+무서워서/VA+EC+밤/NNG+에/JKB+도/JX+잘못/MAG+다니/VV+겠/EP+어/EC"
          },
          {
            "id": 5,
            "text": "2 : 맨날 뉴스 키면 어두운 소식밖에 없어서 뉴스 잘 안 보게 되더라",
            "norm_text": "맨날 뉴스 키면 어두운 소식밖에 없어서 뉴스 잘 안 보게 되더라",
            "speaker": {
              "id": "2번",
              "sex": "여성",
              "age": "20대"
            },
            "speechAct": "(단언) 주장하기",
            "morpheme": "맨날/MAG+뉴스/NNG+키/VV+면/EC+어두운/VA+ETM+소식/NNG+밖에/JX+없/VA+어서/EC+뉴스/NNG+잘/MAG+안/MAG+보/VV+게/EC+되/VV+더라/EC"
          },
          {
            "id": 6,
            "text": "1 : 얼마 전에도 살인 사건이고 성폭행 사건이고… 이게 맞는 거냐?",
            "norm_text": "얼마 전에도 살인 사건이고 성폭행 사건이고… 이게 맞는 거냐?",
            "speaker": {
              "id": "1번",
              "sex": "여성",
              "age": "20대"
            },
            "speechAct": "(지시) 질문하기",
            "morpheme": "얼마/NNG+전/NNG+에/JKB+도/JX+살인/NNG+사건/NNG+이/VCP+고/EC+성폭행/NNG+사건/NNG+이/VCP+고/EC+…/SE+이게/NP+JKS+맞/VV+는/ETM+거/NNB+냐/VCP+EF"
          },
          {
            "id": 7,
            "text": "2 : 점점 터지는 사건들이 너무 정도가 심해짐",
            "norm_text": "점점 터지는 사건들이 너무 정도가 심해짐",
            "speaker": {
              "id": "2번",
              "sex": "여성",
              "age": "20대"
            },
            "speechAct": "(단언) 주장하기",
            "morpheme": "점점/MAG+터지/VV+는/ETM+사건/NNG+들/XSN+이/JKS+너무/MAG+정도/NNG+가/JKS+심해짐/VA+EC+VX+ETN"
          },
          {
            "id": 8,
            "text": "1 : 한동안 별거 없다가 요새 왜 이렇게 난리인지...",
            "norm_text": "한동안 별거 없다가 요새 왜 이렇게 난리인지...",
            "speaker": {
              "id": "1번",
              "sex": "여성",
              "age": "20대"
            },
            "speechAct": "(단언) 주장하기",
            "morpheme": "한/MM+동안/NNG+별거/NNG+없/VA+다가/EC+요새/MAG+왜/MAG+이렇게/MAG+난리/NNG+인지/VCP+EC+./SY+./SY"
          },
          {
            "id": 9,
            "text": "2 : 음주운전 관련된 거도 넘 많고...",
            "norm_text": "음주운전 관련된 거도 넘 많고...",
            "speaker": {
              "id": "2번",
              "sex": "여성",
              "age": "20대"
            },
            "speechAct": "(단언) 주장하기",
            "morpheme": "음주운전/NNP+관련/NNG+된/XSV+ETM+거/NNB+도/JX+넘/MAG+많/VA+고/EC+./SY+./SY"
          },
          {
            "id": 10,
            "text": "2 : 술 먹으면 운전 못하게 장치를 해야 돼",
            "norm_text": "술 먹으면 운전 못하게 장치를 해야 돼",
            "speaker": {
              "id": "2번",
              "sex": "여성",
              "age": "20대"
            },
            "speechAct": "(단언) 주장하기",
            "morpheme": "술/NNG+먹/VV+으면/EC+운전/NNG+못/MAG+하/VV+게/EC+장치/NNG+를/JKO+해야/VV+EC+돼/VV+EC"
          },
          {
            "id": 11,
            "text": "1 : 대만인가? 음주 운전해서 걸리면 아예 그런 사람들은 번호판을 다르게 설치한대",
            "norm_text": "대만인가? 음주 운전해서 걸리면 아예 그런 사람들은 번호판을 다르게 설치한대",
            "speaker": {
              "id": "1번",
              "sex": "여성",
              "age": "20대"
            },
            "speechAct": "(단언) 주장하기",
            "morpheme": "대만/NNP+인가/VCP+EF+음주운전/NNP+해서/VV+EC+걸리/VV+면/EC+아예/MAG+그런/MM+사람/NNG+들/XSN+은/JX+번호판/NNG+을/JKO+다르/VA+게/EC+설치/NNG+한대/NNG"
          },
          {
            "id": 12,
            "text": "2 : 그럼 약간 쪽팔리기도 하면서 주변 사람들이 손가락질하는 걸 노린 건가?",
            "norm_text": "그럼 약간 쪽팔리기도 하면서 주변 사람들이 손가락질하는 걸 노린 건가?",
            "speaker": {
              "id": "2번",
              "sex": "여성",
              "age": "20대"
            },
            "speechAct": "(지시) 질문하기",
            "morpheme": "그럼/MAJ+약간/MAG+쪽팔리/VV+기/ETN+도/JX+하/VV+면서/EC+주변/NNG+사람/NNG+들/XSN+이/JKS+손가락/NNG+질/XSN+하/XSV+는/ETM+걸/NNB+JKO+노린/VV+ETM+건가/NNB+VCP+EF"
          },
          {
            "id": 13,
            "text": "1 : 응응 그런 듯? 우리 너무 음주운전에 관대하지 않냐?",
            "norm_text": "응응 그런 듯? 우리 너무 음주운전에 관대하지 않냐?",
            "speaker": {
              "id": "1번",
              "sex": "여성",
              "age": "20대"
            },
            "speechAct": "(단언) 주장하기",
            "morpheme": "응/IC+응/IC+그런/MM+듯/NNB+우리/NP+너무/MAG+음주운전/NNP+에/JKB+관대/XR+하/XSA+지/EC+않/VX+냐/EF"
          },
          {
            "id": 14,
            "text": "2 : 벌금만 내면 끝이니까 ㅜ",
            "norm_text": "벌금만 내면 끝이니까 ㅜ",
            "speaker": {
              "id": "2번",
              "sex": "여성",
              "age": "20대"
            },
            "speechAct": "(단언) 주장하기",
            "morpheme": "벌금/NNG+만/JX+내/VV+면/EC+끝/NNG+이/VCP+니까/EC+ㅜ/UNKNOWN"
          },
          {
            "id": 15,
            "text": "2 : 면허 정지돼도 다시 따고 이러면 반복이다",
            "norm_text": "면허 정지돼도 다시 따고 이러면 반복이다",
            "speaker": {
              "id": "2번",
              "sex": "여성",
              "age": "20대"
            },
            "speechAct": "(단언) 주장하기",
            "morpheme": "면허/NNG+정지/NNG+돼도/XSV+EC+다시/MAG+따/VV+고/EC+이러/VV+면/EC+반복/NNG+이/VCP+다/EC"
          },
          {
            "id": 16,
            "text": "1 : 진짜로 ㅡㅡ 음주 운전자들은 잠재적 살인마야",
            "norm_text": "진짜로 ㅡㅡ 음주 운전자들은 잠재적 살인마야",
            "speaker": {
              "id": "1번",
              "sex": "여성",
              "age": "20대"
            },
            "speechAct": "(단언) 주장하기",
            "morpheme": "진짜/NNG+로/JKB+ㅡㅡ/UNKNOWN+음주/NNG+운전자/NNG+들/XSN+은/JX+잠재/NNG+적/XSN+살인/NNG+마야/NNG"
          },
          {
            "id": 17,
            "text": "2 : 좀 심각성을 모르나 봐... 후 진짜 열 받네 갑자기",
            "norm_text": "좀 심각성을 모르나 봐... 후 진짜 열 받네 갑자기",
            "speaker": {
              "id": "2번",
              "sex": "여성",
              "age": "20대"
            },
            "speechAct": "(단언) 주장하기",
            "morpheme": "좀/MAG+심각/XR+성/XSN+을/JKO+모르/VV+나/EC+봐/VX+EF+./SY+후/IC+진짜/MAG+열받/VV+네/EF+갑자기/MAG"
          },
          {
            "id": 18,
            "text": "1 : 열 받을 만하지 ㅡㅡ",
            "norm_text": "열 받을 만하지 ㅡㅡ",
            "speaker": {
              "id": "1번",
              "sex": "여성",
              "age": "20대"
            },
            "speechAct": "(단언) 주장하기",
            "morpheme": "열받을만하지ㅡㅡ/UNKNOWN"
          },
          {
            "id": 19,
            "text": "1 : 대리비가 그렇게 아까우면 술을 먹지 말든지",
            "norm_text": "대리비가 그렇게 아까우면 술을 먹지 말든지",
            "speaker": {
              "id": "1번",
              "sex": "여성",
              "age": "20대"
            },
            "speechAct": "(단언) 주장하기",
            "morpheme": "대리비/NNG+가/JKS+그렇게/MAG+아까우/VA+면/EC+술/NNG+을/JKO+먹/VV+지/EC+말/VX+든지/EC"
          },
          {
            "id": 20,
            "text": "2 : 인정 아니면 택시 타고 가면 되잖아 어휴",
            "norm_text": "인정 아니면 택시 타고 가면 되잖아 어휴",
            "speaker": {
              "id": "2번",
              "sex": "여성",
              "age": "20대"
            },
            "speechAct": "(단언) 주장하기",
            "morpheme": "인정/NNG+아니/VCN+면/EC+택시/NNG+타/VV+고/EC+가/VX+면/EC+되/VV+잖아/EF+어휴/IC"
          }
        ]
      }
    }
  ]
}