{
  "dataset": {
    "identifier": 45578,
    "name": "KAKAO_917_05_set",
    "src_path": "/data/file/cubeManager/PROJECT001/53/txt20211005154939015345/KAKAO_917_05_set/",
    "label_path": "/data/file/cubeManager/PROJECT001/53/txt20211005154939015345/KAKAO_917_05_set/",
    "category": 2,
    "type": 0
  },
  "licenses": {
    "name": "Apache License 1.0",
    "url": "http://www.apache.org/licenses/LICENSE-1.0"
  },
  "info": [
    {
      "id": 41762,
      "filename": "KAKAO_917_05.txt",
      "title": "KAKAO_917_05",
      "mediatype": "SNS",
      "medianame": "카카오톡",
      "category": "일상대화",
      "date": "2021-10-05",
      "size": 396,
      "annotations": {
        "subject": "군대",
        "speaker_type": "1:1",
        "size": 396,
        "word_size": 140,
        "text": "1 : 니는 군대 생활 막 했다 그랬제? 키키\n2 : 어 군대 생각하기도 싫타\n1 : 키키 군대는 상상이 안 간다\n2 : 키키 니 가라 하면 갈 수 있겠나?\n1 : 음... 2년 가야 되나? 키키\n2 : 지금 1년 6개월 아니가?\n1 : 아 그런가? 키키 1년 6개월... 못 갈 것 같은데\n2 : 1억 준다고 하면?\n1 : 그래도 안 간다 키키\n1 : 선택지는 있잖아\n2 : 키키 나는 1억 준다 하면 간다\n1 : 키키 나는 못 갈 것 같다\n1 : 1억을 벌래 그냥\n2 : 2년 동안 1억 벌 수 있음?\n1 : 키키 못 벌어도 군대 가는 것보다는 나을 것 같다\n2 : 키키 나도 여자로 태어났으면 군대 안 갔겠지\n1 : 그건 당연하지 키키 남자들도 선택지가 있으면 좋을 텐데\n2 : 맞다 남자들끼리 모이면 군대 얘기는 꼭 나오는 거 같다",
        "lines": [
          {
            "id": 1,
            "text": "1 : 니는 군대 생활 막 했다 그랬제? 키키",
            "norm_text": "니는 군대 생활 막 했다 그랬제? 키키",
            "speaker": {
              "id": "1번",
              "sex": "여성",
              "age": "20대"
            },
            "speechAct": "(지시) 질문하기",
            "morpheme": "니/NP+는/JX+군대/NNG+생활/NNG+막/NNG+했/XSV+EP+다/EC+그랬/VV+EP+제/EF+키/NNG+키/XSV+ETN"
          },
          {
            "id": 2,
            "text": "2 : 어 군대 생각하기도 싫타",
            "norm_text": "어 군대 생각하기도 싫타",
            "speaker": {
              "id": "2번",
              "sex": "남성",
              "age": "30대"
            },
            "speechAct": "(단언) 진술하기",
            "morpheme": "어/IC+군대/NNG+생각/NNG+하/XSV+기/ETN+도/JX+싫/VA+타/VV+EC"
          },
          {
            "id": 3,
            "text": "1 : 키키 군대는 상상이 안 간다",
            "norm_text": "키키 군대는 상상이 안 간다",
            "speaker": {
              "id": "1번",
              "sex": "여성",
              "age": "20대"
            },
            "speechAct": "(단언) 진술하기",
            "morpheme": "키/NNG+키/NNG+군대/NNG+는/JX+상상/NNG+이/JKS+안/MAG+간다/VV+EC"
          },
          {
            "id": 4,
            "text": "2 : 키키 니 가라 하면 갈 수 있겠나?",
            "norm_text": "키키 니 가라 하면 갈 수 있겠나?",
            "speaker": {
              "id": "2번",
              "sex": "남성",
              "age": "30대"
            },
            "speechAct": "(지시) 질문하기",
            "morpheme": "키/NNG+키/VV+니/EC+가/VX+라/EC+하/VV+면/EC+갈/VX+ETM+수/NNB+있/VV+겠/EP+나/EF"
          },
          {
            "id": 5,
            "text": "1 : 음... 2년 가야 되나? 키키",
            "norm_text": "음... 2년 가야 되나? 키키",
            "speaker": {
              "id": "1번",
              "sex": "여성",
              "age": "20대"
            },
            "speechAct": "(지시) 질문하기",
            "morpheme": "음/IC+./SY+./SY+2/SN+년/NNBC+가/VV+야/EC+되/VV+나/EF+키/NNG+키/XSV+ETN"
          },
          {
            "id": 6,
            "text": "2 : 지금 1년 6개월 아니가?",
            "norm_text": "지금 1년 6개월 아니가?",
            "speaker": {
              "id": "2번",
              "sex": "남성",
              "age": "30대"
            },
            "speechAct": "(지시) 질문하기",
            "morpheme": "지금/MAG+1/SN+년/NNBC+6/SN+개월/NNBC+아니/VCN+가/EF"
          },
          {
            "id": 7,
            "text": "1 : 아 그런가? 키키 1년 6개월... 못 갈 것 같은데",
            "norm_text": "아 그런가? 키키 1년 6개월... 못 갈 것 같은데",
            "speaker": {
              "id": "1번",
              "sex": "여성",
              "age": "20대"
            },
            "speechAct": "(단언) 진술하기",
            "morpheme": "아/IC+그런가/VA+EF+키/NNG+키/XSV+ETN+1/SN+년/NNBC+6/SN+개월/NNBC+./SY+못/MAG+갈/VV+ETM+것/NNB+같/VA+은데/EC"
          },
          {
            "id": 8,
            "text": "2 : 1억 준다고 하면?",
            "norm_text": "1억 준다고 하면?",
            "speaker": {
              "id": "2번",
              "sex": "남성",
              "age": "30대"
            },
            "speechAct": "(지시) 질문하기",
            "morpheme": "1/SN+억/NR+준다고/VV+EC+하/VV+면/EC"
          },
          {
            "id": 9,
            "text": "1 : 그래도 안 간다 키키",
            "norm_text": "그래도 안 간다 키키",
            "speaker": {
              "id": "1번",
              "sex": "여성",
              "age": "20대"
            },
            "speechAct": "(단언) 진술하기",
            "morpheme": "그래도/MAJ+안/MAG+간/VV+ETM+다키키/NNP"
          },
          {
            "id": 10,
            "text": "1 : 선택지는 있잖아",
            "norm_text": "선택지는 있잖아",
            "speaker": {
              "id": "1번",
              "sex": "여성",
              "age": "20대"
            },
            "speechAct": "(단언) 진술하기",
            "morpheme": "선택지/NNG+는/JX+있/VX+잖아/EC"
          },
          {
            "id": 11,
            "text": "2 : 키키 나는 1억 준다 하면 간다",
            "norm_text": "키키 나는 1억 준다 하면 간다",
            "speaker": {
              "id": "2번",
              "sex": "남성",
              "age": "30대"
            },
            "speechAct": "(단언) 진술하기",
            "morpheme": "키/NNG+키나/XSA+ETN+JX+는/JX+1/SN+억/NR+준다/VV+EC+하/VV+면/EC+간다/VX+EC"
          },
          {
            "id": 12,
            "text": "1 : 키키 나는 못 갈 것 같다",
            "norm_text": "키키 나는 못 갈 것 같다",
            "speaker": {
              "id": "1번",
              "sex": "여성",
              "age": "20대"
            },
            "speechAct": "(단언) 진술하기",
            "morpheme": "키/NNG+키나/XSA+ETN+JX+는/JX+못/MAG+갈/VV+ETM+것/NNB+같/VA+다/EC"
          },
          {
            "id": 13,
            "text": "1 : 1억을 벌래 그냥",
            "norm_text": "1억을 벌래 그냥",
            "speaker": {
              "id": "1번",
              "sex": "여성",
              "age": "20대"
            },
            "speechAct": "(단언) 진술하기",
            "morpheme": "1/SN+억/NR+을/JKO+벌/VV+래/EF+그냥/MAG"
          },
          {
            "id": 14,
            "text": "2 : 2년 동안 1억 벌 수 있음?",
            "norm_text": "2년 동안 1억 벌 수 있음?",
            "speaker": {
              "id": "2번",
              "sex": "남성",
              "age": "30대"
            },
            "speechAct": "(지시) 질문하기",
            "morpheme": "2/SN+년/NNBC+동안/NNG+1/SN+억/NR+벌수/NNG+있/VV+음/ETN"
          },
          {
            "id": 15,
            "text": "1 : 키키 못 벌어도 군대 가는 것보다는 나을 것 같다",
            "norm_text": "키키 못 벌어도 군대 가는 것보다는 나을 것 같다",
            "speaker": {
              "id": "1번",
              "sex": "여성",
              "age": "20대"
            },
            "speechAct": "(단언) 진술하기",
            "morpheme": "키/NNG+키/NNG+못/MAG+벌/VV+어도/EC+군대/NNG+가/VV+는/ETM+것/NNB+보다/JKB+는/JX+나을/VA+ETM+것/NNB+같/VA+다/EC"
          },
          {
            "id": 16,
            "text": "2 : 키키 나도 여자로 태어났으면 군대 안 갔겠지",
            "norm_text": "키키 나도 여자로 태어났으면 군대 안 갔겠지",
            "speaker": {
              "id": "2번",
              "sex": "남성",
              "age": "30대"
            },
            "speechAct": "(단언) 진술하기",
            "morpheme": "키/NNG+키나/XSA+ETN+JX+도/JX+여자/NNG+로/JKB+태어났으면/VV+EP+EC+군대/NNG+안/MAG+갔/VV+EP+겠/EP+지/EC"
          },
          {
            "id": 17,
            "text": "1 : 그건 당연하지 키키 남자들도 선택지가 있으면 좋을 텐데",
            "norm_text": "그건 당연하지 키키 남자들도 선택지가 있으면 좋을 텐데",
            "speaker": {
              "id": "1번",
              "sex": "여성",
              "age": "20대"
            },
            "speechAct": "(단언) 진술하기",
            "morpheme": "그건/NP+JX+당연/XR+하/XSA+지/EC+키/NNG+키/NNG+남자/NNG+들/XSN+도/JX+선택지/NNG+가/JKS+있/VA+으면/EC+좋/VA+을/ETM+텐데/NNB+VCP+EC"
          },
          {
            "id": 18,
            "text": "2 : 맞다 남자들끼리 모이면 군대 얘기는 꼭 나오는 거 같다",
            "norm_text": "맞다 남자들끼리 모이면 군대 얘기는 꼭 나오는 거 같다",
            "speaker": {
              "id": "2번",
              "sex": "남성",
              "age": "30대"
            },
            "speechAct": "(단언) 진술하기",
            "morpheme": "맞/VV+다/EC+남자/NNG+들/XSN+끼리/XSN+모이/VV+면/EC+군대/NNG+얘기/NNG+는/JX+꼭/MAG+나오/VV+는/ETM+거/NNB+같/VA+다/EC"
          }
        ]
      }
    }
  ]
}