{
  "dataset": {
    "identifier": 63674,
    "name": "KAKAO_907_19_set",
    "src_path": "/data/file/cubeManager/PROJECT001/53/txt20211005154856079150/KAKAO_907_19_set/",
    "label_path": "/data/file/cubeManager/PROJECT001/53/txt20211005154856079150/KAKAO_907_19_set/",
    "category": 2,
    "type": 0
  },
  "licenses": {
    "name": "Apache License 1.0",
    "url": "http://www.apache.org/licenses/LICENSE-1.0"
  },
  "info": [
    {
      "id": 41736,
      "filename": "KAKAO_907_19.txt",
      "title": "KAKAO_907_19",
      "mediatype": "SNS",
      "medianame": "카카오톡",
      "category": "일상대화",
      "date": "2021-10-05",
      "size": 483,
      "annotations": {
        "subject": "방송/연예",
        "speaker_type": "1:1",
        "size": 483,
        "word_size": 159,
        "text": "1 : 야 니 꼬꼬무라고 들어 봄?\n2 : 꼬꼬무라면 유투브 채널 말하는 거 맞지?\n1 : 유투브에도 올라가고 티비에서도 하거든? 진심 존잼이야\n2 : 그게 꼬리에 꼬리를 무는 이야기였나?\n1 : 응응 약간 썰 푸는 듯한 느낌인데 소재들이 잼남\n2 : 니 그런 거 엄청 좋아하잖아 키키 재밌긴 한 듯\n1 : 나 한 번에 8편씩 보고 그래\n2 : 나도 저번에 알고리즘으로 봤는데 재밌더라\n1 : 니 무슨 편 봤어?\n1 : 나 거의 다 암\n2 : 정확히 생각은 안 나는데 어떤 살인마 이야기였음\n1 : 그런 거도 짱 많고 정치적 이슈 같은 거도 풀어줘서 재밌는 듯 하하\n2 : 난 거기 진행 방식이 좀 신박하더라?\n1 : 난 다 좋은데 그 진행 방식이 너무 별로야\n2 : 의문이긴 하다 왜 굳이 여러 명이 같은 이야기를 하는 거지?\n1 : 그치? 한 명 이야기 집중하다가 갑자기 다른 톤의 화자가 나오면 난 집중이 깨지더라고?\n2 : 그니깐 ㅜ 근데 생각난 김에 하나 봐야겠다\n2 : 좀 심심하거든",
        "lines": [
          {
            "id": 1,
            "text": "1 : 야 니 꼬꼬무라고 들어 봄?",
            "norm_text": "야 니 꼬꼬무라고 들어 봄?",
            "speaker": {
              "id": "1번",
              "sex": "여성",
              "age": "20대"
            },
            "speechAct": "(단언) 주장하기",
            "morpheme": "야/IC+니/NP+꼬꼬/MAG+무/VV+라고/EC+들/VV+어/EC+봄/VX+ETN"
          },
          {
            "id": 2,
            "text": "2 : 꼬꼬무라면 유투브 채널 말하는 거 맞지?",
            "norm_text": "꼬꼬무라면 유투브 채널 말하는 거 맞지?",
            "speaker": {
              "id": "2번",
              "sex": "여성",
              "age": "20대"
            },
            "speechAct": "(단언) 주장하기",
            "morpheme": "꼬꼬/MAG+무/VV+라면/EC+유투/NNP+브/NNP+채널/NNG+말/NNG+하/XSV+는/ETM+거/NNB+맞/VV+지/EF"
          },
          {
            "id": 3,
            "text": "1 : 유투브에도 올라가고 티비에서도 하거든? 진심 존잼이야",
            "norm_text": "유투브에도 올라가고 티비에서도 하거든? 진심 존잼이야",
            "speaker": {
              "id": "1번",
              "sex": "여성",
              "age": "20대"
            },
            "speechAct": "(단언) 주장하기",
            "morpheme": "유투/NNP+브/NNP+에/JKB+도/JX+올라가/VV+고/EC+티비/NNG+에서/JKB+도/JX+하/VV+거든/EF+진심/NNG+존/NNP+잼/NNG+이/VCP+야/EC"
          },
          {
            "id": 4,
            "text": "2 : 그게 꼬리에 꼬리를 무는 이야기였나?",
            "norm_text": "그게 꼬리에 꼬리를 무는 이야기였나?",
            "speaker": {
              "id": "2번",
              "sex": "여성",
              "age": "20대"
            },
            "speechAct": "(지시) 질문하기",
            "morpheme": "그게/NP+JKS+꼬리/NNG+에/JKB+꼬리/NNG+를/JKO+무/VV+는/ETM+이야기/NNG+였/VCP+EP+나/EF"
          },
          {
            "id": 5,
            "text": "1 : 응응 약간 썰 푸는 듯한 느낌인데 소재들이 잼남",
            "norm_text": "응응 약간 썰 푸는 듯한 느낌인데 소재들이 잼남",
            "speaker": {
              "id": "1번",
              "sex": "여성",
              "age": "20대"
            },
            "speechAct": "(단언) 주장하기",
            "morpheme": "응/IC+응/IC+약간/MAG+썰/VV+ETM+푸/NNG+는/JX+듯한/VX+ETM+느낌/NNG+인데/VCP+EC+소재/NNG+들/XSN+이/JKS+잼/NNG+남/NNG"
          },
          {
            "id": 6,
            "text": "2 : 니 그런 거 엄청 좋아하잖아 키키 재밌긴 한 듯",
            "norm_text": "니 그런 거 엄청 좋아하잖아 키키 재밌긴 한 듯",
            "speaker": {
              "id": "2번",
              "sex": "여성",
              "age": "20대"
            },
            "speechAct": "(단언) 주장하기",
            "morpheme": "니/MM+그런/MM+거/NNB+엄청/MAG+좋/VA+아/EC+하/VV+잖아/EC+키/NNG+키/XSV+ETN+재밌/VA+긴/ETN+JX+한/VX+ETM+듯/NNB"
          },
          {
            "id": 7,
            "text": "1 : 나 한 번에 8편씩 보고 그래",
            "norm_text": "나 한 번에 8편씩 보고 그래",
            "speaker": {
              "id": "1번",
              "sex": "여성",
              "age": "20대"
            },
            "speechAct": "(단언) 진술하기",
            "morpheme": "나/NP+한/MM+번/NNBC+에/JKB+8/SN+편/NNBC+씩/XSN+보/VV+고/EC+그래/VV+EC"
          },
          {
            "id": 8,
            "text": "2 : 나도 저번에 알고리즘으로 봤는데 재밌더라",
            "norm_text": "나도 저번에 알고리즘으로 봤는데 재밌더라",
            "speaker": {
              "id": "2번",
              "sex": "여성",
              "age": "20대"
            },
            "speechAct": "(단언) 주장하기",
            "morpheme": "나/NP+도/JX+저번/NNG+에/JKB+알고리즘/NNG+으로/JKB+봤/VV+EP+는데/EC+재밌/VA+더라/EC"
          },
          {
            "id": 9,
            "text": "1 : 니 무슨 편 봤어?",
            "norm_text": "니 무슨 편 봤어?",
            "speaker": {
              "id": "1번",
              "sex": "여성",
              "age": "20대"
            },
            "speechAct": "(지시) 질문하기",
            "morpheme": "니/MM+무슨/MM+편/NNG+봤/VV+EP+어/EF"
          },
          {
            "id": 10,
            "text": "1 : 나 거의 다 암",
            "norm_text": "나 거의 다 암",
            "speaker": {
              "id": "1번",
              "sex": "여성",
              "age": "20대"
            },
            "speechAct": "(단언) 주장하기",
            "morpheme": "나/NP+거의/MAG+다/MAG+암/NNG"
          },
          {
            "id": 11,
            "text": "2 : 정확히 생각은 안 나는데 어떤 살인마 이야기였음",
            "norm_text": "정확히 생각은 안 나는데 어떤 살인마 이야기였음",
            "speaker": {
              "id": "2번",
              "sex": "여성",
              "age": "20대"
            },
            "speechAct": "(단언) 진술하기",
            "morpheme": "정확히/MAG+생각/NNG+은/JX+안/MAG+나/VV+는데/EC+어떤/MM+살인마/NNG+이야기/NNG+였/VCP+EP+음/ETN"
          },
          {
            "id": 12,
            "text": "1 : 그런 거도 짱 많고 정치적 이슈 같은 거도 풀어줘서 재밌는 듯 하하",
            "norm_text": "그런 거도 짱 많고 정치적 이슈 같은 거도 풀어줘서 재밌는 듯 하하",
            "speaker": {
              "id": "1번",
              "sex": "여성",
              "age": "20대"
            },
            "speechAct": "(단언) 주장하기",
            "morpheme": "그런/MM+거/NNB+도/JX+짱/MAG+많/VA+고/EC+정치/NNG+적/XSN+이/VCP+슈/EC+같/VA+은/ETM+거/NNB+도/JX+풀/VV+어/EC+줘서/VX+EC+재밌/VA+는/ETM+듯/NNB+하/XSA+하/XSA"
          },
          {
            "id": 13,
            "text": "2 : 난 거기 진행 방식이 좀 신박하더라?",
            "norm_text": "난 거기 진행 방식이 좀 신박하더라?",
            "speaker": {
              "id": "2번",
              "sex": "여성",
              "age": "20대"
            },
            "speechAct": "(단언) 주장하기",
            "morpheme": "난/NP+JX+거기/NP+진행/NNG+방식/NNG+이/JKS+좀/MAG+신박/NNG+하/XSA+더라/EF"
          },
          {
            "id": 14,
            "text": "1 : 난 다 좋은데 그 진행 방식이 너무 별로야",
            "norm_text": "난 다 좋은데 그 진행 방식이 너무 별로야",
            "speaker": {
              "id": "1번",
              "sex": "여성",
              "age": "20대"
            },
            "speechAct": "(단언) 주장하기",
            "morpheme": "난/NP+JX+다/MAG+좋/VA+은데/EC+그/MM+진행/NNG+방식/NNG+이/JKS+너무/MAG+별로/MAG+야/IC"
          },
          {
            "id": 15,
            "text": "2 : 의문이긴 하다 왜 굳이 여러 명이 같은 이야기를 하는 거지?",
            "norm_text": "의문이긴 하다 왜 굳이 여러 명이 같은 이야기를 하는 거지?",
            "speaker": {
              "id": "2번",
              "sex": "여성",
              "age": "20대"
            },
            "speechAct": "(단언) 주장하기",
            "morpheme": "의문/NNG+이/VCP+긴/ETN+JX+하/VX+다/EF+왜/MAG+굳이/MAG+여러/MM+명/NNBC+이/JKS+같/VA+은/ETM+이야기/NNG+를/JKO+하/VV+는/ETM+거/NNB+지/VCP+EF"
          },
          {
            "id": 16,
            "text": "1 : 그치? 한 명 이야기 집중하다가 갑자기 다른 톤의 화자가 나오면 난 집중이 깨지더라고?",
            "norm_text": "그치? 한 명 이야기 집중하다가 갑자기 다른 톤의 화자가 나오면 난 집중이 깨지더라고?",
            "speaker": {
              "id": "1번",
              "sex": "여성",
              "age": "20대"
            },
            "speechAct": "(단언) 주장하기",
            "morpheme": "그치/IC+한/MM+명/NNBC+이야기/NNG+집중/NNG+하/XSV+다가/EC+갑자기/MAG+다른/MM+톤/NNG+의/JKG+화자/NNG+가/JKS+나오/VV+면/EC+난/VX+ETM+집중/NNG+이/JKS+깨지/VV+더라고/EF"
          },
          {
            "id": 17,
            "text": "2 : 그니깐 ㅜ 근데 생각난 김에 하나 봐야겠다",
            "norm_text": "그니깐 ㅜ 근데 생각난 김에 하나 봐야겠다",
            "speaker": {
              "id": "2번",
              "sex": "여성",
              "age": "20대"
            },
            "speechAct": "(단언) 주장하기",
            "morpheme": "그니깐/MAJ+ㅜ근/UNKNOWN+데/NNB+생각난/VV+ETM+김/NNB+에/JKB+하/VV+나/EC+봐야/VX+EC+VV+겠/EP+다/EC"
          },
          {
            "id": 18,
            "text": "2 : 좀 심심하거든",
            "norm_text": "좀 심심하거든",
            "speaker": {
              "id": "2번",
              "sex": "여성",
              "age": "20대"
            },
            "speechAct": "(단언) 주장하기",
            "morpheme": "좀/MAG+심심/XR+하/XSA+거든/EC"
          }
        ]
      }
    }
  ]
}