{
  "dataset": {
    "identifier": 63584,
    "name": "KAKAO_908_20_set",
    "src_path": "/data/file/cubeManager/PROJECT001/53/txt20211005154927010256/KAKAO_908_20_set/",
    "label_path": "/data/file/cubeManager/PROJECT001/53/txt20211005154927010256/KAKAO_908_20_set/",
    "category": 2,
    "type": 0
  },
  "licenses": {
    "name": "Apache License 1.0",
    "url": "http://www.apache.org/licenses/LICENSE-1.0"
  },
  "info": [
    {
      "id": 41757,
      "filename": "KAKAO_908_20.txt",
      "title": "KAKAO_908_20",
      "mediatype": "SNS",
      "medianame": "카카오톡",
      "category": "일상대화",
      "date": "2021-10-05",
      "size": 466,
      "annotations": {
        "subject": "영화/만화",
        "speaker_type": "1:1",
        "size": 466,
        "word_size": 150,
        "text": "1 : 와 니 그거 봤나 제이크 질렌할 나오는 영화\n2 : 어떤 거? 제이크 질렌할 기자로 나오는 영화?\n1 : 응응 그거 맞음\n1 : 키키 끝까지 진짜 충격적이던데?\n2 : 어 키키 연출도 기가 막히지 않냐? 카메라 총처럼 쓰는 거\n1 : 응응 그건 몰랐는데 방구석 1열 보고 알았음\n2 : 진짜 감독이 머리가 비상하긴 함 키키\n1 : 마지막까지 나쁜 놈인 것도 완벽했다 찝찝하고\n2 : 그니까 키키 자본주의가 낳은 괴물들... 실제로 많겠지?\n1 : 야 회사에만 가봐도 얼마나 많냐 자낳괴 키키\n2 : 그래 맞아 키키 거의 소시오패스들 겁나 많지\n1 : 그 영화에서 경쟁 기자 죽이는 거 보고 진짜 놀랐음\n2 : 나도 그 장면이 젤 충격이었음\n1 : 그 배우가 눈이 진짜 무섭지 않더나\n2 : 응응 눈빛이 약간 공허한 게 진짜 넋 나간 사람 같음\n1 : 맞아 뭔가 홀려도 단단히 홀린 사람 같았어 ㅠㅠ\n2 : 진짜 캐릭터 분석도 완벽하고... 명배우야 진짜로",
        "lines": [
          {
            "id": 1,
            "text": "1 : 와 니 그거 봤나 제이크 질렌할 나오는 영화",
            "norm_text": "와 니 그거 봤나 제이크 질렌할 나오는 영화",
            "speaker": {
              "id": "1번",
              "sex": "여성",
              "age": "20대"
            },
            "speechAct": "(지시) 질문하기",
            "morpheme": "와니/NNP+그거/NP+봤/VV+EP+나/EF+제이크/+질렌할/+나오/VV+는/ETM+영화/NNG"
          },
          {
            "id": 2,
            "text": "2 : 어떤 거? 제이크 질렌할 기자로 나오는 영화?",
            "norm_text": "어떤 거? 제이크 질렌할 기자로 나오는 영화?",
            "speaker": {
              "id": "2번",
              "sex": "여성",
              "age": "20대"
            },
            "speechAct": "(지시) 질문하기",
            "morpheme": "어떤/MM+거/NNB+제이크/+질렌할/+기자/NNG+로/JKB+나오/VV+는/ETM+영화/NNG"
          },
          {
            "id": 3,
            "text": "1 : 응응 그거 맞음",
            "norm_text": "응응 그거 맞음",
            "speaker": {
              "id": "1번",
              "sex": "여성",
              "age": "20대"
            },
            "speechAct": "(단언) 주장하기",
            "morpheme": "응/IC+응/IC+그거/NP+맞음/NNG"
          },
          {
            "id": 4,
            "text": "1 : 키키 끝까지 진짜 충격적이던데?",
            "norm_text": "키키 끝까지 진짜 충격적이던데?",
            "speaker": {
              "id": "1번",
              "sex": "여성",
              "age": "20대"
            },
            "speechAct": "(지시) 질문하기",
            "morpheme": "키/NNG+키/NNG+끝/NNG+까지/JX+진짜/MAG+충격/NNG+적/XSN+이/VCP+던데/EF"
          },
          {
            "id": 5,
            "text": "2 : 어 키키 연출도 기가 막히지 않냐? 카메라 총처럼 쓰는 거",
            "norm_text": "어 키키 연출도 기가 막히지 않냐? 카메라 총처럼 쓰는 거",
            "speaker": {
              "id": "2번",
              "sex": "여성",
              "age": "20대"
            },
            "speechAct": "(단언) 주장하기",
            "morpheme": "어/IC+키/NNG+키/NNG+연출/NNG+도/JX+기/ETN+가/JKS+막히/VV+지/EC+않/VX+냐/EF+카메라/NNG+총/NNG+처럼/JKB+쓰/VV+는/ETM+거/NNB"
          },
          {
            "id": 6,
            "text": "1 : 응응 그건 몰랐는데 방구석 1열 보고 알았음",
            "norm_text": "응응 그건 몰랐는데 방구석 1열 보고 알았음",
            "speaker": {
              "id": "1번",
              "sex": "여성",
              "age": "20대"
            },
            "speechAct": "(단언) 주장하기",
            "morpheme": "응/IC+응/IC+그건/NP+JX+몰랐/VV+EP+는데/EC+방구석/NNG+1/SN+열/NR+보/VV+고/EC+알/VV+았/EP+음/ETN"
          },
          {
            "id": 7,
            "text": "2 : 진짜 감독이 머리가 비상하긴 함 키키",
            "norm_text": "진짜 감독이 머리가 비상하긴 함 키키",
            "speaker": {
              "id": "2번",
              "sex": "여성",
              "age": "20대"
            },
            "speechAct": "(단언) 주장하기",
            "morpheme": "진짜/MAG+감독/NNG+이/JKS+머리/NNG+가/JKS+비상/NNG+하/XSV+긴/ETN+JX+함/VX+ETN+키/NNG+키/XSV+ETN"
          },
          {
            "id": 8,
            "text": "1 : 마지막까지 나쁜 놈인 것도 완벽했다 찝찝하고",
            "norm_text": "마지막까지 나쁜 놈인 것도 완벽했다 찝찝하고",
            "speaker": {
              "id": "1번",
              "sex": "여성",
              "age": "20대"
            },
            "speechAct": "(단언) 주장하기",
            "morpheme": "마지막/NNG+까지/JX+나쁜/VA+ETM+놈/NNB+인/VCP+ETM+것/NNB+도/JX+완벽/NNG+했/XSV+EP+다/EC+찝찝/XR+하/XSA+고/EC"
          },
          {
            "id": 9,
            "text": "2 : 그니까 키키 자본주의가 낳은 괴물들... 실제로 많겠지?",
            "norm_text": "그니까 키키 자본주의가 낳은 괴물들... 실제로 많겠지?",
            "speaker": {
              "id": "2번",
              "sex": "여성",
              "age": "20대"
            },
            "speechAct": "(지시) 질문하기",
            "morpheme": "그니까/MAJ+키/NNG+키/NNG+자본주의/NNG+가/JKS+낳/VV+은/ETM+괴물/NNG+들/XSN+./SY+실제로/MAG+많/VA+겠/EP+지/EF"
          },
          {
            "id": 10,
            "text": "1 : 야 회사에만 가봐도 얼마나 많냐 자낳괴 키키",
            "norm_text": "야 회사에만 가봐도 얼마나 많냐 자낳괴 키키",
            "speaker": {
              "id": "1번",
              "sex": "여성",
              "age": "20대"
            },
            "speechAct": "(단언) 주장하기",
            "morpheme": "야/IC+회사/NNG+에/JKB+만/JX+가/JKS+봐도/VV+EC+얼마나/MAG+많/VA+냐/EF+자/IC+낳/NNG+괴/VV+EC+키/NNG+키/XSV+ETN"
          },
          {
            "id": 11,
            "text": "2 : 그래 맞아 키키 거의 소시오패스들 겁나 많지",
            "norm_text": "그래 맞아 키키 거의 소시오패스들 겁나 많지",
            "speaker": {
              "id": "2번",
              "sex": "여성",
              "age": "20대"
            },
            "speechAct": "(단언) 주장하기",
            "morpheme": "그래/VA+EC+맞/VV+아/EC+키/NNG+키/NNG+거의/MAG+소시/NNG+오/NR+패스/NNG+들/XSN+겁나/VV+EC+많/VA+지/EC"
          },
          {
            "id": 12,
            "text": "1 : 그 영화에서 경쟁 기자 죽이는 거 보고 진짜 놀랐음",
            "norm_text": "그 영화에서 경쟁 기자 죽이는 거 보고 진짜 놀랐음",
            "speaker": {
              "id": "1번",
              "sex": "여성",
              "age": "20대"
            },
            "speechAct": "(단언) 주장하기",
            "morpheme": "그/MM+영화/NNG+에서/JKB+경쟁/NNG+기자/NNG+죽이/VV+는/ETM+거/NNB+보고/JKB+진짜/MAG+놀랐/VV+EP+음/ETN"
          },
          {
            "id": 13,
            "text": "2 : 나도 그 장면이 젤 충격이었음",
            "norm_text": "나도 그 장면이 젤 충격이었음",
            "speaker": {
              "id": "2번",
              "sex": "여성",
              "age": "20대"
            },
            "speechAct": "(단언) 주장하기",
            "morpheme": "나/NP+도/JX+그/MM+장면/NNG+이/JKS+젤/MAG+충격/NNG+이/VCP+었/EP+음/ETN"
          },
          {
            "id": 14,
            "text": "1 : 그 배우가 눈이 진짜 무섭지 않더나",
            "norm_text": "그 배우가 눈이 진짜 무섭지 않더나",
            "speaker": {
              "id": "1번",
              "sex": "여성",
              "age": "20대"
            },
            "speechAct": "(단언) 주장하기",
            "morpheme": "그/MM+배우/NNG+가/JKS+눈/NNG+이/JKS+진짜/MAG+무섭/VA+지/EC+않/VX+더나/EF"
          },
          {
            "id": 15,
            "text": "2 : 응응 눈빛이 약간 공허한 게 진짜 넋 나간 사람 같음",
            "norm_text": "응응 눈빛이 약간 공허한 게 진짜 넋 나간 사람 같음",
            "speaker": {
              "id": "2번",
              "sex": "여성",
              "age": "20대"
            },
            "speechAct": "(단언) 주장하기",
            "morpheme": "응/IC+응/IC+눈빛/NNG+이/JKS+약간/MAG+공허/XR+한/XSA+ETM+게/NNB+JKS+진짜/MAG+넋/NNG+나간/VV+ETM+사람/NNG+같/VA+음/ETN"
          },
          {
            "id": 16,
            "text": "1 : 맞아 뭔가 홀려도 단단히 홀린 사람 같았어 ㅠㅠ",
            "norm_text": "맞아 뭔가 홀려도 단단히 홀린 사람 같았어 ㅠㅠ",
            "speaker": {
              "id": "1번",
              "sex": "여성",
              "age": "20대"
            },
            "speechAct": "(단언) 주장하기",
            "morpheme": "맞/VV+아/EC+뭔가/NP+VCP+EC+홀려/VV+EC+도/JX+단단히/MAG+홀린/VV+ETM+사람/NNG+같/VA+았/EP+어/EF+ㅠㅠ/UNKNOWN"
          },
          {
            "id": 17,
            "text": "2 : 진짜 캐릭터 분석도 완벽하고... 명배우야 진짜로",
            "norm_text": "진짜 캐릭터 분석도 완벽하고... 명배우야 진짜로",
            "speaker": {
              "id": "2번",
              "sex": "여성",
              "age": "20대"
            },
            "speechAct": "(단언) 주장하기",
            "morpheme": "진짜/MAG+캐릭터/NNG+분석/NNG+도/JX+완벽/NNG+하/XSV+고/EC+./SY+./SY+명배우/NNG+야/VCP+EF+진짜로/MAG"
          }
        ]
      }
    }
  ]
}