{
  "dataset": {
    "identifier": 63831,
    "name": "KAKAO_901_07_set",
    "src_path": "/data/file/cubeManager/PROJECT001/53/txt20211005153438077073/KAKAO_901_07_set/",
    "label_path": "/data/file/cubeManager/PROJECT001/53/txt20211005153438077073/KAKAO_901_07_set/",
    "category": 2,
    "type": 0
  },
  "licenses": {
    "name": "Apache License 1.0",
    "url": "http://www.apache.org/licenses/LICENSE-1.0"
  },
  "info": [
    {
      "id": 41484,
      "filename": "KAKAO_901_07.txt",
      "title": "KAKAO_901_07",
      "mediatype": "SNS",
      "medianame": "카카오톡",
      "category": "일상대화",
      "date": "2021-10-05",
      "size": 484,
      "annotations": {
        "subject": "가족",
        "speaker_type": "1:1",
        "size": 484,
        "word_size": 163,
        "text": "1 : 맞아 누나 많으면 그렇지... 키키\n2 : 형네 누나들도 좀 적극적인 편이에요?\n1 : 키키 엄청나게 키키 말도 많고 그래도 다행히 다 결혼해서 신경을 덜 쓰지\n2 : 그나마 다행이네요 키키 두 분 다 그런 거에요?\n1 : 엉 키키 큰 누나가 성격이 셌는데 애 낳고 좀 순해짐 키키\n2 : 오... 근데 첫째가 그런 게 국룰 인가요 키키\n1 : 키키 그런가 봐 첫째들이 뭔가 쎄\n2 : 키키 저희 집도 둘째 누나는 관심이 별로 없는데\n1 : 키키 거도 첫째 누나가 쎄? 키키\n2 : 네네 키키 좀 관심도 많고 그래요\n1 : 키키 진짜 어쩔 수 없나 봐 키키 난 그래도 나이 차이가 많이 나서\n2 : 아 나이 차가 꽤 난다고 했었죠 키키\n1 : 옹 그래서 난 그냥 심부름꾼이고 머슴이었어 키키\n2 : 키키 진짜 그랬을 것 같네요 키키\n2 : 전 몇 살 차이 안나는데도 그런데\n1 : 키키 진짜 이렇게 심부름꾼으로 키우기 위해 낳은 걸까 키키\n2 : 키키 에이 그건 아니겠죠 키키 설마...",
        "lines": [
          {
            "id": 1,
            "text": "1 : 맞아 누나 많으면 그렇지... 키키",
            "norm_text": "맞아 누나 많으면 그렇지... 키키",
            "speaker": {
              "id": "1번",
              "sex": "남성",
              "age": "20대"
            },
            "speechAct": "(단언) 주장하기",
            "morpheme": "맞/VV+아/EC+누나/NNG+많/VA+으면/EC+그렇/VA+지/EF+./SY+키/NNG+키/XSV+ETN"
          },
          {
            "id": 2,
            "text": "2 : 형네 누나들도 좀 적극적인 편이에요?",
            "norm_text": "형네 누나들도 좀 적극적인 편이에요?",
            "speaker": {
              "id": "2번",
              "sex": "남성",
              "age": "20대"
            },
            "speechAct": "(지시) 질문하기",
            "morpheme": "형/NNG+네/XSN+누나/NNG+들/XSN+도/JX+좀/MAG+적극/NNG+적/XSN+인/VCP+ETM+편/NNB+이/VCP+에요/EF"
          },
          {
            "id": 3,
            "text": "1 : 키키 엄청나게 키키 말도 많고 그래도 다행히 다 결혼해서 신경을 덜 쓰지",
            "norm_text": "키키 엄청나게 키키 말도 많고 그래도 다행히 다 결혼해서 신경을 덜 쓰지",
            "speaker": {
              "id": "1번",
              "sex": "남성",
              "age": "20대"
            },
            "speechAct": "(단언) 진술하기",
            "morpheme": "키/NNG+키/XSV+ETN+엄청나/VA+게/EC+키/NNG+키/NNG+말/NNG+도/JX+많/VA+고/EC+그래도/VV+EC+다행히/MAG+다/MAG+결혼/NNG+해서/XSV+EC+신경/NNG+을/JKO+덜쓰/VV+지/EC"
          },
          {
            "id": 4,
            "text": "2 : 그나마 다행이네요 키키 두 분 다 그런 거에요?",
            "norm_text": "그나마 다행이네요 키키 두 분 다 그런 거에요?",
            "speaker": {
              "id": "2번",
              "sex": "남성",
              "age": "20대"
            },
            "speechAct": "(지시) 질문하기",
            "morpheme": "그나마/MAG+다행/NNG+이/VCP+네요/EF+키/NNG+키/XSV+ETN+두/JX+분다/VV+EF+그런/MM+거/NNB+에요/VCP+EF"
          },
          {
            "id": 5,
            "text": "1 : 엉 키키 큰 누나가 성격이 셌는데 애 낳고 좀 순해짐 키키",
            "norm_text": "엉 키키 큰 누나가 성격이 셌는데 애 낳고 좀 순해짐 키키",
            "speaker": {
              "id": "1번",
              "sex": "남성",
              "age": "20대"
            },
            "speechAct": "(단언) 주장하기",
            "morpheme": "엉/IC+키/NNG+키/XSV+ETN+큰/VA+ETM+누나/NNG+가/JKS+성격/NNG+이/JKS+셌/VV+EP+는데/EC+애/NNG+낳/VV+고/EC+좀/MAG+순/XR+해짐/XSA+EC+VX+ETN+키/NNG+키/XSV+ETN"
          },
          {
            "id": 6,
            "text": "2 : 오... 근데 첫째가 그런 게 국룰 인가요 키키",
            "norm_text": "오... 근데 첫째가 그런 게 국룰 인가요 키키",
            "speaker": {
              "id": "2번",
              "sex": "남성",
              "age": "20대"
            },
            "speechAct": "(지시) 질문하기",
            "morpheme": "오/IC+./SY+근데/MAJ+첫째/NR+가/JKS+그런/MM+게/NNB+JKS+국/NNG+룰/NNG+인가/VCP+EC+요키/NNP+키/NNG"
          },
          {
            "id": 7,
            "text": "1 : 키키 그런가 봐 첫째들이 뭔가 쎄",
            "norm_text": "키키 그런가 봐 첫째들이 뭔가 쎄",
            "speaker": {
              "id": "1번",
              "sex": "남성",
              "age": "20대"
            },
            "speechAct": "(단언) 진술하기",
            "morpheme": "키/NNG+키/XSV+ETN+그런가/VA+EC+봐/VX+EF+첫째/NR+들/XSN+이/JKS+뭔가/NP+VCP+EC+쎄/NNG"
          },
          {
            "id": 8,
            "text": "2 : 키키 저희 집도 둘째 누나는 관심이 별로 없는데",
            "norm_text": "키키 저희 집도 둘째 누나는 관심이 별로 없는데",
            "speaker": {
              "id": "2번",
              "sex": "남성",
              "age": "20대"
            },
            "speechAct": "(단언) 진술하기",
            "morpheme": "키/NNG+키/XSV+ETN+저희/NP+집/NNG+도/JX+둘째/NR+누나/NNG+는/JX+관심/NNG+이/JKS+별로/MAG+없/VA+는데/EC"
          },
          {
            "id": 9,
            "text": "1 : 키키 거도 첫째 누나가 쎄? 키키",
            "norm_text": "키키 거도 첫째 누나가 쎄? 키키",
            "speaker": {
              "id": "1번",
              "sex": "남성",
              "age": "20대"
            },
            "speechAct": "(지시) 질문하기",
            "morpheme": "키/NNG+키/XSV+ETN+거/NNB+도/JX+첫째/NR+누나/NNG+가/JKS+쎄/VA+EF+키/NNG+키/XSV+ETN"
          },
          {
            "id": 10,
            "text": "2 : 네네 키키 좀 관심도 많고 그래요",
            "norm_text": "네네 키키 좀 관심도 많고 그래요",
            "speaker": {
              "id": "2번",
              "sex": "남성",
              "age": "20대"
            },
            "speechAct": "(단언) 진술하기",
            "morpheme": "네/NP+네/XSN+키/NNG+키/NNG+좀/MAG+관심/NNG+도/JX+많/VA+고/EC+그래요/VV+EC"
          },
          {
            "id": 11,
            "text": "1 : 키키 진짜 어쩔 수 없나 봐 키키 난 그래도 나이 차이가 많이 나서",
            "norm_text": "키키 진짜 어쩔 수 없나 봐 키키 난 그래도 나이 차이가 많이 나서",
            "speaker": {
              "id": "1번",
              "sex": "남성",
              "age": "20대"
            },
            "speechAct": "(단언) 진술하기",
            "morpheme": "키/NNG+키/XSV+ETN+진짜/MAG+어쩔/VV+ETM+수/NNB+없/VA+나/EC+봐/VX+EF+키/NNG+키/XSV+ETN+난/NP+JX+그래도/MAJ+나이/NNG+차이/NNG+가/JKS+많이/MAG+나/VV+서/EC"
          },
          {
            "id": 12,
            "text": "2 : 아 나이 차가 꽤 난다고 했었죠 키키",
            "norm_text": "아 나이 차가 꽤 난다고 했었죠 키키",
            "speaker": {
              "id": "2번",
              "sex": "남성",
              "age": "20대"
            },
            "speechAct": "(지시) 질문하기",
            "morpheme": "아나이/NNP+차/NNG+가/JKS+꽤/MAG+난다고/VV+EC+했었/VX+EP+죠/EF+키/NNG+키/XSV+ETN"
          },
          {
            "id": 13,
            "text": "1 : 옹 그래서 난 그냥 심부름꾼이고 머슴이었어 키키",
            "norm_text": "옹 그래서 난 그냥 심부름꾼이고 머슴이었어 키키",
            "speaker": {
              "id": "1번",
              "sex": "남성",
              "age": "20대"
            },
            "speechAct": "(단언) 진술하기",
            "morpheme": "옹/NNG+그래서/MAJ+난/NP+JX+그냥/MAG+심부름/NNG+꾼/XSN+이/VCP+고/EC+머슴/NNG+이/VCP+었/EP+어/EC+키/NNG+키/XSV+ETN"
          },
          {
            "id": 14,
            "text": "2 : 키키 진짜 그랬을 것 같네요 키키",
            "norm_text": "키키 진짜 그랬을 것 같네요 키키",
            "speaker": {
              "id": "2번",
              "sex": "남성",
              "age": "20대"
            },
            "speechAct": "(표현) 긍정감정 표현하기",
            "morpheme": "키/NNG+키/XSV+ETN+진짜/MAG+그랬/VV+EP+을/ETM+것/NNB+같/VA+네요/EF+키/NNG+키/XSV+ETN"
          },
          {
            "id": 15,
            "text": "2 : 전 몇 살 차이 안나는데도 그런데",
            "norm_text": "전 몇 살 차이 안나는데도 그런데",
            "speaker": {
              "id": "2번",
              "sex": "남성",
              "age": "20대"
            },
            "speechAct": "(단언) 진술하기",
            "morpheme": "전/MM+몇/MM+살/NNBC+차이/NNG+안/MAG+나/VV+는/ETM+데/NNB+도/JX+그런데/VA+EC"
          },
          {
            "id": 16,
            "text": "1 : 키키 진짜 이렇게 심부름꾼으로 키우기 위해 낳은 걸까 키키",
            "norm_text": "키키 진짜 이렇게 심부름꾼으로 키우기 위해 낳은 걸까 키키",
            "speaker": {
              "id": "1번",
              "sex": "남성",
              "age": "20대"
            },
            "speechAct": "(지시) 질문하기",
            "morpheme": "키/NNG+키/XSV+ETN+진짜/MAG+이렇게/MAG+심부름/NNG+꾼/XSN+으로/JKB+키우/VV+기/ETN+위해/VV+EC+낳/VV+은/ETM+걸까/NNB+VCP+EC+키/NNG+키/XSV+ETN"
          },
          {
            "id": 17,
            "text": "2 : 키키 에이 그건 아니겠죠 키키 설마...",
            "norm_text": "키키 에이 그건 아니겠죠 키키 설마...",
            "speaker": {
              "id": "2번",
              "sex": "남성",
              "age": "20대"
            },
            "speechAct": "(단언) 진술하기",
            "morpheme": "키/NNG+키/NNG+에/JKB+이/IC+그건/NP+JX+아니/VCN+겠/EP+죠/EF+키/NNG+키/XSV+ETN+설마/MAG+./SY"
          }
        ]
      }
    }
  ]
}