{
  "dataset": {
    "identifier": 62457,
    "name": "KAKAO_920_07_set",
    "src_path": "/data/file/cubeManager/PROJECT001/53/txt20211005161349013752/KAKAO_920_07_set/",
    "label_path": "/data/file/cubeManager/PROJECT001/53/txt20211005161349013752/KAKAO_920_07_set/",
    "category": 2,
    "type": 0
  },
  "licenses": {
    "name": "Apache License 1.0",
    "url": "http://www.apache.org/licenses/LICENSE-1.0"
  },
  "info": [
    {
      "id": 41964,
      "filename": "KAKAO_920_07.txt",
      "title": "KAKAO_920_07",
      "mediatype": "SNS",
      "medianame": "카카오톡",
      "category": "일상대화",
      "date": "2021-10-05",
      "size": 494,
      "annotations": {
        "subject": "가족",
        "speaker_type": "1:1",
        "size": 494,
        "word_size": 156,
        "text": "1 : 다음 주 추석이라서 부모님 보러 집에 내려가려고\n2 : 근데 요즘에 또 코로나라 우리 부모님은 그 오지 말라고 하시던데\n1 : 맞아 요즘 명절도 예전 명절이 아니야\n1 : 코로나 때문에 다들 못 모이잖아\n2 : 힝... 그래도 못 본 지 거의 반 년이 다 돼가는데...\n1 : 그래도 추석이니까 잠깐 올라가서 밥만 먹고 오지 뭐!\n2 : 추석 선물로 어떤 게 좋을까?\n1 : 음... 홍삼 선물은 너무 식상하지 않아? 키키\n2 : 엄마 아빠가 좋아하시는 게 뭐가 있지?\n1 : 어... 근데 막상 생각하니까 조금 어렵다... 키키\n2 : 그치… 선물 고르는 게 가장 어려운 거 같아\n1 : 흠... 그러면 코로나기도 하니까 간단하게 집에서 밥이나 먹지 뭐\n2 : 그럼 엄마랑 아빠한테 연락해서 맛있는 거 사갈게!\n1 : 응 나 고기 구워 먹고 싶어 키키\n2 : 그럴까 그럼 내가 고기 사갈게!\n1 : 소고기랑 돼지고기 중에 나는 소고기!\n2 : 그래 그럼 차례도 지내야 하니까 준비할 겸 소고기 사가지 뭐",
        "lines": [
          {
            "id": 1,
            "text": "1 : 다음 주 추석이라서 부모님 보러 집에 내려가려고",
            "norm_text": "다음 주 추석이라서 부모님 보러 집에 내려가려고",
            "speaker": {
              "id": "1번",
              "sex": "여성",
              "age": "20대"
            },
            "speechAct": "(언약) 약속하기(제3자와)/(개인적 수준)",
            "morpheme": "다음/NNG+주/NNG+추석/NNG+이/VCP+라서/EC+부모/NNG+님/XSN+보러/JKB+집/NNG+에/JKB+내려가/VV+려고/EC"
          },
          {
            "id": 2,
            "text": "2 : 근데 요즘에 또 코로나라 우리 부모님은 그 오지 말라고 하시던데",
            "norm_text": "근데 요즘에 또 코로나라 우리 부모님은 그 오지 말라고 하시던데",
            "speaker": {
              "id": "2번",
              "sex": "남성",
              "age": "20대"
            },
            "speechAct": "(단언) 진술하기",
            "morpheme": "근데/MAJ+요즘/NNG+에/JKB+또/MAG+코/NNG+로/JKB+나라/NNG+우리/NP+부모/NNG+님/XSN+은/JX+그/MM+오/VV+지/EC+말/VX+라고/EC+하/VX+시/EP+던데/EC"
          },
          {
            "id": 3,
            "text": "1 : 맞아 요즘 명절도 예전 명절이 아니야",
            "norm_text": "맞아 요즘 명절도 예전 명절이 아니야",
            "speaker": {
              "id": "1번",
              "sex": "여성",
              "age": "20대"
            },
            "speechAct": "(단언) 주장하기",
            "morpheme": "\u0027 \u0027 맞/VV+아/EC+요즘/NNG+명절/NNG+도/JX+예전/NNG+명절/NNG+이/JKC+아니/VCN+야/EC"
          },
          {
            "id": 4,
            "text": "1 : 코로나 때문에 다들 못 모이잖아",
            "norm_text": "코로나 때문에 다들 못 모이잖아",
            "speaker": {
              "id": "1번",
              "sex": "여성",
              "age": "20대"
            },
            "speechAct": "(단언) 주장하기",
            "morpheme": "코로나/NNG+때문/NNB+에/JKB+다/MAG+들/XSN+못/MAG+모이/VV+잖아/EC"
          },
          {
            "id": 5,
            "text": "2 : 힝... 그래도 못 본 지 거의 반 년이 다 돼가는데...",
            "norm_text": "힝... 그래도 못 본 지 거의 반 년이 다 돼가는데...",
            "speaker": {
              "id": "2번",
              "sex": "남성",
              "age": "20대"
            },
            "speechAct": "(단언) 진술하기",
            "morpheme": "\u0027 힝/IC+./SY+그래도/MAJ+못/MAG+본/VV+ETM+지/NNB+거의/MAG+반년/NNG+이/JKS+다/MAG+돼/VV+EC+가/VX+는데/EC+./SY+./SY"
          },
          {
            "id": 6,
            "text": "1 : 그래도 추석이니까 잠깐 올라가서 밥만 먹고 오지 뭐!",
            "norm_text": "그래도 추석이니까 잠깐 올라가서 밥만 먹고 오지 뭐!",
            "speaker": {
              "id": "1번",
              "sex": "여성",
              "age": "20대"
            },
            "speechAct": "(언약) 약속하기(제3자와)/(개인적 수준)",
            "morpheme": "그래도/MAJ+추석/NNG+이/VCP+니까/EC+잠깐/MAG+올라가/VV+서/EC+밥/NNG+만/JX+먹/VV+고/EC+오/VX+지/EF+뭐/IC"
          },
          {
            "id": 7,
            "text": "2 : 추석 선물로 어떤 게 좋을까?",
            "norm_text": "추석 선물로 어떤 게 좋을까?",
            "speaker": {
              "id": "2번",
              "sex": "남성",
              "age": "20대"
            },
            "speechAct": "(지시) 질문하기",
            "morpheme": "추석/NNG+선물/NNG+로/JKB+어떤/MM+게/NNB+JKS+좋/VA+을까/EF"
          },
          {
            "id": 8,
            "text": "1 : 음... 홍삼 선물은 너무 식상하지 않아? 키키",
            "norm_text": "음... 홍삼 선물은 너무 식상하지 않아? 키키",
            "speaker": {
              "id": "1번",
              "sex": "여성",
              "age": "20대"
            },
            "speechAct": "(단언) 주장하기",
            "morpheme": "음/IC+./SY+홍삼/NNG+선물/NNG+은/JX+너무/MAG+식상/NNG+하/XSV+지/EC+않/VX+아/EF+키/NNG+키/XSV+ETN"
          },
          {
            "id": 9,
            "text": "2 : 엄마 아빠가 좋아하시는 게 뭐가 있지?",
            "norm_text": "엄마 아빠가 좋아하시는 게 뭐가 있지?",
            "speaker": {
              "id": "2번",
              "sex": "남성",
              "age": "20대"
            },
            "speechAct": "(지시) 질문하기",
            "morpheme": "엄마/NNG+아빠/NNG+가/JKS+좋/VA+아/EC+하/VX+시/EP+는/ETM+게/NNB+JKS+뭐/NP+가/JKS+있/VA+지/EF"
          },
          {
            "id": 10,
            "text": "1 : 어... 근데 막상 생각하니까 조금 어렵다... 키키",
            "norm_text": "어... 근데 막상 생각하니까 조금 어렵다... 키키",
            "speaker": {
              "id": "1번",
              "sex": "여성",
              "age": "20대"
            },
            "speechAct": "(단언) 주장하기",
            "morpheme": "어/IC+./SY+근데/MAJ+막상/MAG+생각/NNG+하/XSV+니까/EC+조금/MAG+어렵/VA+다/EF+./SY+키/NNG+키/XSV+ETN"
          },
          {
            "id": 11,
            "text": "2 : 그치… 선물 고르는 게 가장 어려운 거 같아",
            "norm_text": "그치… 선물 고르는 게 가장 어려운 거 같아",
            "speaker": {
              "id": "2번",
              "sex": "남성",
              "age": "20대"
            },
            "speechAct": "(단언) 주장하기",
            "morpheme": "그치/IC+…/SE+선물/NNG+고르/VV+는/ETM+게/NNB+JKS+가장/MAG+어려운/VA+ETM+거/NNB+같/VA+아/EC"
          },
          {
            "id": 12,
            "text": "1 : 흠... 그러면 코로나기도 하니까 간단하게 집에서 밥이나 먹지 뭐",
            "norm_text": "흠... 그러면 코로나기도 하니까 간단하게 집에서 밥이나 먹지 뭐",
            "speaker": {
              "id": "1번",
              "sex": "여성",
              "age": "20대"
            },
            "speechAct": "(단언) 주장하기",
            "morpheme": "흠/IC+./SY+그러면/MAJ+코/NNG+로/JKB+나/VV+기/ETN+도/JX+하/VV+니까/EC+간단/XR+하/XSA+게/EC+집/NNG+에서/JKB+밥/NNG+이나/JX+먹/VV+지/EF+뭐/IC"
          },
          {
            "id": 13,
            "text": "2 : 그럼 엄마랑 아빠한테 연락해서 맛있는 거 사갈게!",
            "norm_text": "그럼 엄마랑 아빠한테 연락해서 맛있는 거 사갈게!",
            "speaker": {
              "id": "2번",
              "sex": "남성",
              "age": "20대"
            },
            "speechAct": "(언약) 약속하기(제3자와)/(개인적 수준)",
            "morpheme": "\u0027 \u0027 그럼/MAJ+엄마/NNG+랑/JKB+아빠/NNG+한테/JKB+연락/NNG+해서/XSV+EC+맛있/VA+는/ETM+거/NNB+사/VV+EC+갈게/VV+EF"
          },
          {
            "id": 14,
            "text": "1 : 응 나 고기 구워 먹고 싶어 키키",
            "norm_text": "응 나 고기 구워 먹고 싶어 키키",
            "speaker": {
              "id": "1번",
              "sex": "여성",
              "age": "20대"
            },
            "speechAct": "(단언) 주장하기",
            "morpheme": "응/IC+나/NP+고기/NNG+구워/VV+EC+먹/VV+고/EC+싶/VX+어/EC+키/NNG+키/XSV+ETN"
          },
          {
            "id": 15,
            "text": "2 : 그럴까 그럼 내가 고기 사갈게!",
            "norm_text": "그럴까 그럼 내가 고기 사갈게!",
            "speaker": {
              "id": "2번",
              "sex": "남성",
              "age": "20대"
            },
            "speechAct": "(언약) 약속하기(제3자와)/(개인적 수준)",
            "morpheme": "그럴까/VV+EF+그럼/MAJ+내/NP+가/JKS+고/XPN+기사/NNG+갈게/VV+EF"
          },
          {
            "id": 16,
            "text": "1 : 소고기랑 돼지고기 중에 나는 소고기!",
            "norm_text": "소고기랑 돼지고기 중에 나는 소고기!",
            "speaker": {
              "id": "1번",
              "sex": "여성",
              "age": "20대"
            },
            "speechAct": "(단언) 주장하기",
            "morpheme": "소고기/NNG+랑/JKB+돼지고기/NNG+중/NNB+에/JKB+나/NP+는/JX+소고기/NNG"
          },
          {
            "id": 17,
            "text": "2 : 그래 그럼 차례도 지내야 하니까 준비할 겸 소고기 사가지 뭐",
            "norm_text": "그래 그럼 차례도 지내야 하니까 준비할 겸 소고기 사가지 뭐",
            "speaker": {
              "id": "2번",
              "sex": "남성",
              "age": "20대"
            },
            "speechAct": "(언약) 약속하기(제3자와)/(개인적 수준)",
            "morpheme": "그래/IC+그럼/MAJ+차례/NNG+도/JX+지내/VV+야/EC+하/VV+니까/EC+준비/NNG+할/XSV+ETM+겸/NNB+소고기/NNG+사/NR+가지/NNBC+뭐/IC"
          }
        ]
      }
    }
  ]
}