{
  "dataset": {
    "identifier": 72808,
    "name": "KAKAO_906_17_set",
    "src_path": "/data/file/cubeManager/PROJECT001/53/txt20211005152905046417/KAKAO_906_17_set/",
    "label_path": "/data/file/cubeManager/PROJECT001/53/txt20211005152905046417/KAKAO_906_17_set/",
    "category": 2,
    "type": 0
  },
  "licenses": {
    "name": "Apache License 1.0",
    "url": "http://www.apache.org/licenses/LICENSE-1.0"
  },
  "info": [
    {
      "id": 41374,
      "filename": "KAKAO_906_17.txt",
      "title": "KAKAO_906_17",
      "mediatype": "SNS",
      "medianame": "카카오톡",
      "category": "일상대화",
      "date": "2021-10-05",
      "size": 405,
      "annotations": {
        "subject": "건강",
        "speaker_type": "1:1",
        "size": 405,
        "word_size": 133,
        "text": "1 : **씨 건강 검진 하셨나유\n2 : 네 저는 취직을 위해서 했습니다\n1 : 올해 안에 가야 되는디...\n2 : 나라에서 해주는 거 가야 되는 거야?\n1 : 아 취직을 하기 전에 해오라던가유?\n2 : 웅 취직 전에 건강검진 필수래여!\n1 : 엉 나라에서 해주는 거 안 가면 불이익이 있뎅\n2 : 어 맞어 그거 받아야지 나중에 불이익이 없다드라 ㅜ\n1 : 올해가 벌써 3개월 남아서 키키\n2 : 빨리 가라~ 더 늦어지면 이제 안 간다 키키\n1 : 살 좀 빼고 가고 싶었는데... 아무래도 어려울 듯요\n2 : 그건 인류의 문제니까 넣어두고 어서 다녀오슈\n1 : 키키 내시경도 했어?\n1 : 그게 또 무섭네\n2 : 위내시경은 마취도 안 하고 했음 음하하\n1 : 뭐라고? 개 독하네 이 사람 왜 그랬는데\n2 : 그냥 마취하기 싫어서 몸에 안 좋을까 봐 키키",
        "lines": [
          {
            "id": 1,
            "text": "1 : **씨 건강 검진 하셨나유",
            "norm_text": "**씨 건강 검진 하셨나유",
            "speaker": {
              "id": "1번",
              "sex": "여성",
              "age": "30대"
            },
            "speechAct": "(지시) 질문하기",
            "morpheme": "*/SY+*/SY+씨/IC+건강/NNG+검진/NNG+하/XSV+셨/EP+EP+나유/EC"
          },
          {
            "id": 2,
            "text": "2 : 네 저는 취직을 위해서 했습니다",
            "norm_text": "네 저는 취직을 위해서 했습니다",
            "speaker": {
              "id": "2번",
              "sex": "여성",
              "age": "20대"
            },
            "speechAct": "(단언) 진술하기",
            "morpheme": "네/IC+저/NP+는/JX+취직/NNG+을/JKO+위해서/VV+EC+했/VX+EP+습니다/EF"
          },
          {
            "id": 3,
            "text": "1 : 올해 안에 가야 되는디...",
            "norm_text": "올해 안에 가야 되는디...",
            "speaker": {
              "id": "1번",
              "sex": "여성",
              "age": "30대"
            },
            "speechAct": "(단언) 진술하기",
            "morpheme": "올/MM+해안/NNG+에/JKB+가/VV+야/EC+되/VV+는디/EF+./SY"
          },
          {
            "id": 4,
            "text": "2 : 나라에서 해주는 거 가야 되는 거야?",
            "norm_text": "나라에서 해주는 거 가야 되는 거야?",
            "speaker": {
              "id": "2번",
              "sex": "여성",
              "age": "20대"
            },
            "speechAct": "(지시) 질문하기",
            "morpheme": "나라/NNG+에서/JKB+해/VV+EC+주/VX+는/ETM+거/NNB+가/VV+야/EC+되/VV+는/ETM+거/NNB+야/VCP+EF"
          },
          {
            "id": 5,
            "text": "1 : 아 취직을 하기 전에 해오라던가유?",
            "norm_text": "아 취직을 하기 전에 해오라던가유?",
            "speaker": {
              "id": "1번",
              "sex": "여성",
              "age": "30대"
            },
            "speechAct": "(지시) 질문하기",
            "morpheme": "아/IC+취직/NNG+을/JKO+하/VV+기/ETN+전/NNG+에/JKB+해/VV+EC+오/VX+라던/ETM+가유/NNG"
          },
          {
            "id": 6,
            "text": "2 : 웅 취직 전에 건강검진 필수래여!",
            "norm_text": "웅 취직 전에 건강검진 필수래여!",
            "speaker": {
              "id": "2번",
              "sex": "여성",
              "age": "20대"
            },
            "speechAct": "(단언) 진술하기",
            "morpheme": "웅취/NNP+직전/NNG+에/JKB+건강/NNG+검진/NNG+필수/NNG+래여/EF"
          },
          {
            "id": 7,
            "text": "1 : 엉 나라에서 해주는 거 안 가면 불이익이 있뎅",
            "norm_text": "엉 나라에서 해주는 거 안 가면 불이익이 있뎅",
            "speaker": {
              "id": "1번",
              "sex": "여성",
              "age": "30대"
            },
            "speechAct": "(단언) 진술하기",
            "morpheme": "엉/IC+나라/NNG+에서/JKB+해/VV+EC+주/VX+는/ETM+거/NNB+안/MAG+가/VV+면/EC+불/XPN+이익/NNG+이/JKS+있/VA+뎅/MAG"
          },
          {
            "id": 8,
            "text": "2 : 어 맞어 그거 받아야지 나중에 불이익이 없다드라 ㅜ",
            "norm_text": "어 맞어 그거 받아야지 나중에 불이익이 없다드라 ㅜ",
            "speaker": {
              "id": "2번",
              "sex": "여성",
              "age": "20대"
            },
            "speechAct": "(단언) 진술하기",
            "morpheme": "어/IC+맞/VV+어/EC+그거/NP+받/VV+아야지/EC+나중/NNG+에/JKB+불/XPN+이익/NNG+이/JKS+없/VA+다드라/EF+ㅜ/UNKNOWN"
          },
          {
            "id": 9,
            "text": "1 : 올해가 벌써 3개월 남아서 키키",
            "norm_text": "올해가 벌써 3개월 남아서 키키",
            "speaker": {
              "id": "1번",
              "sex": "여성",
              "age": "30대"
            },
            "speechAct": "(단언) 진술하기",
            "morpheme": "올해/NNG+가/JKS+벌써/MAG+3/SN+개월/NNBC+남/VV+아서/EC+키/NNG+키/XSV+ETN"
          },
          {
            "id": 10,
            "text": "2 : 빨리 가라~ 더 늦어지면 이제 안 간다 키키",
            "norm_text": "빨리 가라~ 더 늦어지면 이제 안 간다 키키",
            "speaker": {
              "id": "2번",
              "sex": "여성",
              "age": "20대"
            },
            "speechAct": "(단언) 주장하기",
            "morpheme": "빨리/MAG+가/VV+라/EC+~/SY+더/MAG+늦/VA+어/EC+지/VX+면/EC+이제/MAG+안/MAG+간/VV+ETM+다키키/NNP"
          },
          {
            "id": 11,
            "text": "1 : 살 좀 빼고 가고 싶었는데... 아무래도 어려울 듯요",
            "norm_text": "살 좀 빼고 가고 싶었는데... 아무래도 어려울 듯요",
            "speaker": {
              "id": "1번",
              "sex": "여성",
              "age": "30대"
            },
            "speechAct": "(단언) 주장하기",
            "morpheme": "살/NNG+좀/MAG+빼/VV+고/EC+가/VX+고/EC+싶/VX+었/EP+는데/EC+./SY+./SY+아무래도/MAG+어려울/VA+ETM+듯/NNB+요/VCP+EC"
          },
          {
            "id": 12,
            "text": "2 : 그건 인류의 문제니까 넣어두고 어서 다녀오슈",
            "norm_text": "그건 인류의 문제니까 넣어두고 어서 다녀오슈",
            "speaker": {
              "id": "2번",
              "sex": "여성",
              "age": "20대"
            },
            "speechAct": "(단언) 주장하기",
            "morpheme": "그건/NP+JX+인류/NNG+의/JKG+문제/NNG+니까/VCP+EC+넣/VV+어/EC+두/VX+고/EC+어서/MAG+다녀오/VV+슈/EC"
          },
          {
            "id": 13,
            "text": "1 : 키키 내시경도 했어?",
            "norm_text": "키키 내시경도 했어?",
            "speaker": {
              "id": "1번",
              "sex": "여성",
              "age": "30대"
            },
            "speechAct": "(지시) 질문하기",
            "morpheme": "키/NNG+키/NNG+내시경/NNG+도/JX+했/VV+EP+어/EF"
          },
          {
            "id": 14,
            "text": "1 : 그게 또 무섭네",
            "norm_text": "그게 또 무섭네",
            "speaker": {
              "id": "1번",
              "sex": "여성",
              "age": "30대"
            },
            "speechAct": "(단언) 주장하기",
            "morpheme": "그게/NP+JKS+또/MAG+무섭/VA+네/EC"
          },
          {
            "id": 15,
            "text": "2 : 위내시경은 마취도 안 하고 했음 음하하",
            "norm_text": "위내시경은 마취도 안 하고 했음 음하하",
            "speaker": {
              "id": "2번",
              "sex": "여성",
              "age": "20대"
            },
            "speechAct": "(단언) 진술하기",
            "morpheme": "위내시경/NNG+은/JX+마취/NNG+도/JX+안/MAG+하/VV+고/EC+했/VX+EP+음/ETN+음/IC+하하/MAG"
          },
          {
            "id": 16,
            "text": "1 : 뭐라고? 개 독하네 이 사람 왜 그랬는데",
            "norm_text": "뭐라고? 개 독하네 이 사람 왜 그랬는데",
            "speaker": {
              "id": "1번",
              "sex": "여성",
              "age": "30대"
            },
            "speechAct": "(단언) 주장하기",
            "morpheme": "뭐/NP+라고/VCP+EC+?/SY+개독/NNG+하/XSA+네/EF+이/MM+사람/NNG+왜/MAG+그랬/VV+EP+는데/EC"
          },
          {
            "id": 17,
            "text": "2 : 그냥 마취하기 싫어서 몸에 안 좋을까 봐 키키",
            "norm_text": "그냥 마취하기 싫어서 몸에 안 좋을까 봐 키키",
            "speaker": {
              "id": "2번",
              "sex": "여성",
              "age": "20대"
            },
            "speechAct": "(단언) 주장하기",
            "morpheme": "그냥/MAG+마취/NNG+하/XSV+기/ETN+싫/VA+어서/EC+몸/NNG+에/JKB+안/MAG+좋/VA+을까/EC+봐/VX+EF+키/NNG+키/XSV+ETN"
          }
        ]
      }
    }
  ]
}