{
  "dataset": {
    "identifier": 72773,
    "name": "KAKAO_906_02_set",
    "src_path": "/data/file/cubeManager/PROJECT001/53/txt202110051529050292105/KAKAO_906_02_set/",
    "label_path": "/data/file/cubeManager/PROJECT001/53/txt202110051529050292105/KAKAO_906_02_set/",
    "category": 2,
    "type": 0
  },
  "licenses": {
    "name": "Apache License 1.0",
    "url": "http://www.apache.org/licenses/LICENSE-1.0"
  },
  "info": [
    {
      "id": 41359,
      "filename": "KAKAO_906_02.txt",
      "title": "KAKAO_906_02",
      "mediatype": "SNS",
      "medianame": "카카오톡",
      "category": "일상대화",
      "date": "2021-10-05",
      "size": 469,
      "annotations": {
        "subject": "주거와 생활",
        "speaker_type": "1:1",
        "size": 469,
        "word_size": 152,
        "text": "1 : 아파트 살기 진짜 뭐 같넹 하하\n2 : 왜? 아파트 뭐 불편해?\n1 : 너무 답답해 층간 소음 신경 쓰이고 ㅠ\n2 : 아~ 나도 윗집 애기들 너무 뛰어다녀서 신경 쓰여\n1 : 위에 이상한 할머니 이사 와서 미칠 지경 ^^\n2 : 키키 와 어딜 가나 이상한 사람은 존재한다더니\n1 : 할머니 난간 청소 창틀 청소 하루에 한 번씩 하는 듯...\n2 : 얼마 전에 나는 윗집 올라가서 싸웠자나\n1 : 우리 집으로 다 들어와 ㅠ 요즘 창문 열고 사는데 ㅠ\n2 : 헐 ㅠㅠ 무슨 창틀 청소를 그렇게 자주 하셔\n1 : 키키 애들이 너무 뛰어서?\n1 : 그러다 큰일 난다 ㅠ\n2 : 몇 번 방송으로 말씀드렸는데도 시끄러워서...\n1 : 그니까... 넘 별난 이웃 만나서 엄청 신경 쓰임 ㅡㅡ\n2 : 질량보존의 법칙이라고... 어딜 가나 존재한다\n1 : 매트 깔라고 말하지!\n1 : 애들 난한 집은 필로티로 가야 해...\n2 : 오죽하면 층간소음 슬리퍼 들고 올라가서 따졌자나",
        "lines": [
          {
            "id": 1,
            "text": "1 : 아파트 살기 진짜 뭐 같넹 하하",
            "norm_text": "아파트 살기 진짜 뭐 같넹 하하",
            "speaker": {
              "id": "1번",
              "sex": "여성",
              "age": "30대"
            },
            "speechAct": "(단언) 주장하기",
            "morpheme": "아파트/NNG+살/VV+기/ETN+진짜/MAG+뭐/IC+같/VA+넹/NNP+하하/NNP"
          },
          {
            "id": 2,
            "text": "2 : 왜? 아파트 뭐 불편해?",
            "norm_text": "왜? 아파트 뭐 불편해?",
            "speaker": {
              "id": "2번",
              "sex": "여성",
              "age": "20대"
            },
            "speechAct": "(지시) 질문하기",
            "morpheme": "왜/MAG+아파트/NNG+뭐/IC+불편/NNG+해/XSV+EF"
          },
          {
            "id": 3,
            "text": "1 : 너무 답답해 층간 소음 신경 쓰이고 ㅠ",
            "norm_text": "너무 답답해 층간 소음 신경 쓰이고 ㅠ",
            "speaker": {
              "id": "1번",
              "sex": "여성",
              "age": "30대"
            },
            "speechAct": "(단언) 주장하기",
            "morpheme": "너무/MAG+답답/XR+해/XSA+EC+층간/NNG+소음/NNG+신경/NNG+쓰이/VV+고/EC+ㅠ/UNKNOWN"
          },
          {
            "id": 4,
            "text": "2 : 아~ 나도 윗집 애기들 너무 뛰어다녀서 신경 쓰여",
            "norm_text": "아~ 나도 윗집 애기들 너무 뛰어다녀서 신경 쓰여",
            "speaker": {
              "id": "2번",
              "sex": "여성",
              "age": "20대"
            },
            "speechAct": "(단언) 주장하기",
            "morpheme": "아/IC+~/SY+나도윗집애기들너무뛰어다녀서신경쓰여/UNKNOWN"
          },
          {
            "id": 5,
            "text": "1 : 위에 이상한 할머니 이사 와서 미칠 지경 ^^",
            "norm_text": "위에 이상한 할머니 이사 와서 미칠 지경 ^^",
            "speaker": {
              "id": "1번",
              "sex": "여성",
              "age": "30대"
            },
            "speechAct": "(단언) 주장하기",
            "morpheme": "위/NNG+에/JKB+이상/NNG+한/XSA+ETM+할머니/NNG+이사/NNG+와서/VV+EC+미칠/VV+ETM+지경/NNB+^/SY+^/SY"
          },
          {
            "id": 6,
            "text": "2 : 키키 와 어딜 가나 이상한 사람은 존재한다더니",
            "norm_text": "키키 와 어딜 가나 이상한 사람은 존재한다더니",
            "speaker": {
              "id": "2번",
              "sex": "여성",
              "age": "20대"
            },
            "speechAct": "(단언) 주장하기",
            "morpheme": "키/NNG+키/XSV+ETN+와/JC+어딜/NP+JKO+가/VV+나/EC+이상/NNG+한/XSA+ETM+사람/NNG+은/JX+존재/NNG+한다더니/XSV+EC"
          },
          {
            "id": 7,
            "text": "1 : 할머니 난간 청소 창틀 청소 하루에 한 번씩 하는 듯...",
            "norm_text": "할머니 난간 청소 창틀 청소 하루에 한 번씩 하는 듯...",
            "speaker": {
              "id": "1번",
              "sex": "여성",
              "age": "30대"
            },
            "speechAct": "(단언) 주장하기",
            "morpheme": "할머니/NNG+난간/NNG+청소/NNG+창틀/NNG+청소/NNG+하루/NNG+에/JKB+한/MM+번/NNBC+씩/XSN+하/VV+는/ETM+듯/NNB+./SY"
          },
          {
            "id": 8,
            "text": "2 : 얼마 전에 나는 윗집 올라가서 싸웠자나",
            "norm_text": "얼마 전에 나는 윗집 올라가서 싸웠자나",
            "speaker": {
              "id": "2번",
              "sex": "여성",
              "age": "20대"
            },
            "speechAct": "(단언) 진술하기",
            "morpheme": "얼마/NNG+전/NNG+에/JKB+나/NP+는/JX+윗집/NNG+올라가/VV+서/EC+싸웠/VV+EP+자/EC+나/VX"
          },
          {
            "id": 9,
            "text": "1 : 우리 집으로 다 들어와 ㅠ 요즘 창문 열고 사는데 ㅠ",
            "norm_text": "우리 집으로 다 들어와 ㅠ 요즘 창문 열고 사는데 ㅠ",
            "speaker": {
              "id": "1번",
              "sex": "여성",
              "age": "30대"
            },
            "speechAct": "(단언) 진술하기",
            "morpheme": "우리/NP+집/NNG+으로/JKB+다/MAG+들어와/VV+EC+ㅠ/UNKNOWN+요즘/NNG+창문/NNG+열/VV+고/EC+사/VV+는/ETM+데ㅠ/UNKNOWN"
          },
          {
            "id": 10,
            "text": "2 : 헐 ㅠㅠ 무슨 창틀 청소를 그렇게 자주 하셔",
            "norm_text": "헐 ㅠㅠ 무슨 창틀 청소를 그렇게 자주 하셔",
            "speaker": {
              "id": "2번",
              "sex": "여성",
              "age": "20대"
            },
            "speechAct": "(단언) 주장하기",
            "morpheme": "헐/VV+JKO+ㅠㅠ/UNKNOWN+무슨/MM+창틀/NNG+청소/NNG+를/JKO+그렇게/MAG+자주/MAG+하/VV+셔/EP+EC"
          },
          {
            "id": 11,
            "text": "1 : 키키 애들이 너무 뛰어서?",
            "norm_text": "키키 애들이 너무 뛰어서?",
            "speaker": {
              "id": "1번",
              "sex": "여성",
              "age": "30대"
            },
            "speechAct": "(지시) 질문하기",
            "morpheme": "키/NNG+키/NNG+애/NNG+들/XSN+이/JKS+너무/MAG+뛰/VV+어서/EC"
          },
          {
            "id": 12,
            "text": "1 : 그러다 큰일 난다 ㅠ",
            "norm_text": "그러다 큰일 난다 ㅠ",
            "speaker": {
              "id": "1번",
              "sex": "여성",
              "age": "30대"
            },
            "speechAct": "(단언) 주장하기",
            "morpheme": "그러다큰일난다ㅠ/UNKNOWN"
          },
          {
            "id": 13,
            "text": "2 : 몇 번 방송으로 말씀드렸는데도 시끄러워서...",
            "norm_text": "몇 번 방송으로 말씀드렸는데도 시끄러워서...",
            "speaker": {
              "id": "2번",
              "sex": "여성",
              "age": "20대"
            },
            "speechAct": "(단언) 주장하기",
            "morpheme": "몇/MM+번/NNBC+방송/NNG+으로/JKB+말씀/NNG+드렸/VV+EP+는데/EC+도/JX+시끄러워서/VA+EC+./SY+./SY"
          },
          {
            "id": 14,
            "text": "1 : 그니까... 넘 별난 이웃 만나서 엄청 신경 쓰임 ㅡㅡ",
            "norm_text": "그니까... 넘 별난 이웃 만나서 엄청 신경 쓰임 ㅡㅡ",
            "speaker": {
              "id": "1번",
              "sex": "여성",
              "age": "30대"
            },
            "speechAct": "(단언) 주장하기",
            "morpheme": "그니까/MAJ+./SY+넘별난이웃만나서엄청신경쓰임ㅡㅡ/UNKNOWN"
          },
          {
            "id": 15,
            "text": "2 : 질량보존의 법칙이라고... 어딜 가나 존재한다",
            "norm_text": "질량보존의 법칙이라고... 어딜 가나 존재한다",
            "speaker": {
              "id": "2번",
              "sex": "여성",
              "age": "20대"
            },
            "speechAct": "(단언) 주장하기",
            "morpheme": "질량/NNG+보존/NNG+의/JKG+법칙/NNG+이/VCP+라고/EC+./SY+./SY+어딜/NP+JKO+가/VV+나/EC+존재/NNG+한다/XSV+EC"
          },
          {
            "id": 16,
            "text": "1 : 매트 깔라고 말하지!",
            "norm_text": "매트 깔라고 말하지!",
            "speaker": {
              "id": "1번",
              "sex": "여성",
              "age": "30대"
            },
            "speechAct": "(단언) 주장하기",
            "morpheme": "매트/NNG+깔/VV+라고/EC+말/NNG+하/XSA+지/EF"
          },
          {
            "id": 17,
            "text": "1 : 애들 난한 집은 필로티로 가야 해...",
            "norm_text": "애들 난한 집은 필로티로 가야 해...",
            "speaker": {
              "id": "1번",
              "sex": "여성",
              "age": "30대"
            },
            "speechAct": "(단언) 주장하기",
            "morpheme": "애/NNG+들/XSN+난한/NNG+집/NNG+은/JX+필로티/NNG+로/JKB+가/VV+야/EC+해/VX+EF+./SY"
          },
          {
            "id": 18,
            "text": "2 : 오죽하면 층간소음 슬리퍼 들고 올라가서 따졌자나",
            "norm_text": "오죽하면 층간소음 슬리퍼 들고 올라가서 따졌자나",
            "speaker": {
              "id": "2번",
              "sex": "여성",
              "age": "20대"
            },
            "speechAct": "(단언) 진술하기",
            "morpheme": "오죽/MAG+하/VV+면/EC+층간/NNG+소음/NNG+슬리퍼/NNG+들/VV+고/EC+올라가/VV+서/EC+따졌/VV+EP+자/EC+나/VX"
          }
        ]
      }
    }
  ]
}