{
  "dataset": {
    "identifier": 63529,
    "name": "KAKAO_908_09_set",
    "src_path": "/data/file/cubeManager/PROJECT001/53/txt20211005154927000986/KAKAO_908_09_set/",
    "label_path": "/data/file/cubeManager/PROJECT001/53/txt20211005154927000986/KAKAO_908_09_set/",
    "category": 2,
    "type": 0
  },
  "licenses": {
    "name": "Apache License 1.0",
    "url": "http://www.apache.org/licenses/LICENSE-1.0"
  },
  "info": [
    {
      "id": 41746,
      "filename": "KAKAO_908_09.txt",
      "title": "KAKAO_908_09",
      "mediatype": "SNS",
      "medianame": "카카오톡",
      "category": "일상대화",
      "date": "2021-10-05",
      "size": 548,
      "annotations": {
        "subject": "반려동물",
        "speaker_type": "1:1",
        "size": 548,
        "word_size": 174,
        "text": "1 : 어제 개는 휼륭하다 봤나 키키 셰퍼드 나오는 거\n2 : 응 봤음 키키\n2 : 와 걔네 엄청 잘생겼더라!\n1 : 그체 키키 독일 강아지라서 그런가 독일 사람 느낌 나지 않더나?\n2 : 그래? 키키 뭔가 엄청 세고 충직한 느낌은 있음\n1 : 응응 키키 진짝 뭔가 독일 이미지랑 잘 어울리잖아\n2 : 그래 키키 근데 장미란 강아지는 7개월인데 그렇게 크나\n1 : 대형견이잖아 키키\n1 : 장군이 진짜 젠틀 하지 않더나\n2 : 어 키키 보호자 들어오기 전부터 거기서 나고 자랐다며\n1 : 어 ㅠㅠ 5년이나 키운 반려동물을 놔두고 가는 마음은 어땠을까?\n2 : 맞제 키키 근데 그건 파양이 아니라 좋은 선택 아닌가?\n1 : 응응 그러니까 키키 거기서 나고 자라서 평생 뛰놀던 애니까\n2 : 응 키키 그런 애를 도시로 데리고 나가는 것보다 나은 선택이지\n1 : 맞아 키키 다행히 지금 보호자가 엄청 좋아하더라\n2 : 그니까 운명이었나 봐 그렇게 큰 개를 선뜻 받아주기도 힘들었을 텐데\n1 : 운명이지 운명 키키\n1 : 아빠 보호자 엄청 웃기던데 키키\n2 : 어 키키 장미가 입질 한다고 자기만 장화 신고 있더라 키키",
        "lines": [
          {
            "id": 1,
            "text": "1 : 어제 개는 휼륭하다 봤나 키키 셰퍼드 나오는 거",
            "norm_text": "어제 개는 휼륭하다 봤나 키키 셰퍼드 나오는 거",
            "speaker": {
              "id": "1번",
              "sex": "여성",
              "age": "20대"
            },
            "speechAct": "(지시) 질문하기",
            "morpheme": "어/IC+제개/NNG+는/JX+휼륭/UNKNOWN+하/VV+다/EC+봤/VX+EP+나/EC+키/NNG+키/NNG+셰퍼드/NNG+나오/VV+는/ETM+거/NNB"
          },
          {
            "id": 2,
            "text": "2 : 응 봤음 키키",
            "norm_text": "응 봤음 키키",
            "speaker": {
              "id": "2번",
              "sex": "여성",
              "age": "20대"
            },
            "speechAct": "(단언) 진술하기",
            "morpheme": "응/IC+봤/VV+EP+음/ETN+키/NNG+키/XSV+ETN"
          },
          {
            "id": 3,
            "text": "2 : 와 걔네 엄청 잘생겼더라!",
            "norm_text": "와 걔네 엄청 잘생겼더라!",
            "speaker": {
              "id": "2번",
              "sex": "여성",
              "age": "20대"
            },
            "speechAct": "(단언) 주장하기",
            "morpheme": "와/IC+걔/NP+네/XSN+엄청/MAG+잘/MAG+생겼/VV+EP+더라/EF"
          },
          {
            "id": 4,
            "text": "1 : 그체 키키 독일 강아지라서 그런가 독일 사람 느낌 나지 않더나?",
            "norm_text": "그체 키키 독일 강아지라서 그런가 독일 사람 느낌 나지 않더나?",
            "speaker": {
              "id": "1번",
              "sex": "여성",
              "age": "20대"
            },
            "speechAct": "(지시) 질문하기",
            "morpheme": "그/MM+체키/NNP+키/NNG+독일/NNP+강아지/NNG+라서/VCP+EC+그런가/VA+EC+독일/NNP+사람/NNG+느낌/NNG+나/VV+지/EC+않/VX+더나/EF"
          },
          {
            "id": 5,
            "text": "2 : 그래? 키키 뭔가 엄청 세고 충직한 느낌은 있음",
            "norm_text": "그래? 키키 뭔가 엄청 세고 충직한 느낌은 있음",
            "speaker": {
              "id": "2번",
              "sex": "여성",
              "age": "20대"
            },
            "speechAct": "(단언) 진술하기",
            "morpheme": "그래/IC+키/NNG+키/XSV+ETN+뭔가/NP+VCP+EC+엄청/MAG+세/VA+고/EC+충직/XR+한/XSA+ETM+느낌/NNG+은/JX+있/VV+음/ETN"
          },
          {
            "id": 6,
            "text": "1 : 응응 키키 진짝 뭔가 독일 이미지랑 잘 어울리잖아",
            "norm_text": "응응 키키 진짝 뭔가 독일 이미지랑 잘 어울리잖아",
            "speaker": {
              "id": "1번",
              "sex": "여성",
              "age": "20대"
            },
            "speechAct": "(단언) 진술하기",
            "morpheme": "응/IC+응/IC+키/NNG+키진/NNP+짝/MAG+뭔가/NP+VCP+EC+독일/NNP+이미지/NNG+랑/JKB+잘/MAG+어울리/VV+잖아/EC"
          },
          {
            "id": 7,
            "text": "2 : 그래 키키 근데 장미란 강아지는 7개월인데 그렇게 크나",
            "norm_text": "그래 키키 근데 장미란 강아지는 7개월인데 그렇게 크나",
            "speaker": {
              "id": "2번",
              "sex": "여성",
              "age": "20대"
            },
            "speechAct": "(단언) 진술하기",
            "morpheme": "그래/IC+키/NNG+키/XSV+ETN+근데/MAJ+장미란/NNP+강아지/NNG+는/JX+7/SN+개월/NNBC+인데/VCP+EC+그렇게/MAG+크/VA+나/EC"
          },
          {
            "id": 8,
            "text": "1 : 대형견이잖아 키키",
            "norm_text": "대형견이잖아 키키",
            "speaker": {
              "id": "1번",
              "sex": "여성",
              "age": "20대"
            },
            "speechAct": "(단언) 진술하기",
            "morpheme": "대형견이잖아키키/UNKNOWN"
          },
          {
            "id": 9,
            "text": "1 : 장군이 진짜 젠틀 하지 않더나",
            "norm_text": "장군이 진짜 젠틀 하지 않더나",
            "speaker": {
              "id": "1번",
              "sex": "여성",
              "age": "20대"
            },
            "speechAct": "(단언) 진술하기",
            "morpheme": "장군/NNG+이/JKS+진짜/MAG+젠틀/NNG+하/XSV+지/EC+않/VX+더나/EF"
          },
          {
            "id": 10,
            "text": "2 : 어 키키 보호자 들어오기 전부터 거기서 나고 자랐다며",
            "norm_text": "어 키키 보호자 들어오기 전부터 거기서 나고 자랐다며",
            "speaker": {
              "id": "2번",
              "sex": "여성",
              "age": "20대"
            },
            "speechAct": "(단언) 진술하기",
            "morpheme": "어/IC+키/NNG+키/NNG+보호자/NNG+들어오/VV+기/ETN+전/NNG+부터/JX+거기/NP+서/JKB+나/VV+고/EC+자랐/VV+EP+다며/EC"
          },
          {
            "id": 11,
            "text": "1 : 어 ㅠㅠ 5년이나 키운 반려동물을 놔두고 가는 마음은 어땠을까?",
            "norm_text": "어 ㅠㅠ 5년이나 키운 반려동물을 놔두고 가는 마음은 어땠을까?",
            "speaker": {
              "id": "1번",
              "sex": "여성",
              "age": "20대"
            },
            "speechAct": "(지시) 질문하기",
            "morpheme": "어ㅠㅠ/UNKNOWN+5/SN+년/NNBC+이나/JX+키운/VV+ETM+반려/NNG+동물/NNG+을/JKO+놔두/VV+고/EC+가/VX+는/ETM+마음/NNG+은/JX+어땠/VA+EP+을까/EF"
          },
          {
            "id": 12,
            "text": "2 : 맞제 키키 근데 그건 파양이 아니라 좋은 선택 아닌가?",
            "norm_text": "맞제 키키 근데 그건 파양이 아니라 좋은 선택 아닌가?",
            "speaker": {
              "id": "2번",
              "sex": "여성",
              "age": "20대"
            },
            "speechAct": "(지시) 질문하기",
            "morpheme": "맞/VV+제/EC+키/NNG+키/XSV+ETN+근데/MAJ+그건/NP+JX+파양/NNG+이/JKC+아니/VCN+라/EC+좋/VA+은/ETM+선택/NNG+아닌가/VCN+EF"
          },
          {
            "id": 13,
            "text": "1 : 응응 그러니까 키키 거기서 나고 자라서 평생 뛰놀던 애니까",
            "norm_text": "응응 그러니까 키키 거기서 나고 자라서 평생 뛰놀던 애니까",
            "speaker": {
              "id": "1번",
              "sex": "여성",
              "age": "20대"
            },
            "speechAct": "(단언) 진술하기",
            "morpheme": "응/IC+응/IC+그러니까/MAJ+키/NNG+키/XSV+ETN+거기/NP+서/JKB+나/VV+고/EC+자라/VV+서/EC+평생/NNG+뛰놀/VV+던/ETM+애/NNG+니까/VCP+EC"
          },
          {
            "id": 14,
            "text": "2 : 응 키키 그런 애를 도시로 데리고 나가는 것보다 나은 선택이지",
            "norm_text": "응 키키 그런 애를 도시로 데리고 나가는 것보다 나은 선택이지",
            "speaker": {
              "id": "2번",
              "sex": "여성",
              "age": "20대"
            },
            "speechAct": "(단언) 진술하기",
            "morpheme": "응/IC+키키/NNP+그런/MM+애/NNG+를/JKO+도시/NNG+로/JKB+데리/VV+고/EC+나가/VX+는/ETM+것/NNB+보다/JKB+나/VA+은/ETM+선택/NNG+이/VCP+지/EC"
          },
          {
            "id": 15,
            "text": "1 : 맞아 키키 다행히 지금 보호자가 엄청 좋아하더라",
            "norm_text": "맞아 키키 다행히 지금 보호자가 엄청 좋아하더라",
            "speaker": {
              "id": "1번",
              "sex": "여성",
              "age": "20대"
            },
            "speechAct": "(단언) 진술하기",
            "morpheme": "맞/VV+아/EC+키/NNG+키/XSV+ETN+다행히/MAG+지금/MAG+보호자/NNG+가/JKS+엄청/MAG+좋/VA+아/EC+하/VV+더라/EC"
          },
          {
            "id": 16,
            "text": "2 : 그니까 운명이었나 봐 그렇게 큰 개를 선뜻 받아주기도 힘들었을 텐데",
            "norm_text": "그니까 운명이었나 봐 그렇게 큰 개를 선뜻 받아주기도 힘들었을 텐데",
            "speaker": {
              "id": "2번",
              "sex": "여성",
              "age": "20대"
            },
            "speechAct": "(단언) 진술하기",
            "morpheme": "그니까/MAJ+운명/NNG+이/VCP+었/EP+나/EC+봐/VX+EF+그렇게/MAG+큰개/NNG+를/JKO+선뜻/MAG+받/VV+아/EC+주/VX+기/ETN+도/JX+힘들/VA+었/EP+을/ETM+텐데/NNB+VCP+EC"
          },
          {
            "id": 17,
            "text": "1 : 운명이지 운명 키키",
            "norm_text": "운명이지 운명 키키",
            "speaker": {
              "id": "1번",
              "sex": "여성",
              "age": "20대"
            },
            "speechAct": "(단언) 주장하기",
            "morpheme": "운명/NNG+이/VCP+지/EC+운명/NNG+키/NNG+키/XSV+ETN"
          },
          {
            "id": 18,
            "text": "1 : 아빠 보호자 엄청 웃기던데 키키",
            "norm_text": "아빠 보호자 엄청 웃기던데 키키",
            "speaker": {
              "id": "1번",
              "sex": "여성",
              "age": "20대"
            },
            "speechAct": "(단언) 진술하기",
            "morpheme": "아빠/NNG+보호자/NNG+엄청/MAG+웃기/VV+던데/EC+키/NNG+키/XSV+ETN"
          },
          {
            "id": 19,
            "text": "2 : 어 키키 장미가 입질 한다고 자기만 장화 신고 있더라 키키",
            "norm_text": "어 키키 장미가 입질 한다고 자기만 장화 신고 있더라 키키",
            "speaker": {
              "id": "2번",
              "sex": "여성",
              "age": "20대"
            },
            "speechAct": "(단언) 진술하기",
            "morpheme": "어/IC+키/NNG+키/NNG+장미/NNG+가/JKS+입질/NNG+한다고/XSV+EC+자기/NP+만/JX+장화/NNG+신/VV+고/EC+있/VX+더라/EC+키/NNG+키/XSV+ETN"
          }
        ]
      }
    }
  ]
}