{
  "dataset": {
    "identifier": 63161,
    "name": "KAKAO_917_01_set",
    "src_path": "/data/file/cubeManager/PROJECT001/53/txt20211005154939010825/KAKAO_917_01_set/",
    "label_path": "/data/file/cubeManager/PROJECT001/53/txt20211005154939010825/KAKAO_917_01_set/",
    "category": 2,
    "type": 0
  },
  "licenses": {
    "name": "Apache License 1.0",
    "url": "http://www.apache.org/licenses/LICENSE-1.0"
  },
  "info": [
    {
      "id": 41758,
      "filename": "KAKAO_917_01.txt",
      "title": "KAKAO_917_01",
      "mediatype": "SNS",
      "medianame": "카카오톡",
      "category": "일상대화",
      "date": "2021-10-05",
      "size": 395,
      "annotations": {
        "subject": "식음료",
        "speaker_type": "1:1",
        "size": 395,
        "word_size": 136,
        "text": "1 : 회사에서 식사 메뉴 잘 나오는 편이야?\n2 : 어 나쁘지 않게 나오는 거 같은데?\n1 : 오 특식 메뉴도 있나?\n2 : 한 번씩 나올 때도 있다 키키\n1 : 키키 집에서는 밥 해먹는 편이가?\n2 : 아니 키키 귀찮아서 잘 안 먹는다\n1 : 회사에서 다 때우고 오나?\n2 : 어 키키 아님 집 와서 컵라면 먹거나\n1 : 키키 맞다 진짜 먹을 거 없을 때는 컵라면이 최고지\n2 : 키키 컵라면 한 박스 사 놨다\n1 : 키키 컵라면 어떤 거 사 먹는데?\n2 : 블랙신라면 키키 제일 맛있다\n1 : 아 블랙신라면... 내 아는 애는 후첨 전첨 몰라서 둘 다 때려 넣더라... 키키\n2 : 키키 나도 처음에 몰랐는데?\n1 : 키키 니 얘기한 거야...\n1 : 속으로 찔렸제?\n2 : 키키 내 얘기하는 줄 알았지\n2 : 어떻게 알았나 싶었다",
        "lines": [
          {
            "id": 1,
            "text": "1 : 회사에서 식사 메뉴 잘 나오는 편이야?",
            "norm_text": "회사에서 식사 메뉴 잘 나오는 편이야?",
            "speaker": {
              "id": "1번",
              "sex": "여성",
              "age": "20대"
            },
            "speechAct": "(지시) 질문하기",
            "morpheme": "회사/NNG+에서/JKB+식사/NNG+메뉴/NNG+잘/MAG+나오/VV+는/ETM+편/NNB+이/VCP+야/EF"
          },
          {
            "id": 2,
            "text": "2 : 어 나쁘지 않게 나오는 거 같은데?",
            "norm_text": "어 나쁘지 않게 나오는 거 같은데?",
            "speaker": {
              "id": "2번",
              "sex": "남성",
              "age": "30대"
            },
            "speechAct": "(단언) 주장하기",
            "morpheme": "어/IC+나쁘/VA+지/EC+않/VX+게/EC+나오/VV+는/ETM+거/NNB+같/VA+은데/EF"
          },
          {
            "id": 3,
            "text": "1 : 오 특식 메뉴도 있나?",
            "norm_text": "오 특식 메뉴도 있나?",
            "speaker": {
              "id": "1번",
              "sex": "여성",
              "age": "20대"
            },
            "speechAct": "(지시) 질문하기",
            "morpheme": "오/NR+특식/NNG+메뉴/NNG+도/JX+있/VA+나/EF"
          },
          {
            "id": 4,
            "text": "2 : 한 번씩 나올 때도 있다 키키",
            "norm_text": "한 번씩 나올 때도 있다 키키",
            "speaker": {
              "id": "2번",
              "sex": "남성",
              "age": "30대"
            },
            "speechAct": "(단언) 주장하기",
            "morpheme": "한/MM+번/NNBC+씩/XSN+나올/VV+ETM+때/NNG+도/JX+있/VA+다키키/NNP"
          },
          {
            "id": 5,
            "text": "1 : 키키 집에서는 밥 해먹는 편이가?",
            "norm_text": "키키 집에서는 밥 해먹는 편이가?",
            "speaker": {
              "id": "1번",
              "sex": "여성",
              "age": "20대"
            },
            "speechAct": "(지시) 질문하기",
            "morpheme": "키/NNG+키/NNG+집/NNG+에서/JKB+는/JX+밥/NNG+해/XSV+EC+먹/VV+는/ETM+편이/NNG+가/JKS"
          },
          {
            "id": 6,
            "text": "2 : 아니 키키 귀찮아서 잘 안 먹는다",
            "norm_text": "아니 키키 귀찮아서 잘 안 먹는다",
            "speaker": {
              "id": "2번",
              "sex": "남성",
              "age": "30대"
            },
            "speechAct": "(단언) 진술하기",
            "morpheme": "아니/IC+키/NNG+키/XSV+ETN+귀찮/VA+아서/EC+잘/MAG+안/MAG+먹/VV+는다/EC"
          },
          {
            "id": 7,
            "text": "1 : 회사에서 다 때우고 오나?",
            "norm_text": "회사에서 다 때우고 오나?",
            "speaker": {
              "id": "1번",
              "sex": "여성",
              "age": "20대"
            },
            "speechAct": "(지시) 질문하기",
            "morpheme": "회사/NNG+에서/JKB+다/MAG+때우/VV+고/EC+오/VX+나/EF"
          },
          {
            "id": 8,
            "text": "2 : 어 키키 아님 집 와서 컵라면 먹거나",
            "norm_text": "어 키키 아님 집 와서 컵라면 먹거나",
            "speaker": {
              "id": "2번",
              "sex": "남성",
              "age": "30대"
            },
            "speechAct": "(단언) 진술하기",
            "morpheme": "어/IC+키/NNG+키/XSV+ETN+아님/VCN+ETN+집/NNG+와서/VV+EC+컵라면/NNG+먹/VV+거나/EC"
          },
          {
            "id": 9,
            "text": "1 : 키키 맞다 진짜 먹을 거 없을 때는 컵라면이 최고지",
            "norm_text": "키키 맞다 진짜 먹을 거 없을 때는 컵라면이 최고지",
            "speaker": {
              "id": "1번",
              "sex": "여성",
              "age": "20대"
            },
            "speechAct": "(단언) 주장하기",
            "morpheme": "키/NNG+키/XSV+ETN+맞/VV+다/EF+진짜/MAG+먹/VV+을/ETM+거/NNB+없/VA+을/ETM+때/NNG+는/JX+컵라면/NNG+이/JKS+최고/NNG+지/VCP+EC"
          },
          {
            "id": 10,
            "text": "2 : 키키 컵라면 한 박스 사 놨다",
            "norm_text": "키키 컵라면 한 박스 사 놨다",
            "speaker": {
              "id": "2번",
              "sex": "남성",
              "age": "30대"
            },
            "speechAct": "(단언) 진술하기",
            "morpheme": "키/NNG+키/NNG+컵라면/NNG+한/XSA+ETM+박스/NNG+사/VV+EC+놨다/VX+EP+EC"
          },
          {
            "id": 11,
            "text": "1 : 키키 컵라면 어떤 거 사 먹는데?",
            "norm_text": "키키 컵라면 어떤 거 사 먹는데?",
            "speaker": {
              "id": "1번",
              "sex": "여성",
              "age": "20대"
            },
            "speechAct": "(지시) 질문하기",
            "morpheme": "키/NNG+키/NNG+컵/NNG+라면/VCP+EC+어떤/MM+거사/NNG+먹/VV+는데/EC"
          },
          {
            "id": 12,
            "text": "2 : 블랙신라면 키키 제일 맛있다",
            "norm_text": "블랙신라면 키키 제일 맛있다",
            "speaker": {
              "id": "2번",
              "sex": "남성",
              "age": "30대"
            },
            "speechAct": "(단언) 주장하기",
            "morpheme": "블랙/NNG+신라면/NNP+키/NNG+키/XSV+ETN+제일/MAG+맛있/VA+다/EC"
          },
          {
            "id": 13,
            "text": "1 : 아 블랙신라면... 내 아는 애는 후첨 전첨 몰라서 둘 다 때려 넣더라... 키키",
            "norm_text": "아 블랙신라면... 내 아는 애는 후첨 전첨 몰라서 둘 다 때려 넣더라... 키키",
            "speaker": {
              "id": "1번",
              "sex": "여성",
              "age": "20대"
            },
            "speechAct": "(단언) 진술하기",
            "morpheme": "아/IC+블랙/NNG+신라면/NNP+./SY+./SY+내아/NNG+는/JX+애/NNG+는/JX+후/NNG+첨/NNG+전첨/NNG+몰라/VV+EC+서둘/VV+다/EC+때려/VX+EC+넣/VV+더라/EF+./SY+키/NNG+키/XSV+ETN"
          },
          {
            "id": 14,
            "text": "2 : 키키 나도 처음에 몰랐는데?",
            "norm_text": "키키 나도 처음에 몰랐는데?",
            "speaker": {
              "id": "2번",
              "sex": "남성",
              "age": "30대"
            },
            "speechAct": "(지시) 질문하기",
            "morpheme": "키/NNG+키나/XSA+ETN+JX+도/JX+처음/NNG+에/JKB+몰랐/VV+EP+는데/EF"
          },
          {
            "id": 15,
            "text": "1 : 키키 니 얘기한 거야...",
            "norm_text": "키키 니 얘기한 거야...",
            "speaker": {
              "id": "1번",
              "sex": "여성",
              "age": "20대"
            },
            "speechAct": "(단언) 진술하기",
            "morpheme": "키/NNG+키/VV+니/EC+얘기/NNG+한/XSA+ETM+거/NNB+야/VCP+EF+./SY"
          },
          {
            "id": 16,
            "text": "1 : 속으로 찔렸제?",
            "norm_text": "속으로 찔렸제?",
            "speaker": {
              "id": "1번",
              "sex": "여성",
              "age": "20대"
            },
            "speechAct": "(지시) 질문하기",
            "morpheme": "속/NNG+으로/JKB+찔렸/VV+EP+제/EF"
          },
          {
            "id": 17,
            "text": "2 : 키키 내 얘기하는 줄 알았지",
            "norm_text": "키키 내 얘기하는 줄 알았지",
            "speaker": {
              "id": "2번",
              "sex": "남성",
              "age": "30대"
            },
            "speechAct": "(단언) 주장하기",
            "morpheme": "키/NNG+키/XSV+ETN+내/NP+JKG+얘기/NNG+하/XSV+는/ETM+줄/NNB+알/VV+았/EP+지/EC"
          },
          {
            "id": 18,
            "text": "2 : 어떻게 알았나 싶었다",
            "norm_text": "어떻게 알았나 싶었다",
            "speaker": {
              "id": "2번",
              "sex": "남성",
              "age": "30대"
            },
            "speechAct": "(단언) 주장하기",
            "morpheme": "어떻게/MAG+알/VV+았/EP+나/EC+싶/VX+었/EP+다/EC"
          }
        ]
      }
    }
  ]
}