{
  "dataset": {
    "identifier": 63638,
    "name": "KAKAO_907_10_set",
    "src_path": "/data/file/cubeManager/PROJECT001/53/txt20211005154856071732/KAKAO_907_10_set/",
    "label_path": "/data/file/cubeManager/PROJECT001/53/txt20211005154856071732/KAKAO_907_10_set/",
    "category": 2,
    "type": 0
  },
  "licenses": {
    "name": "Apache License 1.0",
    "url": "http://www.apache.org/licenses/LICENSE-1.0"
  },
  "info": [
    {
      "id": 41727,
      "filename": "KAKAO_907_10.txt",
      "title": "KAKAO_907_10",
      "mediatype": "SNS",
      "medianame": "카카오톡",
      "category": "일상대화",
      "date": "2021-10-05",
      "size": 521,
      "annotations": {
        "subject": "스포츠/레저",
        "speaker_type": "1:1",
        "size": 521,
        "word_size": 176,
        "text": "1 : 나 이번에 올림픽 보고 완전 여자 배구에 빠졌어\n2 : 그치 진짜 재밌어...\n2 : 그리고 언니들 짱 멋있음 ㅜㅜ\n1 : 인정... 키도 다 크고 기술도 멋져\n2 : 나 고딩 때 일본 만화 하이큐 아냐?\n2 : 그거 완전 좋아했었는디 ㅜ\n1 : 하이큐? 그건 또 첨 들어보네\n1 : 뭐 어떤 건데?\n2 : 일본 고딩 배구 팀 만화거든?\n2 : 나 오타쿠 아닌데 존잼 임\n1 : 오 키키 약간 의심스러운데?\n1 : 키키 어디서 보는데\n2 : 지금 넷플에 있는 거 같더라?\n2 : 니도 한번 바바\n1 : ㅇㅋㅇㅋ 남는 게 시간이니 그 정도는 쌉가능이지\n2 : 일본이 또 배구로 유명해서 그런 거 만들었나 바\n1 : 근데 그림체 별로 내 스타일은 아니네? 키키\n2 : 나도 첨에 그래서 별로였거든?\n2 : 보다 보면 얘들아 파이팅! 이러고 있음\n1 : 키키 개웃겨 추석에 시간 많으니까 그때 정주행 해볼게\n2 : ㅇㅋ 그거 순식간에 다 본다에 한 표!\n1 : 약간 과자랑 맥주 마시면서 보면 잼쓸 거 같애 키키\n2 : 딱이다 나도 생각난 김에 다시 정주행 해야지 하하",
        "lines": [
          {
            "id": 1,
            "text": "1 : 나 이번에 올림픽 보고 완전 여자 배구에 빠졌어",
            "norm_text": "나 이번에 올림픽 보고 완전 여자 배구에 빠졌어",
            "speaker": {
              "id": "1번",
              "sex": "여성",
              "age": "20대"
            },
            "speechAct": "(단언) 주장하기",
            "morpheme": "나/NP+이번/NNG+에/JKB+올림픽/NNP+보고/JKB+완전/NNG+여자/NNG+배구/NNG+에/JKB+빠졌/VV+EP+어/EC"
          },
          {
            "id": 2,
            "text": "2 : 그치 진짜 재밌어...",
            "norm_text": "그치 진짜 재밌어...",
            "speaker": {
              "id": "2번",
              "sex": "여성",
              "age": "20대"
            },
            "speechAct": "(단언) 주장하기",
            "morpheme": "그치/IC+진짜/MAG+재밌/VA+어/EF+./SY"
          },
          {
            "id": 3,
            "text": "2 : 그리고 언니들 짱 멋있음 ㅜㅜ",
            "norm_text": "그리고 언니들 짱 멋있음 ㅜㅜ",
            "speaker": {
              "id": "2번",
              "sex": "여성",
              "age": "20대"
            },
            "speechAct": "(단언) 주장하기",
            "morpheme": "그리고/MAJ+언니/NNG+들/XSN+짱/MAG+멋있/VA+음/ETN+ㅜㅜ/UNKNOWN"
          },
          {
            "id": 4,
            "text": "1 : 인정... 키도 다 크고 기술도 멋져",
            "norm_text": "인정... 키도 다 크고 기술도 멋져",
            "speaker": {
              "id": "1번",
              "sex": "여성",
              "age": "20대"
            },
            "speechAct": "(단언) 주장하기",
            "morpheme": "인정/NNG+./SY+./SY+키/NNG+도/JX+다/MAG+크/VA+고/EC+기술/NNG+도/JX+멋져/VA+EC"
          },
          {
            "id": 5,
            "text": "2 : 나 고딩 때 일본 만화 하이큐 아냐?",
            "norm_text": "나 고딩 때 일본 만화 하이큐 아냐?",
            "speaker": {
              "id": "2번",
              "sex": "여성",
              "age": "20대"
            },
            "speechAct": "(단언) 주장하기",
            "morpheme": "나/VV+고/EC+딩/NNG+때/NNG+일본/NNP+만화/NNG+하/XSV+이큐/NNG+아냐/VCN+EF"
          },
          {
            "id": 6,
            "text": "2 : 그거 완전 좋아했었는디 ㅜ",
            "norm_text": "그거 완전 좋아했었는디 ㅜ",
            "speaker": {
              "id": "2번",
              "sex": "여성",
              "age": "20대"
            },
            "speechAct": "(단언) 주장하기",
            "morpheme": "그거/NP+완전/MAG+좋/VA+아/EC+했었/VX+EP+는디/EC+ㅜ/UNKNOWN"
          },
          {
            "id": 7,
            "text": "1 : 하이큐? 그건 또 첨 들어보네",
            "norm_text": "하이큐? 그건 또 첨 들어보네",
            "speaker": {
              "id": "1번",
              "sex": "여성",
              "age": "20대"
            },
            "speechAct": "(단언) 주장하기",
            "morpheme": "하이/IC+큐/MAG+그건/NP+JX+또/MAG+첨/MAG+들/VV+어/EC+보/VX+네/EC"
          },
          {
            "id": 8,
            "text": "1 : 뭐 어떤 건데?",
            "norm_text": "뭐 어떤 건데?",
            "speaker": {
              "id": "1번",
              "sex": "여성",
              "age": "20대"
            },
            "speechAct": "(단언) 주장하기",
            "morpheme": "뭐/IC+어떤/MM+건데/NNB+VCP+EF"
          },
          {
            "id": 9,
            "text": "2 : 일본 고딩 배구 팀 만화거든?",
            "norm_text": "일본 고딩 배구 팀 만화거든?",
            "speaker": {
              "id": "2번",
              "sex": "여성",
              "age": "20대"
            },
            "speechAct": "(단언) 주장하기",
            "morpheme": "일본/NNP+고딩/NNP+배구/NNG+팀/NNG+만화/NNG+거든/VCP+EF"
          },
          {
            "id": 10,
            "text": "2 : 나 오타쿠 아닌데 존잼 임",
            "norm_text": "나 오타쿠 아닌데 존잼 임",
            "speaker": {
              "id": "2번",
              "sex": "여성",
              "age": "20대"
            },
            "speechAct": "(단언) 주장하기",
            "morpheme": "나/NP+오타쿠/NNP+아닌데/VCN+EC+존/NNP+잼/NNG+임/VCP+ETN"
          },
          {
            "id": 11,
            "text": "1 : 오 키키 약간 의심스러운데?",
            "norm_text": "오 키키 약간 의심스러운데?",
            "speaker": {
              "id": "1번",
              "sex": "여성",
              "age": "20대"
            },
            "speechAct": "(단언) 주장하기",
            "morpheme": "오키/NNP+키/NNG+약간/MAG+의심/NNG+스러운데/XSA+EF"
          },
          {
            "id": 12,
            "text": "1 : 키키 어디서 보는데",
            "norm_text": "키키 어디서 보는데",
            "speaker": {
              "id": "1번",
              "sex": "여성",
              "age": "20대"
            },
            "speechAct": "(지시) 질문하기",
            "morpheme": "키/NNG+키/XSV+ETN+어디/NP+서/JKB+보/VV+는데/EC"
          },
          {
            "id": 13,
            "text": "2 : 지금 넷플에 있는 거 같더라?",
            "norm_text": "지금 넷플에 있는 거 같더라?",
            "speaker": {
              "id": "2번",
              "sex": "여성",
              "age": "20대"
            },
            "speechAct": "(단언) 주장하기",
            "morpheme": "지금/MAG+넷/NR+플/NNG+에/JKB+있/VV+는/ETM+거/NNB+같/VA+더라/EF"
          },
          {
            "id": 14,
            "text": "2 : 니도 한번 바바",
            "norm_text": "니도 한번 바바",
            "speaker": {
              "id": "2번",
              "sex": "여성",
              "age": "20대"
            },
            "speechAct": "(단언) 주장하기",
            "morpheme": "니/NP+도/JX+한번/MAG+바바/NNP"
          },
          {
            "id": 15,
            "text": "1 : ㅇㅋㅇㅋ 남는 게 시간이니 그 정도는 쌉가능이지",
            "norm_text": "ㅇㅋㅇㅋ 남는 게 시간이니 그 정도는 쌉가능이지",
            "speaker": {
              "id": "1번",
              "sex": "여성",
              "age": "20대"
            },
            "speechAct": "(단언) 주장하기",
            "morpheme": "ㅇㅋ/UNKNOWN+ㅇㅋ/UNKNOWN+남/VV+는/ETM+게/NNB+JKS+시간/NNG+이/VCP+니/EC+그/MM+정도/NNG+는/JX+쌉/UNKNOWN+가능/NNG+이/VCP+지/EC"
          },
          {
            "id": 16,
            "text": "2 : 일본이 또 배구로 유명해서 그런 거 만들었나 바",
            "norm_text": "일본이 또 배구로 유명해서 그런 거 만들었나 바",
            "speaker": {
              "id": "2번",
              "sex": "여성",
              "age": "20대"
            },
            "speechAct": "(단언) 주장하기",
            "morpheme": "일본/NNP+이/JKS+또/MAG+배구/NNG+로/JKB+유명/NNG+해서/XSV+EC+그런/MM+거/NNB+만들/VV+었/EP+나바/NNP"
          },
          {
            "id": 17,
            "text": "1 : 근데 그림체 별로 내 스타일은 아니네? 키키",
            "norm_text": "근데 그림체 별로 내 스타일은 아니네? 키키",
            "speaker": {
              "id": "1번",
              "sex": "여성",
              "age": "20대"
            },
            "speechAct": "(단언) 주장하기",
            "morpheme": "근데/MAJ+그림/NNG+체/NNB+별로/MAG+내/NP+JKG+스타일/NNG+은/JX+아니/VCN+네/EF+키/NNG+키/XSV+ETN"
          },
          {
            "id": 18,
            "text": "2 : 나도 첨에 그래서 별로였거든?",
            "norm_text": "나도 첨에 그래서 별로였거든?",
            "speaker": {
              "id": "2번",
              "sex": "여성",
              "age": "20대"
            },
            "speechAct": "(단언) 주장하기",
            "morpheme": "나/NP+도/JX+첨/NNG+에/JKB+그래서/MAJ+별로/MAG+였/VCP+EP+거든/EF"
          },
          {
            "id": 19,
            "text": "2 : 보다 보면 얘들아 파이팅! 이러고 있음",
            "norm_text": "보다 보면 얘들아 파이팅! 이러고 있음",
            "speaker": {
              "id": "2번",
              "sex": "여성",
              "age": "20대"
            },
            "speechAct": "(단언) 진술하기",
            "morpheme": "보다/MAG+보/VV+면/EC+얘/NP+들/XSN+아/JKV+파이팅/IC+이러/VV+고/EC+있/VX+음/ETN"
          },
          {
            "id": 20,
            "text": "1 : 키키 개웃겨 추석에 시간 많으니까 그때 정주행 해볼게",
            "norm_text": "키키 개웃겨 추석에 시간 많으니까 그때 정주행 해볼게",
            "speaker": {
              "id": "1번",
              "sex": "여성",
              "age": "20대"
            },
            "speechAct": "(단언) 주장하기",
            "morpheme": "키/NNG+키/XSV+ETN+개/NNBC+웃겨/VV+EC+추석/NNG+에/JKB+시간/NNG+많/VA+으니까/EC+그때/NNG+정주/NNG+행해볼/VV+EC+VX+ETM+게/NNB+JKS"
          },
          {
            "id": 21,
            "text": "2 : ㅇㅋ 그거 순식간에 다 본다에 한 표!",
            "norm_text": "ㅇㅋ 그거 순식간에 다 본다에 한 표!",
            "speaker": {
              "id": "2번",
              "sex": "여성",
              "age": "20대"
            },
            "speechAct": "(단언) 주장하기",
            "morpheme": "ㅇㅋ/UNKNOWN+그거/NP+순식간/NNG+에다/JKB+본다/VV+EC+에/JKB+한/MM+표/NNG"
          },
          {
            "id": 22,
            "text": "1 : 약간 과자랑 맥주 마시면서 보면 잼쓸 거 같애 키키",
            "norm_text": "약간 과자랑 맥주 마시면서 보면 잼쓸 거 같애 키키",
            "speaker": {
              "id": "1번",
              "sex": "여성",
              "age": "20대"
            },
            "speechAct": "(단언) 주장하기",
            "morpheme": "약간/MAG+과자/NNG+랑/JKB+맥주/NNG+마시/VV+면서/EC+보/VX+면/EC+잼/VV+ETN+쓸/VV+ETM+거/NNB+같/VA+애/EF+키/NNG+키/XSV+ETN"
          },
          {
            "id": 23,
            "text": "2 : 딱이다 나도 생각난 김에 다시 정주행 해야지 하하",
            "norm_text": "딱이다 나도 생각난 김에 다시 정주행 해야지 하하",
            "speaker": {
              "id": "2번",
              "sex": "여성",
              "age": "20대"
            },
            "speechAct": "(단언) 주장하기",
            "morpheme": "딱이/MAG+다/MAG+나/NP+도/JX+생각난/VV+ETM+김/NNB+에/JKB+다시/MAG+정주/NNG+행해야/VV+EC+지하/NNG+하/XSV"
          }
        ]
      }
    }
  ]
}