{
  "dataset": {
    "identifier": 63488,
    "name": "KAKAO_909_12_set",
    "src_path": "/data/file/cubeManager/PROJECT001/53/txt20211005154109086712/KAKAO_909_12_set/",
    "label_path": "/data/file/cubeManager/PROJECT001/53/txt20211005154109086712/KAKAO_909_12_set/",
    "category": 2,
    "type": 0
  },
  "licenses": {
    "name": "Apache License 1.0",
    "url": "http://www.apache.org/licenses/LICENSE-1.0"
  },
  "info": [
    {
      "id": 41589,
      "filename": "KAKAO_909_12.txt",
      "title": "KAKAO_909_12",
      "mediatype": "SNS",
      "medianame": "카카오톡",
      "category": "일상대화",
      "date": "2021-10-05",
      "size": 415,
      "annotations": {
        "subject": "여행",
        "speaker_type": "1:1",
        "size": 415,
        "word_size": 137,
        "text": "1 : 나 최근에 제주도 놀러 갔다 왔어\n2 : 네? 지금 확진자가 하루에 2천명씩 나오는 이 시국에요?\n1 : 앗... ㅠㅠ 그렇긴 한데 ㅠㅠ\n2 : 마스크 잘 쓰고 다녀온 거지?\n1 : 응응 나는 마스크 완전 잘 썼지!\n1 : 근데 사람들 진짜 많더라\n2 : 제주도 가는 사람들 많아?\n1 : 나는 사람 없을 줄 알았는데 공항 미어 터지더라\n2 : 그렇다니까? 방역 수칙 백날 잘 지키면 뭐해\n1 : 찔려서 뭐라 할 말이 없구만 ㅜ\n2 : 근데 제주도는 재밌었어?\n1 : 응응 키키 첫째날이랑 둘째날은 날씨가 안 좋았는데 집 가는 날에 날씨가 좋더라고 키키\n2 : 키키  내꺼 제주도 기념품은?\n1 : 아 당연히 사왔지! 만나면 줄게!\n2 : 너무 식상하게 감귤 초콜릿 같은 거 사온 거 아니야?\n1 : 키키 그런 거 아니야 감귤 치약이야\n2 : 네? 감귤 치약이요?",
        "lines": [
          {
            "id": 1,
            "text": "1 : 나 최근에 제주도 놀러 갔다 왔어",
            "norm_text": "나 최근에 제주도 놀러 갔다 왔어",
            "speaker": {
              "id": "1번",
              "sex": "여성",
              "age": "20대"
            },
            "speechAct": "(단언) 진술하기",
            "morpheme": "나/NP+최근/NNG+에/JKB+제주/NNP+도/JX+놀러갔/VV+EP+다/EC+왔/VX+EP+어/EC"
          },
          {
            "id": 2,
            "text": "2 : 네? 지금 확진자가 하루에 2천명씩 나오는 이 시국에요?",
            "norm_text": "네? 지금 확진자가 하루에 2천명씩 나오는 이 시국에요?",
            "speaker": {
              "id": "2번",
              "sex": "여성",
              "age": "20대"
            },
            "speechAct": "(지시) 질문하기",
            "morpheme": "네/IC+지금/MAG+확진/NNG+자/XSN+가/JKS+하루/NNG+에/JKB+2/SN+천/NR+명/NNBC+씩/XSN+나오/VV+는/ETM+이/MM+시국/NNG+에/JKB+요/JX"
          },
          {
            "id": 3,
            "text": "1 : 앗... ㅠㅠ 그렇긴 한데 ㅠㅠ",
            "norm_text": "앗... ㅠㅠ 그렇긴 한데 ㅠㅠ",
            "speaker": {
              "id": "1번",
              "sex": "여성",
              "age": "20대"
            },
            "speechAct": "(단언) 주장하기",
            "morpheme": "앗/IC+./SY+ㅠㅠ/UNKNOWN+그렇/VA+긴/ETN+JX+한데/VX+EC+ㅠㅠ/UNKNOWN"
          },
          {
            "id": 4,
            "text": "2 : 마스크 잘 쓰고 다녀온 거지?",
            "norm_text": "마스크 잘 쓰고 다녀온 거지?",
            "speaker": {
              "id": "2번",
              "sex": "여성",
              "age": "20대"
            },
            "speechAct": "(지시) 질문하기",
            "morpheme": "마스크/IC+잘/MAG+쓰/VV+고/EC+다녀온/VV+ETM+거/NNB+지/VCP+EF"
          },
          {
            "id": 5,
            "text": "1 : 응응 나는 마스크 완전 잘 썼지!",
            "norm_text": "응응 나는 마스크 완전 잘 썼지!",
            "speaker": {
              "id": "1번",
              "sex": "여성",
              "age": "20대"
            },
            "speechAct": "(단언) 진술하기",
            "morpheme": "응/IC+응/IC+나/NP+는/JX+마스크/IC+완전/MAG+잘/MAG+썼/VV+EP+지/EF"
          },
          {
            "id": 6,
            "text": "1 : 근데 사람들 진짜 많더라",
            "norm_text": "근데 사람들 진짜 많더라",
            "speaker": {
              "id": "1번",
              "sex": "여성",
              "age": "20대"
            },
            "speechAct": "(단언) 진술하기",
            "morpheme": "근데/MAJ+사람/NNG+들/XSN+진짜/MAG+많/VA+더라/EC"
          },
          {
            "id": 7,
            "text": "2 : 제주도 가는 사람들 많아?",
            "norm_text": "제주도 가는 사람들 많아?",
            "speaker": {
              "id": "2번",
              "sex": "여성",
              "age": "20대"
            },
            "speechAct": "(지시) 질문하기",
            "morpheme": "제주/NNP+도/JX+가/VV+는/ETM+사람/NNG+들/XSN+많/VA+아/EF"
          },
          {
            "id": 8,
            "text": "1 : 나는 사람 없을 줄 알았는데 공항 미어 터지더라",
            "norm_text": "나는 사람 없을 줄 알았는데 공항 미어 터지더라",
            "speaker": {
              "id": "1번",
              "sex": "여성",
              "age": "20대"
            },
            "speechAct": "(단언) 진술하기",
            "morpheme": "나/NP+는/JX+사람/NNG+없/VA+을/ETM+줄/NNB+알/VV+았/EP+는데/EC+공항/NNG+미어터지/VV+더라/EC"
          },
          {
            "id": 9,
            "text": "2 : 그렇다니까? 방역 수칙 백날 잘 지키면 뭐해",
            "norm_text": "그렇다니까? 방역 수칙 백날 잘 지키면 뭐해",
            "speaker": {
              "id": "2번",
              "sex": "여성",
              "age": "20대"
            },
            "speechAct": "(단언) 주장하기",
            "morpheme": "그렇/VA+다니까/EF+방역/NNG+수칙/NNG+백날/MAG+잘/MAG+지키/VV+면/EC+뭐/IC+해/VV+EC"
          },
          {
            "id": 10,
            "text": "1 : 찔려서 뭐라 할 말이 없구만 ㅜ",
            "norm_text": "찔려서 뭐라 할 말이 없구만 ㅜ",
            "speaker": {
              "id": "1번",
              "sex": "여성",
              "age": "20대"
            },
            "speechAct": "(단언) 주장하기",
            "morpheme": "찔려서/VV+EC+뭐/NP+라/VCP+EC+할/VX+ETM+말/NNG+이/JKS+없/VA+구/EC+만ㅜ/UNKNOWN"
          },
          {
            "id": 11,
            "text": "2 : 근데 제주도는 재밌었어?",
            "norm_text": "근데 제주도는 재밌었어?",
            "speaker": {
              "id": "2번",
              "sex": "여성",
              "age": "20대"
            },
            "speechAct": "(지시) 질문하기",
            "morpheme": "근데/MAJ+제주도/NNP+는/JX+재밌/VA+었/EP+어/EF"
          },
          {
            "id": 12,
            "text": "1 : 응응 키키 첫째날이랑 둘째날은 날씨가 안 좋았는데 집 가는 날에 날씨가 좋더라고 키키",
            "norm_text": "응응 키키 첫째날이랑 둘째날은 날씨가 안 좋았는데 집 가는 날에 날씨가 좋더라고 키키",
            "speaker": {
              "id": "1번",
              "sex": "여성",
              "age": "20대"
            },
            "speechAct": "(단언) 진술하기",
            "morpheme": "응/IC+응/IC+키/NNG+키/XSV+ETN+첫째/NR+날/NNG+이랑/JC+둘째/NR+날/NNG+은/JX+날씨/NNG+가/JKS+안/MAG+좋/VA+았/EP+는데/EC+집/NNG+가/VV+는/ETM+날/NNG+에/JKB+날씨/NNG+가/JKS+좋/VA+더라고/EC+키/NNG+키/XSV+ETN"
          },
          {
            "id": 13,
            "text": "2 : 키키  내꺼 제주도 기념품은?",
            "norm_text": "키키  내꺼 제주도 기념품은?",
            "speaker": {
              "id": "2번",
              "sex": "여성",
              "age": "20대"
            },
            "speechAct": "(지시) 질문하기",
            "morpheme": "키/NNG+키/NNG+내/NNB+꺼/VV+EC+제주도/NNP+기념품/NNG+은/JX"
          },
          {
            "id": 14,
            "text": "1 : 아 당연히 사왔지! 만나면 줄게!",
            "norm_text": "아 당연히 사왔지! 만나면 줄게!",
            "speaker": {
              "id": "1번",
              "sex": "여성",
              "age": "20대"
            },
            "speechAct": "(단언) 주장하기",
            "morpheme": "아/IC+당연히/MAG+사/VV+EC+왔/VX+EP+지/EF+만나/VV+면/EC+줄게/VX+EF"
          },
          {
            "id": 15,
            "text": "2 : 너무 식상하게 감귤 초콜릿 같은 거 사온 거 아니야?",
            "norm_text": "너무 식상하게 감귤 초콜릿 같은 거 사온 거 아니야?",
            "speaker": {
              "id": "2번",
              "sex": "여성",
              "age": "20대"
            },
            "speechAct": "(지시) 질문하기",
            "morpheme": "너무/MAG+식상/NNG+하/XSV+게/EC+감귤/NNG+초콜릿/NNG+같/VA+은/ETM+거/NNB+사/VV+EC+온/VX+ETM+거/NNB+아니/VCN+야/EF"
          },
          {
            "id": 16,
            "text": "1 : 키키 그런 거 아니야 감귤 치약이야",
            "norm_text": "키키 그런 거 아니야 감귤 치약이야",
            "speaker": {
              "id": "1번",
              "sex": "여성",
              "age": "20대"
            },
            "speechAct": "(단언) 진술하기",
            "morpheme": "키키/NNP+그런/MM+거/NNB+아니/VCN+야/EC+감귤/NNG+치약/NNG+이/VCP+야/EC"
          },
          {
            "id": 17,
            "text": "2 : 네? 감귤 치약이요?",
            "norm_text": "네? 감귤 치약이요?",
            "speaker": {
              "id": "2번",
              "sex": "여성",
              "age": "20대"
            },
            "speechAct": "(지시) 질문하기",
            "morpheme": "네/IC+감귤/NNG+치약/NNG+이/VCP+요/EF"
          }
        ]
      }
    }
  ]
}