{
  "dataset": {
    "identifier": 63205,
    "name": "KAKAO_917_16_set",
    "src_path": "/data/file/cubeManager/PROJECT001/53/txt20211005154939024857/KAKAO_917_16_set/",
    "label_path": "/data/file/cubeManager/PROJECT001/53/txt20211005154939024857/KAKAO_917_16_set/",
    "category": 2,
    "type": 0
  },
  "licenses": {
    "name": "Apache License 1.0",
    "url": "http://www.apache.org/licenses/LICENSE-1.0"
  },
  "info": [
    {
      "id": 41773,
      "filename": "KAKAO_917_16.txt",
      "title": "KAKAO_917_16",
      "mediatype": "SNS",
      "medianame": "카카오톡",
      "category": "일상대화",
      "date": "2021-10-05",
      "size": 399,
      "annotations": {
        "subject": "미용",
        "speaker_type": "1:1",
        "size": 399,
        "word_size": 134,
        "text": "1 : 울산에 잘하는 미용실 있어?\n2 : 그냥 집 근처 가는 거지 키키\n1 : 키키 거기는 잘해주나? 펌도 해?\n2 : 잘하는 거 같음 키키\n2 : 파마는 아직 안 해봤다\n1 : 머리만 자르나 그러면?\n2 : 파마는 할 일은 잘 없다 ㅜ\n1 : 그래도 남자들 파마 많이 하던데 키키\n2 : 키키 나는 안 어울려서 못 하겠더라\n1 : 머리에 숱이 많아?\n2 : 요즘 머리 빠진다 ㅠㅠ\n1 : 머리숱 너무 많으면 파마해도 안 이쁘더라\n2 : 더 없으면 파마해야겠네 키키\n1 : 원래 머리숱 적은 사람들이 많아 보이려고 파마하잖아 키키\n2 : 지금부터라도 관리해야겠다 ㅠㅠ\n1 : 응 키키 탈모샴푸 써보지\n2 : 탈모샴푸 효과 있나?\n1 : 이번에 탈모 샘플 삼푸 써봤는데 효과 있어서 나도 그거 살 생각이다 키키\n2 : 어디 건데 나도 좀 가르쳐도",
        "lines": [
          {
            "id": 1,
            "text": "1 : 울산에 잘하는 미용실 있어?",
            "norm_text": "울산에 잘하는 미용실 있어?",
            "speaker": {
              "id": "1번",
              "sex": "여성",
              "age": "20대"
            },
            "speechAct": "(지시) 질문하기",
            "morpheme": "울산/NNP+에/JKB+잘/MAG+하/VV+는/ETM+미용실/NNG+있/VA+어/EF"
          },
          {
            "id": 2,
            "text": "2 : 그냥 집 근처 가는 거지 키키",
            "norm_text": "그냥 집 근처 가는 거지 키키",
            "speaker": {
              "id": "2번",
              "sex": "남성",
              "age": "30대"
            },
            "speechAct": "(단언) 주장하기",
            "morpheme": "그냥/MAG+집/NNG+근처/NNG+가/VV+는/ETM+거/NNB+지/VCP+EC+키/NNG+키/XSV+ETN"
          },
          {
            "id": 3,
            "text": "1 : 키키 거기는 잘해주나? 펌도 해?",
            "norm_text": "키키 거기는 잘해주나? 펌도 해?",
            "speaker": {
              "id": "1번",
              "sex": "여성",
              "age": "20대"
            },
            "speechAct": "(지시) 질문하기",
            "morpheme": "키/NNG+키/XSV+ETN+거기/NP+는/JX+잘/MAG+해/VV+EC+주/VX+나/EF+펌/NNG+도/JX+해/VV+EF"
          },
          {
            "id": 4,
            "text": "2 : 잘하는 거 같음 키키",
            "norm_text": "잘하는 거 같음 키키",
            "speaker": {
              "id": "2번",
              "sex": "남성",
              "age": "30대"
            },
            "speechAct": "(단언) 주장하기",
            "morpheme": "잘/MAG+하/VV+는/ETM+거/NNB+같/VA+음/ETN+키/NNG+키/XSV+ETN"
          },
          {
            "id": 5,
            "text": "2 : 파마는 아직 안 해봤다",
            "norm_text": "파마는 아직 안 해봤다",
            "speaker": {
              "id": "2번",
              "sex": "남성",
              "age": "30대"
            },
            "speechAct": "(단언) 주장하기",
            "morpheme": "파마/NNG+는/JX+아직/MAG+안/MAG+해/VV+EC+봤/VX+EP+다/EC"
          },
          {
            "id": 6,
            "text": "1 : 머리만 자르나 그러면?",
            "norm_text": "머리만 자르나 그러면?",
            "speaker": {
              "id": "1번",
              "sex": "여성",
              "age": "20대"
            },
            "speechAct": "(지시) 질문하기",
            "morpheme": "머리/NNG+만/JX+자르/VV+나/EC+그러/VV+면/EC"
          },
          {
            "id": 7,
            "text": "2 : 파마는 할 일은 잘 없다 ㅜ",
            "norm_text": "파마는 할 일은 잘 없다 ㅜ",
            "speaker": {
              "id": "2번",
              "sex": "남성",
              "age": "30대"
            },
            "speechAct": "(단언) 주장하기",
            "morpheme": "파마/NNG+는/JX+할/VV+ETM+일/NNG+은/JX+잘/MAG+없/VA+다/EF+ㅜ/UNKNOWN"
          },
          {
            "id": 8,
            "text": "1 : 그래도 남자들 파마 많이 하던데 키키",
            "norm_text": "그래도 남자들 파마 많이 하던데 키키",
            "speaker": {
              "id": "1번",
              "sex": "여성",
              "age": "20대"
            },
            "speechAct": "(단언) 진술하기",
            "morpheme": "그래도/MAJ+남자/NNG+들/XSN+파마/NNG+많이/MAG+하/VV+던데/EC+키/NNG+키/XSV+ETN"
          },
          {
            "id": 9,
            "text": "2 : 키키 나는 안 어울려서 못 하겠더라",
            "norm_text": "키키 나는 안 어울려서 못 하겠더라",
            "speaker": {
              "id": "2번",
              "sex": "남성",
              "age": "30대"
            },
            "speechAct": "(단언) 주장하기",
            "morpheme": "키/NNG+키나/XSA+ETN+JX+는/JX+안/MAG+어울려서/VV+EC+못하/VX+겠/EP+더라/EC"
          },
          {
            "id": 10,
            "text": "1 : 머리에 숱이 많아?",
            "norm_text": "머리에 숱이 많아?",
            "speaker": {
              "id": "1번",
              "sex": "여성",
              "age": "20대"
            },
            "speechAct": "(지시) 질문하기",
            "morpheme": "머리/NNG+에/JKB+숱/NNG+이/JKS+많/VA+아/EF"
          },
          {
            "id": 11,
            "text": "2 : 요즘 머리 빠진다 ㅠㅠ",
            "norm_text": "요즘 머리 빠진다 ㅠㅠ",
            "speaker": {
              "id": "2번",
              "sex": "남성",
              "age": "30대"
            },
            "speechAct": "(단언) 주장하기",
            "morpheme": "요즘/NNG+머리/NNG+빠진다/VV+EC+ㅠㅠ/UNKNOWN"
          },
          {
            "id": 12,
            "text": "1 : 머리숱 너무 많으면 파마해도 안 이쁘더라",
            "norm_text": "머리숱 너무 많으면 파마해도 안 이쁘더라",
            "speaker": {
              "id": "1번",
              "sex": "여성",
              "age": "20대"
            },
            "speechAct": "(단언) 주장하기",
            "morpheme": "머리숱/NNG+너무/MAG+많/VA+으면/EC+파마/NNG+해도/XSV+EC+안/MAG+이쁘/VA+더라/EC"
          },
          {
            "id": 13,
            "text": "2 : 더 없으면 파마해야겠네 키키",
            "norm_text": "더 없으면 파마해야겠네 키키",
            "speaker": {
              "id": "2번",
              "sex": "남성",
              "age": "30대"
            },
            "speechAct": "(단언) 주장하기",
            "morpheme": "더/MAG+없/VA+으면/EC+파마/NNG+해야/XSV+EC+VX+겠/EP+네/EF+키/NNG+키/XSV+ETN"
          },
          {
            "id": 14,
            "text": "1 : 원래 머리숱 적은 사람들이 많아 보이려고 파마하잖아 키키",
            "norm_text": "원래 머리숱 적은 사람들이 많아 보이려고 파마하잖아 키키",
            "speaker": {
              "id": "1번",
              "sex": "여성",
              "age": "20대"
            },
            "speechAct": "(단언) 진술하기",
            "morpheme": "원래/MAG+머리숱/NNG+적/XSN+은/JX+사람/NNG+들/XSN+이/JKS+많/VA+아/EC+보이/VV+려고/EC+파마/NNG+하/XSV+잖아/EC+키/NNG+키/XSV+ETN"
          },
          {
            "id": 15,
            "text": "2 : 지금부터라도 관리해야겠다 ㅠㅠ",
            "norm_text": "지금부터라도 관리해야겠다 ㅠㅠ",
            "speaker": {
              "id": "2번",
              "sex": "남성",
              "age": "30대"
            },
            "speechAct": "(단언) 주장하기",
            "morpheme": "지금/NNG+부터/JX+라도/VCP+EC+관리/NNG+해야/XSV+EC+VX+겠/EP+다/EF+ㅠㅠ/UNKNOWN"
          },
          {
            "id": 16,
            "text": "1 : 응 키키 탈모샴푸 써보지",
            "norm_text": "응 키키 탈모샴푸 써보지",
            "speaker": {
              "id": "1번",
              "sex": "여성",
              "age": "20대"
            },
            "speechAct": "(지시) 충고/제안하기",
            "morpheme": "응/IC+키/NNG+키/NNG+탈모/NNG+샴푸/NNG+써/VV+EC+보/VX+지/EC"
          },
          {
            "id": 17,
            "text": "2 : 탈모샴푸 효과 있나?",
            "norm_text": "탈모샴푸 효과 있나?",
            "speaker": {
              "id": "2번",
              "sex": "남성",
              "age": "30대"
            },
            "speechAct": "(지시) 질문하기",
            "morpheme": "탈모/NNG+샴푸/NNG+효과/NNG+있/VA+나/EF"
          },
          {
            "id": 18,
            "text": "1 : 이번에 탈모 샘플 삼푸 써봤는데 효과 있어서 나도 그거 살 생각이다 키키",
            "norm_text": "이번에 탈모 샘플 삼푸 써봤는데 효과 있어서 나도 그거 살 생각이다 키키",
            "speaker": {
              "id": "1번",
              "sex": "여성",
              "age": "20대"
            },
            "speechAct": "(단언) 주장하기",
            "morpheme": "이번/NNG+에/JKB+탈모/NNG+샘플/NNG+삼/NR+푸/NNG+써/VV+EC+봤/VX+EP+는데/EC+효과/NNG+있/VV+어서/EC+나/NP+도/JX+그거/NP+살/VV+ETM+생각/NNG+이/JKS+다키키/NNP"
          },
          {
            "id": 19,
            "text": "2 : 어디 건데 나도 좀 가르쳐도",
            "norm_text": "어디 건데 나도 좀 가르쳐도",
            "speaker": {
              "id": "2번",
              "sex": "남성",
              "age": "30대"
            },
            "speechAct": "(지시) 부탁하기",
            "morpheme": "어디/NP+건데/NNB+VCP+EC+나/NP+도/JX+좀/MAG+가르쳐도/VV+EC"
          }
        ]
      }
    }
  ]
}