{
  "dataset": {
    "identifier": 72840,
    "name": "KAKAO_905_10_set",
    "src_path": "/data/file/cubeManager/PROJECT001/53/txt20211005152851095870/KAKAO_905_10_set/",
    "label_path": "/data/file/cubeManager/PROJECT001/53/txt20211005152851095870/KAKAO_905_10_set/",
    "category": 2,
    "type": 0
  },
  "licenses": {
    "name": "Apache License 1.0",
    "url": "http://www.apache.org/licenses/LICENSE-1.0"
  },
  "info": [
    {
      "id": 41347,
      "filename": "KAKAO_905_10.txt",
      "title": "KAKAO_905_10",
      "mediatype": "SNS",
      "medianame": "카카오톡",
      "category": "일상대화",
      "date": "2021-10-05",
      "size": 302,
      "annotations": {
        "subject": "스포츠/레저",
        "speaker_type": "1:1",
        "size": 302,
        "word_size": 105,
        "text": "1 : 요새 야구 핵노잼임...\n2 : 야구 요새 안 보게 됨\n1 : 리얼 흥미 잃었음 너두...?\n2 : 근데 심지어 엔씨 4위임\n1 : 엥 그래? 와글로\n2 : 지금도 이기고 있음 하하\n1 : 키키 더 잘하노 이겨도 근데 재미없당\n2 : 6연승 질주 왜 이리 잘하냐\n1 : 그 분들 나가고 나서 정 떨어진 듯\n2 : 노진혁 돌아오자마자 홈런 하하\n1 : 어디 갔다 왔는데?\n2 : 슬슬 야구가 재밌어지는걸 하하 ㅎ\n1 : 엥 난 한국시리즈 갈 때까지 안 볼랭\n2 : 나도 하하 노잼임 직관\n1 : 진똘형 글러브도 갖다 줘 얼른\n2 : 응원하고 싶다 소리치면서 하하",
        "lines": [
          {
            "id": 1,
            "text": "1 : 요새 야구 핵노잼임...",
            "norm_text": "요새 야구 핵노잼임...",
            "speaker": {
              "id": "1번",
              "sex": "여성",
              "age": "30대"
            },
            "speechAct": "(단언) 주장하기",
            "morpheme": "요새야구핵노잼임/UNKNOWN+./SY"
          },
          {
            "id": 2,
            "text": "2 : 야구 요새 안 보게 됨",
            "norm_text": "야구 요새 안 보게 됨",
            "speaker": {
              "id": "2번",
              "sex": "남성",
              "age": "30대"
            },
            "speechAct": "(단언) 주장하기",
            "morpheme": "야구/NNG+요새/MAG+안/MAG+보/VV+게/EC+됨/VV+ETN"
          },
          {
            "id": 3,
            "text": "1 : 리얼 흥미 잃었음 너두...?",
            "norm_text": "리얼 흥미 잃었음 너두...?",
            "speaker": {
              "id": "1번",
              "sex": "여성",
              "age": "30대"
            },
            "speechAct": "(지시) 질문하기",
            "morpheme": "리얼흥미잃었음너두/UNKNOWN+./SY+./SY"
          },
          {
            "id": 4,
            "text": "2 : 근데 심지어 엔씨 4위임",
            "norm_text": "근데 심지어 엔씨 4위임",
            "speaker": {
              "id": "2번",
              "sex": "남성",
              "age": "30대"
            },
            "speechAct": "(단언) 진술하기",
            "morpheme": "근데/MAJ+심지어/MAG+엔/NNP+씨/NNB+4/SN+위/NNBC+임/VCP+ETN"
          },
          {
            "id": 5,
            "text": "1 : 엥 그래? 와글로",
            "norm_text": "엥 그래? 와글로",
            "speaker": {
              "id": "1번",
              "sex": "여성",
              "age": "30대"
            },
            "speechAct": "(지시) 질문하기",
            "morpheme": "엥/IC+그래/IC+와/JC+글/NNG+로/JKB"
          },
          {
            "id": 6,
            "text": "2 : 지금도 이기고 있음 하하",
            "norm_text": "지금도 이기고 있음 하하",
            "speaker": {
              "id": "2번",
              "sex": "남성",
              "age": "30대"
            },
            "speechAct": "(단언) 진술하기",
            "morpheme": "지금/NNG+도/JX+이기/VV+고/EC+있/VX+음/ETN+하하/MAG"
          },
          {
            "id": 7,
            "text": "1 : 키키 더 잘하노 이겨도 근데 재미없당",
            "norm_text": "키키 더 잘하노 이겨도 근데 재미없당",
            "speaker": {
              "id": "1번",
              "sex": "여성",
              "age": "30대"
            },
            "speechAct": "(단언) 주장하기",
            "morpheme": "키/NNG+키/NNG+더/MAG+잘/MAG+하/VV+노/EC+이겨도/VV+EC+근데/MAJ+재미없/VA+당/EF"
          },
          {
            "id": 8,
            "text": "2 : 6연승 질주 왜 이리 잘하냐",
            "norm_text": "6연승 질주 왜 이리 잘하냐",
            "speaker": {
              "id": "2번",
              "sex": "남성",
              "age": "30대"
            },
            "speechAct": "(지시) 질문하기",
            "morpheme": "6/SN+연승/NNG+질주/NNG+왜/MAG+이리/MAG+잘/MAG+하/VV+냐/EC"
          },
          {
            "id": 9,
            "text": "1 : 그 분들 나가고 나서 정 떨어진 듯",
            "norm_text": "그 분들 나가고 나서 정 떨어진 듯",
            "speaker": {
              "id": "1번",
              "sex": "여성",
              "age": "30대"
            },
            "speechAct": "(단언) 주장하기",
            "morpheme": "그분/NP+들/XSN+나가/VV+고/EC+나/NP+서정/NNG+떨어진/VV+ETM+듯/NNB"
          },
          {
            "id": 10,
            "text": "2 : 노진혁 돌아오자마자 홈런 하하",
            "norm_text": "노진혁 돌아오자마자 홈런 하하",
            "speaker": {
              "id": "2번",
              "sex": "남성",
              "age": "30대"
            },
            "speechAct": "(단언) 진술하기",
            "morpheme": "노진혁/NNP+돌아오/VV+자마자/EC+홈런/NNG+하/XSV+하/XSA"
          },
          {
            "id": 11,
            "text": "1 : 어디 갔다 왔는데?",
            "norm_text": "어디 갔다 왔는데?",
            "speaker": {
              "id": "1번",
              "sex": "여성",
              "age": "30대"
            },
            "speechAct": "(지시) 질문하기",
            "morpheme": "어디/NP+갔다왔/VV+EP+는데/EF"
          },
          {
            "id": 12,
            "text": "2 : 슬슬 야구가 재밌어지는걸 하하 ㅎ",
            "norm_text": "슬슬 야구가 재밌어지는걸 하하 ㅎ",
            "speaker": {
              "id": "2번",
              "sex": "남성",
              "age": "30대"
            },
            "speechAct": "(단언) 주장하기",
            "morpheme": "슬슬/MAG+야구/NNG+가/JKS+재밌/VA+어/EC+지/VX+는/ETM+걸/NNB+JKO+하하/MAG+ㅎ/XSA"
          },
          {
            "id": 13,
            "text": "1 : 엥 난 한국시리즈 갈 때까지 안 볼랭",
            "norm_text": "엥 난 한국시리즈 갈 때까지 안 볼랭",
            "speaker": {
              "id": "1번",
              "sex": "여성",
              "age": "30대"
            },
            "speechAct": "(단언) 주장하기",
            "morpheme": "엥/IC+난/NP+JX+한국/NNP+시리즈/NNG+갈/VV+ETM+때/NNG+까지/JX+안/MAG+볼/VV+ETM+랭/NNG"
          },
          {
            "id": 14,
            "text": "2 : 나도 하하 노잼임 직관",
            "norm_text": "나도 하하 노잼임 직관",
            "speaker": {
              "id": "2번",
              "sex": "남성",
              "age": "30대"
            },
            "speechAct": "(단언) 주장하기",
            "morpheme": "나/NP+도/JX+하하/MAG+노/NNP+잼/NNG+임/VCP+ETN+직관/NNG"
          },
          {
            "id": 15,
            "text": "1 : 진똘형 글러브도 갖다 줘 얼른",
            "norm_text": "진똘형 글러브도 갖다 줘 얼른",
            "speaker": {
              "id": "1번",
              "sex": "여성",
              "age": "30대"
            },
            "speechAct": "(지시) 부탁하기",
            "morpheme": "진/VV+ETM+똘/NNG+형/XSN+글러브/NNG+도/JX+갖/VX+다/EC+줘/VX+EC+얼른/NNG"
          },
          {
            "id": 16,
            "text": "2 : 응원하고 싶다 소리치면서 하하",
            "norm_text": "응원하고 싶다 소리치면서 하하",
            "speaker": {
              "id": "2번",
              "sex": "남성",
              "age": "30대"
            },
            "speechAct": "(단언) 주장하기",
            "morpheme": "응원/NNG+하/XSV+고/EC+싶/VX+다/EC+소리치/VV+면서/EC+하하/MAG"
          }
        ]
      }
    }
  ]
}