{
  "dataset": {
    "identifier": 63323,
    "name": "KAKAO_914_02_set",
    "src_path": "/data/file/cubeManager/PROJECT001/53/txt20211005161430063714/KAKAO_914_02_set/",
    "label_path": "/data/file/cubeManager/PROJECT001/53/txt20211005161430063714/KAKAO_914_02_set/",
    "category": 2,
    "type": 0
  },
  "licenses": {
    "name": "Apache License 1.0",
    "url": "http://www.apache.org/licenses/LICENSE-1.0"
  },
  "info": [
    {
      "id": 42019,
      "filename": "KAKAO_914_02.txt",
      "title": "KAKAO_914_02",
      "mediatype": "SNS",
      "medianame": "카카오톡",
      "category": "일상대화",
      "date": "2021-10-05",
      "size": 540,
      "annotations": {
        "subject": "주거와 생활",
        "speaker_type": "1:1",
        "size": 540,
        "word_size": 188,
        "text": "1 : 부모님이랑 집에 같이 살면 또 잘 먹을 텐데\n2 : 키키 확실히 삼시세끼는 꼬박꼬박 잘 챙겨 먹을 거 같아 키키\n1 : 키키 그러니까 키키 진짜 엄마 밑에 있으면 잘 먹음\n2 : 난 일단 주면 주는 대로 다 먹거든 키키 싫어하는 음식 아닌 이상\n1 : 아? 키키 그래도 다행이네 편식은 없나 보네\n2 : 키키 예전에 편식 엄청 심했는데 이제 건강 생각해서 살려고 싫어해도 그냥 먹는? 키키\n1 : 그래 키키 골고루 먹어야 건강해지지 키키\n2 : 키키 넌 잘 챙겨 먹나 키키\n1 : 와 난 진짜 혼자 있어도 잘 챙겨 먹음 키키\n2 : 키키 오 잘 하고 있네 키키\n2 : 자취가 잘 맞나보오 키키\n1 : 키키 그런가 봄 키키\n1 : 난 배고프면 귀찮음도 없음 무조건 먹어야 함 키키\n2 : 키키 대박 배고픔이 귀찮음을 이겨?\n2 : 난 귀찮음이 늘 이기는데\n1 : 어 키키 난 이기더라 키키\n1 : 그런 거에는 귀찮음 없음 키키\n2 : 키키 부럽다 키키\n2 : 부지런하오 키키\n1 : 키키 이럴 때만 키키\n1 : 밥 좀 제대로 챙겨 무라 키키\n2 : 키키 열심히 챙겨 먹었었는데 사람 안 바뀌죠 키키",
        "lines": [
          {
            "id": 1,
            "text": "1 : 부모님이랑 집에 같이 살면 또 잘 먹을 텐데",
            "norm_text": "부모님이랑 집에 같이 살면 또 잘 먹을 텐데",
            "speaker": {
              "id": "1번",
              "sex": "남성",
              "age": "20대"
            },
            "speechAct": "(단언) 주장하기",
            "morpheme": "부모/NNG+님/XSN+이랑/JKB+집/NNG+에/JKB+같이/MAG+살/VV+면/EC+또/MAG+잘/MAG+먹/VV+을/ETM+텐데/NNB+VCP+EC"
          },
          {
            "id": 2,
            "text": "2 : 키키 확실히 삼시세끼는 꼬박꼬박 잘 챙겨 먹을 거 같아 키키",
            "norm_text": "키키 확실히 삼시세끼는 꼬박꼬박 잘 챙겨 먹을 거 같아 키키",
            "speaker": {
              "id": "2번",
              "sex": "여성",
              "age": "20대"
            },
            "speechAct": "(단언) 진술하기",
            "morpheme": "키/NNG+키/XSV+ETN+확실히/MAG+삼/NR+시/NNBC+세끼/NNG+는/JX+꼬박꼬박/MAG+잘/MAG+챙겨/VV+EC+먹/VV+을/ETM+거/NNB+같/VA+아/EC+키/NNG+키/XSV+ETN"
          },
          {
            "id": 3,
            "text": "1 : 키키 그러니까 키키 진짜 엄마 밑에 있으면 잘 먹음",
            "norm_text": "키키 그러니까 키키 진짜 엄마 밑에 있으면 잘 먹음",
            "speaker": {
              "id": "1번",
              "sex": "남성",
              "age": "20대"
            },
            "speechAct": "(단언) 진술하기",
            "morpheme": "키/NNG+키/XSV+ETN+그러니까/MAJ+키/NNG+키/XSV+ETN+진짜/MAG+엄마/NNG+밑/NNG+에/JKB+있/VV+으면/EC+잘/MAG+먹/VV+음/ETN"
          },
          {
            "id": 4,
            "text": "2 : 난 일단 주면 주는 대로 다 먹거든 키키 싫어하는 음식 아닌 이상",
            "norm_text": "난 일단 주면 주는 대로 다 먹거든 키키 싫어하는 음식 아닌 이상",
            "speaker": {
              "id": "2번",
              "sex": "여성",
              "age": "20대"
            },
            "speechAct": "(단언) 진술하기",
            "morpheme": "난/NP+JX+일단/MAG+주/VV+면/EC+주/VX+는/ETM+대로/NNB+다/MAG+먹/VV+거든/EC+키/NNG+키/XSV+ETN+싫/VA+어/EC+하/VV+는/ETM+음식/NNG+아닌/VCN+ETM+이상/NNG"
          },
          {
            "id": 5,
            "text": "1 : 아? 키키 그래도 다행이네 편식은 없나 보네",
            "norm_text": "아? 키키 그래도 다행이네 편식은 없나 보네",
            "speaker": {
              "id": "1번",
              "sex": "남성",
              "age": "20대"
            },
            "speechAct": "(단언) 진술하기",
            "morpheme": "아/IC+키/NNG+키/XSV+ETN+그래도/MAJ+다행/NNG+이/JKS+네/MM+편식/NNG+은/JX+없/VA+나/EC+보/VX+네/EC"
          },
          {
            "id": 6,
            "text": "2 : 키키 예전에 편식 엄청 심했는데 이제 건강 생각해서 살려고 싫어해도 그냥 먹는? 키키",
            "norm_text": "키키 예전에 편식 엄청 심했는데 이제 건강 생각해서 살려고 싫어해도 그냥 먹는? 키키",
            "speaker": {
              "id": "2번",
              "sex": "여성",
              "age": "20대"
            },
            "speechAct": "(단언) 진술하기",
            "morpheme": "키/NNG+키/NNG+예전/NNG+에/JKB+편식/NNG+엄청/MAG+심했/VA+EP+는데/EC+이제/MAG+건강/NNG+생각/NNG+해서/XSV+EC+살/VV+려고/EC+싫/VA+어/EC+해도/VV+EC+그냥/MAG+먹/VV+는/ETM+?/SY+키/NNG+키/XSV+ETN"
          },
          {
            "id": 7,
            "text": "1 : 그래 키키 골고루 먹어야 건강해지지 키키",
            "norm_text": "그래 키키 골고루 먹어야 건강해지지 키키",
            "speaker": {
              "id": "1번",
              "sex": "남성",
              "age": "20대"
            },
            "speechAct": "(단언) 주장하기",
            "morpheme": "그래/IC+키/NNG+키/NNG+골고루/MAG+먹/VV+어야/EC+건강/NNG+해/XSV+EC+지/VX+지/EC+키/NNG+키/XSV+ETN"
          },
          {
            "id": 8,
            "text": "2 : 키키 넌 잘 챙겨 먹나 키키",
            "norm_text": "키키 넌 잘 챙겨 먹나 키키",
            "speaker": {
              "id": "2번",
              "sex": "여성",
              "age": "20대"
            },
            "speechAct": "(지시) 질문하기",
            "morpheme": "키/NNG+키/XSV+ETN+넌/JX+잘/MAG+챙겨/VV+EC+먹/VV+나/EC+키/NNG+키/XSV+ETN"
          },
          {
            "id": 9,
            "text": "1 : 와 난 진짜 혼자 있어도 잘 챙겨 먹음 키키",
            "norm_text": "와 난 진짜 혼자 있어도 잘 챙겨 먹음 키키",
            "speaker": {
              "id": "1번",
              "sex": "남성",
              "age": "20대"
            },
            "speechAct": "(단언) 진술하기",
            "morpheme": "와/IC+난/NP+JX+진짜/MAG+혼자/MAG+있/VV+어도/EC+잘/MAG+챙겨/VV+EC+먹/VV+음/ETN+키/NNG+키/XSV+ETN"
          },
          {
            "id": 10,
            "text": "2 : 키키 오 잘 하고 있네 키키",
            "norm_text": "키키 오 잘 하고 있네 키키",
            "speaker": {
              "id": "2번",
              "sex": "여성",
              "age": "20대"
            },
            "speechAct": "(단언) 주장하기",
            "morpheme": "키/NNG+키/VV+오/EC+잘/MAG+하/VV+고/EC+있/VX+네/EF+키/NNG+키/XSV+ETN"
          },
          {
            "id": 11,
            "text": "2 : 자취가 잘 맞나보오 키키",
            "norm_text": "자취가 잘 맞나보오 키키",
            "speaker": {
              "id": "2번",
              "sex": "여성",
              "age": "20대"
            },
            "speechAct": "(단언) 주장하기",
            "morpheme": "자취/NNG+가/JKS+잘/MAG+맞/VV+나/EC+보/VX+오/EC+키/NNG+키/XSV+ETN"
          },
          {
            "id": 12,
            "text": "1 : 키키 그런가 봄 키키",
            "norm_text": "키키 그런가 봄 키키",
            "speaker": {
              "id": "1번",
              "sex": "남성",
              "age": "20대"
            },
            "speechAct": "(단언) 주장하기",
            "morpheme": "키/NNG+키/XSV+ETN+그런가/VA+EC+봄/NNG+키/NNG+키/XSV+ETN"
          },
          {
            "id": 13,
            "text": "1 : 난 배고프면 귀찮음도 없음 무조건 먹어야 함 키키",
            "norm_text": "난 배고프면 귀찮음도 없음 무조건 먹어야 함 키키",
            "speaker": {
              "id": "1번",
              "sex": "남성",
              "age": "20대"
            },
            "speechAct": "(단언) 진술하기",
            "morpheme": "난/NP+JX+배고프/VA+면/EC+귀찮/VA+음/ETN+도/JX+없/VA+음/EC+무조건/MAG+먹/VV+어야/EC+함/VX+ETN+키/NNG+키/XSV+ETN"
          },
          {
            "id": 14,
            "text": "2 : 키키 대박 배고픔이 귀찮음을 이겨?",
            "norm_text": "키키 대박 배고픔이 귀찮음을 이겨?",
            "speaker": {
              "id": "2번",
              "sex": "여성",
              "age": "20대"
            },
            "speechAct": "(지시) 질문하기",
            "morpheme": "키/NNG+키/NNG+대박/NNG+배고픔/NNG+이/JKS+귀찮/VA+음/ETN+을/JKO+이겨/VV+EF"
          },
          {
            "id": 15,
            "text": "2 : 난 귀찮음이 늘 이기는데",
            "norm_text": "난 귀찮음이 늘 이기는데",
            "speaker": {
              "id": "2번",
              "sex": "여성",
              "age": "20대"
            },
            "speechAct": "(단언) 진술하기",
            "morpheme": "난/NP+JX+귀찮/VA+음/ETN+이/JKS+늘/MAG+이기/VV+는데/EC"
          },
          {
            "id": 16,
            "text": "1 : 어 키키 난 이기더라 키키",
            "norm_text": "어 키키 난 이기더라 키키",
            "speaker": {
              "id": "1번",
              "sex": "남성",
              "age": "20대"
            },
            "speechAct": "(단언) 진술하기",
            "morpheme": "어/IC+키/NNG+키/XSV+ETN+난/NP+JX+이기/NP+JKS+더/MAG+라키/NNP+키/NNG"
          },
          {
            "id": 17,
            "text": "1 : 그런 거에는 귀찮음 없음 키키",
            "norm_text": "그런 거에는 귀찮음 없음 키키",
            "speaker": {
              "id": "1번",
              "sex": "남성",
              "age": "20대"
            },
            "speechAct": "(단언) 진술하기",
            "morpheme": "그런/MM+거/NNB+에/JKB+는/JX+귀찮/VA+음/ETN+없/VA+음/ETN+키/NNG+키/XSV+ETN"
          },
          {
            "id": 18,
            "text": "2 : 키키 부럽다 키키",
            "norm_text": "키키 부럽다 키키",
            "speaker": {
              "id": "2번",
              "sex": "여성",
              "age": "20대"
            },
            "speechAct": "(단언) 주장하기",
            "morpheme": "키키부럽다키키/UNKNOWN"
          },
          {
            "id": 19,
            "text": "2 : 부지런하오 키키",
            "norm_text": "부지런하오 키키",
            "speaker": {
              "id": "2번",
              "sex": "여성",
              "age": "20대"
            },
            "speechAct": "(단언) 주장하기",
            "morpheme": "부지런/NNG+하/XSV+오/EC+키/NNG+키/XSV+ETN"
          },
          {
            "id": 20,
            "text": "1 : 키키 이럴 때만 키키",
            "norm_text": "키키 이럴 때만 키키",
            "speaker": {
              "id": "1번",
              "sex": "남성",
              "age": "20대"
            },
            "speechAct": "(단언) 진술하기",
            "morpheme": "키키이럴때만키키/UNKNOWN"
          },
          {
            "id": 21,
            "text": "1 : 밥 좀 제대로 챙겨 무라 키키",
            "norm_text": "밥 좀 제대로 챙겨 무라 키키",
            "speaker": {
              "id": "1번",
              "sex": "남성",
              "age": "20대"
            },
            "speechAct": "(지시) 충고/제안하기",
            "morpheme": "밥/NNG+좀/MAG+제대로/MAG+챙겨/VV+EC+무라키/NNP+키/NNG"
          },
          {
            "id": 22,
            "text": "2 : 키키 열심히 챙겨 먹었었는데 사람 안 바뀌죠 키키",
            "norm_text": "키키 열심히 챙겨 먹었었는데 사람 안 바뀌죠 키키",
            "speaker": {
              "id": "2번",
              "sex": "여성",
              "age": "20대"
            },
            "speechAct": "(단언) 주장하기",
            "morpheme": "키/NNG+키/NNG+열심히/MAG+챙겨/VV+EC+먹/VV+었었/EP+는데/EC+사람/NNG+안/MAG+바뀌/VV+죠/EF+키/NNG+키/XSV+ETN"
          }
        ]
      }
    }
  ]
}