{
  "dataset": {
    "identifier": 61157,
    "name": "KAKAO_923_06_set",
    "src_path": "/data/file/cubeManager/PROJECT001/53/txt20211005154159069390/KAKAO_923_06_set/",
    "label_path": "/data/file/cubeManager/PROJECT001/53/txt20211005154159069390/KAKAO_923_06_set/",
    "category": 2,
    "type": 0
  },
  "licenses": {
    "name": "Apache License 1.0",
    "url": "http://www.apache.org/licenses/LICENSE-1.0"
  },
  "info": [
    {
      "id": 41663,
      "filename": "KAKAO_923_06.txt",
      "title": "KAKAO_923_06",
      "mediatype": "SNS",
      "medianame": "카카오톡",
      "category": "일상대화",
      "date": "2021-10-05",
      "size": 532,
      "annotations": {
        "subject": "교육",
        "speaker_type": "1:1",
        "size": 532,
        "word_size": 178,
        "text": "1 : 넌 자격증 공부하는 거 있어? 하하\n2 : 나 이제 토익 공부를 다시 해볼까 생각중이야\n1 : 오오 키키 갑자기? 무슨 계기가 있는 거야?\n2 : 자꾸 도태되고 있는 것 같아. 영어 자꾸 까먹구\n1 : 아 맞아 ㅜㅜ 외국어는 진짜 계속 해야 하는 거 같아\n2 : 맞아. 근데 토익보다도 회화가 더 중요한 것 같아\n1 : 응응 키키 몇 달만 안 해도 거의 백지가 되는 수준 키키\n2 : 어 키키 너는 뭐 준비하는 거 없어?\n1 : 키키 나는 요즘에 뭐 딱히 하는 건 없네... 키키\n2 : 하고 싶은 것도 없어?\n1 : 음... 키키 나 반려동물 관련 자격증 따보고 싶어\n2 : 그런 것도 국비 지원 가능한 거 있을껄?\n1 : 그치? 키키 그런 거 해서 키키 나중에 운동장 차리고 싶다\n2 : 키키 요즘 애완 미용 자격도 많이 들 하던데.\n1 : 키키 응 맞아... 키키 근데 입질 있으면 무서워...\n2 : 그게 무슨 말이야? 키키 입질 있으면?\n1 : 강아지가 미용 하는 거 싫어해서 사람을 물면 키키\n2 : 아 강아지 입질이구나 키키 그럼 강아지에 대해 먼저 알아봐 키키",
        "lines": [
          {
            "id": 1,
            "text": "1 : 넌 자격증 공부하는 거 있어? 하하",
            "norm_text": "넌 자격증 공부하는 거 있어? 하하",
            "speaker": {
              "id": "1번",
              "sex": "여성",
              "age": "30대"
            },
            "speechAct": "(지시) 질문하기",
            "morpheme": "넌/NP+JX+자격증/NNG+공부/NNG+하/XSV+는/ETM+거/NNB+있/VA+어/EF+하하/MAG"
          },
          {
            "id": 2,
            "text": "2 : 나 이제 토익 공부를 다시 해볼까 생각중이야",
            "norm_text": "나 이제 토익 공부를 다시 해볼까 생각중이야",
            "speaker": {
              "id": "2번",
              "sex": "여성",
              "age": "30대"
            },
            "speechAct": "(단언) 주장하기",
            "morpheme": "나/NP+이제/MAG+토익/NNG+공부/NNG+를/JKO+다시/MAG+해볼까/VV+EC+VX+EC+생각/NNG+중/NNB+이/VCP+야/EC"
          },
          {
            "id": 3,
            "text": "1 : 오오 키키 갑자기? 무슨 계기가 있는 거야?",
            "norm_text": "오오 키키 갑자기? 무슨 계기가 있는 거야?",
            "speaker": {
              "id": "1번",
              "sex": "여성",
              "age": "30대"
            },
            "speechAct": "(지시) 질문하기",
            "morpheme": "오/NR+오/NR+키/NNG+키/NNG+갑자기/MAG+무슨/MM+계기/NNG+가/JKS+있/VA+는/ETM+거/NNB+야/VCP+EF"
          },
          {
            "id": 4,
            "text": "2 : 자꾸 도태되고 있는 것 같아. 영어 자꾸 까먹구",
            "norm_text": "자꾸 도태되고 있는 것 같아. 영어 자꾸 까먹구",
            "speaker": {
              "id": "2번",
              "sex": "여성",
              "age": "30대"
            },
            "speechAct": "(단언) 진술하기",
            "morpheme": "자꾸/MAG+도태/NNG+되/XSV+고/EC+있/VX+는/ETM+것/NNB+같/VA+아/EF+영어/NNG+자꾸/MAG+까먹/VV+구/EC"
          },
          {
            "id": 5,
            "text": "1 : 아 맞아 ㅜㅜ 외국어는 진짜 계속 해야 하는 거 같아",
            "norm_text": "아 맞아 ㅜㅜ 외국어는 진짜 계속 해야 하는 거 같아",
            "speaker": {
              "id": "1번",
              "sex": "여성",
              "age": "30대"
            },
            "speechAct": "(단언) 주장하기",
            "morpheme": "아/IC+맞/VV+아/EC+ㅜㅜ/UNKNOWN+외국어/NNG+는/JX+진짜/MAG+계속/NNG+해야/XSV+EC+하/VV+는/ETM+거/NNB+같/VA+아/EC"
          },
          {
            "id": 6,
            "text": "2 : 맞아. 근데 토익보다도 회화가 더 중요한 것 같아",
            "norm_text": "맞아. 근데 토익보다도 회화가 더 중요한 것 같아",
            "speaker": {
              "id": "2번",
              "sex": "여성",
              "age": "30대"
            },
            "speechAct": "(단언) 주장하기",
            "morpheme": "맞/VV+아/EF+근데/MAJ+토익/NNG+보다/JKB+도/JX+회화/NNG+가/JKS+더/MAG+중요/NNG+한/XSA+ETM+것/NNB+같/VA+아/EC"
          },
          {
            "id": 7,
            "text": "1 : 응응 키키 몇 달만 안 해도 거의 백지가 되는 수준 키키",
            "norm_text": "응응 키키 몇 달만 안 해도 거의 백지가 되는 수준 키키",
            "speaker": {
              "id": "1번",
              "sex": "여성",
              "age": "30대"
            },
            "speechAct": "(단언) 주장하기",
            "morpheme": "응/IC+응/IC+키/NNG+키/XSV+ETN+몇/MM+달/NNG+만/JX+안/MAG+해도/VV+EC+거의/MAG+백지/NNG+가/JKS+되/VV+는/ETM+수준/NNG+키/NNG+키/XSV+ETN"
          },
          {
            "id": 8,
            "text": "2 : 어 키키 너는 뭐 준비하는 거 없어?",
            "norm_text": "어 키키 너는 뭐 준비하는 거 없어?",
            "speaker": {
              "id": "2번",
              "sex": "여성",
              "age": "30대"
            },
            "speechAct": "(지시) 질문하기",
            "morpheme": "어/IC+키/NNG+키/XSV+ETN+너/NP+는/JX+뭐/IC+준비/NNG+하/XSV+는/ETM+거/NNB+없/VA+어/EF"
          },
          {
            "id": 9,
            "text": "1 : 키키 나는 요즘에 뭐 딱히 하는 건 없네... 키키",
            "norm_text": "키키 나는 요즘에 뭐 딱히 하는 건 없네... 키키",
            "speaker": {
              "id": "1번",
              "sex": "여성",
              "age": "30대"
            },
            "speechAct": "(단언) 진술하기",
            "morpheme": "키/NNG+키나/XSA+ETN+JX+는/JX+요즘/NNG+에/JKB+뭐/IC+딱히/MAG+하/VV+는/ETM+건/NNB+JX+없/VA+네/EF+./SY+키/NNG+키/XSV+ETN"
          },
          {
            "id": 10,
            "text": "2 : 하고 싶은 것도 없어?",
            "norm_text": "하고 싶은 것도 없어?",
            "speaker": {
              "id": "2번",
              "sex": "여성",
              "age": "30대"
            },
            "speechAct": "(지시) 질문하기",
            "morpheme": "하/VV+고/EC+싶/VX+은/ETM+것/NNB+도/JX+없/VA+어/EF"
          },
          {
            "id": 11,
            "text": "1 : 음... 키키 나 반려동물 관련 자격증 따보고 싶어",
            "norm_text": "음... 키키 나 반려동물 관련 자격증 따보고 싶어",
            "speaker": {
              "id": "1번",
              "sex": "여성",
              "age": "30대"
            },
            "speechAct": "(단언) 주장하기",
            "morpheme": "음/IC+./SY+키키나반려동물관련자격증따보고싶어/UNKNOWN"
          },
          {
            "id": 12,
            "text": "2 : 그런 것도 국비 지원 가능한 거 있을껄?",
            "norm_text": "그런 것도 국비 지원 가능한 거 있을껄?",
            "speaker": {
              "id": "2번",
              "sex": "여성",
              "age": "30대"
            },
            "speechAct": "(지시) 질문하기",
            "morpheme": "그런/MM+것/NNB+도/JX+국비/NNG+지원/NNG+가능/NNG+한/XSA+ETM+거/NNB+있/VA+을껄/EF"
          },
          {
            "id": 13,
            "text": "1 : 그치? 키키 그런 거 해서 키키 나중에 운동장 차리고 싶다",
            "norm_text": "그치? 키키 그런 거 해서 키키 나중에 운동장 차리고 싶다",
            "speaker": {
              "id": "1번",
              "sex": "여성",
              "age": "30대"
            },
            "speechAct": "(단언) 주장하기",
            "morpheme": "그치/IC+키키그런거해서키키나중에운동장차리고싶다/UNKNOWN"
          },
          {
            "id": 14,
            "text": "2 : 키키 요즘 애완 미용 자격도 많이 들 하던데.",
            "norm_text": "키키 요즘 애완 미용 자격도 많이 들 하던데.",
            "speaker": {
              "id": "2번",
              "sex": "여성",
              "age": "30대"
            },
            "speechAct": "(단언) 주장하기",
            "morpheme": "키/NNG+키/NNG+요즘/NNG+애완/NNG+미용/NNG+자격/NNG+도/JX+많이/MAG+들/XSN+하/VV+던데/EF"
          },
          {
            "id": 15,
            "text": "1 : 키키 응 맞아... 키키 근데 입질 있으면 무서워...",
            "norm_text": "키키 응 맞아... 키키 근데 입질 있으면 무서워...",
            "speaker": {
              "id": "1번",
              "sex": "여성",
              "age": "30대"
            },
            "speechAct": "(단언) 주장하기",
            "morpheme": "키/NNG+키/XSV+ETN+응/IC+맞/VV+아/EF+./SY+키/NNG+키/XSV+ETN+근데/MAJ+입질/NNG+있/VV+으면/EC+무서워/VA+EF+./SY"
          },
          {
            "id": 16,
            "text": "2 : 그게 무슨 말이야? 키키 입질 있으면?",
            "norm_text": "그게 무슨 말이야? 키키 입질 있으면?",
            "speaker": {
              "id": "2번",
              "sex": "여성",
              "age": "30대"
            },
            "speechAct": "(지시) 질문하기",
            "morpheme": "그게/NP+JKS+무슨/MM+말/NNG+이/VCP+야/EF+키/NNG+키/XSV+ETN+입/VV+질/EC+JX+있/VX+으면/EC"
          },
          {
            "id": 17,
            "text": "1 : 강아지가 미용 하는 거 싫어해서 사람을 물면 키키",
            "norm_text": "강아지가 미용 하는 거 싫어해서 사람을 물면 키키",
            "speaker": {
              "id": "1번",
              "sex": "여성",
              "age": "30대"
            },
            "speechAct": "(단언) 주장하기",
            "morpheme": "강아지/NNG+가/JKS+미용/NNG+하/XSV+는/ETM+거/NNB+싫/VA+어/EC+해서/VV+EC+사람/NNG+을/JKO+물/VV+면/EC+키/NNG+키/XSV+ETN"
          },
          {
            "id": 18,
            "text": "2 : 아 강아지 입질이구나 키키 그럼 강아지에 대해 먼저 알아봐 키키",
            "norm_text": "아 강아지 입질이구나 키키 그럼 강아지에 대해 먼저 알아봐 키키",
            "speaker": {
              "id": "2번",
              "sex": "여성",
              "age": "30대"
            },
            "speechAct": "(단언) 주장하기",
            "morpheme": "아/IC+강아지/NNG+입질/NNG+이/VCP+구나/EF+키/NNG+키/XSV+ETN+그럼/MAJ+강아지/NNG+에/JKB+대해/VV+EC+먼저/MAG+알아봐/VV+EC+키/NNG+키/XSV+ETN"
          }
        ]
      }
    }
  ]
}