{
  "dataset": {
    "identifier": 44648,
    "name": "KAKAO_910_13_set",
    "src_path": "/data/file/cubeManager/PROJECT001/53/txt20211005154828075159/KAKAO_910_13_set/",
    "label_path": "/data/file/cubeManager/PROJECT001/53/txt20211005154828075159/KAKAO_910_13_set/",
    "category": 2,
    "type": 0
  },
  "licenses": {
    "name": "Apache License 1.0",
    "url": "http://www.apache.org/licenses/LICENSE-1.0"
  },
  "info": [
    {
      "id": 41690,
      "filename": "KAKAO_910_13.txt",
      "title": "KAKAO_910_13",
      "mediatype": "SNS",
      "medianame": "카카오톡",
      "category": "일상대화",
      "date": "2021-10-05",
      "size": 965,
      "annotations": {
        "subject": "계절/날씨",
        "speaker_type": "다자간 대화",
        "size": 965,
        "word_size": 301,
        "text": "1 : 이번 여름 장마에는 비가 많이 안 왔어요\n2 : 그러게요 여름에 안 오고 오히려 가을에 많이 온 것 같은데요\n3 : 맞아요 전 그래도 가을 장마가 여름 장마보다 좋아요\n3 : 가을 장마는 시원하잖아요\n1 : 이번 여름에 하도 무더워서 고생했는데 금방 가을이 온 것 같아요\n2 : 맞아요 여름에 우리 셋이 강아지들 산책 시키느라 땀 뻘뻘 흘렸죠\n3 : 강아지들도 고생 많았는데 이제 선선해져서 너무 좋아요\n1 : 그러게요 우리 날도 좋아졌으니 어디 놀러 갈까요?\n2 : 너무 좋죠! 그런데 저 어릴 때는 추석 때 추워서 두꺼운 스웨터 입었던 기억이 나는데 날씨가 많이 변한 것 같아요\n3 : 정말요? 전 그렇게 오래 안 살아봐서...\n1 : 전 그나마 가을?도 좋고 봄도 괜찮은데 두 분은 어떤 계절 좋아하세요?\n2 : 전 봄이랑 가을요!\n2 : 근데 가을이 더 좋은 것 같아요\n2 : 봄에는 미세먼지가 좀 있잖아요\n3 : 맞아요 봄은 좋은데 미세먼지 때문에 불편해요\n1 : 아 맞아요 저도 미세먼지 정말 싫어요\n1 : 그런데 전 여름도 좋고 겨울도 좋아요\n1 : 사실 여러 스포츠를 즐길 수 있어서요\n2 : 요가도 잘하시던데 다른 운동도 좋아하나 봐요\n3 : 맞아요 수영도 좋아하고 겨울에는 스키도 타러 다니신다고 했어요\n1 : 네 저는 계절마다 할 수 있는 것들을 다 해보려고 하는 편이에요\n2 : 와 대단하네요 저는 사실 집에 있는 걸 제일 좋아해요 집순이에요\n3 : 하하 저는 막 센 운동보다는 슬슬 즐기면서 할 수 있는 걸 선호해요\n1 : 저는 힘들게 하는 걸 더 좋아해요\n1 : 가을에는 설악산이나 지리산에 가서 등산하는 게 최고죠\n2 : 헐 저는 가을에 그냥 집 근처 산책하는 게 더 좋아요 아니면 그냥 가까운 곳이요\n3 : 전 가을 되면 문경에 내려가서 사과 먹어요\n1 : 전 가을에 산에 가서 단풍 보면 행복해지더라구요\n2 : 그럼 우리 가을에 같이 산에 단풍 보러 갈까요? 강아지들 데리구요!\n3 : 와 좋아요! 우리 강아지들은 처음 단풍 보는 거잖아요",
        "lines": [
          {
            "id": 1,
            "text": "1 : 이번 여름 장마에는 비가 많이 안 왔어요",
            "norm_text": "이번 여름 장마에는 비가 많이 안 왔어요",
            "speaker": {
              "id": "1번",
              "sex": "여성",
              "age": "30대"
            },
            "speechAct": "(단언) 진술하기",
            "morpheme": "이번/NNG+여름/NNG+장마/NNG+에/JKB+는/JX+비/NNG+가/JKS+많이/MAG+안/MAG+왔어요/VV+EP+EC"
          },
          {
            "id": 2,
            "text": "2 : 그러게요 여름에 안 오고 오히려 가을에 많이 온 것 같은데요",
            "norm_text": "그러게요 여름에 안 오고 오히려 가을에 많이 온 것 같은데요",
            "speaker": {
              "id": "2번",
              "sex": "여성",
              "age": "40대"
            },
            "speechAct": "(단언) 주장하기",
            "morpheme": "그러게/MAJ+요/MM+여름/NNG+에/JKB+안/MAG+오/VV+고/EC+오히려/MAJ+가을/NNG+에/JKB+많이/MAG+온/VV+ETM+것/NNB+같/VA+은데요/EC"
          },
          {
            "id": 3,
            "text": "3 : 맞아요 전 그래도 가을 장마가 여름 장마보다 좋아요",
            "norm_text": "맞아요 전 그래도 가을 장마가 여름 장마보다 좋아요",
            "speaker": {
              "id": "3번",
              "sex": "여성",
              "age": "10대"
            },
            "speechAct": "(단언) 주장하기",
            "morpheme": "맞/VV+아/EC+요전/NNG+그래도/VV+EC+가을장마/NNG+가/JKS+여름/NNG+장마/NNG+보다/JKB+좋/VA+아요/EC"
          },
          {
            "id": 4,
            "text": "3 : 가을 장마는 시원하잖아요",
            "norm_text": "가을 장마는 시원하잖아요",
            "speaker": {
              "id": "3번",
              "sex": "여성",
              "age": "10대"
            },
            "speechAct": "(단언) 주장하기",
            "morpheme": "가을/NNG+장마/VV+는/ETM+시원/XR+하/XSA+잖아요/EC"
          },
          {
            "id": 5,
            "text": "1 : 이번 여름에 하도 무더워서 고생했는데 금방 가을이 온 것 같아요",
            "norm_text": "이번 여름에 하도 무더워서 고생했는데 금방 가을이 온 것 같아요",
            "speaker": {
              "id": "1번",
              "sex": "여성",
              "age": "30대"
            },
            "speechAct": "(단언) 주장하기",
            "morpheme": "이번/NNG+여름/NNG+에/JKB+하도/MAG+무더워서/VA+EC+고생/NNG+했/XSV+EP+는데/EC+금방/MAG+가을/NNG+이/JKS+온/VV+ETM+것/NNB+같/VA+아요/EC"
          },
          {
            "id": 6,
            "text": "2 : 맞아요 여름에 우리 셋이 강아지들 산책 시키느라 땀 뻘뻘 흘렸죠",
            "norm_text": "맞아요 여름에 우리 셋이 강아지들 산책 시키느라 땀 뻘뻘 흘렸죠",
            "speaker": {
              "id": "2번",
              "sex": "여성",
              "age": "40대"
            },
            "speechAct": "(단언) 주장하기",
            "morpheme": "맞/VV+아요/EF+여름/NNG+에/JKB+우리/NP+셋/NR+이/NR+강아지/NNG+들/XSN+산책/NNG+시키/XSV+느라/EC+땀/NNG+뻘뻘/MAG+흘렸/VV+EP+죠/EF"
          },
          {
            "id": 7,
            "text": "3 : 강아지들도 고생 많았는데 이제 선선해져서 너무 좋아요",
            "norm_text": "강아지들도 고생 많았는데 이제 선선해져서 너무 좋아요",
            "speaker": {
              "id": "3번",
              "sex": "여성",
              "age": "10대"
            },
            "speechAct": "(단언) 주장하기",
            "morpheme": "강아지/NNG+들/XSN+도/JX+고생/NNG+많/VA+았/EP+는데/EC+이제/MAG+선선/XR+해져서/XSA+EC+VX+EC+너무/MAG+좋/VA+아요/EC"
          },
          {
            "id": 8,
            "text": "1 : 그러게요 우리 날도 좋아졌으니 어디 놀러 갈까요?",
            "norm_text": "그러게요 우리 날도 좋아졌으니 어디 놀러 갈까요?",
            "speaker": {
              "id": "1번",
              "sex": "여성",
              "age": "30대"
            },
            "speechAct": "(단언) 주장하기",
            "morpheme": "그러게/IC+요/JX+우리/NP+날/NNG+도/JX+좋/VA+아/EC+졌으니/VX+EP+EC+어디/NP+놀/VV+러/EC+갈까요/VX+EF"
          },
          {
            "id": 9,
            "text": "2 : 너무 좋죠! 그런데 저 어릴 때는 추석 때 추워서 두꺼운 스웨터 입었던 기억이 나는데 날씨가 많이 변한 것 같아요",
            "norm_text": "너무 좋죠! 그런데 저 어릴 때는 추석 때 추워서 두꺼운 스웨터 입었던 기억이 나는데 날씨가 많이 변한 것 같아요",
            "speaker": {
              "id": "2번",
              "sex": "여성",
              "age": "40대"
            },
            "speechAct": "(단언) 주장하기",
            "morpheme": "너무/MAG+좋/VA+죠/EF+그런데/MAJ+저/MM+어릴/VA+ETM+때/NNG+는/JX+추석/NNG+때/NNG+추워서/VA+EC+두꺼운/VA+ETM+스웨터/NNG+입/VV+었/EP+던/ETM+기억/NNG+이/JKS+나/VV+는데/EC+날씨/NNG+가/JKS+많이/MAG+변한/VV+ETM+것/NNB+같/VA+아요/EC"
          },
          {
            "id": 10,
            "text": "3 : 정말요? 전 그렇게 오래 안 살아봐서...",
            "norm_text": "정말요? 전 그렇게 오래 안 살아봐서...",
            "speaker": {
              "id": "3번",
              "sex": "여성",
              "age": "10대"
            },
            "speechAct": "(단언) 주장하기",
            "morpheme": "정말/MAG+요/JX+전/NP+JX+그렇게/MAG+오래/MAG+안/MAG+살/VV+아/EC+봐서/VX+EF+./SY"
          },
          {
            "id": 11,
            "text": "1 : 전 그나마 가을?도 좋고 봄도 괜찮은데 두 분은 어떤 계절 좋아하세요?",
            "norm_text": "전 그나마 가을?도 좋고 봄도 괜찮은데 두 분은 어떤 계절 좋아하세요?",
            "speaker": {
              "id": "1번",
              "sex": "여성",
              "age": "30대"
            },
            "speechAct": "(지시) 질문하기",
            "morpheme": "전/NP+JX+그나마/MAG+가을/NNG+?/SY+도/JX+좋/VA+고/EC+봄/NNG+도/JX+괜찮/VA+은데/EC+두/MM+분/NNBC+은/JX+어떤/MM+계절/NNG+좋/VA+아/EC+하/VX+세요/EP+EF"
          },
          {
            "id": 12,
            "text": "2 : 전 봄이랑 가을요!",
            "norm_text": "전 봄이랑 가을요!",
            "speaker": {
              "id": "2번",
              "sex": "여성",
              "age": "40대"
            },
            "speechAct": "(단언) 주장하기",
            "morpheme": "전/MM+봄/NNG+이랑/JKB+가을/NNG+요/JX"
          },
          {
            "id": 13,
            "text": "2 : 근데 가을이 더 좋은 것 같아요",
            "norm_text": "근데 가을이 더 좋은 것 같아요",
            "speaker": {
              "id": "2번",
              "sex": "여성",
              "age": "40대"
            },
            "speechAct": "(단언) 주장하기",
            "morpheme": "근데/MAJ+가을/NNG+이/JKS+더/MAG+좋/VA+은/ETM+것/NNB+같/VA+아요/EC"
          },
          {
            "id": 14,
            "text": "2 : 봄에는 미세먼지가 좀 있잖아요",
            "norm_text": "봄에는 미세먼지가 좀 있잖아요",
            "speaker": {
              "id": "2번",
              "sex": "여성",
              "age": "40대"
            },
            "speechAct": "(단언) 주장하기",
            "morpheme": "봄/NNG+에/JKB+는/JX+미세먼지/NNP+가/JKS+좀/MAG+있/VA+잖아요/EC"
          },
          {
            "id": 15,
            "text": "3 : 맞아요 봄은 좋은데 미세먼지 때문에 불편해요",
            "norm_text": "맞아요 봄은 좋은데 미세먼지 때문에 불편해요",
            "speaker": {
              "id": "3번",
              "sex": "여성",
              "age": "10대"
            },
            "speechAct": "(단언) 주장하기",
            "morpheme": "맞/VV+아요/EF+봄/NNG+은/JX+좋/VA+은데/EC+미세먼지/NNP+때문/NNB+에/JKB+불편/NNG+해요/XSV+EC"
          },
          {
            "id": 16,
            "text": "1 : 아 맞아요 저도 미세먼지 정말 싫어요",
            "norm_text": "아 맞아요 저도 미세먼지 정말 싫어요",
            "speaker": {
              "id": "1번",
              "sex": "여성",
              "age": "30대"
            },
            "speechAct": "(단언) 주장하기",
            "morpheme": "아/IC+맞/VV+아요/EF+저/NP+도/JX+미세먼지/NNP+정말/MAG+싫/VA+어요/EF"
          },
          {
            "id": 17,
            "text": "1 : 그런데 전 여름도 좋고 겨울도 좋아요",
            "norm_text": "그런데 전 여름도 좋고 겨울도 좋아요",
            "speaker": {
              "id": "1번",
              "sex": "여성",
              "age": "30대"
            },
            "speechAct": "(단언) 주장하기",
            "morpheme": "그런데/MAJ+전/MM+여름/NNG+도/JX+좋/VA+고/EC+겨울/NNG+도/JX+좋/VA+아요/EC"
          },
          {
            "id": 18,
            "text": "1 : 사실 여러 스포츠를 즐길 수 있어서요",
            "norm_text": "사실 여러 스포츠를 즐길 수 있어서요",
            "speaker": {
              "id": "1번",
              "sex": "여성",
              "age": "30대"
            },
            "speechAct": "(단언) 주장하기",
            "morpheme": "사실/MAG+여러/MM+스포츠/NNG+를/JKO+즐길/VV+ETM+수/NNB+있/VV+어서요/EC"
          },
          {
            "id": 19,
            "text": "2 : 요가도 잘하시던데 다른 운동도 좋아하나 봐요",
            "norm_text": "요가도 잘하시던데 다른 운동도 좋아하나 봐요",
            "speaker": {
              "id": "2번",
              "sex": "여성",
              "age": "40대"
            },
            "speechAct": "(단언) 주장하기",
            "morpheme": "요가/NNG+도/JX+잘/MAG+하/VV+시/EP+던데/EC+다른/MM+운동/NNG+도/JX+좋/VA+아/EC+하나/NR+봐요/VV+EC"
          },
          {
            "id": 20,
            "text": "3 : 맞아요 수영도 좋아하고 겨울에는 스키도 타러 다니신다고 했어요",
            "norm_text": "맞아요 수영도 좋아하고 겨울에는 스키도 타러 다니신다고 했어요",
            "speaker": {
              "id": "3번",
              "sex": "여성",
              "age": "10대"
            },
            "speechAct": "(단언) 주장하기",
            "morpheme": "맞/VV+아요/EF+수영/NNG+도/JX+좋/VA+아/EC+하/VV+고/EC+겨울/NNG+에/JKB+는/JX+스키/NNG+도/JX+타/VV+러/EC+다니/VV+신다고/EP+EC+했/VX+EP+어요/EF"
          },
          {
            "id": 21,
            "text": "1 : 네 저는 계절마다 할 수 있는 것들을 다 해보려고 하는 편이에요",
            "norm_text": "네 저는 계절마다 할 수 있는 것들을 다 해보려고 하는 편이에요",
            "speaker": {
              "id": "1번",
              "sex": "여성",
              "age": "30대"
            },
            "speechAct": "(단언) 주장하기",
            "morpheme": "네/IC+저/NP+는/JX+계절/NNG+마다/JX+할/VV+ETM+수/NNB+있/VV+는/ETM+것/NNB+들/XSN+을/JKO+다/MAG+해/VV+EC+보/VX+려고/EC+하/VV+는/ETM+편/NNB+이/VCP+에요/EF"
          },
          {
            "id": 22,
            "text": "2 : 와 대단하네요 저는 사실 집에 있는 걸 제일 좋아해요 집순이에요",
            "norm_text": "와 대단하네요 저는 사실 집에 있는 걸 제일 좋아해요 집순이에요",
            "speaker": {
              "id": "2번",
              "sex": "여성",
              "age": "40대"
            },
            "speechAct": "(단언) 주장하기",
            "morpheme": "와/IC+대단/XR+하/XSA+네요/EF+저/NP+는/JX+사실/MAG+집/NNG+에/JKB+있/VV+는/ETM+걸/NNB+JKO+제일/MAG+좋/VA+아/EC+해요/VX+EF+집/NNG+순/NNG+이/VCP+에요/EF"
          },
          {
            "id": 23,
            "text": "3 : 하하 저는 막 센 운동보다는 슬슬 즐기면서 할 수 있는 걸 선호해요",
            "norm_text": "하하 저는 막 센 운동보다는 슬슬 즐기면서 할 수 있는 걸 선호해요",
            "speaker": {
              "id": "3번",
              "sex": "여성",
              "age": "10대"
            },
            "speechAct": "(단언) 주장하기",
            "morpheme": "하하/MAG+저/NP+는/JX+막센/NNP+운동/NNG+보다/JKB+는/JX+슬슬/MAG+즐기/VV+면서/EC+할/VX+ETM+수/NNB+있/VV+는/ETM+걸/NNB+JKO+선호/NNG+해요/XSV+EC"
          },
          {
            "id": 24,
            "text": "1 : 저는 힘들게 하는 걸 더 좋아해요",
            "norm_text": "저는 힘들게 하는 걸 더 좋아해요",
            "speaker": {
              "id": "1번",
              "sex": "여성",
              "age": "30대"
            },
            "speechAct": "(단언) 주장하기",
            "morpheme": "저/NP+는/JX+힘들/VA+게/EC+하/VV+는/ETM+걸/NNB+JKO+더/MAG+좋/VA+아/EC+해요/VX+EC"
          },
          {
            "id": 25,
            "text": "1 : 가을에는 설악산이나 지리산에 가서 등산하는 게 최고죠",
            "norm_text": "가을에는 설악산이나 지리산에 가서 등산하는 게 최고죠",
            "speaker": {
              "id": "1번",
              "sex": "여성",
              "age": "30대"
            },
            "speechAct": "(단언) 주장하기",
            "morpheme": "가을/NNG+에/JKB+는/JX+설악산/NNP+이나/JC+지리산/NNP+에/JKB+가/VV+서/EC+등산/NNG+하/XSV+는/ETM+게/NNB+JKS+최고/NNG+죠/VCP+EC"
          },
          {
            "id": 26,
            "text": "2 : 헐 저는 가을에 그냥 집 근처 산책하는 게 더 좋아요 아니면 그냥 가까운 곳이요",
            "norm_text": "헐 저는 가을에 그냥 집 근처 산책하는 게 더 좋아요 아니면 그냥 가까운 곳이요",
            "speaker": {
              "id": "2번",
              "sex": "여성",
              "age": "40대"
            },
            "speechAct": "(단언) 주장하기",
            "morpheme": "헐/IC+저/NP+는/JX+가을/NNG+에/JKB+그냥/MAG+집/NNG+근처/NNG+산책/NNG+하/XSV+는/ETM+게/NNB+JKS+더/MAG+좋/VA+아요/EF+아니/VCN+면/EC+그냥/MAG+가까운/VA+ETM+곳/NNG+이/VCP+요/EC"
          },
          {
            "id": 27,
            "text": "3 : 전 가을 되면 문경에 내려가서 사과 먹어요",
            "norm_text": "전 가을 되면 문경에 내려가서 사과 먹어요",
            "speaker": {
              "id": "3번",
              "sex": "여성",
              "age": "10대"
            },
            "speechAct": "(단언) 주장하기",
            "morpheme": "전/MM+가을/NNG+되/XSV+면/EC+문경/NNG+에/JKB+내려가/VV+서/EC+사과/NNG+먹/VV+어요/EF"
          },
          {
            "id": 28,
            "text": "1 : 전 가을에 산에 가서 단풍 보면 행복해지더라구요",
            "norm_text": "전 가을에 산에 가서 단풍 보면 행복해지더라구요",
            "speaker": {
              "id": "1번",
              "sex": "여성",
              "age": "30대"
            },
            "speechAct": "(단언) 주장하기",
            "morpheme": "전/MM+가을/NNG+에/JKB+산/NNG+에/JKB+가/VV+서/EC+단풍/NNG+보/VV+면/EC+행복/NNG+해/XSV+EC+지/VX+더라구요/EC"
          },
          {
            "id": 29,
            "text": "2 : 그럼 우리 가을에 같이 산에 단풍 보러 갈까요? 강아지들 데리구요!",
            "norm_text": "그럼 우리 가을에 같이 산에 단풍 보러 갈까요? 강아지들 데리구요!",
            "speaker": {
              "id": "2번",
              "sex": "여성",
              "age": "40대"
            },
            "speechAct": "(지시) 질문하기",
            "morpheme": "그럼/MAJ+우리/NP+가을/NNG+에/JKB+같이/MAG+산/NNG+에/JKB+단풍/NNG+보/VV+러/EC+갈까요/VX+EF+강아지/NNG+들/XSN+데리/VV+구요/EF"
          },
          {
            "id": 30,
            "text": "3 : 와 좋아요! 우리 강아지들은 처음 단풍 보는 거잖아요",
            "norm_text": "와 좋아요! 우리 강아지들은 처음 단풍 보는 거잖아요",
            "speaker": {
              "id": "3번",
              "sex": "여성",
              "age": "10대"
            },
            "speechAct": "(단언) 주장하기",
            "morpheme": "와/IC+좋/VA+아요/EF+우리/NP+강아지/NNG+들/XSN+은/JX+처음/NNG+단풍/NNG+보/VV+는/ETM+거/NNB+잖아요/VCP+EC+VX+EC"
          }
        ]
      }
    }
  ]
}