{
  "dataset": {
    "identifier": 72810,
    "name": "KAKAO_906_18_set",
    "src_path": "/data/file/cubeManager/PROJECT001/53/txt20211005152905047399/KAKAO_906_18_set/",
    "label_path": "/data/file/cubeManager/PROJECT001/53/txt20211005152905047399/KAKAO_906_18_set/",
    "category": 2,
    "type": 0
  },
  "licenses": {
    "name": "Apache License 1.0",
    "url": "http://www.apache.org/licenses/LICENSE-1.0"
  },
  "info": [
    {
      "id": 41375,
      "filename": "KAKAO_906_18.txt",
      "title": "KAKAO_906_18",
      "mediatype": "SNS",
      "medianame": "카카오톡",
      "category": "일상대화",
      "date": "2021-10-05",
      "size": 438,
      "annotations": {
        "subject": "상거래 전반",
        "speaker_type": "1:1",
        "size": 438,
        "word_size": 147,
        "text": "1 : 인터넷 쇼핑 끊는 법 좀요\n2 : 죽어야 됩니다.\n2 : 살아서는 방법이 없어요\n1 : 키키 보면 사고 싶냐...? 듯\n2 : 막 자질구레한 것들 장바구니에 넣고 보면 20만 원이여\n1 : 그니까 키키 장바구니 넣어 놓고 일주일 뒤 결제하기도 해봤는데\n2 : 월급은 스쳐갈 뿐 그냥 한순간에 텅~ 장 되는 기야\n1 : 배송만 늦출 뿐... 그냥 빨리 사야 함\n2 : 맞어 고민은 배송만 늦출 뿐이야 그냥 사!\n1 : 키키 다 똑같군요 택배 문자가 젤 반갑구\n2 : 고민할 동안에 품절 되면 너무 짜증 난다구요~\n1 : 꼭 엄청 기다리는 상품은 젤 늦게 옴\n2 : 맞아 목 빠지게 기다리는 제품이 제일 늦어\n1 : 키키 택배 파업 할 때  진짜 속 터져 디짐요\n2 : 와 내가 가서 찾아올 뻔했자나 택배 물류 창고 가서\n1 : 저 물류 창고 갔습니다요\n2 : 나도 갔지요~ 근데 못 찾겠드라... 넘 많아서",
        "lines": [
          {
            "id": 1,
            "text": "1 : 인터넷 쇼핑 끊는 법 좀요",
            "norm_text": "인터넷 쇼핑 끊는 법 좀요",
            "speaker": {
              "id": "1번",
              "sex": "여성",
              "age": "30대"
            },
            "speechAct": "(단언) 주장하기",
            "morpheme": "인터넷/NNG+쇼핑/NNG+끊/VV+는/ETM+법/NNB+좀/MAG+요/JX"
          },
          {
            "id": 2,
            "text": "2 : 죽어야 됩니다.",
            "norm_text": "죽어야 됩니다.",
            "speaker": {
              "id": "2번",
              "sex": "여성",
              "age": "20대"
            },
            "speechAct": "(단언) 주장하기",
            "morpheme": "죽/VV+어야/EC+됩니다/VV+EF"
          },
          {
            "id": 3,
            "text": "2 : 살아서는 방법이 없어요",
            "norm_text": "살아서는 방법이 없어요",
            "speaker": {
              "id": "2번",
              "sex": "여성",
              "age": "20대"
            },
            "speechAct": "(단언) 주장하기",
            "morpheme": "살/VV+아서/EC+는/JX+방법/NNG+이/JKS+없/VA+어요/EF"
          },
          {
            "id": 4,
            "text": "1 : 키키 보면 사고 싶냐...? 듯",
            "norm_text": "키키 보면 사고 싶냐...? 듯",
            "speaker": {
              "id": "1번",
              "sex": "여성",
              "age": "30대"
            },
            "speechAct": "(단언) 주장하기",
            "morpheme": "키/NNG+키/XSV+ETN+보/VV+면/EC+사/VV+고/EC+싶/VX+냐/EF+./SY+./SY+듯/NNB"
          },
          {
            "id": 5,
            "text": "2 : 막 자질구레한 것들 장바구니에 넣고 보면 20만 원이여",
            "norm_text": "막 자질구레한 것들 장바구니에 넣고 보면 20만 원이여",
            "speaker": {
              "id": "2번",
              "sex": "여성",
              "age": "20대"
            },
            "speechAct": "(단언) 진술하기",
            "morpheme": "막/MAJ+자질구레/XR+한/XSA+ETM+것/NNB+들/XSN+장바구니/NNG+에/JKB+넣/VV+고/EC+보/VX+면/EC+20/SN+만/NR+원/NNBC+이/VCP+여/EC"
          },
          {
            "id": 6,
            "text": "1 : 그니까 키키 장바구니 넣어 놓고 일주일 뒤 결제하기도 해봤는데",
            "norm_text": "그니까 키키 장바구니 넣어 놓고 일주일 뒤 결제하기도 해봤는데",
            "speaker": {
              "id": "1번",
              "sex": "여성",
              "age": "30대"
            },
            "speechAct": "(단언) 진술하기",
            "morpheme": "그니까/MAJ+키/NNG+키/NNG+장바구니/NNG+넣/VV+어/EC+놓/VX+고/EC+일/NR+주일/NNBC+뒤/NNG+결제/NNG+하/XSV+기/ETN+도/JX+해/VV+EC+봤/VX+EP+는데/EC"
          },
          {
            "id": 7,
            "text": "2 : 월급은 스쳐갈 뿐 그냥 한순간에 텅~ 장 되는 기야",
            "norm_text": "월급은 스쳐갈 뿐 그냥 한순간에 텅~ 장 되는 기야",
            "speaker": {
              "id": "2번",
              "sex": "여성",
              "age": "20대"
            },
            "speechAct": "(단언) 진술하기",
            "morpheme": "월급/NNG+은/JX+스쳐갈/VV+EC+VX+ETM+뿐/NNB+그냥/MAG+한/XSA+ETM+순간/NNG+에/JKB+텅/MAG+~/SY+장/NNG+되/XSV+는/ETM+기/NNB+VCP+야/EC"
          },
          {
            "id": 8,
            "text": "1 : 배송만 늦출 뿐... 그냥 빨리 사야 함",
            "norm_text": "배송만 늦출 뿐... 그냥 빨리 사야 함",
            "speaker": {
              "id": "1번",
              "sex": "여성",
              "age": "30대"
            },
            "speechAct": "(단언) 주장하기",
            "morpheme": "배송/NNG+만/JX+늦출/VV+ETM+뿐/NNB+./SY+그냥/MAG+빨리/MAG+사야/NNG+함/XSV+ETN"
          },
          {
            "id": 9,
            "text": "2 : 맞어 고민은 배송만 늦출 뿐이야 그냥 사!",
            "norm_text": "맞어 고민은 배송만 늦출 뿐이야 그냥 사!",
            "speaker": {
              "id": "2번",
              "sex": "여성",
              "age": "20대"
            },
            "speechAct": "(단언) 주장하기",
            "morpheme": "맞/VV+어/EC+고민/NNG+은/JX+배송/NNG+만/JX+늦출/VV+ETM+뿐/NNB+이야/JX+그냥/MAG+사/VV+EF"
          },
          {
            "id": 10,
            "text": "1 : 키키 다 똑같군요 택배 문자가 젤 반갑구",
            "norm_text": "키키 다 똑같군요 택배 문자가 젤 반갑구",
            "speaker": {
              "id": "1번",
              "sex": "여성",
              "age": "30대"
            },
            "speechAct": "(단언) 주장하기",
            "morpheme": "키/NNG+키/NNG+다/MAG+똑같/VA+군요/EC+택배/NNG+문자/NNG+가/JKS+젤/MAG+반갑/VA+구/EC"
          },
          {
            "id": 11,
            "text": "2 : 고민할 동안에 품절 되면 너무 짜증 난다구요~",
            "norm_text": "고민할 동안에 품절 되면 너무 짜증 난다구요~",
            "speaker": {
              "id": "2번",
              "sex": "여성",
              "age": "20대"
            },
            "speechAct": "(단언) 주장하기",
            "morpheme": "고민/NNG+할/XSV+ETM+동안/NNG+에/JKB+품절/NNG+되/XSV+면/EC+너무/MAG+짜증/NNG+난다구요/VV+EC+~/SY"
          },
          {
            "id": 12,
            "text": "1 : 꼭 엄청 기다리는 상품은 젤 늦게 옴",
            "norm_text": "꼭 엄청 기다리는 상품은 젤 늦게 옴",
            "speaker": {
              "id": "1번",
              "sex": "여성",
              "age": "30대"
            },
            "speechAct": "(단언) 진술하기",
            "morpheme": "꼭/MAG+엄청/MAG+기다리/VV+는/ETM+상품/NNG+은/JX+젤/MAG+늦/VA+게/EC+옴/VX+ETN"
          },
          {
            "id": 13,
            "text": "2 : 맞아 목 빠지게 기다리는 제품이 제일 늦어",
            "norm_text": "맞아 목 빠지게 기다리는 제품이 제일 늦어",
            "speaker": {
              "id": "2번",
              "sex": "여성",
              "age": "20대"
            },
            "speechAct": "(단언) 주장하기",
            "morpheme": "맞/XPN+아목/NNG+빠지/VV+게/EC+기다리/VV+는/ETM+제품/NNG+이/JKS+제일/MAG+늦/VA+어/EC"
          },
          {
            "id": 14,
            "text": "1 : 키키 택배 파업 할 때  진짜 속 터져 디짐요",
            "norm_text": "키키 택배 파업 할 때  진짜 속 터져 디짐요",
            "speaker": {
              "id": "1번",
              "sex": "여성",
              "age": "30대"
            },
            "speechAct": "(단언) 주장하기",
            "morpheme": "키/NNG+키/NNG+택배/NNG+파업/NNG+할/XSV+ETM+때/NNG+진짜/MAG+속/NNG+터져/VV+EC+디/VX+짐/EC+VX+ETN+요/JX"
          },
          {
            "id": 15,
            "text": "2 : 와 내가 가서 찾아올 뻔했자나 택배 물류 창고 가서",
            "norm_text": "와 내가 가서 찾아올 뻔했자나 택배 물류 창고 가서",
            "speaker": {
              "id": "2번",
              "sex": "여성",
              "age": "20대"
            },
            "speechAct": "(단언) 주장하기",
            "morpheme": "와내/NNG+가/JKS+가/VV+서/EC+찾아올/VV+ETM+뻔/NNB+했/XSA+EP+자/EF+나/NP+택배/NNG+물류/NNP+창고/NNG+가/VV+서/EC"
          },
          {
            "id": 16,
            "text": "1 : 저 물류 창고 갔습니다요",
            "norm_text": "저 물류 창고 갔습니다요",
            "speaker": {
              "id": "1번",
              "sex": "여성",
              "age": "30대"
            },
            "speechAct": "(단언) 진술하기",
            "morpheme": "저/MM+물류/NNP+창고/NNG+갔/VV+EP+습니다요/EC"
          },
          {
            "id": 17,
            "text": "2 : 나도 갔지요~ 근데 못 찾겠드라... 넘 많아서",
            "norm_text": "나도 갔지요~ 근데 못 찾겠드라... 넘 많아서",
            "speaker": {
              "id": "2번",
              "sex": "여성",
              "age": "20대"
            },
            "speechAct": "(단언) 진술하기",
            "morpheme": "나/NP+도/JX+갔/VV+EP+지요/EF+~/SY+근데/MAJ+못/MAG+찾/VV+겠/EP+드라/EF+./SY+넘/MAG+많/VA+아서/EC"
          }
        ]
      }
    }
  ]
}