{
  "dataset": {
    "identifier": 61289,
    "name": "KAKAO_922_04_set",
    "src_path": "/data/file/cubeManager/PROJECT001/53/txt20211005154147055055/KAKAO_922_04_set/",
    "label_path": "/data/file/cubeManager/PROJECT001/53/txt20211005154147055055/KAKAO_922_04_set/",
    "category": 2,
    "type": 0
  },
  "licenses": {
    "name": "Apache License 1.0",
    "url": "http://www.apache.org/licenses/LICENSE-1.0"
  },
  "info": [
    {
      "id": 41641,
      "filename": "KAKAO_922_04.txt",
      "title": "KAKAO_922_04",
      "mediatype": "SNS",
      "medianame": "카카오톡",
      "category": "일상대화",
      "date": "2021-10-05",
      "size": 628,
      "annotations": {
        "subject": "회사/아르바이트",
        "speaker_type": "1:1",
        "size": 628,
        "word_size": 199,
        "text": "1 : 너 회사는 회식 많은 편이야?\n2 : 다행히도 전혀 없다고 보면 된당 !\n1 : 오 진짜로? 키키 직원들이랑도 안 친해? 키키\n2 : 이사, 실장님도 술 안 하시고 그리고 우리가 늦게 마치기도 하고 가정이 있으니? 하하\n1 : 아 진짜? 키키 그건 엄청 좋네 키키 부럽다\n2 : 응 솔직히 회식이 말이 회식이지 업무지 ㅠㅠ\n1 : 맞아... 진짜 재미는 별로 없고 일 얘기만 함\n2 : 응... 라면을 먹더라도 회사 아닌 곳에서 먹어야 맛있음...\n1 : 키키 그래도 넌 집에서 밥 먹을 수 있으니...\n2 : 응 1시간 밥 먹고 오는데 그것도 일이다 ㅠㅠ\n2 : 집안일을 하게 되더라고...\n1 : 아... ㅜㅜ 그렇겠네 그래도 식비는 안 들겠다!\n2 : 집에서 먹는 것 자체가 식비이긴 하지... 이제 식단 하면 식비는 아예 줄겠네 하하\n1 : 회식의 유일한 장점은 비싼 음식을 먹을 수 있음 키키\n2 : 키키 우린 그렇지도 않더라 전부 소식가들이라서 내만 더 배고픔 ㅠㅠ\n1 : 아 그래? ㅜㅜ 동료랑 커피 같은 건 자주 마셔?\n2 : 우린 갠플! 마시고 싶지도 않다... 그냥 대화 없는 게 젤 편해 키키\n1 : 키키 아이고야... 키키 너무 각자 자기 일만 하는 거 아니가\n2 : 뭐 오히려 그렇게 대화를 안 하니까 이 자체가 장점인 듯?",
        "lines": [
          {
            "id": 1,
            "text": "1 : 너 회사는 회식 많은 편이야?",
            "norm_text": "너 회사는 회식 많은 편이야?",
            "speaker": {
              "id": "1번",
              "sex": "여성",
              "age": "30대"
            },
            "speechAct": "(지시) 질문하기",
            "morpheme": "너/NP+회사/NNG+는/JX+회식/NNG+많/VA+은/ETM+편/NNB+이/VCP+야/EF"
          },
          {
            "id": 2,
            "text": "2 : 다행히도 전혀 없다고 보면 된당 !",
            "norm_text": "다행히도 전혀 없다고 보면 된당 !",
            "speaker": {
              "id": "2번",
              "sex": "여성",
              "age": "30대"
            },
            "speechAct": "(단언) 진술하기",
            "morpheme": "다행히/MAG+도/JX+전혀/MAG+없/VA+다고/EC+보/VX+면/EC+된/VV+ETM+당/NNG"
          },
          {
            "id": 3,
            "text": "1 : 오 진짜로? 키키 직원들이랑도 안 친해? 키키",
            "norm_text": "오 진짜로? 키키 직원들이랑도 안 친해? 키키",
            "speaker": {
              "id": "1번",
              "sex": "여성",
              "age": "30대"
            },
            "speechAct": "(지시) 질문하기",
            "morpheme": "오/IC+진짜로/MAG+키/NNG+키/NNG+직원/NNG+들/XSN+이랑/JKB+도/JX+안/MAG+친해/VA+EF+키/NNG+키/XSV+ETN"
          },
          {
            "id": 4,
            "text": "2 : 이사, 실장님도 술 안 하시고 그리고 우리가 늦게 마치기도 하고 가정이 있으니? 하하",
            "norm_text": "이사, 실장님도 술 안 하시고 그리고 우리가 늦게 마치기도 하고 가정이 있으니? 하하",
            "speaker": {
              "id": "2번",
              "sex": "여성",
              "age": "30대"
            },
            "speechAct": "(단언) 주장하기",
            "morpheme": "이사/NNG+,/SC+실장/NNG+님/XSN+도/JX+술/NNG+안/MAG+하/VV+시/EP+고/EC+그리고/MAJ+우리/NP+가/JKS+늦/VA+게/EC+마치/VV+기/ETN+도/JX+하/VV+고/EC+가정/NNG+이/JKS+있/VA+으니/EF+하하/MAG"
          },
          {
            "id": 5,
            "text": "1 : 아 진짜? 키키 그건 엄청 좋네 키키 부럽다",
            "norm_text": "아 진짜? 키키 그건 엄청 좋네 키키 부럽다",
            "speaker": {
              "id": "1번",
              "sex": "여성",
              "age": "30대"
            },
            "speechAct": "(단언) 주장하기",
            "morpheme": "아/IC+진짜/MAG+키키그건엄청좋네키키부럽다/UNKNOWN"
          },
          {
            "id": 6,
            "text": "2 : 응 솔직히 회식이 말이 회식이지 업무지 ㅠㅠ",
            "norm_text": "응 솔직히 회식이 말이 회식이지 업무지 ㅠㅠ",
            "speaker": {
              "id": "2번",
              "sex": "여성",
              "age": "30대"
            },
            "speechAct": "(단언) 주장하기",
            "morpheme": "응/IC+솔직히/MAG+회식/NNG+이/JKS+말/NNG+이/JKS+회식/NNG+이/VCP+지/EC+업무/NNG+지/VCP+EF+ㅠㅠ/UNKNOWN"
          },
          {
            "id": 7,
            "text": "1 : 맞아... 진짜 재미는 별로 없고 일 얘기만 함",
            "norm_text": "맞아... 진짜 재미는 별로 없고 일 얘기만 함",
            "speaker": {
              "id": "1번",
              "sex": "여성",
              "age": "30대"
            },
            "speechAct": "(단언) 주장하기",
            "morpheme": "맞/VV+아/EF+./SY+진짜/MAG+재미/NNG+는/JX+별로/MAG+없/VA+고/EC+일/NR+얘기/NNG+만/JX+함/VV+ETN"
          },
          {
            "id": 8,
            "text": "2 : 응... 라면을 먹더라도 회사 아닌 곳에서 먹어야 맛있음...",
            "norm_text": "응... 라면을 먹더라도 회사 아닌 곳에서 먹어야 맛있음...",
            "speaker": {
              "id": "2번",
              "sex": "여성",
              "age": "30대"
            },
            "speechAct": "(단언) 주장하기",
            "morpheme": "응/IC+./SY+라면/NNG+을/JKO+먹/VV+더라도/EC+회사/NNG+아닌/VCN+ETM+곳/NNG+에서/JKB+먹/VV+어야/EC+맛있/VA+음/ETN+./SY"
          },
          {
            "id": 9,
            "text": "1 : 키키 그래도 넌 집에서 밥 먹을 수 있으니...",
            "norm_text": "키키 그래도 넌 집에서 밥 먹을 수 있으니...",
            "speaker": {
              "id": "1번",
              "sex": "여성",
              "age": "30대"
            },
            "speechAct": "(단언) 주장하기",
            "morpheme": "키/NNG+키/XSV+ETN+그래도/MAJ+넌/NP+JX+집/NNG+에서/JKB+밥/NNG+먹/VV+을/ETM+수/NNB+있/VV+으니/EF+./SY"
          },
          {
            "id": 10,
            "text": "2 : 응 1시간 밥 먹고 오는데 그것도 일이다 ㅠㅠ",
            "norm_text": "응 1시간 밥 먹고 오는데 그것도 일이다 ㅠㅠ",
            "speaker": {
              "id": "2번",
              "sex": "여성",
              "age": "30대"
            },
            "speechAct": "(단언) 주장하기",
            "morpheme": "응/IC+1/SN+시간밥먹고오는데그것도일이다ㅠㅠ/UNKNOWN"
          },
          {
            "id": 11,
            "text": "2 : 집안일을 하게 되더라고...",
            "norm_text": "집안일을 하게 되더라고...",
            "speaker": {
              "id": "2번",
              "sex": "여성",
              "age": "30대"
            },
            "speechAct": "(단언) 진술하기",
            "morpheme": "집안일/NNG+을/JKO+하/VV+게/EC+되/VV+더라고/EF+./SY"
          },
          {
            "id": 12,
            "text": "1 : 아... ㅜㅜ 그렇겠네 그래도 식비는 안 들겠다!",
            "norm_text": "아... ㅜㅜ 그렇겠네 그래도 식비는 안 들겠다!",
            "speaker": {
              "id": "1번",
              "sex": "여성",
              "age": "30대"
            },
            "speechAct": "(지시) 질문하기",
            "morpheme": "아/IC+./SY+ㅜㅜ/UNKNOWN+그렇/VA+겠/EP+네/EF+그래도/MAJ+식비/NNG+는/JX+안/MAG+들/VV+겠/EP+다/EF"
          },
          {
            "id": 13,
            "text": "2 : 집에서 먹는 것 자체가 식비이긴 하지... 이제 식단 하면 식비는 아예 줄겠네 하하",
            "norm_text": "집에서 먹는 것 자체가 식비이긴 하지... 이제 식단 하면 식비는 아예 줄겠네 하하",
            "speaker": {
              "id": "2번",
              "sex": "여성",
              "age": "30대"
            },
            "speechAct": "(지시) 질문하기",
            "morpheme": "집/NNG+에서/JKB+먹/VV+는/ETM+것/NNB+자체/NNG+가/JKS+식비/NNG+이/VCP+긴/ETN+JX+하/VX+지/EF+./SY+이제/MAG+식단/NNG+하/XSV+면/EC+식비/NNG+는/JX+아예/MAG+줄/VV+겠/EP+네/EF+하하/MAG"
          },
          {
            "id": 14,
            "text": "1 : 회식의 유일한 장점은 비싼 음식을 먹을 수 있음 키키",
            "norm_text": "회식의 유일한 장점은 비싼 음식을 먹을 수 있음 키키",
            "speaker": {
              "id": "1번",
              "sex": "여성",
              "age": "30대"
            },
            "speechAct": "(단언) 주장하기",
            "morpheme": "회식/NNG+의/JKG+유일/NNG+한/XSA+ETM+장점/NNG+은/JX+비싼/VA+ETM+음식/NNG+을/JKO+먹/VV+을/ETM+수/NNB+있/VV+음/ETN+키/NNG+키/XSV+ETN"
          },
          {
            "id": 15,
            "text": "2 : 키키 우린 그렇지도 않더라 전부 소식가들이라서 내만 더 배고픔 ㅠㅠ",
            "norm_text": "키키 우린 그렇지도 않더라 전부 소식가들이라서 내만 더 배고픔 ㅠㅠ",
            "speaker": {
              "id": "2번",
              "sex": "여성",
              "age": "30대"
            },
            "speechAct": "(단언) 주장하기",
            "morpheme": "키/NNG+키/XSV+ETN+우린/NP+JX+그렇/VA+지/EC+도/JX+않/VX+더라/EC+전부/MAG+소식가/NNG+들/XSN+이/VCP+라서/EC+내/NP+만/JX+더/MAG+배고픔/NNG+ㅠㅠ/UNKNOWN"
          },
          {
            "id": 16,
            "text": "1 : 아 그래? ㅜㅜ 동료랑 커피 같은 건 자주 마셔?",
            "norm_text": "아 그래? ㅜㅜ 동료랑 커피 같은 건 자주 마셔?",
            "speaker": {
              "id": "1번",
              "sex": "여성",
              "age": "30대"
            },
            "speechAct": "(지시) 질문하기",
            "morpheme": "아/IC+그래/IC+ㅜㅜ동료랑커피같은건자주마셔/UNKNOWN"
          },
          {
            "id": 17,
            "text": "2 : 우린 갠플! 마시고 싶지도 않다... 그냥 대화 없는 게 젤 편해 키키",
            "norm_text": "우린 갠플! 마시고 싶지도 않다... 그냥 대화 없는 게 젤 편해 키키",
            "speaker": {
              "id": "2번",
              "sex": "여성",
              "age": "30대"
            },
            "speechAct": "(단언) 주장하기",
            "morpheme": "우린/NP+JX+갠/VV+ETM+플/NNG+마시/VV+고/EC+싶/VX+지/EC+도/JX+않/VX+다/EF+./SY+그냥/MAG+대화/NNG+없/VA+는/ETM+게/NNB+JKS+젤/MAG+편해/VA+EC+키/NNG+키/XSV+ETN"
          },
          {
            "id": 18,
            "text": "1 : 키키 아이고야... 키키 너무 각자 자기 일만 하는 거 아니가",
            "norm_text": "키키 아이고야... 키키 너무 각자 자기 일만 하는 거 아니가",
            "speaker": {
              "id": "1번",
              "sex": "여성",
              "age": "30대"
            },
            "speechAct": "(지시) 질문하기",
            "morpheme": "키/NNG+키/XSV+ETN+아이/VCN+고야/EF+./SY+키키너무각자자기일만하는거아니가/UNKNOWN"
          },
          {
            "id": 19,
            "text": "2 : 뭐 오히려 그렇게 대화를 안 하니까 이 자체가 장점인 듯?",
            "norm_text": "뭐 오히려 그렇게 대화를 안 하니까 이 자체가 장점인 듯?",
            "speaker": {
              "id": "2번",
              "sex": "여성",
              "age": "30대"
            },
            "speechAct": "(단언) 주장하기",
            "morpheme": "뭐/IC+오히려/MAJ+그렇게/MAG+대화/NNG+를/JKO+안/MAG+하/VV+니까/EC+이/MM+자체/NNG+가/JKS+장점/NNG+인듯/VCP+EF"
          }
        ]
      }
    }
  ]
}