{
  "dataset": {
    "identifier": 62464,
    "name": "KAKAO_920_14_set",
    "src_path": "/data/file/cubeManager/PROJECT001/53/txt20211005161349023915/KAKAO_920_14_set/",
    "label_path": "/data/file/cubeManager/PROJECT001/53/txt20211005161349023915/KAKAO_920_14_set/",
    "category": 2,
    "type": 0
  },
  "licenses": {
    "name": "Apache License 1.0",
    "url": "http://www.apache.org/licenses/LICENSE-1.0"
  },
  "info": [
    {
      "id": 41971,
      "filename": "KAKAO_920_14.txt",
      "title": "KAKAO_920_14",
      "mediatype": "SNS",
      "medianame": "카카오톡",
      "category": "일상대화",
      "date": "2021-10-05",
      "size": 668,
      "annotations": {
        "subject": "사회이슈",
        "speaker_type": "1:1",
        "size": 668,
        "word_size": 193,
        "text": "1 : 요즘 코로나19 확진자가 많이 늘어났네\n2 : 그러니까 이제 지역 단위로 3단계 4단계까지 격상해버렸어\n1 : 그러면 10시까지밖에 영업 못하는 거 아니야?\n2 : 맞아 그래서 자영업자들은 더 힘들어지는 거고 요즘에 폐업하는 사람도 많던데...\n1 : 헐... 문제가 엄청 많다...\n1 : 자영업자들은 고민이 엄청 이만저만 아니겠다\n2 : 웅 주변에 자영업 하시는 분들 보면 매출도 3분에 1로 줄어들었다고 많이 하시더라\n1 : 아 맞다... 요즘에 코로나 때문에 택배기사나 배달하시는 분들도 사건 사고가 많은 것 같아\n2 : 아 진짜? 그건 모르고 있었네\n2 : 주로 어떤 사고가 많이 일어나?\n1 : 요즘 택배물량이 엄청 늘어나서 초과근무를 서시다가 과로사 하시는 분들이 엄청 늘어났대\n2 : 진짜 기사님들 고생 엄청 하신다...\n2 : 코로나 때문에 요즘 상권도 많이 죽고 참...\n1 : 나 정말 많이 가던 단골집도 문 닫은 곳이 3곳이나 되더라\n2 : 3단계로만 떨어져도 괜찮을 텐데...\n2 : 근데 3단계도 다 같은 3단계가 아니던데?\n1 : 아 진짜? 네가 그렇게 생각한 이유가 있어?\n2 : 그냥 4단계보다는 살짝 다르긴 한데 똑같이 10시에 닫는 건 동일하잖아!\n1 : 그렇긴 하네...\n1 : 너도 마스크 잘 쓰고 코로나 조심해\n2 : 그래 우리 방역수칙 잘 지켜서 옛날 그때 그 시절로 꼭 돌아가자!",
        "lines": [
          {
            "id": 1,
            "text": "1 : 요즘 코로나19 확진자가 많이 늘어났네",
            "norm_text": "요즘 코로나19 확진자가 많이 늘어났네",
            "speaker": {
              "id": "1번",
              "sex": "여성",
              "age": "20대"
            },
            "speechAct": "(단언) 진술하기",
            "morpheme": "요즘/NNG+코로나/NNG+19/SN+확진/NNG+자/XSN+가/JKS+많이/MAG+늘어났/VV+EP+네/EF"
          },
          {
            "id": 2,
            "text": "2 : 그러니까 이제 지역 단위로 3단계 4단계까지 격상해버렸어",
            "norm_text": "그러니까 이제 지역 단위로 3단계 4단계까지 격상해버렸어",
            "speaker": {
              "id": "2번",
              "sex": "남성",
              "age": "20대"
            },
            "speechAct": "(단언) 진술하기",
            "morpheme": "그러니까/MAJ+이제/MAG+지역/NNG+단위/NNG+로/JKB+3/SN+단계/NNG+4/SN+단계/NNG+까지/JX+격상/NNG+해/XSV+EC+버렸/VX+EP+어/EC"
          },
          {
            "id": 3,
            "text": "1 : 그러면 10시까지밖에 영업 못하는 거 아니야?",
            "norm_text": "그러면 10시까지밖에 영업 못하는 거 아니야?",
            "speaker": {
              "id": "1번",
              "sex": "여성",
              "age": "20대"
            },
            "speechAct": "(지시) 질문하기",
            "morpheme": "그러면/MAJ+10/SN+시/NNBC+까지/JX+밖에/JX+영업/NNG+못/MAG+하/VV+는/ETM+거/NNB+아니/VCN+야/EF"
          },
          {
            "id": 4,
            "text": "2 : 맞아 그래서 자영업자들은 더 힘들어지는 거고 요즘에 폐업하는 사람도 많던데...",
            "norm_text": "맞아 그래서 자영업자들은 더 힘들어지는 거고 요즘에 폐업하는 사람도 많던데...",
            "speaker": {
              "id": "2번",
              "sex": "남성",
              "age": "20대"
            },
            "speechAct": "(단언) 진술하기",
            "morpheme": "맞아/IC+그래서/MAJ+자영업/NNG+자/XSN+들/XSN+은/JX+더/MAG+힘들/VA+어/EC+지/VX+는/ETM+거/NNB+고/VCP+EC+요즘/NNG+에/JKB+폐업/NNG+하/XSV+는/ETM+사람/NNG+도/JX+많/VA+던데/EF+./SY"
          },
          {
            "id": 5,
            "text": "1 : 헐... 문제가 엄청 많다...",
            "norm_text": "헐... 문제가 엄청 많다...",
            "speaker": {
              "id": "1번",
              "sex": "여성",
              "age": "20대"
            },
            "speechAct": "(단언) 주장하기",
            "morpheme": "헐/IC+./SY+문제/NNG+가/JKS+엄청/MAG+많/VA+다/EF+./SY"
          },
          {
            "id": 6,
            "text": "1 : 자영업자들은 고민이 엄청 이만저만 아니겠다",
            "norm_text": "자영업자들은 고민이 엄청 이만저만 아니겠다",
            "speaker": {
              "id": "1번",
              "sex": "여성",
              "age": "20대"
            },
            "speechAct": "(단언) 주장하기",
            "morpheme": "자영업/NNG+자/XSN+들/XSN+은/JX+고민/NNG+이/JKS+엄청/MAG+이만저만/MAG+아니/VCN+겠/EP+다/EC"
          },
          {
            "id": 7,
            "text": "2 : 웅 주변에 자영업 하시는 분들 보면 매출도 3분에 1로 줄어들었다고 많이 하시더라",
            "norm_text": "웅 주변에 자영업 하시는 분들 보면 매출도 3분에 1로 줄어들었다고 많이 하시더라",
            "speaker": {
              "id": "2번",
              "sex": "남성",
              "age": "20대"
            },
            "speechAct": "(단언) 진술하기",
            "morpheme": "웅/IC+주변/NNG+에/JKB+자영업/NNG+하/XSV+시/EP+는/ETM+분/NNB+들/XSN+보/VV+면/EC+매출/NNG+도/JX+3/SN+분/NNBC+에/JKB+1/SN+로/JKB+줄어들/VV+었/EP+다고/EC+많이/MAG+하/VV+시/EP+더라/EC"
          },
          {
            "id": 8,
            "text": "1 : 아 맞다... 요즘에 코로나 때문에 택배기사나 배달하시는 분들도 사건 사고가 많은 것 같아",
            "norm_text": "아 맞다... 요즘에 코로나 때문에 택배기사나 배달하시는 분들도 사건 사고가 많은 것 같아",
            "speaker": {
              "id": "1번",
              "sex": "여성",
              "age": "20대"
            },
            "speechAct": "(단언) 주장하기",
            "morpheme": "아/IC+맞/VV+다/EF+./SY+요즘/NNG+에/JKB+코로나/NNG+때문/NNB+에/JKB+택배/NNG+기사/NNG+나/JC+배달/NNG+하/XSV+시/EP+는/ETM+분/NNB+들/XSN+도/JX+사건/NNG+사고/NNG+가/JKS+많/VA+은/ETM+것/NNB+같/VA+아/EC"
          },
          {
            "id": 9,
            "text": "2 : 아 진짜? 그건 모르고 있었네",
            "norm_text": "아 진짜? 그건 모르고 있었네",
            "speaker": {
              "id": "2번",
              "sex": "남성",
              "age": "20대"
            },
            "speechAct": "(단언) 주장하기",
            "morpheme": "아/IC+진짜/MAG+그건/NP+JX+모르/VV+고/EC+있/VX+었/EP+네/EF"
          },
          {
            "id": 10,
            "text": "2 : 주로 어떤 사고가 많이 일어나?",
            "norm_text": "주로 어떤 사고가 많이 일어나?",
            "speaker": {
              "id": "2번",
              "sex": "남성",
              "age": "20대"
            },
            "speechAct": "(지시) 질문하기",
            "morpheme": "주로/MAG+어떤/MM+사고/NNG+가/JKS+많이/MAG+일어나/VV+EF"
          },
          {
            "id": 11,
            "text": "1 : 요즘 택배물량이 엄청 늘어나서 초과근무를 서시다가 과로사 하시는 분들이 엄청 늘어났대",
            "norm_text": "요즘 택배물량이 엄청 늘어나서 초과근무를 서시다가 과로사 하시는 분들이 엄청 늘어났대",
            "speaker": {
              "id": "1번",
              "sex": "여성",
              "age": "20대"
            },
            "speechAct": "(단언) 진술하기",
            "morpheme": "요즘/NNG+택배/NNG+물량/NNG+이/JKS+엄청/MAG+늘어나/VV+서/EC+초과/NNG+근무/NNG+를/JKO+서/VV+시/EP+다가/EC+과로사/NNP+하/VV+시/EP+는/ETM+분/NNB+들/XSN+이/JKS+엄청/MAG+늘어났/VV+EP+대/EC"
          },
          {
            "id": 12,
            "text": "2 : 진짜 기사님들 고생 엄청 하신다...",
            "norm_text": "진짜 기사님들 고생 엄청 하신다...",
            "speaker": {
              "id": "2번",
              "sex": "남성",
              "age": "20대"
            },
            "speechAct": "(단언) 주장하기",
            "morpheme": "진짜/MAG+기사/NNG+님/XSN+들/XSN+고생/NNG+엄청/MAG+하/VV+신다/EP+EF+./SY"
          },
          {
            "id": 13,
            "text": "2 : 코로나 때문에 요즘 상권도 많이 죽고 참...",
            "norm_text": "코로나 때문에 요즘 상권도 많이 죽고 참...",
            "speaker": {
              "id": "2번",
              "sex": "남성",
              "age": "20대"
            },
            "speechAct": "(단언) 주장하기",
            "morpheme": "코로나/NNG+때문/NNB+에/JKB+요즘/NNG+상권/NNG+도/JX+많이/MAG+죽/VV+고/EC+참/IC+./SY"
          },
          {
            "id": 14,
            "text": "1 : 나 정말 많이 가던 단골집도 문 닫은 곳이 3곳이나 되더라",
            "norm_text": "나 정말 많이 가던 단골집도 문 닫은 곳이 3곳이나 되더라",
            "speaker": {
              "id": "1번",
              "sex": "여성",
              "age": "20대"
            },
            "speechAct": "(단언) 진술하기",
            "morpheme": "나/NP+정말/MAG+많이/MAG+가/VV+던/ETM+단골집/NNG+도문/NNG+닫/VV+은/ETM+곳/NNG+이/JKS+3/SN+곳/NNG+이나/JX+되/VV+더라/EC"
          },
          {
            "id": 15,
            "text": "2 : 3단계로만 떨어져도 괜찮을 텐데...",
            "norm_text": "3단계로만 떨어져도 괜찮을 텐데...",
            "speaker": {
              "id": "2번",
              "sex": "남성",
              "age": "20대"
            },
            "speechAct": "(단언) 주장하기",
            "morpheme": "3/SN+단계/NNG+로/JKB+만/JX+떨어져/VV+EC+도/JX+괜찮/VA+을/ETM+텐데/NNB+VCP+EF+./SY"
          },
          {
            "id": 16,
            "text": "2 : 근데 3단계도 다 같은 3단계가 아니던데?",
            "norm_text": "근데 3단계도 다 같은 3단계가 아니던데?",
            "speaker": {
              "id": "2번",
              "sex": "남성",
              "age": "20대"
            },
            "speechAct": "(단언) 주장하기",
            "morpheme": "근데/MAJ+3/SN+단계/NNG+도/JX+다/MAG+같/VA+은/ETM+3/SN+단계/NNG+가/JKC+아니/VCN+던데/EF"
          },
          {
            "id": 17,
            "text": "1 : 아 진짜? 네가 그렇게 생각한 이유가 있어?",
            "norm_text": "아 진짜? 네가 그렇게 생각한 이유가 있어?",
            "speaker": {
              "id": "1번",
              "sex": "여성",
              "age": "20대"
            },
            "speechAct": "(지시) 질문하기",
            "morpheme": "아/IC+진짜/MAG+네/NP+가/JKS+그렇게/MAG+생각/NNG+한/XSA+ETM+이유/NNG+가/JKS+있/VA+어/EF"
          },
          {
            "id": 18,
            "text": "2 : 그냥 4단계보다는 살짝 다르긴 한데 똑같이 10시에 닫는 건 동일하잖아!",
            "norm_text": "그냥 4단계보다는 살짝 다르긴 한데 똑같이 10시에 닫는 건 동일하잖아!",
            "speaker": {
              "id": "2번",
              "sex": "남성",
              "age": "20대"
            },
            "speechAct": "(단언) 진술하기",
            "morpheme": "그냥/MAG+4/SN+단계/NNG+보다/JKB+는/JX+살짝/MAG+다르/VA+긴/ETN+JX+한데/VX+EC+똑같이/MAG+10/SN+시/NNBC+에/JKB+닫/VV+는/ETM+건/NNB+JX+동일/NNG+하/XSV+잖아/EC+VX+EF"
          },
          {
            "id": 19,
            "text": "1 : 그렇긴 하네...",
            "norm_text": "그렇긴 하네...",
            "speaker": {
              "id": "1번",
              "sex": "여성",
              "age": "20대"
            },
            "speechAct": "(단언) 주장하기",
            "morpheme": "그렇/VA+긴/ETN+JX+하/VX+네/EF+./SY"
          },
          {
            "id": 20,
            "text": "1 : 너도 마스크 잘 쓰고 코로나 조심해",
            "norm_text": "너도 마스크 잘 쓰고 코로나 조심해",
            "speaker": {
              "id": "1번",
              "sex": "여성",
              "age": "20대"
            },
            "speechAct": "(지시) 충고/제안하기",
            "morpheme": "너/NP+도/JX+마스크/IC+잘/MAG+쓰/VV+고/EC+코로나/NNG+조심/NNG+해/XSV+EC"
          },
          {
            "id": 21,
            "text": "2 : 그래 우리 방역수칙 잘 지켜서 옛날 그때 그 시절로 꼭 돌아가자!",
            "norm_text": "그래 우리 방역수칙 잘 지켜서 옛날 그때 그 시절로 꼭 돌아가자!",
            "speaker": {
              "id": "2번",
              "sex": "남성",
              "age": "20대"
            },
            "speechAct": "(언약) 약속하기(제3자와)/(개인적 수준)",
            "morpheme": "그래/IC+우리/NP+방역/NNG+수칙/NNG+잘/MAG+지켜서/VV+EC+옛날/NNG+그때/NNG+그/MM+시절/NNG+로/JKB+꼭/MAG+돌아가/VV+자/EF"
          }
        ]
      }
    }
  ]
}