{
  "dataset": {
    "identifier": 63160,
    "name": "KAKAO_918_20_set",
    "src_path": "/data/file/cubeManager/PROJECT001/53/txt20211005154951059888/KAKAO_918_20_set/",
    "label_path": "/data/file/cubeManager/PROJECT001/53/txt20211005154951059888/KAKAO_918_20_set/",
    "category": 2,
    "type": 0
  },
  "licenses": {
    "name": "Apache License 1.0",
    "url": "http://www.apache.org/licenses/LICENSE-1.0"
  },
  "info": [
    {
      "id": 41797,
      "filename": "KAKAO_918_20.txt",
      "title": "KAKAO_918_20",
      "mediatype": "SNS",
      "medianame": "카카오톡",
      "category": "일상대화",
      "date": "2021-10-05",
      "size": 346,
      "annotations": {
        "subject": "영화/만화",
        "speaker_type": "1:1",
        "size": 346,
        "word_size": 125,
        "text": "1 : 감독들은 다 돈 잘 벌까?\n2 : 못 버는 감독도 많을 거야\n1 : 망하면 적자만 생기겠지?\n2 : 거의 빚지고 하지 않나?\n1 : 그런가? 그리고 흥행 잘 되면 돈 다 갚고?\n2 : 글치 흥행하면 엄청 많이 벌겠지?\n1 : 그리고 차기작도 기대가 될 것 같아\n2 : 맞다 키키 영화 안 본 지도 오래 된 거 같다\n1 : 영화관에서 요새 팝콘도 못 먹잖아 ㅠㅠ\n2 : 안 간 지 한참 됐어\n2 : 작년에 가고 안 갔을걸\n1 : 나 이번에 가봤는데 팝콘 못 먹더라 ㅠㅠ\n2 : 사람들은 좀 있더나?\n1 : 아니 사람들도 별로 없어 키키\n2 : 그래도 아직 가는 사람은 있네\n1 : 영화 나오면 가려고 하지 키키\n2 : 난 그래도 안 갈래 하하",
        "lines": [
          {
            "id": 1,
            "text": "1 : 감독들은 다 돈 잘 벌까?",
            "norm_text": "감독들은 다 돈 잘 벌까?",
            "speaker": {
              "id": "1번",
              "sex": "여성",
              "age": "20대"
            },
            "speechAct": "(지시) 질문하기",
            "morpheme": "감독/NNG+들/XSN+은/JX+다/MAG+돈/NNG+잘/MAG+벌/VV+까/EF"
          },
          {
            "id": 2,
            "text": "2 : 못 버는 감독도 많을 거야",
            "norm_text": "못 버는 감독도 많을 거야",
            "speaker": {
              "id": "2번",
              "sex": "남성",
              "age": "30대"
            },
            "speechAct": "(단언) 주장하기",
            "morpheme": "못/MAG+버/VV+는/ETM+감독/NNG+도/JX+많/VA+을/ETM+거/NNB+야/VCP+EF"
          },
          {
            "id": 3,
            "text": "1 : 망하면 적자만 생기겠지?",
            "norm_text": "망하면 적자만 생기겠지?",
            "speaker": {
              "id": "1번",
              "sex": "여성",
              "age": "20대"
            },
            "speechAct": "(지시) 질문하기",
            "morpheme": "망하/VA+면/EC+적자/NNG+만/JX+생기/VV+겠/EP+지/EF"
          },
          {
            "id": 4,
            "text": "2 : 거의 빚지고 하지 않나?",
            "norm_text": "거의 빚지고 하지 않나?",
            "speaker": {
              "id": "2번",
              "sex": "남성",
              "age": "30대"
            },
            "speechAct": "(지시) 질문하기",
            "morpheme": "거의/MAG+빚지/VV+고/EC+하/VV+지/EC+않/VX+나/EF"
          },
          {
            "id": 5,
            "text": "1 : 그런가? 그리고 흥행 잘 되면 돈 다 갚고?",
            "norm_text": "그런가? 그리고 흥행 잘 되면 돈 다 갚고?",
            "speaker": {
              "id": "1번",
              "sex": "여성",
              "age": "20대"
            },
            "speechAct": "(지시) 질문하기",
            "morpheme": "그런가/VA+EF+그리고/MAJ+흥행/NNG+잘/MAG+되/VV+면/EC+돈다/VV+EC+갚/VV+고/EC"
          },
          {
            "id": 6,
            "text": "2 : 글치 흥행하면 엄청 많이 벌겠지?",
            "norm_text": "글치 흥행하면 엄청 많이 벌겠지?",
            "speaker": {
              "id": "2번",
              "sex": "남성",
              "age": "30대"
            },
            "speechAct": "(단언) 주장하기",
            "morpheme": "글/NNG+치/XSN+흥행/NNG+하/XSV+면/EC+엄청/MAG+많이/MAG+벌/VV+겠/EP+지/EF"
          },
          {
            "id": 7,
            "text": "1 : 그리고 차기작도 기대가 될 것 같아",
            "norm_text": "그리고 차기작도 기대가 될 것 같아",
            "speaker": {
              "id": "1번",
              "sex": "여성",
              "age": "20대"
            },
            "speechAct": "(단언) 주장하기",
            "morpheme": "그리고/MAJ+차기/NNG+작도/NNG+기대/NNG+가/JKS+될/VV+ETM+것/NNB+같/VA+아/EC"
          },
          {
            "id": 8,
            "text": "2 : 맞다 키키 영화 안 본 지도 오래 된 거 같다",
            "norm_text": "맞다 키키 영화 안 본 지도 오래 된 거 같다",
            "speaker": {
              "id": "2번",
              "sex": "남성",
              "age": "30대"
            },
            "speechAct": "(단언) 주장하기",
            "morpheme": "맞/XPN+다키키/NNP+영화/NNG+안/MAG+본/VV+ETM+지도/NNG+오래/MAG+된/VV+ETM+거/NNB+같/VA+다/EC"
          },
          {
            "id": 9,
            "text": "1 : 영화관에서 요새 팝콘도 못 먹잖아 ㅠㅠ",
            "norm_text": "영화관에서 요새 팝콘도 못 먹잖아 ㅠㅠ",
            "speaker": {
              "id": "1번",
              "sex": "여성",
              "age": "20대"
            },
            "speechAct": "(단언) 진술하기",
            "morpheme": "영화관/NNG+에서/JKB+요새/NNG+팝콘/NNG+도/JX+못/MAG+먹/VV+잖아/EF+ㅠㅠ/UNKNOWN"
          },
          {
            "id": 10,
            "text": "2 : 안 간 지 한참 됐어",
            "norm_text": "안 간 지 한참 됐어",
            "speaker": {
              "id": "2번",
              "sex": "남성",
              "age": "30대"
            },
            "speechAct": "(단언) 진술하기",
            "morpheme": "안/MAG+간지/VV+EC+한참/NNG+됐/XSV+EP+어/EC"
          },
          {
            "id": 11,
            "text": "2 : 작년에 가고 안 갔을걸",
            "norm_text": "작년에 가고 안 갔을걸",
            "speaker": {
              "id": "2번",
              "sex": "남성",
              "age": "30대"
            },
            "speechAct": "(단언) 진술하기",
            "morpheme": "작년/NNG+에/JKB+가/VV+고/EC+안/MAG+갔/VV+EP+을/ETM+걸/NNB+JKO"
          },
          {
            "id": 12,
            "text": "1 : 나 이번에 가봤는데 팝콘 못 먹더라 ㅠㅠ",
            "norm_text": "나 이번에 가봤는데 팝콘 못 먹더라 ㅠㅠ",
            "speaker": {
              "id": "1번",
              "sex": "여성",
              "age": "20대"
            },
            "speechAct": "(단언) 진술하기",
            "morpheme": "나/NP+이번/NNG+에/JKB+가/VV+EC+봤/VX+EP+는데/EC+팝콘/NNG+못/MAG+먹/VV+더라/EF+ㅠㅠ/UNKNOWN"
          },
          {
            "id": 13,
            "text": "2 : 사람들은 좀 있더나?",
            "norm_text": "사람들은 좀 있더나?",
            "speaker": {
              "id": "2번",
              "sex": "남성",
              "age": "30대"
            },
            "speechAct": "(지시) 질문하기",
            "morpheme": "사람/NNG+들/XSN+은/JX+좀/MAG+있/VA+더나/EF"
          },
          {
            "id": 14,
            "text": "1 : 아니 사람들도 별로 없어 키키",
            "norm_text": "아니 사람들도 별로 없어 키키",
            "speaker": {
              "id": "1번",
              "sex": "여성",
              "age": "20대"
            },
            "speechAct": "(단언) 진술하기",
            "morpheme": "아니/IC+사람/NNG+들/XSN+도/JX+별로/MAG+없/VA+어/EC+키/NNG+키/XSV+ETN"
          },
          {
            "id": 15,
            "text": "2 : 그래도 아직 가는 사람은 있네",
            "norm_text": "그래도 아직 가는 사람은 있네",
            "speaker": {
              "id": "2번",
              "sex": "남성",
              "age": "30대"
            },
            "speechAct": "(단언) 진술하기",
            "morpheme": "그래도/MAJ+아직/MAG+가/VV+는/ETM+사람/NNG+은/JX+있/VA+네/EC"
          },
          {
            "id": 16,
            "text": "1 : 영화 나오면 가려고 하지 키키",
            "norm_text": "영화 나오면 가려고 하지 키키",
            "speaker": {
              "id": "1번",
              "sex": "여성",
              "age": "20대"
            },
            "speechAct": "(단언) 진술하기",
            "morpheme": "영화/NNG+나오/VV+면/EC+가/VX+려고/EC+하/VV+지/EC+키/NNG+키/XSV+ETN"
          },
          {
            "id": 17,
            "text": "2 : 난 그래도 안 갈래 하하",
            "norm_text": "난 그래도 안 갈래 하하",
            "speaker": {
              "id": "2번",
              "sex": "남성",
              "age": "30대"
            },
            "speechAct": "(단언) 진술하기",
            "morpheme": "난/NP+JX+그래도/MAJ+안/MAG+갈래/VV+EC+하하/MAG"
          }
        ]
      }
    }
  ]
}