{
  "dataset": {
    "identifier": 63422,
    "name": "KAKAO_911_11_set",
    "src_path": "/data/file/cubeManager/PROJECT001/53/txt202110051541230698110/KAKAO_911_11_set/",
    "label_path": "/data/file/cubeManager/PROJECT001/53/txt202110051541230698110/KAKAO_911_11_set/",
    "category": 2,
    "type": 0
  },
  "licenses": {
    "name": "Apache License 1.0",
    "url": "http://www.apache.org/licenses/LICENSE-1.0"
  },
  "info": [
    {
      "id": 41608,
      "filename": "KAKAO_911_11.txt",
      "title": "KAKAO_911_11",
      "mediatype": "SNS",
      "medianame": "카카오톡",
      "category": "일상대화",
      "date": "2021-10-05",
      "size": 664,
      "annotations": {
        "subject": "게임",
        "speaker_type": "1:1",
        "size": 664,
        "word_size": 206,
        "text": "1 : 갑자기 철권 하고 싶당\n2 : 철권 할 줄 아나? 내가 아는 여자들 중에 철권 하는 사람 니가 두번째임 ㅎ\n1 : 진으로 하면 엄청 잘하는데 키키 서브가 좀 약하네 키키\n1 : 나는 근데 어릴 때는 철권보다 킹오파 키키\n2 : 진 하면 서브로 카즈야가 기술 비슷하지 않음? 킹오파는 내 초딩 때 이후로 안 해봤는데 ㅋ\n1 : 카즈야는 좀 싫다 키키 외모도 싫음ㅋ 머리 스타일 구려\n2 : 그럼 헤이하치? 키키 머리 스타일 멋있는데 키키\n1 : 킹오파에 베니마루 오빠가 참 쌔끈한데...\n2 : 난 베니마루 뭔가 여성스러워서 좀... 무서움...\n1 : 나 킹오파 모바일로도 다운 받아서 겁나 했음 키키 킹오브파이터 올스터즈\n2 : 킹오파는 진짜 안 한지 너무 오래돼서 그게 뭔지도 모르겠다 ㅋ\n1 : 나 길드장까지 하면서 열나 했는데 키키 현질 안 하면 오로치 뽑기 하늘에 별 따기라 접음\n2 : 모바일 게임도 그렇고 요즘은 현질 안 하면 힘들어서 걍 콘솔 게임 하는 게 나은 거 같다\n1 : 여성스러운 캐릭하니까 킹이라고 웨이터복장 캐릭터는 여자가 맞는 거지? 발차기 겁나 하는 애\n2 : 철권 얘기하다가 킹오파 킹 얘기하니까 고양이 킹 생각했다 키키\n2 : 발차기 하는 여자 캐릭터 맞음 키키\n1 : 킹오파는 뭐니 뭐니해도 마이 미만 잡이다\n2 : 마이 키키 초딩 때 얍삽이 배워서 마이 많이 했었는데 키키",
        "lines": [
          {
            "id": 1,
            "text": "1 : 갑자기 철권 하고 싶당",
            "norm_text": "갑자기 철권 하고 싶당",
            "speaker": {
              "id": "1번",
              "sex": "여성",
              "age": "30대"
            },
            "speechAct": "(단언) 주장하기",
            "morpheme": "갑자기/MAG+철권/NNG+하/XSV+고/EC+싶/VX+당/EF"
          },
          {
            "id": 2,
            "text": "2 : 철권 할 줄 아나? 내가 아는 여자들 중에 철권 하는 사람 니가 두번째임 ㅎ",
            "norm_text": "철권 할 줄 아나? 내가 아는 여자들 중에 철권 하는 사람 니가 두번째임 ㅎ",
            "speaker": {
              "id": "2번",
              "sex": "남성",
              "age": "30대"
            },
            "speechAct": "(지시) 질문하기",
            "morpheme": "철권/NNG+할/XSV+ETM+줄/NNB+아/VV+나/EF+내/NP+가/JKS+아/VV+는/ETM+여자/NNG+들/XSN+중/NNB+에/JKB+철권/NNG+하/XSV+는/ETM+사람/NNG+니/NP+가/JKS+두/MM+번/NNBC+째/XSN+임/XR+ㅎ/XSA"
          },
          {
            "id": 3,
            "text": "1 : 진으로 하면 엄청 잘하는데 키키 서브가 좀 약하네 키키",
            "norm_text": "진으로 하면 엄청 잘하는데 키키 서브가 좀 약하네 키키",
            "speaker": {
              "id": "1번",
              "sex": "여성",
              "age": "30대"
            },
            "speechAct": "(단언) 주장하기",
            "morpheme": "진/NNG+으로/JKB+하/VV+면/EC+엄청/MAG+잘/MAG+하/VV+는데/EC+키/NNG+키/NNG+서브/NNG+가/JKS+좀/MAG+약하/VA+네/EF+키/NNG+키/XSV+ETN"
          },
          {
            "id": 4,
            "text": "1 : 나는 근데 어릴 때는 철권보다 킹오파 키키",
            "norm_text": "나는 근데 어릴 때는 철권보다 킹오파 키키",
            "speaker": {
              "id": "1번",
              "sex": "여성",
              "age": "30대"
            },
            "speechAct": "(단언) 진술하기",
            "morpheme": "나/NP+는/JX+근데/MAJ+어릴/VA+ETM+때/NNG+는/JX+철권/NNG+보다/JKB+킹/MAG+오파/NNG+키/NNG+키/XSV+ETN"
          },
          {
            "id": 5,
            "text": "2 : 진 하면 서브로 카즈야가 기술 비슷하지 않음? 킹오파는 내 초딩 때 이후로 안 해봤는데 ㅋ",
            "norm_text": "진 하면 서브로 카즈야가 기술 비슷하지 않음? 킹오파는 내 초딩 때 이후로 안 해봤는데 ㅋ",
            "speaker": {
              "id": "2번",
              "sex": "남성",
              "age": "30대"
            },
            "speechAct": "(단언) 진술하기",
            "morpheme": "진하/VA+면서/EC+브로/NNP+카즈야/NNP+가/JKS+기술/NNG+비슷/XR+하/XSA+지/EC+않/VX+음/ETN+킹/MAG+오파/NNG+는/JX+내/NP+JKG+초딩/NNG+때/NNG+이후/NNG+로/JKB+안/MAG+해/VV+EC+봤/VX+EP+는데/EC+ㅋ/UNKNOWN"
          },
          {
            "id": 6,
            "text": "1 : 카즈야는 좀 싫다 키키 외모도 싫음ㅋ 머리 스타일 구려",
            "norm_text": "카즈야는 좀 싫다 키키 외모도 싫음ㅋ 머리 스타일 구려",
            "speaker": {
              "id": "1번",
              "sex": "여성",
              "age": "30대"
            },
            "speechAct": "(단언) 주장하기",
            "morpheme": "카즈야/NNP+는/JX+좀/MAG+싫/VA+다키키/NNP+외모/NNG+도/JX+싫/VA+음ㅋ/UNKNOWN+머리/NNG+스타일/NNG+구려/NNG"
          },
          {
            "id": 7,
            "text": "2 : 그럼 헤이하치? 키키 머리 스타일 멋있는데 키키",
            "norm_text": "그럼 헤이하치? 키키 머리 스타일 멋있는데 키키",
            "speaker": {
              "id": "2번",
              "sex": "남성",
              "age": "30대"
            },
            "speechAct": "(단언) 주장하기",
            "morpheme": "그럼/MAJ+헤이/IC+하치/NNG+?/SY+키/NNG+키/NNG+머리/NNG+스타일/NNG+멋있/VA+는데/EC+키/NNG+키/XSV+ETN"
          },
          {
            "id": 8,
            "text": "1 : 킹오파에 베니마루 오빠가 참 쌔끈한데...",
            "norm_text": "킹오파에 베니마루 오빠가 참 쌔끈한데...",
            "speaker": {
              "id": "1번",
              "sex": "여성",
              "age": "30대"
            },
            "speechAct": "(단언) 주장하기",
            "morpheme": "킹/MAG+오파/NNG+에/JKB+베/VV+니/EC+마루/NNG+오빠/NNG+가/JKS+참/MAG+쌔/NNG+끈/NNG+한데/XSA+EF+./SY"
          },
          {
            "id": 9,
            "text": "2 : 난 베니마루 뭔가 여성스러워서 좀... 무서움...",
            "norm_text": "난 베니마루 뭔가 여성스러워서 좀... 무서움...",
            "speaker": {
              "id": "2번",
              "sex": "남성",
              "age": "30대"
            },
            "speechAct": "(단언) 주장하기",
            "morpheme": "난/NP+JX+베니/NNP+마루/NNG+뭔가/NP+VCP+EC+여성/NNG+스러워서/XSA+EC+좀/MAG+./SY+무서움/VA+ETN+./SY"
          },
          {
            "id": 10,
            "text": "1 : 나 킹오파 모바일로도 다운 받아서 겁나 했음 키키 킹오브파이터 올스터즈",
            "norm_text": "나 킹오파 모바일로도 다운 받아서 겁나 했음 키키 킹오브파이터 올스터즈",
            "speaker": {
              "id": "1번",
              "sex": "여성",
              "age": "30대"
            },
            "speechAct": "(단언) 진술하기",
            "morpheme": "나/NP+킹/MAG+오파/NNG+모바일/NNP+로/JKB+도/JX+다운/NNG+받/VV+아서/EC+겁나/VV+EC+했/VX+EP+음/ETN+키/NNG+키킹/NNG+오브/NNP+파이터/NNP+올/NNP+스터/NNP+즈/NNG"
          },
          {
            "id": 11,
            "text": "2 : 킹오파는 진짜 안 한지 너무 오래돼서 그게 뭔지도 모르겠다 ㅋ",
            "norm_text": "킹오파는 진짜 안 한지 너무 오래돼서 그게 뭔지도 모르겠다 ㅋ",
            "speaker": {
              "id": "2번",
              "sex": "남성",
              "age": "30대"
            },
            "speechAct": "(단언) 주장하기",
            "morpheme": "킹/MAG+오파/NNG+는/JX+진짜/MAG+안/MAG+한지/VV+EC+너무/MAG+오래/MAG+돼서/VV+EC+그게/NP+JKS+뭔지/NP+VCP+EC+도/JX+모르/VV+겠/EP+다ㅋ/UNKNOWN"
          },
          {
            "id": 12,
            "text": "1 : 나 길드장까지 하면서 열나 했는데 키키 현질 안 하면 오로치 뽑기 하늘에 별 따기라 접음",
            "norm_text": "나 길드장까지 하면서 열나 했는데 키키 현질 안 하면 오로치 뽑기 하늘에 별 따기라 접음",
            "speaker": {
              "id": "1번",
              "sex": "여성",
              "age": "30대"
            },
            "speechAct": "(단언) 진술하기",
            "morpheme": "나/NP+길드/NNG+장/NNG+까지/JX+하/VV+면서/EC+열/VV+나/EC+했/VX+EP+는데/EC+키/NNG+키/NNG+현질/NNG+안/MAG+하/VV+면/EC+오로치/NNP+뽑/VV+기/ETN+하늘/NNG+에/JKB+별/MM+따/VV+기/ETN+라/VCP+EC+접/VV+음/ETN"
          },
          {
            "id": 13,
            "text": "2 : 모바일 게임도 그렇고 요즘은 현질 안 하면 힘들어서 걍 콘솔 게임 하는 게 나은 거 같다",
            "norm_text": "모바일 게임도 그렇고 요즘은 현질 안 하면 힘들어서 걍 콘솔 게임 하는 게 나은 거 같다",
            "speaker": {
              "id": "2번",
              "sex": "남성",
              "age": "30대"
            },
            "speechAct": "(단언) 주장하기",
            "morpheme": "모바일게임/NNP+도/JX+그렇/VA+고/EC+요즘/NNG+은/JX+현질/NNG+안/MAG+하/VV+면/EC+힘들/VA+어서/EC+걍/UNKNOWN+콘솔/NNG+게임/NNG+하/XSV+는/ETM+게/NNB+JKS+나/VA+은/ETM+거/NNB+같/VA+다/EC"
          },
          {
            "id": 14,
            "text": "1 : 여성스러운 캐릭하니까 킹이라고 웨이터복장 캐릭터는 여자가 맞는 거지? 발차기 겁나 하는 애",
            "norm_text": "여성스러운 캐릭하니까 킹이라고 웨이터복장 캐릭터는 여자가 맞는 거지? 발차기 겁나 하는 애",
            "speaker": {
              "id": "1번",
              "sex": "여성",
              "age": "30대"
            },
            "speechAct": "(단언) 주장하기",
            "morpheme": "여성/NNG+스러운/XSA+ETM+캐릭/NNG+하/XSV+니까/EC+킹/NNP+이/VCP+라고/EC+웨이터/NNG+복장/NNG+캐릭터/NNG+는/JX+여자/NNG+가/JKS+맞/VV+는/ETM+거/NNB+지/VCP+EF+발차기/NNG+겁나/VV+EC+하/VV+는/ETM+애/NNG"
          },
          {
            "id": 15,
            "text": "2 : 철권 얘기하다가 킹오파 킹 얘기하니까 고양이 킹 생각했다 키키",
            "norm_text": "철권 얘기하다가 킹오파 킹 얘기하니까 고양이 킹 생각했다 키키",
            "speaker": {
              "id": "2번",
              "sex": "남성",
              "age": "30대"
            },
            "speechAct": "(단언) 주장하기",
            "morpheme": "철권/NNG+얘기/NNG+하/XSV+다가/EC+킹/MAG+오/IC+파킹/NNP+얘기/NNG+하/XSV+니까/EC+고양이/NNG+킹/MAG+생각/NNG+했/XSV+EP+다키키/NNP"
          },
          {
            "id": 16,
            "text": "2 : 발차기 하는 여자 캐릭터 맞음 키키",
            "norm_text": "발차기 하는 여자 캐릭터 맞음 키키",
            "speaker": {
              "id": "2번",
              "sex": "남성",
              "age": "30대"
            },
            "speechAct": "(단언) 주장하기",
            "morpheme": "발차기/NNG+하/XSV+는/ETM+여자/NNG+캐릭터/NNG+맞음/NNG+키/NNG+키/XSV+ETN"
          },
          {
            "id": 17,
            "text": "1 : 킹오파는 뭐니 뭐니해도 마이 미만 잡이다",
            "norm_text": "킹오파는 뭐니 뭐니해도 마이 미만 잡이다",
            "speaker": {
              "id": "1번",
              "sex": "여성",
              "age": "30대"
            },
            "speechAct": "(단언) 주장하기",
            "morpheme": "킹/MAG+오파/NNG+는/JX+뭐니뭐니/MAG+해도/VV+EC+마이미/NNP+만/JX+잡/NNG+이/VCP+다/EC"
          },
          {
            "id": 18,
            "text": "2 : 마이 키키 초딩 때 얍삽이 배워서 마이 많이 했었는데 키키",
            "norm_text": "마이 키키 초딩 때 얍삽이 배워서 마이 많이 했었는데 키키",
            "speaker": {
              "id": "2번",
              "sex": "남성",
              "age": "30대"
            },
            "speechAct": "(단언) 진술하기",
            "morpheme": "마이키/NNP+키/NNG+초딩/NNG+때/NNG+얍/IC+삽/NNG+이/JKS+배워서/VV+EC+마이/MAG+많이/MAG+했었/VV+EP+는데/EC+키/NNG+키/XSV+ETN"
          }
        ]
      }
    }
  ]
}