{
  "dataset": {
    "identifier": 63213,
    "name": "KAKAO_917_18_set",
    "src_path": "/data/file/cubeManager/PROJECT001/53/txt20211005154939026526/KAKAO_917_18_set/",
    "label_path": "/data/file/cubeManager/PROJECT001/53/txt20211005154939026526/KAKAO_917_18_set/",
    "category": 2,
    "type": 0
  },
  "licenses": {
    "name": "Apache License 1.0",
    "url": "http://www.apache.org/licenses/LICENSE-1.0"
  },
  "info": [
    {
      "id": 41775,
      "filename": "KAKAO_917_18.txt",
      "title": "KAKAO_917_18",
      "mediatype": "SNS",
      "medianame": "카카오톡",
      "category": "일상대화",
      "date": "2021-10-05",
      "size": 390,
      "annotations": {
        "subject": "상거래 전반",
        "speaker_type": "1:1",
        "size": 390,
        "word_size": 135,
        "text": "1 : 요즘은 전자상거래가 많은 것 같다 키키\n2 : 맞제 너무 많아서 구경하다 시간 다 간다\n1 : 키키 맞다 나도 구경하다 보면 밤샌다\n2 : 니는 뭐 주로 사는데?\n1 : 영양제랑 집에 생활용품 자주 본다 키키\n2 : 나는 생필품 위주로 시키는데 키키\n1 : 키키 첫째들은 생필품을 제일 많이 보는 듯\n2 : 나는 혼자라서 챙겨줄 사람이 없잖아 키키\n1 : 아 맞네 혼자 다 사야겠네\n1 : 돈 많이 들겠다 ㅠㅠ\n2 : 그래도 한번 사 놓으면 오래 쓰지\n1 : 한 번 살 때 많이 사는 편이야?\n2 : 배송비 아끼려고 한 번에 주문하긴 하지\n1 : 맞다 키키 한 번에 주문할 수 있는 건 그게 나을 듯\n2 : 너희 집도 한 번에 주문하나?\n1 : 유통기한 없는 것들은 한 번에 시킨다 키키\n2 : 물티슈도 유통기한 있나?",
        "lines": [
          {
            "id": 1,
            "text": "1 : 요즘은 전자상거래가 많은 것 같다 키키",
            "norm_text": "요즘은 전자상거래가 많은 것 같다 키키",
            "speaker": {
              "id": "1번",
              "sex": "여성",
              "age": "20대"
            },
            "speechAct": "(단언) 주장하기",
            "morpheme": "요즘/NNG+은/JX+전자/NNG+상거래/NNG+가/JKS+많/VA+은/ETM+것/NNB+같/VA+다키키/NNP"
          },
          {
            "id": 2,
            "text": "2 : 맞제 너무 많아서 구경하다 시간 다 간다",
            "norm_text": "맞제 너무 많아서 구경하다 시간 다 간다",
            "speaker": {
              "id": "2번",
              "sex": "남성",
              "age": "30대"
            },
            "speechAct": "(단언) 주장하기",
            "morpheme": "맞/VV+제/EC+너무/MAG+많/VA+아서/EC+구경/NNG+하/XSV+다시/MAG+간다간다/VV+EC+VV+EC"
          },
          {
            "id": 3,
            "text": "1 : 키키 맞다 나도 구경하다 보면 밤샌다",
            "norm_text": "키키 맞다 나도 구경하다 보면 밤샌다",
            "speaker": {
              "id": "1번",
              "sex": "여성",
              "age": "20대"
            },
            "speechAct": "(단언) 주장하기",
            "morpheme": "키/NNG+키/XSV+ETN+맞/VV+다/EF+나/NP+도/JX+구경/NNG+하/XSV+다/EC+보/VX+면/EC+밤/NNG+샌다/VV+EC"
          },
          {
            "id": 4,
            "text": "2 : 니는 뭐 주로 사는데?",
            "norm_text": "니는 뭐 주로 사는데?",
            "speaker": {
              "id": "2번",
              "sex": "남성",
              "age": "30대"
            },
            "speechAct": "(지시) 질문하기",
            "morpheme": "니/NP+는/JX+뭐/IC+주로/MAG+사/VV+는데/EC"
          },
          {
            "id": 5,
            "text": "1 : 영양제랑 집에 생활용품 자주 본다 키키",
            "norm_text": "영양제랑 집에 생활용품 자주 본다 키키",
            "speaker": {
              "id": "1번",
              "sex": "여성",
              "age": "20대"
            },
            "speechAct": "(단언) 주장하기",
            "morpheme": "영양제/NNG+랑/JKB+집/NNG+에/JKB+생활/NNG+용품/NNG+자주/MAG+본/VV+ETM+다키키/NNP"
          },
          {
            "id": 6,
            "text": "2 : 나는 생필품 위주로 시키는데 키키",
            "norm_text": "나는 생필품 위주로 시키는데 키키",
            "speaker": {
              "id": "2번",
              "sex": "남성",
              "age": "30대"
            },
            "speechAct": "(단언) 주장하기",
            "morpheme": "나/NP+는/JX+생필품/NNG+위주/NNG+로/JKB+시키/VV+는데/EC+키/NNG+키/XSV+ETN"
          },
          {
            "id": 7,
            "text": "1 : 키키 첫째들은 생필품을 제일 많이 보는 듯",
            "norm_text": "키키 첫째들은 생필품을 제일 많이 보는 듯",
            "speaker": {
              "id": "1번",
              "sex": "여성",
              "age": "20대"
            },
            "speechAct": "(단언) 주장하기",
            "morpheme": "키/NNG+키/XSV+ETN+첫째/NR+들/XSN+은/JX+생필품/NNG+을/JKO+제일/MAG+많이/MAG+보/VV+는/ETM+듯/NNB"
          },
          {
            "id": 8,
            "text": "2 : 나는 혼자라서 챙겨줄 사람이 없잖아 키키",
            "norm_text": "나는 혼자라서 챙겨줄 사람이 없잖아 키키",
            "speaker": {
              "id": "2번",
              "sex": "남성",
              "age": "30대"
            },
            "speechAct": "(단언) 주장하기",
            "morpheme": "나/NP+는/JX+혼자/NNG+라서/VCP+EC+챙겨/VV+EC+줄/VX+ETM+사람/NNG+이/JKS+없/VA+잖아/EC+키/NNG+키/XSV+ETN"
          },
          {
            "id": 9,
            "text": "1 : 아 맞네 혼자 다 사야겠네",
            "norm_text": "아 맞네 혼자 다 사야겠네",
            "speaker": {
              "id": "1번",
              "sex": "여성",
              "age": "20대"
            },
            "speechAct": "(단언) 주장하기",
            "morpheme": "아/IC+맞/VV+네/EF+혼자/NNG+다사/NNG+야/VCP+EF+겠/EP+네/EF"
          },
          {
            "id": 10,
            "text": "1 : 돈 많이 들겠다 ㅠㅠ",
            "norm_text": "돈 많이 들겠다 ㅠㅠ",
            "speaker": {
              "id": "1번",
              "sex": "여성",
              "age": "20대"
            },
            "speechAct": "(단언) 주장하기",
            "morpheme": "돈많이들겠다ㅠㅠ/UNKNOWN"
          },
          {
            "id": 11,
            "text": "2 : 그래도 한번 사 놓으면 오래 쓰지",
            "norm_text": "그래도 한번 사 놓으면 오래 쓰지",
            "speaker": {
              "id": "2번",
              "sex": "남성",
              "age": "30대"
            },
            "speechAct": "(단언) 주장하기",
            "morpheme": "그래도/MAJ+한/MM+번/NNBC+사놓/VV+으면/EC+오래/MAG+쓰/VV+지/EC"
          },
          {
            "id": 12,
            "text": "1 : 한 번 살 때 많이 사는 편이야?",
            "norm_text": "한 번 살 때 많이 사는 편이야?",
            "speaker": {
              "id": "1번",
              "sex": "여성",
              "age": "20대"
            },
            "speechAct": "(지시) 질문하기",
            "morpheme": "한/MM+번/NNBC+살/VV+ETM+때/NNG+많이/MAG+사/VV+는/ETM+편/NNB+이/VCP+야/EF"
          },
          {
            "id": 13,
            "text": "2 : 배송비 아끼려고 한 번에 주문하긴 하지",
            "norm_text": "배송비 아끼려고 한 번에 주문하긴 하지",
            "speaker": {
              "id": "2번",
              "sex": "남성",
              "age": "30대"
            },
            "speechAct": "(단언) 주장하기",
            "morpheme": "배송/NNG+비아/NNG+끼/VV+려고/EC+한/MM+번/NNBC+에/JKB+주문/NNG+하/XSV+긴/ETN+JX+하/VX+지/EC"
          },
          {
            "id": 14,
            "text": "1 : 맞다 키키 한 번에 주문할 수 있는 건 그게 나을 듯",
            "norm_text": "맞다 키키 한 번에 주문할 수 있는 건 그게 나을 듯",
            "speaker": {
              "id": "1번",
              "sex": "여성",
              "age": "20대"
            },
            "speechAct": "(단언) 주장하기",
            "morpheme": "맞/VV+다/EC+키/NNG+키/XSV+ETN+한/MM+번/NNBC+에/JKB+주문/NNG+할/XSV+ETM+수/NNB+있/VV+는/ETM+건/NNB+JX+그게/NP+JKS+나을/VA+ETM+듯/NNB"
          },
          {
            "id": 15,
            "text": "2 : 너희 집도 한 번에 주문하나?",
            "norm_text": "너희 집도 한 번에 주문하나?",
            "speaker": {
              "id": "2번",
              "sex": "남성",
              "age": "30대"
            },
            "speechAct": "(지시) 질문하기",
            "morpheme": "너희/NP+집/NNG+도/JX+한/MM+번/NNBC+에/JKB+주문/NNG+하나/NR"
          },
          {
            "id": 16,
            "text": "1 : 유통기한 없는 것들은 한 번에 시킨다 키키",
            "norm_text": "유통기한 없는 것들은 한 번에 시킨다 키키",
            "speaker": {
              "id": "1번",
              "sex": "여성",
              "age": "20대"
            },
            "speechAct": "(단언) 주장하기",
            "morpheme": "유통/NNG+기한/NNG+없/VA+는/ETM+것/NNB+들/XSN+은/JX+한/MM+번/NNBC+에/JKB+시킨/VV+ETM+다키키/NNP"
          },
          {
            "id": 17,
            "text": "2 : 물티슈도 유통기한 있나?",
            "norm_text": "물티슈도 유통기한 있나?",
            "speaker": {
              "id": "2번",
              "sex": "남성",
              "age": "30대"
            },
            "speechAct": "(지시) 질문하기",
            "morpheme": "물티슈/NNG+도/JX+유통/NNG+기한/NNG+있/VA+나/EF"
          }
        ]
      }
    }
  ]
}