{
  "dataset": {
    "identifier": 63525,
    "name": "KAKAO_908_06_set",
    "src_path": "/data/file/cubeManager/PROJECT001/53/txt20211005154926098752/KAKAO_908_06_set/",
    "label_path": "/data/file/cubeManager/PROJECT001/53/txt20211005154926098752/KAKAO_908_06_set/",
    "category": 2,
    "type": 0
  },
  "licenses": {
    "name": "Apache License 1.0",
    "url": "http://www.apache.org/licenses/LICENSE-1.0"
  },
  "info": [
    {
      "id": 41743,
      "filename": "KAKAO_908_06.txt",
      "title": "KAKAO_908_06",
      "mediatype": "SNS",
      "medianame": "카카오톡",
      "category": "일상대화",
      "date": "2021-10-05",
      "size": 535,
      "annotations": {
        "subject": "교육",
        "speaker_type": "1:1",
        "size": 535,
        "word_size": 168,
        "text": "1 : 야 요즘 애들은 피아노 학원 안 다니는 거 아나?\n2 : 진짜? 우리 때는 필수 사교육이었는데 키키\n1 : 맞제 우리는 피아노랑 미술이랑 태권도? 그 정도 아니었나\n2 : 컴퓨터도 하나 추가임 키키\n2 : 진짜 학원 뺑뺑이 돌았었는데\n1 : 그니까 키키 근데 사교육도 트렌드가 있더라고\n2 : 요즘 애들은 코딩이랑 유튜브 학원? 그런 거 다닌다며\n1 : 응응 키키 몇 년 전에는 줄넘기 학원이 또 유행이었고\n2 : 와... 줄넘기를 학원에서 배워?\n2 : 놀랍다 놀라워...\n1 : 키키 야 암튼 요즘 최고 인기 학원은 K팝 댄스 학원이래\n2 : 세상 진짜 많이 바뀌었네 키키 K팝 댄스 학원이라니 키키\n1 : 요즘엔 우리 때처럼 공부에 목숨 걸고 그러진 않나 봐\n2 : 키키 근데 진짜 우리나라는 별 걸 다 학원에서 배워야 하네\n1 : 우리나라 교육의 현실이지 뭐 ㅠㅠ\n1 : 자원 없는 나라니까...\n2 : 그래 키키 사람한테서 최대한 뽑아내야 하는 나라잖아\n1 : 그래도 여러 가지로 배워 놓으니까 쓸모는 있지 않더나?\n2 : 엉 키키 나 초딩 때 배운 포토샵 아직도 써먹잖아",
        "lines": [
          {
            "id": 1,
            "text": "1 : 야 요즘 애들은 피아노 학원 안 다니는 거 아나?",
            "norm_text": "야 요즘 애들은 피아노 학원 안 다니는 거 아나?",
            "speaker": {
              "id": "1번",
              "sex": "여성",
              "age": "20대"
            },
            "speechAct": "(지시) 질문하기",
            "morpheme": "야/IC+요즘/MAG+애/NNG+들/XSN+은/JX+피아노/NNG+학원/NNG+안/MAG+다니/VV+는/ETM+거/NNB+아/VV+나/EF"
          },
          {
            "id": 2,
            "text": "2 : 진짜? 우리 때는 필수 사교육이었는데 키키",
            "norm_text": "진짜? 우리 때는 필수 사교육이었는데 키키",
            "speaker": {
              "id": "2번",
              "sex": "여성",
              "age": "20대"
            },
            "speechAct": "(단언) 진술하기",
            "morpheme": "진짜/MAG+우리/NP+때/NNG+는/JX+필수/NNG+사교육/NNG+이/VCP+었/EP+는데/EC+키/NNG+키/XSV+ETN"
          },
          {
            "id": 3,
            "text": "1 : 맞제 우리는 피아노랑 미술이랑 태권도? 그 정도 아니었나",
            "norm_text": "맞제 우리는 피아노랑 미술이랑 태권도? 그 정도 아니었나",
            "speaker": {
              "id": "1번",
              "sex": "여성",
              "age": "20대"
            },
            "speechAct": "(단언) 진술하기",
            "morpheme": "맞/VV+제/EC+우리/NP+는/JX+피아노/NNP+랑/JC+미술/NNG+이랑/JKB+태권도/NNG+그/MM+정도/NNG+아니/VCN+었/EP+나/EC"
          },
          {
            "id": 4,
            "text": "2 : 컴퓨터도 하나 추가임 키키",
            "norm_text": "컴퓨터도 하나 추가임 키키",
            "speaker": {
              "id": "2번",
              "sex": "여성",
              "age": "20대"
            },
            "speechAct": "(단언) 진술하기",
            "morpheme": "컴퓨터/NNG+도/JX+하나/NR+추가/NNG+임/VCP+ETN+키/NNG+키/XSV+ETN"
          },
          {
            "id": 5,
            "text": "2 : 진짜 학원 뺑뺑이 돌았었는데",
            "norm_text": "진짜 학원 뺑뺑이 돌았었는데",
            "speaker": {
              "id": "2번",
              "sex": "여성",
              "age": "20대"
            },
            "speechAct": "(단언) 진술하기",
            "morpheme": "진짜/MAG+학원/NNG+뺑뺑이/NNG+돌/VV+았었/EP+는데/EC"
          },
          {
            "id": 6,
            "text": "1 : 그니까 키키 근데 사교육도 트렌드가 있더라고",
            "norm_text": "그니까 키키 근데 사교육도 트렌드가 있더라고",
            "speaker": {
              "id": "1번",
              "sex": "여성",
              "age": "20대"
            },
            "speechAct": "(단언) 진술하기",
            "morpheme": "그니까/MAJ+키/NNG+키/XSV+ETN+근데/MAJ+사교육/NNG+도/JX+트렌드/NNG+가/JKS+있/VA+더라고/EC"
          },
          {
            "id": 7,
            "text": "2 : 요즘 애들은 코딩이랑 유튜브 학원? 그런 거 다닌다며",
            "norm_text": "요즘 애들은 코딩이랑 유튜브 학원? 그런 거 다닌다며",
            "speaker": {
              "id": "2번",
              "sex": "여성",
              "age": "20대"
            },
            "speechAct": "(지시) 질문하기",
            "morpheme": "요즘/NNG+애/NNG+들/XSN+은/JX+코딩/NNG+이랑/JC+유튜브/NNP+학원/NNG+그런/MM+거/NNB+다닌다며/VV+EC"
          },
          {
            "id": 8,
            "text": "1 : 응응 키키 몇 년 전에는 줄넘기 학원이 또 유행이었고",
            "norm_text": "응응 키키 몇 년 전에는 줄넘기 학원이 또 유행이었고",
            "speaker": {
              "id": "1번",
              "sex": "여성",
              "age": "20대"
            },
            "speechAct": "(단언) 진술하기",
            "morpheme": "응/IC+응/IC+키/NNG+키/XSV+ETN+몇/MM+년/NNBC+전/NNG+에/JKB+는/JX+줄넘기/NNG+학원/NNG+이/JKS+또/MAG+유행/NNG+이/VCP+었/EP+고/EC"
          },
          {
            "id": 9,
            "text": "2 : 와... 줄넘기를 학원에서 배워?",
            "norm_text": "와... 줄넘기를 학원에서 배워?",
            "speaker": {
              "id": "2번",
              "sex": "여성",
              "age": "20대"
            },
            "speechAct": "(지시) 질문하기",
            "morpheme": "와/IC+./SY+줄넘기/NNG+를/JKO+학원/NNG+에서/JKB+배워/VV+EF"
          },
          {
            "id": 10,
            "text": "2 : 놀랍다 놀라워...",
            "norm_text": "놀랍다 놀라워...",
            "speaker": {
              "id": "2번",
              "sex": "여성",
              "age": "20대"
            },
            "speechAct": "(단언) 주장하기",
            "morpheme": "놀랍/VA+다/EC+놀라워/VA+EF+./SY"
          },
          {
            "id": 11,
            "text": "1 : 키키 야 암튼 요즘 최고 인기 학원은 K팝 댄스 학원이래",
            "norm_text": "키키 야 암튼 요즘 최고 인기 학원은 K팝 댄스 학원이래",
            "speaker": {
              "id": "1번",
              "sex": "여성",
              "age": "20대"
            },
            "speechAct": "(단언) 진술하기",
            "morpheme": "키/NNG+키/NNG+야/VCP+EF+암튼/MAJ+요즘/MAG+최고/NNG+인기/NNG+학원/NNG+은/JX+K/SL+팝댄스학원이래/UNKNOWN"
          },
          {
            "id": 12,
            "text": "2 : 세상 진짜 많이 바뀌었네 키키 K팝 댄스 학원이라니 키키",
            "norm_text": "세상 진짜 많이 바뀌었네 키키 K팝 댄스 학원이라니 키키",
            "speaker": {
              "id": "2번",
              "sex": "여성",
              "age": "20대"
            },
            "speechAct": "(단언) 주장하기",
            "morpheme": "세상/NNG+진짜/MAG+많이/MAG+바뀌/VV+었/EP+네/EF+키/NNG+키/XSV+ETN+K/SL+팝/NNG+댄스/NNG+학원/NNG+이/VCP+라니/EC+키/NNG+키/XSV+ETN"
          },
          {
            "id": 13,
            "text": "1 : 요즘엔 우리 때처럼 공부에 목숨 걸고 그러진 않나 봐",
            "norm_text": "요즘엔 우리 때처럼 공부에 목숨 걸고 그러진 않나 봐",
            "speaker": {
              "id": "1번",
              "sex": "여성",
              "age": "20대"
            },
            "speechAct": "(단언) 진술하기",
            "morpheme": "요즘/NNG+엔/JKB+JX+우리/NP+때/NNG+처럼/JKB+공부/NNG+에/JKB+목숨걸/VV+고/EC+그러/VV+진/EC+JX+않/VX+나/EC+봐/VX+EC"
          },
          {
            "id": 14,
            "text": "2 : 키키 근데 진짜 우리나라는 별 걸 다 학원에서 배워야 하네",
            "norm_text": "키키 근데 진짜 우리나라는 별 걸 다 학원에서 배워야 하네",
            "speaker": {
              "id": "2번",
              "sex": "여성",
              "age": "20대"
            },
            "speechAct": "(단언) 진술하기",
            "morpheme": "키/NNG+키/XSV+ETN+근데/MAJ+진짜/MAG+우리/NP+나라/NNG+는/JX+별/MM+걸/NNB+JKO+다/MAG+학원/NNG+에서/JKB+배워야/VV+EC+하네/NNG"
          },
          {
            "id": 15,
            "text": "1 : 우리나라 교육의 현실이지 뭐 ㅠㅠ",
            "norm_text": "우리나라 교육의 현실이지 뭐 ㅠㅠ",
            "speaker": {
              "id": "1번",
              "sex": "여성",
              "age": "20대"
            },
            "speechAct": "(단언) 주장하기",
            "morpheme": "우리/NP+나라/NNG+교육/NNG+의/JKG+현실/NNG+이/VCP+지/EF+뭐/IC+ㅠㅠ/UNKNOWN"
          },
          {
            "id": 16,
            "text": "1 : 자원 없는 나라니까...",
            "norm_text": "자원 없는 나라니까...",
            "speaker": {
              "id": "1번",
              "sex": "여성",
              "age": "20대"
            },
            "speechAct": "(단언) 진술하기",
            "morpheme": "자원/NNG+없/VA+는/ETM+나라/NNG+니까/VCP+EC+./SY+./SY"
          },
          {
            "id": 17,
            "text": "2 : 그래 키키 사람한테서 최대한 뽑아내야 하는 나라잖아",
            "norm_text": "그래 키키 사람한테서 최대한 뽑아내야 하는 나라잖아",
            "speaker": {
              "id": "2번",
              "sex": "여성",
              "age": "20대"
            },
            "speechAct": "(단언) 진술하기",
            "morpheme": "그래/IC+키/NNG+키/NNG+사람/NNG+한테서/JKB+최대한/MAG+뽑아내/VV+야/EC+하/VV+는/ETM+나라/NNG+잖아/VCP+EC+VX+EC"
          },
          {
            "id": 18,
            "text": "1 : 그래도 여러 가지로 배워 놓으니까 쓸모는 있지 않더나?",
            "norm_text": "그래도 여러 가지로 배워 놓으니까 쓸모는 있지 않더나?",
            "speaker": {
              "id": "1번",
              "sex": "여성",
              "age": "20대"
            },
            "speechAct": "(지시) 질문하기",
            "morpheme": "그래도/MAJ+여러/MM+가지/NNBC+로/JKB+배워/VV+EC+놓/VX+으니까/EC+쓸모/NNG+는/JX+있/VX+지/EC+않/VX+더나/EF"
          },
          {
            "id": 19,
            "text": "2 : 엉 키키 나 초딩 때 배운 포토샵 아직도 써먹잖아",
            "norm_text": "엉 키키 나 초딩 때 배운 포토샵 아직도 써먹잖아",
            "speaker": {
              "id": "2번",
              "sex": "여성",
              "age": "20대"
            },
            "speechAct": "(단언) 진술하기",
            "morpheme": "엉/IC+키/NNG+키나/XSA+ETN+JX+초딩/NNG+때/NNG+배운/VV+ETM+포토샵/NNP+아직/MAG+도/JX+써먹/VV+잖아/EC"
          }
        ]
      }
    }
  ]
}