{
  "dataset": {
    "identifier": 63688,
    "name": "KAKAO_902_01_set",
    "src_path": "/data/file/cubeManager/PROJECT001/53/txt20211005153950060562/KAKAO_902_01_set/",
    "label_path": "/data/file/cubeManager/PROJECT001/53/txt20211005153950060562/KAKAO_902_01_set/",
    "category": 2,
    "type": 0
  },
  "licenses": {
    "name": "Apache License 1.0",
    "url": "http://www.apache.org/licenses/LICENSE-1.0"
  },
  "info": [
    {
      "id": 41538,
      "filename": "KAKAO_902_01.txt",
      "title": "KAKAO_902_01",
      "mediatype": "SNS",
      "medianame": "카카오톡",
      "category": "일상대화",
      "date": "2021-10-05",
      "size": 625,
      "annotations": {
        "subject": "식음료",
        "speaker_type": "다자간 대화",
        "size": 625,
        "word_size": 212,
        "text": "1 : 아 배고파 ㅠㅠ 얘들아 밥 먹었냐\n2 : 아 요즘 닭이 땡기긴 한다\n3 : 헉 나 오늘 저녁으로 치킨 먹었는뎅\n1 : 뭐야 오늘 내 주변에 닭 먹은 애들 왜 이렇게 많지\n2 : 너네 밥 진짜 잘 먹고 다닌다 키키 ...\n3 : 키키 넌 안 먹음? 제일 잘 먹게 생겼는데\n1 : 키키 아니 미안한데 난 밥 먹었다고 안 했는데?\n2 : 요즘 살 많이 오른 거 같던데\n3 : 누구? 너? 아님 재? 아님 나?\n1 : 혹시 나 말하냐? 맞고 싶은 거야?\n2 : 아 배고파 나도 밥이나 먹어야겠다 그냥 추천 좀\n3 : 음 나는 삼겹살? 차돌박이 먹고 싶다\n1 : 아냐 이 시간이면 무조건 라면이지 국룰이여\n2 : 너네는 무슨 라면 좋아해? 난 안성탕면\n3 : 안성탕면? 특이하네 난 무조건 신라면\n1 : 아 인정 * 입맛 에바야 ㅠ신라면이 진리지\n2 : 안성탕면 특유의 된장 맛이 감칠맛 돌고 좋단말이야...ㅠ\n3 : 한국인은 신라면인 거 몰라?\n3 : 키키 난 너구리도 가끔 먹어\n1 : 인정 아 난 신라면 안 먹어...\n2 : 갑자기 너구리 키키 갑분싸네 극혐\n3 : 헐 면이 굵은 게 완전 맛있는데\n1 : 난 다시마가 싫어 신라면 안 먹는다고 잘못 말함 키키 너구리 안 먹어 싫어\n2 : 너구리 불쌍하잖아 먹지마 놓아줘 ㅠ\n3 : 예? 정말 이상한 애들이네",
        "lines": [
          {
            "id": 1,
            "text": "1 : 아 배고파 ㅠㅠ 얘들아 밥 먹었냐",
            "norm_text": "아 배고파 ㅠㅠ 얘들아 밥 먹었냐",
            "speaker": {
              "id": "1번",
              "sex": "여성",
              "age": "20대"
            },
            "speechAct": "(지시) 질문하기",
            "morpheme": "아/IC+배고파/VA+EC+ㅠㅠ/UNKNOWN+얘/NP+들/XSN+아/JKV+밥/NNG+먹/VV+었/EP+냐/EC"
          },
          {
            "id": 2,
            "text": "2 : 아 요즘 닭이 땡기긴 한다",
            "norm_text": "아 요즘 닭이 땡기긴 한다",
            "speaker": {
              "id": "2번",
              "sex": "남성",
              "age": "20대"
            },
            "speechAct": "(단언) 주장하기",
            "morpheme": "아/IC+요즘/MAG+닭/NNG+이/JKS+땡기/VV+긴/ETN+JX+한다/VX+EC"
          },
          {
            "id": 3,
            "text": "3 : 헉 나 오늘 저녁으로 치킨 먹었는뎅",
            "norm_text": "헉 나 오늘 저녁으로 치킨 먹었는뎅",
            "speaker": {
              "id": "3번",
              "sex": "남성",
              "age": "20대"
            },
            "speechAct": "(단언) 진술하기",
            "morpheme": "헉/IC+나/NP+오늘/MAG+저녁/NNG+으로/JKB+치킨/NNG+먹/VV+었/EP+는/ETM+뎅/NNP"
          },
          {
            "id": 4,
            "text": "1 : 뭐야 오늘 내 주변에 닭 먹은 애들 왜 이렇게 많지",
            "norm_text": "뭐야 오늘 내 주변에 닭 먹은 애들 왜 이렇게 많지",
            "speaker": {
              "id": "1번",
              "sex": "여성",
              "age": "20대"
            },
            "speechAct": "(단언) 주장하기",
            "morpheme": "뭐/NP+야/VCP+EF+오늘/MAG+내/NP+JKG+주변/NNG+에/JKB+닭/NNG+먹/VV+은/ETM+애/NNG+들/XSN+왜/MAG+이렇게/MAG+많/VA+지/EC"
          },
          {
            "id": 5,
            "text": "2 : 너네 밥 진짜 잘 먹고 다닌다 키키 ...",
            "norm_text": "너네 밥 진짜 잘 먹고 다닌다 키키 ...",
            "speaker": {
              "id": "2번",
              "sex": "남성",
              "age": "20대"
            },
            "speechAct": "(단언) 주장하기",
            "morpheme": "너/NP+네/XSN+밥/NNG+진짜/MAG+잘/MAG+먹/VV+고/EC+다닌/VV+ETM+다키키/NNP+./SY+./SY"
          },
          {
            "id": 6,
            "text": "3 : 키키 넌 안 먹음? 제일 잘 먹게 생겼는데",
            "norm_text": "키키 넌 안 먹음? 제일 잘 먹게 생겼는데",
            "speaker": {
              "id": "3번",
              "sex": "남성",
              "age": "20대"
            },
            "speechAct": "(지시) 질문하기",
            "morpheme": "키/NNG+키/XSV+ETN+넌/JX+안/MAG+먹/VV+음/ETN+제일/MAG+잘/MAG+먹/VV+게/EC+생겼/VV+EP+는데/EC"
          },
          {
            "id": 7,
            "text": "1 : 키키 아니 미안한데 난 밥 먹었다고 안 했는데?",
            "norm_text": "키키 아니 미안한데 난 밥 먹었다고 안 했는데?",
            "speaker": {
              "id": "1번",
              "sex": "여성",
              "age": "20대"
            },
            "speechAct": "(단언) 진술하기",
            "morpheme": "키/NNG+키/XSV+ETN+아니/VCN+미안/XR+한데/XSA+EC+난/VX+ETM+밥/NNG+먹/VV+었/EP+다고/EC+안/MAG+했/VV+EP+는데/EF"
          },
          {
            "id": 8,
            "text": "2 : 요즘 살 많이 오른 거 같던데",
            "norm_text": "요즘 살 많이 오른 거 같던데",
            "speaker": {
              "id": "2번",
              "sex": "남성",
              "age": "20대"
            },
            "speechAct": "(단언) 주장하기",
            "morpheme": "요즘/MAG+살/VV+ETM+많이/MAG+오른/VV+ETM+거/NNB+같/VA+던데/EC"
          },
          {
            "id": 9,
            "text": "3 : 누구? 너? 아님 재? 아님 나?",
            "norm_text": "누구? 너? 아님 재? 아님 나?",
            "speaker": {
              "id": "3번",
              "sex": "남성",
              "age": "20대"
            },
            "speechAct": "(지시) 질문하기",
            "morpheme": "누구/NP+너/NP+아님/VCN+ETN+재/EF+아님/MAJ+나/NP"
          },
          {
            "id": 10,
            "text": "1 : 혹시 나 말하냐? 맞고 싶은 거야?",
            "norm_text": "혹시 나 말하냐? 맞고 싶은 거야?",
            "speaker": {
              "id": "1번",
              "sex": "여성",
              "age": "20대"
            },
            "speechAct": "(지시) 질문하기",
            "morpheme": "혹시나/MAG+말/NNG+하/XSA+냐/EF+맞/VV+고/EC+싶/VX+은/ETM+거/NNB+야/VCP+EF"
          },
          {
            "id": 11,
            "text": "2 : 아 배고파 나도 밥이나 먹어야겠다 그냥 추천 좀",
            "norm_text": "아 배고파 나도 밥이나 먹어야겠다 그냥 추천 좀",
            "speaker": {
              "id": "2번",
              "sex": "남성",
              "age": "20대"
            },
            "speechAct": "(지시) 부탁하기",
            "morpheme": "아/IC+배고파/VA+EC+나/NP+도/JX+밥/NNG+이나/JX+먹/VV+어야/EC+겠다/VX+EP+EC+그냥/MAG+추천/NNG+좀/MAG"
          },
          {
            "id": 12,
            "text": "3 : 음 나는 삼겹살? 차돌박이 먹고 싶다",
            "norm_text": "음 나는 삼겹살? 차돌박이 먹고 싶다",
            "speaker": {
              "id": "3번",
              "sex": "남성",
              "age": "20대"
            },
            "speechAct": "(지시) 충고/제안하기",
            "morpheme": "음/IC+나/NP+는/JX+삼겹살/NNG+?/SY+차돌박이/NNG+먹/VV+고/EC+싶/VX+다/EC"
          },
          {
            "id": 13,
            "text": "1 : 아냐 이 시간이면 무조건 라면이지 국룰이여",
            "norm_text": "아냐 이 시간이면 무조건 라면이지 국룰이여",
            "speaker": {
              "id": "1번",
              "sex": "여성",
              "age": "20대"
            },
            "speechAct": "(지시) 충고/제안하기",
            "morpheme": "아냐/IC+이/MM+시간/NNG+이/VCP+면/EC+무조건/MAG+라면/NNG+이/JKS+지국/NNG+룰/NNG+이/VCP+여/EC"
          },
          {
            "id": 14,
            "text": "2 : 너네는 무슨 라면 좋아해? 난 안성탕면",
            "norm_text": "너네는 무슨 라면 좋아해? 난 안성탕면",
            "speaker": {
              "id": "2번",
              "sex": "남성",
              "age": "20대"
            },
            "speechAct": "(지시) 질문하기",
            "morpheme": "너/NP+네/XSN+는/JX+무슨/MM+라면/NNG+좋/VA+아/EC+해/VX+EF+난/NP+JX+안성탕면/NNP"
          },
          {
            "id": 15,
            "text": "3 : 안성탕면? 특이하네 난 무조건 신라면",
            "norm_text": "안성탕면? 특이하네 난 무조건 신라면",
            "speaker": {
              "id": "3번",
              "sex": "남성",
              "age": "20대"
            },
            "speechAct": "(단언) 주장하기",
            "morpheme": "안성탕면/NNP+?/SY+특이/NNG+하/XSA+네/EF+난/NP+JX+무조건/MAG+신/VV+라면/EC"
          },
          {
            "id": 16,
            "text": "1 : 아 인정 * 입맛 에바야 ㅠ신라면이 진리지",
            "norm_text": "아 인정 * 입맛 에바야 ㅠ신라면이 진리지",
            "speaker": {
              "id": "1번",
              "sex": "여성",
              "age": "20대"
            },
            "speechAct": "(단언) 주장하기",
            "morpheme": "아/IC+인정/NNG+*/SY+입맛/NNG+에/JKB+바야/NNP+ㅠ신/UNKNOWN+라면/NNG+이/JKS+진리/NNG+지/VCP+EC"
          },
          {
            "id": 17,
            "text": "2 : 안성탕면 특유의 된장 맛이 감칠맛 돌고 좋단말이야...ㅠ",
            "norm_text": "안성탕면 특유의 된장 맛이 감칠맛 돌고 좋단말이야...ㅠ",
            "speaker": {
              "id": "2번",
              "sex": "남성",
              "age": "20대"
            },
            "speechAct": "(단언) 주장하기",
            "morpheme": "안성탕면/NNP+특유/NNG+의/JKG+된장/NNG+맛/NNG+이/JKS+감칠맛/NNG+돌/VV+고/EC+좋/VA+단/ETM+말/NNG+이/VCP+야/EF+./SY+ㅠ/UNKNOWN"
          },
          {
            "id": 18,
            "text": "3 : 한국인은 신라면인 거 몰라?",
            "norm_text": "한국인은 신라면인 거 몰라?",
            "speaker": {
              "id": "3번",
              "sex": "남성",
              "age": "20대"
            },
            "speechAct": "(지시) 질문하기",
            "morpheme": "한국인/NNG+은/JX+신라면/NNP+인/VCP+ETM+거/NNB+몰라/VV+EF"
          },
          {
            "id": 19,
            "text": "3 : 키키 난 너구리도 가끔 먹어",
            "norm_text": "키키 난 너구리도 가끔 먹어",
            "speaker": {
              "id": "3번",
              "sex": "남성",
              "age": "20대"
            },
            "speechAct": "(단언) 진술하기",
            "morpheme": "키/NNG+키/XSV+ETN+난/VV+ETM+너구리/NNG+도/JX+가끔/MAG+먹/VV+어/EC"
          },
          {
            "id": 20,
            "text": "1 : 인정 아 난 신라면 안 먹어...",
            "norm_text": "인정 아 난 신라면 안 먹어...",
            "speaker": {
              "id": "1번",
              "sex": "여성",
              "age": "20대"
            },
            "speechAct": "(단언) 진술하기",
            "morpheme": "인정/NNP+아/JKV+난/NP+JX+신라면/NNP+안/MAG+먹/VV+어/EF+./SY"
          },
          {
            "id": 21,
            "text": "2 : 갑자기 너구리 키키 갑분싸네 극혐",
            "norm_text": "갑자기 너구리 키키 갑분싸네 극혐",
            "speaker": {
              "id": "2번",
              "sex": "남성",
              "age": "20대"
            },
            "speechAct": "(단언) 주장하기",
            "morpheme": "갑자기/MAG+너구리/NNG+키/NNG+키/NNG+갑/NNG+분/XSN+싸/VA+네/EF+극혐/UNKNOWN"
          },
          {
            "id": 22,
            "text": "3 : 헐 면이 굵은 게 완전 맛있는데",
            "norm_text": "헐 면이 굵은 게 완전 맛있는데",
            "speaker": {
              "id": "3번",
              "sex": "남성",
              "age": "20대"
            },
            "speechAct": "(단언) 주장하기",
            "morpheme": "헐/IC+면/NNG+이/JKS+굵/VA+은/ETM+게/NNB+JKS+완전/MAG+맛있/VA+는데/EC"
          },
          {
            "id": 23,
            "text": "1 : 난 다시마가 싫어 신라면 안 먹는다고 잘못 말함 키키 너구리 안 먹어 싫어",
            "norm_text": "난 다시마가 싫어 신라면 안 먹는다고 잘못 말함 키키 너구리 안 먹어 싫어",
            "speaker": {
              "id": "1번",
              "sex": "여성",
              "age": "20대"
            },
            "speechAct": "(단언) 주장하기",
            "morpheme": "난/NP+JX+다시마/NNG+가/JKS+싫/VA+어/EC+신/VV+라면/EC+안/MAG+먹/VV+는다고/EC+잘못/MAG+말/NNG+함/XSV+ETN+키/NNG+키/NNG+너구리/NNG+안/MAG+먹/VV+어/EC+싫/VA+어/EC"
          },
          {
            "id": 24,
            "text": "2 : 너구리 불쌍하잖아 먹지마 놓아줘 ㅠ",
            "norm_text": "너구리 불쌍하잖아 먹지마 놓아줘 ㅠ",
            "speaker": {
              "id": "2번",
              "sex": "남성",
              "age": "20대"
            },
            "speechAct": "(지시) 부탁하기",
            "morpheme": "너구리/NNG+불쌍/XR+하/XSA+잖아/EC+먹/VV+지/EC+마/VX+EC+놓/VX+아/EC+줘/VX+EF+ㅠ/UNKNOWN"
          },
          {
            "id": 25,
            "text": "3 : 예? 정말 이상한 애들이네",
            "norm_text": "예? 정말 이상한 애들이네",
            "speaker": {
              "id": "3번",
              "sex": "남성",
              "age": "20대"
            },
            "speechAct": "(단언) 주장하기",
            "morpheme": "예/IC+정말/MAG+이상/NNG+한/XSA+ETM+애/NNG+들/XSN+이/JKS+네/MM"
          }
        ]
      }
    }
  ]
}