{
  "dataset": {
    "identifier": 44522,
    "name": "KAKAO_910_05_set",
    "src_path": "/data/file/cubeManager/PROJECT001/53/txt20211005154828068199/KAKAO_910_05_set/",
    "label_path": "/data/file/cubeManager/PROJECT001/53/txt20211005154828068199/KAKAO_910_05_set/",
    "category": 2,
    "type": 0
  },
  "licenses": {
    "name": "Apache License 1.0",
    "url": "http://www.apache.org/licenses/LICENSE-1.0"
  },
  "info": [
    {
      "id": 41682,
      "filename": "KAKAO_910_05.txt",
      "title": "KAKAO_910_05",
      "mediatype": "SNS",
      "medianame": "카카오톡",
      "category": "일상대화",
      "date": "2021-10-05",
      "size": 1068,
      "annotations": {
        "subject": "군대",
        "speaker_type": "다자간 대화",
        "size": 1068,
        "word_size": 338,
        "text": "1 : 제 남자친구는 저랑 사귈 때 군대에 갔다 와서 제가 기다려줬어요\n2 : 저 대학생 때는 군대 갔다 온 남학생들은 뭔가 삭았고 구질구질 하다는 느낌으로 생각됐어요\n3 : 저도 대학교 1학년이다 보니 군대 갔다 온 선배들이 아주 나이 들게 느껴져요\n1 : 그래서 저도 남자친구가 뭔가 불쌍해서 기다려줬어요\n2 : 근데 제가 나이가 드니까 지금은 군인들이 아주 어리게 느껴져요\n2 : 제가 초등학교 때는 군인 아저씨들한테 편지 쓰는 시간도 있었는데 말이죠\n3 : 군인 아저씨들한테 편지 썼어요?\n3 : 저 학교 다닐 땐 그런 거 안 했는데\n1 : 제 남자친구는 해군이어서 흰 제복 입은 모습이 꽤 멋있었어요\n2 : 저도 그냥 군복보다 해군 복장이나 경찰복이 더 멋있어 보여요\n3 : 흰 제복이라니 너무 근사해요\n3 : 전 그런 남자친구라면 몇 년이라도 기다려줄 거예요\n1 : 그래서 남자친구는 수영을 굉장히 잘해요\n1 : 잠수함도 타봤대요\n2 : 진짜요? 전 잠수함 타면 뭔지 모르게 숨 막힐 것 같아요\n2 : 폐쇄 공포증 같은 건가 봐요\n3 : 저도 어릴 때 군인이 되고 싶었어요\n3 : 굉장히 멋있어 보이더라구요\n1 : 군대 생활이 얼마나 힘든데요\n1 : 회사 조직 생활도 힘들면 군대 생활은 진짜 너무 안 맞을 거예요\n2 : 전 옛날에 하던 군대 프로그램 재미있게 봤는데 진짜 하려고 한다면 죽을 맛일 거예요\n3 : 맞아요 그 프로 보면 겨울에 얼음물에 들어가고 막 뛰고 어디 올라가고 그러더라구요\n1 : 그래도 전 잘할 수 있을 것 같아요\n1 : 여군이 잘 어울릴 것 같다는 얘기 많이 들었어요\n2 : 운동도 잘하고 성격이 딱 부러져서 그런가 봐요\n2 : 전 운동 신경 제로에 게을러서 안 돼요\n3 : 저도요 전 누가 옆에서 막 시키고 그런 거 싫어하거든요\n1 : 제가 시키면 돼요\n1 : 전 조교 같은 거 잘할 것 같아요\n2 : 하하 시키는 사람이 되면 재미있을 것 같네요\n2 : 하지만 반대 입장이 될 수도 있잖아요\n3 : 그리고 전 일찍 일어나는 것도 싫고 규칙적으로 뭐 하는 것도 지루할 것 같아요\n1 : 제가 조교 되면 사람들이 다들 무서워할 걸요 키키\n2 : 조교는 원래 무서운 표정 짓잖아요\n3 : 전 조교가 화내면 너무 놀라서 얼음 될 것 같아요",
        "lines": [
          {
            "id": 1,
            "text": "1 : 제 남자친구는 저랑 사귈 때 군대에 갔다 와서 제가 기다려줬어요",
            "norm_text": "제 남자친구는 저랑 사귈 때 군대에 갔다 와서 제가 기다려줬어요",
            "speaker": {
              "id": "1번",
              "sex": "여성",
              "age": "30대"
            },
            "speechAct": "(단언) 진술하기",
            "morpheme": "제/NP+JKG+남자/NNG+친구/NNG+는/JX+저/NP+랑/JKB+사귈/VV+ETM+때/NNG+군대/NNG+에/JKB+갔/VV+EP+다/EC+와서/VV+EC+제/NP+가/JKS+기다려/VV+EC+줬/VX+EP+어요/EF"
          },
          {
            "id": 2,
            "text": "2 : 저 대학생 때는 군대 갔다 온 남학생들은 뭔가 삭았고 구질구질 하다는 느낌으로 생각됐어요",
            "norm_text": "저 대학생 때는 군대 갔다 온 남학생들은 뭔가 삭았고 구질구질 하다는 느낌으로 생각됐어요",
            "speaker": {
              "id": "2번",
              "sex": "여성",
              "age": "40대"
            },
            "speechAct": "(단언) 주장하기",
            "morpheme": "저/MM+대학생/NNG+때/NNG+는/JX+군대/NNG+갔다온/VV+ETM+남학생/NNG+들/XSN+은/JX+뭔가/NP+VCP+EC+삭/VV+았/EP+고/EC+구질구질/XR+하/XSA+다는/ETM+느낌/NNG+으로/JKB+생각/NNG+됐/XSV+EP+어요/EF"
          },
          {
            "id": 3,
            "text": "3 : 저도 대학교 1학년이다 보니 군대 갔다 온 선배들이 아주 나이 들게 느껴져요",
            "norm_text": "저도 대학교 1학년이다 보니 군대 갔다 온 선배들이 아주 나이 들게 느껴져요",
            "speaker": {
              "id": "3번",
              "sex": "여성",
              "age": "10대"
            },
            "speechAct": "(단언) 주장하기",
            "morpheme": "저/NP+도/JX+대학교/NNG+1/SN+학년/NNG+이/VCP+다/EC+보/VX+니/EC+군대/NNG+갔다온/VV+ETM+선배/NNG+들/XSN+이/JKS+아주/MAG+나이/NNG+들/VV+게/EC+느껴져요/VV+EC+VX+EF"
          },
          {
            "id": 4,
            "text": "1 : 그래서 저도 남자친구가 뭔가 불쌍해서 기다려줬어요",
            "norm_text": "그래서 저도 남자친구가 뭔가 불쌍해서 기다려줬어요",
            "speaker": {
              "id": "1번",
              "sex": "여성",
              "age": "30대"
            },
            "speechAct": "(단언) 진술하기",
            "morpheme": "그래서/MAJ+저/NP+도/JX+남자/NNG+친구/NNG+가/JKS+뭔가/NP+VCP+EC+불쌍/XR+해서/XSA+EC+기다려/VV+EC+줬/VX+EP+어요/EF"
          },
          {
            "id": 5,
            "text": "2 : 근데 제가 나이가 드니까 지금은 군인들이 아주 어리게 느껴져요",
            "norm_text": "근데 제가 나이가 드니까 지금은 군인들이 아주 어리게 느껴져요",
            "speaker": {
              "id": "2번",
              "sex": "여성",
              "age": "40대"
            },
            "speechAct": "(단언) 주장하기",
            "morpheme": "근데/MAJ+제/NP+가/JKS+나이/NNG+가/JKS+드/VV+니까/EC+지금/MAG+은/JX+군인/NNG+들/XSN+이/JKS+아주/MAG+어리/VA+게/EC+느껴져요/VV+EC+VX+EF"
          },
          {
            "id": 6,
            "text": "2 : 제가 초등학교 때는 군인 아저씨들한테 편지 쓰는 시간도 있었는데 말이죠",
            "norm_text": "제가 초등학교 때는 군인 아저씨들한테 편지 쓰는 시간도 있었는데 말이죠",
            "speaker": {
              "id": "2번",
              "sex": "여성",
              "age": "40대"
            },
            "speechAct": "(단언) 주장하기",
            "morpheme": "제/NP+가/JKS+초등/NNG+학교/NNG+때/NNG+는/JX+군인/NNG+아저씨/NNG+들/XSN+한테/JKB+편지/NNG+쓰/VV+는/ETM+시간/NNG+도/JX+있/VA+었/EP+는데/EC+말/NNG+이/VCP+죠/EF"
          },
          {
            "id": 7,
            "text": "3 : 군인 아저씨들한테 편지 썼어요?",
            "norm_text": "군인 아저씨들한테 편지 썼어요?",
            "speaker": {
              "id": "3번",
              "sex": "여성",
              "age": "10대"
            },
            "speechAct": "(단언) 주장하기",
            "morpheme": "군인/NNG+아저씨/NNG+들/XSN+한테/JKB+편지/NNG+썼/VV+EP+어요/EF"
          },
          {
            "id": 8,
            "text": "3 : 저 학교 다닐 땐 그런 거 안 했는데",
            "norm_text": "저 학교 다닐 땐 그런 거 안 했는데",
            "speaker": {
              "id": "3번",
              "sex": "여성",
              "age": "10대"
            },
            "speechAct": "(단언) 진술하기",
            "morpheme": "저/MM+학교/NNG+다닐/VV+ETM+땐/NNG+JX+그런/MM+거/NNB+안/MAG+했/VV+EP+는데/EC"
          },
          {
            "id": 9,
            "text": "1 : 제 남자친구는 해군이어서 흰 제복 입은 모습이 꽤 멋있었어요",
            "norm_text": "제 남자친구는 해군이어서 흰 제복 입은 모습이 꽤 멋있었어요",
            "speaker": {
              "id": "1번",
              "sex": "여성",
              "age": "30대"
            },
            "speechAct": "(단언) 주장하기",
            "morpheme": "제/NP+JKG+남자/NNG+친구/NNG+는/JX+해군/NNG+이/VCP+어서/EC+흰/VA+ETM+제복/NNG+입/VV+은/ETM+모습/NNG+이/JKS+꽤/MAG+멋있/VA+었/EP+어요/EF"
          },
          {
            "id": 10,
            "text": "2 : 저도 그냥 군복보다 해군 복장이나 경찰복이 더 멋있어 보여요",
            "norm_text": "저도 그냥 군복보다 해군 복장이나 경찰복이 더 멋있어 보여요",
            "speaker": {
              "id": "2번",
              "sex": "여성",
              "age": "40대"
            },
            "speechAct": "(단언) 주장하기",
            "morpheme": "저/NP+도/JX+그냥/MAG+군복/NNG+보다/JKB+해군/NNG+복장/NNG+이나/JC+경찰복/NNG+이/JKS+더/MAG+멋있/VA+어/EC+보여요/VV+EC"
          },
          {
            "id": 11,
            "text": "3 : 흰 제복이라니 너무 근사해요",
            "norm_text": "흰 제복이라니 너무 근사해요",
            "speaker": {
              "id": "3번",
              "sex": "여성",
              "age": "10대"
            },
            "speechAct": "(단언) 주장하기",
            "morpheme": "흰/VA+ETM+제복/NNG+이/VCP+라니/EC+너무/MAG+근사/XR+해요/XSA+EC"
          },
          {
            "id": 12,
            "text": "3 : 전 그런 남자친구라면 몇 년이라도 기다려줄 거예요",
            "norm_text": "전 그런 남자친구라면 몇 년이라도 기다려줄 거예요",
            "speaker": {
              "id": "3번",
              "sex": "여성",
              "age": "10대"
            },
            "speechAct": "(단언) 주장하기",
            "morpheme": "전/MM+그런/MM+남자/NNG+친구/NNG+라면/VCP+EC+몇/MM+년/NNBC+이/VCP+라도/EC+기다려줄/VV+EC+VX+ETM+거/NNB+예요/VCP+EF"
          },
          {
            "id": 13,
            "text": "1 : 그래서 남자친구는 수영을 굉장히 잘해요",
            "norm_text": "그래서 남자친구는 수영을 굉장히 잘해요",
            "speaker": {
              "id": "1번",
              "sex": "여성",
              "age": "30대"
            },
            "speechAct": "(단언) 주장하기",
            "morpheme": "그래서/MAJ+남자/NNG+친구/NNG+는/JX+수영/NNG+을/JKO+굉장히/MAG+잘/MAG+해요/VV+EC"
          },
          {
            "id": 14,
            "text": "1 : 잠수함도 타봤대요",
            "norm_text": "잠수함도 타봤대요",
            "speaker": {
              "id": "1번",
              "sex": "여성",
              "age": "30대"
            },
            "speechAct": "(단언) 진술하기",
            "morpheme": "잠수함/NNG+도/JX+타/VV+EC+봤/VX+EP+대요/EC"
          },
          {
            "id": 15,
            "text": "2 : 진짜요? 전 잠수함 타면 뭔지 모르게 숨 막힐 것 같아요",
            "norm_text": "진짜요? 전 잠수함 타면 뭔지 모르게 숨 막힐 것 같아요",
            "speaker": {
              "id": "2번",
              "sex": "여성",
              "age": "40대"
            },
            "speechAct": "(단언) 주장하기",
            "morpheme": "진짜/MAG+요/JX+전/MM+잠수함/NNG+타/VV+면/EC+뭔지/NP+VCP+EC+모르/VV+게/EC+숨/NNG+막힐/VV+ETM+것/NNB+같/VA+아요/EC"
          },
          {
            "id": 16,
            "text": "2 : 폐쇄 공포증 같은 건가 봐요",
            "norm_text": "폐쇄 공포증 같은 건가 봐요",
            "speaker": {
              "id": "2번",
              "sex": "여성",
              "age": "40대"
            },
            "speechAct": "(단언) 주장하기",
            "morpheme": "폐쇄/NNG+공포증/NNG+같/VA+은/ETM+건가/NNB+VCP+EC+VCP+봐요/EC+VX+EC"
          },
          {
            "id": 17,
            "text": "3 : 저도 어릴 때 군인이 되고 싶었어요",
            "norm_text": "저도 어릴 때 군인이 되고 싶었어요",
            "speaker": {
              "id": "3번",
              "sex": "여성",
              "age": "10대"
            },
            "speechAct": "(단언) 주장하기",
            "morpheme": "저/NP+도/JX+어릴/VA+ETM+때/NNG+군인/NNG+이/JKS+되/VV+고/EC+싶/VX+었/EP+어요/EF"
          },
          {
            "id": 18,
            "text": "3 : 굉장히 멋있어 보이더라구요",
            "norm_text": "굉장히 멋있어 보이더라구요",
            "speaker": {
              "id": "3번",
              "sex": "여성",
              "age": "10대"
            },
            "speechAct": "(단언) 주장하기",
            "morpheme": "굉장히/MAG+멋있/VA+어/EC+보이/VV+더라구요/EC"
          },
          {
            "id": 19,
            "text": "1 : 군대 생활이 얼마나 힘든데요",
            "norm_text": "군대 생활이 얼마나 힘든데요",
            "speaker": {
              "id": "1번",
              "sex": "여성",
              "age": "30대"
            },
            "speechAct": "(단언) 주장하기",
            "morpheme": "군대/NNG+생활/NNG+이/JKS+얼마나/MAG+힘든/VA+ETM+데/NNB+요/VCP+EC"
          },
          {
            "id": 20,
            "text": "1 : 회사 조직 생활도 힘들면 군대 생활은 진짜 너무 안 맞을 거예요",
            "norm_text": "회사 조직 생활도 힘들면 군대 생활은 진짜 너무 안 맞을 거예요",
            "speaker": {
              "id": "1번",
              "sex": "여성",
              "age": "30대"
            },
            "speechAct": "(단언) 주장하기",
            "morpheme": "회사/NNG+조직/NNG+생활/NNG+도/JX+힘들/VA+면/EC+군대/NNG+생활/NNG+은/JX+진짜/MAG+너무/MAG+안/MAG+맞/VV+을/ETM+거/NNB+예요/VCP+EF"
          },
          {
            "id": 21,
            "text": "2 : 전 옛날에 하던 군대 프로그램 재미있게 봤는데 진짜 하려고 한다면 죽을 맛일 거예요",
            "norm_text": "전 옛날에 하던 군대 프로그램 재미있게 봤는데 진짜 하려고 한다면 죽을 맛일 거예요",
            "speaker": {
              "id": "2번",
              "sex": "여성",
              "age": "40대"
            },
            "speechAct": "(단언) 주장하기",
            "morpheme": "전/MM+옛날/NNG+에/JKB+하/VV+던/ETM+군대/NNG+프로그램/NNG+재미있/VA+게/EC+봤/VX+EP+는데/EC+진짜/MAG+하/XSA+려고/EC+한다면/VV+EC+죽/VV+을/ETM+맛/NNG+일/VCP+ETM+거/NNB+예요/VCP+EF"
          },
          {
            "id": 22,
            "text": "3 : 맞아요 그 프로 보면 겨울에 얼음물에 들어가고 막 뛰고 어디 올라가고 그러더라구요",
            "norm_text": "맞아요 그 프로 보면 겨울에 얼음물에 들어가고 막 뛰고 어디 올라가고 그러더라구요",
            "speaker": {
              "id": "3번",
              "sex": "여성",
              "age": "10대"
            },
            "speechAct": "(단언) 진술하기",
            "morpheme": "맞/VV+아요/EF+그/MM+프로/NNG+보/VV+면/EC+겨울/NNG+에/JKB+얼음물/NNG+에/JKB+들어가/VV+고/EC+막/NNG+뛰/VV+고/EC+어디/NP+올라가/VV+고/EC+그러/VV+더라구요/EC"
          },
          {
            "id": 23,
            "text": "1 : 그래도 전 잘할 수 있을 것 같아요",
            "norm_text": "그래도 전 잘할 수 있을 것 같아요",
            "speaker": {
              "id": "1번",
              "sex": "여성",
              "age": "30대"
            },
            "speechAct": "(단언) 주장하기",
            "morpheme": "그래도/MAJ+전/NP+JX+잘/MAG+할/VV+ETM+수/NNB+있/VV+을/ETM+것/NNB+같/VA+아요/EC"
          },
          {
            "id": 24,
            "text": "1 : 여군이 잘 어울릴 것 같다는 얘기 많이 들었어요",
            "norm_text": "여군이 잘 어울릴 것 같다는 얘기 많이 들었어요",
            "speaker": {
              "id": "1번",
              "sex": "여성",
              "age": "30대"
            },
            "speechAct": "(단언) 주장하기",
            "morpheme": "여군/NNG+이/JKS+잘/MAG+어울릴/VV+ETM+것/NNB+같/VA+다는/ETM+얘기/NNG+많이/MAG+들/VV+었/EP+어요/EF"
          },
          {
            "id": 25,
            "text": "2 : 운동도 잘하고 성격이 딱 부러져서 그런가 봐요",
            "norm_text": "운동도 잘하고 성격이 딱 부러져서 그런가 봐요",
            "speaker": {
              "id": "2번",
              "sex": "여성",
              "age": "40대"
            },
            "speechAct": "(단언) 주장하기",
            "morpheme": "운동/NNG+도/JX+잘/MAG+하/VV+고/EC+성격/NNG+이/JKS+딱/MAG+부러져서/VV+EC+그런가/VA+EC+봐요/VX+EC"
          },
          {
            "id": 26,
            "text": "2 : 전 운동 신경 제로에 게을러서 안 돼요",
            "norm_text": "전 운동 신경 제로에 게을러서 안 돼요",
            "speaker": {
              "id": "2번",
              "sex": "여성",
              "age": "40대"
            },
            "speechAct": "(단언) 주장하기",
            "morpheme": "전/MM+운동/NNG+신경/NNG+제로/NNG+에/JKB+게을러서/VA+EC+안/MAG+돼요/VV+EC"
          },
          {
            "id": 27,
            "text": "3 : 저도요 전 누가 옆에서 막 시키고 그런 거 싫어하거든요",
            "norm_text": "저도요 전 누가 옆에서 막 시키고 그런 거 싫어하거든요",
            "speaker": {
              "id": "3번",
              "sex": "여성",
              "age": "10대"
            },
            "speechAct": "(단언) 주장하기",
            "morpheme": "저/NP+도/JX+요전/NNG+누가/NP+JKS+옆/NNG+에서/JKB+막/NNG+시키/XSV+고/EC+그런/MM+거/NNB+싫/VA+어/EC+하/VX+거든요/EF"
          },
          {
            "id": 28,
            "text": "1 : 제가 시키면 돼요",
            "norm_text": "제가 시키면 돼요",
            "speaker": {
              "id": "1번",
              "sex": "여성",
              "age": "30대"
            },
            "speechAct": "(단언) 주장하기",
            "morpheme": "제/NP+가/JKS+시키/VV+면/EC+돼요/VV+EC"
          },
          {
            "id": 29,
            "text": "1 : 전 조교 같은 거 잘할 것 같아요",
            "norm_text": "전 조교 같은 거 잘할 것 같아요",
            "speaker": {
              "id": "1번",
              "sex": "여성",
              "age": "30대"
            },
            "speechAct": "(단언) 주장하기",
            "morpheme": "전/MM+조교/NNG+같/VA+은/ETM+거/NNB+잘/MAG+할/VV+ETM+것/NNB+같/VA+아요/EC"
          },
          {
            "id": 30,
            "text": "2 : 하하 시키는 사람이 되면 재미있을 것 같네요",
            "norm_text": "하하 시키는 사람이 되면 재미있을 것 같네요",
            "speaker": {
              "id": "2번",
              "sex": "여성",
              "age": "40대"
            },
            "speechAct": "(단언) 주장하기",
            "morpheme": "하하/MAG+시키/VV+는/ETM+사람/NNG+이/JKS+되/VV+면/EC+재미있/VA+을/ETM+것/NNB+같/VA+네요/EC"
          },
          {
            "id": 31,
            "text": "2 : 하지만 반대 입장이 될 수도 있잖아요",
            "norm_text": "하지만 반대 입장이 될 수도 있잖아요",
            "speaker": {
              "id": "2번",
              "sex": "여성",
              "age": "40대"
            },
            "speechAct": "(단언) 주장하기",
            "morpheme": "하지만/MAJ+반대/NNG+입장/NNG+이/JKS+될/VV+ETM+수/NNB+도/JX+있/VA+잖아요/EC"
          },
          {
            "id": 32,
            "text": "3 : 그리고 전 일찍 일어나는 것도 싫고 규칙적으로 뭐 하는 것도 지루할 것 같아요",
            "norm_text": "그리고 전 일찍 일어나는 것도 싫고 규칙적으로 뭐 하는 것도 지루할 것 같아요",
            "speaker": {
              "id": "3번",
              "sex": "여성",
              "age": "10대"
            },
            "speechAct": "(단언) 주장하기",
            "morpheme": "그리고/MAJ+전/NP+JX+일찍/MAG+일어나/VV+는/ETM+것/NNB+도/JX+싫/VA+고/EC+규칙/NNG+적/XSN+으로/JKB+뭐/IC+하/VV+는/ETM+것/NNB+도/JX+지루/XR+할/XSA+ETM+것/NNB+같/VA+아요/EC"
          },
          {
            "id": 33,
            "text": "1 : 제가 조교 되면 사람들이 다들 무서워할 걸요 키키",
            "norm_text": "제가 조교 되면 사람들이 다들 무서워할 걸요 키키",
            "speaker": {
              "id": "1번",
              "sex": "여성",
              "age": "30대"
            },
            "speechAct": "(단언) 주장하기",
            "morpheme": "제/NP+가/JKS+조교/NNG+되/XSV+면/EC+사람/NNG+들/XSN+이/JKS+다/MAG+들/XSN+무서워할/VV+ETM+걸/NNB+JKO+요키/NNP+키/NNG"
          },
          {
            "id": 34,
            "text": "2 : 조교는 원래 무서운 표정 짓잖아요",
            "norm_text": "조교는 원래 무서운 표정 짓잖아요",
            "speaker": {
              "id": "2번",
              "sex": "여성",
              "age": "40대"
            },
            "speechAct": "(단언) 주장하기",
            "morpheme": "조교/NNG+는/JX+원래/MAG+무서운/VA+ETM+표정/NNG+짓/VV+잖아요/EC"
          },
          {
            "id": 35,
            "text": "3 : 전 조교가 화내면 너무 놀라서 얼음 될 것 같아요",
            "norm_text": "전 조교가 화내면 너무 놀라서 얼음 될 것 같아요",
            "speaker": {
              "id": "3번",
              "sex": "여성",
              "age": "10대"
            },
            "speechAct": "(단언) 주장하기",
            "morpheme": "전/MM+조교/NNG+가/JKS+화내/VV+면/EC+너무/MAG+놀라/VV+서/EC+얼음/NNG+될/XSV+ETM+것/NNB+같/VA+아요/EC"
          }
        ]
      }
    }
  ]
}