{
  "dataset": {
    "identifier": 63607,
    "name": "KAKAO_907_01_set",
    "src_path": "/data/file/cubeManager/PROJECT001/53/txt20211005154856063035/KAKAO_907_01_set/",
    "label_path": "/data/file/cubeManager/PROJECT001/53/txt20211005154856063035/KAKAO_907_01_set/",
    "category": 2,
    "type": 0
  },
  "licenses": {
    "name": "Apache License 1.0",
    "url": "http://www.apache.org/licenses/LICENSE-1.0"
  },
  "info": [
    {
      "id": 41718,
      "filename": "KAKAO_907_01.txt",
      "title": "KAKAO_907_01",
      "mediatype": "SNS",
      "medianame": "카카오톡",
      "category": "일상대화",
      "date": "2021-10-05",
      "size": 497,
      "annotations": {
        "subject": "식음료",
        "speaker_type": "1:1",
        "size": 497,
        "word_size": 158,
        "text": "1 : 야 백신 부작용에 식욕 증진도 있냐?\n2 : 키키 나 그랬음 평소보다 여러가지가 땡기더라고?\n1 : 그럼 부작용 맞네...\n1 : 왜 이렇게 먹어도 배고프지?\n2 : 바이러스 이겨내려면 많이 먹어서 힘내야 되니까 그런 듯 하하\n1 : 그것도 맞네? 바로 그럼 치킨 주문할까\n2 : 오 단백질 보충 할라고?\n2 : 후라이드 먹어주라\n1 : 치킨은 당연히 후라이드지 ㅡㅡ\n1 : 근데 오늘은 피나치공이 땡기네\n2 : 피나치공 고구마피자 존맛 인 거 알지...?\n1 : 그거 모르면 간첩이지.\n1 : 니가 말하니까 나도 피나치공 먹고 싶네?\n2 : 당장 시켜 시켜 시켜!\n2 : 고민은 먹는 시간만 늦출 뿐!\n1 : 니 말 듣고 감동 받아서 바로 시켰음\n2 : 술은 못 마시니까 콜라나 사이다도 시켰겠지?\n1 : 당연 키키 말이라고 키키\n1 : 리뷰 이벤트도 참가함 키키\n2 : 나도 오랜만에 피나치공이나 시킬까? 배고파\n1 : 야 같이 줌 켜서 먹을래? 먹방처럼 키키\n2 : 키키 오 좋은 생각이다\n2 : 그럼 나도 시킨다~",
        "lines": [
          {
            "id": 1,
            "text": "1 : 야 백신 부작용에 식욕 증진도 있냐?",
            "norm_text": "야 백신 부작용에 식욕 증진도 있냐?",
            "speaker": {
              "id": "1번",
              "sex": "여성",
              "age": "20대"
            },
            "speechAct": "(지시) 질문하기",
            "morpheme": "야/IC+백/NR+신부/NNG+작용/NNG+에/JKB+식욕/NNG+증진/NNG+도/JX+있/VA+냐/EF"
          },
          {
            "id": 2,
            "text": "2 : 키키 나 그랬음 평소보다 여러가지가 땡기더라고?",
            "norm_text": "키키 나 그랬음 평소보다 여러가지가 땡기더라고?",
            "speaker": {
              "id": "2번",
              "sex": "여성",
              "age": "20대"
            },
            "speechAct": "(단언) 주장하기",
            "morpheme": "키/NNG+키나/XSA+ETN+JX+그랬음/VA+EP+EC+평소/NNG+보다/JKB+여러/MM+가지/NNBC+가/JKS+땡기/VV+더라고/EF"
          },
          {
            "id": 3,
            "text": "1 : 그럼 부작용 맞네...",
            "norm_text": "그럼 부작용 맞네...",
            "speaker": {
              "id": "1번",
              "sex": "여성",
              "age": "20대"
            },
            "speechAct": "(단언) 주장하기",
            "morpheme": "그럼/MAJ+부작용/NNG+맞/VV+네/EF+./SY"
          },
          {
            "id": 4,
            "text": "1 : 왜 이렇게 먹어도 배고프지?",
            "norm_text": "왜 이렇게 먹어도 배고프지?",
            "speaker": {
              "id": "1번",
              "sex": "여성",
              "age": "20대"
            },
            "speechAct": "(지시) 질문하기",
            "morpheme": "왜/MAG+이렇게/MAG+먹/VV+어도/EC+배고프/VV+지/EF"
          },
          {
            "id": 5,
            "text": "2 : 바이러스 이겨내려면 많이 먹어서 힘내야 되니까 그런 듯 하하",
            "norm_text": "바이러스 이겨내려면 많이 먹어서 힘내야 되니까 그런 듯 하하",
            "speaker": {
              "id": "2번",
              "sex": "여성",
              "age": "20대"
            },
            "speechAct": "(단언) 주장하기",
            "morpheme": "바이러스/NNG+이겨/VV+EC+내/VX+려면/EC+많이/MAG+먹/VV+어서/EC+힘내/VV+야/EC+되/VV+니까/EC+그런/MM+듯/NNB+하/XSA+하/XSA"
          },
          {
            "id": 6,
            "text": "1 : 그것도 맞네? 바로 그럼 치킨 주문할까",
            "norm_text": "그것도 맞네? 바로 그럼 치킨 주문할까",
            "speaker": {
              "id": "1번",
              "sex": "여성",
              "age": "20대"
            },
            "speechAct": "(지시) 질문하기",
            "morpheme": "그것/NP+도/JX+맞/VV+네/EF+바로/MAG+그럼/MAJ+치킨/NNG+주문/NNG+할까/XSV+EC"
          },
          {
            "id": 7,
            "text": "2 : 오 단백질 보충 할라고?",
            "norm_text": "오 단백질 보충 할라고?",
            "speaker": {
              "id": "2번",
              "sex": "여성",
              "age": "20대"
            },
            "speechAct": "(지시) 질문하기",
            "morpheme": "오/NR+단백질/NNG+보충/NNG+할라고/XSA+EF"
          },
          {
            "id": 8,
            "text": "2 : 후라이드 먹어주라",
            "norm_text": "후라이드 먹어주라",
            "speaker": {
              "id": "2번",
              "sex": "여성",
              "age": "20대"
            },
            "speechAct": "(지시) 부탁하기",
            "morpheme": "후라이드/NNP+먹/VV+어/EC+주/VX+라/EC"
          },
          {
            "id": 9,
            "text": "1 : 치킨은 당연히 후라이드지 ㅡㅡ",
            "norm_text": "치킨은 당연히 후라이드지 ㅡㅡ",
            "speaker": {
              "id": "1번",
              "sex": "여성",
              "age": "20대"
            },
            "speechAct": "(단언) 주장하기",
            "morpheme": "치킨/NNG+은/JX+당연히/MAG+후라이드/NNP+지/VCP+EF+ㅡㅡ/UNKNOWN"
          },
          {
            "id": 10,
            "text": "1 : 근데 오늘은 피나치공이 땡기네",
            "norm_text": "근데 오늘은 피나치공이 땡기네",
            "speaker": {
              "id": "1번",
              "sex": "여성",
              "age": "20대"
            },
            "speechAct": "(단언) 주장하기",
            "morpheme": "근데/MAJ+오늘/NNG+은/JX+피/XPN+나치/NNG+공/NNG+이/JKS+땡기/VV+네/EC"
          },
          {
            "id": 11,
            "text": "2 : 피나치공 고구마피자 존맛 인 거 알지...?",
            "norm_text": "피나치공 고구마피자 존맛 인 거 알지...?",
            "speaker": {
              "id": "2번",
              "sex": "여성",
              "age": "20대"
            },
            "speechAct": "(지시) 질문하기",
            "morpheme": "피/XPN+나치/NNG+공고/NNG+구/VCP+EC+마피/NNG+자존/NNG+맛/NNG+인/VCP+ETM+거/NNB+알/VV+지/EF+./SY+./SY"
          },
          {
            "id": 12,
            "text": "1 : 그거 모르면 간첩이지.",
            "norm_text": "그거 모르면 간첩이지.",
            "speaker": {
              "id": "1번",
              "sex": "여성",
              "age": "20대"
            },
            "speechAct": "(단언) 주장하기",
            "morpheme": "그거/NP+모르/VV+면/EC+간첩/NNG+이/VCP+지/EF"
          },
          {
            "id": 13,
            "text": "1 : 니가 말하니까 나도 피나치공 먹고 싶네?",
            "norm_text": "니가 말하니까 나도 피나치공 먹고 싶네?",
            "speaker": {
              "id": "1번",
              "sex": "여성",
              "age": "20대"
            },
            "speechAct": "(지시) 질문하기",
            "morpheme": "니/NP+가/JKS+말/NNG+하/XSV+니까/EC+나/NP+도/JX+피/XPN+나치/NNG+공/NNG+먹/VV+고/EC+싶/VX+네/EF"
          },
          {
            "id": 14,
            "text": "2 : 당장 시켜 시켜 시켜!",
            "norm_text": "당장 시켜 시켜 시켜!",
            "speaker": {
              "id": "2번",
              "sex": "여성",
              "age": "20대"
            },
            "speechAct": "(지시) 명령/요구하기",
            "morpheme": "당장/NNG+시켜/XSV+EC+시켜/VV+EC+시켜/VV+EF"
          },
          {
            "id": 15,
            "text": "2 : 고민은 먹는 시간만 늦출 뿐!",
            "norm_text": "고민은 먹는 시간만 늦출 뿐!",
            "speaker": {
              "id": "2번",
              "sex": "여성",
              "age": "20대"
            },
            "speechAct": "(단언) 주장하기",
            "morpheme": "고민/NNG+은/JX+먹/VV+는/ETM+시간/NNG+만/JX+늦출/VV+ETM+뿐/NNB"
          },
          {
            "id": 16,
            "text": "1 : 니 말 듣고 감동 받아서 바로 시켰음",
            "norm_text": "니 말 듣고 감동 받아서 바로 시켰음",
            "speaker": {
              "id": "1번",
              "sex": "여성",
              "age": "20대"
            },
            "speechAct": "(단언) 주장하기",
            "morpheme": "니/MM+말/NNG+듣/VV+고/EC+감동/NNG+받/VV+아서/EC+바로/MAG+시켰/VV+EP+음/ETN"
          },
          {
            "id": 17,
            "text": "2 : 술은 못 마시니까 콜라나 사이다도 시켰겠지?",
            "norm_text": "술은 못 마시니까 콜라나 사이다도 시켰겠지?",
            "speaker": {
              "id": "2번",
              "sex": "여성",
              "age": "20대"
            },
            "speechAct": "(지시) 질문하기",
            "morpheme": "술/NNG+은/JX+못/MAG+마시/VV+니까/EC+콜라/NNG+나/JC+사이다/NNG+도/JX+시켰/VV+겠/EP+지/EF"
          },
          {
            "id": 18,
            "text": "1 : 당연 키키 말이라고 키키",
            "norm_text": "당연 키키 말이라고 키키",
            "speaker": {
              "id": "1번",
              "sex": "여성",
              "age": "20대"
            },
            "speechAct": "(단언) 주장하기",
            "morpheme": "당연/MAG+키/NNG+키/NNG+말/NNG+이/VCP+라고/EC+키/NNG+키/XSV+ETN"
          },
          {
            "id": 19,
            "text": "1 : 리뷰 이벤트도 참가함 키키",
            "norm_text": "리뷰 이벤트도 참가함 키키",
            "speaker": {
              "id": "1번",
              "sex": "여성",
              "age": "20대"
            },
            "speechAct": "(단언) 주장하기",
            "morpheme": "리뷰/NNP+이벤트/NNG+도/JX+참가/NNG+함/XSV+ETN+키/NNG+키/XSV+ETN"
          },
          {
            "id": 20,
            "text": "2 : 나도 오랜만에 피나치공이나 시킬까? 배고파",
            "norm_text": "나도 오랜만에 피나치공이나 시킬까? 배고파",
            "speaker": {
              "id": "2번",
              "sex": "여성",
              "age": "20대"
            },
            "speechAct": "(지시) 질문하기",
            "morpheme": "나/NP+도/JX+오랜만/NNG+에/JKB+피/XPN+나치/NNG+공/NNG+이나/JX+시킬까/VV+EF+배고파/VA+EC"
          },
          {
            "id": 21,
            "text": "1 : 야 같이 줌 켜서 먹을래? 먹방처럼 키키",
            "norm_text": "야 같이 줌 켜서 먹을래? 먹방처럼 키키",
            "speaker": {
              "id": "1번",
              "sex": "여성",
              "age": "20대"
            },
            "speechAct": "(지시) 질문하기",
            "morpheme": "야/IC+같이/MAG+줌/VV+ETN+켜/VV+서/EC+먹/VV+을래/EF+먹방/NNG+처럼/JKB+키/NNG+키/XSV+ETN"
          },
          {
            "id": 22,
            "text": "2 : 키키 오 좋은 생각이다",
            "norm_text": "키키 오 좋은 생각이다",
            "speaker": {
              "id": "2번",
              "sex": "여성",
              "age": "20대"
            },
            "speechAct": "(단언) 주장하기",
            "morpheme": "키/NNG+키/VV+오/EC+좋/VA+은/ETM+생각/NNG+이/VCP+다/EC"
          },
          {
            "id": 23,
            "text": "2 : 그럼 나도 시킨다~",
            "norm_text": "그럼 나도 시킨다~",
            "speaker": {
              "id": "2번",
              "sex": "여성",
              "age": "20대"
            },
            "speechAct": "(단언) 주장하기",
            "morpheme": "그럼/MAJ+나/NP+도/JX+시킨다/VV+EC+~/SY"
          }
        ]
      }
    }
  ]
}