{
  "dataset": {
    "identifier": 62419,
    "name": "KAKAO_921_19_set",
    "src_path": "/data/file/cubeManager/PROJECT001/53/txt20211005161403046636/KAKAO_921_19_set/",
    "label_path": "/data/file/cubeManager/PROJECT001/53/txt20211005161403046636/KAKAO_921_19_set/",
    "category": 2,
    "type": 0
  },
  "licenses": {
    "name": "Apache License 1.0",
    "url": "http://www.apache.org/licenses/LICENSE-1.0"
  },
  "info": [
    {
      "id": 41996,
      "filename": "KAKAO_921_19.txt",
      "title": "KAKAO_921_19",
      "mediatype": "SNS",
      "medianame": "카카오톡",
      "category": "일상대화",
      "date": "2021-10-05",
      "size": 1015,
      "annotations": {
        "subject": "방송/연예",
        "speaker_type": "1:1",
        "size": 1015,
        "word_size": 323,
        "text": "1 : 오늘 넷플릭스에 오징어게임이라고 키키 킹덤 같은 넷플릭스 오리지널 드라마 공개됐는데 이따 저녁에 보려고 키키\n2 : 아 맞아 안 그래도 너한테 그 얘기 하려고 그랬는데 키키\n2 : 니가 그거 기다렸었잖아\n1 : 키키 응응 그거 넘 재밌을 것 같아 키키\n1 : 약간 잔인할 것 같긴 한데 옛날 배틀로얄 그 느낌 날 거 같아 키키\n2 : 아 난 아예 무슨 내용인지 몰라 키키 예고편도 안 봤어가지고\n2 : 근데 이정재 나오던데?\n1 : 응응 키키 재밌을 것 같아 기대 중\n1 : 내가 보고 이야기해줄겡 키키\n1 : 너도 혹시 넷플릭스 회원권 결제해서 쓰고 있어?\n2 : 응응 당연하지 요즘엔 넷플릭스 필수야 키키\n2 : 나는 넷플릭스랑 티빙이랑 웨이브까지 결제해서 보고 있어\n1 : 오오 키키 다 결제했구나\n1 : 나도 티빙 웨이브 보는데! 키키\n1 : 티빙으로는 짱구는 못말려21 봐 키키\n2 : 티빙에 짱구도 있어? 키키\n2 : 짱구 나는 어릴 때 보고 아예 안 봤는데\n2 : 혹시 넷플릭스에서 추천해줄 만한 작품 있어?\n1 : 나는 딱히 없는데 남자친구가 인간수업이라고 보라고 난린데 난 딱히 안 땡겨서 안 보는 중 키키\n2 : 아 나도 처음에 그거 엄청 어둡고 기분 나쁜? 내용인 거 같아서 안 보고 있다가 봤는데 진짜 너어어무 재밌어 키키\n1 : 아 너도 봤구나 키키\n1 : 암튼 그거 계속 보라고 하더라\n1 : 나는 넷플릭스에서는 그때그때 뜨는 핫한 것만 챙겨보고 있어서 추천할만한 건 딱히 없넹 ㅜ 키키\n2 : 나는 이번에 넷플릭스에 기대작 많아서 기대하고 있어 키키\n2 : 아무도 살아서 나갈 수 없다라는 넷플 오리지널 영화 기다리고 있어 키키\n1 : 키키 오 9월 말에 나오넹 키키\n1 : 나도 이런 장르는 좋아해! 키키\n2 : 그치? 키키 이거랑 또 있어\n2 : 네 집에 누군가 있다 이것도 영환데 이것도 기대 중 키키\n1 : 키키 앞으로 뭐 볼 너한테 물어보면 되겠당 키키\n1 : 많이 아넹\n2 : 응응 또 디카프리오랑 제니퍼로렌스 나오는 영화도 공개 예정이더라구 키키\n2 : 돈룩업 이라고 약간 지구에 관한 얘긴 거 같던데 그것도 공개되면 꼭 봐",
        "lines": [
          {
            "id": 1,
            "text": "1 : 오늘 넷플릭스에 오징어게임이라고 키키 킹덤 같은 넷플릭스 오리지널 드라마 공개됐는데 이따 저녁에 보려고 키키",
            "norm_text": "오늘 넷플릭스에 오징어게임이라고 키키 킹덤 같은 넷플릭스 오리지널 드라마 공개됐는데 이따 저녁에 보려고 키키",
            "speaker": {
              "id": "1번",
              "sex": "여성",
              "age": "20대"
            },
            "speechAct": "(언약) 약속하기(제3자와)/(개인적 수준)",
            "morpheme": "오늘/MAG+넷플릭스/NNP+에/JKB+오징어/NNG+게임/NNG+이/VCP+라고/EC+키키/NNP+킹덤/NNP+같/VA+은/ETM+넷플릭스/NNP+오리지널/NNG+드라마/NNG+공개/NNG+됐/XSV+EP+는데/EC+이따/MAG+저녁/NNG+에/JKB+보/VV+려고/EC+키/NNG+키/XSV+ETN"
          },
          {
            "id": 2,
            "text": "2 : 아 맞아 안 그래도 너한테 그 얘기 하려고 그랬는데 키키",
            "norm_text": "아 맞아 안 그래도 너한테 그 얘기 하려고 그랬는데 키키",
            "speaker": {
              "id": "2번",
              "sex": "여성",
              "age": "20대"
            },
            "speechAct": "(단언) 주장하기",
            "morpheme": "아/IC+맞/VV+아/EC+안/MAG+그래도/VV+EC+너/NP+한테/JKB+그/MM+얘기/NNG+하/XSV+려고/EC+그랬/VV+EP+는데/EC+키/NNG+키/XSV+ETN"
          },
          {
            "id": 3,
            "text": "2 : 니가 그거 기다렸었잖아",
            "norm_text": "니가 그거 기다렸었잖아",
            "speaker": {
              "id": "2번",
              "sex": "여성",
              "age": "20대"
            },
            "speechAct": "(단언) 진술하기",
            "morpheme": "니/NP+가/JKS+그거/NP+기다렸/VV+EP+었잖/EC+VX+아/EC"
          },
          {
            "id": 4,
            "text": "1 : 키키 응응 그거 넘 재밌을 것 같아 키키",
            "norm_text": "키키 응응 그거 넘 재밌을 것 같아 키키",
            "speaker": {
              "id": "1번",
              "sex": "여성",
              "age": "20대"
            },
            "speechAct": "(단언) 주장하기",
            "morpheme": "키/NNG+키/XSV+ETN+응/IC+응/IC+그거/NP+넘/MAG+재밌/VA+을/ETM+것/NNB+같/VA+아/EC+키/NNG+키/XSV+ETN"
          },
          {
            "id": 5,
            "text": "1 : 약간 잔인할 것 같긴 한데 옛날 배틀로얄 그 느낌 날 거 같아 키키",
            "norm_text": "약간 잔인할 것 같긴 한데 옛날 배틀로얄 그 느낌 날 거 같아 키키",
            "speaker": {
              "id": "1번",
              "sex": "여성",
              "age": "20대"
            },
            "speechAct": "(단언) 주장하기",
            "morpheme": "약간/MAG+잔인/NNG+할/XSV+ETM+것/NNB+같/VA+긴/ETN+JX+한데/VX+EC+옛날/NNG+배틀로얄/NNP+그/MM+느낌/NNG+날/VV+ETM+거/NNB+같/VA+아/EC+키/NNG+키/XSV+ETN"
          },
          {
            "id": 6,
            "text": "2 : 아 난 아예 무슨 내용인지 몰라 키키 예고편도 안 봤어가지고",
            "norm_text": "아 난 아예 무슨 내용인지 몰라 키키 예고편도 안 봤어가지고",
            "speaker": {
              "id": "2번",
              "sex": "여성",
              "age": "20대"
            },
            "speechAct": "(단언) 진술하기",
            "morpheme": "아/IC+난/NP+JX+아예/MAG+무슨/MM+내용/NNG+인지/VCP+EC+몰라/VV+EC+키/NNG+키/NNG+예고편/NNG+도/JX+안/MAG+봤/VV+EP+어/EC+가지/VX+고/EC"
          },
          {
            "id": 7,
            "text": "2 : 근데 이정재 나오던데?",
            "norm_text": "근데 이정재 나오던데?",
            "speaker": {
              "id": "2번",
              "sex": "여성",
              "age": "20대"
            },
            "speechAct": "(단언) 진술하기",
            "morpheme": "근데/MAJ+이정재/NNP+나오/VV+던데/EF"
          },
          {
            "id": 8,
            "text": "1 : 응응 키키 재밌을 것 같아 기대 중",
            "norm_text": "응응 키키 재밌을 것 같아 기대 중",
            "speaker": {
              "id": "1번",
              "sex": "여성",
              "age": "20대"
            },
            "speechAct": "(단언) 주장하기",
            "morpheme": "응/IC+응/IC+키/NNG+키/XSV+ETN+재밌/VA+을/ETM+것/NNB+같/VA+아/EC+기대/NNG+중/NNB"
          },
          {
            "id": 9,
            "text": "1 : 내가 보고 이야기해줄겡 키키",
            "norm_text": "내가 보고 이야기해줄겡 키키",
            "speaker": {
              "id": "1번",
              "sex": "여성",
              "age": "20대"
            },
            "speechAct": "(언약) 약속하기(제3자와)/(개인적 수준)",
            "morpheme": "내/NP+가/JKS+보/VV+고/EC+이야기/NNG+해/XSV+EC+줄/VX+ETM+겡/NNG+키/NNG+키/XSV+ETN"
          },
          {
            "id": 10,
            "text": "1 : 너도 혹시 넷플릭스 회원권 결제해서 쓰고 있어?",
            "norm_text": "너도 혹시 넷플릭스 회원권 결제해서 쓰고 있어?",
            "speaker": {
              "id": "1번",
              "sex": "여성",
              "age": "20대"
            },
            "speechAct": "(지시) 질문하기",
            "morpheme": "너/NP+도/JX+혹시/MAG+넷플릭스/NNP+회원/NNG+권/XSN+결제/NNG+해서/XSV+EC+쓰/VV+고/EC+있/VX+어/EF"
          },
          {
            "id": 11,
            "text": "2 : 응응 당연하지 요즘엔 넷플릭스 필수야 키키",
            "norm_text": "응응 당연하지 요즘엔 넷플릭스 필수야 키키",
            "speaker": {
              "id": "2번",
              "sex": "여성",
              "age": "20대"
            },
            "speechAct": "(단언) 주장하기",
            "morpheme": "응/IC+응/IC+당연/XR+하/XSA+지/EC+요즘/NNG+엔/JKB+JX+넷플릭스/NNP+필수/NNG+야/VCP+EF+키/NNG+키/XSV+ETN"
          },
          {
            "id": 12,
            "text": "2 : 나는 넷플릭스랑 티빙이랑 웨이브까지 결제해서 보고 있어",
            "norm_text": "나는 넷플릭스랑 티빙이랑 웨이브까지 결제해서 보고 있어",
            "speaker": {
              "id": "2번",
              "sex": "여성",
              "age": "20대"
            },
            "speechAct": "(단언) 진술하기",
            "morpheme": "나/NP+는/JX+넷플릭스/NNP+랑/JC+티빙/NNP+이랑/JC+웨이브/NNG+까지/JX+결제/NNG+해서/XSV+EC+보/VX+고/EC+있/VX+어/EC"
          },
          {
            "id": 13,
            "text": "1 : 오오 키키 다 결제했구나",
            "norm_text": "오오 키키 다 결제했구나",
            "speaker": {
              "id": "1번",
              "sex": "여성",
              "age": "20대"
            },
            "speechAct": "(단언) 주장하기",
            "morpheme": "오/NR+오/NR+키/NNG+키/NNG+다/MAG+결제/NNG+했/XSV+EP+구나/EC"
          },
          {
            "id": 14,
            "text": "1 : 나도 티빙 웨이브 보는데! 키키",
            "norm_text": "나도 티빙 웨이브 보는데! 키키",
            "speaker": {
              "id": "1번",
              "sex": "여성",
              "age": "20대"
            },
            "speechAct": "(단언) 진술하기",
            "morpheme": "나/NP+도/JX+티빙/NNP+웨이브/NNG+보/VV+는데/EC+!/SY+키/NNG+키/XSV+ETN"
          },
          {
            "id": 15,
            "text": "1 : 티빙으로는 짱구는 못말려21 봐 키키",
            "norm_text": "티빙으로는 짱구는 못말려21 봐 키키",
            "speaker": {
              "id": "1번",
              "sex": "여성",
              "age": "20대"
            },
            "speechAct": "(단언) 진술하기",
            "morpheme": "티빙/NNP+으로/JKB+는/JX+짱구/NNG+는/JX+못/MAG+말려/VV+EC+21/SN+봐/VV+EC+키/NNG+키/XSV+ETN"
          },
          {
            "id": 16,
            "text": "2 : 티빙에 짱구도 있어? 키키",
            "norm_text": "티빙에 짱구도 있어? 키키",
            "speaker": {
              "id": "2번",
              "sex": "여성",
              "age": "20대"
            },
            "speechAct": "(단언) 주장하기",
            "morpheme": "티빙/NNP+에/JKB+짱구/NNG+도/JX+있/VA+어/EF+키/NNG+키/XSV+ETN"
          },
          {
            "id": 17,
            "text": "2 : 짱구 나는 어릴 때 보고 아예 안 봤는데",
            "norm_text": "짱구 나는 어릴 때 보고 아예 안 봤는데",
            "speaker": {
              "id": "2번",
              "sex": "여성",
              "age": "20대"
            },
            "speechAct": "(단언) 진술하기",
            "morpheme": "짱구/NNG+나/NP+는/JX+어릴/VA+ETM+때/NNG+보/VV+고/EC+아예/MAG+안/MAG+봤/VV+EP+는데/EC"
          },
          {
            "id": 18,
            "text": "2 : 혹시 넷플릭스에서 추천해줄 만한 작품 있어?",
            "norm_text": "혹시 넷플릭스에서 추천해줄 만한 작품 있어?",
            "speaker": {
              "id": "2번",
              "sex": "여성",
              "age": "20대"
            },
            "speechAct": "(지시) 질문하기",
            "morpheme": "혹시/MAG+넷플릭스/NNP+에서/JKB+추천/NNG+해/XSV+EC+줄/VX+ETM+만/NNB+한/XSA+ETM+작품/NNG+있/VA+어/EF"
          },
          {
            "id": 19,
            "text": "1 : 나는 딱히 없는데 남자친구가 인간수업이라고 보라고 난린데 난 딱히 안 땡겨서 안 보는 중 키키",
            "norm_text": "나는 딱히 없는데 남자친구가 인간수업이라고 보라고 난린데 난 딱히 안 땡겨서 안 보는 중 키키",
            "speaker": {
              "id": "1번",
              "sex": "여성",
              "age": "20대"
            },
            "speechAct": "(단언) 진술하기",
            "morpheme": "나/NP+는/JX+딱히/MAG+없/VA+는데/EC+남자/NNG+친구/NNG+가/JKS+인간/NNG+수업/NNG+이/VCP+라고/EC+보/VX+라고/EC+난린데/NNG+VCP+EC+난/NP+JX+딱히/MAG+안/MAG+땡겨/VV+EC+서/VV+EC+안/MAG+보/VV+는/ETM+중키/NNG+키/XSV+ETN"
          },
          {
            "id": 20,
            "text": "2 : 아 나도 처음에 그거 엄청 어둡고 기분 나쁜? 내용인 거 같아서 안 보고 있다가 봤는데 진짜 너어어무 재밌어 키키",
            "norm_text": "아 나도 처음에 그거 엄청 어둡고 기분 나쁜? 내용인 거 같아서 안 보고 있다가 봤는데 진짜 너어어무 재밌어 키키",
            "speaker": {
              "id": "2번",
              "sex": "여성",
              "age": "20대"
            },
            "speechAct": "(단언) 진술하기",
            "morpheme": "아/IC+나/NP+도/JX+처음/NNG+에/JKB+그거/NP+엄청/MAG+어둡/VA+고/EC+기분/NNG+나쁜/VA+ETM+?/SY+내용/NNG+인/VCP+ETM+거/NNB+같/VA+아서/EC+안/MAG+보/VV+고/EC+있/VX+다가/EC+봤/VX+EP+는데/EC+진짜/MAG+너/NP+어/IC+어/IC+무/IC+재밌/VA+어/EC+키/NNG+키/XSV+ETN"
          },
          {
            "id": 21,
            "text": "1 : 아 너도 봤구나 키키",
            "norm_text": "아 너도 봤구나 키키",
            "speaker": {
              "id": "1번",
              "sex": "여성",
              "age": "20대"
            },
            "speechAct": "(단언) 주장하기",
            "morpheme": "아/IC+너/NP+도/JX+봤/VV+EP+구나/EF+키/NNG+키/XSV+ETN"
          },
          {
            "id": 22,
            "text": "1 : 암튼 그거 계속 보라고 하더라",
            "norm_text": "암튼 그거 계속 보라고 하더라",
            "speaker": {
              "id": "1번",
              "sex": "여성",
              "age": "20대"
            },
            "speechAct": "(단언) 진술하기",
            "morpheme": "암튼/MAJ+그거/NP+계속/MAG+보/VV+라고/EC+하/VV+더라/EC"
          },
          {
            "id": 23,
            "text": "1 : 나는 넷플릭스에서는 그때그때 뜨는 핫한 것만 챙겨보고 있어서 추천할만한 건 딱히 없넹 ㅜ 키키",
            "norm_text": "나는 넷플릭스에서는 그때그때 뜨는 핫한 것만 챙겨보고 있어서 추천할만한 건 딱히 없넹 ㅜ 키키",
            "speaker": {
              "id": "1번",
              "sex": "여성",
              "age": "20대"
            },
            "speechAct": "(단언) 주장하기",
            "morpheme": "나/NP+는/JX+넷플릭스/NNP+에서/JKB+는/JX+그때/NNG+그때/NNG+뜨/VV+는/ETM+핫/NNG+한/XSA+ETM+것/NNB+만/JX+챙겨/VV+EC+보/VX+고/EC+있/VX+어서/EC+추천/NNG+할/XSV+ETM+만/NNB+한/XSA+ETM+건/NNB+JX+딱히/MAG+없/VA+넹ㅜ/UNKNOWN+키/NNG+키/XSV+ETN"
          },
          {
            "id": 24,
            "text": "2 : 나는 이번에 넷플릭스에 기대작 많아서 기대하고 있어 키키",
            "norm_text": "나는 이번에 넷플릭스에 기대작 많아서 기대하고 있어 키키",
            "speaker": {
              "id": "2번",
              "sex": "여성",
              "age": "20대"
            },
            "speechAct": "(단언) 주장하기",
            "morpheme": "나/NP+는/JX+이번/NNG+에/JKB+넷플릭스/NNP+에/JKB+기대/NNG+작/VA+많/VA+아서/EC+기대/NNG+하/XSV+고/EC+있/VX+어/EC+키/NNG+키/XSV+ETN"
          },
          {
            "id": 25,
            "text": "2 : 아무도 살아서 나갈 수 없다라는 넷플 오리지널 영화 기다리고 있어 키키",
            "norm_text": "아무도 살아서 나갈 수 없다라는 넷플 오리지널 영화 기다리고 있어 키키",
            "speaker": {
              "id": "2번",
              "sex": "여성",
              "age": "20대"
            },
            "speechAct": "(단언) 주장하기",
            "morpheme": "아무/NP+도/JX+살/VV+아서/EC+나갈/VX+ETM+수/NNB+없/VA+다/EF+라는/ETM+넷/NR+플/NNG+오리지널/NNG+영화/NNG+기다리/VV+고/EC+있/VX+어/EC+키/NNG+키/XSV+ETN"
          },
          {
            "id": 26,
            "text": "1 : 키키 오 9월 말에 나오넹 키키",
            "norm_text": "키키 오 9월 말에 나오넹 키키",
            "speaker": {
              "id": "1번",
              "sex": "여성",
              "age": "20대"
            },
            "speechAct": "(단언) 진술하기",
            "morpheme": "키/NNG+키/XSV+ETN+오/NR+9/SN+월/NNBC+말/NNG+에/JKB+나오/VV+넹/NNP+키키/NNP"
          },
          {
            "id": 27,
            "text": "1 : 나도 이런 장르는 좋아해! 키키",
            "norm_text": "나도 이런 장르는 좋아해! 키키",
            "speaker": {
              "id": "1번",
              "sex": "여성",
              "age": "20대"
            },
            "speechAct": "(단언) 주장하기",
            "morpheme": "나/NP+도/JX+이런/MM+장르/NNG+는/JX+좋/VA+아/EC+해/VX+EF+키/NNG+키/XSV+ETN"
          },
          {
            "id": 28,
            "text": "2 : 그치? 키키 이거랑 또 있어",
            "norm_text": "그치? 키키 이거랑 또 있어",
            "speaker": {
              "id": "2번",
              "sex": "여성",
              "age": "20대"
            },
            "speechAct": "(단언) 주장하기",
            "morpheme": "그치/IC+키/NNG+키/XSV+ETN+이거/NP+랑/JKB+또/MAG+있/VV+어/EC"
          },
          {
            "id": 29,
            "text": "2 : 네 집에 누군가 있다 이것도 영환데 이것도 기대 중 키키",
            "norm_text": "네 집에 누군가 있다 이것도 영환데 이것도 기대 중 키키",
            "speaker": {
              "id": "2번",
              "sex": "여성",
              "age": "20대"
            },
            "speechAct": "(단언) 주장하기",
            "morpheme": "네/IC+집/NNG+에/JKB+누군가/NP+VCP+EC+있/VX+다/EF+이것/NP+도/JX+영환데/NNG+VCP+EC+이것/NP+도/JX+기대/NNG+중키/NNG+키/XSV+ETN"
          },
          {
            "id": 30,
            "text": "1 : 키키 앞으로 뭐 볼 너한테 물어보면 되겠당 키키",
            "norm_text": "키키 앞으로 뭐 볼 너한테 물어보면 되겠당 키키",
            "speaker": {
              "id": "1번",
              "sex": "여성",
              "age": "20대"
            },
            "speechAct": "(단언) 주장하기",
            "morpheme": "키/NNG+키/NNG+앞/NNG+으로/JKB+뭐/IC+볼/VV+ETM+너/NP+한테/JKB+물/VV+어/EC+보/VX+면/EC+되/VV+겠/EP+당/XSN+키/NNG+키/XSV+ETN"
          },
          {
            "id": 31,
            "text": "1 : 많이 아넹",
            "norm_text": "많이 아넹",
            "speaker": {
              "id": "1번",
              "sex": "여성",
              "age": "20대"
            },
            "speechAct": "(단언) 주장하기",
            "morpheme": "많이/MAG+아/IC+넹/NNP"
          },
          {
            "id": 32,
            "text": "2 : 응응 또 디카프리오랑 제니퍼로렌스 나오는 영화도 공개 예정이더라구 키키",
            "norm_text": "응응 또 디카프리오랑 제니퍼로렌스 나오는 영화도 공개 예정이더라구 키키",
            "speaker": {
              "id": "2번",
              "sex": "여성",
              "age": "20대"
            },
            "speechAct": "(단언) 진술하기",
            "morpheme": "응/IC+응/IC+또/MAG+디카프리오/NNP+랑/JC+제니퍼/+로렌스/+나오/VV+는/ETM+영화/NNG+도/JX+공개/NNG+예정/NNG+이/VCP+더라구/EC+키/NNG+키/XSV+ETN"
          },
          {
            "id": 33,
            "text": "2 : 돈룩업 이라고 약간 지구에 관한 얘긴 거 같던데 그것도 공개되면 꼭 봐",
            "norm_text": "돈룩업 이라고 약간 지구에 관한 얘긴 거 같던데 그것도 공개되면 꼭 봐",
            "speaker": {
              "id": "2번",
              "sex": "여성",
              "age": "20대"
            },
            "speechAct": "(지시) 충고/제안하기",
            "morpheme": "돈/NNG+룩/NNG+업/NNG+이/VCP+라고/EC+약간/MAG+지구/NNG+에/JKB+관한/VV+ETM+얘긴/NNG+VCP+ETM+거/NNB+같/VA+던데/EC+그것/NP+도/JX+공개/NNG+되/XSV+면/EC+꼭/MAG+봐/VV+EC"
          }
        ]
      }
    }
  ]
}