{
  "dataset": {
    "identifier": 34893,
    "name": "KAKAO_903_12_set",
    "src_path": "/data/file/cubeManager/PROJECT001/53/txt20211005095751072951/KAKAO_903_12_set/",
    "label_path": "/data/file/cubeManager/PROJECT001/53/txt20211005095751072951/KAKAO_903_12_set/",
    "category": 2,
    "type": 0
  },
  "licenses": {
    "name": "Apache License 1.0",
    "url": "http://www.apache.org/licenses/LICENSE-1.0"
  },
  "info": [
    {
      "id": 40791,
      "filename": "KAKAO_903_12.txt",
      "title": "KAKAO_903_12",
      "mediatype": "SNS",
      "medianame": "카카오톡",
      "category": "일상대화",
      "date": "2021-10-05",
      "size": 656,
      "annotations": {
        "subject": "여행",
        "speaker_type": "1:1",
        "size": 656,
        "word_size": 211,
        "text": "1 : 엥 진짜? 난 메이플로 세계 일주 다함. 우주도 갔다 왔어.\n1 : 진짜 방학 때 맨날 틀어박혀서 메이플만 함\n2 : 몰라 하나도 못 해봤어 ㅠ\n2 : 메이플에 우주 여행도 있냐 좋은 게임이네\n1 : 와 진짜 이렇게 불쌍한 친구한테 내가 그동안 뭐 한 거람...\n2 : 그래 그러니까 잘하라고 시비 그만 털고\n1 : 아 미안하다 정말... 메이플도 안 해본 이런 친구한테...\n1 : 우리 언제 같이 여행이라도 가서 우정을 돈독히 해보자 친구야...\n2 : 여행 갈래 ㄹㅇ 몸이 근질근질 거려\n1 : 진짜 우리 고3때 같이 롯데월드 가고 어디 안 가지 않았냐 천안 좀 벗어나자\n2 : 그래 뭐가 없긴 하다\n2 : 그래도 일본은 한번 갔었는데 너도 그때 강제로 끌고서라도 가는 건데\n1 : 난 그때 돈 없어서 수항 여행도 못 가던 학생이었는데 무슨\n2 : 그때 그렇게 놀러 가고 놀러 간 적이 한번도 없어 우리 에바잖아\n1 : 그니까. 우리 이제 벌써 6년지긴데 좀 심했다\n2 : 아니 잠깐만; 아니야 우리 놀러 갔잖아 펜션;\n1 : 아 우리가 언제 이러고 따지려다 생각남 키키 심지어 재밌게 놀았어 가서\n2 : 그래 개정신없이 놀았는데 왜 잊고 있는뎈 키키\n1 : 진짜 정신 없었나 봐 키키\n1 : 아 또 독채 펜션 잡고 놀고 싶다\n2 : 그때는 이제 다 직장인이니까 여유 부릴 수 있어 풀빌라로 가자",
        "lines": [
          {
            "id": 1,
            "text": "1 : 엥 진짜? 난 메이플로 세계 일주 다함. 우주도 갔다 왔어.",
            "norm_text": "엥 진짜? 난 메이플로 세계 일주 다함. 우주도 갔다 왔어.",
            "speaker": {
              "id": "1번",
              "sex": "여성",
              "age": "20대"
            },
            "speechAct": "(단언) 진술하기",
            "morpheme": "엥/IC+진짜/MAG+난/NP+JX+메이플/NNP+로/JKB+세계/NNG+일/NR+주다/NNG+함/XSV+ETN+우주/NNG+도/JX+갔다왔/VV+EP+어/EF"
          },
          {
            "id": 2,
            "text": "1 : 진짜 방학 때 맨날 틀어박혀서 메이플만 함",
            "norm_text": "진짜 방학 때 맨날 틀어박혀서 메이플만 함",
            "speaker": {
              "id": "1번",
              "sex": "여성",
              "age": "20대"
            },
            "speechAct": "(단언) 진술하기",
            "morpheme": "진짜/MAG+방학/NNG+때/NNG+맨날/MAG+틀어박혀서/VV+EC+메이플/NNP+만/JX+함/VV+ETN"
          },
          {
            "id": 3,
            "text": "2 : 몰라 하나도 못 해봤어 ㅠ",
            "norm_text": "몰라 하나도 못 해봤어 ㅠ",
            "speaker": {
              "id": "2번",
              "sex": "여성",
              "age": "20대"
            },
            "speechAct": "(단언) 주장하기",
            "morpheme": "몰라/VV+EF+하나/NR+도/JX+못/MAG+해/VV+EC+봤/VX+EP+어ㅠ/UNKNOWN"
          },
          {
            "id": 4,
            "text": "2 : 메이플에 우주 여행도 있냐 좋은 게임이네",
            "norm_text": "메이플에 우주 여행도 있냐 좋은 게임이네",
            "speaker": {
              "id": "2번",
              "sex": "여성",
              "age": "20대"
            },
            "speechAct": "(단언) 주장하기",
            "morpheme": "메이플/NNP+에/JKB+우주여행/NNG+도/JX+있/VA+냐/EC+좋/VA+은/ETM+게임/NNG+이/VCP+네/EC"
          },
          {
            "id": 5,
            "text": "1 : 와 진짜 이렇게 불쌍한 친구한테 내가 그동안 뭐 한 거람...",
            "norm_text": "와 진짜 이렇게 불쌍한 친구한테 내가 그동안 뭐 한 거람...",
            "speaker": {
              "id": "1번",
              "sex": "여성",
              "age": "20대"
            },
            "speechAct": "(단언) 주장하기",
            "morpheme": "와/IC+진짜/MAG+이렇게/MAG+불쌍/XR+한/XSA+ETM+친구/NNG+한테/JKB+내/NP+가/JKS+그동안/NNG+뭐한/VV+ETM+거/NNB+람/VCP+EF+./SY"
          },
          {
            "id": 6,
            "text": "2 : 그래 그러니까 잘하라고 시비 그만 털고",
            "norm_text": "그래 그러니까 잘하라고 시비 그만 털고",
            "speaker": {
              "id": "2번",
              "sex": "여성",
              "age": "20대"
            },
            "speechAct": "(단언) 주장하기",
            "morpheme": "그래/IC+그러니까/MAJ+잘/MAG+하/VV+라고/EC+시비/NNG+그만/MAG+털/VV+고/EC"
          },
          {
            "id": 7,
            "text": "1 : 아 미안하다 정말... 메이플도 안 해본 이런 친구한테...",
            "norm_text": "아 미안하다 정말... 메이플도 안 해본 이런 친구한테...",
            "speaker": {
              "id": "1번",
              "sex": "여성",
              "age": "20대"
            },
            "speechAct": "(표현) 사과하기",
            "morpheme": "아/IC+미안/NNG+하/XSV+다/EC+정말/MAG+./SY+./SY+메이플/NNP+도/JX+안/MAG+해/VV+EC+본/VX+ETM+이런/MM+친구/NNG+한테/JKB+./SY"
          },
          {
            "id": 8,
            "text": "1 : 우리 언제 같이 여행이라도 가서 우정을 돈독히 해보자 친구야...",
            "norm_text": "우리 언제 같이 여행이라도 가서 우정을 돈독히 해보자 친구야...",
            "speaker": {
              "id": "1번",
              "sex": "여성",
              "age": "20대"
            },
            "speechAct": "(단언) 주장하기",
            "morpheme": "우리/NP+언제/MAG+같이/MAG+여행/NNG+이/VCP+라도/EC+가/VX+서/EC+우정/NNG+을/JKO+돈독히/MAG+해/VV+EC+보/VX+자/EC+친구/NNG+야/VCP+EF+./SY"
          },
          {
            "id": 9,
            "text": "2 : 여행 갈래 ㄹㅇ 몸이 근질근질 거려",
            "norm_text": "여행 갈래 ㄹㅇ 몸이 근질근질 거려",
            "speaker": {
              "id": "2번",
              "sex": "여성",
              "age": "20대"
            },
            "speechAct": "(단언) 주장하기",
            "morpheme": "여행/NNG+갈래/NNG+ㄹ/JKO+ㅇ/UNKNOWN+몸/NNG+이/JKS+근질근질/MAG+거려/NNG"
          },
          {
            "id": 10,
            "text": "1 : 진짜 우리 고3때 같이 롯데월드 가고 어디 안 가지 않았냐 천안 좀 벗어나자",
            "norm_text": "진짜 우리 고3때 같이 롯데월드 가고 어디 안 가지 않았냐 천안 좀 벗어나자",
            "speaker": {
              "id": "1번",
              "sex": "여성",
              "age": "20대"
            },
            "speechAct": "(단언) 주장하기",
            "morpheme": "진짜/MAG+우리/NP+고/VCP+EC+3/SN+때/NNG+같이/JKB+롯데월드/NNP+가/VV+고/EC+어디/NP+안/MAG+가/VV+지/EC+않/VX+았/EP+냐/EF+천/NR+안/MAG+좀/MAG+벗어나/VV+자/EC"
          },
          {
            "id": 11,
            "text": "2 : 그래 뭐가 없긴 하다",
            "norm_text": "그래 뭐가 없긴 하다",
            "speaker": {
              "id": "2번",
              "sex": "여성",
              "age": "20대"
            },
            "speechAct": "(단언) 주장하기",
            "morpheme": "그래/IC+뭐/NP+가/JKS+없/VA+긴/ETN+JX+하/VX+다/EC"
          },
          {
            "id": 12,
            "text": "2 : 그래도 일본은 한번 갔었는데 너도 그때 강제로 끌고서라도 가는 건데",
            "norm_text": "그래도 일본은 한번 갔었는데 너도 그때 강제로 끌고서라도 가는 건데",
            "speaker": {
              "id": "2번",
              "sex": "여성",
              "age": "20대"
            },
            "speechAct": "(단언) 주장하기",
            "morpheme": "그래도/MAJ+일본/NNP+은/JX+한/MM+번/NNBC+갔었/VV+EP+는데/EC+너/NP+도/JX+그때/NNG+강제/NNG+로/JKB+끌/VV+고서라도/EC+가/VX+는/ETM+건데/NNB+VCP+EC"
          },
          {
            "id": 13,
            "text": "1 : 난 그때 돈 없어서 수항 여행도 못 가던 학생이었는데 무슨",
            "norm_text": "난 그때 돈 없어서 수항 여행도 못 가던 학생이었는데 무슨",
            "speaker": {
              "id": "1번",
              "sex": "여성",
              "age": "20대"
            },
            "speechAct": "(단언) 진술하기",
            "morpheme": "난/NP+JX+그때/NNG+돈/NNG+없/VA+어서/EC+수항/NNG+여행/NNG+도/JX+못/MAG+가/VV+던/ETM+학생/NNG+이/VCP+었/EP+는데/EC+무슨/MM"
          },
          {
            "id": 14,
            "text": "2 : 그때 그렇게 놀러 가고 놀러 간 적이 한번도 없어 우리 에바잖아",
            "norm_text": "그때 그렇게 놀러 가고 놀러 간 적이 한번도 없어 우리 에바잖아",
            "speaker": {
              "id": "2번",
              "sex": "여성",
              "age": "20대"
            },
            "speechAct": "(단언) 진술하기",
            "morpheme": "그때/NNG+그렇게/MAG+놀/VV+러/EC+가/VX+고/EC+놀/VV+러/EC+간적/NNG+이/JKS+한/MM+번/NNBC+도/JX+없/VA+어/EC+우리/NP+에/JKB+바/NNB+잖아/VCP+EC+VX+EC"
          },
          {
            "id": 15,
            "text": "1 : 그니까. 우리 이제 벌써 6년지긴데 좀 심했다",
            "norm_text": "그니까. 우리 이제 벌써 6년지긴데 좀 심했다",
            "speaker": {
              "id": "1번",
              "sex": "여성",
              "age": "20대"
            },
            "speechAct": "(단언) 진술하기",
            "morpheme": "그니까/MAJ+우리/NP+이제/MAG+벌써/MAG+6/SN+년/NNBC+지/VCP+EF+긴데/NNBC+VCP+EC+좀/MAG+심했/VA+EP+다/EC"
          },
          {
            "id": 16,
            "text": "2 : 아니 잠깐만; 아니야 우리 놀러 갔잖아 펜션;",
            "norm_text": "아니 잠깐만; 아니야 우리 놀러 갔잖아 펜션;",
            "speaker": {
              "id": "2번",
              "sex": "여성",
              "age": "20대"
            },
            "speechAct": "(단언) 진술하기",
            "morpheme": "아니/IC+잠깐/MAG+만/JX+;/SY+아니야/IC+우리/NP+놀러갔/VV+EP+잖아/EF+펜션/NNG+;/SY"
          },
          {
            "id": 17,
            "text": "1 : 아 우리가 언제 이러고 따지려다 생각남 키키 심지어 재밌게 놀았어 가서",
            "norm_text": "아 우리가 언제 이러고 따지려다 생각남 키키 심지어 재밌게 놀았어 가서",
            "speaker": {
              "id": "1번",
              "sex": "여성",
              "age": "20대"
            },
            "speechAct": "(단언) 진술하기",
            "morpheme": "아/IC+우리/NP+가/JKS+언제/MAG+이러/VV+고/EC+따지/VV+려다/EC+생각/NNG+남/NNG+키/NNG+키/NNG+심지어/MAG+재밌/VA+게/EC+놀/VV+았/EP+어/EC+가/VX+서/EC"
          },
          {
            "id": 18,
            "text": "2 : 그래 개정신없이 놀았는데 왜 잊고 있는뎈 키키",
            "norm_text": "그래 개정신없이 놀았는데 왜 잊고 있는뎈 키키",
            "speaker": {
              "id": "2번",
              "sex": "여성",
              "age": "20대"
            },
            "speechAct": "(단언) 주장하기",
            "morpheme": "그래/IC+개/NNG+정신없이/MAG+놀/VV+았/EP+는데/EC+왜/MAG+잊/VV+고/EC+있/VX+는/ETM+뎈키/UNKNOWN+키/NNG"
          },
          {
            "id": 19,
            "text": "1 : 진짜 정신 없었나 봐 키키",
            "norm_text": "진짜 정신 없었나 봐 키키",
            "speaker": {
              "id": "1번",
              "sex": "여성",
              "age": "20대"
            },
            "speechAct": "(단언) 주장하기",
            "morpheme": "진짜/MAG+정신없/VA+었/EP+나/EC+봐/VX+EF+키/NNG+키/XSV+ETN"
          },
          {
            "id": 20,
            "text": "1 : 아 또 독채 펜션 잡고 놀고 싶다",
            "norm_text": "아 또 독채 펜션 잡고 놀고 싶다",
            "speaker": {
              "id": "1번",
              "sex": "여성",
              "age": "20대"
            },
            "speechAct": "(단언) 주장하기",
            "morpheme": "아/IC+또/MAG+독채/NNG+펜션/NNG+잡/VV+고/EC+놀/VV+고/EC+싶/VX+다/EC"
          },
          {
            "id": 21,
            "text": "2 : 그때는 이제 다 직장인이니까 여유 부릴 수 있어 풀빌라로 가자",
            "norm_text": "그때는 이제 다 직장인이니까 여유 부릴 수 있어 풀빌라로 가자",
            "speaker": {
              "id": "2번",
              "sex": "여성",
              "age": "20대"
            },
            "speechAct": "(단언) 주장하기",
            "morpheme": "그때/NNG+는/JX+이제/MAG+다/MAG+직장인/NNG+이/VCP+니까/EC+여유/NNG+부릴/VV+ETM+수/NNB+있/VV+어/EC+풀/VV+ETM+빌라/NNG+로/JKB+가/VV+자/EC"
          }
        ]
      }
    }
  ]
}