{
  "dataset": {
    "identifier": 63326,
    "name": "KAKAO_914_05_set",
    "src_path": "/data/file/cubeManager/PROJECT001/53/txt20211005161430070688/KAKAO_914_05_set/",
    "label_path": "/data/file/cubeManager/PROJECT001/53/txt20211005161430070688/KAKAO_914_05_set/",
    "category": 2,
    "type": 0
  },
  "licenses": {
    "name": "Apache License 1.0",
    "url": "http://www.apache.org/licenses/LICENSE-1.0"
  },
  "info": [
    {
      "id": 42022,
      "filename": "KAKAO_914_05.txt",
      "title": "KAKAO_914_05",
      "mediatype": "SNS",
      "medianame": "카카오톡",
      "category": "일상대화",
      "date": "2021-10-05",
      "size": 448,
      "annotations": {
        "subject": "군대",
        "speaker_type": "1:1",
        "size": 448,
        "word_size": 153,
        "text": "1 : 넷플에 디피 봤음?\n1 : 군생활 이야기라던데\n2 : 아니 키키 얘기는 많이 들었어 키키\n2 : 반응 좋던데\n1 : 아 그래? 키키 너무 실사 같아서 안 보는 중\n2 : 키키 넌 그럴 수도 있겠다\n2 : 그때 생각이 생생하게 날 거 아냐\n1 : 어 진짜 키키 그때의 악몽이 키키\n2 : 키키 군입대 하기 전인 애들도 안 보려고 하겠다\n1 : 키키 진짜 저럴까 봐 무서워 할 거 아니야\n2 : 그러니까 키키 그럼 군인들한테는 인기가 없는 거?\n1 : 키키 몰라 또 보는 사람도 있나 봄\n2 : 키키 독한 사람들이군 보기 쉽지 않을 거 같은데\n1 : 키키 그러니까 그때 생각나서 어떻게 보냐\n2 : 키키 지금도 패고 그래?\n1 : 내 들어갔을 때는 그랬는데 나올 때는 괜찮았음 키키\n2 : 키키 그래도 환경이 양호해지긴 했구나\n1 : 어 진짜 건드리면 안 될 정도로 분위기가 많이 바뀜 키키\n2 : 키키 어떤지 궁금하네 정말 키키",
        "lines": [
          {
            "id": 1,
            "text": "1 : 넷플에 디피 봤음?",
            "norm_text": "넷플에 디피 봤음?",
            "speaker": {
              "id": "1번",
              "sex": "남성",
              "age": "20대"
            },
            "speechAct": "(지시) 질문하기",
            "morpheme": "넷/NR+플/NNG+에/JKB+디피/NNG+봤/VV+EP+음/ETN"
          },
          {
            "id": 2,
            "text": "1 : 군생활 이야기라던데",
            "norm_text": "군생활 이야기라던데",
            "speaker": {
              "id": "1번",
              "sex": "남성",
              "age": "20대"
            },
            "speechAct": "(단언) 진술하기",
            "morpheme": "군/NNG+생활/NNG+이야기/NNG+라던데/VCP+EC"
          },
          {
            "id": 3,
            "text": "2 : 아니 키키 얘기는 많이 들었어 키키",
            "norm_text": "아니 키키 얘기는 많이 들었어 키키",
            "speaker": {
              "id": "2번",
              "sex": "여성",
              "age": "20대"
            },
            "speechAct": "(단언) 진술하기",
            "morpheme": "아니키/NNP+키/NNG+얘기/NNG+는/JX+많이/MAG+들/VV+었/EP+어/EC+키/NNG+키/XSV+ETN"
          },
          {
            "id": 4,
            "text": "2 : 반응 좋던데",
            "norm_text": "반응 좋던데",
            "speaker": {
              "id": "2번",
              "sex": "여성",
              "age": "20대"
            },
            "speechAct": "(단언) 진술하기",
            "morpheme": "반응/NNG+좋/VA+던데/EC"
          },
          {
            "id": 5,
            "text": "1 : 아 그래? 키키 너무 실사 같아서 안 보는 중",
            "norm_text": "아 그래? 키키 너무 실사 같아서 안 보는 중",
            "speaker": {
              "id": "1번",
              "sex": "남성",
              "age": "20대"
            },
            "speechAct": "(단언) 진술하기",
            "morpheme": "아/IC+그래/IC+키/NNG+키/NNG+너무/MAG+실사/NNG+같/VA+아서/EC+안/MAG+보/VV+는/ETM+중/NNB"
          },
          {
            "id": 6,
            "text": "2 : 키키 넌 그럴 수도 있겠다",
            "norm_text": "키키 넌 그럴 수도 있겠다",
            "speaker": {
              "id": "2번",
              "sex": "여성",
              "age": "20대"
            },
            "speechAct": "(단언) 진술하기",
            "morpheme": "키/NNG+키/XSV+ETN+넌/JX+그럴/VA+ETM+수/NNB+도/JX+있/VA+겠/EP+다/EC"
          },
          {
            "id": 7,
            "text": "2 : 그때 생각이 생생하게 날 거 아냐",
            "norm_text": "그때 생각이 생생하게 날 거 아냐",
            "speaker": {
              "id": "2번",
              "sex": "여성",
              "age": "20대"
            },
            "speechAct": "(단언) 주장하기",
            "morpheme": "그때/NNG+생각/NNG+이/JKS+생생/XR+하/XSA+게/EC+날/VV+ETM+거/NNB+아냐/VCN+EC"
          },
          {
            "id": 8,
            "text": "1 : 어 진짜 키키 그때의 악몽이 키키",
            "norm_text": "어 진짜 키키 그때의 악몽이 키키",
            "speaker": {
              "id": "1번",
              "sex": "남성",
              "age": "20대"
            },
            "speechAct": "(단언) 진술하기",
            "morpheme": "어/IC+진짜/MAG+키/NNG+키/NNG+그때/NNG+의/JKG+악몽/NNG+이/JKS+키/NNG+키/XSV+ETN"
          },
          {
            "id": 9,
            "text": "2 : 키키 군입대 하기 전인 애들도 안 보려고 하겠다",
            "norm_text": "키키 군입대 하기 전인 애들도 안 보려고 하겠다",
            "speaker": {
              "id": "2번",
              "sex": "여성",
              "age": "20대"
            },
            "speechAct": "(단언) 주장하기",
            "morpheme": "키키/NNP+군/NNB+입대/NNG+하/XSV+기/ETN+전/NNG+인/VCP+ETM+애/NNG+들/XSN+도/JX+안/MAG+보/VV+려고/EC+하/VX+겠/EP+다/EC"
          },
          {
            "id": 10,
            "text": "1 : 키키 진짜 저럴까 봐 무서워 할 거 아니야",
            "norm_text": "키키 진짜 저럴까 봐 무서워 할 거 아니야",
            "speaker": {
              "id": "1번",
              "sex": "남성",
              "age": "20대"
            },
            "speechAct": "(단언) 주장하기",
            "morpheme": "키/NNG+키/XSV+ETN+진짜/MAG+저럴까/VV+EC+봐/VX+EC+무서워할/VV+ETM+거/NNB+아니/VCN+야/EC"
          },
          {
            "id": 11,
            "text": "2 : 그러니까 키키 그럼 군인들한테는 인기가 없는 거?",
            "norm_text": "그러니까 키키 그럼 군인들한테는 인기가 없는 거?",
            "speaker": {
              "id": "2번",
              "sex": "여성",
              "age": "20대"
            },
            "speechAct": "(지시) 질문하기",
            "morpheme": "그러니까/MAJ+키/NNG+키/XSV+ETN+그럼/MAJ+군인/NNG+들/XSN+한테/JKB+는/JX+인기/NNG+가/JKS+없/VA+는/ETM+거/NNB"
          },
          {
            "id": 12,
            "text": "1 : 키키 몰라 또 보는 사람도 있나 봄",
            "norm_text": "키키 몰라 또 보는 사람도 있나 봄",
            "speaker": {
              "id": "1번",
              "sex": "남성",
              "age": "20대"
            },
            "speechAct": "(단언) 진술하기",
            "morpheme": "키/NNG+키/XSV+ETN+몰라/VV+EF+또/MAG+보/VV+는/ETM+사람/NNG+도/JX+있/VA+나/EC+봄/NNG"
          },
          {
            "id": 13,
            "text": "2 : 키키 독한 사람들이군 보기 쉽지 않을 거 같은데",
            "norm_text": "키키 독한 사람들이군 보기 쉽지 않을 거 같은데",
            "speaker": {
              "id": "2번",
              "sex": "여성",
              "age": "20대"
            },
            "speechAct": "(단언) 주장하기",
            "morpheme": "키/NNG+키/XSV+ETN+독한/VA+ETM+사람/NNG+들/XSN+이/VCP+군/EC+보/VX+기/ETN+쉽/VA+지/EC+않/VX+을/ETM+거/NNB+같/VA+은데/EC"
          },
          {
            "id": 14,
            "text": "1 : 키키 그러니까 그때 생각나서 어떻게 보냐",
            "norm_text": "키키 그러니까 그때 생각나서 어떻게 보냐",
            "speaker": {
              "id": "1번",
              "sex": "남성",
              "age": "20대"
            },
            "speechAct": "(단언) 주장하기",
            "morpheme": "키/NNG+키/XSV+ETN+그러니까/MAJ+그때/NNG+생각/NNG+나/NP+서/JKB+어떻/VA+게/EC+보/VX+냐/EC"
          },
          {
            "id": 15,
            "text": "2 : 키키 지금도 패고 그래?",
            "norm_text": "키키 지금도 패고 그래?",
            "speaker": {
              "id": "2번",
              "sex": "여성",
              "age": "20대"
            },
            "speechAct": "(지시) 질문하기",
            "morpheme": "키/NNG+키/NNG+지금/NNG+도/JX+패/VV+고/EC+그래/VV+EF"
          },
          {
            "id": 16,
            "text": "1 : 내 들어갔을 때는 그랬는데 나올 때는 괜찮았음 키키",
            "norm_text": "내 들어갔을 때는 그랬는데 나올 때는 괜찮았음 키키",
            "speaker": {
              "id": "1번",
              "sex": "남성",
              "age": "20대"
            },
            "speechAct": "(단언) 진술하기",
            "morpheme": "내/NP+들어갔/VV+EP+을/ETM+때/NNG+는/JX+그랬/VV+EP+는데/EC+나올/VV+ETM+때/NNG+는/JX+괜찮/VA+았/EP+음/ETN+키/NNG+키/XSV+ETN"
          },
          {
            "id": 17,
            "text": "2 : 키키 그래도 환경이 양호해지긴 했구나",
            "norm_text": "키키 그래도 환경이 양호해지긴 했구나",
            "speaker": {
              "id": "2번",
              "sex": "여성",
              "age": "20대"
            },
            "speechAct": "(단언) 진술하기",
            "morpheme": "키/NNG+키/XSV+ETN+그래도/MAJ+환경/NNG+이/JKS+양호/NNG+해/XSV+EC+지/VX+긴/ETN+JX+했/VX+EP+구나/EC"
          },
          {
            "id": 18,
            "text": "1 : 어 진짜 건드리면 안 될 정도로 분위기가 많이 바뀜 키키",
            "norm_text": "어 진짜 건드리면 안 될 정도로 분위기가 많이 바뀜 키키",
            "speaker": {
              "id": "1번",
              "sex": "남성",
              "age": "20대"
            },
            "speechAct": "(단언) 진술하기",
            "morpheme": "어/IC+진짜/MAG+건드리/VV+면/EC+안/MAG+될/VV+ETM+정도/NNG+로/JKB+분위기/NNG+가/JKS+많이/MAG+바뀜/VV+ETN+키/NNG+키/XSV+ETN"
          },
          {
            "id": 19,
            "text": "2 : 키키 어떤지 궁금하네 정말 키키",
            "norm_text": "키키 어떤지 궁금하네 정말 키키",
            "speaker": {
              "id": "2번",
              "sex": "여성",
              "age": "20대"
            },
            "speechAct": "(단언) 주장하기",
            "morpheme": "키/NNG+키/XSV+ETN+어떤지/VA+EC+궁금/XR+하/XSA+네/EF+정말/MAG+키/NNG+키/XSV+ETN"
          }
        ]
      }
    }
  ]
}