{
  "dataset": {
    "identifier": 63644,
    "name": "KAKAO_907_12_set",
    "src_path": "/data/file/cubeManager/PROJECT001/53/txt20211005154856073652/KAKAO_907_12_set/",
    "label_path": "/data/file/cubeManager/PROJECT001/53/txt20211005154856073652/KAKAO_907_12_set/",
    "category": 2,
    "type": 0
  },
  "licenses": {
    "name": "Apache License 1.0",
    "url": "http://www.apache.org/licenses/LICENSE-1.0"
  },
  "info": [
    {
      "id": 41729,
      "filename": "KAKAO_907_12.txt",
      "title": "KAKAO_907_12",
      "mediatype": "SNS",
      "medianame": "카카오톡",
      "category": "일상대화",
      "date": "2021-10-05",
      "size": 526,
      "annotations": {
        "subject": "여행",
        "speaker_type": "1:1",
        "size": 526,
        "word_size": 172,
        "text": "1 : 나 당일치기로 어디라도 좀 다녀올까?\n2 : 갑자기? 왜? 혹시 뭐 고민거리 있음?\n1 : 그냥 매일 카페 가고 밥 먹고의 반복에 지쳤달까...\n2 : 그렇긴 해 뭐 코로나 때문에 다양한 거 하지도 못하니까...\n1 : 응응 ㅜㅜ 나가서 뭐라도 하고 싶다!\n1 : 기차 여행이나 버스 타고 가는 여행이라도...\n2 : 혹시 경주 어떻냐 당일치기로 딱인디?\n1 : 오 경주 좋지. 또 그런 곳 가을에 가야 존예임\n2 : 인정 단풍 길에서 인생샷 백 장 건지기 가능\n1 : 경주 좀 괜찮네?\n1 : 바로 버스 표 알아볼까\n2 : 얼마 안 할걸?\n2 : 나 저번에 갈 때 7천 원인가...? 낸 거 같은데\n1 : 만원도 안 하네?\n1 : 와 근데 그 정도면 요즘 커피 한 잔 값이니까 충분히 가능한데\n2 : 응응 당연하지 한 번씩 그런 곳에서 머리도 식히는 것도 좋은 듯\n1 : 인정 많이 추워지기 전에 다녀와야겠다\n2 : 트렌치 코트 입고 후다닥 다녀와 존예 일 듯\n1 : 아 맞네 자칫하다간 타이밍 놓치겠구만! 키키\n2 : 한눈 팔면 바로 롱패딩의 계절이 오고 만다고!",
        "lines": [
          {
            "id": 1,
            "text": "1 : 나 당일치기로 어디라도 좀 다녀올까?",
            "norm_text": "나 당일치기로 어디라도 좀 다녀올까?",
            "speaker": {
              "id": "1번",
              "sex": "여성",
              "age": "20대"
            },
            "speechAct": "(단언) 주장하기",
            "morpheme": "나/NP+당일치기/NNG+로/JKB+어디/NP+라도/VCP+EC+좀/MAG+다녀/VV+EC+올까/VX+EF"
          },
          {
            "id": 2,
            "text": "2 : 갑자기? 왜? 혹시 뭐 고민거리 있음?",
            "norm_text": "갑자기? 왜? 혹시 뭐 고민거리 있음?",
            "speaker": {
              "id": "2번",
              "sex": "여성",
              "age": "20대"
            },
            "speechAct": "(단언) 주장하기",
            "morpheme": "갑자기/MAG+왜/MAG+혹시/MAG+뭐/IC+고민거리/NNG+있/VV+음/ETN"
          },
          {
            "id": 3,
            "text": "1 : 그냥 매일 카페 가고 밥 먹고의 반복에 지쳤달까...",
            "norm_text": "그냥 매일 카페 가고 밥 먹고의 반복에 지쳤달까...",
            "speaker": {
              "id": "1번",
              "sex": "여성",
              "age": "20대"
            },
            "speechAct": "(단언) 주장하기",
            "morpheme": "그냥/MAG+매일/MAG+카페/NNG+가/VV+고/EC+밥/NNG+먹/VV+고/EC+의/JKG+반복/NNG+에/JKB+지쳤/VV+EP+달까/EF+./SY"
          },
          {
            "id": 4,
            "text": "2 : 그렇긴 해 뭐 코로나 때문에 다양한 거 하지도 못하니까...",
            "norm_text": "그렇긴 해 뭐 코로나 때문에 다양한 거 하지도 못하니까...",
            "speaker": {
              "id": "2번",
              "sex": "여성",
              "age": "20대"
            },
            "speechAct": "(단언) 주장하기",
            "morpheme": "그렇/VA+긴/ETN+JX+해/VX+EF+뭐/IC+코로나/NNG+때문/NNB+에/JKB+다양/XR+한/XSA+ETM+거/NNB+하/VV+지/EC+도/JX+못하/VX+니까/EC+./SY+./SY"
          },
          {
            "id": 5,
            "text": "1 : 응응 ㅜㅜ 나가서 뭐라도 하고 싶다!",
            "norm_text": "응응 ㅜㅜ 나가서 뭐라도 하고 싶다!",
            "speaker": {
              "id": "1번",
              "sex": "여성",
              "age": "20대"
            },
            "speechAct": "(단언) 주장하기",
            "morpheme": "응/IC+응/IC+ㅜㅜ/UNKNOWN+나가/VV+서/EC+뭐/NP+라도/VCP+EC+하/VV+고/EC+싶/VX+다/EF"
          },
          {
            "id": 6,
            "text": "1 : 기차 여행이나 버스 타고 가는 여행이라도...",
            "norm_text": "기차 여행이나 버스 타고 가는 여행이라도...",
            "speaker": {
              "id": "1번",
              "sex": "여성",
              "age": "20대"
            },
            "speechAct": "(단언) 주장하기",
            "morpheme": "기차/NNG+여행/NNG+이나/JC+버스/NNG+타/VV+고/EC+가/VX+는/ETM+여행/NNG+이/VCP+라도/EF+./SY"
          },
          {
            "id": 7,
            "text": "2 : 혹시 경주 어떻냐 당일치기로 딱인디?",
            "norm_text": "혹시 경주 어떻냐 당일치기로 딱인디?",
            "speaker": {
              "id": "2번",
              "sex": "여성",
              "age": "20대"
            },
            "speechAct": "(지시) 질문하기",
            "morpheme": "혹시/MAG+경주/NNP+어떻/VA+냐/EC+당일치기/NNG+로/JKB+딱/MAG+인디/NP+VCP+EC"
          },
          {
            "id": 8,
            "text": "1 : 오 경주 좋지. 또 그런 곳 가을에 가야 존예임",
            "norm_text": "오 경주 좋지. 또 그런 곳 가을에 가야 존예임",
            "speaker": {
              "id": "1번",
              "sex": "여성",
              "age": "20대"
            },
            "speechAct": "(단언) 주장하기",
            "morpheme": "오경주/NNP+좋/VA+지/EF+또/MAG+그런/MM+곳/NNG+가을/NNG+에/JKB+가/VV+야/EC+존/NNP+예/NNG+임/VCP+ETN"
          },
          {
            "id": 9,
            "text": "2 : 인정 단풍 길에서 인생샷 백 장 건지기 가능",
            "norm_text": "인정 단풍 길에서 인생샷 백 장 건지기 가능",
            "speaker": {
              "id": "2번",
              "sex": "여성",
              "age": "20대"
            },
            "speechAct": "(단언) 주장하기",
            "morpheme": "인정/NNG+단풍/NNG+길/NNG+에서/JKB+인생/NNG+샷/NNG+백/NR+장/NNBC+건지/VV+기/ETN+가능/NNG"
          },
          {
            "id": 10,
            "text": "1 : 경주 좀 괜찮네?",
            "norm_text": "경주 좀 괜찮네?",
            "speaker": {
              "id": "1번",
              "sex": "여성",
              "age": "20대"
            },
            "speechAct": "(단언) 주장하기",
            "morpheme": "경주/NNP+좀/MAG+괜찮/VA+네/EF"
          },
          {
            "id": 11,
            "text": "1 : 바로 버스 표 알아볼까",
            "norm_text": "바로 버스 표 알아볼까",
            "speaker": {
              "id": "1번",
              "sex": "여성",
              "age": "20대"
            },
            "speechAct": "(단언) 주장하기",
            "morpheme": "바로/MAG+버스표/NNG+알아볼까/VV+EC"
          },
          {
            "id": 12,
            "text": "2 : 얼마 안 할걸?",
            "norm_text": "얼마 안 할걸?",
            "speaker": {
              "id": "2번",
              "sex": "여성",
              "age": "20대"
            },
            "speechAct": "(단언) 주장하기",
            "morpheme": "얼마/NNG+안/MAG+할걸/VV+EF"
          },
          {
            "id": 13,
            "text": "2 : 나 저번에 갈 때 7천 원인가...? 낸 거 같은데",
            "norm_text": "나 저번에 갈 때 7천 원인가...? 낸 거 같은데",
            "speaker": {
              "id": "2번",
              "sex": "여성",
              "age": "20대"
            },
            "speechAct": "(단언) 주장하기",
            "morpheme": "나/NP+저번/NNG+에/JKB+갈/VV+ETM+때/NNG+7/SN+천/NR+원/NNBC+인가/VCP+EF+./SY+./SY+낸/VV+ETM+거/NNB+같/VA+은데/EC"
          },
          {
            "id": 14,
            "text": "1 : 만원도 안 하네?",
            "norm_text": "만원도 안 하네?",
            "speaker": {
              "id": "1번",
              "sex": "여성",
              "age": "20대"
            },
            "speechAct": "(단언) 주장하기",
            "morpheme": "만/NR+원/NNBC+도/JX+안/MAG+하/VV+네/EF"
          },
          {
            "id": 15,
            "text": "1 : 와 근데 그 정도면 요즘 커피 한 잔 값이니까 충분히 가능한데",
            "norm_text": "와 근데 그 정도면 요즘 커피 한 잔 값이니까 충분히 가능한데",
            "speaker": {
              "id": "1번",
              "sex": "여성",
              "age": "20대"
            },
            "speechAct": "(단언) 주장하기",
            "morpheme": "와/IC+근데/MAJ+그/MM+정도/NNG+면/VCP+EC+요즘/NNG+커피/NNG+한잔/NNG+값/NNG+이/VCP+니까/EC+충분히/MAG+가능/NNG+한데/XSA+EC"
          },
          {
            "id": 16,
            "text": "2 : 응응 당연하지 한 번씩 그런 곳에서 머리도 식히는 것도 좋은 듯",
            "norm_text": "응응 당연하지 한 번씩 그런 곳에서 머리도 식히는 것도 좋은 듯",
            "speaker": {
              "id": "2번",
              "sex": "여성",
              "age": "20대"
            },
            "speechAct": "(단언) 주장하기",
            "morpheme": "응/IC+응/IC+당연/XR+하/XSA+지/EC+한/MM+번/NNBC+씩/XSN+그런/MM+곳/NNG+에서/JKB+머리/NNG+도/JX+식히/VV+는/ETM+것/NNB+도/JX+좋/VA+은/ETM+듯/NNB"
          },
          {
            "id": 17,
            "text": "1 : 인정 많이 추워지기 전에 다녀와야겠다",
            "norm_text": "인정 많이 추워지기 전에 다녀와야겠다",
            "speaker": {
              "id": "1번",
              "sex": "여성",
              "age": "20대"
            },
            "speechAct": "(단언) 주장하기",
            "morpheme": "인정/NNG+많이/MAG+추워/VA+EC+지/VX+기/ETN+전/NNG+에/JKB+다녀와야/VV+EC+VX+겠/EP+다/EC"
          },
          {
            "id": 18,
            "text": "2 : 트렌치 코트 입고 후다닥 다녀와 존예 일 듯",
            "norm_text": "트렌치 코트 입고 후다닥 다녀와 존예 일 듯",
            "speaker": {
              "id": "2번",
              "sex": "여성",
              "age": "20대"
            },
            "speechAct": "(단언) 주장하기",
            "morpheme": "트렌치코트/NNG+입/VV+고/EC+후다닥/MAG+다녀와/VV+EC+존/NNP+예일/NNP+듯/NNB"
          },
          {
            "id": 19,
            "text": "1 : 아 맞네 자칫하다간 타이밍 놓치겠구만! 키키",
            "norm_text": "아 맞네 자칫하다간 타이밍 놓치겠구만! 키키",
            "speaker": {
              "id": "1번",
              "sex": "여성",
              "age": "20대"
            },
            "speechAct": "(단언) 주장하기",
            "morpheme": "아/IC+맞/VV+네/EF+자칫/MAG+하/XSA+다간/EC+JX+타이밍/NNG+놓치/VV+겠/EP+구만/EF+키/NNG+키/XSV+ETN"
          },
          {
            "id": 20,
            "text": "2 : 한눈 팔면 바로 롱패딩의 계절이 오고 만다고!",
            "norm_text": "한눈 팔면 바로 롱패딩의 계절이 오고 만다고!",
            "speaker": {
              "id": "2번",
              "sex": "여성",
              "age": "20대"
            },
            "speechAct": "(단언) 주장하기",
            "morpheme": "한눈팔/VV+면/EC+바로/MAG+롱/NNG+패딩/NNG+의/JKG+계절/NNG+이/JKS+오/VV+고/EC+만다고/VX+EC"
          }
        ]
      }
    }
  ]
}