{
  "dataset": {
    "identifier": 69185,
    "name": "KAKAO_915_04_set",
    "src_path": "/data/file/cubeManager/PROJECT001/53/txt20211005155756056416/KAKAO_915_04_set/",
    "label_path": "/data/file/cubeManager/PROJECT001/53/txt20211005155756056416/KAKAO_915_04_set/",
    "category": 2,
    "type": 0
  },
  "licenses": {
    "name": "Apache License 1.0",
    "url": "http://www.apache.org/licenses/LICENSE-1.0"
  },
  "info": [
    {
      "id": 41841,
      "filename": "KAKAO_915_04.txt",
      "title": "KAKAO_915_04",
      "mediatype": "SNS",
      "medianame": "카카오톡",
      "category": "일상대화",
      "date": "2021-10-05",
      "size": 443,
      "annotations": {
        "subject": "회사/아르바이트",
        "speaker_type": "1:1",
        "size": 443,
        "word_size": 153,
        "text": "1 : 오빠야는 회식에서 분위기 메이커 할 사람인가? 키키\n2 : 나는 조용하진 않은 것 같애\n1 : 키키 그럴 것 같다 키키 잘 놀 것 같음 키키\n2 : 니가 더 분위기 메이커 같은데 키키\n1 : 휴 난 작살나지 키키 난리 나죠 키키\n2 : 키키 엄청나네 키키 한번 같이 해보고 싶노\n1 : 키키 송년회 오라니까요? 키키\n1 : 주루마블 준비되어 있습니당 키키\n2 : 아 근데 그 송년회는 왠지 살아서 나올 수 없을 것 같다\n1 : 키키 맞아 한 명씩 언니 방으로 들어갈 거야 키키\n2 : 키키 대단하네 우리 집에서 하는 거였나?\n1 : 키키 원래 큰 집에서 하는 거야 키키\n2 : 아 키키 멋지네 키키 누구누구 오는 건데 키키\n1 : 그냥 주변에 시간 되는 사람 전부 다 키키\n2 : 키키 오... 그 사람이 누구누구 있으려나\n1 : 키키 아무도 안 오는 거 아니야? 키키\n2 : 키키 니 무서워서 아무도 안 올 수도",
        "lines": [
          {
            "id": 1,
            "text": "1 : 오빠야는 회식에서 분위기 메이커 할 사람인가? 키키",
            "norm_text": "오빠야는 회식에서 분위기 메이커 할 사람인가? 키키",
            "speaker": {
              "id": "1번",
              "sex": "여성",
              "age": "20대"
            },
            "speechAct": "(지시) 질문하기",
            "morpheme": "오빠/NNG+야/VCP+EF+는/JX+회식/NNG+에서/JKB+분위기/NNG+메이커/NNG+할/XSV+ETM+사람/NNG+인가/VCP+EF+키/NNG+키/XSV+ETN"
          },
          {
            "id": 2,
            "text": "2 : 나는 조용하진 않은 것 같애",
            "norm_text": "나는 조용하진 않은 것 같애",
            "speaker": {
              "id": "2번",
              "sex": "남성",
              "age": "20대"
            },
            "speechAct": "(단언) 주장하기",
            "morpheme": "나/NP+는/JX+조용/XR+하/XSA+진/EC+JX+않/VX+은/ETM+것/NNB+같/VA+애/EC"
          },
          {
            "id": 3,
            "text": "1 : 키키 그럴 것 같다 키키 잘 놀 것 같음 키키",
            "norm_text": "키키 그럴 것 같다 키키 잘 놀 것 같음 키키",
            "speaker": {
              "id": "1번",
              "sex": "여성",
              "age": "20대"
            },
            "speechAct": "(단언) 주장하기",
            "morpheme": "키/NNG+키/XSV+ETN+그럴/VV+ETM+것/NNB+같/VA+다키키/NNP+잘/MAG+놀/VV+ETM+것/NNB+같/VA+음/ETN+키/NNG+키/XSV+ETN"
          },
          {
            "id": 4,
            "text": "2 : 니가 더 분위기 메이커 같은데 키키",
            "norm_text": "니가 더 분위기 메이커 같은데 키키",
            "speaker": {
              "id": "2번",
              "sex": "남성",
              "age": "20대"
            },
            "speechAct": "(단언) 주장하기",
            "morpheme": "니/NP+가/JKS+더/MAG+분위기/NNG+메이커/NNG+같/VA+은데/EC+키/NNG+키/XSV+ETN"
          },
          {
            "id": 5,
            "text": "1 : 휴 난 작살나지 키키 난리 나죠 키키",
            "norm_text": "휴 난 작살나지 키키 난리 나죠 키키",
            "speaker": {
              "id": "1번",
              "sex": "여성",
              "age": "20대"
            },
            "speechAct": "(단언) 주장하기",
            "morpheme": "휴/IC+난/NP+JX+작살나/VV+지/EC+키/NNG+키/XSV+ETN+난리나/VV+죠/EF+키/NNG+키/XSV+ETN"
          },
          {
            "id": 6,
            "text": "2 : 키키 엄청나네 키키 한번 같이 해보고 싶노",
            "norm_text": "키키 엄청나네 키키 한번 같이 해보고 싶노",
            "speaker": {
              "id": "2번",
              "sex": "남성",
              "age": "20대"
            },
            "speechAct": "(단언) 주장하기",
            "morpheme": "키/NNG+키/XSV+ETN+엄청나/VA+네/EF+키/NNG+키/XSV+ETN+한/MM+번/NNBC+같이/MAG+해/VV+EC+보/VX+고/EC+싶/VX+노/EC"
          },
          {
            "id": 7,
            "text": "1 : 키키 송년회 오라니까요? 키키",
            "norm_text": "키키 송년회 오라니까요? 키키",
            "speaker": {
              "id": "1번",
              "sex": "여성",
              "age": "20대"
            },
            "speechAct": "(지시) 질문하기",
            "morpheme": "키/NNG+키/NNG+송년회/NNG+오/VV+라니까요/EF+키/NNG+키/XSV+ETN"
          },
          {
            "id": 8,
            "text": "1 : 주루마블 준비되어 있습니당 키키",
            "norm_text": "주루마블 준비되어 있습니당 키키",
            "speaker": {
              "id": "1번",
              "sex": "여성",
              "age": "20대"
            },
            "speechAct": "(단언) 주장하기",
            "morpheme": "주루/NNG+마블/NNG+준비/NNG+되/XSV+어/EC+있/VX+습니당/EF+키/NNG+키/XSV+ETN"
          },
          {
            "id": 9,
            "text": "2 : 아 근데 그 송년회는 왠지 살아서 나올 수 없을 것 같다",
            "norm_text": "아 근데 그 송년회는 왠지 살아서 나올 수 없을 것 같다",
            "speaker": {
              "id": "2번",
              "sex": "남성",
              "age": "20대"
            },
            "speechAct": "(단언) 주장하기",
            "morpheme": "아/IC+근데/MAJ+그/MM+송년회/NNG+는/JX+왠지/MAG+살/VV+아서/EC+나올/VV+ETM+수/NNB+없/VA+을/ETM+것/NNB+같/VA+다/EC"
          },
          {
            "id": 10,
            "text": "1 : 키키 맞아 한 명씩 언니 방으로 들어갈 거야 키키",
            "norm_text": "키키 맞아 한 명씩 언니 방으로 들어갈 거야 키키",
            "speaker": {
              "id": "1번",
              "sex": "여성",
              "age": "20대"
            },
            "speechAct": "(단언) 주장하기",
            "morpheme": "키/NNG+키/XSV+ETN+맞/VV+아/EC+한/MM+명/NNBC+씩/XSN+언니/NNG+방/NNG+으로/JKB+들어갈/VV+ETM+거/NNB+야/VCP+EF+키/NNG+키/XSV+ETN"
          },
          {
            "id": 11,
            "text": "2 : 키키 대단하네 우리 집에서 하는 거였나?",
            "norm_text": "키키 대단하네 우리 집에서 하는 거였나?",
            "speaker": {
              "id": "2번",
              "sex": "남성",
              "age": "20대"
            },
            "speechAct": "(지시) 질문하기",
            "morpheme": "키/NNG+키/XSV+ETN+대단/XR+하/XSA+네/EF+우리/NP+집/NNG+에서/JKB+하/VV+는/ETM+거/NNB+였/VCP+EP+나/EF"
          },
          {
            "id": 12,
            "text": "1 : 키키 원래 큰 집에서 하는 거야 키키",
            "norm_text": "키키 원래 큰 집에서 하는 거야 키키",
            "speaker": {
              "id": "1번",
              "sex": "여성",
              "age": "20대"
            },
            "speechAct": "(단언) 주장하기",
            "morpheme": "키/NNG+키/XSV+ETN+원래/MAG+큰/VA+ETM+집/NNG+에서/JKB+하/VV+는/ETM+거/NNB+야/VCP+EF+키/NNG+키/XSV+ETN"
          },
          {
            "id": 13,
            "text": "2 : 아 키키 멋지네 키키 누구누구 오는 건데 키키",
            "norm_text": "아 키키 멋지네 키키 누구누구 오는 건데 키키",
            "speaker": {
              "id": "2번",
              "sex": "남성",
              "age": "20대"
            },
            "speechAct": "(단언) 주장하기",
            "morpheme": "아키/NNP+키/NNG+멋지/VA+네/EF+키/NNG+키/XSV+ETN+누구/NP+누구/NP+오/VV+는/ETM+건데/NNB+VCP+EC+키/NNG+키/XSV+ETN"
          },
          {
            "id": 14,
            "text": "1 : 그냥 주변에 시간 되는 사람 전부 다 키키",
            "norm_text": "그냥 주변에 시간 되는 사람 전부 다 키키",
            "speaker": {
              "id": "1번",
              "sex": "여성",
              "age": "20대"
            },
            "speechAct": "(단언) 주장하기",
            "morpheme": "그냥/MAG+주변/NNG+에/JKB+시간/NNG+되/XSV+는/ETM+사람/NNG+전부/NNG+다키키/NNP"
          },
          {
            "id": 15,
            "text": "2 : 키키 오... 그 사람이 누구누구 있으려나",
            "norm_text": "키키 오... 그 사람이 누구누구 있으려나",
            "speaker": {
              "id": "2번",
              "sex": "남성",
              "age": "20대"
            },
            "speechAct": "(단언) 주장하기",
            "morpheme": "키/NNG+키/VV+오/EF+./SY+그/MM+사람/NNG+이/JKS+누구/NP+누구/NP+있/VA+으려나/EC"
          },
          {
            "id": 16,
            "text": "1 : 키키 아무도 안 오는 거 아니야? 키키",
            "norm_text": "키키 아무도 안 오는 거 아니야? 키키",
            "speaker": {
              "id": "1번",
              "sex": "여성",
              "age": "20대"
            },
            "speechAct": "(지시) 질문하기",
            "morpheme": "키/NNG+키/XSV+ETN+아무/NP+도/JX+안/MAG+오/VV+는/ETM+거/NNB+아니/VCN+야/EF+키/NNG+키/XSV+ETN"
          },
          {
            "id": 17,
            "text": "2 : 키키 니 무서워서 아무도 안 올 수도",
            "norm_text": "키키 니 무서워서 아무도 안 올 수도",
            "speaker": {
              "id": "2번",
              "sex": "남성",
              "age": "20대"
            },
            "speechAct": "(단언) 주장하기",
            "morpheme": "키/NNG+키/VV+니/EC+무서워서/VA+EC+아무/NP+도/JX+안/MAG+올/VV+ETM+수/NNB+도/JX"
          }
        ]
      }
    }
  ]
}