{
  "dataset": {
    "identifier": 63178,
    "name": "KAKAO_917_10_set",
    "src_path": "/data/file/cubeManager/PROJECT001/53/txt20211005154939019614/KAKAO_917_10_set/",
    "label_path": "/data/file/cubeManager/PROJECT001/53/txt20211005154939019614/KAKAO_917_10_set/",
    "category": 2,
    "type": 0
  },
  "licenses": {
    "name": "Apache License 1.0",
    "url": "http://www.apache.org/licenses/LICENSE-1.0"
  },
  "info": [
    {
      "id": 41767,
      "filename": "KAKAO_917_10.txt",
      "title": "KAKAO_917_10",
      "mediatype": "SNS",
      "medianame": "카카오톡",
      "category": "일상대화",
      "date": "2021-10-05",
      "size": 441,
      "annotations": {
        "subject": "스포츠/레저",
        "speaker_type": "1:1",
        "size": 441,
        "word_size": 143,
        "text": "1 : 일하면서 운동하는 건 힘들제?\n2 : 어 ㅜ 나는 못하겠더라\n1 : 그래도 운동 조금이라도 해야 하지 않나 ㅠㅠ\n2 : 퇴근하고 너무 피곤해서 집 와서 뻗는다 ㅠ\n1 : 일하는 게 너무 힘든 거야?\n2 : 몸으로 일하는 거니깐 아무래도 그렇지 않겠나 ㅜ\n1 : 운동 안 해도 알아서 운동이 되겠네 ㅠㅠ\n2 : 글치 ㅠ 초반에는 했는데 못하겠다 이제 ㅠㅠ\n1 : 일 끝나고 할 거 없을 때 운동해야겠네 ㅠㅠ\n2 : 그래야지 ㅠㅠ 주말에 할려고 해도 일요일에 헬스장 문 안 열더라\n1 : 24시 연중무휴인 헬스장은 없나?\n2 : 근처에는 없다 ㅠ 그래서 더 못하지\n1 : 아 그렇겠네 ㅠㅠ 주말에 산책이라도 나가면 안 되나?\n2 : 그러고 싶은데 왜 이리 귀찮노 키키\n1 : 키키 쉬는 게 제일 좋긴 한데 한 살이라도 젊을 때 운동해두면 좋잖아\n2 : 맞다 ㅠㅠ 다음 주부터 그래야겠다 이번 주는 추석이라서 키키",
        "lines": [
          {
            "id": 1,
            "text": "1 : 일하면서 운동하는 건 힘들제?",
            "norm_text": "일하면서 운동하는 건 힘들제?",
            "speaker": {
              "id": "1번",
              "sex": "여성",
              "age": "20대"
            },
            "speechAct": "(지시) 질문하기",
            "morpheme": "일/NNG+하/XSV+면서/EC+운동/NNG+하/XSV+는/ETM+건/NNB+JX+힘들/VA+제/EF"
          },
          {
            "id": 2,
            "text": "2 : 어 ㅜ 나는 못하겠더라",
            "norm_text": "어 ㅜ 나는 못하겠더라",
            "speaker": {
              "id": "2번",
              "sex": "남성",
              "age": "30대"
            },
            "speechAct": "(단언) 주장하기",
            "morpheme": "어ㅜ/UNKNOWN+나/NP+는/JX+못하/VX+겠/EP+더라/EC"
          },
          {
            "id": 3,
            "text": "1 : 그래도 운동 조금이라도 해야 하지 않나 ㅠㅠ",
            "norm_text": "그래도 운동 조금이라도 해야 하지 않나 ㅠㅠ",
            "speaker": {
              "id": "1번",
              "sex": "여성",
              "age": "20대"
            },
            "speechAct": "(지시) 충고/제안하기",
            "morpheme": "그래도/MAJ+운동/NNG+조금/NNG+이/VCP+라도/EC+해야/VV+EC+하/VV+지/EC+않/VX+나/EC+ㅠㅠ/UNKNOWN"
          },
          {
            "id": 4,
            "text": "2 : 퇴근하고 너무 피곤해서 집 와서 뻗는다 ㅠ",
            "norm_text": "퇴근하고 너무 피곤해서 집 와서 뻗는다 ㅠ",
            "speaker": {
              "id": "2번",
              "sex": "남성",
              "age": "30대"
            },
            "speechAct": "(단언) 주장하기",
            "morpheme": "퇴근/NNG+하/XSV+고/EC+너무/MAG+피곤/NNG+해서/XSV+EC+집/NNG+와서/VV+EC+뻗/VV+는/ETM+다ㅠ/UNKNOWN"
          },
          {
            "id": 5,
            "text": "1 : 일하는 게 너무 힘든 거야?",
            "norm_text": "일하는 게 너무 힘든 거야?",
            "speaker": {
              "id": "1번",
              "sex": "여성",
              "age": "20대"
            },
            "speechAct": "(지시) 질문하기",
            "morpheme": "일/NNG+하/XSV+는/ETM+게/NNB+JKS+너무/MAG+힘든/VA+ETM+거/NNB+야/VCP+EF"
          },
          {
            "id": 6,
            "text": "2 : 몸으로 일하는 거니깐 아무래도 그렇지 않겠나 ㅜ",
            "norm_text": "몸으로 일하는 거니깐 아무래도 그렇지 않겠나 ㅜ",
            "speaker": {
              "id": "2번",
              "sex": "남성",
              "age": "30대"
            },
            "speechAct": "(단언) 주장하기",
            "morpheme": "몸/NNG+으로/JKB+일/NNG+하/XSV+는/ETM+거/NNB+니깐/VCP+EC+아무래도/MAG+그렇/VA+지/EC+않/VX+겠/EP+나ㅜ/UNKNOWN"
          },
          {
            "id": 7,
            "text": "1 : 운동 안 해도 알아서 운동이 되겠네 ㅠㅠ",
            "norm_text": "운동 안 해도 알아서 운동이 되겠네 ㅠㅠ",
            "speaker": {
              "id": "1번",
              "sex": "여성",
              "age": "20대"
            },
            "speechAct": "(단언) 주장하기",
            "morpheme": "운동/NNG+안/MAG+해도/VV+EC+알/VV+아서/EC+운동/NNG+이/JKS+되/VV+겠/EP+네/EF+ㅠㅠ/UNKNOWN"
          },
          {
            "id": 8,
            "text": "2 : 글치 ㅠ 초반에는 했는데 못하겠다 이제 ㅠㅠ",
            "norm_text": "글치 ㅠ 초반에는 했는데 못하겠다 이제 ㅠㅠ",
            "speaker": {
              "id": "2번",
              "sex": "남성",
              "age": "30대"
            },
            "speechAct": "(단언) 주장하기",
            "morpheme": "글/NNG+치ㅠ/UNKNOWN+초반/NNG+에/JKB+는/JX+했/VV+EP+는데/EC+못하/VX+겠/EP+다/EF+이제/MAG+ㅠㅠ/UNKNOWN"
          },
          {
            "id": 9,
            "text": "1 : 일 끝나고 할 거 없을 때 운동해야겠네 ㅠㅠ",
            "norm_text": "일 끝나고 할 거 없을 때 운동해야겠네 ㅠㅠ",
            "speaker": {
              "id": "1번",
              "sex": "여성",
              "age": "20대"
            },
            "speechAct": "(단언) 주장하기",
            "morpheme": "일/NR+끝/NNG+나/VV+고/EC+할/VX+ETM+거/NNB+없/VA+을/ETM+때/NNG+운동/NNG+해야/XSV+EC+VX+겠/EP+네/EF+ㅠㅠ/UNKNOWN"
          },
          {
            "id": 10,
            "text": "2 : 그래야지 ㅠㅠ 주말에 할려고 해도 일요일에 헬스장 문 안 열더라",
            "norm_text": "그래야지 ㅠㅠ 주말에 할려고 해도 일요일에 헬스장 문 안 열더라",
            "speaker": {
              "id": "2번",
              "sex": "남성",
              "age": "30대"
            },
            "speechAct": "(단언) 진술하기",
            "morpheme": "그래야지/VV+EC+ㅠㅠ/UNKNOWN+주말/NNG+에/JKB+할려고/VV+EC+해도/VV+EC+일요일/NNG+에/JKB+헬스/NNG+장문/NNG+안/MAG+열/VV+더라/EC"
          },
          {
            "id": 11,
            "text": "1 : 24시 연중무휴인 헬스장은 없나?",
            "norm_text": "24시 연중무휴인 헬스장은 없나?",
            "speaker": {
              "id": "1번",
              "sex": "여성",
              "age": "20대"
            },
            "speechAct": "(지시) 질문하기",
            "morpheme": "24/SN+시/NNBC+연중무휴/NNG+인/VCP+ETM+헬스/NNG+장/NNG+은/JX+없/VA+나/EF"
          },
          {
            "id": 12,
            "text": "2 : 근처에는 없다 ㅠ 그래서 더 못하지",
            "norm_text": "근처에는 없다 ㅠ 그래서 더 못하지",
            "speaker": {
              "id": "2번",
              "sex": "남성",
              "age": "30대"
            },
            "speechAct": "(단언) 주장하기",
            "morpheme": "근처/NNG+에/JKB+는/JX+없/VA+다/EF+ㅠ/UNKNOWN+그래서/MAJ+더/MAG+못/MAG+하/VV+지/EC"
          },
          {
            "id": 13,
            "text": "1 : 아 그렇겠네 ㅠㅠ 주말에 산책이라도 나가면 안 되나?",
            "norm_text": "아 그렇겠네 ㅠㅠ 주말에 산책이라도 나가면 안 되나?",
            "speaker": {
              "id": "1번",
              "sex": "여성",
              "age": "20대"
            },
            "speechAct": "(지시) 충고/제안하기",
            "morpheme": "아/IC+그렇/VA+겠/EP+네/EF+ㅠㅠ/UNKNOWN+주말/NNG+에/JKB+산책/NNG+이/VCP+라도/EC+나가/VX+면/EC+안/MAG+되/VV+나/EF"
          },
          {
            "id": 14,
            "text": "2 : 그러고 싶은데 왜 이리 귀찮노 키키",
            "norm_text": "그러고 싶은데 왜 이리 귀찮노 키키",
            "speaker": {
              "id": "2번",
              "sex": "남성",
              "age": "30대"
            },
            "speechAct": "(단언) 주장하기",
            "morpheme": "그러/VV+고/EC+싶/VX+은데/EC+왜/MAG+이리/MAG+귀찮/VA+노/EC+키/NNG+키/XSV+ETN"
          },
          {
            "id": 15,
            "text": "1 : 키키 쉬는 게 제일 좋긴 한데 한 살이라도 젊을 때 운동해두면 좋잖아",
            "norm_text": "키키 쉬는 게 제일 좋긴 한데 한 살이라도 젊을 때 운동해두면 좋잖아",
            "speaker": {
              "id": "1번",
              "sex": "여성",
              "age": "20대"
            },
            "speechAct": "(단언) 주장하기",
            "morpheme": "키/NNG+키/XSV+ETN+쉬/VV+는/ETM+게/NNB+JKS+제일/MAG+좋/VA+긴/ETN+JX+한데/VX+EC+한/MM+살/NNBC+이라도/JX+젊/VA+을/ETM+때/NNG+운동/NNG+해/XSV+EC+두/VX+면/EC+좋/VA+잖아/EC"
          },
          {
            "id": 16,
            "text": "2 : 맞다 ㅠㅠ 다음 주부터 그래야겠다 이번 주는 추석이라서 키키",
            "norm_text": "맞다 ㅠㅠ 다음 주부터 그래야겠다 이번 주는 추석이라서 키키",
            "speaker": {
              "id": "2번",
              "sex": "남성",
              "age": "30대"
            },
            "speechAct": "(단언) 주장하기",
            "morpheme": "맞/VV+다/EF+ㅠㅠ/UNKNOWN+다음/NNG+주/NNG+부터/JX+그래야/VA+EC+VX+겠/EP+다/EF+이/NR+번/NNBC+주/VV+는/ETM+추석/NNG+이/VCP+라서/EC+키/NNG+키/XSV+ETN"
          }
        ]
      }
    }
  ]
}