{
  "dataset": {
    "identifier": 72908,
    "name": "KAKAO_899_02_set",
    "src_path": "/data/file/cubeManager/PROJECT001/53/txt20211005152834009662/KAKAO_899_02_set/",
    "label_path": "/data/file/cubeManager/PROJECT001/53/txt20211005152834009662/KAKAO_899_02_set/",
    "category": 2,
    "type": 0
  },
  "licenses": {
    "name": "Apache License 1.0",
    "url": "http://www.apache.org/licenses/LICENSE-1.0"
  },
  "info": [
    {
      "id": 41319,
      "filename": "KAKAO_899_02.txt",
      "title": "KAKAO_899_02",
      "mediatype": "SNS",
      "medianame": "카카오톡",
      "category": "일상대화",
      "date": "2021-10-05",
      "size": 457,
      "annotations": {
        "subject": "주거와 생활",
        "speaker_type": "1:1",
        "size": 457,
        "word_size": 150,
        "text": "1 : 오빠야는 부동산에 관심 좀 있나 키키\n2 : 나는 없다 키키 너무 어렵던데\n1 : 나도 키키 아니 뭐 종잣돈이 있어야 하지 키키\n2 : 그것도 맞다 진짜 부동산도 돈 있는 놈들이 하는 거지\n1 : 그러니까 돈 따먹기다 ㅜㅜ\n1 : 이렇게 더 빈부격차는 심해지죠\n2 : 그렇지 진짜 빈부격차가 이렇게 발생하지\n1 : 휴 정말 이제는 하고 싶어도 이미 다 장악했다 돈 많은 사람들이\n2 : 맞아 사기도 힘든 것 같더만\n1 : 진짜 대출 받아도 그까지 대출이 안 돼\n2 : 그치... 진짜 한계가 있으니깐\n1 : 옹 뭐 8, 90% 대출해준다고 해도 키키 나머지 10%가 나한테 없어\n2 : 키키 맞다 10% 진짜 어디서 가지고 올 껀데\n1 : 진짜 계약금도 없고 키키 하 정말 팍팍하네 키키\n2 : 팍팍하다 팍팍해 키키 진짜 언제 부자 되노\n1 : 키키 오빠야 부자 되면 나 조금만 떼어줘 키키\n2 : 키키 일단 되기나 해볼게... 언제 될지",
        "lines": [
          {
            "id": 1,
            "text": "1 : 오빠야는 부동산에 관심 좀 있나 키키",
            "norm_text": "오빠야는 부동산에 관심 좀 있나 키키",
            "speaker": {
              "id": "1번",
              "sex": "여성",
              "age": "20대"
            },
            "speechAct": "(지시) 질문하기",
            "morpheme": "오빠/NNG+야/VCP+EF+는/JX+부동산/NNG+에/JKB+관심/NNG+좀/MAG+있/VA+나/EC+키/NNG+키/XSV+ETN"
          },
          {
            "id": 2,
            "text": "2 : 나는 없다 키키 너무 어렵던데",
            "norm_text": "나는 없다 키키 너무 어렵던데",
            "speaker": {
              "id": "2번",
              "sex": "남성",
              "age": "20대"
            },
            "speechAct": "(단언) 주장하기",
            "morpheme": "나/NP+는/JX+없/VA+다키키/NNP+너무/MAG+어렵/VA+던데/EC"
          },
          {
            "id": 3,
            "text": "1 : 나도 키키 아니 뭐 종잣돈이 있어야 하지 키키",
            "norm_text": "나도 키키 아니 뭐 종잣돈이 있어야 하지 키키",
            "speaker": {
              "id": "1번",
              "sex": "여성",
              "age": "20대"
            },
            "speechAct": "(단언) 주장하기",
            "morpheme": "나/NP+도/JX+키/NNG+키/XSV+ETN+아니/VCN+뭐/IC+종잣돈/NNG+이/JKS+있/VV+어야/EC+하/VV+지/EC+키/NNG+키/XSV+ETN"
          },
          {
            "id": 4,
            "text": "2 : 그것도 맞다 진짜 부동산도 돈 있는 놈들이 하는 거지",
            "norm_text": "그것도 맞다 진짜 부동산도 돈 있는 놈들이 하는 거지",
            "speaker": {
              "id": "2번",
              "sex": "남성",
              "age": "20대"
            },
            "speechAct": "(단언) 주장하기",
            "morpheme": "그것/NP+도/JX+맞/VV+다/EF+진짜/MAG+부동산/NNG+도/JX+돈/NNG+있/VA+는/ETM+놈/NNB+들/XSN+이/JKS+하/VV+는/ETM+거/NNB+지/VCP+EC"
          },
          {
            "id": 5,
            "text": "1 : 그러니까 돈 따먹기다 ㅜㅜ",
            "norm_text": "그러니까 돈 따먹기다 ㅜㅜ",
            "speaker": {
              "id": "1번",
              "sex": "여성",
              "age": "20대"
            },
            "speechAct": "(단언) 주장하기",
            "morpheme": "그러니까/MAJ+돈/NNG+따먹/VV+기/ETN+다/EF+ㅜㅜ/UNKNOWN"
          },
          {
            "id": 6,
            "text": "1 : 이렇게 더 빈부격차는 심해지죠",
            "norm_text": "이렇게 더 빈부격차는 심해지죠",
            "speaker": {
              "id": "1번",
              "sex": "여성",
              "age": "20대"
            },
            "speechAct": "(단언) 주장하기",
            "morpheme": "이렇게/MAG+더/MAG+빈부/NNG+격차/NNG+는/JX+심해/VA+EC+지/VX+죠/EF"
          },
          {
            "id": 7,
            "text": "2 : 그렇지 진짜 빈부격차가 이렇게 발생하지",
            "norm_text": "그렇지 진짜 빈부격차가 이렇게 발생하지",
            "speaker": {
              "id": "2번",
              "sex": "남성",
              "age": "20대"
            },
            "speechAct": "(단언) 주장하기",
            "morpheme": "그렇/VA+지/EF+진짜/MAG+빈부/NNG+격차/NNG+가/JKS+이렇게/MAG+발생/NNG+하/XSV+지/EC"
          },
          {
            "id": 8,
            "text": "1 : 휴 정말 이제는 하고 싶어도 이미 다 장악했다 돈 많은 사람들이",
            "norm_text": "휴 정말 이제는 하고 싶어도 이미 다 장악했다 돈 많은 사람들이",
            "speaker": {
              "id": "1번",
              "sex": "여성",
              "age": "20대"
            },
            "speechAct": "(단언) 주장하기",
            "morpheme": "휴/IC+정말/MAG+이제/NNG+는/JX+하/VV+고/EC+싶/VX+어도/EC+이미/MAG+다/MAG+장악/NNG+했/XSV+EP+다/EC+돈/NNG+많/VA+은/ETM+사람/NNG+들/XSN+이/JKS"
          },
          {
            "id": 9,
            "text": "2 : 맞아 사기도 힘든 것 같더만",
            "norm_text": "맞아 사기도 힘든 것 같더만",
            "speaker": {
              "id": "2번",
              "sex": "남성",
              "age": "20대"
            },
            "speechAct": "(단언) 주장하기",
            "morpheme": "맞/VV+아/EC+사/VV+기/ETN+도/JX+힘든/VA+ETM+것/NNB+같/VA+더만/EC"
          },
          {
            "id": 10,
            "text": "1 : 진짜 대출 받아도 그까지 대출이 안 돼",
            "norm_text": "진짜 대출 받아도 그까지 대출이 안 돼",
            "speaker": {
              "id": "1번",
              "sex": "여성",
              "age": "20대"
            },
            "speechAct": "(단언) 주장하기",
            "morpheme": "진짜/MAG+대출/NNG+받/VV+아도/EC+그/NP+까지/JX+대출/NNG+이/JKS+안/MAG+돼/VV+EC"
          },
          {
            "id": 11,
            "text": "2 : 그치... 진짜 한계가 있으니깐",
            "norm_text": "그치... 진짜 한계가 있으니깐",
            "speaker": {
              "id": "2번",
              "sex": "남성",
              "age": "20대"
            },
            "speechAct": "(단언) 주장하기",
            "morpheme": "그치/IC+./SY+진짜/MAG+한계/NNG+가/JKS+있/VA+으니깐/EC"
          },
          {
            "id": 12,
            "text": "1 : 옹 뭐 8, 90% 대출해준다고 해도 키키 나머지 10%가 나한테 없어",
            "norm_text": "옹 뭐 8, 90% 대출해준다고 해도 키키 나머지 10%가 나한테 없어",
            "speaker": {
              "id": "1번",
              "sex": "여성",
              "age": "20대"
            },
            "speechAct": "(단언) 주장하기",
            "morpheme": "옹/MAG+뭐/IC+8/SN+,/SC+90/SN+%/SY+대출/NNG+해/XSV+EC+준다고/VX+EC+해도/VV+EC+키/NNG+키/NNG+나머지/NNG+10/SN+%/SY+가/JKS+나/NP+한테/JKB+없/VA+어/EC"
          },
          {
            "id": 13,
            "text": "2 : 키키 맞다 10% 진짜 어디서 가지고 올 껀데",
            "norm_text": "키키 맞다 10% 진짜 어디서 가지고 올 껀데",
            "speaker": {
              "id": "2번",
              "sex": "남성",
              "age": "20대"
            },
            "speechAct": "(단언) 주장하기",
            "morpheme": "키/NNG+키/XSV+ETN+맞/VV+다/EC+10/SN+%/SY+진짜/MAG+어디/NP+서/JKB+가지/VV+고/EC+올/MM+껀/NNBC+JX+데/NNB"
          },
          {
            "id": 14,
            "text": "1 : 진짜 계약금도 없고 키키 하 정말 팍팍하네 키키",
            "norm_text": "진짜 계약금도 없고 키키 하 정말 팍팍하네 키키",
            "speaker": {
              "id": "1번",
              "sex": "여성",
              "age": "20대"
            },
            "speechAct": "(단언) 주장하기",
            "morpheme": "진짜/MAG+계약금/NNG+도/JX+없/VA+고/EC+키/NNG+키/NNG+하/XSV+정말/MAG+팍팍/XR+하/XSA+네/EF+키/NNG+키/XSV+ETN"
          },
          {
            "id": 15,
            "text": "2 : 팍팍하다 팍팍해 키키 진짜 언제 부자 되노",
            "norm_text": "팍팍하다 팍팍해 키키 진짜 언제 부자 되노",
            "speaker": {
              "id": "2번",
              "sex": "남성",
              "age": "20대"
            },
            "speechAct": "(단언) 주장하기",
            "morpheme": "팍팍/XR+하/XSA+다/EC+팍팍/XR+해/XSA+EC+키/NNG+키/XSV+ETN+진짜/MAG+언제/MAG+부자/NNG+되/XSV+노/EC"
          },
          {
            "id": 16,
            "text": "1 : 키키 오빠야 부자 되면 나 조금만 떼어줘 키키",
            "norm_text": "키키 오빠야 부자 되면 나 조금만 떼어줘 키키",
            "speaker": {
              "id": "1번",
              "sex": "여성",
              "age": "20대"
            },
            "speechAct": "(지시) 충고/제안하기",
            "morpheme": "키/NNG+키/NNG+오빠/NNG+야/VCP+EF+부자/NNG+되/XSV+면/EC+나/NP+조금/MAG+만/JX+떼/VV+어/EC+줘/VX+EC+키/NNG+키/XSV+ETN"
          },
          {
            "id": 17,
            "text": "2 : 키키 일단 되기나 해볼게... 언제 될지",
            "norm_text": "키키 일단 되기나 해볼게... 언제 될지",
            "speaker": {
              "id": "2번",
              "sex": "남성",
              "age": "20대"
            },
            "speechAct": "(단언) 주장하기",
            "morpheme": "키/NNG+키/XSV+ETN+일단/MAG+되/VV+기/ETN+나/JX+해볼게/VV+EC+VX+EF+./SY+언제/MAG+될지/VV+EC"
          }
        ]
      }
    }
  ]
}