{
  "dataset": {
    "identifier": 69180,
    "name": "KAKAO_915_01_set",
    "src_path": "/data/file/cubeManager/PROJECT001/53/txt20211005155756053212/KAKAO_915_01_set/",
    "label_path": "/data/file/cubeManager/PROJECT001/53/txt20211005155756053212/KAKAO_915_01_set/",
    "category": 2,
    "type": 0
  },
  "licenses": {
    "name": "Apache License 1.0",
    "url": "http://www.apache.org/licenses/LICENSE-1.0"
  },
  "info": [
    {
      "id": 41838,
      "filename": "KAKAO_915_01.txt",
      "title": "KAKAO_915_01",
      "mediatype": "SNS",
      "medianame": "카카오톡",
      "category": "일상대화",
      "date": "2021-10-05",
      "size": 407,
      "annotations": {
        "subject": "식음료",
        "speaker_type": "1:1",
        "size": 407,
        "word_size": 137,
        "text": "1 : 오빠야 음료수 뭐 좋아해 키키\n2 : 나는 아메리카노? 이것도 음료수인가 키키\n1 : 옹 그것도 음료수지 키키 난 콜라 밀키스 키키\n2 : 키키 오 콜라 밀키스도 맛있지 키키 제로는 별로고\n1 : 저번에 아빠가 모르고 제로 사와서 진짜 으엑 키키\n2 : 윽 진짜 별로임... 특히 코카콜라 제로는\n1 : 맞아요 ㅜㅜ 왜 그렇게 맛이 없는지\n2 : 키키 진짜 근데 칠성사이다 제로는 먹을 만하더라\n1 : 오 그건 한 번도 안 먹어 봤는데 키키\n2 : 난 좀 콜라 텁텁한 게 싫은데 제로가 키키 사이다는 그게 좀 덜해\n1 : 오홀 키키 근데 난 사이다는 별로 키키\n2 : 오 그게 문제네 키키\n1 : 옹 키키 콜라가 짱짱짱 짱이지\n2 : 그것도 맞다 키키 진짜 그것도 코카코랄\n1 : 맞아 펩시도 별로 ㅜㅜ\n2 : 근데 제로는 펩시가 낫다는 말을 들음",
        "lines": [
          {
            "id": 1,
            "text": "1 : 오빠야 음료수 뭐 좋아해 키키",
            "norm_text": "오빠야 음료수 뭐 좋아해 키키",
            "speaker": {
              "id": "1번",
              "sex": "여성",
              "age": "20대"
            },
            "speechAct": "(지시) 질문하기",
            "morpheme": "오빠/NNG+야/VCP+EF+음료수/NNG+뭐/IC+좋/VA+아/EC+해/VV+EC+키/NNG+키/XSV+ETN"
          },
          {
            "id": 2,
            "text": "2 : 나는 아메리카노? 이것도 음료수인가 키키",
            "norm_text": "나는 아메리카노? 이것도 음료수인가 키키",
            "speaker": {
              "id": "2번",
              "sex": "남성",
              "age": "20대"
            },
            "speechAct": "(지시) 질문하기",
            "morpheme": "나/NP+는/JX+아메리카노/NNP+이것/NP+도/JX+음료수/NNG+인가/VCP+EC+키/NNG+키/XSV+ETN"
          },
          {
            "id": 3,
            "text": "1 : 옹 그것도 음료수지 키키 난 콜라 밀키스 키키",
            "norm_text": "옹 그것도 음료수지 키키 난 콜라 밀키스 키키",
            "speaker": {
              "id": "1번",
              "sex": "여성",
              "age": "20대"
            },
            "speechAct": "(단언) 진술하기",
            "morpheme": "옹/NNG+그것/NP+도/JX+음료/NNG+수지/NNG+키/NNG+키/XSV+ETN+난/VV+ETM+콜라/NNG+밀키/NNG+스키키/NNP"
          },
          {
            "id": 4,
            "text": "2 : 키키 오 콜라 밀키스도 맛있지 키키 제로는 별로고",
            "norm_text": "키키 오 콜라 밀키스도 맛있지 키키 제로는 별로고",
            "speaker": {
              "id": "2번",
              "sex": "남성",
              "age": "20대"
            },
            "speechAct": "(단언) 진술하기",
            "morpheme": "키/NNG+키오/NNP+콜라/NNP+밀키스/NNP+도/JX+맛있/VA+지/EC+키/NNG+키/NNG+제/XSN+로/JKB+는/JX+별로/MAG+고/VCP+EC"
          },
          {
            "id": 5,
            "text": "1 : 저번에 아빠가 모르고 제로 사와서 진짜 으엑 키키",
            "norm_text": "저번에 아빠가 모르고 제로 사와서 진짜 으엑 키키",
            "speaker": {
              "id": "1번",
              "sex": "여성",
              "age": "20대"
            },
            "speechAct": "(단언) 주장하기",
            "morpheme": "저번/NNG+에/JKB+아빠/NNG+가/JKS+모르/VV+고/EC+제로/NR+사/NR+와서/VV+EC+진짜/MAG+으/IC+엑/IC+키/NNG+키/XSV+ETN"
          },
          {
            "id": 6,
            "text": "2 : 윽 진짜 별로임... 특히 코카콜라 제로는",
            "norm_text": "윽 진짜 별로임... 특히 코카콜라 제로는",
            "speaker": {
              "id": "2번",
              "sex": "남성",
              "age": "20대"
            },
            "speechAct": "(단언) 주장하기",
            "morpheme": "윽/IC+진짜/MAG+별로/MAG+임/VCP+ETN+./SY+특히/MAG+코카/NNG+콜라/NNG+제/XSN+로/JKB+는/JX"
          },
          {
            "id": 7,
            "text": "1 : 맞아요 ㅜㅜ 왜 그렇게 맛이 없는지",
            "norm_text": "맞아요 ㅜㅜ 왜 그렇게 맛이 없는지",
            "speaker": {
              "id": "1번",
              "sex": "여성",
              "age": "20대"
            },
            "speechAct": "(지시) 질문하기",
            "morpheme": "맞/VV+아요/EF+ㅜㅜ/UNKNOWN+왜/MAG+그렇게/MAG+맛/NNG+이/JKS+없/VA+는지/EC"
          },
          {
            "id": 8,
            "text": "2 : 키키 진짜 근데 칠성사이다 제로는 먹을 만하더라",
            "norm_text": "키키 진짜 근데 칠성사이다 제로는 먹을 만하더라",
            "speaker": {
              "id": "2번",
              "sex": "남성",
              "age": "20대"
            },
            "speechAct": "(단언) 주장하기",
            "morpheme": "키/NNG+키/XSV+ETN+진짜/MAG+근데/MAJ+칠성/NNG+사이다/NNG+제/XSN+로/JKB+는/JX+먹/VV+을/ETM+만/NNB+하/XSA+더라/EC"
          },
          {
            "id": 9,
            "text": "1 : 오 그건 한 번도 안 먹어 봤는데 키키",
            "norm_text": "오 그건 한 번도 안 먹어 봤는데 키키",
            "speaker": {
              "id": "1번",
              "sex": "여성",
              "age": "20대"
            },
            "speechAct": "(단언) 진술하기",
            "morpheme": "오/IC+그건/NP+JX+한/MM+번/NNBC+도/JX+안/MAG+먹/VV+어/EC+봤/VX+EP+는데/EC+키/NNG+키/XSV+ETN"
          },
          {
            "id": 10,
            "text": "2 : 난 좀 콜라 텁텁한 게 싫은데 제로가 키키 사이다는 그게 좀 덜해",
            "norm_text": "난 좀 콜라 텁텁한 게 싫은데 제로가 키키 사이다는 그게 좀 덜해",
            "speaker": {
              "id": "2번",
              "sex": "남성",
              "age": "20대"
            },
            "speechAct": "(단언) 주장하기",
            "morpheme": "난/NP+JX+좀/MAG+콜라/NNG+텁텁/XR+한/XSA+ETM+게/NNB+JKS+싫/VA+은데/EC+제로/NNG+가/JKS+키/NNG+키/NNG+사이다/NNG+는/JX+그게/NP+JKS+좀/MAG+덜해/VA+EC"
          },
          {
            "id": 11,
            "text": "1 : 오홀 키키 근데 난 사이다는 별로 키키",
            "norm_text": "오홀 키키 근데 난 사이다는 별로 키키",
            "speaker": {
              "id": "1번",
              "sex": "여성",
              "age": "20대"
            },
            "speechAct": "(단언) 반박하기",
            "morpheme": "오/IC+홀/NNP+키/NNG+키/XSV+ETN+근데/MAJ+난/NP+JX+사이다/NNG+는/JX+별로/MAG+키/NNG+키/XSV+ETN"
          },
          {
            "id": 12,
            "text": "2 : 오 그게 문제네 키키",
            "norm_text": "오 그게 문제네 키키",
            "speaker": {
              "id": "2번",
              "sex": "남성",
              "age": "20대"
            },
            "speechAct": "(단언) 주장하기",
            "morpheme": "오/IC+그게/NP+JKS+문제/NNG+네/XSN+키/NNG+키/XSV+ETN"
          },
          {
            "id": 13,
            "text": "1 : 옹 키키 콜라가 짱짱짱 짱이지",
            "norm_text": "옹 키키 콜라가 짱짱짱 짱이지",
            "speaker": {
              "id": "1번",
              "sex": "여성",
              "age": "20대"
            },
            "speechAct": "(단언) 주장하기",
            "morpheme": "옹/NNG+키/NNG+키/NNG+콜라/NNG+가/JKS+짱짱/MAG+짱짱/MAG+이/VCP+지/EC"
          },
          {
            "id": 14,
            "text": "2 : 그것도 맞다 키키 진짜 그것도 코카코랄",
            "norm_text": "그것도 맞다 키키 진짜 그것도 코카코랄",
            "speaker": {
              "id": "2번",
              "sex": "남성",
              "age": "20대"
            },
            "speechAct": "(단언) 주장하기",
            "morpheme": "그것/NP+도/JX+맞/VV+다/EC+키/NNG+키/XSV+ETN+진짜/MAG+그것/NP+도/JX+코카/NNG+코랄/NNG"
          },
          {
            "id": 15,
            "text": "1 : 맞아 펩시도 별로 ㅜㅜ",
            "norm_text": "맞아 펩시도 별로 ㅜㅜ",
            "speaker": {
              "id": "1번",
              "sex": "여성",
              "age": "20대"
            },
            "speechAct": "(단언) 주장하기",
            "morpheme": "맞/VV+아/EC+펩시/NNP+도/JX+별로/MAG+ㅜㅜ/UNKNOWN"
          },
          {
            "id": 16,
            "text": "2 : 근데 제로는 펩시가 낫다는 말을 들음",
            "norm_text": "근데 제로는 펩시가 낫다는 말을 들음",
            "speaker": {
              "id": "2번",
              "sex": "남성",
              "age": "20대"
            },
            "speechAct": "(단언) 진술하기",
            "morpheme": "근데/MAJ+제/NP+로/JKB+는/JX+펩시/NNP+가/JKS+낫/VV+다는/ETM+말/NNG+을/JKO+들/VV+음/ETN"
          }
        ]
      }
    }
  ]
}