{
  "dataset": {
    "identifier": 63458,
    "name": "KAKAO_911_18_set",
    "src_path": "/data/file/cubeManager/PROJECT001/53/txt20211005154123076048/KAKAO_911_18_set/",
    "label_path": "/data/file/cubeManager/PROJECT001/53/txt20211005154123076048/KAKAO_911_18_set/",
    "category": 2,
    "type": 0
  },
  "licenses": {
    "name": "Apache License 1.0",
    "url": "http://www.apache.org/licenses/LICENSE-1.0"
  },
  "info": [
    {
      "id": 41615,
      "filename": "KAKAO_911_18.txt",
      "title": "KAKAO_911_18",
      "mediatype": "SNS",
      "medianame": "카카오톡",
      "category": "일상대화",
      "date": "2021-10-05",
      "size": 566,
      "annotations": {
        "subject": "상거래 전반",
        "speaker_type": "1:1",
        "size": 566,
        "word_size": 172,
        "text": "1 : 주말에 또 아울렛 가야지 또 나이키 아디다스 세일한대 키키\n2 : 난 유니클로나 가야지 ㅋ 온라인숍으로 ㅋ\n1 : 지난번에 아디다스 런닝화 15,000원에 겟하고 재미 들림 키키\n2 : 할인율 쎈가 보네? 이쁜 거 많나?\n1 : 많던데? 키키 지금 장난 아니게 세일 중 키키\n1 : 재난지원금 사용되면 꿀인데 ㅠㅠ 아울렛은 안 된대 ㅠㅠ\n2 : 재난지원금 그거는 현금 아니고 포인트 같은 거가?\n1 : 카드로 충전 돼서 쓰면 차감 됨 키키\n2 : 카드로 충전되면 아울렛에서 쓸 수 있는 거 아님?\n1 : 쓸 수 있는 가맹점이 정해져 있어 인터넷 쇼핑몰도 재난지원금 사용이 안되니까... 그 돈으론 지하상가나 가야지\n2 : 어차피 주는 거 걍 시원하게 쓸 수 있게 해주지 뭔 제한이 그렇게 많노\n1 : 대형마트 뭐 그런 것도 안되고 제한이 있음 키키\n2 : 그렇다고 코로나 때문에 힘든 재래시장 그런데서는 애초에 카드 못 쓰는 거 아니가?\n1 : 재래시장도 이제 카드 될걸?\n2 : 그런가? 한국 물정을 잘 몰라서... 키키\n1 : 가을이라서 원피스도 사고 싶고 ㅠㅠ 쇼핑몰 장바구니 터져나가네\n2 : 원피스는 여름에 입는 거 아니가?",
        "lines": [
          {
            "id": 1,
            "text": "1 : 주말에 또 아울렛 가야지 또 나이키 아디다스 세일한대 키키",
            "norm_text": "주말에 또 아울렛 가야지 또 나이키 아디다스 세일한대 키키",
            "speaker": {
              "id": "1번",
              "sex": "여성",
              "age": "30대"
            },
            "speechAct": "(단언) 진술하기",
            "morpheme": "주말/NNG+에/JKB+또/MAG+아울렛/NNG+가야지/NNG+또/MAG+나이키/NNG+아디/NNG+다스/NNG+세일/NNG+한/XSA+ETM+대/XPN+키/NNG+키/XSV+ETN"
          },
          {
            "id": 2,
            "text": "2 : 난 유니클로나 가야지 ㅋ 온라인숍으로 ㅋ",
            "norm_text": "난 유니클로나 가야지 ㅋ 온라인숍으로 ㅋ",
            "speaker": {
              "id": "2번",
              "sex": "남성",
              "age": "30대"
            },
            "speechAct": "(단언) 주장하기",
            "morpheme": "난/NP+JX+유니클로/NNP+나가/VV+야/EF+지ㅋ/UNKNOWN+온라인/NNG+숍/NNG+으로/JKB+ㅋ/UNKNOWN"
          },
          {
            "id": 3,
            "text": "1 : 지난번에 아디다스 런닝화 15,000원에 겟하고 재미 들림 키키",
            "norm_text": "지난번에 아디다스 런닝화 15,000원에 겟하고 재미 들림 키키",
            "speaker": {
              "id": "1번",
              "sex": "여성",
              "age": "30대"
            },
            "speechAct": "(단언) 진술하기",
            "morpheme": "지난번/NNG+에/JKB+아/VV+디다/EC+스런/VA+ETM+닝화/NNP+15/SN+,/SC+000/SN+원/NNBC+에/JKB+겟/NNP+하고/JC+재미/NNG+들림/VV+ETN+키/NNG+키/XSV+ETN"
          },
          {
            "id": 4,
            "text": "2 : 할인율 쎈가 보네? 이쁜 거 많나?",
            "norm_text": "할인율 쎈가 보네? 이쁜 거 많나?",
            "speaker": {
              "id": "2번",
              "sex": "남성",
              "age": "30대"
            },
            "speechAct": "(지시) 질문하기",
            "morpheme": "할인/NNG+율/XSN+쎈가/VA+EC+보/VX+네/EF+이쁜/VA+ETM+거/NNB+많/VA+나/EF"
          },
          {
            "id": 5,
            "text": "1 : 많던데? 키키 지금 장난 아니게 세일 중 키키",
            "norm_text": "많던데? 키키 지금 장난 아니게 세일 중 키키",
            "speaker": {
              "id": "1번",
              "sex": "여성",
              "age": "30대"
            },
            "speechAct": "(단언) 진술하기",
            "morpheme": "많/VA+던데/EF+키/NNG+키/NNG+지금/MAG+장난/NNG+아니/VCN+게/EC+세일/NNG+중키/NNG+키/XSV+ETN"
          },
          {
            "id": 6,
            "text": "1 : 재난지원금 사용되면 꿀인데 ㅠㅠ 아울렛은 안 된대 ㅠㅠ",
            "norm_text": "재난지원금 사용되면 꿀인데 ㅠㅠ 아울렛은 안 된대 ㅠㅠ",
            "speaker": {
              "id": "1번",
              "sex": "여성",
              "age": "30대"
            },
            "speechAct": "(단언) 진술하기",
            "morpheme": "재난/NNG+지원금/NNG+사용/NNG+되/XSV+면/EC+꿀/NNG+인데/VCP+EC+ㅠㅠ/UNKNOWN+아울렛/NNG+은/JX+안/MAG+된대/VV+EF+ㅠㅠ/UNKNOWN"
          },
          {
            "id": 7,
            "text": "2 : 재난지원금 그거는 현금 아니고 포인트 같은 거가?",
            "norm_text": "재난지원금 그거는 현금 아니고 포인트 같은 거가?",
            "speaker": {
              "id": "2번",
              "sex": "남성",
              "age": "30대"
            },
            "speechAct": "(지시) 질문하기",
            "morpheme": "재난/NNG+지원금/NNG+그거/NP+는/JX+현금/NNG+아니/VCN+고/EC+포인트/NNG+같/VA+은/ETM+거/NNB+가/JKS"
          },
          {
            "id": 8,
            "text": "1 : 카드로 충전 돼서 쓰면 차감 됨 키키",
            "norm_text": "카드로 충전 돼서 쓰면 차감 됨 키키",
            "speaker": {
              "id": "1번",
              "sex": "여성",
              "age": "30대"
            },
            "speechAct": "(단언) 진술하기",
            "morpheme": "카드/NNG+로/JKB+충전/NNG+돼서/XSV+EC+쓰/VV+면/EC+차감/NNG+됨/XSV+ETN+키/NNG+키/XSV+ETN"
          },
          {
            "id": 9,
            "text": "2 : 카드로 충전되면 아울렛에서 쓸 수 있는 거 아님?",
            "norm_text": "카드로 충전되면 아울렛에서 쓸 수 있는 거 아님?",
            "speaker": {
              "id": "2번",
              "sex": "남성",
              "age": "30대"
            },
            "speechAct": "(지시) 질문하기",
            "morpheme": "카드/NNG+로/JKB+충전/NNG+되/XSV+면/EC+아울렛/NNG+에서/JKB+쓸/VV+ETM+수/NNB+있/VV+는/ETM+거/NNB+아님/VCN+ETN"
          },
          {
            "id": 10,
            "text": "1 : 쓸 수 있는 가맹점이 정해져 있어 인터넷 쇼핑몰도 재난지원금 사용이 안되니까... 그 돈으론 지하상가나 가야지",
            "norm_text": "쓸 수 있는 가맹점이 정해져 있어 인터넷 쇼핑몰도 재난지원금 사용이 안되니까... 그 돈으론 지하상가나 가야지",
            "speaker": {
              "id": "1번",
              "sex": "여성",
              "age": "30대"
            },
            "speechAct": "(단언) 진술하기",
            "morpheme": "쓸/VV+ETM+수/NNB+있/VV+는/ETM+가맹점/NNG+이/JKS+정해져/VV+EC+VX+EC+있/VX+어/EC+인터넷/NNG+쇼핑몰/NNG+도/JX+재난/NNG+지원금/NNG+사용/NNG+이/JKS+안/MAG+되/VV+니까/EC+./SY+./SY+그/MM+돈/NNG+으론/JKB+JX+지하상가/NNG+나가/VV+야지/EC"
          },
          {
            "id": 11,
            "text": "2 : 어차피 주는 거 걍 시원하게 쓸 수 있게 해주지 뭔 제한이 그렇게 많노",
            "norm_text": "어차피 주는 거 걍 시원하게 쓸 수 있게 해주지 뭔 제한이 그렇게 많노",
            "speaker": {
              "id": "2번",
              "sex": "남성",
              "age": "30대"
            },
            "speechAct": "(단언) 주장하기",
            "morpheme": "어차피/MAG+주/VV+는/ETM+거/NNB+걍/UNKNOWN+시원/XR+하/XSA+게/EC+쓸/VV+ETM+수/NNB+있/VV+게/EC+해/VV+EC+주/VX+지/EC+뭔/MM+제한/NNG+이/JKS+그렇게/MAG+많/VA+노/EC"
          },
          {
            "id": 12,
            "text": "1 : 대형마트 뭐 그런 것도 안되고 제한이 있음 키키",
            "norm_text": "대형마트 뭐 그런 것도 안되고 제한이 있음 키키",
            "speaker": {
              "id": "1번",
              "sex": "여성",
              "age": "30대"
            },
            "speechAct": "(단언) 진술하기",
            "morpheme": "대형/NNG+마트/NNG+뭐/IC+그런/MM+것/NNB+도/JX+안/MAG+되/VV+고/EC+제한/NNG+이/JKS+있/VV+음/ETN+키/NNG+키/XSV+ETN"
          },
          {
            "id": 13,
            "text": "2 : 그렇다고 코로나 때문에 힘든 재래시장 그런데서는 애초에 카드 못 쓰는 거 아니가?",
            "norm_text": "그렇다고 코로나 때문에 힘든 재래시장 그런데서는 애초에 카드 못 쓰는 거 아니가?",
            "speaker": {
              "id": "2번",
              "sex": "남성",
              "age": "30대"
            },
            "speechAct": "(지시) 질문하기",
            "morpheme": "그렇/VA+다고/EC+코로나/NNG+때문/NNB+에/JKB+힘든/VA+ETM+재래/NNG+시장/NNG+그런/MM+데/NNB+서/JKB+는/JX+애초/NNG+에/JKB+카드/NNG+못/MAG+쓰/VV+는/ETM+거/NNB+아니/VCN+가/EF"
          },
          {
            "id": 14,
            "text": "1 : 재래시장도 이제 카드 될걸?",
            "norm_text": "재래시장도 이제 카드 될걸?",
            "speaker": {
              "id": "1번",
              "sex": "여성",
              "age": "30대"
            },
            "speechAct": "(단언) 주장하기",
            "morpheme": "재래/NNG+시장/NNG+도/JX+이제/MAG+카드/NNG+될걸/XSV+EF"
          },
          {
            "id": 15,
            "text": "2 : 그런가? 한국 물정을 잘 몰라서... 키키",
            "norm_text": "그런가? 한국 물정을 잘 몰라서... 키키",
            "speaker": {
              "id": "2번",
              "sex": "남성",
              "age": "30대"
            },
            "speechAct": "(단언) 주장하기",
            "morpheme": "그런가/VA+EF+한국/NNP+물정/NNG+을/JKO+잘/MAG+몰라서/VV+EC+./SY+./SY+키/NNG+키/XSV+ETN"
          },
          {
            "id": 16,
            "text": "1 : 가을이라서 원피스도 사고 싶고 ㅠㅠ 쇼핑몰 장바구니 터져나가네",
            "norm_text": "가을이라서 원피스도 사고 싶고 ㅠㅠ 쇼핑몰 장바구니 터져나가네",
            "speaker": {
              "id": "1번",
              "sex": "여성",
              "age": "30대"
            },
            "speechAct": "(단언) 진술하기",
            "morpheme": "가을/NNG+이/VCP+라서/EC+원피스/NNG+도/JX+사/VV+고/EC+싶/VX+고/EC+ㅠㅠ/UNKNOWN+쇼핑몰/NNG+장바구니/NNG+터져/VV+EC+나가/VX+네/EC"
          },
          {
            "id": 17,
            "text": "2 : 원피스는 여름에 입는 거 아니가?",
            "norm_text": "원피스는 여름에 입는 거 아니가?",
            "speaker": {
              "id": "2번",
              "sex": "남성",
              "age": "30대"
            },
            "speechAct": "(지시) 질문하기",
            "morpheme": "원피스/NNG+는/JX+여름/NNG+에/JKB+입/VV+는/ETM+거/NNB+아니/VCN+가/EF"
          }
        ]
      }
    }
  ]
}