{
  "dataset": {
    "identifier": 63752,
    "name": "KAKAO_902_10_set",
    "src_path": "/data/file/cubeManager/PROJECT001/53/txt20211005153950067087/KAKAO_902_10_set/",
    "label_path": "/data/file/cubeManager/PROJECT001/53/txt20211005153950067087/KAKAO_902_10_set/",
    "category": 2,
    "type": 0
  },
  "licenses": {
    "name": "Apache License 1.0",
    "url": "http://www.apache.org/licenses/LICENSE-1.0"
  },
  "info": [
    {
      "id": 41547,
      "filename": "KAKAO_902_10.txt",
      "title": "KAKAO_902_10",
      "mediatype": "SNS",
      "medianame": "카카오톡",
      "category": "일상대화",
      "date": "2021-10-05",
      "size": 710,
      "annotations": {
        "subject": "스포츠/레저",
        "speaker_type": "다자간 대화",
        "size": 710,
        "word_size": 242,
        "text": "1 : 아 배드민턴 치고 싶어 얘들아 우리 집 놀러 와라 같이 운동하자\n2 : 무슨 배드민턴이야 헬스 하자 헬스\n3 : 헬스 좋지 운이 3대 몇 치냐\n1 : 키키 헬스는 너무 힘들기만 하고 재미 없을 듯 ㅠㅠ\n2 : 나 몰라 대드리프트는 155가 최대야 키키\n3 : 난 3대 30정도 칠 거 같은데 하하\n1 : 난 3대 300이야 까불지 마\n2 : 다들 근력 좀 길러야겠다 다 나와 지금\n3 : 근데 난 무산소 너무 힘들어 돼지라 그런가\n1 : 키키 그래도 남자애들은 축구도 많이 하고 그러잖아 난 진짜 운동 일도 안 함\n2 : 돼지 욕하지 마 ㅠ 너보단 힘 쎌 듯\n3 : 인정한다 유산소도 사실 힘들어\n1 : 유산소 무산소 차이 좀 알려 줄 사람\n2 : 유산소는 달리기 무산소는 아령 들고 으샤 으샤\n3 : 유산소는 산소 많이 쓰고 무산소는 산소 안 쓰는 거 아님?\n1 : 아 걍 말 그대로여? 내가 너무 복잡했네 ^^\n2 : 어렵게 생각하지 말고 둘 다 지금 당장 시작하면 돼 하하\n3 : 야 시작이 어려운 거 모르냐 얼마나 힘들면 시작이 반이여\n1 : ㅇㅈ 그게 제일 어려울 것 같은데?\n2 : 시작하고 가만히 있을려고 둘이 짜고 치는 거 봐라\n3 : 키키 아니 저번에 하루 했는데 이후로 안 함 귀찮아\n1 : 키키 * 너 나랑 잘 맞는다 결혼은 너랑 해야할 듯\n2 : 그래 열심히 해 키키 난 등산이나 가야지\n3 : 후 너 내 여자친구한테 맞아 죽어 *아, 내 여자친구 운동 열심히 해서 근력 장난 아님",
        "lines": [
          {
            "id": 1,
            "text": "1 : 아 배드민턴 치고 싶어 얘들아 우리 집 놀러 와라 같이 운동하자",
            "norm_text": "아 배드민턴 치고 싶어 얘들아 우리 집 놀러 와라 같이 운동하자",
            "speaker": {
              "id": "1번",
              "sex": "여성",
              "age": "20대"
            },
            "speechAct": "(지시) 부탁하기",
            "morpheme": "아/IC+배드민턴/NNG+치/VV+고/EC+싶/VX+어/EC+얘/NP+들/XSN+아/JKV+우리/NP+집/NNG+놀러와라/VV+EF+같이/MAG+운동/NNG+하/XSV+자/EC"
          },
          {
            "id": 2,
            "text": "2 : 무슨 배드민턴이야 헬스 하자 헬스",
            "norm_text": "무슨 배드민턴이야 헬스 하자 헬스",
            "speaker": {
              "id": "2번",
              "sex": "남성",
              "age": "20대"
            },
            "speechAct": "(단언) 주장하기",
            "morpheme": "무슨/MM+배드민턴/NNG+이/VCP+야/EC+헬스/NNG+하/XSV+자/EC+헬스/NNG"
          },
          {
            "id": 3,
            "text": "3 : 헬스 좋지 운이 3대 몇 치냐",
            "norm_text": "헬스 좋지 운이 3대 몇 치냐",
            "speaker": {
              "id": "3번",
              "sex": "남성",
              "age": "20대"
            },
            "speechAct": "(지시) 질문하기",
            "morpheme": "헬스/NNG+좋/VA+ETM+지운/NNG+이/JKS+3/SN+대/NNBC+몇/MM+치/NNBC+냐/VCP+EC"
          },
          {
            "id": 4,
            "text": "1 : 키키 헬스는 너무 힘들기만 하고 재미 없을 듯 ㅠㅠ",
            "norm_text": "키키 헬스는 너무 힘들기만 하고 재미 없을 듯 ㅠㅠ",
            "speaker": {
              "id": "1번",
              "sex": "여성",
              "age": "20대"
            },
            "speechAct": "(단언) 주장하기",
            "morpheme": "키/NNG+키/NNG+헬스/NNG+는/JX+너무/MAG+힘들/VA+기/ETN+만/JX+하/VV+고/EC+재미없/VA+을/ETM+듯/NNB+ㅠㅠ/UNKNOWN"
          },
          {
            "id": 5,
            "text": "2 : 나 몰라 대드리프트는 155가 최대야 키키",
            "norm_text": "나 몰라 대드리프트는 155가 최대야 키키",
            "speaker": {
              "id": "2번",
              "sex": "남성",
              "age": "20대"
            },
            "speechAct": "(단언) 진술하기",
            "morpheme": "나몰라/NNP+대/XPN+드리프트/NNG+는/JX+155/SN+가최대야키키/UNKNOWN"
          },
          {
            "id": 6,
            "text": "3 : 난 3대 30정도 칠 거 같은데 하하",
            "norm_text": "난 3대 30정도 칠 거 같은데 하하",
            "speaker": {
              "id": "3번",
              "sex": "남성",
              "age": "20대"
            },
            "speechAct": "(단언) 진술하기",
            "morpheme": "난/NP+JX+3/SN+대/NNBC+30/SN+정도/NNG+칠/VV+ETM+거/NNB+같/VA+은데/EC+하하/MAG"
          },
          {
            "id": 7,
            "text": "1 : 난 3대 300이야 까불지 마",
            "norm_text": "난 3대 300이야 까불지 마",
            "speaker": {
              "id": "1번",
              "sex": "여성",
              "age": "20대"
            },
            "speechAct": "(단언) 주장하기",
            "morpheme": "난/NP+JX+3/SN+대/NNBC+300/SN+이/VCP+야/EC+까불/VV+지/EC+마/VX+EC"
          },
          {
            "id": 8,
            "text": "2 : 다들 근력 좀 길러야겠다 다 나와 지금",
            "norm_text": "다들 근력 좀 길러야겠다 다 나와 지금",
            "speaker": {
              "id": "2번",
              "sex": "남성",
              "age": "20대"
            },
            "speechAct": "(지시) 충고/제안하기",
            "morpheme": "다/MAG+들/XSN+근력/NNG+좀/MAG+길러야/VV+EC+VX+겠/EP+다/EF+다/MAG+나와/VV+EC+지금/NNG"
          },
          {
            "id": 9,
            "text": "3 : 근데 난 무산소 너무 힘들어 돼지라 그런가",
            "norm_text": "근데 난 무산소 너무 힘들어 돼지라 그런가",
            "speaker": {
              "id": "3번",
              "sex": "남성",
              "age": "20대"
            },
            "speechAct": "(단언) 주장하기",
            "morpheme": "근데/MAJ+난/NP+JX+무산소/NNP+너무/MAG+힘들/VA+어/EC+돼지/NNG+라/VCP+EC+그런가/VA+EC"
          },
          {
            "id": 10,
            "text": "1 : 키키 그래도 남자애들은 축구도 많이 하고 그러잖아 난 진짜 운동 일도 안 함",
            "norm_text": "키키 그래도 남자애들은 축구도 많이 하고 그러잖아 난 진짜 운동 일도 안 함",
            "speaker": {
              "id": "1번",
              "sex": "여성",
              "age": "20대"
            },
            "speechAct": "(단언) 주장하기",
            "morpheme": "키/NNG+키/XSV+ETN+그래도/MAJ+남자/NNG+애/NNG+들/XSN+은/JX+축구/NNG+도/JX+많이/MAG+하/VV+고/EC+그러/VV+잖아/EF+난/NP+JX+진짜/MAG+운동/NNG+일/NNG+도/JX+안/MAG+함/VV+ETN"
          },
          {
            "id": 11,
            "text": "2 : 돼지 욕하지 마 ㅠ 너보단 힘 쎌 듯",
            "norm_text": "돼지 욕하지 마 ㅠ 너보단 힘 쎌 듯",
            "speaker": {
              "id": "2번",
              "sex": "남성",
              "age": "20대"
            },
            "speechAct": "(단언) 주장하기",
            "morpheme": "돼지/NNG+욕/NNG+하/XSV+지/EC+마ㅠ/UNKNOWN+너/NP+보단/JKB+JX+힘/NNG+쎌/VA+ETM+듯/NNB"
          },
          {
            "id": 12,
            "text": "3 : 인정한다 유산소도 사실 힘들어",
            "norm_text": "인정한다 유산소도 사실 힘들어",
            "speaker": {
              "id": "3번",
              "sex": "남성",
              "age": "20대"
            },
            "speechAct": "(단언) 주장하기",
            "morpheme": "인정/NNG+한다/XSV+EC+유산소/NNP+도/JX+사실/MAG+힘들/VA+어/EC"
          },
          {
            "id": 13,
            "text": "1 : 유산소 무산소 차이 좀 알려 줄 사람",
            "norm_text": "유산소 무산소 차이 좀 알려 줄 사람",
            "speaker": {
              "id": "1번",
              "sex": "여성",
              "age": "20대"
            },
            "speechAct": "(지시) 부탁하기",
            "morpheme": "유산소/NNP+무산소/NNP+차이/NNG+좀/MAG+알려/VV+EC+줄/VX+ETM+사람/NNG"
          },
          {
            "id": 14,
            "text": "2 : 유산소는 달리기 무산소는 아령 들고 으샤 으샤",
            "norm_text": "유산소는 달리기 무산소는 아령 들고 으샤 으샤",
            "speaker": {
              "id": "2번",
              "sex": "남성",
              "age": "20대"
            },
            "speechAct": "(단언) 진술하기",
            "morpheme": "유산소/NNP+는/JX+달리/VV+기/ETN+무산소/NNP+는/JX+아령/NNG+들/XSN+고으/VV+샤/EP+으샤/EC"
          },
          {
            "id": 15,
            "text": "3 : 유산소는 산소 많이 쓰고 무산소는 산소 안 쓰는 거 아님?",
            "norm_text": "유산소는 산소 많이 쓰고 무산소는 산소 안 쓰는 거 아님?",
            "speaker": {
              "id": "3번",
              "sex": "남성",
              "age": "20대"
            },
            "speechAct": "(지시) 질문하기",
            "morpheme": "유산소/NNP+는/JX+산소/NNG+많이/MAG+쓰/VV+고/EC+무산소/NNP+는/JX+산소/NNG+안/MAG+쓰/VV+는/ETM+거/NNB+아님/VCN+ETN"
          },
          {
            "id": 16,
            "text": "1 : 아 걍 말 그대로여? 내가 너무 복잡했네 ^^",
            "norm_text": "아 걍 말 그대로여? 내가 너무 복잡했네 ^^",
            "speaker": {
              "id": "1번",
              "sex": "여성",
              "age": "20대"
            },
            "speechAct": "(지시) 질문하기",
            "morpheme": "아걍말그대로여/UNKNOWN+내/NP+가/JKS+너무/MAG+복잡/XR+했/XSA+EP+네/EF+^/SY+^/SY"
          },
          {
            "id": 17,
            "text": "2 : 어렵게 생각하지 말고 둘 다 지금 당장 시작하면 돼 하하",
            "norm_text": "어렵게 생각하지 말고 둘 다 지금 당장 시작하면 돼 하하",
            "speaker": {
              "id": "2번",
              "sex": "남성",
              "age": "20대"
            },
            "speechAct": "(지시) 충고/제안하기",
            "morpheme": "어렵/VA+게/EC+생각/NNG+하/XSV+지/EC+말/VX+고/EC+둘/VX+ETM+다/MAG+지금/MAG+당장/NNG+시작/NNG+하/XSV+면/EC+돼/VV+EC+하하/MAG"
          },
          {
            "id": 18,
            "text": "3 : 야 시작이 어려운 거 모르냐 얼마나 힘들면 시작이 반이여",
            "norm_text": "야 시작이 어려운 거 모르냐 얼마나 힘들면 시작이 반이여",
            "speaker": {
              "id": "3번",
              "sex": "남성",
              "age": "20대"
            },
            "speechAct": "(단언) 주장하기",
            "morpheme": "야/IC+시작/NNG+이/JKS+어려운/VA+ETM+거/NNB+모르/VV+냐/EC+얼마나/MAG+힘들/VA+면/EC+시작/NNG+이/JKS+반/NNG+이/VCP+여/EC"
          },
          {
            "id": 19,
            "text": "1 : ㅇㅈ 그게 제일 어려울 것 같은데?",
            "norm_text": "ㅇㅈ 그게 제일 어려울 것 같은데?",
            "speaker": {
              "id": "1번",
              "sex": "여성",
              "age": "20대"
            },
            "speechAct": "(단언) 주장하기",
            "morpheme": "ㅇㅈ/UNKNOWN+그게/NP+JKS+제일/MAG+어려울/VA+ETM+것/NNB+같/VA+은데/EF"
          },
          {
            "id": 20,
            "text": "2 : 시작하고 가만히 있을려고 둘이 짜고 치는 거 봐라",
            "norm_text": "시작하고 가만히 있을려고 둘이 짜고 치는 거 봐라",
            "speaker": {
              "id": "2번",
              "sex": "남성",
              "age": "20대"
            },
            "speechAct": "(단언) 주장하기",
            "morpheme": "시작/NNG+하/XSV+고/EC+가만히/MAG+있/VV+을려고/EC+둘/NR+이/JKS+짜/VV+고/EC+치/VV+는/ETM+거/NNB+봐라/VV+EC"
          },
          {
            "id": 21,
            "text": "3 : 키키 아니 저번에 하루 했는데 이후로 안 함 귀찮아",
            "norm_text": "키키 아니 저번에 하루 했는데 이후로 안 함 귀찮아",
            "speaker": {
              "id": "3번",
              "sex": "남성",
              "age": "20대"
            },
            "speechAct": "(단언) 주장하기",
            "morpheme": "키/NNG+키/XSV+ETN+아니/VCN+저번/NNG+에/JKB+하루/NNG+했/XSV+EP+는데/EC+이후/NNG+로/JKB+안/MAG+함/VV+ETN+귀찮/VA+아/EC"
          },
          {
            "id": 22,
            "text": "1 : 키키 * 너 나랑 잘 맞는다 결혼은 너랑 해야할 듯",
            "norm_text": "키키 * 너 나랑 잘 맞는다 결혼은 너랑 해야할 듯",
            "speaker": {
              "id": "1번",
              "sex": "여성",
              "age": "20대"
            },
            "speechAct": "(단언) 주장하기",
            "morpheme": "키/NNG+키/XSV+ETN+*/SY+너/NP+나/NP+랑/JKB+잘/MAG+맞/VV+는다/EC+결혼/NNG+은/JX+너/NP+랑/JKB+해야/VV+EC+할/VX+ETM+듯/NNB"
          },
          {
            "id": 23,
            "text": "2 : 그래 열심히 해 키키 난 등산이나 가야지",
            "norm_text": "그래 열심히 해 키키 난 등산이나 가야지",
            "speaker": {
              "id": "2번",
              "sex": "남성",
              "age": "20대"
            },
            "speechAct": "(언약) 약속하기(제3자와)/(개인적 수준)",
            "morpheme": "그래/IC+열심히/MAG+해/VV+EC+키/NNG+키/XSV+ETN+난/VV+ETM+등산/NNG+이/JKS+나가/VV+야지/EC"
          },
          {
            "id": 24,
            "text": "3 : 후 너 내 여자친구한테 맞아 죽어 *아, 내 여자친구 운동 열심히 해서 근력 장난 아님",
            "norm_text": "후 너 내 여자친구한테 맞아 죽어 *아, 내 여자친구 운동 열심히 해서 근력 장난 아님",
            "speaker": {
              "id": "3번",
              "sex": "남성",
              "age": "20대"
            },
            "speechAct": "(단언) 주장하기",
            "morpheme": "후/NNG+너/NP+내/NP+JKG+여자/NNG+친구/NNG+한테/JKB+맞/VV+아/EC+죽/VV+어/EC+*/SY+아/IC+,/SC+내/NP+JKG+여자/NNG+친구/NNG+운동/NNG+열심히/MAG+해서/VV+EC+근력/NNG+장난아/NNP+님/XSN"
          }
        ]
      }
    }
  ]
}