{
  "dataset": {
    "identifier": 74366,
    "name": "KAKAO_913_15_set",
    "src_path": "/data/file/cubeManager/PROJECT001/53/txt20211005161416018599/KAKAO_913_15_set/",
    "label_path": "/data/file/cubeManager/PROJECT001/53/txt20211005161416018599/KAKAO_913_15_set/",
    "category": 2,
    "type": 0
  },
  "licenses": {
    "name": "Apache License 1.0",
    "url": "http://www.apache.org/licenses/LICENSE-1.0"
  },
  "info": [
    {
      "id": 42012,
      "filename": "KAKAO_913_15.txt",
      "title": "KAKAO_913_15",
      "mediatype": "SNS",
      "medianame": "카카오톡",
      "category": "일상대화",
      "date": "2021-10-05",
      "size": 466,
      "annotations": {
        "subject": "타 국가 이슈",
        "speaker_type": "1:1",
        "size": 466,
        "word_size": 148,
        "text": "1 : 후쿠시마 원전 뚜껑에서 완전 치명적인 방사선이 나왔대!\n2 : 헐 거긴 아직도 심한 상태인 거야?\n1 : 그런가 봐 1시간 노출되면 사망이래\n2 : 와 일본여행 좋아했는데 진짜 못 갈 거 같아\n1 : 나도... 근데 그게 벌써 10년 전이야\n2 : 헐 그게 10년이나 됐다고?\n1 : 그치 나도 몰랐는데 기사에 그렇더라\n2 : 나 일본 갔었는데 잘못된 거 아니겠지 무서워 ㅠ\n1 : 아직도 방사능 오염이 심한 것 같더라고 ㅠㅠ\n2 : 맞아 ㅠㅠ 그래서 일본 산은 다 조심해야 될 거 같더라 ㅠㅠ\n1 : 복구 되려면 한 30년은 있어야 하지 않을까?\n2 : 그렇게나 오래 걸리려나?\n2 : 해결 방안이 나오지 않을까?\n1 : 점차 기술이 발달해서 그럴 것 같긴 한데 당장 사람이 작업하기 힘들대 ㅠ\n2 : 얼른 좋아져야 할 텐데 너무 안타깝다\n1 : 시간이 흐르기를 기다려야지 ㅠㅠ\n1 : 위험하다 정말\n2 : 우리나라가 옆이라 얼른 해결 됐으면 좋겠다 ㅠㅠ",
        "lines": [
          {
            "id": 1,
            "text": "1 : 후쿠시마 원전 뚜껑에서 완전 치명적인 방사선이 나왔대!",
            "norm_text": "후쿠시마 원전 뚜껑에서 완전 치명적인 방사선이 나왔대!",
            "speaker": {
              "id": "1번",
              "sex": "여성",
              "age": "20대"
            },
            "speechAct": "(단언) 진술하기",
            "morpheme": "후쿠시마/NNP+원전/NNG+뚜껑/NNG+에서/JKB+완전/NNG+치명/NNG+적/XSN+인/VCP+ETM+방사선/NNG+이/JKS+나왔/VV+EP+대/EF"
          },
          {
            "id": 2,
            "text": "2 : 헐 거긴 아직도 심한 상태인 거야?",
            "norm_text": "헐 거긴 아직도 심한 상태인 거야?",
            "speaker": {
              "id": "2번",
              "sex": "여성",
              "age": "20대"
            },
            "speechAct": "(지시) 질문하기",
            "morpheme": "헐/IC+거긴/NP+JX+아직/MAG+도/JX+심한/VA+ETM+상태/NNG+인/VCP+ETM+거/NNB+야/VCP+EF"
          },
          {
            "id": 3,
            "text": "1 : 그런가 봐 1시간 노출되면 사망이래",
            "norm_text": "그런가 봐 1시간 노출되면 사망이래",
            "speaker": {
              "id": "1번",
              "sex": "여성",
              "age": "20대"
            },
            "speechAct": "(단언) 진술하기",
            "morpheme": "그런가/VA+EC+봐/VX+EC+1/SN+시간/NNBC+노출/NNG+되/XSV+면/EC+사망/NNG+이래/NNB"
          },
          {
            "id": 4,
            "text": "2 : 와 일본여행 좋아했는데 진짜 못 갈 거 같아",
            "norm_text": "와 일본여행 좋아했는데 진짜 못 갈 거 같아",
            "speaker": {
              "id": "2번",
              "sex": "여성",
              "age": "20대"
            },
            "speechAct": "(단언) 주장하기",
            "morpheme": "와/IC+일본/NNP+여행/NNG+좋/VA+아/EC+했/VX+EP+는데/EC+진짜/MAG+못/MAG+갈/VV+ETM+거/NNB+같/VA+아/EC"
          },
          {
            "id": 5,
            "text": "1 : 나도... 근데 그게 벌써 10년 전이야",
            "norm_text": "나도... 근데 그게 벌써 10년 전이야",
            "speaker": {
              "id": "1번",
              "sex": "여성",
              "age": "20대"
            },
            "speechAct": "(단언) 진술하기",
            "morpheme": "나/NP+도/JX+./SY+./SY+근데/MAJ+그게/NP+JKS+벌써/MAG+10/SN+년/NNBC+전/NNG+이/VCP+야/EC"
          },
          {
            "id": 6,
            "text": "2 : 헐 그게 10년이나 됐다고?",
            "norm_text": "헐 그게 10년이나 됐다고?",
            "speaker": {
              "id": "2번",
              "sex": "여성",
              "age": "20대"
            },
            "speechAct": "(지시) 질문하기",
            "morpheme": "헐/IC+그게/NP+JKS+10/SN+년/NNBC+이나/JX+됐/VV+EP+다고/EF"
          },
          {
            "id": 7,
            "text": "1 : 그치 나도 몰랐는데 기사에 그렇더라",
            "norm_text": "그치 나도 몰랐는데 기사에 그렇더라",
            "speaker": {
              "id": "1번",
              "sex": "여성",
              "age": "20대"
            },
            "speechAct": "(단언) 주장하기",
            "morpheme": "그치/IC+나/NP+도/JX+몰랐/VV+EP+는데/EC+기사/NNG+에/JKB+그렇/VA+더라/EC"
          },
          {
            "id": 8,
            "text": "2 : 나 일본 갔었는데 잘못된 거 아니겠지 무서워 ㅠ",
            "norm_text": "나 일본 갔었는데 잘못된 거 아니겠지 무서워 ㅠ",
            "speaker": {
              "id": "2번",
              "sex": "여성",
              "age": "20대"
            },
            "speechAct": "(단언) 주장하기",
            "morpheme": "나/NP+일본/NNP+갔었/VV+EP+는데/EC+잘못/MAG+된/VV+ETM+거/NNB+아니/VCN+겠/EP+지/EC+무서워/VA+EC+ㅠ/UNKNOWN"
          },
          {
            "id": 9,
            "text": "1 : 아직도 방사능 오염이 심한 것 같더라고 ㅠㅠ",
            "norm_text": "아직도 방사능 오염이 심한 것 같더라고 ㅠㅠ",
            "speaker": {
              "id": "1번",
              "sex": "여성",
              "age": "20대"
            },
            "speechAct": "(단언) 주장하기",
            "morpheme": "아직/MAG+도/JX+방사능/NNG+오염/NNG+이/JKS+심한/VA+ETM+것/NNB+같/VA+더라고/EF+ㅠㅠ/UNKNOWN"
          },
          {
            "id": 10,
            "text": "2 : 맞아 ㅠㅠ 그래서 일본 산은 다 조심해야 될 거 같더라 ㅠㅠ",
            "norm_text": "맞아 ㅠㅠ 그래서 일본 산은 다 조심해야 될 거 같더라 ㅠㅠ",
            "speaker": {
              "id": "2번",
              "sex": "여성",
              "age": "20대"
            },
            "speechAct": "(단언) 주장하기",
            "morpheme": "맞/VV+아/EC+ㅠㅠ/UNKNOWN+그래서/MAJ+일본/NNP+산/XSN+은/JX+다/MAG+조심/NNG+해야/XSV+EC+될/VV+ETM+거/NNB+같/VA+더라/EF+ㅠㅠ/UNKNOWN"
          },
          {
            "id": 11,
            "text": "1 : 복구 되려면 한 30년은 있어야 하지 않을까?",
            "norm_text": "복구 되려면 한 30년은 있어야 하지 않을까?",
            "speaker": {
              "id": "1번",
              "sex": "여성",
              "age": "20대"
            },
            "speechAct": "(지시) 질문하기",
            "morpheme": "복구/NNG+되/XSV+려면/EC+한/VX+ETM+30/SN+년/NNBC+은/JX+있/VA+어야/EC+하/VV+지/EC+않/VX+을까/EF"
          },
          {
            "id": 12,
            "text": "2 : 그렇게나 오래 걸리려나?",
            "norm_text": "그렇게나 오래 걸리려나?",
            "speaker": {
              "id": "2번",
              "sex": "여성",
              "age": "20대"
            },
            "speechAct": "(지시) 질문하기",
            "morpheme": "그렇게/MAG+나오/VV+래/EC+걸리/VV+려나/EF"
          },
          {
            "id": 13,
            "text": "2 : 해결 방안이 나오지 않을까?",
            "norm_text": "해결 방안이 나오지 않을까?",
            "speaker": {
              "id": "2번",
              "sex": "여성",
              "age": "20대"
            },
            "speechAct": "(단언) 주장하기",
            "morpheme": "해결/NNG+방안/NNG+이/JKS+나오/VV+지/EC+않/VX+을까/EF"
          },
          {
            "id": 14,
            "text": "1 : 점차 기술이 발달해서 그럴 것 같긴 한데 당장 사람이 작업하기 힘들대 ㅠ",
            "norm_text": "점차 기술이 발달해서 그럴 것 같긴 한데 당장 사람이 작업하기 힘들대 ㅠ",
            "speaker": {
              "id": "1번",
              "sex": "여성",
              "age": "20대"
            },
            "speechAct": "(단언) 진술하기",
            "morpheme": "점차/MAG+기술/NNG+이/JKS+발달/NNG+해서/XSV+EC+그럴/VV+ETM+것/NNB+같/VA+긴/ETN+JX+한데/VX+EC+당장/NNG+사람/NNG+이/JKS+작업/NNG+하/XSV+기/ETN+힘들/VA+ETM+대ㅠ/UNKNOWN"
          },
          {
            "id": 15,
            "text": "2 : 얼른 좋아져야 할 텐데 너무 안타깝다",
            "norm_text": "얼른 좋아져야 할 텐데 너무 안타깝다",
            "speaker": {
              "id": "2번",
              "sex": "여성",
              "age": "20대"
            },
            "speechAct": "(단언) 주장하기",
            "morpheme": "얼른/MAG+좋/VA+아/EC+져야/VX+EC+할/VX+ETM+텐데/NNB+VCP+EC+너무/MAG+안타깝/VA+다/EC"
          },
          {
            "id": 16,
            "text": "1 : 시간이 흐르기를 기다려야지 ㅠㅠ",
            "norm_text": "시간이 흐르기를 기다려야지 ㅠㅠ",
            "speaker": {
              "id": "1번",
              "sex": "여성",
              "age": "20대"
            },
            "speechAct": "(단언) 주장하기",
            "morpheme": "시간/NNG+이/JKS+흐르/VV+기/ETN+를/JKO+기다려야지/VV+EC+ㅠㅠ/UNKNOWN"
          },
          {
            "id": 17,
            "text": "1 : 위험하다 정말",
            "norm_text": "위험하다 정말",
            "speaker": {
              "id": "1번",
              "sex": "여성",
              "age": "20대"
            },
            "speechAct": "(단언) 주장하기",
            "morpheme": "위험/NNG+하/XSV+다/EC+정말/MAG"
          },
          {
            "id": 18,
            "text": "2 : 우리나라가 옆이라 얼른 해결 됐으면 좋겠다 ㅠㅠ",
            "norm_text": "우리나라가 옆이라 얼른 해결 됐으면 좋겠다 ㅠㅠ",
            "speaker": {
              "id": "2번",
              "sex": "여성",
              "age": "20대"
            },
            "speechAct": "(단언) 주장하기",
            "morpheme": "우리/NP+나라/NNG+가/JKS+옆/NNG+이/VCP+라/EC+얼른/MAG+해결/NNG+됐/XSV+EP+으면/EC+좋/VA+겠/EP+다/EF+ㅠㅠ/UNKNOWN"
          }
        ]
      }
    }
  ]
}