{
  "dataset": {
    "identifier": 69169,
    "name": "KAKAO_919_09_set",
    "src_path": "/data/file/cubeManager/PROJECT001/53/txt20211005155848055363/KAKAO_919_09_set/",
    "label_path": "/data/file/cubeManager/PROJECT001/53/txt20211005155848055363/KAKAO_919_09_set/",
    "category": 2,
    "type": 0
  },
  "licenses": {
    "name": "Apache License 1.0",
    "url": "http://www.apache.org/licenses/LICENSE-1.0"
  },
  "info": [
    {
      "id": 41926,
      "filename": "KAKAO_919_09.txt",
      "title": "KAKAO_919_09",
      "mediatype": "SNS",
      "medianame": "카카오톡",
      "category": "일상대화",
      "date": "2021-10-05",
      "size": 574,
      "annotations": {
        "subject": "반려동물",
        "speaker_type": "1:1",
        "size": 574,
        "word_size": 178,
        "text": "1 : 나 이번에 고양이 분양 받았다 키키\n2 : 올 키키 드디어 집사가 되는 길을 선택했고만 키키\n1 : 계속 고민하다가 분양 받았어 키키 너무 귀엽다\n2 : 부럽다... 어디서 어떻게 분양 받은 거야?\n1 : 나 아시는 분이 새끼 출산했다 해서 바로 내가 데려가겠다고 했어 키키\n2 : 오... 데려온 고양이 종류가 뭐야?\n1 : 스코티시폴드라고 엄청 귀여운 고양이 있어 키키\n2 : 오 얼굴 동그랗고 귀 접힌 고양이 키키\n2 : 근데 그 품종은 기형관절 많다는데 데려온 아이는 어때?\n1 : 아직은 애기라서 잘 모르겠어 좀 크면 병원 데려가야지\n2 : 그래도 귀연운 애로 데려왔네 키키\n1 : 지인이 키우는 건 알고 있었는데 새끼 배고 있는지는 몰랐는데 연락 주셨더라고 키키\n2 : 부럽다... 내 주변에는 이제 너 말고는 고양이 키우는 사람이 없네...\n2 : 나도 분양하고 싶다 ㅠㅠ\n1 : 주변 동물병원이나 유기묘 보호소 한번 알아봐!\n2 : 한번 알아봐야겠다 키키\n2 : 나도 분양 받으면 너네 고양이랑 친구 하면 될 듯 키키\n1 : 그러면 좋긴 하겠다 키키 맨날 고양이 보는 맛에 산다 키키\n2 : 다음에 나도 분양 받으면 데리고 놀러 감 키키",
        "lines": [
          {
            "id": 1,
            "text": "1 : 나 이번에 고양이 분양 받았다 키키",
            "norm_text": "나 이번에 고양이 분양 받았다 키키",
            "speaker": {
              "id": "1번",
              "sex": "남성",
              "age": "20대"
            },
            "speechAct": "(단언) 진술하기",
            "morpheme": "나/NP+이번/NNG+에/JKB+고양이/NNG+분양/NNG+받/VV+았/EP+다키키/NNP"
          },
          {
            "id": 2,
            "text": "2 : 올 키키 드디어 집사가 되는 길을 선택했고만 키키",
            "norm_text": "올 키키 드디어 집사가 되는 길을 선택했고만 키키",
            "speaker": {
              "id": "2번",
              "sex": "남성",
              "age": "20대"
            },
            "speechAct": "(단언) 주장하기",
            "morpheme": "올키/NNG+키/NNG+드디어/MAG+집사/NNG+가/JKS+되/VV+는/ETM+길/NNG+을/JKO+선택/NNG+했/XSV+EP+고/EC+만/JX+키/NNG+키/XSV+ETN"
          },
          {
            "id": 3,
            "text": "1 : 계속 고민하다가 분양 받았어 키키 너무 귀엽다",
            "norm_text": "계속 고민하다가 분양 받았어 키키 너무 귀엽다",
            "speaker": {
              "id": "1번",
              "sex": "남성",
              "age": "20대"
            },
            "speechAct": "(단언) 주장하기",
            "morpheme": "계속/MAG+고민/NNG+하/XSV+다가/EC+분양/NNG+받/VV+았/EP+어/EC+키/NNG+키/NNG+너무/MAG+귀엽/VA+다/EC"
          },
          {
            "id": 4,
            "text": "2 : 부럽다... 어디서 어떻게 분양 받은 거야?",
            "norm_text": "부럽다... 어디서 어떻게 분양 받은 거야?",
            "speaker": {
              "id": "2번",
              "sex": "남성",
              "age": "20대"
            },
            "speechAct": "(지시) 질문하기",
            "morpheme": "부럽/VA+다/EF+./SY+어디/NP+서/JKB+어떻게/MAG+분양/NNG+받/VV+은/ETM+거/NNB+야/VCP+EF"
          },
          {
            "id": 5,
            "text": "1 : 나 아시는 분이 새끼 출산했다 해서 바로 내가 데려가겠다고 했어 키키",
            "norm_text": "나 아시는 분이 새끼 출산했다 해서 바로 내가 데려가겠다고 했어 키키",
            "speaker": {
              "id": "1번",
              "sex": "남성",
              "age": "20대"
            },
            "speechAct": "(단언) 진술하기",
            "morpheme": "나/NP+아/VV+시/EP+는/ETM+분/NNB+이/JKS+새끼/NNG+출산/NNG+했/XSV+EP+다/EC+해서/VV+EC+바로/MAG+내/NP+가/JKS+데려가/VV+겠/EP+다고/EC+했/VX+EP+어/EC+키/NNG+키/XSV+ETN"
          },
          {
            "id": 6,
            "text": "2 : 오... 데려온 고양이 종류가 뭐야?",
            "norm_text": "오... 데려온 고양이 종류가 뭐야?",
            "speaker": {
              "id": "2번",
              "sex": "남성",
              "age": "20대"
            },
            "speechAct": "(지시) 질문하기",
            "morpheme": "오/IC+./SY+데려온/VV+ETM+고양이/NNG+종류/NNG+가/JKS+뭐/NP+야/VCP+EF"
          },
          {
            "id": 7,
            "text": "1 : 스코티시폴드라고 엄청 귀여운 고양이 있어 키키",
            "norm_text": "스코티시폴드라고 엄청 귀여운 고양이 있어 키키",
            "speaker": {
              "id": "1번",
              "sex": "남성",
              "age": "20대"
            },
            "speechAct": "(단언) 진술하기",
            "morpheme": "스코티시폴드/NNG+라고/VCP+EC+엄청/MAG+귀여운/VA+ETM+고양이/NNG+있/VV+어/EC+키/NNG+키/XSV+ETN"
          },
          {
            "id": 8,
            "text": "2 : 오 얼굴 동그랗고 귀 접힌 고양이 키키",
            "norm_text": "오 얼굴 동그랗고 귀 접힌 고양이 키키",
            "speaker": {
              "id": "2번",
              "sex": "남성",
              "age": "20대"
            },
            "speechAct": "(단언) 주장하기",
            "morpheme": "오/NR+얼굴/NNG+동그랗/VA+고/EC+귀/NNG+접힌/VV+ETM+고양이/NNG+키/NNG+키/XSV+ETN"
          },
          {
            "id": 9,
            "text": "2 : 근데 그 품종은 기형관절 많다는데 데려온 아이는 어때?",
            "norm_text": "근데 그 품종은 기형관절 많다는데 데려온 아이는 어때?",
            "speaker": {
              "id": "2번",
              "sex": "남성",
              "age": "20대"
            },
            "speechAct": "(지시) 질문하기",
            "morpheme": "근데/MAJ+그/MM+품종/NNG+은/JX+기형/NNG+관절/NNG+많/VA+다는/ETM+데/NNB+데려온/VV+ETM+아이/NNG+는/JX+어때/VA+EF"
          },
          {
            "id": 10,
            "text": "1 : 아직은 애기라서 잘 모르겠어 좀 크면 병원 데려가야지",
            "norm_text": "아직은 애기라서 잘 모르겠어 좀 크면 병원 데려가야지",
            "speaker": {
              "id": "1번",
              "sex": "남성",
              "age": "20대"
            },
            "speechAct": "(언약) 약속하기(제3자와)/(개인적 수준)",
            "morpheme": "아직/MAG+은/JX+애기/NNG+라서/VCP+EC+잘/MAG+모르/VV+겠/EP+어/EC+좀/MAG+크/VA+면/EC+병원/NNG+데려가/VV+야지/EC"
          },
          {
            "id": 11,
            "text": "2 : 그래도 귀연운 애로 데려왔네 키키",
            "norm_text": "그래도 귀연운 애로 데려왔네 키키",
            "speaker": {
              "id": "2번",
              "sex": "남성",
              "age": "20대"
            },
            "speechAct": "(단언) 주장하기",
            "morpheme": "그래도/MAJ+귀연/NNG+운애/NNG+로/JKB+데려왔/VV+EP+네/EF+키/NNG+키/XSV+ETN"
          },
          {
            "id": 12,
            "text": "1 : 지인이 키우는 건 알고 있었는데 새끼 배고 있는지는 몰랐는데 연락 주셨더라고 키키",
            "norm_text": "지인이 키우는 건 알고 있었는데 새끼 배고 있는지는 몰랐는데 연락 주셨더라고 키키",
            "speaker": {
              "id": "1번",
              "sex": "남성",
              "age": "20대"
            },
            "speechAct": "(단언) 주장하기",
            "morpheme": "지인/NNG+이/JKS+키우/VV+는/ETM+건/NNB+JX+알/VV+고/EC+있/VX+었/EP+는데/EC+새끼/NNG+배/VV+고/EC+있/VX+는지/EC+는/JX+몰랐/VV+EP+는데/EC+연락/NNG+주/VV+셨/EP+EP+더라고/EC+키/NNG+키/XSV+ETN"
          },
          {
            "id": 13,
            "text": "2 : 부럽다... 내 주변에는 이제 너 말고는 고양이 키우는 사람이 없네...",
            "norm_text": "부럽다... 내 주변에는 이제 너 말고는 고양이 키우는 사람이 없네...",
            "speaker": {
              "id": "2번",
              "sex": "남성",
              "age": "20대"
            },
            "speechAct": "(단언) 주장하기",
            "morpheme": "부럽/VA+다/EF+./SY+내/NP+JKG+주변/NNG+에/JKB+는/JX+이제/MAG+너/NP+말/VV+고/EC+는/JX+고양이/NNG+키우/VV+는/ETM+사람/NNG+이/JKS+없/VA+네/EF+./SY"
          },
          {
            "id": 14,
            "text": "2 : 나도 분양하고 싶다 ㅠㅠ",
            "norm_text": "나도 분양하고 싶다 ㅠㅠ",
            "speaker": {
              "id": "2번",
              "sex": "남성",
              "age": "20대"
            },
            "speechAct": "(단언) 주장하기",
            "morpheme": "나/NP+도/JX+분양/NNG+하/XSV+고/EC+싶/VX+다/EF+ㅠㅠ/UNKNOWN"
          },
          {
            "id": 15,
            "text": "1 : 주변 동물병원이나 유기묘 보호소 한번 알아봐!",
            "norm_text": "주변 동물병원이나 유기묘 보호소 한번 알아봐!",
            "speaker": {
              "id": "1번",
              "sex": "남성",
              "age": "20대"
            },
            "speechAct": "(지시) 부탁하기",
            "morpheme": "주변/NNG+동물/NNG+병원/NNG+이/VCP+나유/EC+기묘/NNG+보호/NNG+소/NNG+한/MM+번/NNBC+알아봐/VV+EF"
          },
          {
            "id": 16,
            "text": "2 : 한번 알아봐야겠다 키키",
            "norm_text": "한번 알아봐야겠다 키키",
            "speaker": {
              "id": "2번",
              "sex": "남성",
              "age": "20대"
            },
            "speechAct": "(언약) 약속하기(제3자와)/(개인적 수준)",
            "morpheme": "한/MM+번/NNBC+알/VV+아/EC+봐야/VX+EC+VV+겠/EP+다키키/NNP"
          },
          {
            "id": 17,
            "text": "2 : 나도 분양 받으면 너네 고양이랑 친구 하면 될 듯 키키",
            "norm_text": "나도 분양 받으면 너네 고양이랑 친구 하면 될 듯 키키",
            "speaker": {
              "id": "2번",
              "sex": "남성",
              "age": "20대"
            },
            "speechAct": "(단언) 주장하기",
            "morpheme": "나/NP+도/JX+분양/NNG+받/VV+으면/EC+너/NP+네/XSN+고양이/NNG+랑/JKB+친구/NNG+하/XSV+면/EC+될/VV+ETM+듯/NNB+키/NNG+키/XSV+ETN"
          },
          {
            "id": 18,
            "text": "1 : 그러면 좋긴 하겠다 키키 맨날 고양이 보는 맛에 산다 키키",
            "norm_text": "그러면 좋긴 하겠다 키키 맨날 고양이 보는 맛에 산다 키키",
            "speaker": {
              "id": "1번",
              "sex": "남성",
              "age": "20대"
            },
            "speechAct": "(단언) 주장하기",
            "morpheme": "그러면/MAJ+좋/VA+긴/ETN+JX+하/VX+겠/EP+다키키/NNP+맨날/MAG+고양이/NNG+보/VV+는/ETM+맛/NNG+에/JKB+산다/VV+EC+키/NNG+키/XSV+ETN"
          },
          {
            "id": 19,
            "text": "2 : 다음에 나도 분양 받으면 데리고 놀러 감 키키",
            "norm_text": "다음에 나도 분양 받으면 데리고 놀러 감 키키",
            "speaker": {
              "id": "2번",
              "sex": "남성",
              "age": "20대"
            },
            "speechAct": "(단언) 주장하기",
            "morpheme": "다음/NNG+에/JKB+나/NP+도/JX+분양/NNG+받/VV+으면/EC+데리/VV+고/EC+놀/VV+러/EC+감/VX+ETN+키/NNG+키/XSV+ETN"
          }
        ]
      }
    }
  ]
}