{
  "dataset": {
    "identifier": 63515,
    "name": "KAKAO_908_02_set",
    "src_path": "/data/file/cubeManager/PROJECT001/53/txt20211005154926095671/KAKAO_908_02_set/",
    "label_path": "/data/file/cubeManager/PROJECT001/53/txt20211005154926095671/KAKAO_908_02_set/",
    "category": 2,
    "type": 0
  },
  "licenses": {
    "name": "Apache License 1.0",
    "url": "http://www.apache.org/licenses/LICENSE-1.0"
  },
  "info": [
    {
      "id": 41739,
      "filename": "KAKAO_908_02.txt",
      "title": "KAKAO_908_02",
      "mediatype": "SNS",
      "medianame": "카카오톡",
      "category": "일상대화",
      "date": "2021-10-05",
      "size": 470,
      "annotations": {
        "subject": "주거와 생활",
        "speaker_type": "1:1",
        "size": 470,
        "word_size": 156,
        "text": "1 : 야 니는 귀촌 할 생각 있나?\n2 : 귀촌? 난 시골에서 3일도 못살겠던데 키키\n1 : 역시 키키 나도 그럼 키키\n1 : 근데 요새 젊은이들이 시골로 많이 간대\n2 : 왜? 집값 비싸서 도망가는 건가?\n1 : 응응 그런 것도 있고 도시의 삶에 찌들어서 키키\n2 : 그래 가끔씩 할머니 댁에 가면 좋긴 하더라\n1 : 키키 그건 나도 그런데 딱 하루만 좋더라\n2 : 키키 맞아 역시 집은 도시에 있어야 해\n1 : 어 키키 인프라 좋은 곳이 최고다 키키\n2 : 야 근데 시골 집값이 싸긴 싸더라\n1 : 응응 나도 다큐에서 보니까 집 한 채에 700만 원이라더라\n2 : 헐... 귀촌 할 만도 하네\n2 : 키키 내 집 마련 쌉가능\n1 : 키키 그니까 폐가가 많아서 그냥 고쳐서 살라고 그냥 주기도 한대\n2 : 대박이네... 그래서 요즘 귀촌 유튜브가 많았구나\n1 : 응응 유튜브 보면 또 좋아 보이지 않더나\n2 : 완전 리틀포레스트처럼 해 놓고 살던데 키키 느낌은 있었음",
        "lines": [
          {
            "id": 1,
            "text": "1 : 야 니는 귀촌 할 생각 있나?",
            "norm_text": "야 니는 귀촌 할 생각 있나?",
            "speaker": {
              "id": "1번",
              "sex": "여성",
              "age": "20대"
            },
            "speechAct": "(지시) 질문하기",
            "morpheme": "야/IC+니/NP+는/JX+귀촌/NNG+할/XSV+ETM+생각/NNG+있/VA+나/EF"
          },
          {
            "id": 2,
            "text": "2 : 귀촌? 난 시골에서 3일도 못살겠던데 키키",
            "norm_text": "귀촌? 난 시골에서 3일도 못살겠던데 키키",
            "speaker": {
              "id": "2번",
              "sex": "여성",
              "age": "20대"
            },
            "speechAct": "(단언) 주장하기",
            "morpheme": "귀촌/NNG+난/NP+JX+시골/NNG+에서/JKB+3/SN+일/NNBC+도/JX+못/MAG+살/VV+겠/EP+던/ETM+데/NNB+키/NNG+키/XSV+ETN"
          },
          {
            "id": 3,
            "text": "1 : 역시 키키 나도 그럼 키키",
            "norm_text": "역시 키키 나도 그럼 키키",
            "speaker": {
              "id": "1번",
              "sex": "여성",
              "age": "20대"
            },
            "speechAct": "(단언) 주장하기",
            "morpheme": "역시/MAJ+키/NNG+키나/XSA+ETN+JX+도/JX+그럼/MAJ+키/NNG+키/XSV+ETN"
          },
          {
            "id": 4,
            "text": "1 : 근데 요새 젊은이들이 시골로 많이 간대",
            "norm_text": "근데 요새 젊은이들이 시골로 많이 간대",
            "speaker": {
              "id": "1번",
              "sex": "여성",
              "age": "20대"
            },
            "speechAct": "(단언) 진술하기",
            "morpheme": "근데/MAJ+요새/MAG+젊은이/NNG+들/XSN+이/JKS+시골/NNG+로/JKB+많이/MAG+간대/VV+EC"
          },
          {
            "id": 5,
            "text": "2 : 왜? 집값 비싸서 도망가는 건가?",
            "norm_text": "왜? 집값 비싸서 도망가는 건가?",
            "speaker": {
              "id": "2번",
              "sex": "여성",
              "age": "20대"
            },
            "speechAct": "(지시) 질문하기",
            "morpheme": "왜/MAG+집/NNG+값비싸/VA+서/EC+도망가/VV+는/ETM+건가/NNB+VCP+EF"
          },
          {
            "id": 6,
            "text": "1 : 응응 그런 것도 있고 도시의 삶에 찌들어서 키키",
            "norm_text": "응응 그런 것도 있고 도시의 삶에 찌들어서 키키",
            "speaker": {
              "id": "1번",
              "sex": "여성",
              "age": "20대"
            },
            "speechAct": "(단언) 진술하기",
            "morpheme": "응/IC+응/IC+그런/MM+것/NNB+도/JX+있/VA+고/EC+도시/NNG+의/JKG+삶/NNG+에/JKB+찌들/VV+어서/EC+키/NNG+키/XSV+ETN"
          },
          {
            "id": 7,
            "text": "2 : 그래 가끔씩 할머니 댁에 가면 좋긴 하더라",
            "norm_text": "그래 가끔씩 할머니 댁에 가면 좋긴 하더라",
            "speaker": {
              "id": "2번",
              "sex": "여성",
              "age": "20대"
            },
            "speechAct": "(단언) 주장하기",
            "morpheme": "그래/IC+가끔/MAG+씩/XSN+할머니/NNG+댁/NNG+에/JKB+가/VV+면/EC+좋/VA+긴/ETN+JX+하/VX+더라/EC"
          },
          {
            "id": 8,
            "text": "1 : 키키 그건 나도 그런데 딱 하루만 좋더라",
            "norm_text": "키키 그건 나도 그런데 딱 하루만 좋더라",
            "speaker": {
              "id": "1번",
              "sex": "여성",
              "age": "20대"
            },
            "speechAct": "(단언) 주장하기",
            "morpheme": "키/NNG+키/XSV+ETN+그건/NP+JX+나/NP+도/JX+그런데/MAJ+딱/MAG+하루/NNG+만/JX+좋/VA+더라/EC"
          },
          {
            "id": 9,
            "text": "2 : 키키 맞아 역시 집은 도시에 있어야 해",
            "norm_text": "키키 맞아 역시 집은 도시에 있어야 해",
            "speaker": {
              "id": "2번",
              "sex": "여성",
              "age": "20대"
            },
            "speechAct": "(단언) 주장하기",
            "morpheme": "키/NNG+키/XSV+ETN+맞/VV+아/EC+역시집/NNG+은/JX+도시/NNG+에/JKB+있/VV+어야/EC+해/VV+EC"
          },
          {
            "id": 10,
            "text": "1 : 어 키키 인프라 좋은 곳이 최고다 키키",
            "norm_text": "어 키키 인프라 좋은 곳이 최고다 키키",
            "speaker": {
              "id": "1번",
              "sex": "여성",
              "age": "20대"
            },
            "speechAct": "(단언) 주장하기",
            "morpheme": "어/IC+키/NNG+키/NNG+인프라/NNG+좋/VA+은/ETM+곳/NNG+이/JKS+최고/NNG+다키키/NNP"
          },
          {
            "id": 11,
            "text": "2 : 야 근데 시골 집값이 싸긴 싸더라",
            "norm_text": "야 근데 시골 집값이 싸긴 싸더라",
            "speaker": {
              "id": "2번",
              "sex": "여성",
              "age": "20대"
            },
            "speechAct": "(단언) 주장하기",
            "morpheme": "야/IC+근데/MAJ+시골집/NNG+값/NNG+이/JKS+싸/VV+긴/ETN+JX+싸/VA+더라/EC"
          },
          {
            "id": 12,
            "text": "1 : 응응 나도 다큐에서 보니까 집 한 채에 700만 원이라더라",
            "norm_text": "응응 나도 다큐에서 보니까 집 한 채에 700만 원이라더라",
            "speaker": {
              "id": "1번",
              "sex": "여성",
              "age": "20대"
            },
            "speechAct": "(단언) 진술하기",
            "morpheme": "응/IC+응/IC+나/NP+도/JX+다큐/NNG+에서/JKB+보/VV+니까/EC+집/NNG+한/XSA+ETM+채/NNB+에/JKB+700/SN+만/NR+원/NNBC+이/VCP+라더라/EC"
          },
          {
            "id": 13,
            "text": "2 : 헐... 귀촌 할 만도 하네",
            "norm_text": "헐... 귀촌 할 만도 하네",
            "speaker": {
              "id": "2번",
              "sex": "여성",
              "age": "20대"
            },
            "speechAct": "(단언) 진술하기",
            "morpheme": "헐/IC+./SY+귀촌/NNG+할/XSV+ETM+만도/NNG+하/XSV+네/EC"
          },
          {
            "id": 14,
            "text": "2 : 키키 내 집 마련 쌉가능",
            "norm_text": "키키 내 집 마련 쌉가능",
            "speaker": {
              "id": "2번",
              "sex": "여성",
              "age": "20대"
            },
            "speechAct": "(단언) 주장하기",
            "morpheme": "키/NNG+키/XSV+ETN+내/NP+JKG+집/NNG+마련/NNG+쌉/UNKNOWN+가능/NNG"
          },
          {
            "id": 15,
            "text": "1 : 키키 그니까 폐가가 많아서 그냥 고쳐서 살라고 그냥 주기도 한대",
            "norm_text": "키키 그니까 폐가가 많아서 그냥 고쳐서 살라고 그냥 주기도 한대",
            "speaker": {
              "id": "1번",
              "sex": "여성",
              "age": "20대"
            },
            "speechAct": "(단언) 진술하기",
            "morpheme": "키/NNG+키/XSV+ETN+그니까/MAJ+폐가/NNG+가/JKS+많/VA+아서/EC+그냥/MAG+고쳐서/VV+EC+살/VV+라고/EC+그냥/MAG+주/VV+기/ETN+도/JX+한대/VV+EC"
          },
          {
            "id": 16,
            "text": "2 : 대박이네... 그래서 요즘 귀촌 유튜브가 많았구나",
            "norm_text": "대박이네... 그래서 요즘 귀촌 유튜브가 많았구나",
            "speaker": {
              "id": "2번",
              "sex": "여성",
              "age": "20대"
            },
            "speechAct": "(단언) 진술하기",
            "morpheme": "대박/NNG+이/VCP+네/EF+./SY+그래서/MAJ+요즘/MAG+귀촌/NNG+유튜브/NNP+가/JKS+많/VA+았/EP+구나/EC"
          },
          {
            "id": 17,
            "text": "1 : 응응 유튜브 보면 또 좋아 보이지 않더나",
            "norm_text": "응응 유튜브 보면 또 좋아 보이지 않더나",
            "speaker": {
              "id": "1번",
              "sex": "여성",
              "age": "20대"
            },
            "speechAct": "(단언) 진술하기",
            "morpheme": "응/IC+응/IC+유튜브/NNP+보/VV+면/EC+또/MAG+좋/VA+아/EC+보이/VV+지/EC+않/VX+더나/EF"
          },
          {
            "id": 18,
            "text": "2 : 완전 리틀포레스트처럼 해 놓고 살던데 키키 느낌은 있었음",
            "norm_text": "완전 리틀포레스트처럼 해 놓고 살던데 키키 느낌은 있었음",
            "speaker": {
              "id": "2번",
              "sex": "여성",
              "age": "20대"
            },
            "speechAct": "(단언) 진술하기",
            "morpheme": "완전/MAG+리틀/NNP+포레스트/NNP+처럼/JKB+해/VV+EC+놓/VX+고/EC+살/VV+던데/EC+키/NNG+키/NNG+느낌/NNG+은/JX+있/VA+었/EP+음/ETN"
          }
        ]
      }
    }
  ]
}