{
  "dataset": {
    "identifier": 72901,
    "name": "KAKAO_899_06_set",
    "src_path": "/data/file/cubeManager/PROJECT001/53/txt20211005152834013454/KAKAO_899_06_set/",
    "label_path": "/data/file/cubeManager/PROJECT001/53/txt20211005152834013454/KAKAO_899_06_set/",
    "category": 2,
    "type": 0
  },
  "licenses": {
    "name": "Apache License 1.0",
    "url": "http://www.apache.org/licenses/LICENSE-1.0"
  },
  "info": [
    {
      "id": 41323,
      "filename": "KAKAO_899_06.txt",
      "title": "KAKAO_899_06",
      "mediatype": "SNS",
      "medianame": "카카오톡",
      "category": "일상대화",
      "date": "2021-10-05",
      "size": 402,
      "annotations": {
        "subject": "교육",
        "speaker_type": "1:1",
        "size": 402,
        "word_size": 139,
        "text": "1 : 기억나는 선생님 있음? 키키\n2 : 나는 딱히... 항상 거기서 거기\n1 : 아 그래? 키키 나도 막 연락하는 쌤들은 없음\n2 : 키키 왜 예쁨 받았을 것 같은데\n1 : 하도 사고 쳐서 키키 내 기억은 하지 싶다 키키\n2 : 키키 아 그런 이유로? 키키 날라리였노\n1 : 키키 쪼금 놀았지 중 2병 걸려서 키키\n2 : 키키 조큼 논 건 맞제? 많이 아니고\n1 : 그럼그럼 키키 남들 노는 만큼 논 거야 키키\n2 : 키키 그러면 뭐 잘했네 키키 후회는 없나\n1 : 당근 키키 아주 충분히 잘 놀았지 재밌었다 키키\n2 : 키키 아니 뭘 하고 그리 놀았어? 궁금하노\n1 : 키키 맨날 동네 탐방하고 돌아다녔지 키키\n2 : 키키 막 술도 마시고 그런 건 아니제\n1 : 키키 어허 조금 맛만 봤지 키키\n2 : 그래 그러면 되었다 키키 잘했네 잘했어",
        "lines": [
          {
            "id": 1,
            "text": "1 : 기억나는 선생님 있음? 키키",
            "norm_text": "기억나는 선생님 있음? 키키",
            "speaker": {
              "id": "1번",
              "sex": "여성",
              "age": "20대"
            },
            "speechAct": "(지시) 질문하기",
            "morpheme": "기억/NNG+나/NP+는/JX+선생/NNG+님/XSN+있/VV+음/ETN+키/NNG+키/XSV+ETN"
          },
          {
            "id": 2,
            "text": "2 : 나는 딱히... 항상 거기서 거기",
            "norm_text": "나는 딱히... 항상 거기서 거기",
            "speaker": {
              "id": "2번",
              "sex": "남성",
              "age": "20대"
            },
            "speechAct": "(단언) 주장하기",
            "morpheme": "나/NP+는/JX+딱히/MAG+./SY+항상/MAG+거기/NP+서/JKB+거기/NP"
          },
          {
            "id": 3,
            "text": "1 : 아 그래? 키키 나도 막 연락하는 쌤들은 없음",
            "norm_text": "아 그래? 키키 나도 막 연락하는 쌤들은 없음",
            "speaker": {
              "id": "1번",
              "sex": "여성",
              "age": "20대"
            },
            "speechAct": "(단언) 진술하기",
            "morpheme": "아/IC+그래/IC+키/NNG+키나/XSA+ETN+JX+도막/NNG+연락/NNG+하/XSV+는/ETM+쌤/NNG+들/XSN+은/JX+없/VA+음/ETN"
          },
          {
            "id": 4,
            "text": "2 : 키키 왜 예쁨 받았을 것 같은데",
            "norm_text": "키키 왜 예쁨 받았을 것 같은데",
            "speaker": {
              "id": "2번",
              "sex": "남성",
              "age": "20대"
            },
            "speechAct": "(단언) 주장하기",
            "morpheme": "키/NNG+키/XSV+ETN+왜/MAG+예쁨/VA+ETN+받/VV+았/EP+을/ETM+것/NNB+같/VA+은데/EC"
          },
          {
            "id": 5,
            "text": "1 : 하도 사고 쳐서 키키 내 기억은 하지 싶다 키키",
            "norm_text": "하도 사고 쳐서 키키 내 기억은 하지 싶다 키키",
            "speaker": {
              "id": "1번",
              "sex": "여성",
              "age": "20대"
            },
            "speechAct": "(단언) 주장하기",
            "morpheme": "하도/MAG+사/VV+고/EC+쳐서/VV+EC+키/NNG+키/XSV+ETN+내/NP+JKG+기억/NNG+은/JX+하/VV+지/EC+싶/VX+다키키/NNP"
          },
          {
            "id": 6,
            "text": "2 : 키키 아 그런 이유로? 키키 날라리였노",
            "norm_text": "키키 아 그런 이유로? 키키 날라리였노",
            "speaker": {
              "id": "2번",
              "sex": "남성",
              "age": "20대"
            },
            "speechAct": "(지시) 질문하기",
            "morpheme": "키/NNG+키/VV+아/EC+그런/MM+이유/NNG+로/JKB+?/SY+키키날라리였노/UNKNOWN"
          },
          {
            "id": 7,
            "text": "1 : 키키 쪼금 놀았지 중 2병 걸려서 키키",
            "norm_text": "키키 쪼금 놀았지 중 2병 걸려서 키키",
            "speaker": {
              "id": "1번",
              "sex": "여성",
              "age": "20대"
            },
            "speechAct": "(단언) 주장하기",
            "morpheme": "키키쪼금놀았지중/UNKNOWN+2/SN+병/NNBC+걸려서/VV+EC+키/NNG+키/XSV+ETN"
          },
          {
            "id": 8,
            "text": "2 : 키키 조큼 논 건 맞제? 많이 아니고",
            "norm_text": "키키 조큼 논 건 맞제? 많이 아니고",
            "speaker": {
              "id": "2번",
              "sex": "남성",
              "age": "20대"
            },
            "speechAct": "(지시) 질문하기",
            "morpheme": "키키조큼논건맞제/UNKNOWN+많이/MAG+아니/VCN+고/EC"
          },
          {
            "id": 9,
            "text": "1 : 그럼그럼 키키 남들 노는 만큼 논 거야 키키",
            "norm_text": "그럼그럼 키키 남들 노는 만큼 논 거야 키키",
            "speaker": {
              "id": "1번",
              "sex": "여성",
              "age": "20대"
            },
            "speechAct": "(단언) 주장하기",
            "morpheme": "그럼/MAJ+그럼/MAJ+키/NNG+키/NNG+남/NNG+들/XSN+노/VV+는/ETM+만큼/NNB+논/VV+ETM+거/NNB+야/VCP+EF+키/NNG+키/XSV+ETN"
          },
          {
            "id": 10,
            "text": "2 : 키키 그러면 뭐 잘했네 키키 후회는 없나",
            "norm_text": "키키 그러면 뭐 잘했네 키키 후회는 없나",
            "speaker": {
              "id": "2번",
              "sex": "남성",
              "age": "20대"
            },
            "speechAct": "(지시) 질문하기",
            "morpheme": "키/NNG+키/XSV+ETN+그러면/MAJ+뭐/IC+잘/MAG+했/VV+EP+네/EF+키키/NNP+후회/NNG+는/JX+없/VA+나/EC"
          },
          {
            "id": 11,
            "text": "1 : 당근 키키 아주 충분히 잘 놀았지 재밌었다 키키",
            "norm_text": "당근 키키 아주 충분히 잘 놀았지 재밌었다 키키",
            "speaker": {
              "id": "1번",
              "sex": "여성",
              "age": "20대"
            },
            "speechAct": "(단언) 주장하기",
            "morpheme": "당근/NNG+키/NNG+키/NNG+아주/MAG+충분히/MAG+잘/MAG+놀/VV+았/EP+지/EC+재밌/VA+었/EP+다키키/NNP"
          },
          {
            "id": 12,
            "text": "2 : 키키 아니 뭘 하고 그리 놀았어? 궁금하노",
            "norm_text": "키키 아니 뭘 하고 그리 놀았어? 궁금하노",
            "speaker": {
              "id": "2번",
              "sex": "남성",
              "age": "20대"
            },
            "speechAct": "(지시) 질문하기",
            "morpheme": "키/NNG+키/XSV+ETN+아니/VCN+뭘/NP+JKO+하/VV+고/EC+그리/MAG+놀/VV+았/EP+어/EF+궁금/XR+하/XSA+노/EC"
          },
          {
            "id": 13,
            "text": "1 : 키키 맨날 동네 탐방하고 돌아다녔지 키키",
            "norm_text": "키키 맨날 동네 탐방하고 돌아다녔지 키키",
            "speaker": {
              "id": "1번",
              "sex": "여성",
              "age": "20대"
            },
            "speechAct": "(단언) 진술하기",
            "morpheme": "키/NNG+키/NNG+맨날/MAG+동네/NNG+탐방/NNG+하/XSV+고/EC+돌아다녔/VV+EP+지/EC+키/NNG+키/XSV+ETN"
          },
          {
            "id": 14,
            "text": "2 : 키키 막 술도 마시고 그런 건 아니제",
            "norm_text": "키키 막 술도 마시고 그런 건 아니제",
            "speaker": {
              "id": "2번",
              "sex": "남성",
              "age": "20대"
            },
            "speechAct": "(지시) 질문하기",
            "morpheme": "키/NNG+키/NNG+막술/NNG+도/JX+마시/VV+고/EC+그런/MM+건/NNB+JX+아니/VCN+제/EC"
          },
          {
            "id": 15,
            "text": "1 : 키키 어허 조금 맛만 봤지 키키",
            "norm_text": "키키 어허 조금 맛만 봤지 키키",
            "speaker": {
              "id": "1번",
              "sex": "여성",
              "age": "20대"
            },
            "speechAct": "(단언) 주장하기",
            "morpheme": "키/NNG+키/XSV+ETN+어허/IC+조금/MAG+맛/NNG+만/JX+봤/VV+EP+지/EC+키/NNG+키/XSV+ETN"
          },
          {
            "id": 16,
            "text": "2 : 그래 그러면 되었다 키키 잘했네 잘했어",
            "norm_text": "그래 그러면 되었다 키키 잘했네 잘했어",
            "speaker": {
              "id": "2번",
              "sex": "남성",
              "age": "20대"
            },
            "speechAct": "(단언) 주장하기",
            "morpheme": "그래/VA+EC+그러/VV+면/EC+되/VV+었/EP+다키키/NNP+잘/MAG+했/VV+EP+네/EF+잘/MAG+했/VV+EP+어/EC"
          }
        ]
      }
    }
  ]
}