{
  "dataset": {
    "identifier": 63664,
    "name": "KAKAO_907_17_set",
    "src_path": "/data/file/cubeManager/PROJECT001/53/txt20211005154856077557/KAKAO_907_17_set/",
    "label_path": "/data/file/cubeManager/PROJECT001/53/txt20211005154856077557/KAKAO_907_17_set/",
    "category": 2,
    "type": 0
  },
  "licenses": {
    "name": "Apache License 1.0",
    "url": "http://www.apache.org/licenses/LICENSE-1.0"
  },
  "info": [
    {
      "id": 41734,
      "filename": "KAKAO_907_17.txt",
      "title": "KAKAO_907_17",
      "mediatype": "SNS",
      "medianame": "카카오톡",
      "category": "일상대화",
      "date": "2021-10-05",
      "size": 539,
      "annotations": {
        "subject": "건강",
        "speaker_type": "1:1",
        "size": 539,
        "word_size": 175,
        "text": "1 : 니 혹시 비타민 살 생각 있나?\n2 : 비타민? 나 생일 선물로 영양제 많이 받아서 필요 없음\n1 : 오 나이 들어서 그런 거 받은 거임?\n2 : 그런가 봄... 나 이렇게 멀티 비타민 많이 받은 거 첨이야\n1 : 키키 근데 이제 우리도 관리해야 한다...\n2 : 나 어디서 봤는데 여자는 30살 이전에 만들어진 근육으로 평생을 살아 간다던가? 그렇대\n1 : 아 진심? 그럼 지금부터 운동하고 관리해야겠는데?\n2 : 나 그래서 PT도 시작하고 영양제도 꼬박꼬박 챙겨 먹잖냐...\n1 : 건강이 최고지.\n1 : 아프면 암 것도 못함...\n2 : 회사 다니면 아픈 거도 내 연차 쓰고 쉬어야 하는 게 젤 서럽거든\n1 : 인정; 니 혹시 받은 비타민 중에 젤 좋았던 거 있음?\n2 : 지금 먹고 있는 건 블랙모어스 건데 알이 좀 커서 삼키기 힘들더라\n1 : 난 알 크기 상관 없음\n1 : 그거 근데 좋은 거 같나?\n2 : 사실 엄청난 차이는 모르겠고 먹어야 할 것 같아서 먹는 거임\n1 : 키키 그럼 그걸로 시작해볼까 나도 먹어야 할 듯\n2 : 응응 도전해 보셈 이게 은근 유명한 거 같던데?",
        "lines": [
          {
            "id": 1,
            "text": "1 : 니 혹시 비타민 살 생각 있나?",
            "norm_text": "니 혹시 비타민 살 생각 있나?",
            "speaker": {
              "id": "1번",
              "sex": "여성",
              "age": "20대"
            },
            "speechAct": "(지시) 질문하기",
            "morpheme": "니/NP+혹시/MAG+비타민/NNG+살/VV+ETM+생각/NNG+있/VA+나/EF"
          },
          {
            "id": 2,
            "text": "2 : 비타민? 나 생일 선물로 영양제 많이 받아서 필요 없음",
            "norm_text": "비타민? 나 생일 선물로 영양제 많이 받아서 필요 없음",
            "speaker": {
              "id": "2번",
              "sex": "여성",
              "age": "20대"
            },
            "speechAct": "(단언) 주장하기",
            "morpheme": "비타민/NNG+나/NP+생일/NNG+선물/NNG+로/JKB+영양제/NNG+많이/MAG+받/VV+아서/EC+필요/NNG+없/VA+음/ETN"
          },
          {
            "id": 3,
            "text": "1 : 오 나이 들어서 그런 거 받은 거임?",
            "norm_text": "오 나이 들어서 그런 거 받은 거임?",
            "speaker": {
              "id": "1번",
              "sex": "여성",
              "age": "20대"
            },
            "speechAct": "(단언) 주장하기",
            "morpheme": "오/NR+나이/NNG+들/VV+어서/EC+그런/MM+거/NNB+받/VV+은/ETM+거/NNB+임/VCP+ETN"
          },
          {
            "id": 4,
            "text": "2 : 그런가 봄... 나 이렇게 멀티 비타민 많이 받은 거 첨이야",
            "norm_text": "그런가 봄... 나 이렇게 멀티 비타민 많이 받은 거 첨이야",
            "speaker": {
              "id": "2번",
              "sex": "여성",
              "age": "20대"
            },
            "speechAct": "(단언) 주장하기",
            "morpheme": "그런가/VA+EC+봄/VX+ETN+./SY+나/NP+이렇게/MAG+멀티/NNG+비타민/NNG+많이/MAG+받/VV+은/ETM+거첨/NNG+이/VCP+야/EC"
          },
          {
            "id": 5,
            "text": "1 : 키키 근데 이제 우리도 관리해야 한다...",
            "norm_text": "키키 근데 이제 우리도 관리해야 한다...",
            "speaker": {
              "id": "1번",
              "sex": "여성",
              "age": "20대"
            },
            "speechAct": "(단언) 주장하기",
            "morpheme": "키/NNG+키/XSV+ETN+근데/MAJ+이제/MAG+우리/NP+도/JX+관리/NNG+해야/XSV+EC+한다/VX+EF+./SY"
          },
          {
            "id": 6,
            "text": "2 : 나 어디서 봤는데 여자는 30살 이전에 만들어진 근육으로 평생을 살아 간다던가? 그렇대",
            "norm_text": "나 어디서 봤는데 여자는 30살 이전에 만들어진 근육으로 평생을 살아 간다던가? 그렇대",
            "speaker": {
              "id": "2번",
              "sex": "여성",
              "age": "20대"
            },
            "speechAct": "(단언) 주장하기",
            "morpheme": "나/NP+어디/NP+서/JKB+봤/VV+EP+는데/EC+여자/NNG+는/JX+30/SN+살/NNBC+이전/NNG+에/JKB+만들/VV+어/EC+진/VX+ETM+근육/NNG+으로/JKB+평생/NNG+을/JKO+살아간다/VV+EC+던가/VCP+EF+그렇/VA+대/EC"
          },
          {
            "id": 7,
            "text": "1 : 아 진심? 그럼 지금부터 운동하고 관리해야겠는데?",
            "norm_text": "아 진심? 그럼 지금부터 운동하고 관리해야겠는데?",
            "speaker": {
              "id": "1번",
              "sex": "여성",
              "age": "20대"
            },
            "speechAct": "(단언) 주장하기",
            "morpheme": "아/IC+진심/NNG+그럼/MAJ+지금/NNG+부터/JX+운동/NNG+하/XSV+고/EC+관리/NNG+해야/XSV+EC+VX+겠/EP+는데/EF"
          },
          {
            "id": 8,
            "text": "2 : 나 그래서 PT도 시작하고 영양제도 꼬박꼬박 챙겨 먹잖냐...",
            "norm_text": "나 그래서 PT도 시작하고 영양제도 꼬박꼬박 챙겨 먹잖냐...",
            "speaker": {
              "id": "2번",
              "sex": "여성",
              "age": "20대"
            },
            "speechAct": "(단언) 주장하기",
            "morpheme": "나/NP+그래서/MAJ+PT/SL+도/JX+시작/NNG+하/XSV+고/EC+영양제/NNG+도/JX+꼬박꼬박/MAG+챙겨/VV+EC+먹/VV+잖냐/EF+./SY"
          },
          {
            "id": 9,
            "text": "1 : 건강이 최고지.",
            "norm_text": "건강이 최고지.",
            "speaker": {
              "id": "1번",
              "sex": "여성",
              "age": "20대"
            },
            "speechAct": "(단언) 주장하기",
            "morpheme": "건강/NNG+이/JKS+최고/NNG+지/VCP+EF"
          },
          {
            "id": 10,
            "text": "1 : 아프면 암 것도 못함...",
            "norm_text": "아프면 암 것도 못함...",
            "speaker": {
              "id": "1번",
              "sex": "여성",
              "age": "20대"
            },
            "speechAct": "(단언) 주장하기",
            "morpheme": "아프/VA+면/EC+암것도/MM+NNB+JX+못함/VX+ETN+./SY"
          },
          {
            "id": 11,
            "text": "2 : 회사 다니면 아픈 거도 내 연차 쓰고 쉬어야 하는 게 젤 서럽거든",
            "norm_text": "회사 다니면 아픈 거도 내 연차 쓰고 쉬어야 하는 게 젤 서럽거든",
            "speaker": {
              "id": "2번",
              "sex": "여성",
              "age": "20대"
            },
            "speechAct": "(단언) 주장하기",
            "morpheme": "회사/NNG+다니/VV+면/EC+아픈/VA+ETM+거/NNB+도/JX+내/NP+JKG+연차/NNG+쓰/VV+고/EC+쉬/VV+어야/EC+하/VV+는/ETM+게/NNB+JKS+젤/MAG+서럽/VA+거든/EC"
          },
          {
            "id": 12,
            "text": "1 : 인정; 니 혹시 받은 비타민 중에 젤 좋았던 거 있음?",
            "norm_text": "인정; 니 혹시 받은 비타민 중에 젤 좋았던 거 있음?",
            "speaker": {
              "id": "1번",
              "sex": "여성",
              "age": "20대"
            },
            "speechAct": "(단언) 주장하기",
            "morpheme": "인정/NNG+;/SY+니/VCP+EC+혹시/MAG+받/VV+은/ETM+비타민/NNG+중/NNB+에/JKB+젤/MAG+좋/VA+았/EP+던/ETM+거/NNB+있/VA+음/ETN"
          },
          {
            "id": 13,
            "text": "2 : 지금 먹고 있는 건 블랙모어스 건데 알이 좀 커서 삼키기 힘들더라",
            "norm_text": "지금 먹고 있는 건 블랙모어스 건데 알이 좀 커서 삼키기 힘들더라",
            "speaker": {
              "id": "2번",
              "sex": "여성",
              "age": "20대"
            },
            "speechAct": "(단언) 주장하기",
            "morpheme": "지금/MAG+먹/VV+고/EC+있/VX+는/ETM+건/NNB+JX+블랙모어/NNP+스/XSN+건데/NNB+VCP+EC+알/NNG+이/JKS+좀/MAG+커서/VV+EC+삼키/VV+기/ETN+힘들/VA+더라/EC"
          },
          {
            "id": 14,
            "text": "1 : 난 알 크기 상관 없음",
            "norm_text": "난 알 크기 상관 없음",
            "speaker": {
              "id": "1번",
              "sex": "여성",
              "age": "20대"
            },
            "speechAct": "(단언) 주장하기",
            "morpheme": "난/NP+JX+알/VV+ETM+크기/NNG+상관없/VA+음/ETN"
          },
          {
            "id": 15,
            "text": "1 : 그거 근데 좋은 거 같나?",
            "norm_text": "그거 근데 좋은 거 같나?",
            "speaker": {
              "id": "1번",
              "sex": "여성",
              "age": "20대"
            },
            "speechAct": "(단언) 주장하기",
            "morpheme": "그거/NP+근데/MAJ+좋/VA+은/ETM+거/NNB+같/VA+나/EF"
          },
          {
            "id": 16,
            "text": "2 : 사실 엄청난 차이는 모르겠고 먹어야 할 것 같아서 먹는 거임",
            "norm_text": "사실 엄청난 차이는 모르겠고 먹어야 할 것 같아서 먹는 거임",
            "speaker": {
              "id": "2번",
              "sex": "여성",
              "age": "20대"
            },
            "speechAct": "(단언) 주장하기",
            "morpheme": "사실/MAG+엄청난/VA+ETM+차이/NNG+는/JX+모르/VV+겠/EP+고/EC+먹/VV+어야/EC+할/VX+ETM+것/NNB+같/VA+아서/EC+먹/VV+는/ETM+거/NNB+임/VCP+ETN"
          },
          {
            "id": 17,
            "text": "1 : 키키 그럼 그걸로 시작해볼까 나도 먹어야 할 듯",
            "norm_text": "키키 그럼 그걸로 시작해볼까 나도 먹어야 할 듯",
            "speaker": {
              "id": "1번",
              "sex": "여성",
              "age": "20대"
            },
            "speechAct": "(단언) 주장하기",
            "morpheme": "키/NNG+키/XSV+ETN+그럼/MAJ+그걸로/NP+JKB+시작/NNG+해/XSV+EC+볼까/VX+EF+나/NP+도/JX+먹/VV+어야/EC+할/VX+ETM+듯/NNB"
          },
          {
            "id": 18,
            "text": "2 : 응응 도전해 보셈 이게 은근 유명한 거 같던데?",
            "norm_text": "응응 도전해 보셈 이게 은근 유명한 거 같던데?",
            "speaker": {
              "id": "2번",
              "sex": "여성",
              "age": "20대"
            },
            "speechAct": "(단언) 주장하기",
            "morpheme": "응/IC+응/IC+도전/NNG+해/XSV+EC+보/VX+셈/NNB+이/VCP+게/EC+은근/NNG+유명/NNG+한/XSA+ETM+거/NNB+같/VA+던데/EF"
          }
        ]
      }
    }
  ]
}