{
  "dataset": {
    "identifier": 78314,
    "name": "KAKAO_904_02_set",
    "src_path": "/data/file/cubeManager/PROJECT001/53/txt20211005153330075459/KAKAO_904_02_set/",
    "label_path": "/data/file/cubeManager/PROJECT001/53/txt20211005153330075459/KAKAO_904_02_set/",
    "category": 2,
    "type": 0
  },
  "licenses": {
    "name": "Apache License 1.0",
    "url": "http://www.apache.org/licenses/LICENSE-1.0"
  },
  "info": [
    {
      "id": 41399,
      "filename": "KAKAO_904_02.txt",
      "title": "KAKAO_904_02",
      "mediatype": "SNS",
      "medianame": "카카오톡",
      "category": "일상대화",
      "date": "2021-10-05",
      "size": 813,
      "annotations": {
        "subject": "주거와 생활",
        "speaker_type": "다자간 대화",
        "size": 813,
        "word_size": 296,
        "text": "1 : 됌 응응 원래 권리금 걸어 놓고 매매로 내놓고 장사하시다가 이번에 업종 바꾼 겨\n2 : 아하 그런 거구나\n2 : 너 진짜 잘 알고 있구나\n3 : 사장님 똑같대 키키\n3 : 근데 우동만 먹기엔 눈치 보여 ㅠ\n1 : 아니야\n1 : 거기 식사도 가능해서 그냥 우동 먹으러 오라 했어\n1 : 같은 사장님이라 지금도 친해\n2 : 한신 우동이 있는지도 몰랐음\n2 : 신기\n3 : 거기 우동 얼마냐 맛있겠다\n1 : 한 7천 원 정도 했던 거 같은데?\n1 : 아무튼 맛있음\n1 : 가서 먹어봐\n1 : 홍보하는 거 맞아.\n2 : 키키 니가 왜 홍보해\n2 : 먹어봐야지\n3 : 셋이 가면 되잖아\n3 : 솔로몬 키키\n1 : 키키 인정\n1 : 우리 집에서 다같이 놀고 한신우동 가서 밥 먹고 다시 우리 집 와서 같이 자자\n2 : 키키 아니 엄마랑 갈 껀데 나는\n3 : 야 근데 너네 집 살기 좀 힘들지 않냐?\n1 : 우리 집 말하는 거?\n1 : 왜 괜찮은뎅 ㅠ\n2 : 살기 힘들지 인생은\n2 : 살기 힘든 거 근데 무슨 말이지\n3 : 아니 주차 공간 좀 없잖아 ㅠㅠ\n1 : 키키 왜 우리 집 주차장 있잖아 ㅠ\n1 : 그리고 너 차 없잖아...\n2 : 개웃기네 키키\n2 : 맞아.. 너 다시 차 생기냐….\n3 : 나? 아마 로또 1등되면?\n3 : 집도 사고 차도 사고\n3 : 차 없으니까 힘들긴 해 ㅠㅠ\n1 : 근데 너가 로또 1등 되면 너는 우리 곁에 없겠지...\n1 : 잠수 탈 듯\n2 : 너 차 있다가 없는 거라 힘들긴 할 듯\n3 : 맞아,, 차 없는 뚜벅이 삶 너무 힘들어\n1 : 난 평생을 뚜벅이라 힘듦을 잘 몰라\n2 : 나도 운전 못할 듯 주차 무서워\n3 : 난 주차는 쉬웠어\n3 : 근데 집 갈 때 진짜 힘들어 버스 타고 다닐려니까",
        "lines": [
          {
            "id": 1,
            "text": "1 : 됌 응응 원래 권리금 걸어 놓고 매매로 내놓고 장사하시다가 이번에 업종 바꾼 겨",
            "norm_text": "됌 응응 원래 권리금 걸어 놓고 매매로 내놓고 장사하시다가 이번에 업종 바꾼 겨",
            "speaker": {
              "id": "1번",
              "sex": "여성",
              "age": "20대"
            },
            "speechAct": "(단언) 진술하기",
            "morpheme": "됌응/UNKNOWN+응/IC+원래/MAG+권리금/NNG+걸/VV+어/EC+놓/VX+고/EC+매매/NNG+로/JKB+내놓/VV+고/EC+장사/NNG+하/XSV+시/EP+다가/EC+이번/NNG+에/JKB+업종/NNG+바꾼/VV+ETM+겨/NNG"
          },
          {
            "id": 2,
            "text": "2 : 아하 그런 거구나",
            "norm_text": "아하 그런 거구나",
            "speaker": {
              "id": "2번",
              "sex": "여성",
              "age": "20대"
            },
            "speechAct": "(단언) 주장하기",
            "morpheme": "아하/IC+그런/MM+거/NNB+구나/VCP+EC"
          },
          {
            "id": 3,
            "text": "2 : 너 진짜 잘 알고 있구나",
            "norm_text": "너 진짜 잘 알고 있구나",
            "speaker": {
              "id": "2번",
              "sex": "여성",
              "age": "20대"
            },
            "speechAct": "(단언) 주장하기",
            "morpheme": "너/NP+진짜/MAG+잘/MAG+알/VV+고/EC+있/VX+구나/EC"
          },
          {
            "id": 4,
            "text": "3 : 사장님 똑같대 키키",
            "norm_text": "사장님 똑같대 키키",
            "speaker": {
              "id": "3번",
              "sex": "여성",
              "age": "20대"
            },
            "speechAct": "(단언) 진술하기",
            "morpheme": "사장님똑같대키키/UNKNOWN"
          },
          {
            "id": 5,
            "text": "3 : 근데 우동만 먹기엔 눈치 보여 ㅠ",
            "norm_text": "근데 우동만 먹기엔 눈치 보여 ㅠ",
            "speaker": {
              "id": "3번",
              "sex": "여성",
              "age": "20대"
            },
            "speechAct": "(단언) 주장하기",
            "morpheme": "근데/MAJ+우동/NNG+만/JX+먹/VV+기/ETN+엔/JKB+JX+눈치/NNG+보여/VV+EC+ㅠ/UNKNOWN"
          },
          {
            "id": 6,
            "text": "1 : 아니야",
            "norm_text": "아니야",
            "speaker": {
              "id": "1번",
              "sex": "여성",
              "age": "20대"
            },
            "speechAct": "(단언) 주장하기",
            "morpheme": "아니/VCN+야/EC"
          },
          {
            "id": 7,
            "text": "1 : 거기 식사도 가능해서 그냥 우동 먹으러 오라 했어",
            "norm_text": "거기 식사도 가능해서 그냥 우동 먹으러 오라 했어",
            "speaker": {
              "id": "1번",
              "sex": "여성",
              "age": "20대"
            },
            "speechAct": "(단언) 진술하기",
            "morpheme": "거기/NP+식사/NNG+도/JX+가능/NNG+해서/XSV+EC+그냥/MAG+우동/NNG+먹/VV+으러/EC+오/VV+라/EC+했/VX+EP+어/EC"
          },
          {
            "id": 8,
            "text": "1 : 같은 사장님이라 지금도 친해",
            "norm_text": "같은 사장님이라 지금도 친해",
            "speaker": {
              "id": "1번",
              "sex": "여성",
              "age": "20대"
            },
            "speechAct": "(단언) 진술하기",
            "morpheme": "같/VA+은/ETM+사장/NNG+님/XSN+이/VCP+라/EC+지금/NNG+도/JX+친해/VA+EC"
          },
          {
            "id": 9,
            "text": "2 : 한신 우동이 있는지도 몰랐음",
            "norm_text": "한신 우동이 있는지도 몰랐음",
            "speaker": {
              "id": "2번",
              "sex": "여성",
              "age": "20대"
            },
            "speechAct": "(단언) 주장하기",
            "morpheme": "한/NNP+신우동/NNP+이/JKS+있/VV+는지/EC+도/JX+몰랐/VV+EP+음/ETN"
          },
          {
            "id": 10,
            "text": "2 : 신기",
            "norm_text": "신기",
            "speaker": {
              "id": "2번",
              "sex": "여성",
              "age": "20대"
            },
            "speechAct": "(단언) 주장하기",
            "morpheme": "신기/NNG"
          },
          {
            "id": 11,
            "text": "3 : 거기 우동 얼마냐 맛있겠다",
            "norm_text": "거기 우동 얼마냐 맛있겠다",
            "speaker": {
              "id": "3번",
              "sex": "여성",
              "age": "20대"
            },
            "speechAct": "(지시) 질문하기",
            "morpheme": "거기/NP+우동/NNG+얼마/NNG+냐/VCP+EC+맛있/VA+겠/EP+다/EC"
          },
          {
            "id": 12,
            "text": "1 : 한 7천 원 정도 했던 거 같은데?",
            "norm_text": "한 7천 원 정도 했던 거 같은데?",
            "speaker": {
              "id": "1번",
              "sex": "여성",
              "age": "20대"
            },
            "speechAct": "(단언) 진술하기",
            "morpheme": "한/MM+7/SN+천/NR+원/NNBC+정도/NNG+했/XSV+EP+던/ETM+거/NNB+같/VA+은데/EF"
          },
          {
            "id": 13,
            "text": "1 : 아무튼 맛있음",
            "norm_text": "아무튼 맛있음",
            "speaker": {
              "id": "1번",
              "sex": "여성",
              "age": "20대"
            },
            "speechAct": "(단언) 주장하기",
            "morpheme": "아무튼/MAJ+맛있/VA+음/ETN"
          },
          {
            "id": 14,
            "text": "1 : 가서 먹어봐",
            "norm_text": "가서 먹어봐",
            "speaker": {
              "id": "1번",
              "sex": "여성",
              "age": "20대"
            },
            "speechAct": "(지시) 충고/제안하기",
            "morpheme": "가/VV+서/EC+먹/VV+어/EC+봐/VX+EC"
          },
          {
            "id": 15,
            "text": "1 : 홍보하는 거 맞아.",
            "norm_text": "홍보하는 거 맞아.",
            "speaker": {
              "id": "1번",
              "sex": "여성",
              "age": "20대"
            },
            "speechAct": "(단언) 진술하기",
            "morpheme": "홍보/NNG+하/XSV+는/ETM+거/NNB+맞/VV+아/EF"
          },
          {
            "id": 16,
            "text": "2 : 키키 니가 왜 홍보해",
            "norm_text": "키키 니가 왜 홍보해",
            "speaker": {
              "id": "2번",
              "sex": "여성",
              "age": "20대"
            },
            "speechAct": "(단언) 진술하기",
            "morpheme": "키/NNG+키/XSV+ETN+니/NP+가/JKS+왜/MAG+홍보/NNG+해/XSV+EC"
          },
          {
            "id": 17,
            "text": "2 : 먹어봐야지",
            "norm_text": "먹어봐야지",
            "speaker": {
              "id": "2번",
              "sex": "여성",
              "age": "20대"
            },
            "speechAct": "(단언) 주장하기",
            "morpheme": "먹/VV+어/EC+봐야/VX+EC+VV+지/EC"
          },
          {
            "id": 18,
            "text": "3 : 셋이 가면 되잖아",
            "norm_text": "셋이 가면 되잖아",
            "speaker": {
              "id": "3번",
              "sex": "여성",
              "age": "20대"
            },
            "speechAct": "(단언) 주장하기",
            "morpheme": "셋/NR+이/JKS+가/VV+면/EC+되/VV+잖아/EC"
          },
          {
            "id": 19,
            "text": "3 : 솔로몬 키키",
            "norm_text": "솔로몬 키키",
            "speaker": {
              "id": "3번",
              "sex": "여성",
              "age": "20대"
            },
            "speechAct": "(단언) 진술하기",
            "morpheme": "솔로몬/NNP+키키/NNP"
          },
          {
            "id": 20,
            "text": "1 : 키키 인정",
            "norm_text": "키키 인정",
            "speaker": {
              "id": "1번",
              "sex": "여성",
              "age": "20대"
            },
            "speechAct": "(단언) 주장하기",
            "morpheme": "키/NNG+키/NNG+인정/NNG"
          },
          {
            "id": 21,
            "text": "1 : 우리 집에서 다같이 놀고 한신우동 가서 밥 먹고 다시 우리 집 와서 같이 자자",
            "norm_text": "우리 집에서 다같이 놀고 한신우동 가서 밥 먹고 다시 우리 집 와서 같이 자자",
            "speaker": {
              "id": "1번",
              "sex": "여성",
              "age": "20대"
            },
            "speechAct": "(지시) 충고/제안하기",
            "morpheme": "우리/NP+집/NNG+에서/JKB+다/MAG+같이/MAG+놀/VV+고/EC+한/MM+신우/NNG+동가/NNG+서/JKB+밥/NNG+먹/VV+고/EC+다시/MAG+우리/NP+집/NNG+와서/VV+EC+같이/MAG+자자/NNG"
          },
          {
            "id": 22,
            "text": "2 : 키키 아니 엄마랑 갈 껀데 나는",
            "norm_text": "키키 아니 엄마랑 갈 껀데 나는",
            "speaker": {
              "id": "2번",
              "sex": "여성",
              "age": "20대"
            },
            "speechAct": "(단언) 진술하기",
            "morpheme": "키/NNG+키/XSV+ETN+아니/VCN+엄마/NNG+랑/JKB+갈/VV+ETM+껀/NNB+JX+데/NNB+나/VV+는/ETM"
          },
          {
            "id": 23,
            "text": "3 : 야 근데 너네 집 살기 좀 힘들지 않냐?",
            "norm_text": "야 근데 너네 집 살기 좀 힘들지 않냐?",
            "speaker": {
              "id": "3번",
              "sex": "여성",
              "age": "20대"
            },
            "speechAct": "(지시) 질문하기",
            "morpheme": "야/IC+근데/MAJ+너/NP+네/XSN+집/NNG+살/VV+기/ETN+좀/MAG+힘들/VA+지/EC+않/VX+냐/EF"
          },
          {
            "id": 24,
            "text": "1 : 우리 집 말하는 거?",
            "norm_text": "우리 집 말하는 거?",
            "speaker": {
              "id": "1번",
              "sex": "여성",
              "age": "20대"
            },
            "speechAct": "(지시) 질문하기",
            "morpheme": "우리/NP+집/NNG+말/NNG+하/XSV+는/ETM+거/NNB"
          },
          {
            "id": 25,
            "text": "1 : 왜 괜찮은뎅 ㅠ",
            "norm_text": "왜 괜찮은뎅 ㅠ",
            "speaker": {
              "id": "1번",
              "sex": "여성",
              "age": "20대"
            },
            "speechAct": "(단언) 주장하기",
            "morpheme": "왜/MAG+괜찮/VA+은/ETM+뎅ㅠ/UNKNOWN"
          },
          {
            "id": 26,
            "text": "2 : 살기 힘들지 인생은",
            "norm_text": "살기 힘들지 인생은",
            "speaker": {
              "id": "2번",
              "sex": "여성",
              "age": "20대"
            },
            "speechAct": "(단언) 주장하기",
            "morpheme": "살/VV+기/ETN+힘들/VA+지/EC+인생/NNG+은/JX"
          },
          {
            "id": 27,
            "text": "2 : 살기 힘든 거 근데 무슨 말이지",
            "norm_text": "살기 힘든 거 근데 무슨 말이지",
            "speaker": {
              "id": "2번",
              "sex": "여성",
              "age": "20대"
            },
            "speechAct": "(지시) 질문하기",
            "morpheme": "살/VV+기/ETN+힘든/VA+ETM+거/NNB+근데/MAJ+무슨/MM+말/NNG+이/VCP+지/EC"
          },
          {
            "id": 28,
            "text": "3 : 아니 주차 공간 좀 없잖아 ㅠㅠ",
            "norm_text": "아니 주차 공간 좀 없잖아 ㅠㅠ",
            "speaker": {
              "id": "3번",
              "sex": "여성",
              "age": "20대"
            },
            "speechAct": "(단언) 진술하기",
            "morpheme": "아니/IC+주차/NNG+공간/NNG+좀/MAG+없/VA+잖아/EF+ㅠㅠ/UNKNOWN"
          },
          {
            "id": 29,
            "text": "1 : 키키 왜 우리 집 주차장 있잖아 ㅠ",
            "norm_text": "키키 왜 우리 집 주차장 있잖아 ㅠ",
            "speaker": {
              "id": "1번",
              "sex": "여성",
              "age": "20대"
            },
            "speechAct": "(단언) 진술하기",
            "morpheme": "키/NNG+키/XSV+ETN+왜/MAG+우리/NP+집/NNG+주차장/NNG+있/VA+잖아/EF+ㅠ/UNKNOWN"
          },
          {
            "id": 30,
            "text": "1 : 그리고 너 차 없잖아...",
            "norm_text": "그리고 너 차 없잖아...",
            "speaker": {
              "id": "1번",
              "sex": "여성",
              "age": "20대"
            },
            "speechAct": "(단언) 진술하기",
            "morpheme": "그리고/MAJ+너/NP+차/NNG+없/VA+잖아/EF+./SY"
          },
          {
            "id": 31,
            "text": "2 : 개웃기네 키키",
            "norm_text": "개웃기네 키키",
            "speaker": {
              "id": "2번",
              "sex": "여성",
              "age": "20대"
            },
            "speechAct": "(단언) 주장하기",
            "morpheme": "개웃기네키키/UNKNOWN"
          },
          {
            "id": 32,
            "text": "2 : 맞아.. 너 다시 차 생기냐….",
            "norm_text": "맞아.. 너 다시 차 생기냐….",
            "speaker": {
              "id": "2번",
              "sex": "여성",
              "age": "20대"
            },
            "speechAct": "(지시) 질문하기",
            "morpheme": "맞/VV+아/EF+./SY+너/NP+다시/MAG+차/NNG+생기/VV+냐/EC+…/SE"
          },
          {
            "id": 33,
            "text": "3 : 나? 아마 로또 1등되면?",
            "norm_text": "나? 아마 로또 1등되면?",
            "speaker": {
              "id": "3번",
              "sex": "여성",
              "age": "20대"
            },
            "speechAct": "(단언) 진술하기",
            "morpheme": "나/NP+아마/MAG+로또/NNP+1/SN+등/NNBC+되/VV+면/EC"
          },
          {
            "id": 34,
            "text": "3 : 집도 사고 차도 사고",
            "norm_text": "집도 사고 차도 사고",
            "speaker": {
              "id": "3번",
              "sex": "여성",
              "age": "20대"
            },
            "speechAct": "(단언) 주장하기",
            "morpheme": "집/NNG+도/JX+사고/NNG+차/NNG+도/JX+사고/NNG"
          },
          {
            "id": 35,
            "text": "3 : 차 없으니까 힘들긴 해 ㅠㅠ",
            "norm_text": "차 없으니까 힘들긴 해 ㅠㅠ",
            "speaker": {
              "id": "3번",
              "sex": "여성",
              "age": "20대"
            },
            "speechAct": "(단언) 주장하기",
            "morpheme": "차/NNG+없/VA+으니까/EC+힘들/VA+긴/ETN+JX+해/VX+EF+ㅠㅠ/UNKNOWN"
          },
          {
            "id": 36,
            "text": "1 : 근데 너가 로또 1등 되면 너는 우리 곁에 없겠지...",
            "norm_text": "근데 너가 로또 1등 되면 너는 우리 곁에 없겠지...",
            "speaker": {
              "id": "1번",
              "sex": "여성",
              "age": "20대"
            },
            "speechAct": "(단언) 진술하기",
            "morpheme": "근데/MAJ+너/NP+가/JKS+로또/NNP+1/SN+등/NNBC+되/VV+면/EC+너/NP+는/JX+우리/NP+곁/NNG+에/JKB+없/VA+겠/EP+지/EF+./SY"
          },
          {
            "id": 37,
            "text": "1 : 잠수 탈 듯",
            "norm_text": "잠수 탈 듯",
            "speaker": {
              "id": "1번",
              "sex": "여성",
              "age": "20대"
            },
            "speechAct": "(단언) 진술하기",
            "morpheme": "잠수/NNG+탈/VV+듯/EC"
          },
          {
            "id": 38,
            "text": "2 : 너 차 있다가 없는 거라 힘들긴 할 듯",
            "norm_text": "너 차 있다가 없는 거라 힘들긴 할 듯",
            "speaker": {
              "id": "2번",
              "sex": "여성",
              "age": "20대"
            },
            "speechAct": "(단언) 주장하기",
            "morpheme": "너/NP+차/VV+EC+있/VX+다가/EC+없/VA+는/ETM+거/NNB+라/VCP+EC+힘들/VA+긴/ETN+JX+할/VX+ETM+듯/NNB"
          },
          {
            "id": 39,
            "text": "3 : 맞아,, 차 없는 뚜벅이 삶 너무 힘들어",
            "norm_text": "맞아,, 차 없는 뚜벅이 삶 너무 힘들어",
            "speaker": {
              "id": "3번",
              "sex": "여성",
              "age": "20대"
            },
            "speechAct": "(단언) 주장하기",
            "morpheme": "맞/VV+아/EC+,/SY+,/SC+차/NNG+없/VA+는/ETM+뚜벅/MAG+이/MM+삶/NNG+너무/MAG+힘들/VA+어/EC"
          },
          {
            "id": 40,
            "text": "1 : 난 평생을 뚜벅이라 힘듦을 잘 몰라",
            "norm_text": "난 평생을 뚜벅이라 힘듦을 잘 몰라",
            "speaker": {
              "id": "1번",
              "sex": "여성",
              "age": "20대"
            },
            "speechAct": "(단언) 주장하기",
            "morpheme": "난/NP+JX+평생/NNG+을/JKO+뚜벅/MAG+이/VCP+라/EC+힘듦을/VA+ETN+JKO+잘/MAG+몰라/VV+EC"
          },
          {
            "id": 41,
            "text": "2 : 나도 운전 못할 듯 주차 무서워",
            "norm_text": "나도 운전 못할 듯 주차 무서워",
            "speaker": {
              "id": "2번",
              "sex": "여성",
              "age": "20대"
            },
            "speechAct": "(단언) 주장하기",
            "morpheme": "나/NP+도/JX+운전/NNG+못/MAG+할/VV+ETM+듯/NNB+주차/NNG+무서워/VA+EC"
          },
          {
            "id": 42,
            "text": "3 : 난 주차는 쉬웠어",
            "norm_text": "난 주차는 쉬웠어",
            "speaker": {
              "id": "3번",
              "sex": "여성",
              "age": "20대"
            },
            "speechAct": "(단언) 주장하기",
            "morpheme": "난/NP+JX+주차/NNG+는/JX+쉬웠/VA+EP+어/EC"
          },
          {
            "id": 43,
            "text": "3 : 근데 집 갈 때 진짜 힘들어 버스 타고 다닐려니까",
            "norm_text": "근데 집 갈 때 진짜 힘들어 버스 타고 다닐려니까",
            "speaker": {
              "id": "3번",
              "sex": "여성",
              "age": "20대"
            },
            "speechAct": "(단언) 주장하기",
            "morpheme": "근데/MAJ+집/NNG+갈/VV+ETM+때/NNG+진짜/MAG+힘들/VA+어/EC+버스/NNG+타/VV+고/EC+다닐/VV+ETM+려니까/EC"
          }
        ]
      }
    }
  ]
}