{
  "dataset": {
    "identifier": 63677,
    "name": "KAKAO_907_20_set",
    "src_path": "/data/file/cubeManager/PROJECT001/53/txt20211005154856079895/KAKAO_907_20_set/",
    "label_path": "/data/file/cubeManager/PROJECT001/53/txt20211005154856079895/KAKAO_907_20_set/",
    "category": 2,
    "type": 0
  },
  "licenses": {
    "name": "Apache License 1.0",
    "url": "http://www.apache.org/licenses/LICENSE-1.0"
  },
  "info": [
    {
      "id": 41737,
      "filename": "KAKAO_907_20.txt",
      "title": "KAKAO_907_20",
      "mediatype": "SNS",
      "medianame": "카카오톡",
      "category": "일상대화",
      "date": "2021-10-05",
      "size": 455,
      "annotations": {
        "subject": "영화/만화",
        "speaker_type": "1:1",
        "size": 455,
        "word_size": 150,
        "text": "1 : 디즈니 영화 하나 더 안 만드냐...\n2 : 니도 디즈니 덕후?\n2 : 나 진짜 디즈니 영화 다 보거든\n1 : 야 당연 ㅜ 이 나이 먹고 민망하지만 나 디즈니에 진심임\n2 : 키키 귀여운 건 다 옳은 거 알지? 하하\n1 : 그래서 너네 집에 물건들이 거의 디즈니였군?\n2 : 응응 기왕 사는 거 귀여운 거 사면 좋잖냐 하하\n1 : 니 디즈니 중에 뭐 젤 좋아하냐\n2 : 나 일단 겨울왕국 너무 팬이야... 키키\n1 : 나도 그거 노래 때문에 진짜 좋아했음\n2 : 라푼젤이랑 모아나도 내 최애임 ㅜㅜ\n1 : 걍 디즈니면 다 팬인 거 아냐?키키\n2 : 그것도 사실임.\n2 : 그리고 코코도 진짜 명작이야\n1 : 나 코코 보고 진짜 펑펑 울었다... 할무니 생각나서...\n2 : 디즈니는 진짜 감동 재미 귀여움 다 가졌거든...\n1 : 인정... 야 디즈니 영화 새로 개봉하면 같이 가자\n2 : 좋다 같이 덕질 하자 빨리 영화 새로 만들어줘~",
        "lines": [
          {
            "id": 1,
            "text": "1 : 디즈니 영화 하나 더 안 만드냐...",
            "norm_text": "디즈니 영화 하나 더 안 만드냐...",
            "speaker": {
              "id": "1번",
              "sex": "여성",
              "age": "20대"
            },
            "speechAct": "(단언) 주장하기",
            "morpheme": "디즈니/NNP+영화/NNG+하나/NR+더/MAG+안/MAG+만드/VV+냐/EF+./SY"
          },
          {
            "id": 2,
            "text": "2 : 니도 디즈니 덕후?",
            "norm_text": "니도 디즈니 덕후?",
            "speaker": {
              "id": "2번",
              "sex": "여성",
              "age": "20대"
            },
            "speechAct": "(단언) 주장하기",
            "morpheme": "니/NP+도/JX+디즈니/NNP+덕/NNG+후/NNG"
          },
          {
            "id": 3,
            "text": "2 : 나 진짜 디즈니 영화 다 보거든",
            "norm_text": "나 진짜 디즈니 영화 다 보거든",
            "speaker": {
              "id": "2번",
              "sex": "여성",
              "age": "20대"
            },
            "speechAct": "(단언) 주장하기",
            "morpheme": "나/NP+진짜/MAG+디즈니/NNP+영화/NNG+다/VCP+EC+보/VX+거든/EC"
          },
          {
            "id": 4,
            "text": "1 : 야 당연 ㅜ 이 나이 먹고 민망하지만 나 디즈니에 진심임",
            "norm_text": "야 당연 ㅜ 이 나이 먹고 민망하지만 나 디즈니에 진심임",
            "speaker": {
              "id": "1번",
              "sex": "여성",
              "age": "20대"
            },
            "speechAct": "(단언) 주장하기",
            "morpheme": "야당/NNG+연ㅜ/UNKNOWN+이나/JC+이/JKC+먹/VV+고/EC+민망/XR+하/XSA+지만/EC+나/NP+디즈니/NNP+에/JKB+진심/NNG+임/VCP+ETN"
          },
          {
            "id": 5,
            "text": "2 : 키키 귀여운 건 다 옳은 거 알지? 하하",
            "norm_text": "키키 귀여운 건 다 옳은 거 알지? 하하",
            "speaker": {
              "id": "2번",
              "sex": "여성",
              "age": "20대"
            },
            "speechAct": "(단언) 주장하기",
            "morpheme": "키/NNG+키/XSV+ETN+귀여운/VA+ETM+건/NNB+JX+다/MAG+옳/VA+은/ETM+거/NNB+알/VV+지/EF+하하/MAG"
          },
          {
            "id": 6,
            "text": "1 : 그래서 너네 집에 물건들이 거의 디즈니였군?",
            "norm_text": "그래서 너네 집에 물건들이 거의 디즈니였군?",
            "speaker": {
              "id": "1번",
              "sex": "여성",
              "age": "20대"
            },
            "speechAct": "(지시) 질문하기",
            "morpheme": "그래서/MAJ+너/NP+네/XSN+집/NNG+에/JKB+물건/NNG+들/XSN+이/JKS+거의/MAG+디즈니/NNP+였/VCP+EP+군/EF"
          },
          {
            "id": 7,
            "text": "2 : 응응 기왕 사는 거 귀여운 거 사면 좋잖냐 하하",
            "norm_text": "응응 기왕 사는 거 귀여운 거 사면 좋잖냐 하하",
            "speaker": {
              "id": "2번",
              "sex": "여성",
              "age": "20대"
            },
            "speechAct": "(단언) 주장하기",
            "morpheme": "응/IC+응/IC+기왕/MAG+사/VV+는/ETM+거/NNB+귀여운/VA+ETM+거/NNB+사/VV+면/EC+좋/VA+잖냐/EF+하하/MAG"
          },
          {
            "id": 8,
            "text": "1 : 니 디즈니 중에 뭐 젤 좋아하냐",
            "norm_text": "니 디즈니 중에 뭐 젤 좋아하냐",
            "speaker": {
              "id": "1번",
              "sex": "여성",
              "age": "20대"
            },
            "speechAct": "(단언) 주장하기",
            "morpheme": "니/MM+디즈니/NNP+중/NNB+에/JKB+뭐/IC+젤/MAG+좋/VA+아/EC+하/VV+냐/EC"
          },
          {
            "id": 9,
            "text": "2 : 나 일단 겨울왕국 너무 팬이야... 키키",
            "norm_text": "나 일단 겨울왕국 너무 팬이야... 키키",
            "speaker": {
              "id": "2번",
              "sex": "여성",
              "age": "20대"
            },
            "speechAct": "(단언) 주장하기",
            "morpheme": "나/NP+일단/MAG+겨울/NNG+왕국/NNG+너무/MAG+팬/NNG+이/VCP+야/EF+./SY+키/NNG+키/XSV+ETN"
          },
          {
            "id": 10,
            "text": "1 : 나도 그거 노래 때문에 진짜 좋아했음",
            "norm_text": "나도 그거 노래 때문에 진짜 좋아했음",
            "speaker": {
              "id": "1번",
              "sex": "여성",
              "age": "20대"
            },
            "speechAct": "(단언) 주장하기",
            "morpheme": "나/NP+도/JX+그거/NP+노래/NNG+때문/NNB+에/JKB+진짜/MAG+좋/VA+아/EC+했/VX+EP+음/ETN"
          },
          {
            "id": 11,
            "text": "2 : 라푼젤이랑 모아나도 내 최애임 ㅜㅜ",
            "norm_text": "라푼젤이랑 모아나도 내 최애임 ㅜㅜ",
            "speaker": {
              "id": "2번",
              "sex": "여성",
              "age": "20대"
            },
            "speechAct": "(단언) 주장하기",
            "morpheme": "라푼젤/NNP+이/XSN+랑/JKB+모아/VV+EC+나/NP+도/JX+내/NP+JKG+최애/NNG+임/VCP+ETN+ㅜㅜ/UNKNOWN"
          },
          {
            "id": 12,
            "text": "1 : 걍 디즈니면 다 팬인 거 아냐?키키",
            "norm_text": "걍 디즈니면 다 팬인 거 아냐?키키",
            "speaker": {
              "id": "1번",
              "sex": "여성",
              "age": "20대"
            },
            "speechAct": "(단언) 주장하기",
            "morpheme": "걍/UNKNOWN+디즈니/NNP+면/VCP+EC+다/MAG+팬/NNG+인/VCP+ETM+거/NNB+아냐/VCN+EF+키/NNG+키/XSV+ETN"
          },
          {
            "id": 13,
            "text": "2 : 그것도 사실임.",
            "norm_text": "그것도 사실임.",
            "speaker": {
              "id": "2번",
              "sex": "여성",
              "age": "20대"
            },
            "speechAct": "(단언) 주장하기",
            "morpheme": "그것/NP+도/JX+사실/NNG+임/VCP+ETN"
          },
          {
            "id": 14,
            "text": "2 : 그리고 코코도 진짜 명작이야",
            "norm_text": "그리고 코코도 진짜 명작이야",
            "speaker": {
              "id": "2번",
              "sex": "여성",
              "age": "20대"
            },
            "speechAct": "(단언) 주장하기",
            "morpheme": "그리고/MAJ+코코/NNG+도/JX+진짜/MAG+명작/NNG+이/VCP+야/EC"
          },
          {
            "id": 15,
            "text": "1 : 나 코코 보고 진짜 펑펑 울었다... 할무니 생각나서...",
            "norm_text": "나 코코 보고 진짜 펑펑 울었다... 할무니 생각나서...",
            "speaker": {
              "id": "1번",
              "sex": "여성",
              "age": "20대"
            },
            "speechAct": "(단언) 주장하기",
            "morpheme": "나/NP+코코/NNG+보/VV+고/EC+진짜/MAG+펑펑/MAG+울/VV+었/EP+다/EF+./SY+할무니/NNG+생각/NNG+나서/VV+EF+./SY"
          },
          {
            "id": 16,
            "text": "2 : 디즈니는 진짜 감동 재미 귀여움 다 가졌거든...",
            "norm_text": "디즈니는 진짜 감동 재미 귀여움 다 가졌거든...",
            "speaker": {
              "id": "2번",
              "sex": "여성",
              "age": "20대"
            },
            "speechAct": "(단언) 주장하기",
            "morpheme": "디즈니/NNP+는/JX+진짜/MAG+감동/NNG+재미/NNG+귀여움/VA+ETN+다가/EC+졌/VX+EP+거든/EF+./SY"
          },
          {
            "id": 17,
            "text": "1 : 인정... 야 디즈니 영화 새로 개봉하면 같이 가자",
            "norm_text": "인정... 야 디즈니 영화 새로 개봉하면 같이 가자",
            "speaker": {
              "id": "1번",
              "sex": "여성",
              "age": "20대"
            },
            "speechAct": "(단언) 주장하기",
            "morpheme": "인정/NNG+./SY+./SY+야/IC+디즈니/NNP+영화/NNG+새로/MAG+개봉/NNG+하/XSV+면/EC+같이/MAG+가/VV+자/EC"
          },
          {
            "id": 18,
            "text": "2 : 좋다 같이 덕질 하자 빨리 영화 새로 만들어줘~",
            "norm_text": "좋다 같이 덕질 하자 빨리 영화 새로 만들어줘~",
            "speaker": {
              "id": "2번",
              "sex": "여성",
              "age": "20대"
            },
            "speechAct": "(단언) 주장하기",
            "morpheme": "좋/VA+다/EC+같이/MAG+덕/NNG+질/XSN+하/XSV+자/EC+빨리/MAG+영화/NNG+새로/MAG+만들/VV+어/EC+줘/VX+EC+~/SY"
          }
        ]
      }
    }
  ]
}