{
  "dataset": {
    "identifier": 69176,
    "name": "KAKAO_919_16_set",
    "src_path": "/data/file/cubeManager/PROJECT001/53/txt20211005155848059858/KAKAO_919_16_set/",
    "label_path": "/data/file/cubeManager/PROJECT001/53/txt20211005155848059858/KAKAO_919_16_set/",
    "category": 2,
    "type": 0
  },
  "licenses": {
    "name": "Apache License 1.0",
    "url": "http://www.apache.org/licenses/LICENSE-1.0"
  },
  "info": [
    {
      "id": 41933,
      "filename": "KAKAO_919_16.txt",
      "title": "KAKAO_919_16",
      "mediatype": "SNS",
      "medianame": "카카오톡",
      "category": "일상대화",
      "date": "2021-10-05",
      "size": 654,
      "annotations": {
        "subject": "미용",
        "speaker_type": "1:1",
        "size": 654,
        "word_size": 208,
        "text": "1 : 요즘 밖에 돌아다니는데 화장하는 남자들 진짜 많이 늘었더라...\n2 : 맞아 키키 내 친구도 얼굴에 화장하더라 키키\n1 : 아 진짜? 키키 안 이상하냐? 뭔가 엄청 어색할 꺼 같은데\n2 : 처음 봤을 때 얘도 화장을 해본 적이 없어서 처음 화장하고 나타났을 때 진짜 어색했었어 키키\n1 : 아 그래? 키키 화장한 지 얼마나 됐는데?\n2 : 한 반 년 정도 된 거 같은데 처음보단 요즘 만나면 자연스럽달까?\n1 : 와 키키 진짜 대단하다 키키\n1 : 남자가 무슨 화장이냐 키키\n2 : 연예인들도 화장하는데 뭐 키키 요즘은 남자들을 위한 화장품도 많이 생겼던데 키키\n1 : 화장품 가게 갈 일이 없어서 잘 모르겠다 키키\n2 : 나도 처음 봄 키키 스킨 로션 떨어져서 사러 화장품 가게 갔는데 직원이 막 남자 화장품 소개해주더라고 키키\n1 : 너한테 화장품도 소개해줘? 키키 대단한데? 키키\n2 : 나도 놀랬음 키키\n2 : 갑자기 다가와서 피부 좋아 보이시네요 하더니 이런 걸로 커버업 하시면 한결 더 좋아 보일 꺼 같아요~ 하더라고 키키\n1 : 오 키키 피부 좋아 보인다는 칭찬 들어서 좋았겠네 키키\n2 : 내가 피부가 좀 좋긴 하지 하하\n1 : 맞아 키키 너 피부 진짜 좋더라 키키\n1 : 넌 화장 같은 거 할 필요 없을 듯?\n2 : 어우... 난 절대... 피부 안 좋아도 화장은 못할 듯 키키",
        "lines": [
          {
            "id": 1,
            "text": "1 : 요즘 밖에 돌아다니는데 화장하는 남자들 진짜 많이 늘었더라...",
            "norm_text": "요즘 밖에 돌아다니는데 화장하는 남자들 진짜 많이 늘었더라...",
            "speaker": {
              "id": "1번",
              "sex": "남성",
              "age": "20대"
            },
            "speechAct": "(단언) 진술하기",
            "morpheme": "요즘/NNG+밖에/JX+돌아다니/VV+는데/EC+화장/NNG+하/XSV+는/ETM+남자/NNG+들/XSN+진짜/MAG+많이/MAG+늘/VV+었/EP+더라/EF+./SY"
          },
          {
            "id": 2,
            "text": "2 : 맞아 키키 내 친구도 얼굴에 화장하더라 키키",
            "norm_text": "맞아 키키 내 친구도 얼굴에 화장하더라 키키",
            "speaker": {
              "id": "2번",
              "sex": "남성",
              "age": "20대"
            },
            "speechAct": "(단언) 진술하기",
            "morpheme": "맞/VV+아/EC+키/NNG+키/XSV+ETN+내/NP+JKG+친구/NNG+도/JX+얼굴/NNG+에/JKB+화장/NNG+하/XSV+더라/EC+키/NNG+키/XSV+ETN"
          },
          {
            "id": 3,
            "text": "1 : 아 진짜? 키키 안 이상하냐? 뭔가 엄청 어색할 꺼 같은데",
            "norm_text": "아 진짜? 키키 안 이상하냐? 뭔가 엄청 어색할 꺼 같은데",
            "speaker": {
              "id": "1번",
              "sex": "남성",
              "age": "20대"
            },
            "speechAct": "(단언) 주장하기",
            "morpheme": "아/IC+진짜/MAG+키/NNG+키/NNG+안/MAG+이상/XR+하/XSA+냐/EF+뭔가/NP+VCP+EC+엄청/MAG+어색/XR+할/XSA+JKO+꺼/VV+EC+같/VA+은데/EC"
          },
          {
            "id": 4,
            "text": "2 : 처음 봤을 때 얘도 화장을 해본 적이 없어서 처음 화장하고 나타났을 때 진짜 어색했었어 키키",
            "norm_text": "처음 봤을 때 얘도 화장을 해본 적이 없어서 처음 화장하고 나타났을 때 진짜 어색했었어 키키",
            "speaker": {
              "id": "2번",
              "sex": "남성",
              "age": "20대"
            },
            "speechAct": "(단언) 진술하기",
            "morpheme": "처음/MAG+봤/VV+EP+을/ETM+때/NNG+얘/NP+도/JX+화장/NNG+을/JKO+해/VV+EC+본/VX+ETM+적/NNB+이/JKS+없/VA+어서/EC+처음/NNG+화장/NNG+하/XSV+고/EC+나타났/VV+EP+을/ETM+때/NNG+진짜/MAG+어색/XR+했었/XSA+EP+어/EC+키/NNG+키/XSV+ETN"
          },
          {
            "id": 5,
            "text": "1 : 아 그래? 키키 화장한 지 얼마나 됐는데?",
            "norm_text": "아 그래? 키키 화장한 지 얼마나 됐는데?",
            "speaker": {
              "id": "1번",
              "sex": "남성",
              "age": "20대"
            },
            "speechAct": "(지시) 질문하기",
            "morpheme": "아/IC+그래/IC+키/NNG+키/NNG+화장/NNG+한지/XSA+EC+얼마나/MAG+됐/VV+EP+는데/EF"
          },
          {
            "id": 6,
            "text": "2 : 한 반 년 정도 된 거 같은데 처음보단 요즘 만나면 자연스럽달까?",
            "norm_text": "한 반 년 정도 된 거 같은데 처음보단 요즘 만나면 자연스럽달까?",
            "speaker": {
              "id": "2번",
              "sex": "남성",
              "age": "20대"
            },
            "speechAct": "(단언) 주장하기",
            "morpheme": "한/MM+반년/NNG+정도/NNG+된/XSV+ETM+거/NNB+같/VA+은데/EC+처음/NNG+보단/JKB+JX+요즘/MAG+만나/VV+면/EC+자연/NNG+스럽/XSA+달까/EF"
          },
          {
            "id": 7,
            "text": "1 : 와 키키 진짜 대단하다 키키",
            "norm_text": "와 키키 진짜 대단하다 키키",
            "speaker": {
              "id": "1번",
              "sex": "남성",
              "age": "20대"
            },
            "speechAct": "(단언) 주장하기",
            "morpheme": "와키/NNP+키/NNG+진짜/MAG+대단/XR+하/XSA+다키키/NNP"
          },
          {
            "id": 8,
            "text": "1 : 남자가 무슨 화장이냐 키키",
            "norm_text": "남자가 무슨 화장이냐 키키",
            "speaker": {
              "id": "1번",
              "sex": "남성",
              "age": "20대"
            },
            "speechAct": "(지시) 질문하기",
            "morpheme": "남자/NNG+가/JKS+무슨/MM+화장/NNG+이냐키/NNP+키/NNG"
          },
          {
            "id": 9,
            "text": "2 : 연예인들도 화장하는데 뭐 키키 요즘은 남자들을 위한 화장품도 많이 생겼던데 키키",
            "norm_text": "연예인들도 화장하는데 뭐 키키 요즘은 남자들을 위한 화장품도 많이 생겼던데 키키",
            "speaker": {
              "id": "2번",
              "sex": "남성",
              "age": "20대"
            },
            "speechAct": "(단언) 진술하기",
            "morpheme": "연예인/NNG+들/XSN+도/JX+화장/NNG+하/XSV+는데/EC+뭐/IC+키/NNG+키/NNG+요즘/NNG+은/JX+남자/NNG+들/XSN+을/JKO+위한/VV+ETM+화장품/NNG+도/JX+많이/MAG+생겼/VV+EP+던/ETM+데/NNB+키/NNG+키/XSV+ETN"
          },
          {
            "id": 10,
            "text": "1 : 화장품 가게 갈 일이 없어서 잘 모르겠다 키키",
            "norm_text": "화장품 가게 갈 일이 없어서 잘 모르겠다 키키",
            "speaker": {
              "id": "1번",
              "sex": "남성",
              "age": "20대"
            },
            "speechAct": "(단언) 주장하기",
            "morpheme": "화장품/NNG+가/VV+게/EC+갈일/NNG+이/JKS+없/VA+어서/EC+잘/MAG+모르/VV+겠/EP+다키키/NNP"
          },
          {
            "id": 11,
            "text": "2 : 나도 처음 봄 키키 스킨 로션 떨어져서 사러 화장품 가게 갔는데 직원이 막 남자 화장품 소개해주더라고 키키",
            "norm_text": "나도 처음 봄 키키 스킨 로션 떨어져서 사러 화장품 가게 갔는데 직원이 막 남자 화장품 소개해주더라고 키키",
            "speaker": {
              "id": "2번",
              "sex": "남성",
              "age": "20대"
            },
            "speechAct": "(단언) 진술하기",
            "morpheme": "나/NP+도/JX+처음/NNG+봄/NNG+키/NNG+키/NNG+스킨로션/NNG+떨어져서/VV+EC+사/VV+러/EC+화장품/NNG+가/VV+게/EC+갔/VV+EP+는데/EC+직원/NNG+이/JKS+막/MAJ+남자/NNG+화장품/NNG+소개/NNG+해/XSV+EC+주/VX+더라고/EC+키/NNG+키/XSV+ETN"
          },
          {
            "id": 12,
            "text": "1 : 너한테 화장품도 소개해줘? 키키 대단한데? 키키",
            "norm_text": "너한테 화장품도 소개해줘? 키키 대단한데? 키키",
            "speaker": {
              "id": "1번",
              "sex": "남성",
              "age": "20대"
            },
            "speechAct": "(단언) 주장하기",
            "morpheme": "너/NP+한테/JKB+화장품/NNG+도/JX+소개/NNG+해/XSV+EC+줘/VX+EF+키/NNG+키/XSV+ETN+대단/XR+한데/XSA+EF+키/NNG+키/XSV+ETN"
          },
          {
            "id": 13,
            "text": "2 : 나도 놀랬음 키키",
            "norm_text": "나도 놀랬음 키키",
            "speaker": {
              "id": "2번",
              "sex": "남성",
              "age": "20대"
            },
            "speechAct": "(단언) 주장하기",
            "morpheme": "나/NP+도/JX+놀랬/VV+EP+음/ETN+키/NNG+키/XSV+ETN"
          },
          {
            "id": 14,
            "text": "2 : 갑자기 다가와서 피부 좋아 보이시네요 하더니 이런 걸로 커버업 하시면 한결 더 좋아 보일 꺼 같아요~ 하더라고 키키",
            "norm_text": "갑자기 다가와서 피부 좋아 보이시네요 하더니 이런 걸로 커버업 하시면 한결 더 좋아 보일 꺼 같아요~ 하더라고 키키",
            "speaker": {
              "id": "2번",
              "sex": "남성",
              "age": "20대"
            },
            "speechAct": "(단언) 진술하기",
            "morpheme": "갑자기다가와서피부좋아보이시네요하더니이런걸로커버업하시면한결더좋아보일꺼같아요/UNKNOWN+~/SY+하/VV+더라고/EC+키/NNG+키/XSV+ETN"
          },
          {
            "id": 15,
            "text": "1 : 오 키키 피부 좋아 보인다는 칭찬 들어서 좋았겠네 키키",
            "norm_text": "오 키키 피부 좋아 보인다는 칭찬 들어서 좋았겠네 키키",
            "speaker": {
              "id": "1번",
              "sex": "남성",
              "age": "20대"
            },
            "speechAct": "(단언) 주장하기",
            "morpheme": "오키/NNP+키/NNG+피부/NNG+좋/VA+아/EC+보인다는/VV+ETM+칭찬/NNG+들/VV+어서/EC+좋/VA+았/EP+겠/EP+네/EF+키/NNG+키/XSV+ETN"
          },
          {
            "id": 16,
            "text": "2 : 내가 피부가 좀 좋긴 하지 하하",
            "norm_text": "내가 피부가 좀 좋긴 하지 하하",
            "speaker": {
              "id": "2번",
              "sex": "남성",
              "age": "20대"
            },
            "speechAct": "(단언) 주장하기",
            "morpheme": "내/NP+가/JKS+피부/NNG+가/JKS+좀/MAG+좋/VA+긴/ETN+JX+하/VX+지/EC+하하/MAG"
          },
          {
            "id": 17,
            "text": "1 : 맞아 키키 너 피부 진짜 좋더라 키키",
            "norm_text": "맞아 키키 너 피부 진짜 좋더라 키키",
            "speaker": {
              "id": "1번",
              "sex": "남성",
              "age": "20대"
            },
            "speechAct": "(단언) 진술하기",
            "morpheme": "맞/VV+아/EC+키/NNG+키너/NNP+피부/NNG+진짜/MAG+좋/VA+더라/EC+키/NNG+키/XSV+ETN"
          },
          {
            "id": 18,
            "text": "1 : 넌 화장 같은 거 할 필요 없을 듯?",
            "norm_text": "넌 화장 같은 거 할 필요 없을 듯?",
            "speaker": {
              "id": "1번",
              "sex": "남성",
              "age": "20대"
            },
            "speechAct": "(단언) 주장하기",
            "morpheme": "넌/NP+JX+화장/NNG+같/VA+은/ETM+거/NNB+할/VV+ETM+필요/NNG+없/VA+을/ETM+듯/NNB"
          },
          {
            "id": 19,
            "text": "2 : 어우... 난 절대... 피부 안 좋아도 화장은 못할 듯 키키",
            "norm_text": "어우... 난 절대... 피부 안 좋아도 화장은 못할 듯 키키",
            "speaker": {
              "id": "2번",
              "sex": "남성",
              "age": "20대"
            },
            "speechAct": "(단언) 주장하기",
            "morpheme": "어우/IC+./SY+난/NP+JX+절대/NNG+./SY+./SY+피부/NNG+안/MAG+좋/VA+아도/EC+화장/NNG+은/JX+못/MAG+할/VV+ETM+듯/NNB+키/NNG+키/XSV+ETN"
          }
        ]
      }
    }
  ]
}