{
  "dataset": {
    "identifier": 63468,
    "name": "KAKAO_909_03_set",
    "src_path": "/data/file/cubeManager/PROJECT001/53/txt20211005154109079928/KAKAO_909_03_set/",
    "label_path": "/data/file/cubeManager/PROJECT001/53/txt20211005154109079928/KAKAO_909_03_set/",
    "category": 2,
    "type": 0
  },
  "licenses": {
    "name": "Apache License 1.0",
    "url": "http://www.apache.org/licenses/LICENSE-1.0"
  },
  "info": [
    {
      "id": 41580,
      "filename": "KAKAO_909_03.txt",
      "title": "KAKAO_909_03",
      "mediatype": "SNS",
      "medianame": "카카오톡",
      "category": "일상대화",
      "date": "2021-10-05",
      "size": 557,
      "annotations": {
        "subject": "교통",
        "speaker_type": "1:1",
        "size": 557,
        "word_size": 174,
        "text": "1 : 너 도대체 어떻게 면허 딴 거야 ㅠㅠ\n2 : 왱? 언니 도로 주행 떨어졌어?\n1 : 엉... ㅠㅜ 진짜 나는 운전 무서워서 못하겠어\n2 : ㄷㄷ 나도 기능 한 번 떨어졌었어\n1 : 나도 기능 한 번 떨어지고 두 번째에 합격했어 ㅠㅜㅠㅜ 난 멍청이인가\n2 : 아니야! 할 수 있을 거야 나도 합격했잖아!\n1 : 아냐 나는 운전 이번에도 합격 못할지도 몰라 난 타고난 센스가 없나 봐\n2 : 왜왜? 이번에 어려운 코스 걸렸어?\n1 : 아니 우회전 하고 바로 4차선에서 1차선까지 차선을 옮기는 코스 걸렸는데 차가 너무 많아서 차선 변경을 다 못했어\n2 : 헉... 어려운 코스 걸려서 그랬나 보네! 이번에 시험 볼 때는 쉬운 코스 걸릴 거야!\n1 : ㅠㅜ 세상에 운전하는 모든 분들이 존경스럽다ㅠ 그리고 너가 진짜 대단한 거 같아\n2 : 엥?!?! 내가 뭘 했다고!\n1 : 아니 독학으로 면허 딴 것 자체가 엄청 대단한 거지 ㅠㅠ\n2 : 언니도 독학 아니야? 학원 다녀?\n1 : 독학이긴 한데 나는 시내에 있는 실내 드라이빙존도 다니고 쏘카 빌리고 뭘 많이 했어\n2 : 그래도! 학원 다니는 건 아니니까 언니도 독학이지",
        "lines": [
          {
            "id": 1,
            "text": "1 : 너 도대체 어떻게 면허 딴 거야 ㅠㅠ",
            "norm_text": "너 도대체 어떻게 면허 딴 거야 ㅠㅠ",
            "speaker": {
              "id": "1번",
              "sex": "여성",
              "age": "20대"
            },
            "speechAct": "(지시) 질문하기",
            "morpheme": "너/NP+도대체/MAG+어떻게/MAG+면허/NNG+딴/MM+거/NNB+야/VCP+EF+ㅠㅠ/UNKNOWN"
          },
          {
            "id": 2,
            "text": "2 : 왱? 언니 도로 주행 떨어졌어?",
            "norm_text": "왱? 언니 도로 주행 떨어졌어?",
            "speaker": {
              "id": "2번",
              "sex": "여성",
              "age": "20대"
            },
            "speechAct": "(지시) 질문하기",
            "morpheme": "왱/MAG+언니/NNG+도로/NNG+주행/NNG+떨어졌/VV+EP+어/EF"
          },
          {
            "id": 3,
            "text": "1 : 엉... ㅠㅜ 진짜 나는 운전 무서워서 못하겠어",
            "norm_text": "엉... ㅠㅜ 진짜 나는 운전 무서워서 못하겠어",
            "speaker": {
              "id": "1번",
              "sex": "여성",
              "age": "20대"
            },
            "speechAct": "(단언) 진술하기",
            "morpheme": "엉/IC+./SY+ㅠㅜ/UNKNOWN+진짜/MAG+나/NP+는/JX+운전/NNG+무서워서/VA+EC+못하/VX+겠/EP+어/EC"
          },
          {
            "id": 4,
            "text": "2 : ㄷㄷ 나도 기능 한 번 떨어졌었어",
            "norm_text": "ㄷㄷ 나도 기능 한 번 떨어졌었어",
            "speaker": {
              "id": "2번",
              "sex": "여성",
              "age": "20대"
            },
            "speechAct": "(단언) 진술하기",
            "morpheme": "ㄷ/NNG+ㄷ/NNG+나/NP+도/JX+기능/NNG+한/MM+번/NNBC+떨어졌었/VV+EP+어/EC"
          },
          {
            "id": 5,
            "text": "1 : 나도 기능 한 번 떨어지고 두 번째에 합격했어 ㅠㅜㅠㅜ 난 멍청이인가",
            "norm_text": "나도 기능 한 번 떨어지고 두 번째에 합격했어 ㅠㅜㅠㅜ 난 멍청이인가",
            "speaker": {
              "id": "1번",
              "sex": "여성",
              "age": "20대"
            },
            "speechAct": "(단언) 주장하기",
            "morpheme": "나/NP+도/JX+기능/NNG+한/MM+번/NNBC+떨어지/VV+고/EC+두/MM+번/NNBC+째/XSN+에/JKB+합격/NNG+했/XSV+EP+어/EF+ㅠㅜ/UNKNOWN+ㅠㅜ/UNKNOWN+난/NP+JX+멍청이/NNG+인가/VCP+EC"
          },
          {
            "id": 6,
            "text": "2 : 아니야! 할 수 있을 거야 나도 합격했잖아!",
            "norm_text": "아니야! 할 수 있을 거야 나도 합격했잖아!",
            "speaker": {
              "id": "2번",
              "sex": "여성",
              "age": "20대"
            },
            "speechAct": "(단언) 주장하기",
            "morpheme": "아니야/IC+할/VV+ETM+수/NNB+있/VV+을/ETM+거/NNB+야/VCP+EF+나/NP+도/JX+합격/NNG+했잖아/XSV+EP+EC+VX+EF"
          },
          {
            "id": 7,
            "text": "1 : 아냐 나는 운전 이번에도 합격 못할지도 몰라 난 타고난 센스가 없나 봐",
            "norm_text": "아냐 나는 운전 이번에도 합격 못할지도 몰라 난 타고난 센스가 없나 봐",
            "speaker": {
              "id": "1번",
              "sex": "여성",
              "age": "20대"
            },
            "speechAct": "(단언) 주장하기",
            "morpheme": "아냐/IC+나/NP+는/JX+운전/NNG+이번/NNG+에/JKB+도/JX+합격/NNG+못/MAG+할지/VV+EC+도/JX+몰라/VV+EF+난/NP+JX+타고난/VV+ETM+센스/NNG+가/JKS+없/VA+나/EC+봐/VX+EC"
          },
          {
            "id": 8,
            "text": "2 : 왜왜? 이번에 어려운 코스 걸렸어?",
            "norm_text": "왜왜? 이번에 어려운 코스 걸렸어?",
            "speaker": {
              "id": "2번",
              "sex": "여성",
              "age": "20대"
            },
            "speechAct": "(지시) 질문하기",
            "morpheme": "왜/MAG+왜/MAG+이번/NNG+에/JKB+어려운/VA+ETM+코스/NNG+걸렸/VV+EP+어/EF"
          },
          {
            "id": 9,
            "text": "1 : 아니 우회전 하고 바로 4차선에서 1차선까지 차선을 옮기는 코스 걸렸는데 차가 너무 많아서 차선 변경을 다 못했어",
            "norm_text": "아니 우회전 하고 바로 4차선에서 1차선까지 차선을 옮기는 코스 걸렸는데 차가 너무 많아서 차선 변경을 다 못했어",
            "speaker": {
              "id": "1번",
              "sex": "여성",
              "age": "20대"
            },
            "speechAct": "(단언) 진술하기",
            "morpheme": "아니/IC+우회전/NNG+하/XSV+고/EC+바로/MAG+4/SN+차선/NNG+에서/JKB+1/SN+차선/NNG+까지/JX+차선/NNG+을/JKO+옮기/VV+는/ETM+코스/NNG+걸렸/VV+EP+는데/EC+차/NNG+가/JKS+너무/MAG+많/VA+아서/EC+차선/NNG+변경/NNG+을/JKO+다/MAG+못/MAG+했/VV+EP+어/EC"
          },
          {
            "id": 10,
            "text": "2 : 헉... 어려운 코스 걸려서 그랬나 보네! 이번에 시험 볼 때는 쉬운 코스 걸릴 거야!",
            "norm_text": "헉... 어려운 코스 걸려서 그랬나 보네! 이번에 시험 볼 때는 쉬운 코스 걸릴 거야!",
            "speaker": {
              "id": "2번",
              "sex": "여성",
              "age": "20대"
            },
            "speechAct": "(단언) 주장하기",
            "morpheme": "헉/IC+./SY+어려운/VA+ETM+코스/NNG+걸려서/VV+EC+그랬/VV+EP+나/EC+보/VX+네/EF+이번/NNG+에/JKB+시험/NNG+볼/VV+ETM+때/NNG+는/JX+쉬운/VA+ETM+코스/NNG+걸릴/VV+ETM+거/NNB+야/VCP+EF"
          },
          {
            "id": 11,
            "text": "1 : ㅠㅜ 세상에 운전하는 모든 분들이 존경스럽다ㅠ 그리고 너가 진짜 대단한 거 같아",
            "norm_text": "ㅠㅜ 세상에 운전하는 모든 분들이 존경스럽다ㅠ 그리고 너가 진짜 대단한 거 같아",
            "speaker": {
              "id": "1번",
              "sex": "여성",
              "age": "20대"
            },
            "speechAct": "(단언) 주장하기",
            "morpheme": "ㅠㅜ/UNKNOWN+세상/NNG+에/JKB+운전/NNG+하/XSV+는/ETM+모든/MM+분/NNB+들/XSN+이/JKS+존경/NNG+스럽/XSA+다/EF+ㅠ/UNKNOWN+그리고/MAJ+너/NP+가/JKS+진짜/MAG+대단/XR+한/XSA+ETM+거/NNB+같/VA+아/EC"
          },
          {
            "id": 12,
            "text": "2 : 엥?!?! 내가 뭘 했다고!",
            "norm_text": "엥?!?! 내가 뭘 했다고!",
            "speaker": {
              "id": "2번",
              "sex": "여성",
              "age": "20대"
            },
            "speechAct": "(단언) 주장하기",
            "morpheme": "엥/IC+!/SY+?/SY+내/NP+가/JKS+뭘/NP+JKO+했/VV+EP+다고/EF"
          },
          {
            "id": 13,
            "text": "1 : 아니 독학으로 면허 딴 것 자체가 엄청 대단한 거지 ㅠㅠ",
            "norm_text": "아니 독학으로 면허 딴 것 자체가 엄청 대단한 거지 ㅠㅠ",
            "speaker": {
              "id": "1번",
              "sex": "여성",
              "age": "20대"
            },
            "speechAct": "(단언) 주장하기",
            "morpheme": "아니/IC+독학/NNG+으로/JKB+면허/NNG+딴것/NNG+자체/NNG+가/JKS+엄청/MAG+대단/XR+한/XSA+ETM+거/NNB+지/VCP+EF+ㅠㅠ/UNKNOWN"
          },
          {
            "id": 14,
            "text": "2 : 언니도 독학 아니야? 학원 다녀?",
            "norm_text": "언니도 독학 아니야? 학원 다녀?",
            "speaker": {
              "id": "2번",
              "sex": "여성",
              "age": "20대"
            },
            "speechAct": "(지시) 질문하기",
            "morpheme": "언니/NNG+도/JX+독학/NNG+아니/VCN+야/EF+학원/NNG+다녀/VV+EF"
          },
          {
            "id": 15,
            "text": "1 : 독학이긴 한데 나는 시내에 있는 실내 드라이빙존도 다니고 쏘카 빌리고 뭘 많이 했어",
            "norm_text": "독학이긴 한데 나는 시내에 있는 실내 드라이빙존도 다니고 쏘카 빌리고 뭘 많이 했어",
            "speaker": {
              "id": "1번",
              "sex": "여성",
              "age": "20대"
            },
            "speechAct": "(단언) 진술하기",
            "morpheme": "독학/NNG+이/VCP+긴/ETN+JX+한데/VX+EC+나/NP+는/JX+시내/NNG+에/JKB+있/VV+는/ETM+실내/NNG+드라이빙/NNG+존/NNP+도/JX+다니/VV+고/EC+쏘카/UNKNOWN+빌리/VV+고/EC+뭘/NP+JKO+많이/MAG+했/VV+EP+어/EC"
          },
          {
            "id": 16,
            "text": "2 : 그래도! 학원 다니는 건 아니니까 언니도 독학이지",
            "norm_text": "그래도! 학원 다니는 건 아니니까 언니도 독학이지",
            "speaker": {
              "id": "2번",
              "sex": "여성",
              "age": "20대"
            },
            "speechAct": "(단언) 주장하기",
            "morpheme": "그래도/MAJ+학원/NNG+다니/VV+는/ETM+건/NNB+JX+아니/VCN+니까/EC+언니/NNG+도/JX+독학/NNG+이/VCP+지/EC"
          }
        ]
      }
    }
  ]
}