{
  "dataset": {
    "identifier": 61353,
    "name": "KAKAO_922_10_set",
    "src_path": "/data/file/cubeManager/PROJECT001/53/txt20211005154147064723/KAKAO_922_10_set/",
    "label_path": "/data/file/cubeManager/PROJECT001/53/txt20211005154147064723/KAKAO_922_10_set/",
    "category": 2,
    "type": 0
  },
  "licenses": {
    "name": "Apache License 1.0",
    "url": "http://www.apache.org/licenses/LICENSE-1.0"
  },
  "info": [
    {
      "id": 41647,
      "filename": "KAKAO_922_10.txt",
      "title": "KAKAO_922_10",
      "mediatype": "SNS",
      "medianame": "카카오톡",
      "category": "일상대화",
      "date": "2021-10-05",
      "size": 554,
      "annotations": {
        "subject": "스포츠/레저",
        "speaker_type": "1:1",
        "size": 554,
        "word_size": 172,
        "text": "1 : 너 등산 하는 거 혹시 좋아하나? 키키\n2 : 진짜 싫어하는데 정상 올라가면 좋다 ^^\n1 : 아... 키키 정상에서 풍경이 너무 예쁘지? 키키\n2 : 그것도 그렇고... 정상 표지판 앞에서 사진도 남겨야 하거든 하하\n1 : 키키 인증샷을 위해서 등산을 가는 건가? 키키\n2 : 응 그런 것도 있고 산 위에서 먹는 김밥도 너무 맛있음\n1 : 키키 등산 갔다가 막걸리는 안마셨나 키키\n2 : 응 아직까지 키키 그건 솔직히 너무 오바...\n2 : 무겁기도 하고 힘들어\n1 : 나도 강아지 때문에 한번 갔는데 너무 힘들더라 ㅠㅠ\n2 : 토끼랑 등산 할 수 있으면 좋을 텐데 ㅠ 아무래도 단두종이라... 벅찰 듯\n1 : 아... 맞네 ㅜㅜ 숨이 많이 찰 거 같아 ㅜㅜ\n2 : 응... 너무 무리하면 위험하기도 하고 키키 그럴 땐 입 나와있는 강아지가 좋지\n1 : 아아 ㅜㅜ 아휴... 토끼는 그럼 더위도 엄청 타겠네\n2 : 더위도 추위도 많이 타서 에어컨/보일러 이건 키는 순간 24시간...\n1 : 아 진짜 ㅜㅜ 아휴... 그럼 달리기 이런 것도 잘 못하나?\n2 : 하긴 하는데 빨리 지치지? 키키 속도는 꽤 빠르다!",
        "lines": [
          {
            "id": 1,
            "text": "1 : 너 등산 하는 거 혹시 좋아하나? 키키",
            "norm_text": "너 등산 하는 거 혹시 좋아하나? 키키",
            "speaker": {
              "id": "1번",
              "sex": "여성",
              "age": "30대"
            },
            "speechAct": "(지시) 질문하기",
            "morpheme": "너/NP+등산/NNG+하/XSV+는/ETM+거/NNB+혹시/MAG+좋/VA+아/EC+하나/NR+키/NNG+키/XSV+ETN"
          },
          {
            "id": 2,
            "text": "2 : 진짜 싫어하는데 정상 올라가면 좋다 ^^",
            "norm_text": "진짜 싫어하는데 정상 올라가면 좋다 ^^",
            "speaker": {
              "id": "2번",
              "sex": "여성",
              "age": "30대"
            },
            "speechAct": "(단언) 주장하기",
            "morpheme": "진짜/MAG+싫/VA+어/EC+하/VV+는데/EC+정상/NNG+올라가/VV+면/EC+좋/VA+다/EC+^/SY+^/SY"
          },
          {
            "id": 3,
            "text": "1 : 아... 키키 정상에서 풍경이 너무 예쁘지? 키키",
            "norm_text": "아... 키키 정상에서 풍경이 너무 예쁘지? 키키",
            "speaker": {
              "id": "1번",
              "sex": "여성",
              "age": "30대"
            },
            "speechAct": "(지시) 질문하기",
            "morpheme": "아/IC+./SY+키/NNG+키/NNG+정상/NNG+에서/JKB+풍경/NNG+이/JKS+너무/MAG+예쁘/VA+지/EF+키/NNG+키/XSV+ETN"
          },
          {
            "id": 4,
            "text": "2 : 그것도 그렇고... 정상 표지판 앞에서 사진도 남겨야 하거든 하하",
            "norm_text": "그것도 그렇고... 정상 표지판 앞에서 사진도 남겨야 하거든 하하",
            "speaker": {
              "id": "2번",
              "sex": "여성",
              "age": "30대"
            },
            "speechAct": "(단언) 주장하기",
            "morpheme": "그것/NP+도/JX+그렇/VA+고/EC+./SY+./SY+정상표지판앞에서사진도남겨야하거든하하/UNKNOWN"
          },
          {
            "id": 5,
            "text": "1 : 키키 인증샷을 위해서 등산을 가는 건가? 키키",
            "norm_text": "키키 인증샷을 위해서 등산을 가는 건가? 키키",
            "speaker": {
              "id": "1번",
              "sex": "여성",
              "age": "30대"
            },
            "speechAct": "(단언) 주장하기",
            "morpheme": "키/NNG+키/NNG+인증/NNG+샷/NNG+을/JKO+위해서/VV+EC+등산/NNG+을/JKO+가/VV+는/ETM+건가/NNB+VCP+EF+키/NNG+키/XSV+ETN"
          },
          {
            "id": 6,
            "text": "2 : 응 그런 것도 있고 산 위에서 먹는 김밥도 너무 맛있음",
            "norm_text": "응 그런 것도 있고 산 위에서 먹는 김밥도 너무 맛있음",
            "speaker": {
              "id": "2번",
              "sex": "여성",
              "age": "30대"
            },
            "speechAct": "(단언) 주장하기",
            "morpheme": "응/IC+그런/MM+것/NNB+도/JX+있/VA+고/EC+산위/NNG+에서/JKB+먹/VV+는/ETM+김밥/NNG+도/JX+너무/MAG+맛있/VA+음/ETN"
          },
          {
            "id": 7,
            "text": "1 : 키키 등산 갔다가 막걸리는 안마셨나 키키",
            "norm_text": "키키 등산 갔다가 막걸리는 안마셨나 키키",
            "speaker": {
              "id": "1번",
              "sex": "여성",
              "age": "30대"
            },
            "speechAct": "(지시) 질문하기",
            "morpheme": "키/NNG+키/NNG+등산/NNG+갔/VV+EP+다가/EC+막걸리/NNG+는/JX+안/MAG+마셨/VV+EP+나/EC+키/NNG+키/XSV+ETN"
          },
          {
            "id": 8,
            "text": "2 : 응 아직까지 키키 그건 솔직히 너무 오바...",
            "norm_text": "응 아직까지 키키 그건 솔직히 너무 오바...",
            "speaker": {
              "id": "2번",
              "sex": "여성",
              "age": "30대"
            },
            "speechAct": "(단언) 주장하기",
            "morpheme": "응/IC+아직/MAG+까지/JX+키/NNG+키/XSV+ETN+그건/NP+JX+솔직히/MAG+너무/MAG+오바/IC+./SY"
          },
          {
            "id": 9,
            "text": "2 : 무겁기도 하고 힘들어",
            "norm_text": "무겁기도 하고 힘들어",
            "speaker": {
              "id": "2번",
              "sex": "여성",
              "age": "30대"
            },
            "speechAct": "(단언) 주장하기",
            "morpheme": "무겁/VA+기/ETN+도/JX+하/VV+고/EC+힘들/VA+어/EC"
          },
          {
            "id": 10,
            "text": "1 : 나도 강아지 때문에 한번 갔는데 너무 힘들더라 ㅠㅠ",
            "norm_text": "나도 강아지 때문에 한번 갔는데 너무 힘들더라 ㅠㅠ",
            "speaker": {
              "id": "1번",
              "sex": "여성",
              "age": "30대"
            },
            "speechAct": "(단언) 주장하기",
            "morpheme": "나/NP+도/JX+강아지/NNG+때문/NNB+에/JKB+한/MM+번/NNBC+갔/VV+EP+는데/EC+너무/MAG+힘들/VA+더라/EF+ㅠㅠ/UNKNOWN"
          },
          {
            "id": 11,
            "text": "2 : 토끼랑 등산 할 수 있으면 좋을 텐데 ㅠ 아무래도 단두종이라... 벅찰 듯",
            "norm_text": "토끼랑 등산 할 수 있으면 좋을 텐데 ㅠ 아무래도 단두종이라... 벅찰 듯",
            "speaker": {
              "id": "2번",
              "sex": "여성",
              "age": "30대"
            },
            "speechAct": "(단언) 주장하기",
            "morpheme": "토끼랑등산할수있으면좋을텐데ㅠ아무래도단두종이라/UNKNOWN+./SY+벅찰/VA+ETM+듯/NNB"
          },
          {
            "id": 12,
            "text": "1 : 아... 맞네 ㅜㅜ 숨이 많이 찰 거 같아 ㅜㅜ",
            "norm_text": "아... 맞네 ㅜㅜ 숨이 많이 찰 거 같아 ㅜㅜ",
            "speaker": {
              "id": "1번",
              "sex": "여성",
              "age": "30대"
            },
            "speechAct": "(단언) 주장하기",
            "morpheme": "아/IC+./SY+맞네ㅜㅜ숨이많이찰거같아ㅜㅜ/UNKNOWN"
          },
          {
            "id": 13,
            "text": "2 : 응... 너무 무리하면 위험하기도 하고 키키 그럴 땐 입 나와있는 강아지가 좋지",
            "norm_text": "응... 너무 무리하면 위험하기도 하고 키키 그럴 땐 입 나와있는 강아지가 좋지",
            "speaker": {
              "id": "2번",
              "sex": "여성",
              "age": "30대"
            },
            "speechAct": "(단언) 주장하기",
            "morpheme": "응/IC+./SY+너무/MAG+무리/NNG+하/XSV+면/EC+위험/NNG+하/XSV+기/ETN+도/JX+하/VV+고/EC+키/NNG+키/XSV+ETN+그럴/VV+ETM+땐/NNG+JX+입/NNG+나와/VV+EC+있/VX+는/ETM+강아지/NNG+가/JKS+좋/VA+지/EC"
          },
          {
            "id": 14,
            "text": "1 : 아아 ㅜㅜ 아휴... 토끼는 그럼 더위도 엄청 타겠네",
            "norm_text": "아아 ㅜㅜ 아휴... 토끼는 그럼 더위도 엄청 타겠네",
            "speaker": {
              "id": "1번",
              "sex": "여성",
              "age": "30대"
            },
            "speechAct": "(단언) 주장하기",
            "morpheme": "아아ㅜㅜ아휴/UNKNOWN+./SY+토끼/VV+는/ETM+그럼/MAJ+더위/NNG+도/JX+엄청/MAG+타/VV+겠/EP+네/EF"
          },
          {
            "id": 15,
            "text": "2 : 더위도 추위도 많이 타서 에어컨/보일러 이건 키는 순간 24시간...",
            "norm_text": "더위도 추위도 많이 타서 에어컨/보일러 이건 키는 순간 24시간...",
            "speaker": {
              "id": "2번",
              "sex": "여성",
              "age": "30대"
            },
            "speechAct": "(단언) 주장하기",
            "morpheme": "더위/NNG+도/JX+추위/NNG+도/JX+많이/MAG+타/VV+서/EC+에어컨/NNG+//SC+보일러/NNG+이/VCP+건/EC+키/VV+는/ETM+순간/NNG+24/SN+시간/NNBC+./SY"
          },
          {
            "id": 16,
            "text": "1 : 아 진짜 ㅜㅜ 아휴... 그럼 달리기 이런 것도 잘 못하나?",
            "norm_text": "아 진짜 ㅜㅜ 아휴... 그럼 달리기 이런 것도 잘 못하나?",
            "speaker": {
              "id": "1번",
              "sex": "여성",
              "age": "30대"
            },
            "speechAct": "(지시) 질문하기",
            "morpheme": "아진짜ㅜㅜ아휴/UNKNOWN+./SY+그럼/MAJ+달리/VV+기/ETN+이런/MM+것/NNB+도/JX+잘못/MAG+하나/NR"
          },
          {
            "id": 17,
            "text": "2 : 하긴 하는데 빨리 지치지? 키키 속도는 꽤 빠르다!",
            "norm_text": "하긴 하는데 빨리 지치지? 키키 속도는 꽤 빠르다!",
            "speaker": {
              "id": "2번",
              "sex": "여성",
              "age": "30대"
            },
            "speechAct": "(단언) 주장하기",
            "morpheme": "하/VV+긴/ETN+JX+하/VX+는데/EC+빨리/MAG+지치/VV+지/EF+키/NNG+키/NNG+속도/NNG+는/JX+꽤/MAG+빠르/VA+다/EF"
          }
        ]
      }
    }
  ]
}