{
  "dataset": {
    "identifier": 56734,
    "name": "KAKAO_913_14_set",
    "src_path": "/data/file/cubeManager/PROJECT001/53/txt202110051614160177108/KAKAO_913_14_set/",
    "label_path": "/data/file/cubeManager/PROJECT001/53/txt202110051614160177108/KAKAO_913_14_set/",
    "category": 2,
    "type": 0
  },
  "licenses": {
    "name": "Apache License 1.0",
    "url": "http://www.apache.org/licenses/LICENSE-1.0"
  },
  "info": [
    {
      "id": 42011,
      "filename": "KAKAO_913_14.txt",
      "title": "KAKAO_913_14",
      "mediatype": "SNS",
      "medianame": "카카오톡",
      "category": "일상대화",
      "date": "2021-10-05",
      "size": 441,
      "annotations": {
        "subject": "사회이슈",
        "speaker_type": "1:1",
        "size": 441,
        "word_size": 145,
        "text": "1 : 언니 서울 한복판에 황소가 출몰했대 키키\n2 : 엥? 뭐라고?\n2 : 뭐가 나와?\n1 : 어떤 아저씨가 서초 대법원에 황소 타고 들어갔대 키키\n2 : 그런 일이 있을 수 있는 거야? 키키\n1 : 그러게 무슨 일인지 모르겠는데 황소 타고 왔대\n2 : 황소도 그럼 대법원 가본 거네?\n1 : 그러게 재판은 안 받은 것 같아 키키\n2 : 무슨 일인지 모르겠지만 황소는 안전했음 좋겠네 키키\n1 : 그래서 소는 밖에 묶어두고 아저씨 혼자 다시 갔대\n2 : 그럼 그동안 소는 뭐하고 있던 거야?\n1 : 대법원 화단에 있는 풀을 다 뜯어 먹었대 키키\n2 : 앞을 잘 지키고 있어야지 ! 키키\n1 : 사람들이 황보르기니 2대래 키키\n1 : 너무 웃겨\n2 : 진짜 키키 소 값도 장난 아니야 키키\n1 : 무슨 일인지 모르겠지만 용인에서 올라온 황소 고생했네\n2 : 용인이라니... 대박이네 ㅠ\n2 : 또 가야 되는데 걱정된다 ㅠ",
        "lines": [
          {
            "id": 1,
            "text": "1 : 언니 서울 한복판에 황소가 출몰했대 키키",
            "norm_text": "언니 서울 한복판에 황소가 출몰했대 키키",
            "speaker": {
              "id": "1번",
              "sex": "여성",
              "age": "20대"
            },
            "speechAct": "(단언) 진술하기",
            "morpheme": "언니/NNG+서울/NNP+한/MM+복판/NNG+에/JKB+황소/NNG+가/JKS+출몰/NNG+했/XSV+EP+대/XPN+키/NNG+키/XSV+ETN"
          },
          {
            "id": 2,
            "text": "2 : 엥? 뭐라고?",
            "norm_text": "엥? 뭐라고?",
            "speaker": {
              "id": "2번",
              "sex": "여성",
              "age": "20대"
            },
            "speechAct": "(지시) 질문하기",
            "morpheme": "엥/IC+뭐/NP+라고/VCP+EF"
          },
          {
            "id": 3,
            "text": "2 : 뭐가 나와?",
            "norm_text": "뭐가 나와?",
            "speaker": {
              "id": "2번",
              "sex": "여성",
              "age": "20대"
            },
            "speechAct": "(지시) 질문하기",
            "morpheme": "뭐/NP+가/JKS+나와/VV+EF"
          },
          {
            "id": 4,
            "text": "1 : 어떤 아저씨가 서초 대법원에 황소 타고 들어갔대 키키",
            "norm_text": "어떤 아저씨가 서초 대법원에 황소 타고 들어갔대 키키",
            "speaker": {
              "id": "1번",
              "sex": "여성",
              "age": "20대"
            },
            "speechAct": "(단언) 진술하기",
            "morpheme": "어떤/MM+아저씨/NNG+가/JKS+서초/NNG+대법원/NNG+에/JKB+황소/NNG+타/VV+고/EC+들어갔/VV+EP+대/XPN+키/NNG+키/XSV+ETN"
          },
          {
            "id": 5,
            "text": "2 : 그런 일이 있을 수 있는 거야? 키키",
            "norm_text": "그런 일이 있을 수 있는 거야? 키키",
            "speaker": {
              "id": "2번",
              "sex": "여성",
              "age": "20대"
            },
            "speechAct": "(지시) 질문하기",
            "morpheme": "그런/MM+일/NNG+이/JKS+있/VV+을/ETM+수/NNB+있/VV+는/ETM+거/NNB+야/VCP+EF+키/NNG+키/XSV+ETN"
          },
          {
            "id": 6,
            "text": "1 : 그러게 무슨 일인지 모르겠는데 황소 타고 왔대",
            "norm_text": "그러게 무슨 일인지 모르겠는데 황소 타고 왔대",
            "speaker": {
              "id": "1번",
              "sex": "여성",
              "age": "20대"
            },
            "speechAct": "(단언) 진술하기",
            "morpheme": "그러/VV+게/EC+무슨/MM+일/NNG+인지/VCP+EC+모르/VV+겠/EP+는데/EC+황소/NNG+타/VV+고/EC+왔/VX+EP+대/EC"
          },
          {
            "id": 7,
            "text": "2 : 황소도 그럼 대법원 가본 거네?",
            "norm_text": "황소도 그럼 대법원 가본 거네?",
            "speaker": {
              "id": "2번",
              "sex": "여성",
              "age": "20대"
            },
            "speechAct": "(지시) 질문하기",
            "morpheme": "황소/NNG+도/JX+그럼/MAJ+대법원/NNG+가/JKC+본/VV+ETM+거/NNB+네/VCP+EF"
          },
          {
            "id": 8,
            "text": "1 : 그러게 재판은 안 받은 것 같아 키키",
            "norm_text": "그러게 재판은 안 받은 것 같아 키키",
            "speaker": {
              "id": "1번",
              "sex": "여성",
              "age": "20대"
            },
            "speechAct": "(단언) 진술하기",
            "morpheme": "그러/VV+게/EC+재판/NNG+은/JX+안/MAG+받/VV+은/ETM+것/NNB+같/VA+아/EC+키/NNG+키/XSV+ETN"
          },
          {
            "id": 9,
            "text": "2 : 무슨 일인지 모르겠지만 황소는 안전했음 좋겠네 키키",
            "norm_text": "무슨 일인지 모르겠지만 황소는 안전했음 좋겠네 키키",
            "speaker": {
              "id": "2번",
              "sex": "여성",
              "age": "20대"
            },
            "speechAct": "(단언) 주장하기",
            "morpheme": "무슨/MM+일/NNG+인지/VCP+EC+모르/VV+겠/EP+지만/EC+황소/NNG+는/JX+안/MAG+전했/VV+EP+음/ETN+좋/VA+겠/EP+네/EF+키/NNG+키/XSV+ETN"
          },
          {
            "id": 10,
            "text": "1 : 그래서 소는 밖에 묶어두고 아저씨 혼자 다시 갔대",
            "norm_text": "그래서 소는 밖에 묶어두고 아저씨 혼자 다시 갔대",
            "speaker": {
              "id": "1번",
              "sex": "여성",
              "age": "20대"
            },
            "speechAct": "(단언) 진술하기",
            "morpheme": "그래서/MAJ+소/NNG+는/JX+밖/NNG+에/JKB+묶/VV+어/EC+두/VX+고/EC+아저씨/NNG+혼자/NNG+다시/MAG+갔/VV+EP+대/EC"
          },
          {
            "id": 11,
            "text": "2 : 그럼 그동안 소는 뭐하고 있던 거야?",
            "norm_text": "그럼 그동안 소는 뭐하고 있던 거야?",
            "speaker": {
              "id": "2번",
              "sex": "여성",
              "age": "20대"
            },
            "speechAct": "(지시) 질문하기",
            "morpheme": "그럼/MAJ+그/MM+동안/NNG+소/NNG+는/JX+뭐/IC+하/VV+고/EC+있/VX+던/ETM+거/NNB+야/VCP+EF"
          },
          {
            "id": 12,
            "text": "1 : 대법원 화단에 있는 풀을 다 뜯어 먹었대 키키",
            "norm_text": "대법원 화단에 있는 풀을 다 뜯어 먹었대 키키",
            "speaker": {
              "id": "1번",
              "sex": "여성",
              "age": "20대"
            },
            "speechAct": "(단언) 진술하기",
            "morpheme": "대법원/NNG+화단/NNG+에/JKB+있/VV+는/ETM+풀/NNG+을/JKO+다/MAG+뜯어먹/VV+었/EP+대/XPN+키/NNG+키/XSV+ETN"
          },
          {
            "id": 13,
            "text": "2 : 앞을 잘 지키고 있어야지 ! 키키",
            "norm_text": "앞을 잘 지키고 있어야지 ! 키키",
            "speaker": {
              "id": "2번",
              "sex": "여성",
              "age": "20대"
            },
            "speechAct": "(단언) 주장하기",
            "morpheme": "앞/NNG+을/JKO+잘/MAG+지키/VV+고/EC+있/VX+어야지/EF+키/NNG+키/XSV+ETN"
          },
          {
            "id": 14,
            "text": "1 : 사람들이 황보르기니 2대래 키키",
            "norm_text": "사람들이 황보르기니 2대래 키키",
            "speaker": {
              "id": "1번",
              "sex": "여성",
              "age": "20대"
            },
            "speechAct": "(단언) 진술하기",
            "morpheme": "사람/NNG+들/XSN+이/JKS+황/NNP+보르기/NNP+니/VCP+EC+2/SN+대래/NNG+키/NNG+키/XSV+ETN"
          },
          {
            "id": 15,
            "text": "1 : 너무 웃겨",
            "norm_text": "너무 웃겨",
            "speaker": {
              "id": "1번",
              "sex": "여성",
              "age": "20대"
            },
            "speechAct": "(표현) 긍정감정 표현하기",
            "morpheme": "너무/MAG+웃겨/VV+EC"
          },
          {
            "id": 16,
            "text": "2 : 진짜 키키 소 값도 장난 아니야 키키",
            "norm_text": "진짜 키키 소 값도 장난 아니야 키키",
            "speaker": {
              "id": "2번",
              "sex": "여성",
              "age": "20대"
            },
            "speechAct": "(단언) 주장하기",
            "morpheme": "진짜/MAG+키/NNG+키/XSV+ETN+소/XPN+값/NNG+도/JX+장난/NNG+아니/VCN+야/EC+키/NNG+키/XSV+ETN"
          },
          {
            "id": 17,
            "text": "1 : 무슨 일인지 모르겠지만 용인에서 올라온 황소 고생했네",
            "norm_text": "무슨 일인지 모르겠지만 용인에서 올라온 황소 고생했네",
            "speaker": {
              "id": "1번",
              "sex": "여성",
              "age": "20대"
            },
            "speechAct": "(단언) 주장하기",
            "morpheme": "무슨/MM+일/NNG+인지/VCP+EC+모르/VV+겠/EP+지만/EC+용인/NNP+에서/JKB+올라온/VV+ETM+황소/NNG+고생/NNG+했/XSV+EP+네/EF"
          },
          {
            "id": 18,
            "text": "2 : 용인이라니... 대박이네 ㅠ",
            "norm_text": "용인이라니... 대박이네 ㅠ",
            "speaker": {
              "id": "2번",
              "sex": "여성",
              "age": "20대"
            },
            "speechAct": "(단언) 주장하기",
            "morpheme": "용인/NNP+이/VCP+라니/EF+./SY+대박이네ㅠ/UNKNOWN"
          },
          {
            "id": 19,
            "text": "2 : 또 가야 되는데 걱정된다 ㅠ",
            "norm_text": "또 가야 되는데 걱정된다 ㅠ",
            "speaker": {
              "id": "2번",
              "sex": "여성",
              "age": "20대"
            },
            "speechAct": "(단언) 주장하기",
            "morpheme": "또/MAG+가/VV+야/EC+되/VV+는데/EC+걱정/NNG+된/XSV+ETM+다ㅠ/UNKNOWN"
          }
        ]
      }
    }
  ]
}