{
  "dataset": {
    "identifier": 63186,
    "name": "KAKAO_917_12_set",
    "src_path": "/data/file/cubeManager/PROJECT001/53/txt20211005154939021349/KAKAO_917_12_set/",
    "label_path": "/data/file/cubeManager/PROJECT001/53/txt20211005154939021349/KAKAO_917_12_set/",
    "category": 2,
    "type": 0
  },
  "licenses": {
    "name": "Apache License 1.0",
    "url": "http://www.apache.org/licenses/LICENSE-1.0"
  },
  "info": [
    {
      "id": 41769,
      "filename": "KAKAO_917_12.txt",
      "title": "KAKAO_917_12",
      "mediatype": "SNS",
      "medianame": "카카오톡",
      "category": "일상대화",
      "date": "2021-10-05",
      "size": 428,
      "annotations": {
        "subject": "여행",
        "speaker_type": "1:1",
        "size": 428,
        "word_size": 148,
        "text": "1 : 여행은 주로 어떤 쪽으로 가?\n2 : 원래 휴양지 좋아했는데 지금 바다 쪽에 사니까 자연 쪽으로 찾는 거 같다 ㅠㅠ\n1 : 아 바다 많이 보니까 그렇겠다 ㅠㅠ\n2 : 어 키키 10년치 바다 지금 보고 있다\n1 : 키키 있을 때 많이 봐놔야겠네\n2 : 키키 어 키키 대구 가면 또 바다 보고 싶기는 할 거 같다 키키\n1 : 키키 대구는 진짜 바다가 없어서 너무 아쉽다 ㅠㅠ\n2 : 맞제 ㅠㅠ 보고 싶으면 포항이 제일 가깝나?\n1 : 포항이 가깝긴 한데 나는 바다 보러 부산 많이 간다 키키\n2 : 기차 타고 가나? 부산도 좋치\n1 : 엉 키키 기차나 친구 차 타고 간다 키키\n2 : 키키 다음에 울산에도 와봐라 여기도 좋타\n1 : 울산에 호미곶 있지 않나?\n2 : 그건 포항에 있지 키키\n1 : 아 키키 그럼 간절곶인가?\n1 : 뭐 하나 있지 않아?\n2 : 간절곶 있다 울산 와봤나 보네?",
        "lines": [
          {
            "id": 1,
            "text": "1 : 여행은 주로 어떤 쪽으로 가?",
            "norm_text": "여행은 주로 어떤 쪽으로 가?",
            "speaker": {
              "id": "1번",
              "sex": "여성",
              "age": "20대"
            },
            "speechAct": "(지시) 질문하기",
            "morpheme": "여행/NNG+은/JX+주로/MAG+어떤/MM+쪽/NNB+으로/JKB+가/VV+EF"
          },
          {
            "id": 2,
            "text": "2 : 원래 휴양지 좋아했는데 지금 바다 쪽에 사니까 자연 쪽으로 찾는 거 같다 ㅠㅠ",
            "norm_text": "원래 휴양지 좋아했는데 지금 바다 쪽에 사니까 자연 쪽으로 찾는 거 같다 ㅠㅠ",
            "speaker": {
              "id": "2번",
              "sex": "남성",
              "age": "30대"
            },
            "speechAct": "(단언) 주장하기",
            "morpheme": "원래/MAG+휴양지/NNG+좋/VA+아/EC+했/VX+EP+는데/EC+지금/MAG+바다/NNG+쪽/NNB+에/JKB+사/VV+니까/EC+자연/NNG+쪽/NNB+으로/JKB+찾/VV+는/ETM+거/NNB+같/VA+다/EF+ㅠㅠ/UNKNOWN"
          },
          {
            "id": 3,
            "text": "1 : 아 바다 많이 보니까 그렇겠다 ㅠㅠ",
            "norm_text": "아 바다 많이 보니까 그렇겠다 ㅠㅠ",
            "speaker": {
              "id": "1번",
              "sex": "여성",
              "age": "20대"
            },
            "speechAct": "(단언) 주장하기",
            "morpheme": "아/IC+바다/NNG+많이/MAG+보/VV+니까/EC+그렇/VA+겠/EP+다/EF+ㅠㅠ/UNKNOWN"
          },
          {
            "id": 4,
            "text": "2 : 어 키키 10년치 바다 지금 보고 있다",
            "norm_text": "어 키키 10년치 바다 지금 보고 있다",
            "speaker": {
              "id": "2번",
              "sex": "남성",
              "age": "30대"
            },
            "speechAct": "(단언) 주장하기",
            "morpheme": "어/IC+키/NNG+키/XSV+ETN+10/SN+년/NNBC+치/XSN+바다/NNG+지금/MAG+보/VV+고/EC+있/VX+다/EC"
          },
          {
            "id": 5,
            "text": "1 : 키키 있을 때 많이 봐놔야겠네",
            "norm_text": "키키 있을 때 많이 봐놔야겠네",
            "speaker": {
              "id": "1번",
              "sex": "여성",
              "age": "20대"
            },
            "speechAct": "(단언) 주장하기",
            "morpheme": "키/NNG+키/XSV+ETN+있/VV+을/ETM+때/NNG+많이/MAG+봐/VV+EC+놔야/VX+EC+VX+겠/EP+네/EF"
          },
          {
            "id": 6,
            "text": "2 : 키키 어 키키 대구 가면 또 바다 보고 싶기는 할 거 같다 키키",
            "norm_text": "키키 어 키키 대구 가면 또 바다 보고 싶기는 할 거 같다 키키",
            "speaker": {
              "id": "2번",
              "sex": "남성",
              "age": "30대"
            },
            "speechAct": "(단언) 주장하기",
            "morpheme": "키/NNG+키어/NNG+키/NNG+키/XSV+ETN+대/VV+구/EC+가/VX+면/EC+또/MAG+바다/NNG+보/VV+고/EC+싶/VX+기/ETN+는/JX+할/VV+ETM+거/NNB+같/VA+다키키/NNP"
          },
          {
            "id": 7,
            "text": "1 : 키키 대구는 진짜 바다가 없어서 너무 아쉽다 ㅠㅠ",
            "norm_text": "키키 대구는 진짜 바다가 없어서 너무 아쉽다 ㅠㅠ",
            "speaker": {
              "id": "1번",
              "sex": "여성",
              "age": "20대"
            },
            "speechAct": "(단언) 주장하기",
            "morpheme": "키키/NNP+대구/NNP+는/JX+진짜/MAG+바다/NNG+가/JKS+없/VA+어서/EC+너무/MAG+아쉽/VA+다/EF+ㅠㅠ/UNKNOWN"
          },
          {
            "id": 8,
            "text": "2 : 맞제 ㅠㅠ 보고 싶으면 포항이 제일 가깝나?",
            "norm_text": "맞제 ㅠㅠ 보고 싶으면 포항이 제일 가깝나?",
            "speaker": {
              "id": "2번",
              "sex": "남성",
              "age": "30대"
            },
            "speechAct": "(지시) 질문하기",
            "morpheme": "맞/VV+제/EC+ㅠㅠ/UNKNOWN+보/VV+고/EC+싶/VX+으면/EC+포항/NNG+이/JKS+제일/MAG+가깝/VA+나/EF"
          },
          {
            "id": 9,
            "text": "1 : 포항이 가깝긴 한데 나는 바다 보러 부산 많이 간다 키키",
            "norm_text": "포항이 가깝긴 한데 나는 바다 보러 부산 많이 간다 키키",
            "speaker": {
              "id": "1번",
              "sex": "여성",
              "age": "20대"
            },
            "speechAct": "(단언) 주장하기",
            "morpheme": "포항/NNG+이/JKS+가깝/VA+긴/ETN+JX+한데/VX+EC+나/NP+는/JX+바다/NNG+보/VV+러/EC+부산/NNP+많이/MAG+간다키/NNP+키/NNG"
          },
          {
            "id": 10,
            "text": "2 : 기차 타고 가나? 부산도 좋치",
            "norm_text": "기차 타고 가나? 부산도 좋치",
            "speaker": {
              "id": "2번",
              "sex": "남성",
              "age": "30대"
            },
            "speechAct": "(지시) 질문하기",
            "morpheme": "기차/NNG+타/VV+고/EC+가/VX+나/EF+부산/NNP+도/JX+좋/VA+치/XSA+EC"
          },
          {
            "id": 11,
            "text": "1 : 엉 키키 기차나 친구 차 타고 간다 키키",
            "norm_text": "엉 키키 기차나 친구 차 타고 간다 키키",
            "speaker": {
              "id": "1번",
              "sex": "여성",
              "age": "20대"
            },
            "speechAct": "(단언) 진술하기",
            "morpheme": "엉/IC+키/NNG+키/NNG+기차/NNG+나/JC+친구/NNG+차/NNG+타/VV+고/EC+간다키/NNP+키/NNG"
          },
          {
            "id": 12,
            "text": "2 : 키키 다음에 울산에도 와봐라 여기도 좋타",
            "norm_text": "키키 다음에 울산에도 와봐라 여기도 좋타",
            "speaker": {
              "id": "2번",
              "sex": "남성",
              "age": "30대"
            },
            "speechAct": "(지시) 충고/제안하기",
            "morpheme": "키/NNG+키/NNG+다음/NNG+에/JKB+울산/NNP+에/JKB+도와/VV+EC+봐라/VX+EF+여기/NP+도/JX+좋/VA+타/VV+EC"
          },
          {
            "id": 13,
            "text": "1 : 울산에 호미곶 있지 않나?",
            "norm_text": "울산에 호미곶 있지 않나?",
            "speaker": {
              "id": "1번",
              "sex": "여성",
              "age": "20대"
            },
            "speechAct": "(지시) 질문하기",
            "morpheme": "울산/NNP+에/JKB+호미곶/NNP+있/VV+지/EC+않/VX+나/EF"
          },
          {
            "id": 14,
            "text": "2 : 그건 포항에 있지 키키",
            "norm_text": "그건 포항에 있지 키키",
            "speaker": {
              "id": "2번",
              "sex": "남성",
              "age": "30대"
            },
            "speechAct": "(단언) 주장하기",
            "morpheme": "그건/NP+JX+포항/NNG+에/JKB+있/VV+지/EC+키/NNG+키/XSV+ETN"
          },
          {
            "id": 15,
            "text": "1 : 아 키키 그럼 간절곶인가?",
            "norm_text": "아 키키 그럼 간절곶인가?",
            "speaker": {
              "id": "1번",
              "sex": "여성",
              "age": "20대"
            },
            "speechAct": "(지시) 질문하기",
            "morpheme": "아키/NNP+키/NNG+그럼/MAJ+간절곶/NNP+인가/VCP+EF"
          },
          {
            "id": 16,
            "text": "1 : 뭐 하나 있지 않아?",
            "norm_text": "뭐 하나 있지 않아?",
            "speaker": {
              "id": "1번",
              "sex": "여성",
              "age": "20대"
            },
            "speechAct": "(지시) 질문하기",
            "morpheme": "뭐/IC+하나/NR+있/VV+지/EC+않/VX+아/EF"
          },
          {
            "id": 17,
            "text": "2 : 간절곶 있다 울산 와봤나 보네?",
            "norm_text": "간절곶 있다 울산 와봤나 보네?",
            "speaker": {
              "id": "2번",
              "sex": "남성",
              "age": "30대"
            },
            "speechAct": "(지시) 질문하기",
            "morpheme": "간절곶/NNP+있/VV+다/EC+울산/NNP+와/JKB+봤/VV+EP+나/EC+보/VX+네/EF"
          }
        ]
      }
    }
  ]
}