{
  "dataset": {
    "identifier": 72953,
    "name": "KAKAO_898_17_set",
    "src_path": "/data/file/cubeManager/PROJECT001/53/txt20211005152750073366/KAKAO_898_17_set/",
    "label_path": "/data/file/cubeManager/PROJECT001/53/txt20211005152750073366/KAKAO_898_17_set/",
    "category": 2,
    "type": 0
  },
  "licenses": {
    "name": "Apache License 1.0",
    "url": "http://www.apache.org/licenses/LICENSE-1.0"
  },
  "info": [
    {
      "id": 41274,
      "filename": "KAKAO_898_17.txt",
      "title": "KAKAO_898_17",
      "mediatype": "SNS",
      "medianame": "카카오톡",
      "category": "일상대화",
      "date": "2021-10-05",
      "size": 899,
      "annotations": {
        "subject": "건강",
        "speaker_type": "다자간 대화",
        "size": 899,
        "word_size": 208,
        "text": "1 : 코로나 터지고 건강에 더 주의를 기울이게 된 것 같아요\n2 : 인정이요. 위생에도 더 철저해 졌어요\n3 : 저는 생전 먹지도 않는 비타민이며 영양제까지 챙겨 먹었어요 키키\n1 : 그래도 우리는 백신 맞아서 조금은 안심이 돼요\n2 : 맞아요! 전 아직 1차까지만 맞았지만 그래도 뭔가 든든해요\n3 : 근데 참 백신 후유증이 사람마다 많이 다르더라구요\n1 : 네네. 그래서 처음에는 맞을까 말까 고민이 많이 했어요\n2 : 인터넷에서 고열로 고생하던 사람도 있었고 기저질환으로 돌아가신 분도 꽤 나와서 저도 너무 무서웠어요\n3 : 그래서 전 1차도 2차도 아무 느낌도 부작용도 없어서 의아했어요\n3 : 마음의 준비를 정말 단단히 하고 있었거든요\n1 : 저는 1차 맞고 두통이 좀 있어서 2차보다 힘들었던 것 같아요\n2 : 두 분이 아무 문제 없으셨다니 조금 마음이 놓여요\n3 : 근데 사실 전 아무 부작용이 없었다는게 마음이 놓이지는 않아요\n1 : 왜요왜요? 무사히 잘 넘어간 거면 좋은거죠!\n2 : 어떤 것 때매 그렇게 생각해요?\n3 : 의사선생님이 백신 맞고 신체 면역 반응 때문에 조금 아플 수도 있다고 하셨는데 전 백신과 싸울 면역이 없었던 건가 싶어요 ㅜㅜ\n1 : 접종 맞은 부위가 붓고 조금 뻐근했다면서요!\n1 : 그것도 일종의 부작용이죠\n2 : 맞아요, 저도 이것 저것 찾아봤었는데 그런 사소한 신체 반응도 면역 체계가 제대로 일하고 있다는 증거라고 했어요\n3 : 그런 거에요? 다행이에요 ㅜㅜ\n3 : 전 제가 면역력이 바닥인 줄 알고 조금 당황스러웠거든요\n1 : 에이 젊은데 벌써부터 그러면 안 되죠 키키\n2 : 맞아요 키키 돌도 씹어 먹을 나이라구요\n3 : 허헣 제가 은근 허약이라서요...\n1 : 그럼 이제부터라도 열심히 운동도 하고 건강도 챙겨봅시다!\n2 : 맞아요 젊을 때부터 건강 챙기면 좋죠\n3 : 네! 정말 그래야겠어요 하하",
        "lines": [
          {
            "id": 1,
            "text": "1 : 코로나 터지고 건강에 더 주의를 기울이게 된 것 같아요",
            "norm_text": "코로나 터지고 건강에 더 주의를 기울이게 된 것 같아요",
            "speaker": {
              "id": "1번",
              "sex": "여성",
              "age": "30대"
            },
            "speechAct": "(단언) 주장하기",
            "morpheme": "코로나/NNG+터지/VV+고/EC+건강/NNG+에/JKB+더/MAG+주의/NNG+를/JKO+기울이/VV+게/EC+된/VV+ETM+것/NNB+같/VA+아요/EC"
          },
          {
            "id": 2,
            "text": "2 : 인정이요. 위생에도 더 철저해 졌어요",
            "norm_text": "인정이요. 위생에도 더 철저해 졌어요",
            "speaker": {
              "id": "2번",
              "sex": "여성",
              "age": "40대"
            },
            "speechAct": "(단언) 주장하기",
            "morpheme": "인정/NNG+이/VCP+요/EF+ /SY+위생/NNG+에/JKB+도/JX+ /SY+더/MAG+ /SY+철저/NNG+해/XSV+EC+ /SY+졌어요/VX+EP+EC"
          },
          {
            "id": 3,
            "text": "3 : 저는 생전 먹지도 않는 비타민이며 영양제까지 챙겨 먹었어요 키키",
            "norm_text": "저는 생전 먹지도 않는 비타민이며 영양제까지 챙겨 먹었어요 키키",
            "speaker": {
              "id": "3번",
              "sex": "여성",
              "age": "10대"
            },
            "speechAct": "(단언) 진술하기",
            "morpheme": "저/NP+는/JX+생전/MAG+먹/VV+지/EC+도/JX+않/VX+는/ETM+비타민/NNG+이/VCP+며/EC+영양제/NNG+까지/JX+챙겨/VV+EC+먹/VV+었/EP+어요/EF+키/NNG+키/XSV+ETN"
          },
          {
            "id": 4,
            "text": "1 : 그래도 우리는 백신 맞아서 조금은 안심이 돼요",
            "norm_text": "그래도 우리는 백신 맞아서 조금은 안심이 돼요",
            "speaker": {
              "id": "1번",
              "sex": "여성",
              "age": "30대"
            },
            "speechAct": "(단언) 주장하기",
            "morpheme": "그래도/MAJ+우리/NP+는/JX+백신/NNG+맞/VV+아서/EC+조금/NNG+은/JX+안심/NNG+이/JKS+돼요/VV+EC"
          },
          {
            "id": 5,
            "text": "2 : 맞아요! 전 아직 1차까지만 맞았지만 그래도 뭔가 든든해요",
            "norm_text": "맞아요! 전 아직 1차까지만 맞았지만 그래도 뭔가 든든해요",
            "speaker": {
              "id": "2번",
              "sex": "여성",
              "age": "40대"
            },
            "speechAct": "(단언) 주장하기",
            "morpheme": "맞/VV+아요/EF+ /SY+전/NNG+ /SY+아직/MAG+ /SY+1/SN+차/NNBC+까지/JX+만/JX+ /SY+맞/VV+았/EP+지만/EC+ /SY+그래도/VV+EC+ /SY+뭔가/NP+VCP+EC+ /SY+든든/XR+해요/XSA+EC"
          },
          {
            "id": 6,
            "text": "3 : 근데 참 백신 후유증이 사람마다 많이 다르더라구요",
            "norm_text": "근데 참 백신 후유증이 사람마다 많이 다르더라구요",
            "speaker": {
              "id": "3번",
              "sex": "여성",
              "age": "10대"
            },
            "speechAct": "(단언) 진술하기",
            "morpheme": "근데/MAJ+참/MAG+백신/NNG+후유증/NNG+이/JKS+사람/NNG+마다/JX+많이/MAG+다르/VA+더라구요/EC"
          },
          {
            "id": 7,
            "text": "1 : 네네. 그래서 처음에는 맞을까 말까 고민이 많이 했어요",
            "norm_text": "네네. 그래서 처음에는 맞을까 말까 고민이 많이 했어요",
            "speaker": {
              "id": "1번",
              "sex": "여성",
              "age": "30대"
            },
            "speechAct": "(단언) 주장하기",
            "morpheme": "네네/IC+그래서/MAJ+처음/NNG+에/JKB+는/JX+맞/VV+을까/EC+말/VX+까/EC+고민/NNG+이/JKS+많이/MAG+했/VV+EP+어요/EF"
          },
          {
            "id": 8,
            "text": "2 : 인터넷에서 고열로 고생하던 사람도 있었고 기저질환으로 돌아가신 분도 꽤 나와서 저도 너무 무서웠어요",
            "norm_text": "인터넷에서 고열로 고생하던 사람도 있었고 기저질환으로 돌아가신 분도 꽤 나와서 저도 너무 무서웠어요",
            "speaker": {
              "id": "2번",
              "sex": "여성",
              "age": "40대"
            },
            "speechAct": "(단언) 진술하기",
            "morpheme": "인터넷/NNG+에서/JKB+ /SY+고열로/NNG+ /SY+고생/NNG+하/XSV+던/ETM+ /SY+사람/NNG+도/JX+ /SY+있/VA+었/EP+고/EC+ /SY+기저/NNP+질환/NNG+으로/JKB+ /SY+돌아가/VV+신/EP+ETM+ /SY+분도/NNG+ /SY+꽤/MAG+ /SY+나와서/VV+EC+ /SY+저/NP+도/JX+ /SY+너무/MAG+ /SY+무서웠/VA+EP+어요/EF"
          },
          {
            "id": 9,
            "text": "3 : 그래서 전 1차도 2차도 아무 느낌도 부작용도 없어서 의아했어요",
            "norm_text": "그래서 전 1차도 2차도 아무 느낌도 부작용도 없어서 의아했어요",
            "speaker": {
              "id": "3번",
              "sex": "여성",
              "age": "10대"
            },
            "speechAct": "(단언) 진술하기",
            "morpheme": "그래서/MAJ+전/MM+1/SN+차/NNBC+도/JX+2/SN+차/NNBC+도/JX+아무/MM+느낌/NNG+도/JX+부작용/NNG+도/JX+없/VA+어서/EC+의아/NNG+했어요/XSV+EP+EC"
          },
          {
            "id": 10,
            "text": "3 : 마음의 준비를 정말 단단히 하고 있었거든요",
            "norm_text": "마음의 준비를 정말 단단히 하고 있었거든요",
            "speaker": {
              "id": "3번",
              "sex": "여성",
              "age": "10대"
            },
            "speechAct": "(단언) 진술하기",
            "morpheme": "마음/NNG+의/JKG+준비/NNG+를/JKO+정말/MAG+단단히/MAG+하/VV+고/EC+있/VX+었/EP+거든요/EF"
          },
          {
            "id": 11,
            "text": "1 : 저는 1차 맞고 두통이 좀 있어서 2차보다 힘들었던 것 같아요",
            "norm_text": "저는 1차 맞고 두통이 좀 있어서 2차보다 힘들었던 것 같아요",
            "speaker": {
              "id": "1번",
              "sex": "여성",
              "age": "30대"
            },
            "speechAct": "(단언) 진술하기",
            "morpheme": "저/NP+는/JX+1/SN+차/NNBC+맞/VV+고/EC+두통/NNG+이/JKS+좀/MAG+있/VA+어서/EC+2/SN+차/NNBC+보다/JKB+힘들/VA+었/EP+던/ETM+것/NNB+같/VA+아요/EC"
          },
          {
            "id": 12,
            "text": "2 : 두 분이 아무 문제 없으셨다니 조금 마음이 놓여요",
            "norm_text": "두 분이 아무 문제 없으셨다니 조금 마음이 놓여요",
            "speaker": {
              "id": "2번",
              "sex": "여성",
              "age": "40대"
            },
            "speechAct": "(단언) 주장하기",
            "morpheme": "두/MM+ /SY+분/NNB+이/JKS+ /SY+아무/NP+ /SY+문제/NNG+ /SY+없/VA+으셨다니/EP+EP+EC+ /SY+조금/NNG+ /SY+마음/NNG+이/JKS+ /SY+놓여/VV+EC+요/JX"
          },
          {
            "id": 13,
            "text": "3 : 근데 사실 전 아무 부작용이 없었다는게 마음이 놓이지는 않아요",
            "norm_text": "근데 사실 전 아무 부작용이 없었다는게 마음이 놓이지는 않아요",
            "speaker": {
              "id": "3번",
              "sex": "여성",
              "age": "10대"
            },
            "speechAct": "(단언) 주장하기",
            "morpheme": "근데/MAJ+사실/MAG+전/MM+아무/MM+부작용/NNG+이/JKS+없/VA+었/EP+다는/ETM+게/NNB+JKS+마음/NNG+이/JKS+놓이/VV+지/EC+는/JX+않/VX+아요/EC"
          },
          {
            "id": 14,
            "text": "1 : 왜요왜요? 무사히 잘 넘어간 거면 좋은거죠!",
            "norm_text": "왜요왜요? 무사히 잘 넘어간 거면 좋은거죠!",
            "speaker": {
              "id": "1번",
              "sex": "여성",
              "age": "30대"
            },
            "speechAct": "(단언) 주장하기",
            "morpheme": "왜/MAG+요/JX+왜/MAG+요/JX+무사히/MAG+잘/MAG+넘어간/VV+ETM+거/NNB+면/VCP+EC+좋/VA+은/ETM+거/NNB+죠/VCP+EF"
          },
          {
            "id": 15,
            "text": "2 : 어떤 것 때매 그렇게 생각해요?",
            "norm_text": "어떤 것 때매 그렇게 생각해요?",
            "speaker": {
              "id": "2번",
              "sex": "여성",
              "age": "40대"
            },
            "speechAct": "(지시) 질문하기",
            "morpheme": "어떤/MM+ /SY+것/NNB+ /SY+때/NNG+매/NNG+ /SY+그렇/VA+게/EC+ /SY+생각/NNG+해요/XSV+EF"
          },
          {
            "id": 16,
            "text": "3 : 의사선생님이 백신 맞고 신체 면역 반응 때문에 조금 아플 수도 있다고 하셨는데 전 백신과 싸울 면역이 없었던 건가 싶어요 ㅜㅜ",
            "norm_text": "의사선생님이 백신 맞고 신체 면역 반응 때문에 조금 아플 수도 있다고 하셨는데 전 백신과 싸울 면역이 없었던 건가 싶어요 ㅜㅜ",
            "speaker": {
              "id": "3번",
              "sex": "여성",
              "age": "10대"
            },
            "speechAct": "(단언) 주장하기",
            "morpheme": "의사/NNG+선생/NNG+님/XSN+이/JKS+백신/NNG+맞/VV+고/EC+신체/NNG+면/VCP+EC+역반응/NNG+때문/NNB+에/JKB+조금/MAG+아플/VA+ETM+수/NNB+도/JX+있/VA+다고/EC+하/VX+셨/EP+EP+는데/EC+전/MM+백신/NNG+과/JKB+싸울/VV+ETM+면역/NNG+이/JKS+없/VA+었/EP+던/ETM+건가/NNB+VCP+EC+싶/VX+어요/EF+ㅜㅜ/UNKNOWN"
          },
          {
            "id": 17,
            "text": "1 : 접종 맞은 부위가 붓고 조금 뻐근했다면서요!",
            "norm_text": "접종 맞은 부위가 붓고 조금 뻐근했다면서요!",
            "speaker": {
              "id": "1번",
              "sex": "여성",
              "age": "30대"
            },
            "speechAct": "(단언) 진술하기",
            "morpheme": "접종/NNG+맞/VV+은/ETM+부위/NNG+가/JKS+붓/VV+고/EC+조금/MAG+뻐근/XR+했/XSA+EP+다면서요/EF"
          },
          {
            "id": 18,
            "text": "1 : 그것도 일종의 부작용이죠",
            "norm_text": "그것도 일종의 부작용이죠",
            "speaker": {
              "id": "1번",
              "sex": "여성",
              "age": "30대"
            },
            "speechAct": "(단언) 주장하기",
            "morpheme": "그것/NP+도/JX+일종/NNG+의/JKG+부작용/NNG+이/VCP+죠/EF"
          },
          {
            "id": 19,
            "text": "2 : 맞아요, 저도 이것 저것 찾아봤었는데 그런 사소한 신체 반응도 면역 체계가 제대로 일하고 있다는 증거라고 했어요",
            "norm_text": "맞아요, 저도 이것 저것 찾아봤었는데 그런 사소한 신체 반응도 면역 체계가 제대로 일하고 있다는 증거라고 했어요",
            "speaker": {
              "id": "2번",
              "sex": "여성",
              "age": "40대"
            },
            "speechAct": "(단언) 진술하기",
            "morpheme": "맞/VV+아요/EF+,/SC+ /SY+저/NP+도/JX+ /SY+이것/NP+ /SY+저것/NP+ /SY+찾/VV+아/EC+봤었/VX+EP+는데/EC+ /SY+그런/MM+ /SY+사소/XR+한/XSA+ETM+ /SY+신체/NNG+ /SY+반응/NNG+도/JX+ /SY+면역/NNG+체계/NNG+가/JKS+ /SY+제대로/MAG+ /SY+일/NNG+하/XSV+고/EC+ /SY+있/VA+다는/ETM+ /SY+증거/NNG+라고/VCP+EC+ /SY+했어요/XSV+EP+EC"
          },
          {
            "id": 20,
            "text": "3 : 그런 거에요? 다행이에요 ㅜㅜ",
            "norm_text": "그런 거에요? 다행이에요 ㅜㅜ",
            "speaker": {
              "id": "3번",
              "sex": "여성",
              "age": "10대"
            },
            "speechAct": "(단언) 주장하기",
            "morpheme": "그런/MM+거/NNB+에요/VCP+EF+다행이에요ㅜㅜ/UNKNOWN"
          },
          {
            "id": 21,
            "text": "3 : 전 제가 면역력이 바닥인 줄 알고 조금 당황스러웠거든요",
            "norm_text": "전 제가 면역력이 바닥인 줄 알고 조금 당황스러웠거든요",
            "speaker": {
              "id": "3번",
              "sex": "여성",
              "age": "10대"
            },
            "speechAct": "(단언) 주장하기",
            "morpheme": "전제/NNG+가/JKS+면역력/NNG+이/JKS+바닥/NNG+인/VCP+ETM+줄/NNB+알/VV+고/EC+조금/MAG+당황/NNG+스러웠/XSA+EP+거든요/EF"
          },
          {
            "id": 22,
            "text": "1 : 에이 젊은데 벌써부터 그러면 안 되죠 키키",
            "norm_text": "에이 젊은데 벌써부터 그러면 안 되죠 키키",
            "speaker": {
              "id": "1번",
              "sex": "여성",
              "age": "30대"
            },
            "speechAct": "(단언) 주장하기",
            "morpheme": "에이/NNG+젊/VA+은데/EC+벌써/MAG+부터/JX+그러/VV+면/EC+안/MAG+되/VV+죠/EF+키/NNG+키/XSV+ETN"
          },
          {
            "id": 23,
            "text": "2 : 맞아요 키키 돌도 씹어 먹을 나이라구요",
            "norm_text": "맞아요 키키 돌도 씹어 먹을 나이라구요",
            "speaker": {
              "id": "2번",
              "sex": "여성",
              "age": "40대"
            },
            "speechAct": "(단언) 주장하기",
            "morpheme": "맞아요키키돌도/UNKNOWN+ /SY+씹/VV+어/EC+ /SY+먹/VV+을/ETM+ /SY+나이/NNG+라구요/VCP+EC"
          },
          {
            "id": 24,
            "text": "3 : 허헣 제가 은근 허약이라서요...",
            "norm_text": "허헣 제가 은근 허약이라서요...",
            "speaker": {
              "id": "3번",
              "sex": "여성",
              "age": "10대"
            },
            "speechAct": "(단언) 주장하기",
            "morpheme": "허헣제가은근허약이라서요/UNKNOWN+./SY"
          },
          {
            "id": 25,
            "text": "1 : 그럼 이제부터라도 열심히 운동도 하고 건강도 챙겨봅시다!",
            "norm_text": "그럼 이제부터라도 열심히 운동도 하고 건강도 챙겨봅시다!",
            "speaker": {
              "id": "1번",
              "sex": "여성",
              "age": "30대"
            },
            "speechAct": "(언약) 약속하기(제3자와)/(개인적 수준)",
            "morpheme": "그럼/MAJ+이제/NNG+부터/JX+라도/VCP+EC+열심히/MAG+운동/NNG+도/JX+하/VV+고/EC+건강/NNG+도/JX+챙겨/VV+EC+봅시다/VX+EF"
          },
          {
            "id": 26,
            "text": "2 : 맞아요 젊을 때부터 건강 챙기면 좋죠",
            "norm_text": "맞아요 젊을 때부터 건강 챙기면 좋죠",
            "speaker": {
              "id": "2번",
              "sex": "여성",
              "age": "40대"
            },
            "speechAct": "(단언) 주장하기",
            "morpheme": "맞/VV+아요/EF+ /SY+젊/VA+을/ETM+ /SY+때/NNG+부터/JX+ /SY+건강/NNG+ /SY+챙기/VV+면/EC+ /SY+좋/VA+죠/EF"
          },
          {
            "id": 27,
            "text": "3 : 네! 정말 그래야겠어요 하하",
            "norm_text": "네! 정말 그래야겠어요 하하",
            "speaker": {
              "id": "3번",
              "sex": "여성",
              "age": "10대"
            },
            "speechAct": "(언약) 약속하기(제3자와)/(개인적 수준)",
            "morpheme": "네/IC+정말/MAG+그래야/VA+EC+VX+겠/EP+어요/EF+하하/MAG"
          }
        ]
      }
    }
  ]
}