{
  "dataset": {
    "identifier": 63838,
    "name": "KAKAO_901_12_set",
    "src_path": "/data/file/cubeManager/PROJECT001/53/txt20211005153438081859/KAKAO_901_12_set/",
    "label_path": "/data/file/cubeManager/PROJECT001/53/txt20211005153438081859/KAKAO_901_12_set/",
    "category": 2,
    "type": 0
  },
  "licenses": {
    "name": "Apache License 1.0",
    "url": "http://www.apache.org/licenses/LICENSE-1.0"
  },
  "info": [
    {
      "id": 41489,
      "filename": "KAKAO_901_12.txt",
      "title": "KAKAO_901_12",
      "mediatype": "SNS",
      "medianame": "카카오톡",
      "category": "일상대화",
      "date": "2021-10-05",
      "size": 424,
      "annotations": {
        "subject": "여행",
        "speaker_type": "1:1",
        "size": 424,
        "word_size": 150,
        "text": "1 : 그러니까 아니면 여행 가서 족구 한판 때리자 키키\n2 : 좋죠 키키 여행 어디로 갈까요\n1 : 뭐 아무 때나 키키 그냥 방 있고 마당 있는 곳이면\n2 : 키키 그건 맞죠 키키 뭐 잠만 잘 수 있다면\n1 : 키키 그러니까 어차피 남자들끼리 가면 술만 먹을 텐데\n2 : 키키 오 그럼 누구 누구 가면 되려나 형 같이 갈 친구 있어요?\n1 : 옹 키키 있지 한번 내 친구들과 놀래 키키\n2 : 좋죠 키키 저도 친구 델꼬 갈께요 키키\n1 : 오 야 재밌겠다 키키\n2 : 키키 굳 족구도 할 만하고 키키\n1 : 그러니까 키키 붙으면 되겠다 내기도 하고\n2 : 키키 그니깐요 키키 술도 맛있겠네요 키키\n1 : 키키 내가 나영석 피디 게임 알아갈게 키키\n2 : 오 대박 키키 진짜 너무 재밌겠는 데요\n1 : 키키 오 뭐지 갑자기 이 조합 좋은데?\n2 : 키키 진짜 키키 꼭 날 한 번 잡아요",
        "lines": [
          {
            "id": 1,
            "text": "1 : 그러니까 아니면 여행 가서 족구 한판 때리자 키키",
            "norm_text": "그러니까 아니면 여행 가서 족구 한판 때리자 키키",
            "speaker": {
              "id": "1번",
              "sex": "남성",
              "age": "20대"
            },
            "speechAct": "(지시) 충고/제안하기",
            "morpheme": "그러니까/MAJ+아니면/MAJ+여행/NNG+가/VV+서/EC+족구/NNG+한판/NNG+때리/VV+EC+자키/NNG+키/XSV+ETN"
          },
          {
            "id": 2,
            "text": "2 : 좋죠 키키 여행 어디로 갈까요",
            "norm_text": "좋죠 키키 여행 어디로 갈까요",
            "speaker": {
              "id": "2번",
              "sex": "남성",
              "age": "20대"
            },
            "speechAct": "(지시) 질문하기",
            "morpheme": "좋/VA+죠/EF+키키/NNP+여행/NNG+어디/NP+로/JKB+갈까요/VV+EC"
          },
          {
            "id": 3,
            "text": "1 : 뭐 아무 때나 키키 그냥 방 있고 마당 있는 곳이면",
            "norm_text": "뭐 아무 때나 키키 그냥 방 있고 마당 있는 곳이면",
            "speaker": {
              "id": "1번",
              "sex": "남성",
              "age": "20대"
            },
            "speechAct": "(단언) 진술하기",
            "morpheme": "뭐/IC+아무/MM+때/NNG+나/JC+키/NNG+키/NNG+그냥/MAG+방/NNG+있/VV+고/EC+마당/JX+있/VX+는/ETM+곳/NNG+이/VCP+면/EC"
          },
          {
            "id": 4,
            "text": "2 : 키키 그건 맞죠 키키 뭐 잠만 잘 수 있다면",
            "norm_text": "키키 그건 맞죠 키키 뭐 잠만 잘 수 있다면",
            "speaker": {
              "id": "2번",
              "sex": "남성",
              "age": "20대"
            },
            "speechAct": "(단언) 진술하기",
            "morpheme": "키/NNG+키/XSV+ETN+그건/NP+JX+맞/VV+죠/EF+키/NNG+키/XSV+ETN+뭐/IC+잠/NNG+만/JX+잘/VV+ETM+수/NNB+있/VV+다면/EC"
          },
          {
            "id": 5,
            "text": "1 : 키키 그러니까 어차피 남자들끼리 가면 술만 먹을 텐데",
            "norm_text": "키키 그러니까 어차피 남자들끼리 가면 술만 먹을 텐데",
            "speaker": {
              "id": "1번",
              "sex": "남성",
              "age": "20대"
            },
            "speechAct": "(단언) 진술하기",
            "morpheme": "키/NNG+키/XSV+ETN+그러니까/MAJ+어차피/MAG+남자/NNG+들/XSN+끼리/XSN+가/JKS+면술/NNG+만/JX+먹/VV+을/ETM+텐데/NNB+VCP+EC"
          },
          {
            "id": 6,
            "text": "2 : 키키 오 그럼 누구 누구 가면 되려나 형 같이 갈 친구 있어요?",
            "norm_text": "키키 오 그럼 누구 누구 가면 되려나 형 같이 갈 친구 있어요?",
            "speaker": {
              "id": "2번",
              "sex": "남성",
              "age": "20대"
            },
            "speechAct": "(지시) 질문하기",
            "morpheme": "키/NNG+키/XSV+ETN+오/NR+그럼/MAJ+누구/NP+누구/NP+가/JKS+면/NNG+되/XSV+려나/EC+형/NNG+같이/JKB+갈/VV+ETM+친구/NNG+있/VA+어요/EF"
          },
          {
            "id": 7,
            "text": "1 : 옹 키키 있지 한번 내 친구들과 놀래 키키",
            "norm_text": "옹 키키 있지 한번 내 친구들과 놀래 키키",
            "speaker": {
              "id": "1번",
              "sex": "남성",
              "age": "20대"
            },
            "speechAct": "(지시) 질문하기",
            "morpheme": "옹/NNG+키/NNG+키/XSV+ETN+있/VA+지/EF+한번/MAG+내/NP+JKG+친구/NNG+들/XSN+과/JKB+놀래/VV+EC+키/NNG+키/XSV+ETN"
          },
          {
            "id": 8,
            "text": "2 : 좋죠 키키 저도 친구 델꼬 갈께요 키키",
            "norm_text": "좋죠 키키 저도 친구 델꼬 갈께요 키키",
            "speaker": {
              "id": "2번",
              "sex": "남성",
              "age": "20대"
            },
            "speechAct": "(표현) 긍정감정 표현하기",
            "morpheme": "좋/VA+죠/EF+키/NNG+키저/NNG+도/JX+친구/NNG+델/VV+꼬/EC+갈께/VV+EC+요키/NNP+키/NNG"
          },
          {
            "id": 9,
            "text": "1 : 오 야 재밌겠다 키키",
            "norm_text": "오 야 재밌겠다 키키",
            "speaker": {
              "id": "1번",
              "sex": "남성",
              "age": "20대"
            },
            "speechAct": "(표현) 긍정감정 표현하기",
            "morpheme": "오야/NNG+재밌/VA+겠/EP+다키키/NNP"
          },
          {
            "id": 10,
            "text": "2 : 키키 굳 족구도 할 만하고 키키",
            "norm_text": "키키 굳 족구도 할 만하고 키키",
            "speaker": {
              "id": "2번",
              "sex": "남성",
              "age": "20대"
            },
            "speechAct": "(단언) 주장하기",
            "morpheme": "키/NNG+키/NNG+굳/NNG+족구/NNG+도/JX+할/VV+ETM+만/NNB+하/XSA+고/EC+키/NNG+키/XSV+ETN"
          },
          {
            "id": 11,
            "text": "1 : 그러니까 키키 붙으면 되겠다 내기도 하고",
            "norm_text": "그러니까 키키 붙으면 되겠다 내기도 하고",
            "speaker": {
              "id": "1번",
              "sex": "남성",
              "age": "20대"
            },
            "speechAct": "(단언) 진술하기",
            "morpheme": "그러니까/MAJ+키/NNG+키/XSV+ETN+붙/VV+으면/EC+되/VV+겠/EP+다/EC+내/VX+기/ETN+도/JX+하/VV+고/EC"
          },
          {
            "id": 12,
            "text": "2 : 키키 그니깐요 키키 술도 맛있겠네요 키키",
            "norm_text": "키키 그니깐요 키키 술도 맛있겠네요 키키",
            "speaker": {
              "id": "2번",
              "sex": "남성",
              "age": "20대"
            },
            "speechAct": "(단언) 주장하기",
            "morpheme": "키/NNG+키/XSV+ETN+그니깐/MAJ+요키/NNP+키/NNG+술/NNG+도/JX+맛있/VA+겠/EP+네요/EF+키/NNG+키/XSV+ETN"
          },
          {
            "id": 13,
            "text": "1 : 키키 내가 나영석 피디 게임 알아갈게 키키",
            "norm_text": "키키 내가 나영석 피디 게임 알아갈게 키키",
            "speaker": {
              "id": "1번",
              "sex": "남성",
              "age": "20대"
            },
            "speechAct": "(단언) 진술하기",
            "morpheme": "키/NNG+키/XSV+ETN+내/NP+가/JKS+나영석/NNP+피디/NNG+게임/NNG+알/VV+아/EC+갈/VX+ETM+게/NNB+JKS+키/NNG+키/XSV+ETN"
          },
          {
            "id": 14,
            "text": "2 : 오 대박 키키 진짜 너무 재밌겠는 데요",
            "norm_text": "오 대박 키키 진짜 너무 재밌겠는 데요",
            "speaker": {
              "id": "2번",
              "sex": "남성",
              "age": "20대"
            },
            "speechAct": "(단언) 주장하기",
            "morpheme": "오/NR+대/NNBC+박/NNP+키키/NNP+진짜/MAG+너무/MAG+재밌/VA+겠/EP+는데요/EC"
          },
          {
            "id": 15,
            "text": "1 : 키키 오 뭐지 갑자기 이 조합 좋은데?",
            "norm_text": "키키 오 뭐지 갑자기 이 조합 좋은데?",
            "speaker": {
              "id": "1번",
              "sex": "남성",
              "age": "20대"
            },
            "speechAct": "(지시) 질문하기",
            "morpheme": "키/NNG+키/XSV+ETN+오/JC+뭐/NP+지/VCP+EF+갑자기/MAG+이/MM+조합/NNG+좋/VA+은데/EF"
          },
          {
            "id": 16,
            "text": "2 : 키키 진짜 키키 꼭 날 한 번 잡아요",
            "norm_text": "키키 진짜 키키 꼭 날 한 번 잡아요",
            "speaker": {
              "id": "2번",
              "sex": "남성",
              "age": "20대"
            },
            "speechAct": "(지시) 충고/제안하기",
            "morpheme": "키/NNG+키/XSV+ETN+진짜/MAG+키/NNG+키/XSV+ETN+꼭/MAG+날/NNG+한/MM+번/NNBC+잡/VV+아요/EC"
          }
        ]
      }
    }
  ]
}