{
  "dataset": {
    "identifier": 56735,
    "name": "KAKAO_913_05_set",
    "src_path": "/data/file/cubeManager/PROJECT001/53/txt20211005161416010728/KAKAO_913_05_set/",
    "label_path": "/data/file/cubeManager/PROJECT001/53/txt20211005161416010728/KAKAO_913_05_set/",
    "category": 2,
    "type": 0
  },
  "licenses": {
    "name": "Apache License 1.0",
    "url": "http://www.apache.org/licenses/LICENSE-1.0"
  },
  "info": [
    {
      "id": 42002,
      "filename": "KAKAO_913_05.txt",
      "title": "KAKAO_913_05",
      "mediatype": "SNS",
      "medianame": "카카오톡",
      "category": "일상대화",
      "date": "2021-10-05",
      "size": 377,
      "annotations": {
        "subject": "군대",
        "speaker_type": "1:1",
        "size": 377,
        "word_size": 128,
        "text": "1 : 언니는 남자친구 군대 기다려봤어?\n2 : 아니 한번도 없고 주변만 봤어... 키키\n1 : 헐 어떻게 한번도 안 걸리지? 대박\n2 : 항상 다 전역해서 오더라구... 키키\n1 : 아 그럼 거의 연상 만났어?\n2 : 맞아 나는 연상을 좋아해 하하\n1 : 아하 키키 그래도 전역자라 좋긴 하겠다\n2 : 아! 예전에 연락하던 애가 군대 간 적은 있어!\n1 : 헐 그래서 잘 안됐어? 키키\n2 : 아쉬웠는데 별 생각은 안 나더라 키키\n1 : 그치 키키 갓 군대 간 애는 그렇지 뭐\n2 : 너는 군대 기다려 본 적 있어?\n1 : 응 나는 6개월 정도 해본 것 같아\n2 : 헐... 어땠어?\n2 : 힘들었겠다 ㅠㅠ\n1 : 나는 오히려 더 좋던데? 키키 내 시간도 있고!\n2 : 그래도 많이 보고 싶었겠다 ㅠㅠ",
        "lines": [
          {
            "id": 1,
            "text": "1 : 언니는 남자친구 군대 기다려봤어?",
            "norm_text": "언니는 남자친구 군대 기다려봤어?",
            "speaker": {
              "id": "1번",
              "sex": "여성",
              "age": "20대"
            },
            "speechAct": "(지시) 질문하기",
            "morpheme": "언니/NNG+는/JX+남자/NNG+친구/NNG+군대/NNG+기다려/VV+EC+봤/VX+EP+어/EF"
          },
          {
            "id": 2,
            "text": "2 : 아니 한번도 없고 주변만 봤어... 키키",
            "norm_text": "아니 한번도 없고 주변만 봤어... 키키",
            "speaker": {
              "id": "2번",
              "sex": "여성",
              "age": "20대"
            },
            "speechAct": "(단언) 주장하기",
            "morpheme": "아니/IC+한/MM+번/NNBC+도/JX+없/VA+고/EC+주변/NNG+만/JX+봤/VV+EP+어/EF+./SY+키/NNG+키/XSV+ETN"
          },
          {
            "id": 3,
            "text": "1 : 헐 어떻게 한번도 안 걸리지? 대박",
            "norm_text": "헐 어떻게 한번도 안 걸리지? 대박",
            "speaker": {
              "id": "1번",
              "sex": "여성",
              "age": "20대"
            },
            "speechAct": "(지시) 질문하기",
            "morpheme": "헐/IC+어떻게/MAG+한/MM+번/NNBC+도/JX+안/MAG+걸리/VV+지/EF+대박/NNG"
          },
          {
            "id": 4,
            "text": "2 : 항상 다 전역해서 오더라구... 키키",
            "norm_text": "항상 다 전역해서 오더라구... 키키",
            "speaker": {
              "id": "2번",
              "sex": "여성",
              "age": "20대"
            },
            "speechAct": "(단언) 진술하기",
            "morpheme": "항상/MAG+다/MAG+전역/NNG+해서/XSV+EC+오/VX+더라구/EF+./SY+키/NNG+키/XSV+ETN"
          },
          {
            "id": 5,
            "text": "1 : 아 그럼 거의 연상 만났어?",
            "norm_text": "아 그럼 거의 연상 만났어?",
            "speaker": {
              "id": "1번",
              "sex": "여성",
              "age": "20대"
            },
            "speechAct": "(지시) 질문하기",
            "morpheme": "아/IC+그럼/MAJ+거의/MAG+연상/MAG+만났/VV+EP+어/EF"
          },
          {
            "id": 6,
            "text": "2 : 맞아 나는 연상을 좋아해 하하",
            "norm_text": "맞아 나는 연상을 좋아해 하하",
            "speaker": {
              "id": "2번",
              "sex": "여성",
              "age": "20대"
            },
            "speechAct": "(단언) 주장하기",
            "morpheme": "맞/VV+아/EC+나/NP+는/JX+연상/NNG+을/JKO+좋아해/VV+EC+하하/MAG"
          },
          {
            "id": 7,
            "text": "1 : 아하 키키 그래도 전역자라 좋긴 하겠다",
            "norm_text": "아하 키키 그래도 전역자라 좋긴 하겠다",
            "speaker": {
              "id": "1번",
              "sex": "여성",
              "age": "20대"
            },
            "speechAct": "(단언) 주장하기",
            "morpheme": "아/IC+하키/NNG+키/XSV+ETN+그래도/MAJ+전역/NNG+자라/VV+EC+좋/VA+긴/ETN+JX+하/VX+겠/EP+다/EC"
          },
          {
            "id": 8,
            "text": "2 : 아! 예전에 연락하던 애가 군대 간 적은 있어!",
            "norm_text": "아! 예전에 연락하던 애가 군대 간 적은 있어!",
            "speaker": {
              "id": "2번",
              "sex": "여성",
              "age": "20대"
            },
            "speechAct": "(단언) 진술하기",
            "morpheme": "아/IC+예전/NNG+에/JKB+연락/NNG+하/XSV+던/ETM+애/NNG+가/JKS+군대/NNG+간적/NNG+은/JX+있/VA+어/EF"
          },
          {
            "id": 9,
            "text": "1 : 헐 그래서 잘 안됐어? 키키",
            "norm_text": "헐 그래서 잘 안됐어? 키키",
            "speaker": {
              "id": "1번",
              "sex": "여성",
              "age": "20대"
            },
            "speechAct": "(지시) 질문하기",
            "morpheme": "헐/IC+그래서/MAJ+잘/MAG+안/MAG+됐/VV+EP+어/EF+키/NNG+키/XSV+ETN"
          },
          {
            "id": 10,
            "text": "2 : 아쉬웠는데 별 생각은 안 나더라 키키",
            "norm_text": "아쉬웠는데 별 생각은 안 나더라 키키",
            "speaker": {
              "id": "2번",
              "sex": "여성",
              "age": "20대"
            },
            "speechAct": "(단언) 진술하기",
            "morpheme": "아쉬웠/VA+EP+는데/EC+별/MM+생각/NNG+은/JX+안/MAG+나/VV+더라/EC+키/NNG+키/XSV+ETN"
          },
          {
            "id": 11,
            "text": "1 : 그치 키키 갓 군대 간 애는 그렇지 뭐",
            "norm_text": "그치 키키 갓 군대 간 애는 그렇지 뭐",
            "speaker": {
              "id": "1번",
              "sex": "여성",
              "age": "20대"
            },
            "speechAct": "(단언) 주장하기",
            "morpheme": "그치/IC+키/NNG+키/XSV+ETN+갓/MAG+군대/NNG+간/NNB+애/NNG+는/JX+그렇/VA+지/EF+뭐/IC"
          },
          {
            "id": 12,
            "text": "2 : 너는 군대 기다려 본 적 있어?",
            "norm_text": "너는 군대 기다려 본 적 있어?",
            "speaker": {
              "id": "2번",
              "sex": "여성",
              "age": "20대"
            },
            "speechAct": "(지시) 질문하기",
            "morpheme": "너/NP+는/JX+군대/NNG+기다려본/VV+EC+VX+ETM+적/NNB+있/VA+어/EF"
          },
          {
            "id": 13,
            "text": "1 : 응 나는 6개월 정도 해본 것 같아",
            "norm_text": "응 나는 6개월 정도 해본 것 같아",
            "speaker": {
              "id": "1번",
              "sex": "여성",
              "age": "20대"
            },
            "speechAct": "(단언) 진술하기",
            "morpheme": "응/IC+나/NP+는/JX+6/SN+개월/NNBC+정도/NNG+해/XSV+EC+본/VX+ETM+것/NNB+같/VA+아/EC"
          },
          {
            "id": 14,
            "text": "2 : 헐... 어땠어?",
            "norm_text": "헐... 어땠어?",
            "speaker": {
              "id": "2번",
              "sex": "여성",
              "age": "20대"
            },
            "speechAct": "(지시) 질문하기",
            "morpheme": "헐/IC+./SY+어땠어/VA+EP+EF"
          },
          {
            "id": 15,
            "text": "2 : 힘들었겠다 ㅠㅠ",
            "norm_text": "힘들었겠다 ㅠㅠ",
            "speaker": {
              "id": "2번",
              "sex": "여성",
              "age": "20대"
            },
            "speechAct": "(단언) 주장하기",
            "morpheme": "힘들었겠다ㅠㅠ/UNKNOWN"
          },
          {
            "id": 16,
            "text": "1 : 나는 오히려 더 좋던데? 키키 내 시간도 있고!",
            "norm_text": "나는 오히려 더 좋던데? 키키 내 시간도 있고!",
            "speaker": {
              "id": "1번",
              "sex": "여성",
              "age": "20대"
            },
            "speechAct": "(단언) 주장하기",
            "morpheme": "나/NP+는/JX+오히려/MAJ+더/MAG+좋/VA+던데/EF+키/NNG+키/XSV+ETN+내/NP+JKG+시간/NNG+도/JX+있/VA+고/EC"
          },
          {
            "id": 17,
            "text": "2 : 그래도 많이 보고 싶었겠다 ㅠㅠ",
            "norm_text": "그래도 많이 보고 싶었겠다 ㅠㅠ",
            "speaker": {
              "id": "2번",
              "sex": "여성",
              "age": "20대"
            },
            "speechAct": "(단언) 주장하기",
            "morpheme": "그래도/MAJ+많이/MAG+보/VV+고/EC+싶/VX+었/EP+겠/EP+다/EF+ㅠㅠ/UNKNOWN"
          }
        ]
      }
    }
  ]
}