{
  "dataset": {
    "identifier": 44666,
    "name": "KAKAO_910_16_set",
    "src_path": "/data/file/cubeManager/PROJECT001/53/txt202110051548280776105/KAKAO_910_16_set/",
    "label_path": "/data/file/cubeManager/PROJECT001/53/txt202110051548280776105/KAKAO_910_16_set/",
    "category": 2,
    "type": 0
  },
  "licenses": {
    "name": "Apache License 1.0",
    "url": "http://www.apache.org/licenses/LICENSE-1.0"
  },
  "info": [
    {
      "id": 41693,
      "filename": "KAKAO_910_16.txt",
      "title": "KAKAO_910_16",
      "mediatype": "SNS",
      "medianame": "카카오톡",
      "category": "일상대화",
      "date": "2021-10-05",
      "size": 711,
      "annotations": {
        "subject": "미용",
        "speaker_type": "다자간 대화",
        "size": 711,
        "word_size": 222,
        "text": "1 : 저 요새 바빠서 피부과도 못 다니고 있잖아요\n2 : 피부과요? 피부 좋은데 왜 피부과를 다녀요?\n3 : 요새는 문제가 없어도 그냥 관리하러 많이 다니더라구요\n1 : 저도 그냥 관리하러 다녀요\n1 : 관리 받고 나면 확실히 다르거든요\n2 : 음 그래서 피부가 부드럽고 깨끗한가 봐요\n3 : 저도 한번 가보고 싶어요\n1 : 피부는 젊을 때부터 관리해줘야 해요\n2 : 맞아요 무엇보다 자외선이 가장 큰 적이니 선크림을 꼭 발라요\n3 : 앗 전 선크림이 끈적여서 잘 안 발랐는데 이제 발라야겠어요\n1 : 선크림 안 끈적이는 것도 요새 많이 나왔어요\n2 : 맞아요 저도 선크림 싫어서 선스틱 발라요\n3 : 누가 선물로 선스틱 준 거 그냥 처박아 놨는데 발라야겠어요!\n1 : 꼭 발라요! 자외선 자꾸 쐬면 주름살 생겨요\n2 : 맞아요 저는 선스틱 안 바르면 밖에 안 나가요\n3 : 헐 전 지금까지 맨 얼굴로 막 다녔어요\n1 : 그러면 안 돼요 아직 젊은데 화장도 예쁘게 하고 다녀야죠\n2 : 전 여름톤 피부라서 분홍색 위주의 화장품이 잘 맞아요\n3 : 전 무슨 톤 피부인지 궁금해요\n1 : 사실 전문가가 봐야 하는데 그냥 제 느낌에는 봄이나 가을 톤 같아요\n2 : 흠 입술에 분홍색이 어울려요? 주황색이 어울려요?\n3 : 주황색이 어울릴 것 같은데 그럼 무슨 톤이에요?\n1 : 그럼 봄 아니면 가을 톤이에요\n2 : 자기 피부 톤에 맞게 화장하고 옷 입으면 확실히 달라 보여요\n3 : 그럼 저도 앞으로 그렇게 해볼게요!",
        "lines": [
          {
            "id": 1,
            "text": "1 : 저 요새 바빠서 피부과도 못 다니고 있잖아요",
            "norm_text": "저 요새 바빠서 피부과도 못 다니고 있잖아요",
            "speaker": {
              "id": "1번",
              "sex": "여성",
              "age": "30대"
            },
            "speechAct": "(단언) 주장하기",
            "morpheme": "저/MM+요새/NNG+바빠서/VA+EC+피부과/NNG+도/JX+못/MAG+다니/VV+고/EC+있/VX+잖아요/EC"
          },
          {
            "id": 2,
            "text": "2 : 피부과요? 피부 좋은데 왜 피부과를 다녀요?",
            "norm_text": "피부과요? 피부 좋은데 왜 피부과를 다녀요?",
            "speaker": {
              "id": "2번",
              "sex": "여성",
              "age": "40대"
            },
            "speechAct": "(지시) 질문하기",
            "morpheme": "피부과/NNG+요/JX+피부/NNG+좋/VA+은데/EC+왜/MAG+피부과/NNG+를/JKO+다녀요/VV+EF"
          },
          {
            "id": 3,
            "text": "3 : 요새는 문제가 없어도 그냥 관리하러 많이 다니더라구요",
            "norm_text": "요새는 문제가 없어도 그냥 관리하러 많이 다니더라구요",
            "speaker": {
              "id": "3번",
              "sex": "여성",
              "age": "10대"
            },
            "speechAct": "(단언) 진술하기",
            "morpheme": "요새/NNG+는/JX+문제/NNG+가/JKS+없/VA+어도/EC+그냥/MAG+관리/NNG+하/XSV+러/EC+많이/MAG+다니/VV+더라구요/EC"
          },
          {
            "id": 4,
            "text": "1 : 저도 그냥 관리하러 다녀요",
            "norm_text": "저도 그냥 관리하러 다녀요",
            "speaker": {
              "id": "1번",
              "sex": "여성",
              "age": "30대"
            },
            "speechAct": "(단언) 진술하기",
            "morpheme": "저/NP+도/JX+그냥/MAG+관리/NNG+하/XSV+러/EC+다녀요/VV+EF"
          },
          {
            "id": 5,
            "text": "1 : 관리 받고 나면 확실히 다르거든요",
            "norm_text": "관리 받고 나면 확실히 다르거든요",
            "speaker": {
              "id": "1번",
              "sex": "여성",
              "age": "30대"
            },
            "speechAct": "(단언) 주장하기",
            "morpheme": "관리/NNG+받/VV+고/EC+나/VX+면/EC+확실히/MAG+다르/VA+거든요/EF"
          },
          {
            "id": 6,
            "text": "2 : 음 그래서 피부가 부드럽고 깨끗한가 봐요",
            "norm_text": "음 그래서 피부가 부드럽고 깨끗한가 봐요",
            "speaker": {
              "id": "2번",
              "sex": "여성",
              "age": "40대"
            },
            "speechAct": "(단언) 주장하기",
            "morpheme": "음/IC+그래서/MAJ+피부/NNG+가/JKS+부드럽/VA+고/EC+깨끗/XR+한가/XSA+EC+봐요/VX+EC"
          },
          {
            "id": 7,
            "text": "3 : 저도 한번 가보고 싶어요",
            "norm_text": "저도 한번 가보고 싶어요",
            "speaker": {
              "id": "3번",
              "sex": "여성",
              "age": "10대"
            },
            "speechAct": "(단언) 주장하기",
            "morpheme": "저/NP+도/JX+한/MM+번/NNBC+가/JKS+보/VV+고/EC+싶/VX+어요/EF"
          },
          {
            "id": 8,
            "text": "1 : 피부는 젊을 때부터 관리해줘야 해요",
            "norm_text": "피부는 젊을 때부터 관리해줘야 해요",
            "speaker": {
              "id": "1번",
              "sex": "여성",
              "age": "30대"
            },
            "speechAct": "(단언) 주장하기",
            "morpheme": "피부/NNG+는/JX+젊/VA+을/ETM+때/NNG+부터/JX+관리/NNG+해/XSV+EC+줘야/VX+EC+해요/VX+EC"
          },
          {
            "id": 9,
            "text": "2 : 맞아요 무엇보다 자외선이 가장 큰 적이니 선크림을 꼭 발라요",
            "norm_text": "맞아요 무엇보다 자외선이 가장 큰 적이니 선크림을 꼭 발라요",
            "speaker": {
              "id": "2번",
              "sex": "여성",
              "age": "40대"
            },
            "speechAct": "(지시) 충고/제안하기",
            "morpheme": "맞/VV+아요/EF+무엇/NP+보다/JKB+자외선/NNG+이/JKS+가장/MAG+큰/VA+ETM+적/NNB+이/VCP+니/EC+선크림/NNG+을/JKO+꼭/MAG+발/VA+라요/EC"
          },
          {
            "id": 10,
            "text": "3 : 앗 전 선크림이 끈적여서 잘 안 발랐는데 이제 발라야겠어요",
            "norm_text": "앗 전 선크림이 끈적여서 잘 안 발랐는데 이제 발라야겠어요",
            "speaker": {
              "id": "3번",
              "sex": "여성",
              "age": "10대"
            },
            "speechAct": "(단언) 주장하기",
            "morpheme": "앗/IC+전선/NNG+크림/NNG+이/JKS+끈/NNG+적/XSN+여서/VCP+EC+잘/MAG+안/MAG+발랐/VV+EP+는데/EC+이제/MAG+발라야/VV+EC+VX+겠/EP+어요/EF"
          },
          {
            "id": 11,
            "text": "1 : 선크림 안 끈적이는 것도 요새 많이 나왔어요",
            "norm_text": "선크림 안 끈적이는 것도 요새 많이 나왔어요",
            "speaker": {
              "id": "1번",
              "sex": "여성",
              "age": "30대"
            },
            "speechAct": "(단언) 진술하기",
            "morpheme": "선크림/NNG+안/MAG+끈적이/VV+는/ETM+것/NNB+도/JX+요새/MAG+많이/MAG+나왔/VV+EP+어요/EF"
          },
          {
            "id": 12,
            "text": "2 : 맞아요 저도 선크림 싫어서 선스틱 발라요",
            "norm_text": "맞아요 저도 선크림 싫어서 선스틱 발라요",
            "speaker": {
              "id": "2번",
              "sex": "여성",
              "age": "40대"
            },
            "speechAct": "(단언) 진술하기",
            "morpheme": "맞/VV+아요/EF+저/NP+도/JX+선크림/NNG+싫/VA+어서/EC+선스/NNP+틱/XSN+발/VA+라요/EC"
          },
          {
            "id": 13,
            "text": "3 : 누가 선물로 선스틱 준 거 그냥 처박아 놨는데 발라야겠어요!",
            "norm_text": "누가 선물로 선스틱 준 거 그냥 처박아 놨는데 발라야겠어요!",
            "speaker": {
              "id": "3번",
              "sex": "여성",
              "age": "10대"
            },
            "speechAct": "(단언) 주장하기",
            "morpheme": "누가/NP+JKS+선물/NNG+로선/JKB+JX+스틱/NNG+준/VV+ETM+거/NNB+그냥/MAG+처박/VV+아/EC+놨는데/VX+EP+EC+발라야/VV+EC+VX+겠/EP+어요/EF"
          },
          {
            "id": 14,
            "text": "1 : 꼭 발라요! 자외선 자꾸 쐬면 주름살 생겨요",
            "norm_text": "꼭 발라요! 자외선 자꾸 쐬면 주름살 생겨요",
            "speaker": {
              "id": "1번",
              "sex": "여성",
              "age": "30대"
            },
            "speechAct": "(지시) 충고/제안하기",
            "morpheme": "꼭/MAG+발라/VV+EC+요/JX+자외선/NNG+자꾸/MAG+쐬/VV+면/EC+주름살/NNG+생겨요/VV+EF"
          },
          {
            "id": 15,
            "text": "2 : 맞아요 저는 선스틱 안 바르면 밖에 안 나가요",
            "norm_text": "맞아요 저는 선스틱 안 바르면 밖에 안 나가요",
            "speaker": {
              "id": "2번",
              "sex": "여성",
              "age": "40대"
            },
            "speechAct": "(단언) 주장하기",
            "morpheme": "맞/VV+아요/EF+저/NP+는/JX+선스/NNP+틱/XSN+안/MAG+바르/VV+면/EC+밖에/JX+안/MAG+나가/VV+요/EC"
          },
          {
            "id": 16,
            "text": "3 : 헐 전 지금까지 맨 얼굴로 막 다녔어요",
            "norm_text": "헐 전 지금까지 맨 얼굴로 막 다녔어요",
            "speaker": {
              "id": "3번",
              "sex": "여성",
              "age": "10대"
            },
            "speechAct": "(단언) 주장하기",
            "morpheme": "헐/IC+전/MM+지금/NNG+까지/JX+맨/MM+얼굴/NNG+로/JKB+막/VV+다녔/EC+VV+EP+어요/EF"
          },
          {
            "id": 17,
            "text": "1 : 그러면 안 돼요 아직 젊은데 화장도 예쁘게 하고 다녀야죠",
            "norm_text": "그러면 안 돼요 아직 젊은데 화장도 예쁘게 하고 다녀야죠",
            "speaker": {
              "id": "1번",
              "sex": "여성",
              "age": "30대"
            },
            "speechAct": "(단언) 주장하기",
            "morpheme": "그러면/MAJ+안/MAG+돼요/VV+EF+아직/MAG+젊/VA+은데/EC+화장/NNG+도/JX+예쁘/VA+게/EC+하/VV+고/EC+다녀야/VV+IC+죠/NNP"
          },
          {
            "id": 18,
            "text": "2 : 전 여름톤 피부라서 분홍색 위주의 화장품이 잘 맞아요",
            "norm_text": "전 여름톤 피부라서 분홍색 위주의 화장품이 잘 맞아요",
            "speaker": {
              "id": "2번",
              "sex": "여성",
              "age": "40대"
            },
            "speechAct": "(단언) 주장하기",
            "morpheme": "전/MM+여름/NNG+톤/NNG+피부/NNG+라서/VCP+EC+분홍색/NNG+위주/NNG+의/JKG+화장품/NNG+이/JKS+잘/MAG+맞/VV+아요/EC"
          },
          {
            "id": 19,
            "text": "3 : 전 무슨 톤 피부인지 궁금해요",
            "norm_text": "전 무슨 톤 피부인지 궁금해요",
            "speaker": {
              "id": "3번",
              "sex": "여성",
              "age": "10대"
            },
            "speechAct": "(단언) 주장하기",
            "morpheme": "전/MM+무슨/MM+톤/NNG+피부/NNG+인지/VCP+EC+궁금/XR+해요/XSA+EC"
          },
          {
            "id": 20,
            "text": "1 : 사실 전문가가 봐야 하는데 그냥 제 느낌에는 봄이나 가을 톤 같아요",
            "norm_text": "사실 전문가가 봐야 하는데 그냥 제 느낌에는 봄이나 가을 톤 같아요",
            "speaker": {
              "id": "1번",
              "sex": "여성",
              "age": "30대"
            },
            "speechAct": "(단언) 주장하기",
            "morpheme": "사실/MAG+전문가/NNG+가/JKS+봐야/VV+EC+하/VV+는데/EC+그냥/MAG+제/XPN+느낌/NNG+에/JKB+는/JX+봄/NNG+이/JKS+나가/VV+을/ETM+톤/NNG+같/VA+아요/EC"
          },
          {
            "id": 21,
            "text": "2 : 흠 입술에 분홍색이 어울려요? 주황색이 어울려요?",
            "norm_text": "흠 입술에 분홍색이 어울려요? 주황색이 어울려요?",
            "speaker": {
              "id": "2번",
              "sex": "여성",
              "age": "40대"
            },
            "speechAct": "(지시) 질문하기",
            "morpheme": "흠/IC+입술/NNG+에/JKB+분홍색/NNG+이/JKS+어울려요/VV+EF+주황색/NNG+이/JKS+어울려요/VV+EF"
          },
          {
            "id": 22,
            "text": "3 : 주황색이 어울릴 것 같은데 그럼 무슨 톤이에요?",
            "norm_text": "주황색이 어울릴 것 같은데 그럼 무슨 톤이에요?",
            "speaker": {
              "id": "3번",
              "sex": "여성",
              "age": "10대"
            },
            "speechAct": "(지시) 질문하기",
            "morpheme": "주황색/NNG+이/JKS+어울릴/VV+ETM+것/NNB+같/VA+은데/EC+그럼/MAJ+무슨/MM+톤/NNG+이/VCP+에요/EF"
          },
          {
            "id": 23,
            "text": "1 : 그럼 봄 아니면 가을 톤이에요",
            "norm_text": "그럼 봄 아니면 가을 톤이에요",
            "speaker": {
              "id": "1번",
              "sex": "여성",
              "age": "30대"
            },
            "speechAct": "(단언) 주장하기",
            "morpheme": "그럼/MAJ+봄/NNG+아니/VCN+면/EC+가을/NNG+톤/NNG+이/VCP+에요/EF"
          },
          {
            "id": 24,
            "text": "2 : 자기 피부 톤에 맞게 화장하고 옷 입으면 확실히 달라 보여요",
            "norm_text": "자기 피부 톤에 맞게 화장하고 옷 입으면 확실히 달라 보여요",
            "speaker": {
              "id": "2번",
              "sex": "여성",
              "age": "40대"
            },
            "speechAct": "(단언) 주장하기",
            "morpheme": "자기/NP+피부/NNG+톤/NNG+에/JKB+맞/VV+게/EC+화장/NNG+하/XSV+고/EC+옷/NNG+입/VV+으면/EC+확실히/MAG+달라/VA+EC+보여요/VV+EC"
          },
          {
            "id": 25,
            "text": "3 : 그럼 저도 앞으로 그렇게 해볼게요!",
            "norm_text": "그럼 저도 앞으로 그렇게 해볼게요!",
            "speaker": {
              "id": "3번",
              "sex": "여성",
              "age": "10대"
            },
            "speechAct": "(언약) 약속하기(제3자와)/(개인적 수준)",
            "morpheme": "그럼/MAJ+저/NP+도/JX+앞/NNG+으로/JKB+그렇게/MAG+해/VV+EC+볼게요/VX+EF"
          }
        ]
      }
    }
  ]
}