{
  "dataset": {
    "identifier": 63370,
    "name": "KAKAO_912_07_set",
    "src_path": "/data/file/cubeManager/PROJECT001/53/txt20211005154135010767/KAKAO_912_07_set/",
    "label_path": "/data/file/cubeManager/PROJECT001/53/txt20211005154135010767/KAKAO_912_07_set/",
    "category": 2,
    "type": 0
  },
  "licenses": {
    "name": "Apache License 1.0",
    "url": "http://www.apache.org/licenses/LICENSE-1.0"
  },
  "info": [
    {
      "id": 41624,
      "filename": "KAKAO_912_07.txt",
      "title": "KAKAO_912_07",
      "mediatype": "SNS",
      "medianame": "카카오톡",
      "category": "일상대화",
      "date": "2021-10-05",
      "size": 453,
      "annotations": {
        "subject": "가족",
        "speaker_type": "1:1",
        "size": 453,
        "word_size": 140,
        "text": "1 : 나이를 먹으니까 점점 부모님 건강이 걱정돼\n2 : 맞아. 부모님 건강하신 게 진짜 큰 복이야\n1 : 얼마 전에 아버지 편찮으시고 나서 더 걱정이 커졌당\n2 : 그렇지? 병원 다니고 하면서 너도 고생 많았어\n1 : 맞아 ㅠ 아빠도 고생이겠지만... 나도 힘들었지 ㅠㅠ\n2 : 응 원래 자녀들이 많이 힘들대\n1 : 이젠 엄마한테도 그래서 건강 검진 받으라고 계속 말하는 중 ㅠ\n2 : 맞아 미리미리 검진 받는 게 최선이야\n1 : 엄마는 또 고혈압이 있거든.\n2 : 걱정이 많겠다. 너도 검진 자주 받아\n1 : 맞아 ... 이게 가족력이래서 나도 조심해야 하는데 ㅜㅠ\n2 : 그래 가족력이라는 게 있다고 하더라.\n1 : 응 엄마도 꾸준히 약 먹고 관리하는 중이야...\n2 : 우리 할머니도 위암으로 돌아가셔서 항상 그런 쪽으로 걱정이야\n1 : 아 진짜 식습관 이런 거 조심해야겠다\n2 : 응 근데 잘 안되잖아. 맛있는 거 못 잃어...",
        "lines": [
          {
            "id": 1,
            "text": "1 : 나이를 먹으니까 점점 부모님 건강이 걱정돼",
            "norm_text": "나이를 먹으니까 점점 부모님 건강이 걱정돼",
            "speaker": {
              "id": "1번",
              "sex": "여성",
              "age": "30대"
            },
            "speechAct": "(단언) 주장하기",
            "morpheme": "나이/NNG+를/JKO+먹/VV+으니까/EC+점점/MAG+부모/NNG+님/XSN+건강/NNG+이/JKS+걱정/NNG+돼/XSV+EC"
          },
          {
            "id": 2,
            "text": "2 : 맞아. 부모님 건강하신 게 진짜 큰 복이야",
            "norm_text": "맞아. 부모님 건강하신 게 진짜 큰 복이야",
            "speaker": {
              "id": "2번",
              "sex": "여성",
              "age": "30대"
            },
            "speechAct": "(단언) 주장하기",
            "morpheme": "맞/VV+아/EF+부모/NNG+님/XSN+건강/NNG+하/XSV+신/EP+ETM+게/NNB+JKS+진짜/MAG+큰/VA+ETM+복/NNG+이/VCP+야/EC"
          },
          {
            "id": 3,
            "text": "1 : 얼마 전에 아버지 편찮으시고 나서 더 걱정이 커졌당",
            "norm_text": "얼마 전에 아버지 편찮으시고 나서 더 걱정이 커졌당",
            "speaker": {
              "id": "1번",
              "sex": "여성",
              "age": "30대"
            },
            "speechAct": "(단언) 주장하기",
            "morpheme": "얼마/NNG+전/NNG+에/JKB+아버지/NNG+편찮/VA+으시/EP+고/EC+나/VX+서/EC+더/MAG+걱정/NNG+이/JKS+커졌/VV+EP+당/XSN"
          },
          {
            "id": 4,
            "text": "2 : 그렇지? 병원 다니고 하면서 너도 고생 많았어",
            "norm_text": "그렇지? 병원 다니고 하면서 너도 고생 많았어",
            "speaker": {
              "id": "2번",
              "sex": "여성",
              "age": "30대"
            },
            "speechAct": "(단언) 주장하기",
            "morpheme": "그렇/VA+지/EF+병원/NNG+다니/VV+고/EC+하/VV+면서/EC+너/NP+도/JX+고생/NNG+많/VA+았/EP+어/EC"
          },
          {
            "id": 5,
            "text": "1 : 맞아 ㅠ 아빠도 고생이겠지만... 나도 힘들었지 ㅠㅠ",
            "norm_text": "맞아 ㅠ 아빠도 고생이겠지만... 나도 힘들었지 ㅠㅠ",
            "speaker": {
              "id": "1번",
              "sex": "여성",
              "age": "30대"
            },
            "speechAct": "(단언) 주장하기",
            "morpheme": "맞/VV+아/EC+ㅠ/UNKNOWN+아빠/NNG+도/JX+고생/NNG+이/VCP+겠/EP+지만/EC+./SY+./SY+나도힘들었지ㅠㅠ/UNKNOWN"
          },
          {
            "id": 6,
            "text": "2 : 응 원래 자녀들이 많이 힘들대",
            "norm_text": "응 원래 자녀들이 많이 힘들대",
            "speaker": {
              "id": "2번",
              "sex": "여성",
              "age": "30대"
            },
            "speechAct": "(단언) 진술하기",
            "morpheme": "응/IC+원래/MAG+자녀/NNG+들/XSN+이/JKS+많이/MAG+힘들/VA+대/EC"
          },
          {
            "id": 7,
            "text": "1 : 이젠 엄마한테도 그래서 건강 검진 받으라고 계속 말하는 중 ㅠ",
            "norm_text": "이젠 엄마한테도 그래서 건강 검진 받으라고 계속 말하는 중 ㅠ",
            "speaker": {
              "id": "1번",
              "sex": "여성",
              "age": "30대"
            },
            "speechAct": "(단언) 진술하기",
            "morpheme": "이젠/NNG+JX+엄마/NNG+한테/JKB+도/JX+그래서/MAJ+건강/NNG+검진/NNG+받/VV+으라고/EC+계속/MAG+말/NNG+하/XSV+는/ETM+중ㅠ/UNKNOWN"
          },
          {
            "id": 8,
            "text": "2 : 맞아 미리미리 검진 받는 게 최선이야",
            "norm_text": "맞아 미리미리 검진 받는 게 최선이야",
            "speaker": {
              "id": "2번",
              "sex": "여성",
              "age": "30대"
            },
            "speechAct": "(단언) 주장하기",
            "morpheme": "맞아/IC+미리미리/MAG+검진/NNG+받/VV+는/ETM+게/NNB+JKS+최선/NNG+이/VCP+야/EC"
          },
          {
            "id": 9,
            "text": "1 : 엄마는 또 고혈압이 있거든.",
            "norm_text": "엄마는 또 고혈압이 있거든.",
            "speaker": {
              "id": "1번",
              "sex": "여성",
              "age": "30대"
            },
            "speechAct": "(단언) 진술하기",
            "morpheme": "엄마/NNG+는/JX+또/MAG+고혈압/NNG+이/JKS+있/VA+거든/EF"
          },
          {
            "id": 10,
            "text": "2 : 걱정이 많겠다. 너도 검진 자주 받아",
            "norm_text": "걱정이 많겠다. 너도 검진 자주 받아",
            "speaker": {
              "id": "2번",
              "sex": "여성",
              "age": "30대"
            },
            "speechAct": "(지시) 충고/제안하기",
            "morpheme": "걱정/NNG+이/JKS+많/VA+겠/EP+다/EF+너/NP+도/JX+검진/NNG+자주/MAG+받/VV+아/EC"
          },
          {
            "id": 11,
            "text": "1 : 맞아 ... 이게 가족력이래서 나도 조심해야 하는데 ㅜㅠ",
            "norm_text": "맞아 ... 이게 가족력이래서 나도 조심해야 하는데 ㅜㅠ",
            "speaker": {
              "id": "1번",
              "sex": "여성",
              "age": "30대"
            },
            "speechAct": "(단언) 주장하기",
            "morpheme": "맞/VV+아/EF+./SY+이게/NP+JKS+가족력/NNG+이래서/VV+EC+나/NP+도/JX+조심/NNG+해야/XSV+EC+하/VV+는데/EC+ㅜㅠ/UNKNOWN"
          },
          {
            "id": 12,
            "text": "2 : 그래 가족력이라는 게 있다고 하더라.",
            "norm_text": "그래 가족력이라는 게 있다고 하더라.",
            "speaker": {
              "id": "2번",
              "sex": "여성",
              "age": "30대"
            },
            "speechAct": "(단언) 진술하기",
            "morpheme": "그래/IC+가족력/NNG+이/VCP+라는/ETM+게/NNB+JKS+있/VA+다고/EC+하/VX+더라/EF"
          },
          {
            "id": 13,
            "text": "1 : 응 엄마도 꾸준히 약 먹고 관리하는 중이야...",
            "norm_text": "응 엄마도 꾸준히 약 먹고 관리하는 중이야...",
            "speaker": {
              "id": "1번",
              "sex": "여성",
              "age": "30대"
            },
            "speechAct": "(단언) 진술하기",
            "morpheme": "응/IC+엄마/NNG+도/JX+꾸준히/MAG+약/NNG+먹/VV+고/EC+관리/NNG+하/XSV+는/ETM+중/NNB+이/VCP+야/EF+./SY"
          },
          {
            "id": 14,
            "text": "2 : 우리 할머니도 위암으로 돌아가셔서 항상 그런 쪽으로 걱정이야",
            "norm_text": "우리 할머니도 위암으로 돌아가셔서 항상 그런 쪽으로 걱정이야",
            "speaker": {
              "id": "2번",
              "sex": "여성",
              "age": "30대"
            },
            "speechAct": "(단언) 주장하기",
            "morpheme": "우리/NP+할머니/NNG+도/JX+위암/NNG+으로/JKB+돌아가/VV+셔서/EP+EC+항상/MAG+그런/MM+쪽/NNB+으로/JKB+걱정/NNG+이/VCP+야/EC"
          },
          {
            "id": 15,
            "text": "1 : 아 진짜 식습관 이런 거 조심해야겠다",
            "norm_text": "아 진짜 식습관 이런 거 조심해야겠다",
            "speaker": {
              "id": "1번",
              "sex": "여성",
              "age": "30대"
            },
            "speechAct": "(단언) 주장하기",
            "morpheme": "아/IC+진짜/MAG+식습관/NNG+이런/MM+거/NNB+조심/NNG+해야/XSV+EC+VX+겠/EP+다/EC"
          },
          {
            "id": 16,
            "text": "2 : 응 근데 잘 안되잖아. 맛있는 거 못 잃어...",
            "norm_text": "응 근데 잘 안되잖아. 맛있는 거 못 잃어...",
            "speaker": {
              "id": "2번",
              "sex": "여성",
              "age": "30대"
            },
            "speechAct": "(단언) 주장하기",
            "morpheme": "응/IC+근데/MAJ+잘/MAG+안/MAG+되/VV+잖아/EF+맛있/VA+는/ETM+거/NNB+못/MAG+잃/VV+어/EF+./SY"
          }
        ]
      }
    }
  ]
}