{
  "dataset": {
    "identifier": 69181,
    "name": "KAKAO_915_02_set",
    "src_path": "/data/file/cubeManager/PROJECT001/53/txt20211005155756054760/KAKAO_915_02_set/",
    "label_path": "/data/file/cubeManager/PROJECT001/53/txt20211005155756054760/KAKAO_915_02_set/",
    "category": 2,
    "type": 0
  },
  "licenses": {
    "name": "Apache License 1.0",
    "url": "http://www.apache.org/licenses/LICENSE-1.0"
  },
  "info": [
    {
      "id": 41839,
      "filename": "KAKAO_915_02.txt",
      "title": "KAKAO_915_02",
      "mediatype": "SNS",
      "medianame": "카카오톡",
      "category": "일상대화",
      "date": "2021-10-05",
      "size": 401,
      "annotations": {
        "subject": "주거와 생활",
        "speaker_type": "1:1",
        "size": 401,
        "word_size": 138,
        "text": "1 : 오빠야 지금 사는 집은 아파트라고? 키키\n2 : 응응 아파트지 키키 나름 높다\n1 : 올 키키 너무 좋은데? 경치 진짜 끝내주겠당\n2 : 키키 근데 시내 쪽이라서 걍 시티뷰다\n1 : 오 시티뷰도 어디야 그게 키키 맥주 한잔 딱 먹기 좋겠다 키키\n2 : 키키 오 ** 맥주 좀 마시나 봐\n1 : 오호호 키키 다 잘 마시지 키키 안 마실 뿐\n2 : 키키 오 대단하네 그럼 소주도?\n1 : 당근당근 키키 소맥 아주 잘 말지\n2 : 오 키키 아주 잘 마는 수준이가 궁금하다\n1 : 키키 오호호 한번 말아 드리겠습니당\n2 : 키키 조만간 술 한잔 해야겠노\n1 : 키키 좋지요 코로나 좀 풀리면 한번 봅시당 키키\n2 : 좋지 키키 내가 한번 대구 간 날\n1 : 오예! 키키 놉시당 키키 송년회도 합시당 키키\n2 : 키키 송년회 작살 난다고 들었는데",
        "lines": [
          {
            "id": 1,
            "text": "1 : 오빠야 지금 사는 집은 아파트라고? 키키",
            "norm_text": "오빠야 지금 사는 집은 아파트라고? 키키",
            "speaker": {
              "id": "1번",
              "sex": "여성",
              "age": "20대"
            },
            "speechAct": "(지시) 질문하기",
            "morpheme": "오빠/NNG+야/VCP+EF+지금/MAG+사/VV+는/ETM+집/NNG+은/JX+아파트/NNG+라고/VCP+EC+?/SY+키/NNG+키/XSV+ETN"
          },
          {
            "id": 2,
            "text": "2 : 응응 아파트지 키키 나름 높다",
            "norm_text": "응응 아파트지 키키 나름 높다",
            "speaker": {
              "id": "2번",
              "sex": "남성",
              "age": "20대"
            },
            "speechAct": "(단언) 주장하기",
            "morpheme": "응/IC+응/IC+아파트/NNG+지키/NNP+키/NNG+나름/NNB+높/VA+다/EC"
          },
          {
            "id": 3,
            "text": "1 : 올 키키 너무 좋은데? 경치 진짜 끝내주겠당",
            "norm_text": "올 키키 너무 좋은데? 경치 진짜 끝내주겠당",
            "speaker": {
              "id": "1번",
              "sex": "여성",
              "age": "20대"
            },
            "speechAct": "(단언) 주장하기",
            "morpheme": "올키/NNG+키/NNG+너무/MAG+좋/VA+은데/EF+경치/NNG+진짜/MAG+끝내/VV+EC+주/VX+겠/EP+당/XSN"
          },
          {
            "id": 4,
            "text": "2 : 키키 근데 시내 쪽이라서 걍 시티뷰다",
            "norm_text": "키키 근데 시내 쪽이라서 걍 시티뷰다",
            "speaker": {
              "id": "2번",
              "sex": "남성",
              "age": "20대"
            },
            "speechAct": "(단언) 주장하기",
            "morpheme": "키/NNG+키/XSV+ETN+근데/MAJ+시내/NNG+쪽/NNB+이/VCP+라서/EC+걍시/UNKNOWN+티뷰/NNP+다/VCP+EC"
          },
          {
            "id": 5,
            "text": "1 : 오 시티뷰도 어디야 그게 키키 맥주 한잔 딱 먹기 좋겠다 키키",
            "norm_text": "오 시티뷰도 어디야 그게 키키 맥주 한잔 딱 먹기 좋겠다 키키",
            "speaker": {
              "id": "1번",
              "sex": "여성",
              "age": "20대"
            },
            "speechAct": "(단언) 주장하기",
            "morpheme": "오시/NNP+티뷰/NNP+도/JX+어디/NP+야/VCP+EF+그게/NP+JKS+키/NNG+키/NNG+맥주/NNG+한잔/NNG+딱/MAG+먹/VV+기/ETN+좋/VA+겠/EP+다키키/NNP"
          },
          {
            "id": 6,
            "text": "2 : 키키 오 ** 맥주 좀 마시나 봐",
            "norm_text": "키키 오 ** 맥주 좀 마시나 봐",
            "speaker": {
              "id": "2번",
              "sex": "남성",
              "age": "20대"
            },
            "speechAct": "(단언) 주장하기",
            "morpheme": "키/NNG+키오/NNP+*/SY+*/SY+맥주/NNG+좀/MAG+마시/VV+나/EC+봐/VX+EC"
          },
          {
            "id": 7,
            "text": "1 : 오호호 키키 다 잘 마시지 키키 안 마실 뿐",
            "norm_text": "오호호 키키 다 잘 마시지 키키 안 마실 뿐",
            "speaker": {
              "id": "1번",
              "sex": "여성",
              "age": "20대"
            },
            "speechAct": "(단언) 주장하기",
            "morpheme": "오호호/MAG+키/NNG+키/NNG+다/VCP+EF+잘/MAG+마시/VV+지/EC+키/NNG+키/NNG+안/MAG+마실/VV+ETM+뿐/NNB"
          },
          {
            "id": 8,
            "text": "2 : 키키 오 대단하네 그럼 소주도?",
            "norm_text": "키키 오 대단하네 그럼 소주도?",
            "speaker": {
              "id": "2번",
              "sex": "남성",
              "age": "20대"
            },
            "speechAct": "(지시) 질문하기",
            "morpheme": "키/NNG+키/VV+오/EC+대단/XR+하/XSA+네/EF+그럼/MAJ+소주/NNG+도/JX"
          },
          {
            "id": 9,
            "text": "1 : 당근당근 키키 소맥 아주 잘 말지",
            "norm_text": "당근당근 키키 소맥 아주 잘 말지",
            "speaker": {
              "id": "1번",
              "sex": "여성",
              "age": "20대"
            },
            "speechAct": "(단언) 주장하기",
            "morpheme": "당근/NNG+당근/NNG+키/NNG+키/NNG+소맥/NNG+아주/MAG+잘/MAG+말지/NNG"
          },
          {
            "id": 10,
            "text": "2 : 오 키키 아주 잘 마는 수준이가 궁금하다",
            "norm_text": "오 키키 아주 잘 마는 수준이가 궁금하다",
            "speaker": {
              "id": "2번",
              "sex": "남성",
              "age": "20대"
            },
            "speechAct": "(단언) 주장하기",
            "morpheme": "오키/NNP+키/NNG+아주/MAG+잘/MAG+마/VV+는/ETM+수/NNB+준/VV+ETM+이/NNB+가/JKS+궁금/XR+하/XSA+다/EC"
          },
          {
            "id": 11,
            "text": "1 : 키키 오호호 한번 말아 드리겠습니당",
            "norm_text": "키키 오호호 한번 말아 드리겠습니당",
            "speaker": {
              "id": "1번",
              "sex": "여성",
              "age": "20대"
            },
            "speechAct": "(언약) 약속하기(제3자와)/(개인적 수준)",
            "morpheme": "키/NNG+키/XSV+ETN+오호호/MAG+한번/MAG+말/VV+아/EC+드리/VX+겠/EP+습니당/EF"
          },
          {
            "id": 12,
            "text": "2 : 키키 조만간 술 한잔 해야겠노",
            "norm_text": "키키 조만간 술 한잔 해야겠노",
            "speaker": {
              "id": "2번",
              "sex": "남성",
              "age": "20대"
            },
            "speechAct": "(단언) 주장하기",
            "morpheme": "키/NNG+키/NNG+조만간/MAG+술/NNG+한잔/NNG+해야/XSV+EC+VX+겠/EP+노/EC"
          },
          {
            "id": 13,
            "text": "1 : 키키 좋지요 코로나 좀 풀리면 한번 봅시당 키키",
            "norm_text": "키키 좋지요 코로나 좀 풀리면 한번 봅시당 키키",
            "speaker": {
              "id": "1번",
              "sex": "여성",
              "age": "20대"
            },
            "speechAct": "(지시) 충고/제안하기",
            "morpheme": "키/NNG+키/XSV+ETN+좋/VA+지요/EF+코로나/NNG+좀/MAG+풀리/VV+면/EC+한번/MAG+봅/NNP+시당/NNG+키/NNG+키/XSV+ETN"
          },
          {
            "id": 14,
            "text": "2 : 좋지 키키 내가 한번 대구 간 날",
            "norm_text": "좋지 키키 내가 한번 대구 간 날",
            "speaker": {
              "id": "2번",
              "sex": "남성",
              "age": "20대"
            },
            "speechAct": "(단언) 주장하기",
            "morpheme": "좋/VA+지/EC+키/NNG+키/XSV+ETN+내/NP+가/JKS+한번/MAG+대구/NNP+간/NNB+날/NNG"
          },
          {
            "id": 15,
            "text": "1 : 오예! 키키 놉시당 키키 송년회도 합시당 키키",
            "norm_text": "오예! 키키 놉시당 키키 송년회도 합시당 키키",
            "speaker": {
              "id": "1번",
              "sex": "여성",
              "age": "20대"
            },
            "speechAct": "(지시) 충고/제안하기",
            "morpheme": "오예/IC+키키놉시당키키송년회도합시당키키/UNKNOWN"
          },
          {
            "id": 16,
            "text": "2 : 키키 송년회 작살 난다고 들었는데",
            "norm_text": "키키 송년회 작살 난다고 들었는데",
            "speaker": {
              "id": "2번",
              "sex": "남성",
              "age": "20대"
            },
            "speechAct": "(단언) 진술하기",
            "morpheme": "키/NNG+키/NNG+송년회/NNG+작살/NNG+난다고/VV+EC+들/VX+었/EP+는데/EC"
          }
        ]
      }
    }
  ]
}