{
  "dataset": {
    "identifier": 63764,
    "name": "KAKAO_902_11_set",
    "src_path": "/data/file/cubeManager/PROJECT001/53/txt20211005153950067640/KAKAO_902_11_set/",
    "label_path": "/data/file/cubeManager/PROJECT001/53/txt20211005153950067640/KAKAO_902_11_set/",
    "category": 2,
    "type": 0
  },
  "licenses": {
    "name": "Apache License 1.0",
    "url": "http://www.apache.org/licenses/LICENSE-1.0"
  },
  "info": [
    {
      "id": 41548,
      "filename": "KAKAO_902_11.txt",
      "title": "KAKAO_902_11",
      "mediatype": "SNS",
      "medianame": "카카오톡",
      "category": "일상대화",
      "date": "2021-10-05",
      "size": 764,
      "annotations": {
        "subject": "게임",
        "speaker_type": "다자간 대화",
        "size": 764,
        "word_size": 249,
        "text": "1 : 아 나도 철권은 잘하는데 어떻게 안될까?\n2 : 철권 못하면 가만히 있어라 두더지 장인이다 키키\n3 : 난 게임 잘 못해 ㅠ\n1 : 키키 진짜 어렸을 때 오락실 죽순이었음\n2 : 나 스타크래프트 초등학교 대장이었는데\n3 : 난 요즘 롤, 이 정도? 다른 게임은 잘 안 해 여친 따라 카러플\n1 : 키키 그거 카트라이더 모바일 버전 말하는 거임?\n2 : 어렵다 나같은 범생이한테 게임이란...\n3 : ,? 방금 대장이었다매 키키\n3 : 너도 카트 해 봐 할만 하던데 여자친구는 랭킹도 높어\n1 : * 너가 고딩 때 나 롤 알려주다가 때려 치라고 한 거 기억 안나?\n2 : 어 알지 키키 얼마나 화났었는데 그때ㅔ\n3 : 키키 왜 뭐 때문에 화났는데?\n1 : 아니 다른 친구는 조용히 내 롤 화면 채팅창을 없애 주질 않나 쟤는 그냥 때려 치라고 하질 않나...\n2 : 잡으라는 미니언 안 잡고 나는 내 정신줄 잡느라 혼났다 나는\n3 : 내 여친은 CS는 잘 잡던데\n1 : 키키 아니 나는 미니언인가 그거 잡아 먹으라 해서 열심히 잡았어 ...\n2 : 다 때려놓고 마지막에 안 때리면 너가 잡은 게 아니라고 ㅠ\n3 : 막타를 쳐야지, 나도 맨날 여친한테 막타 치라고 밥상 차려줘도 멍하니 있어서 탑이 먹음,\n1 : 이런 더불어 사는 세상... 나의 삶의 가치관이 나온 거랄까 ...?\n2 : 역시 게임을 잘하려 해도 머리랑 손이 빨라야 해\n3 : 그래도 이제 무빙은 칠 줄 알더라\n1 : 나 머리랑 손 엄청 빠른데?\n2 : 근데 나 사실 롤 영정 먹었어 키키\n3 : 키키 아 왜,? 무슨 짓을 하고 다닌 거야",
        "lines": [
          {
            "id": 1,
            "text": "1 : 아 나도 철권은 잘하는데 어떻게 안될까?",
            "norm_text": "아 나도 철권은 잘하는데 어떻게 안될까?",
            "speaker": {
              "id": "1번",
              "sex": "여성",
              "age": "20대"
            },
            "speechAct": "(지시) 질문하기",
            "morpheme": "아/IC+나/NP+도/JX+철권/NNG+은/JX+잘/MAG+하/VV+는데/EC+어떻게/MAG+안/MAG+될까/VV+EF"
          },
          {
            "id": 2,
            "text": "2 : 철권 못하면 가만히 있어라 두더지 장인이다 키키",
            "norm_text": "철권 못하면 가만히 있어라 두더지 장인이다 키키",
            "speaker": {
              "id": "2번",
              "sex": "남성",
              "age": "20대"
            },
            "speechAct": "(단언) 주장하기",
            "morpheme": "철권/NNG+못/MAG+하/VV+면/EC+가만히/MAG+있/VV+어라/EC+두더지/NNG+장인/NNG+이/JKS+다키키/NNP"
          },
          {
            "id": 3,
            "text": "3 : 난 게임 잘 못해 ㅠ",
            "norm_text": "난 게임 잘 못해 ㅠ",
            "speaker": {
              "id": "3번",
              "sex": "남성",
              "age": "20대"
            },
            "speechAct": "(단언) 주장하기",
            "morpheme": "난게임잘못해ㅠ/UNKNOWN"
          },
          {
            "id": 4,
            "text": "1 : 키키 진짜 어렸을 때 오락실 죽순이었음",
            "norm_text": "키키 진짜 어렸을 때 오락실 죽순이었음",
            "speaker": {
              "id": "1번",
              "sex": "여성",
              "age": "20대"
            },
            "speechAct": "(단언) 주장하기",
            "morpheme": "키/NNG+키/XSV+ETN+진짜/MAG+어렸/VA+EP+을/ETM+때/NNG+오락실/NNG+죽순/NNG+이/VCP+었/EP+음/ETN"
          },
          {
            "id": 5,
            "text": "2 : 나 스타크래프트 초등학교 대장이었는데",
            "norm_text": "나 스타크래프트 초등학교 대장이었는데",
            "speaker": {
              "id": "2번",
              "sex": "남성",
              "age": "20대"
            },
            "speechAct": "(단언) 주장하기",
            "morpheme": "나/NP+스타크래프트/NNP+초등/NNG+학교/NNG+대장/NNG+이/VCP+었/EP+는데/EC"
          },
          {
            "id": 6,
            "text": "3 : 난 요즘 롤, 이 정도? 다른 게임은 잘 안 해 여친 따라 카러플",
            "norm_text": "난 요즘 롤, 이 정도? 다른 게임은 잘 안 해 여친 따라 카러플",
            "speaker": {
              "id": "3번",
              "sex": "남성",
              "age": "20대"
            },
            "speechAct": "(단언) 진술하기",
            "morpheme": "난/NP+JX+요즘/NNG+롤/JKB+,/SC+이/MM+정도/NNG+다른/MM+게임/NNG+은/JX+잘/MAG+안/MAG+해/VV+EC+여친/NNG+따라/VV+EC+카/VX+러/EC+플/VX+ETM"
          },
          {
            "id": 7,
            "text": "1 : 키키 그거 카트라이더 모바일 버전 말하는 거임?",
            "norm_text": "키키 그거 카트라이더 모바일 버전 말하는 거임?",
            "speaker": {
              "id": "1번",
              "sex": "여성",
              "age": "20대"
            },
            "speechAct": "(지시) 질문하기",
            "morpheme": "키/NNG+키/XSV+ETN+그거/NP+카트라이더/NNP+모바일/NNP+버전/NNG+말/NNG+하/XSV+는/ETM+거/NNB+임/VCP+ETN"
          },
          {
            "id": 8,
            "text": "2 : 어렵다 나같은 범생이한테 게임이란...",
            "norm_text": "어렵다 나같은 범생이한테 게임이란...",
            "speaker": {
              "id": "2번",
              "sex": "남성",
              "age": "20대"
            },
            "speechAct": "(단언) 주장하기",
            "morpheme": "어렵/VA+다나/EC+같/VA+은/ETM+범/XPN+생이/NNG+한테/JKB+게임/NNG+이란/JX+./SY+./SY"
          },
          {
            "id": 9,
            "text": "3 : ,? 방금 대장이었다매 키키",
            "norm_text": ",? 방금 대장이었다매 키키",
            "speaker": {
              "id": "3번",
              "sex": "남성",
              "age": "20대"
            },
            "speechAct": "(단언) 진술하기",
            "morpheme": ",/SY+방금/MAG+대장/NNG+이/VCP+었/EP+다매/EF+키/NNG+키/XSV+ETN"
          },
          {
            "id": 10,
            "text": "3 : 너도 카트 해 봐 할만 하던데 여자친구는 랭킹도 높어",
            "norm_text": "너도 카트 해 봐 할만 하던데 여자친구는 랭킹도 높어",
            "speaker": {
              "id": "3번",
              "sex": "남성",
              "age": "20대"
            },
            "speechAct": "(지시) 충고/제안하기",
            "morpheme": "너/NP+도/JX+카트/NNG+해/XSV+EC+봐/VX+EC+할/VX+ETM+만/NNB+하/XSA+던데/EC+여자/NNG+친구/NNG+는/JX+랭킹/NNG+도/JX+높/VA+어/EC"
          },
          {
            "id": 11,
            "text": "1 : * 너가 고딩 때 나 롤 알려주다가 때려 치라고 한 거 기억 안나?",
            "norm_text": "* 너가 고딩 때 나 롤 알려주다가 때려 치라고 한 거 기억 안나?",
            "speaker": {
              "id": "1번",
              "sex": "여성",
              "age": "20대"
            },
            "speechAct": "(지시) 질문하기",
            "morpheme": "*/SY+너/NP+가/JKS+고딩/NNP+때/NNG+나/NP+롤/JKB+알려/VV+EC+주/VX+다가/EC+때려치/VV+라고/EC+한/VX+ETM+거/NNB+기억/NNG+안/MAG+나/VV+EF"
          },
          {
            "id": 12,
            "text": "2 : 어 알지 키키 얼마나 화났었는데 그때ㅔ",
            "norm_text": "어 알지 키키 얼마나 화났었는데 그때ㅔ",
            "speaker": {
              "id": "2번",
              "sex": "남성",
              "age": "20대"
            },
            "speechAct": "(단언) 주장하기",
            "morpheme": "어/IC+알/VV+지/EC+키/NNG+키/NNG+얼마나/MAG+화났/VV+EP+었/EP+는데/EC+그때/NNG+ㅔ/UNKNOWN"
          },
          {
            "id": 13,
            "text": "3 : 키키 왜 뭐 때문에 화났는데?",
            "norm_text": "키키 왜 뭐 때문에 화났는데?",
            "speaker": {
              "id": "3번",
              "sex": "남성",
              "age": "20대"
            },
            "speechAct": "(지시) 질문하기",
            "morpheme": "키/NNG+키/XSV+ETN+왜/MAG+뭐/NP+때문/NNB+에/JKB+화났/VV+EP+는데/EF"
          },
          {
            "id": 14,
            "text": "1 : 아니 다른 친구는 조용히 내 롤 화면 채팅창을 없애 주질 않나 쟤는 그냥 때려 치라고 하질 않나...",
            "norm_text": "아니 다른 친구는 조용히 내 롤 화면 채팅창을 없애 주질 않나 쟤는 그냥 때려 치라고 하질 않나...",
            "speaker": {
              "id": "1번",
              "sex": "여성",
              "age": "20대"
            },
            "speechAct": "(단언) 진술하기",
            "morpheme": "아니/IC+다른/MM+친구/NNG+는/JX+조용히/MAG+내/NP+롤/JKB+화면/NNG+채팅/NNG+창/NNG+을/JKO+없애/VV+EC+주/VX+질/EC+JX+않/VX+나/EC+쟤/NP+는/JX+그냥/MAG+때려치/VV+라고/EC+하/VV+질/EC+JX+않/VX+나/EF+./SY"
          },
          {
            "id": 15,
            "text": "2 : 잡으라는 미니언 안 잡고 나는 내 정신줄 잡느라 혼났다 나는",
            "norm_text": "잡으라는 미니언 안 잡고 나는 내 정신줄 잡느라 혼났다 나는",
            "speaker": {
              "id": "2번",
              "sex": "남성",
              "age": "20대"
            },
            "speechAct": "(단언) 주장하기",
            "morpheme": "잡/VV+으라는/ETM+미니언/NNP+안/MAG+잡/VV+고/EC+나/NP+는/JX+내/MM+정신줄/NNP+잡/VV+느라/EC+혼났/VV+EP+다/EF+나/NP+는/JX"
          },
          {
            "id": 16,
            "text": "3 : 내 여친은 CS는 잘 잡던데",
            "norm_text": "내 여친은 CS는 잘 잡던데",
            "speaker": {
              "id": "3번",
              "sex": "남성",
              "age": "20대"
            },
            "speechAct": "(단언) 진술하기",
            "morpheme": "내/NP+JKG+여친/NNG+은/JX+CS/SL+는/JX+잘/MAG+잡/VV+던데/EC"
          },
          {
            "id": 17,
            "text": "1 : 키키 아니 나는 미니언인가 그거 잡아 먹으라 해서 열심히 잡았어 ...",
            "norm_text": "키키 아니 나는 미니언인가 그거 잡아 먹으라 해서 열심히 잡았어 ...",
            "speaker": {
              "id": "1번",
              "sex": "여성",
              "age": "20대"
            },
            "speechAct": "(단언) 진술하기",
            "morpheme": "키/NNG+키/XSV+ETN+아니/VCN+나/NP+는/JX+미니언/NNP+인가/VCP+EC+그거/NP+잡아먹/VV+으라/EC+해서/VV+EC+열심히/MAG+잡/VV+았/EP+어/EF+./SY"
          },
          {
            "id": 18,
            "text": "2 : 다 때려놓고 마지막에 안 때리면 너가 잡은 게 아니라고 ㅠ",
            "norm_text": "다 때려놓고 마지막에 안 때리면 너가 잡은 게 아니라고 ㅠ",
            "speaker": {
              "id": "2번",
              "sex": "남성",
              "age": "20대"
            },
            "speechAct": "(단언) 진술하기",
            "morpheme": "다/MAG+때려/VV+EC+놓/VX+고/EC+마지막/NNG+에/JKB+안/MAG+때리/VV+면/EC+너/NP+가/JKS+잡/VV+은/ETM+게/NNB+JKC+아니/VCN+라고/EC+ㅠ/UNKNOWN"
          },
          {
            "id": 19,
            "text": "3 : 막타를 쳐야지, 나도 맨날 여친한테 막타 치라고 밥상 차려줘도 멍하니 있어서 탑이 먹음,",
            "norm_text": "막타를 쳐야지, 나도 맨날 여친한테 막타 치라고 밥상 차려줘도 멍하니 있어서 탑이 먹음,",
            "speaker": {
              "id": "3번",
              "sex": "남성",
              "age": "20대"
            },
            "speechAct": "(단언) 진술하기",
            "morpheme": "막/MAJ+타/NNG+를/JKO+쳐야지/VV+EC+,/SC+나/NP+도/JX+맨날/MAG+여친/NNG+한테/JKB+막/XR+타/XSA+EC+치/VV+라고/EC+밥상/NNG+차려줘도/VV+EC+VX+EC+멍하니/MAG+있/VV+어서/EC+탑/NNG+이/JKS+먹/VV+음/ETN+,/SC"
          },
          {
            "id": 20,
            "text": "1 : 이런 더불어 사는 세상... 나의 삶의 가치관이 나온 거랄까 ...?",
            "norm_text": "이런 더불어 사는 세상... 나의 삶의 가치관이 나온 거랄까 ...?",
            "speaker": {
              "id": "1번",
              "sex": "여성",
              "age": "20대"
            },
            "speechAct": "(단언) 주장하기",
            "morpheme": "이런/MM+더불/VV+어/EC+사/VV+는/ETM+세상/NNG+./SY+./SY+나/NP+의/JKG+삶/NNG+의/JKG+가치관/NNG+이/JKS+나온/VV+ETM+거/NNB+랄까/VCP+EF+./SY+./SY"
          },
          {
            "id": 21,
            "text": "2 : 역시 게임을 잘하려 해도 머리랑 손이 빨라야 해",
            "norm_text": "역시 게임을 잘하려 해도 머리랑 손이 빨라야 해",
            "speaker": {
              "id": "2번",
              "sex": "남성",
              "age": "20대"
            },
            "speechAct": "(단언) 주장하기",
            "morpheme": "역시/MAJ+게임/NNG+을/JKO+잘/MAG+하/VV+려/EC+해도/VV+EC+머리/NNG+랑/JKB+손/NNG+이/JKS+빨라야/VA+EC+해/VV+EC"
          },
          {
            "id": 22,
            "text": "3 : 그래도 이제 무빙은 칠 줄 알더라",
            "norm_text": "그래도 이제 무빙은 칠 줄 알더라",
            "speaker": {
              "id": "3번",
              "sex": "남성",
              "age": "20대"
            },
            "speechAct": "(단언) 주장하기",
            "morpheme": "그래도/MAJ+이제/MAG+무빙/NNG+은/JX+칠/VV+ETM+줄/NNB+알/VV+더라/EC"
          },
          {
            "id": 23,
            "text": "1 : 나 머리랑 손 엄청 빠른데?",
            "norm_text": "나 머리랑 손 엄청 빠른데?",
            "speaker": {
              "id": "1번",
              "sex": "여성",
              "age": "20대"
            },
            "speechAct": "(단언) 주장하기",
            "morpheme": "나/NP+머리/NNG+랑/JKB+손/NNG+엄청/MAG+빠른데/VA+EF"
          },
          {
            "id": 24,
            "text": "2 : 근데 나 사실 롤 영정 먹었어 키키",
            "norm_text": "근데 나 사실 롤 영정 먹었어 키키",
            "speaker": {
              "id": "2번",
              "sex": "남성",
              "age": "20대"
            },
            "speechAct": "(단언) 진술하기",
            "morpheme": "근데/MAJ+나사실/NNG+롤/JKB+영정/NNG+먹/VV+었/EP+어/EC+키/NNG+키/XSV+ETN"
          },
          {
            "id": 25,
            "text": "3 : 키키 아 왜,? 무슨 짓을 하고 다닌 거야",
            "norm_text": "키키 아 왜,? 무슨 짓을 하고 다닌 거야",
            "speaker": {
              "id": "3번",
              "sex": "남성",
              "age": "20대"
            },
            "speechAct": "(지시) 질문하기",
            "morpheme": "키/NNG+키/VV+아/EC+왜/MAG+,/SC+?/SY+무슨/MM+짓/NNG+을/JKO+하/VV+고/EC+다닌/VV+ETM+거/NNB+야/VCP+EF"
          }
        ]
      }
    }
  ]
}