{
  "dataset": {
    "identifier": 63870,
    "name": "KAKAO_900_05_set",
    "src_path": "/data/file/cubeManager/PROJECT001/53/txt20211005153423007716/KAKAO_900_05_set/",
    "label_path": "/data/file/cubeManager/PROJECT001/53/txt20211005153423007716/KAKAO_900_05_set/",
    "category": 2,
    "type": 0
  },
  "licenses": {
    "name": "Apache License 1.0",
    "url": "http://www.apache.org/licenses/LICENSE-1.0"
  },
  "info": [
    {
      "id": 41462,
      "filename": "KAKAO_900_05.txt",
      "title": "KAKAO_900_05",
      "mediatype": "SNS",
      "medianame": "카카오톡",
      "category": "일상대화",
      "date": "2021-10-05",
      "size": 461,
      "annotations": {
        "subject": "군대",
        "speaker_type": "1:1",
        "size": 461,
        "word_size": 156,
        "text": "1 : 취업 안 되면 다시 군대 갈까 키키\n2 : 키키 다시 갈 수 있어?\n1 : 키키 다시  갈 수는 있는데 키키 내보다 밑인 얘들이 내보다 위가 됐네? 키키\n2 : 아 키키 그러면 좀 진지하게 생각을 해봐야 겠는데?\n1 : 키키 진짜 그게 빡치는 거 알제 키키\n2 : 알지 키키 그거 못 참지 절대 키키\n1 : 키키 휴 진짜 그냥 사회에 있어야지 키키\n2 : 키키 넘나리 힘든 청추닝에요\n1 : 키키 맞아 이 청춘 정말 언제 끝나나\n2 : 키키 밑에서는 겁나 치고 올라오고 아 진짜 빡센 세대에 태어나서\n1 : 그러니까 키키 밑에 얘들은 스펙 왜 그렇게 좋냐? 키키\n2 : 그러니까 말이야 우리 땐 대학생 때 놀았는데\n1 : 맞아 키키 대학교 1, 2는 무조건 노는 거 아니라? 키키\n2 : 요즘은 고딩 때부터 스펙 만들어서 올라오더라\n1 : 와 진짜 키키 그러니까 상대가 되나\n2 : 거 넘 한 거 아니오 정말... 우린 첨부터 취업 절벽이었는데",
        "lines": [
          {
            "id": 1,
            "text": "1 : 취업 안 되면 다시 군대 갈까 키키",
            "norm_text": "취업 안 되면 다시 군대 갈까 키키",
            "speaker": {
              "id": "1번",
              "sex": "남성",
              "age": "20대"
            },
            "speechAct": "(지시) 질문하기",
            "morpheme": "취업/NNG+안/MAG+되/VV+면/EC+다시/MAG+군대/NNG+갈까/VV+EC+키/NNG+키/XSV+ETN"
          },
          {
            "id": 2,
            "text": "2 : 키키 다시 갈 수 있어?",
            "norm_text": "키키 다시 갈 수 있어?",
            "speaker": {
              "id": "2번",
              "sex": "여성",
              "age": "20대"
            },
            "speechAct": "(지시) 질문하기",
            "morpheme": "키/NNG+키/NNG+다시/MAG+갈/VV+ETM+수/NNB+있/VV+어/EF"
          },
          {
            "id": 3,
            "text": "1 : 키키 다시  갈 수는 있는데 키키 내보다 밑인 얘들이 내보다 위가 됐네? 키키",
            "norm_text": "키키 다시  갈 수는 있는데 키키 내보다 밑인 얘들이 내보다 위가 됐네? 키키",
            "speaker": {
              "id": "1번",
              "sex": "남성",
              "age": "20대"
            },
            "speechAct": "(단언) 진술하기",
            "morpheme": "키키다시갈수는있는데키키내보다밑인얘들이내보다위가됐네/UNKNOWN+키/NNG+키/XSV+ETN"
          },
          {
            "id": 4,
            "text": "2 : 아 키키 그러면 좀 진지하게 생각을 해봐야 겠는데?",
            "norm_text": "아 키키 그러면 좀 진지하게 생각을 해봐야 겠는데?",
            "speaker": {
              "id": "2번",
              "sex": "여성",
              "age": "20대"
            },
            "speechAct": "(단언) 주장하기",
            "morpheme": "아키/NNP+키/NNG+그러/VV+면/EC+좀/MAG+진지/XR+하/XSA+게/EC+생각/NNG+을/JKO+해/VV+EC+봐야/VX+EC+VV+겠/EP+는데/EF"
          },
          {
            "id": 5,
            "text": "1 : 키키 진짜 그게 빡치는 거 알제 키키",
            "norm_text": "키키 진짜 그게 빡치는 거 알제 키키",
            "speaker": {
              "id": "1번",
              "sex": "남성",
              "age": "20대"
            },
            "speechAct": "(단언) 주장하기",
            "morpheme": "키/NNG+키/XSV+ETN+진짜/MAG+그게/NP+JKS+빡/MAG+치/VV+는/ETM+거/NNB+알제/NNP+키/NNG+키/XSV+ETN"
          },
          {
            "id": 6,
            "text": "2 : 알지 키키 그거 못 참지 절대 키키",
            "norm_text": "알지 키키 그거 못 참지 절대 키키",
            "speaker": {
              "id": "2번",
              "sex": "여성",
              "age": "20대"
            },
            "speechAct": "(단언) 주장하기",
            "morpheme": "알/VV+지/EC+키/NNG+키/XSV+ETN+그거/NP+못/MAG+참/VV+지/EC+절대/MAG+키/NNG+키/XSV+ETN"
          },
          {
            "id": 7,
            "text": "1 : 키키 휴 진짜 그냥 사회에 있어야지 키키",
            "norm_text": "키키 휴 진짜 그냥 사회에 있어야지 키키",
            "speaker": {
              "id": "1번",
              "sex": "남성",
              "age": "20대"
            },
            "speechAct": "(단언) 진술하기",
            "morpheme": "키/NNG+키/XSV+ETN+휴/IC+진짜/MAG+그냥/MAG+사회/NNG+에/JKB+있/VV+어야지/EC+키/NNG+키/XSV+ETN"
          },
          {
            "id": 8,
            "text": "2 : 키키 넘나리 힘든 청추닝에요",
            "norm_text": "키키 넘나리 힘든 청추닝에요",
            "speaker": {
              "id": "2번",
              "sex": "여성",
              "age": "20대"
            },
            "speechAct": "(단언) 주장하기",
            "morpheme": "키/NNG+키/XSV+ETN+넘나/VV+리/EP+힘든/VA+ETM+청추/NNG+닝/NNP+에/JKB+요/JX"
          },
          {
            "id": 9,
            "text": "1 : 키키 맞아 이 청춘 정말 언제 끝나나",
            "norm_text": "키키 맞아 이 청춘 정말 언제 끝나나",
            "speaker": {
              "id": "1번",
              "sex": "남성",
              "age": "20대"
            },
            "speechAct": "(단언) 주장하기",
            "morpheme": "키/NNG+키/XSV+ETN+맞/VV+아/EC+이/MM+청춘/NNG+정말/MAG+언제/MAG+끝/NNG+나나/NNG"
          },
          {
            "id": 10,
            "text": "2 : 키키 밑에서는 겁나 치고 올라오고 아 진짜 빡센 세대에 태어나서",
            "norm_text": "키키 밑에서는 겁나 치고 올라오고 아 진짜 빡센 세대에 태어나서",
            "speaker": {
              "id": "2번",
              "sex": "여성",
              "age": "20대"
            },
            "speechAct": "(언약) 약속하기(제3자와)/(개인적 수준)",
            "morpheme": "키/NNG+키/NNG+밑/NNG+에서/JKB+는/JX+겁나/VV+EC+치/VV+고/EC+올라오/VV+고/EC+아/IC+진짜/MAG+빡센/VA+ETM+세대/NNG+에/JKB+태어나/VV+서/EC"
          },
          {
            "id": 11,
            "text": "1 : 그러니까 키키 밑에 얘들은 스펙 왜 그렇게 좋냐? 키키",
            "norm_text": "그러니까 키키 밑에 얘들은 스펙 왜 그렇게 좋냐? 키키",
            "speaker": {
              "id": "1번",
              "sex": "남성",
              "age": "20대"
            },
            "speechAct": "(단언) 주장하기",
            "morpheme": "그러니까/MAJ+키/NNG+키/NNG+밑/NNG+에/JKB+얘/NP+들/XSN+은/JX+스펙/NNP+왜/MAG+그렇게/MAG+좋/VA+냐/EF+키/NNG+키/XSV+ETN"
          },
          {
            "id": 12,
            "text": "2 : 그러니까 말이야 우리 땐 대학생 때 놀았는데",
            "norm_text": "그러니까 말이야 우리 땐 대학생 때 놀았는데",
            "speaker": {
              "id": "2번",
              "sex": "여성",
              "age": "20대"
            },
            "speechAct": "(단언) 진술하기",
            "morpheme": "그러니까/MAJ+말/NNG+이/VCP+야/EF+우리/NP+땐/NNG+JX+대학생/NNG+때/NNG+놀/VV+았/EP+는데/EC"
          },
          {
            "id": 13,
            "text": "1 : 맞아 키키 대학교 1, 2는 무조건 노는 거 아니라? 키키",
            "norm_text": "맞아 키키 대학교 1, 2는 무조건 노는 거 아니라? 키키",
            "speaker": {
              "id": "1번",
              "sex": "남성",
              "age": "20대"
            },
            "speechAct": "(단언) 주장하기",
            "morpheme": "맞/VV+아/EC+키/NNG+키/NNG+대학교/NNG+1/SN+,/SC+2/SN+는/JX+무조건/MAG+노/VV+는/ETM+거/NNB+아니/VCN+라/EF+키/NNG+키/XSV+ETN"
          },
          {
            "id": 14,
            "text": "2 : 요즘은 고딩 때부터 스펙 만들어서 올라오더라",
            "norm_text": "요즘은 고딩 때부터 스펙 만들어서 올라오더라",
            "speaker": {
              "id": "2번",
              "sex": "여성",
              "age": "20대"
            },
            "speechAct": "(단언) 주장하기",
            "morpheme": "요즘/NNG+은/JX+고딩/NNP+때/NNG+부터/JX+스펙/NNP+만들/VV+어서/EC+올라오/VV+더라/EC"
          },
          {
            "id": 15,
            "text": "1 : 와 진짜 키키 그러니까 상대가 되나",
            "norm_text": "와 진짜 키키 그러니까 상대가 되나",
            "speaker": {
              "id": "1번",
              "sex": "남성",
              "age": "20대"
            },
            "speechAct": "(단언) 주장하기",
            "morpheme": "와/IC+진짜/MAG+키/NNG+키/XSV+ETN+그러니까/MAJ+상대/NNG+가/JKS+되/VV+나/EC"
          },
          {
            "id": 16,
            "text": "2 : 거 넘 한 거 아니오 정말... 우린 첨부터 취업 절벽이었는데",
            "norm_text": "거 넘 한 거 아니오 정말... 우린 첨부터 취업 절벽이었는데",
            "speaker": {
              "id": "2번",
              "sex": "여성",
              "age": "20대"
            },
            "speechAct": "(단언) 진술하기",
            "morpheme": "거/NP+넘/MAG+한/XSA+ETM+거/NNB+아니/VCN+오/EC+정말/MAG+./SY+우린/NP+JX+첨/NNG+부터/JX+취업/NNG+절벽/NNG+이/VCP+었/EP+는데/EC"
          }
        ]
      }
    }
  ]
}