{
  "dataset": {
    "identifier": 62442,
    "name": "KAKAO_920_04_set",
    "src_path": "/data/file/cubeManager/PROJECT001/53/txt202110051613490104104/KAKAO_920_04_set/",
    "label_path": "/data/file/cubeManager/PROJECT001/53/txt202110051613490104104/KAKAO_920_04_set/",
    "category": 2,
    "type": 0
  },
  "licenses": {
    "name": "Apache License 1.0",
    "url": "http://www.apache.org/licenses/LICENSE-1.0"
  },
  "info": [
    {
      "id": 41961,
      "filename": "KAKAO_920_04.txt",
      "title": "KAKAO_920_04",
      "mediatype": "SNS",
      "medianame": "카카오톡",
      "category": "일상대화",
      "date": "2021-10-05",
      "size": 548,
      "annotations": {
        "subject": "회사/아르바이트",
        "speaker_type": "1:1",
        "size": 548,
        "word_size": 174,
        "text": "1 : 야 요즘 알바는 잘 다니고 있어?\n2 : 웅 잘 다니고 있기야 하지...\n2 : 걱정 마!\n1 : 너 어디서 알바한다고 했지?\n2 : 나 이제 편의점에서 아르바이트 하고 있어!\n1 : 편의점 알바 야간타임에 일한다고 했나?\n2 : 웅! 하는 일에 비해 임금이 너무 적다 ㅠㅠ\n2 : 편의점은 그게 단점인 거 같아...\n1 : 너 급여 얼마 받으면서 일하는데?\n2 : 야간에 손님이 많이 없다 보니까 최저도 못 받고 일해...\n1 : 헐... 급여가 너무 적은 거 아니야?\n2 : 요즘에 코로나 때문에 아르바이트 자리가 많이 없어서... 어쩔 수 없지...\n1 : 차라리 힘든데 급여 많이 주는 곳으로 옮기는 게 어때?\n2 : 근데 급여 많이 주는 곳은 전부 다 경력직 뽑더라고\n1 : 에휴... 맞아 요즘 알바 조건들 보면 경력직이더라...\n1 : 우리같이 경력 없는 사람들은 제한이 많아지는 것 같아\n2 : 그러니까 ㅠㅠ 빨리 취직 되면 좋겠다 ㅠㅠ\n2 : 일은 힘들어도 보람찰 것 같아\n1 : 그치 취직하면 알바 할 걱정도 안 들고 엄청 좋을 것 같아\n2 : 많이 벌어야 적금 드는 맛이 있을 텐데...",
        "lines": [
          {
            "id": 1,
            "text": "1 : 야 요즘 알바는 잘 다니고 있어?",
            "norm_text": "야 요즘 알바는 잘 다니고 있어?",
            "speaker": {
              "id": "1번",
              "sex": "여성",
              "age": "20대"
            },
            "speechAct": "(지시) 질문하기",
            "morpheme": "야/IC+요즘/MAG+알/VV+ETM+바/NNB+는/JX+잘/MAG+다니/VV+고/EC+있/VX+어/EF"
          },
          {
            "id": 2,
            "text": "2 : 웅 잘 다니고 있기야 하지...",
            "norm_text": "웅 잘 다니고 있기야 하지...",
            "speaker": {
              "id": "2번",
              "sex": "남성",
              "age": "20대"
            },
            "speechAct": "(단언) 진술하기",
            "morpheme": "웅/IC+잘/MAG+다니/VV+고/EC+있/VX+기야/EC+하/VX+지/EF+./SY"
          },
          {
            "id": 3,
            "text": "2 : 걱정 마!",
            "norm_text": "걱정 마!",
            "speaker": {
              "id": "2번",
              "sex": "남성",
              "age": "20대"
            },
            "speechAct": "(단언) 주장하기",
            "morpheme": "걱정/NNG+마/VV+EF"
          },
          {
            "id": 4,
            "text": "1 : 너 어디서 알바한다고 했지?",
            "norm_text": "너 어디서 알바한다고 했지?",
            "speaker": {
              "id": "1번",
              "sex": "여성",
              "age": "20대"
            },
            "speechAct": "(지시) 질문하기",
            "morpheme": "너/NP+어디/NP+서/JKB+알/VV+ETM+바/NNB+한다고/VV+EC+했/VX+EP+지/EF"
          },
          {
            "id": 5,
            "text": "2 : 나 이제 편의점에서 아르바이트 하고 있어!",
            "norm_text": "나 이제 편의점에서 아르바이트 하고 있어!",
            "speaker": {
              "id": "2번",
              "sex": "남성",
              "age": "20대"
            },
            "speechAct": "(단언) 진술하기",
            "morpheme": "나/NP+이제/MAG+편의점/NNG+에서/JKB+아르바이트/NNG+하/XSV+고/EC+있/VX+어/EF"
          },
          {
            "id": 6,
            "text": "1 : 편의점 알바 야간타임에 일한다고 했나?",
            "norm_text": "편의점 알바 야간타임에 일한다고 했나?",
            "speaker": {
              "id": "1번",
              "sex": "여성",
              "age": "20대"
            },
            "speechAct": "(지시) 질문하기",
            "morpheme": "편의점/NNG+알바/NNP+야간/NNG+타임/NNG+에/JKB+일/NNG+한다고/XSV+EC+했/VX+EP+나/EF"
          },
          {
            "id": 7,
            "text": "2 : 웅! 하는 일에 비해 임금이 너무 적다 ㅠㅠ",
            "norm_text": "웅! 하는 일에 비해 임금이 너무 적다 ㅠㅠ",
            "speaker": {
              "id": "2번",
              "sex": "남성",
              "age": "20대"
            },
            "speechAct": "(단언) 주장하기",
            "morpheme": "웅/IC+하는일에비해임금이너무적다ㅠㅠ/UNKNOWN"
          },
          {
            "id": 8,
            "text": "2 : 편의점은 그게 단점인 거 같아...",
            "norm_text": "편의점은 그게 단점인 거 같아...",
            "speaker": {
              "id": "2번",
              "sex": "남성",
              "age": "20대"
            },
            "speechAct": "(단언) 주장하기",
            "morpheme": "편의점/NNG+은/JX+그게/NP+JKS+단점/NNG+인/VCP+ETM+거/NNB+같/VA+아/EF+./SY"
          },
          {
            "id": 9,
            "text": "1 : 너 급여 얼마 받으면서 일하는데?",
            "norm_text": "너 급여 얼마 받으면서 일하는데?",
            "speaker": {
              "id": "1번",
              "sex": "여성",
              "age": "20대"
            },
            "speechAct": "(지시) 질문하기",
            "morpheme": "너/NP+급여/NNG+얼마/NNG+받/VV+으면서/EC+일/NNG+하/XSV+는데/EC"
          },
          {
            "id": 10,
            "text": "2 : 야간에 손님이 많이 없다 보니까 최저도 못 받고 일해...",
            "norm_text": "야간에 손님이 많이 없다 보니까 최저도 못 받고 일해...",
            "speaker": {
              "id": "2번",
              "sex": "남성",
              "age": "20대"
            },
            "speechAct": "(단언) 진술하기",
            "morpheme": "야간/NNG+에/JKB+손/NNG+님/XSN+이/JKS+많이/MAG+없/VA+다/EC+보/VX+니까/EC+최저/NNG+도/JX+못/MAG+받/VV+고/EC+일/NNG+해/XSV+EF+./SY"
          },
          {
            "id": 11,
            "text": "1 : 헐... 급여가 너무 적은 거 아니야?",
            "norm_text": "헐... 급여가 너무 적은 거 아니야?",
            "speaker": {
              "id": "1번",
              "sex": "여성",
              "age": "20대"
            },
            "speechAct": "(단언) 주장하기",
            "morpheme": "헐/IC+./SY+급여/NNG+가/JKS+너무/MAG+적/VA+은/ETM+거/NNB+아니/VCN+야/EF"
          },
          {
            "id": 12,
            "text": "2 : 요즘에 코로나 때문에 아르바이트 자리가 많이 없어서... 어쩔 수 없지...",
            "norm_text": "요즘에 코로나 때문에 아르바이트 자리가 많이 없어서... 어쩔 수 없지...",
            "speaker": {
              "id": "2번",
              "sex": "남성",
              "age": "20대"
            },
            "speechAct": "(단언) 진술하기",
            "morpheme": "요즘/NNG+에/JKB+코로나/NNG+때문/NNB+에/JKB+아르바이트/NNG+자리/NNG+가/JKS+많이/MAG+없/VA+어서/EC+./SY+./SY+어쩔/VV+ETM+수/NNB+없/VA+지/EF+./SY"
          },
          {
            "id": 13,
            "text": "1 : 차라리 힘든데 급여 많이 주는 곳으로 옮기는 게 어때?",
            "norm_text": "차라리 힘든데 급여 많이 주는 곳으로 옮기는 게 어때?",
            "speaker": {
              "id": "1번",
              "sex": "여성",
              "age": "20대"
            },
            "speechAct": "(지시) 충고/제안하기",
            "morpheme": "차라리/MAG+힘든데/VA+EC+급여/NNG+많이/MAG+주/VV+는/ETM+곳/NNG+으로/JKB+옮기/VV+는/ETM+게/NNB+JKS+어때/VA+EF"
          },
          {
            "id": 14,
            "text": "2 : 근데 급여 많이 주는 곳은 전부 다 경력직 뽑더라고",
            "norm_text": "근데 급여 많이 주는 곳은 전부 다 경력직 뽑더라고",
            "speaker": {
              "id": "2번",
              "sex": "남성",
              "age": "20대"
            },
            "speechAct": "(단언) 주장하기",
            "morpheme": "근데/MAJ+급여/NNG+많이/MAG+주/VV+는/ETM+곳/NNG+은/JX+전부/MAG+다/MAG+경력직/NNG+뽑/VV+더라고/EC"
          },
          {
            "id": 15,
            "text": "1 : 에휴... 맞아 요즘 알바 조건들 보면 경력직이더라...",
            "norm_text": "에휴... 맞아 요즘 알바 조건들 보면 경력직이더라...",
            "speaker": {
              "id": "1번",
              "sex": "여성",
              "age": "20대"
            },
            "speechAct": "(단언) 진술하기",
            "morpheme": "에휴/IC+./SY+맞/VV+아/EC+요즘/MAG+알바/NNP+조건/NNG+들/XSN+보/VV+면/EC+경력직/NNG+이/VCP+더라/EF+./SY"
          },
          {
            "id": 16,
            "text": "1 : 우리같이 경력 없는 사람들은 제한이 많아지는 것 같아",
            "norm_text": "우리같이 경력 없는 사람들은 제한이 많아지는 것 같아",
            "speaker": {
              "id": "1번",
              "sex": "여성",
              "age": "20대"
            },
            "speechAct": "(단언) 주장하기",
            "morpheme": "우리/NP+같이/MAG+경력/NNG+없/VA+는/ETM+사람/NNG+들/XSN+은/JX+제한/NNG+이/JKS+많/VA+아/EC+지/VX+는/ETM+것/NNB+같/VA+아/EC"
          },
          {
            "id": 17,
            "text": "2 : 그러니까 ㅠㅠ 빨리 취직 되면 좋겠다 ㅠㅠ",
            "norm_text": "그러니까 ㅠㅠ 빨리 취직 되면 좋겠다 ㅠㅠ",
            "speaker": {
              "id": "2번",
              "sex": "남성",
              "age": "20대"
            },
            "speechAct": "(단언) 주장하기",
            "morpheme": "그러니까/MAJ+ㅠㅠ/UNKNOWN+빨리/MAG+취직/NNG+되/XSV+면/EC+좋/VA+겠/EP+다/EF+ㅠㅠ/UNKNOWN"
          },
          {
            "id": 18,
            "text": "2 : 일은 힘들어도 보람찰 것 같아",
            "norm_text": "일은 힘들어도 보람찰 것 같아",
            "speaker": {
              "id": "2번",
              "sex": "남성",
              "age": "20대"
            },
            "speechAct": "(단언) 주장하기",
            "morpheme": "일/NNG+은/JX+힘들/VA+어도/EC+보람/NNG+찰/VA+ETM+것/NNB+같/VA+아/EC"
          },
          {
            "id": 19,
            "text": "1 : 그치 취직하면 알바 할 걱정도 안 들고 엄청 좋을 것 같아",
            "norm_text": "그치 취직하면 알바 할 걱정도 안 들고 엄청 좋을 것 같아",
            "speaker": {
              "id": "1번",
              "sex": "여성",
              "age": "20대"
            },
            "speechAct": "(단언) 주장하기",
            "morpheme": "그치/IC+취직/NNG+하/XSV+면/EC+알/VV+ETM+바/NNB+할/VV+ETM+걱정/NNG+도/JX+안/MAG+들/VV+고/EC+엄청/MAG+좋/VA+을/ETM+것/NNB+같/VA+아/EC"
          },
          {
            "id": 20,
            "text": "2 : 많이 벌어야 적금 드는 맛이 있을 텐데...",
            "norm_text": "많이 벌어야 적금 드는 맛이 있을 텐데...",
            "speaker": {
              "id": "2번",
              "sex": "남성",
              "age": "20대"
            },
            "speechAct": "(단언) 주장하기",
            "morpheme": "많이/MAG+벌/VV+어야/EC+적금/NNG+드/VV+는/ETM+맛/NNG+이/JKS+있/VV+을/ETM+텐데/NNB+VCP+EF+./SY"
          }
        ]
      }
    }
  ]
}