{
  "dataset": {
    "identifier": 63641,
    "name": "KAKAO_907_11_set",
    "src_path": "/data/file/cubeManager/PROJECT001/53/txt20211005154856072841/KAKAO_907_11_set/",
    "label_path": "/data/file/cubeManager/PROJECT001/53/txt20211005154856072841/KAKAO_907_11_set/",
    "category": 2,
    "type": 0
  },
  "licenses": {
    "name": "Apache License 1.0",
    "url": "http://www.apache.org/licenses/LICENSE-1.0"
  },
  "info": [
    {
      "id": 41728,
      "filename": "KAKAO_907_11.txt",
      "title": "KAKAO_907_11",
      "mediatype": "SNS",
      "medianame": "카카오톡",
      "category": "일상대화",
      "date": "2021-10-05",
      "size": 538,
      "annotations": {
        "subject": "게임",
        "speaker_type": "1:1",
        "size": 538,
        "word_size": 180,
        "text": "1 : 요즘 유투브에 볼 게 없다...\n1 : 맨날 똑같은 것만 보네\n2 : 난 요즘 배그 게임 영상 많이 보는데 존잼;\n1 : 배그? 그게 뭐냐?\n1 : 이름이 배그임?\n2 : 배틀 그라운드 줄임말인데 니 한 번 봤을걸?\n1 : 나 첨 들어보는데?\n1 : 배틀 그라운드... 약간 싸우는 게임인 거 같은데?\n2 : 정답 뭐 게임 배경도 있긴 한데 막 이기면 치킨이닭! 하는 거임\n1 : 아 그거 나 인스타에서 본 거 같음!\n2 : 응응 그거. 난 플레이는 못하는데 남이 하는 거 영상으로 보면 존잼임 ㅜ\n1 : 잘하는 사람들이 하는 거 봐서 재밌는 거 아님?\n2 : 약간 대리 만족도 있는 듯 하하\n2 : 괜히 뒤에서 훈수도 둔다?\n1 : 키키 현실은 게임 1도 못하는 초보 ㅜㅜ\n2 : 내 말이 키키 그거 어플로도 있어서 폰으로도 할 수 있음\n1 : 오 진심? 폰으로는 그 복잡한 조작을 다 어떻게 하는 거지?\n2 : 나도 한번 해봤는데 첨에는 불편한데 적응되니까 할 만하더라고?\n1 : 닌 진짜 게임에 있어서는 개방적이다\n2 : 응응 난 새로 나오면 다 해봄\n2 : 물론 폰 게임에 한정 하하",
        "lines": [
          {
            "id": 1,
            "text": "1 : 요즘 유투브에 볼 게 없다...",
            "norm_text": "요즘 유투브에 볼 게 없다...",
            "speaker": {
              "id": "1번",
              "sex": "여성",
              "age": "20대"
            },
            "speechAct": "(단언) 주장하기",
            "morpheme": "요즘/MAG+유투/NNP+브/NNP+에/JKB+볼/VV+ETM+게/NNB+JKS+없/VA+다/EF+./SY"
          },
          {
            "id": 2,
            "text": "1 : 맨날 똑같은 것만 보네",
            "norm_text": "맨날 똑같은 것만 보네",
            "speaker": {
              "id": "1번",
              "sex": "여성",
              "age": "20대"
            },
            "speechAct": "(단언) 주장하기",
            "morpheme": "맨날/MAG+똑같/VA+은/ETM+것/NNB+만/JX+보네/NNG"
          },
          {
            "id": 3,
            "text": "2 : 난 요즘 배그 게임 영상 많이 보는데 존잼;",
            "norm_text": "난 요즘 배그 게임 영상 많이 보는데 존잼;",
            "speaker": {
              "id": "2번",
              "sex": "여성",
              "age": "20대"
            },
            "speechAct": "(단언) 주장하기",
            "morpheme": "난/NP+JX+요즘/MAG+배/NNG+그게/NP+JKS+임영/NNG+상/XSN+많이/MAG+보/VV+는데/EC+존/NNP+잼/NNG+;/SY"
          },
          {
            "id": 4,
            "text": "1 : 배그? 그게 뭐냐?",
            "norm_text": "배그? 그게 뭐냐?",
            "speaker": {
              "id": "1번",
              "sex": "여성",
              "age": "20대"
            },
            "speechAct": "(지시) 질문하기",
            "morpheme": "배/NNG+그/IC+그게/NP+JKS+뭐/NP+냐/VCP+EF"
          },
          {
            "id": 5,
            "text": "1 : 이름이 배그임?",
            "norm_text": "이름이 배그임?",
            "speaker": {
              "id": "1번",
              "sex": "여성",
              "age": "20대"
            },
            "speechAct": "(단언) 주장하기",
            "morpheme": "이름/NNG+이/JKS+배/NNG+그/NP+임/VCP+ETN"
          },
          {
            "id": 6,
            "text": "2 : 배틀 그라운드 줄임말인데 니 한 번 봤을걸?",
            "norm_text": "배틀 그라운드 줄임말인데 니 한 번 봤을걸?",
            "speaker": {
              "id": "2번",
              "sex": "여성",
              "age": "20대"
            },
            "speechAct": "(단언) 주장하기",
            "morpheme": "배틀/NNG+그라운드/NNG+줄임/VV+ETN+말/NNG+인데/VCP+EC+니/MM+한/MM+번/NNBC+봤/VV+EP+을걸/EF"
          },
          {
            "id": 7,
            "text": "1 : 나 첨 들어보는데?",
            "norm_text": "나 첨 들어보는데?",
            "speaker": {
              "id": "1번",
              "sex": "여성",
              "age": "20대"
            },
            "speechAct": "(단언) 주장하기",
            "morpheme": "나/NP+첨/MAG+들/VV+어/EC+보/VX+는데/EC"
          },
          {
            "id": 8,
            "text": "1 : 배틀 그라운드... 약간 싸우는 게임인 거 같은데?",
            "norm_text": "배틀 그라운드... 약간 싸우는 게임인 거 같은데?",
            "speaker": {
              "id": "1번",
              "sex": "여성",
              "age": "20대"
            },
            "speechAct": "(지시) 질문하기",
            "morpheme": "배틀/NNG+그라운드/NNG+./SY+./SY+약간/MAG+싸우/VV+는/ETM+게임/NNG+인/VCP+ETM+거/NNB+같/VA+은데/EF"
          },
          {
            "id": 9,
            "text": "2 : 정답 뭐 게임 배경도 있긴 한데 막 이기면 치킨이닭! 하는 거임",
            "norm_text": "정답 뭐 게임 배경도 있긴 한데 막 이기면 치킨이닭! 하는 거임",
            "speaker": {
              "id": "2번",
              "sex": "여성",
              "age": "20대"
            },
            "speechAct": "(단언) 주장하기",
            "morpheme": "정답/NNG+뭐/IC+게임/NNG+배경/NNG+도/JX+있/VX+긴/ETN+JX+한데/VX+EC+막/NNG+이기/VV+면/EC+치킨/NNG+이/JKS+닭/NNG+하/VV+는/ETM+거/NNB+임/VCP+ETN"
          },
          {
            "id": 10,
            "text": "1 : 아 그거 나 인스타에서 본 거 같음!",
            "norm_text": "아 그거 나 인스타에서 본 거 같음!",
            "speaker": {
              "id": "1번",
              "sex": "여성",
              "age": "20대"
            },
            "speechAct": "(단언) 주장하기",
            "morpheme": "아/IC+그거/NP+나/NP+인/VCP+ETM+스타/NNG+에서/JKB+본/VV+ETM+거/NNB+같/VA+음/ETN"
          },
          {
            "id": 11,
            "text": "2 : 응응 그거. 난 플레이는 못하는데 남이 하는 거 영상으로 보면 존잼임 ㅜ",
            "norm_text": "응응 그거. 난 플레이는 못하는데 남이 하는 거 영상으로 보면 존잼임 ㅜ",
            "speaker": {
              "id": "2번",
              "sex": "여성",
              "age": "20대"
            },
            "speechAct": "(단언) 주장하기",
            "morpheme": "응/IC+응/IC+그거/NP+난/NP+JX+플레이/NNG+는/JX+못하/VX+는데/EC+남이/NNG+하/XSV+는/ETM+거/NNB+영상/NNG+으로/JKB+보/VV+면/EC+존/NNP+잼/NNG+임ㅜ/UNKNOWN"
          },
          {
            "id": 12,
            "text": "1 : 잘하는 사람들이 하는 거 봐서 재밌는 거 아님?",
            "norm_text": "잘하는 사람들이 하는 거 봐서 재밌는 거 아님?",
            "speaker": {
              "id": "1번",
              "sex": "여성",
              "age": "20대"
            },
            "speechAct": "(단언) 주장하기",
            "morpheme": "잘/MAG+하/VV+는/ETM+사람/NNG+들/XSN+이/JKS+하/VV+는/ETM+거/NNB+봐서/VV+EC+재밌/VA+는/ETM+거/NNB+아님/VCN+ETN"
          },
          {
            "id": 13,
            "text": "2 : 약간 대리 만족도 있는 듯 하하",
            "norm_text": "약간 대리 만족도 있는 듯 하하",
            "speaker": {
              "id": "2번",
              "sex": "여성",
              "age": "20대"
            },
            "speechAct": "(단언) 주장하기",
            "morpheme": "약간/MAG+대리/NNG+만족/NNG+도/JX+있/VX+는/ETM+듯/NNB+하/XSA+하/XSA"
          },
          {
            "id": 14,
            "text": "2 : 괜히 뒤에서 훈수도 둔다?",
            "norm_text": "괜히 뒤에서 훈수도 둔다?",
            "speaker": {
              "id": "2번",
              "sex": "여성",
              "age": "20대"
            },
            "speechAct": "(단언) 주장하기",
            "morpheme": "괜히/MAG+뒤/NNG+에서/JKB+훈수/NNG+도/JX+둔다/VX+EF"
          },
          {
            "id": 15,
            "text": "1 : 키키 현실은 게임 1도 못하는 초보 ㅜㅜ",
            "norm_text": "키키 현실은 게임 1도 못하는 초보 ㅜㅜ",
            "speaker": {
              "id": "1번",
              "sex": "여성",
              "age": "20대"
            },
            "speechAct": "(단언) 주장하기",
            "morpheme": "키/NNG+키/NNG+현실/NNG+은/JX+게임/NNG+1/SN+도못하는초보ㅜㅜ/UNKNOWN"
          },
          {
            "id": 16,
            "text": "2 : 내 말이 키키 그거 어플로도 있어서 폰으로도 할 수 있음",
            "norm_text": "내 말이 키키 그거 어플로도 있어서 폰으로도 할 수 있음",
            "speaker": {
              "id": "2번",
              "sex": "여성",
              "age": "20대"
            },
            "speechAct": "(단언) 주장하기",
            "morpheme": "내말이/NP+JKG+NNG+JKS+키/NNG+키/XSV+ETN+그거/NP+어/IC+플로/NNG+도/JX+있/VA+어서/EC+폰/NNG+으로/JKB+도/JX+할/VV+ETM+수/NNB+있/VV+음/ETN"
          },
          {
            "id": 17,
            "text": "1 : 오 진심? 폰으로는 그 복잡한 조작을 다 어떻게 하는 거지?",
            "norm_text": "오 진심? 폰으로는 그 복잡한 조작을 다 어떻게 하는 거지?",
            "speaker": {
              "id": "1번",
              "sex": "여성",
              "age": "20대"
            },
            "speechAct": "(단언) 주장하기",
            "morpheme": "오/NR+진심/NNG+?/SY+폰/NNG+으로/JKB+는/JX+그/MM+복잡/XR+한/XSA+ETM+조작/NNG+을/JKO+다/MAG+어떻게/MAG+하/VV+는/ETM+거/NNB+지/VCP+EF"
          },
          {
            "id": 18,
            "text": "2 : 나도 한번 해봤는데 첨에는 불편한데 적응되니까 할 만하더라고?",
            "norm_text": "나도 한번 해봤는데 첨에는 불편한데 적응되니까 할 만하더라고?",
            "speaker": {
              "id": "2번",
              "sex": "여성",
              "age": "20대"
            },
            "speechAct": "(단언) 주장하기",
            "morpheme": "나/NP+도/JX+한/MM+번/NNBC+해/VV+EC+봤/VX+EP+는데/EC+첨/NNG+에/JKB+는/JX+불편/NNG+한데/XSA+EC+적응/NNG+되/XSV+니까/EC+할/VX+ETM+만/NNB+하/XSA+더라고/EF"
          },
          {
            "id": 19,
            "text": "1 : 닌 진짜 게임에 있어서는 개방적이다",
            "norm_text": "닌 진짜 게임에 있어서는 개방적이다",
            "speaker": {
              "id": "1번",
              "sex": "여성",
              "age": "20대"
            },
            "speechAct": "(단언) 주장하기",
            "morpheme": "닌/NNP+진짜/MAG+게임/NNG+에/JKB+있/VV+어서/EC+는/JX+개방/NNG+적/XSN+이/VCP+다/EC"
          },
          {
            "id": 20,
            "text": "2 : 응응 난 새로 나오면 다 해봄",
            "norm_text": "응응 난 새로 나오면 다 해봄",
            "speaker": {
              "id": "2번",
              "sex": "여성",
              "age": "20대"
            },
            "speechAct": "(단언) 주장하기",
            "morpheme": "응/IC+응/IC+난/NP+JX+새로/MAG+나오/VV+면/EC+다/MAG+해봄/VV+EC+VX+ETN"
          },
          {
            "id": 21,
            "text": "2 : 물론 폰 게임에 한정 하하",
            "norm_text": "물론 폰 게임에 한정 하하",
            "speaker": {
              "id": "2번",
              "sex": "여성",
              "age": "20대"
            },
            "speechAct": "(단언) 주장하기",
            "morpheme": "물론/MAG+폰/NNG+게임/NNG+에/JKB+한/MM+정하/NNG+하/XSV"
          }
        ]
      }
    }
  ]
}