{
  "dataset": {
    "identifier": 63463,
    "name": "KAKAO_911_20_set",
    "src_path": "/data/file/cubeManager/PROJECT001/53/txt20211005154123077817/KAKAO_911_20_set/",
    "label_path": "/data/file/cubeManager/PROJECT001/53/txt20211005154123077817/KAKAO_911_20_set/",
    "category": 2,
    "type": 0
  },
  "licenses": {
    "name": "Apache License 1.0",
    "url": "http://www.apache.org/licenses/LICENSE-1.0"
  },
  "info": [
    {
      "id": 41617,
      "filename": "KAKAO_911_20.txt",
      "title": "KAKAO_911_20",
      "mediatype": "SNS",
      "medianame": "카카오톡",
      "category": "일상대화",
      "date": "2021-10-05",
      "size": 538,
      "annotations": {
        "subject": "영화/만화",
        "speaker_type": "1:1",
        "size": 538,
        "word_size": 162,
        "text": "1 : 이번 추석은 특선 영화와 함께 해야지 키키\n2 : 추석에 뭐 방영함? 나 홀로 집에? ㅋ\n1 : 버즈 오브 프레이라고 할리퀸 솔로 무비도 해주네\n2 : 뭔지도 모르겠다... 언제 개봉한 거?\n1 : 작년인가? 나 수어사이드 스쿼드 1/2편 다 극장에서 봤는데\n2 : 수어사이드 스쿼드가 2편이 있다고?!\n1 : 얼마 전에 나왔었다 키키 마블도 좋지만 난 DC만의 뭔가 B급 감성도 좋아 키키\n2 : 난 딱히 가리는 거 없어서 다 재밌던데 하하\n1 : 수어사이드 스쿼드 2편은 청불이야 겁나 잔인해\n2 : 그래? 재미는 있고?\n1 : 나쁘지 않아 키키 거기에 죠스 캐릭터 하나 나오는데 진짜 대박...\n2 : 죠스? 죠스는 또 누구지?\n1 : 몰라 ㅠㅠ 아쿠아맨에 나왔다던데... 냠냠 하면서 다 씹어 먹어 ㅠㅠ 냐미냐미\n2 : 누가 주위에서 이런 얘기 좀 해주면 관심도 생기고 시간 나면 찾아봐야겠다 싶은데 주위에 사람이 없다 ㅜㅜ\n1 : 봐바 키키 뭐니 뭐니 해도 할리퀸이지 이번에도 명장면 하나 나옴 키키\n2 : 명장면? 어떤? 키키 할리퀸은 이쁘다는 거 밖에 기억에 없음 키키",
        "lines": [
          {
            "id": 1,
            "text": "1 : 이번 추석은 특선 영화와 함께 해야지 키키",
            "norm_text": "이번 추석은 특선 영화와 함께 해야지 키키",
            "speaker": {
              "id": "1번",
              "sex": "여성",
              "age": "30대"
            },
            "speechAct": "(단언) 주장하기",
            "morpheme": "이번/NNG+추석/NNG+은/JX+특선/NNG+영화/NNG+와/JKB+함께/MAG+해야지/VV+EC+키/NNG+키/XSV+ETN"
          },
          {
            "id": 2,
            "text": "2 : 추석에 뭐 방영함? 나 홀로 집에? ㅋ",
            "norm_text": "추석에 뭐 방영함? 나 홀로 집에? ㅋ",
            "speaker": {
              "id": "2번",
              "sex": "남성",
              "age": "30대"
            },
            "speechAct": "(지시) 질문하기",
            "morpheme": "추석/NNG+에/JKB+뭐/IC+방영/NNG+함/XSV+ETN+나/NP+홀로/MAG+집/NNG+에/JKB+ㅋ/UNKNOWN"
          },
          {
            "id": 3,
            "text": "1 : 버즈 오브 프레이라고 할리퀸 솔로 무비도 해주네",
            "norm_text": "버즈 오브 프레이라고 할리퀸 솔로 무비도 해주네",
            "speaker": {
              "id": "1번",
              "sex": "여성",
              "age": "30대"
            },
            "speechAct": "(단언) 진술하기",
            "morpheme": "버즈/NNP+오브/NNP+프레이/NNP+라고/VCP+EC+할리퀸/NNG+솔/NNG+로/JKB+무비/NNG+도/JX+해/VV+EC+주/VX+네/EC"
          },
          {
            "id": 4,
            "text": "2 : 뭔지도 모르겠다... 언제 개봉한 거?",
            "norm_text": "뭔지도 모르겠다... 언제 개봉한 거?",
            "speaker": {
              "id": "2번",
              "sex": "남성",
              "age": "30대"
            },
            "speechAct": "(지시) 질문하기",
            "morpheme": "뭔지/NP+VCP+EC+도/JX+모르/VV+겠/EP+다/EF+./SY+언제/MAG+개봉/NNG+한/XSA+ETM+거/NNB"
          },
          {
            "id": 5,
            "text": "1 : 작년인가? 나 수어사이드 스쿼드 1/2편 다 극장에서 봤는데",
            "norm_text": "작년인가? 나 수어사이드 스쿼드 1/2편 다 극장에서 봤는데",
            "speaker": {
              "id": "1번",
              "sex": "여성",
              "age": "30대"
            },
            "speechAct": "(단언) 진술하기",
            "morpheme": "작년/NNG+인가/VCP+EF+나/NP+수어/NNG+사이드/NNP+스쿼드/NNP+1/SN+//SC+2/SN+편/NNBC+다/MAG+극장/NNG+에서/JKB+봤/VV+EP+는데/EC"
          },
          {
            "id": 6,
            "text": "2 : 수어사이드 스쿼드가 2편이 있다고?!",
            "norm_text": "수어사이드 스쿼드가 2편이 있다고?!",
            "speaker": {
              "id": "2번",
              "sex": "남성",
              "age": "30대"
            },
            "speechAct": "(지시) 질문하기",
            "morpheme": "수어/NNG+사이드/NNP+스쿼드/NNP+가/JKS+2/SN+편/NNBC+이/JKS+있/VV+다고/EC+?/SY"
          },
          {
            "id": 7,
            "text": "1 : 얼마 전에 나왔었다 키키 마블도 좋지만 난 DC만의 뭔가 B급 감성도 좋아 키키",
            "norm_text": "얼마 전에 나왔었다 키키 마블도 좋지만 난 DC만의 뭔가 B급 감성도 좋아 키키",
            "speaker": {
              "id": "1번",
              "sex": "여성",
              "age": "30대"
            },
            "speechAct": "(단언) 주장하기",
            "morpheme": "얼마/NNG+전/NNG+에/JKB+나왔었/VV+EP+다키키/NNP+마블/NNG+도/JX+좋/VA+지만/EC+난/VX+ETM+DC/SL+만/JX+의/JKG+뭔가/NP+VCP+EC+B/SL+급감/NNG+성/XSN+도/JX+좋/VA+아/EC+키/NNG+키/XSV+ETN"
          },
          {
            "id": 8,
            "text": "2 : 난 딱히 가리는 거 없어서 다 재밌던데 하하",
            "norm_text": "난 딱히 가리는 거 없어서 다 재밌던데 하하",
            "speaker": {
              "id": "2번",
              "sex": "남성",
              "age": "30대"
            },
            "speechAct": "(단언) 진술하기",
            "morpheme": "난/NP+JX+딱히/MAG+가리/VV+는/ETM+거/NNB+없/VA+어서/EC+다/MAG+재밌/VA+던데/EC+하하/MAG"
          },
          {
            "id": 9,
            "text": "1 : 수어사이드 스쿼드 2편은 청불이야 겁나 잔인해",
            "norm_text": "수어사이드 스쿼드 2편은 청불이야 겁나 잔인해",
            "speaker": {
              "id": "1번",
              "sex": "여성",
              "age": "30대"
            },
            "speechAct": "(단언) 진술하기",
            "morpheme": "수어/NNG+사이드/NNP+스쿼드/NNP+2/SN+편/NNBC+은/JX+청불/NNP+이/VCP+야/EC+겁나/VV+EC+잔인/NNG+해/XSV+EC"
          },
          {
            "id": 10,
            "text": "2 : 그래? 재미는 있고?",
            "norm_text": "그래? 재미는 있고?",
            "speaker": {
              "id": "2번",
              "sex": "남성",
              "age": "30대"
            },
            "speechAct": "(지시) 질문하기",
            "morpheme": "그래/IC+재미/NNG+는/JX+있/VX+고/EC"
          },
          {
            "id": 11,
            "text": "1 : 나쁘지 않아 키키 거기에 죠스 캐릭터 하나 나오는데 진짜 대박...",
            "norm_text": "나쁘지 않아 키키 거기에 죠스 캐릭터 하나 나오는데 진짜 대박...",
            "speaker": {
              "id": "1번",
              "sex": "여성",
              "age": "30대"
            },
            "speechAct": "(단언) 주장하기",
            "morpheme": "나쁘/VA+지/EC+않/VX+아/EC+키/NNG+키/XSV+ETN+거기/NP+에/JKB+죠스/UNKNOWN+캐릭터/NNG+하나/NR+나오/VV+는데/EC+진짜/MAG+대박/NNG+./SY+./SY"
          },
          {
            "id": 12,
            "text": "2 : 죠스? 죠스는 또 누구지?",
            "norm_text": "죠스? 죠스는 또 누구지?",
            "speaker": {
              "id": "2번",
              "sex": "남성",
              "age": "30대"
            },
            "speechAct": "(지시) 질문하기",
            "morpheme": "죠/VCP+EF+스/IC+죠스는또누구지/UNKNOWN"
          },
          {
            "id": 13,
            "text": "1 : 몰라 ㅠㅠ 아쿠아맨에 나왔다던데... 냠냠 하면서 다 씹어 먹어 ㅠㅠ 냐미냐미",
            "norm_text": "몰라 ㅠㅠ 아쿠아맨에 나왔다던데... 냠냠 하면서 다 씹어 먹어 ㅠㅠ 냐미냐미",
            "speaker": {
              "id": "1번",
              "sex": "여성",
              "age": "30대"
            },
            "speechAct": "(단언) 진술하기",
            "morpheme": "몰라/VV+EF+ㅠㅠ/UNKNOWN+아쿠아/NNP+맨/NNG+에/JKB+나왔/VV+EP+다던데/EF+./SY+냠냠/MAG+하/VV+면서/EC+다/MAG+씹/VV+어/EC+먹/VV+어/EC+ㅠㅠ/UNKNOWN+냐/EC+미/VV+냐/EC+미/NNP"
          },
          {
            "id": 14,
            "text": "2 : 누가 주위에서 이런 얘기 좀 해주면 관심도 생기고 시간 나면 찾아봐야겠다 싶은데 주위에 사람이 없다 ㅜㅜ",
            "norm_text": "누가 주위에서 이런 얘기 좀 해주면 관심도 생기고 시간 나면 찾아봐야겠다 싶은데 주위에 사람이 없다 ㅜㅜ",
            "speaker": {
              "id": "2번",
              "sex": "남성",
              "age": "30대"
            },
            "speechAct": "(단언) 주장하기",
            "morpheme": "누가/NP+JKS+주위/NNG+에서/JKB+이런/MM+얘기/NNG+좀/MAG+해/VV+EC+주/VX+면/EC+관심/NNG+도/JX+생기/VV+고/EC+시간/NNG+나/VV+면/EC+찾/VV+아/EC+봐야/VX+EC+VV+겠/EP+다/EC+싶/VX+은데/EC+주위/NNG+에/JKB+사람/NNG+이/JKS+없/VA+다/EF+ㅜㅜ/UNKNOWN"
          },
          {
            "id": 15,
            "text": "1 : 봐바 키키 뭐니 뭐니 해도 할리퀸이지 이번에도 명장면 하나 나옴 키키",
            "norm_text": "봐바 키키 뭐니 뭐니 해도 할리퀸이지 이번에도 명장면 하나 나옴 키키",
            "speaker": {
              "id": "1번",
              "sex": "여성",
              "age": "30대"
            },
            "speechAct": "(단언) 주장하기",
            "morpheme": "봐/VV+EC+바키/NNP+키/NNG+뭐니뭐니/MAG+해도/VV+EC+할리퀸/NNG+이/VCP+지/EC+이번/NNG+에/JKB+도/JX+명장면/NNG+하나/NR+나옴/VV+EC+키/NNG+키/XSV+ETN"
          },
          {
            "id": 16,
            "text": "2 : 명장면? 어떤? 키키 할리퀸은 이쁘다는 거 밖에 기억에 없음 키키",
            "norm_text": "명장면? 어떤? 키키 할리퀸은 이쁘다는 거 밖에 기억에 없음 키키",
            "speaker": {
              "id": "2번",
              "sex": "남성",
              "age": "30대"
            },
            "speechAct": "(지시) 질문하기",
            "morpheme": "명장면/NNG+어떤/MM+키/NNG+키/NNG+할리퀸/NNG+은/JX+이쁘/VA+다는/ETM+거/NNB+밖에/JX+기억/NNG+에/JKB+없/VA+음/ETN+키/NNG+키/XSV+ETN"
          }
        ]
      }
    }
  ]
}