{
  "dataset": {
    "identifier": 62478,
    "name": "KAKAO_920_20_set",
    "src_path": "/data/file/cubeManager/PROJECT001/53/txt20211005161349030438/KAKAO_920_20_set/",
    "label_path": "/data/file/cubeManager/PROJECT001/53/txt20211005161349030438/KAKAO_920_20_set/",
    "category": 2,
    "type": 0
  },
  "licenses": {
    "name": "Apache License 1.0",
    "url": "http://www.apache.org/licenses/LICENSE-1.0"
  },
  "info": [
    {
      "id": 41977,
      "filename": "KAKAO_920_20.txt",
      "title": "KAKAO_920_20",
      "mediatype": "SNS",
      "medianame": "카카오톡",
      "category": "일상대화",
      "date": "2021-10-05",
      "size": 689,
      "annotations": {
        "subject": "영화/만화",
        "speaker_type": "1:1",
        "size": 689,
        "word_size": 206,
        "text": "1 : 너는 드라마나 영화에서나 좋아하는 ost 있어?\n2 : 나 위대한 쇼맨에 나오는 ost가 너무 좋더라\n1 : 헐 나 그 영화 봤어!\n1 : 위대한 쇼맨에 나오는 ost 엄청 많잖아!\n2 : 웅웅 그리고 디즈니에서 나오는 ost도 다 듣기 좋던데\n1 : 그치 믿고 듣는 디즈니 ost지 키키\n1 : 나는 브레이킹덤 시리즈에서 나오는 ost 정말 좋아해\n2 : 오오 맞아 브레킹덤 시리즈 ost도 엄청 좋아!\n2 : 나도 많이 들었어\n1 : 나는 그 중에서 A Thousand Years라는 ost 정말 좋아해 잔잔한 노래 좋아하거든 키키\n2 : 잔잔한 노래 좋아하면 million dreams 이거 한번 들어봐!\n1 : 오! 잔잔한 노래는 하루가 다 끝난 밤에 들어야 제맛이지 키키!\n1 : 이따가 들어볼게\n1 : 너는 국내 ost는 안 좋아해?\n2 : 글쎄 국내는 생각해본 적 따로 없는 거 같아\n1 : 생각해보니까 우리 그 어렸을 때 봤던 주유소 습격사건에서 나온 ost엄청 좋다고 했었잖아\n2 : 아 그거 ost 엄청 좋았지\n2 : 그게 제목이 뭐였더라?\n1 : 제목은 기억이 안 나는데 비스트...?가 불렀던 것 같아\n2 : 아아 그러네 저거 비스트가 부른 거구나\n2 : 제목 crazy네\n2 : 오랜만에 들어보니까 좋다\n1 : 약간 옛날 기억이 새록새록 떠오르는 것 같아 키키\n2 : 나 저녁 먹으면서 오랜만에 ost도 들을 겸 주유소 습격사건이나 봐야겠당!",
        "lines": [
          {
            "id": 1,
            "text": "1 : 너는 드라마나 영화에서나 좋아하는 ost 있어?",
            "norm_text": "너는 드라마나 영화에서나 좋아하는 ost 있어?",
            "speaker": {
              "id": "1번",
              "sex": "여성",
              "age": "20대"
            },
            "speechAct": "(지시) 질문하기",
            "morpheme": "너/NP+는/JX+드라마/NNG+나/JC+영화/NNG+에서/JKB+나/JX+좋/VA+아/EC+하/VV+는/ETM+ost/SL+있/VA+어/EF"
          },
          {
            "id": 2,
            "text": "2 : 나 위대한 쇼맨에 나오는 ost가 너무 좋더라",
            "norm_text": "나 위대한 쇼맨에 나오는 ost가 너무 좋더라",
            "speaker": {
              "id": "2번",
              "sex": "남성",
              "age": "20대"
            },
            "speechAct": "(단언) 주장하기",
            "morpheme": "나/NP+위대/XR+한/XSA+ETM+쇼맨/NNG+에/JKB+나오/VV+는/ETM+ost/SL+가/JKS+너무/MAG+좋/VA+더라/EC"
          },
          {
            "id": 3,
            "text": "1 : 헐 나 그 영화 봤어!",
            "norm_text": "헐 나 그 영화 봤어!",
            "speaker": {
              "id": "1번",
              "sex": "여성",
              "age": "20대"
            },
            "speechAct": "(단언) 진술하기",
            "morpheme": "헐/VV+나/EC+그/MM+영화/NNG+봤/VV+EP+어/EF"
          },
          {
            "id": 4,
            "text": "1 : 위대한 쇼맨에 나오는 ost 엄청 많잖아!",
            "norm_text": "위대한 쇼맨에 나오는 ost 엄청 많잖아!",
            "speaker": {
              "id": "1번",
              "sex": "여성",
              "age": "20대"
            },
            "speechAct": "(단언) 주장하기",
            "morpheme": "위대/XR+한/XSA+ETM+쇼맨/NNG+에/JKB+나오/VV+는/ETM+ost/SL+엄청/MAG+많/VA+잖아/EF"
          },
          {
            "id": 5,
            "text": "2 : 웅웅 그리고 디즈니에서 나오는 ost도 다 듣기 좋던데",
            "norm_text": "웅웅 그리고 디즈니에서 나오는 ost도 다 듣기 좋던데",
            "speaker": {
              "id": "2번",
              "sex": "남성",
              "age": "20대"
            },
            "speechAct": "(단언) 주장하기",
            "morpheme": "웅웅/MAG+그리고/MAJ+디즈니/NNP+에서/JKB+나오/VV+는/ETM+ost/SL+도/JX+다/MAG+듣/VV+기/ETN+좋/VA+던데/EC"
          },
          {
            "id": 6,
            "text": "1 : 그치 믿고 듣는 디즈니 ost지 키키",
            "norm_text": "그치 믿고 듣는 디즈니 ost지 키키",
            "speaker": {
              "id": "1번",
              "sex": "여성",
              "age": "20대"
            },
            "speechAct": "(단언) 주장하기",
            "morpheme": "그치/IC+믿/VV+고/EC+듣/VV+는/ETM+디즈니/NNP+ost/SL+지키/NNP+키/NNG"
          },
          {
            "id": 7,
            "text": "1 : 나는 브레이킹덤 시리즈에서 나오는 ost 정말 좋아해",
            "norm_text": "나는 브레이킹덤 시리즈에서 나오는 ost 정말 좋아해",
            "speaker": {
              "id": "1번",
              "sex": "여성",
              "age": "20대"
            },
            "speechAct": "(단언) 주장하기",
            "morpheme": "나/NP+는/JX+브레이/NNP+킹덤/NNP+시리즈/NNG+에서/JKB+나오/VV+는/ETM+ost/SL+정말/MAG+좋/VA+아/EC+해/VV+EC"
          },
          {
            "id": 8,
            "text": "2 : 오오 맞아 브레킹덤 시리즈 ost도 엄청 좋아!",
            "norm_text": "오오 맞아 브레킹덤 시리즈 ost도 엄청 좋아!",
            "speaker": {
              "id": "2번",
              "sex": "남성",
              "age": "20대"
            },
            "speechAct": "(단언) 주장하기",
            "morpheme": "오/NR+오/NR+맞/VV+아/EC+브레/NNP+킹덤/NNP+시리즈/NNG+ost/SL+도/JX+엄청/MAG+좋/VA+아/EF"
          },
          {
            "id": 9,
            "text": "2 : 나도 많이 들었어",
            "norm_text": "나도 많이 들었어",
            "speaker": {
              "id": "2번",
              "sex": "남성",
              "age": "20대"
            },
            "speechAct": "(단언) 주장하기",
            "morpheme": "나/NP+도/JX+많이/MAG+들/VV+었/EP+어/EC"
          },
          {
            "id": 10,
            "text": "1 : 나는 그 중에서 A Thousand Years라는 ost 정말 좋아해 잔잔한 노래 좋아하거든 키키",
            "norm_text": "나는 그 중에서 A Thousand Years라는 ost 정말 좋아해 잔잔한 노래 좋아하거든 키키",
            "speaker": {
              "id": "1번",
              "sex": "여성",
              "age": "20대"
            },
            "speechAct": "(단언) 주장하기",
            "morpheme": "나/NP+는/JX+그/MM+중/NNB+에서/JKB+AThousandYears/SL+라는/VCP+ETM+ost/SL+정말/MAG+좋/VA+아/EC+해/VV+EC+잔잔/XR+한/XSA+ETM+노래/NNG+좋/VA+아/EC+하/VX+거든/EF+키/NNG+키/XSV+ETN"
          },
          {
            "id": 11,
            "text": "2 : 잔잔한 노래 좋아하면 million dreams 이거 한번 들어봐!",
            "norm_text": "잔잔한 노래 좋아하면 million dreams 이거 한번 들어봐!",
            "speaker": {
              "id": "2번",
              "sex": "남성",
              "age": "20대"
            },
            "speechAct": "(지시) 충고/제안하기",
            "morpheme": "잔잔/XR+한/XSA+ETM+노래/NNG+좋/VA+아/EC+하/VV+면/EC+milliondreams/SL+이거/NP+한번/MAG+들/VV+어/EC+봐/VX+EF"
          },
          {
            "id": 12,
            "text": "1 : 오! 잔잔한 노래는 하루가 다 끝난 밤에 들어야 제맛이지 키키!",
            "norm_text": "오! 잔잔한 노래는 하루가 다 끝난 밤에 들어야 제맛이지 키키!",
            "speaker": {
              "id": "1번",
              "sex": "여성",
              "age": "20대"
            },
            "speechAct": "(단언) 주장하기",
            "morpheme": "오/IC+잔잔/XR+한/XSA+ETM+노래/NNG+는/JX+하루/NNG+가/JKS+다/MAG+끝난/VV+ETM+밤/NNG+에/JKB+들어야/VV+EC+제맛/NNG+이/VCP+지/EC+키/NNG+키/XSV+ETN"
          },
          {
            "id": 13,
            "text": "1 : 이따가 들어볼게",
            "norm_text": "이따가 들어볼게",
            "speaker": {
              "id": "1번",
              "sex": "여성",
              "age": "20대"
            },
            "speechAct": "(단언) 주장하기",
            "morpheme": "이따가/MAG+들/VV+어/EC+볼/VX+게/EC"
          },
          {
            "id": 14,
            "text": "1 : 너는 국내 ost는 안 좋아해?",
            "norm_text": "너는 국내 ost는 안 좋아해?",
            "speaker": {
              "id": "1번",
              "sex": "여성",
              "age": "20대"
            },
            "speechAct": "(지시) 질문하기",
            "morpheme": "너/NP+는/JX+국내/NNG+ost/SL+는/JX+안/MAG+좋/VA+아/EC+해/VX+EF"
          },
          {
            "id": 15,
            "text": "2 : 글쎄 국내는 생각해본 적 따로 없는 거 같아",
            "norm_text": "글쎄 국내는 생각해본 적 따로 없는 거 같아",
            "speaker": {
              "id": "2번",
              "sex": "남성",
              "age": "20대"
            },
            "speechAct": "(단언) 주장하기",
            "morpheme": "글쎄/IC+국내/NNG+는/JX+생각/NNG+해/XSV+EC+본/VX+ETM+적/NNB+따로/MAG+없/VA+는/ETM+거/NNB+같/VA+아/EC"
          },
          {
            "id": 16,
            "text": "1 : 생각해보니까 우리 그 어렸을 때 봤던 주유소 습격사건에서 나온 ost엄청 좋다고 했었잖아",
            "norm_text": "생각해보니까 우리 그 어렸을 때 봤던 주유소 습격사건에서 나온 ost엄청 좋다고 했었잖아",
            "speaker": {
              "id": "1번",
              "sex": "여성",
              "age": "20대"
            },
            "speechAct": "(단언) 진술하기",
            "morpheme": "생각/NNG+해/XSV+EC+보/VX+니까/EC+우리/NP+그/IC+어렸/VA+EP+을/ETM+때/NNG+봤/VV+EP+던/ETM+주유소/NNG+습격사건/NNP+에서/JKB+나온/VV+ETM+ost/SL+엄청/MAG+좋/VA+다고/EC+했었잖/VX+EP+EC+VX+아/EC"
          },
          {
            "id": 17,
            "text": "2 : 아 그거 ost 엄청 좋았지",
            "norm_text": "아 그거 ost 엄청 좋았지",
            "speaker": {
              "id": "2번",
              "sex": "남성",
              "age": "20대"
            },
            "speechAct": "(단언) 주장하기",
            "morpheme": "아/IC+그거/NP+ost/SL+엄청/MAG+좋/VA+았/EP+지/EC"
          },
          {
            "id": 18,
            "text": "2 : 그게 제목이 뭐였더라?",
            "norm_text": "그게 제목이 뭐였더라?",
            "speaker": {
              "id": "2번",
              "sex": "남성",
              "age": "20대"
            },
            "speechAct": "(지시) 질문하기",
            "morpheme": "그게/NP+JKS+제목/NNG+이/JKS+뭐/NP+였/VCP+EP+더라/EF"
          },
          {
            "id": 19,
            "text": "1 : 제목은 기억이 안 나는데 비스트...?가 불렀던 것 같아",
            "norm_text": "제목은 기억이 안 나는데 비스트...?가 불렀던 것 같아",
            "speaker": {
              "id": "1번",
              "sex": "여성",
              "age": "20대"
            },
            "speechAct": "(단언) 주장하기",
            "morpheme": "제목/NNG+은/JX+기억/NNG+이/JKS+안/MAG+나/VV+는데/EC+비스트/NNP+./SY+./SY+?/SY+가/JKS+불렀/VV+EP+던/ETM+것/NNB+같/VA+아/EC"
          },
          {
            "id": 20,
            "text": "2 : 아아 그러네 저거 비스트가 부른 거구나",
            "norm_text": "아아 그러네 저거 비스트가 부른 거구나",
            "speaker": {
              "id": "2번",
              "sex": "남성",
              "age": "20대"
            },
            "speechAct": "(단언) 주장하기",
            "morpheme": "아아/IC+그러/VV+네/EF+저거/NP+비스트/NNP+가/JKS+부른/VV+ETM+거/NNB+구나/VCP+EC"
          },
          {
            "id": 21,
            "text": "2 : 제목 crazy네",
            "norm_text": "제목 crazy네",
            "speaker": {
              "id": "2번",
              "sex": "남성",
              "age": "20대"
            },
            "speechAct": "(단언) 진술하기",
            "morpheme": "제목/NNG+crazy/SL+네/XSN"
          },
          {
            "id": 22,
            "text": "2 : 오랜만에 들어보니까 좋다",
            "norm_text": "오랜만에 들어보니까 좋다",
            "speaker": {
              "id": "2번",
              "sex": "남성",
              "age": "20대"
            },
            "speechAct": "(단언) 주장하기",
            "morpheme": "오랜만/NNG+에/JKB+들/VV+어/EC+보/VX+니까/EC+좋/VA+다/EC"
          },
          {
            "id": 23,
            "text": "1 : 약간 옛날 기억이 새록새록 떠오르는 것 같아 키키",
            "norm_text": "약간 옛날 기억이 새록새록 떠오르는 것 같아 키키",
            "speaker": {
              "id": "1번",
              "sex": "여성",
              "age": "20대"
            },
            "speechAct": "(단언) 주장하기",
            "morpheme": "약간/MAG+옛날/NNG+기억/NNG+이/JKS+새록새록/MAG+떠오르/VV+는/ETM+것/NNB+같/VA+아/EC+키/NNG+키/XSV+ETN"
          },
          {
            "id": 24,
            "text": "2 : 나 저녁 먹으면서 오랜만에 ost도 들을 겸 주유소 습격사건이나 봐야겠당!",
            "norm_text": "나 저녁 먹으면서 오랜만에 ost도 들을 겸 주유소 습격사건이나 봐야겠당!",
            "speaker": {
              "id": "2번",
              "sex": "남성",
              "age": "20대"
            },
            "speechAct": "(단언) 주장하기",
            "morpheme": "나/NP+저녁/NNG+먹/VV+으면서/EC+오랜만/NNG+에/JKB+ost/SL+도/JX+들/VV+을/ETM+겸/NNB+주유소/NNG+습격/NNG+사건/NNG+이/VCP+나/EC+봐야/VX+EC+VV+겠/EP+당/EF"
          }
        ]
      }
    }
  ]
}