{
  "dataset": {
    "identifier": 44549,
    "name": "KAKAO_910_08_set",
    "src_path": "/data/file/cubeManager/PROJECT001/53/txt20211005154828070847/KAKAO_910_08_set/",
    "label_path": "/data/file/cubeManager/PROJECT001/53/txt20211005154828070847/KAKAO_910_08_set/",
    "category": 2,
    "type": 0
  },
  "licenses": {
    "name": "Apache License 1.0",
    "url": "http://www.apache.org/licenses/LICENSE-1.0"
  },
  "info": [
    {
      "id": 41685,
      "filename": "KAKAO_910_08.txt",
      "title": "KAKAO_910_08",
      "mediatype": "SNS",
      "medianame": "카카오톡",
      "category": "일상대화",
      "date": "2021-10-05",
      "size": 952,
      "annotations": {
        "subject": "연애/결혼",
        "speaker_type": "다자간 대화",
        "size": 952,
        "word_size": 285,
        "text": "1 : 코로나 때문에 요새 청첩장 받은 적이 거의 없어요\n1 : 많이들 미루더라구요\n2 : 내가 아는 동생은 그래도 결혼하더라구요\n2 : 99명까진 괜찮대요\n2 : 친구들은 못 가죠\n3 : 언제까지 결혼식을 미룰 수는 없잖아요\n3 : 신문 보니까 신혼부부들이 시위도 하던데요\n1 : 저는 남자친구가 결혼을 서두르는데 전 사실 잘 모르겠어요\n2 : 왜요? 지금이 한창 결혼할 나이잖아요\n3 : 그러게요 전 그런 남자친구 있으면 당장 하겠어요\n1 : 전 아이 키우는 게 자신 없거든요\n1 : 우리나라는 아이 키울 환경이 그렇게 좋지 않은 것 같아요\n2 : 그렇죠 딸은 딸대로 걱정되고 아들도 이래저래 걱정될 것 같아요\n3 : 맞아요 요새 학폭 문제가 심각하니까 부모들이 애들 학교 보내는 걸 많이 걱정해요\n1 : 남자친구는 아이를 굉장히 좋아하는데 전 그 정도로 좋아하진 않아요\n2 : 아이를 좋아하는 남자는 마음이 따뜻할 것 같아요\n3 : 지난번에 뵀는데 부드럽고 온화하신 분이더라구요\n3 : 언니는 복 받았어요!\n1 : 며칠 뒤면 우리 만난 지 10년 기념일이에요\n2 : 와 정말요? 축하해요!\n2 : 두 분은 그때 뭐 하실 계획이에요?\n3 : 10년 기념일이면 평범한 걸로 안 되겠어요!\n1 : 코로나 때문에 외국은 못 가니 제주도에 다녀올까 생각 중이에요\n2 : 와 제주도요! 기념하는 여행으로 제주도 만한 곳이 없죠\n3 : 우앙 부러워요! 저도 빨리 남자친구 만들어봐야겠어요\n1 : 어릴 때는 여러 사람을 만나봐도 좋을 것 같아요\n2 : 맞아요 이런 사람 저런 사람 다 만나봐요\n2 : 그래야 안목도 넓어지죠\n3 : 하하 코로나 때문에 밖을 나갈 수가 없으니... 학교도 못 가고 줌으로 수업하잖아요\n1 : 아 요새는 또 그런 어려움이 있었네요\n1 : 하긴 결혼도 맘대로 못하는 세상이 됐으니까요\n2 : 결혼하더라도 집 장만도 그렇고 어려움이 많아서 점점 결혼을 피하는 추세가 된 것 같아요\n3 : 맞아요 제 친구들 중에도 결혼 안 한다는 애들이 많아요",
        "lines": [
          {
            "id": 1,
            "text": "1 : 코로나 때문에 요새 청첩장 받은 적이 거의 없어요",
            "norm_text": "코로나 때문에 요새 청첩장 받은 적이 거의 없어요",
            "speaker": {
              "id": "1번",
              "sex": "여성",
              "age": "30대"
            },
            "speechAct": "(단언) 진술하기",
            "morpheme": "코로나/NNG+때문/NNB+에/JKB+요새/NNG+청첩장/NNG+받/VV+은/ETM+적/NNB+이/JKS+거의/MAG+없/VA+어요/EF"
          },
          {
            "id": 2,
            "text": "1 : 많이들 미루더라구요",
            "norm_text": "많이들 미루더라구요",
            "speaker": {
              "id": "1번",
              "sex": "여성",
              "age": "30대"
            },
            "speechAct": "(단언) 주장하기",
            "morpheme": "많이/MAG+들/XSN+미루/VV+더라구요/EC"
          },
          {
            "id": 3,
            "text": "2 : 내가 아는 동생은 그래도 결혼하더라구요",
            "norm_text": "내가 아는 동생은 그래도 결혼하더라구요",
            "speaker": {
              "id": "2번",
              "sex": "여성",
              "age": "40대"
            },
            "speechAct": "(단언) 주장하기",
            "morpheme": "내/NP+가/JKS+아/VV+는/ETM+동생/NNG+은/JX+그래도/MAJ+결혼/NNG+하/XSV+더라구요/EC"
          },
          {
            "id": 4,
            "text": "2 : 99명까진 괜찮대요",
            "norm_text": "99명까진 괜찮대요",
            "speaker": {
              "id": "2번",
              "sex": "여성",
              "age": "40대"
            },
            "speechAct": "(단언) 주장하기",
            "morpheme": "99/SN+명/NNBC+까진/JX+JX+괜찮/VA+대요/EC"
          },
          {
            "id": 5,
            "text": "2 : 친구들은 못 가죠",
            "norm_text": "친구들은 못 가죠",
            "speaker": {
              "id": "2번",
              "sex": "여성",
              "age": "40대"
            },
            "speechAct": "(단언) 주장하기",
            "morpheme": "친구/NNG+들/XSN+은/JX+못/MAG+가/VV+죠/EC"
          },
          {
            "id": 6,
            "text": "3 : 언제까지 결혼식을 미룰 수는 없잖아요",
            "norm_text": "언제까지 결혼식을 미룰 수는 없잖아요",
            "speaker": {
              "id": "3번",
              "sex": "여성",
              "age": "10대"
            },
            "speechAct": "(단언) 주장하기",
            "morpheme": "언제/NP+까지/JX+결혼식/NNG+을/JKO+미룰/VV+ETM+수/NNB+는/JX+없/VA+잖아요/EC"
          },
          {
            "id": 7,
            "text": "3 : 신문 보니까 신혼부부들이 시위도 하던데요",
            "norm_text": "신문 보니까 신혼부부들이 시위도 하던데요",
            "speaker": {
              "id": "3번",
              "sex": "여성",
              "age": "10대"
            },
            "speechAct": "(단언) 주장하기",
            "morpheme": "신문/NNG+보/VV+니까/EC+신혼/NNG+부부/NNG+들/XSN+이/JKS+시위/NNG+도/JX+하/VV+던데요/EC"
          },
          {
            "id": 8,
            "text": "1 : 저는 남자친구가 결혼을 서두르는데 전 사실 잘 모르겠어요",
            "norm_text": "저는 남자친구가 결혼을 서두르는데 전 사실 잘 모르겠어요",
            "speaker": {
              "id": "1번",
              "sex": "여성",
              "age": "30대"
            },
            "speechAct": "(단언) 주장하기",
            "morpheme": "저/NP+는/JX+남자/NNG+친구/NNG+가/JKS+결혼/NNG+을/JKO+서두르/VV+는데/EC+전/NP+JX+사실/MAG+잘/MAG+모르/VV+겠/EP+어요/EF"
          },
          {
            "id": 9,
            "text": "2 : 왜요? 지금이 한창 결혼할 나이잖아요",
            "norm_text": "왜요? 지금이 한창 결혼할 나이잖아요",
            "speaker": {
              "id": "2번",
              "sex": "여성",
              "age": "40대"
            },
            "speechAct": "(단언) 주장하기",
            "morpheme": "왜/MAG+요/JX+지금/NNG+이/JKS+한창/MAG+결혼/NNG+할/XSV+ETM+나이/NNG+잖아요/VCP+EC+VX+EC"
          },
          {
            "id": 10,
            "text": "3 : 그러게요 전 그런 남자친구 있으면 당장 하겠어요",
            "norm_text": "그러게요 전 그런 남자친구 있으면 당장 하겠어요",
            "speaker": {
              "id": "3번",
              "sex": "여성",
              "age": "10대"
            },
            "speechAct": "(단언) 주장하기",
            "morpheme": "그러/VV+게/EC+요전/NNG+그런/MM+남자/NNG+친구/NNG+있/VV+으면/EC+당장/NNG+하/XSV+겠/EP+어요/EF"
          },
          {
            "id": 11,
            "text": "1 : 전 아이 키우는 게 자신 없거든요",
            "norm_text": "전 아이 키우는 게 자신 없거든요",
            "speaker": {
              "id": "1번",
              "sex": "여성",
              "age": "30대"
            },
            "speechAct": "(단언) 주장하기",
            "morpheme": "전/MM+아이/NNG+키우/VV+는/ETM+게/NNB+JKS+자신/NNG+없/VA+거든요/EF"
          },
          {
            "id": 12,
            "text": "1 : 우리나라는 아이 키울 환경이 그렇게 좋지 않은 것 같아요",
            "norm_text": "우리나라는 아이 키울 환경이 그렇게 좋지 않은 것 같아요",
            "speaker": {
              "id": "1번",
              "sex": "여성",
              "age": "30대"
            },
            "speechAct": "(단언) 주장하기",
            "morpheme": "우리/NP+나라/NNG+는/JX+아이/NNG+키울/VV+ETM+환경/NNG+이/JKS+그렇게/MAG+좋/VA+지/EC+않/VX+은/ETM+것/NNB+같/VA+아요/EC"
          },
          {
            "id": 13,
            "text": "2 : 그렇죠 딸은 딸대로 걱정되고 아들도 이래저래 걱정될 것 같아요",
            "norm_text": "그렇죠 딸은 딸대로 걱정되고 아들도 이래저래 걱정될 것 같아요",
            "speaker": {
              "id": "2번",
              "sex": "여성",
              "age": "40대"
            },
            "speechAct": "(단언) 주장하기",
            "morpheme": "그렇/VA+죠/EF+딸/NNG+은/JX+딸/NNG+대로/JX+걱정/NNG+되/XSV+고/EC+아들/NNG+도/JX+이래저래/MAG+걱정/NNG+될/XSV+ETM+것/NNB+같/VA+아요/EC"
          },
          {
            "id": 14,
            "text": "3 : 맞아요 요새 학폭 문제가 심각하니까 부모들이 애들 학교 보내는 걸 많이 걱정해요",
            "norm_text": "맞아요 요새 학폭 문제가 심각하니까 부모들이 애들 학교 보내는 걸 많이 걱정해요",
            "speaker": {
              "id": "3번",
              "sex": "여성",
              "age": "10대"
            },
            "speechAct": "(단언) 주장하기",
            "morpheme": "맞/VV+아요/EF+요새/MAG+학/NNG+폭/NNG+문제/NNG+가/JKS+심각/XR+하/XSA+니까/EC+부모/NNG+들/XSN+이/JKS+애/NNG+들/XSN+학교/NNG+보내/VV+는/ETM+걸/NNB+JKO+많이/MAG+걱정/NNG+해요/XSV+EC"
          },
          {
            "id": 15,
            "text": "1 : 남자친구는 아이를 굉장히 좋아하는데 전 그 정도로 좋아하진 않아요",
            "norm_text": "남자친구는 아이를 굉장히 좋아하는데 전 그 정도로 좋아하진 않아요",
            "speaker": {
              "id": "1번",
              "sex": "여성",
              "age": "30대"
            },
            "speechAct": "(단언) 주장하기",
            "morpheme": "남자/NNG+친구/NNG+는/JX+아이/NNG+를/JKO+굉장히/MAG+좋/VA+아/EC+하/VV+는데/EC+전/MM+그/MM+정도/NNG+로/JKB+좋/VA+아/EC+하/VV+진/EC+JX+않/VX+아요/EC"
          },
          {
            "id": 16,
            "text": "2 : 아이를 좋아하는 남자는 마음이 따뜻할 것 같아요",
            "norm_text": "아이를 좋아하는 남자는 마음이 따뜻할 것 같아요",
            "speaker": {
              "id": "2번",
              "sex": "여성",
              "age": "40대"
            },
            "speechAct": "(단언) 주장하기",
            "morpheme": "아이/NNG+를/JKO+좋아하/VV+는/ETM+남자/NNG+는/JX+마음/NNG+이/JKS+따뜻/XR+할/XSA+ETM+것/NNB+같/VA+아요/EC"
          },
          {
            "id": 17,
            "text": "3 : 지난번에 뵀는데 부드럽고 온화하신 분이더라구요",
            "norm_text": "지난번에 뵀는데 부드럽고 온화하신 분이더라구요",
            "speaker": {
              "id": "3번",
              "sex": "여성",
              "age": "10대"
            },
            "speechAct": "(단언) 주장하기",
            "morpheme": "지난번/NNG+에/JKB+뵀/VV+EP+는데/EC+부드럽/VA+고/EC+온화/NNG+하/XSV+신/EP+ETM+분/NNB+이/VCP+더라구요/EC"
          },
          {
            "id": 18,
            "text": "3 : 언니는 복 받았어요!",
            "norm_text": "언니는 복 받았어요!",
            "speaker": {
              "id": "3번",
              "sex": "여성",
              "age": "10대"
            },
            "speechAct": "(단언) 주장하기",
            "morpheme": "언니/NNG+는/JX+복/NNG+받/VV+았/EP+어요/EF"
          },
          {
            "id": 19,
            "text": "1 : 며칠 뒤면 우리 만난 지 10년 기념일이에요",
            "norm_text": "며칠 뒤면 우리 만난 지 10년 기념일이에요",
            "speaker": {
              "id": "1번",
              "sex": "여성",
              "age": "30대"
            },
            "speechAct": "(단언) 주장하기",
            "morpheme": "며칠/NNG+뒤/VV+면/EC+우리/NP+만난/VV+ETM+지/NNB+10/SN+년/NNBC+기념일/NNG+이/VCP+에요/EF"
          },
          {
            "id": 20,
            "text": "2 : 와 정말요? 축하해요!",
            "norm_text": "와 정말요? 축하해요!",
            "speaker": {
              "id": "2번",
              "sex": "여성",
              "age": "40대"
            },
            "speechAct": "(단언) 주장하기",
            "morpheme": "와/IC+정말/MAG+요/JX+축하/NNG+해요/XSV+EF"
          },
          {
            "id": 21,
            "text": "2 : 두 분은 그때 뭐 하실 계획이에요?",
            "norm_text": "두 분은 그때 뭐 하실 계획이에요?",
            "speaker": {
              "id": "2번",
              "sex": "여성",
              "age": "40대"
            },
            "speechAct": "(지시) 질문하기",
            "morpheme": "두/MM+분/NNBC+은/JX+그때/NNG+뭐/IC+하/VV+실/EP+ETM+계획/NNG+이/VCP+에요/EF"
          },
          {
            "id": 22,
            "text": "3 : 10년 기념일이면 평범한 걸로 안 되겠어요!",
            "norm_text": "10년 기념일이면 평범한 걸로 안 되겠어요!",
            "speaker": {
              "id": "3번",
              "sex": "여성",
              "age": "10대"
            },
            "speechAct": "(단언) 주장하기",
            "morpheme": "10/SN+년/NNBC+기념일/NNG+이/VCP+면/EC+평범/XR+한/XSA+ETM+걸로/NNB+JKB+안/MAG+되/VV+겠/EP+어요/EF"
          },
          {
            "id": 23,
            "text": "1 : 코로나 때문에 외국은 못 가니 제주도에 다녀올까 생각 중이에요",
            "norm_text": "코로나 때문에 외국은 못 가니 제주도에 다녀올까 생각 중이에요",
            "speaker": {
              "id": "1번",
              "sex": "여성",
              "age": "30대"
            },
            "speechAct": "(단언) 주장하기",
            "morpheme": "코로나/NNG+때문/NNB+에/JKB+외국/NNG+은/JX+못/MAG+가/VV+니/EC+제주도/NNP+에/JKB+다녀올까/VV+EC+생각/NNG+중/NNB+이/VCP+에요/EF"
          },
          {
            "id": 24,
            "text": "2 : 와 제주도요! 기념하는 여행으로 제주도 만한 곳이 없죠",
            "norm_text": "와 제주도요! 기념하는 여행으로 제주도 만한 곳이 없죠",
            "speaker": {
              "id": "2번",
              "sex": "여성",
              "age": "40대"
            },
            "speechAct": "(단언) 주장하기",
            "morpheme": "와/IC+제주도/NNP+요/JX+기념/NNG+하/XSV+는/ETM+여행/NNG+으로/JKB+제주/NNP+도/JX+만한/VX+ETM+곳/NNG+이/JKS+없/VA+죠/EF"
          },
          {
            "id": 25,
            "text": "3 : 우앙 부러워요! 저도 빨리 남자친구 만들어봐야겠어요",
            "norm_text": "우앙 부러워요! 저도 빨리 남자친구 만들어봐야겠어요",
            "speaker": {
              "id": "3번",
              "sex": "여성",
              "age": "10대"
            },
            "speechAct": "(단언) 주장하기",
            "morpheme": "우/VV+앙/EC+부러워요/VA+EF+저/NP+도/JX+빨리/MAG+남자/NNG+친구/NNG+만들/VV+어/EC+봐야/VX+EC+VV+겠/EP+어요/EF"
          },
          {
            "id": 26,
            "text": "1 : 어릴 때는 여러 사람을 만나봐도 좋을 것 같아요",
            "norm_text": "어릴 때는 여러 사람을 만나봐도 좋을 것 같아요",
            "speaker": {
              "id": "1번",
              "sex": "여성",
              "age": "30대"
            },
            "speechAct": "(단언) 주장하기",
            "morpheme": "어릴/VA+ETM+때/NNG+는/JX+여러/MM+사람/NNG+을/JKO+만나/VV+EC+봐도/VX+EC+좋/VA+을/ETM+것/NNB+같/VA+아요/EC"
          },
          {
            "id": 27,
            "text": "2 : 맞아요 이런 사람 저런 사람 다 만나봐요",
            "norm_text": "맞아요 이런 사람 저런 사람 다 만나봐요",
            "speaker": {
              "id": "2번",
              "sex": "여성",
              "age": "40대"
            },
            "speechAct": "(단언) 주장하기",
            "morpheme": "맞/VV+아요/EF+이런/MM+사람/NNG+저런/MM+사람/NNG+다/MAG+만나/VV+봐요/EC+VX+EC"
          },
          {
            "id": 28,
            "text": "2 : 그래야 안목도 넓어지죠",
            "norm_text": "그래야 안목도 넓어지죠",
            "speaker": {
              "id": "2번",
              "sex": "여성",
              "age": "40대"
            },
            "speechAct": "(단언) 주장하기",
            "morpheme": "그래야/MAJ+안목/NNG+도/JX+넓/VA+어/EC+지/VX+죠/EF"
          },
          {
            "id": 29,
            "text": "3 : 하하 코로나 때문에 밖을 나갈 수가 없으니... 학교도 못 가고 줌으로 수업하잖아요",
            "norm_text": "하하 코로나 때문에 밖을 나갈 수가 없으니... 학교도 못 가고 줌으로 수업하잖아요",
            "speaker": {
              "id": "3번",
              "sex": "여성",
              "age": "10대"
            },
            "speechAct": "(단언) 주장하기",
            "morpheme": "하하/MAG+코로나/NNG+때문/NNB+에/JKB+밖/NNG+을/JKO+나갈/VV+ETM+수/NNB+가/JKS+없/VA+으니/EF+./SY+학교/NNG+도/JX+못/MAG+가/VV+고/EC+줌/VX+ETN+으로/JKB+수업/NNG+하/XSV+잖아요/EC"
          },
          {
            "id": 30,
            "text": "1 : 아 요새는 또 그런 어려움이 있었네요",
            "norm_text": "아 요새는 또 그런 어려움이 있었네요",
            "speaker": {
              "id": "1번",
              "sex": "여성",
              "age": "30대"
            },
            "speechAct": "(단언) 주장하기",
            "morpheme": "아/IC+요새/NNG+는/JX+또/MAG+그런/MM+어려움/NNG+이/JKS+있/VA+었/EP+네요/EC"
          },
          {
            "id": 31,
            "text": "1 : 하긴 결혼도 맘대로 못하는 세상이 됐으니까요",
            "norm_text": "하긴 결혼도 맘대로 못하는 세상이 됐으니까요",
            "speaker": {
              "id": "1번",
              "sex": "여성",
              "age": "30대"
            },
            "speechAct": "(단언) 주장하기",
            "morpheme": "하긴/MAJ+결혼/NNG+도/JX+맘대로/MAG+못/MAG+하/VV+는/ETM+세상/NNG+이/JKS+됐/VV+EP+으니까요/EC"
          },
          {
            "id": 32,
            "text": "2 : 결혼하더라도 집 장만도 그렇고 어려움이 많아서 점점 결혼을 피하는 추세가 된 것 같아요",
            "norm_text": "결혼하더라도 집 장만도 그렇고 어려움이 많아서 점점 결혼을 피하는 추세가 된 것 같아요",
            "speaker": {
              "id": "2번",
              "sex": "여성",
              "age": "40대"
            },
            "speechAct": "(단언) 주장하기",
            "morpheme": "결혼/NNG+하/XSV+더라도/EC+집장/NNG+만/JX+도/JX+그렇/VA+고/EC+어려움/NNG+이/JKS+많/VA+아서/EC+점점/MAG+결혼/NNG+을/JKO+피하/VV+는/ETM+추세/NNG+가/JKS+된/VV+ETM+것/NNB+같/VA+아요/EC"
          },
          {
            "id": 33,
            "text": "3 : 맞아요 제 친구들 중에도 결혼 안 한다는 애들이 많아요",
            "norm_text": "맞아요 제 친구들 중에도 결혼 안 한다는 애들이 많아요",
            "speaker": {
              "id": "3번",
              "sex": "여성",
              "age": "10대"
            },
            "speechAct": "(단언) 주장하기",
            "morpheme": "맞/VV+아요/EF+제/NP+JKG+친구/NNG+들/XSN+중/NNB+에/JKB+도/JX+결혼/NNG+안/MAG+한다는/VV+ETM+애/NNG+들/XSN+이/JKS+많/VA+아요/EC"
          }
        ]
      }
    }
  ]
}