{
  "dataset": {
    "identifier": 63309,
    "name": "KAKAO_916_12_set",
    "src_path": "/data/file/cubeManager/PROJECT001/53/txt20211005155003045721/KAKAO_916_12_set/",
    "label_path": "/data/file/cubeManager/PROJECT001/53/txt20211005155003045721/KAKAO_916_12_set/",
    "category": 2,
    "type": 0
  },
  "licenses": {
    "name": "Apache License 1.0",
    "url": "http://www.apache.org/licenses/LICENSE-1.0"
  },
  "info": [
    {
      "id": 41809,
      "filename": "KAKAO_916_12.txt",
      "title": "KAKAO_916_12",
      "mediatype": "SNS",
      "medianame": "카카오톡",
      "category": "일상대화",
      "date": "2021-10-05",
      "size": 429,
      "annotations": {
        "subject": "여행",
        "speaker_type": "1:1",
        "size": 429,
        "word_size": 148,
        "text": "1 : 비슬산 자연휴양림 가본 적 있어?\n2 : 가봤지 가족들끼리 가봤어 하하\n1 : 오! 나 거기 진짜 가보고 싶었는데 ㅠㅠ 좋더낭?\n2 : 응 괜찮터라\n2 : 부모님이 엄청 좋아하셨엉 하하\n1 : 거기 지나만 가봤는데 막 데크도 많고 카라반도 있던데 ㅠㅠ\n2 : 응 너도 시간 될 때 가족이나 친구끼리 한번 가봥\n1 : 가족이랑 가면 딱 좋을 것 같아 키키 고기도 구워 먹구\n2 : 글치 키키 주말이나 이럴 때 가면 되겠네\n1 : 휴양지에서 쉬는 것보다 나을 것 같아 키키\n2 : 글치 공기도 좋고 하하\n1 : 웅 키키 고기 냄새도 너무 좋을 것 같아\n2 : 키키 고기 냄새가 더 좋은 거 아니제?\n1 : 음 키키 고기 냄새랑 저녁 냄새? 분위기? 좋을 것 같아\n2 : 키키 아 나도 또 놀러 가고 싶다\n1 : 키키 비수기 때 잘 잡아서 놀러 가야 돼\n2 : 키키 맞다 성수기는 너무 비싸더라",
        "lines": [
          {
            "id": 1,
            "text": "1 : 비슬산 자연휴양림 가본 적 있어?",
            "norm_text": "비슬산 자연휴양림 가본 적 있어?",
            "speaker": {
              "id": "1번",
              "sex": "여성",
              "age": "20대"
            },
            "speechAct": "(지시) 질문하기",
            "morpheme": "비슬산/NNP+자연/NNG+휴양림/NNG+가본/NNG+적/XSN+있/VA+어/EF"
          },
          {
            "id": 2,
            "text": "2 : 가봤지 가족들끼리 가봤어 하하",
            "norm_text": "가봤지 가족들끼리 가봤어 하하",
            "speaker": {
              "id": "2번",
              "sex": "남성",
              "age": "20대"
            },
            "speechAct": "(단언) 진술하기",
            "morpheme": "가/VV+EC+봤/VX+EP+지/EC+가족/NNG+들/XSN+끼리/XSN+가/JKS+봤/VV+EP+어/EC+하하/MAG"
          },
          {
            "id": 3,
            "text": "1 : 오! 나 거기 진짜 가보고 싶었는데 ㅠㅠ 좋더낭?",
            "norm_text": "오! 나 거기 진짜 가보고 싶었는데 ㅠㅠ 좋더낭?",
            "speaker": {
              "id": "1번",
              "sex": "여성",
              "age": "20대"
            },
            "speechAct": "(지시) 질문하기",
            "morpheme": "오/IC+나/NP+거기/NP+진짜/NNG+가/JKS+보/VV+고/EC+싶/VX+었/EP+는데/EC+ㅠㅠ/UNKNOWN+좋/VA+더/MAG+낭/NNG"
          },
          {
            "id": 4,
            "text": "2 : 응 괜찮터라",
            "norm_text": "응 괜찮터라",
            "speaker": {
              "id": "2번",
              "sex": "남성",
              "age": "20대"
            },
            "speechAct": "(단언) 진술하기",
            "morpheme": "응/IC+괜찮/VA+터/NNB+라/VCP+EC"
          },
          {
            "id": 5,
            "text": "2 : 부모님이 엄청 좋아하셨엉 하하",
            "norm_text": "부모님이 엄청 좋아하셨엉 하하",
            "speaker": {
              "id": "2번",
              "sex": "남성",
              "age": "20대"
            },
            "speechAct": "(단언) 진술하기",
            "morpheme": "부모/NNG+님/XSN+이/JKS+엄청/MAG+좋/VA+아/EC+하/VX+셨/EP+EP+엉/EC+하하/MAG"
          },
          {
            "id": 6,
            "text": "1 : 거기 지나만 가봤는데 막 데크도 많고 카라반도 있던데 ㅠㅠ",
            "norm_text": "거기 지나만 가봤는데 막 데크도 많고 카라반도 있던데 ㅠㅠ",
            "speaker": {
              "id": "1번",
              "sex": "여성",
              "age": "20대"
            },
            "speechAct": "(단언) 진술하기",
            "morpheme": "거기/NP+지/VCP+EF+나/NP+만/JX+가/JKS+봤/VV+EP+는데/EC+막/IC+데크/NNP+도/JX+많/VA+고/EC+카라반/NNG+도/JX+있/VA+던데/EC+ㅠㅠ/UNKNOWN"
          },
          {
            "id": 7,
            "text": "2 : 응 너도 시간 될 때 가족이나 친구끼리 한번 가봥",
            "norm_text": "응 너도 시간 될 때 가족이나 친구끼리 한번 가봥",
            "speaker": {
              "id": "2번",
              "sex": "남성",
              "age": "20대"
            },
            "speechAct": "(지시) 충고/제안하기",
            "morpheme": "응/IC+너/NP+도/JX+시간/NNG+될/XSV+ETM+때/NNG+가족/NNG+이나/JC+친구/NNG+끼리/XSN+한/MM+번/NNBC+가봥/UNKNOWN"
          },
          {
            "id": 8,
            "text": "1 : 가족이랑 가면 딱 좋을 것 같아 키키 고기도 구워 먹구",
            "norm_text": "가족이랑 가면 딱 좋을 것 같아 키키 고기도 구워 먹구",
            "speaker": {
              "id": "1번",
              "sex": "여성",
              "age": "20대"
            },
            "speechAct": "(단언) 주장하기",
            "morpheme": "가족/NNG+이랑/JKB+가/VV+면/EC+딱/MAG+좋/VA+을/ETM+것/NNB+같/VA+아/EC+키/NNG+키/VV+고/EC+기/ETN+도/JX+구워/VV+EC+먹/VV+구/EC"
          },
          {
            "id": 9,
            "text": "2 : 글치 키키 주말이나 이럴 때 가면 되겠네",
            "norm_text": "글치 키키 주말이나 이럴 때 가면 되겠네",
            "speaker": {
              "id": "2번",
              "sex": "남성",
              "age": "20대"
            },
            "speechAct": "(단언) 주장하기",
            "morpheme": "글/NNG+치/XSN+키/NNG+키/NNG+주말/NNG+이나/JX+이럴/VV+ETM+때/NNG+가/JKS+면/NNG+되/XSV+겠/EP+네/EF"
          },
          {
            "id": 10,
            "text": "1 : 휴양지에서 쉬는 것보다 나을 것 같아 키키",
            "norm_text": "휴양지에서 쉬는 것보다 나을 것 같아 키키",
            "speaker": {
              "id": "1번",
              "sex": "여성",
              "age": "20대"
            },
            "speechAct": "(단언) 주장하기",
            "morpheme": "휴양지/NNG+에서/JKB+쉬/VV+는/ETM+것/NNB+보다/JKB+나을/VA+ETM+것/NNB+같/VA+아/EC+키/NNG+키/XSV+ETN"
          },
          {
            "id": 11,
            "text": "2 : 글치 공기도 좋고 하하",
            "norm_text": "글치 공기도 좋고 하하",
            "speaker": {
              "id": "2번",
              "sex": "남성",
              "age": "20대"
            },
            "speechAct": "(단언) 주장하기",
            "morpheme": "글/NNG+치/XSN+공기/NNG+도/JX+좋/VA+고/EC+하하/MAG"
          },
          {
            "id": 12,
            "text": "1 : 웅 키키 고기 냄새도 너무 좋을 것 같아",
            "norm_text": "웅 키키 고기 냄새도 너무 좋을 것 같아",
            "speaker": {
              "id": "1번",
              "sex": "여성",
              "age": "20대"
            },
            "speechAct": "(단언) 주장하기",
            "morpheme": "웅/IC+키/NNG+키/NNG+고기/NNG+냄새/NNG+도/JX+너무/MAG+좋/VA+을/ETM+것/NNB+같/VA+아/EC"
          },
          {
            "id": 13,
            "text": "2 : 키키 고기 냄새가 더 좋은 거 아니제?",
            "norm_text": "키키 고기 냄새가 더 좋은 거 아니제?",
            "speaker": {
              "id": "2번",
              "sex": "남성",
              "age": "20대"
            },
            "speechAct": "(지시) 질문하기",
            "morpheme": "키/NNG+키/NNG+고기/NNG+냄새/NNG+가/JKS+더/MAG+좋/VA+은/ETM+거/NNB+아니/VCN+제/EF"
          },
          {
            "id": 14,
            "text": "1 : 음 키키 고기 냄새랑 저녁 냄새? 분위기? 좋을 것 같아",
            "norm_text": "음 키키 고기 냄새랑 저녁 냄새? 분위기? 좋을 것 같아",
            "speaker": {
              "id": "1번",
              "sex": "여성",
              "age": "20대"
            },
            "speechAct": "(단언) 주장하기",
            "morpheme": "음키키고기냄새랑저녁냄새/UNKNOWN+분위기/NNG+좋/VA+을/ETM+것/NNB+같/VA+아/EC"
          },
          {
            "id": 15,
            "text": "2 : 키키 아 나도 또 놀러 가고 싶다",
            "norm_text": "키키 아 나도 또 놀러 가고 싶다",
            "speaker": {
              "id": "2번",
              "sex": "남성",
              "age": "20대"
            },
            "speechAct": "(단언) 주장하기",
            "morpheme": "키/NNG+키아나/NNP+도/JX+또/MAG+놀/VV+러/EC+가/VX+고/EC+싶/VX+다/EC"
          },
          {
            "id": 16,
            "text": "1 : 키키 비수기 때 잘 잡아서 놀러 가야 돼",
            "norm_text": "키키 비수기 때 잘 잡아서 놀러 가야 돼",
            "speaker": {
              "id": "1번",
              "sex": "여성",
              "age": "20대"
            },
            "speechAct": "(단언) 주장하기",
            "morpheme": "키/NNG+키/NNG+비수기/NNG+때/NNG+잘/MAG+잡/VV+아서/EC+놀/VV+러/EC+가/VX+야/EC+돼/VV+EC"
          },
          {
            "id": 17,
            "text": "2 : 키키 맞다 성수기는 너무 비싸더라",
            "norm_text": "키키 맞다 성수기는 너무 비싸더라",
            "speaker": {
              "id": "2번",
              "sex": "남성",
              "age": "20대"
            },
            "speechAct": "(단언) 진술하기",
            "morpheme": "키/NNG+키/XSV+ETN+맞/VV+다/EC+성수기/NNG+는/JX+너무/MAG+비싸/VA+더라/EC"
          }
        ]
      }
    }
  ]
}