{
  "dataset": {
    "identifier": 63879,
    "name": "KAKAO_900_08_set",
    "src_path": "/data/file/cubeManager/PROJECT001/53/txt20211005153423009889/KAKAO_900_08_set/",
    "label_path": "/data/file/cubeManager/PROJECT001/53/txt20211005153423009889/KAKAO_900_08_set/",
    "category": 2,
    "type": 0
  },
  "licenses": {
    "name": "Apache License 1.0",
    "url": "http://www.apache.org/licenses/LICENSE-1.0"
  },
  "info": [
    {
      "id": 41465,
      "filename": "KAKAO_900_08.txt",
      "title": "KAKAO_900_08",
      "mediatype": "SNS",
      "medianame": "카카오톡",
      "category": "일상대화",
      "date": "2021-10-05",
      "size": 441,
      "annotations": {
        "subject": "연애/결혼",
        "speaker_type": "1:1",
        "size": 441,
        "word_size": 142,
        "text": "1 : 누나들은 어떻게 결혼하나 했더니 매형들이 착해\n2 : 키키 누나들이 보는 눈이 있네\n1 : 키키 정말 착한 사람들만 데리고 왔어 미안할 정도로 키키\n2 : 키키 그 정도야? 동병상련을 느껴? 키키\n1 : 키키 정말 키키 매형들한테 미안하군 키키\n2 : 키키 나도 성격이 있어서 착한 사람 원츄 키키\n1 : 키키 정말 니도 잘 골라서 가라 키키\n2 : 키키 주위에 착한 사람 어디 없나요?\n1 : 진짜 키키 내 친구들 괜찮나 키키\n2 : 키키 착하니? 다들 착해?\n1 : 엉 착한데 막 대구 아들이라서 표현이 좀 키키\n2 : 아 표현? 전형적인 경상도 남자?\n1 : 엉 키키 딱 경상도 남자다 키키 그런데 또 뒤에서 챙기긴 또 다 챙기는데 표현을 못해\n2 : 키키 아 거절할게요 키키 전 표현해주는 사람이 좋거든요\n1 : 키키 그러니까 그래서 아들이 연애를 못해요\n2 : 키키 고치길 바래요~ 고치기 힘들겠지만",
        "lines": [
          {
            "id": 1,
            "text": "1 : 누나들은 어떻게 결혼하나 했더니 매형들이 착해",
            "norm_text": "누나들은 어떻게 결혼하나 했더니 매형들이 착해",
            "speaker": {
              "id": "1번",
              "sex": "남성",
              "age": "20대"
            },
            "speechAct": "(단언) 진술하기",
            "morpheme": "누나/NNG+들/XSN+은/JX+어떻게/MAG+결혼/NNG+하/XSV+나/EC+했/VX+EP+더니/EC+매형/NNG+들/XSN+이/JKS+착해/VA+EC"
          },
          {
            "id": 2,
            "text": "2 : 키키 누나들이 보는 눈이 있네",
            "norm_text": "키키 누나들이 보는 눈이 있네",
            "speaker": {
              "id": "2번",
              "sex": "여성",
              "age": "20대"
            },
            "speechAct": "(단언) 진술하기",
            "morpheme": "키/NNG+키/NNG+누나/NNG+들/XSN+이/JKS+보/VV+는/ETM+눈/NNG+이/JKS+있/VV+네/EC"
          },
          {
            "id": 3,
            "text": "1 : 키키 정말 착한 사람들만 데리고 왔어 미안할 정도로 키키",
            "norm_text": "키키 정말 착한 사람들만 데리고 왔어 미안할 정도로 키키",
            "speaker": {
              "id": "1번",
              "sex": "남성",
              "age": "20대"
            },
            "speechAct": "(단언) 주장하기",
            "morpheme": "키/NNG+키/XSV+ETN+정말/MAG+착한/VA+ETM+사람/NNG+들/XSN+만/JX+데리/VV+고/EC+왔/VX+EP+어/EC+미안/NNG+할/XSV+ETM+정도/NNG+로/JKB+키/NNG+키/XSV+ETN"
          },
          {
            "id": 4,
            "text": "2 : 키키 그 정도야? 동병상련을 느껴? 키키",
            "norm_text": "키키 그 정도야? 동병상련을 느껴? 키키",
            "speaker": {
              "id": "2번",
              "sex": "여성",
              "age": "20대"
            },
            "speechAct": "(지시) 질문하기",
            "morpheme": "키키/NNP+그/MM+정도/NNG+야/VCP+EF+동병상련/NNG+을/JKO+느껴/VV+EF+키/NNG+키/XSV+ETN"
          },
          {
            "id": 5,
            "text": "1 : 키키 정말 키키 매형들한테 미안하군 키키",
            "norm_text": "키키 정말 키키 매형들한테 미안하군 키키",
            "speaker": {
              "id": "1번",
              "sex": "남성",
              "age": "20대"
            },
            "speechAct": "(단언) 주장하기",
            "morpheme": "키/NNG+키/XSV+ETN+정말/MAG+키/NNG+키/NNG+매형/NNG+들/XSN+한테/JKB+미안/NNG+하군/JC+JX+키/NNG+키/XSV+ETN"
          },
          {
            "id": 6,
            "text": "2 : 키키 나도 성격이 있어서 착한 사람 원츄 키키",
            "norm_text": "키키 나도 성격이 있어서 착한 사람 원츄 키키",
            "speaker": {
              "id": "2번",
              "sex": "여성",
              "age": "20대"
            },
            "speechAct": "(단언) 주장하기",
            "morpheme": "키/NNG+키나/XSA+ETN+JX+도/JX+성격/NNG+이/JKS+있/VV+어서/EC+착한/VA+ETM+사람/NNG+원츄/NNP+키/NNG+키/XSV+ETN"
          },
          {
            "id": 7,
            "text": "1 : 키키 정말 니도 잘 골라서 가라 키키",
            "norm_text": "키키 정말 니도 잘 골라서 가라 키키",
            "speaker": {
              "id": "1번",
              "sex": "남성",
              "age": "20대"
            },
            "speechAct": "(단언) 주장하기",
            "morpheme": "키/NNG+키/XSV+ETN+정말/MAG+니/NP+도/JX+잘/MAG+골라서/VV+EC+가/VX+라/EC+키/NNG+키/XSV+ETN"
          },
          {
            "id": 8,
            "text": "2 : 키키 주위에 착한 사람 어디 없나요?",
            "norm_text": "키키 주위에 착한 사람 어디 없나요?",
            "speaker": {
              "id": "2번",
              "sex": "여성",
              "age": "20대"
            },
            "speechAct": "(지시) 질문하기",
            "morpheme": "키/NNG+키/NNG+주위/NNG+에/JKB+착한/VA+ETM+사람/NNG+어디/NP+없/VA+나요/EF"
          },
          {
            "id": 9,
            "text": "1 : 진짜 키키 내 친구들 괜찮나 키키",
            "norm_text": "진짜 키키 내 친구들 괜찮나 키키",
            "speaker": {
              "id": "1번",
              "sex": "남성",
              "age": "20대"
            },
            "speechAct": "(지시) 충고/제안하기",
            "morpheme": "진짜/MAG+키/NNG+키/XSV+ETN+내/NP+JKG+친구/NNG+들/XSN+괜찮/VA+나/EC+키/NNG+키/XSV+ETN"
          },
          {
            "id": 10,
            "text": "2 : 키키 착하니? 다들 착해?",
            "norm_text": "키키 착하니? 다들 착해?",
            "speaker": {
              "id": "2번",
              "sex": "여성",
              "age": "20대"
            },
            "speechAct": "(지시) 질문하기",
            "morpheme": "키/NNG+키/XSV+ETN+착하/VA+니/EF+다/MAG+들/XSN+착해/VA+EF"
          },
          {
            "id": 11,
            "text": "1 : 엉 착한데 막 대구 아들이라서 표현이 좀 키키",
            "norm_text": "엉 착한데 막 대구 아들이라서 표현이 좀 키키",
            "speaker": {
              "id": "1번",
              "sex": "남성",
              "age": "20대"
            },
            "speechAct": "(단언) 주장하기",
            "morpheme": "엉/IC+착한데/VA+EC+막대/NNG+구아/NNG+들/XSN+이/VCP+라서/EC+표현/NNG+이/JKS+좀/MAG+키/NNG+키/XSV+ETN"
          },
          {
            "id": 12,
            "text": "2 : 아 표현? 전형적인 경상도 남자?",
            "norm_text": "아 표현? 전형적인 경상도 남자?",
            "speaker": {
              "id": "2번",
              "sex": "여성",
              "age": "20대"
            },
            "speechAct": "(지시) 질문하기",
            "morpheme": "아/IC+표현/NNG+?/SY+전형/NNG+적/XSN+인/VCP+ETM+경상도/NNP+남자/NNG"
          },
          {
            "id": 13,
            "text": "1 : 엉 키키 딱 경상도 남자다 키키 그런데 또 뒤에서 챙기긴 또 다 챙기는데 표현을 못해",
            "norm_text": "엉 키키 딱 경상도 남자다 키키 그런데 또 뒤에서 챙기긴 또 다 챙기는데 표현을 못해",
            "speaker": {
              "id": "1번",
              "sex": "남성",
              "age": "20대"
            },
            "speechAct": "(단언) 주장하기",
            "morpheme": "엉/IC+키/NNG+키/XSV+ETN+딱/MAG+경상도/NNP+남자/NNG+다키키/NNP+그런데/MAJ+또/MAG+뒤/NNG+에서/JKB+챙기/VV+긴/ETN+JX+또/MAG+다/MAG+챙기/VV+는데/EC+표현/NNG+을/JKO+못/MAG+해/VV+EC"
          },
          {
            "id": 14,
            "text": "2 : 키키 아 거절할게요 키키 전 표현해주는 사람이 좋거든요",
            "norm_text": "키키 아 거절할게요 키키 전 표현해주는 사람이 좋거든요",
            "speaker": {
              "id": "2번",
              "sex": "여성",
              "age": "20대"
            },
            "speechAct": "(단언) 주장하기",
            "morpheme": "키/NNG+키/VV+아/EC+거절/NNG+할/XSV+ETM+게/NNB+JKS+요키/NNP+키/NNG+전/NNG+표현/NNG+해/XSV+EC+주/VX+는/ETM+사람/NNG+이/JKS+좋/VA+거든요/EF"
          },
          {
            "id": 15,
            "text": "1 : 키키 그러니까 그래서 아들이 연애를 못해요",
            "norm_text": "키키 그러니까 그래서 아들이 연애를 못해요",
            "speaker": {
              "id": "1번",
              "sex": "남성",
              "age": "20대"
            },
            "speechAct": "(단언) 주장하기",
            "morpheme": "키/NNG+키/XSV+ETN+그러니까/MAJ+그래서/MAJ+아들/NNG+이/JKS+연애/NNG+를/JKO+못/MAG+해요/VV+EC"
          },
          {
            "id": 16,
            "text": "2 : 키키 고치길 바래요~ 고치기 힘들겠지만",
            "norm_text": "키키 고치길 바래요~ 고치기 힘들겠지만",
            "speaker": {
              "id": "2번",
              "sex": "여성",
              "age": "20대"
            },
            "speechAct": "(단언) 주장하기",
            "morpheme": "키/NNG+키/XSV+ETN+고치/VV+길/ETN+JKO+바래요/VV+EF+~/SY+고/JKQ+치/VV+기/ETN+힘들/VA+겠/EP+지만/EC"
          }
        ]
      }
    }
  ]
}