{
  "dataset": {
    "identifier": 72838,
    "name": "KAKAO_905_11_set",
    "src_path": "/data/file/cubeManager/PROJECT001/53/txt20211005152851096640/KAKAO_905_11_set/",
    "label_path": "/data/file/cubeManager/PROJECT001/53/txt20211005152851096640/KAKAO_905_11_set/",
    "category": 2,
    "type": 0
  },
  "licenses": {
    "name": "Apache License 1.0",
    "url": "http://www.apache.org/licenses/LICENSE-1.0"
  },
  "info": [
    {
      "id": 41348,
      "filename": "KAKAO_905_11.txt",
      "title": "KAKAO_905_11",
      "mediatype": "SNS",
      "medianame": "카카오톡",
      "category": "일상대화",
      "date": "2021-10-05",
      "size": 334,
      "annotations": {
        "subject": "게임",
        "speaker_type": "1:1",
        "size": 334,
        "word_size": 128,
        "text": "1 : * 골프 게임 뽑기 나 시켜줘\n2 : 프렌즈골프 완젼 재밌음 하하\n2 : 근데 나밖에 안 함 하하\n1 : 오늘 뽑을 꺼지?\n2 : 오늘 보석 다 안 모임 하하\n1 : 그거 현질 한 건 아니겠지\n2 : 낼이나 돼야 뽑을 수 있을 듯\n1 : 현질 하면 가만 안 둬 현질 절대 금지\n2 : 현질 한 번도 암 했어\n1 : 키키 엉 내 주위에도 근데 그거 너밖에 안 해\n2 : 마쟈 친구 중에서 내가 압도적 1위\n1 : 키키 나도 하루 만에 접었잖아 키키\n2 : 피파 예전에 현질 많이 했는데\n1 : 너 야구 게임은 접음?\n2 : 그 돈으로 너 가방 하나 살 듯\n1 : 그래 이제 현질하면 뒤지는 거얌\n2 : 응 이제 안 할꺼여",
        "lines": [
          {
            "id": 1,
            "text": "1 : * 골프 게임 뽑기 나 시켜줘",
            "norm_text": "* 골프 게임 뽑기 나 시켜줘",
            "speaker": {
              "id": "1번",
              "sex": "여성",
              "age": "30대"
            },
            "speechAct": "(지시) 부탁하기",
            "morpheme": "*/SY+골프/NNG+게임/NNG+뽑/VV+기/ETN+나/JX+시켜/VV+EC+줘/VX+EC"
          },
          {
            "id": 2,
            "text": "2 : 프렌즈골프 완젼 재밌음 하하",
            "norm_text": "프렌즈골프 완젼 재밌음 하하",
            "speaker": {
              "id": "2번",
              "sex": "남성",
              "age": "30대"
            },
            "speechAct": "(단언) 주장하기",
            "morpheme": "프렌즈/NNP+골프/NNG+완/JKB+JX+젼/NNG+재밌/VA+음/EC+하하/MAG"
          },
          {
            "id": 3,
            "text": "2 : 근데 나밖에 안 함 하하",
            "norm_text": "근데 나밖에 안 함 하하",
            "speaker": {
              "id": "2번",
              "sex": "남성",
              "age": "30대"
            },
            "speechAct": "(단언) 진술하기",
            "morpheme": "근데/MAJ+나/NP+밖에/JX+안/MAG+함하/NNG+하/XSV"
          },
          {
            "id": 4,
            "text": "1 : 오늘 뽑을 꺼지?",
            "norm_text": "오늘 뽑을 꺼지?",
            "speaker": {
              "id": "1번",
              "sex": "여성",
              "age": "30대"
            },
            "speechAct": "(지시) 질문하기",
            "morpheme": "오늘/MAG+뽑/VV+을/ETM+꺼/NNB+VCP+지/EF"
          },
          {
            "id": 5,
            "text": "2 : 오늘 보석 다 안 모임 하하",
            "norm_text": "오늘 보석 다 안 모임 하하",
            "speaker": {
              "id": "2번",
              "sex": "남성",
              "age": "30대"
            },
            "speechAct": "(단언) 진술하기",
            "morpheme": "오늘/MAG+보석/NNG+다/MAG+안/MAG+모임/NNG+하/XSV+하/XSA"
          },
          {
            "id": 6,
            "text": "1 : 그거 현질 한 건 아니겠지",
            "norm_text": "그거 현질 한 건 아니겠지",
            "speaker": {
              "id": "1번",
              "sex": "여성",
              "age": "30대"
            },
            "speechAct": "(지시) 질문하기",
            "morpheme": "그거/NP+현질/NNG+한/XSA+ETM+건/NNB+JX+아니/VCN+겠/EP+지/EC"
          },
          {
            "id": 7,
            "text": "2 : 낼이나 돼야 뽑을 수 있을 듯",
            "norm_text": "낼이나 돼야 뽑을 수 있을 듯",
            "speaker": {
              "id": "2번",
              "sex": "남성",
              "age": "30대"
            },
            "speechAct": "(단언) 주장하기",
            "morpheme": "낼/NNG+이나/JX+돼야/VV+EC+뽑/VV+을/ETM+수/NNB+있/VV+을/ETM+듯/NNB"
          },
          {
            "id": 8,
            "text": "1 : 현질 하면 가만 안 둬 현질 절대 금지",
            "norm_text": "현질 하면 가만 안 둬 현질 절대 금지",
            "speaker": {
              "id": "1번",
              "sex": "여성",
              "age": "30대"
            },
            "speechAct": "(단언) 주장하기",
            "morpheme": "현질/NNG+하/XSV+면/EC+가만/MAG+안/MAG+둬/VV+EC+현질/NNG+절대/MAG+금지/NNG"
          },
          {
            "id": 9,
            "text": "2 : 현질 한 번도 암 했어",
            "norm_text": "현질 한 번도 암 했어",
            "speaker": {
              "id": "2번",
              "sex": "남성",
              "age": "30대"
            },
            "speechAct": "(단언) 진술하기",
            "morpheme": "현질/NNG+한/MM+번/NNBC+도/JX+암/NNG+했/XSV+EP+어/EC"
          },
          {
            "id": 10,
            "text": "1 : 키키 엉 내 주위에도 근데 그거 너밖에 안 해",
            "norm_text": "키키 엉 내 주위에도 근데 그거 너밖에 안 해",
            "speaker": {
              "id": "1번",
              "sex": "여성",
              "age": "30대"
            },
            "speechAct": "(단언) 진술하기",
            "morpheme": "키/NNG+키/VV+엉/EC+내/NP+JKG+주위/NNG+에/JKB+도/JX+근데/MAJ+그거/NP+너/NP+밖에/JX+안/MAG+해/VV+EC"
          },
          {
            "id": 11,
            "text": "2 : 마쟈 친구 중에서 내가 압도적 1위",
            "norm_text": "마쟈 친구 중에서 내가 압도적 1위",
            "speaker": {
              "id": "2번",
              "sex": "남성",
              "age": "30대"
            },
            "speechAct": "(단언) 진술하기",
            "morpheme": "마/VV+쟈/EC+친구/NNG+중/NNB+에서/JKB+내/NP+가/JKS+압도/NNG+적/XSN+1/SN+위/NNBC"
          },
          {
            "id": 12,
            "text": "1 : 키키 나도 하루 만에 접었잖아 키키",
            "norm_text": "키키 나도 하루 만에 접었잖아 키키",
            "speaker": {
              "id": "1번",
              "sex": "여성",
              "age": "30대"
            },
            "speechAct": "(단언) 진술하기",
            "morpheme": "키/NNG+키나/XSA+ETN+JX+도/JX+하루/NNG+만/NNB+에/JKB+접/VV+었잖/EC+VX+아/EC+키/NNG+키/XSV+ETN"
          },
          {
            "id": 13,
            "text": "2 : 피파 예전에 현질 많이 했는데",
            "norm_text": "피파 예전에 현질 많이 했는데",
            "speaker": {
              "id": "2번",
              "sex": "남성",
              "age": "30대"
            },
            "speechAct": "(단언) 진술하기",
            "morpheme": "피파/NNP+예전/NNG+에/JKB+현질/NNG+많이/MAG+했/VV+EP+는데/EC"
          },
          {
            "id": 14,
            "text": "1 : 너 야구 게임은 접음?",
            "norm_text": "너 야구 게임은 접음?",
            "speaker": {
              "id": "1번",
              "sex": "여성",
              "age": "30대"
            },
            "speechAct": "(지시) 질문하기",
            "morpheme": "너/NP+야구/NNG+게임/NNG+은/JX+접/VV+음/ETN"
          },
          {
            "id": 15,
            "text": "2 : 그 돈으로 너 가방 하나 살 듯",
            "norm_text": "그 돈으로 너 가방 하나 살 듯",
            "speaker": {
              "id": "2번",
              "sex": "남성",
              "age": "30대"
            },
            "speechAct": "(단언) 주장하기",
            "morpheme": "그/MM+돈/NNG+으로/JKB+너/NP+가/JKS+방/NNG+하나/NR+살/VV+듯/EC"
          },
          {
            "id": 16,
            "text": "1 : 그래 이제 현질하면 뒤지는 거얌",
            "norm_text": "그래 이제 현질하면 뒤지는 거얌",
            "speaker": {
              "id": "1번",
              "sex": "여성",
              "age": "30대"
            },
            "speechAct": "(단언) 주장하기",
            "morpheme": "그래/IC+이제/MAG+현질/NNG+하/XSV+면/EC+뒤지/VV+는/ETM+거/NNB+얌/NNP"
          },
          {
            "id": 17,
            "text": "2 : 응 이제 안 할꺼여",
            "norm_text": "응 이제 안 할꺼여",
            "speaker": {
              "id": "2번",
              "sex": "남성",
              "age": "30대"
            },
            "speechAct": "(단언) 주장하기",
            "morpheme": "응/IC+이제/MAG+안/MAG+할꺼/VV+ETM+NNB+VCP+여/EC"
          }
        ]
      }
    }
  ]
}