{
  "dataset": {
    "identifier": 63646,
    "name": "KAKAO_907_13_set",
    "src_path": "/data/file/cubeManager/PROJECT001/53/txt20211005154856074480/KAKAO_907_13_set/",
    "label_path": "/data/file/cubeManager/PROJECT001/53/txt20211005154856074480/KAKAO_907_13_set/",
    "category": 2,
    "type": 0
  },
  "licenses": {
    "name": "Apache License 1.0",
    "url": "http://www.apache.org/licenses/LICENSE-1.0"
  },
  "info": [
    {
      "id": 41730,
      "filename": "KAKAO_907_13.txt",
      "title": "KAKAO_907_13",
      "mediatype": "SNS",
      "medianame": "카카오톡",
      "category": "일상대화",
      "date": "2021-10-05",
      "size": 483,
      "annotations": {
        "subject": "계절/날씨",
        "speaker_type": "1:1",
        "size": 483,
        "word_size": 161,
        "text": "1 : 여름이 가긴 갔나 봐\n1 : 낮에도 별로 안 덥네\n2 : 그래도 일교차가 너무 크다...\n2 : 감기 조심하셈 ㅜㅜ\n1 : 어어 니도 그래서 나 가디건 항상 챙겨 다니는 중\n2 : 나 호기롭게 반팔로 운동 갔다가 추워서 깜짝 놀랬음...\n1 : 그러다가 기침 좀 하다가 감기 걸린다?\n2 : 이 시국에 기침 하면 진짜 의심 받기 딱 아니냐\n1 : 키키 그니까~ 빨리 단풍 보고 싶다~\n2 : 난 피크닉 가고 싶어! 도시락 싸서 ㅜㅜ\n1 : 그것도 너무 좋지 하하 날씨가 좋으면 할 수 있는 게 많아지니깐\n2 : 난 자전거도 타고 싶고 빨리 맨투맨 입고 싶어\n1 : 아무래도 옷이 길어지면 몸 가려져서 그것도 좋긴 해\n2 : 키키 인정 좀 덜 부담스럽지 하하 그건 참 좋아\n1 : 이번에 맨투맨 이쁜 거 나온 거 있으면 하나 사야겠당\n2 : 맨투맨이랑 후드티가 진짜 잘 입어지잖아\n1 : 완전 편해서 난 슬랙스에 맨투맨 입는 거 너무 좋아\n2 : 나도~ 생각난 김에 쇼핑이나 해야겠다 하하",
        "lines": [
          {
            "id": 1,
            "text": "1 : 여름이 가긴 갔나 봐",
            "norm_text": "여름이 가긴 갔나 봐",
            "speaker": {
              "id": "1번",
              "sex": "여성",
              "age": "20대"
            },
            "speechAct": "(단언) 주장하기",
            "morpheme": "여름/NNG+이/JKS+가/VV+긴/ETN+JX+갔/VX+EP+나/EC+봐/VX+EC"
          },
          {
            "id": 2,
            "text": "1 : 낮에도 별로 안 덥네",
            "norm_text": "낮에도 별로 안 덥네",
            "speaker": {
              "id": "1번",
              "sex": "여성",
              "age": "20대"
            },
            "speechAct": "(단언) 주장하기",
            "morpheme": "낮/NNG+에/JKB+도/JX+별로/MAG+안/MAG+덥/VA+네/EC"
          },
          {
            "id": 3,
            "text": "2 : 그래도 일교차가 너무 크다...",
            "norm_text": "그래도 일교차가 너무 크다...",
            "speaker": {
              "id": "2번",
              "sex": "여성",
              "age": "20대"
            },
            "speechAct": "(단언) 주장하기",
            "morpheme": "그래도/MAJ+일교차/NNG+가/JKS+너무/MAG+크/VA+다/EF+./SY"
          },
          {
            "id": 4,
            "text": "2 : 감기 조심하셈 ㅜㅜ",
            "norm_text": "감기 조심하셈 ㅜㅜ",
            "speaker": {
              "id": "2번",
              "sex": "여성",
              "age": "20대"
            },
            "speechAct": "(단언) 주장하기",
            "morpheme": "감기조심하셈ㅜㅜ/UNKNOWN"
          },
          {
            "id": 5,
            "text": "1 : 어어 니도 그래서 나 가디건 항상 챙겨 다니는 중",
            "norm_text": "어어 니도 그래서 나 가디건 항상 챙겨 다니는 중",
            "speaker": {
              "id": "1번",
              "sex": "여성",
              "age": "20대"
            },
            "speechAct": "(단언) 주장하기",
            "morpheme": "어/IC+어/IC+니/NP+도/JX+그래서/MAJ+나/NP+가/JKS+디/VV+건/EC+항상/MAG+챙겨/VV+EC+다니/VV+는/ETM+중/NNB"
          },
          {
            "id": 6,
            "text": "2 : 나 호기롭게 반팔로 운동 갔다가 추워서 깜짝 놀랬음...",
            "norm_text": "나 호기롭게 반팔로 운동 갔다가 추워서 깜짝 놀랬음...",
            "speaker": {
              "id": "2번",
              "sex": "여성",
              "age": "20대"
            },
            "speechAct": "(단언) 주장하기",
            "morpheme": "나/NP+호기/NNG+롭/XSA+게/EC+반팔/NNG+로/JKB+운동/NNG+갔/VV+EP+다가/EC+추워서/VA+EC+깜짝/MAG+놀랬/VV+EP+음/ETN+./SY"
          },
          {
            "id": 7,
            "text": "1 : 그러다가 기침 좀 하다가 감기 걸린다?",
            "norm_text": "그러다가 기침 좀 하다가 감기 걸린다?",
            "speaker": {
              "id": "1번",
              "sex": "여성",
              "age": "20대"
            },
            "speechAct": "(단언) 주장하기",
            "morpheme": "그러다가/MAJ+기침/NNG+좀/MAG+하/VV+다가/EC+감기/NNG+걸린다/VV+EF"
          },
          {
            "id": 8,
            "text": "2 : 이 시국에 기침 하면 진짜 의심 받기 딱 아니냐",
            "norm_text": "이 시국에 기침 하면 진짜 의심 받기 딱 아니냐",
            "speaker": {
              "id": "2번",
              "sex": "여성",
              "age": "20대"
            },
            "speechAct": "(단언) 주장하기",
            "morpheme": "이/MM+시국/NNG+에/JKB+기침/NNG+하/XSV+면/EC+진짜/MAG+의심/NNG+받/VV+기/ETN+딱/MAG+아니/VCN+냐/EC"
          },
          {
            "id": 9,
            "text": "1 : 키키 그니까~ 빨리 단풍 보고 싶다~",
            "norm_text": "키키 그니까~ 빨리 단풍 보고 싶다~",
            "speaker": {
              "id": "1번",
              "sex": "여성",
              "age": "20대"
            },
            "speechAct": "(단언) 주장하기",
            "morpheme": "키/NNG+키/XSV+ETN+그니까/MAJ+~/SY+빨리/MAG+단풍/NNG+보/VV+고/EC+싶/VX+다/EC+~/SY"
          },
          {
            "id": 10,
            "text": "2 : 난 피크닉 가고 싶어! 도시락 싸서 ㅜㅜ",
            "norm_text": "난 피크닉 가고 싶어! 도시락 싸서 ㅜㅜ",
            "speaker": {
              "id": "2번",
              "sex": "여성",
              "age": "20대"
            },
            "speechAct": "(단언) 주장하기",
            "morpheme": "난/NP+JX+피크닉/NNP+가/VV+고/EC+싶/VX+어/EF+도시락싸서ㅜㅜ/UNKNOWN"
          },
          {
            "id": 11,
            "text": "1 : 그것도 너무 좋지 하하 날씨가 좋으면 할 수 있는 게 많아지니깐",
            "norm_text": "그것도 너무 좋지 하하 날씨가 좋으면 할 수 있는 게 많아지니깐",
            "speaker": {
              "id": "1번",
              "sex": "여성",
              "age": "20대"
            },
            "speechAct": "N/A",
            "morpheme": "그것/NP+도/JX+너무/MAG+좋/VA+지/EC+하하/MAG+날씨/NNG+가/JKS+좋/VA+으면/EC+할/VX+ETM+수/NNB+있/VV+는/ETM+게/NNB+JKS+많/VA+아/EC+지/VX+니깐/EC"
          },
          {
            "id": 12,
            "text": "2 : 난 자전거도 타고 싶고 빨리 맨투맨 입고 싶어",
            "norm_text": "난 자전거도 타고 싶고 빨리 맨투맨 입고 싶어",
            "speaker": {
              "id": "2번",
              "sex": "여성",
              "age": "20대"
            },
            "speechAct": "(단언) 주장하기",
            "morpheme": "난/NP+JX+자전거/NNG+도/JX+타/VV+고/EC+싶/VX+고/EC+빨리/MAG+맨투맨/NNG+입/VV+고/EC+싶/VX+어/EC"
          },
          {
            "id": 13,
            "text": "1 : 아무래도 옷이 길어지면 몸 가려져서 그것도 좋긴 해",
            "norm_text": "아무래도 옷이 길어지면 몸 가려져서 그것도 좋긴 해",
            "speaker": {
              "id": "1번",
              "sex": "여성",
              "age": "20대"
            },
            "speechAct": "(단언) 주장하기",
            "morpheme": "아무래도/MAG+옷/NNG+이/JKS+길/VA+어/EC+지/VX+면/EC+몸/NNG+가려져서/VV+EC+VX+EC+그것/NP+도/JX+좋/VA+긴/ETN+JX+해/VX+EC"
          },
          {
            "id": 14,
            "text": "2 : 키키 인정 좀 덜 부담스럽지 하하 그건 참 좋아",
            "norm_text": "키키 인정 좀 덜 부담스럽지 하하 그건 참 좋아",
            "speaker": {
              "id": "2번",
              "sex": "여성",
              "age": "20대"
            },
            "speechAct": "(단언) 주장하기",
            "morpheme": "키/NNG+키/NNG+인정/NNG+좀/MAG+덜/MAG+부담/NNG+스럽/XSA+지/EC+하하/MAG+그건/NP+JX+참/MAG+좋/VA+아/EC"
          },
          {
            "id": 15,
            "text": "1 : 이번에 맨투맨 이쁜 거 나온 거 있으면 하나 사야겠당",
            "norm_text": "이번에 맨투맨 이쁜 거 나온 거 있으면 하나 사야겠당",
            "speaker": {
              "id": "1번",
              "sex": "여성",
              "age": "20대"
            },
            "speechAct": "(단언) 주장하기",
            "morpheme": "이번/NNG+에/JKB+맨투맨/NNG+이쁜/VA+ETM+거/NNB+나온/VV+ETM+거/NNB+있/VA+으면/EC+하나/NR+사/NR+야/VCP+EF+겠/EP+당/XSN"
          },
          {
            "id": 16,
            "text": "2 : 맨투맨이랑 후드티가 진짜 잘 입어지잖아",
            "norm_text": "맨투맨이랑 후드티가 진짜 잘 입어지잖아",
            "speaker": {
              "id": "2번",
              "sex": "여성",
              "age": "20대"
            },
            "speechAct": "(단언) 주장하기",
            "morpheme": "맨투맨/NNG+이랑/JKB+후드/NNG+티/NNG+가/JKS+진짜/MAG+잘/MAG+입/VV+어/EC+지/VX+잖아/EC"
          },
          {
            "id": 17,
            "text": "1 : 완전 편해서 난 슬랙스에 맨투맨 입는 거 너무 좋아",
            "norm_text": "완전 편해서 난 슬랙스에 맨투맨 입는 거 너무 좋아",
            "speaker": {
              "id": "1번",
              "sex": "여성",
              "age": "20대"
            },
            "speechAct": "(단언) 주장하기",
            "morpheme": "완전/MAG+편해서/VA+EC+난/VX+ETM+슬랙스/NNG+에/JKB+맨투맨/NNG+입/VV+는/ETM+거/NNB+너무/MAG+좋/VA+아/EC"
          },
          {
            "id": 18,
            "text": "2 : 나도~ 생각난 김에 쇼핑이나 해야겠다 하하",
            "norm_text": "나도~ 생각난 김에 쇼핑이나 해야겠다 하하",
            "speaker": {
              "id": "2번",
              "sex": "여성",
              "age": "20대"
            },
            "speechAct": "(단언) 주장하기",
            "morpheme": "나/NP+도/JX+~/SY+생각난/VV+ETM+김/NNB+에/JKB+쇼핑/NNG+이나/JX+해야겠다/VV+EC+VX+EP+EF+하하/MAG"
          }
        ]
      }
    }
  ]
}