{
  "dataset": {
    "identifier": 63470,
    "name": "KAKAO_909_04_set",
    "src_path": "/data/file/cubeManager/PROJECT001/53/txt20211005154109080713/KAKAO_909_04_set/",
    "label_path": "/data/file/cubeManager/PROJECT001/53/txt20211005154109080713/KAKAO_909_04_set/",
    "category": 2,
    "type": 0
  },
  "licenses": {
    "name": "Apache License 1.0",
    "url": "http://www.apache.org/licenses/LICENSE-1.0"
  },
  "info": [
    {
      "id": 41581,
      "filename": "KAKAO_909_04.txt",
      "title": "KAKAO_909_04",
      "mediatype": "SNS",
      "medianame": "카카오톡",
      "category": "일상대화",
      "date": "2021-10-05",
      "size": 487,
      "annotations": {
        "subject": "회사/아르바이트",
        "speaker_type": "1:1",
        "size": 487,
        "word_size": 152,
        "text": "1 : 혹시 우리 야구장 아르바이트 했던 거 환급금 다 받았어?\n2 : 환급금? 그런 것도 받을 수 있어?\n1 : 종합소득세 신고해서 우리 아르바이트 했던 거 환급 받을 수 있어\n2 : 아 진짜? 언제 신청해?\n1 : 매년 5월이니까 내년에 한 번 신청해봐\n2 : 아 그런 게 있는 줄 몰랐네\n1 : 나도 몰랐는데 은근히 내가 뗀 세금이 많았나 10만원 정도 들어왔더라고\n2 : 오! 생각보다 많이 받잖아?\n1 : 그니까 나도 꽤 쏠쏠하다고 생각했어 키키\n2 : 근데 이거 어떻게 하는 거야?\n1 : 이거 블로그 보면 다 나와있는데 난 도저히 못 따라하겠더라 그래서 삼쩜삼으로 했어\n2 : 삼쩜삼? 대리해주는 곳이야?\n1 : 응응 키키 수수료를 좀 떼긴 하는데 난 어떻게 하는지 전혀 모르겠어서\n2 : 나도 내년에 혼자 해보고 어려우면 대리 업체 써야겠다\n1 : 진짜 최대한 혼자 할 수 있으면 해 봐 10만원 받겠다고 수수료 3만원이나 썼어 ㅡㅡ\n2 : 앗... 나는 최대한 혼자 해봐야겠다 키키",
        "lines": [
          {
            "id": 1,
            "text": "1 : 혹시 우리 야구장 아르바이트 했던 거 환급금 다 받았어?",
            "norm_text": "혹시 우리 야구장 아르바이트 했던 거 환급금 다 받았어?",
            "speaker": {
              "id": "1번",
              "sex": "여성",
              "age": "20대"
            },
            "speechAct": "(지시) 질문하기",
            "morpheme": "혹시/MAG+우리/NP+야구장/NNG+아르바이트/NNG+했/XSV+EP+던/ETM+거/NNB+환급금/NNG+다/MAG+받/VV+았/EP+어/EF"
          },
          {
            "id": 2,
            "text": "2 : 환급금? 그런 것도 받을 수 있어?",
            "norm_text": "환급금? 그런 것도 받을 수 있어?",
            "speaker": {
              "id": "2번",
              "sex": "여성",
              "age": "20대"
            },
            "speechAct": "(지시) 질문하기",
            "morpheme": "환급금/NNG+그런/MM+것/NNB+도/JX+받/VV+을/ETM+수/NNB+있/VV+어/EF"
          },
          {
            "id": 3,
            "text": "1 : 종합소득세 신고해서 우리 아르바이트 했던 거 환급 받을 수 있어",
            "norm_text": "종합소득세 신고해서 우리 아르바이트 했던 거 환급 받을 수 있어",
            "speaker": {
              "id": "1번",
              "sex": "여성",
              "age": "20대"
            },
            "speechAct": "(단언) 진술하기",
            "morpheme": "종합/NNG+소득세/NNG+신고/NNG+해서/XSV+EC+우리/NP+아르바이트/NNG+했/XSV+EP+던/ETM+거/NNB+환급/NNG+받/VV+을/ETM+수/NNB+있/VV+어/EC"
          },
          {
            "id": 4,
            "text": "2 : 아 진짜? 언제 신청해?",
            "norm_text": "아 진짜? 언제 신청해?",
            "speaker": {
              "id": "2번",
              "sex": "여성",
              "age": "20대"
            },
            "speechAct": "(지시) 질문하기",
            "morpheme": "아/IC+진짜/MAG+언제/MAG+신청/NNG+해/XSV+EF"
          },
          {
            "id": 5,
            "text": "1 : 매년 5월이니까 내년에 한 번 신청해봐",
            "norm_text": "매년 5월이니까 내년에 한 번 신청해봐",
            "speaker": {
              "id": "1번",
              "sex": "여성",
              "age": "20대"
            },
            "speechAct": "(지시) 충고/제안하기",
            "morpheme": "매년/MAG+5/SN+월/NNBC+이/VCP+니까/EC+내년/NNG+에/JKB+한/MM+번/NNBC+신청/NNG+해/XSV+EC+봐/VX+EC"
          },
          {
            "id": 6,
            "text": "2 : 아 그런 게 있는 줄 몰랐네",
            "norm_text": "아 그런 게 있는 줄 몰랐네",
            "speaker": {
              "id": "2번",
              "sex": "여성",
              "age": "20대"
            },
            "speechAct": "(단언) 진술하기",
            "morpheme": "아/IC+그런/MM+게/NNB+JKS+있/VA+는/ETM+줄/NNB+몰랐/VV+EP+네/EF"
          },
          {
            "id": 7,
            "text": "1 : 나도 몰랐는데 은근히 내가 뗀 세금이 많았나 10만원 정도 들어왔더라고",
            "norm_text": "나도 몰랐는데 은근히 내가 뗀 세금이 많았나 10만원 정도 들어왔더라고",
            "speaker": {
              "id": "1번",
              "sex": "여성",
              "age": "20대"
            },
            "speechAct": "(단언) 진술하기",
            "morpheme": "나/NP+도/JX+몰랐/VV+EP+는데/EC+은근히/MAG+내/NP+가/JKS+뗀/VV+ETM+세금/NNG+이/JKS+많/VA+았/EP+나/EC+10/SN+만/NR+원/NNBC+정도/NNG+들어왔/VV+EP+더라고/EC"
          },
          {
            "id": 8,
            "text": "2 : 오! 생각보다 많이 받잖아?",
            "norm_text": "오! 생각보다 많이 받잖아?",
            "speaker": {
              "id": "2번",
              "sex": "여성",
              "age": "20대"
            },
            "speechAct": "(지시) 질문하기",
            "morpheme": "오/IC+생각/NNG+보다/JKB+많이/MAG+받/VV+잖아/EF"
          },
          {
            "id": 9,
            "text": "1 : 그니까 나도 꽤 쏠쏠하다고 생각했어 키키",
            "norm_text": "그니까 나도 꽤 쏠쏠하다고 생각했어 키키",
            "speaker": {
              "id": "1번",
              "sex": "여성",
              "age": "20대"
            },
            "speechAct": "(단언) 주장하기",
            "morpheme": "그니까/MAJ+나/NP+도/JX+꽤/MAG+쏠쏠/XR+하/XSA+다고/EC+생각/NNG+했/XSV+EP+어/EC+키/NNG+키/XSV+ETN"
          },
          {
            "id": 10,
            "text": "2 : 근데 이거 어떻게 하는 거야?",
            "norm_text": "근데 이거 어떻게 하는 거야?",
            "speaker": {
              "id": "2번",
              "sex": "여성",
              "age": "20대"
            },
            "speechAct": "(지시) 질문하기",
            "morpheme": "근데/MAJ+이거/NP+어떻게/MAG+하/VV+는/ETM+거/NNB+야/VCP+EF"
          },
          {
            "id": 11,
            "text": "1 : 이거 블로그 보면 다 나와있는데 난 도저히 못 따라하겠더라 그래서 삼쩜삼으로 했어",
            "norm_text": "이거 블로그 보면 다 나와있는데 난 도저히 못 따라하겠더라 그래서 삼쩜삼으로 했어",
            "speaker": {
              "id": "1번",
              "sex": "여성",
              "age": "20대"
            },
            "speechAct": "(단언) 진술하기",
            "morpheme": "이거/NP+블로그/NNG+보/VV+면/EC+다/MAG+나와/VV+EC+있/VX+는데/EC+난/NP+JX+도저히/MAG+못/MAG+따라/VV+EC+하/VX+겠/EP+더라/EF+그래서/MAJ+삼/NR+쩜삼/UNKNOWN+으로/JKB+했/VV+EP+어/EC"
          },
          {
            "id": 12,
            "text": "2 : 삼쩜삼? 대리해주는 곳이야?",
            "norm_text": "삼쩜삼? 대리해주는 곳이야?",
            "speaker": {
              "id": "2번",
              "sex": "여성",
              "age": "20대"
            },
            "speechAct": "(지시) 질문하기",
            "morpheme": "삼쩜/UNKNOWN+삼/NR+대리/NNG+해/XSV+EC+주/VX+는/ETM+곳/NNG+이/VCP+야/EF"
          },
          {
            "id": 13,
            "text": "1 : 응응 키키 수수료를 좀 떼긴 하는데 난 어떻게 하는지 전혀 모르겠어서",
            "norm_text": "응응 키키 수수료를 좀 떼긴 하는데 난 어떻게 하는지 전혀 모르겠어서",
            "speaker": {
              "id": "1번",
              "sex": "여성",
              "age": "20대"
            },
            "speechAct": "(단언) 진술하기",
            "morpheme": "응/IC+응/IC+키/NNG+키/NNG+수수료/NNG+를/JKO+좀/MAG+떼/VV+긴/ETN+JX+하/VX+는데/EC+난/NP+JX+어떻게/MAG+하/VV+는지/EC+전혀/MAG+모르/VV+겠/EP+어서/EC"
          },
          {
            "id": 14,
            "text": "2 : 나도 내년에 혼자 해보고 어려우면 대리 업체 써야겠다",
            "norm_text": "나도 내년에 혼자 해보고 어려우면 대리 업체 써야겠다",
            "speaker": {
              "id": "2번",
              "sex": "여성",
              "age": "20대"
            },
            "speechAct": "(단언) 주장하기",
            "morpheme": "나/NP+도/JX+내년/NNG+에/JKB+혼자/NNG+해/XSV+EC+보/VX+고/EC+어려우/VA+면/EC+대리/NNG+업체/NNG+써야/VV+EC+VX+겠/EP+다/EC"
          },
          {
            "id": 15,
            "text": "1 : 진짜 최대한 혼자 할 수 있으면 해 봐 10만원 받겠다고 수수료 3만원이나 썼어 ㅡㅡ",
            "norm_text": "진짜 최대한 혼자 할 수 있으면 해 봐 10만원 받겠다고 수수료 3만원이나 썼어 ㅡㅡ",
            "speaker": {
              "id": "1번",
              "sex": "여성",
              "age": "20대"
            },
            "speechAct": "(단언) 주장하기",
            "morpheme": "진짜/MAG+최대한/NNG+혼자/NNG+할/XSV+ETM+수/NNB+있/VV+으면/EC+해/VV+EC+봐/VX+EC+10/SN+만/NR+원/NNBC+받/VV+겠/EP+다고/EC+수수료/NNG+3/SN+만/NR+원/NNBC+이나/JX+썼/VV+EP+어/EF+ㅡㅡ/UNKNOWN"
          },
          {
            "id": 16,
            "text": "2 : 앗... 나는 최대한 혼자 해봐야겠다 키키",
            "norm_text": "앗... 나는 최대한 혼자 해봐야겠다 키키",
            "speaker": {
              "id": "2번",
              "sex": "여성",
              "age": "20대"
            },
            "speechAct": "(단언) 주장하기",
            "morpheme": "앗/IC+./SY+나/NP+는/JX+최대한/NNG+혼자/NNG+해봐야/XSV+EC+VX+EC+VX+겠/EP+다키키/NNP"
          }
        ]
      }
    }
  ]
}