{
  "dataset": {
    "identifier": 34791,
    "name": "KAKAO_903_04_set",
    "src_path": "/data/file/cubeManager/PROJECT001/53/txt20211005095751065254/KAKAO_903_04_set/",
    "label_path": "/data/file/cubeManager/PROJECT001/53/txt20211005095751065254/KAKAO_903_04_set/",
    "category": 2,
    "type": 0
  },
  "licenses": {
    "name": "Apache License 1.0",
    "url": "http://www.apache.org/licenses/LICENSE-1.0"
  },
  "info": [
    {
      "id": 40783,
      "filename": "KAKAO_903_04.txt",
      "title": "KAKAO_903_04",
      "mediatype": "SNS",
      "medianame": "카카오톡",
      "category": "일상대화",
      "date": "2021-10-05",
      "size": 528,
      "annotations": {
        "subject": "회사/아르바이트",
        "speaker_type": "1:1",
        "size": 528,
        "word_size": 161,
        "text": "1 : 아 진짜 취업하기 전에 갔어야 하는데 너 이제 바쁘잖아 취업해서\n2 : 난 이제 망했어 퇴사하고 가야지...\n1 : 그게 혹시 언제쯤인데...? 가능은 해...?\n2 : 나 ㄹㅇ 1년만 하고 관둘 거야\n1 : 1년 동안이나 널 써주신다디? 감사한데?\n2 : 아니; 미안한데 나간다 하면 붙잡아 고급 인력이라고\n1 : 아니 그건 원장님 때리러 간다 해서 그런 거 아니야?\n2 : 야 진짜 뭔 소리야 때리고 싶어도 때릴 수도 없어 너무 바빠서\n1 : 결국 때리고 싶은 마음은 있구나? 폭력적이야 너 너무 ㅠ\n2 : 진짜 일하면서 폭력적으로 변해가\n1 : 아니야 너 원래 되게 폭력적이었어 친구야... 일자리가 널 변하게 했다고 하지 마\n2 : 무슨 소리야 난 진짜 평화주의자였다고\n1 : 무슨 소리야 학창 시절에 너한테 맞아서 생긴 멍이 안 지워졌으면 난 지금 흑인 됐을걸?\n2 : 야야 누가 들으면 오해 하겠다\n1 : 오해 아니야 사실이야... 너가 너의 삶을 오해하는 듯 일이 많이 힘든가 보구나?\n2 : 기억 왜곡이 너무 심각하게 되어 있는 걸? 일단 난 아니야",
        "lines": [
          {
            "id": 1,
            "text": "1 : 아 진짜 취업하기 전에 갔어야 하는데 너 이제 바쁘잖아 취업해서",
            "norm_text": "아 진짜 취업하기 전에 갔어야 하는데 너 이제 바쁘잖아 취업해서",
            "speaker": {
              "id": "1번",
              "sex": "여성",
              "age": "20대"
            },
            "speechAct": "(단언) 주장하기",
            "morpheme": "아/IC+진짜/MAG+취업/NNG+하/XSV+기/ETN+전/NNG+에/JKB+갔/VV+EP+어야/EC+하/VV+는데/EC+너/NP+이제/MAG+바쁘/VA+잖아/EC+취업/NNG+해서/XSV+EC"
          },
          {
            "id": 2,
            "text": "2 : 난 이제 망했어 퇴사하고 가야지...",
            "norm_text": "난 이제 망했어 퇴사하고 가야지...",
            "speaker": {
              "id": "2번",
              "sex": "여성",
              "age": "20대"
            },
            "speechAct": "(단언) 주장하기",
            "morpheme": "난/NP+JX+이제/MAG+망했/VV+EP+어/EC+퇴사/NNG+하/XSV+고/EC+가/VX+야지/EF+./SY"
          },
          {
            "id": 3,
            "text": "1 : 그게 혹시 언제쯤인데...? 가능은 해...?",
            "norm_text": "그게 혹시 언제쯤인데...? 가능은 해...?",
            "speaker": {
              "id": "1번",
              "sex": "여성",
              "age": "20대"
            },
            "speechAct": "(지시) 질문하기",
            "morpheme": "그게/NP+JKS+혹시/MAG+언제/NP+쯤/XSN+인데/VCP+EC+./SY+./SY+가능/NNG+은/JX+해/VV+EF+./SY+./SY"
          },
          {
            "id": 4,
            "text": "2 : 나 ㄹㅇ 1년만 하고 관둘 거야",
            "norm_text": "나 ㄹㅇ 1년만 하고 관둘 거야",
            "speaker": {
              "id": "2번",
              "sex": "여성",
              "age": "20대"
            },
            "speechAct": "(단언) 주장하기",
            "morpheme": "나/NP+ㄹ/JKB+ㅇ/UNKNOWN+1/SN+년/NNBC+만/JX+하/VV+고/EC+관/NNG+둘/VV+ETM+거/NNB+야/VCP+EF"
          },
          {
            "id": 5,
            "text": "1 : 1년 동안이나 널 써주신다디? 감사한데?",
            "norm_text": "1년 동안이나 널 써주신다디? 감사한데?",
            "speaker": {
              "id": "1번",
              "sex": "여성",
              "age": "20대"
            },
            "speechAct": "(지시) 질문하기",
            "morpheme": "1/SN+년/NNBC+동안/NNG+이나/JC+널/NP+JKO+써/VV+EC+주/VX+신다/EP+EF+VCP+디/EF+감사/NNG+한데/XSA+EF"
          },
          {
            "id": 6,
            "text": "2 : 아니; 미안한데 나간다 하면 붙잡아 고급 인력이라고",
            "norm_text": "아니; 미안한데 나간다 하면 붙잡아 고급 인력이라고",
            "speaker": {
              "id": "2번",
              "sex": "여성",
              "age": "20대"
            },
            "speechAct": "(단언) 주장하기",
            "morpheme": "아니/IC+;/SY+미안/NNG+한/XSA+ETM+데/NNB+나간다/VV+EC+하/VV+면/EC+붙잡/VV+아/EC+고급/NNG+인력/NNG+이/VCP+라고/EC"
          },
          {
            "id": 7,
            "text": "1 : 아니 그건 원장님 때리러 간다 해서 그런 거 아니야?",
            "norm_text": "아니 그건 원장님 때리러 간다 해서 그런 거 아니야?",
            "speaker": {
              "id": "1번",
              "sex": "여성",
              "age": "20대"
            },
            "speechAct": "(지시) 질문하기",
            "morpheme": "아니/IC+그건/NP+JX+원장/NNG+님/XSN+때리/VV+러/EC+간다/VX+EC+해서/VV+EC+그런/MM+거/NNB+아니/VCN+야/EF"
          },
          {
            "id": 8,
            "text": "2 : 야 진짜 뭔 소리야 때리고 싶어도 때릴 수도 없어 너무 바빠서",
            "norm_text": "야 진짜 뭔 소리야 때리고 싶어도 때릴 수도 없어 너무 바빠서",
            "speaker": {
              "id": "2번",
              "sex": "여성",
              "age": "20대"
            },
            "speechAct": "(단언) 주장하기",
            "morpheme": "야/IC+진짜/MAG+뭔/MM+소리/NNG+야/VCP+EF+때리/VV+고/EC+싶/VX+어도/EC+때릴/VV+ETM+수/NNB+도/JX+없/VA+어/EC+너무/MAG+바빠서/VA+EC"
          },
          {
            "id": 9,
            "text": "1 : 결국 때리고 싶은 마음은 있구나? 폭력적이야 너 너무 ㅠ",
            "norm_text": "결국 때리고 싶은 마음은 있구나? 폭력적이야 너 너무 ㅠ",
            "speaker": {
              "id": "1번",
              "sex": "여성",
              "age": "20대"
            },
            "speechAct": "(단언) 주장하기",
            "morpheme": "결국/NNG+때리/VV+고/EC+싶/VX+은/ETM+마음/NNG+은/JX+있/VA+구나/EF+폭력/NNG+적/XSN+이/VCP+야/EF+너/NP+너무/MAG+ㅠ/UNKNOWN"
          },
          {
            "id": 10,
            "text": "2 : 진짜 일하면서 폭력적으로 변해가",
            "norm_text": "진짜 일하면서 폭력적으로 변해가",
            "speaker": {
              "id": "2번",
              "sex": "여성",
              "age": "20대"
            },
            "speechAct": "(단언) 주장하기",
            "morpheme": "진짜/MAG+일/NNG+하/XSV+면서/EC+폭력/NNG+적/XSN+으로/JKB+변해/NNG+가/JKS"
          },
          {
            "id": 11,
            "text": "1 : 아니야 너 원래 되게 폭력적이었어 친구야... 일자리가 널 변하게 했다고 하지 마",
            "norm_text": "아니야 너 원래 되게 폭력적이었어 친구야... 일자리가 널 변하게 했다고 하지 마",
            "speaker": {
              "id": "1번",
              "sex": "여성",
              "age": "20대"
            },
            "speechAct": "(단언) 주장하기",
            "morpheme": "아니야/IC+너/NP+원래/MAG+되게/MAG+폭력/NNG+적/XSN+이/VCP+었/EP+어/EC+친구/NNG+야/VCP+EF+./SY+일자리/NNG+가/JKS+널/NP+JKO+변하/VV+게/EC+했/VX+EP+다고/EC+하/VV+지/EC+마/VX+EC"
          },
          {
            "id": 12,
            "text": "2 : 무슨 소리야 난 진짜 평화주의자였다고",
            "norm_text": "무슨 소리야 난 진짜 평화주의자였다고",
            "speaker": {
              "id": "2번",
              "sex": "여성",
              "age": "20대"
            },
            "speechAct": "(단언) 주장하기",
            "morpheme": "무슨/MM+소리/NNG+야/VCP+EF+난/NP+JX+진짜/MAG+평화주의/NNG+자/XSN+였/VCP+EP+다고/EC"
          },
          {
            "id": 13,
            "text": "1 : 무슨 소리야 학창 시절에 너한테 맞아서 생긴 멍이 안 지워졌으면 난 지금 흑인 됐을걸?",
            "norm_text": "무슨 소리야 학창 시절에 너한테 맞아서 생긴 멍이 안 지워졌으면 난 지금 흑인 됐을걸?",
            "speaker": {
              "id": "1번",
              "sex": "여성",
              "age": "20대"
            },
            "speechAct": "(단언) 주장하기",
            "morpheme": "무슨/MM+소리야/NNG+학창/NNG+시절/NNG+에/JKB+너/NP+한테/JKB+맞/VV+아서/EC+생긴/VV+ETM+멍/NNG+이/JKS+안/MAG+지워졌/VV+EC+VX+EP+으면/EC+난/NP+JX+지금/MAG+흑인/NNG+됐/XSV+EP+을걸/EF"
          },
          {
            "id": 14,
            "text": "2 : 야야 누가 들으면 오해 하겠다",
            "norm_text": "야야 누가 들으면 오해 하겠다",
            "speaker": {
              "id": "2번",
              "sex": "여성",
              "age": "20대"
            },
            "speechAct": "(단언) 주장하기",
            "morpheme": "야야/IC+누가/NP+JKS+들으면/VV+EC+오해/NNG+하/XSV+겠/EP+다/EC"
          },
          {
            "id": 15,
            "text": "1 : 오해 아니야 사실이야... 너가 너의 삶을 오해하는 듯 일이 많이 힘든가 보구나?",
            "norm_text": "오해 아니야 사실이야... 너가 너의 삶을 오해하는 듯 일이 많이 힘든가 보구나?",
            "speaker": {
              "id": "1번",
              "sex": "여성",
              "age": "20대"
            },
            "speechAct": "(단언) 주장하기",
            "morpheme": "오해/NNG+아니/VCN+야/EC+사실/NNG+이/VCP+야/EF+./SY+너/NP+가/JKS+너/NP+의/JKG+삶/NNG+을/JKO+오해/NNG+하/XSV+는/ETM+듯/NNB+일/NNG+이/JKS+많이/MAG+힘든가/VA+EC+보/VX+구나/EF"
          },
          {
            "id": 16,
            "text": "2 : 기억 왜곡이 너무 심각하게 되어 있는 걸? 일단 난 아니야",
            "norm_text": "기억 왜곡이 너무 심각하게 되어 있는 걸? 일단 난 아니야",
            "speaker": {
              "id": "2번",
              "sex": "여성",
              "age": "20대"
            },
            "speechAct": "(단언) 주장하기",
            "morpheme": "기억/NNG+왜곡/NNG+이/JKS+너무/MAG+심각/XR+하/XSA+게/EC+되/VV+어/EC+있/VX+는걸/EF+일단/MAG+난/NP+JX+아니/VCN+야/EC"
          }
        ]
      }
    }
  ]
}