{
  "dataset": {
    "identifier": 63319,
    "name": "KAKAO_916_19_set",
    "src_path": "/data/file/cubeManager/PROJECT001/53/txt20211005155003051950/KAKAO_916_19_set/",
    "label_path": "/data/file/cubeManager/PROJECT001/53/txt20211005155003051950/KAKAO_916_19_set/",
    "category": 2,
    "type": 0
  },
  "licenses": {
    "name": "Apache License 1.0",
    "url": "http://www.apache.org/licenses/LICENSE-1.0"
  },
  "info": [
    {
      "id": 41816,
      "filename": "KAKAO_916_19.txt",
      "title": "KAKAO_916_19",
      "mediatype": "SNS",
      "medianame": "카카오톡",
      "category": "일상대화",
      "date": "2021-10-05",
      "size": 343,
      "annotations": {
        "subject": "방송/연예",
        "speaker_type": "1:1",
        "size": 343,
        "word_size": 119,
        "text": "1 : TV 프로그램 재밌는 거 있나?\n2 : 많치 키키 너무 많아서 뭘 말해줘야 할지\n1 : 키키 TV 자주 보나?\n2 : 퇴근하고 맨날 티비만 본다 키키\n1 : 키키 폰으로는 잘 안 봐?\n2 : 티비도 보고 있고 폰으로 보고 키키 동시에 가능한 남자다\n1 : 키키 폰으로는 어떤 걸로 봐?\n2 : 티빙으로 많이 본다 키키\n1 : 티빙에 뭐 많이 나오나?\n2 : 티빙에 생각보다 드라마 많타 키키\n1 : 아 진짜? 영화는 별로 없고?\n2 : 영화도 있다 근데 나는 드라마만 봐서 키키\n1 : 드라마 어떤 거 봐? 키키\n2 : 갯마을 차차차 보고 있다 키키 새로운 거\n1 : 어 그거 신민아 나오는 거 아니야?\n2 : 맞다 니도 봤나 보네?",
        "lines": [
          {
            "id": 1,
            "text": "1 : TV 프로그램 재밌는 거 있나?",
            "norm_text": "TV 프로그램 재밌는 거 있나?",
            "speaker": {
              "id": "1번",
              "sex": "여성",
              "age": "20대"
            },
            "speechAct": "(지시) 질문하기",
            "morpheme": "TV/SL+프로그램/NNG+재밌/VA+는/ETM+거/NNB+있/VA+나/EF"
          },
          {
            "id": 2,
            "text": "2 : 많치 키키 너무 많아서 뭘 말해줘야 할지",
            "norm_text": "많치 키키 너무 많아서 뭘 말해줘야 할지",
            "speaker": {
              "id": "2번",
              "sex": "남성",
              "age": "20대"
            },
            "speechAct": "(단언) 진술하기",
            "morpheme": "많/VA+치/XSN+키/NNG+키/NNG+너무/MAG+많/VA+아서/EC+뭘/NP+JKO+말/NNG+해/XSV+EC+줘야/VX+EC+할지/VX+EC"
          },
          {
            "id": 3,
            "text": "1 : 키키 TV 자주 보나?",
            "norm_text": "키키 TV 자주 보나?",
            "speaker": {
              "id": "1번",
              "sex": "여성",
              "age": "20대"
            },
            "speechAct": "(지시) 질문하기",
            "morpheme": "키/NNG+키/XSV+ETN+TV/SL+자주/MAG+보/VV+나/EF"
          },
          {
            "id": 4,
            "text": "2 : 퇴근하고 맨날 티비만 본다 키키",
            "norm_text": "퇴근하고 맨날 티비만 본다 키키",
            "speaker": {
              "id": "2번",
              "sex": "남성",
              "age": "20대"
            },
            "speechAct": "(단언) 진술하기",
            "morpheme": "퇴근/NNG+하/XSV+고/EC+맨날/MAG+티비/NNG+만/JX+본/VV+ETM+다키키/NNP"
          },
          {
            "id": 5,
            "text": "1 : 키키 폰으로는 잘 안 봐?",
            "norm_text": "키키 폰으로는 잘 안 봐?",
            "speaker": {
              "id": "1번",
              "sex": "여성",
              "age": "20대"
            },
            "speechAct": "(지시) 질문하기",
            "morpheme": "키/NNG+키/NNG+폰/NNG+으로/JKB+는/JX+잘/MAG+안/MAG+봐/VV+EF"
          },
          {
            "id": 6,
            "text": "2 : 티비도 보고 있고 폰으로 보고 키키 동시에 가능한 남자다",
            "norm_text": "티비도 보고 있고 폰으로 보고 키키 동시에 가능한 남자다",
            "speaker": {
              "id": "2번",
              "sex": "남성",
              "age": "20대"
            },
            "speechAct": "(단언) 진술하기",
            "morpheme": "티비/NNG+도/JX+보/VV+고/EC+있/VX+고/EC+폰/NNG+으로/JKB+보/VV+고/EC+키/NNG+키/NNG+동시/NNG+에/JKB+가능/NNG+한/XSA+ETM+남자/NNG+다/VCP+EC"
          },
          {
            "id": 7,
            "text": "1 : 키키 폰으로는 어떤 걸로 봐?",
            "norm_text": "키키 폰으로는 어떤 걸로 봐?",
            "speaker": {
              "id": "1번",
              "sex": "여성",
              "age": "20대"
            },
            "speechAct": "(지시) 질문하기",
            "morpheme": "키/NNG+키/NNG+폰/NNG+으로/JKB+는/JX+어떤/MM+걸로/NNB+JKB+봐/VV+EF"
          },
          {
            "id": 8,
            "text": "2 : 티빙으로 많이 본다 키키",
            "norm_text": "티빙으로 많이 본다 키키",
            "speaker": {
              "id": "2번",
              "sex": "남성",
              "age": "20대"
            },
            "speechAct": "(단언) 진술하기",
            "morpheme": "티빙/NNP+으로/JKB+많이/MAG+본/VV+ETM+다키키/NNP"
          },
          {
            "id": 9,
            "text": "1 : 티빙에 뭐 많이 나오나?",
            "norm_text": "티빙에 뭐 많이 나오나?",
            "speaker": {
              "id": "1번",
              "sex": "여성",
              "age": "20대"
            },
            "speechAct": "(지시) 질문하기",
            "morpheme": "티빙/NNP+에/JKB+뭐/IC+많이/MAG+나오/VV+나/EF"
          },
          {
            "id": 10,
            "text": "2 : 티빙에 생각보다 드라마 많타 키키",
            "norm_text": "티빙에 생각보다 드라마 많타 키키",
            "speaker": {
              "id": "2번",
              "sex": "남성",
              "age": "20대"
            },
            "speechAct": "(단언) 진술하기",
            "morpheme": "티빙/NNP+에/JKB+생각/NNG+보다/JKB+드라마/NNG+많/VA+타키/NNP+키/NNG"
          },
          {
            "id": 11,
            "text": "1 : 아 진짜? 영화는 별로 없고?",
            "norm_text": "아 진짜? 영화는 별로 없고?",
            "speaker": {
              "id": "1번",
              "sex": "여성",
              "age": "20대"
            },
            "speechAct": "(지시) 질문하기",
            "morpheme": "아/IC+진짜/MAG+영화/NNG+는/JX+별로/MAG+없/VA+고/EC"
          },
          {
            "id": 12,
            "text": "2 : 영화도 있다 근데 나는 드라마만 봐서 키키",
            "norm_text": "영화도 있다 근데 나는 드라마만 봐서 키키",
            "speaker": {
              "id": "2번",
              "sex": "남성",
              "age": "20대"
            },
            "speechAct": "(단언) 진술하기",
            "morpheme": "영화/NNG+도/JX+있/VA+다/EF+근데/MAJ+나/NP+는/JX+드라마/NNG+만/JX+봐서/VV+EC+키/NNG+키/XSV+ETN"
          },
          {
            "id": 13,
            "text": "1 : 드라마 어떤 거 봐? 키키",
            "norm_text": "드라마 어떤 거 봐? 키키",
            "speaker": {
              "id": "1번",
              "sex": "여성",
              "age": "20대"
            },
            "speechAct": "(지시) 질문하기",
            "morpheme": "드라마/NNG+어떤/MM+거/NNB+봐/VV+EF+키/NNG+키/XSV+ETN"
          },
          {
            "id": 14,
            "text": "2 : 갯마을 차차차 보고 있다 키키 새로운 거",
            "norm_text": "갯마을 차차차 보고 있다 키키 새로운 거",
            "speaker": {
              "id": "2번",
              "sex": "남성",
              "age": "20대"
            },
            "speechAct": "(단언) 진술하기",
            "morpheme": "갯마을/NNG+차차차/MAG+보/VV+고/EC+있/VX+다/EC+키/NNG+키/XSV+ETN+새로운/VA+ETM+거/NNB"
          },
          {
            "id": 15,
            "text": "1 : 어 그거 신민아 나오는 거 아니야?",
            "norm_text": "어 그거 신민아 나오는 거 아니야?",
            "speaker": {
              "id": "1번",
              "sex": "여성",
              "age": "20대"
            },
            "speechAct": "(지시) 질문하기",
            "morpheme": "어/IC+그거/NP+신민아/NNP+나오/VV+는/ETM+거/NNB+아니/VCN+야/EF"
          },
          {
            "id": 16,
            "text": "2 : 맞다 니도 봤나 보네?",
            "norm_text": "맞다 니도 봤나 보네?",
            "speaker": {
              "id": "2번",
              "sex": "남성",
              "age": "20대"
            },
            "speechAct": "(지시) 질문하기",
            "morpheme": "맞/VV+다니/EC+도/JX+봤/VV+EP+나/EC+보/VX+네/EF"
          }
        ]
      }
    }
  ]
}