{
  "dataset": {
    "identifier": 61380,
    "name": "KAKAO_922_13_set",
    "src_path": "/data/file/cubeManager/PROJECT001/53/txt20211005154147068754/KAKAO_922_13_set/",
    "label_path": "/data/file/cubeManager/PROJECT001/53/txt20211005154147068754/KAKAO_922_13_set/",
    "category": 2,
    "type": 0
  },
  "licenses": {
    "name": "Apache License 1.0",
    "url": "http://www.apache.org/licenses/LICENSE-1.0"
  },
  "info": [
    {
      "id": 41650,
      "filename": "KAKAO_922_13.txt",
      "title": "KAKAO_922_13",
      "mediatype": "SNS",
      "medianame": "카카오톡",
      "category": "일상대화",
      "date": "2021-10-05",
      "size": 515,
      "annotations": {
        "subject": "계절/날씨",
        "speaker_type": "1:1",
        "size": 515,
        "word_size": 170,
        "text": "1 : 너는 어느 계절이 제일 좋아 키키\n2 : 나는 가을이 젤 좋고 그 담이 봄!\n1 : 오 키키 너도 덥고 추운 건 싫어 하나 보네 키키\n2 : 어 완전 싫다... 키키 그리고 옷도 안 이뻐\n1 : 키키 하긴... 키키 여름 옷은 너무 얇아서 불편...\n2 : 응 키키 그리고 완전 날씬하지 않으면 옷 맵시도 ㅠㅠ\n1 : 나 이번 여름에 짧게 입어서 완전 모기밥 됐어\n2 : 나는 짧게도 안 입었는데 왜 모기 천국이지? 키키\n1 : 키키 그리고 공원으로 산책 많이 가니까... 팔이 끝장났다\n2 : 아 그건 인정... 다리가 진짜 부끄러울 정도 ㅠㅠ\n1 : 내 친구가 내 팔 보고 너 싸우고 다니냐던데 키키\n2 : 키키 나도 다리 다 긁히고 멍들고 모기 물리고... 싸움꾼이야 완전\n1 : 맞재... 키키 모기 난 잘 안 물리는 체질인 줄 알았는데\n2 : 모기 퇴치 스프레이 같은 거 뿌리고 다니는 것도 좋더라고!\n1 : 오 그래 그거 뿌리니까 확실히 공원가서 괜찮음\n2 : 어어 키키 뿌릴 때 약간 기분이 안 좋긴 하지만 안 물리는 게 어디공",
        "lines": [
          {
            "id": 1,
            "text": "1 : 너는 어느 계절이 제일 좋아 키키",
            "norm_text": "너는 어느 계절이 제일 좋아 키키",
            "speaker": {
              "id": "1번",
              "sex": "여성",
              "age": "30대"
            },
            "speechAct": "(지시) 질문하기",
            "morpheme": "너/NP+는/JX+어느/MM+계절/NNG+이/JKS+제일/MAG+좋/VA+아/EC+키/NNG+키/XSV+ETN"
          },
          {
            "id": 2,
            "text": "2 : 나는 가을이 젤 좋고 그 담이 봄!",
            "norm_text": "나는 가을이 젤 좋고 그 담이 봄!",
            "speaker": {
              "id": "2번",
              "sex": "여성",
              "age": "30대"
            },
            "speechAct": "(단언) 주장하기",
            "morpheme": "나/NP+는/JX+가을/NNG+이/JKS+젤/MAG+좋/VA+고/EC+그/MM+담/NNG+이/JKS+봄/NNG"
          },
          {
            "id": 3,
            "text": "1 : 오 키키 너도 덥고 추운 건 싫어 하나 보네 키키",
            "norm_text": "오 키키 너도 덥고 추운 건 싫어 하나 보네 키키",
            "speaker": {
              "id": "1번",
              "sex": "여성",
              "age": "30대"
            },
            "speechAct": "(단언) 주장하기",
            "morpheme": "오키/NNP+키너/NNP+도/JX+덥/VA+고/EC+추운/VA+ETM+건/NNB+JX+싫/VA+어/EC+하나/NR+보네/NNG+키/NNG+키/XSV+ETN"
          },
          {
            "id": 4,
            "text": "2 : 어 완전 싫다... 키키 그리고 옷도 안 이뻐",
            "norm_text": "어 완전 싫다... 키키 그리고 옷도 안 이뻐",
            "speaker": {
              "id": "2번",
              "sex": "여성",
              "age": "30대"
            },
            "speechAct": "(단언) 주장하기",
            "morpheme": "어/IC+완전/MAG+싫/VA+다/EF+./SY+키/NNG+키/XSV+ETN+그리고/MAJ+옷/NNG+도/JX+안/MAG+이뻐/VA+EC"
          },
          {
            "id": 5,
            "text": "1 : 키키 하긴... 키키 여름 옷은 너무 얇아서 불편...",
            "norm_text": "키키 하긴... 키키 여름 옷은 너무 얇아서 불편...",
            "speaker": {
              "id": "1번",
              "sex": "여성",
              "age": "30대"
            },
            "speechAct": "(단언) 주장하기",
            "morpheme": "키/NNG+키/NNG+하/XSV+긴/ETN+JX+./SY+키/NNG+키/NNG+여름옷/NNG+은/JX+너무/MAG+얇/VA+아서/EC+불편/NNG+./SY+./SY"
          },
          {
            "id": 6,
            "text": "2 : 응 키키 그리고 완전 날씬하지 않으면 옷 맵시도 ㅠㅠ",
            "norm_text": "응 키키 그리고 완전 날씬하지 않으면 옷 맵시도 ㅠㅠ",
            "speaker": {
              "id": "2번",
              "sex": "여성",
              "age": "30대"
            },
            "speechAct": "(단언) 주장하기",
            "morpheme": "응/IC+키/NNG+키/XSV+ETN+그리고/MAJ+완전/MAG+날씬/XR+하/XSA+지/EC+않/VX+으면/EC+옷맵시/NNG+도/JX+ㅠㅠ/UNKNOWN"
          },
          {
            "id": 7,
            "text": "1 : 나 이번 여름에 짧게 입어서 완전 모기밥 됐어",
            "norm_text": "나 이번 여름에 짧게 입어서 완전 모기밥 됐어",
            "speaker": {
              "id": "1번",
              "sex": "여성",
              "age": "30대"
            },
            "speechAct": "(단언) 진술하기",
            "morpheme": "나/NP+이번/NNG+여름/NNG+에/JKB+짧/VA+게/EC+입/VV+어서/EC+완전/NNG+모기/NNG+밥/NNG+됐/XSV+EP+어/EC"
          },
          {
            "id": 8,
            "text": "2 : 나는 짧게도 안 입었는데 왜 모기 천국이지? 키키",
            "norm_text": "나는 짧게도 안 입었는데 왜 모기 천국이지? 키키",
            "speaker": {
              "id": "2번",
              "sex": "여성",
              "age": "30대"
            },
            "speechAct": "(단언) 진술하기",
            "morpheme": "나/NP+는/JX+짧/VA+게/EC+도/JX+안/MAG+입/VV+었/EP+는데/EC+왜/MAG+모기/NNG+천국/NNG+이/VCP+지/EF+키/NNG+키/XSV+ETN"
          },
          {
            "id": 9,
            "text": "1 : 키키 그리고 공원으로 산책 많이 가니까... 팔이 끝장났다",
            "norm_text": "키키 그리고 공원으로 산책 많이 가니까... 팔이 끝장났다",
            "speaker": {
              "id": "1번",
              "sex": "여성",
              "age": "30대"
            },
            "speechAct": "(단언) 진술하기",
            "morpheme": "키/NNG+키/XSV+ETN+그리고/MAJ+공원/NNG+으로/JKB+산책/NNG+많이/MAG+가/VV+니까/EC+./SY+./SY+팔/NNG+이/JKS+끝장났/VV+EP+다/EC"
          },
          {
            "id": 10,
            "text": "2 : 아 그건 인정... 다리가 진짜 부끄러울 정도 ㅠㅠ",
            "norm_text": "아 그건 인정... 다리가 진짜 부끄러울 정도 ㅠㅠ",
            "speaker": {
              "id": "2번",
              "sex": "여성",
              "age": "30대"
            },
            "speechAct": "(단언) 주장하기",
            "morpheme": "아/IC+그건/NP+JX+인정/NNG+./SY+./SY+다리가진짜부끄러울정도ㅠㅠ/UNKNOWN"
          },
          {
            "id": 11,
            "text": "1 : 내 친구가 내 팔 보고 너 싸우고 다니냐던데 키키",
            "norm_text": "내 친구가 내 팔 보고 너 싸우고 다니냐던데 키키",
            "speaker": {
              "id": "1번",
              "sex": "여성",
              "age": "30대"
            },
            "speechAct": "(단언) 진술하기",
            "morpheme": "내/NP+JKG+친구/NNG+가/JKS+내/NP+JKG+팔/NNG+보/VV+고/EC+너/NP+싸우/VV+고/EC+다니/VV+냐/EC+던데/VV+EC+키/NNG+키/XSV+ETN"
          },
          {
            "id": 12,
            "text": "2 : 키키 나도 다리 다 긁히고 멍들고 모기 물리고... 싸움꾼이야 완전",
            "norm_text": "키키 나도 다리 다 긁히고 멍들고 모기 물리고... 싸움꾼이야 완전",
            "speaker": {
              "id": "2번",
              "sex": "여성",
              "age": "30대"
            },
            "speechAct": "(단언) 진술하기",
            "morpheme": "키키나도다리다긁히고멍들고모기물리고/UNKNOWN+./SY+싸움/NNG+꾼/XSN+이/VCP+야/EC+완전/NNG"
          },
          {
            "id": 13,
            "text": "1 : 맞재... 키키 모기 난 잘 안 물리는 체질인 줄 알았는데",
            "norm_text": "맞재... 키키 모기 난 잘 안 물리는 체질인 줄 알았는데",
            "speaker": {
              "id": "1번",
              "sex": "여성",
              "age": "30대"
            },
            "speechAct": "(단언) 주장하기",
            "morpheme": "맞/VV+재/EF+./SY+키키모기난잘안물리는체질인줄알았는데/UNKNOWN"
          },
          {
            "id": 14,
            "text": "2 : 모기 퇴치 스프레이 같은 거 뿌리고 다니는 것도 좋더라고!",
            "norm_text": "모기 퇴치 스프레이 같은 거 뿌리고 다니는 것도 좋더라고!",
            "speaker": {
              "id": "2번",
              "sex": "여성",
              "age": "30대"
            },
            "speechAct": "(단언) 주장하기",
            "morpheme": "모기/NNG+퇴치/NNG+스프레이/NNG+같/VA+은/ETM+거/NNB+뿌리/VV+고/EC+다니/VV+는/ETM+것/NNB+도/JX+좋/VA+더라고/EF"
          },
          {
            "id": 15,
            "text": "1 : 오 그래 그거 뿌리니까 확실히 공원가서 괜찮음",
            "norm_text": "오 그래 그거 뿌리니까 확실히 공원가서 괜찮음",
            "speaker": {
              "id": "1번",
              "sex": "여성",
              "age": "30대"
            },
            "speechAct": "(단언) 주장하기",
            "morpheme": "오/IC+그래/IC+그거/NP+뿌리/VV+니까/EC+확실히/MAG+공원/NNG+가/VV+서/EC+괜찮/VA+음/ETN"
          },
          {
            "id": 16,
            "text": "2 : 어어 키키 뿌릴 때 약간 기분이 안 좋긴 하지만 안 물리는 게 어디공",
            "norm_text": "어어 키키 뿌릴 때 약간 기분이 안 좋긴 하지만 안 물리는 게 어디공",
            "speaker": {
              "id": "2번",
              "sex": "여성",
              "age": "30대"
            },
            "speechAct": "(단언) 주장하기",
            "morpheme": "어/IC+어/IC+키/NNG+키/XSV+ETN+뿌릴/VV+ETM+때/NNG+약간/MAG+기분/NNG+이/JKS+안/MAG+좋/VA+긴/ETN+JX+하/VX+지만/EC+안/MAG+물리/VV+는/ETM+게/NNB+JKS+어디/NP+공/NNG"
          }
        ]
      }
    }
  ]
}