{
  "dataset": {
    "identifier": 72822,
    "name": "KAKAO_905_17_set",
    "src_path": "/data/file/cubeManager/PROJECT001/53/txt20211005152852002154/KAKAO_905_17_set/",
    "label_path": "/data/file/cubeManager/PROJECT001/53/txt20211005152852002154/KAKAO_905_17_set/",
    "category": 2,
    "type": 0
  },
  "licenses": {
    "name": "Apache License 1.0",
    "url": "http://www.apache.org/licenses/LICENSE-1.0"
  },
  "info": [
    {
      "id": 41354,
      "filename": "KAKAO_905_17.txt",
      "title": "KAKAO_905_17",
      "mediatype": "SNS",
      "medianame": "카카오톡",
      "category": "일상대화",
      "date": "2021-10-05",
      "size": 322,
      "annotations": {
        "subject": "건강",
        "speaker_type": "1:1",
        "size": 322,
        "word_size": 113,
        "text": "1 : 나 건강 검진 가야 하는데...\n2 : 언젠데? 같이 가줄까\n1 : 졸 귀찮아서 아직도 안 갔음...\n2 : 가긴 해야 되는데 건강해잊\n1 : 이번 년도까지 해야 하는 거얌!\n2 : 천천히 한번 가봐 하하\n1 : 한 11월 - 12월에 갈라궁... 하하\n2 : 구래 같이 가 줄께 그때\n1 : 응응 근데 너 회사 때문에 ㅠ\n2 : 요새 걷고 해서 괜찮을 듯\n1 : 같이 안 가줘도 괜찮아 키키\n2 : 회사야 뭐 ㅓ 잠깐 나옴 되지\n1 : 엉 나 여태 피검사에서 이상한 거 나온 적 없어\n2 : 마쟈 그리고 넌 날씬이니까\n1 : 내시경도 할라나? 그게 무서운뎅\n2 : 내시경은 한 번도 안 해봤는뎋",
        "lines": [
          {
            "id": 1,
            "text": "1 : 나 건강 검진 가야 하는데...",
            "norm_text": "나 건강 검진 가야 하는데...",
            "speaker": {
              "id": "1번",
              "sex": "여성",
              "age": "30대"
            },
            "speechAct": "(단언) 주장하기",
            "morpheme": "나/NP+건강/NNG+검진/NNG+가/VV+야/EC+하/VV+는데/EC+./SY+./SY"
          },
          {
            "id": 2,
            "text": "2 : 언젠데? 같이 가줄까",
            "norm_text": "언젠데? 같이 가줄까",
            "speaker": {
              "id": "2번",
              "sex": "남성",
              "age": "30대"
            },
            "speechAct": "(지시) 질문하기",
            "morpheme": "언젠데/NP+VCP+EF+같이/MAG+가/VV+줄까/EC+VX+EC"
          },
          {
            "id": 3,
            "text": "1 : 졸 귀찮아서 아직도 안 갔음...",
            "norm_text": "졸 귀찮아서 아직도 안 갔음...",
            "speaker": {
              "id": "1번",
              "sex": "여성",
              "age": "30대"
            },
            "speechAct": "(단언) 진술하기",
            "morpheme": "졸/VA+ETM+귀찮/VA+아서/EC+아직/MAG+도/JX+안/MAG+갔/VV+EP+음/ETN+./SY"
          },
          {
            "id": 4,
            "text": "2 : 가긴 해야 되는데 건강해잊",
            "norm_text": "가긴 해야 되는데 건강해잊",
            "speaker": {
              "id": "2번",
              "sex": "남성",
              "age": "30대"
            },
            "speechAct": "(단언) 주장하기",
            "morpheme": "가/VV+긴/ETN+JX+해야/VX+EC+되/VV+는데/EC+건강/NNG+해/XSV+EC+잊/VV"
          },
          {
            "id": 5,
            "text": "1 : 이번 년도까지 해야 하는 거얌!",
            "norm_text": "이번 년도까지 해야 하는 거얌!",
            "speaker": {
              "id": "1번",
              "sex": "여성",
              "age": "30대"
            },
            "speechAct": "(단언) 진술하기",
            "morpheme": "이번/NNG+년/XSN+도/JX+까지/JX+해야/VV+EC+하/VV+는/ETM+거/NNB+얌/NNP"
          },
          {
            "id": 6,
            "text": "2 : 천천히 한번 가봐 하하",
            "norm_text": "천천히 한번 가봐 하하",
            "speaker": {
              "id": "2번",
              "sex": "남성",
              "age": "30대"
            },
            "speechAct": "(지시) 충고/제안하기",
            "morpheme": "천천히/MAG+한/MM+번/NNBC+가/JKS+봐/VV+EC+하하/MAG"
          },
          {
            "id": 7,
            "text": "1 : 한 11월 - 12월에 갈라궁... 하하",
            "norm_text": "한 11월 - 12월에 갈라궁... 하하",
            "speaker": {
              "id": "1번",
              "sex": "여성",
              "age": "30대"
            },
            "speechAct": "(단언) 진술하기",
            "morpheme": "한/MM+11/SN+월/NNBC+-/SY+12/SN+월/NNBC+에/JKB+갈라/VV+EC+궁/NNG+./SY+./SY+하하/MAG"
          },
          {
            "id": 8,
            "text": "2 : 구래 같이 가 줄께 그때",
            "norm_text": "구래 같이 가 줄께 그때",
            "speaker": {
              "id": "2번",
              "sex": "남성",
              "age": "30대"
            },
            "speechAct": "(언약) 약속하기(제3자와)/(개인적 수준)",
            "morpheme": "구래/NNG+같이/JKB+가/VV+EC+줄께/VX+EC+그때/NNG"
          },
          {
            "id": 9,
            "text": "1 : 응응 근데 너 회사 때문에 ㅠ",
            "norm_text": "응응 근데 너 회사 때문에 ㅠ",
            "speaker": {
              "id": "1번",
              "sex": "여성",
              "age": "30대"
            },
            "speechAct": "(단언) 진술하기",
            "morpheme": "응/IC+응/IC+근데/MAJ+너/NP+회사/NNG+때문/NNB+에/JKB+ㅠ/UNKNOWN"
          },
          {
            "id": 10,
            "text": "2 : 요새 걷고 해서 괜찮을 듯",
            "norm_text": "요새 걷고 해서 괜찮을 듯",
            "speaker": {
              "id": "2번",
              "sex": "남성",
              "age": "30대"
            },
            "speechAct": "(단언) 진술하기",
            "morpheme": "요새/MAG+걷/VV+고/EC+해서/VV+EC+괜찮/VA+을/ETM+듯/NNB"
          },
          {
            "id": 11,
            "text": "1 : 같이 안 가줘도 괜찮아 키키",
            "norm_text": "같이 안 가줘도 괜찮아 키키",
            "speaker": {
              "id": "1번",
              "sex": "여성",
              "age": "30대"
            },
            "speechAct": "(단언) 주장하기",
            "morpheme": "같이/MAG+안/MAG+가/VV+줘/EC+VV+EC+도/JX+괜찮/VA+아/EC+키/NNG+키/XSV+ETN"
          },
          {
            "id": 12,
            "text": "2 : 회사야 뭐 ㅓ 잠깐 나옴 되지",
            "norm_text": "회사야 뭐 ㅓ 잠깐 나옴 되지",
            "speaker": {
              "id": "2번",
              "sex": "남성",
              "age": "30대"
            },
            "speechAct": "(단언) 주장하기",
            "morpheme": "회사/NNG+야/VCP+EF+뭐ㅓ/UNKNOWN+잠깐/MAG+나옴/VV+EC+되/VV+지/EC"
          },
          {
            "id": 13,
            "text": "1 : 엉 나 여태 피검사에서 이상한 거 나온 적 없어",
            "norm_text": "엉 나 여태 피검사에서 이상한 거 나온 적 없어",
            "speaker": {
              "id": "1번",
              "sex": "여성",
              "age": "30대"
            },
            "speechAct": "(단언) 진술하기",
            "morpheme": "엉/IC+나/NP+여태/MAG+피/XPN+검사/NNG+에서/JKB+이상/NNG+한/XSA+ETM+거/NNB+나온/VV+ETM+적/NNB+없/VA+어/EC"
          },
          {
            "id": 14,
            "text": "2 : 마쟈 그리고 넌 날씬이니까",
            "norm_text": "마쟈 그리고 넌 날씬이니까",
            "speaker": {
              "id": "2번",
              "sex": "남성",
              "age": "30대"
            },
            "speechAct": "(단언) 진술하기",
            "morpheme": "마/VV+쟈/EC+그리고/MAJ+넌/NP+JX+날씬/XR+이/VCP+니까/EC"
          },
          {
            "id": 15,
            "text": "1 : 내시경도 할라나? 그게 무서운뎅",
            "norm_text": "내시경도 할라나? 그게 무서운뎅",
            "speaker": {
              "id": "1번",
              "sex": "여성",
              "age": "30대"
            },
            "speechAct": "(지시) 질문하기",
            "morpheme": "내시경/NNG+도/JX+할라/VV+EC+나/VX+EF+그게/NP+JKS+무서운/VA+ETM+뎅/NNP"
          },
          {
            "id": 16,
            "text": "2 : 내시경은 한 번도 안 해봤는뎋",
            "norm_text": "내시경은 한 번도 안 해봤는뎋",
            "speaker": {
              "id": "2번",
              "sex": "남성",
              "age": "30대"
            },
            "speechAct": "(단언) 진술하기",
            "morpheme": "내시경/NNG+은/JX+한/MM+번/NNBC+도/JX+안/MAG+해/VV+EC+봤/VX+EP+는뎋/UNKNOWN"
          }
        ]
      }
    }
  ]
}