{
  "dataset": {
    "identifier": 63164,
    "name": "KAKAO_917_04_set",
    "src_path": "/data/file/cubeManager/PROJECT001/53/txt20211005154939014428/KAKAO_917_04_set/",
    "label_path": "/data/file/cubeManager/PROJECT001/53/txt20211005154939014428/KAKAO_917_04_set/",
    "category": 2,
    "type": 0
  },
  "licenses": {
    "name": "Apache License 1.0",
    "url": "http://www.apache.org/licenses/LICENSE-1.0"
  },
  "info": [
    {
      "id": 41761,
      "filename": "KAKAO_917_04.txt",
      "title": "KAKAO_917_04",
      "mediatype": "SNS",
      "medianame": "카카오톡",
      "category": "일상대화",
      "date": "2021-10-05",
      "size": 413,
      "annotations": {
        "subject": "회사/아르바이트",
        "speaker_type": "1:1",
        "size": 413,
        "word_size": 135,
        "text": "1 : 니는 지금 다니고 있는 곳 대기업이제?\n2 : 어 키키 대기업 계열사지\n1 : 오 키키 좋은 곳 취직했네\n1 : 일은 할만하나?\n2 : 어 키키 그냥 반복적이다\n1 : 키키 반복적이어도 돈 많이 주면 해야지\n2 : 키키 글치 돈 벌려면 해야지 어쩔 수 있겠나\n1 : 키키 맞다 진짜 찐부자 아니고서는 다들 돈의 노예다\n2 : 키키 맞다 노예처럼 그냥 일만 해야 된다\n1 : 키키 사업해서 내가 돈 주는 입장이 돼보고 싶다\n2 : 키키 돈 많이 벌어서 사업하면 되지\n1 : 키키 근데 사업은 진짜 잘해야 성공하고 거의 망한 케이스 많이 봤당\n2 : 키키 맞다 내 친구도 사업했다가 망했다\n1 : 키키 무슨 사업했었는데?\n2 : 쇼핑몰 했었는데 망함\n1 : 키키 근데 쇼핑몰은 너무 많아서... 성공하기가 힘들다 ㅠㅠ\n2 : 맞다 광고비 같은 것도 많이 든다카더라",
        "lines": [
          {
            "id": 1,
            "text": "1 : 니는 지금 다니고 있는 곳 대기업이제?",
            "norm_text": "니는 지금 다니고 있는 곳 대기업이제?",
            "speaker": {
              "id": "1번",
              "sex": "여성",
              "age": "20대"
            },
            "speechAct": "(지시) 질문하기",
            "morpheme": "니/NP+는/JX+지금/MAG+다니/VV+고/EC+있/VX+는/ETM+곳대/NNG+기업/NNG+이제/MAG"
          },
          {
            "id": 2,
            "text": "2 : 어 키키 대기업 계열사지",
            "norm_text": "어 키키 대기업 계열사지",
            "speaker": {
              "id": "2번",
              "sex": "남성",
              "age": "30대"
            },
            "speechAct": "(단언) 진술하기",
            "morpheme": "어/IC+키/NNG+키대/NNG+기업/NNG+계열/NNG+사지/NNG"
          },
          {
            "id": 3,
            "text": "1 : 오 키키 좋은 곳 취직했네",
            "norm_text": "오 키키 좋은 곳 취직했네",
            "speaker": {
              "id": "1번",
              "sex": "여성",
              "age": "20대"
            },
            "speechAct": "(단언) 주장하기",
            "morpheme": "오키/NNP+키/NNG+좋/VA+은/ETM+곳/NNG+취직/NNG+했/XSV+EP+네/EF"
          },
          {
            "id": 4,
            "text": "1 : 일은 할만하나?",
            "norm_text": "일은 할만하나?",
            "speaker": {
              "id": "1번",
              "sex": "여성",
              "age": "20대"
            },
            "speechAct": "(지시) 질문하기",
            "morpheme": "일/NNG+은/JX+할/VV+ETM+만/NNB+하/XSA+나/EF"
          },
          {
            "id": 5,
            "text": "2 : 어 키키 그냥 반복적이다",
            "norm_text": "어 키키 그냥 반복적이다",
            "speaker": {
              "id": "2번",
              "sex": "남성",
              "age": "30대"
            },
            "speechAct": "(단언) 진술하기",
            "morpheme": "어/IC+키/NNG+키/NNG+그냥/MAG+반복/NNG+적/XSN+이/VCP+다/EC"
          },
          {
            "id": 6,
            "text": "1 : 키키 반복적이어도 돈 많이 주면 해야지",
            "norm_text": "키키 반복적이어도 돈 많이 주면 해야지",
            "speaker": {
              "id": "1번",
              "sex": "여성",
              "age": "20대"
            },
            "speechAct": "(단언) 진술하기",
            "morpheme": "키/NNG+키/NNG+반복/NNG+적/XSN+이/VCP+어도/EC+돈/NNG+많이/MAG+주/VV+면/EC+해야지/VX+EC"
          },
          {
            "id": 7,
            "text": "2 : 키키 글치 돈 벌려면 해야지 어쩔 수 있겠나",
            "norm_text": "키키 글치 돈 벌려면 해야지 어쩔 수 있겠나",
            "speaker": {
              "id": "2번",
              "sex": "남성",
              "age": "30대"
            },
            "speechAct": "(단언) 진술하기",
            "morpheme": "키/NNG+키/NNG+글/NNG+치/XSN+돈/NNG+벌/VV+려면/EC+해야지/VX+EC+어쩔/VV+ETM+수/NNB+있/VV+겠/EP+나/EC"
          },
          {
            "id": 8,
            "text": "1 : 키키 맞다 진짜 찐부자 아니고서는 다들 돈의 노예다",
            "norm_text": "키키 맞다 진짜 찐부자 아니고서는 다들 돈의 노예다",
            "speaker": {
              "id": "1번",
              "sex": "여성",
              "age": "20대"
            },
            "speechAct": "(단언) 진술하기",
            "morpheme": "키/NNG+키/XSV+ETN+맞/VV+다/EF+진짜/MAG+찐/VV+ETM+부자/NNG+아니/VCN+고서/EC+는/JX+다/MAG+들/XSN+돈/NNG+의/JKG+노예/NNG+다/VCP+EC"
          },
          {
            "id": 9,
            "text": "2 : 키키 맞다 노예처럼 그냥 일만 해야 된다",
            "norm_text": "키키 맞다 노예처럼 그냥 일만 해야 된다",
            "speaker": {
              "id": "2번",
              "sex": "남성",
              "age": "30대"
            },
            "speechAct": "(단언) 진술하기",
            "morpheme": "키/NNG+키/XSV+ETN+맞/VV+다/EC+노예/NNG+처럼/JKB+그냥/MAG+일/NNG+만/JX+해야/VV+EC+된다/VV+EC"
          },
          {
            "id": 10,
            "text": "1 : 키키 사업해서 내가 돈 주는 입장이 돼보고 싶다",
            "norm_text": "키키 사업해서 내가 돈 주는 입장이 돼보고 싶다",
            "speaker": {
              "id": "1번",
              "sex": "여성",
              "age": "20대"
            },
            "speechAct": "(단언) 진술하기",
            "morpheme": "키/NNG+키/NNG+사업/NNG+해서/XSV+EC+내/NP+가/JKS+돈/NNG+주/VV+는/ETM+입장/NNG+이/JKS+돼/VV+EC+보/VX+고/EC+싶/VX+다/EC"
          },
          {
            "id": 11,
            "text": "2 : 키키 돈 많이 벌어서 사업하면 되지",
            "norm_text": "키키 돈 많이 벌어서 사업하면 되지",
            "speaker": {
              "id": "2번",
              "sex": "남성",
              "age": "30대"
            },
            "speechAct": "(단언) 진술하기",
            "morpheme": "키/NNG+키/NNG+돈/NNG+많이/MAG+벌/VV+어서/EC+사업/NNG+하/XSV+면/EC+되/VV+지/EC"
          },
          {
            "id": 12,
            "text": "1 : 키키 근데 사업은 진짜 잘해야 성공하고 거의 망한 케이스 많이 봤당",
            "norm_text": "키키 근데 사업은 진짜 잘해야 성공하고 거의 망한 케이스 많이 봤당",
            "speaker": {
              "id": "1번",
              "sex": "여성",
              "age": "20대"
            },
            "speechAct": "(단언) 진술하기",
            "morpheme": "키/NNG+키/XSV+ETN+근데/MAJ+사업/NNG+은/JX+진짜/MAG+잘/MAG+해야/VV+EC+성공/NNG+하/XSV+고/EC+거의/MAG+망한/VV+ETM+케이스/NNG+많이/MAG+봤/VV+EP+당/XSN"
          },
          {
            "id": 13,
            "text": "2 : 키키 맞다 내 친구도 사업했다가 망했다",
            "norm_text": "키키 맞다 내 친구도 사업했다가 망했다",
            "speaker": {
              "id": "2번",
              "sex": "남성",
              "age": "30대"
            },
            "speechAct": "(단언) 진술하기",
            "morpheme": "키/NNG+키/XSV+ETN+맞/VV+다/EF+내/NP+JKG+친구/NNG+도/JX+사업/NNG+했/XSV+EP+다가/EC+망했/VV+EP+다/EC"
          },
          {
            "id": 14,
            "text": "1 : 키키 무슨 사업했었는데?",
            "norm_text": "키키 무슨 사업했었는데?",
            "speaker": {
              "id": "1번",
              "sex": "여성",
              "age": "20대"
            },
            "speechAct": "(지시) 질문하기",
            "morpheme": "키/NNG+키/XSV+ETN+무슨/MM+사업/NNG+했었/XSV+EP+는데/EF"
          },
          {
            "id": 15,
            "text": "2 : 쇼핑몰 했었는데 망함",
            "norm_text": "쇼핑몰 했었는데 망함",
            "speaker": {
              "id": "2번",
              "sex": "남성",
              "age": "30대"
            },
            "speechAct": "(단언) 진술하기",
            "morpheme": "쇼핑몰/NNG+했었/XSV+EP+는데/EC+망함/VV+ETN"
          },
          {
            "id": 16,
            "text": "1 : 키키 근데 쇼핑몰은 너무 많아서... 성공하기가 힘들다 ㅠㅠ",
            "norm_text": "키키 근데 쇼핑몰은 너무 많아서... 성공하기가 힘들다 ㅠㅠ",
            "speaker": {
              "id": "1번",
              "sex": "여성",
              "age": "20대"
            },
            "speechAct": "(단언) 진술하기",
            "morpheme": "키/NNG+키/XSV+ETN+근데/MAJ+쇼핑몰/NNG+은/JX+너무/MAG+많/VA+아서/EC+./SY+./SY+성공/NNG+하/XSV+기/ETN+가/JKS+힘들/VA+다/EF+ㅠㅠ/UNKNOWN"
          },
          {
            "id": 17,
            "text": "2 : 맞다 광고비 같은 것도 많이 든다카더라",
            "norm_text": "맞다 광고비 같은 것도 많이 든다카더라",
            "speaker": {
              "id": "2번",
              "sex": "남성",
              "age": "30대"
            },
            "speechAct": "(단언) 진술하기",
            "morpheme": "맞/VV+다/EC+광고비/NNG+같/VA+은/ETM+것/NNB+도/JX+많이/MAG+든다/VV+EC+카더라/NNP"
          }
        ]
      }
    }
  ]
}