{
  "dataset": {
    "identifier": 62121,
    "name": "KAKAO_921_13_set",
    "src_path": "/data/file/cubeManager/PROJECT001/53/txt20211005161403041221/KAKAO_921_13_set/",
    "label_path": "/data/file/cubeManager/PROJECT001/53/txt20211005161403041221/KAKAO_921_13_set/",
    "category": 2,
    "type": 0
  },
  "licenses": {
    "name": "Apache License 1.0",
    "url": "http://www.apache.org/licenses/LICENSE-1.0"
  },
  "info": [
    {
      "id": 41990,
      "filename": "KAKAO_921_13.txt",
      "title": "KAKAO_921_13",
      "mediatype": "SNS",
      "medianame": "카카오톡",
      "category": "일상대화",
      "date": "2021-10-05",
      "size": 907,
      "annotations": {
        "subject": "계절/날씨",
        "speaker_type": "1:1",
        "size": 907,
        "word_size": 305,
        "text": "1 : 요즘 바람 진짜 많이 부는 거 같지 않아?\n1 : 갑자기 확 추워진 느낌이야\n2 : 응 안 그래도 오늘 긴팔 얇은 거 입고 나갔는데 너무 추워서 두꺼운 옷 꺼내야 되나 생각 했었어\n1 : 이렇게 있다가 금방 겨울 되겠다 키키\n1 : 겨울에는 진짜 길거리 음식 먹는 게 최고야 붕어빵이나 군고구마 같은 거 키키\n2 : 나 붕어빵 진짜 좋아해 키키\n2 : 작년 겨울엔 붕어빵 한번 밖에 못 먹어서 진짜 붕어빵 먹고 싶다고 노래 노래를 불렀었어 키키\n1 : 붕어빵 맛있지 키키\n1 : 옷장 정리는 했어?\n1 : 옷장 정리 아직 못했다고 했었잖아\n2 : 아니 나 아직 못했어\n2 : 원래 계획은 오늘 할 생각이었는데 피곤해서 도저히 못 하겠더라구 키키\n1 : 그러다가 며칠 지나고 또 겨울 오겠다 키키\n2 : 그러니까 ㅠ 키키 또 발등에 불 떨어져서야 하겠지 뭐...\n2 : 아 이번 가을엔 핑크뮬리를 결국 못 보네\n1 : 그러니까 너랑도 핑크뮬리 보러 가고 싶었는데...\n1 : 아 얼마 전까지 대전 생태공원에는 해바라기가 핀 거 같더라구\n2 : 아 나도 그거 사진으로 봤어 키키 엄청 이쁘던데?\n2 : 해바라기 이쁘게 폈더라\n1 : 비 오는 날씨 좋아해\n1 : 비 오는 거 좋아하는 사람들 많던데 키키\n2 : 아니 나는 비 오는 거 엄청 싫어해 ㅜ 키키\n2 : 찝찝하고 습하고 옷 젖고 너무 별로야\n2 : 너는 좋아해?\n1 : 아니 나도 별로 안 좋아해\n1 : 근데 나는 안에서 비 오는 거 가만히 보는 건 좋던데\n1 : 빗소리도 너무 좋고 키키 그리고 비 올 때 먹는 전도 좋아 키키\n2 : 헐 전 먹는 건 좋지 키키 전이랑 막걸리랑 키키\n2 : 나도 비 맞는 건 싫은데 보는 건 좋은 거 같아\n1 : 지금보다 좀 더 가을가을해져서 이번에 산 롱부츠 신고 놀러가고 싶당\n2 : 나도 롱부츠 신고 놀러 가고 싶다 ㅠ\n2 : 우리 담에 만날 때 같이 롱부츠 신고 만나자 키키",
        "lines": [
          {
            "id": 1,
            "text": "1 : 요즘 바람 진짜 많이 부는 거 같지 않아?",
            "norm_text": "요즘 바람 진짜 많이 부는 거 같지 않아?",
            "speaker": {
              "id": "1번",
              "sex": "여성",
              "age": "20대"
            },
            "speechAct": "(지시) 질문하기",
            "morpheme": "요즘/NNG+바람/NNG+진짜/MAG+많이/MAG+부/VV+는/ETM+거/NNB+같/VA+지/EC+않/VX+아/EF"
          },
          {
            "id": 2,
            "text": "1 : 갑자기 확 추워진 느낌이야",
            "norm_text": "갑자기 확 추워진 느낌이야",
            "speaker": {
              "id": "1번",
              "sex": "여성",
              "age": "20대"
            },
            "speechAct": "(단언) 주장하기",
            "morpheme": "갑자기/MAG+확/MAG+추워진/VA+EC+VX+ETM+느낌/NNG+이/VCP+야/EC"
          },
          {
            "id": 3,
            "text": "2 : 응 안 그래도 오늘 긴팔 얇은 거 입고 나갔는데 너무 추워서 두꺼운 옷 꺼내야 되나 생각 했었어",
            "norm_text": "응 안 그래도 오늘 긴팔 얇은 거 입고 나갔는데 너무 추워서 두꺼운 옷 꺼내야 되나 생각 했었어",
            "speaker": {
              "id": "2번",
              "sex": "여성",
              "age": "20대"
            },
            "speechAct": "(단언) 주장하기",
            "morpheme": "응/IC+안/MAG+그래도/VV+EC+오늘/MAG+긴팔/NNG+얇/VA+은/ETM+거/NNB+입/VV+고/EC+나갔/VV+EP+는데/EC+너무/MAG+추워서/VA+EC+두꺼운/VA+ETM+옷/NNG+꺼내/VV+야/EC+되/VV+나/EC+생각/NNG+했었/XSV+EP+어/EC"
          },
          {
            "id": 4,
            "text": "1 : 이렇게 있다가 금방 겨울 되겠다 키키",
            "norm_text": "이렇게 있다가 금방 겨울 되겠다 키키",
            "speaker": {
              "id": "1번",
              "sex": "여성",
              "age": "20대"
            },
            "speechAct": "(단언) 주장하기",
            "morpheme": "이렇/VA+게/EC+있/VX+다가/EC+금방/MAG+겨울/NNG+되/XSV+겠/EP+다키키/NNP"
          },
          {
            "id": 5,
            "text": "1 : 겨울에는 진짜 길거리 음식 먹는 게 최고야 붕어빵이나 군고구마 같은 거 키키",
            "norm_text": "겨울에는 진짜 길거리 음식 먹는 게 최고야 붕어빵이나 군고구마 같은 거 키키",
            "speaker": {
              "id": "1번",
              "sex": "여성",
              "age": "20대"
            },
            "speechAct": "(단언) 주장하기",
            "morpheme": "겨울/NNG+에/JKB+는/JX+진짜/MAG+길거리/NNG+음식/NNG+먹/VV+는/ETM+게/NNB+JKS+최고/NNG+야/VCP+EF+붕어빵/NNG+이나/JC+군고구마/NNG+같/VA+은/ETM+거/NNB+키/NNG+키/XSV+ETN"
          },
          {
            "id": 6,
            "text": "2 : 나 붕어빵 진짜 좋아해 키키",
            "norm_text": "나 붕어빵 진짜 좋아해 키키",
            "speaker": {
              "id": "2번",
              "sex": "여성",
              "age": "20대"
            },
            "speechAct": "(단언) 주장하기",
            "morpheme": "나/NP+붕어빵/NNG+진짜/MAG+좋/VA+아/EC+해/VV+EC+키/NNG+키/XSV+ETN"
          },
          {
            "id": 7,
            "text": "2 : 작년 겨울엔 붕어빵 한번 밖에 못 먹어서 진짜 붕어빵 먹고 싶다고 노래 노래를 불렀었어 키키",
            "norm_text": "작년 겨울엔 붕어빵 한번 밖에 못 먹어서 진짜 붕어빵 먹고 싶다고 노래 노래를 불렀었어 키키",
            "speaker": {
              "id": "2번",
              "sex": "여성",
              "age": "20대"
            },
            "speechAct": "(단언) 진술하기",
            "morpheme": "작년/NNG+겨울/NNG+엔/JKB+JX+붕어빵/NNG+한/MM+번/NNBC+밖에/JX+못/MAG+먹/VV+어서/EC+진짜/MAG+붕어빵/NNG+먹/VV+고/EC+싶/VX+다고/EC+노래/NNG+노래/NNG+를/JKO+불렀었/VV+EP+어/EC+키/NNG+키/XSV+ETN"
          },
          {
            "id": 8,
            "text": "1 : 붕어빵 맛있지 키키",
            "norm_text": "붕어빵 맛있지 키키",
            "speaker": {
              "id": "1번",
              "sex": "여성",
              "age": "20대"
            },
            "speechAct": "(단언) 주장하기",
            "morpheme": "붕어빵/NNG+맛있/VA+지/EC+키/NNG+키/XSV+ETN"
          },
          {
            "id": 9,
            "text": "1 : 옷장 정리는 했어?",
            "norm_text": "옷장 정리는 했어?",
            "speaker": {
              "id": "1번",
              "sex": "여성",
              "age": "20대"
            },
            "speechAct": "(지시) 질문하기",
            "morpheme": "옷장/NNG+정리/NNG+는/JX+했/VV+EP+어/EF"
          },
          {
            "id": 10,
            "text": "1 : 옷장 정리 아직 못했다고 했었잖아",
            "norm_text": "옷장 정리 아직 못했다고 했었잖아",
            "speaker": {
              "id": "1번",
              "sex": "여성",
              "age": "20대"
            },
            "speechAct": "(단언) 진술하기",
            "morpheme": "옷장/NNG+정리/NNG+아직/MAG+못/MAG+했/VV+EP+다고/EC+했었잖/VX+EP+EC+VX+아/EC"
          },
          {
            "id": 11,
            "text": "2 : 아니 나 아직 못했어",
            "norm_text": "아니 나 아직 못했어",
            "speaker": {
              "id": "2번",
              "sex": "여성",
              "age": "20대"
            },
            "speechAct": "(단언) 진술하기",
            "morpheme": "아니/IC+나/NP+아직/MAG+못/MAG+했/VV+EP+어/EC"
          },
          {
            "id": 12,
            "text": "2 : 원래 계획은 오늘 할 생각이었는데 피곤해서 도저히 못 하겠더라구 키키",
            "norm_text": "원래 계획은 오늘 할 생각이었는데 피곤해서 도저히 못 하겠더라구 키키",
            "speaker": {
              "id": "2번",
              "sex": "여성",
              "age": "20대"
            },
            "speechAct": "(단언) 주장하기",
            "morpheme": "원래/MAG+계획/NNG+은/JX+오늘/NNG+할/XSV+ETM+생각/NNG+이/VCP+었/EP+는데/EC+피곤/NNG+해서/XSV+EC+도저히/MAG+못/MAG+하/VV+겠/EP+더라구/EF+키/NNG+키/XSV+ETN"
          },
          {
            "id": 13,
            "text": "1 : 그러다가 며칠 지나고 또 겨울 오겠다 키키",
            "norm_text": "그러다가 며칠 지나고 또 겨울 오겠다 키키",
            "speaker": {
              "id": "1번",
              "sex": "여성",
              "age": "20대"
            },
            "speechAct": "(단언) 주장하기",
            "morpheme": "그러다가/MAJ+며칠/NNG+지나/VV+고/EC+또/MAG+겨울/NNG+오/VV+겠/EP+다키키/NNP"
          },
          {
            "id": 14,
            "text": "2 : 그러니까 ㅠ 키키 또 발등에 불 떨어져서야 하겠지 뭐...",
            "norm_text": "그러니까 ㅠ 키키 또 발등에 불 떨어져서야 하겠지 뭐...",
            "speaker": {
              "id": "2번",
              "sex": "여성",
              "age": "20대"
            },
            "speechAct": "(단언) 주장하기",
            "morpheme": "그러니까/MAJ+ㅠ키/UNKNOWN+키/NNG+또/MAG+발등/NNG+에/JKB+불/NNG+떨어져서/VV+EC+야하/VA+겠/EP+지/EF+뭐/IC+./SY"
          },
          {
            "id": 15,
            "text": "2 : 아 이번 가을엔 핑크뮬리를 결국 못 보네",
            "norm_text": "아 이번 가을엔 핑크뮬리를 결국 못 보네",
            "speaker": {
              "id": "2번",
              "sex": "여성",
              "age": "20대"
            },
            "speechAct": "(단언) 주장하기",
            "morpheme": "아/IC+이번/NNG+가을/NNG+엔/JKB+JX+핑크/NNG+뮬/NNG+리/NNG+를/JKO+결국/MAG+못/MAG+보/VV+네/EC"
          },
          {
            "id": 16,
            "text": "1 : 그러니까 너랑도 핑크뮬리 보러 가고 싶었는데...",
            "norm_text": "그러니까 너랑도 핑크뮬리 보러 가고 싶었는데...",
            "speaker": {
              "id": "1번",
              "sex": "여성",
              "age": "20대"
            },
            "speechAct": "(단언) 주장하기",
            "morpheme": "그러니까/MAJ+너/NP+랑/JKB+도/JX+핑크/NNG+뮬/NNG+리/VCP+EC+보/VX+러/EC+가/VX+고/EC+싶/VX+었/EP+는데/EC+./SY+./SY"
          },
          {
            "id": 17,
            "text": "1 : 아 얼마 전까지 대전 생태공원에는 해바라기가 핀 거 같더라구",
            "norm_text": "아 얼마 전까지 대전 생태공원에는 해바라기가 핀 거 같더라구",
            "speaker": {
              "id": "1번",
              "sex": "여성",
              "age": "20대"
            },
            "speechAct": "(단언) 진술하기",
            "morpheme": "아/IC+얼마/NNG+전/NNG+까지/JX+대전/NNP+생태/NNG+공원/NNG+에/JKB+는/JX+해바라기/NNG+가/JKS+핀/VV+ETM+거/NNB+같/VA+더라구/EC"
          },
          {
            "id": 18,
            "text": "2 : 아 나도 그거 사진으로 봤어 키키 엄청 이쁘던데?",
            "norm_text": "아 나도 그거 사진으로 봤어 키키 엄청 이쁘던데?",
            "speaker": {
              "id": "2번",
              "sex": "여성",
              "age": "20대"
            },
            "speechAct": "(단언) 진술하기",
            "morpheme": "아/IC+나/NP+도/JX+그거/NP+사진/NNG+으로/JKB+봤/VV+EP+어/EC+키/NNG+키/NNG+엄청/MAG+이쁘/VA+던데/EF"
          },
          {
            "id": 19,
            "text": "2 : 해바라기 이쁘게 폈더라",
            "norm_text": "해바라기 이쁘게 폈더라",
            "speaker": {
              "id": "2번",
              "sex": "여성",
              "age": "20대"
            },
            "speechAct": "(단언) 주장하기",
            "morpheme": "해바라기/NNG+이쁘/VA+게/EC+폈/VV+EP+더라/EC"
          },
          {
            "id": 20,
            "text": "1 : 비 오는 날씨 좋아해",
            "norm_text": "비 오는 날씨 좋아해",
            "speaker": {
              "id": "1번",
              "sex": "여성",
              "age": "20대"
            },
            "speechAct": "(단언) 주장하기",
            "morpheme": "비오/NNG+는/JX+날씨/NNG+좋/VA+아/EC+해/VV+EC"
          },
          {
            "id": 21,
            "text": "1 : 비 오는 거 좋아하는 사람들 많던데 키키",
            "norm_text": "비 오는 거 좋아하는 사람들 많던데 키키",
            "speaker": {
              "id": "1번",
              "sex": "여성",
              "age": "20대"
            },
            "speechAct": "(단언) 진술하기",
            "morpheme": "비오/VV+는/ETM+거/NNB+좋/VA+아/EC+하/VV+는/ETM+사람/NNG+들/XSN+많/VA+던데/EC+키/NNG+키/XSV+ETN"
          },
          {
            "id": 22,
            "text": "2 : 아니 나는 비 오는 거 엄청 싫어해 ㅜ 키키",
            "norm_text": "아니 나는 비 오는 거 엄청 싫어해 ㅜ 키키",
            "speaker": {
              "id": "2번",
              "sex": "여성",
              "age": "20대"
            },
            "speechAct": "(단언) 주장하기",
            "morpheme": "아니/IC+나/NP+는/JX+비오/VV+는/ETM+거/NNB+엄청/MAG+싫/VA+어/EC+해/VV+EC+ㅜ키/UNKNOWN+키/NNG"
          },
          {
            "id": 23,
            "text": "2 : 찝찝하고 습하고 옷 젖고 너무 별로야",
            "norm_text": "찝찝하고 습하고 옷 젖고 너무 별로야",
            "speaker": {
              "id": "2번",
              "sex": "여성",
              "age": "20대"
            },
            "speechAct": "(단언) 주장하기",
            "morpheme": "찝찝/XR+하/XSA+고/EC+습하/VA+고/EC+옷/NNG+젖/VV+고/EC+너무/MAG+별로/MAG+야/IC"
          },
          {
            "id": 24,
            "text": "2 : 너는 좋아해?",
            "norm_text": "너는 좋아해?",
            "speaker": {
              "id": "2번",
              "sex": "여성",
              "age": "20대"
            },
            "speechAct": "(지시) 질문하기",
            "morpheme": "너/NP+는/JX+좋/VA+아/EC+해/VX+EF"
          },
          {
            "id": 25,
            "text": "1 : 아니 나도 별로 안 좋아해",
            "norm_text": "아니 나도 별로 안 좋아해",
            "speaker": {
              "id": "1번",
              "sex": "여성",
              "age": "20대"
            },
            "speechAct": "(표현) 부정감정 표현하기",
            "morpheme": "아니/IC+나/NP+도/JX+별로/MAG+안/MAG+좋아해/VV+EC"
          },
          {
            "id": 26,
            "text": "1 : 근데 나는 안에서 비 오는 거 가만히 보는 건 좋던데",
            "norm_text": "근데 나는 안에서 비 오는 거 가만히 보는 건 좋던데",
            "speaker": {
              "id": "1번",
              "sex": "여성",
              "age": "20대"
            },
            "speechAct": "(단언) 주장하기",
            "morpheme": "근데/MAJ+나/NP+는/JX+안/NNG+에서/JKB+비오/VV+는/ETM+거/NNB+가만히/MAG+보/VV+는/ETM+건/NNB+JX+좋/VA+던데/EC"
          },
          {
            "id": 27,
            "text": "1 : 빗소리도 너무 좋고 키키 그리고 비 올 때 먹는 전도 좋아 키키",
            "norm_text": "빗소리도 너무 좋고 키키 그리고 비 올 때 먹는 전도 좋아 키키",
            "speaker": {
              "id": "1번",
              "sex": "여성",
              "age": "20대"
            },
            "speechAct": "(단언) 주장하기",
            "morpheme": "빗소리/NNG+도/JX+너무/MAG+좋/VA+고/EC+키/NNG+키/XSV+ETN+그리고/MAJ+비올/NNG+때/NNG+먹/VV+는/ETM+전/NNG+도/JX+좋/VA+아/EC+키/NNG+키/XSV+ETN"
          },
          {
            "id": 28,
            "text": "2 : 헐 전 먹는 건 좋지 키키 전이랑 막걸리랑 키키",
            "norm_text": "헐 전 먹는 건 좋지 키키 전이랑 막걸리랑 키키",
            "speaker": {
              "id": "2번",
              "sex": "여성",
              "age": "20대"
            },
            "speechAct": "(단언) 주장하기",
            "morpheme": "헐/IC+전/NNG+먹/VV+는/ETM+건/NNB+JX+좋/VA+지/EC+키/NNG+키/NNG+전이/NNG+랑/JKB+막걸리/NNG+랑/JKB+키/NNG+키/XSV+ETN"
          },
          {
            "id": 29,
            "text": "2 : 나도 비 맞는 건 싫은데 보는 건 좋은 거 같아",
            "norm_text": "나도 비 맞는 건 싫은데 보는 건 좋은 거 같아",
            "speaker": {
              "id": "2번",
              "sex": "여성",
              "age": "20대"
            },
            "speechAct": "(단언) 주장하기",
            "morpheme": "나/NP+도/JX+비/NNG+맞/VV+는/ETM+건/NNB+JX+싫/VA+은데/EC+보/VX+는/ETM+건/NNB+JX+좋/VA+은/ETM+거/NNB+같/VA+아/EC"
          },
          {
            "id": 30,
            "text": "1 : 지금보다 좀 더 가을가을해져서 이번에 산 롱부츠 신고 놀러가고 싶당",
            "norm_text": "지금보다 좀 더 가을가을해져서 이번에 산 롱부츠 신고 놀러가고 싶당",
            "speaker": {
              "id": "1번",
              "sex": "여성",
              "age": "20대"
            },
            "speechAct": "(단언) 주장하기",
            "morpheme": "지금/NNG+보다/JKB+좀/MAG+더/MAG+가을/NNG+가을/NNG+해져서/XSV+EC+VX+EC+이번/NNG+에/JKB+산/VV+ETM+롱부츠/NNG+신고/NNG+놀/VV+러/EC+가/VX+고/EC+싶/VX+당/EF"
          },
          {
            "id": 31,
            "text": "2 : 나도 롱부츠 신고 놀러 가고 싶다 ㅠ",
            "norm_text": "나도 롱부츠 신고 놀러 가고 싶다 ㅠ",
            "speaker": {
              "id": "2번",
              "sex": "여성",
              "age": "20대"
            },
            "speechAct": "(단언) 주장하기",
            "morpheme": "나/NP+도/JX+롱부츠/NNG+신고/NNG+놀/VV+러/EC+가/VX+고/EC+싶/VX+다/EF+ㅠ/UNKNOWN"
          },
          {
            "id": 32,
            "text": "2 : 우리 담에 만날 때 같이 롱부츠 신고 만나자 키키",
            "norm_text": "우리 담에 만날 때 같이 롱부츠 신고 만나자 키키",
            "speaker": {
              "id": "2번",
              "sex": "여성",
              "age": "20대"
            },
            "speechAct": "(지시) 충고/제안하기",
            "morpheme": "우리/NP+담/NNG+에/JKB+만날/VV+ETM+때/NNG+같이/JKB+롱부츠/NNG+신고/NNG+만나/VV+EC+자키/NNG+키/XSV+ETN"
          }
        ]
      }
    }
  ]
}