{
  "dataset": {
    "identifier": 63169,
    "name": "KAKAO_917_08_set",
    "src_path": "/data/file/cubeManager/PROJECT001/53/txt20211005154939017827/KAKAO_917_08_set/",
    "label_path": "/data/file/cubeManager/PROJECT001/53/txt20211005154939017827/KAKAO_917_08_set/",
    "category": 2,
    "type": 0
  },
  "licenses": {
    "name": "Apache License 1.0",
    "url": "http://www.apache.org/licenses/LICENSE-1.0"
  },
  "info": [
    {
      "id": 41765,
      "filename": "KAKAO_917_08.txt",
      "title": "KAKAO_917_08",
      "mediatype": "SNS",
      "medianame": "카카오톡",
      "category": "일상대화",
      "date": "2021-10-05",
      "size": 414,
      "annotations": {
        "subject": "연애/결혼",
        "speaker_type": "1:1",
        "size": 414,
        "word_size": 140,
        "text": "1 : 니는 결혼식 크게 할 생각이가?\n2 : 어 한 번 하는 건데 크게 해야지 키키\n1 : 키키 니는 외동이라서 진짜 크게 해야 된다\n2 : 키키 니는 크게 안 할 거가?\n1 : 나는 첫째라서 집안에서 크게 하라고 그러더라 키키\n2 : 키키 그래 한 번 하는 건데 기억에 남게 해야지\n1 : 키키 결혼할 때도 돈 진짜 많이 들어갈 텐데\n2 : 키키 결혼식은 축의금으로 거의 계산한대\n1 : 축의금으로 그게 맞춰지는가?\n2 : 생각보다 많이 들어온다던데?\n1 : 근데 우리는 다 부모님이 뿌린 만큼\n1 : 부모님 지인이지 뭐 ㅋ\n2 : 키키 맞다 키키 받으면 돌려줘야지\n1 : 결혼해서는 이제 우리가 뿌려야 된다 키키\n2 : 키키 맞다 키키 니 친구들은 결혼 다 했나?\n1 : 아니 키키 결혼한 애들도 있는데 안 한 애들이 더 많다\n2 : 내 주위도 안 한 사람이 많타",
        "lines": [
          {
            "id": 1,
            "text": "1 : 니는 결혼식 크게 할 생각이가?",
            "norm_text": "니는 결혼식 크게 할 생각이가?",
            "speaker": {
              "id": "1번",
              "sex": "여성",
              "age": "20대"
            },
            "speechAct": "(지시) 질문하기",
            "morpheme": "니/NP+는/JX+결혼식/NNG+크/VA+게/EC+할/VX+ETM+생각/NNG+이/VCP+가/EF"
          },
          {
            "id": 2,
            "text": "2 : 어 한 번 하는 건데 크게 해야지 키키",
            "norm_text": "어 한 번 하는 건데 크게 해야지 키키",
            "speaker": {
              "id": "2번",
              "sex": "남성",
              "age": "30대"
            },
            "speechAct": "(단언) 진술하기",
            "morpheme": "어/IC+한/MM+번/NNBC+하/VV+는/ETM+건데/NNB+VCP+EC+크/VA+게/EC+해야지/VX+EC+키/NNG+키/XSV+ETN"
          },
          {
            "id": 3,
            "text": "1 : 키키 니는 외동이라서 진짜 크게 해야 된다",
            "norm_text": "키키 니는 외동이라서 진짜 크게 해야 된다",
            "speaker": {
              "id": "1번",
              "sex": "여성",
              "age": "20대"
            },
            "speechAct": "(단언) 진술하기",
            "morpheme": "키/NNG+키/XSV+ETN+니/NP+는/JX+외동/NNG+이/VCP+라서/EC+진짜/MAG+크/VA+게/EC+해야/VV+EC+된다/VV+EC"
          },
          {
            "id": 4,
            "text": "2 : 키키 니는 크게 안 할 거가?",
            "norm_text": "키키 니는 크게 안 할 거가?",
            "speaker": {
              "id": "2번",
              "sex": "남성",
              "age": "30대"
            },
            "speechAct": "(지시) 질문하기",
            "morpheme": "키/NNG+키/XSV+ETN+니/NP+는/JX+크/VA+게/EC+안/MAG+할/VV+ETM+거/NNB+가/JKS"
          },
          {
            "id": 5,
            "text": "1 : 나는 첫째라서 집안에서 크게 하라고 그러더라 키키",
            "norm_text": "나는 첫째라서 집안에서 크게 하라고 그러더라 키키",
            "speaker": {
              "id": "1번",
              "sex": "여성",
              "age": "20대"
            },
            "speechAct": "(단언) 진술하기",
            "morpheme": "나/NP+는/JX+첫째/NR+라서/VCP+EC+집안/NNG+에서/JKB+크/VA+게/EC+하/VV+라고/EC+그러/VV+더라/EC+키/NNG+키/XSV+ETN"
          },
          {
            "id": 6,
            "text": "2 : 키키 그래 한 번 하는 건데 기억에 남게 해야지",
            "norm_text": "키키 그래 한 번 하는 건데 기억에 남게 해야지",
            "speaker": {
              "id": "2번",
              "sex": "남성",
              "age": "30대"
            },
            "speechAct": "(단언) 진술하기",
            "morpheme": "키/NNG+키/XSV+ETN+그래/JX+한/MM+번/NNBC+하/VV+는/ETM+건데/NNB+VCP+EC+기억/NNG+에/JKB+남/VV+게/EC+해야지/VX+EC"
          },
          {
            "id": 7,
            "text": "1 : 키키 결혼할 때도 돈 진짜 많이 들어갈 텐데",
            "norm_text": "키키 결혼할 때도 돈 진짜 많이 들어갈 텐데",
            "speaker": {
              "id": "1번",
              "sex": "여성",
              "age": "20대"
            },
            "speechAct": "(단언) 주장하기",
            "morpheme": "키/NNG+키/NNG+결혼/NNG+할/XSV+ETM+때/NNG+도/JX+돈/NNG+진짜/MAG+많이/MAG+들어갈/VV+ETM+텐데/NNB+VCP+EC"
          },
          {
            "id": 8,
            "text": "2 : 키키 결혼식은 축의금으로 거의 계산한대",
            "norm_text": "키키 결혼식은 축의금으로 거의 계산한대",
            "speaker": {
              "id": "2번",
              "sex": "남성",
              "age": "30대"
            },
            "speechAct": "(단언) 진술하기",
            "morpheme": "키/NNG+키/NNG+결혼식/NNG+은/JX+축의금/NNG+으로/JKB+거의/MAG+계산/NNG+한대/NNG"
          },
          {
            "id": 9,
            "text": "1 : 축의금으로 그게 맞춰지는가?",
            "norm_text": "축의금으로 그게 맞춰지는가?",
            "speaker": {
              "id": "1번",
              "sex": "여성",
              "age": "20대"
            },
            "speechAct": "(지시) 질문하기",
            "morpheme": "축의금/NNG+으로/JKB+그게/NP+JKS+맞춰/VV+EC+지/VX+는가/EF"
          },
          {
            "id": 10,
            "text": "2 : 생각보다 많이 들어온다던데?",
            "norm_text": "생각보다 많이 들어온다던데?",
            "speaker": {
              "id": "2번",
              "sex": "남성",
              "age": "30대"
            },
            "speechAct": "(단언) 진술하기",
            "morpheme": "생각/NNG+보다/JKB+많이/MAG+들어온다/VV+EF+던데/EF"
          },
          {
            "id": 11,
            "text": "1 : 근데 우리는 다 부모님이 뿌린 만큼",
            "norm_text": "근데 우리는 다 부모님이 뿌린 만큼",
            "speaker": {
              "id": "1번",
              "sex": "여성",
              "age": "20대"
            },
            "speechAct": "(단언) 진술하기",
            "morpheme": "근데/MAJ+우리/NP+는/JX+다/MAG+부모/NNG+님/XSN+이/JKS+뿌린/VV+ETM+만큼/NNB"
          },
          {
            "id": 12,
            "text": "1 : 부모님 지인이지 뭐 ㅋ",
            "norm_text": "부모님 지인이지 뭐 ㅋ",
            "speaker": {
              "id": "1번",
              "sex": "여성",
              "age": "20대"
            },
            "speechAct": "(단언) 진술하기",
            "morpheme": "부모/NNG+님/XSN+지인/NNG+이/VCP+지/EF+뭐ㅋ/UNKNOWN"
          },
          {
            "id": 13,
            "text": "2 : 키키 맞다 키키 받으면 돌려줘야지",
            "norm_text": "키키 맞다 키키 받으면 돌려줘야지",
            "speaker": {
              "id": "2번",
              "sex": "남성",
              "age": "30대"
            },
            "speechAct": "(단언) 진술하기",
            "morpheme": "키/NNG+키/XSV+ETN+맞/VV+다/EC+키/NNG+키/XSV+ETN+받/VV+으면/EC+돌려/VV+EC+줘야지/VX+EC"
          },
          {
            "id": 14,
            "text": "1 : 결혼해서는 이제 우리가 뿌려야 된다 키키",
            "norm_text": "결혼해서는 이제 우리가 뿌려야 된다 키키",
            "speaker": {
              "id": "1번",
              "sex": "여성",
              "age": "20대"
            },
            "speechAct": "(단언) 주장하기",
            "morpheme": "결혼/NNG+해서/XSV+EC+는/JX+이제/MAG+우리/NP+가/JKS+뿌려야/VV+EC+된/VV+ETM+다키키/NNP"
          },
          {
            "id": 15,
            "text": "2 : 키키 맞다 키키 니 친구들은 결혼 다 했나?",
            "norm_text": "키키 맞다 키키 니 친구들은 결혼 다 했나?",
            "speaker": {
              "id": "2번",
              "sex": "남성",
              "age": "30대"
            },
            "speechAct": "(지시) 질문하기",
            "morpheme": "키/NNG+키/XSV+ETN+맞/VV+다/EC+키/NNG+키/VV+니/EC+친구/NNG+들/XSN+은/JX+결혼/NNG+다/MAG+했/VV+EP+나/EF"
          },
          {
            "id": 16,
            "text": "1 : 아니 키키 결혼한 애들도 있는데 안 한 애들이 더 많다",
            "norm_text": "아니 키키 결혼한 애들도 있는데 안 한 애들이 더 많다",
            "speaker": {
              "id": "1번",
              "sex": "여성",
              "age": "20대"
            },
            "speechAct": "(단언) 진술하기",
            "morpheme": "아니키/NNP+키/NNG+결혼/NNG+한/XSA+ETM+애/NNG+들/XSN+도/JX+있/VA+는데/EC+안/MAG+한/VV+ETM+애/NNG+들/XSN+이/JKS+더/MAG+많/VA+다/EC"
          },
          {
            "id": 17,
            "text": "2 : 내 주위도 안 한 사람이 많타",
            "norm_text": "내 주위도 안 한 사람이 많타",
            "speaker": {
              "id": "2번",
              "sex": "남성",
              "age": "30대"
            },
            "speechAct": "(단언) 진술하기",
            "morpheme": "내/NP+JKG+주위/NNG+도/JX+안/MAG+한/VV+ETM+사람/NNG+이/JKS+많/VA+타/VV+EC"
          }
        ]
      }
    }
  ]
}