{
  "dataset": {
    "identifier": 63520,
    "name": "KAKAO_908_04_set",
    "src_path": "/data/file/cubeManager/PROJECT001/53/txt20211005154926097186/KAKAO_908_04_set/",
    "label_path": "/data/file/cubeManager/PROJECT001/53/txt20211005154926097186/KAKAO_908_04_set/",
    "category": 2,
    "type": 0
  },
  "licenses": {
    "name": "Apache License 1.0",
    "url": "http://www.apache.org/licenses/LICENSE-1.0"
  },
  "info": [
    {
      "id": 41741,
      "filename": "KAKAO_908_04.txt",
      "title": "KAKAO_908_04",
      "mediatype": "SNS",
      "medianame": "카카오톡",
      "category": "일상대화",
      "date": "2021-10-05",
      "size": 538,
      "annotations": {
        "subject": "회사/아르바이트",
        "speaker_type": "1:1",
        "size": 538,
        "word_size": 177,
        "text": "1 : 와 진짜 퇴사할까?\n1 : 요새 우리 회사 완전 엉망임\n2 : 진심? 퇴사는 옛날부터 하고 싶어했잖아 키키\n1 : 어 키키 그거야 그냥 습관적으로 하는 말이고 키키\n2 : 오 이번엔 진짜 무슨 일 있었나 보네?\n1 : 어 키키 대리가 주임 때렸음 키키 진짜 주먹으로 키키\n2 : 설마 업무 중에 때린 건 아니겠지? 회식 중에?\n1 : 아니 키키 회식은 무슨 키키 업무 시간에 퍽 하는 소리 났음 키키\n2 : 와... 왜 주먹질까지 하는 건데?\n2 : 뭐 엄청 잘못함?\n1 : 주임이 잘못하긴 잘못했거든 파일을 싹 다 날린 거야\n2 : 엄청 중요한 자료였나?\n2 : 고작 그것 때문에 사람을 때린다고?\n1 : 별로 중요한 것도 아닌데 그 대리가 좀 분노 조절 장애임\n2 : 와... 주임은 퇴사 안 하나? 그건 범죄다\n1 : 어 키키 경찰 불렀음\n1 : 씨씨티비 파일 분석해 달라고 난리 남\n2 : 니한테도 손찌검 하는 거 아님?\n2 : ㄹㅇ 무서운데?\n1 : 그나마 나한테는 안 그러는데 눈빛 자체가 무섭긴 함\n2 : 그 대리도 조심하라고 해...\n2 : 회사에서 주먹질할 정도면 제정신 아님",
        "lines": [
          {
            "id": 1,
            "text": "1 : 와 진짜 퇴사할까?",
            "norm_text": "와 진짜 퇴사할까?",
            "speaker": {
              "id": "1번",
              "sex": "여성",
              "age": "20대"
            },
            "speechAct": "(지시) 질문하기",
            "morpheme": "와/IC+진짜/MAG+퇴사/NNG+할까/XSV+EF"
          },
          {
            "id": 2,
            "text": "1 : 요새 우리 회사 완전 엉망임",
            "norm_text": "요새 우리 회사 완전 엉망임",
            "speaker": {
              "id": "1번",
              "sex": "여성",
              "age": "20대"
            },
            "speechAct": "(단언) 주장하기",
            "morpheme": "요새/MAG+우리/NP+회사/NNG+완전/NNG+엉망/NNG+임/VCP+ETN"
          },
          {
            "id": 3,
            "text": "2 : 진심? 퇴사는 옛날부터 하고 싶어했잖아 키키",
            "norm_text": "진심? 퇴사는 옛날부터 하고 싶어했잖아 키키",
            "speaker": {
              "id": "2번",
              "sex": "여성",
              "age": "20대"
            },
            "speechAct": "(단언) 진술하기",
            "morpheme": "진심/NNG+?/SY+퇴사/NNG+는/JX+옛날/NNG+부터/JX+하/VV+고/EC+싶/VX+어/EC+했잖아/VX+EP+EC+VX+EF+키/NNG+키/XSV+ETN"
          },
          {
            "id": 4,
            "text": "1 : 어 키키 그거야 그냥 습관적으로 하는 말이고 키키",
            "norm_text": "어 키키 그거야 그냥 습관적으로 하는 말이고 키키",
            "speaker": {
              "id": "1번",
              "sex": "여성",
              "age": "20대"
            },
            "speechAct": "(단언) 주장하기",
            "morpheme": "어/IC+키/NNG+키/XSV+ETN+그거/NP+야/JX+그냥/MAG+습관/NNG+적/XSN+으로/JKB+하/VV+는/ETM+말/NNG+이/VCP+고/EC+키/NNG+키/XSV+ETN"
          },
          {
            "id": 5,
            "text": "2 : 오 이번엔 진짜 무슨 일 있었나 보네?",
            "norm_text": "오 이번엔 진짜 무슨 일 있었나 보네?",
            "speaker": {
              "id": "2번",
              "sex": "여성",
              "age": "20대"
            },
            "speechAct": "(지시) 질문하기",
            "morpheme": "오/NR+이/NR+번/NNBC+엔/JKB+JX+진짜/MAG+무슨/MM+일/NNG+있/VV+었/EP+나/EC+보/VX+네/EF"
          },
          {
            "id": 6,
            "text": "1 : 어 키키 대리가 주임 때렸음 키키 진짜 주먹으로 키키",
            "norm_text": "어 키키 대리가 주임 때렸음 키키 진짜 주먹으로 키키",
            "speaker": {
              "id": "1번",
              "sex": "여성",
              "age": "20대"
            },
            "speechAct": "(단언) 진술하기",
            "morpheme": "어/IC+키/NNG+키/NNG+대리/NNG+가/JKS+주임/NNG+때렸/VV+EP+음/ETN+키/NNG+키/XSV+ETN+진짜/MAG+주먹/NNG+으로/JKB+키/NNG+키/XSV+ETN"
          },
          {
            "id": 7,
            "text": "2 : 설마 업무 중에 때린 건 아니겠지? 회식 중에?",
            "norm_text": "설마 업무 중에 때린 건 아니겠지? 회식 중에?",
            "speaker": {
              "id": "2번",
              "sex": "여성",
              "age": "20대"
            },
            "speechAct": "(지시) 질문하기",
            "morpheme": "설마/MAG+업무/NNG+중/NNB+에/JKB+때린/VV+ETM+건/NNB+JX+아니/VCN+겠/EP+지/EF+회식/NNG+중/NNB+에/JKB"
          },
          {
            "id": 8,
            "text": "1 : 아니 키키 회식은 무슨 키키 업무 시간에 퍽 하는 소리 났음 키키",
            "norm_text": "아니 키키 회식은 무슨 키키 업무 시간에 퍽 하는 소리 났음 키키",
            "speaker": {
              "id": "1번",
              "sex": "여성",
              "age": "20대"
            },
            "speechAct": "(단언) 진술하기",
            "morpheme": "아니키/NNP+키/NNG+회식/NNG+은/JX+무슨/MM+키/NNG+키/NNG+업무/NNG+시간/NNG+에/JKB+퍽/MAG+하/VV+는/ETM+소리/NNG+났/VV+EP+음/ETN+키/NNG+키/XSV+ETN"
          },
          {
            "id": 9,
            "text": "2 : 와... 왜 주먹질까지 하는 건데?",
            "norm_text": "와... 왜 주먹질까지 하는 건데?",
            "speaker": {
              "id": "2번",
              "sex": "여성",
              "age": "20대"
            },
            "speechAct": "(지시) 질문하기",
            "morpheme": "와/IC+./SY+왜/MAG+주먹질/NNG+까지/JX+하/VV+는/ETM+건데/NNB+VCP+EF"
          },
          {
            "id": 10,
            "text": "2 : 뭐 엄청 잘못함?",
            "norm_text": "뭐 엄청 잘못함?",
            "speaker": {
              "id": "2번",
              "sex": "여성",
              "age": "20대"
            },
            "speechAct": "(지시) 질문하기",
            "morpheme": "뭐/IC+엄청/MAG+잘못/MAG+함/XSA+ETN"
          },
          {
            "id": 11,
            "text": "1 : 주임이 잘못하긴 잘못했거든 파일을 싹 다 날린 거야",
            "norm_text": "주임이 잘못하긴 잘못했거든 파일을 싹 다 날린 거야",
            "speaker": {
              "id": "1번",
              "sex": "여성",
              "age": "20대"
            },
            "speechAct": "(단언) 진술하기",
            "morpheme": "주임/NNG+이/JKS+잘못/MAG+하/VV+긴/ETN+JX+잘못/MAG+했/VV+EP+거든/EF+파일/NNG+을/JKO+싹/VV+다/EC+날린/VV+ETM+거/NNB+야/VCP+EF"
          },
          {
            "id": 12,
            "text": "2 : 엄청 중요한 자료였나?",
            "norm_text": "엄청 중요한 자료였나?",
            "speaker": {
              "id": "2번",
              "sex": "여성",
              "age": "20대"
            },
            "speechAct": "(지시) 질문하기",
            "morpheme": "엄청/MAG+중요/NNG+한/XSA+ETM+자료/NNG+였/VCP+EP+나/EF"
          },
          {
            "id": 13,
            "text": "2 : 고작 그것 때문에 사람을 때린다고?",
            "norm_text": "고작 그것 때문에 사람을 때린다고?",
            "speaker": {
              "id": "2번",
              "sex": "여성",
              "age": "20대"
            },
            "speechAct": "(지시) 질문하기",
            "morpheme": "고작/MAG+그것/NP+때문/NNB+에/JKB+사람/NNG+을/JKO+때린다고/VV+EC"
          },
          {
            "id": 14,
            "text": "1 : 별로 중요한 것도 아닌데 그 대리가 좀 분노 조절 장애임",
            "norm_text": "별로 중요한 것도 아닌데 그 대리가 좀 분노 조절 장애임",
            "speaker": {
              "id": "1번",
              "sex": "여성",
              "age": "20대"
            },
            "speechAct": "(단언) 주장하기",
            "morpheme": "별로/MAG+중요/NNG+한/XSA+ETM+것/NNB+도/JX+아닌데/VCN+EC+그/MM+대리/NNG+가/JKS+좀/MAG+분노/NNG+조절/NNG+장애/NNG+임/VCP+ETN"
          },
          {
            "id": 15,
            "text": "2 : 와... 주임은 퇴사 안 하나? 그건 범죄다",
            "norm_text": "와... 주임은 퇴사 안 하나? 그건 범죄다",
            "speaker": {
              "id": "2번",
              "sex": "여성",
              "age": "20대"
            },
            "speechAct": "(단언) 주장하기",
            "morpheme": "와/IC+./SY+주임/NNG+은/JX+퇴사/NNG+안/MAG+하/VV+나/EF+그건/NP+JX+범죄/NNG+다/VCP+EC"
          },
          {
            "id": 16,
            "text": "1 : 어 키키 경찰 불렀음",
            "norm_text": "어 키키 경찰 불렀음",
            "speaker": {
              "id": "1번",
              "sex": "여성",
              "age": "20대"
            },
            "speechAct": "(단언) 진술하기",
            "morpheme": "어키키경찰불렀음/UNKNOWN"
          },
          {
            "id": 17,
            "text": "1 : 씨씨티비 파일 분석해 달라고 난리 남",
            "norm_text": "씨씨티비 파일 분석해 달라고 난리 남",
            "speaker": {
              "id": "1번",
              "sex": "여성",
              "age": "20대"
            },
            "speechAct": "(단언) 진술하기",
            "morpheme": "씨씨/IC+티비/NNG+파일/NNG+분석/NNG+해/XSV+EC+달/VX+라고/EC+난리/NNG+남/NNG"
          },
          {
            "id": 18,
            "text": "2 : 니한테도 손찌검 하는 거 아님?",
            "norm_text": "니한테도 손찌검 하는 거 아님?",
            "speaker": {
              "id": "2번",
              "sex": "여성",
              "age": "20대"
            },
            "speechAct": "(지시) 질문하기",
            "morpheme": "니/NP+한테/JKB+도/JX+손찌검/NNG+하/XSV+는/ETM+거/NNB+아님/VCN+ETN"
          },
          {
            "id": 19,
            "text": "2 : ㄹㅇ 무서운데?",
            "norm_text": "ㄹㅇ 무서운데?",
            "speaker": {
              "id": "2번",
              "sex": "여성",
              "age": "20대"
            },
            "speechAct": "(지시) 질문하기",
            "morpheme": "ㄹㅇ무서운데/UNKNOWN"
          },
          {
            "id": 20,
            "text": "1 : 그나마 나한테는 안 그러는데 눈빛 자체가 무섭긴 함",
            "norm_text": "그나마 나한테는 안 그러는데 눈빛 자체가 무섭긴 함",
            "speaker": {
              "id": "1번",
              "sex": "여성",
              "age": "20대"
            },
            "speechAct": "(단언) 주장하기",
            "morpheme": "그나마/MAG+나/NP+한테/JKB+는/JX+안/MAG+그러/VV+는데/EC+눈빛/NNG+자체/NNG+가/JKS+무섭/VA+긴/ETN+JX+함/VX+ETN"
          },
          {
            "id": 21,
            "text": "2 : 그 대리도 조심하라고 해...",
            "norm_text": "그 대리도 조심하라고 해...",
            "speaker": {
              "id": "2번",
              "sex": "여성",
              "age": "20대"
            },
            "speechAct": "(단언) 주장하기",
            "morpheme": "그/MM+대리/NNG+도/JX+조심/NNG+하/XSV+라고/EC+해/VX+EF+./SY"
          },
          {
            "id": 22,
            "text": "2 : 회사에서 주먹질할 정도면 제정신 아님",
            "norm_text": "회사에서 주먹질할 정도면 제정신 아님",
            "speaker": {
              "id": "2번",
              "sex": "여성",
              "age": "20대"
            },
            "speechAct": "(단언) 주장하기",
            "morpheme": "회사/NNG+에서/JKB+주먹/NNG+질/XSN+할/XSV+ETM+정도/NNG+면/VCP+EC+제정신/NNG+아님/VCN+ETN"
          }
        ]
      }
    }
  ]
}