{
  "dataset": {
    "identifier": 62059,
    "name": "KAKAO_921_10_set",
    "src_path": "/data/file/cubeManager/PROJECT001/53/txt20211005161403038577/KAKAO_921_10_set/",
    "label_path": "/data/file/cubeManager/PROJECT001/53/txt20211005161403038577/KAKAO_921_10_set/",
    "category": 2,
    "type": 0
  },
  "licenses": {
    "name": "Apache License 1.0",
    "url": "http://www.apache.org/licenses/LICENSE-1.0"
  },
  "info": [
    {
      "id": 41987,
      "filename": "KAKAO_921_10.txt",
      "title": "KAKAO_921_10",
      "mediatype": "SNS",
      "medianame": "카카오톡",
      "category": "일상대화",
      "date": "2021-10-05",
      "size": 806,
      "annotations": {
        "subject": "스포츠/레저",
        "speaker_type": "1:1",
        "size": 806,
        "word_size": 258,
        "text": "1 : 이번에 올림픽 경기들 봤었엉? 키키\n2 : 응 키키 나 이번 올림픽 때 펜싱 보고 펜싱에 빠졌었잖아 키키\n1 : 키키 아 진짜? 펜싱 선수들이 다 잘생겼더라\n2 : 응 키키 그래서 흥미를 가졌었어\n2 : 근데 경기도 너무 재밌던데?\n2 : 처음엔 룰을 몰랐는데 알고 보니까 진짜 재밌더라\n1 : 키키 오오 룰도 익히게 됐구나 키키\n1 : 난 배구도 되게 재밌게 봤어\n2 : 아 맞아 키키 나도 김연경 선수밖에 몰랐었는데 이번 올릭핌 때 배구 선수들도 많이 알게 되고 경기도 너무 재밌게 봤었어\n1 : 그칭 키키 그리고 배구 한일전이 진짜 재밌었자나\n2 : 나 경기 생방송으로는 못 봤는데 유튜브에 클립으로 올라온 거 봤어 키키\n2 : 역전승 했던데 키키 멋있더라\n1 : 키키 그치 한일전은 뭐니뭐니 해도 역전승 해야지 키키\n1 : 이번 올림픽이 코로나 상황 속에서 진행돼도 뭔가 의미 있었던 것 같아 키키\n2 : 응 키키 나 처음엔 코로나 때문에 진행 시키는 게 맞나 싶었는데 선수들 보니까 해야 되는 게 맞았더라구\n2 : 너무 피땀 흘려 고생한 게 보이니까\n1 : 맞아 ㅜㅜ 키키\n1 : 그리고 양궁이 진짜 역대급이었잖아 키키\n2 : 응 키키 양궁 경기는 유튜브에서 계속 돌려 본 거 같아 키키\n2 : 제덕쿵야도 너무 귀엽고 키키\n1 : 키키 거의 영화였어\n1 : 남자 단체 결승전 키키 너무 멋있더라\n2 : 진짜로 키키\n2 : 근데 우리나라 양궁이 올림픽 나가서 금메달 따는 거보다 국가대표 되는 게 더 힘들대 키키\n1 : 키키 맞아 너무 뛰어난 선수들이 많으니깐\n1 : 흐흐 너무 자랑스럽다\n2 : 웅 이제 올림픽 3년 밖에 안 남았으니까 3년 뒤에 또 열심히 응원 해야겠다",
        "lines": [
          {
            "id": 1,
            "text": "1 : 이번에 올림픽 경기들 봤었엉? 키키",
            "norm_text": "이번에 올림픽 경기들 봤었엉? 키키",
            "speaker": {
              "id": "1번",
              "sex": "여성",
              "age": "20대"
            },
            "speechAct": "(지시) 질문하기",
            "morpheme": "이번/NNG+에/JKB+올림픽/NNP+경기/NNG+들/XSN+봤었/VV+EP+엉/EF+키/NNG+키/XSV+ETN"
          },
          {
            "id": 2,
            "text": "2 : 응 키키 나 이번 올림픽 때 펜싱 보고 펜싱에 빠졌었잖아 키키",
            "norm_text": "응 키키 나 이번 올림픽 때 펜싱 보고 펜싱에 빠졌었잖아 키키",
            "speaker": {
              "id": "2번",
              "sex": "여성",
              "age": "20대"
            },
            "speechAct": "(단언) 주장하기",
            "morpheme": "응/IC+키/NNG+키나/XSA+ETN+JX+이번/NNG+올림픽/NNP+때/NNG+펜싱/NNG+보고/JKB+펜싱/NNG+에/JKB+빠졌었/VV+EP+잖아/EF+키/NNG+키/XSV+ETN"
          },
          {
            "id": 3,
            "text": "1 : 키키 아 진짜? 펜싱 선수들이 다 잘생겼더라",
            "norm_text": "키키 아 진짜? 펜싱 선수들이 다 잘생겼더라",
            "speaker": {
              "id": "1번",
              "sex": "여성",
              "age": "20대"
            },
            "speechAct": "(단언) 주장하기",
            "morpheme": "키/NNG+키/VV+아/EC+진짜/MAG+펜싱/NNG+선수/NNG+들/XSN+이/JKS+다/MAG+잘/MAG+생겼/VV+EP+더라/EC"
          },
          {
            "id": 4,
            "text": "2 : 응 키키 그래서 흥미를 가졌었어",
            "norm_text": "응 키키 그래서 흥미를 가졌었어",
            "speaker": {
              "id": "2번",
              "sex": "여성",
              "age": "20대"
            },
            "speechAct": "(단언) 주장하기",
            "morpheme": "응/IC+키/NNG+키/XSV+ETN+그래서/MAJ+흥미/NNG+를/JKO+가졌었/VV+EP+어/EC"
          },
          {
            "id": 5,
            "text": "2 : 근데 경기도 너무 재밌던데?",
            "norm_text": "근데 경기도 너무 재밌던데?",
            "speaker": {
              "id": "2번",
              "sex": "여성",
              "age": "20대"
            },
            "speechAct": "(단언) 주장하기",
            "morpheme": "근데/MAJ+경기/NNG+도/JX+너무/MAG+재밌/VA+던데/EF"
          },
          {
            "id": 6,
            "text": "2 : 처음엔 룰을 몰랐는데 알고 보니까 진짜 재밌더라",
            "norm_text": "처음엔 룰을 몰랐는데 알고 보니까 진짜 재밌더라",
            "speaker": {
              "id": "2번",
              "sex": "여성",
              "age": "20대"
            },
            "speechAct": "(단언) 주장하기",
            "morpheme": "처음/NNG+엔/JKB+JX+룰/NNG+을/JKO+몰랐/VV+EP+는데/EC+알/VV+고/EC+보/VX+니까/EC+진짜/MAG+재밌/VA+더라/EC"
          },
          {
            "id": 7,
            "text": "1 : 키키 오오 룰도 익히게 됐구나 키키",
            "norm_text": "키키 오오 룰도 익히게 됐구나 키키",
            "speaker": {
              "id": "1번",
              "sex": "여성",
              "age": "20대"
            },
            "speechAct": "(단언) 주장하기",
            "morpheme": "키/NNG+키/XSV+ETN+오/NR+오/NR+룰/NNG+도/JX+익히/VV+게/EC+됐/VV+EP+구나/EF+키/NNG+키/XSV+ETN"
          },
          {
            "id": 8,
            "text": "1 : 난 배구도 되게 재밌게 봤어",
            "norm_text": "난 배구도 되게 재밌게 봤어",
            "speaker": {
              "id": "1번",
              "sex": "여성",
              "age": "20대"
            },
            "speechAct": "(단언) 주장하기",
            "morpheme": "난/NP+JX+배구/NNG+도/JX+되게/MAG+재밌/VA+게/EC+봤/VX+EP+어/EC"
          },
          {
            "id": 9,
            "text": "2 : 아 맞아 키키 나도 김연경 선수밖에 몰랐었는데 이번 올릭핌 때 배구 선수들도 많이 알게 되고 경기도 너무 재밌게 봤었어",
            "norm_text": "아 맞아 키키 나도 김연경 선수밖에 몰랐었는데 이번 올릭핌 때 배구 선수들도 많이 알게 되고 경기도 너무 재밌게 봤었어",
            "speaker": {
              "id": "2번",
              "sex": "여성",
              "age": "20대"
            },
            "speechAct": "(단언) 주장하기",
            "morpheme": "아/IC+맞/VV+아/EC+키/NNG+키나/XSA+ETN+JX+도/JX+김연경/NNP+선수/NNG+밖에/JX+몰랐었/VV+EP+는데/EC+이번/NNG+올릭/NNP+핌/NNP+때/NNG+배구/NNG+선수/NNG+들/XSN+도/JX+많이/MAG+알/VV+게/EC+되/VV+고/EC+경기/NNG+도/JX+너무/MAG+재밌/VA+게/EC+봤었/VX+EP+어/EC"
          },
          {
            "id": 10,
            "text": "1 : 그칭 키키 그리고 배구 한일전이 진짜 재밌었자나",
            "norm_text": "그칭 키키 그리고 배구 한일전이 진짜 재밌었자나",
            "speaker": {
              "id": "1번",
              "sex": "여성",
              "age": "20대"
            },
            "speechAct": "(단언) 주장하기",
            "morpheme": "그/MM+칭/NNG+키/NNG+키/XSV+ETN+그리고/MAJ+배구/NNG+한/XSA+ETM+일전/NNG+이/JKS+진짜/MAG+재밌/VA+었/EP+자/EC+나/VX"
          },
          {
            "id": 11,
            "text": "2 : 나 경기 생방송으로는 못 봤는데 유튜브에 클립으로 올라온 거 봤어 키키",
            "norm_text": "나 경기 생방송으로는 못 봤는데 유튜브에 클립으로 올라온 거 봤어 키키",
            "speaker": {
              "id": "2번",
              "sex": "여성",
              "age": "20대"
            },
            "speechAct": "(단언) 진술하기",
            "morpheme": "나경/NNG+기생/NNG+방송/NNG+으로/JKB+는/JX+못/MAG+봤/VV+EP+는데/EC+유튜브/NNP+에/JKB+클립/NNG+으로/JKB+올라온/VV+ETM+거/NNB+봤/VV+EP+어/EC+키/NNG+키/XSV+ETN"
          },
          {
            "id": 12,
            "text": "2 : 역전승 했던데 키키 멋있더라",
            "norm_text": "역전승 했던데 키키 멋있더라",
            "speaker": {
              "id": "2번",
              "sex": "여성",
              "age": "20대"
            },
            "speechAct": "(단언) 주장하기",
            "morpheme": "역전승/NNG+했/XSV+EP+던/ETM+데/NNB+키/NNG+키/XSV+ETN+멋있/VA+더라/EC"
          },
          {
            "id": 13,
            "text": "1 : 키키 그치 한일전은 뭐니뭐니 해도 역전승 해야지 키키",
            "norm_text": "키키 그치 한일전은 뭐니뭐니 해도 역전승 해야지 키키",
            "speaker": {
              "id": "1번",
              "sex": "여성",
              "age": "20대"
            },
            "speechAct": "(단언) 주장하기",
            "morpheme": "키/NNG+키/XSV+ETN+그치/IC+한일전/NNP+은/JX+뭐니뭐니/MAG+해도/VV+EC+역전승/NNG+해야지/XSV+EC+키/NNG+키/XSV+ETN"
          },
          {
            "id": 14,
            "text": "1 : 이번 올림픽이 코로나 상황 속에서 진행돼도 뭔가 의미 있었던 것 같아 키키",
            "norm_text": "이번 올림픽이 코로나 상황 속에서 진행돼도 뭔가 의미 있었던 것 같아 키키",
            "speaker": {
              "id": "1번",
              "sex": "여성",
              "age": "20대"
            },
            "speechAct": "(단언) 주장하기",
            "morpheme": "이번/NNG+올림픽/NNP+이/JKS+코로나/NNG+상황/NNG+속/NNG+에서/JKB+진행/NNG+돼도/XSV+EC+뭔가/NP+VCP+EC+의미/NNG+있/VV+었/EP+던/ETM+것/NNB+같/VA+아/EC+키/NNG+키/XSV+ETN"
          },
          {
            "id": 15,
            "text": "2 : 응 키키 나 처음엔 코로나 때문에 진행 시키는 게 맞나 싶었는데 선수들 보니까 해야 되는 게 맞았더라구",
            "norm_text": "응 키키 나 처음엔 코로나 때문에 진행 시키는 게 맞나 싶었는데 선수들 보니까 해야 되는 게 맞았더라구",
            "speaker": {
              "id": "2번",
              "sex": "여성",
              "age": "20대"
            },
            "speechAct": "(단언) 주장하기",
            "morpheme": "응/IC+키/NNG+키나/XSA+ETN+JX+처음/NNG+엔/JKB+JX+코로나/NNG+때문/NNB+에/JKB+진행/NNG+시키/XSV+는/ETM+게/NNB+JKS+맞/VV+나/EC+싶/VX+었/EP+는데/EC+선수/NNG+들/XSN+보/VV+니까/EC+해야/VV+EC+되/VV+는/ETM+게/NNB+JKS+맞/VV+았/EP+더라구/EC"
          },
          {
            "id": 16,
            "text": "2 : 너무 피땀 흘려 고생한 게 보이니까",
            "norm_text": "너무 피땀 흘려 고생한 게 보이니까",
            "speaker": {
              "id": "2번",
              "sex": "여성",
              "age": "20대"
            },
            "speechAct": "(단언) 주장하기",
            "morpheme": "너무/MAG+피땀/NNG+흘려/VV+EC+고생/NNG+한/XSA+ETM+게/NNB+JKS+보이/VV+니까/EC"
          },
          {
            "id": 17,
            "text": "1 : 맞아 ㅜㅜ 키키",
            "norm_text": "맞아 ㅜㅜ 키키",
            "speaker": {
              "id": "1번",
              "sex": "여성",
              "age": "20대"
            },
            "speechAct": "(단언) 주장하기",
            "morpheme": "맞아ㅜㅜ키키/UNKNOWN"
          },
          {
            "id": 18,
            "text": "1 : 그리고 양궁이 진짜 역대급이었잖아 키키",
            "norm_text": "그리고 양궁이 진짜 역대급이었잖아 키키",
            "speaker": {
              "id": "1번",
              "sex": "여성",
              "age": "20대"
            },
            "speechAct": "(단언) 주장하기",
            "morpheme": "그리고/MAJ+양궁/NNG+이/JKS+진짜/MAG+역대/NNG+급/NNG+이/VCP+었잖/EC+VX+아/EC+키/NNG+키/XSV+ETN"
          },
          {
            "id": 19,
            "text": "2 : 응 키키 양궁 경기는 유튜브에서 계속 돌려 본 거 같아 키키",
            "norm_text": "응 키키 양궁 경기는 유튜브에서 계속 돌려 본 거 같아 키키",
            "speaker": {
              "id": "2번",
              "sex": "여성",
              "age": "20대"
            },
            "speechAct": "(단언) 진술하기",
            "morpheme": "응/IC+키/NNG+키/NNG+양궁/NNG+경기/NNG+는/JX+유튜브/NNP+에서/JKB+계속/MAG+돌려본/VV+EC+VX+ETM+거/NNB+같/VA+아/EC+키/NNG+키/XSV+ETN"
          },
          {
            "id": 20,
            "text": "2 : 제덕쿵야도 너무 귀엽고 키키",
            "norm_text": "제덕쿵야도 너무 귀엽고 키키",
            "speaker": {
              "id": "2번",
              "sex": "여성",
              "age": "20대"
            },
            "speechAct": "(단언) 주장하기",
            "morpheme": "제덕/NNG+쿵/NNG+야/JX+도/JX+너무/MAG+귀엽/VA+고/EC+키/NNG+키/XSV+ETN"
          },
          {
            "id": 21,
            "text": "1 : 키키 거의 영화였어",
            "norm_text": "키키 거의 영화였어",
            "speaker": {
              "id": "1번",
              "sex": "여성",
              "age": "20대"
            },
            "speechAct": "(단언) 주장하기",
            "morpheme": "키/NNG+키/NNG+거의/MAG+영화/NNG+였/VCP+EP+어/EC"
          },
          {
            "id": 22,
            "text": "1 : 남자 단체 결승전 키키 너무 멋있더라",
            "norm_text": "남자 단체 결승전 키키 너무 멋있더라",
            "speaker": {
              "id": "1번",
              "sex": "여성",
              "age": "20대"
            },
            "speechAct": "(단언) 주장하기",
            "morpheme": "남자/NNG+단체/NNG+결승전/NNG+키/NNG+키/NNG+너무/MAG+멋있/VA+더라/EC"
          },
          {
            "id": 23,
            "text": "2 : 진짜로 키키",
            "norm_text": "진짜로 키키",
            "speaker": {
              "id": "2번",
              "sex": "여성",
              "age": "20대"
            },
            "speechAct": "턴토크 사인(관습적 반응)",
            "morpheme": "진짜/MAG+로키/NNG+키/XSV+ETN"
          },
          {
            "id": 24,
            "text": "2 : 근데 우리나라 양궁이 올림픽 나가서 금메달 따는 거보다 국가대표 되는 게 더 힘들대 키키",
            "norm_text": "근데 우리나라 양궁이 올림픽 나가서 금메달 따는 거보다 국가대표 되는 게 더 힘들대 키키",
            "speaker": {
              "id": "2번",
              "sex": "여성",
              "age": "20대"
            },
            "speechAct": "(단언) 진술하기",
            "morpheme": "근데/MAJ+우리/NP+나라/NNG+양궁/NNG+이/JKS+올림픽/NNP+나가/VV+서/EC+금메달/NNG+따/VV+는/ETM+거/NNB+보다/JKB+국가/NNG+대표/NNG+되/XSV+는/ETM+게/NNB+JKS+더/MAG+힘들/VA+ETM+대/XPN+키/NNG+키/XSV+ETN"
          },
          {
            "id": 25,
            "text": "1 : 키키 맞아 너무 뛰어난 선수들이 많으니깐",
            "norm_text": "키키 맞아 너무 뛰어난 선수들이 많으니깐",
            "speaker": {
              "id": "1번",
              "sex": "여성",
              "age": "20대"
            },
            "speechAct": "(단언) 주장하기",
            "morpheme": "키/NNG+키/XSV+ETN+맞/VV+아/EC+너무/MAG+뛰어난/VA+ETM+선수/NNG+들/XSN+이/JKS+많/VA+으니깐/EC"
          },
          {
            "id": 26,
            "text": "1 : 흐흐 너무 자랑스럽다",
            "norm_text": "흐흐 너무 자랑스럽다",
            "speaker": {
              "id": "1번",
              "sex": "여성",
              "age": "20대"
            },
            "speechAct": "(표현) 긍정감정 표현하기",
            "morpheme": "흐흐/MAG+너무/MAG+자랑/NNG+스럽/XSA+다/EC"
          },
          {
            "id": 27,
            "text": "2 : 웅 이제 올림픽 3년 밖에 안 남았으니까 3년 뒤에 또 열심히 응원 해야겠다",
            "norm_text": "웅 이제 올림픽 3년 밖에 안 남았으니까 3년 뒤에 또 열심히 응원 해야겠다",
            "speaker": {
              "id": "2번",
              "sex": "여성",
              "age": "20대"
            },
            "speechAct": "(단언) 주장하기",
            "morpheme": "웅/IC+이제/MAG+올림픽/NNP+3/SN+년/NNBC+밖에/JX+안/MAG+남/VV+았/EP+으니까/EC+3/SN+년/NNBC+뒤/NNG+에/JKB+또/MAG+열심히/MAG+응원/NNG+해야/XSV+EC+VX+겠/EP+다/EC"
          }
        ]
      }
    }
  ]
}