{
  "dataset": {
    "identifier": 63343,
    "name": "KAKAO_914_13_set",
    "src_path": "/data/file/cubeManager/PROJECT001/53/txt202110051614300787105/KAKAO_914_13_set/",
    "label_path": "/data/file/cubeManager/PROJECT001/53/txt202110051614300787105/KAKAO_914_13_set/",
    "category": 2,
    "type": 0
  },
  "licenses": {
    "name": "Apache License 1.0",
    "url": "http://www.apache.org/licenses/LICENSE-1.0"
  },
  "info": [
    {
      "id": 42030,
      "filename": "KAKAO_914_13.txt",
      "title": "KAKAO_914_13",
      "mediatype": "SNS",
      "medianame": "카카오톡",
      "category": "일상대화",
      "date": "2021-10-05",
      "size": 436,
      "annotations": {
        "subject": "계절/날씨",
        "speaker_type": "1:1",
        "size": 436,
        "word_size": 155,
        "text": "1 : 가을이라서 지금 딱 가면 좋은데 키키\n2 : 완전 ㅠㅠ 나 지금 맘은 이미 해외라고 키키\n1 : 아? 마음은? 키키\n1 : 진짜 나도 그렇다 지금 딱 놀 때 가야 하는데\n2 : 키키 아니 이 좋은 날씨에 날마다 쉬는 기회가 아니라고 가야 하는데...\n1 : 그러니까 진짜 오늘도 날씨가 아주 좋네\n2 : 키키 오늘 밖에 나갈 겨? 키키\n1 : 노노 나 피부과 갔다 와서 햇빛 못 봄 키키\n2 : 아 키키 안타깝 키키\n2 : 아 공원이라도 나가야 하나\n1 : 키키 나갔다 온나\n1 : 동생들 왔다며 끌고 나가 키키\n2 : 키키 귀찮아... 나가도 혼자 나갈래 키키\n1 : 아 그게 더 힘드려나 키키\n2 : 응 키키 혼자 후딱 갔다 오는 게 맘 편한 키키\n1 : 그것도 그렇지 키키\n1 : 이제 다 일어났나?\n2 : 응 키키 밥 하라고 시킴\n1 : 역시 동생들 있으니까 좋네 키키\n2 : 키키 편하고 좋지 키키",
        "lines": [
          {
            "id": 1,
            "text": "1 : 가을이라서 지금 딱 가면 좋은데 키키",
            "norm_text": "가을이라서 지금 딱 가면 좋은데 키키",
            "speaker": {
              "id": "1번",
              "sex": "남성",
              "age": "20대"
            },
            "speechAct": "(단언) 주장하기",
            "morpheme": "가을/NNG+이/VCP+라서/EC+지금/MAG+딱/MAG+가/VV+면/EC+좋/VA+은데/EC+키/NNG+키/XSV+ETN"
          },
          {
            "id": 2,
            "text": "2 : 완전 ㅠㅠ 나 지금 맘은 이미 해외라고 키키",
            "norm_text": "완전 ㅠㅠ 나 지금 맘은 이미 해외라고 키키",
            "speaker": {
              "id": "2번",
              "sex": "여성",
              "age": "20대"
            },
            "speechAct": "(단언) 주장하기",
            "morpheme": "완전/NNG+ㅠㅠ/UNKNOWN+나/NP+지금/MAG+맘/NNG+은/JX+이미/MAG+해외/NNG+라고/VCP+EC+키/NNG+키/XSV+ETN"
          },
          {
            "id": 3,
            "text": "1 : 아? 마음은? 키키",
            "norm_text": "아? 마음은? 키키",
            "speaker": {
              "id": "1번",
              "sex": "남성",
              "age": "20대"
            },
            "speechAct": "(지시) 질문하기",
            "morpheme": "아/IC+마음/NNG+은/JX+?/SY+키/NNG+키/XSV+ETN"
          },
          {
            "id": 4,
            "text": "1 : 진짜 나도 그렇다 지금 딱 놀 때 가야 하는데",
            "norm_text": "진짜 나도 그렇다 지금 딱 놀 때 가야 하는데",
            "speaker": {
              "id": "1번",
              "sex": "남성",
              "age": "20대"
            },
            "speechAct": "(단언) 주장하기",
            "morpheme": "진짜/MAG+나/NP+도/JX+그렇/VA+다/EF+지금/MAG+딱/MAG+놀/VV+ETM+때/NNG+가/JKS+야하/VA+는데/EC"
          },
          {
            "id": 5,
            "text": "2 : 키키 아니 이 좋은 날씨에 날마다 쉬는 기회가 아니라고 가야 하는데...",
            "norm_text": "키키 아니 이 좋은 날씨에 날마다 쉬는 기회가 아니라고 가야 하는데...",
            "speaker": {
              "id": "2번",
              "sex": "여성",
              "age": "20대"
            },
            "speechAct": "(단언) 주장하기",
            "morpheme": "키/NNG+키/XSV+ETN+아니/VCN+이/JKS+좋/VA+은/ETM+날씨/NNG+에/JKB+날/NNG+마다/JX+쉬/VV+는/ETM+기회/NNG+가/JKC+아니/VCN+라고/EC+가/VX+야/EC+하/VV+는데/EC+./SY+./SY"
          },
          {
            "id": 6,
            "text": "1 : 그러니까 진짜 오늘도 날씨가 아주 좋네",
            "norm_text": "그러니까 진짜 오늘도 날씨가 아주 좋네",
            "speaker": {
              "id": "1번",
              "sex": "남성",
              "age": "20대"
            },
            "speechAct": "(단언) 주장하기",
            "morpheme": "그러니까/MAJ+진짜/MAG+오늘/NNG+도/JX+날씨/NNG+가/JKS+아주/MAG+좋/VA+네/EC"
          },
          {
            "id": 7,
            "text": "2 : 키키 오늘 밖에 나갈 겨? 키키",
            "norm_text": "키키 오늘 밖에 나갈 겨? 키키",
            "speaker": {
              "id": "2번",
              "sex": "여성",
              "age": "20대"
            },
            "speechAct": "(지시) 질문하기",
            "morpheme": "키/NNG+키/NNG+오늘/NNG+밖에/JX+나갈/VV+ETM+겨/NNB+VCP+EF+키/NNG+키/XSV+ETN"
          },
          {
            "id": 8,
            "text": "1 : 노노 나 피부과 갔다 와서 햇빛 못 봄 키키",
            "norm_text": "노노 나 피부과 갔다 와서 햇빛 못 봄 키키",
            "speaker": {
              "id": "1번",
              "sex": "남성",
              "age": "20대"
            },
            "speechAct": "(언약) 거절하기",
            "morpheme": "노노/IC+나/NP+피부과/NNG+갔/VV+EP+다/EC+와서/VV+EC+햇빛/NNG+못/MAG+봄/VV+ETN+키/NNG+키/XSV+ETN"
          },
          {
            "id": 9,
            "text": "2 : 아 키키 안타깝 키키",
            "norm_text": "아 키키 안타깝 키키",
            "speaker": {
              "id": "2번",
              "sex": "여성",
              "age": "20대"
            },
            "speechAct": "(단언) 주장하기",
            "morpheme": "아키키안타깝키키/UNKNOWN"
          },
          {
            "id": 10,
            "text": "2 : 아 공원이라도 나가야 하나",
            "norm_text": "아 공원이라도 나가야 하나",
            "speaker": {
              "id": "2번",
              "sex": "여성",
              "age": "20대"
            },
            "speechAct": "(지시) 질문하기",
            "morpheme": "아/IC+공원/NNG+이/VCP+라도/EC+나가/VX+야/EF+하나/NR"
          },
          {
            "id": 11,
            "text": "1 : 키키 나갔다 온나",
            "norm_text": "키키 나갔다 온나",
            "speaker": {
              "id": "1번",
              "sex": "남성",
              "age": "20대"
            },
            "speechAct": "(단언) 주장하기",
            "morpheme": "키/NNG+키나/XSA+ETN+JX+갔/VV+EP+다/EC+온나/VX+EC"
          },
          {
            "id": 12,
            "text": "1 : 동생들 왔다며 끌고 나가 키키",
            "norm_text": "동생들 왔다며 끌고 나가 키키",
            "speaker": {
              "id": "1번",
              "sex": "남성",
              "age": "20대"
            },
            "speechAct": "(지시) 충고/제안하기",
            "morpheme": "동생/NNG+들/XSN+왔/VV+EP+다며/EC+끌/VV+고/EC+나/NP+가/JKS+키/NNG+키/XSV+ETN"
          },
          {
            "id": 13,
            "text": "2 : 키키 귀찮아... 나가도 혼자 나갈래 키키",
            "norm_text": "키키 귀찮아... 나가도 혼자 나갈래 키키",
            "speaker": {
              "id": "2번",
              "sex": "여성",
              "age": "20대"
            },
            "speechAct": "(단언) 주장하기",
            "morpheme": "키/NNG+키/XSV+ETN+귀찮/VA+아/EF+./SY+나가/VV+EC+도/JX+혼자/MAG+나갈래/VV+EC+키/NNG+키/XSV+ETN"
          },
          {
            "id": 14,
            "text": "1 : 아 그게 더 힘드려나 키키",
            "norm_text": "아 그게 더 힘드려나 키키",
            "speaker": {
              "id": "1번",
              "sex": "남성",
              "age": "20대"
            },
            "speechAct": "(지시) 질문하기",
            "morpheme": "아/IC+그게/NP+JKS+더/MAG+힘드/VA+려나/EC+키/NNG+키/XSV+ETN"
          },
          {
            "id": 15,
            "text": "2 : 응 키키 혼자 후딱 갔다 오는 게 맘 편한 키키",
            "norm_text": "응 키키 혼자 후딱 갔다 오는 게 맘 편한 키키",
            "speaker": {
              "id": "2번",
              "sex": "여성",
              "age": "20대"
            },
            "speechAct": "(단언) 주장하기",
            "morpheme": "응/IC+키/NNG+키/NNG+혼자/NNG+후딱/MAG+갔다오/VV+는/ETM+게/NNB+JKS+맘/NNG+편한/VA+ETM+키/NNG+키/XSV+ETN"
          },
          {
            "id": 16,
            "text": "1 : 그것도 그렇지 키키",
            "norm_text": "그것도 그렇지 키키",
            "speaker": {
              "id": "1번",
              "sex": "남성",
              "age": "20대"
            },
            "speechAct": "(단언) 주장하기",
            "morpheme": "그것/NP+도/JX+그렇/VA+지/EC+키/NNG+키/XSV+ETN"
          },
          {
            "id": 17,
            "text": "1 : 이제 다 일어났나?",
            "norm_text": "이제 다 일어났나?",
            "speaker": {
              "id": "1번",
              "sex": "남성",
              "age": "20대"
            },
            "speechAct": "(지시) 질문하기",
            "morpheme": "이제/MAG+다/MAG+일어났/VV+EP+나/EF"
          },
          {
            "id": 18,
            "text": "2 : 응 키키 밥 하라고 시킴",
            "norm_text": "응 키키 밥 하라고 시킴",
            "speaker": {
              "id": "2번",
              "sex": "여성",
              "age": "20대"
            },
            "speechAct": "(단언) 진술하기",
            "morpheme": "응/IC+키/NNG+키/NNG+밥/NNG+하/XSV+라고/EC+시킴/VV+ETN"
          },
          {
            "id": 19,
            "text": "1 : 역시 동생들 있으니까 좋네 키키",
            "norm_text": "역시 동생들 있으니까 좋네 키키",
            "speaker": {
              "id": "1번",
              "sex": "남성",
              "age": "20대"
            },
            "speechAct": "(단언) 주장하기",
            "morpheme": "역시/MAJ+동생/NNG+들/XSN+있/VA+으니까/EC+좋/VA+네/EF+키/NNG+키/XSV+ETN"
          },
          {
            "id": 20,
            "text": "2 : 키키 편하고 좋지 키키",
            "norm_text": "키키 편하고 좋지 키키",
            "speaker": {
              "id": "2번",
              "sex": "여성",
              "age": "20대"
            },
            "speechAct": "(단언) 주장하기",
            "morpheme": "키/NNG+키/XSV+ETN+편하/VA+고/EC+좋/VA+지/EC+키/NNG+키/XSV+ETN"
          }
        ]
      }
    }
  ]
}