{
  "dataset": {
    "identifier": 63397,
    "name": "KAKAO_911_04_set",
    "src_path": "/data/file/cubeManager/PROJECT001/53/txt20211005154123063513/KAKAO_911_04_set/",
    "label_path": "/data/file/cubeManager/PROJECT001/53/txt20211005154123063513/KAKAO_911_04_set/",
    "category": 2,
    "type": 0
  },
  "licenses": {
    "name": "Apache License 1.0",
    "url": "http://www.apache.org/licenses/LICENSE-1.0"
  },
  "info": [
    {
      "id": 41601,
      "filename": "KAKAO_911_04.txt",
      "title": "KAKAO_911_04",
      "mediatype": "SNS",
      "medianame": "카카오톡",
      "category": "일상대화",
      "date": "2021-10-05",
      "size": 575,
      "annotations": {
        "subject": "회사/아르바이트",
        "speaker_type": "1:1",
        "size": 575,
        "word_size": 186,
        "text": "1 : 나는 여객선이 첫 직장 생활이었음\n2 : 나도 여객선이 첫 직장 ㅋ 대학 동아리 같고 재밌었는데 하하\n1 : 짧았지만 재밌었다 키키 회식이 재밌었지 키키\n2 : 생각해보면 둘 다 첫 직장에서 알게 되고 10년 다됐네 키키\n2 : 지금 다니는 데는 어떻노? 하하\n1 : 좋았는데 키키 코로나 때매 작살 났지 머\n2 : 한국 얼마 전에 코로나 엄청 늘었다던데 상황이 나아지질 않네\n1 : 내 말이 ㅠㅠ 너는 지금 회사는 왜 사직서 낸 거임?\n2 : 작년 말부터 연봉 조정해야겠다고 가만있는 사람한테 바람 넣더만 벌써 1년이 다돼감 키키 걍 답 없는 거 같아서 하하\n1 : 헐 결국 연봉 협상 이런 게 결렬돼서 그런 이유가 크네\n2 : 협상 그런 거도 없다 키키 갑자기 없던 평가 제도 생겨서 뭔가 이상하게 꼬임 키키\n1 : 업무 같은 거는 ? 힘들거나 그렇진 않았고?\n2 : 일 자체는 재밌었지 ㅎ 원래 프로그래밍 좋아하니까 하하\n1 : 그럼 다음 이직도 똑같은 업종으로?\n2 : 아마 다른 업종일 듯 ㅋ 취미나 부업으로 해야 할 꺼 같다 키키\n1 : 경력도 많고 하니까 더 좋은 데로 이직 되겠지\n2 : IT 하면서 딱히 좋았던 적이 없었던 거 같아서",
        "lines": [
          {
            "id": 1,
            "text": "1 : 나는 여객선이 첫 직장 생활이었음",
            "norm_text": "나는 여객선이 첫 직장 생활이었음",
            "speaker": {
              "id": "1번",
              "sex": "여성",
              "age": "30대"
            },
            "speechAct": "(단언) 진술하기",
            "morpheme": "나/NP+는/JX+여객선/NNG+이/JKS+첫/MM+직장/NNG+생활/NNG+이/VCP+었/EP+음/ETN"
          },
          {
            "id": 2,
            "text": "2 : 나도 여객선이 첫 직장 ㅋ 대학 동아리 같고 재밌었는데 하하",
            "norm_text": "나도 여객선이 첫 직장 ㅋ 대학 동아리 같고 재밌었는데 하하",
            "speaker": {
              "id": "2번",
              "sex": "남성",
              "age": "30대"
            },
            "speechAct": "(단언) 진술하기",
            "morpheme": "나/NP+도/JX+여객선/NNG+이/JKS+첫/MM+직장/NNG+ㅋ/UNKNOWN+대학/NNG+동아리/NNG+같/VA+고/EC+재밌/VA+었/EP+는데/EC+하하/MAG"
          },
          {
            "id": 3,
            "text": "1 : 짧았지만 재밌었다 키키 회식이 재밌었지 키키",
            "norm_text": "짧았지만 재밌었다 키키 회식이 재밌었지 키키",
            "speaker": {
              "id": "1번",
              "sex": "여성",
              "age": "30대"
            },
            "speechAct": "(단언) 진술하기",
            "morpheme": "짧/VA+았/EP+지만/EC+재밌/VA+었/EP+다키키/NNP+회식/NNG+이/JKS+재밌/VA+었/EP+지/EC+키/NNG+키/XSV+ETN"
          },
          {
            "id": 4,
            "text": "2 : 생각해보면 둘 다 첫 직장에서 알게 되고 10년 다됐네 키키",
            "norm_text": "생각해보면 둘 다 첫 직장에서 알게 되고 10년 다됐네 키키",
            "speaker": {
              "id": "2번",
              "sex": "남성",
              "age": "30대"
            },
            "speechAct": "(단언) 진술하기",
            "morpheme": "생각/NNG+해/XSV+EC+보/VX+면/EC+둘/VX+ETM+다/MAG+첫/MM+직장/NNG+에서/JKB+알/VV+게/EC+되/VV+고/EC+10/SN+년/NNBC+다/MAG+됐/VV+EP+네/EF+키/NNG+키/XSV+ETN"
          },
          {
            "id": 5,
            "text": "2 : 지금 다니는 데는 어떻노? 하하",
            "norm_text": "지금 다니는 데는 어떻노? 하하",
            "speaker": {
              "id": "2번",
              "sex": "남성",
              "age": "30대"
            },
            "speechAct": "(지시) 질문하기",
            "morpheme": "지금/MAG+다니/VV+는/ETM+데/NNB+는/JX+어떻/VA+노/EF+하하/MAG"
          },
          {
            "id": 6,
            "text": "1 : 좋았는데 키키 코로나 때매 작살 났지 머",
            "norm_text": "좋았는데 키키 코로나 때매 작살 났지 머",
            "speaker": {
              "id": "1번",
              "sex": "여성",
              "age": "30대"
            },
            "speechAct": "(단언) 주장하기",
            "morpheme": "좋/VA+았/EP+는데/EC+키키/NNP+코로나/NNP+때/NNG+매/VV+EC+작살났/VV+EP+지/EF+머/NP"
          },
          {
            "id": 7,
            "text": "2 : 한국 얼마 전에 코로나 엄청 늘었다던데 상황이 나아지질 않네",
            "norm_text": "한국 얼마 전에 코로나 엄청 늘었다던데 상황이 나아지질 않네",
            "speaker": {
              "id": "2번",
              "sex": "남성",
              "age": "30대"
            },
            "speechAct": "(단언) 진술하기",
            "morpheme": "한국/NNP+얼마/NNG+전/NNG+에/JKB+코로나/NNG+엄청/MAG+늘/VV+었/EP+다던데/EC+상황/NNG+이나/JX+아/VV+지질/EC+VX+EC+JKO+않/VV+네/EC"
          },
          {
            "id": 8,
            "text": "1 : 내 말이 ㅠㅠ 너는 지금 회사는 왜 사직서 낸 거임?",
            "norm_text": "내 말이 ㅠㅠ 너는 지금 회사는 왜 사직서 낸 거임?",
            "speaker": {
              "id": "1번",
              "sex": "여성",
              "age": "30대"
            },
            "speechAct": "(지시) 질문하기",
            "morpheme": "내말이/NP+JKG+NNG+JKS+ㅠㅠ/UNKNOWN+너/NP+는/JX+지금/MAG+회사/NNG+는/JX+왜/MAG+사직서/NNG+낸/VV+ETM+거/NNB+임/VCP+ETN"
          },
          {
            "id": 9,
            "text": "2 : 작년 말부터 연봉 조정해야겠다고 가만있는 사람한테 바람 넣더만 벌써 1년이 다돼감 키키 걍 답 없는 거 같아서 하하",
            "norm_text": "작년 말부터 연봉 조정해야겠다고 가만있는 사람한테 바람 넣더만 벌써 1년이 다돼감 키키 걍 답 없는 거 같아서 하하",
            "speaker": {
              "id": "2번",
              "sex": "남성",
              "age": "30대"
            },
            "speechAct": "(단언) 진술하기",
            "morpheme": "작년/NNG+말/NNB+부터/JX+연봉/NNG+조정/NNG+해야/XSV+EC+VX+겠/EP+다고/EC+가만있/VV+는/ETM+사람/NNG+한테/JKB+바람/NNG+넣/VV+더만/EC+벌써/MAG+1/SN+년/NNBC+이/JKS+다/MAG+돼/VV+EC+감/VX+ETN+키/NNG+키/XSV+ETN+걍답/UNKNOWN+없/VA+는/ETM+거/NNB+같/VA+아서/EC+하하/MAG"
          },
          {
            "id": 10,
            "text": "1 : 헐 결국 연봉 협상 이런 게 결렬돼서 그런 이유가 크네",
            "norm_text": "헐 결국 연봉 협상 이런 게 결렬돼서 그런 이유가 크네",
            "speaker": {
              "id": "1번",
              "sex": "여성",
              "age": "30대"
            },
            "speechAct": "(단언) 진술하기",
            "morpheme": "헐/IC+결국/MAG+연봉/NNG+협상/NNG+이런/MM+게/NNB+JKS+결렬/NNG+돼서/XSV+EC+그런/MM+이유/NNG+가/JKS+크/VA+네/EC"
          },
          {
            "id": 11,
            "text": "2 : 협상 그런 거도 없다 키키 갑자기 없던 평가 제도 생겨서 뭔가 이상하게 꼬임 키키",
            "norm_text": "협상 그런 거도 없다 키키 갑자기 없던 평가 제도 생겨서 뭔가 이상하게 꼬임 키키",
            "speaker": {
              "id": "2번",
              "sex": "남성",
              "age": "30대"
            },
            "speechAct": "(단언) 진술하기",
            "morpheme": "협상/NNG+그런/MM+거/NNB+도/JX+없/VA+다키키/NNP+갑자기/MAG+없/VA+던/ETM+평가/NNG+제도/NNG+생겨서/VV+EC+뭔가/NP+VCP+EC+이상/NNG+하/XSV+게/EC+꼬임/NNG+키/NNG+키/XSV+ETN"
          },
          {
            "id": 12,
            "text": "1 : 업무 같은 거는 ? 힘들거나 그렇진 않았고?",
            "norm_text": "업무 같은 거는 ? 힘들거나 그렇진 않았고?",
            "speaker": {
              "id": "1번",
              "sex": "여성",
              "age": "30대"
            },
            "speechAct": "(지시) 질문하기",
            "morpheme": "업무/NNG+같/VA+은/ETM+거/NNB+는/JX+힘들/VA+거나/EC+그렇/VA+진/EC+JX+않/VX+았/EP+고/EC"
          },
          {
            "id": 13,
            "text": "2 : 일 자체는 재밌었지 ㅎ 원래 프로그래밍 좋아하니까 하하",
            "norm_text": "일 자체는 재밌었지 ㅎ 원래 프로그래밍 좋아하니까 하하",
            "speaker": {
              "id": "2번",
              "sex": "남성",
              "age": "30대"
            },
            "speechAct": "(단언) 진술하기",
            "morpheme": "일/NR+자체/NNG+는/JX+재밌/VA+었/EP+지/EF+ㅎ/XSA+원래/MAG+프로그래밍/NNG+좋/VA+아/EC+하/VV+니까/EC+하하/MAG"
          },
          {
            "id": 14,
            "text": "1 : 그럼 다음 이직도 똑같은 업종으로?",
            "norm_text": "그럼 다음 이직도 똑같은 업종으로?",
            "speaker": {
              "id": "1번",
              "sex": "여성",
              "age": "30대"
            },
            "speechAct": "(지시) 질문하기",
            "morpheme": "그럼/MAJ+다음/NNG+이/JKS+직/NNG+도/JX+똑같/VA+은/ETM+업종/NNG+으로/JKB"
          },
          {
            "id": 15,
            "text": "2 : 아마 다른 업종일 듯 ㅋ 취미나 부업으로 해야 할 꺼 같다 키키",
            "norm_text": "아마 다른 업종일 듯 ㅋ 취미나 부업으로 해야 할 꺼 같다 키키",
            "speaker": {
              "id": "2번",
              "sex": "남성",
              "age": "30대"
            },
            "speechAct": "(단언) 주장하기",
            "morpheme": "아마/MAG+다른/MM+업종/NNG+일/VCP+ETM+듯ㅋ/UNKNOWN+취미/NNG+나/JC+부업/NNG+으로/JKB+해야/VV+EC+할꺼/VV+EF+같/VA+다키키/NNP"
          },
          {
            "id": 16,
            "text": "1 : 경력도 많고 하니까 더 좋은 데로 이직 되겠지",
            "norm_text": "경력도 많고 하니까 더 좋은 데로 이직 되겠지",
            "speaker": {
              "id": "1번",
              "sex": "여성",
              "age": "30대"
            },
            "speechAct": "(단언) 주장하기",
            "morpheme": "경력/NNG+도/JX+많/VA+고/EC+하/VV+니까/EC+더/MAG+좋/VA+은/ETM+데/NNB+로/JKB+이직/NNG+되/XSV+겠/EP+지/EC"
          },
          {
            "id": 17,
            "text": "2 : IT 하면서 딱히 좋았던 적이 없었던 거 같아서",
            "norm_text": "IT 하면서 딱히 좋았던 적이 없었던 거 같아서",
            "speaker": {
              "id": "2번",
              "sex": "남성",
              "age": "30대"
            },
            "speechAct": "(단언) 진술하기",
            "morpheme": "IT/SL+하/XSV+면서/EC+딱히/MAG+좋/VA+았/EP+던/ETM+적/NNB+이/JKS+없/VA+었/EP+던/ETM+거/NNB+같/VA+아서/EC"
          }
        ]
      }
    }
  ]
}