{
  "dataset": {
    "identifier": 63369,
    "name": "KAKAO_912_06_set",
    "src_path": "/data/file/cubeManager/PROJECT001/53/txt20211005154135009815/KAKAO_912_06_set/",
    "label_path": "/data/file/cubeManager/PROJECT001/53/txt20211005154135009815/KAKAO_912_06_set/",
    "category": 2,
    "type": 0
  },
  "licenses": {
    "name": "Apache License 1.0",
    "url": "http://www.apache.org/licenses/LICENSE-1.0"
  },
  "info": [
    {
      "id": 41623,
      "filename": "KAKAO_912_06.txt",
      "title": "KAKAO_912_06",
      "mediatype": "SNS",
      "medianame": "카카오톡",
      "category": "일상대화",
      "date": "2021-10-05",
      "size": 516,
      "annotations": {
        "subject": "교육",
        "speaker_type": "1:1",
        "size": 516,
        "word_size": 161,
        "text": "1 : 원래 학교 다닐 때는 진학 어디로 하려고 했었어? ㅋ\n2 : 나는 서울에 있는 학교에 가고 싶었지. 상대 가고 싶었어\n1 : 상대? 의외당 키키 나는 원래 진학 희망 학교가 없었는데 키키\n2 : 키키 그냥 멋져 보여서? 하하 경영학 이런 거\n1 : 그런 거 왠지 멋져 보이긴 하지 키키\n2 : 희망 학교는 없었어도 하고 싶은 건 있었어?\n1 : 모르겠어 키키 넘 공부를 안 해서 키키 아 인하공전 가고 싶었어\n2 : 아 근데 인하공전 잘 어울린다.\n1 : 키키 근데 성적이 조금씩 오르면서 계속 바꼈어 키키\n2 : 키키 생각보다 너무 성적이 좋아져서 진로가 바뀌었구나\n1 : 응 키키 막판에는 교대 갈까 생각했는데 역부족이었지 키키\n2 : 그래도 교대나 사범대나 비슷하잖아\n1 : 근데 교대 갔어도 노답이었을 듯. 초등학교 선생님이라니 으아 ㅠㅠ\n2 : 키키 미래를 봤을 때는 초딩 선생님보다 지금이 너랑 잘 맞는 것 같아\n1 : 맞아 키키 초등학생들을 가르친다는 건 엄두도 못 내겠네\n2 : 응 거의 초등학교 저학년은 유치원 선생님 느낌이래",
        "lines": [
          {
            "id": 1,
            "text": "1 : 원래 학교 다닐 때는 진학 어디로 하려고 했었어? ㅋ",
            "norm_text": "원래 학교 다닐 때는 진학 어디로 하려고 했었어? ㅋ",
            "speaker": {
              "id": "1번",
              "sex": "여성",
              "age": "30대"
            },
            "speechAct": "(지시) 질문하기",
            "morpheme": "원래/MAG+학교/NNG+다닐/VV+ETM+때/NNG+는/JX+진학/NNG+어디/NP+로/JKB+하/VV+려고/EC+했었/VX+EP+어/EF+ㅋ/UNKNOWN"
          },
          {
            "id": 2,
            "text": "2 : 나는 서울에 있는 학교에 가고 싶었지. 상대 가고 싶었어",
            "norm_text": "나는 서울에 있는 학교에 가고 싶었지. 상대 가고 싶었어",
            "speaker": {
              "id": "2번",
              "sex": "여성",
              "age": "30대"
            },
            "speechAct": "(단언) 진술하기",
            "morpheme": "나/NP+는/JX+서울/NNP+에/JKB+있/VV+는/ETM+학교/NNG+에/JKB+가/VV+고/EC+싶/VX+었/EP+지/EF+상대/NNG+가/VV+고/EC+싶/VX+었/EP+어/EC"
          },
          {
            "id": 3,
            "text": "1 : 상대? 의외당 키키 나는 원래 진학 희망 학교가 없었는데 키키",
            "norm_text": "상대? 의외당 키키 나는 원래 진학 희망 학교가 없었는데 키키",
            "speaker": {
              "id": "1번",
              "sex": "여성",
              "age": "30대"
            },
            "speechAct": "(단언) 진술하기",
            "morpheme": "상대/NNG+?/SY+의/JKG+외당/NNG+키/NNG+키나/XSA+ETN+JX+는/JX+원래/MAG+진학/NNG+희망/NNG+학교/NNG+가/JKS+없/VA+었/EP+는데/EC+키/NNG+키/XSV+ETN"
          },
          {
            "id": 4,
            "text": "2 : 키키 그냥 멋져 보여서? 하하 경영학 이런 거",
            "norm_text": "키키 그냥 멋져 보여서? 하하 경영학 이런 거",
            "speaker": {
              "id": "2번",
              "sex": "여성",
              "age": "30대"
            },
            "speechAct": "(단언) 주장하기",
            "morpheme": "키/NNG+키/NNG+그냥/MAG+멋져/VV+EC+보여서/VV+EF+하하/MAG+경영학/NNG+이런/MM+거/NNB"
          },
          {
            "id": 5,
            "text": "1 : 그런 거 왠지 멋져 보이긴 하지 키키",
            "norm_text": "그런 거 왠지 멋져 보이긴 하지 키키",
            "speaker": {
              "id": "1번",
              "sex": "여성",
              "age": "30대"
            },
            "speechAct": "(단언) 주장하기",
            "morpheme": "그런/MM+거/NNB+왠지/MAG+멋져/VA+EC+보이/VV+긴/ETN+JX+하/VX+지/EC+키/NNG+키/XSV+ETN"
          },
          {
            "id": 6,
            "text": "2 : 희망 학교는 없었어도 하고 싶은 건 있었어?",
            "norm_text": "희망 학교는 없었어도 하고 싶은 건 있었어?",
            "speaker": {
              "id": "2번",
              "sex": "여성",
              "age": "30대"
            },
            "speechAct": "(지시) 질문하기",
            "morpheme": "희망/NNG+학교/NNG+는/JX+없/VA+었/EP+어도/EC+하/VV+고/EC+싶/VX+은/ETM+건/NNB+JX+있/VA+었/EP+어/EF"
          },
          {
            "id": 7,
            "text": "1 : 모르겠어 키키 넘 공부를 안 해서 키키 아 인하공전 가고 싶었어",
            "norm_text": "모르겠어 키키 넘 공부를 안 해서 키키 아 인하공전 가고 싶었어",
            "speaker": {
              "id": "1번",
              "sex": "여성",
              "age": "30대"
            },
            "speechAct": "(단언) 주장하기",
            "morpheme": "모르/VV+겠/EP+어/EC+키/NNG+키/XSV+ETN+넘/MAG+공부/NNG+를/JKO+안/MAG+해서/VV+EC+키/NNG+키/XSV+ETN+아인/VCN+ETM+하공/NNG+전가/NNG+고/VCP+EC+싶/VX+었/EP+어/EC"
          },
          {
            "id": 8,
            "text": "2 : 아 근데 인하공전 잘 어울린다.",
            "norm_text": "아 근데 인하공전 잘 어울린다.",
            "speaker": {
              "id": "2번",
              "sex": "여성",
              "age": "30대"
            },
            "speechAct": "(단언) 주장하기",
            "morpheme": "아/IC+근데/MAJ+인하/NNG+공전/NNG+잘/MAG+어울린다/VV+EF"
          },
          {
            "id": 9,
            "text": "1 : 키키 근데 성적이 조금씩 오르면서 계속 바꼈어 키키",
            "norm_text": "키키 근데 성적이 조금씩 오르면서 계속 바꼈어 키키",
            "speaker": {
              "id": "1번",
              "sex": "여성",
              "age": "30대"
            },
            "speechAct": "(단언) 진술하기",
            "morpheme": "키/NNG+키/XSV+ETN+근데/MAJ+성적/NNG+이/JKS+조금/MAG+씩/XSN+오르/VV+면서/EC+계속/MAG+바꼈/VV+EP+어/EC+키/NNG+키/XSV+ETN"
          },
          {
            "id": 10,
            "text": "2 : 키키 생각보다 너무 성적이 좋아져서 진로가 바뀌었구나",
            "norm_text": "키키 생각보다 너무 성적이 좋아져서 진로가 바뀌었구나",
            "speaker": {
              "id": "2번",
              "sex": "여성",
              "age": "30대"
            },
            "speechAct": "(단언) 주장하기",
            "morpheme": "키/NNG+키/NNG+생각/NNG+보다/JKB+너무/MAG+성적/NNG+이/JKS+좋/VA+아/EC+져서/VX+EC+진로/NNG+가/JKS+바뀌/VV+었/EP+구나/EC"
          },
          {
            "id": 11,
            "text": "1 : 응 키키 막판에는 교대 갈까 생각했는데 역부족이었지 키키",
            "norm_text": "응 키키 막판에는 교대 갈까 생각했는데 역부족이었지 키키",
            "speaker": {
              "id": "1번",
              "sex": "여성",
              "age": "30대"
            },
            "speechAct": "(단언) 진술하기",
            "morpheme": "응/IC+키/NNG+키/NNG+막판/NNG+에/JKB+는/JX+교대/NNG+갈까/VV+EC+생각/NNG+했/XSV+EP+는데/EC+역부족/NNG+이/VCP+었/EP+지/EC+키/NNG+키/XSV+ETN"
          },
          {
            "id": 12,
            "text": "2 : 그래도 교대나 사범대나 비슷하잖아",
            "norm_text": "그래도 교대나 사범대나 비슷하잖아",
            "speaker": {
              "id": "2번",
              "sex": "여성",
              "age": "30대"
            },
            "speechAct": "(단언) 주장하기",
            "morpheme": "그래도/MAJ+교대/NNG+나/JC+사범/NNG+대나/NNG+비슷/XR+하/XSA+잖아/EC"
          },
          {
            "id": 13,
            "text": "1 : 근데 교대 갔어도 노답이었을 듯. 초등학교 선생님이라니 으아 ㅠㅠ",
            "norm_text": "근데 교대 갔어도 노답이었을 듯. 초등학교 선생님이라니 으아 ㅠㅠ",
            "speaker": {
              "id": "1번",
              "sex": "여성",
              "age": "30대"
            },
            "speechAct": "(단언) 주장하기",
            "morpheme": "근데/MAJ+교대/NNG+갔/VV+EP+어도/EC+노/NNP+답/NNG+이/VCP+었/EP+을/ETM+듯/NNB+초등/NNG+학교/NNG+선생/NNG+님/XSN+이/VCP+라니/EC+으아/MAG+ㅠㅠ/UNKNOWN"
          },
          {
            "id": 14,
            "text": "2 : 키키 미래를 봤을 때는 초딩 선생님보다 지금이 너랑 잘 맞는 것 같아",
            "norm_text": "키키 미래를 봤을 때는 초딩 선생님보다 지금이 너랑 잘 맞는 것 같아",
            "speaker": {
              "id": "2번",
              "sex": "여성",
              "age": "30대"
            },
            "speechAct": "(단언) 주장하기",
            "morpheme": "키/NNG+키/NNG+미래/NNG+를/JKO+봤/VV+EP+을/ETM+때/NNG+는/JX+초딩/NNG+선생/NNG+님/XSN+보다/JKB+지금/NNG+이/JKS+너/NP+랑/JKB+잘/MAG+맞/VV+는/ETM+것/NNB+같/VA+아/EC"
          },
          {
            "id": 15,
            "text": "1 : 맞아 키키 초등학생들을 가르친다는 건 엄두도 못 내겠네",
            "norm_text": "맞아 키키 초등학생들을 가르친다는 건 엄두도 못 내겠네",
            "speaker": {
              "id": "1번",
              "sex": "여성",
              "age": "30대"
            },
            "speechAct": "(단언) 주장하기",
            "morpheme": "맞/VV+아/EC+키/NNG+키/NNG+초등학생/NNG+들/XSN+을/JKO+가르친다는/VV+ETM+건/NNB+JX+엄두/NNG+도/JX+못/MAG+내/VV+겠/EP+네/EF"
          },
          {
            "id": 16,
            "text": "2 : 응 거의 초등학교 저학년은 유치원 선생님 느낌이래",
            "norm_text": "응 거의 초등학교 저학년은 유치원 선생님 느낌이래",
            "speaker": {
              "id": "2번",
              "sex": "여성",
              "age": "30대"
            },
            "speechAct": "(단언) 진술하기",
            "morpheme": "응/IC+거의/MAG+초등/NNG+학교/NNG+저학년/NNG+은/JX+유치원/NNG+선생/NNG+님/XSN+느낌/NNG+이래/NNB"
          }
        ]
      }
    }
  ]
}