{
  "dataset": {
    "identifier": 63523,
    "name": "KAKAO_908_05_set",
    "src_path": "/data/file/cubeManager/PROJECT001/53/txt20211005154926097967/KAKAO_908_05_set/",
    "label_path": "/data/file/cubeManager/PROJECT001/53/txt20211005154926097967/KAKAO_908_05_set/",
    "category": 2,
    "type": 0
  },
  "licenses": {
    "name": "Apache License 1.0",
    "url": "http://www.apache.org/licenses/LICENSE-1.0"
  },
  "info": [
    {
      "id": 41742,
      "filename": "KAKAO_908_05.txt",
      "title": "KAKAO_908_05",
      "mediatype": "SNS",
      "medianame": "카카오톡",
      "category": "일상대화",
      "date": "2021-10-05",
      "size": 516,
      "annotations": {
        "subject": "군대",
        "speaker_type": "1:1",
        "size": 516,
        "word_size": 171,
        "text": "1 : 야 니 그거 봤나 키키 논산 주민들이 민원 넣은 거\n2 : 논산? 거기 육군 훈련소 있는 곳 아님?\n1 : 응응 거기 맞음 키키\n1 : 군인들 폰 못 쓰게 하라고 민원 넣었대\n2 : 왜? 논산이면 군인들 때문에 먹고 살잖아\n1 : 어 키키 이해가 안 되제?\n1 : 근데 폰 쓰니까 놀러를 안 나온대\n2 : 대박... 와 진짜 소름 끼치게 이기적인 사람들이네?\n1 : 맞제 키키 나도 그거 보고 좀 충격 받았음\n2 : 사실 군 부대 앞에 있는 음식점 바가지 엄청 씌우잖아\n1 : 응응 그니까 그걸 다 감수하고 군인들이 여태껏 먹어줬는데...\n2 : 와... 진짜 이기주의란 게 이런 거구나 ㅠㅠ 불쌍해\n1 : 그니까 걔네 월급 얼마나 된다고 그거 등쳐 먹고 살다가\n2 : 음식점 같은 건 폰이랑 상관 있나?\n1 : 군인들이 폰을 쓰니까 밖으로 나올 생각을 안 한다 이거래\n2 : 실제로 매출이 많이 줄었대?\n1 : 응응 실제로 엄청 많이 줄긴 했대 키키 특히 PC방 이런 건\n2 : 아무리 그래도 그렇지...\n2 : 근데 듣고 보니 이해가 되긴 된다",
        "lines": [
          {
            "id": 1,
            "text": "1 : 야 니 그거 봤나 키키 논산 주민들이 민원 넣은 거",
            "norm_text": "야 니 그거 봤나 키키 논산 주민들이 민원 넣은 거",
            "speaker": {
              "id": "1번",
              "sex": "여성",
              "age": "20대"
            },
            "speechAct": "(단언) 진술하기",
            "morpheme": "야/IC+니/NP+그거/NP+봤/VV+EP+나/EF+키키/NNP+논산/NNP+주민/NNG+들/XSN+이/JKS+민원/NNG+넣/VV+은/ETM+거/NNB"
          },
          {
            "id": 2,
            "text": "2 : 논산? 거기 육군 훈련소 있는 곳 아님?",
            "norm_text": "논산? 거기 육군 훈련소 있는 곳 아님?",
            "speaker": {
              "id": "2번",
              "sex": "여성",
              "age": "20대"
            },
            "speechAct": "(지시) 질문하기",
            "morpheme": "논산/NNP+거기/NP+육군훈련소/NNP+있/VV+는/ETM+곳/NNB+아님/VCN+ETN"
          },
          {
            "id": 3,
            "text": "1 : 응응 거기 맞음 키키",
            "norm_text": "응응 거기 맞음 키키",
            "speaker": {
              "id": "1번",
              "sex": "여성",
              "age": "20대"
            },
            "speechAct": "(단언) 진술하기",
            "morpheme": "응/IC+응/IC+거기/NP+맞음/NNG+키/NNG+키/XSV+ETN"
          },
          {
            "id": 4,
            "text": "1 : 군인들 폰 못 쓰게 하라고 민원 넣었대",
            "norm_text": "군인들 폰 못 쓰게 하라고 민원 넣었대",
            "speaker": {
              "id": "1번",
              "sex": "여성",
              "age": "20대"
            },
            "speechAct": "(단언) 진술하기",
            "morpheme": "군인/NNG+들/XSN+폰/NNG+못/MAG+쓰/VV+게/EC+하/VV+라고/EC+민원/NNG+넣/VV+었/EP+대/EC"
          },
          {
            "id": 5,
            "text": "2 : 왜? 논산이면 군인들 때문에 먹고 살잖아",
            "norm_text": "왜? 논산이면 군인들 때문에 먹고 살잖아",
            "speaker": {
              "id": "2번",
              "sex": "여성",
              "age": "20대"
            },
            "speechAct": "(지시) 질문하기",
            "morpheme": "왜/MAG+논산/NNP+이/VCP+면/EC+군인/NNG+들/XSN+때문/NNB+에/JKB+먹/VV+고/EC+살/VV+잖아/EC"
          },
          {
            "id": 6,
            "text": "1 : 어 키키 이해가 안 되제?",
            "norm_text": "어 키키 이해가 안 되제?",
            "speaker": {
              "id": "1번",
              "sex": "여성",
              "age": "20대"
            },
            "speechAct": "(지시) 질문하기",
            "morpheme": "어/IC+키/NNG+키/NNG+이해/NNG+가/JKS+안/MAG+되/VV+제/EF"
          },
          {
            "id": 7,
            "text": "1 : 근데 폰 쓰니까 놀러를 안 나온대",
            "norm_text": "근데 폰 쓰니까 놀러를 안 나온대",
            "speaker": {
              "id": "1번",
              "sex": "여성",
              "age": "20대"
            },
            "speechAct": "(단언) 진술하기",
            "morpheme": "근데/MAJ+폰/NNG+쓰/VV+니까/EC+놀러/NNP+를/JKO+안/MAG+나온/VV+ETM+대/NNG"
          },
          {
            "id": 8,
            "text": "2 : 대박... 와 진짜 소름 끼치게 이기적인 사람들이네?",
            "norm_text": "대박... 와 진짜 소름 끼치게 이기적인 사람들이네?",
            "speaker": {
              "id": "2번",
              "sex": "여성",
              "age": "20대"
            },
            "speechAct": "(단언) 주장하기",
            "morpheme": "대박/NNG+./SY+./SY+와/JKB+진짜/MAG+소름/NNG+끼치/VV+게/EC+이기/NNG+적/XSN+인/VCP+ETM+사람/NNG+들/XSN+이/VCP+네/EF"
          },
          {
            "id": 9,
            "text": "1 : 맞제 키키 나도 그거 보고 좀 충격 받았음",
            "norm_text": "맞제 키키 나도 그거 보고 좀 충격 받았음",
            "speaker": {
              "id": "1번",
              "sex": "여성",
              "age": "20대"
            },
            "speechAct": "(단언) 진술하기",
            "morpheme": "맞/VV+제/EC+키/NNG+키나/XSA+ETN+JX+도/JX+그거/NP+보고/JKB+좀/MAG+충격/NNG+받/VV+았/EP+음/ETN"
          },
          {
            "id": 10,
            "text": "2 : 사실 군 부대 앞에 있는 음식점 바가지 엄청 씌우잖아",
            "norm_text": "사실 군 부대 앞에 있는 음식점 바가지 엄청 씌우잖아",
            "speaker": {
              "id": "2번",
              "sex": "여성",
              "age": "20대"
            },
            "speechAct": "(단언) 진술하기",
            "morpheme": "사실/MAG+군부대/NNG+앞/NNG+에/JKB+있/VV+는/ETM+음식점/NNG+바가지/NNG+엄청/MAG+씌우/VV+잖아/EC"
          },
          {
            "id": 11,
            "text": "1 : 응응 그니까 그걸 다 감수하고 군인들이 여태껏 먹어줬는데...",
            "norm_text": "응응 그니까 그걸 다 감수하고 군인들이 여태껏 먹어줬는데...",
            "speaker": {
              "id": "1번",
              "sex": "여성",
              "age": "20대"
            },
            "speechAct": "(단언) 진술하기",
            "morpheme": "응/IC+응/IC+그니까/MAJ+그걸/NP+JKO+다/MAG+감수/NNG+하/XSV+고/EC+군인/NNG+들/XSN+이/JKS+여태껏/MAG+먹/VV+어/EC+줬/VX+EP+는데/EC+./SY+./SY"
          },
          {
            "id": 12,
            "text": "2 : 와... 진짜 이기주의란 게 이런 거구나 ㅠㅠ 불쌍해",
            "norm_text": "와... 진짜 이기주의란 게 이런 거구나 ㅠㅠ 불쌍해",
            "speaker": {
              "id": "2번",
              "sex": "여성",
              "age": "20대"
            },
            "speechAct": "(단언) 진술하기",
            "morpheme": "와/IC+./SY+진짜/MAG+이기주의/NNG+란/VCP+ETM+게/NNB+JKS+이런/MM+거/NNB+구나/VCP+EF+ㅠㅠ/UNKNOWN+불쌍/XR+해/XSA+EC"
          },
          {
            "id": 13,
            "text": "1 : 그니까 걔네 월급 얼마나 된다고 그거 등쳐 먹고 살다가",
            "norm_text": "그니까 걔네 월급 얼마나 된다고 그거 등쳐 먹고 살다가",
            "speaker": {
              "id": "1번",
              "sex": "여성",
              "age": "20대"
            },
            "speechAct": "(단언) 진술하기",
            "morpheme": "그니까/MAJ+걔/NP+네/XSN+월급/NNG+얼마나/MAG+된다고/VV+EC+그거/NP+등쳐먹/VV+고/EC+살/VV+다가/EC"
          },
          {
            "id": 14,
            "text": "2 : 음식점 같은 건 폰이랑 상관 있나?",
            "norm_text": "음식점 같은 건 폰이랑 상관 있나?",
            "speaker": {
              "id": "2번",
              "sex": "여성",
              "age": "20대"
            },
            "speechAct": "(지시) 질문하기",
            "morpheme": "음식점/NNG+같/VA+은/ETM+건/NNB+JX+폰/NNP+이랑/JKB+상관/NNG+있/VA+나/EF"
          },
          {
            "id": 15,
            "text": "1 : 군인들이 폰을 쓰니까 밖으로 나올 생각을 안 한다 이거래",
            "norm_text": "군인들이 폰을 쓰니까 밖으로 나올 생각을 안 한다 이거래",
            "speaker": {
              "id": "1번",
              "sex": "여성",
              "age": "20대"
            },
            "speechAct": "(단언) 진술하기",
            "morpheme": "군인/NNG+들/XSN+이/JKS+폰/NNG+을/JKO+쓰/VV+니까/EC+밖/NNG+으로/JKB+나올/VV+ETM+생각/NNG+을/JKO+안/MAG+한다/VV+EF+이/MM+거래/NNG"
          },
          {
            "id": 16,
            "text": "2 : 실제로 매출이 많이 줄었대?",
            "norm_text": "실제로 매출이 많이 줄었대?",
            "speaker": {
              "id": "2번",
              "sex": "여성",
              "age": "20대"
            },
            "speechAct": "(지시) 질문하기",
            "morpheme": "실제로/MAG+매출/NNG+이/JKS+많이/MAG+줄/VV+었/EP+대/EF"
          },
          {
            "id": 17,
            "text": "1 : 응응 실제로 엄청 많이 줄긴 했대 키키 특히 PC방 이런 건",
            "norm_text": "응응 실제로 엄청 많이 줄긴 했대 키키 특히 PC방 이런 건",
            "speaker": {
              "id": "1번",
              "sex": "여성",
              "age": "20대"
            },
            "speechAct": "(단언) 진술하기",
            "morpheme": "응/IC+응/IC+실제로/MAG+엄청/MAG+많이/MAG+줄/VV+긴/ETN+JX+했/VX+EP+대/XPN+키/NNG+키/NNG+특히/MAG+PC/SL+방/NNG+이런/MM+건/NNB+JX"
          },
          {
            "id": 18,
            "text": "2 : 아무리 그래도 그렇지...",
            "norm_text": "아무리 그래도 그렇지...",
            "speaker": {
              "id": "2번",
              "sex": "여성",
              "age": "20대"
            },
            "speechAct": "(단언) 진술하기",
            "morpheme": "아무리/MAG+그래도/VV+EC+그렇/VA+지/EF+./SY"
          },
          {
            "id": 19,
            "text": "2 : 근데 듣고 보니 이해가 되긴 된다",
            "norm_text": "근데 듣고 보니 이해가 되긴 된다",
            "speaker": {
              "id": "2번",
              "sex": "여성",
              "age": "20대"
            },
            "speechAct": "(단언) 진술하기",
            "morpheme": "근데/MAJ+듣/VV+고/EC+보/VX+니/EC+이해/NNG+가/JKS+되/VV+긴/ETN+JX+된다/VV+EC"
          }
        ]
      }
    }
  ]
}