{
  "dataset": {
    "identifier": 62471,
    "name": "KAKAO_920_17_set",
    "src_path": "/data/file/cubeManager/PROJECT001/53/txt202110051613490277107/KAKAO_920_17_set/",
    "label_path": "/data/file/cubeManager/PROJECT001/53/txt202110051613490277107/KAKAO_920_17_set/",
    "category": 2,
    "type": 0
  },
  "licenses": {
    "name": "Apache License 1.0",
    "url": "http://www.apache.org/licenses/LICENSE-1.0"
  },
  "info": [
    {
      "id": 41974,
      "filename": "KAKAO_920_17.txt",
      "title": "KAKAO_920_17",
      "mediatype": "SNS",
      "medianame": "카카오톡",
      "category": "일상대화",
      "date": "2021-10-05",
      "size": 486,
      "annotations": {
        "subject": "건강",
        "speaker_type": "1:1",
        "size": 486,
        "word_size": 160,
        "text": "1 : 야 요즘 보험 든 거 되게 잘한 거 같다는 생각이 들어\n2 : 왜? 요 근래에 무슨 일 있었어?\n1 : 나 사랑니 때문에 엄청 고생했었잖아\n2 : 아 맞다 너 사랑니 2개 때문에 고생 많았구나\n1 : 맞아 키키 심지어 일반병원 말고 대학병원 가서 수술해야 한다고 했었잖아\n2 : 사랑니 수술 잘 받고 왔어?\n1 : 응. 근데 대학병원이라서 그런가 돈이 어마어마하게 많이 들더라고\n2 : 대학병원 좀 많이 비싸긴 하지\n2 : 얼마나 들었는데?\n1 : 정말 25만 원 정도 가까이 든 것 같아\n2 : 엄청 많이 들어가네\n2 : 보험은 따로 적용된다고 한 거 있어?\n1 : 응! 엄마가 보험에 실비 청구 할 수 있다고 하셔서  돈 거의 다 환급 받았어\n2 : 다행이다 나도 이번에 화상 때문에 고민이 많거든\n1 : 아 정말? 무슨 일이 있었길래 화상을 입었어?\n2 : 요리하다가 얼굴에 화상 입었거든...\n1 : 헐 정말? 너도 돈 많이 들었겠다\n2 : 웅 나도 네 얘기 듣고 실비 청구 해보려고!",
        "lines": [
          {
            "id": 1,
            "text": "1 : 야 요즘 보험 든 거 되게 잘한 거 같다는 생각이 들어",
            "norm_text": "야 요즘 보험 든 거 되게 잘한 거 같다는 생각이 들어",
            "speaker": {
              "id": "1번",
              "sex": "여성",
              "age": "20대"
            },
            "speechAct": "(단언) 주장하기",
            "morpheme": "야/IC+요즘/MAG+보험/NNG+든/VV+ETM+거/NNB+되게/MAG+잘/MAG+한/XSA+ETM+거/NNB+같/VA+다는/ETM+생각/NNG+이/JKS+들/VV+어/EC"
          },
          {
            "id": 2,
            "text": "2 : 왜? 요 근래에 무슨 일 있었어?",
            "norm_text": "왜? 요 근래에 무슨 일 있었어?",
            "speaker": {
              "id": "2번",
              "sex": "남성",
              "age": "20대"
            },
            "speechAct": "(지시) 질문하기",
            "morpheme": "왜/MAG+요/MM+근래/NNG+에/JKB+무슨/MM+일/NNG+있/VV+었/EP+어/EF"
          },
          {
            "id": 3,
            "text": "1 : 나 사랑니 때문에 엄청 고생했었잖아",
            "norm_text": "나 사랑니 때문에 엄청 고생했었잖아",
            "speaker": {
              "id": "1번",
              "sex": "여성",
              "age": "20대"
            },
            "speechAct": "(단언) 주장하기",
            "morpheme": "나/NP+사랑니/NNG+때문/NNB+에/JKB+엄청/MAG+고생/NNG+했/XSV+EP+었잖/EC+VX+아/EC"
          },
          {
            "id": 4,
            "text": "2 : 아 맞다 너 사랑니 2개 때문에 고생 많았구나",
            "norm_text": "아 맞다 너 사랑니 2개 때문에 고생 많았구나",
            "speaker": {
              "id": "2번",
              "sex": "남성",
              "age": "20대"
            },
            "speechAct": "(단언) 주장하기",
            "morpheme": "아/IC+맞/VV+다/EF+너/NP+사랑니/NNG+2/SN+개/NNBC+때문/NNB+에/JKB+고생/NNG+많/VA+았/EP+구나/EC"
          },
          {
            "id": 5,
            "text": "1 : 맞아 키키 심지어 일반병원 말고 대학병원 가서 수술해야 한다고 했었잖아",
            "norm_text": "맞아 키키 심지어 일반병원 말고 대학병원 가서 수술해야 한다고 했었잖아",
            "speaker": {
              "id": "1번",
              "sex": "여성",
              "age": "20대"
            },
            "speechAct": "(단언) 진술하기",
            "morpheme": "맞/VV+아/EC+키/NNG+키/NNG+심지어/MAG+일반/NNG+병원/NNG+말/VV+고/EC+대학/NNG+병원/NNG+가/VV+서/EC+수술/NNG+해야/XSV+EC+한다고/VX+EC+했었잖/VX+EP+EC+VX+아/EC"
          },
          {
            "id": 6,
            "text": "2 : 사랑니 수술 잘 받고 왔어?",
            "norm_text": "사랑니 수술 잘 받고 왔어?",
            "speaker": {
              "id": "2번",
              "sex": "남성",
              "age": "20대"
            },
            "speechAct": "(지시) 질문하기",
            "morpheme": "사랑니/NNG+수술/NNG+잘/MAG+받/VV+고/EC+왔/VX+EP+어/EF"
          },
          {
            "id": 7,
            "text": "1 : 응. 근데 대학병원이라서 그런가 돈이 어마어마하게 많이 들더라고",
            "norm_text": "응. 근데 대학병원이라서 그런가 돈이 어마어마하게 많이 들더라고",
            "speaker": {
              "id": "1번",
              "sex": "여성",
              "age": "20대"
            },
            "speechAct": "(단언) 주장하기",
            "morpheme": "응/IC+근데/MAJ+대학/NNG+병원/NNG+이/VCP+라서/EC+그런가/VA+EC+돈/NNG+이/JKS+어마어마/XR+하/XSA+게/EC+많이/MAG+들/VV+더라고/EC"
          },
          {
            "id": 8,
            "text": "2 : 대학병원 좀 많이 비싸긴 하지",
            "norm_text": "대학병원 좀 많이 비싸긴 하지",
            "speaker": {
              "id": "2번",
              "sex": "남성",
              "age": "20대"
            },
            "speechAct": "(단언) 주장하기",
            "morpheme": "대학/NNG+병원/NNG+좀/MAG+많이/MAG+비싸/VA+긴/ETN+JX+하/VX+지/EC"
          },
          {
            "id": 9,
            "text": "2 : 얼마나 들었는데?",
            "norm_text": "얼마나 들었는데?",
            "speaker": {
              "id": "2번",
              "sex": "남성",
              "age": "20대"
            },
            "speechAct": "(지시) 질문하기",
            "morpheme": "얼마나/MAG+들/VV+었/EP+는데/EF"
          },
          {
            "id": 10,
            "text": "1 : 정말 25만 원 정도 가까이 든 것 같아",
            "norm_text": "정말 25만 원 정도 가까이 든 것 같아",
            "speaker": {
              "id": "1번",
              "sex": "여성",
              "age": "20대"
            },
            "speechAct": "(단언) 진술하기",
            "morpheme": "정말/MAG+25/SN+만/NR+원/NNBC+정도/NNG+가까이/MAG+든/VV+ETM+것/NNB+같/VA+아/EC"
          },
          {
            "id": 11,
            "text": "2 : 엄청 많이 들어가네",
            "norm_text": "엄청 많이 들어가네",
            "speaker": {
              "id": "2번",
              "sex": "남성",
              "age": "20대"
            },
            "speechAct": "(단언) 주장하기",
            "morpheme": "엄청/MAG+많이/MAG+들어가/VV+네/EC"
          },
          {
            "id": 12,
            "text": "2 : 보험은 따로 적용된다고 한 거 있어?",
            "norm_text": "보험은 따로 적용된다고 한 거 있어?",
            "speaker": {
              "id": "2번",
              "sex": "남성",
              "age": "20대"
            },
            "speechAct": "(지시) 질문하기",
            "morpheme": "보험/NNG+은/JX+따로/MAG+적용/NNG+된다고/XSV+EC+한/VX+ETM+거/NNB+있/VA+어/EF"
          },
          {
            "id": 13,
            "text": "1 : 응! 엄마가 보험에 실비 청구 할 수 있다고 하셔서  돈 거의 다 환급 받았어",
            "norm_text": "응! 엄마가 보험에 실비 청구 할 수 있다고 하셔서  돈 거의 다 환급 받았어",
            "speaker": {
              "id": "1번",
              "sex": "여성",
              "age": "20대"
            },
            "speechAct": "(단언) 진술하기",
            "morpheme": "응/IC+엄마/NNG+가/JKS+보험/NNG+에/JKB+실비/NNG+청구/NNG+할/XSV+ETM+수/NNB+있/VV+다고/EC+하/VX+셔서/EP+EC+돈/NNG+거의/MAG+다/MAG+환급/NNG+받/VV+았/EP+어/EC"
          },
          {
            "id": 14,
            "text": "2 : 다행이다 나도 이번에 화상 때문에 고민이 많거든",
            "norm_text": "다행이다 나도 이번에 화상 때문에 고민이 많거든",
            "speaker": {
              "id": "2번",
              "sex": "남성",
              "age": "20대"
            },
            "speechAct": "(단언) 주장하기",
            "morpheme": "다행/NNG+이/VCP+다/EF+나/NP+도/JX+이번/NNG+에/JKB+화상/NNG+때문/NNB+에/JKB+고민/NNG+이/JKS+많/VA+거든/EC"
          },
          {
            "id": 15,
            "text": "1 : 아 정말? 무슨 일이 있었길래 화상을 입었어?",
            "norm_text": "아 정말? 무슨 일이 있었길래 화상을 입었어?",
            "speaker": {
              "id": "1번",
              "sex": "여성",
              "age": "20대"
            },
            "speechAct": "(지시) 질문하기",
            "morpheme": "아/IC+정말/MAG+무슨/MM+일/NNG+이/JKS+있/VA+었/EP+길래/EC+화상/NNG+을/JKO+입/VV+었/EP+어/EF"
          },
          {
            "id": 16,
            "text": "2 : 요리하다가 얼굴에 화상 입었거든...",
            "norm_text": "요리하다가 얼굴에 화상 입었거든...",
            "speaker": {
              "id": "2번",
              "sex": "남성",
              "age": "20대"
            },
            "speechAct": "(단언) 진술하기",
            "morpheme": "요리/NNG+하/XSV+다가/EC+얼굴/NNG+에/JKB+화상/NNG+입/VV+었/EP+거든/EF+./SY"
          },
          {
            "id": 17,
            "text": "1 : 헐 정말? 너도 돈 많이 들었겠다",
            "norm_text": "헐 정말? 너도 돈 많이 들었겠다",
            "speaker": {
              "id": "1번",
              "sex": "여성",
              "age": "20대"
            },
            "speechAct": "(단언) 주장하기",
            "morpheme": "헐/IC+정말/MAG+너/NP+도/JX+돈/NNG+많이/MAG+들/VV+었/EP+겠/EP+다/EC"
          },
          {
            "id": 18,
            "text": "2 : 웅 나도 네 얘기 듣고 실비 청구 해보려고!",
            "norm_text": "웅 나도 네 얘기 듣고 실비 청구 해보려고!",
            "speaker": {
              "id": "2번",
              "sex": "남성",
              "age": "20대"
            },
            "speechAct": "(단언) 주장하기",
            "morpheme": "웅/IC+나/NP+도/JX+네/MM+얘기/NNG+듣/VV+고/EC+실비/NNG+청구/NNG+해/XSV+EC+보/VX+려고/EF"
          }
        ]
      }
    }
  ]
}