{
  "dataset": {
    "identifier": 69170,
    "name": "KAKAO_919_10_set",
    "src_path": "/data/file/cubeManager/PROJECT001/53/txt202110051558480560108/KAKAO_919_10_set/",
    "label_path": "/data/file/cubeManager/PROJECT001/53/txt202110051558480560108/KAKAO_919_10_set/",
    "category": 2,
    "type": 0
  },
  "licenses": {
    "name": "Apache License 1.0",
    "url": "http://www.apache.org/licenses/LICENSE-1.0"
  },
  "info": [
    {
      "id": 41927,
      "filename": "KAKAO_919_10.txt",
      "title": "KAKAO_919_10",
      "mediatype": "SNS",
      "medianame": "카카오톡",
      "category": "일상대화",
      "date": "2021-10-05",
      "size": 594,
      "annotations": {
        "subject": "스포츠/레저",
        "speaker_type": "1:1",
        "size": 594,
        "word_size": 193,
        "text": "1 : 취미로 볼링 동호회 들어서 배워볼까\n2 : 볼링 좋지 키키 나도 볼링 좀 치는데 잘 침?\n1 : 그냥 평균 정도 키키? 근데 잘 치고 싶어서 키키\n2 : 근데 동호회 들어가려면 전문적인 장비 같은 거 다 구매해야는 거 아니야?\n1 : 맞아 키키 볼링도 장비가 꽤 비싸더라\n2 : 나도 잘은 모르는데 글러브랑 볼링공 맞춤 제작 하는데 좀 많이 드는 걸로 알고 있어서 키키\n1 : 그니까 꽤 들던데 키키 그냥 가서 치면 되는 줄 알았는데\n2 : 동호회 가입하는데 장비 없이 가기도 그렇고 키키\n1 : 맞아 키키 볼링 배워서 잘 치면 애들이랑 내기하기도 좋은데\n2 : 그치 키키 옛날에 진짜 애들이랑 볼링 많이 쳤지 키키\n1 : 그니까 키키 흠... 볼링 재밌을 거 같은데 가격이 고민이너\n2 : 한 게임 치는 건데도 돈 엄청 비싸잖아 키키\n2 : 우리 대학생 때 어떻게 다녔는지 몰라 키키\n1 : 그러게 키키 볼링이 땀도 안 나는데 엄청 재밌고 흥분되는 운동이야 키키\n2 : 그 스트라이크 칠 때 그 쾌감 키키 그 맛에 볼링 치러 가는 거지 키키\n1 : 일단 내일 집 근처 볼링장 가서 확실히 알아봐야겠다\n2 : 나중에 고향 내려갈 일 있으면 그때 만나서 간만에 볼링비 내기 할래? 키키",
        "lines": [
          {
            "id": 1,
            "text": "1 : 취미로 볼링 동호회 들어서 배워볼까",
            "norm_text": "취미로 볼링 동호회 들어서 배워볼까",
            "speaker": {
              "id": "1번",
              "sex": "남성",
              "age": "20대"
            },
            "speechAct": "(지시) 질문하기",
            "morpheme": "취미/NNG+로/JKB+볼링/NNG+동호회/NNG+들/XSN+어서/MAG+배워볼까/VV+EC+VX+EC"
          },
          {
            "id": 2,
            "text": "2 : 볼링 좋지 키키 나도 볼링 좀 치는데 잘 침?",
            "norm_text": "볼링 좋지 키키 나도 볼링 좀 치는데 잘 침?",
            "speaker": {
              "id": "2번",
              "sex": "남성",
              "age": "20대"
            },
            "speechAct": "(지시) 질문하기",
            "morpheme": "볼링/NNG+좋/VA+지/EC+키/NNG+키나/XSA+ETN+JX+도/JX+볼/VV+ETM+링/JKO+좀/MAG+치/VV+는데/EC+잘/MAG+침/NNG"
          },
          {
            "id": 3,
            "text": "1 : 그냥 평균 정도 키키? 근데 잘 치고 싶어서 키키",
            "norm_text": "그냥 평균 정도 키키? 근데 잘 치고 싶어서 키키",
            "speaker": {
              "id": "1번",
              "sex": "남성",
              "age": "20대"
            },
            "speechAct": "(단언) 주장하기",
            "morpheme": "그냥/MAG+평균/NNG+정도/NNG+키/NNG+키/XSV+ETN+근데/MAJ+잘/MAG+치/VV+고/EC+싶/VX+어서/EC+키/NNG+키/XSV+ETN"
          },
          {
            "id": 4,
            "text": "2 : 근데 동호회 들어가려면 전문적인 장비 같은 거 다 구매해야는 거 아니야?",
            "norm_text": "근데 동호회 들어가려면 전문적인 장비 같은 거 다 구매해야는 거 아니야?",
            "speaker": {
              "id": "2번",
              "sex": "남성",
              "age": "20대"
            },
            "speechAct": "(지시) 질문하기",
            "morpheme": "근데/MAJ+동호회/NNG+들어가/VV+려면/EC+전문/NNG+적/XSN+인/VCP+ETM+장비/NNG+같/VA+은/ETM+거/NNB+다/MAG+구매/NNG+해야/XSV+EC+VX+는/ETM+거/NNB+아니/VCN+야/EF"
          },
          {
            "id": 5,
            "text": "1 : 맞아 키키 볼링도 장비가 꽤 비싸더라",
            "norm_text": "맞아 키키 볼링도 장비가 꽤 비싸더라",
            "speaker": {
              "id": "1번",
              "sex": "남성",
              "age": "20대"
            },
            "speechAct": "(단언) 진술하기",
            "morpheme": "맞/VV+아/EC+키/NNG+키/NNG+볼링/NNG+도/JX+장비/NNG+가/JKS+꽤/MAG+비싸/VA+더라/EC"
          },
          {
            "id": 6,
            "text": "2 : 나도 잘은 모르는데 글러브랑 볼링공 맞춤 제작 하는데 좀 많이 드는 걸로 알고 있어서 키키",
            "norm_text": "나도 잘은 모르는데 글러브랑 볼링공 맞춤 제작 하는데 좀 많이 드는 걸로 알고 있어서 키키",
            "speaker": {
              "id": "2번",
              "sex": "남성",
              "age": "20대"
            },
            "speechAct": "(단언) 진술하기",
            "morpheme": "나/NP+도/JX+잘/MAG+은/JX+모르/VV+는데/EC+글러브/NNP+랑/JC+볼링공/NNG+맞춤/NNG+제작/NNG+하/XSV+는/ETM+데/NNB+좀/MAG+많이/MAG+드/VV+는/ETM+걸로/NNB+JKB+알/VV+고/EC+있/VX+어서/EC+키/NNG+키/XSV+ETN"
          },
          {
            "id": 7,
            "text": "1 : 그니까 꽤 들던데 키키 그냥 가서 치면 되는 줄 알았는데",
            "norm_text": "그니까 꽤 들던데 키키 그냥 가서 치면 되는 줄 알았는데",
            "speaker": {
              "id": "1번",
              "sex": "남성",
              "age": "20대"
            },
            "speechAct": "(단언) 주장하기",
            "morpheme": "그니까/MAJ+꽤/MAG+들/VV+던데/EC+키/NNG+키/NNG+그냥/MAG+가/VV+서/EC+치/VV+면/EC+되/VV+는/ETM+줄/NNB+알/VV+았/EP+는데/EC"
          },
          {
            "id": 8,
            "text": "2 : 동호회 가입하는데 장비 없이 가기도 그렇고 키키",
            "norm_text": "동호회 가입하는데 장비 없이 가기도 그렇고 키키",
            "speaker": {
              "id": "2번",
              "sex": "남성",
              "age": "20대"
            },
            "speechAct": "(단언) 주장하기",
            "morpheme": "동호회/NNG+가입/NNG+하/XSV+는/ETM+데/NNB+장비/NNG+없이/MAG+가/VV+기/ETN+도/JX+그렇/VA+고/EC+키/NNG+키/XSV+ETN"
          },
          {
            "id": 9,
            "text": "1 : 맞아 키키 볼링 배워서 잘 치면 애들이랑 내기하기도 좋은데",
            "norm_text": "맞아 키키 볼링 배워서 잘 치면 애들이랑 내기하기도 좋은데",
            "speaker": {
              "id": "1번",
              "sex": "남성",
              "age": "20대"
            },
            "speechAct": "(단언) 주장하기",
            "morpheme": "맞/VV+아/EC+키/NNG+키/XSV+ETN+볼/VV+ETM+링/JKO+배워서/VV+EC+잘/MAG+치/VV+면/EC+애/NNG+들/XSN+이랑/JKB+내기/NNG+하/XSV+기/ETN+도/JX+좋/VA+은데/EC"
          },
          {
            "id": 10,
            "text": "2 : 그치 키키 옛날에 진짜 애들이랑 볼링 많이 쳤지 키키",
            "norm_text": "그치 키키 옛날에 진짜 애들이랑 볼링 많이 쳤지 키키",
            "speaker": {
              "id": "2번",
              "sex": "남성",
              "age": "20대"
            },
            "speechAct": "(단언) 진술하기",
            "morpheme": "그치/IC+키/NNG+키/NNG+옛날/NNG+에/JKB+진짜/MAG+애/NNG+들/XSN+이랑/JKB+볼링/NNG+많이/MAG+쳤/VV+EP+지/EC+키/NNG+키/XSV+ETN"
          },
          {
            "id": 11,
            "text": "1 : 그니까 키키 흠... 볼링 재밌을 거 같은데 가격이 고민이너",
            "norm_text": "그니까 키키 흠... 볼링 재밌을 거 같은데 가격이 고민이너",
            "speaker": {
              "id": "1번",
              "sex": "남성",
              "age": "20대"
            },
            "speechAct": "(단언) 주장하기",
            "morpheme": "그니까/MAJ+키/NNG+키/XSV+ETN+흠/IC+./SY+볼/VV+ETM+링/JKO+재밌/VA+을/ETM+거/NNB+같/VA+은데/EC+가격/NNG+이/JKS+고민/NNG+이/JKS+너/NP"
          },
          {
            "id": 12,
            "text": "2 : 한 게임 치는 건데도 돈 엄청 비싸잖아 키키",
            "norm_text": "한 게임 치는 건데도 돈 엄청 비싸잖아 키키",
            "speaker": {
              "id": "2번",
              "sex": "남성",
              "age": "20대"
            },
            "speechAct": "(단언) 주장하기",
            "morpheme": "한/MM+게임/NNG+치/VV+는/ETM+건데/NNB+VCP+EC+도/JX+돈/NNG+엄청/MAG+비싸/VA+잖아/EC+키/NNG+키/XSV+ETN"
          },
          {
            "id": 13,
            "text": "2 : 우리 대학생 때 어떻게 다녔는지 몰라 키키",
            "norm_text": "우리 대학생 때 어떻게 다녔는지 몰라 키키",
            "speaker": {
              "id": "2번",
              "sex": "남성",
              "age": "20대"
            },
            "speechAct": "(단언) 주장하기",
            "morpheme": "우리/NP+대학생/NNG+때/NNG+어떻게/MAG+다녔/VV+EP+는지/EC+몰라/VV+EC+키/NNG+키/XSV+ETN"
          },
          {
            "id": 14,
            "text": "1 : 그러게 키키 볼링이 땀도 안 나는데 엄청 재밌고 흥분되는 운동이야 키키",
            "norm_text": "그러게 키키 볼링이 땀도 안 나는데 엄청 재밌고 흥분되는 운동이야 키키",
            "speaker": {
              "id": "1번",
              "sex": "남성",
              "age": "20대"
            },
            "speechAct": "(단언) 주장하기",
            "morpheme": "그러/VV+게/EC+키/NNG+키/NNG+볼링/NNG+이/JKS+땀/NNG+도/JX+안/MAG+나/VV+는데/EC+엄청/MAG+재밌/VA+고/EC+흥분/NNG+되/XSV+는/ETM+운동/NNG+이/VCP+야/EC+키/NNG+키/XSV+ETN"
          },
          {
            "id": 15,
            "text": "2 : 그 스트라이크 칠 때 그 쾌감 키키 그 맛에 볼링 치러 가는 거지 키키",
            "norm_text": "그 스트라이크 칠 때 그 쾌감 키키 그 맛에 볼링 치러 가는 거지 키키",
            "speaker": {
              "id": "2번",
              "sex": "남성",
              "age": "20대"
            },
            "speechAct": "(단언) 주장하기",
            "morpheme": "그/MM+스트라이크/NNG+칠/NR+때/NNG+그/MM+쾌감/NNG+키/NNG+키/XSV+ETN+그/MM+맛/NNG+에/JKB+볼/VV+ETM+링/JKO+치러/VV+EC+가/VX+는/ETM+거/NNB+지/VCP+EC+키/NNG+키/XSV+ETN"
          },
          {
            "id": 16,
            "text": "1 : 일단 내일 집 근처 볼링장 가서 확실히 알아봐야겠다",
            "norm_text": "일단 내일 집 근처 볼링장 가서 확실히 알아봐야겠다",
            "speaker": {
              "id": "1번",
              "sex": "남성",
              "age": "20대"
            },
            "speechAct": "(언약) 약속하기(제3자와)/(개인적 수준)",
            "morpheme": "일단/MAG+내일/NNG+집/NNG+근처/NNG+볼링장/NNG+가/VV+서/EC+확실히/MAG+알/VV+아/EC+봐야/VX+EC+VV+겠/EP+다/EC"
          },
          {
            "id": 17,
            "text": "2 : 나중에 고향 내려갈 일 있으면 그때 만나서 간만에 볼링비 내기 할래? 키키",
            "norm_text": "나중에 고향 내려갈 일 있으면 그때 만나서 간만에 볼링비 내기 할래? 키키",
            "speaker": {
              "id": "2번",
              "sex": "남성",
              "age": "20대"
            },
            "speechAct": "(지시) 질문하기",
            "morpheme": "나중에고향내려갈일있으면그때만나서간만에볼링비내기할래/UNKNOWN+키/NNG+키/XSV+ETN"
          }
        ]
      }
    }
  ]
}