{
  "dataset": {
    "identifier": 63357,
    "name": "KAKAO_914_20_set",
    "src_path": "/data/file/cubeManager/PROJECT001/53/txt20211005161430083924/KAKAO_914_20_set/",
    "label_path": "/data/file/cubeManager/PROJECT001/53/txt20211005161430083924/KAKAO_914_20_set/",
    "category": 2,
    "type": 0
  },
  "licenses": {
    "name": "Apache License 1.0",
    "url": "http://www.apache.org/licenses/LICENSE-1.0"
  },
  "info": [
    {
      "id": 42037,
      "filename": "KAKAO_914_20.txt",
      "title": "KAKAO_914_20",
      "mediatype": "SNS",
      "medianame": "카카오톡",
      "category": "일상대화",
      "date": "2021-10-05",
      "size": 466,
      "annotations": {
        "subject": "영화/만화",
        "speaker_type": "1:1",
        "size": 466,
        "word_size": 159,
        "text": "1 : 포켓몬 게임 아직도 있나 봐\n2 : 키키 아직도 하는 사람 많은 거 같더라\n1 : 키키 **이 동생이 하라고 난리\n2 : 키키 재밌게 하고 있나 보네 키키\n2 : 같이 해줘라 키키\n1 : 키키 예전에 열심히 했는데 귀찮\n2 : 키키 내 친구 소개 시켜줘야 하나\n2 : 내 친구도 가끔 하는 거 같던데\n1 : 오 키키 뭐야 아직도 하면 진짜 대박이네\n2 : 키키 그러니까 키키 무슨 매력이 있나 봐 키키\n1 : 키키 예전에 배에서 막 신기한 거 잡고 해서 재밌긴 했었다\n2 : 키키 진짜 엄청 핫했지 키키\n1 : 그러니까 그때 속초였나? 잡으러 가고\n2 : 대박 키키 속초까지 갔었어?\n2 : 희귀 몬스터 잡음?\n1 : 키키 난 안 가고 왜 그때 속초가 엄청 떴잖아 키키\n2 : 아 키키 맞아 키키 진짜 저렇게까지 해야 하나 싶을 정도로 열광이었지\n1 : 키키 진짜 근데 요샌 모르는 포켓몬이 많아서\n2 : 키키 지금 많이 업그레이드 돼서 모르는 포켓몬이 많아",
        "lines": [
          {
            "id": 1,
            "text": "1 : 포켓몬 게임 아직도 있나 봐",
            "norm_text": "포켓몬 게임 아직도 있나 봐",
            "speaker": {
              "id": "1번",
              "sex": "남성",
              "age": "20대"
            },
            "speechAct": "(단언) 주장하기",
            "morpheme": "포켓몬/NNP+게임/NNG+아직/MAG+도/JX+있/VA+나/EC+봐/VX+EC"
          },
          {
            "id": 2,
            "text": "2 : 키키 아직도 하는 사람 많은 거 같더라",
            "norm_text": "키키 아직도 하는 사람 많은 거 같더라",
            "speaker": {
              "id": "2번",
              "sex": "여성",
              "age": "20대"
            },
            "speechAct": "(단언) 주장하기",
            "morpheme": "키/NNG+키/NNG+아직/MAG+도/JX+하/VV+는/ETM+사람/NNG+많/VA+은/ETM+거/NNB+같/VA+더라/EC"
          },
          {
            "id": 3,
            "text": "1 : 키키 **이 동생이 하라고 난리",
            "norm_text": "키키 **이 동생이 하라고 난리",
            "speaker": {
              "id": "1번",
              "sex": "남성",
              "age": "20대"
            },
            "speechAct": "(단언) 진술하기",
            "morpheme": "키/NNG+키/XSV+ETN+*/SY+*/SY+이/JKS+동생/NNG+이/JKS+하/VV+라고/EC+난리/NNG"
          },
          {
            "id": 4,
            "text": "2 : 키키 재밌게 하고 있나 보네 키키",
            "norm_text": "키키 재밌게 하고 있나 보네 키키",
            "speaker": {
              "id": "2번",
              "sex": "여성",
              "age": "20대"
            },
            "speechAct": "(단언) 주장하기",
            "morpheme": "키/NNG+키/XSV+ETN+재밌/VA+게/EC+하/VV+고/EC+있/VX+나/EC+보/VX+네/EF+키/NNG+키/XSV+ETN"
          },
          {
            "id": 5,
            "text": "2 : 같이 해줘라 키키",
            "norm_text": "같이 해줘라 키키",
            "speaker": {
              "id": "2번",
              "sex": "여성",
              "age": "20대"
            },
            "speechAct": "(지시) 충고/제안하기",
            "morpheme": "같이/MAG+해/VV+EC+줘라/VX+EC+키/NNG+키/XSV+ETN"
          },
          {
            "id": 6,
            "text": "1 : 키키 예전에 열심히 했는데 귀찮",
            "norm_text": "키키 예전에 열심히 했는데 귀찮",
            "speaker": {
              "id": "1번",
              "sex": "남성",
              "age": "20대"
            },
            "speechAct": "(단언) 주장하기",
            "morpheme": "키/NNG+키/NNG+예전/NNG+에/JKB+열심히/MAG+했/VV+EP+는데/EC+귀찮/VA"
          },
          {
            "id": 7,
            "text": "2 : 키키 내 친구 소개 시켜줘야 하나",
            "norm_text": "키키 내 친구 소개 시켜줘야 하나",
            "speaker": {
              "id": "2번",
              "sex": "여성",
              "age": "20대"
            },
            "speechAct": "(지시) 질문하기",
            "morpheme": "키/NNG+키/XSV+ETN+내/NP+JKG+친구/NNG+소개/NNG+시켜/XSV+EC+줘야/VX+EC+하나/NR"
          },
          {
            "id": 8,
            "text": "2 : 내 친구도 가끔 하는 거 같던데",
            "norm_text": "내 친구도 가끔 하는 거 같던데",
            "speaker": {
              "id": "2번",
              "sex": "여성",
              "age": "20대"
            },
            "speechAct": "(단언) 진술하기",
            "morpheme": "내/NP+JKG+친구/NNG+도/JX+가끔/MAG+하/VV+는/ETM+거/NNB+같/VA+던데/EC"
          },
          {
            "id": 9,
            "text": "1 : 오 키키 뭐야 아직도 하면 진짜 대박이네",
            "norm_text": "오 키키 뭐야 아직도 하면 진짜 대박이네",
            "speaker": {
              "id": "1번",
              "sex": "남성",
              "age": "20대"
            },
            "speechAct": "(단언) 주장하기",
            "morpheme": "오키/NNP+키/NNG+뭐/NP+야/VCP+EF+아직/MAG+도/JX+하/VV+면/EC+진짜/MAG+대박/NNG+이/VCP+네/EC"
          },
          {
            "id": 10,
            "text": "2 : 키키 그러니까 키키 무슨 매력이 있나 봐 키키",
            "norm_text": "키키 그러니까 키키 무슨 매력이 있나 봐 키키",
            "speaker": {
              "id": "2번",
              "sex": "여성",
              "age": "20대"
            },
            "speechAct": "(단언) 주장하기",
            "morpheme": "키/NNG+키/XSV+ETN+그러니까/MAJ+키/NNG+키/XSV+ETN+무슨/MM+매력/NNG+이/JKS+있/VV+나/EC+봐/VX+EF+키/NNG+키/XSV+ETN"
          },
          {
            "id": 11,
            "text": "1 : 키키 예전에 배에서 막 신기한 거 잡고 해서 재밌긴 했었다",
            "norm_text": "키키 예전에 배에서 막 신기한 거 잡고 해서 재밌긴 했었다",
            "speaker": {
              "id": "1번",
              "sex": "남성",
              "age": "20대"
            },
            "speechAct": "(단언) 주장하기",
            "morpheme": "키/NNG+키/NNG+예전/NNG+에/JKB+배/NNG+에서/JKB+막/XR+신기/XR+한/XSA+ETM+거/NNB+잡/VCP+VV+고/EC+해서/VV+EC+재밌/VA+긴/ETN+JX+했었/VX+EP+다/EC"
          },
          {
            "id": 12,
            "text": "2 : 키키 진짜 엄청 핫했지 키키",
            "norm_text": "키키 진짜 엄청 핫했지 키키",
            "speaker": {
              "id": "2번",
              "sex": "여성",
              "age": "20대"
            },
            "speechAct": "(단언) 주장하기",
            "morpheme": "키/NNG+키/XSV+ETN+진짜/MAG+엄청/MAG+핫/NNG+했/XSV+EP+지/EC+키/NNG+키/XSV+ETN"
          },
          {
            "id": 13,
            "text": "1 : 그러니까 그때 속초였나? 잡으러 가고",
            "norm_text": "그러니까 그때 속초였나? 잡으러 가고",
            "speaker": {
              "id": "1번",
              "sex": "남성",
              "age": "20대"
            },
            "speechAct": "(단언) 진술하기",
            "morpheme": "그러니까/MAJ+그때/NNG+속초/NNG+였/VCP+EP+나/EF+잡/VV+으러/EC+가/VX+고/EC"
          },
          {
            "id": 14,
            "text": "2 : 대박 키키 속초까지 갔었어?",
            "norm_text": "대박 키키 속초까지 갔었어?",
            "speaker": {
              "id": "2번",
              "sex": "여성",
              "age": "20대"
            },
            "speechAct": "(지시) 질문하기",
            "morpheme": "대박/NNG+키/NNG+키/NNG+속초/NNG+까지/JX+갔었/VV+EP+어/EF"
          },
          {
            "id": 15,
            "text": "2 : 희귀 몬스터 잡음?",
            "norm_text": "희귀 몬스터 잡음?",
            "speaker": {
              "id": "2번",
              "sex": "여성",
              "age": "20대"
            },
            "speechAct": "(지시) 질문하기",
            "morpheme": "희귀몬스터잡음/UNKNOWN"
          },
          {
            "id": 16,
            "text": "1 : 키키 난 안 가고 왜 그때 속초가 엄청 떴잖아 키키",
            "norm_text": "키키 난 안 가고 왜 그때 속초가 엄청 떴잖아 키키",
            "speaker": {
              "id": "1번",
              "sex": "남성",
              "age": "20대"
            },
            "speechAct": "(단언) 진술하기",
            "morpheme": "키/NNG+키/XSV+ETN+난/NP+JX+안/MAG+가/VV+고/EC+왜/MAG+그때/NNG+속초/NNG+가/JKS+엄청/MAG+떴/VV+EP+잖아/EF+키/NNG+키/XSV+ETN"
          },
          {
            "id": 17,
            "text": "2 : 아 키키 맞아 키키 진짜 저렇게까지 해야 하나 싶을 정도로 열광이었지",
            "norm_text": "아 키키 맞아 키키 진짜 저렇게까지 해야 하나 싶을 정도로 열광이었지",
            "speaker": {
              "id": "2번",
              "sex": "여성",
              "age": "20대"
            },
            "speechAct": "(단언) 진술하기",
            "morpheme": "아키/NNP+키/NNG+맞/VV+아/EC+키/NNG+키/XSV+ETN+진짜/MAG+저렇/VA+게/EC+까지/JX+해야/VV+EC+하/VV+나/EC+싶/VX+을/ETM+정도/NNG+로/JKB+열광/NNG+이/VCP+었/EP+지/EC"
          },
          {
            "id": 18,
            "text": "1 : 키키 진짜 근데 요샌 모르는 포켓몬이 많아서",
            "norm_text": "키키 진짜 근데 요샌 모르는 포켓몬이 많아서",
            "speaker": {
              "id": "1번",
              "sex": "남성",
              "age": "20대"
            },
            "speechAct": "(단언) 주장하기",
            "morpheme": "키/NNG+키/XSV+ETN+진짜/MAG+근데/MAJ+요샌/MAG+JX+모르/VV+는/ETM+포켓몬/NNP+이/JKS+많/VA+아서/EC"
          },
          {
            "id": 19,
            "text": "2 : 키키 지금 많이 업그레이드 돼서 모르는 포켓몬이 많아",
            "norm_text": "키키 지금 많이 업그레이드 돼서 모르는 포켓몬이 많아",
            "speaker": {
              "id": "2번",
              "sex": "여성",
              "age": "20대"
            },
            "speechAct": "(단언) 주장하기",
            "morpheme": "키/NNG+키/NNG+지금/MAG+많이/MAG+업그레이드/NNG+돼서/XSV+EC+모르/VV+는/ETM+포켓몬/NNP+이/JKS+많/VA+아/EC"
          }
        ]
      }
    }
  ]
}