{
  "dataset": {
    "identifier": 63830,
    "name": "KAKAO_901_06_set",
    "src_path": "/data/file/cubeManager/PROJECT001/53/txt20211005153438076195/KAKAO_901_06_set/",
    "label_path": "/data/file/cubeManager/PROJECT001/53/txt20211005153438076195/KAKAO_901_06_set/",
    "category": 2,
    "type": 0
  },
  "licenses": {
    "name": "Apache License 1.0",
    "url": "http://www.apache.org/licenses/LICENSE-1.0"
  },
  "info": [
    {
      "id": 41483,
      "filename": "KAKAO_901_06.txt",
      "title": "KAKAO_901_06",
      "mediatype": "SNS",
      "medianame": "카카오톡",
      "category": "일상대화",
      "date": "2021-10-05",
      "size": 526,
      "annotations": {
        "subject": "교육",
        "speaker_type": "1:1",
        "size": 526,
        "word_size": 185,
        "text": "1 : 뭐 학원 다니고 싶은 거 있음? 키키\n2 : 저는 요새 요리 학원이나 악기나 키키\n1 : 오 대박 니 요리 좋아하나? 키키\n2 : 네 키키 저는 하는 거 좀 좋아해서\n1 : 오 대박이네 키키 니랑 살 여자는 좋겠네\n2 : 근데 잘 맞아야 할 것 같아요 키키\n2 : 둘째 누나는 그러면 다른 일 하고 해서 잘 맞았는데 저만 일 한다면 안 맞을 듯\n1 : 그러게 키키 서로  그런 것도 중요하지\n2 : 키키 그쵸 키키 근데 진짜 그런 것만 아니면 잘 맞을 것 같아요\n1 : 키키 니도 성격 좋아서 뭐 다 잘 맞을 것 같음\n2 : 누나들이랑 커서 그런지 그런 거 맞추는 건 뭐\n1 : 맞아 키키 뭔가 막내들은 눈치가 있는 것 같지 않음? 키키\n2 : 키키 그쵸 형도 누나가 둘이니 키키 역시 말이 잘 통하네요\n1 : 그러니까 키키 진짜 뭔가 딱 이렇게 하면 안 되겠다가 느껴짐\n2 : 역시... 누나가 있는 게 그럴 땐 좋은 것 같아요\n1 : 키키 맞아 좋긴 하지 키키 혼자 있는 것 보다는\n2 : 키키 근데 또 상대 여자는 결혼 생각하면 부담이긴 한 것 같더라구요?",
        "lines": [
          {
            "id": 1,
            "text": "1 : 뭐 학원 다니고 싶은 거 있음? 키키",
            "norm_text": "뭐 학원 다니고 싶은 거 있음? 키키",
            "speaker": {
              "id": "1번",
              "sex": "남성",
              "age": "20대"
            },
            "speechAct": "(지시) 질문하기",
            "morpheme": "뭐/IC+학원/NNG+다니/VV+고/EC+싶/VX+은/ETM+거/NNB+있/VA+음/ETN+키/NNG+키/XSV+ETN"
          },
          {
            "id": 2,
            "text": "2 : 저는 요새 요리 학원이나 악기나 키키",
            "norm_text": "저는 요새 요리 학원이나 악기나 키키",
            "speaker": {
              "id": "2번",
              "sex": "남성",
              "age": "20대"
            },
            "speechAct": "(단언) 진술하기",
            "morpheme": "저/NP+는/JX+요새/NNG+요리/NNG+학원/NNG+이나/JC+악기/NNG+나/JC+키/NNG+키/XSV+ETN"
          },
          {
            "id": 3,
            "text": "1 : 오 대박 니 요리 좋아하나? 키키",
            "norm_text": "오 대박 니 요리 좋아하나? 키키",
            "speaker": {
              "id": "1번",
              "sex": "남성",
              "age": "20대"
            },
            "speechAct": "(지시) 질문하기",
            "morpheme": "오/NR+대/NNBC+박/VV+니/EC+요리/NNG+좋/VA+아/EC+하나/NR+키/NNG+키/XSV+ETN"
          },
          {
            "id": 4,
            "text": "2 : 네 키키 저는 하는 거 좀 좋아해서",
            "norm_text": "네 키키 저는 하는 거 좀 좋아해서",
            "speaker": {
              "id": "2번",
              "sex": "남성",
              "age": "20대"
            },
            "speechAct": "(단언) 주장하기",
            "morpheme": "네/IC+키/NNG+키저/NNG+는/JX+하/VV+는/ETM+거/NNB+좀/MAG+좋/VA+아/EC+해서/VV+EC"
          },
          {
            "id": 5,
            "text": "1 : 오 대박이네 키키 니랑 살 여자는 좋겠네",
            "norm_text": "오 대박이네 키키 니랑 살 여자는 좋겠네",
            "speaker": {
              "id": "1번",
              "sex": "남성",
              "age": "20대"
            },
            "speechAct": "(단언) 주장하기",
            "morpheme": "오/NR+대/NNBC+박이/XSN+네/XSN+키/NNG+키/NNG+니랑/NNG+살/VV+ETM+여자/NNG+는/JX+좋/VA+겠/EP+네/EF"
          },
          {
            "id": 6,
            "text": "2 : 근데 잘 맞아야 할 것 같아요 키키",
            "norm_text": "근데 잘 맞아야 할 것 같아요 키키",
            "speaker": {
              "id": "2번",
              "sex": "남성",
              "age": "20대"
            },
            "speechAct": "(단언) 진술하기",
            "morpheme": "근데/MAJ+잘/MAG+맞/VV+아야/EC+할/VX+ETM+것/NNB+같/VA+아요/EF+키/NNG+키/XSV+ETN"
          },
          {
            "id": 7,
            "text": "2 : 둘째 누나는 그러면 다른 일 하고 해서 잘 맞았는데 저만 일 한다면 안 맞을 듯",
            "norm_text": "둘째 누나는 그러면 다른 일 하고 해서 잘 맞았는데 저만 일 한다면 안 맞을 듯",
            "speaker": {
              "id": "2번",
              "sex": "남성",
              "age": "20대"
            },
            "speechAct": "(단언) 진술하기",
            "morpheme": "둘째/NR+누나/NNG+는/JX+그러면/MAJ+다른/MM+일/NNG+하/XSV+고/EC+해서/VV+EC+잘/MAG+맞/VV+았/EP+는데/EC+저/MM+만일/NNG+한다면/XSV+EC+안/MAG+맞/VV+을/ETM+듯/NNB"
          },
          {
            "id": 8,
            "text": "1 : 그러게 키키 서로  그런 것도 중요하지",
            "norm_text": "그러게 키키 서로  그런 것도 중요하지",
            "speaker": {
              "id": "1번",
              "sex": "남성",
              "age": "20대"
            },
            "speechAct": "(단언) 주장하기",
            "morpheme": "그러/VV+게/EC+키/NNG+키/NNG+서로/MAG+그런/MM+것/NNB+도/JX+중요/NNG+하/XSV+지/EC"
          },
          {
            "id": 9,
            "text": "2 : 키키 그쵸 키키 근데 진짜 그런 것만 아니면 잘 맞을 것 같아요",
            "norm_text": "키키 그쵸 키키 근데 진짜 그런 것만 아니면 잘 맞을 것 같아요",
            "speaker": {
              "id": "2번",
              "sex": "남성",
              "age": "20대"
            },
            "speechAct": "(단언) 진술하기",
            "morpheme": "키/NNG+키/XSV+ETN+그쵸/IC+키/NNG+키/XSV+ETN+근데/MAJ+진짜/MAG+그런/MM+것/NNB+만/JX+아니/VCN+면/EC+잘/MAG+맞/VV+을/ETM+것/NNB+같/VA+아요/EC"
          },
          {
            "id": 10,
            "text": "1 : 키키 니도 성격 좋아서 뭐 다 잘 맞을 것 같음",
            "norm_text": "키키 니도 성격 좋아서 뭐 다 잘 맞을 것 같음",
            "speaker": {
              "id": "1번",
              "sex": "남성",
              "age": "20대"
            },
            "speechAct": "(단언) 주장하기",
            "morpheme": "키/NNG+키/VV+니/EC+도/JX+성격/NNG+좋/VA+아서/EC+뭐/IC+다/MAG+잘/MAG+맞/VV+을/ETM+것/NNB+같/VA+음/ETN"
          },
          {
            "id": 11,
            "text": "2 : 누나들이랑 커서 그런지 그런 거 맞추는 건 뭐",
            "norm_text": "누나들이랑 커서 그런지 그런 거 맞추는 건 뭐",
            "speaker": {
              "id": "2번",
              "sex": "남성",
              "age": "20대"
            },
            "speechAct": "(단언) 진술하기",
            "morpheme": "누나/NNG+들/XSN+이랑/JKB+커서/VV+EC+그런지/VA+EC+그런/MM+거/NNB+맞추/VV+는/ETM+건/NNB+JX+뭐/NP"
          },
          {
            "id": 12,
            "text": "1 : 맞아 키키 뭔가 막내들은 눈치가 있는 것 같지 않음? 키키",
            "norm_text": "맞아 키키 뭔가 막내들은 눈치가 있는 것 같지 않음? 키키",
            "speaker": {
              "id": "1번",
              "sex": "남성",
              "age": "20대"
            },
            "speechAct": "(지시) 질문하기",
            "morpheme": "맞/VV+아/EC+키/NNG+키/XSV+ETN+뭔가/NP+VCP+EC+막내/NNG+들/XSN+은/JX+눈치/NNG+가/JKS+있/VA+는/ETM+것/NNB+같/VA+지/EC+않/VX+음/ETN+키/NNG+키/XSV+ETN"
          },
          {
            "id": 13,
            "text": "2 : 키키 그쵸 형도 누나가 둘이니 키키 역시 말이 잘 통하네요",
            "norm_text": "키키 그쵸 형도 누나가 둘이니 키키 역시 말이 잘 통하네요",
            "speaker": {
              "id": "2번",
              "sex": "남성",
              "age": "20대"
            },
            "speechAct": "(단언) 주장하기",
            "morpheme": "키/NNG+키/XSV+ETN+그쵸/IC+형/NNG+도/JX+누나/NNG+가/JKS+둘/NR+이/VCP+니/EC+키/NNG+키/XSV+ETN+역시/MAJ+말/NNG+이/JKS+잘/MAG+통하/VV+네요/EC"
          },
          {
            "id": 14,
            "text": "1 : 그러니까 키키 진짜 뭔가 딱 이렇게 하면 안 되겠다가 느껴짐",
            "norm_text": "그러니까 키키 진짜 뭔가 딱 이렇게 하면 안 되겠다가 느껴짐",
            "speaker": {
              "id": "1번",
              "sex": "남성",
              "age": "20대"
            },
            "speechAct": "(단언) 주장하기",
            "morpheme": "그러니까/MAJ+키/NNG+키/XSV+ETN+진짜/MAG+뭔가/NP+VCP+EC+딱/MAG+이렇게/MAG+하/VV+면/EC+안/MAG+되/VV+겠/EP+다가/EC+느껴짐/VV+EC+VX+ETN"
          },
          {
            "id": 15,
            "text": "2 : 역시... 누나가 있는 게 그럴 땐 좋은 것 같아요",
            "norm_text": "역시... 누나가 있는 게 그럴 땐 좋은 것 같아요",
            "speaker": {
              "id": "2번",
              "sex": "남성",
              "age": "20대"
            },
            "speechAct": "(단언) 주장하기",
            "morpheme": "역시/MAJ+./SY+누나/NNG+가/JKS+있/VA+는/ETM+게/NNB+JKS+그럴/VA+ETM+땐/NNG+JX+좋/VA+은/ETM+것/NNB+같/VA+아요/EC"
          },
          {
            "id": 16,
            "text": "1 : 키키 맞아 좋긴 하지 키키 혼자 있는 것 보다는",
            "norm_text": "키키 맞아 좋긴 하지 키키 혼자 있는 것 보다는",
            "speaker": {
              "id": "1번",
              "sex": "남성",
              "age": "20대"
            },
            "speechAct": "(단언) 진술하기",
            "morpheme": "키/NNG+키/XSV+ETN+맞/VV+아/EC+좋/VA+긴/ETN+JX+하/VX+지/EC+키/NNG+키/NNG+혼자/MAG+있/VV+는/ETM+것/NNB+보다/JKB+는/JX"
          },
          {
            "id": 17,
            "text": "2 : 키키 근데 또 상대 여자는 결혼 생각하면 부담이긴 한 것 같더라구요?",
            "norm_text": "키키 근데 또 상대 여자는 결혼 생각하면 부담이긴 한 것 같더라구요?",
            "speaker": {
              "id": "2번",
              "sex": "남성",
              "age": "20대"
            },
            "speechAct": "(단언) 진술하기",
            "morpheme": "키/NNG+키/XSV+ETN+근데/MAJ+또/MAG+상대/NNG+여자/NNG+는/JX+결혼/NNG+생각/NNG+하/XSV+면/EC+부담/NNG+이/JKS+긴한/VA+ETM+것/NNB+같/VA+더라구요/EF"
          }
        ]
      }
    }
  ]
}