{
  "dataset": {
    "identifier": 69249,
    "name": "KAKAO_915_19_set",
    "src_path": "/data/file/cubeManager/PROJECT001/53/txt20211005155756068143/KAKAO_915_19_set/",
    "label_path": "/data/file/cubeManager/PROJECT001/53/txt20211005155756068143/KAKAO_915_19_set/",
    "category": 2,
    "type": 0
  },
  "licenses": {
    "name": "Apache License 1.0",
    "url": "http://www.apache.org/licenses/LICENSE-1.0"
  },
  "info": [
    {
      "id": 41856,
      "filename": "KAKAO_915_19.txt",
      "title": "KAKAO_915_19",
      "mediatype": "SNS",
      "medianame": "카카오톡",
      "category": "일상대화",
      "date": "2021-10-05",
      "size": 445,
      "annotations": {
        "subject": "방송/연예",
        "speaker_type": "1:1",
        "size": 445,
        "word_size": 154,
        "text": "1 : 이제 드라마가 물갈이 하던데 키키\n2 : 오 진짜가? 왜?\n2 : 이제는 멜로로 안 가는 건가\n1 : 키키 아니 이제 다 끝나고 새로운 드라마 해 키키\n2 : 아... 그런 말이구나 키키\n2 : 나는 이제 장르 좀 바뀌나 했네\n1 : 키키 장르는 뭐... 키키 다들 창의력이 똑같아\n2 : 키키 그건 맞지 근데 요새 넷플에서 하는 드라마들이 대단하던데\n1 : 오 진짜 나 그거 뭐지 오징어 게임?\n2 : 오 나도 방금 그거 봤는데 키키 대박\n1 : 키키 오 대박 그거 잼겠던데 키키\n2 : 맞아 키키 아니 일단 엄청 캐스팅이 대단하더만\n1 : 키키 오호호호 기대돼 언제 하지 지금 하나용?\n2 : 모르겠어 나도 설명하는 거 봤어\n1 : 아 키키 조금 이따가 넷플 봐야겠다 키키\n2 : 키키 나는 넷플 안되어 있어 ㅠㅠ\n1 : 뭐지 키키 왜 안 되어 있죠 키키\n2 : 돈이 없어서 안 했어 키키\n2 : 니는 하고 있나 보네",
        "lines": [
          {
            "id": 1,
            "text": "1 : 이제 드라마가 물갈이 하던데 키키",
            "norm_text": "이제 드라마가 물갈이 하던데 키키",
            "speaker": {
              "id": "1번",
              "sex": "여성",
              "age": "20대"
            },
            "speechAct": "(단언) 주장하기",
            "morpheme": "이제/MAG+드라마/NNG+가/JKS+물갈이/NNG+하/XSV+던데/EC+키/NNG+키/XSV+ETN"
          },
          {
            "id": 2,
            "text": "2 : 오 진짜가? 왜?",
            "norm_text": "오 진짜가? 왜?",
            "speaker": {
              "id": "2번",
              "sex": "남성",
              "age": "20대"
            },
            "speechAct": "(지시) 질문하기",
            "morpheme": "오/NR+진짜/NNG+가/JKS+왜/MAG"
          },
          {
            "id": 3,
            "text": "2 : 이제는 멜로로 안 가는 건가",
            "norm_text": "이제는 멜로로 안 가는 건가",
            "speaker": {
              "id": "2번",
              "sex": "남성",
              "age": "20대"
            },
            "speechAct": "(단언) 주장하기",
            "morpheme": "이제/NNG+는/JX+멜로/NNP+로/JKB+안/MAG+가/VV+는/ETM+건가/NNB+VCP+EC"
          },
          {
            "id": 4,
            "text": "1 : 키키 아니 이제 다 끝나고 새로운 드라마 해 키키",
            "norm_text": "키키 아니 이제 다 끝나고 새로운 드라마 해 키키",
            "speaker": {
              "id": "1번",
              "sex": "여성",
              "age": "20대"
            },
            "speechAct": "(단언) 진술하기",
            "morpheme": "키/NNG+키/XSV+ETN+아니/VCN+이제/MAG+다/MAG+끝나/VV+고/EC+새로운/VA+ETM+드라마/NNG+해/XSV+EC+키/NNG+키/XSV+ETN"
          },
          {
            "id": 5,
            "text": "2 : 아... 그런 말이구나 키키",
            "norm_text": "아... 그런 말이구나 키키",
            "speaker": {
              "id": "2번",
              "sex": "남성",
              "age": "20대"
            },
            "speechAct": "(단언) 주장하기",
            "morpheme": "아/IC+./SY+그런/MM+말/NNG+이/VCP+구나/EF+키/NNG+키/XSV+ETN"
          },
          {
            "id": 6,
            "text": "2 : 나는 이제 장르 좀 바뀌나 했네",
            "norm_text": "나는 이제 장르 좀 바뀌나 했네",
            "speaker": {
              "id": "2번",
              "sex": "남성",
              "age": "20대"
            },
            "speechAct": "(단언) 주장하기",
            "morpheme": "나/NP+는/JX+이제/MAG+장르/NNG+좀/MAG+바뀌/VV+나/EC+했/VX+EP+네/EF"
          },
          {
            "id": 7,
            "text": "1 : 키키 장르는 뭐... 키키 다들 창의력이 똑같아",
            "norm_text": "키키 장르는 뭐... 키키 다들 창의력이 똑같아",
            "speaker": {
              "id": "1번",
              "sex": "여성",
              "age": "20대"
            },
            "speechAct": "(단언) 주장하기",
            "morpheme": "키/NNG+키/NNG+장르/NNG+는/JX+뭐/IC+./SY+키키다들창의력이똑같아/UNKNOWN"
          },
          {
            "id": 8,
            "text": "2 : 키키 그건 맞지 근데 요새 넷플에서 하는 드라마들이 대단하던데",
            "norm_text": "키키 그건 맞지 근데 요새 넷플에서 하는 드라마들이 대단하던데",
            "speaker": {
              "id": "2번",
              "sex": "남성",
              "age": "20대"
            },
            "speechAct": "(단언) 진술하기",
            "morpheme": "키/NNG+키/XSV+ETN+그건/NP+JX+맞/VV+지/EF+근데/MAJ+요새/MAG+넷/NR+플/NNG+에서/JKB+하/VV+는/ETM+드라마/NNG+들/XSN+이/JKS+대단/XR+하/XSA+던데/EC"
          },
          {
            "id": 9,
            "text": "1 : 오 진짜 나 그거 뭐지 오징어 게임?",
            "norm_text": "오 진짜 나 그거 뭐지 오징어 게임?",
            "speaker": {
              "id": "1번",
              "sex": "여성",
              "age": "20대"
            },
            "speechAct": "(지시) 질문하기",
            "morpheme": "오/IC+진짜/MAG+나/NP+그거/NP+뭐/IC+지오/NNG+징어/NNG+게임/NNG"
          },
          {
            "id": 10,
            "text": "2 : 오 나도 방금 그거 봤는데 키키 대박",
            "norm_text": "오 나도 방금 그거 봤는데 키키 대박",
            "speaker": {
              "id": "2번",
              "sex": "남성",
              "age": "20대"
            },
            "speechAct": "(단언) 주장하기",
            "morpheme": "오/IC+나/NP+도/JX+방금/MAG+그거/NP+봤/VV+EP+는데/EC+키/NNG+키/NNG+대박/NNG"
          },
          {
            "id": 11,
            "text": "1 : 키키 오 대박 그거 잼겠던데 키키",
            "norm_text": "키키 오 대박 그거 잼겠던데 키키",
            "speaker": {
              "id": "1번",
              "sex": "여성",
              "age": "20대"
            },
            "speechAct": "(단언) 주장하기",
            "morpheme": "키/NNG+키/XSV+ETN+오/NR+대박/NNG+그거/NP+잼/VV+ETN+겠/EP+던/ETM+데/NNB+키/NNG+키/XSV+ETN"
          },
          {
            "id": 12,
            "text": "2 : 맞아 키키 아니 일단 엄청 캐스팅이 대단하더만",
            "norm_text": "맞아 키키 아니 일단 엄청 캐스팅이 대단하더만",
            "speaker": {
              "id": "2번",
              "sex": "남성",
              "age": "20대"
            },
            "speechAct": "(단언) 주장하기",
            "morpheme": "맞/VV+아/EC+키/NNG+키/XSV+ETN+아니/VCN+일단/MAG+엄청/MAG+캐스팅/NNG+이/JKS+대단/XR+하/XSA+더만/EC"
          },
          {
            "id": 13,
            "text": "1 : 키키 오호호호 기대돼 언제 하지 지금 하나용?",
            "norm_text": "키키 오호호호 기대돼 언제 하지 지금 하나용?",
            "speaker": {
              "id": "1번",
              "sex": "여성",
              "age": "20대"
            },
            "speechAct": "(지시) 질문하기",
            "morpheme": "키/NNG+키/XSV+ETN+오호/IC+호호/MAG+기대/NNG+돼/XSV+EC+언제/MAG+하/VV+지/EC+지금/MAG+하나/NR+용/XSN"
          },
          {
            "id": 14,
            "text": "2 : 모르겠어 나도 설명하는 거 봤어",
            "norm_text": "모르겠어 나도 설명하는 거 봤어",
            "speaker": {
              "id": "2번",
              "sex": "남성",
              "age": "20대"
            },
            "speechAct": "(단언) 주장하기",
            "morpheme": "모르/VV+겠/EP+어/EF+나/NP+도/JX+설명/NNG+하/XSV+는/ETM+거/NNB+봤/VV+EP+어/EC"
          },
          {
            "id": 15,
            "text": "1 : 아 키키 조금 이따가 넷플 봐야겠다 키키",
            "norm_text": "아 키키 조금 이따가 넷플 봐야겠다 키키",
            "speaker": {
              "id": "1번",
              "sex": "여성",
              "age": "20대"
            },
            "speechAct": "(단언) 주장하기",
            "morpheme": "아키/NNP+키/NNG+조금/MAG+이따가/MAG+넷/NR+플/NNG+봐야/VV+EC+VX+겠/EP+다키키/NNP"
          },
          {
            "id": 16,
            "text": "2 : 키키 나는 넷플 안되어 있어 ㅠㅠ",
            "norm_text": "키키 나는 넷플 안되어 있어 ㅠㅠ",
            "speaker": {
              "id": "2번",
              "sex": "남성",
              "age": "20대"
            },
            "speechAct": "(단언) 주장하기",
            "morpheme": "키/NNG+키나/XSA+ETN+JX+는/JX+넷/NR+플/NNG+안/MAG+되/VV+어/EC+있/VX+어/EC+ㅠㅠ/UNKNOWN"
          },
          {
            "id": 17,
            "text": "1 : 뭐지 키키 왜 안 되어 있죠 키키",
            "norm_text": "뭐지 키키 왜 안 되어 있죠 키키",
            "speaker": {
              "id": "1번",
              "sex": "여성",
              "age": "20대"
            },
            "speechAct": "(단언) 주장하기",
            "morpheme": "뭐/IC+지키/NNP+키/NNG+왜/MAG+안/MAG+되/VV+어/EC+있/VX+죠/EF+키/NNG+키/XSV+ETN"
          },
          {
            "id": 18,
            "text": "2 : 돈이 없어서 안 했어 키키",
            "norm_text": "돈이 없어서 안 했어 키키",
            "speaker": {
              "id": "2번",
              "sex": "남성",
              "age": "20대"
            },
            "speechAct": "(단언) 주장하기",
            "morpheme": "돈/NNG+이/JKS+없/VA+어서/EC+안/MAG+했/VV+EP+어/EC+키/NNG+키/XSV+ETN"
          },
          {
            "id": 19,
            "text": "2 : 니는 하고 있나 보네",
            "norm_text": "니는 하고 있나 보네",
            "speaker": {
              "id": "2번",
              "sex": "남성",
              "age": "20대"
            },
            "speechAct": "(단언) 주장하기",
            "morpheme": "니/NP+는/JX+하/VV+고/EC+있/VX+나/EC+보/VX+네/EC"
          }
        ]
      }
    }
  ]
}