{
  "dataset": {
    "identifier": 63500,
    "name": "KAKAO_909_16_set",
    "src_path": "/data/file/cubeManager/PROJECT001/53/txt202110051541090896110/KAKAO_909_16_set/",
    "label_path": "/data/file/cubeManager/PROJECT001/53/txt202110051541090896110/KAKAO_909_16_set/",
    "category": 2,
    "type": 0
  },
  "licenses": {
    "name": "Apache License 1.0",
    "url": "http://www.apache.org/licenses/LICENSE-1.0"
  },
  "info": [
    {
      "id": 41593,
      "filename": "KAKAO_909_16.txt",
      "title": "KAKAO_909_16",
      "mediatype": "SNS",
      "medianame": "카카오톡",
      "category": "일상대화",
      "date": "2021-10-05",
      "size": 548,
      "annotations": {
        "subject": "미용",
        "speaker_type": "1:1",
        "size": 548,
        "word_size": 173,
        "text": "1 : 엉 ㅜㅠ 핸드크림 선물 고마워 진짜 유용하게 잘 쓸게\n2 : 생일 선물이 늦어서 미안해 키키\n1 : 아니야 ㅠㅠ 챙겨준 것만으로도 고맙지 진짜 나한테 필요했어\n2 : 유용하게 써준다니 고마워!\n2 : 편지도 따로 보냈으니까 다음 주에 도착할 거야!\n1 : 헉 편지까지 ㅠㅠ 완전 감동...\n1 : 나 안 그래도 손을 맨날 뜯어서 핸드크림 사려고 했는데 딱 맞춰서 너가 선물해준 거야\n2 : 저번에 만났을 때 언니가 스트레스 받으면 손 뜯는다고 한 게 기억나서\n1 : 그런 사소한 것까지 다 기억해 주다니 ㅠㅠ 더 감동이야\n2 : 그리고 립밤은 이제 곧 겨울 되니까 트지 말라고~\n1 : 안 그래도 겨울만 되면 입술도 트는데 진짜 잘 사용할게 고마워\n2 : 언니가 만족한다니 뿌듯하구만!\n1 : 우리 조만간 또 만나서 밥 한 끼 해야지\n2 : 그래! 언니가 날짜 정해주겠어?\n1 : 음... 그럼 추석 지나고 그 주에 볼까?\n2 : 좋아! 나 광천도 한 번에 가는 버스 있고 시내도 한 번에 가는 버스 있어\n1 : 음... 먹을 곳은 시내가 더 많으니까 시내에서 볼까?\n2 : 알겠어! 그럼 그렇게 하자!",
        "lines": [
          {
            "id": 1,
            "text": "1 : 엉 ㅜㅠ 핸드크림 선물 고마워 진짜 유용하게 잘 쓸게",
            "norm_text": "엉 ㅜㅠ 핸드크림 선물 고마워 진짜 유용하게 잘 쓸게",
            "speaker": {
              "id": "1번",
              "sex": "여성",
              "age": "20대"
            },
            "speechAct": "(단언) 주장하기",
            "morpheme": "엉/IC+ㅜㅠ/UNKNOWN+핸드크림/NNG+선물/NNG+고마워/VA+EC+진짜/MAG+유용/NNG+하/XSV+게/EC+잘/MAG+쓸/VV+ETM+게/NNB+JKS"
          },
          {
            "id": 2,
            "text": "2 : 생일 선물이 늦어서 미안해 키키",
            "norm_text": "생일 선물이 늦어서 미안해 키키",
            "speaker": {
              "id": "2번",
              "sex": "여성",
              "age": "20대"
            },
            "speechAct": "(단언) 주장하기",
            "morpheme": "생일/NNG+선물/NNG+이/JKS+늦/VA+어서/EC+미안/NNG+해/XSV+EC+키/NNG+키/XSV+ETN"
          },
          {
            "id": 3,
            "text": "1 : 아니야 ㅠㅠ 챙겨준 것만으로도 고맙지 진짜 나한테 필요했어",
            "norm_text": "아니야 ㅠㅠ 챙겨준 것만으로도 고맙지 진짜 나한테 필요했어",
            "speaker": {
              "id": "1번",
              "sex": "여성",
              "age": "20대"
            },
            "speechAct": "(단언) 주장하기",
            "morpheme": "아니야/IC+ㅠㅠ/UNKNOWN+챙겨준/VV+EC+VX+ETM+것/NNB+만/JX+으로/JKB+도/JX+고맙/VA+지/EF+진짜/MAG+나/NP+한테/JKB+필요/NNG+했/XSV+EP+어/EC"
          },
          {
            "id": 4,
            "text": "2 : 유용하게 써준다니 고마워!",
            "norm_text": "유용하게 써준다니 고마워!",
            "speaker": {
              "id": "2번",
              "sex": "여성",
              "age": "20대"
            },
            "speechAct": "(단언) 주장하기",
            "morpheme": "유용/NNG+하/XSV+게/EC+써/VV+EC+준다니/VX+EC+고마워/VV+EF"
          },
          {
            "id": 5,
            "text": "2 : 편지도 따로 보냈으니까 다음 주에 도착할 거야!",
            "norm_text": "편지도 따로 보냈으니까 다음 주에 도착할 거야!",
            "speaker": {
              "id": "2번",
              "sex": "여성",
              "age": "20대"
            },
            "speechAct": "(단언) 주장하기",
            "morpheme": "편지/NNG+도/JX+따로/MAG+보냈/VV+EP+으니까/EC+다음/NNG+주/NNG+에/JKB+도착/NNG+할/XSV+ETM+거/NNB+야/VCP+EF"
          },
          {
            "id": 6,
            "text": "1 : 헉 편지까지 ㅠㅠ 완전 감동...",
            "norm_text": "헉 편지까지 ㅠㅠ 완전 감동...",
            "speaker": {
              "id": "1번",
              "sex": "여성",
              "age": "20대"
            },
            "speechAct": "(단언) 주장하기",
            "morpheme": "헉/IC+편지/NNG+까지/JX+ㅠㅠ/UNKNOWN+완전/NNG+감동/NNG+./SY+./SY"
          },
          {
            "id": 7,
            "text": "1 : 나 안 그래도 손을 맨날 뜯어서 핸드크림 사려고 했는데 딱 맞춰서 너가 선물해준 거야",
            "norm_text": "나 안 그래도 손을 맨날 뜯어서 핸드크림 사려고 했는데 딱 맞춰서 너가 선물해준 거야",
            "speaker": {
              "id": "1번",
              "sex": "여성",
              "age": "20대"
            },
            "speechAct": "(단언) 진술하기",
            "morpheme": "나/NP+안/MAG+그래도/VV+EC+손/NNG+을/JKO+맨날/MAG+뜯/VV+어서/EC+핸드크림/NNG+사/VV+려고/EC+했/VX+EP+는데/EC+딱/MAG+맞춰서/VV+EC+너/NP+가/JKS+선물/NNG+해/XSV+EC+준/VX+ETM+거/NNB+야/VCP+EF"
          },
          {
            "id": 8,
            "text": "2 : 저번에 만났을 때 언니가 스트레스 받으면 손 뜯는다고 한 게 기억나서",
            "norm_text": "저번에 만났을 때 언니가 스트레스 받으면 손 뜯는다고 한 게 기억나서",
            "speaker": {
              "id": "2번",
              "sex": "여성",
              "age": "20대"
            },
            "speechAct": "(단언) 진술하기",
            "morpheme": "저번/NNG+에/JKB+만났/VV+EP+을/ETM+때/NNG+언니/NNG+가/JKS+스트레스/NNG+받/VV+으면/EC+손/NNG+뜯/VV+는다고/EC+한게/VX+ETM+NNB+JKC+기억나/VV+서/EC"
          },
          {
            "id": 9,
            "text": "1 : 그런 사소한 것까지 다 기억해 주다니 ㅠㅠ 더 감동이야",
            "norm_text": "그런 사소한 것까지 다 기억해 주다니 ㅠㅠ 더 감동이야",
            "speaker": {
              "id": "1번",
              "sex": "여성",
              "age": "20대"
            },
            "speechAct": "(단언) 주장하기",
            "morpheme": "그런/MM+사소/XR+한/XSA+ETM+것/NNB+까지/JX+다/MAG+기억/NNG+해/XSV+EC+주/VX+다니/EC+ㅠㅠ/UNKNOWN+더/MAG+감동/NNG+이/VCP+야/EC"
          },
          {
            "id": 10,
            "text": "2 : 그리고 립밤은 이제 곧 겨울 되니까 트지 말라고~",
            "norm_text": "그리고 립밤은 이제 곧 겨울 되니까 트지 말라고~",
            "speaker": {
              "id": "2번",
              "sex": "여성",
              "age": "20대"
            },
            "speechAct": "(단언) 진술하기",
            "morpheme": "그리고/MAJ+립/NNG+밤/NNG+은/JX+이제/MAG+곧/MAG+겨울/NNG+되/XSV+니까/EC+트/VV+지/EC+말/VX+라고/EC+~/SY"
          },
          {
            "id": 11,
            "text": "1 : 안 그래도 겨울만 되면 입술도 트는데 진짜 잘 사용할게 고마워",
            "norm_text": "안 그래도 겨울만 되면 입술도 트는데 진짜 잘 사용할게 고마워",
            "speaker": {
              "id": "1번",
              "sex": "여성",
              "age": "20대"
            },
            "speechAct": "(단언) 주장하기",
            "morpheme": "안/MAG+그래도/VV+EC+겨울/NNG+만/JX+되/VV+면/EC+입술/NNG+도/JX+트/VV+는데/EC+진짜/MAG+잘/MAG+사용/NNG+할/XSV+ETM+게/NNB+JKS+고마워/VA+EC"
          },
          {
            "id": 12,
            "text": "2 : 언니가 만족한다니 뿌듯하구만!",
            "norm_text": "언니가 만족한다니 뿌듯하구만!",
            "speaker": {
              "id": "2번",
              "sex": "여성",
              "age": "20대"
            },
            "speechAct": "(단언) 주장하기",
            "morpheme": "언니/NNG+가/JKS+만족/NNG+한다니/XSV+EC+뿌듯/XR+하/XSA+구만/EF"
          },
          {
            "id": 13,
            "text": "1 : 우리 조만간 또 만나서 밥 한 끼 해야지",
            "norm_text": "우리 조만간 또 만나서 밥 한 끼 해야지",
            "speaker": {
              "id": "1번",
              "sex": "여성",
              "age": "20대"
            },
            "speechAct": "(단언) 주장하기",
            "morpheme": "우리/NP+조만간/MAG+또/MAG+만나/VV+서/EC+밥/NNG+한/XSA+ETM+끼/NNG+해야지/XSV+EC"
          },
          {
            "id": 14,
            "text": "2 : 그래! 언니가 날짜 정해주겠어?",
            "norm_text": "그래! 언니가 날짜 정해주겠어?",
            "speaker": {
              "id": "2번",
              "sex": "여성",
              "age": "20대"
            },
            "speechAct": "(지시) 질문하기",
            "morpheme": "그래/IC+언니/NNG+가/JKS+날짜/NNG+정해/VV+EC+주/VX+겠/EP+어/EF"
          },
          {
            "id": 15,
            "text": "1 : 음... 그럼 추석 지나고 그 주에 볼까?",
            "norm_text": "음... 그럼 추석 지나고 그 주에 볼까?",
            "speaker": {
              "id": "1번",
              "sex": "여성",
              "age": "20대"
            },
            "speechAct": "(지시) 질문하기",
            "morpheme": "음/IC+./SY+그럼/MAJ+추석/NNG+지나/VV+고/EC+그/MM+주/NNG+에/JKB+볼까/VV+EF"
          },
          {
            "id": 16,
            "text": "2 : 좋아! 나 광천도 한 번에 가는 버스 있고 시내도 한 번에 가는 버스 있어",
            "norm_text": "좋아! 나 광천도 한 번에 가는 버스 있고 시내도 한 번에 가는 버스 있어",
            "speaker": {
              "id": "2번",
              "sex": "여성",
              "age": "20대"
            },
            "speechAct": "(단언) 진술하기",
            "morpheme": "좋/VA+아/EF+나/NP+광천/NNG+도/JX+한/MM+번/NNBC+에/JKB+가/VV+는/ETM+버스/NNG+있/VV+고/EC+시내/NNG+도/JX+한/MM+번/NNBC+에/JKB+가/VV+는/ETM+버스/NNG+있/VV+어/EC"
          },
          {
            "id": 17,
            "text": "1 : 음... 먹을 곳은 시내가 더 많으니까 시내에서 볼까?",
            "norm_text": "음... 먹을 곳은 시내가 더 많으니까 시내에서 볼까?",
            "speaker": {
              "id": "1번",
              "sex": "여성",
              "age": "20대"
            },
            "speechAct": "(지시) 질문하기",
            "morpheme": "음/IC+./SY+먹/VV+을/ETM+곳/NNG+은/JX+시내/NNG+가/JKS+더/MAG+많/VA+으니까/EC+시내/NNG+에서/JKB+볼까/VV+EF"
          },
          {
            "id": 18,
            "text": "2 : 알겠어! 그럼 그렇게 하자!",
            "norm_text": "알겠어! 그럼 그렇게 하자!",
            "speaker": {
              "id": "2번",
              "sex": "여성",
              "age": "20대"
            },
            "speechAct": "(단언) 주장하기",
            "morpheme": "알/VV+겠/EP+어/EF+그럼/MAJ+그렇게/MAG+하/VV+자/EF"
          }
        ]
      }
    }
  ]
}