{
  "dataset": {
    "identifier": 61625,
    "name": "KAKAO_921_02_set",
    "src_path": "/data/file/cubeManager/PROJECT001/53/txt20211005161403030958/KAKAO_921_02_set/",
    "label_path": "/data/file/cubeManager/PROJECT001/53/txt20211005161403030958/KAKAO_921_02_set/",
    "category": 2,
    "type": 0
  },
  "licenses": {
    "name": "Apache License 1.0",
    "url": "http://www.apache.org/licenses/LICENSE-1.0"
  },
  "info": [
    {
      "id": 41979,
      "filename": "KAKAO_921_02.txt",
      "title": "KAKAO_921_02",
      "mediatype": "SNS",
      "medianame": "카카오톡",
      "category": "일상대화",
      "date": "2021-10-05",
      "size": 763,
      "annotations": {
        "subject": "주거와 생활",
        "speaker_type": "1:1",
        "size": 763,
        "word_size": 247,
        "text": "1 : 그 뉴스 봤어?\n1 : 구해줘 홈즈 나온 공인중개사한테 믿고 계약했는데 집이 경매로 넘어가서 전세금 다 뺏기게 생걌다더라\n2 : 엥? 헐 티비에 나온 사람이 그랬다고?\n2 : 어쩌려고 그랬대...\n1 : 응 구해줘 홈즈 나왔다고 강조를 그렇게 해서 믿고 했다는데 전세금을 8천이나 떼게 생겼대\n2 : 미쳤다 미쳤다... 진짜 날벼락이네... ㅠㅠ\n2 : 다른 것도 아니고 집을 가지고 그런 사기를 치냐...\n1 : 근데 그것도 부산 부전동이라더라...\n1 : 진짜 잘 알아보고 집 계약해야 할 듯 ㅜ\n2 : 그게 부산이야? 대박...ㅠ\n2 : 아 나 방 위치 좀 바꿔볼까 하는데 너무 일이 커지겠지?\n1 : 방 위치?\n1 : 가구를 이리저리 옮겨보겠다구?\n2 : 응응 가구 위치 좀 바꿔 보고 싶어 키키\n2 : 분위기 전환 겸?\n1 : 아아 키키 그것도 좋지\n1 : 그게 생각만 하면 되게 복잡할 것 같은데 막상 날 잡고 하면 또 금방 한당 키키\n2 : 아 그리고 내 방에 진짜 필요 없는 물건 좀 다 버려야 돼 ㅠ 키키\n1 : 키키 물건 잘 못 버리는구나?\n2 : 응 완전 고물상이야 이것저것 다 모아둬 언젠가 쓰겠지 싶어서 키키\n1 : 난 너무 버려서 문젠데 ㅜㅜ 키키\n1 : 중고거래 하면 될걸 박스까지 맨날 가버려가지고 거래도 못하고 그런 거 많앙 ㅜㅜ 키키\n2 : 아 당근마켓 사람들 진짜 잘 쓰더라구 키키\n2 : 근데 난 또 그것마저 귀찮아서 ㅠ\n1 : 키키 언제 진짜 날 잡고 방에 물건 좀 정리하고 가구 위치도 하나씩 바꿔봥\n2 : 웅 키키 진짜 그럴려구\n2 : 한번 싹 다 정리 해야겠어",
        "lines": [
          {
            "id": 1,
            "text": "1 : 그 뉴스 봤어?",
            "norm_text": "그 뉴스 봤어?",
            "speaker": {
              "id": "1번",
              "sex": "여성",
              "age": "20대"
            },
            "speechAct": "(지시) 질문하기",
            "morpheme": "그/MM+뉴스/NNG+봤/VV+EP+어/EF"
          },
          {
            "id": 2,
            "text": "1 : 구해줘 홈즈 나온 공인중개사한테 믿고 계약했는데 집이 경매로 넘어가서 전세금 다 뺏기게 생걌다더라",
            "norm_text": "구해줘 홈즈 나온 공인중개사한테 믿고 계약했는데 집이 경매로 넘어가서 전세금 다 뺏기게 생걌다더라",
            "speaker": {
              "id": "1번",
              "sex": "여성",
              "age": "20대"
            },
            "speechAct": "(단언) 진술하기",
            "morpheme": "구해/VV+EC+줘/VX+EF+홈즈/NNP+나온/VV+ETM+공인/NNG+중개사/NNG+한테/JKB+믿/VV+고/EC+계약/NNG+했/XSV+EP+는데/EC+집/NNG+이/JKS+경매/NNG+로/JKB+넘어가/VV+서/EC+전세금/NNG+다/MAG+뺏기/VV+게/EC+생걌/UNKNOWN+다더라/EC"
          },
          {
            "id": 3,
            "text": "2 : 엥? 헐 티비에 나온 사람이 그랬다고?",
            "norm_text": "엥? 헐 티비에 나온 사람이 그랬다고?",
            "speaker": {
              "id": "2번",
              "sex": "여성",
              "age": "20대"
            },
            "speechAct": "(지시) 질문하기",
            "morpheme": "엥/IC+헐/XSV+ETM+티비/NNG+에/JKB+나온/VV+ETM+사람/NNG+이/JKS+그랬/VV+EP+다고/EF"
          },
          {
            "id": 4,
            "text": "2 : 어쩌려고 그랬대...",
            "norm_text": "어쩌려고 그랬대...",
            "speaker": {
              "id": "2번",
              "sex": "여성",
              "age": "20대"
            },
            "speechAct": "(단언) 주장하기",
            "morpheme": "어쩌/VV+려고/EC+그랬/VV+EP+대/EF+./SY"
          },
          {
            "id": 5,
            "text": "1 : 응 구해줘 홈즈 나왔다고 강조를 그렇게 해서 믿고 했다는데 전세금을 8천이나 떼게 생겼대",
            "norm_text": "응 구해줘 홈즈 나왔다고 강조를 그렇게 해서 믿고 했다는데 전세금을 8천이나 떼게 생겼대",
            "speaker": {
              "id": "1번",
              "sex": "여성",
              "age": "20대"
            },
            "speechAct": "(단언) 진술하기",
            "morpheme": "응구/NNG+해/XSV+EC+줘/VX+EF+홈즈/NNP+나왔/VV+EP+다고/EC+강조/NNG+를/JKO+그렇게/MAG+해서/VV+EC+믿/VV+고/EC+했/VX+EP+다는/ETM+데/NNB+전세금/NNG+을/JKO+8/SN+천/NR+이나/JX+떼/VV+게/EC+생겼/VV+EP+대/EC"
          },
          {
            "id": 6,
            "text": "2 : 미쳤다 미쳤다... 진짜 날벼락이네... ㅠㅠ",
            "norm_text": "미쳤다 미쳤다... 진짜 날벼락이네... ㅠㅠ",
            "speaker": {
              "id": "2번",
              "sex": "여성",
              "age": "20대"
            },
            "speechAct": "(단언) 주장하기",
            "morpheme": "미쳤/VV+EP+다/EC+미쳤/VV+EP+다/EF+./SY+진짜/MAG+날벼락/NNG+이/VCP+네/EF+./SY+ㅠㅠ/UNKNOWN"
          },
          {
            "id": 7,
            "text": "2 : 다른 것도 아니고 집을 가지고 그런 사기를 치냐...",
            "norm_text": "다른 것도 아니고 집을 가지고 그런 사기를 치냐...",
            "speaker": {
              "id": "2번",
              "sex": "여성",
              "age": "20대"
            },
            "speechAct": "(단언) 주장하기",
            "morpheme": "다른/MM+것/NNB+도/JX+아니/VCN+고/EC+집/NNG+을/JKO+가지/VV+고/EC+그런/MM+사기/NNG+를/JKO+치/VV+냐/EF+./SY"
          },
          {
            "id": 8,
            "text": "1 : 근데 그것도 부산 부전동이라더라...",
            "norm_text": "근데 그것도 부산 부전동이라더라...",
            "speaker": {
              "id": "1번",
              "sex": "여성",
              "age": "20대"
            },
            "speechAct": "(단언) 진술하기",
            "morpheme": "근데/MAJ+그것/NP+도/JX+부산/NNP+부전동/NNP+이/VCP+라더라/EF+./SY"
          },
          {
            "id": 9,
            "text": "1 : 진짜 잘 알아보고 집 계약해야 할 듯 ㅜ",
            "norm_text": "진짜 잘 알아보고 집 계약해야 할 듯 ㅜ",
            "speaker": {
              "id": "1번",
              "sex": "여성",
              "age": "20대"
            },
            "speechAct": "(단언) 주장하기",
            "morpheme": "진짜/MAG+잘/MAG+알아보/VV+고/EC+집/NNG+계약/NNG+해야/XSV+EC+할/VX+ETM+듯ㅜ/UNKNOWN"
          },
          {
            "id": 10,
            "text": "2 : 그게 부산이야? 대박...ㅠ",
            "norm_text": "그게 부산이야? 대박...ㅠ",
            "speaker": {
              "id": "2번",
              "sex": "여성",
              "age": "20대"
            },
            "speechAct": "(지시) 질문하기",
            "morpheme": "그게/NP+JKS+부산/NNP+이/VCP+야/EF+대박/NNG+./SY+./SY+ㅠ/UNKNOWN"
          },
          {
            "id": 11,
            "text": "2 : 아 나 방 위치 좀 바꿔볼까 하는데 너무 일이 커지겠지?",
            "norm_text": "아 나 방 위치 좀 바꿔볼까 하는데 너무 일이 커지겠지?",
            "speaker": {
              "id": "2번",
              "sex": "여성",
              "age": "20대"
            },
            "speechAct": "(지시) 질문하기",
            "morpheme": "아/IC+나방/NNG+위치/NNG+좀/MAG+바꿔/VV+EC+볼까/VX+EC+하/VV+는데/EC+너무/MAG+일/NNG+이/JKS+커지/VV+겠/EP+지/EF"
          },
          {
            "id": 12,
            "text": "1 : 방 위치?",
            "norm_text": "방 위치?",
            "speaker": {
              "id": "1번",
              "sex": "여성",
              "age": "20대"
            },
            "speechAct": "(지시) 질문하기",
            "morpheme": "방/NNG+위치/NNG"
          },
          {
            "id": 13,
            "text": "1 : 가구를 이리저리 옮겨보겠다구?",
            "norm_text": "가구를 이리저리 옮겨보겠다구?",
            "speaker": {
              "id": "1번",
              "sex": "여성",
              "age": "20대"
            },
            "speechAct": "(지시) 질문하기",
            "morpheme": "가구/NNG+를/JKO+이리저리/MAG+옮겨/VV+EC+보/VX+겠/EP+다구/EF"
          },
          {
            "id": 14,
            "text": "2 : 응응 가구 위치 좀 바꿔 보고 싶어 키키",
            "norm_text": "응응 가구 위치 좀 바꿔 보고 싶어 키키",
            "speaker": {
              "id": "2번",
              "sex": "여성",
              "age": "20대"
            },
            "speechAct": "(단언) 주장하기",
            "morpheme": "응/IC+응/IC+가구/NNG+위치/NNG+좀/MAG+바꿔/VV+EC+보/VX+고/EC+싶/VX+어/EC+키/NNG+키/XSV+ETN"
          },
          {
            "id": 15,
            "text": "2 : 분위기 전환 겸?",
            "norm_text": "분위기 전환 겸?",
            "speaker": {
              "id": "2번",
              "sex": "여성",
              "age": "20대"
            },
            "speechAct": "(지시) 질문하기",
            "morpheme": "분위기/NNG+전환/NNG+겸/NNB"
          },
          {
            "id": 16,
            "text": "1 : 아아 키키 그것도 좋지",
            "norm_text": "아아 키키 그것도 좋지",
            "speaker": {
              "id": "1번",
              "sex": "여성",
              "age": "20대"
            },
            "speechAct": "(단언) 주장하기",
            "morpheme": "아아/IC+키/NNG+키/XSV+ETN+그것/NP+도/JX+좋/VA+지/EC"
          },
          {
            "id": 17,
            "text": "1 : 그게 생각만 하면 되게 복잡할 것 같은데 막상 날 잡고 하면 또 금방 한당 키키",
            "norm_text": "그게 생각만 하면 되게 복잡할 것 같은데 막상 날 잡고 하면 또 금방 한당 키키",
            "speaker": {
              "id": "1번",
              "sex": "여성",
              "age": "20대"
            },
            "speechAct": "(단언) 주장하기",
            "morpheme": "그게/NP+JKS+생각/NNG+만/JX+하/VV+면/EC+되게/MAG+복잡/XR+할/XSA+ETM+것/NNB+같/VA+은데/EC+막상/MAG+날/NNG+잡/VV+고/EC+하/VV+면/EC+또/MAG+금방/MAG+한당/NNG+키/NNG+키/XSV+ETN"
          },
          {
            "id": 18,
            "text": "2 : 아 그리고 내 방에 진짜 필요 없는 물건 좀 다 버려야 돼 ㅠ 키키",
            "norm_text": "아 그리고 내 방에 진짜 필요 없는 물건 좀 다 버려야 돼 ㅠ 키키",
            "speaker": {
              "id": "2번",
              "sex": "여성",
              "age": "20대"
            },
            "speechAct": "(단언) 주장하기",
            "morpheme": "아/IC+그리고/MAJ+내방/NNP+에/JKB+진짜/MAG+필요/NNG+없/VA+는/ETM+물건/NNG+좀/MAG+다/MAG+버려야/VV+EC+돼/VV+EF+ㅠ키/UNKNOWN+키/NNG"
          },
          {
            "id": 19,
            "text": "1 : 키키 물건 잘 못 버리는구나?",
            "norm_text": "키키 물건 잘 못 버리는구나?",
            "speaker": {
              "id": "1번",
              "sex": "여성",
              "age": "20대"
            },
            "speechAct": "(지시) 질문하기",
            "morpheme": "키/NNG+키/NNG+물건/NNG+잘못/MAG+버리/VV+는구나/EF"
          },
          {
            "id": 20,
            "text": "2 : 응 완전 고물상이야 이것저것 다 모아둬 언젠가 쓰겠지 싶어서 키키",
            "norm_text": "응 완전 고물상이야 이것저것 다 모아둬 언젠가 쓰겠지 싶어서 키키",
            "speaker": {
              "id": "2번",
              "sex": "여성",
              "age": "20대"
            },
            "speechAct": "(단언) 주장하기",
            "morpheme": "응/IC+완전/MAG+고물상/NNG+이/VCP+야/EF+이것저것/MAG+다/MAG+모아/VV+EC+둬/VX+EF+언젠가/MAG+쓰/VV+겠/EP+지/EC+싶/VX+어서/EC+키/NNG+키/XSV+ETN"
          },
          {
            "id": 21,
            "text": "1 : 난 너무 버려서 문젠데 ㅜㅜ 키키",
            "norm_text": "난 너무 버려서 문젠데 ㅜㅜ 키키",
            "speaker": {
              "id": "1번",
              "sex": "여성",
              "age": "20대"
            },
            "speechAct": "(단언) 주장하기",
            "morpheme": "난/NP+JX+너무/MAG+버려서/VV+EC+문젠데/NNG+VCP+EC+ㅜㅜ/UNKNOWN+키/NNG+키/XSV+ETN"
          },
          {
            "id": 22,
            "text": "1 : 중고거래 하면 될걸 박스까지 맨날 가버려가지고 거래도 못하고 그런 거 많앙 ㅜㅜ 키키",
            "norm_text": "중고거래 하면 될걸 박스까지 맨날 가버려가지고 거래도 못하고 그런 거 많앙 ㅜㅜ 키키",
            "speaker": {
              "id": "1번",
              "sex": "여성",
              "age": "20대"
            },
            "speechAct": "(단언) 주장하기",
            "morpheme": "중고/NNG+거래/NNG+하/XSV+면/EC+될/VV+ETM+걸/NNB+JKO+박스/NNG+까지/JX+맨날/MAG+가/VV+버려/EC+VX+EC+가지/VX+고/EC+거래/NNG+도/JX+못하/VX+고/EC+그런/MM+거/NNB+많/VA+앙/EC+ㅜㅜ/UNKNOWN+키/NNG+키/XSV+ETN"
          },
          {
            "id": 23,
            "text": "2 : 아 당근마켓 사람들 진짜 잘 쓰더라구 키키",
            "norm_text": "아 당근마켓 사람들 진짜 잘 쓰더라구 키키",
            "speaker": {
              "id": "2번",
              "sex": "여성",
              "age": "20대"
            },
            "speechAct": "(단언) 주장하기",
            "morpheme": "아/IC+당근/MAG+마켓/NNP+사람/NNG+들/XSN+진짜/MAG+잘/MAG+쓰/VV+더라구/EC+키/NNG+키/XSV+ETN"
          },
          {
            "id": 24,
            "text": "2 : 근데 난 또 그것마저 귀찮아서 ㅠ",
            "norm_text": "근데 난 또 그것마저 귀찮아서 ㅠ",
            "speaker": {
              "id": "2번",
              "sex": "여성",
              "age": "20대"
            },
            "speechAct": "(단언) 주장하기",
            "morpheme": "근데/MAJ+난/NP+JX+또/MAG+그것/NP+마저/JX+귀찮/VA+아서/EC+ㅠ/UNKNOWN"
          },
          {
            "id": 25,
            "text": "1 : 키키 언제 진짜 날 잡고 방에 물건 좀 정리하고 가구 위치도 하나씩 바꿔봥",
            "norm_text": "키키 언제 진짜 날 잡고 방에 물건 좀 정리하고 가구 위치도 하나씩 바꿔봥",
            "speaker": {
              "id": "1번",
              "sex": "여성",
              "age": "20대"
            },
            "speechAct": "(지시) 충고/제안하기",
            "morpheme": "키/NNG+키/NNG+언제/MAG+진짜/MAG+날/NNG+잡/VV+고/EC+방/NNG+에/JKB+물건/NNG+좀/MAG+정리/NNG+하/XSV+고/EC+가/VX+구/EC+위치/NNG+도/JX+하나/NR+씩/XSN+바꿔/VV+EC+봥/UNKNOWN"
          },
          {
            "id": 26,
            "text": "2 : 웅 키키 진짜 그럴려구",
            "norm_text": "웅 키키 진짜 그럴려구",
            "speaker": {
              "id": "2번",
              "sex": "여성",
              "age": "20대"
            },
            "speechAct": "(단언) 주장하기",
            "morpheme": "웅/IC+키/NNG+키/XSV+ETN+진짜/MAG+그럴려구/VV+EC"
          },
          {
            "id": 27,
            "text": "2 : 한번 싹 다 정리 해야겠어",
            "norm_text": "한번 싹 다 정리 해야겠어",
            "speaker": {
              "id": "2번",
              "sex": "여성",
              "age": "20대"
            },
            "speechAct": "(단언) 주장하기",
            "morpheme": "한/MM+번/NNBC+싹/VV+다/EC+정리/NNG+해야/XSV+EC+VX+겠/EP+어/EC"
          }
        ]
      }
    }
  ]
}