{
  "dataset": {
    "identifier": 63479,
    "name": "KAKAO_909_10_set",
    "src_path": "/data/file/cubeManager/PROJECT001/53/txt20211005154109085356/KAKAO_909_10_set/",
    "label_path": "/data/file/cubeManager/PROJECT001/53/txt20211005154109085356/KAKAO_909_10_set/",
    "category": 2,
    "type": 0
  },
  "licenses": {
    "name": "Apache License 1.0",
    "url": "http://www.apache.org/licenses/LICENSE-1.0"
  },
  "info": [
    {
      "id": 41587,
      "filename": "KAKAO_909_10.txt",
      "title": "KAKAO_909_10",
      "mediatype": "SNS",
      "medianame": "카카오톡",
      "category": "일상대화",
      "date": "2021-10-05",
      "size": 480,
      "annotations": {
        "subject": "스포츠/레저",
        "speaker_type": "1:1",
        "size": 480,
        "word_size": 164,
        "text": "1 : 우리 시즌 끝나기 전에 야구 보러 가자\n2 : 오 좋아 키키 우리 대학교 때 보고 안 갔지?\n1 : 응응 키키 우리 대학교 1학년 때 외야로 보러 갔지?\n2 : 와 대박 완전 추억이다\n1 : 나 아직도 그 사진 있어 키키 너가 나 사진 찍어줬잖아\n2 : 나도 그 사진 클라우드에 있을걸?\n1 : 어 아닌가 우리 두 번 갔었나?\n2 : 대학교 친구 한 명 더 껴서 3명으로도 간 것 같은데?\n1 : 그치? 내가 잊고 있었네! 우리 둘이 한 번,  셋이서 한 번 이렇게 총 두 번 갔구나\n2 : 와 벌써 5년도 더 된 이야기다\n1 : 인정... 내가 널 첨 봤을 때 21살이었는데 키키\n2 : 우리가 친해진 것도 신기해 키키\n1 : 내가 너한테 엄청 매달렸잖아! 너 기억나? 너 재밌다고 내가 계속 말 걸고 그랬잖아\n2 : 아 그랬던가? 친해진 그 후의 기억만 있네\n1 : 키키 대학 생활 진짜 재밌게 했었는데 키키\n2 : 우리 텀블러에 소주 들고 마시면서 수업 들었던 거 기억나?",
        "lines": [
          {
            "id": 1,
            "text": "1 : 우리 시즌 끝나기 전에 야구 보러 가자",
            "norm_text": "우리 시즌 끝나기 전에 야구 보러 가자",
            "speaker": {
              "id": "1번",
              "sex": "여성",
              "age": "20대"
            },
            "speechAct": "(지시) 충고/제안하기",
            "morpheme": "우리/NP+시즌/NNG+끝/NNG+나기/NNG+전/NNG+에/JKB+야구/NNG+보/VV+러/EC+가/VX+자/EC"
          },
          {
            "id": 2,
            "text": "2 : 오 좋아 키키 우리 대학교 때 보고 안 갔지?",
            "norm_text": "오 좋아 키키 우리 대학교 때 보고 안 갔지?",
            "speaker": {
              "id": "2번",
              "sex": "여성",
              "age": "20대"
            },
            "speechAct": "(지시) 질문하기",
            "morpheme": "오/NR+좋/VA+아/EC+키/NNG+키/XSV+ETN+우리/NP+대학교/NNG+때/NNG+보/VV+고/EC+안/MAG+갔/VV+EP+지/EF"
          },
          {
            "id": 3,
            "text": "1 : 응응 키키 우리 대학교 1학년 때 외야로 보러 갔지?",
            "norm_text": "응응 키키 우리 대학교 1학년 때 외야로 보러 갔지?",
            "speaker": {
              "id": "1번",
              "sex": "여성",
              "age": "20대"
            },
            "speechAct": "(지시) 질문하기",
            "morpheme": "응/IC+응/IC+키/NNG+키/XSV+ETN+우리/NP+대학교/NNG+1/SN+학년/NNG+때/NNG+외야/NNG+로/JKB+보/VV+러/EC+갔/VV+EP+지/EF"
          },
          {
            "id": 4,
            "text": "2 : 와 대박 완전 추억이다",
            "norm_text": "와 대박 완전 추억이다",
            "speaker": {
              "id": "2번",
              "sex": "여성",
              "age": "20대"
            },
            "speechAct": "(단언) 주장하기",
            "morpheme": "와/IC+대박/NNG+완전/NNG+추억/NNG+이/VCP+다/EC"
          },
          {
            "id": 5,
            "text": "1 : 나 아직도 그 사진 있어 키키 너가 나 사진 찍어줬잖아",
            "norm_text": "나 아직도 그 사진 있어 키키 너가 나 사진 찍어줬잖아",
            "speaker": {
              "id": "1번",
              "sex": "여성",
              "age": "20대"
            },
            "speechAct": "(단언) 진술하기",
            "morpheme": "나/NP+아직/MAG+도/JX+그/MM+사진/NNG+있/VV+어/EC+키/NNG+키/XSV+ETN+너/NP+가/JKS+나/NP+사진/NNG+찍/VV+어/EC+줬/VX+EP+잖아/EC"
          },
          {
            "id": 6,
            "text": "2 : 나도 그 사진 클라우드에 있을걸?",
            "norm_text": "나도 그 사진 클라우드에 있을걸?",
            "speaker": {
              "id": "2번",
              "sex": "여성",
              "age": "20대"
            },
            "speechAct": "(단언) 진술하기",
            "morpheme": "나/NP+도/JX+그/MM+사진/NNG+클라우드/NNP+에/JKB+있/VV+을걸/EF"
          },
          {
            "id": 7,
            "text": "1 : 어 아닌가 우리 두 번 갔었나?",
            "norm_text": "어 아닌가 우리 두 번 갔었나?",
            "speaker": {
              "id": "1번",
              "sex": "여성",
              "age": "20대"
            },
            "speechAct": "(지시) 질문하기",
            "morpheme": "어/IC+아닌가/VCN+EC+우리/NP+두/MM+번/NNBC+갔었/VV+EP+나/EF"
          },
          {
            "id": 8,
            "text": "2 : 대학교 친구 한 명 더 껴서 3명으로도 간 것 같은데?",
            "norm_text": "대학교 친구 한 명 더 껴서 3명으로도 간 것 같은데?",
            "speaker": {
              "id": "2번",
              "sex": "여성",
              "age": "20대"
            },
            "speechAct": "(지시) 질문하기",
            "morpheme": "대학교/NNG+친구/NNG+한/MM+명/NNBC+더/MAG+껴서/VV+EC+3/SN+명/NNBC+으로/JKB+도/JX+간/VV+ETM+것/NNB+같/VA+은데/EF"
          },
          {
            "id": 9,
            "text": "1 : 그치? 내가 잊고 있었네! 우리 둘이 한 번,  셋이서 한 번 이렇게 총 두 번 갔구나",
            "norm_text": "그치? 내가 잊고 있었네! 우리 둘이 한 번,  셋이서 한 번 이렇게 총 두 번 갔구나",
            "speaker": {
              "id": "1번",
              "sex": "여성",
              "age": "20대"
            },
            "speechAct": "(단언) 진술하기",
            "morpheme": "그치/IC+내/NP+가/JKS+잊/VV+고/EC+있/VX+었/EP+네/EF+우리/NP+둘/NR+이/NR+한/MM+번/NNBC+,/SC+셋/NR+이/XSN+서/JKS+한번/MAG+이렇게/MAG+총/MM+두/MM+번/NNBC+갔/VV+EP+구나/EC"
          },
          {
            "id": 10,
            "text": "2 : 와 벌써 5년도 더 된 이야기다",
            "norm_text": "와 벌써 5년도 더 된 이야기다",
            "speaker": {
              "id": "2번",
              "sex": "여성",
              "age": "20대"
            },
            "speechAct": "(단언) 진술하기",
            "morpheme": "와/IC+벌써/MAG+5/SN+년/NNBC+도/JX+더/MAG+된/VV+ETM+이야기/NNG+다/VCP+EC"
          },
          {
            "id": 11,
            "text": "1 : 인정... 내가 널 첨 봤을 때 21살이었는데 키키",
            "norm_text": "인정... 내가 널 첨 봤을 때 21살이었는데 키키",
            "speaker": {
              "id": "1번",
              "sex": "여성",
              "age": "20대"
            },
            "speechAct": "(단언) 진술하기",
            "morpheme": "인정/NNG+./SY+./SY+내/NP+가/JKS+널/NP+JKO+첨/MAG+봤/VV+EP+을/ETM+때/NNG+21/SN+살/NNBC+이/VCP+었/EP+는데/EC+키/NNG+키/XSV+ETN"
          },
          {
            "id": 12,
            "text": "2 : 우리가 친해진 것도 신기해 키키",
            "norm_text": "우리가 친해진 것도 신기해 키키",
            "speaker": {
              "id": "2번",
              "sex": "여성",
              "age": "20대"
            },
            "speechAct": "(단언) 주장하기",
            "morpheme": "우리/NP+가/JKS+친해진/VA+EC+VX+ETM+것/NNB+도/JX+신기/XR+해/XSA+EC+키/NNG+키/XSV+ETN"
          },
          {
            "id": 13,
            "text": "1 : 내가 너한테 엄청 매달렸잖아! 너 기억나? 너 재밌다고 내가 계속 말 걸고 그랬잖아",
            "norm_text": "내가 너한테 엄청 매달렸잖아! 너 기억나? 너 재밌다고 내가 계속 말 걸고 그랬잖아",
            "speaker": {
              "id": "1번",
              "sex": "여성",
              "age": "20대"
            },
            "speechAct": "(단언) 진술하기",
            "morpheme": "내/NP+가/JKS+너/NP+한테/JKB+엄청/MAG+매달렸/VV+EP+잖아/EF+너/NP+기억나/VV+EF+너/NP+재밌/VA+다고/EC+내/NP+가/JKS+계속/MAG+말/NNG+걸/VV+고/EC+그랬잖아/VV+EP+EC+VX+EC"
          },
          {
            "id": 14,
            "text": "2 : 아 그랬던가? 친해진 그 후의 기억만 있네",
            "norm_text": "아 그랬던가? 친해진 그 후의 기억만 있네",
            "speaker": {
              "id": "2번",
              "sex": "여성",
              "age": "20대"
            },
            "speechAct": "(단언) 진술하기",
            "morpheme": "아/IC+그랬/VV+EP+던가/EF+친해진/VA+EC+VX+ETM+그/MM+후/NNG+의/JKG+기억/NNG+만/JX+있/VX+네/EC"
          },
          {
            "id": 15,
            "text": "1 : 키키 대학 생활 진짜 재밌게 했었는데 키키",
            "norm_text": "키키 대학 생활 진짜 재밌게 했었는데 키키",
            "speaker": {
              "id": "1번",
              "sex": "여성",
              "age": "20대"
            },
            "speechAct": "(단언) 진술하기",
            "morpheme": "키/NNG+키/NNG+대학/NNG+생활/NNG+진짜/MAG+재밌/VA+게/EC+했었/VX+EP+는데/EC+키/NNG+키/XSV+ETN"
          },
          {
            "id": 16,
            "text": "2 : 우리 텀블러에 소주 들고 마시면서 수업 들었던 거 기억나?",
            "norm_text": "우리 텀블러에 소주 들고 마시면서 수업 들었던 거 기억나?",
            "speaker": {
              "id": "2번",
              "sex": "여성",
              "age": "20대"
            },
            "speechAct": "(지시) 질문하기",
            "morpheme": "우리/NP+텀블러/NNG+에/JKB+소주/NNG+들/VV+고/EC+마시/VV+면서/EC+수업/NNG+들/VV+었/EP+던/ETM+거/NNB+기억나/VV+EF"
          }
        ]
      }
    }
  ]
}