{
  "dataset": {
    "identifier": 63131,
    "name": "KAKAO_918_01_set",
    "src_path": "/data/file/cubeManager/PROJECT001/53/txt20211005154951046254/KAKAO_918_01_set/",
    "label_path": "/data/file/cubeManager/PROJECT001/53/txt20211005154951046254/KAKAO_918_01_set/",
    "category": 2,
    "type": 0
  },
  "licenses": {
    "name": "Apache License 1.0",
    "url": "http://www.apache.org/licenses/LICENSE-1.0"
  },
  "info": [
    {
      "id": 41778,
      "filename": "KAKAO_918_01.txt",
      "title": "KAKAO_918_01",
      "mediatype": "SNS",
      "medianame": "카카오톡",
      "category": "일상대화",
      "date": "2021-10-05",
      "size": 476,
      "annotations": {
        "subject": "식음료",
        "speaker_type": "1:1",
        "size": 476,
        "word_size": 166,
        "text": "1 : 오늘 식사 메뉴는 뭐야?\n2 : 오늘 어머니가 갈비찜 해주신다고 했어\n1 : 오 추석이라서 갈비찜 해주시는 거야?\n2 : 그런 거 같다 너는 추석 때 어디 가나?\n1 : 나는 이번에 집에 있는다 키키\n1 : 친척 한 가족 온대\n2 : 우리도 이번 추석은 아무 데도 안 가기로 했다 키키\n1 : 맞다 키키 가면 이쪽에서도 눈치 저쪽에서도 눈치 아니가\n2 : 어 키키 운전도 해야 되고 안 가는 게 더 좋아\n1 : 키키 추석에는 배 터져서 오는데 원래\n2 : 맞다 살쪄서 온다 키키\n2 : 이번에는 살 덜 찌고 좋네\n1 : 키키 근데 집에 있는 시간이 많아서 그거나 그거나 똑같을 듯 ㅠㅠ\n2 : 너도 재택 근무 하나?\n1 : 응 키키 나 재택 근무 한 지 꽤 됐지\n2 : 편하겠네 출퇴근 맘대로 가?\n1 : 출퇴근 같은 게 없다 키키\n1 : 그냥 일어나서 바로 일하고 졸리면 자고 저녁까지 일함\n2 : 진짜 부럽다 키키\n2 : 우리는 일주일 재택 근무 했었는데 그 뒤로 안 하더라",
        "lines": [
          {
            "id": 1,
            "text": "1 : 오늘 식사 메뉴는 뭐야?",
            "norm_text": "오늘 식사 메뉴는 뭐야?",
            "speaker": {
              "id": "1번",
              "sex": "여성",
              "age": "20대"
            },
            "speechAct": "(지시) 질문하기",
            "morpheme": "오늘/MAG+식사/NNG+메뉴/NNG+는/JX+뭐/NP+야/VCP+EF"
          },
          {
            "id": 2,
            "text": "2 : 오늘 어머니가 갈비찜 해주신다고 했어",
            "norm_text": "오늘 어머니가 갈비찜 해주신다고 했어",
            "speaker": {
              "id": "2번",
              "sex": "남성",
              "age": "30대"
            },
            "speechAct": "(단언) 진술하기",
            "morpheme": "오늘/MAG+어머니/NNG+가/JKS+갈비찜/NNG+해/XSV+EC+주/VX+신다고/EP+EC+했/VX+EP+어/EC"
          },
          {
            "id": 3,
            "text": "1 : 오 추석이라서 갈비찜 해주시는 거야?",
            "norm_text": "오 추석이라서 갈비찜 해주시는 거야?",
            "speaker": {
              "id": "1번",
              "sex": "여성",
              "age": "20대"
            },
            "speechAct": "(지시) 질문하기",
            "morpheme": "오/NR+추석/NNG+이/VCP+라서/EC+갈비찜/NNG+해/XSV+EC+주/VX+시/EP+는/ETM+거/NNB+야/VCP+EF"
          },
          {
            "id": 4,
            "text": "2 : 그런 거 같다 너는 추석 때 어디 가나?",
            "norm_text": "그런 거 같다 너는 추석 때 어디 가나?",
            "speaker": {
              "id": "2번",
              "sex": "남성",
              "age": "30대"
            },
            "speechAct": "(지시) 질문하기",
            "morpheme": "그런/MM+거/NNB+같/VA+다/EF+너/NP+는/JX+추석/NNG+때/NNG+어디/NP+가/JKS+나/NP"
          },
          {
            "id": 5,
            "text": "1 : 나는 이번에 집에 있는다 키키",
            "norm_text": "나는 이번에 집에 있는다 키키",
            "speaker": {
              "id": "1번",
              "sex": "여성",
              "age": "20대"
            },
            "speechAct": "(단언) 진술하기",
            "morpheme": "나/NP+는/JX+이번/NNG+에/JKB+집/NNG+에/JKB+있/VV+는/ETM+다키키/NNP"
          },
          {
            "id": 6,
            "text": "1 : 친척 한 가족 온대",
            "norm_text": "친척 한 가족 온대",
            "speaker": {
              "id": "1번",
              "sex": "여성",
              "age": "20대"
            },
            "speechAct": "(단언) 진술하기",
            "morpheme": "친척/NNG+한/XSA+ETM+가족/NNG+온대/NNG"
          },
          {
            "id": 7,
            "text": "2 : 우리도 이번 추석은 아무 데도 안 가기로 했다 키키",
            "norm_text": "우리도 이번 추석은 아무 데도 안 가기로 했다 키키",
            "speaker": {
              "id": "2번",
              "sex": "남성",
              "age": "30대"
            },
            "speechAct": "(단언) 진술하기",
            "morpheme": "우리/NP+도/JX+이번/NNG+추석/NNG+은/JX+아무데/NP+도/JX+안/MAG+가/VV+기/ETN+로/JKB+했/VV+EP+다키키/NNP"
          },
          {
            "id": 8,
            "text": "1 : 맞다 키키 가면 이쪽에서도 눈치 저쪽에서도 눈치 아니가",
            "norm_text": "맞다 키키 가면 이쪽에서도 눈치 저쪽에서도 눈치 아니가",
            "speaker": {
              "id": "1번",
              "sex": "여성",
              "age": "20대"
            },
            "speechAct": "(지시) 질문하기",
            "morpheme": "맞/VV+다/EC+키/NNG+키/XSV+ETN+가/VV+면/EC+이쪽/NP+에서/JKB+도/JX+눈치/NNG+저쪽/NP+에서/JKB+도/JX+눈치/NNG+아니/VCN+가/JKS"
          },
          {
            "id": 9,
            "text": "2 : 어 키키 운전도 해야 되고 안 가는 게 더 좋아",
            "norm_text": "어 키키 운전도 해야 되고 안 가는 게 더 좋아",
            "speaker": {
              "id": "2번",
              "sex": "남성",
              "age": "30대"
            },
            "speechAct": "(단언) 주장하기",
            "morpheme": "어/IC+키/NNG+키운/VV+ETM+전도/NNG+해야/XSV+EC+되/VV+고/EC+안/MAG+가/VV+는/ETM+게/NNB+JKS+더/MAG+좋/VA+아/EC"
          },
          {
            "id": 10,
            "text": "1 : 키키 추석에는 배 터져서 오는데 원래",
            "norm_text": "키키 추석에는 배 터져서 오는데 원래",
            "speaker": {
              "id": "1번",
              "sex": "여성",
              "age": "20대"
            },
            "speechAct": "(단언) 진술하기",
            "morpheme": "키/NNG+키/NNG+추석/NNG+에/JKB+는/JX+배/NNG+터져서/VV+EC+오/VV+는데/EC+원래/NNG"
          },
          {
            "id": 11,
            "text": "2 : 맞다 살쪄서 온다 키키",
            "norm_text": "맞다 살쪄서 온다 키키",
            "speaker": {
              "id": "2번",
              "sex": "남성",
              "age": "30대"
            },
            "speechAct": "(단언) 진술하기",
            "morpheme": "맞/VV+다/EC+살쪄/VV+EC+서온/NNG+다키키/NNP"
          },
          {
            "id": 12,
            "text": "2 : 이번에는 살 덜 찌고 좋네",
            "norm_text": "이번에는 살 덜 찌고 좋네",
            "speaker": {
              "id": "2번",
              "sex": "남성",
              "age": "30대"
            },
            "speechAct": "(단언) 주장하기",
            "morpheme": "이번/NNG+에/JKB+는/JX+살/VV+덜/EC+찌/VV+고/EC+좋/VA+네/EC"
          },
          {
            "id": 13,
            "text": "1 : 키키 근데 집에 있는 시간이 많아서 그거나 그거나 똑같을 듯 ㅠㅠ",
            "norm_text": "키키 근데 집에 있는 시간이 많아서 그거나 그거나 똑같을 듯 ㅠㅠ",
            "speaker": {
              "id": "1번",
              "sex": "여성",
              "age": "20대"
            },
            "speechAct": "(단언) 주장하기",
            "morpheme": "키/NNG+키/XSV+ETN+근데/MAJ+집/NNG+에/JKB+있/VV+는/ETM+시간/NNG+이/JKS+많/VA+아서/EC+그거/NP+나/JX+그거/NP+나/JX+똑같/VA+을/ETM+듯/NNB+ㅠㅠ/UNKNOWN"
          },
          {
            "id": 14,
            "text": "2 : 너도 재택 근무 하나?",
            "norm_text": "너도 재택 근무 하나?",
            "speaker": {
              "id": "2번",
              "sex": "남성",
              "age": "30대"
            },
            "speechAct": "(지시) 질문하기",
            "morpheme": "너/NP+도/JX+재택근무/NNG+하나/NR"
          },
          {
            "id": 15,
            "text": "1 : 응 키키 나 재택 근무 한 지 꽤 됐지",
            "norm_text": "응 키키 나 재택 근무 한 지 꽤 됐지",
            "speaker": {
              "id": "1번",
              "sex": "여성",
              "age": "20대"
            },
            "speechAct": "(단언) 진술하기",
            "morpheme": "응/IC+키/NNG+키나/XSA+ETN+JX+재택근무/NNG+한지/XSA+EC+꽤/MAG+됐/VV+EP+지/EC"
          },
          {
            "id": 16,
            "text": "2 : 편하겠네 출퇴근 맘대로 가?",
            "norm_text": "편하겠네 출퇴근 맘대로 가?",
            "speaker": {
              "id": "2번",
              "sex": "남성",
              "age": "30대"
            },
            "speechAct": "(지시) 질문하기",
            "morpheme": "편하/VA+겠/EP+네/EF+출퇴근/NNG+맘대로/MAG+가/VV+EF"
          },
          {
            "id": 17,
            "text": "1 : 출퇴근 같은 게 없다 키키",
            "norm_text": "출퇴근 같은 게 없다 키키",
            "speaker": {
              "id": "1번",
              "sex": "여성",
              "age": "20대"
            },
            "speechAct": "(단언) 진술하기",
            "morpheme": "출퇴근/NNG+같/VA+은/ETM+게/NNB+JKS+없/VA+다키키/NNP"
          },
          {
            "id": 18,
            "text": "1 : 그냥 일어나서 바로 일하고 졸리면 자고 저녁까지 일함",
            "norm_text": "그냥 일어나서 바로 일하고 졸리면 자고 저녁까지 일함",
            "speaker": {
              "id": "1번",
              "sex": "여성",
              "age": "20대"
            },
            "speechAct": "(단언) 진술하기",
            "morpheme": "그냥/MAG+일어나/VV+서/EC+바로/MAG+일/NNG+하/XSV+고/EC+졸리/VV+면/EC+자/VV+고/EC+저녁/NNG+까지/JX+일/NNG+함/XSV+ETN"
          },
          {
            "id": 19,
            "text": "2 : 진짜 부럽다 키키",
            "norm_text": "진짜 부럽다 키키",
            "speaker": {
              "id": "2번",
              "sex": "남성",
              "age": "30대"
            },
            "speechAct": "(단언) 주장하기",
            "morpheme": "진짜/MAG+부럽/VA+다키키/NNP"
          },
          {
            "id": 20,
            "text": "2 : 우리는 일주일 재택 근무 했었는데 그 뒤로 안 하더라",
            "norm_text": "우리는 일주일 재택 근무 했었는데 그 뒤로 안 하더라",
            "speaker": {
              "id": "2번",
              "sex": "남성",
              "age": "30대"
            },
            "speechAct": "(단언) 진술하기",
            "morpheme": "우리/NP+는/JX+일/NR+주일/NNBC+재택근무/NNG+했었/XSV+EP+는데/EC+그/MM+뒤/NNG+로/JKB+안/MAG+하/VV+더라/EC"
          }
        ]
      }
    }
  ]
}