{
  "dataset": {
    "identifier": 63135,
    "name": "KAKAO_918_05_set",
    "src_path": "/data/file/cubeManager/PROJECT001/53/txt20211005154951049325/KAKAO_918_05_set/",
    "label_path": "/data/file/cubeManager/PROJECT001/53/txt20211005154951049325/KAKAO_918_05_set/",
    "category": 2,
    "type": 0
  },
  "licenses": {
    "name": "Apache License 1.0",
    "url": "http://www.apache.org/licenses/LICENSE-1.0"
  },
  "info": [
    {
      "id": 41782,
      "filename": "KAKAO_918_05.txt",
      "title": "KAKAO_918_05",
      "mediatype": "SNS",
      "medianame": "카카오톡",
      "category": "일상대화",
      "date": "2021-10-05",
      "size": 488,
      "annotations": {
        "subject": "군대",
        "speaker_type": "1:1",
        "size": 488,
        "word_size": 165,
        "text": "1 : 니는 군대 생활할 때 귀신 봤다거나 무서웠던 일 없었나?\n2 : 나는 무난하게 군 생활하고 왔다\n2 : 귀신 같은 거 없다\n1 : 키키 진짜? 근데 무서운 얘기는 군대에서 많던뎅\n2 : 그냥 지어낸 얘기거나 귀신 본 사람은 별로 없다 키키\n1 : 오? 키키 무서운 적은 없었나?\n2 : 별로 처음에야 무서웠지 계속 있다 보니까 적응하겠더라\n1 : 산에서도 막 몇 박 며칠 씩 잔다 아니야?\n2 : 어 근데 내 혼자가 아니라서 버틸 만했다\n1 : 다 같이 잠들고 일어나나?\n2 : 글치 다 같이 움직여야 하니까 하하\n1 : 뽀글이 라면도 끓여 먹나?\n2 : PX 가면 그런 거 많타\n1 : 거기서 라면 사 먹어?\n2 : 사 먹을 수 있지 하하 먹을 거 많타\n1 : 일반적으로 안 파는 것도 군대에서 팔더라 키키\n2 : 어 달팽이 크림 같은 것도 판다 하하\n1 : 아 키키 썬크림이랑 이런 거 싸게 팔던데 내 남친한테 맨날 사오라 캤었다 키키\n2 : 사와 주더나?\n2 : 나도 어머니한테 많이 사드렸는데",
        "lines": [
          {
            "id": 1,
            "text": "1 : 니는 군대 생활할 때 귀신 봤다거나 무서웠던 일 없었나?",
            "norm_text": "니는 군대 생활할 때 귀신 봤다거나 무서웠던 일 없었나?",
            "speaker": {
              "id": "1번",
              "sex": "여성",
              "age": "20대"
            },
            "speechAct": "(지시) 질문하기",
            "morpheme": "니/NP+는/JX+군대/NNG+생활/NNG+할/XSV+ETM+때/NNG+귀신/NNG+봤/VV+EP+다거나/EC+무서웠/VA+EP+던/ETM+일/NNG+없/VA+었/EP+나/EF"
          },
          {
            "id": 2,
            "text": "2 : 나는 무난하게 군 생활하고 왔다",
            "norm_text": "나는 무난하게 군 생활하고 왔다",
            "speaker": {
              "id": "2번",
              "sex": "남성",
              "age": "30대"
            },
            "speechAct": "(단언) 진술하기",
            "morpheme": "나/NP+는/JX+무난/XR+하/XSA+게/EC+군/VX+ETM+생활/NNG+하/XSV+고/EC+왔/VX+EP+다/EC"
          },
          {
            "id": 3,
            "text": "2 : 귀신 같은 거 없다",
            "norm_text": "귀신 같은 거 없다",
            "speaker": {
              "id": "2번",
              "sex": "남성",
              "age": "30대"
            },
            "speechAct": "(단언) 진술하기",
            "morpheme": "귀신/NNG+같/VA+은/ETM+거/NNB+없/VA+다/EC"
          },
          {
            "id": 4,
            "text": "1 : 키키 진짜? 근데 무서운 얘기는 군대에서 많던뎅",
            "norm_text": "키키 진짜? 근데 무서운 얘기는 군대에서 많던뎅",
            "speaker": {
              "id": "1번",
              "sex": "여성",
              "age": "20대"
            },
            "speechAct": "(단언) 진술하기",
            "morpheme": "키/NNG+키/XSV+ETN+진짜/MAG+근데/MAJ+무서운/VA+ETM+얘기/NNG+는/JX+군대/NNG+에서/JKB+많/VA+던/ETM+뎅/NNP"
          },
          {
            "id": 5,
            "text": "2 : 그냥 지어낸 얘기거나 귀신 본 사람은 별로 없다 키키",
            "norm_text": "그냥 지어낸 얘기거나 귀신 본 사람은 별로 없다 키키",
            "speaker": {
              "id": "2번",
              "sex": "남성",
              "age": "30대"
            },
            "speechAct": "(단언) 진술하기",
            "morpheme": "그냥/MAG+지어낸/VV+ETM+얘기/NNG+거나/VCP+EC+귀신/NNG+본/VV+ETM+사람/NNG+은/JX+별로/MAG+없/VA+다키키/NNP"
          },
          {
            "id": 6,
            "text": "1 : 오? 키키 무서운 적은 없었나?",
            "norm_text": "오? 키키 무서운 적은 없었나?",
            "speaker": {
              "id": "1번",
              "sex": "여성",
              "age": "20대"
            },
            "speechAct": "(지시) 질문하기",
            "morpheme": "오/IC+키/NNG+키/XSV+ETN+무서운/VA+ETM+적/NNB+은/JX+없/VA+었/EP+나/EF"
          },
          {
            "id": 7,
            "text": "2 : 별로 처음에야 무서웠지 계속 있다 보니까 적응하겠더라",
            "norm_text": "별로 처음에야 무서웠지 계속 있다 보니까 적응하겠더라",
            "speaker": {
              "id": "2번",
              "sex": "남성",
              "age": "30대"
            },
            "speechAct": "(단언) 진술하기",
            "morpheme": "별로/MAG+처음/NNG+에/JKB+야/JX+무서웠/VA+EP+지/EF+계속/MAG+있/VV+다/EC+보/VX+니까/EC+적응/NNG+하/XSV+겠/EP+더라/EC"
          },
          {
            "id": 8,
            "text": "1 : 산에서도 막 몇 박 며칠 씩 잔다 아니야?",
            "norm_text": "산에서도 막 몇 박 며칠 씩 잔다 아니야?",
            "speaker": {
              "id": "1번",
              "sex": "여성",
              "age": "20대"
            },
            "speechAct": "(지시) 질문하기",
            "morpheme": "산/NNG+에서/JKB+도/JX+막/MAJ+몇/MM+박/NNBC+며칠/NNG+씩/XSN+잔다/VV+EC+아니/VCN+야/EF"
          },
          {
            "id": 9,
            "text": "2 : 어 근데 내 혼자가 아니라서 버틸 만했다",
            "norm_text": "어 근데 내 혼자가 아니라서 버틸 만했다",
            "speaker": {
              "id": "2번",
              "sex": "남성",
              "age": "30대"
            },
            "speechAct": "(단언) 진술하기",
            "morpheme": "어/IC+근데/MAJ+내/MM+혼자/NNG+가/JKC+아니/VCN+라서/EC+버틸/VV+ETM+만/NNB+했/XSA+EP+다/EC"
          },
          {
            "id": 10,
            "text": "1 : 다 같이 잠들고 일어나나?",
            "norm_text": "다 같이 잠들고 일어나나?",
            "speaker": {
              "id": "1번",
              "sex": "여성",
              "age": "20대"
            },
            "speechAct": "(지시) 질문하기",
            "morpheme": "다/MAG+같이/MAG+잠들/VV+고/EC+일어나/VV+나/EF"
          },
          {
            "id": 11,
            "text": "2 : 글치 다 같이 움직여야 하니까 하하",
            "norm_text": "글치 다 같이 움직여야 하니까 하하",
            "speaker": {
              "id": "2번",
              "sex": "남성",
              "age": "30대"
            },
            "speechAct": "(단언) 진술하기",
            "morpheme": "글/NNG+치/XSN+다/MAG+같이/MAG+움직여야/VV+EC+하/VV+니까/EC+하하/MAG"
          },
          {
            "id": 12,
            "text": "1 : 뽀글이 라면도 끓여 먹나?",
            "norm_text": "뽀글이 라면도 끓여 먹나?",
            "speaker": {
              "id": "1번",
              "sex": "여성",
              "age": "20대"
            },
            "speechAct": "(지시) 질문하기",
            "morpheme": "뽀/MAG+글/NNG+이/JKS+라면/NNG+도/JX+끓여/VV+EC+먹/VV+나/EF"
          },
          {
            "id": 13,
            "text": "2 : PX 가면 그런 거 많타",
            "norm_text": "PX 가면 그런 거 많타",
            "speaker": {
              "id": "2번",
              "sex": "남성",
              "age": "30대"
            },
            "speechAct": "(단언) 진술하기",
            "morpheme": "PX/SL+가면그런거많타/UNKNOWN"
          },
          {
            "id": 14,
            "text": "1 : 거기서 라면 사 먹어?",
            "norm_text": "거기서 라면 사 먹어?",
            "speaker": {
              "id": "1번",
              "sex": "여성",
              "age": "20대"
            },
            "speechAct": "(지시) 질문하기",
            "morpheme": "거기/NP+서/JKB+라면/VCP+EC+사먹/VV+어/EF"
          },
          {
            "id": 15,
            "text": "2 : 사 먹을 수 있지 하하 먹을 거 많타",
            "norm_text": "사 먹을 수 있지 하하 먹을 거 많타",
            "speaker": {
              "id": "2번",
              "sex": "남성",
              "age": "30대"
            },
            "speechAct": "(단언) 진술하기",
            "morpheme": "사먹/VV+을/ETM+수/NNB+있/VV+지/EC+하하/MAG+먹/VV+을/ETM+거/NNB+많/VA+타/VV+EC"
          },
          {
            "id": 16,
            "text": "1 : 일반적으로 안 파는 것도 군대에서 팔더라 키키",
            "norm_text": "일반적으로 안 파는 것도 군대에서 팔더라 키키",
            "speaker": {
              "id": "1번",
              "sex": "여성",
              "age": "20대"
            },
            "speechAct": "(단언) 진술하기",
            "morpheme": "일반/NNG+적/XSN+으로/JKB+안/MAG+파/VV+는/ETM+것/NNB+도/JX+군대/NNG+에서/JKB+팔/VV+더라/EC+키/NNG+키/XSV+ETN"
          },
          {
            "id": 17,
            "text": "2 : 어 달팽이 크림 같은 것도 판다 하하",
            "norm_text": "어 달팽이 크림 같은 것도 판다 하하",
            "speaker": {
              "id": "2번",
              "sex": "남성",
              "age": "30대"
            },
            "speechAct": "(단언) 진술하기",
            "morpheme": "어/IC+달팽이/NNG+크림/NNG+같/VA+은/ETM+것/NNB+도/JX+판다/VV+EC+하하/MAG"
          },
          {
            "id": 18,
            "text": "1 : 아 키키 썬크림이랑 이런 거 싸게 팔던데 내 남친한테 맨날 사오라 캤었다 키키",
            "norm_text": "아 키키 썬크림이랑 이런 거 싸게 팔던데 내 남친한테 맨날 사오라 캤었다 키키",
            "speaker": {
              "id": "1번",
              "sex": "여성",
              "age": "20대"
            },
            "speechAct": "(단언) 진술하기",
            "morpheme": "아키/NNP+키/NNG+썬/VV+ETM+크림/NNG+이랑/JC+이런/MM+거/NNB+싸/VA+게/EC+팔/VV+던데/EC+내/NP+JKG+남친/NNG+한테/JKB+맨날/MAG+사/VV+오라/EC+캤었/VV+EP+다키키/NNP"
          },
          {
            "id": 19,
            "text": "2 : 사와 주더나?",
            "norm_text": "사와 주더나?",
            "speaker": {
              "id": "2번",
              "sex": "남성",
              "age": "30대"
            },
            "speechAct": "(지시) 질문하기",
            "morpheme": "사/VV+와/EC+주/VX+더나/EF"
          },
          {
            "id": 20,
            "text": "2 : 나도 어머니한테 많이 사드렸는데",
            "norm_text": "나도 어머니한테 많이 사드렸는데",
            "speaker": {
              "id": "2번",
              "sex": "남성",
              "age": "30대"
            },
            "speechAct": "(단언) 진술하기",
            "morpheme": "나/NP+도/JX+어머니/NNG+한테/JKB+많이/MAG+사/VV+EC+드렸/VX+EP+는데/EC"
          }
        ]
      }
    }
  ]
}