{
  "dataset": {
    "identifier": 63791,
    "name": "KAKAO_902_17_set",
    "src_path": "/data/file/cubeManager/PROJECT001/53/txt20211005153950080691/KAKAO_902_17_set/",
    "label_path": "/data/file/cubeManager/PROJECT001/53/txt20211005153950080691/KAKAO_902_17_set/",
    "category": 2,
    "type": 0
  },
  "licenses": {
    "name": "Apache License 1.0",
    "url": "http://www.apache.org/licenses/LICENSE-1.0"
  },
  "info": [
    {
      "id": 41554,
      "filename": "KAKAO_902_17.txt",
      "title": "KAKAO_902_17",
      "mediatype": "SNS",
      "medianame": "카카오톡",
      "category": "일상대화",
      "date": "2021-10-05",
      "size": 877,
      "annotations": {
        "subject": "건강",
        "speaker_type": "다자간 대화",
        "size": 877,
        "word_size": 282,
        "text": "1 : 키키 왜 그러냐 원래 행복한 생각이 건강에 이로운 거야\n2 : 그렇긴 한데 요즘 술을 너무 많이 먹었나 피로가 계속 쌓여\n3 : 야 너 술 마시고 늦게 자고 하니까 머리털도 피부도 문젠겨 12-2시 이 사이가 회복 타임인데\n1 : 난 그냥 잠을 못 자서 죽을 듯 진짜 피곤해서 몸이 나빠지는 게 느껴짐\n2 : 그거 찌라신 줄 알았는데 키키 과학적으로 증명된 거였냐\n3 : 아니 나 예전에 복지관 근무할 때 주 5일 8시 출근이라 매일 11시에 잤거든 피부 진짜 좋아짐\n1 : 그니까 잠 못 자면 건강 헤쳐\n2 : 어휴 내일부터 술 안 먹고 12시 전에 일찍 자면 된다 이거지? ㅇㅋ\n3 : 너 내일 약속 있다고 하지 않았냐 하하\n1 : 엑 이제 *이 피부 안 좋아지면 다 우리 *가 책임 지능고양~?\n2 : 키키 아 술은 못 참지 키키\n3 : 형님 믿어라 *아 ^^ 나 여친한테 잔소리 받은 거 다 알려줄게 그대로 하기만 하면 건강해진다\n1 : 키키 내가 잔소리 할 필요가 없네 우리 * 건강은 *가 책임진다\n2 : 키키 잘 부탁 드립니다 의사 선생님들 키키 잠부터 자면 되나요 지금?\n3 : 이미 늦었습니다, 절레 절레, 다음 생에\n1 : 키키 인정 지금 이 시간에 안자고 있는 사람들끼리 건강을 논하기엔 어이없음\n2 : 나한테 왜 그러는 거야 **아 내가 널 좋아한 \n거 외엔 잘못한 게 없느데...\n3 : 잠 8시간 이상 자려면 몇 시에 일어나야 되냐,\n1 : 8시간이요 ? 지금 4-5시간 자는데요...\n2 : 글러 먹었네 건강은 다음 생에 챙기는 걸로 키키\n3 : 건강 챙기기가 이렇게 어렵습니다,\n1 : 키키 하긴 이대로 가면 이번 생 금방 끝나서 다음 생부터 챙기는 게 빠를 듯\n2 : ㅠㅜ 그래도 다들 건강하게 오래 사는 게 좋잖아...\n3 : 난 짧고 굵게 파라서, 건강도 짧고 굵게!",
        "lines": [
          {
            "id": 1,
            "text": "1 : 키키 왜 그러냐 원래 행복한 생각이 건강에 이로운 거야",
            "norm_text": "키키 왜 그러냐 원래 행복한 생각이 건강에 이로운 거야",
            "speaker": {
              "id": "1번",
              "sex": "여성",
              "age": "20대"
            },
            "speechAct": "(단언) 주장하기",
            "morpheme": "키/NNG+키/XSV+ETN+왜/MAG+그러/VV+냐/EF+원래/MAG+행복/NNG+한/XSA+ETM+생각/NNG+이/JKS+건강/NNG+에/JKB+이로운/VA+ETM+거/NNB+야/VCP+EF"
          },
          {
            "id": 2,
            "text": "2 : 그렇긴 한데 요즘 술을 너무 많이 먹었나 피로가 계속 쌓여",
            "norm_text": "그렇긴 한데 요즘 술을 너무 많이 먹었나 피로가 계속 쌓여",
            "speaker": {
              "id": "2번",
              "sex": "남성",
              "age": "20대"
            },
            "speechAct": "(단언) 주장하기",
            "morpheme": "그렇/VA+긴/ETN+JX+한데/VX+EC+요즘/NNG+술/NNG+을/JKO+너무/MAG+많이/MAG+먹/VV+었/EP+나/EC+피로/NNG+가/JKS+계속/MAG+쌓여/VV+EC"
          },
          {
            "id": 3,
            "text": "3 : 야 너 술 마시고 늦게 자고 하니까 머리털도 피부도 문젠겨 12-2시 이 사이가 회복 타임인데",
            "norm_text": "야 너 술 마시고 늦게 자고 하니까 머리털도 피부도 문젠겨 12-2시 이 사이가 회복 타임인데",
            "speaker": {
              "id": "3번",
              "sex": "남성",
              "age": "20대"
            },
            "speechAct": "(단언) 주장하기",
            "morpheme": "야/IC+너/NP+술/NNG+마시/VV+고/EC+늦/VA+게/EC+자/VV+고/EC+하/VV+니까/EC+머리털/NNG+도/JX+피부/NNG+도/JX+문젠/NNG+VCP+ETM+겨/NNG+12/SN+-/SY+2/SN+시/NNBC+이/NR+사이/NNG+가/JKS+회복/NNG+타임/NNG+인데/VCP+EC"
          },
          {
            "id": 4,
            "text": "1 : 난 그냥 잠을 못 자서 죽을 듯 진짜 피곤해서 몸이 나빠지는 게 느껴짐",
            "norm_text": "난 그냥 잠을 못 자서 죽을 듯 진짜 피곤해서 몸이 나빠지는 게 느껴짐",
            "speaker": {
              "id": "1번",
              "sex": "여성",
              "age": "20대"
            },
            "speechAct": "(단언) 주장하기",
            "morpheme": "난/NP+JX+그냥/MAG+잠/NNG+을/JKO+못/MAG+자/VV+서/EC+죽/VV+을/ETM+듯/NNB+진짜/MAG+피곤/NNG+해서/XSV+EC+몸/NNG+이/JKS+나빠/VA+EC+지/VX+는/ETM+게/NNB+JKS+느껴짐/VV+EC+VX+ETN"
          },
          {
            "id": 5,
            "text": "2 : 그거 찌라신 줄 알았는데 키키 과학적으로 증명된 거였냐",
            "norm_text": "그거 찌라신 줄 알았는데 키키 과학적으로 증명된 거였냐",
            "speaker": {
              "id": "2번",
              "sex": "남성",
              "age": "20대"
            },
            "speechAct": "(지시) 질문하기",
            "morpheme": "그거/NP+찌/VV+라/EC+신/EP+ETM+줄/NNB+알/VV+았/EP+는데/EC+키/NNG+키/NNG+과학/NNG+적/XSN+으로/JKB+증명/NNG+된/XSV+ETM+거/NNB+였/VCP+EP+냐/EC"
          },
          {
            "id": 6,
            "text": "3 : 아니 나 예전에 복지관 근무할 때 주 5일 8시 출근이라 매일 11시에 잤거든 피부 진짜 좋아짐",
            "norm_text": "아니 나 예전에 복지관 근무할 때 주 5일 8시 출근이라 매일 11시에 잤거든 피부 진짜 좋아짐",
            "speaker": {
              "id": "3번",
              "sex": "남성",
              "age": "20대"
            },
            "speechAct": "(단언) 진술하기",
            "morpheme": "아니/IC+나/NP+예전/NNG+에/JKB+복지/NNG+관/NNG+근무/NNG+할/XSV+ETM+때/NNG+주/NNG+5/SN+일/NNBC+8/SN+시/NNBC+출근/NNG+이/VCP+라/EC+매일/MAG+11/SN+시/NNBC+에/JKB+잤/VV+EP+거든/EF+피부/NNG+진짜/MAG+좋/VA+아/EC+짐/NNG"
          },
          {
            "id": 7,
            "text": "1 : 그니까 잠 못 자면 건강 헤쳐",
            "norm_text": "그니까 잠 못 자면 건강 헤쳐",
            "speaker": {
              "id": "1번",
              "sex": "여성",
              "age": "20대"
            },
            "speechAct": "(단언) 주장하기",
            "morpheme": "그니까/MAJ+잠/NNG+못/MAG+자/VV+면/EC+건강/NNG+헤쳐/VV+EC"
          },
          {
            "id": 8,
            "text": "2 : 어휴 내일부터 술 안 먹고 12시 전에 일찍 자면 된다 이거지? ㅇㅋ",
            "norm_text": "어휴 내일부터 술 안 먹고 12시 전에 일찍 자면 된다 이거지? ㅇㅋ",
            "speaker": {
              "id": "2번",
              "sex": "남성",
              "age": "20대"
            },
            "speechAct": "(지시) 질문하기",
            "morpheme": "어휴/IC+내일/NNG+부터/JX+술/NNG+안/MAG+먹/VV+고/EC+12/SN+시/NNBC+전/NNG+에/JKB+일찍/MAG+자면/NNG+된다/XSV+EF+이거/NP+지/VCP+EF+ㅇㅋ/UNKNOWN"
          },
          {
            "id": 9,
            "text": "3 : 너 내일 약속 있다고 하지 않았냐 하하",
            "norm_text": "너 내일 약속 있다고 하지 않았냐 하하",
            "speaker": {
              "id": "3번",
              "sex": "남성",
              "age": "20대"
            },
            "speechAct": "(단언) 진술하기",
            "morpheme": "너/NP+내일/MAG+약속/NNG+있/VV+다고/EC+하/VV+지/EC+않/VX+았/EP+냐/EF+하하/MAG"
          },
          {
            "id": 10,
            "text": "1 : 엑 이제 *이 피부 안 좋아지면 다 우리 *가 책임 지능고양~?",
            "norm_text": "엑 이제 *이 피부 안 좋아지면 다 우리 *가 책임 지능고양~?",
            "speaker": {
              "id": "1번",
              "sex": "여성",
              "age": "20대"
            },
            "speechAct": "(지시) 질문하기",
            "morpheme": "엑/IC+이제/MAG+*/SY+이/JKS+피부/NNG+안/MAG+좋/VA+아/EC+지/VX+면/EC+다/MAG+우리/NP+*/SY+가/JKS+책임/NNG+지능/NNG+고양/NNG+~/SY"
          },
          {
            "id": 11,
            "text": "2 : 키키 아 술은 못 참지 키키",
            "norm_text": "키키 아 술은 못 참지 키키",
            "speaker": {
              "id": "2번",
              "sex": "남성",
              "age": "20대"
            },
            "speechAct": "(단언) 주장하기",
            "morpheme": "키/NNG+키/VV+아/EC+술/NNG+은/JX+못/MAG+참/VV+지/EC+키/NNG+키/XSV+ETN"
          },
          {
            "id": 12,
            "text": "3 : 형님 믿어라 *아 ^^ 나 여친한테 잔소리 받은 거 다 알려줄게 그대로 하기만 하면 건강해진다",
            "norm_text": "형님 믿어라 *아 ^^ 나 여친한테 잔소리 받은 거 다 알려줄게 그대로 하기만 하면 건강해진다",
            "speaker": {
              "id": "3번",
              "sex": "남성",
              "age": "20대"
            },
            "speechAct": "(지시) 충고/제안하기",
            "morpheme": "형/NNG+님/XSN+믿/VV+어라/EC+*/SY+아/IC+^/SY+^/SY+나/JX+여친/NNG+한테/JKB+잔소리/NNG+받/VV+은/ETM+거/NNB+다/MAG+알려/VV+EC+줄/VX+ETM+게/NNB+JKS+그대로/MAG+하/VV+기/ETN+만/JX+하/VV+면/EC+건강/NNG+해진다/XSV+EC+VX+EC"
          },
          {
            "id": 13,
            "text": "1 : 키키 내가 잔소리 할 필요가 없네 우리 * 건강은 *가 책임진다",
            "norm_text": "키키 내가 잔소리 할 필요가 없네 우리 * 건강은 *가 책임진다",
            "speaker": {
              "id": "1번",
              "sex": "여성",
              "age": "20대"
            },
            "speechAct": "(단언) 주장하기",
            "morpheme": "키/NNG+키/XSV+ETN+내/NP+가/JKS+잔소리/NNG+할/XSV+ETM+필요/NNG+가/JKS+없/VA+네/EF+우리/NP+*/SY+건강/NNG+은/JX+*/SY+가/JKS+책임진다/VV+EC"
          },
          {
            "id": 14,
            "text": "2 : 키키 잘 부탁 드립니다 의사 선생님들 키키 잠부터 자면 되나요 지금?",
            "norm_text": "키키 잘 부탁 드립니다 의사 선생님들 키키 잠부터 자면 되나요 지금?",
            "speaker": {
              "id": "2번",
              "sex": "남성",
              "age": "20대"
            },
            "speechAct": "(지시) 질문하기",
            "morpheme": "키/NNG+키/XSV+ETN+잘/MAG+부탁드립니다/VV+EC+의사/NNG+선생/NNG+님/XSN+들/XSN+키/NNG+키/NNG+잠/NNG+부터/JX+자면/NNG+되/XSV+나요/EC+지금/MAG"
          },
          {
            "id": 15,
            "text": "3 : 이미 늦었습니다, 절레 절레, 다음 생에",
            "norm_text": "이미 늦었습니다, 절레 절레, 다음 생에",
            "speaker": {
              "id": "3번",
              "sex": "남성",
              "age": "20대"
            },
            "speechAct": "(단언) 주장하기",
            "morpheme": "이미/MAG+늦/VA+었/EP+습니다/EF+,/SC+절레절레/MAG+,/SC+다음/NNG+생/XSN+에/JKB"
          },
          {
            "id": 16,
            "text": "1 : 키키 인정 지금 이 시간에 안자고 있는 사람들끼리 건강을 논하기엔 어이없음",
            "norm_text": "키키 인정 지금 이 시간에 안자고 있는 사람들끼리 건강을 논하기엔 어이없음",
            "speaker": {
              "id": "1번",
              "sex": "여성",
              "age": "20대"
            },
            "speechAct": "(단언) 주장하기",
            "morpheme": "키/NNG+키/NNG+인정/NNG+지금/NNG+이/JKS+시간/NNG+에/JKB+안/MAG+자/VV+고/EC+있/VX+는/ETM+사람/NNG+들/XSN+끼리/XSN+건강/NNG+을/JKO+논하/VV+기엔/EC+JX+어이없/VA+음/ETN"
          },
          {
            "id": 17,
            "text": "2 : 나한테 왜 그러는 거야 **아 내가 널 좋아한 \n거 외엔 잘못한 게 없느데...",
            "norm_text": "나한테 왜 그러는 거야 **아 내가 널 좋아한 \n거 외엔 잘못한 게 없느데...",
            "speaker": {
              "id": "2번",
              "sex": "남성",
              "age": "20대"
            },
            "speechAct": "(단언) 주장하기",
            "morpheme": "나/NP+한테/JKB+왜/MAG+그러/VV+는/ETM+거/NNB+야/VCP+EF+*/SY+*/SY+아내/NNG+가/JKS+널/NP+JKO+좋아한/VV+ETM+거/NP+외/NNB+엔/JKB+JX+잘못/MAG+한/XSA+ETM+게/NNB+JKS+없/VA+느/VV+데/EF+./SY"
          },
          {
            "id": 18,
            "text": "3 : 잠 8시간 이상 자려면 몇 시에 일어나야 되냐,",
            "norm_text": "잠 8시간 이상 자려면 몇 시에 일어나야 되냐,",
            "speaker": {
              "id": "3번",
              "sex": "남성",
              "age": "20대"
            },
            "speechAct": "(지시) 질문하기",
            "morpheme": "잠/NNG+8/SN+시간/NNBC+이상/NNG+자/VV+려면/EC+몇/MM+시/NNBC+에/JKB+일어나/VV+야/EC+되/VV+냐/EF+,/SC"
          },
          {
            "id": 19,
            "text": "1 : 8시간이요 ? 지금 4-5시간 자는데요...",
            "norm_text": "8시간이요 ? 지금 4-5시간 자는데요...",
            "speaker": {
              "id": "1번",
              "sex": "여성",
              "age": "20대"
            },
            "speechAct": "(단언) 진술하기",
            "morpheme": "8/SN+시간/NNBC+이요/JX+지금/MAG+4/SN+-/SY+5/SN+시간/NNBC+자/VV+는데요/EF+./SY"
          },
          {
            "id": 20,
            "text": "2 : 글러 먹었네 건강은 다음 생에 챙기는 걸로 키키",
            "norm_text": "글러 먹었네 건강은 다음 생에 챙기는 걸로 키키",
            "speaker": {
              "id": "2번",
              "sex": "남성",
              "age": "20대"
            },
            "speechAct": "(단언) 주장하기",
            "morpheme": "글러/VA+EC+먹/VV+었/EP+네/EF+건강/NNG+은/JX+다음/NNG+생/XSN+에/JKB+챙기/VV+는/ETM+걸로/NNB+JKB+키/NNG+키/XSV+ETN"
          },
          {
            "id": 21,
            "text": "3 : 건강 챙기기가 이렇게 어렵습니다,",
            "norm_text": "건강 챙기기가 이렇게 어렵습니다,",
            "speaker": {
              "id": "3번",
              "sex": "남성",
              "age": "20대"
            },
            "speechAct": "(단언) 주장하기",
            "morpheme": "건강/NNG+챙기/VV+기/ETN+가/JKS+이렇게/MAG+어렵/VA+습니다/EF+,/SC"
          },
          {
            "id": 22,
            "text": "1 : 키키 하긴 이대로 가면 이번 생 금방 끝나서 다음 생부터 챙기는 게 빠를 듯",
            "norm_text": "키키 하긴 이대로 가면 이번 생 금방 끝나서 다음 생부터 챙기는 게 빠를 듯",
            "speaker": {
              "id": "1번",
              "sex": "여성",
              "age": "20대"
            },
            "speechAct": "(단언) 주장하기",
            "morpheme": "키/NNG+키/NNG+하/XSV+긴/ETN+JX+이대로/MAG+가/VV+면/EC+이번/NNG+생/XSN+금방/MAG+끝/NNG+나/NP+서/JKB+다음/NNG+생/XSN+부터/JX+챙기/VV+는/ETM+게/NNB+JKS+빠를/VA+ETM+듯/NNB"
          },
          {
            "id": 23,
            "text": "2 : ㅠㅜ 그래도 다들 건강하게 오래 사는 게 좋잖아...",
            "norm_text": "ㅠㅜ 그래도 다들 건강하게 오래 사는 게 좋잖아...",
            "speaker": {
              "id": "2번",
              "sex": "남성",
              "age": "20대"
            },
            "speechAct": "(단언) 주장하기",
            "morpheme": "ㅠㅜ/UNKNOWN+그래도/VV+EC+다/MAG+들/XSN+건강/NNG+하/XSV+게/EC+오래/MAG+사/VV+는/ETM+게/NNB+JKS+좋/VA+잖아/EF+./SY"
          },
          {
            "id": 24,
            "text": "3 : 난 짧고 굵게 파라서, 건강도 짧고 굵게!",
            "norm_text": "난 짧고 굵게 파라서, 건강도 짧고 굵게!",
            "speaker": {
              "id": "3번",
              "sex": "남성",
              "age": "20대"
            },
            "speechAct": "(단언) 주장하기",
            "morpheme": "난/NP+JX+짧/VA+고/EC+굵/VA+게/EC+파라/VA+서/EC+,/SC+건강/NNG+도/JX+짧/VA+고/EC+굵/VA+게/EC"
          }
        ]
      }
    }
  ]
}