{
  "dataset": {
    "identifier": 63372,
    "name": "KAKAO_912_09_set",
    "src_path": "/data/file/cubeManager/PROJECT001/53/txt20211005154135012513/KAKAO_912_09_set/",
    "label_path": "/data/file/cubeManager/PROJECT001/53/txt20211005154135012513/KAKAO_912_09_set/",
    "category": 2,
    "type": 0
  },
  "licenses": {
    "name": "Apache License 1.0",
    "url": "http://www.apache.org/licenses/LICENSE-1.0"
  },
  "info": [
    {
      "id": 41626,
      "filename": "KAKAO_912_09.txt",
      "title": "KAKAO_912_09",
      "mediatype": "SNS",
      "medianame": "카카오톡",
      "category": "일상대화",
      "date": "2021-10-05",
      "size": 466,
      "annotations": {
        "subject": "반려동물",
        "speaker_type": "1:1",
        "size": 466,
        "word_size": 146,
        "text": "1 : 오늘 아침에 산책하다 고양이를 만났어\n2 : 어 인스타그램에서 사진 봤어\n1 : 고양이 너무 귀여워 ㅠㅠ 알러지가 있지만\n2 : 냥이 원래부터 좋아했었어? 학원에 있는 냥이 땜에 좋아하게 된 거야?\n1 : 맞아 키키 학원에 있는 냥이 때매 좋아하게 됐어\n2 : 키키 고양이 진짜 어릴 땐 무서웠거든\n1 : 나도 키키 도둑고양이 있음 돌아서 가고 그랬당 키키\n2 : 키키 그러니까 근데 어느 순간 너무 귀여운 거야\n1 : 맞아 진짜 귀엽지 키키 알러지만 아니었음 고양이 바로 키웠을 거야.\n2 : 혼자서도 잘 지내까 반려 동물로 키우기 좋을 것 같아\n1 : 맞아 오히려 혼자 있는 시간도 좀 즐기기도 하지 고양이는\n2 : 연예인들도 많이 키우더라고\n1 : 응 키우는 연예인 많더라 김희철도 키우고\n2 : 너무 다들 귀여워서 대리 만족하는 중\n1 : 근데 학원 냥이는 혼자 있는 거 시러해서 ㅠㅠ 불쌍해\n2 : 완전 개냥이 스타일. 그래서 인기가 많은가 봐",
        "lines": [
          {
            "id": 1,
            "text": "1 : 오늘 아침에 산책하다 고양이를 만났어",
            "norm_text": "오늘 아침에 산책하다 고양이를 만났어",
            "speaker": {
              "id": "1번",
              "sex": "여성",
              "age": "30대"
            },
            "speechAct": "(단언) 진술하기",
            "morpheme": "오늘/MAG+아침/NNG+에/JKB+산책/NNG+하/XSV+다/EC+고양이/NNG+를/JKO+만났/VV+EP+어/EC"
          },
          {
            "id": 2,
            "text": "2 : 어 인스타그램에서 사진 봤어",
            "norm_text": "어 인스타그램에서 사진 봤어",
            "speaker": {
              "id": "2번",
              "sex": "여성",
              "age": "30대"
            },
            "speechAct": "(단언) 진술하기",
            "morpheme": "어인/MM+스타/NNG+그램/NNG+에서/JKB+사진/NNG+봤/VV+EP+어/EC"
          },
          {
            "id": 3,
            "text": "1 : 고양이 너무 귀여워 ㅠㅠ 알러지가 있지만",
            "norm_text": "고양이 너무 귀여워 ㅠㅠ 알러지가 있지만",
            "speaker": {
              "id": "1번",
              "sex": "여성",
              "age": "30대"
            },
            "speechAct": "(단언) 주장하기",
            "morpheme": "고양이/NNG+너무/MAG+귀여워/VA+EC+ㅠㅠ/UNKNOWN+알/VV+러지/EF+가/JKS+있/VA+지만/EC"
          },
          {
            "id": 4,
            "text": "2 : 냥이 원래부터 좋아했었어? 학원에 있는 냥이 땜에 좋아하게 된 거야?",
            "norm_text": "냥이 원래부터 좋아했었어? 학원에 있는 냥이 땜에 좋아하게 된 거야?",
            "speaker": {
              "id": "2번",
              "sex": "여성",
              "age": "30대"
            },
            "speechAct": "(지시) 질문하기",
            "morpheme": "냥/NNBC+이/JKS+원래/NNG+부터/JX+좋/VA+아/EC+했었/VX+EP+어/EF+학원/NNG+에/JKB+있/VV+는냥/EC+이/MM+땜/NNB+에/JKB+좋/VA+아/EC+하/VV+게/EC+된/VV+ETM+거/NNB+야/VCP+EF"
          },
          {
            "id": 5,
            "text": "1 : 맞아 키키 학원에 있는 냥이 때매 좋아하게 됐어",
            "norm_text": "맞아 키키 학원에 있는 냥이 때매 좋아하게 됐어",
            "speaker": {
              "id": "1번",
              "sex": "여성",
              "age": "30대"
            },
            "speechAct": "(단언) 주장하기",
            "morpheme": "맞/VV+아/EC+키/NNG+키/NNG+학원/NNG+에/JKB+있/VV+는냥/EC+이때/NNG+매/VV+좋아/EC+하/VV+게/EC+됐/VV+EP+어/EC"
          },
          {
            "id": 6,
            "text": "2 : 키키 고양이 진짜 어릴 땐 무서웠거든",
            "norm_text": "키키 고양이 진짜 어릴 땐 무서웠거든",
            "speaker": {
              "id": "2번",
              "sex": "여성",
              "age": "30대"
            },
            "speechAct": "(단언) 진술하기",
            "morpheme": "키/NNG+키/VV+고/EC+양/NNG+이/JKS+진짜/MAG+어릴/VA+ETM+땐/NNG+JX+무서웠/VA+EP+거든/EC"
          },
          {
            "id": 7,
            "text": "1 : 나도 키키 도둑고양이 있음 돌아서 가고 그랬당 키키",
            "norm_text": "나도 키키 도둑고양이 있음 돌아서 가고 그랬당 키키",
            "speaker": {
              "id": "1번",
              "sex": "여성",
              "age": "30대"
            },
            "speechAct": "(단언) 진술하기",
            "morpheme": "나/NP+도/JX+키/NNG+키/XSV+ETN+도/JX+둑/NNG+고양이/NNG+있/VV+음/ETN+돌/VV+아서/EC+가/VX+고/EC+그랬/VV+EP+당/XSN+키/NNG+키/XSV+ETN"
          },
          {
            "id": 8,
            "text": "2 : 키키 그러니까 근데 어느 순간 너무 귀여운 거야",
            "norm_text": "키키 그러니까 근데 어느 순간 너무 귀여운 거야",
            "speaker": {
              "id": "2번",
              "sex": "여성",
              "age": "30대"
            },
            "speechAct": "(단언) 주장하기",
            "morpheme": "키/NNG+키/XSV+ETN+그러니까/MAJ+근데/MAJ+어느/MM+순간/NNG+너무/MAG+귀여운/VA+ETM+거/NNB+야/VCP+EF"
          },
          {
            "id": 9,
            "text": "1 : 맞아 진짜 귀엽지 키키 알러지만 아니었음 고양이 바로 키웠을 거야.",
            "norm_text": "맞아 진짜 귀엽지 키키 알러지만 아니었음 고양이 바로 키웠을 거야.",
            "speaker": {
              "id": "1번",
              "sex": "여성",
              "age": "30대"
            },
            "speechAct": "(단언) 주장하기",
            "morpheme": "맞/VV+아/EC+진짜/MAG+귀엽/VA+지/EC+키/NNG+키/XSV+ETN+알/VV+러지/EF+만/JX+아니/VCN+었/EP+음/ETN+고양이/NNG+바로/MAG+키웠/VV+EP+을/ETM+거/NNB+야/VCP+EF"
          },
          {
            "id": 10,
            "text": "2 : 혼자서도 잘 지내까 반려 동물로 키우기 좋을 것 같아",
            "norm_text": "혼자서도 잘 지내까 반려 동물로 키우기 좋을 것 같아",
            "speaker": {
              "id": "2번",
              "sex": "여성",
              "age": "30대"
            },
            "speechAct": "(단언) 주장하기",
            "morpheme": "혼자/NNG+서/JKB+도/JX+잘/MAG+지내/VV+까/EC+반려/NNG+동물/NNG+로/JKB+키우/VV+기/ETN+좋/VA+을/ETM+것/NNB+같/VA+아/EC"
          },
          {
            "id": 11,
            "text": "1 : 맞아 오히려 혼자 있는 시간도 좀 즐기기도 하지 고양이는",
            "norm_text": "맞아 오히려 혼자 있는 시간도 좀 즐기기도 하지 고양이는",
            "speaker": {
              "id": "1번",
              "sex": "여성",
              "age": "30대"
            },
            "speechAct": "(단언) 진술하기",
            "morpheme": "맞아/IC+오히려/MAJ+혼자/MAG+있/VV+는/ETM+시간/NNG+도/JX+좀/MAG+즐기/VV+기/ETN+도/JX+하/VV+지/EC+고양이/NNG+는/JX"
          },
          {
            "id": 12,
            "text": "2 : 연예인들도 많이 키우더라고",
            "norm_text": "연예인들도 많이 키우더라고",
            "speaker": {
              "id": "2번",
              "sex": "여성",
              "age": "30대"
            },
            "speechAct": "(단언) 진술하기",
            "morpheme": "연예인/NNG+들/XSN+도/JX+많이/MAG+키우/VV+더라고/EC"
          },
          {
            "id": 13,
            "text": "1 : 응 키우는 연예인 많더라 김희철도 키우고",
            "norm_text": "응 키우는 연예인 많더라 김희철도 키우고",
            "speaker": {
              "id": "1번",
              "sex": "여성",
              "age": "30대"
            },
            "speechAct": "(단언) 진술하기",
            "morpheme": "응/IC+키우/VV+는/ETM+연예인/NNG+많/VA+더라/EF+김희철/NNP+도/JX+키우/VV+고/EC"
          },
          {
            "id": 14,
            "text": "2 : 너무 다들 귀여워서 대리 만족하는 중",
            "norm_text": "너무 다들 귀여워서 대리 만족하는 중",
            "speaker": {
              "id": "2번",
              "sex": "여성",
              "age": "30대"
            },
            "speechAct": "(단언) 주장하기",
            "morpheme": "너무/MAG+다/MAG+들/XSN+귀여워서/VA+EC+대리/NNG+만족/NNG+하/XSV+는/ETM+중/NNB"
          },
          {
            "id": 15,
            "text": "1 : 근데 학원 냥이는 혼자 있는 거 시러해서 ㅠㅠ 불쌍해",
            "norm_text": "근데 학원 냥이는 혼자 있는 거 시러해서 ㅠㅠ 불쌍해",
            "speaker": {
              "id": "1번",
              "sex": "여성",
              "age": "30대"
            },
            "speechAct": "(단언) 주장하기",
            "morpheme": "근데/MAJ+학원/NNG+냥/NNBC+이/XSN+는/JX+혼자/MAG+있/VV+는/ETM+거/NNB+시러/XSA+EC+해서/VV+EC+ㅠㅠ/UNKNOWN+불쌍/XR+해/XSA+EC"
          },
          {
            "id": 16,
            "text": "2 : 완전 개냥이 스타일. 그래서 인기가 많은가 봐",
            "norm_text": "완전 개냥이 스타일. 그래서 인기가 많은가 봐",
            "speaker": {
              "id": "2번",
              "sex": "여성",
              "age": "30대"
            },
            "speechAct": "(단언) 주장하기",
            "morpheme": "완전개냥이스타일/UNKNOWN+그래서/MAJ+인기/NNG+가/JKS+많/VA+은가/EC+봐/VX+EC"
          }
        ]
      }
    }
  ]
}