{
  "dataset": {
    "identifier": 44498,
    "name": "KAKAO_910_03_set",
    "src_path": "/data/file/cubeManager/PROJECT001/53/txt20211005154828066481/KAKAO_910_03_set/",
    "label_path": "/data/file/cubeManager/PROJECT001/53/txt20211005154828066481/KAKAO_910_03_set/",
    "category": 2,
    "type": 0
  },
  "licenses": {
    "name": "Apache License 1.0",
    "url": "http://www.apache.org/licenses/LICENSE-1.0"
  },
  "info": [
    {
      "id": 41680,
      "filename": "KAKAO_910_03.txt",
      "title": "KAKAO_910_03",
      "mediatype": "SNS",
      "medianame": "카카오톡",
      "category": "일상대화",
      "date": "2021-10-05",
      "size": 990,
      "annotations": {
        "subject": "교통",
        "speaker_type": "다자간 대화",
        "size": 990,
        "word_size": 297,
        "text": "1 : 저 얼마 전에 강아지랑 비행기 타고 제주도 다녀왔어요\n2 : 정말요? 강아지가 비행기에서 힘들었을 텐데 무사히 다녀와서 다행이에요.\n3 : 강아지는 왜 비행기에서 케이지에 넣어 놓으라고 하는지 모르겠어요\n1 : 맞아요 그냥 안고 있어도 될 텐데요.\n1 : 하루 빨리 그런 날이 왔으면 좋겠어요\n2 : 저 지난번에 강아지 데리고 버스 탔다가 진짜 고생했어요\n2 : 토할 뻔했어요\n3 : 소형견은 그냥 자유롭게 어디든 태우고 다니게 해주면 좋을 텐데 말이죠\n1 : 다른 나라에선 동물에게 어떻게 하는지 궁금해요\n2 : 전 인도에 갔었는데 거기선 동물이 기차역에 막 들어와도 아무도 뭐라 하지 않더라구요\n3 : 정말요? 우리 나라는 공공 교통에 동물을 유독 엄격하게 규제하는 것 같아요\n1 : 인도에는 특이한 교통 수단이 있다고 TV에서 봤어요\n2 : 아요 릭샤라고 하는데 저렴해서 서민들이 많이 이용해요\n3 : 그거 동남아에서도 많이 타고 다니죠?\n1 : 앗 저도 TV에서 많이 봤어요\n1 : 태국 여행 프로그램이었던 것 같아요\n2 : 네! 똑같은 건데 태국에선 뚝뚝이라고 하죠\n3 : 뚝뚝이란 이름이 귀엽네요\n3 : 저도 동남아 여행 가서 타보고 싶어요\n1 : 그런 거 타보니까 어떠셨어요?\n1 : 재미있을 것 같아요!\n2 : 인도는 길거리 매연이 너무 심해서 릭샤 타고 숙소에 오면 코에서 시꺼먼 물이 나왔어요\n3 : 어머 그럼 전 안 타볼래요\n3 : 근데 태국에 가면 뚝뚝은 타보고 싶어요\n3 : 뭔가 열대의 낭만이 있는 것 같아요\n1 : 인도까지 비행기 타고 얼마나 걸려요?\n2 : 8, 9시간 정도 걸리는데 제가 탄 비행기는 홍콩에서 좀 쉬었다 갔어요\n3 : 인도에는 기차가 유명하다는데 많이 타보셨어요?\n1 : 인도 기차 유명하지만 전 안 타보고 싶어요\n1 : 너무 힘들 것 같아요\n2 : 맞아요 가장 짧은 거리가 6시간이니까요\n2 : 제가 탄 가장 먼 거리는 기차에서 이틀 밤을 잔 거였어요\n3 : 진짜요? 어떻게 기차에서 이틀 밤을 자는지 상상이 안 가요\n3 : 한국은 가장 먼 거리도 KTX 타면 금방이잖아요",
        "lines": [
          {
            "id": 1,
            "text": "1 : 저 얼마 전에 강아지랑 비행기 타고 제주도 다녀왔어요",
            "norm_text": "저 얼마 전에 강아지랑 비행기 타고 제주도 다녀왔어요",
            "speaker": {
              "id": "1번",
              "sex": "여성",
              "age": "30대"
            },
            "speechAct": "(단언) 진술하기",
            "morpheme": "저/MM+얼마/NNG+전/NNG+에/JKB+강아지/NNG+랑/JKB+비행기/NNG+타/VV+고/EC+제주/NNP+도/JX+다녀왔/VV+EP+어요/EF"
          },
          {
            "id": 2,
            "text": "2 : 정말요? 강아지가 비행기에서 힘들었을 텐데 무사히 다녀와서 다행이에요.",
            "norm_text": "정말요? 강아지가 비행기에서 힘들었을 텐데 무사히 다녀와서 다행이에요.",
            "speaker": {
              "id": "2번",
              "sex": "여성",
              "age": "40대"
            },
            "speechAct": "(단언) 주장하기",
            "morpheme": "정말/MAG+요/JX+강아지/NNG+가/JKS+비행기/NNG+에서/JKB+힘들/VA+었/EP+을/ETM+텐데/NNB+VCP+EC+무사히/MAG+다녀와서/VV+EC+다행/NNG+이/VCP+에요/EF"
          },
          {
            "id": 3,
            "text": "3 : 강아지는 왜 비행기에서 케이지에 넣어 놓으라고 하는지 모르겠어요",
            "norm_text": "강아지는 왜 비행기에서 케이지에 넣어 놓으라고 하는지 모르겠어요",
            "speaker": {
              "id": "3번",
              "sex": "여성",
              "age": "10대"
            },
            "speechAct": "(단언) 주장하기",
            "morpheme": "강아지/NNG+는/JX+왜/MAG+비행기/NNG+에서/JKB+케이지/NNG+에/JKB+넣/VV+어/EC+놓/VX+으라고/EC+하/VV+는지/EC+모르/VV+겠/EP+어요/EF"
          },
          {
            "id": 4,
            "text": "1 : 맞아요 그냥 안고 있어도 될 텐데요.",
            "norm_text": "맞아요 그냥 안고 있어도 될 텐데요.",
            "speaker": {
              "id": "1번",
              "sex": "여성",
              "age": "30대"
            },
            "speechAct": "(단언) 주장하기",
            "morpheme": "맞/VV+아요/EF+그냥/MAG+안/VV+고/EC+있/VX+어도/EC+될/VV+ETM+텐데요/NNB+VCP+EF"
          },
          {
            "id": 5,
            "text": "1 : 하루 빨리 그런 날이 왔으면 좋겠어요",
            "norm_text": "하루 빨리 그런 날이 왔으면 좋겠어요",
            "speaker": {
              "id": "1번",
              "sex": "여성",
              "age": "30대"
            },
            "speechAct": "(단언) 주장하기",
            "morpheme": "하루빨리/MAG+그런/MM+날/NNG+이/JKS+왔/VV+EP+으면/EC+좋/VA+겠/EP+어요/EF"
          },
          {
            "id": 6,
            "text": "2 : 저 지난번에 강아지 데리고 버스 탔다가 진짜 고생했어요",
            "norm_text": "저 지난번에 강아지 데리고 버스 탔다가 진짜 고생했어요",
            "speaker": {
              "id": "2번",
              "sex": "여성",
              "age": "40대"
            },
            "speechAct": "(단언) 주장하기",
            "morpheme": "저지난번/NNG+에/JKB+강아지/NNG+데리/VV+고/EC+버스/NNG+탔/VV+EP+다가/EC+진짜/MAG+고생/NNG+했어요/XSV+EP+EC"
          },
          {
            "id": 7,
            "text": "2 : 토할 뻔했어요",
            "norm_text": "토할 뻔했어요",
            "speaker": {
              "id": "2번",
              "sex": "여성",
              "age": "40대"
            },
            "speechAct": "(단언) 주장하기",
            "morpheme": "토할/VV+ETM+뻔/NNB+했어요/XSA+EP+EC"
          },
          {
            "id": 8,
            "text": "3 : 소형견은 그냥 자유롭게 어디든 태우고 다니게 해주면 좋을 텐데 말이죠",
            "norm_text": "소형견은 그냥 자유롭게 어디든 태우고 다니게 해주면 좋을 텐데 말이죠",
            "speaker": {
              "id": "3번",
              "sex": "여성",
              "age": "10대"
            },
            "speechAct": "(단언) 주장하기",
            "morpheme": "소형/NNG+견/NNG+은/JX+그냥/MAG+자유/NNG+롭/XSA+게/EC+어디/NP+든/VCP+EC+태우/VV+고/EC+다니/VV+게/EC+해/VV+EC+주/VX+면/EC+좋/VA+을/ETM+텐데/NNB+VCP+EC+말/NNG+이/VCP+죠/EF"
          },
          {
            "id": 9,
            "text": "1 : 다른 나라에선 동물에게 어떻게 하는지 궁금해요",
            "norm_text": "다른 나라에선 동물에게 어떻게 하는지 궁금해요",
            "speaker": {
              "id": "1번",
              "sex": "여성",
              "age": "30대"
            },
            "speechAct": "(단언) 주장하기",
            "morpheme": "다른/MM+나라/NNG+에선/JKB+JX+동물/NNG+에게/JKB+어떻게/MAG+하/VV+는지/EC+궁금/XR+해요/XSA+EC"
          },
          {
            "id": 10,
            "text": "2 : 전 인도에 갔었는데 거기선 동물이 기차역에 막 들어와도 아무도 뭐라 하지 않더라구요",
            "norm_text": "전 인도에 갔었는데 거기선 동물이 기차역에 막 들어와도 아무도 뭐라 하지 않더라구요",
            "speaker": {
              "id": "2번",
              "sex": "여성",
              "age": "40대"
            },
            "speechAct": "(단언) 진술하기",
            "morpheme": "전인도/NNP+에/JKB+갔었/VV+EP+는데/EC+거기/NP+선/JKB+JX+동물/NNG+이/JKS+기차역/NNG+에/JKB+막/NNG+들어와도/VV+EC+아무/NP+도/JX+뭐/NP+라/VCP+EC+하/VV+지/EC+않/VX+더라구요/EC"
          },
          {
            "id": 11,
            "text": "3 : 정말요? 우리 나라는 공공 교통에 동물을 유독 엄격하게 규제하는 것 같아요",
            "norm_text": "정말요? 우리 나라는 공공 교통에 동물을 유독 엄격하게 규제하는 것 같아요",
            "speaker": {
              "id": "3번",
              "sex": "여성",
              "age": "10대"
            },
            "speechAct": "(단언) 주장하기",
            "morpheme": "정말/MAG+요/JX+우리/NP+나라/NNG+는/JX+공공/NNG+교통/NNG+에/JKB+동물/NNG+을/JKO+유독/MAG+엄격/XR+하/XSA+게/EC+규제/NNG+하/XSV+는/ETM+것/NNB+같/VA+아요/EC"
          },
          {
            "id": 12,
            "text": "1 : 인도에는 특이한 교통 수단이 있다고 TV에서 봤어요",
            "norm_text": "인도에는 특이한 교통 수단이 있다고 TV에서 봤어요",
            "speaker": {
              "id": "1번",
              "sex": "여성",
              "age": "30대"
            },
            "speechAct": "(단언) 주장하기",
            "morpheme": "인도/NNP+에/JKB+는/JX+특이/NNG+한/XSA+ETM+교통수단/NNG+이/JKS+있/VV+다고/EC+TV/SL+에서/JKB+봤/VV+EP+어요/EF"
          },
          {
            "id": 13,
            "text": "2 : 아요 릭샤라고 하는데 저렴해서 서민들이 많이 이용해요",
            "norm_text": "아요 릭샤라고 하는데 저렴해서 서민들이 많이 이용해요",
            "speaker": {
              "id": "2번",
              "sex": "여성",
              "age": "40대"
            },
            "speechAct": "(단언) 진술하기",
            "morpheme": "아/IC+요릭/NNP+샤/NNP+라고/VCP+EC+하/VV+는데/EC+저렴/XR+해서/XSA+EC+서민/NNG+들/XSN+이/JKS+많이/MAG+이용/NNG+해요/XSV+EC"
          },
          {
            "id": 14,
            "text": "3 : 그거 동남아에서도 많이 타고 다니죠?",
            "norm_text": "그거 동남아에서도 많이 타고 다니죠?",
            "speaker": {
              "id": "3번",
              "sex": "여성",
              "age": "10대"
            },
            "speechAct": "(지시) 질문하기",
            "morpheme": "그거/NP+동남아/NNP+에서/JKB+도/JX+많이/MAG+타/VV+고/EC+다니/VV+죠/EF"
          },
          {
            "id": 15,
            "text": "1 : 앗 저도 TV에서 많이 봤어요",
            "norm_text": "앗 저도 TV에서 많이 봤어요",
            "speaker": {
              "id": "1번",
              "sex": "여성",
              "age": "30대"
            },
            "speechAct": "(단언) 주장하기",
            "morpheme": "앗/IC+저/NP+도/JX+TV/SL+에서/JKB+많이/MAG+봤/VV+EP+어요/EF"
          },
          {
            "id": 16,
            "text": "1 : 태국 여행 프로그램이었던 것 같아요",
            "norm_text": "태국 여행 프로그램이었던 것 같아요",
            "speaker": {
              "id": "1번",
              "sex": "여성",
              "age": "30대"
            },
            "speechAct": "(단언) 주장하기",
            "morpheme": "태국/NNP+여행/NNG+프로그램/NNG+이/VCP+었/EP+던/ETM+것/NNB+같/VA+아요/EC"
          },
          {
            "id": 17,
            "text": "2 : 네! 똑같은 건데 태국에선 뚝뚝이라고 하죠",
            "norm_text": "네! 똑같은 건데 태국에선 뚝뚝이라고 하죠",
            "speaker": {
              "id": "2번",
              "sex": "여성",
              "age": "40대"
            },
            "speechAct": "(단언) 주장하기",
            "morpheme": "네/IC+똑같/VA+은/ETM+건데/NNB+VCP+EC+태국/NNP+에선/JKB+JX+뚝뚝/MAG+이/VCP+라고/EC+하/VX+죠/EF"
          },
          {
            "id": 18,
            "text": "3 : 뚝뚝이란 이름이 귀엽네요",
            "norm_text": "뚝뚝이란 이름이 귀엽네요",
            "speaker": {
              "id": "3번",
              "sex": "여성",
              "age": "10대"
            },
            "speechAct": "(단언) 주장하기",
            "morpheme": "뚝뚝/MAG+이/VCP+란/ETM+이름/NNG+이/JKS+귀엽/VA+네요/EC"
          },
          {
            "id": 19,
            "text": "3 : 저도 동남아 여행 가서 타보고 싶어요",
            "norm_text": "저도 동남아 여행 가서 타보고 싶어요",
            "speaker": {
              "id": "3번",
              "sex": "여성",
              "age": "10대"
            },
            "speechAct": "(단언) 주장하기",
            "morpheme": "저/NP+도/JX+동남아/NNP+여행/NNG+가/VV+서/EC+타/VV+EC+보/VX+고/EC+싶/VX+어요/EF"
          },
          {
            "id": 20,
            "text": "1 : 그런 거 타보니까 어떠셨어요?",
            "norm_text": "그런 거 타보니까 어떠셨어요?",
            "speaker": {
              "id": "1번",
              "sex": "여성",
              "age": "30대"
            },
            "speechAct": "(단언) 주장하기",
            "morpheme": "그런/MM+거/NNB+타/VV+EC+보/VX+니까/EC+어떠셨/VA+EP+EP+어요/EF"
          },
          {
            "id": 21,
            "text": "1 : 재미있을 것 같아요!",
            "norm_text": "재미있을 것 같아요!",
            "speaker": {
              "id": "1번",
              "sex": "여성",
              "age": "30대"
            },
            "speechAct": "(단언) 주장하기",
            "morpheme": "재미있/VA+을/ETM+것/NNB+같/VA+아요/EF"
          },
          {
            "id": 22,
            "text": "2 : 인도는 길거리 매연이 너무 심해서 릭샤 타고 숙소에 오면 코에서 시꺼먼 물이 나왔어요",
            "norm_text": "인도는 길거리 매연이 너무 심해서 릭샤 타고 숙소에 오면 코에서 시꺼먼 물이 나왔어요",
            "speaker": {
              "id": "2번",
              "sex": "여성",
              "age": "40대"
            },
            "speechAct": "(단언) 진술하기",
            "morpheme": "인도/NNP+는/JX+길거리/NNG+매연/NNG+이/JKS+너무/MAG+심해서/VA+EC+릭/NNG+샤타/NNG+고/VCP+EC+숙소/NNG+에/JKB+오/VV+면/EC+코/NNG+에서/JKB+시꺼먼/VA+ETM+물/NNG+이/JKS+나왔/VV+EP+어요/EF"
          },
          {
            "id": 23,
            "text": "3 : 어머 그럼 전 안 타볼래요",
            "norm_text": "어머 그럼 전 안 타볼래요",
            "speaker": {
              "id": "3번",
              "sex": "여성",
              "age": "10대"
            },
            "speechAct": "(단언) 주장하기",
            "morpheme": "어머/IC+그럼/MAJ+전/NP+JX+안/MAG+타/VV+EC+볼래요/VX+EF"
          },
          {
            "id": 24,
            "text": "3 : 근데 태국에 가면 뚝뚝은 타보고 싶어요",
            "norm_text": "근데 태국에 가면 뚝뚝은 타보고 싶어요",
            "speaker": {
              "id": "3번",
              "sex": "여성",
              "age": "10대"
            },
            "speechAct": "(단언) 주장하기",
            "morpheme": "근데/MAJ+태국/NNP+에/JKB+가/VV+면/EC+뚝뚝/MAG+은/JX+타/VV+EC+보/VX+고/EC+싶/VX+어요/EF"
          },
          {
            "id": 25,
            "text": "3 : 뭔가 열대의 낭만이 있는 것 같아요",
            "norm_text": "뭔가 열대의 낭만이 있는 것 같아요",
            "speaker": {
              "id": "3번",
              "sex": "여성",
              "age": "10대"
            },
            "speechAct": "(단언) 주장하기",
            "morpheme": "뭔가/NP+VCP+EC+열/NR+대/NNBC+의/JKG+낭만/NNG+이/JKS+있/VA+는/ETM+것/NNB+같/VA+아요/EC"
          },
          {
            "id": 26,
            "text": "1 : 인도까지 비행기 타고 얼마나 걸려요?",
            "norm_text": "인도까지 비행기 타고 얼마나 걸려요?",
            "speaker": {
              "id": "1번",
              "sex": "여성",
              "age": "30대"
            },
            "speechAct": "(지시) 질문하기",
            "morpheme": "인도/NNP+까지/JX+비행기/NNG+타/VV+고/EC+얼마나/MAG+걸려요/VV+EF"
          },
          {
            "id": 27,
            "text": "2 : 8, 9시간 정도 걸리는데 제가 탄 비행기는 홍콩에서 좀 쉬었다 갔어요",
            "norm_text": "8, 9시간 정도 걸리는데 제가 탄 비행기는 홍콩에서 좀 쉬었다 갔어요",
            "speaker": {
              "id": "2번",
              "sex": "여성",
              "age": "40대"
            },
            "speechAct": "(단언) 진술하기",
            "morpheme": "8/SN+,/SC+9/SN+시간/NNBC+정도/NNG+걸리/VV+는데/EC+제/NP+가/JKS+탄/VV+ETM+비행기/NNG+는/JX+홍콩/NNP+에서/JKB+좀/MAG+쉬/VV+었/EP+다/EC+갔/VV+EP+어요/EF"
          },
          {
            "id": 28,
            "text": "3 : 인도에는 기차가 유명하다는데 많이 타보셨어요?",
            "norm_text": "인도에는 기차가 유명하다는데 많이 타보셨어요?",
            "speaker": {
              "id": "3번",
              "sex": "여성",
              "age": "10대"
            },
            "speechAct": "(단언) 주장하기",
            "morpheme": "인도/NNP+에/JKB+는/JX+기차/NNG+가/JKS+유명/NNG+하/XSV+다는데/EC+많이/MAG+타/VV+EC+보/VX+셨/EP+EP+어요/EF"
          },
          {
            "id": 29,
            "text": "1 : 인도 기차 유명하지만 전 안 타보고 싶어요",
            "norm_text": "인도 기차 유명하지만 전 안 타보고 싶어요",
            "speaker": {
              "id": "1번",
              "sex": "여성",
              "age": "30대"
            },
            "speechAct": "(단언) 주장하기",
            "morpheme": "인도/NNP+기차/NNG+유명/NNG+하/XSV+지만/EC+전/NP+JX+안/MAG+타/VV+EC+보/VX+고/EC+싶/VX+어요/EF"
          },
          {
            "id": 30,
            "text": "1 : 너무 힘들 것 같아요",
            "norm_text": "너무 힘들 것 같아요",
            "speaker": {
              "id": "1번",
              "sex": "여성",
              "age": "30대"
            },
            "speechAct": "(단언) 주장하기",
            "morpheme": "너무/MAG+힘들/VA+ETM+것/NNB+같/VA+아요/EC"
          },
          {
            "id": 31,
            "text": "2 : 맞아요 가장 짧은 거리가 6시간이니까요",
            "norm_text": "맞아요 가장 짧은 거리가 6시간이니까요",
            "speaker": {
              "id": "2번",
              "sex": "여성",
              "age": "40대"
            },
            "speechAct": "(단언) 진술하기",
            "morpheme": "맞/VV+아요/EF+가장/MAG+짧/VA+은/ETM+거리/NNG+가/JKS+6/SN+시간/NNG+이/VCP+니까요/EC"
          },
          {
            "id": 32,
            "text": "2 : 제가 탄 가장 먼 거리는 기차에서 이틀 밤을 잔 거였어요",
            "norm_text": "제가 탄 가장 먼 거리는 기차에서 이틀 밤을 잔 거였어요",
            "speaker": {
              "id": "2번",
              "sex": "여성",
              "age": "40대"
            },
            "speechAct": "(단언) 진술하기",
            "morpheme": "제/NP+가/JKS+탄/VV+ETM+가장/MAG+먼/VA+ETM+거리/NNG+는/JX+기차/NNG+에서/JKB+이틀/NNG+밤/NNG+을/JKO+잔/VV+ETM+거/NNB+였어요/VCP+EP+EC"
          },
          {
            "id": 33,
            "text": "3 : 진짜요? 어떻게 기차에서 이틀 밤을 자는지 상상이 안 가요",
            "norm_text": "진짜요? 어떻게 기차에서 이틀 밤을 자는지 상상이 안 가요",
            "speaker": {
              "id": "3번",
              "sex": "여성",
              "age": "10대"
            },
            "speechAct": "(단언) 주장하기",
            "morpheme": "진짜/MAG+요/JX+어떻게/MAG+기차/NNG+에서/JKB+이틀/NNG+밤/NNG+을/JKO+자/VV+는지/EC+상상/NNG+이/JKS+안/MAG+가/VV+요/EC"
          },
          {
            "id": 34,
            "text": "3 : 한국은 가장 먼 거리도 KTX 타면 금방이잖아요",
            "norm_text": "한국은 가장 먼 거리도 KTX 타면 금방이잖아요",
            "speaker": {
              "id": "3번",
              "sex": "여성",
              "age": "10대"
            },
            "speechAct": "(단언) 주장하기",
            "morpheme": "한국/NNP+은/JX+가장/MAG+먼/VA+ETM+거리/NNG+도/JX+KTX/SL+타/VV+면/EC+금방/MAG+이/NP+잖아요/VCP+EC+VX+EC"
          }
        ]
      }
    }
  ]
}