{
  "dataset": {
    "identifier": 72813,
    "name": "KAKAO_906_20_set",
    "src_path": "/data/file/cubeManager/PROJECT001/53/txt20211005152905048966/KAKAO_906_20_set/",
    "label_path": "/data/file/cubeManager/PROJECT001/53/txt20211005152905048966/KAKAO_906_20_set/",
    "category": 2,
    "type": 0
  },
  "licenses": {
    "name": "Apache License 1.0",
    "url": "http://www.apache.org/licenses/LICENSE-1.0"
  },
  "info": [
    {
      "id": 41377,
      "filename": "KAKAO_906_20.txt",
      "title": "KAKAO_906_20",
      "mediatype": "SNS",
      "medianame": "카카오톡",
      "category": "일상대화",
      "date": "2021-10-05",
      "size": 432,
      "annotations": {
        "subject": "영화/만화",
        "speaker_type": "1:1",
        "size": 432,
        "word_size": 138,
        "text": "1 : 최근에 본 영화 있습니꺼 키키\n2 : 아니여 영화관 언제 갔는지 기억도 안 나 ㅜㅜ\n1 : 최근에  본 웹툰은여...?\n2 : 영화 보러 가고 싶다...\n2 : 아니 팝콘 먹으러 가고 싶다\n1 : 키키 영화관에서 팝콘 배달해주더라...\n2 : 아! 있다 있어! 집에서 본 영화 제목이 기억 안 나네 ㅠㅠ\n1 : 키키 몬디 몬디 난 모가디슈 젤 최근인 듯...\n2 : 모가디슈 내용이 뭐야?\n1 : 그 막 있어 봐봐 하하 오지게 재밌음\n2 : 아 내가 본 영화는 할머니가 손주 키우는 건데...\n1 : 키키 집으로 아니냐? 미나리?\n2 : 할머니 나오는 거부터가 눈물 아니냐 ㅠㅠ\n1 : 개눈물이지 할머니 그냥 내 눈물 버튼\n2 : 집으로래 키키 개웃기네 진짜 아니여 유승호면 기억하제\n1 : 키키 야 집으로 완전 오열각이라고... 포스터도 못 보겠음\n2 : 포스터도 못 보겠대 키키 오열각 ㅜㅜ",
        "lines": [
          {
            "id": 1,
            "text": "1 : 최근에 본 영화 있습니꺼 키키",
            "norm_text": "최근에 본 영화 있습니꺼 키키",
            "speaker": {
              "id": "1번",
              "sex": "여성",
              "age": "30대"
            },
            "speechAct": "(지시) 질문하기",
            "morpheme": "최근/NNG+에/JKB+본/VV+ETM+영화/NNG+있/VA+습니꺼/EF+키/NNG+키/XSV+ETN"
          },
          {
            "id": 2,
            "text": "2 : 아니여 영화관 언제 갔는지 기억도 안 나 ㅜㅜ",
            "norm_text": "아니여 영화관 언제 갔는지 기억도 안 나 ㅜㅜ",
            "speaker": {
              "id": "2번",
              "sex": "여성",
              "age": "20대"
            },
            "speechAct": "(단언) 진술하기",
            "morpheme": "아니/VCN+여/EC+영화관/NNG+언제/MAG+갔/VV+EP+는지/EC+기억/NNG+도/JX+안/MAG+나/VV+EC+ㅜㅜ/UNKNOWN"
          },
          {
            "id": 3,
            "text": "1 : 최근에  본 웹툰은여...?",
            "norm_text": "최근에  본 웹툰은여...?",
            "speaker": {
              "id": "1번",
              "sex": "여성",
              "age": "30대"
            },
            "speechAct": "(지시) 질문하기",
            "morpheme": "최근/NNG+에/JKB+본/VV+ETM+웹툰/NNP+은/JX+여/VCP+EF+./SY+./SY"
          },
          {
            "id": 4,
            "text": "2 : 영화 보러 가고 싶다...",
            "norm_text": "영화 보러 가고 싶다...",
            "speaker": {
              "id": "2번",
              "sex": "여성",
              "age": "20대"
            },
            "speechAct": "(단언) 주장하기",
            "morpheme": "영화/NNG+보/VV+러/EC+가/VX+고/EC+싶/VX+다/EF+./SY"
          },
          {
            "id": 5,
            "text": "2 : 아니 팝콘 먹으러 가고 싶다",
            "norm_text": "아니 팝콘 먹으러 가고 싶다",
            "speaker": {
              "id": "2번",
              "sex": "여성",
              "age": "20대"
            },
            "speechAct": "(단언) 주장하기",
            "morpheme": "아니/IC+팝콘/NNG+먹/VV+으러/EC+가/VX+고/EC+싶/VX+다/EC"
          },
          {
            "id": 6,
            "text": "1 : 키키 영화관에서 팝콘 배달해주더라...",
            "norm_text": "키키 영화관에서 팝콘 배달해주더라...",
            "speaker": {
              "id": "1번",
              "sex": "여성",
              "age": "30대"
            },
            "speechAct": "(단언) 진술하기",
            "morpheme": "키/NNG+키/NNG+영화관/NNG+에서/JKB+팝콘/NNG+배달/NNG+해/XSV+EC+주/VX+더라/EF+./SY"
          },
          {
            "id": 7,
            "text": "2 : 아! 있다 있어! 집에서 본 영화 제목이 기억 안 나네 ㅠㅠ",
            "norm_text": "아! 있다 있어! 집에서 본 영화 제목이 기억 안 나네 ㅠㅠ",
            "speaker": {
              "id": "2번",
              "sex": "여성",
              "age": "20대"
            },
            "speechAct": "(단언) 진술하기",
            "morpheme": "아/IC+있/VV+다/EC+있/VX+어/EF+집에서본영화제목이기억안나네ㅠㅠ/UNKNOWN"
          },
          {
            "id": 8,
            "text": "1 : 키키 몬디 몬디 난 모가디슈 젤 최근인 듯...",
            "norm_text": "키키 몬디 몬디 난 모가디슈 젤 최근인 듯...",
            "speaker": {
              "id": "1번",
              "sex": "여성",
              "age": "30대"
            },
            "speechAct": "(단언) 진술하기",
            "morpheme": "키키몬디몬디난모가디슈젤최근인듯/UNKNOWN+./SY"
          },
          {
            "id": 9,
            "text": "2 : 모가디슈 내용이 뭐야?",
            "norm_text": "모가디슈 내용이 뭐야?",
            "speaker": {
              "id": "2번",
              "sex": "여성",
              "age": "20대"
            },
            "speechAct": "(지시) 질문하기",
            "morpheme": "모가디슈/NNP+내용/NNG+이/JKS+뭐/NP+야/VCP+EF"
          },
          {
            "id": 10,
            "text": "1 : 그 막 있어 봐봐 하하 오지게 재밌음",
            "norm_text": "그 막 있어 봐봐 하하 오지게 재밌음",
            "speaker": {
              "id": "1번",
              "sex": "여성",
              "age": "30대"
            },
            "speechAct": "(단언) 주장하기",
            "morpheme": "그/MM+막/NNG+있/VV+어/EC+봐/VX+EC+봐/VX+EF+하하/MAG+오지/VV+게/EC+재밌/VA+음/ETN"
          },
          {
            "id": 11,
            "text": "2 : 아 내가 본 영화는 할머니가 손주 키우는 건데...",
            "norm_text": "아 내가 본 영화는 할머니가 손주 키우는 건데...",
            "speaker": {
              "id": "2번",
              "sex": "여성",
              "age": "20대"
            },
            "speechAct": "(단언) 진술하기",
            "morpheme": "아내/NNG+가/JKS+본/VV+ETM+영화/NNG+는/JX+할머니/NNG+가/JKS+손주/NNG+키우/VV+는/ETM+건데/NNB+VCP+EF+./SY"
          },
          {
            "id": 12,
            "text": "1 : 키키 집으로 아니냐? 미나리?",
            "norm_text": "키키 집으로 아니냐? 미나리?",
            "speaker": {
              "id": "1번",
              "sex": "여성",
              "age": "30대"
            },
            "speechAct": "(지시) 질문하기",
            "morpheme": "키/NNG+키/NNG+집/NNG+으로/JKB+아니/VCN+냐/EF+미나리/NNG"
          },
          {
            "id": 13,
            "text": "2 : 할머니 나오는 거부터가 눈물 아니냐 ㅠㅠ",
            "norm_text": "할머니 나오는 거부터가 눈물 아니냐 ㅠㅠ",
            "speaker": {
              "id": "2번",
              "sex": "여성",
              "age": "20대"
            },
            "speechAct": "(단언) 주장하기",
            "morpheme": "할머니/NNG+나오/VV+는/ETM+거/NNB+부터/JX+가/JKS+눈물/NNG+아니/VCN+냐/EC+ㅠㅠ/UNKNOWN"
          },
          {
            "id": 14,
            "text": "1 : 개눈물이지 할머니 그냥 내 눈물 버튼",
            "norm_text": "개눈물이지 할머니 그냥 내 눈물 버튼",
            "speaker": {
              "id": "1번",
              "sex": "여성",
              "age": "30대"
            },
            "speechAct": "(단언) 주장하기",
            "morpheme": "개/NNG+눈물/NNG+이/VCP+지/EC+할머니/NNG+그냥/MAG+내/NP+JKG+눈물/NNG+버튼/NNG"
          },
          {
            "id": 15,
            "text": "2 : 집으로래 키키 개웃기네 진짜 아니여 유승호면 기억하제",
            "norm_text": "집으로래 키키 개웃기네 진짜 아니여 유승호면 기억하제",
            "speaker": {
              "id": "2번",
              "sex": "여성",
              "age": "20대"
            },
            "speechAct": "(단언) 주장하기",
            "morpheme": "집/NNG+으로/JKB+래키/NNP+키/NNG+개/NNG+웃기/VV+네/EF+진짜/MAG+아니/IC+여유/NNG+승호/NNG+면/VCP+EC+기억/NNG+하/XSV+제/EC"
          },
          {
            "id": 16,
            "text": "1 : 키키 야 집으로 완전 오열각이라고... 포스터도 못 보겠음",
            "norm_text": "키키 야 집으로 완전 오열각이라고... 포스터도 못 보겠음",
            "speaker": {
              "id": "1번",
              "sex": "여성",
              "age": "30대"
            },
            "speechAct": "(단언) 주장하기",
            "morpheme": "키/NNG+키/XSV+ETN+야/JX+집/NNG+으로/JKB+완전/NNG+오/NR+열/NR+각/NNBC+이/VCP+라고/EC+./SY+./SY+포스터/NNP+도/JX+못/MAG+보/VV+겠/EP+음/ETN"
          },
          {
            "id": 17,
            "text": "2 : 포스터도 못 보겠대 키키 오열각 ㅜㅜ",
            "norm_text": "포스터도 못 보겠대 키키 오열각 ㅜㅜ",
            "speaker": {
              "id": "2번",
              "sex": "여성",
              "age": "20대"
            },
            "speechAct": "(단언) 주장하기",
            "morpheme": "포스터/NNP+도/JX+못/MAG+보/VV+겠/EP+대/XPN+키/NNG+키/XSV+ETN+오/NR+열/NR+각/NNBC+ㅜㅜ/UNKNOWN"
          }
        ]
      }
    }
  ]
}