{
  "dataset": {
    "identifier": 62268,
    "name": "KAKAO_921_15_set",
    "src_path": "/data/file/cubeManager/PROJECT001/53/txt20211005161403042951/KAKAO_921_15_set/",
    "label_path": "/data/file/cubeManager/PROJECT001/53/txt20211005161403042951/KAKAO_921_15_set/",
    "category": 2,
    "type": 0
  },
  "licenses": {
    "name": "Apache License 1.0",
    "url": "http://www.apache.org/licenses/LICENSE-1.0"
  },
  "info": [
    {
      "id": 41992,
      "filename": "KAKAO_921_15.txt",
      "title": "KAKAO_921_15",
      "mediatype": "SNS",
      "medianame": "카카오톡",
      "category": "일상대화",
      "date": "2021-10-05",
      "size": 922,
      "annotations": {
        "subject": "타 국가 이슈",
        "speaker_type": "1:1",
        "size": 922,
        "word_size": 287,
        "text": "1 : 미국에 있는 설산이 올해 최고로 많이 녹았다네 ㄷㄷ\n2 : 지구 온난화 때문인가 ㅠ\n2 : 이러다 정말 지구 멸망하는 거 아니야? ㅜ 키키\n1 : 응응 온난화 때문이래 ㅜ\n1 : 그리고 50도 넘는 폭염이 원래는 중동지방에만 있었는데 올해에 유럽이랑 북미지역에도 퍼졌대\n2 : 근데 진짜 문제다\n2 : 그게 다 온난화 때문이면 빙하가 정말로 다 녹아 버릴 수도 있겠네? ㅠ\n1 : 그러니까 말이야 ㅠ\n1 : 빙하가 녹고 50도 이상 폭염이라니까 전세계 기후 변화가 체감 되는 느낌이야 ㅜ\n2 : 멀지 않은 미래에 온 지구가 다 동남아 같은 덥고 습한 날씨가 될 수도 있다는 거네?! ㅠ\n2 : 너무 싫다\n1 : 그러니까 ㅜ 여름이 지긋지긋한데 ㅜ 정말...\n1 : 그리고 막 인도네시아 이런 쪽에 마른 하늘에 갑자기 내리는 스콜이라는 비 있잖아\n1 : 그런 것도 한국에 생기면 진짜 불편할 것 같아 ㅜ\n2 : 스콜 비가 뭐야? 처음 들어봐\n2 : 안 좋은 비야?\n1 : 열대지방에서 쨍쨍하다가 갑자기 듯이 비 내리고 천둥 치고 이랬다가 몇 분 안 지나서 갑자기 쨍쨍해지는 소나기... 키키\n2 : 아아 그런 비야?\n2 : 근데 그런 비 최근에 우리나라도 가끔씩 그러지 않았어?\n1 : 응 그래서 그걸 한국형 스콜이라고 한다는 것 같아...\n1 : 벌써 현실이 되다니 ㅜㅜ\n2 : 근데 정말로 자연재해보다 무서운 건 없는 거 같아 ㅠ\n2 : 그건 진짜 어떻게 할 수가 없는 거니까\n1 : 전세계적으로 나무가 사라지고 빌딩이 많아져서 열 보존이 안돼서 그런 거라고 하네.\n1 : 우리가 40대 50대 되면 어떨지 벌써 겁난당\n2 : 그러게 자연 너무 좋은데 그걸 다 치워버리고 무조건 건물을 세우려고 하니 이런 재해가 생기지...ㅠ\n1 : 그러게 ㅜ 작은 노력이 세계 기후 전체를 변화 시킬 수 있다고 여기고 좀 전 세계인이 노력해야 할 시기인 것 같아\n2 : 응 일단 나부터 노력을 해야겠다",
        "lines": [
          {
            "id": 1,
            "text": "1 : 미국에 있는 설산이 올해 최고로 많이 녹았다네 ㄷㄷ",
            "norm_text": "미국에 있는 설산이 올해 최고로 많이 녹았다네 ㄷㄷ",
            "speaker": {
              "id": "1번",
              "sex": "여성",
              "age": "20대"
            },
            "speechAct": "(단언) 진술하기",
            "morpheme": "미국/NNP+에/JKB+있/VV+는/ETM+설산/NNG+이/JKS+올해/NNG+최고/NNG+로/JKB+많이/MAG+녹/VV+았/EP+다네/EC+ㄷ/NNG+ㄷ/NNG"
          },
          {
            "id": 2,
            "text": "2 : 지구 온난화 때문인가 ㅠ",
            "norm_text": "지구 온난화 때문인가 ㅠ",
            "speaker": {
              "id": "2번",
              "sex": "여성",
              "age": "20대"
            },
            "speechAct": "(단언) 주장하기",
            "morpheme": "지구/NNG+온난/NNG+화/XSN+때문/NNB+인가/VCP+EC+ㅠ/UNKNOWN"
          },
          {
            "id": 3,
            "text": "2 : 이러다 정말 지구 멸망하는 거 아니야? ㅜ 키키",
            "norm_text": "이러다 정말 지구 멸망하는 거 아니야? ㅜ 키키",
            "speaker": {
              "id": "2번",
              "sex": "여성",
              "age": "20대"
            },
            "speechAct": "(지시) 질문하기",
            "morpheme": "이러다/MAJ+정말/MAG+지구/NNG+멸망/NNG+하/XSV+는/ETM+거/NNB+아니/VCN+야/EF+ㅜ키키/UNKNOWN"
          },
          {
            "id": 4,
            "text": "1 : 응응 온난화 때문이래 ㅜ",
            "norm_text": "응응 온난화 때문이래 ㅜ",
            "speaker": {
              "id": "1번",
              "sex": "여성",
              "age": "20대"
            },
            "speechAct": "(단언) 진술하기",
            "morpheme": "응/IC+응/IC+온난/NNG+화/XSN+때문/NNB+이/VCP+래ㅜ/UNKNOWN"
          },
          {
            "id": 5,
            "text": "1 : 그리고 50도 넘는 폭염이 원래는 중동지방에만 있었는데 올해에 유럽이랑 북미지역에도 퍼졌대",
            "norm_text": "그리고 50도 넘는 폭염이 원래는 중동지방에만 있었는데 올해에 유럽이랑 북미지역에도 퍼졌대",
            "speaker": {
              "id": "1번",
              "sex": "여성",
              "age": "20대"
            },
            "speechAct": "(단언) 진술하기",
            "morpheme": "그리고/MAJ+50/SN+도/NNBC+넘/VV+는/ETM+폭염/NNG+이/JKS+원래/NNG+는/JX+중동/NNP+지방/NNG+에/JKB+만/JX+있/VX+었/EP+는데/EC+올해/NNG+에/JKB+유럽/NNP+이랑/JC+북미/NNP+지역/NNG+에/JKB+도/JX+퍼졌/VV+EP+대/EC"
          },
          {
            "id": 6,
            "text": "2 : 근데 진짜 문제다",
            "norm_text": "근데 진짜 문제다",
            "speaker": {
              "id": "2번",
              "sex": "여성",
              "age": "20대"
            },
            "speechAct": "(단언) 주장하기",
            "morpheme": "근데/MAJ+진짜/MAG+문제/NNG+다/VCP+EC"
          },
          {
            "id": 7,
            "text": "2 : 그게 다 온난화 때문이면 빙하가 정말로 다 녹아 버릴 수도 있겠네? ㅠ",
            "norm_text": "그게 다 온난화 때문이면 빙하가 정말로 다 녹아 버릴 수도 있겠네? ㅠ",
            "speaker": {
              "id": "2번",
              "sex": "여성",
              "age": "20대"
            },
            "speechAct": "(지시) 질문하기",
            "morpheme": "그게/NP+JKS+다/MAG+온난/NNG+화/XSN+때문/NNB+이/VCP+면/EC+빙하/NNG+가/JKS+정말로/MAG+다/MAG+녹/VV+아/EC+버릴/VX+ETM+수/NNB+도/JX+있/VA+겠/EP+네/EF+ㅠ/UNKNOWN"
          },
          {
            "id": 8,
            "text": "1 : 그러니까 말이야 ㅠ",
            "norm_text": "그러니까 말이야 ㅠ",
            "speaker": {
              "id": "1번",
              "sex": "여성",
              "age": "20대"
            },
            "speechAct": "(단언) 주장하기",
            "morpheme": "그러니까/MAJ+말/NNG+이/VCP+야/EF+ㅠ/UNKNOWN"
          },
          {
            "id": 9,
            "text": "1 : 빙하가 녹고 50도 이상 폭염이라니까 전세계 기후 변화가 체감 되는 느낌이야 ㅜ",
            "norm_text": "빙하가 녹고 50도 이상 폭염이라니까 전세계 기후 변화가 체감 되는 느낌이야 ㅜ",
            "speaker": {
              "id": "1번",
              "sex": "여성",
              "age": "20대"
            },
            "speechAct": "(단언) 주장하기",
            "morpheme": "빙하/NNG+가/JKS+녹/VV+고/EC+50/SN+도/NNBC+이상/NNG+폭염/NNG+이/VCP+라니까/EC+전/MM+세계/NNG+기후/NNG+변화/NNG+가/JKS+체감/NNG+되/XSV+는/ETM+느낌/NNG+이/VCP+야/EF+ㅜ/UNKNOWN"
          },
          {
            "id": 10,
            "text": "2 : 멀지 않은 미래에 온 지구가 다 동남아 같은 덥고 습한 날씨가 될 수도 있다는 거네?! ㅠ",
            "norm_text": "멀지 않은 미래에 온 지구가 다 동남아 같은 덥고 습한 날씨가 될 수도 있다는 거네?! ㅠ",
            "speaker": {
              "id": "2번",
              "sex": "여성",
              "age": "20대"
            },
            "speechAct": "(단언) 주장하기",
            "morpheme": "멀/VA+지/EC+않/VX+은/ETM+미래/NNG+에/JKB+온/VV+ETM+지구/NNG+가/JKS+다/MAG+동남아/NNP+같/VA+은/ETM+덥/VA+고/EC+습한/VA+ETM+날씨/NNG+가/JKS+될/VV+ETM+수/NNB+도/JX+있/VA+다는/ETM+거/NNB+네/VCP+EF+!/SY+ㅠ/UNKNOWN"
          },
          {
            "id": 11,
            "text": "2 : 너무 싫다",
            "norm_text": "너무 싫다",
            "speaker": {
              "id": "2번",
              "sex": "여성",
              "age": "20대"
            },
            "speechAct": "(표현) 부정감정 표현하기",
            "morpheme": "너무/MAG+싫/VA+다/EC"
          },
          {
            "id": 12,
            "text": "1 : 그러니까 ㅜ 여름이 지긋지긋한데 ㅜ 정말...",
            "norm_text": "그러니까 ㅜ 여름이 지긋지긋한데 ㅜ 정말...",
            "speaker": {
              "id": "1번",
              "sex": "여성",
              "age": "20대"
            },
            "speechAct": "(단언) 주장하기",
            "morpheme": "그러니까/MAJ+ㅜ/UNKNOWN+여름/NNG+이/JKS+지긋지긋/XR+한/XSA+ETM+데ㅜ/UNKNOWN+정말/MAG+./SY"
          },
          {
            "id": 13,
            "text": "1 : 그리고 막 인도네시아 이런 쪽에 마른 하늘에 갑자기 내리는 스콜이라는 비 있잖아",
            "norm_text": "그리고 막 인도네시아 이런 쪽에 마른 하늘에 갑자기 내리는 스콜이라는 비 있잖아",
            "speaker": {
              "id": "1번",
              "sex": "여성",
              "age": "20대"
            },
            "speechAct": "(단언) 주장하기",
            "morpheme": "그리고/MAJ+막/MAJ+인도네시아/NNP+이런/MM+쪽/NNB+에/JKB+마른/VV+ETM+하늘/NNG+에/JKB+갑자기/MAG+내리/VV+는/ETM+스콜/NNG+이/VCP+라는/ETM+비/NNG+있/VV+잖아/EC"
          },
          {
            "id": 14,
            "text": "1 : 그런 것도 한국에 생기면 진짜 불편할 것 같아 ㅜ",
            "norm_text": "그런 것도 한국에 생기면 진짜 불편할 것 같아 ㅜ",
            "speaker": {
              "id": "1번",
              "sex": "여성",
              "age": "20대"
            },
            "speechAct": "(단언) 주장하기",
            "morpheme": "그런/MM+것/NNB+도/JX+한국/NNP+에/JKB+생기/VV+면/EC+진짜/MAG+불편/NNG+할/XSV+ETM+것/NNB+같/VA+아/EC+ㅜ/UNKNOWN"
          },
          {
            "id": 15,
            "text": "2 : 스콜 비가 뭐야? 처음 들어봐",
            "norm_text": "스콜 비가 뭐야? 처음 들어봐",
            "speaker": {
              "id": "2번",
              "sex": "여성",
              "age": "20대"
            },
            "speechAct": "(지시) 질문하기",
            "morpheme": "스콜/NNG+비/NNG+가/JKS+뭐/NP+야/VCP+EF+처음/MAG+들/VV+어/EC+봐/VX+EC"
          },
          {
            "id": 16,
            "text": "2 : 안 좋은 비야?",
            "norm_text": "안 좋은 비야?",
            "speaker": {
              "id": "2번",
              "sex": "여성",
              "age": "20대"
            },
            "speechAct": "(지시) 질문하기",
            "morpheme": "안/MAG+좋/VA+은/ETM+비/NNG+야/VCP+EF"
          },
          {
            "id": 17,
            "text": "1 : 열대지방에서 쨍쨍하다가 갑자기 듯이 비 내리고 천둥 치고 이랬다가 몇 분 안 지나서 갑자기 쨍쨍해지는 소나기... 키키",
            "norm_text": "열대지방에서 쨍쨍하다가 갑자기 듯이 비 내리고 천둥 치고 이랬다가 몇 분 안 지나서 갑자기 쨍쨍해지는 소나기... 키키",
            "speaker": {
              "id": "1번",
              "sex": "여성",
              "age": "20대"
            },
            "speechAct": "(단언) 진술하기",
            "morpheme": "열대/NNG+지방/NNG+에서/JKB+쨍쨍/MAG+하/VV+다가/EC+갑자기/MAG+듯이/MAG+비/XPN+내리/NNP+고천/NNG+둥치/VV+고/EC+이랬/VV+EP+다가/EC+몇/MM+분/NNBC+안/MAG+지나/VV+서/EC+갑자기/MAG+쨍쨍/MAG+해/VV+EC+지/VX+는/ETM+소나기/NNG+./SY+./SY+키/NNG+키/XSV+ETN"
          },
          {
            "id": 18,
            "text": "2 : 아아 그런 비야?",
            "norm_text": "아아 그런 비야?",
            "speaker": {
              "id": "2번",
              "sex": "여성",
              "age": "20대"
            },
            "speechAct": "(지시) 질문하기",
            "morpheme": "아아/IC+그런/MM+비/NNG+야/VCP+EF"
          },
          {
            "id": 19,
            "text": "2 : 근데 그런 비 최근에 우리나라도 가끔씩 그러지 않았어?",
            "norm_text": "근데 그런 비 최근에 우리나라도 가끔씩 그러지 않았어?",
            "speaker": {
              "id": "2번",
              "sex": "여성",
              "age": "20대"
            },
            "speechAct": "(지시) 질문하기",
            "morpheme": "근데/MAJ+그런/MM+비/XPN+최근/NNG+에/JKB+우리/NP+나라/NNG+도/JX+가끔/MAG+씩/XSN+그러/VV+지/EC+않/VX+았/EP+어/EF"
          },
          {
            "id": 20,
            "text": "1 : 응 그래서 그걸 한국형 스콜이라고 한다는 것 같아...",
            "norm_text": "응 그래서 그걸 한국형 스콜이라고 한다는 것 같아...",
            "speaker": {
              "id": "1번",
              "sex": "여성",
              "age": "20대"
            },
            "speechAct": "(단언) 진술하기",
            "morpheme": "응/IC+그래서/MAJ+그걸/NP+JKO+한국/NNP+형/XSN+스콜/NNG+이/VCP+라고/EC+한다는/VX+ETM+것/NNB+같/VA+아/EF+./SY"
          },
          {
            "id": 21,
            "text": "1 : 벌써 현실이 되다니 ㅜㅜ",
            "norm_text": "벌써 현실이 되다니 ㅜㅜ",
            "speaker": {
              "id": "1번",
              "sex": "여성",
              "age": "20대"
            },
            "speechAct": "(단언) 주장하기",
            "morpheme": "벌써/MAG+현실/NNG+이/JKS+되/VV+다니/EC+ㅜㅜ/UNKNOWN"
          },
          {
            "id": 22,
            "text": "2 : 근데 정말로 자연재해보다 무서운 건 없는 거 같아 ㅠ",
            "norm_text": "근데 정말로 자연재해보다 무서운 건 없는 거 같아 ㅠ",
            "speaker": {
              "id": "2번",
              "sex": "여성",
              "age": "20대"
            },
            "speechAct": "(단언) 주장하기",
            "morpheme": "근데/MAJ+정말로/MAG+자연재해/NNG+보다/JKB+무서운/VA+ETM+건/NNB+JX+없/VA+는/ETM+거/NNB+같/VA+아/EC+ㅠ/UNKNOWN"
          },
          {
            "id": 23,
            "text": "2 : 그건 진짜 어떻게 할 수가 없는 거니까",
            "norm_text": "그건 진짜 어떻게 할 수가 없는 거니까",
            "speaker": {
              "id": "2번",
              "sex": "여성",
              "age": "20대"
            },
            "speechAct": "(단언) 주장하기",
            "morpheme": "그건/NP+JX+진짜/MAG+어떻게/MAG+할/VV+ETM+수/NNB+가/JKS+없/VA+는/ETM+거/NNB+니까/VCP+EC"
          },
          {
            "id": 24,
            "text": "1 : 전세계적으로 나무가 사라지고 빌딩이 많아져서 열 보존이 안돼서 그런 거라고 하네.",
            "norm_text": "전세계적으로 나무가 사라지고 빌딩이 많아져서 열 보존이 안돼서 그런 거라고 하네.",
            "speaker": {
              "id": "1번",
              "sex": "여성",
              "age": "20대"
            },
            "speechAct": "(단언) 진술하기",
            "morpheme": "전/MM+세계/NNG+적/XSN+으로/JKB+나무/NNG+가/JKS+사라지/VV+고/EC+빌딩/NNG+이/JKS+많/VA+아/EC+져서/VX+EC+열/NR+보존/NNG+이/JKS+안/MAG+돼서/VV+EC+그런/MM+거/NNB+라고/VCP+EC+하/VX+네/EF"
          },
          {
            "id": 25,
            "text": "1 : 우리가 40대 50대 되면 어떨지 벌써 겁난당",
            "norm_text": "우리가 40대 50대 되면 어떨지 벌써 겁난당",
            "speaker": {
              "id": "1번",
              "sex": "여성",
              "age": "20대"
            },
            "speechAct": "(단언) 주장하기",
            "morpheme": "우리/NP+가/JKS+40/SN+대/NNBC+50/SN+대/NNBC+되/VV+면/EC+어떨지/VA+EC+벌써/MAG+겁/NNG+난당/NNG"
          },
          {
            "id": 26,
            "text": "2 : 그러게 자연 너무 좋은데 그걸 다 치워버리고 무조건 건물을 세우려고 하니 이런 재해가 생기지...ㅠ",
            "norm_text": "그러게 자연 너무 좋은데 그걸 다 치워버리고 무조건 건물을 세우려고 하니 이런 재해가 생기지...ㅠ",
            "speaker": {
              "id": "2번",
              "sex": "여성",
              "age": "20대"
            },
            "speechAct": "(단언) 주장하기",
            "morpheme": "그러/VV+게/EC+자연/NNG+너무/MAG+좋/VA+은데/EC+그걸/NP+JKO+다/MAG+치워/VV+EC+버리/VX+고/EC+무조건/MAG+건물/NNG+을/JKO+세우/VV+려고/EC+하/VV+니/EC+이런/MM+재해/NNG+가/JKS+생기/VV+지/EF+./SY+ㅠ/UNKNOWN"
          },
          {
            "id": 27,
            "text": "1 : 그러게 ㅜ 작은 노력이 세계 기후 전체를 변화 시킬 수 있다고 여기고 좀 전 세계인이 노력해야 할 시기인 것 같아",
            "norm_text": "그러게 ㅜ 작은 노력이 세계 기후 전체를 변화 시킬 수 있다고 여기고 좀 전 세계인이 노력해야 할 시기인 것 같아",
            "speaker": {
              "id": "1번",
              "sex": "여성",
              "age": "20대"
            },
            "speechAct": "(단언) 주장하기",
            "morpheme": "그러/VV+게/EC+ㅜ/UNKNOWN+작/VA+은/ETM+노력/NNG+이/JKS+세계/NNG+기후/NNG+전체/NNG+를/JKO+변화/NNG+시킬/XSV+ETM+수/NNB+있/VV+다고/EC+여기/VV+고/EC+좀/MAG+전/MM+세계인/NNG+이/JKS+노력/NNG+해야/XSV+EC+할/VX+ETM+시기/NNG+인/VCP+ETM+것/NNB+같/VA+아/EC"
          },
          {
            "id": 28,
            "text": "2 : 응 일단 나부터 노력을 해야겠다",
            "norm_text": "응 일단 나부터 노력을 해야겠다",
            "speaker": {
              "id": "2번",
              "sex": "여성",
              "age": "20대"
            },
            "speechAct": "(단언) 주장하기",
            "morpheme": "응/IC+일단/MAG+나/NP+부터/JX+노력/NNG+을/JKO+해야/VV+EC+VX+겠/EP+다/EC"
          }
        ]
      }
    }
  ]
}