{
  "dataset": {
    "identifier": 63420,
    "name": "KAKAO_911_10_set",
    "src_path": "/data/file/cubeManager/PROJECT001/53/txt20211005154123068918/KAKAO_911_10_set/",
    "label_path": "/data/file/cubeManager/PROJECT001/53/txt20211005154123068918/KAKAO_911_10_set/",
    "category": 2,
    "type": 0
  },
  "licenses": {
    "name": "Apache License 1.0",
    "url": "http://www.apache.org/licenses/LICENSE-1.0"
  },
  "info": [
    {
      "id": 41607,
      "filename": "KAKAO_911_10.txt",
      "title": "KAKAO_911_10",
      "mediatype": "SNS",
      "medianame": "카카오톡",
      "category": "일상대화",
      "date": "2021-10-05",
      "size": 534,
      "annotations": {
        "subject": "스포츠/레저",
        "speaker_type": "1:1",
        "size": 534,
        "word_size": 171,
        "text": "1 : 니 스포츠 잘하는 거 있나? 할 줄 아는 거\n2 : 할 줄 아는 건 다양한데 잘하는 건 없는 듯 키키\n1 : 난 그놈의 볼링은 쳐도 쳐도 안느냐\n2 : 요즘도 볼링 치러 다님? 같이 볼링치고 그럴 때 참 재밌었는데\n1 : 한 번씩 치는데 공이 옆으로 감 키키 짜증나 ㅠㅠ 안 늘어\n2 : 하다 보면 늘겠지 하하 유튜브로 공부해라 키키 볼링 강의도 있던데 키키\n1 : 하... 남자면 조기 축구회 나가고 싶다\n2 : 조기 축구... 뭔가 아저씨 느낌이 강해서...\n1 : 키키 아침마다 뛰어서 폐활량도 좀 되는데 이제 키키\n2 : 나도 퇴사하면 아침저녁으로 좀 뛰... 걸어야겠다 ㅋ\n1 : 취미로 뭐 하나 배워야지 싶다\n2 : 탁구는 별로 관심 없나?\n1 : 탁구? 울 동네에 있긴 한데 키키 테니스도 배우고 싶은데 넘 비싸\n2 : 내 대마도에서 탁구 배우고 고딩 때는 우리 학교 체육 시간에 항상 테니스했음 ㅋ 가르쳐주까 키키\n1 : 오 좋지 먼가 귀족 스포츠 같아\n2 : 테니스의 왕자인가 그런 애니메이션도 있었던 거 같은데 키키 인터넷에서 보니까 지구 박살 낸다고 키키",
        "lines": [
          {
            "id": 1,
            "text": "1 : 니 스포츠 잘하는 거 있나? 할 줄 아는 거",
            "norm_text": "니 스포츠 잘하는 거 있나? 할 줄 아는 거",
            "speaker": {
              "id": "1번",
              "sex": "여성",
              "age": "30대"
            },
            "speechAct": "(지시) 질문하기",
            "morpheme": "니/MM+스포츠/NNG+잘/MAG+하/VV+는/ETM+거/NNB+있/VA+나/EF+할/VV+ETM+줄/NNB+아/VV+는/ETM+거/NNB"
          },
          {
            "id": 2,
            "text": "2 : 할 줄 아는 건 다양한데 잘하는 건 없는 듯 키키",
            "norm_text": "할 줄 아는 건 다양한데 잘하는 건 없는 듯 키키",
            "speaker": {
              "id": "2번",
              "sex": "남성",
              "age": "30대"
            },
            "speechAct": "(단언) 주장하기",
            "morpheme": "할/VV+ETM+줄/NNB+아/VV+는/ETM+건/NNB+JX+다양/XR+한데/XSA+EC+잘/MAG+하/VV+는/ETM+건/NNB+JX+없/VA+는/ETM+듯/NNB+키/NNG+키/XSV+ETN"
          },
          {
            "id": 3,
            "text": "1 : 난 그놈의 볼링은 쳐도 쳐도 안느냐",
            "norm_text": "난 그놈의 볼링은 쳐도 쳐도 안느냐",
            "speaker": {
              "id": "1번",
              "sex": "여성",
              "age": "30대"
            },
            "speechAct": "(단언) 주장하기",
            "morpheme": "난/NP+JX+그놈/NP+의/JKG+볼링/NNG+은/JX+쳐도/VV+EC+쳐도/VV+EC+안/MAG+느/VV+냐/EC"
          },
          {
            "id": 4,
            "text": "2 : 요즘도 볼링 치러 다님? 같이 볼링치고 그럴 때 참 재밌었는데",
            "norm_text": "요즘도 볼링 치러 다님? 같이 볼링치고 그럴 때 참 재밌었는데",
            "speaker": {
              "id": "2번",
              "sex": "남성",
              "age": "30대"
            },
            "speechAct": "(지시) 질문하기",
            "morpheme": "요즘/NNG+도/JX+볼/VV+ETM+링/JKO+치러/VV+EC+다님/VV+ETN+같이/MAG+볼/VV+ETM+링/JKO+치/VV+고/EC+그럴/VV+ETM+때/NNG+참/MAG+재밌/VA+었/EP+는데/EC"
          },
          {
            "id": 5,
            "text": "1 : 한 번씩 치는데 공이 옆으로 감 키키 짜증나 ㅠㅠ 안 늘어",
            "norm_text": "한 번씩 치는데 공이 옆으로 감 키키 짜증나 ㅠㅠ 안 늘어",
            "speaker": {
              "id": "1번",
              "sex": "여성",
              "age": "30대"
            },
            "speechAct": "(단언) 진술하기",
            "morpheme": "한/MM+번/NNBC+씩/XSN+치/VV+는데/EC+공/NNG+이/JKS+옆/NNG+으로/JKB+감/VV+EC+키/NNG+키/NNG+짜증/NNG+나/NP+ㅠㅠ/UNKNOWN+안/MAG+늘/VV+어/EC"
          },
          {
            "id": 6,
            "text": "2 : 하다 보면 늘겠지 하하 유튜브로 공부해라 키키 볼링 강의도 있던데 키키",
            "norm_text": "하다 보면 늘겠지 하하 유튜브로 공부해라 키키 볼링 강의도 있던데 키키",
            "speaker": {
              "id": "2번",
              "sex": "남성",
              "age": "30대"
            },
            "speechAct": "(단언) 진술하기",
            "morpheme": "하/VV+다/EC+보/VX+면/EC+늘/VV+겠/EP+지/EC+하하/MAG+유튜브/NNP+로/JKB+공부/NNG+해라/XSV+EC+키/NNG+키/NNG+볼링/NNG+강의/NNG+도/JX+있/VX+던/ETM+데/NNB+키/NNG+키/XSV+ETN"
          },
          {
            "id": 7,
            "text": "1 : 하... 남자면 조기 축구회 나가고 싶다",
            "norm_text": "하... 남자면 조기 축구회 나가고 싶다",
            "speaker": {
              "id": "1번",
              "sex": "여성",
              "age": "30대"
            },
            "speechAct": "(단언) 주장하기",
            "morpheme": "하/IC+./SY+남자/NNG+면조/NNG+기축/NNG+구회/NNG+나가/VV+고/EC+싶/VX+다/EC"
          },
          {
            "id": 8,
            "text": "2 : 조기 축구... 뭔가 아저씨 느낌이 강해서...",
            "norm_text": "조기 축구... 뭔가 아저씨 느낌이 강해서...",
            "speaker": {
              "id": "2번",
              "sex": "남성",
              "age": "30대"
            },
            "speechAct": "(단언) 주장하기",
            "morpheme": "조기/NNG+축구/NNG+./SY+./SY+뭔가/NP+VCP+EC+아저씨/NNG+느낌/NNG+이/JKS+강해서/VA+EC+./SY+./SY"
          },
          {
            "id": 9,
            "text": "1 : 키키 아침마다 뛰어서 폐활량도 좀 되는데 이제 키키",
            "norm_text": "키키 아침마다 뛰어서 폐활량도 좀 되는데 이제 키키",
            "speaker": {
              "id": "1번",
              "sex": "여성",
              "age": "30대"
            },
            "speechAct": "(단언) 주장하기",
            "morpheme": "키/NNG+키/NNG+아침/NNG+마다/JX+뛰/VV+어서/EC+폐활량/NNG+도/JX+좀/MAG+되/VV+는데/EC+이제/MAG+키/NNG+키/XSV+ETN"
          },
          {
            "id": 10,
            "text": "2 : 나도 퇴사하면 아침저녁으로 좀 뛰... 걸어야겠다 ㅋ",
            "norm_text": "나도 퇴사하면 아침저녁으로 좀 뛰... 걸어야겠다 ㅋ",
            "speaker": {
              "id": "2번",
              "sex": "남성",
              "age": "30대"
            },
            "speechAct": "(단언) 주장하기",
            "morpheme": "나/NP+도/JX+퇴사/NNG+하/XSV+면/EC+아침/NNG+저녁/NNG+으로/JKB+좀/MAG+뛰/VV+EC+./SY+./SY+걸어야겠다ㅋ/UNKNOWN"
          },
          {
            "id": 11,
            "text": "1 : 취미로 뭐 하나 배워야지 싶다",
            "norm_text": "취미로 뭐 하나 배워야지 싶다",
            "speaker": {
              "id": "1번",
              "sex": "여성",
              "age": "30대"
            },
            "speechAct": "(단언) 주장하기",
            "morpheme": "취미/NNG+로/JKB+뭐/IC+하나/NR+배워야지/VV+EC+싶/VX+다/EC"
          },
          {
            "id": 12,
            "text": "2 : 탁구는 별로 관심 없나?",
            "norm_text": "탁구는 별로 관심 없나?",
            "speaker": {
              "id": "2번",
              "sex": "남성",
              "age": "30대"
            },
            "speechAct": "(지시) 질문하기",
            "morpheme": "탁구/NNG+는/JX+별로/MAG+관심없/VV+나/EF"
          },
          {
            "id": 13,
            "text": "1 : 탁구? 울 동네에 있긴 한데 키키 테니스도 배우고 싶은데 넘 비싸",
            "norm_text": "탁구? 울 동네에 있긴 한데 키키 테니스도 배우고 싶은데 넘 비싸",
            "speaker": {
              "id": "1번",
              "sex": "여성",
              "age": "30대"
            },
            "speechAct": "(단언) 진술하기",
            "morpheme": "탁구/NNG+울/VV+ETM+동네/NNG+에/JKB+있/VV+긴/ETN+JX+한데/VX+EC+키/NNG+키/NNG+테니스/NNG+도/JX+배우/VV+고/EC+싶/VX+은/ETM+데넘/NNP+비싸/VA+EC"
          },
          {
            "id": 14,
            "text": "2 : 내 대마도에서 탁구 배우고 고딩 때는 우리 학교 체육 시간에 항상 테니스했음 ㅋ 가르쳐주까 키키",
            "norm_text": "내 대마도에서 탁구 배우고 고딩 때는 우리 학교 체육 시간에 항상 테니스했음 ㅋ 가르쳐주까 키키",
            "speaker": {
              "id": "2번",
              "sex": "남성",
              "age": "30대"
            },
            "speechAct": "(지시) 충고/제안하기",
            "morpheme": "내/NP+JKG+대마도/NNG+에서/JKB+탁구/NNG+배우/VV+고/EC+고딩/NNP+때/NNG+는/JX+우리/NP+학교/NNG+체육/NNG+시간/NNG+에/JKB+항상/MAG+테니스/NNG+했/XSV+EP+음ㅋ/UNKNOWN+가르쳐/VV+EC+주/VX+까/EC+키/NNG+키/XSV+ETN"
          },
          {
            "id": 15,
            "text": "1 : 오 좋지 먼가 귀족 스포츠 같아",
            "norm_text": "오 좋지 먼가 귀족 스포츠 같아",
            "speaker": {
              "id": "1번",
              "sex": "여성",
              "age": "30대"
            },
            "speechAct": "(단언) 주장하기",
            "morpheme": "오/NR+좋/VA+지먼/EF+가/JKS+귀족/NNG+스포츠/NNG+같/VA+아/EC"
          },
          {
            "id": 16,
            "text": "2 : 테니스의 왕자인가 그런 애니메이션도 있었던 거 같은데 키키 인터넷에서 보니까 지구 박살 낸다고 키키",
            "norm_text": "테니스의 왕자인가 그런 애니메이션도 있었던 거 같은데 키키 인터넷에서 보니까 지구 박살 낸다고 키키",
            "speaker": {
              "id": "2번",
              "sex": "남성",
              "age": "30대"
            },
            "speechAct": "(단언) 주장하기",
            "morpheme": "테니스/NNG+의/JKG+왕자/NNG+인가/VCP+EC+그런/MM+애니메이션/NNG+도/JX+있/VA+었/EP+던/ETM+거/NNB+같/VA+은데/EC+키/NNG+키/NNG+인터넷/NNG+에서/JKB+보/VV+니까/EC+지/VX+구/EC+박살/NNG+낸다고/VV+EC+키/NNG+키/XSV+ETN"
          }
        ]
      }
    }
  ]
}