{
  "dataset": {
    "identifier": 61501,
    "name": "KAKAO_922_19_set",
    "src_path": "/data/file/cubeManager/PROJECT001/53/txt202110051541470742106/KAKAO_922_19_set/",
    "label_path": "/data/file/cubeManager/PROJECT001/53/txt202110051541470742106/KAKAO_922_19_set/",
    "category": 2,
    "type": 0
  },
  "licenses": {
    "name": "Apache License 1.0",
    "url": "http://www.apache.org/licenses/LICENSE-1.0"
  },
  "info": [
    {
      "id": 41656,
      "filename": "KAKAO_922_19.txt",
      "title": "KAKAO_922_19",
      "mediatype": "SNS",
      "medianame": "카카오톡",
      "category": "일상대화",
      "date": "2021-10-05",
      "size": 479,
      "annotations": {
        "subject": "방송/연예",
        "speaker_type": "1:1",
        "size": 479,
        "word_size": 156,
        "text": "1 : 너는 가수 중에 누구 제일 좋아해? 키키\n2 : 나는 당연히 빅뱅의 최승현이었지\n1 : 아... 지금은 논란의 중심에 있는 그 분? 키키\n2 : 응 키키 고등학교 때 처음 본 순간 이 사람은 내 남자다\n1 : 헐 진짜 그 정도로? 키키 얼굴이 니 스타일이야?\n2 : 웅... 얼굴 목소리 키 몸매 다 키키\n1 : 우와... 키키 근데 걔는 키는 별로 안 크지 않나?\n2 : 나도 몰랐던 말상 취향 키키 비율이 좋으니까...\n1 : 아 키키 니가 걔를 그렇게 좋아하는 줄 몰랐네\n2 : 물론 뻥이지만 공식 프로필에는 181cm로 나오네? 키키\n1 : 응? 키키 그렇게 전혀 보이지 않던데?\n2 : 아마도 175정도 되겠지 키키 대충 봐도 뭐\n1 : 근데 빅뱅 노래들은 진짜 다 좋은 거 같다 키키\n2 : 맞재 키키 지금 들어도 신나고 흔들기 좋은!\n1 : 키키 응응 빅뱅 노래는 거의 가사도 외우는 느낌\n2 : 크... 요즘 티비에서 유튜브로 그거 틀어 놓고 술 마시면 딱 좋음",
        "lines": [
          {
            "id": 1,
            "text": "1 : 너는 가수 중에 누구 제일 좋아해? 키키",
            "norm_text": "너는 가수 중에 누구 제일 좋아해? 키키",
            "speaker": {
              "id": "1번",
              "sex": "여성",
              "age": "30대"
            },
            "speechAct": "(지시) 질문하기",
            "morpheme": "너/NP+는/JX+가수/NNG+중/NNB+에/JKB+누구/NP+제일/MAG+좋/VA+아/EC+해/VX+EF+키/NNG+키/XSV+ETN"
          },
          {
            "id": 2,
            "text": "2 : 나는 당연히 빅뱅의 최승현이었지",
            "norm_text": "나는 당연히 빅뱅의 최승현이었지",
            "speaker": {
              "id": "2번",
              "sex": "여성",
              "age": "30대"
            },
            "speechAct": "(단언) 진술하기",
            "morpheme": "나/NP+는/JX+당연히/MAG+빅뱅/NNG+의/JKG+최승현/NNP+이/VCP+었/EP+지/EC"
          },
          {
            "id": 3,
            "text": "1 : 아... 지금은 논란의 중심에 있는 그 분? 키키",
            "norm_text": "아... 지금은 논란의 중심에 있는 그 분? 키키",
            "speaker": {
              "id": "1번",
              "sex": "여성",
              "age": "30대"
            },
            "speechAct": "(지시) 질문하기",
            "morpheme": "아/IC+./SY+지금/MAG+은/JX+논란/NNG+의/JKG+중심/NNG+에/JKB+있/VV+는/ETM+그분/NP+키/NNG+키/XSV+ETN"
          },
          {
            "id": 4,
            "text": "2 : 응 키키 고등학교 때 처음 본 순간 이 사람은 내 남자다",
            "norm_text": "응 키키 고등학교 때 처음 본 순간 이 사람은 내 남자다",
            "speaker": {
              "id": "2번",
              "sex": "여성",
              "age": "30대"
            },
            "speechAct": "(단언) 주장하기",
            "morpheme": "응/IC+키/NNG+키/NNG+고등/NNG+학교/NNG+때/NNG+처음/NNG+본/VV+ETM+순간/NNG+이/JKS+사람/NNG+은/JX+내/NP+JKG+남자/NNG+다/VCP+EC"
          },
          {
            "id": 5,
            "text": "1 : 헐 진짜 그 정도로? 키키 얼굴이 니 스타일이야?",
            "norm_text": "헐 진짜 그 정도로? 키키 얼굴이 니 스타일이야?",
            "speaker": {
              "id": "1번",
              "sex": "여성",
              "age": "30대"
            },
            "speechAct": "(지시) 질문하기",
            "morpheme": "헐/IC+진짜/MAG+그/MM+정도/NNG+로/JKB+?/SY+키/NNG+키/NNG+얼굴/NNG+이/VCP+니/EC+스타일/NNG+이/VCP+야/EF"
          },
          {
            "id": 6,
            "text": "2 : 웅... 얼굴 목소리 키 몸매 다 키키",
            "norm_text": "웅... 얼굴 목소리 키 몸매 다 키키",
            "speaker": {
              "id": "2번",
              "sex": "여성",
              "age": "30대"
            },
            "speechAct": "(단언) 주장하기",
            "morpheme": "웅/IC+./SY+얼굴/NNG+목소리/NNG+키/NNG+몸매/NNG+다키키/NNP"
          },
          {
            "id": 7,
            "text": "1 : 우와... 키키 근데 걔는 키는 별로 안 크지 않나?",
            "norm_text": "우와... 키키 근데 걔는 키는 별로 안 크지 않나?",
            "speaker": {
              "id": "1번",
              "sex": "여성",
              "age": "30대"
            },
            "speechAct": "(지시) 질문하기",
            "morpheme": "우와/IC+./SY+키/NNG+키/XSV+ETN+근데/MAJ+걔/NP+는/JX+키/NNG+는/JX+별로/MAG+안/MAG+크/VA+지/EC+않/VX+나/EF"
          },
          {
            "id": 8,
            "text": "2 : 나도 몰랐던 말상 취향 키키 비율이 좋으니까...",
            "norm_text": "나도 몰랐던 말상 취향 키키 비율이 좋으니까...",
            "speaker": {
              "id": "2번",
              "sex": "여성",
              "age": "30대"
            },
            "speechAct": "(단언) 주장하기",
            "morpheme": "나/NP+도/JX+몰랐/VV+EP+던/ETM+말상/NNG+취향/NNG+키/NNG+키/NNG+비율/NNG+이/JKS+좋/VA+으니까/EC+./SY+./SY"
          },
          {
            "id": 9,
            "text": "1 : 아 키키 니가 걔를 그렇게 좋아하는 줄 몰랐네",
            "norm_text": "아 키키 니가 걔를 그렇게 좋아하는 줄 몰랐네",
            "speaker": {
              "id": "1번",
              "sex": "여성",
              "age": "30대"
            },
            "speechAct": "(단언) 주장하기",
            "morpheme": "아키/NNP+키니/NNP+가/JKS+걔/NP+를/JKO+그렇게/MAG+좋/VA+아/EC+하/VV+는/ETM+줄/NNB+몰랐/VV+EP+네/EF"
          },
          {
            "id": 10,
            "text": "2 : 물론 뻥이지만 공식 프로필에는 181cm로 나오네? 키키",
            "norm_text": "물론 뻥이지만 공식 프로필에는 181cm로 나오네? 키키",
            "speaker": {
              "id": "2번",
              "sex": "여성",
              "age": "30대"
            },
            "speechAct": "(단언) 주장하기",
            "morpheme": "물론/MAG+뻥/NNG+이/VCP+지만/EC+공식/NNG+프로필/NNG+에/JKB+는/JX+181/SN+cm/SL+로/JKB+나오/VV+네/EF+키/NNG+키/XSV+ETN"
          },
          {
            "id": 11,
            "text": "1 : 응? 키키 그렇게 전혀 보이지 않던데?",
            "norm_text": "응? 키키 그렇게 전혀 보이지 않던데?",
            "speaker": {
              "id": "1번",
              "sex": "여성",
              "age": "30대"
            },
            "speechAct": "(단언) 주장하기",
            "morpheme": "응/IC+키/NNG+키/XSV+ETN+그렇게/MAG+전혀/MAG+보이/VV+지/EC+않/VX+던데/EF"
          },
          {
            "id": 12,
            "text": "2 : 아마도 175정도 되겠지 키키 대충 봐도 뭐",
            "norm_text": "아마도 175정도 되겠지 키키 대충 봐도 뭐",
            "speaker": {
              "id": "2번",
              "sex": "여성",
              "age": "30대"
            },
            "speechAct": "(단언) 주장하기",
            "morpheme": "아마도/MAG+175/SN+정도/NNG+되/XSV+겠/EP+지/EC+키/NNG+키/XSV+ETN+대충/MAG+봐도/VV+EC+뭐/IC"
          },
          {
            "id": 13,
            "text": "1 : 근데 빅뱅 노래들은 진짜 다 좋은 거 같다 키키",
            "norm_text": "근데 빅뱅 노래들은 진짜 다 좋은 거 같다 키키",
            "speaker": {
              "id": "1번",
              "sex": "여성",
              "age": "30대"
            },
            "speechAct": "(단언) 주장하기",
            "morpheme": "근데/MAJ+빅뱅/NNG+노래/NNG+들/XSN+은/JX+진짜/MAG+다/MAG+좋/VA+은/ETM+거/NNB+같/VA+다키키/NNP"
          },
          {
            "id": 14,
            "text": "2 : 맞재 키키 지금 들어도 신나고 흔들기 좋은!",
            "norm_text": "맞재 키키 지금 들어도 신나고 흔들기 좋은!",
            "speaker": {
              "id": "2번",
              "sex": "여성",
              "age": "30대"
            },
            "speechAct": "(단언) 주장하기",
            "morpheme": "맞/VV+재/EC+키/NNG+키/NNG+지금/MAG+들어도/VV+EC+신나/VV+고/EC+흔들/VV+기/ETN+좋/VA+은/ETM"
          },
          {
            "id": 15,
            "text": "1 : 키키 응응 빅뱅 노래는 거의 가사도 외우는 느낌",
            "norm_text": "키키 응응 빅뱅 노래는 거의 가사도 외우는 느낌",
            "speaker": {
              "id": "1번",
              "sex": "여성",
              "age": "30대"
            },
            "speechAct": "(단언) 주장하기",
            "morpheme": "키/NNG+키/XSV+ETN+응/IC+응/IC+빅뱅/NNG+노래/NNG+는/JX+거의/MAG+가사/NNG+도/JX+외우/VV+는/ETM+느낌/NNG"
          },
          {
            "id": 16,
            "text": "2 : 크... 요즘 티비에서 유튜브로 그거 틀어 놓고 술 마시면 딱 좋음",
            "norm_text": "크... 요즘 티비에서 유튜브로 그거 틀어 놓고 술 마시면 딱 좋음",
            "speaker": {
              "id": "2번",
              "sex": "여성",
              "age": "30대"
            },
            "speechAct": "(단언) 주장하기",
            "morpheme": "크/IC+./SY+요즘/MAG+티비/NNG+에서/JKB+유튜브/NNP+로/JKB+그거/NP+틀/VV+어/EC+놓/VX+고/EC+술/NNG+마시/VV+면/EC+딱/MAG+좋/VA+음/ETN"
          }
        ]
      }
    }
  ]
}