{
  "dataset": {
    "identifier": 63386,
    "name": "KAKAO_912_17_set",
    "src_path": "/data/file/cubeManager/PROJECT001/53/txt202110051541350203108/KAKAO_912_17_set/",
    "label_path": "/data/file/cubeManager/PROJECT001/53/txt202110051541350203108/KAKAO_912_17_set/",
    "category": 2,
    "type": 0
  },
  "licenses": {
    "name": "Apache License 1.0",
    "url": "http://www.apache.org/licenses/LICENSE-1.0"
  },
  "info": [
    {
      "id": 41634,
      "filename": "KAKAO_912_17.txt",
      "title": "KAKAO_912_17",
      "mediatype": "SNS",
      "medianame": "카카오톡",
      "category": "일상대화",
      "date": "2021-10-05",
      "size": 502,
      "annotations": {
        "subject": "건강",
        "speaker_type": "1:1",
        "size": 502,
        "word_size": 156,
        "text": "1 : 요즘 운동하는 거 있어?\n2 : 요즘은 없어. 코로나 때문에 센터들이 중간에 문을 닫고 하면서 관뒀어\n1 : 그렇구나 나는 건강 때문에 조깅 2년째 계속 하는 중\n2 : 대단해 진짜로. 나는 내가 알아서 하는 건 꾸준히 못해\n1 : 뭔가 키키 조깅하고 나서 질병이 많이 줄었어.\n2 : 정말 좋은 운동이라고 하더라 조깅이\n1 : 그러게? 악성 비염도 완화됐구.\n2 : 그리고 기분도 좋잖아 상쾌하게 샤워하고 나오면\n1 : 근데 무리하게 하면 무릎에 부상을 입어서ㅠ\n2 : ㅠㅠ 그치. 어떤 운동이든 무리는 . ㅠㅠ 위험해\n1 : 응... 런닝화도 잘 골라야 하고 칼슘제 이런 것도 잘 챙겨 먹어야 해 키키\n2 : 와 그런 것도 알아보는 구나. 뭔가 전문적이야\n1 : 관절이랑 뼈는 한번 상하면 되돌리기 어렵다 하더라고\n2 : 맞아 맞아 운동하다가 건강 잃으면 정말 ... ㅠㅠ\n1 : 손발에 쥐도 잘나고 눈 밑 떨림도 심해서 마그네슘도 같이 먹는 중야\n2 : 그렇구나. 그래도 건강 관리 잘 하는 것 같아서 보기 좋다",
        "lines": [
          {
            "id": 1,
            "text": "1 : 요즘 운동하는 거 있어?",
            "norm_text": "요즘 운동하는 거 있어?",
            "speaker": {
              "id": "1번",
              "sex": "여성",
              "age": "30대"
            },
            "speechAct": "(지시) 질문하기",
            "morpheme": "요즘/NNG+운동/NNG+하/XSV+는/ETM+거/NNB+있/VA+어/EF"
          },
          {
            "id": 2,
            "text": "2 : 요즘은 없어. 코로나 때문에 센터들이 중간에 문을 닫고 하면서 관뒀어",
            "norm_text": "요즘은 없어. 코로나 때문에 센터들이 중간에 문을 닫고 하면서 관뒀어",
            "speaker": {
              "id": "2번",
              "sex": "여성",
              "age": "30대"
            },
            "speechAct": "(단언) 진술하기",
            "morpheme": "요즘/NNG+은/JX+없/VA+어/EF+코로나/NNG+때문/NNB+에/JKB+센터/NNG+들/XSN+이/JKS+중간/NNG+에/JKB+문/NNG+을/JKO+닫/VV+고/EC+하/VV+면서/EC+관뒀/VV+EP+어/EC"
          },
          {
            "id": 3,
            "text": "1 : 그렇구나 나는 건강 때문에 조깅 2년째 계속 하는 중",
            "norm_text": "그렇구나 나는 건강 때문에 조깅 2년째 계속 하는 중",
            "speaker": {
              "id": "1번",
              "sex": "여성",
              "age": "30대"
            },
            "speechAct": "(단언) 진술하기",
            "morpheme": "그렇/VA+구나/EF+나/NP+는/JX+건강/NNG+때문/NNB+에/JKB+조깅/NNG+2/SN+년/NNBC+째/XSN+계속/NNG+하/XSV+는/ETM+중/NNB"
          },
          {
            "id": 4,
            "text": "2 : 대단해 진짜로. 나는 내가 알아서 하는 건 꾸준히 못해",
            "norm_text": "대단해 진짜로. 나는 내가 알아서 하는 건 꾸준히 못해",
            "speaker": {
              "id": "2번",
              "sex": "여성",
              "age": "30대"
            },
            "speechAct": "(단언) 주장하기",
            "morpheme": "대단/XR+해진/XSA+EC+VX+ETM+짜로/MAG+나/NP+는/JX+내/NP+가/JKS+알/VV+아서/EC+하/VV+는/ETM+건/NNB+JX+꾸준히/MAG+못/MAG+해/VV+EC"
          },
          {
            "id": 5,
            "text": "1 : 뭔가 키키 조깅하고 나서 질병이 많이 줄었어.",
            "norm_text": "뭔가 키키 조깅하고 나서 질병이 많이 줄었어.",
            "speaker": {
              "id": "1번",
              "sex": "여성",
              "age": "30대"
            },
            "speechAct": "(단언) 주장하기",
            "morpheme": "뭔가/NP+VCP+EC+키/NNG+키/NNG+조깅/NNG+하/XSV+고/EC+나/VX+서/EC+질병/NNG+이/JKS+많이/MAG+줄/VV+었/EP+어/EF"
          },
          {
            "id": 6,
            "text": "2 : 정말 좋은 운동이라고 하더라 조깅이",
            "norm_text": "정말 좋은 운동이라고 하더라 조깅이",
            "speaker": {
              "id": "2번",
              "sex": "여성",
              "age": "30대"
            },
            "speechAct": "(단언) 진술하기",
            "morpheme": "정말/MAG+좋/VA+은/ETM+운동/NNG+이/VCP+라고/EC+하/VV+더라/EC+조깅/NNG+이/JKS"
          },
          {
            "id": 7,
            "text": "1 : 그러게? 악성 비염도 완화됐구.",
            "norm_text": "그러게? 악성 비염도 완화됐구.",
            "speaker": {
              "id": "1번",
              "sex": "여성",
              "age": "30대"
            },
            "speechAct": "(단언) 진술하기",
            "morpheme": "그러게/IC+악성/NNG+비염/NNG+도/JX+완화/NNG+됐/XSV+EP+구/EF"
          },
          {
            "id": 8,
            "text": "2 : 그리고 기분도 좋잖아 상쾌하게 샤워하고 나오면",
            "norm_text": "그리고 기분도 좋잖아 상쾌하게 샤워하고 나오면",
            "speaker": {
              "id": "2번",
              "sex": "여성",
              "age": "30대"
            },
            "speechAct": "(단언) 주장하기",
            "morpheme": "그리고/MAJ+기분/NNG+도/JX+좋/VA+잖아/EC+상쾌/XR+하/XSA+게/EC+샤워/NNG+하/XSV+고/EC+나오/VV+면/EC"
          },
          {
            "id": 9,
            "text": "1 : 근데 무리하게 하면 무릎에 부상을 입어서ㅠ",
            "norm_text": "근데 무리하게 하면 무릎에 부상을 입어서ㅠ",
            "speaker": {
              "id": "1번",
              "sex": "여성",
              "age": "30대"
            },
            "speechAct": "(단언) 주장하기",
            "morpheme": "근데/MAJ+무리/NNG+하/XSV+게/EC+하/VV+면/EC+무릎/NNG+에/JKB+부상/NNG+을/JKO+입/VV+어서/EC+ㅠ/UNKNOWN"
          },
          {
            "id": 10,
            "text": "2 : ㅠㅠ 그치. 어떤 운동이든 무리는 . ㅠㅠ 위험해",
            "norm_text": "ㅠㅠ 그치. 어떤 운동이든 무리는 . ㅠㅠ 위험해",
            "speaker": {
              "id": "2번",
              "sex": "여성",
              "age": "30대"
            },
            "speechAct": "(단언) 주장하기",
            "morpheme": "ㅠㅠ/UNKNOWN+그치/IC+어떤/MM+운동/NNG+이/VCP+든/EC+무리/NNG+는/JX+ㅠㅠ/UNKNOWN+위험/NNG+해/XSV+EC"
          },
          {
            "id": 11,
            "text": "1 : 응... 런닝화도 잘 골라야 하고 칼슘제 이런 것도 잘 챙겨 먹어야 해 키키",
            "norm_text": "응... 런닝화도 잘 골라야 하고 칼슘제 이런 것도 잘 챙겨 먹어야 해 키키",
            "speaker": {
              "id": "1번",
              "sex": "여성",
              "age": "30대"
            },
            "speechAct": "(단언) 주장하기",
            "morpheme": "응/IC+./SY+런닝/NNG+화/XSN+도/JX+잘/MAG+골라야/VV+EC+하/VV+고/EC+칼슘/NNG+제/XSN+이런/MM+것/NNB+도/JX+잘/MAG+챙겨/VV+EC+먹/VV+어야/EC+해/VV+EC+키/NNG+키/XSV+ETN"
          },
          {
            "id": 12,
            "text": "2 : 와 그런 것도 알아보는 구나. 뭔가 전문적이야",
            "norm_text": "와 그런 것도 알아보는 구나. 뭔가 전문적이야",
            "speaker": {
              "id": "2번",
              "sex": "여성",
              "age": "30대"
            },
            "speechAct": "(단언) 주장하기",
            "morpheme": "와/IC+그런/MM+것/NNB+도/JX+알아보/VV+는구나/EF+뭔가/NP+VCP+EC+전문/NNG+적/XSN+이/VCP+야/EC"
          },
          {
            "id": 13,
            "text": "1 : 관절이랑 뼈는 한번 상하면 되돌리기 어렵다 하더라고",
            "norm_text": "관절이랑 뼈는 한번 상하면 되돌리기 어렵다 하더라고",
            "speaker": {
              "id": "1번",
              "sex": "여성",
              "age": "30대"
            },
            "speechAct": "(단언) 진술하기",
            "morpheme": "관절/NNG+이랑/JKB+뼈/NNG+는/JX+한/MM+번/NNBC+상하/VV+면/EC+되돌리/VV+기/ETN+어렵/VA+다/EC+하/VV+더라고/EC"
          },
          {
            "id": 14,
            "text": "2 : 맞아 맞아 운동하다가 건강 잃으면 정말 ... ㅠㅠ",
            "norm_text": "맞아 맞아 운동하다가 건강 잃으면 정말 ... ㅠㅠ",
            "speaker": {
              "id": "2번",
              "sex": "여성",
              "age": "30대"
            },
            "speechAct": "(표현) 부정감정 표현하기",
            "morpheme": "맞/VV+아/EC+맞/VV+아/EC+운동/NNG+하/XSV+다가/EC+건강/NNG+잃/VV+으면/EC+정말/MAG+./SY+ㅠㅠ/UNKNOWN"
          },
          {
            "id": 15,
            "text": "1 : 손발에 쥐도 잘나고 눈 밑 떨림도 심해서 마그네슘도 같이 먹는 중야",
            "norm_text": "손발에 쥐도 잘나고 눈 밑 떨림도 심해서 마그네슘도 같이 먹는 중야",
            "speaker": {
              "id": "1번",
              "sex": "여성",
              "age": "30대"
            },
            "speechAct": "(단언) 진술하기",
            "morpheme": "손발/NNG+에/JKB+쥐/NNG+도/JX+잘나/VA+고/EC+눈/NNG+밑/NNG+떨림/VV+ETN+도/JX+심해서/VA+EC+마그네슘/NNG+도/JX+같이/MAG+먹/VV+는/ETM+중야/NNG"
          },
          {
            "id": 16,
            "text": "2 : 그렇구나. 그래도 건강 관리 잘 하는 것 같아서 보기 좋다",
            "norm_text": "그렇구나. 그래도 건강 관리 잘 하는 것 같아서 보기 좋다",
            "speaker": {
              "id": "2번",
              "sex": "여성",
              "age": "30대"
            },
            "speechAct": "(단언) 주장하기",
            "morpheme": "그렇/VA+구나/EF+그래도/MAJ+건강/NNG+관리/NNG+잘/MAG+하/VV+는/ETM+것/NNB+같/VA+아서/EC+보/VX+기/ETN+좋/VA+다/EC"
          }
        ]
      }
    }
  ]
}