{
  "dataset": {
    "identifier": 63622,
    "name": "KAKAO_907_04_set",
    "src_path": "/data/file/cubeManager/PROJECT001/53/txt20211005154856066177/KAKAO_907_04_set/",
    "label_path": "/data/file/cubeManager/PROJECT001/53/txt20211005154856066177/KAKAO_907_04_set/",
    "category": 2,
    "type": 0
  },
  "licenses": {
    "name": "Apache License 1.0",
    "url": "http://www.apache.org/licenses/LICENSE-1.0"
  },
  "info": [
    {
      "id": 41721,
      "filename": "KAKAO_907_04.txt",
      "title": "KAKAO_907_04",
      "mediatype": "SNS",
      "medianame": "카카오톡",
      "category": "일상대화",
      "date": "2021-10-05",
      "size": 579,
      "annotations": {
        "subject": "회사/아르바이트",
        "speaker_type": "1:1",
        "size": 579,
        "word_size": 189,
        "text": "1 : 야 드디어 한 달 간 준비했던 회의 끝났다\n2 : 맨날 야근하면서 준비하던 그 회의? 축하한다 ㅜㅜ\n1 : 끝나면 한 잔 할려고 했거든?\n1 : 근데 힘 다 빠져서 침대로 바로 눕고 싶어...\n2 : 잠도 줄여가면서 일했는데 당연히 넉다운 되지~\n2 : 그래도 끝낸 거 너무 축하해\n1 : 고맙다! 그래도 준비한 만큼 결과는 나와서 맘은 편해\n2 : 팀장은 별소리 안 하더나?\n2 : 칭찬 엄청 야박 했잖아\n1 : 웬일로 수고했다고 회의 끝나고 스타벅스 커피 내 자리 위에 올려놓고 가시더라?\n2 : 오~ 약간 츤데레 스타일이신 건가?\n1 : 그건 몰라 키키 커피 한 잔에 이렇게 감동 먹을 일인가...\n2 : 키키 이제 그냥 잊어버려~ 끝난 게 중요한 거지!\n2 : 그만큼 커리어도 쌓았구\n1 : 그래 맞아~ 퇴근 한 시간 남았다!\n1 : 미리 밥 시켜 놔야지 하하\n2 : 정각 되면 바로 칼퇴해 진짜\n2 : 닌 칼퇴 할 자격이 있다\n1 : 당연하지 인사하고 바로 지하철로 달려갈 거야\n2 : 야 오늘 저녁은 이걸로 먹어!\n2 : 치킨은 항상 옳다\n1 : 헐 감동이야 고마워 ㅜ\n1 : 나도 치킨 시킬랬는데 고마워... ㅜㅜ\n2 : 별말씀을! 너무 수고했고 푹 쉬자!",
        "lines": [
          {
            "id": 1,
            "text": "1 : 야 드디어 한 달 간 준비했던 회의 끝났다",
            "norm_text": "야 드디어 한 달 간 준비했던 회의 끝났다",
            "speaker": {
              "id": "1번",
              "sex": "여성",
              "age": "20대"
            },
            "speechAct": "(단언) 진술하기",
            "morpheme": "야/IC+드디어/MAG+한/MM+달/NNG+간/NNB+준비/NNG+했/XSV+EP+던/ETM+회의/NNG+끝/NNG+났/VV+EP+다/EC"
          },
          {
            "id": 2,
            "text": "2 : 맨날 야근하면서 준비하던 그 회의? 축하한다 ㅜㅜ",
            "norm_text": "맨날 야근하면서 준비하던 그 회의? 축하한다 ㅜㅜ",
            "speaker": {
              "id": "2번",
              "sex": "여성",
              "age": "20대"
            },
            "speechAct": "(단언) 주장하기",
            "morpheme": "맨날/MAG+야근/NNG+하/XSV+면서/EC+준비/NNG+하/XSV+던/ETM+그/MM+회의/NNG+?/SY+축하한다ㅜㅜ/UNKNOWN"
          },
          {
            "id": 3,
            "text": "1 : 끝나면 한 잔 할려고 했거든?",
            "norm_text": "끝나면 한 잔 할려고 했거든?",
            "speaker": {
              "id": "1번",
              "sex": "여성",
              "age": "20대"
            },
            "speechAct": "(단언) 주장하기",
            "morpheme": "끝/NNG+나/VV+면/EC+한잔/NNG+할려고/XSV+EC+했/VX+EP+거든/EF"
          },
          {
            "id": 4,
            "text": "1 : 근데 힘 다 빠져서 침대로 바로 눕고 싶어...",
            "norm_text": "근데 힘 다 빠져서 침대로 바로 눕고 싶어...",
            "speaker": {
              "id": "1번",
              "sex": "여성",
              "age": "20대"
            },
            "speechAct": "(단언) 주장하기",
            "morpheme": "근데/MAJ+힘/NNG+다/MAG+빠져서/VV+EC+침대/NNG+로/JKB+바로/MAG+눕/VV+고/EC+싶/VX+어/EF+./SY"
          },
          {
            "id": 5,
            "text": "2 : 잠도 줄여가면서 일했는데 당연히 넉다운 되지~",
            "norm_text": "잠도 줄여가면서 일했는데 당연히 넉다운 되지~",
            "speaker": {
              "id": "2번",
              "sex": "여성",
              "age": "20대"
            },
            "speechAct": "(단언) 주장하기",
            "morpheme": "잠/NNG+도/JX+줄여/VV+EC+가/VX+면서/EC+일/NNG+했/XSV+EP+는데/EC+당연히/MAG+넉/NNG+다운/XSA+ETM+되/VV+지/EC+~/SY"
          },
          {
            "id": 6,
            "text": "2 : 그래도 끝낸 거 너무 축하해",
            "norm_text": "그래도 끝낸 거 너무 축하해",
            "speaker": {
              "id": "2번",
              "sex": "여성",
              "age": "20대"
            },
            "speechAct": "(단언) 주장하기",
            "morpheme": "그래도/MAJ+끝낸/VV+ETM+거/NNB+너무/MAG+축하/NNG+해/XSV+EC"
          },
          {
            "id": 7,
            "text": "1 : 고맙다! 그래도 준비한 만큼 결과는 나와서 맘은 편해",
            "norm_text": "고맙다! 그래도 준비한 만큼 결과는 나와서 맘은 편해",
            "speaker": {
              "id": "1번",
              "sex": "여성",
              "age": "20대"
            },
            "speechAct": "(단언) 주장하기",
            "morpheme": "고맙/VA+다/EF+그래도/MAJ+준비/NNG+한/XSA+ETM+만큼/NNB+결과/NNG+는/JX+나와서/VV+EC+맘/NNG+은/JX+편해/VA+EC"
          },
          {
            "id": 8,
            "text": "2 : 팀장은 별소리 안 하더나?",
            "norm_text": "팀장은 별소리 안 하더나?",
            "speaker": {
              "id": "2번",
              "sex": "여성",
              "age": "20대"
            },
            "speechAct": "(단언) 주장하기",
            "morpheme": "팀장/NNG+은/JX+별소리/NNG+안/MAG+하/VV+더나/EF"
          },
          {
            "id": 9,
            "text": "2 : 칭찬 엄청 야박 했잖아",
            "norm_text": "칭찬 엄청 야박 했잖아",
            "speaker": {
              "id": "2번",
              "sex": "여성",
              "age": "20대"
            },
            "speechAct": "(단언) 주장하기",
            "morpheme": "칭찬/NNG+엄청/MAG+야박/NNG+했/XSV+EP+잖아/EC"
          },
          {
            "id": 10,
            "text": "1 : 웬일로 수고했다고 회의 끝나고 스타벅스 커피 내 자리 위에 올려놓고 가시더라?",
            "norm_text": "웬일로 수고했다고 회의 끝나고 스타벅스 커피 내 자리 위에 올려놓고 가시더라?",
            "speaker": {
              "id": "1번",
              "sex": "여성",
              "age": "20대"
            },
            "speechAct": "(단언) 주장하기",
            "morpheme": "웬일/NNG+로/JKB+수고/NNG+했/XSV+EP+다고/EC+회의/NNG+끝/NNG+나/JC+고스타/NNP+벅스/NNP+커피/NNG+내/NNB+자리/NNG+위/NNG+에/JKB+올려놓/VV+고/EC+가/VX+시/EP+더라/EF"
          },
          {
            "id": 11,
            "text": "2 : 오~ 약간 츤데레 스타일이신 건가?",
            "norm_text": "오~ 약간 츤데레 스타일이신 건가?",
            "speaker": {
              "id": "2번",
              "sex": "여성",
              "age": "20대"
            },
            "speechAct": "(단언) 주장하기",
            "morpheme": "오/NR+~/SY+약간/MAG+츤데레/NNP+스타일/NNG+이/VCP+신/EP+ETM+건가/NNB+VCP+EF"
          },
          {
            "id": 12,
            "text": "1 : 그건 몰라 키키 커피 한 잔에 이렇게 감동 먹을 일인가...",
            "norm_text": "그건 몰라 키키 커피 한 잔에 이렇게 감동 먹을 일인가...",
            "speaker": {
              "id": "1번",
              "sex": "여성",
              "age": "20대"
            },
            "speechAct": "(단언) 주장하기",
            "morpheme": "그건/NP+JX+몰라/VV+EC+키/NNG+키/NNG+커피/NNG+한잔/NNG+에/JKB+이렇게/MAG+감동/NNG+먹/VV+을/ETM+일/NNG+인가/VCP+EF+./SY"
          },
          {
            "id": 13,
            "text": "2 : 키키 이제 그냥 잊어버려~ 끝난 게 중요한 거지!",
            "norm_text": "키키 이제 그냥 잊어버려~ 끝난 게 중요한 거지!",
            "speaker": {
              "id": "2번",
              "sex": "여성",
              "age": "20대"
            },
            "speechAct": "(단언) 주장하기",
            "morpheme": "키/NNG+키/NNG+이제/MAG+그냥/MAG+잊어버려/VV+EC+~/SY+끝/NNG+난/VV+ETM+게/NNB+JKS+중요/NNG+한/XSA+ETM+거/NNB+지/VCP+EF"
          },
          {
            "id": 14,
            "text": "2 : 그만큼 커리어도 쌓았구",
            "norm_text": "그만큼 커리어도 쌓았구",
            "speaker": {
              "id": "2번",
              "sex": "여성",
              "age": "20대"
            },
            "speechAct": "(단언) 주장하기",
            "morpheme": "그만큼/MAG+커리어/NNP+도/JX+쌓았/VV+EP+구/EC"
          },
          {
            "id": 15,
            "text": "1 : 그래 맞아~ 퇴근 한 시간 남았다!",
            "norm_text": "그래 맞아~ 퇴근 한 시간 남았다!",
            "speaker": {
              "id": "1번",
              "sex": "여성",
              "age": "20대"
            },
            "speechAct": "(단언) 주장하기",
            "morpheme": "그래/VA+EC+맞/VV+아/EC+~/SY+퇴근/NNG+한/XSA+ETM+시간/NNG+남/VV+았/EP+다/EF"
          },
          {
            "id": 16,
            "text": "1 : 미리 밥 시켜 놔야지 하하",
            "norm_text": "미리 밥 시켜 놔야지 하하",
            "speaker": {
              "id": "1번",
              "sex": "여성",
              "age": "20대"
            },
            "speechAct": "(단언) 주장하기",
            "morpheme": "미리/MAG+밥/NNG+시켜/XSV+EC+놔야/VX+EC+지하/NNG+하/XSV"
          },
          {
            "id": 17,
            "text": "2 : 정각 되면 바로 칼퇴해 진짜",
            "norm_text": "정각 되면 바로 칼퇴해 진짜",
            "speaker": {
              "id": "2번",
              "sex": "여성",
              "age": "20대"
            },
            "speechAct": "(단언) 주장하기",
            "morpheme": "정각/NNG+되/XSV+면/EC+바로/MAG+칼/NNG+퇴/NNG+해/XSV+EC+진짜/MAG"
          },
          {
            "id": 18,
            "text": "2 : 닌 칼퇴 할 자격이 있다",
            "norm_text": "닌 칼퇴 할 자격이 있다",
            "speaker": {
              "id": "2번",
              "sex": "여성",
              "age": "20대"
            },
            "speechAct": "(단언) 주장하기",
            "morpheme": "닌/NNP+칼/NNG+퇴/NNG+할/XSV+ETM+자격/NNG+이/JKS+있/VV+다/EC"
          },
          {
            "id": 19,
            "text": "1 : 당연하지 인사하고 바로 지하철로 달려갈 거야",
            "norm_text": "당연하지 인사하고 바로 지하철로 달려갈 거야",
            "speaker": {
              "id": "1번",
              "sex": "여성",
              "age": "20대"
            },
            "speechAct": "(단언) 주장하기",
            "morpheme": "당연/XR+하/XSA+지/EC+인사/NNG+하/XSV+고/EC+바로/MAG+지하철/NNG+로/JKB+달려갈/VV+ETM+거/NNB+야/VCP+EF"
          },
          {
            "id": 20,
            "text": "2 : 야 오늘 저녁은 이걸로 먹어!",
            "norm_text": "야 오늘 저녁은 이걸로 먹어!",
            "speaker": {
              "id": "2번",
              "sex": "여성",
              "age": "20대"
            },
            "speechAct": "(단언) 주장하기",
            "morpheme": "야/IC+오늘/MAG+저녁/NNG+은/JX+이걸로/NP+JKB+먹/VV+어/EF"
          },
          {
            "id": 21,
            "text": "2 : 치킨은 항상 옳다",
            "norm_text": "치킨은 항상 옳다",
            "speaker": {
              "id": "2번",
              "sex": "여성",
              "age": "20대"
            },
            "speechAct": "(단언) 주장하기",
            "morpheme": "치킨/NNG+은/JX+항상/MAG+옳/VA+다/EC"
          },
          {
            "id": 22,
            "text": "1 : 헐 감동이야 고마워 ㅜ",
            "norm_text": "헐 감동이야 고마워 ㅜ",
            "speaker": {
              "id": "1번",
              "sex": "여성",
              "age": "20대"
            },
            "speechAct": "(단언) 주장하기",
            "morpheme": "헐/IC+감동/NNG+이/VCP+야/EC+고마워/VA+EC+ㅜ/UNKNOWN"
          },
          {
            "id": 23,
            "text": "1 : 나도 치킨 시킬랬는데 고마워... ㅜㅜ",
            "norm_text": "나도 치킨 시킬랬는데 고마워... ㅜㅜ",
            "speaker": {
              "id": "1번",
              "sex": "여성",
              "age": "20대"
            },
            "speechAct": "(단언) 주장하기",
            "morpheme": "나/NP+도/JX+치킨/NNG+시킬/XSV+ETM+랬는/VCP+EC+VV+EP+ETM+데/NNB+고마워/VV+EF+./SY+ㅜㅜ/UNKNOWN"
          },
          {
            "id": 24,
            "text": "2 : 별말씀을! 너무 수고했고 푹 쉬자!",
            "norm_text": "별말씀을! 너무 수고했고 푹 쉬자!",
            "speaker": {
              "id": "2번",
              "sex": "여성",
              "age": "20대"
            },
            "speechAct": "(단언) 주장하기",
            "morpheme": "별/MM+말씀/NNG+을/JKO+너무/MAG+수고/NNG+했/XSV+EP+고/EC+푹/MAG+쉬/VV+자/EF"
          }
        ]
      }
    }
  ]
}