{
  "dataset": {
    "identifier": 63790,
    "name": "KAKAO_902_16_set",
    "src_path": "/data/file/cubeManager/PROJECT001/53/txt202110051539500773105/KAKAO_902_16_set/",
    "label_path": "/data/file/cubeManager/PROJECT001/53/txt202110051539500773105/KAKAO_902_16_set/",
    "category": 2,
    "type": 0
  },
  "licenses": {
    "name": "Apache License 1.0",
    "url": "http://www.apache.org/licenses/LICENSE-1.0"
  },
  "info": [
    {
      "id": 41553,
      "filename": "KAKAO_902_16.txt",
      "title": "KAKAO_902_16",
      "mediatype": "SNS",
      "medianame": "카카오톡",
      "category": "일상대화",
      "date": "2021-10-05",
      "size": 830,
      "annotations": {
        "subject": "미용",
        "speaker_type": "다자간 대화",
        "size": 830,
        "word_size": 266,
        "text": "1 : 저는 애플 매달 40씩 하고 있습니다. 쭉쭉 올라가면 행복해\n1 : 뒤집어진 내 피부 상태도 돌아올 수 있을 듯. 요즘 완전 피부 거지\n2 : 무슨 소리야 너만큼 피부 좋은 애가 어디 있다고 키키\n3 : 나도 여자친구가 매번 관리해 주는 게 여자들은 이런 거 어떻게 하나 싶다\n1 : 나 진짜 사춘기 때보다 피부 뒤집어졌어\n2 : 나도 요즘 머리카락 빠지고 죽겠다... ^^ 메디헤어 질러버렸어\n3 : 메디헤어는 또 뭐야 나도 탈모야 ^^\n1 : 키키 내 머리 좀 가져갈래 애들앙 ...?\n2 : 머리숱은 많아도 문제 적어도 문제구나...\n3 : 아 근데 재는 머리 고데기 하는데 엄청 오래 걸림\n1 : 맞아 맨날 나 고딩 때 고데기 하고 있으면 여자애들 진짜 귀찮겠다고 깝죽거림\n2 : 아 근데 나는 중학교 때부터 피부 안 좋았는데 좋아지는 꿀팁 좀\n3 : 그건 생활 습관 고쳐야 돼 진짜\n1 : 그래도 고딩 때보다 좋아진 거 같은데?\n2 : 요즘 물도 엄청 많이 먹는 거 같고 나름 알로에도 바르는데 ㅠㅜ 더 좋아지고 싶다\n3 : 일단 잠을 12시 이전에 자면 진짜 금방 달라짐\n1 : 그냥 피부과 다니는 게 최고임\n2 : 이미 망했네  키키 피부과 다닐 시간에 메디헤어 돌린다\n3 : 키키 피부과 비싸고 다닐 때만 효과 있더라 나도 여드름 때문에 죽겠으\n1 : 나 진짜 요즘 앞머리 내렸더니 이마 난리도 아님 거진 돌 박아논 듯\n2 : 여름 지났으니까 그래도 땀은 좀 덜 나서 괜찮아지지 않을까?\n3 : 아니 근데 피부는 바깥 상황에 따라 좌지우지 되진 않음\n1 : 그래도 마스크 쓰니까 볼따구 피부 더러워지는 건 팩트인 듯\n2 : 이상하네 나는 겨울만 되면 피부 괜찮아지던데\n3 : 그거 약간 기분 탓인 듯 하하",
        "lines": [
          {
            "id": 1,
            "text": "1 : 저는 애플 매달 40씩 하고 있습니다. 쭉쭉 올라가면 행복해",
            "norm_text": "저는 애플 매달 40씩 하고 있습니다. 쭉쭉 올라가면 행복해",
            "speaker": {
              "id": "1번",
              "sex": "여성",
              "age": "20대"
            },
            "speechAct": "(단언) 진술하기",
            "morpheme": "저/NP+는/JX+애플/NNP+매달/MAG+40/SN+씩/XSN+하/VV+고/EC+있/VX+습니다/EF+쭉쭉/MAG+올라가/VV+면/EC+행복/NNG+해/XSV+EC"
          },
          {
            "id": 2,
            "text": "1 : 뒤집어진 내 피부 상태도 돌아올 수 있을 듯. 요즘 완전 피부 거지",
            "norm_text": "뒤집어진 내 피부 상태도 돌아올 수 있을 듯. 요즘 완전 피부 거지",
            "speaker": {
              "id": "1번",
              "sex": "여성",
              "age": "20대"
            },
            "speechAct": "(단언) 주장하기",
            "morpheme": "뒤집/VV+어/EC+진내/NNG+피부/NNG+상태/NNG+도/JX+돌아올/VV+ETM+수/NNB+있/VV+을/ETM+듯/NNB+요즘/MAG+완전/MAG+피부/NNG+거지/NNG"
          },
          {
            "id": 3,
            "text": "2 : 무슨 소리야 너만큼 피부 좋은 애가 어디 있다고 키키",
            "norm_text": "무슨 소리야 너만큼 피부 좋은 애가 어디 있다고 키키",
            "speaker": {
              "id": "2번",
              "sex": "남성",
              "age": "20대"
            },
            "speechAct": "(단언) 주장하기",
            "morpheme": "무슨/MM+소리/NNG+야/VCP+EF+너/NP+만큼/JKB+피부/NNG+좋/VA+은/ETM+애/NNG+가/JKS+어디/NP+있/VA+다고/EC+키/NNG+키/XSV+ETN"
          },
          {
            "id": 4,
            "text": "3 : 나도 여자친구가 매번 관리해 주는 게 여자들은 이런 거 어떻게 하나 싶다",
            "norm_text": "나도 여자친구가 매번 관리해 주는 게 여자들은 이런 거 어떻게 하나 싶다",
            "speaker": {
              "id": "3번",
              "sex": "남성",
              "age": "20대"
            },
            "speechAct": "(단언) 주장하기",
            "morpheme": "나/NP+도/JX+여자/NNG+친구/NNG+가/JKS+매번/MAG+관리/NNG+해/XSV+EC+주/VX+는/ETM+게/NNB+JKS+여자/NNG+들/XSN+은/JX+이런/MM+거/NNB+어떻게/MAG+하/VV+나/EC+싶/VX+다/EC"
          },
          {
            "id": 5,
            "text": "1 : 나 진짜 사춘기 때보다 피부 뒤집어졌어",
            "norm_text": "나 진짜 사춘기 때보다 피부 뒤집어졌어",
            "speaker": {
              "id": "1번",
              "sex": "여성",
              "age": "20대"
            },
            "speechAct": "(단언) 주장하기",
            "morpheme": "나/NP+진짜/MAG+사춘기/NNG+때/NNG+보다/JKB+피부/NNG+뒤집/VV+어/EC+졌/VX+EP+어/EC"
          },
          {
            "id": 6,
            "text": "2 : 나도 요즘 머리카락 빠지고 죽겠다... ^^ 메디헤어 질러버렸어",
            "norm_text": "나도 요즘 머리카락 빠지고 죽겠다... ^^ 메디헤어 질러버렸어",
            "speaker": {
              "id": "2번",
              "sex": "남성",
              "age": "20대"
            },
            "speechAct": "(단언) 진술하기",
            "morpheme": "나/NP+도/JX+요즘/NNG+머리카락/NNG+빠지/VV+고/EC+죽/VV+겠/EP+다/EF+./SY+^/SY+^/SY+메디/NNP+헤어/NNG+질러버렸/VV+EC+VX+EP+어/EC"
          },
          {
            "id": 7,
            "text": "3 : 메디헤어는 또 뭐야 나도 탈모야 ^^",
            "norm_text": "메디헤어는 또 뭐야 나도 탈모야 ^^",
            "speaker": {
              "id": "3번",
              "sex": "남성",
              "age": "20대"
            },
            "speechAct": "(지시) 질문하기",
            "morpheme": "메디/NNP+헤어/NNG+는/JX+또/MAG+뭐/NP+야/VCP+EF+나/NP+도/JX+탈/XPN+모야/NNG+^/SY+^/SY"
          },
          {
            "id": 8,
            "text": "1 : 키키 내 머리 좀 가져갈래 애들앙 ...?",
            "norm_text": "키키 내 머리 좀 가져갈래 애들앙 ...?",
            "speaker": {
              "id": "1번",
              "sex": "여성",
              "age": "20대"
            },
            "speechAct": "(지시) 질문하기",
            "morpheme": "키/NNG+키/XSV+ETN+내/NP+JKG+머리/NNG+좀/MAG+가져/VV+EC+갈래/VV+EC+애/NNG+들/XSN+앙/MAG+./SY+./SY"
          },
          {
            "id": 9,
            "text": "2 : 머리숱은 많아도 문제 적어도 문제구나...",
            "norm_text": "머리숱은 많아도 문제 적어도 문제구나...",
            "speaker": {
              "id": "2번",
              "sex": "남성",
              "age": "20대"
            },
            "speechAct": "(단언) 주장하기",
            "morpheme": "머리숱/NNG+은/JX+많/VA+아도/EC+문제/NNG+적어도/MAG+문제/NNG+구나/VCP+EF+./SY"
          },
          {
            "id": 10,
            "text": "3 : 아 근데 재는 머리 고데기 하는데 엄청 오래 걸림",
            "norm_text": "아 근데 재는 머리 고데기 하는데 엄청 오래 걸림",
            "speaker": {
              "id": "3번",
              "sex": "남성",
              "age": "20대"
            },
            "speechAct": "(단언) 주장하기",
            "morpheme": "아/IC+근데/MAJ+재/VV+는/ETM+머리/NNG+고/VCP+EC+데기/NNG+하/XSV+는/ETM+데/NNB+엄청/MAG+오래/MAG+걸림/VV+ETN"
          },
          {
            "id": 11,
            "text": "1 : 맞아 맨날 나 고딩 때 고데기 하고 있으면 여자애들 진짜 귀찮겠다고 깝죽거림",
            "norm_text": "맞아 맨날 나 고딩 때 고데기 하고 있으면 여자애들 진짜 귀찮겠다고 깝죽거림",
            "speaker": {
              "id": "1번",
              "sex": "여성",
              "age": "20대"
            },
            "speechAct": "(단언) 주장하기",
            "morpheme": "맞아/IC+맨날/MAG+나/VV+고/EC+딩/MAG+때/VV+고/EC+데기/NNG+하/XSV+고/EC+있/VX+으면/EC+여자/NNG+애/NNG+들/XSN+진짜/MAG+귀찮/VA+겠/EP+다고/EC+깝죽/XR+거림/XSV+ETN"
          },
          {
            "id": 12,
            "text": "2 : 아 근데 나는 중학교 때부터 피부 안 좋았는데 좋아지는 꿀팁 좀",
            "norm_text": "아 근데 나는 중학교 때부터 피부 안 좋았는데 좋아지는 꿀팁 좀",
            "speaker": {
              "id": "2번",
              "sex": "남성",
              "age": "20대"
            },
            "speechAct": "(지시) 명령/요구하기",
            "morpheme": "아/IC+근데/MAJ+나/NP+는/JX+중학교/NNG+때/NNG+부터/JX+피부/NNG+안/MAG+좋/VA+았/EP+는데/EC+좋/VA+아/EC+지/VX+는/ETM+꿀/NNG+팁/NNG+좀/MAG"
          },
          {
            "id": 13,
            "text": "3 : 그건 생활 습관 고쳐야 돼 진짜",
            "norm_text": "그건 생활 습관 고쳐야 돼 진짜",
            "speaker": {
              "id": "3번",
              "sex": "남성",
              "age": "20대"
            },
            "speechAct": "(지시) 충고/제안하기",
            "morpheme": "그건/NP+JX+생활/NNG+습관/NNG+고쳐야/VV+EC+돼/VV+EF+진짜/MAG"
          },
          {
            "id": 14,
            "text": "1 : 그래도 고딩 때보다 좋아진 거 같은데?",
            "norm_text": "그래도 고딩 때보다 좋아진 거 같은데?",
            "speaker": {
              "id": "1번",
              "sex": "여성",
              "age": "20대"
            },
            "speechAct": "(단언) 주장하기",
            "morpheme": "그래도/MAJ+고딩/NNP+때/NNG+보다/JKB+좋/VA+아/EC+진/VX+ETM+거/NNB+같/VA+은데/EF"
          },
          {
            "id": 15,
            "text": "2 : 요즘 물도 엄청 많이 먹는 거 같고 나름 알로에도 바르는데 ㅠㅜ 더 좋아지고 싶다",
            "norm_text": "요즘 물도 엄청 많이 먹는 거 같고 나름 알로에도 바르는데 ㅠㅜ 더 좋아지고 싶다",
            "speaker": {
              "id": "2번",
              "sex": "남성",
              "age": "20대"
            },
            "speechAct": "(단언) 주장하기",
            "morpheme": "요즘/NNG+물/NNG+도/JX+엄청/MAG+많이/MAG+먹/VV+는/ETM+거/NNB+같/VA+고/EC+나름/NNB+알로에/NNG+도/JX+바르/VA+는데/EC+ㅠㅜ/UNKNOWN+더/MAG+좋/VA+아/EC+지/VX+고/EC+싶/VX+다/EC"
          },
          {
            "id": 16,
            "text": "3 : 일단 잠을 12시 이전에 자면 진짜 금방 달라짐",
            "norm_text": "일단 잠을 12시 이전에 자면 진짜 금방 달라짐",
            "speaker": {
              "id": "3번",
              "sex": "남성",
              "age": "20대"
            },
            "speechAct": "(단언) 주장하기",
            "morpheme": "일단/MAG+잠/NNG+을/JKO+12/SN+시/NNBC+이전/NNG+에/JKB+자/VV+면/EC+진짜/MAG+금방/MAG+달라짐/VV+ETN"
          },
          {
            "id": 17,
            "text": "1 : 그냥 피부과 다니는 게 최고임",
            "norm_text": "그냥 피부과 다니는 게 최고임",
            "speaker": {
              "id": "1번",
              "sex": "여성",
              "age": "20대"
            },
            "speechAct": "(단언) 주장하기",
            "morpheme": "그냥/MAG+피부과/NNG+다니/VV+는/ETM+게/NNB+JKS+최고/NNG+임/VCP+ETN"
          },
          {
            "id": 18,
            "text": "2 : 이미 망했네  키키 피부과 다닐 시간에 메디헤어 돌린다",
            "norm_text": "이미 망했네  키키 피부과 다닐 시간에 메디헤어 돌린다",
            "speaker": {
              "id": "2번",
              "sex": "남성",
              "age": "20대"
            },
            "speechAct": "(단언) 주장하기",
            "morpheme": "이미/MAG+망했/VV+EP+네/EF+키키/NNP+피부과/NNG+다닐/VV+ETM+시간/NNG+에/JKB+메디/NNP+헤어/NNG+돌린다/VV+EC"
          },
          {
            "id": 19,
            "text": "3 : 키키 피부과 비싸고 다닐 때만 효과 있더라 나도 여드름 때문에 죽겠으",
            "norm_text": "키키 피부과 비싸고 다닐 때만 효과 있더라 나도 여드름 때문에 죽겠으",
            "speaker": {
              "id": "3번",
              "sex": "남성",
              "age": "20대"
            },
            "speechAct": "(단언) 주장하기",
            "morpheme": "키/NNG+키/NNG+피부과/NNG+비싸/VA+고/EC+다닐/VV+ETM+때/NNG+만/JX+효과/NNG+있/VA+더라/EF+나/NP+도/JX+여드름/NNG+때문/NNB+에/JKB+죽/VV+겠/EP+으/EC"
          },
          {
            "id": 20,
            "text": "1 : 나 진짜 요즘 앞머리 내렸더니 이마 난리도 아님 거진 돌 박아논 듯",
            "norm_text": "나 진짜 요즘 앞머리 내렸더니 이마 난리도 아님 거진 돌 박아논 듯",
            "speaker": {
              "id": "1번",
              "sex": "여성",
              "age": "20대"
            },
            "speechAct": "(단언) 주장하기",
            "morpheme": "나/NP+진짜/MAG+요즘/NNG+앞머리/NNG+내렸/VV+EP+더니/EC+이마/NNG+난리/NNG+도/JX+아님/VCN+EC+거진/MAG+돌박/NNP+아/JKV+논/VV+ETM+듯/NNB"
          },
          {
            "id": 21,
            "text": "2 : 여름 지났으니까 그래도 땀은 좀 덜 나서 괜찮아지지 않을까?",
            "norm_text": "여름 지났으니까 그래도 땀은 좀 덜 나서 괜찮아지지 않을까?",
            "speaker": {
              "id": "2번",
              "sex": "남성",
              "age": "20대"
            },
            "speechAct": "(단언) 주장하기",
            "morpheme": "여름/NNG+지났/VV+EP+으니까/EC+그래도/VV+EC+땀/NNG+은/JX+좀/MAG+덜/MAG+나/NP+서/JKB+괜찮/VA+아지지/EC+않/VX+을까/EF"
          },
          {
            "id": 22,
            "text": "3 : 아니 근데 피부는 바깥 상황에 따라 좌지우지 되진 않음",
            "norm_text": "아니 근데 피부는 바깥 상황에 따라 좌지우지 되진 않음",
            "speaker": {
              "id": "3번",
              "sex": "남성",
              "age": "20대"
            },
            "speechAct": "(단언) 주장하기",
            "morpheme": "아니/IC+근데/MAJ+피부/NNG+는/JX+바깥/NNG+상황/NNG+에/JKB+따라/VV+EC+좌지우지/NNG+되/XSV+진/EC+JX+않/VX+음/ETN"
          },
          {
            "id": 23,
            "text": "1 : 그래도 마스크 쓰니까 볼따구 피부 더러워지는 건 팩트인 듯",
            "norm_text": "그래도 마스크 쓰니까 볼따구 피부 더러워지는 건 팩트인 듯",
            "speaker": {
              "id": "1번",
              "sex": "여성",
              "age": "20대"
            },
            "speechAct": "(단언) 주장하기",
            "morpheme": "그래도/MAJ+마스크/IC+쓰/VV+니까/EC+볼/VX+ETM+따구/NNG+피부/NNG+더러워지/VV+는/ETM+건/NNB+JX+팩/MAG+트인/VV+ETM+듯/NNB"
          },
          {
            "id": 24,
            "text": "2 : 이상하네 나는 겨울만 되면 피부 괜찮아지던데",
            "norm_text": "이상하네 나는 겨울만 되면 피부 괜찮아지던데",
            "speaker": {
              "id": "2번",
              "sex": "남성",
              "age": "20대"
            },
            "speechAct": "(단언) 주장하기",
            "morpheme": "이상/NNG+하/XSA+네/EF+나/NP+는/JX+겨울/NNG+만/JX+되/VV+면/EC+피부/NNG+괜찮/VA+아/EC+지/VX+던데/EC"
          },
          {
            "id": 25,
            "text": "3 : 그거 약간 기분 탓인 듯 하하",
            "norm_text": "그거 약간 기분 탓인 듯 하하",
            "speaker": {
              "id": "3번",
              "sex": "남성",
              "age": "20대"
            },
            "speechAct": "(단언) 주장하기",
            "morpheme": "그거/NP+약간/MAG+기분/NNG+탓/NNG+인/VCP+ETM+듯/NNB+하/XSA+하/XSA"
          }
        ]
      }
    }
  ]
}