{
  "dataset": {
    "identifier": 72897,
    "name": "KAKAO_899_07_set",
    "src_path": "/data/file/cubeManager/PROJECT001/53/txt202110051528340144106/KAKAO_899_07_set/",
    "label_path": "/data/file/cubeManager/PROJECT001/53/txt202110051528340144106/KAKAO_899_07_set/",
    "category": 2,
    "type": 0
  },
  "licenses": {
    "name": "Apache License 1.0",
    "url": "http://www.apache.org/licenses/LICENSE-1.0"
  },
  "info": [
    {
      "id": 41324,
      "filename": "KAKAO_899_07.txt",
      "title": "KAKAO_899_07",
      "mediatype": "SNS",
      "medianame": "카카오톡",
      "category": "일상대화",
      "date": "2021-10-05",
      "size": 443,
      "annotations": {
        "subject": "가족",
        "speaker_type": "1:1",
        "size": 443,
        "word_size": 153,
        "text": "1 : 지금 가족이랑은 같이 안 사는 거야?\n2 : 그렇지 나는 자취하는 거지 부산에서\n1 : 오 진짜 오빠야 못 본 지 좀 된 듯 키키 놀러 오셈\n2 : 키키 가면 바쁘다 항상 정신없이 있다 간다\n1 : 뭐야 여자친구 생겨서 그런 거 아니야\n2 : 여자친구도 봐야 하고 친구도 보고 가족들이랑도 보내야니깐\n1 : 키키 대구 일정이 바쁘네 정말\n2 : 이이 키키 친구들 일정도 맞추고 해야 하니 바쁘더라고\n1 : 키키 맞아 올 때 한 번에 다 해결해야 하니까\n2 : 글치 키키 그래서 가끔 친구는 못 볼 때도 있다\n1 : 악 키키 뭐 친구야 나중에 또 보면 되지 키키\n2 : 키키 맞다 키키 일단 여자친구가 더 중요하지\n1 : 맞아 키키 친구는 뭐 오라고 하면 되지\n2 : 키키 맞다 키키 니는 뭐 대구에만 있나\n1 : 옹 난 아직 대구에만 키키 나가야 하는데\n2 : 키키 어디로 가고 싶은데?\n2 : 가고 싶은 곳 있나",
        "lines": [
          {
            "id": 1,
            "text": "1 : 지금 가족이랑은 같이 안 사는 거야?",
            "norm_text": "지금 가족이랑은 같이 안 사는 거야?",
            "speaker": {
              "id": "1번",
              "sex": "여성",
              "age": "20대"
            },
            "speechAct": "(지시) 질문하기",
            "morpheme": "지금/MAG+가족/NNG+이랑/JKB+은/JX+같이/MAG+안/MAG+사/VV+는/ETM+거/NNB+야/VCP+EF"
          },
          {
            "id": 2,
            "text": "2 : 그렇지 나는 자취하는 거지 부산에서",
            "norm_text": "그렇지 나는 자취하는 거지 부산에서",
            "speaker": {
              "id": "2번",
              "sex": "남성",
              "age": "20대"
            },
            "speechAct": "(단언) 진술하기",
            "morpheme": "그렇/VA+지/EF+나/NP+는/JX+자취/NNG+하/XSV+는/ETM+거/NNB+지/VCP+EC+부산/NNP+에서/JKB"
          },
          {
            "id": 3,
            "text": "1 : 오 진짜 오빠야 못 본 지 좀 된 듯 키키 놀러 오셈",
            "norm_text": "오 진짜 오빠야 못 본 지 좀 된 듯 키키 놀러 오셈",
            "speaker": {
              "id": "1번",
              "sex": "여성",
              "age": "20대"
            },
            "speechAct": "(단언) 진술하기",
            "morpheme": "오/IC+진짜/MAG+오빠/NNG+야/JX+못/MAG+본/VV+ETM+지/NNB+좀/MAG+된/VV+ETM+듯/NNB+키/NNG+키/XSV+ETN+놀/VV+러/EC+오/NR+셈/NNG"
          },
          {
            "id": 4,
            "text": "2 : 키키 가면 바쁘다 항상 정신없이 있다 간다",
            "norm_text": "키키 가면 바쁘다 항상 정신없이 있다 간다",
            "speaker": {
              "id": "2번",
              "sex": "남성",
              "age": "20대"
            },
            "speechAct": "(단언) 진술하기",
            "morpheme": "키/NNG+키/XSV+ETN+가/VV+면/EC+바쁘/VA+다/EF+항상/MAG+정신없이/MAG+있/VV+다/EC+간다/VX+EC"
          },
          {
            "id": 5,
            "text": "1 : 뭐야 여자친구 생겨서 그런 거 아니야",
            "norm_text": "뭐야 여자친구 생겨서 그런 거 아니야",
            "speaker": {
              "id": "1번",
              "sex": "여성",
              "age": "20대"
            },
            "speechAct": "(지시) 질문하기",
            "morpheme": "뭐/NP+야/VCP+EF+여자/NNG+친구/NNG+생겨서/VV+EC+그런/MM+거/NNB+아니/VCN+야/EC"
          },
          {
            "id": 6,
            "text": "2 : 여자친구도 봐야 하고 친구도 보고 가족들이랑도 보내야니깐",
            "norm_text": "여자친구도 봐야 하고 친구도 보고 가족들이랑도 보내야니깐",
            "speaker": {
              "id": "2번",
              "sex": "남성",
              "age": "20대"
            },
            "speechAct": "(단언) 진술하기",
            "morpheme": "여자/NNG+친구/NNG+도/JX+봐야/VV+EC+하/VV+고/EC+친구/NNG+도/JX+보/VV+고/EC+가족/NNG+들/XSN+이랑/JKB+도/JX+보내/VV+야/EC+VX+니깐/EC"
          },
          {
            "id": 7,
            "text": "1 : 키키 대구 일정이 바쁘네 정말",
            "norm_text": "키키 대구 일정이 바쁘네 정말",
            "speaker": {
              "id": "1번",
              "sex": "여성",
              "age": "20대"
            },
            "speechAct": "(단언) 진술하기",
            "morpheme": "키키/NNP+대구/NNP+일정/NNG+이/JKS+바쁘/VA+네/EF+정말/MAG"
          },
          {
            "id": 8,
            "text": "2 : 이이 키키 친구들 일정도 맞추고 해야 하니 바쁘더라고",
            "norm_text": "이이 키키 친구들 일정도 맞추고 해야 하니 바쁘더라고",
            "speaker": {
              "id": "2번",
              "sex": "남성",
              "age": "20대"
            },
            "speechAct": "(단언) 진술하기",
            "morpheme": "이이/NNP+키키/NNP+친구/NNG+들/XSN+일정/NNG+도/JX+맞추/VV+고/EC+해야/VV+EC+하/VV+니/EC+바쁘/VA+더라고/EC"
          },
          {
            "id": 9,
            "text": "1 : 키키 맞아 올 때 한 번에 다 해결해야 하니까",
            "norm_text": "키키 맞아 올 때 한 번에 다 해결해야 하니까",
            "speaker": {
              "id": "1번",
              "sex": "여성",
              "age": "20대"
            },
            "speechAct": "(단언) 진술하기",
            "morpheme": "키/NNG+키/XSV+ETN+맞/VV+아/EC+올/MM+때/NNG+한번/NNG+에다/JKB+해결/NNG+해야/XSV+EC+하/VV+니까/EC"
          },
          {
            "id": 10,
            "text": "2 : 글치 키키 그래서 가끔 친구는 못 볼 때도 있다",
            "norm_text": "글치 키키 그래서 가끔 친구는 못 볼 때도 있다",
            "speaker": {
              "id": "2번",
              "sex": "남성",
              "age": "20대"
            },
            "speechAct": "(단언) 진술하기",
            "morpheme": "글/NNG+치/XSN+키/NNG+키/XSV+ETN+그래서/MAJ+가끔/MAG+친구/NNG+는/JX+못/MAG+볼/VV+ETM+때/NNG+도/JX+있/VA+다/EC"
          },
          {
            "id": 11,
            "text": "1 : 악 키키 뭐 친구야 나중에 또 보면 되지 키키",
            "norm_text": "악 키키 뭐 친구야 나중에 또 보면 되지 키키",
            "speaker": {
              "id": "1번",
              "sex": "여성",
              "age": "20대"
            },
            "speechAct": "(지시) 충고/제안하기",
            "morpheme": "악/XPN+키/NNG+키/XSV+ETN+뭐/IC+친구/NNG+야/VCP+EF+나중/NNG+에/JKB+또/MAG+보/VV+면/EC+되/VV+지/EC+키/NNG+키/XSV+ETN"
          },
          {
            "id": 12,
            "text": "2 : 키키 맞다 키키 일단 여자친구가 더 중요하지",
            "norm_text": "키키 맞다 키키 일단 여자친구가 더 중요하지",
            "speaker": {
              "id": "2번",
              "sex": "남성",
              "age": "20대"
            },
            "speechAct": "(단언) 주장하기",
            "morpheme": "키/NNG+키/XSV+ETN+맞/VV+다/EC+키/NNG+키/XSV+ETN+일단/MAG+여자/NNG+친구/NNG+가/JKS+더/MAG+중요/NNG+하/XSV+지/EC"
          },
          {
            "id": 13,
            "text": "1 : 맞아 키키 친구는 뭐 오라고 하면 되지",
            "norm_text": "맞아 키키 친구는 뭐 오라고 하면 되지",
            "speaker": {
              "id": "1번",
              "sex": "여성",
              "age": "20대"
            },
            "speechAct": "(단언) 주장하기",
            "morpheme": "맞/VV+아/EC+키/NNG+키/NNG+친구/NNG+는/JX+뭐/IC+오/VV+라고/EC+하/VV+면/EC+되/VV+지/EC"
          },
          {
            "id": 14,
            "text": "2 : 키키 맞다 키키 니는 뭐 대구에만 있나",
            "norm_text": "키키 맞다 키키 니는 뭐 대구에만 있나",
            "speaker": {
              "id": "2번",
              "sex": "남성",
              "age": "20대"
            },
            "speechAct": "(지시) 질문하기",
            "morpheme": "키/NNG+키/XSV+ETN+맞/VV+다/EC+키/NNG+키/XSV+ETN+니/NP+는/JX+뭐/IC+대구/NNP+에/JKB+만/JX+있/VX+나/EC"
          },
          {
            "id": 15,
            "text": "1 : 옹 난 아직 대구에만 키키 나가야 하는데",
            "norm_text": "옹 난 아직 대구에만 키키 나가야 하는데",
            "speaker": {
              "id": "1번",
              "sex": "여성",
              "age": "20대"
            },
            "speechAct": "(단언) 진술하기",
            "morpheme": "옹/NNG+난/NP+JX+아직/MAG+대구/NNP+에/JKB+만/JX+키/NNG+키/XSV+ETN+나가/VV+야/EC+하/VV+는데/EC"
          },
          {
            "id": 16,
            "text": "2 : 키키 어디로 가고 싶은데?",
            "norm_text": "키키 어디로 가고 싶은데?",
            "speaker": {
              "id": "2번",
              "sex": "남성",
              "age": "20대"
            },
            "speechAct": "(지시) 질문하기",
            "morpheme": "키/NNG+키/XSV+ETN+어디/NP+로/JKB+가/VV+고/EC+싶/VX+은데/EF"
          },
          {
            "id": 17,
            "text": "2 : 가고 싶은 곳 있나",
            "norm_text": "가고 싶은 곳 있나",
            "speaker": {
              "id": "2번",
              "sex": "남성",
              "age": "20대"
            },
            "speechAct": "(지시) 질문하기",
            "morpheme": "가/VV+고/EC+싶/VX+은/ETM+곳/NNB+있/VV+나/EC"
          }
        ]
      }
    }
  ]
}