{
  "dataset": {
    "identifier": 63399,
    "name": "KAKAO_911_05_set",
    "src_path": "/data/file/cubeManager/PROJECT001/53/txt202110051541230644101/KAKAO_911_05_set/",
    "label_path": "/data/file/cubeManager/PROJECT001/53/txt202110051541230644101/KAKAO_911_05_set/",
    "category": 2,
    "type": 0
  },
  "licenses": {
    "name": "Apache License 1.0",
    "url": "http://www.apache.org/licenses/LICENSE-1.0"
  },
  "info": [
    {
      "id": 41602,
      "filename": "KAKAO_911_05.txt",
      "title": "KAKAO_911_05",
      "mediatype": "SNS",
      "medianame": "카카오톡",
      "category": "일상대화",
      "date": "2021-10-05",
      "size": 485,
      "annotations": {
        "subject": "군대",
        "speaker_type": "1:1",
        "size": 485,
        "word_size": 158,
        "text": "1 : 군대 해병대로 갔다 그랬었지?\n2 : 응 ㅎ 연평도에서 군생활했다 ㅎ\n1 : 왜 지원한 거야 키키 이유가 있었음?\n2 : 고딩 때 남자 답고 멋있어 보여서 특전사니 UDT니 엄청 검색했었는데 시력 때문에 해병대 지원함 하하\n1 : 일반 육군보다 더 힘든 거 아님?\n2 : 아니다 ㅋ 어차피 군 생활 다 자기가 제일 힘든 거다 키키\n1 : 시력 나쁘면 특전사 이런 건 못 가나 보네?\n2 : 어 ㅎ 기준이 얼마였는지는 기억 안 나는데 전부 시력 때문에 애초에 지원조차 안 했다 ㅜ\n1 : 그때 시력이 얼마였기에 키키\n2 : 그때 0.4정도였나? 더 낮았던가?\n1 : 그러고 보니까 내 친구도 연평도로 군대 간 애 있었는데 키키\n2 : 오 진짜? 몇 기? 키키\n1 : 그건 몰겠고 키키 걍 키키 그때 8개월 만에 휴가 나왔다고 울던 거 기억남\n2 : 헐 키키 울었다고? 왜? 키키\n1 : 너무 오래 박혀있어서 서럽다던데 키키\n2 : 군 생활 할만했나 보네 그런 거 서러워할 여유도 있고 키키",
        "lines": [
          {
            "id": 1,
            "text": "1 : 군대 해병대로 갔다 그랬었지?",
            "norm_text": "군대 해병대로 갔다 그랬었지?",
            "speaker": {
              "id": "1번",
              "sex": "여성",
              "age": "30대"
            },
            "speechAct": "(지시) 질문하기",
            "morpheme": "군대/NNG+해병대/NNG+로/JKB+갔/VV+EP+다/EC+그랬었/VV+EP+지/EF"
          },
          {
            "id": 2,
            "text": "2 : 응 ㅎ 연평도에서 군생활했다 ㅎ",
            "norm_text": "응 ㅎ 연평도에서 군생활했다 ㅎ",
            "speaker": {
              "id": "2번",
              "sex": "남성",
              "age": "30대"
            },
            "speechAct": "(단언) 진술하기",
            "morpheme": "응/XR+ㅎ/XSA+연평도/NNP+에서/JKB+군/NNG+생활/NNG+했/XSV+EP+다/EF+ㅎ/XSA"
          },
          {
            "id": 3,
            "text": "1 : 왜 지원한 거야 키키 이유가 있었음?",
            "norm_text": "왜 지원한 거야 키키 이유가 있었음?",
            "speaker": {
              "id": "1번",
              "sex": "여성",
              "age": "30대"
            },
            "speechAct": "(지시) 질문하기",
            "morpheme": "왜/MAG+지원/NNG+한/XSA+ETM+거/NNB+야/VCP+EF+키키/NNP+이유/NNG+가/JKS+있/VA+었/EP+음/ETN"
          },
          {
            "id": 4,
            "text": "2 : 고딩 때 남자 답고 멋있어 보여서 특전사니 UDT니 엄청 검색했었는데 시력 때문에 해병대 지원함 하하",
            "norm_text": "고딩 때 남자 답고 멋있어 보여서 특전사니 UDT니 엄청 검색했었는데 시력 때문에 해병대 지원함 하하",
            "speaker": {
              "id": "2번",
              "sex": "남성",
              "age": "30대"
            },
            "speechAct": "(단언) 진술하기",
            "morpheme": "고딩/NNP+때/NNG+남자/NNG+답/XSA+고/EC+멋있/VA+어/EC+보여서/VV+EC+특전/NNG+사니/NNG+UDT/SL+니/VCP+EC+엄청/MAG+검색/NNG+했었/XSV+EP+는데/EC+시력/NNG+때문/NNB+에/JKB+해병대/NNG+지원/NNG+함하/NNG+하/XSV"
          },
          {
            "id": 5,
            "text": "1 : 일반 육군보다 더 힘든 거 아님?",
            "norm_text": "일반 육군보다 더 힘든 거 아님?",
            "speaker": {
              "id": "1번",
              "sex": "여성",
              "age": "30대"
            },
            "speechAct": "(지시) 질문하기",
            "morpheme": "일반/NNG+육군/NNG+보다/JKB+더/MAG+힘든/VA+ETM+거/NNB+아님/VCN+ETN"
          },
          {
            "id": 6,
            "text": "2 : 아니다 ㅋ 어차피 군 생활 다 자기가 제일 힘든 거다 키키",
            "norm_text": "아니다 ㅋ 어차피 군 생활 다 자기가 제일 힘든 거다 키키",
            "speaker": {
              "id": "2번",
              "sex": "남성",
              "age": "30대"
            },
            "speechAct": "(단언) 주장하기",
            "morpheme": "아니/IC+다ㅋ/UNKNOWN+어차피/MAG+군/NNG+생활/NNG+다/MAG+자기/NP+가/JKS+제일/MAG+힘든/VA+ETM+거/NNB+다키키/NNP"
          },
          {
            "id": 7,
            "text": "1 : 시력 나쁘면 특전사 이런 건 못 가나 보네?",
            "norm_text": "시력 나쁘면 특전사 이런 건 못 가나 보네?",
            "speaker": {
              "id": "1번",
              "sex": "여성",
              "age": "30대"
            },
            "speechAct": "(지시) 질문하기",
            "morpheme": "시력/NNG+나쁘/VA+면/EC+특전/NNG+사/VV+EC+이런/MM+건/NNB+JX+못/MAG+가/VV+나/EC+보/VX+네/EF"
          },
          {
            "id": 8,
            "text": "2 : 어 ㅎ 기준이 얼마였는지는 기억 안 나는데 전부 시력 때문에 애초에 지원조차 안 했다 ㅜ",
            "norm_text": "어 ㅎ 기준이 얼마였는지는 기억 안 나는데 전부 시력 때문에 애초에 지원조차 안 했다 ㅜ",
            "speaker": {
              "id": "2번",
              "sex": "남성",
              "age": "30대"
            },
            "speechAct": "(단언) 진술하기",
            "morpheme": "어/XR+ㅎ/XSA+기준/NNG+이/JKS+얼마/NNG+였/VCP+EP+는지/EC+는/JX+기억/NNG+안/MAG+나/VV+는데/EC+전부/MAG+시력/NNG+때문/NNB+에/JKB+애초/NNG+에/JKB+지원/NNG+조차/JX+안/MAG+했/VV+EP+다ㅜ/UNKNOWN"
          },
          {
            "id": 9,
            "text": "1 : 그때 시력이 얼마였기에 키키",
            "norm_text": "그때 시력이 얼마였기에 키키",
            "speaker": {
              "id": "1번",
              "sex": "여성",
              "age": "30대"
            },
            "speechAct": "(지시) 질문하기",
            "morpheme": "그때/NNG+시력/NNG+이/JKS+얼마/NNG+였/VCP+EP+기/ETN+에/JKB+키/NNG+키/XSV+ETN"
          },
          {
            "id": 10,
            "text": "2 : 그때 0.4정도였나? 더 낮았던가?",
            "norm_text": "그때 0.4정도였나? 더 낮았던가?",
            "speaker": {
              "id": "2번",
              "sex": "남성",
              "age": "30대"
            },
            "speechAct": "(단언) 진술하기",
            "morpheme": "그때/NNG+0/SN+./SY+4/SN+정도/NNG+였/VCP+EP+나/EF+더/MAG+낮/VA+았/EP+던가/EF"
          },
          {
            "id": 11,
            "text": "1 : 그러고 보니까 내 친구도 연평도로 군대 간 애 있었는데 키키",
            "norm_text": "그러고 보니까 내 친구도 연평도로 군대 간 애 있었는데 키키",
            "speaker": {
              "id": "1번",
              "sex": "여성",
              "age": "30대"
            },
            "speechAct": "(단언) 진술하기",
            "morpheme": "그러/VV+고/EC+보/VX+니까/EC+내/NP+JKG+친구/NNG+도/JX+연평도/NNP+로/JKB+군대/NNG+간/NNB+애/NNG+있/VV+었/EP+는데/EC+키/NNG+키/XSV+ETN"
          },
          {
            "id": 12,
            "text": "2 : 오 진짜? 몇 기? 키키",
            "norm_text": "오 진짜? 몇 기? 키키",
            "speaker": {
              "id": "2번",
              "sex": "남성",
              "age": "30대"
            },
            "speechAct": "(지시) 질문하기",
            "morpheme": "오/IC+진짜/MAG+몇/MM+기/ETN+키/NNG+키/XSV+ETN"
          },
          {
            "id": 13,
            "text": "1 : 그건 몰겠고 키키 걍 키키 그때 8개월 만에 휴가 나왔다고 울던 거 기억남",
            "norm_text": "그건 몰겠고 키키 걍 키키 그때 8개월 만에 휴가 나왔다고 울던 거 기억남",
            "speaker": {
              "id": "1번",
              "sex": "여성",
              "age": "30대"
            },
            "speechAct": "(단언) 진술하기",
            "morpheme": "그건/NP+JX+몰/VV+겠/EP+고/EC+키/NNG+키/XSV+ETN+걍키/UNKNOWN+키/NNG+그때/NNG+8/SN+개월/NNBC+만/NNB+에/JKB+휴가/NNG+나왔/VV+EP+다고/EC+울/VV+던/ETM+거/NNB+기억/NNG+남/NNG"
          },
          {
            "id": 14,
            "text": "2 : 헐 키키 울었다고? 왜? 키키",
            "norm_text": "헐 키키 울었다고? 왜? 키키",
            "speaker": {
              "id": "2번",
              "sex": "남성",
              "age": "30대"
            },
            "speechAct": "(지시) 질문하기",
            "morpheme": "헐/IC+키/NNG+키/XSV+ETN+울/VV+었/EP+다고/EF+왜/MAG+키/NNG+키/XSV+ETN"
          },
          {
            "id": 15,
            "text": "1 : 너무 오래 박혀있어서 서럽다던데 키키",
            "norm_text": "너무 오래 박혀있어서 서럽다던데 키키",
            "speaker": {
              "id": "1번",
              "sex": "여성",
              "age": "30대"
            },
            "speechAct": "(단언) 진술하기",
            "morpheme": "너무/MAG+오래/MAG+박혀/VV+EC+있/VX+어서/EC+서럽/VA+다던데/EC+키/NNG+키/XSV+ETN"
          },
          {
            "id": 16,
            "text": "2 : 군 생활 할만했나 보네 그런 거 서러워할 여유도 있고 키키",
            "norm_text": "군 생활 할만했나 보네 그런 거 서러워할 여유도 있고 키키",
            "speaker": {
              "id": "2번",
              "sex": "남성",
              "age": "30대"
            },
            "speechAct": "(단언) 주장하기",
            "morpheme": "군/NNG+생활/NNG+할/XSV+ETM+만/NNB+했/XSA+EP+나/EC+보/VX+네/EF+그런/MM+거/NNB+서러워할/VA+EC+VX+ETM+여유/NNG+도/JX+있/VA+고/EC+키/NNG+키/XSV+ETN"
          }
        ]
      }
    }
  ]
}