{
  "dataset": {
    "identifier": 63615,
    "name": "KAKAO_907_02_set",
    "src_path": "/data/file/cubeManager/PROJECT001/53/txt20211005154856064282/KAKAO_907_02_set/",
    "label_path": "/data/file/cubeManager/PROJECT001/53/txt20211005154856064282/KAKAO_907_02_set/",
    "category": 2,
    "type": 0
  },
  "licenses": {
    "name": "Apache License 1.0",
    "url": "http://www.apache.org/licenses/LICENSE-1.0"
  },
  "info": [
    {
      "id": 41719,
      "filename": "KAKAO_907_02.txt",
      "title": "KAKAO_907_02",
      "mediatype": "SNS",
      "medianame": "카카오톡",
      "category": "일상대화",
      "date": "2021-10-05",
      "size": 590,
      "annotations": {
        "subject": "주거와 생활",
        "speaker_type": "1:1",
        "size": 590,
        "word_size": 199,
        "text": "1 : 니 오늘의 집 어플 써봤음?\n2 : 한번도 안 써봤는데?\n2 : 근데 갑자기 왜?\n1 : 나 친구 집들이 선물 살라는데 주변에서 거기 이쁜 거 많다길래\n2 : 나도 들어보긴 했음.\n2 : 근데 실제로 써본 적은 없네 ㅜ\n1 : 거기 상품도 많고 다른 사람들이 어떻게 인테리어하고 사는지도 볼 수 있대\n2 : 오 그럼 그런 거 보면서 상품 정보도 알 수 있는 거가?\n1 : 응응 그런 게 유명한 이유인 거 같은데?\n1 : 살짝 들어가 봤는데 진짜 좋은 거 많더라고\n2 : 오... 나 마침 방에 간접 조명 같은 거 사고 싶은데 한번 볼까?\n1 : 가격도 생각보다 안 비싸더라.\n1 : 그리고 어떤 건 당일 배송해줌\n2 : 와 거의 쿠팡이네?\n2 : 바로 설치해서 구경해야겠다\n1 : 친구 초대하면 둘 다 할인 쿠폰 준다는데 회원 가입할 때 내 아이디 넣어줘\n2 : ㅇㅋㅇㅋ 그럼 간접 조명이랑 좀 두꺼운 이불도 괜찮은 거 있는지 봐야지\n1 : 나도 친구 간접 조명 줄까나\n1 : 조명 있으면 집 분위기 확 살잖아\n2 : 그치 그치 같이 보자 나도 어차피 사야 하니까\n1 : 그럼 내가 미리 보고 있을게\n1 : 내 아이디도 알려줄게 ^^\n2 : 쿠폰 발급 완료~ 이제 같이 보자 뭐 있는지!",
        "lines": [
          {
            "id": 1,
            "text": "1 : 니 오늘의 집 어플 써봤음?",
            "norm_text": "니 오늘의 집 어플 써봤음?",
            "speaker": {
              "id": "1번",
              "sex": "여성",
              "age": "20대"
            },
            "speechAct": "(지시) 질문하기",
            "morpheme": "니/MM+오늘/NNG+의/JKG+집/VV+어/EC+플/VX+ETM+써/VV+EC+봤/VX+EP+음/ETN"
          },
          {
            "id": 2,
            "text": "2 : 한번도 안 써봤는데?",
            "norm_text": "한번도 안 써봤는데?",
            "speaker": {
              "id": "2번",
              "sex": "여성",
              "age": "20대"
            },
            "speechAct": "(단언) 진술하기",
            "morpheme": "한/MM+번/NNBC+도/JX+안/MAG+써/VV+EC+봤/VX+EP+는데/EF"
          },
          {
            "id": 3,
            "text": "2 : 근데 갑자기 왜?",
            "norm_text": "근데 갑자기 왜?",
            "speaker": {
              "id": "2번",
              "sex": "여성",
              "age": "20대"
            },
            "speechAct": "(지시) 질문하기",
            "morpheme": "근데/MAJ+갑자기/MAG+왜/MAG"
          },
          {
            "id": 4,
            "text": "1 : 나 친구 집들이 선물 살라는데 주변에서 거기 이쁜 거 많다길래",
            "norm_text": "나 친구 집들이 선물 살라는데 주변에서 거기 이쁜 거 많다길래",
            "speaker": {
              "id": "1번",
              "sex": "여성",
              "age": "20대"
            },
            "speechAct": "(단언) 주장하기",
            "morpheme": "나/NP+친구/NNG+집들이/NNG+선물/NNG+살/VV+라는데/EC+주변/NNG+에서/JKB+거기/NP+이쁜/VA+ETM+거/NNB+많/VA+다길래/EC"
          },
          {
            "id": 5,
            "text": "2 : 나도 들어보긴 했음.",
            "norm_text": "나도 들어보긴 했음.",
            "speaker": {
              "id": "2번",
              "sex": "여성",
              "age": "20대"
            },
            "speechAct": "(단언) 주장하기",
            "morpheme": "나/NP+도/JX+들/VV+어/EC+보/VX+긴/ETN+JX+했/VX+EP+음/ETN"
          },
          {
            "id": 6,
            "text": "2 : 근데 실제로 써본 적은 없네 ㅜ",
            "norm_text": "근데 실제로 써본 적은 없네 ㅜ",
            "speaker": {
              "id": "2번",
              "sex": "여성",
              "age": "20대"
            },
            "speechAct": "(단언) 진술하기",
            "morpheme": "근데/MAJ+실제로/MAG+써본/VV+EC+VX+ETM+적/NNB+은/JX+없/VA+네/EF+ㅜ/UNKNOWN"
          },
          {
            "id": 7,
            "text": "1 : 거기 상품도 많고 다른 사람들이 어떻게 인테리어하고 사는지도 볼 수 있대",
            "norm_text": "거기 상품도 많고 다른 사람들이 어떻게 인테리어하고 사는지도 볼 수 있대",
            "speaker": {
              "id": "1번",
              "sex": "여성",
              "age": "20대"
            },
            "speechAct": "(단언) 주장하기",
            "morpheme": "거기/NP+상품/NNG+도/JX+많/VA+고/EC+다른/MM+사람/NNG+들/XSN+이/JKS+어떻게/MAG+인테리어/NNG+하/XSV+고/EC+사/VV+는지/EC+도/JX+볼/VV+ETM+수/NNB+있/VV+대/EC"
          },
          {
            "id": 8,
            "text": "2 : 오 그럼 그런 거 보면서 상품 정보도 알 수 있는 거가?",
            "norm_text": "오 그럼 그런 거 보면서 상품 정보도 알 수 있는 거가?",
            "speaker": {
              "id": "2번",
              "sex": "여성",
              "age": "20대"
            },
            "speechAct": "(지시) 질문하기",
            "morpheme": "오/IC+그럼/MAJ+그런/MM+거/NNB+보/VV+면서/EC+상품/NNG+정보/NNG+도/JX+알/VV+ETM+수/NNB+있/VV+는/ETM+거/NNB+가/JKS"
          },
          {
            "id": 9,
            "text": "1 : 응응 그런 게 유명한 이유인 거 같은데?",
            "norm_text": "응응 그런 게 유명한 이유인 거 같은데?",
            "speaker": {
              "id": "1번",
              "sex": "여성",
              "age": "20대"
            },
            "speechAct": "(단언) 주장하기",
            "morpheme": "응/IC+응/IC+그런/MM+게/NNB+JKS+유명/NNG+한/XSA+ETM+이유/NNG+인/VCP+ETM+거/NNB+같/VA+은데/EF"
          },
          {
            "id": 10,
            "text": "1 : 살짝 들어가 봤는데 진짜 좋은 거 많더라고",
            "norm_text": "살짝 들어가 봤는데 진짜 좋은 거 많더라고",
            "speaker": {
              "id": "1번",
              "sex": "여성",
              "age": "20대"
            },
            "speechAct": "(단언) 주장하기",
            "morpheme": "살짝/MAG+들어가/VV+EC+봤/VX+EP+는데/EC+진짜/MAG+좋/VA+은/ETM+거/NNB+많/VA+더라고/EC"
          },
          {
            "id": 11,
            "text": "2 : 오... 나 마침 방에 간접 조명 같은 거 사고 싶은데 한번 볼까?",
            "norm_text": "오... 나 마침 방에 간접 조명 같은 거 사고 싶은데 한번 볼까?",
            "speaker": {
              "id": "2번",
              "sex": "여성",
              "age": "20대"
            },
            "speechAct": "(단언) 주장하기",
            "morpheme": "오/IC+./SY+./SY+나마/JX+침방/NNG+에/JKB+간접/NNG+조명/NNG+같/VA+은/ETM+거/NNB+사/VV+고/EC+싶/VX+은데/EC+한/MM+번/NNBC+볼까/VV+EF"
          },
          {
            "id": 12,
            "text": "1 : 가격도 생각보다 안 비싸더라.",
            "norm_text": "가격도 생각보다 안 비싸더라.",
            "speaker": {
              "id": "1번",
              "sex": "여성",
              "age": "20대"
            },
            "speechAct": "(단언) 주장하기",
            "morpheme": "가격/NNG+도/JX+생각/NNG+보다/JKB+안/MAG+비싸/VA+더라/EF"
          },
          {
            "id": 13,
            "text": "1 : 그리고 어떤 건 당일 배송해줌",
            "norm_text": "그리고 어떤 건 당일 배송해줌",
            "speaker": {
              "id": "1번",
              "sex": "여성",
              "age": "20대"
            },
            "speechAct": "(단언) 주장하기",
            "morpheme": "그리고/MAJ+어떤/MM+건/NNB+JX+당일/NNG+배송/NNG+해줌/XSV+EC+VX+ETN"
          },
          {
            "id": 14,
            "text": "2 : 와 거의 쿠팡이네?",
            "norm_text": "와 거의 쿠팡이네?",
            "speaker": {
              "id": "2번",
              "sex": "여성",
              "age": "20대"
            },
            "speechAct": "(단언) 주장하기",
            "morpheme": "와거/NNG+의/JKG+쿠팡/NNP+이/VCP+네/EF"
          },
          {
            "id": 15,
            "text": "2 : 바로 설치해서 구경해야겠다",
            "norm_text": "바로 설치해서 구경해야겠다",
            "speaker": {
              "id": "2번",
              "sex": "여성",
              "age": "20대"
            },
            "speechAct": "(단언) 주장하기",
            "morpheme": "바로/MAG+설치/NNG+해서/XSV+EC+구경/NNG+해야/XSV+EC+VX+겠/EP+다/EC"
          },
          {
            "id": 16,
            "text": "1 : 친구 초대하면 둘 다 할인 쿠폰 준다는데 회원 가입할 때 내 아이디 넣어줘",
            "norm_text": "친구 초대하면 둘 다 할인 쿠폰 준다는데 회원 가입할 때 내 아이디 넣어줘",
            "speaker": {
              "id": "1번",
              "sex": "여성",
              "age": "20대"
            },
            "speechAct": "(단언) 주장하기",
            "morpheme": "친구/NNG+초대/NNG+하/XSV+면/EC+둘/VX+ETM+다/MAG+할인/NNG+쿠폰/NNG+준다는데/VV+EC+회원/NNG+가입/NNG+할/XSV+ETM+때/NNG+내/NNB+아이디/NNG+넣/VV+어/EC+줘/VX+EC"
          },
          {
            "id": 17,
            "text": "2 : ㅇㅋㅇㅋ 그럼 간접 조명이랑 좀 두꺼운 이불도 괜찮은 거 있는지 봐야지",
            "norm_text": "ㅇㅋㅇㅋ 그럼 간접 조명이랑 좀 두꺼운 이불도 괜찮은 거 있는지 봐야지",
            "speaker": {
              "id": "2번",
              "sex": "여성",
              "age": "20대"
            },
            "speechAct": "(단언) 주장하기",
            "morpheme": "ㅇㅋ/UNKNOWN+ㅇㅋ/UNKNOWN+그럼/MAJ+간접/NNG+조명/NNG+이랑/JKB+좀/MAG+두꺼운/VA+ETM+이불/NNG+도/JX+괜찮/VA+은/ETM+거/NNB+있/VA+는지/EC+봐야/VX+EC+VV+지/EC"
          },
          {
            "id": 18,
            "text": "1 : 나도 친구 간접 조명 줄까나",
            "norm_text": "나도 친구 간접 조명 줄까나",
            "speaker": {
              "id": "1번",
              "sex": "여성",
              "age": "20대"
            },
            "speechAct": "(단언) 주장하기",
            "morpheme": "나/NP+도/JX+친구/NNG+간접/NNG+조명/NNG+줄까/VV+EC+나/VX"
          },
          {
            "id": 19,
            "text": "1 : 조명 있으면 집 분위기 확 살잖아",
            "norm_text": "조명 있으면 집 분위기 확 살잖아",
            "speaker": {
              "id": "1번",
              "sex": "여성",
              "age": "20대"
            },
            "speechAct": "(단언) 주장하기",
            "morpheme": "조명/NNG+있/VV+으면/EC+집/NNG+분위기/NNG+확/MAG+살/VV+잖아/EC"
          },
          {
            "id": 20,
            "text": "2 : 그치 그치 같이 보자 나도 어차피 사야 하니까",
            "norm_text": "그치 그치 같이 보자 나도 어차피 사야 하니까",
            "speaker": {
              "id": "2번",
              "sex": "여성",
              "age": "20대"
            },
            "speechAct": "(단언) 주장하기",
            "morpheme": "그치/IC+그치/IC+같이/MAG+보/VV+자/EC+나/NP+도/JX+어차피/MAG+사야/NNG+하/XSV+니까/EC"
          },
          {
            "id": 21,
            "text": "1 : 그럼 내가 미리 보고 있을게",
            "norm_text": "그럼 내가 미리 보고 있을게",
            "speaker": {
              "id": "1번",
              "sex": "여성",
              "age": "20대"
            },
            "speechAct": "(단언) 주장하기",
            "morpheme": "그럼/MAJ+내/NP+가/JKS+미리/MAG+보/VV+고/EC+있/VX+을/ETM+게/NNB+JKS"
          },
          {
            "id": 22,
            "text": "1 : 내 아이디도 알려줄게 ^^",
            "norm_text": "내 아이디도 알려줄게 ^^",
            "speaker": {
              "id": "1번",
              "sex": "여성",
              "age": "20대"
            },
            "speechAct": "(단언) 주장하기",
            "morpheme": "내/NP+JKG+아이디/NNG+도/JX+알려/VV+EC+줄/VX+ETM+게/NNB+JKS+^/SY+^/SY"
          },
          {
            "id": 23,
            "text": "2 : 쿠폰 발급 완료~ 이제 같이 보자 뭐 있는지!",
            "norm_text": "쿠폰 발급 완료~ 이제 같이 보자 뭐 있는지!",
            "speaker": {
              "id": "2번",
              "sex": "여성",
              "age": "20대"
            },
            "speechAct": "(단언) 주장하기",
            "morpheme": "쿠폰/NNG+발급/NNG+완료/NNG+~/SY+이제/MAG+같이/MAG+보/VV+자/EF+뭐/IC+있/VA+는지/EF"
          }
        ]
      }
    }
  ]
}