{
  "dataset": {
    "identifier": 34116,
    "name": "KAKAO_903_15_set",
    "src_path": "/data/file/cubeManager/PROJECT001/53/txt20211005095751075779/KAKAO_903_15_set/",
    "label_path": "/data/file/cubeManager/PROJECT001/53/txt20211005095751075779/KAKAO_903_15_set/",
    "category": 2,
    "type": 0
  },
  "licenses": {
    "name": "Apache License 1.0",
    "url": "http://www.apache.org/licenses/LICENSE-1.0"
  },
  "info": [
    {
      "id": 40794,
      "filename": "KAKAO_903_15.txt",
      "title": "KAKAO_903_15",
      "mediatype": "SNS",
      "medianame": "카카오톡",
      "category": "일상대화",
      "date": "2021-10-05",
      "size": 580,
      "annotations": {
        "subject": "타 국가 이슈",
        "speaker_type": "1:1",
        "size": 580,
        "word_size": 170,
        "text": "1 : 안돼 생각해보니까 너 출마해서 국회의원이라도 돼봐. 그럼 우리나라 외교 싹 무너짐\n2 : 혹시 몰라 내가 외교에 능통할지도 몰랐던 재능을 찾을 수도 있잖아\n1 : 아니 우선 외교관들 얼굴 보고 도망갈 듯\n2 : 너가 몰라서 그러는데 나 해외에서 통하는 얼굴이야 해외 갔을때 이쁘다고 그랬어\n1 : 아 인도? 졸업사진 보면 인도는 킹정하지\n2 : 인도는 내 고향이고 거긴 말할 것도 없지\n1 : 엥 너 인도 사람이야?\n2 : 응응 나 사실 외국인이야^^\n2 : 고등학교도 특례로 들어왔잖아\n1 : 아 진짜\u003e 왠지 한국어가 많이 서툴더라\n2 : 응 열심히 배우고 있는데 쉽지 않네 한국어 어려워 ㅠ\n1 : 그렇다고 폭력을 쓰면 안돼 친구야...\n1 : 넌 아무리 생각해도 국회는 안되겠다... 외교관들이랑 대화하다가 주먹 올라갈 듯\n2 : 외교관들에게 통하는 무언가가 있을 거야 잘 연마해서 우리나라 발전에 이바지 해볼게\n1 : 아니야 그냥 포기해... 국제 관계는 다른 사람에게 넘기자...\n2 : 그래 국제 관계는 쿨하게 넘기자 대신 국제 연애로 바꿀래\n1 : 이러니 남자친구가 버텨? 나라도 도망가지...\n2 : 아직 도망 안 갔다니까 이번에 잘 버티고 있어",
        "lines": [
          {
            "id": 1,
            "text": "1 : 안돼 생각해보니까 너 출마해서 국회의원이라도 돼봐. 그럼 우리나라 외교 싹 무너짐",
            "norm_text": "안돼 생각해보니까 너 출마해서 국회의원이라도 돼봐. 그럼 우리나라 외교 싹 무너짐",
            "speaker": {
              "id": "1번",
              "sex": "여성",
              "age": "20대"
            },
            "speechAct": "(단언) 주장하기",
            "morpheme": "안/MAG+돼/VV+EC+생각/NNG+해/XSV+EC+보/VX+니까/EC+너/NP+출마/NNG+해서/XSV+EC+국회의원/NNG+이/VCP+라도/EC+돼/VV+EC+봐/VX+EF+그럼/MAJ+우리/NP+나라/NNG+외교/NNG+싹/MAG+무너짐/VV+ETN"
          },
          {
            "id": 2,
            "text": "2 : 혹시 몰라 내가 외교에 능통할지도 몰랐던 재능을 찾을 수도 있잖아",
            "norm_text": "혹시 몰라 내가 외교에 능통할지도 몰랐던 재능을 찾을 수도 있잖아",
            "speaker": {
              "id": "2번",
              "sex": "여성",
              "age": "20대"
            },
            "speechAct": "(단언) 주장하기",
            "morpheme": "혹시/MAG+몰라/VV+EF+내/NP+가/JKS+외교/NNG+에/JKB+능통/XR+할지/XSA+EC+도/JX+몰랐/VV+EP+던/ETM+재능/NNG+을/JKO+찾/VV+을/ETM+수/NNB+도/JX+있/VA+잖아/EC"
          },
          {
            "id": 3,
            "text": "1 : 아니 우선 외교관들 얼굴 보고 도망갈 듯",
            "norm_text": "아니 우선 외교관들 얼굴 보고 도망갈 듯",
            "speaker": {
              "id": "1번",
              "sex": "여성",
              "age": "20대"
            },
            "speechAct": "(단언) 주장하기",
            "morpheme": "아니/IC+우선/MAG+외교관/NNG+들/XSN+얼굴/NNG+보/VV+고/EC+도망갈/VV+ETM+듯/NNB"
          },
          {
            "id": 4,
            "text": "2 : 너가 몰라서 그러는데 나 해외에서 통하는 얼굴이야 해외 갔을때 이쁘다고 그랬어",
            "norm_text": "너가 몰라서 그러는데 나 해외에서 통하는 얼굴이야 해외 갔을때 이쁘다고 그랬어",
            "speaker": {
              "id": "2번",
              "sex": "여성",
              "age": "20대"
            },
            "speechAct": "(단언) 주장하기",
            "morpheme": "너/NP+가/JKS+몰라서/VV+EC+그러/VV+는/ETM+데/NNB+나/JC+해외/NNG+에서/JKB+통하/VV+는/ETM+얼굴/NNG+이/VCP+야/EC+해외/NNG+갔/VV+EP+을/ETM+때/NNG+이쁘/VA+다고/EC+그랬/VV+EP+어/EC"
          },
          {
            "id": 5,
            "text": "1 : 아 인도? 졸업사진 보면 인도는 킹정하지",
            "norm_text": "아 인도? 졸업사진 보면 인도는 킹정하지",
            "speaker": {
              "id": "1번",
              "sex": "여성",
              "age": "20대"
            },
            "speechAct": "(단언) 주장하기",
            "morpheme": "아/IC+인도/NNP+?/SY+졸업/NNG+사진/NNG+보/VV+면/EC+인도/NNP+는/JX+킹/MAG+정하/VV+지/EC"
          },
          {
            "id": 6,
            "text": "2 : 인도는 내 고향이고 거긴 말할 것도 없지",
            "norm_text": "인도는 내 고향이고 거긴 말할 것도 없지",
            "speaker": {
              "id": "2번",
              "sex": "여성",
              "age": "20대"
            },
            "speechAct": "(단언) 주장하기",
            "morpheme": "인도/NNP+는/JX+내/NP+JKG+고향/NNG+이/VCP+고/EC+거긴/NP+JX+말/NNG+할/XSV+ETM+것/NNB+도/JX+없/VA+지/EC"
          },
          {
            "id": 7,
            "text": "1 : 엥 너 인도 사람이야?",
            "norm_text": "엥 너 인도 사람이야?",
            "speaker": {
              "id": "1번",
              "sex": "여성",
              "age": "20대"
            },
            "speechAct": "(지시) 질문하기",
            "morpheme": "엥/IC+너/NP+인도/NNP+사람/NNG+이/VCP+야/EF"
          },
          {
            "id": 8,
            "text": "2 : 응응 나 사실 외국인이야^^",
            "norm_text": "응응 나 사실 외국인이야^^",
            "speaker": {
              "id": "2번",
              "sex": "여성",
              "age": "20대"
            },
            "speechAct": "(단언) 진술하기",
            "morpheme": "응/IC+응/IC+나/NP+사실/MAG+외국인/NNG+이/VCP+야/EC+^/SY+^/SY"
          },
          {
            "id": 9,
            "text": "2 : 고등학교도 특례로 들어왔잖아",
            "norm_text": "고등학교도 특례로 들어왔잖아",
            "speaker": {
              "id": "2번",
              "sex": "여성",
              "age": "20대"
            },
            "speechAct": "(단언) 진술하기",
            "morpheme": "고등/NNG+학교/NNG+도/JX+특례/NNG+로/JKB+들어왔/VV+EP+잖아/EC"
          },
          {
            "id": 10,
            "text": "1 : 아 진짜\u003e 왠지 한국어가 많이 서툴더라",
            "norm_text": "아 진짜\u003e 왠지 한국어가 많이 서툴더라",
            "speaker": {
              "id": "1번",
              "sex": "여성",
              "age": "20대"
            },
            "speechAct": "(단언) 주장하기",
            "morpheme": "아/IC+진짜/MAG+\u003e/SY+왠지/MAG+한국어/NNG+가/JKS+많이/MAG+서툴/VA+더라/EC"
          },
          {
            "id": 11,
            "text": "2 : 응 열심히 배우고 있는데 쉽지 않네 한국어 어려워 ㅠ",
            "norm_text": "응 열심히 배우고 있는데 쉽지 않네 한국어 어려워 ㅠ",
            "speaker": {
              "id": "2번",
              "sex": "여성",
              "age": "20대"
            },
            "speechAct": "(단언) 주장하기",
            "morpheme": "응/IC+열심히/MAG+배우/VV+고/EC+있/VX+는/ETM+데/NNB+쉽/VA+지/EC+않/VX+네/EF+한국어/NNG+어려워/VA+EC+ㅠ/UNKNOWN"
          },
          {
            "id": 12,
            "text": "1 : 그렇다고 폭력을 쓰면 안돼 친구야...",
            "norm_text": "그렇다고 폭력을 쓰면 안돼 친구야...",
            "speaker": {
              "id": "1번",
              "sex": "여성",
              "age": "20대"
            },
            "speechAct": "(지시) 충고/제안하기",
            "morpheme": "그렇/VA+다고/EC+폭력/NNG+을/JKO+쓰/VV+면/EC+안/MAG+돼/VV+EC+친구/NNG+야/VCP+EF+./SY"
          },
          {
            "id": 13,
            "text": "1 : 넌 아무리 생각해도 국회는 안되겠다... 외교관들이랑 대화하다가 주먹 올라갈 듯",
            "norm_text": "넌 아무리 생각해도 국회는 안되겠다... 외교관들이랑 대화하다가 주먹 올라갈 듯",
            "speaker": {
              "id": "1번",
              "sex": "여성",
              "age": "20대"
            },
            "speechAct": "(단언) 주장하기",
            "morpheme": "넌/NP+JX+아무리/MAG+생각/NNG+해도/XSV+EC+국회/NNG+는/JX+안/MAG+되/VV+겠/EP+다/EF+./SY+외교관/NNG+들/XSN+이랑/JKB+대화/NNG+하/XSV+다가/EC+주먹/NNG+올라갈/VV+ETM+듯/NNB"
          },
          {
            "id": 14,
            "text": "2 : 외교관들에게 통하는 무언가가 있을 거야 잘 연마해서 우리나라 발전에 이바지 해볼게",
            "norm_text": "외교관들에게 통하는 무언가가 있을 거야 잘 연마해서 우리나라 발전에 이바지 해볼게",
            "speaker": {
              "id": "2번",
              "sex": "여성",
              "age": "20대"
            },
            "speechAct": "(단언) 주장하기",
            "morpheme": "외교관/NNG+들/XSN+에게/JKB+통하/VV+는/ETM+무언가/NP+VCP+EC+가/JX+있/VX+을/ETM+거/NNB+야/VCP+EF+잘/MAG+연마/NNG+해서/XSV+EC+우리/NP+나라/NNG+발전/NNG+에/JKB+이바지/NNG+해/XSV+EC+볼/VX+게/EC"
          },
          {
            "id": 15,
            "text": "1 : 아니야 그냥 포기해... 국제 관계는 다른 사람에게 넘기자...",
            "norm_text": "아니야 그냥 포기해... 국제 관계는 다른 사람에게 넘기자...",
            "speaker": {
              "id": "1번",
              "sex": "여성",
              "age": "20대"
            },
            "speechAct": "(지시) 충고/제안하기",
            "morpheme": "아니야/IC+그냥/MAG+포기/NNG+해/XSV+EF+./SY+국제/NNG+관계/NNG+는/JX+다른/MM+사람/NNG+에게/JKB+넘기/VV+자/EF+./SY"
          },
          {
            "id": 16,
            "text": "2 : 그래 국제 관계는 쿨하게 넘기자 대신 국제 연애로 바꿀래",
            "norm_text": "그래 국제 관계는 쿨하게 넘기자 대신 국제 연애로 바꿀래",
            "speaker": {
              "id": "2번",
              "sex": "여성",
              "age": "20대"
            },
            "speechAct": "(단언) 주장하기",
            "morpheme": "그래/IC+국제/NNG+관계/NNG+는/JX+쿨/NNG+하/XSV+게/EC+넘기/VV+자/EC+대신/NNG+국제/NNG+연애/NNG+로/JKB+바꿀/VV+ETM+래/NNP"
          },
          {
            "id": 17,
            "text": "1 : 이러니 남자친구가 버텨? 나라도 도망가지...",
            "norm_text": "이러니 남자친구가 버텨? 나라도 도망가지...",
            "speaker": {
              "id": "1번",
              "sex": "여성",
              "age": "20대"
            },
            "speechAct": "(단언) 주장하기",
            "morpheme": "이러/VV+니/EC+남자/NNG+친구/NNG+가/JKS+버텨/VV+EF+나라/NNG+도/JX+도망가/VV+지/EF+./SY"
          },
          {
            "id": 18,
            "text": "2 : 아직 도망 안 갔다니까 이번에 잘 버티고 있어",
            "norm_text": "아직 도망 안 갔다니까 이번에 잘 버티고 있어",
            "speaker": {
              "id": "2번",
              "sex": "여성",
              "age": "20대"
            },
            "speechAct": "(단언) 주장하기",
            "morpheme": "아직/MAG+도망/NNG+안/MAG+갔/VV+EP+다니까/EC+이번/NNG+에/JKB+잘/MAG+버티/VV+고/EC+있/VX+어/EC"
          }
        ]
      }
    }
  ]
}