{
  "dataset": {
    "identifier": 69173,
    "name": "KAKAO_919_13_set",
    "src_path": "/data/file/cubeManager/PROJECT001/53/txt20211005155848057969/KAKAO_919_13_set/",
    "label_path": "/data/file/cubeManager/PROJECT001/53/txt20211005155848057969/KAKAO_919_13_set/",
    "category": 2,
    "type": 0
  },
  "licenses": {
    "name": "Apache License 1.0",
    "url": "http://www.apache.org/licenses/LICENSE-1.0"
  },
  "info": [
    {
      "id": 41930,
      "filename": "KAKAO_919_13.txt",
      "title": "KAKAO_919_13",
      "mediatype": "SNS",
      "medianame": "카카오톡",
      "category": "일상대화",
      "date": "2021-10-05",
      "size": 744,
      "annotations": {
        "subject": "계절/날씨",
        "speaker_type": "1:1",
        "size": 744,
        "word_size": 236,
        "text": "1 : 태풍이 끝났구나 싶었는데 또 태풍이 오냐\n2 : 그래도 이번 꺼 빗겨 나가는 거 같던데?\n2 : 어제 새벽에 비 온 게 끝인 듯?\n1 : 왜 나 있는 지역은 안 빗겨 가냐...\n1 : 어제 새벽부터 지금까지 비 오는 중 키키\n2 : 아 진짜? 아직도 비 오고 있어?\n2 : 여긴 오늘 낮부턴 화창하던데\n1 : 이제 해 보면 더 어색하다 키키\n2 : 근데 진짜 태풍 오기 전부터 몇 주간 우중충해서 더 그런 듯 키키\n1 : 해를 언제 봤더라... 기억이 안 나네 하하\n2 : 이번 명절까지는 계속 구름 낀 흐린 날씨라는데 키키\n2 : 일교차 심하다고 하니까 몸 조심해야 할 듯?\n1 : 진짜 감기 걸리기 좋은 날씨인 듯 날씨가 미쳤어\n2 : 오늘 여기 낮에는 해 떠서 그래도 더웠는데 지금 밤 되니까 진짜 추워짐\n1 : 요즘 밤에는 쌀쌀해 진짜 겉 옷 무조건 필수인 듯\n2 : 그니까 키키 어제 퇴근하고 오랜만에 산책 갈려고 공원 갔는데 겉옷 없이 가니까 덜덜 떨릴 정도로 추워짐 키키\n1 : 너나 나나 감기 조심하자 키키 요즘 시국 더 조심해야지\n2 : 너가 더 조심해라... 너 근무지 산속이라며... 거기가 더 일교차 심하니까...\n2 : 아무리 실내에서 일하지만 밖에 돌아다니기엔 이제 반팔만 입고는 추울 꺼 같아\n1 : 근데 이렇게 비 오고 날씨도 쌀쌀해졌는데 모기는 더 나오냐\n2 : 나도 가을모기 때문에 추운데 일부러 선풍기 틀어 놓는다...\n1 : 여름보다 지금 모기를 더 많이 물려 키키\n2 : 가을모기가 여름모기보다 더 억세다... 조심해라 키키",
        "lines": [
          {
            "id": 1,
            "text": "1 : 태풍이 끝났구나 싶었는데 또 태풍이 오냐",
            "norm_text": "태풍이 끝났구나 싶었는데 또 태풍이 오냐",
            "speaker": {
              "id": "1번",
              "sex": "남성",
              "age": "20대"
            },
            "speechAct": "(지시) 질문하기",
            "morpheme": "태풍/NNG+이/JKS+끝났/VV+EP+구나/EC+싶/VX+었/EP+는데/EC+또/MAG+태풍/NNG+이/JKS+오/VV+냐/EC"
          },
          {
            "id": 2,
            "text": "2 : 그래도 이번 꺼 빗겨 나가는 거 같던데?",
            "norm_text": "그래도 이번 꺼 빗겨 나가는 거 같던데?",
            "speaker": {
              "id": "2번",
              "sex": "남성",
              "age": "20대"
            },
            "speechAct": "(단언) 주장하기",
            "morpheme": "그래도/MAJ+이번/NNG+꺼/VV+EC+빗겨/VV+EC+나가/VX+는/ETM+거/NNB+같/VA+던데/EF"
          },
          {
            "id": 3,
            "text": "2 : 어제 새벽에 비 온 게 끝인 듯?",
            "norm_text": "어제 새벽에 비 온 게 끝인 듯?",
            "speaker": {
              "id": "2번",
              "sex": "남성",
              "age": "20대"
            },
            "speechAct": "(단언) 주장하기",
            "morpheme": "어제/MAG+새벽/NNG+에/JKB+비/VV+EC+온/VX+ETM+게/NNB+JKS+끝/NNG+인듯/VCP+EF"
          },
          {
            "id": 4,
            "text": "1 : 왜 나 있는 지역은 안 빗겨 가냐...",
            "norm_text": "왜 나 있는 지역은 안 빗겨 가냐...",
            "speaker": {
              "id": "1번",
              "sex": "남성",
              "age": "20대"
            },
            "speechAct": "(단언) 주장하기",
            "morpheme": "왜/MAG+나/NP+있/VA+는/ETM+지역/NNG+은/JX+안/MAG+빗겨/VV+EC+가/VX+냐/EF+./SY"
          },
          {
            "id": 5,
            "text": "1 : 어제 새벽부터 지금까지 비 오는 중 키키",
            "norm_text": "어제 새벽부터 지금까지 비 오는 중 키키",
            "speaker": {
              "id": "1번",
              "sex": "남성",
              "age": "20대"
            },
            "speechAct": "(단언) 진술하기",
            "morpheme": "어제/MAG+새벽/NNG+부터/JX+지금/NNG+까지/JX+비오/VV+는/ETM+중키/NNG+키/XSV+ETN"
          },
          {
            "id": 6,
            "text": "2 : 아 진짜? 아직도 비 오고 있어?",
            "norm_text": "아 진짜? 아직도 비 오고 있어?",
            "speaker": {
              "id": "2번",
              "sex": "남성",
              "age": "20대"
            },
            "speechAct": "(지시) 질문하기",
            "morpheme": "아/IC+진짜/MAG+아직/MAG+도/JX+비오/VV+고/EC+있/VX+어/EF"
          },
          {
            "id": 7,
            "text": "2 : 여긴 오늘 낮부턴 화창하던데",
            "norm_text": "여긴 오늘 낮부턴 화창하던데",
            "speaker": {
              "id": "2번",
              "sex": "남성",
              "age": "20대"
            },
            "speechAct": "(단언) 진술하기",
            "morpheme": "여긴/NP+JX+오늘/MAG+낮/NNG+부턴/JX+ETM+화창/NNG+하/XSV+던데/EC"
          },
          {
            "id": 8,
            "text": "1 : 이제 해 보면 더 어색하다 키키",
            "norm_text": "이제 해 보면 더 어색하다 키키",
            "speaker": {
              "id": "1번",
              "sex": "남성",
              "age": "20대"
            },
            "speechAct": "(단언) 주장하기",
            "morpheme": "이제/MAG+해/VV+EC+보/VX+면/EC+더/MAG+어색/XR+하/XSA+다키키/NNP"
          },
          {
            "id": 9,
            "text": "2 : 근데 진짜 태풍 오기 전부터 몇 주간 우중충해서 더 그런 듯 키키",
            "norm_text": "근데 진짜 태풍 오기 전부터 몇 주간 우중충해서 더 그런 듯 키키",
            "speaker": {
              "id": "2번",
              "sex": "남성",
              "age": "20대"
            },
            "speechAct": "(단언) 주장하기",
            "morpheme": "근데/MAJ+진짜/MAG+태풍/NNG+오/VV+기/ETN+전/NNG+부터/JX+몇/MM+주간/NNBC+우중충/XR+해서/XSA+EC+더/MAG+그런/MM+듯/NNB+키/NNG+키/XSV+ETN"
          },
          {
            "id": 10,
            "text": "1 : 해를 언제 봤더라... 기억이 안 나네 하하",
            "norm_text": "해를 언제 봤더라... 기억이 안 나네 하하",
            "speaker": {
              "id": "1번",
              "sex": "남성",
              "age": "20대"
            },
            "speechAct": "(단언) 주장하기",
            "morpheme": "해/NNG+를/JKO+언제/MAG+봤/VV+EP+더라/EF+./SY+기억/NNG+이/JKS+안/MAG+나/NP+네/XSN+하하/MAG"
          },
          {
            "id": 11,
            "text": "2 : 이번 명절까지는 계속 구름 낀 흐린 날씨라는데 키키",
            "norm_text": "이번 명절까지는 계속 구름 낀 흐린 날씨라는데 키키",
            "speaker": {
              "id": "2번",
              "sex": "남성",
              "age": "20대"
            },
            "speechAct": "(단언) 진술하기",
            "morpheme": "이번/NNG+명절/NNG+까지/JX+는/JX+계속/MAG+구름/NNG+낀/VV+ETM+흐린/VA+ETM+날씨/NNG+라는/VCP+ETM+데/NNB+키/NNG+키/XSV+ETN"
          },
          {
            "id": 12,
            "text": "2 : 일교차 심하다고 하니까 몸 조심해야 할 듯?",
            "norm_text": "일교차 심하다고 하니까 몸 조심해야 할 듯?",
            "speaker": {
              "id": "2번",
              "sex": "남성",
              "age": "20대"
            },
            "speechAct": "(단언) 주장하기",
            "morpheme": "일교차/NNG+심하/VA+다고/EC+하/VV+니까/EC+몸조심/NNG+해야/XSV+EC+할/VX+ETM+듯/NNB"
          },
          {
            "id": 13,
            "text": "1 : 진짜 감기 걸리기 좋은 날씨인 듯 날씨가 미쳤어",
            "norm_text": "진짜 감기 걸리기 좋은 날씨인 듯 날씨가 미쳤어",
            "speaker": {
              "id": "1번",
              "sex": "남성",
              "age": "20대"
            },
            "speechAct": "(단언) 주장하기",
            "morpheme": "진짜/MAG+감기/NNG+걸리/VV+기/ETN+좋/VA+은/ETM+날씨/NNG+인/VCP+ETM+듯/NNB+날씨/NNG+가/JKS+미쳤/VV+EP+어/EC"
          },
          {
            "id": 14,
            "text": "2 : 오늘 여기 낮에는 해 떠서 그래도 더웠는데 지금 밤 되니까 진짜 추워짐",
            "norm_text": "오늘 여기 낮에는 해 떠서 그래도 더웠는데 지금 밤 되니까 진짜 추워짐",
            "speaker": {
              "id": "2번",
              "sex": "남성",
              "age": "20대"
            },
            "speechAct": "(단언) 주장하기",
            "morpheme": "오늘/MAG+여기/NP+낮/NNG+에/JKB+는/JX+해/VV+EC+떠서/VV+EC+그래도/VV+EC+더웠/VA+EP+는데/EC+지금/MAG+밤/NNG+되/XSV+니까/EC+진짜/MAG+추워/VA+EC+짐/NNG"
          },
          {
            "id": 15,
            "text": "1 : 요즘 밤에는 쌀쌀해 진짜 겉 옷 무조건 필수인 듯",
            "norm_text": "요즘 밤에는 쌀쌀해 진짜 겉 옷 무조건 필수인 듯",
            "speaker": {
              "id": "1번",
              "sex": "남성",
              "age": "20대"
            },
            "speechAct": "(단언) 주장하기",
            "morpheme": "요즘/NNG+밤/NNG+에/JKB+는/JX+쌀쌀/XR+해/XSA+EF+진짜/MAG+겉옷/NNG+무조건/MAG+필수/NNG+인/VCP+ETM+듯/NNB"
          },
          {
            "id": 16,
            "text": "2 : 그니까 키키 어제 퇴근하고 오랜만에 산책 갈려고 공원 갔는데 겉옷 없이 가니까 덜덜 떨릴 정도로 추워짐 키키",
            "norm_text": "그니까 키키 어제 퇴근하고 오랜만에 산책 갈려고 공원 갔는데 겉옷 없이 가니까 덜덜 떨릴 정도로 추워짐 키키",
            "speaker": {
              "id": "2번",
              "sex": "남성",
              "age": "20대"
            },
            "speechAct": "(단언) 진술하기",
            "morpheme": "그니까/MAJ+키/NNG+키/NNG+어제/NNG+퇴근/NNG+하/XSV+고/EC+오랜만/NNG+에/JKB+산책/NNG+갈려고/VV+EC+공원/NNG+갔/VV+EP+는데/EC+겉옷/NNG+없이/MAG+가/VV+니까/EC+덜덜/MAG+떨릴/VV+ETM+정도/NNG+로/JKB+추워/VA+EC+짐/NNG+키/NNG+키/XSV+ETN"
          },
          {
            "id": 17,
            "text": "1 : 너나 나나 감기 조심하자 키키 요즘 시국 더 조심해야지",
            "norm_text": "너나 나나 감기 조심하자 키키 요즘 시국 더 조심해야지",
            "speaker": {
              "id": "1번",
              "sex": "남성",
              "age": "20대"
            },
            "speechAct": "(단언) 주장하기",
            "morpheme": "너/NP+나/JX+나/NP+나/JX+감기/NNG+조심/NNG+하/XSV+자/EC+키/NNG+키/NNG+요즘/NNG+시국/NNG+더/MAG+조심/NNG+해야지/XSV+EC"
          },
          {
            "id": 18,
            "text": "2 : 너가 더 조심해라... 너 근무지 산속이라며... 거기가 더 일교차 심하니까...",
            "norm_text": "너가 더 조심해라... 너 근무지 산속이라며... 거기가 더 일교차 심하니까...",
            "speaker": {
              "id": "2번",
              "sex": "남성",
              "age": "20대"
            },
            "speechAct": "(단언) 주장하기",
            "morpheme": "너/NP+가/JKS+더/MAG+조심/NNG+해라/XSV+EF+./SY+너/NP+근무지/NNG+산속/NNG+이/VCP+라며/EF+./SY+거기/NP+가/JKS+더/MAG+일교차/NNG+심하/VA+니까/EC+./SY+./SY"
          },
          {
            "id": 19,
            "text": "2 : 아무리 실내에서 일하지만 밖에 돌아다니기엔 이제 반팔만 입고는 추울 꺼 같아",
            "norm_text": "아무리 실내에서 일하지만 밖에 돌아다니기엔 이제 반팔만 입고는 추울 꺼 같아",
            "speaker": {
              "id": "2번",
              "sex": "남성",
              "age": "20대"
            },
            "speechAct": "(단언) 주장하기",
            "morpheme": "아무리/MAG+실내/NNG+에서/JKB+일/NNG+하/XSV+지만/EC+밖/NNG+에/JKB+돌아다니/VV+기/ETN+엔/JKB+JX+이제/MAG+반팔/NNG+만/JX+입/VV+고/EC+는/JX+추울/VA+ETM+꺼/NNB+VCP+같/VA+아/EC"
          },
          {
            "id": 20,
            "text": "1 : 근데 이렇게 비 오고 날씨도 쌀쌀해졌는데 모기는 더 나오냐",
            "norm_text": "근데 이렇게 비 오고 날씨도 쌀쌀해졌는데 모기는 더 나오냐",
            "speaker": {
              "id": "1번",
              "sex": "남성",
              "age": "20대"
            },
            "speechAct": "(단언) 주장하기",
            "morpheme": "근데/MAJ+이렇게/MAG+비오/VV+고/EC+날씨/NNG+도/JX+쌀쌀/XR+해졌/XSA+EC+VX+EP+는데/EC+모기/NNG+는/JX+더/MAG+나오/VV+냐/EC"
          },
          {
            "id": 21,
            "text": "2 : 나도 가을모기 때문에 추운데 일부러 선풍기 틀어 놓는다...",
            "norm_text": "나도 가을모기 때문에 추운데 일부러 선풍기 틀어 놓는다...",
            "speaker": {
              "id": "2번",
              "sex": "남성",
              "age": "20대"
            },
            "speechAct": "(단언) 진술하기",
            "morpheme": "나/NP+도/JX+가을/NNG+모기/NNG+때문/NNB+에/JKB+추운데/VA+EC+일부러/MAG+선풍기/NNG+틀/VV+어/EC+놓/VX+는다/EF+./SY"
          },
          {
            "id": 22,
            "text": "1 : 여름보다 지금 모기를 더 많이 물려 키키",
            "norm_text": "여름보다 지금 모기를 더 많이 물려 키키",
            "speaker": {
              "id": "1번",
              "sex": "남성",
              "age": "20대"
            },
            "speechAct": "(단언) 주장하기",
            "morpheme": "여름/NNG+보다/JKB+지금/MAG+모기/NNG+를/JKO+더/MAG+많이/MAG+물려/VV+EC+키/NNG+키/XSV+ETN"
          },
          {
            "id": 23,
            "text": "2 : 가을모기가 여름모기보다 더 억세다... 조심해라 키키",
            "norm_text": "가을모기가 여름모기보다 더 억세다... 조심해라 키키",
            "speaker": {
              "id": "2번",
              "sex": "남성",
              "age": "20대"
            },
            "speechAct": "(지시) 명령/요구하기",
            "morpheme": "가을/NNG+모기/NNG+가/JKS+여름/NNG+모기/NNG+보다/JKB+더/MAG+억세/VA+다/EF+./SY+조심/NNG+해라/XSV+EC+키/NNG+키/XSV+ETN"
          }
        ]
      }
    }
  ]
}