{
  "dataset": {
    "identifier": 63540,
    "name": "KAKAO_908_13_set",
    "src_path": "/data/file/cubeManager/PROJECT001/53/txt202110051549270040104/KAKAO_908_13_set/",
    "label_path": "/data/file/cubeManager/PROJECT001/53/txt202110051549270040104/KAKAO_908_13_set/",
    "category": 2,
    "type": 0
  },
  "licenses": {
    "name": "Apache License 1.0",
    "url": "http://www.apache.org/licenses/LICENSE-1.0"
  },
  "info": [
    {
      "id": 41750,
      "filename": "KAKAO_908_13.txt",
      "title": "KAKAO_908_13",
      "mediatype": "SNS",
      "medianame": "카카오톡",
      "category": "일상대화",
      "date": "2021-10-05",
      "size": 501,
      "annotations": {
        "subject": "계절/날씨",
        "speaker_type": "1:1",
        "size": 501,
        "word_size": 163,
        "text": "1 : 야 태풍 온다고 재난문자 그렇게 보내더니 날씨 뭐임?\n2 : 그러니까 키키 야 오늘 구름 한 점이 없다\n1 : 이거 혹시 폭풍 전야 아니제? 키키 황당하네\n2 : 기상청은 도대체 뭐함?\n2 : 국민들 농락하는 건가?\n1 : 내 말이 키키 2조 원짜리 슈퍼컴퓨터로 지뢰 찾기 하냐고\n2 : 헐 대박 기상청 컴퓨터가 2조 원짜리야?\n1 : 응응 그렇대 우리나라에서 젤 비싼 기계라던데\n2 : 대박이네 진짜 키키 누가 돈을 다 떼먹었길래...\n1 : 오늘 날씨에 해수욕장에 누워서 태닝 하면 좋은데\n2 : 태닝? 니도 태닝 하나 키키\n2 : 오일 발라주러 갈까?\n1 : ㄴㄴ 태닝 못함 햇빛 알러지 있음 키키\n1 : 말이 그렇단 거지\n2 : 키키 그래 아... 나도 서핑 가고 싶다\n2 : 연차 쓸까?\n1 : 연차 좋지 키키\n1 : 나도 연차 쓰고 놀러나 갈까\n2 : 같이 가을 나들이 갈래? 시민공원 ㄱㄱ?\n1 : 마음은 굴뚝 같은데 연차는 병원 갈 때 써야 함 ㅠㅠ\n2 : 그래... 가을은 가을이고... 우리는 일해야지 ㅠㅠ",
        "lines": [
          {
            "id": 1,
            "text": "1 : 야 태풍 온다고 재난문자 그렇게 보내더니 날씨 뭐임?",
            "norm_text": "야 태풍 온다고 재난문자 그렇게 보내더니 날씨 뭐임?",
            "speaker": {
              "id": "1번",
              "sex": "여성",
              "age": "20대"
            },
            "speechAct": "(지시) 질문하기",
            "morpheme": "야태/NNG+풍/XSN+온다고/VV+EC+재난/NNG+문자/NNG+그렇게/MAG+보내/VV+더니/EC+날씨/NNG+뭐/NP+임/VCP+ETN"
          },
          {
            "id": 2,
            "text": "2 : 그러니까 키키 야 오늘 구름 한 점이 없다",
            "norm_text": "그러니까 키키 야 오늘 구름 한 점이 없다",
            "speaker": {
              "id": "2번",
              "sex": "여성",
              "age": "20대"
            },
            "speechAct": "(단언) 진술하기",
            "morpheme": "그러니까/MAJ+키/NNG+키/XSV+ETN+야/JX+오늘/MAG+구름/NNG+한/XSA+ETM+점/NNG+이/JKS+없/VA+다/EC"
          },
          {
            "id": 3,
            "text": "1 : 이거 혹시 폭풍 전야 아니제? 키키 황당하네",
            "norm_text": "이거 혹시 폭풍 전야 아니제? 키키 황당하네",
            "speaker": {
              "id": "1번",
              "sex": "여성",
              "age": "20대"
            },
            "speechAct": "(지시) 질문하기",
            "morpheme": "이거/NP+혹시/MAG+폭풍전야/NNP+아니/VCN+제/EF+키/NNG+키/XSV+ETN+황당/XR+하/XSA+네/EC"
          },
          {
            "id": 4,
            "text": "2 : 기상청은 도대체 뭐함?",
            "norm_text": "기상청은 도대체 뭐함?",
            "speaker": {
              "id": "2번",
              "sex": "여성",
              "age": "20대"
            },
            "speechAct": "(지시) 질문하기",
            "morpheme": "기상청/NNG+은/JX+도대체/MAG+뭐/IC+함/VV+ETN"
          },
          {
            "id": 5,
            "text": "2 : 국민들 농락하는 건가?",
            "norm_text": "국민들 농락하는 건가?",
            "speaker": {
              "id": "2번",
              "sex": "여성",
              "age": "20대"
            },
            "speechAct": "(지시) 질문하기",
            "morpheme": "국민/NNG+들/XSN+농락/NNG+하/XSV+는/ETM+건가/NNB+VCP+EF"
          },
          {
            "id": 6,
            "text": "1 : 내 말이 키키 2조 원짜리 슈퍼컴퓨터로 지뢰 찾기 하냐고",
            "norm_text": "내 말이 키키 2조 원짜리 슈퍼컴퓨터로 지뢰 찾기 하냐고",
            "speaker": {
              "id": "1번",
              "sex": "여성",
              "age": "20대"
            },
            "speechAct": "(단언) 주장하기",
            "morpheme": "내말이/NP+JKG+NNG+JKS+키/NNG+키/XSV+ETN+2/SN+조/NR+원/NNBC+짜리/XSN+슈퍼컴퓨터/NNG+로/JKB+지뢰/NNG+찾/VV+기/ETN+하/VV+냐고/EC"
          },
          {
            "id": 7,
            "text": "2 : 헐 대박 기상청 컴퓨터가 2조 원짜리야?",
            "norm_text": "헐 대박 기상청 컴퓨터가 2조 원짜리야?",
            "speaker": {
              "id": "2번",
              "sex": "여성",
              "age": "20대"
            },
            "speechAct": "(지시) 질문하기",
            "morpheme": "헐/IC+대박/NNG+기상청/NNG+컴퓨터/NNG+가/JKS+2/SN+조/NR+원/NNBC+짜리/XSN+야/VCP+EF"
          },
          {
            "id": 8,
            "text": "1 : 응응 그렇대 우리나라에서 젤 비싼 기계라던데",
            "norm_text": "응응 그렇대 우리나라에서 젤 비싼 기계라던데",
            "speaker": {
              "id": "1번",
              "sex": "여성",
              "age": "20대"
            },
            "speechAct": "(단언) 진술하기",
            "morpheme": "응/IC+응/IC+그렇/VA+대/EF+우리/NP+나라/NNG+에서/JKB+젤/MAG+비싼/VA+ETM+기계/NNG+라던데/VCP+EC"
          },
          {
            "id": 9,
            "text": "2 : 대박이네 진짜 키키 누가 돈을 다 떼먹었길래...",
            "norm_text": "대박이네 진짜 키키 누가 돈을 다 떼먹었길래...",
            "speaker": {
              "id": "2번",
              "sex": "여성",
              "age": "20대"
            },
            "speechAct": "(단언) 주장하기",
            "morpheme": "대박/NNG+이/VCP+네/EF+진짜/MAG+키/NNG+키/XSV+ETN+누가/NP+JKS+돈/NNG+을/JKO+다/MAG+떼먹/VV+었/EP+길래/ETN+EF+./SY"
          },
          {
            "id": 10,
            "text": "1 : 오늘 날씨에 해수욕장에 누워서 태닝 하면 좋은데",
            "norm_text": "오늘 날씨에 해수욕장에 누워서 태닝 하면 좋은데",
            "speaker": {
              "id": "1번",
              "sex": "여성",
              "age": "20대"
            },
            "speechAct": "(단언) 주장하기",
            "morpheme": "오늘/MAG+날씨/NNG+에/JKB+해수욕장/NNG+에/JKB+누워서/VV+EC+태닝/UNKNOWN+하/VV+면/EC+좋/VA+은데/EC"
          },
          {
            "id": 11,
            "text": "2 : 태닝? 니도 태닝 하나 키키",
            "norm_text": "태닝? 니도 태닝 하나 키키",
            "speaker": {
              "id": "2번",
              "sex": "여성",
              "age": "20대"
            },
            "speechAct": "(지시) 질문하기",
            "morpheme": "태/NNP+닝/NNP+?/SY+니도태닝하나키키/UNKNOWN"
          },
          {
            "id": 12,
            "text": "2 : 오일 발라주러 갈까?",
            "norm_text": "오일 발라주러 갈까?",
            "speaker": {
              "id": "2번",
              "sex": "여성",
              "age": "20대"
            },
            "speechAct": "(지시) 질문하기",
            "morpheme": "오일/NNG+발라/VV+EC+주/VX+러/EC+갈까/VX+EF"
          },
          {
            "id": 13,
            "text": "1 : ㄴㄴ 태닝 못함 햇빛 알러지 있음 키키",
            "norm_text": "ㄴㄴ 태닝 못함 햇빛 알러지 있음 키키",
            "speaker": {
              "id": "1번",
              "sex": "여성",
              "age": "20대"
            },
            "speechAct": "(단언) 진술하기",
            "morpheme": "ㄴ/NNG+ㄴ/NNG+태닝/UNKNOWN+못함/VA+ETN+햇빛/NNG+알/VV+러지/EF+있/VV+음/ETN+키/NNG+키/XSV+ETN"
          },
          {
            "id": 14,
            "text": "1 : 말이 그렇단 거지",
            "norm_text": "말이 그렇단 거지",
            "speaker": {
              "id": "1번",
              "sex": "여성",
              "age": "20대"
            },
            "speechAct": "(단언) 주장하기",
            "morpheme": "말/NNG+이/JKS+그렇/VA+단/ETM+거/NNB+지/VCP+EC"
          },
          {
            "id": 15,
            "text": "2 : 키키 그래 아... 나도 서핑 가고 싶다",
            "norm_text": "키키 그래 아... 나도 서핑 가고 싶다",
            "speaker": {
              "id": "2번",
              "sex": "여성",
              "age": "20대"
            },
            "speechAct": "(단언) 주장하기",
            "morpheme": "키/NNG+키/XSV+ETN+그래/VA+EP+아/EF+./SY+나/NP+도/JX+서핑/NNG+가/VV+고/EC+싶/VX+다/EC"
          },
          {
            "id": 16,
            "text": "2 : 연차 쓸까?",
            "norm_text": "연차 쓸까?",
            "speaker": {
              "id": "2번",
              "sex": "여성",
              "age": "20대"
            },
            "speechAct": "(지시) 질문하기",
            "morpheme": "연차/MAG+쓸까/VV+EF"
          },
          {
            "id": 17,
            "text": "1 : 연차 좋지 키키",
            "norm_text": "연차 좋지 키키",
            "speaker": {
              "id": "1번",
              "sex": "여성",
              "age": "20대"
            },
            "speechAct": "(단언) 주장하기",
            "morpheme": "연차/MAG+좋/VA+지/EC+키/NNG+키/XSV+ETN"
          },
          {
            "id": 18,
            "text": "1 : 나도 연차 쓰고 놀러나 갈까",
            "norm_text": "나도 연차 쓰고 놀러나 갈까",
            "speaker": {
              "id": "1번",
              "sex": "여성",
              "age": "20대"
            },
            "speechAct": "(단언) 주장하기",
            "morpheme": "나/NP+도/JX+연차/MAG+쓰/VV+고/EC+놀/VV+러/EC+나갈까/VX+EC"
          },
          {
            "id": 19,
            "text": "2 : 같이 가을 나들이 갈래? 시민공원 ㄱㄱ?",
            "norm_text": "같이 가을 나들이 갈래? 시민공원 ㄱㄱ?",
            "speaker": {
              "id": "2번",
              "sex": "여성",
              "age": "20대"
            },
            "speechAct": "(지시) 질문하기",
            "morpheme": "같이/MAG+가/VV+을/ETM+나/NP+들/XSN+이/JKS+갈래/VV+EF+시민/NNG+공원/NNG+ㄱ/NNG+ㄱ/NNG"
          },
          {
            "id": 20,
            "text": "1 : 마음은 굴뚝 같은데 연차는 병원 갈 때 써야 함 ㅠㅠ",
            "norm_text": "마음은 굴뚝 같은데 연차는 병원 갈 때 써야 함 ㅠㅠ",
            "speaker": {
              "id": "1번",
              "sex": "여성",
              "age": "20대"
            },
            "speechAct": "(단언) 주장하기",
            "morpheme": "마음/NNG+은/JX+굴뚝같/VA+은데/EC+연차/NNG+는/JX+병원/NNG+갈/VV+ETM+때/NNG+써야/VV+EC+함/VX+ETN+ㅠㅠ/UNKNOWN"
          },
          {
            "id": 21,
            "text": "2 : 그래... 가을은 가을이고... 우리는 일해야지 ㅠㅠ",
            "norm_text": "그래... 가을은 가을이고... 우리는 일해야지 ㅠㅠ",
            "speaker": {
              "id": "2번",
              "sex": "여성",
              "age": "20대"
            },
            "speechAct": "(단언) 진술하기",
            "morpheme": "그래/IC+./SY+가을/NNG+은/JX+가을/NNG+이/VCP+고/EC+./SY+./SY+우리/NP+는/JX+일/NNG+해야지/XSV+EC+ㅠㅠ/UNKNOWN"
          }
        ]
      }
    }
  ]
}