{
  "dataset": {
    "identifier": 61686,
    "name": "KAKAO_921_03_set",
    "src_path": "/data/file/cubeManager/PROJECT001/53/txt20211005161403031979/KAKAO_921_03_set/",
    "label_path": "/data/file/cubeManager/PROJECT001/53/txt20211005161403031979/KAKAO_921_03_set/",
    "category": 2,
    "type": 0
  },
  "licenses": {
    "name": "Apache License 1.0",
    "url": "http://www.apache.org/licenses/LICENSE-1.0"
  },
  "info": [
    {
      "id": 41980,
      "filename": "KAKAO_921_03.txt",
      "title": "KAKAO_921_03",
      "mediatype": "SNS",
      "medianame": "카카오톡",
      "category": "일상대화",
      "date": "2021-10-05",
      "size": 866,
      "annotations": {
        "subject": "교통",
        "speaker_type": "1:1",
        "size": 866,
        "word_size": 294,
        "text": "1 : 넌 차 사면 무슨 종류로 살지 정해둔 거 있엉 ? 키키\n2 : 음 난 좀 큰차 타고 싶어서 suv 타고 싶어 키키\n1 : 엇 나돈데! 키키 나도 무조건 큰 차가 땡기더라 키키\n1 : 집에 가족이 많은 것도 아니지만 무조건 큰차 키키\n2 : 응응 괜히 그냥 큰거 몰고 싶어 키키\n2 : 또 큰차가 차박 하기에 좋구\n1 : 키키 맞앙 요새 차박 많이 하더라 키키\n1 : suv 끌고 차박 하고 싶다 ㅜ\n2 : 나도 ㅠ 차박 매트 깔고 놀러 간 거 보니까 부럽더라구\n2 : 차 타고 드라이브 가고 싶다 해안도로 딱 타고 키키\n1 : 짱이당 키키\n1 : 난 요새 노는 김에 면허 딸까 하다가 자차를 살 때 같이 따야 하는 거 아닌가 해서 미루고 있엉\n2 : 나도 면허 먼저 따고 차를 사고 싶은데 주변에서 다 장롱면허 된다고 차를 사 놓고 면허를 따라고 하더라구 키키\n1 : 그치 나도 면허 얘기하니까 다들 그러더라 키키\n1 : 평생에 막 트럭 이런 거 운전할 일도 있지 않을까 해서 1종으로 따보고 싶어 키키\n2 : 나도 키키 근데 난 1종은 못 딸 거 같아서 포기...\n2 : 요즘 전기차도 엄청 잘나오는 거 같던데?! 그 테슬라 키키\n1 : 아 키키 들어보긴 했는데 키키 일반인들도 탈 수 있는 고야?\n2 : 응응 당연하지 키키 파는 거니까\n2 : 근데 가격이 어마어마어마하게 비싸대\n1 : 그렇구나 키키\n1 : 대신 그거는 기름 값 안 들어가는 거 아냥? 키키\n2 : 응 근데 뭐 충전 하는 기계가 따로 있어서 거기서 해야 될걸?\n2 : 그래서 그 차 있어도 충전 못하면 끝인 거야 키키\n1 : 키키 그렇구나 난 진짜 전기차 이런 건 넘 무지해서... 공부 좀 해야겠당 키키\n2 : 나도 아예 몰라 키키 그냥 어디서 전해 들은 걸 아는 정도야\n2 : 근데 테슬라 진짜 이쁘긴 하더라 키키",
        "lines": [
          {
            "id": 1,
            "text": "1 : 넌 차 사면 무슨 종류로 살지 정해둔 거 있엉 ? 키키",
            "norm_text": "넌 차 사면 무슨 종류로 살지 정해둔 거 있엉 ? 키키",
            "speaker": {
              "id": "1번",
              "sex": "여성",
              "age": "20대"
            },
            "speechAct": "(지시) 질문하기",
            "morpheme": "넌/NP+JX+차사/NNG+면/VCP+EC+무슨/MM+종류/NNG+로/JKB+살/VV+지/EC+정해둔/VV+EC+VX+ETM+거/NNB+있/VA+엉/EF+키/NNG+키/XSV+ETN"
          },
          {
            "id": 2,
            "text": "2 : 음 난 좀 큰차 타고 싶어서 suv 타고 싶어 키키",
            "norm_text": "음 난 좀 큰차 타고 싶어서 suv 타고 싶어 키키",
            "speaker": {
              "id": "2번",
              "sex": "여성",
              "age": "20대"
            },
            "speechAct": "(단언) 주장하기",
            "morpheme": "음/IC+난/NP+JX+좀/MAG+큰/VA+ETM+차/NNG+타/VV+고/EC+싶/VX+어서/EC+suv/SL+타/VV+고/EC+싶/VX+어/EC+키/NNG+키/XSV+ETN"
          },
          {
            "id": 3,
            "text": "1 : 엇 나돈데! 키키 나도 무조건 큰 차가 땡기더라 키키",
            "norm_text": "엇 나돈데! 키키 나도 무조건 큰 차가 땡기더라 키키",
            "speaker": {
              "id": "1번",
              "sex": "여성",
              "age": "20대"
            },
            "speechAct": "(단언) 주장하기",
            "morpheme": "엇/IC+나돈/VV+ETM+데/NNB+!/SY+키/NNG+키나/XSA+ETN+JX+도/JX+무조건/MAG+큰/VA+ETM+차/NNG+가/JKS+땡기/VV+더라/EC+키/NNG+키/XSV+ETN"
          },
          {
            "id": 4,
            "text": "1 : 집에 가족이 많은 것도 아니지만 무조건 큰차 키키",
            "norm_text": "집에 가족이 많은 것도 아니지만 무조건 큰차 키키",
            "speaker": {
              "id": "1번",
              "sex": "여성",
              "age": "20대"
            },
            "speechAct": "(단언) 주장하기",
            "morpheme": "집/NNG+에/JKB+가족/NNG+이/JKS+많/VA+은/ETM+것/NNB+도/JX+아니/VCN+지만/EC+무조건/MAG+큰/VA+ETM+차키/NNP+키/NNG"
          },
          {
            "id": 5,
            "text": "2 : 응응 괜히 그냥 큰거 몰고 싶어 키키",
            "norm_text": "응응 괜히 그냥 큰거 몰고 싶어 키키",
            "speaker": {
              "id": "2번",
              "sex": "여성",
              "age": "20대"
            },
            "speechAct": "(단언) 주장하기",
            "morpheme": "응/IC+응/IC+괜히/MAG+그냥/MAG+큰/VA+ETM+거/NNB+몰/VV+고/EC+싶/VX+어/EC+키/NNG+키/XSV+ETN"
          },
          {
            "id": 6,
            "text": "2 : 또 큰차가 차박 하기에 좋구",
            "norm_text": "또 큰차가 차박 하기에 좋구",
            "speaker": {
              "id": "2번",
              "sex": "여성",
              "age": "20대"
            },
            "speechAct": "(단언) 주장하기",
            "morpheme": "또/MAG+큰/VA+ETM+차/NNG+가/JKS+차/NNG+박하/VA+기/ETN+에/JKB+좋/VA+구/EC"
          },
          {
            "id": 7,
            "text": "1 : 키키 맞앙 요새 차박 많이 하더라 키키",
            "norm_text": "키키 맞앙 요새 차박 많이 하더라 키키",
            "speaker": {
              "id": "1번",
              "sex": "여성",
              "age": "20대"
            },
            "speechAct": "(단언) 주장하기",
            "morpheme": "키/NNG+키/XSV+ETN+맞/VV+앙/EC+요새/NNG+차/NNG+박/MAG+많이/MAG+하/VV+더라/EC+키/NNG+키/XSV+ETN"
          },
          {
            "id": 8,
            "text": "1 : suv 끌고 차박 하고 싶다 ㅜ",
            "norm_text": "suv 끌고 차박 하고 싶다 ㅜ",
            "speaker": {
              "id": "1번",
              "sex": "여성",
              "age": "20대"
            },
            "speechAct": "(단언) 주장하기",
            "morpheme": "suv/SL+끌/VV+고/EC+차/NNG+박하/VA+고/EC+싶/VX+다/EF+ㅜ/UNKNOWN"
          },
          {
            "id": 9,
            "text": "2 : 나도 ㅠ 차박 매트 깔고 놀러 간 거 보니까 부럽더라구",
            "norm_text": "나도 ㅠ 차박 매트 깔고 놀러 간 거 보니까 부럽더라구",
            "speaker": {
              "id": "2번",
              "sex": "여성",
              "age": "20대"
            },
            "speechAct": "(단언) 주장하기",
            "morpheme": "나/NP+도/JX+ㅠ차/UNKNOWN+박/NNP+매트/NNG+깔/VV+고/EC+놀/VV+러/EC+간/VV+ETM+거/NNB+보/VV+니까/EC+부럽/VA+더라구/EC"
          },
          {
            "id": 10,
            "text": "2 : 차 타고 드라이브 가고 싶다 해안도로 딱 타고 키키",
            "norm_text": "차 타고 드라이브 가고 싶다 해안도로 딱 타고 키키",
            "speaker": {
              "id": "2번",
              "sex": "여성",
              "age": "20대"
            },
            "speechAct": "(단언) 주장하기",
            "morpheme": "차/NNG+타/VV+고/EC+드라이브/NNG+가/VV+고/EC+싶/VX+다/EC+해안도/NNG+로/JKB+딱/MAG+타/VV+고/EC+키/NNG+키/XSV+ETN"
          },
          {
            "id": 11,
            "text": "1 : 짱이당 키키",
            "norm_text": "짱이당 키키",
            "speaker": {
              "id": "1번",
              "sex": "여성",
              "age": "20대"
            },
            "speechAct": "(단언) 주장하기",
            "morpheme": "짱/NNG+이당/NNG+키/NNG+키/XSV+ETN"
          },
          {
            "id": 12,
            "text": "1 : 난 요새 노는 김에 면허 딸까 하다가 자차를 살 때 같이 따야 하는 거 아닌가 해서 미루고 있엉",
            "norm_text": "난 요새 노는 김에 면허 딸까 하다가 자차를 살 때 같이 따야 하는 거 아닌가 해서 미루고 있엉",
            "speaker": {
              "id": "1번",
              "sex": "여성",
              "age": "20대"
            },
            "speechAct": "(단언) 주장하기",
            "morpheme": "난/NP+JX+요새/MAG+노/VV+는/ETM+김/NNB+에/JKB+면허/NNG+딸까/VV+EF+하/VV+다가/EC+자차/NNG+를/JKO+살/VV+ETM+때/NNG+같이/JKB+따/VV+야/EC+하/VV+는/ETM+거/NNB+아닌가/VCN+EC+해서/VV+EC+미루/VV+고/EC+있/VX+엉/EC"
          },
          {
            "id": 13,
            "text": "2 : 나도 면허 먼저 따고 차를 사고 싶은데 주변에서 다 장롱면허 된다고 차를 사 놓고 면허를 따라고 하더라구 키키",
            "norm_text": "나도 면허 먼저 따고 차를 사고 싶은데 주변에서 다 장롱면허 된다고 차를 사 놓고 면허를 따라고 하더라구 키키",
            "speaker": {
              "id": "2번",
              "sex": "여성",
              "age": "20대"
            },
            "speechAct": "(단언) 주장하기",
            "morpheme": "나/NP+도/JX+면허/NNG+먼저/MAG+따/VV+고/EC+차/NNG+를/JKO+사/VV+고/EC+싶/VX+은데/EC+주변/NNG+에서/JKB+다/MAG+장롱면허/NNG+된다고/XSV+EC+차/NNG+를/JKO+사놓/VV+고/EC+면허/NNG+를/JKO+따/VV+라고/EC+하/VV+더라구/EC+키/NNG+키/XSV+ETN"
          },
          {
            "id": 14,
            "text": "1 : 그치 나도 면허 얘기하니까 다들 그러더라 키키",
            "norm_text": "그치 나도 면허 얘기하니까 다들 그러더라 키키",
            "speaker": {
              "id": "1번",
              "sex": "여성",
              "age": "20대"
            },
            "speechAct": "(단언) 주장하기",
            "morpheme": "그치/IC+나/NP+도/JX+면허/NNG+얘기/NNG+하/XSV+니까/EC+다/MAG+들/XSN+그러/VV+더라/EC+키/NNG+키/XSV+ETN"
          },
          {
            "id": 15,
            "text": "1 : 평생에 막 트럭 이런 거 운전할 일도 있지 않을까 해서 1종으로 따보고 싶어 키키",
            "norm_text": "평생에 막 트럭 이런 거 운전할 일도 있지 않을까 해서 1종으로 따보고 싶어 키키",
            "speaker": {
              "id": "1번",
              "sex": "여성",
              "age": "20대"
            },
            "speechAct": "(단언) 주장하기",
            "morpheme": "평생/NNG+에/JKB+막/NNG+트럭/NNG+이런/MM+거/NNB+운전/NNG+할/XSV+ETM+일/NNG+도/JX+있/VA+지/EC+않/VX+을까/EC+해서/VV+EC+1/SN+종/NNG+으로/JKB+따/VV+EC+보/VX+고/EC+싶/VX+어/EC+키/NNG+키/XSV+ETN"
          },
          {
            "id": 16,
            "text": "2 : 나도 키키 근데 난 1종은 못 딸 거 같아서 포기...",
            "norm_text": "나도 키키 근데 난 1종은 못 딸 거 같아서 포기...",
            "speaker": {
              "id": "2번",
              "sex": "여성",
              "age": "20대"
            },
            "speechAct": "(단언) 주장하기",
            "morpheme": "나/NP+도/JX+키/NNG+키/XSV+ETN+근데/MAJ+난/NP+JX+1/SN+종/NNG+은/JX+못/MAG+딸/VV+ETM+거/NNB+같/VA+아서/EC+포기/NNG+./SY+./SY"
          },
          {
            "id": 17,
            "text": "2 : 요즘 전기차도 엄청 잘나오는 거 같던데?! 그 테슬라 키키",
            "norm_text": "요즘 전기차도 엄청 잘나오는 거 같던데?! 그 테슬라 키키",
            "speaker": {
              "id": "2번",
              "sex": "여성",
              "age": "20대"
            },
            "speechAct": "(단언) 주장하기",
            "morpheme": "요즘/MAG+전기차/NNP+도/JX+엄청/MAG+잘/MAG+나오/VV+는/ETM+거/NNB+같/VA+던데/EF+!/SY+그/IC+테슬라/NNP+키키/NNP"
          },
          {
            "id": 18,
            "text": "1 : 아 키키 들어보긴 했는데 키키 일반인들도 탈 수 있는 고야?",
            "norm_text": "아 키키 들어보긴 했는데 키키 일반인들도 탈 수 있는 고야?",
            "speaker": {
              "id": "1번",
              "sex": "여성",
              "age": "20대"
            },
            "speechAct": "(지시) 질문하기",
            "morpheme": "아키/NNP+키/NNG+들/VV+어/EC+보/VX+긴/ETN+JX+했/VX+EP+는데/EC+키/NNG+키/NNG+일반인/NNG+들/XSN+도/JX+탈/VV+ETM+수/NNB+있/VV+는/ETM+고/NNG+야/VCP+EF"
          },
          {
            "id": 19,
            "text": "2 : 응응 당연하지 키키 파는 거니까",
            "norm_text": "응응 당연하지 키키 파는 거니까",
            "speaker": {
              "id": "2번",
              "sex": "여성",
              "age": "20대"
            },
            "speechAct": "(단언) 주장하기",
            "morpheme": "응/IC+응/IC+당연/XR+하/XSA+지/EC+키/NNG+키/XSV+ETN+파/VV+는/ETM+거/NNB+니까/VCP+EC"
          },
          {
            "id": 20,
            "text": "2 : 근데 가격이 어마어마어마하게 비싸대",
            "norm_text": "근데 가격이 어마어마어마하게 비싸대",
            "speaker": {
              "id": "2번",
              "sex": "여성",
              "age": "20대"
            },
            "speechAct": "(단언) 주장하기",
            "morpheme": "근데/MAJ+가격/NNG+이/JKS+어마/IC+어마어마/XR+하/XSA+게/EC+비싸/VA+대/EC"
          },
          {
            "id": 21,
            "text": "1 : 그렇구나 키키",
            "norm_text": "그렇구나 키키",
            "speaker": {
              "id": "1번",
              "sex": "여성",
              "age": "20대"
            },
            "speechAct": "(단언) 주장하기",
            "morpheme": "그렇/VA+구나/EF+키/NNG+키/XSV+ETN"
          },
          {
            "id": 22,
            "text": "1 : 대신 그거는 기름 값 안 들어가는 거 아냥? 키키",
            "norm_text": "대신 그거는 기름 값 안 들어가는 거 아냥? 키키",
            "speaker": {
              "id": "1번",
              "sex": "여성",
              "age": "20대"
            },
            "speechAct": "(지시) 질문하기",
            "morpheme": "대신/NNG+그거/NP+는/JX+기름/NNG+값/NNG+안/MAG+들어가/VV+는/ETM+거/NNB+아/VCP+EF+냥/NNBC+키/NNG+키/XSV+ETN"
          },
          {
            "id": 23,
            "text": "2 : 응 근데 뭐 충전 하는 기계가 따로 있어서 거기서 해야 될걸?",
            "norm_text": "응 근데 뭐 충전 하는 기계가 따로 있어서 거기서 해야 될걸?",
            "speaker": {
              "id": "2번",
              "sex": "여성",
              "age": "20대"
            },
            "speechAct": "(단언) 주장하기",
            "morpheme": "응/IC+근데/MAJ+뭐/IC+충전/NNG+하/XSV+는/ETM+기계/NNG+가/JKS+따로/MAG+있/VV+어서/EC+거기/NP+서/JKB+해야/VV+EC+될걸/VX+EF"
          },
          {
            "id": 24,
            "text": "2 : 그래서 그 차 있어도 충전 못하면 끝인 거야 키키",
            "norm_text": "그래서 그 차 있어도 충전 못하면 끝인 거야 키키",
            "speaker": {
              "id": "2번",
              "sex": "여성",
              "age": "20대"
            },
            "speechAct": "(단언) 주장하기",
            "morpheme": "그래서/MAJ+그/MM+차/NNG+있/VV+어도/EC+충전/NNG+못/MAG+하/VV+면/EC+끝/NNG+인/VCP+ETM+거/NNB+야/VCP+EF+키/NNG+키/XSV+ETN"
          },
          {
            "id": 25,
            "text": "1 : 키키 그렇구나 난 진짜 전기차 이런 건 넘 무지해서... 공부 좀 해야겠당 키키",
            "norm_text": "키키 그렇구나 난 진짜 전기차 이런 건 넘 무지해서... 공부 좀 해야겠당 키키",
            "speaker": {
              "id": "1번",
              "sex": "여성",
              "age": "20대"
            },
            "speechAct": "(단언) 주장하기",
            "morpheme": "키/NNG+키/XSV+ETN+그렇/VA+구나/EF+난/NP+JX+진짜/MAG+전기차/NNP+이런/MM+건/NNB+JX+넘/MAG+무지/MAG+해서/VV+EC+./SY+./SY+공부/NNG+좀/MAG+해야/VV+EC+VX+겠/EP+당/XSN+키/NNG+키/XSV+ETN"
          },
          {
            "id": 26,
            "text": "2 : 나도 아예 몰라 키키 그냥 어디서 전해 들은 걸 아는 정도야",
            "norm_text": "나도 아예 몰라 키키 그냥 어디서 전해 들은 걸 아는 정도야",
            "speaker": {
              "id": "2번",
              "sex": "여성",
              "age": "20대"
            },
            "speechAct": "(단언) 주장하기",
            "morpheme": "나/NP+도/JX+아예/MAG+몰라/VV+EC+키/NNG+키/NNG+그냥/MAG+어디/NP+서/JKB+전해들/VV+EC+VV+은/ETM+걸/NNB+JKO+아/VV+는/ETM+정도/NNG+야/VCP+EF"
          },
          {
            "id": 27,
            "text": "2 : 근데 테슬라 진짜 이쁘긴 하더라 키키",
            "norm_text": "근데 테슬라 진짜 이쁘긴 하더라 키키",
            "speaker": {
              "id": "2번",
              "sex": "여성",
              "age": "20대"
            },
            "speechAct": "(단언) 주장하기",
            "morpheme": "근데/MAJ+테슬라/NNP+진짜/MAG+이쁘/VA+긴/ETN+JX+하/VX+더라/EC+키/NNG+키/XSV+ETN"
          }
        ]
      }
    }
  ]
}