{
  "dataset": {
    "identifier": 63137,
    "name": "KAKAO_918_07_set",
    "src_path": "/data/file/cubeManager/PROJECT001/53/txt20211005154951050773/KAKAO_918_07_set/",
    "label_path": "/data/file/cubeManager/PROJECT001/53/txt20211005154951050773/KAKAO_918_07_set/",
    "category": 2,
    "type": 0
  },
  "licenses": {
    "name": "Apache License 1.0",
    "url": "http://www.apache.org/licenses/LICENSE-1.0"
  },
  "info": [
    {
      "id": 41784,
      "filename": "KAKAO_918_07.txt",
      "title": "KAKAO_918_07",
      "mediatype": "SNS",
      "medianame": "카카오톡",
      "category": "일상대화",
      "date": "2021-10-05",
      "size": 469,
      "annotations": {
        "subject": "가족",
        "speaker_type": "1:1",
        "size": 469,
        "word_size": 156,
        "text": "1 : 부모님이랑 사이 좋은 편이야?\n2 : 어 좋치 어머니 혼자 있으셔서 나한테 의지를 많이 해\n1 : 니가 가장이네 그럼 잘해야겠다...\n2 : 글치 내만 보고 있으니까\n2 : 너는 부모님이랑 사이 좋아?\n1 : 나는 사이 좋다\n1 : 요즘은 엄마가 갱년기인지 짜증이 많아져서 내가 중재자 역할 키키\n2 : 고생이 많네\n2 : 우리 어머니도 갱년기라서 화 많이 내시는데\n1 : 엄마 나이 대 되면 다 그런가 봐 키키\n1 : 니랑 내랑도 늙을 텐데 잘해야지\n2 : 알지 아는데 너무 짜쯩 내시니까 나도 스트레스야\n1 : 근데 어머니랑 따로 살지 않아?\n2 : 어 따로 살고 있지\n2 : 주말마다 집에 간다\n1 : 동생이 더 스트레스 받을 것 같은데 동생한테 잘해 줘라 ㅠㅠ\n2 : 동생이 내한테 제일 스트레스 주는 사람이다 키키\n1 : 아 키키 교육 시켜야겠네\n2 : 키키 근데 내 말 안 듣는다\n1 : 키키 그냥 서로 서로 조심해야겠네\n2 : 어 키키 너 동생은 착하나?",
        "lines": [
          {
            "id": 1,
            "text": "1 : 부모님이랑 사이 좋은 편이야?",
            "norm_text": "부모님이랑 사이 좋은 편이야?",
            "speaker": {
              "id": "1번",
              "sex": "여성",
              "age": "20대"
            },
            "speechAct": "(지시) 질문하기",
            "morpheme": "부모/NNG+님/XSN+이랑/JKB+사이/NNG+좋/VA+은/ETM+편/NNB+이/VCP+야/EF"
          },
          {
            "id": 2,
            "text": "2 : 어 좋치 어머니 혼자 있으셔서 나한테 의지를 많이 해",
            "norm_text": "어 좋치 어머니 혼자 있으셔서 나한테 의지를 많이 해",
            "speaker": {
              "id": "2번",
              "sex": "남성",
              "age": "30대"
            },
            "speechAct": "(단언) 진술하기",
            "morpheme": "어/IC+좋/VA+치/XSN+어머니/NNG+혼자/MAG+있/VV+으셔서/EP+EC+나/NP+한테/JKB+의지/NNG+를/JKO+많이/MAG+해/VV+EC"
          },
          {
            "id": 3,
            "text": "1 : 니가 가장이네 그럼 잘해야겠다...",
            "norm_text": "니가 가장이네 그럼 잘해야겠다...",
            "speaker": {
              "id": "1번",
              "sex": "여성",
              "age": "20대"
            },
            "speechAct": "(단언) 주장하기",
            "morpheme": "니/NP+가/JKS+가장/MAG+이/VCP+네/EF+그럼/MAJ+잘/MAG+해야겠다/VV+EC+VX+EP+EF+./SY"
          },
          {
            "id": 4,
            "text": "2 : 글치 내만 보고 있으니까",
            "norm_text": "글치 내만 보고 있으니까",
            "speaker": {
              "id": "2번",
              "sex": "남성",
              "age": "30대"
            },
            "speechAct": "(단언) 진술하기",
            "morpheme": "글/NNG+치내/NNG+만/JX+보/VV+고/EC+있/VX+으니까/EC"
          },
          {
            "id": 5,
            "text": "2 : 너는 부모님이랑 사이 좋아?",
            "norm_text": "너는 부모님이랑 사이 좋아?",
            "speaker": {
              "id": "2번",
              "sex": "남성",
              "age": "30대"
            },
            "speechAct": "(지시) 질문하기",
            "morpheme": "너/NP+는/JX+부모/NNG+님/XSN+이랑/JKB+사이/NNG+좋/VA+아/EF"
          },
          {
            "id": 6,
            "text": "1 : 나는 사이 좋다",
            "norm_text": "나는 사이 좋다",
            "speaker": {
              "id": "1번",
              "sex": "여성",
              "age": "20대"
            },
            "speechAct": "(단언) 진술하기",
            "morpheme": "나/NP+는/JX+사이/NNG+좋/VA+다/EC"
          },
          {
            "id": 7,
            "text": "1 : 요즘은 엄마가 갱년기인지 짜증이 많아져서 내가 중재자 역할 키키",
            "norm_text": "요즘은 엄마가 갱년기인지 짜증이 많아져서 내가 중재자 역할 키키",
            "speaker": {
              "id": "1번",
              "sex": "여성",
              "age": "20대"
            },
            "speechAct": "(단언) 진술하기",
            "morpheme": "요즘/NNG+은/JX+엄마/NNG+가/JKS+갱년기/NNG+인지/VCP+EC+짜증/NNG+이/JKS+많/VA+아/EC+져서/VX+EC+내/NP+가/JKS+중재자/NNG+역할/NNG+키/NNG+키/XSV+ETN"
          },
          {
            "id": 8,
            "text": "2 : 고생이 많네",
            "norm_text": "고생이 많네",
            "speaker": {
              "id": "2번",
              "sex": "남성",
              "age": "30대"
            },
            "speechAct": "(단언) 진술하기",
            "morpheme": "고생/NNG+이/JKS+많/VA+네/EC"
          },
          {
            "id": 9,
            "text": "2 : 우리 어머니도 갱년기라서 화 많이 내시는데",
            "norm_text": "우리 어머니도 갱년기라서 화 많이 내시는데",
            "speaker": {
              "id": "2번",
              "sex": "남성",
              "age": "30대"
            },
            "speechAct": "(단언) 진술하기",
            "morpheme": "우리/NP+어머니/NNG+도/JX+갱년기/NNG+라서/VCP+EC+화/NNG+많이/MAG+내/VV+시/EP+는데/EC"
          },
          {
            "id": 10,
            "text": "1 : 엄마 나이 대 되면 다 그런가 봐 키키",
            "norm_text": "엄마 나이 대 되면 다 그런가 봐 키키",
            "speaker": {
              "id": "1번",
              "sex": "여성",
              "age": "20대"
            },
            "speechAct": "(단언) 진술하기",
            "morpheme": "엄마/NNG+나/JC+이대/NNG+되/XSV+면/EC+다/MAG+그런가/VA+EC+봐/VX+EF+키/NNG+키/XSV+ETN"
          },
          {
            "id": 11,
            "text": "1 : 니랑 내랑도 늙을 텐데 잘해야지",
            "norm_text": "니랑 내랑도 늙을 텐데 잘해야지",
            "speaker": {
              "id": "1번",
              "sex": "여성",
              "age": "20대"
            },
            "speechAct": "(단언) 주장하기",
            "morpheme": "니랑/NNG+내/NNB+랑/JKB+도/JX+늙/VV+을/ETM+텐데/NNB+VCP+EC+잘/MAG+해야지/VV+EC"
          },
          {
            "id": 12,
            "text": "2 : 알지 아는데 너무 짜쯩 내시니까 나도 스트레스야",
            "norm_text": "알지 아는데 너무 짜쯩 내시니까 나도 스트레스야",
            "speaker": {
              "id": "2번",
              "sex": "남성",
              "age": "30대"
            },
            "speechAct": "(단언) 주장하기",
            "morpheme": "알/VV+지/EC+아/VV+는데/EC+너무/MAG+짜/VV+EC+쯩/NNG+내/VV+시/EP+니까/EC+나/NP+도/JX+스트레스/NNG+야/VCP+EF"
          },
          {
            "id": 13,
            "text": "1 : 근데 어머니랑 따로 살지 않아?",
            "norm_text": "근데 어머니랑 따로 살지 않아?",
            "speaker": {
              "id": "1번",
              "sex": "여성",
              "age": "20대"
            },
            "speechAct": "(지시) 질문하기",
            "morpheme": "근데/MAJ+어머니/NNG+랑/JKB+따로/MAG+살/VV+지/EC+않/VX+아/EF"
          },
          {
            "id": 14,
            "text": "2 : 어 따로 살고 있지",
            "norm_text": "어 따로 살고 있지",
            "speaker": {
              "id": "2번",
              "sex": "남성",
              "age": "30대"
            },
            "speechAct": "(단언) 진술하기",
            "morpheme": "어/IC+따로/MAG+살/VV+고/EC+있/VX+지/EC"
          },
          {
            "id": 15,
            "text": "2 : 주말마다 집에 간다",
            "norm_text": "주말마다 집에 간다",
            "speaker": {
              "id": "2번",
              "sex": "남성",
              "age": "30대"
            },
            "speechAct": "(단언) 진술하기",
            "morpheme": "주말/NNG+마다/JX+집/NNG+에/JKB+간다/VV+EC"
          },
          {
            "id": 16,
            "text": "1 : 동생이 더 스트레스 받을 것 같은데 동생한테 잘해 줘라 ㅠㅠ",
            "norm_text": "동생이 더 스트레스 받을 것 같은데 동생한테 잘해 줘라 ㅠㅠ",
            "speaker": {
              "id": "1번",
              "sex": "여성",
              "age": "20대"
            },
            "speechAct": "(지시) 충고/제안하기",
            "morpheme": "동생/NNG+이/JKS+더/MAG+스트레스/NNG+받/VV+을/ETM+것/NNB+같/VA+은데/EC+동생/NNG+한테/JKB+잘/MAG+해/VV+EC+줘라/VX+EF+ㅠㅠ/UNKNOWN"
          },
          {
            "id": 17,
            "text": "2 : 동생이 내한테 제일 스트레스 주는 사람이다 키키",
            "norm_text": "동생이 내한테 제일 스트레스 주는 사람이다 키키",
            "speaker": {
              "id": "2번",
              "sex": "남성",
              "age": "30대"
            },
            "speechAct": "(단언) 진술하기",
            "morpheme": "동생/NNG+이/JKS+내/NP+한테/JKB+제일/MAG+스트레스/NNG+주/VV+는/ETM+사람/NNG+이/JKS+다키키/NNP"
          },
          {
            "id": 18,
            "text": "1 : 아 키키 교육 시켜야겠네",
            "norm_text": "아 키키 교육 시켜야겠네",
            "speaker": {
              "id": "1번",
              "sex": "여성",
              "age": "20대"
            },
            "speechAct": "(단언) 진술하기",
            "morpheme": "아키/NNP+키/NNG+교육/NNG+시켜야/XSV+EC+VX+겠/EP+네/EF"
          },
          {
            "id": 19,
            "text": "2 : 키키 근데 내 말 안 듣는다",
            "norm_text": "키키 근데 내 말 안 듣는다",
            "speaker": {
              "id": "2번",
              "sex": "남성",
              "age": "30대"
            },
            "speechAct": "(단언) 진술하기",
            "morpheme": "키/NNG+키/XSV+ETN+근데/MAJ+내/MM+말/NNG+안/MAG+듣/VV+는다/EC"
          },
          {
            "id": 20,
            "text": "1 : 키키 그냥 서로 서로 조심해야겠네",
            "norm_text": "키키 그냥 서로 서로 조심해야겠네",
            "speaker": {
              "id": "1번",
              "sex": "여성",
              "age": "20대"
            },
            "speechAct": "(단언) 진술하기",
            "morpheme": "키/NNG+키/NNG+그냥/MAG+서로/MAG+서로/MAG+조심/NNG+해야/XSV+EC+VX+겠/EP+네/EF"
          },
          {
            "id": 21,
            "text": "2 : 어 키키 너 동생은 착하나?",
            "norm_text": "어 키키 너 동생은 착하나?",
            "speaker": {
              "id": "2번",
              "sex": "남성",
              "age": "30대"
            },
            "speechAct": "(지시) 질문하기",
            "morpheme": "어/IC+키/NNG+키너/NNP+동생/NNG+은/JX+착하/VA+나/EF"
          }
        ]
      }
    }
  ]
}