{
  "dataset": {
    "identifier": 63846,
    "name": "KAKAO_901_17_set",
    "src_path": "/data/file/cubeManager/PROJECT001/53/txt20211005153438086545/KAKAO_901_17_set/",
    "label_path": "/data/file/cubeManager/PROJECT001/53/txt20211005153438086545/KAKAO_901_17_set/",
    "category": 2,
    "type": 0
  },
  "licenses": {
    "name": "Apache License 1.0",
    "url": "http://www.apache.org/licenses/LICENSE-1.0"
  },
  "info": [
    {
      "id": 41494,
      "filename": "KAKAO_901_17.txt",
      "title": "KAKAO_901_17",
      "mediatype": "SNS",
      "medianame": "카카오톡",
      "category": "일상대화",
      "date": "2021-10-05",
      "size": 461,
      "annotations": {
        "subject": "건강",
        "speaker_type": "1:1",
        "size": 461,
        "word_size": 150,
        "text": "1 : 신체는 건강한데 피부가 문제네 키키\n2 : 키키 그래도 돈 들이면 또 효과가 있죠\n1 : 그렇겠지 키키 그런데 돈이 없는데 큰일이네 키키\n2 : 키키 빨리 우리 둘 다 취업합시다\n1 : 키키 그게 문제네 내년에는 돈 좀 벌고 있겠지\n2 : 내년이 가기 전에 취업 하는 걸 목표로\n1 : 키키 내년에는 무조건 해야지 진짜 이제 모아 논 돈도 떨어지고 있어\n2 : 진짜 문제네요 휴... 저도 이제 부모님한테 의지 하는 게 죄송스러운데\n1 : 그러니까 이제 우리가 용돈 줄 나이인데\n2 : 그니깐요 휴... 그래도 이제 취업해서 돈 많이 벌면 드리면 되겠죠\n1 : 그럼 이제 효도하면 되지 뭐!\n2 : 맞아요 키키 근데 그럼 언제 돈을 모으지...\n1 : 키키 진짜 뭐 인생이 딜레마 연속이고\n2 : 키키 그니깐요 돈은 계속 모아야 하고\n1 : 키키 진짜 언제 돈 모으고 언제 집 사고 언제 차 사지\n2 : 키키 가능은 한 거겠죠? 약간 답답...",
        "lines": [
          {
            "id": 1,
            "text": "1 : 신체는 건강한데 피부가 문제네 키키",
            "norm_text": "신체는 건강한데 피부가 문제네 키키",
            "speaker": {
              "id": "1번",
              "sex": "남성",
              "age": "20대"
            },
            "speechAct": "(단언) 진술하기",
            "morpheme": "신체/NNG+는/JX+건강/NNG+한데/XSA+EC+피부/NNG+가/JKS+문제/NNG+네/XSN+키/NNG+키/XSV+ETN"
          },
          {
            "id": 2,
            "text": "2 : 키키 그래도 돈 들이면 또 효과가 있죠",
            "norm_text": "키키 그래도 돈 들이면 또 효과가 있죠",
            "speaker": {
              "id": "2번",
              "sex": "남성",
              "age": "20대"
            },
            "speechAct": "(단언) 주장하기",
            "morpheme": "키/NNG+키/XSV+ETN+그래도/MAJ+돈/NNG+들/XSN+이/VCP+면/EC+또/MAG+효과/NNG+가/JKS+있/VA+죠/EF"
          },
          {
            "id": 3,
            "text": "1 : 그렇겠지 키키 그런데 돈이 없는데 큰일이네 키키",
            "norm_text": "그렇겠지 키키 그런데 돈이 없는데 큰일이네 키키",
            "speaker": {
              "id": "1번",
              "sex": "남성",
              "age": "20대"
            },
            "speechAct": "(단언) 주장하기",
            "morpheme": "그렇/VA+겠/EP+지/EC+키/NNG+키/XSV+ETN+그런데/MAJ+돈/NNG+이/JKS+없/VA+는데/EC+큰일/NNG+이/JKS+네/MM+키/NNG+키/XSV+ETN"
          },
          {
            "id": 4,
            "text": "2 : 키키 빨리 우리 둘 다 취업합시다",
            "norm_text": "키키 빨리 우리 둘 다 취업합시다",
            "speaker": {
              "id": "2번",
              "sex": "남성",
              "age": "20대"
            },
            "speechAct": "(지시) 충고/제안하기",
            "morpheme": "키/NNG+키/XSV+ETN+빨리/MAG+우리/NP+둘/NR+다/MAG+취업/NNG+합시다/XSV+EC"
          },
          {
            "id": 5,
            "text": "1 : 키키 그게 문제네 내년에는 돈 좀 벌고 있겠지",
            "norm_text": "키키 그게 문제네 내년에는 돈 좀 벌고 있겠지",
            "speaker": {
              "id": "1번",
              "sex": "남성",
              "age": "20대"
            },
            "speechAct": "(지시) 질문하기",
            "morpheme": "키/NNG+키/XSV+ETN+그게/NP+JKS+문제/NNG+네/XSN+내년/NNG+에/JKB+는/JX+돈/NNG+좀/MAG+벌/VV+고/EC+있/VX+겠/EP+지/EC"
          },
          {
            "id": 6,
            "text": "2 : 내년이 가기 전에 취업 하는 걸 목표로",
            "norm_text": "내년이 가기 전에 취업 하는 걸 목표로",
            "speaker": {
              "id": "2번",
              "sex": "남성",
              "age": "20대"
            },
            "speechAct": "(단언) 진술하기",
            "morpheme": "내년/NNG+이/JKS+가/VV+기/ETN+전/NNG+에/JKB+취업/NNG+하/XSV+는/ETM+걸/NNB+JKO+목표/NNG+로/JKB"
          },
          {
            "id": 7,
            "text": "1 : 키키 내년에는 무조건 해야지 진짜 이제 모아 논 돈도 떨어지고 있어",
            "norm_text": "키키 내년에는 무조건 해야지 진짜 이제 모아 논 돈도 떨어지고 있어",
            "speaker": {
              "id": "1번",
              "sex": "남성",
              "age": "20대"
            },
            "speechAct": "(단언) 진술하기",
            "morpheme": "키/NNG+키/NNG+내년/NNG+에/JKB+는/JX+무조건/MAG+해야지/VV+EF+진짜/MAG+이제/MAG+모아논/VV+EC+VV+ETM+돈/NNG+도/JX+떨어지/VV+고/EC+있/VX+어/EC"
          },
          {
            "id": 8,
            "text": "2 : 진짜 문제네요 휴... 저도 이제 부모님한테 의지 하는 게 죄송스러운데",
            "norm_text": "진짜 문제네요 휴... 저도 이제 부모님한테 의지 하는 게 죄송스러운데",
            "speaker": {
              "id": "2번",
              "sex": "남성",
              "age": "20대"
            },
            "speechAct": "(단언) 주장하기",
            "morpheme": "진짜/MAG+문제/NNG+네요/VCP+EF+휴/IC+./SY+저/NP+도/JX+이제/MAG+부모/NNG+님/XSN+한테/JKB+의지/NNG+하/XSV+는/ETM+게/NNB+JKS+죄송/XR+스러운데/XSA+EC"
          },
          {
            "id": 9,
            "text": "1 : 그러니까 이제 우리가 용돈 줄 나이인데",
            "norm_text": "그러니까 이제 우리가 용돈 줄 나이인데",
            "speaker": {
              "id": "1번",
              "sex": "남성",
              "age": "20대"
            },
            "speechAct": "(단언) 진술하기",
            "morpheme": "그러니까/MAJ+이제/MAG+우리/NP+가/JKS+용돈/NNG+줄/NNG+나이/NNG+인데/VCP+EC"
          },
          {
            "id": 10,
            "text": "2 : 그니깐요 휴... 그래도 이제 취업해서 돈 많이 벌면 드리면 되겠죠",
            "norm_text": "그니깐요 휴... 그래도 이제 취업해서 돈 많이 벌면 드리면 되겠죠",
            "speaker": {
              "id": "2번",
              "sex": "남성",
              "age": "20대"
            },
            "speechAct": "(지시) 질문하기",
            "morpheme": "그니깐/MAJ+요/JX+휴/IC+./SY+그래도/MAJ+이제/MAG+취업/NNG+해서/XSV+EC+돈/NNG+많이/MAG+벌/VV+면/EC+드리/VX+면/EC+되/VV+겠/EP+죠/EF"
          },
          {
            "id": 11,
            "text": "1 : 그럼 이제 효도하면 되지 뭐!",
            "norm_text": "그럼 이제 효도하면 되지 뭐!",
            "speaker": {
              "id": "1번",
              "sex": "남성",
              "age": "20대"
            },
            "speechAct": "(단언) 주장하기",
            "morpheme": "그럼/MAJ+이제/MAG+효도/NNG+하/XSV+면/EC+되/VV+지/EF+뭐/IC"
          },
          {
            "id": 12,
            "text": "2 : 맞아요 키키 근데 그럼 언제 돈을 모으지...",
            "norm_text": "맞아요 키키 근데 그럼 언제 돈을 모으지...",
            "speaker": {
              "id": "2번",
              "sex": "남성",
              "age": "20대"
            },
            "speechAct": "(지시) 질문하기",
            "morpheme": "맞/VV+아요/EF+키/NNG+키/XSV+ETN+근데/MAJ+그럼/MAJ+언제/MAG+돈/NNG+을/JKO+모으/VV+지/EF+./SY"
          },
          {
            "id": 13,
            "text": "1 : 키키 진짜 뭐 인생이 딜레마 연속이고",
            "norm_text": "키키 진짜 뭐 인생이 딜레마 연속이고",
            "speaker": {
              "id": "1번",
              "sex": "남성",
              "age": "20대"
            },
            "speechAct": "(단언) 주장하기",
            "morpheme": "키/NNG+키/XSV+ETN+진짜/MAG+뭐/IC+인생/NNG+이/JKS+딜레마/NNG+연속/NNG+이/VCP+고/EC"
          },
          {
            "id": 14,
            "text": "2 : 키키 그니깐요 돈은 계속 모아야 하고",
            "norm_text": "키키 그니깐요 돈은 계속 모아야 하고",
            "speaker": {
              "id": "2번",
              "sex": "남성",
              "age": "20대"
            },
            "speechAct": "(단언) 진술하기",
            "morpheme": "키/NNG+키/XSV+ETN+그니깐/MAJ+요/MM+돈/NNG+은/JX+계속/MAG+모아야/VV+EC+하/VV+고/EC"
          },
          {
            "id": 15,
            "text": "1 : 키키 진짜 언제 돈 모으고 언제 집 사고 언제 차 사지",
            "norm_text": "키키 진짜 언제 돈 모으고 언제 집 사고 언제 차 사지",
            "speaker": {
              "id": "1번",
              "sex": "남성",
              "age": "20대"
            },
            "speechAct": "(지시) 질문하기",
            "morpheme": "키/NNG+키/XSV+ETN+진짜/MAG+언제/MAG+돈/NNG+모으/VV+고/EC+언제/MAG+집사/NNG+고/VCP+EC+언제/MAG+차/NNG+사지/NNG"
          },
          {
            "id": 16,
            "text": "2 : 키키 가능은 한 거겠죠? 약간 답답...",
            "norm_text": "키키 가능은 한 거겠죠? 약간 답답...",
            "speaker": {
              "id": "2번",
              "sex": "남성",
              "age": "20대"
            },
            "speechAct": "(지시) 질문하기",
            "morpheme": "키/NNG+키/NNG+가능/NNG+은/JX+한/VV+ETM+거/NNB+겠/VCP+EP+죠/EF+약간/MAG+답답/XR+./SY+./SY"
          }
        ]
      }
    }
  ]
}