{
  "dataset": {
    "identifier": 63701,
    "name": "KAKAO_902_02_set",
    "src_path": "/data/file/cubeManager/PROJECT001/53/txt20211005153950061345/KAKAO_902_02_set/",
    "label_path": "/data/file/cubeManager/PROJECT001/53/txt20211005153950061345/KAKAO_902_02_set/",
    "category": 2,
    "type": 0
  },
  "licenses": {
    "name": "Apache License 1.0",
    "url": "http://www.apache.org/licenses/LICENSE-1.0"
  },
  "info": [
    {
      "id": 41539,
      "filename": "KAKAO_902_02.txt",
      "title": "KAKAO_902_02",
      "mediatype": "SNS",
      "medianame": "카카오톡",
      "category": "일상대화",
      "date": "2021-10-05",
      "size": 718,
      "annotations": {
        "subject": "주거와 생활",
        "speaker_type": "다자간 대화",
        "size": 718,
        "word_size": 237,
        "text": "1 : 우리 집에 너구리 있는데 안 먹어서 몇 달 방치함\n2 : 아 키키 야 근데 너네 집 집값 좀 올랐냐?\n3 : 키키 나 옛날 집은 좀 올랐던데 키키 한 1억?\n1 : 미안한데 나는 살면서 집을 가져본 적이 없어...\n2 : 아 진짜로? 우리 집 최근에 6억 찍었다더라 키키\n3 : 헉 미쳤네 나 1억만 그걸로 부동산 해야겠다\n1 : 헐 부러워 ... 난 본가도 나 사는 곳도 월센데\n2 : 아 그렇구나 미안... 다들 우리 집 근처로 이사와\n3 : 너네 집 근처는 너무 시끄러워 유흥가 많잖아\n1 : 맞아 ㅠㅠ 옆에 베라도 있지 않아? 베라 있으면 초등학생 많아서 시끄러울 듯\n2 : 베라도 있고 든킨드나스도 들어왔어 최근에! 우리 집 최고\n3 : 키키 나는 터미널 근처 사는 거라 다 있음\n1 : 맞아 우리 동네가 진짜 좋음 그냥 니가 이사 와라\n2 : 안 그래도 요즘 자취할 데 찾고 있어 키키\n3 : 웬 자취? 자취가 로망이라서 하는 거냐\n1 : 야 집값이 6억이 올랐는데 뭔 자취야 월세를 왜 내\n2 : 아니 자취하려고 살 집 찾고 있다고 2억 이내로\n3 : ? 2억 이내는 뭐야 전세 찾는 거?\n1 : 키키 겁나 웃기네 좀 부유한 친구들은 사상이 다르네\n2 : 내 집 내가 사겠다는데 왜 그래...\n3 : 거기에 돈 더해서 우리도 같이 살게 해줘라\n1 : 인정... 남자 2명에 여자1 살기 좋네 ^^\n2 : 방은 하나씩 내줄테니까 빨래랑 설거지 밥은 꼬들밥으로^^\n3 : 내가 청소할게 나 청소하는 거 좋아함",
        "lines": [
          {
            "id": 1,
            "text": "1 : 우리 집에 너구리 있는데 안 먹어서 몇 달 방치함",
            "norm_text": "우리 집에 너구리 있는데 안 먹어서 몇 달 방치함",
            "speaker": {
              "id": "1번",
              "sex": "여성",
              "age": "20대"
            },
            "speechAct": "(단언) 진술하기",
            "morpheme": "우리/NP+집/NNG+에/JKB+너구리/NNG+있/VV+는데/EC+안/MAG+먹/VV+어서/EC+몇/MM+달/NNBC+방치/NNG+함/XSV+ETN"
          },
          {
            "id": 2,
            "text": "2 : 아 키키 야 근데 너네 집 집값 좀 올랐냐?",
            "norm_text": "아 키키 야 근데 너네 집 집값 좀 올랐냐?",
            "speaker": {
              "id": "2번",
              "sex": "남성",
              "age": "20대"
            },
            "speechAct": "(지시) 질문하기",
            "morpheme": "아키/NNP+키/NNG+야/VCP+EF+근데/MAJ+너/NP+네/XSN+집집/NNG+값/NNG+좀/MAG+올랐/VV+EP+냐/EF"
          },
          {
            "id": 3,
            "text": "3 : 키키 나 옛날 집은 좀 올랐던데 키키 한 1억?",
            "norm_text": "키키 나 옛날 집은 좀 올랐던데 키키 한 1억?",
            "speaker": {
              "id": "3번",
              "sex": "남성",
              "age": "20대"
            },
            "speechAct": "(단언) 진술하기",
            "morpheme": "키/NNG+키나/XSA+ETN+JX+옛날/NNG+집/NNG+은/JX+좀/MAG+올랐/VV+EP+던/ETM+데/NNB+키/NNG+키/NNG+한/XSA+ETM+1/SN+억/NR"
          },
          {
            "id": 4,
            "text": "1 : 미안한데 나는 살면서 집을 가져본 적이 없어...",
            "norm_text": "미안한데 나는 살면서 집을 가져본 적이 없어...",
            "speaker": {
              "id": "1번",
              "sex": "여성",
              "age": "20대"
            },
            "speechAct": "(단언) 진술하기",
            "morpheme": "미안/NNG+한데/XSA+EC+나/NP+는/JX+살/VV+면서/EC+집/NNG+을/JKO+가져본/VV+EC+VX+ETM+적/NNB+이/JKS+없/VA+어/EF+./SY"
          },
          {
            "id": 5,
            "text": "2 : 아 진짜로? 우리 집 최근에 6억 찍었다더라 키키",
            "norm_text": "아 진짜로? 우리 집 최근에 6억 찍었다더라 키키",
            "speaker": {
              "id": "2번",
              "sex": "남성",
              "age": "20대"
            },
            "speechAct": "(단언) 진술하기",
            "morpheme": "아/IC+진짜로/MAG+우리/NP+집/NNG+최근/NNG+에/JKB+6/SN+억찍었다더라키키/UNKNOWN"
          },
          {
            "id": 6,
            "text": "3 : 헉 미쳤네 나 1억만 그걸로 부동산 해야겠다",
            "norm_text": "헉 미쳤네 나 1억만 그걸로 부동산 해야겠다",
            "speaker": {
              "id": "3번",
              "sex": "남성",
              "age": "20대"
            },
            "speechAct": "(언약) 약속하기(제3자와)/(개인적 수준)",
            "morpheme": "헉/MAG+미쳤/VV+EP+네/EF+나/JC+1/SN+억만/NR+그걸로/NP+JKB+부동산/NNG+해야/XSV+EC+VX+겠/EP+다/EC"
          },
          {
            "id": 7,
            "text": "1 : 헐 부러워 ... 난 본가도 나 사는 곳도 월센데",
            "norm_text": "헐 부러워 ... 난 본가도 나 사는 곳도 월센데",
            "speaker": {
              "id": "1번",
              "sex": "여성",
              "age": "20대"
            },
            "speechAct": "(단언) 주장하기",
            "morpheme": "헐/VV+JKO+부러워/VA+EF+./SY+난/NP+JX+본가/NNG+도/JX+나사/NNG+는/JX+곳/NNG+도/JX+월센데/NNG+VCP+EC"
          },
          {
            "id": 8,
            "text": "2 : 아 그렇구나 미안... 다들 우리 집 근처로 이사와",
            "norm_text": "아 그렇구나 미안... 다들 우리 집 근처로 이사와",
            "speaker": {
              "id": "2번",
              "sex": "남성",
              "age": "20대"
            },
            "speechAct": "(지시) 충고/제안하기",
            "morpheme": "아/IC+그렇/VA+구나/EF+미안/IC+./SY+다/MAG+들/XSN+우리/NP+집/NNG+근처/NNG+로/JKB+이사/NNG+와/JC"
          },
          {
            "id": 9,
            "text": "3 : 너네 집 근처는 너무 시끄러워 유흥가 많잖아",
            "norm_text": "너네 집 근처는 너무 시끄러워 유흥가 많잖아",
            "speaker": {
              "id": "3번",
              "sex": "남성",
              "age": "20대"
            },
            "speechAct": "(단언) 주장하기",
            "morpheme": "너/NP+네/XSN+집/NNG+근처/NNG+는/JX+너무/MAG+시끄러워/VA+EC+유흥가/NNG+많/VA+잖아/EC"
          },
          {
            "id": 10,
            "text": "1 : 맞아 ㅠㅠ 옆에 베라도 있지 않아? 베라 있으면 초등학생 많아서 시끄러울 듯",
            "norm_text": "맞아 ㅠㅠ 옆에 베라도 있지 않아? 베라 있으면 초등학생 많아서 시끄러울 듯",
            "speaker": {
              "id": "1번",
              "sex": "여성",
              "age": "20대"
            },
            "speechAct": "(단언) 주장하기",
            "morpheme": "맞/VV+아/EC+ㅠㅠ/UNKNOWN+옆/NNG+에/JKB+베/VV+라도/EC+있/VX+지/EC+않/VX+아/EF+베/VV+라/EC+있/VX+으면/EC+초등학생/NNG+많/VA+아서/EC+시끄러울/VA+ETM+듯/NNB"
          },
          {
            "id": 11,
            "text": "2 : 베라도 있고 든킨드나스도 들어왔어 최근에! 우리 집 최고",
            "norm_text": "베라도 있고 든킨드나스도 들어왔어 최근에! 우리 집 최고",
            "speaker": {
              "id": "2번",
              "sex": "남성",
              "age": "20대"
            },
            "speechAct": "(단언) 주장하기",
            "morpheme": "베/VV+라도/EC+있/VX+고/EC+든/VV+ETM+킨드/UNKNOWN+나스/NNP+도/JX+들어왔/VV+EP+어/EC+최근/NNG+에/JKB+우리/NP+집/NNG+최고/NNG"
          },
          {
            "id": 12,
            "text": "3 : 키키 나는 터미널 근처 사는 거라 다 있음",
            "norm_text": "키키 나는 터미널 근처 사는 거라 다 있음",
            "speaker": {
              "id": "3번",
              "sex": "남성",
              "age": "20대"
            },
            "speechAct": "(단언) 진술하기",
            "morpheme": "키/NNG+키나/XSA+ETN+JX+는/JX+터미널/NNG+근처/NNG+사/VV+는/ETM+거/NNB+라/VCP+EC+다/MAG+있/VV+음/ETN"
          },
          {
            "id": 13,
            "text": "1 : 맞아 우리 동네가 진짜 좋음 그냥 니가 이사 와라",
            "norm_text": "맞아 우리 동네가 진짜 좋음 그냥 니가 이사 와라",
            "speaker": {
              "id": "1번",
              "sex": "여성",
              "age": "20대"
            },
            "speechAct": "(지시) 충고/제안하기",
            "morpheme": "맞/VV+아/EC+우리/NP+동네/NNG+가/JKS+진짜/MAG+좋/VA+음/EC+그냥/MAG+니/NP+가/JKS+이사/NNG+와라/VV+EC"
          },
          {
            "id": 14,
            "text": "2 : 안 그래도 요즘 자취할 데 찾고 있어 키키",
            "norm_text": "안 그래도 요즘 자취할 데 찾고 있어 키키",
            "speaker": {
              "id": "2번",
              "sex": "남성",
              "age": "20대"
            },
            "speechAct": "(단언) 진술하기",
            "morpheme": "안/MAG+그래도/VV+EC+요즘/NNG+자취/NNG+할/XSV+ETM+데/NNB+찾/VV+고/EC+있/VX+어/EC+키/NNG+키/XSV+ETN"
          },
          {
            "id": 15,
            "text": "3 : 웬 자취? 자취가 로망이라서 하는 거냐",
            "norm_text": "웬 자취? 자취가 로망이라서 하는 거냐",
            "speaker": {
              "id": "3번",
              "sex": "남성",
              "age": "20대"
            },
            "speechAct": "(지시) 질문하기",
            "morpheme": "웬/MM+자취/NNG+?/SY+자취/NNG+가/JKS+로망/NNG+이/VCP+라서/EC+하/VV+는/ETM+거/NNB+냐/VCP+EC"
          },
          {
            "id": 16,
            "text": "1 : 야 집값이 6억이 올랐는데 뭔 자취야 월세를 왜 내",
            "norm_text": "야 집값이 6억이 올랐는데 뭔 자취야 월세를 왜 내",
            "speaker": {
              "id": "1번",
              "sex": "여성",
              "age": "20대"
            },
            "speechAct": "(단언) 주장하기",
            "morpheme": "야집/NNG+값/NNG+이/JKS+6/SN+억/NR+이/JKS+올랐/VV+EP+는데/EC+뭔/MM+자취/NNG+야/VCP+EF+월세/NNG+를/JKO+왜/MAG+내/MM"
          },
          {
            "id": 17,
            "text": "2 : 아니 자취하려고 살 집 찾고 있다고 2억 이내로",
            "norm_text": "아니 자취하려고 살 집 찾고 있다고 2억 이내로",
            "speaker": {
              "id": "2번",
              "sex": "남성",
              "age": "20대"
            },
            "speechAct": "(단언) 진술하기",
            "morpheme": "아니/IC+자취/NNG+하/XSV+려고/EC+살집/NNG+찾/VV+고/EC+있/VX+다고/EC+2/SN+억/NR+이내/NNG+로/JKB"
          },
          {
            "id": 18,
            "text": "3 : ? 2억 이내는 뭐야 전세 찾는 거?",
            "norm_text": "? 2억 이내는 뭐야 전세 찾는 거?",
            "speaker": {
              "id": "3번",
              "sex": "남성",
              "age": "20대"
            },
            "speechAct": "(지시) 질문하기",
            "morpheme": "?/SY+2/SN+억/NR+이/JKS+내/NP+는/JX+뭐/NP+야/VCP+EF+전세/NNG+찾/VV+는/ETM+거/NNB"
          },
          {
            "id": 19,
            "text": "1 : 키키 겁나 웃기네 좀 부유한 친구들은 사상이 다르네",
            "norm_text": "키키 겁나 웃기네 좀 부유한 친구들은 사상이 다르네",
            "speaker": {
              "id": "1번",
              "sex": "여성",
              "age": "20대"
            },
            "speechAct": "(단언) 주장하기",
            "morpheme": "키/NNG+키/XSV+ETN+겁나/VV+EC+웃기/VV+네/EF+좀/MAG+부유/NNG+한/XSA+ETM+친구/NNG+들/XSN+은/JX+사상/NNG+이/JKS+다르/VA+네/EC"
          },
          {
            "id": 20,
            "text": "2 : 내 집 내가 사겠다는데 왜 그래...",
            "norm_text": "내 집 내가 사겠다는데 왜 그래...",
            "speaker": {
              "id": "2번",
              "sex": "남성",
              "age": "20대"
            },
            "speechAct": "(단언) 주장하기",
            "morpheme": "내/NP+JKG+집내/NNG+가/JKS+사/VV+겠/EP+다는데/EC+왜/MAG+그래/VA+EF+./SY"
          },
          {
            "id": 21,
            "text": "3 : 거기에 돈 더해서 우리도 같이 살게 해줘라",
            "norm_text": "거기에 돈 더해서 우리도 같이 살게 해줘라",
            "speaker": {
              "id": "3번",
              "sex": "남성",
              "age": "20대"
            },
            "speechAct": "(지시) 부탁하기",
            "morpheme": "거기/NP+에/JKB+돈/NNG+더/MAG+해서/VV+EC+우리/NP+도/JX+같이/MAG+살/VV+게/EC+해/VV+EC+줘라/VX+EC"
          },
          {
            "id": 22,
            "text": "1 : 인정... 남자 2명에 여자1 살기 좋네 ^^",
            "norm_text": "인정... 남자 2명에 여자1 살기 좋네 ^^",
            "speaker": {
              "id": "1번",
              "sex": "여성",
              "age": "20대"
            },
            "speechAct": "(단언) 주장하기",
            "morpheme": "인정/NNG+./SY+./SY+남자/NNG+2/SN+명/NNBC+에/JKB+여자/NNG+1/SN+살/NNBC+기/ETN+좋/VA+네/EF+^/SY+^/SY"
          },
          {
            "id": 23,
            "text": "2 : 방은 하나씩 내줄테니까 빨래랑 설거지 밥은 꼬들밥으로^^",
            "norm_text": "방은 하나씩 내줄테니까 빨래랑 설거지 밥은 꼬들밥으로^^",
            "speaker": {
              "id": "2번",
              "sex": "남성",
              "age": "20대"
            },
            "speechAct": "(언약) 약속하기(제3자와)/(개인적 수준)",
            "morpheme": "방/NNG+은/JX+하나/NR+씩/XSN+내줄/VV+ETM+테/NNB+VCP+니까/EC+빨래/NNG+랑/JKB+설거지/NNG+밥/NNG+은/JX+꼬/VCP+EC+들밥/NNG+으로/JKB+^/SY+^/SY"
          },
          {
            "id": 24,
            "text": "3 : 내가 청소할게 나 청소하는 거 좋아함",
            "norm_text": "내가 청소할게 나 청소하는 거 좋아함",
            "speaker": {
              "id": "3번",
              "sex": "남성",
              "age": "20대"
            },
            "speechAct": "(언약) 약속하기(제3자와)/(개인적 수준)",
            "morpheme": "내/NP+가/JKS+청소/NNG+할/XSV+ETM+게/NNB+JKS+나/NP+청소/NNG+하/XSV+는/ETM+거/NNB+좋/VA+아함/IC+ETN"
          }
        ]
      }
    }
  ]
}