{
  "dataset": {
    "identifier": 62444,
    "name": "KAKAO_920_06_set",
    "src_path": "/data/file/cubeManager/PROJECT001/53/txt20211005161349012843/KAKAO_920_06_set/",
    "label_path": "/data/file/cubeManager/PROJECT001/53/txt20211005161349012843/KAKAO_920_06_set/",
    "category": 2,
    "type": 0
  },
  "licenses": {
    "name": "Apache License 1.0",
    "url": "http://www.apache.org/licenses/LICENSE-1.0"
  },
  "info": [
    {
      "id": 41963,
      "filename": "KAKAO_920_06.txt",
      "title": "KAKAO_920_06",
      "mediatype": "SNS",
      "medianame": "카카오톡",
      "category": "일상대화",
      "date": "2021-10-05",
      "size": 618,
      "annotations": {
        "subject": "교육",
        "speaker_type": "1:1",
        "size": 618,
        "word_size": 189,
        "text": "1 : 아 요즘 취업준비 하려면 자격증 많이 갖춰놔야 하는데\n2 : 그러니까 자격증 많이 따 놨어?\n1 : 아니? 나 하나도 준비 안 해놨는데?\n2 : 나중에 가면 준비하기 더 어려우니까 시간 남을 때 틈틈이 하나씩 준비해놔\n1 : 뭔가 자격증을 따놔야 하는 건 알고 있는데 막상 실천으로 옮기기가 힘든 것 같아 키키\n2 : 너는 어떤 자격증 취득해야 하는데?\n1 : 나는 공무원 준비해서 딱히 필요는 없는데, 나중을 대비해서 있으면 좋으니까 토익, 속기사 자격증 이외에도 많은 거 도전해보고 싶어\n2 : 아 나 토익 준비해봤는데 할게 너무 많더라 쉽지 않아...\n1 : 진짜 토익은 항상 준비만 하다가 끝나는 것 같아 키키\n2 : 근데 속기사 자격증은 어떻게 준비하는 거야?\n1 : 속기사 자판기가 따로 있는데 일반 타자랑 많이 달라서 손에 익혀야 하는 준비를 좀 오래 해야 해\n2 : 아하 그것도 엄청 준비하기 까다롭구나...\n2 : 얼마나 오래 걸려?\n1 : 기본이 6개월이라고 들은 것 같아\n2 : 에? 기본이 6개월?\n2 : 헐 토익이랑 병행해서 준비하면 엄청 오래 걸리겠는데?\n1 : 그치 그래서 속기사 자격증 취득한 사람 보면 정말 존경스럽고 멋있는 것 같아\n2 : 그래그래 다 잘 할 수 있을 거야!\n2 : 너무 걱정마렴!",
        "lines": [
          {
            "id": 1,
            "text": "1 : 아 요즘 취업준비 하려면 자격증 많이 갖춰놔야 하는데",
            "norm_text": "아 요즘 취업준비 하려면 자격증 많이 갖춰놔야 하는데",
            "speaker": {
              "id": "1번",
              "sex": "여성",
              "age": "20대"
            },
            "speechAct": "(단언) 주장하기",
            "morpheme": "아/IC+요즘/MAG+취업/NNG+준비/NNG+하/XSV+려면/EC+자격증/NNG+많이/MAG+갖춰/VV+EC+놔야/VX+EC+하/VV+는데/EC"
          },
          {
            "id": 2,
            "text": "2 : 그러니까 자격증 많이 따 놨어?",
            "norm_text": "그러니까 자격증 많이 따 놨어?",
            "speaker": {
              "id": "2번",
              "sex": "남성",
              "age": "20대"
            },
            "speechAct": "(지시) 질문하기",
            "morpheme": "그러니까/MAJ+자격증/NNG+많이/MAG+따/VV+EC+놨/VX+EP+어/EF"
          },
          {
            "id": 3,
            "text": "1 : 아니? 나 하나도 준비 안 해놨는데?",
            "norm_text": "아니? 나 하나도 준비 안 해놨는데?",
            "speaker": {
              "id": "1번",
              "sex": "여성",
              "age": "20대"
            },
            "speechAct": "(단언) 진술하기",
            "morpheme": "아니/IC+나/NP+하나/NR+도/JX+준비/NNG+안/MAG+해/VV+EC+놨는데/VX+EP+EF"
          },
          {
            "id": 4,
            "text": "2 : 나중에 가면 준비하기 더 어려우니까 시간 남을 때 틈틈이 하나씩 준비해놔",
            "norm_text": "나중에 가면 준비하기 더 어려우니까 시간 남을 때 틈틈이 하나씩 준비해놔",
            "speaker": {
              "id": "2번",
              "sex": "남성",
              "age": "20대"
            },
            "speechAct": "(지시) 충고/제안하기",
            "morpheme": "나중/NNG+에/JKB+가/VV+면/EC+준비/NNG+하/XSV+기/ETN+더/MAG+어려우/VA+니까/EC+시간/NNG+남/NNG+을/JKO+때/NNG+틈틈이/MAG+하나/NR+씩/XSN+준비/NNG+해/XSV+EC+놔/VX+EC"
          },
          {
            "id": 5,
            "text": "1 : 뭔가 자격증을 따놔야 하는 건 알고 있는데 막상 실천으로 옮기기가 힘든 것 같아 키키",
            "norm_text": "뭔가 자격증을 따놔야 하는 건 알고 있는데 막상 실천으로 옮기기가 힘든 것 같아 키키",
            "speaker": {
              "id": "1번",
              "sex": "여성",
              "age": "20대"
            },
            "speechAct": "(단언) 주장하기",
            "morpheme": "뭔가/NP+VCP+EC+자격증/NNG+을/JKO+따/VV+EC+놔야/VX+EC+하/VV+는/ETM+건/NNB+JX+알/VV+고/EC+있/VX+는데/EC+막상/MAG+실천/NNG+으로/JKB+옮기/VV+기/ETN+가/JKS+힘든/VA+ETM+것/NNB+같/VA+아/EC+키/NNG+키/XSV+ETN"
          },
          {
            "id": 6,
            "text": "2 : 너는 어떤 자격증 취득해야 하는데?",
            "norm_text": "너는 어떤 자격증 취득해야 하는데?",
            "speaker": {
              "id": "2번",
              "sex": "남성",
              "age": "20대"
            },
            "speechAct": "(지시) 질문하기",
            "morpheme": "너/NP+는/JX+어떤/MM+자격증/NNG+취득/NNG+해야/XSV+EC+하/VV+는데/EC"
          },
          {
            "id": 7,
            "text": "1 : 나는 공무원 준비해서 딱히 필요는 없는데, 나중을 대비해서 있으면 좋으니까 토익, 속기사 자격증 이외에도 많은 거 도전해보고 싶어",
            "norm_text": "나는 공무원 준비해서 딱히 필요는 없는데, 나중을 대비해서 있으면 좋으니까 토익, 속기사 자격증 이외에도 많은 거 도전해보고 싶어",
            "speaker": {
              "id": "1번",
              "sex": "여성",
              "age": "20대"
            },
            "speechAct": "(단언) 주장하기",
            "morpheme": "나/NP+는/JX+공무원/NNG+준비/NNG+해서/XSV+EC+딱히/MAG+필요/NNG+는/JX+없/VA+는데/EC+,/SC+나중/NNG+을/JKO+대비/NNG+해서/XSV+EC+있/VX+으면/EC+좋/VA+으니까/EC+토익/NNG+,/SC+속기사/NNG+자격증/NNG+이외/NNG+에/JKB+도/JX+많/VA+은/ETM+거/NNB+도/JX+전해/VV+EC+보/VX+고/EC+싶/VX+어/EC"
          },
          {
            "id": 8,
            "text": "2 : 아 나 토익 준비해봤는데 할게 너무 많더라 쉽지 않아...",
            "norm_text": "아 나 토익 준비해봤는데 할게 너무 많더라 쉽지 않아...",
            "speaker": {
              "id": "2번",
              "sex": "남성",
              "age": "20대"
            },
            "speechAct": "(단언) 진술하기",
            "morpheme": "아/IC+나/NP+토익/NNG+준비/NNG+해/XSV+EC+봤/VX+EP+는데/EC+할/VX+ETM+게/NNB+JKS+너무/MAG+많/VA+더라/EC+쉽/VA+지/EC+않/VX+아/EF+./SY"
          },
          {
            "id": 9,
            "text": "1 : 진짜 토익은 항상 준비만 하다가 끝나는 것 같아 키키",
            "norm_text": "진짜 토익은 항상 준비만 하다가 끝나는 것 같아 키키",
            "speaker": {
              "id": "1번",
              "sex": "여성",
              "age": "20대"
            },
            "speechAct": "(단언) 주장하기",
            "morpheme": "진짜/MAG+토익/NNG+은/JX+항상/MAG+준비/NNG+만/JX+하/VV+다가/EC+끝나/VV+는/ETM+것/NNB+같/VA+아/EC+키/NNG+키/XSV+ETN"
          },
          {
            "id": 10,
            "text": "2 : 근데 속기사 자격증은 어떻게 준비하는 거야?",
            "norm_text": "근데 속기사 자격증은 어떻게 준비하는 거야?",
            "speaker": {
              "id": "2번",
              "sex": "남성",
              "age": "20대"
            },
            "speechAct": "(지시) 질문하기",
            "morpheme": "근데/MAJ+속기사/NNG+자격증/NNG+은/JX+어떻게/MAG+준비/NNG+하/XSV+는/ETM+거/NNB+야/VCP+EF"
          },
          {
            "id": 11,
            "text": "1 : 속기사 자판기가 따로 있는데 일반 타자랑 많이 달라서 손에 익혀야 하는 준비를 좀 오래 해야 해",
            "norm_text": "속기사 자판기가 따로 있는데 일반 타자랑 많이 달라서 손에 익혀야 하는 준비를 좀 오래 해야 해",
            "speaker": {
              "id": "1번",
              "sex": "여성",
              "age": "20대"
            },
            "speechAct": "(단언) 진술하기",
            "morpheme": "속기사/NNG+자판기/NNG+가/JKS+따로/MAG+있/VV+는데/EC+일반/NNG+타자/NNG+랑/JKB+많이/MAG+달라서/VA+EC+손/NNG+에/JKB+익혀야/VV+EC+하/VV+는/ETM+준비/NNG+를/JKO+좀/MAG+오래/MAG+해야/VV+EC+해/VV+EC"
          },
          {
            "id": 12,
            "text": "2 : 아하 그것도 엄청 준비하기 까다롭구나...",
            "norm_text": "아하 그것도 엄청 준비하기 까다롭구나...",
            "speaker": {
              "id": "2번",
              "sex": "남성",
              "age": "20대"
            },
            "speechAct": "(단언) 주장하기",
            "morpheme": "아하/IC+그것/NP+도/JX+엄청/MAG+준비/NNG+하/XSV+기/ETN+까다롭/VA+구나/EF+./SY"
          },
          {
            "id": 13,
            "text": "2 : 얼마나 오래 걸려?",
            "norm_text": "얼마나 오래 걸려?",
            "speaker": {
              "id": "2번",
              "sex": "남성",
              "age": "20대"
            },
            "speechAct": "(지시) 질문하기",
            "morpheme": "얼마나/MAG+오래/MAG+걸려/VV+EF"
          },
          {
            "id": 14,
            "text": "1 : 기본이 6개월이라고 들은 것 같아",
            "norm_text": "기본이 6개월이라고 들은 것 같아",
            "speaker": {
              "id": "1번",
              "sex": "여성",
              "age": "20대"
            },
            "speechAct": "(단언) 주장하기",
            "morpheme": "기본/NNG+이/JKS+6/SN+개월/NNBC+이/VCP+라고/EC+들/VV+은/ETM+것/NNB+같/VA+아/EC"
          },
          {
            "id": 15,
            "text": "2 : 에? 기본이 6개월?",
            "norm_text": "에? 기본이 6개월?",
            "speaker": {
              "id": "2번",
              "sex": "남성",
              "age": "20대"
            },
            "speechAct": "(단언) 주장하기",
            "morpheme": "에/IC+기본/NNG+이/JKS+6/SN+개월/NNBC"
          },
          {
            "id": 16,
            "text": "2 : 헐 토익이랑 병행해서 준비하면 엄청 오래 걸리겠는데?",
            "norm_text": "헐 토익이랑 병행해서 준비하면 엄청 오래 걸리겠는데?",
            "speaker": {
              "id": "2번",
              "sex": "남성",
              "age": "20대"
            },
            "speechAct": "(단언) 주장하기",
            "morpheme": "헐/IC+토익/NNG+이랑/JKB+병행/NNG+해서/XSV+EC+준비/NNG+하/XSV+면/EC+엄청/MAG+오래/MAG+걸리/VV+겠/EP+는데/EF"
          },
          {
            "id": 17,
            "text": "1 : 그치 그래서 속기사 자격증 취득한 사람 보면 정말 존경스럽고 멋있는 것 같아",
            "norm_text": "그치 그래서 속기사 자격증 취득한 사람 보면 정말 존경스럽고 멋있는 것 같아",
            "speaker": {
              "id": "1번",
              "sex": "여성",
              "age": "20대"
            },
            "speechAct": "(단언) 주장하기",
            "morpheme": "그치/IC+그래서/MAJ+속기사/NNG+자격증/NNG+취득/NNG+한/XSA+ETM+사람/NNG+보/VV+면/EC+정말/MAG+존경/NNG+스럽/XSA+고/EC+멋있/VA+는/ETM+것/NNB+같/VA+아/EC"
          },
          {
            "id": 18,
            "text": "2 : 그래그래 다 잘 할 수 있을 거야!",
            "norm_text": "그래그래 다 잘 할 수 있을 거야!",
            "speaker": {
              "id": "2번",
              "sex": "남성",
              "age": "20대"
            },
            "speechAct": "(단언) 주장하기",
            "morpheme": "그래그래/IC+다/MAG+잘/MAG+할/VV+ETM+수/NNB+있/VV+을/ETM+거/NNB+야/VCP+EF"
          },
          {
            "id": 19,
            "text": "2 : 너무 걱정마렴!",
            "norm_text": "너무 걱정마렴!",
            "speaker": {
              "id": "2번",
              "sex": "남성",
              "age": "20대"
            },
            "speechAct": "(단언) 주장하기",
            "morpheme": "너무/MAG+걱정/NNG+마/VV+렴/EF"
          }
        ]
      }
    }
  ]
}