{
  "dataset": {
    "identifier": 63371,
    "name": "KAKAO_912_08_set",
    "src_path": "/data/file/cubeManager/PROJECT001/53/txt202110051541350116105/KAKAO_912_08_set/",
    "label_path": "/data/file/cubeManager/PROJECT001/53/txt202110051541350116105/KAKAO_912_08_set/",
    "category": 2,
    "type": 0
  },
  "licenses": {
    "name": "Apache License 1.0",
    "url": "http://www.apache.org/licenses/LICENSE-1.0"
  },
  "info": [
    {
      "id": 41625,
      "filename": "KAKAO_912_08.txt",
      "title": "KAKAO_912_08",
      "mediatype": "SNS",
      "medianame": "카카오톡",
      "category": "일상대화",
      "date": "2021-10-05",
      "size": 505,
      "annotations": {
        "subject": "연애/결혼",
        "speaker_type": "1:1",
        "size": 505,
        "word_size": 156,
        "text": "1 : 결혼식에 대한 로망 같은 거 있어?\n2 : 어릴 땐 있었지. 근데 지금은 결혼식보다는 사람에 로망이 있어\n1 : 아 어떤 남편이 배우자면 좋겠어?\n2 : 다정한 사람이 최고 아닐까. 나쁜남자 노노\n1 : 맞아 나쁜 남자는 남편감으로서 최악\n2 : 응 그런 게 매력으로 다가오는 나이는 지나갔나 봐\n1 : 그치 키키 난 결혼식한다면 지인도 얼마 없어서 스몰웨딩 하고 싶당\n2 : 스몰웨딩 넘 좋지. 진짜 축하해 줄 수 있는 사람들만 초대하고\n1 : 그치 근데 그것도 남편 될 사람이랑 의견이 맞아야겠지?\n2 : 맞아. 집안끼리도 잘 맞아야 하니까\n1 : 요새는 근데 스몰웨딩도 가격이 장난 아니대\n2 : 맞아 스몰웨딩이 더 비싸대\n1 : 그래도 뭔가 예식장 결혼식이 난 별로...\n2 : 그치? 근데 나는 그냥 내가 신경 쓰는 게 넘 힘들어서 남들 하는 대로 할 것 같아\n1 : 난 뭐랄까... 그냥 뿌린 거 거두겠소! 이런 형식적인 느낌이랄까...\n2 : 키키 그런 맘이 없는 건 아니지... 부모님들이 특히 그럴 것 같아",
        "lines": [
          {
            "id": 1,
            "text": "1 : 결혼식에 대한 로망 같은 거 있어?",
            "norm_text": "결혼식에 대한 로망 같은 거 있어?",
            "speaker": {
              "id": "1번",
              "sex": "여성",
              "age": "30대"
            },
            "speechAct": "(지시) 질문하기",
            "morpheme": "결혼식/NNG+에/JKB+대한/VV+ETM+로망/NNG+같/VA+은/ETM+거/NNB+있/VA+어/EF"
          },
          {
            "id": 2,
            "text": "2 : 어릴 땐 있었지. 근데 지금은 결혼식보다는 사람에 로망이 있어",
            "norm_text": "어릴 땐 있었지. 근데 지금은 결혼식보다는 사람에 로망이 있어",
            "speaker": {
              "id": "2번",
              "sex": "여성",
              "age": "30대"
            },
            "speechAct": "(단언) 진술하기",
            "morpheme": "어릴/VA+ETM+땐/NNG+JX+있/VA+었/EP+지/EF+근데/MAJ+지금/MAG+은/JX+결혼식/NNG+보다/JKB+는/JX+사람/NNG+에/JKB+로망/NNG+이/JKS+있/VV+어/EC"
          },
          {
            "id": 3,
            "text": "1 : 아 어떤 남편이 배우자면 좋겠어?",
            "norm_text": "아 어떤 남편이 배우자면 좋겠어?",
            "speaker": {
              "id": "1번",
              "sex": "여성",
              "age": "30대"
            },
            "speechAct": "(지시) 질문하기",
            "morpheme": "아/IC+어떤/MM+남편/NNG+이/JKS+배우/VV+자면/EC+좋/VA+겠/EP+어/EF"
          },
          {
            "id": 4,
            "text": "2 : 다정한 사람이 최고 아닐까. 나쁜남자 노노",
            "norm_text": "다정한 사람이 최고 아닐까. 나쁜남자 노노",
            "speaker": {
              "id": "2번",
              "sex": "여성",
              "age": "30대"
            },
            "speechAct": "(단언) 주장하기",
            "morpheme": "다정/XR+한/XSA+ETM+사람/NNG+이/JKS+최고/NNG+아닐까/VCN+EF+나쁜/VA+ETM+남자/NNG+노노/NNP"
          },
          {
            "id": 5,
            "text": "1 : 맞아 나쁜 남자는 남편감으로서 최악",
            "norm_text": "맞아 나쁜 남자는 남편감으로서 최악",
            "speaker": {
              "id": "1번",
              "sex": "여성",
              "age": "30대"
            },
            "speechAct": "(단언) 주장하기",
            "morpheme": "맞/VV+아/EC+나쁜/VA+ETM+남자/NNG+는/JX+남편감/NNG+으로서/JKB+최악/NNG"
          },
          {
            "id": 6,
            "text": "2 : 응 그런 게 매력으로 다가오는 나이는 지나갔나 봐",
            "norm_text": "응 그런 게 매력으로 다가오는 나이는 지나갔나 봐",
            "speaker": {
              "id": "2번",
              "sex": "여성",
              "age": "30대"
            },
            "speechAct": "(단언) 주장하기",
            "morpheme": "응/IC+그런/MM+게/NNB+JKS+매력/NNG+으로/JKB+다가오/VV+는/ETM+나이/NNG+는/JX+지나갔/VV+EP+나/EC+봐/VX+EC"
          },
          {
            "id": 7,
            "text": "1 : 그치 키키 난 결혼식한다면 지인도 얼마 없어서 스몰웨딩 하고 싶당",
            "norm_text": "그치 키키 난 결혼식한다면 지인도 얼마 없어서 스몰웨딩 하고 싶당",
            "speaker": {
              "id": "1번",
              "sex": "여성",
              "age": "30대"
            },
            "speechAct": "(단언) 주장하기",
            "morpheme": "그치/IC+키/NNG+키/XSV+ETN+난/VV+ETM+결혼식/NNG+한다면/XSV+EC+지인/NNG+도/JX+얼마/NNG+없/VA+어서/EC+스몰/NNP+웨딩/NNP+하/VV+고/EC+싶/VX+당/EF"
          },
          {
            "id": 8,
            "text": "2 : 스몰웨딩 넘 좋지. 진짜 축하해 줄 수 있는 사람들만 초대하고",
            "norm_text": "스몰웨딩 넘 좋지. 진짜 축하해 줄 수 있는 사람들만 초대하고",
            "speaker": {
              "id": "2번",
              "sex": "여성",
              "age": "30대"
            },
            "speechAct": "(단언) 주장하기",
            "morpheme": "스몰/NNP+웨딩/NNP+넘/MAG+좋/VA+지/EF+진짜/MAG+축하/NNG+해/XSV+EC+줄/VX+ETM+수/NNB+있/VV+는/ETM+사람/NNG+들/XSN+만/JX+초대/NNG+하/XSV+고/EC"
          },
          {
            "id": 9,
            "text": "1 : 그치 근데 그것도 남편 될 사람이랑 의견이 맞아야겠지?",
            "norm_text": "그치 근데 그것도 남편 될 사람이랑 의견이 맞아야겠지?",
            "speaker": {
              "id": "1번",
              "sex": "여성",
              "age": "30대"
            },
            "speechAct": "(단언) 주장하기",
            "morpheme": "그치/IC+근데/MAJ+그것/NP+도/JX+남편/NNG+될/XSV+ETM+사람/NNG+이랑/JKB+의견/NNG+이/JKS+맞/VV+아야/EC+겠지/VX+EP+EF"
          },
          {
            "id": 10,
            "text": "2 : 맞아. 집안끼리도 잘 맞아야 하니까",
            "norm_text": "맞아. 집안끼리도 잘 맞아야 하니까",
            "speaker": {
              "id": "2번",
              "sex": "여성",
              "age": "30대"
            },
            "speechAct": "(단언) 주장하기",
            "morpheme": "맞/VV+아/EF+집안/NNG+끼리/XSN+도/JX+잘/MAG+맞/VV+아야/EC+하/VV+니까/EC"
          },
          {
            "id": 11,
            "text": "1 : 요새는 근데 스몰웨딩도 가격이 장난 아니대",
            "norm_text": "요새는 근데 스몰웨딩도 가격이 장난 아니대",
            "speaker": {
              "id": "1번",
              "sex": "여성",
              "age": "30대"
            },
            "speechAct": "(단언) 진술하기",
            "morpheme": "요새/NNG+는/JX+근데/MAJ+스몰/NNP+웨딩/NNP+도/JX+가격/NNG+이/JKS+장난/NNG+아니/VCN+대/EC"
          },
          {
            "id": 12,
            "text": "2 : 맞아 스몰웨딩이 더 비싸대",
            "norm_text": "맞아 스몰웨딩이 더 비싸대",
            "speaker": {
              "id": "2번",
              "sex": "여성",
              "age": "30대"
            },
            "speechAct": "(단언) 진술하기",
            "morpheme": "맞/VV+아/EC+스몰/NNP+웨딩/NNP+이/JKS+더/MAG+비싸/VA+대/EC"
          },
          {
            "id": 13,
            "text": "1 : 그래도 뭔가 예식장 결혼식이 난 별로...",
            "norm_text": "그래도 뭔가 예식장 결혼식이 난 별로...",
            "speaker": {
              "id": "1번",
              "sex": "여성",
              "age": "30대"
            },
            "speechAct": "(단언) 주장하기",
            "morpheme": "그래도/MAJ+뭔가/NP+VCP+EC+예식장/NNG+결혼식/NNG+이/JKS+난/NP+JX+별로/MAG+./SY"
          },
          {
            "id": 14,
            "text": "2 : 그치? 근데 나는 그냥 내가 신경 쓰는 게 넘 힘들어서 남들 하는 대로 할 것 같아",
            "norm_text": "그치? 근데 나는 그냥 내가 신경 쓰는 게 넘 힘들어서 남들 하는 대로 할 것 같아",
            "speaker": {
              "id": "2번",
              "sex": "여성",
              "age": "30대"
            },
            "speechAct": "(단언) 주장하기",
            "morpheme": "그치/IC+근데/MAJ+나/NP+는/JX+그냥/MAG+내/NP+가/JKS+신경/NNG+쓰/VV+는/ETM+게/NNB+JKS+넘/MAG+힘들/VA+어서/EC+남/NNG+들/XSN+하/VV+는/ETM+대로/NNB+할/VV+ETM+것/NNB+같/VA+아/EC"
          },
          {
            "id": 15,
            "text": "1 : 난 뭐랄까... 그냥 뿌린 거 거두겠소! 이런 형식적인 느낌이랄까...",
            "norm_text": "난 뭐랄까... 그냥 뿌린 거 거두겠소! 이런 형식적인 느낌이랄까...",
            "speaker": {
              "id": "1번",
              "sex": "여성",
              "age": "30대"
            },
            "speechAct": "(단언) 주장하기",
            "morpheme": "난/NP+JX+뭐/NP+랄까/VCP+EF+./SY+그냥/MAG+뿌린/VV+ETM+거/NNB+거두/VV+겠/EP+소/EF+이런/MM+형식/NNG+적/XSN+인/VCP+ETM+느낌/NNG+이/VCP+랄까/EF+./SY"
          },
          {
            "id": 16,
            "text": "2 : 키키 그런 맘이 없는 건 아니지... 부모님들이 특히 그럴 것 같아",
            "norm_text": "키키 그런 맘이 없는 건 아니지... 부모님들이 특히 그럴 것 같아",
            "speaker": {
              "id": "2번",
              "sex": "여성",
              "age": "30대"
            },
            "speechAct": "(단언) 주장하기",
            "morpheme": "키키/NNP+그런/MM+맘/NNG+이/JKS+없/VA+는/ETM+건/NNB+JX+아니/VCN+지/EF+./SY+부모/NNG+님/XSN+들/XSN+이/JKS+특히/MAG+그럴/VA+ETM+것/NNB+같/VA+아/EC"
          }
        ]
      }
    }
  ]
}