{
  "dataset": {
    "identifier": 63389,
    "name": "KAKAO_912_20_set",
    "src_path": "/data/file/cubeManager/PROJECT001/53/txt20211005154135023260/KAKAO_912_20_set/",
    "label_path": "/data/file/cubeManager/PROJECT001/53/txt20211005154135023260/KAKAO_912_20_set/",
    "category": 2,
    "type": 0
  },
  "licenses": {
    "name": "Apache License 1.0",
    "url": "http://www.apache.org/licenses/LICENSE-1.0"
  },
  "info": [
    {
      "id": 41637,
      "filename": "KAKAO_912_20.txt",
      "title": "KAKAO_912_20",
      "mediatype": "SNS",
      "medianame": "카카오톡",
      "category": "일상대화",
      "date": "2021-10-05",
      "size": 526,
      "annotations": {
        "subject": "영화/만화",
        "speaker_type": "1:1",
        "size": 526,
        "word_size": 154,
        "text": "1 : 추석 특선 영화 뭐 많이 해주던데\n2 : 그래? 나도 한번 찾아봐야겠어\n1 : 오늘 밤엔 버즈오프프레이라고 할리퀸 솔로 무비 해주더라\n2 : 아 그래? 오늘 밤에 봐야겠다\n1 : 마고로비 배우는 진짜 할리퀸에 찰떡인 거 같아\n2 : 그러니까. 그분은 할리퀸 밖에 안 떠올라.\n1 : 다른 영화에서는 그만큼 예쁘거나 매력적이진 않던데... 할리퀸만 하면\n2 : 응 그 짝짝이 색깔 다른 머리? 그게 넘 찰떡이야\n1 : 얼마 전에 수어사이드 스쿼드 속편 개봉했었거든.\n2 : 그래? 너무 영화에 관심이 없었네. 봤어?\n1 : 응 키키 잔인한데 ㅠㅠ 청불이라... 그래도 거기서도 할리퀸 하드캐리야 진짜 예뻐\n2 : 키키 그 영화 자체가 모두 혼자 하드캐리해서 멱살 잡고 이끌어가는 영화 아니야?\n1 : 맞지 키키 버즈오브프레이는 할리퀸이 조커한테 차이고 난 뒤 방황하는 스토리라나 봐.\n2 : 아. 뭐 나름 아픔이 있네 키키 실연은 힘들지\n1 : 그 외에 걸크러쉬 캐릭터들도 많이 등장한다니까 매력적인 영화일 듯\n2 : 걸크러쉬 영화 좋아 뭔가 시원하고 대리 만족",
        "lines": [
          {
            "id": 1,
            "text": "1 : 추석 특선 영화 뭐 많이 해주던데",
            "norm_text": "추석 특선 영화 뭐 많이 해주던데",
            "speaker": {
              "id": "1번",
              "sex": "여성",
              "age": "30대"
            },
            "speechAct": "(단언) 진술하기",
            "morpheme": "추석/NNG+특선/NNG+영화/NNG+뭐/IC+많이/MAG+해/VV+EC+주/VX+던데/EC"
          },
          {
            "id": 2,
            "text": "2 : 그래? 나도 한번 찾아봐야겠어",
            "norm_text": "그래? 나도 한번 찾아봐야겠어",
            "speaker": {
              "id": "2번",
              "sex": "여성",
              "age": "30대"
            },
            "speechAct": "(단언) 주장하기",
            "morpheme": "그래/IC+나/NP+도/JX+한/MM+번/NNBC+찾/VV+아/EC+봐야/VX+EC+VV+겠/EP+어/EC"
          },
          {
            "id": 3,
            "text": "1 : 오늘 밤엔 버즈오프프레이라고 할리퀸 솔로 무비 해주더라",
            "norm_text": "오늘 밤엔 버즈오프프레이라고 할리퀸 솔로 무비 해주더라",
            "speaker": {
              "id": "1번",
              "sex": "여성",
              "age": "30대"
            },
            "speechAct": "(단언) 진술하기",
            "morpheme": "오늘/MAG+밤/NNG+엔/JKB+JX+버즈/NNG+오프/NNG+프레이/NNP+라고/VCP+EC+할리퀸/NNG+솔/NNG+로/JKB+무비/NNG+해/XSV+EC+주/VX+더라/EC"
          },
          {
            "id": 4,
            "text": "2 : 아 그래? 오늘 밤에 봐야겠다",
            "norm_text": "아 그래? 오늘 밤에 봐야겠다",
            "speaker": {
              "id": "2번",
              "sex": "여성",
              "age": "30대"
            },
            "speechAct": "(단언) 주장하기",
            "morpheme": "아/IC+그래/IC+오늘/MAG+밤/NNG+에/JKB+봐야/VV+EC+VX+겠/EP+다/EC"
          },
          {
            "id": 5,
            "text": "1 : 마고로비 배우는 진짜 할리퀸에 찰떡인 거 같아",
            "norm_text": "마고로비 배우는 진짜 할리퀸에 찰떡인 거 같아",
            "speaker": {
              "id": "1번",
              "sex": "여성",
              "age": "30대"
            },
            "speechAct": "(단언) 주장하기",
            "morpheme": "마고/+로비/+배우/NNG+는/JX+진짜/MAG+할리퀸/NNG+에/JKB+찰떡/NNG+인/VCP+ETM+거/NNB+같/VA+아/EC"
          },
          {
            "id": 6,
            "text": "2 : 그러니까. 그분은 할리퀸 밖에 안 떠올라.",
            "norm_text": "그러니까. 그분은 할리퀸 밖에 안 떠올라.",
            "speaker": {
              "id": "2번",
              "sex": "여성",
              "age": "30대"
            },
            "speechAct": "(단언) 주장하기",
            "morpheme": "그러니까/MAJ+그분/NP+은/JX+할리퀸/NNG+밖에/JX+안/MAG+떠올라/VV+EF"
          },
          {
            "id": 7,
            "text": "1 : 다른 영화에서는 그만큼 예쁘거나 매력적이진 않던데... 할리퀸만 하면",
            "norm_text": "다른 영화에서는 그만큼 예쁘거나 매력적이진 않던데... 할리퀸만 하면",
            "speaker": {
              "id": "1번",
              "sex": "여성",
              "age": "30대"
            },
            "speechAct": "(단언) 주장하기",
            "morpheme": "다른/MM+영화/NNG+에서/JKB+는/JX+그만큼/MAG+예쁘/VA+거나/EC+매력/NNG+적/XSN+이/VCP+진/EC+JX+않/VX+던데/EF+./SY+할리퀸/NNG+만/JX+하/VV+면/EC"
          },
          {
            "id": 8,
            "text": "2 : 응 그 짝짝이 색깔 다른 머리? 그게 넘 찰떡이야",
            "norm_text": "응 그 짝짝이 색깔 다른 머리? 그게 넘 찰떡이야",
            "speaker": {
              "id": "2번",
              "sex": "여성",
              "age": "30대"
            },
            "speechAct": "(단언) 주장하기",
            "morpheme": "응/IC+그/IC+짝짝/MAG+이/MM+색깔/NNG+다른/MM+머리/NNG+그게/NP+JKS+넘/MAG+찰떡/NNG+이/VCP+야/EC"
          },
          {
            "id": 9,
            "text": "1 : 얼마 전에 수어사이드 스쿼드 속편 개봉했었거든.",
            "norm_text": "얼마 전에 수어사이드 스쿼드 속편 개봉했었거든.",
            "speaker": {
              "id": "1번",
              "sex": "여성",
              "age": "30대"
            },
            "speechAct": "(단언) 진술하기",
            "morpheme": "얼마/NNG+전/NNG+에/JKB+수어/NNG+사이드/NNP+스쿼드/NNP+속편/NNG+개봉/NNG+했었/XSV+EP+거든/EF"
          },
          {
            "id": 10,
            "text": "2 : 그래? 너무 영화에 관심이 없었네. 봤어?",
            "norm_text": "그래? 너무 영화에 관심이 없었네. 봤어?",
            "speaker": {
              "id": "2번",
              "sex": "여성",
              "age": "30대"
            },
            "speechAct": "N/A",
            "morpheme": "그래/IC+너무/MAG+영화/NNG+에/JKB+관심/NNG+이/JKS+없/VA+었/EP+네/EF+봤/VV+EP+어/EF"
          },
          {
            "id": 11,
            "text": "1 : 응 키키 잔인한데 ㅠㅠ 청불이라... 그래도 거기서도 할리퀸 하드캐리야 진짜 예뻐",
            "norm_text": "응 키키 잔인한데 ㅠㅠ 청불이라... 그래도 거기서도 할리퀸 하드캐리야 진짜 예뻐",
            "speaker": {
              "id": "1번",
              "sex": "여성",
              "age": "30대"
            },
            "speechAct": "(단언) 진술하기",
            "morpheme": "응/IC+키/NNG+키/XSV+ETN+잔인/XR+한데/XSA+EC+ㅠㅠ/UNKNOWN+청불/NNP+이/VCP+라/EF+./SY+그래도/MAJ+거기/NP+서/JKB+도/JX+할리퀸/NNG+하드/NNG+캐리/NNG+야/VCP+EF+진짜/MAG+예뻐/VA+EC"
          },
          {
            "id": 12,
            "text": "2 : 키키 그 영화 자체가 모두 혼자 하드캐리해서 멱살 잡고 이끌어가는 영화 아니야?",
            "norm_text": "키키 그 영화 자체가 모두 혼자 하드캐리해서 멱살 잡고 이끌어가는 영화 아니야?",
            "speaker": {
              "id": "2번",
              "sex": "여성",
              "age": "30대"
            },
            "speechAct": "(지시) 질문하기",
            "morpheme": "키키/NNP+그/MM+영화/NNG+자체/NNG+가/JKS+모두/MAG+혼자/NNG+하드/NNG+캐리/NNG+해서/XSV+EC+멱살/NNG+잡/VV+고/EC+이끌/VV+어/EC+가/VX+는/ETM+영화/NNG+아니/VCN+야/EF"
          },
          {
            "id": 13,
            "text": "1 : 맞지 키키 버즈오브프레이는 할리퀸이 조커한테 차이고 난 뒤 방황하는 스토리라나 봐.",
            "norm_text": "맞지 키키 버즈오브프레이는 할리퀸이 조커한테 차이고 난 뒤 방황하는 스토리라나 봐.",
            "speaker": {
              "id": "1번",
              "sex": "여성",
              "age": "30대"
            },
            "speechAct": "(단언) 진술하기",
            "morpheme": "맞/VV+지/EC+키키/NNP+버즈/NNP+오브/NNP+프레이/NNP+는/JX+할리퀸/NNG+이/JKS+조커/NNG+한테/JKB+차이/VV+고/EC+난/VX+ETM+뒤/NNG+방황/NNG+하/XSV+는/ETM+스토리/NNG+라나/VCP+EC+봐/VX+EF"
          },
          {
            "id": 14,
            "text": "2 : 아. 뭐 나름 아픔이 있네 키키 실연은 힘들지",
            "norm_text": "아. 뭐 나름 아픔이 있네 키키 실연은 힘들지",
            "speaker": {
              "id": "2번",
              "sex": "여성",
              "age": "30대"
            },
            "speechAct": "(단언) 주장하기",
            "morpheme": "아/IC+뭐/IC+나름/NNB+아픔/NNG+이/JKS+있/VA+네/EF+키키/NNP+실연/NNG+은/JX+힘들/VA+지/EC"
          },
          {
            "id": 15,
            "text": "1 : 그 외에 걸크러쉬 캐릭터들도 많이 등장한다니까 매력적인 영화일 듯",
            "norm_text": "그 외에 걸크러쉬 캐릭터들도 많이 등장한다니까 매력적인 영화일 듯",
            "speaker": {
              "id": "1번",
              "sex": "여성",
              "age": "30대"
            },
            "speechAct": "(단언) 진술하기",
            "morpheme": "그/MM+외/NNB+에/JKB+걸/VV+ETM+크러쉬/NNP+캐릭터/NNG+들/XSN+도/JX+많이/MAG+등장/NNG+한다니까/XSV+EC+매력/NNG+적/XSN+인/VCP+ETM+영화/NNG+일/VCP+ETM+듯/NNB"
          },
          {
            "id": 16,
            "text": "2 : 걸크러쉬 영화 좋아 뭔가 시원하고 대리 만족",
            "norm_text": "걸크러쉬 영화 좋아 뭔가 시원하고 대리 만족",
            "speaker": {
              "id": "2번",
              "sex": "여성",
              "age": "30대"
            },
            "speechAct": "(표현) 긍정감정 표현하기",
            "morpheme": "걸/NP+JKO+크러쉬/NNP+영화/NNG+좋/VA+아/EC+뭔가/NP+VCP+EC+시원/XR+하/XSA+고/EC+대리/NNG+만족/NNG"
          }
        ]
      }
    }
  ]
}