{
  "dataset": {
    "identifier": 62461,
    "name": "KAKAO_920_12_set",
    "src_path": "/data/file/cubeManager/PROJECT001/53/txt20211005161349017860/KAKAO_920_12_set/",
    "label_path": "/data/file/cubeManager/PROJECT001/53/txt20211005161349017860/KAKAO_920_12_set/",
    "category": 2,
    "type": 0
  },
  "licenses": {
    "name": "Apache License 1.0",
    "url": "http://www.apache.org/licenses/LICENSE-1.0"
  },
  "info": [
    {
      "id": 41969,
      "filename": "KAKAO_920_12.txt",
      "title": "KAKAO_920_12",
      "mediatype": "SNS",
      "medianame": "카카오톡",
      "category": "일상대화",
      "date": "2021-10-05",
      "size": 506,
      "annotations": {
        "subject": "여행",
        "speaker_type": "1:1",
        "size": 506,
        "word_size": 167,
        "text": "1 : 와 요즘 휴가도 못 갔는데 여행 가고 싶다\n2 : 그러니까 ㅠㅠ 어디 가고 싶은 곳 있어?\n1 : 나는 국내보다는 해외여행 가보고 싶어\n2 : 해외여행 좋지!\n2 : 해외면 서양 동양 어디 가고 싶어?\n1 : 나는 무조건 서양으로 가보고 싶어\n2 : 근데 서양 쪽으로 넘어가면 돈 많이 드는 게 너무 커 ㅠㅠ\n1 : 그치 비행기 왕복 표 값만 해도 진짜 어마어마하더라...\n1 : 너는 어디 가고 싶은 곳 있어?\n2 : 나는 일본 꼭 한 번 가보고 싶어!\n1 : 일본은 겨울에 가야 정말 잘 간 거라고 하더라\n2 : 오 맞아맞아 훗카이도가 겨울에 가면 그러게 이쁘대\n1 : 아 진짜? 나는 일본 가면 문어빵 먹어보고 싶어\n2 : 에이 문어빵 너무 식상하지!\n2 : 본토 라멘이나 스시 이쪽으로 가면 굉장할 것 같은데\n1 : 오 스시 말하니까 진짜 일본의 본토 스시 먹어보고 싶다!\n2 : 그치! 그리고 일본 가서 피규어도 사고 싶어!\n1 : 너는 피규어 어떤 거 사고 싶은데?\n2 : 나 나루토 피규어랑 원피스 피규어 사고 싶어!",
        "lines": [
          {
            "id": 1,
            "text": "1 : 와 요즘 휴가도 못 갔는데 여행 가고 싶다",
            "norm_text": "와 요즘 휴가도 못 갔는데 여행 가고 싶다",
            "speaker": {
              "id": "1번",
              "sex": "여성",
              "age": "20대"
            },
            "speechAct": "(단언) 주장하기",
            "morpheme": "와/IC+요즘/MAG+휴가/NNG+도/JX+못/MAG+갔/VV+EP+는데/EC+여행/NNG+가/VV+고/EC+싶/VX+다/EC"
          },
          {
            "id": 2,
            "text": "2 : 그러니까 ㅠㅠ 어디 가고 싶은 곳 있어?",
            "norm_text": "그러니까 ㅠㅠ 어디 가고 싶은 곳 있어?",
            "speaker": {
              "id": "2번",
              "sex": "남성",
              "age": "20대"
            },
            "speechAct": "(지시) 질문하기",
            "morpheme": "그러니까/MAJ+ㅠㅠ/UNKNOWN+어디/NP+가/VV+고/EC+싶/VX+은/ETM+곳/NNB+있/VA+어/EF"
          },
          {
            "id": 3,
            "text": "1 : 나는 국내보다는 해외여행 가보고 싶어",
            "norm_text": "나는 국내보다는 해외여행 가보고 싶어",
            "speaker": {
              "id": "1번",
              "sex": "여성",
              "age": "20대"
            },
            "speechAct": "(단언) 주장하기",
            "morpheme": "나/NP+는/JX+국내/NNG+보다/JKB+는/JX+해외여행/NNG+가/JKC+보/VV+고/EC+싶/VX+어/EC"
          },
          {
            "id": 4,
            "text": "2 : 해외여행 좋지!",
            "norm_text": "해외여행 좋지!",
            "speaker": {
              "id": "2번",
              "sex": "남성",
              "age": "20대"
            },
            "speechAct": "(단언) 주장하기",
            "morpheme": "해외여행/NNG+좋/VA+지/EF"
          },
          {
            "id": 5,
            "text": "2 : 해외면 서양 동양 어디 가고 싶어?",
            "norm_text": "해외면 서양 동양 어디 가고 싶어?",
            "speaker": {
              "id": "2번",
              "sex": "남성",
              "age": "20대"
            },
            "speechAct": "(지시) 질문하기",
            "morpheme": "해외/NNG+면서/VCP+EC+양동양/NNP+어디/NP+가/VV+고/EC+싶/VX+어/EF"
          },
          {
            "id": 6,
            "text": "1 : 나는 무조건 서양으로 가보고 싶어",
            "norm_text": "나는 무조건 서양으로 가보고 싶어",
            "speaker": {
              "id": "1번",
              "sex": "여성",
              "age": "20대"
            },
            "speechAct": "(단언) 주장하기",
            "morpheme": "나/NP+는/JX+무조건/MAG+서양/NNG+으로/JKB+가/VV+EC+보/VX+고/EC+싶/VX+어/EC"
          },
          {
            "id": 7,
            "text": "2 : 근데 서양 쪽으로 넘어가면 돈 많이 드는 게 너무 커 ㅠㅠ",
            "norm_text": "근데 서양 쪽으로 넘어가면 돈 많이 드는 게 너무 커 ㅠㅠ",
            "speaker": {
              "id": "2번",
              "sex": "남성",
              "age": "20대"
            },
            "speechAct": "(단언) 주장하기",
            "morpheme": "근데/MAJ+서양/NNG+쪽/NNB+으로/JKB+넘어가/VV+면/EC+돈/NNG+많이/MAG+드/VV+는/ETM+게/NNB+JKS+너무/MAG+커/VA+EC+ㅠㅠ/UNKNOWN"
          },
          {
            "id": 8,
            "text": "1 : 그치 비행기 왕복 표 값만 해도 진짜 어마어마하더라...",
            "norm_text": "그치 비행기 왕복 표 값만 해도 진짜 어마어마하더라....",
            "speaker": {
              "id": "1번",
              "sex": "여성",
              "age": "20대"
            },
            "speechAct": "(단언) 주장하기",
            "morpheme": "그치/IC+비행기/NNG+왕복표/NNG+값/NNG+만/JX+해도/VV+EC+진짜/MAG+어마어마/XR+하/XSA+더라/EF+./SY"
          },
          {
            "id": 9,
            "text": "1 : 너는 어디 가고 싶은 곳 있어?",
            "norm_text": "너는 어디 가고 싶은 곳 있어?",
            "speaker": {
              "id": "1번",
              "sex": "여성",
              "age": "20대"
            },
            "speechAct": "(지시) 질문하기",
            "morpheme": "너/NP+는/JX+어디/NP+가/VV+고/EC+싶/VX+은/ETM+곳/NNB+있/VA+어/EF"
          },
          {
            "id": 10,
            "text": "2 : 나는 일본 꼭 한 번 가보고 싶어!",
            "norm_text": "나는 일본 꼭 한 번 가보고 싶어!",
            "speaker": {
              "id": "2번",
              "sex": "남성",
              "age": "20대"
            },
            "speechAct": "(단언) 주장하기",
            "morpheme": "나/NP+는/JX+일본/NNP+꼭/MAG+한/MM+번/NNBC+가/JKS+보/VV+고/EC+싶/VX+어/EF"
          },
          {
            "id": 11,
            "text": "1 : 일본은 겨울에 가야 정말 잘 간 거라고 하더라",
            "norm_text": "일본은 겨울에 가야 정말 잘 간 거라고 하더라",
            "speaker": {
              "id": "1번",
              "sex": "여성",
              "age": "20대"
            },
            "speechAct": "(단언) 주장하기",
            "morpheme": "일본/NNP+은/JX+겨울/NNG+에/JKB+가/VV+야/EF+정말/MAG+잘/MAG+간/VV+ETM+거/NNB+라고/VCP+EC+하/VV+더라/EC"
          },
          {
            "id": 12,
            "text": "2 : 오 맞아맞아 훗카이도가 겨울에 가면 그러게 이쁘대",
            "norm_text": "오 맞아맞아 훗카이도가 겨울에 가면 그러게 이쁘대",
            "speaker": {
              "id": "2번",
              "sex": "남성",
              "age": "20대"
            },
            "speechAct": "(단언) 주장하기",
            "morpheme": "오/NR+맞/VV+아/EC+맞/VV+아/EC+훗카이도/NNP+가/JKS+겨울/NNG+에/JKB+가/VV+면/EC+그러/VV+게/EC+이쁘/VA+대/EC"
          },
          {
            "id": 13,
            "text": "1 : 아 진짜? 나는 일본 가면 문어빵 먹어보고 싶어",
            "norm_text": "아 진짜? 나는 일본 가면 문어빵 먹어보고 싶어",
            "speaker": {
              "id": "1번",
              "sex": "여성",
              "age": "20대"
            },
            "speechAct": "(단언) 주장하기",
            "morpheme": "아/IC+진짜/MAG+나/NP+는/JX+일본/NNP+가/VV+면/EC+문어빵/NNP+먹/VV+어/EC+보/VX+고/EC+싶/VX+어/EC"
          },
          {
            "id": 14,
            "text": "2 : 에이 문어빵 너무 식상하지!",
            "norm_text": "에이 문어빵 너무 식상하지!",
            "speaker": {
              "id": "2번",
              "sex": "남성",
              "age": "20대"
            },
            "speechAct": "(단언) 주장하기",
            "morpheme": "에이/IC+문어빵/NNP+너무/MAG+식상/XR+하/XSA+지/EF"
          },
          {
            "id": 15,
            "text": "2 : 본토 라멘이나 스시 이쪽으로 가면 굉장할 것 같은데",
            "norm_text": "본토 라멘이나 스시 이쪽으로 가면 굉장할 것 같은데",
            "speaker": {
              "id": "2번",
              "sex": "남성",
              "age": "20대"
            },
            "speechAct": "(단언) 주장하기",
            "morpheme": "본토/NNG+라멘/NNG+이/JKS+나스/VV+시/EP+이쪽/NP+으로/JKB+가/VV+면/EC+굉장/XR+할/XSA+ETM+것/NNB+같/VA+은데/EC"
          },
          {
            "id": 16,
            "text": "1 : 오 스시 말하니까 진짜 일본의 본토 스시 먹어보고 싶다!",
            "norm_text": "오 스시 말하니까 진짜 일본의 본토 스시 먹어보고 싶다!",
            "speaker": {
              "id": "1번",
              "sex": "여성",
              "age": "20대"
            },
            "speechAct": "(단언) 주장하기",
            "morpheme": "오스/NNP+시말/NNG+하/XSV+니까/EC+진짜/MAG+일본/NNP+의/JKG+본/MM+토스/NNG+시/XSN+먹/VV+어/EC+보/VX+고/EC+싶/VX+다/EF"
          },
          {
            "id": 17,
            "text": "2 : 그치! 그리고 일본 가서 피규어도 사고 싶어!",
            "norm_text": "그치! 그리고 일본 가서 피규어도 사고 싶어!",
            "speaker": {
              "id": "2번",
              "sex": "남성",
              "age": "20대"
            },
            "speechAct": "(단언) 주장하기",
            "morpheme": "그치/IC+그리고/MAJ+일본/NNP+가/VV+서/EC+피규/UNKNOWN+어도/EC+사/VV+고/EC+싶/VX+어/EF"
          },
          {
            "id": 18,
            "text": "1 : 너는 피규어 어떤 거 사고 싶은데?",
            "norm_text": "너는 피규어 어떤 거 사고 싶은데?",
            "speaker": {
              "id": "1번",
              "sex": "여성",
              "age": "20대"
            },
            "speechAct": "(지시) 질문하기",
            "morpheme": "너/NP+는/JX+피/XPN+규/NNG+어/IC+어떤/MM+거/NNB+사/VV+고/EC+싶/VX+은데/EF"
          },
          {
            "id": 19,
            "text": "2 : 나 나루토 피규어랑 원피스 피규어 사고 싶어!",
            "norm_text": "나 나루토 피규어랑 원피스 피규어 사고 싶어!",
            "speaker": {
              "id": "2번",
              "sex": "남성",
              "age": "20대"
            },
            "speechAct": "(단언) 주장하기",
            "morpheme": "나나/NNG+루/JKB+토피/NNG+규/NNG+어/XSN+랑/JC+원피스/NNG+피/NNG+규/NNG+어사/NNG+고/VCP+EC+싶/VX+어/EF"
          }
        ]
      }
    }
  ]
}