{
  "dataset": {
    "identifier": 61143,
    "name": "KAKAO_923_03_set",
    "src_path": "/data/file/cubeManager/PROJECT001/53/txt202110051541590666104/KAKAO_923_03_set/",
    "label_path": "/data/file/cubeManager/PROJECT001/53/txt202110051541590666104/KAKAO_923_03_set/",
    "category": 2,
    "type": 0
  },
  "licenses": {
    "name": "Apache License 1.0",
    "url": "http://www.apache.org/licenses/LICENSE-1.0"
  },
  "info": [
    {
      "id": 41660,
      "filename": "KAKAO_923_03.txt",
      "title": "KAKAO_923_03",
      "mediatype": "SNS",
      "medianame": "카카오톡",
      "category": "일상대화",
      "date": "2021-10-05",
      "size": 554,
      "annotations": {
        "subject": "교통",
        "speaker_type": "1:1",
        "size": 554,
        "word_size": 180,
        "text": "1 : 너는 대중교통 주로 이용하는 편이지?\n2 : 응. 나는 운전을 못하니까 대중교통을 자주 이용하지\n1 : 대중교통 이용하면 불편한 점 없어? ㅠㅠ\n2 : 사람 많은 거 말고는 그렇게 불편한 점 없는데? 너는 불편해?\n1 : 음... 나는 그냥 사람 막 부딪히는 게 싫어 ㅜㅜ\n2 : 그런 건 나도 싫기는 하지. 코로나에 지하철 타는 게 위험하기도 한 것 같구\n1 : ㅜㅜ 그러게 ㅜㅜ 근데 키키 지하철에선 감염 안되잖아\n2 : 어 키키 마스크를 안 벗으니까 그런 것 같아\n1 : 키키 응 키키 그럼 넌 버스는 자주 안타?\n2 : 버스는 잘 안타. 여기는 지하철이 있으니까 지하철 타는 게 편하더라구. 차도 안 막히고\n1 : 나는 버스 멀미가 너무 심해서 힘들어 ㅜㅜ\n2 : 아 키키 나는 자차 멀미가 있어 키키\n1 : 음... 일반 자동차? ㅜㅜ 그건 가다 서다 안 해서 괜찮지 않나?\n2 : 아니. 아빠 차 타면 멀미 잘해. 근데 차 안에서 잠자는 것도 멀미의 일종이라더라구\n1 : 아아 진짜로? ㅜㅜ 근데 멀미 날 땐 자는 게 최고야\n2 : 응 키키 그래서 가족 여행 때는 차에 베개, 이불 다 챙겨 가 키키",
        "lines": [
          {
            "id": 1,
            "text": "1 : 너는 대중교통 주로 이용하는 편이지?",
            "norm_text": "너는 대중교통 주로 이용하는 편이지?",
            "speaker": {
              "id": "1번",
              "sex": "여성",
              "age": "30대"
            },
            "speechAct": "(지시) 질문하기",
            "morpheme": "너/NP+는/JX+대중교통/NNG+주로/MAG+이용/NNG+하/XSV+는/ETM+편/NNB+이/VCP+지/EF"
          },
          {
            "id": 2,
            "text": "2 : 응. 나는 운전을 못하니까 대중교통을 자주 이용하지",
            "norm_text": "응. 나는 운전을 못하니까 대중교통을 자주 이용하지",
            "speaker": {
              "id": "2번",
              "sex": "여성",
              "age": "30대"
            },
            "speechAct": "(단언) 진술하기",
            "morpheme": "응/IC+나/NP+는/JX+운전/NNG+을/JKO+못/MAG+하/VV+니까/EC+대중교통/NNG+을/JKO+자주/MAG+이용/NNG+하/XSV+지/EC"
          },
          {
            "id": 3,
            "text": "1 : 대중교통 이용하면 불편한 점 없어? ㅠㅠ",
            "norm_text": "대중교통 이용하면 불편한 점 없어? ㅠㅠ",
            "speaker": {
              "id": "1번",
              "sex": "여성",
              "age": "30대"
            },
            "speechAct": "(지시) 질문하기",
            "morpheme": "대중교통/NNG+이용/NNG+하/XSV+면/EC+불편/NNG+한/XSA+ETM+점/NNB+없/VA+어/EF+ㅠㅠ/UNKNOWN"
          },
          {
            "id": 4,
            "text": "2 : 사람 많은 거 말고는 그렇게 불편한 점 없는데? 너는 불편해?",
            "norm_text": "사람 많은 거 말고는 그렇게 불편한 점 없는데? 너는 불편해?",
            "speaker": {
              "id": "2번",
              "sex": "여성",
              "age": "30대"
            },
            "speechAct": "(지시) 질문하기",
            "morpheme": "사람/NNG+많/VA+은/ETM+거/NNB+말/VV+고/EC+는/JX+그렇게/MAG+불편/NNG+한/XSA+ETM+점/NNB+없/VA+는데/EC+너/NP+는/JX+불편/NNG+해/XSV+EF"
          },
          {
            "id": 5,
            "text": "1 : 음... 나는 그냥 사람 막 부딪히는 게 싫어 ㅜㅜ",
            "norm_text": "음... 나는 그냥 사람 막 부딪히는 게 싫어 ㅜㅜ",
            "speaker": {
              "id": "1번",
              "sex": "여성",
              "age": "30대"
            },
            "speechAct": "(단언) 주장하기",
            "morpheme": "음/IC+./SY+나는그냥사람막부딪히는게싫어ㅜㅜ/UNKNOWN"
          },
          {
            "id": 6,
            "text": "2 : 그런 건 나도 싫기는 하지. 코로나에 지하철 타는 게 위험하기도 한 것 같구",
            "norm_text": "그런 건 나도 싫기는 하지. 코로나에 지하철 타는 게 위험하기도 한 것 같구",
            "speaker": {
              "id": "2번",
              "sex": "여성",
              "age": "30대"
            },
            "speechAct": "(단언) 주장하기",
            "morpheme": "그런/MM+건/NNB+JX+나/NP+도/JX+싫/VA+기/ETN+는/JX+하/VV+지/EF+코로나/NNG+에/JKB+지하철/NNG+타/VV+는/ETM+게/NNB+JKS+위험/NNG+하/XSV+기/ETN+도/JX+한/VV+ETM+것/NNB+같/VA+구/EC"
          },
          {
            "id": 7,
            "text": "1 : ㅜㅜ 그러게 ㅜㅜ 근데 키키 지하철에선 감염 안되잖아",
            "norm_text": "ㅜㅜ 그러게 ㅜㅜ 근데 키키 지하철에선 감염 안되잖아",
            "speaker": {
              "id": "1번",
              "sex": "여성",
              "age": "30대"
            },
            "speechAct": "(단언) 주장하기",
            "morpheme": "ㅜㅜ/UNKNOWN+그러/VV+게/EC+ㅜㅜ/UNKNOWN+근데/MAJ+키/NNG+키/NNG+지하철/NNG+에선/JKB+JX+감염/NNG+안/MAG+되/VV+잖아/EC"
          },
          {
            "id": 8,
            "text": "2 : 어 키키 마스크를 안 벗으니까 그런 것 같아",
            "norm_text": "어 키키 마스크를 안 벗으니까 그런 것 같아",
            "speaker": {
              "id": "2번",
              "sex": "여성",
              "age": "30대"
            },
            "speechAct": "(단언) 진술하기",
            "morpheme": "어/IC+키/NNG+키/NNG+마스크/NNG+를/JKO+안/MAG+벗/VV+으니까/EC+그런/MM+것/NNB+같/VA+아/EC"
          },
          {
            "id": 9,
            "text": "1 : 키키 응 키키 그럼 넌 버스는 자주 안타?",
            "norm_text": "키키 응 키키 그럼 넌 버스는 자주 안타?",
            "speaker": {
              "id": "1번",
              "sex": "여성",
              "age": "30대"
            },
            "speechAct": "(지시) 질문하기",
            "morpheme": "키/NNG+키/XSV+ETN+응/IC+키/NNG+키/XSV+ETN+그럼/MAJ+넌/NP+JX+버스/NNG+는/JX+자주/MAG+안/MAG+타/VV+EF"
          },
          {
            "id": 10,
            "text": "2 : 버스는 잘 안타. 여기는 지하철이 있으니까 지하철 타는 게 편하더라구. 차도 안 막히고",
            "norm_text": "버스는 잘 안타. 여기는 지하철이 있으니까 지하철 타는 게 편하더라구. 차도 안 막히고",
            "speaker": {
              "id": "2번",
              "sex": "여성",
              "age": "30대"
            },
            "speechAct": "(단언) 주장하기",
            "morpheme": "버스/NNG+는/JX+잘/MAG+안/MAG+타/VV+EF+여기/NP+는/JX+지하철/NNG+이/JKS+있/VV+으니까/EC+지하철/NNG+타/VV+는/ETM+게/NNB+JKS+편하/VA+더라구/EF+차/NNG+도/JX+안/MAG+막히/VV+고/EC"
          },
          {
            "id": 11,
            "text": "1 : 나는 버스 멀미가 너무 심해서 힘들어 ㅜㅜ",
            "norm_text": "나는 버스 멀미가 너무 심해서 힘들어 ㅜㅜ",
            "speaker": {
              "id": "1번",
              "sex": "여성",
              "age": "30대"
            },
            "speechAct": "(단언) 주장하기",
            "morpheme": "나/NP+는/JX+버스/NNG+멀미/NNG+가/JKS+너무/MAG+심해서/VA+EC+힘들/VA+어/EC+ㅜㅜ/UNKNOWN"
          },
          {
            "id": 12,
            "text": "2 : 아 키키 나는 자차 멀미가 있어 키키",
            "norm_text": "아 키키 나는 자차 멀미가 있어 키키",
            "speaker": {
              "id": "2번",
              "sex": "여성",
              "age": "30대"
            },
            "speechAct": "(단언) 진술하기",
            "morpheme": "아키/NNP+키나/NNG+는/JX+자차/NNG+멀미/NNG+가/JKS+있/VA+어/EC+키/NNG+키/XSV+ETN"
          },
          {
            "id": 13,
            "text": "1 : 음... 일반 자동차? ㅜㅜ 그건 가다 서다 안 해서 괜찮지 않나?",
            "norm_text": "음... 일반 자동차? ㅜㅜ 그건 가다 서다 안 해서 괜찮지 않나?",
            "speaker": {
              "id": "1번",
              "sex": "여성",
              "age": "30대"
            },
            "speechAct": "(지시) 질문하기",
            "morpheme": "음/IC+./SY+일반/NNG+자동차/NNG+?/SY+ㅜㅜ그건가다서다안해서괜찮지않나/UNKNOWN"
          },
          {
            "id": 14,
            "text": "2 : 아니. 아빠 차 타면 멀미 잘해. 근데 차 안에서 잠자는 것도 멀미의 일종이라더라구",
            "norm_text": "아니. 아빠 차 타면 멀미 잘해. 근데 차 안에서 잠자는 것도 멀미의 일종이라더라구",
            "speaker": {
              "id": "2번",
              "sex": "여성",
              "age": "30대"
            },
            "speechAct": "(단언) 주장하기",
            "morpheme": "아니/IC+아빠차타면멀미잘해/UNKNOWN+근데/MAJ+차안/NNG+에서/JKB+잠자/VV+는/ETM+것/NNB+도/JX+멀미/NNG+의/JKG+일종/NNG+이/VCP+라/EC+더라구/VCP+EC"
          },
          {
            "id": 15,
            "text": "1 : 아아 진짜로? ㅜㅜ 근데 멀미 날 땐 자는 게 최고야",
            "norm_text": "아아 진짜로? ㅜㅜ 근데 멀미 날 땐 자는 게 최고야",
            "speaker": {
              "id": "1번",
              "sex": "여성",
              "age": "30대"
            },
            "speechAct": "(단언) 주장하기",
            "morpheme": "아아/IC+진짜로/MAG+ㅜㅜ근데멀미날땐자는게최고야/UNKNOWN"
          },
          {
            "id": 16,
            "text": "2 : 응 키키 그래서 가족 여행 때는 차에 베개, 이불 다 챙겨 가 키키",
            "norm_text": "응 키키 그래서 가족 여행 때는 차에 베개, 이불 다 챙겨 가 키키",
            "speaker": {
              "id": "2번",
              "sex": "여성",
              "age": "30대"
            },
            "speechAct": "(단언) 진술하기",
            "morpheme": "응/IC+키/NNG+키/XSV+ETN+그래서/MAJ+가족/NNG+여행/NNG+때/NNG+는/JX+차/NNG+에/JKB+베개/NNG+,/SC+이불/NNG+다/MAG+챙겨/VV+EC+가/JKS+키/NNG+키/XSV+ETN"
          }
        ]
      }
    }
  ]
}