{
  "dataset": {
    "identifier": 61721,
    "name": "KAKAO_921_04_set",
    "src_path": "/data/file/cubeManager/PROJECT001/53/txt20211005161403032957/KAKAO_921_04_set/",
    "label_path": "/data/file/cubeManager/PROJECT001/53/txt20211005161403032957/KAKAO_921_04_set/",
    "category": 2,
    "type": 0
  },
  "licenses": {
    "name": "Apache License 1.0",
    "url": "http://www.apache.org/licenses/LICENSE-1.0"
  },
  "info": [
    {
      "id": 41981,
      "filename": "KAKAO_921_04.txt",
      "title": "KAKAO_921_04",
      "mediatype": "SNS",
      "medianame": "카카오톡",
      "category": "일상대화",
      "date": "2021-10-05",
      "size": 846,
      "annotations": {
        "subject": "회사/아르바이트",
        "speaker_type": "1:1",
        "size": 846,
        "word_size": 266,
        "text": "1 : 프리랜서로 일해볼까 하구 여기저기 지원 해봤는데 취업 참 어렵당 ㅜㅜ 키키\n2 : 응 그렇지?\n2 : 프리랜서면 뭐 어떤 일을 하려구 하는 거야?\n1 : 키키 그냥 일반 사무소에 취직하는 건데 어디 소속된 게 아니라 프리랜서면 미래가 불투명하니까 ㅜㅜ\n2 : 응 그렇겠다 ㅠ 프리랜서로 돈 벌기 어려울 수도 있겠어\n2 : 나도 근데 언제까지 이렇게 일을 할 수 없긴 해서 걱정이야\n1 : 그래도 넌 니가 일하는 지점에서 점장? 같은 직위 아니양?\n2 : 그렇긴 한데 직영점이 아니니까 그런 게 상관이 없어 ㅠ\n2 : 근데 또 내가 직영점에서 매니저로 해봤는데 나랑 너무 안 맞더라구\n1 : ㅜ 어떤 면이 안 맞았어?\n2 : 지켜야 될 규칙이나 규율도 너무 많고 해야 될 일이나 내가 신경 써야 되는 부분이 너무 많더라구 ㅠ\n2 : 뭔가 항상 스트레스였었어\n1 : 아 그렇구나 ㅜ 아무래도 직영이라 다르긴 하겠구나...\n1 : 스트레스 받으면서 일하면 진짜 병 와 ㅜ\n1 : 나도 내 옛날 직장생활 생각난다 ㅜ\n2 : 응 근데 직영점은 어딜 가도 그럴 테니까 그걸 버텼어야 했는데 생각이 조금 들기도 해 ㅠ\n1 : 에고 ㅠ 나도 좀 더 나이 들기 전에 미리 스펙 좀 하나라도 더 쌓아둘걸 후회가 되네 ㅜㅜ\n2 : 나도... ㅠ 슬프다 갑자기 키키\n2 : 근데 뭐 아직 늦지 않았으니까\n2 : 나는 최종목표는 내 가게를 차리는 건데 그것도 근데 쉽지가 않아 제일 어려워\n1 : 근데 가게 차리면 진짜 잘하겠당 키키 경험이 풍부해서\n2 : 그럴 수 있을까? 키키 잘하고 싶당\n2 : 가게 차리려면 진짜 많이 알아 보고 시작 해야겠지?\n1 : 응응 창업하려고 알아보는 것만 1-2년씩 잡는 경우도 많더라 ㄷㄷ\n2 : 진짜 제대로 준비해서 시작해야겠다 키키",
        "lines": [
          {
            "id": 1,
            "text": "1 : 프리랜서로 일해볼까 하구 여기저기 지원 해봤는데 취업 참 어렵당 ㅜㅜ 키키",
            "norm_text": "프리랜서로 일해볼까 하구 여기저기 지원 해봤는데 취업 참 어렵당 ㅜㅜ 키키",
            "speaker": {
              "id": "1번",
              "sex": "여성",
              "age": "20대"
            },
            "speechAct": "(단언) 주장하기",
            "morpheme": "프리랜서/NNG+로/JKB+일/NNG+해/XSV+EC+볼까/VX+EF+하구/JC+여기저기/NNG+지원/NNG+해/XSV+EC+봤/VX+EP+는데/EC+취업/NNG+참/MAG+어렵/VA+당/EF+ㅜㅜ/UNKNOWN+키/NNG+키/XSV+ETN"
          },
          {
            "id": 2,
            "text": "2 : 응 그렇지?",
            "norm_text": "응 그렇지?",
            "speaker": {
              "id": "2번",
              "sex": "여성",
              "age": "20대"
            },
            "speechAct": "(단언) 주장하기",
            "morpheme": "응/IC+그렇/VA+지/EF"
          },
          {
            "id": 3,
            "text": "2 : 프리랜서면 뭐 어떤 일을 하려구 하는 거야?",
            "norm_text": "프리랜서면 뭐 어떤 일을 하려구 하는 거야?",
            "speaker": {
              "id": "2번",
              "sex": "여성",
              "age": "20대"
            },
            "speechAct": "(지시) 질문하기",
            "morpheme": "프리랜서/NNG+면/VCP+EC+뭐/IC+어떤/MM+일/NNG+을/JKO+하/VV+려구/EC+하/VV+는/ETM+거/NNB+야/VCP+EF"
          },
          {
            "id": 4,
            "text": "1 : 키키 그냥 일반 사무소에 취직하는 건데 어디 소속된 게 아니라 프리랜서면 미래가 불투명하니까 ㅜㅜ",
            "norm_text": "키키 그냥 일반 사무소에 취직하는 건데 어디 소속된 게 아니라 프리랜서면 미래가 불투명하니까 ㅜㅜ",
            "speaker": {
              "id": "1번",
              "sex": "여성",
              "age": "20대"
            },
            "speechAct": "(단언) 주장하기",
            "morpheme": "키/NNG+키/NNG+그냥/MAG+일반/NNG+사무소/NNG+에/JKB+취직/NNG+하/XSV+는/ETM+건데/NNB+VCP+EC+어디/NP+소속/NNG+된/XSV+ETM+게/NNB+JKC+아니/VCN+라/EC+프리랜서/NNG+면/VCP+EC+미래/NNG+가/JKS+불/XPN+투명/NNG+하/XSV+니까/EC+ㅜㅜ/UNKNOWN"
          },
          {
            "id": 5,
            "text": "2 : 응 그렇겠다 ㅠ 프리랜서로 돈 벌기 어려울 수도 있겠어",
            "norm_text": "응 그렇겠다 ㅠ 프리랜서로 돈 벌기 어려울 수도 있겠어",
            "speaker": {
              "id": "2번",
              "sex": "여성",
              "age": "20대"
            },
            "speechAct": "(단언) 주장하기",
            "morpheme": "응/IC+그렇/VA+겠/EP+다ㅠ/UNKNOWN+프리랜서/NNG+로/JKB+돈/NNG+벌/VV+기/ETN+어려울/VA+ETM+수/NNB+도/JX+있/VA+겠/EP+어/EC"
          },
          {
            "id": 6,
            "text": "2 : 나도 근데 언제까지 이렇게 일을 할 수 없긴 해서 걱정이야",
            "norm_text": "나도 근데 언제까지 이렇게 일을 할 수 없긴 해서 걱정이야",
            "speaker": {
              "id": "2번",
              "sex": "여성",
              "age": "20대"
            },
            "speechAct": "(단언) 주장하기",
            "morpheme": "나/NP+도/JX+근데/MAJ+언제/NP+까지/JX+이렇게/MAG+일/NNG+을/JKO+할/VV+ETM+수/NNB+없/VA+긴/ETN+JX+해서/VV+EC+걱정/NNG+이/VCP+야/EC"
          },
          {
            "id": 7,
            "text": "1 : 그래도 넌 니가 일하는 지점에서 점장? 같은 직위 아니양?",
            "norm_text": "그래도 넌 니가 일하는 지점에서 점장? 같은 직위 아니양?",
            "speaker": {
              "id": "1번",
              "sex": "여성",
              "age": "20대"
            },
            "speechAct": "(지시) 질문하기",
            "morpheme": "그래도/MAJ+넌/NP+JX+니/NP+가/JKS+일/NNG+하/XSV+는/ETM+지점/NNG+에서/JKB+점장/NNG+같/VA+은/ETM+직위/NNG+아니/VCN+양/NNB"
          },
          {
            "id": 8,
            "text": "2 : 그렇긴 한데 직영점이 아니니까 그런 게 상관이 없어 ㅠ",
            "norm_text": "그렇긴 한데 직영점이 아니니까 그런 게 상관이 없어 ㅠ",
            "speaker": {
              "id": "2번",
              "sex": "여성",
              "age": "20대"
            },
            "speechAct": "(단언) 주장하기",
            "morpheme": "그렇/VA+긴/ETN+JX+한데/VX+EC+직영/NNG+점/NNG+이/JKC+아니/VCN+니까/EC+그런/MM+게/NNB+JKS+상관/NNG+이/JKS+없/VA+어/EC+ㅠ/UNKNOWN"
          },
          {
            "id": 9,
            "text": "2 : 근데 또 내가 직영점에서 매니저로 해봤는데 나랑 너무 안 맞더라구",
            "norm_text": "근데 또 내가 직영점에서 매니저로 해봤는데 나랑 너무 안 맞더라구",
            "speaker": {
              "id": "2번",
              "sex": "여성",
              "age": "20대"
            },
            "speechAct": "(단언) 주장하기",
            "morpheme": "근데/MAJ+또/MAG+내/NP+가/JKS+직영/NNG+점/NNG+에서/JKB+매니저/NNG+로/JKB+해/VV+EC+봤/VX+EP+는데/EC+나/NP+랑/JKB+너무/MAG+안/MAG+맞/VV+더라구/EC"
          },
          {
            "id": 10,
            "text": "1 : ㅜ 어떤 면이 안 맞았어?",
            "norm_text": "ㅜ 어떤 면이 안 맞았어?",
            "speaker": {
              "id": "1번",
              "sex": "여성",
              "age": "20대"
            },
            "speechAct": "(지시) 질문하기",
            "morpheme": "ㅜ/UNKNOWN+어떤/MM+면/NNG+이/JKS+안/MAG+맞/VV+았/EP+어/EF"
          },
          {
            "id": 11,
            "text": "2 : 지켜야 될 규칙이나 규율도 너무 많고 해야 될 일이나 내가 신경 써야 되는 부분이 너무 많더라구 ㅠ",
            "norm_text": "지켜야 될 규칙이나 규율도 너무 많고 해야 될 일이나 내가 신경 써야 되는 부분이 너무 많더라구 ㅠ",
            "speaker": {
              "id": "2번",
              "sex": "여성",
              "age": "20대"
            },
            "speechAct": "(단언) 주장하기",
            "morpheme": "지켜야/VV+EC+될/VV+ETM+규칙/NNG+이나/JC+규율/NNG+도/JX+너무/MAG+많/VA+고/EC+해야/VV+EC+될/VV+ETM+일/NNG+이나/JC+내/NP+가/JKS+신경/NNG+써야/VV+EC+되/VV+는/ETM+부분/NNG+이/JKS+너무/MAG+많/VA+더라구/EF+ㅠ/UNKNOWN"
          },
          {
            "id": 12,
            "text": "2 : 뭔가 항상 스트레스였었어",
            "norm_text": "뭔가 항상 스트레스였었어",
            "speaker": {
              "id": "2번",
              "sex": "여성",
              "age": "20대"
            },
            "speechAct": "(단언) 주장하기",
            "morpheme": "뭔가/NP+VCP+EC+항상/MAG+스트레스/NNG+였었/VCP+EP+어/EC"
          },
          {
            "id": 13,
            "text": "1 : 아 그렇구나 ㅜ 아무래도 직영이라 다르긴 하겠구나...",
            "norm_text": "아 그렇구나 ㅜ 아무래도 직영이라 다르긴 하겠구나...",
            "speaker": {
              "id": "1번",
              "sex": "여성",
              "age": "20대"
            },
            "speechAct": "(단언) 주장하기",
            "morpheme": "아/IC+그렇/VA+구/EC+나ㅜ/UNKNOWN+아무래도/MAG+직영/NNG+이/VCP+라/EC+다르/VA+긴/ETN+JX+하/VX+겠/EP+구나/EF+./SY"
          },
          {
            "id": 14,
            "text": "1 : 스트레스 받으면서 일하면 진짜 병 와 ㅜ",
            "norm_text": "스트레스 받으면서 일하면 진짜 병 와 ㅜ",
            "speaker": {
              "id": "1번",
              "sex": "여성",
              "age": "20대"
            },
            "speechAct": "(단언) 주장하기",
            "morpheme": "스트레스/NNG+받/VV+으면서/EC+일/NNG+하/XSV+면/EC+진짜/MAG+병/NNG+와ㅜ/UNKNOWN"
          },
          {
            "id": 15,
            "text": "1 : 나도 내 옛날 직장생활 생각난다 ㅜ",
            "norm_text": "나도 내 옛날 직장생활 생각난다 ㅜ",
            "speaker": {
              "id": "1번",
              "sex": "여성",
              "age": "20대"
            },
            "speechAct": "(단언) 주장하기",
            "morpheme": "나/NP+도/JX+내/NP+JKG+옛날/NNG+직장/NNG+생활/NNG+생각/NNG+난다/VV+EF+ㅜ/UNKNOWN"
          },
          {
            "id": 16,
            "text": "2 : 응 근데 직영점은 어딜 가도 그럴 테니까 그걸 버텼어야 했는데 생각이 조금 들기도 해 ㅠ",
            "norm_text": "응 근데 직영점은 어딜 가도 그럴 테니까 그걸 버텼어야 했는데 생각이 조금 들기도 해 ㅠ",
            "speaker": {
              "id": "2번",
              "sex": "여성",
              "age": "20대"
            },
            "speechAct": "(단언) 주장하기",
            "morpheme": "응/IC+근데/MAJ+직영/NNG+점/NNG+은/JX+어딜/NP+JKO+가/VV+도/EC+그럴/VV+ETM+테/NNB+VCP+니까/EC+그걸/NP+JKO+버텼/VV+EP+어야/EC+했/VX+EP+는데/EC+생각/NNG+이/JKS+조금/MAG+들/VV+기/ETN+도/JX+해ㅠ/UNKNOWN"
          },
          {
            "id": 17,
            "text": "1 : 에고 ㅠ 나도 좀 더 나이 들기 전에 미리 스펙 좀 하나라도 더 쌓아둘걸 후회가 되네 ㅜㅜ",
            "norm_text": "에고 ㅠ 나도 좀 더 나이 들기 전에 미리 스펙 좀 하나라도 더 쌓아둘걸 후회가 되네 ㅜㅜ",
            "speaker": {
              "id": "1번",
              "sex": "여성",
              "age": "20대"
            },
            "speechAct": "(단언) 주장하기",
            "morpheme": "에고/IC+ㅠ/UNKNOWN+나/NP+도/JX+좀/MAG+더/MAG+나이/NNG+들/XSN+기전/NNG+에/JKB+미리/MAG+스펙/NNP+좀/MAG+하나/NR+라도/VCP+EC+더/MAG+쌓/VV+아/EC+둘/VX+ETM+걸/NNB+JKO+후회/NNG+가/JKS+되/VV+네/EF+ㅜㅜ/UNKNOWN"
          },
          {
            "id": 18,
            "text": "2 : 나도... ㅠ 슬프다 갑자기 키키",
            "norm_text": "나도... ㅠ 슬프다 갑자기 키키",
            "speaker": {
              "id": "2번",
              "sex": "여성",
              "age": "20대"
            },
            "speechAct": "(단언) 주장하기",
            "morpheme": "나/NP+도/JX+./SY+./SY+ㅠ/UNKNOWN+슬프/VA+다/EF+갑자기/MAG+키/NNG+키/XSV+ETN"
          },
          {
            "id": 19,
            "text": "2 : 근데 뭐 아직 늦지 않았으니까",
            "norm_text": "근데 뭐 아직 늦지 않았으니까",
            "speaker": {
              "id": "2번",
              "sex": "여성",
              "age": "20대"
            },
            "speechAct": "(단언) 주장하기",
            "morpheme": "근데/MAJ+뭐/IC+아직/MAG+늦/VA+지/EC+않/VX+았/EP+으니까/EC"
          },
          {
            "id": 20,
            "text": "2 : 나는 최종목표는 내 가게를 차리는 건데 그것도 근데 쉽지가 않아 제일 어려워",
            "norm_text": "나는 최종목표는 내 가게를 차리는 건데 그것도 근데 쉽지가 않아 제일 어려워",
            "speaker": {
              "id": "2번",
              "sex": "여성",
              "age": "20대"
            },
            "speechAct": "(단언) 주장하기",
            "morpheme": "나/NP+는/JX+최종/NNG+목표/NNG+는/JX+내/NP+JKG+가게/NNG+를/JKO+차리/VV+는/ETM+건데/NNB+VCP+EC+그것/NP+도/JX+근데/MAJ+쉽/VA+지/EC+가/JX+않/VX+아/EC+제일/MAG+어려워/VA+EC"
          },
          {
            "id": 21,
            "text": "1 : 근데 가게 차리면 진짜 잘하겠당 키키 경험이 풍부해서",
            "norm_text": "근데 가게 차리면 진짜 잘하겠당 키키 경험이 풍부해서",
            "speaker": {
              "id": "1번",
              "sex": "여성",
              "age": "20대"
            },
            "speechAct": "(단언) 주장하기",
            "morpheme": "근데/MAJ+가/VV+게/EC+차리/VV+면/EC+진짜/MAG+잘/MAG+하/VV+겠/EP+당/XSN+키/NNG+키/NNG+경험/NNG+이/JKS+풍부/XR+해서/XSA+EC"
          },
          {
            "id": 22,
            "text": "2 : 그럴 수 있을까? 키키 잘하고 싶당",
            "norm_text": "그럴 수 있을까? 키키 잘하고 싶당",
            "speaker": {
              "id": "2번",
              "sex": "여성",
              "age": "20대"
            },
            "speechAct": "(지시) 질문하기",
            "morpheme": "그럴/VA+ETM+수/NNB+있/VV+을까/EF+키/NNG+키/XSV+ETN+잘/MAG+하/VV+고/EC+싶/VX+당/EF"
          },
          {
            "id": 23,
            "text": "2 : 가게 차리려면 진짜 많이 알아 보고 시작 해야겠지?",
            "norm_text": "가게 차리려면 진짜 많이 알아 보고 시작 해야겠지?",
            "speaker": {
              "id": "2번",
              "sex": "여성",
              "age": "20대"
            },
            "speechAct": "(지시) 질문하기",
            "morpheme": "가/VV+게/EC+차리/VV+려면/EC+진짜/MAG+많이/MAG+알아보/VV+고/EC+시작/NNG+해야/XSV+EC+겠지/VX+EP+EF"
          },
          {
            "id": 24,
            "text": "1 : 응응 창업하려고 알아보는 것만 1-2년씩 잡는 경우도 많더라 ㄷㄷ",
            "norm_text": "응응 창업하려고 알아보는 것만 1-2년씩 잡는 경우도 많더라 ㄷㄷ",
            "speaker": {
              "id": "1번",
              "sex": "여성",
              "age": "20대"
            },
            "speechAct": "(단언) 진술하기",
            "morpheme": "응/IC+응/IC+창업/NNG+하/XSV+려고/EC+알아보/VV+는/ETM+것/NNB+만/JX+1/SN+-/SY+2/SN+년/NNBC+씩/XSN+잡/VV+는/ETM+경우/NNG+도/JX+많/VA+더라/EC+ㄷ/NNG+ㄷ/NNG"
          },
          {
            "id": 25,
            "text": "2 : 진짜 제대로 준비해서 시작해야겠다 키키",
            "norm_text": "진짜 제대로 준비해서 시작해야겠다 키키",
            "speaker": {
              "id": "2번",
              "sex": "여성",
              "age": "20대"
            },
            "speechAct": "(단언) 주장하기",
            "morpheme": "진짜/MAG+제대로/MAG+준비/NNG+해서/XSV+EC+시작/NNG+해야/XSV+EC+VX+겠/EP+다키키/NNP"
          }
        ]
      }
    }
  ]
}