{
  "dataset": {
    "identifier": 63785,
    "name": "KAKAO_902_15_set",
    "src_path": "/data/file/cubeManager/PROJECT001/53/txt20211005153950074278/KAKAO_902_15_set/",
    "label_path": "/data/file/cubeManager/PROJECT001/53/txt20211005153950074278/KAKAO_902_15_set/",
    "category": 2,
    "type": 0
  },
  "licenses": {
    "name": "Apache License 1.0",
    "url": "http://www.apache.org/licenses/LICENSE-1.0"
  },
  "info": [
    {
      "id": 41552,
      "filename": "KAKAO_902_15.txt",
      "title": "KAKAO_902_15",
      "mediatype": "SNS",
      "medianame": "카카오톡",
      "category": "일상대화",
      "date": "2021-10-05",
      "size": 819,
      "annotations": {
        "subject": "타 국가 이슈",
        "speaker_type": "다자간 대화",
        "size": 819,
        "word_size": 253,
        "text": "1 : 맞아 키키 애 낳아서 키우는 게 더 많이 들어감\n2 : 그렇긴 한데 그건 다른 나라들도 마찬가지니까...\n3 : 다른 나라도 이렇게 출산율 저조하냐, 우리나라가 심한 거냐,\n1 : 오이시디 국가 중에서는 우리 바로 다음 국가도 1% 넘음 우리가 독보적\n2 : 키키 너네 아프가니스탄에서 미군 철수한 거 알아? 엄청 말 많잖아\n3 : 엥 그건 또 뭐냐 알려줘\\\n1 : 원래 미군이 있으면서 탈레반이 물러난 건데 미군 철수하고 나니까 다시 탈레반이 집권한 거잖어\n2 : 그치 거기서 벗어 날려고 현지인들 비행기에 매달리는 거 보는데 맴찢... ㅠ\n3 : 아 이번에 난민 받은 그거야?\n1 : 엉 맞음 근데 솔직히 아프칸에서 미군이 도와줄 때 딱 정권 잘 잡고 하려 그랬으면 계속 도와줬을 텐데... 미국에서 쏟아부은 돈이 얼마여\n2 : 조단위 키키 나 1억만 주고 철수하지\n3 : 키키 이게 뭔소리람 야야 힘든 사람들 더 힘들게 하지마 그 돈이면 밥이 몇 그릇이야\n1 : 키키 뭐든 밥그릇 수로 계산하는 거 아주 좋아\n2 : 1억 받으면 나스닥에 다 넣어야지 키키 돈복사기 해외 주식 최고~!\n3 : 키키 야 주식 정보 나도 알려줘\n1 : 키키 주식에 집착하는 중생이여... 모든 걸내려 놓거라\n2 : 그걸로 하루에 천 만원 벌었는데 내려 놀리가...\n3 : 헐 얼마 넣었음? 꿀 정보 공유해라\n1 : 맞지 ... 그때 모든걸 내려놨어야 했는데...\n2 : 하이 리스크 하이 리턴이니까 키키 그래도 500만원 냄겼거든\n3 : 키키 주식은 조심히 해야지, 로우 리스크 로우 리턴 최고\n1 : 아 오빠 그럼 저 용돈 좀 주세요 !\n2 : 자자 다들 애플 풀 매수 박으라구\n3 : 키키 아 좋아 지금 갑니다",
        "lines": [
          {
            "id": 1,
            "text": "1 : 맞아 키키 애 낳아서 키우는 게 더 많이 들어감",
            "norm_text": "맞아 키키 애 낳아서 키우는 게 더 많이 들어감",
            "speaker": {
              "id": "1번",
              "sex": "여성",
              "age": "20대"
            },
            "speechAct": "(단언) 주장하기",
            "morpheme": "맞/VV+아/EC+키/NNG+키/NNG+애/NNG+낳/VV+아서/EC+키우/VV+는/ETM+게/NNB+JKS+더/MAG+많이/MAG+들어감/VV+ETN"
          },
          {
            "id": 2,
            "text": "2 : 그렇긴 한데 그건 다른 나라들도 마찬가지니까...",
            "norm_text": "그렇긴 한데 그건 다른 나라들도 마찬가지니까...",
            "speaker": {
              "id": "2번",
              "sex": "남성",
              "age": "20대"
            },
            "speechAct": "(지시) 질문하기",
            "morpheme": "그렇/VA+긴/ETN+JX+한데/VX+EC+그건/NP+JX+다른/MM+나라/NNG+들/XSN+도/JX+마찬가지/NNG+니까/VCP+EC+./SY+./SY"
          },
          {
            "id": 3,
            "text": "3 : 다른 나라도 이렇게 출산율 저조하냐, 우리나라가 심한 거냐,",
            "norm_text": "다른 나라도 이렇게 출산율 저조하냐, 우리나라가 심한 거냐,",
            "speaker": {
              "id": "3번",
              "sex": "남성",
              "age": "20대"
            },
            "speechAct": "(지시) 질문하기",
            "morpheme": "다른/MM+나라/NNG+도/JX+이렇게/MAG+출산/NNG+율/XSN+저조/NNG+하/XSV+냐/EC+,/SC+우리/NP+나라/NNG+가/JKS+심한/VA+ETM+거/NNB+냐/VCP+EF+,/SC"
          },
          {
            "id": 4,
            "text": "1 : 오이시디 국가 중에서는 우리 바로 다음 국가도 1% 넘음 우리가 독보적",
            "norm_text": "오이시디 국가 중에서는 우리 바로 다음 국가도 1% 넘음 우리가 독보적",
            "speaker": {
              "id": "1번",
              "sex": "여성",
              "age": "20대"
            },
            "speechAct": "(단언) 진술하기",
            "morpheme": "오이시디/NNG+국가/NNG+중/NNB+에서/JKB+는/JX+우리/NP+바로/MAG+다음/NNG+국가/NNG+도/JX+1/SN+%/SY+넘/MAG+음/IC+우리/NP+가/JKS+독보/NNG+적/XSN"
          },
          {
            "id": 5,
            "text": "2 : 키키 너네 아프가니스탄에서 미군 철수한 거 알아? 엄청 말 많잖아",
            "norm_text": "키키 너네 아프가니스탄에서 미군 철수한 거 알아? 엄청 말 많잖아",
            "speaker": {
              "id": "2번",
              "sex": "남성",
              "age": "20대"
            },
            "speechAct": "(단언) 진술하기",
            "morpheme": "키/NNG+키/XSV+ETN+너/NP+네/XSN+아프가니스탄/NNP+에서/JKB+미군/NNG+철수/NNG+한/XSA+ETM+거/NNB+알/VV+아/EF+엄청/MAG+말/NNG+많/VA+잖아/EC"
          },
          {
            "id": 6,
            "text": "3 : 엥 그건 또 뭐냐 알려줘\\",
            "norm_text": "엥 그건 또 뭐냐 알려줘\\",
            "speaker": {
              "id": "3번",
              "sex": "남성",
              "age": "20대"
            },
            "speechAct": "(지시) 명령/요구하기",
            "morpheme": "엥/IC+그건/NP+JX+또/MAG+뭐/NP+냐/VCP+EC+알려줘/VV+EC+VX+EC+\\/SY"
          },
          {
            "id": 7,
            "text": "1 : 원래 미군이 있으면서 탈레반이 물러난 건데 미군 철수하고 나니까 다시 탈레반이 집권한 거잖어",
            "norm_text": "원래 미군이 있으면서 탈레반이 물러난 건데 미군 철수하고 나니까 다시 탈레반이 집권한 거잖어",
            "speaker": {
              "id": "1번",
              "sex": "여성",
              "age": "20대"
            },
            "speechAct": "(단언) 진술하기",
            "morpheme": "원래/MAG+미군/NNG+이/JKS+있/VV+으면서/EC+탈레반/NNP+이/JKS+물러난/VV+ETM+건데/NNB+VCP+EC+미군/NNG+철수/NNG+하/XSV+고/EC+나/VX+니까/EC+다시/MAG+탈레반/NNP+이/JKS+집권/NNG+한/XSA+ETM+거/NNB+VCP+잖어/EF"
          },
          {
            "id": 8,
            "text": "2 : 그치 거기서 벗어 날려고 현지인들 비행기에 매달리는 거 보는데 맴찢... ㅠ",
            "norm_text": "그치 거기서 벗어 날려고 현지인들 비행기에 매달리는 거 보는데 맴찢... ㅠ",
            "speaker": {
              "id": "2번",
              "sex": "남성",
              "age": "20대"
            },
            "speechAct": "(단언) 주장하기",
            "morpheme": "그치/IC+거기/NP+서/JKB+벗어날/VV+ETM+려고/NNG+현지/NNG+인들/VCP+EC+비행기/NNG+에/JKB+매달리/VV+는/ETM+거/NNB+보/VV+는데/EC+맴/MAG+찢/MAG+./SY+ㅠ/UNKNOWN"
          },
          {
            "id": 9,
            "text": "3 : 아 이번에 난민 받은 그거야?",
            "norm_text": "아 이번에 난민 받은 그거야?",
            "speaker": {
              "id": "3번",
              "sex": "남성",
              "age": "20대"
            },
            "speechAct": "(지시) 질문하기",
            "morpheme": "아/IC+이번/NNG+에/JKB+난민/NNG+받/VV+은/ETM+그거/NP+야/VCP+EF"
          },
          {
            "id": 10,
            "text": "1 : 엉 맞음 근데 솔직히 아프칸에서 미군이 도와줄 때 딱 정권 잘 잡고 하려 그랬으면 계속 도와줬을 텐데... 미국에서 쏟아부은 돈이 얼마여",
            "norm_text": "엉 맞음 근데 솔직히 아프칸에서 미군이 도와줄 때 딱 정권 잘 잡고 하려 그랬으면 계속 도와줬을 텐데... 미국에서 쏟아부은 돈이 얼마여",
            "speaker": {
              "id": "1번",
              "sex": "여성",
              "age": "20대"
            },
            "speechAct": "(단언) 주장하기",
            "morpheme": "엉/IC+맞음/NNG+근데/MAJ+솔직히/MAG+아프/VA+칸/NNP+에서/JKB+미군/NNG+이/JKS+도와/VV+EC+줄/VX+ETM+때/NNG+딱정/NNG+권/XSN+잘/MAG+잡/VV+고/EC+하/VV+려/EC+그랬/VV+EP+으면/EC+계속/MAG+도와/VV+EC+줬/VX+EP+을/ETM+텐데/NNB+VCP+EF+./SY+./SY+미국/NNP+에서/JKB+쏟아부/VV+은/ETM+돈/NNG+이/JKS+얼마/NNG+여/NNG"
          },
          {
            "id": 11,
            "text": "2 : 조단위 키키 나 1억만 주고 철수하지",
            "norm_text": "조단위 키키 나 1억만 주고 철수하지",
            "speaker": {
              "id": "2번",
              "sex": "남성",
              "age": "20대"
            },
            "speechAct": "(단언) 주장하기",
            "morpheme": "조/NNG+단위/NNG+키/NNG+키나/XSA+ETN+JX+1/SN+억/NR+만/JX+주/VX+고/EC+철수/NNG+하/XSV+지/EC"
          },
          {
            "id": 12,
            "text": "3 : 키키 이게 뭔소리람 야야 힘든 사람들 더 힘들게 하지마 그 돈이면 밥이 몇 그릇이야",
            "norm_text": "키키 이게 뭔소리람 야야 힘든 사람들 더 힘들게 하지마 그 돈이면 밥이 몇 그릇이야",
            "speaker": {
              "id": "3번",
              "sex": "남성",
              "age": "20대"
            },
            "speechAct": "(단언) 주장하기",
            "morpheme": "키/NNG+키/XSV+ETN+이게/NP+JKS+뭔/MM+소리/NNG+람/VCP+EC+야야/MAG+힘든/VA+ETM+사람/NNG+들/XSN+더/MAG+힘들/VA+게/EC+하/VV+지/EC+마/VX+EF+그/MM+돈/NNG+이/VCP+면/EC+밥/NNG+이/JKS+몇/MM+그릇/NNG+이/VCP+야/EC"
          },
          {
            "id": 13,
            "text": "1 : 키키 뭐든 밥그릇 수로 계산하는 거 아주 좋아",
            "norm_text": "키키 뭐든 밥그릇 수로 계산하는 거 아주 좋아",
            "speaker": {
              "id": "1번",
              "sex": "여성",
              "age": "20대"
            },
            "speechAct": "(단언) 주장하기",
            "morpheme": "키/NNG+키/XSV+ETN+뭐/NP+든/VCP+EC+밥그릇/NNG+수로/NNG+계산/NNG+하/XSV+는/ETM+거/NNB+아주/MAG+좋/VA+아/EC"
          },
          {
            "id": 14,
            "text": "2 : 1억 받으면 나스닥에 다 넣어야지 키키 돈복사기 해외 주식 최고~!",
            "norm_text": "1억 받으면 나스닥에 다 넣어야지 키키 돈복사기 해외 주식 최고~!",
            "speaker": {
              "id": "2번",
              "sex": "남성",
              "age": "20대"
            },
            "speechAct": "(단언) 주장하기",
            "morpheme": "1/SN+억/NR+받/VV+으면/EC+나스닥/NNG+에다/JKB+넣/VV+어야지/EC+키/NNG+키/NNG+돈/NNG+복사기/NNG+해외/NNG+주식/NNG+최고/NNG+~/SY"
          },
          {
            "id": 15,
            "text": "3 : 키키 야 주식 정보 나도 알려줘",
            "norm_text": "키키 야 주식 정보 나도 알려줘",
            "speaker": {
              "id": "3번",
              "sex": "남성",
              "age": "20대"
            },
            "speechAct": "(지시) 명령/요구하기",
            "morpheme": "키/NNG+키/XSV+ETN+야/JX+주식/NNG+정보/NNG+나/NP+도/JX+알려줘/VV+EC+VX+EC"
          },
          {
            "id": 16,
            "text": "1 : 키키 주식에 집착하는 중생이여... 모든 걸내려 놓거라",
            "norm_text": "키키 주식에 집착하는 중생이여... 모든 걸내려 놓거라",
            "speaker": {
              "id": "1번",
              "sex": "여성",
              "age": "20대"
            },
            "speechAct": "(지시) 충고/제안하기",
            "morpheme": "키/NNG+키/NNG+주식/NNG+에/JKB+집착/NNG+하/XSV+는/ETM+중생/NNG+이/VCP+여/EC+./SY+./SY+모든/MM+걸/NNB+JKO+내려놓/VV+거라/EC"
          },
          {
            "id": 17,
            "text": "2 : 그걸로 하루에 천 만원 벌었는데 내려 놀리가...",
            "norm_text": "그걸로 하루에 천 만원 벌었는데 내려 놀리가...",
            "speaker": {
              "id": "2번",
              "sex": "남성",
              "age": "20대"
            },
            "speechAct": "(단언) 주장하기",
            "morpheme": "그걸로/NP+JKB+하루/NNG+에/JKB+천만/NR+원/NNBC+벌/VV+었/EP+는데/EC+내려/VV+EC+놀리/VV+가/EF+./SY"
          },
          {
            "id": 18,
            "text": "3 : 헐 얼마 넣었음? 꿀 정보 공유해라",
            "norm_text": "헐 얼마 넣었음? 꿀 정보 공유해라",
            "speaker": {
              "id": "3번",
              "sex": "남성",
              "age": "20대"
            },
            "speechAct": "(지시) 명령/요구하기",
            "morpheme": "헐/IC+얼마/NNG+넣/VV+었/EP+음/ETN+꿀/VV+ETM+정보/NNG+공유/NNG+해라/XSV+EC"
          },
          {
            "id": 19,
            "text": "1 : 맞지 ... 그때 모든걸 내려놨어야 했는데...",
            "norm_text": "맞지 ... 그때 모든걸 내려놨어야 했는데...",
            "speaker": {
              "id": "1번",
              "sex": "여성",
              "age": "20대"
            },
            "speechAct": "(단언) 주장하기",
            "morpheme": "맞/VV+지/EF+./SY+그때/NNG+모든/MM+걸/NNB+JKO+내려놨/VV+EP+어야/EC+했/VX+EP+는데/EC+./SY+./SY"
          },
          {
            "id": 20,
            "text": "2 : 하이 리스크 하이 리턴이니까 키키 그래도 500만원 냄겼거든",
            "norm_text": "하이 리스크 하이 리턴이니까 키키 그래도 500만원 냄겼거든",
            "speaker": {
              "id": "2번",
              "sex": "남성",
              "age": "20대"
            },
            "speechAct": "(단언) 주장하기",
            "morpheme": "하이/IC+리스크/NNG+하/XSV+이/MM+리턴/NNG+이/VCP+니까/EC+키/NNG+키/XSV+ETN+그래도/VV+EC+500/SN+만/NR+원/NNBC+냄겼/VV+EP+거든/EC"
          },
          {
            "id": 21,
            "text": "3 : 키키 주식은 조심히 해야지, 로우 리스크 로우 리턴 최고",
            "norm_text": "키키 주식은 조심히 해야지, 로우 리스크 로우 리턴 최고",
            "speaker": {
              "id": "3번",
              "sex": "남성",
              "age": "20대"
            },
            "speechAct": "(단언) 주장하기",
            "morpheme": "키/NNG+키/NNG+주식/NNG+은/JX+조심히/MAG+해야지/VV+EF+,/SC+로우/NNP+리스크/NNG+로/JKB+우리/NP+턴/VV+ETM+최고/NNG"
          },
          {
            "id": 22,
            "text": "1 : 아 오빠 그럼 저 용돈 좀 주세요 !",
            "norm_text": "아 오빠 그럼 저 용돈 좀 주세요 !",
            "speaker": {
              "id": "1번",
              "sex": "여성",
              "age": "20대"
            },
            "speechAct": "(지시) 명령/요구하기",
            "morpheme": "아/IC+오빠/NNG+그럼/MAJ+저/MM+용돈/NNG+좀/MAG+주/VV+세요/EP+EF"
          },
          {
            "id": 23,
            "text": "2 : 자자 다들 애플 풀 매수 박으라구",
            "norm_text": "자자 다들 애플 풀 매수 박으라구",
            "speaker": {
              "id": "2번",
              "sex": "남성",
              "age": "20대"
            },
            "speechAct": "(단언) 주장하기",
            "morpheme": "자/IC+자다/NNG+들/XSN+애플/NNP+풀/NNG+매수/NNG+박/VV+으라구/EC"
          },
          {
            "id": 24,
            "text": "3 : 키키 아 좋아 지금 갑니다",
            "norm_text": "키키 아 좋아 지금 갑니다",
            "speaker": {
              "id": "3번",
              "sex": "남성",
              "age": "20대"
            },
            "speechAct": "(단언) 주장하기",
            "morpheme": "키/NNG+키/VV+아/EC+좋/VA+아/EC+지금/MAG+갑니다/VV+EC"
          }
        ]
      }
    }
  ]
}