{
  "dataset": {
    "identifier": 63627,
    "name": "KAKAO_907_06_set",
    "src_path": "/data/file/cubeManager/PROJECT001/53/txt20211005154856067825/KAKAO_907_06_set/",
    "label_path": "/data/file/cubeManager/PROJECT001/53/txt20211005154856067825/KAKAO_907_06_set/",
    "category": 2,
    "type": 0
  },
  "licenses": {
    "name": "Apache License 1.0",
    "url": "http://www.apache.org/licenses/LICENSE-1.0"
  },
  "info": [
    {
      "id": 41723,
      "filename": "KAKAO_907_06.txt",
      "title": "KAKAO_907_06",
      "mediatype": "SNS",
      "medianame": "카카오톡",
      "category": "일상대화",
      "date": "2021-10-05",
      "size": 585,
      "annotations": {
        "subject": "교육",
        "speaker_type": "1:1",
        "size": 585,
        "word_size": 190,
        "text": "1 : 야 요새 좀 재밌는 일 없냐?\n2 : 나 속눈썹 펌하러 갔을 때, 거기 이모랑 입시 상담함\n1 : 갑자기요? 키키 뭐 어떤 입시 상담?\n2 : 아들이 지금 고3이래.\n2 : 그래서 어떤 과를 가야 할지 혼자 고민이 많은 것 같다면서 그랬음\n1 : 친화력 보소 키키\n1 : 그래서 뭐 어떤 이야기해 드렸어\n2 : 아들도 문과라는 거야.\n2 : 나 또 문과잖냐 그래서 문과의 입장에서 말씀드렸지\n1 : 문과 문이 좁긴 하니까...\n1 : 그래서 이모가 뭐래\n2 : 실제 대학생 경험한 사람들이 주변에 없어서 아쉬웠는데 이야기하고 해서 맘이 좀 낫다고 하시더라구\n1 : 고3이랑 고3 부모님들이 진짜 1년 동안 같이 고생하지 ㅜㅜ\n2 : 그러니까... 나도 그때 어떻게 1년이 지나갔는지 기억이 안 나\n1 : 참 그땐 공부 못하면 큰일 나는 줄 알았지.\n2 : 맞아 난 또 회사 들어가면 모든 게 해결되는 줄 알았다\n1 : ㅇㅈ 키키 그래서 그 고3은 어떻게 한대?\n2 : 인 서울 해서 낮은 과를 갈지 부산에서 장학금 받고 좋은 과 갈지 고민 중이래\n1 : 공부 꽤나 하는 애였나 보네?\n2 : 응응 그래서 오히려 고민 많이 하는 거 같더라구~\n2 : 알아서 잘 할 거 같더라!",
        "lines": [
          {
            "id": 1,
            "text": "1 : 야 요새 좀 재밌는 일 없냐?",
            "norm_text": "야 요새 좀 재밌는 일 없냐?",
            "speaker": {
              "id": "1번",
              "sex": "여성",
              "age": "20대"
            },
            "speechAct": "(단언) 주장하기",
            "morpheme": "야/IC+요새/MAG+좀/MAG+재밌/VA+는/ETM+일/NNG+없/VA+냐/EF"
          },
          {
            "id": 2,
            "text": "2 : 나 속눈썹 펌하러 갔을 때, 거기 이모랑 입시 상담함",
            "norm_text": "나 속눈썹 펌하러 갔을 때, 거기 이모랑 입시 상담함",
            "speaker": {
              "id": "2번",
              "sex": "여성",
              "age": "20대"
            },
            "speechAct": "(단언) 진술하기",
            "morpheme": "나/NP+속눈썹/NNG+펌/NNG+하/XSV+러/EC+갔/VV+EP+을/ETM+때/NNG+,/SC+거기/NP+이모/NNG+랑/JKB+입시/NNG+상담/NNG+함/XSV+ETN"
          },
          {
            "id": 3,
            "text": "1 : 갑자기요? 키키 뭐 어떤 입시 상담?",
            "norm_text": "갑자기요? 키키 뭐 어떤 입시 상담?",
            "speaker": {
              "id": "1번",
              "sex": "여성",
              "age": "20대"
            },
            "speechAct": "(단언) 주장하기",
            "morpheme": "갑자기/MAG+요/JX+키/NNG+키/XSV+ETN+뭐/IC+어떤/MM+입시/NNG+상담/NNG"
          },
          {
            "id": 4,
            "text": "2 : 아들이 지금 고3이래.",
            "norm_text": "아들이 지금 고3이래.",
            "speaker": {
              "id": "2번",
              "sex": "여성",
              "age": "20대"
            },
            "speechAct": "(단언) 진술하기",
            "morpheme": "아들/NNG+이/JKS+지금/MAG+고/MM+3/SN+이/VCP+래/EF"
          },
          {
            "id": 5,
            "text": "2 : 그래서 어떤 과를 가야 할지 혼자 고민이 많은 것 같다면서 그랬음",
            "norm_text": "그래서 어떤 과를 가야 할지 혼자 고민이 많은 것 같다면서 그랬음",
            "speaker": {
              "id": "2번",
              "sex": "여성",
              "age": "20대"
            },
            "speechAct": "(단언) 진술하기",
            "morpheme": "그래서/MAJ+어떤/MM+과/NNG+를/JKO+가/VV+야/EC+할지/VX+EC+혼자/NNG+고민/NNG+이/JKS+많/VA+은/ETM+것/NNB+같/VA+다면서/EC+그랬음/VA+EP+EC"
          },
          {
            "id": 6,
            "text": "1 : 친화력 보소 키키",
            "norm_text": "친화력 보소 키키",
            "speaker": {
              "id": "1번",
              "sex": "여성",
              "age": "20대"
            },
            "speechAct": "(단언) 주장하기",
            "morpheme": "친화력/NNG+보소/NNG+키/NNG+키/XSV+ETN"
          },
          {
            "id": 7,
            "text": "1 : 그래서 뭐 어떤 이야기해 드렸어",
            "norm_text": "그래서 뭐 어떤 이야기해 드렸어",
            "speaker": {
              "id": "1번",
              "sex": "여성",
              "age": "20대"
            },
            "speechAct": "(지시) 질문하기",
            "morpheme": "그래서/MAJ+뭐/IC+어떤/MM+이야기/NNG+해/XSV+EC+드렸/VX+EP+어/EC"
          },
          {
            "id": 8,
            "text": "2 : 아들도 문과라는 거야.",
            "norm_text": "아들도 문과라는 거야.",
            "speaker": {
              "id": "2번",
              "sex": "여성",
              "age": "20대"
            },
            "speechAct": "(단언) 진술하기",
            "morpheme": "아들/NNG+도/JX+문과/NNG+라는/VCP+ETM+거/NNB+야/VCP+EF"
          },
          {
            "id": 9,
            "text": "2 : 나 또 문과잖냐 그래서 문과의 입장에서 말씀드렸지",
            "norm_text": "나 또 문과잖냐 그래서 문과의 입장에서 말씀드렸지",
            "speaker": {
              "id": "2번",
              "sex": "여성",
              "age": "20대"
            },
            "speechAct": "(단언) 진술하기",
            "morpheme": "나/NP+또/MAG+문과/NNG+잖냐/VCP+EF+그래서/MAJ+문과/NNG+의/JKG+입장/NNG+에서/JKB+말씀/NNG+드렸/VV+EP+지/EC"
          },
          {
            "id": 10,
            "text": "1 : 문과 문이 좁긴 하니까...",
            "norm_text": "문과 문이 좁긴 하니까...",
            "speaker": {
              "id": "1번",
              "sex": "여성",
              "age": "20대"
            },
            "speechAct": "(단언) 주장하기",
            "morpheme": "문/NNG+과/JC+문/NNG+이/JKS+좁/VA+긴/ETN+JX+하/VX+니까/EC+./SY+./SY"
          },
          {
            "id": 11,
            "text": "1 : 그래서 이모가 뭐래",
            "norm_text": "그래서 이모가 뭐래",
            "speaker": {
              "id": "1번",
              "sex": "여성",
              "age": "20대"
            },
            "speechAct": "(지시) 질문하기",
            "morpheme": "그래서/MAJ+이모/NNG+가/JKS+뭐/NP+래/VCP+EC"
          },
          {
            "id": 12,
            "text": "2 : 실제 대학생 경험한 사람들이 주변에 없어서 아쉬웠는데 이야기하고 해서 맘이 좀 낫다고 하시더라구",
            "norm_text": "실제 대학생 경험한 사람들이 주변에 없어서 아쉬웠는데 이야기하고 해서 맘이 좀 낫다고 하시더라구",
            "speaker": {
              "id": "2번",
              "sex": "여성",
              "age": "20대"
            },
            "speechAct": "(단언) 진술하기",
            "morpheme": "실제/NNG+대학생/NNG+경험/NNG+한/XSA+ETM+사람/NNG+들/XSN+이/JKS+주변/NNG+에/JKB+없/VA+어서/EC+아쉬웠/VV+EP+는데/EC+이야기/NNG+하/XSV+고/EC+해서/VV+EC+맘/NNG+이/JKS+좀/MAG+낫/VA+다고/EC+하/VX+시/EP+더라구/EC"
          },
          {
            "id": 13,
            "text": "1 : 고3이랑 고3 부모님들이 진짜 1년 동안 같이 고생하지 ㅜㅜ",
            "norm_text": "고3이랑 고3 부모님들이 진짜 1년 동안 같이 고생하지 ㅜㅜ",
            "speaker": {
              "id": "1번",
              "sex": "여성",
              "age": "20대"
            },
            "speechAct": "(단언) 주장하기",
            "morpheme": "고/MM+3/SN+이랑/JC+고/EC+3/SN+부모/NNG+님/XSN+들/XSN+이/JKS+진짜/MAG+1/SN+년/NNBC+동안/NNG+같이/JKB+고생/NNG+하/XSV+지/EC+ㅜㅜ/UNKNOWN"
          },
          {
            "id": 14,
            "text": "2 : 그러니까... 나도 그때 어떻게 1년이 지나갔는지 기억이 안 나",
            "norm_text": "그러니까... 나도 그때 어떻게 1년이 지나갔는지 기억이 안 나",
            "speaker": {
              "id": "2번",
              "sex": "여성",
              "age": "20대"
            },
            "speechAct": "(단언) 주장하기",
            "morpheme": "그러니까/MAJ+./SY+나/NP+도/JX+그때/NNG+어떻게/MAG+1/SN+년/NNBC+이/JKS+지나갔/VV+EP+는지/EC+기억/NNG+이/JKS+안/MAG+나/VV+EC"
          },
          {
            "id": 15,
            "text": "1 : 참 그땐 공부 못하면 큰일 나는 줄 알았지.",
            "norm_text": "참 그땐 공부 못하면 큰일 나는 줄 알았지.",
            "speaker": {
              "id": "1번",
              "sex": "여성",
              "age": "20대"
            },
            "speechAct": "(단언) 주장하기",
            "morpheme": "참/IC+그/MM+땐/NNG+JX+공부/NNG+못/MAG+하/VV+면/EC+큰일나/VV+는/ETM+줄/NNB+알/VV+았/EP+지/EF"
          },
          {
            "id": 16,
            "text": "2 : 맞아 난 또 회사 들어가면 모든 게 해결되는 줄 알았다",
            "norm_text": "맞아 난 또 회사 들어가면 모든 게 해결되는 줄 알았다",
            "speaker": {
              "id": "2번",
              "sex": "여성",
              "age": "20대"
            },
            "speechAct": "(단언) 주장하기",
            "morpheme": "맞/VV+아/EC+난/NP+JX+또/MAG+회사/NNG+들어가/VV+면/EC+모든/MM+게/NNB+JKS+해결/NNG+되/XSV+는/ETM+줄/NNB+알/VV+았/EP+다/EC"
          },
          {
            "id": 17,
            "text": "1 : ㅇㅈ 키키 그래서 그 고3은 어떻게 한대?",
            "norm_text": "ㅇㅈ 키키 그래서 그 고3은 어떻게 한대?",
            "speaker": {
              "id": "1번",
              "sex": "여성",
              "age": "20대"
            },
            "speechAct": "(지시) 질문하기",
            "morpheme": "ㅇㅈ/UNKNOWN+키/NNG+키/XSV+ETN+그래서/MAJ+그/MM+고/XPN+3/SN+은/JX+어떻/VA+게/EC+한대/VX+EF"
          },
          {
            "id": 18,
            "text": "2 : 인 서울 해서 낮은 과를 갈지 부산에서 장학금 받고 좋은 과 갈지 고민 중이래",
            "norm_text": "인 서울 해서 낮은 과를 갈지 부산에서 장학금 받고 좋은 과 갈지 고민 중이래",
            "speaker": {
              "id": "2번",
              "sex": "여성",
              "age": "20대"
            },
            "speechAct": "(단언) 주장하기",
            "morpheme": "인서/NNG+울/JKO+해서/VV+EC+낮/VA+은/ETM+과/NNG+를/JKO+갈지/VV+EC+부산/NNP+에서/JKB+장학금/NNG+받/VV+고/EC+좋/VA+은/ETM+과/NNG+갈지/VV+EC+고민/NNG+중/NNB+이/VCP+래/EC"
          },
          {
            "id": 19,
            "text": "1 : 공부 꽤나 하는 애였나 보네?",
            "norm_text": "공부 꽤나 하는 애였나 보네?",
            "speaker": {
              "id": "1번",
              "sex": "여성",
              "age": "20대"
            },
            "speechAct": "(지시) 질문하기",
            "morpheme": "공부/NNG+꽤/MAG+나/JX+하/VV+는/ETM+애/NNG+였/VCP+EP+나/EC+보/VX+네/EF"
          },
          {
            "id": 20,
            "text": "2 : 응응 그래서 오히려 고민 많이 하는 거 같더라구~",
            "norm_text": "응응 그래서 오히려 고민 많이 하는 거 같더라구~",
            "speaker": {
              "id": "2번",
              "sex": "여성",
              "age": "20대"
            },
            "speechAct": "(단언) 주장하기",
            "morpheme": "응/IC+응/IC+그래서/MAJ+오히려/MAJ+고민/NNG+많이/MAG+하/VV+는/ETM+거/NNB+같/VA+더라구/EC+~/SY"
          },
          {
            "id": 21,
            "text": "2 : 알아서 잘 할 거 같더라!",
            "norm_text": "알아서 잘 할 거 같더라!",
            "speaker": {
              "id": "2번",
              "sex": "여성",
              "age": "20대"
            },
            "speechAct": "(단언) 주장하기",
            "morpheme": "알/VV+아서/EC+잘/MAG+할/VV+ETM+거/NNB+같/VA+더라/EF"
          }
        ]
      }
    }
  ]
}