{
  "dataset": {
    "identifier": 63322,
    "name": "KAKAO_914_01_set",
    "src_path": "/data/file/cubeManager/PROJECT001/53/txt20211005161430060587/KAKAO_914_01_set/",
    "label_path": "/data/file/cubeManager/PROJECT001/53/txt20211005161430060587/KAKAO_914_01_set/",
    "category": 2,
    "type": 0
  },
  "licenses": {
    "name": "Apache License 1.0",
    "url": "http://www.apache.org/licenses/LICENSE-1.0"
  },
  "info": [
    {
      "id": 42018,
      "filename": "KAKAO_914_01.txt",
      "title": "KAKAO_914_01",
      "mediatype": "SNS",
      "medianame": "카카오톡",
      "category": "일상대화",
      "date": "2021-10-05",
      "size": 466,
      "annotations": {
        "subject": "식음료",
        "speaker_type": "1:1",
        "size": 466,
        "word_size": 162,
        "text": "1 : 점심 식사는 정했나 키키\n2 : 아니 키키 아직 동생들이 자고 있어서 키키\n1 : 키키 동생들 안 일어나나 키키 해가 지금 중천인데\n2 : 키키 다들 어제 늦게 잤나 봐 키키\n2 : 언니 배고파 돌아가시겠다 키키\n1 : 키키 그러니까 뭐야 뭐 먹을지는 정했나?\n2 : 키키 그냥 간단하게 어묵탕 끓여 먹을까 싶네 키키\n1 : 오? 어묵탕 니가 끓이는 거임? 키키\n2 : 키키 그거 밀키트 키키 재료 넣기만 하면 되는 키키\n1 : 아? 그런 것도 있음? 좋네 키키\n1 : 요리는 좀 하나?\n2 : 키키 아니 요리 관심 없어 키키\n2 : 먹는 거에 뜻이 없어 키키\n1 : 키키 응? 그래서 살이 안 찌는구나? 키키\n2 : 키키 내 식습관 자체가 살이 안 찔 수밖에 없긴 하더라 키키\n1 : 그래 뭐 그렇게 먹고 살이 찌겠노 키키\n2 : 살 찌는 음식들을 보통 안 좋아하더라고 키키\n1 : 아? 키키 진짜 어쩔 수 없나 보다\n2 : 키키 이제 뭐 그려러니 해 키키",
        "lines": [
          {
            "id": 1,
            "text": "1 : 점심 식사는 정했나 키키",
            "norm_text": "점심 식사는 정했나 키키",
            "speaker": {
              "id": "1번",
              "sex": "남성",
              "age": "20대"
            },
            "speechAct": "(지시) 질문하기",
            "morpheme": "점심/NNG+식사/NNG+는/JX+정했/VV+EP+나/EC+키/NNG+키/XSV+ETN"
          },
          {
            "id": 2,
            "text": "2 : 아니 키키 아직 동생들이 자고 있어서 키키",
            "norm_text": "아니 키키 아직 동생들이 자고 있어서 키키",
            "speaker": {
              "id": "2번",
              "sex": "여성",
              "age": "20대"
            },
            "speechAct": "(단언) 진술하기",
            "morpheme": "아니키/NNP+키/NNG+아직/MAG+동생/NNG+들/XSN+이/JKS+자/VV+고/EC+있/VX+어서/EC+키/NNG+키/XSV+ETN"
          },
          {
            "id": 3,
            "text": "1 : 키키 동생들 안 일어나나 키키 해가 지금 중천인데",
            "norm_text": "키키 동생들 안 일어나나 키키 해가 지금 중천인데",
            "speaker": {
              "id": "1번",
              "sex": "남성",
              "age": "20대"
            },
            "speechAct": "(단언) 주장하기",
            "morpheme": "키/NNG+키/NNG+동생/NNG+들/XSN+안/MAG+일어나/VV+나/EC+키/NNG+키/NNG+해/NNG+가/JKS+지금/MAG+중천/NNG+인데/VCP+EC"
          },
          {
            "id": 4,
            "text": "2 : 키키 다들 어제 늦게 잤나 봐 키키",
            "norm_text": "키키 다들 어제 늦게 잤나 봐 키키",
            "speaker": {
              "id": "2번",
              "sex": "여성",
              "age": "20대"
            },
            "speechAct": "(단언) 진술하기",
            "morpheme": "키/NNG+키/VV+다/EC+들/XSN+어제/MAG+늦/VA+게/EC+잤/VV+EP+나/EC+봐/VX+EF+키/NNG+키/XSV+ETN"
          },
          {
            "id": 5,
            "text": "2 : 언니 배고파 돌아가시겠다 키키",
            "norm_text": "언니 배고파 돌아가시겠다 키키",
            "speaker": {
              "id": "2번",
              "sex": "여성",
              "age": "20대"
            },
            "speechAct": "(단언) 주장하기",
            "morpheme": "언니/NNG+배고파/VA+EC+돌아가시/VV+겠/EP+다키키/NNP"
          },
          {
            "id": 6,
            "text": "1 : 키키 그러니까 뭐야 뭐 먹을지는 정했나?",
            "norm_text": "키키 그러니까 뭐야 뭐 먹을지는 정했나?",
            "speaker": {
              "id": "1번",
              "sex": "남성",
              "age": "20대"
            },
            "speechAct": "(지시) 질문하기",
            "morpheme": "키/NNG+키/XSV+ETN+그러니까/MAJ+뭐/NP+야/VCP+EF+뭐/IC+먹/VV+을지/EC+는/JX+정했/VV+EP+나/EF"
          },
          {
            "id": 7,
            "text": "2 : 키키 그냥 간단하게 어묵탕 끓여 먹을까 싶네 키키",
            "norm_text": "키키 그냥 간단하게 어묵탕 끓여 먹을까 싶네 키키",
            "speaker": {
              "id": "2번",
              "sex": "여성",
              "age": "20대"
            },
            "speechAct": "(단언) 진술하기",
            "morpheme": "키/NNG+키/NNG+그냥/MAG+간단/XR+하/XSA+게/EC+어묵/NNG+탕/MAG+끓여/VV+EC+먹/VV+을까/EC+싶/VX+네/EF+키/NNG+키/XSV+ETN"
          },
          {
            "id": 8,
            "text": "1 : 오? 어묵탕 니가 끓이는 거임? 키키",
            "norm_text": "오? 어묵탕 니가 끓이는 거임? 키키",
            "speaker": {
              "id": "1번",
              "sex": "남성",
              "age": "20대"
            },
            "speechAct": "(지시) 질문하기",
            "morpheme": "오/IC+어묵/NNG+탕/NNG+니/NP+가/JKS+끓이/VV+는/ETM+거/NNB+임/VCP+ETN+키/NNG+키/XSV+ETN"
          },
          {
            "id": 9,
            "text": "2 : 키키 그거 밀키트 키키 재료 넣기만 하면 되는 키키",
            "norm_text": "키키 그거 밀키트 키키 재료 넣기만 하면 되는 키키",
            "speaker": {
              "id": "2번",
              "sex": "여성",
              "age": "20대"
            },
            "speechAct": "(단언) 진술하기",
            "morpheme": "키/NNG+키/XSV+ETN+그거/NP+밀/VV+ETM+키트/NNG+키/NNG+키/NNG+재료/NNG+넣/VV+기/ETN+만/JX+하/VV+면/EC+되/VV+는/ETM+키/NNG+키/XSV+ETN"
          },
          {
            "id": 10,
            "text": "1 : 아? 그런 것도 있음? 좋네 키키",
            "norm_text": "아? 그런 것도 있음? 좋네 키키",
            "speaker": {
              "id": "1번",
              "sex": "남성",
              "age": "20대"
            },
            "speechAct": "(지시) 질문하기",
            "morpheme": "아/IC+그런/MM+것/NNB+도/JX+있/VX+음/ETN+좋/VA+네/EF+키/NNG+키/XSV+ETN"
          },
          {
            "id": 11,
            "text": "1 : 요리는 좀 하나?",
            "norm_text": "요리는 좀 하나?",
            "speaker": {
              "id": "1번",
              "sex": "남성",
              "age": "20대"
            },
            "speechAct": "(지시) 질문하기",
            "morpheme": "요리/NNG+는/JX+좀/MAG+하나/NR"
          },
          {
            "id": 12,
            "text": "2 : 키키 아니 요리 관심 없어 키키",
            "norm_text": "키키 아니 요리 관심 없어 키키",
            "speaker": {
              "id": "2번",
              "sex": "여성",
              "age": "20대"
            },
            "speechAct": "(단언) 진술하기",
            "morpheme": "키/NNG+키/XSV+ETN+아니/VCN+요리/EC+관심없/VV+어/EC+키/NNG+키/XSV+ETN"
          },
          {
            "id": 13,
            "text": "2 : 먹는 거에 뜻이 없어 키키",
            "norm_text": "먹는 거에 뜻이 없어 키키",
            "speaker": {
              "id": "2번",
              "sex": "여성",
              "age": "20대"
            },
            "speechAct": "(단언) 주장하기",
            "morpheme": "먹/VV+는/ETM+거/NNB+에/JKB+뜻/NNG+이/JKS+없/VA+어/EC+키/NNG+키/XSV+ETN"
          },
          {
            "id": 14,
            "text": "1 : 키키 응? 그래서 살이 안 찌는구나? 키키",
            "norm_text": "키키 응? 그래서 살이 안 찌는구나? 키키",
            "speaker": {
              "id": "1번",
              "sex": "남성",
              "age": "20대"
            },
            "speechAct": "(단언) 주장하기",
            "morpheme": "키/NNG+키/XSV+ETN+응/IC+그래서/MAJ+살/NNG+이/JKS+안/MAG+찌/VV+는구나/EF+키/NNG+키/XSV+ETN"
          },
          {
            "id": 15,
            "text": "2 : 키키 내 식습관 자체가 살이 안 찔 수밖에 없긴 하더라 키키",
            "norm_text": "키키 내 식습관 자체가 살이 안 찔 수밖에 없긴 하더라 키키",
            "speaker": {
              "id": "2번",
              "sex": "여성",
              "age": "20대"
            },
            "speechAct": "(단언) 진술하기",
            "morpheme": "키/NNG+키/XSV+ETN+내/NP+JKG+식습관/NNG+자체/NNG+가/JKS+살/NNG+이/JKS+안/MAG+찔/VV+ETM+수/NNB+밖에/JX+없/VA+긴/ETN+JX+하/VX+더라/EC+키/NNG+키/XSV+ETN"
          },
          {
            "id": 16,
            "text": "1 : 그래 뭐 그렇게 먹고 살이 찌겠노 키키",
            "norm_text": "그래 뭐 그렇게 먹고 살이 찌겠노 키키",
            "speaker": {
              "id": "1번",
              "sex": "남성",
              "age": "20대"
            },
            "speechAct": "(단언) 주장하기",
            "morpheme": "그래/IC+뭐/IC+그렇게/MAG+먹/VV+고/EC+살/NNG+이/JKS+찌/VV+겠/EP+노/EC+키/NNG+키/XSV+ETN"
          },
          {
            "id": 17,
            "text": "2 : 살 찌는 음식들을 보통 안 좋아하더라고 키키",
            "norm_text": "살 찌는 음식들을 보통 안 좋아하더라고 키키",
            "speaker": {
              "id": "2번",
              "sex": "여성",
              "age": "20대"
            },
            "speechAct": "(단언) 진술하기",
            "morpheme": "살찌/VV+는/ETM+음식/NNG+들/XSN+을/JKO+보통/NNG+안/MAG+좋아하/VV+더라고/EC+키/NNG+키/XSV+ETN"
          },
          {
            "id": 18,
            "text": "1 : 아? 키키 진짜 어쩔 수 없나 보다",
            "norm_text": "아? 키키 진짜 어쩔 수 없나 보다",
            "speaker": {
              "id": "1번",
              "sex": "남성",
              "age": "20대"
            },
            "speechAct": "(단언) 주장하기",
            "morpheme": "아/IC+키/NNG+키/XSV+ETN+진짜/MAG+어쩔/VV+ETM+수/NNB+없/VA+나/NP+보다/JKB"
          },
          {
            "id": 19,
            "text": "2 : 키키 이제 뭐 그려러니 해 키키",
            "norm_text": "키키 이제 뭐 그려러니 해 키키",
            "speaker": {
              "id": "2번",
              "sex": "여성",
              "age": "20대"
            },
            "speechAct": "(단언) 진술하기",
            "morpheme": "키/NNG+키/NNG+이제/MAG+뭐/IC+그려/VV+러니/EC+해/VV+EC+키/NNG+키/XSV+ETN"
          }
        ]
      }
    }
  ]
}