{
  "dataset": {
    "identifier": 63334,
    "name": "KAKAO_914_09_set",
    "src_path": "/data/file/cubeManager/PROJECT001/53/txt20211005161430075423/KAKAO_914_09_set/",
    "label_path": "/data/file/cubeManager/PROJECT001/53/txt20211005161430075423/KAKAO_914_09_set/",
    "category": 2,
    "type": 0
  },
  "licenses": {
    "name": "Apache License 1.0",
    "url": "http://www.apache.org/licenses/LICENSE-1.0"
  },
  "info": [
    {
      "id": 42026,
      "filename": "KAKAO_914_09.txt",
      "title": "KAKAO_914_09",
      "mediatype": "SNS",
      "medianame": "카카오톡",
      "category": "일상대화",
      "date": "2021-10-05",
      "size": 508,
      "annotations": {
        "subject": "반려동물",
        "speaker_type": "1:1",
        "size": 508,
        "word_size": 167,
        "text": "1 : 아들 셋 키키 동물 키울 생각은 못할 듯 키키\n2 : 대박 키키 혹시나 하는 마음에 했다가 또 아들인 거구나 키키\n2 : 그렇네 키키 동물은 절대 못 키우겠다 키키\n1 : 엉 키키 진짜 장난 아니야 아들들은 체력이\n2 : 키키 미쳤지 자기들끼리 얼마나 장난칠 거야 키키\n1 : 그러니까 키키 누나 목소리가 올라갈 수밖에 없겠더라\n2 : 너희 본가 가면 애들 엄청 좋아하겠네 강아지 있어서 키키\n1 : 옹 키키 신났지 뭐\n1 : 물고기도 키운대\n2 : 와우 키키 애들 좀 진정 시키는데 물멍이 효과가 있으려나\n1 : 키키 아니 뭐든 진정은 되지 않아\n2 : 아는 사람이 물멍한다고 물고기 키우더라고\n1 : 키키 요새는 물멍도 하나\n1 : 뭐 다 멍 때리네\n2 : 물고기 지켜보고 있으면 시간 가는 줄 모른다더라 키키\n1 : 오 키키 얘들이 그걸 알까\n1 : 벌써 멍 때릴 때인가\n2 : 키키 아 웃겨 애들 진정 시킨다고 서예학원도 많이들 보낸다던데\n1 : 키키 진짜 서예 하면 앉아 있을까\n2 : 그래서 오히려 서예학원 시끌벅적하대 키키",
        "lines": [
          {
            "id": 1,
            "text": "1 : 아들 셋 키키 동물 키울 생각은 못할 듯 키키",
            "norm_text": "아들 셋 키키 동물 키울 생각은 못할 듯 키키",
            "speaker": {
              "id": "1번",
              "sex": "남성",
              "age": "20대"
            },
            "speechAct": "(단언) 진술하기",
            "morpheme": "아들/NNG+셋/NR+키/NNG+키/NNG+동물/NNG+키울/VV+ETM+생각/NNG+은/JX+못/MAG+할/VV+ETM+듯/NNB+키/NNG+키/XSV+ETN"
          },
          {
            "id": 2,
            "text": "2 : 대박 키키 혹시나 하는 마음에 했다가 또 아들인 거구나 키키",
            "norm_text": "대박 키키 혹시나 하는 마음에 했다가 또 아들인 거구나 키키",
            "speaker": {
              "id": "2번",
              "sex": "여성",
              "age": "20대"
            },
            "speechAct": "(단언) 진술하기",
            "morpheme": "대박/NNG+키/NNG+키/XSV+ETN+혹시나/MAG+하/VV+는/ETM+마음/NNG+에/JKB+했/VV+EP+다가/EC+또/MAG+아들/NNG+인/VCP+ETM+거/NNB+구나/VCP+EC+키/NNG+키/XSV+ETN"
          },
          {
            "id": 3,
            "text": "2 : 그렇네 키키 동물은 절대 못 키우겠다 키키",
            "norm_text": "그렇네 키키 동물은 절대 못 키우겠다 키키",
            "speaker": {
              "id": "2번",
              "sex": "여성",
              "age": "20대"
            },
            "speechAct": "(단언) 주장하기",
            "morpheme": "그렇/VA+네/EF+키키/NNP+동물/NNG+은/JX+절대/MAG+못/MAG+키우/VV+겠/EP+다키키/NNP"
          },
          {
            "id": 4,
            "text": "1 : 엉 키키 진짜 장난 아니야 아들들은 체력이",
            "norm_text": "엉 키키 진짜 장난 아니야 아들들은 체력이",
            "speaker": {
              "id": "1번",
              "sex": "남성",
              "age": "20대"
            },
            "speechAct": "(단언) 주장하기",
            "morpheme": "엉/IC+키/NNG+키/XSV+ETN+진짜/MAG+장난/NNG+아니/VCN+야/EC+아들/NNG+들/XSN+은/JX+체력/NNG+이/JKS"
          },
          {
            "id": 5,
            "text": "2 : 키키 미쳤지 자기들끼리 얼마나 장난칠 거야 키키",
            "norm_text": "키키 미쳤지 자기들끼리 얼마나 장난칠 거야 키키",
            "speaker": {
              "id": "2번",
              "sex": "여성",
              "age": "20대"
            },
            "speechAct": "(단언) 주장하기",
            "morpheme": "키/NNG+키/XSV+ETN+미쳤/VV+EP+지/EF+자기/NP+들/XSN+끼리/XSN+얼마나/MAG+장난칠/VV+ETM+거/NNB+야/VCP+EF+키/NNG+키/XSV+ETN"
          },
          {
            "id": 6,
            "text": "1 : 그러니까 키키 누나 목소리가 올라갈 수밖에 없겠더라",
            "norm_text": "그러니까 키키 누나 목소리가 올라갈 수밖에 없겠더라",
            "speaker": {
              "id": "1번",
              "sex": "남성",
              "age": "20대"
            },
            "speechAct": "(단언) 주장하기",
            "morpheme": "그러니까/MAJ+키/NNG+키/NNG+누나/NNG+목소리/NNG+가/JKS+올라갈/VV+ETM+수/NNB+밖에/JX+없/VA+겠/EP+더라/EC"
          },
          {
            "id": 7,
            "text": "2 : 너희 본가 가면 애들 엄청 좋아하겠네 강아지 있어서 키키",
            "norm_text": "너희 본가 가면 애들 엄청 좋아하겠네 강아지 있어서 키키",
            "speaker": {
              "id": "2번",
              "sex": "여성",
              "age": "20대"
            },
            "speechAct": "(단언) 주장하기",
            "morpheme": "너희/NP+본가/NNG+가/VV+면/EC+애/NNG+들/XSN+엄청/MAG+좋/VA+아/EC+하/VX+겠/EP+네/EF+강아지/NNG+있/VV+어서/EC+키/NNG+키/XSV+ETN"
          },
          {
            "id": 8,
            "text": "1 : 옹 키키 신났지 뭐",
            "norm_text": "옹 키키 신났지 뭐",
            "speaker": {
              "id": "1번",
              "sex": "남성",
              "age": "20대"
            },
            "speechAct": "(단언) 주장하기",
            "morpheme": "옹/NNG+키/NNG+키/XSV+ETN+신났/VV+EP+지/EF+뭐/IC"
          },
          {
            "id": 9,
            "text": "1 : 물고기도 키운대",
            "norm_text": "물고기도 키운대",
            "speaker": {
              "id": "1번",
              "sex": "남성",
              "age": "20대"
            },
            "speechAct": "(단언) 진술하기",
            "morpheme": "물고기/NNG+도/JX+키/NNG+운대/NNG"
          },
          {
            "id": 10,
            "text": "2 : 와우 키키 애들 좀 진정 시키는데 물멍이 효과가 있으려나",
            "norm_text": "와우 키키 애들 좀 진정 시키는데 물멍이 효과가 있으려나",
            "speaker": {
              "id": "2번",
              "sex": "여성",
              "age": "20대"
            },
            "speechAct": "(단언) 주장하기",
            "morpheme": "와우/IC+키/NNG+키/NNG+애/NNG+들/XSN+좀/MAG+진정/NNG+시키/XSV+는/ETM+데/NNB+물/VV+멍/EC+이/MM+효과/NNG+가/JKS+있/VA+으려나/EC"
          },
          {
            "id": 11,
            "text": "1 : 키키 아니 뭐든 진정은 되지 않아",
            "norm_text": "키키 아니 뭐든 진정은 되지 않아",
            "speaker": {
              "id": "1번",
              "sex": "남성",
              "age": "20대"
            },
            "speechAct": "(단언) 주장하기",
            "morpheme": "키/NNG+키/XSV+ETN+아니/VCN+뭐/NP+든/VCP+EC+진정/NNG+은/JX+되/VV+지/EC+않/VX+아/EC"
          },
          {
            "id": 12,
            "text": "2 : 아는 사람이 물멍한다고 물고기 키우더라고",
            "norm_text": "아는 사람이 물멍한다고 물고기 키우더라고",
            "speaker": {
              "id": "2번",
              "sex": "여성",
              "age": "20대"
            },
            "speechAct": "(단언) 진술하기",
            "morpheme": "아/VV+는/ETM+사람/NNG+이/JKS+물/VV+멍/EC+한다고/VX+EC+물고기/NNG+키우/VV+더라고/EC"
          },
          {
            "id": 13,
            "text": "1 : 키키 요새는 물멍도 하나",
            "norm_text": "키키 요새는 물멍도 하나",
            "speaker": {
              "id": "1번",
              "sex": "남성",
              "age": "20대"
            },
            "speechAct": "(단언) 주장하기",
            "morpheme": "키/NNG+키/NNG+요새/NNG+는/JX+물/NNG+멍/NNG+도/JX+하나/NR"
          },
          {
            "id": 14,
            "text": "1 : 뭐 다 멍 때리네",
            "norm_text": "뭐 다 멍 때리네",
            "speaker": {
              "id": "1번",
              "sex": "남성",
              "age": "20대"
            },
            "speechAct": "(단언) 진술하기",
            "morpheme": "뭐/IC+다/MAG+멍/MAG+때리/VV+네/EC"
          },
          {
            "id": 15,
            "text": "2 : 물고기 지켜보고 있으면 시간 가는 줄 모른다더라 키키",
            "norm_text": "물고기 지켜보고 있으면 시간 가는 줄 모른다더라 키키",
            "speaker": {
              "id": "2번",
              "sex": "여성",
              "age": "20대"
            },
            "speechAct": "(단언) 진술하기",
            "morpheme": "물고기/NNG+지켜보/VV+고/EC+있/VX+으면/EC+시간/NNG+가/VV+는/ETM+줄/NNB+모른다/VV+EC+더/MAG+라키/NNP+키/NNG"
          },
          {
            "id": 16,
            "text": "1 : 오 키키 얘들이 그걸 알까",
            "norm_text": "오 키키 얘들이 그걸 알까",
            "speaker": {
              "id": "1번",
              "sex": "남성",
              "age": "20대"
            },
            "speechAct": "(단언) 주장하기",
            "morpheme": "오키/NNP+키/NNG+얘/NP+들/XSN+이/JKS+그걸/NP+JKO+알/VV+까/EC"
          },
          {
            "id": 17,
            "text": "1 : 벌써 멍 때릴 때인가",
            "norm_text": "벌써 멍 때릴 때인가",
            "speaker": {
              "id": "1번",
              "sex": "남성",
              "age": "20대"
            },
            "speechAct": "(단언) 주장하기",
            "morpheme": "벌써/MAG+멍/MAG+때릴/VV+ETM+때/NNG+인가/VCP+EC"
          },
          {
            "id": 18,
            "text": "2 : 키키 아 웃겨 애들 진정 시킨다고 서예학원도 많이들 보낸다던데",
            "norm_text": "키키 아 웃겨 애들 진정 시킨다고 서예학원도 많이들 보낸다던데",
            "speaker": {
              "id": "2번",
              "sex": "여성",
              "age": "20대"
            },
            "speechAct": "(단언) 진술하기",
            "morpheme": "키/NNG+키/VV+아/EC+웃겨/VV+EC+애/NNG+들/XSN+진정/NNG+시킨/XSV+다고/EC+서예/NNG+학원/NNG+도/JX+많이/MAG+들/XSN+보낸다/VV+EC+던데/VV+EC"
          },
          {
            "id": 19,
            "text": "1 : 키키 진짜 서예 하면 앉아 있을까",
            "norm_text": "키키 진짜 서예 하면 앉아 있을까",
            "speaker": {
              "id": "1번",
              "sex": "남성",
              "age": "20대"
            },
            "speechAct": "(단언) 주장하기",
            "morpheme": "키/NNG+키/XSV+ETN+진짜/MAG+서예/NNG+하/XSV+면/EC+앉/VV+아/EC+있/VX+을까/EC"
          },
          {
            "id": 20,
            "text": "2 : 그래서 오히려 서예학원 시끌벅적하대 키키",
            "norm_text": "그래서 오히려 서예학원 시끌벅적하대 키키",
            "speaker": {
              "id": "2번",
              "sex": "여성",
              "age": "20대"
            },
            "speechAct": "(단언) 진술하기",
            "morpheme": "그래서/MAJ+오히려/MAJ+서예/NNG+학원/NNG+시끌벅적/MAG+하대/NNG+키/NNG+키/XSV+ETN"
          }
        ]
      }
    }
  ]
}