{
  "dataset": {
    "identifier": 63328,
    "name": "KAKAO_914_06_set",
    "src_path": "/data/file/cubeManager/PROJECT001/53/txt20211005161430073279/KAKAO_914_06_set/",
    "label_path": "/data/file/cubeManager/PROJECT001/53/txt20211005161430073279/KAKAO_914_06_set/",
    "category": 2,
    "type": 0
  },
  "licenses": {
    "name": "Apache License 1.0",
    "url": "http://www.apache.org/licenses/LICENSE-1.0"
  },
  "info": [
    {
      "id": 42023,
      "filename": "KAKAO_914_06.txt",
      "title": "KAKAO_914_06",
      "mediatype": "SNS",
      "medianame": "카카오톡",
      "category": "일상대화",
      "date": "2021-10-05",
      "size": 445,
      "annotations": {
        "subject": "교육",
        "speaker_type": "1:1",
        "size": 445,
        "word_size": 152,
        "text": "1 : 니도 사교육 많이 받았나? 키키\n2 : 키키 안 받진 않았지 키키\n2 : 과외랑 학원 많이 다녔어\n1 : 오 그래도 많이 받았네 키키\n1 : 난 안 받았어\n2 : 아 진짜? 키키 너가 학원 다니기 싫어서?\n1 : 키키 옹 태권도만 다닌 것 같음 키키\n2 : 난 독학으로 공부하길 바랬는데 강제로 학원 다닌 스타일이라 키키\n1 : 아 진짜? 우리 집은 또 그렇게 교육열이 없어서\n2 : 오 태권도 태권도 진짜 배워보고 싶었는데 키키\n1 : 키키 나 태권도 대회도 나갔었음\n2 : 키키 오 멋진데 키키\n2 : 입상했어?\n1 : 키키 아니 돌려차기 맞고 KO 당함 키키\n2 : 키키 그것도 추억이고 경험이지 키키\n1 : 키키 난 더할 수 있을지 알았는데 눈이 맛이 갔다고 하더라고\n2 : 키키 몇 살 때 대회 나간 거야?\n1 : 고등학교 때 키키\n1 : 누나들이랑 부모님이 다 보러 왔는데\n2 : 키키 잊고 싶은 흑역사겠군 키키",
        "lines": [
          {
            "id": 1,
            "text": "1 : 니도 사교육 많이 받았나? 키키",
            "norm_text": "니도 사교육 많이 받았나? 키키",
            "speaker": {
              "id": "1번",
              "sex": "남성",
              "age": "20대"
            },
            "speechAct": "(지시) 질문하기",
            "morpheme": "니/NP+도/JX+사교육/NNG+많이/MAG+받/VV+았/EP+나/EF+키/NNG+키/XSV+ETN"
          },
          {
            "id": 2,
            "text": "2 : 키키 안 받진 않았지 키키",
            "norm_text": "키키 안 받진 않았지 키키",
            "speaker": {
              "id": "2번",
              "sex": "여성",
              "age": "20대"
            },
            "speechAct": "(단언) 진술하기",
            "morpheme": "키/NNG+키/NNG+안/MAG+받/VV+진/EC+JX+않/VX+았/EP+지/EC+키/NNG+키/XSV+ETN"
          },
          {
            "id": 3,
            "text": "2 : 과외랑 학원 많이 다녔어",
            "norm_text": "과외랑 학원 많이 다녔어",
            "speaker": {
              "id": "2번",
              "sex": "여성",
              "age": "20대"
            },
            "speechAct": "(단언) 진술하기",
            "morpheme": "과외/NNG+랑/JKB+학원/NNG+많이/MAG+다녔/VV+EP+어/EC"
          },
          {
            "id": 4,
            "text": "1 : 오 그래도 많이 받았네 키키",
            "norm_text": "오 그래도 많이 받았네 키키",
            "speaker": {
              "id": "1번",
              "sex": "남성",
              "age": "20대"
            },
            "speechAct": "(단언) 주장하기",
            "morpheme": "오/IC+그래도/MAJ+많이/MAG+받/VV+았/EP+네/EF+키/NNG+키/XSV+ETN"
          },
          {
            "id": 5,
            "text": "1 : 난 안 받았어",
            "norm_text": "난 안 받았어",
            "speaker": {
              "id": "1번",
              "sex": "남성",
              "age": "20대"
            },
            "speechAct": "(단언) 진술하기",
            "morpheme": "난/NP+JX+안/MAG+받/VV+았/EP+어/EC"
          },
          {
            "id": 6,
            "text": "2 : 아 진짜? 키키 너가 학원 다니기 싫어서?",
            "norm_text": "아 진짜? 키키 너가 학원 다니기 싫어서?",
            "speaker": {
              "id": "2번",
              "sex": "여성",
              "age": "20대"
            },
            "speechAct": "(지시) 질문하기",
            "morpheme": "아/IC+진짜/MAG+키/NNG+키/XSV+ETN+너/NP+가/JKS+학원/NNG+다니/VV+기/ETN+싫/VA+어서/EC"
          },
          {
            "id": 7,
            "text": "1 : 키키 옹 태권도만 다닌 것 같음 키키",
            "norm_text": "키키 옹 태권도만 다닌 것 같음 키키",
            "speaker": {
              "id": "1번",
              "sex": "남성",
              "age": "20대"
            },
            "speechAct": "(단언) 진술하기",
            "morpheme": "키/NNG+키/XSV+ETN+옹/NNB+태권도/NNG+만/JX+다닌/VV+ETM+것/NNB+같/VA+음/ETN+키/NNG+키/XSV+ETN"
          },
          {
            "id": 8,
            "text": "2 : 난 독학으로 공부하길 바랬는데 강제로 학원 다닌 스타일이라 키키",
            "norm_text": "난 독학으로 공부하길 바랬는데 강제로 학원 다닌 스타일이라 키키",
            "speaker": {
              "id": "2번",
              "sex": "여성",
              "age": "20대"
            },
            "speechAct": "(단언) 진술하기",
            "morpheme": "난/NP+JX+독학/NNG+으로/JKB+공부/NNG+하/XSV+길/ETN+JKO+바랬/VV+EC+EP+는데/EC+강제/NNG+로/JKB+학원/NNG+다닌/VV+ETM+스타일/NNG+이/JKS+라키/NNP+키/NNG"
          },
          {
            "id": 9,
            "text": "1 : 아 진짜? 우리 집은 또 그렇게 교육열이 없어서",
            "norm_text": "아 진짜? 우리 집은 또 그렇게 교육열이 없어서",
            "speaker": {
              "id": "1번",
              "sex": "남성",
              "age": "20대"
            },
            "speechAct": "(단언) 진술하기",
            "morpheme": "아/IC+진짜/MAG+우리/NP+집/NNG+은/JX+또/MAG+그렇게/MAG+교육열/NNG+이/JKS+없/VA+어서/EC"
          },
          {
            "id": 10,
            "text": "2 : 오 태권도 태권도 진짜 배워보고 싶었는데 키키",
            "norm_text": "오 태권도 태권도 진짜 배워보고 싶었는데 키키",
            "speaker": {
              "id": "2번",
              "sex": "여성",
              "age": "20대"
            },
            "speechAct": "(단언) 진술하기",
            "morpheme": "오태/NNG+권/XSN+도태/NNG+권/XSN+도/JX+진짜/MAG+배워/VV+EC+보/VX+고/EC+싶/VX+었/EP+는데/EC+키/NNG+키/XSV+ETN"
          },
          {
            "id": 11,
            "text": "1 : 키키 나 태권도 대회도 나갔었음",
            "norm_text": "키키 나 태권도 대회도 나갔었음",
            "speaker": {
              "id": "1번",
              "sex": "남성",
              "age": "20대"
            },
            "speechAct": "(단언) 진술하기",
            "morpheme": "키/NNG+키나/XSA+ETN+JX+태권/NNG+도/JX+대회/NNG+도/JX+나갔었/VV+EP+음/ETN"
          },
          {
            "id": 12,
            "text": "2 : 키키 오 멋진데 키키",
            "norm_text": "키키 오 멋진데 키키",
            "speaker": {
              "id": "2번",
              "sex": "여성",
              "age": "20대"
            },
            "speechAct": "(단언) 주장하기",
            "morpheme": "키키오멋진데키키/UNKNOWN"
          },
          {
            "id": 13,
            "text": "2 : 입상했어?",
            "norm_text": "입상했어?",
            "speaker": {
              "id": "2번",
              "sex": "여성",
              "age": "20대"
            },
            "speechAct": "(지시) 질문하기",
            "morpheme": "입상/NNG+했/XSV+EP+어/EF"
          },
          {
            "id": 14,
            "text": "1 : 키키 아니 돌려차기 맞고 KO 당함 키키",
            "norm_text": "키키 아니 돌려차기 맞고 KO 당함 키키",
            "speaker": {
              "id": "1번",
              "sex": "남성",
              "age": "20대"
            },
            "speechAct": "(단언) 진술하기",
            "morpheme": "키/NNG+키/XSV+ETN+아니/VCN+돌려/VV+EC+차/VV+기/ETN+맞/VV+고/EC+KO/SL+당함/XSV+ETN+키/NNG+키/XSV+ETN"
          },
          {
            "id": 15,
            "text": "2 : 키키 그것도 추억이고 경험이지 키키",
            "norm_text": "키키 그것도 추억이고 경험이지 키키",
            "speaker": {
              "id": "2번",
              "sex": "여성",
              "age": "20대"
            },
            "speechAct": "(단언) 주장하기",
            "morpheme": "키/NNG+키/XSV+ETN+그것/NP+도/JX+추억/NNG+이/VCP+고/EC+경험/NNG+이/VCP+지/EC+키/NNG+키/XSV+ETN"
          },
          {
            "id": 16,
            "text": "1 : 키키 난 더할 수 있을지 알았는데 눈이 맛이 갔다고 하더라고",
            "norm_text": "키키 난 더할 수 있을지 알았는데 눈이 맛이 갔다고 하더라고",
            "speaker": {
              "id": "1번",
              "sex": "남성",
              "age": "20대"
            },
            "speechAct": "(단언) 진술하기",
            "morpheme": "키/NNG+키/XSV+ETN+난/NP+JX+더/MAG+할/VV+ETM+수/NNB+있/VV+을지/EC+알/VV+았/EP+는데/EC+눈/NNG+이/JKS+맛/NNG+이/JKS+갔/VV+EP+다고/EC+하/VV+더라고/EC"
          },
          {
            "id": 17,
            "text": "2 : 키키 몇 살 때 대회 나간 거야?",
            "norm_text": "키키 몇 살 때 대회 나간 거야?",
            "speaker": {
              "id": "2번",
              "sex": "여성",
              "age": "20대"
            },
            "speechAct": "(지시) 질문하기",
            "morpheme": "키/NNG+키/XSV+ETN+몇/MM+살/NNBC+때/NNG+대회/NNG+나간/VV+ETM+거/NNB+야/VCP+EF"
          },
          {
            "id": 18,
            "text": "1 : 고등학교 때 키키",
            "norm_text": "고등학교 때 키키",
            "speaker": {
              "id": "1번",
              "sex": "남성",
              "age": "20대"
            },
            "speechAct": "(단언) 진술하기",
            "morpheme": "고등/NNG+학교/NNG+때/NNG+키/NNG+키/XSV+ETN"
          },
          {
            "id": 19,
            "text": "1 : 누나들이랑 부모님이 다 보러 왔는데",
            "norm_text": "누나들이랑 부모님이 다 보러 왔는데",
            "speaker": {
              "id": "1번",
              "sex": "남성",
              "age": "20대"
            },
            "speechAct": "(단언) 진술하기",
            "morpheme": "누나/NNG+들/XSN+이랑/JKB+부모/NNG+님/XSN+이/VCP+다/EC+보/VX+러/EC+왔/VX+EP+는데/EC"
          },
          {
            "id": 20,
            "text": "2 : 키키 잊고 싶은 흑역사겠군 키키",
            "norm_text": "키키 잊고 싶은 흑역사겠군 키키",
            "speaker": {
              "id": "2번",
              "sex": "여성",
              "age": "20대"
            },
            "speechAct": "(단언) 주장하기",
            "morpheme": "키/NNG+키/XSV+ETN+잊/VV+고/EC+싶/VX+은/ETM+흑역사/NNP+겠/EP+군/EC+키/NNG+키/XSV+ETN"
          }
        ]
      }
    }
  ]
}