{
  "dataset": {
    "identifier": 62131,
    "name": "KAKAO_921_14_set",
    "src_path": "/data/file/cubeManager/PROJECT001/53/txt20211005161403042178/KAKAO_921_14_set/",
    "label_path": "/data/file/cubeManager/PROJECT001/53/txt20211005161403042178/KAKAO_921_14_set/",
    "category": 2,
    "type": 0
  },
  "licenses": {
    "name": "Apache License 1.0",
    "url": "http://www.apache.org/licenses/LICENSE-1.0"
  },
  "info": [
    {
      "id": 41991,
      "filename": "KAKAO_921_14.txt",
      "title": "KAKAO_921_14",
      "mediatype": "SNS",
      "medianame": "카카오톡",
      "category": "일상대화",
      "date": "2021-10-05",
      "size": 1162,
      "annotations": {
        "subject": "사회이슈",
        "speaker_type": "1:1",
        "size": 1162,
        "word_size": 363,
        "text": "1 : 예전에 우리나라에 지진 크게 난 적 있었잖아\n1 : 그때 진짜 놀라지 않았었어?\n1 : 나 집에 있었는데 무서워 죽는 줄 알았었어\n2 : 응 그때 진짜 온 몸이 떨린다는 걸 경험 했어\n2 : 그때 난 아직도 기억 하는 게 추석 전이었거든\n2 : 그래서 마트에 있었는데 지진 나서 마트 물건 떨어지고 그랬었어\n1 : 아 진짜 완전 놀랬겠다...\n1 : 우리나라에 한 번도 그렇게 큰 지진이 온 적이 없었어서 더 무서웠어\n1 : 포항이랑 경주가 피해가 심했었지\n2 : 아 맞아 그래서 포항에는 집 무너지고 한 사람들도 있었잖아 ㅠ\n2 : 그땐 그러고 보니까 재난문자도 빨리 안 왔던 거 같아 지진 지나고 나서야 오고...\n1 : 지금은 재난문자나 경보문자가 확실히 빨리 오고 개선이 됐지 키키\n2 : 응 코로나 이후로 많이 바뀐 거 같아\n1 : 이젠 막 일이 터지기도 전에 온다던가 경보문자나 뭐 엄청 많이 날라오던데 키키\n1 : 근데 우리나라는 지진에 대한 대비가 전혀 안 돼있어서 진짜 정말 지진이 일어났을 때의 대처가 전혀 안 돼있는 것 같아\n2 : 건물들도 부실공사도 많고 노후 된 건물들이 많아서 조그만 충격에도 타격을 크게 입나 봐\n1 : 일본처럼 지진이 많이 일어나는 나라는 확실히 대비가 잘 돼있긴 하더라\n1 : 근데 난 그래도 우리나라처럼 지진이 자주 안 나는 게 좋아 키키\n2 : 응 키키 나도!\n2 : 근데 우리나라도 이제 지진에 완전히 안전한 나라는 아니라고 하더라구 ㅜ\n2 : 한번 겪어봤으니까 이젠 대처를 잘할 수 있겠지\n1 : 아 근데 태풍이 온다더니 바람만 엄청 많이 불고 조용하네\n2 : 그러게 근데 작년 여름에 태풍 엄청 많이 오지 않았었어?\n2 : 내 방 창문이며 우리 집 창문 날라가는 줄 알았는데 키키\n1 : 아 나도 기억나 키키\n1 : 그때 비 엄청 많이 오고 바람 많이 불고 태풍이 몇 개씩이나 지나갔었자나\n2 : 응 키키 나 그때 새벽에 일어나서 아침 출근인데 나오지 말란 말이 없는 거야\n2 : 그래서 나 출근 하다가 죽으면 어쩌지 키키 이랬는데 다행히 늦게 연락 와서는 늦게 출근하라고 하더라\n1 : 태풍 오는 걸 알면서 출근을 하라고 했었어?\n1 : 너무하다 미리 알았을 텐데 당연히 늦게 오라고 했었어야 그걸 또 지켜보다가 말해줬어?\n2 : 응 그때 우리 엄마도 가지 말라고 막 그랬었는데 그래도 다행히 늦게 가긴 했어 키키\n2 : 이번 여름은 태풍 없이 그냥 지나갔으면 좋겠다",
        "lines": [
          {
            "id": 1,
            "text": "1 : 예전에 우리나라에 지진 크게 난 적 있었잖아",
            "norm_text": "예전에 우리나라에 지진 크게 난 적 있었잖아",
            "speaker": {
              "id": "1번",
              "sex": "여성",
              "age": "20대"
            },
            "speechAct": "(단언) 진술하기",
            "morpheme": "예전/NNG+에/JKB+우리/NP+나라/NNG+에/JKB+지진/NNG+크/VA+게/EC+난/VX+ETM+적/NNB+있/VA+었잖/EC+VX+아/EC"
          },
          {
            "id": 2,
            "text": "1 : 그때 진짜 놀라지 않았었어?",
            "norm_text": "그때 진짜 놀라지 않았었어?",
            "speaker": {
              "id": "1번",
              "sex": "여성",
              "age": "20대"
            },
            "speechAct": "(지시) 질문하기",
            "morpheme": "그때/NNG+진짜/MAG+놀라/VV+지/EC+않/VX+았었/EP+어/EF"
          },
          {
            "id": 3,
            "text": "1 : 나 집에 있었는데 무서워 죽는 줄 알았었어",
            "norm_text": "나 집에 있었는데 무서워 죽는 줄 알았었어",
            "speaker": {
              "id": "1번",
              "sex": "여성",
              "age": "20대"
            },
            "speechAct": "(표현) 부정감정 표현하기",
            "morpheme": "나/NP+집/NNG+에/JKB+있/VV+었/EP+는데/EC+무서워/VA+EC+죽/VV+는/ETM+줄/NNB+알/VV+았었/EP+어/EC"
          },
          {
            "id": 4,
            "text": "2 : 응 그때 진짜 온 몸이 떨린다는 걸 경험 했어",
            "norm_text": "응 그때 진짜 온 몸이 떨린다는 걸 경험 했어",
            "speaker": {
              "id": "2번",
              "sex": "여성",
              "age": "20대"
            },
            "speechAct": "(단언) 주장하기",
            "morpheme": "응/IC+그때/NNG+진짜/MAG+온몸/NNG+이/JKS+떨린다/VV+EF+는/ETM+걸/NNB+JKO+경험/NNG+했/XSV+EP+어/EC"
          },
          {
            "id": 5,
            "text": "2 : 그때 난 아직도 기억 하는 게 추석 전이었거든",
            "norm_text": "그때 난 아직도 기억 하는 게 추석 전이었거든",
            "speaker": {
              "id": "2번",
              "sex": "여성",
              "age": "20대"
            },
            "speechAct": "(단언) 진술하기",
            "morpheme": "그때/NNG+난/NP+JX+아직/MAG+도/JX+기억/NNG+하/XSV+는/ETM+게/NNB+JKS+추석/NNG+전/NNG+이/VCP+었/EP+거든/EC"
          },
          {
            "id": 6,
            "text": "2 : 그래서 마트에 있었는데 지진 나서 마트 물건 떨어지고 그랬었어",
            "norm_text": "그래서 마트에 있었는데 지진 나서 마트 물건 떨어지고 그랬었어",
            "speaker": {
              "id": "2번",
              "sex": "여성",
              "age": "20대"
            },
            "speechAct": "(단언) 진술하기",
            "morpheme": "그래서/MAJ+마트/NNG+에/JKB+있/VV+었/EP+는데/EC+지/VX+진/EC+JX+나/VX+서/EC+마트/NNG+물건/NNG+떨어지/VV+고/EC+그랬었/VV+EP+어/EC"
          },
          {
            "id": 7,
            "text": "1 : 아 진짜 완전 놀랬겠다...",
            "norm_text": "아 진짜 완전 놀랬겠다...",
            "speaker": {
              "id": "1번",
              "sex": "여성",
              "age": "20대"
            },
            "speechAct": "(단언) 주장하기",
            "morpheme": "아/IC+진짜/MAG+완전/MAG+놀랬/VV+EP+겠/EP+다/EF+./SY"
          },
          {
            "id": 8,
            "text": "1 : 우리나라에 한 번도 그렇게 큰 지진이 온 적이 없었어서 더 무서웠어",
            "norm_text": "우리나라에 한 번도 그렇게 큰 지진이 온 적이 없었어서 더 무서웠어",
            "speaker": {
              "id": "1번",
              "sex": "여성",
              "age": "20대"
            },
            "speechAct": "(단언) 주장하기",
            "morpheme": "우리/NP+나라/NNG+에/JKB+한/MM+번/NNBC+도/JX+그렇게/MAG+큰/VA+ETM+지진/NNG+이/JKS+온/VV+ETM+적/NNB+이/JKS+없/VA+었/EP+어서/EC+더/MAG+무서웠/VA+EP+어/EC"
          },
          {
            "id": 9,
            "text": "1 : 포항이랑 경주가 피해가 심했었지",
            "norm_text": "포항이랑 경주가 피해가 심했었지",
            "speaker": {
              "id": "1번",
              "sex": "여성",
              "age": "20대"
            },
            "speechAct": "(단언) 진술하기",
            "morpheme": "포항/NNP+이랑/JC+경주/NNP+가/JKS+피해/NNG+가/JKS+심했었/VA+EP+지/EC"
          },
          {
            "id": 10,
            "text": "2 : 아 맞아 그래서 포항에는 집 무너지고 한 사람들도 있었잖아 ㅠ",
            "norm_text": "아 맞아 그래서 포항에는 집 무너지고 한 사람들도 있었잖아 ㅠ",
            "speaker": {
              "id": "2번",
              "sex": "여성",
              "age": "20대"
            },
            "speechAct": "(단언) 진술하기",
            "morpheme": "아/IC+맞아/IC+그래서/MAJ+포항/NNG+에/JKB+는/JX+집/NNG+무너지/VV+고/EC+한/MM+사람/NNG+들/XSN+도/JX+있/VA+었/EP+잖아/EF+ㅠ/UNKNOWN"
          },
          {
            "id": 11,
            "text": "2 : 그땐 그러고 보니까 재난문자도 빨리 안 왔던 거 같아 지진 지나고 나서야 오고...",
            "norm_text": "그땐 그러고 보니까 재난문자도 빨리 안 왔던 거 같아 지진 지나고 나서야 오고...",
            "speaker": {
              "id": "2번",
              "sex": "여성",
              "age": "20대"
            },
            "speechAct": "(단언) 진술하기",
            "morpheme": "그땐/NNG+JX+그러/VV+고/EC+보/VX+니까/EC+재난/NNG+문자/NNG+도/JX+빨리/MAG+안/MAG+왔/VV+EP+던/ETM+거/NNB+같/VA+아/EC+지/VX+진/EC+JX+지나/VV+고/EC+나서/VV+야/EC+오/VV+고/EC+./SY+./SY"
          },
          {
            "id": 12,
            "text": "1 : 지금은 재난문자나 경보문자가 확실히 빨리 오고 개선이 됐지 키키",
            "norm_text": "지금은 재난문자나 경보문자가 확실히 빨리 오고 개선이 됐지 키키",
            "speaker": {
              "id": "1번",
              "sex": "여성",
              "age": "20대"
            },
            "speechAct": "(단언) 주장하기",
            "morpheme": "지금/MAG+은/JX+재난/NNG+문자/NNG+나/JC+경보/NNG+문자/NNG+가/JKS+확실히/MAG+빨리/MAG+오/VV+고/EC+개선/NNG+이/JKS+됐/VV+EP+지/EC+키/NNG+키/XSV+ETN"
          },
          {
            "id": 13,
            "text": "2 : 응 코로나 이후로 많이 바뀐 거 같아",
            "norm_text": "응 코로나 이후로 많이 바뀐 거 같아",
            "speaker": {
              "id": "2번",
              "sex": "여성",
              "age": "20대"
            },
            "speechAct": "(단언) 주장하기",
            "morpheme": "응/IC+코로나/NNG+이후/NNG+로/JKB+많이/MAG+바뀐/VV+ETM+거/NNB+같/VA+아/EC"
          },
          {
            "id": 14,
            "text": "1 : 이젠 막 일이 터지기도 전에 온다던가 경보문자나 뭐 엄청 많이 날라오던데 키키",
            "norm_text": "이젠 막 일이 터지기도 전에 온다던가 경보문자나 뭐 엄청 많이 날라오던데 키키",
            "speaker": {
              "id": "1번",
              "sex": "여성",
              "age": "20대"
            },
            "speechAct": "(단언) 진술하기",
            "morpheme": "이젠/NNG+JX+막일/NNG+이/JKS+터지/VV+기/ETN+도/JX+전/NNG+에/JKB+온다던/VV+ETM+가경/NNG+보문자/NNG+나/JC+뭐/IC+엄청/MAG+많이/MAG+날라오/VV+던데/EC+키/NNG+키/XSV+ETN"
          },
          {
            "id": 15,
            "text": "1 : 근데 우리나라는 지진에 대한 대비가 전혀 안 돼있어서 진짜 정말 지진이 일어났을 때의 대처가 전혀 안 돼있는 것 같아",
            "norm_text": "근데 우리나라는 지진에 대한 대비가 전혀 안 돼있어서 진짜 정말 지진이 일어났을 때의 대처가 전혀 안 돼있는 것 같아",
            "speaker": {
              "id": "1번",
              "sex": "여성",
              "age": "20대"
            },
            "speechAct": "(단언) 주장하기",
            "morpheme": "근데/MAJ+우리/NP+나라/NNG+는/JX+지진/NNG+에/JKB+대한/VV+ETM+대비/NNG+가/JKS+전혀/MAG+안/MAG+돼/VV+EC+있/VX+어서/EC+진짜/MAG+정말/MAG+지진/NNG+이/JKS+일어났/VV+EP+을/ETM+때/NNG+의/JKG+대처/NNG+가/JKS+전혀/MAG+안/MAG+돼/VV+EC+있/VX+는/ETM+것/NNB+같/VA+아/EC"
          },
          {
            "id": 16,
            "text": "2 : 건물들도 부실공사도 많고 노후 된 건물들이 많아서 조그만 충격에도 타격을 크게 입나 봐",
            "norm_text": "건물들도 부실공사도 많고 노후 된 건물들이 많아서 조그만 충격에도 타격을 크게 입나 봐",
            "speaker": {
              "id": "2번",
              "sex": "여성",
              "age": "20대"
            },
            "speechAct": "(단언) 주장하기",
            "morpheme": "건물/NNG+들/XSN+도/JX+부실/VA+ETM+공사/NNG+도/JX+많/VA+고/EC+노후/NNG+된/XSV+ETM+건물/NNG+들/XSN+이/JKS+많/VA+아서/EC+조그만/VA+ETM+충격/NNG+에/JKB+도/JX+타격/NNG+을/JKO+크/VA+게/EC+입/VV+나/EC+봐/VX+EC"
          },
          {
            "id": 17,
            "text": "1 : 일본처럼 지진이 많이 일어나는 나라는 확실히 대비가 잘 돼있긴 하더라",
            "norm_text": "일본처럼 지진이 많이 일어나는 나라는 확실히 대비가 잘 돼있긴 하더라",
            "speaker": {
              "id": "1번",
              "sex": "여성",
              "age": "20대"
            },
            "speechAct": "(단언) 주장하기",
            "morpheme": "일본/NNP+처럼/JKB+지진/NNG+이/JKS+많이/MAG+일어나/VV+는/ETM+나라/NNG+는/JX+확실히/MAG+대비/NNG+가/JKS+잘/MAG+돼/VV+EC+있/VX+긴/ETN+JX+하/VX+더라/EC"
          },
          {
            "id": 18,
            "text": "1 : 근데 난 그래도 우리나라처럼 지진이 자주 안 나는 게 좋아 키키",
            "norm_text": "근데 난 그래도 우리나라처럼 지진이 자주 안 나는 게 좋아 키키",
            "speaker": {
              "id": "1번",
              "sex": "여성",
              "age": "20대"
            },
            "speechAct": "(단언) 주장하기",
            "morpheme": "근데/MAJ+난/NP+JX+그래도/MAJ+우리/NP+나라/NNG+처럼/JKB+지진/NNG+이/JKS+자주/MAG+안/MAG+나/VV+는/ETM+게/NNB+JKS+좋/VA+아/EC+키/NNG+키/XSV+ETN"
          },
          {
            "id": 19,
            "text": "2 : 응 키키 나도!",
            "norm_text": "응 키키 나도!",
            "speaker": {
              "id": "2번",
              "sex": "여성",
              "age": "20대"
            },
            "speechAct": "(단언) 주장하기",
            "morpheme": "응/IC+키/NNG+키나/XSA+ETN+JX+도/JX"
          },
          {
            "id": 20,
            "text": "2 : 근데 우리나라도 이제 지진에 완전히 안전한 나라는 아니라고 하더라구 ㅜ",
            "norm_text": "근데 우리나라도 이제 지진에 완전히 안전한 나라는 아니라고 하더라구 ㅜ",
            "speaker": {
              "id": "2번",
              "sex": "여성",
              "age": "20대"
            },
            "speechAct": "(단언) 주장하기",
            "morpheme": "근데/MAJ+우리/NP+나라/NNG+도/JX+이제/MAG+지진/NNG+에/JKB+완전히/MAG+안전/NNG+한/XSA+ETM+나라/NNG+는/JX+아니/VCN+라고/EC+하/VX+더라구/EF+ㅜ/UNKNOWN"
          },
          {
            "id": 21,
            "text": "2 : 한번 겪어봤으니까 이젠 대처를 잘할 수 있겠지",
            "norm_text": "한번 겪어봤으니까 이젠 대처를 잘할 수 있겠지",
            "speaker": {
              "id": "2번",
              "sex": "여성",
              "age": "20대"
            },
            "speechAct": "(단언) 주장하기",
            "morpheme": "한/MM+번/NNBC+겪/VV+어/EC+봤/VX+EP+으니까/EC+이젠/NNG+JX+대처/NNG+를/JKO+잘/MAG+할/VV+ETM+수/NNB+있/VV+겠/EP+지/EC"
          },
          {
            "id": 22,
            "text": "1 : 아 근데 태풍이 온다더니 바람만 엄청 많이 불고 조용하네",
            "norm_text": "아 근데 태풍이 온다더니 바람만 엄청 많이 불고 조용하네",
            "speaker": {
              "id": "1번",
              "sex": "여성",
              "age": "20대"
            },
            "speechAct": "(단언) 주장하기",
            "morpheme": "아/IC+근데/MAJ+태풍/NNG+이/JKS+온다더니/VV+EC+바람/NNG+만/JX+엄청/MAG+많이/MAG+불/VV+고/EC+조용/XR+하/XSA+네/EC"
          },
          {
            "id": 23,
            "text": "2 : 그러게 근데 작년 여름에 태풍 엄청 많이 오지 않았었어?",
            "norm_text": "그러게 근데 작년 여름에 태풍 엄청 많이 오지 않았었어?",
            "speaker": {
              "id": "2번",
              "sex": "여성",
              "age": "20대"
            },
            "speechAct": "(지시) 질문하기",
            "morpheme": "그러게/IC+근데/MAJ+작년/NNG+여름/NNG+에/JKB+태풍/NNG+엄청/MAG+많이/MAG+오/VV+지/EC+않/VX+았었/EP+어/EF"
          },
          {
            "id": 24,
            "text": "2 : 내 방 창문이며 우리 집 창문 날라가는 줄 알았는데 키키",
            "norm_text": "내 방 창문이며 우리 집 창문 날라가는 줄 알았는데 키키",
            "speaker": {
              "id": "2번",
              "sex": "여성",
              "age": "20대"
            },
            "speechAct": "(단언) 진술하기",
            "morpheme": "내방/NNP+창문/NNG+이/VCP+며/EC+우리/NP+집/NNG+창문/NNG+날라가/VV+는/ETM+줄/NNB+알/VV+았/EP+는데/EC+키/NNG+키/XSV+ETN"
          },
          {
            "id": 25,
            "text": "1 : 아 나도 기억나 키키",
            "norm_text": "아 나도 기억나 키키",
            "speaker": {
              "id": "1번",
              "sex": "여성",
              "age": "20대"
            },
            "speechAct": "(단언) 주장하기",
            "morpheme": "아/IC+나/NP+도/JX+기억나/VV+EC+키/NNG+키/XSV+ETN"
          },
          {
            "id": 26,
            "text": "1 : 그때 비 엄청 많이 오고 바람 많이 불고 태풍이 몇 개씩이나 지나갔었자나",
            "norm_text": "그때 비 엄청 많이 오고 바람 많이 불고 태풍이 몇 개씩이나 지나갔었자나",
            "speaker": {
              "id": "1번",
              "sex": "여성",
              "age": "20대"
            },
            "speechAct": "(단언) 진술하기",
            "morpheme": "그때/NNG+비/NNG+엄청/MAG+많이/MAG+오/VV+고/EC+바람/NNG+많이/MAG+불/VV+고/EC+태풍/NNG+이/JKS+몇/MM+개/NNBC+씩/XSN+이나/JX+지나갔었/VV+EP+자/EC+나/VX"
          },
          {
            "id": 27,
            "text": "2 : 응 키키 나 그때 새벽에 일어나서 아침 출근인데 나오지 말란 말이 없는 거야",
            "norm_text": "응 키키 나 그때 새벽에 일어나서 아침 출근인데 나오지 말란 말이 없는 거야",
            "speaker": {
              "id": "2번",
              "sex": "여성",
              "age": "20대"
            },
            "speechAct": "(단언) 진술하기",
            "morpheme": "응/IC+키/NNG+키나/XSA+ETN+JX+그때/NNG+새벽/NNG+에/JKB+일어나/VV+서/EC+아침/NNG+출근/NNG+인데/VCP+EC+나오/VV+지/EC+말/VX+란/ETM+말/NNG+이/JKS+없/VA+는/ETM+거/NNB+야/VCP+EF"
          },
          {
            "id": 28,
            "text": "2 : 그래서 나 출근 하다가 죽으면 어쩌지 키키 이랬는데 다행히 늦게 연락 와서는 늦게 출근하라고 하더라",
            "norm_text": "그래서 나 출근 하다가 죽으면 어쩌지 키키 이랬는데 다행히 늦게 연락 와서는 늦게 출근하라고 하더라",
            "speaker": {
              "id": "2번",
              "sex": "여성",
              "age": "20대"
            },
            "speechAct": "(단언) 진술하기",
            "morpheme": "그래서/MAJ+나/NP+출근/NNG+하/XSV+다가/EC+죽/VV+으면/EC+어쩌/VV+지/EC+키/NNG+키/XSV+ETN+이랬/VV+EP+는데/EC+다행히/MAG+늦/VA+게/EC+연락/NNG+와서/VV+EC+는/JX+늦/VA+게/EC+출근/NNG+하/XSV+라고/EC+하/VV+더라/EC"
          },
          {
            "id": 29,
            "text": "1 : 태풍 오는 걸 알면서 출근을 하라고 했었어?",
            "norm_text": "태풍 오는 걸 알면서 출근을 하라고 했었어?",
            "speaker": {
              "id": "1번",
              "sex": "여성",
              "age": "20대"
            },
            "speechAct": "(지시) 질문하기",
            "morpheme": "태풍/NNG+오/VV+는/ETM+걸/NNB+JKO+알/VV+면서/EC+출근/NNG+을/JKO+하/VV+라고/EC+했었/VX+EP+어/EF"
          },
          {
            "id": 30,
            "text": "1 : 너무하다 미리 알았을 텐데 당연히 늦게 오라고 했었어야 그걸 또 지켜보다가 말해줬어?",
            "norm_text": "너무하다 미리 알았을 텐데 당연히 늦게 오라고 했었어야 그걸 또 지켜보다가 말해줬어?",
            "speaker": {
              "id": "1번",
              "sex": "여성",
              "age": "20대"
            },
            "speechAct": "(지시) 질문하기",
            "morpheme": "너무/MAG+하/VV+다/EF+미리/MAG+알/VV+았/EP+을/ETM+텐데/NNB+VCP+EC+당연히/MAG+늦/VA+게/EC+오/VV+라고/EC+했었/VX+EP+어야/EC+그걸/NP+JKO+또/MAG+지켜보/VV+다가/EC+말/NNG+해/XSV+EC+줬/VX+EP+어/EF"
          },
          {
            "id": 31,
            "text": "2 : 응 그때 우리 엄마도 가지 말라고 막 그랬었는데 그래도 다행히 늦게 가긴 했어 키키",
            "norm_text": "응 그때 우리 엄마도 가지 말라고 막 그랬었는데 그래도 다행히 늦게 가긴 했어 키키",
            "speaker": {
              "id": "2번",
              "sex": "여성",
              "age": "20대"
            },
            "speechAct": "(단언) 진술하기",
            "morpheme": "응/IC+그때/NNG+우리/NP+엄마/NNG+도/JX+가/VV+지/EC+말/VX+라고/EC+막/NNG+그랬었/VV+EP+는데/EC+그래도/VV+EC+다행히/MAG+늦/VA+게/EC+가/VX+긴/ETN+JX+했/VX+EP+어/EC+키/NNG+키/XSV+ETN"
          },
          {
            "id": 32,
            "text": "2 : 이번 여름은 태풍 없이 그냥 지나갔으면 좋겠다",
            "norm_text": "이번 여름은 태풍 없이 그냥 지나갔으면 좋겠다",
            "speaker": {
              "id": "2번",
              "sex": "여성",
              "age": "20대"
            },
            "speechAct": "(단언) 주장하기",
            "morpheme": "이번/NNG+여름/NNG+은/JX+태풍/NNG+없이/MAG+그냥/MAG+지나갔/VV+EP+으면/EC+좋/VA+겠/EP+다/EC"
          }
        ]
      }
    }
  ]
}