{
  "dataset": {
    "identifier": 56737,
    "name": "KAKAO_913_04_set",
    "src_path": "/data/file/cubeManager/PROJECT001/53/txt20211005161416009942/KAKAO_913_04_set/",
    "label_path": "/data/file/cubeManager/PROJECT001/53/txt20211005161416009942/KAKAO_913_04_set/",
    "category": 2,
    "type": 0
  },
  "licenses": {
    "name": "Apache License 1.0",
    "url": "http://www.apache.org/licenses/LICENSE-1.0"
  },
  "info": [
    {
      "id": 42001,
      "filename": "KAKAO_913_04.txt",
      "title": "KAKAO_913_04",
      "mediatype": "SNS",
      "medianame": "카카오톡",
      "category": "일상대화",
      "date": "2021-10-05",
      "size": 440,
      "annotations": {
        "subject": "회사/아르바이트",
        "speaker_type": "1:1",
        "size": 440,
        "word_size": 146,
        "text": "1 : 언니 경리직은 무슨 일 해? 키키\n2 : 우리는 회사 물건들 팔고 사고 하는 거 내역 정리해 키키\n1 : 아하 키키 그러면 세금 신고는 따로 안 해?\n2 : 세금 신고는 대행업체에 맡겨서 하고 있어!\n1 : 세무사한테 맡기는구나 키키\n1 : 아주 현명하다...\n2 : 웅 내가 하면 아마 세금 폭탄일 거야 키키\n1 : 그거 언니 전직 아니었어? 키키\n2 : 맞아 키키 그래서 퇴사하고 나왔잖아 키키\n1 : 그래... 아주 잘했어\n1 : 그러면 크게 할 일은 없어?\n2 : 아니 짜잘한 일들이 너무 많아 ㅠㅠ\n1 : 뭐시여 시다바리 아니지? 키키\n1 : 비서야?\n2 : 거즘 비슷하다고 생각하는 게 좋아 키키\n1 : 아하 키키 그래도 월급 잘 주면 완전 땡큐 아님?\n2 : 맞아 월급 안 나오는 회사면 퇴사해야 됨\n1 : 응 은근 시골에 그런 곳 많더라고 조심해~^^\n2 : ㅠㅠ 나에게 맞는 회사 찾고 싶다...",
        "lines": [
          {
            "id": 1,
            "text": "1 : 언니 경리직은 무슨 일 해? 키키",
            "norm_text": "언니 경리직은 무슨 일 해? 키키",
            "speaker": {
              "id": "1번",
              "sex": "여성",
              "age": "20대"
            },
            "speechAct": "(지시) 질문하기",
            "morpheme": "언니/NNG+경리/NNG+직/NNG+은/JX+무슨/MM+일/NNG+해/XSV+EF+키/NNG+키/XSV+ETN"
          },
          {
            "id": 2,
            "text": "2 : 우리는 회사 물건들 팔고 사고 하는 거 내역 정리해 키키",
            "norm_text": "우리는 회사 물건들 팔고 사고 하는 거 내역 정리해 키키",
            "speaker": {
              "id": "2번",
              "sex": "여성",
              "age": "20대"
            },
            "speechAct": "(단언) 진술하기",
            "morpheme": "우리/NP+는/JX+회사/NNG+물건/NNG+들/XSN+팔/VV+고/EC+사고/NNG+하/XSV+는/ETM+거/NNB+내/NP+JKG+역정리/NNG+해/XSV+EC+키/NNG+키/XSV+ETN"
          },
          {
            "id": 3,
            "text": "1 : 아하 키키 그러면 세금 신고는 따로 안 해?",
            "norm_text": "아하 키키 그러면 세금 신고는 따로 안 해?",
            "speaker": {
              "id": "1번",
              "sex": "여성",
              "age": "20대"
            },
            "speechAct": "(지시) 질문하기",
            "morpheme": "아/IC+하키/NNG+키/XSV+ETN+그러/VV+면/EC+세금/NNG+신고/NNG+는/JX+따로/MAG+안/MAG+해/VV+EF"
          },
          {
            "id": 4,
            "text": "2 : 세금 신고는 대행업체에 맡겨서 하고 있어!",
            "norm_text": "세금 신고는 대행업체에 맡겨서 하고 있어!",
            "speaker": {
              "id": "2번",
              "sex": "여성",
              "age": "20대"
            },
            "speechAct": "(단언) 진술하기",
            "morpheme": "세금/NNG+신고/NNG+는/JX+대행업체/NNG+에/JKB+맡겨서/VV+EC+하/VV+고/EC+있/VX+어/EF"
          },
          {
            "id": 5,
            "text": "1 : 세무사한테 맡기는구나 키키",
            "norm_text": "세무사한테 맡기는구나 키키",
            "speaker": {
              "id": "1번",
              "sex": "여성",
              "age": "20대"
            },
            "speechAct": "(단언) 주장하기",
            "morpheme": "세무사/NNG+한테/JKB+맡기/VV+는구나/EF+키/NNG+키/XSV+ETN"
          },
          {
            "id": 6,
            "text": "1 : 아주 현명하다...",
            "norm_text": "아주 현명하다...",
            "speaker": {
              "id": "1번",
              "sex": "여성",
              "age": "20대"
            },
            "speechAct": "(단언) 주장하기",
            "morpheme": "아주/MAG+현명/NNG+하/XSA+다/EF+./SY"
          },
          {
            "id": 7,
            "text": "2 : 웅 내가 하면 아마 세금 폭탄일 거야 키키",
            "norm_text": "웅 내가 하면 아마 세금 폭탄일 거야 키키",
            "speaker": {
              "id": "2번",
              "sex": "여성",
              "age": "20대"
            },
            "speechAct": "(단언) 주장하기",
            "morpheme": "웅/IC+내/NP+가/JKS+하/VV+면/EC+아마/MAG+세금/NNG+폭탄/NNG+일/VCP+ETM+거/NNB+야/VCP+EF+키/NNG+키/XSV+ETN"
          },
          {
            "id": 8,
            "text": "1 : 그거 언니 전직 아니었어? 키키",
            "norm_text": "그거 언니 전직 아니었어? 키키",
            "speaker": {
              "id": "1번",
              "sex": "여성",
              "age": "20대"
            },
            "speechAct": "(지시) 질문하기",
            "morpheme": "그거/NP+언니/NNG+전직/NNG+아니/VCN+었/EP+어/EF+키/NNG+키/XSV+ETN"
          },
          {
            "id": 9,
            "text": "2 : 맞아 키키 그래서 퇴사하고 나왔잖아 키키",
            "norm_text": "맞아 키키 그래서 퇴사하고 나왔잖아 키키",
            "speaker": {
              "id": "2번",
              "sex": "여성",
              "age": "20대"
            },
            "speechAct": "(단언) 진술하기",
            "morpheme": "맞/VV+아/EC+키/NNG+키/XSV+ETN+그래서/MAJ+퇴사/NNG+하/XSV+고/EC+나왔/VV+EP+잖아/EF+키/NNG+키/XSV+ETN"
          },
          {
            "id": 10,
            "text": "1 : 그래... 아주 잘했어",
            "norm_text": "그래... 아주 잘했어",
            "speaker": {
              "id": "1번",
              "sex": "여성",
              "age": "20대"
            },
            "speechAct": "(단언) 주장하기",
            "morpheme": "그래/IC+./SY+아주/MAG+잘/MAG+했/VV+EP+어/EC"
          },
          {
            "id": 11,
            "text": "1 : 그러면 크게 할 일은 없어?",
            "norm_text": "그러면 크게 할 일은 없어?",
            "speaker": {
              "id": "1번",
              "sex": "여성",
              "age": "20대"
            },
            "speechAct": "(지시) 질문하기",
            "morpheme": "그러면/MAJ+크/VA+게/EC+할/VX+ETM+일/NNG+은/JX+없/VA+어/EF"
          },
          {
            "id": 12,
            "text": "2 : 아니 짜잘한 일들이 너무 많아 ㅠㅠ",
            "norm_text": "아니 짜잘한 일들이 너무 많아 ㅠㅠ",
            "speaker": {
              "id": "2번",
              "sex": "여성",
              "age": "20대"
            },
            "speechAct": "(단언) 진술하기",
            "morpheme": "아니/MAG+짜/VV+EC+잘/MAG+한/MM+일/NNG+들/XSN+이/JKS+너무/MAG+많/VA+아/EC+ㅠㅠ/UNKNOWN"
          },
          {
            "id": 13,
            "text": "1 : 뭐시여 시다바리 아니지? 키키",
            "norm_text": "뭐시여 시다바리 아니지? 키키",
            "speaker": {
              "id": "1번",
              "sex": "여성",
              "age": "20대"
            },
            "speechAct": "(지시) 질문하기",
            "morpheme": "뭐시/NP+JKS+여시/NNG+다/MAG+바리/NNG+아니/VCN+지/EF+키/NNG+키/XSV+ETN"
          },
          {
            "id": 14,
            "text": "1 : 비서야?",
            "norm_text": "비서야?",
            "speaker": {
              "id": "1번",
              "sex": "여성",
              "age": "20대"
            },
            "speechAct": "(지시) 질문하기",
            "morpheme": "비서/NNG+야/VCP+EF"
          },
          {
            "id": 15,
            "text": "2 : 거즘 비슷하다고 생각하는 게 좋아 키키",
            "norm_text": "거즘 비슷하다고 생각하는 게 좋아 키키",
            "speaker": {
              "id": "2번",
              "sex": "여성",
              "age": "20대"
            },
            "speechAct": "(단언) 주장하기",
            "morpheme": "거/NP+즘/XSN+비슷/XR+하/XSA+다고/EC+생각/NNG+하/XSV+는/ETM+게/NNB+JKS+좋/VA+아/EC+키/NNG+키/XSV+ETN"
          },
          {
            "id": 16,
            "text": "1 : 아하 키키 그래도 월급 잘 주면 완전 땡큐 아님?",
            "norm_text": "아하 키키 그래도 월급 잘 주면 완전 땡큐 아님?",
            "speaker": {
              "id": "1번",
              "sex": "여성",
              "age": "20대"
            },
            "speechAct": "(지시) 질문하기",
            "morpheme": "아/IC+하키/NNG+키/XSV+ETN+그래도/MAJ+월급/NNG+잘/MAG+주/VV+면/EC+완전/MAG+땡큐/IC+아님/MAJ"
          },
          {
            "id": 17,
            "text": "2 : 맞아 월급 안 나오는 회사면 퇴사해야 됨",
            "norm_text": "맞아 월급 안 나오는 회사면 퇴사해야 됨",
            "speaker": {
              "id": "2번",
              "sex": "여성",
              "age": "20대"
            },
            "speechAct": "(단언) 주장하기",
            "morpheme": "맞/VV+아/EC+월급/NNG+안/MAG+나오/VV+는/ETM+회사/NNG+면/VCP+EC+퇴사/NNG+해야/XSV+EC+됨/VV+ETN"
          },
          {
            "id": 18,
            "text": "1 : 응 은근 시골에 그런 곳 많더라고 조심해~^^",
            "norm_text": "응 은근 시골에 그런 곳 많더라고 조심해~^^",
            "speaker": {
              "id": "1번",
              "sex": "여성",
              "age": "20대"
            },
            "speechAct": "(지시) 충고/제안하기",
            "morpheme": "응/IC+은근/NNG+시골/NNG+에/JKB+그런/MM+곳/NNB+많/VA+더라고/EC+조심/NNG+해/XSV+EC+~/SY+^/SY+^/SY"
          },
          {
            "id": 19,
            "text": "2 : ㅠㅠ 나에게 맞는 회사 찾고 싶다...",
            "norm_text": "ㅠㅠ 나에게 맞는 회사 찾고 싶다...",
            "speaker": {
              "id": "2번",
              "sex": "여성",
              "age": "20대"
            },
            "speechAct": "(단언) 주장하기",
            "morpheme": "ㅠㅠ/UNKNOWN+나/NP+에게/JKB+맞/VV+는/ETM+회사/NNG+찾/VV+고/EC+싶/VX+다/EF+./SY"
          }
        ]
      }
    }
  ]
}