{
  "dataset": {
    "identifier": 63839,
    "name": "KAKAO_901_13_set",
    "src_path": "/data/file/cubeManager/PROJECT001/53/txt20211005153438082847/KAKAO_901_13_set/",
    "label_path": "/data/file/cubeManager/PROJECT001/53/txt20211005153438082847/KAKAO_901_13_set/",
    "category": 2,
    "type": 0
  },
  "licenses": {
    "name": "Apache License 1.0",
    "url": "http://www.apache.org/licenses/LICENSE-1.0"
  },
  "info": [
    {
      "id": 41490,
      "filename": "KAKAO_901_13.txt",
      "title": "KAKAO_901_13",
      "mediatype": "SNS",
      "medianame": "카카오톡",
      "category": "일상대화",
      "date": "2021-10-05",
      "size": 415,
      "annotations": {
        "subject": "계절/날씨",
        "speaker_type": "1:1",
        "size": 415,
        "word_size": 146,
        "text": "1 : 진짜 가을이라 날씨도 좋고 딱이다 키키\n2 : 그니깐요 키키 이렇게 선선할 때 족구 하고 하면 아주\n1 : 크 아주 좋지 족구 진짜 안 한지 오래 된 듯\n2 : 키키 저두 키키 축구를 하면 했지 족구는 와...\n1 : 그러니까 키키 진짜 군대에서 많이 했는데\n2 : 키키 오 형도 키키 진짜 군대는 족구죠\n1 : 크 옛날 생각 나네 키키\n2 : 키키 형 좀 날렸나요 키키 족구왕?\n1 : 와 쩔지 진짜 니가 못 봐서 그렇다\n2 : 오 키키 뭐 이건 이제 부대 싸움인가요 키키\n1 : 키키 가자 키키 안 되겠네 내 실력을 보여줘야겠어\n2 : 키키 아 제 실력 보시면 아주 지리실껍니다\n1 : 키키 오? 어쭈 이것 봐라 키키 안 되겠네 날 잡자\n2 : 키키 추석 끝나고 콜? 키키\n1 : 당근 콜이지 키키 몸 풀고 있어라 키키\n2 : 키키 진짜 형 도망가지나 마세요",
        "lines": [
          {
            "id": 1,
            "text": "1 : 진짜 가을이라 날씨도 좋고 딱이다 키키",
            "norm_text": "진짜 가을이라 날씨도 좋고 딱이다 키키",
            "speaker": {
              "id": "1번",
              "sex": "남성",
              "age": "20대"
            },
            "speechAct": "(단언) 주장하기",
            "morpheme": "진짜/MAG+가을/NNG+이/VCP+라/EC+날씨/NNG+도/JX+좋/VA+고/EC+딱/MAG+이/MM+다키키/NNP"
          },
          {
            "id": 2,
            "text": "2 : 그니깐요 키키 이렇게 선선할 때 족구 하고 하면 아주",
            "norm_text": "그니깐요 키키 이렇게 선선할 때 족구 하고 하면 아주",
            "speaker": {
              "id": "2번",
              "sex": "남성",
              "age": "20대"
            },
            "speechAct": "(단언) 주장하기",
            "morpheme": "그니깐/MAJ+요키/NNP+키/NNG+이렇게/MAG+선선/NNG+할/XSV+ETM+때/NNG+족구/NNG+하/XSV+고/EC+하/VV+면/EC+아주/MAG"
          },
          {
            "id": 3,
            "text": "1 : 크 아주 좋지 족구 진짜 안 한지 오래 된 듯",
            "norm_text": "크 아주 좋지 족구 진짜 안 한지 오래 된 듯",
            "speaker": {
              "id": "1번",
              "sex": "남성",
              "age": "20대"
            },
            "speechAct": "(단언) 진술하기",
            "morpheme": "크/IC+아주/MAG+좋/VA+지/EC+족구/NNG+진짜/MAG+안/MAG+한지/VV+EC+오래/MAG+된/VV+ETM+듯/NNB"
          },
          {
            "id": 4,
            "text": "2 : 키키 저두 키키 축구를 하면 했지 족구는 와...",
            "norm_text": "키키 저두 키키 축구를 하면 했지 족구는 와...",
            "speaker": {
              "id": "2번",
              "sex": "남성",
              "age": "20대"
            },
            "speechAct": "(단언) 진술하기",
            "morpheme": "키/NNG+키저/NNG+두/JX+키/NNG+키/NNG+축구/NNG+를/JKO+하/VV+면/EC+했/VX+EP+지/EC+족구/NNG+는/JX+와/VV+EF+./SY"
          },
          {
            "id": 5,
            "text": "1 : 그러니까 키키 진짜 군대에서 많이 했는데",
            "norm_text": "그러니까 키키 진짜 군대에서 많이 했는데",
            "speaker": {
              "id": "1번",
              "sex": "남성",
              "age": "20대"
            },
            "speechAct": "(단언) 진술하기",
            "morpheme": "그러니까/MAJ+키/NNG+키/XSV+ETN+진짜/MAG+군대/NNG+에서/JKB+많이/MAG+했/VV+EP+는데/EC"
          },
          {
            "id": 6,
            "text": "2 : 키키 오 형도 키키 진짜 군대는 족구죠",
            "norm_text": "키키 오 형도 키키 진짜 군대는 족구죠",
            "speaker": {
              "id": "2번",
              "sex": "남성",
              "age": "20대"
            },
            "speechAct": "(단언) 진술하기",
            "morpheme": "키/NNG+키/NNG+오형/NNG+도/JX+키/NNG+키/XSV+ETN+진짜/MAG+군대/NNG+는/JX+족구/NNG+죠/VCP+EC"
          },
          {
            "id": 7,
            "text": "1 : 크 옛날 생각 나네 키키",
            "norm_text": "크 옛날 생각 나네 키키",
            "speaker": {
              "id": "1번",
              "sex": "남성",
              "age": "20대"
            },
            "speechAct": "(단언) 주장하기",
            "morpheme": "크/IC+옛날/NNG+생각/NNG+나/NP+네/XSN+키/NNG+키/XSV+ETN"
          },
          {
            "id": 8,
            "text": "2 : 키키 형 좀 날렸나요 키키 족구왕?",
            "norm_text": "키키 형 좀 날렸나요 키키 족구왕?",
            "speaker": {
              "id": "2번",
              "sex": "남성",
              "age": "20대"
            },
            "speechAct": "(지시) 질문하기",
            "morpheme": "키/NNG+키/NNG+형/XSN+좀/MAG+날렸/VV+EP+나요/EF+키키/NNP+족구/NNG+왕/NNG"
          },
          {
            "id": 9,
            "text": "1 : 와 쩔지 진짜 니가 못 봐서 그렇다",
            "norm_text": "와 쩔지 진짜 니가 못 봐서 그렇다",
            "speaker": {
              "id": "1번",
              "sex": "남성",
              "age": "20대"
            },
            "speechAct": "(단언) 진술하기",
            "morpheme": "와/IC+쩔/VA+지/EF+진짜/MAG+니/NP+가/JKS+못/MAG+봐서/VV+EC+그렇/VA+다/EC"
          },
          {
            "id": 10,
            "text": "2 : 오 키키 뭐 이건 이제 부대 싸움인가요 키키",
            "norm_text": "오 키키 뭐 이건 이제 부대 싸움인가요 키키",
            "speaker": {
              "id": "2번",
              "sex": "남성",
              "age": "20대"
            },
            "speechAct": "(지시) 질문하기",
            "morpheme": "오키/NNP+키/NNG+뭐/IC+이건/NP+JX+이제/MAG+부대/NNG+싸움/NNG+인가/VCP+EC+요키/NNP+키/NNG"
          },
          {
            "id": 11,
            "text": "1 : 키키 가자 키키 안 되겠네 내 실력을 보여줘야겠어",
            "norm_text": "키키 가자 키키 안 되겠네 내 실력을 보여줘야겠어",
            "speaker": {
              "id": "1번",
              "sex": "남성",
              "age": "20대"
            },
            "speechAct": "(단언) 주장하기",
            "morpheme": "키/NNG+키가/XSV+ETN+JKS+자키/NNG+키/NNG+안/MAG+되/VV+겠/EP+네/EF+내/NP+JKG+실력/NNG+을/JKO+보여줘야/VV+EC+VX+EC+VX+겠/EP+어/EC"
          },
          {
            "id": 12,
            "text": "2 : 키키 아 제 실력 보시면 아주 지리실껍니다",
            "norm_text": "키키 아 제 실력 보시면 아주 지리실껍니다",
            "speaker": {
              "id": "2번",
              "sex": "남성",
              "age": "20대"
            },
            "speechAct": "(단언) 주장하기",
            "morpheme": "키키/NNP+아/JKV+제/NP+JKG+실력/NNG+보/VV+시/EP+면/EC+아주/MAG+지리/VA+실/EP+ETM+껍니/UNKNOWN+다/EC"
          },
          {
            "id": 13,
            "text": "1 : 키키 오? 어쭈 이것 봐라 키키 안 되겠네 날 잡자",
            "norm_text": "키키 오? 어쭈 이것 봐라 키키 안 되겠네 날 잡자",
            "speaker": {
              "id": "1번",
              "sex": "남성",
              "age": "20대"
            },
            "speechAct": "(단언) 주장하기",
            "morpheme": "키/NNG+키/VV+오/EF+어쭈/IC+이것/NP+봐라/VV+EC+키/NNG+키/NNG+안/MAG+되/VV+겠/EP+네/EF+날/NP+JKO+잡/VV+자/EC"
          },
          {
            "id": 14,
            "text": "2 : 키키 추석 끝나고 콜? 키키",
            "norm_text": "키키 추석 끝나고 콜? 키키",
            "speaker": {
              "id": "2번",
              "sex": "남성",
              "age": "20대"
            },
            "speechAct": "(지시) 질문하기",
            "morpheme": "키키추석끝나고콜/UNKNOWN+키/NNG+키/XSV+ETN"
          },
          {
            "id": 15,
            "text": "1 : 당근 콜이지 키키 몸 풀고 있어라 키키",
            "norm_text": "당근 콜이지 키키 몸 풀고 있어라 키키",
            "speaker": {
              "id": "1번",
              "sex": "남성",
              "age": "20대"
            },
            "speechAct": "(지시) 충고/제안하기",
            "morpheme": "당근/NNG+콜/NNG+이/VCP+지/EC+키/NNG+키/NNG+몸/NNG+풀/VV+고/EC+있/VX+어라/EC+키/NNG+키/XSV+ETN"
          },
          {
            "id": 16,
            "text": "2 : 키키 진짜 형 도망가지나 마세요",
            "norm_text": "키키 진짜 형 도망가지나 마세요",
            "speaker": {
              "id": "2번",
              "sex": "남성",
              "age": "20대"
            },
            "speechAct": "(단언) 주장하기",
            "morpheme": "키/NNG+키/XSV+ETN+진짜/MAG+형/NNG+도/JX+망가지/VV+나/EC+마세요/VX+EP+EC"
          }
        ]
      }
    }
  ]
}