{
  "dataset": {
    "identifier": 56739,
    "name": "KAKAO_913_11",
    "src_path": "/data/file/cubeManager/PROJECT001/53/txt20211005161416015318/KAKAO_913_11/",
    "label_path": "/data/file/cubeManager/PROJECT001/53/txt20211005161416015318/KAKAO_913_11/",
    "category": 2,
    "type": 0
  },
  "licenses": {
    "name": "Apache License 1.0",
    "url": "http://www.apache.org/licenses/LICENSE-1.0"
  },
  "info": [
    {
      "id": 42008,
      "filename": "KAKAO_913_11.txt",
      "title": "KAKAO_913_11",
      "mediatype": "SNS",
      "medianame": "카카오톡",
      "category": "일상대화",
      "date": "2021-10-05",
      "size": 375,
      "annotations": {
        "subject": "게임",
        "speaker_type": "1:1",
        "size": 375,
        "word_size": 130,
        "text": "1 : 언니 다이소에 게임기 나온 거 봤어?\n2 : 요즘 거기도 가성비 좋게 많이 나오더라\n1 : 그러게 나 완전 놀랐잖아 키키 신세계\n2 : 나도 그래서 하나 사왔잖아 키키\n1 : 아 혹시 그거?\n1 : 농구 게임 키키\n2 : 맞아 키키 엄마가 더 신나서 더했어\n1 : 아 저거 봤어 키키\n1 : 슈팅 농구 재밌더라\n2 : 가족끼리 설거지 내기 하기 딱 좋아\n1 : 아니 그런 걸 내기 한다니 정말 웃겨 키키\n2 : 다이소에 윷놀이 게임도 팔아~\n1 : 어 근데 윷놀이는 질렸고 키키 농구 좋다\n2 : 키키 그치 신선해서 좋은 거 같아 !\n1 : 저거 말고 다른 게임도 많아?\n2 : 나는 윷놀이랑 슛팅농구만 샀어 ㅠㅠ\n1 : 언니네 집 근처 다이소 크던데 가볼까?\n2 : 그래 가서 게임기 쓸어오자",
        "lines": [
          {
            "id": 1,
            "text": "1 : 언니 다이소에 게임기 나온 거 봤어?",
            "norm_text": "언니 다이소에 게임기 나온 거 봤어?",
            "speaker": {
              "id": "1번",
              "sex": "여성",
              "age": "20대"
            },
            "speechAct": "(지시) 질문하기",
            "morpheme": "언니/NNG+다이소/NNP+에게/JKB+임기/NNG+나온/VV+ETM+거/NNB+봤/VV+EP+어/EF"
          },
          {
            "id": 2,
            "text": "2 : 요즘 거기도 가성비 좋게 많이 나오더라",
            "norm_text": "요즘 거기도 가성비 좋게 많이 나오더라",
            "speaker": {
              "id": "2번",
              "sex": "여성",
              "age": "20대"
            },
            "speechAct": "(단언) 진술하기",
            "morpheme": "요즘/MAG+거기/NP+도/JX+가/VV+EC+성비/NNG+좋/VA+게/EC+많이/MAG+나오/VV+더라/EC"
          },
          {
            "id": 3,
            "text": "1 : 그러게 나 완전 놀랐잖아 키키 신세계",
            "norm_text": "그러게 나 완전 놀랐잖아 키키 신세계",
            "speaker": {
              "id": "1번",
              "sex": "여성",
              "age": "20대"
            },
            "speechAct": "(단언) 주장하기",
            "morpheme": "그러게/IC+나/NP+완전/MAG+놀랐/VV+EP+잖아/EF+키/MAG+키/VV+신/EP+ETM+세계/NNG"
          },
          {
            "id": 4,
            "text": "2 : 나도 그래서 하나 사왔잖아 키키",
            "norm_text": "나도 그래서 하나 사왔잖아 키키",
            "speaker": {
              "id": "2번",
              "sex": "여성",
              "age": "20대"
            },
            "speechAct": "(단언) 진술하기",
            "morpheme": "나/NP+도/JX+그래서/MAJ+하나/NR+사/NR+EC+왔잖아/VX+EP+EC+VX+EF+키/NNG+키/XSV+ETN"
          },
          {
            "id": 5,
            "text": "1 : 아 혹시 그거?",
            "norm_text": "아 혹시 그거?",
            "speaker": {
              "id": "1번",
              "sex": "여성",
              "age": "20대"
            },
            "speechAct": "(지시) 질문하기",
            "morpheme": "아/IC+혹시/MAG+그거/NP"
          },
          {
            "id": 6,
            "text": "1 : 농구 게임 키키",
            "norm_text": "농구 게임 키키",
            "speaker": {
              "id": "1번",
              "sex": "여성",
              "age": "20대"
            },
            "speechAct": "(단언) 주장하기",
            "morpheme": "농구/NNG+게임/NNG+키/NNG+키/XSV+ETN"
          },
          {
            "id": 7,
            "text": "2 : 맞아 키키 엄마가 더 신나서 더했어",
            "norm_text": "맞아 키키 엄마가 더 신나서 더했어",
            "speaker": {
              "id": "2번",
              "sex": "여성",
              "age": "20대"
            },
            "speechAct": "(단언) 진술하기",
            "morpheme": "맞/VV+아/EC+키/NNG+키/NNG+엄마/NNG+가/JKS+더/MAG+신나/VV+서/EC+더/MAG+했/VV+EP+어/EC"
          },
          {
            "id": 8,
            "text": "1 : 아 저거 봤어 키키",
            "norm_text": "아 저거 봤어 키키",
            "speaker": {
              "id": "1번",
              "sex": "여성",
              "age": "20대"
            },
            "speechAct": "(단언) 주장하기",
            "morpheme": "아/IC+저거/NP+봤/VV+EP+어/EC+키/NNG+키/XSV+ETN"
          },
          {
            "id": 9,
            "text": "1 : 슈팅 농구 재밌더라",
            "norm_text": "슈팅 농구 재밌더라",
            "speaker": {
              "id": "1번",
              "sex": "여성",
              "age": "20대"
            },
            "speechAct": "(단언) 진술하기",
            "morpheme": "슈팅/NNG+농구/NNG+재밌/VA+더라/EC"
          },
          {
            "id": 10,
            "text": "2 : 가족끼리 설거지 내기 하기 딱 좋아",
            "norm_text": "가족끼리 설거지 내기 하기 딱 좋아",
            "speaker": {
              "id": "2번",
              "sex": "여성",
              "age": "20대"
            },
            "speechAct": "(단언) 주장하기",
            "morpheme": "가족/NNG+끼리/XSN+설거지/NNG+내기/NNG+하/XSV+기/ETN+딱/MAG+좋/VA+아/EC"
          },
          {
            "id": 11,
            "text": "1 : 아니 그런 걸 내기 한다니 정말 웃겨 키키",
            "norm_text": "아니 그런 걸 내기 한다니 정말 웃겨 키키",
            "speaker": {
              "id": "1번",
              "sex": "여성",
              "age": "20대"
            },
            "speechAct": "(단언) 주장하기",
            "morpheme": "아니/IC+그런/MM+걸/NNB+JKO+내기/NNG+한다니/XSV+EF+정말/MAG+웃겨/VV+EC+키/NNG+키/XSV+ETN"
          },
          {
            "id": 12,
            "text": "2 : 다이소에 윷놀이 게임도 팔아~",
            "norm_text": "다이소에 윷놀이 게임도 팔아~",
            "speaker": {
              "id": "2번",
              "sex": "여성",
              "age": "20대"
            },
            "speechAct": "(단언) 진술하기",
            "morpheme": "다이소/NNP+에/JKB+윷놀이/NNG+게임/NNG+도/JX+팔/VV+아/EC+~/SY"
          },
          {
            "id": 13,
            "text": "1 : 어 근데 윷놀이는 질렸고 키키 농구 좋다",
            "norm_text": "어 근데 윷놀이는 질렸고 키키 농구 좋다",
            "speaker": {
              "id": "1번",
              "sex": "여성",
              "age": "20대"
            },
            "speechAct": "(단언) 주장하기",
            "morpheme": "어/IC+근데/MAJ+윷놀이/NNG+는/JX+질렸/VV+EP+고/EC+키/NNG+키/NNG+농구/NNG+좋/VA+다/EC"
          },
          {
            "id": 14,
            "text": "2 : 키키 그치 신선해서 좋은 거 같아 !",
            "norm_text": "키키 그치 신선해서 좋은 거 같아 !",
            "speaker": {
              "id": "2번",
              "sex": "여성",
              "age": "20대"
            },
            "speechAct": "(단언) 주장하기",
            "morpheme": "키/NNG+키/XSV+ETN+그치/IC+신선/XR+해서/XSA+EC+좋/VA+은/ETM+거/NNB+같/VA+아/EF"
          },
          {
            "id": 15,
            "text": "1 : 저거 말고 다른 게임도 많아?",
            "norm_text": "저거 말고 다른 게임도 많아?",
            "speaker": {
              "id": "1번",
              "sex": "여성",
              "age": "20대"
            },
            "speechAct": "(지시) 질문하기",
            "morpheme": "저거/NP+말/VV+고/EC+다른/MM+게임/NNG+도/JX+많/VA+아/EF"
          },
          {
            "id": 16,
            "text": "2 : 나는 윷놀이랑 슛팅농구만 샀어 ㅠㅠ",
            "norm_text": "나는 윷놀이랑 슛팅농구만 샀어 ㅠㅠ",
            "speaker": {
              "id": "2번",
              "sex": "여성",
              "age": "20대"
            },
            "speechAct": "(단언) 진술하기",
            "morpheme": "나/NP+는/JX+윷놀이/NNG+랑/JKB+슛/NNG+팅/MAG+농구/NNG+만/JX+샀/VV+EP+어/EF+ㅠㅠ/UNKNOWN"
          },
          {
            "id": 17,
            "text": "1 : 언니네 집 근처 다이소 크던데 가볼까?",
            "norm_text": "언니네 집 근처 다이소 크던데 가볼까?",
            "speaker": {
              "id": "1번",
              "sex": "여성",
              "age": "20대"
            },
            "speechAct": "(언약) 약속하기(제3자와)/(개인적 수준)",
            "morpheme": "언니네/NNP+집/NNG+근처/NNG+다이소/NNP+크/VA+던/ETM+데/NNB+가/JKS+볼까/VV+EF"
          },
          {
            "id": 18,
            "text": "2 : 그래 가서 게임기 쓸어오자",
            "norm_text": "그래 가서 게임기 쓸어오자",
            "speaker": {
              "id": "2번",
              "sex": "여성",
              "age": "20대"
            },
            "speechAct": "N/A",
            "morpheme": "그래/VA+EC+가/VX+서/EC+게임기/NNG+쓸/VV+어/EC+오/VV+자/EC"
          }
        ]
      }
    }
  ]
}