{
  "dataset": {
    "identifier": 72844,
    "name": "KAKAO_905_08_set",
    "src_path": "/data/file/cubeManager/PROJECT001/53/txt20211005152851094135/KAKAO_905_08_set/",
    "label_path": "/data/file/cubeManager/PROJECT001/53/txt20211005152851094135/KAKAO_905_08_set/",
    "category": 2,
    "type": 0
  },
  "licenses": {
    "name": "Apache License 1.0",
    "url": "http://www.apache.org/licenses/LICENSE-1.0"
  },
  "info": [
    {
      "id": 41345,
      "filename": "KAKAO_905_08.txt",
      "title": "KAKAO_905_08",
      "mediatype": "SNS",
      "medianame": "카카오톡",
      "category": "일상대화",
      "date": "2021-10-05",
      "size": 298,
      "annotations": {
        "subject": "연애/결혼",
        "speaker_type": "1:1",
        "size": 298,
        "word_size": 109,
        "text": "1 : * 결혼식 10월에 개 많다고...\n2 : 그니까 **도 결혼하고\n1 : 그 친구 결혼식 언제지?\n2 : 아 내 친구 10월 3일 키키\n1 : 그 야외 결혼식?\n2 : ** 결혼식은 언제니? ]\n1 : 걘 10월 23일인가?\n2 : 응 야외 결혼식함 하하\n1 : 나도 감?\n1 : 나 야외 한 번도 안 가봄\n2 : 같이 가서 밥 먹고 오자\n1 : 거기 내가 아는 사람 누구 가는뎅?\n2 : 너 다 아는 사람임 하하\n1 : 난 그 사람은 모르는 사람이넹 키키\n2 : 응 근데 낭만적이긴 할 듯\n1 : 근데 음식이 굳었을 듯;\n2 : 결혼식 2번은 못 하겠다",
        "lines": [
          {
            "id": 1,
            "text": "1 : * 결혼식 10월에 개 많다고...",
            "norm_text": "* 결혼식 10월에 개 많다고...",
            "speaker": {
              "id": "1번",
              "sex": "여성",
              "age": "30대"
            },
            "speechAct": "(단언) 진술하기",
            "morpheme": "*/SY+결혼식/NNG+10/SN+월/NNBC+에/JKB+개/NNG+많/VA+다고/EC+./SY+./SY"
          },
          {
            "id": 2,
            "text": "2 : 그니까 **도 결혼하고",
            "norm_text": "그니까 **도 결혼하고",
            "speaker": {
              "id": "2번",
              "sex": "남성",
              "age": "30대"
            },
            "speechAct": "(단언) 진술하기",
            "morpheme": "그니까/MAJ+*/SY+*/SY+도/JX+결혼/NNG+하/XSV+고/EC"
          },
          {
            "id": 3,
            "text": "1 : 그 친구 결혼식 언제지?",
            "norm_text": "그 친구 결혼식 언제지?",
            "speaker": {
              "id": "1번",
              "sex": "여성",
              "age": "30대"
            },
            "speechAct": "(지시) 질문하기",
            "morpheme": "그/MM+친구/NNG+결혼식/NNG+언제/NP+지/VCP+EF"
          },
          {
            "id": 4,
            "text": "2 : 아 내 친구 10월 3일 키키",
            "norm_text": "아 내 친구 10월 3일 키키",
            "speaker": {
              "id": "2번",
              "sex": "남성",
              "age": "30대"
            },
            "speechAct": "(단언) 진술하기",
            "morpheme": "아내/NNG+친구/NNG+10/SN+월/NNBC+3/SN+일/NNBC+키/NNG+키/XSV+ETN"
          },
          {
            "id": 5,
            "text": "1 : 그 야외 결혼식?",
            "norm_text": "그 야외 결혼식?",
            "speaker": {
              "id": "1번",
              "sex": "여성",
              "age": "30대"
            },
            "speechAct": "(지시) 질문하기",
            "morpheme": "그/MM+야외/NNG+결혼식/NNG"
          },
          {
            "id": 6,
            "text": "2 : ** 결혼식은 언제니? ]",
            "norm_text": "** 결혼식은 언제니? ]",
            "speaker": {
              "id": "2번",
              "sex": "남성",
              "age": "30대"
            },
            "speechAct": "(지시) 질문하기",
            "morpheme": "*/SY+*/SY+결혼식/NNG+은/JX+언제/NP+니/VCP+EF"
          },
          {
            "id": 7,
            "text": "1 : 걘 10월 23일인가?",
            "norm_text": "걘 10월 23일인가?",
            "speaker": {
              "id": "1번",
              "sex": "여성",
              "age": "30대"
            },
            "speechAct": "(지시) 질문하기",
            "morpheme": "걘/NP+JX+10/SN+월/NNBC+23/SN+일/NNBC+인가/VCP+EF"
          },
          {
            "id": 8,
            "text": "2 : 응 야외 결혼식함 하하",
            "norm_text": "응 야외 결혼식함 하하",
            "speaker": {
              "id": "2번",
              "sex": "남성",
              "age": "30대"
            },
            "speechAct": "(단언) 진술하기",
            "morpheme": "응/IC+야외/NNG+결혼식/NNG+함하/NNG+하/XSV"
          },
          {
            "id": 9,
            "text": "1 : 나도 감?",
            "norm_text": "나도 감?",
            "speaker": {
              "id": "1번",
              "sex": "여성",
              "age": "30대"
            },
            "speechAct": "(지시) 질문하기",
            "morpheme": "나도감/NNG"
          },
          {
            "id": 10,
            "text": "1 : 나 야외 한 번도 안 가봄",
            "norm_text": "나 야외 한 번도 안 가봄",
            "speaker": {
              "id": "1번",
              "sex": "여성",
              "age": "30대"
            },
            "speechAct": "(단언) 진술하기",
            "morpheme": "나/NP+야외/NNG+한/MM+번/NNBC+도/JX+안/MAG+가/VV+EC+봄/NNG"
          },
          {
            "id": 11,
            "text": "2 : 같이 가서 밥 먹고 오자",
            "norm_text": "같이 가서 밥 먹고 오자",
            "speaker": {
              "id": "2번",
              "sex": "남성",
              "age": "30대"
            },
            "speechAct": "(지시) 충고/제안하기",
            "morpheme": "같이/MAG+가/VV+서/EC+밥/NNG+먹/VV+고/EC+오/VV+자/EC"
          },
          {
            "id": 12,
            "text": "1 : 거기 내가 아는 사람 누구 가는뎅?",
            "norm_text": "거기 내가 아는 사람 누구 가는뎅?",
            "speaker": {
              "id": "1번",
              "sex": "여성",
              "age": "30대"
            },
            "speechAct": "(지시) 질문하기",
            "morpheme": "거기/NP+내/NP+가/JKS+아/VV+는/ETM+사람/NNG+누구/NP+가/JKS+는/JX+뎅/MAG"
          },
          {
            "id": 13,
            "text": "2 : 너 다 아는 사람임 하하",
            "norm_text": "너 다 아는 사람임 하하",
            "speaker": {
              "id": "2번",
              "sex": "남성",
              "age": "30대"
            },
            "speechAct": "(단언) 진술하기",
            "morpheme": "너/NP+다/JX+아/VV+는/ETM+사람/NNG+임하/NNG+하/XSV"
          },
          {
            "id": 14,
            "text": "1 : 난 그 사람은 모르는 사람이넹 키키",
            "norm_text": "난 그 사람은 모르는 사람이넹 키키",
            "speaker": {
              "id": "1번",
              "sex": "여성",
              "age": "30대"
            },
            "speechAct": "(단언) 주장하기",
            "morpheme": "난/NP+JX+그/MM+사람/NNG+은/JX+모르/VV+는/ETM+사람/NNG+이/JKS+넹/NNP+키키/NNP"
          },
          {
            "id": 15,
            "text": "2 : 응 근데 낭만적이긴 할 듯",
            "norm_text": "응 근데 낭만적이긴 할 듯",
            "speaker": {
              "id": "2번",
              "sex": "남성",
              "age": "30대"
            },
            "speechAct": "(단언) 주장하기",
            "morpheme": "응/IC+근데/MAJ+낭만/NNG+적/XSN+이/VCP+긴/ETN+JX+할/VX+ETM+듯/NNB"
          },
          {
            "id": 16,
            "text": "1 : 근데 음식이 굳었을 듯;",
            "norm_text": "근데 음식이 굳었을 듯;",
            "speaker": {
              "id": "1번",
              "sex": "여성",
              "age": "30대"
            },
            "speechAct": "(단언) 주장하기",
            "morpheme": "근데/MAJ+음식/NNG+이/JKS+굳/VA+었/EP+을/ETM+듯/NNB+;/SY"
          },
          {
            "id": 17,
            "text": "2 : 결혼식 2번은 못 하겠다",
            "norm_text": "결혼식 2번은 못 하겠다",
            "speaker": {
              "id": "2번",
              "sex": "남성",
              "age": "30대"
            },
            "speechAct": "(단언) 주장하기",
            "morpheme": "결혼식/NNG+2/SN+번/NNBC+은/JX+못/MAG+하/VV+겠/EP+다/EC"
          }
        ]
      }
    }
  ]
}