{
  "dataset": {
    "identifier": 45760,
    "name": "KAKAO_921_08_set",
    "src_path": "/data/file/cubeManager/PROJECT001/53/txt20211005161403036694/KAKAO_921_08_set/",
    "label_path": "/data/file/cubeManager/PROJECT001/53/txt20211005161403036694/KAKAO_921_08_set/",
    "category": 2,
    "type": 0
  },
  "licenses": {
    "name": "Apache License 1.0",
    "url": "http://www.apache.org/licenses/LICENSE-1.0"
  },
  "info": [
    {
      "id": 41985,
      "filename": "KAKAO_921_08.txt",
      "title": "KAKAO_921_08",
      "mediatype": "SNS",
      "medianame": "카카오톡",
      "category": "일상대화",
      "date": "2021-10-05",
      "size": 880,
      "annotations": {
        "subject": "연애/결혼",
        "speaker_type": "1:1",
        "size": 880,
        "word_size": 288,
        "text": "1 : 너는 이상형 같은 거 따로 있엉? 키키\n1 : 지금 남자친구랑 상관 없잉 키키\n2 : 나는 좀 선하게 생긴 사람 좋아하는 거 같아 키키\n2 : 바른 생활 사람 이미지?\n1 : 아 키키 외형적으로 다른 건 없엉? 키키\n2 : 음 쌍커풀 없는 거랑 좀 마른 체형을 좋아해 키키 너는?\n1 : 아 키키 나는 얼굴에 살 없고 눈이 좀 옆으로 길다 해야 하나 그런 인상 좋아해 키키\n2 : 오? 지금 니 남자친구랑 비슷한 거 같은데? 키키\n1 : 키키 응 나는 외모가 맘에 안 들면 못 만날 것 같아 키키\n1 : 그럼 남편으로서 이상형도 비슷해?\n1 : 착하고 반듯한 사람?\n2 : 응응 가정적이고 내말 잘 들어주는? 키키\n2 : 난 너무 감수성이 예민해서 키키 내 성격 받아주려면 좀 힘들 거 같기도 해 키키\n1 : 키키 맞아 남자가 다정하고 얌전해야지 조신하게 키키\n2 : 그래 맞아 키키\n2 : 난 근데 한번씩 내 남자친구한테 미안하기도 하더라고 키키 너무 내가 내 마음대로인 거 같아서 키키\n1 : 키키 서로 그런 투정 받아주며 투닥투닥 지내는 거지 모 키키\n1 : 근데 난 너가 니 맘대로 그렇게 한다는 게 상상이 안 가 키키\n2 : 남자친구가 좀 많이 맞춰줘 키키\n2 : 뭔가 지금 남자친구는 진짜 나 그대로의 모습을 보여주게 하는 사람인 거 같아 키키\n1 : 너가 그런 남자친구랑 잘 만나는 거 같아서 넘 보기좋다 하하\n2 : 키키 너도 남자친구가 잘해주지?\n2 : 근데 오빠가 잘해주는 건 워낙 많이 들었어서 키키\n1 : 키키 난 거의 막 대하는 수준이지...\n1 : 가끔 보면 안쓰러워\n1 : 어쩌다 나한테 콩깍지가 씌여서 ㅜㅜ 키키\n2 : 아 키키 웃긴다\n2 : 그래도 그렇게 오랫동안 만난다는 건 그만큼 너도 잘하니까 가능한 일이지 키키\n2 : 어느 한쪽만 잘한다고 관계가 유지되진 않잖아 보기 좋다 키키",
        "lines": [
          {
            "id": 1,
            "text": "1 : 너는 이상형 같은 거 따로 있엉? 키키",
            "norm_text": "너는 이상형 같은 거 따로 있엉? 키키",
            "speaker": {
              "id": "1번",
              "sex": "여성",
              "age": "20대"
            },
            "speechAct": "(지시) 질문하기",
            "morpheme": "너/NP+는/JX+이상/NNG+형/XSN+같/VA+은/ETM+거/NNB+따로/MAG+있/VV+엉/EF+키/NNG+키/XSV+ETN"
          },
          {
            "id": 2,
            "text": "1 : 지금 남자친구랑 상관 없잉 키키",
            "norm_text": "지금 남자친구랑 상관 없잉 키키",
            "speaker": {
              "id": "1번",
              "sex": "여성",
              "age": "20대"
            },
            "speechAct": "(단언) 주장하기",
            "morpheme": "지금/MAG+남자/NNG+친구/NNG+랑/JKB+상관없/VA+잉/MAG+키/NNG+키/XSV+ETN"
          },
          {
            "id": 3,
            "text": "2 : 나는 좀 선하게 생긴 사람 좋아하는 거 같아 키키",
            "norm_text": "나는 좀 선하게 생긴 사람 좋아하는 거 같아 키키",
            "speaker": {
              "id": "2번",
              "sex": "여성",
              "age": "20대"
            },
            "speechAct": "(단언) 주장하기",
            "morpheme": "나/NP+는/JX+좀/MAG+선하/VA+게/EC+생긴/VV+ETM+사람/NNG+좋/VA+아/EC+하/VV+는/ETM+거/NNB+같/VA+아/EC+키/NNG+키/XSV+ETN"
          },
          {
            "id": 4,
            "text": "2 : 바른 생활 사람 이미지?",
            "norm_text": "바른 생활 사람 이미지?",
            "speaker": {
              "id": "2번",
              "sex": "여성",
              "age": "20대"
            },
            "speechAct": "(단언) 주장하기",
            "morpheme": "바른/VA+ETM+생활/NNG+사람/NNG+이미지/NNG"
          },
          {
            "id": 5,
            "text": "1 : 아 키키 외형적으로 다른 건 없엉? 키키",
            "norm_text": "아 키키 외형적으로 다른 건 없엉? 키키",
            "speaker": {
              "id": "1번",
              "sex": "여성",
              "age": "20대"
            },
            "speechAct": "(지시) 질문하기",
            "morpheme": "아키/NNP+키/NNG+외형/NNG+적/XSN+으로/JKB+다른/VA+ETM+건/NNB+JX+없/VA+엉/EF+키/NNG+키/XSV+ETN"
          },
          {
            "id": 6,
            "text": "2 : 음 쌍커풀 없는 거랑 좀 마른 체형을 좋아해 키키 너는?",
            "norm_text": "음 쌍커풀 없는 거랑 좀 마른 체형을 좋아해 키키 너는?",
            "speaker": {
              "id": "2번",
              "sex": "여성",
              "age": "20대"
            },
            "speechAct": "(지시) 질문하기",
            "morpheme": "음/IC+쌍/IC+커/VA+EC+풀/NNG+없/VA+는/ETM+거/NNB+랑/JKB+좀/MAG+마른/VV+ETM+체형/NNG+을/JKO+좋아해/VV+EC+키/NNG+키/XSV+ETN+너/NP+는/JX"
          },
          {
            "id": 7,
            "text": "1 : 아 키키 나는 얼굴에 살 없고 눈이 좀 옆으로 길다 해야 하나 그런 인상 좋아해 키키",
            "norm_text": "아 키키 나는 얼굴에 살 없고 눈이 좀 옆으로 길다 해야 하나 그런 인상 좋아해 키키",
            "speaker": {
              "id": "1번",
              "sex": "여성",
              "age": "20대"
            },
            "speechAct": "(단언) 주장하기",
            "morpheme": "아키/NNP+키나/NNG+는/JX+얼굴/NNG+에/JKB+살/VV+ETM+없/VA+고/EC+눈/NNG+이/JKS+좀/MAG+옆/NNG+으로/JKB+길/VA+다/EC+해야/VV+EC+하나/NR+그런/MM+인상/NNG+좋/VA+아/EC+해/VV+EC+키/NNG+키/XSV+ETN"
          },
          {
            "id": 8,
            "text": "2 : 오? 지금 니 남자친구랑 비슷한 거 같은데? 키키",
            "norm_text": "오? 지금 니 남자친구랑 비슷한 거 같은데? 키키",
            "speaker": {
              "id": "2번",
              "sex": "여성",
              "age": "20대"
            },
            "speechAct": "(지시) 질문하기",
            "morpheme": "오/IC+지금/MAG+니/MM+남자/NNG+친구/NNG+랑/JC+비슷/XR+한/XSA+ETM+거/NNB+같/VA+은데/EF+키/NNG+키/XSV+ETN"
          },
          {
            "id": 9,
            "text": "1 : 키키 응 나는 외모가 맘에 안 들면 못 만날 것 같아 키키",
            "norm_text": "키키 응 나는 외모가 맘에 안 들면 못 만날 것 같아 키키",
            "speaker": {
              "id": "1번",
              "sex": "여성",
              "age": "20대"
            },
            "speechAct": "(단언) 주장하기",
            "morpheme": "키/NNG+키/XSV+ETN+응/IC+나/NP+는/JX+외모/NNG+가/JKS+맘/NNG+에/JKB+안/MAG+들/VV+면/EC+못/MAG+만날/VV+ETM+것/NNB+같/VA+아/EC+키/NNG+키/XSV+ETN"
          },
          {
            "id": 10,
            "text": "1 : 그럼 남편으로서 이상형도 비슷해?",
            "norm_text": "그럼 남편으로서 이상형도 비슷해?",
            "speaker": {
              "id": "1번",
              "sex": "여성",
              "age": "20대"
            },
            "speechAct": "(지시) 질문하기",
            "morpheme": "그럼/MAJ+남편/NNG+으로서/JKB+이상/NNG+형/XSN+도/JX+비슷/XR+해/XSA+EF"
          },
          {
            "id": 11,
            "text": "1 : 착하고 반듯한 사람?",
            "norm_text": "착하고 반듯한 사람?",
            "speaker": {
              "id": "1번",
              "sex": "여성",
              "age": "20대"
            },
            "speechAct": "(단언) 주장하기",
            "morpheme": "착하/VA+고/EC+반듯/XR+한/XSA+ETM+사람/NNG"
          },
          {
            "id": 12,
            "text": "2 : 응응 가정적이고 내말 잘 들어주는? 키키",
            "norm_text": "응응 가정적이고 내말 잘 들어주는? 키키",
            "speaker": {
              "id": "2번",
              "sex": "여성",
              "age": "20대"
            },
            "speechAct": "(단언) 주장하기",
            "morpheme": "응/IC+응/IC+가정/NNG+적/XSN+이/VCP+고/EC+내/NP+JKG+말/NNG+잘/MAG+들/VV+어/EC+주/VX+는/ETM+?/SY+키/NNG+키/XSV+ETN"
          },
          {
            "id": 13,
            "text": "2 : 난 너무 감수성이 예민해서 키키 내 성격 받아주려면 좀 힘들 거 같기도 해 키키",
            "norm_text": "난 너무 감수성이 예민해서 키키 내 성격 받아주려면 좀 힘들 거 같기도 해 키키",
            "speaker": {
              "id": "2번",
              "sex": "여성",
              "age": "20대"
            },
            "speechAct": "(단언) 주장하기",
            "morpheme": "난/NP+JX+너무/MAG+감수/NNG+성/XSN+이/JKS+예민/XR+해서/XSA+EC+키/NNG+키/XSV+ETN+내/NP+JKG+성격/NNG+받/VV+아/EC+주/VX+려면/EC+좀/MAG+힘들/VA+ETM+거/NNB+같/VA+기/ETN+도/JX+해/VV+EC+키/NNG+키/XSV+ETN"
          },
          {
            "id": 14,
            "text": "1 : 키키 맞아 남자가 다정하고 얌전해야지 조신하게 키키",
            "norm_text": "키키 맞아 남자가 다정하고 얌전해야지 조신하게 키키",
            "speaker": {
              "id": "1번",
              "sex": "여성",
              "age": "20대"
            },
            "speechAct": "(단언) 주장하기",
            "morpheme": "키/NNG+키/XSV+ETN+맞/VV+아/EC+남자/NNG+가/JKS+다정/NNG+하/XSV+고/EC+얌전/NNG+해야지/XSV+EC+조신/NNG+하/XSV+게/EC+키/NNG+키/XSV+ETN"
          },
          {
            "id": 15,
            "text": "2 : 그래 맞아 키키",
            "norm_text": "그래 맞아 키키",
            "speaker": {
              "id": "2번",
              "sex": "여성",
              "age": "20대"
            },
            "speechAct": "(단언) 주장하기",
            "morpheme": "그래/VA+EC+맞/VV+아/EC+키/NNG+키/XSV+ETN"
          },
          {
            "id": 16,
            "text": "2 : 난 근데 한번씩 내 남자친구한테 미안하기도 하더라고 키키 너무 내가 내 마음대로인 거 같아서 키키",
            "norm_text": "난 근데 한번씩 내 남자친구한테 미안하기도 하더라고 키키 너무 내가 내 마음대로인 거 같아서 키키",
            "speaker": {
              "id": "2번",
              "sex": "여성",
              "age": "20대"
            },
            "speechAct": "(단언) 주장하기",
            "morpheme": "난/NP+JX+근데/MAJ+한/MM+번/NNBC+씩/XSN+내/NP+JKG+남자/NNG+친구/NNG+한테/JKB+미안/NNG+하/XSV+기/ETN+도/JX+하/VV+더라고/EC+키/NNG+키/NNG+너무/MAG+내/NP+가/JKS+내/NP+JKG+마음/NNG+대로/JX+인/VCP+ETM+거/NNB+같/VA+아서/EC+키/NNG+키/XSV+ETN"
          },
          {
            "id": 17,
            "text": "1 : 키키 서로 그런 투정 받아주며 투닥투닥 지내는 거지 모 키키",
            "norm_text": "키키 서로 그런 투정 받아주며 투닥투닥 지내는 거지 모 키키",
            "speaker": {
              "id": "1번",
              "sex": "여성",
              "age": "20대"
            },
            "speechAct": "(단언) 주장하기",
            "morpheme": "키/NNG+키/NNG+서로/MAG+그런/MM+투정/NNG+받/VV+아/EC+주/VX+며/EC+투닥투닥/MAG+지내/VV+는/ETM+거/NNB+지/VCP+EF+모키/NNP+키/NNG"
          },
          {
            "id": 18,
            "text": "1 : 근데 난 너가 니 맘대로 그렇게 한다는 게 상상이 안 가 키키",
            "norm_text": "근데 난 너가 니 맘대로 그렇게 한다는 게 상상이 안 가 키키",
            "speaker": {
              "id": "1번",
              "sex": "여성",
              "age": "20대"
            },
            "speechAct": "(단언) 주장하기",
            "morpheme": "근데/MAJ+난/NP+JX+너/NP+가/JKS+니/MM+맘/NNG+대로/JKB+그렇/VA+게/EC+한다는/VX+ETM+게/NNB+JKS+상상/NNG+이/JKS+안/MAG+가/VV+EC+키/NNG+키/XSV+ETN"
          },
          {
            "id": 19,
            "text": "2 : 남자친구가 좀 많이 맞춰줘 키키",
            "norm_text": "남자친구가 좀 많이 맞춰줘 키키",
            "speaker": {
              "id": "2번",
              "sex": "여성",
              "age": "20대"
            },
            "speechAct": "(단언) 주장하기",
            "morpheme": "남자/NNG+친구/NNG+가/JKS+좀/MAG+많이/MAG+맞춰/VV+EC+줘/VX+EC+키/NNG+키/XSV+ETN"
          },
          {
            "id": 20,
            "text": "2 : 뭔가 지금 남자친구는 진짜 나 그대로의 모습을 보여주게 하는 사람인 거 같아 키키",
            "norm_text": "뭔가 지금 남자친구는 진짜 나 그대로의 모습을 보여주게 하는 사람인 거 같아 키키",
            "speaker": {
              "id": "2번",
              "sex": "여성",
              "age": "20대"
            },
            "speechAct": "(단언) 주장하기",
            "morpheme": "뭔가/NP+VCP+EC+지금/MAG+남자/NNG+친구/NNG+는/JX+진짜/MAG+나/NP+그대로/MAG+의/JKG+모습/NNG+을/JKO+보여/VV+EC+주/VX+게/EC+하/VV+는/ETM+사람/NNG+인/VCP+ETM+거/NNB+같/VA+아/EC+키/NNG+키/XSV+ETN"
          },
          {
            "id": 21,
            "text": "1 : 너가 그런 남자친구랑 잘 만나는 거 같아서 넘 보기좋다 하하",
            "norm_text": "너가 그런 남자친구랑 잘 만나는 거 같아서 넘 보기좋다 하하",
            "speaker": {
              "id": "1번",
              "sex": "여성",
              "age": "20대"
            },
            "speechAct": "(단언) 주장하기",
            "morpheme": "너/NP+가/JKS+그런/MM+남자/NNG+친구/NNG+랑/JKB+잘/MAG+만나/VV+는/ETM+거/NNB+같/VA+아서/EC+넘보/VV+기/ETN+좋/VA+다/EC+하하/MAG"
          },
          {
            "id": 22,
            "text": "2 : 키키 너도 남자친구가 잘해주지?",
            "norm_text": "키키 너도 남자친구가 잘해주지?",
            "speaker": {
              "id": "2번",
              "sex": "여성",
              "age": "20대"
            },
            "speechAct": "(지시) 질문하기",
            "morpheme": "키/NNG+키/XSV+ETN+너/NP+도/JX+남자/NNG+친구/NNG+가/JKS+잘/MAG+해/VV+EC+주/VX+지/EF"
          },
          {
            "id": 23,
            "text": "2 : 근데 오빠가 잘해주는 건 워낙 많이 들었어서 키키",
            "norm_text": "근데 오빠가 잘해주는 건 워낙 많이 들었어서 키키",
            "speaker": {
              "id": "2번",
              "sex": "여성",
              "age": "20대"
            },
            "speechAct": "(단언) 주장하기",
            "morpheme": "근데/MAJ+오빠/NNG+가/JKS+잘/MAG+해/VV+EC+주/VX+는/ETM+건/NNB+JX+워낙/MAG+많이/MAG+들/VV+었/EP+어서/EC+키/NNG+키/XSV+ETN"
          },
          {
            "id": 24,
            "text": "1 : 키키 난 거의 막 대하는 수준이지...",
            "norm_text": "키키 난 거의 막 대하는 수준이지...",
            "speaker": {
              "id": "1번",
              "sex": "여성",
              "age": "20대"
            },
            "speechAct": "(단언) 주장하기",
            "morpheme": "키/NNG+키/XSV+ETN+난/NP+JX+거의/MAG+막대/NNG+하/XSV+는/ETM+수준/NNG+이/VCP+지/EF+./SY"
          },
          {
            "id": 25,
            "text": "1 : 가끔 보면 안쓰러워",
            "norm_text": "가끔 보면 안쓰러워",
            "speaker": {
              "id": "1번",
              "sex": "여성",
              "age": "20대"
            },
            "speechAct": "(단언) 주장하기",
            "morpheme": "가끔/MAG+보/VV+면/EC+안쓰러워/VA+EC"
          },
          {
            "id": 26,
            "text": "1 : 어쩌다 나한테 콩깍지가 씌여서 ㅜㅜ 키키",
            "norm_text": "어쩌다 나한테 콩깍지가 씌여서 ㅜㅜ 키키",
            "speaker": {
              "id": "1번",
              "sex": "여성",
              "age": "20대"
            },
            "speechAct": "(단언) 주장하기",
            "morpheme": "어쩌다/MAJ+나/NP+한테/JKB+콩깍지/NNG+가/JKS+씌/VV+여서/EC+ㅜㅜ/UNKNOWN+키/NNG+키/XSV+ETN"
          },
          {
            "id": 27,
            "text": "2 : 아 키키 웃긴다",
            "norm_text": "아 키키 웃긴다",
            "speaker": {
              "id": "2번",
              "sex": "여성",
              "age": "20대"
            },
            "speechAct": "(단언) 주장하기",
            "morpheme": "아키/NNP+키/NNG+웃긴다/VV+EC"
          },
          {
            "id": 29,
            "text": "2 : 그래도 그렇게 오랫동안 만난다는 건 그만큼 너도 잘하니까 가능한 일이지 키키",
            "norm_text": "앜ㅋㅋㅋㅋㅋ 웃긴다 그래도 그렇게 오랫동안 만난다는건 그만큼 너도 잘하니까 가능한 일이지ㅋㅋ 어느 한쪽만 잘한다고 관계가 유지되진않잖아 보기좋다ㅋㅋ",
            "speaker": {
              "id": "2번",
              "sex": "여성",
              "age": "20대"
            },
            "speechAct": "N/A",
            "morpheme": "앜ㅋ/UNKNOWN+ㅋㅋ/UNKNOWN+ㅋㅋ/UNKNOWN+웃긴다/VV+EC+그래도/VV+EC+그렇게/MAG+오랫동안/NNG+만/JX+난다는/VV+ETM+건/NNB+JX+그만큼/MAG+너/NP+도/JX+잘/MAG+하/VV+니까/EC+가능/NNG+한/XSA+ETM+일/NNG+이/VCP+지/EF+ㅋㅋ/UNKNOWN+어느/MM+한/MM+쪽/NNBC+만/JX+잘/MAG+한다고/VV+EC+관계/NNG+가/JKS+유지/NNG+되/XSV+진/EC+JX+않/VX+잖아/EC+보/VX+기/ETN+좋/VA+다/EF+ㅋㅋ/UNKNOWN"
          },
          {
            "id": 30,
            "text": "2 : 어느 한쪽만 잘한다고 관계가 유지되진 않잖아 보기 좋다 키키",
            "norm_text": "앜ㅋㅋㅋㅋㅋ 웃긴다 그래도 그렇게 오랫동안 만난다는건 그만큼 너도 잘하니까 가능한 일이지ㅋㅋ 어느 한쪽만 잘한다고 관계가 유지되진않잖아 보기좋다ㅋㅋ",
            "speaker": {
              "id": "2번",
              "sex": "여성",
              "age": "20대"
            },
            "speechAct": "N/A",
            "morpheme": "앜ㅋ/UNKNOWN+ㅋㅋ/UNKNOWN+ㅋㅋ/UNKNOWN+웃긴다/VV+EC+그래도/VV+EC+그렇게/MAG+오랫동안/NNG+만/JX+난다는/VV+ETM+건/NNB+JX+그만큼/MAG+너/NP+도/JX+잘/MAG+하/VV+니까/EC+가능/NNG+한/XSA+ETM+일/NNG+이/VCP+지/EF+ㅋㅋ/UNKNOWN+어느/MM+한/MM+쪽/NNBC+만/JX+잘/MAG+한다고/VV+EC+관계/NNG+가/JKS+유지/NNG+되/XSV+진/EC+JX+않/VX+잖아/EC+보/VX+기/ETN+좋/VA+다/EF+ㅋㅋ/UNKNOWN"
          }
        ]
      }
    }
  ]
}