{
  "dataset": {
    "identifier": 69188,
    "name": "KAKAO_915_06_set",
    "src_path": "/data/file/cubeManager/PROJECT001/53/txt20211005155756058099/KAKAO_915_06_set/",
    "label_path": "/data/file/cubeManager/PROJECT001/53/txt20211005155756058099/KAKAO_915_06_set/",
    "category": 2,
    "type": 0
  },
  "licenses": {
    "name": "Apache License 1.0",
    "url": "http://www.apache.org/licenses/LICENSE-1.0"
  },
  "info": [
    {
      "id": 41843,
      "filename": "KAKAO_915_06.txt",
      "title": "KAKAO_915_06",
      "mediatype": "SNS",
      "medianame": "카카오톡",
      "category": "일상대화",
      "date": "2021-10-05",
      "size": 465,
      "annotations": {
        "subject": "교육",
        "speaker_type": "1:1",
        "size": 465,
        "word_size": 147,
        "text": "1 : 다들 공교육을 어떻게 받았길래 키키\n2 : 맞다 진짜 아니면 사교육이 문제인가 키키\n1 : 뭐가 문제이지 키키 그래도 나 학교 다닐 때도 진짜 많이 맞았는데\n2 : 니 때까지 많이 맞았나 오...\n1 : 옹 키키 나도 많이 맞고 자란 세대여 키키\n2 : 와 그럼 언제부터 그렇게 없어진 거고\n1 : 키키 휴대폰 발달하고부터지 않을까? 키키 얘들이 동영상 찍어서\n2 : 아 그럴 수 있겠다 그런 게 유출되면서 문제가 되었겠지\n1 : 옹 키키 이럴 때는 그런 게 없으니 키키\n2 : 맞다 진짜... 근데 적당한 체벌은 필요한 것 같애\n1 : 맞아용! 요새 얘들이 그래서 버릇이 없나\n2 : 그니깐 그리고 선생님한테도 막 하는 거지\n1 : 선생님 무서운 줄도 모르고 ㅜㅜ\n2 : 그니깐... 진짜 나쁜 놈들이야 ㅠㅠ 왜 그러는지 몰라\n1 : 맞아용 ㅜㅜ 착한 얘들도 있겠지만 무서운 줄을 모름\n2 : 맞다 진짜... 솔직히 요새는 길거리에 애들 보면 무섭다",
        "lines": [
          {
            "id": 1,
            "text": "1 : 다들 공교육을 어떻게 받았길래 키키",
            "norm_text": "다들 공교육을 어떻게 받았길래 키키",
            "speaker": {
              "id": "1번",
              "sex": "여성",
              "age": "20대"
            },
            "speechAct": "(단언) 진술하기",
            "morpheme": "다/MAG+들/XSN+공교육/NNG+을/JKO+어떻게/MAG+받/VV+았/EP+길래/EC+키/NNG+키/XSV+ETN"
          },
          {
            "id": 2,
            "text": "2 : 맞다 진짜 아니면 사교육이 문제인가 키키",
            "norm_text": "맞다 진짜 아니면 사교육이 문제인가 키키",
            "speaker": {
              "id": "2번",
              "sex": "남성",
              "age": "20대"
            },
            "speechAct": "(단언) 주장하기",
            "morpheme": "맞/VV+다/EF+진짜/MAG+아니/VCN+면/EC+사교육/NNG+이/JKS+문제/NNG+인가/VCP+EC+키/NNG+키/XSV+ETN"
          },
          {
            "id": 3,
            "text": "1 : 뭐가 문제이지 키키 그래도 나 학교 다닐 때도 진짜 많이 맞았는데",
            "norm_text": "뭐가 문제이지 키키 그래도 나 학교 다닐 때도 진짜 많이 맞았는데",
            "speaker": {
              "id": "1번",
              "sex": "여성",
              "age": "20대"
            },
            "speechAct": "(단언) 주장하기",
            "morpheme": "뭐/NP+가/JKS+문제/NNG+이/VCP+지/EC+키/NNG+키/XSV+ETN+그래도/MAJ+나/NP+학교/NNG+다닐/VV+ETM+때/NNG+도/JX+진짜/MAG+많이/MAG+맞/VV+았/EP+는데/EC"
          },
          {
            "id": 4,
            "text": "2 : 니 때까지 많이 맞았나 오...",
            "norm_text": "니 때까지 많이 맞았나 오...",
            "speaker": {
              "id": "2번",
              "sex": "남성",
              "age": "20대"
            },
            "speechAct": "(단언) 주장하기",
            "morpheme": "니/MM+때/NNG+까지/JX+많이/MAG+맞/VV+았/EP+나/EF+오/IC+./SY"
          },
          {
            "id": 5,
            "text": "1 : 옹 키키 나도 많이 맞고 자란 세대여 키키",
            "norm_text": "옹 키키 나도 많이 맞고 자란 세대여 키키",
            "speaker": {
              "id": "1번",
              "sex": "여성",
              "age": "20대"
            },
            "speechAct": "(단언) 주장하기",
            "morpheme": "옹/NNG+키/NNG+키나/XSA+ETN+JX+도/JX+많이/MAG+맞/VV+고/EC+자란/VV+ETM+세대/NNG+여/XSN+키/NNG+키/XSV+ETN"
          },
          {
            "id": 6,
            "text": "2 : 와 그럼 언제부터 그렇게 없어진 거고",
            "norm_text": "와 그럼 언제부터 그렇게 없어진 거고",
            "speaker": {
              "id": "2번",
              "sex": "남성",
              "age": "20대"
            },
            "speechAct": "(단언) 주장하기",
            "morpheme": "와/IC+그럼/MAJ+언제/NP+부터/JX+그렇게/MAG+없/VA+어/EC+진/VX+ETM+거/NNB+고/VCP+EC"
          },
          {
            "id": 7,
            "text": "1 : 키키 휴대폰 발달하고부터지 않을까? 키키 얘들이 동영상 찍어서",
            "norm_text": "키키 휴대폰 발달하고부터지 않을까? 키키 얘들이 동영상 찍어서",
            "speaker": {
              "id": "1번",
              "sex": "여성",
              "age": "20대"
            },
            "speechAct": "(단언) 주장하기",
            "morpheme": "키/NNG+키/NNG+휴대폰/NNG+발달/NNG+하/XSV+고/EC+부터/JX+지/EC+않/VX+을까/EF+키/NNG+키/XSV+ETN+얘/NP+들/XSN+이/JKS+동영상/NNG+찍/VV+어서/EC"
          },
          {
            "id": 8,
            "text": "2 : 아 그럴 수 있겠다 그런 게 유출되면서 문제가 되었겠지",
            "norm_text": "아 그럴 수 있겠다 그런 게 유출되면서 문제가 되었겠지",
            "speaker": {
              "id": "2번",
              "sex": "남성",
              "age": "20대"
            },
            "speechAct": "(단언) 주장하기",
            "morpheme": "아/IC+그럴/VA+ETM+수/NNB+있/VV+겠/EP+다/EF+그런/MM+게/NNB+JKS+유출/NNG+되/XSV+면서/EC+문제/NNG+가/JKS+되/VV+었/EP+겠/EP+지/EC"
          },
          {
            "id": 9,
            "text": "1 : 옹 키키 이럴 때는 그런 게 없으니 키키",
            "norm_text": "옹 키키 이럴 때는 그런 게 없으니 키키",
            "speaker": {
              "id": "1번",
              "sex": "여성",
              "age": "20대"
            },
            "speechAct": "(단언) 주장하기",
            "morpheme": "옹/NNG+키/NNG+키/XSV+ETN+이럴/VA+ETM+때/NNG+는/JX+그런/MM+게/NNB+JKS+없/VA+으니/EC+키/NNG+키/XSV+ETN"
          },
          {
            "id": 10,
            "text": "2 : 맞다 진짜... 근데 적당한 체벌은 필요한 것 같애",
            "norm_text": "맞다 진짜... 근데 적당한 체벌은 필요한 것 같애",
            "speaker": {
              "id": "2번",
              "sex": "남성",
              "age": "20대"
            },
            "speechAct": "(단언) 주장하기",
            "morpheme": "맞/VV+다/EF+진짜/MAG+./SY+근데/MAJ+적당/XR+한/XSA+ETM+체벌/NNG+은/JX+필요/NNG+한/XSA+ETM+것/NNB+같/VA+애/EC"
          },
          {
            "id": 11,
            "text": "1 : 맞아용! 요새 얘들이 그래서 버릇이 없나",
            "norm_text": "맞아용! 요새 얘들이 그래서 버릇이 없나",
            "speaker": {
              "id": "1번",
              "sex": "여성",
              "age": "20대"
            },
            "speechAct": "(단언) 주장하기",
            "morpheme": "맞/VV+아용/EF+요새/MAG+얘/NP+들/XSN+이/JKS+그래서/MAJ+버릇/NNG+이/JKS+없/VA+나/EC"
          },
          {
            "id": 12,
            "text": "2 : 그니깐 그리고 선생님한테도 막 하는 거지",
            "norm_text": "그니깐 그리고 선생님한테도 막 하는 거지",
            "speaker": {
              "id": "2번",
              "sex": "남성",
              "age": "20대"
            },
            "speechAct": "(단언) 주장하기",
            "morpheme": "그니깐/MAJ+그리고/MAJ+선생/NNG+님/XSN+한테/JKB+도막/NNG+하/XSV+는/ETM+거/NNB+지/VCP+EC"
          },
          {
            "id": 13,
            "text": "1 : 선생님 무서운 줄도 모르고 ㅜㅜ",
            "norm_text": "선생님 무서운 줄도 모르고 ㅜㅜ",
            "speaker": {
              "id": "1번",
              "sex": "여성",
              "age": "20대"
            },
            "speechAct": "(단언) 주장하기",
            "morpheme": "선생/NNG+님/XSN+무서운/VA+ETM+줄/NNB+도/JX+모르/VV+고/EC+ㅜㅜ/UNKNOWN"
          },
          {
            "id": 14,
            "text": "2 : 그니깐... 진짜 나쁜 놈들이야 ㅠㅠ 왜 그러는지 몰라",
            "norm_text": "그니깐... 진짜 나쁜 놈들이야 ㅠㅠ 왜 그러는지 몰라",
            "speaker": {
              "id": "2번",
              "sex": "남성",
              "age": "20대"
            },
            "speechAct": "(단언) 주장하기",
            "morpheme": "그니깐/MAJ+./SY+진짜나쁜놈들이야ㅠㅠ왜그러는지몰라/UNKNOWN"
          },
          {
            "id": 15,
            "text": "1 : 맞아용 ㅜㅜ 착한 얘들도 있겠지만 무서운 줄을 모름",
            "norm_text": "맞아용 ㅜㅜ 착한 얘들도 있겠지만 무서운 줄을 모름",
            "speaker": {
              "id": "1번",
              "sex": "여성",
              "age": "20대"
            },
            "speechAct": "(단언) 주장하기",
            "morpheme": "맞/VV+아용/EC+ㅜㅜ/UNKNOWN+착한/VA+ETM+얘/NP+들/XSN+도/JX+있/VA+겠/EP+지만/EC+무서운/VA+ETM+줄/NNB+을/JKO+모름/VV+ETN"
          },
          {
            "id": 16,
            "text": "2 : 맞다 진짜... 솔직히 요새는 길거리에 애들 보면 무섭다",
            "norm_text": "맞다 진짜... 솔직히 요새는 길거리에 애들 보면 무섭다",
            "speaker": {
              "id": "2번",
              "sex": "남성",
              "age": "20대"
            },
            "speechAct": "(단언) 주장하기",
            "morpheme": "맞/VV+다/EF+진짜/MAG+./SY+솔직히/MAG+요새/NNG+는/JX+길거리/NNG+에/JKB+애/NNG+들/XSN+보/VV+면/EC+무섭/VA+다/EC"
          }
        ]
      }
    }
  ]
}