{
  "dataset": {
    "identifier": 63410,
    "name": "KAKAO_911_07_set",
    "src_path": "/data/file/cubeManager/PROJECT001/53/txt20211005154123066289/KAKAO_911_07_set/",
    "label_path": "/data/file/cubeManager/PROJECT001/53/txt20211005154123066289/KAKAO_911_07_set/",
    "category": 2,
    "type": 0
  },
  "licenses": {
    "name": "Apache License 1.0",
    "url": "http://www.apache.org/licenses/LICENSE-1.0"
  },
  "info": [
    {
      "id": 41604,
      "filename": "KAKAO_911_07.txt",
      "title": "KAKAO_911_07",
      "mediatype": "SNS",
      "medianame": "카카오톡",
      "category": "일상대화",
      "date": "2021-10-05",
      "size": 584,
      "annotations": {
        "subject": "가족",
        "speaker_type": "1:1",
        "size": 584,
        "word_size": 186,
        "text": "1 : 곧 명절인데 어머니께 전화 드림?\n2 : 아니... 주말에 전화해야겠다 엄마 추석 다음날 음력 생일인데\n1 : 헐 진짜? 너 없어서 쓸쓸하신 거 아니가 ㅠ\n2 : 그래도 부산, 경남에 친척들 많아서 괜찮다 ㅜ 아마도 ㅜㅜ\n1 : 나는 친척이 많이 없어서 ㅠ\n2 : 난 친척은 적지는 않은 거 같은데 형제 많은 게 부럽더라\n1 : 그래도 너는 외동이라도 사촌 형 누나 동생들 좀 있었겠네?\n2 : 어 사촌들 좀 있는데 나이 먹으니까 연락도 거의 안 하게 됨...\n1 : 나는 어릴 때도 집에 어린이가 나밖에 없었는데\n2 : 진짜? 사촌 몇 명 있는데?\n1 : 나보다 열 살 어린 동생 하나? 근데 솔직히 외동이라서 크게 외롭고 이런 건 없었거든\n2 : 하긴 인기녀라서 외로울 틈이 없었겠다... 부럽...\n1 : 머래 키키 그런 건 아니고 키키\n1 : 근데 이번에 아빠 편찮으시고 하니까 참 형제 없는 게 조금 안 좋더라\n2 : 집에 큰 일 있을 때 형제 많은 게 좋다고 다들 그러던데 이제 실감할 나이가 됐네 ㅜㅜ\n1 : 맞다 키키 부모님 편찮으시면 제일 크게 오는 거 같네\n2 : 외동이니까 어릴 적엔 부모님께 의지만 하다가 이제 혼자 부모님 의지가 돼야 함...",
        "lines": [
          {
            "id": 1,
            "text": "1 : 곧 명절인데 어머니께 전화 드림?",
            "norm_text": "곧 명절인데 어머니께 전화 드림?",
            "speaker": {
              "id": "1번",
              "sex": "여성",
              "age": "30대"
            },
            "speechAct": "(지시) 질문하기",
            "morpheme": "곧/MAG+명절/NNG+인데/VCP+EC+어머니/NNG+께/JKB+전화/NNG+드림/NNG"
          },
          {
            "id": 2,
            "text": "2 : 아니... 주말에 전화해야겠다 엄마 추석 다음날 음력 생일인데",
            "norm_text": "아니... 주말에 전화해야겠다 엄마 추석 다음날 음력 생일인데",
            "speaker": {
              "id": "2번",
              "sex": "남성",
              "age": "30대"
            },
            "speechAct": "(단언) 주장하기",
            "morpheme": "아니/IC+./SY+주말/NNG+에/JKB+전화/NNG+해야/XSV+EC+VX+겠/EP+다/EC+엄마/NNG+추석/NNG+다음/NNG+날/NNG+음력/NNG+생일/NNG+인데/VCP+EC"
          },
          {
            "id": 3,
            "text": "1 : 헐 진짜? 너 없어서 쓸쓸하신 거 아니가 ㅠ",
            "norm_text": "헐 진짜? 너 없어서 쓸쓸하신 거 아니가 ㅠ",
            "speaker": {
              "id": "1번",
              "sex": "여성",
              "age": "30대"
            },
            "speechAct": "(단언) 주장하기",
            "morpheme": "헐/IC+진짜/MAG+너/NP+없/VA+어서/EC+쓸쓸/XR+하/XSA+신/EP+ETM+거/NNB+아니/VCN+가ㅠ/UNKNOWN"
          },
          {
            "id": 4,
            "text": "2 : 그래도 부산, 경남에 친척들 많아서 괜찮다 ㅜ 아마도 ㅜㅜ",
            "norm_text": "그래도 부산, 경남에 친척들 많아서 괜찮다 ㅜ 아마도 ㅜㅜ",
            "speaker": {
              "id": "2번",
              "sex": "남성",
              "age": "30대"
            },
            "speechAct": "(단언) 진술하기",
            "morpheme": "그래도/MAJ+부산/NNP+,/SC+경남/NNP+에/JKB+친척/NNG+들/XSN+많/VA+아서/EC+괜찮/VA+다/EF+ㅜ/UNKNOWN+아마도/MAG+ㅜㅜ/UNKNOWN"
          },
          {
            "id": 5,
            "text": "1 : 나는 친척이 많이 없어서 ㅠ",
            "norm_text": "나는 친척이 많이 없어서 ㅠ",
            "speaker": {
              "id": "1번",
              "sex": "여성",
              "age": "30대"
            },
            "speechAct": "(단언) 진술하기",
            "morpheme": "나/NP+는/JX+친척/NNG+이/JKS+많이/MAG+없/VA+어서/EC+ㅠ/UNKNOWN"
          },
          {
            "id": 6,
            "text": "2 : 난 친척은 적지는 않은 거 같은데 형제 많은 게 부럽더라",
            "norm_text": "난 친척은 적지는 않은 거 같은데 형제 많은 게 부럽더라",
            "speaker": {
              "id": "2번",
              "sex": "남성",
              "age": "30대"
            },
            "speechAct": "(단언) 주장하기",
            "morpheme": "난/NP+JX+친척/NNG+은/JX+적지/NNG+는/JX+않/VX+은/ETM+거/NNB+같/VA+은데/EC+형제/NNG+많/VA+은/ETM+게/NNB+JKS+부럽/VA+더라/EC"
          },
          {
            "id": 7,
            "text": "1 : 그래도 너는 외동이라도 사촌 형 누나 동생들 좀 있었겠네?",
            "norm_text": "그래도 너는 외동이라도 사촌 형 누나 동생들 좀 있었겠네?",
            "speaker": {
              "id": "1번",
              "sex": "여성",
              "age": "30대"
            },
            "speechAct": "(지시) 질문하기",
            "morpheme": "그래도/MAJ+너/NP+는/JX+외동/NNG+이/VCP+라도/EC+사촌/NNG+형/XSN+누나/NNG+동생/NNG+들/XSN+좀/MAG+있/VA+었/EP+겠/EP+네/EF"
          },
          {
            "id": 8,
            "text": "2 : 어 사촌들 좀 있는데 나이 먹으니까 연락도 거의 안 하게 됨...",
            "norm_text": "어 사촌들 좀 있는데 나이 먹으니까 연락도 거의 안 하게 됨...",
            "speaker": {
              "id": "2번",
              "sex": "남성",
              "age": "30대"
            },
            "speechAct": "(단언) 진술하기",
            "morpheme": "어/IC+사촌/NNG+들/XSN+좀/MAG+있/VA+는데/EC+나이/NNG+먹/VV+으니까/EC+연락/NNG+도/JX+거의/MAG+안/MAG+하/VV+게/EC+됨/VV+ETN+./SY"
          },
          {
            "id": 9,
            "text": "1 : 나는 어릴 때도 집에 어린이가 나밖에 없었는데",
            "norm_text": "나는 어릴 때도 집에 어린이가 나밖에 없었는데",
            "speaker": {
              "id": "1번",
              "sex": "여성",
              "age": "30대"
            },
            "speechAct": "(단언) 진술하기",
            "morpheme": "나/NP+는/JX+어릴/VA+ETM+때/NNG+도/JX+집/NNG+에/JKB+어린이/NNG+가/JKS+나/NP+밖에/JX+없/VA+었/EP+는데/EC"
          },
          {
            "id": 10,
            "text": "2 : 진짜? 사촌 몇 명 있는데?",
            "norm_text": "진짜? 사촌 몇 명 있는데?",
            "speaker": {
              "id": "2번",
              "sex": "남성",
              "age": "30대"
            },
            "speechAct": "(지시) 질문하기",
            "morpheme": "진짜/MAG+사촌/NNG+몇/MM+명/NNBC+있/VA+는데/EC"
          },
          {
            "id": 11,
            "text": "1 : 나보다 열 살 어린 동생 하나? 근데 솔직히 외동이라서 크게 외롭고 이런 건 없었거든",
            "norm_text": "나보다 열 살 어린 동생 하나? 근데 솔직히 외동이라서 크게 외롭고 이런 건 없었거든",
            "speaker": {
              "id": "1번",
              "sex": "여성",
              "age": "30대"
            },
            "speechAct": "(단언) 진술하기",
            "morpheme": "나/NP+보다/JKB+열/NR+살/NNBC+어린/VA+ETM+동생/NNG+하나/NR+근데/MAJ+솔직히/MAG+외동/NNG+이/VCP+라서/EC+크/VA+게/EC+외롭/VA+고/EC+이런/MM+건/NNB+JX+없/VA+었/EP+거든/EC"
          },
          {
            "id": 12,
            "text": "2 : 하긴 인기녀라서 외로울 틈이 없었겠다... 부럽...",
            "norm_text": "하긴 인기녀라서 외로울 틈이 없었겠다... 부럽...",
            "speaker": {
              "id": "2번",
              "sex": "남성",
              "age": "30대"
            },
            "speechAct": "(단언) 주장하기",
            "morpheme": "하긴/MAJ+인/VCP+ETM+기녀/NNG+라서/VCP+EC+외로울/VA+ETM+틈/NNG+이/JKS+없/VA+었/EP+겠/EP+다/EF+./SY+부럽/VA+./SY"
          },
          {
            "id": 13,
            "text": "1 : 머래 키키 그런 건 아니고 키키",
            "norm_text": "머래 키키 그런 건 아니고 키키",
            "speaker": {
              "id": "1번",
              "sex": "여성",
              "age": "30대"
            },
            "speechAct": "(단언) 주장하기",
            "morpheme": "머/IC+래키/NNP+키/NNG+그런/MM+건/NNB+JX+아니/VCN+고/EC+키/NNG+키/XSV+ETN"
          },
          {
            "id": 14,
            "text": "1 : 근데 이번에 아빠 편찮으시고 하니까 참 형제 없는 게 조금 안 좋더라",
            "norm_text": "근데 이번에 아빠 편찮으시고 하니까 참 형제 없는 게 조금 안 좋더라",
            "speaker": {
              "id": "1번",
              "sex": "여성",
              "age": "30대"
            },
            "speechAct": "(단언) 진술하기",
            "morpheme": "근데/MAJ+이번/NNG+에/JKB+아빠/NNG+편찮/VA+으시/EP+고/EC+하/VV+니까/EC+참/MAG+형제/NNG+없/VA+는/ETM+게/NNB+JKS+조금/MAG+안/MAG+좋/VA+더라/EC"
          },
          {
            "id": 15,
            "text": "2 : 집에 큰 일 있을 때 형제 많은 게 좋다고 다들 그러던데 이제 실감할 나이가 됐네 ㅜㅜ",
            "norm_text": "집에 큰 일 있을 때 형제 많은 게 좋다고 다들 그러던데 이제 실감할 나이가 됐네 ㅜㅜ",
            "speaker": {
              "id": "2번",
              "sex": "남성",
              "age": "30대"
            },
            "speechAct": "(단언) 주장하기",
            "morpheme": "집/NNG+에/JKB+큰일/NNG+있/VV+을/ETM+때/NNG+형제/NNG+많/VA+은/ETM+게/NNB+JKS+좋/VA+다고/EC+다/MAG+들/XSN+그러/VV+던데/EC+이제/MAG+실감/NNG+할/XSV+ETM+나이/NNG+가/JKS+됐/VV+EP+네/EF+ㅜㅜ/UNKNOWN"
          },
          {
            "id": 16,
            "text": "1 : 맞다 키키 부모님 편찮으시면 제일 크게 오는 거 같네",
            "norm_text": "맞다 키키 부모님 편찮으시면 제일 크게 오는 거 같네",
            "speaker": {
              "id": "1번",
              "sex": "여성",
              "age": "30대"
            },
            "speechAct": "(단언) 주장하기",
            "morpheme": "맞/XPN+다키키/NNP+부모/NNG+님/XSN+편찮/VA+으시/EP+면/EC+제일/MAG+크/VA+게/EC+오/VV+는/ETM+거/NNB+같/VA+네/EC"
          },
          {
            "id": 17,
            "text": "2 : 외동이니까 어릴 적엔 부모님께 의지만 하다가 이제 혼자 부모님 의지가 돼야 함...",
            "norm_text": "외동이니까 어릴 적엔 부모님께 의지만 하다가 이제 혼자 부모님 의지가 돼야 함...",
            "speaker": {
              "id": "2번",
              "sex": "남성",
              "age": "30대"
            },
            "speechAct": "(단언) 주장하기",
            "morpheme": "외동/NNG+이/VCP+니까/EC+어릴/VA+ETM+적/NNB+엔/JKB+JX+부모/NNG+님/XSN+께/JKB+의/JKG+지만/NNG+하/XSV+다가/EC+이제/MAG+혼자/NNG+부모/NNG+님/XSN+의지/NNG+가/JKS+돼야/VV+EC+함/VX+ETN+./SY"
          }
        ]
      }
    }
  ]
}