{
  "dataset": {
    "identifier": 63878,
    "name": "KAKAO_900_07_set",
    "src_path": "/data/file/cubeManager/PROJECT001/53/txt20211005153423009191/KAKAO_900_07_set/",
    "label_path": "/data/file/cubeManager/PROJECT001/53/txt20211005153423009191/KAKAO_900_07_set/",
    "category": 2,
    "type": 0
  },
  "licenses": {
    "name": "Apache License 1.0",
    "url": "http://www.apache.org/licenses/LICENSE-1.0"
  },
  "info": [
    {
      "id": 41464,
      "filename": "KAKAO_900_07.txt",
      "title": "KAKAO_900_07",
      "mediatype": "SNS",
      "medianame": "카카오톡",
      "category": "일상대화",
      "date": "2021-10-05",
      "size": 462,
      "annotations": {
        "subject": "가족",
        "speaker_type": "1:1",
        "size": 462,
        "word_size": 148,
        "text": "1 : 너희 부모님은 막 교육에 열정적이었어?\n2 : 아버지가 완전... 키키 숨 막힐 정도로 키키\n1 : 아 진짜? 키키 난 막내라서 그런가 그냥 내팽겨져 있어\n2 : 키키 막내의 특권이라고도 볼 수 있다 생각해\n1 : 그런가 봐 키키 다들 누나 결혼하고 하니까 정신 없어서\n2 : 아 그럴 수도 키키 내팽겨져서 섭섭했어? 키키\n1 : 아니 아주 좋았음 키키 자유다 키키\n2 : 키키 그치? 역시 키키 막내가 좋았어 키키\n1 : 맞아 키키 그래도 아주 누나의 심부름꾼이었지\n2 : 키키 특권을 누리려면 대가가 필요해 키키\n1 : 휴 그렇겠지 키키 진짜 누나는 심했다 키키\n2 : 키키 나이 차 좀 많이 나지?\n1 : 키키 엉 10살 차이 키키 술 먹고 들어오면 맨날 떡볶이 사오라고 하고\n2 : 키키 반항은 절대 불가 키키\n1 : 맞아... 그래 놓고 사 오면 자고 있어... 그러면 내가 다 먹어...\n2 : 키키 착한데? 누나가 진짜 편했겠다 키키",
        "lines": [
          {
            "id": 1,
            "text": "1 : 너희 부모님은 막 교육에 열정적이었어?",
            "norm_text": "너희 부모님은 막 교육에 열정적이었어?",
            "speaker": {
              "id": "1번",
              "sex": "남성",
              "age": "20대"
            },
            "speechAct": "(지시) 질문하기",
            "morpheme": "너희/NP+부모/NNG+님/XSN+은/JX+막/MAJ+교육/NNG+에/JKB+열정/NNG+적/XSN+이/VCP+었/EP+어/EF"
          },
          {
            "id": 2,
            "text": "2 : 아버지가 완전... 키키 숨 막힐 정도로 키키",
            "norm_text": "아버지가 완전... 키키 숨 막힐 정도로 키키",
            "speaker": {
              "id": "2번",
              "sex": "여성",
              "age": "20대"
            },
            "speechAct": "(단언) 주장하기",
            "morpheme": "아버지/NNG+가/JKS+완전/MAG+./SY+키키숨막힐정도로키키/UNKNOWN"
          },
          {
            "id": 3,
            "text": "1 : 아 진짜? 키키 난 막내라서 그런가 그냥 내팽겨져 있어",
            "norm_text": "아 진짜? 키키 난 막내라서 그런가 그냥 내팽겨져 있어",
            "speaker": {
              "id": "1번",
              "sex": "남성",
              "age": "20대"
            },
            "speechAct": "(단언) 주장하기",
            "morpheme": "아/IC+진짜/MAG+키키난막내라서그런가그냥내팽겨져있어/UNKNOWN"
          },
          {
            "id": 4,
            "text": "2 : 키키 막내의 특권이라고도 볼 수 있다 생각해",
            "norm_text": "키키 막내의 특권이라고도 볼 수 있다 생각해",
            "speaker": {
              "id": "2번",
              "sex": "여성",
              "age": "20대"
            },
            "speechAct": "(단언) 주장하기",
            "morpheme": "키/NNG+키/NNG+막내/NNG+의/JKG+특권/NNG+이/VCP+라고/EC+도/JX+볼/VV+ETM+수/NNB+있/VV+다/EC+생각/NNG+해/XSV+EC"
          },
          {
            "id": 5,
            "text": "1 : 그런가 봐 키키 다들 누나 결혼하고 하니까 정신 없어서",
            "norm_text": "그런가 봐 키키 다들 누나 결혼하고 하니까 정신 없어서",
            "speaker": {
              "id": "1번",
              "sex": "남성",
              "age": "20대"
            },
            "speechAct": "(단언) 진술하기",
            "morpheme": "그런가/VA+EC+봐/VX+EF+키/MAG+키/VV+다/EC+들/VV+누나/EC+결혼/NNG+하/XSV+고/EC+하/VV+니까/EC+정신없/VV+어서/EC"
          },
          {
            "id": 6,
            "text": "2 : 아 그럴 수도 키키 내팽겨져서 섭섭했어? 키키",
            "norm_text": "아 그럴 수도 키키 내팽겨져서 섭섭했어? 키키",
            "speaker": {
              "id": "2번",
              "sex": "여성",
              "age": "20대"
            },
            "speechAct": "(지시) 질문하기",
            "morpheme": "아그럴수도키키내팽겨져서섭섭했어/UNKNOWN+키/NNG+키/XSV+ETN"
          },
          {
            "id": 7,
            "text": "1 : 아니 아주 좋았음 키키 자유다 키키",
            "norm_text": "아니 아주 좋았음 키키 자유다 키키",
            "speaker": {
              "id": "1번",
              "sex": "남성",
              "age": "20대"
            },
            "speechAct": "(단언) 주장하기",
            "morpheme": "아니/IC+아주/MAG+좋/VA+았/EP+음/ETN+키/NNG+키/NNG+자유/NNG+다키키/NNP"
          },
          {
            "id": 8,
            "text": "2 : 키키 그치? 역시 키키 막내가 좋았어 키키",
            "norm_text": "키키 그치? 역시 키키 막내가 좋았어 키키",
            "speaker": {
              "id": "2번",
              "sex": "여성",
              "age": "20대"
            },
            "speechAct": "(단언) 주장하기",
            "morpheme": "키/NNG+키/XSV+ETN+그치/IC+역시/MAJ+키/NNG+키/NNG+막내/NNG+가/JKS+좋/VA+았/EP+어/EC+키/NNG+키/XSV+ETN"
          },
          {
            "id": 9,
            "text": "1 : 맞아 키키 그래도 아주 누나의 심부름꾼이었지",
            "norm_text": "맞아 키키 그래도 아주 누나의 심부름꾼이었지",
            "speaker": {
              "id": "1번",
              "sex": "남성",
              "age": "20대"
            },
            "speechAct": "(단언) 진술하기",
            "morpheme": "맞/VV+아/EC+키/NNG+키/XSV+ETN+그래도/MAJ+아주/MAG+누나/NNG+의/JKG+심부름/NNG+꾼/XSN+이/VCP+었/EP+지/EC"
          },
          {
            "id": 10,
            "text": "2 : 키키 특권을 누리려면 대가가 필요해 키키",
            "norm_text": "키키 특권을 누리려면 대가가 필요해 키키",
            "speaker": {
              "id": "2번",
              "sex": "여성",
              "age": "20대"
            },
            "speechAct": "(단언) 진술하기",
            "morpheme": "키/NNG+키/NNG+특권/NNG+을/JKO+누리/VV+려면/EC+대가/NNG+가/JKS+필요/NNG+해/XSV+EC+키/NNG+키/XSV+ETN"
          },
          {
            "id": 11,
            "text": "1 : 휴 그렇겠지 키키 진짜 누나는 심했다 키키",
            "norm_text": "휴 그렇겠지 키키 진짜 누나는 심했다 키키",
            "speaker": {
              "id": "1번",
              "sex": "남성",
              "age": "20대"
            },
            "speechAct": "(단언) 진술하기",
            "morpheme": "휴/IC+그렇/VA+겠/EP+지/EC+키/NNG+키/XSV+ETN+진짜/MAG+누나/NNG+는/JX+심했/VA+EP+다키키/NNP"
          },
          {
            "id": 12,
            "text": "2 : 키키 나이 차 좀 많이 나지?",
            "norm_text": "키키 나이 차 좀 많이 나지?",
            "speaker": {
              "id": "2번",
              "sex": "여성",
              "age": "20대"
            },
            "speechAct": "(지시) 질문하기",
            "morpheme": "키/NNG+키나/XSA+ETN+JX+이/NR+차/NNBC+좀/MAG+많이/MAG+나/NP+지/VCP+EF"
          },
          {
            "id": 13,
            "text": "1 : 키키 엉 10살 차이 키키 술 먹고 들어오면 맨날 떡볶이 사오라고 하고",
            "norm_text": "키키 엉 10살 차이 키키 술 먹고 들어오면 맨날 떡볶이 사오라고 하고",
            "speaker": {
              "id": "1번",
              "sex": "남성",
              "age": "20대"
            },
            "speechAct": "(단언) 진술하기",
            "morpheme": "키/NNG+키/VV+엉/EC+10/SN+살차이키키술먹고들어오면맨날떡볶이사오라고하고/UNKNOWN"
          },
          {
            "id": 14,
            "text": "2 : 키키 반항은 절대 불가 키키",
            "norm_text": "키키 반항은 절대 불가 키키",
            "speaker": {
              "id": "2번",
              "sex": "여성",
              "age": "20대"
            },
            "speechAct": "(단언) 진술하기",
            "morpheme": "키/NNG+키/NNG+반항/NNG+은/JX+절대/MAG+불가/NNG+키/NNG+키/XSV+ETN"
          },
          {
            "id": 15,
            "text": "1 : 맞아... 그래 놓고 사 오면 자고 있어... 그러면 내가 다 먹어...",
            "norm_text": "맞아... 그래 놓고 사 오면 자고 있어... 그러면 내가 다 먹어...",
            "speaker": {
              "id": "1번",
              "sex": "남성",
              "age": "20대"
            },
            "speechAct": "(단언) 진술하기",
            "morpheme": "맞/VV+아/EF+./SY+그래/VA+EC+놓/VX+고/EC+사/VV+EC+오/VV+면/EC+자/VV+고/EC+있/VX+어/EF+./SY+그러면/MAJ+내/NP+가/JKS+다/MAG+먹/VV+어/EF+./SY"
          },
          {
            "id": 16,
            "text": "2 : 키키 착한데? 누나가 진짜 편했겠다 키키",
            "norm_text": "키키 착한데? 누나가 진짜 편했겠다 키키",
            "speaker": {
              "id": "2번",
              "sex": "여성",
              "age": "20대"
            },
            "speechAct": "(단언) 주장하기",
            "morpheme": "키/NNG+키/XSV+ETN+착한데/VA+EC+?/SY+누나/NNG+가/JKS+진짜/MAG+편했/VA+EP+겠/EP+다키키/NNP"
          }
        ]
      }
    }
  ]
}