{
  "dataset": {
    "identifier": 61810,
    "name": "KAKAO_921_05_set",
    "src_path": "/data/file/cubeManager/PROJECT001/53/txt20211005161403033937/KAKAO_921_05_set/",
    "label_path": "/data/file/cubeManager/PROJECT001/53/txt20211005161403033937/KAKAO_921_05_set/",
    "category": 2,
    "type": 0
  },
  "licenses": {
    "name": "Apache License 1.0",
    "url": "http://www.apache.org/licenses/LICENSE-1.0"
  },
  "info": [
    {
      "id": 41982,
      "filename": "KAKAO_921_05.txt",
      "title": "KAKAO_921_05",
      "mediatype": "SNS",
      "medianame": "카카오톡",
      "category": "일상대화",
      "date": "2021-10-05",
      "size": 982,
      "annotations": {
        "subject": "군대",
        "speaker_type": "1:1",
        "size": 982,
        "word_size": 314,
        "text": "1 : 거침없이 하이킥 보는데 윤호가 공군 파일럿 되고 싶다면서 맹장수술 안 받겠다고 하는 거 보고 찾아보니까 실제로는 맹장수술 해도 공군 될 수 있다고 하더라고 키키\n2 : 아 그래? 난 맹장수술이랑 공군 파일럿이랑 상관이 있는지도 몰랐어 키키 신기하다\n2 : 근데 그때는 그랬던 건가?\n1 : 아 키키 그 전투기 조종사는 상처 자국이 남으면 안돼서 그런 건데 공군이 된다고 다 조종사 하는 건 아니라서 괜찮대 키키\n2 : 그렇구나 키키\n2 : 근데 공군은 가서 무슨 훈련을 받아?\n1 : 육군하고 크게 차이는 없다넹 키키\n1 : 막 강하훈련 그런 건 특수한 경우에만 한대 키키\n2 : 아 난 원래 육군만 알고 있었는데 키키\n2 : 이번에 드라마 때문에 헌병이 따로 있는 것도 처음 알았어\n1 : 키키 군대 얘기 재밌당 키키\n1 : 난 가끔 군부대 지나다닐 때 헌병 모자 쓴 군인들 보면 무섭더라구 키키\n2 : 아 근데 그 헌병 모자? 헬멧? 그런 거 쓴 거 보면 괜히 드라마나 영화에서 계엄군? 모습이 생각나서 나도 무섭더라구\n1 : 맞아 ㅜ 근데 드라마 보니까 그것도 결국 육군 간 어린 애들이 보직 맡은 거일 뿐이라는 걸 알게 돼썽 키키\n2 : 아 그렇구나 ㅠ\n2 : 나는 예전엔 의경이 진짜 경찰인 줄 알았었는데 그것도 군대 종류 중에 하나더라구 키키\n1 : 키키 나도 관심 없을 때는 진짜 기본적인 것도 모르고 있었는데 최근 들어 다 알게 되넹 키키\n1 : 디피 드라마 자꾸 생각난당 키키\n2 : 응 그 드라마가 군에 대해 잘 모르는 여자들도 관심을 가져 주게 한 거 같아 키키\n1 : 맞아 키키 난 그래서 지금 유튜브에도 계속 영상 찾아보고 있엉 키키\n1 : 여운이 장난 아니양\n2 : 그치 키키 나도 디피 영상 떠 있으면 무조건 그냥 봐 다 봤던 건데 보고 또 보고 키키\n1 : 키키 연기를 다 잘해서 그런 것 같아\n1 : 그냥 군대생활 리얼로 보여주는 다큐 같았어\n2 : 시즌2도 제작 한다고 하니까 이 관심이 계속 이어져서 그 드라마 안에 나오는 문제가 해결이 됐으면 좋겠다 키키",
        "lines": [
          {
            "id": 1,
            "text": "1 : 거침없이 하이킥 보는데 윤호가 공군 파일럿 되고 싶다면서 맹장수술 안 받겠다고 하는 거 보고 찾아보니까 실제로는 맹장수술 해도 공군 될 수 있다고 하더라고 키키",
            "norm_text": "거침없이 하이킥 보는데 윤호가 공군 파일럿 되고 싶다면서 맹장수술 안 받겠다고 하는 거 보고 찾아보니까 실제로는 맹장수술 해도 공군 될 수 있다고 하더라고 키키",
            "speaker": {
              "id": "1번",
              "sex": "여성",
              "age": "20대"
            },
            "speechAct": "(단언) 진술하기",
            "morpheme": "거침없이/MAG+하이/IC+킥/MAG+보/VV+는데/EC+윤호/NNP+가/JKS+공군/NNG+파일럿/NNG+되/XSV+고/EC+싶/VX+다면서/EC+맹장/NNG+수술/NNG+안/MAG+받/VV+겠/EP+다고/EC+하/VV+는/ETM+거/NNB+보고/JKB+찾아보/VV+니까/EC+실제로/MAG+는/JX+맹장/NNG+수술/NNG+해도/XSV+EC+공군/NNG+될/XSV+ETM+수/NNB+있/VV+다고/EC+하/VV+더라고/EC+키/NNG+키/XSV+ETN"
          },
          {
            "id": 2,
            "text": "2 : 아 그래? 난 맹장수술이랑 공군 파일럿이랑 상관이 있는지도 몰랐어 키키 신기하다",
            "norm_text": "아 그래? 난 맹장수술이랑 공군 파일럿이랑 상관이 있는지도 몰랐어 키키 신기하다",
            "speaker": {
              "id": "2번",
              "sex": "여성",
              "age": "20대"
            },
            "speechAct": "(단언) 주장하기",
            "morpheme": "아/IC+그래/IC+난/NP+JX+맹장/NNG+수술/NNG+이랑/JKB+공군/NNG+파일럿/NNG+이랑/JKB+상관/NNG+이/JKS+있/VV+는지/EC+도/JX+몰랐/VV+EP+어/EC+키/NNG+키/XSV+ETN+신기/XR+하/XSA+다/EC"
          },
          {
            "id": 3,
            "text": "2 : 근데 그때는 그랬던 건가?",
            "norm_text": "근데 그때는 그랬던 건가?",
            "speaker": {
              "id": "2번",
              "sex": "여성",
              "age": "20대"
            },
            "speechAct": "(지시) 질문하기",
            "morpheme": "근데/MAJ+그때/NNG+는/JX+그랬/VV+EP+던/ETM+건가/NNB+VCP+EF"
          },
          {
            "id": 4,
            "text": "1 : 아 키키 그 전투기 조종사는 상처 자국이 남으면 안돼서 그런 건데 공군이 된다고 다 조종사 하는 건 아니라서 괜찮대 키키",
            "norm_text": "아 키키 그 전투기 조종사는 상처 자국이 남으면 안돼서 그런 건데 공군이 된다고 다 조종사 하는 건 아니라서 괜찮대 키키",
            "speaker": {
              "id": "1번",
              "sex": "여성",
              "age": "20대"
            },
            "speechAct": "(단언) 진술하기",
            "morpheme": "아키/NNP+키/NNG+그/MM+전투기/NNG+조종사/NNG+는/JX+상처/NNG+자국/NNG+이/JKS+남/VV+으면/EC+안/MAG+돼서/VV+EC+그런/MM+건데/NNB+VCP+EC+공군/NNG+이/JKS+된다고/VV+EC+다/MAG+조종사/NNG+하/XSV+는/ETM+건/NNB+JX+아니/VCN+라서/EC+괜찮/VA+대/EF+키/NNG+키/XSV+ETN"
          },
          {
            "id": 5,
            "text": "2 : 그렇구나 키키",
            "norm_text": "그렇구나 키키",
            "speaker": {
              "id": "2번",
              "sex": "여성",
              "age": "20대"
            },
            "speechAct": "(단언) 주장하기",
            "morpheme": "그렇/VA+구나/EF+키/NNG+키/XSV+ETN"
          },
          {
            "id": 6,
            "text": "2 : 근데 공군은 가서 무슨 훈련을 받아?",
            "norm_text": "근데 공군은 가서 무슨 훈련을 받아?",
            "speaker": {
              "id": "2번",
              "sex": "여성",
              "age": "20대"
            },
            "speechAct": "(지시) 질문하기",
            "morpheme": "근데/MAJ+공군/NNG+은/JX+가/VV+서/EC+무슨/MM+훈련/NNG+을/JKO+받/VV+아/EF"
          },
          {
            "id": 7,
            "text": "1 : 육군하고 크게 차이는 없다넹 키키",
            "norm_text": "육군하고 크게 차이는 없다넹 키키",
            "speaker": {
              "id": "1번",
              "sex": "여성",
              "age": "20대"
            },
            "speechAct": "(단언) 진술하기",
            "morpheme": "육군/NNG+하/XSV+고/EC+크/VA+게/EC+차이/NNG+는/JX+없/VA+다/EC+넹/NNP+키키/NNP"
          },
          {
            "id": 8,
            "text": "1 : 막 강하훈련 그런 건 특수한 경우에만 한대 키키",
            "norm_text": "막 강하훈련 그런 건 특수한 경우에만 한대 키키",
            "speaker": {
              "id": "1번",
              "sex": "여성",
              "age": "20대"
            },
            "speechAct": "(단언) 진술하기",
            "morpheme": "막강/NNG+하/XSV+훈련/NNG+그런/MM+건/NNB+JX+특수/NNG+한/XSA+ETM+경우/NNG+에/JKB+만/JX+한대/VV+EC+키/NNG+키/XSV+ETN"
          },
          {
            "id": 9,
            "text": "2 : 아 난 원래 육군만 알고 있었는데 키키",
            "norm_text": "아 난 원래 육군만 알고 있었는데 키키",
            "speaker": {
              "id": "2번",
              "sex": "여성",
              "age": "20대"
            },
            "speechAct": "(단언) 주장하기",
            "morpheme": "아/IC+난/NP+JX+원래/MAG+육군/NNG+만/JX+알/VV+고/EC+있/VX+었/EP+는데/EC+키/NNG+키/XSV+ETN"
          },
          {
            "id": 10,
            "text": "2 : 이번에 드라마 때문에 헌병이 따로 있는 것도 처음 알았어",
            "norm_text": "이번에 드라마 때문에 헌병이 따로 있는 것도 처음 알았어",
            "speaker": {
              "id": "2번",
              "sex": "여성",
              "age": "20대"
            },
            "speechAct": "(단언) 주장하기",
            "morpheme": "이번/NNG+에/JKB+드라마/NNG+때문/NNB+에/JKB+헌병/NNG+이/JKS+따로/MAG+있/VV+는/ETM+것/NNB+도/JX+처음/MAG+알/VV+았/EP+어/EC"
          },
          {
            "id": 11,
            "text": "1 : 키키 군대 얘기 재밌당 키키",
            "norm_text": "키키 군대 얘기 재밌당 키키",
            "speaker": {
              "id": "1번",
              "sex": "여성",
              "age": "20대"
            },
            "speechAct": "(단언) 주장하기",
            "morpheme": "키/NNG+키/NNG+군대/NNG+얘기/NNG+재밌/VA+당/EF+키/NNG+키/XSV+ETN"
          },
          {
            "id": 12,
            "text": "1 : 난 가끔 군부대 지나다닐 때 헌병 모자 쓴 군인들 보면 무섭더라구 키키",
            "norm_text": "난 가끔 군부대 지나다닐 때 헌병 모자 쓴 군인들 보면 무섭더라구 키키",
            "speaker": {
              "id": "1번",
              "sex": "여성",
              "age": "20대"
            },
            "speechAct": "(단언) 주장하기",
            "morpheme": "난/NP+JX+가끔/MAG+군부대/NNG+지나다닐/VV+ETM+때/NNG+헌병/NNG+모자/NNG+쓴/VV+ETM+군인/NNG+들/XSN+보/VV+면/EC+무섭/VA+더라구/EC+키/NNG+키/XSV+ETN"
          },
          {
            "id": 13,
            "text": "2 : 아 근데 그 헌병 모자? 헬멧? 그런 거 쓴 거 보면 괜히 드라마나 영화에서 계엄군? 모습이 생각나서 나도 무섭더라구",
            "norm_text": "아 근데 그 헌병 모자? 헬멧? 그런 거 쓴 거 보면 괜히 드라마나 영화에서 계엄군? 모습이 생각나서 나도 무섭더라구",
            "speaker": {
              "id": "2번",
              "sex": "여성",
              "age": "20대"
            },
            "speechAct": "(단언) 주장하기",
            "morpheme": "아/IC+근데/MAJ+그/MM+헌병/NNG+모자/NNG+?/SY+헬멧/NNG+그런/MM+거/NNB+쓴/VV+ETM+거/NNB+보/VV+면/EC+괜히/MAG+드라마/NNG+나/JC+영화/NNG+에서/JKB+계엄군/NNG+?/SY+모습/NNG+이/JKS+생각나/VV+서/EC+나/NP+도/JX+무섭/VA+더라구/EC"
          },
          {
            "id": 14,
            "text": "1 : 맞아 ㅜ 근데 드라마 보니까 그것도 결국 육군 간 어린 애들이 보직 맡은 거일 뿐이라는 걸 알게 돼썽 키키",
            "norm_text": "맞아 ㅜ 근데 드라마 보니까 그것도 결국 육군 간 어린 애들이 보직 맡은 거일 뿐이라는 걸 알게 돼썽 키키",
            "speaker": {
              "id": "1번",
              "sex": "여성",
              "age": "20대"
            },
            "speechAct": "(단언) 주장하기",
            "morpheme": "맞/VV+아/EC+ㅜ/UNKNOWN+근데/MAJ+드라마/NNG+보/VV+니까/EC+그것/NP+도/JX+결국/NNG+육군/NNG+간/NNB+어린애/NNG+들/XSN+이/JKS+보직/NNG+맡/VV+은/ETM+거/NNB+일/VCP+ETM+뿐/NNB+이/VCP+라는/ETM+걸/NNB+JKO+알/VV+게/EC+돼/VV+EF+썽키/UNKNOWN+키/NNG"
          },
          {
            "id": 15,
            "text": "2 : 아 그렇구나 ㅠ",
            "norm_text": "아 그렇구나 ㅠ",
            "speaker": {
              "id": "2번",
              "sex": "여성",
              "age": "20대"
            },
            "speechAct": "(단언) 주장하기",
            "morpheme": "아그렇구나ㅠ/UNKNOWN"
          },
          {
            "id": 16,
            "text": "2 : 나는 예전엔 의경이 진짜 경찰인 줄 알았었는데 그것도 군대 종류 중에 하나더라구 키키",
            "norm_text": "나는 예전엔 의경이 진짜 경찰인 줄 알았었는데 그것도 군대 종류 중에 하나더라구 키키",
            "speaker": {
              "id": "2번",
              "sex": "여성",
              "age": "20대"
            },
            "speechAct": "(단언) 진술하기",
            "morpheme": "나/NP+는/JX+예전/NNG+엔/JKB+JX+의경/NNG+이/JKS+진짜/MAG+경찰/NNG+인/VCP+ETM+줄/NNB+알/VV+았었/EP+는데/EC+그것/NP+도/JX+군대/NNG+종류/NNG+중/NNB+에/JKB+하나/NR+더라구/VCP+EC+키/NNG+키/XSV+ETN"
          },
          {
            "id": 17,
            "text": "1 : 키키 나도 관심 없을 때는 진짜 기본적인 것도 모르고 있었는데 최근 들어 다 알게 되넹 키키",
            "norm_text": "키키 나도 관심 없을 때는 진짜 기본적인 것도 모르고 있었는데 최근 들어 다 알게 되넹 키키",
            "speaker": {
              "id": "1번",
              "sex": "여성",
              "age": "20대"
            },
            "speechAct": "(단언) 주장하기",
            "morpheme": "키/NNG+키나/XSA+ETN+JX+도/JX+관심없/VV+을/ETM+때/NNG+는/JX+진짜/MAG+기본/NNG+적/XSN+인/VCP+ETM+것/NNB+도/JX+모르/VV+고/EC+있/VX+었/EP+는데/EC+최근/NNG+들/VV+어다/EC+알/VV+게/EC+되넹/UNKNOWN+키/NNG+키/XSV+ETN"
          },
          {
            "id": 18,
            "text": "1 : 디피 드라마 자꾸 생각난당 키키",
            "norm_text": "디피 드라마 자꾸 생각난당 키키",
            "speaker": {
              "id": "1번",
              "sex": "여성",
              "age": "20대"
            },
            "speechAct": "(단언) 주장하기",
            "morpheme": "디피/NNG+드라마/NNG+자꾸/MAG+생각/NNG+난당/NNG+키/NNG+키/XSV+ETN"
          },
          {
            "id": 19,
            "text": "2 : 응 그 드라마가 군에 대해 잘 모르는 여자들도 관심을 가져 주게 한 거 같아 키키",
            "norm_text": "응 그 드라마가 군에 대해 잘 모르는 여자들도 관심을 가져 주게 한 거 같아 키키",
            "speaker": {
              "id": "2번",
              "sex": "여성",
              "age": "20대"
            },
            "speechAct": "(단언) 주장하기",
            "morpheme": "응/IC+그/MM+드라마/NNG+가/JKS+군/NNG+에/JKB+대해/VV+EC+잘/MAG+모르/VV+는/ETM+여자/NNG+들/XSN+도/JX+관심/NNG+을/JKO+가져/VV+EC+주/VX+게/EC+한/VX+ETM+거/NNB+같/VA+아/EC+키/NNG+키/XSV+ETN"
          },
          {
            "id": 20,
            "text": "1 : 맞아 키키 난 그래서 지금 유튜브에도 계속 영상 찾아보고 있엉 키키",
            "norm_text": "맞아 키키 난 그래서 지금 유튜브에도 계속 영상 찾아보고 있엉 키키",
            "speaker": {
              "id": "1번",
              "sex": "여성",
              "age": "20대"
            },
            "speechAct": "(단언) 주장하기",
            "morpheme": "맞/VV+아/EC+키/NNG+키/XSV+ETN+난/NP+JX+그래서/MAJ+지금/MAG+유튜브/NNP+에/JKB+도/JX+계속/MAG+영상/NNG+찾아보/VV+고/EC+있/VX+엉/EC+키/NNG+키/XSV+ETN"
          },
          {
            "id": 21,
            "text": "1 : 여운이 장난 아니양",
            "norm_text": "여운이 장난 아니양",
            "speaker": {
              "id": "1번",
              "sex": "여성",
              "age": "20대"
            },
            "speechAct": "(단언) 주장하기",
            "morpheme": "여운/NNG+이/JKS+장난/NNG+아니/IC+양/NNG"
          },
          {
            "id": 22,
            "text": "2 : 그치 키키 나도 디피 영상 떠 있으면 무조건 그냥 봐 다 봤던 건데 보고 또 보고 키키",
            "norm_text": "그치 키키 나도 디피 영상 떠 있으면 무조건 그냥 봐 다 봤던 건데 보고 또 보고 키키",
            "speaker": {
              "id": "2번",
              "sex": "여성",
              "age": "20대"
            },
            "speechAct": "(단언) 주장하기",
            "morpheme": "그치/IC+키/NNG+키나/XSA+ETN+JX+도/JX+디피/NNG+영상/NNG+떠/VV+EC+있/VX+으면/EC+무조건/MAG+그냥/MAG+봐/VV+EC+다/MAG+봤/VV+EP+던/ETM+건데/NNB+VCP+EC+보/VX+고/EC+또/MAG+보/VV+고/EC+키/NNG+키/XSV+ETN"
          },
          {
            "id": 23,
            "text": "1 : 키키 연기를 다 잘해서 그런 것 같아",
            "norm_text": "키키 연기를 다 잘해서 그런 것 같아",
            "speaker": {
              "id": "1번",
              "sex": "여성",
              "age": "20대"
            },
            "speechAct": "(단언) 주장하기",
            "morpheme": "키/NNG+키/NNG+연기/NNG+를/JKO+다/MAG+잘/MAG+해서/VV+EC+그런/MM+것/NNB+같/VA+아/EC"
          },
          {
            "id": 24,
            "text": "1 : 그냥 군대생활 리얼로 보여주는 다큐 같았어",
            "norm_text": "그냥 군대생활 리얼로 보여주는 다큐 같았어",
            "speaker": {
              "id": "1번",
              "sex": "여성",
              "age": "20대"
            },
            "speechAct": "(단언) 주장하기",
            "morpheme": "그냥/MAG+군대/NNG+생활/NNG+리얼/NNG+로/JKB+보여/VV+EC+주/VX+는/ETM+다큐/NNG+같/VA+았/EP+어/EC"
          },
          {
            "id": 25,
            "text": "2 : 시즌2도 제작 한다고 하니까 이 관심이 계속 이어져서 그 드라마 안에 나오는 문제가 해결이 됐으면 좋겠다 키키",
            "norm_text": "시즌2도 제작 한다고 하니까 이 관심이 계속 이어져서 그 드라마 안에 나오는 문제가 해결이 됐으면 좋겠다 키키",
            "speaker": {
              "id": "2번",
              "sex": "여성",
              "age": "20대"
            },
            "speechAct": "(단언) 주장하기",
            "morpheme": "시즌/NNG+2/SN+도/NNBC+제작/NNG+한다고/XSV+EC+하/VV+니까/EC+이/MM+관심/NNG+이/JKS+계속/MAG+이어져서/VV+EC+그/MM+드라마/NNG+안/NNG+에/JKB+나오/VV+는/ETM+문제/NNG+가/JKS+해결/NNG+이/JKS+됐/VV+EP+으면/EC+좋/VA+겠/EP+다키키/NNP"
          }
        ]
      }
    }
  ]
}