{
  "dataset": {
    "identifier": 63166,
    "name": "KAKAO_917_06_set",
    "src_path": "/data/file/cubeManager/PROJECT001/53/txt20211005154939016142/KAKAO_917_06_set/",
    "label_path": "/data/file/cubeManager/PROJECT001/53/txt20211005154939016142/KAKAO_917_06_set/",
    "category": 2,
    "type": 0
  },
  "licenses": {
    "name": "Apache License 1.0",
    "url": "http://www.apache.org/licenses/LICENSE-1.0"
  },
  "info": [
    {
      "id": 41763,
      "filename": "KAKAO_917_06.txt",
      "title": "KAKAO_917_06",
      "mediatype": "SNS",
      "medianame": "카카오톡",
      "category": "일상대화",
      "date": "2021-10-05",
      "size": 556,
      "annotations": {
        "subject": "교육",
        "speaker_type": "1:1",
        "size": 556,
        "word_size": 173,
        "text": "1 : 나는 유치원 교사나 초등학교 선생님 했으면 잘했을 듯 키키\n2 : 어울리는데? 그런 꿈 가진 적 없나?\n1 : 유치원 교사는 생각했었는데 아빠가 말려서 포기했다 키키\n2 : 왜 말리셨어? 잘할 거 같은데\n1 : 유치원 교사랑 간호사 말렸었는데 왜 말린진 몰라도 안 한 게 나은 듯\n2 : 내 친구 유치원 선생님인데 스트레스 많이 받아 하긴 하더라 ㅜ\n1 : 맞다 ㅠㅠ 그런 것 때문에도 있고 요즘 뉴스에도 계속 안 좋은 얘기들만 나오고\n2 : 옛날에는 이런 일 없었겠제?\n2 : 유치원 선생님도 힘들기는 할 거 같다\n1 : 맞다 보기에는 쉬워 보이는데 진짜 파고들면 힘들 듯 ㅠㅠ\n2 : 아버지가 스트레스 많이 받는 직업인 거 알고 말리셨나 보다 ㅜ\n1 : 그러니까 키키 선견지명이 있으셨다 키키\n2 : 키키 아버지한테 감사하다고 말씀드려라\n1 : 키키 안 그래도 며칠 전에 얘기 나왔었다\n1 : 아빠 말 듣길 잘했다고 했지 키키\n2 : 키키 우리 아버지는 교사 쪽으로 가라고 어릴 때 말씀하셨는데 말 들을걸...\n1 : 키키 중고등 교사는 할만할 것 같다... 말 듣지...\n2 : 초등학교가 더 괜찮을 거 같은데?",
        "lines": [
          {
            "id": 1,
            "text": "1 : 나는 유치원 교사나 초등학교 선생님 했으면 잘했을 듯 키키",
            "norm_text": "나는 유치원 교사나 초등학교 선생님 했으면 잘했을 듯 키키",
            "speaker": {
              "id": "1번",
              "sex": "여성",
              "age": "20대"
            },
            "speechAct": "(단언) 진술하기",
            "morpheme": "나/NP+는/JX+유치원/NNG+교사/NNG+나/JC+초등/NNG+학교/NNG+선생/NNG+님/XSN+했/VV+EP+으면/EC+잘/MAG+했/VV+EP+을/ETM+듯/NNB+키/NNG+키/XSV+ETN"
          },
          {
            "id": 2,
            "text": "2 : 어울리는데? 그런 꿈 가진 적 없나?",
            "norm_text": "어울리는데? 그런 꿈 가진 적 없나?",
            "speaker": {
              "id": "2번",
              "sex": "남성",
              "age": "30대"
            },
            "speechAct": "(지시) 질문하기",
            "morpheme": "어울리/VV+는데/EC+그런/MM+꿈/NNG+가진/VV+ETM+적/NNB+없/VA+나/EF"
          },
          {
            "id": 3,
            "text": "1 : 유치원 교사는 생각했었는데 아빠가 말려서 포기했다 키키",
            "norm_text": "유치원 교사는 생각했었는데 아빠가 말려서 포기했다 키키",
            "speaker": {
              "id": "1번",
              "sex": "여성",
              "age": "20대"
            },
            "speechAct": "(단언) 진술하기",
            "morpheme": "유치원/NNG+교사/NNG+는/JX+생각/NNG+했었/XSV+EP+는데/EC+아빠/NNG+가/JKS+말려서/VV+EC+포기/NNG+했/XSV+EP+다키키/NNP"
          },
          {
            "id": 4,
            "text": "2 : 왜 말리셨어? 잘할 거 같은데",
            "norm_text": "왜 말리셨어? 잘할 거 같은데",
            "speaker": {
              "id": "2번",
              "sex": "남성",
              "age": "30대"
            },
            "speechAct": "(지시) 질문하기",
            "morpheme": "왜/MAG+말리/VV+셨/EP+EP+어/EF+잘/MAG+할/VV+ETM+거/NNB+같/VA+은데/EC"
          },
          {
            "id": 5,
            "text": "1 : 유치원 교사랑 간호사 말렸었는데 왜 말린진 몰라도 안 한 게 나은 듯",
            "norm_text": "유치원 교사랑 간호사 말렸었는데 왜 말린진 몰라도 안 한 게 나은 듯",
            "speaker": {
              "id": "1번",
              "sex": "여성",
              "age": "20대"
            },
            "speechAct": "(단언) 진술하기",
            "morpheme": "유치원/NNG+교사/NNG+랑/JKB+간호사/NNG+말렸/VV+EP+었/EP+는데/EC+왜/MAG+말린/VV+ETM+진몰/NNG+라도/VCP+EC+안/MAG+한/VV+ETM+게/NNB+JKS+나/VA+은/ETM+듯/NNB"
          },
          {
            "id": 6,
            "text": "2 : 내 친구 유치원 선생님인데 스트레스 많이 받아 하긴 하더라 ㅜ",
            "norm_text": "내 친구 유치원 선생님인데 스트레스 많이 받아 하긴 하더라 ㅜ",
            "speaker": {
              "id": "2번",
              "sex": "남성",
              "age": "30대"
            },
            "speechAct": "(단언) 진술하기",
            "morpheme": "내/NP+JKG+친구/NNG+유치원/NNG+선생/NNG+님/XSN+인데/VCP+EC+스트레스/NNG+많이/MAG+받/VV+아/EC+하/VV+긴/ETN+JX+하/VX+더라/EF+ㅜ/UNKNOWN"
          },
          {
            "id": 7,
            "text": "1 : 맞다 ㅠㅠ 그런 것 때문에도 있고 요즘 뉴스에도 계속 안 좋은 얘기들만 나오고",
            "norm_text": "맞다 ㅠㅠ 그런 것 때문에도 있고 요즘 뉴스에도 계속 안 좋은 얘기들만 나오고",
            "speaker": {
              "id": "1번",
              "sex": "여성",
              "age": "20대"
            },
            "speechAct": "(단언) 진술하기",
            "morpheme": "맞/VV+다/EF+ㅠㅠ/UNKNOWN+그런/MM+것/NNB+때문/NNB+에/JKB+도/JX+있/VA+고/EC+요즘/NNG+뉴스/NNG+에/JKB+도/JX+계속/MAG+안/MAG+좋/VA+은/ETM+얘기/NNG+들/XSN+만/JX+나오/VV+고/EC"
          },
          {
            "id": 8,
            "text": "2 : 옛날에는 이런 일 없었겠제?",
            "norm_text": "옛날에는 이런 일 없었겠제?",
            "speaker": {
              "id": "2번",
              "sex": "남성",
              "age": "30대"
            },
            "speechAct": "(지시) 질문하기",
            "morpheme": "옛날/NNG+에/JKB+는/JX+이런/MM+일/NNG+없/VA+었/EP+겠/EP+제/EF"
          },
          {
            "id": 9,
            "text": "2 : 유치원 선생님도 힘들기는 할 거 같다",
            "norm_text": "유치원 선생님도 힘들기는 할 거 같다",
            "speaker": {
              "id": "2번",
              "sex": "남성",
              "age": "30대"
            },
            "speechAct": "(단언) 진술하기",
            "morpheme": "유치원/NNG+선생/NNG+님/XSN+도/JX+힘들/VA+기/ETN+는/JX+할/VV+ETM+거/NNB+같/VA+다/EC"
          },
          {
            "id": 10,
            "text": "1 : 맞다 보기에는 쉬워 보이는데 진짜 파고들면 힘들 듯 ㅠㅠ",
            "norm_text": "맞다 보기에는 쉬워 보이는데 진짜 파고들면 힘들 듯 ㅠㅠ",
            "speaker": {
              "id": "1번",
              "sex": "여성",
              "age": "20대"
            },
            "speechAct": "(단언) 진술하기",
            "morpheme": "맞/VV+다/EC+보/VX+기/ETN+에/JKB+는/JX+쉬워/VA+EC+보이/VV+는데/EC+진짜/MAG+파고들/VV+면/EC+힘들/VA+듯/EC+ㅠㅠ/UNKNOWN"
          },
          {
            "id": 11,
            "text": "2 : 아버지가 스트레스 많이 받는 직업인 거 알고 말리셨나 보다 ㅜ",
            "norm_text": "아버지가 스트레스 많이 받는 직업인 거 알고 말리셨나 보다 ㅜ",
            "speaker": {
              "id": "2번",
              "sex": "남성",
              "age": "30대"
            },
            "speechAct": "(단언) 진술하기",
            "morpheme": "아버지/NNG+가/JKS+스트레스/NNG+많이/MAG+받/VV+는/ETM+직업/NNG+인/VCP+ETM+거/NNB+알/VV+고/EC+말리/VX+셨/EP+EP+나/NP+보다/JKB+ㅜ/UNKNOWN"
          },
          {
            "id": 12,
            "text": "1 : 그러니까 키키 선견지명이 있으셨다 키키",
            "norm_text": "그러니까 키키 선견지명이 있으셨다 키키",
            "speaker": {
              "id": "1번",
              "sex": "여성",
              "age": "20대"
            },
            "speechAct": "(단언) 진술하기",
            "morpheme": "그러니까/MAJ+키/NNG+키/NNG+선견지명/NNG+이/JKS+있/VA+으셨/EP+EP+EC+다키키/NNP"
          },
          {
            "id": 13,
            "text": "2 : 키키 아버지한테 감사하다고 말씀드려라",
            "norm_text": "키키 아버지한테 감사하다고 말씀드려라",
            "speaker": {
              "id": "2번",
              "sex": "남성",
              "age": "30대"
            },
            "speechAct": "(지시) 질문하기",
            "morpheme": "키/NNG+키/NNG+아버지/NNG+한테/JKB+감사/NNG+하/XSV+다고/EC+말씀/NNG+드려라/VV+EC"
          },
          {
            "id": 14,
            "text": "1 : 키키 안 그래도 며칠 전에 얘기 나왔었다",
            "norm_text": "키키 안 그래도 며칠 전에 얘기 나왔었다",
            "speaker": {
              "id": "1번",
              "sex": "여성",
              "age": "20대"
            },
            "speechAct": "(단언) 진술하기",
            "morpheme": "키/NNG+키/NNG+안/MAG+그래도/VV+EC+며칠/NNG+전/NNG+에/JKB+얘기/NNG+나왔었/VV+EP+다/EC"
          },
          {
            "id": 15,
            "text": "1 : 아빠 말 듣길 잘했다고 했지 키키",
            "norm_text": "아빠 말 듣길 잘했다고 했지 키키",
            "speaker": {
              "id": "1번",
              "sex": "여성",
              "age": "20대"
            },
            "speechAct": "(단언) 진술하기",
            "morpheme": "아빠/NNG+말/NNG+듣/VV+길/ETN+JKO+잘/MAG+했/VV+EP+다고/EC+했/VX+EP+지/EC+키/NNG+키/XSV+ETN"
          },
          {
            "id": 16,
            "text": "2 : 키키 우리 아버지는 교사 쪽으로 가라고 어릴 때 말씀하셨는데 말 들을걸...",
            "norm_text": "키키 우리 아버지는 교사 쪽으로 가라고 어릴 때 말씀하셨는데 말 들을걸...",
            "speaker": {
              "id": "2번",
              "sex": "남성",
              "age": "30대"
            },
            "speechAct": "(단언) 주장하기",
            "morpheme": "키/NNG+키/XSV+ETN+우리/NP+아버지/NNG+는/JX+교사/NNG+쪽/NNB+으로/JKB+가/VV+라고/EC+어릴/VA+ETM+때/NNG+말씀/NNG+하/XSV+셨/EP+EP+는데/EC+말/NNG+들/XSN+을/JKO+걸/VV+ETM+./SY+./SY"
          },
          {
            "id": 17,
            "text": "1 : 키키 중고등 교사는 할만할 것 같다... 말 듣지...",
            "norm_text": "키키 중고등 교사는 할만할 것 같다... 말 듣지...",
            "speaker": {
              "id": "1번",
              "sex": "여성",
              "age": "20대"
            },
            "speechAct": "(단언) 진술하기",
            "morpheme": "키/NNG+키/NNG+중/NNB+고등/NNG+교사/NNG+는/JX+할만/NNG+할/XSV+ETM+것/NNB+같/VA+다/EF+./SY+말/NNG+듣/VV+지/EF+./SY"
          },
          {
            "id": 18,
            "text": "2 : 초등학교가 더 괜찮을 거 같은데?",
            "norm_text": "초등학교가 더 괜찮을 거 같은데?",
            "speaker": {
              "id": "2번",
              "sex": "남성",
              "age": "30대"
            },
            "speechAct": "(단언) 주장하기",
            "morpheme": "초등/NNG+학교/NNG+가/JKS+더/MAG+괜찮/VA+을/ETM+거/NNB+같/VA+은데/EF"
          }
        ]
      }
    }
  ]
}