{
  "dataset": {
    "identifier": 44530,
    "name": "KAKAO_910_06_set",
    "src_path": "/data/file/cubeManager/PROJECT001/53/txt20211005154828069186/KAKAO_910_06_set/",
    "label_path": "/data/file/cubeManager/PROJECT001/53/txt20211005154828069186/KAKAO_910_06_set/",
    "category": 2,
    "type": 0
  },
  "licenses": {
    "name": "Apache License 1.0",
    "url": "http://www.apache.org/licenses/LICENSE-1.0"
  },
  "info": [
    {
      "id": 41683,
      "filename": "KAKAO_910_06.txt",
      "title": "KAKAO_910_06",
      "mediatype": "SNS",
      "medianame": "카카오톡",
      "category": "일상대화",
      "date": "2021-10-05",
      "size": 1073,
      "annotations": {
        "subject": "교육",
        "speaker_type": "다자간 대화",
        "size": 1073,
        "word_size": 324,
        "text": "1 : 저 홍콩에 있다가 한국 오니까 중국어 쓸 기회가 없어서 좀 아쉬워요\n2 : 어머 홍콩에 살다 오셨으니까 중국어 진짜 잘하겠어요\n2 : 저도 중국어 조금 배우다가 그만둔 적 있어요\n3 : 전 외국어를 많이 배우고 싶어요\n3 : 나중에 세계 여행 가고 싶거든요\n1 : 저도 중국어를 하니까 중국 여행할 때 사람들과 소통할 수 있어서 좋았어요\n1 : 중국 사람들과 많이 대화하구요\n2 : 전 영어 전공인데 원어민과는 영어로 대화하는 데는 한계가 있더라구요\n2 : 전 그런 발음이 안 나오니까 괜히 주눅이 드는 거예요\n3 : 맞아요 영어는 초등학생 때부터 배우는데도 자유로운 소통이 좀 힘든 것 같아요\n1 : 원래 언어는 두 가지 이상 배울 때 시너지 효과가 있다고 해요\n2 : 아 그래요? 그럼 중국어에 다시 도전해볼까요?\n3 : 저도 중국어 배워보고 싶어요\n3 : 같이 배우실래요?\n1 : 제가 가르쳐드릴게요!\n1 : 근데 전 홍콩에 오래 살아서 홍콩 사람들이 쓰는 중국어에 익숙해요\n2 : 괜찮아요 서로 의사소통만 되면 되지 않을까요?\n3 : 맞아요 저는 영어와 스페인어도 배우고 싶어요\n3 : 나중에 여행 갈 때 쓰려구요\n1 : 요새는 외국어를 전화로 배우기도 하더라구요\n2 : 맞아요 우리 조카도 필리핀 사람과 전화로 영어 배워요\n3 : 제 친구도 전화로 영어 배우고 있어요!\n3 : 효과가 좋은가 보더라구요\n1 : 전화로 배우는 것도 있고 원어민 교사가 집으로 방문하기도 해요\n2 : 방문해서 가르쳐주는 건 훨씬 비쌀 것 같아요\n3 : 아무래도 그렇죠 개인 교습이니까요\n1 : 전 가르치는 데 관심이 있어서 나중에 아이들 가르치고 싶어요\n2 : 아 그래요? 전 대학교 다닐 때 교직 이수할 수 있었는데 가르치는 데 관심이 없어서 안 했어요\n3 : 저도 수학 과외로 아이들 가르쳐봤는데 전 적성에 맞더라구요\n1 : 오오오오 수학 잘하나 봐요!\n1 : 우리 조카한테 수학 가르쳐줄 선생님 찾고 있었는데 생각 있어요?\n2 : 전 수학은 정말 못해요\n2 : 숫자만 나오면 머리가 하얘져요\n2 : 전 어릴 때 엄마한테 심하게 혼난 트라우마 때문이라고 생각하는데...\n3 : 하하 재미있어요!\n3 : 전 국어랑 영어보다 수학과 과학 쪽을 잘해요\n3 : 제가 조카 가르칠 수 있어요!",
        "lines": [
          {
            "id": 1,
            "text": "1 : 저 홍콩에 있다가 한국 오니까 중국어 쓸 기회가 없어서 좀 아쉬워요",
            "norm_text": "저 홍콩에 있다가 한국 오니까 중국어 쓸 기회가 없어서 좀 아쉬워요",
            "speaker": {
              "id": "1번",
              "sex": "여성",
              "age": "30대"
            },
            "speechAct": "(단언) 주장하기",
            "morpheme": "저/MM+홍콩/NNP+에/JKB+있/VV+다가/EC+한국/NNP+오/VV+니까/EC+중국어/NNG+쓸/VV+ETM+기회/NNG+가/JKS+없/VA+어서/EC+좀/MAG+아쉬워/VA+EC+요/JX"
          },
          {
            "id": 2,
            "text": "2 : 어머 홍콩에 살다 오셨으니까 중국어 진짜 잘하겠어요",
            "norm_text": "어머 홍콩에 살다 오셨으니까 중국어 진짜 잘하겠어요",
            "speaker": {
              "id": "2번",
              "sex": "여성",
              "age": "40대"
            },
            "speechAct": "(단언) 주장하기",
            "morpheme": "어머/IC+홍콩/NNP+에/JKB+살/VV+다/EC+오/VX+셨/EP+EP+으니까/EC+중국어/NNG+진짜/MAG+잘/MAG+하/VV+겠/EP+어요/EF"
          },
          {
            "id": 3,
            "text": "2 : 저도 중국어 조금 배우다가 그만둔 적 있어요",
            "norm_text": "저도 중국어 조금 배우다가 그만둔 적 있어요",
            "speaker": {
              "id": "2번",
              "sex": "여성",
              "age": "40대"
            },
            "speechAct": "(단언) 진술하기",
            "morpheme": "저/NP+도/JX+중국어/NNG+조금/MAG+배우/VV+다가/EC+그만둔/VV+ETM+적/NNB+있/VA+어요/EF"
          },
          {
            "id": 4,
            "text": "3 : 전 외국어를 많이 배우고 싶어요",
            "norm_text": "전 외국어를 많이 배우고 싶어요",
            "speaker": {
              "id": "3번",
              "sex": "여성",
              "age": "10대"
            },
            "speechAct": "(단언) 주장하기",
            "morpheme": "전/MM+외국어/NNG+를/JKO+많이/MAG+배우/VV+고/EC+싶/VX+어요/EF"
          },
          {
            "id": 5,
            "text": "3 : 나중에 세계 여행 가고 싶거든요",
            "norm_text": "나중에 세계 여행 가고 싶거든요",
            "speaker": {
              "id": "3번",
              "sex": "여성",
              "age": "10대"
            },
            "speechAct": "(단언) 주장하기",
            "morpheme": "나중/NNG+에/JKB+세계/NNG+여행/NNG+가/VV+고/EC+싶/VX+거든요/EF"
          },
          {
            "id": 6,
            "text": "1 : 저도 중국어를 하니까 중국 여행할 때 사람들과 소통할 수 있어서 좋았어요",
            "norm_text": "저도 중국어를 하니까 중국 여행할 때 사람들과 소통할 수 있어서 좋았어요",
            "speaker": {
              "id": "1번",
              "sex": "여성",
              "age": "30대"
            },
            "speechAct": "(단언) 주장하기",
            "morpheme": "저/NP+도/JX+중국어/NNG+를/JKO+하/VV+니까/EC+중국/NNP+여행/NNG+할/XSV+ETM+때/NNG+사람/NNG+들/XSN+과/JC+소통/NNG+할/XSV+ETM+수/NNB+있/VV+어서/EC+좋/VA+았/EP+어요/EF"
          },
          {
            "id": 7,
            "text": "1 : 중국 사람들과 많이 대화하구요",
            "norm_text": "중국 사람들과 많이 대화하구요",
            "speaker": {
              "id": "1번",
              "sex": "여성",
              "age": "30대"
            },
            "speechAct": "(단언) 주장하기",
            "morpheme": "중국/NNP+사람/NNG+들/XSN+과/JKB+많이/MAG+대화/NNG+하/XSV+구요/EC"
          },
          {
            "id": 8,
            "text": "2 : 전 영어 전공인데 원어민과는 영어로 대화하는 데는 한계가 있더라구요",
            "norm_text": "전 영어 전공인데 원어민과는 영어로 대화하는 데는 한계가 있더라구요",
            "speaker": {
              "id": "2번",
              "sex": "여성",
              "age": "40대"
            },
            "speechAct": "(단언) 주장하기",
            "morpheme": "전/MM+영어/NNG+전공/NNG+인데/VCP+EC+원어민/NNG+과/JKB+는/JX+영어/NNG+로/JKB+대화/NNG+하/XSV+는/ETM+데/NNB+는/JX+한계/NNG+가/JKS+있/VA+더라구요/EC"
          },
          {
            "id": 9,
            "text": "2 : 전 그런 발음이 안 나오니까 괜히 주눅이 드는 거예요",
            "norm_text": "전 그런 발음이 안 나오니까 괜히 주눅이 드는 거예요",
            "speaker": {
              "id": "2번",
              "sex": "여성",
              "age": "40대"
            },
            "speechAct": "(단언) 주장하기",
            "morpheme": "전/MM+그런/MM+발음/NNG+이/JKS+안/MAG+나오/VV+니까/EC+괜히/MAG+주눅/NNG+이/JKS+드/VV+는/ETM+거/NNB+예요/VCP+EF"
          },
          {
            "id": 10,
            "text": "3 : 맞아요 영어는 초등학생 때부터 배우는데도 자유로운 소통이 좀 힘든 것 같아요",
            "norm_text": "맞아요 영어는 초등학생 때부터 배우는데도 자유로운 소통이 좀 힘든 것 같아요",
            "speaker": {
              "id": "3번",
              "sex": "여성",
              "age": "10대"
            },
            "speechAct": "(단언) 주장하기",
            "morpheme": "맞/VV+아요/EF+영어/NNG+는/JX+초등학생/NNG+때/NNG+부터/JX+배우/VV+는/ETM+데/NNB+도/JX+자유/NNG+로운/XSA+ETM+소통/NNG+이/JKS+좀/MAG+힘든/VA+ETM+것/NNB+같/VA+아요/EC"
          },
          {
            "id": 11,
            "text": "1 : 원래 언어는 두 가지 이상 배울 때 시너지 효과가 있다고 해요",
            "norm_text": "원래 언어는 두 가지 이상 배울 때 시너지 효과가 있다고 해요",
            "speaker": {
              "id": "1번",
              "sex": "여성",
              "age": "30대"
            },
            "speechAct": "(단언) 주장하기",
            "morpheme": "원래/MAG+언어/NNG+는/JX+두/MM+가지/NNBC+이상/NNG+배울/VV+ETM+때/NNG+시너지/NNG+효과/NNG+가/JKS+있/VA+다고/EC+해요/VX+EC"
          },
          {
            "id": 12,
            "text": "2 : 아 그래요? 그럼 중국어에 다시 도전해볼까요?",
            "norm_text": "아 그래요? 그럼 중국어에 다시 도전해볼까요?",
            "speaker": {
              "id": "2번",
              "sex": "여성",
              "age": "40대"
            },
            "speechAct": "(단언) 주장하기",
            "morpheme": "아/IC+그래요/VV+EF+그럼/MAJ+중국어/NNG+에/JKB+다시/MAG+도전/NNG+해/XSV+EC+볼까요/VX+EF"
          },
          {
            "id": 13,
            "text": "3 : 저도 중국어 배워보고 싶어요",
            "norm_text": "저도 중국어 배워보고 싶어요",
            "speaker": {
              "id": "3번",
              "sex": "여성",
              "age": "10대"
            },
            "speechAct": "(단언) 주장하기",
            "morpheme": "저/NP+도/JX+중국어/NNG+배워/VV+EC+보/VX+고/EC+싶/VX+어요/EF"
          },
          {
            "id": 14,
            "text": "3 : 같이 배우실래요?",
            "norm_text": "같이 배우실래요?",
            "speaker": {
              "id": "3번",
              "sex": "여성",
              "age": "10대"
            },
            "speechAct": "(단언) 주장하기",
            "morpheme": "같이/MAG+배우/VV+실래요/EP+EF"
          },
          {
            "id": 15,
            "text": "1 : 제가 가르쳐드릴게요!",
            "norm_text": "제가 가르쳐드릴게요!",
            "speaker": {
              "id": "1번",
              "sex": "여성",
              "age": "30대"
            },
            "speechAct": "(단언) 주장하기",
            "morpheme": "제/NP+가/JKS+가르쳐/VV+EC+드릴게요/VX+EF"
          },
          {
            "id": 16,
            "text": "1 : 근데 전 홍콩에 오래 살아서 홍콩 사람들이 쓰는 중국어에 익숙해요",
            "norm_text": "근데 전 홍콩에 오래 살아서 홍콩 사람들이 쓰는 중국어에 익숙해요",
            "speaker": {
              "id": "1번",
              "sex": "여성",
              "age": "30대"
            },
            "speechAct": "(단언) 주장하기",
            "morpheme": "근데/MAJ+전/MM+홍콩/NNP+에/JKB+오래/MAG+살/VV+아서/EC+홍콩/NNP+사람/NNG+들/XSN+이/JKS+쓰/VV+는/ETM+중국어/NNG+에/JKB+익숙/XR+해요/XSA+EC"
          },
          {
            "id": 17,
            "text": "2 : 괜찮아요 서로 의사소통만 되면 되지 않을까요?",
            "norm_text": "괜찮아요 서로 의사소통만 되면 되지 않을까요?",
            "speaker": {
              "id": "2번",
              "sex": "여성",
              "age": "40대"
            },
            "speechAct": "(지시) 질문하기",
            "morpheme": "괜찮/VA+아요/EF+서로/MAG+의사소통/NNG+만/JX+되/VV+면/EC+되/VV+지/EC+않/VX+을까요/EF"
          },
          {
            "id": 18,
            "text": "3 : 맞아요 저는 영어와 스페인어도 배우고 싶어요",
            "norm_text": "맞아요 저는 영어와 스페인어도 배우고 싶어요",
            "speaker": {
              "id": "3번",
              "sex": "여성",
              "age": "10대"
            },
            "speechAct": "(단언) 주장하기",
            "morpheme": "맞/VV+아요/EF+저/NP+는/JX+영어/NNG+와/JC+스페인어/NNP+도/JX+배우/VV+고/EC+싶/VX+어요/EF"
          },
          {
            "id": 19,
            "text": "3 : 나중에 여행 갈 때 쓰려구요",
            "norm_text": "나중에 여행 갈 때 쓰려구요",
            "speaker": {
              "id": "3번",
              "sex": "여성",
              "age": "10대"
            },
            "speechAct": "(단언) 주장하기",
            "morpheme": "나중/NNG+에/JKB+여행/NNG+갈/VV+ETM+때/NNG+쓰/VV+려구요/EC"
          },
          {
            "id": 20,
            "text": "1 : 요새는 외국어를 전화로 배우기도 하더라구요",
            "norm_text": "요새는 외국어를 전화로 배우기도 하더라구요",
            "speaker": {
              "id": "1번",
              "sex": "여성",
              "age": "30대"
            },
            "speechAct": "(단언) 주장하기",
            "morpheme": "요새/NNG+는/JX+외국어/NNG+를/JKO+전화/NNG+로/JKB+배우/VV+기/ETN+도/JX+하/VV+더라구요/EC"
          },
          {
            "id": 21,
            "text": "2 : 맞아요 우리 조카도 필리핀 사람과 전화로 영어 배워요",
            "norm_text": "맞아요 우리 조카도 필리핀 사람과 전화로 영어 배워요",
            "speaker": {
              "id": "2번",
              "sex": "여성",
              "age": "40대"
            },
            "speechAct": "(단언) 진술하기",
            "morpheme": "맞/VV+아요/EF+우리/NP+조카/NNG+도/JX+필리핀/NNP+사람/NNG+과/JC+전화/NNG+로/JKB+영어/NNG+배워요/VV+EC"
          },
          {
            "id": 22,
            "text": "3 : 제 친구도 전화로 영어 배우고 있어요!",
            "norm_text": "제 친구도 전화로 영어 배우고 있어요!",
            "speaker": {
              "id": "3번",
              "sex": "여성",
              "age": "10대"
            },
            "speechAct": "(단언) 진술하기",
            "morpheme": "제/NP+JKG+친구/NNG+도/JX+전화/NNG+로/JKB+영어/NNG+배우/VV+고/EC+있/VX+어요/EF"
          },
          {
            "id": 23,
            "text": "3 : 효과가 좋은가 보더라구요",
            "norm_text": "효과가 좋은가 보더라구요",
            "speaker": {
              "id": "3번",
              "sex": "여성",
              "age": "10대"
            },
            "speechAct": "(단언) 주장하기",
            "morpheme": "효과/NNG+가/JKS+좋/VA+은가/EC+보/VX+더라구요/EC"
          },
          {
            "id": 24,
            "text": "1 : 전화로 배우는 것도 있고 원어민 교사가 집으로 방문하기도 해요",
            "norm_text": "전화로 배우는 것도 있고 원어민 교사가 집으로 방문하기도 해요",
            "speaker": {
              "id": "1번",
              "sex": "여성",
              "age": "30대"
            },
            "speechAct": "(단언) 주장하기",
            "morpheme": "전화/NNG+로/JKB+배우/VV+는/ETM+것/NNB+도/JX+있/VA+고/EC+원어민/NNG+교사/NNG+가/JKS+집/NNG+으로/JKB+방문/NNG+하/XSV+기/ETN+도/JX+해요/VV+EC"
          },
          {
            "id": 25,
            "text": "2 : 방문해서 가르쳐주는 건 훨씬 비쌀 것 같아요",
            "norm_text": "방문해서 가르쳐주는 건 훨씬 비쌀 것 같아요",
            "speaker": {
              "id": "2번",
              "sex": "여성",
              "age": "40대"
            },
            "speechAct": "(단언) 주장하기",
            "morpheme": "방문/NNG+해서/XSV+EC+가르쳐/VV+EC+주/VX+는/ETM+건/NNB+JX+훨씬/MAG+비쌀/VA+ETM+것/NNB+같/VA+아요/EC"
          },
          {
            "id": 26,
            "text": "3 : 아무래도 그렇죠 개인 교습이니까요",
            "norm_text": "아무래도 그렇죠 개인 교습이니까요",
            "speaker": {
              "id": "3번",
              "sex": "여성",
              "age": "10대"
            },
            "speechAct": "(단언) 주장하기",
            "morpheme": "아무래도/MAG+그렇/VA+죠/EF+개인/NNG+교습/NNG+이/VCP+니까요/EC"
          },
          {
            "id": 27,
            "text": "1 : 전 가르치는 데 관심이 있어서 나중에 아이들 가르치고 싶어요",
            "norm_text": "전 가르치는 데 관심이 있어서 나중에 아이들 가르치고 싶어요",
            "speaker": {
              "id": "1번",
              "sex": "여성",
              "age": "30대"
            },
            "speechAct": "(단언) 주장하기",
            "morpheme": "전/NNG+가르치/VV+는데/EC+관심/NNG+이/JKS+있/VV+어서/EC+나중/NNG+에/JKB+아이/NNG+들/XSN+가르치/VV+고/EC+싶/VX+어요/EF"
          },
          {
            "id": 28,
            "text": "2 : 아 그래요? 전 대학교 다닐 때 교직 이수할 수 있었는데 가르치는 데 관심이 없어서 안 했어요",
            "norm_text": "아 그래요? 전 대학교 다닐 때 교직 이수할 수 있었는데 가르치는 데 관심이 없어서 안 했어요",
            "speaker": {
              "id": "2번",
              "sex": "여성",
              "age": "40대"
            },
            "speechAct": "(단언) 진술하기",
            "morpheme": "아/IC+그래요/VV+EF+전/MM+대학교/NNG+다닐/VV+ETM+때/NNG+교직/NNG+이수/NNG+할/XSV+ETM+수/NNB+있/VV+었/EP+는데/EC+가르치/VV+는데/EC+관심/NNG+이/JKS+없/VA+어서/EC+안/MAG+했/VV+EP+어요/EF"
          },
          {
            "id": 29,
            "text": "3 : 저도 수학 과외로 아이들 가르쳐봤는데 전 적성에 맞더라구요",
            "norm_text": "저도 수학 과외로 아이들 가르쳐봤는데 전 적성에 맞더라구요",
            "speaker": {
              "id": "3번",
              "sex": "여성",
              "age": "10대"
            },
            "speechAct": "(단언) 주장하기",
            "morpheme": "저/NP+도/JX+수학/NNG+과외/NNG+로/JKB+아이/NNG+들/XSN+가르쳐/VV+EC+봤/VX+EP+는데/EC+전적/NNG+성/XSN+에/JKB+맞/VV+더라구요/EC"
          },
          {
            "id": 30,
            "text": "1 : 오오오오 수학 잘하나 봐요!",
            "norm_text": "오오오오 수학 잘하나 봐요!",
            "speaker": {
              "id": "1번",
              "sex": "여성",
              "age": "30대"
            },
            "speechAct": "(단언) 주장하기",
            "morpheme": "오/NR+오/NR+오/NR+오/NR+수학/NNG+잘/MAG+하/VV+나/EC+봐요/VX+EF"
          },
          {
            "id": 31,
            "text": "1 : 우리 조카한테 수학 가르쳐줄 선생님 찾고 있었는데 생각 있어요?",
            "norm_text": "우리 조카한테 수학 가르쳐줄 선생님 찾고 있었는데 생각 있어요?",
            "speaker": {
              "id": "1번",
              "sex": "여성",
              "age": "30대"
            },
            "speechAct": "(지시) 질문하기",
            "morpheme": "우리/NP+조카/NNG+한테/JKB+수학/NNG+가르쳐/VV+EC+줄/VX+ETM+선생/NNG+님/XSN+찾/VV+고/EC+있/VX+었/EP+는데/EC+생각/NNG+있/VA+어요/EF"
          },
          {
            "id": 32,
            "text": "2 : 전 수학은 정말 못해요",
            "norm_text": "전 수학은 정말 못해요",
            "speaker": {
              "id": "2번",
              "sex": "여성",
              "age": "40대"
            },
            "speechAct": "(단언) 주장하기",
            "morpheme": "전/MM+수학/NNG+은/JX+정말/MAG+못/MAG+해요/VV+EC"
          },
          {
            "id": 33,
            "text": "2 : 숫자만 나오면 머리가 하얘져요",
            "norm_text": "숫자만 나오면 머리가 하얘져요",
            "speaker": {
              "id": "2번",
              "sex": "여성",
              "age": "40대"
            },
            "speechAct": "(단언) 주장하기",
            "morpheme": "숫자/NNG+만/JX+나오/VV+면/EC+머리/NNG+가/JKS+하얘/VA+EC+져요/VX+EF"
          },
          {
            "id": 34,
            "text": "2 : 전 어릴 때 엄마한테 심하게 혼난 트라우마 때문이라고 생각하는데...",
            "norm_text": "전 어릴 때 엄마한테 심하게 혼난 트라우마 때문이라고 생각하는데...",
            "speaker": {
              "id": "2번",
              "sex": "여성",
              "age": "40대"
            },
            "speechAct": "(단언) 주장하기",
            "morpheme": "전/MM+어릴/VA+ETM+때/NNG+엄마/NNG+한테/JKB+심하/VA+게/EC+혼난/VV+ETM+트라우마/NNP+때문/NNB+이/VCP+라고/EC+생각/NNG+하/XSV+는데/EC+./SY+./SY"
          },
          {
            "id": 35,
            "text": "3 : 하하 재미있어요!",
            "norm_text": "하하 재미있어요!",
            "speaker": {
              "id": "3번",
              "sex": "여성",
              "age": "10대"
            },
            "speechAct": "(단언) 주장하기",
            "morpheme": "하하/MAG+재미있/VA+어요/EF"
          },
          {
            "id": 36,
            "text": "3 : 전 국어랑 영어보다 수학과 과학 쪽을 잘해요",
            "norm_text": "전 국어랑 영어보다 수학과 과학 쪽을 잘해요",
            "speaker": {
              "id": "3번",
              "sex": "여성",
              "age": "10대"
            },
            "speechAct": "(단언) 주장하기",
            "morpheme": "전/MM+국어/NNG+랑/JKB+영어/NNG+보다/JKB+수학/NNG+과/JC+과학/NNG+쪽/NNB+을/JKO+잘/MAG+해요/VV+EC"
          },
          {
            "id": 37,
            "text": "3 : 제가 조카 가르칠 수 있어요!",
            "norm_text": "제가 조카 가르칠 수 있어요!",
            "speaker": {
              "id": "3번",
              "sex": "여성",
              "age": "10대"
            },
            "speechAct": "(단언) 주장하기",
            "morpheme": "제/NP+가/JKS+조카/NNG+가르칠/VV+ETM+수/NNB+있/VV+어요/EF"
          }
        ]
      }
    }
  ]
}