{
  "dataset": {
    "identifier": 62447,
    "name": "KAKAO_920_08_set",
    "src_path": "/data/file/cubeManager/PROJECT001/53/txt20211005161349014540/KAKAO_920_08_set/",
    "label_path": "/data/file/cubeManager/PROJECT001/53/txt20211005161349014540/KAKAO_920_08_set/",
    "category": 2,
    "type": 0
  },
  "licenses": {
    "name": "Apache License 1.0",
    "url": "http://www.apache.org/licenses/LICENSE-1.0"
  },
  "info": [
    {
      "id": 41965,
      "filename": "KAKAO_920_08.txt",
      "title": "KAKAO_920_08",
      "mediatype": "SNS",
      "medianame": "카카오톡",
      "category": "일상대화",
      "date": "2021-10-05",
      "size": 528,
      "annotations": {
        "subject": "연애/결혼",
        "speaker_type": "1:1",
        "size": 528,
        "word_size": 174,
        "text": "1 : 야 너 요즘 여자친구는 없냐?\n2 : 없는데... 요즘 학교도 못 나가고 하니까 사람 만날 일이 없다\n1 : 마지막 연애가 언제라고 했지? 키키\n2 : 글쎄다... 어연 3년째 연애를 못하고 있네\n1 : 와... 너 그 정도면 모태솔로 아니야?\n2 : 조용히 해!\n2 : 안 하고 싶어서 안 하는 거 아니니까!\n1 : 키키 나중에 좋은 사람 있으면 소개시켜 줄게\n2 : 그래 키키 말이라도 고맙다...\n2 : 너는 요즘에 만나는 사람이랑 어때\n1 : 나는 엄청 잘 만나고 있지!\n1 : 나중에 날 잡자 소개시켜줄게\n2 : 너가 보기엔 그 사람 어떤 거 같아?\n1 : 내가 좋아하는 가장 큰 이유는 소신이 있다는 점이야\n2 : 요즘 소신 있는 사람 찾기 엄청 힘들던데\n1 : 맞아 그래서 더 멋있는 것 같아.\n1 : 나도 요즘에 소신 있는 사람 본 적이 없어\n2 : 그래그래 이쁜 사랑하렴\n2 : 소신 있다고 하니까 어떤 사람인지 궁금하다\n1 : 너랑 만나면 엄청 잘 맞을 것 같아.\n1 : 나중에 시간 비는 날 알려줘 만나자\n2 : 그래그래 나중에 내가 시간 되면 알려줄게!",
        "lines": [
          {
            "id": 1,
            "text": "1 : 야 너 요즘 여자친구는 없냐?",
            "norm_text": "야 너 요즘 여자친구는 없냐?",
            "speaker": {
              "id": "1번",
              "sex": "여성",
              "age": "20대"
            },
            "speechAct": "(지시) 질문하기",
            "morpheme": "야/IC+너/NP+요즘/MAG+여자/NNG+친구/NNG+는/JX+없/VA+냐/EF"
          },
          {
            "id": 2,
            "text": "2 : 없는데... 요즘 학교도 못 나가고 하니까 사람 만날 일이 없다",
            "norm_text": "없는데... 요즘 학교도 못 나가고 하니까 사람 만날 일이 없다",
            "speaker": {
              "id": "2번",
              "sex": "남성",
              "age": "20대"
            },
            "speechAct": "(단언) 진술하기",
            "morpheme": "없/VA+는데/EC+./SY+./SY+요즘/MAG+학교/NNG+도/JX+못/MAG+나가/VV+고/EC+하/VV+니까/EC+사람/NNG+만날/VV+ETM+일/NNG+이/JKS+없/VA+다/EC"
          },
          {
            "id": 3,
            "text": "1 : 마지막 연애가 언제라고 했지? 키키",
            "norm_text": "마지막 연애가 언제라고 했지? 키키",
            "speaker": {
              "id": "1번",
              "sex": "여성",
              "age": "20대"
            },
            "speechAct": "(지시) 질문하기",
            "morpheme": "마지막/NNG+연애/NNG+가/JKS+언제/NP+라고/VCP+EC+했/VX+EP+지/EF+키/NNG+키/XSV+ETN"
          },
          {
            "id": 4,
            "text": "2 : 글쎄다... 어연 3년째 연애를 못하고 있네",
            "norm_text": "글쎄다... 어연 3년째 연애를 못하고 있네",
            "speaker": {
              "id": "2번",
              "sex": "남성",
              "age": "20대"
            },
            "speechAct": "(단언) 진술하기",
            "morpheme": "글쎄다/IC+./SY+어연/NNG+3/SN+년/NNBC+째/XSN+연애/NNG+를/JKO+못/MAG+하/VV+고/EC+있/VX+네/EC"
          },
          {
            "id": 5,
            "text": "1 : 와... 너 그 정도면 모태솔로 아니야?",
            "norm_text": "와... 너 그 정도면 모태솔로 아니야?",
            "speaker": {
              "id": "1번",
              "sex": "여성",
              "age": "20대"
            },
            "speechAct": "(단언) 주장하기",
            "morpheme": "와/IC+./SY+너/NP+그/MM+정도/NNG+면/VCP+EC+모태/NNG+솔로/NNG+아니/VCN+야/EF"
          },
          {
            "id": 6,
            "text": "2 : 조용히 해!",
            "norm_text": "조용히 해!",
            "speaker": {
              "id": "2번",
              "sex": "남성",
              "age": "20대"
            },
            "speechAct": "(단언) 주장하기",
            "morpheme": "조용히/MAG+해/VV+EF"
          },
          {
            "id": 7,
            "text": "2 : 안 하고 싶어서 안 하는 거 아니니까!",
            "norm_text": "안 하고 싶어서 안 하는 거 아니니까!",
            "speaker": {
              "id": "2번",
              "sex": "남성",
              "age": "20대"
            },
            "speechAct": "(단언) 주장하기",
            "morpheme": "안/MAG+하/VV+고/EC+싶/VX+어서/EC+안/MAG+하/VV+는/ETM+거/NNB+아니/VCN+니까/EC"
          },
          {
            "id": 8,
            "text": "1 : 키키 나중에 좋은 사람 있으면 소개시켜 줄게",
            "norm_text": "키키 나중에 좋은 사람 있으면 소개시켜 줄게",
            "speaker": {
              "id": "1번",
              "sex": "여성",
              "age": "20대"
            },
            "speechAct": "(언약) 약속하기(제3자와)/(개인적 수준)",
            "morpheme": "키/NNG+키/NNG+나중/NNG+에/JKB+좋/VA+은/ETM+사람/NNG+있/VV+으면/EC+소개/NNG+시켜/XSV+EC+줄/VX+ETM+게/NNB+JKS"
          },
          {
            "id": 9,
            "text": "2 : 그래 키키 말이라도 고맙다...",
            "norm_text": "그래 키키 말이라도 고맙다...",
            "speaker": {
              "id": "2번",
              "sex": "남성",
              "age": "20대"
            },
            "speechAct": "(표현) 감사하기",
            "morpheme": "그래/IC+키/NNG+키/NNG+말/NNG+이라도/JX+고맙/VA+다/EF+./SY"
          },
          {
            "id": 10,
            "text": "2 : 너는 요즘에 만나는 사람이랑 어때",
            "norm_text": "너는 요즘에 만나는 사람이랑 어때",
            "speaker": {
              "id": "2번",
              "sex": "남성",
              "age": "20대"
            },
            "speechAct": "(지시) 질문하기",
            "morpheme": "너/NP+는/JX+요즘/NNG+에/JKB+만나/VV+는/ETM+사람/NNG+이랑/JKB+어때/VA+EC"
          },
          {
            "id": 11,
            "text": "1 : 나는 엄청 잘 만나고 있지!",
            "norm_text": "나는 엄청 잘 만나고 있지!",
            "speaker": {
              "id": "1번",
              "sex": "여성",
              "age": "20대"
            },
            "speechAct": "(단언) 진술하기",
            "morpheme": "나/NP+는/JX+엄청/MAG+잘/MAG+만나/VV+고/EC+있/VX+지/EF"
          },
          {
            "id": 12,
            "text": "1 : 나중에 날 잡자 소개시켜줄게",
            "norm_text": "나중에 날 잡자 소개시켜줄게",
            "speaker": {
              "id": "1번",
              "sex": "여성",
              "age": "20대"
            },
            "speechAct": "(언약) 약속하기(제3자와)/(개인적 수준)",
            "morpheme": "나중/NNG+에/JKB+날/VV+ETM+잡자/NNG+소개/NNG+시켜/XSV+EC+줄/VX+ETM+게/NNB+JKS"
          },
          {
            "id": 13,
            "text": "2 : 너가 보기엔 그 사람 어떤 거 같아?",
            "norm_text": "너가 보기엔 그 사람 어떤 거 같아?",
            "speaker": {
              "id": "2번",
              "sex": "남성",
              "age": "20대"
            },
            "speechAct": "(지시) 질문하기",
            "morpheme": "너/NP+가/JKS+보/VV+기엔/EC+JX+그/MM+사람/NNG+어떤/MM+거/NNB+같/VA+아/EF"
          },
          {
            "id": 14,
            "text": "1 : 내가 좋아하는 가장 큰 이유는 소신이 있다는 점이야",
            "norm_text": "내가 좋아하는 가장 큰 이유는 소신이 있다는 점이야",
            "speaker": {
              "id": "1번",
              "sex": "여성",
              "age": "20대"
            },
            "speechAct": "(단언) 주장하기",
            "morpheme": "내/NP+가/JKS+좋/VA+아/EC+하/VV+는/ETM+가장/MAG+큰/VA+ETM+이유/NNG+는/JX+소신/NNG+이/JKS+있/VV+다는/ETM+점/NNG+이/VCP+야/EC"
          },
          {
            "id": 15,
            "text": "2 : 요즘 소신 있는 사람 찾기 엄청 힘들던데",
            "norm_text": "요즘 소신 있는 사람 찾기 엄청 힘들던데",
            "speaker": {
              "id": "2번",
              "sex": "남성",
              "age": "20대"
            },
            "speechAct": "(단언) 주장하기",
            "morpheme": "요즘/NNG+소신/NNG+있/VA+는/ETM+사람/NNG+찾/VV+기/ETN+엄청/MAG+힘들/VA+던데/EC"
          },
          {
            "id": 16,
            "text": "1 : 맞아 그래서 더 멋있는 것 같아.",
            "norm_text": "맞아 그래서 더 멋있는 것 같아.",
            "speaker": {
              "id": "1번",
              "sex": "여성",
              "age": "20대"
            },
            "speechAct": "(단언) 주장하기",
            "morpheme": "맞아/IC+그래서/MAJ+더/MAG+멋있/VA+는/ETM+것/NNB+같/VA+아/EF"
          },
          {
            "id": 17,
            "text": "1 : 나도 요즘에 소신 있는 사람 본 적이 없어",
            "norm_text": "나도 요즘에 소신 있는 사람 본 적이 없어",
            "speaker": {
              "id": "1번",
              "sex": "여성",
              "age": "20대"
            },
            "speechAct": "(단언) 진술하기",
            "morpheme": "나/NP+도/JX+요즘/NNG+에/JKB+소신/NNG+있/VA+는/ETM+사람/NNG+본/VV+ETM+적/NNB+이/JKS+없/VA+어/EC"
          },
          {
            "id": 18,
            "text": "2 : 그래그래 이쁜 사랑하렴",
            "norm_text": "그래그래 이쁜 사랑하렴",
            "speaker": {
              "id": "2번",
              "sex": "남성",
              "age": "20대"
            },
            "speechAct": "(단언) 주장하기",
            "morpheme": "그래그래/IC+이쁜/VA+ETM+사랑/NNG+하/XSV+렴/EC"
          },
          {
            "id": 19,
            "text": "2 : 소신 있다고 하니까 어떤 사람인지 궁금하다",
            "norm_text": "소신 있다고 하니까 어떤 사람인지 궁금하다",
            "speaker": {
              "id": "2번",
              "sex": "남성",
              "age": "20대"
            },
            "speechAct": "(단언) 주장하기",
            "morpheme": "소신/NNG+있/VV+다고/EC+하/VV+니까/EC+어떤/MM+사람/NNG+인지/VCP+EC+궁금/XR+하/XSA+다/EC"
          },
          {
            "id": 20,
            "text": "1 : 너랑 만나면 엄청 잘 맞을 것 같아.",
            "norm_text": "너랑 만나면 엄청 잘 맞을 것 같아.",
            "speaker": {
              "id": "1번",
              "sex": "여성",
              "age": "20대"
            },
            "speechAct": "(단언) 주장하기",
            "morpheme": "너/NP+랑/JKB+만나/VV+면/EC+엄청/MAG+잘/MAG+맞/VV+을/ETM+것/NNB+같/VA+아/EF"
          },
          {
            "id": 21,
            "text": "1 : 나중에 시간 비는 날 알려줘 만나자",
            "norm_text": "나중에 시간 비는 날 알려줘 만나자",
            "speaker": {
              "id": "1번",
              "sex": "여성",
              "age": "20대"
            },
            "speechAct": "(언약) 약속하기(제3자와)/(개인적 수준)",
            "morpheme": "나중/NNG+에/JKB+시간/NNG+비/VV+는/ETM+날/NNG+알려줘/VV+EC+VX+EC+만나/VV+자/EC"
          },
          {
            "id": 22,
            "text": "2 : 그래그래 나중에 내가 시간 되면 알려줄게!",
            "norm_text": "그래그래 나중에 내가 시간 되면 알려줄게!",
            "speaker": {
              "id": "2번",
              "sex": "남성",
              "age": "20대"
            },
            "speechAct": "(언약) 약속하기(제3자와)/(개인적 수준)",
            "morpheme": "그래그래/IC+나중/NNG+에/JKB+내/NP+가/JKS+시간/NNG+되/XSV+면/EC+알려/VV+EC+줄게/VX+EF"
          }
        ]
      }
    }
  ]
}