{
  "dataset": {
    "identifier": 69189,
    "name": "KAKAO_915_07_set",
    "src_path": "/data/file/cubeManager/PROJECT001/53/txt20211005155756058839/KAKAO_915_07_set/",
    "label_path": "/data/file/cubeManager/PROJECT001/53/txt20211005155756058839/KAKAO_915_07_set/",
    "category": 2,
    "type": 0
  },
  "licenses": {
    "name": "Apache License 1.0",
    "url": "http://www.apache.org/licenses/LICENSE-1.0"
  },
  "info": [
    {
      "id": 41844,
      "filename": "KAKAO_915_07.txt",
      "title": "KAKAO_915_07",
      "mediatype": "SNS",
      "medianame": "카카오톡",
      "category": "일상대화",
      "date": "2021-10-05",
      "size": 471,
      "annotations": {
        "subject": "가족",
        "speaker_type": "1:1",
        "size": 471,
        "word_size": 158,
        "text": "1 : 오빠 부모님도 엄격한 편이셨음?\n2 : 우리 집은 엄한 듯 엄하지 않았따\n1 : 뭐지 키키 아주 힘든 거 아닌가 키키 중도를 지키셨군\n2 : 키키 힘들지 키키 내한테는 그래도 좀 더 엄한 것 같긴 했어\n1 : 오호 키키 엄한 게 나은 것 같음 키키\n2 : 맞다 어느 정도는 엄하게 키워야지\n1 : 맞아 너무 오냐오냐 키운 얘들 보면 진짜 어휴\n2 : 맞아 요새는 왜 그렇게 오냐오냐 키우는지 모르겠다\n1 : 글쵸! 왜 그러는지 안 맞고 자란 얘들도 많고\n2 : 키키 맞는 게 모두 좋다는 건 아니지만\n1 : 키키 정말 적당한 체벌 키키 그런데 나도 잘 안 맞은 것 같음 키키\n2 : 키키 오 니가 잘 안 맞은 정도면 적당하다 ㅇㅈㄹ\n1 : 키키 적당한가요? 키키 말로만 뭐라 하고 안 때리더라 우리 부모님은 키키\n2 : 키키 맞다 체벌이 답은 아니니깐\n1 : 옹 그런데 말로 하니까 별로 안 무서움 키키\n2 : 키키 아이고... 그래서 그렇게 된 건가... 하하",
        "lines": [
          {
            "id": 1,
            "text": "1 : 오빠 부모님도 엄격한 편이셨음?",
            "norm_text": "오빠 부모님도 엄격한 편이셨음?",
            "speaker": {
              "id": "1번",
              "sex": "여성",
              "age": "20대"
            },
            "speechAct": "(지시) 질문하기",
            "morpheme": "오빠/NNG+부모/NNG+님/XSN+도/JX+엄격/XR+한/XSA+ETM+편/NNB+이/VCP+셨/EP+EP+음/ETN"
          },
          {
            "id": 2,
            "text": "2 : 우리 집은 엄한 듯 엄하지 않았따",
            "norm_text": "우리 집은 엄한 듯 엄하지 않았따",
            "speaker": {
              "id": "2번",
              "sex": "남성",
              "age": "20대"
            },
            "speechAct": "(단언) 주장하기",
            "morpheme": "우리/NP+집/NNG+은/JX+엄한/VA+ETM+듯/NNB+엄하/VA+지/EC+않/VX+았/EP+따/EF"
          },
          {
            "id": 3,
            "text": "1 : 뭐지 키키 아주 힘든 거 아닌가 키키 중도를 지키셨군",
            "norm_text": "뭐지 키키 아주 힘든 거 아닌가 키키 중도를 지키셨군",
            "speaker": {
              "id": "1번",
              "sex": "여성",
              "age": "20대"
            },
            "speechAct": "(단언) 주장하기",
            "morpheme": "뭐/IC+지키/NNP+키/NNG+아주/MAG+힘든/VA+ETM+거/NNB+아닌가/VCN+EC+키/NNG+키/NNG+중도/NNG+를/JKO+지키/VV+셨/EP+EP+군/EC"
          },
          {
            "id": 4,
            "text": "2 : 키키 힘들지 키키 내한테는 그래도 좀 더 엄한 것 같긴 했어",
            "norm_text": "키키 힘들지 키키 내한테는 그래도 좀 더 엄한 것 같긴 했어",
            "speaker": {
              "id": "2번",
              "sex": "남성",
              "age": "20대"
            },
            "speechAct": "(단언) 주장하기",
            "morpheme": "키/NNG+키/XSV+ETN+힘들/VA+지/EC+키/NNG+키/NNG+내/NNB+한테/JKB+는/JX+그래도/MAJ+좀/MAG+더/MAG+엄한/VA+ETM+것/NNB+같/VA+긴/ETN+JX+했/VX+EP+어/EC"
          },
          {
            "id": 5,
            "text": "1 : 오호 키키 엄한 게 나은 것 같음 키키",
            "norm_text": "오호 키키 엄한 게 나은 것 같음 키키",
            "speaker": {
              "id": "1번",
              "sex": "여성",
              "age": "20대"
            },
            "speechAct": "(단언) 주장하기",
            "morpheme": "오호/IC+키/NNG+키/XSV+ETN+엄한/VA+ETM+게/NNB+JKS+나/VA+은/ETM+것/NNB+같/VA+음/ETN+키/NNG+키/XSV+ETN"
          },
          {
            "id": 6,
            "text": "2 : 맞다 어느 정도는 엄하게 키워야지",
            "norm_text": "맞다 어느 정도는 엄하게 키워야지",
            "speaker": {
              "id": "2번",
              "sex": "남성",
              "age": "20대"
            },
            "speechAct": "(단언) 주장하기",
            "morpheme": "맞/VV+다/EC+어느/MM+정도/NNG+는/JX+엄하/VA+게/EC+키워야지/VV+EC"
          },
          {
            "id": 7,
            "text": "1 : 맞아 너무 오냐오냐 키운 얘들 보면 진짜 어휴",
            "norm_text": "맞아 너무 오냐오냐 키운 얘들 보면 진짜 어휴",
            "speaker": {
              "id": "1번",
              "sex": "여성",
              "age": "20대"
            },
            "speechAct": "(단언) 주장하기",
            "morpheme": "맞/VV+아/EC+너무/MAG+오냐오냐/IC+키운/VV+ETM+얘/NP+들/XSN+보/VV+면/EC+진짜/MAG+어휴/IC"
          },
          {
            "id": 8,
            "text": "2 : 맞아 요새는 왜 그렇게 오냐오냐 키우는지 모르겠다",
            "norm_text": "맞아 요새는 왜 그렇게 오냐오냐 키우는지 모르겠다",
            "speaker": {
              "id": "2번",
              "sex": "남성",
              "age": "20대"
            },
            "speechAct": "(단언) 주장하기",
            "morpheme": "맞/VV+아/EC+요새/NNG+는/JX+왜/MAG+그렇게/MAG+오냐오냐/IC+키우/VV+는지/EC+모르/VV+겠/EP+다/EC"
          },
          {
            "id": 9,
            "text": "1 : 글쵸! 왜 그러는지 안 맞고 자란 얘들도 많고",
            "norm_text": "글쵸! 왜 그러는지 안 맞고 자란 얘들도 많고",
            "speaker": {
              "id": "1번",
              "sex": "여성",
              "age": "20대"
            },
            "speechAct": "(단언) 주장하기",
            "morpheme": "글/NNG+쵸/NNG+왜/MAG+그러/VV+는지/EC+안/MAG+맞/VV+고/EC+자란/VV+ETM+얘/NP+들/XSN+도/JX+많/VA+고/EC"
          },
          {
            "id": 10,
            "text": "2 : 키키 맞는 게 모두 좋다는 건 아니지만",
            "norm_text": "키키 맞는 게 모두 좋다는 건 아니지만",
            "speaker": {
              "id": "2번",
              "sex": "남성",
              "age": "20대"
            },
            "speechAct": "(단언) 주장하기",
            "morpheme": "키/NNG+키/XSV+ETN+맞/VV+는/ETM+게/NNB+JKS+모두/MAG+좋/VA+다는/ETM+건/NNB+JX+아니/VCN+지만/EC"
          },
          {
            "id": 11,
            "text": "1 : 키키 정말 적당한 체벌 키키 그런데 나도 잘 안 맞은 것 같음 키키",
            "norm_text": "키키 정말 적당한 체벌 키키 그런데 나도 잘 안 맞은 것 같음 키키",
            "speaker": {
              "id": "1번",
              "sex": "여성",
              "age": "20대"
            },
            "speechAct": "(단언) 주장하기",
            "morpheme": "키/NNG+키/XSV+ETN+정말/MAG+적당/XR+한/XSA+ETM+체벌/NNG+키/NNG+키/XSV+ETN+그런데/MAJ+나/NP+도/JX+잘/MAG+안/MAG+맞/VV+은/ETM+것/NNB+같/VA+음/ETN+키/NNG+키/XSV+ETN"
          },
          {
            "id": 12,
            "text": "2 : 키키 오 니가 잘 안 맞은 정도면 적당하다 ㅇㅈㄹ",
            "norm_text": "키키 오 니가 잘 안 맞은 정도면 적당하다 ㅇㅈㄹ",
            "speaker": {
              "id": "2번",
              "sex": "남성",
              "age": "20대"
            },
            "speechAct": "(단언) 주장하기",
            "morpheme": "키/NNG+키/NNG+오니/NNG+가/JKS+잘/MAG+안/MAG+맞/VV+은/ETM+정도/NNG+면/VCP+EC+적당/XR+하/XSA+다/EF+ㅇㅈ/UNKNOWN+ㄹ/JKQ"
          },
          {
            "id": 13,
            "text": "1 : 키키 적당한가요? 키키 말로만 뭐라 하고 안 때리더라 우리 부모님은 키키",
            "norm_text": "키키 적당한가요? 키키 말로만 뭐라 하고 안 때리더라 우리 부모님은 키키",
            "speaker": {
              "id": "1번",
              "sex": "여성",
              "age": "20대"
            },
            "speechAct": "(단언) 주장하기",
            "morpheme": "키/NNG+키/XSV+ETN+적당/XR+한가요/XSA+EF+키키말로만뭐라하고안때리더라우리부모님은키키/UNKNOWN"
          },
          {
            "id": 14,
            "text": "2 : 키키 맞다 체벌이 답은 아니니깐",
            "norm_text": "키키 맞다 체벌이 답은 아니니깐",
            "speaker": {
              "id": "2번",
              "sex": "남성",
              "age": "20대"
            },
            "speechAct": "(단언) 주장하기",
            "morpheme": "키/NNG+키/XSV+ETN+맞/VV+다/EC+체벌/NNG+이/JKS+답/NNG+은/JX+아니/VCN+니깐/EC"
          },
          {
            "id": 15,
            "text": "1 : 옹 그런데 말로 하니까 별로 안 무서움 키키",
            "norm_text": "옹 그런데 말로 하니까 별로 안 무서움 키키",
            "speaker": {
              "id": "1번",
              "sex": "여성",
              "age": "20대"
            },
            "speechAct": "(단언) 주장하기",
            "morpheme": "옹/NNG+그런데/MAJ+말/NNG+로/JKB+하/VV+니까/EC+별로/MAG+안/MAG+무서움/VA+ETN+키/NNG+키/XSV+ETN"
          },
          {
            "id": 16,
            "text": "2 : 키키 아이고... 그래서 그렇게 된 건가... 하하",
            "norm_text": "키키 아이고... 그래서 그렇게 된 건가... 하하",
            "speaker": {
              "id": "2번",
              "sex": "남성",
              "age": "20대"
            },
            "speechAct": "(단언) 주장하기",
            "morpheme": "키/NNG+키/XSV+ETN+아이/VCN+고/EC+./SY+./SY+그래서/MAJ+그렇게/MAG+된/VV+ETM+건가/NNB+VCP+EF+./SY+하하/MAG"
          }
        ]
      }
    }
  ]
}