{
  "dataset": {
    "identifier": 63354,
    "name": "KAKAO_914_19_set",
    "src_path": "/data/file/cubeManager/PROJECT001/53/txt20211005161430083259/KAKAO_914_19_set/",
    "label_path": "/data/file/cubeManager/PROJECT001/53/txt20211005161430083259/KAKAO_914_19_set/",
    "category": 2,
    "type": 0
  },
  "licenses": {
    "name": "Apache License 1.0",
    "url": "http://www.apache.org/licenses/LICENSE-1.0"
  },
  "info": [
    {
      "id": 42036,
      "filename": "KAKAO_914_19.txt",
      "title": "KAKAO_914_19",
      "mediatype": "SNS",
      "medianame": "카카오톡",
      "category": "일상대화",
      "date": "2021-10-05",
      "size": 448,
      "annotations": {
        "subject": "방송/연예",
        "speaker_type": "1:1",
        "size": 448,
        "word_size": 155,
        "text": "1 : 환승 연애 보나 졸잼 키키\n2 : 키키 보지 않는데 캡쳐본 올라오면 봄 키키\n1 : 아 진짜? 키키 나 지금 나온 거까지 다 봤는데 미쳤다\n2 : 키키 그거 뭐 우예 돼가고 있는데 키키\n1 : 난리 났다 진짜 키키\n1 : 담주에 더 잼쓸 거 같다\n2 : 키키 그거 최종적으로 커플 어떻게 나올지 궁금\n1 : 그러니까 이제 2화 정도 남은 거 같던데\n2 : 오호 진짜 얼마 안 남았네 키키\n2 : 당사자들은 결과 알아서 맘 편하겠따\n1 : 맞네 키키 걔들이 젤 좋네\n2 : 키키 주변에서 결과 알려달라고 엄청 물을 듯\n1 : 그러게 키키 출연료도 많이 준다더라\n2 : 키키 와우 키키 얼마나 주려나 키키\n2 : 일반인인데 연예인보단 덜할 거 아냐\n1 : 몇천 주나 보던데 회당 키키\n2 : 대박 일반인인데 그렇게나 준다고?\n1 : 키키 옹 그래서 나오나 봄\n1 : 돈 아니면 x랑 어떻게 나옴\n2 : 겁나 대박 현타 세게 오는데?",
        "lines": [
          {
            "id": 1,
            "text": "1 : 환승 연애 보나 졸잼 키키",
            "norm_text": "환승 연애 보나 졸잼 키키",
            "speaker": {
              "id": "1번",
              "sex": "남성",
              "age": "20대"
            },
            "speechAct": "(지시) 질문하기",
            "morpheme": "환승/NNG+연애/NNG+보/VV+나/EC+졸/VV+ETM+잼/NNG+키/NNG+키/XSV+ETN"
          },
          {
            "id": 2,
            "text": "2 : 키키 보지 않는데 캡쳐본 올라오면 봄 키키",
            "norm_text": "키키 보지 않는데 캡쳐본 올라오면 봄 키키",
            "speaker": {
              "id": "2번",
              "sex": "여성",
              "age": "20대"
            },
            "speechAct": "(단언) 진술하기",
            "morpheme": "키/NNG+키/XSV+ETN+보/VV+지/EC+않/VX+는데/EC+캡/MAG+쳐/VV+EC+본/VX+ETM+올라오/VV+면/EC+봄/NNG+키/NNG+키/XSV+ETN"
          },
          {
            "id": 3,
            "text": "1 : 아 진짜? 키키 나 지금 나온 거까지 다 봤는데 미쳤다",
            "norm_text": "아 진짜? 키키 나 지금 나온 거까지 다 봤는데 미쳤다",
            "speaker": {
              "id": "1번",
              "sex": "남성",
              "age": "20대"
            },
            "speechAct": "(단언) 주장하기",
            "morpheme": "아/IC+진짜/MAG+키/NNG+키나/XSA+ETN+JX+지금/MAG+나온/VV+ETM+거/NNB+까지/JX+다/MAG+봤/VV+EP+는데/EC+미쳤/VV+EP+다/EC"
          },
          {
            "id": 4,
            "text": "2 : 키키 그거 뭐 우예 돼가고 있는데 키키",
            "norm_text": "키키 그거 뭐 우예 돼가고 있는데 키키",
            "speaker": {
              "id": "2번",
              "sex": "여성",
              "age": "20대"
            },
            "speechAct": "(지시) 질문하기",
            "morpheme": "키/NNG+키/XSV+ETN+그거/NP+뭐/IC+우예/MAG+돼/VV+EC+가/VX+고/EC+있/VX+는데/EC+키/NNG+키/XSV+ETN"
          },
          {
            "id": 5,
            "text": "1 : 난리 났다 진짜 키키",
            "norm_text": "난리 났다 진짜 키키",
            "speaker": {
              "id": "1번",
              "sex": "남성",
              "age": "20대"
            },
            "speechAct": "(단언) 주장하기",
            "morpheme": "난리/NNG+났/VV+EP+다/EF+진짜/MAG+키/NNG+키/XSV+ETN"
          },
          {
            "id": 6,
            "text": "1 : 담주에 더 잼쓸 거 같다",
            "norm_text": "담주에 더 잼쓸 거 같다",
            "speaker": {
              "id": "1번",
              "sex": "남성",
              "age": "20대"
            },
            "speechAct": "(단언) 주장하기",
            "morpheme": "담주/NNP+에/JKB+더/MAG+잼/VV+ETN+쓸/VV+ETM+거/NNB+같/VA+다/EC"
          },
          {
            "id": 7,
            "text": "2 : 키키 그거 최종적으로 커플 어떻게 나올지 궁금",
            "norm_text": "키키 그거 최종적으로 커플 어떻게 나올지 궁금",
            "speaker": {
              "id": "2번",
              "sex": "여성",
              "age": "20대"
            },
            "speechAct": "(단언) 주장하기",
            "morpheme": "키/NNG+키/XSV+ETN+그거/NP+최종/NNG+적/XSN+으로/JKB+커플/NNG+어떻게/MAG+나올지/VV+EC+궁금/XR"
          },
          {
            "id": 8,
            "text": "1 : 그러니까 이제 2화 정도 남은 거 같던데",
            "norm_text": "그러니까 이제 2화 정도 남은 거 같던데",
            "speaker": {
              "id": "1번",
              "sex": "남성",
              "age": "20대"
            },
            "speechAct": "(단언) 주장하기",
            "morpheme": "그러니까/MAJ+이제/MAG+2/SN+화정/NNG+도/JX+남/VV+은/ETM+거/NNB+같/VA+던데/EC"
          },
          {
            "id": 9,
            "text": "2 : 오호 진짜 얼마 안 남았네 키키",
            "norm_text": "오호 진짜 얼마 안 남았네 키키",
            "speaker": {
              "id": "2번",
              "sex": "여성",
              "age": "20대"
            },
            "speechAct": "(단언) 주장하기",
            "morpheme": "오호/IC+진짜/MAG+얼마/NNG+안/MAG+남/VV+았/EP+네/EF+키/NNG+키/XSV+ETN"
          },
          {
            "id": 10,
            "text": "2 : 당사자들은 결과 알아서 맘 편하겠따",
            "norm_text": "당사자들은 결과 알아서 맘 편하겠따",
            "speaker": {
              "id": "2번",
              "sex": "여성",
              "age": "20대"
            },
            "speechAct": "(단언) 주장하기",
            "morpheme": "당사자/NNG+들/XSN+은/JX+결과/NNG+알/VV+아서/EC+맘/NNG+편하/VA+겠/EP+따/EF"
          },
          {
            "id": 11,
            "text": "1 : 맞네 키키 걔들이 젤 좋네",
            "norm_text": "맞네 키키 걔들이 젤 좋네",
            "speaker": {
              "id": "1번",
              "sex": "남성",
              "age": "20대"
            },
            "speechAct": "(단언) 주장하기",
            "morpheme": "맞/VV+네/EF+키/NNG+키/XSV+ETN+걔/NP+들/XSN+이/JKS+젤/MAG+좋/VA+네/EC"
          },
          {
            "id": 12,
            "text": "2 : 키키 주변에서 결과 알려달라고 엄청 물을 듯",
            "norm_text": "키키 주변에서 결과 알려달라고 엄청 물을 듯",
            "speaker": {
              "id": "2번",
              "sex": "여성",
              "age": "20대"
            },
            "speechAct": "(단언) 주장하기",
            "morpheme": "키/NNG+키/NNG+주변/NNG+에서/JKB+결과/NNG+알려/VV+EC+달/VX+라고/EC+엄청/MAG+물/VV+을/ETM+듯/NNB"
          },
          {
            "id": 13,
            "text": "1 : 그러게 키키 출연료도 많이 준다더라",
            "norm_text": "그러게 키키 출연료도 많이 준다더라",
            "speaker": {
              "id": "1번",
              "sex": "남성",
              "age": "20대"
            },
            "speechAct": "(단언) 진술하기",
            "morpheme": "그러/VV+게/EC+키/NNG+키/NNG+출연료/NNG+도/JX+많이/MAG+준다/VV+EF+더라/VCP+EC"
          },
          {
            "id": 14,
            "text": "2 : 키키 와우 키키 얼마나 주려나 키키",
            "norm_text": "키키 와우 키키 얼마나 주려나 키키",
            "speaker": {
              "id": "2번",
              "sex": "여성",
              "age": "20대"
            },
            "speechAct": "(지시) 질문하기",
            "morpheme": "키/NNG+키/XSV+ETN+와/JC+우키/NNG+키/NNG+얼마나/MAG+주/VV+려나/EC+키/NNG+키/XSV+ETN"
          },
          {
            "id": 15,
            "text": "2 : 일반인인데 연예인보단 덜할 거 아냐",
            "norm_text": "일반인인데 연예인보단 덜할 거 아냐",
            "speaker": {
              "id": "2번",
              "sex": "여성",
              "age": "20대"
            },
            "speechAct": "(단언) 주장하기",
            "morpheme": "일반인/NNG+인데/VCP+EC+연예인/NNG+보단/JKB+JX+덜할/VA+ETM+거/NNB+아냐/VCN+EC"
          },
          {
            "id": 16,
            "text": "1 : 몇천 주나 보던데 회당 키키",
            "norm_text": "몇천 주나 보던데 회당 키키",
            "speaker": {
              "id": "1번",
              "sex": "남성",
              "age": "20대"
            },
            "speechAct": "(단언) 진술하기",
            "morpheme": "몇/MM+천/NR+주/NNBC+나/JX+보/VV+던데/EC+회당/NNG+키/NNG+키/XSV+ETN"
          },
          {
            "id": 17,
            "text": "2 : 대박 일반인인데 그렇게나 준다고?",
            "norm_text": "대박 일반인인데 그렇게나 준다고?",
            "speaker": {
              "id": "2번",
              "sex": "여성",
              "age": "20대"
            },
            "speechAct": "(지시) 질문하기",
            "morpheme": "대박/NNG+일반인/NNG+인데/VCP+EC+그렇게/MAG+나/JX+준다고/VV+EF"
          },
          {
            "id": 18,
            "text": "1 : 키키 옹 그래서 나오나 봄",
            "norm_text": "키키 옹 그래서 나오나 봄",
            "speaker": {
              "id": "1번",
              "sex": "남성",
              "age": "20대"
            },
            "speechAct": "(단언) 주장하기",
            "morpheme": "키/NNG+키/XSV+ETN+옹/NNB+그래서/MAJ+나오/VV+나/EC+봄/NNG"
          },
          {
            "id": 19,
            "text": "1 : 돈 아니면 x랑 어떻게 나옴",
            "norm_text": "돈 아니면 x랑 어떻게 나옴",
            "speaker": {
              "id": "1번",
              "sex": "남성",
              "age": "20대"
            },
            "speechAct": "(지시) 질문하기",
            "morpheme": "돈/NNG+아니/VCN+면/EC+x/SL+랑/JKB+어떻게/MAG+나옴/VV+EC"
          },
          {
            "id": 20,
            "text": "2 : 겁나 대박 현타 세게 오는데?",
            "norm_text": "겁나 대박 현타 세게 오는데?",
            "speaker": {
              "id": "2번",
              "sex": "여성",
              "age": "20대"
            },
            "speechAct": "(단언) 주장하기",
            "morpheme": "겁/NNG+나대/NNG+박현/NNP+타세/NNG+게/XSV+EC+오/VV+는데/EC"
          }
        ]
      }
    }
  ]
}