{
  "dataset": {
    "identifier": 61335,
    "name": "KAKAO_922_08_set",
    "src_path": "/data/file/cubeManager/PROJECT001/53/txt20211005154147058646/KAKAO_922_08_set/",
    "label_path": "/data/file/cubeManager/PROJECT001/53/txt20211005154147058646/KAKAO_922_08_set/",
    "category": 2,
    "type": 0
  },
  "licenses": {
    "name": "Apache License 1.0",
    "url": "http://www.apache.org/licenses/LICENSE-1.0"
  },
  "info": [
    {
      "id": 41645,
      "filename": "KAKAO_922_08.txt",
      "title": "KAKAO_922_08",
      "mediatype": "SNS",
      "medianame": "카카오톡",
      "category": "일상대화",
      "date": "2021-10-05",
      "size": 496,
      "annotations": {
        "subject": "연애/결혼",
        "speaker_type": "1:1",
        "size": 496,
        "word_size": 157,
        "text": "1 : 남자 친구는 어떻게 만나게 됐어?\n2 : 나 모임에서 만나게 되었지요~ 키키\n1 : 오오 키키 넌 모임 같은 거 많이 한다 그랬지?\n2 : 강아지 모임 잠깐 했었었고 그거 말고는 사업자 모임 밖에 없지\n1 : 아아 키키 진짜 잘 만난 거 같네 키키 잘 어울려\n2 : 하하 감사합니다! 근데 언제 봤길래 잘 어울린다는 말씀을!\n1 : 키키 맨날 사진 올라오던데 키키 토끼랑 노는 것도\n2 : 맨날까지야! 키키 오빠도 되게 착하다!\n1 : 키키 아 진짜? 키키 그래 너도 착해... 키키 착한 커플...\n2 : 오... 나도 착해? 키키 착하니까 맛있는 거 사줘 ㅎ\n1 : 키키 응? 키키 서울 오면 언제든지 사줄게 오빠랑 와\n2 : 키키 서울 오면이라는 전제가 너무 크군요! 하하\n1 : 아니 예전엔 서울 자주 놀러 오더니 ㅜㅜ\n2 : 그땐... 코로나도 없었었고... 그랬던 시절이지? ㅠ\n1 : 키키 진심으로 코로나 때문에 서울 못 온다고?\n2 : 키키 그런 핑계도 있고 갈 일이 없다... 이젠 딱히 ㅠ",
        "lines": [
          {
            "id": 1,
            "text": "1 : 남자 친구는 어떻게 만나게 됐어?",
            "norm_text": "남자 친구는 어떻게 만나게 됐어?",
            "speaker": {
              "id": "1번",
              "sex": "여성",
              "age": "30대"
            },
            "speechAct": "(지시) 질문하기",
            "morpheme": "남자/NNG+친구/NNG+는/JX+어떻게/MAG+만나/VV+게/EC+됐/VV+EP+어/EF"
          },
          {
            "id": 2,
            "text": "2 : 나 모임에서 만나게 되었지요~ 키키",
            "norm_text": "나 모임에서 만나게 되었지요~ 키키",
            "speaker": {
              "id": "2번",
              "sex": "여성",
              "age": "30대"
            },
            "speechAct": "(단언) 진술하기",
            "morpheme": "나/NP+모임/NNG+에서/JKB+만나/VV+게/EC+되/VV+었/EP+지요/EF+~/SY+키/NNG+키/XSV+ETN"
          },
          {
            "id": 3,
            "text": "1 : 오오 키키 넌 모임 같은 거 많이 한다 그랬지?",
            "norm_text": "오오 키키 넌 모임 같은 거 많이 한다 그랬지?",
            "speaker": {
              "id": "1번",
              "sex": "여성",
              "age": "30대"
            },
            "speechAct": "(지시) 질문하기",
            "morpheme": "오/NR+오/NR+키/NNG+키/XSV+ETN+넌/JX+모임/NNG+같/VA+은/ETM+거/NNB+많이/MAG+한다/VV+EC+그랬/VV+EP+지/EF"
          },
          {
            "id": 4,
            "text": "2 : 강아지 모임 잠깐 했었었고 그거 말고는 사업자 모임 밖에 없지",
            "norm_text": "강아지 모임 잠깐 했었었고 그거 말고는 사업자 모임 밖에 없지",
            "speaker": {
              "id": "2번",
              "sex": "여성",
              "age": "30대"
            },
            "speechAct": "(단언) 진술하기",
            "morpheme": "강아지/NNG+모임/NNG+잠깐/MAG+했었었/VV+EP+고/EC+그거/NP+말/VV+고/EC+는/JX+사업자/NNG+모임/NNG+밖에/JX+없/VA+지/EC"
          },
          {
            "id": 5,
            "text": "1 : 아아 키키 진짜 잘 만난 거 같네 키키 잘 어울려",
            "norm_text": "아아 키키 진짜 잘 만난 거 같네 키키 잘 어울려",
            "speaker": {
              "id": "1번",
              "sex": "여성",
              "age": "30대"
            },
            "speechAct": "(단언) 주장하기",
            "morpheme": "아아/IC+키/NNG+키/XSV+ETN+진짜/MAG+잘/MAG+만난/VV+ETM+거/NNB+같/VA+네/EF+키/NNG+키/XSV+ETN+잘/MAG+어울려/VV+EC"
          },
          {
            "id": 6,
            "text": "2 : 하하 감사합니다! 근데 언제 봤길래 잘 어울린다는 말씀을!",
            "norm_text": "하하 감사합니다! 근데 언제 봤길래 잘 어울린다는 말씀을!",
            "speaker": {
              "id": "2번",
              "sex": "여성",
              "age": "30대"
            },
            "speechAct": "(단언) 주장하기",
            "morpheme": "하하/MAG+감사/NNG+합니다/XSV+EF+근데/MAJ+언제/MAG+봤/VV+EP+길래/EC+잘/MAG+어울린다는/VV+ETM+말씀/NNG+을/JKO"
          },
          {
            "id": 7,
            "text": "1 : 키키 맨날 사진 올라오던데 키키 토끼랑 노는 것도",
            "norm_text": "키키 맨날 사진 올라오던데 키키 토끼랑 노는 것도",
            "speaker": {
              "id": "1번",
              "sex": "여성",
              "age": "30대"
            },
            "speechAct": "(단언) 진술하기",
            "morpheme": "키/NNG+키/NNG+맨날/MAG+사진/NNG+올라오/VV+던데/EC+키/NNG+키/NNG+토끼/NNG+랑/JKB+노/VV+는/ETM+것/NNB+도/JX"
          },
          {
            "id": 8,
            "text": "2 : 맨날까지야! 키키 오빠도 되게 착하다!",
            "norm_text": "맨날까지야! 키키 오빠도 되게 착하다!",
            "speaker": {
              "id": "2번",
              "sex": "여성",
              "age": "30대"
            },
            "speechAct": "(단언) 주장하기",
            "morpheme": "맨/MM+날/NNG+까지/JX+야/VCP+EF+키/NNG+키/NNG+오빠/NNG+도/JX+되게/MAG+착하/VA+다/EF"
          },
          {
            "id": 9,
            "text": "1 : 키키 아 진짜? 키키 그래 너도 착해... 키키 착한 커플...",
            "norm_text": "키키 아 진짜? 키키 그래 너도 착해... 키키 착한 커플...",
            "speaker": {
              "id": "1번",
              "sex": "여성",
              "age": "30대"
            },
            "speechAct": "(단언) 주장하기",
            "morpheme": "키/NNG+키/VV+아/EC+진짜/MAG+키/NNG+키/XSV+ETN+그래/JX+너/NP+도/JX+착해/VA+EF+./SY+키/NNG+키/XSV+ETN+착한/VA+ETM+커플/NNG+./SY+./SY"
          },
          {
            "id": 10,
            "text": "2 : 오... 나도 착해? 키키 착하니까 맛있는 거 사줘 ㅎ",
            "norm_text": "오... 나도 착해? 키키 착하니까 맛있는 거 사줘 ㅎ",
            "speaker": {
              "id": "2번",
              "sex": "여성",
              "age": "30대"
            },
            "speechAct": "(단언) 주장하기",
            "morpheme": "오/IC+./SY+나/NP+도/JX+착해/VA+EF+키키착하니까맛있는거사줘ㅎ/UNKNOWN"
          },
          {
            "id": 11,
            "text": "1 : 키키 응? 키키 서울 오면 언제든지 사줄게 오빠랑 와",
            "norm_text": "키키 응? 키키 서울 오면 언제든지 사줄게 오빠랑 와",
            "speaker": {
              "id": "1번",
              "sex": "여성",
              "age": "30대"
            },
            "speechAct": "(언약) 약속하기(제3자와)/(개인적 수준)",
            "morpheme": "키/NNG+키/XSV+ETN+응/IC+키키서울오면언제든지사줄게오빠랑와/UNKNOWN"
          },
          {
            "id": 12,
            "text": "2 : 키키 서울 오면이라는 전제가 너무 크군요! 하하",
            "norm_text": "키키 서울 오면이라는 전제가 너무 크군요! 하하",
            "speaker": {
              "id": "2번",
              "sex": "여성",
              "age": "30대"
            },
            "speechAct": "(단언) 주장하기",
            "morpheme": "키키/NNP+서울/NNP+오면/NNP+이/VCP+라는/ETM+전제/NNG+가/JKS+너무/MAG+크/VA+군요/EF+하하/MAG"
          },
          {
            "id": 13,
            "text": "1 : 아니 예전엔 서울 자주 놀러 오더니 ㅜㅜ",
            "norm_text": "아니 예전엔 서울 자주 놀러 오더니 ㅜㅜ",
            "speaker": {
              "id": "1번",
              "sex": "여성",
              "age": "30대"
            },
            "speechAct": "(단언) 주장하기",
            "morpheme": "아니/IC+예전/NNG+엔/JKB+JX+서울/NNP+자주/MAG+놀러오/VV+더니/EC+ㅜㅜ/UNKNOWN"
          },
          {
            "id": 14,
            "text": "2 : 그땐... 코로나도 없었었고... 그랬던 시절이지? ㅠ",
            "norm_text": "그땐... 코로나도 없었었고... 그랬던 시절이지? ㅠ",
            "speaker": {
              "id": "2번",
              "sex": "여성",
              "age": "30대"
            },
            "speechAct": "(단언) 주장하기",
            "morpheme": "그땐/NNG+JX+./SY+코로나/NNG+도/JX+없/VA+었었/EP+고/EC+./SY+./SY+그랬/VV+EP+던/ETM+시절/NNG+이/VCP+지/EF+ㅠ/UNKNOWN"
          },
          {
            "id": 15,
            "text": "1 : 키키 진심으로 코로나 때문에 서울 못 온다고?",
            "norm_text": "키키 진심으로 코로나 때문에 서울 못 온다고?",
            "speaker": {
              "id": "1번",
              "sex": "여성",
              "age": "30대"
            },
            "speechAct": "(지시) 질문하기",
            "morpheme": "키/NNG+키/NNG+진심/NNG+으로/JKB+코로나/NNG+때문/NNB+에/JKB+서울/NNP+못/MAG+온다고/VV+EF"
          },
          {
            "id": 16,
            "text": "2 : 키키 그런 핑계도 있고 갈 일이 없다... 이젠 딱히 ㅠ",
            "norm_text": "키키 그런 핑계도 있고 갈 일이 없다... 이젠 딱히 ㅠ",
            "speaker": {
              "id": "2번",
              "sex": "여성",
              "age": "30대"
            },
            "speechAct": "(단언) 주장하기",
            "morpheme": "키키/NNP+그런/MM+핑계/NNG+도/JX+있/VA+고/EC+갈일/NNG+이/JKS+없/VA+다/EF+./SY+이젠딱히ㅠ/UNKNOWN"
          }
        ]
      }
    }
  ]
}