{
  "dataset": {
    "identifier": 63388,
    "name": "KAKAO_912_19_set",
    "src_path": "/data/file/cubeManager/PROJECT001/53/txt20211005154135022267/KAKAO_912_19_set/",
    "label_path": "/data/file/cubeManager/PROJECT001/53/txt20211005154135022267/KAKAO_912_19_set/",
    "category": 2,
    "type": 0
  },
  "licenses": {
    "name": "Apache License 1.0",
    "url": "http://www.apache.org/licenses/LICENSE-1.0"
  },
  "info": [
    {
      "id": 41636,
      "filename": "KAKAO_912_19.txt",
      "title": "KAKAO_912_19",
      "mediatype": "SNS",
      "medianame": "카카오톡",
      "category": "일상대화",
      "date": "2021-10-05",
      "size": 519,
      "annotations": {
        "subject": "방송/연예",
        "speaker_type": "1:1",
        "size": 519,
        "word_size": 153,
        "text": "1 : 어제 이하늬 주연인 드라마 시작했던데\n2 : 이하늬 드라마 시작했구나. 오랜만에 나오는 듯 하네\n1 : 그러게? 이하늬 윤계상이랑 사귀다가 헤어졌잖아?\n2 : 그치 바로 결혼했더라 윤계상\n1 : 맞아 근데 그걸로 ㅎ 사람들이 왜 욕하는지 모르겠어\n2 : 그래. 본인들만의 사정이 있는 거지\n1 : 오래 사귀면 다 결혼해야 하는 것도 아닌데 키키\n2 : 그러니까. 왜 욕을 듣지... 불륜도 아닌데\n1 : 내 말 키키 나얼 한혜진도 오래 사귀고 헤어지자마자 기성용이랑 결혼했잖아.\n2 : 그치. 그때도 욕했었나? 둘은 좀 신기하긴 했어\n1 : 그러게 키키 그때는 욕 안 했떤 거 같아 남자 여자 차인가\n2 : 그런가 봐 키키 남녀 차별인가. 키키 암튼 연예인들 피곤하겠다\n1 : 윤계상 결혼하시는 분도 인플루언서인 거 같던데\n2 : 그래. 유명하신 분일더라고? 다들 그런 분들을 만날 기회가 많아서 그런 걸까\n1 : 그러게 뭐 유아인 이런 사람들이랑 동업도 하고 그런 사람이래\n2 : 아 많이 유명하구나. 나는 그냥 사업해서 유명한 사람인 줄 알았어",
        "lines": [
          {
            "id": 1,
            "text": "1 : 어제 이하늬 주연인 드라마 시작했던데",
            "norm_text": "어제 이하늬 주연인 드라마 시작했던데",
            "speaker": {
              "id": "1번",
              "sex": "여성",
              "age": "30대"
            },
            "speechAct": "(단언) 진술하기",
            "morpheme": "어제/MAG+이하늬/NNP+주연/NNG+인/VCP+ETM+드라마/NNG+시작/NNG+했/XSV+EP+던데/EC"
          },
          {
            "id": 2,
            "text": "2 : 이하늬 드라마 시작했구나. 오랜만에 나오는 듯 하네",
            "norm_text": "이하늬 드라마 시작했구나. 오랜만에 나오는 듯 하네",
            "speaker": {
              "id": "2번",
              "sex": "여성",
              "age": "30대"
            },
            "speechAct": "(단언) 진술하기",
            "morpheme": "이하늬/NNP+드라마/NNG+시작/NNG+했/XSV+EP+구나/EF+오랜만/NNG+에/JKB+나오/VV+는/ETM+듯/NNB+하/XSA+네/EC"
          },
          {
            "id": 3,
            "text": "1 : 그러게? 이하늬 윤계상이랑 사귀다가 헤어졌잖아?",
            "norm_text": "그러게? 이하늬 윤계상이랑 사귀다가 헤어졌잖아?",
            "speaker": {
              "id": "1번",
              "sex": "여성",
              "age": "30대"
            },
            "speechAct": "(단언) 진술하기",
            "morpheme": "그러게/IC+이하늬/NNP+윤계상/NNP+이/XSN+랑/JKB+사귀/VV+다가/EC+헤어졌/VV+EP+잖아/EF"
          },
          {
            "id": 4,
            "text": "2 : 그치 바로 결혼했더라 윤계상",
            "norm_text": "그치 바로 결혼했더라 윤계상",
            "speaker": {
              "id": "2번",
              "sex": "여성",
              "age": "30대"
            },
            "speechAct": "(단언) 진술하기",
            "morpheme": "그치/IC+바로/MAG+결혼/NNG+했/XSV+EP+더라/EF+윤계상/NNP"
          },
          {
            "id": 5,
            "text": "1 : 맞아 근데 그걸로 ㅎ 사람들이 왜 욕하는지 모르겠어",
            "norm_text": "맞아 근데 그걸로 ㅎ 사람들이 왜 욕하는지 모르겠어",
            "speaker": {
              "id": "1번",
              "sex": "여성",
              "age": "30대"
            },
            "speechAct": "(단언) 주장하기",
            "morpheme": "맞아/IC+근데/MAJ+그걸/NP+JKO+로/XR+ㅎ/XSA+사람/NNG+들/XSN+이/JKS+왜/MAG+욕/NNG+하/XSV+는지/EC+모르/VV+겠/EP+어/EC"
          },
          {
            "id": 6,
            "text": "2 : 그래. 본인들만의 사정이 있는 거지",
            "norm_text": "그래. 본인들만의 사정이 있는 거지",
            "speaker": {
              "id": "2번",
              "sex": "여성",
              "age": "30대"
            },
            "speechAct": "(단언) 주장하기",
            "morpheme": "그래/IC+본인/NNG+들/XSN+만/JX+의/JKG+사정/NNG+이/JKS+있/VA+는/ETM+거/NNB+지/VCP+EC"
          },
          {
            "id": 7,
            "text": "1 : 오래 사귀면 다 결혼해야 하는 것도 아닌데 키키",
            "norm_text": "오래 사귀면 다 결혼해야 하는 것도 아닌데 키키",
            "speaker": {
              "id": "1번",
              "sex": "여성",
              "age": "30대"
            },
            "speechAct": "(단언) 주장하기",
            "morpheme": "오래/MAG+사귀/VV+면/EC+다/MAG+결혼/NNG+해야/XSV+EC+하/VV+는/ETM+것/NNB+도/JX+아닌데/VCN+EC+키/NNG+키/XSV+ETN"
          },
          {
            "id": 8,
            "text": "2 : 그러니까. 왜 욕을 듣지... 불륜도 아닌데",
            "norm_text": "그러니까. 왜 욕을 듣지... 불륜도 아닌데",
            "speaker": {
              "id": "2번",
              "sex": "여성",
              "age": "30대"
            },
            "speechAct": "(단언) 주장하기",
            "morpheme": "그러니까/MAJ+왜/MAG+욕/NNG+을/JKO+듣/VV+지/EF+./SY+불륜/NNG+도/JX+아닌데/VCN+EC"
          },
          {
            "id": 9,
            "text": "1 : 내 말 키키 나얼 한혜진도 오래 사귀고 헤어지자마자 기성용이랑 결혼했잖아.",
            "norm_text": "내 말 키키 나얼 한혜진도 오래 사귀고 헤어지자마자 기성용이랑 결혼했잖아.",
            "speaker": {
              "id": "1번",
              "sex": "여성",
              "age": "30대"
            },
            "speechAct": "(단언) 진술하기",
            "morpheme": "내/NP+JKG+말/NNG+키/NNG+키나/XSA+ETN+JX+얼/VV+ETM+한혜진/NNP+도/JX+오래/MAG+사귀/VV+고/EC+헤어지/VV+자마자/EC+기성/NNG+용/XSN+이랑/JC+결혼/NNG+했잖아/XSV+EP+EC+VX+EF"
          },
          {
            "id": 10,
            "text": "2 : 그치. 그때도 욕했었나? 둘은 좀 신기하긴 했어",
            "norm_text": "그치. 그때도 욕했었나? 둘은 좀 신기하긴 했어",
            "speaker": {
              "id": "2번",
              "sex": "여성",
              "age": "30대"
            },
            "speechAct": "(단언) 주장하기",
            "morpheme": "그치/IC+그때/NNG+도욕/NNG+했었/XSV+EP+나/EF+둘/NR+은/JX+좀/MAG+신기/NNG+하/XSV+긴/ETN+JX+했/VX+EP+어/EC"
          },
          {
            "id": 11,
            "text": "1 : 그러게 키키 그때는 욕 안 했떤 거 같아 남자 여자 차인가",
            "norm_text": "그러게 키키 그때는 욕 안 했떤 거 같아 남자 여자 차인가",
            "speaker": {
              "id": "1번",
              "sex": "여성",
              "age": "30대"
            },
            "speechAct": "(단언) 진술하기",
            "morpheme": "그러/VV+게/EC+키/NNG+키/NNG+그때/NNG+는/JX+욕/NNG+안/MAG+했/VV+EP+떤/VV+ETM+거/NNB+같/VA+아/EC+남자/NNG+여자/NNG+차인가/NNG+VCP+EC"
          },
          {
            "id": 12,
            "text": "2 : 그런가 봐 키키 남녀 차별인가. 키키 암튼 연예인들 피곤하겠다",
            "norm_text": "그런가 봐 키키 남녀 차별인가. 키키 암튼 연예인들 피곤하겠다",
            "speaker": {
              "id": "2번",
              "sex": "여성",
              "age": "30대"
            },
            "speechAct": "(단언) 주장하기",
            "morpheme": "그런가/VA+EC+봐/VX+EF+키키/NNP+남녀/NNG+차별/NNG+인가/VCP+EF+키/NNG+키/XSV+ETN+암튼/MAJ+연예인/NNG+들/XSN+피곤/NNG+하/XSV+겠/EP+다/EC"
          },
          {
            "id": 13,
            "text": "1 : 윤계상 결혼하시는 분도 인플루언서인 거 같던데",
            "norm_text": "윤계상 결혼하시는 분도 인플루언서인 거 같던데",
            "speaker": {
              "id": "1번",
              "sex": "여성",
              "age": "30대"
            },
            "speechAct": "(단언) 진술하기",
            "morpheme": "윤계상/NNP+결혼/NNG+하/XSV+시/EP+는/ETM+분도/NNG+인/VCP+ETM+플/NNG+루/JKB+언서/NNG+인/VCP+ETM+거/NNB+같/VA+던데/EC"
          },
          {
            "id": 14,
            "text": "2 : 그래. 유명하신 분일더라고? 다들 그런 분들을 만날 기회가 많아서 그런 걸까",
            "norm_text": "그래. 유명하신 분일더라고? 다들 그런 분들을 만날 기회가 많아서 그런 걸까",
            "speaker": {
              "id": "2번",
              "sex": "여성",
              "age": "30대"
            },
            "speechAct": "(단언) 진술하기",
            "morpheme": "그래/IC+유명/NNG+하/XSV+신/EP+ETM+분일/NNG+더라고/VCP+EF+다/MAG+들/XSN+그런/MM+분/NNB+들/XSN+을/JKO+만날/VV+ETM+기회/NNG+가/JKS+많/VA+아서/EC+그런/MM+걸까/NNB+VCP+EC"
          },
          {
            "id": 15,
            "text": "1 : 그러게 뭐 유아인 이런 사람들이랑 동업도 하고 그런 사람이래",
            "norm_text": "그러게 뭐 유아인 이런 사람들이랑 동업도 하고 그런 사람이래",
            "speaker": {
              "id": "1번",
              "sex": "여성",
              "age": "30대"
            },
            "speechAct": "(단언) 진술하기",
            "morpheme": "그러게/IC+뭐/IC+유아/NNG+인/VCP+ETM+이런/MM+사람/NNG+들/XSN+이랑/JKB+동업/NNG+도/JX+하/VV+고/EC+그런/MM+사람/NNG+이래/NNB"
          },
          {
            "id": 16,
            "text": "2 : 아 많이 유명하구나. 나는 그냥 사업해서 유명한 사람인 줄 알았어",
            "norm_text": "아 많이 유명하구나. 나는 그냥 사업해서 유명한 사람인 줄 알았어",
            "speaker": {
              "id": "2번",
              "sex": "여성",
              "age": "30대"
            },
            "speechAct": "(단언) 주장하기",
            "morpheme": "아/IC+많이/MAG+유명/NNG+하/XSA+구나/EF+나/NP+는/JX+그냥/MAG+사업/NNG+해서/XSV+EC+유명/XR+한/XSA+ETM+사람/NNG+인/VCP+ETM+줄/NNB+알/VV+았/EP+어/EC"
          }
        ]
      }
    }
  ]
}