{
  "dataset": {
    "identifier": 63181,
    "name": "KAKAO_917_11_set",
    "src_path": "/data/file/cubeManager/PROJECT001/53/txt20211005154939020578/KAKAO_917_11_set/",
    "label_path": "/data/file/cubeManager/PROJECT001/53/txt20211005154939020578/KAKAO_917_11_set/",
    "category": 2,
    "type": 0
  },
  "licenses": {
    "name": "Apache License 1.0",
    "url": "http://www.apache.org/licenses/LICENSE-1.0"
  },
  "info": [
    {
      "id": 41768,
      "filename": "KAKAO_917_11.txt",
      "title": "KAKAO_917_11",
      "mediatype": "SNS",
      "medianame": "카카오톡",
      "category": "일상대화",
      "date": "2021-10-05",
      "size": 499,
      "annotations": {
        "subject": "게임",
        "speaker_type": "1:1",
        "size": 499,
        "word_size": 165,
        "text": "1 : 포켓몬 고 게임해 봤었나?\n2 : 아니 그게 뭔데?\n2 : 포켓몬 잡는 건가?\n1 : 헐... 4년 전에 열풍이었는데 이걸 모른다고?! 키키\n2 : 키키 뭔지 모르겠는데 뭔데 재밌는 거가,\n1 : 키키 지금 보면 왜 했는지 모르겠는데 그 당시만 해도 포켓몬 고 안 하는 사람이 없었다 키키\n2 : 키키 나는 그때 뭐했노\n2 : 왜 유행을 못 따라갔지\n1 : 키키 해외에서도 유행했었을걸 뉴스도 나오고\n1 : 이것 때문에 사고 나는 사람도 많았었다 ㅠㅠ\n2 : 위험한 게임이가?\n2 : 뉴스까지 나오노\n1 : 이게 폰만 보고 다니고 그래서 위험하긴 했다 ㅠㅠ\n2 : 아 그런 걸 왜 해\n2 : 그 정도로 재밌는 거였나?\n1 : 엉 ㅠㅠ 니가 알고 있었어야 했다 진짜 키키\n2 : 키키 지금이라도 해보면 되지\n2 : 키키 이름이 포켓몬 고?\n1 : 지금 하면 놀림받을 수도 있데이?\n2 : 아 그런가? 근데 재밌다고 하니까 나도 한번 해보고 싶다 키키\n1 : 키키 집에서 한번 해봐 봐\n2 : 알겠다 키키 해보고 후기 알려줄게",
        "lines": [
          {
            "id": 1,
            "text": "1 : 포켓몬 고 게임해 봤었나?",
            "norm_text": "포켓몬 고 게임해 봤었나?",
            "speaker": {
              "id": "1번",
              "sex": "여성",
              "age": "20대"
            },
            "speechAct": "(지시) 질문하기",
            "morpheme": "포켓몬/NNP+고게/NP+JKS+임해/VV+EC+봤었/VX+EP+나/EF"
          },
          {
            "id": 2,
            "text": "2 : 아니 그게 뭔데?",
            "norm_text": "아니 그게 뭔데?",
            "speaker": {
              "id": "2번",
              "sex": "남성",
              "age": "30대"
            },
            "speechAct": "(지시) 질문하기",
            "morpheme": "아니/IC+그게/NP+JKS+뭔데/NP+VCP+EF"
          },
          {
            "id": 3,
            "text": "2 : 포켓몬 잡는 건가?",
            "norm_text": "포켓몬 잡는 건가?",
            "speaker": {
              "id": "2번",
              "sex": "남성",
              "age": "30대"
            },
            "speechAct": "(지시) 질문하기",
            "morpheme": "포켓몬/NNP+잡/VV+는/ETM+건가/NNB+VCP+EF"
          },
          {
            "id": 4,
            "text": "1 : 헐... 4년 전에 열풍이었는데 이걸 모른다고?! 키키",
            "norm_text": "헐... 4년 전에 열풍이었는데 이걸 모른다고?! 키키",
            "speaker": {
              "id": "1번",
              "sex": "여성",
              "age": "20대"
            },
            "speechAct": "(단언) 진술하기",
            "morpheme": "헐/IC+./SY+./SY+4/SN+년/NNBC+전/NNG+에/JKB+열풍/NNG+이/VCP+었/EP+는데/EC+이걸/NP+JKO+모른다고/VV+EF+!/SY+키/NNG+키/XSV+ETN"
          },
          {
            "id": 5,
            "text": "2 : 키키 뭔지 모르겠는데 뭔데 재밌는 거가,",
            "norm_text": "키키 뭔지 모르겠는데 뭔데 재밌는 거가,",
            "speaker": {
              "id": "2번",
              "sex": "남성",
              "age": "30대"
            },
            "speechAct": "(단언) 주장하기",
            "morpheme": "키/NNG+키/XSV+ETN+뭔지/NP+VCP+EC+모르/VV+겠/EP+는데/EC+뭔데/NP+VCP+EC+재밌/VA+는/ETM+거/NNB+가/JKS+,/SC"
          },
          {
            "id": 6,
            "text": "1 : 키키 지금 보면 왜 했는지 모르겠는데 그 당시만 해도 포켓몬 고 안 하는 사람이 없었다 키키",
            "norm_text": "키키 지금 보면 왜 했는지 모르겠는데 그 당시만 해도 포켓몬 고 안 하는 사람이 없었다 키키",
            "speaker": {
              "id": "1번",
              "sex": "여성",
              "age": "20대"
            },
            "speechAct": "(단언) 진술하기",
            "morpheme": "키/NNG+키/NNG+지금/MAG+보/VV+면/EC+왜/MAG+했/XSA+EP+는지/EC+모르/VV+겠/EP+는데/EC+그/MM+당시/NNG+만/JX+해도/VV+EC+포켓몬/NNP+고안/NNG+하/XSV+는/ETM+사람/NNG+이/JKS+없/VA+었/EP+다키키/NNP"
          },
          {
            "id": 7,
            "text": "2 : 키키 나는 그때 뭐했노",
            "norm_text": "키키 나는 그때 뭐했노",
            "speaker": {
              "id": "2번",
              "sex": "남성",
              "age": "30대"
            },
            "speechAct": "(단언) 진술하기",
            "morpheme": "키/NNG+키나/XSA+ETN+JX+는/JX+그때/NNG+뭐/IC+했/VV+EP+노/EC"
          },
          {
            "id": 8,
            "text": "2 : 왜 유행을 못 따라갔지",
            "norm_text": "왜 유행을 못 따라갔지",
            "speaker": {
              "id": "2번",
              "sex": "남성",
              "age": "30대"
            },
            "speechAct": "(단언) 진술하기",
            "morpheme": "왜/MAG+유행/NNG+을/JKO+못/MAG+따라갔/VV+EP+지/EC"
          },
          {
            "id": 9,
            "text": "1 : 키키 해외에서도 유행했었을걸 뉴스도 나오고",
            "norm_text": "키키 해외에서도 유행했었을걸 뉴스도 나오고",
            "speaker": {
              "id": "1번",
              "sex": "여성",
              "age": "20대"
            },
            "speechAct": "(단언) 진술하기",
            "morpheme": "키/NNG+키/NNG+해외/NNG+에서/JKB+도/JX+유행/NNG+했었/XSV+EP+을/ETM+걸/NNB+JKO+뉴스/NNG+도/JX+나오/VV+고/EC"
          },
          {
            "id": 10,
            "text": "1 : 이것 때문에 사고 나는 사람도 많았었다 ㅠㅠ",
            "norm_text": "이것 때문에 사고 나는 사람도 많았었다 ㅠㅠ",
            "speaker": {
              "id": "1번",
              "sex": "여성",
              "age": "20대"
            },
            "speechAct": "(단언) 진술하기",
            "morpheme": "이것/NP+때문/NNB+에/JKB+사/VV+고/EC+나/NP+는/JX+사람/NNG+도/JX+많/VA+았었/EP+다/EF+ㅠㅠ/UNKNOWN"
          },
          {
            "id": 11,
            "text": "2 : 위험한 게임이가?",
            "norm_text": "위험한 게임이가?",
            "speaker": {
              "id": "2번",
              "sex": "남성",
              "age": "30대"
            },
            "speechAct": "(지시) 질문하기",
            "morpheme": "위험/NNG+한/XSA+ETM+게/NNB+JKS+임이/NNP+가/JKS"
          },
          {
            "id": 12,
            "text": "2 : 뉴스까지 나오노",
            "norm_text": "뉴스까지 나오노",
            "speaker": {
              "id": "2번",
              "sex": "남성",
              "age": "30대"
            },
            "speechAct": "(단언) 주장하기",
            "morpheme": "뉴스/NNG+까지/JX+나오/VV+노/EC"
          },
          {
            "id": 13,
            "text": "1 : 이게 폰만 보고 다니고 그래서 위험하긴 했다 ㅠㅠ",
            "norm_text": "이게 폰만 보고 다니고 그래서 위험하긴 했다 ㅠㅠ",
            "speaker": {
              "id": "1번",
              "sex": "여성",
              "age": "20대"
            },
            "speechAct": "(단언) 진술하기",
            "morpheme": "이게/NP+JKS+폰/NNG+만/JX+보/VV+고/EC+다니/VV+고/EC+그래서/MAJ+위험/NNG+하/XSV+긴/ETN+JX+했/VX+EP+다/EF+ㅠㅠ/UNKNOWN"
          },
          {
            "id": 14,
            "text": "2 : 아 그런 걸 왜 해",
            "norm_text": "아 그런 걸 왜 해",
            "speaker": {
              "id": "2번",
              "sex": "남성",
              "age": "30대"
            },
            "speechAct": "(단언) 진술하기",
            "morpheme": "아/IC+그런/MM+걸/NNB+JKO+왜/MAG+해/VV+EC"
          },
          {
            "id": 15,
            "text": "2 : 그 정도로 재밌는 거였나?",
            "norm_text": "그 정도로 재밌는 거였나?",
            "speaker": {
              "id": "2번",
              "sex": "남성",
              "age": "30대"
            },
            "speechAct": "(지시) 질문하기",
            "morpheme": "그/MM+정도/NNG+로/JKB+재밌/VA+는/ETM+거/NNB+였/VCP+EP+나/EF"
          },
          {
            "id": 16,
            "text": "1 : 엉 ㅠㅠ 니가 알고 있었어야 했다 진짜 키키",
            "norm_text": "엉 ㅠㅠ 니가 알고 있었어야 했다 진짜 키키",
            "speaker": {
              "id": "1번",
              "sex": "여성",
              "age": "20대"
            },
            "speechAct": "(단언) 주장하기",
            "morpheme": "엉/IC+ㅠㅠ/UNKNOWN+니/NP+가/JKS+알/VV+고/EC+있/VX+었/EP+어야/EC+했/VX+EP+다/EF+진짜/MAG+키/NNG+키/XSV+ETN"
          },
          {
            "id": 17,
            "text": "2 : 키키 지금이라도 해보면 되지",
            "norm_text": "키키 지금이라도 해보면 되지",
            "speaker": {
              "id": "2번",
              "sex": "남성",
              "age": "30대"
            },
            "speechAct": "(단언) 진술하기",
            "morpheme": "키/NNG+키/NNG+지금/NNG+이/VCP+라도/EC+해/VV+EC+보/VX+면/EC+되/VV+지/EC"
          },
          {
            "id": 18,
            "text": "2 : 키키 이름이 포켓몬 고?",
            "norm_text": "키키 이름이 포켓몬 고?",
            "speaker": {
              "id": "2번",
              "sex": "남성",
              "age": "30대"
            },
            "speechAct": "(지시) 질문하기",
            "morpheme": "키/NNG+키/NNG+이름/NNG+이/JKS+포켓/NNG+몬/VV+고/EC"
          },
          {
            "id": 19,
            "text": "1 : 지금 하면 놀림받을 수도 있데이?",
            "norm_text": "지금 하면 놀림받을 수도 있데이?",
            "speaker": {
              "id": "1번",
              "sex": "여성",
              "age": "20대"
            },
            "speechAct": "(지시) 질문하기",
            "morpheme": "지금/NNG+하/XSV+면/EC+놀림/VV+ETN+받/VV+을/ETM+수/NNB+도/JX+있/VA+데이/EF"
          },
          {
            "id": 20,
            "text": "2 : 아 그런가? 근데 재밌다고 하니까 나도 한번 해보고 싶다 키키",
            "norm_text": "아 그런가? 근데 재밌다고 하니까 나도 한번 해보고 싶다 키키",
            "speaker": {
              "id": "2번",
              "sex": "남성",
              "age": "30대"
            },
            "speechAct": "(지시) 질문하기",
            "morpheme": "아/IC+그런가/VA+EF+근데/MAJ+재밌/VA+다고/EC+하/VV+니까/EC+나/NP+도/JX+한/MM+번/NNBC+해/VV+EC+보/VX+고/EC+싶/VX+다키키/NNP"
          },
          {
            "id": 21,
            "text": "1 : 키키 집에서 한번 해봐 봐",
            "norm_text": "키키 집에서 한번 해봐 봐",
            "speaker": {
              "id": "1번",
              "sex": "여성",
              "age": "20대"
            },
            "speechAct": "(단언) 진술하기",
            "morpheme": "키/NNG+키/NNG+집/NNG+에서/JKB+한/MM+번/NNBC+해/VV+EC+봐/VX+EC+봐/VX+EC"
          },
          {
            "id": 22,
            "text": "2 : 알겠다 키키 해보고 후기 알려줄게",
            "norm_text": "알겠다 키키 해보고 후기 알려줄게",
            "speaker": {
              "id": "2번",
              "sex": "남성",
              "age": "30대"
            },
            "speechAct": "(단언) 주장하기",
            "morpheme": "알/VV+겠/EP+다키키/NNP+해/VV+EC+보/VX+고/EC+후기/NNG+알려/VV+EC+줄/VX+ETM+게/NNB+JKS"
          }
        ]
      }
    }
  ]
}