{
  "dataset": {
    "identifier": 56740,
    "name": "KAKAO_913_18",
    "src_path": "/data/file/cubeManager/PROJECT001/53/txt20211005161416020887/KAKAO_913_18/",
    "label_path": "/data/file/cubeManager/PROJECT001/53/txt20211005161416020887/KAKAO_913_18/",
    "category": 2,
    "type": 0
  },
  "licenses": {
    "name": "Apache License 1.0",
    "url": "http://www.apache.org/licenses/LICENSE-1.0"
  },
  "info": [
    {
      "id": 42015,
      "filename": "KAKAO_913_18.txt",
      "title": "KAKAO_913_18",
      "mediatype": "SNS",
      "medianame": "카카오톡",
      "category": "일상대화",
      "date": "2021-10-05",
      "size": 449,
      "annotations": {
        "subject": "상거래 전반",
        "speaker_type": "1:1",
        "size": 449,
        "word_size": 151,
        "text": "1 : 언니는 옷 인터넷에서 사?\n2 : 음 상의는 거의 온라인인 거 같아!\n1 : 아 정말? 나는 바지는 온라인인데 ㅠㅠ\n1 : 길이가 안 맞아\n2 : 키키 안쓰럽다...\n2 : 나는 사이즈가 안 맞아 ㅠ\n1 : 오프라인으로 가면 피팅이 안돼 흑흑\n2 : 요즘 오프라인도 수선집 해줘...\n1 : 그러게 근데 수선 안 예쁘게 해줘서 그냥 세탁소에 맡겨\n2 : 맞아 여기 유명한 수선집 있엉 키키\n1 : 아 그래? 거기서 해야겠어 키키\n1 : 오프라인에 상의 예쁜 거 많지 않아?\n2 : 종류는 온라인이 더 많은데 ㅠ 옷은 맞게 입어야 되잖아 ㅠ\n1 : 아하... 그래 ㅠㅠ 너무 슬프다\n1 : 우리 같이 발품 하러 다니자!\n2 : 좋아 나 동묘도 가보고 싶어 키키\n1 : 동묘 거기 구제옷 많은데 좋아해?\n2 : 그건 아닌데 한 번쯤 가보고 싶어 하하\n1 : 그래? 먼지 많이 나서 비추야 ㅠㅠ 키키\n2 : 먼지 한번 마셔주지 뭐 하하",
        "lines": [
          {
            "id": 1,
            "text": "1 : 언니는 옷 인터넷에서 사?",
            "norm_text": "언니는 옷 인터넷에서 사?",
            "speaker": {
              "id": "1번",
              "sex": "여성",
              "age": "20대"
            },
            "speechAct": "(지시) 질문하기",
            "morpheme": "언니/NNG+는/JX+옷/NNG+인터넷/NNG+에서/JKB+사/VV+EF"
          },
          {
            "id": 2,
            "text": "2 : 음 상의는 거의 온라인인 거 같아!",
            "norm_text": "음 상의는 거의 온라인인 거 같아!",
            "speaker": {
              "id": "2번",
              "sex": "여성",
              "age": "20대"
            },
            "speechAct": "(단언) 진술하기",
            "morpheme": "음/IC+상의/NNG+는/JX+거의/MAG+온라인/NNG+인/VCP+ETM+거/NNB+같/VA+아/EF"
          },
          {
            "id": 3,
            "text": "1 : 아 정말? 나는 바지는 온라인인데 ㅠㅠ",
            "norm_text": "아 정말? 나는 바지는 온라인인데 ㅠㅠ",
            "speaker": {
              "id": "1번",
              "sex": "여성",
              "age": "20대"
            },
            "speechAct": "(단언) 진술하기",
            "morpheme": "아/IC+정말/MAG+나/NP+는/JX+바지/VV+는/ETM+온라인/NNG+인데/VCP+EC+ㅠㅠ/UNKNOWN"
          },
          {
            "id": 4,
            "text": "1 : 길이가 안 맞아",
            "norm_text": "길이가 안 맞아",
            "speaker": {
              "id": "1번",
              "sex": "여성",
              "age": "20대"
            },
            "speechAct": "(단언) 진술하기",
            "morpheme": "길이/NNG+가/JKS+안/MAG+맞/VV+아/EC"
          },
          {
            "id": 5,
            "text": "2 : 키키 안쓰럽다...",
            "norm_text": "키키 안쓰럽다...",
            "speaker": {
              "id": "2번",
              "sex": "여성",
              "age": "20대"
            },
            "speechAct": "(단언) 주장하기",
            "morpheme": "키/NNG+키/XSV+ETN+안쓰럽/VA+다/EF+./SY"
          },
          {
            "id": 6,
            "text": "2 : 나는 사이즈가 안 맞아 ㅠ",
            "norm_text": "나는 사이즈가 안 맞아 ㅠ",
            "speaker": {
              "id": "2번",
              "sex": "여성",
              "age": "20대"
            },
            "speechAct": "(단언) 진술하기",
            "morpheme": "나/NP+는/JX+사이즈/NNG+가/JKS+안/MAG+맞/VV+아/EC+ㅠ/UNKNOWN"
          },
          {
            "id": 7,
            "text": "1 : 오프라인으로 가면 피팅이 안돼 흑흑",
            "norm_text": "오프라인으로 가면 피팅이 안돼 흑흑",
            "speaker": {
              "id": "1번",
              "sex": "여성",
              "age": "20대"
            },
            "speechAct": "(단언) 주장하기",
            "morpheme": "오프라인/NNG+으로/JKB+가/VV+면/EC+피팅/NNP+이/JKS+안/MAG+돼/VV+EC+흑흑/MAG"
          },
          {
            "id": 8,
            "text": "2 : 요즘 오프라인도 수선집 해줘...",
            "norm_text": "요즘 오프라인도 수선집 해줘...",
            "speaker": {
              "id": "2번",
              "sex": "여성",
              "age": "20대"
            },
            "speechAct": "(단언) 진술하기",
            "morpheme": "요즘/NNG+오프라인/NNG+도/JX+수선/NNG+집/NNG+해/XSV+EC+줘/VX+EF+./SY"
          },
          {
            "id": 9,
            "text": "1 : 그러게 근데 수선 안 예쁘게 해줘서 그냥 세탁소에 맡겨",
            "norm_text": "그러게 근데 수선 안 예쁘게 해줘서 그냥 세탁소에 맡겨",
            "speaker": {
              "id": "1번",
              "sex": "여성",
              "age": "20대"
            },
            "speechAct": "(단언) 진술하기",
            "morpheme": "그러게/IC+근데/MAJ+수선/NNG+안/MAG+예쁘/VA+게/EC+해줘서/VX+EC+VX+EC+그냥/MAG+세탁소/NNG+에/JKB+맡겨/VV+EC"
          },
          {
            "id": 10,
            "text": "2 : 맞아 여기 유명한 수선집 있엉 키키",
            "norm_text": "맞아 여기 유명한 수선집 있엉 키키",
            "speaker": {
              "id": "2번",
              "sex": "여성",
              "age": "20대"
            },
            "speechAct": "(단언) 주장하기",
            "morpheme": "맞/VV+아/EC+여기/NP+유명/NNG+한/XSA+ETM+수/NNB+선/VV+ETM+집/NNG+있/VV+엉/EC+키/NNG+키/XSV+ETN"
          },
          {
            "id": 11,
            "text": "1 : 아 그래? 거기서 해야겠어 키키",
            "norm_text": "아 그래? 거기서 해야겠어 키키",
            "speaker": {
              "id": "1번",
              "sex": "여성",
              "age": "20대"
            },
            "speechAct": "(단언) 주장하기",
            "morpheme": "아/IC+그래/IC+거기/NP+서/JKB+해야/VV+EC+VX+겠/EP+어/EC+키/NNG+키/XSV+ETN"
          },
          {
            "id": 12,
            "text": "1 : 오프라인에 상의 예쁜 거 많지 않아?",
            "norm_text": "오프라인에 상의 예쁜 거 많지 않아?",
            "speaker": {
              "id": "1번",
              "sex": "여성",
              "age": "20대"
            },
            "speechAct": "(지시) 질문하기",
            "morpheme": "오프라인/NNG+에/JKB+상/NNG+의/JKG+예쁜/VA+ETM+거/NNB+많/VA+지/EC+않/VX+아/EF"
          },
          {
            "id": 13,
            "text": "2 : 종류는 온라인이 더 많은데 ㅠ 옷은 맞게 입어야 되잖아 ㅠ",
            "norm_text": "종류는 온라인이 더 많은데 ㅠ 옷은 맞게 입어야 되잖아 ㅠ",
            "speaker": {
              "id": "2번",
              "sex": "여성",
              "age": "20대"
            },
            "speechAct": "(단언) 주장하기",
            "morpheme": "종류/NNG+는/JX+온라인/NNG+이/JKS+더/MAG+많/VA+은/ETM+데ㅠ/UNKNOWN+옷/NNG+은/JX+맞/VV+게/EC+입/VV+어야/EC+되/VV+잖아/EF+ㅠ/UNKNOWN"
          },
          {
            "id": 14,
            "text": "1 : 아하... 그래 ㅠㅠ 너무 슬프다",
            "norm_text": "아하... 그래 ㅠㅠ 너무 슬프다",
            "speaker": {
              "id": "1번",
              "sex": "여성",
              "age": "20대"
            },
            "speechAct": "(단언) 주장하기",
            "morpheme": "아하/IC+./SY+그래/VA+EC+ㅠㅠ/UNKNOWN+너무/MAG+슬프/VA+다/EC"
          },
          {
            "id": 15,
            "text": "1 : 우리 같이 발품 하러 다니자!",
            "norm_text": "우리 같이 발품 하러 다니자!",
            "speaker": {
              "id": "1번",
              "sex": "여성",
              "age": "20대"
            },
            "speechAct": "(지시) 충고/제안하기",
            "morpheme": "우리/NP+같이/MAG+발품/NNG+하/XSV+러/EC+다니/VV+자/EF"
          },
          {
            "id": 16,
            "text": "2 : 좋아 나 동묘도 가보고 싶어 키키",
            "norm_text": "좋아 나 동묘도 가보고 싶어 키키",
            "speaker": {
              "id": "2번",
              "sex": "여성",
              "age": "20대"
            },
            "speechAct": "(단언) 주장하기",
            "morpheme": "좋/VA+아나/EC+동묘/NNG+도/JX+가/VV+EC+보/VX+고/EC+싶/VX+어/EC+키/NNG+키/XSV+ETN"
          },
          {
            "id": 17,
            "text": "1 : 동묘 거기 구제옷 많은데 좋아해?",
            "norm_text": "동묘 거기 구제옷 많은데 좋아해?",
            "speaker": {
              "id": "1번",
              "sex": "여성",
              "age": "20대"
            },
            "speechAct": "(지시) 질문하기",
            "morpheme": "동묘/NNG+거기/NP+구제/NNG+옷/NNG+많/VA+은/ETM+데/NNB+좋/VA+아/EC+해/VX+EF"
          },
          {
            "id": 18,
            "text": "2 : 그건 아닌데 한 번쯤 가보고 싶어 하하",
            "norm_text": "그건 아닌데 한 번쯤 가보고 싶어 하하",
            "speaker": {
              "id": "2번",
              "sex": "여성",
              "age": "20대"
            },
            "speechAct": "(단언) 주장하기",
            "morpheme": "그건/NP+JX+아닌데/VCN+EC+한/MM+번/NNBC+쯤/XSN+가/JKC+보/VV+고/EC+싶/VX+어/EC+하하/MAG"
          },
          {
            "id": 19,
            "text": "1 : 그래? 먼지 많이 나서 비추야 ㅠㅠ 키키",
            "norm_text": "그래? 먼지 많이 나서 비추야 ㅠㅠ 키키",
            "speaker": {
              "id": "1번",
              "sex": "여성",
              "age": "20대"
            },
            "speechAct": "(단언) 주장하기",
            "morpheme": "그래/IC+먼지/NNG+많이/MAG+나/NP+서/JKB+비추/VV+야/EF+ㅠㅠ/UNKNOWN+키/NNG+키/XSV+ETN"
          },
          {
            "id": 20,
            "text": "2 : 먼지 한번 마셔주지 뭐 하하",
            "norm_text": "먼지 한번 마셔주지 뭐 하하",
            "speaker": {
              "id": "2번",
              "sex": "여성",
              "age": "20대"
            },
            "speechAct": "(단언) 주장하기",
            "morpheme": "먼지/NNG+한/MM+번/NNBC+마셔/VV+EC+주/VX+지/EF+뭐/IC+하하/MAG"
          }
        ]
      }
    }
  ]
}