{
  "dataset": {
    "identifier": 63325,
    "name": "KAKAO_914_04_set",
    "src_path": "/data/file/cubeManager/PROJECT001/53/txt20211005161430066627/KAKAO_914_04_set/",
    "label_path": "/data/file/cubeManager/PROJECT001/53/txt20211005161430066627/KAKAO_914_04_set/",
    "category": 2,
    "type": 0
  },
  "licenses": {
    "name": "Apache License 1.0",
    "url": "http://www.apache.org/licenses/LICENSE-1.0"
  },
  "info": [
    {
      "id": 42021,
      "filename": "KAKAO_914_04.txt",
      "title": "KAKAO_914_04",
      "mediatype": "SNS",
      "medianame": "카카오톡",
      "category": "일상대화",
      "date": "2021-10-05",
      "size": 508,
      "annotations": {
        "subject": "회사/아르바이트",
        "speaker_type": "1:1",
        "size": 508,
        "word_size": 168,
        "text": "1 : 직장생활은 할만 하더나? 키키\n1 : 잘 맞는 것 같음?\n2 : 아니 키키 진짜 안 맞아\n2 : 사주 봤었는데 거기서도 난 직장생활 안 맞대 키키\n1 : 아? 그러면 뭐해야 해?\n1 : 사업? 키키\n2 : 키키 난 자영업도 아니고... 성격이 법조계나 선생 뭐 이런?\n1 : 오? 뭐야 선생 잘 어울리는데?\n2 : 키키 근데 지금 와서 대학 다시 갈 수도 없고 키키\n1 : 그러니까 와 진짜 10년만 어렸어도\n2 : 키키 그러니까 키키 지금도 돈만 있으면 할 수 있다만 돈이 없죠\n1 : 키키 진짜 돈이 없다 돈이 없어\n2 : 키키 여튼 난... 직장생활 어디 가서도 스트레스 받을 거래\n1 : 아 진짜? 와 그러면 직장생활 하면 또 아프겠노\n2 : 나랑 안 맞아서 키키\n2 : 성격이 또 그냥 네네 하는 스타일이 아나리서\n1 : 아 또 맞춰주는 성격도 아니라서\n2 : 응 키키 회사에서 니 대답은 아니오라도 네라고 대답하라고 꼰대소리 들음\n1 : 키키 진짜 직장생활 어렵구만\n2 : 키키 진짜 일반 보통 시민으로 살아가기 겁나 어려워",
        "lines": [
          {
            "id": 1,
            "text": "1 : 직장생활은 할만 하더나? 키키",
            "norm_text": "직장생활은 할만 하더나? 키키",
            "speaker": {
              "id": "1번",
              "sex": "남성",
              "age": "20대"
            },
            "speechAct": "(지시) 질문하기",
            "morpheme": "직장/NNG+생활/NNG+은/JX+할/VV+ETM+만/NNB+하/XSA+더나/EF+키/NNG+키/XSV+ETN"
          },
          {
            "id": 2,
            "text": "1 : 잘 맞는 것 같음?",
            "norm_text": "잘 맞는 것 같음?",
            "speaker": {
              "id": "1번",
              "sex": "남성",
              "age": "20대"
            },
            "speechAct": "(지시) 질문하기",
            "morpheme": "잘/MAG+맞/VV+는/ETM+것/NNB+같/VA+음/ETN"
          },
          {
            "id": 3,
            "text": "2 : 아니 키키 진짜 안 맞아",
            "norm_text": "아니 키키 진짜 안 맞아",
            "speaker": {
              "id": "2번",
              "sex": "여성",
              "age": "20대"
            },
            "speechAct": "(단언) 진술하기",
            "morpheme": "아니/IC+키/NNG+키/XSV+ETN+진짜/MAG+안/MAG+맞/VV+아/EC"
          },
          {
            "id": 4,
            "text": "2 : 사주 봤었는데 거기서도 난 직장생활 안 맞대 키키",
            "norm_text": "사주 봤었는데 거기서도 난 직장생활 안 맞대 키키",
            "speaker": {
              "id": "2번",
              "sex": "여성",
              "age": "20대"
            },
            "speechAct": "(단언) 진술하기",
            "morpheme": "사/NR+주/NNBC+봤었/VV+EP+는데/EC+거기/NP+서/JKB+도/JX+난/NP+JX+직장/NNG+생활/NNG+안/MAG+맞대/VV+EC+키/NNG+키/XSV+ETN"
          },
          {
            "id": 5,
            "text": "1 : 아? 그러면 뭐해야 해?",
            "norm_text": "아? 그러면 뭐해야 해?",
            "speaker": {
              "id": "1번",
              "sex": "남성",
              "age": "20대"
            },
            "speechAct": "(지시) 질문하기",
            "morpheme": "아/IC+그러면/MAJ+뭐/IC+해야/VV+EC+해/VX+EF"
          },
          {
            "id": 6,
            "text": "1 : 사업? 키키",
            "norm_text": "사업? 키키",
            "speaker": {
              "id": "1번",
              "sex": "남성",
              "age": "20대"
            },
            "speechAct": "턴토크 사인(관습적 반응)",
            "morpheme": "사업/NNG+?/SY+키/NNG+키/XSV+ETN"
          },
          {
            "id": 7,
            "text": "2 : 키키 난 자영업도 아니고... 성격이 법조계나 선생 뭐 이런?",
            "norm_text": "키키 난 자영업도 아니고... 성격이 법조계나 선생 뭐 이런?",
            "speaker": {
              "id": "2번",
              "sex": "여성",
              "age": "20대"
            },
            "speechAct": "(단언) 진술하기",
            "morpheme": "키/NNG+키/XSV+ETN+난/VV+ETM+자영업/NNG+도/JX+아니/VCN+고/EC+./SY+./SY+성격/NNG+이/JKS+법조/NNG+계/XSN+나/JC+선생/NNG+뭐/IC+이런/MM"
          },
          {
            "id": 8,
            "text": "1 : 오? 뭐야 선생 잘 어울리는데?",
            "norm_text": "오? 뭐야 선생 잘 어울리는데?",
            "speaker": {
              "id": "1번",
              "sex": "남성",
              "age": "20대"
            },
            "speechAct": "(단언) 주장하기",
            "morpheme": "오/IC+뭐/IC+야/IC+선생/NNG+잘/MAG+어울리/VV+는데/EC"
          },
          {
            "id": 9,
            "text": "2 : 키키 근데 지금 와서 대학 다시 갈 수도 없고 키키",
            "norm_text": "키키 근데 지금 와서 대학 다시 갈 수도 없고 키키",
            "speaker": {
              "id": "2번",
              "sex": "여성",
              "age": "20대"
            },
            "speechAct": "(단언) 주장하기",
            "morpheme": "키/NNG+키/XSV+ETN+근데/MAJ+지금/MAG+와서/VV+EC+대학/NNG+다시/MAG+갈/VV+ETM+수/NNB+도/JX+없/VA+고/EC+키/NNG+키/XSV+ETN"
          },
          {
            "id": 10,
            "text": "1 : 그러니까 와 진짜 10년만 어렸어도",
            "norm_text": "그러니까 와 진짜 10년만 어렸어도",
            "speaker": {
              "id": "1번",
              "sex": "남성",
              "age": "20대"
            },
            "speechAct": "(단언) 주장하기",
            "morpheme": "그러니까/MAJ+와/IC+진짜/MAG+10/SN+년/NNBC+만/JX+어렸/VA+EP+어도/EC"
          },
          {
            "id": 11,
            "text": "2 : 키키 그러니까 키키 지금도 돈만 있으면 할 수 있다만 돈이 없죠",
            "norm_text": "키키 그러니까 키키 지금도 돈만 있으면 할 수 있다만 돈이 없죠",
            "speaker": {
              "id": "2번",
              "sex": "여성",
              "age": "20대"
            },
            "speechAct": "(단언) 진술하기",
            "morpheme": "키/NNG+키/XSV+ETN+그러니까/MAJ+키/NNG+키/NNG+지금/NNG+도/JX+돈/NNG+만/JX+있/VX+으면/EC+할/VX+ETM+수/NNB+있/VV+다만/EC+돈/NNG+이/JKS+없/VA+죠/EF"
          },
          {
            "id": 12,
            "text": "1 : 키키 진짜 돈이 없다 돈이 없어",
            "norm_text": "키키 진짜 돈이 없다 돈이 없어",
            "speaker": {
              "id": "1번",
              "sex": "남성",
              "age": "20대"
            },
            "speechAct": "(단언) 진술하기",
            "morpheme": "키/NNG+키/XSV+ETN+진짜/MAG+돈/NNG+이/JKS+없/VA+다/EC+돈/NNG+이/JKS+없/VA+어/EC"
          },
          {
            "id": 13,
            "text": "2 : 키키 여튼 난... 직장생활 어디 가서도 스트레스 받을 거래",
            "norm_text": "키키 여튼 난... 직장생활 어디 가서도 스트레스 받을 거래",
            "speaker": {
              "id": "2번",
              "sex": "여성",
              "age": "20대"
            },
            "speechAct": "(단언) 진술하기",
            "morpheme": "키키여튼난/UNKNOWN+./SY+직장생활어디가서도스트레스받을거래/UNKNOWN"
          },
          {
            "id": 14,
            "text": "1 : 아 진짜? 와 그러면 직장생활 하면 또 아프겠노",
            "norm_text": "아 진짜? 와 그러면 직장생활 하면 또 아프겠노",
            "speaker": {
              "id": "1번",
              "sex": "남성",
              "age": "20대"
            },
            "speechAct": "(단언) 주장하기",
            "morpheme": "아/IC+진짜/MAG+와/IC+그러면/MAJ+직장/NNG+생활/NNG+하/XSV+면/EC+또/MAG+아프/VA+겠/EP+노/EC"
          },
          {
            "id": 15,
            "text": "2 : 나랑 안 맞아서 키키",
            "norm_text": "나랑 안 맞아서 키키",
            "speaker": {
              "id": "2번",
              "sex": "여성",
              "age": "20대"
            },
            "speechAct": "(단언) 진술하기",
            "morpheme": "나/NP+랑/JC+안/MAG+맞/VV+아서/EC+키/NNG+키/XSV+ETN"
          },
          {
            "id": 16,
            "text": "2 : 성격이 또 그냥 네네 하는 스타일이 아나리서",
            "norm_text": "성격이 또 그냥 네네 하는 스타일이 아나리서",
            "speaker": {
              "id": "2번",
              "sex": "여성",
              "age": "20대"
            },
            "speechAct": "(단언) 진술하기",
            "morpheme": "성격/NNG+이/JKS+또/MAG+그냥/MAG+네네/IC+하/VV+는/ETM+스타일/NNG+이/VCP+아/EC+나리/VV+서/EC"
          },
          {
            "id": 17,
            "text": "1 : 아 또 맞춰주는 성격도 아니라서",
            "norm_text": "아 또 맞춰주는 성격도 아니라서",
            "speaker": {
              "id": "1번",
              "sex": "남성",
              "age": "20대"
            },
            "speechAct": "(단언) 진술하기",
            "morpheme": "아/IC+또/MAG+맞춰/VV+EC+주/VX+는/ETM+성격/NNG+도/JX+아니/VCN+라서/EC"
          },
          {
            "id": 18,
            "text": "2 : 응 키키 회사에서 니 대답은 아니오라도 네라고 대답하라고 꼰대소리 들음",
            "norm_text": "응 키키 회사에서 니 대답은 아니오라도 네라고 대답하라고 꼰대소리 들음",
            "speaker": {
              "id": "2번",
              "sex": "여성",
              "age": "20대"
            },
            "speechAct": "(단언) 진술하기",
            "morpheme": "응/IC+키/NNG+키/NNG+회사/NNG+에서/JKB+니/MM+대답/NNG+은/JX+아니/MAG+오/VV+라도/EC+네/NP+라고/VCP+EC+대답/NNG+하/XSV+라고/EC+꼰대/NNG+소리/NNG+들/XSN+음/NNG"
          },
          {
            "id": 19,
            "text": "1 : 키키 진짜 직장생활 어렵구만",
            "norm_text": "키키 진짜 직장생활 어렵구만",
            "speaker": {
              "id": "1번",
              "sex": "남성",
              "age": "20대"
            },
            "speechAct": "(단언) 주장하기",
            "morpheme": "키/NNG+키/XSV+ETN+진짜/MAG+직장/NNG+생활/NNG+어렵/VA+구만/EC"
          },
          {
            "id": 20,
            "text": "2 : 키키 진짜 일반 보통 시민으로 살아가기 겁나 어려워",
            "norm_text": "키키 진짜 일반 보통 시민으로 살아가기 겁나 어려워",
            "speaker": {
              "id": "2번",
              "sex": "여성",
              "age": "20대"
            },
            "speechAct": "(단언) 주장하기",
            "morpheme": "키/NNG+키/XSV+ETN+진짜/MAG+일반/NNG+보통/NNG+시민/NNG+으로/JKB+살아가/VV+기/ETN+겁나/VV+EC+어려워/VA+EC"
          }
        ]
      }
    }
  ]
}