{
  "dataset": {
    "identifier": 69223,
    "name": "KAKAO_915_11_set",
    "src_path": "/data/file/cubeManager/PROJECT001/53/txt20211005155756062012/KAKAO_915_11_set/",
    "label_path": "/data/file/cubeManager/PROJECT001/53/txt20211005155756062012/KAKAO_915_11_set/",
    "category": 2,
    "type": 0
  },
  "licenses": {
    "name": "Apache License 1.0",
    "url": "http://www.apache.org/licenses/LICENSE-1.0"
  },
  "info": [
    {
      "id": 41848,
      "filename": "KAKAO_915_11.txt",
      "title": "KAKAO_915_11",
      "mediatype": "SNS",
      "medianame": "카카오톡",
      "category": "일상대화",
      "date": "2021-10-05",
      "size": 444,
      "annotations": {
        "subject": "게임",
        "speaker_type": "1:1",
        "size": 444,
        "word_size": 139,
        "text": "1 : 게임은 아니고 키키 비트코인 키키\n2 : 아... 비트코인 할 만하나?\n1 : 와 나 30만 원까지 땄다가 조금 눈 깜고 뜨니까 5000원 마이너스 가고 난리 키키\n2 : 오... 얼마에 시작한 거야? 키키\n1 : 100만 원 넣어 놨는데 왔다리 갔다리 키키\n2 : 오 100만원이라는 돈이 있었다니\n1 : 훗 나 그래도 4개월 동안 일했다궁!\n2 : 키키 4개월 일하면서 100만원 모았으면 많이 벌었네\n1 : 그럼! 나 아무것도 안 사고 모은 거라궁 키키\n2 : 오올~ 좀 대단한데? 이제 취업만 하면 금방 모으겠구먼\n1 : 키키 그럼 취업을 누가 시켜줬으면 좋겠네\n2 : 진짜... 나도 누가 좀 취업 좀 시켜주라 ㅠㅠ\n1 : 키키 그러면 잘할 자신 있는데\n2 : 키키 진짜가 키키 잘할 자신은 있는 겨?!\n1 : 당연하지 키키 요새는 그냥 포켓몬 게임 하고 있지만\n2 : 키키 포켓몬 게임은 뭔데 포켓몬고?",
        "lines": [
          {
            "id": 1,
            "text": "1 : 게임은 아니고 키키 비트코인 키키",
            "norm_text": "게임은 아니고 키키 비트코인 키키",
            "speaker": {
              "id": "1번",
              "sex": "여성",
              "age": "20대"
            },
            "speechAct": "(단언) 진술하기",
            "morpheme": "게임/NNG+은/JX+아니/VCN+고/EC+키키/NNP+비트코인/NNP+키/NNG+키/XSV+ETN"
          },
          {
            "id": 2,
            "text": "2 : 아... 비트코인 할 만하나?",
            "norm_text": "아... 비트코인 할 만하나?",
            "speaker": {
              "id": "2번",
              "sex": "남성",
              "age": "20대"
            },
            "speechAct": "(지시) 질문하기",
            "morpheme": "아/IC+./SY+./SY+비트코인/NNP+할/VV+ETM+만/NNB+하/XSA+나/EF"
          },
          {
            "id": 3,
            "text": "1 : 와 나 30만 원까지 땄다가 조금 눈 깜고 뜨니까 5000원 마이너스 가고 난리 키키",
            "norm_text": "와 나 30만 원까지 땄다가 조금 눈 깜고 뜨니까 5000원 마이너스 가고 난리 키키",
            "speaker": {
              "id": "1번",
              "sex": "여성",
              "age": "20대"
            },
            "speechAct": "(단언) 진술하기",
            "morpheme": "와나/NNP+30/SN+만/NR+원/NNBC+까지/JX+땄/VV+EP+다가/EC+조금/MAG+눈/NNG+깜/VV+고/EC+뜨/VV+니까/EC+5000/SN+원마이너스가고난리키키/UNKNOWN"
          },
          {
            "id": 4,
            "text": "2 : 오... 얼마에 시작한 거야? 키키",
            "norm_text": "오... 얼마에 시작한 거야? 키키",
            "speaker": {
              "id": "2번",
              "sex": "남성",
              "age": "20대"
            },
            "speechAct": "(지시) 질문하기",
            "morpheme": "오/IC+./SY+얼마/NNG+에/JKB+시작/NNG+한/XSA+ETM+거/NNB+야/VCP+EF+키/NNG+키/XSV+ETN"
          },
          {
            "id": 5,
            "text": "1 : 100만 원 넣어 놨는데 왔다리 갔다리 키키",
            "norm_text": "100만 원 넣어 놨는데 왔다리 갔다리 키키",
            "speaker": {
              "id": "1번",
              "sex": "여성",
              "age": "20대"
            },
            "speechAct": "(단언) 진술하기",
            "morpheme": "100/SN+만/NR+원/NNBC+넣/VV+어/EC+놨는데/VX+EP+EC+왔/VX+EP+다리/EC+갔/VV+EP+다리/EC+키/NNG+키/XSV+ETN"
          },
          {
            "id": 6,
            "text": "2 : 오 100만원이라는 돈이 있었다니",
            "norm_text": "오 100만원이라는 돈이 있었다니",
            "speaker": {
              "id": "2번",
              "sex": "남성",
              "age": "20대"
            },
            "speechAct": "(단언) 진술하기",
            "morpheme": "오/NR+100/SN+만/NR+원/NNBC+이/VCP+라는/ETM+돈/NNG+이/JKS+있/VA+었/EP+다니/EC"
          },
          {
            "id": 7,
            "text": "1 : 훗 나 그래도 4개월 동안 일했다궁!",
            "norm_text": "훗 나 그래도 4개월 동안 일했다궁!",
            "speaker": {
              "id": "1번",
              "sex": "여성",
              "age": "20대"
            },
            "speechAct": "(단언) 주장하기",
            "morpheme": "훗/IC+나/NP+그래도/VV+EC+4/SN+개월/NNBC+동안/NNG+일/NNG+했/XSV+EP+다/EC+궁/NNG"
          },
          {
            "id": 8,
            "text": "2 : 키키 4개월 일하면서 100만원 모았으면 많이 벌었네",
            "norm_text": "키키 4개월 일하면서 100만원 모았으면 많이 벌었네",
            "speaker": {
              "id": "2번",
              "sex": "남성",
              "age": "20대"
            },
            "speechAct": "(단언) 진술하기",
            "morpheme": "키/NNG+키/XSV+ETN+4/SN+개월/NNBC+일/NNG+하/XSV+면서/EC+100/SN+만/NR+원/NNBC+모았/VV+EP+으면/EC+많이/MAG+벌/VV+었/EP+네/EF"
          },
          {
            "id": 9,
            "text": "1 : 그럼! 나 아무것도 안 사고 모은 거라궁 키키",
            "norm_text": "그럼! 나 아무것도 안 사고 모은 거라궁 키키",
            "speaker": {
              "id": "1번",
              "sex": "여성",
              "age": "20대"
            },
            "speechAct": "(단언) 주장하기",
            "morpheme": "그럼/MAJ+나아무것도안사고모은거라궁키키/UNKNOWN"
          },
          {
            "id": 10,
            "text": "2 : 오올~ 좀 대단한데? 이제 취업만 하면 금방 모으겠구먼",
            "norm_text": "오올~ 좀 대단한데? 이제 취업만 하면 금방 모으겠구먼",
            "speaker": {
              "id": "2번",
              "sex": "남성",
              "age": "20대"
            },
            "speechAct": "(단언) 주장하기",
            "morpheme": "오/NR+올/NR+VCP+ETM+~/SY+좀/MAG+대단/XR+한데/XSA+EF+이제/MAG+취업/NNG+만/JX+하/VV+면/EC+금방/MAG+모으/VV+겠/EP+구먼/EC"
          },
          {
            "id": 11,
            "text": "1 : 키키 그럼 취업을 누가 시켜줬으면 좋겠네",
            "norm_text": "키키 그럼 취업을 누가 시켜줬으면 좋겠네",
            "speaker": {
              "id": "1번",
              "sex": "여성",
              "age": "20대"
            },
            "speechAct": "(단언) 주장하기",
            "morpheme": "키/NNG+키/XSV+ETN+그럼/MAJ+취업/NNG+을/JKO+누가/NP+JKS+시켜/VV+EC+줬/VX+EP+으면/EC+좋/VA+겠/EP+네/EF"
          },
          {
            "id": 12,
            "text": "2 : 진짜... 나도 누가 좀 취업 좀 시켜주라 ㅠㅠ",
            "norm_text": "진짜... 나도 누가 좀 취업 좀 시켜주라 ㅠㅠ",
            "speaker": {
              "id": "2번",
              "sex": "남성",
              "age": "20대"
            },
            "speechAct": "(단언) 주장하기",
            "morpheme": "진짜/MAG+./SY+나도누가좀취업좀시켜주라ㅠㅠ/UNKNOWN"
          },
          {
            "id": 13,
            "text": "1 : 키키 그러면 잘할 자신 있는데",
            "norm_text": "키키 그러면 잘할 자신 있는데",
            "speaker": {
              "id": "1번",
              "sex": "여성",
              "age": "20대"
            },
            "speechAct": "(단언) 주장하기",
            "morpheme": "키/NNG+키/XSV+ETN+그러면/MAJ+잘/MAG+할/VV+ETM+자신/NNG+있/VV+는데/EC"
          },
          {
            "id": 14,
            "text": "2 : 키키 진짜가 키키 잘할 자신은 있는 겨?!",
            "norm_text": "키키 진짜가 키키 잘할 자신은 있는 겨?!",
            "speaker": {
              "id": "2번",
              "sex": "남성",
              "age": "20대"
            },
            "speechAct": "(지시) 질문하기",
            "morpheme": "키키진짜가키키잘할자신은있는겨/UNKNOWN+?/SY"
          },
          {
            "id": 15,
            "text": "1 : 당연하지 키키 요새는 그냥 포켓몬 게임 하고 있지만",
            "norm_text": "당연하지 키키 요새는 그냥 포켓몬 게임 하고 있지만",
            "speaker": {
              "id": "1번",
              "sex": "여성",
              "age": "20대"
            },
            "speechAct": "(단언) 진술하기",
            "morpheme": "당연/XR+하/XSA+지/EC+키/NNG+키/NNG+요새/NNG+는/JX+그냥/MAG+포켓몬/NNP+게임/NNG+하/XSV+고/EC+있/VX+지만/EC"
          },
          {
            "id": 16,
            "text": "2 : 키키 포켓몬 게임은 뭔데 포켓몬고?",
            "norm_text": "키키 포켓몬 게임은 뭔데 포켓몬고?",
            "speaker": {
              "id": "2번",
              "sex": "남성",
              "age": "20대"
            },
            "speechAct": "(지시) 질문하기",
            "morpheme": "키키/NNP+포켓몬/NNP+게임/NNG+은/JX+뭔데/NP+VCP+EC+포켓/NNG+몬/VV+고/EC"
          }
        ]
      }
    }
  ]
}