{
  "dataset": {
    "identifier": 63332,
    "name": "KAKAO_914_08_set",
    "src_path": "/data/file/cubeManager/PROJECT001/53/txt20211005161430074643/KAKAO_914_08_set/",
    "label_path": "/data/file/cubeManager/PROJECT001/53/txt20211005161430074643/KAKAO_914_08_set/",
    "category": 2,
    "type": 0
  },
  "licenses": {
    "name": "Apache License 1.0",
    "url": "http://www.apache.org/licenses/LICENSE-1.0"
  },
  "info": [
    {
      "id": 42025,
      "filename": "KAKAO_914_08.txt",
      "title": "KAKAO_914_08",
      "mediatype": "SNS",
      "medianame": "카카오톡",
      "category": "일상대화",
      "date": "2021-10-05",
      "size": 505,
      "annotations": {
        "subject": "연애/결혼",
        "speaker_type": "1:1",
        "size": 505,
        "word_size": 177,
        "text": "1 : 니는 어떤 사람이랑 결혼하고 싶어\n2 : 나? 다정하고 나한테 충실한 사람 키키\n1 : 키키 충실한 건 뭐죠? 키키\n2 : 한 눈 안 파는 사람 키키 이건 기본 base이긴 한데 키키\n1 : 아 한 눈 안 파는 키키\n1 : 그건 진짜 당연하지\n2 : 당연한 건데 이 당연한 걸 안 지키는 사람들이 많아서 키키\n1 : 진짜 너무한다\n1 : 아기는 몇 명 낳고 싶어 키키\n2 : 키키 딱히 낳고 싶지는 않은데 낳는다면 2명?\n1 : 오 맞아 나도 키키\n1 : 혼자는 외로울 것 같고\n2 : 맞아 키키 우리 다 형제가 있어서 키키 혼자는 외로워\n1 : 맞아 키키 그래도 형제 있는 게 복닥복닥 재밌지\n2 : 맞아 키키 아들 원해 딸 원해?\n1 : 조카가 여자, 남자 다 있는데 역시 딸이 예쁘더라\n2 : 아 진짜 키키 둘 다 있구나 키키\n2 : 많이 이쁘겠다 키키\n1 : 옹 키키 둘째 누나가 딸 낳고 싶어서 또 임신 했는데 이번에도 아들이야\n2 : 헐 키키 그래서 아들 둘? 키키\n2 : 딸 낳고 싶은 사람들 보면 아들들만 줄줄이...",
        "lines": [
          {
            "id": 1,
            "text": "1 : 니는 어떤 사람이랑 결혼하고 싶어",
            "norm_text": "니는 어떤 사람이랑 결혼하고 싶어",
            "speaker": {
              "id": "1번",
              "sex": "남성",
              "age": "20대"
            },
            "speechAct": "(지시) 질문하기",
            "morpheme": "니/NP+는/JX+어떤/MM+사람/NNG+이랑/JKB+결혼/NNG+하/XSV+고/EC+싶/VX+어/EC"
          },
          {
            "id": 2,
            "text": "2 : 나? 다정하고 나한테 충실한 사람 키키",
            "norm_text": "나? 다정하고 나한테 충실한 사람 키키",
            "speaker": {
              "id": "2번",
              "sex": "여성",
              "age": "20대"
            },
            "speechAct": "(단언) 진술하기",
            "morpheme": "나/NP+다/MAG+정하/VV+고/EC+나/NP+한테/JKB+충실/NNG+한/XSA+ETM+사람/NNG+키/NNG+키/XSV+ETN"
          },
          {
            "id": 3,
            "text": "1 : 키키 충실한 건 뭐죠? 키키",
            "norm_text": "키키 충실한 건 뭐죠? 키키",
            "speaker": {
              "id": "1번",
              "sex": "남성",
              "age": "20대"
            },
            "speechAct": "(지시) 질문하기",
            "morpheme": "키/NNG+키/NNG+충실/NNG+한/XSA+ETM+건/NNB+JX+뭐/NP+죠/VCP+EF+키/NNG+키/XSV+ETN"
          },
          {
            "id": 4,
            "text": "2 : 한 눈 안 파는 사람 키키 이건 기본 base이긴 한데 키키",
            "norm_text": "한 눈 안 파는 사람 키키 이건 기본 base이긴 한데 키키",
            "speaker": {
              "id": "2번",
              "sex": "여성",
              "age": "20대"
            },
            "speechAct": "(단언) 진술하기",
            "morpheme": "한눈/NNG+안/MAG+파/VV+는/ETM+사람/NNG+키/NNG+키/XSV+ETN+이/VCP+건/EC+기본/NNG+base/SL+이/VCP+긴/ETN+JX+한데/VX+EC+키/NNG+키/XSV+ETN"
          },
          {
            "id": 5,
            "text": "1 : 아 한 눈 안 파는 키키",
            "norm_text": "아 한 눈 안 파는 키키",
            "speaker": {
              "id": "1번",
              "sex": "남성",
              "age": "20대"
            },
            "speechAct": "(단언) 진술하기",
            "morpheme": "아/IC+한눈/NNG+안/MAG+파/VV+는/ETM+키/NNG+키/XSV+ETN"
          },
          {
            "id": 6,
            "text": "1 : 그건 진짜 당연하지",
            "norm_text": "그건 진짜 당연하지",
            "speaker": {
              "id": "1번",
              "sex": "남성",
              "age": "20대"
            },
            "speechAct": "(단언) 주장하기",
            "morpheme": "그건/NP+JX+진짜/MAG+당연/XR+하/XSA+지/EC"
          },
          {
            "id": 7,
            "text": "2 : 당연한 건데 이 당연한 걸 안 지키는 사람들이 많아서 키키",
            "norm_text": "당연한 건데 이 당연한 걸 안 지키는 사람들이 많아서 키키",
            "speaker": {
              "id": "2번",
              "sex": "여성",
              "age": "20대"
            },
            "speechAct": "(단언) 진술하기",
            "morpheme": "당연/XR+한/XSA+ETM+건데/NNB+VCP+EC+이/MM+당연/XR+한/XSA+ETM+걸/NNB+JKO+안/MAG+지키/VV+는/ETM+사람/NNG+들/XSN+이/JKS+많/VA+아서/EC+키/NNG+키/XSV+ETN"
          },
          {
            "id": 8,
            "text": "1 : 진짜 너무한다",
            "norm_text": "진짜 너무한다",
            "speaker": {
              "id": "1번",
              "sex": "남성",
              "age": "20대"
            },
            "speechAct": "(단언) 주장하기",
            "morpheme": "진짜/MAG+너무/MAG+한다/VV+EC"
          },
          {
            "id": 9,
            "text": "1 : 아기는 몇 명 낳고 싶어 키키",
            "norm_text": "아기는 몇 명 낳고 싶어 키키",
            "speaker": {
              "id": "1번",
              "sex": "남성",
              "age": "20대"
            },
            "speechAct": "(지시) 질문하기",
            "morpheme": "아기/NNG+는/JX+몇/MM+명/NNBC+낳/VV+고/EC+싶/VX+어/EC+키/NNG+키/XSV+ETN"
          },
          {
            "id": 10,
            "text": "2 : 키키 딱히 낳고 싶지는 않은데 낳는다면 2명?",
            "norm_text": "키키 딱히 낳고 싶지는 않은데 낳는다면 2명?",
            "speaker": {
              "id": "2번",
              "sex": "여성",
              "age": "20대"
            },
            "speechAct": "(단언) 진술하기",
            "morpheme": "키/NNG+키/NNG+딱히/MAG+낳/VV+고/EC+싶/VX+지/EC+는/JX+않/VX+은데/EC+낳/VV+는다면/EC+2/SN+명/NNBC"
          },
          {
            "id": 11,
            "text": "1 : 오 맞아 나도 키키",
            "norm_text": "오 맞아 나도 키키",
            "speaker": {
              "id": "1번",
              "sex": "남성",
              "age": "20대"
            },
            "speechAct": "(단언) 주장하기",
            "morpheme": "오/NR+맞/VV+아/EC+나/NP+도/JX+키/NNG+키/XSV+ETN"
          },
          {
            "id": 12,
            "text": "1 : 혼자는 외로울 것 같고",
            "norm_text": "혼자는 외로울 것 같고",
            "speaker": {
              "id": "1번",
              "sex": "남성",
              "age": "20대"
            },
            "speechAct": "(단언) 주장하기",
            "morpheme": "혼자/NNG+는/JX+외로울/VA+ETM+것/NNB+같/VA+고/EC"
          },
          {
            "id": 13,
            "text": "2 : 맞아 키키 우리 다 형제가 있어서 키키 혼자는 외로워",
            "norm_text": "맞아 키키 우리 다 형제가 있어서 키키 혼자는 외로워",
            "speaker": {
              "id": "2번",
              "sex": "여성",
              "age": "20대"
            },
            "speechAct": "(단언) 주장하기",
            "morpheme": "맞/VV+아/EC+키/NNG+키/XSV+ETN+우리/NP+다/JX+형제/NNG+가/JKS+있/VA+어서/EC+키/NNG+키/NNG+혼자/NNG+는/JX+외로워/VA+EC"
          },
          {
            "id": 14,
            "text": "1 : 맞아 키키 그래도 형제 있는 게 복닥복닥 재밌지",
            "norm_text": "맞아 키키 그래도 형제 있는 게 복닥복닥 재밌지",
            "speaker": {
              "id": "1번",
              "sex": "남성",
              "age": "20대"
            },
            "speechAct": "(단언) 주장하기",
            "morpheme": "맞/VV+아/EC+키/NNG+키/XSV+ETN+그래도/MAJ+형제/NNG+있/VA+는/ETM+게/NNB+JKS+복닥복닥/MAG+재밌/VA+지/EC"
          },
          {
            "id": 15,
            "text": "2 : 맞아 키키 아들 원해 딸 원해?",
            "norm_text": "맞아 키키 아들 원해 딸 원해?",
            "speaker": {
              "id": "2번",
              "sex": "여성",
              "age": "20대"
            },
            "speechAct": "(지시) 질문하기",
            "morpheme": "맞/VV+아/EC+키/NNG+키/NNG+아들/NNG+원해/NNG+딸/NNG+원해/VV+EF"
          },
          {
            "id": 16,
            "text": "1 : 조카가 여자, 남자 다 있는데 역시 딸이 예쁘더라",
            "norm_text": "조카가 여자, 남자 다 있는데 역시 딸이 예쁘더라",
            "speaker": {
              "id": "1번",
              "sex": "남성",
              "age": "20대"
            },
            "speechAct": "(단언) 진술하기",
            "morpheme": "조카/NNG+가/JKS+여자/NNG+,/SC+남자/NNG+다/VCP+EC+있/VX+는데/EC+역시/MAJ+딸/NNG+이/JKS+예쁘/VA+더라/EC"
          },
          {
            "id": 17,
            "text": "2 : 아 진짜 키키 둘 다 있구나 키키",
            "norm_text": "아 진짜 키키 둘 다 있구나 키키",
            "speaker": {
              "id": "2번",
              "sex": "여성",
              "age": "20대"
            },
            "speechAct": "(단언) 진술하기",
            "morpheme": "아/IC+진짜/MAG+키/NNG+키/XSV+ETN+둘/NR+다/MAG+있/VA+구나/EF+키/NNG+키/XSV+ETN"
          },
          {
            "id": 18,
            "text": "2 : 많이 이쁘겠다 키키",
            "norm_text": "많이 이쁘겠다 키키",
            "speaker": {
              "id": "2번",
              "sex": "여성",
              "age": "20대"
            },
            "speechAct": "(단언) 주장하기",
            "morpheme": "많이/MAG+이쁘/VA+겠/EP+다키키/NNP"
          },
          {
            "id": 19,
            "text": "1 : 옹 키키 둘째 누나가 딸 낳고 싶어서 또 임신 했는데 이번에도 아들이야",
            "norm_text": "옹 키키 둘째 누나가 딸 낳고 싶어서 또 임신 했는데 이번에도 아들이야",
            "speaker": {
              "id": "1번",
              "sex": "남성",
              "age": "20대"
            },
            "speechAct": "(단언) 진술하기",
            "morpheme": "옹/NNG+키/NNG+키/XSV+ETN+둘째/NR+누나/NNG+가/JKS+딸/NNG+낳/VV+고/EC+싶/VX+어서/EC+또/MAG+임신/NNG+했/XSV+EP+는데/EC+이번/NNG+에/JKB+도/JX+아들/NNG+이/VCP+야/EC"
          },
          {
            "id": 20,
            "text": "2 : 헐 키키 그래서 아들 둘? 키키",
            "norm_text": "헐 키키 그래서 아들 둘? 키키",
            "speaker": {
              "id": "2번",
              "sex": "여성",
              "age": "20대"
            },
            "speechAct": "(지시) 질문하기",
            "morpheme": "헐/IC+키/NNG+키/XSV+ETN+그래서/MAJ+아들/NNG+둘/NR+키/NNG+키/XSV+ETN"
          },
          {
            "id": 21,
            "text": "2 : 딸 낳고 싶은 사람들 보면 아들들만 줄줄이...",
            "norm_text": "딸 낳고 싶은 사람들 보면 아들들만 줄줄이...",
            "speaker": {
              "id": "2번",
              "sex": "여성",
              "age": "20대"
            },
            "speechAct": "(단언) 진술하기",
            "morpheme": "딸/NNG+낳/VV+고/EC+싶/VX+은/ETM+사람/NNG+들/XSN+보/VV+면/EC+아들/NNG+들/XSN+만/JX+줄줄이/MAG+./SY"
          }
        ]
      }
    }
  ]
}