{
  "dataset": {
    "identifier": 62430,
    "name": "KAKAO_920_01_set",
    "src_path": "/data/file/cubeManager/PROJECT001/53/txt20211005161349002974/KAKAO_920_01_set/",
    "label_path": "/data/file/cubeManager/PROJECT001/53/txt20211005161349002974/KAKAO_920_01_set/",
    "category": 2,
    "type": 0
  },
  "licenses": {
    "name": "Apache License 1.0",
    "url": "http://www.apache.org/licenses/LICENSE-1.0"
  },
  "info": [
    {
      "id": 41958,
      "filename": "KAKAO_920_01.txt",
      "title": "KAKAO_920_01",
      "mediatype": "SNS",
      "medianame": "카카오톡",
      "category": "일상대화",
      "date": "2021-10-05",
      "size": 534,
      "annotations": {
        "subject": "식음료",
        "speaker_type": "1:1",
        "size": 534,
        "word_size": 180,
        "text": "1 : 야 오늘 저녁 어떤 거 먹을래?\n2 : 벌써 시간이 그렇게 됐나?\n1 : 그치 저녁 먹을 시간은 아니어도 미리 정해둬야 일을 열심히 할 것 같아 키키\n2 : 아 그러네 키키\n2 : 오늘 날도 더운데 시원한 거 먹으러 갈까?\n1 : 시원한 거 좋지 키키\n1 : 냉면 먹어도 좋고 아니면 후식으로 시원한 거 먹어도 좋고\n2 : 둘 다 차가운 거 먹으면 배 아플 것 같은데...\n1 : 아 그런가? 맞아 여름일수록 덥다고 차가운 거 많이 먹다가 큰 코 다친다 키키\n2 : 이열치열이라는 말이 있으니까 저녁은 뜨끈한 국밥 어때?!\n1 : 이렇게 더운 날에 국밥을 먹자고?\n1 : 그냥 우리 집에 와서 만들어 먹자\n2 : 그럴까 오랜만에 엄마 아빠도 뵐 겸?\n1 : 응 그랴 키키\n1 : 올 떄 엄마 좋아하는 빵도 좀 사와\n2 : 그려 밥 먹고 디저트로 먹을 빵 사가면 되겠당\n1 : 예전에 너 빵 안 좋아하더니 요즘은 잘 먹더라? 키키\n2 : 군대 갔다 오고 나니까 식성이 바뀌어서 그런가 요즘은 빵 맛있더라\n1 : 무슨 빵 제일 좋아하냐?\n2 : 달달한 게 맛있지 가볍게 먹을 수 있는!",
        "lines": [
          {
            "id": 1,
            "text": "1 : 야 오늘 저녁 어떤 거 먹을래?",
            "norm_text": "야 오늘 저녁 어떤 거 먹을래?",
            "speaker": {
              "id": "1번",
              "sex": "여성",
              "age": "20대"
            },
            "speechAct": "(지시) 질문하기",
            "morpheme": "야/IC+오늘/MAG+저녁/NNG+어떤/MM+거/NNB+먹/VV+을래/EF"
          },
          {
            "id": 2,
            "text": "2 : 벌써 시간이 그렇게 됐나?",
            "norm_text": "벌써 시간이 그렇게 됐나?",
            "speaker": {
              "id": "2번",
              "sex": "남성",
              "age": "20대"
            },
            "speechAct": "(지시) 질문하기",
            "morpheme": "벌써/MAG+시간/NNG+이/JKS+그렇게/MAG+됐/VV+EP+나/EF"
          },
          {
            "id": 3,
            "text": "1 : 그치 저녁 먹을 시간은 아니어도 미리 정해둬야 일을 열심히 할 것 같아 키키",
            "norm_text": "그치 저녁 먹을 시간은 아니어도 미리 정해둬야 일을 열심히 할 것 같아 키키",
            "speaker": {
              "id": "1번",
              "sex": "여성",
              "age": "20대"
            },
            "speechAct": "(단언) 주장하기",
            "morpheme": "그치/IC+저녁/NNG+먹/VV+을/ETM+시간/NNG+은/JX+아니/VCN+어도/EC+미리/MAG+정해/VV+EC+둬야/VX+EC+일/NNG+을/JKO+열심히/MAG+할/VV+ETM+것/NNB+같/VA+아/EC+키/NNG+키/XSV+ETN"
          },
          {
            "id": 4,
            "text": "2 : 아 그러네 키키",
            "norm_text": "아 그러네 키키",
            "speaker": {
              "id": "2번",
              "sex": "남성",
              "age": "20대"
            },
            "speechAct": "(단언) 주장하기",
            "morpheme": "아/IC+그/IC+러네/NNP+키/NNG+키/XSV+ETN"
          },
          {
            "id": 5,
            "text": "2 : 오늘 날도 더운데 시원한 거 먹으러 갈까?",
            "norm_text": "오늘 날도 더운데 시원한 거 먹으러 갈까?",
            "speaker": {
              "id": "2번",
              "sex": "남성",
              "age": "20대"
            },
            "speechAct": "(지시) 충고/제안하기",
            "morpheme": "오늘날/NNG+도/JX+더운데/VA+EC+시원/XR+한/XSA+ETM+거/NNB+먹/VV+으러/EC+갈까/VX+EF"
          },
          {
            "id": 6,
            "text": "1 : 시원한 거 좋지 키키",
            "norm_text": "시원한 거 좋지 키키",
            "speaker": {
              "id": "1번",
              "sex": "여성",
              "age": "20대"
            },
            "speechAct": "(단언) 주장하기",
            "morpheme": "시원/XR+한/XSA+ETM+거/NNB+좋/VA+지/EC+키/NNG+키/XSV+ETN"
          },
          {
            "id": 7,
            "text": "1 : 냉면 먹어도 좋고 아니면 후식으로 시원한 거 먹어도 좋고",
            "norm_text": "냉면 먹어도 좋고 아니면 후식으로 시원한 거 먹어도 좋고",
            "speaker": {
              "id": "1번",
              "sex": "여성",
              "age": "20대"
            },
            "speechAct": "(단언) 주장하기",
            "morpheme": "냉면/NNG+먹/VV+어도/EC+좋/VA+고/EC+아니/VCN+면/EC+후식/NNG+으로/JKB+시원/XR+한/XSA+ETM+거/NNB+먹/VV+어도/EC+좋/VA+고/EC"
          },
          {
            "id": 8,
            "text": "2 : 둘 다 차가운 거 먹으면 배 아플 것 같은데...",
            "norm_text": "둘 다 차가운 거 먹으면 배 아플 것 같은데...",
            "speaker": {
              "id": "2번",
              "sex": "남성",
              "age": "20대"
            },
            "speechAct": "(단언) 주장하기",
            "morpheme": "둘/NR+다/MAG+차가운/VA+ETM+거/NNB+먹/VV+으면/EC+배/NNG+아플/VA+ETM+것/NNB+같/VA+은데/EF+./SY"
          },
          {
            "id": 9,
            "text": "1 : 아 그런가? 맞아 여름일수록 덥다고 차가운 거 많이 먹다가 큰 코 다친다 키키",
            "norm_text": "아 그런가? 맞아 여름일수록 덥다고 차가운 거 많이 먹다가 큰 코 다친다 키키",
            "speaker": {
              "id": "1번",
              "sex": "여성",
              "age": "20대"
            },
            "speechAct": "(언약) 위협하기",
            "morpheme": "아/IC+그런가/VA+EF+맞아여름일수록덥다고차가운거많이먹다가큰코다친다키키/UNKNOWN"
          },
          {
            "id": 10,
            "text": "2 : 이열치열이라는 말이 있으니까 저녁은 뜨끈한 국밥 어때?!",
            "norm_text": "이열치열이라는 말이 있으니까 저녁은 뜨끈한 국밥 어때?!",
            "speaker": {
              "id": "2번",
              "sex": "남성",
              "age": "20대"
            },
            "speechAct": "(지시) 충고/제안하기",
            "morpheme": "이열치열/NNG+이/VCP+라는/ETM+말/NNG+이/JKS+있/VV+으니까/EC+저녁/NNG+은/JX+뜨끈/XR+한/XSA+ETM+국밥/NNG+어때/VA+EC+?/SY"
          },
          {
            "id": 11,
            "text": "1 : 이렇게 더운 날에 국밥을 먹자고?",
            "norm_text": "이렇게 더운 날에 국밥을 먹자고?",
            "speaker": {
              "id": "1번",
              "sex": "여성",
              "age": "20대"
            },
            "speechAct": "(단언) 주장하기",
            "morpheme": "이렇게/MAG+더운/VA+ETM+날/NNG+에/JKB+국밥/NNG+을/JKO+먹/VV+자고/EF"
          },
          {
            "id": 12,
            "text": "1 : 그냥 우리 집에 와서 만들어 먹자",
            "norm_text": "그냥 우리 집에 와서 만들어 먹자",
            "speaker": {
              "id": "1번",
              "sex": "여성",
              "age": "20대"
            },
            "speechAct": "(지시) 충고/제안하기",
            "morpheme": "그냥/MAG+우리/NP+집/NNG+에/JKB+와서/VV+EC+만들/VV+어/EC+먹/VV+자/EC"
          },
          {
            "id": 13,
            "text": "2 : 그럴까 오랜만에 엄마 아빠도 뵐 겸?",
            "norm_text": "그럴까 오랜만에 엄마 아빠도 뵐 겸?",
            "speaker": {
              "id": "2번",
              "sex": "남성",
              "age": "20대"
            },
            "speechAct": "(단언) 주장하기",
            "morpheme": "그럴까/VA+EC+오랜만/NNG+에/JKB+엄마/NNG+아빠/NNG+도/JX+뵐/VV+ETM+겸/NNB"
          },
          {
            "id": 14,
            "text": "1 : 응 그랴 키키",
            "norm_text": "응 그랴 키키",
            "speaker": {
              "id": "1번",
              "sex": "여성",
              "age": "20대"
            },
            "speechAct": "(단언) 주장하기",
            "morpheme": "응/IC+그랴/IC+키/NNG+키/XSV+ETN"
          },
          {
            "id": 15,
            "text": "1 : 올 떄 엄마 좋아하는 빵도 좀 사와",
            "norm_text": "올 떄 엄마 좋아하는 빵도 좀 사와",
            "speaker": {
              "id": "1번",
              "sex": "여성",
              "age": "20대"
            },
            "speechAct": "(지시) 명령/요구하기",
            "morpheme": "올떄/UNKNOWN+엄마/NNG+좋/VA+아/EC+하/VV+는/ETM+빵/NNG+도/JX+좀/MAG+사와/NNG"
          },
          {
            "id": 16,
            "text": "2 : 그려 밥 먹고 디저트로 먹을 빵 사가면 되겠당",
            "norm_text": "그려 밥 먹고 디저트로 먹을 빵 사가면 되겠당",
            "speaker": {
              "id": "2번",
              "sex": "남성",
              "age": "20대"
            },
            "speechAct": "(언약) 약속하기(제3자와)/(개인적 수준)",
            "morpheme": "그려/VV+EC+밥/NNG+먹/VV+고/EC+디저트/NNG+로/JKB+먹/VV+을/ETM+빵/NNG+사/VV+EC+가/VX+면/EC+되/VV+겠/EP+당/XSN"
          },
          {
            "id": 17,
            "text": "1 : 예전에 너 빵 안 좋아하더니 요즘은 잘 먹더라? 키키",
            "norm_text": "예전에 너 빵 안 좋아하더니 요즘은 잘 먹더라? 키키",
            "speaker": {
              "id": "1번",
              "sex": "여성",
              "age": "20대"
            },
            "speechAct": "(단언) 진술하기",
            "morpheme": "예전/NNG+에/JKB+너/NP+빵/NNG+안/MAG+좋아하/VV+더니/EC+요즘/NNG+은/JX+잘/MAG+먹/VV+더라/EF+키/NNG+키/XSV+ETN"
          },
          {
            "id": 18,
            "text": "2 : 군대 갔다 오고 나니까 식성이 바뀌어서 그런가 요즘은 빵 맛있더라",
            "norm_text": "군대 갔다 오고 나니까 식성이 바뀌어서 그런가 요즘은 빵 맛있더라",
            "speaker": {
              "id": "2번",
              "sex": "남성",
              "age": "20대"
            },
            "speechAct": "(단언) 주장하기",
            "morpheme": "군대/NNG+갔다오/VV+고/EC+나/VX+니까/EC+식성/NNG+이/JKS+바뀌/VV+어서/EC+그런가/VA+EC+요즘/NNG+은/JX+빵/NNG+맛있/VA+더라/EC"
          },
          {
            "id": 19,
            "text": "1 : 무슨 빵 제일 좋아하냐?",
            "norm_text": "무슨 빵 제일 좋아하냐?",
            "speaker": {
              "id": "1번",
              "sex": "여성",
              "age": "20대"
            },
            "speechAct": "(지시) 질문하기",
            "morpheme": "무슨/MM+빵/NNG+제일/MAG+좋/VA+아/EC+하/VX+냐/EF"
          },
          {
            "id": 20,
            "text": "2 : 달달한 게 맛있지 가볍게 먹을 수 있는!",
            "norm_text": "달달한 게 맛있지 가볍게 먹을 수 있는!",
            "speaker": {
              "id": "2번",
              "sex": "남성",
              "age": "20대"
            },
            "speechAct": "(단언) 주장하기",
            "morpheme": "달달/MAG+한/XSA+ETM+게/NNB+JKS+맛있/VA+지/EC+가볍/VA+게/EC+먹/VV+을/ETM+수/NNB+있/VV+는/ETM"
          }
        ]
      }
    }
  ]
}