{
  "dataset": {
    "identifier": 30343,
    "name": "KAKAO_903_11_set",
    "src_path": "/data/file/cubeManager/PROJECT001/53/txt202110050957510718109/KAKAO_903_11_set/",
    "label_path": "/data/file/cubeManager/PROJECT001/53/txt202110050957510718109/KAKAO_903_11_set/",
    "category": 2,
    "type": 0
  },
  "licenses": {
    "name": "Apache License 1.0",
    "url": "http://www.apache.org/licenses/LICENSE-1.0"
  },
  "info": [
    {
      "id": 40790,
      "filename": "KAKAO_903_11.txt",
      "title": "KAKAO_903_11",
      "mediatype": "SNS",
      "medianame": "카카오톡",
      "category": "일상대화",
      "date": "2021-10-05",
      "size": 569,
      "annotations": {
        "subject": "게임",
        "speaker_type": "1:1",
        "size": 569,
        "word_size": 184,
        "text": "1 : 키키 그 오락실 가면 복싱하고 발차기하고 막 캐릭터들 싸우는 게임 있잖어 . 거진 그 주인공 같음\n2 : 그 춘리 나오고 하는 거?\n1 : 응응 그런 거. 이름이 뭔지 기억이 안 나네 .\n1 : 아무튼 거기 나오는 무림 고수 아저씨 같았어 너\n2 : 아니지 정확히 따지고 보면 거기 나오는 춘리지\n1 : 진짜 한결같이 양심이 없구나 넌\n2 : 같은 양갈래고 걔도 날라차기 해\n1 : 근데 걘 귀엽고 넌 안 귀엽잖아\n2 : 남친은 나 귀엽다고 했어 그러니까 춘리 맞아\n1 : 남자친구 진짜 눈 어떻게 되신 거 아니냐?\n1 : 그냥 여기가 크아 세상이었다면 너한테 물풍선 갈겼을 건데\n2 : 그랬으면 넌 이렇게 앉아서 키보드 못 두들겼다\n2 : 왜냐고 로켓 맞아거 저 세상이였을 거거든\n1 : 너 정말 폭력적이야 엄마한테 다일러~!\n2 : 로켓이나 물풍선이나 우리 둘 다 폭력적인 거로 하자\n1 : 물풍선은 귀엽잖앙!\n1 : 아 크아 하고 싶다\n2 : 나 한번도 해본 적 없어\n1 : 아 진짜? 그 재밌는 걸... 어렸을 때 왕따였어...?\n2 : 나 진짜 테런이나 크아 뭐였지 차 타고 다니는 거 그것도 안하고 메이플도 안 했네 나 뭐했니...?",
        "lines": [
          {
            "id": 1,
            "text": "1 : 키키 그 오락실 가면 복싱하고 발차기하고 막 캐릭터들 싸우는 게임 있잖어 . 거진 그 주인공 같음",
            "norm_text": "키키 그 오락실 가면 복싱하고 발차기하고 막 캐릭터들 싸우는 게임 있잖어 . 거진 그 주인공 같음",
            "speaker": {
              "id": "1번",
              "sex": "여성",
              "age": "20대"
            },
            "speechAct": "(단언) 주장하기",
            "morpheme": "키키/NNP+그/MM+오락실/NNG+가/VV+면/EC+복싱/NNG+하/XSV+고/EC+발차기/NNG+하/XSV+고/EC+막/NNG+캐릭터/NNG+들/XSN+싸우/VV+는/ETM+게임/NNG+있/VV+잖어/EC+VX+EF+거진/MAG+그/MM+주인공/NNG+같/VA+음/ETN"
          },
          {
            "id": 2,
            "text": "2 : 그 춘리 나오고 하는 거?",
            "norm_text": "그 춘리 나오고 하는 거?",
            "speaker": {
              "id": "2번",
              "sex": "여성",
              "age": "20대"
            },
            "speechAct": "(지시) 질문하기",
            "morpheme": "그/MM+춘/VA+ETM+리/NNB+나오/VV+고/EC+하/VV+는/ETM+거/NNB"
          },
          {
            "id": 3,
            "text": "1 : 응응 그런 거. 이름이 뭔지 기억이 안 나네 .",
            "norm_text": "응응 그런 거. 이름이 뭔지 기억이 안 나네 .",
            "speaker": {
              "id": "1번",
              "sex": "여성",
              "age": "20대"
            },
            "speechAct": "(단언) 주장하기",
            "morpheme": "응/IC+응/IC+그런/MM+거/NNB+이름/NNG+이/JKS+뭔지/NP+VCP+EC+기억/NNG+이/JKS+안/MAG+나/VV+네/EF"
          },
          {
            "id": 4,
            "text": "1 : 아무튼 거기 나오는 무림 고수 아저씨 같았어 너",
            "norm_text": "아무튼 거기 나오는 무림 고수 아저씨 같았어 너",
            "speaker": {
              "id": "1번",
              "sex": "여성",
              "age": "20대"
            },
            "speechAct": "(단언) 주장하기",
            "morpheme": "아무튼/MAJ+거기/NP+나오/VV+는/ETM+무림/NNG+고수/NNG+아저씨/NNG+같/VA+았/EP+어/EF+너/NP"
          },
          {
            "id": 5,
            "text": "2 : 아니지 정확히 따지고 보면 거기 나오는 춘리지",
            "norm_text": "아니지 정확히 따지고 보면 거기 나오는 춘리지",
            "speaker": {
              "id": "2번",
              "sex": "여성",
              "age": "20대"
            },
            "speechAct": "(단언) 주장하기",
            "morpheme": "아니/VCN+지/EC+정확히/MAG+따지/VV+고/EC+보/VX+면/EC+거기/NP+나오/VV+는/ETM+춘/VA+ETM+리지/NNP"
          },
          {
            "id": 6,
            "text": "1 : 진짜 한결같이 양심이 없구나 넌",
            "norm_text": "진짜 한결같이 양심이 없구나 넌",
            "speaker": {
              "id": "1번",
              "sex": "여성",
              "age": "20대"
            },
            "speechAct": "(단언) 주장하기",
            "morpheme": "진짜/MAG+한결/MAG+같이/MAG+양심/NNG+이/JKS+없/VA+구나/EF+넌/NP+JX"
          },
          {
            "id": 7,
            "text": "2 : 같은 양갈래고 걔도 날라차기 해",
            "norm_text": "같은 양갈래고 걔도 날라차기 해",
            "speaker": {
              "id": "2번",
              "sex": "여성",
              "age": "20대"
            },
            "speechAct": "(단언) 주장하기",
            "morpheme": "같/VA+은/ETM+양/MM+갈래/NNG+고/VCP+EC+걔/NP+도/JX+날라/VV+EC+차기/NNG+해/XSV+EC"
          },
          {
            "id": 8,
            "text": "1 : 근데 걘 귀엽고 넌 안 귀엽잖아",
            "norm_text": "근데 걘 귀엽고 넌 안 귀엽잖아",
            "speaker": {
              "id": "1번",
              "sex": "여성",
              "age": "20대"
            },
            "speechAct": "(단언) 주장하기",
            "morpheme": "근데/MAJ+걘/NP+JX+귀엽/VA+고/EC+넌/NP+JX+안/MAG+귀엽/VA+잖아/EC"
          },
          {
            "id": 9,
            "text": "2 : 남친은 나 귀엽다고 했어 그러니까 춘리 맞아",
            "norm_text": "남친은 나 귀엽다고 했어 그러니까 춘리 맞아",
            "speaker": {
              "id": "2번",
              "sex": "여성",
              "age": "20대"
            },
            "speechAct": "(단언) 주장하기",
            "morpheme": "남친/NNG+은/JX+나/NP+귀엽/VA+다고/EC+했/VX+EP+어/EF+그러니까/MAJ+춘/VA+ETM+리/NNB+맞/VV+아/EC"
          },
          {
            "id": 10,
            "text": "1 : 남자친구 진짜 눈 어떻게 되신 거 아니냐?",
            "norm_text": "남자친구 진짜 눈 어떻게 되신 거 아니냐?",
            "speaker": {
              "id": "1번",
              "sex": "여성",
              "age": "20대"
            },
            "speechAct": "(단언) 주장하기",
            "morpheme": "남자/NNG+친구/NNG+진짜/MAG+눈/NNG+어떻게/MAG+되/VV+신/EP+ETM+거/NNB+아니/VCN+냐/EF"
          },
          {
            "id": 11,
            "text": "1 : 그냥 여기가 크아 세상이었다면 너한테 물풍선 갈겼을 건데",
            "norm_text": "그냥 여기가 크아 세상이었다면 너한테 물풍선 갈겼을 건데",
            "speaker": {
              "id": "1번",
              "sex": "여성",
              "age": "20대"
            },
            "speechAct": "(단언) 주장하기",
            "morpheme": "그냥/MAG+여기/NP+가/JKS+크/VA+아/EC+세상/NNG+이/VCP+었/EP+다면/EC+너/NP+한테/JKB+물/NNG+풍선/NNG+갈겼/VV+EP+을/ETM+건데/NNB+VCP+EC"
          },
          {
            "id": 12,
            "text": "2 : 그랬으면 넌 이렇게 앉아서 키보드 못 두들겼다",
            "norm_text": "그랬으면 넌 이렇게 앉아서 키보드 못 두들겼다",
            "speaker": {
              "id": "2번",
              "sex": "여성",
              "age": "20대"
            },
            "speechAct": "(단언) 주장하기",
            "morpheme": "그랬/VV+EP+으면/EC+넌/NP+JX+이렇게/MAG+앉/VV+아서/EC+키보드/NNG+못/MAG+두들겼/VV+EP+다/EC"
          },
          {
            "id": 13,
            "text": "2 : 왜냐고 로켓 맞아거 저 세상이였을 거거든",
            "norm_text": "왜냐고 로켓 맞아거 저 세상이였을 거거든",
            "speaker": {
              "id": "2번",
              "sex": "여성",
              "age": "20대"
            },
            "speechAct": "(단언) 주장하기",
            "morpheme": "왜/MAG+냐고/VCP+EC+로켓/NNG+맞/VV+아/EC+거저/MAG+세상/NNG+이/VCP+였을/EP+ETM+거/NNB+거든/VCP+EC"
          },
          {
            "id": 14,
            "text": "1 : 너 정말 폭력적이야 엄마한테 다일러~!",
            "norm_text": "너 정말 폭력적이야 엄마한테 다일러~!",
            "speaker": {
              "id": "1번",
              "sex": "여성",
              "age": "20대"
            },
            "speechAct": "(단언) 주장하기",
            "morpheme": "너/NP+정말/MAG+폭력/NNG+적/XSN+이/VCP+야/EC+엄마/NNG+한테/JKB+다/MAG+일러/VV+EC+~/SY"
          },
          {
            "id": 15,
            "text": "2 : 로켓이나 물풍선이나 우리 둘 다 폭력적인 거로 하자",
            "norm_text": "로켓이나 물풍선이나 우리 둘 다 폭력적인 거로 하자",
            "speaker": {
              "id": "2번",
              "sex": "여성",
              "age": "20대"
            },
            "speechAct": "(단언) 주장하기",
            "morpheme": "로켓/NNG+이나/JC+물/NNG+풍선/NNG+이나/JC+우리/NP+둘/NR+다/MAG+폭력/NNG+적/XSN+인/VCP+ETM+거/NNB+로/JKB+하/VV+자/EC"
          },
          {
            "id": 16,
            "text": "1 : 물풍선은 귀엽잖앙!",
            "norm_text": "물풍선은 귀엽잖앙!",
            "speaker": {
              "id": "1번",
              "sex": "여성",
              "age": "20대"
            },
            "speechAct": "(단언) 주장하기",
            "morpheme": "물/NNG+풍선/NNG+은/JX+귀엽/VA+잖/EC+앙/IC"
          },
          {
            "id": 17,
            "text": "1 : 아 크아 하고 싶다",
            "norm_text": "아 크아 하고 싶다",
            "speaker": {
              "id": "1번",
              "sex": "여성",
              "age": "20대"
            },
            "speechAct": "(단언) 주장하기",
            "morpheme": "아/IC+크/VA+아/EC+하/VV+고/EC+싶/VX+다/EC"
          },
          {
            "id": 18,
            "text": "2 : 나 한번도 해본 적 없어",
            "norm_text": "나 한번도 해본 적 없어",
            "speaker": {
              "id": "2번",
              "sex": "여성",
              "age": "20대"
            },
            "speechAct": "(단언) 진술하기",
            "morpheme": "나/NP+한/MM+번/NNBC+도/JX+해/VV+EC+본/VX+ETM+적/NNB+없/VA+어/EC"
          },
          {
            "id": 19,
            "text": "1 : 아 진짜? 그 재밌는 걸... 어렸을 때 왕따였어...?",
            "norm_text": "아 진짜? 그 재밌는 걸... 어렸을 때 왕따였어...?",
            "speaker": {
              "id": "1번",
              "sex": "여성",
              "age": "20대"
            },
            "speechAct": "(지시) 질문하기",
            "morpheme": "아/IC+진짜/MAG+그/IC+재밌/VA+는걸/EF+./SY+어렸/VA+EP+을/ETM+때/NNG+왕따/NNG+였/VCP+EP+어/EF+./SY+./SY"
          },
          {
            "id": 20,
            "text": "2 : 나 진짜 테런이나 크아 뭐였지 차 타고 다니는 거 그것도 안하고 메이플도 안 했네 나 뭐했니...?",
            "norm_text": "나 진짜 테런이나 크아 뭐였지 차 타고 다니는 거 그것도 안하고 메이플도 안 했네 나 뭐했니...?",
            "speaker": {
              "id": "2번",
              "sex": "여성",
              "age": "20대"
            },
            "speechAct": "(단언) 주장하기",
            "morpheme": "나/NP+진짜/MAG+테/NNG+런/NNG+이나/JX+크/VA+아/EC+뭐/NP+였/VCP+EP+지/EC+차/NNG+타/VV+고/EC+다니/VV+는/ETM+거/NNB+그것/NP+도/JX+안/MAG+하/VV+고/EC+메이플/NNP+도/JX+안/MAG+했/VV+EP+네/EF+나/NP+뭐/IC+했/VV+EP+니/EF+./SY+./SY"
          }
        ]
      }
    }
  ]
}