{
  "dataset": {
    "identifier": 63384,
    "name": "KAKAO_912_14_set",
    "src_path": "/data/file/cubeManager/PROJECT001/53/txt20211005154135017420/KAKAO_912_14_set/",
    "label_path": "/data/file/cubeManager/PROJECT001/53/txt20211005154135017420/KAKAO_912_14_set/",
    "category": 2,
    "type": 0
  },
  "licenses": {
    "name": "Apache License 1.0",
    "url": "http://www.apache.org/licenses/LICENSE-1.0"
  },
  "info": [
    {
      "id": 41631,
      "filename": "KAKAO_912_14.txt",
      "title": "KAKAO_912_14",
      "mediatype": "SNS",
      "medianame": "카카오톡",
      "category": "일상대화",
      "date": "2021-10-05",
      "size": 584,
      "annotations": {
        "subject": "사회이슈",
        "speaker_type": "1:1",
        "size": 584,
        "word_size": 167,
        "text": "1 : 백신 부작용 말 많은데 백신 맞았어?\n2 : 나는 1차까지만 맞았어 2차는 담달이야\n1 : 나 2차까지 백신 맞았는데 좀 이상해...\n2 : 아팠어? 어디가 이상했어?\n1 : 생리 주기가 짧아졌고, 생리 양이 비 이상적으로 많아\n2 : 그랬구나, 안 그래도 말이 많던데 별일 없어야 할 텐데 걱정이야\n1 : 원래 양 진짜 적은데... 오버 나이트도 모자랄 정도? 근데 나 같은 사람이 엄청 많더라?\n2 : 그래? 정말 부작용이구나. 나도 맞기 전에 갑자기 걱정되긴 하더라\n1 : ㅠㅠ 국민청원까지 올라온 거 보고 이게 나 뿐만이 아니네 싶더라고\n2 : 아... 갑자기 백혈병 걸리거나 하는 사람들 신문 보고 좀 무서웠어\n1 : 백혈병도 그렇고... 자궁 쪽이니까... 인구 감축 프로젝트가 코로나랑 백신이라는 괴소문 까지 도니까 더 무섭더라...\n2 : 그래 진자 괴소문인지 부작용인지 아직 밝혀지지가 않았으니 더 무섭다\n1 : 그치. 게다가 소장이나 대장이 괴사한 사람들도 나왔던데?\n2 : 어 맞아 맞아 우리 부모님 맞을 때도 너무 걱정됐었어\n1 : 이제 백신 맞고 2주 지나서 한시름 좋긴 했지만... 그래도 걱정이야\n2 : 그래도 다 맞아서 마음이 편하겠따",
        "lines": [
          {
            "id": 1,
            "text": "1 : 백신 부작용 말 많은데 백신 맞았어?",
            "norm_text": "백신 부작용 말 많은데 백신 맞았어?",
            "speaker": {
              "id": "1번",
              "sex": "여성",
              "age": "30대"
            },
            "speechAct": "(지시) 질문하기",
            "morpheme": "백/NR+신부/NNG+작용/NNG+말/NNG+많/VA+은데/EC+백신/NNG+맞/VV+았/EP+어/EF"
          },
          {
            "id": 2,
            "text": "2 : 나는 1차까지만 맞았어 2차는 담달이야",
            "norm_text": "나는 1차까지만 맞았어 2차는 담달이야",
            "speaker": {
              "id": "2번",
              "sex": "여성",
              "age": "30대"
            },
            "speechAct": "(단언) 진술하기",
            "morpheme": "나/NP+는/JX+1/SN+차/NNBC+까지/JX+만/JX+맞/VV+았/EP+어/EC+2/SN+차/NNBC+는/JX+담/NNG+달/NNG+이/VCP+야/EC"
          },
          {
            "id": 3,
            "text": "1 : 나 2차까지 백신 맞았는데 좀 이상해...",
            "norm_text": "나 2차까지 백신 맞았는데 좀 이상해...",
            "speaker": {
              "id": "1번",
              "sex": "여성",
              "age": "30대"
            },
            "speechAct": "(단언) 주장하기",
            "morpheme": "나/NP+2/SN+차/NNBC+까지/JX+백신/NNG+맞/VV+았/EP+는데/EC+좀/MAG+이상/NNG+해/XSV+EF+./SY"
          },
          {
            "id": 4,
            "text": "2 : 아팠어? 어디가 이상했어?",
            "norm_text": "아팠어? 어디가 이상했어?",
            "speaker": {
              "id": "2번",
              "sex": "여성",
              "age": "30대"
            },
            "speechAct": "(지시) 질문하기",
            "morpheme": "아팠/VA+EP+어/EF+어디/NP+가/JKS+이상/NNG+했/XSV+EP+어/EF"
          },
          {
            "id": 5,
            "text": "1 : 생리 주기가 짧아졌고, 생리 양이 비 이상적으로 많아",
            "norm_text": "생리 주기가 짧아졌고, 생리 양이 비 이상적으로 많아",
            "speaker": {
              "id": "1번",
              "sex": "여성",
              "age": "30대"
            },
            "speechAct": "(단언) 주장하기",
            "morpheme": "생리/NNG+주기/NNG+가/JKS+짧/VA+아/EC+졌/VX+EP+고/EC+,/SC+생리/NNG+양/NNG+이/JKS+비/XPN+이상/NNG+적/XSN+으로/JKB+많/VA+아/EC"
          },
          {
            "id": 6,
            "text": "2 : 그랬구나, 안 그래도 말이 많던데 별일 없어야 할 텐데 걱정이야",
            "norm_text": "그랬구나, 안 그래도 말이 많던데 별일 없어야 할 텐데 걱정이야",
            "speaker": {
              "id": "2번",
              "sex": "여성",
              "age": "30대"
            },
            "speechAct": "(단언) 주장하기",
            "morpheme": "그랬/VV+EP+구나/EF+,/SC+안/MAG+그래도/VV+EC+말/NNG+이/JKS+많/VA+던데/EC+별일/NNG+없/VA+어야/EC+할/VX+ETM+텐데/NNB+VCP+EC+걱정/NNG+이/VCP+야/EC"
          },
          {
            "id": 7,
            "text": "1 : 원래 양 진짜 적은데... 오버 나이트도 모자랄 정도? 근데 나 같은 사람이 엄청 많더라?",
            "norm_text": "원래 양 진짜 적은데... 오버 나이트도 모자랄 정도? 근데 나 같은 사람이 엄청 많더라?",
            "speaker": {
              "id": "1번",
              "sex": "여성",
              "age": "30대"
            },
            "speechAct": "(지시) 질문하기",
            "morpheme": "원래/MAG+양/MM+진짜/MAG+적/VA+은데/EF+./SY+오버/NNG+나이트/NNG+도/JX+모자랄/VV+ETM+정도/NNG+근데/MAJ+나/NP+같/VA+은/ETM+사람/NNG+이/JKS+엄청/MAG+많/VA+더라/EF"
          },
          {
            "id": 8,
            "text": "2 : 그래? 정말 부작용이구나. 나도 맞기 전에 갑자기 걱정되긴 하더라",
            "norm_text": "그래? 정말 부작용이구나. 나도 맞기 전에 갑자기 걱정되긴 하더라",
            "speaker": {
              "id": "2번",
              "sex": "여성",
              "age": "30대"
            },
            "speechAct": "(단언) 주장하기",
            "morpheme": "그래/IC+정말/MAG+부작용/NNG+이/VCP+구나/EF+나/NP+도/JX+맞/VV+기/ETN+전/NNG+에/JKB+갑자기/MAG+걱정/NNG+되/XSV+긴/ETN+JX+하/VX+더라/EC"
          },
          {
            "id": 9,
            "text": "1 : ㅠㅠ 국민청원까지 올라온 거 보고 이게 나 뿐만이 아니네 싶더라고",
            "norm_text": "ㅠㅠ 국민청원까지 올라온 거 보고 이게 나 뿐만이 아니네 싶더라고",
            "speaker": {
              "id": "1번",
              "sex": "여성",
              "age": "30대"
            },
            "speechAct": "(단언) 주장하기",
            "morpheme": "ㅠㅠ/UNKNOWN+국민/NNG+청원/NNG+까지/JX+올라온/VV+ETM+거/NNB+보고/JKB+이게/NP+JKS+나/NP+뿐/JX+만/JX+이/JKC+아니/VCN+네/EC+싶/VX+더라고/EC"
          },
          {
            "id": 10,
            "text": "2 : 아... 갑자기 백혈병 걸리거나 하는 사람들 신문 보고 좀 무서웠어",
            "norm_text": "아... 갑자기 백혈병 걸리거나 하는 사람들 신문 보고 좀 무서웠어",
            "speaker": {
              "id": "2번",
              "sex": "여성",
              "age": "30대"
            },
            "speechAct": "(단언) 주장하기",
            "morpheme": "아/IC+./SY+갑자기/MAG+백혈병/NNG+걸리/VV+거나/EC+하/VV+는/ETM+사람/NNG+들/XSN+신문/NNG+보/VV+고/EC+좀/MAG+무서웠/VA+EP+어/EC"
          },
          {
            "id": 11,
            "text": "1 : 백혈병도 그렇고... 자궁 쪽이니까... 인구 감축 프로젝트가 코로나랑 백신이라는 괴소문 까지 도니까 더 무섭더라...",
            "norm_text": "백혈병도 그렇고... 자궁 쪽이니까... 인구 감축 프로젝트가 코로나랑 백신이라는 괴소문 까지 도니까 더 무섭더라...",
            "speaker": {
              "id": "1번",
              "sex": "여성",
              "age": "30대"
            },
            "speechAct": "(단언) 주장하기",
            "morpheme": "백혈병/NNG+도/JX+그렇/VA+고/EC+./SY+./SY+자궁/NNG+쪽/NNB+이/VCP+니까/EC+./SY+./SY+인구감축프로젝트가코로나랑백신이라는괴소문까지도니까더무섭더라/UNKNOWN+./SY"
          },
          {
            "id": 12,
            "text": "2 : 그래 진자 괴소문인지 부작용인지 아직 밝혀지지가 않았으니 더 무섭다",
            "norm_text": "그래 진자 괴소문인지 부작용인지 아직 밝혀지지가 않았으니 더 무섭다",
            "speaker": {
              "id": "2번",
              "sex": "여성",
              "age": "30대"
            },
            "speechAct": "(단언) 주장하기",
            "morpheme": "그래/IC+진자/MAG+괴소문/NNG+인지/VCP+EC+부작용/NNG+인지/VCP+EC+아직/MAG+밝혀/VV+EC+지/VX+지/EC+가/JX+않/VX+았/EP+으니/EC+더/MAG+무섭/VA+다/EC"
          },
          {
            "id": 13,
            "text": "1 : 그치. 게다가 소장이나 대장이 괴사한 사람들도 나왔던데?",
            "norm_text": "그치. 게다가 소장이나 대장이 괴사한 사람들도 나왔던데?",
            "speaker": {
              "id": "1번",
              "sex": "여성",
              "age": "30대"
            },
            "speechAct": "(단언) 주장하기",
            "morpheme": "그치/IC+게다가/MAG+소장/NNG+이나/JC+대장/NNG+이/JKS+괴사/NNG+한/XSA+ETM+사람/NNG+들/XSN+도/JX+나왔/VV+EP+던데/EF"
          },
          {
            "id": 14,
            "text": "2 : 어 맞아 맞아 우리 부모님 맞을 때도 너무 걱정됐었어",
            "norm_text": "어 맞아 맞아 우리 부모님 맞을 때도 너무 걱정됐었어",
            "speaker": {
              "id": "2번",
              "sex": "여성",
              "age": "30대"
            },
            "speechAct": "(단언) 주장하기",
            "morpheme": "어/IC+맞/VV+아/EC+맞/VV+아/EC+우리/NP+부모/NNG+님/XSN+맞/VV+을/ETM+때/NNG+도/JX+너무/MAG+걱정/NNG+됐었/XSV+EP+어/EC"
          },
          {
            "id": 15,
            "text": "1 : 이제 백신 맞고 2주 지나서 한시름 좋긴 했지만... 그래도 걱정이야",
            "norm_text": "이제 백신 맞고 2주 지나서 한시름 좋긴 했지만... 그래도 걱정이야",
            "speaker": {
              "id": "1번",
              "sex": "여성",
              "age": "30대"
            },
            "speechAct": "(단언) 주장하기",
            "morpheme": "이제/MAG+백신/NNG+맞/VV+고/EC+2/SN+주/NNBC+지나/VV+서/EC+한시름/NNG+좋/VA+긴/ETN+JX+했/VX+EP+지만/EC+./SY+./SY+그래도/MAJ+걱정/NNG+이/VCP+야/EC"
          },
          {
            "id": 16,
            "text": "2 : 그래도 다 맞아서 마음이 편하겠따",
            "norm_text": "그래도 다 맞아서 마음이 편하겠따",
            "speaker": {
              "id": "2번",
              "sex": "여성",
              "age": "30대"
            },
            "speechAct": "(지시) 질문하기",
            "morpheme": "그래도/MAJ+다/MAG+맞/VV+아서/EC+마음/NNG+이/JKS+편하/VA+겠/EP+따/EF"
          }
        ]
      }
    }
  ]
}