{
  "dataset": {
    "identifier": 61177,
    "name": "KAKAO_923_10_set",
    "src_path": "/data/file/cubeManager/PROJECT001/53/txt202110051541590728106/KAKAO_923_10_set/",
    "label_path": "/data/file/cubeManager/PROJECT001/53/txt202110051541590728106/KAKAO_923_10_set/",
    "category": 2,
    "type": 0
  },
  "licenses": {
    "name": "Apache License 1.0",
    "url": "http://www.apache.org/licenses/LICENSE-1.0"
  },
  "info": [
    {
      "id": 41667,
      "filename": "KAKAO_923_10.txt",
      "title": "KAKAO_923_10",
      "mediatype": "SNS",
      "medianame": "카카오톡",
      "category": "일상대화",
      "date": "2021-10-05",
      "size": 511,
      "annotations": {
        "subject": "스포츠/레저",
        "speaker_type": "1:1",
        "size": 511,
        "word_size": 174,
        "text": "1 : 너는 캠핑 가는 건 안 좋아해 ? 키키\n2 : 나 캠핑 좋아해! 근데 한번도 해본 적이 없어\n1 : 키키 응? 키키 아직 한번도 안 가봤다고? 키키\n2 : 응 다음에 나 한번 데리고 갈래?\n1 : 가면 진짜 완전 힐링 되고 좋은데 키키 그래 가자 키키\n2 : 캠핑용품 많이 가지고 있어?\n1 : 키키 응 나 다 가지고 있어 키키 텐트도 여러 개야 키키\n2 : 어? 텐트도 여러 개야? 너 캠핑 재미에 푹 빠졌구나\n1 : 키키 응... 진짜 돈 많이 썼지 키키 진짜 다 비싸\n2 : 제대로 된 캠핑 용품은 비싸더라. 그럼 난 몸만 가면 되겠니? 하하\n1 : 키키 응응 몸만 와라 키키 와서 텐트 칠 때 좀 도와주고 키키\n2 : 응 그런 거 나 잘해! 노예 근성 있어서 키키\n1 : 언제 갈래 키키 추워지면 또 힘들어... 가을에 가야 좋아\n2 : 가을이 딱 좋지. 다음에 시간 맞춰보자. 여기 좋은 곳 있던데\n1 : 키키 아... 그쪽 동네? 키키 내가 많이 내려가야겠네? 키키\n2 : 많이 내려와 ^^ 군위라는 곳 알아? 거기 유명해",
        "lines": [
          {
            "id": 1,
            "text": "1 : 너는 캠핑 가는 건 안 좋아해 ? 키키",
            "norm_text": "너는 캠핑 가는 건 안 좋아해 ? 키키",
            "speaker": {
              "id": "1번",
              "sex": "여성",
              "age": "30대"
            },
            "speechAct": "(지시) 질문하기",
            "morpheme": "너/NP+는/JX+캠핑/NNG+가/VV+는/ETM+건/NNB+JX+안/MAG+좋/VA+아/EC+해/VX+EF+키/NNG+키/XSV+ETN"
          },
          {
            "id": 2,
            "text": "2 : 나 캠핑 좋아해! 근데 한번도 해본 적이 없어",
            "norm_text": "나 캠핑 좋아해! 근데 한번도 해본 적이 없어",
            "speaker": {
              "id": "2번",
              "sex": "여성",
              "age": "30대"
            },
            "speechAct": "(단언) 주장하기",
            "morpheme": "나/NP+캠핑/NNG+좋/VA+아/EC+해/VX+EF+근데/MAJ+한/MM+번/NNBC+도/JX+해/VV+EC+본/VX+ETM+적/NNB+이/JKS+없/VA+어/EC"
          },
          {
            "id": 3,
            "text": "1 : 키키 응? 키키 아직 한번도 안 가봤다고? 키키",
            "norm_text": "키키 응? 키키 아직 한번도 안 가봤다고? 키키",
            "speaker": {
              "id": "1번",
              "sex": "여성",
              "age": "30대"
            },
            "speechAct": "(지시) 질문하기",
            "morpheme": "키/NNG+키/XSV+ETN+응/IC+키/NNG+키/NNG+아직/MAG+한/MM+번/NNBC+도/JX+안/MAG+가/VV+EC+봤/VX+EP+다고/EF+키/NNG+키/XSV+ETN"
          },
          {
            "id": 4,
            "text": "2 : 응 다음에 나 한번 데리고 갈래?",
            "norm_text": "응 다음에 나 한번 데리고 갈래?",
            "speaker": {
              "id": "2번",
              "sex": "여성",
              "age": "30대"
            },
            "speechAct": "(지시) 충고/제안하기",
            "morpheme": "응/IC+다음/NNG+에/JKB+나/JX+한/MM+번/NNBC+데리/VV+고/EC+갈래/VV+EF"
          },
          {
            "id": 5,
            "text": "1 : 가면 진짜 완전 힐링 되고 좋은데 키키 그래 가자 키키",
            "norm_text": "가면 진짜 완전 힐링 되고 좋은데 키키 그래 가자 키키",
            "speaker": {
              "id": "1번",
              "sex": "여성",
              "age": "30대"
            },
            "speechAct": "(언약) 약속하기(제3자와)/(개인적 수준)",
            "morpheme": "가/VV+면/EC+진짜/MAG+완전/MAG+힐링/NNG+되/XSV+고/EC+좋/VA+은데/EC+키/NNG+키/XSV+ETN+그래/JX+가/JKS+자키/NNG+키/XSV+ETN"
          },
          {
            "id": 6,
            "text": "2 : 캠핑용품 많이 가지고 있어?",
            "norm_text": "캠핑용품 많이 가지고 있어?",
            "speaker": {
              "id": "2번",
              "sex": "여성",
              "age": "30대"
            },
            "speechAct": "(지시) 질문하기",
            "morpheme": "캠핑/NNG+용품/NNG+많이/MAG+가지/VV+고/EC+있/VX+어/EF"
          },
          {
            "id": 7,
            "text": "1 : 키키 응 나 다 가지고 있어 키키 텐트도 여러 개야 키키",
            "norm_text": "키키 응 나 다 가지고 있어 키키 텐트도 여러 개야 키키",
            "speaker": {
              "id": "1번",
              "sex": "여성",
              "age": "30대"
            },
            "speechAct": "(단언) 주장하기",
            "morpheme": "키/NNG+키/XSV+ETN+응/IC+나/VV+다/EC+가지/VX+고/EC+있/VX+어/EC+키/NNG+키/NNG+텐트/NNG+도/JX+여러/MM+개/NNBC+야/VCP+EF+키/NNG+키/XSV+ETN"
          },
          {
            "id": 8,
            "text": "2 : 어? 텐트도 여러 개야? 너 캠핑 재미에 푹 빠졌구나",
            "norm_text": "어? 텐트도 여러 개야? 너 캠핑 재미에 푹 빠졌구나",
            "speaker": {
              "id": "2번",
              "sex": "여성",
              "age": "30대"
            },
            "speechAct": "(지시) 질문하기",
            "morpheme": "어/IC+텐트/NNG+도/JX+여러/MM+개/NNBC+야/VCP+EF+너/NP+캠핑/NNG+재미/NNG+에/JKB+푹/MAG+빠졌/VV+EP+구나/EC"
          },
          {
            "id": 9,
            "text": "1 : 키키 응... 진짜 돈 많이 썼지 키키 진짜 다 비싸",
            "norm_text": "키키 응... 진짜 돈 많이 썼지 키키 진짜 다 비싸",
            "speaker": {
              "id": "1번",
              "sex": "여성",
              "age": "30대"
            },
            "speechAct": "(단언) 주장하기",
            "morpheme": "키/NNG+키/XSV+ETN+응/IC+./SY+진짜돈많이썼지키키진짜다비싸/UNKNOWN"
          },
          {
            "id": 10,
            "text": "2 : 제대로 된 캠핑 용품은 비싸더라. 그럼 난 몸만 가면 되겠니? 하하",
            "norm_text": "제대로 된 캠핑 용품은 비싸더라. 그럼 난 몸만 가면 되겠니? 하하",
            "speaker": {
              "id": "2번",
              "sex": "여성",
              "age": "30대"
            },
            "speechAct": "(지시) 질문하기",
            "morpheme": "제대로/MAG+된/VV+ETM+캠핑/NNG+용품/NNG+은/JX+비싸/VA+더라/EF+그럼/MAJ+난/NP+JX+몸/NNG+만/JX+가/VV+면/EC+되/VV+겠/EP+니/EF+하하/MAG"
          },
          {
            "id": 11,
            "text": "1 : 키키 응응 몸만 와라 키키 와서 텐트 칠 때 좀 도와주고 키키",
            "norm_text": "키키 응응 몸만 와라 키키 와서 텐트 칠 때 좀 도와주고 키키",
            "speaker": {
              "id": "1번",
              "sex": "여성",
              "age": "30대"
            },
            "speechAct": "(단언) 주장하기",
            "morpheme": "키/NNG+키/XSV+ETN+응/IC+응/IC+몸/NNG+만/JX+와라/VV+EC+키/NNG+키/XSV+ETN+와서/VV+EC+텐트/NNG+칠/NR+때/NNG+좀/MAG+도와/VV+EC+주/VX+고/EC+키/NNG+키/XSV+ETN"
          },
          {
            "id": 12,
            "text": "2 : 응 그런 거 나 잘해! 노예 근성 있어서 키키",
            "norm_text": "응 그런 거 나 잘해! 노예 근성 있어서 키키",
            "speaker": {
              "id": "2번",
              "sex": "여성",
              "age": "30대"
            },
            "speechAct": "(단언) 주장하기",
            "morpheme": "응/IC+그런/MM+거/NNB+나/JC+잘/MAG+해/VV+EF+노예근성/NNG+있/VV+어서/EC+키/NNG+키/XSV+ETN"
          },
          {
            "id": 13,
            "text": "1 : 언제 갈래 키키 추워지면 또 힘들어... 가을에 가야 좋아",
            "norm_text": "언제 갈래 키키 추워지면 또 힘들어... 가을에 가야 좋아",
            "speaker": {
              "id": "1번",
              "sex": "여성",
              "age": "30대"
            },
            "speechAct": "(단언) 주장하기",
            "morpheme": "언제갈래키키추워지면또힘들어/UNKNOWN+./SY+가을/NNG+에/JKB+가/VV+야/EC+좋/VA+아/EC"
          },
          {
            "id": 14,
            "text": "2 : 가을이 딱 좋지. 다음에 시간 맞춰보자. 여기 좋은 곳 있던데",
            "norm_text": "가을이 딱 좋지. 다음에 시간 맞춰보자. 여기 좋은 곳 있던데",
            "speaker": {
              "id": "2번",
              "sex": "여성",
              "age": "30대"
            },
            "speechAct": "(단언) 주장하기",
            "morpheme": "가을/NNG+이/JKS+딱/MAG+좋/VA+지/EF+다음/NNG+에/JKB+시간/NNG+맞춰/VV+EC+보/VX+자/EF+여기/NP+좋/VA+은/ETM+곳/NNB+있/VV+던데/EC"
          },
          {
            "id": 15,
            "text": "1 : 키키 아... 그쪽 동네? 키키 내가 많이 내려가야겠네? 키키",
            "norm_text": "키키 아... 그쪽 동네? 키키 내가 많이 내려가야겠네? 키키",
            "speaker": {
              "id": "1번",
              "sex": "여성",
              "age": "30대"
            },
            "speechAct": "(지시) 질문하기",
            "morpheme": "키/NNG+키/VV+아/EF+./SY+그쪽/NP+동네/NNG+?/SY+키/NNG+키/XSV+ETN+내/NP+가/JKS+많이/MAG+내려가/VV+야/EC+VX+겠/EP+네/EF+키/NNG+키/XSV+ETN"
          },
          {
            "id": 16,
            "text": "2 : 많이 내려와 ^^ 군위라는 곳 알아? 거기 유명해",
            "norm_text": "많이 내려와 ^^ 군위라는 곳 알아? 거기 유명해",
            "speaker": {
              "id": "2번",
              "sex": "여성",
              "age": "30대"
            },
            "speechAct": "(단언) 주장하기",
            "morpheme": "많이/MAG+내려와/VV+EC+^/SY+^/SY+군위/NNG+라는/VCP+ETM+곳/NNB+알/VV+아/EF+거기/NP+유명/NNG+해/XSV+EC"
          }
        ]
      }
    }
  ]
}