{
  "dataset": {
    "identifier": 69183,
    "name": "KAKAO_915_03_set",
    "src_path": "/data/file/cubeManager/PROJECT001/53/txt20211005155756055652/KAKAO_915_03_set/",
    "label_path": "/data/file/cubeManager/PROJECT001/53/txt20211005155756055652/KAKAO_915_03_set/",
    "category": 2,
    "type": 0
  },
  "licenses": {
    "name": "Apache License 1.0",
    "url": "http://www.apache.org/licenses/LICENSE-1.0"
  },
  "info": [
    {
      "id": 41840,
      "filename": "KAKAO_915_03.txt",
      "title": "KAKAO_915_03",
      "mediatype": "SNS",
      "medianame": "카카오톡",
      "category": "일상대화",
      "date": "2021-10-05",
      "size": 452,
      "annotations": {
        "subject": "교통",
        "speaker_type": "1:1",
        "size": 452,
        "word_size": 151,
        "text": "1 : 나도 이제 레이는 탈 줄 암 키키\n2 : 오 대단하네 레이 타면 다 타지\n1 : 키키 진짜 제주도에서 운전하는데 긴장 엄청 했음 키키\n2 : 키키 제주도는 근데 사고 나기가 쉽다\n1 : 아 진짜? ㅜㅜ 해안 도로는 괜찮던데 골목은 진짜 무섭\n2 : 거기 초보가 자주 와서 운전하다가 사고 많이 낸다 아니라\n1 : 헐 ㅜㅜ 다들 운전 제대로 연습 안 하고 오나 보다\n2 : 글치 와서 멋 내고 운전 하는 거지 뭐\n1 : 키키 진짜 키키 오빠야 오픈카 타봤나 키키 다음에 도전해야지\n2 : 오 나는 오픈카는 아직 키키 대단하네\n1 : 키키 이번에 환승연애 보는데 오픈카 타더라고 키키\n2 : 환승연애 재밌나 그거 보는 사람 은근 많네\n1 : 오빠야 진짜 재밌다 키키 꿀꿀\n2 : 무슨 재미로 보는데 키키 나는 그런 거 좀 별로라서\n1 : 키키 오빠야 하트시그널 이런 것도 안 봄?\n2 : 하트시그널은 걍 솔로들끼리 하는 거 아니라?",
        "lines": [
          {
            "id": 1,
            "text": "1 : 나도 이제 레이는 탈 줄 암 키키",
            "norm_text": "나도 이제 레이는 탈 줄 암 키키",
            "speaker": {
              "id": "1번",
              "sex": "여성",
              "age": "20대"
            },
            "speechAct": "(단언) 진술하기",
            "morpheme": "나/NP+도/JX+이제/MAG+레이/NNG+는/JX+탈/XPN+줄/NNG+암/NNG+키/NNG+키/XSV+ETN"
          },
          {
            "id": 2,
            "text": "2 : 오 대단하네 레이 타면 다 타지",
            "norm_text": "오 대단하네 레이 타면 다 타지",
            "speaker": {
              "id": "2번",
              "sex": "남성",
              "age": "20대"
            },
            "speechAct": "(단언) 주장하기",
            "morpheme": "오/NR+대/NNBC+단하/NNP+네/XSN+레이/NNG+타/VV+면/EC+다/MAG+타/VV+지/EC"
          },
          {
            "id": 3,
            "text": "1 : 키키 진짜 제주도에서 운전하는데 긴장 엄청 했음 키키",
            "norm_text": "키키 진짜 제주도에서 운전하는데 긴장 엄청 했음 키키",
            "speaker": {
              "id": "1번",
              "sex": "여성",
              "age": "20대"
            },
            "speechAct": "(단언) 진술하기",
            "morpheme": "키/NNG+키/XSV+ETN+진짜/MAG+제주도/NNP+에서/JKB+운전/NNG+하/XSV+는/ETM+데/NNB+긴장/NNG+엄청/MAG+했/VV+EP+음/ETN+키/NNG+키/XSV+ETN"
          },
          {
            "id": 4,
            "text": "2 : 키키 제주도는 근데 사고 나기가 쉽다",
            "norm_text": "키키 제주도는 근데 사고 나기가 쉽다",
            "speaker": {
              "id": "2번",
              "sex": "남성",
              "age": "20대"
            },
            "speechAct": "(단언) 주장하기",
            "morpheme": "키키/NNP+제주도/NNP+는/JX+근데/MAJ+사고/NNG+나기/NNG+가/JKS+쉽/VA+다/EC"
          },
          {
            "id": 5,
            "text": "1 : 아 진짜? ㅜㅜ 해안 도로는 괜찮던데 골목은 진짜 무섭",
            "norm_text": "아 진짜? ㅜㅜ 해안 도로는 괜찮던데 골목은 진짜 무섭",
            "speaker": {
              "id": "1번",
              "sex": "여성",
              "age": "20대"
            },
            "speechAct": "(단언) 진술하기",
            "morpheme": "아/IC+진짜/MAG+ㅜㅜ해안도로는괜찮던데골목은진짜무섭/UNKNOWN"
          },
          {
            "id": 6,
            "text": "2 : 거기 초보가 자주 와서 운전하다가 사고 많이 낸다 아니라",
            "norm_text": "거기 초보가 자주 와서 운전하다가 사고 많이 낸다 아니라",
            "speaker": {
              "id": "2번",
              "sex": "남성",
              "age": "20대"
            },
            "speechAct": "(단언) 주장하기",
            "morpheme": "거기/NP+초보/NNG+가/JKS+자주/MAG+와서/VV+EC+운전/NNG+하/XSV+다가/EC+사고/NNG+많이/MAG+낸다/VV+EC+아니/VCN+라/EC"
          },
          {
            "id": 7,
            "text": "1 : 헐 ㅜㅜ 다들 운전 제대로 연습 안 하고 오나 보다",
            "norm_text": "헐 ㅜㅜ 다들 운전 제대로 연습 안 하고 오나 보다",
            "speaker": {
              "id": "1번",
              "sex": "여성",
              "age": "20대"
            },
            "speechAct": "(단언) 주장하기",
            "morpheme": "헐/VV+JKO+ㅜㅜ/UNKNOWN+다/NNG+들/XSN+운전/NNG+제대로/MAG+연습/NNG+안/MAG+하/VV+고/EC+오/VV+나/EC+보/VX+다/EC"
          },
          {
            "id": 8,
            "text": "2 : 글치 와서 멋 내고 운전 하는 거지 뭐",
            "norm_text": "글치 와서 멋 내고 운전 하는 거지 뭐",
            "speaker": {
              "id": "2번",
              "sex": "남성",
              "age": "20대"
            },
            "speechAct": "(단언) 주장하기",
            "morpheme": "글/NNG+치/XSA+EC+와서/VV+EC+멋/NNG+내/VV+고/EC+운전/NNG+하/XSV+는/ETM+거/NNB+지/VCP+EF+뭐/IC"
          },
          {
            "id": 9,
            "text": "1 : 키키 진짜 키키 오빠야 오픈카 타봤나 키키 다음에 도전해야지",
            "norm_text": "키키 진짜 키키 오빠야 오픈카 타봤나 키키 다음에 도전해야지",
            "speaker": {
              "id": "1번",
              "sex": "여성",
              "age": "20대"
            },
            "speechAct": "(언약) 약속하기(제3자와)/(개인적 수준)",
            "morpheme": "키/NNG+키/XSV+ETN+진짜/MAG+키/NNG+키/NNG+오빠/NNG+야/VCP+EF+오픈카/NNG+타/XSV+EC+봤/VX+EP+나/EC+키/NNG+키/NNG+다음/NNG+에/JKB+도전/NNG+해야지/XSV+EC"
          },
          {
            "id": 10,
            "text": "2 : 오 나는 오픈카는 아직 키키 대단하네",
            "norm_text": "오 나는 오픈카는 아직 키키 대단하네",
            "speaker": {
              "id": "2번",
              "sex": "남성",
              "age": "20대"
            },
            "speechAct": "(단언) 주장하기",
            "morpheme": "오/IC+나/NP+는/JX+오픈카/NNG+는/JX+아직/MAG+키/NNG+키/XSV+ETN+대단/XR+하/XSA+네/EC"
          },
          {
            "id": 11,
            "text": "1 : 키키 이번에 환승연애 보는데 오픈카 타더라고 키키",
            "norm_text": "키키 이번에 환승연애 보는데 오픈카 타더라고 키키",
            "speaker": {
              "id": "1번",
              "sex": "여성",
              "age": "20대"
            },
            "speechAct": "(단언) 진술하기",
            "morpheme": "키/NNG+키/NNG+이번/NNG+에/JKB+환승/NNG+연애/NNG+보/VV+는데/EC+오픈카/NNG+타/VV+더라고/EC+키/NNG+키/XSV+ETN"
          },
          {
            "id": 12,
            "text": "2 : 환승연애 재밌나 그거 보는 사람 은근 많네",
            "norm_text": "환승연애 재밌나 그거 보는 사람 은근 많네",
            "speaker": {
              "id": "2번",
              "sex": "남성",
              "age": "20대"
            },
            "speechAct": "(단언) 주장하기",
            "morpheme": "환승/NNG+연애/NNG+재밌/VA+나/EC+그거/NP+보/VV+는/ETM+사람/NNG+은/JX+근/NP+JX+많/VA+네/EC"
          },
          {
            "id": 13,
            "text": "1 : 오빠야 진짜 재밌다 키키 꿀꿀",
            "norm_text": "오빠야 진짜 재밌다 키키 꿀꿀",
            "speaker": {
              "id": "1번",
              "sex": "여성",
              "age": "20대"
            },
            "speechAct": "(단언) 주장하기",
            "morpheme": "오빠/NNG+야/VCP+EF+진짜/MAG+재밌/VA+다키키/NNP+꿀꿀/XR"
          },
          {
            "id": 14,
            "text": "2 : 무슨 재미로 보는데 키키 나는 그런 거 좀 별로라서",
            "norm_text": "무슨 재미로 보는데 키키 나는 그런 거 좀 별로라서",
            "speaker": {
              "id": "2번",
              "sex": "남성",
              "age": "20대"
            },
            "speechAct": "(단언) 반박하기",
            "morpheme": "무슨/MM+재미/NNG+로/JKB+보/VV+는데/EC+키/NNG+키나/XSA+ETN+JX+는/JX+그런/MM+거/NNB+좀/MAG+별로/MAG+라서/VCP+EC"
          },
          {
            "id": 15,
            "text": "1 : 키키 오빠야 하트시그널 이런 것도 안 봄?",
            "norm_text": "키키 오빠야 하트시그널 이런 것도 안 봄?",
            "speaker": {
              "id": "1번",
              "sex": "여성",
              "age": "20대"
            },
            "speechAct": "(지시) 질문하기",
            "morpheme": "키/NNG+키/NNG+오빠/NNG+야/VCP+EF+하트/NNG+시그널/NNG+이런/MM+것/NNB+도/JX+안/MAG+봄/VV+ETN"
          },
          {
            "id": 16,
            "text": "2 : 하트시그널은 걍 솔로들끼리 하는 거 아니라?",
            "norm_text": "하트시그널은 걍 솔로들끼리 하는 거 아니라?",
            "speaker": {
              "id": "2번",
              "sex": "남성",
              "age": "20대"
            },
            "speechAct": "(지시) 질문하기",
            "morpheme": "하트/NNG+시그널/NNG+은/JX+걍/UNKNOWN+솔로/NNG+들/XSN+끼리/XSN+하/VV+는/ETM+거/NNB+아니/VCN+라/EF"
          }
        ]
      }
    }
  ]
}