{
  "dataset": {
    "identifier": 63313,
    "name": "KAKAO_916_14_set",
    "src_path": "/data/file/cubeManager/PROJECT001/53/txt20211005155003047588/KAKAO_916_14_set/",
    "label_path": "/data/file/cubeManager/PROJECT001/53/txt20211005155003047588/KAKAO_916_14_set/",
    "category": 2,
    "type": 0
  },
  "licenses": {
    "name": "Apache License 1.0",
    "url": "http://www.apache.org/licenses/LICENSE-1.0"
  },
  "info": [
    {
      "id": 41811,
      "filename": "KAKAO_916_14.txt",
      "title": "KAKAO_916_14",
      "mediatype": "SNS",
      "medianame": "카카오톡",
      "category": "일상대화",
      "date": "2021-10-05",
      "size": 510,
      "annotations": {
        "subject": "사회이슈",
        "speaker_type": "1:1",
        "size": 510,
        "word_size": 172,
        "text": "1 : 내년 3월이 대통령 선거라고 하네?\n2 : 벌써 그렇게 됐나?\n1 : 응 키키 얼마 안 남았다\n1 : 국내 정치 잘 아시는 분이 되셔야 할 텐데\n2 : 그러게 ㅠㅠ 많이 아셔야지 안 좋은 사건 안 일어날 거 아니야\n1 : 맞아 우리나라는 대통령이 어떻게 하냐에 좌지우지가 되는 건데\n2 : 응 니는 누구한테 투표할 건지 생각하고 있나?\n1 : 아직은 생각 안 해봤어 키키\n1 : 오빠야는 생각하고 있낭?\n2 : 생각은 하고 있다 키키\n2 : 더 지켜봐야지\n1 : 키키 이제 슬슬 선거철 되면 시끌 시끌하겠다\n2 : 맞다 키키 엄청 시끌시끌할 거 같다\n2 : 공약도 한 번씩 다시 봐야겠다\n1 : 진짜 겉으로 봐선 아무도 모르겠음 ㅠㅠ\n2 : 글치 공약한 거는 다 지켜줬으면 좋겠구만\n1 : 대부분 지키려고는 하시는데 잘 안 되나 봐 ㅠㅠ\n2 : 글치 ㅜㅜ 어렵지\n2 : 생각처럼 다 될 수는 없지\n1 : 그래도 우리 같은 시민들은 그 노력이라도 해달란 건데 ㅠㅠ\n1 : 뒤통수만 안 치면 된다\n2 : 니 말이 맞다 진짜 뒤통수만 안 치면 된다",
        "lines": [
          {
            "id": 1,
            "text": "1 : 내년 3월이 대통령 선거라고 하네?",
            "norm_text": "내년 3월이 대통령 선거라고 하네?",
            "speaker": {
              "id": "1번",
              "sex": "여성",
              "age": "20대"
            },
            "speechAct": "(단언) 진술하기",
            "morpheme": "내년/NNG+3/SN+월/NNBC+이/JKS+대통령/NNG+선거/NNG+라고/VCP+EC+하/VX+네/EF"
          },
          {
            "id": 2,
            "text": "2 : 벌써 그렇게 됐나?",
            "norm_text": "벌써 그렇게 됐나?",
            "speaker": {
              "id": "2번",
              "sex": "남성",
              "age": "20대"
            },
            "speechAct": "(지시) 질문하기",
            "morpheme": "벌써/MAG+그렇게/MAG+됐/VV+EP+나/EF"
          },
          {
            "id": 3,
            "text": "1 : 응 키키 얼마 안 남았다",
            "norm_text": "응 키키 얼마 안 남았다",
            "speaker": {
              "id": "1번",
              "sex": "여성",
              "age": "20대"
            },
            "speechAct": "(단언) 진술하기",
            "morpheme": "응/IC+키/NNG+키/NNG+얼마/NNG+안/MAG+남/VV+았/EP+다/EC"
          },
          {
            "id": 4,
            "text": "1 : 국내 정치 잘 아시는 분이 되셔야 할 텐데",
            "norm_text": "국내 정치 잘 아시는 분이 되셔야 할 텐데",
            "speaker": {
              "id": "1번",
              "sex": "여성",
              "age": "20대"
            },
            "speechAct": "(단언) 주장하기",
            "morpheme": "국내/NNG+정치/NNG+잘/MAG+아/VV+시/EP+는/ETM+분/NNB+이/JKS+되/VV+셔야/EP+EC+할/VX+ETM+텐데/NNB+VCP+EC"
          },
          {
            "id": 5,
            "text": "2 : 그러게 ㅠㅠ 많이 아셔야지 안 좋은 사건 안 일어날 거 아니야",
            "norm_text": "그러게 ㅠㅠ 많이 아셔야지 안 좋은 사건 안 일어날 거 아니야",
            "speaker": {
              "id": "2번",
              "sex": "남성",
              "age": "20대"
            },
            "speechAct": "(단언) 주장하기",
            "morpheme": "그러/VV+게/EC+ㅠㅠ/UNKNOWN+많이/MAG+아셔야/VV+EP+EC+지/VX+안/MAG+좋/VA+은/ETM+사건/NNG+안/MAG+일어날/VV+ETM+거/NNB+아니/VCN+야/EC"
          },
          {
            "id": 6,
            "text": "1 : 맞아 우리나라는 대통령이 어떻게 하냐에 좌지우지가 되는 건데",
            "norm_text": "맞아 우리나라는 대통령이 어떻게 하냐에 좌지우지가 되는 건데",
            "speaker": {
              "id": "1번",
              "sex": "여성",
              "age": "20대"
            },
            "speechAct": "(단언) 주장하기",
            "morpheme": "맞/VV+아/EC+우리/NP+나라/NNG+는/JX+대통령/NNG+이/JKS+어떻/VA+게/EC+하/VX+냐/EF+에/JKB+좌지우지/NNG+가/JKS+되/VV+는/ETM+건데/NNB+VCP+EC"
          },
          {
            "id": 7,
            "text": "2 : 응 니는 누구한테 투표할 건지 생각하고 있나?",
            "norm_text": "응 니는 누구한테 투표할 건지 생각하고 있나?",
            "speaker": {
              "id": "2번",
              "sex": "남성",
              "age": "20대"
            },
            "speechAct": "(지시) 질문하기",
            "morpheme": "응/IC+니/NP+는/JX+누구/NP+한테/JKB+투표/NNG+할/XSV+ETM+건지/NNB+VCP+EC+생각/NNG+하/XSV+고/EC+있/VX+나/EF"
          },
          {
            "id": 8,
            "text": "1 : 아직은 생각 안 해봤어 키키",
            "norm_text": "아직은 생각 안 해봤어 키키",
            "speaker": {
              "id": "1번",
              "sex": "여성",
              "age": "20대"
            },
            "speechAct": "(단언) 진술하기",
            "morpheme": "아직/MAG+은/JX+생각/NNG+안/MAG+해/VV+EC+봤/VX+EP+어/EC+키/NNG+키/XSV+ETN"
          },
          {
            "id": 9,
            "text": "1 : 오빠야는 생각하고 있낭?",
            "norm_text": "오빠야는 생각하고 있낭?",
            "speaker": {
              "id": "1번",
              "sex": "여성",
              "age": "20대"
            },
            "speechAct": "(지시) 질문하기",
            "morpheme": "오빠/NNG+야/VCP+EF+는/JX+생각/NNG+하/XSV+고/EC+있/VX+낭/NNG"
          },
          {
            "id": 10,
            "text": "2 : 생각은 하고 있다 키키",
            "norm_text": "생각은 하고 있다 키키",
            "speaker": {
              "id": "2번",
              "sex": "남성",
              "age": "20대"
            },
            "speechAct": "(단언) 진술하기",
            "morpheme": "생각/NNG+은/JX+하/VV+고/EC+있/VX+다키키/NNP"
          },
          {
            "id": 11,
            "text": "2 : 더 지켜봐야지",
            "norm_text": "더 지켜봐야지",
            "speaker": {
              "id": "2번",
              "sex": "남성",
              "age": "20대"
            },
            "speechAct": "(단언) 주장하기",
            "morpheme": "더/MAG+지켜봐야/VV+EC+VX+지/EC"
          },
          {
            "id": 12,
            "text": "1 : 키키 이제 슬슬 선거철 되면 시끌 시끌하겠다",
            "norm_text": "키키 이제 슬슬 선거철 되면 시끌 시끌하겠다",
            "speaker": {
              "id": "1번",
              "sex": "여성",
              "age": "20대"
            },
            "speechAct": "(단언) 진술하기",
            "morpheme": "키/NNG+키/NNG+이제/MAG+슬슬/MAG+선거철/NNG+되/XSV+면/EC+시끌시끌/XR+하/XSA+겠/EP+다/EC"
          },
          {
            "id": 13,
            "text": "2 : 맞다 키키 엄청 시끌시끌할 거 같다",
            "norm_text": "맞다 키키 엄청 시끌시끌할 거 같다",
            "speaker": {
              "id": "2번",
              "sex": "남성",
              "age": "20대"
            },
            "speechAct": "(단언) 주장하기",
            "morpheme": "맞/VV+다/EC+키/NNG+키/NNG+엄청/MAG+시끌시끌/XR+할/XSA+ETM+거/NNB+같/VA+다/EC"
          },
          {
            "id": 14,
            "text": "2 : 공약도 한 번씩 다시 봐야겠다",
            "norm_text": "공약도 한 번씩 다시 봐야겠다",
            "speaker": {
              "id": "2번",
              "sex": "남성",
              "age": "20대"
            },
            "speechAct": "(단언) 주장하기",
            "morpheme": "공약/NNG+도/JX+한/MM+번/NNBC+씩/XSN+다시/MAG+봐야/VV+EC+VX+겠/EP+다/EC"
          },
          {
            "id": 15,
            "text": "1 : 진짜 겉으로 봐선 아무도 모르겠음 ㅠㅠ",
            "norm_text": "진짜 겉으로 봐선 아무도 모르겠음 ㅠㅠ",
            "speaker": {
              "id": "1번",
              "sex": "여성",
              "age": "20대"
            },
            "speechAct": "(단언) 주장하기",
            "morpheme": "진짜/MAG+겉/NNG+으로/JKB+봐선/VV+EC+JX+아무/NP+도/JX+모르/VV+겠/EP+음/ETN+ㅠㅠ/UNKNOWN"
          },
          {
            "id": 16,
            "text": "2 : 글치 공약한 거는 다 지켜줬으면 좋겠구만",
            "norm_text": "글치 공약한 거는 다 지켜줬으면 좋겠구만",
            "speaker": {
              "id": "2번",
              "sex": "남성",
              "age": "20대"
            },
            "speechAct": "(단언) 주장하기",
            "morpheme": "글/NNG+치/XSN+공약/NNG+한/XSA+ETM+거/NNB+는/JX+다/MAG+지켜줬으면/VV+EC+VX+EP+EC+좋/VA+겠/EP+구만/EC"
          },
          {
            "id": 17,
            "text": "1 : 대부분 지키려고는 하시는데 잘 안 되나 봐 ㅠㅠ",
            "norm_text": "대부분 지키려고는 하시는데 잘 안 되나 봐 ㅠㅠ",
            "speaker": {
              "id": "1번",
              "sex": "여성",
              "age": "20대"
            },
            "speechAct": "(단언) 주장하기",
            "morpheme": "대부분/NNG+지키/VV+려고/EC+는/JX+하/VV+시/EP+는데/EC+잘/MAG+안/MAG+되/VV+나/EC+봐/VX+EF+ㅠㅠ/UNKNOWN"
          },
          {
            "id": 18,
            "text": "2 : 글치 ㅜㅜ 어렵지",
            "norm_text": "글치 ㅜㅜ 어렵지",
            "speaker": {
              "id": "2번",
              "sex": "남성",
              "age": "20대"
            },
            "speechAct": "(단언) 주장하기",
            "morpheme": "글치ㅜㅜ어렵지/UNKNOWN"
          },
          {
            "id": 19,
            "text": "2 : 생각처럼 다 될 수는 없지",
            "norm_text": "생각처럼 다 될 수는 없지",
            "speaker": {
              "id": "2번",
              "sex": "남성",
              "age": "20대"
            },
            "speechAct": "(단언) 주장하기",
            "morpheme": "생각/NNG+처럼/JKB+다/MAG+될/VV+ETM+수/NNB+는/JX+없/VA+지/EC"
          },
          {
            "id": 20,
            "text": "1 : 그래도 우리 같은 시민들은 그 노력이라도 해달란 건데 ㅠㅠ",
            "norm_text": "그래도 우리 같은 시민들은 그 노력이라도 해달란 건데 ㅠㅠ",
            "speaker": {
              "id": "1번",
              "sex": "여성",
              "age": "20대"
            },
            "speechAct": "(단언) 진술하기",
            "morpheme": "그래도/MAJ+우리/NP+같/VA+은/ETM+시민/NNG+들/XSN+은/JX+그/MM+노력/NNG+이/VCP+라도/EC+해/VV+EC+달/VX+란/ETM+건데/NNB+VCP+EC+ㅠㅠ/UNKNOWN"
          },
          {
            "id": 21,
            "text": "1 : 뒤통수만 안 치면 된다",
            "norm_text": "뒤통수만 안 치면 된다",
            "speaker": {
              "id": "1번",
              "sex": "여성",
              "age": "20대"
            },
            "speechAct": "(단언) 주장하기",
            "morpheme": "뒤통수/NNG+만/JX+안/MAG+치/VV+면/EC+된다/VV+EC"
          },
          {
            "id": 22,
            "text": "2 : 니 말이 맞다 진짜 뒤통수만 안 치면 된다",
            "norm_text": "니 말이 맞다 진짜 뒤통수만 안 치면 된다",
            "speaker": {
              "id": "2번",
              "sex": "남성",
              "age": "20대"
            },
            "speechAct": "(단언) 주장하기",
            "morpheme": "니/MM+말/NNG+이/JKS+맞/VV+다/EF+진짜/MAG+뒤통수/NNG+만/JX+안/MAG+치/VV+면/EC+된다/VV+EC"
          }
        ]
      }
    }
  ]
}