{
  "dataset": {
    "identifier": 72903,
    "name": "KAKAO_899_05_set",
    "src_path": "/data/file/cubeManager/PROJECT001/53/txt20211005152834012455/KAKAO_899_05_set/",
    "label_path": "/data/file/cubeManager/PROJECT001/53/txt20211005152834012455/KAKAO_899_05_set/",
    "category": 2,
    "type": 0
  },
  "licenses": {
    "name": "Apache License 1.0",
    "url": "http://www.apache.org/licenses/LICENSE-1.0"
  },
  "info": [
    {
      "id": 41322,
      "filename": "KAKAO_899_05.txt",
      "title": "KAKAO_899_05",
      "mediatype": "SNS",
      "medianame": "카카오톡",
      "category": "일상대화",
      "date": "2021-10-05",
      "size": 429,
      "annotations": {
        "subject": "군대",
        "speaker_type": "1:1",
        "size": 429,
        "word_size": 141,
        "text": "1 : 군생활은 진짜 어떻게 하는 거야? 키키\n2 : 그냥 뭐... 눈 딱 감고 하다 보면 지나있다\n1 : 키키 정말 경험 안 해봤지만 경험하기 싫오\n2 : 키키 그래 평생 안 하면 좋지\n1 : 키키 정말 평생 하지 않을 테야 키키\n2 : 키키 근데 진짜 요새는 사건 사고가 잘 나오는 것 같다\n1 : 그러니까 아까도 뉴스 보니까 뭐 쉬쉬했던데\n2 : 예전보다는 사건이 잘 알려져서 다행이면서도 참 그렇다...\n1 : 맞아 ㅜㅜ 오빠야 때는 막 이런 거 없었낭?\n2 : 있었지 근데 나는 없었고 우리도 탈영하는 놈 있었고 뭐...\n1 : 헐 대박! 탈영하는 사람도 있구나!\n2 : 응응 약간 관심병사도 있고 뭐 그랬지\n1 : 와우 진짜 다 있기는 있네 허헐\n2 : 그렇지 키키 약간 게이인 친구도 있었고\n1 : 으악... 키키 진짜 사회의 축소판이다\n2 : 키키 맞다 키키 진짜 작은 사회지 뭐",
        "lines": [
          {
            "id": 1,
            "text": "1 : 군생활은 진짜 어떻게 하는 거야? 키키",
            "norm_text": "군생활은 진짜 어떻게 하는 거야? 키키",
            "speaker": {
              "id": "1번",
              "sex": "여성",
              "age": "20대"
            },
            "speechAct": "(지시) 질문하기",
            "morpheme": "군/NNG+생활/NNG+은/JX+진짜/MAG+어떻게/MAG+하/VV+는/ETM+거/NNB+야/VCP+EF+키/NNG+키/XSV+ETN"
          },
          {
            "id": 2,
            "text": "2 : 그냥 뭐... 눈 딱 감고 하다 보면 지나있다",
            "norm_text": "그냥 뭐... 눈 딱 감고 하다 보면 지나있다",
            "speaker": {
              "id": "2번",
              "sex": "남성",
              "age": "20대"
            },
            "speechAct": "(단언) 주장하기",
            "morpheme": "그냥/MAG+뭐/IC+./SY+눈/NNG+딱감/VV+고/EC+하/VV+다/EC+보/VX+면/EC+지나/VV+EC+있/VX+다/EC"
          },
          {
            "id": 3,
            "text": "1 : 키키 정말 경험 안 해봤지만 경험하기 싫오",
            "norm_text": "키키 정말 경험 안 해봤지만 경험하기 싫오",
            "speaker": {
              "id": "1번",
              "sex": "여성",
              "age": "20대"
            },
            "speechAct": "(단언) 주장하기",
            "morpheme": "키/NNG+키/XSV+ETN+정말/MAG+경험/NNG+안/MAG+해/VV+EC+봤/VX+EP+지만/EC+경험/NNG+하/XSV+기/ETN+싫/VA+오/EC"
          },
          {
            "id": 4,
            "text": "2 : 키키 그래 평생 안 하면 좋지",
            "norm_text": "키키 그래 평생 안 하면 좋지",
            "speaker": {
              "id": "2번",
              "sex": "남성",
              "age": "20대"
            },
            "speechAct": "(단언) 주장하기",
            "morpheme": "키/NNG+키/XSV+ETN+그래/IC+평생/MAG+안/MAG+하/VV+면/EC+좋/VA+지/EC"
          },
          {
            "id": 5,
            "text": "1 : 키키 정말 평생 하지 않을 테야 키키",
            "norm_text": "키키 정말 평생 하지 않을 테야 키키",
            "speaker": {
              "id": "1번",
              "sex": "여성",
              "age": "20대"
            },
            "speechAct": "(단언) 주장하기",
            "morpheme": "키/NNG+키/XSV+ETN+정말/MAG+평생/NNG+하/XSV+지/EC+않/VX+을/ETM+테/NNB+VCP+야/EC+키/NNG+키/XSV+ETN"
          },
          {
            "id": 6,
            "text": "2 : 키키 근데 진짜 요새는 사건 사고가 잘 나오는 것 같다",
            "norm_text": "키키 근데 진짜 요새는 사건 사고가 잘 나오는 것 같다",
            "speaker": {
              "id": "2번",
              "sex": "남성",
              "age": "20대"
            },
            "speechAct": "(단언) 주장하기",
            "morpheme": "키/NNG+키/XSV+ETN+근데/MAJ+진짜/MAG+요새/NNG+는/JX+사건/NNG+사고/NNG+가/JKS+잘/MAG+나오/VV+는/ETM+것/NNB+같/VA+다/EC"
          },
          {
            "id": 7,
            "text": "1 : 그러니까 아까도 뉴스 보니까 뭐 쉬쉬했던데",
            "norm_text": "그러니까 아까도 뉴스 보니까 뭐 쉬쉬했던데",
            "speaker": {
              "id": "1번",
              "sex": "여성",
              "age": "20대"
            },
            "speechAct": "(단언) 진술하기",
            "morpheme": "그러니까/MAJ+아까/MAG+도/JX+뉴스/NNG+보/VV+니까/EC+뭐/IC+쉬쉬/NNG+했/XSV+EP+던데/EC"
          },
          {
            "id": 8,
            "text": "2 : 예전보다는 사건이 잘 알려져서 다행이면서도 참 그렇다...",
            "norm_text": "예전보다는 사건이 잘 알려져서 다행이면서도 참 그렇다...",
            "speaker": {
              "id": "2번",
              "sex": "남성",
              "age": "20대"
            },
            "speechAct": "(단언) 주장하기",
            "morpheme": "예전/NNG+보다/JKB+는/JX+사건/NNG+이/JKS+잘/MAG+알려져서/VV+EC+VX+EC+다행/NNG+이/VCP+면서/EC+도/JX+참/MAG+그렇/VA+다/EF+./SY"
          },
          {
            "id": 9,
            "text": "1 : 맞아 ㅜㅜ 오빠야 때는 막 이런 거 없었낭?",
            "norm_text": "맞아 ㅜㅜ 오빠야 때는 막 이런 거 없었낭?",
            "speaker": {
              "id": "1번",
              "sex": "여성",
              "age": "20대"
            },
            "speechAct": "(지시) 질문하기",
            "morpheme": "맞/VV+아/EC+ㅜㅜ/UNKNOWN+오빠/NNG+야/VCP+EF+때/NNG+는/JX+막/MAJ+이런/MM+거/NNB+없/VA+었/EP+낭/NNG"
          },
          {
            "id": 10,
            "text": "2 : 있었지 근데 나는 없었고 우리도 탈영하는 놈 있었고 뭐...",
            "norm_text": "있었지 근데 나는 없었고 우리도 탈영하는 놈 있었고 뭐...",
            "speaker": {
              "id": "2번",
              "sex": "남성",
              "age": "20대"
            },
            "speechAct": "(단언) 진술하기",
            "morpheme": "있/VA+었/EP+지/EF+근데/MAJ+나/NP+는/JX+없/VA+었/EP+고/EC+우리/NP+도/JX+탈영/NNG+하/XSV+는/ETM+놈/NNB+있/VA+었/EP+고/EC+뭐/IC+./SY"
          },
          {
            "id": 11,
            "text": "1 : 헐 대박! 탈영하는 사람도 있구나!",
            "norm_text": "헐 대박! 탈영하는 사람도 있구나!",
            "speaker": {
              "id": "1번",
              "sex": "여성",
              "age": "20대"
            },
            "speechAct": "(단언) 주장하기",
            "morpheme": "헐/IC+대박/NNG+!/SY+탈영/NNG+하/XSV+는/ETM+사람/NNG+도/JX+있/VA+구나/EF"
          },
          {
            "id": 12,
            "text": "2 : 응응 약간 관심병사도 있고 뭐 그랬지",
            "norm_text": "응응 약간 관심병사도 있고 뭐 그랬지",
            "speaker": {
              "id": "2번",
              "sex": "남성",
              "age": "20대"
            },
            "speechAct": "(단언) 진술하기",
            "morpheme": "응/IC+응/IC+약간/MAG+관심/NNG+병사/NNG+도/JX+있/VA+고/EC+뭐/IC+그랬/VV+EP+지/EC"
          },
          {
            "id": 13,
            "text": "1 : 와우 진짜 다 있기는 있네 허헐",
            "norm_text": "와우 진짜 다 있기는 있네 허헐",
            "speaker": {
              "id": "1번",
              "sex": "여성",
              "age": "20대"
            },
            "speechAct": "(단언) 주장하기",
            "morpheme": "와우/IC+진짜/MAG+다/MAG+있/VV+기/ETN+는/JX+있/VX+네/EF+허/NNG+헐/XSV+ETM"
          },
          {
            "id": 14,
            "text": "2 : 그렇지 키키 약간 게이인 친구도 있었고",
            "norm_text": "그렇지 키키 약간 게이인 친구도 있었고",
            "speaker": {
              "id": "2번",
              "sex": "남성",
              "age": "20대"
            },
            "speechAct": "(단언) 진술하기",
            "morpheme": "그렇/VA+지/EC+키/NNG+키/NNG+약간/MAG+게이/NNG+인/VCP+ETM+친구/NNG+도/JX+있/VA+었/EP+고/EC"
          },
          {
            "id": 15,
            "text": "1 : 으악... 키키 진짜 사회의 축소판이다",
            "norm_text": "으악... 키키 진짜 사회의 축소판이다",
            "speaker": {
              "id": "1번",
              "sex": "여성",
              "age": "20대"
            },
            "speechAct": "(단언) 주장하기",
            "morpheme": "으악/IC+./SY+키/NNG+키/XSV+ETN+진짜/MAG+사회/NNG+의/JKG+축소판/NNG+이/VCP+다/EC"
          },
          {
            "id": 16,
            "text": "2 : 키키 맞다 키키 진짜 작은 사회지 뭐",
            "norm_text": "키키 맞다 키키 진짜 작은 사회지 뭐",
            "speaker": {
              "id": "2번",
              "sex": "남성",
              "age": "20대"
            },
            "speechAct": "(단언) 주장하기",
            "morpheme": "키/NNG+키/XSV+ETN+맞/VV+다/EC+키/NNG+키/XSV+ETN+진짜/MAG+작/VA+은/ETM+사회/NNG+지/VCP+EF+뭐/IC"
          }
        ]
      }
    }
  ]
}