{
  "dataset": {
    "identifier": 78297,
    "name": "KAKAO_904_07_set",
    "src_path": "/data/file/cubeManager/PROJECT001/53/txt20211005153330078667/KAKAO_904_07_set/",
    "label_path": "/data/file/cubeManager/PROJECT001/53/txt20211005153330078667/KAKAO_904_07_set/",
    "category": 2,
    "type": 0
  },
  "licenses": {
    "name": "Apache License 1.0",
    "url": "http://www.apache.org/licenses/LICENSE-1.0"
  },
  "info": [
    {
      "id": 41404,
      "filename": "KAKAO_904_07.txt",
      "title": "KAKAO_904_07",
      "mediatype": "SNS",
      "medianame": "카카오톡",
      "category": "일상대화",
      "date": "2021-10-05",
      "size": 887,
      "annotations": {
        "subject": "가족",
        "speaker_type": "다자간 대화",
        "size": 887,
        "word_size": 309,
        "text": "1 : 아 추석인데 집에도 못 가고 뭐하냐\n2 : 그렇게 교육하면 집에서도 곤란할 듯\n2 : 부모님은 무슨 죄야...\n2 : 내일 모레까지 힘내라...\n3 : 아 근데 추석 때 가기 너무 피곤해, 현생 사느라 바빠서\n1 : 키키 그래도 우린 본가가 가까우니까 도로 위에서 몇 시간 있을 필요는 없잖아\n2 : 이동하는 것도 귀찮을 듯\n3 : 나 가는 데 3시간 정도 걸릴 거 같아\n3 : 할머니 얼굴 뵈기 힘들다\n1 : 아 우리 집은 친척들 원래 명절에 잘 안 모여서 ㅠ 그냥 본가만 가면 됨\n1 : 나만 없어\n2 : 키키 명절 할머니 살아 계실 때는 많이 모였는데 이제 잘 안 모여서 그냥 쉬는 날 같애\n3 : 아 진짜?\n3 : 아 근데 할머니가 나이가 있으시니까 더 자주 가는 거 같아 우리도\n1 : 그리고 *는 일본 가야하는 거 아니야 ?\n1 : 시국이 시국이라 어렵겠다\n2 : 키키 일본은 추석 없음\n2 : 추석이 여름에 있오\n3 : 진심?\n3 : 신기하다\n3 : 그럼 일본에는 가긴 가냐 요즘? 할머니 뵈러\n1 : 헐 신기해\n1 : 처음 들어봐 나도\n2 : 당연히 못 가지\n2 : 공항 폐쇄됨\n3 : 어우 할머니 뵙고 싶어도 못 뵙겠네,\n3 : 코로나가 언능 끝나야 될 텐데,\n1 : 진짜 코로나가 천륜을 끊어내고 있어\n1 : 속상해\n2 : 마쥬...\n2 : 이런 삶에 적응하는 것도 싫다\n3 : 이미 난 100% 적응해서 잘 사는데 부모님은 자영업 때문에 괴로워하심 ㅠㅠ ㅜ\n1 : 맞어\n1 : 너네 부모님은 진짜 타격 크실 듯...\n2 : 아아 그건 그러네 ㅜㅜ\n2 : 우리 엄마도 강사 해서 학생들 못 모이니까 일 없어서 큰일 남\n3 : 아 진짜?\n3 : 일본어 강사 하시나?\n1 : 아 진짜?\n1 : 약간 비대면 강의 이런 건 안되나\n2 : 마쥬 마쥬\n2 : 일본어 가르치심\n2 : ㅜㅡㅜ 눙물\n3 : 학원 같은 거 하시는 거야?\n3 : 아니면 방문",
        "lines": [
          {
            "id": 1,
            "text": "1 : 아 추석인데 집에도 못 가고 뭐하냐",
            "norm_text": "아 추석인데 집에도 못 가고 뭐하냐",
            "speaker": {
              "id": "1번",
              "sex": "여성",
              "age": "20대"
            },
            "speechAct": "(지시) 질문하기",
            "morpheme": "아/IC+추석/NNG+인데/VCP+EC+집/NNG+에/JKB+도/JX+못/MAG+가/VV+고/EC+뭐/IC+하/VV+냐/EC"
          },
          {
            "id": 2,
            "text": "2 : 그렇게 교육하면 집에서도 곤란할 듯",
            "norm_text": "그렇게 교육하면 집에서도 곤란할 듯",
            "speaker": {
              "id": "2번",
              "sex": "여성",
              "age": "20대"
            },
            "speechAct": "(단언) 진술하기",
            "morpheme": "그렇게/MAG+교육/NNG+하/XSV+면/EC+집/NNG+에서/JKB+도/JX+곤란/NNG+할/XSV+ETM+듯/NNB"
          },
          {
            "id": 3,
            "text": "2 : 부모님은 무슨 죄야...",
            "norm_text": "부모님은 무슨 죄야...",
            "speaker": {
              "id": "2번",
              "sex": "여성",
              "age": "20대"
            },
            "speechAct": "(단언) 진술하기",
            "morpheme": "부모/NNG+님/XSN+은/JX+무슨/MM+죄/NNG+야/VCP+EF+./SY"
          },
          {
            "id": 4,
            "text": "2 : 내일 모레까지 힘내라...",
            "norm_text": "내일 모레까지 힘내라...",
            "speaker": {
              "id": "2번",
              "sex": "여성",
              "age": "20대"
            },
            "speechAct": "(지시) 명령/요구하기",
            "morpheme": "내일모레/NNG+까지/JX+힘내/VV+라/EF+./SY"
          },
          {
            "id": 5,
            "text": "3 : 아 근데 추석 때 가기 너무 피곤해, 현생 사느라 바빠서",
            "norm_text": "아 근데 추석 때 가기 너무 피곤해, 현생 사느라 바빠서",
            "speaker": {
              "id": "3번",
              "sex": "여성",
              "age": "20대"
            },
            "speechAct": "(단언) 주장하기",
            "morpheme": "아/IC+근데/MAJ+추석/NNG+때가/VV+기/ETN+너무/MAG+피곤/NNG+해/XSV+EC+,/SC+현생/NNG+사/VV+느라/EC+바빠서/VA+EC"
          },
          {
            "id": 6,
            "text": "1 : 키키 그래도 우린 본가가 가까우니까 도로 위에서 몇 시간 있을 필요는 없잖아",
            "norm_text": "키키 그래도 우린 본가가 가까우니까 도로 위에서 몇 시간 있을 필요는 없잖아",
            "speaker": {
              "id": "1번",
              "sex": "여성",
              "age": "20대"
            },
            "speechAct": "(단언) 주장하기",
            "morpheme": "키/NNG+키/XSV+ETN+그래도/MAJ+우린/NP+JX+본가/NNG+가/JKS+가까우/VA+니까/EC+도/JX+로위/NNG+에서/JKB+몇/MM+시간/NNG+있/VV+을/ETM+필요/NNG+는/JX+없/VA+잖아/EC"
          },
          {
            "id": 7,
            "text": "2 : 이동하는 것도 귀찮을 듯",
            "norm_text": "이동하는 것도 귀찮을 듯",
            "speaker": {
              "id": "2번",
              "sex": "여성",
              "age": "20대"
            },
            "speechAct": "(단언) 진술하기",
            "morpheme": "이동/NNG+하/XSV+는/ETM+것/NNB+도/JX+귀찮/VA+을/ETM+듯/NNB"
          },
          {
            "id": 8,
            "text": "3 : 나 가는 데 3시간 정도 걸릴 거 같아",
            "norm_text": "나 가는 데 3시간 정도 걸릴 거 같아",
            "speaker": {
              "id": "3번",
              "sex": "여성",
              "age": "20대"
            },
            "speechAct": "(단언) 주장하기",
            "morpheme": "나가/VV+는/ETM+데/NNB+3/SN+시간/NNBC+정도/NNG+걸릴/VV+ETM+거/NNB+같/VA+아/EC"
          },
          {
            "id": 9,
            "text": "3 : 할머니 얼굴 뵈기 힘들다",
            "norm_text": "할머니 얼굴 뵈기 힘들다",
            "speaker": {
              "id": "3번",
              "sex": "여성",
              "age": "20대"
            },
            "speechAct": "(단언) 주장하기",
            "morpheme": "할머니/NNG+얼굴/NNG+뵈/VV+기/ETN+힘들/VA+다/EC"
          },
          {
            "id": 10,
            "text": "1 : 아 우리 집은 친척들 원래 명절에 잘 안 모여서 ㅠ 그냥 본가만 가면 됨",
            "norm_text": "아 우리 집은 친척들 원래 명절에 잘 안 모여서 ㅠ 그냥 본가만 가면 됨",
            "speaker": {
              "id": "1번",
              "sex": "여성",
              "age": "20대"
            },
            "speechAct": "(단언) 진술하기",
            "morpheme": "아/IC+우리/NP+집/NNG+은/JX+친척/NNG+들/XSN+원래/MAG+명절/NNG+에/JKB+잘/MAG+안/MAG+모여/VV+EC+서ㅠ/UNKNOWN+그냥/MAG+본가/NNG+만/JX+가/VV+면/EC+됨/VV+ETN"
          },
          {
            "id": 11,
            "text": "1 : 나만 없어",
            "norm_text": "나만 없어",
            "speaker": {
              "id": "1번",
              "sex": "여성",
              "age": "20대"
            },
            "speechAct": "(단언) 주장하기",
            "morpheme": "나/NP+만/JX+없/VA+어/EC"
          },
          {
            "id": 12,
            "text": "2 : 키키 명절 할머니 살아 계실 때는 많이 모였는데 이제 잘 안 모여서 그냥 쉬는 날 같애",
            "norm_text": "키키 명절 할머니 살아 계실 때는 많이 모였는데 이제 잘 안 모여서 그냥 쉬는 날 같애",
            "speaker": {
              "id": "2번",
              "sex": "여성",
              "age": "20대"
            },
            "speechAct": "(단언) 진술하기",
            "morpheme": "키/NNG+키/NNG+명절/NNG+할머니/NNG+살/VV+아/EC+계실/VX+ETM+때/NNG+는/JX+많이/MAG+모였/VV+EP+는데/EC+이제/MAG+잘/MAG+안/MAG+모여서/VV+EC+그냥/MAG+쉬/VV+는/ETM+날/NNG+같/VA+애/EC"
          },
          {
            "id": 13,
            "text": "3 : 아 진짜?",
            "norm_text": "아 진짜?",
            "speaker": {
              "id": "3번",
              "sex": "여성",
              "age": "20대"
            },
            "speechAct": "(지시) 질문하기",
            "morpheme": "아/IC+진짜/MAG"
          },
          {
            "id": 14,
            "text": "3 : 아 근데 할머니가 나이가 있으시니까 더 자주 가는 거 같아 우리도",
            "norm_text": "아 근데 할머니가 나이가 있으시니까 더 자주 가는 거 같아 우리도",
            "speaker": {
              "id": "3번",
              "sex": "여성",
              "age": "20대"
            },
            "speechAct": "(단언) 진술하기",
            "morpheme": "아/IC+근데/MAJ+할머니/NNG+가/JKS+나이/NNG+가/JKS+있/VA+으시/EP+니까/EC+더/MAG+자주/MAG+가/VV+는/ETM+거/NNB+같/VA+아/EC+우리/NP+도/JX"
          },
          {
            "id": 15,
            "text": "1 : 그리고 *는 일본 가야하는 거 아니야 ?",
            "norm_text": "그리고 *는 일본 가야하는 거 아니야 ?",
            "speaker": {
              "id": "1번",
              "sex": "여성",
              "age": "20대"
            },
            "speechAct": "(지시) 질문하기",
            "morpheme": "그리고/MAJ+*/SY+는/JX+일/NNG+본가야/NNG+하/XSV+는/ETM+거/NNB+아니/VCN+야/EF"
          },
          {
            "id": 16,
            "text": "1 : 시국이 시국이라 어렵겠다",
            "norm_text": "시국이 시국이라 어렵겠다",
            "speaker": {
              "id": "1번",
              "sex": "여성",
              "age": "20대"
            },
            "speechAct": "(단언) 진술하기",
            "morpheme": "시국/NNG+이/JKS+시국/NNG+이/VCP+라/EC+어렵/VA+겠/EP+다/EC"
          },
          {
            "id": 17,
            "text": "2 : 키키 일본은 추석 없음",
            "norm_text": "키키 일본은 추석 없음",
            "speaker": {
              "id": "2번",
              "sex": "여성",
              "age": "20대"
            },
            "speechAct": "(단언) 진술하기",
            "morpheme": "키키/NNP+일본/NNP+은/JX+추석/NNG+없/VA+음/ETN"
          },
          {
            "id": 18,
            "text": "2 : 추석이 여름에 있오",
            "norm_text": "추석이 여름에 있오",
            "speaker": {
              "id": "2번",
              "sex": "여성",
              "age": "20대"
            },
            "speechAct": "(단언) 진술하기",
            "morpheme": "추석/NNG+이/JKS+여름/NNG+에/JKB+있/VV+오/EC"
          },
          {
            "id": 19,
            "text": "3 : 진심?",
            "norm_text": "진심?",
            "speaker": {
              "id": "3번",
              "sex": "여성",
              "age": "20대"
            },
            "speechAct": "(단언) 반박하기",
            "morpheme": "진심/NNG"
          },
          {
            "id": 20,
            "text": "3 : 신기하다",
            "norm_text": "신기하다",
            "speaker": {
              "id": "3번",
              "sex": "여성",
              "age": "20대"
            },
            "speechAct": "(단언) 주장하기",
            "morpheme": "신기/XR+하/XSA+다/EC"
          },
          {
            "id": 21,
            "text": "3 : 그럼 일본에는 가긴 가냐 요즘? 할머니 뵈러",
            "norm_text": "그럼 일본에는 가긴 가냐 요즘? 할머니 뵈러",
            "speaker": {
              "id": "3번",
              "sex": "여성",
              "age": "20대"
            },
            "speechAct": "(지시) 질문하기",
            "morpheme": "그럼/MAJ+일본/NNP+에/JKB+는/JX+가/VV+긴/ETN+JX+가/VX+냐/EF+요즘/MAG+할머니/NNG+뵈/VV+러/EC"
          },
          {
            "id": 22,
            "text": "1 : 헐 신기해",
            "norm_text": "헐 신기해",
            "speaker": {
              "id": "1번",
              "sex": "여성",
              "age": "20대"
            },
            "speechAct": "(단언) 주장하기",
            "morpheme": "헐/IC+신기/NNG+해/XSV+EC"
          },
          {
            "id": 23,
            "text": "1 : 처음 들어봐 나도",
            "norm_text": "처음 들어봐 나도",
            "speaker": {
              "id": "1번",
              "sex": "여성",
              "age": "20대"
            },
            "speechAct": "(단언) 주장하기",
            "morpheme": "처음/MAG+들/VV+어/EC+봐/VX+EF+나/NP+도/JX"
          },
          {
            "id": 24,
            "text": "2 : 당연히 못 가지",
            "norm_text": "당연히 못 가지",
            "speaker": {
              "id": "2번",
              "sex": "여성",
              "age": "20대"
            },
            "speechAct": "(단언) 주장하기",
            "morpheme": "당연히/MAG+못/MAG+가/VV+지/EC"
          },
          {
            "id": 25,
            "text": "2 : 공항 폐쇄됨",
            "norm_text": "공항 폐쇄됨",
            "speaker": {
              "id": "2번",
              "sex": "여성",
              "age": "20대"
            },
            "speechAct": "(단언) 진술하기",
            "morpheme": "공항/NNG+폐쇄/NNG+됨/XSV+ETN"
          },
          {
            "id": 26,
            "text": "3 : 어우 할머니 뵙고 싶어도 못 뵙겠네,",
            "norm_text": "어우 할머니 뵙고 싶어도 못 뵙겠네,",
            "speaker": {
              "id": "3번",
              "sex": "여성",
              "age": "20대"
            },
            "speechAct": "(단언) 진술하기",
            "morpheme": "어우/IC+할머니/NNG+뵙/VV+고/EC+싶/VX+어도/EC+못/MAG+뵙/VV+겠/EP+네/EF+,/SC"
          },
          {
            "id": 27,
            "text": "3 : 코로나가 언능 끝나야 될 텐데,",
            "norm_text": "코로나가 언능 끝나야 될 텐데,",
            "speaker": {
              "id": "3번",
              "sex": "여성",
              "age": "20대"
            },
            "speechAct": "(단언) 진술하기",
            "morpheme": "코로나/NNG+가/JKS+언능/MAG+끝/NNG+나야/VV+EC+될/VV+ETM+텐데/NNB+VCP+EC+,/SC"
          },
          {
            "id": 28,
            "text": "1 : 진짜 코로나가 천륜을 끊어내고 있어",
            "norm_text": "진짜 코로나가 천륜을 끊어내고 있어",
            "speaker": {
              "id": "1번",
              "sex": "여성",
              "age": "20대"
            },
            "speechAct": "(단언) 진술하기",
            "morpheme": "진짜/MAG+코로나/NNG+가/JKS+천륜/NNG+을/JKO+끊/VV+어/EC+내/VX+고/EC+있/VX+어/EC"
          },
          {
            "id": 29,
            "text": "1 : 속상해",
            "norm_text": "속상해",
            "speaker": {
              "id": "1번",
              "sex": "여성",
              "age": "20대"
            },
            "speechAct": "(단언) 주장하기",
            "morpheme": "속상해/VA+EC"
          },
          {
            "id": 30,
            "text": "2 : 마쥬...",
            "norm_text": "마쥬...",
            "speaker": {
              "id": "2번",
              "sex": "여성",
              "age": "20대"
            },
            "speechAct": "(단언) 주장하기",
            "morpheme": "마쥬/NNP+./SY+./SY"
          },
          {
            "id": 31,
            "text": "2 : 이런 삶에 적응하는 것도 싫다",
            "norm_text": "이런 삶에 적응하는 것도 싫다",
            "speaker": {
              "id": "2번",
              "sex": "여성",
              "age": "20대"
            },
            "speechAct": "(단언) 주장하기",
            "morpheme": "이런/MM+삶/NNG+에/JKB+적응/NNG+하/XSV+는/ETM+것/NNB+도/JX+싫/VA+다/EC"
          },
          {
            "id": 32,
            "text": "3 : 이미 난 100% 적응해서 잘 사는데 부모님은 자영업 때문에 괴로워하심 ㅠㅠ ㅜ",
            "norm_text": "이미 난 100% 적응해서 잘 사는데 부모님은 자영업 때문에 괴로워하심 ㅠㅠ ㅜ",
            "speaker": {
              "id": "3번",
              "sex": "여성",
              "age": "20대"
            },
            "speechAct": "(단언) 진술하기",
            "morpheme": "이미/MAG+난/NP+JX+100/SN+%/SY+적응해서잘사는데부모님은자영업때문에괴로워하심ㅠㅠㅜ/UNKNOWN"
          },
          {
            "id": 33,
            "text": "1 : 맞어",
            "norm_text": "맞어",
            "speaker": {
              "id": "1번",
              "sex": "여성",
              "age": "20대"
            },
            "speechAct": "(단언) 주장하기",
            "morpheme": "맞/VV+어/EC"
          },
          {
            "id": 34,
            "text": "1 : 너네 부모님은 진짜 타격 크실 듯...",
            "norm_text": "너네 부모님은 진짜 타격 크실 듯...",
            "speaker": {
              "id": "1번",
              "sex": "여성",
              "age": "20대"
            },
            "speechAct": "(단언) 진술하기",
            "morpheme": "너/NP+네/XSN+부모/NNG+님/XSN+은/JX+진짜/MAG+타격/NNG+크/VA+실/EP+ETM+듯/NNB+./SY"
          },
          {
            "id": 35,
            "text": "2 : 아아 그건 그러네 ㅜㅜ",
            "norm_text": "아아 그건 그러네 ㅜㅜ",
            "speaker": {
              "id": "2번",
              "sex": "여성",
              "age": "20대"
            },
            "speechAct": "(단언) 주장하기",
            "morpheme": "아아/IC+그건/NP+JX+그러/VV+네/EF+ㅜㅜ/UNKNOWN"
          },
          {
            "id": 36,
            "text": "2 : 우리 엄마도 강사 해서 학생들 못 모이니까 일 없어서 큰일 남",
            "norm_text": "우리 엄마도 강사 해서 학생들 못 모이니까 일 없어서 큰일 남",
            "speaker": {
              "id": "2번",
              "sex": "여성",
              "age": "20대"
            },
            "speechAct": "(단언) 진술하기",
            "morpheme": "우리/NP+엄마/NNG+도/JX+강사/NNG+해서/XSV+EC+학생/NNG+들/XSN+못/MAG+모이/VV+니까/EC+일/NNG+없/VA+어서/EC+큰/VA+ETM+일남/NNG"
          },
          {
            "id": 37,
            "text": "3 : 아 진짜?",
            "norm_text": "아 진짜?",
            "speaker": {
              "id": "3번",
              "sex": "여성",
              "age": "20대"
            },
            "speechAct": "(지시) 질문하기",
            "morpheme": "아/IC+진짜/MAG"
          },
          {
            "id": 38,
            "text": "3 : 일본어 강사 하시나?",
            "norm_text": "일본어 강사 하시나?",
            "speaker": {
              "id": "3번",
              "sex": "여성",
              "age": "20대"
            },
            "speechAct": "(지시) 질문하기",
            "morpheme": "일본어/NNG+강사/NNG+하/XSV+시/EP+나/EF"
          },
          {
            "id": 39,
            "text": "1 : 아 진짜?",
            "norm_text": "아 진짜?",
            "speaker": {
              "id": "1번",
              "sex": "여성",
              "age": "20대"
            },
            "speechAct": "(지시) 질문하기",
            "morpheme": "아/IC+진짜/MAG"
          },
          {
            "id": 40,
            "text": "1 : 약간 비대면 강의 이런 건 안되나",
            "norm_text": "약간 비대면 강의 이런 건 안되나",
            "speaker": {
              "id": "1번",
              "sex": "여성",
              "age": "20대"
            },
            "speechAct": "(단언) 주장하기",
            "morpheme": "약간/MAG+비대/VV+면/EC+강의/NNG+이런/MM+건/NNB+JX+안/MAG+되/VV+나/EC"
          },
          {
            "id": 41,
            "text": "2 : 마쥬 마쥬",
            "norm_text": "마쥬 마쥬",
            "speaker": {
              "id": "2번",
              "sex": "여성",
              "age": "20대"
            },
            "speechAct": "(단언) 주장하기",
            "morpheme": "마쥬/NNP+마쥬/NNP"
          },
          {
            "id": 42,
            "text": "2 : 일본어 가르치심",
            "norm_text": "일본어 가르치심",
            "speaker": {
              "id": "2번",
              "sex": "여성",
              "age": "20대"
            },
            "speechAct": "(단언) 진술하기",
            "morpheme": "일본어/NNG+가르치심/NNG"
          },
          {
            "id": 43,
            "text": "2 : ㅜㅡㅜ 눙물",
            "norm_text": "ㅜㅡㅜ 눙물",
            "speaker": {
              "id": "2번",
              "sex": "여성",
              "age": "20대"
            },
            "speechAct": "(단언) 주장하기",
            "morpheme": "ㅜㅡㅜ눙물/UNKNOWN"
          },
          {
            "id": 44,
            "text": "3 : 학원 같은 거 하시는 거야?",
            "norm_text": "학원 같은 거 하시는 거야?",
            "speaker": {
              "id": "3번",
              "sex": "여성",
              "age": "20대"
            },
            "speechAct": "(지시) 질문하기",
            "morpheme": "학원/NNG+같/VA+은/ETM+거/NNB+하/VV+시/EP+는/ETM+거/NNB+야/VCP+EF"
          },
          {
            "id": 45,
            "text": "3 : 아니면 방문",
            "norm_text": "아니면 방문",
            "speaker": {
              "id": "3번",
              "sex": "여성",
              "age": "20대"
            },
            "speechAct": "(지시) 질문하기",
            "morpheme": "아니면/MAJ+방문/NNG"
          }
        ]
      }
    }
  ]
}