{
  "dataset": {
    "identifier": 72811,
    "name": "KAKAO_906_19_set",
    "src_path": "/data/file/cubeManager/PROJECT001/53/txt20211005152905048026/KAKAO_906_19_set/",
    "label_path": "/data/file/cubeManager/PROJECT001/53/txt20211005152905048026/KAKAO_906_19_set/",
    "category": 2,
    "type": 0
  },
  "licenses": {
    "name": "Apache License 1.0",
    "url": "http://www.apache.org/licenses/LICENSE-1.0"
  },
  "info": [
    {
      "id": 41376,
      "filename": "KAKAO_906_19.txt",
      "title": "KAKAO_906_19",
      "mediatype": "SNS",
      "medianame": "카카오톡",
      "category": "일상대화",
      "date": "2021-10-05",
      "size": 383,
      "annotations": {
        "subject": "방송/연예",
        "speaker_type": "1:1",
        "size": 383,
        "word_size": 131,
        "text": "1 : **씨 스우파 보십니꺼\n2 : 아 안 보는 사람 있나여?\n1 : 키키 역시 키키 최애캐가 누구신가여\n2 : 노제 왤케 이쁘냐 춤도 잘 추고\n1 : 아 진짜 걔가 이채연보다 100배 이쁨\n2 : 난 립제이가 좋아 키키 얼굴 너무 매력 있어\n1 : 나두 나두 립제이 넘 매력적 근데 와 모니카 ;\n2 : 몬익화 언니는 포스가... ㅎㄷㄷ임 거의 교수님급\n1 : 서태지 할 때 진짜 쌉소름 끼침 ㄷㄷ\n2 : 니네 다 뒤졌어~ 할 때 놀랬자나;\n1 : 난 시미즈 좋아행 시미즈 본명 아니?\n2 : 아~ 시미즈 본명 모르제 알아 뭐 하누\n1 : ***이랭 키키 그래서 시미즈 키키 넘 귀엽징\n2 : 헐; 키키 빨리 말하면 글케 되는 거야?\n1 : 키키 넘 귀여웡 드디어 낼 한다\n2 : 낼 또 봐야제 본방사수 간다",
        "lines": [
          {
            "id": 1,
            "text": "1 : **씨 스우파 보십니꺼",
            "norm_text": "**씨 스우파 보십니꺼",
            "speaker": {
              "id": "1번",
              "sex": "여성",
              "age": "30대"
            },
            "speechAct": "(지시) 질문하기",
            "morpheme": "*/SY+*/SY+씨스우파보십니꺼/UNKNOWN"
          },
          {
            "id": 2,
            "text": "2 : 아 안 보는 사람 있나여?",
            "norm_text": "아 안 보는 사람 있나여?",
            "speaker": {
              "id": "2번",
              "sex": "여성",
              "age": "20대"
            },
            "speechAct": "(지시) 질문하기",
            "morpheme": "아/IC+안/MAG+보/VV+는/ETM+사람/NNG+있/VA+나/NP+여/VCP+EF"
          },
          {
            "id": 3,
            "text": "1 : 키키 역시 키키 최애캐가 누구신가여",
            "norm_text": "키키 역시 키키 최애캐가 누구신가여",
            "speaker": {
              "id": "1번",
              "sex": "여성",
              "age": "30대"
            },
            "speechAct": "(지시) 질문하기",
            "morpheme": "키/NNG+키/XSV+ETN+역시/MAJ+키/NNG+키/NNG+최애/NNG+캐/NNG+가/JKS+누구/NP+신가/VCP+EP+EC+여/NNG"
          },
          {
            "id": 4,
            "text": "2 : 노제 왤케 이쁘냐 춤도 잘 추고",
            "norm_text": "노제 왤케 이쁘냐 춤도 잘 추고",
            "speaker": {
              "id": "2번",
              "sex": "여성",
              "age": "20대"
            },
            "speechAct": "(단언) 주장하기",
            "morpheme": "노제/NNG+왤케/UNKNOWN+이쁘/VA+냐/EC+춤/NNG+도/JX+잘/MAG+추/VV+고/EC"
          },
          {
            "id": 5,
            "text": "1 : 아 진짜 걔가 이채연보다 100배 이쁨",
            "norm_text": "아 진짜 걔가 이채연보다 100배 이쁨",
            "speaker": {
              "id": "1번",
              "sex": "여성",
              "age": "30대"
            },
            "speechAct": "(단언) 주장하기",
            "morpheme": "아/IC+진짜/MAG+걔/NP+가/JKS+이채연/NNP+보다/JKB+100/SN+배/NNG+이쁨/VA+ETN"
          },
          {
            "id": 6,
            "text": "2 : 난 립제이가 좋아 키키 얼굴 너무 매력 있어",
            "norm_text": "난 립제이가 좋아 키키 얼굴 너무 매력 있어",
            "speaker": {
              "id": "2번",
              "sex": "여성",
              "age": "20대"
            },
            "speechAct": "(단언) 주장하기",
            "morpheme": "난립/NNG+제이/NNG+가/JKS+좋/VA+아/EC+키/NNG+키/NNG+얼굴/NNG+너무/MAG+매력/NNG+있/VV+어/EC"
          },
          {
            "id": 7,
            "text": "1 : 나두 나두 립제이 넘 매력적 근데 와 모니카 ;",
            "norm_text": "나두 나두 립제이 넘 매력적 근데 와 모니카 ;",
            "speaker": {
              "id": "1번",
              "sex": "여성",
              "age": "30대"
            },
            "speechAct": "(단언) 주장하기",
            "morpheme": "나두나두립제이넘매력적근데와모니카/UNKNOWN+;/SY"
          },
          {
            "id": 8,
            "text": "2 : 몬익화 언니는 포스가... ㅎㄷㄷ임 거의 교수님급",
            "norm_text": "몬익화 언니는 포스가... ㅎㄷㄷ임 거의 교수님급",
            "speaker": {
              "id": "2번",
              "sex": "여성",
              "age": "20대"
            },
            "speechAct": "(단언) 주장하기",
            "morpheme": "몬익화언니는포스가/UNKNOWN+./SY+ㅎㄷㄷ임거의교수님급/UNKNOWN"
          },
          {
            "id": 9,
            "text": "1 : 서태지 할 때 진짜 쌉소름 끼침 ㄷㄷ",
            "norm_text": "서태지 할 때 진짜 쌉소름 끼침 ㄷㄷ",
            "speaker": {
              "id": "1번",
              "sex": "여성",
              "age": "30대"
            },
            "speechAct": "(단언) 주장하기",
            "morpheme": "서태지/NNP+할/VV+ETM+때/NNG+진짜/MAG+쌉/UNKNOWN+소름/NNG+끼침/VV+ETN+ㄷ/NNG+ㄷ/NNG"
          },
          {
            "id": 10,
            "text": "2 : 니네 다 뒤졌어~ 할 때 놀랬자나;",
            "norm_text": "니네 다 뒤졌어~ 할 때 놀랬자나;",
            "speaker": {
              "id": "2번",
              "sex": "여성",
              "age": "20대"
            },
            "speechAct": "(단언) 진술하기",
            "morpheme": "니/NP+네/XSN+다/MAG+뒤졌/VV+EP+어/EC+~/SY+할/VV+ETM+때/NNG+놀/VV+랬자/EC+VV+EP+EC+나/NP+;/SY"
          },
          {
            "id": 11,
            "text": "1 : 난 시미즈 좋아행 시미즈 본명 아니?",
            "norm_text": "난 시미즈 좋아행 시미즈 본명 아니?",
            "speaker": {
              "id": "1번",
              "sex": "여성",
              "age": "30대"
            },
            "speechAct": "(지시) 질문하기",
            "morpheme": "난/NP+JX+시미즈/NNP+좋/VA+아/EC+행시/NNG+미즈/NNG+본명/NNG+아니/IC"
          },
          {
            "id": 12,
            "text": "2 : 아~ 시미즈 본명 모르제 알아 뭐 하누",
            "norm_text": "아~ 시미즈 본명 모르제 알아 뭐 하누",
            "speaker": {
              "id": "2번",
              "sex": "여성",
              "age": "20대"
            },
            "speechAct": "(단언) 주장하기",
            "morpheme": "아/IC+~/SY+시미즈본명모르제알아뭐하누/UNKNOWN"
          },
          {
            "id": 13,
            "text": "1 : ***이랭 키키 그래서 시미즈 키키 넘 귀엽징",
            "norm_text": "***이랭 키키 그래서 시미즈 키키 넘 귀엽징",
            "speaker": {
              "id": "1번",
              "sex": "여성",
              "age": "30대"
            },
            "speechAct": "(단언) 주장하기",
            "morpheme": "*/SY+*/SY+*/SY+이랭키키그래서시미즈키키넘귀엽징/UNKNOWN"
          },
          {
            "id": 14,
            "text": "2 : 헐; 키키 빨리 말하면 글케 되는 거야?",
            "norm_text": "헐; 키키 빨리 말하면 글케 되는 거야?",
            "speaker": {
              "id": "2번",
              "sex": "여성",
              "age": "20대"
            },
            "speechAct": "(지시) 질문하기",
            "morpheme": "헐/NNP+;/SY+키/NNG+키/XSV+ETN+빨리/MAG+말/NNG+하/XSV+면/EC+글/NNG+케/XSV+EC+되/VV+는/ETM+거/NNB+야/VCP+EF"
          },
          {
            "id": 15,
            "text": "1 : 키키 넘 귀여웡 드디어 낼 한다",
            "norm_text": "키키 넘 귀여웡 드디어 낼 한다",
            "speaker": {
              "id": "1번",
              "sex": "여성",
              "age": "30대"
            },
            "speechAct": "(단언) 주장하기",
            "morpheme": "키/NNG+키/XSV+ETN+넘/MAG+귀여/NNP+웡/NNP+드디어/MAG+낼/NNG+한다/XSV+EC"
          },
          {
            "id": 16,
            "text": "2 : 낼 또 봐야제 본방사수 간다",
            "norm_text": "낼 또 봐야제 본방사수 간다",
            "speaker": {
              "id": "2번",
              "sex": "여성",
              "age": "20대"
            },
            "speechAct": "(단언) 주장하기",
            "morpheme": "낼/NP+JKO+또/MAG+봐야/VV+EC+제/MM+본방/NNG+사수/MAG+간다/VV+EC"
          }
        ]
      }
    }
  ]
}