{
  "dataset": {
    "identifier": 72782,
    "name": "KAKAO_906_06_set",
    "src_path": "/data/file/cubeManager/PROJECT001/53/txt20211005152905032892/KAKAO_906_06_set/",
    "label_path": "/data/file/cubeManager/PROJECT001/53/txt20211005152905032892/KAKAO_906_06_set/",
    "category": 2,
    "type": 0
  },
  "licenses": {
    "name": "Apache License 1.0",
    "url": "http://www.apache.org/licenses/LICENSE-1.0"
  },
  "info": [
    {
      "id": 41363,
      "filename": "KAKAO_906_06.txt",
      "title": "KAKAO_906_06",
      "mediatype": "SNS",
      "medianame": "카카오톡",
      "category": "일상대화",
      "date": "2021-10-05",
      "size": 439,
      "annotations": {
        "subject": "교육",
        "speaker_type": "1:1",
        "size": 439,
        "word_size": 129,
        "text": "1 : 내 친구 **가 영어 학원 선생님 하거든...?\n2 : 헐~ 영어 학원 선생님? 어디서?\n1 : 거기 몇 세부터 다니냐니까 24개월부터 받아준대...\n2 : 뭐라고? 24개월이면 이제 두 살인데...\n1 : 키키 실화냐고 나 너무 놀랬엉 ㅠ\n2 : 애 엄마인 나도 몰랐당... 24개월부터라니\n1 : 엉 보통 12개월부터 테이프 듣게 하고...\n2 : 테이프를 듣는다고? 12개월이?\n1 : 6살이면 영어 책 같은 건 술술 읽는데 실화냐\n2 : 세종대왕이 아시면 극대노할 일이다\n1 : 그래도 영어보다 한국말을 더 잘하긴 한다더라 키키\n2 : 그래야지 본투비 한국인인데... 진짜 놀랍다\n1 : 너무 놀람... 근데 그 테이프랑 책이 200? 미쳤다리\n2 : 와 애 하나 키우는데 돈 진짜 많이 들어가네\n1 : 그니까 애 못 낳겠음 아무래도 키키\n2 : 근데 엄마들이 그 학원 등록할라고 난리일 거 아냐?",
        "lines": [
          {
            "id": 1,
            "text": "1 : 내 친구 **가 영어 학원 선생님 하거든...?",
            "norm_text": "내 친구 **가 영어 학원 선생님 하거든...?",
            "speaker": {
              "id": "1번",
              "sex": "여성",
              "age": "30대"
            },
            "speechAct": "(단언) 진술하기",
            "morpheme": "내/NP+JKG+친구/NNG+*/SY+*/SY+가/JKS+영어/NNG+학원/NNG+선생/NNG+님/XSN+하/VV+거든/EF+./SY+./SY"
          },
          {
            "id": 2,
            "text": "2 : 헐~ 영어 학원 선생님? 어디서?",
            "norm_text": "헐~ 영어 학원 선생님? 어디서?",
            "speaker": {
              "id": "2번",
              "sex": "여성",
              "age": "20대"
            },
            "speechAct": "(지시) 질문하기",
            "morpheme": "헐/NNP+~/SY+영어/NNG+학원/NNG+선생/NNG+님/XSN+어디/NP+서/JKB"
          },
          {
            "id": 3,
            "text": "1 : 거기 몇 세부터 다니냐니까 24개월부터 받아준대...",
            "norm_text": "거기 몇 세부터 다니냐니까 24개월부터 받아준대...",
            "speaker": {
              "id": "1번",
              "sex": "여성",
              "age": "30대"
            },
            "speechAct": "(단언) 진술하기",
            "morpheme": "거기/NP+몇/MM+세/NNBC+부터/JX+다니/VV+냐니까/EC+24/SN+개월/NNBC+부터/JX+받/VV+아/EC+준대/VX+EF+./SY"
          },
          {
            "id": 4,
            "text": "2 : 뭐라고? 24개월이면 이제 두 살인데...",
            "norm_text": "뭐라고? 24개월이면 이제 두 살인데...",
            "speaker": {
              "id": "2번",
              "sex": "여성",
              "age": "20대"
            },
            "speechAct": "(단언) 주장하기",
            "morpheme": "뭐/NP+라고/VCP+EC+?/SY+24/SN+개월/NNBC+이/VCP+면/EC+이제/MAG+두/MM+살/NNBC+인데/VCP+EC+./SY+./SY"
          },
          {
            "id": 5,
            "text": "1 : 키키 실화냐고 나 너무 놀랬엉 ㅠ",
            "norm_text": "키키 실화냐고 나 너무 놀랬엉 ㅠ",
            "speaker": {
              "id": "1번",
              "sex": "여성",
              "age": "30대"
            },
            "speechAct": "(단언) 주장하기",
            "morpheme": "키/NNG+키/NNG+실화/NNG+냐고/JKB+나/JX+너무/MAG+놀랬/VV+EP+엉ㅠ/UNKNOWN"
          },
          {
            "id": 6,
            "text": "2 : 애 엄마인 나도 몰랐당... 24개월부터라니",
            "norm_text": "애 엄마인 나도 몰랐당... 24개월부터라니",
            "speaker": {
              "id": "2번",
              "sex": "여성",
              "age": "20대"
            },
            "speechAct": "(단언) 주장하기",
            "morpheme": "애/NNG+엄마/NNG+인/VCP+ETM+나/NP+도/JX+몰랐/VV+EP+당/EF+./SY+./SY+24/SN+개월/NNBC+부터/JX+라니/VCP+EC"
          },
          {
            "id": 7,
            "text": "1 : 엉 보통 12개월부터 테이프 듣게 하고...",
            "norm_text": "엉 보통 12개월부터 테이프 듣게 하고...",
            "speaker": {
              "id": "1번",
              "sex": "여성",
              "age": "30대"
            },
            "speechAct": "(단언) 진술하기",
            "morpheme": "엉/IC+보통/NNG+12/SN+개월/NNBC+부터/JX+테이프/NNG+듣/VV+게/EC+하/VV+고/EC+./SY+./SY"
          },
          {
            "id": 8,
            "text": "2 : 테이프를 듣는다고? 12개월이?",
            "norm_text": "테이프를 듣는다고? 12개월이?",
            "speaker": {
              "id": "2번",
              "sex": "여성",
              "age": "20대"
            },
            "speechAct": "(지시) 질문하기",
            "morpheme": "테이프/NNG+를/JKO+듣/VV+는다고/EC+?/SY+12/SN+개월/NNBC+이/JKS"
          },
          {
            "id": 9,
            "text": "1 : 6살이면 영어 책 같은 건 술술 읽는데 실화냐",
            "norm_text": "6살이면 영어 책 같은 건 술술 읽는데 실화냐",
            "speaker": {
              "id": "1번",
              "sex": "여성",
              "age": "30대"
            },
            "speechAct": "(단언) 진술하기",
            "morpheme": "6/SN+살이면영어책같은건술술읽는데실화냐/UNKNOWN"
          },
          {
            "id": 10,
            "text": "2 : 세종대왕이 아시면 극대노할 일이다",
            "norm_text": "세종대왕이 아시면 극대노할 일이다",
            "speaker": {
              "id": "2번",
              "sex": "여성",
              "age": "20대"
            },
            "speechAct": "(단언) 주장하기",
            "morpheme": "세종/NNP+대왕/NNG+이/JKS+아/VV+시/EP+면/EC+극대/NNG+노할/VV+ETM+일/NNG+이/VCP+다/EC"
          },
          {
            "id": 11,
            "text": "1 : 그래도 영어보다 한국말을 더 잘하긴 한다더라 키키",
            "norm_text": "그래도 영어보다 한국말을 더 잘하긴 한다더라 키키",
            "speaker": {
              "id": "1번",
              "sex": "여성",
              "age": "30대"
            },
            "speechAct": "(단언) 진술하기",
            "morpheme": "그래도/MAJ+영어/NNG+보다/JKB+한국말/NNG+을/JKO+더/MAG+잘/MAG+하/VV+긴/ETN+JX+한다더라/VX+EF+키/NNG+키/XSV+ETN"
          },
          {
            "id": 12,
            "text": "2 : 그래야지 본투비 한국인인데... 진짜 놀랍다",
            "norm_text": "그래야지 본투비 한국인인데... 진짜 놀랍다",
            "speaker": {
              "id": "2번",
              "sex": "여성",
              "age": "20대"
            },
            "speechAct": "(단언) 주장하기",
            "morpheme": "그래야지/VV+EC+본/VX+ETM+투비/NNG+한국인/NNG+인데/VCP+EC+./SY+./SY+진짜/MAG+놀랍/VA+다/EC"
          },
          {
            "id": 13,
            "text": "1 : 너무 놀람... 근데 그 테이프랑 책이 200? 미쳤다리",
            "norm_text": "너무 놀람... 근데 그 테이프랑 책이 200? 미쳤다리",
            "speaker": {
              "id": "1번",
              "sex": "여성",
              "age": "30대"
            },
            "speechAct": "(단언) 주장하기",
            "morpheme": "너무/MAG+놀/VV+람/EF+./SY+근데/MAJ+그/MM+테이프/NNG+랑/JKB+책/NNG+이/JKS+200/SN+미쳤/VV+EP+다리/EC"
          },
          {
            "id": 14,
            "text": "2 : 와 애 하나 키우는데 돈 진짜 많이 들어가네",
            "norm_text": "와 애 하나 키우는데 돈 진짜 많이 들어가네",
            "speaker": {
              "id": "2번",
              "sex": "여성",
              "age": "20대"
            },
            "speechAct": "(단언) 주장하기",
            "morpheme": "와/IC+애/NNG+하나/NR+키우/VV+는데/EC+돈/NNG+진짜/MAG+많이/MAG+들어가/VV+네/EC"
          },
          {
            "id": 15,
            "text": "1 : 그니까 애 못 낳겠음 아무래도 키키",
            "norm_text": "그니까 애 못 낳겠음 아무래도 키키",
            "speaker": {
              "id": "1번",
              "sex": "여성",
              "age": "30대"
            },
            "speechAct": "(단언) 주장하기",
            "morpheme": "그니까/MAJ+애/NNG+못/MAG+낳/VV+겠/EP+음/ETN+아무래도/MAG+키/NNG+키/XSV+ETN"
          },
          {
            "id": 16,
            "text": "2 : 근데 엄마들이 그 학원 등록할라고 난리일 거 아냐?",
            "norm_text": "근데 엄마들이 그 학원 등록할라고 난리일 거 아냐?",
            "speaker": {
              "id": "2번",
              "sex": "여성",
              "age": "20대"
            },
            "speechAct": "(단언) 주장하기",
            "morpheme": "근데/MAJ+엄마/NNG+들/XSN+이/JKS+그/MM+학원/NNG+등록/NNG+할라고/XSV+EC+난리/NNG+일/VCP+ETM+거/NNB+아냐/VCN+EF"
          }
        ]
      }
    }
  ]
}