{
  "dataset": {
    "identifier": 63840,
    "name": "KAKAO_901_14_set",
    "src_path": "/data/file/cubeManager/PROJECT001/53/txt20211005153438083796/KAKAO_901_14_set/",
    "label_path": "/data/file/cubeManager/PROJECT001/53/txt20211005153438083796/KAKAO_901_14_set/",
    "category": 2,
    "type": 0
  },
  "licenses": {
    "name": "Apache License 1.0",
    "url": "http://www.apache.org/licenses/LICENSE-1.0"
  },
  "info": [
    {
      "id": 41491,
      "filename": "KAKAO_901_14.txt",
      "title": "KAKAO_901_14",
      "mediatype": "SNS",
      "medianame": "카카오톡",
      "category": "일상대화",
      "date": "2021-10-05",
      "size": 396,
      "annotations": {
        "subject": "사회이슈",
        "speaker_type": "1:1",
        "size": 396,
        "word_size": 130,
        "text": "1 : 뭐고 또 추석 스미싱이 난리고\n2 : 아니 하루라도 조용한 날이 없네요\n1 : 그러니까 진짜 걔들도 바쁘다 바빠\n2 : 그니까요 아니 왜 또 뭘로 스미싱 한다는데요\n1 : 몰라 부모님한테 조심하라고 해라 또 어떤 글귀를 적을지\n2 : 진짜 참 부지런하다 걔들도\n1 : 그러니까 그거 짜는 것도 진짜 힘들껴\n2 : 그니깐요 근데 그게 당하는 사람이 계속 있으니 계속 하겠죠\n1 : 진짜 어른들 조심해야 한다 키키\n2 : 진짜 어르신들은 무슨 죄에요\n1 : 그러니까 그런데 또 속겠더라 글귀 보면 키키\n2 : 그게 문제라... 아니 머리 좋은 놈이 있나 봐요\n1 : 진짜 그 머리를 왜 거기에 쓰냐\n2 : 그니깐 아쉽다 진짜 아까운 머리\n1 : 그러니까 진짜 나는 저기 가도 일 못할 듯 키키\n2 : 키키 오 자기 비하하시는 건가요",
        "lines": [
          {
            "id": 1,
            "text": "1 : 뭐고 또 추석 스미싱이 난리고",
            "norm_text": "뭐고 또 추석 스미싱이 난리고",
            "speaker": {
              "id": "1번",
              "sex": "남성",
              "age": "20대"
            },
            "speechAct": "(지시) 질문하기",
            "morpheme": "뭐/NP+고/VCP+EC+또/MAG+추석/NNG+스/XSN+미싱/NNG+이/JKS+난리/NNG+고/VCP+EC"
          },
          {
            "id": 2,
            "text": "2 : 아니 하루라도 조용한 날이 없네요",
            "norm_text": "아니 하루라도 조용한 날이 없네요",
            "speaker": {
              "id": "2번",
              "sex": "남성",
              "age": "20대"
            },
            "speechAct": "(단언) 진술하기",
            "morpheme": "아니/IC+하루/NNG+라도/VCP+EC+조용/XR+한/XSA+ETM+날/NNG+이/JKS+없/VA+네요/EC"
          },
          {
            "id": 3,
            "text": "1 : 그러니까 진짜 걔들도 바쁘다 바빠",
            "norm_text": "그러니까 진짜 걔들도 바쁘다 바빠",
            "speaker": {
              "id": "1번",
              "sex": "남성",
              "age": "20대"
            },
            "speechAct": "(단언) 주장하기",
            "morpheme": "그러니까/MAJ+진짜/MAG+걔/NP+들/XSN+도/JX+바쁘/VA+다/EC+바빠/VA+EC"
          },
          {
            "id": 4,
            "text": "2 : 그니까요 아니 왜 또 뭘로 스미싱 한다는데요",
            "norm_text": "그니까요 아니 왜 또 뭘로 스미싱 한다는데요",
            "speaker": {
              "id": "2번",
              "sex": "남성",
              "age": "20대"
            },
            "speechAct": "(지시) 질문하기",
            "morpheme": "그니까/MAJ+요/MM+아니/IC+왜/MAG+또/MAG+뭘/NP+JKO+로스/NNG+미싱/NNG+한다는/XSV+ETM+데/NNB+요/VCP+EC"
          },
          {
            "id": 5,
            "text": "1 : 몰라 부모님한테 조심하라고 해라 또 어떤 글귀를 적을지",
            "norm_text": "몰라 부모님한테 조심하라고 해라 또 어떤 글귀를 적을지",
            "speaker": {
              "id": "1번",
              "sex": "남성",
              "age": "20대"
            },
            "speechAct": "(단언) 진술하기",
            "morpheme": "몰라/VV+EC+부모/NNG+님/XSN+한테/JKB+조심/NNG+하/XSV+라고/EC+해라/VX+EF+또/MAG+어떤/MM+글귀/NNG+를/JKO+적/VV+을지/EC"
          },
          {
            "id": 6,
            "text": "2 : 진짜 참 부지런하다 걔들도",
            "norm_text": "진짜 참 부지런하다 걔들도",
            "speaker": {
              "id": "2번",
              "sex": "남성",
              "age": "20대"
            },
            "speechAct": "(단언) 주장하기",
            "morpheme": "진짜/MAG+참/MAG+부지런/NNG+하/XSV+다/EC+걔/NP+들/XSN+도/JX"
          },
          {
            "id": 7,
            "text": "1 : 그러니까 그거 짜는 것도 진짜 힘들껴",
            "norm_text": "그러니까 그거 짜는 것도 진짜 힘들껴",
            "speaker": {
              "id": "1번",
              "sex": "남성",
              "age": "20대"
            },
            "speechAct": "(단언) 주장하기",
            "morpheme": "그러니까/MAJ+그거/NP+짜/VV+는/ETM+것/NNB+도/JX+진짜/MAG+힘/NNG+들/XSN+껴/VV+EC"
          },
          {
            "id": 8,
            "text": "2 : 그니깐요 근데 그게 당하는 사람이 계속 있으니 계속 하겠죠",
            "norm_text": "그니깐요 근데 그게 당하는 사람이 계속 있으니 계속 하겠죠",
            "speaker": {
              "id": "2번",
              "sex": "남성",
              "age": "20대"
            },
            "speechAct": "(지시) 질문하기",
            "morpheme": "그니깐/MAJ+요/JX+근데/MAJ+그게/NP+JKS+당하/VV+는/ETM+사람/NNG+이/JKS+계속/MAG+있/VV+으니/EC+계속/NNG+하/XSV+겠/EP+죠/EF"
          },
          {
            "id": 9,
            "text": "1 : 진짜 어른들 조심해야 한다 키키",
            "norm_text": "진짜 어른들 조심해야 한다 키키",
            "speaker": {
              "id": "1번",
              "sex": "남성",
              "age": "20대"
            },
            "speechAct": "(단언) 주장하기",
            "morpheme": "진짜/MAG+어른/NNG+들/XSN+조심/NNG+해야/XSV+EC+한/VX+ETM+다키키/NNP"
          },
          {
            "id": 10,
            "text": "2 : 진짜 어르신들은 무슨 죄에요",
            "norm_text": "진짜 어르신들은 무슨 죄에요",
            "speaker": {
              "id": "2번",
              "sex": "남성",
              "age": "20대"
            },
            "speechAct": "(지시) 질문하기",
            "morpheme": "진짜/MAG+어르신/NNG+들/XSN+은/JX+무슨/MM+죄/NNG+에/JKB+요/JX"
          },
          {
            "id": 11,
            "text": "1 : 그러니까 그런데 또 속겠더라 글귀 보면 키키",
            "norm_text": "그러니까 그런데 또 속겠더라 글귀 보면 키키",
            "speaker": {
              "id": "1번",
              "sex": "남성",
              "age": "20대"
            },
            "speechAct": "(단언) 진술하기",
            "morpheme": "그러니까/MAJ+그런데/MAJ+또/MAG+속/VV+겠/EP+더라/EF+글귀/NNG+보/VV+면/EC+키/NNG+키/XSV+ETN"
          },
          {
            "id": 12,
            "text": "2 : 그게 문제라... 아니 머리 좋은 놈이 있나 봐요",
            "norm_text": "그게 문제라... 아니 머리 좋은 놈이 있나 봐요",
            "speaker": {
              "id": "2번",
              "sex": "남성",
              "age": "20대"
            },
            "speechAct": "(지시) 질문하기",
            "morpheme": "그게/NP+JKS+문제/NNG+라/VCP+EF+./SY+아니/IC+머리/NNG+좋/VA+은/ETM+놈/NNB+이/JKS+있/VV+나/EC+봐요/VX+EC"
          },
          {
            "id": 13,
            "text": "1 : 진짜 그 머리를 왜 거기에 쓰냐",
            "norm_text": "진짜 그 머리를 왜 거기에 쓰냐",
            "speaker": {
              "id": "1번",
              "sex": "남성",
              "age": "20대"
            },
            "speechAct": "(지시) 질문하기",
            "morpheme": "진짜/MAG+그/MM+머리/NNG+를/JKO+왜/MAG+거기/NP+에/JKB+쓰/VV+냐/EC"
          },
          {
            "id": 14,
            "text": "2 : 그니깐 아쉽다 진짜 아까운 머리",
            "norm_text": "그니깐 아쉽다 진짜 아까운 머리",
            "speaker": {
              "id": "2번",
              "sex": "남성",
              "age": "20대"
            },
            "speechAct": "(단언) 주장하기",
            "morpheme": "그니깐/MAJ+아쉽/VA+다/EF+진짜/MAG+아까운/VA+ETM+머리/NNG"
          },
          {
            "id": 15,
            "text": "1 : 그러니까 진짜 나는 저기 가도 일 못할 듯 키키",
            "norm_text": "그러니까 진짜 나는 저기 가도 일 못할 듯 키키",
            "speaker": {
              "id": "1번",
              "sex": "남성",
              "age": "20대"
            },
            "speechAct": "(단언) 주장하기",
            "morpheme": "그러니까/MAJ+진짜/MAG+나/NP+는/JX+저기/NP+가/JKS+도일/NNG+못/MAG+할/VV+ETM+듯/NNB+키/NNG+키/XSV+ETN"
          },
          {
            "id": 16,
            "text": "2 : 키키 오 자기 비하하시는 건가요",
            "norm_text": "키키 오 자기 비하하시는 건가요",
            "speaker": {
              "id": "2번",
              "sex": "남성",
              "age": "20대"
            },
            "speechAct": "(지시) 질문하기",
            "morpheme": "키/NNG+키/XSV+ETN+오/JC+자기/NP+비하/NNG+하/XSV+시/EP+는/ETM+건가요/NNB+VCP+EC"
          }
        ]
      }
    }
  ]
}