{
  "dataset": {
    "identifier": 72960,
    "name": "KAKAO_898_16_set",
    "src_path": "/data/file/cubeManager/PROJECT001/53/txt20211005152750072668/KAKAO_898_16_set/",
    "label_path": "/data/file/cubeManager/PROJECT001/53/txt20211005152750072668/KAKAO_898_16_set/",
    "category": 2,
    "type": 0
  },
  "licenses": {
    "name": "Apache License 1.0",
    "url": "http://www.apache.org/licenses/LICENSE-1.0"
  },
  "info": [
    {
      "id": 41273,
      "filename": "KAKAO_898_16.txt",
      "title": "KAKAO_898_16",
      "mediatype": "SNS",
      "medianame": "카카오톡",
      "category": "일상대화",
      "date": "2021-10-05",
      "size": 883,
      "annotations": {
        "subject": "미용",
        "speaker_type": "다자간 대화",
        "size": 883,
        "word_size": 224,
        "text": "1 : 얼마 전에 동네 피부 미용샵에 다녀왔어요! 여기 좋더라고요!\n2 : 동네에 그런 곳이 있어요?\n3 : 아 그 사거리에 있는 거 맞죠?\n1 : 네 맞아요! 확실히 개인 미용샵이다 보니까 사람도 별로 없고 피부랑 눈썹이랑 정말 꼼꼼히 봐주셨어요\n2 : 요새 피부 관리를 정말 못했는데 저도 한 번 가봐야겠어요\n3 : 오오 눈썹! 전 화장할 때 눈썹을 제일 중요하게 여기는데 원래 제 눈썹을 관리하기가 힘들더라고요\n1 : 음~ 그럼 거기 가보세요!\n1 : 눈썹 문신도 하시더라고요\n2 : 정말 한 번 가볼게요! 알려줘서 감사해요 하하\n3 : 아 혹시 쌍커풀 수술 하신 분 계세요?\n1 : 저는 자연이요!\n1 : 왜요 왜요 관심 있어요?\n2 : 오~ 쌍커풀 수술 하고 싶어요?\n3 : 하하 그건 아니고, 제가 속눈썹이 말려서 자라서 안과 선생님께서 권하시더라고요\n1 : 아~ 속눈썹 말려 자라는 분 꽤 있더라고요\n2 : 오오 그럼 수술하는 거에요?\n3 : 사실 전 아직 생각 없어요 키키\n3 : 속쌍커풀이 있어서 살 빼면 겉쌍커풀 생길 수 있다고 엄마도 반대하셨어요\n1 : 그래요! 사실 다이어트가 최고의 성형이라잖아요\n2 : 아! 제 친구가 이번에 필러를 맞았는데 조금 부자연스럽더라고요\n3 : 저희 엄마도 한 번쯤은 보톡스나 필러 맞아보고 싶다고 하셨는데...\n1 : 저도 후기 많이 들었는데 초반에는 부자연스러워도 점점 붓기 빠지면 만족스러워 하던데요\n2 : 그래서 한 번 맞으면 계속 맞게 된다고 하나봐요\n3 : 키키 그런가 봐요!\n3 : 나중에 돈 많이 벌면 과도하지 않은 선에서 몇 번 맞춰드릴까 생각 중이에요\n1 : 하하 좋은 생각이에요!\n1 : 요새 이런 건 흔한 시술이니까!\n2 : 맞아요! 젊은 친구들도 정말 많이 하더라고요\n3 : 음 그런 것 같아요!\n3 : 제 친구들 중에서도 필러 맞은 친구들이 꽤 있거든요",
        "lines": [
          {
            "id": 1,
            "text": "1 : 얼마 전에 동네 피부 미용샵에 다녀왔어요! 여기 좋더라고요!",
            "norm_text": "얼마 전에 동네 피부 미용샵에 다녀왔어요! 여기 좋더라고요!",
            "speaker": {
              "id": "1번",
              "sex": "여성",
              "age": "30대"
            },
            "speechAct": "(단언) 진술하기",
            "morpheme": "얼마/NNG+전/NNG+에/JKB+동네/NNG+피부/NNG+미용/NNG+샵/NNP+에/JKB+다녀왔/VV+EP+어요/EF+여기/NP+좋/VA+더라고요/EF"
          },
          {
            "id": 2,
            "text": "2 : 동네에 그런 곳이 있어요?",
            "norm_text": "동네에 그런 곳이 있어요?",
            "speaker": {
              "id": "2번",
              "sex": "여성",
              "age": "40대"
            },
            "speechAct": "(지시) 질문하기",
            "morpheme": "동네/NNG+에/JKB+ /SY+그런/MM+ /SY+곳/NNG+이/JKS+ /SY+있/VA+어요/EF"
          },
          {
            "id": 3,
            "text": "3 : 아 그 사거리에 있는 거 맞죠?",
            "norm_text": "아 그 사거리에 있는 거 맞죠?",
            "speaker": {
              "id": "3번",
              "sex": "여성",
              "age": "10대"
            },
            "speechAct": "(단언) 주장하기",
            "morpheme": "아/IC+그/MM+사거리/NNG+에/JKB+있/VV+는/ETM+거/NNB+맞/VV+죠/EF"
          },
          {
            "id": 4,
            "text": "1 : 네 맞아요! 확실히 개인 미용샵이다 보니까 사람도 별로 없고 피부랑 눈썹이랑 정말 꼼꼼히 봐주셨어요",
            "norm_text": "네 맞아요! 확실히 개인 미용샵이다 보니까 사람도 별로 없고 피부랑 눈썹이랑 정말 꼼꼼히 봐주셨어요",
            "speaker": {
              "id": "1번",
              "sex": "여성",
              "age": "30대"
            },
            "speechAct": "(단언) 진술하기",
            "morpheme": "네/IC+맞/VV+아요/EF+확실히개인미용샵이다보니까사람도별로없고피부랑눈썹이랑정말꼼꼼히봐주셨어요/UNKNOWN"
          },
          {
            "id": 5,
            "text": "2 : 요새 피부 관리를 정말 못했는데 저도 한 번 가봐야겠어요",
            "norm_text": "요새 피부 관리를 정말 못했는데 저도 한 번 가봐야겠어요",
            "speaker": {
              "id": "2번",
              "sex": "여성",
              "age": "40대"
            },
            "speechAct": "(언약) 약속하기(제3자와)/(개인적 수준)",
            "morpheme": "요새/NNG+ /SY+피부/NNG+ /SY+관리/NNG+를/JKO+ /SY+정말/MAG+ /SY+못/MAG+했/VV+EP+는데/EC+ /SY+저/NP+도/JX+ /SY+한/NNP+ /SY+번/NNBC+ /SY+가/VV+봐야/EC+VX+EC+VX+겠/EP+어요/EF"
          },
          {
            "id": 6,
            "text": "3 : 오오 눈썹! 전 화장할 때 눈썹을 제일 중요하게 여기는데 원래 제 눈썹을 관리하기가 힘들더라고요",
            "norm_text": "오오 눈썹! 전 화장할 때 눈썹을 제일 중요하게 여기는데 원래 제 눈썹을 관리하기가 힘들더라고요",
            "speaker": {
              "id": "3번",
              "sex": "여성",
              "age": "10대"
            },
            "speechAct": "(단언) 주장하기",
            "morpheme": "오/NR+오/NR+눈썹/NNG+!/SY+전화장할때눈썹을제일중요하게여기는데원래제눈썹을관리하기가힘들더라고요/UNKNOWN"
          },
          {
            "id": 7,
            "text": "1 : 음~ 그럼 거기 가보세요!",
            "norm_text": "음~ 그럼 거기 가보세요!",
            "speaker": {
              "id": "1번",
              "sex": "여성",
              "age": "30대"
            },
            "speechAct": "(지시) 충고/제안하기",
            "morpheme": "음/IC+~/SY+그럼/MAJ+거기/NP+가/JKS+보/VV+세요/EP+EF"
          },
          {
            "id": 8,
            "text": "1 : 눈썹 문신도 하시더라고요",
            "norm_text": "눈썹 문신도 하시더라고요",
            "speaker": {
              "id": "1번",
              "sex": "여성",
              "age": "30대"
            },
            "speechAct": "(단언) 진술하기",
            "morpheme": "눈썹/NNG+문신/NNG+도/JX+하/VV+시/EP+더라고요/EC"
          },
          {
            "id": 9,
            "text": "2 : 정말 한 번 가볼게요! 알려줘서 감사해요 하하",
            "norm_text": "정말 한 번 가볼게요! 알려줘서 감사해요 하하",
            "speaker": {
              "id": "2번",
              "sex": "여성",
              "age": "40대"
            },
            "speechAct": "(표현) 감사하기",
            "morpheme": "정말/MAG+ /SY+한/NNP+ /SY+번/NNBC+ /SY+가/JKS+볼게요/VV+EF+ /SY+알려/VV+EC+줘서/VX+EC+ /SY+감사/NNG+해요/XSV+EF+하하/MAG"
          },
          {
            "id": 10,
            "text": "3 : 아 혹시 쌍커풀 수술 하신 분 계세요?",
            "norm_text": "아 혹시 쌍커풀 수술 하신 분 계세요?",
            "speaker": {
              "id": "3번",
              "sex": "여성",
              "age": "10대"
            },
            "speechAct": "(지시) 질문하기",
            "morpheme": "아/IC+혹시/MAG+쌍/NNG+커/VA+EC+풀/VV+ETM+수술/NNG+하/XSV+신/EP+ETM+분/NNB+계세요/VV+EF"
          },
          {
            "id": 11,
            "text": "1 : 저는 자연이요!",
            "norm_text": "저는 자연이요!",
            "speaker": {
              "id": "1번",
              "sex": "여성",
              "age": "30대"
            },
            "speechAct": "(단언) 진술하기",
            "morpheme": "저/NP+는/JX+자연/NNG+이/VCP+요/EF"
          },
          {
            "id": 12,
            "text": "1 : 왜요 왜요 관심 있어요?",
            "norm_text": "왜요 왜요 관심 있어요?",
            "speaker": {
              "id": "1번",
              "sex": "여성",
              "age": "30대"
            },
            "speechAct": "(지시) 질문하기",
            "morpheme": "왜/MAG+요/JX+왜/MAG+요/MM+관심/NNG+있/VA+어요/EF"
          },
          {
            "id": 13,
            "text": "2 : 오~ 쌍커풀 수술 하고 싶어요?",
            "norm_text": "오~ 쌍커풀 수술 하고 싶어요?",
            "speaker": {
              "id": "2번",
              "sex": "여성",
              "age": "40대"
            },
            "speechAct": "(지시) 질문하기",
            "morpheme": "오/NR+~/SY+ /SY+쌍/NNG+커/VA+EC+풀/NNG+ /SY+수술/NNG+ /SY+하고/JKQ+ /SY+싶/VX+어요/EF"
          },
          {
            "id": 14,
            "text": "3 : 하하 그건 아니고, 제가 속눈썹이 말려서 자라서 안과 선생님께서 권하시더라고요",
            "norm_text": "하하 그건 아니고, 제가 속눈썹이 말려서 자라서 안과 선생님께서 권하시더라고요",
            "speaker": {
              "id": "3번",
              "sex": "여성",
              "age": "10대"
            },
            "speechAct": "(단언) 진술하기",
            "morpheme": "하하/MAG+그건/NP+JX+아니/VCN+고/EC+,/SC+제/NP+가/JKS+속눈썹/NNG+이/JKS+말려서/VV+EC+자라/VV+서/EC+안/NNG+과/JC+선생/NNG+님/XSN+께서/JKS+권하/VV+시/EP+더라고요/EC"
          },
          {
            "id": 15,
            "text": "1 : 아~ 속눈썹 말려 자라는 분 꽤 있더라고요",
            "norm_text": "아~ 속눈썹 말려 자라는 분 꽤 있더라고요",
            "speaker": {
              "id": "1번",
              "sex": "여성",
              "age": "30대"
            },
            "speechAct": "(단언) 주장하기",
            "morpheme": "아/IC+~/SY+속눈썹/NNG+말려/VV+EC+자라/VV+는/ETM+분/NNB+꽤/MAG+있/VA+더라고요/EC"
          },
          {
            "id": 16,
            "text": "2 : 오오 그럼 수술하는 거에요?",
            "norm_text": "오오 그럼 수술하는 거에요?",
            "speaker": {
              "id": "2번",
              "sex": "여성",
              "age": "40대"
            },
            "speechAct": "(지시) 질문하기",
            "morpheme": "오오/NNG+ /SY+그럼/MAJ+ /SY+수술/NNG+하/XSV+는/ETM+ /SY+거/NNB+에요/VCP+EF"
          },
          {
            "id": 17,
            "text": "3 : 사실 전 아직 생각 없어요 키키",
            "norm_text": "사실 전 아직 생각 없어요 키키",
            "speaker": {
              "id": "3번",
              "sex": "여성",
              "age": "10대"
            },
            "speechAct": "(단언) 주장하기",
            "morpheme": "사실/MAG+전/NP+JX+아직/MAG+생각/NNG+없/VA+어요/EF+키/NNG+키/XSV+ETN"
          },
          {
            "id": 18,
            "text": "3 : 속쌍커풀이 있어서 살 빼면 겉쌍커풀 생길 수 있다고 엄마도 반대하셨어요",
            "norm_text": "속쌍커풀이 있어서 살 빼면 겉쌍커풀 생길 수 있다고 엄마도 반대하셨어요",
            "speaker": {
              "id": "3번",
              "sex": "여성",
              "age": "10대"
            },
            "speechAct": "(단언) 진술하기",
            "morpheme": "속/NNG+쌍/NNG+커/VA+EC+풀/NNG+이/JKS+있/VV+어서/EC+살빼/VV+면/EC+겉/NNG+쌍/NNG+커/VA+EC+풀/NNG+생길/VV+ETM+수/NNB+있/VV+다고/EC+엄마/NNG+도/JX+반대/NNG+하/XSV+셨/EP+EP+어요/EF"
          },
          {
            "id": 19,
            "text": "1 : 그래요! 사실 다이어트가 최고의 성형이라잖아요",
            "norm_text": "그래요! 사실 다이어트가 최고의 성형이라잖아요",
            "speaker": {
              "id": "1번",
              "sex": "여성",
              "age": "30대"
            },
            "speechAct": "(단언) 주장하기",
            "morpheme": "그래요/VV+EF+사실/MAG+다이어트/NNG+가/JKS+최고/NNG+의/JKG+성형/NNG+이/VCP+라/EC+잖아요/VCP+EC+VX+EC"
          },
          {
            "id": 20,
            "text": "2 : 아! 제 친구가 이번에 필러를 맞았는데 조금 부자연스럽더라고요",
            "norm_text": "아! 제 친구가 이번에 필러를 맞았는데 조금 부자연스럽더라고요",
            "speaker": {
              "id": "2번",
              "sex": "여성",
              "age": "40대"
            },
            "speechAct": "(단언) 진술하기",
            "morpheme": "아/IC+ /SY+제/XPN+ /SY+친구/NNG+가/JKS+ /SY+이번/NNG+에/JKB+ /SY+필러/NNG+를/JKO+ /SY+맞/VV+았/EP+는데/EC+ /SY+조금/NNG+ /SY+부자연/XR+스럽/XSA+더라고요/EC"
          },
          {
            "id": 21,
            "text": "3 : 저희 엄마도 한 번쯤은 보톡스나 필러 맞아보고 싶다고 하셨는데...",
            "norm_text": "저희 엄마도 한 번쯤은 보톡스나 필러 맞아보고 싶다고 하셨는데...",
            "speaker": {
              "id": "3번",
              "sex": "여성",
              "age": "10대"
            },
            "speechAct": "(단언) 진술하기",
            "morpheme": "저희엄마도한번쯤은보톡스나필러맞아보고싶다고하셨는데/UNKNOWN+./SY"
          },
          {
            "id": 22,
            "text": "1 : 저도 후기 많이 들었는데 초반에는 부자연스러워도 점점 붓기 빠지면 만족스러워 하던데요",
            "norm_text": "저도 후기 많이 들었는데 초반에는 부자연스러워도 점점 붓기 빠지면 만족스러워 하던데요",
            "speaker": {
              "id": "1번",
              "sex": "여성",
              "age": "30대"
            },
            "speechAct": "(단언) 진술하기",
            "morpheme": "저/NP+도/JX+후기/NNG+많이/MAG+들/VV+었/EP+는데/EC+초반/NNG+에/JKB+는/JX+부자연/XR+스러워도/XSA+EC+점점/MAG+붓/VV+기/ETN+빠지/VV+면/EC+만족/NNG+스러워/XSA+EC+하/VV+던데요/EC"
          },
          {
            "id": 23,
            "text": "2 : 그래서 한 번 맞으면 계속 맞게 된다고 하나봐요",
            "norm_text": "그래서 한 번 맞으면 계속 맞게 된다고 하나봐요",
            "speaker": {
              "id": "2번",
              "sex": "여성",
              "age": "40대"
            },
            "speechAct": "(단언) 주장하기",
            "morpheme": "그래서/MAJ+ /SY+한/NNP+ /SY+번/NNBC+ /SY+맞/VV+으면/EC+ /SY+계속/NNG+ /SY+맞/VV+게/EC+ /SY+된다고/VV+EC+ /SY+하나/NR+봐요/VV+EC"
          },
          {
            "id": 24,
            "text": "3 : 키키 그런가 봐요!",
            "norm_text": "키키 그런가 봐요!",
            "speaker": {
              "id": "3번",
              "sex": "여성",
              "age": "10대"
            },
            "speechAct": "(단언) 주장하기",
            "morpheme": "키/NNG+키/XSV+ETN+그런가/VA+EC+봐요/VX+EF"
          },
          {
            "id": 25,
            "text": "3 : 나중에 돈 많이 벌면 과도하지 않은 선에서 몇 번 맞춰드릴까 생각 중이에요",
            "norm_text": "나중에 돈 많이 벌면 과도하지 않은 선에서 몇 번 맞춰드릴까 생각 중이에요",
            "speaker": {
              "id": "3번",
              "sex": "여성",
              "age": "10대"
            },
            "speechAct": "(단언) 주장하기",
            "morpheme": "나중/NNG+에/JKB+돈/NNG+많이/MAG+벌/VV+면/EC+과도/NNG+하/XSV+지/EC+않/VX+은/ETM+선/NNG+에서/JKB+몇/MM+번/NNBC+맞춰/VV+EC+드릴까/VX+EC+생각/NNG+중/NNB+이/VCP+에요/EF"
          },
          {
            "id": 26,
            "text": "1 : 하하 좋은 생각이에요!",
            "norm_text": "하하 좋은 생각이에요!",
            "speaker": {
              "id": "1번",
              "sex": "여성",
              "age": "30대"
            },
            "speechAct": "(단언) 주장하기",
            "morpheme": "하하/MAG+좋/VA+은/ETM+생각/NNG+이/VCP+에요/EF"
          },
          {
            "id": 27,
            "text": "1 : 요새 이런 건 흔한 시술이니까!",
            "norm_text": "요새 이런 건 흔한 시술이니까!",
            "speaker": {
              "id": "1번",
              "sex": "여성",
              "age": "30대"
            },
            "speechAct": "(단언) 주장하기",
            "morpheme": "요새/MAG+이런/MM+건/NNB+JX+흔한/VA+ETM+시술/NNG+이/VCP+니까/EF"
          },
          {
            "id": 28,
            "text": "2 : 맞아요! 젊은 친구들도 정말 많이 하더라고요",
            "norm_text": "맞아요! 젊은 친구들도 정말 많이 하더라고요",
            "speaker": {
              "id": "2번",
              "sex": "여성",
              "age": "40대"
            },
            "speechAct": "(단언) 주장하기",
            "morpheme": "맞/VV+아요/EF+ /SY+젊/VA+은/ETM+ /SY+친구/NNG+들/XSN+도/JX+ /SY+정말/MAG+ /SY+많이/MAG+ /SY+하/VV+더라고요/EC"
          },
          {
            "id": 29,
            "text": "3 : 음 그런 것 같아요!",
            "norm_text": "음 그런 것 같아요!",
            "speaker": {
              "id": "3번",
              "sex": "여성",
              "age": "10대"
            },
            "speechAct": "(단언) 주장하기",
            "morpheme": "음/IC+그런/MM+것/NNB+같/VA+아요/EF"
          },
          {
            "id": 30,
            "text": "3 : 제 친구들 중에서도 필러 맞은 친구들이 꽤 있거든요",
            "norm_text": "제 친구들 중에서도 필러 맞은 친구들이 꽤 있거든요",
            "speaker": {
              "id": "3번",
              "sex": "여성",
              "age": "10대"
            },
            "speechAct": "(단언) 진술하기",
            "morpheme": "제/NP+JKG+친구/NNG+들/XSN+중/NNB+에서/JKB+도/JX+필러/NNG+맞/VV+은/ETM+친구/NNG+들/XSN+이/JKS+꽤/MAG+있/VA+거든요/EF"
          }
        ]
      }
    }
  ]
}