{
  "dataset": {
    "identifier": 63361,
    "name": "KAKAO_912_02_set",
    "src_path": "/data/file/cubeManager/PROJECT001/53/txt20211005154135006669/KAKAO_912_02_set/",
    "label_path": "/data/file/cubeManager/PROJECT001/53/txt20211005154135006669/KAKAO_912_02_set/",
    "category": 2,
    "type": 0
  },
  "licenses": {
    "name": "Apache License 1.0",
    "url": "http://www.apache.org/licenses/LICENSE-1.0"
  },
  "info": [
    {
      "id": 41619,
      "filename": "KAKAO_912_02.txt",
      "title": "KAKAO_912_02",
      "mediatype": "SNS",
      "medianame": "카카오톡",
      "category": "일상대화",
      "date": "2021-10-05",
      "size": 461,
      "annotations": {
        "subject": "주거와 생활",
        "speaker_type": "1:1",
        "size": 461,
        "word_size": 148,
        "text": "1 : 아침에 운동하다 부동산 앞에 지나오는데 매매 값 장난 아님\n2 : 부동산 앞에 서면 작아진다... 정말로\n1 : 32평 아파트가 매매가 10억이더라\n2 : 그러니까. 또 광안리 쪽이 비싼 동네잖아\n1 : 맞아 키키 전세가 4~5억임 키키\n2 : 그래도 바다 보이는 아파트 너무 좋군\n1 : 근데 나는 아파트도 좋긴 한데 주택도 탐타\n2 : 주택에는 안 살아 봐서 잘 모르지만. 나는 부모님이 노후에 주택에 사셨으면 해\n1 : 그치? 뭔가 테라스 있는 주택이면 너무 좋을 거 같아\n2 : 뭔가 고향 느낌이라서 너무 포근해.\n1 : 테라스에서 고기 파티 맨날 하구 키키\n2 : 응 조카들 와서 뛰어 놀고\n1 : 층간 소음 스트레스 받을 일도 없을 듯\n2 : 응 층간 소음 스트레스 너무 잘 알지... 나 요즘도 받거든\n1 : 대신에 벌레 꼬이는 거랑 관리실 없는 거 때매 불편한 점도 있겠지\n2 : 그래. 그래도 관리 잘 하면 주택이 좋을 것 같아",
        "lines": [
          {
            "id": 1,
            "text": "1 : 아침에 운동하다 부동산 앞에 지나오는데 매매 값 장난 아님",
            "norm_text": "아침에 운동하다 부동산 앞에 지나오는데 매매 값 장난 아님",
            "speaker": {
              "id": "1번",
              "sex": "여성",
              "age": "30대"
            },
            "speechAct": "(단언) 주장하기",
            "morpheme": "아침/NNG+에/JKB+운동/NNG+하/XSV+다/EC+부동산/NNG+앞/NNG+에/JKB+지나오/VV+는데/EC+매매/NNG+값/NNG+장난아/NNP+님/XSN"
          },
          {
            "id": 2,
            "text": "2 : 부동산 앞에 서면 작아진다... 정말로",
            "norm_text": "부동산 앞에 서면 작아진다... 정말로",
            "speaker": {
              "id": "2번",
              "sex": "여성",
              "age": "30대"
            },
            "speechAct": "(단언) 주장하기",
            "morpheme": "부동산/NNG+앞/NNG+에서/JKB+면/VCP+EC+작아진다/VV+EF+./SY+정말로/MAG"
          },
          {
            "id": 3,
            "text": "1 : 32평 아파트가 매매가 10억이더라",
            "norm_text": "32평 아파트가 매매가 10억이더라",
            "speaker": {
              "id": "1번",
              "sex": "여성",
              "age": "30대"
            },
            "speechAct": "(단언) 진술하기",
            "morpheme": "32/SN+평/NNBC+아파트/NNG+가/JKS+매매/NNG+가/JKS+10/SN+억/NR+이/VCP+더라/EC"
          },
          {
            "id": 4,
            "text": "2 : 그러니까. 또 광안리 쪽이 비싼 동네잖아",
            "norm_text": "그러니까. 또 광안리 쪽이 비싼 동네잖아",
            "speaker": {
              "id": "2번",
              "sex": "여성",
              "age": "30대"
            },
            "speechAct": "(단언) 주장하기",
            "morpheme": "그러니까/MAJ+또/MAG+광안리/NNP+쪽/NNB+이/JKS+비싼/VA+ETM+동네/NNG+잖아/VCP+EC+VX+EC"
          },
          {
            "id": 5,
            "text": "1 : 맞아 키키 전세가 4~5억임 키키",
            "norm_text": "맞아 키키 전세가 4~5억임 키키",
            "speaker": {
              "id": "1번",
              "sex": "여성",
              "age": "30대"
            },
            "speechAct": "(단언) 진술하기",
            "morpheme": "맞/VV+아/EC+키/NNG+키/NNG+전세/NNG+가/JKS+4/SN+~/SY+5/SN+억/NR+임/VCP+ETN+키/NNG+키/XSV+ETN"
          },
          {
            "id": 6,
            "text": "2 : 그래도 바다 보이는 아파트 너무 좋군",
            "norm_text": "그래도 바다 보이는 아파트 너무 좋군",
            "speaker": {
              "id": "2번",
              "sex": "여성",
              "age": "30대"
            },
            "speechAct": "(단언) 주장하기",
            "morpheme": "그래도/MAJ+바다/NNG+보이/VV+는/ETM+아파트/NNG+너무/MAG+좋/VA+군/EC"
          },
          {
            "id": 7,
            "text": "1 : 근데 나는 아파트도 좋긴 한데 주택도 탐타",
            "norm_text": "근데 나는 아파트도 좋긴 한데 주택도 탐타",
            "speaker": {
              "id": "1번",
              "sex": "여성",
              "age": "30대"
            },
            "speechAct": "(단언) 주장하기",
            "morpheme": "근데/MAJ+나/NP+는/JX+아파트/NNG+도/JX+좋/VA+긴/ETN+JX+한데/VX+EC+주택/NNG+도/JX+탐/NNG+타/XSV+EC"
          },
          {
            "id": 8,
            "text": "2 : 주택에는 안 살아 봐서 잘 모르지만. 나는 부모님이 노후에 주택에 사셨으면 해",
            "norm_text": "주택에는 안 살아 봐서 잘 모르지만. 나는 부모님이 노후에 주택에 사셨으면 해",
            "speaker": {
              "id": "2번",
              "sex": "여성",
              "age": "30대"
            },
            "speechAct": "(단언) 주장하기",
            "morpheme": "주택/NNG+에/JKB+는/JX+안/MAG+살/VV+아/EC+봐서/VV+EC+잘/MAG+모르/VV+지만/EC+나/NP+는/JX+부모/NNG+님/XSN+이/JKS+노후/NNG+에/JKB+주택/NNG+에/JKB+사셨/VV+EP+EP+으면/EC+해/VV+EC"
          },
          {
            "id": 9,
            "text": "1 : 그치? 뭔가 테라스 있는 주택이면 너무 좋을 거 같아",
            "norm_text": "그치? 뭔가 테라스 있는 주택이면 너무 좋을 거 같아",
            "speaker": {
              "id": "1번",
              "sex": "여성",
              "age": "30대"
            },
            "speechAct": "(단언) 주장하기",
            "morpheme": "그치/IC+뭔가/NP+VCP+EC+테라스/NNG+있/VA+는/ETM+주택/NNG+이/VCP+면/EC+너무/MAG+좋/VA+을/ETM+거/NNB+같/VA+아/EC"
          },
          {
            "id": 10,
            "text": "2 : 뭔가 고향 느낌이라서 너무 포근해.",
            "norm_text": "뭔가 고향 느낌이라서 너무 포근해.",
            "speaker": {
              "id": "2번",
              "sex": "여성",
              "age": "30대"
            },
            "speechAct": "(단언) 주장하기",
            "morpheme": "뭔가/NP+VCP+EC+고향/NNG+느낌/NNG+이/VCP+라서/EC+너무/MAG+포근/XR+해/XSA+EF"
          },
          {
            "id": 11,
            "text": "1 : 테라스에서 고기 파티 맨날 하구 키키",
            "norm_text": "테라스에서 고기 파티 맨날 하구 키키",
            "speaker": {
              "id": "1번",
              "sex": "여성",
              "age": "30대"
            },
            "speechAct": "(단언) 주장하기",
            "morpheme": "테라스/NNG+에서/JKB+고기/NNG+파티/NNG+맨날/MAG+하/VV+구/EC+키/NNG+키/XSV+ETN"
          },
          {
            "id": 12,
            "text": "2 : 응 조카들 와서 뛰어 놀고",
            "norm_text": "응 조카들 와서 뛰어 놀고",
            "speaker": {
              "id": "2번",
              "sex": "여성",
              "age": "30대"
            },
            "speechAct": "(단언) 주장하기",
            "morpheme": "응/IC+조카/NNG+들/XSN+와서/VV+EC+뛰어놀/VV+고/EC"
          },
          {
            "id": 13,
            "text": "1 : 층간 소음 스트레스 받을 일도 없을 듯",
            "norm_text": "층간 소음 스트레스 받을 일도 없을 듯",
            "speaker": {
              "id": "1번",
              "sex": "여성",
              "age": "30대"
            },
            "speechAct": "(단언) 주장하기",
            "morpheme": "층간/NNG+소음/NNG+스트레스/NNG+받/VV+을/ETM+일/NNG+도/JX+없/VA+을/ETM+듯/NNB"
          },
          {
            "id": 14,
            "text": "2 : 응 층간 소음 스트레스 너무 잘 알지... 나 요즘도 받거든",
            "norm_text": "응 층간 소음 스트레스 너무 잘 알지... 나 요즘도 받거든",
            "speaker": {
              "id": "2번",
              "sex": "여성",
              "age": "30대"
            },
            "speechAct": "(단언) 주장하기",
            "morpheme": "응/IC+층간/NNG+소음/NNG+스트레스/NNG+너무/MAG+잘/MAG+알/VV+지/EF+./SY+나/NP+요즘/NNG+도/JX+받/VV+거든/EC"
          },
          {
            "id": 15,
            "text": "1 : 대신에 벌레 꼬이는 거랑 관리실 없는 거 때매 불편한 점도 있겠지",
            "norm_text": "대신에 벌레 꼬이는 거랑 관리실 없는 거 때매 불편한 점도 있겠지",
            "speaker": {
              "id": "1번",
              "sex": "여성",
              "age": "30대"
            },
            "speechAct": "(단언) 주장하기",
            "morpheme": "대신/NNG+에/JKB+벌레/NNG+꼬이/VV+는/ETM+거/NNB+랑/JC+관리/NNG+실없/VA+는/ETM+거/NNB+때/NNG+매/MM+불편/NNG+한/MM+점/NNBC+도/JX+있/VA+겠/EP+지/EC"
          },
          {
            "id": 16,
            "text": "2 : 그래. 그래도 관리 잘 하면 주택이 좋을 것 같아",
            "norm_text": "그래. 그래도 관리 잘 하면 주택이 좋을 것 같아",
            "speaker": {
              "id": "2번",
              "sex": "여성",
              "age": "30대"
            },
            "speechAct": "(단언) 주장하기",
            "morpheme": "그래/IC+그래도/MAJ+관리/NNG+잘/MAG+하/VV+면/EC+주택/NNG+이/JKS+좋/VA+을/ETM+것/NNB+같/VA+아/EC"
          }
        ]
      }
    }
  ]
}