{
  "dataset": {
    "identifier": 31225,
    "name": "KAKAO_903_01_set",
    "src_path": "/data/file/cubeManager/PROJECT001/53/txt20211005095751062118/KAKAO_903_01_set/",
    "label_path": "/data/file/cubeManager/PROJECT001/53/txt20211005095751062118/KAKAO_903_01_set/",
    "category": 2,
    "type": 0
  },
  "licenses": {
    "name": "Apache License 1.0",
    "url": "http://www.apache.org/licenses/LICENSE-1.0"
  },
  "info": [
    {
      "id": 40780,
      "filename": "KAKAO_903_01.txt",
      "title": "KAKAO_903_01",
      "mediatype": "SNS",
      "medianame": "카카오톡",
      "category": "일상대화",
      "date": "2021-10-05",
      "size": 429,
      "annotations": {
        "subject": "식음료",
        "speaker_type": "1:1",
        "size": 429,
        "word_size": 149,
        "text": "1 : 밥 먹었냐 너 ? 하긴 시간이 몇신데\n2 : 아니 아직 못 먹었어 너는 먹었냐?\n1 : 나 아까 치킨 먹었는뎅.\n2 : 난 그냥 대충 커피로 때우는 중\n1 : 야 넌 커피로 되냐 ㅠㅠ 밥을 먹어야지 일도 힘들 텐데\n2 : 커피가 링거 대신이라고 ㅠㅠ 이거 안 먹으면 못 버텨\n1 : 아 근데 그거 인정. 요즘은 무슨 디저트 먹고 이러는 것 보다 커피 한번 더 마시는 게 좋음\n2 : 인정 인정 샷 엄청 때려서 마시는 중\n1 : 근데 또 나는 쓴 건 못 마셔 ㅠㅠ 단 커피 마심\n2 : 믹스커피 작작 마셔 속 망가진다\n1 : 근데 커피 없으면 죽겠는데 그렇다고 쓴 건 못 먹겠고\n2 : 연유라떼 해서 먹어봐 맛있더라\n1 : 그건 어떻게 만드는 건데?\n2 : 블랙커피에 연유 타서 먹으면 되는데 달달구리 해서 마시써\n1 : 아 귀찮아 너가 만들어주라\n2 : 나 고급 인력이라 만들면 돈 들어",
        "lines": [
          {
            "id": 1,
            "text": "1 : 밥 먹었냐 너 ? 하긴 시간이 몇신데",
            "norm_text": "밥 먹었냐 너 ? 하긴 시간이 몇신데",
            "speaker": {
              "id": "1번",
              "sex": "여성",
              "age": "20대"
            },
            "speechAct": "(지시) 질문하기",
            "morpheme": "밥/NNG+먹/VV+었/EP+냐/EF+너/NP+하긴/MAJ+시간/NNG+이/JKS+몇/MM+신데/NNG+VCP+EC"
          },
          {
            "id": 2,
            "text": "2 : 아니 아직 못 먹었어 너는 먹었냐?",
            "norm_text": "아니 아직 못 먹었어 너는 먹었냐?",
            "speaker": {
              "id": "2번",
              "sex": "여성",
              "age": "20대"
            },
            "speechAct": "(지시) 질문하기",
            "morpheme": "아니/IC+아직/MAG+못/MAG+먹/VV+었/EP+어/EF+너/NP+는/JX+먹/VV+었/EP+냐/EF"
          },
          {
            "id": 3,
            "text": "1 : 나 아까 치킨 먹었는뎅.",
            "norm_text": "나 아까 치킨 먹었는뎅.",
            "speaker": {
              "id": "1번",
              "sex": "여성",
              "age": "20대"
            },
            "speechAct": "(단언) 진술하기",
            "morpheme": "나/NP+아까/MAG+치킨/NNG+먹/VV+었/EP+는/ETM+뎅/MAG"
          },
          {
            "id": 4,
            "text": "2 : 난 그냥 대충 커피로 때우는 중",
            "norm_text": "난 그냥 대충 커피로 때우는 중",
            "speaker": {
              "id": "2번",
              "sex": "여성",
              "age": "20대"
            },
            "speechAct": "(단언) 진술하기",
            "morpheme": "난/NP+JX+그냥/MAG+대충/MAG+커피/NNG+로/JKB+때우/VV+는/ETM+중/NNB"
          },
          {
            "id": 5,
            "text": "1 : 야 넌 커피로 되냐 ㅠㅠ 밥을 먹어야지 일도 힘들 텐데",
            "norm_text": "야 넌 커피로 되냐 ㅠㅠ 밥을 먹어야지 일도 힘들 텐데",
            "speaker": {
              "id": "1번",
              "sex": "여성",
              "age": "20대"
            },
            "speechAct": "(단언) 주장하기",
            "morpheme": "야/IC+넌/NP+JX+커피/NNG+로/JKB+되/VV+냐/EC+ㅠㅠ/UNKNOWN+밥/NNG+을/JKO+먹/VV+어야지/EC+일/NNG+도/JX+힘들/VA+ETM+텐데/NNB+VCP+EC"
          },
          {
            "id": 6,
            "text": "2 : 커피가 링거 대신이라고 ㅠㅠ 이거 안 먹으면 못 버텨",
            "norm_text": "커피가 링거 대신이라고 ㅠㅠ 이거 안 먹으면 못 버텨",
            "speaker": {
              "id": "2번",
              "sex": "여성",
              "age": "20대"
            },
            "speechAct": "(단언) 주장하기",
            "morpheme": "커피/NNG+가/JKS+링거/NNG+대신/NNG+이/VCP+라고/EC+ㅠㅠ/UNKNOWN+이거/NP+안/MAG+먹/VV+으면/EC+못/MAG+버텨/VV+EC"
          },
          {
            "id": 7,
            "text": "1 : 아 근데 그거 인정. 요즘은 무슨 디저트 먹고 이러는 것 보다 커피 한번 더 마시는 게 좋음",
            "norm_text": "아 근데 그거 인정. 요즘은 무슨 디저트 먹고 이러는 것 보다 커피 한번 더 마시는 게 좋음",
            "speaker": {
              "id": "1번",
              "sex": "여성",
              "age": "20대"
            },
            "speechAct": "(단언) 주장하기",
            "morpheme": "아/IC+근데/MAJ+그거/NP+인정/NNG+./SY+요즘/NNG+은/JX+무슨/MM+디저트/NNG+먹/VV+고/EC+이러/VV+는/ETM+것/NNB+보다/JKB+커피/NNG+한/MM+번/NNBC+더/MAG+마시/VV+는/ETM+게/NNB+JKS+좋/VA+음/ETN"
          },
          {
            "id": 8,
            "text": "2 : 인정 인정 샷 엄청 때려서 마시는 중",
            "norm_text": "인정 인정 샷 엄청 때려서 마시는 중",
            "speaker": {
              "id": "2번",
              "sex": "여성",
              "age": "20대"
            },
            "speechAct": "(단언) 진술하기",
            "morpheme": "인정/NNG+인정/NNG+샷/NNG+엄청/MAG+때려서/VV+EC+마시/VV+는/ETM+중/NNB"
          },
          {
            "id": 9,
            "text": "1 : 근데 또 나는 쓴 건 못 마셔 ㅠㅠ 단 커피 마심",
            "norm_text": "근데 또 나는 쓴 건 못 마셔 ㅠㅠ 단 커피 마심",
            "speaker": {
              "id": "1번",
              "sex": "여성",
              "age": "20대"
            },
            "speechAct": "(단언) 진술하기",
            "morpheme": "근데/MAJ+또/MAG+나/NP+는/JX+쓴/VV+ETM+건/NNB+JX+못/MAG+마셔/VV+EC+ㅠㅠ/UNKNOWN+단/ETM+커피/NNG+마심/VV+ETN"
          },
          {
            "id": 10,
            "text": "2 : 믹스커피 작작 마셔 속 망가진다",
            "norm_text": "믹스커피 작작 마셔 속 망가진다",
            "speaker": {
              "id": "2번",
              "sex": "여성",
              "age": "20대"
            },
            "speechAct": "(지시) 충고/제안하기",
            "morpheme": "믹스/NNG+커피/NNG+작작/MAG+마셔/VV+EC+속망/NNG+가진다/VV+EC"
          },
          {
            "id": 11,
            "text": "1 : 근데 커피 없으면 죽겠는데 그렇다고 쓴 건 못 먹겠고",
            "norm_text": "근데 커피 없으면 죽겠는데 그렇다고 쓴 건 못 먹겠고",
            "speaker": {
              "id": "1번",
              "sex": "여성",
              "age": "20대"
            },
            "speechAct": "(단언) 진술하기",
            "morpheme": "근데/MAJ+커피/NNG+없/VA+으면/EC+죽/VV+겠/EP+는데/EC+그렇/VA+다고/EC+쓴/VV+ETM+건/NNB+JX+못/MAG+먹/VV+겠/EP+고/EC"
          },
          {
            "id": 12,
            "text": "2 : 연유라떼 해서 먹어봐 맛있더라",
            "norm_text": "연유라떼 해서 먹어봐 맛있더라",
            "speaker": {
              "id": "2번",
              "sex": "여성",
              "age": "20대"
            },
            "speechAct": "(지시) 충고/제안하기",
            "morpheme": "연유/NNG+라떼/NNG+해서/XSV+EC+먹/VV+어/EC+봐/VX+EF+맛있/VA+더라/EC"
          },
          {
            "id": 13,
            "text": "1 : 그건 어떻게 만드는 건데?",
            "norm_text": "그건 어떻게 만드는 건데?",
            "speaker": {
              "id": "1번",
              "sex": "여성",
              "age": "20대"
            },
            "speechAct": "(지시) 질문하기",
            "morpheme": "그건/NP+JX+어떻/VA+게/EC+만드/VV+는/ETM+건데/NNB+VCP+EF"
          },
          {
            "id": 14,
            "text": "2 : 블랙커피에 연유 타서 먹으면 되는데 달달구리 해서 마시써",
            "norm_text": "블랙커피에 연유 타서 먹으면 되는데 달달구리 해서 마시써",
            "speaker": {
              "id": "2번",
              "sex": "여성",
              "age": "20대"
            },
            "speechAct": "(단언) 주장하기",
            "morpheme": "블랙커피/NNG+에/JKB+연유/NNG+타/VV+서/EC+먹/VV+으면/EC+되/VV+는데/EC+달/VX+ETM+달구리/NNG+해서/XSV+EC+마시/NNG+써/VV+EC"
          },
          {
            "id": 15,
            "text": "1 : 아 귀찮아 너가 만들어주라",
            "norm_text": "아 귀찮아 너가 만들어주라",
            "speaker": {
              "id": "1번",
              "sex": "여성",
              "age": "20대"
            },
            "speechAct": "(지시) 명령/요구하기",
            "morpheme": "아귀/NNG+찮아/XSA+EC+VX+EC+너/NP+가/JKS+만들/VV+어/EC+주/VX+라/EC"
          },
          {
            "id": 16,
            "text": "2 : 나 고급 인력이라 만들면 돈 들어",
            "norm_text": "나 고급 인력이라 만들면 돈 들어",
            "speaker": {
              "id": "2번",
              "sex": "여성",
              "age": "20대"
            },
            "speechAct": "(단언) 주장하기",
            "morpheme": "나/NP+고급/NNG+인력/NNG+이/VCP+라/EC+만들/VV+면/EC+돈/NNG+들/VV+어/EC"
          }
        ]
      }
    }
  ]
}