{
  "dataset": {
    "identifier": 63545,
    "name": "KAKAO_908_15_set",
    "src_path": "/data/file/cubeManager/PROJECT001/53/txt20211005154927005840/KAKAO_908_15_set/",
    "label_path": "/data/file/cubeManager/PROJECT001/53/txt20211005154927005840/KAKAO_908_15_set/",
    "category": 2,
    "type": 0
  },
  "licenses": {
    "name": "Apache License 1.0",
    "url": "http://www.apache.org/licenses/LICENSE-1.0"
  },
  "info": [
    {
      "id": 41752,
      "filename": "KAKAO_908_15.txt",
      "title": "KAKAO_908_15",
      "mediatype": "SNS",
      "medianame": "카카오톡",
      "category": "일상대화",
      "date": "2021-10-05",
      "size": 461,
      "annotations": {
        "subject": "타 국가 이슈",
        "speaker_type": "1:1",
        "size": 461,
        "word_size": 155,
        "text": "1 : 와 이제 미국도 중국 가만히 안 둘 건가 봐\n2 : 왜왜? 또 무슨 일 생겼나 전쟁 남?\n1 : 아니 미국이 이제 중국 유학생들 비자 발급 안 해준대\n2 : 대박 키키 이제 진짜 미국도 참지 않네?\n1 : 그 유학생들이 군사 현대화에 공헌하는 대학 소속이래\n2 : 아 하하 그럼 위협적일 수도 있겠다 키키\n1 : 좀 그렇긴 하지 키키 또 정보 빼돌릴까 봐\n2 : 응응 맞아 당하는 것도 한두 번이지 키키 잘했네\n1 : 엉 키키 진짜 정보 캐가는 건 알아줘야 해\n2 : 그래 우리나라 인재들 연봉 9배 불러서 데려갔잖아\n1 : 어 키키 그 사람들 정보만 주고 다 쫓아냈대\n2 : 딱 그 꼴 날 텐데 당연히 나라도 그러지\n1 : 응응 맞아 이건 통계학적 데이터로 봐도 잘한 거야\n2 : 하... 그럼 또 미국 중국 싸움 나는 건가?\n1 : 싸움이면 다행이지... 전쟁 날까 봐 무섭다 요즘은\n2 : 그래... 맨날 우리나라는 외교 하는라 등 터진다",
        "lines": [
          {
            "id": 1,
            "text": "1 : 와 이제 미국도 중국 가만히 안 둘 건가 봐",
            "norm_text": "와 이제 미국도 중국 가만히 안 둘 건가 봐",
            "speaker": {
              "id": "1번",
              "sex": "여성",
              "age": "20대"
            },
            "speechAct": "(단언) 진술하기",
            "morpheme": "와/IC+이제/MAG+미국/NNP+도/JX+중국/NNP+가만히/MAG+안/MAG+둘/VV+ETM+건가/NNB+VCP+EC+봐/VX+EC"
          },
          {
            "id": 2,
            "text": "2 : 왜왜? 또 무슨 일 생겼나 전쟁 남?",
            "norm_text": "왜왜? 또 무슨 일 생겼나 전쟁 남?",
            "speaker": {
              "id": "2번",
              "sex": "여성",
              "age": "20대"
            },
            "speechAct": "(지시) 질문하기",
            "morpheme": "왜/MAG+왜/MAG+또/MAG+무슨/MM+일/NNG+생겼/VV+EP+나/EC+전쟁/NNG+남/NNG"
          },
          {
            "id": 3,
            "text": "1 : 아니 미국이 이제 중국 유학생들 비자 발급 안 해준대",
            "norm_text": "아니 미국이 이제 중국 유학생들 비자 발급 안 해준대",
            "speaker": {
              "id": "1번",
              "sex": "여성",
              "age": "20대"
            },
            "speechAct": "(단언) 진술하기",
            "morpheme": "아니/IC+미국/NNP+이/JKS+이제/MAG+중국/NNP+유학/NNG+생/XSN+들/XSN+비자/NNG+발급/NNG+안/MAG+해/VV+EC+준대/VX+EF"
          },
          {
            "id": 4,
            "text": "2 : 대박 키키 이제 진짜 미국도 참지 않네?",
            "norm_text": "대박 키키 이제 진짜 미국도 참지 않네?",
            "speaker": {
              "id": "2번",
              "sex": "여성",
              "age": "20대"
            },
            "speechAct": "(지시) 질문하기",
            "morpheme": "대박/NNG+키/NNG+키/NNG+이제/MAG+진짜/MAG+미국/NNP+도/JX+참/VV+지/EC+않/VX+네/EF"
          },
          {
            "id": 5,
            "text": "1 : 그 유학생들이 군사 현대화에 공헌하는 대학 소속이래",
            "norm_text": "그 유학생들이 군사 현대화에 공헌하는 대학 소속이래",
            "speaker": {
              "id": "1번",
              "sex": "여성",
              "age": "20대"
            },
            "speechAct": "(단언) 진술하기",
            "morpheme": "그/MM+유학/NNG+생/XSN+들/XSN+이/JKS+군사/NNG+현대/NNG+화/XSN+에/JKB+공헌/NNG+하/XSV+는/ETM+대학/NNG+소속/NNG+이래/NNB"
          },
          {
            "id": 6,
            "text": "2 : 아 하하 그럼 위협적일 수도 있겠다 키키",
            "norm_text": "아 하하 그럼 위협적일 수도 있겠다 키키",
            "speaker": {
              "id": "2번",
              "sex": "여성",
              "age": "20대"
            },
            "speechAct": "(단언) 주장하기",
            "morpheme": "아하하/IC+그럼/MAJ+위협/NNG+적/XSN+일/VCP+ETM+수/NNB+도/JX+있/VA+겠/EP+다키키/NNP"
          },
          {
            "id": 7,
            "text": "1 : 좀 그렇긴 하지 키키 또 정보 빼돌릴까 봐",
            "norm_text": "좀 그렇긴 하지 키키 또 정보 빼돌릴까 봐",
            "speaker": {
              "id": "1번",
              "sex": "여성",
              "age": "20대"
            },
            "speechAct": "(단언) 주장하기",
            "morpheme": "좀/MAG+그렇/VA+긴/ETN+JX+하/VX+지/EC+키/NNG+키/NNG+또/MAG+정보/NNG+빼/VV+EC+돌릴까/VV+EF+봐/VV+EC"
          },
          {
            "id": 8,
            "text": "2 : 응응 맞아 당하는 것도 한두 번이지 키키 잘했네",
            "norm_text": "응응 맞아 당하는 것도 한두 번이지 키키 잘했네",
            "speaker": {
              "id": "2번",
              "sex": "여성",
              "age": "20대"
            },
            "speechAct": "(단언) 주장하기",
            "morpheme": "응응/MAG+맞/VV+아/EC+당하/VV+는/ETM+것/NNB+도/JX+한두/MM+번/NNBC+이/VCP+지/EC+키/NNG+키/XSV+ETN+잘/MAG+했/VV+EP+네/EF"
          },
          {
            "id": 9,
            "text": "1 : 엉 키키 진짜 정보 캐가는 건 알아줘야 해",
            "norm_text": "엉 키키 진짜 정보 캐가는 건 알아줘야 해",
            "speaker": {
              "id": "1번",
              "sex": "여성",
              "age": "20대"
            },
            "speechAct": "(단언) 주장하기",
            "morpheme": "엉/IC+키/NNG+키/XSV+ETN+진짜/MAG+정보/NNG+캐/VV+EC+가/VX+는/ETM+건/NNB+JX+알/VV+아/EC+줘야해/VX+EC+VX+EC"
          },
          {
            "id": 10,
            "text": "2 : 그래 우리나라 인재들 연봉 9배 불러서 데려갔잖아",
            "norm_text": "그래 우리나라 인재들 연봉 9배 불러서 데려갔잖아",
            "speaker": {
              "id": "2번",
              "sex": "여성",
              "age": "20대"
            },
            "speechAct": "(단언) 주장하기",
            "morpheme": "그래/IC+우리/NP+나라/NNG+인재/NNG+들/XSN+연봉/NNG+9/SN+배불러서/VA+EC+데려갔/VV+EP+잖아/EC"
          },
          {
            "id": 11,
            "text": "1 : 어 키키 그 사람들 정보만 주고 다 쫓아냈대",
            "norm_text": "어 키키 그 사람들 정보만 주고 다 쫓아냈대",
            "speaker": {
              "id": "1번",
              "sex": "여성",
              "age": "20대"
            },
            "speechAct": "(단언) 진술하기",
            "morpheme": "어/IC+키키/NNP+그/MM+사람/NNG+들/XSN+정보/NNG+만/JX+주/VX+고/EC+다/MAG+쫓아냈/VV+EP+대/EC"
          },
          {
            "id": 12,
            "text": "2 : 딱 그 꼴 날 텐데 당연히 나라도 그러지",
            "norm_text": "딱 그 꼴 날 텐데 당연히 나라도 그러지",
            "speaker": {
              "id": "2번",
              "sex": "여성",
              "age": "20대"
            },
            "speechAct": "(단언) 주장하기",
            "morpheme": "딱/MAG+그/MM+꼴/NNG+날/VV+ETM+텐데/NNB+VCP+EC+당연히/MAG+나라/NNG+도/JX+그러/VV+지/EC"
          },
          {
            "id": 13,
            "text": "1 : 응응 맞아 이건 통계학적 데이터로 봐도 잘한 거야",
            "norm_text": "응응 맞아 이건 통계학적 데이터로 봐도 잘한 거야",
            "speaker": {
              "id": "1번",
              "sex": "여성",
              "age": "20대"
            },
            "speechAct": "(단언) 주장하기",
            "morpheme": "응응/MAG+맞/VV+아/EC+이건/NP+JX+통계학/NNG+적/XSN+데이터/NNG+로/JKB+봐도/VV+EC+잘/MAG+한/XSA+ETM+거/NNB+야/VCP+EF"
          },
          {
            "id": 14,
            "text": "2 : 하... 그럼 또 미국 중국 싸움 나는 건가?",
            "norm_text": "하... 그럼 또 미국 중국 싸움 나는 건가?",
            "speaker": {
              "id": "2번",
              "sex": "여성",
              "age": "20대"
            },
            "speechAct": "(지시) 질문하기",
            "morpheme": "하/IC+./SY+그럼/MAJ+또/MAG+미국/NNP+중국/NNP+싸움/NNG+나/VV+는/ETM+건가/NNB+VCP+EF"
          },
          {
            "id": 15,
            "text": "1 : 싸움이면 다행이지... 전쟁 날까 봐 무섭다 요즘은",
            "norm_text": "싸움이면 다행이지... 전쟁 날까 봐 무섭다 요즘은",
            "speaker": {
              "id": "1번",
              "sex": "여성",
              "age": "20대"
            },
            "speechAct": "(단언) 주장하기",
            "morpheme": "싸움/NNG+이/VCP+면/EC+다행/NNG+이/VCP+지/EF+./SY+전쟁/NNG+날까봐/VV+EC+VX+EC+무섭/VA+다/EC+요즘/NNG+은/JX"
          },
          {
            "id": 16,
            "text": "2 : 그래... 맨날 우리나라는 외교 하는라 등 터진다",
            "norm_text": "그래... 맨날 우리나라는 외교 하는라 등 터진다",
            "speaker": {
              "id": "2번",
              "sex": "여성",
              "age": "20대"
            },
            "speechAct": "(단언) 주장하기",
            "morpheme": "그래/IC+./SY+맨날/MAG+우리/NP+나라/NNG+는/JX+외교/NNG+하/XSV+는/ETM+라/NNG+등/NNB+터진다/VV+EC"
          }
        ]
      }
    }
  ]
}