{
  "dataset": {
    "identifier": 61315,
    "name": "KAKAO_922_06_set",
    "src_path": "/data/file/cubeManager/PROJECT001/53/txt20211005154147056870/KAKAO_922_06_set/",
    "label_path": "/data/file/cubeManager/PROJECT001/53/txt20211005154147056870/KAKAO_922_06_set/",
    "category": 2,
    "type": 0
  },
  "licenses": {
    "name": "Apache License 1.0",
    "url": "http://www.apache.org/licenses/LICENSE-1.0"
  },
  "info": [
    {
      "id": 41643,
      "filename": "KAKAO_922_06.txt",
      "title": "KAKAO_922_06",
      "mediatype": "SNS",
      "medianame": "카카오톡",
      "category": "일상대화",
      "date": "2021-10-05",
      "size": 540,
      "annotations": {
        "subject": "교육",
        "speaker_type": "1:1",
        "size": 540,
        "word_size": 169,
        "text": "1 : 너 학생 때 스터디 같은 거 해봤나 키키\n2 : 키키 설마? 내가? 키키 한번도 안 해봤지\n1 : 키키 아 진짜 키키 난 해봤는데 걍 놀고 먹음\n2 : 키키 스터디... 드라마에서나 보는 그 모범생들의 세계\n1 : 아... 나도 그런 건 줄 알았는데 처음 몇 번만 공부해\n2 : 키키 그렇게 사랑이 싹트고... 하하 연애 소식은 없나\n1 : 키키 스터디에서는 없었네... 키키 어떻게 사귀는 거지\n2 : 아니 지금 말이야! 키키\n2 : 서울 살이도 좀 해서 서울에 아는 사람들도 많은 거 아니가\n1 : 아아... 키키 서울에 아는 사람 1도 없다... 강아지 보호자 빼고\n2 : 아공... 회사에 또래들 많지 않음?\n1 : 아... 회사에 또래들 다 결혼하셨음 키키\n2 : 아 ㅠㅠ 이럴 수가... 코로나라서 서울 사는 그런 느낌도 안 나겠다\n1 : 키키 어디 학원을 다니던가 모임이라도 가야 하나\n2 : 키키 모임이 젤 좋지! 학원은 진짜 갠플이라...\n1 : 근데 지금이 너무 좋아서 굳이... 생각도 안 드네\n2 : 키키 지금에 만족하면 됐다! 룸메도 있어서 더 그런 생각 없을 듯",
        "lines": [
          {
            "id": 1,
            "text": "1 : 너 학생 때 스터디 같은 거 해봤나 키키",
            "norm_text": "너 학생 때 스터디 같은 거 해봤나 키키",
            "speaker": {
              "id": "1번",
              "sex": "여성",
              "age": "30대"
            },
            "speechAct": "(지시) 질문하기",
            "morpheme": "너/NP+학생/NNG+때/NNG+스터디/NNP+같/VA+은/ETM+거/NNB+해/VV+EC+봤/VX+EP+나/EC+키/NNG+키/XSV+ETN"
          },
          {
            "id": 2,
            "text": "2 : 키키 설마? 내가? 키키 한번도 안 해봤지",
            "norm_text": "키키 설마? 내가? 키키 한번도 안 해봤지",
            "speaker": {
              "id": "2번",
              "sex": "여성",
              "age": "30대"
            },
            "speechAct": "(단언) 진술하기",
            "morpheme": "키/NNG+키/XSV+ETN+설마/MAG+내/NP+가/JKS+키/NNG+키/XSV+ETN+한/MM+번/NNBC+도/JX+안/MAG+해/VV+EC+봤/VX+EP+지/EC"
          },
          {
            "id": 3,
            "text": "1 : 키키 아 진짜 키키 난 해봤는데 걍 놀고 먹음",
            "norm_text": "키키 아 진짜 키키 난 해봤는데 걍 놀고 먹음",
            "speaker": {
              "id": "1번",
              "sex": "여성",
              "age": "30대"
            },
            "speechAct": "(단언) 주장하기",
            "morpheme": "키/NNG+키/VV+아/EC+진짜/MAG+키/NNG+키/XSV+ETN+난/NP+JX+해/VV+EC+봤/VX+EP+는데/EC+걍/UNKNOWN+놀/VV+고/EC+먹/VV+음/ETN"
          },
          {
            "id": 4,
            "text": "2 : 키키 스터디... 드라마에서나 보는 그 모범생들의 세계",
            "norm_text": "키키 스터디... 드라마에서나 보는 그 모범생들의 세계",
            "speaker": {
              "id": "2번",
              "sex": "여성",
              "age": "30대"
            },
            "speechAct": "(단언) 주장하기",
            "morpheme": "키키/NNP+스터디/NNP+./SY+./SY+드라마/NNG+에서/JKB+나/JX+보/VV+는/ETM+그/MM+모범/NNG+생/XSN+들/XSN+의/JKG+세계/NNG"
          },
          {
            "id": 5,
            "text": "1 : 아... 나도 그런 건 줄 알았는데 처음 몇 번만 공부해",
            "norm_text": "아... 나도 그런 건 줄 알았는데 처음 몇 번만 공부해",
            "speaker": {
              "id": "1번",
              "sex": "여성",
              "age": "30대"
            },
            "speechAct": "(단언) 진술하기",
            "morpheme": "아/IC+./SY+나/NP+도/JX+그런/MM+건/NNB+VCP+ETM+줄/NNB+알/VV+았/EP+는데/EC+처음/MAG+몇/MM+번/NNBC+만/JX+공부/NNG+해/XSV+EC"
          },
          {
            "id": 6,
            "text": "2 : 키키 그렇게 사랑이 싹트고... 하하 연애 소식은 없나",
            "norm_text": "키키 그렇게 사랑이 싹트고... 하하 연애 소식은 없나",
            "speaker": {
              "id": "2번",
              "sex": "여성",
              "age": "30대"
            },
            "speechAct": "(단언) 주장하기",
            "morpheme": "키/NNG+키/XSV+ETN+그렇/VA+게/EC+사랑/NNG+이/JKS+싹트/VV+고/EC+./SY+./SY+하하/MAG+연애/NNG+소식/NNG+은/JX+없/VA+나/EC"
          },
          {
            "id": 7,
            "text": "1 : 키키 스터디에서는 없었네... 키키 어떻게 사귀는 거지",
            "norm_text": "키키 스터디에서는 없었네... 키키 어떻게 사귀는 거지",
            "speaker": {
              "id": "1번",
              "sex": "여성",
              "age": "30대"
            },
            "speechAct": "(단언) 주장하기",
            "morpheme": "키키/NNP+스터디/NNP+에서/JKB+는/JX+없/VA+었/EP+네/EF+./SY+키/NNG+키/XSV+ETN+어떻/VA+게/EC+사귀/VV+는/ETM+거/NNB+지/VCP+EC"
          },
          {
            "id": 8,
            "text": "2 : 아니 지금 말이야! 키키",
            "norm_text": "아니 지금 말이야! 키키",
            "speaker": {
              "id": "2번",
              "sex": "여성",
              "age": "30대"
            },
            "speechAct": "(단언) 주장하기",
            "morpheme": "아니/IC+지금/MAG+말/NNG+이/VCP+야/EF+키/NNG+키/XSV+ETN"
          },
          {
            "id": 9,
            "text": "2 : 서울 살이도 좀 해서 서울에 아는 사람들도 많은 거 아니가",
            "norm_text": "서울 살이도 좀 해서 서울에 아는 사람들도 많은 거 아니가",
            "speaker": {
              "id": "2번",
              "sex": "여성",
              "age": "30대"
            },
            "speechAct": "(단언) 주장하기",
            "morpheme": "서울/NNP+살/VV+ETM+이/NNB+도/JX+좀/MAG+해서/VV+EC+서울/NNP+에/JKB+아/VV+는/ETM+사람/NNG+들/XSN+도/JX+많/VA+은/ETM+거/NNB+아니/VCN+가/JKS"
          },
          {
            "id": 10,
            "text": "1 : 아아... 키키 서울에 아는 사람 1도 없다... 강아지 보호자 빼고",
            "norm_text": "아아... 키키 서울에 아는 사람 1도 없다... 강아지 보호자 빼고",
            "speaker": {
              "id": "1번",
              "sex": "여성",
              "age": "30대"
            },
            "speechAct": "(단언) 진술하기",
            "morpheme": "아아/IC+./SY+./SY+키키/NNP+서울/NNP+에/JKB+아/VV+는/ETM+사람/NNG+1/SN+도/NNBC+없/VA+다/EF+./SY+강아지/NNG+보호자/NNG+빼/VV+고/EC"
          },
          {
            "id": 11,
            "text": "2 : 아공... 회사에 또래들 많지 않음?",
            "norm_text": "아공... 회사에 또래들 많지 않음?",
            "speaker": {
              "id": "2번",
              "sex": "여성",
              "age": "30대"
            },
            "speechAct": "(지시) 질문하기",
            "morpheme": "아공/NNG+./SY+./SY+회사/NNG+에/JKB+또래/NNG+들/XSN+많/VA+지/EC+않/VX+음/ETN"
          },
          {
            "id": 12,
            "text": "1 : 아... 회사에 또래들 다 결혼하셨음 키키",
            "norm_text": "아... 회사에 또래들 다 결혼하셨음 키키",
            "speaker": {
              "id": "1번",
              "sex": "여성",
              "age": "30대"
            },
            "speechAct": "(단언) 진술하기",
            "morpheme": "아/IC+./SY+회사에또래들다결혼하셨음키키/UNKNOWN"
          },
          {
            "id": 13,
            "text": "2 : 아 ㅠㅠ 이럴 수가... 코로나라서 서울 사는 그런 느낌도 안 나겠다",
            "norm_text": "아 ㅠㅠ 이럴 수가... 코로나라서 서울 사는 그런 느낌도 안 나겠다",
            "speaker": {
              "id": "2번",
              "sex": "여성",
              "age": "30대"
            },
            "speechAct": "(단언) 주장하기",
            "morpheme": "아ㅠㅠ이럴수가/UNKNOWN+./SY+코로나라서서울사는그런느낌도안나겠다/UNKNOWN"
          },
          {
            "id": 14,
            "text": "1 : 키키 어디 학원을 다니던가 모임이라도 가야 하나",
            "norm_text": "키키 어디 학원을 다니던가 모임이라도 가야 하나",
            "speaker": {
              "id": "1번",
              "sex": "여성",
              "age": "30대"
            },
            "speechAct": "(단언) 주장하기",
            "morpheme": "키/NNG+키/XSV+ETN+어디/NP+학원/NNG+을/JKO+다니/VV+던가/EC+모임/NNG+이/VCP+라도/EC+가/VX+야/EF+하나/NR"
          },
          {
            "id": 15,
            "text": "2 : 키키 모임이 젤 좋지! 학원은 진짜 갠플이라...",
            "norm_text": "키키 모임이 젤 좋지! 학원은 진짜 갠플이라...",
            "speaker": {
              "id": "2번",
              "sex": "여성",
              "age": "30대"
            },
            "speechAct": "(단언) 주장하기",
            "morpheme": "키/NNG+키/NNG+모임/NNG+이/JKS+젤/MAG+좋/VA+지/EF+학원/NNG+은/JX+진짜/MAG+갠/VV+ETM+플/NNG+이/VCP+라/EF+./SY"
          },
          {
            "id": 16,
            "text": "1 : 근데 지금이 너무 좋아서 굳이... 생각도 안 드네",
            "norm_text": "근데 지금이 너무 좋아서 굳이... 생각도 안 드네",
            "speaker": {
              "id": "1번",
              "sex": "여성",
              "age": "30대"
            },
            "speechAct": "(단언) 주장하기",
            "morpheme": "근데/MAJ+지금/NNG+이/JKS+너무/MAG+좋/VA+아서/EC+굳이/MAG+./SY+생각/NNG+도/JX+안/MAG+드/VV+네/EC"
          },
          {
            "id": 17,
            "text": "2 : 키키 지금에 만족하면 됐다! 룸메도 있어서 더 그런 생각 없을 듯",
            "norm_text": "키키 지금에 만족하면 됐다! 룸메도 있어서 더 그런 생각 없을 듯",
            "speaker": {
              "id": "2번",
              "sex": "여성",
              "age": "30대"
            },
            "speechAct": "(단언) 주장하기",
            "morpheme": "키/NNG+키/NNG+지금/NNG+에/JKB+만족/NNG+하/XSV+면/EC+됐/VV+EP+다/EF+룸/NNG+메/NNG+도/JX+있/VA+어서/EC+더/MAG+그런/MM+생각/NNG+없/VA+을/ETM+듯/NNB"
          }
        ]
      }
    }
  ]
}