{
  "dataset": {
    "identifier": 44634,
    "name": "KAKAO_910_12_set",
    "src_path": "/data/file/cubeManager/PROJECT001/53/txt20211005154828074228/KAKAO_910_12_set/",
    "label_path": "/data/file/cubeManager/PROJECT001/53/txt20211005154828074228/KAKAO_910_12_set/",
    "category": 2,
    "type": 0
  },
  "licenses": {
    "name": "Apache License 1.0",
    "url": "http://www.apache.org/licenses/LICENSE-1.0"
  },
  "info": [
    {
      "id": 41689,
      "filename": "KAKAO_910_12.txt",
      "title": "KAKAO_910_12",
      "mediatype": "SNS",
      "medianame": "카카오톡",
      "category": "일상대화",
      "date": "2021-10-05",
      "size": 997,
      "annotations": {
        "subject": "여행",
        "speaker_type": "다자간 대화",
        "size": 997,
        "word_size": 311,
        "text": "1 : 언니는 여행 많이 다니셨다면서요?\n2 : 네 저는 프리랜서라 어디든 가서 일할 수 있거든요\n3 : 와 프리랜서는 그렇게 자유롭게 여행 다니면서 일할 수 있어서 좋은 것 같아요\n1 : 여행하면서 가장 기억에 남는 곳이 어디에요?\n2 : 처음으로 혼자 갔던 인도가 제일 기억에 남아요\n3 : 저도 언젠가 인도 가보고 싶어요\n3 : 류시화 책을 인상 깊게 읽었거든요\n1 : 인도 여행하면서 쓴 책 말이죠?\n1 : 저도 그 책 재미있게 읽었어요\n2 : 하하 인도 기차에 버려진 류시화 책이 인도를 한 바퀴 돌 거라는 얘기가 있어요\n3 : 정말 그 책 읽고 인도 여행하러 간 사람이 많을 것 같아요\n1 : 인도 어느 장소가 가장 좋았어요?\n2 : 갠지스 강이 유명한 바라나시가 가장 좋았어요\n2 : 실외에서 화장하고 유골을 바로 강에 뿌리는 곳으로 유명하죠\n3 : 헉 그런 거 보면 너무 무서울 것 같아요\n1 : 맞아요 그런 게 뭐 볼 게 있다고 사람들은 거기 가는 거예요?\n2 : 뭔가 다른 세상에 온 것 같았어요\n2 : 다들 태연히 죽음을 대하는 모습이 너무 색달랐어요\n3 : 흠 그렇군요 우리 나라에선 죽음을 피하고 금기시하는 분위기가 있잖아요\n1 : 제 친구 중에도 인도 가본 사람이 있는데 너무 힘들었다고 해요\n2 : 맞아요 40도가 넘는 더위에 에어컨이라곤 찾아볼 수 없었어요\n2 : 식당에는 쥐가 돌아다니고 파리가 음식에 꼬이고...\n3 : 헐 아직도 그런 곳이 있다니 상상이 안 돼요\n1 : 근데 왜 인도를 두 번이나 가셨어요?\n1 : 처음 갔을 때 폐렴까지 걸렸다면서요\n2 : 오랫동안 공부하고 직장 다니고 이런 삶에서 처음으로 벗어나서 너무 좋았어요\n2 : 젊을 때는 한번 가보는 거 추천해요\n2 : 나이 들어서 가면 체력이 딸릴 거예요\n3 : 아 그래요? 그럼 저도 코로나 끝나면 한번 생각해봐야겠어요\n1 : 저는 인도 음식 좋아하는데 굳이 거기까지 가고 싶진 않아요\n1 : 더운 거 싫어하거든요\n2 : 더운 거 싫어하는 사람은 갈 곳이 못 돼요\n3 : 저도 더운 거 싫어하는데 에어컨이 없다니 진짜 고생일 것 같긴 해요",
        "lines": [
          {
            "id": 1,
            "text": "1 : 언니는 여행 많이 다니셨다면서요?",
            "norm_text": "언니는 여행 많이 다니셨다면서요?",
            "speaker": {
              "id": "1번",
              "sex": "여성",
              "age": "30대"
            },
            "speechAct": "(지시) 질문하기",
            "morpheme": "언니/NNG+는/JX+여행/NNG+많이/MAG+다니/VV+셨/EP+EP+다면서요/EF"
          },
          {
            "id": 2,
            "text": "2 : 네 저는 프리랜서라 어디든 가서 일할 수 있거든요",
            "norm_text": "네 저는 프리랜서라 어디든 가서 일할 수 있거든요",
            "speaker": {
              "id": "2번",
              "sex": "여성",
              "age": "40대"
            },
            "speechAct": "(단언) 주장하기",
            "morpheme": "네/IC+저/NP+는/JX+프리랜서/NNG+라/VCP+EC+어디/NP+든가/JX+서일/NNG+할/XSV+ETM+수/NNB+있/VV+거든요/EF"
          },
          {
            "id": 3,
            "text": "3 : 와 프리랜서는 그렇게 자유롭게 여행 다니면서 일할 수 있어서 좋은 것 같아요",
            "norm_text": "와 프리랜서는 그렇게 자유롭게 여행 다니면서 일할 수 있어서 좋은 것 같아요",
            "speaker": {
              "id": "3번",
              "sex": "여성",
              "age": "10대"
            },
            "speechAct": "(단언) 주장하기",
            "morpheme": "와/IC+프리랜서/NNG+는/JX+그렇게/MAG+자유/NNG+롭/XSA+게/EC+여행/NNG+다니/VV+면서/EC+일/NNG+할/XSV+ETM+수/NNB+있/VV+어서/EC+좋/VA+은/ETM+것/NNB+같/VA+아요/EC"
          },
          {
            "id": 4,
            "text": "1 : 여행하면서 가장 기억에 남는 곳이 어디에요?",
            "norm_text": "여행하면서 가장 기억에 남는 곳이 어디에요?",
            "speaker": {
              "id": "1번",
              "sex": "여성",
              "age": "30대"
            },
            "speechAct": "(지시) 질문하기",
            "morpheme": "여행/NNG+하/XSV+면서/EC+가장/MAG+기억/NNG+에/JKB+남/VV+는/ETM+곳/NNG+이/JKS+어디/NP+에/JKB+요/JX"
          },
          {
            "id": 5,
            "text": "2 : 처음으로 혼자 갔던 인도가 제일 기억에 남아요",
            "norm_text": "처음으로 혼자 갔던 인도가 제일 기억에 남아요",
            "speaker": {
              "id": "2번",
              "sex": "여성",
              "age": "40대"
            },
            "speechAct": "(단언) 진술하기",
            "morpheme": "처음/NNG+으로/JKB+혼자/MAG+갔/VV+EP+던/ETM+인도/NNP+가/JKS+제일/MAG+기억/NNG+에/JKB+남/VV+아요/EC"
          },
          {
            "id": 6,
            "text": "3 : 저도 언젠가 인도 가보고 싶어요",
            "norm_text": "저도 언젠가 인도 가보고 싶어요",
            "speaker": {
              "id": "3번",
              "sex": "여성",
              "age": "10대"
            },
            "speechAct": "(단언) 주장하기",
            "morpheme": "저/NP+도/JX+언젠가/MAG+인도/NNP+가/JKS+보/VV+고/EC+싶/VX+어요/EF"
          },
          {
            "id": 7,
            "text": "3 : 류시화 책을 인상 깊게 읽었거든요",
            "norm_text": "류시화 책을 인상 깊게 읽었거든요",
            "speaker": {
              "id": "3번",
              "sex": "여성",
              "age": "10대"
            },
            "speechAct": "(단언) 주장하기",
            "morpheme": "류시화/NNP+책/NNG+을/JKO+인상/NNG+깊/VA+게/EC+읽/VV+었/EP+거든요/EF"
          },
          {
            "id": 8,
            "text": "1 : 인도 여행하면서 쓴 책 말이죠?",
            "norm_text": "인도 여행하면서 쓴 책 말이죠?",
            "speaker": {
              "id": "1번",
              "sex": "여성",
              "age": "30대"
            },
            "speechAct": "(단언) 주장하기",
            "morpheme": "인도/NNP+여행/NNG+하/XSV+면서/EC+쓴/VV+ETM+책/NNG+말/NNG+이/VCP+죠/EF"
          },
          {
            "id": 9,
            "text": "1 : 저도 그 책 재미있게 읽었어요",
            "norm_text": "저도 그 책 재미있게 읽었어요",
            "speaker": {
              "id": "1번",
              "sex": "여성",
              "age": "30대"
            },
            "speechAct": "(단언) 주장하기",
            "morpheme": "저/NP+도/JX+그/MM+책/NNG+재미있/VA+게/EC+읽/VV+었/EP+어요/EF"
          },
          {
            "id": 10,
            "text": "2 : 하하 인도 기차에 버려진 류시화 책이 인도를 한 바퀴 돌 거라는 얘기가 있어요",
            "norm_text": "하하 인도 기차에 버려진 류시화 책이 인도를 한 바퀴 돌 거라는 얘기가 있어요",
            "speaker": {
              "id": "2번",
              "sex": "여성",
              "age": "40대"
            },
            "speechAct": "(단언) 주장하기",
            "morpheme": "하하/MAG+인도/NNP+기차/NNG+에/JKB+버려진/VV+EC+VX+ETM+류시화/NNP+책/NNG+이/JKS+인도/NNP+를/JKO+한/MM+바퀴/NNBC+돌/VV+ETM+거/NNB+라는/VCP+ETM+얘기/NNG+가/JKS+있/VA+어요/EF"
          },
          {
            "id": 11,
            "text": "3 : 정말 그 책 읽고 인도 여행하러 간 사람이 많을 것 같아요",
            "norm_text": "정말 그 책 읽고 인도 여행하러 간 사람이 많을 것 같아요",
            "speaker": {
              "id": "3번",
              "sex": "여성",
              "age": "10대"
            },
            "speechAct": "(단언) 주장하기",
            "morpheme": "정말/MAG+그/MM+책/NNG+읽/VV+고/EC+인도/NNP+여행/NNG+하/XSV+러/EC+간/VV+ETM+사람/NNG+이/JKS+많/VA+을/ETM+것/NNB+같/VA+아요/EC"
          },
          {
            "id": 12,
            "text": "1 : 인도 어느 장소가 가장 좋았어요?",
            "norm_text": "인도 어느 장소가 가장 좋았어요?",
            "speaker": {
              "id": "1번",
              "sex": "여성",
              "age": "30대"
            },
            "speechAct": "(지시) 질문하기",
            "morpheme": "인도/NNP+어느/MM+장소/NNG+가/JKS+가장/MAG+좋/VA+았/EP+어요/EF"
          },
          {
            "id": 13,
            "text": "2 : 갠지스 강이 유명한 바라나시가 가장 좋았어요",
            "norm_text": "갠지스 강이 유명한 바라나시가 가장 좋았어요",
            "speaker": {
              "id": "2번",
              "sex": "여성",
              "age": "40대"
            },
            "speechAct": "(단언) 주장하기",
            "morpheme": "갠지스/+강/+이/JKS+유명/XR+한/XSA+ETM+바라나시/NNP+가/JKS+가장/MAG+좋/VA+았/EP+어요/EF"
          },
          {
            "id": 14,
            "text": "2 : 실외에서 화장하고 유골을 바로 강에 뿌리는 곳으로 유명하죠",
            "norm_text": "실외에서 화장하고 유골을 바로 강에 뿌리는 곳으로 유명하죠",
            "speaker": {
              "id": "2번",
              "sex": "여성",
              "age": "40대"
            },
            "speechAct": "(단언) 주장하기",
            "morpheme": "실외/NNG+에서/JKB+화장/NNG+하/XSV+고/EC+유골/NNG+을/JKO+바로/MAG+강/NNG+에/JKB+뿌리/VV+는/ETM+곳/NNG+으로/JKB+유명/NNG+하/XSV+죠/EC"
          },
          {
            "id": 15,
            "text": "3 : 헉 그런 거 보면 너무 무서울 것 같아요",
            "norm_text": "헉 그런 거 보면 너무 무서울 것 같아요",
            "speaker": {
              "id": "3번",
              "sex": "여성",
              "age": "10대"
            },
            "speechAct": "(단언) 주장하기",
            "morpheme": "헉/IC+그런/MM+거/NNB+보/VV+면/EC+너무/MAG+무서울/VA+ETM+것/NNB+같/VA+아요/EC"
          },
          {
            "id": 16,
            "text": "1 : 맞아요 그런 게 뭐 볼 게 있다고 사람들은 거기 가는 거예요?",
            "norm_text": "맞아요 그런 게 뭐 볼 게 있다고 사람들은 거기 가는 거예요?",
            "speaker": {
              "id": "1번",
              "sex": "여성",
              "age": "30대"
            },
            "speechAct": "(단언) 주장하기",
            "morpheme": "맞/VV+아요/EF+그런/MM+게/NNB+JKS+뭐/IC+볼/VV+ETM+게/NNB+JKS+있/VA+다고/EC+사람/NNG+들/XSN+은/JX+거기/NP+가/VV+는/ETM+거/NNB+예요/VCP+EF"
          },
          {
            "id": 17,
            "text": "2 : 뭔가 다른 세상에 온 것 같았어요",
            "norm_text": "뭔가 다른 세상에 온 것 같았어요",
            "speaker": {
              "id": "2번",
              "sex": "여성",
              "age": "40대"
            },
            "speechAct": "(단언) 주장하기",
            "morpheme": "뭔가/NP+VCP+EC+다른/MM+세상/NNG+에/JKB+온/VV+ETM+것/NNB+같/VA+았/EP+어요/EF"
          },
          {
            "id": 18,
            "text": "2 : 다들 태연히 죽음을 대하는 모습이 너무 색달랐어요",
            "norm_text": "다들 태연히 죽음을 대하는 모습이 너무 색달랐어요",
            "speaker": {
              "id": "2번",
              "sex": "여성",
              "age": "40대"
            },
            "speechAct": "(단언) 주장하기",
            "morpheme": "다/MAG+들/XSN+태연히/MAG+죽음/NNG+을/JKO+대하/VV+는/ETM+모습/NNG+이/JKS+너무/MAG+색달랐/VA+EP+어요/EF"
          },
          {
            "id": 19,
            "text": "3 : 흠 그렇군요 우리 나라에선 죽음을 피하고 금기시하는 분위기가 있잖아요",
            "norm_text": "흠 그렇군요 우리 나라에선 죽음을 피하고 금기시하는 분위기가 있잖아요",
            "speaker": {
              "id": "3번",
              "sex": "여성",
              "age": "10대"
            },
            "speechAct": "(단언) 주장하기",
            "morpheme": "흠/IC+그렇/VA+군요/EF+우리/NP+나라/NNG+에선/JKB+JX+죽음/NNG+을/JKO+피하/VV+고/EC+금기시/NNG+하/XSV+는/ETM+분위기/NNG+가/JKS+있/VA+잖아요/EC"
          },
          {
            "id": 20,
            "text": "1 : 제 친구 중에도 인도 가본 사람이 있는데 너무 힘들었다고 해요",
            "norm_text": "제 친구 중에도 인도 가본 사람이 있는데 너무 힘들었다고 해요",
            "speaker": {
              "id": "1번",
              "sex": "여성",
              "age": "30대"
            },
            "speechAct": "(단언) 주장하기",
            "morpheme": "제/NP+JKG+친구/NNG+중/NNB+에/JKB+도/JX+인도/NNP+가/JKS+본/VV+ETM+사람/NNG+이/JKS+있/VV+는데/EC+너무/MAG+힘들/VA+었/EP+다고/EC+해요/VX+EC"
          },
          {
            "id": 21,
            "text": "2 : 맞아요 40도가 넘는 더위에 에어컨이라곤 찾아볼 수 없었어요",
            "norm_text": "맞아요 40도가 넘는 더위에 에어컨이라곤 찾아볼 수 없었어요",
            "speaker": {
              "id": "2번",
              "sex": "여성",
              "age": "40대"
            },
            "speechAct": "(단언) 주장하기",
            "morpheme": "맞/VV+아요/EC+40/SN+도/NNBC+가/JKC+넘/VV+는/ETM+더위/NNG+에/JKB+에어컨/NNG+이/VCP+라곤/EC+JX+찾아볼/VV+ETM+수/NNB+없/VA+었/EP+어요/EF"
          },
          {
            "id": 22,
            "text": "2 : 식당에는 쥐가 돌아다니고 파리가 음식에 꼬이고...",
            "norm_text": "식당에는 쥐가 돌아다니고 파리가 음식에 꼬이고...",
            "speaker": {
              "id": "2번",
              "sex": "여성",
              "age": "40대"
            },
            "speechAct": "(단언) 주장하기",
            "morpheme": "식당/NNG+에/JKB+는/JX+쥐/NNG+가/JKS+돌아다니/VV+고/EC+파리/NNP+가/JKS+음식/NNG+에/JKB+꼬이/VV+고/EC+./SY+./SY"
          },
          {
            "id": 23,
            "text": "3 : 헐 아직도 그런 곳이 있다니 상상이 안 돼요",
            "norm_text": "헐 아직도 그런 곳이 있다니 상상이 안 돼요",
            "speaker": {
              "id": "3번",
              "sex": "여성",
              "age": "10대"
            },
            "speechAct": "(단언) 주장하기",
            "morpheme": "헐/IC+아직/MAG+도/JX+그런/MM+곳/NNB+이/JKS+있/VV+다니/EC+상상/NNG+이/JKS+안/MAG+돼요/VV+EC"
          },
          {
            "id": 24,
            "text": "1 : 근데 왜 인도를 두 번이나 가셨어요?",
            "norm_text": "근데 왜 인도를 두 번이나 가셨어요?",
            "speaker": {
              "id": "1번",
              "sex": "여성",
              "age": "30대"
            },
            "speechAct": "(단언) 주장하기",
            "morpheme": "근데/MAJ+왜/MAG+인도/NNP+를/JKO+두/MM+번/NNBC+이/JKS+나가/VV+셨/EP+EP+어요/EF"
          },
          {
            "id": 25,
            "text": "1 : 처음 갔을 때 폐렴까지 걸렸다면서요",
            "norm_text": "처음 갔을 때 폐렴까지 걸렸다면서요",
            "speaker": {
              "id": "1번",
              "sex": "여성",
              "age": "30대"
            },
            "speechAct": "(단언) 진술하기",
            "morpheme": "처음/MAG+갔/VV+EP+을/ETM+때/NNG+폐렴/NNG+까지/JX+걸렸/VV+EP+다면/EC+서요/NNG"
          },
          {
            "id": 26,
            "text": "2 : 오랫동안 공부하고 직장 다니고 이런 삶에서 처음으로 벗어나서 너무 좋았어요",
            "norm_text": "오랫동안 공부하고 직장 다니고 이런 삶에서 처음으로 벗어나서 너무 좋았어요",
            "speaker": {
              "id": "2번",
              "sex": "여성",
              "age": "40대"
            },
            "speechAct": "(단언) 주장하기",
            "morpheme": "오랫동안/NNG+공부/NNG+하/XSV+고/EC+직장/NNG+다니/VV+고/EC+이런/MM+삶/NNG+에서/JKB+처음/NNG+으로/JKB+벗어나/VV+서/EC+너무/MAG+좋/VA+았/EP+어요/EF"
          },
          {
            "id": 27,
            "text": "2 : 젊을 때는 한번 가보는 거 추천해요",
            "norm_text": "젊을 때는 한번 가보는 거 추천해요",
            "speaker": {
              "id": "2번",
              "sex": "여성",
              "age": "40대"
            },
            "speechAct": "(단언) 주장하기",
            "morpheme": "젊/VA+을/ETM+때/NNG+는/JX+한/MM+번/NNBC+가/JKS+보/VV+는/ETM+거/NNB+추천/NNG+해요/XSV+EC"
          },
          {
            "id": 28,
            "text": "2 : 나이 들어서 가면 체력이 딸릴 거예요",
            "norm_text": "나이 들어서 가면 체력이 딸릴 거예요",
            "speaker": {
              "id": "2번",
              "sex": "여성",
              "age": "40대"
            },
            "speechAct": "(단언) 주장하기",
            "morpheme": "나이/NNG+들/VV+어서/EC+가/VX+면/EC+체력/NNG+이/JKS+딸릴/VV+ETM+거/NNB+예요/VCP+EF"
          },
          {
            "id": 29,
            "text": "3 : 아 그래요? 그럼 저도 코로나 끝나면 한번 생각해봐야겠어요",
            "norm_text": "아 그래요? 그럼 저도 코로나 끝나면 한번 생각해봐야겠어요",
            "speaker": {
              "id": "3번",
              "sex": "여성",
              "age": "10대"
            },
            "speechAct": "(단언) 주장하기",
            "morpheme": "아/IC+그래요/VV+EF+그럼/MAJ+저/MM+도코로/NNG+나/JC+끝/NNG+나/VV+면/EC+한/MM+번/NNBC+생각/NNG+해봐야/XSV+EC+VX+EC+VX+겠/EP+어요/EF"
          },
          {
            "id": 30,
            "text": "1 : 저는 인도 음식 좋아하는데 굳이 거기까지 가고 싶진 않아요",
            "norm_text": "저는 인도 음식 좋아하는데 굳이 거기까지 가고 싶진 않아요",
            "speaker": {
              "id": "1번",
              "sex": "여성",
              "age": "30대"
            },
            "speechAct": "(단언) 주장하기",
            "morpheme": "저/NP+는/JX+인도/NNP+음식/NNG+좋/VA+아/EC+하/VV+는데/EC+굳이/MAG+거기/NP+까지/JX+가/VV+고/EC+싶/VX+진/EC+JX+않/VX+아요/EC"
          },
          {
            "id": 31,
            "text": "1 : 더운 거 싫어하거든요",
            "norm_text": "더운 거 싫어하거든요",
            "speaker": {
              "id": "1번",
              "sex": "여성",
              "age": "30대"
            },
            "speechAct": "(단언) 주장하기",
            "morpheme": "더운/VA+ETM+거/NNB+싫/VA+어/EC+하/VX+거든요/EF"
          },
          {
            "id": 32,
            "text": "2 : 더운 거 싫어하는 사람은 갈 곳이 못 돼요",
            "norm_text": "더운 거 싫어하는 사람은 갈 곳이 못 돼요",
            "speaker": {
              "id": "2번",
              "sex": "여성",
              "age": "40대"
            },
            "speechAct": "(단언) 주장하기",
            "morpheme": "더운/VA+ETM+거/NNB+싫/VA+어/EC+하/VV+는/ETM+사람/NNG+은/JX+갈/VV+ETM+곳/NNG+이/JKS+못/MAG+돼요/VV+EC"
          },
          {
            "id": 33,
            "text": "3 : 저도 더운 거 싫어하는데 에어컨이 없다니 진짜 고생일 것 같긴 해요",
            "norm_text": "저도 더운 거 싫어하는데 에어컨이 없다니 진짜 고생일 것 같긴 해요",
            "speaker": {
              "id": "3번",
              "sex": "여성",
              "age": "10대"
            },
            "speechAct": "(단언) 주장하기",
            "morpheme": "저/NP+도/JX+더운/VA+ETM+거/NNB+싫/VA+어/EC+하/VV+는데/EC+에어컨/NNG+이/JKS+없/VA+다니/EC+진짜/MAG+고생/NNG+일/VCP+ETM+것/NNB+같/VA+긴/ETN+JX+해요/VX+EC"
          }
        ]
      }
    }
  ]
}