{
  "dataset": {
    "identifier": 61152,
    "name": "KAKAO_923_05_set",
    "src_path": "/data/file/cubeManager/PROJECT001/53/txt20211005154159068462/KAKAO_923_05_set/",
    "label_path": "/data/file/cubeManager/PROJECT001/53/txt20211005154159068462/KAKAO_923_05_set/",
    "category": 2,
    "type": 0
  },
  "licenses": {
    "name": "Apache License 1.0",
    "url": "http://www.apache.org/licenses/LICENSE-1.0"
  },
  "info": [
    {
      "id": 41662,
      "filename": "KAKAO_923_05.txt",
      "title": "KAKAO_923_05",
      "mediatype": "SNS",
      "medianame": "카카오톡",
      "category": "일상대화",
      "date": "2021-10-05",
      "size": 505,
      "annotations": {
        "subject": "군대",
        "speaker_type": "1:1",
        "size": 505,
        "word_size": 148,
        "text": "1 : 요즘도 군대 가혹 행위가 엄청 많은가 봐ㅜㅜ\n2 : 그래? 요즘 뭐 사건 사고가 있었나?\n1 : 그래도 많이 나아졌다고 생각했는데, 뭐 때리고 괴롭히고\n2 : 문제다. 왜 사람들을 괴롭히는 걸까\n1 : 그래서 얼마 전에도 군인이 자살 했더라고 ㅜㅜ 아휴...\n2 : 진짜? 나는 몰랐네. 가혹 행위가 있었나?\n1 : 아휴... 응 군대 내에서 괴롭힘이 있었대...\n2 : 일반 병사야? 우리보다 어린 애들 아니야 ㅠㅠ?\n1 : 한참 어린 애들이지... 막 손도끼로 협박했다는데?\n2 : 손도끼...? 그런 가해자들은 진짜 처벌 꼭 받아야 해\n1 : 뭐 돈 빌려 달라면서 그랬나 봐... 응... 진짜 세게 처벌 받아야 할 텐데\n2 : 아니 돈은 자기 부모님한테 빌리면 되지 왜 남한테 빌려?\n1 : 내 말이 ㅜㅜ 진짜 아휴... 얼마나 힘들었겠노 ㅜㅜ\n2 : 많이 힘들었겠다. 주변에서 도와주는 사람은 없었대?\n1 : 아마... 없었으니까 극단적 선택을 했나 봐 ㅜㅜ 혼자라 생각했겠지\n2 : 너라면 어떻게 했을 것 같아?",
        "lines": [
          {
            "id": 1,
            "text": "1 : 요즘도 군대 가혹 행위가 엄청 많은가 봐ㅜㅜ",
            "norm_text": "요즘도 군대 가혹 행위가 엄청 많은가 봐ㅜㅜ",
            "speaker": {
              "id": "1번",
              "sex": "여성",
              "age": "30대"
            },
            "speechAct": "(단언) 주장하기",
            "morpheme": "요즘/NNG+도/JX+군대/NNG+가/JKS+혹/MAG+행위/NNG+가/JKS+엄청/MAG+많/VA+은가/EC+봐/VX+EF+ㅜㅜ/UNKNOWN"
          },
          {
            "id": 2,
            "text": "2 : 그래? 요즘 뭐 사건 사고가 있었나?",
            "norm_text": "그래? 요즘 뭐 사건 사고가 있었나?",
            "speaker": {
              "id": "2번",
              "sex": "여성",
              "age": "30대"
            },
            "speechAct": "(지시) 질문하기",
            "morpheme": "그래/IC+요즘/MAG+뭐/IC+사건/NNG+사고/NNG+가/JKS+있/VA+었/EP+나/EF"
          },
          {
            "id": 3,
            "text": "1 : 그래도 많이 나아졌다고 생각했는데, 뭐 때리고 괴롭히고",
            "norm_text": "그래도 많이 나아졌다고 생각했는데, 뭐 때리고 괴롭히고",
            "speaker": {
              "id": "1번",
              "sex": "여성",
              "age": "30대"
            },
            "speechAct": "(단언) 진술하기",
            "morpheme": "그래도/MAJ+많이/MAG+나아졌/VV+EP+다고/EC+생각/NNG+했/XSV+EP+는데/EC+,/SC+뭐/IC+때리/VV+고/EC+괴롭히/VV+고/EC"
          },
          {
            "id": 4,
            "text": "2 : 문제다. 왜 사람들을 괴롭히는 걸까",
            "norm_text": "문제다. 왜 사람들을 괴롭히는 걸까",
            "speaker": {
              "id": "2번",
              "sex": "여성",
              "age": "30대"
            },
            "speechAct": "(지시) 질문하기",
            "morpheme": "문제/NNG+다/VCP+EF+왜/MAG+사람/NNG+들/XSN+을/JKO+괴롭히/VV+는/ETM+걸까/NNB+VCP+EC"
          },
          {
            "id": 5,
            "text": "1 : 그래서 얼마 전에도 군인이 자살 했더라고 ㅜㅜ 아휴...",
            "norm_text": "그래서 얼마 전에도 군인이 자살 했더라고 ㅜㅜ 아휴...",
            "speaker": {
              "id": "1번",
              "sex": "여성",
              "age": "30대"
            },
            "speechAct": "(단언) 진술하기",
            "morpheme": "그래서/MAJ+얼마/NNG+전/NNG+에/JKB+도/JX+군인/NNG+이/JKS+자살/NNG+했/XSV+EP+더라고/EF+ㅜㅜ/UNKNOWN+아휴/IC+./SY"
          },
          {
            "id": 6,
            "text": "2 : 진짜? 나는 몰랐네. 가혹 행위가 있었나?",
            "norm_text": "진짜? 나는 몰랐네. 가혹 행위가 있었나?",
            "speaker": {
              "id": "2번",
              "sex": "여성",
              "age": "30대"
            },
            "speechAct": "(지시) 질문하기",
            "morpheme": "진짜/MAG+나/NP+는/JX+몰랐/VV+EP+네/EF+가혹/NNG+행위/NNG+가/JKS+있/VA+었/EP+나/EF"
          },
          {
            "id": 7,
            "text": "1 : 아휴... 응 군대 내에서 괴롭힘이 있었대...",
            "norm_text": "아휴... 응 군대 내에서 괴롭힘이 있었대...",
            "speaker": {
              "id": "1번",
              "sex": "여성",
              "age": "30대"
            },
            "speechAct": "(단언) 진술하기",
            "morpheme": "아휴/IC+./SY+응/IC+군대/NNG+내/NNB+에서/JKB+괴롭힘/VV+ETN+이/JKS+있/VA+었/EP+대/EF+./SY"
          },
          {
            "id": 8,
            "text": "2 : 일반 병사야? 우리보다 어린 애들 아니야 ㅠㅠ?",
            "norm_text": "일반 병사야? 우리보다 어린 애들 아니야 ㅠㅠ?",
            "speaker": {
              "id": "2번",
              "sex": "여성",
              "age": "30대"
            },
            "speechAct": "(지시) 질문하기",
            "morpheme": "일반/NNG+병사/NNG+야/VCP+EF+우리/NP+보다/JKB+어린애/NNG+들/XSN+아니/VCN+야/EC+ㅠㅠ/UNKNOWN"
          },
          {
            "id": 9,
            "text": "1 : 한참 어린 애들이지... 막 손도끼로 협박했다는데?",
            "norm_text": "한참 어린 애들이지... 막 손도끼로 협박했다는데?",
            "speaker": {
              "id": "1번",
              "sex": "여성",
              "age": "30대"
            },
            "speechAct": "(단언) 진술하기",
            "morpheme": "한참/NNG+어린애/NNG+들/XSN+이/VCP+지/EF+./SY+막/MAJ+손도끼/NNG+로/JKB+협박/NNG+했/XSV+EP+다는데/EF"
          },
          {
            "id": 10,
            "text": "2 : 손도끼...? 그런 가해자들은 진짜 처벌 꼭 받아야 해",
            "norm_text": "손도끼...? 그런 가해자들은 진짜 처벌 꼭 받아야 해",
            "speaker": {
              "id": "2번",
              "sex": "여성",
              "age": "30대"
            },
            "speechAct": "(단언) 주장하기",
            "morpheme": "손도끼/NNG+./SY+./SY+그런/MM+가해자/NNG+들/XSN+은/JX+진짜/MAG+처벌/NNG+꼭/MAG+받/VV+아야/EC+해/VV+EC"
          },
          {
            "id": 11,
            "text": "1 : 뭐 돈 빌려 달라면서 그랬나 봐... 응... 진짜 세게 처벌 받아야 할 텐데",
            "norm_text": "뭐 돈 빌려 달라면서 그랬나 봐... 응... 진짜 세게 처벌 받아야 할 텐데",
            "speaker": {
              "id": "1번",
              "sex": "여성",
              "age": "30대"
            },
            "speechAct": "(단언) 주장하기",
            "morpheme": "뭐/IC+돈/NNG+빌려/VV+EC+달/VX+라면서/EC+그랬/VV+EP+나/EC+봐/VX+EF+./SY+응/IC+./SY+진짜/MAG+세/VA+게/EC+처벌/NNG+받/VV+아야/EC+할/VX+ETM+텐데/NNB+VCP+EC"
          },
          {
            "id": 12,
            "text": "2 : 아니 돈은 자기 부모님한테 빌리면 되지 왜 남한테 빌려?",
            "norm_text": "아니 돈은 자기 부모님한테 빌리면 되지 왜 남한테 빌려?",
            "speaker": {
              "id": "2번",
              "sex": "여성",
              "age": "30대"
            },
            "speechAct": "(지시) 질문하기",
            "morpheme": "아니/IC+돈/NNG+은/JX+자기/NP+부모/NNG+님/XSN+한테/JKB+빌리/VV+면/EC+되/VV+지/EF+왜/MAG+남/NNG+한테/JKB+빌려/VV+EF"
          },
          {
            "id": 13,
            "text": "1 : 내 말이 ㅜㅜ 진짜 아휴... 얼마나 힘들었겠노 ㅜㅜ",
            "norm_text": "내 말이 ㅜㅜ 진짜 아휴... 얼마나 힘들었겠노 ㅜㅜ",
            "speaker": {
              "id": "1번",
              "sex": "여성",
              "age": "30대"
            },
            "speechAct": "(단언) 주장하기",
            "morpheme": "내말이/NP+JKG+NNG+JKS+ㅜㅜ/UNKNOWN+진짜/MAG+아휴/IC+./SY+얼마나힘들었겠노ㅜㅜ/UNKNOWN"
          },
          {
            "id": 14,
            "text": "2 : 많이 힘들었겠다. 주변에서 도와주는 사람은 없었대?",
            "norm_text": "많이 힘들었겠다. 주변에서 도와주는 사람은 없었대?",
            "speaker": {
              "id": "2번",
              "sex": "여성",
              "age": "30대"
            },
            "speechAct": "(지시) 질문하기",
            "morpheme": "많이/MAG+힘들/VA+었/EP+겠/EP+다/EF+주변/NNG+에서/JKB+도와/VV+EC+주/VX+는/ETM+사람/NNG+은/JX+없/VA+었/EP+대/EF"
          },
          {
            "id": 15,
            "text": "1 : 아마... 없었으니까 극단적 선택을 했나 봐 ㅜㅜ 혼자라 생각했겠지",
            "norm_text": "아마... 없었으니까 극단적 선택을 했나 봐 ㅜㅜ 혼자라 생각했겠지",
            "speaker": {
              "id": "1번",
              "sex": "여성",
              "age": "30대"
            },
            "speechAct": "(단언) 주장하기",
            "morpheme": "아마/MAG+./SY+없었으니까극단적선택을했나봐ㅜㅜ혼자라생각했겠지/UNKNOWN"
          },
          {
            "id": 16,
            "text": "2 : 너라면 어떻게 했을 것 같아?",
            "norm_text": "너라면 어떻게 했을 것 같아?",
            "speaker": {
              "id": "2번",
              "sex": "여성",
              "age": "30대"
            },
            "speechAct": "(지시) 질문하기",
            "morpheme": "너/NP+라면/VCP+EC+어떻/VA+게/EC+했/VX+EP+을/ETM+것/NNB+같/VA+아/EF"
          }
        ]
      }
    }
  ]
}