{
  "dataset": {
    "identifier": 63477,
    "name": "KAKAO_909_08_set",
    "src_path": "/data/file/cubeManager/PROJECT001/53/txt20211005154109083756/KAKAO_909_08_set/",
    "label_path": "/data/file/cubeManager/PROJECT001/53/txt20211005154109083756/KAKAO_909_08_set/",
    "category": 2,
    "type": 0
  },
  "licenses": {
    "name": "Apache License 1.0",
    "url": "http://www.apache.org/licenses/LICENSE-1.0"
  },
  "info": [
    {
      "id": 41585,
      "filename": "KAKAO_909_08.txt",
      "title": "KAKAO_909_08",
      "mediatype": "SNS",
      "medianame": "카카오톡",
      "category": "일상대화",
      "date": "2021-10-05",
      "size": 436,
      "annotations": {
        "subject": "연애/결혼",
        "speaker_type": "1:1",
        "size": 436,
        "word_size": 140,
        "text": "1 : 이번에 시골 내려가?\n2 : 잘 모르겠어! 와이?\n1 : 하 ㅠㅠ 나는 이번에 내려가는데 진짜 가기 싫어 죽겠어\n2 : 왜? 취업 이야기 때문에?\n1 : 그것도 그건데 할머니가 벌써부터 결혼 이야기 해 키키\n2 : 에에에엥? 언니 나이가 뭐 얼마나 됐다고 벌써부터 결혼 이야기야\n1 : 그치 키키 진짜 아직 30도 안 됐는데 벌써부터ㅜ\n2 : 진짜 가기 싫겠다;\n1 : 맞아... 그래서 엄마한테 안 가면 안되냐고 물어봤는데 안된다니까 뭐 조용히 가야지 ㅠㅠ\n2 : 그래도 언니는 시골 가면 언니랑 동갑인 친구 있지 않아?\n1 : 아 걔 이번에 안 내려 온대 ㅠ\n2 : 헉... 그럼 가도 재미는 없겠네 ㅠㅠ\n1 : 응... 내 비슷한 또래들 다 안 와서 이번 명절은 조용할 것 같아\n2 : 그럼 어린 애들이랑 놀아야겠네\n1 : 안 그래도 엄마도 나보고 애들 보래\n2 : 언니도 전 부치는 건 어때?",
        "lines": [
          {
            "id": 1,
            "text": "1 : 이번에 시골 내려가?",
            "norm_text": "이번에 시골 내려가?",
            "speaker": {
              "id": "1번",
              "sex": "여성",
              "age": "20대"
            },
            "speechAct": "(지시) 질문하기",
            "morpheme": "이번/NNG+에/JKB+시골/NNG+내려가/VV+EF"
          },
          {
            "id": 2,
            "text": "2 : 잘 모르겠어! 와이?",
            "norm_text": "잘 모르겠어! 와이?",
            "speaker": {
              "id": "2번",
              "sex": "여성",
              "age": "20대"
            },
            "speechAct": "(지시) 질문하기",
            "morpheme": "잘/MAG+모르/VV+겠/EP+어/EF+와/IC+이/IC"
          },
          {
            "id": 3,
            "text": "1 : 하 ㅠㅠ 나는 이번에 내려가는데 진짜 가기 싫어 죽겠어",
            "norm_text": "하 ㅠㅠ 나는 이번에 내려가는데 진짜 가기 싫어 죽겠어",
            "speaker": {
              "id": "1번",
              "sex": "여성",
              "age": "20대"
            },
            "speechAct": "(단언) 주장하기",
            "morpheme": "하/VV+ㅠㅠ/UNKNOWN+나/NP+는/JX+이번/NNG+에/JKB+내려가/VV+는데/EC+진짜/MAG+가/VV+기/ETN+싫/VA+어/EC+죽/VV+겠/EP+어/EC"
          },
          {
            "id": 4,
            "text": "2 : 왜? 취업 이야기 때문에?",
            "norm_text": "왜? 취업 이야기 때문에?",
            "speaker": {
              "id": "2번",
              "sex": "여성",
              "age": "20대"
            },
            "speechAct": "(지시) 질문하기",
            "morpheme": "왜/MAG+취업/NNG+이야기/NNG+때문/NNB+에/JKB"
          },
          {
            "id": 5,
            "text": "1 : 그것도 그건데 할머니가 벌써부터 결혼 이야기 해 키키",
            "norm_text": "그것도 그건데 할머니가 벌써부터 결혼 이야기 해 키키",
            "speaker": {
              "id": "1번",
              "sex": "여성",
              "age": "20대"
            },
            "speechAct": "(단언) 진술하기",
            "morpheme": "그것/NP+도/JX+그건데/NP+VCP+EC+할머니/NNG+가/JKS+벌써/MAG+부터/JX+결혼/NNG+이야기/NNG+해/XSV+EC+키/NNG+키/XSV+ETN"
          },
          {
            "id": 6,
            "text": "2 : 에에에엥? 언니 나이가 뭐 얼마나 됐다고 벌써부터 결혼 이야기야",
            "norm_text": "에에에엥? 언니 나이가 뭐 얼마나 됐다고 벌써부터 결혼 이야기야",
            "speaker": {
              "id": "2번",
              "sex": "여성",
              "age": "20대"
            },
            "speechAct": "(단언) 주장하기",
            "morpheme": "에에에/IC+엥/IC+언니/NNG+나이/NNG+가/JKS+뭐/IC+얼마나/MAG+됐/VV+EP+다고/EC+벌써/MAG+부터/JX+결혼/NNG+이야기/NNG+야/VCP+EF"
          },
          {
            "id": 7,
            "text": "1 : 그치 키키 진짜 아직 30도 안 됐는데 벌써부터ㅜ",
            "norm_text": "그치 키키 진짜 아직 30도 안 됐는데 벌써부터ㅜ",
            "speaker": {
              "id": "1번",
              "sex": "여성",
              "age": "20대"
            },
            "speechAct": "(단언) 주장하기",
            "morpheme": "그치/IC+키/NNG+키/XSV+ETN+진짜/MAG+아직/MAG+30/SN+도/NNBC+안/MAG+됐/VV+EP+는데/EC+벌써/MAG+부터/JX+ㅜ/UNKNOWN"
          },
          {
            "id": 8,
            "text": "2 : 진짜 가기 싫겠다;",
            "norm_text": "진짜 가기 싫겠다;",
            "speaker": {
              "id": "2번",
              "sex": "여성",
              "age": "20대"
            },
            "speechAct": "(단언) 주장하기",
            "morpheme": "진짜/MAG+가/VV+기/ETN+싫/VA+겠/EP+다/EC+;/SY"
          },
          {
            "id": 9,
            "text": "1 : 맞아... 그래서 엄마한테 안 가면 안되냐고 물어봤는데 안된다니까 뭐 조용히 가야지 ㅠㅠ",
            "norm_text": "맞아... 그래서 엄마한테 안 가면 안되냐고 물어봤는데 안된다니까 뭐 조용히 가야지 ㅠㅠ",
            "speaker": {
              "id": "1번",
              "sex": "여성",
              "age": "20대"
            },
            "speechAct": "(단언) 주장하기",
            "morpheme": "맞/VV+아/EF+./SY+그래서/MAJ+엄마/NNG+한테/JKB+안/MAG+가/VV+면/EC+안/MAG+되/VV+냐고/EC+물/VV+어/EC+봤/VX+EP+는데/EC+안/MAG+된다니까/VV+EF+뭐/IC+조용히/MAG+가/VV+야지/EF+ㅠㅠ/UNKNOWN"
          },
          {
            "id": 10,
            "text": "2 : 그래도 언니는 시골 가면 언니랑 동갑인 친구 있지 않아?",
            "norm_text": "그래도 언니는 시골 가면 언니랑 동갑인 친구 있지 않아?",
            "speaker": {
              "id": "2번",
              "sex": "여성",
              "age": "20대"
            },
            "speechAct": "(지시) 질문하기",
            "morpheme": "그래도/MAJ+언니/NNG+는/JX+시골/NNG+가/VV+면/EC+언니/NNG+랑/JKB+동갑/NNG+인/VCP+ETM+친구/NNG+있/VV+지/EC+않/VX+아/EF"
          },
          {
            "id": 11,
            "text": "1 : 아 걔 이번에 안 내려 온대 ㅠ",
            "norm_text": "아 걔 이번에 안 내려 온대 ㅠ",
            "speaker": {
              "id": "1번",
              "sex": "여성",
              "age": "20대"
            },
            "speechAct": "(단언) 진술하기",
            "morpheme": "아/IC+걔/NP+이번/NNG+에/JKB+안/MAG+내려온/VV+ETM+대ㅠ/UNKNOWN"
          },
          {
            "id": 12,
            "text": "2 : 헉... 그럼 가도 재미는 없겠네 ㅠㅠ",
            "norm_text": "헉... 그럼 가도 재미는 없겠네 ㅠㅠ",
            "speaker": {
              "id": "2번",
              "sex": "여성",
              "age": "20대"
            },
            "speechAct": "(단언) 주장하기",
            "morpheme": "헉/IC+./SY+그럼/MAJ+가도/NNG+재미/NNG+는/JX+없/VA+겠/EP+네/EF+ㅠㅠ/UNKNOWN"
          },
          {
            "id": 13,
            "text": "1 : 응... 내 비슷한 또래들 다 안 와서 이번 명절은 조용할 것 같아",
            "norm_text": "응... 내 비슷한 또래들 다 안 와서 이번 명절은 조용할 것 같아",
            "speaker": {
              "id": "1번",
              "sex": "여성",
              "age": "20대"
            },
            "speechAct": "(단언) 주장하기",
            "morpheme": "응/IC+./SY+내/NP+JKG+비슷/XR+한/XSA+ETM+또래/NNG+들/XSN+다/MAG+안/MAG+와서/VV+EC+이번/NNG+명절/NNG+은/JX+조용/XR+할/XSA+ETM+것/NNB+같/VA+아/EC"
          },
          {
            "id": 14,
            "text": "2 : 그럼 어린 애들이랑 놀아야겠네",
            "norm_text": "그럼 어린 애들이랑 놀아야겠네",
            "speaker": {
              "id": "2번",
              "sex": "여성",
              "age": "20대"
            },
            "speechAct": "(단언) 주장하기",
            "morpheme": "그럼/MAJ+어린애/NNG+들/XSN+이랑/JKB+놀/VV+아야/EC+겠/EP+네/EF"
          },
          {
            "id": 15,
            "text": "1 : 안 그래도 엄마도 나보고 애들 보래",
            "norm_text": "안 그래도 엄마도 나보고 애들 보래",
            "speaker": {
              "id": "1번",
              "sex": "여성",
              "age": "20대"
            },
            "speechAct": "(단언) 진술하기",
            "morpheme": "안/MAG+그래도/VV+EC+엄마/NNG+도/JX+나/NP+보고/JKB+애/NNG+들/XSN+보래/NNG"
          },
          {
            "id": 16,
            "text": "2 : 언니도 전 부치는 건 어때?",
            "norm_text": "언니도 전 부치는 건 어때?",
            "speaker": {
              "id": "2번",
              "sex": "여성",
              "age": "20대"
            },
            "speechAct": "(지시) 질문하기",
            "morpheme": "언니/NNG+도/JX+전부/MAG+치/VV+는/ETM+건/NNB+JX+어때/VA+EF"
          }
        ]
      }
    }
  ]
}