{
  "dataset": {
    "identifier": 69191,
    "name": "KAKAO_915_08_set",
    "src_path": "/data/file/cubeManager/PROJECT001/53/txt20211005155756059650/KAKAO_915_08_set/",
    "label_path": "/data/file/cubeManager/PROJECT001/53/txt20211005155756059650/KAKAO_915_08_set/",
    "category": 2,
    "type": 0
  },
  "licenses": {
    "name": "Apache License 1.0",
    "url": "http://www.apache.org/licenses/LICENSE-1.0"
  },
  "info": [
    {
      "id": 41845,
      "filename": "KAKAO_915_08.txt",
      "title": "KAKAO_915_08",
      "mediatype": "SNS",
      "medianame": "카카오톡",
      "category": "일상대화",
      "date": "2021-10-05",
      "size": 487,
      "annotations": {
        "subject": "연애/결혼",
        "speaker_type": "1:1",
        "size": 487,
        "word_size": 165,
        "text": "1 : 오빠야는 결혼식 크게 하고 싶어 아니면 스몰\n2 : 나는 스몰로 하고 싶으데 부모님은 크게 하고 싶을 듯\n1 : 키키 위에 누나 두 명이 크게 하면 괜찮지 않을까? 키키\n2 : 근데 위에 누나 두 명도 크게 하고 싶어 하지 않아 키키\n1 : 악 키키 뭐야 한 명이 양보해야겠는걸 키키\n2 : 키키 근데 아마 처음으로 가는 사람은 크게 하긴 할 듯\n1 : 진짜 그럴 것 같음 키키 나도 언니 크게 시키고 난 작게 키키\n2 : 키키 오 그건 **이 누나랑도 얘기가 된 거가\n1 : 키키 아니지 키키 내 생각이지 하지만 내 생각은 무조건 찬성이지 언니는 키키\n2 : 키키 오... 누나야 뭐 천사가 키키\n1 : 키키 내한테는 천사인가 봐 히히 내가 예뻐서 그래 히히\n2 : 키키 오... 대단하네 삼자대면 해보자\n1 : 키키 나만의 생각인가 착각인가 키키\n2 : 키키 여튼 니가 결혼하는 것도 상상이 안 간다\n1 : 나도 상상이 안 됨 키키 내가 어떻게\n2 : 키키 그럴 수 있지 언젠가 갈 거야",
        "lines": [
          {
            "id": 1,
            "text": "1 : 오빠야는 결혼식 크게 하고 싶어 아니면 스몰",
            "norm_text": "오빠야는 결혼식 크게 하고 싶어 아니면 스몰",
            "speaker": {
              "id": "1번",
              "sex": "여성",
              "age": "20대"
            },
            "speechAct": "(지시) 질문하기",
            "morpheme": "오빠/NNG+야/VCP+EF+는/JX+결혼식/NNG+크/VA+게/EC+하/VV+고/EC+싶/VX+어/EC+아니/VCN+면/EC+스몰/NNP"
          },
          {
            "id": 2,
            "text": "2 : 나는 스몰로 하고 싶으데 부모님은 크게 하고 싶을 듯",
            "norm_text": "나는 스몰로 하고 싶으데 부모님은 크게 하고 싶을 듯",
            "speaker": {
              "id": "2번",
              "sex": "남성",
              "age": "20대"
            },
            "speechAct": "(단언) 주장하기",
            "morpheme": "나/NP+는/JX+스몰/NNP+로/JKB+하/VV+고/EC+싶/VX+으/EP+데/NNB+부모/NNG+님/XSN+은/JX+크/VA+게/EC+하/VV+고/EC+싶/VX+을/ETM+듯/NNB"
          },
          {
            "id": 3,
            "text": "1 : 키키 위에 누나 두 명이 크게 하면 괜찮지 않을까? 키키",
            "norm_text": "키키 위에 누나 두 명이 크게 하면 괜찮지 않을까? 키키",
            "speaker": {
              "id": "1번",
              "sex": "여성",
              "age": "20대"
            },
            "speechAct": "(지시) 질문하기",
            "morpheme": "키/NNG+키위/NNG+에/JKB+누나/NNG+두/MM+명/NNBC+이/JKS+크/VA+게/EC+하/VV+면/EC+괜찮/VA+지/EC+않/VX+을까/EF+키/NNG+키/XSV+ETN"
          },
          {
            "id": 4,
            "text": "2 : 근데 위에 누나 두 명도 크게 하고 싶어 하지 않아 키키",
            "norm_text": "근데 위에 누나 두 명도 크게 하고 싶어 하지 않아 키키",
            "speaker": {
              "id": "2번",
              "sex": "남성",
              "age": "20대"
            },
            "speechAct": "(단언) 주장하기",
            "morpheme": "근데/MAJ+위/NNG+에/JKB+누나/NNG+두/MM+명/NNBC+도/JX+크/VA+게/EC+하/VV+고/EC+싶/VX+어/EC+하/VV+지/EC+않/VX+아/EC+키/NNG+키/XSV+ETN"
          },
          {
            "id": 5,
            "text": "1 : 악 키키 뭐야 한 명이 양보해야겠는걸 키키",
            "norm_text": "악 키키 뭐야 한 명이 양보해야겠는걸 키키",
            "speaker": {
              "id": "1번",
              "sex": "여성",
              "age": "20대"
            },
            "speechAct": "(단언) 주장하기",
            "morpheme": "악/XPN+키/NNG+키/XSV+ETN+뭐/IC+야/IC+한/MM+명/NNBC+이/JKS+양보/NNG+해야/XSV+EC+VX+겠/EP+는/ETM+걸/NNB+JKO+키/NNG+키/XSV+ETN"
          },
          {
            "id": 6,
            "text": "2 : 키키 근데 아마 처음으로 가는 사람은 크게 하긴 할 듯",
            "norm_text": "키키 근데 아마 처음으로 가는 사람은 크게 하긴 할 듯",
            "speaker": {
              "id": "2번",
              "sex": "남성",
              "age": "20대"
            },
            "speechAct": "(단언) 주장하기",
            "morpheme": "키/NNG+키/XSV+ETN+근데/MAJ+아마/MAG+처음/NNG+으로/JKB+가/VV+는/ETM+사람/NNG+은/JX+크/VA+게/EC+하/VV+긴/ETN+JX+할/VX+ETM+듯/NNB"
          },
          {
            "id": 7,
            "text": "1 : 진짜 그럴 것 같음 키키 나도 언니 크게 시키고 난 작게 키키",
            "norm_text": "진짜 그럴 것 같음 키키 나도 언니 크게 시키고 난 작게 키키",
            "speaker": {
              "id": "1번",
              "sex": "여성",
              "age": "20대"
            },
            "speechAct": "(단언) 주장하기",
            "morpheme": "진짜/MAG+그럴/VA+ETM+것/NNB+같/VA+음/ETN+키/NNG+키나/XSA+ETN+JX+도/JX+언니/NNG+크/VA+게/EC+시키/VV+고/EC+난/NP+JX+작/VA+게/EC+키/NNG+키/XSV+ETN"
          },
          {
            "id": 8,
            "text": "2 : 키키 오 그건 **이 누나랑도 얘기가 된 거가",
            "norm_text": "키키 오 그건 **이 누나랑도 얘기가 된 거가",
            "speaker": {
              "id": "2번",
              "sex": "남성",
              "age": "20대"
            },
            "speechAct": "(단언) 주장하기",
            "morpheme": "키/NNG+키/XSV+ETN+오/JC+그건/NP+JX+*/SY+*/SY+이/JKS+누나/NNG+랑/JKB+도/JX+얘기/NNG+가/JKS+된/VV+ETM+거/NNB+가/JKS"
          },
          {
            "id": 9,
            "text": "1 : 키키 아니지 키키 내 생각이지 하지만 내 생각은 무조건 찬성이지 언니는 키키",
            "norm_text": "키키 아니지 키키 내 생각이지 하지만 내 생각은 무조건 찬성이지 언니는 키키",
            "speaker": {
              "id": "1번",
              "sex": "여성",
              "age": "20대"
            },
            "speechAct": "(단언) 주장하기",
            "morpheme": "키/NNG+키/XSV+ETN+아니/VCN+지/EC+키/NNG+키/XSV+ETN+내/NP+JKG+생각/NNG+이/VCP+지/EF+하지만/MAJ+내/MM+생각/NNG+은/JX+무조건/MAG+찬성/NNG+이/VCP+지/EC+언니/NNG+는/JX+키/NNG+키/XSV+ETN"
          },
          {
            "id": 10,
            "text": "2 : 키키 오... 누나야 뭐 천사가 키키",
            "norm_text": "키키 오... 누나야 뭐 천사가 키키",
            "speaker": {
              "id": "2번",
              "sex": "남성",
              "age": "20대"
            },
            "speechAct": "(단언) 주장하기",
            "morpheme": "키/NNG+키/VV+오/EF+./SY+누나/NNG+야/VCP+EF+뭐/IC+천사/NNG+가/JKS+키/NNG+키/XSV+ETN"
          },
          {
            "id": 11,
            "text": "1 : 키키 내한테는 천사인가 봐 히히 내가 예뻐서 그래 히히",
            "norm_text": "키키 내한테는 천사인가 봐 히히 내가 예뻐서 그래 히히",
            "speaker": {
              "id": "1번",
              "sex": "여성",
              "age": "20대"
            },
            "speechAct": "(단언) 주장하기",
            "morpheme": "키/NNG+키/NNG+내/NNB+한테/JKB+는/JX+천사/NNG+인가/VCP+EC+봐/VX+EF+히히/IC+내/NP+가/JKS+예뻐서/VA+EC+그래/IC+히히/MAG"
          },
          {
            "id": 12,
            "text": "2 : 키키 오... 대단하네 삼자대면 해보자",
            "norm_text": "키키 오... 대단하네 삼자대면 해보자",
            "speaker": {
              "id": "2번",
              "sex": "남성",
              "age": "20대"
            },
            "speechAct": "(단언) 주장하기",
            "morpheme": "키/NNG+키/VV+오/EF+./SY+대단/XR+하/XSA+네/EF+삼자대면/NNG+해/XSV+EC+보/VX+자/EC"
          },
          {
            "id": 13,
            "text": "1 : 키키 나만의 생각인가 착각인가 키키",
            "norm_text": "키키 나만의 생각인가 착각인가 키키",
            "speaker": {
              "id": "1번",
              "sex": "여성",
              "age": "20대"
            },
            "speechAct": "(단언) 주장하기",
            "morpheme": "키/NNG+키나/XSA+ETN+JX+만/JX+의/JKG+생각/NNG+인가/VCP+EC+착각/NNG+인가/VCP+EC+키/NNG+키/XSV+ETN"
          },
          {
            "id": 14,
            "text": "2 : 키키 여튼 니가 결혼하는 것도 상상이 안 간다",
            "norm_text": "키키 여튼 니가 결혼하는 것도 상상이 안 간다",
            "speaker": {
              "id": "2번",
              "sex": "남성",
              "age": "20대"
            },
            "speechAct": "(단언) 주장하기",
            "morpheme": "키/NNG+키/VV+여/EC+튼/VV+ETM+니/NP+가/JKS+결혼/NNG+하/XSV+는/ETM+것/NNB+도/JX+상상/NNG+이/JKS+안/MAG+간다/VV+EC"
          },
          {
            "id": 15,
            "text": "1 : 나도 상상이 안 됨 키키 내가 어떻게",
            "norm_text": "나도 상상이 안 됨 키키 내가 어떻게",
            "speaker": {
              "id": "1번",
              "sex": "여성",
              "age": "20대"
            },
            "speechAct": "(단언) 주장하기",
            "morpheme": "나/NP+도/JX+상상/NNG+이/JKS+안/MAG+됨/VV+ETN+키/NNG+키/XSV+ETN+내/NP+가/JKS+어떻/VA+게/EC"
          },
          {
            "id": 16,
            "text": "2 : 키키 그럴 수 있지 언젠가 갈 거야",
            "norm_text": "키키 그럴 수 있지 언젠가 갈 거야",
            "speaker": {
              "id": "2번",
              "sex": "남성",
              "age": "20대"
            },
            "speechAct": "(단언) 주장하기",
            "morpheme": "키/NNG+키/XSV+ETN+그럴/VV+ETM+수/NNB+있/VV+지/EC+언젠가/MAG+갈/VV+ETM+거/NNB+야/VCP+EF"
          }
        ]
      }
    }
  ]
}