{
  "dataset": {
    "identifier": 72790,
    "name": "KAKAO_906_10_set",
    "src_path": "/data/file/cubeManager/PROJECT001/53/txt20211005152905040636/KAKAO_906_10_set/",
    "label_path": "/data/file/cubeManager/PROJECT001/53/txt20211005152905040636/KAKAO_906_10_set/",
    "category": 2,
    "type": 0
  },
  "licenses": {
    "name": "Apache License 1.0",
    "url": "http://www.apache.org/licenses/LICENSE-1.0"
  },
  "info": [
    {
      "id": 41367,
      "filename": "KAKAO_906_10.txt",
      "title": "KAKAO_906_10",
      "mediatype": "SNS",
      "medianame": "카카오톡",
      "category": "일상대화",
      "date": "2021-10-05",
      "size": 378,
      "annotations": {
        "subject": "스포츠/레저",
        "speaker_type": "1:1",
        "size": 378,
        "word_size": 128,
        "text": "1 : 요즘 하는 운동 있니 키키\n2 : 나 애 낳고 필라테스 다녔었어\n1 : 와 그거 졸 고통스럽다던데\n2 : 웅 선생님 때리고 싶음 ㅜㅜ\n1 : 돈 주고 내가 왜 이 짓을 하나... 그런 마음이라던데 키키\n2 : 어어어 내 돈 내고 내가 듣는 건데 화가 나\n1 : 키키 이젠 안 다녀?\n1 : 효과 봤어?\n2 : 웅 좀 몸매교정이나 그런 건 확실히 있는 거 같애\n1 : 아니 비싸시더라구요 필라테스님\n2 : 어휴 장난 아니에여 개비싸다구여\n1 : 1대 1은 오지게 비싸시더라구욧\n2 : 1대 1은 결제도 못 행 손 떨려서 ㅜㅜ\n1 : 키키 집에서는 못하는 운동이지?\n2 : 집에서도 할 수 있는데 아마도 안 할껄?\n1 : 키키 재밌는 운동도 안 하는디 ^^\n2 : 집에서는 숨쉬기 운동이 국룰이지 키키",
        "lines": [
          {
            "id": 1,
            "text": "1 : 요즘 하는 운동 있니 키키",
            "norm_text": "요즘 하는 운동 있니 키키",
            "speaker": {
              "id": "1번",
              "sex": "여성",
              "age": "30대"
            },
            "speechAct": "(지시) 질문하기",
            "morpheme": "요즘/NNG+하/XSV+는/ETM+운동/NNG+있/VV+니/EC+키/NNG+키/XSV+ETN"
          },
          {
            "id": 2,
            "text": "2 : 나 애 낳고 필라테스 다녔었어",
            "norm_text": "나 애 낳고 필라테스 다녔었어",
            "speaker": {
              "id": "2번",
              "sex": "여성",
              "age": "20대"
            },
            "speechAct": "(단언) 진술하기",
            "morpheme": "나/NP+애/NNG+낳/VV+고/EC+필라테스/NNP+다녔었/VV+EP+어/EC"
          },
          {
            "id": 3,
            "text": "1 : 와 그거 졸 고통스럽다던데",
            "norm_text": "와 그거 졸 고통스럽다던데",
            "speaker": {
              "id": "1번",
              "sex": "여성",
              "age": "30대"
            },
            "speechAct": "(단언) 진술하기",
            "morpheme": "와/IC+그거/NP+졸/VA+ETM+고통/NNG+스럽/XSA+다던데/EC"
          },
          {
            "id": 4,
            "text": "2 : 웅 선생님 때리고 싶음 ㅜㅜ",
            "norm_text": "웅 선생님 때리고 싶음 ㅜㅜ",
            "speaker": {
              "id": "2번",
              "sex": "여성",
              "age": "20대"
            },
            "speechAct": "(단언) 주장하기",
            "morpheme": "웅/IC+선생/NNG+님/XSN+때리/VV+고/EC+싶/VX+음/ETN+ㅜㅜ/UNKNOWN"
          },
          {
            "id": 5,
            "text": "1 : 돈 주고 내가 왜 이 짓을 하나... 그런 마음이라던데 키키",
            "norm_text": "돈 주고 내가 왜 이 짓을 하나... 그런 마음이라던데 키키",
            "speaker": {
              "id": "1번",
              "sex": "여성",
              "age": "30대"
            },
            "speechAct": "(단언) 진술하기",
            "morpheme": "돈/NNG+주/VV+고/EC+내/NP+가/JKS+왜/MAG+이/MM+짓/NNG+을/JKO+하/VV+나/EF+./SY+그런/MM+마음/NNG+이/VCP+라던데/EC+키/NNG+키/XSV+ETN"
          },
          {
            "id": 6,
            "text": "2 : 어어어 내 돈 내고 내가 듣는 건데 화가 나",
            "norm_text": "어어어 내 돈 내고 내가 듣는 건데 화가 나",
            "speaker": {
              "id": "2번",
              "sex": "여성",
              "age": "20대"
            },
            "speechAct": "(단언) 주장하기",
            "morpheme": "어/IC+어/IC+어/IC+내/NP+JKG+돈/NNG+내/VV+고/EC+내/NP+가/JKS+듣/VV+는/ETM+건데/NNB+VCP+EC+화가/NNG+나/JC"
          },
          {
            "id": 7,
            "text": "1 : 키키 이젠 안 다녀?",
            "norm_text": "키키 이젠 안 다녀?",
            "speaker": {
              "id": "1번",
              "sex": "여성",
              "age": "30대"
            },
            "speechAct": "(지시) 질문하기",
            "morpheme": "키/NNG+키/NNG+이젠/NNG+JX+안/MAG+다녀/VV+EF"
          },
          {
            "id": 8,
            "text": "1 : 효과 봤어?",
            "norm_text": "효과 봤어?",
            "speaker": {
              "id": "1번",
              "sex": "여성",
              "age": "30대"
            },
            "speechAct": "(지시) 질문하기",
            "morpheme": "효과/NNG+봤/VV+EP+어/EF"
          },
          {
            "id": 9,
            "text": "2 : 웅 좀 몸매교정이나 그런 건 확실히 있는 거 같애",
            "norm_text": "웅 좀 몸매교정이나 그런 건 확실히 있는 거 같애",
            "speaker": {
              "id": "2번",
              "sex": "여성",
              "age": "20대"
            },
            "speechAct": "(단언) 주장하기",
            "morpheme": "웅/IC+좀/MAG+몸매/NNG+교정/NNG+이나/JC+그런/MM+건/NNB+JX+확실히/MAG+있/VV+는/ETM+거/NNB+같/VA+애/EC"
          },
          {
            "id": 10,
            "text": "1 : 아니 비싸시더라구요 필라테스님",
            "norm_text": "아니 비싸시더라구요 필라테스님",
            "speaker": {
              "id": "1번",
              "sex": "여성",
              "age": "30대"
            },
            "speechAct": "(단언) 주장하기",
            "morpheme": "아니/IC+비싸/VA+시/EP+더라구요/EF+필라테스/NNP+님/XSN"
          },
          {
            "id": 11,
            "text": "2 : 어휴 장난 아니에여 개비싸다구여",
            "norm_text": "어휴 장난 아니에여 개비싸다구여",
            "speaker": {
              "id": "2번",
              "sex": "여성",
              "age": "20대"
            },
            "speechAct": "(단언) 주장하기",
            "morpheme": "어휴/IC+장난/NNG+아니/VCN+에/JKB+여개/NNG+비싸/VA+다/EC+구여/NNG"
          },
          {
            "id": 12,
            "text": "1 : 1대 1은 오지게 비싸시더라구욧",
            "norm_text": "1대 1은 오지게 비싸시더라구욧",
            "speaker": {
              "id": "1번",
              "sex": "여성",
              "age": "30대"
            },
            "speechAct": "(단언) 주장하기",
            "morpheme": "1/SN+대/NNBC+1/SN+은오지게비싸시더라구욧/UNKNOWN"
          },
          {
            "id": 13,
            "text": "2 : 1대 1은 결제도 못 행 손 떨려서 ㅜㅜ",
            "norm_text": "1대 1은 결제도 못 행 손 떨려서 ㅜㅜ",
            "speaker": {
              "id": "2번",
              "sex": "여성",
              "age": "20대"
            },
            "speechAct": "(단언) 주장하기",
            "morpheme": "1/SN+대/NNBC+1/SN+은결제도못행손떨려서ㅜㅜ/UNKNOWN"
          },
          {
            "id": 14,
            "text": "1 : 키키 집에서는 못하는 운동이지?",
            "norm_text": "키키 집에서는 못하는 운동이지?",
            "speaker": {
              "id": "1번",
              "sex": "여성",
              "age": "30대"
            },
            "speechAct": "(지시) 질문하기",
            "morpheme": "키/NNG+키/NNG+집/NNG+에서/JKB+는/JX+못/MAG+하/VV+는/ETM+운동/NNG+이/VCP+지/EF"
          },
          {
            "id": 15,
            "text": "2 : 집에서도 할 수 있는데 아마도 안 할껄?",
            "norm_text": "집에서도 할 수 있는데 아마도 안 할껄?",
            "speaker": {
              "id": "2번",
              "sex": "여성",
              "age": "20대"
            },
            "speechAct": "(지시) 질문하기",
            "morpheme": "집/NNG+에서/JKB+도/JX+할/VV+ETM+수/NNB+있/VV+는데/EC+아마도/MAG+안/MAG+할껄/VV+EF"
          },
          {
            "id": 16,
            "text": "1 : 키키 재밌는 운동도 안 하는디 ^^",
            "norm_text": "키키 재밌는 운동도 안 하는디 ^^",
            "speaker": {
              "id": "1번",
              "sex": "여성",
              "age": "30대"
            },
            "speechAct": "(단언) 주장하기",
            "morpheme": "키/NNG+키/XSV+ETN+재밌/VA+는/ETM+운동/NNG+도/JX+안/MAG+하/VV+는디/EC+^/SY+^/SY"
          },
          {
            "id": 17,
            "text": "2 : 집에서는 숨쉬기 운동이 국룰이지 키키",
            "norm_text": "집에서는 숨쉬기 운동이 국룰이지 키키",
            "speaker": {
              "id": "2번",
              "sex": "여성",
              "age": "20대"
            },
            "speechAct": "(단언) 주장하기",
            "morpheme": "집/NNG+에서/JKB+는/JX+숨쉬기/NNG+운동/NNG+이국/NNG+룰/NNG+이/VCP+지/EC+키/NNG+키/XSV+ETN"
          }
        ]
      }
    }
  ]
}