{
  "dataset": {
    "identifier": 63633,
    "name": "KAKAO_907_08_set",
    "src_path": "/data/file/cubeManager/PROJECT001/53/txt20211005154856069898/KAKAO_907_08_set/",
    "label_path": "/data/file/cubeManager/PROJECT001/53/txt20211005154856069898/KAKAO_907_08_set/",
    "category": 2,
    "type": 0
  },
  "licenses": {
    "name": "Apache License 1.0",
    "url": "http://www.apache.org/licenses/LICENSE-1.0"
  },
  "info": [
    {
      "id": 41725,
      "filename": "KAKAO_907_08.txt",
      "title": "KAKAO_907_08",
      "mediatype": "SNS",
      "medianame": "카카오톡",
      "category": "일상대화",
      "date": "2021-10-05",
      "size": 581,
      "annotations": {
        "subject": "연애/결혼",
        "speaker_type": "1:1",
        "size": 581,
        "word_size": 187,
        "text": "1 : 야 니 이번 주 사촌 언니 결혼식이랬지?\n2 : 어어 뭐 입고 가지? 진짜 큰일이네...\n1 : 그냥 무난하게 원피스나 셔츠에 슬랙스 입고 가면 되지 않음?\n2 : 그래도 멋 내고 싶단 말야 하하\n2 : 거기 잘생긴 사람 오면 어떡해\n1 : 키키 이미 다른 데 관심이 가있네? 키키\n1 : 축하나 해주러 가라고 키키\n2 : 근데 니라도 그럴 거잖아 솔직히 말해봐 봐\n1 : 당연하지^^ 키키 언니는 연애 결혼 하신 거?\n2 : 응응 대학생 때 만난 오빤데 쭉 연애하고 결혼까지 골인 ㅜㅜ\n1 : 멋지다... CC였던 거네?\n1 : 그럼 대학 생활 직장 생활까지 다 같이 한 거구나\n2 : 응 완전 로맨틱함 ㅜㅜ\n2 : 그런 사람 나도 만날 수 있을까?\n1 : 아마도... 언젠가는?\n1 : 이미 태어나기는 태어났겠지?\n2 : 키키 모르겠다 언니 말로는 ‘이 사람이랑 결혼하겠다’는 생각이 들었대\n1 : 진짜 그런 게 있긴 한가 보구나...\n1 : 같이 있으면 즐겁고 그런 느낌이겠지?\n2 : 그렇겠지 말 안 해도 알고 이런 느낌? 부럽당\n1 : 니도 간만에 친척들 만나고 맛있는 밥도 먹겠네!\n1 : 잘 갔다 와~\n2 : 그랭 나 옷 고르면 보여줄 테니까 어울리는지 봐줘",
        "lines": [
          {
            "id": 1,
            "text": "1 : 야 니 이번 주 사촌 언니 결혼식이랬지?",
            "norm_text": "야 니 이번 주 사촌 언니 결혼식이랬지?",
            "speaker": {
              "id": "1번",
              "sex": "여성",
              "age": "20대"
            },
            "speechAct": "(지시) 질문하기",
            "morpheme": "야/IC+니/MM+이번/NNG+주사/NNG+촌/NNG+언니/NNG+결혼식/NNG+이랬/VV+EP+지/EF"
          },
          {
            "id": 2,
            "text": "2 : 어어 뭐 입고 가지? 진짜 큰일이네...",
            "norm_text": "어어 뭐 입고 가지? 진짜 큰일이네...",
            "speaker": {
              "id": "2번",
              "sex": "여성",
              "age": "20대"
            },
            "speechAct": "(지시) 질문하기",
            "morpheme": "어/IC+어/IC+뭐/IC+입/VV+고/EC+가/VX+지/EF+진짜/MAG+큰일/NNG+이/VCP+네/EF+./SY"
          },
          {
            "id": 3,
            "text": "1 : 그냥 무난하게 원피스나 셔츠에 슬랙스 입고 가면 되지 않음?",
            "norm_text": "그냥 무난하게 원피스나 셔츠에 슬랙스 입고 가면 되지 않음?",
            "speaker": {
              "id": "1번",
              "sex": "여성",
              "age": "20대"
            },
            "speechAct": "(단언) 주장하기",
            "morpheme": "그냥/MAG+무난/XR+하/XSA+게/EC+원피스/NNG+나/JC+셔츠/NNG+에/JKB+슬랙스/NNG+입/VV+고/EC+가/VX+면/EC+되/VV+지/EC+않/VX+음/ETN"
          },
          {
            "id": 4,
            "text": "2 : 그래도 멋 내고 싶단 말야 하하",
            "norm_text": "그래도 멋 내고 싶단 말야 하하",
            "speaker": {
              "id": "2번",
              "sex": "여성",
              "age": "20대"
            },
            "speechAct": "(단언) 주장하기",
            "morpheme": "그래도/MAJ+멋/NNG+내/VV+고/EC+싶/VX+단/ETM+말/NNG+야/JX+하하/MAG"
          },
          {
            "id": 5,
            "text": "2 : 거기 잘생긴 사람 오면 어떡해",
            "norm_text": "거기 잘생긴 사람 오면 어떡해",
            "speaker": {
              "id": "2번",
              "sex": "여성",
              "age": "20대"
            },
            "speechAct": "(단언) 주장하기",
            "morpheme": "거기/NP+잘생긴/VA+ETM+사람/NNG+오/VV+면/EC+어떡/XR+해/XSA+EC"
          },
          {
            "id": 6,
            "text": "1 : 키키 이미 다른 데 관심이 가있네? 키키",
            "norm_text": "키키 이미 다른 데 관심이 가있네? 키키",
            "speaker": {
              "id": "1번",
              "sex": "여성",
              "age": "20대"
            },
            "speechAct": "(단언) 주장하기",
            "morpheme": "키/NNG+키/NNG+이미/MAG+다른/MM+데/NNB+관심/NNG+이/JKS+가/VV+EC+있/VX+네/EF+키/NNG+키/XSV+ETN"
          },
          {
            "id": 7,
            "text": "1 : 축하나 해주러 가라고 키키",
            "norm_text": "축하나 해주러 가라고 키키",
            "speaker": {
              "id": "1번",
              "sex": "여성",
              "age": "20대"
            },
            "speechAct": "(단언) 주장하기",
            "morpheme": "축하/NNG+나/JX+해/VV+EC+주/VX+러/EC+가/VX+라고/EC+키/NNG+키/XSV+ETN"
          },
          {
            "id": 8,
            "text": "2 : 근데 니라도 그럴 거잖아 솔직히 말해봐 봐",
            "norm_text": "근데 니라도 그럴 거잖아 솔직히 말해봐 봐",
            "speaker": {
              "id": "2번",
              "sex": "여성",
              "age": "20대"
            },
            "speechAct": "(단언) 주장하기",
            "morpheme": "근데/MAJ+니라/NNG+도/JX+그럴/VA+ETM+거/NNB+잖아/VCP+EC+VX+EC+솔직히/MAG+말/NNG+해/XSV+EC+봐/VX+EC+봐/VX+EC"
          },
          {
            "id": 9,
            "text": "1 : 당연하지^^ 키키 언니는 연애 결혼 하신 거?",
            "norm_text": "당연하지^^ 키키 언니는 연애 결혼 하신 거?",
            "speaker": {
              "id": "1번",
              "sex": "여성",
              "age": "20대"
            },
            "speechAct": "(지시) 질문하기",
            "morpheme": "당연/XR+하/XSA+지/EC+^/SY+^/SY+키/NNG+키/NNG+언니/NNG+는/JX+연애결혼/NNG+하/XSV+신/EP+ETM+거/NNB"
          },
          {
            "id": 10,
            "text": "2 : 응응 대학생 때 만난 오빤데 쭉 연애하고 결혼까지 골인 ㅜㅜ",
            "norm_text": "응응 대학생 때 만난 오빤데 쭉 연애하고 결혼까지 골인 ㅜㅜ",
            "speaker": {
              "id": "2번",
              "sex": "여성",
              "age": "20대"
            },
            "speechAct": "(단언) 진술하기",
            "morpheme": "응/IC+응/IC+대학생/NNG+때/NNG+만난/VV+ETM+오빤데/NNG+VCP+EC+쭉/MAG+연애/NNG+하/XSV+고/EC+결혼/NNG+까지/JX+골/NNG+인/VCP+ETM+ㅜㅜ/UNKNOWN"
          },
          {
            "id": 11,
            "text": "1 : 멋지다... CC였던 거네?",
            "norm_text": "멋지다... CC였던 거네?",
            "speaker": {
              "id": "1번",
              "sex": "여성",
              "age": "20대"
            },
            "speechAct": "(지시) 질문하기",
            "morpheme": "멋지/VA+다/EF+./SY+./SY+CC/SL+였/VCP+EP+던/ETM+거/NNB+네/VCP+EF"
          },
          {
            "id": 12,
            "text": "1 : 그럼 대학 생활 직장 생활까지 다 같이 한 거구나",
            "norm_text": "그럼 대학 생활 직장 생활까지 다 같이 한 거구나",
            "speaker": {
              "id": "1번",
              "sex": "여성",
              "age": "20대"
            },
            "speechAct": "(단언) 진술하기",
            "morpheme": "그럼/MAJ+대학/NNG+생활/NNG+직장/NNG+생활/NNG+까지/JX+다/MAG+같이/MAG+한/XSA+ETM+거/NNB+구나/VCP+EC"
          },
          {
            "id": 13,
            "text": "2 : 응 완전 로맨틱함 ㅜㅜ",
            "norm_text": "응 완전 로맨틱함 ㅜㅜ",
            "speaker": {
              "id": "2번",
              "sex": "여성",
              "age": "20대"
            },
            "speechAct": "(단언) 주장하기",
            "morpheme": "응/IC+완전/MAG+로맨틱/XR+함/XSA+ETN+ㅜㅜ/UNKNOWN"
          },
          {
            "id": 14,
            "text": "2 : 그런 사람 나도 만날 수 있을까?",
            "norm_text": "그런 사람 나도 만날 수 있을까?",
            "speaker": {
              "id": "2번",
              "sex": "여성",
              "age": "20대"
            },
            "speechAct": "(단언) 주장하기",
            "morpheme": "그런/MM+사람/NNG+나/NP+도/JX+만날/VV+ETM+수/NNB+있/VV+을까/EF"
          },
          {
            "id": 15,
            "text": "1 : 아마도... 언젠가는?",
            "norm_text": "아마도... 언젠가는?",
            "speaker": {
              "id": "1번",
              "sex": "여성",
              "age": "20대"
            },
            "speechAct": "(단언) 주장하기",
            "morpheme": "아마도/MAG+./SY+언젠가/MAG+는/JX"
          },
          {
            "id": 16,
            "text": "1 : 이미 태어나기는 태어났겠지?",
            "norm_text": "이미 태어나기는 태어났겠지?",
            "speaker": {
              "id": "1번",
              "sex": "여성",
              "age": "20대"
            },
            "speechAct": "(단언) 주장하기",
            "morpheme": "이미/MAG+태어나/VV+기/ETN+는/JX+태어났/VV+EP+겠/EP+지/EF"
          },
          {
            "id": 17,
            "text": "2 : 키키 모르겠다 언니 말로는 ‘이 사람이랑 결혼하겠다’는 생각이 들었대",
            "norm_text": "키키 모르겠다 언니 말로는 ‘이 사람이랑 결혼하겠다’는 생각이 들었대",
            "speaker": {
              "id": "2번",
              "sex": "여성",
              "age": "20대"
            },
            "speechAct": "(단언) 주장하기",
            "morpheme": "키/NNG+키/XSV+ETN+모르/VV+겠/EP+다/EC+언니/NNG+말/NNG+로/JKB+는/JX+‘/SY+이/JKS+사람/NNG+이랑/JKB+결혼/NNG+하/XSV+겠/EP+다/EC+’/SY+는/JX+생각/NNG+이/JKS+들/VV+었/EP+대/EC"
          },
          {
            "id": 18,
            "text": "1 : 진짜 그런 게 있긴 한가 보구나...",
            "norm_text": "진짜 그런 게 있긴 한가 보구나...",
            "speaker": {
              "id": "1번",
              "sex": "여성",
              "age": "20대"
            },
            "speechAct": "(단언) 주장하기",
            "morpheme": "진짜/MAG+그런/MM+게/NNB+JKS+있/VA+긴/ETN+JX+한가/VX+EC+보/VX+구나/EF+./SY"
          },
          {
            "id": 19,
            "text": "1 : 같이 있으면 즐겁고 그런 느낌이겠지?",
            "norm_text": "같이 있으면 즐겁고 그런 느낌이겠지?",
            "speaker": {
              "id": "1번",
              "sex": "여성",
              "age": "20대"
            },
            "speechAct": "(단언) 주장하기",
            "morpheme": "같이/MAG+있/VV+으면/EC+즐겁/VA+고/EC+그런/MM+느낌/NNG+이/VCP+겠/EP+지/EF"
          },
          {
            "id": 20,
            "text": "2 : 그렇겠지 말 안 해도 알고 이런 느낌? 부럽당",
            "norm_text": "그렇겠지 말 안 해도 알고 이런 느낌? 부럽당",
            "speaker": {
              "id": "2번",
              "sex": "여성",
              "age": "20대"
            },
            "speechAct": "(단언) 주장하기",
            "morpheme": "그렇/VA+겠/EP+지/EC+말/NNG+안/MAG+해도/VV+EC+알/VV+고/EC+이런/MM+느낌/NNG+부럽/VA+당/EF"
          },
          {
            "id": 21,
            "text": "1 : 니도 간만에 친척들 만나고 맛있는 밥도 먹겠네!",
            "norm_text": "니도 간만에 친척들 만나고 맛있는 밥도 먹겠네!",
            "speaker": {
              "id": "1번",
              "sex": "여성",
              "age": "20대"
            },
            "speechAct": "(단언) 주장하기",
            "morpheme": "니/NP+도/JX+간/VV+ETM+만/NNB+에/JKB+친척/NNG+들/XSN+만나/VV+고/EC+맛있/VA+는/ETM+밥/NNG+도/JX+먹/VV+겠/EP+네/EF"
          },
          {
            "id": 22,
            "text": "1 : 잘 갔다 와~",
            "norm_text": "잘 갔다 와~",
            "speaker": {
              "id": "1번",
              "sex": "여성",
              "age": "20대"
            },
            "speechAct": "(단언) 주장하기",
            "morpheme": "잘/MAG+갔다와/VV+EC+~/SY"
          },
          {
            "id": 23,
            "text": "2 : 그랭 나 옷 고르면 보여줄 테니까 어울리는지 봐줘",
            "norm_text": "그랭 나 옷 고르면 보여줄 테니까 어울리는지 봐줘",
            "speaker": {
              "id": "2번",
              "sex": "여성",
              "age": "20대"
            },
            "speechAct": "(단언) 주장하기",
            "morpheme": "그/MM+랭/NNG+나/VV+옷/EC+고르/VV+면/EC+보여줄테/VV+EC+VX+ETM+NNB+VCP+니까/EC+어울리/VV+는지/EC+봐/VX+EC+줘/VX+EC"
          }
        ]
      }
    }
  ]
}