{
  "dataset": {
    "identifier": 56731,
    "name": "KAKAO_913_09_set",
    "src_path": "/data/file/cubeManager/PROJECT001/53/txt20211005161416013837/KAKAO_913_09_set/",
    "label_path": "/data/file/cubeManager/PROJECT001/53/txt20211005161416013837/KAKAO_913_09_set/",
    "category": 2,
    "type": 0
  },
  "licenses": {
    "name": "Apache License 1.0",
    "url": "http://www.apache.org/licenses/LICENSE-1.0"
  },
  "info": [
    {
      "id": 42006,
      "filename": "KAKAO_913_09.txt",
      "title": "KAKAO_913_09",
      "mediatype": "SNS",
      "medianame": "카카오톡",
      "category": "일상대화",
      "date": "2021-10-05",
      "size": 387,
      "annotations": {
        "subject": "반려동물",
        "speaker_type": "1:1",
        "size": 387,
        "word_size": 131,
        "text": "1 : 언니 예전에 또래오래 치킨 먹어봤어?\n2 : 당연하지 키키 거기 피자도 팔 텐데\n1 : 거기서 주는 씨몽키 키워봤어? 키키\n2 : 에엥 거기서 씨몽키를 줬어?\n1 : 그럼 키키 나는 어릴 때 그거 키워 봤지\n2 : 와 그거 어떻게 키우는 거야?\n1 : 그냥 물에다가 새우 분말 풀던데?\n2 : 그건 그럼 살아있는 새우인 거야?\n1 : 새우가 나중에 자란다고 하는데 잘 모르겠어 키키\n2 : 분말이 알인 건가? 키키\n1 : 응 그런 것 같아 키키\n1 : 근데 일주일 만에 죽더라\n2 : 잘 키웠어야지 왜 죽였어 ㅠㅠ\n1 : 그러게 나도 잘 키워서 새우구이가 될 줄 알았지 ㅠㅠ\n2 : 대하는 돈 주고 사 먹는 걸로 하자 키키\n1 : 맞아 키키 그거 그래도 꽤 신선한 경험이었어\n2 : 그래도 좋은 추억이 생겼네 하하",
        "lines": [
          {
            "id": 1,
            "text": "1 : 언니 예전에 또래오래 치킨 먹어봤어?",
            "norm_text": "언니 예전에 또래오래 치킨 먹어봤어?",
            "speaker": {
              "id": "1번",
              "sex": "여성",
              "age": "20대"
            },
            "speechAct": "(지시) 질문하기",
            "morpheme": "언니/NNG+예전/NNG+에/JKB+또래/NNG+오래/MAG+치킨/NNG+먹/VV+어/EC+봤/VX+EP+어/EF"
          },
          {
            "id": 2,
            "text": "2 : 당연하지 키키 거기 피자도 팔 텐데",
            "norm_text": "당연하지 키키 거기 피자도 팔 텐데",
            "speaker": {
              "id": "2번",
              "sex": "여성",
              "age": "20대"
            },
            "speechAct": "(단언) 주장하기",
            "morpheme": "당연/XR+하/XSA+지/EC+키/NNG+키/XSV+ETN+거기/NP+피자/NNG+도/JX+팔/VV+ETM+텐데/NNB+VCP+EC"
          },
          {
            "id": 3,
            "text": "1 : 거기서 주는 씨몽키 키워봤어? 키키",
            "norm_text": "거기서 주는 씨몽키 키워봤어? 키키",
            "speaker": {
              "id": "1번",
              "sex": "여성",
              "age": "20대"
            },
            "speechAct": "(지시) 질문하기",
            "morpheme": "거기/NP+서/JKB+주/VV+는/ETM+씨몽키/NNP+키워/VV+EC+봤/VX+EP+어/EF+키/NNG+키/XSV+ETN"
          },
          {
            "id": 4,
            "text": "2 : 에엥 거기서 씨몽키를 줬어?",
            "norm_text": "에엥 거기서 씨몽키를 줬어?",
            "speaker": {
              "id": "2번",
              "sex": "여성",
              "age": "20대"
            },
            "speechAct": "(지시) 질문하기",
            "morpheme": "에엥/IC+거기/NP+서/JKB+씨몽키/NNP+를/JKO+줬/VV+EP+어/EF"
          },
          {
            "id": 5,
            "text": "1 : 그럼 키키 나는 어릴 때 그거 키워 봤지",
            "norm_text": "그럼 키키 나는 어릴 때 그거 키워 봤지",
            "speaker": {
              "id": "1번",
              "sex": "여성",
              "age": "20대"
            },
            "speechAct": "(단언) 진술하기",
            "morpheme": "그럼/MAJ+키/NNG+키나/XSA+ETN+JX+는/JX+어릴/VA+ETM+때/NNG+그거/NP+키워/VV+EC+봤/VX+EP+지/EC"
          },
          {
            "id": 6,
            "text": "2 : 와 그거 어떻게 키우는 거야?",
            "norm_text": "와 그거 어떻게 키우는 거야?",
            "speaker": {
              "id": "2번",
              "sex": "여성",
              "age": "20대"
            },
            "speechAct": "(지시) 질문하기",
            "morpheme": "와/IC+그거/NP+어떻게/MAG+키우/VV+는/ETM+거/NNB+야/VCP+EF"
          },
          {
            "id": 7,
            "text": "1 : 그냥 물에다가 새우 분말 풀던데?",
            "norm_text": "그냥 물에다가 새우 분말 풀던데?",
            "speaker": {
              "id": "1번",
              "sex": "여성",
              "age": "20대"
            },
            "speechAct": "(단언) 진술하기",
            "morpheme": "그냥/MAG+물/NNG+에다가/JKB+새/MM+우분/NNG+말풀/NNG+던데/VCP+EF"
          },
          {
            "id": 8,
            "text": "2 : 그건 그럼 살아있는 새우인 거야?",
            "norm_text": "그건 그럼 살아있는 새우인 거야?",
            "speaker": {
              "id": "2번",
              "sex": "여성",
              "age": "20대"
            },
            "speechAct": "(지시) 질문하기",
            "morpheme": "그건/NP+JX+그럼/MAJ+살/VV+아/EC+있/VX+는/ETM+새우/NNG+인/VCP+ETM+거/NNB+야/VCP+EF"
          },
          {
            "id": 9,
            "text": "1 : 새우가 나중에 자란다고 하는데 잘 모르겠어 키키",
            "norm_text": "새우가 나중에 자란다고 하는데 잘 모르겠어 키키",
            "speaker": {
              "id": "1번",
              "sex": "여성",
              "age": "20대"
            },
            "speechAct": "(단언) 주장하기",
            "morpheme": "새우/NNG+가/JKS+나중/NNG+에/JKB+자란다고/VV+EC+하/VV+는데/EC+잘/MAG+모르/VV+겠/EP+어/EC+키/NNG+키/XSV+ETN"
          },
          {
            "id": 10,
            "text": "2 : 분말이 알인 건가? 키키",
            "norm_text": "분말이 알인 건가? 키키",
            "speaker": {
              "id": "2번",
              "sex": "여성",
              "age": "20대"
            },
            "speechAct": "(지시) 질문하기",
            "morpheme": "분말/NNG+이/JKS+알/NNG+인/VCP+ETM+건가/NNB+VCP+EF+키/NNG+키/XSV+ETN"
          },
          {
            "id": 11,
            "text": "1 : 응 그런 것 같아 키키",
            "norm_text": "응 그런 것 같아 키키",
            "speaker": {
              "id": "1번",
              "sex": "여성",
              "age": "20대"
            },
            "speechAct": "(단언) 주장하기",
            "morpheme": "응/IC+그런/MM+것/NNB+같/VA+아/EC+키/NNG+키/XSV+ETN"
          },
          {
            "id": 12,
            "text": "1 : 근데 일주일 만에 죽더라",
            "norm_text": "근데 일주일 만에 죽더라",
            "speaker": {
              "id": "1번",
              "sex": "여성",
              "age": "20대"
            },
            "speechAct": "(단언) 진술하기",
            "morpheme": "근데/MAJ+일/NR+주일/NNBC+만/NNB+에/JKB+죽/VV+더라/EC"
          },
          {
            "id": 13,
            "text": "2 : 잘 키웠어야지 왜 죽였어 ㅠㅠ",
            "norm_text": "잘 키웠어야지 왜 죽였어 ㅠㅠ",
            "speaker": {
              "id": "2번",
              "sex": "여성",
              "age": "20대"
            },
            "speechAct": "(단언) 주장하기",
            "morpheme": "잘/MAG+키웠/VV+EP+어야지/EF+왜/MAG+죽였/VV+EP+어/EF+ㅠㅠ/UNKNOWN"
          },
          {
            "id": 14,
            "text": "1 : 그러게 나도 잘 키워서 새우구이가 될 줄 알았지 ㅠㅠ",
            "norm_text": "그러게 나도 잘 키워서 새우구이가 될 줄 알았지 ㅠㅠ",
            "speaker": {
              "id": "1번",
              "sex": "여성",
              "age": "20대"
            },
            "speechAct": "(단언) 주장하기",
            "morpheme": "그러게/IC+나/NP+도/JX+잘/MAG+키워서/VV+EC+새우구이/NNG+가/JKS+될/VV+ETM+줄/NNB+알/VV+았/EP+지/EF+ㅠㅠ/UNKNOWN"
          },
          {
            "id": 15,
            "text": "2 : 대하는 돈 주고 사 먹는 걸로 하자 키키",
            "norm_text": "대하는 돈 주고 사 먹는 걸로 하자 키키",
            "speaker": {
              "id": "2번",
              "sex": "여성",
              "age": "20대"
            },
            "speechAct": "(단언) 주장하기",
            "morpheme": "대하/VV+는/ETM+돈/NNG+주/VV+고/EC+사먹/VV+는/ETM+걸로/NNB+JKB+하/VV+자/EC+키/NNG+키/XSV+ETN"
          },
          {
            "id": 16,
            "text": "1 : 맞아 키키 그거 그래도 꽤 신선한 경험이었어",
            "norm_text": "맞아 키키 그거 그래도 꽤 신선한 경험이었어",
            "speaker": {
              "id": "1번",
              "sex": "여성",
              "age": "20대"
            },
            "speechAct": "(단언) 진술하기",
            "morpheme": "맞/VV+아/EC+키/NNG+키/XSV+ETN+그거/NP+그래도/VV+EC+꽤/MAG+신선/XR+한/XSA+ETM+경험/NNG+이/VCP+었/EP+어/EC"
          },
          {
            "id": 17,
            "text": "2 : 그래도 좋은 추억이 생겼네 하하",
            "norm_text": "그래도 좋은 추억이 생겼네 하하",
            "speaker": {
              "id": "2번",
              "sex": "여성",
              "age": "20대"
            },
            "speechAct": "(단언) 주장하기",
            "morpheme": "그래도/MAJ+좋/VA+은/ETM+추억/NNG+이/JKS+생겼/VV+EP+네/EF+하하/MAG"
          }
        ]
      }
    }
  ]
}