{
  "dataset": {
    "identifier": 63425,
    "name": "KAKAO_911_13_set",
    "src_path": "/data/file/cubeManager/PROJECT001/53/txt20211005154123071668/KAKAO_911_13_set/",
    "label_path": "/data/file/cubeManager/PROJECT001/53/txt20211005154123071668/KAKAO_911_13_set/",
    "category": 2,
    "type": 0
  },
  "licenses": {
    "name": "Apache License 1.0",
    "url": "http://www.apache.org/licenses/LICENSE-1.0"
  },
  "info": [
    {
      "id": 41610,
      "filename": "KAKAO_911_13.txt",
      "title": "KAKAO_911_13",
      "mediatype": "SNS",
      "medianame": "카카오톡",
      "category": "일상대화",
      "date": "2021-10-05",
      "size": 516,
      "annotations": {
        "subject": "계절/날씨",
        "speaker_type": "1:1",
        "size": 516,
        "word_size": 165,
        "text": "1 : 태풍이 오기는 오려나 보네\n2 : 퇴근할 때 직장 동료가 일기예보 보여주던데 오사카 직격이던데 ㅜㅜ\n1 : 헐 부산도 오늘 밤부터 비 오고 내일 태풍 영향권이라 하던데\n2 : 하지만 난 은둔형 외톨이라 태풍 따위 상관없지 ㅎ\n1 : 출근 안 함? 키키 여름에도 안 오던 태풍이 추석 앞두고 뭐여\n2 : 아 출근... 태풍 오면 좀 재택 근무 시켜주지 귀찮게 ㅜㅜ\n1 : 그니까 출근할 때 태풍 오면 비 오고 바람 불고 싫다 ㅠㅠ\n2 : 꿉꿉하면 찝찝하고 움직이기 싫은데 ㅜㅜ\n1 : 태풍 지나가고 나면 레알 가을이겠네\n2 : 다음 주부터 좀 선선해지려나? 이제 출퇴근 길에 땀 좀 그만 흘리고 싶다\n1 : 나는 가을 진짜 많이 타는데 ㅜㅜ\n2 : 가을에 약간 기분 다운되고 그럼?\n1 : 어 ㅠㅠ 가을 되면 쓸쓸하고 노래 들어도 눈물이 주르르\n2 : 헝... 난 둔해서 그런 거 잘 모르겠던데... 오히려 봄이 더 쓸쓸함 ㅜㅜ\n1 : 여름을 좋아해서 아쉬운 거 같기도 하고\n2 : 이번 여름에 어디 놀러 갔나? 코로나 때문에 아무데도 못 감?",
        "lines": [
          {
            "id": 1,
            "text": "1 : 태풍이 오기는 오려나 보네",
            "norm_text": "태풍이 오기는 오려나 보네",
            "speaker": {
              "id": "1번",
              "sex": "여성",
              "age": "30대"
            },
            "speechAct": "(단언) 주장하기",
            "morpheme": "태풍/NNG+이/JKS+오/VV+기/ETN+는/JX+오/VV+려나/EC+보/VX+네/EC"
          },
          {
            "id": 2,
            "text": "2 : 퇴근할 때 직장 동료가 일기예보 보여주던데 오사카 직격이던데 ㅜㅜ",
            "norm_text": "퇴근할 때 직장 동료가 일기예보 보여주던데 오사카 직격이던데 ㅜㅜ",
            "speaker": {
              "id": "2번",
              "sex": "남성",
              "age": "30대"
            },
            "speechAct": "(단언) 진술하기",
            "morpheme": "퇴근/NNG+할/XSV+ETM+때/NNG+직장/NNG+동료/NNG+가/JKS+일기/NNG+예보/NNG+보여/VV+EC+주/VX+던데/EC+오사카/NNP+직격/NNG+이/JKS+던데/VV+EC+ㅜㅜ/UNKNOWN"
          },
          {
            "id": 3,
            "text": "1 : 헐 부산도 오늘 밤부터 비 오고 내일 태풍 영향권이라 하던데",
            "norm_text": "헐 부산도 오늘 밤부터 비 오고 내일 태풍 영향권이라 하던데",
            "speaker": {
              "id": "1번",
              "sex": "여성",
              "age": "30대"
            },
            "speechAct": "(단언) 진술하기",
            "morpheme": "헐/IC+부산/NNP+도/JX+오늘/MAG+밤/NNG+부터/JX+비오/VV+고/EC+내일/MAG+태풍/NNG+영향/NNG+권/XSN+이/VCP+라/EC+하/VV+던데/EC"
          },
          {
            "id": 4,
            "text": "2 : 하지만 난 은둔형 외톨이라 태풍 따위 상관없지 ㅎ",
            "norm_text": "하지만 난 은둔형 외톨이라 태풍 따위 상관없지 ㅎ",
            "speaker": {
              "id": "2번",
              "sex": "남성",
              "age": "30대"
            },
            "speechAct": "(단언) 주장하기",
            "morpheme": "하지만/MAJ+난/NP+JX+은둔/NNG+형/XSN+외톨/NNG+이/VCP+라/EC+태풍/NNG+따위/NNB+상관없/VA+지/EF+ㅎ/XSA"
          },
          {
            "id": 5,
            "text": "1 : 출근 안 함? 키키 여름에도 안 오던 태풍이 추석 앞두고 뭐여",
            "norm_text": "출근 안 함? 키키 여름에도 안 오던 태풍이 추석 앞두고 뭐여",
            "speaker": {
              "id": "1번",
              "sex": "여성",
              "age": "30대"
            },
            "speechAct": "(단언) 주장하기",
            "morpheme": "출근/NNG+안/MAG+함/VV+ETN+키/NNG+키/NNG+여름/NNG+에/JKB+도/JX+안/MAG+오/VV+던/ETM+태풍/NNG+이/JKS+추석/NNG+앞두/VV+고/EC+뭐/IC+여/NNG"
          },
          {
            "id": 6,
            "text": "2 : 아 출근... 태풍 오면 좀 재택 근무 시켜주지 귀찮게 ㅜㅜ",
            "norm_text": "아 출근... 태풍 오면 좀 재택 근무 시켜주지 귀찮게 ㅜㅜ",
            "speaker": {
              "id": "2번",
              "sex": "남성",
              "age": "30대"
            },
            "speechAct": "(단언) 주장하기",
            "morpheme": "아/IC+출근/NNG+./SY+./SY+태풍/NNG+오/VV+면/EC+좀/MAG+재택근무/NNG+시켜/XSV+EC+주/VX+지/EC+귀찮/VA+게/EC+ㅜㅜ/UNKNOWN"
          },
          {
            "id": 7,
            "text": "1 : 그니까 출근할 때 태풍 오면 비 오고 바람 불고 싫다 ㅠㅠ",
            "norm_text": "그니까 출근할 때 태풍 오면 비 오고 바람 불고 싫다 ㅠㅠ",
            "speaker": {
              "id": "1번",
              "sex": "여성",
              "age": "30대"
            },
            "speechAct": "(단언) 주장하기",
            "morpheme": "그니까/MAJ+출근/NNG+할/XSV+ETM+때/NNG+태풍/NNG+오/VV+면/EC+비오/VV+고/EC+바람/NNG+불/VV+고/EC+싫/VA+다/EF+ㅠㅠ/UNKNOWN"
          },
          {
            "id": 8,
            "text": "2 : 꿉꿉하면 찝찝하고 움직이기 싫은데 ㅜㅜ",
            "norm_text": "꿉꿉하면 찝찝하고 움직이기 싫은데 ㅜㅜ",
            "speaker": {
              "id": "2번",
              "sex": "남성",
              "age": "30대"
            },
            "speechAct": "(단언) 주장하기",
            "morpheme": "꿉꿉/XR+하/XSA+면/EC+찝찝/XR+하/XSA+고/EC+움직이/VV+기/ETN+싫/VA+은데/EC+ㅜㅜ/UNKNOWN"
          },
          {
            "id": 9,
            "text": "1 : 태풍 지나가고 나면 레알 가을이겠네",
            "norm_text": "태풍 지나가고 나면 레알 가을이겠네",
            "speaker": {
              "id": "1번",
              "sex": "여성",
              "age": "30대"
            },
            "speechAct": "(단언) 주장하기",
            "morpheme": "태풍/NNG+지나가/VV+고/EC+나/VX+면/EC+레알/MAG+가을/NNG+이/VCP+겠/EP+네/EF"
          },
          {
            "id": 10,
            "text": "2 : 다음 주부터 좀 선선해지려나? 이제 출퇴근 길에 땀 좀 그만 흘리고 싶다",
            "norm_text": "다음 주부터 좀 선선해지려나? 이제 출퇴근 길에 땀 좀 그만 흘리고 싶다",
            "speaker": {
              "id": "2번",
              "sex": "남성",
              "age": "30대"
            },
            "speechAct": "(단언) 주장하기",
            "morpheme": "다음/NNG+주/NNG+부터/JX+좀/MAG+선선/NNG+해/XSV+EC+지/VX+려나/EF+이제/MAG+출퇴근길/NNG+에/JKB+땀/NNG+좀/MAG+그만/MAG+흘리/VV+고/EC+싶/VX+다/EC"
          },
          {
            "id": 11,
            "text": "1 : 나는 가을 진짜 많이 타는데 ㅜㅜ",
            "norm_text": "나는 가을 진짜 많이 타는데 ㅜㅜ",
            "speaker": {
              "id": "1번",
              "sex": "여성",
              "age": "30대"
            },
            "speechAct": "(단언) 주장하기",
            "morpheme": "나/NP+는/JX+가을/NNG+진짜/MAG+많이/MAG+타/VV+는데/EC+ㅜㅜ/UNKNOWN"
          },
          {
            "id": 12,
            "text": "2 : 가을에 약간 기분 다운되고 그럼?",
            "norm_text": "가을에 약간 기분 다운되고 그럼?",
            "speaker": {
              "id": "2번",
              "sex": "남성",
              "age": "30대"
            },
            "speechAct": "(지시) 질문하기",
            "morpheme": "가을/NNG+에/JKB+약간/MAG+기분/NNG+다운/XSA+ETM+되/VV+고/EC+그럼/MAJ"
          },
          {
            "id": 13,
            "text": "1 : 어 ㅠㅠ 가을 되면 쓸쓸하고 노래 들어도 눈물이 주르르",
            "norm_text": "어 ㅠㅠ 가을 되면 쓸쓸하고 노래 들어도 눈물이 주르르",
            "speaker": {
              "id": "1번",
              "sex": "여성",
              "age": "30대"
            },
            "speechAct": "(단언) 진술하기",
            "morpheme": "어/IC+ㅠㅠ/UNKNOWN+가을/NNG+되/XSV+면/EC+쓸쓸/XR+하/XSA+고/EC+노래/NNG+들/XSN+어도/JX+눈물/NNG+이/JKS+주르르/MAG"
          },
          {
            "id": 14,
            "text": "2 : 헝... 난 둔해서 그런 거 잘 모르겠던데... 오히려 봄이 더 쓸쓸함 ㅜㅜ",
            "norm_text": "헝... 난 둔해서 그런 거 잘 모르겠던데... 오히려 봄이 더 쓸쓸함 ㅜㅜ",
            "speaker": {
              "id": "2번",
              "sex": "남성",
              "age": "30대"
            },
            "speechAct": "(단언) 주장하기",
            "morpheme": "헝/MAG+./SY+난/NP+JX+둔/XR+해서/XSA+EC+그런/MM+거/NNB+잘/MAG+모르/VV+겠/EP+던데/EF+./SY+오히려/MAJ+봄/NNG+이/JKS+더/MAG+쓸쓸/XR+함/XSA+ETN+ㅜㅜ/UNKNOWN"
          },
          {
            "id": 15,
            "text": "1 : 여름을 좋아해서 아쉬운 거 같기도 하고",
            "norm_text": "여름을 좋아해서 아쉬운 거 같기도 하고",
            "speaker": {
              "id": "1번",
              "sex": "여성",
              "age": "30대"
            },
            "speechAct": "(단언) 주장하기",
            "morpheme": "여름/NNG+을/JKO+좋/VA+아/EC+해서/VV+EC+아쉬운/VA+ETM+거/NNB+같/VA+기/ETN+도/JX+하/VV+고/EC"
          },
          {
            "id": 16,
            "text": "2 : 이번 여름에 어디 놀러 갔나? 코로나 때문에 아무데도 못 감?",
            "norm_text": "이번 여름에 어디 놀러 갔나? 코로나 때문에 아무데도 못 감?",
            "speaker": {
              "id": "2번",
              "sex": "남성",
              "age": "30대"
            },
            "speechAct": "(지시) 질문하기",
            "morpheme": "이번/NNG+여름/NNG+에/JKB+어디/NP+놀러갔/VV+EP+나/EF+코로나/NNG+때문/NNB+에/JKB+아무데/NP+도/JX+못/MAG+감/VV+ETN"
          }
        ]
      }
    }
  ]
}