{
  "dataset": {
    "identifier": 63834,
    "name": "KAKAO_901_09_set",
    "src_path": "/data/file/cubeManager/PROJECT001/53/txt20211005153438078997/KAKAO_901_09_set/",
    "label_path": "/data/file/cubeManager/PROJECT001/53/txt20211005153438078997/KAKAO_901_09_set/",
    "category": 2,
    "type": 0
  },
  "licenses": {
    "name": "Apache License 1.0",
    "url": "http://www.apache.org/licenses/LICENSE-1.0"
  },
  "info": [
    {
      "id": 41486,
      "filename": "KAKAO_901_09.txt",
      "title": "KAKAO_901_09",
      "mediatype": "SNS",
      "medianame": "카카오톡",
      "category": "일상대화",
      "date": "2021-10-05",
      "size": 453,
      "annotations": {
        "subject": "반려동물",
        "speaker_type": "1:1",
        "size": 453,
        "word_size": 149,
        "text": "1 : 나중에 큰 강아지 키우고 마당 있는 집에 살고 싶음\n2 : 오 좋죠 키키 저도 마당 있는 집에 살고 싶어요\n1 : 키키 진짜 그런 집에 살려면 돈을 얼마나 모아야 하는 거야\n2 : 그러게 말이에요 근데 요새 집 뭐 다 대출이죠 ㅠㅠ\n1 : 맞아 대출이지 키키 일단 뭐라도 내 집 사야 하는데\n2 : 그니깐요 근데 너무 비싸니깐 그것도 문제\n1 : 키키 진짜 키키 공동체로 같이 살래 키키\n2 : 키키 오 그건 누나가 싫어하지 않을까요\n1 : 키키 왜 **이도 같이 모여 사는 거 좋아함 키키\n2 : 진짜요? 키키 누나가 확실히 동의한 부분인가요\n1 : 키키 그럴걸? 오늘 다시 브리핑을 해볼게 키키\n2 : 키키 브리핑 성공하길 바라볼게요\n1 : 키키 응 혼나지는 않겠지? 키키\n2 : 아마 혼날 것 같아요 키키 저는 빠질게요\n1 : 키키 안 돼... 니가 말했다고 할 건데 키키\n2 : 오... 저는 발을 빼기로 했다고 전해둘게요",
        "lines": [
          {
            "id": 1,
            "text": "1 : 나중에 큰 강아지 키우고 마당 있는 집에 살고 싶음",
            "norm_text": "나중에 큰 강아지 키우고 마당 있는 집에 살고 싶음",
            "speaker": {
              "id": "1번",
              "sex": "남성",
              "age": "20대"
            },
            "speechAct": "(단언) 주장하기",
            "morpheme": "나중/NNG+에/JKB+큰/VA+ETM+강아지/NNG+키우/VV+고/EC+마당/JX+있/VX+는/ETM+집/NNG+에/JKB+살/VV+고/EC+싶/VX+음/ETN"
          },
          {
            "id": 2,
            "text": "2 : 오 좋죠 키키 저도 마당 있는 집에 살고 싶어요",
            "norm_text": "오 좋죠 키키 저도 마당 있는 집에 살고 싶어요",
            "speaker": {
              "id": "2번",
              "sex": "남성",
              "age": "20대"
            },
            "speechAct": "(단언) 주장하기",
            "morpheme": "오/NR+좋/VA+죠/EF+키/NNG+키저/NNG+도/JX+마당/NNG+있/VA+는/ETM+집/NNG+에/JKB+살/VV+고/EC+싶/VX+어요/EF"
          },
          {
            "id": 3,
            "text": "1 : 키키 진짜 그런 집에 살려면 돈을 얼마나 모아야 하는 거야",
            "norm_text": "키키 진짜 그런 집에 살려면 돈을 얼마나 모아야 하는 거야",
            "speaker": {
              "id": "1번",
              "sex": "남성",
              "age": "20대"
            },
            "speechAct": "(지시) 질문하기",
            "morpheme": "키/NNG+키/XSV+ETN+진짜/MAG+그런/MM+집/NNG+에/JKB+살/VV+려면/EC+돈/NNG+을/JKO+얼마나/MAG+모아야/VV+EC+하/VV+는/ETM+거/NNB+야/VCP+EF"
          },
          {
            "id": 4,
            "text": "2 : 그러게 말이에요 근데 요새 집 뭐 다 대출이죠 ㅠㅠ",
            "norm_text": "그러게 말이에요 근데 요새 집 뭐 다 대출이죠 ㅠㅠ",
            "speaker": {
              "id": "2번",
              "sex": "남성",
              "age": "20대"
            },
            "speechAct": "(단언) 진술하기",
            "morpheme": "그러/VV+게/EC+말/NNG+이/VCP+에요/EF+근데/MAJ+요새/MAG+집/NNG+뭐/IC+다/MAG+대출/NNG+이/VCP+죠/EF+ㅠㅠ/UNKNOWN"
          },
          {
            "id": 5,
            "text": "1 : 맞아 대출이지 키키 일단 뭐라도 내 집 사야 하는데",
            "norm_text": "맞아 대출이지 키키 일단 뭐라도 내 집 사야 하는데",
            "speaker": {
              "id": "1번",
              "sex": "남성",
              "age": "20대"
            },
            "speechAct": "(단언) 주장하기",
            "morpheme": "맞/VV+아/EC+대출/NNG+이/VCP+지/EC+키/NNG+키/XSV+ETN+일단/MAG+뭐/NP+라도/JX+내/NP+JKG+집사/NNG+야/VCP+EF+하/VV+는데/EC"
          },
          {
            "id": 6,
            "text": "2 : 그니깐요 근데 너무 비싸니깐 그것도 문제",
            "norm_text": "그니깐요 근데 너무 비싸니깐 그것도 문제",
            "speaker": {
              "id": "2번",
              "sex": "남성",
              "age": "20대"
            },
            "speechAct": "(단언) 주장하기",
            "morpheme": "그니깐/MAJ+요/JX+근데/MAJ+너무/MAG+비싸/VA+니깐/EC+그것/NP+도/JX+문제/NNG"
          },
          {
            "id": 7,
            "text": "1 : 키키 진짜 키키 공동체로 같이 살래 키키",
            "norm_text": "키키 진짜 키키 공동체로 같이 살래 키키",
            "speaker": {
              "id": "1번",
              "sex": "남성",
              "age": "20대"
            },
            "speechAct": "(지시) 질문하기",
            "morpheme": "키/NNG+키/XSV+ETN+진짜/MAG+키/NNG+키/NNG+공동체/NNG+로/JKB+같이/MAG+살래/VV+EC+키/NNG+키/XSV+ETN"
          },
          {
            "id": 8,
            "text": "2 : 키키 오 그건 누나가 싫어하지 않을까요",
            "norm_text": "키키 오 그건 누나가 싫어하지 않을까요",
            "speaker": {
              "id": "2번",
              "sex": "남성",
              "age": "20대"
            },
            "speechAct": "(지시) 질문하기",
            "morpheme": "키/NNG+키/XSV+ETN+오/JC+그건/NP+JX+누나/NNG+가/JKS+싫/VA+어/EC+하/VV+지/EC+않/VX+을까요/EC"
          },
          {
            "id": 9,
            "text": "1 : 키키 왜 **이도 같이 모여 사는 거 좋아함 키키",
            "norm_text": "키키 왜 **이도 같이 모여 사는 거 좋아함 키키",
            "speaker": {
              "id": "1번",
              "sex": "남성",
              "age": "20대"
            },
            "speechAct": "(단언) 주장하기",
            "morpheme": "키/NNG+키/XSV+ETN+왜/MAG+*/SY+*/SY+이/NP+도/JX+같이/MAG+모여사/VV+EC+VV+는/ETM+거/NNB+좋/VA+아함/IC+ETN+키/NNG+키/XSV+ETN"
          },
          {
            "id": 10,
            "text": "2 : 진짜요? 키키 누나가 확실히 동의한 부분인가요",
            "norm_text": "진짜요? 키키 누나가 확실히 동의한 부분인가요",
            "speaker": {
              "id": "2번",
              "sex": "남성",
              "age": "20대"
            },
            "speechAct": "(지시) 질문하기",
            "morpheme": "진짜/MAG+요/JX+키/NNG+키/NNG+누나/NNG+가/JKS+확실히/MAG+동의/NNG+한/XSA+ETM+부분/NNG+인가요/VCP+EC"
          },
          {
            "id": 11,
            "text": "1 : 키키 그럴걸? 오늘 다시 브리핑을 해볼게 키키",
            "norm_text": "키키 그럴걸? 오늘 다시 브리핑을 해볼게 키키",
            "speaker": {
              "id": "1번",
              "sex": "남성",
              "age": "20대"
            },
            "speechAct": "(단언) 주장하기",
            "morpheme": "키/NNG+키/XSV+ETN+그럴걸/VV+EF+오늘/MAG+다시/MAG+브리핑/NNG+을/JKO+해/VV+EC+볼/VX+ETM+게/NNB+JKS+키/NNG+키/XSV+ETN"
          },
          {
            "id": 12,
            "text": "2 : 키키 브리핑 성공하길 바라볼게요",
            "norm_text": "키키 브리핑 성공하길 바라볼게요",
            "speaker": {
              "id": "2번",
              "sex": "남성",
              "age": "20대"
            },
            "speechAct": "(단언) 주장하기",
            "morpheme": "키/NNG+키/NNG+브리핑/NNG+성공/NNG+하/XSV+길/ETN+JKO+바라볼/VV+ETM+게요/NNB+VCP+EC"
          },
          {
            "id": 13,
            "text": "1 : 키키 응 혼나지는 않겠지? 키키",
            "norm_text": "키키 응 혼나지는 않겠지? 키키",
            "speaker": {
              "id": "1번",
              "sex": "남성",
              "age": "20대"
            },
            "speechAct": "(지시) 질문하기",
            "morpheme": "키/NNG+키/XSV+ETN+응/IC+혼/NNG+나지/NNG+는/JX+않/VX+겠/EP+지/EF+키/NNG+키/XSV+ETN"
          },
          {
            "id": 14,
            "text": "2 : 아마 혼날 것 같아요 키키 저는 빠질게요",
            "norm_text": "아마 혼날 것 같아요 키키 저는 빠질게요",
            "speaker": {
              "id": "2번",
              "sex": "남성",
              "age": "20대"
            },
            "speechAct": "(단언) 주장하기",
            "morpheme": "아마/MAG+혼/NNG+날/VV+ETM+것/NNB+같/VA+아/EC+요키/NNP+키저/NNG+는/JX+빠질/VV+ETM+게요/NNB+VCP+EC"
          },
          {
            "id": 15,
            "text": "1 : 키키 안 돼... 니가 말했다고 할 건데 키키",
            "norm_text": "키키 안 돼... 니가 말했다고 할 건데 키키",
            "speaker": {
              "id": "1번",
              "sex": "남성",
              "age": "20대"
            },
            "speechAct": "(단언) 주장하기",
            "morpheme": "키/NNG+키/NNG+안/MAG+돼/VV+EF+./SY+니/NP+가/JKS+말/NNG+했/XSV+EP+다고/EC+할/VX+ETM+건데/NNB+VCP+EC+키/NNG+키/XSV+ETN"
          },
          {
            "id": 16,
            "text": "2 : 오... 저는 발을 빼기로 했다고 전해둘게요",
            "norm_text": "오... 저는 발을 빼기로 했다고 전해둘게요",
            "speaker": {
              "id": "2번",
              "sex": "남성",
              "age": "20대"
            },
            "speechAct": "(단언) 주장하기",
            "morpheme": "오/IC+./SY+저/NP+는/JX+발/NNG+을/JKO+빼/VV+기/ETN+로/JKB+했/VV+EP+다고/EC+전해/VV+EC+둘/VX+ETM+게요/NNB+VCP+EC"
          }
        ]
      }
    }
  ]
}