{
  "dataset": {
    "identifier": 63418,
    "name": "KAKAO_911_09_set",
    "src_path": "/data/file/cubeManager/PROJECT001/53/txt20211005154123068096/KAKAO_911_09_set/",
    "label_path": "/data/file/cubeManager/PROJECT001/53/txt20211005154123068096/KAKAO_911_09_set/",
    "category": 2,
    "type": 0
  },
  "licenses": {
    "name": "Apache License 1.0",
    "url": "http://www.apache.org/licenses/LICENSE-1.0"
  },
  "info": [
    {
      "id": 41606,
      "filename": "KAKAO_911_09.txt",
      "title": "KAKAO_911_09",
      "mediatype": "SNS",
      "medianame": "카카오톡",
      "category": "일상대화",
      "date": "2021-10-05",
      "size": 594,
      "annotations": {
        "subject": "반려동물",
        "speaker_type": "1:1",
        "size": 594,
        "word_size": 185,
        "text": "1 : 인스타보니 내 친구 시바견 입양했더라\n2 : 우와아아아아아아앙ㅇ아 왕왕 멍멍 왈왈왈\n2 : 나도 강아지 고양이 키우고 싶다 ㅜㅜ\n1 : 3개월 됐다는데 엄청 귀여움 이름도 토모쨩\n2 : 토모쨩 토모니 이코~ 키키\n1 : 나도 반려동물 기르게 되면 ㅠㅠ 잘해줄 수 있는데\n2 : 근데 예방 접종에 이것저것 신경쓸 게 많아서 진짜 책임감 없으면 키우면 안되겠더라\n1 : 맞다 그리고 요즘은 유기견도 입양 많이 하던데\n2 : 그래도 난 고양이가 좋음 ㅎ\n1 : 로또 당첨되면 난 유기견부터 입양할 거다 상처 받은 영혼 호강 시켜 주겠셔\n2 : 로또 당첨되면 나도 좀 입양해주면 안될까? ㅜㅜ\n1 : 키키 우리 집 집사가 키키 난 고양이는 알러지 때매 무리데쓰\n2 : 난 대마도 돌아가서 고양이 키우는 게 꿈임 키키 나도 고양이 알러지 있는데 진짜 울면서 키울 꺼다 키키\n1 : 니도 있나 보네 키키 오늘도 학원에서 고양이 안고 하다가 눈 바로 벌개짐\n2 : 나도 눈 벌개지다가 심할 때는 흰자위에 물집처럼 수포 생기던데\n1 : 나도 맨날 뭐 덩어리 진다 ㅠㅠ\n1 : 내 나중에 엄청 귀여운 고양이 사진 하나 보내줄게 키키 심쿵할 걸\n2 : 오오 키키 말만 들어도 이미 심장이 내려앉았다 키키",
        "lines": [
          {
            "id": 1,
            "text": "1 : 인스타보니 내 친구 시바견 입양했더라",
            "norm_text": "인스타보니 내 친구 시바견 입양했더라",
            "speaker": {
              "id": "1번",
              "sex": "여성",
              "age": "30대"
            },
            "speechAct": "(단언) 진술하기",
            "morpheme": "인스/NNP+타보/NNP+니/JC+내/NP+JKG+친구/NNG+시바견/NNP+입양/NNG+했/XSV+EP+더라/EC"
          },
          {
            "id": 2,
            "text": "2 : 우와아아아아아아앙ㅇ아 왕왕 멍멍 왈왈왈",
            "norm_text": "우와아아아아아아앙ㅇ아 왕왕 멍멍 왈왈왈",
            "speaker": {
              "id": "2번",
              "sex": "남성",
              "age": "30대"
            },
            "speechAct": "턴토크 사인(관습적 반응)",
            "morpheme": "우와/IC+아아아아아/IC+아앙/IC+ㅇ아/UNKNOWN+왕왕/MAG+멍멍/MAG+왈왈왈/MAG"
          },
          {
            "id": 3,
            "text": "2 : 나도 강아지 고양이 키우고 싶다 ㅜㅜ",
            "norm_text": "나도 강아지 고양이 키우고 싶다 ㅜㅜ",
            "speaker": {
              "id": "2번",
              "sex": "남성",
              "age": "30대"
            },
            "speechAct": "(단언) 주장하기",
            "morpheme": "나/NP+도/JX+강아지/NNG+고양이/NNG+키우/VV+고/EC+싶/VX+다/EF+ㅜㅜ/UNKNOWN"
          },
          {
            "id": 4,
            "text": "1 : 3개월 됐다는데 엄청 귀여움 이름도 토모쨩",
            "norm_text": "3개월 됐다는데 엄청 귀여움 이름도 토모쨩",
            "speaker": {
              "id": "1번",
              "sex": "여성",
              "age": "30대"
            },
            "speechAct": "(단언) 진술하기",
            "morpheme": "3/SN+개월/NNBC+됐/VV+EP+다는/ETM+데/NNB+엄청/MAG+귀여움/VA+ETN+이름/NNG+도/JX+토모/NNP+쨩/UNKNOWN"
          },
          {
            "id": 5,
            "text": "2 : 토모쨩 토모니 이코~ 키키",
            "norm_text": "토모쨩 토모니 이코~ 키키",
            "speaker": {
              "id": "2번",
              "sex": "남성",
              "age": "30대"
            },
            "speechAct": "턴토크 사인(관습적 반응)",
            "morpheme": "토모쨩토모니이코/UNKNOWN+~/SY+키/NNG+키/XSV+ETN"
          },
          {
            "id": 6,
            "text": "1 : 나도 반려동물 기르게 되면 ㅠㅠ 잘해줄 수 있는데",
            "norm_text": "나도 반려동물 기르게 되면 ㅠㅠ 잘해줄 수 있는데",
            "speaker": {
              "id": "1번",
              "sex": "여성",
              "age": "30대"
            },
            "speechAct": "(단언) 주장하기",
            "morpheme": "나/NP+도/JX+반려/NNG+동물/NNG+기르/VV+게/EC+되/VV+면/EC+ㅠㅠ/UNKNOWN+잘/MAG+해/VV+EC+줄/VX+ETM+수/NNB+있/VV+는데/EC"
          },
          {
            "id": 7,
            "text": "2 : 근데 예방 접종에 이것저것 신경쓸 게 많아서 진짜 책임감 없으면 키우면 안되겠더라",
            "norm_text": "근데 예방 접종에 이것저것 신경쓸 게 많아서 진짜 책임감 없으면 키우면 안되겠더라",
            "speaker": {
              "id": "2번",
              "sex": "남성",
              "age": "30대"
            },
            "speechAct": "(단언) 주장하기",
            "morpheme": "근데/MAJ+예방/NNG+접종/NNG+에/JKB+이것저것/NNG+신경/NNG+쓸/VV+ETM+게/NNB+JKS+많/VA+아서/EC+진짜/MAG+책임/NNG+감/XSN+없/VA+으면/EC+키우/VV+면/EC+안/MAG+되/VV+겠/EP+더라/EC"
          },
          {
            "id": 8,
            "text": "1 : 맞다 그리고 요즘은 유기견도 입양 많이 하던데",
            "norm_text": "맞다 그리고 요즘은 유기견도 입양 많이 하던데",
            "speaker": {
              "id": "1번",
              "sex": "여성",
              "age": "30대"
            },
            "speechAct": "(단언) 진술하기",
            "morpheme": "맞/VV+다/EF+그리고/MAJ+요즘/NNG+은/JX+유기/NNG+견도/NNG+입양/NNG+많이/MAG+하/VV+던데/EC"
          },
          {
            "id": 9,
            "text": "2 : 그래도 난 고양이가 좋음 ㅎ",
            "norm_text": "그래도 난 고양이가 좋음 ㅎ",
            "speaker": {
              "id": "2번",
              "sex": "남성",
              "age": "30대"
            },
            "speechAct": "(단언) 주장하기",
            "morpheme": "그래도/MAJ+난/NP+JX+고양이/NNG+가/JKS+좋/VA+음/ETN+ㅎ/XSA"
          },
          {
            "id": 10,
            "text": "1 : 로또 당첨되면 난 유기견부터 입양할 거다 상처 받은 영혼 호강 시켜 주겠셔",
            "norm_text": "로또 당첨되면 난 유기견부터 입양할 거다 상처 받은 영혼 호강 시켜 주겠셔",
            "speaker": {
              "id": "1번",
              "sex": "여성",
              "age": "30대"
            },
            "speechAct": "(단언) 주장하기",
            "morpheme": "로또/NNP+당첨/NNG+되/XSV+면/EC+난유/NNG+기견/NNG+부터/JX+입양/NNG+할/XSV+ETM+거/NNB+다/MAG+상처/NNG+받/VV+은/ETM+영혼/NNG+호강/NNG+시켜/XSV+EC+주/VX+겠/EP+셔/EC"
          },
          {
            "id": 11,
            "text": "2 : 로또 당첨되면 나도 좀 입양해주면 안될까? ㅜㅜ",
            "norm_text": "로또 당첨되면 나도 좀 입양해주면 안될까? ㅜㅜ",
            "speaker": {
              "id": "2번",
              "sex": "남성",
              "age": "30대"
            },
            "speechAct": "(지시) 질문하기",
            "morpheme": "로또/NNP+당첨/NNG+되/XSV+면/EC+나/NP+도/JX+좀/MAG+입양/NNG+해/XSV+EC+주/VX+면/EC+안/MAG+될까/VV+EF+ㅜㅜ/UNKNOWN"
          },
          {
            "id": 12,
            "text": "1 : 키키 우리 집 집사가 키키 난 고양이는 알러지 때매 무리데쓰",
            "norm_text": "키키 우리 집 집사가 키키 난 고양이는 알러지 때매 무리데쓰",
            "speaker": {
              "id": "1번",
              "sex": "여성",
              "age": "30대"
            },
            "speechAct": "(단언) 진술하기",
            "morpheme": "키/NNG+키/XSV+ETN+우리/NP+집/NNG+집사/NNG+가/JKS+키/NNG+키/XSV+ETN+난/VV+ETM+고양이/NNG+는/JX+알/VV+러지/EF+때/NNG+매/MM+무리/NNG+데쓰/NNP"
          },
          {
            "id": 13,
            "text": "2 : 난 대마도 돌아가서 고양이 키우는 게 꿈임 키키 나도 고양이 알러지 있는데 진짜 울면서 키울 꺼다 키키",
            "norm_text": "난 대마도 돌아가서 고양이 키우는 게 꿈임 키키 나도 고양이 알러지 있는데 진짜 울면서 키울 꺼다 키키",
            "speaker": {
              "id": "2번",
              "sex": "남성",
              "age": "30대"
            },
            "speechAct": "(단언) 진술하기",
            "morpheme": "난/NP+JX+대마/NNG+도/JX+돌아가/VV+서/EC+고양이/NNG+키우/VV+는/ETM+게/NNB+JKS+꿈/NNG+임/VCP+ETN+키/NNG+키나/XSA+ETN+JX+도/JX+고양이/NNG+알/VV+러지/EF+있/VA+는데/EC+진짜/MAG+울/VV+면서/EC+키울/VV+ETM+꺼/NNB+VCP+다키키/NNP"
          },
          {
            "id": 14,
            "text": "1 : 니도 있나 보네 키키 오늘도 학원에서 고양이 안고 하다가 눈 바로 벌개짐",
            "norm_text": "니도 있나 보네 키키 오늘도 학원에서 고양이 안고 하다가 눈 바로 벌개짐",
            "speaker": {
              "id": "1번",
              "sex": "여성",
              "age": "30대"
            },
            "speechAct": "(단언) 진술하기",
            "morpheme": "니/NP+도/JX+있/VA+나/EC+보/VX+네/EF+키키/NNP+오늘/NNG+도/JX+학원/NNG+에서/JKB+고양이/NNG+안고/NNG+하/XSV+다가/EC+눈/NNG+바로/MAG+벌개/VA+EC+짐/NNG"
          },
          {
            "id": 15,
            "text": "2 : 나도 눈 벌개지다가 심할 때는 흰자위에 물집처럼 수포 생기던데",
            "norm_text": "나도 눈 벌개지다가 심할 때는 흰자위에 물집처럼 수포 생기던데",
            "speaker": {
              "id": "2번",
              "sex": "남성",
              "age": "30대"
            },
            "speechAct": "(단언) 진술하기",
            "morpheme": "나/NP+도/JX+눈/NNG+벌개지/VV+다가/EC+심할/VA+ETM+때/NNG+는/JX+흰자위/NNG+에/JKB+물집/NNG+처럼/JKB+수포/NNG+생기/VV+던데/EC"
          },
          {
            "id": 16,
            "text": "1 : 나도 맨날 뭐 덩어리 진다 ㅠㅠ",
            "norm_text": "나도 맨날 뭐 덩어리 진다 ㅠㅠ",
            "speaker": {
              "id": "1번",
              "sex": "여성",
              "age": "30대"
            },
            "speechAct": "(단언) 진술하기",
            "morpheme": "나/NP+도/JX+맨날/MAG+뭐/IC+덩어리/NNG+진다/XSV+EF+ㅠㅠ/UNKNOWN"
          },
          {
            "id": 17,
            "text": "1 : 내 나중에 엄청 귀여운 고양이 사진 하나 보내줄게 키키 심쿵할 걸",
            "norm_text": "내 나중에 엄청 귀여운 고양이 사진 하나 보내줄게 키키 심쿵할 걸",
            "speaker": {
              "id": "1번",
              "sex": "여성",
              "age": "30대"
            },
            "speechAct": "(언약) 약속하기(제3자와)/(개인적 수준)",
            "morpheme": "내/NP+JKG+나중/NNG+에/JKB+엄청/MAG+귀여운/VA+ETM+고양이/NNG+사진/NNG+하나/NR+보내/VV+EC+줄/VX+ETM+게/NNB+JKS+키/NNG+키/NNG+심/XSN+쿵/MAG+할걸/VV+EC"
          },
          {
            "id": 18,
            "text": "2 : 오오 키키 말만 들어도 이미 심장이 내려앉았다 키키",
            "norm_text": "오오 키키 말만 들어도 이미 심장이 내려앉았다 키키",
            "speaker": {
              "id": "2번",
              "sex": "남성",
              "age": "30대"
            },
            "speechAct": "(단언) 주장하기",
            "morpheme": "오/NR+오/NR+키/NNG+키/NNG+말/NNG+만들/VV+어도/EC+이미/MAG+심장/NNG+이/JKS+내려앉/VV+았/EP+다키키/NNP"
          }
        ]
      }
    }
  ]
}