{
  "dataset": {
    "identifier": 63819,
    "name": "KAKAO_911_14_set",
    "src_path": "/data/file/cubeManager/PROJECT001/53/txt20211005154123072518/KAKAO_911_14_set/",
    "label_path": "/data/file/cubeManager/PROJECT001/53/txt20211005154123072518/KAKAO_911_14_set/",
    "category": 2,
    "type": 0
  },
  "licenses": {
    "name": "Apache License 1.0",
    "url": "http://www.apache.org/licenses/LICENSE-1.0"
  },
  "info": [
    {
      "id": 41611,
      "filename": "KAKAO_911_14.txt",
      "title": "KAKAO_911_14",
      "mediatype": "SNS",
      "medianame": "카카오톡",
      "category": "일상대화",
      "date": "2021-10-05",
      "size": 722,
      "annotations": {
        "subject": "사회이슈",
        "speaker_type": "1:1",
        "size": 722,
        "word_size": 216,
        "text": "1 : 한국 계속 확진자 2천 명 넘네\n2 : 진짜? 내년에는 좀 잠잠해지려나 했는데 끝이 안 보이네\n1 : 나 이제 화이자 2차 접종하고 2주 되네\n2 : 오 그럼 다 맞았네? 부작용 없더나?\n2 : 난 다음 주 월요일에 모더나 맞는데\n1 : 난 없는데 부작용 말 많지 그리고 접종율은 계속 오르는데 확진자는 뭐 사그라들질 않네?\n2 : 확진자 소식 들으면 백신이 의미가 있나 싶은 생각도 들던데...\n1 : 화이자 맞고 얼마 전에 20대 30대 기저 질환 없는 사람들 다 죽었잖아. 소장이 괴사돼서 잘라내기도 했다던데\n2 : 헐? 진짜? 백신 맞고 죽으면 어떻게 됨?\n2 : 국가에서 보상해줌?\n1 : 아니 인과 관계 없음 키키 그렇게 발표하지\n1 : 화이자 맞고 부작용으로 백혈병 걸렸다는 사람들 기사도 있더라\n2 : 아 얼마 전에 유튜브에서 그런 내용 본 거 같다... 유튜버가 건강하던 자기 할아버지가 백신 맞고 죽었다고\n1 : 근데 나도 접종 후에 몸이 좀 이상해져서 인터넷에 검색을 해봤거든?\n2 : 어떻게 이상한데? 많이 안 좋음?\n1 : 아니 여자들 그날 있잖아 그때 평소랑 다르게 양도 이상하고 주기도 이상하고 암튼 36 평생 처음 겪는 일이었어\n2 : 아... 뭔가 항체 생성하고 뭐 그런 게 영향 끼치는 건가\n1 : 근데 인터넷 검색해보니까 내 같은 사람들 엄청 많아서... 이거 백신 인과관계 인정해 달라고 국민 청원 글까지 올라왔더라.\n2 : *** 대통령 때는 이게 나란가 싶었는데 바껴도 똑같네",
        "lines": [
          {
            "id": 1,
            "text": "1 : 한국 계속 확진자 2천 명 넘네",
            "norm_text": "한국 계속 확진자 2천 명 넘네",
            "speaker": {
              "id": "1번",
              "sex": "여성",
              "age": "30대"
            },
            "speechAct": "(단언) 진술하기",
            "morpheme": "한국/NNP+계속/NNG+확진/NNG+자/XSN+2/SN+천/NR+명/NNBC+넘네/NNG"
          },
          {
            "id": 2,
            "text": "2 : 진짜? 내년에는 좀 잠잠해지려나 했는데 끝이 안 보이네",
            "norm_text": "진짜? 내년에는 좀 잠잠해지려나 했는데 끝이 안 보이네",
            "speaker": {
              "id": "2번",
              "sex": "남성",
              "age": "30대"
            },
            "speechAct": "(지시) 질문하기",
            "morpheme": "진짜/MAG+내년/NNG+에/JKB+는/JX+좀/MAG+잠잠/XR+해/XSA+EC+지/VX+려나/EC+했/VX+EP+는데/EC+끝/NNG+이/JKS+안/MAG+보이/VV+네/EC"
          },
          {
            "id": 3,
            "text": "1 : 나 이제 화이자 2차 접종하고 2주 되네",
            "norm_text": "나 이제 화이자 2차 접종하고 2주 되네",
            "speaker": {
              "id": "1번",
              "sex": "여성",
              "age": "30대"
            },
            "speechAct": "(단언) 진술하기",
            "morpheme": "나/NP+이제/MAG+화이자/NNP+2/SN+차/NNBC+접종/NNG+하/XSV+고/EC+2/SN+주/NNBC+되/VV+네/EC"
          },
          {
            "id": 4,
            "text": "2 : 오 그럼 다 맞았네? 부작용 없더나?",
            "norm_text": "오 그럼 다 맞았네? 부작용 없더나?",
            "speaker": {
              "id": "2번",
              "sex": "남성",
              "age": "30대"
            },
            "speechAct": "(지시) 질문하기",
            "morpheme": "오/IC+그럼/MAJ+다/MAG+맞/VV+았/EP+네/EF+부작용/NNG+없/VA+더나/EF"
          },
          {
            "id": 5,
            "text": "2 : 난 다음 주 월요일에 모더나 맞는데",
            "norm_text": "난 다음 주 월요일에 모더나 맞는데",
            "speaker": {
              "id": "2번",
              "sex": "남성",
              "age": "30대"
            },
            "speechAct": "(단언) 진술하기",
            "morpheme": "난/NP+JX+다음/NNG+주/NNG+월요일/NNG+에/JKB+모/IC+더/MAG+나/JX+맞/VV+는데/EC"
          },
          {
            "id": 6,
            "text": "1 : 난 없는데 부작용 말 많지 그리고 접종율은 계속 오르는데 확진자는 뭐 사그라들질 않네?",
            "norm_text": "난 없는데 부작용 말 많지 그리고 접종율은 계속 오르는데 확진자는 뭐 사그라들질 않네?",
            "speaker": {
              "id": "1번",
              "sex": "여성",
              "age": "30대"
            },
            "speechAct": "(지시) 질문하기",
            "morpheme": "난/NP+JX+없/VA+는데/EC+부작용/NNG+말/NNG+많/VA+지/EF+그리고/MAJ+접종/NNG+율/XSN+은/JX+계속/MAG+오르/VV+는데/EC+확진/NNG+자/XSN+는/JX+뭐/IC+사그라들/VV+질/EC+JX+않/VX+네/EF"
          },
          {
            "id": 7,
            "text": "2 : 확진자 소식 들으면 백신이 의미가 있나 싶은 생각도 들던데...",
            "norm_text": "확진자 소식 들으면 백신이 의미가 있나 싶은 생각도 들던데...",
            "speaker": {
              "id": "2번",
              "sex": "남성",
              "age": "30대"
            },
            "speechAct": "(지시) 질문하기",
            "morpheme": "확진/NNG+자/XSN+소식/NNG+들으면/VV+EC+백신/NNG+이/JKS+의미/NNG+가/JKS+있/VA+나/EC+싶/VX+은/ETM+생각/NNG+도/JX+들/VV+던데/EF+./SY"
          },
          {
            "id": 8,
            "text": "1 : 화이자 맞고 얼마 전에 20대 30대 기저 질환 없는 사람들 다 죽었잖아. 소장이 괴사돼서 잘라내기도 했다던데",
            "norm_text": "화이자 맞고 얼마 전에 20대 30대 기저 질환 없는 사람들 다 죽었잖아. 소장이 괴사돼서 잘라내기도 했다던데",
            "speaker": {
              "id": "1번",
              "sex": "여성",
              "age": "30대"
            },
            "speechAct": "(지시) 질문하기",
            "morpheme": "화이자/NNP+맞/VV+고/EC+얼마/NNG+전/NNG+에/JKB+20/SN+대/NNBC+30/SN+대기/NNG+저/MM+질환/NNG+없/VA+는/ETM+사람/NNG+들/XSN+다/MAG+죽/VV+었/EP+잖아/EF+소장/NNG+이/JKS+괴사/NNG+돼서/XSV+EC+잘라/VV+EC+내/VX+기/ETN+도/JX+했/VV+EP+다던데/EC"
          },
          {
            "id": 9,
            "text": "2 : 헐? 진짜? 백신 맞고 죽으면 어떻게 됨?",
            "norm_text": "헐? 진짜? 백신 맞고 죽으면 어떻게 됨?",
            "speaker": {
              "id": "2번",
              "sex": "남성",
              "age": "30대"
            },
            "speechAct": "(지시) 질문하기",
            "morpheme": "헐/IC+진짜/MAG+백신/NNG+맞/VV+고/EC+죽/VV+으면/EC+어떻게/MAG+됨/VV+ETN"
          },
          {
            "id": 10,
            "text": "2 : 국가에서 보상해줌?",
            "norm_text": "국가에서 보상해줌?",
            "speaker": {
              "id": "2번",
              "sex": "남성",
              "age": "30대"
            },
            "speechAct": "(지시) 질문하기",
            "morpheme": "국가/NNG+에서/JKB+보상/NNG+해줌/XSV+EC+VX+ETN"
          },
          {
            "id": 11,
            "text": "1 : 아니 인과 관계 없음 키키 그렇게 발표하지",
            "norm_text": "아니 인과 관계 없음 키키 그렇게 발표하지",
            "speaker": {
              "id": "1번",
              "sex": "여성",
              "age": "30대"
            },
            "speechAct": "(단언) 진술하기",
            "morpheme": "아니/IC+인과관계/NNP+없음/NNP+키/NNG+키/XSV+ETN+그렇/VA+게/EC+발표/NNG+하/XSV+지/EC"
          },
          {
            "id": 12,
            "text": "1 : 화이자 맞고 부작용으로 백혈병 걸렸다는 사람들 기사도 있더라",
            "norm_text": "화이자 맞고 부작용으로 백혈병 걸렸다는 사람들 기사도 있더라",
            "speaker": {
              "id": "1번",
              "sex": "여성",
              "age": "30대"
            },
            "speechAct": "(단언) 진술하기",
            "morpheme": "화이자/NNP+맞/VV+고/EC+부작용/NNG+으로/JKB+백혈병/NNG+걸렸/VV+EP+다는/ETM+사람/NNG+들/XSN+기사/NNG+도/JX+있/VA+더라/EC"
          },
          {
            "id": 13,
            "text": "2 : 아 얼마 전에 유튜브에서 그런 내용 본 거 같다... 유튜버가 건강하던 자기 할아버지가 백신 맞고 죽었다고",
            "norm_text": "아 얼마 전에 유튜브에서 그런 내용 본 거 같다... 유튜버가 건강하던 자기 할아버지가 백신 맞고 죽었다고",
            "speaker": {
              "id": "2번",
              "sex": "남성",
              "age": "30대"
            },
            "speechAct": "(단언) 진술하기",
            "morpheme": "아/IC+얼마/NNG+전/NNG+에/JKB+유튜브/NNP+에서/JKB+그런/MM+내용/NNG+본/VV+ETM+거/NNB+같/VA+다/EF+./SY+./SY+유/NNP+튜버/NNP+가/JKS+건강/NNG+하/XSV+던/ETM+자기/NP+할아버지/NNG+가/JKS+백신/NNG+맞/VV+고/EC+죽/VV+었/EP+다고/EC"
          },
          {
            "id": 14,
            "text": "1 : 근데 나도 접종 후에 몸이 좀 이상해져서 인터넷에 검색을 해봤거든?",
            "norm_text": "근데 나도 접종 후에 몸이 좀 이상해져서 인터넷에 검색을 해봤거든?",
            "speaker": {
              "id": "1번",
              "sex": "여성",
              "age": "30대"
            },
            "speechAct": "(단언) 진술하기",
            "morpheme": "근데/MAJ+나/NP+도/JX+접종/NNG+후/NNG+에/JKB+몸/NNG+이/JKS+좀/MAG+이상/NNG+해져서/XSV+EC+VX+EC+인터넷/NNG+에/JKB+검색/NNG+을/JKO+해/VV+EC+봤/VX+EP+거든/EF"
          },
          {
            "id": 15,
            "text": "2 : 어떻게 이상한데? 많이 안 좋음?",
            "norm_text": "어떻게 이상한데? 많이 안 좋음?",
            "speaker": {
              "id": "2번",
              "sex": "남성",
              "age": "30대"
            },
            "speechAct": "(지시) 질문하기",
            "morpheme": "어떻게/MAG+이상/NNG+한데/XSA+EF+많이/MAG+안/MAG+좋/VA+음/ETN"
          },
          {
            "id": 16,
            "text": "1 : 아니 여자들 그날 있잖아 그때 평소랑 다르게 양도 이상하고 주기도 이상하고 암튼 36 평생 처음 겪는 일이었어",
            "norm_text": "아니 여자들 그날 있잖아 그때 평소랑 다르게 양도 이상하고 주기도 이상하고 암튼 36 평생 처음 겪는 일이었어",
            "speaker": {
              "id": "1번",
              "sex": "여성",
              "age": "30대"
            },
            "speechAct": "(단언) 진술하기",
            "morpheme": "아니/IC+여자/NNG+들/XSN+그날/NNG+있/VV+잖아/EC+그때/NNG+평소/NNG+랑/JKB+다르/VA+게/EC+양도/NNG+이상/NNG+하/XSV+고/EC+주/VX+기/ETN+도/JX+이상/NNG+하/XSV+고/EC+암튼/MAJ+36/SN+평/NNBC+생/XSN+처음/MAG+겪/VV+는/ETM+일/NNG+이/VCP+었/EP+어/EC"
          },
          {
            "id": 17,
            "text": "2 : 아... 뭔가 항체 생성하고 뭐 그런 게 영향 끼치는 건가",
            "norm_text": "아... 뭔가 항체 생성하고 뭐 그런 게 영향 끼치는 건가",
            "speaker": {
              "id": "2번",
              "sex": "남성",
              "age": "30대"
            },
            "speechAct": "(지시) 질문하기",
            "morpheme": "아/IC+./SY+뭔가/NP+VCP+EC+항체/NNG+생성/NNG+하/XSV+고/EC+뭐/IC+그런/MM+게/NNB+JKS+영향/NNG+끼치/VV+는/ETM+건가/NNB+VCP+EC"
          },
          {
            "id": 18,
            "text": "1 : 근데 인터넷 검색해보니까 내 같은 사람들 엄청 많아서... 이거 백신 인과관계 인정해 달라고 국민 청원 글까지 올라왔더라.",
            "norm_text": "근데 인터넷 검색해보니까 내 같은 사람들 엄청 많아서... 이거 백신 인과관계 인정해 달라고 국민 청원 글까지 올라왔더라.",
            "speaker": {
              "id": "1번",
              "sex": "여성",
              "age": "30대"
            },
            "speechAct": "(단언) 진술하기",
            "morpheme": "근데/MAJ+인터넷/NNG+검색/NNG+해/XSV+EC+보/VX+니까/EC+내/NP+JKG+같/VA+은/ETM+사람/NNG+들/XSN+엄청/MAG+많/VA+아서/EC+./SY+./SY+이거/NP+백/NR+신인/NNG+과/JC+관계/NNG+인정/NNG+해/XSV+EC+달/VX+라고/EC+국민/NNG+청원/NNG+글/NNG+까지/JX+올라왔/VV+EP+더라/EF"
          },
          {
            "id": 19,
            "text": "2 : *** 대통령 때는 이게 나란가 싶었는데 바껴도 똑같네",
            "norm_text": "*** 대통령 때는 이게 나란가 싶었는데 바껴도 똑같네",
            "speaker": {
              "id": "2번",
              "sex": "남성",
              "age": "30대"
            },
            "speechAct": "(단언) 진술하기",
            "morpheme": "*/SY+*/SY+*/SY+대통령/NNG+때/NNG+는/JX+이게/NP+JKS+나/NP+란/JX+가/VV+EC+싶/VX+었/EP+는데/EC+바/NNB+껴도/VV+EC+똑같/VA+네/EC"
          }
        ]
      }
    }
  ]
}