{
  "dataset": {
    "identifier": 72869,
    "name": "KAKAO_899_17_set",
    "src_path": "/data/file/cubeManager/PROJECT001/53/txt20211005152834023544/KAKAO_899_17_set/",
    "label_path": "/data/file/cubeManager/PROJECT001/53/txt20211005152834023544/KAKAO_899_17_set/",
    "category": 2,
    "type": 0
  },
  "licenses": {
    "name": "Apache License 1.0",
    "url": "http://www.apache.org/licenses/LICENSE-1.0"
  },
  "info": [
    {
      "id": 41334,
      "filename": "KAKAO_899_17.txt",
      "title": "KAKAO_899_17",
      "mediatype": "SNS",
      "medianame": "카카오톡",
      "category": "일상대화",
      "date": "2021-10-05",
      "size": 430,
      "annotations": {
        "subject": "건강",
        "speaker_type": "1:1",
        "size": 430,
        "word_size": 148,
        "text": "1 : 건강은 잘 챙기고 있나요 키키\n2 : 이미 많이 해쳤지 키키\n1 : 아? 키키 건강을 왜 해치고 있어요?\n2 : 논문 쓰고 한다고 대충 먹어서\n1 : ㅜㅜ 진짜 논문 너무 힘들죠?\n2 : 응응 그래도 끝내서 너무 행복하지\n1 : 정말 진짜 끝내서 다행 ㅜㅜ\n2 : 너무 행복하다 글서 요새는 좀 챙겨 먹는 편\n1 : 다행이네 오빠야 키키 맨날 사 먹낭?\n2 : 맨날은 아닌데 거의 사 먹지 아무래도\n1 : 키키 해 먹기 귀찮제?\n1 : 혼자 있으면 그럴 듯\n2 : 키키 진짜 누나야랑 같이 살 때는 많이 해 먹었는데\n1 : 키키 그러니까 누나야 있어야겠네\n2 : 키키 다시 오라 할까?\n2 : 키키 ** 데리고\n1 : 키키 다시 오라 캐라 키키 니 건강을 위해서\n2 : 니? 오빠야한테 심하게 하네 키키\n1 : 키키 히히 오빠야한테 쏘리 키키 너무 친근했네\n2 : 키키 건강 챙길께 침착하자 우리",
        "lines": [
          {
            "id": 1,
            "text": "1 : 건강은 잘 챙기고 있나요 키키",
            "norm_text": "건강은 잘 챙기고 있나요 키키",
            "speaker": {
              "id": "1번",
              "sex": "여성",
              "age": "20대"
            },
            "speechAct": "(지시) 질문하기",
            "morpheme": "건강/NNG+은/JX+잘/MAG+챙기/VV+고/EC+있/VX+나/EC+요키/NNP+키/NNG"
          },
          {
            "id": 2,
            "text": "2 : 이미 많이 해쳤지 키키",
            "norm_text": "이미 많이 해쳤지 키키",
            "speaker": {
              "id": "2번",
              "sex": "남성",
              "age": "20대"
            },
            "speechAct": "(단언) 진술하기",
            "morpheme": "이미/MAG+많이/MAG+해쳤/VV+EP+지/EC+키/NNG+키/XSV+ETN"
          },
          {
            "id": 3,
            "text": "1 : 아? 키키 건강을 왜 해치고 있어요?",
            "norm_text": "아? 키키 건강을 왜 해치고 있어요?",
            "speaker": {
              "id": "1번",
              "sex": "여성",
              "age": "20대"
            },
            "speechAct": "(지시) 질문하기",
            "morpheme": "아/IC+키/NNG+키/NNG+건강/NNG+을/JKO+왜/MAG+해치/VV+고/EC+있/VX+어요/EF"
          },
          {
            "id": 4,
            "text": "2 : 논문 쓰고 한다고 대충 먹어서",
            "norm_text": "논문 쓰고 한다고 대충 먹어서",
            "speaker": {
              "id": "2번",
              "sex": "남성",
              "age": "20대"
            },
            "speechAct": "(단언) 주장하기",
            "morpheme": "논문/NNG+쓰/VV+고/EC+한다고/VX+EC+대충/MAG+먹/VV+어서/EC"
          },
          {
            "id": 5,
            "text": "1 : ㅜㅜ 진짜 논문 너무 힘들죠?",
            "norm_text": "ㅜㅜ 진짜 논문 너무 힘들죠?",
            "speaker": {
              "id": "1번",
              "sex": "여성",
              "age": "20대"
            },
            "speechAct": "(지시) 질문하기",
            "morpheme": "ㅜㅜ/UNKNOWN+진짜/MAG+논문/NNG+너무/MAG+힘들/VA+죠/EF"
          },
          {
            "id": 6,
            "text": "2 : 응응 그래도 끝내서 너무 행복하지",
            "norm_text": "응응 그래도 끝내서 너무 행복하지",
            "speaker": {
              "id": "2번",
              "sex": "남성",
              "age": "20대"
            },
            "speechAct": "(단언) 진술하기",
            "morpheme": "응/IC+응/IC+그래도/MAJ+끝/NNG+내/NNB+서/JKB+너무/MAG+행복/NNG+하/XSV+지/EC"
          },
          {
            "id": 7,
            "text": "1 : 정말 진짜 끝내서 다행 ㅜㅜ",
            "norm_text": "정말 진짜 끝내서 다행 ㅜㅜ",
            "speaker": {
              "id": "1번",
              "sex": "여성",
              "age": "20대"
            },
            "speechAct": "(단언) 주장하기",
            "morpheme": "정말/MAG+진짜/MAG+끝/NNG+내서/NNP+다행/NNG+ㅜㅜ/UNKNOWN"
          },
          {
            "id": 8,
            "text": "2 : 너무 행복하다 글서 요새는 좀 챙겨 먹는 편",
            "norm_text": "너무 행복하다 글서 요새는 좀 챙겨 먹는 편",
            "speaker": {
              "id": "2번",
              "sex": "남성",
              "age": "20대"
            },
            "speechAct": "(단언) 진술하기",
            "morpheme": "너무/MAG+행복/NNG+하/XSA+다/EF+글서/MAJ+요새/NNG+는/JX+좀/MAG+챙겨/VV+EC+먹/VV+는/ETM+편/NNB"
          },
          {
            "id": 9,
            "text": "1 : 다행이네 오빠야 키키 맨날 사 먹낭?",
            "norm_text": "다행이네 오빠야 키키 맨날 사 먹낭?",
            "speaker": {
              "id": "1번",
              "sex": "여성",
              "age": "20대"
            },
            "speechAct": "(지시) 질문하기",
            "morpheme": "다행/NNG+이/JKS+네/MM+오빠/NNG+야/VCP+EF+키/NNG+키/NNG+맨날/MAG+사/NR+먹/NNG+낭/NNG"
          },
          {
            "id": 10,
            "text": "2 : 맨날은 아닌데 거의 사 먹지 아무래도",
            "norm_text": "맨날은 아닌데 거의 사 먹지 아무래도",
            "speaker": {
              "id": "2번",
              "sex": "남성",
              "age": "20대"
            },
            "speechAct": "(단언) 진술하기",
            "morpheme": "맨날/MAG+은/JX+아닌데/VCN+EC+거의/MAG+사먹/VV+지/EF+아무래도/MAG"
          },
          {
            "id": 11,
            "text": "1 : 키키 해 먹기 귀찮제?",
            "norm_text": "키키 해 먹기 귀찮제?",
            "speaker": {
              "id": "1번",
              "sex": "여성",
              "age": "20대"
            },
            "speechAct": "(지시) 질문하기",
            "morpheme": "키/NNG+키/NNG+해/XSV+EC+먹/VV+기/ETN+귀찮/VA+제/EF"
          },
          {
            "id": 12,
            "text": "1 : 혼자 있으면 그럴 듯",
            "norm_text": "혼자 있으면 그럴 듯",
            "speaker": {
              "id": "1번",
              "sex": "여성",
              "age": "20대"
            },
            "speechAct": "(단언) 진술하기",
            "morpheme": "혼자/MAG+있/VV+으면/EC+그럴/VV+ETM+듯/NNB"
          },
          {
            "id": 13,
            "text": "2 : 키키 진짜 누나야랑 같이 살 때는 많이 해 먹었는데",
            "norm_text": "키키 진짜 누나야랑 같이 살 때는 많이 해 먹었는데",
            "speaker": {
              "id": "2번",
              "sex": "남성",
              "age": "20대"
            },
            "speechAct": "(단언) 주장하기",
            "morpheme": "키/NNG+키/XSV+ETN+진짜/MAG+누나/NNG+야/VCP+EF+랑/JKB+같이/MAG+살/VV+ETM+때/NNG+는/JX+많이/MAG+해/VV+EC+먹/VV+었/EP+는데/EC"
          },
          {
            "id": 14,
            "text": "1 : 키키 그러니까 누나야 있어야겠네",
            "norm_text": "키키 그러니까 누나야 있어야겠네",
            "speaker": {
              "id": "1번",
              "sex": "여성",
              "age": "20대"
            },
            "speechAct": "(단언) 진술하기",
            "morpheme": "키/NNG+키/XSV+ETN+그러니까/MAJ+누나/NNG+야/JX+있/VA+어야/EC+겠/EP+네/EF"
          },
          {
            "id": 15,
            "text": "2 : 키키 다시 오라 할까?",
            "norm_text": "키키 다시 오라 할까?",
            "speaker": {
              "id": "2번",
              "sex": "남성",
              "age": "20대"
            },
            "speechAct": "(지시) 질문하기",
            "morpheme": "키/NNG+키/NNG+다시/MAG+오라/NNG+할까/XSV+EF"
          },
          {
            "id": 16,
            "text": "2 : 키키 ** 데리고",
            "norm_text": "키키 ** 데리고",
            "speaker": {
              "id": "2번",
              "sex": "남성",
              "age": "20대"
            },
            "speechAct": "(단언) 진술하기",
            "morpheme": "키/NNG+키/XSV+ETN+*/SY+*/SY+데리/VV+고/EC"
          },
          {
            "id": 17,
            "text": "1 : 키키 다시 오라 캐라 키키 니 건강을 위해서",
            "norm_text": "키키 다시 오라 캐라 키키 니 건강을 위해서",
            "speaker": {
              "id": "1번",
              "sex": "여성",
              "age": "20대"
            },
            "speechAct": "(지시) 부탁하기",
            "morpheme": "키/NNG+키/NNG+다시/MAG+오/VV+라/EC+캐/VV+라/EC+키/NNG+키/VV+니/EC+건강/NNG+을/JKO+위해서/VV+EC"
          },
          {
            "id": 18,
            "text": "2 : 니? 오빠야한테 심하게 하네 키키",
            "norm_text": "니? 오빠야한테 심하게 하네 키키",
            "speaker": {
              "id": "2번",
              "sex": "남성",
              "age": "20대"
            },
            "speechAct": "(지시) 질문하기",
            "morpheme": "니/NP+오빠/NNG+야/VCP+EF+한테/JKB+심하/VA+게/EC+하/VX+네/EF+키/NNG+키/XSV+ETN"
          },
          {
            "id": 19,
            "text": "1 : 키키 히히 오빠야한테 쏘리 키키 너무 친근했네",
            "norm_text": "키키 히히 오빠야한테 쏘리 키키 너무 친근했네",
            "speaker": {
              "id": "1번",
              "sex": "여성",
              "age": "20대"
            },
            "speechAct": "(표현) 사과하기",
            "morpheme": "키/NNG+키/NNG+히히/MAG+오빠/NNG+야/VCP+EF+한테/JKB+쏘리/IC+키/NNG+키/NNG+너무/MAG+친근/XR+했/XSA+EP+네/EF"
          },
          {
            "id": 20,
            "text": "2 : 키키 건강 챙길께 침착하자 우리",
            "norm_text": "키키 건강 챙길께 침착하자 우리",
            "speaker": {
              "id": "2번",
              "sex": "남성",
              "age": "20대"
            },
            "speechAct": "(단언) 진술하기",
            "morpheme": "키/NNG+키/NNG+건강/NNG+챙길/VV+ETM+께/NNB+침착/NNG+하/XSV+자/EC+우리/NP"
          }
        ]
      }
    }
  ]
}