{
  "dataset": {
    "identifier": 72858,
    "name": "KAKAO_905_02_set",
    "src_path": "/data/file/cubeManager/PROJECT001/53/txt20211005152851088798/KAKAO_905_02_set/",
    "label_path": "/data/file/cubeManager/PROJECT001/53/txt20211005152851088798/KAKAO_905_02_set/",
    "category": 2,
    "type": 0
  },
  "licenses": {
    "name": "Apache License 1.0",
    "url": "http://www.apache.org/licenses/LICENSE-1.0"
  },
  "info": [
    {
      "id": 41339,
      "filename": "KAKAO_905_02.txt",
      "title": "KAKAO_905_02",
      "mediatype": "SNS",
      "medianame": "카카오톡",
      "category": "일상대화",
      "date": "2021-10-05",
      "size": 329,
      "annotations": {
        "subject": "주거와 생활",
        "speaker_type": "1:1",
        "size": 329,
        "word_size": 122,
        "text": "1 : * 나 좁은 집으로 이사 가고 싶다니까\n2 : 난 지금 집이 좋은데\n1 : 오늘 대청소 하다가 현타 왔어\n2 : 좁은 집은 답답할 듯\n1 : 넘 쓸데없이 집이 커!\n2 : 난 더 큰집으로 이사 가고 싶다\n1 : 난 좁은 집으루 가고 싶어\n2 : 혁신에 중흥 이런 데로\n1 : 그건 너가 청소 열심히 안 해서 그랭\n2 : 근데 요새 집값이 비싸니까\n1 : 키키 거긴 넘 비싸잖아 우리 거지야.\n2 : 청소 열심히 하는데\n2 : 내가 얼마나 청소쟁이라고\n1 : 키키 이번 대청소는 나 혼자 했잖아\n2 : 나도 너 안 볼 떄 많이 해\n1 : 그럼 너가 내일 화장실 청소행 하하\n2 : 싫어 니가 해 난 농출 가야 함",
        "lines": [
          {
            "id": 1,
            "text": "1 : * 나 좁은 집으로 이사 가고 싶다니까",
            "norm_text": "* 나 좁은 집으로 이사 가고 싶다니까",
            "speaker": {
              "id": "1번",
              "sex": "여성",
              "age": "30대"
            },
            "speechAct": "(단언) 주장하기",
            "morpheme": "*/SY+나/JX+좁/VA+은/ETM+집/NNG+으로/JKB+이사/NNG+가/VV+고/EC+싶/VX+다니까/EC"
          },
          {
            "id": 2,
            "text": "2 : 난 지금 집이 좋은데",
            "norm_text": "난 지금 집이 좋은데",
            "speaker": {
              "id": "2번",
              "sex": "남성",
              "age": "30대"
            },
            "speechAct": "(단언) 진술하기",
            "morpheme": "난/NP+JX+지금/MAG+집/NNG+이/JKS+좋/VA+은데/EC"
          },
          {
            "id": 3,
            "text": "1 : 오늘 대청소 하다가 현타 왔어",
            "norm_text": "오늘 대청소 하다가 현타 왔어",
            "speaker": {
              "id": "1번",
              "sex": "여성",
              "age": "30대"
            },
            "speechAct": "(단언) 진술하기",
            "morpheme": "오늘/MAG+대청소/NNG+하/XSV+다가/EC+현/NNG+타/XSV+EC+왔/VX+EP+어/EC"
          },
          {
            "id": 4,
            "text": "2 : 좁은 집은 답답할 듯",
            "norm_text": "좁은 집은 답답할 듯",
            "speaker": {
              "id": "2번",
              "sex": "남성",
              "age": "30대"
            },
            "speechAct": "(단언) 주장하기",
            "morpheme": "좁/VA+은/ETM+집/NNG+은/JX+답답/XR+할/XSA+ETM+듯/NNB"
          },
          {
            "id": 5,
            "text": "1 : 넘 쓸데없이 집이 커!",
            "norm_text": "넘 쓸데없이 집이 커!",
            "speaker": {
              "id": "1번",
              "sex": "여성",
              "age": "30대"
            },
            "speechAct": "(단언) 주장하기",
            "morpheme": "넘/MAG+쓸데없이/MAG+집/NNG+이/JKS+커/VA+EF"
          },
          {
            "id": 6,
            "text": "2 : 난 더 큰집으로 이사 가고 싶다",
            "norm_text": "난 더 큰집으로 이사 가고 싶다",
            "speaker": {
              "id": "2번",
              "sex": "남성",
              "age": "30대"
            },
            "speechAct": "(단언) 주장하기",
            "morpheme": "난/NP+JX+더/MAG+큰/VA+ETM+집/NNG+으로/JKB+이사/NNG+가/VV+고/EC+싶/VX+다/EC"
          },
          {
            "id": 7,
            "text": "1 : 난 좁은 집으루 가고 싶어",
            "norm_text": "난 좁은 집으루 가고 싶어",
            "speaker": {
              "id": "1번",
              "sex": "여성",
              "age": "30대"
            },
            "speechAct": "(단언) 주장하기",
            "morpheme": "난/NP+JX+좁/VA+은/ETM+집/NNG+으루/JKB+가/VV+고/EC+싶/VX+어/EC"
          },
          {
            "id": 8,
            "text": "2 : 혁신에 중흥 이런 데로",
            "norm_text": "혁신에 중흥 이런 데로",
            "speaker": {
              "id": "2번",
              "sex": "남성",
              "age": "30대"
            },
            "speechAct": "(단언) 진술하기",
            "morpheme": "혁신/NNG+에/JKB+중흥/NNG+이런/MM+데/NNB+로/JKB"
          },
          {
            "id": 9,
            "text": "1 : 그건 너가 청소 열심히 안 해서 그랭",
            "norm_text": "그건 너가 청소 열심히 안 해서 그랭",
            "speaker": {
              "id": "1번",
              "sex": "여성",
              "age": "30대"
            },
            "speechAct": "(단언) 주장하기",
            "morpheme": "그건/NP+JX+너/NP+가/JKS+청소/NNG+열심히/MAG+안/MAG+해서/VV+EC+그/MM+랭/NNG"
          },
          {
            "id": 10,
            "text": "2 : 근데 요새 집값이 비싸니까",
            "norm_text": "근데 요새 집값이 비싸니까",
            "speaker": {
              "id": "2번",
              "sex": "남성",
              "age": "30대"
            },
            "speechAct": "(단언) 진술하기",
            "morpheme": "근데/MAJ+요새/MAG+집값/NNG+이/JKS+비싸/VA+니까/EC"
          },
          {
            "id": 11,
            "text": "1 : 키키 거긴 넘 비싸잖아 우리 거지야.",
            "norm_text": "키키 거긴 넘 비싸잖아 우리 거지야.",
            "speaker": {
              "id": "1번",
              "sex": "여성",
              "age": "30대"
            },
            "speechAct": "(단언) 진술하기",
            "morpheme": "키/NNG+키/XSV+ETN+거긴/NNB+VCP+ETN+JX+넘/MAG+비싸/VA+잖아/EF+우리/NP+거지/VV+야/EF"
          },
          {
            "id": 12,
            "text": "2 : 청소 열심히 하는데",
            "norm_text": "청소 열심히 하는데",
            "speaker": {
              "id": "2번",
              "sex": "남성",
              "age": "30대"
            },
            "speechAct": "(단언) 진술하기",
            "morpheme": "청소/NNG+열심히/MAG+하/VV+는데/EC"
          },
          {
            "id": 13,
            "text": "2 : 내가 얼마나 청소쟁이라고",
            "norm_text": "내가 얼마나 청소쟁이라고",
            "speaker": {
              "id": "2번",
              "sex": "남성",
              "age": "30대"
            },
            "speechAct": "(단언) 주장하기",
            "morpheme": "내/NP+가/JKS+얼마나/MAG+청소/NNG+쟁이/XSN+라고/VCP+EC"
          },
          {
            "id": 14,
            "text": "1 : 키키 이번 대청소는 나 혼자 했잖아",
            "norm_text": "키키 이번 대청소는 나 혼자 했잖아",
            "speaker": {
              "id": "1번",
              "sex": "여성",
              "age": "30대"
            },
            "speechAct": "(단언) 진술하기",
            "morpheme": "키/NNG+키/NNG+이번/NNG+대청소/NNG+는/JX+나/NP+혼자/NNG+했/XSV+EP+잖아/EC"
          },
          {
            "id": 15,
            "text": "2 : 나도 너 안 볼 떄 많이 해",
            "norm_text": "나도 너 안 볼 떄 많이 해",
            "speaker": {
              "id": "2번",
              "sex": "남성",
              "age": "30대"
            },
            "speechAct": "(단언) 진술하기",
            "morpheme": "나/NP+도/JX+너/NP+안/MAG+볼/VV+ETM+떄많/UNKNOWN+이해/NNG"
          },
          {
            "id": 16,
            "text": "1 : 그럼 너가 내일 화장실 청소행 하하",
            "norm_text": "그럼 너가 내일 화장실 청소행 하하",
            "speaker": {
              "id": "1번",
              "sex": "여성",
              "age": "30대"
            },
            "speechAct": "(단언) 주장하기",
            "morpheme": "그럼/MAJ+너/NP+가/JKS+내일/MAG+화장실/NNG+청소/NNG+행하/NNG+하/XSV"
          },
          {
            "id": 17,
            "text": "2 : 싫어 니가 해 난 농출 가야 함",
            "norm_text": "싫어 니가 해 난 농출 가야 함",
            "speaker": {
              "id": "2번",
              "sex": "남성",
              "age": "30대"
            },
            "speechAct": "(단언) 주장하기",
            "morpheme": "싫/VA+어/EC+니/NP+가/JKS+해난/NNG+농/NNG+출가/NNG+야/JKV+함/XSA+ETN"
          }
        ]
      }
    }
  ]
}