{
  "dataset": {
    "identifier": 38739,
    "name": "KAKAO_903_18_set",
    "src_path": "/data/file/cubeManager/PROJECT001/53/txt20211005095751078618/KAKAO_903_18_set/",
    "label_path": "/data/file/cubeManager/PROJECT001/53/txt20211005095751078618/KAKAO_903_18_set/",
    "category": 2,
    "type": 0
  },
  "licenses": {
    "name": "Apache License 1.0",
    "url": "http://www.apache.org/licenses/LICENSE-1.0"
  },
  "info": [
    {
      "id": 40797,
      "filename": "KAKAO_903_18.txt",
      "title": "KAKAO_903_18",
      "mediatype": "SNS",
      "medianame": "카카오톡",
      "category": "일상대화",
      "date": "2021-10-05",
      "size": 605,
      "annotations": {
        "subject": "상거래 전반",
        "speaker_type": "1:1",
        "size": 605,
        "word_size": 197,
        "text": "1 : 아 그런 김에 용돈 좀 줘봐 옷 주문 해야 하는데...\n1 : 장바구니에 백만 원 어치 있음\n2 : 환장 키키 무슨일이여 백만 원은 너무 하넼 키키\n1 : 키키 진짜 언제 살 수 있는지 모르겠음...\n1 : 쇼핑몰의 폐해야 사지 못할 물건만 가득해\n2 : 난 직접 가서 사야지 작성이 풀리더라\n1 : 아 진짜? 난 너무 귀찮아... 온라인 쇼핑이 최고야\n2 : 온라인 쇼핑은 실패가 너무 많아\n1 : 요즘에는 실제 구매자 리뷰도 많고 배달도 빠르잖어...\n2 : 그건 그래 원하는 옷을 빨리 찾을 수 있는데 생각보다 핏이랑 그런 게 내 맘에 안 드는 경우가 너무 많아\n1 : 그냥 내가 모델 같은 몸뚱이면 사실 그런 거 상관 없을 텐데... 화나네\n2 : 갑자기 눈물이 막 나려고 하네...? ㅠ\n1 : 아 그래도 난 오프라인에서 쇼핑하는 건 도저히 귀찮어\n2 : 근데 그게 확실히 성공률이 높아\n1 : 자기 전에 누워서 졸린 눈 비벼가면서 쇼핑물 뒤지는 게 포인튼데...\n2 : 키키 난 쇼핑몰 안 들어가 본 지도 꽤 된 거 같은데\n1 : 나 진짜 지그재그에 백만 원 무신사에 백만 원 오늘의 집에 백 오십만 원 있음\n2 : 무슨 일이야 거기 안에 한 3년 전에 봤던 것도 들어가 있는 거 아니냐? 키키",
        "lines": [
          {
            "id": 1,
            "text": "1 : 아 그런 김에 용돈 좀 줘봐 옷 주문 해야 하는데...",
            "norm_text": "아 그런 김에 용돈 좀 줘봐 옷 주문 해야 하는데...",
            "speaker": {
              "id": "1번",
              "sex": "여성",
              "age": "20대"
            },
            "speechAct": "(단언) 주장하기",
            "morpheme": "아/IC+그런/MM+김/NNB+에/JKB+용돈/NNG+좀/MAG+줘/VV+EC+봐/VX+EF+옷/NNG+주문/NNG+해야/XSV+EC+하/VV+는데/EC+./SY+./SY"
          },
          {
            "id": 2,
            "text": "1 : 장바구니에 백만 원 어치 있음",
            "norm_text": "장바구니에 백만 원 어치 있음",
            "speaker": {
              "id": "1번",
              "sex": "여성",
              "age": "20대"
            },
            "speechAct": "(단언) 진술하기",
            "morpheme": "장바구니/NNG+에/JKB+백만/NR+원/NNBC+어치/NNG+있/VV+음/ETN"
          },
          {
            "id": 3,
            "text": "2 : 환장 키키 무슨일이여 백만 원은 너무 하넼 키키",
            "norm_text": "환장 키키 무슨일이여 백만 원은 너무 하넼 키키",
            "speaker": {
              "id": "2번",
              "sex": "여성",
              "age": "20대"
            },
            "speechAct": "(단언) 주장하기",
            "morpheme": "환장/NNG+키/NNG+키/XSV+ETN+무슨/MM+일/NR+이/NR+여/XSN+백만/NR+원/NNBC+은/JX+너무/MAG+하/XSA+넼키/UNKNOWN+키/NNG"
          },
          {
            "id": 4,
            "text": "1 : 키키 진짜 언제 살 수 있는지 모르겠음...",
            "norm_text": "키키 진짜 언제 살 수 있는지 모르겠음...",
            "speaker": {
              "id": "1번",
              "sex": "여성",
              "age": "20대"
            },
            "speechAct": "(단언) 주장하기",
            "morpheme": "키/NNG+키/XSV+ETN+진짜/MAG+언제/MAG+살/VV+ETM+수/NNB+있/VV+는지/EC+모르/VV+겠/EP+음/ETN+./SY"
          },
          {
            "id": 5,
            "text": "1 : 쇼핑몰의 폐해야 사지 못할 물건만 가득해",
            "norm_text": "쇼핑몰의 폐해야 사지 못할 물건만 가득해",
            "speaker": {
              "id": "1번",
              "sex": "여성",
              "age": "20대"
            },
            "speechAct": "(단언) 주장하기",
            "morpheme": "쇼핑몰/NNG+의/JKG+폐/NNG+해야/XSV+EC+사/VV+지/EC+못할/VX+ETM+물건/NNG+만/JX+가득/MAG+해/VV+EC"
          },
          {
            "id": 6,
            "text": "2 : 난 직접 가서 사야지 작성이 풀리더라",
            "norm_text": "난 직접 가서 사야지 작성이 풀리더라",
            "speaker": {
              "id": "2번",
              "sex": "여성",
              "age": "20대"
            },
            "speechAct": "(단언) 진술하기",
            "morpheme": "난/NP+JX+직접/MAG+가/VV+서/EC+사/VV+야지/EC+작성/NNG+이/JKS+풀리/VV+더라/EC"
          },
          {
            "id": 7,
            "text": "1 : 아 진짜? 난 너무 귀찮아... 온라인 쇼핑이 최고야",
            "norm_text": "아 진짜? 난 너무 귀찮아... 온라인 쇼핑이 최고야",
            "speaker": {
              "id": "1번",
              "sex": "여성",
              "age": "20대"
            },
            "speechAct": "(단언) 주장하기",
            "morpheme": "아/IC+진짜/MAG+난/NP+JX+너무/MAG+귀찮/VA+아/EF+./SY+온라인/NNG+쇼핑/NNG+이/JKS+최고/NNG+야/VCP+EF"
          },
          {
            "id": 8,
            "text": "2 : 온라인 쇼핑은 실패가 너무 많아",
            "norm_text": "온라인 쇼핑은 실패가 너무 많아",
            "speaker": {
              "id": "2번",
              "sex": "여성",
              "age": "20대"
            },
            "speechAct": "(단언) 주장하기",
            "morpheme": "온라인/NNG+쇼핑/NNG+은/JX+실패/NNG+가/JKS+너무/MAG+많/VA+아/EC"
          },
          {
            "id": 9,
            "text": "1 : 요즘에는 실제 구매자 리뷰도 많고 배달도 빠르잖어...",
            "norm_text": "요즘에는 실제 구매자 리뷰도 많고 배달도 빠르잖어...",
            "speaker": {
              "id": "1번",
              "sex": "여성",
              "age": "20대"
            },
            "speechAct": "(단언) 진술하기",
            "morpheme": "요즘/NNG+에/JKB+는/JX+실제/NNG+구매자/NNG+리뷰/NNP+도/JX+많/VA+고/EC+배달/NNG+도/JX+빠르/VA+잖어/EC+VX+EF+./SY"
          },
          {
            "id": 10,
            "text": "2 : 그건 그래 원하는 옷을 빨리 찾을 수 있는데 생각보다 핏이랑 그런 게 내 맘에 안 드는 경우가 너무 많아",
            "norm_text": "그건 그래 원하는 옷을 빨리 찾을 수 있는데 생각보다 핏이랑 그런 게 내 맘에 안 드는 경우가 너무 많아",
            "speaker": {
              "id": "2번",
              "sex": "여성",
              "age": "20대"
            },
            "speechAct": "(단언) 진술하기",
            "morpheme": "그건/NP+JX+그래/VA+EC+원/NNG+하/XSV+는/ETM+옷/NNG+을/JKO+빨리/MAG+찾/VV+을/ETM+수/NNB+있/VV+는데/EC+생각/NNG+보다/JKB+핏/NNG+이랑/JC+그런/MM+게/NNB+JKS+내/NP+JKG+맘/NNG+에/JKB+안/MAG+드/VV+는/ETM+경우/NNG+가/JKS+너무/MAG+많/VA+아/EC"
          },
          {
            "id": 11,
            "text": "1 : 그냥 내가 모델 같은 몸뚱이면 사실 그런 거 상관 없을 텐데... 화나네",
            "norm_text": "그냥 내가 모델 같은 몸뚱이면 사실 그런 거 상관 없을 텐데... 화나네",
            "speaker": {
              "id": "1번",
              "sex": "여성",
              "age": "20대"
            },
            "speechAct": "(단언) 주장하기",
            "morpheme": "그냥/MAG+내/NP+가/JKS+모델/NNG+같/VA+은/ETM+몸뚱이/NNG+면/VCP+EC+사실/MAG+그런/MM+거/NNB+상관없/VA+을/ETM+텐데/NNB+VCP+EF+./SY+화/IC+나/NP+네/XSN"
          },
          {
            "id": 12,
            "text": "2 : 갑자기 눈물이 막 나려고 하네...? ㅠ",
            "norm_text": "갑자기 눈물이 막 나려고 하네...? ㅠ",
            "speaker": {
              "id": "2번",
              "sex": "여성",
              "age": "20대"
            },
            "speechAct": "(단언) 주장하기",
            "morpheme": "갑자기/MAG+눈물/NNG+이/JKS+막/VV+나/EC+려고/NNG+하/XSA+네/EF+./SY+./SY+ㅠ/UNKNOWN"
          },
          {
            "id": 13,
            "text": "1 : 아 그래도 난 오프라인에서 쇼핑하는 건 도저히 귀찮어",
            "norm_text": "아 그래도 난 오프라인에서 쇼핑하는 건 도저히 귀찮어",
            "speaker": {
              "id": "1번",
              "sex": "여성",
              "age": "20대"
            },
            "speechAct": "(단언) 주장하기",
            "morpheme": "아/IC+그래도/MAJ+난/NP+JX+오프라인/NNG+에서/JKB+쇼핑/NNG+하/XSV+는/ETM+건/NNB+JX+도저히/MAG+귀찮/VA+어/EC"
          },
          {
            "id": 14,
            "text": "2 : 근데 그게 확실히 성공률이 높아",
            "norm_text": "근데 그게 확실히 성공률이 높아",
            "speaker": {
              "id": "2번",
              "sex": "여성",
              "age": "20대"
            },
            "speechAct": "(단언) 주장하기",
            "morpheme": "근데/MAJ+그게/NP+JKS+확실히/MAG+성공/NNG+률/XSN+이/JKS+높/VA+아/EC"
          },
          {
            "id": 15,
            "text": "1 : 자기 전에 누워서 졸린 눈 비벼가면서 쇼핑물 뒤지는 게 포인튼데...",
            "norm_text": "자기 전에 누워서 졸린 눈 비벼가면서 쇼핑물 뒤지는 게 포인튼데...",
            "speaker": {
              "id": "1번",
              "sex": "여성",
              "age": "20대"
            },
            "speechAct": "(단언) 주장하기",
            "morpheme": "자기/NP+전/NNG+에/JKB+누워서/VV+EC+졸린/VV+ETM+눈/NNG+비벼/VV+EC+가/VX+면서/EC+쇼핑물/NNG+뒤지/VV+는/ETM+게/NNB+JKS+포인튼/NNP+데/NNB+./SY+./SY"
          },
          {
            "id": 16,
            "text": "2 : 키키 난 쇼핑몰 안 들어가 본 지도 꽤 된 거 같은데",
            "norm_text": "키키 난 쇼핑몰 안 들어가 본 지도 꽤 된 거 같은데",
            "speaker": {
              "id": "2번",
              "sex": "여성",
              "age": "20대"
            },
            "speechAct": "(단언) 진술하기",
            "morpheme": "키/NNG+키/XSV+ETN+난/VV+ETM+쇼핑몰/NNG+안/MAG+들어가/VV+EC+본지/NNG+도/JX+꽤/MAG+된/VV+ETM+거/NNB+같/VA+은데/EC"
          },
          {
            "id": 17,
            "text": "1 : 나 진짜 지그재그에 백만 원 무신사에 백만 원 오늘의 집에 백 오십만 원 있음",
            "norm_text": "나 진짜 지그재그에 백만 원 무신사에 백만 원 오늘의 집에 백 오십만 원 있음",
            "speaker": {
              "id": "1번",
              "sex": "여성",
              "age": "20대"
            },
            "speechAct": "(단언) 진술하기",
            "morpheme": "나/NP+진짜/MAG+지그재그/NNG+에/JKB+백만/NR+원/NNBC+무/XPN+신사/NNG+에/JKB+백만/NR+원/NNBC+오늘/NNG+의/JKG+집/NNG+에/JKB+백/NR+오/NR+십/NR+만/NR+원/NNBC+있/VV+음/ETN"
          },
          {
            "id": 18,
            "text": "2 : 무슨 일이야 거기 안에 한 3년 전에 봤던 것도 들어가 있는 거 아니냐? 키키",
            "norm_text": "무슨 일이야 거기 안에 한 3년 전에 봤던 것도 들어가 있는 거 아니냐? 키키",
            "speaker": {
              "id": "2번",
              "sex": "여성",
              "age": "20대"
            },
            "speechAct": "(지시) 질문하기",
            "morpheme": "무슨/MM+일/NNG+이/VCP+야/EF+거기/NP+안/NNG+에/JKB+한/MM+3/SN+년/NNBC+전/NNG+에/JKB+봤/VV+EP+던/ETM+것/NNB+도/JX+들어가/VV+EC+있/VX+는/ETM+거/NNB+아니/VCN+냐/EF+키/NNG+키/XSV+ETN"
          }
        ]
      }
    }
  ]
}