{
  "dataset": {
    "identifier": 63145,
    "name": "KAKAO_918_13_set",
    "src_path": "/data/file/cubeManager/PROJECT001/53/txt20211005154951054890/KAKAO_918_13_set/",
    "label_path": "/data/file/cubeManager/PROJECT001/53/txt20211005154951054890/KAKAO_918_13_set/",
    "category": 2,
    "type": 0
  },
  "licenses": {
    "name": "Apache License 1.0",
    "url": "http://www.apache.org/licenses/LICENSE-1.0"
  },
  "info": [
    {
      "id": 41790,
      "filename": "KAKAO_918_13.txt",
      "title": "KAKAO_918_13",
      "mediatype": "SNS",
      "medianame": "카카오톡",
      "category": "일상대화",
      "date": "2021-10-05",
      "size": 412,
      "annotations": {
        "subject": "계절/날씨",
        "speaker_type": "1:1",
        "size": 412,
        "word_size": 143,
        "text": "1 : 니 당일치기로 다녀올 때 날씨 봤나?\n2 : 어 키키 날씨는 알고 가야 하니까\n1 : 키키 옷 하나씩은 챙겨가야겠네\n2 : 얇은 거 하나 챙겨서 갈라고\n2 : 차에 담요도 있기는 해\n1 : 아침 저녁이 춥더라 ㅠㅠ\n2 : 맞다 이런 날씨에 감기 걸린다 조심해라 ㅜ\n1 : 안 그래도 코가 계속 간지럽다 키키\n2 : 조심해라 아프면 고생이다\n1 : 엉 ㅠㅠ 판콜에이 하나 먹었다\n1 : 니도 조심해\n2 : 어 나는 감기 잘 걸려서 몸에 좋은 건 다 먹고 있다 키키\n1 : 키키 면역력을 키우자\n1 : 홍삼 먹나?\n2 : 어머니가 챙겨주셔서 매일 먹고 있다 키키\n1 : 좋은 어머니시네 하하\n1 : 나도 홍삼 없이는 못산다\n2 : 너도 항상 챙겨 먹고 있나?\n1 : 나도 매일은 아닌데 기력 딸린다 싶을 때 하나씩 먹는다 키키\n2 : 30대다 몸 관리 잘해야 된다 ㅠ",
        "lines": [
          {
            "id": 1,
            "text": "1 : 니 당일치기로 다녀올 때 날씨 봤나?",
            "norm_text": "니 당일치기로 다녀올 때 날씨 봤나?",
            "speaker": {
              "id": "1번",
              "sex": "여성",
              "age": "20대"
            },
            "speechAct": "(단언) 진술하기",
            "morpheme": "니/MM+당일치기/NNG+로/JKB+다녀올/VV+ETM+때/NNG+날씨/NNG+봤/VV+EP+나/EF"
          },
          {
            "id": 2,
            "text": "2 : 어 키키 날씨는 알고 가야 하니까",
            "norm_text": "어 키키 날씨는 알고 가야 하니까",
            "speaker": {
              "id": "2번",
              "sex": "남성",
              "age": "30대"
            },
            "speechAct": "(단언) 진술하기",
            "morpheme": "어/IC+키/NNG+키/NNG+날씨/NNG+는/JX+알/VV+고/EC+가/VX+야/EC+하/VV+니까/EC"
          },
          {
            "id": 3,
            "text": "1 : 키키 옷 하나씩은 챙겨가야겠네",
            "norm_text": "키키 옷 하나씩은 챙겨가야겠네",
            "speaker": {
              "id": "1번",
              "sex": "여성",
              "age": "20대"
            },
            "speechAct": "(단언) 진술하기",
            "morpheme": "키/NNG+키/NNG+옷/NNG+하나/NR+씩/XSN+은/JX+챙겨/VV+EC+가/VX+야/EC+VX+겠/EP+네/EF"
          },
          {
            "id": 4,
            "text": "2 : 얇은 거 하나 챙겨서 갈라고",
            "norm_text": "얇은 거 하나 챙겨서 갈라고",
            "speaker": {
              "id": "2번",
              "sex": "남성",
              "age": "30대"
            },
            "speechAct": "(단언) 진술하기",
            "morpheme": "얇/VA+은/ETM+거/NNB+하나/NR+챙겨서/VV+EC+갈라고/VV+EC"
          },
          {
            "id": 5,
            "text": "2 : 차에 담요도 있기는 해",
            "norm_text": "차에 담요도 있기는 해",
            "speaker": {
              "id": "2번",
              "sex": "남성",
              "age": "30대"
            },
            "speechAct": "(단언) 진술하기",
            "morpheme": "차/NNG+에/JKB+담요/NNG+도/JX+있/VX+기/ETN+는/JX+해/VV+EC"
          },
          {
            "id": 6,
            "text": "1 : 아침 저녁이 춥더라 ㅠㅠ",
            "norm_text": "아침 저녁이 춥더라 ㅠㅠ",
            "speaker": {
              "id": "1번",
              "sex": "여성",
              "age": "20대"
            },
            "speechAct": "(단언) 진술하기",
            "morpheme": "아침/NNG+저녁/NNG+이/JKS+춥/VA+더라/EF+ㅠㅠ/UNKNOWN"
          },
          {
            "id": 7,
            "text": "2 : 맞다 이런 날씨에 감기 걸린다 조심해라 ㅜ",
            "norm_text": "맞다 이런 날씨에 감기 걸린다 조심해라 ㅜ",
            "speaker": {
              "id": "2번",
              "sex": "남성",
              "age": "30대"
            },
            "speechAct": "(단언) 진술하기",
            "morpheme": "맞/VV+다/EC+이런/MM+날씨/NNG+에/JKB+감기/NNG+걸린다/VV+EC+조심/NNG+해/XSV+EC+라ㅜ/UNKNOWN"
          },
          {
            "id": 8,
            "text": "1 : 안 그래도 코가 계속 간지럽다 키키",
            "norm_text": "안 그래도 코가 계속 간지럽다 키키",
            "speaker": {
              "id": "1번",
              "sex": "여성",
              "age": "20대"
            },
            "speechAct": "(단언) 진술하기",
            "morpheme": "안/MAG+그래도/VV+EC+코/NNG+가/JKS+계속/MAG+간지럽/VA+다키키/NNP"
          },
          {
            "id": 9,
            "text": "2 : 조심해라 아프면 고생이다",
            "norm_text": "조심해라 아프면 고생이다",
            "speaker": {
              "id": "2번",
              "sex": "남성",
              "age": "30대"
            },
            "speechAct": "(단언) 진술하기",
            "morpheme": "조심/NNG+해라/XSV+EC+아프/VA+면/EC+고생/NNG+이/VCP+다/EC"
          },
          {
            "id": 10,
            "text": "1 : 엉 ㅠㅠ 판콜에이 하나 먹었다",
            "norm_text": "엉 ㅠㅠ 판콜에이 하나 먹었다",
            "speaker": {
              "id": "1번",
              "sex": "여성",
              "age": "20대"
            },
            "speechAct": "(단언) 진술하기",
            "morpheme": "엉/IC+ㅠㅠ/UNKNOWN+판/VV+ETM+콜/NNG+에/JKB+이/NR+하나/NR+먹/VV+었/EP+다/EC"
          },
          {
            "id": 11,
            "text": "1 : 니도 조심해",
            "norm_text": "니도 조심해",
            "speaker": {
              "id": "1번",
              "sex": "여성",
              "age": "20대"
            },
            "speechAct": "(지시) 충고/제안하기",
            "morpheme": "니/NP+도/JX+조심/NNG+해/XSV+EC"
          },
          {
            "id": 12,
            "text": "2 : 어 나는 감기 잘 걸려서 몸에 좋은 건 다 먹고 있다 키키",
            "norm_text": "어 나는 감기 잘 걸려서 몸에 좋은 건 다 먹고 있다 키키",
            "speaker": {
              "id": "2번",
              "sex": "남성",
              "age": "30대"
            },
            "speechAct": "(단언) 진술하기",
            "morpheme": "어/IC+나/NP+는/JX+감기/NNG+잘/MAG+걸려서/VV+EC+몸/NNG+에/JKB+좋/VA+은/ETM+건/NNB+JX+다/MAG+먹/VV+고/EC+있/VX+다키키/NNP"
          },
          {
            "id": 13,
            "text": "1 : 키키 면역력을 키우자",
            "norm_text": "키키 면역력을 키우자",
            "speaker": {
              "id": "1번",
              "sex": "여성",
              "age": "20대"
            },
            "speechAct": "(지시) 충고/제안하기",
            "morpheme": "키/NNG+키/NNG+면역력/NNG+을/JKO+키우/VV+자/EC"
          },
          {
            "id": 14,
            "text": "1 : 홍삼 먹나?",
            "norm_text": "홍삼 먹나?",
            "speaker": {
              "id": "1번",
              "sex": "여성",
              "age": "20대"
            },
            "speechAct": "(지시) 질문하기",
            "morpheme": "홍삼/NNG+먹/VV+나/EF"
          },
          {
            "id": 15,
            "text": "2 : 어머니가 챙겨주셔서 매일 먹고 있다 키키",
            "norm_text": "어머니가 챙겨주셔서 매일 먹고 있다 키키",
            "speaker": {
              "id": "2번",
              "sex": "남성",
              "age": "30대"
            },
            "speechAct": "(단언) 진술하기",
            "morpheme": "어머니/NNG+가/JKS+챙겨/VV+EC+주/VX+셔서/EP+EC+매일/MAG+먹/VV+고/EC+있/VX+다키키/NNP"
          },
          {
            "id": 16,
            "text": "1 : 좋은 어머니시네 하하",
            "norm_text": "좋은 어머니시네 하하",
            "speaker": {
              "id": "1번",
              "sex": "여성",
              "age": "20대"
            },
            "speechAct": "(단언) 주장하기",
            "morpheme": "좋/VA+은/ETM+어머니/NNG+시네/VV+EP+EC+하하/MAG"
          },
          {
            "id": 17,
            "text": "1 : 나도 홍삼 없이는 못산다",
            "norm_text": "나도 홍삼 없이는 못산다",
            "speaker": {
              "id": "1번",
              "sex": "여성",
              "age": "20대"
            },
            "speechAct": "(단언) 진술하기",
            "morpheme": "나/NP+도/JX+홍삼/NNG+없이/MAG+는/JX+못/MAG+산다/VV+EC"
          },
          {
            "id": 18,
            "text": "2 : 너도 항상 챙겨 먹고 있나?",
            "norm_text": "너도 항상 챙겨 먹고 있나?",
            "speaker": {
              "id": "2번",
              "sex": "남성",
              "age": "30대"
            },
            "speechAct": "(지시) 질문하기",
            "morpheme": "너/NP+도/JX+항상/MAG+챙겨/VV+EC+먹/VV+고/EC+있/VX+나/EF"
          },
          {
            "id": 19,
            "text": "1 : 나도 매일은 아닌데 기력 딸린다 싶을 때 하나씩 먹는다 키키",
            "norm_text": "나도 매일은 아닌데 기력 딸린다 싶을 때 하나씩 먹는다 키키",
            "speaker": {
              "id": "1번",
              "sex": "여성",
              "age": "20대"
            },
            "speechAct": "(단언) 진술하기",
            "morpheme": "나/NP+도/JX+매일/MAG+은/JX+아닌데/VCN+EC+기력/NNG+딸린다/VV+EF+싶/VX+을/ETM+때/NNG+하나/NR+씩/XSN+먹/VV+는/ETM+다키키/NNP"
          },
          {
            "id": 20,
            "text": "2 : 30대다 몸 관리 잘해야 된다 ㅠ",
            "norm_text": "30대다 몸 관리 잘해야 된다 ㅠ",
            "speaker": {
              "id": "2번",
              "sex": "남성",
              "age": "30대"
            },
            "speechAct": "(지시) 충고/제안하기",
            "morpheme": "30/SN+대/NNBC+다/MAG+몸/NNG+관리/NNG+잘/MAG+해야/VV+EC+된/VV+ETM+다ㅠ/UNKNOWN"
          }
        ]
      }
    }
  ]
}