{
  "dataset": {
    "identifier": 63136,
    "name": "KAKAO_918_06_set",
    "src_path": "/data/file/cubeManager/PROJECT001/53/txt20211005154951050023/KAKAO_918_06_set/",
    "label_path": "/data/file/cubeManager/PROJECT001/53/txt20211005154951050023/KAKAO_918_06_set/",
    "category": 2,
    "type": 0
  },
  "licenses": {
    "name": "Apache License 1.0",
    "url": "http://www.apache.org/licenses/LICENSE-1.0"
  },
  "info": [
    {
      "id": 41783,
      "filename": "KAKAO_918_06.txt",
      "title": "KAKAO_918_06",
      "mediatype": "SNS",
      "medianame": "카카오톡",
      "category": "일상대화",
      "date": "2021-10-05",
      "size": 406,
      "annotations": {
        "subject": "교육",
        "speaker_type": "1:1",
        "size": 406,
        "word_size": 137,
        "text": "1 : 니 학교 다닐 때 제일 좋았던 선생님 있나?\n2 : 수학 선생님 정말 잘 가르쳐 주셨다\n1 : 그러면 수학도 잘했나?\n2 : 나름 수학을 제일 좋아했었다\n1 : 이과네 키키 수학 머리 아파\n2 : 키키 너는 좋아하는 과목 있었나?\n1 : 나는 웬만한 거는 다 좋아했던 것 같다 키키\n2 : 그럼 공부 잘 했겠네?\n1 : 키키 나름 잘하는 편이었지 니도 잘했잖아\n2 : 어 키키 그때는 공부가 재미있었지\n1 : 키키 근데 대학교 가서 전공을 잘못 잡았다\n2 : 너 전공 뭐였는데?\n1 : 전공은 경영학이었는데 할 거 없어서 경영학 들었거든 키키\n2 : 나는 그래도 전공은 살렸다\n1 : 니는 전공 뭐였어?\n2 : 의료기계과 전공했다\n1 : 오 그런 과도 있었나?\n1 : 전공 진짜 잘 살렸네\n2 : 어 다행이제\n2 : 너 학자금 대출 받아서 등록금 냈나?",
        "lines": [
          {
            "id": 1,
            "text": "1 : 니 학교 다닐 때 제일 좋았던 선생님 있나?",
            "norm_text": "니 학교 다닐 때 제일 좋았던 선생님 있나?",
            "speaker": {
              "id": "1번",
              "sex": "여성",
              "age": "20대"
            },
            "speechAct": "(지시) 질문하기",
            "morpheme": "니/MM+학교/NNG+다닐/VV+ETM+때/NNG+제일/MAG+좋/VA+았/EP+던/ETM+선생/NNG+님/XSN+있/VV+나/EF"
          },
          {
            "id": 2,
            "text": "2 : 수학 선생님 정말 잘 가르쳐 주셨다",
            "norm_text": "수학 선생님 정말 잘 가르쳐 주셨다",
            "speaker": {
              "id": "2번",
              "sex": "남성",
              "age": "30대"
            },
            "speechAct": "(단언) 진술하기",
            "morpheme": "수학/NNG+선생/NNG+님/XSN+정말/MAG+잘/MAG+가르쳐/VV+EC+주/VX+셨/EP+EP+다/EC"
          },
          {
            "id": 3,
            "text": "1 : 그러면 수학도 잘했나?",
            "norm_text": "그러면 수학도 잘했나?",
            "speaker": {
              "id": "1번",
              "sex": "여성",
              "age": "20대"
            },
            "speechAct": "(지시) 질문하기",
            "morpheme": "그러면/MAJ+수학/NNG+도/JX+잘/MAG+했/VV+EP+나/EF"
          },
          {
            "id": 4,
            "text": "2 : 나름 수학을 제일 좋아했었다",
            "norm_text": "나름 수학을 제일 좋아했었다",
            "speaker": {
              "id": "2번",
              "sex": "남성",
              "age": "30대"
            },
            "speechAct": "(단언) 진술하기",
            "morpheme": "나름/NNB+수학/NNG+을/JKO+제일/MAG+좋/VA+아/EC+했었/VX+EP+다/EC"
          },
          {
            "id": 5,
            "text": "1 : 이과네 키키 수학 머리 아파",
            "norm_text": "이과네 키키 수학 머리 아파",
            "speaker": {
              "id": "1번",
              "sex": "여성",
              "age": "20대"
            },
            "speechAct": "(단언) 진술하기",
            "morpheme": "이/MM+과/NNG+네/XSN+키/NNG+키/NNG+수학/NNG+머리/NNG+아파/VA+EC"
          },
          {
            "id": 6,
            "text": "2 : 키키 너는 좋아하는 과목 있었나?",
            "norm_text": "키키 너는 좋아하는 과목 있었나?",
            "speaker": {
              "id": "2번",
              "sex": "남성",
              "age": "30대"
            },
            "speechAct": "(지시) 질문하기",
            "morpheme": "키/NNG+키/XSV+ETN+너/NP+는/JX+좋/VA+아/EC+하/VV+는/ETM+과목/NNG+있/VV+었/EP+나/EF"
          },
          {
            "id": 7,
            "text": "1 : 나는 웬만한 거는 다 좋아했던 것 같다 키키",
            "norm_text": "나는 웬만한 거는 다 좋아했던 것 같다 키키",
            "speaker": {
              "id": "1번",
              "sex": "여성",
              "age": "20대"
            },
            "speechAct": "(단언) 진술하기",
            "morpheme": "나/NP+는/JX+웬만/XR+한/XSA+ETM+거/NNB+는/JX+다/MAG+좋/VA+아/EC+했/VX+EP+던/ETM+것/NNB+같/VA+다키키/NNP"
          },
          {
            "id": 8,
            "text": "2 : 그럼 공부 잘 했겠네?",
            "norm_text": "그럼 공부 잘 했겠네?",
            "speaker": {
              "id": "2번",
              "sex": "남성",
              "age": "30대"
            },
            "speechAct": "(지시) 질문하기",
            "morpheme": "그럼/MAJ+공부/NNG+잘/MAG+했/VV+EP+겠/EP+네/EF"
          },
          {
            "id": 9,
            "text": "1 : 키키 나름 잘하는 편이었지 니도 잘했잖아",
            "norm_text": "키키 나름 잘하는 편이었지 니도 잘했잖아",
            "speaker": {
              "id": "1번",
              "sex": "여성",
              "age": "20대"
            },
            "speechAct": "(단언) 진술하기",
            "morpheme": "키/NNG+키/XSV+ETN+나름/NNB+잘/MAG+하/VV+는/ETM+편/NNB+이/VCP+었/EP+지니/EC+도/JX+잘/MAG+했잖아/VV+EP+EC+VX+EC"
          },
          {
            "id": 10,
            "text": "2 : 어 키키 그때는 공부가 재미있었지",
            "norm_text": "어 키키 그때는 공부가 재미있었지",
            "speaker": {
              "id": "2번",
              "sex": "남성",
              "age": "30대"
            },
            "speechAct": "(단언) 진술하기",
            "morpheme": "어/IC+키/NNG+키/NNG+그때/NNG+는/JX+공부/NNG+가/JKS+재미있/VA+었/EP+지/EC"
          },
          {
            "id": 11,
            "text": "1 : 키키 근데 대학교 가서 전공을 잘못 잡았다",
            "norm_text": "키키 근데 대학교 가서 전공을 잘못 잡았다",
            "speaker": {
              "id": "1번",
              "sex": "여성",
              "age": "20대"
            },
            "speechAct": "(단언) 진술하기",
            "morpheme": "키/NNG+키/XSV+ETN+근데/MAJ+대학교/NNG+가/VV+서/EC+전공/NNG+을/JKO+잘못/MAG+잡/VV+았/EP+다/EC"
          },
          {
            "id": 12,
            "text": "2 : 너 전공 뭐였는데?",
            "norm_text": "너 전공 뭐였는데?",
            "speaker": {
              "id": "2번",
              "sex": "남성",
              "age": "30대"
            },
            "speechAct": "(지시) 질문하기",
            "morpheme": "너/NP+전공/NNG+뭐/NP+였/VCP+EP+는데/EF"
          },
          {
            "id": 13,
            "text": "1 : 전공은 경영학이었는데 할 거 없어서 경영학 들었거든 키키",
            "norm_text": "전공은 경영학이었는데 할 거 없어서 경영학 들었거든 키키",
            "speaker": {
              "id": "1번",
              "sex": "여성",
              "age": "20대"
            },
            "speechAct": "(단언) 진술하기",
            "morpheme": "전공/NNG+은/JX+경영학/NNG+이/VCP+었/EP+는데/EC+할/VX+ETM+거/NNB+없/VA+어서/EC+경영학/NNG+들/VV+었/EP+거든/EF+키/NNG+키/XSV+ETN"
          },
          {
            "id": 14,
            "text": "2 : 나는 그래도 전공은 살렸다",
            "norm_text": "나는 그래도 전공은 살렸다",
            "speaker": {
              "id": "2번",
              "sex": "남성",
              "age": "30대"
            },
            "speechAct": "(단언) 진술하기",
            "morpheme": "나/NP+는/JX+그래도/MAJ+전공/NNG+은/JX+살렸/VV+EP+다/EC"
          },
          {
            "id": 15,
            "text": "1 : 니는 전공 뭐였어?",
            "norm_text": "니는 전공 뭐였어?",
            "speaker": {
              "id": "1번",
              "sex": "여성",
              "age": "20대"
            },
            "speechAct": "(지시) 질문하기",
            "morpheme": "니/NP+는/JX+전공/NNG+뭐/NP+였/VCP+EP+어/EF"
          },
          {
            "id": 16,
            "text": "2 : 의료기계과 전공했다",
            "norm_text": "의료기계과 전공했다",
            "speaker": {
              "id": "2번",
              "sex": "남성",
              "age": "30대"
            },
            "speechAct": "(단언) 진술하기",
            "morpheme": "의료기/NNG+계/XSN+과/JC+전공/NNG+했/XSV+EP+다/EC"
          },
          {
            "id": 17,
            "text": "1 : 오 그런 과도 있었나?",
            "norm_text": "오 그런 과도 있었나?",
            "speaker": {
              "id": "1번",
              "sex": "여성",
              "age": "20대"
            },
            "speechAct": "(지시) 질문하기",
            "morpheme": "오/IC+그런/MM+과/NNG+도/JX+있/VA+었/EP+나/EF"
          },
          {
            "id": 18,
            "text": "1 : 전공 진짜 잘 살렸네",
            "norm_text": "전공 진짜 잘 살렸네",
            "speaker": {
              "id": "1번",
              "sex": "여성",
              "age": "20대"
            },
            "speechAct": "(단언) 진술하기",
            "morpheme": "전공/NNG+진짜/MAG+잘/MAG+살렸/VV+EP+네/EF"
          },
          {
            "id": 19,
            "text": "2 : 어 다행이제",
            "norm_text": "어 다행이제",
            "speaker": {
              "id": "2번",
              "sex": "남성",
              "age": "30대"
            },
            "speechAct": "(단언) 진술하기",
            "morpheme": "어/IC+다행/NNG+이제/MAG"
          },
          {
            "id": 20,
            "text": "2 : 너 학자금 대출 받아서 등록금 냈나?",
            "norm_text": "너 학자금 대출 받아서 등록금 냈나?",
            "speaker": {
              "id": "2번",
              "sex": "남성",
              "age": "30대"
            },
            "speechAct": "(지시) 질문하기",
            "morpheme": "너/NP+학자금/NNG+대출/NNG+받/VV+아서/EC+등록금/NNG+냈/VV+EP+나/EF"
          }
        ]
      }
    }
  ]
}