{
  "dataset": {
    "identifier": 72831,
    "name": "KAKAO_905_14_set",
    "src_path": "/data/file/cubeManager/PROJECT001/53/txt20211005152851099418/KAKAO_905_14_set/",
    "label_path": "/data/file/cubeManager/PROJECT001/53/txt20211005152851099418/KAKAO_905_14_set/",
    "category": 2,
    "type": 0
  },
  "licenses": {
    "name": "Apache License 1.0",
    "url": "http://www.apache.org/licenses/LICENSE-1.0"
  },
  "info": [
    {
      "id": 41351,
      "filename": "KAKAO_905_14.txt",
      "title": "KAKAO_905_14",
      "mediatype": "SNS",
      "medianame": "카카오톡",
      "category": "일상대화",
      "date": "2021-10-05",
      "size": 346,
      "annotations": {
        "subject": "사회이슈",
        "speaker_type": "1:1",
        "size": 346,
        "word_size": 123,
        "text": "1 : * 벌써 백신 70% 맞았대\n2 : 와우 우리가 그럼 삼십퍼\n1 : 그래 어쩐지 주위에 다 맞음 키키\n2 : 마쟈 내 주위에 형들도 다 맞음\n1 : 우리가 그 말 안 듣는 삼십퍼야 키키\n2 : 근데 난 겁나서 안 맞을래\n1 : 졸 웃김 키키 ㅠ 나두 나두 안 맞고 싶어...\n2 : 그거 맞고 죽음 어덯께 하하\n1 : 근데 오늘도 엄마가 맞으라고 꼬심\n2 : 주위에 죽은 사람은 못 봄 하하\n1 : 그래 난 코로나보다 더 무섭당\n2 : 그래도 나는 위드코로나 할래\n1 : 키키 그래 나도 먹는 치료제 먹을래\n2 : 영국은 이미 위드코로나임 하하\n1 : 근데 그거 한 알에  90만 원이래 ㄷㄷ\n2 : 축구장에 사람 완젼 많아 하하 개비싸넹",
        "lines": [
          {
            "id": 1,
            "text": "1 : * 벌써 백신 70% 맞았대",
            "norm_text": "* 벌써 백신 70% 맞았대",
            "speaker": {
              "id": "1번",
              "sex": "여성",
              "age": "30대"
            },
            "speechAct": "(단언) 진술하기",
            "morpheme": "*/SY+벌써/MAG+백신/NNG+70/SN+%/SY+맞/VV+았/EP+대/EC"
          },
          {
            "id": 2,
            "text": "2 : 와우 우리가 그럼 삼십퍼",
            "norm_text": "와우 우리가 그럼 삼십퍼",
            "speaker": {
              "id": "2번",
              "sex": "남성",
              "age": "30대"
            },
            "speechAct": "(단언) 주장하기",
            "morpheme": "와우/IC+우리/NP+가/JKS+그럼/MAJ+삼/NR+십/NR+퍼/NNG"
          },
          {
            "id": 3,
            "text": "1 : 그래 어쩐지 주위에 다 맞음 키키",
            "norm_text": "그래 어쩐지 주위에 다 맞음 키키",
            "speaker": {
              "id": "1번",
              "sex": "여성",
              "age": "30대"
            },
            "speechAct": "(단언) 진술하기",
            "morpheme": "그래/IC+어쩐지/MAG+주위/NNG+에다/JKB+맞음/NNG+키/NNG+키/XSV+ETN"
          },
          {
            "id": 4,
            "text": "2 : 마쟈 내 주위에 형들도 다 맞음",
            "norm_text": "마쟈 내 주위에 형들도 다 맞음",
            "speaker": {
              "id": "2번",
              "sex": "남성",
              "age": "30대"
            },
            "speechAct": "(단언) 진술하기",
            "morpheme": "마/VV+쟈/EC+내/NP+JKG+주위/NNG+에/JKB+형/NNG+들/XSN+도/JX+다/MAG+맞음/NNG"
          },
          {
            "id": 5,
            "text": "1 : 우리가 그 말 안 듣는 삼십퍼야 키키",
            "norm_text": "우리가 그 말 안 듣는 삼십퍼야 키키",
            "speaker": {
              "id": "1번",
              "sex": "여성",
              "age": "30대"
            },
            "speechAct": "(단언) 주장하기",
            "morpheme": "우리/NP+가/JKS+그/MM+말/NNG+안/MAG+듣/VV+는/ETM+삼/NR+십/NR+퍼야/VV+EC+키/NNG+키/XSV+ETN"
          },
          {
            "id": 6,
            "text": "2 : 근데 난 겁나서 안 맞을래",
            "norm_text": "근데 난 겁나서 안 맞을래",
            "speaker": {
              "id": "2번",
              "sex": "남성",
              "age": "30대"
            },
            "speechAct": "(단언) 주장하기",
            "morpheme": "근데/MAJ+난/NP+JX+겁나/VV+서/EC+안/MAG+맞/VV+을래/EC"
          },
          {
            "id": 7,
            "text": "1 : 졸 웃김 키키 ㅠ 나두 나두 안 맞고 싶어...",
            "norm_text": "졸 웃김 키키 ㅠ 나두 나두 안 맞고 싶어...",
            "speaker": {
              "id": "1번",
              "sex": "여성",
              "age": "30대"
            },
            "speechAct": "(단언) 주장하기",
            "morpheme": "졸웃김키키ㅠ나두나두안맞고싶어/UNKNOWN+./SY"
          },
          {
            "id": 8,
            "text": "2 : 그거 맞고 죽음 어덯께 하하",
            "norm_text": "그거 맞고 죽음 어덯께 하하",
            "speaker": {
              "id": "2번",
              "sex": "남성",
              "age": "30대"
            },
            "speechAct": "(단언) 주장하기",
            "morpheme": "그거/NP+맞/VV+고/EC+죽음/NNG+어덯/VA+께/EC+하하/MAG"
          },
          {
            "id": 9,
            "text": "1 : 근데 오늘도 엄마가 맞으라고 꼬심",
            "norm_text": "근데 오늘도 엄마가 맞으라고 꼬심",
            "speaker": {
              "id": "1번",
              "sex": "여성",
              "age": "30대"
            },
            "speechAct": "(단언) 진술하기",
            "morpheme": "근데/MAJ+오늘/NNG+도/JX+엄마/NNG+가/JKS+맞/VV+으라고/EC+꼬/VV+심/EP+ETN"
          },
          {
            "id": 10,
            "text": "2 : 주위에 죽은 사람은 못 봄 하하",
            "norm_text": "주위에 죽은 사람은 못 봄 하하",
            "speaker": {
              "id": "2번",
              "sex": "남성",
              "age": "30대"
            },
            "speechAct": "(단언) 진술하기",
            "morpheme": "주위/NNG+에/JKB+죽/VV+은/ETM+사람/NNG+은/JX+못/MAG+봄/NNG+하/XSV+하/XSA"
          },
          {
            "id": 11,
            "text": "1 : 그래 난 코로나보다 더 무섭당",
            "norm_text": "그래 난 코로나보다 더 무섭당",
            "speaker": {
              "id": "1번",
              "sex": "여성",
              "age": "30대"
            },
            "speechAct": "(단언) 주장하기",
            "morpheme": "그래/IC+난/NP+JX+코로나/NNG+보다/JKB+더/MAG+무섭/VA+당/EF"
          },
          {
            "id": 12,
            "text": "2 : 그래도 나는 위드코로나 할래",
            "norm_text": "그래도 나는 위드코로나 할래",
            "speaker": {
              "id": "2번",
              "sex": "남성",
              "age": "30대"
            },
            "speechAct": "(단언) 주장하기",
            "morpheme": "그래도/MAJ+나/NP+는/JX+위드/NNP+코로나/NNG+할래/XSV+EC"
          },
          {
            "id": 13,
            "text": "1 : 키키 그래 나도 먹는 치료제 먹을래",
            "norm_text": "키키 그래 나도 먹는 치료제 먹을래",
            "speaker": {
              "id": "1번",
              "sex": "여성",
              "age": "30대"
            },
            "speechAct": "(단언) 주장하기",
            "morpheme": "키/NNG+키/XSV+ETN+그래/JX+나/NP+도/JX+먹/VV+는/ETM+치료제/NNG+먹/VV+을래/EC"
          },
          {
            "id": 14,
            "text": "2 : 영국은 이미 위드코로나임 하하",
            "norm_text": "영국은 이미 위드코로나임 하하",
            "speaker": {
              "id": "2번",
              "sex": "남성",
              "age": "30대"
            },
            "speechAct": "(단언) 진술하기",
            "morpheme": "영국/NNP+은/JX+이미/MAG+위드/NNP+코로나/NNP+임하/NNG+하/XSV"
          },
          {
            "id": 15,
            "text": "1 : 근데 그거 한 알에  90만 원이래 ㄷㄷ",
            "norm_text": "근데 그거 한 알에  90만 원이래 ㄷㄷ",
            "speaker": {
              "id": "1번",
              "sex": "여성",
              "age": "30대"
            },
            "speechAct": "(단언) 진술하기",
            "morpheme": "근데/MAJ+그거/NP+한/MM+알/NNG+에/JKB+90/SN+만/NR+원/NNBC+이래/NNB+ㄷ/NNG+ㄷ/NNG"
          },
          {
            "id": 16,
            "text": "2 : 축구장에 사람 완젼 많아 하하 개비싸넹",
            "norm_text": "축구장에 사람 완젼 많아 하하 개비싸넹",
            "speaker": {
              "id": "2번",
              "sex": "남성",
              "age": "30대"
            },
            "speechAct": "(단언) 주장하기",
            "morpheme": "축구장/NNG+에/JKB+사람/NNG+완/JKB+JX+젼/NNG+많/VA+아/EC+하하/MAG+개/NNG+비싸/VA+EC+넹/NNP"
          }
        ]
      }
    }
  ]
}