{
  "dataset": {
    "identifier": 63163,
    "name": "KAKAO_917_03_set",
    "src_path": "/data/file/cubeManager/PROJECT001/53/txt202110051549390135108/KAKAO_917_03_set/",
    "label_path": "/data/file/cubeManager/PROJECT001/53/txt202110051549390135108/KAKAO_917_03_set/",
    "category": 2,
    "type": 0
  },
  "licenses": {
    "name": "Apache License 1.0",
    "url": "http://www.apache.org/licenses/LICENSE-1.0"
  },
  "info": [
    {
      "id": 41760,
      "filename": "KAKAO_917_03.txt",
      "title": "KAKAO_917_03",
      "mediatype": "SNS",
      "medianame": "카카오톡",
      "category": "일상대화",
      "date": "2021-10-05",
      "size": 414,
      "annotations": {
        "subject": "교통",
        "speaker_type": "1:1",
        "size": 414,
        "word_size": 146,
        "text": "1 : 자동차 사고 싶다 ㅠㅠ\n1 : 면허는 땄는데 차가 없네\n2 : 면허 따고 운전한 적 없겠네?\n1 : 면허는 어째 저째 땄는데 키키 운전을 해본 적이 없다\n2 : 키키 그럼 면허 왜 딴 거야?\n1 : 그때 내 동생 아파서 서울 오갈 때 키키 너무 차가 필요하단 생각 들더라\n2 : 동생 아프나? 말은 안 해주노 ㅜ\n1 : 한 2년 전 일이라서 말할 게 뭐 있농 ㅠㅠ\n2 : ㅠㅠ 지금은 괜찮아졌나?\n1 : 지금은 괜찮다 키키\n1 : 그때 당시에 차가 있었어야 했는데 ㅠㅠ\n2 : 이제는 운전할 생각은 없나?\n1 : 면허증 따고 바로 차를 샀어야 됐다...\n1 : 지금 하려니 무서움 키키\n2 : 면허 딴 지 몇 년 됐는데?\n1 : 내 지금 3년 정도 됐다 키키\n2 : 더 까먹기 전에 빨리 연습해라\n1 : 키키 차가 있어야 운전하지 ㅠㅠ\n2 : 돈 모아서 사야지 키키",
        "lines": [
          {
            "id": 1,
            "text": "1 : 자동차 사고 싶다 ㅠㅠ",
            "norm_text": "자동차 사고 싶다 ㅠㅠ",
            "speaker": {
              "id": "1번",
              "sex": "여성",
              "age": "20대"
            },
            "speechAct": "(단언) 주장하기",
            "morpheme": "자동차/NNG+사/VV+고/EC+싶/VX+다/EF+ㅠㅠ/UNKNOWN"
          },
          {
            "id": 2,
            "text": "1 : 면허는 땄는데 차가 없네",
            "norm_text": "면허는 땄는데 차가 없네",
            "speaker": {
              "id": "1번",
              "sex": "여성",
              "age": "20대"
            },
            "speechAct": "(단언) 진술하기",
            "morpheme": "면허/NNG+는/JX+땄/VV+EP+는데/EC+차/NNG+가/JKS+없/VA+네/EC"
          },
          {
            "id": 3,
            "text": "2 : 면허 따고 운전한 적 없겠네?",
            "norm_text": "면허 따고 운전한 적 없겠네?",
            "speaker": {
              "id": "2번",
              "sex": "남성",
              "age": "30대"
            },
            "speechAct": "(지시) 질문하기",
            "morpheme": "면허/NNG+따/VV+고/EC+운전/NNG+한/XSA+ETM+적/NNB+없/VA+겠/EP+네/EF"
          },
          {
            "id": 4,
            "text": "1 : 면허는 어째 저째 땄는데 키키 운전을 해본 적이 없다",
            "norm_text": "면허는 어째 저째 땄는데 키키 운전을 해본 적이 없다",
            "speaker": {
              "id": "1번",
              "sex": "여성",
              "age": "20대"
            },
            "speechAct": "(단언) 진술하기",
            "morpheme": "면허/NNG+는/JX+어째/MAG+XSV+EC+저째/VV+EF+땄/VV+EP+는데/EC+키/NNG+키/NNG+운전/NNG+을/JKO+해/VV+EC+본/VX+ETM+적/NNB+이/JKS+없/VA+다/EC"
          },
          {
            "id": 5,
            "text": "2 : 키키 그럼 면허 왜 딴 거야?",
            "norm_text": "키키 그럼 면허 왜 딴 거야?",
            "speaker": {
              "id": "2번",
              "sex": "남성",
              "age": "30대"
            },
            "speechAct": "(지시) 질문하기",
            "morpheme": "키/NNG+키/XSV+ETN+그럼/MAJ+면허/NNG+왜/MAG+딴/MM+거/NNB+야/VCP+EF"
          },
          {
            "id": 6,
            "text": "1 : 그때 내 동생 아파서 서울 오갈 때 키키 너무 차가 필요하단 생각 들더라",
            "norm_text": "그때 내 동생 아파서 서울 오갈 때 키키 너무 차가 필요하단 생각 들더라",
            "speaker": {
              "id": "1번",
              "sex": "여성",
              "age": "20대"
            },
            "speechAct": "(단언) 진술하기",
            "morpheme": "그때/NNG+내/NNB+동생/NNG+아파서/VA+EC+서울/NNP+오갈/NNG+때/NNG+키/NNG+키/NNG+너무/MAG+차/NNG+가/JKS+필요/NNG+하/XSV+단/ETM+생각/NNG+들/XSN+더라/VCP+EC"
          },
          {
            "id": 7,
            "text": "2 : 동생 아프나? 말은 안 해주노 ㅜ",
            "norm_text": "동생 아프나? 말은 안 해주노 ㅜ",
            "speaker": {
              "id": "2번",
              "sex": "남성",
              "age": "30대"
            },
            "speechAct": "(지시) 질문하기",
            "morpheme": "동생/NNG+아프/VA+나/EF+말은안해주노ㅜ/UNKNOWN"
          },
          {
            "id": 8,
            "text": "1 : 한 2년 전 일이라서 말할 게 뭐 있농 ㅠㅠ",
            "norm_text": "한 2년 전 일이라서 말할 게 뭐 있농 ㅠㅠ",
            "speaker": {
              "id": "1번",
              "sex": "여성",
              "age": "20대"
            },
            "speechAct": "(단언) 주장하기",
            "morpheme": "한/MM+2/SN+년전일이라서말할게뭐있농ㅠㅠ/UNKNOWN"
          },
          {
            "id": 9,
            "text": "2 : ㅠㅠ 지금은 괜찮아졌나?",
            "norm_text": "ㅠㅠ 지금은 괜찮아졌나?",
            "speaker": {
              "id": "2번",
              "sex": "남성",
              "age": "30대"
            },
            "speechAct": "(지시) 질문하기",
            "morpheme": "ㅠㅠ/UNKNOWN+지금/NNG+은/JX+괜찮/VA+아/EC+졌/VX+EP+나/EF"
          },
          {
            "id": 10,
            "text": "1 : 지금은 괜찮다 키키",
            "norm_text": "지금은 괜찮다 키키",
            "speaker": {
              "id": "1번",
              "sex": "여성",
              "age": "20대"
            },
            "speechAct": "(단언) 주장하기",
            "morpheme": "지금/MAG+은/JX+괜찮/VA+다키키/NNP"
          },
          {
            "id": 11,
            "text": "1 : 그때 당시에 차가 있었어야 했는데 ㅠㅠ",
            "norm_text": "그때 당시에 차가 있었어야 했는데 ㅠㅠ",
            "speaker": {
              "id": "1번",
              "sex": "여성",
              "age": "20대"
            },
            "speechAct": "(단언) 진술하기",
            "morpheme": "그때/NNG+당시/NNG+에/JKB+차/NNG+가/JKS+있/VA+었/EP+어야/EC+했/VX+EP+는데/EC+ㅠㅠ/UNKNOWN"
          },
          {
            "id": 12,
            "text": "2 : 이제는 운전할 생각은 없나?",
            "norm_text": "이제는 운전할 생각은 없나?",
            "speaker": {
              "id": "2번",
              "sex": "남성",
              "age": "30대"
            },
            "speechAct": "(지시) 질문하기",
            "morpheme": "이제/NNG+는/JX+운전/NNG+할/XSV+ETM+생각/NNG+은/JX+없/VA+나/EF"
          },
          {
            "id": 13,
            "text": "1 : 면허증 따고 바로 차를 샀어야 됐다...",
            "norm_text": "면허증 따고 바로 차를 샀어야 됐다...",
            "speaker": {
              "id": "1번",
              "sex": "여성",
              "age": "20대"
            },
            "speechAct": "(단언) 진술하기",
            "morpheme": "면허증/NNG+따/VV+고/EC+바로/MAG+차/NNG+를/JKO+샀/VV+EP+어야/EC+됐/VV+EP+다/EF+./SY"
          },
          {
            "id": 14,
            "text": "1 : 지금 하려니 무서움 키키",
            "norm_text": "지금 하려니 무서움 키키",
            "speaker": {
              "id": "1번",
              "sex": "여성",
              "age": "20대"
            },
            "speechAct": "(단언) 진술하기",
            "morpheme": "지금/NNG+하/XSV+려니/EC+무서움/NNG+키/NNG+키/XSV+ETN"
          },
          {
            "id": 15,
            "text": "2 : 면허 딴 지 몇 년 됐는데?",
            "norm_text": "면허 딴 지 몇 년 됐는데?",
            "speaker": {
              "id": "2번",
              "sex": "남성",
              "age": "30대"
            },
            "speechAct": "(지시) 질문하기",
            "morpheme": "면허/NNG+딴지/NNG+몇/MM+년/NNBC+됐/VV+EP+는데/EF"
          },
          {
            "id": 16,
            "text": "1 : 내 지금 3년 정도 됐다 키키",
            "norm_text": "내 지금 3년 정도 됐다 키키",
            "speaker": {
              "id": "1번",
              "sex": "여성",
              "age": "20대"
            },
            "speechAct": "(단언) 진술하기",
            "morpheme": "내/NP+지금/MAG+3/SN+년/NNBC+정도/NNG+됐/XSV+EP+다키키/NNP"
          },
          {
            "id": 17,
            "text": "2 : 더 까먹기 전에 빨리 연습해라",
            "norm_text": "더 까먹기 전에 빨리 연습해라",
            "speaker": {
              "id": "2번",
              "sex": "남성",
              "age": "30대"
            },
            "speechAct": "(지시) 명령/요구하기",
            "morpheme": "더/MAG+까먹/VV+기/ETN+전/NNG+에/JKB+빨리/MAG+연습/NNG+해라/XSV+EC"
          },
          {
            "id": 18,
            "text": "1 : 키키 차가 있어야 운전하지 ㅠㅠ",
            "norm_text": "키키 차가 있어야 운전하지 ㅠㅠ",
            "speaker": {
              "id": "1번",
              "sex": "여성",
              "age": "20대"
            },
            "speechAct": "(단언) 진술하기",
            "morpheme": "키/NNG+키/NNG+차/NNG+가/JKS+있/VA+어야/EC+운전/NNG+하/XSV+지/EC+ㅠㅠ/UNKNOWN"
          },
          {
            "id": 19,
            "text": "2 : 돈 모아서 사야지 키키",
            "norm_text": "돈 모아서 사야지 키키",
            "speaker": {
              "id": "2번",
              "sex": "남성",
              "age": "30대"
            },
            "speechAct": "(단언) 진술하기",
            "morpheme": "돈/NNG+모아서/VV+EC+사/VV+야지/EC+키/NNG+키/XSV+ETN"
          }
        ]
      }
    }
  ]
}