{
  "dataset": {
    "identifier": 63536,
    "name": "KAKAO_908_11_set",
    "src_path": "/data/file/cubeManager/PROJECT001/53/txt20211005154927002463/KAKAO_908_11_set/",
    "label_path": "/data/file/cubeManager/PROJECT001/53/txt20211005154927002463/KAKAO_908_11_set/",
    "category": 2,
    "type": 0
  },
  "licenses": {
    "name": "Apache License 1.0",
    "url": "http://www.apache.org/licenses/LICENSE-1.0"
  },
  "info": [
    {
      "id": 41748,
      "filename": "KAKAO_908_11.txt",
      "title": "KAKAO_908_11",
      "mediatype": "SNS",
      "medianame": "카카오톡",
      "category": "일상대화",
      "date": "2021-10-05",
      "size": 539,
      "annotations": {
        "subject": "게임",
        "speaker_type": "1:1",
        "size": 539,
        "word_size": 172,
        "text": "1 : 나 어제 고기 굽기 게임 했음 키키\n2 : 와... 키키 플래시 게임 하던 시절이 있었는데 키키\n1 : 어어 인터넷에 찾아보니까 아직 있더라!\n2 : 헐 대박 링크 좀 보내줘 키키\n2 : 그거 시간 날리기에 딱인데\n1 : 맞제 중독성도 있고 키키 하다 보면 또 재미가 있다니까 키키\n2 : 와 그때 우유쏭 나오고 당근쏭 나오던 시절이었는데...\n1 : 어? 근데 그거 어도비에서 플래시 서비스 중지했던데?\n2 : 어어 근데 다른 경로로 옮겼는지 플래시 게임 모아 둔 곳이 있더라 키키\n1 : 와 대박 키키 재밌겠다 키키\n1 : 그때 그런 거 바른손에서 만들었잖아\n2 : 맞아 바른손 기억난다 ㅠㅠ\n2 : 진짜 재밌는 거 많았는데\n1 : 맞아 키키 파자마 시스터즈 옷 입히기 게임도 있었음\n2 : 어 키키 캐릭터 기억난다\n2 : 걔넨 바른손 아니잖아\n1 : 응응 미스터케이 출신 캐릭터잖아 키키\n1 : 걔네 플래시 게임도 재밌었음\n2 : 응 키키 아 그리고 딸기! 딸기 게임도 재밌었는데\n1 : 와 진짜 새록새록하네 키키 딸기랑 수박군!\n2 : 헐 키키 뿌까도 있었음 키키 뿌까의 짜장면 가게!",
        "lines": [
          {
            "id": 1,
            "text": "1 : 나 어제 고기 굽기 게임 했음 키키",
            "norm_text": "나 어제 고기 굽기 게임 했음 키키",
            "speaker": {
              "id": "1번",
              "sex": "여성",
              "age": "20대"
            },
            "speechAct": "(단언) 진술하기",
            "morpheme": "나/NP+어제/MAG+고기/NNG+굽/VV+기/ETN+게임/NNG+했/XSV+EP+음/ETN+키/NNG+키/XSV+ETN"
          },
          {
            "id": 2,
            "text": "2 : 와... 키키 플래시 게임 하던 시절이 있었는데 키키",
            "norm_text": "와... 키키 플래시 게임 하던 시절이 있었는데 키키",
            "speaker": {
              "id": "2번",
              "sex": "여성",
              "age": "20대"
            },
            "speechAct": "(단언) 진술하기",
            "morpheme": "와/IC+./SY+./SY+키키/NNP+플래시/NNP+게임/NNG+하/XSV+던/ETM+시절/NNG+이/JKS+있/VA+었/EP+는데/EC+키/NNG+키/XSV+ETN"
          },
          {
            "id": 3,
            "text": "1 : 어어 인터넷에 찾아보니까 아직 있더라!",
            "norm_text": "어어 인터넷에 찾아보니까 아직 있더라!",
            "speaker": {
              "id": "1번",
              "sex": "여성",
              "age": "20대"
            },
            "speechAct": "(단언) 진술하기",
            "morpheme": "어/IC+어/IC+인터넷/NNG+에/JKB+찾아보/VV+니까/EC+아직/MAG+있/VV+더라/EF"
          },
          {
            "id": 4,
            "text": "2 : 헐 대박 링크 좀 보내줘 키키",
            "norm_text": "헐 대박 링크 좀 보내줘 키키",
            "speaker": {
              "id": "2번",
              "sex": "여성",
              "age": "20대"
            },
            "speechAct": "(지시) 명령/요구하기",
            "morpheme": "헐/IC+대박/NNG+링크/NNG+좀/MAG+보내/VV+줘/EC+VV+EC+키/NNG+키/XSV+ETN"
          },
          {
            "id": 5,
            "text": "2 : 그거 시간 날리기에 딱인데",
            "norm_text": "그거 시간 날리기에 딱인데",
            "speaker": {
              "id": "2번",
              "sex": "여성",
              "age": "20대"
            },
            "speechAct": "(단언) 주장하기",
            "morpheme": "그거/NP+시간/NNG+날리/VV+기/ETN+에/JKB+딱/MAG+인데/VCP+EC"
          },
          {
            "id": 6,
            "text": "1 : 맞제 중독성도 있고 키키 하다 보면 또 재미가 있다니까 키키",
            "norm_text": "맞제 중독성도 있고 키키 하다 보면 또 재미가 있다니까 키키",
            "speaker": {
              "id": "1번",
              "sex": "여성",
              "age": "20대"
            },
            "speechAct": "(단언) 주장하기",
            "morpheme": "맞/VV+제/EC+중독/NNG+성/XSN+도/JX+있/VA+고/EC+키/NNG+키/NNG+하/XSV+다/EC+보/VX+면/EC+또/MAG+재미/NNG+가/JKS+있/VA+다니까/EC+키/NNG+키/XSV+ETN"
          },
          {
            "id": 7,
            "text": "2 : 와 그때 우유쏭 나오고 당근쏭 나오던 시절이었는데...",
            "norm_text": "와 그때 우유쏭 나오고 당근쏭 나오던 시절이었는데...",
            "speaker": {
              "id": "2번",
              "sex": "여성",
              "age": "20대"
            },
            "speechAct": "(단언) 진술하기",
            "morpheme": "와/IC+그때/NNG+우유/NNG+쏭/NNG+나오/VV+고/EC+당근/NNG+쏭/NNG+나오/VV+던/ETM+시절/NNG+이/VCP+었/EP+는데/EC+./SY+./SY"
          },
          {
            "id": 8,
            "text": "1 : 어? 근데 그거 어도비에서 플래시 서비스 중지했던데?",
            "norm_text": "어? 근데 그거 어도비에서 플래시 서비스 중지했던데?",
            "speaker": {
              "id": "1번",
              "sex": "여성",
              "age": "20대"
            },
            "speechAct": "(단언) 주장하기",
            "morpheme": "어/IC+근데/MAJ+그거/NP+어도비/NNP+에서/JKB+플래시/NNG+서비스/NNG+중지/NNG+했/XSV+EP+던데/EF"
          },
          {
            "id": 9,
            "text": "2 : 어어 근데 다른 경로로 옮겼는지 플래시 게임 모아 둔 곳이 있더라 키키",
            "norm_text": "어어 근데 다른 경로로 옮겼는지 플래시 게임 모아 둔 곳이 있더라 키키",
            "speaker": {
              "id": "2번",
              "sex": "여성",
              "age": "20대"
            },
            "speechAct": "(단언) 진술하기",
            "morpheme": "어/IC+어/IC+근데/MAJ+다른/MM+경로/NNG+로/JKB+옮겼/VV+EP+는지/EC+플래시/NNG+게임/NNG+모아/VV+EC+둔/VX+ETM+곳/NNG+이/JKS+있/VV+더라/EC+키/NNG+키/XSV+ETN"
          },
          {
            "id": 10,
            "text": "1 : 와 대박 키키 재밌겠다 키키",
            "norm_text": "와 대박 키키 재밌겠다 키키",
            "speaker": {
              "id": "1번",
              "sex": "여성",
              "age": "20대"
            },
            "speechAct": "(단언) 주장하기",
            "morpheme": "와/IC+대박/NNG+키/NNG+키/XSV+ETN+재밌/VA+겠/EP+다키키/NNP"
          },
          {
            "id": 11,
            "text": "1 : 그때 그런 거 바른손에서 만들었잖아",
            "norm_text": "그때 그런 거 바른손에서 만들었잖아",
            "speaker": {
              "id": "1번",
              "sex": "여성",
              "age": "20대"
            },
            "speechAct": "(단언) 진술하기",
            "morpheme": "그때/NNG+그런/MM+거/NNB+바른/VA+ETM+손/NNG+에서/JKB+만들/VV+었잖/EC+VX+아/EC"
          },
          {
            "id": 12,
            "text": "2 : 맞아 바른손 기억난다 ㅠㅠ",
            "norm_text": "맞아 바른손 기억난다 ㅠㅠ",
            "speaker": {
              "id": "2번",
              "sex": "여성",
              "age": "20대"
            },
            "speechAct": "(단언) 진술하기",
            "morpheme": "맞/VV+아/EC+바른손/NNG+기억난다/VV+EF+ㅠㅠ/UNKNOWN"
          },
          {
            "id": 13,
            "text": "2 : 진짜 재밌는 거 많았는데",
            "norm_text": "진짜 재밌는 거 많았는데",
            "speaker": {
              "id": "2번",
              "sex": "여성",
              "age": "20대"
            },
            "speechAct": "(단언) 주장하기",
            "morpheme": "진짜/MAG+재밌/VA+는/ETM+거/NNB+많/VA+았/EP+는데/EC"
          },
          {
            "id": 14,
            "text": "1 : 맞아 키키 파자마 시스터즈 옷 입히기 게임도 있었음",
            "norm_text": "맞아 키키 파자마 시스터즈 옷 입히기 게임도 있었음",
            "speaker": {
              "id": "1번",
              "sex": "여성",
              "age": "20대"
            },
            "speechAct": "(단언) 진술하기",
            "morpheme": "맞/VV+아/EC+키/NNG+키/NNG+파자마/NNG+시스터즈/NNP+옷/NNG+입히/VV+기/ETN+게임/NNG+도/JX+있/VA+었/EP+음/ETN"
          },
          {
            "id": 15,
            "text": "2 : 어 키키 캐릭터 기억난다",
            "norm_text": "어 키키 캐릭터 기억난다",
            "speaker": {
              "id": "2번",
              "sex": "여성",
              "age": "20대"
            },
            "speechAct": "(단언) 진술하기",
            "morpheme": "어/IC+키/NNG+키/NNG+캐릭터/NNG+기억/NNG+난다/VV+EC"
          },
          {
            "id": 16,
            "text": "2 : 걔넨 바른손 아니잖아",
            "norm_text": "걔넨 바른손 아니잖아",
            "speaker": {
              "id": "2번",
              "sex": "여성",
              "age": "20대"
            },
            "speechAct": "(단언) 주장하기",
            "morpheme": "걔/NP+넨/XPN+JX+바른/VA+ETM+손/NNG+아니/VCN+잖아/EC"
          },
          {
            "id": 17,
            "text": "1 : 응응 미스터케이 출신 캐릭터잖아 키키",
            "norm_text": "응응 미스터케이 출신 캐릭터잖아 키키",
            "speaker": {
              "id": "1번",
              "sex": "여성",
              "age": "20대"
            },
            "speechAct": "(단언) 주장하기",
            "morpheme": "응/IC+응/IC+미스터/NNG+케이/XSV+EC+JKS+출신/NNG+캐릭터/NNG+잖아/VCP+EC+VX+EC+키/NNG+키/XSV+ETN"
          },
          {
            "id": 18,
            "text": "1 : 걔네 플래시 게임도 재밌었음",
            "norm_text": "걔네 플래시 게임도 재밌었음",
            "speaker": {
              "id": "1번",
              "sex": "여성",
              "age": "20대"
            },
            "speechAct": "(단언) 주장하기",
            "morpheme": "걔/NP+네/XSN+플래시/NNG+게임/NNG+도/JX+재밌/VA+었/EP+음/ETN"
          },
          {
            "id": 19,
            "text": "2 : 응 키키 아 그리고 딸기! 딸기 게임도 재밌었는데",
            "norm_text": "응 키키 아 그리고 딸기! 딸기 게임도 재밌었는데",
            "speaker": {
              "id": "2번",
              "sex": "여성",
              "age": "20대"
            },
            "speechAct": "(단언) 주장하기",
            "morpheme": "응/IC+키/NNG+키/XSV+ETN+아/IC+그리고/MAJ+딸기/NNG+!/SY+딸기/NNG+게임/NNG+도/JX+재밌/VA+었/EP+는데/EC"
          },
          {
            "id": 20,
            "text": "1 : 와 진짜 새록새록하네 키키 딸기랑 수박군!",
            "norm_text": "와 진짜 새록새록하네 키키 딸기랑 수박군!",
            "speaker": {
              "id": "1번",
              "sex": "여성",
              "age": "20대"
            },
            "speechAct": "(단언) 주장하기",
            "morpheme": "와/IC+진짜/MAG+새록새록/MAG+하/VV+네/EF+키키/NNP+딸기/NNG+랑/JKB+수박/NNG+군/VCP+EF"
          },
          {
            "id": 21,
            "text": "2 : 헐 키키 뿌까도 있었음 키키 뿌까의 짜장면 가게!",
            "norm_text": "헐 키키 뿌까도 있었음 키키 뿌까의 짜장면 가게!",
            "speaker": {
              "id": "2번",
              "sex": "여성",
              "age": "20대"
            },
            "speechAct": "(단언) 진술하기",
            "morpheme": "헐/IC+키키/NNP+뿌까/NNP+도/JX+있/VA+었/EP+음/ETN+키/NNG+키/XSV+ETN+뿌까/NNP+의/JKG+짜장면/NNG+가게/NNG"
          }
        ]
      }
    }
  ]
}