{
  "dataset": {
    "identifier": 63209,
    "name": "KAKAO_917_17_set",
    "src_path": "/data/file/cubeManager/PROJECT001/53/txt20211005154939025689/KAKAO_917_17_set/",
    "label_path": "/data/file/cubeManager/PROJECT001/53/txt20211005154939025689/KAKAO_917_17_set/",
    "category": 2,
    "type": 0
  },
  "licenses": {
    "name": "Apache License 1.0",
    "url": "http://www.apache.org/licenses/LICENSE-1.0"
  },
  "info": [
    {
      "id": 41774,
      "filename": "KAKAO_917_17.txt",
      "title": "KAKAO_917_17",
      "mediatype": "SNS",
      "medianame": "카카오톡",
      "category": "일상대화",
      "date": "2021-10-05",
      "size": 345,
      "annotations": {
        "subject": "건강",
        "speaker_type": "1:1",
        "size": 345,
        "word_size": 120,
        "text": "1 : 신체검사받을 때 한 시간 정도 걸리제?\n2 : 기다리고 하면 두세 시간 걸리지\n1 : 신체검사받는 것도 일이네 ㅠㅠ\n2 : ㅠ 그래도 받아야지 받으라는데\n1 : 맞제 키키 하루를 빼야 될 거 같다\n2 : 하루 빼야지 니도 검사받았나?\n1 : 나도 내년에 건강검진받아야 된다 ㅠㅠ\n2 : 이번 년에는 안 받았나?\n1 : 이번 년에는 안 받았어 키키\n2 : 나는 이번 년에 받았다\n2 : 간 수치가 안 좋대\n1 : 술이 너무 많이 먹는 거 아니야?\n2 : 그런 거 같다 혼술을 자주 해서 ㅠ\n1 : 혼술 왜 하는데 ㅠㅠ\n2 : 먹을 사람이 없으니깐 하지 ㅜㅜ\n1 : 그렇게 먹으면 더 많이 마시지 않나?\n2 : 소주 한 병이 딱 적당하다 키키",
        "lines": [
          {
            "id": 1,
            "text": "1 : 신체검사받을 때 한 시간 정도 걸리제?",
            "norm_text": "신체검사받을 때 한 시간 정도 걸리제?",
            "speaker": {
              "id": "1번",
              "sex": "여성",
              "age": "20대"
            },
            "speechAct": "(지시) 질문하기",
            "morpheme": "신체/NNG+검사/NNG+받/VV+을/ETM+때/NNG+한/XSA+ETM+시간/NNG+정도/NNG+걸리/VV+제/EF"
          },
          {
            "id": 2,
            "text": "2 : 기다리고 하면 두세 시간 걸리지",
            "norm_text": "기다리고 하면 두세 시간 걸리지",
            "speaker": {
              "id": "2번",
              "sex": "남성",
              "age": "30대"
            },
            "speechAct": "(단언) 주장하기",
            "morpheme": "기다리/VV+고/EC+하/VV+면/EC+두세/MM+시간/NNG+걸리/VV+지/EC"
          },
          {
            "id": 3,
            "text": "1 : 신체검사받는 것도 일이네 ㅠㅠ",
            "norm_text": "신체검사받는 것도 일이네 ㅠㅠ",
            "speaker": {
              "id": "1번",
              "sex": "여성",
              "age": "20대"
            },
            "speechAct": "(단언) 주장하기",
            "morpheme": "신체/NNG+검사/NNG+받/VV+는/ETM+것/NNB+도/JX+일/NNG+이/VCP+네/EF+ㅠㅠ/UNKNOWN"
          },
          {
            "id": 4,
            "text": "2 : ㅠ 그래도 받아야지 받으라는데",
            "norm_text": "ㅠ 그래도 받아야지 받으라는데",
            "speaker": {
              "id": "2번",
              "sex": "남성",
              "age": "30대"
            },
            "speechAct": "(단언) 주장하기",
            "morpheme": "ㅠ/UNKNOWN+그래도/VV+EC+받/VV+아야지/EC+받/VV+으라는데/EC"
          },
          {
            "id": 5,
            "text": "1 : 맞제 키키 하루를 빼야 될 거 같다",
            "norm_text": "맞제 키키 하루를 빼야 될 거 같다",
            "speaker": {
              "id": "1번",
              "sex": "여성",
              "age": "20대"
            },
            "speechAct": "(단언) 주장하기",
            "morpheme": "맞/VV+제/EC+키/NNG+키/NNG+하루/NNG+를/JKO+빼/VV+야/EC+될/VV+ETM+거/NNB+같/VA+다/EC"
          },
          {
            "id": 6,
            "text": "2 : 하루 빼야지 니도 검사받았나?",
            "norm_text": "하루 빼야지 니도 검사받았나?",
            "speaker": {
              "id": "2번",
              "sex": "남성",
              "age": "30대"
            },
            "speechAct": "(지시) 질문하기",
            "morpheme": "하루/NNG+빼/VV+야/EC+지/VX+니/EC+도/JX+검사/NNG+받/VV+았/EP+나/EF"
          },
          {
            "id": 7,
            "text": "1 : 나도 내년에 건강검진받아야 된다 ㅠㅠ",
            "norm_text": "나도 내년에 건강검진받아야 된다 ㅠㅠ",
            "speaker": {
              "id": "1번",
              "sex": "여성",
              "age": "20대"
            },
            "speechAct": "(단언) 주장하기",
            "morpheme": "나/NP+도/JX+내년/NNG+에/JKB+건강/NNG+검진/NNG+받/VV+아야/EC+된다/VV+EF+ㅠㅠ/UNKNOWN"
          },
          {
            "id": 8,
            "text": "2 : 이번 년에는 안 받았나?",
            "norm_text": "이번 년에는 안 받았나?",
            "speaker": {
              "id": "2번",
              "sex": "남성",
              "age": "30대"
            },
            "speechAct": "(지시) 질문하기",
            "morpheme": "이번/NNG+년/NNB+에/JKB+는/JX+안/MAG+받/VV+았/EP+나/EF"
          },
          {
            "id": 9,
            "text": "1 : 이번 년에는 안 받았어 키키",
            "norm_text": "이번 년에는 안 받았어 키키",
            "speaker": {
              "id": "1번",
              "sex": "여성",
              "age": "20대"
            },
            "speechAct": "(단언) 주장하기",
            "morpheme": "이번/NNG+년/NNB+에/JKB+는/JX+안/MAG+받/VV+았/EP+어/EC+키/NNG+키/XSV+ETN"
          },
          {
            "id": 10,
            "text": "2 : 나는 이번 년에 받았다",
            "norm_text": "나는 이번 년에 받았다",
            "speaker": {
              "id": "2번",
              "sex": "남성",
              "age": "30대"
            },
            "speechAct": "(단언) 주장하기",
            "morpheme": "나/NP+는/JX+이번/NNG+년/NNB+에/JKB+받/VV+았/EP+다/EC"
          },
          {
            "id": 11,
            "text": "2 : 간 수치가 안 좋대",
            "norm_text": "간 수치가 안 좋대",
            "speaker": {
              "id": "2번",
              "sex": "남성",
              "age": "30대"
            },
            "speechAct": "(단언) 진술하기",
            "morpheme": "간수/NNG+치가/XSA+EC+JKS+안/MAG+좋/VA+대/EC"
          },
          {
            "id": 12,
            "text": "1 : 술이 너무 많이 먹는 거 아니야?",
            "norm_text": "술이 너무 많이 먹는 거 아니야?",
            "speaker": {
              "id": "1번",
              "sex": "여성",
              "age": "20대"
            },
            "speechAct": "(지시) 질문하기",
            "morpheme": "술/NNG+이/JKS+너무/MAG+많이/MAG+먹/VV+는/ETM+거/NNB+아니/VCN+야/EF"
          },
          {
            "id": 13,
            "text": "2 : 그런 거 같다 혼술을 자주 해서 ㅠ",
            "norm_text": "그런 거 같다 혼술을 자주 해서 ㅠ",
            "speaker": {
              "id": "2번",
              "sex": "남성",
              "age": "30대"
            },
            "speechAct": "(단언) 주장하기",
            "morpheme": "그런/MM+거/NNB+같/VA+다/EC+혼/NNG+술/NNG+을/JKO+자주/MAG+해서/VV+EC+ㅠ/UNKNOWN"
          },
          {
            "id": 14,
            "text": "1 : 혼술 왜 하는데 ㅠㅠ",
            "norm_text": "혼술 왜 하는데 ㅠㅠ",
            "speaker": {
              "id": "1번",
              "sex": "여성",
              "age": "20대"
            },
            "speechAct": "(지시) 질문하기",
            "morpheme": "혼술왜하는데ㅠㅠ/UNKNOWN"
          },
          {
            "id": 15,
            "text": "2 : 먹을 사람이 없으니깐 하지 ㅜㅜ",
            "norm_text": "먹을 사람이 없으니깐 하지 ㅜㅜ",
            "speaker": {
              "id": "2번",
              "sex": "남성",
              "age": "30대"
            },
            "speechAct": "N/A",
            "morpheme": "먹/VV+을/ETM+사람/NNG+이/JKS+없/VA+으니깐/EC+하/VV+지/EC+ㅜㅜ/UNKNOWN"
          },
          {
            "id": 16,
            "text": "1 : 그렇게 먹으면 더 많이 마시지 않나?",
            "norm_text": "그렇게 먹으면 더 많이 마시지 않나?",
            "speaker": {
              "id": "1번",
              "sex": "여성",
              "age": "20대"
            },
            "speechAct": "(지시) 질문하기",
            "morpheme": "그렇게/MAG+먹/VV+으면/EC+더/MAG+많이/MAG+마시/VV+지/EC+않/VX+나/EF"
          },
          {
            "id": 17,
            "text": "2 : 소주 한 병이 딱 적당하다 키키",
            "norm_text": "소주 한 병이 딱 적당하다 키키",
            "speaker": {
              "id": "2번",
              "sex": "남성",
              "age": "30대"
            },
            "speechAct": "(단언) 주장하기",
            "morpheme": "소주/NNG+한/XSA+ETM+병/NNG+이/JKS+딱/MAG+적당/XR+하/XSA+다키키/NNP"
          }
        ]
      }
    }
  ]
}