{
  "dataset": {
    "identifier": 63218,
    "name": "KAKAO_917_19_set",
    "src_path": "/data/file/cubeManager/PROJECT001/53/txt20211005154939027315/KAKAO_917_19_set/",
    "label_path": "/data/file/cubeManager/PROJECT001/53/txt20211005154939027315/KAKAO_917_19_set/",
    "category": 2,
    "type": 0
  },
  "licenses": {
    "name": "Apache License 1.0",
    "url": "http://www.apache.org/licenses/LICENSE-1.0"
  },
  "info": [
    {
      "id": 41776,
      "filename": "KAKAO_917_19.txt",
      "title": "KAKAO_917_19",
      "mediatype": "SNS",
      "medianame": "카카오톡",
      "category": "일상대화",
      "date": "2021-10-05",
      "size": 389,
      "annotations": {
        "subject": "방송/연예",
        "speaker_type": "1:1",
        "size": 389,
        "word_size": 133,
        "text": "1 : 이젠 TV 프로그램보다 넷플릭스를 많이 보는 것 같다 키키\n2 : 나는 넷플보다 TV가 더 재밌더라 키키\n1 : 키키 TV는 시간 맞춰서 봐야 되잖아\n2 : 못 봐서 거의 재방으로 본다 키키\n1 : 재방도 시간 맞춰야 되잖아 ㅠㅠ\n2 : 안 되면은 못 보는 거지 ㅠㅠ\n2 : 그래도 재방 많이 하잖아\n1 : 맞다 키키 펜트하우스 재방 진짜 많이 하더라\n2 : 재방으로 펜트하우스 다 봤다 키키\n1 : 나는 펜하는 본방 다 챙겨봤다 키키\n2 : 니도 TV 많이 보나 보네 키키\n1 : 펜하는 꼭 챙겨봤다 키키 다른 건 안 봐도\n2 : 시즌 3까지 다 봤나?\n1 : 아 키키 시즌 3은 완전 막장이더라\n2 : 맞제 점점 보기 싫어지긴 하더라\n1 : 키키 이젠 안 하지 않나?\n2 : 펜트하우스 끝나고 새로운 드라마 봤나?",
        "lines": [
          {
            "id": 1,
            "text": "1 : 이젠 TV 프로그램보다 넷플릭스를 많이 보는 것 같다 키키",
            "norm_text": "이젠 TV 프로그램보다 넷플릭스를 많이 보는 것 같다 키키",
            "speaker": {
              "id": "1번",
              "sex": "여성",
              "age": "20대"
            },
            "speechAct": "(단언) 주장하기",
            "morpheme": "이젠/NNG+JX+TV/SL+프로그램/NNG+보다/JKB+넷플릭스/NNP+를/JKO+많이/MAG+보/VV+는/ETM+것/NNB+같/VA+다키키/NNP"
          },
          {
            "id": 2,
            "text": "2 : 나는 넷플보다 TV가 더 재밌더라 키키",
            "norm_text": "나는 넷플보다 TV가 더 재밌더라 키키",
            "speaker": {
              "id": "2번",
              "sex": "남성",
              "age": "30대"
            },
            "speechAct": "(단언) 주장하기",
            "morpheme": "나/NP+는/JX+넷/NR+플/NNG+보다/JKB+TV/SL+가/JKS+더/MAG+재밌/VA+더라/EC+키/NNG+키/XSV+ETN"
          },
          {
            "id": 3,
            "text": "1 : 키키 TV는 시간 맞춰서 봐야 되잖아",
            "norm_text": "키키 TV는 시간 맞춰서 봐야 되잖아",
            "speaker": {
              "id": "1번",
              "sex": "여성",
              "age": "20대"
            },
            "speechAct": "(단언) 주장하기",
            "morpheme": "키/NNG+키/XSV+ETN+TV/SL+는/JX+시간/NNG+맞춰서/VV+EC+봐야/VX+EC+되/VV+잖아/EC"
          },
          {
            "id": 4,
            "text": "2 : 못 봐서 거의 재방으로 본다 키키",
            "norm_text": "못 봐서 거의 재방으로 본다 키키",
            "speaker": {
              "id": "2번",
              "sex": "남성",
              "age": "30대"
            },
            "speechAct": "(단언) 주장하기",
            "morpheme": "못/MAG+봐서/VV+EC+거의/MAG+재방/NNG+으로/JKB+본/VV+ETM+다키키/NNP"
          },
          {
            "id": 5,
            "text": "1 : 재방도 시간 맞춰야 되잖아 ㅠㅠ",
            "norm_text": "재방도 시간 맞춰야 되잖아 ㅠㅠ",
            "speaker": {
              "id": "1번",
              "sex": "여성",
              "age": "20대"
            },
            "speechAct": "(단언) 주장하기",
            "morpheme": "재방/NNG+도/JX+시간/NNG+맞춰야/VV+EC+되/VV+잖아/EF+ㅠㅠ/UNKNOWN"
          },
          {
            "id": 6,
            "text": "2 : 안 되면은 못 보는 거지 ㅠㅠ",
            "norm_text": "안 되면은 못 보는 거지 ㅠㅠ",
            "speaker": {
              "id": "2번",
              "sex": "남성",
              "age": "30대"
            },
            "speechAct": "(단언) 주장하기",
            "morpheme": "안/MAG+되/VV+면은/EC+못/MAG+보/VV+는/ETM+거/NNB+지/VCP+EF+ㅠㅠ/UNKNOWN"
          },
          {
            "id": 7,
            "text": "2 : 그래도 재방 많이 하잖아",
            "norm_text": "그래도 재방 많이 하잖아",
            "speaker": {
              "id": "2번",
              "sex": "남성",
              "age": "30대"
            },
            "speechAct": "(단언) 주장하기",
            "morpheme": "그래도/MAJ+재방/NNG+많이/MAG+하/VV+잖아/EC"
          },
          {
            "id": 8,
            "text": "1 : 맞다 키키 펜트하우스 재방 진짜 많이 하더라",
            "norm_text": "맞다 키키 펜트하우스 재방 진짜 많이 하더라",
            "speaker": {
              "id": "1번",
              "sex": "여성",
              "age": "20대"
            },
            "speechAct": "(단언) 진술하기",
            "morpheme": "맞/VV+다/EC+키/NNG+키/XSV+ETN+펜트/UNKNOWN+하우스/NNP+재방/NNG+진짜/MAG+많이/MAG+하/VV+더라/EC"
          },
          {
            "id": 9,
            "text": "2 : 재방으로 펜트하우스 다 봤다 키키",
            "norm_text": "재방으로 펜트하우스 다 봤다 키키",
            "speaker": {
              "id": "2번",
              "sex": "남성",
              "age": "30대"
            },
            "speechAct": "(단언) 주장하기",
            "morpheme": "재방/NNG+으로/JKB+펜/NNG+트/NNG+하/XSV+우스다/NNP+봤/VV+EP+다키키/NNP"
          },
          {
            "id": 10,
            "text": "1 : 나는 펜하는 본방 다 챙겨봤다 키키",
            "norm_text": "나는 펜하는 본방 다 챙겨봤다 키키",
            "speaker": {
              "id": "1번",
              "sex": "여성",
              "age": "20대"
            },
            "speechAct": "(단언) 주장하기",
            "morpheme": "나/NP+는/JX+펜/NNG+하/XSV+는/ETM+본방/NNG+다/MAG+챙겨/VV+EC+봤/VX+EP+다키키/NNP"
          },
          {
            "id": 11,
            "text": "2 : 니도 TV 많이 보나 보네 키키",
            "norm_text": "니도 TV 많이 보나 보네 키키",
            "speaker": {
              "id": "2번",
              "sex": "남성",
              "age": "30대"
            },
            "speechAct": "(지시) 질문하기",
            "morpheme": "니/NP+도/JX+TV/SL+많이/MAG+보/VV+나/EC+보/VX+네/EF+키/NNG+키/XSV+ETN"
          },
          {
            "id": 12,
            "text": "1 : 펜하는 꼭 챙겨봤다 키키 다른 건 안 봐도",
            "norm_text": "펜하는 꼭 챙겨봤다 키키 다른 건 안 봐도",
            "speaker": {
              "id": "1번",
              "sex": "여성",
              "age": "20대"
            },
            "speechAct": "(단언) 주장하기",
            "morpheme": "펜/NNG+하/XSV+는/ETM+꼭/MAG+챙겨/VV+EC+봤/VX+EP+다키키/NNP+다른/VA+ETM+건/NNB+JX+안/MAG+봐도/VV+EC"
          },
          {
            "id": 13,
            "text": "2 : 시즌 3까지 다 봤나?",
            "norm_text": "시즌 3까지 다 봤나?",
            "speaker": {
              "id": "2번",
              "sex": "남성",
              "age": "30대"
            },
            "speechAct": "(지시) 질문하기",
            "morpheme": "시즌/NNG+3/SN+까지/JX+다/MAG+봤/VV+EP+나/EF"
          },
          {
            "id": 14,
            "text": "1 : 아 키키 시즌 3은 완전 막장이더라",
            "norm_text": "아 키키 시즌 3은 완전 막장이더라",
            "speaker": {
              "id": "1번",
              "sex": "여성",
              "age": "20대"
            },
            "speechAct": "(단언) 진술하기",
            "morpheme": "아키/NNP+키/NNG+시즌/NNG+3/SN+은/JX+완전/NNG+막장/NNG+이/VCP+더라/EC"
          },
          {
            "id": 15,
            "text": "2 : 맞제 점점 보기 싫어지긴 하더라",
            "norm_text": "맞제 점점 보기 싫어지긴 하더라",
            "speaker": {
              "id": "2번",
              "sex": "남성",
              "age": "30대"
            },
            "speechAct": "(단언) 주장하기",
            "morpheme": "맞/VV+제/EC+점점/MAG+보/VV+기/ETN+싫/VA+어/EC+지/VX+긴/ETN+JX+하/VX+더라/EC"
          },
          {
            "id": 16,
            "text": "1 : 키키 이젠 안 하지 않나?",
            "norm_text": "키키 이젠 안 하지 않나?",
            "speaker": {
              "id": "1번",
              "sex": "여성",
              "age": "20대"
            },
            "speechAct": "(지시) 질문하기",
            "morpheme": "키/NNG+키/NNG+이젠/NNG+JX+안/MAG+하/VV+지/EC+않/VX+나/EF"
          },
          {
            "id": 17,
            "text": "2 : 펜트하우스 끝나고 새로운 드라마 봤나?",
            "norm_text": "펜트하우스 끝나고 새로운 드라마 봤나?",
            "speaker": {
              "id": "2번",
              "sex": "남성",
              "age": "30대"
            },
            "speechAct": "(지시) 질문하기",
            "morpheme": "펜/NNG+트/NNG+하우스/NNP+끝/NNG+나/VV+고/EC+새로운/VA+ETM+드라마/NNG+봤/VV+EP+나/EF"
          }
        ]
      }
    }
  ]
}