{
  "dataset": {
    "identifier": 63374,
    "name": "KAKAO_912_10_set",
    "src_path": "/data/file/cubeManager/PROJECT001/53/txt20211005154135013553/KAKAO_912_10_set/",
    "label_path": "/data/file/cubeManager/PROJECT001/53/txt20211005154135013553/KAKAO_912_10_set/",
    "category": 2,
    "type": 0
  },
  "licenses": {
    "name": "Apache License 1.0",
    "url": "http://www.apache.org/licenses/LICENSE-1.0"
  },
  "info": [
    {
      "id": 41627,
      "filename": "KAKAO_912_10.txt",
      "title": "KAKAO_912_10",
      "mediatype": "SNS",
      "medianame": "카카오톡",
      "category": "일상대화",
      "date": "2021-10-05",
      "size": 435,
      "annotations": {
        "subject": "스포츠/레저",
        "speaker_type": "1:1",
        "size": 435,
        "word_size": 136,
        "text": "1 : 등산하는 거 좋아하는 편이야?\n2 : 좋아하지는 않는데, 그래도 올라가면 기분 좋아서 하면 하지\n1 : 난 등산 여름이라 주춤했는데 이제 야외 활동하기 좋아졌잖아 키키\n2 : 응 가을에 산에 가면 예쁘고 날도 좋아서\n1 : 그치 아웃도어 같은 거 갖춰서 등산해보려고 해.\n2 : 와 좋지. 나도 등산 주말에 해야지 마음만 먹고 잘 안되더라\n1 : 아! 간월재라고 울산에 등산 스팟 알아?\n2 : 이름은 아는데 가본 적은 없네\n1 : 거기 담에 같이 가자 완전 예쁘더라\n2 : 좋아~ 나도 아웃 도어 좀 갖춰야 겠따\n1 : 거기는 등산하고 나서 매점에서 컵라면 꼭 먹어야 된대!\n2 : 와! 말만 들어도 좋네.\n1 : 그치 키키 남해 보리암도 등산하고 컵라면 먹기 좋은데\n2 : 보리암은 가봤어~ 컵라면은 몰랐네\n1 : 주말에 날 잡아서 등산 고고합시당 \u003e\u003c\n2 : 좋아요! 나도 준비를 좀 해야겠군",
        "lines": [
          {
            "id": 1,
            "text": "1 : 등산하는 거 좋아하는 편이야?",
            "norm_text": "등산하는 거 좋아하는 편이야?",
            "speaker": {
              "id": "1번",
              "sex": "여성",
              "age": "30대"
            },
            "speechAct": "(지시) 질문하기",
            "morpheme": "등산/NNG+하/XSV+는/ETM+거/NNB+좋/VA+아/EC+하/VV+는/ETM+편/NNB+이/VCP+야/EF"
          },
          {
            "id": 2,
            "text": "2 : 좋아하지는 않는데, 그래도 올라가면 기분 좋아서 하면 하지",
            "norm_text": "좋아하지는 않는데, 그래도 올라가면 기분 좋아서 하면 하지",
            "speaker": {
              "id": "2번",
              "sex": "여성",
              "age": "30대"
            },
            "speechAct": "(단언) 주장하기",
            "morpheme": "좋/VA+아/EC+하/VV+지/EC+는/JX+않/VX+는데/EC+,/SC+그래도/MAJ+올라가/VV+면/EC+기분/NNG+좋/VA+아서/EC+하/VV+면/EC+하/VV+지/EC"
          },
          {
            "id": 3,
            "text": "1 : 난 등산 여름이라 주춤했는데 이제 야외 활동하기 좋아졌잖아 키키",
            "norm_text": "난 등산 여름이라 주춤했는데 이제 야외 활동하기 좋아졌잖아 키키",
            "speaker": {
              "id": "1번",
              "sex": "여성",
              "age": "30대"
            },
            "speechAct": "(단언) 주장하기",
            "morpheme": "난/NP+JX+등산/NNG+여름/NNG+이/VCP+라/EC+주춤/MAG+했/VV+EP+는데/EC+이제/MAG+야외/NNG+활동/NNG+하/XSV+기/ETN+좋/VA+아/EC+졌/VX+EP+잖아/EF+키/NNG+키/XSV+ETN"
          },
          {
            "id": 4,
            "text": "2 : 응 가을에 산에 가면 예쁘고 날도 좋아서",
            "norm_text": "응 가을에 산에 가면 예쁘고 날도 좋아서",
            "speaker": {
              "id": "2번",
              "sex": "여성",
              "age": "30대"
            },
            "speechAct": "(단언) 주장하기",
            "morpheme": "응/IC+가을/NNG+에/JKB+산/NNG+에/JKB+가/VV+면/EC+예쁘/VA+고/EC+날/NNG+도/JX+좋/VA+아서/EC"
          },
          {
            "id": 5,
            "text": "1 : 그치 아웃도어 같은 거 갖춰서 등산해보려고 해.",
            "norm_text": "그치 아웃도어 같은 거 갖춰서 등산해보려고 해.",
            "speaker": {
              "id": "1번",
              "sex": "여성",
              "age": "30대"
            },
            "speechAct": "(단언) 주장하기",
            "morpheme": "그치/IC+아웃도어/NNG+같/VA+은/ETM+거/NNB+갖춰서/VV+EC+등산/NNG+해/XSV+EC+보/VX+려고/EC+해/VX+EF"
          },
          {
            "id": 6,
            "text": "2 : 와 좋지. 나도 등산 주말에 해야지 마음만 먹고 잘 안되더라",
            "norm_text": "와 좋지. 나도 등산 주말에 해야지 마음만 먹고 잘 안되더라",
            "speaker": {
              "id": "2번",
              "sex": "여성",
              "age": "30대"
            },
            "speechAct": "(단언) 주장하기",
            "morpheme": "와/IC+좋/VA+지/EF+나/NP+도/JX+등산/NNG+주말/NNG+에/JKB+해야지/VV+EC+마음/NNG+만/JX+먹/VV+고/EC+잘/MAG+안/MAG+되/VV+더라/EC"
          },
          {
            "id": 7,
            "text": "1 : 아! 간월재라고 울산에 등산 스팟 알아?",
            "norm_text": "아! 간월재라고 울산에 등산 스팟 알아?",
            "speaker": {
              "id": "1번",
              "sex": "여성",
              "age": "30대"
            },
            "speechAct": "(지시) 질문하기",
            "morpheme": "아/IC+간월/NNG+재/VV+라고/EC+울산/NNP+에/JKB+등산/NNG+스팟/NNG+알/VV+아/EF"
          },
          {
            "id": 8,
            "text": "2 : 이름은 아는데 가본 적은 없네",
            "norm_text": "이름은 아는데 가본 적은 없네",
            "speaker": {
              "id": "2번",
              "sex": "여성",
              "age": "30대"
            },
            "speechAct": "(단언) 진술하기",
            "morpheme": "이름/NNG+은/JX+아/VV+는/ETM+데/NNB+가/JKS+본적/NNG+은/JX+없/VA+네/EC"
          },
          {
            "id": 9,
            "text": "1 : 거기 담에 같이 가자 완전 예쁘더라",
            "norm_text": "거기 담에 같이 가자 완전 예쁘더라",
            "speaker": {
              "id": "1번",
              "sex": "여성",
              "age": "30대"
            },
            "speechAct": "(지시) 충고/제안하기",
            "morpheme": "거기/NP+담/NNG+에/JKB+같이/MAG+가/VV+자/EC+완전/MAG+예쁘/VA+더라/EC"
          },
          {
            "id": 10,
            "text": "2 : 좋아~ 나도 아웃 도어 좀 갖춰야 겠따",
            "norm_text": "좋아~ 나도 아웃 도어 좀 갖춰야 겠따",
            "speaker": {
              "id": "2번",
              "sex": "여성",
              "age": "30대"
            },
            "speechAct": "(단언) 주장하기",
            "morpheme": "좋/VA+아/EC+~/SY+나/NP+도/JX+아웃도어/NNG+좀/MAG+갖춰야/VV+EC+겠/EP+따/EF"
          },
          {
            "id": 11,
            "text": "1 : 거기는 등산하고 나서 매점에서 컵라면 꼭 먹어야 된대!",
            "norm_text": "거기는 등산하고 나서 매점에서 컵라면 꼭 먹어야 된대!",
            "speaker": {
              "id": "1번",
              "sex": "여성",
              "age": "30대"
            },
            "speechAct": "(단언) 진술하기",
            "morpheme": "거기/NP+는/JX+등산/NNG+하/XSV+고/EC+나/VX+서/EC+매점/NNG+에서/JKB+컵라면/NNG+꼭/MAG+먹/VV+어야/EC+된대/VV+EF"
          },
          {
            "id": 12,
            "text": "2 : 와! 말만 들어도 좋네.",
            "norm_text": "와! 말만 들어도 좋네.",
            "speaker": {
              "id": "2번",
              "sex": "여성",
              "age": "30대"
            },
            "speechAct": "(단언) 주장하기",
            "morpheme": "와/IC+말/NNG+만들/VV+어도/EC+좋/VA+네/EF"
          },
          {
            "id": 13,
            "text": "1 : 그치 키키 남해 보리암도 등산하고 컵라면 먹기 좋은데",
            "norm_text": "그치 키키 남해 보리암도 등산하고 컵라면 먹기 좋은데",
            "speaker": {
              "id": "1번",
              "sex": "여성",
              "age": "30대"
            },
            "speechAct": "(단언) 주장하기",
            "morpheme": "그치/IC+키키/NNP+남해/NNP+보리암/NNP+도/JX+등산/NNG+하/XSV+고/EC+컵라면/NNG+먹/VV+기/ETN+좋/VA+은데/EC"
          },
          {
            "id": 14,
            "text": "2 : 보리암은 가봤어~ 컵라면은 몰랐네",
            "norm_text": "보리암은 가봤어~ 컵라면은 몰랐네",
            "speaker": {
              "id": "2번",
              "sex": "여성",
              "age": "30대"
            },
            "speechAct": "(단언) 주장하기",
            "morpheme": "보리암/NNP+은/JX+가/VV+EC+봤/VX+EP+어/EC+~/SY+컵라면/NNG+은/JX+몰랐/VV+EP+네/EF"
          },
          {
            "id": 15,
            "text": "1 : 주말에 날 잡아서 등산 고고합시당 \u003e\u003c",
            "norm_text": "주말에 날 잡아서 등산 고고합시당 \u003e\u003c",
            "speaker": {
              "id": "1번",
              "sex": "여성",
              "age": "30대"
            },
            "speechAct": "(지시) 충고/제안하기",
            "morpheme": "주말/NNG+에/JKB+날/NNG+잡/VV+아서/EC+등산/NNG+고/VCP+EC+고합/NNP+시당/NNG+\u003e/SY+\u003c/SY"
          },
          {
            "id": 16,
            "text": "2 : 좋아요! 나도 준비를 좀 해야겠군",
            "norm_text": "좋아요! 나도 준비를 좀 해야겠군",
            "speaker": {
              "id": "2번",
              "sex": "여성",
              "age": "30대"
            },
            "speechAct": "(언약) 약속하기(제3자와)/(개인적 수준)",
            "morpheme": "좋/VA+아요/EF+나/NP+도/JX+준비/NNG+를/JKO+좀/MAG+해야/VV+EC+VX+겠/EP+군/EC"
          }
        ]
      }
    }
  ]
}