{
  "dataset": {
    "identifier": 33061,
    "name": "KAKAO_903_17_set",
    "src_path": "/data/file/cubeManager/PROJECT001/53/txt20211005095751077627/KAKAO_903_17_set/",
    "label_path": "/data/file/cubeManager/PROJECT001/53/txt20211005095751077627/KAKAO_903_17_set/",
    "category": 2,
    "type": 0
  },
  "licenses": {
    "name": "Apache License 1.0",
    "url": "http://www.apache.org/licenses/LICENSE-1.0"
  },
  "info": [
    {
      "id": 40796,
      "filename": "KAKAO_903_17.txt",
      "title": "KAKAO_903_17",
      "mediatype": "SNS",
      "medianame": "카카오톡",
      "category": "일상대화",
      "date": "2021-10-05",
      "size": 595,
      "annotations": {
        "subject": "건강",
        "speaker_type": "1:1",
        "size": 595,
        "word_size": 190,
        "text": "1 : 정신 건강이 안 좋은 것도 병이야 치료 받자\n2 : 내 정신은 말짱해 정말 너가 정신이 이상한 사람을 못 만나봐서 그래\n1 : 너 있잖아 너... 원래 스스로는 부정하고 그러는 거야\n2 : 일단 난 아니야 난 정말 정상이거든\n2 : 혹시나 정신과 진료 보고 싶으면 나한테 말해 우리 병원 신경 정신과도 있으니까\n1 : 아 진짜? 간호사 덕을 다 보네.\n1 : 근데 나 말고 너가 검사 받아야 할 것 같은데\n2 : 내가 받아야 할 거 같으면 진즉에 병원에서 검진 때 받으라 했겄지\n1 : 무서워서 말 못 하신 걸 수도 맞을까 봐\n2 : 참네 야 눈치는 내가 보는데 누가 무서워해\n1 : 무슨 소리야 ㅠㅠ 간호사들의 고질적인 악습 태움도 너가 없앤 거잖아. 도저히 널 태울 사람이 없어서\n2 : 아직 많이 남아있어 우리 병동에도 만연하다\n1 : 아 진짜? 넌 그런 거 없다며\n2 : 나한테 그런 건 없지만 다른 사람한테는 있지\n1 : 역시 아무도 너에게는... 그래 그렇게라도 너의 정신 건강이 잘 지켜진다면 나는 그거로 됐다.\n2 : 키키 강제로 정신 건강 지켜지네 새삼 키키\n1 : 이렇게 세상에 감사한 게 많아. 아무리 힘들어도 산뜻하게 이겨내자!\n2 : 그래 돈의 힘으로 이겨내 보자",
        "lines": [
          {
            "id": 1,
            "text": "1 : 정신 건강이 안 좋은 것도 병이야 치료 받자",
            "norm_text": "정신 건강이 안 좋은 것도 병이야 치료 받자",
            "speaker": {
              "id": "1번",
              "sex": "여성",
              "age": "20대"
            },
            "speechAct": "(단언) 주장하기",
            "morpheme": "정신/NNG+건강/NNG+이/JKS+안/MAG+좋/VA+은/ETM+것/NNB+도/JX+병/NNG+이/VCP+야/EC+치료/NNG+받/VV+자/EC"
          },
          {
            "id": 2,
            "text": "2 : 내 정신은 말짱해 정말 너가 정신이 이상한 사람을 못 만나봐서 그래",
            "norm_text": "내 정신은 말짱해 정말 너가 정신이 이상한 사람을 못 만나봐서 그래",
            "speaker": {
              "id": "2번",
              "sex": "여성",
              "age": "20대"
            },
            "speechAct": "(단언) 진술하기",
            "morpheme": "내/NP+JKG+정신/NNG+은/JX+말짱/MAG+해/VV+EF+정말/MAG+너/NP+가/JKS+정신/NNG+이/JKS+이상/NNG+한/XSA+ETM+사람/NNG+을/JKO+못/MAG+만나/VV+EC+봐서/VV+EC+그래/VV+EC"
          },
          {
            "id": 3,
            "text": "1 : 너 있잖아 너... 원래 스스로는 부정하고 그러는 거야",
            "norm_text": "너 있잖아 너... 원래 스스로는 부정하고 그러는 거야",
            "speaker": {
              "id": "1번",
              "sex": "여성",
              "age": "20대"
            },
            "speechAct": "(단언) 주장하기",
            "morpheme": "너/NP+있/VA+잖아/EF+너/NP+./SY+원래/MAG+스스로/NNG+는/JX+부정/NNG+하/XSV+고/EC+그러/VV+는/ETM+거/NNB+야/VCP+EF"
          },
          {
            "id": 4,
            "text": "2 : 일단 난 아니야 난 정말 정상이거든",
            "norm_text": "일단 난 아니야 난 정말 정상이거든",
            "speaker": {
              "id": "2번",
              "sex": "여성",
              "age": "20대"
            },
            "speechAct": "(단언) 주장하기",
            "morpheme": "일단/MAG+난/NP+JX+아니/VCN+야/EC+난/NP+JX+정말/MAG+정상/NNG+이/JKS+거든/VV+EC"
          },
          {
            "id": 5,
            "text": "2 : 혹시나 정신과 진료 보고 싶으면 나한테 말해 우리 병원 신경 정신과도 있으니까",
            "norm_text": "혹시나 정신과 진료 보고 싶으면 나한테 말해 우리 병원 신경 정신과도 있으니까",
            "speaker": {
              "id": "2번",
              "sex": "여성",
              "age": "20대"
            },
            "speechAct": "(지시) 충고/제안하기",
            "morpheme": "혹시나/MAG+정신/NNG+과/JC+진료/NNG+보/VV+고/EC+싶/VX+으면/EC+나/NP+한테/JKB+말/NNG+해/XSV+EC+우리/NP+병원/NNG+신경/NNG+정신과/NNG+도/JX+있/VA+으니까/EC"
          },
          {
            "id": 6,
            "text": "1 : 아 진짜? 간호사 덕을 다 보네.",
            "norm_text": "아 진짜? 간호사 덕을 다 보네.",
            "speaker": {
              "id": "1번",
              "sex": "여성",
              "age": "20대"
            },
            "speechAct": "(단언) 주장하기",
            "morpheme": "아/IC+진짜/MAG+간호/NNG+사덕/NNG+을/JKO+다/MAG+보/VV+네/EF"
          },
          {
            "id": 7,
            "text": "1 : 근데 나 말고 너가 검사 받아야 할 것 같은데",
            "norm_text": "근데 나 말고 너가 검사 받아야 할 것 같은데",
            "speaker": {
              "id": "1번",
              "sex": "여성",
              "age": "20대"
            },
            "speechAct": "(단언) 주장하기",
            "morpheme": "근데/MAJ+나/NP+말/VV+고/EC+너/NP+가/JKS+검사/NNG+받/VV+아야/EC+할/VX+ETM+것/NNB+같/VA+은데/EC"
          },
          {
            "id": 8,
            "text": "2 : 내가 받아야 할 거 같으면 진즉에 병원에서 검진 때 받으라 했겄지",
            "norm_text": "내가 받아야 할 거 같으면 진즉에 병원에서 검진 때 받으라 했겄지",
            "speaker": {
              "id": "2번",
              "sex": "여성",
              "age": "20대"
            },
            "speechAct": "(단언) 주장하기",
            "morpheme": "내/NP+가/JKS+받/VV+아야/EC+할/VX+ETM+거/NNB+같/VA+으면/EC+진즉에/MAG+병원/NNG+에서/JKB+검진/NNG+때/NNG+받/VV+으라/EC+했/VX+EP+겄/EP+지/EC"
          },
          {
            "id": 9,
            "text": "1 : 무서워서 말 못 하신 걸 수도 맞을까 봐",
            "norm_text": "무서워서 말 못 하신 걸 수도 맞을까 봐",
            "speaker": {
              "id": "1번",
              "sex": "여성",
              "age": "20대"
            },
            "speechAct": "(단언) 주장하기",
            "morpheme": "무서워서/VA+EC+말/VX+EC+못하/VX+신/EP+ETM+걸/NNB+JKO+수/NNB+도/JX+맞/VV+을까/EC+봐/VX+EC"
          },
          {
            "id": 10,
            "text": "2 : 참네 야 눈치는 내가 보는데 누가 무서워해",
            "norm_text": "참네 야 눈치는 내가 보는데 누가 무서워해",
            "speaker": {
              "id": "2번",
              "sex": "여성",
              "age": "20대"
            },
            "speechAct": "(단언) 주장하기",
            "morpheme": "참/IC+네/IC+야/IC+눈치/NNG+는/JX+내/NP+가/JKS+보/VV+는데/EC+누가/NP+JKS+무서워/VA+EC+해/VV+EC"
          },
          {
            "id": 11,
            "text": "1 : 무슨 소리야 ㅠㅠ 간호사들의 고질적인 악습 태움도 너가 없앤 거잖아. 도저히 널 태울 사람이 없어서",
            "norm_text": "무슨 소리야 ㅠㅠ 간호사들의 고질적인 악습 태움도 너가 없앤 거잖아. 도저히 널 태울 사람이 없어서",
            "speaker": {
              "id": "1번",
              "sex": "여성",
              "age": "20대"
            },
            "speechAct": "(단언) 주장하기",
            "morpheme": "무슨/MM+소리/NNG+야/VCP+EF+ㅠㅠ/UNKNOWN+간호사/NNG+들/XSN+의/JKG+고질/NNG+적/XSN+인/VCP+ETM+악습/NNG+태/VV+움/EC+도/JX+너/NP+가/JKS+없앤/VV+ETM+거/NNB+잖아/VCP+EC+VX+EF+도저히/MAG+널/NP+JKO+태울/VV+ETM+사람/NNG+이/JKS+없/VA+어서/EC"
          },
          {
            "id": 12,
            "text": "2 : 아직 많이 남아있어 우리 병동에도 만연하다",
            "norm_text": "아직 많이 남아있어 우리 병동에도 만연하다",
            "speaker": {
              "id": "2번",
              "sex": "여성",
              "age": "20대"
            },
            "speechAct": "(단언) 진술하기",
            "morpheme": "아직/MAG+많이/MAG+남/VV+아/EC+있/VX+어/EC+우리/NP+병동/NNG+에/JKB+도/JX+만연/NNG+하/XSV+다/EC"
          },
          {
            "id": 13,
            "text": "1 : 아 진짜? 넌 그런 거 없다며",
            "norm_text": "아 진짜? 넌 그런 거 없다며",
            "speaker": {
              "id": "1번",
              "sex": "여성",
              "age": "20대"
            },
            "speechAct": "(지시) 질문하기",
            "morpheme": "아/IC+진짜/MAG+넌/NP+JX+그런/MM+거/NNB+없/VA+다며/EC"
          },
          {
            "id": 14,
            "text": "2 : 나한테 그런 건 없지만 다른 사람한테는 있지",
            "norm_text": "나한테 그런 건 없지만 다른 사람한테는 있지",
            "speaker": {
              "id": "2번",
              "sex": "여성",
              "age": "20대"
            },
            "speechAct": "(단언) 진술하기",
            "morpheme": "나/NP+한테/JKB+그런/MM+건/NNB+JX+없/VA+지만/EC+다른/MM+사람/NNG+한테/JKB+는/JX+있/VX+지/EC"
          },
          {
            "id": 15,
            "text": "1 : 역시 아무도 너에게는... 그래 그렇게라도 너의 정신 건강이 잘 지켜진다면 나는 그거로 됐다.",
            "norm_text": "역시 아무도 너에게는... 그래 그렇게라도 너의 정신 건강이 잘 지켜진다면 나는 그거로 됐다.",
            "speaker": {
              "id": "1번",
              "sex": "여성",
              "age": "20대"
            },
            "speechAct": "(단언) 주장하기",
            "morpheme": "역시/MAJ+아무/NP+도/JX+너/NP+에게/JKB+는/JX+./SY+그래/IC+그렇게/MAG+라도/JX+너/NP+의/JKG+정신/NNG+건강/NNG+이/JKS+잘/MAG+지켜진다면/VV+EC+VX+EC+나/NP+는/JX+그거/NP+로/JKB+됐/VV+EP+다/EF"
          },
          {
            "id": 16,
            "text": "2 : 키키 강제로 정신 건강 지켜지네 새삼 키키",
            "norm_text": "키키 강제로 정신 건강 지켜지네 새삼 키키",
            "speaker": {
              "id": "2번",
              "sex": "여성",
              "age": "20대"
            },
            "speechAct": "(단언) 주장하기",
            "morpheme": "키/NNG+키/NNG+강제/NNG+로/JKB+정신/NNG+건강/NNG+지켜/VV+EC+지/VX+네/EF+새삼/MAG+키/NNG+키/XSV+ETN"
          },
          {
            "id": 17,
            "text": "1 : 이렇게 세상에 감사한 게 많아. 아무리 힘들어도 산뜻하게 이겨내자!",
            "norm_text": "이렇게 세상에 감사한 게 많아. 아무리 힘들어도 산뜻하게 이겨내자!",
            "speaker": {
              "id": "1번",
              "sex": "여성",
              "age": "20대"
            },
            "speechAct": "(지시) 충고/제안하기",
            "morpheme": "이렇게/MAG+세상/NNG+에/JKB+감사/NNG+한/XSA+ETM+게/NNB+JKS+많/VA+아/EF+아무리/MAG+힘들/VA+어도/EC+산뜻/XR+하/XSA+게/EC+이겨/VV+EC+내/VX+자/EF"
          },
          {
            "id": 18,
            "text": "2 : 그래 돈의 힘으로 이겨내 보자",
            "norm_text": "그래 돈의 힘으로 이겨내 보자",
            "speaker": {
              "id": "2번",
              "sex": "여성",
              "age": "20대"
            },
            "speechAct": "(단언) 주장하기",
            "morpheme": "그래/IC+돈/NNG+의/JKG+힘/NNG+으로/JKB+이겨/VV+EC+내보/VV+자/EC"
          }
        ]
      }
    }
  ]
}