{
  "dataset": {
    "identifier": 63841,
    "name": "KAKAO_901_15_set",
    "src_path": "/data/file/cubeManager/PROJECT001/53/txt20211005153438084689/KAKAO_901_15_set/",
    "label_path": "/data/file/cubeManager/PROJECT001/53/txt20211005153438084689/KAKAO_901_15_set/",
    "category": 2,
    "type": 0
  },
  "licenses": {
    "name": "Apache License 1.0",
    "url": "http://www.apache.org/licenses/LICENSE-1.0"
  },
  "info": [
    {
      "id": 41492,
      "filename": "KAKAO_901_15.txt",
      "title": "KAKAO_901_15",
      "mediatype": "SNS",
      "medianame": "카카오톡",
      "category": "일상대화",
      "date": "2021-10-05",
      "size": 495,
      "annotations": {
        "subject": "타 국가 이슈",
        "speaker_type": "1:1",
        "size": 495,
        "word_size": 154,
        "text": "1 : 세계는 무슨 사건이 있나 키키\n2 : 우리나라 진짜 시끄럽다 생각했는데 다른 나라도 조용할 날이 없던데요\n1 : 진짜 아직도 전쟁 하는 곳도 많고\n2 : 진짜 전쟁은 남의 일 같으면서도 아닌 것 같고\n1 : 진짜 아프간이나 이런 쪽은 이제 괜찮은 건가\n2 : 모르겠어요... 진짜 그런 거 보면 북한이 가만히 있길 바라고\n1 : 그러니까... 제발 우리는 평화만 있기를\n2 : 진짜... 북한 새키들은 조용하나 싶음 꼭 뭐를 터트려서\n1 : 그러니까 진짜 희한한 놈들이다 또 그런 쪽으로 머리가 밝아요\n2 : 그니깐요 보면 꼭 머리 좋은 놈들이 하나씩 끼어 있어요\n1 : 진짜 키키 아깝다 아까운 인재들이여\n2 : 그니깐요 진짜 그 머리 국가를 위해서나 쓰지\n1 : 그러니까 아 북한 놈들은 국가를 위해서 쓰는 거겠네 키키\n2 : 아 제길 키키 맞네요 키키 너무 저희 기준으로 생각했네요\n1 : 키키 제길 키키 진짜 키키 그놈들은 잘하고 있네 키키\n2 : 그렇네요 키키 우리 나라 머리 좋은 놈들은 뭐하노",
        "lines": [
          {
            "id": 1,
            "text": "1 : 세계는 무슨 사건이 있나 키키",
            "norm_text": "세계는 무슨 사건이 있나 키키",
            "speaker": {
              "id": "1번",
              "sex": "남성",
              "age": "20대"
            },
            "speechAct": "(지시) 질문하기",
            "morpheme": "세계/NNG+는/JX+무슨/MM+사건/NNG+이/JKS+있/VV+나/EC+키/NNG+키/XSV+ETN"
          },
          {
            "id": 2,
            "text": "2 : 우리나라 진짜 시끄럽다 생각했는데 다른 나라도 조용할 날이 없던데요",
            "norm_text": "우리나라 진짜 시끄럽다 생각했는데 다른 나라도 조용할 날이 없던데요",
            "speaker": {
              "id": "2번",
              "sex": "남성",
              "age": "20대"
            },
            "speechAct": "(단언) 진술하기",
            "morpheme": "우리/NP+나라/NNG+진짜/MAG+시끄럽/VA+다/EC+생각/NNG+했/XSV+EP+는데/EC+다른/MM+나라/NNG+도/JX+조용/XR+할/XSA+ETM+날/NNG+이/JKS+없/VA+던데요/EC"
          },
          {
            "id": 3,
            "text": "1 : 진짜 아직도 전쟁 하는 곳도 많고",
            "norm_text": "진짜 아직도 전쟁 하는 곳도 많고",
            "speaker": {
              "id": "1번",
              "sex": "남성",
              "age": "20대"
            },
            "speechAct": "(단언) 진술하기",
            "morpheme": "진짜/MAG+아직/MAG+도/JX+전쟁/NNG+하/XSV+는/ETM+곳/NNG+도/JX+많/VA+고/EC"
          },
          {
            "id": 4,
            "text": "2 : 진짜 전쟁은 남의 일 같으면서도 아닌 것 같고",
            "norm_text": "진짜 전쟁은 남의 일 같으면서도 아닌 것 같고",
            "speaker": {
              "id": "2번",
              "sex": "남성",
              "age": "20대"
            },
            "speechAct": "(단언) 진술하기",
            "morpheme": "진짜/MAG+전쟁/NNG+은/JX+남/NNG+의/JKG+일/NNG+같/VA+으면서/EC+도/JX+아닌/VCN+ETM+것/NNB+같/VA+고/EC"
          },
          {
            "id": 5,
            "text": "1 : 진짜 아프간이나 이런 쪽은 이제 괜찮은 건가",
            "norm_text": "진짜 아프간이나 이런 쪽은 이제 괜찮은 건가",
            "speaker": {
              "id": "1번",
              "sex": "남성",
              "age": "20대"
            },
            "speechAct": "(지시) 질문하기",
            "morpheme": "진짜/MAG+아프간/NNG+이나/JC+이런/MM+쪽/NNB+은/JX+이제/MAG+괜찮/VA+은/ETM+건가/NNB+VCP+EC"
          },
          {
            "id": 6,
            "text": "2 : 모르겠어요... 진짜 그런 거 보면 북한이 가만히 있길 바라고",
            "norm_text": "모르겠어요... 진짜 그런 거 보면 북한이 가만히 있길 바라고",
            "speaker": {
              "id": "2번",
              "sex": "남성",
              "age": "20대"
            },
            "speechAct": "(단언) 주장하기",
            "morpheme": "모르/VV+겠/EP+어요/EF+./SY+진짜/MAG+그런/MM+거/NNB+보/VV+면/EC+북한/NNP+이/JKS+가만히/MAG+있/VV+길/ETN+JKO+바라/VV+고/EC"
          },
          {
            "id": 7,
            "text": "1 : 그러니까... 제발 우리는 평화만 있기를",
            "norm_text": "그러니까... 제발 우리는 평화만 있기를",
            "speaker": {
              "id": "1번",
              "sex": "남성",
              "age": "20대"
            },
            "speechAct": "(단언) 주장하기",
            "morpheme": "그러니까/MAJ+./SY+제발/MAG+우리/NP+는/JX+평화/NNG+만/JX+있/VX+기/ETN+를/JKO"
          },
          {
            "id": 8,
            "text": "2 : 진짜... 북한 새키들은 조용하나 싶음 꼭 뭐를 터트려서",
            "norm_text": "진짜... 북한 새키들은 조용하나 싶음 꼭 뭐를 터트려서",
            "speaker": {
              "id": "2번",
              "sex": "남성",
              "age": "20대"
            },
            "speechAct": "(단언) 진술하기",
            "morpheme": "진짜/MAG+./SY+./SY+북한/NNP+새/MM+키/NNG+들/XSN+은/JX+조용/XR+하/XSA+나/EC+싶/VX+음/ETN+꼭/MAG+뭐/NP+를/JKO+터트려/VV+EC+서/VV+EC"
          },
          {
            "id": 9,
            "text": "1 : 그러니까 진짜 희한한 놈들이다 또 그런 쪽으로 머리가 밝아요",
            "norm_text": "그러니까 진짜 희한한 놈들이다 또 그런 쪽으로 머리가 밝아요",
            "speaker": {
              "id": "1번",
              "sex": "남성",
              "age": "20대"
            },
            "speechAct": "(단언) 주장하기",
            "morpheme": "그러니까/MAJ+진짜/MAG+희한/XR+한/XSA+ETM+놈/NNB+들/XSN+이/JKS+다/MAG+또/MAG+그런/MM+쪽/NNB+으로/JKB+머리/NNG+가/JKS+밝/VA+아요/EC"
          },
          {
            "id": 10,
            "text": "2 : 그니깐요 보면 꼭 머리 좋은 놈들이 하나씩 끼어 있어요",
            "norm_text": "그니깐요 보면 꼭 머리 좋은 놈들이 하나씩 끼어 있어요",
            "speaker": {
              "id": "2번",
              "sex": "남성",
              "age": "20대"
            },
            "speechAct": "(단언) 진술하기",
            "morpheme": "그니깐/MAJ+요/JX+보/VX+면/EC+꼭/MAG+머리/NNG+좋/VA+은/ETM+놈/NNB+들/XSN+이/JKS+하나/NR+씩/XSN+끼/VV+어/EC+있/VX+어요/EF"
          },
          {
            "id": 11,
            "text": "1 : 진짜 키키 아깝다 아까운 인재들이여",
            "norm_text": "진짜 키키 아깝다 아까운 인재들이여",
            "speaker": {
              "id": "1번",
              "sex": "남성",
              "age": "20대"
            },
            "speechAct": "(단언) 주장하기",
            "morpheme": "진짜/MAG+키/NNG+키/XSV+ETN+아깝/VA+다/EC+아까운/VA+ETM+인재/NNG+들/XSN+이/VCP+여/EC"
          },
          {
            "id": 12,
            "text": "2 : 그니깐요 진짜 그 머리 국가를 위해서나 쓰지",
            "norm_text": "그니깐요 진짜 그 머리 국가를 위해서나 쓰지",
            "speaker": {
              "id": "2번",
              "sex": "남성",
              "age": "20대"
            },
            "speechAct": "(단언) 진술하기",
            "morpheme": "그니깐/MAJ+요/JX+진짜/MAG+그/MM+머리/NNG+국가/NNG+를/JKO+위해서/VV+EC+나/JX+쓰/VV+지/EC"
          },
          {
            "id": 13,
            "text": "1 : 그러니까 아 북한 놈들은 국가를 위해서 쓰는 거겠네 키키",
            "norm_text": "그러니까 아 북한 놈들은 국가를 위해서 쓰는 거겠네 키키",
            "speaker": {
              "id": "1번",
              "sex": "남성",
              "age": "20대"
            },
            "speechAct": "(지시) 질문하기",
            "morpheme": "그러니까/MAJ+아북/NNG+한/XSA+ETM+놈/NNB+들/XSN+은/JX+국가/NNG+를/JKO+위해서/VV+EC+쓰/VV+는/ETM+거/NNB+겠/VCP+EP+네/EF+키/NNG+키/XSV+ETN"
          },
          {
            "id": 14,
            "text": "2 : 아 제길 키키 맞네요 키키 너무 저희 기준으로 생각했네요",
            "norm_text": "아 제길 키키 맞네요 키키 너무 저희 기준으로 생각했네요",
            "speaker": {
              "id": "2번",
              "sex": "남성",
              "age": "20대"
            },
            "speechAct": "(단언) 주장하기",
            "morpheme": "아/IC+제길/IC+키/NNG+키/XSV+ETN+맞/VV+네요/EF+키/NNG+키/NNG+너무/MAG+저희/NP+기준/NNG+으로/JKB+생각/NNG+했/XSV+EP+네요/EC"
          },
          {
            "id": 15,
            "text": "1 : 키키 제길 키키 진짜 키키 그놈들은 잘하고 있네 키키",
            "norm_text": "키키 제길 키키 진짜 키키 그놈들은 잘하고 있네 키키",
            "speaker": {
              "id": "1번",
              "sex": "남성",
              "age": "20대"
            },
            "speechAct": "(단언) 주장하기",
            "morpheme": "키/NNG+키/XSV+ETN+제길/IC+키/NNG+키/XSV+ETN+진짜/MAG+키/NNG+키/XSV+ETN+그놈/NP+들/XSN+은/JX+잘/MAG+하/VV+고/EC+있/VX+네/EF+키/NNG+키/XSV+ETN"
          },
          {
            "id": 16,
            "text": "2 : 그렇네요 키키 우리 나라 머리 좋은 놈들은 뭐하노",
            "norm_text": "그렇네요 키키 우리 나라 머리 좋은 놈들은 뭐하노",
            "speaker": {
              "id": "2번",
              "sex": "남성",
              "age": "20대"
            },
            "speechAct": "(지시) 질문하기",
            "morpheme": "그렇/VA+네요/EF+키/NNG+키/XSV+ETN+우리/NP+나라/NNG+머리/NNG+좋/VA+은/ETM+놈/NNB+들/XSN+은/JX+뭐/IC+하노/NNP"
          }
        ]
      }
    }
  ]
}