{
  "dataset": {
    "identifier": 62301,
    "name": "KAKAO_921_17_set",
    "src_path": "/data/file/cubeManager/PROJECT001/53/txt20211005161403044845/KAKAO_921_17_set/",
    "label_path": "/data/file/cubeManager/PROJECT001/53/txt20211005161403044845/KAKAO_921_17_set/",
    "category": 2,
    "type": 0
  },
  "licenses": {
    "name": "Apache License 1.0",
    "url": "http://www.apache.org/licenses/LICENSE-1.0"
  },
  "info": [
    {
      "id": 41994,
      "filename": "KAKAO_921_17.txt",
      "title": "KAKAO_921_17",
      "mediatype": "SNS",
      "medianame": "카카오톡",
      "category": "일상대화",
      "date": "2021-10-05",
      "size": 889,
      "annotations": {
        "subject": "건강",
        "speaker_type": "1:1",
        "size": 889,
        "word_size": 288,
        "text": "1 : 백신 맞고 골골대다가 이제 좀 회복했엉 ㅜㅜ 키키\n2 : 백신 맞고 아팠었어? ㅠㅠ\n2 : 어디가 아팠어?\n2 : 너도 막 열 올라가고 그랬어?\n1 : 응 근데 한 1도 정도? 키키\n1 : 나는 몸살기가 심했어 ㅜ 그리고 팔이 너무 아프고\n2 : 아 근데 건강한 사람일수록 백신 맞고 나면 아프대\n2 : 그래서 나이 많은 사람들은 상대적으로 멀쩡하다던데\n1 : 그칭 그리고 나는 모더나 백신 맞았는데 모더나는 이명 현상이 있을 수 있다더라고\n1 : 근데 난 그런 부작용 없어서 다행이라고 생각했엉\n2 : 아 나도 모더나 맞기로 했는데 부작용 없었으면 좋겠다 ㅠ\n1 : 아 너도 모더나래?!\n1 : 근데 나 주사 맞혀준 의사는 모더나가 제일 좋다고 말하던뎅\n2 : 응 그렇다고는 하더라구 키키\n2 : 근데 내 주변에 거의 다 화이자 맞았더라\n1 : 키키 그치 나두 그렇더라 주변엥!\n1 : 백신 말고 치료제 개발도 얼른 됐으면 좋겠당\n2 : 응 ㅠ 백신 맞는다고 코로나 안 걸리는 게 아닐 테니까 면역력도 좀 길러야겠다\n1 : 맞아 ㅜㅜ 안 그래도 난 홍삼이 면역력에 좋으니까 홍삼 좀 챙겨 먹어보려고 생각했었는데 키키\n2 : 근데 나는 홍삼이 몸에 안 맞는 거 같더라고 ㅜ\n2 : 홍삼 먹으니까 열 나더라\n1 : 아 진짜? 나도 근데 몸에 열이 많긴 한데 ㅜ\n1 : 그냥 잠 많이 자고 안 좋은 음식 안 먹고 그게 최고인가 키키\n2 : 웅 맞아 건강 좋아지려면 좋은 걸 먹는 것도 중요하지만 뭐니뭐니 해도 그냥 몸에 안 좋은 걸 안 하는 게 제일 중요한 거 같아 키키\n1 : 키키 사실 뭐 라면 자주 안 먹고 탄산음료 햄버거 치킨 피자 이런 배달음식 안 먹어야 한다는 것도 다 아는데도 키키 실천이 힘들어서 문제지 ㅜ 흑\n2 : 그러니까 난 특히 술을 마시니까... ㅠㅠ 키키\n2 : 앞으로 술 좀 진짜 줄여야겠다 건강을 위해서",
        "lines": [
          {
            "id": 1,
            "text": "1 : 백신 맞고 골골대다가 이제 좀 회복했엉 ㅜㅜ 키키",
            "norm_text": "백신 맞고 골골대다가 이제 좀 회복했엉 ㅜㅜ 키키",
            "speaker": {
              "id": "1번",
              "sex": "여성",
              "age": "20대"
            },
            "speechAct": "(단언) 주장하기",
            "morpheme": "백신/NNG+맞/VV+고/EC+골골대/VV+다가/EC+이제/MAG+좀/MAG+회복/NNG+했/XSV+EP+엉/EC+ㅜㅜ/UNKNOWN+키/NNG+키/XSV+ETN"
          },
          {
            "id": 2,
            "text": "2 : 백신 맞고 아팠었어? ㅠㅠ",
            "norm_text": "백신 맞고 아팠었어? ㅠㅠ",
            "speaker": {
              "id": "2번",
              "sex": "여성",
              "age": "20대"
            },
            "speechAct": "(지시) 질문하기",
            "morpheme": "백신/NNG+맞/VV+고/EC+아팠었/VA+EP+어/EF+ㅠㅠ/UNKNOWN"
          },
          {
            "id": 3,
            "text": "2 : 어디가 아팠어?",
            "norm_text": "어디가 아팠어?",
            "speaker": {
              "id": "2번",
              "sex": "여성",
              "age": "20대"
            },
            "speechAct": "(지시) 질문하기",
            "morpheme": "어디/NP+가/JKS+아팠/VA+EP+어/EF"
          },
          {
            "id": 4,
            "text": "2 : 너도 막 열 올라가고 그랬어?",
            "norm_text": "너도 막 열 올라가고 그랬어?",
            "speaker": {
              "id": "2번",
              "sex": "여성",
              "age": "20대"
            },
            "speechAct": "(지시) 질문하기",
            "morpheme": "너/NP+도/JX+막/NNG+열/NR+올라가/VV+고/EC+그랬/VV+EP+어/EF"
          },
          {
            "id": 5,
            "text": "1 : 응 근데 한 1도 정도? 키키",
            "norm_text": "응 근데 한 1도 정도? 키키",
            "speaker": {
              "id": "1번",
              "sex": "여성",
              "age": "20대"
            },
            "speechAct": "(단언) 진술하기",
            "morpheme": "응/IC+근데/MAJ+한/MM+1/SN+도/NNBC+정도/NNG+?/SY+키/NNG+키/XSV+ETN"
          },
          {
            "id": 6,
            "text": "1 : 나는 몸살기가 심했어 ㅜ 그리고 팔이 너무 아프고",
            "norm_text": "나는 몸살기가 심했어 ㅜ 그리고 팔이 너무 아프고",
            "speaker": {
              "id": "1번",
              "sex": "여성",
              "age": "20대"
            },
            "speechAct": "(단언) 진술하기",
            "morpheme": "나/NP+는/JX+몸살기/NNG+가/JKS+심했/VA+EP+어ㅜ/UNKNOWN+그리고/MAJ+팔/NNG+이/JKS+너무/MAG+아프/VA+고/EC"
          },
          {
            "id": 7,
            "text": "2 : 아 근데 건강한 사람일수록 백신 맞고 나면 아프대",
            "norm_text": "아 근데 건강한 사람일수록 백신 맞고 나면 아프대",
            "speaker": {
              "id": "2번",
              "sex": "여성",
              "age": "20대"
            },
            "speechAct": "(단언) 진술하기",
            "morpheme": "아/IC+근데/MAJ+건강/NNG+한/XSA+ETM+사람/NNG+일수록/VCP+EC+백신/NNG+맞/VV+고/EC+나/VX+면/EC+아프/VA+대/EC"
          },
          {
            "id": 8,
            "text": "2 : 그래서 나이 많은 사람들은 상대적으로 멀쩡하다던데",
            "norm_text": "그래서 나이 많은 사람들은 상대적으로 멀쩡하다던데",
            "speaker": {
              "id": "2번",
              "sex": "여성",
              "age": "20대"
            },
            "speechAct": "(단언) 진술하기",
            "morpheme": "그래서/MAJ+나이/NNG+많/VA+은/ETM+사람/NNG+들/XSN+은/JX+상대/NNG+적/XSN+으로/JKB+멀쩡/XR+하/XSA+다던데/EC"
          },
          {
            "id": 9,
            "text": "1 : 그칭 그리고 나는 모더나 백신 맞았는데 모더나는 이명 현상이 있을 수 있다더라고",
            "norm_text": "그칭 그리고 나는 모더나 백신 맞았는데 모더나는 이명 현상이 있을 수 있다더라고",
            "speaker": {
              "id": "1번",
              "sex": "여성",
              "age": "20대"
            },
            "speechAct": "(단언) 진술하기",
            "morpheme": "그/MM+칭/NNG+그리고/MAJ+나/NP+는/JX+모더/NNP+나/JC+백신/NNG+맞/VV+았/EP+는데/EC+모더/NNP+나/NP+는/JX+이명/NNP+현상/NNG+이/JKS+있/VV+을/ETM+수/NNB+있/VV+다더라고/EC"
          },
          {
            "id": 10,
            "text": "1 : 근데 난 그런 부작용 없어서 다행이라고 생각했엉",
            "norm_text": "근데 난 그런 부작용 없어서 다행이라고 생각했엉",
            "speaker": {
              "id": "1번",
              "sex": "여성",
              "age": "20대"
            },
            "speechAct": "(단언) 주장하기",
            "morpheme": "근데/MAJ+난/NP+JX+그런/MM+부작용/NNG+없/VA+어서/EC+다행/NNG+이/VCP+라고/EC+생각/NNG+했/XSV+EP+엉/EC"
          },
          {
            "id": 11,
            "text": "2 : 아 나도 모더나 맞기로 했는데 부작용 없었으면 좋겠다 ㅠ",
            "norm_text": "아 나도 모더나 맞기로 했는데 부작용 없었으면 좋겠다 ㅠ",
            "speaker": {
              "id": "2번",
              "sex": "여성",
              "age": "20대"
            },
            "speechAct": "(단언) 주장하기",
            "morpheme": "아/IC+나/NP+도/JX+모/NNG+더/MAG+나/JX+맞/VV+기/ETN+로/JKB+했/VV+EP+는데/EC+부작용/NNG+없/VA+었/EP+으면/EC+좋/VA+겠/EP+다ㅠ/UNKNOWN"
          },
          {
            "id": 12,
            "text": "1 : 아 너도 모더나래?!",
            "norm_text": "아 너도 모더나래?!",
            "speaker": {
              "id": "1번",
              "sex": "여성",
              "age": "20대"
            },
            "speechAct": "(지시) 질문하기",
            "morpheme": "아/IC+너/NP+도/JX+모더/NNP+나래/NNG+?/SY"
          },
          {
            "id": 13,
            "text": "1 : 근데 나 주사 맞혀준 의사는 모더나가 제일 좋다고 말하던뎅",
            "norm_text": "근데 나 주사 맞혀준 의사는 모더나가 제일 좋다고 말하던뎅",
            "speaker": {
              "id": "1번",
              "sex": "여성",
              "age": "20대"
            },
            "speechAct": "(단언) 진술하기",
            "morpheme": "근데/MAJ+나/NP+주사/NNG+맞혀/VV+EC+준/VX+ETM+의사/NNG+는/JX+모더/NNP+나/NP+가/JKS+제일/MAG+좋/VA+다고/EC+말/NNG+하/XSV+던/ETM+뎅/NNP"
          },
          {
            "id": 14,
            "text": "2 : 응 그렇다고는 하더라구 키키",
            "norm_text": "응 그렇다고는 하더라구 키키",
            "speaker": {
              "id": "2번",
              "sex": "여성",
              "age": "20대"
            },
            "speechAct": "(단언) 주장하기",
            "morpheme": "응/IC+그렇/VA+다고/EC+는/JX+하/VV+더라구/EC+키/NNG+키/XSV+ETN"
          },
          {
            "id": 15,
            "text": "2 : 근데 내 주변에 거의 다 화이자 맞았더라",
            "norm_text": "근데 내 주변에 거의 다 화이자 맞았더라",
            "speaker": {
              "id": "2번",
              "sex": "여성",
              "age": "20대"
            },
            "speechAct": "(단언) 진술하기",
            "morpheme": "근데/MAJ+내/MM+주변/NNG+에/JKB+거의/MAG+다화/NNG+이/VCP+자/EC+맞/VV+았/EP+더라/EC"
          },
          {
            "id": 16,
            "text": "1 : 키키 그치 나두 그렇더라 주변엥!",
            "norm_text": "키키 그치 나두 그렇더라 주변엥!",
            "speaker": {
              "id": "1번",
              "sex": "여성",
              "age": "20대"
            },
            "speechAct": "(단언) 주장하기",
            "morpheme": "키/NNG+키/XSV+ETN+그치/IC+나/NP+두/JX+그렇/VA+더라/EC+주변/NNG+엥/IC"
          },
          {
            "id": 17,
            "text": "1 : 백신 말고 치료제 개발도 얼른 됐으면 좋겠당",
            "norm_text": "백신 말고 치료제 개발도 얼른 됐으면 좋겠당",
            "speaker": {
              "id": "1번",
              "sex": "여성",
              "age": "20대"
            },
            "speechAct": "(단언) 주장하기",
            "morpheme": "백신/NNG+말/VV+고/EC+치료제/NNG+개발/NNG+도/JX+얼른/MAG+됐/VV+EP+으면/EC+좋/VA+겠/EP+당/XSN"
          },
          {
            "id": 18,
            "text": "2 : 응 ㅠ 백신 맞는다고 코로나 안 걸리는 게 아닐 테니까 면역력도 좀 길러야겠다",
            "norm_text": "응 ㅠ 백신 맞는다고 코로나 안 걸리는 게 아닐 테니까 면역력도 좀 길러야겠다",
            "speaker": {
              "id": "2번",
              "sex": "여성",
              "age": "20대"
            },
            "speechAct": "(단언) 주장하기",
            "morpheme": "응ㅠ/UNKNOWN+백신/NNG+맞/VV+는다고/EC+코로나/NNG+안/MAG+걸리/VV+는/ETM+게/NNB+JKC+아닐/VCN+ETM+테/NNB+VCP+니까/EC+면역력/NNG+도/JX+좀/MAG+길러야/VV+EC+VX+겠/EP+다/EC"
          },
          {
            "id": 19,
            "text": "1 : 맞아 ㅜㅜ 안 그래도 난 홍삼이 면역력에 좋으니까 홍삼 좀 챙겨 먹어보려고 생각했었는데 키키",
            "norm_text": "맞아 ㅜㅜ 안 그래도 난 홍삼이 면역력에 좋으니까 홍삼 좀 챙겨 먹어보려고 생각했었는데 키키",
            "speaker": {
              "id": "1번",
              "sex": "여성",
              "age": "20대"
            },
            "speechAct": "(단언) 주장하기",
            "morpheme": "맞/VV+아/EC+ㅜㅜ/UNKNOWN+안/MAG+그래도/VV+EC+난/VX+ETM+홍삼/NNG+이/JKS+면역력/NNG+에/JKB+좋/VA+으니까/EC+홍삼/NNG+좀/MAG+챙겨/VV+EC+먹/VV+어/EC+보/VX+려고/EC+생각/NNG+했었/XSV+EP+는데/EC+키/NNG+키/XSV+ETN"
          },
          {
            "id": 20,
            "text": "2 : 근데 나는 홍삼이 몸에 안 맞는 거 같더라고 ㅜ",
            "norm_text": "근데 나는 홍삼이 몸에 안 맞는 거 같더라고 ㅜ",
            "speaker": {
              "id": "2번",
              "sex": "여성",
              "age": "20대"
            },
            "speechAct": "(단언) 주장하기",
            "morpheme": "근데/MAJ+나/NP+는/JX+홍삼/NNG+이/JKS+몸/NNG+에/JKB+안/MAG+맞/VV+는/ETM+거/NNB+같/VA+더라고/EF+ㅜ/UNKNOWN"
          },
          {
            "id": 21,
            "text": "2 : 홍삼 먹으니까 열 나더라",
            "norm_text": "홍삼 먹으니까 열 나더라",
            "speaker": {
              "id": "2번",
              "sex": "여성",
              "age": "20대"
            },
            "speechAct": "(단언) 진술하기",
            "morpheme": "홍삼/NNG+먹/VV+으니까/EC+열나/VV+더라/EC"
          },
          {
            "id": 22,
            "text": "1 : 아 진짜? 나도 근데 몸에 열이 많긴 한데 ㅜ",
            "norm_text": "아 진짜? 나도 근데 몸에 열이 많긴 한데 ㅜ",
            "speaker": {
              "id": "1번",
              "sex": "여성",
              "age": "20대"
            },
            "speechAct": "(단언) 주장하기",
            "morpheme": "아/IC+진짜/MAG+나/NP+도/JX+근데/MAJ+몸/NNG+에/JKB+열/NNG+이/JKS+많/VA+긴/ETN+JX+한데/VX+EC+ㅜ/UNKNOWN"
          },
          {
            "id": 23,
            "text": "1 : 그냥 잠 많이 자고 안 좋은 음식 안 먹고 그게 최고인가 키키",
            "norm_text": "그냥 잠 많이 자고 안 좋은 음식 안 먹고 그게 최고인가 키키",
            "speaker": {
              "id": "1번",
              "sex": "여성",
              "age": "20대"
            },
            "speechAct": "(단언) 주장하기",
            "morpheme": "그냥/MAG+잠/NNG+많이/MAG+자/VV+고/EC+안/MAG+좋/VA+은/ETM+음식/NNG+안/MAG+먹/VV+고/EC+그게/NP+JKS+최고/NNG+인가/VCP+EC+키/NNG+키/XSV+ETN"
          },
          {
            "id": 24,
            "text": "2 : 웅 맞아 건강 좋아지려면 좋은 걸 먹는 것도 중요하지만 뭐니뭐니 해도 그냥 몸에 안 좋은 걸 안 하는 게 제일 중요한 거 같아 키키",
            "norm_text": "웅 맞아 건강 좋아지려면 좋은 걸 먹는 것도 중요하지만 뭐니뭐니 해도 그냥 몸에 안 좋은 걸 안 하는 게 제일 중요한 거 같아 키키",
            "speaker": {
              "id": "2번",
              "sex": "여성",
              "age": "20대"
            },
            "speechAct": "(단언) 주장하기",
            "morpheme": "웅/MAG+맞/VV+아/EC+건강/NNG+좋/VA+아/EC+지/VX+려면/EC+좋/VA+은/ETM+걸/NNB+JKO+먹/VV+는/ETM+것/NNB+도/JX+중요/NNG+하/XSV+지만/EC+뭐니뭐니/MAG+해도/VV+EC+그냥/MAG+몸/NNG+에/JKB+안/MAG+좋/VA+은/ETM+걸/NNB+JKO+안/MAG+하/VV+는/ETM+게/NNB+JKS+제일/MAG+중요/NNG+한/XSA+ETM+거/NNB+같/VA+아/EC+키/NNG+키/XSV+ETN"
          },
          {
            "id": 25,
            "text": "1 : 키키 사실 뭐 라면 자주 안 먹고 탄산음료 햄버거 치킨 피자 이런 배달음식 안 먹어야 한다는 것도 다 아는데도 키키 실천이 힘들어서 문제지 ㅜ 흑",
            "norm_text": "키키 사실 뭐 라면 자주 안 먹고 탄산음료 햄버거 치킨 피자 이런 배달음식 안 먹어야 한다는 것도 다 아는데도 키키 실천이 힘들어서 문제지 ㅜ 흑",
            "speaker": {
              "id": "1번",
              "sex": "여성",
              "age": "20대"
            },
            "speechAct": "(단언) 주장하기",
            "morpheme": "키/NNG+키/XSV+ETN+사실/MAG+뭐/NP+라면/VCP+EC+자주/MAG+안/MAG+먹/VV+고/EC+탄산/NNG+음료/NNG+햄버거/NNG+치킨/NNG+피자/NNG+이런/MM+배달/NNG+음식/NNG+안/MAG+먹/VV+어야/EC+한다는/VX+ETM+것/NNB+도/JX+다/MAG+아/VV+는/ETM+데/NNB+도/JX+키/NNG+키/NNG+실천/NNG+이/JKS+힘들/VA+어서/EC+문제지/NNG+ㅜ흑/UNKNOWN"
          },
          {
            "id": 26,
            "text": "2 : 그러니까 난 특히 술을 마시니까... ㅠㅠ 키키",
            "norm_text": "그러니까 난 특히 술을 마시니까... ㅠㅠ 키키",
            "speaker": {
              "id": "2번",
              "sex": "여성",
              "age": "20대"
            },
            "speechAct": "(단언) 주장하기",
            "morpheme": "그러니까/MAJ+난/NP+JX+특히/MAG+술/NNG+을/JKO+마시/VV+니까/EC+./SY+./SY+ㅠㅠ키키/UNKNOWN"
          },
          {
            "id": 27,
            "text": "2 : 앞으로 술 좀 진짜 줄여야겠다 건강을 위해서",
            "norm_text": "앞으로 술 좀 진짜 줄여야겠다 건강을 위해서",
            "speaker": {
              "id": "2번",
              "sex": "여성",
              "age": "20대"
            },
            "speechAct": "(단언) 주장하기",
            "morpheme": "앞/NNG+으로/JKB+술/NNG+좀/MAG+진짜/MAG+줄여야/VV+EC+VX+겠/EP+다/EC+건강/NNG+을/JKO+위해서/VV+EC"
          }
        ]
      }
    }
  ]
}