{
  "dataset": {
    "identifier": 63312,
    "name": "KAKAO_916_13_set",
    "src_path": "/data/file/cubeManager/PROJECT001/53/txt20211005155003046661/KAKAO_916_13_set/",
    "label_path": "/data/file/cubeManager/PROJECT001/53/txt20211005155003046661/KAKAO_916_13_set/",
    "category": 2,
    "type": 0
  },
  "licenses": {
    "name": "Apache License 1.0",
    "url": "http://www.apache.org/licenses/LICENSE-1.0"
  },
  "info": [
    {
      "id": 41810,
      "filename": "KAKAO_916_13.txt",
      "title": "KAKAO_916_13",
      "mediatype": "SNS",
      "medianame": "카카오톡",
      "category": "일상대화",
      "date": "2021-10-05",
      "size": 503,
      "annotations": {
        "subject": "계절/날씨",
        "speaker_type": "1:1",
        "size": 503,
        "word_size": 172,
        "text": "1 : 나는 날씨 요정이얌 키키\n2 : 키키 요정님 내일 날씨는 어떤가요?\n1 : 키키 내일 날씨는 완전 화창할 겁니다!\n2 : 감사합니다 요정님\n2 : 이제 들어가세요 키키\n1 : 키키 네? 근데 나 진짜 날씨 요정인 듯\n2 : 키키 왜? 왜 날씨 요정인데?\n1 : 최근에 제주도 다녀왔는데 그 우기 지역도 비를 다 피해 다녔어 키키\n2 : 키키 그때는 비 안 오고 좋았나?\n1 : 응 키키 도착했을 때 흐렸는데 비는 안 오더랑\n2 : 키키 운이 좋은 건가?\n2 : 날씨 요정이라서 그런 건가?\n1 : 키키 또 하루는 호텔에 우산이 있길래 챙겼는데 비 조금 왔었당\n2 : 키키 뭐야 키키 운이 좋은 거네\n1 : 키키 그런 건가? 날씨랑 상관없나?\n2 : 응 날씨 요정 들어가세요\n2 : 운 요정이네 키키\n1 : 그런가 봐 키키 어쨌든 둘 다 좋은 거 아니야?\n2 : 좋은 건 맞지 키키\n2 : 날씨 궁금할 때 니한테 물으면 되겠다\n1 : 키키 나한테 물어봐\n1 : 요즘은 네이버도 잘 못 맞추더라\n2 : 키키 알겠어 키키 니한테 물어볼게",
        "lines": [
          {
            "id": 1,
            "text": "1 : 나는 날씨 요정이얌 키키",
            "norm_text": "나는 날씨 요정이얌 키키",
            "speaker": {
              "id": "1번",
              "sex": "여성",
              "age": "20대"
            },
            "speechAct": "(단언) 주장하기",
            "morpheme": "나/NP+는/JX+날씨/NNG+요정/NNG+이얌/NNG+키/NNG+키/XSV+ETN"
          },
          {
            "id": 2,
            "text": "2 : 키키 요정님 내일 날씨는 어떤가요?",
            "norm_text": "키키 요정님 내일 날씨는 어떤가요?",
            "speaker": {
              "id": "2번",
              "sex": "남성",
              "age": "20대"
            },
            "speechAct": "(지시) 질문하기",
            "morpheme": "키/NNG+키/NNG+요정/NNG+님/XSN+내일/NNG+날씨/NNG+는/JX+어떤/MM+가요/NNG"
          },
          {
            "id": 3,
            "text": "1 : 키키 내일 날씨는 완전 화창할 겁니다!",
            "norm_text": "키키 내일 날씨는 완전 화창할 겁니다!",
            "speaker": {
              "id": "1번",
              "sex": "여성",
              "age": "20대"
            },
            "speechAct": "(단언) 주장하기",
            "morpheme": "키/NNG+키/NNG+내일/NNG+날씨/NNG+는/JX+완전/NNG+화창/NNG+할/XSV+ETM+겁니다/NNB+VCP+EF"
          },
          {
            "id": 4,
            "text": "2 : 감사합니다 요정님",
            "norm_text": "감사합니다 요정님",
            "speaker": {
              "id": "2번",
              "sex": "남성",
              "age": "20대"
            },
            "speechAct": "(단언) 주장하기",
            "morpheme": "감사/NNG+합니다/XSV+EF+요정/NNG+님/XSN"
          },
          {
            "id": 5,
            "text": "2 : 이제 들어가세요 키키",
            "norm_text": "이제 들어가세요 키키",
            "speaker": {
              "id": "2번",
              "sex": "남성",
              "age": "20대"
            },
            "speechAct": "(단언) 주장하기",
            "morpheme": "이제/MAG+들어가/VV+세요/EP+EF+키/NNG+키/XSV+ETN"
          },
          {
            "id": 6,
            "text": "1 : 키키 네? 근데 나 진짜 날씨 요정인 듯",
            "norm_text": "키키 네? 근데 나 진짜 날씨 요정인 듯",
            "speaker": {
              "id": "1번",
              "sex": "여성",
              "age": "20대"
            },
            "speechAct": "(단언) 주장하기",
            "morpheme": "키/NNG+키/VV+네/EF+근데/MAJ+나/NP+진짜/MAG+날씨/NNG+요정/NNG+인/VCP+ETM+듯/NNB"
          },
          {
            "id": 7,
            "text": "2 : 키키 왜? 왜 날씨 요정인데?",
            "norm_text": "키키 왜? 왜 날씨 요정인데?",
            "speaker": {
              "id": "2번",
              "sex": "남성",
              "age": "20대"
            },
            "speechAct": "(지시) 질문하기",
            "morpheme": "키/NNG+키/XSV+ETN+왜/MAG+왜/MAG+날씨/NNG+요정/NNG+인데/VCP+EF"
          },
          {
            "id": 8,
            "text": "1 : 최근에 제주도 다녀왔는데 그 우기 지역도 비를 다 피해 다녔어 키키",
            "norm_text": "최근에 제주도 다녀왔는데 그 우기 지역도 비를 다 피해 다녔어 키키",
            "speaker": {
              "id": "1번",
              "sex": "여성",
              "age": "20대"
            },
            "speechAct": "(단언) 진술하기",
            "morpheme": "최근/NNG+에/JKB+제주/NNP+도/JX+다녀왔/VV+EP+는데/EC+그/MM+우기/NNG+지역/NNG+도/JX+비/NNG+를/JKO+다/MAG+피해다녔/VV+VV+EP+어/EC+키/NNG+키/XSV+ETN"
          },
          {
            "id": 9,
            "text": "2 : 키키 그때는 비 안 오고 좋았나?",
            "norm_text": "키키 그때는 비 안 오고 좋았나?",
            "speaker": {
              "id": "2번",
              "sex": "남성",
              "age": "20대"
            },
            "speechAct": "(지시) 질문하기",
            "morpheme": "키/NNG+키/NNG+그때/NNG+는/JX+비/NNG+안/MAG+오/VV+고/EC+좋/VA+았/EP+나/EF"
          },
          {
            "id": 10,
            "text": "1 : 응 키키 도착했을 때 흐렸는데 비는 안 오더랑",
            "norm_text": "응 키키 도착했을 때 흐렸는데 비는 안 오더랑",
            "speaker": {
              "id": "1번",
              "sex": "여성",
              "age": "20대"
            },
            "speechAct": "(단언) 진술하기",
            "morpheme": "응/IC+키/NNG+키/NNG+도착/NNG+했/XSV+EP+을/ETM+때/NNG+흐렸/VV+EP+는데/EC+비/VX+는/ETM+안/NNG+오더/NNG+랑/JKB"
          },
          {
            "id": 11,
            "text": "2 : 키키 운이 좋은 건가?",
            "norm_text": "키키 운이 좋은 건가?",
            "speaker": {
              "id": "2번",
              "sex": "남성",
              "age": "20대"
            },
            "speechAct": "(지시) 질문하기",
            "morpheme": "키/NNG+키운/VV+ETM+이/MM+좋/VA+은/ETM+건가/NNB+VCP+EF"
          },
          {
            "id": 12,
            "text": "2 : 날씨 요정이라서 그런 건가?",
            "norm_text": "날씨 요정이라서 그런 건가?",
            "speaker": {
              "id": "2번",
              "sex": "남성",
              "age": "20대"
            },
            "speechAct": "(지시) 질문하기",
            "morpheme": "날씨/NNG+요정/NNG+이/VCP+라서/EC+그런/MM+건가/NNB+VCP+EF"
          },
          {
            "id": 13,
            "text": "1 : 키키 또 하루는 호텔에 우산이 있길래 챙겼는데 비 조금 왔었당",
            "norm_text": "키키 또 하루는 호텔에 우산이 있길래 챙겼는데 비 조금 왔었당",
            "speaker": {
              "id": "1번",
              "sex": "여성",
              "age": "20대"
            },
            "speechAct": "(단언) 진술하기",
            "morpheme": "키/NNG+키/NNG+또/MAG+하루/NNG+는/JX+호텔/NNG+에/JKB+우산/NNG+이/JKS+있/VV+길래/EC+챙겼/VV+EP+는데/EC+비/XPN+조금/MAG+왔었/VV+EP+당/XSN"
          },
          {
            "id": 14,
            "text": "2 : 키키 뭐야 키키 운이 좋은 거네",
            "norm_text": "키키 뭐야 키키 운이 좋은 거네",
            "speaker": {
              "id": "2번",
              "sex": "남성",
              "age": "20대"
            },
            "speechAct": "(단언) 주장하기",
            "morpheme": "키/NNG+키/XSV+ETN+뭐/IC+야키/NNP+키/NNG+운/NNG+이/JKS+좋/VA+은/ETM+거/NNB+네/VCP+EC"
          },
          {
            "id": 15,
            "text": "1 : 키키 그런 건가? 날씨랑 상관없나?",
            "norm_text": "키키 그런 건가? 날씨랑 상관없나?",
            "speaker": {
              "id": "1번",
              "sex": "여성",
              "age": "20대"
            },
            "speechAct": "(지시) 질문하기",
            "morpheme": "키키/NNP+그런/MM+건가/NNB+VCP+EF+날씨/NNG+랑/JKB+상관없/VA+나/EF"
          },
          {
            "id": 16,
            "text": "2 : 응 날씨 요정 들어가세요",
            "norm_text": "응 날씨 요정 들어가세요",
            "speaker": {
              "id": "2번",
              "sex": "남성",
              "age": "20대"
            },
            "speechAct": "(단언) 주장하기",
            "morpheme": "응/IC+날씨/NNG+요정/NNG+들어가/VV+세요/EP+EF"
          },
          {
            "id": 17,
            "text": "2 : 운 요정이네 키키",
            "norm_text": "운 요정이네 키키",
            "speaker": {
              "id": "2번",
              "sex": "남성",
              "age": "20대"
            },
            "speechAct": "(단언) 주장하기",
            "morpheme": "운요정이네키키/UNKNOWN"
          },
          {
            "id": 18,
            "text": "1 : 그런가 봐 키키 어쨌든 둘 다 좋은 거 아니야?",
            "norm_text": "그런가 봐 키키 어쨌든 둘 다 좋은 거 아니야?",
            "speaker": {
              "id": "1번",
              "sex": "여성",
              "age": "20대"
            },
            "speechAct": "(지시) 질문하기",
            "morpheme": "그런가/VA+EC+봐/VX+EF+키/NNG+키/XSV+ETN+어쨌든/MAJ+둘/NR+다/MAG+좋/VA+은/ETM+거/NNB+아니/VCN+야/EF"
          },
          {
            "id": 19,
            "text": "2 : 좋은 건 맞지 키키",
            "norm_text": "좋은 건 맞지 키키",
            "speaker": {
              "id": "2번",
              "sex": "남성",
              "age": "20대"
            },
            "speechAct": "(단언) 진술하기",
            "morpheme": "좋/VA+은/ETM+건/NNB+JX+맞/VV+지/EC+키/NNG+키/XSV+ETN"
          },
          {
            "id": 20,
            "text": "2 : 날씨 궁금할 때 니한테 물으면 되겠다",
            "norm_text": "날씨 궁금할 때 니한테 물으면 되겠다",
            "speaker": {
              "id": "2번",
              "sex": "남성",
              "age": "20대"
            },
            "speechAct": "(단언) 주장하기",
            "morpheme": "날씨/NNG+궁금/XR+할/XSA+ETM+때/NNG+니/NP+한테/JKB+물으면/VV+EC+되/VV+겠/EP+다/EC"
          },
          {
            "id": 21,
            "text": "1 : 키키 나한테 물어봐",
            "norm_text": "키키 나한테 물어봐",
            "speaker": {
              "id": "1번",
              "sex": "여성",
              "age": "20대"
            },
            "speechAct": "(지시) 충고/제안하기",
            "morpheme": "키/NNG+키나/XSA+ETN+JX+한테/JKB+물어봐/VV+EC"
          },
          {
            "id": 22,
            "text": "1 : 요즘은 네이버도 잘 못 맞추더라",
            "norm_text": "요즘은 네이버도 잘 못 맞추더라",
            "speaker": {
              "id": "1번",
              "sex": "여성",
              "age": "20대"
            },
            "speechAct": "(단언) 진술하기",
            "morpheme": "요즘/NNG+은/JX+네이버/NNP+도/JX+잘못/MAG+맞추/VV+더라/EC"
          },
          {
            "id": 23,
            "text": "2 : 키키 알겠어 키키 니한테 물어볼게",
            "norm_text": "키키 알겠어 키키 니한테 물어볼게",
            "speaker": {
              "id": "2번",
              "sex": "남성",
              "age": "20대"
            },
            "speechAct": "(언약) 약속하기(제3자와)/(개인적 수준)",
            "morpheme": "키/NNG+키/XSV+ETN+알/VV+겠/EP+어/EC+키/NNG+키/XSV+ETN+니/NP+한테/JKB+물어볼/VV+ETM+게/NNB+JKS"
          }
        ]
      }
    }
  ]
}