{
  "dataset": {
    "identifier": 63255,
    "name": "KAKAO_916_02_set",
    "src_path": "/data/file/cubeManager/PROJECT001/53/txt20211005155003036682/KAKAO_916_02_set/",
    "label_path": "/data/file/cubeManager/PROJECT001/53/txt20211005155003036682/KAKAO_916_02_set/",
    "category": 2,
    "type": 0
  },
  "licenses": {
    "name": "Apache License 1.0",
    "url": "http://www.apache.org/licenses/LICENSE-1.0"
  },
  "info": [
    {
      "id": 41799,
      "filename": "KAKAO_916_02.txt",
      "title": "KAKAO_916_02",
      "mediatype": "SNS",
      "medianame": "카카오톡",
      "category": "일상대화",
      "date": "2021-10-05",
      "size": 423,
      "annotations": {
        "subject": "주거와 생활",
        "speaker_type": "1:1",
        "size": 423,
        "word_size": 143,
        "text": "1 : 부동산 부자 되고 싶어 ㅋ\n2 : 와 키키 나도 건물주 하고 싶다\n1 : 태어나자마자 건물주 되는 애기들도 있지 않나? 키키\n2 : 부모님 덕 아니가 ㅠㅠ 부럽긴 하다\n1 : 태어나자마자 금을 휘두르고 태어난 거지 ㅠㅠ\n2 : 우리 부모님은 뭐 하셨지...\n1 : 부모님 시대는 다 힘들었으니까\n1 : 요즘 태어나는 애들이 좋은 시기에 태어나는 거지 ㅠ\n2 : 나는 절대 가난하게 안 살 거야\n1 : 키키 나도 지금부터라도 돈 많이 벌 수 있도록 노력해야지\n2 : 키키 나도 열심히 모으고 적금 해야지\n1 : 키키 응 돈 많이 벌어서 좋은 집 사면 서로 초대하자\n2 : 그래 키키 올 때는 양손 무겁게 알제?\n1 : 내가 먼저 집 살 수도 있는 거데잉?\n2 : 키키 그때는 내가 양손 무겁게 갈게\n1 : 굳 키키 좋은 집에서 오래 오래 살아야지\n2 : 더 좋은 집에서 살고 싶다",
        "lines": [
          {
            "id": 1,
            "text": "1 : 부동산 부자 되고 싶어 ㅋ",
            "norm_text": "부동산 부자 되고 싶어 ㅋ",
            "speaker": {
              "id": "1번",
              "sex": "여성",
              "age": "20대"
            },
            "speechAct": "(단언) 주장하기",
            "morpheme": "부동산/NNG+부자/NNG+되/XSV+고/EC+싶/VX+어/EC+ㅋ/UNKNOWN"
          },
          {
            "id": 2,
            "text": "2 : 와 키키 나도 건물주 하고 싶다",
            "norm_text": "와 키키 나도 건물주 하고 싶다",
            "speaker": {
              "id": "2번",
              "sex": "남성",
              "age": "20대"
            },
            "speechAct": "(단언) 주장하기",
            "morpheme": "와/IC+키/NNG+키나/XSA+ETN+JX+도/JX+건물/NNG+주/NNG+하/XSV+고/EC+싶/VX+다/EC"
          },
          {
            "id": 3,
            "text": "1 : 태어나자마자 건물주 되는 애기들도 있지 않나? 키키",
            "norm_text": "태어나자마자 건물주 되는 애기들도 있지 않나? 키키",
            "speaker": {
              "id": "1번",
              "sex": "여성",
              "age": "20대"
            },
            "speechAct": "(지시) 질문하기",
            "morpheme": "태어나/VV+자마자/EC+건물/NNG+주/NNG+되/XSV+는/ETM+애기/NNG+들/XSN+도/JX+있/VA+지/EC+않/VX+나/EF+키/NNG+키/XSV+ETN"
          },
          {
            "id": 4,
            "text": "2 : 부모님 덕 아니가 ㅠㅠ 부럽긴 하다",
            "norm_text": "부모님 덕 아니가 ㅠㅠ 부럽긴 하다",
            "speaker": {
              "id": "2번",
              "sex": "남성",
              "age": "20대"
            },
            "speechAct": "(지시) 질문하기",
            "morpheme": "부모/NNG+님/XSN+덕/NNG+아니/VCN+가/JKS+ㅠㅠ/UNKNOWN+부럽/VA+긴/ETN+JX+하/VX+다/EC"
          },
          {
            "id": 5,
            "text": "1 : 태어나자마자 금을 휘두르고 태어난 거지 ㅠㅠ",
            "norm_text": "태어나자마자 금을 휘두르고 태어난 거지 ㅠㅠ",
            "speaker": {
              "id": "1번",
              "sex": "여성",
              "age": "20대"
            },
            "speechAct": "(단언) 주장하기",
            "morpheme": "태어나/VV+자마/EC+자금/NNG+을/JKO+휘두르/VV+고/EC+태어난/VV+ETM+거/NNB+지/VCP+EF+ㅠㅠ/UNKNOWN"
          },
          {
            "id": 6,
            "text": "2 : 우리 부모님은 뭐 하셨지...",
            "norm_text": "우리 부모님은 뭐 하셨지...",
            "speaker": {
              "id": "2번",
              "sex": "남성",
              "age": "20대"
            },
            "speechAct": "(지시) 질문하기",
            "morpheme": "우리/NP+부모/NNG+님/XSN+은/JX+뭐/IC+하/VV+셨/EP+EP+지/EF+./SY"
          },
          {
            "id": 7,
            "text": "1 : 부모님 시대는 다 힘들었으니까",
            "norm_text": "부모님 시대는 다 힘들었으니까",
            "speaker": {
              "id": "1번",
              "sex": "여성",
              "age": "20대"
            },
            "speechAct": "(단언) 주장하기",
            "morpheme": "부모/NNG+님/XSN+시대/NNG+는/JX+다/MAG+힘들/VA+었/EP+으니까/EC"
          },
          {
            "id": 8,
            "text": "1 : 요즘 태어나는 애들이 좋은 시기에 태어나는 거지 ㅠ",
            "norm_text": "요즘 태어나는 애들이 좋은 시기에 태어나는 거지 ㅠ",
            "speaker": {
              "id": "1번",
              "sex": "여성",
              "age": "20대"
            },
            "speechAct": "(단언) 주장하기",
            "morpheme": "요즘/MAG+태어나/VV+는/ETM+애/NNG+들/XSN+이/JKS+좋/VA+은/ETM+시기/NNG+에/JKB+태어나/VV+는/ETM+거/NNB+지ㅠ/UNKNOWN"
          },
          {
            "id": 9,
            "text": "2 : 나는 절대 가난하게 안 살 거야",
            "norm_text": "나는 절대 가난하게 안 살 거야",
            "speaker": {
              "id": "2번",
              "sex": "남성",
              "age": "20대"
            },
            "speechAct": "(단언) 주장하기",
            "morpheme": "나/NP+는/JX+절대/MAG+가난/NNG+하/XSV+게/EC+안/MAG+살/VV+ETM+거/NNB+야/VCP+EF"
          },
          {
            "id": 10,
            "text": "1 : 키키 나도 지금부터라도 돈 많이 벌 수 있도록 노력해야지",
            "norm_text": "키키 나도 지금부터라도 돈 많이 벌 수 있도록 노력해야지",
            "speaker": {
              "id": "1번",
              "sex": "여성",
              "age": "20대"
            },
            "speechAct": "(단언) 주장하기",
            "morpheme": "키/NNG+키나/XSA+ETN+JX+도/JX+지금/NNG+부터/JX+라도/VCP+EC+돈/NNG+많이/MAG+벌/VV+ETM+수/NNB+있/VV+도록/EC+노력/NNG+해야지/XSV+EC"
          },
          {
            "id": 11,
            "text": "2 : 키키 나도 열심히 모으고 적금 해야지",
            "norm_text": "키키 나도 열심히 모으고 적금 해야지",
            "speaker": {
              "id": "2번",
              "sex": "남성",
              "age": "20대"
            },
            "speechAct": "(단언) 주장하기",
            "morpheme": "키/NNG+키나/XSA+ETN+JX+도/JX+열심히/MAG+모으/VV+고/EC+적금/NNG+해야지/XSV+EC"
          },
          {
            "id": 12,
            "text": "1 : 키키 응 돈 많이 벌어서 좋은 집 사면 서로 초대하자",
            "norm_text": "키키 응 돈 많이 벌어서 좋은 집 사면 서로 초대하자",
            "speaker": {
              "id": "1번",
              "sex": "여성",
              "age": "20대"
            },
            "speechAct": "(지시) 충고/제안하기",
            "morpheme": "키/NNG+키/XSV+ETN+응/IC+돈/NNG+많이/MAG+벌/VV+어서/EC+좋/VA+은/ETM+집사/NNG+면/VCP+EC+서로/MAG+초대/NNG+하/XSV+자/EC"
          },
          {
            "id": 13,
            "text": "2 : 그래 키키 올 때는 양손 무겁게 알제?",
            "norm_text": "그래 키키 올 때는 양손 무겁게 알제?",
            "speaker": {
              "id": "2번",
              "sex": "남성",
              "age": "20대"
            },
            "speechAct": "(지시) 질문하기",
            "morpheme": "그래/IC+키/NNG+키/XSV+ETN+올/MM+때/NNG+는/JX+양손/NNG+무겁/VA+게/EC+알/VV+제/EF"
          },
          {
            "id": 14,
            "text": "1 : 내가 먼저 집 살 수도 있는 거데잉?",
            "norm_text": "내가 먼저 집 살 수도 있는 거데잉?",
            "speaker": {
              "id": "1번",
              "sex": "여성",
              "age": "20대"
            },
            "speechAct": "(지시) 질문하기",
            "morpheme": "내/NP+가/JKS+먼저/MAG+집/NNG+살/VV+ETM+수/NNB+도/JX+있/VX+는/ETM+거/NNB+데/VCP+EC+잉/IC"
          },
          {
            "id": 15,
            "text": "2 : 키키 그때는 내가 양손 무겁게 갈게",
            "norm_text": "키키 그때는 내가 양손 무겁게 갈게",
            "speaker": {
              "id": "2번",
              "sex": "남성",
              "age": "20대"
            },
            "speechAct": "(단언) 주장하기",
            "morpheme": "키/NNG+키/NNG+그때/NNG+는/JX+내/NP+가/JKS+양손/NNG+무겁/VA+게/EC+갈/VX+ETM+게/NNB+JKS"
          },
          {
            "id": 16,
            "text": "1 : 굳 키키 좋은 집에서 오래 오래 살아야지",
            "norm_text": "굳 키키 좋은 집에서 오래 오래 살아야지",
            "speaker": {
              "id": "1번",
              "sex": "여성",
              "age": "20대"
            },
            "speechAct": "(단언) 주장하기",
            "morpheme": "굳/NNG+키/NNG+키/XSV+ETN+좋/VA+은/ETM+집/NNG+에서/JKB+오래오래/MAG+살/VV+아야지/EC"
          },
          {
            "id": 17,
            "text": "2 : 더 좋은 집에서 살고 싶다",
            "norm_text": "더 좋은 집에서 살고 싶다",
            "speaker": {
              "id": "2번",
              "sex": "남성",
              "age": "20대"
            },
            "speechAct": "(단언) 주장하기",
            "morpheme": "더/MAG+좋/VA+은/ETM+집/NNG+에서/JKB+살/VV+고/EC+싶/VX+다/EC"
          }
        ]
      }
    }
  ]
}