{
  "dataset": {
    "identifier": 63150,
    "name": "KAKAO_918_16_set",
    "src_path": "/data/file/cubeManager/PROJECT001/53/txt20211005154951057069/KAKAO_918_16_set/",
    "label_path": "/data/file/cubeManager/PROJECT001/53/txt20211005154951057069/KAKAO_918_16_set/",
    "category": 2,
    "type": 0
  },
  "licenses": {
    "name": "Apache License 1.0",
    "url": "http://www.apache.org/licenses/LICENSE-1.0"
  },
  "info": [
    {
      "id": 41793,
      "filename": "KAKAO_918_16.txt",
      "title": "KAKAO_918_16",
      "mediatype": "SNS",
      "medianame": "카카오톡",
      "category": "일상대화",
      "date": "2021-10-05",
      "size": 346,
      "annotations": {
        "subject": "미용",
        "speaker_type": "1:1",
        "size": 346,
        "word_size": 124,
        "text": "1 : 강아지도 미용 맡기겠네?\n2 : 자주 좀 맡겼으면 좋겠다\n1 : 왜 키키 강아지 미용은 얼마씩 해?\n2 : 삼사만 원 하는 거 같던데?\n1 : 강아지 미용 하는 것도 일이겠다 ㅠㅠ\n2 : 한 달에 한 번 가더라\n1 : 그러면 할 만하네 키키\n1 : 전체적으로 미용 하는 거래?\n2 : 얼굴만 따로 미용 할 때도 있던데?\n1 : 그러면 또 가격이 달라지겠네?\n2 : 전체로 하면 육만 원? 할걸\n1 : 그거는 일반 남자들 펌 하는 가격이네?\n2 : 글치 두 달에 한 번은 전체 미용 하더라\n1 : 돈 진짜 많이 들 것 같다 ㅠㅠ\n2 : 내한테 한 번씩 돈 좀 달라 하더라\n1 : 키키 그러면 순순히 주낭?\n2 : 아니 키키 준다 하고 안 주지",
        "lines": [
          {
            "id": 1,
            "text": "1 : 강아지도 미용 맡기겠네?",
            "norm_text": "강아지도 미용 맡기겠네?",
            "speaker": {
              "id": "1번",
              "sex": "여성",
              "age": "20대"
            },
            "speechAct": "(지시) 질문하기",
            "morpheme": "강아지/NNG+도/JX+미용/NNG+맡기/VV+겠/EP+네/EF"
          },
          {
            "id": 2,
            "text": "2 : 자주 좀 맡겼으면 좋겠다",
            "norm_text": "자주 좀 맡겼으면 좋겠다",
            "speaker": {
              "id": "2번",
              "sex": "남성",
              "age": "30대"
            },
            "speechAct": "(단언) 주장하기",
            "morpheme": "자주/MAG+좀/MAG+맡겼으면/VV+EP+EC+좋/VA+겠/EP+다/EC"
          },
          {
            "id": 3,
            "text": "1 : 왜 키키 강아지 미용은 얼마씩 해?",
            "norm_text": "왜 키키 강아지 미용은 얼마씩 해?",
            "speaker": {
              "id": "1번",
              "sex": "여성",
              "age": "20대"
            },
            "speechAct": "(지시) 질문하기",
            "morpheme": "왜/MAG+키/NNG+키/NNG+강아지/NNG+미용/NNG+은/JX+얼마/NNG+씩/XSN+해/VV+EF"
          },
          {
            "id": 4,
            "text": "2 : 삼사만 원 하는 거 같던데?",
            "norm_text": "삼사만 원 하는 거 같던데?",
            "speaker": {
              "id": "2번",
              "sex": "남성",
              "age": "30대"
            },
            "speechAct": "(단언) 진술하기",
            "morpheme": "삼사만/NR+원/NNBC+하/VV+는/ETM+거/NNB+같/VA+던데/EF"
          },
          {
            "id": 5,
            "text": "1 : 강아지 미용 하는 것도 일이겠다 ㅠㅠ",
            "norm_text": "강아지 미용 하는 것도 일이겠다 ㅠㅠ",
            "speaker": {
              "id": "1번",
              "sex": "여성",
              "age": "20대"
            },
            "speechAct": "(단언) 주장하기",
            "morpheme": "강아지/NNG+미용/NNG+하/XSV+는/ETM+것/NNB+도/JX+일/NNG+이/VCP+겠/EP+다/EF+ㅠㅠ/UNKNOWN"
          },
          {
            "id": 6,
            "text": "2 : 한 달에 한 번 가더라",
            "norm_text": "한 달에 한 번 가더라",
            "speaker": {
              "id": "2번",
              "sex": "남성",
              "age": "30대"
            },
            "speechAct": "(단언) 진술하기",
            "morpheme": "한/MM+달/NNG+에/JKB+한/MM+번/NNBC+가/VV+더라/EC"
          },
          {
            "id": 7,
            "text": "1 : 그러면 할 만하네 키키",
            "norm_text": "그러면 할 만하네 키키",
            "speaker": {
              "id": "1번",
              "sex": "여성",
              "age": "20대"
            },
            "speechAct": "(단언) 진술하기",
            "morpheme": "그러/VV+면/EC+할/VX+ETM+만/NNB+하/XSA+네/EF+키/NNG+키/XSV+ETN"
          },
          {
            "id": 8,
            "text": "1 : 전체적으로 미용 하는 거래?",
            "norm_text": "전체적으로 미용 하는 거래?",
            "speaker": {
              "id": "1번",
              "sex": "여성",
              "age": "20대"
            },
            "speechAct": "(지시) 질문하기",
            "morpheme": "전체/NNG+적/XSN+으로/JKB+미용/NNG+하/XSV+는/ETM+거/NNB+래/VCP+EF"
          },
          {
            "id": 9,
            "text": "2 : 얼굴만 따로 미용 할 때도 있던데?",
            "norm_text": "얼굴만 따로 미용 할 때도 있던데?",
            "speaker": {
              "id": "2번",
              "sex": "남성",
              "age": "30대"
            },
            "speechAct": "(단언) 진술하기",
            "morpheme": "얼굴/NNG+만/JX+따로/MAG+미용/NNG+할/XSV+ETM+때/NNG+도/JX+있/VA+던데/EF"
          },
          {
            "id": 10,
            "text": "1 : 그러면 또 가격이 달라지겠네?",
            "norm_text": "그러면 또 가격이 달라지겠네?",
            "speaker": {
              "id": "1번",
              "sex": "여성",
              "age": "20대"
            },
            "speechAct": "(지시) 질문하기",
            "morpheme": "그러면/MAJ+또/MAG+가격/NNG+이/JKS+달라지/VV+겠/EP+네/EF"
          },
          {
            "id": 11,
            "text": "2 : 전체로 하면 육만 원? 할걸",
            "norm_text": "전체로 하면 육만 원? 할걸",
            "speaker": {
              "id": "2번",
              "sex": "남성",
              "age": "30대"
            },
            "speechAct": "(단언) 진술하기",
            "morpheme": "전체/NNG+로/JKB+하/VV+면/EC+육만/NR+원/NNBC+할걸/VV+EC"
          },
          {
            "id": 12,
            "text": "1 : 그거는 일반 남자들 펌 하는 가격이네?",
            "norm_text": "그거는 일반 남자들 펌 하는 가격이네?",
            "speaker": {
              "id": "1번",
              "sex": "여성",
              "age": "20대"
            },
            "speechAct": "(지시) 질문하기",
            "morpheme": "그거/NP+는/JX+일반/NNG+남자/NNG+들/XSN+펌/NNG+하/XSV+는/ETM+가격/NNG+이/VCP+네/EF"
          },
          {
            "id": 13,
            "text": "2 : 글치 두 달에 한 번은 전체 미용 하더라",
            "norm_text": "글치 두 달에 한 번은 전체 미용 하더라",
            "speaker": {
              "id": "2번",
              "sex": "남성",
              "age": "30대"
            },
            "speechAct": "(단언) 진술하기",
            "morpheme": "글/NNG+치두/NNG+달/NNG+에/JKB+한/MM+번/NNBC+은/JX+전체/NNG+미용/NNG+하/XSV+더라/EC"
          },
          {
            "id": 14,
            "text": "1 : 돈 진짜 많이 들 것 같다 ㅠㅠ",
            "norm_text": "돈 진짜 많이 들 것 같다 ㅠㅠ",
            "speaker": {
              "id": "1번",
              "sex": "여성",
              "age": "20대"
            },
            "speechAct": "(단언) 주장하기",
            "morpheme": "돈/NNG+진짜/MAG+많이/MAG+들것/NNG+같/VA+다/EF+ㅠㅠ/UNKNOWN"
          },
          {
            "id": 15,
            "text": "2 : 내한테 한 번씩 돈 좀 달라 하더라",
            "norm_text": "내한테 한 번씩 돈 좀 달라 하더라",
            "speaker": {
              "id": "2번",
              "sex": "남성",
              "age": "30대"
            },
            "speechAct": "(단언) 진술하기",
            "morpheme": "내/NP+한테/JKB+한/MM+번/NNBC+씩/XSN+돈/NNG+좀/MAG+달라/VA+EC+하/VV+더라/EC"
          },
          {
            "id": 16,
            "text": "1 : 키키 그러면 순순히 주낭?",
            "norm_text": "키키 그러면 순순히 주낭?",
            "speaker": {
              "id": "1번",
              "sex": "여성",
              "age": "20대"
            },
            "speechAct": "(지시) 질문하기",
            "morpheme": "키/NNG+키/XSV+ETN+그러/VV+면/EC+순순히/MAG+주낭/NNG"
          },
          {
            "id": 17,
            "text": "2 : 아니 키키 준다 하고 안 주지",
            "norm_text": "아니 키키 준다 하고 안 주지",
            "speaker": {
              "id": "2번",
              "sex": "남성",
              "age": "30대"
            },
            "speechAct": "(단언) 진술하기",
            "morpheme": "아니/IC+키/NNG+키/XSV+ETN+준다/VV+EC+하/VV+고/EC+안/MAG+주/VV+지/EC"
          }
        ]
      }
    }
  ]
}