{
  "dataset": {
    "identifier": 72834,
    "name": "KAKAO_905_13_set",
    "src_path": "/data/file/cubeManager/PROJECT001/53/txt20211005152851098535/KAKAO_905_13_set/",
    "label_path": "/data/file/cubeManager/PROJECT001/53/txt20211005152851098535/KAKAO_905_13_set/",
    "category": 2,
    "type": 0
  },
  "licenses": {
    "name": "Apache License 1.0",
    "url": "http://www.apache.org/licenses/LICENSE-1.0"
  },
  "info": [
    {
      "id": 41350,
      "filename": "KAKAO_905_13.txt",
      "title": "KAKAO_905_13",
      "mediatype": "SNS",
      "medianame": "카카오톡",
      "category": "일상대화",
      "date": "2021-10-05",
      "size": 342,
      "annotations": {
        "subject": "계절/날씨",
        "speaker_type": "1:1",
        "size": 342,
        "word_size": 119,
        "text": "1 : 태풍 온다더만 에나 콩콩\n2 : 날씨 갑자기 쌀쌀 하하\n2 : 이제 가을인가 벼 하하 참\n1 : 완전 쾌청해지심 키키 태풍 완전 약했어\n2 : 그니까 근데 갑자기 너무 춥다 하하\n1 : 엉 우리 바람막이 하나 사야 한다니까\n2 : 장판 꺼내야 할 듯 하하 ㅎ\n1 : 바람막이 사러 가자구용\n2 : 바람박이 사러 가쟈 이번 주에 하하\n1 : 롯자리 꺼낼 때까지 넘 추워\n2 : 롯백으로 갑로까 창원?\n1 : 맞쥐? 엉엉엉엉 거기서 하나씩 사자\n2 : 구래 구래 그래도 아직 장판은 무리야\n1 : 추석맞이 바람막이 쇼핑 키키\n2 : 밤에는 더울 거 같아 하하\n1 : 맞아 장판은 에바 데쓰\n2 : 추울 때 장판 들어가면 기분 개죠야 하하",
        "lines": [
          {
            "id": 1,
            "text": "1 : 태풍 온다더만 에나 콩콩",
            "norm_text": "태풍 온다더만 에나 콩콩",
            "speaker": {
              "id": "1번",
              "sex": "여성",
              "age": "30대"
            },
            "speechAct": "(단언) 주장하기",
            "morpheme": "태풍/NNG+온다/VV+EC+더/MAG+만/NNB+에/JKB+나/NP+콩콩/MAG"
          },
          {
            "id": 2,
            "text": "2 : 날씨 갑자기 쌀쌀 하하",
            "norm_text": "날씨 갑자기 쌀쌀 하하",
            "speaker": {
              "id": "2번",
              "sex": "남성",
              "age": "30대"
            },
            "speechAct": "(단언) 주장하기",
            "morpheme": "날씨/NNG+갑자기/MAG+쌀쌀/XR+하/XSA+하/XSA"
          },
          {
            "id": 3,
            "text": "2 : 이제 가을인가 벼 하하 참",
            "norm_text": "이제 가을인가 벼 하하 참",
            "speaker": {
              "id": "2번",
              "sex": "남성",
              "age": "30대"
            },
            "speechAct": "(단언) 주장하기",
            "morpheme": "이제/MAG+가을/NNG+인가/VCP+EC+벼/VX+EF+하하/MAG+참/NNG"
          },
          {
            "id": 4,
            "text": "1 : 완전 쾌청해지심 키키 태풍 완전 약했어",
            "norm_text": "완전 쾌청해지심 키키 태풍 완전 약했어",
            "speaker": {
              "id": "1번",
              "sex": "여성",
              "age": "30대"
            },
            "speechAct": "(단언) 주장하기",
            "morpheme": "완전/MAG+쾌청/XR+해/XSA+EC+지심/NNG+키/NNG+키/NNG+태풍/NNG+완전/NNG+약했/VA+EP+어/EC"
          },
          {
            "id": 5,
            "text": "2 : 그니까 근데 갑자기 너무 춥다 하하",
            "norm_text": "그니까 근데 갑자기 너무 춥다 하하",
            "speaker": {
              "id": "2번",
              "sex": "남성",
              "age": "30대"
            },
            "speechAct": "(단언) 주장하기",
            "morpheme": "그니까/MAJ+근데/MAJ+갑자기/MAG+너무/MAG+춥/VA+다/EC+하하/MAG"
          },
          {
            "id": 6,
            "text": "1 : 엉 우리 바람막이 하나 사야 한다니까",
            "norm_text": "엉 우리 바람막이 하나 사야 한다니까",
            "speaker": {
              "id": "1번",
              "sex": "여성",
              "age": "30대"
            },
            "speechAct": "(지시) 충고/제안하기",
            "morpheme": "엉/IC+우리/NP+바람막이/NNG+하나/NR+사야/NNG+한다니까/XSV+EC"
          },
          {
            "id": 7,
            "text": "2 : 장판 꺼내야 할 듯 하하 ㅎ",
            "norm_text": "장판 꺼내야 할 듯 하하 ㅎ",
            "speaker": {
              "id": "2번",
              "sex": "남성",
              "age": "30대"
            },
            "speechAct": "(단언) 주장하기",
            "morpheme": "장판/NNG+꺼내/VV+야/EC+할/VX+ETM+듯/NNB+하하/MAG+ㅎ/XSA"
          },
          {
            "id": 8,
            "text": "1 : 바람막이 사러 가자구용",
            "norm_text": "바람막이 사러 가자구용",
            "speaker": {
              "id": "1번",
              "sex": "여성",
              "age": "30대"
            },
            "speechAct": "(지시) 충고/제안하기",
            "morpheme": "바람막이/NNG+사/VV+러/EC+가/VX+자/EC+구용/NNG"
          },
          {
            "id": 9,
            "text": "2 : 바람박이 사러 가쟈 이번 주에 하하",
            "norm_text": "바람박이 사러 가쟈 이번 주에 하하",
            "speaker": {
              "id": "2번",
              "sex": "남성",
              "age": "30대"
            },
            "speechAct": "(언약) 약속하기(제3자와)/(개인적 수준)",
            "morpheme": "바람/NNG+박이/XSN+사러가/NNP+쟈/NNG+이번/NNG+주/NNG+에/JKB+하하/MAG"
          },
          {
            "id": 10,
            "text": "1 : 롯자리 꺼낼 때까지 넘 추워",
            "norm_text": "롯자리 꺼낼 때까지 넘 추워",
            "speaker": {
              "id": "1번",
              "sex": "여성",
              "age": "30대"
            },
            "speechAct": "(단언) 주장하기",
            "morpheme": "롯/NNP+자리/NNG+꺼낼/VV+ETM+때/NNG+까지/JX+넘/MAG+추워/VA+EC"
          },
          {
            "id": 11,
            "text": "2 : 롯백으로 갑로까 창원?",
            "norm_text": "롯백으로 갑로까 창원?",
            "speaker": {
              "id": "2번",
              "sex": "남성",
              "age": "30대"
            },
            "speechAct": "(지시) 질문하기",
            "morpheme": "롯/NNP+백/NR+으로/JKB+갑/NNG+로까/NNP+창원/NNP"
          },
          {
            "id": 12,
            "text": "1 : 맞쥐? 엉엉엉엉 거기서 하나씩 사자",
            "norm_text": "맞쥐? 엉엉엉엉 거기서 하나씩 사자",
            "speaker": {
              "id": "1번",
              "sex": "여성",
              "age": "30대"
            },
            "speechAct": "(지시) 충고/제안하기",
            "morpheme": "맞/XPN+쥐/NNG+엉엉엉엉/MAG+거기/NP+서/JKB+하나/NR+씩/XSN+사자/NNG"
          },
          {
            "id": 13,
            "text": "2 : 구래 구래 그래도 아직 장판은 무리야",
            "norm_text": "구래 구래 그래도 아직 장판은 무리야",
            "speaker": {
              "id": "2번",
              "sex": "남성",
              "age": "30대"
            },
            "speechAct": "(언약) 약속하기(제3자와)/(개인적 수준)",
            "morpheme": "구래/NNG+구래/NNG+그래도/MAJ+아직/MAG+장판/NNG+은/JX+무리/NNG+야/VCP+EF"
          },
          {
            "id": 14,
            "text": "1 : 추석맞이 바람막이 쇼핑 키키",
            "norm_text": "추석맞이 바람막이 쇼핑 키키",
            "speaker": {
              "id": "1번",
              "sex": "여성",
              "age": "30대"
            },
            "speechAct": "(단언) 주장하기",
            "morpheme": "추석/NNG+맞/NNG+이/JKS+바람막이/NNG+쇼핑/NNG+키/NNG+키/XSV+ETN"
          },
          {
            "id": 15,
            "text": "2 : 밤에는 더울 거 같아 하하",
            "norm_text": "밤에는 더울 거 같아 하하",
            "speaker": {
              "id": "2번",
              "sex": "남성",
              "age": "30대"
            },
            "speechAct": "(단언) 주장하기",
            "morpheme": "밤/NNG+에/JKB+는/JX+더울/VA+ETM+거/NNB+같/VA+아/EC+하하/MAG"
          },
          {
            "id": 16,
            "text": "1 : 맞아 장판은 에바 데쓰",
            "norm_text": "맞아 장판은 에바 데쓰",
            "speaker": {
              "id": "1번",
              "sex": "여성",
              "age": "30대"
            },
            "speechAct": "(단언) 주장하기",
            "morpheme": "맞/VV+아/EC+장판/NNG+은/JX+에바/NNP+데쓰/NNP"
          },
          {
            "id": 17,
            "text": "2 : 추울 때 장판 들어가면 기분 개죠야 하하",
            "norm_text": "추울 때 장판 들어가면 기분 개죠야 하하",
            "speaker": {
              "id": "2번",
              "sex": "남성",
              "age": "30대"
            },
            "speechAct": "(단언) 주장하기",
            "morpheme": "추울/VA+ETM+때/NNG+장판/NNG+들어가/VV+면/EC+기분/NNG+개/NNBC+죠/VCP+EF+야/IC+하하/MAG"
          }
        ]
      }
    }
  ]
}