{
  "dataset": {
    "identifier": 63495,
    "name": "KAKAO_909_14_set",
    "src_path": "/data/file/cubeManager/PROJECT001/53/txt202110051541090882108/KAKAO_909_14_set/",
    "label_path": "/data/file/cubeManager/PROJECT001/53/txt202110051541090882108/KAKAO_909_14_set/",
    "category": 2,
    "type": 0
  },
  "licenses": {
    "name": "Apache License 1.0",
    "url": "http://www.apache.org/licenses/LICENSE-1.0"
  },
  "info": [
    {
      "id": 41591,
      "filename": "KAKAO_909_14.txt",
      "title": "KAKAO_909_14",
      "mediatype": "SNS",
      "medianame": "카카오톡",
      "category": "일상대화",
      "date": "2021-10-05",
      "size": 444,
      "annotations": {
        "subject": "사회이슈",
        "speaker_type": "1:1",
        "size": 444,
        "word_size": 148,
        "text": "1 : 너 백신 맞았어?\n2 : 아니 나 아직 안 맞았어! 곧 맞아\n1 : 아 진짜? 안 무서워?\n2 : 무섭긴 한데 뭐 맞아야지 어쩌겠어.\n2 : 언니도 아직 안 맞았어?\n1 : 아니 나는 맞았어\n2 : 뭐야 키키 말만 들어보면 아직 안 맞은 줄\n1 : 키키 난 근데 맞기 전에 엄청 무서워 했거든 ㅠㅠ 진짜 맞기 싫었어\n2 : 그럼 맞지 말지는 왜 맞았어?\n1 : 아빠가 자꾸 맞으라고 하길래 키키\n2 : 앗 그랬구나 키키 맞고 많이 아팠어?\n1 : 그냥 다른 사람들이 다 말하는 통증? 그것만 있었어 팔이 안 올라갔어\n2 : 요즘 백신 때문에 말이 많던데 ㅠㅠ 2차 맞고 부작용으로 죽은 사람들도 있잖아\n1 : 그래서 지금 2차 취소하고 싶어서 미치겠어 ㅠㅠ\n2 : 그런 기사들 볼 때마다 나도 맞기 무섭더라 ㅠㅠ\n1 : 근데 또 주변에 2차 맞은 친구들 보면 다 괜찮아 하고...\n2 : 그니까 사람마다 다른가봐 ㅠ",
        "lines": [
          {
            "id": 1,
            "text": "1 : 너 백신 맞았어?",
            "norm_text": "너 백신 맞았어?",
            "speaker": {
              "id": "1번",
              "sex": "여성",
              "age": "20대"
            },
            "speechAct": "(지시) 질문하기",
            "morpheme": "너/NP+백신/NNG+맞/VV+았/EP+어/EF"
          },
          {
            "id": 2,
            "text": "2 : 아니 나 아직 안 맞았어! 곧 맞아",
            "norm_text": "아니 나 아직 안 맞았어! 곧 맞아",
            "speaker": {
              "id": "2번",
              "sex": "여성",
              "age": "20대"
            },
            "speechAct": "(단언) 진술하기",
            "morpheme": "아니/IC+나/NP+아직/MAG+안/MAG+맞/VV+았/EP+어/EF+곧/MAG+맞/VV+아/EC"
          },
          {
            "id": 3,
            "text": "1 : 아 진짜? 안 무서워?",
            "norm_text": "아 진짜? 안 무서워?",
            "speaker": {
              "id": "1번",
              "sex": "여성",
              "age": "20대"
            },
            "speechAct": "(지시) 질문하기",
            "morpheme": "아/IC+진짜/MAG+안/MAG+무서워/VA+EF"
          },
          {
            "id": 4,
            "text": "2 : 무섭긴 한데 뭐 맞아야지 어쩌겠어.",
            "norm_text": "무섭긴 한데 뭐 맞아야지 어쩌겠어.",
            "speaker": {
              "id": "2번",
              "sex": "여성",
              "age": "20대"
            },
            "speechAct": "(단언) 주장하기",
            "morpheme": "무섭/VA+긴/ETN+JX+한데/VX+EC+뭐/IC+맞/VV+아야지/EC+어쩌/VV+겠/EP+어/EF"
          },
          {
            "id": 5,
            "text": "2 : 언니도 아직 안 맞았어?",
            "norm_text": "언니도 아직 안 맞았어?",
            "speaker": {
              "id": "2번",
              "sex": "여성",
              "age": "20대"
            },
            "speechAct": "(지시) 질문하기",
            "morpheme": "언니/NNG+도/JX+아직/MAG+안/MAG+맞/VV+았/EP+어/EF"
          },
          {
            "id": 6,
            "text": "1 : 아니 나는 맞았어",
            "norm_text": "아니 나는 맞았어",
            "speaker": {
              "id": "1번",
              "sex": "여성",
              "age": "20대"
            },
            "speechAct": "(단언) 진술하기",
            "morpheme": "아니/IC+나/NP+는/JX+맞/VV+았/EP+어/EC"
          },
          {
            "id": 7,
            "text": "2 : 뭐야 키키 말만 들어보면 아직 안 맞은 줄",
            "norm_text": "뭐야 키키 말만 들어보면 아직 안 맞은 줄",
            "speaker": {
              "id": "2번",
              "sex": "여성",
              "age": "20대"
            },
            "speechAct": "(단언) 주장하기",
            "morpheme": "뭐/IC+야키/NNP+키/NNG+말/NNG+만들/VV+어/EC+보/VX+면/EC+아직/MAG+안/MAG+맞/VV+은/ETM+줄/NNB"
          },
          {
            "id": 8,
            "text": "1 : 키키 난 근데 맞기 전에 엄청 무서워 했거든 ㅠㅠ 진짜 맞기 싫었어",
            "norm_text": "키키 난 근데 맞기 전에 엄청 무서워 했거든 ㅠㅠ 진짜 맞기 싫었어",
            "speaker": {
              "id": "1번",
              "sex": "여성",
              "age": "20대"
            },
            "speechAct": "(단언) 진술하기",
            "morpheme": "키/NNG+키/XSV+ETN+난/NP+JX+근데/MAJ+맞/VV+기/ETN+전/NNG+에/JKB+엄청/MAG+무서워했/VA+EC+VX+EP+거든/EF+ㅠㅠ/UNKNOWN+진짜/MAG+맞/VV+기/ETN+싫/VA+었/EP+어/EC"
          },
          {
            "id": 9,
            "text": "2 : 그럼 맞지 말지는 왜 맞았어?",
            "norm_text": "그럼 맞지 말지는 왜 맞았어?",
            "speaker": {
              "id": "2번",
              "sex": "여성",
              "age": "20대"
            },
            "speechAct": "(지시) 질문하기",
            "morpheme": "그럼/MAJ+맞/VV+지/EC+말지/NNG+는/JX+왜/MAG+맞/VV+았/EP+어/EF"
          },
          {
            "id": 10,
            "text": "1 : 아빠가 자꾸 맞으라고 하길래 키키",
            "norm_text": "아빠가 자꾸 맞으라고 하길래 키키",
            "speaker": {
              "id": "1번",
              "sex": "여성",
              "age": "20대"
            },
            "speechAct": "(단언) 진술하기",
            "morpheme": "아빠/NNG+가/JKS+자꾸/MAG+맞/VV+으라고/EC+하/VV+길래/EC+키/NNG+키/XSV+ETN"
          },
          {
            "id": 11,
            "text": "2 : 앗 그랬구나 키키 맞고 많이 아팠어?",
            "norm_text": "앗 그랬구나 키키 맞고 많이 아팠어?",
            "speaker": {
              "id": "2번",
              "sex": "여성",
              "age": "20대"
            },
            "speechAct": "(지시) 질문하기",
            "morpheme": "앗/IC+그랬/VV+EP+구나/EF+키/NNG+키/XSV+ETN+맞/VV+고/EC+많이/MAG+아팠/VA+EP+어/EF"
          },
          {
            "id": 12,
            "text": "1 : 그냥 다른 사람들이 다 말하는 통증? 그것만 있었어 팔이 안 올라갔어",
            "norm_text": "그냥 다른 사람들이 다 말하는 통증? 그것만 있었어 팔이 안 올라갔어",
            "speaker": {
              "id": "1번",
              "sex": "여성",
              "age": "20대"
            },
            "speechAct": "(단언) 진술하기",
            "morpheme": "그냥/MAG+다른/MM+사람/NNG+들/XSN+이/JKS+다/MAG+말/NNG+하/XSV+는/ETM+통증/NNG+그것/NP+만/JX+있/VX+었/EP+어/EC+팔/NNG+이/JKS+안/MAG+올라갔/VV+EP+어/EC"
          },
          {
            "id": 13,
            "text": "2 : 요즘 백신 때문에 말이 많던데 ㅠㅠ 2차 맞고 부작용으로 죽은 사람들도 있잖아",
            "norm_text": "요즘 백신 때문에 말이 많던데 ㅠㅠ 2차 맞고 부작용으로 죽은 사람들도 있잖아",
            "speaker": {
              "id": "2번",
              "sex": "여성",
              "age": "20대"
            },
            "speechAct": "(단언) 진술하기",
            "morpheme": "요즘/NNG+백신/NNG+때문/NNB+에/JKB+말/NNG+이/JKS+많/VA+던데/EC+ㅠㅠ/UNKNOWN+2/SN+차/NNBC+맞/VV+고/EC+부작용/NNG+으로/JKB+죽/VV+은/ETM+사람/NNG+들/XSN+도/JX+있/VA+잖아/EC"
          },
          {
            "id": 14,
            "text": "1 : 그래서 지금 2차 취소하고 싶어서 미치겠어 ㅠㅠ",
            "norm_text": "그래서 지금 2차 취소하고 싶어서 미치겠어 ㅠㅠ",
            "speaker": {
              "id": "1번",
              "sex": "여성",
              "age": "20대"
            },
            "speechAct": "(단언) 주장하기",
            "morpheme": "그래서/MAJ+지금/MAG+2/SN+차/NNBC+취소/NNG+하/XSV+고/EC+싶/VX+어서/EC+미치/VV+겠/EP+어/EF+ㅠㅠ/UNKNOWN"
          },
          {
            "id": 15,
            "text": "2 : 그런 기사들 볼 때마다 나도 맞기 무섭더라 ㅠㅠ",
            "norm_text": "그런 기사들 볼 때마다 나도 맞기 무섭더라 ㅠㅠ",
            "speaker": {
              "id": "2번",
              "sex": "여성",
              "age": "20대"
            },
            "speechAct": "(단언) 주장하기",
            "morpheme": "그런/MM+기사/NNG+들/XSN+볼/VV+ETM+때/NNG+마다/JX+나/NP+도/JX+맞/VV+기/ETN+무섭/VA+더라/EF+ㅠㅠ/UNKNOWN"
          },
          {
            "id": 16,
            "text": "1 : 근데 또 주변에 2차 맞은 친구들 보면 다 괜찮아 하고...",
            "norm_text": "근데 또 주변에 2차 맞은 친구들 보면 다 괜찮아 하고...",
            "speaker": {
              "id": "1번",
              "sex": "여성",
              "age": "20대"
            },
            "speechAct": "(단언) 진술하기",
            "morpheme": "근데/MAJ+또/MAG+주변/NNG+에/JKB+2/SN+차/NNBC+맞/VV+은/ETM+친구/NNG+들/XSN+보/VV+면/EC+다/MAG+괜찮/VA+아/EC+하/VV+고/EC+./SY+./SY"
          },
          {
            "id": 17,
            "text": "2 : 그니까 사람마다 다른가봐 ㅠ",
            "norm_text": "그니까 사람마다 다른가봐 ㅠ",
            "speaker": {
              "id": "2번",
              "sex": "여성",
              "age": "20대"
            },
            "speechAct": "(단언) 주장하기",
            "morpheme": "그니까/MAJ+사람/NNG+마다/JX+다른가/VA+EC+봐/VX+EF+ㅠ/UNKNOWN"
          }
        ]
      }
    }
  ]
}