{
  "dataset": {
    "identifier": 61420,
    "name": "KAKAO_922_15_set",
    "src_path": "/data/file/cubeManager/PROJECT001/53/txt20211005154147070517/KAKAO_922_15_set/",
    "label_path": "/data/file/cubeManager/PROJECT001/53/txt20211005154147070517/KAKAO_922_15_set/",
    "category": 2,
    "type": 0
  },
  "licenses": {
    "name": "Apache License 1.0",
    "url": "http://www.apache.org/licenses/LICENSE-1.0"
  },
  "info": [
    {
      "id": 41652,
      "filename": "KAKAO_922_15.txt",
      "title": "KAKAO_922_15",
      "mediatype": "SNS",
      "medianame": "카카오톡",
      "category": "일상대화",
      "date": "2021-10-05",
      "size": 544,
      "annotations": {
        "subject": "타 국가 이슈",
        "speaker_type": "1:1",
        "size": 544,
        "word_size": 160,
        "text": "1 : 50도 넘는 날씨가 40년 동안 두 배 늘었대 ㅠㅠ\n2 : 헐... 점점 지구가 뜨거워지고 있구나ㅠ\n1 : 진짜 세계적으로 지구온난화가 큰 일인 듯\n2 : 그러니까 영화에서 보는 것처럼 지구 떠나야 할지두\n1 : 근데 진짜 50도 넘으면... 어떻게 숨을 쉬지? ㅠㅠ\n2 : 내 말이... 추후 몇 년 뒤에도 마스크 쓰고 다닐 것 같은데\n1 : 화성 가서 살아야 하나... 키키 일론머스크 힘내라 키키\n2 : 키키 화성 가는 사람은 돈 많은 사람들이겠지?\n1 : 아... ㅜㅜ 재난 영화처럼 우리는 막 안 태워주는 건가\n2 : 우린 더위를 이겨내는 자들... 지구에서 버티기\n1 : 키키 황폐화된 지구에서... 버디랑 토끼랑... ㅜㅜ 너무 슬픈데?\n2 : 그때 되면 버디랑 토끼도 영생으로 살겠지? 키키 돈만 있다면야...\n1 : 키키 오... 그래... ㅜㅜ 강아지들 오래 살면 좋겠어 ㅜㅜ\n2 : 화성까지 가는 돈은 없어도... 영생 할 돈은 있겟지? ㅠ\n1 : ㅜㅜ 그 돈은 어떻게든 구해야지... 날이 더우니까 산책도 힘들어서 ㅜㅜ\n2 : 건강하게 세계 신기록 수명 세우고 싶다 키키",
        "lines": [
          {
            "id": 1,
            "text": "1 : 50도 넘는 날씨가 40년 동안 두 배 늘었대 ㅠㅠ",
            "norm_text": "50도 넘는 날씨가 40년 동안 두 배 늘었대 ㅠㅠ",
            "speaker": {
              "id": "1번",
              "sex": "여성",
              "age": "30대"
            },
            "speechAct": "(단언) 진술하기",
            "morpheme": "50/SN+도/NNBC+넘/VV+는/ETM+날씨/NNG+가/JKS+40/SN+년동안두배늘었대ㅠㅠ/UNKNOWN"
          },
          {
            "id": 2,
            "text": "2 : 헐... 점점 지구가 뜨거워지고 있구나ㅠ",
            "norm_text": "헐... 점점 지구가 뜨거워지고 있구나ㅠ",
            "speaker": {
              "id": "2번",
              "sex": "여성",
              "age": "30대"
            },
            "speechAct": "(단언) 진술하기",
            "morpheme": "헐/IC+./SY+점점지구가뜨거워지고있구나ㅠ/UNKNOWN"
          },
          {
            "id": 3,
            "text": "1 : 진짜 세계적으로 지구온난화가 큰 일인 듯",
            "norm_text": "진짜 세계적으로 지구온난화가 큰 일인 듯",
            "speaker": {
              "id": "1번",
              "sex": "여성",
              "age": "30대"
            },
            "speechAct": "(단언) 주장하기",
            "morpheme": "진짜/MAG+세계/NNG+적/XSN+으로/JKB+지구/NNG+온난화/NNG+가/JKS+큰일/NNG+인/VCP+ETM+듯/NNB"
          },
          {
            "id": 4,
            "text": "2 : 그러니까 영화에서 보는 것처럼 지구 떠나야 할지두",
            "norm_text": "그러니까 영화에서 보는 것처럼 지구 떠나야 할지두",
            "speaker": {
              "id": "2번",
              "sex": "여성",
              "age": "30대"
            },
            "speechAct": "(단언) 주장하기",
            "morpheme": "그러니까/MAJ+영화/NNG+에서/JKB+보/VV+는/ETM+것/NNB+처럼/JKB+지구/NNG+떠나/VV+야/EC+할지/VX+EC+두/VX"
          },
          {
            "id": 5,
            "text": "1 : 근데 진짜 50도 넘으면... 어떻게 숨을 쉬지? ㅠㅠ",
            "norm_text": "근데 진짜 50도 넘으면... 어떻게 숨을 쉬지? ㅠㅠ",
            "speaker": {
              "id": "1번",
              "sex": "여성",
              "age": "30대"
            },
            "speechAct": "(지시) 질문하기",
            "morpheme": "근데/MAJ+진짜/MAG+50/SN+도/NNBC+넘/VV+으면/EC+./SY+./SY+어떻게/MAG+숨/NNG+을/JKO+쉬/VV+지/EF+ㅠㅠ/UNKNOWN"
          },
          {
            "id": 6,
            "text": "2 : 내 말이... 추후 몇 년 뒤에도 마스크 쓰고 다닐 것 같은데",
            "norm_text": "내 말이... 추후 몇 년 뒤에도 마스크 쓰고 다닐 것 같은데",
            "speaker": {
              "id": "2번",
              "sex": "여성",
              "age": "30대"
            },
            "speechAct": "(단언) 주장하기",
            "morpheme": "내말이/NP+JKG+NNG+JKS+./SY+추후/NNG+몇/MM+년/NNBC+뒤/NNG+에/JKB+도/JX+마스크/NNG+쓰/VV+고/EC+다닐/VV+ETM+것/NNB+같/VA+은데/EC"
          },
          {
            "id": 7,
            "text": "1 : 화성 가서 살아야 하나... 키키 일론머스크 힘내라 키키",
            "norm_text": "화성 가서 살아야 하나... 키키 일론머스크 힘내라 키키",
            "speaker": {
              "id": "1번",
              "sex": "여성",
              "age": "30대"
            },
            "speechAct": "(단언) 주장하기",
            "morpheme": "화성/NNG+가/VV+서/EC+살/VV+아야/EC+하나/NR+./SY+키키일론머스크힘내라키키/UNKNOWN"
          },
          {
            "id": 8,
            "text": "2 : 키키 화성 가는 사람은 돈 많은 사람들이겠지?",
            "norm_text": "키키 화성 가는 사람은 돈 많은 사람들이겠지?",
            "speaker": {
              "id": "2번",
              "sex": "여성",
              "age": "30대"
            },
            "speechAct": "(지시) 질문하기",
            "morpheme": "키/NNG+키/NNG+화/XSN+성가/NNG+는/JX+사람/NNG+은/JX+돈/NNG+많/VA+은/ETM+사람/NNG+들/XSN+이/VCP+겠/EP+지/EF"
          },
          {
            "id": 9,
            "text": "1 : 아... ㅜㅜ 재난 영화처럼 우리는 막 안 태워주는 건가",
            "norm_text": "아... ㅜㅜ 재난 영화처럼 우리는 막 안 태워주는 건가",
            "speaker": {
              "id": "1번",
              "sex": "여성",
              "age": "30대"
            },
            "speechAct": "(단언) 주장하기",
            "morpheme": "아/IC+./SY+ㅜㅜ재난영화처럼우리는막안태워주는건가/UNKNOWN"
          },
          {
            "id": 10,
            "text": "2 : 우린 더위를 이겨내는 자들... 지구에서 버티기",
            "norm_text": "우린 더위를 이겨내는 자들... 지구에서 버티기",
            "speaker": {
              "id": "2번",
              "sex": "여성",
              "age": "30대"
            },
            "speechAct": "(단언) 주장하기",
            "morpheme": "우린/NP+JX+더위/NNG+를/JKO+이겨/VV+EC+내/VX+는/ETM+자/NNB+들/XSN+./SY+지구/NNG+에서/JKB+버티/VV+기/ETN"
          },
          {
            "id": 11,
            "text": "1 : 키키 황폐화된 지구에서... 버디랑 토끼랑... ㅜㅜ 너무 슬픈데?",
            "norm_text": "키키 황폐화된 지구에서... 버디랑 토끼랑... ㅜㅜ 너무 슬픈데?",
            "speaker": {
              "id": "1번",
              "sex": "여성",
              "age": "30대"
            },
            "speechAct": "(단언) 주장하기",
            "morpheme": "키/NNG+키/NNG+황폐/NNG+화/XSN+된/XSV+ETM+지구/NNG+에서/JKB+./SY+버디/NNG+랑/JKB+토끼/NNG+랑/JKB+./SY+ㅜㅜ너무슬픈데/UNKNOWN"
          },
          {
            "id": 12,
            "text": "2 : 그때 되면 버디랑 토끼도 영생으로 살겠지? 키키 돈만 있다면야...",
            "norm_text": "그때 되면 버디랑 토끼도 영생으로 살겠지? 키키 돈만 있다면야...",
            "speaker": {
              "id": "2번",
              "sex": "여성",
              "age": "30대"
            },
            "speechAct": "(단언) 주장하기",
            "morpheme": "그때/NNG+되/XSV+면/EC+버디/NNG+랑/JKB+토끼/NNG+도/JX+영생/NNG+으로/JKB+살/VV+겠/EP+지/EF+키/NNG+키/NNG+돈/NNG+만/JX+있/VX+다면야/EC+./SY+./SY"
          },
          {
            "id": 13,
            "text": "1 : 키키 오... 그래... ㅜㅜ 강아지들 오래 살면 좋겠어 ㅜㅜ",
            "norm_text": "키키 오... 그래... ㅜㅜ 강아지들 오래 살면 좋겠어 ㅜㅜ",
            "speaker": {
              "id": "1번",
              "sex": "여성",
              "age": "30대"
            },
            "speechAct": "(단언) 주장하기",
            "morpheme": "키/NNG+키/VV+오/EF+./SY+그래/IC+./SY+ㅜㅜ강아지들오래살면좋겠어ㅜㅜ/UNKNOWN"
          },
          {
            "id": 14,
            "text": "2 : 화성까지 가는 돈은 없어도... 영생 할 돈은 있겟지? ㅠ",
            "norm_text": "화성까지 가는 돈은 없어도... 영생 할 돈은 있겟지? ㅠ",
            "speaker": {
              "id": "2번",
              "sex": "여성",
              "age": "30대"
            },
            "speechAct": "(지시) 질문하기",
            "morpheme": "화성/NNG+까지/JX+가/VV+는/ETM+돈/NNG+은/JX+없/VA+어도/EC+./SY+./SY+영생/NNG+할/XSV+ETM+돈/NNG+은/JX+있/VA+겟/EP+지/EF+ㅠ/UNKNOWN"
          },
          {
            "id": 15,
            "text": "1 : ㅜㅜ 그 돈은 어떻게든 구해야지... 날이 더우니까 산책도 힘들어서 ㅜㅜ",
            "norm_text": "ㅜㅜ 그 돈은 어떻게든 구해야지... 날이 더우니까 산책도 힘들어서 ㅜㅜ",
            "speaker": {
              "id": "1번",
              "sex": "여성",
              "age": "30대"
            },
            "speechAct": "(단언) 주장하기",
            "morpheme": "ㅜㅜ그돈은어떻게든구해야지/UNKNOWN+./SY+날이더우니까산책도힘들어서ㅜㅜ/UNKNOWN"
          },
          {
            "id": 16,
            "text": "2 : 건강하게 세계 신기록 수명 세우고 싶다 키키",
            "norm_text": "건강하게 세계 신기록 수명 세우고 싶다 키키",
            "speaker": {
              "id": "2번",
              "sex": "여성",
              "age": "30대"
            },
            "speechAct": "(단언) 주장하기",
            "morpheme": "건강/NNG+하/XSV+게/EC+세계/NNG+신기록/NNG+수명/NNG+세우/VV+고/EC+싶/VX+다키키/NNP"
          }
        ]
      }
    }
  ]
}