{
  "dataset": {
    "identifier": 62473,
    "name": "KAKAO_920_18_set",
    "src_path": "/data/file/cubeManager/PROJECT001/53/txt20211005161349028655/KAKAO_920_18_set/",
    "label_path": "/data/file/cubeManager/PROJECT001/53/txt20211005161349028655/KAKAO_920_18_set/",
    "category": 2,
    "type": 0
  },
  "licenses": {
    "name": "Apache License 1.0",
    "url": "http://www.apache.org/licenses/LICENSE-1.0"
  },
  "info": [
    {
      "id": 41975,
      "filename": "KAKAO_920_18.txt",
      "title": "KAKAO_920_18",
      "mediatype": "SNS",
      "medianame": "카카오톡",
      "category": "일상대화",
      "date": "2021-10-05",
      "size": 614,
      "annotations": {
        "subject": "상거래 전반",
        "speaker_type": "1:1",
        "size": 614,
        "word_size": 203,
        "text": "1 : 요즘 너무 중고거래 같은 거 많아진 것 같아\n2 : 웅 나도 당근마켓에서 지난달에 필요 없는 물건 팔았어\n1 : 잘했네 키키\n1 : 필요 없는 물건 파는 거 엄청 효율적인 것 같아\n2 : 웅 필요 없는 물건 팔 수도 있고 내가 필요로 하는 물건 싸게 살 수 있어서 엄청 좋아\n1 : 필요 없는 물건 중에 어떤 물건 판매했어?\n2 : 나는 내가 못 입는 옷 판매했어!\n1 : 오 그것도 괜찮다!\n1 : 나도 안 입는 옷 엄청 많은데\n2 : 안 입는 옷들 팔아서 새 옷 사는데 보태는 것도 좋은 생각이야!\n1 : 요즘 중고거래가 인기가 많아서 중고거래 어플이 세계에서 인기 많은 플랫폼 어플을 이길 정도래\n2 : 오 진짜? 또 처음 알았네\n2 : 근데 이런 중고거래 할 때 사기도 많다고 하던데 조심해\n1 : 그치! 너가 판매할 때도 사기 안 당해서 다행이다.\n1 : 나도 그런 글 진짜 많이 봤어\n2 : 요즘에 아이패드 보내준다 해놓고 벽돌 보내주는 거 나도 봤어\n1 : 키키 아 웃기다.\n1 : 근데 이게 남일이라고 생각하면 안돼\n2 : 그치 에어팟 사러 갔는데 우리도 콩나물 주면 어떻게...\n1 : 키키 우리 집에 필요 없는 물건 엄청 많으니까 전자상거래 같이 해볼래?\n2 : 그래그래! 날 잡고 모아 놓고 다 팔아버리자!",
        "lines": [
          {
            "id": 1,
            "text": "1 : 요즘 너무 중고거래 같은 거 많아진 것 같아",
            "norm_text": "요즘 너무 중고거래 같은 거 많아진 것 같아",
            "speaker": {
              "id": "1번",
              "sex": "여성",
              "age": "20대"
            },
            "speechAct": "(단언) 주장하기",
            "morpheme": "요즘/MAG+너무/MAG+중고/NNG+거래/NNG+같/VA+은/ETM+거/NNB+많/VA+아/EC+진/VX+ETM+것/NNB+같/VA+아/EC"
          },
          {
            "id": 2,
            "text": "2 : 웅 나도 당근마켓에서 지난달에 필요 없는 물건 팔았어",
            "norm_text": "웅 나도 당근마켓에서 지난달에 필요 없는 물건 팔았어",
            "speaker": {
              "id": "2번",
              "sex": "남성",
              "age": "20대"
            },
            "speechAct": "(단언) 진술하기",
            "morpheme": "웅/IC+나/NP+도/JX+당근/MAG+마켓/NNP+에서/JKB+지난달/NNG+에/JKB+필요/NNG+없/VA+는/ETM+물건/NNG+팔/VV+았/EP+어/EC"
          },
          {
            "id": 3,
            "text": "1 : 잘했네 키키",
            "norm_text": "잘했네 키키",
            "speaker": {
              "id": "1번",
              "sex": "여성",
              "age": "20대"
            },
            "speechAct": "(단언) 주장하기",
            "morpheme": "잘/MAG+했/VV+EP+네/EF+키/NNG+키/XSV+ETN"
          },
          {
            "id": 4,
            "text": "1 : 필요 없는 물건 파는 거 엄청 효율적인 것 같아",
            "norm_text": "필요 없는 물건 파는 거 엄청 효율적인 것 같아",
            "speaker": {
              "id": "1번",
              "sex": "여성",
              "age": "20대"
            },
            "speechAct": "(단언) 주장하기",
            "morpheme": "필요/NNG+없/VA+는/ETM+물건/NNG+파/VV+는/ETM+거/NNB+엄청/MAG+효율/NNG+적/XSN+인/VCP+ETM+것/NNB+같/VA+아/EC"
          },
          {
            "id": 5,
            "text": "2 : 웅 필요 없는 물건 팔 수도 있고 내가 필요로 하는 물건 싸게 살 수 있어서 엄청 좋아",
            "norm_text": "웅 필요 없는 물건 팔 수도 있고 내가 필요로 하는 물건 싸게 살 수 있어서 엄청 좋아",
            "speaker": {
              "id": "2번",
              "sex": "남성",
              "age": "20대"
            },
            "speechAct": "(단언) 주장하기",
            "morpheme": "웅/IC+필요/NNG+없/VA+는/ETM+물건/NNG+팔/VV+ETM+수/NNB+도/JX+있/VA+고/EC+내/NP+가/JKS+필요/NNG+로/JKB+하/VV+는/ETM+물건/NNG+싸/VA+게/EC+살/VV+ETM+수/NNB+있/VV+어서/EC+엄청/MAG+좋/VA+아/EC"
          },
          {
            "id": 6,
            "text": "1 : 필요 없는 물건 중에 어떤 물건 판매했어?",
            "norm_text": "필요 없는 물건 중에 어떤 물건 판매했어?",
            "speaker": {
              "id": "1번",
              "sex": "여성",
              "age": "20대"
            },
            "speechAct": "(지시) 질문하기",
            "morpheme": "필요/NNG+없/VA+는/ETM+물건/NNG+중/NNB+에/JKB+어떤/MM+물건/NNG+판매/NNG+했/XSV+EP+어/EF"
          },
          {
            "id": 7,
            "text": "2 : 나는 내가 못 입는 옷 판매했어!",
            "norm_text": "나는 내가 못 입는 옷 판매했어!",
            "speaker": {
              "id": "2번",
              "sex": "남성",
              "age": "20대"
            },
            "speechAct": "(단언) 진술하기",
            "morpheme": "나/NP+는/JX+내/NP+가/JKS+못/MAG+입/VV+는/ETM+옷/NNG+판매/NNG+했/XSV+EP+어/EF"
          },
          {
            "id": 8,
            "text": "1 : 오 그것도 괜찮다!",
            "norm_text": "오 그것도 괜찮다!",
            "speaker": {
              "id": "1번",
              "sex": "여성",
              "age": "20대"
            },
            "speechAct": "(단언) 주장하기",
            "morpheme": "오/IC+그것/NP+도/JX+괜찮/VA+다/EF"
          },
          {
            "id": 9,
            "text": "1 : 나도 안 입는 옷 엄청 많은데",
            "norm_text": "나도 안 입는 옷 엄청 많은데",
            "speaker": {
              "id": "1번",
              "sex": "여성",
              "age": "20대"
            },
            "speechAct": "(단언) 주장하기",
            "morpheme": "나/NP+도/JX+안/MAG+입/VV+는/ETM+옷/NNG+엄청/MAG+많/VA+은데/EC"
          },
          {
            "id": 10,
            "text": "2 : 안 입는 옷들 팔아서 새 옷 사는데 보태는 것도 좋은 생각이야!",
            "norm_text": "안 입는 옷들 팔아서 새 옷 사는데 보태는 것도 좋은 생각이야!",
            "speaker": {
              "id": "2번",
              "sex": "남성",
              "age": "20대"
            },
            "speechAct": "(단언) 주장하기",
            "morpheme": "안/MAG+입/VV+는/ETM+옷/NNG+들/XSN+팔/VV+아서/EC+새/VV+옷/EC+사/VV+는/ETM+데/NNB+보태/VV+는/ETM+것/NNB+도/JX+좋/VA+은/ETM+생각/NNG+이/VCP+야/EF"
          },
          {
            "id": 11,
            "text": "1 : 요즘 중고거래가 인기가 많아서 중고거래 어플이 세계에서 인기 많은 플랫폼 어플을 이길 정도래",
            "norm_text": "요즘 중고거래가 인기가 많아서 중고거래 어플이 세계에서 인기 많은 플랫폼 어플을 이길 정도래",
            "speaker": {
              "id": "1번",
              "sex": "여성",
              "age": "20대"
            },
            "speechAct": "(단언) 진술하기",
            "morpheme": "요즘/NNG+중/NNB+고/VCP+EC+거래/NNG+가/JKS+인기/NNG+가/JKS+많/VA+아서/EC+중고/NNG+거래/NNG+어/IC+플/NNG+이/JKS+세계/NNG+에서/JKB+인기/NNG+많/VA+은/ETM+플랫폼/NNG+어/IC+플/NNG+을/JKO+이길/VV+ETM+정도/NNG+래/VCP+EC"
          },
          {
            "id": 12,
            "text": "2 : 오 진짜? 또 처음 알았네",
            "norm_text": "오 진짜? 또 처음 알았네",
            "speaker": {
              "id": "2번",
              "sex": "남성",
              "age": "20대"
            },
            "speechAct": "(단언) 주장하기",
            "morpheme": "오/IC+진짜/MAG+또/MAG+처음/MAG+알/VV+았/EP+네/EF"
          },
          {
            "id": 13,
            "text": "2 : 근데 이런 중고거래 할 때 사기도 많다고 하던데 조심해",
            "norm_text": "근데 이런 중고거래 할 때 사기도 많다고 하던데 조심해",
            "speaker": {
              "id": "2번",
              "sex": "남성",
              "age": "20대"
            },
            "speechAct": "(지시) 충고/제안하기",
            "morpheme": "근데/MAJ+이런/MM+중고/NNG+거래/NNG+할/XSV+ETM+때/NNG+사/VV+기/ETN+도/JX+많/VA+다고/EC+하/VV+던데/EC+조심/NNG+해/XSV+EC"
          },
          {
            "id": 14,
            "text": "1 : 그치! 너가 판매할 때도 사기 안 당해서 다행이다.",
            "norm_text": "그치! 너가 판매할 때도 사기 안 당해서 다행이다.",
            "speaker": {
              "id": "1번",
              "sex": "여성",
              "age": "20대"
            },
            "speechAct": "(단언) 주장하기",
            "morpheme": "그치/IC+너/NP+가/JKS+판매/NNG+할/XSV+ETM+때/NNG+도/JX+사기/NNG+안/MAG+당해서/VV+EC+다행/NNG+이/VCP+다/EF"
          },
          {
            "id": 15,
            "text": "1 : 나도 그런 글 진짜 많이 봤어",
            "norm_text": "나도 그런 글 진짜 많이 봤어",
            "speaker": {
              "id": "1번",
              "sex": "여성",
              "age": "20대"
            },
            "speechAct": "(단언) 주장하기",
            "morpheme": "나/NP+도/JX+그런/MM+글/NNG+진짜/MAG+많이/MAG+봤/VV+EP+어/EC"
          },
          {
            "id": 16,
            "text": "2 : 요즘에 아이패드 보내준다 해놓고 벽돌 보내주는 거 나도 봤어",
            "norm_text": "요즘에 아이패드 보내준다 해놓고 벽돌 보내주는 거 나도 봤어",
            "speaker": {
              "id": "2번",
              "sex": "남성",
              "age": "20대"
            },
            "speechAct": "(단언) 주장하기",
            "morpheme": "요즘/NNG+에/JKB+아이패드/NNP+보내/VV+EC+준다/VX+EC+해/VV+EC+놓/VX+고/EC+벽돌/NNG+보내/VV+EC+주/VX+는/ETM+거/NNB+나/NP+도/JX+봤/VV+EP+어/EC"
          },
          {
            "id": 17,
            "text": "1 : 키키 아 웃기다.",
            "norm_text": "키키 아 웃기다.",
            "speaker": {
              "id": "1번",
              "sex": "여성",
              "age": "20대"
            },
            "speechAct": "(단언) 주장하기",
            "morpheme": "키/NNG+키/VV+아/EC+웃기/VV+다/EF"
          },
          {
            "id": 18,
            "text": "1 : 근데 이게 남일이라고 생각하면 안돼",
            "norm_text": "근데 이게 남일이라고 생각하면 안돼",
            "speaker": {
              "id": "1번",
              "sex": "여성",
              "age": "20대"
            },
            "speechAct": "(단언) 주장하기",
            "morpheme": "근데/MAJ+이게/NP+JKS+남일/NNP+이/VCP+라고/EC+생각/NNG+하/XSV+면/EC+안/MAG+돼/VV+EC"
          },
          {
            "id": 19,
            "text": "2 : 그치 에어팟 사러 갔는데 우리도 콩나물 주면 어떻게...",
            "norm_text": "그치 에어팟 사러 갔는데 우리도 콩나물 주면 어떻게...",
            "speaker": {
              "id": "2번",
              "sex": "남성",
              "age": "20대"
            },
            "speechAct": "(단언) 주장하기",
            "morpheme": "그치/NP+에/JKB+어/IC+팟/NNG+사/VV+러/EC+갔/VV+EP+는데/EC+우리/NP+도/JX+콩나물/NNG+주/VV+면/EC+어떻게/MAG+./SY"
          },
          {
            "id": 20,
            "text": "1 : 키키 우리 집에 필요 없는 물건 엄청 많으니까 전자상거래 같이 해볼래?",
            "norm_text": "키키 우리 집에 필요 없는 물건 엄청 많으니까 전자상거래 같이 해볼래?",
            "speaker": {
              "id": "1번",
              "sex": "여성",
              "age": "20대"
            },
            "speechAct": "(지시) 충고/제안하기",
            "morpheme": "키/NNG+키/XSV+ETN+우리/NP+집/NNG+에/JKB+필요/NNG+없/VA+는/ETM+물건/NNG+엄청/MAG+많/VA+으니까/EC+전자/NNG+상거래/NNG+같이/JKB+해볼래/VV+EF"
          },
          {
            "id": 21,
            "text": "2 : 그래그래! 날 잡고 모아 놓고 다 팔아버리자!",
            "norm_text": "그래그래! 날 잡고 모아 놓고 다 팔아버리자!",
            "speaker": {
              "id": "2번",
              "sex": "남성",
              "age": "20대"
            },
            "speechAct": "(단언) 주장하기",
            "morpheme": "그래그래/IC+날/NP+JKO+잡/VV+고/EC+모아/VV+EC+놓/VX+고/EC+다/MAG+팔/VV+아/EC+버리/VX+자/EF"
          }
        ]
      }
    }
  ]
}