{
  "dataset": {
    "identifier": 44695,
    "name": "KAKAO_910_20_set",
    "src_path": "/data/file/cubeManager/PROJECT001/53/txt20211005154828081548/KAKAO_910_20_set/",
    "label_path": "/data/file/cubeManager/PROJECT001/53/txt20211005154828081548/KAKAO_910_20_set/",
    "category": 2,
    "type": 0
  },
  "licenses": {
    "name": "Apache License 1.0",
    "url": "http://www.apache.org/licenses/LICENSE-1.0"
  },
  "info": [
    {
      "id": 41697,
      "filename": "KAKAO_910_20.txt",
      "title": "KAKAO_910_20",
      "mediatype": "SNS",
      "medianame": "카카오톡",
      "category": "일상대화",
      "date": "2021-10-05",
      "size": 773,
      "annotations": {
        "subject": "영화/만화",
        "speaker_type": "다자간 대화",
        "size": 773,
        "word_size": 244,
        "text": "1 : 코로나 때문에 영화관 간 적이 몇 년 된 것 같아요\n2 : 저도요 요새 다른 사람들은 영화관 가나요?\n3 : 가는 사람은 가죠!\n3 : 마스크 쓰고 콜라나 팝콘 같은 건 못 먹어요\n1 : 영화관 가서 영화 보던 때가 그리워요\n2 : 저도요 전 스릴러 좋아하는데 두 분은 어떤 영화 좋아해요?\n3 : 전 신나는 액션 영화가 제일 좋아요\n1 : 전 로맨틱 영화 좋아하고 스릴러나 공포처럼 심장 쫄깃해지는 건 싫어요\n2 : 전 로맨틱 영화 보면 너무 졸려요\n2 : 저랑 안 맞는 것 같아요\n2 : 그래서 제가 연애를 못하나 봐요\n3 : 하하 로맨틱 영화 보면 연애 잘하나요?\n1 : 전 공포 영화를 극장에서 한 번 보다가 중간에 나왔어요\n2 : 무슨 영화였는데요?\n2 : 저도 너무 무서운 건 못 봐요\n3 : 저도 무서운 거 혼자 못 봐요\n1 : 영화 ‘곡성’ 보다가 나온 거였어요\n2 : 아 그거 한때 유명했죠\n2 : 전 끝까지 봤는데 분위기가 진짜 오싹했죠\n3 : 저 그거 안 봤는데 그렇게 무서워요?\n1 : 네 기괴한 영화인데 무슨 내용인지도 모르겠어요\n2 : 맞아요 영화가 난해 해서 해석마다 다르더라구요\n3 : ‘추격자’ 만든 나홍진 감독 맞죠?\n3 : ‘추격자’는 재미있게 봤어요\n1 : 맞아요 저도 ‘추격자’는 재미있게 봤는데 ‘곡성’은 보기 힘들었어요\n2 : 나홍진 감독은 매니아들이 있더라구요\n3 : 근데 그 감독은 영화를 그렇게 많이 만들진 않았어요\n1 : 네 ‘곡성’과 ‘추격자’가 제일 유명하죠\n2 : 전 ‘곡성’을 흥미롭게 봐서 그 감독의 다음 영화가 기대돼요\n3 : 전 그런 스타일은 별로 좋아하지 않아서요",
        "lines": [
          {
            "id": 1,
            "text": "1 : 코로나 때문에 영화관 간 적이 몇 년 된 것 같아요",
            "norm_text": "코로나 때문에 영화관 간 적이 몇 년 된 것 같아요",
            "speaker": {
              "id": "1번",
              "sex": "여성",
              "age": "30대"
            },
            "speechAct": "(단언) 주장하기",
            "morpheme": "코로나/NNG+때문/NNB+에/JKB+영화/NNG+관간/NNG+적/XSN+이/JKS+몇/MM+년/NNBC+된/VV+ETM+것/NNB+같/VA+아요/EC"
          },
          {
            "id": 2,
            "text": "2 : 저도요 요새 다른 사람들은 영화관 가나요?",
            "norm_text": "저도요 요새 다른 사람들은 영화관 가나요?",
            "speaker": {
              "id": "2번",
              "sex": "여성",
              "age": "40대"
            },
            "speechAct": "(지시) 질문하기",
            "morpheme": "저/MM+도요/NNG+요새/MAG+다른/MM+사람/NNG+들/XSN+은/JX+영화/NNG+관가/NNG+나요/VCP+EF"
          },
          {
            "id": 3,
            "text": "3 : 가는 사람은 가죠!",
            "norm_text": "가는 사람은 가죠!",
            "speaker": {
              "id": "3번",
              "sex": "여성",
              "age": "10대"
            },
            "speechAct": "(단언) 주장하기",
            "morpheme": "가/VV+는/ETM+사람/NNG+은/JX+가/VV+죠/EF"
          },
          {
            "id": 4,
            "text": "3 : 마스크 쓰고 콜라나 팝콘 같은 건 못 먹어요",
            "norm_text": "마스크 쓰고 콜라나 팝콘 같은 건 못 먹어요",
            "speaker": {
              "id": "3번",
              "sex": "여성",
              "age": "10대"
            },
            "speechAct": "(단언) 진술하기",
            "morpheme": "마스크/NNG+쓰/VV+고/EC+콜라/NNG+나/JC+팝콘/NNG+같/VA+은/ETM+건/NNB+JX+못/MAG+먹/VV+어요/EF"
          },
          {
            "id": 5,
            "text": "1 : 영화관 가서 영화 보던 때가 그리워요",
            "norm_text": "영화관 가서 영화 보던 때가 그리워요",
            "speaker": {
              "id": "1번",
              "sex": "여성",
              "age": "30대"
            },
            "speechAct": "(단언) 주장하기",
            "morpheme": "영화/NNG+관가/NNG+서/JKB+영화/NNG+보/VV+던/ETM+때/NNG+가/JKS+그리워/VA+EC+요/JX"
          },
          {
            "id": 6,
            "text": "2 : 저도요 전 스릴러 좋아하는데 두 분은 어떤 영화 좋아해요?",
            "norm_text": "저도요 전 스릴러 좋아하는데 두 분은 어떤 영화 좋아해요?",
            "speaker": {
              "id": "2번",
              "sex": "여성",
              "age": "40대"
            },
            "speechAct": "(지시) 질문하기",
            "morpheme": "저/NP+도/JX+요전/NNG+스릴러/NNG+좋/VA+아/EC+하/VV+는데/EC+두/MM+분/NNBC+은/JX+어떤/MM+영화/NNG+좋/VA+아/EC+해요/VX+EF"
          },
          {
            "id": 7,
            "text": "3 : 전 신나는 액션 영화가 제일 좋아요",
            "norm_text": "전 신나는 액션 영화가 제일 좋아요",
            "speaker": {
              "id": "3번",
              "sex": "여성",
              "age": "10대"
            },
            "speechAct": "(단언) 주장하기",
            "morpheme": "전신/NNG+나/NP+는/JX+액션/NNG+영화/NNG+가/JKS+제일/MAG+좋/VA+아요/EC"
          },
          {
            "id": 8,
            "text": "1 : 전 로맨틱 영화 좋아하고 스릴러나 공포처럼 심장 쫄깃해지는 건 싫어요",
            "norm_text": "전 로맨틱 영화 좋아하고 스릴러나 공포처럼 심장 쫄깃해지는 건 싫어요",
            "speaker": {
              "id": "1번",
              "sex": "여성",
              "age": "30대"
            },
            "speechAct": "(단언) 주장하기",
            "morpheme": "전/MM+로맨틱/NNG+영화/NNG+좋/VA+아/EC+하/VV+고/EC+스릴러/NNG+나/JC+공포/NNG+처럼/JKB+심장/NNG+쫄깃/XR+해/XSA+EC+지/VX+는/ETM+건/NNB+JX+싫/VA+어요/EF"
          },
          {
            "id": 9,
            "text": "2 : 전 로맨틱 영화 보면 너무 졸려요",
            "norm_text": "전 로맨틱 영화 보면 너무 졸려요",
            "speaker": {
              "id": "2번",
              "sex": "여성",
              "age": "40대"
            },
            "speechAct": "(단언) 주장하기",
            "morpheme": "전/MM+로맨틱/NNG+영화/NNG+보/VV+면/EC+너무/MAG+졸려요/VV+EF"
          },
          {
            "id": 10,
            "text": "2 : 저랑 안 맞는 것 같아요",
            "norm_text": "저랑 안 맞는 것 같아요",
            "speaker": {
              "id": "2번",
              "sex": "여성",
              "age": "40대"
            },
            "speechAct": "(단언) 주장하기",
            "morpheme": "저/NP+랑/JC+안/MAG+맞/VV+는/ETM+것/NNB+같/VA+아요/EC"
          },
          {
            "id": 11,
            "text": "2 : 그래서 제가 연애를 못하나 봐요",
            "norm_text": "그래서 제가 연애를 못하나 봐요",
            "speaker": {
              "id": "2번",
              "sex": "여성",
              "age": "40대"
            },
            "speechAct": "(단언) 주장하기",
            "morpheme": "그래서/MAJ+제/NP+가/JKS+연애/NNG+를/JKO+못/MAG+하/VV+나/EC+봐요/VX+EC"
          },
          {
            "id": 12,
            "text": "3 : 하하 로맨틱 영화 보면 연애 잘하나요?",
            "norm_text": "하하 로맨틱 영화 보면 연애 잘하나요?",
            "speaker": {
              "id": "3번",
              "sex": "여성",
              "age": "10대"
            },
            "speechAct": "(단언) 주장하기",
            "morpheme": "하하/MAG+로맨틱/NNG+영화/NNG+보/VV+면/EC+연애/NNG+잘/MAG+하/VV+나요/EF"
          },
          {
            "id": 13,
            "text": "1 : 전 공포 영화를 극장에서 한 번 보다가 중간에 나왔어요",
            "norm_text": "전 공포 영화를 극장에서 한 번 보다가 중간에 나왔어요",
            "speaker": {
              "id": "1번",
              "sex": "여성",
              "age": "30대"
            },
            "speechAct": "(단언) 진술하기",
            "morpheme": "전/MM+공포/NNG+영화/NNG+를/JKO+극장/NNG+에서/JKB+한/MM+번/NNBC+보/VV+다가/EC+중간/NNG+에/JKB+나왔/VV+EP+어요/EF"
          },
          {
            "id": 14,
            "text": "2 : 무슨 영화였는데요?",
            "norm_text": "무슨 영화였는데요?",
            "speaker": {
              "id": "2번",
              "sex": "여성",
              "age": "40대"
            },
            "speechAct": "(지시) 질문하기",
            "morpheme": "무슨/MM+영화/NNG+였/VCP+EP+는데요/EF"
          },
          {
            "id": 15,
            "text": "2 : 저도 너무 무서운 건 못 봐요",
            "norm_text": "저도 너무 무서운 건 못 봐요",
            "speaker": {
              "id": "2번",
              "sex": "여성",
              "age": "40대"
            },
            "speechAct": "(단언) 주장하기",
            "morpheme": "저/NP+도/JX+너무/MAG+무서운/VA+ETM+건/NNB+JX+못/MAG+봐요/VV+EC"
          },
          {
            "id": 16,
            "text": "3 : 저도 무서운 거 혼자 못 봐요",
            "norm_text": "저도 무서운 거 혼자 못 봐요",
            "speaker": {
              "id": "3번",
              "sex": "여성",
              "age": "10대"
            },
            "speechAct": "(단언) 주장하기",
            "morpheme": "저/NP+도/JX+무서운/VA+ETM+거/NNB+혼자/MAG+못/MAG+봐요/VV+EC"
          },
          {
            "id": 17,
            "text": "1 : 영화 ‘곡성’ 보다가 나온 거였어요",
            "norm_text": "영화 ‘곡성’ 보다가 나온 거였어요",
            "speaker": {
              "id": "1번",
              "sex": "여성",
              "age": "30대"
            },
            "speechAct": "(단언) 진술하기",
            "morpheme": "영화/NNG+‘/SY+곡성/NNG+’/SY+보/VV+다가/EC+나온/VV+ETM+거/NNB+였어요/VCP+EP+EC"
          },
          {
            "id": 18,
            "text": "2 : 아 그거 한때 유명했죠",
            "norm_text": "아 그거 한때 유명했죠",
            "speaker": {
              "id": "2번",
              "sex": "여성",
              "age": "40대"
            },
            "speechAct": "(단언) 주장하기",
            "morpheme": "아/IC+그거/NP+한때/NNG+유명/NNG+했/XSV+EP+죠/EF"
          },
          {
            "id": 19,
            "text": "2 : 전 끝까지 봤는데 분위기가 진짜 오싹했죠",
            "norm_text": "전 끝까지 봤는데 분위기가 진짜 오싹했죠",
            "speaker": {
              "id": "2번",
              "sex": "여성",
              "age": "40대"
            },
            "speechAct": "(단언) 주장하기",
            "morpheme": "전/MM+끝/NNG+까지/JX+봤/VV+EP+는데/EC+분위기/NNG+가/JKS+진짜/MAG+오싹/MAG+했/VV+EP+죠/EF"
          },
          {
            "id": 20,
            "text": "3 : 저 그거 안 봤는데 그렇게 무서워요?",
            "norm_text": "저 그거 안 봤는데 그렇게 무서워요?",
            "speaker": {
              "id": "3번",
              "sex": "여성",
              "age": "10대"
            },
            "speechAct": "(지시) 질문하기",
            "morpheme": "저/IC+그거/NP+안/MAG+봤/VV+EP+는데/EC+그렇게/MAG+무서워요/VA+EF"
          },
          {
            "id": 21,
            "text": "1 : 네 기괴한 영화인데 무슨 내용인지도 모르겠어요",
            "norm_text": "네 기괴한 영화인데 무슨 내용인지도 모르겠어요",
            "speaker": {
              "id": "1번",
              "sex": "여성",
              "age": "30대"
            },
            "speechAct": "(단언) 주장하기",
            "morpheme": "네/IC+기괴/XR+한/XSA+ETM+영화/NNG+인데/VCP+EC+무슨/MM+내용/NNG+인지/VCP+EC+도/JX+모르/VV+겠/EP+어요/EF"
          },
          {
            "id": 22,
            "text": "2 : 맞아요 영화가 난해 해서 해석마다 다르더라구요",
            "norm_text": "맞아요 영화가 난해 해서 해석마다 다르더라구요",
            "speaker": {
              "id": "2번",
              "sex": "여성",
              "age": "40대"
            },
            "speechAct": "(단언) 주장하기",
            "morpheme": "맞/VV+아요/EF+영화/NNG+가/JKS+난해/XR+해서/XSA+EC+해석/NNG+마다/JX+다르/VA+더라구요/EC"
          },
          {
            "id": 23,
            "text": "3 : ‘추격자’ 만든 나홍진 감독 맞죠?",
            "norm_text": "‘추격자’ 만든 나홍진 감독 맞죠?",
            "speaker": {
              "id": "3번",
              "sex": "여성",
              "age": "10대"
            },
            "speechAct": "(지시) 질문하기",
            "morpheme": "‘/SY+추격자/NNG+’/SY+만든/VV+ETM+나홍진/NNP+감독/NNG+맞/VV+죠/EF"
          },
          {
            "id": 24,
            "text": "3 : ‘추격자’는 재미있게 봤어요",
            "norm_text": "‘추격자’는 재미있게 봤어요",
            "speaker": {
              "id": "3번",
              "sex": "여성",
              "age": "10대"
            },
            "speechAct": "(단언) 진술하기",
            "morpheme": "‘/SY+추격자/NNG+’/SY+는/JX+재미있/VA+게/EC+봤/VX+EP+어요/EF"
          },
          {
            "id": 25,
            "text": "1 : 맞아요 저도 ‘추격자’는 재미있게 봤는데 ‘곡성’은 보기 힘들었어요",
            "norm_text": "맞아요 저도 ‘추격자’는 재미있게 봤는데 ‘곡성’은 보기 힘들었어요",
            "speaker": {
              "id": "1번",
              "sex": "여성",
              "age": "30대"
            },
            "speechAct": "(단언) 진술하기",
            "morpheme": "맞/VV+아요/EF+저/NP+도/JX+‘/SY+추격자/NNG+’/SY+는/JX+재미있/VA+게/EC+봤/VX+EP+는데/EC+‘/SY+곡성/NNG+’/SY+은/JX+보/VV+기/ETN+힘들/VA+었/EP+어요/EF"
          },
          {
            "id": 26,
            "text": "2 : 나홍진 감독은 매니아들이 있더라구요",
            "norm_text": "나홍진 감독은 매니아들이 있더라구요",
            "speaker": {
              "id": "2번",
              "sex": "여성",
              "age": "40대"
            },
            "speechAct": "(단언) 진술하기",
            "morpheme": "나홍진/NNP+감독/NNG+은/JX+매니아/NNP+들/XSN+이/JKS+있/VV+더라구요/EC"
          },
          {
            "id": 27,
            "text": "3 : 근데 그 감독은 영화를 그렇게 많이 만들진 않았어요",
            "norm_text": "근데 그 감독은 영화를 그렇게 많이 만들진 않았어요",
            "speaker": {
              "id": "3번",
              "sex": "여성",
              "age": "10대"
            },
            "speechAct": "(단언) 주장하기",
            "morpheme": "근데/MAJ+그/MM+감독/NNG+은/JX+영화/NNG+를/JKO+그렇게/MAG+많이/MAG+만들/VV+진/EC+JX+않/VX+았/EP+어요/EF"
          },
          {
            "id": 28,
            "text": "1 : 네 ‘곡성’과 ‘추격자’가 제일 유명하죠",
            "norm_text": "네 ‘곡성’과 ‘추격자’가 제일 유명하죠",
            "speaker": {
              "id": "1번",
              "sex": "여성",
              "age": "30대"
            },
            "speechAct": "(단언) 주장하기",
            "morpheme": "네/IC+‘/SY+곡성/NNG+’/SY+과/JC+‘/SY+추격자/NNG+’/SY+가/JKS+제일/MAG+유명/NNG+하/XSV+죠/EC"
          },
          {
            "id": 29,
            "text": "2 : 전 ‘곡성’을 흥미롭게 봐서 그 감독의 다음 영화가 기대돼요",
            "norm_text": "전 ‘곡성’을 흥미롭게 봐서 그 감독의 다음 영화가 기대돼요",
            "speaker": {
              "id": "2번",
              "sex": "여성",
              "age": "40대"
            },
            "speechAct": "(단언) 주장하기",
            "morpheme": "전/NNG+‘/SY+곡성/NNG+’/SY+을/JKO+흥미/NNG+롭/XSA+게/EC+봐서/VV+EC+그/MM+감독/NNG+의/JKG+다음/NNG+영화/NNG+가/JKS+기대/NNG+돼요/XSV+EC"
          },
          {
            "id": 30,
            "text": "3 : 전 그런 스타일은 별로 좋아하지 않아서요",
            "norm_text": "전 그런 스타일은 별로 좋아하지 않아서요",
            "speaker": {
              "id": "3번",
              "sex": "여성",
              "age": "10대"
            },
            "speechAct": "(표현) 부정감정 표현하기",
            "morpheme": "전/MM+그런/MM+스타일/NNG+은/JX+별로/MAG+좋/VA+아/EC+하/VV+지/EC+않/VX+아서요/EC"
          }
        ]
      }
    }
  ]
}