{
  "dataset": {
    "identifier": 63491,
    "name": "KAKAO_909_13_set",
    "src_path": "/data/file/cubeManager/PROJECT001/53/txt20211005154109087438/KAKAO_909_13_set/",
    "label_path": "/data/file/cubeManager/PROJECT001/53/txt20211005154109087438/KAKAO_909_13_set/",
    "category": 2,
    "type": 0
  },
  "licenses": {
    "name": "Apache License 1.0",
    "url": "http://www.apache.org/licenses/LICENSE-1.0"
  },
  "info": [
    {
      "id": 41590,
      "filename": "KAKAO_909_13.txt",
      "title": "KAKAO_909_13",
      "mediatype": "SNS",
      "medianame": "카카오톡",
      "category": "일상대화",
      "date": "2021-10-05",
      "size": 436,
      "annotations": {
        "subject": "계절/날씨",
        "speaker_type": "1:1",
        "size": 436,
        "word_size": 148,
        "text": "1 : 와 요즘 아침 저녁으로 너무 쌀쌀해\n2 : 인정... 옷을 어떻게 입고 나가야 할지 모르겠어 키키\n1 : 그래서 나는 반팔 입고 그 위에 겉옷 챙겨 다녀\n2 : 오 나도 그래야겠다 키키\n1 : 그렇게 안 하면 감기 걸릴 것 같아 ㅠㅠ 저녁에 넘 추워\n2 : 맞아 저녁에 잘 때도 추워서 이불 덥고 자고 있다니까 키키\n1 : 아 그니까! 우리 엄마는 벌써 전기장판 틀고 자\n2 : 오 우리 아빠도 전기장판 틀고 자던데\n1 : 나도 난방 텐트 곧 꺼낼 예정이야 키키\n2 : 엇 난방텐트 어때?\n1 : 난 난방텐트 진짜 만족 대만족이야\n2 : 나 지금 살까말까 고민중이거든\n1 : 진짜 사면 후회 안 해! 정말 좋아\n2 : 아 진짜? 확실히 난방이 돼?\n1 : 나 작년 겨울에 보일러 안 틀고 난방 텐트 안에서만 잤는데도 감기 하나 안 걸렸어 그리고 공기도 따뜻해서 좋아\n2 : 아 그래? 그럼 나도 살까",
        "lines": [
          {
            "id": 1,
            "text": "1 : 와 요즘 아침 저녁으로 너무 쌀쌀해",
            "norm_text": "와 요즘 아침 저녁으로 너무 쌀쌀해",
            "speaker": {
              "id": "1번",
              "sex": "여성",
              "age": "20대"
            },
            "speechAct": "(단언) 주장하기",
            "morpheme": "와/IC+요즘/MAG+아침/NNG+저녁/NNG+으로/JKB+너무/MAG+쌀쌀/XR+해/XSA+EC"
          },
          {
            "id": 2,
            "text": "2 : 인정... 옷을 어떻게 입고 나가야 할지 모르겠어 키키",
            "norm_text": "인정... 옷을 어떻게 입고 나가야 할지 모르겠어 키키",
            "speaker": {
              "id": "2번",
              "sex": "여성",
              "age": "20대"
            },
            "speechAct": "(단언) 주장하기",
            "morpheme": "인정/NNG+./SY+./SY+옷/NNG+을/JKO+어떻게/MAG+입/VV+고/EC+나가/VX+야/EC+할지/VX+EC+모르/VV+겠/EP+어/EC+키/NNG+키/XSV+ETN"
          },
          {
            "id": 3,
            "text": "1 : 그래서 나는 반팔 입고 그 위에 겉옷 챙겨 다녀",
            "norm_text": "그래서 나는 반팔 입고 그 위에 겉옷 챙겨 다녀",
            "speaker": {
              "id": "1번",
              "sex": "여성",
              "age": "20대"
            },
            "speechAct": "(단언) 진술하기",
            "morpheme": "그래서/MAJ+나/NP+는/JX+반팔/NNG+입/VV+고/EC+그/MM+위/NNG+에/JKB+겉옷/NNG+챙겨/VV+EC+다녀/VV+EC"
          },
          {
            "id": 4,
            "text": "2 : 오 나도 그래야겠다 키키",
            "norm_text": "오 나도 그래야겠다 키키",
            "speaker": {
              "id": "2번",
              "sex": "여성",
              "age": "20대"
            },
            "speechAct": "(단언) 주장하기",
            "morpheme": "오/IC+나/NP+도/JX+그래야/VA+EC+VX+겠/EP+다키키/NNP"
          },
          {
            "id": 5,
            "text": "1 : 그렇게 안 하면 감기 걸릴 것 같아 ㅠㅠ 저녁에 넘 추워",
            "norm_text": "그렇게 안 하면 감기 걸릴 것 같아 ㅠㅠ 저녁에 넘 추워",
            "speaker": {
              "id": "1번",
              "sex": "여성",
              "age": "20대"
            },
            "speechAct": "(단언) 주장하기",
            "morpheme": "그렇게/MAG+안/MAG+하/VV+면/EC+감기/NNG+걸릴/VV+ETM+것/NNB+같/VA+아/EC+ㅠㅠ/UNKNOWN+저녁/NNG+에/JKB+넘/MAG+추워/VA+EC"
          },
          {
            "id": 6,
            "text": "2 : 맞아 저녁에 잘 때도 추워서 이불 덥고 자고 있다니까 키키",
            "norm_text": "맞아 저녁에 잘 때도 추워서 이불 덥고 자고 있다니까 키키",
            "speaker": {
              "id": "2번",
              "sex": "여성",
              "age": "20대"
            },
            "speechAct": "(단언) 진술하기",
            "morpheme": "맞/VV+아/EC+저녁/NNG+에/JKB+잘/MAG+때/NNG+도/JX+추워서/VA+EC+이불/NNG+덥/VA+고/EC+자/VV+고/EC+있/VX+다니까/EC+키/NNG+키/XSV+ETN"
          },
          {
            "id": 7,
            "text": "1 : 아 그니까! 우리 엄마는 벌써 전기장판 틀고 자",
            "norm_text": "아 그니까! 우리 엄마는 벌써 전기장판 틀고 자",
            "speaker": {
              "id": "1번",
              "sex": "여성",
              "age": "20대"
            },
            "speechAct": "(단언) 진술하기",
            "morpheme": "아/IC+그니까/MAJ+우리/NP+엄마/NNG+는/JX+벌써/MAG+전기장판/NNG+틀/VV+고자/EC"
          },
          {
            "id": 8,
            "text": "2 : 오 우리 아빠도 전기장판 틀고 자던데",
            "norm_text": "오 우리 아빠도 전기장판 틀고 자던데",
            "speaker": {
              "id": "2번",
              "sex": "여성",
              "age": "20대"
            },
            "speechAct": "(단언) 진술하기",
            "morpheme": "오/IC+우리/NP+아빠/NNG+도/JX+전기장판/NNG+틀/VV+고자/EC+던데/VV+EC"
          },
          {
            "id": 9,
            "text": "1 : 나도 난방 텐트 곧 꺼낼 예정이야 키키",
            "norm_text": "나도 난방 텐트 곧 꺼낼 예정이야 키키",
            "speaker": {
              "id": "1번",
              "sex": "여성",
              "age": "20대"
            },
            "speechAct": "(단언) 주장하기",
            "morpheme": "나/NP+도/JX+난방/NNG+텐트/NNG+곧/MAG+꺼낼/VV+ETM+예정/NNG+이/VCP+야/EC+키/NNG+키/XSV+ETN"
          },
          {
            "id": 10,
            "text": "2 : 엇 난방텐트 어때?",
            "norm_text": "엇 난방텐트 어때?",
            "speaker": {
              "id": "2번",
              "sex": "여성",
              "age": "20대"
            },
            "speechAct": "(지시) 질문하기",
            "morpheme": "엇/IC+난방/NNG+텐트/NNG+어때/VA+EF"
          },
          {
            "id": 11,
            "text": "1 : 난 난방텐트 진짜 만족 대만족이야",
            "norm_text": "난 난방텐트 진짜 만족 대만족이야",
            "speaker": {
              "id": "1번",
              "sex": "여성",
              "age": "20대"
            },
            "speechAct": "(단언) 주장하기",
            "morpheme": "난/NP+JX+난방/NNG+텐트/NNG+진짜/MAG+만족/NNG+대/XPN+만족/NNG+이/VCP+야/EC"
          },
          {
            "id": 12,
            "text": "2 : 나 지금 살까말까 고민중이거든",
            "norm_text": "나 지금 살까말까 고민중이거든",
            "speaker": {
              "id": "2번",
              "sex": "여성",
              "age": "20대"
            },
            "speechAct": "(단언) 주장하기",
            "morpheme": "나/NP+지금/MAG+살/VV+까말까/EC+VV+EC+고민/NNG+중/NNB+이/VCP+거든/EC"
          },
          {
            "id": 13,
            "text": "1 : 진짜 사면 후회 안 해! 정말 좋아",
            "norm_text": "진짜 사면 후회 안 해! 정말 좋아",
            "speaker": {
              "id": "1번",
              "sex": "여성",
              "age": "20대"
            },
            "speechAct": "(단언) 주장하기",
            "morpheme": "진짜/MAG+사면/NNG+후회/NNG+안/MAG+해/VV+EF+정말/MAG+좋/VA+아/EC"
          },
          {
            "id": 14,
            "text": "2 : 아 진짜? 확실히 난방이 돼?",
            "norm_text": "아 진짜? 확실히 난방이 돼?",
            "speaker": {
              "id": "2번",
              "sex": "여성",
              "age": "20대"
            },
            "speechAct": "(지시) 질문하기",
            "morpheme": "아/IC+진짜/MAG+확실히/MAG+난방/NNG+이/JKS+돼/VV+EF"
          },
          {
            "id": 15,
            "text": "1 : 나 작년 겨울에 보일러 안 틀고 난방 텐트 안에서만 잤는데도 감기 하나 안 걸렸어 그리고 공기도 따뜻해서 좋아",
            "norm_text": "나 작년 겨울에 보일러 안 틀고 난방 텐트 안에서만 잤는데도 감기 하나 안 걸렸어 그리고 공기도 따뜻해서 좋아",
            "speaker": {
              "id": "1번",
              "sex": "여성",
              "age": "20대"
            },
            "speechAct": "(단언) 주장하기",
            "morpheme": "나/NP+작년/NNG+겨울/NNG+에/JKB+보일러/NNG+안/MAG+틀/VV+고/EC+난방/NNG+텐트/NNG+안/NNG+에서/JKB+만/JX+잤/VV+EP+는데/EC+도/JX+감기/NNG+하나/NR+안/MAG+걸렸/VV+EP+어/EF+그리고/MAJ+공기/NNG+도/JX+따뜻/XR+해서/XSA+EC+좋/VA+아/EC"
          },
          {
            "id": 16,
            "text": "2 : 아 그래? 그럼 나도 살까",
            "norm_text": "아 그래? 그럼 나도 살까",
            "speaker": {
              "id": "2번",
              "sex": "여성",
              "age": "20대"
            },
            "speechAct": "(단언) 주장하기",
            "morpheme": "아/IC+그래/IC+그럼/MAJ+나/NP+도/JX+살까/VV+EC"
          }
        ]
      }
    }
  ]
}