{
  "dataset": {
    "identifier": 44557,
    "name": "KAKAO_910_10_set",
    "src_path": "/data/file/cubeManager/PROJECT001/53/txt20211005154828072547/KAKAO_910_10_set/",
    "label_path": "/data/file/cubeManager/PROJECT001/53/txt20211005154828072547/KAKAO_910_10_set/",
    "category": 2,
    "type": 0
  },
  "licenses": {
    "name": "Apache License 1.0",
    "url": "http://www.apache.org/licenses/LICENSE-1.0"
  },
  "info": [
    {
      "id": 41687,
      "filename": "KAKAO_910_10.txt",
      "title": "KAKAO_910_10",
      "mediatype": "SNS",
      "medianame": "카카오톡",
      "category": "일상대화",
      "date": "2021-10-05",
      "size": 941,
      "annotations": {
        "subject": "스포츠/레저",
        "speaker_type": "다자간 대화",
        "size": 941,
        "word_size": 289,
        "text": "1 : 저 요가 시작해서 다니고 있는데 몸이 훨씬 좋아진 기분이에요\n2 : 그래요? 저는 전에 비디오 보고 요가 해본 적 있어요\n3 : 저도 운동 뭐 하나 시작하고 싶어요\n1 : 전 요가도 좋고 필라테스도 추천해요\n2 : 전 지난번에 올림픽 보고 클라이밍 하는 게 멋있어 보이더라구요\n3 : 저도 봤는데 그게 너무 멋졌어요\n3 : 그런데 훈련을 진짜 많이 해야겠던데요\n1 : 클라이밍은 일반인이 하기에 너무 고난도 아니에요?\n2 : 아니에요 올림픽에서 본 건 어려운 거고 쉬운 것도 있어요\n2 : 우리 조카도 클라이밍 해봤는데 잘하더라구요\n3 : 그래요? 선수들 보니까 온몸이 근육질이던데 저도 그런 몸을 만들고 싶어요\n1 : 그런 몸을 만들려면 요가로 좀 힘들긴 하죠\n1 : 그래도 요가 하면 마음이 차분해지고 안정돼요\n2 : 요가든 클라이밍이든 꾸준한 게 좋겠죠\n2 : 전 뭐든 끝까지 한 적이 없어서...\n3 : 산책길에 보면 열심히 운동하는 사람들도 많더라구요\n3 : 전 근데 그렇게 그냥 뛰는 건 심심할 것 같아요\n1 : 저도 그런 것보다 사람들이랑 같이 하는 운동이 좋아요\n2 : 전 원래 운동을 별로 안 좋아하는데 아빠가 등산을 좋아해서 어릴 적에 산에 많이 갔어요\n3 : 저도 산에 가는 거 좋아해요\n1 : 저도 산 좋아해요\n1 : 제가 제일 좋아하는 산은 설악산이에요\n2 : 전 어릴 때는 강제로 가서 산이 싫었는데 점점 산이 좋아지네요\n3 : 우리 강아지들 데리고 같이 산에 가요!\n1 : 네! 10월 말에 강아지들 데리고 트래킹 하는 게 있거든요 같이 가요!\n2 : 어머! 진짜 좋을 것 같아요!\n2 : 뒷산은 밤 껍질이 너무 많이 떨어져서 강아지 데리고 가기가 좀 그렇거든요\n3 : 그때 산 하나를 통째로 빌렸대요!\n1 : 두 코스가 있는데 하나는 긴 코스고 하나는 짧은 코스예요\n2 : 강아지들이 아직 어리니까 우리는 짧은 코스로 할까요?\n3 : 좋아요! 긴 코스면 제가 좀 힘들 것 같아서 짧은 코스가 좋겠어요",
        "lines": [
          {
            "id": 1,
            "text": "1 : 저 요가 시작해서 다니고 있는데 몸이 훨씬 좋아진 기분이에요",
            "norm_text": "저 요가 시작해서 다니고 있는데 몸이 훨씬 좋아진 기분이에요",
            "speaker": {
              "id": "1번",
              "sex": "여성",
              "age": "30대"
            },
            "speechAct": "(단언) 주장하기",
            "morpheme": "저/MM+요가/NNG+시작/NNG+해서/XSV+EC+다니/VV+고/EC+있/VX+는데/EC+몸/NNG+이/JKS+훨씬/MAG+좋/VA+아/EC+진/VX+ETM+기분/NNG+이/VCP+에요/EF"
          },
          {
            "id": 2,
            "text": "2 : 그래요? 저는 전에 비디오 보고 요가 해본 적 있어요",
            "norm_text": "그래요? 저는 전에 비디오 보고 요가 해본 적 있어요",
            "speaker": {
              "id": "2번",
              "sex": "여성",
              "age": "40대"
            },
            "speechAct": "(단언) 진술하기",
            "morpheme": "그래요/VV+EF+저/NP+는/JX+전/NNG+에/JKB+비디오/NNG+보고/JKB+요가/NNG+해/XSV+EC+본/VX+ETM+적/NNB+있/VA+어요/EF"
          },
          {
            "id": 3,
            "text": "3 : 저도 운동 뭐 하나 시작하고 싶어요",
            "norm_text": "저도 운동 뭐 하나 시작하고 싶어요",
            "speaker": {
              "id": "3번",
              "sex": "여성",
              "age": "10대"
            },
            "speechAct": "(단언) 주장하기",
            "morpheme": "저/NP+도/JX+운동/NNG+뭐/IC+하나/NR+시작/NNG+하/XSV+고/EC+싶/VX+어요/EF"
          },
          {
            "id": 4,
            "text": "1 : 전 요가도 좋고 필라테스도 추천해요",
            "norm_text": "전 요가도 좋고 필라테스도 추천해요",
            "speaker": {
              "id": "1번",
              "sex": "여성",
              "age": "30대"
            },
            "speechAct": "(단언) 주장하기",
            "morpheme": "전/MM+요가/NNG+도/JX+좋/VA+고/EC+필라테스/NNP+도/JX+추천/NNG+해요/XSV+EC"
          },
          {
            "id": 5,
            "text": "2 : 전 지난번에 올림픽 보고 클라이밍 하는 게 멋있어 보이더라구요",
            "norm_text": "전 지난번에 올림픽 보고 클라이밍 하는 게 멋있어 보이더라구요",
            "speaker": {
              "id": "2번",
              "sex": "여성",
              "age": "40대"
            },
            "speechAct": "(단언) 주장하기",
            "morpheme": "전/MM+지난번/NNG+에/JKB+올림픽/NNP+보고/JKB+클라이밍/NNG+하/XSV+는/ETM+게/NNB+JKS+멋있/VA+어/EC+보이/VV+더라구요/EC"
          },
          {
            "id": 6,
            "text": "3 : 저도 봤는데 그게 너무 멋졌어요",
            "norm_text": "저도 봤는데 그게 너무 멋졌어요",
            "speaker": {
              "id": "3번",
              "sex": "여성",
              "age": "10대"
            },
            "speechAct": "(단언) 주장하기",
            "morpheme": "저/NP+도/JX+봤/VV+EP+는데/EC+그게/NP+JKS+너무/MAG+멋졌/VA+EP+어요/EF"
          },
          {
            "id": 7,
            "text": "3 : 그런데 훈련을 진짜 많이 해야겠던데요",
            "norm_text": "그런데 훈련을 진짜 많이 해야겠던데요",
            "speaker": {
              "id": "3번",
              "sex": "여성",
              "age": "10대"
            },
            "speechAct": "(단언) 주장하기",
            "morpheme": "그런데/MAJ+훈련/NNG+을/JKO+진짜/MAG+많이/MAG+해야/VV+EC+VX+겠/EP+던데요/EC"
          },
          {
            "id": 8,
            "text": "1 : 클라이밍은 일반인이 하기에 너무 고난도 아니에요?",
            "norm_text": "클라이밍은 일반인이 하기에 너무 고난도 아니에요?",
            "speaker": {
              "id": "1번",
              "sex": "여성",
              "age": "30대"
            },
            "speechAct": "(지시) 질문하기",
            "morpheme": "클라이밍/NNG+은/JX+일반인/NNG+이/JKS+하/VV+기/ETN+에/JKB+너무/MAG+고난/NNG+도/JX+아니/VCN+에요/EF"
          },
          {
            "id": 9,
            "text": "2 : 아니에요 올림픽에서 본 건 어려운 거고 쉬운 것도 있어요",
            "norm_text": "아니에요 올림픽에서 본 건 어려운 거고 쉬운 것도 있어요",
            "speaker": {
              "id": "2번",
              "sex": "여성",
              "age": "40대"
            },
            "speechAct": "(단언) 주장하기",
            "morpheme": "아니/VCN+에요/EF+올림픽/NNP+에서/JKB+본/VV+ETM+건/NNB+JX+어려운/VA+ETM+거/NNB+고/VCP+EC+쉬운/VA+ETM+것/NNB+도/JX+있/VA+어요/EF"
          },
          {
            "id": 10,
            "text": "2 : 우리 조카도 클라이밍 해봤는데 잘하더라구요",
            "norm_text": "우리 조카도 클라이밍 해봤는데 잘하더라구요",
            "speaker": {
              "id": "2번",
              "sex": "여성",
              "age": "40대"
            },
            "speechAct": "(단언) 주장하기",
            "morpheme": "우리/NP+조카/NNG+도/JX+클라이밍/NNG+해/XSV+EC+봤/VX+EP+는데/EC+잘/MAG+하/VV+더라구요/EC"
          },
          {
            "id": 11,
            "text": "3 : 그래요? 선수들 보니까 온몸이 근육질이던데 저도 그런 몸을 만들고 싶어요",
            "norm_text": "그래요? 선수들 보니까 온몸이 근육질이던데 저도 그런 몸을 만들고 싶어요",
            "speaker": {
              "id": "3번",
              "sex": "여성",
              "age": "10대"
            },
            "speechAct": "(단언) 주장하기",
            "morpheme": "그래요/VV+EF+선수/NNG+들/XSN+보/VV+니까/EC+온몸/NNG+이/JKS+근육질/NNG+이/JKS+던데/VV+EC+저/NP+도/JX+그런/MM+몸/NNG+을/JKO+만들/VV+고/EC+싶/VX+어요/EF"
          },
          {
            "id": 12,
            "text": "1 : 그런 몸을 만들려면 요가로 좀 힘들긴 하죠",
            "norm_text": "그런 몸을 만들려면 요가로 좀 힘들긴 하죠",
            "speaker": {
              "id": "1번",
              "sex": "여성",
              "age": "30대"
            },
            "speechAct": "(단언) 주장하기",
            "morpheme": "그런/MM+몸/NNG+을/JKO+만들/VV+려면/EC+요가/NNG+로/JKB+좀/MAG+힘들/VA+긴/ETN+JX+하/VX+죠/EF"
          },
          {
            "id": 13,
            "text": "1 : 그래도 요가 하면 마음이 차분해지고 안정돼요",
            "norm_text": "그래도 요가 하면 마음이 차분해지고 안정돼요",
            "speaker": {
              "id": "1번",
              "sex": "여성",
              "age": "30대"
            },
            "speechAct": "(단언) 주장하기",
            "morpheme": "그래도/MAJ+요가/NNG+하/XSV+면/EC+마음/NNG+이/JKS+차분/XR+해/XSA+EC+지/VX+고/EC+안정/NNG+돼요/XSV+EC"
          },
          {
            "id": 14,
            "text": "2 : 요가든 클라이밍이든 꾸준한 게 좋겠죠",
            "norm_text": "요가든 클라이밍이든 꾸준한 게 좋겠죠",
            "speaker": {
              "id": "2번",
              "sex": "여성",
              "age": "40대"
            },
            "speechAct": "(단언) 주장하기",
            "morpheme": "요/MM+가든/NNG+클라이밍/NNG+이/VCP+든/EC+꾸준/XR+한/XSA+ETM+게/NNB+JKS+좋/VA+겠/EP+죠/EF"
          },
          {
            "id": 15,
            "text": "2 : 전 뭐든 끝까지 한 적이 없어서...",
            "norm_text": "전 뭐든 끝까지 한 적이 없어서...",
            "speaker": {
              "id": "2번",
              "sex": "여성",
              "age": "40대"
            },
            "speechAct": "(단언) 주장하기",
            "morpheme": "전/MM+뭐/IC+든/VV+ETM+끝/NNG+까지/JX+한/VV+ETM+적/NNB+이/JKS+없/VA+어서/EC+./SY+./SY"
          },
          {
            "id": 16,
            "text": "3 : 산책길에 보면 열심히 운동하는 사람들도 많더라구요",
            "norm_text": "산책길에 보면 열심히 운동하는 사람들도 많더라구요",
            "speaker": {
              "id": "3번",
              "sex": "여성",
              "age": "10대"
            },
            "speechAct": "(단언) 주장하기",
            "morpheme": "산책/NNG+길/NNG+에/JKB+보/VV+면/EC+열심히/MAG+운동/NNG+하/XSV+는/ETM+사람/NNG+들/XSN+도/JX+많/VA+더라구요/EC"
          },
          {
            "id": 17,
            "text": "3 : 전 근데 그렇게 그냥 뛰는 건 심심할 것 같아요",
            "norm_text": "전 근데 그렇게 그냥 뛰는 건 심심할 것 같아요",
            "speaker": {
              "id": "3번",
              "sex": "여성",
              "age": "10대"
            },
            "speechAct": "(단언) 주장하기",
            "morpheme": "전/MM+근데/MAJ+그렇게/MAG+그냥/MAG+뛰/VV+는/ETM+건/NNB+JX+심심/XR+할/XSA+ETM+것/NNB+같/VA+아요/EC"
          },
          {
            "id": 18,
            "text": "1 : 저도 그런 것보다 사람들이랑 같이 하는 운동이 좋아요",
            "norm_text": "저도 그런 것보다 사람들이랑 같이 하는 운동이 좋아요",
            "speaker": {
              "id": "1번",
              "sex": "여성",
              "age": "30대"
            },
            "speechAct": "(단언) 주장하기",
            "morpheme": "저/NP+도/JX+그런/MM+것/NNB+보다/JKB+사람/NNG+들/XSN+이랑/JKB+같이/MAG+하/VV+는/ETM+운동/NNG+이/JKS+좋/VA+아요/EC"
          },
          {
            "id": 19,
            "text": "2 : 전 원래 운동을 별로 안 좋아하는데 아빠가 등산을 좋아해서 어릴 적에 산에 많이 갔어요",
            "norm_text": "전 원래 운동을 별로 안 좋아하는데 아빠가 등산을 좋아해서 어릴 적에 산에 많이 갔어요",
            "speaker": {
              "id": "2번",
              "sex": "여성",
              "age": "40대"
            },
            "speechAct": "(단언) 진술하기",
            "morpheme": "전/NP+JX+원래/MAG+운동/NNG+을/JKO+별로/MAG+안/MAG+좋아하/VV+는데/EC+아빠/NNG+가/JKS+등산/NNG+을/JKO+좋/VA+아/EC+해서/VV+EC+어릴/VA+ETM+적/NNB+에/JKB+산/NNG+에/JKB+많이/MAG+갔/VV+EP+어요/EF"
          },
          {
            "id": 20,
            "text": "3 : 저도 산에 가는 거 좋아해요",
            "norm_text": "저도 산에 가는 거 좋아해요",
            "speaker": {
              "id": "3번",
              "sex": "여성",
              "age": "10대"
            },
            "speechAct": "(단언) 주장하기",
            "morpheme": "저/NP+도/JX+산/NNG+에/JKB+가/VV+는/ETM+거/NNB+좋/VA+아/EC+해요/VX+EC"
          },
          {
            "id": 21,
            "text": "1 : 저도 산 좋아해요",
            "norm_text": "저도 산 좋아해요",
            "speaker": {
              "id": "1번",
              "sex": "여성",
              "age": "30대"
            },
            "speechAct": "(단언) 주장하기",
            "morpheme": "저/NP+도/JX+산/NNG+좋/VA+아/EC+해요/VX+EC"
          },
          {
            "id": 22,
            "text": "1 : 제가 제일 좋아하는 산은 설악산이에요",
            "norm_text": "제가 제일 좋아하는 산은 설악산이에요",
            "speaker": {
              "id": "1번",
              "sex": "여성",
              "age": "30대"
            },
            "speechAct": "(단언) 주장하기",
            "morpheme": "제/NP+가/JKS+제일/MAG+좋/VA+아/EC+하/VV+는/ETM+산/NNG+은/JX+설악산/NNP+이/VCP+에요/EF"
          },
          {
            "id": 23,
            "text": "2 : 전 어릴 때는 강제로 가서 산이 싫었는데 점점 산이 좋아지네요",
            "norm_text": "전 어릴 때는 강제로 가서 산이 싫었는데 점점 산이 좋아지네요",
            "speaker": {
              "id": "2번",
              "sex": "여성",
              "age": "40대"
            },
            "speechAct": "(단언) 주장하기",
            "morpheme": "전/MM+어릴/VA+ETM+때/NNG+는/JX+강제/NNG+로/JKB+가/VV+서/EC+산/NNG+이/JKS+싫/VA+었/EP+는데/EC+점점/MAG+산/NNG+이/JKS+좋/VA+아/EC+지/VX+네요/EC"
          },
          {
            "id": 24,
            "text": "3 : 우리 강아지들 데리고 같이 산에 가요!",
            "norm_text": "우리 강아지들 데리고 같이 산에 가요!",
            "speaker": {
              "id": "3번",
              "sex": "여성",
              "age": "10대"
            },
            "speechAct": "(단언) 주장하기",
            "morpheme": "우리/NP+강아지/NNG+들/XSN+데리/VV+고/EC+같이/MAG+산/NNG+에/JKB+가요/NNG"
          },
          {
            "id": 25,
            "text": "1 : 네! 10월 말에 강아지들 데리고 트래킹 하는 게 있거든요 같이 가요!",
            "norm_text": "네! 10월 말에 강아지들 데리고 트래킹 하는 게 있거든요 같이 가요!",
            "speaker": {
              "id": "1번",
              "sex": "여성",
              "age": "30대"
            },
            "speechAct": "(단언) 주장하기",
            "morpheme": "네/IC+!/SY+10/SN+월/NNBC+말/NNG+에/JKB+강아지/NNG+들/XSN+데리/VV+고/EC+트래킹/NNG+하/XSV+는/ETM+게/NNB+JKS+있/VA+거든요/EF+같이/MAG+가요/NNG"
          },
          {
            "id": 26,
            "text": "2 : 어머! 진짜 좋을 것 같아요!",
            "norm_text": "어머! 진짜 좋을 것 같아요!",
            "speaker": {
              "id": "2번",
              "sex": "여성",
              "age": "40대"
            },
            "speechAct": "(단언) 주장하기",
            "morpheme": "어머/IC+진짜/MAG+좋/VA+을/ETM+것/NNB+같/VA+아요/EF"
          },
          {
            "id": 27,
            "text": "2 : 뒷산은 밤 껍질이 너무 많이 떨어져서 강아지 데리고 가기가 좀 그렇거든요",
            "norm_text": "뒷산은 밤 껍질이 너무 많이 떨어져서 강아지 데리고 가기가 좀 그렇거든요",
            "speaker": {
              "id": "2번",
              "sex": "여성",
              "age": "40대"
            },
            "speechAct": "(단언) 주장하기",
            "morpheme": "뒷산/NNG+은/JX+밤껍질/NNG+이/JKS+너무/MAG+많이/MAG+떨어져서/VV+EC+강아지/NNG+데리/VV+고/EC+가/VX+기/ETN+가/JKS+좀/MAG+그렇/VA+거든요/EF"
          },
          {
            "id": 28,
            "text": "3 : 그때 산 하나를 통째로 빌렸대요!",
            "norm_text": "그때 산 하나를 통째로 빌렸대요!",
            "speaker": {
              "id": "3번",
              "sex": "여성",
              "age": "10대"
            },
            "speechAct": "(단언) 주장하기",
            "morpheme": "그때/NNG+산/NNG+하나/NR+를/JKO+통째/NNG+로/JKB+빌렸/VV+EP+대요/EF"
          },
          {
            "id": 29,
            "text": "1 : 두 코스가 있는데 하나는 긴 코스고 하나는 짧은 코스예요",
            "norm_text": "두 코스가 있는데 하나는 긴 코스고 하나는 짧은 코스예요",
            "speaker": {
              "id": "1번",
              "sex": "여성",
              "age": "30대"
            },
            "speechAct": "(단언) 주장하기",
            "morpheme": "두/MM+코스/NNG+가/JKS+있/VA+는데/EC+하나/NR+는/JX+긴/VA+ETM+코스/NNG+고/VCP+EC+하나/NR+는/JX+짧/VA+은/ETM+코스/NNG+예요/VCP+EF"
          },
          {
            "id": 30,
            "text": "2 : 강아지들이 아직 어리니까 우리는 짧은 코스로 할까요?",
            "norm_text": "강아지들이 아직 어리니까 우리는 짧은 코스로 할까요?",
            "speaker": {
              "id": "2번",
              "sex": "여성",
              "age": "40대"
            },
            "speechAct": "(지시) 질문하기",
            "morpheme": "강아지/NNG+들/XSN+이/JKS+아직/MAG+어리/VA+니까/EC+우리/NP+는/JX+짧/VA+은/ETM+코스/NNG+로/JKB+할까요/VV+EF"
          },
          {
            "id": 31,
            "text": "3 : 좋아요! 긴 코스면 제가 좀 힘들 것 같아서 짧은 코스가 좋겠어요",
            "norm_text": "좋아요! 긴 코스면 제가 좀 힘들 것 같아서 짧은 코스가 좋겠어요",
            "speaker": {
              "id": "3번",
              "sex": "여성",
              "age": "10대"
            },
            "speechAct": "(단언) 주장하기",
            "morpheme": "좋/VA+아요/EF+긴/VA+ETM+코스/NNG+면제/NNG+가/JKS+좀/MAG+힘들/VA+ETM+것/NNB+같/VA+아서/EC+짧/VA+은/ETM+코스/NNG+가/JKS+좋/VA+겠/EP+어요/EF"
          }
        ]
      }
    }
  ]
}