{
  "dataset": {
    "identifier": 63655,
    "name": "KAKAO_907_15_set",
    "src_path": "/data/file/cubeManager/PROJECT001/53/txt20211005154856075948/KAKAO_907_15_set/",
    "label_path": "/data/file/cubeManager/PROJECT001/53/txt20211005154856075948/KAKAO_907_15_set/",
    "category": 2,
    "type": 0
  },
  "licenses": {
    "name": "Apache License 1.0",
    "url": "http://www.apache.org/licenses/LICENSE-1.0"
  },
  "info": [
    {
      "id": 41732,
      "filename": "KAKAO_907_15.txt",
      "title": "KAKAO_907_15",
      "mediatype": "SNS",
      "medianame": "카카오톡",
      "category": "일상대화",
      "date": "2021-10-05",
      "size": 622,
      "annotations": {
        "subject": "타 국가 이슈",
        "speaker_type": "1:1",
        "size": 622,
        "word_size": 199,
        "text": "1 : 야 나 과제로 해외의 재밌는 이슈? 발표해야 하는데 혹시 재밌는 거 아냐?\n2 : 나 싱가포르 교환학생 갔을 때 가장 충격 먹었던 거 이런 거 알려줘?\n1 : 응응 뭐 있었어 알려주면 진짜 감사 ㅜㅜ\n2 : 일단 거기 벌금이 개빡세\n2 : 바닥에 침 뱉으면 몇 십만 원 이렇게 벌금 매김\n1 : 와씨 키키 규칙과 규율의 나라라는 건 알았는데 역시 빡세군\n2 : 그거 말고 뭐 담배도 한국의 3~4배 가격이고 술도 몇 시 이후론 판매도 안 해\n1 : 와 근데 다양성의 나라인데 굳이 그렇게 하는 이유가 있대?\n2 : 이건 싱가포르 친구한테 들은 이야긴데 카더라로 들어줘\n1 : ㅇㅋㅇㅋ 그럼 발표에서도 이런 썰이 있습니다~라고 할게\n2 : 다양한 인종이 섞이다 보니까 그들을 통제 할려고 강한 규율을 도입한 거래\n1 : 와 근데 진짜 그럴듯하다.\n1 : 오히려 문화도 다르고 하면 갈등이 많을 테니까?\n2 : 응응 그게 핵심인 듯?\n2 : 그거 듣고 나도 아하! 했음\n1 : 신기하다... 거긴 그럼 이슬람, 불교, 기독교 이런 거도 다 섞여있지?\n2 : 응응 진짜로 어디는 아랍 문화권으로 도배 된 곳도 있음\n1 : 아시아의 미국이네? 키키\n1 : 나도 담에 싱가포르 가보고 싶다!\n2 : 갈 거면 말만 해\n2 : 내가 추천 다 해줄게 하하",
        "lines": [
          {
            "id": 1,
            "text": "1 : 야 나 과제로 해외의 재밌는 이슈? 발표해야 하는데 혹시 재밌는 거 아냐?",
            "norm_text": "야 나 과제로 해외의 재밌는 이슈? 발표해야 하는데 혹시 재밌는 거 아냐?",
            "speaker": {
              "id": "1번",
              "sex": "여성",
              "age": "20대"
            },
            "speechAct": "(단언) 주장하기",
            "morpheme": "야/IC+나/NP+과제/NNG+로/JKB+해외/NNG+의/JKG+재밌/VA+는/ETM+이슈/NNG+?/SY+발표/NNG+해야/XSV+EC+하/VV+는데/EC+혹시/MAG+재밌/VA+는/ETM+거/NNB+아냐/VCN+EF"
          },
          {
            "id": 2,
            "text": "2 : 나 싱가포르 교환학생 갔을 때 가장 충격 먹었던 거 이런 거 알려줘?",
            "norm_text": "나 싱가포르 교환학생 갔을 때 가장 충격 먹었던 거 이런 거 알려줘?",
            "speaker": {
              "id": "2번",
              "sex": "여성",
              "age": "20대"
            },
            "speechAct": "(지시) 질문하기",
            "morpheme": "나/NP+싱가포르/NNP+교환/NNG+학생/NNG+갔/VV+EP+을/ETM+때/NNG+가장/MAG+충격/NNG+먹/VV+었/EP+던/ETM+거/NNB+이런/MM+거/NNB+알려/VV+EC+줘/VX+EF"
          },
          {
            "id": 3,
            "text": "1 : 응응 뭐 있었어 알려주면 진짜 감사 ㅜㅜ",
            "norm_text": "응응 뭐 있었어 알려주면 진짜 감사 ㅜㅜ",
            "speaker": {
              "id": "1번",
              "sex": "여성",
              "age": "20대"
            },
            "speechAct": "(단언) 주장하기",
            "morpheme": "응/IC+응/IC+뭐/IC+있/VA+었/EP+어/EC+알려/VV+EC+주/VX+면/EC+진짜/MAG+감사/NNG+ㅜㅜ/UNKNOWN"
          },
          {
            "id": 4,
            "text": "2 : 일단 거기 벌금이 개빡세",
            "norm_text": "일단 거기 벌금이 개빡세",
            "speaker": {
              "id": "2번",
              "sex": "여성",
              "age": "20대"
            },
            "speechAct": "(단언) 주장하기",
            "morpheme": "일단/MAG+거기/NP+벌금/NNG+이/NR+개/NNBC+빡세/VA+EC"
          },
          {
            "id": 5,
            "text": "2 : 바닥에 침 뱉으면 몇 십만 원 이렇게 벌금 매김",
            "norm_text": "바닥에 침 뱉으면 몇 십만 원 이렇게 벌금 매김",
            "speaker": {
              "id": "2번",
              "sex": "여성",
              "age": "20대"
            },
            "speechAct": "(단언) 주장하기",
            "morpheme": "바닥/NNG+에/JKB+침뱉/VV+으면/EC+몇/MM+십/NR+만/NR+원/NNBC+이렇게/MAG+벌금/NNG+매김/VV+ETN"
          },
          {
            "id": 6,
            "text": "1 : 와씨 키키 규칙과 규율의 나라라는 건 알았는데 역시 빡세군",
            "norm_text": "와씨 키키 규칙과 규율의 나라라는 건 알았는데 역시 빡세군",
            "speaker": {
              "id": "1번",
              "sex": "여성",
              "age": "20대"
            },
            "speechAct": "(단언) 주장하기",
            "morpheme": "와/IC+씨/IC+키/NNG+키/NNG+규칙/NNG+과/JC+규율/NNG+의/JKG+나라/NNG+라는/VCP+ETM+건/NNB+JX+알/VV+았/EP+는데/EC+역시/MAJ+빡/MAG+세군/NNG"
          },
          {
            "id": 7,
            "text": "2 : 그거 말고 뭐 담배도 한국의 3~4배 가격이고 술도 몇 시 이후론 판매도 안 해",
            "norm_text": "그거 말고 뭐 담배도 한국의 3~4배 가격이고 술도 몇 시 이후론 판매도 안 해",
            "speaker": {
              "id": "2번",
              "sex": "여성",
              "age": "20대"
            },
            "speechAct": "(단언) 주장하기",
            "morpheme": "그거/NP+말/VV+고/EC+뭐/IC+담배/NNG+도/JX+한국/NNP+의/JKG+3/SN+~/SY+4/SN+배/NNG+가격/NNG+이/VCP+고/EC+술/NNG+도/JX+몇/MM+시/NNBC+이후/NNG+론/XSN+판매/NNG+도/JX+안/MAG+해/VV+EC"
          },
          {
            "id": 8,
            "text": "1 : 와 근데 다양성의 나라인데 굳이 그렇게 하는 이유가 있대?",
            "norm_text": "와 근데 다양성의 나라인데 굳이 그렇게 하는 이유가 있대?",
            "speaker": {
              "id": "1번",
              "sex": "여성",
              "age": "20대"
            },
            "speechAct": "(단언) 주장하기",
            "morpheme": "와/IC+근데/MAJ+다양/NNG+성/XSN+의/JKG+나라/NNG+인데/VCP+EC+굳이/MAG+그렇게/MAG+하/VV+는/ETM+이유/NNG+가/JKS+있/VA+대/EF"
          },
          {
            "id": 9,
            "text": "2 : 이건 싱가포르 친구한테 들은 이야긴데 카더라로 들어줘",
            "norm_text": "이건 싱가포르 친구한테 들은 이야긴데 카더라로 들어줘",
            "speaker": {
              "id": "2번",
              "sex": "여성",
              "age": "20대"
            },
            "speechAct": "(단언) 주장하기",
            "morpheme": "이건/NP+JX+싱가포르/NNP+친구/NNG+한테/JKB+들/VV+은/ETM+이야긴데/NNG+VCP+EC+카더라/NNP+로/JKB+들/VV+어/EC+줘/VX+EC"
          },
          {
            "id": 10,
            "text": "1 : ㅇㅋㅇㅋ 그럼 발표에서도 이런 썰이 있습니다~라고 할게",
            "norm_text": "ㅇㅋㅇㅋ 그럼 발표에서도 이런 썰이 있습니다~라고 할게",
            "speaker": {
              "id": "1번",
              "sex": "여성",
              "age": "20대"
            },
            "speechAct": "(단언) 주장하기",
            "morpheme": "ㅇㅋ/UNKNOWN+ㅇㅋ/UNKNOWN+그럼/MAJ+발표/NNG+에서/JKB+도/JX+이런/MM+썰/VV+ETM+이/MM+있/VA+습니다/EF+~/SY+라고/JKQ+할/VV+ETM+게/NNB+JKS"
          },
          {
            "id": 11,
            "text": "2 : 다양한 인종이 섞이다 보니까 그들을 통제 할려고 강한 규율을 도입한 거래",
            "norm_text": "다양한 인종이 섞이다 보니까 그들을 통제 할려고 강한 규율을 도입한 거래",
            "speaker": {
              "id": "2번",
              "sex": "여성",
              "age": "20대"
            },
            "speechAct": "(단언) 주장하기",
            "morpheme": "다양/XR+한/XSA+ETM+인종/NNG+이/JKS+섞이/VV+다/EC+보/VX+니까/EC+그/NP+들/XSN+을/JKO+통제/NNG+할려고/XSV+EC+강한/VA+ETM+규율/NNG+을/JKO+도입/NNG+한/XSA+ETM+거래/NNG"
          },
          {
            "id": 12,
            "text": "1 : 와 근데 진짜 그럴듯하다.",
            "norm_text": "와 근데 진짜 그럴듯하다.",
            "speaker": {
              "id": "1번",
              "sex": "여성",
              "age": "20대"
            },
            "speechAct": "(단언) 주장하기",
            "morpheme": "와/IC+근데/MAJ+진짜/MAG+그럴/VA+ETM+듯/NNB+하/XSA+다/EF"
          },
          {
            "id": 13,
            "text": "1 : 오히려 문화도 다르고 하면 갈등이 많을 테니까?",
            "norm_text": "오히려 문화도 다르고 하면 갈등이 많을 테니까?",
            "speaker": {
              "id": "1번",
              "sex": "여성",
              "age": "20대"
            },
            "speechAct": "(지시) 질문하기",
            "morpheme": "오히려/MAJ+문화/NNG+도/JX+다르/VA+고/EC+하/VV+면/EC+갈등/NNG+이/JKS+많/VA+을/ETM+테/NNB+VCP+니까/EF"
          },
          {
            "id": 14,
            "text": "2 : 응응 그게 핵심인 듯?",
            "norm_text": "응응 그게 핵심인 듯?",
            "speaker": {
              "id": "2번",
              "sex": "여성",
              "age": "20대"
            },
            "speechAct": "(단언) 주장하기",
            "morpheme": "응/IC+응/IC+그게/NP+JKS+핵심/NNG+인듯/VCP+EF"
          },
          {
            "id": 15,
            "text": "2 : 그거 듣고 나도 아하! 했음",
            "norm_text": "그거 듣고 나도 아하! 했음",
            "speaker": {
              "id": "2번",
              "sex": "여성",
              "age": "20대"
            },
            "speechAct": "(단언) 주장하기",
            "morpheme": "그거/NP+듣/VV+고/EC+나/NP+도/JX+아하/IC+했/VV+EP+음/ETN"
          },
          {
            "id": 16,
            "text": "1 : 신기하다... 거긴 그럼 이슬람, 불교, 기독교 이런 거도 다 섞여있지?",
            "norm_text": "신기하다... 거긴 그럼 이슬람, 불교, 기독교 이런 거도 다 섞여있지?",
            "speaker": {
              "id": "1번",
              "sex": "여성",
              "age": "20대"
            },
            "speechAct": "(지시) 질문하기",
            "morpheme": "신기/XR+하/XSA+다/EF+./SY+거긴/NP+JX+그럼/MAJ+이슬람/NNP+,/SC+불교/NNG+,/SC+기독교/NNG+이런/MM+거/NNB+도/JX+다/MAG+섞여/VV+EC+있/VX+지/EF"
          },
          {
            "id": 17,
            "text": "2 : 응응 진짜로 어디는 아랍 문화권으로 도배 된 곳도 있음",
            "norm_text": "응응 진짜로 어디는 아랍 문화권으로 도배 된 곳도 있음",
            "speaker": {
              "id": "2번",
              "sex": "여성",
              "age": "20대"
            },
            "speechAct": "(단언) 주장하기",
            "morpheme": "응/IC+응/IC+진짜로/MAG+어디/NP+는/JX+아랍/NNP+문화/NNG+권/XSN+으로/JKB+도배/NNG+된/XSV+ETM+곳/NNG+도/JX+있/VX+음/ETN"
          },
          {
            "id": 18,
            "text": "1 : 아시아의 미국이네? 키키",
            "norm_text": "아시아의 미국이네? 키키",
            "speaker": {
              "id": "1번",
              "sex": "여성",
              "age": "20대"
            },
            "speechAct": "(단언) 주장하기",
            "morpheme": "아시아/NNP+의/JKG+미국/NNP+이/VCP+네/EF+키/NNG+키/XSV+ETN"
          },
          {
            "id": 19,
            "text": "1 : 나도 담에 싱가포르 가보고 싶다!",
            "norm_text": "나도 담에 싱가포르 가보고 싶다!",
            "speaker": {
              "id": "1번",
              "sex": "여성",
              "age": "20대"
            },
            "speechAct": "(단언) 주장하기",
            "morpheme": "나/NP+도/JX+담/NNG+에/JKB+싱가포르/NNP+가/JKS+보/VV+고/EC+싶/VX+다/EF"
          },
          {
            "id": 20,
            "text": "2 : 갈 거면 말만 해",
            "norm_text": "갈 거면 말만 해",
            "speaker": {
              "id": "2번",
              "sex": "여성",
              "age": "20대"
            },
            "speechAct": "N/A",
            "morpheme": "갈/VV+ETM+거/NNB+면/VCP+EC+말/NNG+만/JX+해/VV+EC"
          },
          {
            "id": 21,
            "text": "2 : 내가 추천 다 해줄게 하하",
            "norm_text": "내가 추천 다 해줄게 하하",
            "speaker": {
              "id": "2번",
              "sex": "여성",
              "age": "20대"
            },
            "speechAct": "(단언) 주장하기",
            "morpheme": "내/NP+가/JKS+추천/NNG+다/MAG+해/VV+EC+줄/VX+ETM+게/NNB+JKS+하하/MAG"
          }
        ]
      }
    }
  ]
}