{
  "dataset": {
    "identifier": 63883,
    "name": "KAKAO_900_10_set",
    "src_path": "/data/file/cubeManager/PROJECT001/53/txt202110051534230112110/KAKAO_900_10_set/",
    "label_path": "/data/file/cubeManager/PROJECT001/53/txt202110051534230112110/KAKAO_900_10_set/",
    "category": 2,
    "type": 0
  },
  "licenses": {
    "name": "Apache License 1.0",
    "url": "http://www.apache.org/licenses/LICENSE-1.0"
  },
  "info": [
    {
      "id": 41467,
      "filename": "KAKAO_900_10.txt",
      "title": "KAKAO_900_10",
      "mediatype": "SNS",
      "medianame": "카카오톡",
      "category": "일상대화",
      "date": "2021-10-05",
      "size": 482,
      "annotations": {
        "subject": "스포츠/레저",
        "speaker_type": "1:1",
        "size": 482,
        "word_size": 151,
        "text": "1 : 운동은 뭐 좋아하는 거 있어? 키키\n2 : 키키 좋아하는 운동이 생겼으면 좋겠어 넌?\n1 : 키키 난 축구 좋아하는데 코로나 때문에 못하네 키키\n2 : 아 키키 진짜 많이 아쉽겠다 뛰다니면서 스트레스 푸는 건데\n1 : 그러니까 키키 그런데 또 축구는 사람 부딪치면서 하니까\n2 : 축구 하거든 조심해서 해 우리 아빠도 축구 좋아하시는데 하시다가 인대 끊어짐\n1 : 아 헐 ㅜㅜ 진짜 위험하긴 하다 아버님은 괜찮으셔?\n2 : 인대 끊어지면 진~짜 아프다더라 지금은 괜찮으셔\n1 : 헐 ㅜㅜ 진짜 안 그렇겠나 조심해야지 위험한 운동이야\n2 : 그러니까 키키 다치는 건 한 순간이니까\n1 : 맞아 ㅜㅜ 그래도 난 운동 신경이 좋아서 안 그러지 키키\n2 : 너도 몸 조심하면서 운동해 주위 잘 살피면서 키키\n1 : 옹 키키 내가 다 물리친다 키키\n2 : 키키 아직 체력 쌩쌩한데?\n1 : 당연하지 키키 다 뚫고 지나간다 키키\n2 : 키키 빨리 코시국 나아져서 좋아하는 축구 다시 하길 바라",
        "lines": [
          {
            "id": 1,
            "text": "1 : 운동은 뭐 좋아하는 거 있어? 키키",
            "norm_text": "운동은 뭐 좋아하는 거 있어? 키키",
            "speaker": {
              "id": "1번",
              "sex": "남성",
              "age": "20대"
            },
            "speechAct": "(지시) 질문하기",
            "morpheme": "운동/NNG+은/JX+뭐/IC+좋/VA+아/EC+하/VV+는/ETM+거/NNB+있/VA+어/EF+키/NNG+키/XSV+ETN"
          },
          {
            "id": 2,
            "text": "2 : 키키 좋아하는 운동이 생겼으면 좋겠어 넌?",
            "norm_text": "키키 좋아하는 운동이 생겼으면 좋겠어 넌?",
            "speaker": {
              "id": "2번",
              "sex": "여성",
              "age": "20대"
            },
            "speechAct": "(지시) 질문하기",
            "morpheme": "키/NNG+키/XSV+ETN+좋/VA+아/EC+하/VV+는/ETM+운동/NNG+이/JKS+생겼/VV+EP+으면/EC+좋/VA+겠/EP+어/EF+넌/NP+JX"
          },
          {
            "id": 3,
            "text": "1 : 키키 난 축구 좋아하는데 코로나 때문에 못하네 키키",
            "norm_text": "키키 난 축구 좋아하는데 코로나 때문에 못하네 키키",
            "speaker": {
              "id": "1번",
              "sex": "남성",
              "age": "20대"
            },
            "speechAct": "(단언) 진술하기",
            "morpheme": "키/NNG+키/XSV+ETN+난/VV+ETM+축구/NNG+좋/VA+아/EC+하/VV+는데/EC+코로나/NNG+때문/NNB+에/JKB+못/MAG+하/VV+네/EF+키/NNG+키/XSV+ETN"
          },
          {
            "id": 4,
            "text": "2 : 아 키키 진짜 많이 아쉽겠다 뛰다니면서 스트레스 푸는 건데",
            "norm_text": "아 키키 진짜 많이 아쉽겠다 뛰다니면서 스트레스 푸는 건데",
            "speaker": {
              "id": "2번",
              "sex": "여성",
              "age": "20대"
            },
            "speechAct": "(단언) 진술하기",
            "morpheme": "아키/NNP+키/NNG+진짜/MAG+많이/MAG+아쉽/VA+겠/EP+다/EC+뛰다니/VV+면서/EC+스트레스/NNG+푸/VV+는/ETM+건데/NNB+VCP+EC"
          },
          {
            "id": 5,
            "text": "1 : 그러니까 키키 그런데 또 축구는 사람 부딪치면서 하니까",
            "norm_text": "그러니까 키키 그런데 또 축구는 사람 부딪치면서 하니까",
            "speaker": {
              "id": "1번",
              "sex": "남성",
              "age": "20대"
            },
            "speechAct": "(단언) 진술하기",
            "morpheme": "그러니까/MAJ+키/NNG+키/XSV+ETN+그런데/MAJ+또/MAG+축구/NNG+는/JX+사람/NNG+부딪치/VV+면서/EC+하/VV+니까/EC"
          },
          {
            "id": 6,
            "text": "2 : 축구 하거든 조심해서 해 우리 아빠도 축구 좋아하시는데 하시다가 인대 끊어짐",
            "norm_text": "축구 하거든 조심해서 해 우리 아빠도 축구 좋아하시는데 하시다가 인대 끊어짐",
            "speaker": {
              "id": "2번",
              "sex": "여성",
              "age": "20대"
            },
            "speechAct": "(단언) 진술하기",
            "morpheme": "축구/NNG+하/XSV+거든/EC+조심/NNG+해서/XSV+EC+해/VV+EC+우리/NP+아빠/NNG+도/JX+축구/NNG+좋/VA+아/EC+하/VX+시/EP+는/ETM+데/NNB+하/VV+시/EP+다가/EC+인대/NNG+끊어짐/VV+ETN"
          },
          {
            "id": 7,
            "text": "1 : 아 헐 ㅜㅜ 진짜 위험하긴 하다 아버님은 괜찮으셔?",
            "norm_text": "아 헐 ㅜㅜ 진짜 위험하긴 하다 아버님은 괜찮으셔?",
            "speaker": {
              "id": "1번",
              "sex": "남성",
              "age": "20대"
            },
            "speechAct": "(지시) 질문하기",
            "morpheme": "아/IC+헐/VV+JKO+ㅜㅜ/UNKNOWN+진짜/MAG+위험/NNG+하/XSV+긴/ETN+JX+하/VX+다/EC+아버님/NNG+은/JX+괜찮/VA+으셔/EP+EP+EF"
          },
          {
            "id": 8,
            "text": "2 : 인대 끊어지면 진~짜 아프다더라 지금은 괜찮으셔",
            "norm_text": "인대 끊어지면 진~짜 아프다더라 지금은 괜찮으셔",
            "speaker": {
              "id": "2번",
              "sex": "여성",
              "age": "20대"
            },
            "speechAct": "(단언) 진술하기",
            "morpheme": "인대/NNG+끊/VV+어/EC+지/VX+면/EC+진/VX+ETM+~/SY+짜/VV+EC+아프/VA+다더라/EC+지금/MAG+은/JX+괜찮/VA+으셔/EP+EC"
          },
          {
            "id": 9,
            "text": "1 : 헐 ㅜㅜ 진짜 안 그렇겠나 조심해야지 위험한 운동이야",
            "norm_text": "헐 ㅜㅜ 진짜 안 그렇겠나 조심해야지 위험한 운동이야",
            "speaker": {
              "id": "1번",
              "sex": "남성",
              "age": "20대"
            },
            "speechAct": "(단언) 진술하기",
            "morpheme": "헐/VV+JKO+ㅜㅜ/UNKNOWN+진짜/MAG+안/MAG+그렇/VA+겠/EP+나/EC+조심/NNG+해야지/XSV+EC+위험/NNG+한/XSA+ETM+운동/NNG+이/VCP+야/EC"
          },
          {
            "id": 10,
            "text": "2 : 그러니까 키키 다치는 건 한 순간이니까",
            "norm_text": "그러니까 키키 다치는 건 한 순간이니까",
            "speaker": {
              "id": "2번",
              "sex": "여성",
              "age": "20대"
            },
            "speechAct": "(단언) 진술하기",
            "morpheme": "그러니까/MAJ+키/NNG+키/XSV+ETN+다치/VV+는/ETM+건/NNB+JX+한/MM+순간/NNG+이/VCP+니까/EC"
          },
          {
            "id": 11,
            "text": "1 : 맞아 ㅜㅜ 그래도 난 운동 신경이 좋아서 안 그러지 키키",
            "norm_text": "맞아 ㅜㅜ 그래도 난 운동 신경이 좋아서 안 그러지 키키",
            "speaker": {
              "id": "1번",
              "sex": "남성",
              "age": "20대"
            },
            "speechAct": "(단언) 진술하기",
            "morpheme": "맞/VV+아/EC+ㅜㅜ/UNKNOWN+그래도/VV+EC+난/VX+ETM+운동/NNG+신경/NNG+이/JKS+좋/VA+아서/EC+안/MAG+그러/VV+지/EC+키/NNG+키/XSV+ETN"
          },
          {
            "id": 12,
            "text": "2 : 너도 몸 조심하면서 운동해 주위 잘 살피면서 키키",
            "norm_text": "너도 몸 조심하면서 운동해 주위 잘 살피면서 키키",
            "speaker": {
              "id": "2번",
              "sex": "여성",
              "age": "20대"
            },
            "speechAct": "(단언) 주장하기",
            "morpheme": "너/NP+도/JX+몸조심/NNG+하/XSV+면서/EC+운동/NNG+해/XSV+EC+주위/NNG+잘/MAG+살피/VV+면서/EC+키/NNG+키/XSV+ETN"
          },
          {
            "id": 13,
            "text": "1 : 옹 키키 내가 다 물리친다 키키",
            "norm_text": "옹 키키 내가 다 물리친다 키키",
            "speaker": {
              "id": "1번",
              "sex": "남성",
              "age": "20대"
            },
            "speechAct": "(단언) 진술하기",
            "morpheme": "옹/NNG+키/NNG+키/XSV+ETN+내/NP+가/JKS+다/MAG+물리친/VV+ETM+다키키/NNP"
          },
          {
            "id": 14,
            "text": "2 : 키키 아직 체력 쌩쌩한데?",
            "norm_text": "키키 아직 체력 쌩쌩한데?",
            "speaker": {
              "id": "2번",
              "sex": "여성",
              "age": "20대"
            },
            "speechAct": "(단언) 주장하기",
            "morpheme": "키/NNG+키/NNG+아직/MAG+체력/NNG+쌩쌩/XR+한데/XSA+EF"
          },
          {
            "id": 15,
            "text": "1 : 당연하지 키키 다 뚫고 지나간다 키키",
            "norm_text": "당연하지 키키 다 뚫고 지나간다 키키",
            "speaker": {
              "id": "1번",
              "sex": "남성",
              "age": "20대"
            },
            "speechAct": "(단언) 주장하기",
            "morpheme": "당연/XR+하/XSA+지/EC+키/NNG+키/VV+다/EC+뚫/VV+고/EC+지나간/VV+ETM+다키키/NNP"
          },
          {
            "id": 16,
            "text": "2 : 키키 빨리 코시국 나아져서 좋아하는 축구 다시 하길 바라",
            "norm_text": "키키 빨리 코시국 나아져서 좋아하는 축구 다시 하길 바라",
            "speaker": {
              "id": "2번",
              "sex": "여성",
              "age": "20대"
            },
            "speechAct": "(단언) 주장하기",
            "morpheme": "키/NNG+키/XSV+ETN+빨리/MAG+코/NNG+시국/NNG+나/VV+아/EC+져서/VX+EC+좋/VA+아/EC+하/VV+는/ETM+축구/NNG+다시/MAG+하/VV+길/ETN+JKO+바라/VV+EC"
          }
        ]
      }
    }
  ]
}