{
  "dataset": {
    "identifier": 44495,
    "name": "KAKAO_910_02_set",
    "src_path": "/data/file/cubeManager/PROJECT001/53/txt20211005154828065414/KAKAO_910_02_set/",
    "label_path": "/data/file/cubeManager/PROJECT001/53/txt20211005154828065414/KAKAO_910_02_set/",
    "category": 2,
    "type": 0
  },
  "licenses": {
    "name": "Apache License 1.0",
    "url": "http://www.apache.org/licenses/LICENSE-1.0"
  },
  "info": [
    {
      "id": 41679,
      "filename": "KAKAO_910_02.txt",
      "title": "KAKAO_910_02",
      "mediatype": "SNS",
      "medianame": "카카오톡",
      "category": "일상대화",
      "date": "2021-10-05",
      "size": 814,
      "annotations": {
        "subject": "주거와 생활",
        "speaker_type": "다자간 대화",
        "size": 814,
        "word_size": 255,
        "text": "1 : 언니 강원도에 전원주택 마련하셨다면서요?\n2 : 네 지방은 집값이 싸서 서울에 있는 집 팔면 여러 채 살 수 있어요\n3 : 어머 진짜 서울 집값은 말도 안 되게 비싸다니까요\n1 : 전원주택 있으면 주말마다 놀러 갈 수 있어서 좋겠어요\n2 : 그렇긴 한데 주말에는 교통 체증 때문에 오고 가는 길이 좀 막혀요\n3 : 그래도 그런 주택 하나 있으면 언제든 가서 쉴 수 있잖아요\n1 : 저도 강아지 데리고 펜션에 자주 놀러 다녀요!\n2 : 저도 펜션 구해서 한 달 살기 해봤는데 정말 좋았어요\n3 : 우리 가족도 펜션 있으니까 두 분 놀러 오세요!\n1 : 그래도 우리 동네는 산이 있어서 좋아요\n2 : 맞아요! 서울에 가까우면서도 시골 느낌 나요\n3 : 저희 이번에 바로 옆에 분양하는 아파트 계약했어요\n1 : 어머 정말요? 공사하는 거 보니까 굉장히 럭셔리하던데요\n2 : 맞아요 분양 받기가 진짜 힘들다고 하던데 운이 좋으셨네요 축하해요!\n3 : 이사 가면 집들이 할 테니 놀러 오세요\n1 : 몇 층 분양 받았어요?\n1 : 아래층은 해가 잘 안 들어서 좀 어둡다던데\n2 : 그런데 아래층 좋아하는 사람도 있어요 밖에 있는 화단을 자기 정원처럼 쓸 수 있어서요\n3 : 우리는 운 좋게 로얄층 분양 받았어요!\n1 : 축하해요! 그럼 산이 훤히 내려다 보여서 정말 좋죠!\n2 : 우리는 분양 받고 왔을 때 인테리어도 싹 다 했어요\n3 : 우리가 분양 받는 아파트는 손댈 데가 없이 다 잘해놨더라구요\n1 : 요새는 집들을 진짜 예쁘게 잘 만들었어요.\n1 : 구조도 옛날 아파트랑 달라요\n2 : 맞아요 우리 집은 오래돼서 싹 다 고치고 싶어요\n3 : 입주한 지 20년 되셨으니 정말 좀 손댈 때도 됐겠네요",
        "lines": [
          {
            "id": 1,
            "text": "1 : 언니 강원도에 전원주택 마련하셨다면서요?",
            "norm_text": "언니 강원도에 전원주택 마련하셨다면서요?",
            "speaker": {
              "id": "1번",
              "sex": "여성",
              "age": "30대"
            },
            "speechAct": "(지시) 질문하기",
            "morpheme": "언니/NNG+강원도/NNP+에/JKB+전원주택/NNG+마련/NNG+하/XSV+셨/EP+EP+다면서요/EF"
          },
          {
            "id": 2,
            "text": "2 : 네 지방은 집값이 싸서 서울에 있는 집 팔면 여러 채 살 수 있어요",
            "norm_text": "네 지방은 집값이 싸서 서울에 있는 집 팔면 여러 채 살 수 있어요",
            "speaker": {
              "id": "2번",
              "sex": "여성",
              "age": "40대"
            },
            "speechAct": "(단언) 주장하기",
            "morpheme": "네/IC+지방/NNG+은/JX+집값/NNG+이/JKS+싸/VA+서/EC+서울/NNP+에/JKB+있/VV+는/ETM+집/NNG+팔/VV+면/EC+여러/MM+채/NNBC+살/VV+ETM+수/NNB+있/VV+어요/EF"
          },
          {
            "id": 3,
            "text": "3 : 어머 진짜 서울 집값은 말도 안 되게 비싸다니까요",
            "norm_text": "어머 진짜 서울 집값은 말도 안 되게 비싸다니까요",
            "speaker": {
              "id": "3번",
              "sex": "여성",
              "age": "10대"
            },
            "speechAct": "(단언) 주장하기",
            "morpheme": "어머/IC+진짜/MAG+서울/NNP+집값/NNG+은/JX+말/NNG+도/JX+안/MAG+되게/MAG+비싸/VA+다니까요/EC"
          },
          {
            "id": 4,
            "text": "1 : 전원주택 있으면 주말마다 놀러 갈 수 있어서 좋겠어요",
            "norm_text": "전원주택 있으면 주말마다 놀러 갈 수 있어서 좋겠어요",
            "speaker": {
              "id": "1번",
              "sex": "여성",
              "age": "30대"
            },
            "speechAct": "(단언) 주장하기",
            "morpheme": "전원주택/NNG+있/VV+으면/EC+주말/NNG+마다/JX+놀/VV+러/EC+갈/VX+ETM+수/NNB+있/VV+어서/EC+좋/VA+겠/EP+어요/EF"
          },
          {
            "id": 5,
            "text": "2 : 그렇긴 한데 주말에는 교통 체증 때문에 오고 가는 길이 좀 막혀요",
            "norm_text": "그렇긴 한데 주말에는 교통 체증 때문에 오고 가는 길이 좀 막혀요",
            "speaker": {
              "id": "2번",
              "sex": "여성",
              "age": "40대"
            },
            "speechAct": "(단언) 주장하기",
            "morpheme": "그렇/VA+긴/ETN+JX+한데/VX+EC+주말/NNG+에/JKB+는/JX+교통/NNG+체증/NNG+때문/NNB+에/JKB+오/VV+고/EC+가/VX+는/ETM+길/NNG+이/JKS+좀/MAG+막혀요/VV+EF"
          },
          {
            "id": 6,
            "text": "3 : 그래도 그런 주택 하나 있으면 언제든 가서 쉴 수 있잖아요",
            "norm_text": "그래도 그런 주택 하나 있으면 언제든 가서 쉴 수 있잖아요",
            "speaker": {
              "id": "3번",
              "sex": "여성",
              "age": "10대"
            },
            "speechAct": "(단언) 주장하기",
            "morpheme": "그래도/MAJ+그런/MM+주택/NNG+하/XSV+나/EC+있/VX+으면/EC+언제/NP+든/VCP+EC+가/VX+서/EC+쉴/VV+ETM+수/NNB+있/VV+잖아요/EC"
          },
          {
            "id": 7,
            "text": "1 : 저도 강아지 데리고 펜션에 자주 놀러 다녀요!",
            "norm_text": "저도 강아지 데리고 펜션에 자주 놀러 다녀요!",
            "speaker": {
              "id": "1번",
              "sex": "여성",
              "age": "30대"
            },
            "speechAct": "(단언) 진술하기",
            "morpheme": "저/NP+도/JX+강아지/NNG+데리/VV+고/EC+펜션/NNG+에/JKB+자주/MAG+놀/VV+러/EC+다녀요/VV+EF"
          },
          {
            "id": 8,
            "text": "2 : 저도 펜션 구해서 한 달 살기 해봤는데 정말 좋았어요",
            "norm_text": "저도 펜션 구해서 한 달 살기 해봤는데 정말 좋았어요",
            "speaker": {
              "id": "2번",
              "sex": "여성",
              "age": "40대"
            },
            "speechAct": "(단언) 주장하기",
            "morpheme": "저/NP+도/JX+펜션/NNG+구해서/VV+EC+한/MM+달/NNBC+살/VV+기/ETN+해/VV+EC+봤/VX+EP+는데/EC+정말/MAG+좋/VA+았/EP+어요/EF"
          },
          {
            "id": 9,
            "text": "3 : 우리 가족도 펜션 있으니까 두 분 놀러 오세요!",
            "norm_text": "우리 가족도 펜션 있으니까 두 분 놀러 오세요!",
            "speaker": {
              "id": "3번",
              "sex": "여성",
              "age": "10대"
            },
            "speechAct": "(지시) 충고/제안하기",
            "morpheme": "우리/NP+가족/NNG+도/JX+펜션/NNG+있/VV+으니까/EC+두/MM+분/NNBC+놀러오/VV+세요/EP+EF"
          },
          {
            "id": 10,
            "text": "1 : 그래도 우리 동네는 산이 있어서 좋아요",
            "norm_text": "그래도 우리 동네는 산이 있어서 좋아요",
            "speaker": {
              "id": "1번",
              "sex": "여성",
              "age": "30대"
            },
            "speechAct": "(단언) 주장하기",
            "morpheme": "그래도/MAJ+우리/NP+동네/NNG+는/JX+산/NNG+이/JKS+있/VV+어서/EC+좋/VA+아요/EC"
          },
          {
            "id": 11,
            "text": "2 : 맞아요! 서울에 가까우면서도 시골 느낌 나요",
            "norm_text": "맞아요! 서울에 가까우면서도 시골 느낌 나요",
            "speaker": {
              "id": "2번",
              "sex": "여성",
              "age": "40대"
            },
            "speechAct": "(단언) 주장하기",
            "morpheme": "맞/VV+아요/EF+서울/NNP+에/JKB+가까우/VA+면서/EC+도시/NNG+골/NNG+느낌/NNG+나/VV+요/EC"
          },
          {
            "id": 12,
            "text": "3 : 저희 이번에 바로 옆에 분양하는 아파트 계약했어요",
            "norm_text": "저희 이번에 바로 옆에 분양하는 아파트 계약했어요",
            "speaker": {
              "id": "3번",
              "sex": "여성",
              "age": "10대"
            },
            "speechAct": "(단언) 진술하기",
            "morpheme": "저희/NP+이번/NNG+에/JKB+바로/MAG+옆/NNG+에/JKB+분양/NNG+하/XSV+는/ETM+아파트/NNG+계약/NNG+했어요/XSV+EP+EC"
          },
          {
            "id": 13,
            "text": "1 : 어머 정말요? 공사하는 거 보니까 굉장히 럭셔리하던데요",
            "norm_text": "어머 정말요? 공사하는 거 보니까 굉장히 럭셔리하던데요",
            "speaker": {
              "id": "1번",
              "sex": "여성",
              "age": "30대"
            },
            "speechAct": "(단언) 주장하기",
            "morpheme": "어머/IC+정말/MAG+요/JX+공사/NNG+하/XSV+는/ETM+거/NNB+보/VV+니까/EC+굉장히/MAG+럭셔리/XR+하/XSA+던데요/EC"
          },
          {
            "id": 14,
            "text": "2 : 맞아요 분양 받기가 진짜 힘들다고 하던데 운이 좋으셨네요 축하해요!",
            "norm_text": "맞아요 분양 받기가 진짜 힘들다고 하던데 운이 좋으셨네요 축하해요!",
            "speaker": {
              "id": "2번",
              "sex": "여성",
              "age": "40대"
            },
            "speechAct": "(단언) 주장하기",
            "morpheme": "맞/VV+아요/EF+분양/NNG+받/VV+기/ETN+가/JKS+진짜/MAG+힘들/VA+다고/EC+하/VV+던데/EC+운/NNG+이/JKS+좋/VA+으셨/EP+EP+네요/EF+축하/NNG+해요/XSV+EF"
          },
          {
            "id": 15,
            "text": "3 : 이사 가면 집들이 할 테니 놀러 오세요",
            "norm_text": "이사 가면 집들이 할 테니 놀러 오세요",
            "speaker": {
              "id": "3번",
              "sex": "여성",
              "age": "10대"
            },
            "speechAct": "(언약) 약속하기(제3자와)/(개인적 수준)",
            "morpheme": "이사/NNG+가/VV+면/EC+집들이/NNG+할/XSV+ETM+테/NNB+VCP+니/EC+놀러오/VV+세요/EP+EF"
          },
          {
            "id": 16,
            "text": "1 : 몇 층 분양 받았어요?",
            "norm_text": "몇 층 분양 받았어요?",
            "speaker": {
              "id": "1번",
              "sex": "여성",
              "age": "30대"
            },
            "speechAct": "(지시) 질문하기",
            "morpheme": "몇/MM+층/NNG+분양/NNG+받/VV+았/EP+어요/EF"
          },
          {
            "id": 17,
            "text": "1 : 아래층은 해가 잘 안 들어서 좀 어둡다던데",
            "norm_text": "아래층은 해가 잘 안 들어서 좀 어둡다던데",
            "speaker": {
              "id": "1번",
              "sex": "여성",
              "age": "30대"
            },
            "speechAct": "(단언) 주장하기",
            "morpheme": "아래층/NNG+은/JX+해/NNG+가/JKS+잘/MAG+안/MAG+들/VV+어서/EC+좀/MAG+어둡/VA+다던데/EC"
          },
          {
            "id": 18,
            "text": "2 : 그런데 아래층 좋아하는 사람도 있어요 밖에 있는 화단을 자기 정원처럼 쓸 수 있어서요",
            "norm_text": "그런데 아래층 좋아하는 사람도 있어요 밖에 있는 화단을 자기 정원처럼 쓸 수 있어서요",
            "speaker": {
              "id": "2번",
              "sex": "여성",
              "age": "40대"
            },
            "speechAct": "(단언) 주장하기",
            "morpheme": "그런데/MAJ+아래층/NNG+좋/VA+아/EC+하/VV+는/ETM+사람/NNG+도/JX+있/VA+어요/EF+밖에/JX+있/VA+는/ETM+화단/NNG+을/JKO+자기/NP+정원/NNG+처럼/JKB+쓸/VV+ETM+수/NNB+있/VV+어서요/EC"
          },
          {
            "id": 19,
            "text": "3 : 우리는 운 좋게 로얄층 분양 받았어요!",
            "norm_text": "우리는 운 좋게 로얄층 분양 받았어요!",
            "speaker": {
              "id": "3번",
              "sex": "여성",
              "age": "10대"
            },
            "speechAct": "(단언) 진술하기",
            "morpheme": "우리/NP+는/JX+운/NNG+좋/VA+게/EC+로얄/NNP+층/NNG+분양/NNG+받/VV+았/EP+어요/EF"
          },
          {
            "id": 20,
            "text": "1 : 축하해요! 그럼 산이 훤히 내려다 보여서 정말 좋죠!",
            "norm_text": "축하해요! 그럼 산이 훤히 내려다 보여서 정말 좋죠!",
            "speaker": {
              "id": "1번",
              "sex": "여성",
              "age": "30대"
            },
            "speechAct": "(단언) 주장하기",
            "morpheme": "축하/NNG+해요/XSV+EF+그럼/MAJ+산/NNG+이/JKS+훤히/MAG+내려다/VV+EC+보여서/VV+EC+정말/MAG+좋/VA+죠/EF"
          },
          {
            "id": 21,
            "text": "2 : 우리는 분양 받고 왔을 때 인테리어도 싹 다 했어요",
            "norm_text": "우리는 분양 받고 왔을 때 인테리어도 싹 다 했어요",
            "speaker": {
              "id": "2번",
              "sex": "여성",
              "age": "40대"
            },
            "speechAct": "(단언) 진술하기",
            "morpheme": "우리/NP+는/JX+분양/NNG+받/VV+고/EC+왔/VX+EP+을/ETM+때/NNG+인테리어/NNG+도/JX+싹/VV+다/EC+했/VX+EP+어요/EF"
          },
          {
            "id": 22,
            "text": "3 : 우리가 분양 받는 아파트는 손댈 데가 없이 다 잘해놨더라구요",
            "norm_text": "우리가 분양 받는 아파트는 손댈 데가 없이 다 잘해놨더라구요",
            "speaker": {
              "id": "3번",
              "sex": "여성",
              "age": "10대"
            },
            "speechAct": "N/A",
            "morpheme": "우리/NP+가/JKS+분양/NNG+받/VV+는/ETM+아파트/NNG+는/JX+손/NNG+댈/XSV+ETM+데/NNB+가/JKS+없이/MAG+다/MAG+잘/MAG+해놨/VV+EC+VX+EP+더라구요/EF"
          },
          {
            "id": 23,
            "text": "1 : 요새는 집들을 진짜 예쁘게 잘 만들었어요.",
            "norm_text": "요새는 집들을 진짜 예쁘게 잘 만들었어요.",
            "speaker": {
              "id": "1번",
              "sex": "여성",
              "age": "30대"
            },
            "speechAct": "(단언) 주장하기",
            "morpheme": "요새/NNG+는/JX+집/NNG+들/XSN+을/JKO+진짜/MAG+예쁘/VA+게/EC+잘/MAG+만들/VV+었/EP+어요/EF"
          },
          {
            "id": 24,
            "text": "1 : 구조도 옛날 아파트랑 달라요",
            "norm_text": "구조도 옛날 아파트랑 달라요",
            "speaker": {
              "id": "1번",
              "sex": "여성",
              "age": "30대"
            },
            "speechAct": "(단언) 진술하기",
            "morpheme": "구조/NNG+도/JX+옛날/NNG+아파트/NNG+랑/JKB+달라요/VA+EC"
          },
          {
            "id": 25,
            "text": "2 : 맞아요 우리 집은 오래돼서 싹 다 고치고 싶어요",
            "norm_text": "맞아요 우리 집은 오래돼서 싹 다 고치고 싶어요",
            "speaker": {
              "id": "2번",
              "sex": "여성",
              "age": "40대"
            },
            "speechAct": "(단언) 주장하기",
            "morpheme": "맞/VV+아요/EF+우리/NP+집/NNG+은/JX+오래/MAG+돼서/VV+EC+싹/VV+다고/EC+치/VV+고/EC+싶/VX+어요/EF"
          },
          {
            "id": 26,
            "text": "3 : 입주한 지 20년 되셨으니 정말 좀 손댈 때도 됐겠네요",
            "norm_text": "입주한 지 20년 되셨으니 정말 좀 손댈 때도 됐겠네요",
            "speaker": {
              "id": "3번",
              "sex": "여성",
              "age": "10대"
            },
            "speechAct": "(단언) 주장하기",
            "morpheme": "입주/NNG+한지/XSA+EC+20/SN+년/NNBC+되/VV+셨으니/EP+EP+EC+정말/MAG+좀/MAG+손댈/VV+ETM+때/NNG+도/JX+됐/VV+EP+겠/EP+네요/EC"
          }
        ]
      }
    }
  ]
}