{
  "dataset": {
    "identifier": 72786,
    "name": "KAKAO_906_08_set",
    "src_path": "/data/file/cubeManager/PROJECT001/53/txt20211005152905035373/KAKAO_906_08_set/",
    "label_path": "/data/file/cubeManager/PROJECT001/53/txt20211005152905035373/KAKAO_906_08_set/",
    "category": 2,
    "type": 0
  },
  "licenses": {
    "name": "Apache License 1.0",
    "url": "http://www.apache.org/licenses/LICENSE-1.0"
  },
  "info": [
    {
      "id": 41365,
      "filename": "KAKAO_906_08.txt",
      "title": "KAKAO_906_08",
      "mediatype": "SNS",
      "medianame": "카카오톡",
      "category": "일상대화",
      "date": "2021-10-05",
      "size": 433,
      "annotations": {
        "subject": "연애/결혼",
        "speaker_type": "1:1",
        "size": 433,
        "word_size": 146,
        "text": "1 : ** 결혼식 어땠는뎅 하하 후기 즘\n2 : 어 너무 이쁘고 좋았어 확실히 새로 지은 데라\n1 : 아 새로 지은 데야?\n1 : 요즘은 진짜 이쁘드라\n2 : 웅 새로 지은 곳이야 아니 홀이 외부처럼 꾸며져 있어서\n1 : 외부처럼?\n1 : 그런 데는 안 가 봤네\n2 : 근데 코로나라 사람들은 많이 없더라 ㅜㅜ\n1 : 마저 나도 못 갔자나 ㅠ\n1 : ** 울었어?\n2 : 웅 아부지 사진 나올 때 울드라 나도 움\n1 : 헐... 말만 들었는데 울컥한다\n2 : 동영상을 편집해서 보여주는데 대오열\n1 : 헐... 동영상 그래 그런 거 틀어 주더라고 ㅠ\n2 : 아주 잘 만들었더라고 ㅠㅠ 누가 봐도 폭풍오열 할 영상\n1 : ㄷㄷ 개 눈물 날듯... 말만 들어도 슬프노\n2 : 너도 왔으면 오열했을 각이다 ㅜㅜ\n1 : 엉 나 ** 아부지 장례식 때도 넘 슬펐어...\n2 : 아휴 진짜 인생에서 큰일을 다 치뤘어",
        "lines": [
          {
            "id": 1,
            "text": "1 : ** 결혼식 어땠는뎅 하하 후기 즘",
            "norm_text": "** 결혼식 어땠는뎅 하하 후기 즘",
            "speaker": {
              "id": "1번",
              "sex": "여성",
              "age": "30대"
            },
            "speechAct": "(단언) 주장하기",
            "morpheme": "*/SY+*/SY+결혼식어땠는뎅하하후기즘/UNKNOWN"
          },
          {
            "id": 2,
            "text": "2 : 어 너무 이쁘고 좋았어 확실히 새로 지은 데라",
            "norm_text": "어 너무 이쁘고 좋았어 확실히 새로 지은 데라",
            "speaker": {
              "id": "2번",
              "sex": "여성",
              "age": "20대"
            },
            "speechAct": "(단언) 주장하기",
            "morpheme": "어/IC+너무/MAG+이쁘/VA+고/EC+좋/VA+았/EP+어/EF+확실히/MAG+새로/MAG+지/VV+은/ETM+데/NNB+라/VCP+EC"
          },
          {
            "id": 3,
            "text": "1 : 아 새로 지은 데야?",
            "norm_text": "아 새로 지은 데야?",
            "speaker": {
              "id": "1번",
              "sex": "여성",
              "age": "30대"
            },
            "speechAct": "(지시) 질문하기",
            "morpheme": "아/IC+새로/MAG+지/VV+은/ETM+데/NNB+야/VCP+EF"
          },
          {
            "id": 4,
            "text": "1 : 요즘은 진짜 이쁘드라",
            "norm_text": "요즘은 진짜 이쁘드라",
            "speaker": {
              "id": "1번",
              "sex": "여성",
              "age": "30대"
            },
            "speechAct": "(지시) 질문하기",
            "morpheme": "요즘/NNG+은/JX+진짜/MAG+이쁘/VA+드라/EC"
          },
          {
            "id": 5,
            "text": "2 : 웅 새로 지은 곳이야 아니 홀이 외부처럼 꾸며져 있어서",
            "norm_text": "웅 새로 지은 곳이야 아니 홀이 외부처럼 꾸며져 있어서",
            "speaker": {
              "id": "2번",
              "sex": "여성",
              "age": "20대"
            },
            "speechAct": "(단언) 진술하기",
            "morpheme": "웅/IC+새로/MAG+지/VV+은/ETM+곳/NNG+이/VCP+야/EF+아니/IC+홀/NNP+이/JKS+외부/NNG+처럼/JKB+꾸며져/VV+EC+VX+EC+있/VX+어서/EC"
          },
          {
            "id": 6,
            "text": "1 : 외부처럼?",
            "norm_text": "외부처럼?",
            "speaker": {
              "id": "1번",
              "sex": "여성",
              "age": "30대"
            },
            "speechAct": "(단언) 주장하기",
            "morpheme": "외부/NNG+처럼/JKB"
          },
          {
            "id": 7,
            "text": "1 : 그런 데는 안 가 봤네",
            "norm_text": "그런 데는 안 가 봤네",
            "speaker": {
              "id": "1번",
              "sex": "여성",
              "age": "30대"
            },
            "speechAct": "(단언) 진술하기",
            "morpheme": "그런/MM+데/NNB+는/JX+안/MAG+가/VV+EC+봤/VX+EP+네/EF"
          },
          {
            "id": 8,
            "text": "2 : 근데 코로나라 사람들은 많이 없더라 ㅜㅜ",
            "norm_text": "근데 코로나라 사람들은 많이 없더라 ㅜㅜ",
            "speaker": {
              "id": "2번",
              "sex": "여성",
              "age": "20대"
            },
            "speechAct": "(단언) 주장하기",
            "morpheme": "근데/MAJ+코/NNG+로/JKB+나라/NNG+사람/NNG+들/XSN+은/JX+많이/MAG+없/VA+더라/EF+ㅜㅜ/UNKNOWN"
          },
          {
            "id": 9,
            "text": "1 : 마저 나도 못 갔자나 ㅠ",
            "norm_text": "마저 나도 못 갔자나 ㅠ",
            "speaker": {
              "id": "1번",
              "sex": "여성",
              "age": "30대"
            },
            "speechAct": "(단언) 진술하기",
            "morpheme": "마저/MAG+나/NP+도/JX+못/MAG+갔/VV+EP+자/EF+나ㅠ/UNKNOWN"
          },
          {
            "id": 10,
            "text": "1 : ** 울었어?",
            "norm_text": "** 울었어?",
            "speaker": {
              "id": "1번",
              "sex": "여성",
              "age": "30대"
            },
            "speechAct": "(지시) 질문하기",
            "morpheme": "*/SY+*/SY+울/VV+었/EP+어/EF"
          },
          {
            "id": 11,
            "text": "2 : 웅 아부지 사진 나올 때 울드라 나도 움",
            "norm_text": "웅 아부지 사진 나올 때 울드라 나도 움",
            "speaker": {
              "id": "2번",
              "sex": "여성",
              "age": "20대"
            },
            "speechAct": "(단언) 진술하기",
            "morpheme": "웅아/NNG+부지/NNG+사진/NNG+나올/VV+ETM+때울/VV+ETM+드라/NNP+나/JC+도움/NNG"
          },
          {
            "id": 12,
            "text": "1 : 헐... 말만 들었는데 울컥한다",
            "norm_text": "헐... 말만 들었는데 울컥한다",
            "speaker": {
              "id": "1번",
              "sex": "여성",
              "age": "30대"
            },
            "speechAct": "(단언) 주장하기",
            "morpheme": "헐/IC+./SY+말/NNG+만들/VV+었/EP+는데/EC+울컥/MAG+한다/XSV+EC"
          },
          {
            "id": 13,
            "text": "2 : 동영상을 편집해서 보여주는데 대오열",
            "norm_text": "동영상을 편집해서 보여주는데 대오열",
            "speaker": {
              "id": "2번",
              "sex": "여성",
              "age": "20대"
            },
            "speechAct": "(단언) 진술하기",
            "morpheme": "동영상/NNG+을/JKO+편집/NNG+해서/XSV+EC+보여/VV+EC+주/VX+는데/EC+대/XPN+오열/NNG"
          },
          {
            "id": 14,
            "text": "1 : 헐... 동영상 그래 그런 거 틀어 주더라고 ㅠ",
            "norm_text": "헐... 동영상 그래 그런 거 틀어 주더라고 ㅠ",
            "speaker": {
              "id": "1번",
              "sex": "여성",
              "age": "30대"
            },
            "speechAct": "(단언) 진술하기",
            "morpheme": "헐/IC+./SY+동영상그래그런거틀어주더라고ㅠ/UNKNOWN"
          },
          {
            "id": 15,
            "text": "2 : 아주 잘 만들었더라고 ㅠㅠ 누가 봐도 폭풍오열 할 영상",
            "norm_text": "아주 잘 만들었더라고 ㅠㅠ 누가 봐도 폭풍오열 할 영상",
            "speaker": {
              "id": "2번",
              "sex": "여성",
              "age": "20대"
            },
            "speechAct": "(단언) 주장하기",
            "morpheme": "아주/MAG+잘/MAG+만들/VV+었/EP+더라고/EF+ㅠㅠ/UNKNOWN+누가/NP+JKS+봐도/VV+EC+폭풍/NNG+오열/NNG+할/XSV+ETM+영상/NNG"
          },
          {
            "id": 16,
            "text": "1 : ㄷㄷ 개 눈물 날듯... 말만 들어도 슬프노",
            "norm_text": "ㄷㄷ 개 눈물 날듯... 말만 들어도 슬프노",
            "speaker": {
              "id": "1번",
              "sex": "여성",
              "age": "30대"
            },
            "speechAct": "(단언) 주장하기",
            "morpheme": "ㄷㄷ개눈물날듯/UNKNOWN+./SY+말/NNG+만들/VV+어도/EC+슬프/VA+노/EC"
          },
          {
            "id": 17,
            "text": "2 : 너도 왔으면 오열했을 각이다 ㅜㅜ",
            "norm_text": "너도 왔으면 오열했을 각이다 ㅜㅜ",
            "speaker": {
              "id": "2번",
              "sex": "여성",
              "age": "20대"
            },
            "speechAct": "(단언) 주장하기",
            "morpheme": "너/NP+도/JX+왔/VV+EP+으면/EC+오열/NNG+했/XSV+EP+을/ETM+각/NNG+이/VCP+다/EF+ㅜㅜ/UNKNOWN"
          },
          {
            "id": 18,
            "text": "1 : 엉 나 ** 아부지 장례식 때도 넘 슬펐어...",
            "norm_text": "엉 나 ** 아부지 장례식 때도 넘 슬펐어...",
            "speaker": {
              "id": "1번",
              "sex": "여성",
              "age": "30대"
            },
            "speechAct": "(단언) 주장하기",
            "morpheme": "엉/IC+나/NP+*/SY+*/SY+아부지장례식때도넘슬펐어/UNKNOWN+./SY"
          },
          {
            "id": 19,
            "text": "2 : 아휴 진짜 인생에서 큰일을 다 치뤘어",
            "norm_text": "아휴 진짜 인생에서 큰일을 다 치뤘어",
            "speaker": {
              "id": "2번",
              "sex": "여성",
              "age": "20대"
            },
            "speechAct": "(단언) 주장하기",
            "morpheme": "아휴/IC+진짜/MAG+인생/NNG+에서/JKB+큰일/NNG+을/JKO+다/MAG+치뤘/VV+EP+어/EC"
          }
        ]
      }
    }
  ]
}