{
  "dataset": {
    "identifier": 63473,
    "name": "KAKAO_909_06_set",
    "src_path": "/data/file/cubeManager/PROJECT001/53/txt20211005154109082185/KAKAO_909_06_set/",
    "label_path": "/data/file/cubeManager/PROJECT001/53/txt20211005154109082185/KAKAO_909_06_set/",
    "category": 2,
    "type": 0
  },
  "licenses": {
    "name": "Apache License 1.0",
    "url": "http://www.apache.org/licenses/LICENSE-1.0"
  },
  "info": [
    {
      "id": 41583,
      "filename": "KAKAO_909_06.txt",
      "title": "KAKAO_909_06",
      "mediatype": "SNS",
      "medianame": "카카오톡",
      "category": "일상대화",
      "date": "2021-10-05",
      "size": 494,
      "annotations": {
        "subject": "교육",
        "speaker_type": "1:1",
        "size": 494,
        "word_size": 153,
        "text": "1 : 나 세무 회계 학원 다녀보려고\n2 : 응? 좀 뜬금없긴 하다 키키\n1 : 그치 키키 나도 내가 회계 자격증 딸 거라곤 생각도 못했는데...\n2 : 갑자기 왜 따려고 하는 거야?\n1 : 요즘 취직하기가 너무 힘드니까 ㅠㅠ\n2 : 그건 맞지; 근데 그쪽으로 취직해도 괜찮겠어?\n1 : 나도 잘 모르겠어... 취직이 너무 하고 싶어서 학원을 다니려고 하는 거거든ㅠㅠ\n2 : 나는 언니가 그쪽으로 취직하면 힘들어할 것 같은데...\n1 : 내가 생각해도 그래 ㅠㅠ 난 그쪽으로 전혀 흥미가 없거든\n2 : 공부하면서 언니가 좋아하는 쪽으로 계속 준비해 보는 건 어때?\n1 : 그러고 있는데 취준 기간이 늘어나니까 너무 힘들어서 ㅠㅠ\n2 : 그렇긴 해 ㅠㅠ 나도 취준 기간이 길어지니까 심적으로 힘들더라고\n1 : 이럴 때일수록 더 멘탈 관리 잘 해야 하는데 ㅠ\n2 : 맞아 ㅠㅠ 요즘 시국도 시국이라 계속 축축 처지내\n1 : 나도 그래 ㅠㅠ 우리 조금만 더 힘내자 ㅠ\n2 : 서로 화이팅 해서 꼭 원하는 꿈 이루게!",
        "lines": [
          {
            "id": 1,
            "text": "1 : 나 세무 회계 학원 다녀보려고",
            "norm_text": "나 세무 회계 학원 다녀보려고",
            "speaker": {
              "id": "1번",
              "sex": "여성",
              "age": "20대"
            },
            "speechAct": "(단언) 주장하기",
            "morpheme": "나세/NNG+무회계/NNG+학원/NNG+다녀/VV+EC+보/VX+려고/EC"
          },
          {
            "id": 2,
            "text": "2 : 응? 좀 뜬금없긴 하다 키키",
            "norm_text": "응? 좀 뜬금없긴 하다 키키",
            "speaker": {
              "id": "2번",
              "sex": "여성",
              "age": "20대"
            },
            "speechAct": "(단언) 주장하기",
            "morpheme": "응/IC+좀/MAG+뜬금없/VA+긴/ETN+JX+하/VX+다키키/NNP"
          },
          {
            "id": 3,
            "text": "1 : 그치 키키 나도 내가 회계 자격증 딸 거라곤 생각도 못했는데...",
            "norm_text": "그치 키키 나도 내가 회계 자격증 딸 거라곤 생각도 못했는데...",
            "speaker": {
              "id": "1번",
              "sex": "여성",
              "age": "20대"
            },
            "speechAct": "(단언) 진술하기",
            "morpheme": "그치/IC+키/NNG+키나/XSA+ETN+JX+도/JX+내/NP+가/JKS+회계/NNG+자격증/NNG+딸/VV+ETM+거/NNB+라곤/VCP+EC+ETM+생각/NNG+도/JX+못/MAG+했/VV+EP+는데/EC+./SY+./SY"
          },
          {
            "id": 4,
            "text": "2 : 갑자기 왜 따려고 하는 거야?",
            "norm_text": "갑자기 왜 따려고 하는 거야?",
            "speaker": {
              "id": "2번",
              "sex": "여성",
              "age": "20대"
            },
            "speechAct": "(지시) 질문하기",
            "morpheme": "갑자기/MAG+왜/MAG+따/VV+려고/EC+하/VV+는/ETM+거/NNB+야/VCP+EF"
          },
          {
            "id": 5,
            "text": "1 : 요즘 취직하기가 너무 힘드니까 ㅠㅠ",
            "norm_text": "요즘 취직하기가 너무 힘드니까 ㅠㅠ",
            "speaker": {
              "id": "1번",
              "sex": "여성",
              "age": "20대"
            },
            "speechAct": "(단언) 진술하기",
            "morpheme": "요즘/NNG+취직/NNG+하/XSV+기/ETN+가/JKS+너무/MAG+힘드/VA+니까/EC+ㅠㅠ/UNKNOWN"
          },
          {
            "id": 6,
            "text": "2 : 그건 맞지; 근데 그쪽으로 취직해도 괜찮겠어?",
            "norm_text": "그건 맞지; 근데 그쪽으로 취직해도 괜찮겠어?",
            "speaker": {
              "id": "2번",
              "sex": "여성",
              "age": "20대"
            },
            "speechAct": "(지시) 질문하기",
            "morpheme": "그건/NP+JX+맞/VV+지/EC+;/SY+근데/MAJ+그쪽/NP+으로/JKB+취직/NNG+해도/XSV+EC+괜찮/VA+겠/EP+어/EF"
          },
          {
            "id": 7,
            "text": "1 : 나도 잘 모르겠어... 취직이 너무 하고 싶어서 학원을 다니려고 하는 거거든ㅠㅠ",
            "norm_text": "나도 잘 모르겠어... 취직이 너무 하고 싶어서 학원을 다니려고 하는 거거든ㅠㅠ",
            "speaker": {
              "id": "1번",
              "sex": "여성",
              "age": "20대"
            },
            "speechAct": "(단언) 주장하기",
            "morpheme": "나/NP+도/JX+잘/MAG+모르/VV+겠/EP+어/EF+./SY+취직/NNG+이/JKS+너무/MAG+하/VV+고/EC+싶/VX+어서/EC+학원/NNG+을/JKO+다니/VV+려고/EC+하/VV+는/ETM+거/NNB+거든/VCP+EF+ㅠㅠ/UNKNOWN"
          },
          {
            "id": 8,
            "text": "2 : 나는 언니가 그쪽으로 취직하면 힘들어할 것 같은데...",
            "norm_text": "나는 언니가 그쪽으로 취직하면 힘들어할 것 같은데...",
            "speaker": {
              "id": "2번",
              "sex": "여성",
              "age": "20대"
            },
            "speechAct": "(단언) 주장하기",
            "morpheme": "나/NP+는/JX+언니/NNG+가/JKS+그쪽/NP+으로/JKB+취직/NNG+하/XSV+면/EC+힘들/VA+어/EC+할/VX+ETM+것/NNB+같/VA+은데/EF+./SY"
          },
          {
            "id": 9,
            "text": "1 : 내가 생각해도 그래 ㅠㅠ 난 그쪽으로 전혀 흥미가 없거든",
            "norm_text": "내가 생각해도 그래 ㅠㅠ 난 그쪽으로 전혀 흥미가 없거든",
            "speaker": {
              "id": "1번",
              "sex": "여성",
              "age": "20대"
            },
            "speechAct": "(단언) 진술하기",
            "morpheme": "내/NP+가/JKS+생각/NNG+해도/XSV+EC+그래/VV+EC+ㅠㅠ/UNKNOWN+난/NP+JX+그쪽/NP+으로/JKB+전혀/MAG+흥미/NNG+가/JKS+없/VA+거든/EC"
          },
          {
            "id": 10,
            "text": "2 : 공부하면서 언니가 좋아하는 쪽으로 계속 준비해 보는 건 어때?",
            "norm_text": "공부하면서 언니가 좋아하는 쪽으로 계속 준비해 보는 건 어때?",
            "speaker": {
              "id": "2번",
              "sex": "여성",
              "age": "20대"
            },
            "speechAct": "(지시) 충고/제안하기",
            "morpheme": "공부/NNG+하/XSV+면서/EC+언니/NNG+가/JKS+좋/VA+아/EC+하/VV+는/ETM+쪽/NNB+으로/JKB+계속/MAG+준비/NNG+해/XSV+EC+보/VX+는/ETM+건/NNB+JX+어때/VA+EF"
          },
          {
            "id": 11,
            "text": "1 : 그러고 있는데 취준 기간이 늘어나니까 너무 힘들어서 ㅠㅠ",
            "norm_text": "그러고 있는데 취준 기간이 늘어나니까 너무 힘들어서 ㅠㅠ",
            "speaker": {
              "id": "1번",
              "sex": "여성",
              "age": "20대"
            },
            "speechAct": "(단언) 주장하기",
            "morpheme": "그러/VV+고/EC+있/VX+는데/EC+취/NNG+준/XPN+기간/NNG+이/JKS+늘어나/VV+니까/EC+너무/MAG+힘들/VA+어서/EC+ㅠㅠ/UNKNOWN"
          },
          {
            "id": 12,
            "text": "2 : 그렇긴 해 ㅠㅠ 나도 취준 기간이 길어지니까 심적으로 힘들더라고",
            "norm_text": "그렇긴 해 ㅠㅠ 나도 취준 기간이 길어지니까 심적으로 힘들더라고",
            "speaker": {
              "id": "2번",
              "sex": "여성",
              "age": "20대"
            },
            "speechAct": "(단언) 진술하기",
            "morpheme": "그렇/VA+긴/ETN+JX+해/VX+EF+ㅠㅠ/UNKNOWN+나/NP+도취/NNG+준/XPN+기간/NNG+이/JKS+길/VA+어/EC+지/VX+니까/EC+심/NNG+적/XSN+으로/JKB+힘들/VA+더라고/EC"
          },
          {
            "id": 13,
            "text": "1 : 이럴 때일수록 더 멘탈 관리 잘 해야 하는데 ㅠ",
            "norm_text": "이럴 때일수록 더 멘탈 관리 잘 해야 하는데 ㅠ",
            "speaker": {
              "id": "1번",
              "sex": "여성",
              "age": "20대"
            },
            "speechAct": "(단언) 주장하기",
            "morpheme": "이럴/VA+ETM+때/NNG+일수록/VCP+EC+더/MAG+멘탈/NNG+관리/NNG+잘/MAG+해야/VV+EC+하/VV+는/ETM+데ㅠ/UNKNOWN"
          },
          {
            "id": 14,
            "text": "2 : 맞아 ㅠㅠ 요즘 시국도 시국이라 계속 축축 처지내",
            "norm_text": "맞아 ㅠㅠ 요즘 시국도 시국이라 계속 축축 처지내",
            "speaker": {
              "id": "2번",
              "sex": "여성",
              "age": "20대"
            },
            "speechAct": "(단언) 진술하기",
            "morpheme": "맞/VV+아/EC+ㅠㅠ/UNKNOWN+요즘/NNG+시국/NNG+도/JX+시국/NNG+이/VCP+라/EC+계속/MAG+축축/MAG+처지/VV+내/EC"
          },
          {
            "id": 15,
            "text": "1 : 나도 그래 ㅠㅠ 우리 조금만 더 힘내자 ㅠ",
            "norm_text": "나도 그래 ㅠㅠ 우리 조금만 더 힘내자 ㅠ",
            "speaker": {
              "id": "1번",
              "sex": "여성",
              "age": "20대"
            },
            "speechAct": "(단언) 주장하기",
            "morpheme": "나/NP+도/JX+그래/VA+EC+ㅠㅠ/UNKNOWN+우리/NP+조금/MAG+만/JX+더/MAG+힘내/VV+EC+자ㅠ/UNKNOWN"
          },
          {
            "id": 16,
            "text": "2 : 서로 화이팅 해서 꼭 원하는 꿈 이루게!",
            "norm_text": "서로 화이팅 해서 꼭 원하는 꿈 이루게!",
            "speaker": {
              "id": "2번",
              "sex": "여성",
              "age": "20대"
            },
            "speechAct": "(단언) 주장하기",
            "morpheme": "서로/MAG+화이팅/IC+해서/VV+EC+꼭/MAG+원/NNG+하/XSV+는/ETM+꿈/NNG+이루/VV+게/EC"
          }
        ]
      }
    }
  ]
}