{
  "dataset": {
    "identifier": 63478,
    "name": "KAKAO_909_09_set",
    "src_path": "/data/file/cubeManager/PROJECT001/53/txt20211005154109084590/KAKAO_909_09_set/",
    "label_path": "/data/file/cubeManager/PROJECT001/53/txt20211005154109084590/KAKAO_909_09_set/",
    "category": 2,
    "type": 0
  },
  "licenses": {
    "name": "Apache License 1.0",
    "url": "http://www.apache.org/licenses/LICENSE-1.0"
  },
  "info": [
    {
      "id": 41586,
      "filename": "KAKAO_909_09.txt",
      "title": "KAKAO_909_09",
      "mediatype": "SNS",
      "medianame": "카카오톡",
      "category": "일상대화",
      "date": "2021-10-05",
      "size": 525,
      "annotations": {
        "subject": "반려동물",
        "speaker_type": "1:1",
        "size": 525,
        "word_size": 166,
        "text": "1 : 나 가족들끼리 놀러 온 펜션인데 완전 이쁘지?\n2 : 오오오 여기 어디야?\n1 : 여기 충청남도 태안이야!\n2 : 근데 지금 추석이라서 펜션 잡기 어려웠을 텐데 어떻게 잘 잡았네?\n1 : 아 이거 저번에 강아지 산책 시키다가 만난 인연으로 펜션 잡은 거야\n2 : 엥? 그건 또 무슨 소리야 키키\n1 : 집 앞에서 강아지 산책 시키고 있었는데 강아지 산책 시키시는 분이랑 이야기 나누다가 알고 보니 그 분이 애견 동반 펜션 사장님이라고 하면서 놀러 오라고 하더라고\n2 : 와... 키키 대박이다 근데 그 분이랑 금새 친해진 언니도 대단\n1 : 아니야 키키 그 분이 친화력이 좋으신 거야\n2 : 그래서 그 분 펜션에 가족들끼리 놀러간 거야?\n1 : 응응 키키 자리 없을까 봐 걱정했는데 사장님이 방 하나 빼 놔주셔서 수월하게 예약했어\n2 : 와 어떻게 인연이 돼 가지고 그렇게 놀러도 가네\n1 : 응응 키키 나도 신기했어\n2 : 나도 이번 추석에는 시골 안 가고 가족들끼리 차박 왔어\n1 : 헐 차박 어때? 차박 완전 내 로망이야 ㅠ\n2 : 나름 괜찮은 것 같아",
        "lines": [
          {
            "id": 1,
            "text": "1 : 나 가족들끼리 놀러 온 펜션인데 완전 이쁘지?",
            "norm_text": "나 가족들끼리 놀러 온 펜션인데 완전 이쁘지?",
            "speaker": {
              "id": "1번",
              "sex": "여성",
              "age": "20대"
            },
            "speechAct": "(지시) 질문하기",
            "morpheme": "나/NP+가족/NNG+들/XSN+끼리/XSN+놀/VV+러/EC+온/VX+ETM+펜션/NNG+인데/VCP+EC+완전/MAG+이쁘/VA+지/EF"
          },
          {
            "id": 2,
            "text": "2 : 오오오 여기 어디야?",
            "norm_text": "오오오 여기 어디야?",
            "speaker": {
              "id": "2번",
              "sex": "여성",
              "age": "20대"
            },
            "speechAct": "(지시) 질문하기",
            "morpheme": "오/NR+오/NR+오/NR+여기/NP+어디/NP+야/VCP+EF"
          },
          {
            "id": 3,
            "text": "1 : 여기 충청남도 태안이야!",
            "norm_text": "여기 충청남도 태안이야!",
            "speaker": {
              "id": "1번",
              "sex": "여성",
              "age": "20대"
            },
            "speechAct": "(단언) 진술하기",
            "morpheme": "여기/NP+충청남도/NNP+태안/NNP+이/VCP+야/EF"
          },
          {
            "id": 4,
            "text": "2 : 근데 지금 추석이라서 펜션 잡기 어려웠을 텐데 어떻게 잘 잡았네?",
            "norm_text": "근데 지금 추석이라서 펜션 잡기 어려웠을 텐데 어떻게 잘 잡았네?",
            "speaker": {
              "id": "2번",
              "sex": "여성",
              "age": "20대"
            },
            "speechAct": "(지시) 질문하기",
            "morpheme": "근데/MAJ+지금/MAG+추석/NNG+이/VCP+라서/EC+펜션/NNG+잡/VV+기/ETN+어려웠을/VA+EP+ETM+텐데/NNB+VCP+EC+어떻게/MAG+잘/MAG+잡/VV+았/EP+네/EF"
          },
          {
            "id": 5,
            "text": "1 : 아 이거 저번에 강아지 산책 시키다가 만난 인연으로 펜션 잡은 거야",
            "norm_text": "아 이거 저번에 강아지 산책 시키다가 만난 인연으로 펜션 잡은 거야",
            "speaker": {
              "id": "1번",
              "sex": "여성",
              "age": "20대"
            },
            "speechAct": "(단언) 진술하기",
            "morpheme": "아/IC+이거/NP+저번/NNG+에/JKB+강아지/NNG+산책/NNG+시키/XSV+다가/EC+만난/VV+ETM+인연/NNG+으로/JKB+펜션/NNG+잡/VV+은/ETM+거/NNB+야/VCP+EF"
          },
          {
            "id": 6,
            "text": "2 : 엥? 그건 또 무슨 소리야 키키",
            "norm_text": "엥? 그건 또 무슨 소리야 키키",
            "speaker": {
              "id": "2번",
              "sex": "여성",
              "age": "20대"
            },
            "speechAct": "(지시) 질문하기",
            "morpheme": "엥/IC+그건/NP+JX+또/MAG+무슨/MM+소리야/NNG+키/NNG+키/XSV+ETN"
          },
          {
            "id": 7,
            "text": "1 : 집 앞에서 강아지 산책 시키고 있었는데 강아지 산책 시키시는 분이랑 이야기 나누다가 알고 보니 그 분이 애견 동반 펜션 사장님이라고 하면서 놀러 오라고 하더라고",
            "norm_text": "집 앞에서 강아지 산책 시키고 있었는데 강아지 산책 시키시는 분이랑 이야기 나누다가 알고 보니 그 분이 애견 동반 펜션 사장님이라고 하면서 놀러 오라고 하더라고",
            "speaker": {
              "id": "1번",
              "sex": "여성",
              "age": "20대"
            },
            "speechAct": "(단언) 진술하기",
            "morpheme": "집/NNG+앞/NNG+에서/JKB+강아지/NNG+산책/NNG+시키/XSV+고/EC+있/VX+었/EP+는데/EC+강아지/NNG+산책/NNG+시키/XSV+시/EP+는/ETM+분/NNB+이랑/JKB+이야기/NNG+나누/VV+다가/EC+알/VV+고/EC+보/VX+니/EC+그분/NP+이/JKS+애견/NNG+동반/NNG+펜션/NNG+사장/NNG+님/XSN+이/VCP+라고/EC+하/VV+면서/EC+놀러오/VV+라고/EC+하/VV+더라고/EC"
          },
          {
            "id": 8,
            "text": "2 : 와... 키키 대박이다 근데 그 분이랑 금새 친해진 언니도 대단",
            "norm_text": "와... 키키 대박이다 근데 그 분이랑 금새 친해진 언니도 대단",
            "speaker": {
              "id": "2번",
              "sex": "여성",
              "age": "20대"
            },
            "speechAct": "(단언) 주장하기",
            "morpheme": "와/IC+./SY+키/NNG+키/NNG+대박/NNG+이/VCP+다/EF+근데/MAJ+그분/NP+이랑/JKB+금새/MAG+친해진/VA+EC+VX+ETM+언니/NNG+도/JX+대단/XR"
          },
          {
            "id": 9,
            "text": "1 : 아니야 키키 그 분이 친화력이 좋으신 거야",
            "norm_text": "아니야 키키 그 분이 친화력이 좋으신 거야",
            "speaker": {
              "id": "1번",
              "sex": "여성",
              "age": "20대"
            },
            "speechAct": "(단언) 주장하기",
            "morpheme": "아니야/IC+키/NNG+키/XSV+ETN+그분/NP+이/JKS+친화력/NNG+이/JKS+좋/VA+으신/EP+ETM+거/NNB+야/VCP+EF"
          },
          {
            "id": 10,
            "text": "2 : 그래서 그 분 펜션에 가족들끼리 놀러간 거야?",
            "norm_text": "그래서 그 분 펜션에 가족들끼리 놀러간 거야?",
            "speaker": {
              "id": "2번",
              "sex": "여성",
              "age": "20대"
            },
            "speechAct": "(지시) 질문하기",
            "morpheme": "그래서/MAJ+그분/NP+펜션/NNG+에/JKB+가족/NNG+들/XSN+끼리/XSN+놀/VV+러/EC+간/VV+ETM+거/NNB+야/VCP+EF"
          },
          {
            "id": 11,
            "text": "1 : 응응 키키 자리 없을까 봐 걱정했는데 사장님이 방 하나 빼 놔주셔서 수월하게 예약했어",
            "norm_text": "응응 키키 자리 없을까 봐 걱정했는데 사장님이 방 하나 빼 놔주셔서 수월하게 예약했어",
            "speaker": {
              "id": "1번",
              "sex": "여성",
              "age": "20대"
            },
            "speechAct": "(단언) 진술하기",
            "morpheme": "응/IC+응/IC+키/NNG+키/NNG+자리/NNG+없/VA+을까/EC+봐/VX+EF+걱정/NNG+했/XSV+EP+는데/EC+사장/NNG+님/XSN+이/JKS+방/NNG+하나/NR+빼/VV+EC+놔/VX+EC+주/VX+셔서/EP+EC+수월/XR+하/XSA+게/EC+예약/NNG+했/XSV+EP+어/EC"
          },
          {
            "id": 12,
            "text": "2 : 와 어떻게 인연이 돼 가지고 그렇게 놀러도 가네",
            "norm_text": "와 어떻게 인연이 돼 가지고 그렇게 놀러도 가네",
            "speaker": {
              "id": "2번",
              "sex": "여성",
              "age": "20대"
            },
            "speechAct": "(단언) 주장하기",
            "morpheme": "와/IC+어떻게/MAG+인연/NNG+이/JKS+돼/VV+EC+가지/VX+고/EC+그렇게/MAG+놀/VV+러/EC+도가네/NNP"
          },
          {
            "id": 13,
            "text": "1 : 응응 키키 나도 신기했어",
            "norm_text": "응응 키키 나도 신기했어",
            "speaker": {
              "id": "1번",
              "sex": "여성",
              "age": "20대"
            },
            "speechAct": "(단언) 주장하기",
            "morpheme": "응/IC+응/IC+키/NNG+키나/XSA+ETN+JX+도/JX+신기/XR+했/XSA+EP+어/EC"
          },
          {
            "id": 14,
            "text": "2 : 나도 이번 추석에는 시골 안 가고 가족들끼리 차박 왔어",
            "norm_text": "나도 이번 추석에는 시골 안 가고 가족들끼리 차박 왔어",
            "speaker": {
              "id": "2번",
              "sex": "여성",
              "age": "20대"
            },
            "speechAct": "(단언) 진술하기",
            "morpheme": "나/NP+도/JX+이번/NNG+추석/NNG+에/JKB+는/JX+시골/NNG+안/MAG+가/VV+고/EC+가족/NNG+들/XSN+끼리/XSN+차/NNG+박/VV+왔/EC+VV+EP+어/EC"
          },
          {
            "id": 15,
            "text": "1 : 헐 차박 어때? 차박 완전 내 로망이야 ㅠ",
            "norm_text": "헐 차박 어때? 차박 완전 내 로망이야 ㅠ",
            "speaker": {
              "id": "1번",
              "sex": "여성",
              "age": "20대"
            },
            "speechAct": "(지시) 질문하기",
            "morpheme": "헐/IC+차/NNG+박/VV+어/EC+때/NNG+?/SY+차/NNG+박/NNP+완전/NNG+내/NNB+로/JKB+망이/NNP+야ㅠ/UNKNOWN"
          },
          {
            "id": 16,
            "text": "2 : 나름 괜찮은 것 같아",
            "norm_text": "나름 괜찮은 것 같아",
            "speaker": {
              "id": "2번",
              "sex": "여성",
              "age": "20대"
            },
            "speechAct": "(단언) 주장하기",
            "morpheme": "나름/NNB+괜찮/VA+은/ETM+것/NNB+같/VA+아/EC"
          }
        ]
      }
    }
  ]
}