{
  "dataset": {
    "identifier": 63141,
    "name": "KAKAO_918_10_set",
    "src_path": "/data/file/cubeManager/PROJECT001/53/txt20211005154951052850/KAKAO_918_10_set/",
    "label_path": "/data/file/cubeManager/PROJECT001/53/txt20211005154951052850/KAKAO_918_10_set/",
    "category": 2,
    "type": 0
  },
  "licenses": {
    "name": "Apache License 1.0",
    "url": "http://www.apache.org/licenses/LICENSE-1.0"
  },
  "info": [
    {
      "id": 41787,
      "filename": "KAKAO_918_10.txt",
      "title": "KAKAO_918_10",
      "mediatype": "SNS",
      "medianame": "카카오톡",
      "category": "일상대화",
      "date": "2021-10-05",
      "size": 463,
      "annotations": {
        "subject": "스포츠/레저",
        "speaker_type": "1:1",
        "size": 463,
        "word_size": 162,
        "text": "1 : 요즘 운동하고 있나?\n1 : 저번에 봤을 때 살 쫌 쪘던데?\n2 : 퇴근하고 매일 헬스장 간다\n2 : 관리해야지 이제\n1 : 진짜 관리해야 된다 키키\n1 : 난 계속 앉아 있으니까 다리가 붓더라\n2 : 너도 운동 좀 해야겠네?\n1 : 엉 키키 나도 운동해야 되는데 잘 안 하게 된다\n2 : 저녁에 동네라도 한 바퀴 돌지.\n1 : 가끔 엄마랑 공원에 산책하러 가 키키 진짜 가끔\n2 : 나는 퇴근하고 집 와서 닭 가슴살 한 개 먹고 바로 헬스장 간다\n1 : 키키 헬스인의 삶인가...\n1 : 나는 닭 가슴살 먹어본 적이 없다 키키\n2 : 맛없다 나는 몸 만들려고 먹는 거지\n1 : 맨날 먹으면 안 질리나? 키키 물릴 것 같다\n2 : 물려도 어쩔 수 없다\n2 :  냉장고에 닭 가슴살 밖에 없다\n1 : 키키 나는 왜 말만 들어도 물리는 것 같지,\n2 : 맛있는 닭 가슴살도 많타 키키\n1 : 닭 가슴살이 다 거기서 거기 아니야?\n2 : 아니야 맛있는 것도 많아",
        "lines": [
          {
            "id": 1,
            "text": "1 : 요즘 운동하고 있나?",
            "norm_text": "요즘 운동하고 있나?",
            "speaker": {
              "id": "1번",
              "sex": "여성",
              "age": "20대"
            },
            "speechAct": "(지시) 질문하기",
            "morpheme": "요즘/NNG+운동/NNG+하/XSV+고/EC+있/VX+나/EF"
          },
          {
            "id": 2,
            "text": "1 : 저번에 봤을 때 살 쫌 쪘던데?",
            "norm_text": "저번에 봤을 때 살 쫌 쪘던데?",
            "speaker": {
              "id": "1번",
              "sex": "여성",
              "age": "20대"
            },
            "speechAct": "(단언) 주장하기",
            "morpheme": "저번/NNG+에/JKB+봤/VV+EP+을/ETM+때/NNG+살/NNG+쫌/XSN+쪘/VV+EP+던데/EF"
          },
          {
            "id": 3,
            "text": "2 : 퇴근하고 매일 헬스장 간다",
            "norm_text": "퇴근하고 매일 헬스장 간다",
            "speaker": {
              "id": "2번",
              "sex": "남성",
              "age": "30대"
            },
            "speechAct": "(단언) 진술하기",
            "morpheme": "퇴근/NNG+하/XSV+고/EC+매일/MAG+헬스/NNG+장/NNG+간다/VV+EC"
          },
          {
            "id": 4,
            "text": "2 : 관리해야지 이제",
            "norm_text": "관리해야지 이제",
            "speaker": {
              "id": "2번",
              "sex": "남성",
              "age": "30대"
            },
            "speechAct": "(단언) 진술하기",
            "morpheme": "관리/NNG+해야지/XSV+EC+이제/MAG"
          },
          {
            "id": 5,
            "text": "1 : 진짜 관리해야 된다 키키",
            "norm_text": "진짜 관리해야 된다 키키",
            "speaker": {
              "id": "1번",
              "sex": "여성",
              "age": "20대"
            },
            "speechAct": "(단언) 진술하기",
            "morpheme": "진짜/MAG+관리/NNG+해야/XSV+EC+된/VV+ETM+다키키/NNP"
          },
          {
            "id": 6,
            "text": "1 : 난 계속 앉아 있으니까 다리가 붓더라",
            "norm_text": "난 계속 앉아 있으니까 다리가 붓더라",
            "speaker": {
              "id": "1번",
              "sex": "여성",
              "age": "20대"
            },
            "speechAct": "(단언) 진술하기",
            "morpheme": "난/NP+JX+계속/MAG+앉/VV+아/EC+있/VX+으니까/EC+다리/NNG+가/JKS+붓/VV+더라/EC"
          },
          {
            "id": 7,
            "text": "2 : 너도 운동 좀 해야겠네?",
            "norm_text": "너도 운동 좀 해야겠네?",
            "speaker": {
              "id": "2번",
              "sex": "남성",
              "age": "30대"
            },
            "speechAct": "(지시) 질문하기",
            "morpheme": "너/NP+도/JX+운동/NNG+좀/MAG+해야겠네/VV+EC+VX+EP+EF"
          },
          {
            "id": 8,
            "text": "1 : 엉 키키 나도 운동해야 되는데 잘 안 하게 된다",
            "norm_text": "엉 키키 나도 운동해야 되는데 잘 안 하게 된다",
            "speaker": {
              "id": "1번",
              "sex": "여성",
              "age": "20대"
            },
            "speechAct": "(단언) 진술하기",
            "morpheme": "엉/IC+키/NNG+키나/XSA+ETN+JX+도/JX+운동/NNG+해야/XSV+EC+되/VV+는데/EC+잘/MAG+안/MAG+하/VV+게/EC+된다/VV+EC"
          },
          {
            "id": 9,
            "text": "2 : 저녁에 동네라도 한 바퀴 돌지.",
            "norm_text": "저녁에 동네라도 한 바퀴 돌지.",
            "speaker": {
              "id": "2번",
              "sex": "남성",
              "age": "30대"
            },
            "speechAct": "(지시) 질문하기",
            "morpheme": "저녁/NNG+에/JKB+동네/NNG+라도/VCP+EC+한/MM+바퀴/NNBC+돌/VV+지/EF"
          },
          {
            "id": 10,
            "text": "1 : 가끔 엄마랑 공원에 산책하러 가 키키 진짜 가끔",
            "norm_text": "가끔 엄마랑 공원에 산책하러 가 키키 진짜 가끔",
            "speaker": {
              "id": "1번",
              "sex": "여성",
              "age": "20대"
            },
            "speechAct": "(단언) 진술하기",
            "morpheme": "가끔/MAG+엄마/NNG+랑/JKB+공원/NNG+에/JKB+산책/NNG+하/XSV+러/EC+가/JKS+키/NNG+키/XSV+ETN+진짜/MAG+가끔/MAG"
          },
          {
            "id": 11,
            "text": "2 : 나는 퇴근하고 집 와서 닭 가슴살 한 개 먹고 바로 헬스장 간다",
            "norm_text": "나는 퇴근하고 집 와서 닭 가슴살 한 개 먹고 바로 헬스장 간다",
            "speaker": {
              "id": "2번",
              "sex": "남성",
              "age": "30대"
            },
            "speechAct": "(단언) 진술하기",
            "morpheme": "나/NP+는/JX+퇴근/NNG+하/XSV+고/EC+집/NNG+와서/VV+EC+닭/NNG+가슴살/NNG+한/MM+개/NNBC+먹/VV+고/EC+바로/MAG+헬스/NNG+장/NNG+간다/VV+EC"
          },
          {
            "id": 12,
            "text": "1 : 키키 헬스인의 삶인가...",
            "norm_text": "키키 헬스인의 삶인가...",
            "speaker": {
              "id": "1번",
              "sex": "여성",
              "age": "20대"
            },
            "speechAct": "(단언) 주장하기",
            "morpheme": "키/NNG+키/NNG+헬스/NNG+인/XSN+의/JKG+삶/NNG+인가/VCP+EF+./SY"
          },
          {
            "id": 13,
            "text": "1 : 나는 닭 가슴살 먹어본 적이 없다 키키",
            "norm_text": "나는 닭 가슴살 먹어본 적이 없다 키키",
            "speaker": {
              "id": "1번",
              "sex": "여성",
              "age": "20대"
            },
            "speechAct": "(단언) 진술하기",
            "morpheme": "나/NP+는/JX+닭/NNG+가슴살/NNG+먹/VV+어/EC+본/VX+ETM+적/NNB+이/JKS+없/VA+다키키/NNP"
          },
          {
            "id": 14,
            "text": "2 : 맛없다 나는 몸 만들려고 먹는 거지",
            "norm_text": "맛없다 나는 몸 만들려고 먹는 거지",
            "speaker": {
              "id": "2번",
              "sex": "남성",
              "age": "30대"
            },
            "speechAct": "(단언) 주장하기",
            "morpheme": "맛없/VA+다/EF+나/NP+는/JX+몸/NNG+만들/VV+려고/EC+먹/VV+는/ETM+거/NNB+지/VCP+EC"
          },
          {
            "id": 15,
            "text": "1 : 맨날 먹으면 안 질리나? 키키 물릴 것 같다",
            "norm_text": "맨날 먹으면 안 질리나? 키키 물릴 것 같다",
            "speaker": {
              "id": "1번",
              "sex": "여성",
              "age": "20대"
            },
            "speechAct": "(지시) 질문하기",
            "morpheme": "맨날/MAG+먹/VV+으면/EC+안/MAG+질리/VV+나/EF+키/NNG+키/XSV+ETN+물릴/VV+ETM+것/NNB+같/VA+다/EC"
          },
          {
            "id": 16,
            "text": "2 : 물려도 어쩔 수 없다",
            "norm_text": "물려도 어쩔 수 없다",
            "speaker": {
              "id": "2번",
              "sex": "남성",
              "age": "30대"
            },
            "speechAct": "(단언) 진술하기",
            "morpheme": "물려도/VV+EC+어쩔/VV+ETM+수/NNB+없/VA+다/EC"
          },
          {
            "id": 17,
            "text": "2 :  냉장고에 닭 가슴살 밖에 없다",
            "norm_text": "냉장고에 닭 가슴살 밖에 없다",
            "speaker": {
              "id": "2번",
              "sex": "남성",
              "age": "30대"
            },
            "speechAct": "(단언) 진술하기",
            "morpheme": "냉장고/NNG+에/JKB+닭/NNG+가슴살/NNG+밖에/JX+없/VA+다/EC"
          },
          {
            "id": 18,
            "text": "1 : 키키 나는 왜 말만 들어도 물리는 것 같지,",
            "norm_text": "키키 나는 왜 말만 들어도 물리는 것 같지,",
            "speaker": {
              "id": "1번",
              "sex": "여성",
              "age": "20대"
            },
            "speechAct": "(단언) 진술하기",
            "morpheme": "키/NNG+키나/XSA+ETN+JX+는/JX+왜/MAG+말/NNG+만들/VV+어도/EC+물리/VV+는/ETM+것/NNB+같/VA+지/EF+,/SC"
          },
          {
            "id": 19,
            "text": "2 : 맛있는 닭 가슴살도 많타 키키",
            "norm_text": "맛있는 닭 가슴살도 많타 키키",
            "speaker": {
              "id": "2번",
              "sex": "남성",
              "age": "30대"
            },
            "speechAct": "(단언) 진술하기",
            "morpheme": "맛있/VA+는/ETM+닭/NNG+가슴살/NNG+도/JX+많/VA+타키/NNP+키/NNG"
          },
          {
            "id": 20,
            "text": "1 : 닭 가슴살이 다 거기서 거기 아니야?",
            "norm_text": "닭 가슴살이 다 거기서 거기 아니야?",
            "speaker": {
              "id": "1번",
              "sex": "여성",
              "age": "20대"
            },
            "speechAct": "(지시) 질문하기",
            "morpheme": "닭/NNG+가슴살/NNG+이/VCP+다/EF+거기/NP+서/JKB+거기/NP+아니/VCN+야/EF"
          },
          {
            "id": 21,
            "text": "2 : 아니야 맛있는 것도 많아",
            "norm_text": "아니야 맛있는 것도 많아",
            "speaker": {
              "id": "2번",
              "sex": "남성",
              "age": "30대"
            },
            "speechAct": "(단언) 진술하기",
            "morpheme": "아니야/IC+맛있/VA+는/ETM+것/NNB+도/JX+많/VA+아/EC"
          }
        ]
      }
    }
  ]
}