{
  "dataset": {
    "identifier": 63828,
    "name": "KAKAO_901_04_set",
    "src_path": "/data/file/cubeManager/PROJECT001/53/txt20211005153438074276/KAKAO_901_04_set/",
    "label_path": "/data/file/cubeManager/PROJECT001/53/txt20211005153438074276/KAKAO_901_04_set/",
    "category": 2,
    "type": 0
  },
  "licenses": {
    "name": "Apache License 1.0",
    "url": "http://www.apache.org/licenses/LICENSE-1.0"
  },
  "info": [
    {
      "id": 41481,
      "filename": "KAKAO_901_04.txt",
      "title": "KAKAO_901_04",
      "mediatype": "SNS",
      "medianame": "카카오톡",
      "category": "일상대화",
      "date": "2021-10-05",
      "size": 451,
      "annotations": {
        "subject": "회사/아르바이트",
        "speaker_type": "1:1",
        "size": 451,
        "word_size": 143,
        "text": "1 : 취업 준비는 잘하고 있나 키키\n2 : 노력은 하는데 잘 모르겠네요 ㅠㅠ\n1 : 니 뭐 스펙이 좋으니까 금방 할끼라\n2 : 아니에요 서른인데 뭐 제대로 사회생활도 못했는데\n1 : 괜찮다 괜찮아 나도 이러고 있는데 뭐\n2 : 형은 자격증 발표는 언제 나요?\n1 : 나 10월 중순 키키 1차는 합격인데 2차가 모르겠네\n2 : 헐 1차 합격은 했는거에요?\n1 : 가답안 나왔는데 맞춰 보니까 합격이더라 키키\n2 : 오 축하해요! 2차는 어떤 시험이에요? 실기?\n1 : 주관식인데 이게 뭐 어떻게 될지 모르겠다 키키\n2 : 오 주관식은 또 좀 힘들죠 ㅠㅠ 잘 될꺼에요\n1 : 어... 그거 안 될 수도 있어서 또 국비로 다른 거 공부하려고 신청해 놓음\n2 : 오 대단하네요 키키 어떤 공부 하시는 거에요?\n1 : 요새 뭐 프로그램 이런 거 많이 하길래 그쪽으로 배워 보려고 키키\n2 : 아 그것도 괜찮죠 그런 쪽으로도 취업 잘 되니깐",
        "lines": [
          {
            "id": 1,
            "text": "1 : 취업 준비는 잘하고 있나 키키",
            "norm_text": "취업 준비는 잘하고 있나 키키",
            "speaker": {
              "id": "1번",
              "sex": "남성",
              "age": "20대"
            },
            "speechAct": "(지시) 질문하기",
            "morpheme": "취업/NNG+준비/NNG+는/JX+잘/MAG+하/VV+고/EC+있/VX+나/EC+키/NNG+키/XSV+ETN"
          },
          {
            "id": 2,
            "text": "2 : 노력은 하는데 잘 모르겠네요 ㅠㅠ",
            "norm_text": "노력은 하는데 잘 모르겠네요 ㅠㅠ",
            "speaker": {
              "id": "2번",
              "sex": "남성",
              "age": "20대"
            },
            "speechAct": "(단언) 주장하기",
            "morpheme": "노력/NNG+은/JX+하/VV+는데/EC+잘/MAG+모르/VV+겠/EP+네요/EF+ㅠㅠ/UNKNOWN"
          },
          {
            "id": 3,
            "text": "1 : 니 뭐 스펙이 좋으니까 금방 할끼라",
            "norm_text": "니 뭐 스펙이 좋으니까 금방 할끼라",
            "speaker": {
              "id": "1번",
              "sex": "남성",
              "age": "20대"
            },
            "speechAct": "(단언) 주장하기",
            "morpheme": "니/MM+뭐/IC+스펙/NNP+이/JKS+좋/VA+으니까/EC+금방/MAG+할끼/VV+라/EC"
          },
          {
            "id": 4,
            "text": "2 : 아니에요 서른인데 뭐 제대로 사회생활도 못했는데",
            "norm_text": "아니에요 서른인데 뭐 제대로 사회생활도 못했는데",
            "speaker": {
              "id": "2번",
              "sex": "남성",
              "age": "20대"
            },
            "speechAct": "(단언) 진술하기",
            "morpheme": "아니/VCN+에요/EF+서른/NR+인데/VCP+EC+뭐/IC+제대로/MAG+사회/NNG+생활/NNG+도/JX+못/MAG+했/VV+EP+는데/EC"
          },
          {
            "id": 5,
            "text": "1 : 괜찮다 괜찮아 나도 이러고 있는데 뭐",
            "norm_text": "괜찮다 괜찮아 나도 이러고 있는데 뭐",
            "speaker": {
              "id": "1번",
              "sex": "남성",
              "age": "20대"
            },
            "speechAct": "(단언) 진술하기",
            "morpheme": "괜찮/VA+다/EC+괜찮/VA+아/EC+나/NP+도/JX+이러/VV+고/EC+있/VX+는데/EC+뭐/IC"
          },
          {
            "id": 6,
            "text": "2 : 형은 자격증 발표는 언제 나요?",
            "norm_text": "형은 자격증 발표는 언제 나요?",
            "speaker": {
              "id": "2번",
              "sex": "남성",
              "age": "20대"
            },
            "speechAct": "(지시) 질문하기",
            "morpheme": "형/NNG+은/JX+자격증/NNG+발표/NNG+는/JX+언제나/MAG+요/JX"
          },
          {
            "id": 7,
            "text": "1 : 나 10월 중순 키키 1차는 합격인데 2차가 모르겠네",
            "norm_text": "나 10월 중순 키키 1차는 합격인데 2차가 모르겠네",
            "speaker": {
              "id": "1번",
              "sex": "남성",
              "age": "20대"
            },
            "speechAct": "(단언) 주장하기",
            "morpheme": "나/NP+10/SN+월/NNBC+중순/NNG+키/NNG+키/XSV+ETN+1/SN+차/NNBC+는/JX+합격/NNG+인데/VCP+EC+2/SN+차/NNBC+가/JKS+모르/VV+겠/EP+네/EF"
          },
          {
            "id": 8,
            "text": "2 : 헐 1차 합격은 했는거에요?",
            "norm_text": "헐 1차 합격은 했는거에요?",
            "speaker": {
              "id": "2번",
              "sex": "남성",
              "age": "20대"
            },
            "speechAct": "(지시) 질문하기",
            "morpheme": "헐/VV+ETM+1/SN+차/NNBC+합격/NNG+은/JX+했/VV+EP+는/ETM+거/NNB+에요/VCP+EF"
          },
          {
            "id": 9,
            "text": "1 : 가답안 나왔는데 맞춰 보니까 합격이더라 키키",
            "norm_text": "가답안 나왔는데 맞춰 보니까 합격이더라 키키",
            "speaker": {
              "id": "1번",
              "sex": "남성",
              "age": "20대"
            },
            "speechAct": "(단언) 진술하기",
            "morpheme": "가/JKS+답/NNG+안/MAG+나왔/VV+EP+는데/EC+맞춰/VV+EC+보/VX+니까/EC+합격/NNG+이/JKS+더/MAG+라키/NNP+키/NNG"
          },
          {
            "id": 10,
            "text": "2 : 오 축하해요! 2차는 어떤 시험이에요? 실기?",
            "norm_text": "오 축하해요! 2차는 어떤 시험이에요? 실기?",
            "speaker": {
              "id": "2번",
              "sex": "남성",
              "age": "20대"
            },
            "speechAct": "(지시) 질문하기",
            "morpheme": "오/NR+축하/NNG+해요/XSV+EF+2/SN+차/NNBC+는/JX+어떤/MM+시험/NNG+이/VCP+에요/EF+실기/NNG"
          },
          {
            "id": 11,
            "text": "1 : 주관식인데 이게 뭐 어떻게 될지 모르겠다 키키",
            "norm_text": "주관식인데 이게 뭐 어떻게 될지 모르겠다 키키",
            "speaker": {
              "id": "1번",
              "sex": "남성",
              "age": "20대"
            },
            "speechAct": "(단언) 주장하기",
            "morpheme": "주관식/NNG+인데/VCP+EC+이게/NP+JKS+뭐/IC+어떻게/MAG+될지/VV+EC+모르/VV+겠/EP+다키키/NNP"
          },
          {
            "id": 12,
            "text": "2 : 오 주관식은 또 좀 힘들죠 ㅠㅠ 잘 될꺼에요",
            "norm_text": "오 주관식은 또 좀 힘들죠 ㅠㅠ 잘 될꺼에요",
            "speaker": {
              "id": "2번",
              "sex": "남성",
              "age": "20대"
            },
            "speechAct": "(단언) 주장하기",
            "morpheme": "오/NR+주/NNBC+관식/NNG+은/JX+또/MAG+좀/MAG+힘들/VA+죠/EF+ㅠㅠ/UNKNOWN+잘/MAG+될/VV+ETM+꺼/NNB+VCP+에요/EF"
          },
          {
            "id": 13,
            "text": "1 : 어... 그거 안 될 수도 있어서 또 국비로 다른 거 공부하려고 신청해 놓음",
            "norm_text": "어... 그거 안 될 수도 있어서 또 국비로 다른 거 공부하려고 신청해 놓음",
            "speaker": {
              "id": "1번",
              "sex": "남성",
              "age": "20대"
            },
            "speechAct": "(단언) 진술하기",
            "morpheme": "어/IC+./SY+그거/NP+안/MAG+될/VV+ETM+수/NNB+도/JX+있/VA+어서/EC+또/MAG+국비/NNG+로/JKB+다른/VA+ETM+거/NNB+공부/NNG+하/XSV+려고/EC+신청/NNG+해/XSV+EC+놓/VX+음/ETN"
          },
          {
            "id": 14,
            "text": "2 : 오 대단하네요 키키 어떤 공부 하시는 거에요?",
            "norm_text": "오 대단하네요 키키 어떤 공부 하시는 거에요?",
            "speaker": {
              "id": "2번",
              "sex": "남성",
              "age": "20대"
            },
            "speechAct": "(지시) 질문하기",
            "morpheme": "오/IC+대단/XR+하/XSA+네요/EF+키키/NNP+어떤/MM+공부/NNG+하/XSV+시/EP+는/ETM+거/NNB+에요/VCP+EF"
          },
          {
            "id": 15,
            "text": "1 : 요새 뭐 프로그램 이런 거 많이 하길래 그쪽으로 배워 보려고 키키",
            "norm_text": "요새 뭐 프로그램 이런 거 많이 하길래 그쪽으로 배워 보려고 키키",
            "speaker": {
              "id": "1번",
              "sex": "남성",
              "age": "20대"
            },
            "speechAct": "(단언) 진술하기",
            "morpheme": "요새/MAG+뭐/IC+프로그램/NNG+이런/MM+거/NNB+많이/MAG+하/VV+길래/EC+그쪽/NP+으로/JKB+배워/VV+EC+보/VX+려고/EC+키/NNG+키/XSV+ETN"
          },
          {
            "id": 16,
            "text": "2 : 아 그것도 괜찮죠 그런 쪽으로도 취업 잘 되니깐",
            "norm_text": "아 그것도 괜찮죠 그런 쪽으로도 취업 잘 되니깐",
            "speaker": {
              "id": "2번",
              "sex": "남성",
              "age": "20대"
            },
            "speechAct": "(단언) 진술하기",
            "morpheme": "아/IC+그것/NP+도/JX+괜찮/VA+죠/EF+그런/MM+쪽/NNB+으로/JKB+도/JX+취업/NNG+잘/MAG+되/VV+니깐/EC"
          }
        ]
      }
    }
  ]
}