{
  "dataset": {
    "identifier": 63266,
    "name": "KAKAO_916_04_set",
    "src_path": "/data/file/cubeManager/PROJECT001/53/txt20211005155003038563/KAKAO_916_04_set/",
    "label_path": "/data/file/cubeManager/PROJECT001/53/txt20211005155003038563/KAKAO_916_04_set/",
    "category": 2,
    "type": 0
  },
  "licenses": {
    "name": "Apache License 1.0",
    "url": "http://www.apache.org/licenses/LICENSE-1.0"
  },
  "info": [
    {
      "id": 41801,
      "filename": "KAKAO_916_04.txt",
      "title": "KAKAO_916_04",
      "mediatype": "SNS",
      "medianame": "카카오톡",
      "category": "일상대화",
      "date": "2021-10-05",
      "size": 482,
      "annotations": {
        "subject": "회사/아르바이트",
        "speaker_type": "1:1",
        "size": 482,
        "word_size": 163,
        "text": "1 : 빨리 직장 구해야 하는데 취업하기 너무 어렵다 요즘 ㅠㅠ\n2 : 맞다 요즘 일자리 없다고 말 많터라 ㅠㅠ\n1 : ㅠㅠ 빨리 취업해야 엄마 잔소리 안 듣는데\n2 : 집에서 눈치 주시나? ㅠㅠ\n1 : 응 ㅠㅠ 엄마가 맨날 공부하라고 잔소리한당\n2 : 어디 쪽으로 일하고 싶은데?\n1 : 나는 미용 했었는데 계속 미용에 대한 미련이 남는다 ㅠㅠ\n2 : 팔은 좀 어떤데 괜찮나?\n1 : 치료를 받은 게 아니라서 똑같다 ㅠㅠ\n1 : 저리고 미용을 할 수 없어서 더 그런 것 같당\n2 : ㅠㅠ 그럼 다른 쪽으로 알아봐야겠네\n1 : 근데 또 다른 걸로 하려고 하니까 마음이 안 가서 못하겠어 ㅠㅠ\n2 : 사람이 어떻게 하고 싶은 것만 하고 살겠노 ㅠㅠ\n1 : 그러니까 ㅠㅠ 너무 답답하다\n1 : 틀에 박힌 일이 하기 싫다 나는 ㅠㅠ\n2 : ㅠㅠ 나는 뭐 좋아서 하나\n2 : 돈 벌려고 뭐라도 하는 거지\n1 : 그렇제 근데 왜 마음이 안 가노 ㅠㅠ\n2 : 먹고 살려면 뭐라도 해야지 ㅠㅠ 마음 안 가도",
        "lines": [
          {
            "id": 1,
            "text": "1 : 빨리 직장 구해야 하는데 취업하기 너무 어렵다 요즘 ㅠㅠ",
            "norm_text": "빨리 직장 구해야 하는데 취업하기 너무 어렵다 요즘 ㅠㅠ",
            "speaker": {
              "id": "1번",
              "sex": "여성",
              "age": "20대"
            },
            "speechAct": "(단언) 주장하기",
            "morpheme": "빨리/MAG+직장/NNG+구해야/VV+EC+하/VV+는데/EC+취업/NNG+하/XSV+기/ETN+너무/MAG+어렵/VA+다/EC+요즘/NNG+ㅠㅠ/UNKNOWN"
          },
          {
            "id": 2,
            "text": "2 : 맞다 요즘 일자리 없다고 말 많터라 ㅠㅠ",
            "norm_text": "맞다 요즘 일자리 없다고 말 많터라 ㅠㅠ",
            "speaker": {
              "id": "2번",
              "sex": "남성",
              "age": "20대"
            },
            "speechAct": "(단언) 진술하기",
            "morpheme": "맞/VV+다/EC+요즘/NNG+일자리/NNG+없/VA+다고/EC+말/NNG+많/VA+터/NNB+라/VCP+EC+ㅠㅠ/UNKNOWN"
          },
          {
            "id": 3,
            "text": "1 : ㅠㅠ 빨리 취업해야 엄마 잔소리 안 듣는데",
            "norm_text": "ㅠㅠ 빨리 취업해야 엄마 잔소리 안 듣는데",
            "speaker": {
              "id": "1번",
              "sex": "여성",
              "age": "20대"
            },
            "speechAct": "(단언) 주장하기",
            "morpheme": "ㅠㅠ/UNKNOWN+빨리/MAG+취업/NNG+해야/XSV+EC+엄마/NNG+잔소리/NNG+안/MAG+듣/VV+는데/EC"
          },
          {
            "id": 4,
            "text": "2 : 집에서 눈치 주시나? ㅠㅠ",
            "norm_text": "집에서 눈치 주시나? ㅠㅠ",
            "speaker": {
              "id": "2번",
              "sex": "남성",
              "age": "20대"
            },
            "speechAct": "(지시) 질문하기",
            "morpheme": "집/NNG+에서/JKB+눈/NNG+치/XSA+EC+주/VX+시/EP+나/EF+ㅠㅠ/UNKNOWN"
          },
          {
            "id": 5,
            "text": "1 : 응 ㅠㅠ 엄마가 맨날 공부하라고 잔소리한당",
            "norm_text": "응 ㅠㅠ 엄마가 맨날 공부하라고 잔소리한당",
            "speaker": {
              "id": "1번",
              "sex": "여성",
              "age": "20대"
            },
            "speechAct": "(단언) 주장하기",
            "morpheme": "응/IC+ㅠㅠ/UNKNOWN+엄마/NNG+가/JKS+맨날/MAG+공부/NNG+하/XSV+라고/EC+잔소리/NNG+한당/NNG"
          },
          {
            "id": 6,
            "text": "2 : 어디 쪽으로 일하고 싶은데?",
            "norm_text": "어디 쪽으로 일하고 싶은데?",
            "speaker": {
              "id": "2번",
              "sex": "남성",
              "age": "20대"
            },
            "speechAct": "(지시) 질문하기",
            "morpheme": "어디/NP+쪽/NNB+으로/JKB+일/NNG+하/XSV+고/EC+싶/VX+은데/EF"
          },
          {
            "id": 7,
            "text": "1 : 나는 미용 했었는데 계속 미용에 대한 미련이 남는다 ㅠㅠ",
            "norm_text": "나는 미용 했었는데 계속 미용에 대한 미련이 남는다 ㅠㅠ",
            "speaker": {
              "id": "1번",
              "sex": "여성",
              "age": "20대"
            },
            "speechAct": "(단언) 주장하기",
            "morpheme": "나/NP+는/JX+미용/NNG+했었/XSV+EP+는데/EC+계속/MAG+미용/NNG+에/JKB+대한/VV+ETM+미련/NNG+이/JKS+남/VV+는다/EF+ㅠㅠ/UNKNOWN"
          },
          {
            "id": 8,
            "text": "2 : 팔은 좀 어떤데 괜찮나?",
            "norm_text": "팔은 좀 어떤데 괜찮나?",
            "speaker": {
              "id": "2번",
              "sex": "남성",
              "age": "20대"
            },
            "speechAct": "(지시) 질문하기",
            "morpheme": "팔/NNG+은/JX+좀/MAG+어떤/MM+데/NNB+괜찮/VA+나/EF"
          },
          {
            "id": 9,
            "text": "1 : 치료를 받은 게 아니라서 똑같다 ㅠㅠ",
            "norm_text": "치료를 받은 게 아니라서 똑같다 ㅠㅠ",
            "speaker": {
              "id": "1번",
              "sex": "여성",
              "age": "20대"
            },
            "speechAct": "(단언) 주장하기",
            "morpheme": "치료/NNG+를/JKO+받/VV+은/ETM+게/NNB+JKC+아니/VCN+라서/EC+똑같/VA+다/EF+ㅠㅠ/UNKNOWN"
          },
          {
            "id": 10,
            "text": "1 : 저리고 미용을 할 수 없어서 더 그런 것 같당",
            "norm_text": "저리고 미용을 할 수 없어서 더 그런 것 같당",
            "speaker": {
              "id": "1번",
              "sex": "여성",
              "age": "20대"
            },
            "speechAct": "(단언) 주장하기",
            "morpheme": "저리/VA+고/EC+미용/NNG+을/JKO+할/VV+ETM+수/NNB+없/VA+어서/EC+더/MAG+그런/MM+것/NNB+같/VA+당/EF"
          },
          {
            "id": 11,
            "text": "2 : ㅠㅠ 그럼 다른 쪽으로 알아봐야겠네",
            "norm_text": "ㅠㅠ 그럼 다른 쪽으로 알아봐야겠네",
            "speaker": {
              "id": "2번",
              "sex": "남성",
              "age": "20대"
            },
            "speechAct": "(단언) 주장하기",
            "morpheme": "ㅠㅠ/UNKNOWN+그럼/MAJ+다른/MM+쪽/NNB+으로/JKB+알/VV+아/EC+봐야/VX+EC+VV+겠/EP+네/EF"
          },
          {
            "id": 12,
            "text": "1 : 근데 또 다른 걸로 하려고 하니까 마음이 안 가서 못하겠어 ㅠㅠ",
            "norm_text": "근데 또 다른 걸로 하려고 하니까 마음이 안 가서 못하겠어 ㅠㅠ",
            "speaker": {
              "id": "1번",
              "sex": "여성",
              "age": "20대"
            },
            "speechAct": "(단언) 주장하기",
            "morpheme": "근데/MAJ+또/MAG+다른/MM+걸로/NNB+JKB+하/VV+려고/EC+하/VV+니까/EC+마음/NNG+이/JKS+안/MAG+가/VV+서/EC+못하/VX+겠/EP+어/EF+ㅠㅠ/UNKNOWN"
          },
          {
            "id": 13,
            "text": "2 : 사람이 어떻게 하고 싶은 것만 하고 살겠노 ㅠㅠ",
            "norm_text": "사람이 어떻게 하고 싶은 것만 하고 살겠노 ㅠㅠ",
            "speaker": {
              "id": "2번",
              "sex": "남성",
              "age": "20대"
            },
            "speechAct": "(지시) 질문하기",
            "morpheme": "사람/NNG+이/JKS+어떻게/MAG+하/VV+고/EC+싶/VX+은/ETM+것/NNB+만/JX+하/VV+고/EC+살/VV+겠/EP+노/EC+ㅠㅠ/UNKNOWN"
          },
          {
            "id": 14,
            "text": "1 : 그러니까 ㅠㅠ 너무 답답하다",
            "norm_text": "그러니까 ㅠㅠ 너무 답답하다",
            "speaker": {
              "id": "1번",
              "sex": "여성",
              "age": "20대"
            },
            "speechAct": "(단언) 주장하기",
            "morpheme": "그러니까/MAJ+ㅠㅠ/UNKNOWN+너무/MAG+답답/XR+하/XSA+다/EC"
          },
          {
            "id": 15,
            "text": "1 : 틀에 박힌 일이 하기 싫다 나는 ㅠㅠ",
            "norm_text": "틀에 박힌 일이 하기 싫다 나는 ㅠㅠ",
            "speaker": {
              "id": "1번",
              "sex": "여성",
              "age": "20대"
            },
            "speechAct": "(단언) 주장하기",
            "morpheme": "틀/NNG+에/JKB+박힌/VV+ETM+일/NNG+이/JKS+하/VV+기/ETN+싫/VA+다/EF+나/NP+는/JX+ㅠㅠ/UNKNOWN"
          },
          {
            "id": 16,
            "text": "2 : ㅠㅠ 나는 뭐 좋아서 하나",
            "norm_text": "ㅠㅠ 나는 뭐 좋아서 하나",
            "speaker": {
              "id": "2번",
              "sex": "남성",
              "age": "20대"
            },
            "speechAct": "(단언) 주장하기",
            "morpheme": "ㅠㅠ/UNKNOWN+나/NP+는/JX+뭐/IC+좋/VA+아서/EC+하나/NR"
          },
          {
            "id": 17,
            "text": "2 : 돈 벌려고 뭐라도 하는 거지",
            "norm_text": "돈 벌려고 뭐라도 하는 거지",
            "speaker": {
              "id": "2번",
              "sex": "남성",
              "age": "20대"
            },
            "speechAct": "(단언) 주장하기",
            "morpheme": "돈/NNG+벌/VV+려고/EC+뭐/NP+라도/VCP+EC+하/VV+는/ETM+거/NNB+지/VCP+EC"
          },
          {
            "id": 18,
            "text": "1 : 그렇제 근데 왜 마음이 안 가노 ㅠㅠ",
            "norm_text": "그렇제 근데 왜 마음이 안 가노 ㅠㅠ",
            "speaker": {
              "id": "1번",
              "sex": "여성",
              "age": "20대"
            },
            "speechAct": "(단언) 주장하기",
            "morpheme": "그렇/VA+제/EF+근데/MAJ+왜/MAG+마음/NNG+이/JKS+안/MAG+가/VV+노/EC+ㅠㅠ/UNKNOWN"
          },
          {
            "id": 19,
            "text": "2 : 먹고 살려면 뭐라도 해야지 ㅠㅠ 마음 안 가도",
            "norm_text": "먹고 살려면 뭐라도 해야지 ㅠㅠ 마음 안 가도",
            "speaker": {
              "id": "2번",
              "sex": "남성",
              "age": "20대"
            },
            "speechAct": "(단언) 주장하기",
            "morpheme": "먹/VV+고/EC+살/VV+려면/EC+뭐/NP+라도/VCP+EC+해야지/VX+EC+ㅠㅠ/UNKNOWN+마음/NNG+안/MAG+가/VV+도/EC"
          }
        ]
      }
    }
  ]
}