{
  "dataset": {
    "identifier": 62439,
    "name": "KAKAO_920_02_set",
    "src_path": "/data/file/cubeManager/PROJECT001/53/txt20211005161349006825/KAKAO_920_02_set/",
    "label_path": "/data/file/cubeManager/PROJECT001/53/txt20211005161349006825/KAKAO_920_02_set/",
    "category": 2,
    "type": 0
  },
  "licenses": {
    "name": "Apache License 1.0",
    "url": "http://www.apache.org/licenses/LICENSE-1.0"
  },
  "info": [
    {
      "id": 41959,
      "filename": "KAKAO_920_02.txt",
      "title": "KAKAO_920_02",
      "mediatype": "SNS",
      "medianame": "카카오톡",
      "category": "일상대화",
      "date": "2021-10-05",
      "size": 650,
      "annotations": {
        "subject": "주거와 생활",
        "speaker_type": "1:1",
        "size": 650,
        "word_size": 198,
        "text": "1 : 야 우리 주택에 얼마나 살았지?\n2 : 글쎄 뱃속에 있을 때부터면 꽤 오래 살았지?\n1 : 나 주택에만 너무 오래 있어서 그런가 요즘 아파트 사는 애들 보면 부럽더라\n2 : 그래? 아파트는 좀 많이 번거로울 것 같던데... 친구들 집 가보니까\n1 : 왜? 조심해야 할 것들이 많아서 그런가?\n2 : 응 아파트에 살게 되면 층간소음부터 조심해야 하는 게 엄청 많아지긴 하지\n1 : 근데 우린 뛰어다닐 일도 없잖아\n2 : 우리가 분쟁을 안 만들어도 윗집에서 시끄럽게 할 수 있잖아\n1 : 그렇긴 하지 키키\n1 : 내 친구들도 층간소음 떄문에 스트레스 엄청 받아하더라\n2 : 그럴 때 대처방안 하나씩 있으면 괜찮을 텐데... 뭐가 있을까?\n1 : 나는 대처방안보다는 서로가 조심해야 한다고 생각해\n2 : 그치 만들어 놓는다 해도 기분 나빠할 수도 있으니까...\n2 : 근데 요즘 베란다 없이 나오더라\n1 : 오 맞아 요즘 아파트 보면 다 베란다 없더라\n2 : 베란다 없으면 환기도 불편할 것 같은데 따로 식물관리 이런 것도 힘들 것 같고...\n1 : 오 그치! 나 어디서 들었는데 베란다가 화재 발생했을 때 불번짐 역할 한다더라\n2 : 엥? 불번짐?\n2 : 그거 방지해주는 역할 아니야?\n1 : 키키 미안 다른 거 하느라 정신없어서 방지를 빼먹었다 키키\n2 : 그래 키키 바쁘면 나중에 연락해라!",
        "lines": [
          {
            "id": 1,
            "text": "1 : 야 우리 주택에 얼마나 살았지?",
            "norm_text": "야 우리 주택에 얼마나 살았지?",
            "speaker": {
              "id": "1번",
              "sex": "여성",
              "age": "20대"
            },
            "speechAct": "(지시) 질문하기",
            "morpheme": "야/IC+우리/NP+주택/NNG+에/JKB+얼마나/MAG+살/VV+았/EP+지/EF"
          },
          {
            "id": 2,
            "text": "2 : 글쎄 뱃속에 있을 때부터면 꽤 오래 살았지?",
            "norm_text": "글쎄 뱃속에 있을 때부터면 꽤 오래 살았지?",
            "speaker": {
              "id": "2번",
              "sex": "남성",
              "age": "20대"
            },
            "speechAct": "(단언) 진술하기",
            "morpheme": "글쎄/IC+뱃속/NNG+에/JKB+있/VV+을/ETM+때/NNG+부터/JX+면/EC+꽤/MAG+오래/MAG+살/VV+았/EP+지/EF"
          },
          {
            "id": 3,
            "text": "1 : 나 주택에만 너무 오래 있어서 그런가 요즘 아파트 사는 애들 보면 부럽더라",
            "norm_text": "나 주택에만 너무 오래 있어서 그런가 요즘 아파트 사는 애들 보면 부럽더라",
            "speaker": {
              "id": "1번",
              "sex": "여성",
              "age": "20대"
            },
            "speechAct": "(단언) 주장하기",
            "morpheme": "나/NP+주택/NNG+에/JKB+만/JX+너무/MAG+오래/MAG+있/VV+어서/EC+그런가/VA+EC+요즘/NNG+아파트/NNG+사/VV+는/ETM+애/NNG+들/XSN+보/VV+면/EC+부럽/VA+더라/EC"
          },
          {
            "id": 4,
            "text": "2 : 그래? 아파트는 좀 많이 번거로울 것 같던데... 친구들 집 가보니까",
            "norm_text": "그래? 아파트는 좀 많이 번거로울 것 같던데... 친구들 집 가보니까",
            "speaker": {
              "id": "2번",
              "sex": "남성",
              "age": "20대"
            },
            "speechAct": "(단언) 주장하기",
            "morpheme": "그래/IC+아파트/NNG+는/JX+좀/MAG+많이/MAG+번거/XR+로울/XSA+ETM+것/NNB+같/VA+던데/EF+./SY+친구/NNG+들/XSN+집/NNG+가/JKC+보/VV+니까/EC"
          },
          {
            "id": 5,
            "text": "1 : 왜? 조심해야 할 것들이 많아서 그런가?",
            "norm_text": "왜? 조심해야 할 것들이 많아서 그런가?",
            "speaker": {
              "id": "1번",
              "sex": "여성",
              "age": "20대"
            },
            "speechAct": "(지시) 질문하기",
            "morpheme": "왜/MAG+조심/NNG+해야/XSV+EC+할/VX+ETM+것/NNB+들/XSN+이/JKS+많/VA+아서/EC+그런가/VA+EF"
          },
          {
            "id": 6,
            "text": "2 : 응 아파트에 살게 되면 층간소음부터 조심해야 하는 게 엄청 많아지긴 하지",
            "norm_text": "응 아파트에 살게 되면 층간소음부터 조심해야 하는 게 엄청 많아지긴 하지",
            "speaker": {
              "id": "2번",
              "sex": "남성",
              "age": "20대"
            },
            "speechAct": "(단언) 주장하기",
            "morpheme": "응/IC+아파트/NNG+에/JKB+살/VV+게/EC+되/VV+면/EC+층간/NNG+소음/NNG+부터/JX+조심/NNG+해야/XSV+EC+하/VV+는/ETM+게/NNB+JKS+엄청/MAG+많/VA+아/EC+지/VX+긴/ETN+JX+하/VX+지/EC"
          },
          {
            "id": 7,
            "text": "1 : 근데 우린 뛰어다닐 일도 없잖아",
            "norm_text": "근데 우린 뛰어다닐 일도 없잖아",
            "speaker": {
              "id": "1번",
              "sex": "여성",
              "age": "20대"
            },
            "speechAct": "(단언) 주장하기",
            "morpheme": "근데/MAJ+우린/NP+JX+뛰어다닐/VV+ETM+일/NNG+도/JX+없/VA+잖아/EC"
          },
          {
            "id": 8,
            "text": "2 : 우리가 분쟁을 안 만들어도 윗집에서 시끄럽게 할 수 있잖아",
            "norm_text": "우리가 분쟁을 안 만들어도 윗집에서 시끄럽게 할 수 있잖아",
            "speaker": {
              "id": "2번",
              "sex": "남성",
              "age": "20대"
            },
            "speechAct": "(단언) 주장하기",
            "morpheme": "우리/NP+가/JKS+분쟁/NNG+을/JKO+안/MAG+만들/VV+어도/EC+윗집/NNG+에서/JKB+시끄럽/VA+게/EC+할/VX+ETM+수/NNB+있/VV+잖아/EC"
          },
          {
            "id": 9,
            "text": "1 : 그렇긴 하지 키키",
            "norm_text": "그렇긴 하지 키키",
            "speaker": {
              "id": "1번",
              "sex": "여성",
              "age": "20대"
            },
            "speechAct": "(단언) 주장하기",
            "morpheme": "그렇/VA+긴/ETN+JX+하/VX+지/EC+키/NNG+키/XSV+ETN"
          },
          {
            "id": 10,
            "text": "1 : 내 친구들도 층간소음 떄문에 스트레스 엄청 받아하더라",
            "norm_text": "내 친구들도 층간소음 떄문에 스트레스 엄청 받아하더라",
            "speaker": {
              "id": "1번",
              "sex": "여성",
              "age": "20대"
            },
            "speechAct": "(단언) 진술하기",
            "morpheme": "내/NP+JKG+친구/NNG+들/XSN+도/JX+층/NNG+간소/XR+음떄/UNKNOWN+문/NNG+에/JKB+스트레스/NNG+엄청/MAG+받/VV+아/EC+하/VV+더라/EC"
          },
          {
            "id": 11,
            "text": "2 : 그럴 때 대처방안 하나씩 있으면 괜찮을 텐데... 뭐가 있을까?",
            "norm_text": "그럴 때 대처방안 하나씩 있으면 괜찮을 텐데... 뭐가 있을까?",
            "speaker": {
              "id": "2번",
              "sex": "남성",
              "age": "20대"
            },
            "speechAct": "(지시) 질문하기",
            "morpheme": "그럴/VA+ETM+때/NNG+대처/NNG+방안/NNG+하나/NR+씩/XSN+있/VA+으면/EC+괜찮/VA+을/ETM+텐데/NNB+VCP+EF+./SY+뭐/NP+가/JKS+있/VA+을까/EF"
          },
          {
            "id": 12,
            "text": "1 : 나는 대처방안보다는 서로가 조심해야 한다고 생각해",
            "norm_text": "나는 대처방안보다는 서로가 조심해야 한다고 생각해",
            "speaker": {
              "id": "1번",
              "sex": "여성",
              "age": "20대"
            },
            "speechAct": "(단언) 주장하기",
            "morpheme": "나/NP+는/JX+대처/NNG+방안/NNG+보다/JKB+는/JX+서로/NNG+가/JKS+조심/NNG+해야/XSV+EC+한다고/VX+EC+생각/NNG+해/XSV+EC"
          },
          {
            "id": 13,
            "text": "2 : 그치 만들어 놓는다 해도 기분 나빠할 수도 있으니까...",
            "norm_text": "그치 만들어 놓는다 해도 기분 나빠할 수도 있으니까...",
            "speaker": {
              "id": "2번",
              "sex": "남성",
              "age": "20대"
            },
            "speechAct": "(단언) 주장하기",
            "morpheme": "그치/IC+만들/VV+어/EC+놓/VX+는다/EC+해도/VV+EC+기분/NNG+나빠할/VA+EC+VX+ETM+수/NNB+도/JX+있/VA+으니까/EC+./SY+./SY"
          },
          {
            "id": 14,
            "text": "2 : 근데 요즘 베란다 없이 나오더라",
            "norm_text": "근데 요즘 베란다 없이 나오더라",
            "speaker": {
              "id": "2번",
              "sex": "남성",
              "age": "20대"
            },
            "speechAct": "(단언) 진술하기",
            "morpheme": "근데/MAJ+요즘/MAG+베란다/NNG+없이/MAG+나오/VV+더라/EC"
          },
          {
            "id": 15,
            "text": "1 : 오 맞아 요즘 아파트 보면 다 베란다 없더라",
            "norm_text": "오 맞아 요즘 아파트 보면 다 베란다 없더라",
            "speaker": {
              "id": "1번",
              "sex": "여성",
              "age": "20대"
            },
            "speechAct": "(단언) 진술하기",
            "morpheme": "오/NR+맞/VV+아/EC+요즘/NNG+아파트/NNG+보/VV+면/EC+다/MAG+베란다/NNG+없/VA+더라/EC"
          },
          {
            "id": 16,
            "text": "2 : 베란다 없으면 환기도 불편할 것 같은데 따로 식물관리 이런 것도 힘들 것 같고...",
            "norm_text": "베란다 없으면 환기도 불편할 것 같은데 따로 식물관리 이런 것도 힘들 것 같고...",
            "speaker": {
              "id": "2번",
              "sex": "남성",
              "age": "20대"
            },
            "speechAct": "(단언) 주장하기",
            "morpheme": "베란다/NNG+없/VA+으면/EC+환기/NNG+도/JX+불편/NNG+할/XSV+ETM+것/NNB+같/VA+은데/EC+따로/MAG+식물/NNG+관리/NNG+이런/MM+것/NNB+도/JX+힘들/VA+ETM+것/NNB+같/VA+고/EC+./SY+./SY"
          },
          {
            "id": 17,
            "text": "1 : 오 그치! 나 어디서 들었는데 베란다가 화재 발생했을 때 불번짐 역할 한다더라",
            "norm_text": "오 그치! 나 어디서 들었는데 베란다가 화재 발생했을 때 불번짐 역할 한다더라",
            "speaker": {
              "id": "1번",
              "sex": "여성",
              "age": "20대"
            },
            "speechAct": "(단언) 진술하기",
            "morpheme": "오/IC+그치/IC+나/NP+어디/NP+서/JKB+들/VV+었/EP+는데/EC+베란다/NNG+가/JKS+화재/NNG+발생/NNG+했/XSV+EP+을/ETM+때/NNG+불/NNG+번짐/VV+ETN+역할/NNG+한다더라/XSV+EC"
          },
          {
            "id": 18,
            "text": "2 : 엥? 불번짐?",
            "norm_text": "엥? 불번짐?",
            "speaker": {
              "id": "2번",
              "sex": "남성",
              "age": "20대"
            },
            "speechAct": "(단언) 주장하기",
            "morpheme": "엥/IC+불/NNG+번짐/VV+ETN"
          },
          {
            "id": 19,
            "text": "2 : 그거 방지해주는 역할 아니야?",
            "norm_text": "그거 방지해주는 역할 아니야?",
            "speaker": {
              "id": "2번",
              "sex": "남성",
              "age": "20대"
            },
            "speechAct": "(단언) 주장하기",
            "morpheme": "그거/NP+방지/NNG+해/XSV+EC+주/VX+는/ETM+역할/NNG+아니/VCN+야/EF"
          },
          {
            "id": 20,
            "text": "1 : 키키 미안 다른 거 하느라 정신없어서 방지를 빼먹었다 키키",
            "norm_text": "키키 미안 다른 거 하느라 정신없어서 방지를 빼먹었다 키키",
            "speaker": {
              "id": "1번",
              "sex": "여성",
              "age": "20대"
            },
            "speechAct": "(단언) 주장하기",
            "morpheme": "키/NNG+키/NNG+미안/NNG+다른/VA+ETM+거/NNB+하/VV+느라/EC+정신없/VV+어서/EC+방지/NNG+를/JKO+빼먹/VV+었/EP+다키키/NNP"
          },
          {
            "id": 21,
            "text": "2 : 그래 키키 바쁘면 나중에 연락해라!",
            "norm_text": "그래 키키 바쁘면 나중에 연락해라!",
            "speaker": {
              "id": "2번",
              "sex": "남성",
              "age": "20대"
            },
            "speechAct": "(지시) 충고/제안하기",
            "morpheme": "그래/IC+키/NNG+키/XSV+ETN+바쁘/VA+면/EC+나중/NNG+에/JKB+연락/NNG+해라/XSV+EF"
          }
        ]
      }
    }
  ]
}