{
  "dataset": {
    "identifier": 63139,
    "name": "KAKAO_918_09_set",
    "src_path": "/data/file/cubeManager/PROJECT001/53/txt20211005154951052120/KAKAO_918_09_set/",
    "label_path": "/data/file/cubeManager/PROJECT001/53/txt20211005154951052120/KAKAO_918_09_set/",
    "category": 2,
    "type": 0
  },
  "licenses": {
    "name": "Apache License 1.0",
    "url": "http://www.apache.org/licenses/LICENSE-1.0"
  },
  "info": [
    {
      "id": 41786,
      "filename": "KAKAO_918_09.txt",
      "title": "KAKAO_918_09",
      "mediatype": "SNS",
      "medianame": "카카오톡",
      "category": "일상대화",
      "date": "2021-10-05",
      "size": 361,
      "annotations": {
        "subject": "반려동물",
        "speaker_type": "1:1",
        "size": 361,
        "word_size": 128,
        "text": "1 : 동생이 강아지 키운다 그랬제?\n2 : 어 강아지 키우고 있다\n1 : 몇 년 동안 키우고 있는 거야? 키키\n2 : 1년 정도 키웠다 키키\n2 : 내 동생 닮았다\n1 : 키키 왜 그 말의 뜻이 뭔데\n2 : 내 동생처럼 말 안 듣는다 키키\n1 : 키키 그래도 개랑 비유를 하농\n2 : 키키 내 아들 내 아들 카더라 본인이 개라는 말이지\n1 : 키키 웃기네 진짜 수컷 강아진가 보네\n2 : 어 중성화도 시켰더라\n1 : 아 더 이상 교배 안 하려고 그러는 건가?\n2 : 그런 거 같더라\n2 : 동생이 알아서 하겠지?\n1 : 키키 니한테 떠넘기지는 않아서 다행이다\n2 : 한 번씩 부탁한다 지 놀고 싶을 때\n1 : 키키 강아지 호텔도 요즘 있던데\n2 : 그거는 또 싫대 걱정된다고",
        "lines": [
          {
            "id": 1,
            "text": "1 : 동생이 강아지 키운다 그랬제?",
            "norm_text": "동생이 강아지 키운다 그랬제?",
            "speaker": {
              "id": "1번",
              "sex": "여성",
              "age": "20대"
            },
            "speechAct": "(지시) 질문하기",
            "morpheme": "동생/NNG+이/JKS+강아지/NNG+키운다/VV+EC+그랬/VV+EP+제/EF"
          },
          {
            "id": 2,
            "text": "2 : 어 강아지 키우고 있다",
            "norm_text": "어 강아지 키우고 있다",
            "speaker": {
              "id": "2번",
              "sex": "남성",
              "age": "30대"
            },
            "speechAct": "(단언) 진술하기",
            "morpheme": "어/IC+강아지/NNG+키우/VV+고/EC+있/VX+다/EC"
          },
          {
            "id": 3,
            "text": "1 : 몇 년 동안 키우고 있는 거야? 키키",
            "norm_text": "몇 년 동안 키우고 있는 거야? 키키",
            "speaker": {
              "id": "1번",
              "sex": "여성",
              "age": "20대"
            },
            "speechAct": "(지시) 질문하기",
            "morpheme": "몇/MM+년/NNBC+동안/NNG+키우/VV+고/EC+있/VX+는/ETM+거/NNB+야/VCP+EF+키/NNG+키/XSV+ETN"
          },
          {
            "id": 4,
            "text": "2 : 1년 정도 키웠다 키키",
            "norm_text": "1년 정도 키웠다 키키",
            "speaker": {
              "id": "2번",
              "sex": "남성",
              "age": "30대"
            },
            "speechAct": "(단언) 진술하기",
            "morpheme": "1/SN+년/NNBC+정도/NNG+키웠/VV+EP+다키키/NNP"
          },
          {
            "id": 5,
            "text": "2 : 내 동생 닮았다",
            "norm_text": "내 동생 닮았다",
            "speaker": {
              "id": "2번",
              "sex": "남성",
              "age": "30대"
            },
            "speechAct": "(단언) 진술하기",
            "morpheme": "내/NP+JKG+동생/NNG+닮/VV+았/EP+다/EC"
          },
          {
            "id": 6,
            "text": "1 : 키키 왜 그 말의 뜻이 뭔데",
            "norm_text": "키키 왜 그 말의 뜻이 뭔데",
            "speaker": {
              "id": "1번",
              "sex": "여성",
              "age": "20대"
            },
            "speechAct": "(지시) 질문하기",
            "morpheme": "키/NNG+키/XSV+ETN+왜/MAG+그/MM+말/NNG+의/JKG+뜻/NNG+이/JKS+뭔데/NP+VCP+EC"
          },
          {
            "id": 7,
            "text": "2 : 내 동생처럼 말 안 듣는다 키키",
            "norm_text": "내 동생처럼 말 안 듣는다 키키",
            "speaker": {
              "id": "2번",
              "sex": "남성",
              "age": "30대"
            },
            "speechAct": "(단언) 진술하기",
            "morpheme": "내/NP+JKG+동생/NNG+처럼/JKB+말/NNG+안/MAG+듣/VV+는/ETM+다키키/NNP"
          },
          {
            "id": 8,
            "text": "1 : 키키 그래도 개랑 비유를 하농",
            "norm_text": "키키 그래도 개랑 비유를 하농",
            "speaker": {
              "id": "1번",
              "sex": "여성",
              "age": "20대"
            },
            "speechAct": "(단언) 진술하기",
            "morpheme": "키/NNG+키/XSV+ETN+그래도/MAJ+개/NNBC+랑/JKB+비유/NNG+를/JKO+하농/NNG"
          },
          {
            "id": 9,
            "text": "2 : 키키 내 아들 내 아들 카더라 본인이 개라는 말이지",
            "norm_text": "키키 내 아들 내 아들 카더라 본인이 개라는 말이지",
            "speaker": {
              "id": "2번",
              "sex": "남성",
              "age": "30대"
            },
            "speechAct": "(단언) 진술하기",
            "morpheme": "키/NNG+키/XSV+ETN+내/NP+JKG+아들/NNG+내/NNB+아들/NNG+카더라/NNP+본인/NNG+이/JKS+개/NNG+라는/VCP+ETM+말/NNG+이/VCP+지/EC"
          },
          {
            "id": 10,
            "text": "1 : 키키 웃기네 진짜 수컷 강아진가 보네",
            "norm_text": "키키 웃기네 진짜 수컷 강아진가 보네",
            "speaker": {
              "id": "1번",
              "sex": "여성",
              "age": "20대"
            },
            "speechAct": "(단언) 진술하기",
            "morpheme": "키/NNG+키/XSV+ETN+웃기/VV+네/EF+진짜/MAG+수컷/NNG+강아진가/NNG+VCP+EC+보/VX+네/EC"
          },
          {
            "id": 11,
            "text": "2 : 어 중성화도 시켰더라",
            "norm_text": "어 중성화도 시켰더라",
            "speaker": {
              "id": "2번",
              "sex": "남성",
              "age": "30대"
            },
            "speechAct": "(단언) 진술하기",
            "morpheme": "어/IC+중성화/NNG+도/JX+시켰/VV+EP+더라/EC"
          },
          {
            "id": 12,
            "text": "1 : 아 더 이상 교배 안 하려고 그러는 건가?",
            "norm_text": "아 더 이상 교배 안 하려고 그러는 건가?",
            "speaker": {
              "id": "1번",
              "sex": "여성",
              "age": "20대"
            },
            "speechAct": "(지시) 질문하기",
            "morpheme": "아더/NNP+이상교/NNP+배/NNB+JKC+안/MAG+하/VV+려고/EC+그러/VV+는/ETM+건가/NNB+VCP+EF"
          },
          {
            "id": 13,
            "text": "2 : 그런 거 같더라",
            "norm_text": "그런 거 같더라",
            "speaker": {
              "id": "2번",
              "sex": "남성",
              "age": "30대"
            },
            "speechAct": "(단언) 진술하기",
            "morpheme": "그런/MM+거/NNB+같/VA+더라/EC"
          },
          {
            "id": 14,
            "text": "2 : 동생이 알아서 하겠지?",
            "norm_text": "동생이 알아서 하겠지?",
            "speaker": {
              "id": "2번",
              "sex": "남성",
              "age": "30대"
            },
            "speechAct": "(지시) 질문하기",
            "morpheme": "동생/NNG+이/JKS+알/VV+아서/EC+하/VX+겠/EP+지/EF"
          },
          {
            "id": 15,
            "text": "1 : 키키 니한테 떠넘기지는 않아서 다행이다",
            "norm_text": "키키 니한테 떠넘기지는 않아서 다행이다",
            "speaker": {
              "id": "1번",
              "sex": "여성",
              "age": "20대"
            },
            "speechAct": "(단언) 주장하기",
            "morpheme": "키/NNG+키/XSV+ETN+니/NP+한테/JKB+떠넘기/VV+지/EC+는/JX+않/VX+아서/EC+다행/NNG+이/VCP+다/EC"
          },
          {
            "id": 16,
            "text": "2 : 한 번씩 부탁한다 지 놀고 싶을 때",
            "norm_text": "한 번씩 부탁한다 지 놀고 싶을 때",
            "speaker": {
              "id": "2번",
              "sex": "남성",
              "age": "30대"
            },
            "speechAct": "(지시) 질문하기",
            "morpheme": "한/MM+번/NNBC+씩/XSN+부탁/NNG+한다지/XSV+EC+놀/VV+고/EC+싶/VX+을/ETM+때/NNG"
          },
          {
            "id": 17,
            "text": "1 : 키키 강아지 호텔도 요즘 있던데",
            "norm_text": "키키 강아지 호텔도 요즘 있던데",
            "speaker": {
              "id": "1번",
              "sex": "여성",
              "age": "20대"
            },
            "speechAct": "(단언) 진술하기",
            "morpheme": "키/NNG+키/NNG+강아지/NNG+호텔/NNG+도/JX+요즘/MAG+있/VV+던데/EC"
          },
          {
            "id": 18,
            "text": "2 : 그거는 또 싫대 걱정된다고",
            "norm_text": "그거는 또 싫대 걱정된다고",
            "speaker": {
              "id": "2번",
              "sex": "남성",
              "age": "30대"
            },
            "speechAct": "(단언) 진술하기",
            "morpheme": "그거/NP+는/JX+또/MAG+싫/VA+대/EF+걱정/NNG+된다고/XSV+EC"
          }
        ]
      }
    }
  ]
}