{
  "dataset": {
    "identifier": 63143,
    "name": "KAKAO_918_12_set",
    "src_path": "/data/file/cubeManager/PROJECT001/53/txt20211005154951054142/KAKAO_918_12_set/",
    "label_path": "/data/file/cubeManager/PROJECT001/53/txt20211005154951054142/KAKAO_918_12_set/",
    "category": 2,
    "type": 0
  },
  "licenses": {
    "name": "Apache License 1.0",
    "url": "http://www.apache.org/licenses/LICENSE-1.0"
  },
  "info": [
    {
      "id": 41789,
      "filename": "KAKAO_918_12.txt",
      "title": "KAKAO_918_12",
      "mediatype": "SNS",
      "medianame": "카카오톡",
      "category": "일상대화",
      "date": "2021-10-05",
      "size": 421,
      "annotations": {
        "subject": "여행",
        "speaker_type": "1:1",
        "size": 421,
        "word_size": 137,
        "text": "1 : 내년에는 꼭 휴양지 가야겠다 키키\n2 : 나는 자연 쪽으로 가보고 싶은데\n1 : 자연을 만끽하기엔 벌레들이 너무 많아 키키\n2 : 키키 그래도 공기가 좋차나\n1 : 맞다 키키 나도 피톤치드 향 맡는 건 좋아한다\n2 : 피톤치드 향만 좋아하겠네\n2 : 벌레 많아서 싫타면서\n1 : 엉 키키 벌레는 진짜... 상상도 하기 싫다\n2 : 너는 자연 쪽으로 가면 안 되겠다 키키\n1 : 모기 기피제 피워 놓으면 되지 않겠나? 키키\n2 : 그래도 되겠네 자연이 좋기는 하지\n2 : 마음이 편해진다 키키\n1 : 맞다 키키 다 장단점이 있는 것 같아\n2 : 어 키키 맞다 어디든지 다 좋타 놀러 가는 거면\n1 : 키키 그렇네 지금이라도 놀러 가고 싶노...\n2 : 나는 이번 추석 때 가까운 곳에 가족끼리 가볼려고\n1 : 대구 근교로 다녀오려고?\n2 : 응 당일치기라서 가까운 곳에 가볼려고",
        "lines": [
          {
            "id": 1,
            "text": "1 : 내년에는 꼭 휴양지 가야겠다 키키",
            "norm_text": "내년에는 꼭 휴양지 가야겠다 키키",
            "speaker": {
              "id": "1번",
              "sex": "여성",
              "age": "20대"
            },
            "speechAct": "(단언) 주장하기",
            "morpheme": "내년/NNG+에/JKB+는/JX+꼭/MAG+휴양지/NNG+가/VV+야/EC+VX+겠/EP+다키키/NNP"
          },
          {
            "id": 2,
            "text": "2 : 나는 자연 쪽으로 가보고 싶은데",
            "norm_text": "나는 자연 쪽으로 가보고 싶은데",
            "speaker": {
              "id": "2번",
              "sex": "남성",
              "age": "30대"
            },
            "speechAct": "(단언) 주장하기",
            "morpheme": "나/NP+는/JX+자연/NNG+쪽/NNB+으로/JKB+가/VV+EC+보/VX+고/EC+싶/VX+은데/EC"
          },
          {
            "id": 3,
            "text": "1 : 자연을 만끽하기엔 벌레들이 너무 많아 키키",
            "norm_text": "자연을 만끽하기엔 벌레들이 너무 많아 키키",
            "speaker": {
              "id": "1번",
              "sex": "여성",
              "age": "20대"
            },
            "speechAct": "(단언) 주장하기",
            "morpheme": "자연/NNG+을/JKO+만끽/NNG+하/XSV+기/ETN+엔/JKB+JX+벌레/NNG+들/XSN+이/JKS+너무/MAG+많/VA+아/EC+키/NNG+키/XSV+ETN"
          },
          {
            "id": 4,
            "text": "2 : 키키 그래도 공기가 좋차나",
            "norm_text": "키키 그래도 공기가 좋차나",
            "speaker": {
              "id": "2번",
              "sex": "남성",
              "age": "30대"
            },
            "speechAct": "(단언) 주장하기",
            "morpheme": "키/NNG+키/XSV+ETN+그래도/MAJ+공기/NNG+가/JKS+좋/VA+ETM+차나/NNG"
          },
          {
            "id": 5,
            "text": "1 : 맞다 키키 나도 피톤치드 향 맡는 건 좋아한다",
            "norm_text": "맞다 키키 나도 피톤치드 향 맡는 건 좋아한다",
            "speaker": {
              "id": "1번",
              "sex": "여성",
              "age": "20대"
            },
            "speechAct": "(단언) 진술하기",
            "morpheme": "맞/VV+다/EC+키/NNG+키나/XSA+ETN+JX+도/JX+피톤치드/NNG+향/NNG+맡/VV+는/ETM+건/NNB+JX+좋/VA+아/EC+한다/VX+EC"
          },
          {
            "id": 6,
            "text": "2 : 피톤치드 향만 좋아하겠네",
            "norm_text": "피톤치드 향만 좋아하겠네",
            "speaker": {
              "id": "2번",
              "sex": "남성",
              "age": "30대"
            },
            "speechAct": "(단언) 진술하기",
            "morpheme": "피톤치드/NNG+향/NNG+만/JX+좋/VA+아/EC+하/VX+겠/EP+네/EF"
          },
          {
            "id": 7,
            "text": "2 : 벌레 많아서 싫타면서",
            "norm_text": "벌레 많아서 싫타면서",
            "speaker": {
              "id": "2번",
              "sex": "남성",
              "age": "30대"
            },
            "speechAct": "(단언) 진술하기",
            "morpheme": "벌레/NNG+많/VA+아서/EC+싫/VA+타/VV+면서/EC"
          },
          {
            "id": 8,
            "text": "1 : 엉 키키 벌레는 진짜... 상상도 하기 싫다",
            "norm_text": "엉 키키 벌레는 진짜... 상상도 하기 싫다",
            "speaker": {
              "id": "1번",
              "sex": "여성",
              "age": "20대"
            },
            "speechAct": "(단언) 진술하기",
            "morpheme": "엉/IC+키/NNG+키/NNG+벌레/NNG+는/JX+진짜/MAG+./SY+상상도/NNG+하/XSV+기/ETN+싫/VA+다/EC"
          },
          {
            "id": 9,
            "text": "2 : 너는 자연 쪽으로 가면 안 되겠다 키키",
            "norm_text": "너는 자연 쪽으로 가면 안 되겠다 키키",
            "speaker": {
              "id": "2번",
              "sex": "남성",
              "age": "30대"
            },
            "speechAct": "(단언) 진술하기",
            "morpheme": "너/NP+는/JX+자연/NNG+쪽/NNB+으로/JKB+가/VV+면/EC+안/MAG+되/VV+겠/EP+다키키/NNP"
          },
          {
            "id": 10,
            "text": "1 : 모기 기피제 피워 놓으면 되지 않겠나? 키키",
            "norm_text": "모기 기피제 피워 놓으면 되지 않겠나? 키키",
            "speaker": {
              "id": "1번",
              "sex": "여성",
              "age": "20대"
            },
            "speechAct": "(지시) 질문하기",
            "morpheme": "모기/NNG+기피제/NNG+피워/VV+EC+놓/VX+으면/EC+되/VV+지/EC+않/VX+겠/EP+나/EF+키/NNG+키/XSV+ETN"
          },
          {
            "id": 11,
            "text": "2 : 그래도 되겠네 자연이 좋기는 하지",
            "norm_text": "그래도 되겠네 자연이 좋기는 하지",
            "speaker": {
              "id": "2번",
              "sex": "남성",
              "age": "30대"
            },
            "speechAct": "(단언) 진술하기",
            "morpheme": "그래도/MAJ+되/VV+겠/EP+네/EF+자연/NNG+이/JKS+좋/VA+기/ETN+는/JX+하/VV+지/EC"
          },
          {
            "id": 12,
            "text": "2 : 마음이 편해진다 키키",
            "norm_text": "마음이 편해진다 키키",
            "speaker": {
              "id": "2번",
              "sex": "남성",
              "age": "30대"
            },
            "speechAct": "(단언) 진술하기",
            "morpheme": "마음/NNG+이/JKS+편해진/VA+EC+VX+ETM+다키키/NNP"
          },
          {
            "id": 13,
            "text": "1 : 맞다 키키 다 장단점이 있는 것 같아",
            "norm_text": "맞다 키키 다 장단점이 있는 것 같아",
            "speaker": {
              "id": "1번",
              "sex": "여성",
              "age": "20대"
            },
            "speechAct": "(단언) 진술하기",
            "morpheme": "맞/VV+다/EC+키/NNG+키/NNG+다/MAG+장단점/NNG+이/JKS+있/VA+는/ETM+것/NNB+같/VA+아/EC"
          },
          {
            "id": 14,
            "text": "2 : 어 키키 맞다 어디든지 다 좋타 놀러 가는 거면",
            "norm_text": "어 키키 맞다 어디든지 다 좋타 놀러 가는 거면",
            "speaker": {
              "id": "2번",
              "sex": "남성",
              "age": "30대"
            },
            "speechAct": "(단언) 진술하기",
            "morpheme": "어/IC+키/NNG+키/XSV+ETN+맞/VV+다/EF+어디/NP+든지/JX+다/MAG+좋/VA+타/VV+EC+놀러가/VV+는/ETM+거/NNB+면/VCP+EC"
          },
          {
            "id": 15,
            "text": "1 : 키키 그렇네 지금이라도 놀러 가고 싶노...",
            "norm_text": "키키 그렇네 지금이라도 놀러 가고 싶노...",
            "speaker": {
              "id": "1번",
              "sex": "여성",
              "age": "20대"
            },
            "speechAct": "(단언) 진술하기",
            "morpheme": "키/NNG+키/XSV+ETN+그렇/VA+네/EF+지금/NNG+이/VCP+라도/EC+놀/VV+러/EC+가/VX+고/EC+싶/VX+노/EF+./SY"
          },
          {
            "id": 16,
            "text": "2 : 나는 이번 추석 때 가까운 곳에 가족끼리 가볼려고",
            "norm_text": "나는 이번 추석 때 가까운 곳에 가족끼리 가볼려고",
            "speaker": {
              "id": "2번",
              "sex": "남성",
              "age": "30대"
            },
            "speechAct": "(단언) 진술하기",
            "morpheme": "나/NP+는/JX+이번/NNG+추석/NNG+때/NNG+가까운/VA+ETM+곳/NNG+에/JKB+가족/NNG+끼리/XSN+가/JKS+볼려고/VV+EC"
          },
          {
            "id": 17,
            "text": "1 : 대구 근교로 다녀오려고?",
            "norm_text": "대구 근교로 다녀오려고?",
            "speaker": {
              "id": "1번",
              "sex": "여성",
              "age": "20대"
            },
            "speechAct": "(지시) 질문하기",
            "morpheme": "대구/NNP+근교/NNG+로/JKB+다녀오/VV+려고/EF"
          },
          {
            "id": 18,
            "text": "2 : 응 당일치기라서 가까운 곳에 가볼려고",
            "norm_text": "응 당일치기라서 가까운 곳에 가볼려고",
            "speaker": {
              "id": "2번",
              "sex": "남성",
              "age": "30대"
            },
            "speechAct": "(단언) 진술하기",
            "morpheme": "응/IC+당일치기/NNG+라서/VCP+EC+가까운/VA+ETM+곳/NNG+에/JKB+가/VV+EC+볼려고/VX+EC"
          }
        ]
      }
    }
  ]
}