{
  "dataset": {
    "identifier": 63892,
    "name": "KAKAO_900_13_set",
    "src_path": "/data/file/cubeManager/PROJECT001/53/txt20211005153423013270/KAKAO_900_13_set/",
    "label_path": "/data/file/cubeManager/PROJECT001/53/txt20211005153423013270/KAKAO_900_13_set/",
    "category": 2,
    "type": 0
  },
  "licenses": {
    "name": "Apache License 1.0",
    "url": "http://www.apache.org/licenses/LICENSE-1.0"
  },
  "info": [
    {
      "id": 41470,
      "filename": "KAKAO_900_13.txt",
      "title": "KAKAO_900_13",
      "mediatype": "SNS",
      "medianame": "카카오톡",
      "category": "일상대화",
      "date": "2021-10-05",
      "size": 440,
      "annotations": {
        "subject": "계절/날씨",
        "speaker_type": "1:1",
        "size": 440,
        "word_size": 150,
        "text": "1 : 오늘은 날씨가 어떠려나 키키\n2 : 키키 좋을 거 같다 일단 비 안 옴 키키\n1 : 오 굿 키키 어제는 갑자기 비 와서 놀람\n2 : 키키 날씨 진짜 미친 거 같아 키키\n1 : 진짜 왜 이렇게 오락가락 키키\n2 : 좋다가도 나빠지고 키키 옷 대체 어떻게 입어야 하는 거야\n1 : 그러니까 키키 모르겠다 키키 낮에는 그래도 덥지 않을까 키키\n2 : 금욜에 낮에는 초 겨울이더니 저녁에는 초 가을이더라\n1 : 그러니까 키키 밤에는 이제 쌀쌀해\n2 : 키키 오늘 새벽에 추워서 잠 깨더라\n1 : 키키 아 진짜? 그거 뭐야 전기장판 켜고 자지\n2 : 키키 켰는데 잠결에 껐나 봐 그땐 또 더웠나 봐\n1 : 아? 키키 진짜 뭐 어떻게 해야 할지 모르겠너 키키\n2 : 키키 그래서 이런 애매한 날씨 진짜 수면 방해야\n1 : 맞아 진짜 키키 잠이라도 잘 자야 하는데\n2 : 키키 숙면의 중요성 키키 잠자리 정말 중요 키키",
        "lines": [
          {
            "id": 1,
            "text": "1 : 오늘은 날씨가 어떠려나 키키",
            "norm_text": "오늘은 날씨가 어떠려나 키키",
            "speaker": {
              "id": "1번",
              "sex": "남성",
              "age": "20대"
            },
            "speechAct": "(지시) 질문하기",
            "morpheme": "오늘/NNG+은/JX+날씨/NNG+가/JKS+어떠/VA+려나/EC+키/NNG+키/XSV+ETN"
          },
          {
            "id": 2,
            "text": "2 : 키키 좋을 거 같다 일단 비 안 옴 키키",
            "norm_text": "키키 좋을 거 같다 일단 비 안 옴 키키",
            "speaker": {
              "id": "2번",
              "sex": "여성",
              "age": "20대"
            },
            "speechAct": "(단언) 주장하기",
            "morpheme": "키/NNG+키/XSV+ETN+좋/VA+을/ETM+거/NNB+같/VA+다/EF+일단/MAG+비안/NNG+옴/NNG+키/NNG+키/XSV+ETN"
          },
          {
            "id": 3,
            "text": "1 : 오 굿 키키 어제는 갑자기 비 와서 놀람",
            "norm_text": "오 굿 키키 어제는 갑자기 비 와서 놀람",
            "speaker": {
              "id": "1번",
              "sex": "남성",
              "age": "20대"
            },
            "speechAct": "(단언) 주장하기",
            "morpheme": "오/NR+굿/NNG+키/XSV+ETN+키/VV+어/EC+제/NP+는/JX+갑자기/MAG+비와/NNG+서/JKB+놀람/NNG"
          },
          {
            "id": 4,
            "text": "2 : 키키 날씨 진짜 미친 거 같아 키키",
            "norm_text": "키키 날씨 진짜 미친 거 같아 키키",
            "speaker": {
              "id": "2번",
              "sex": "여성",
              "age": "20대"
            },
            "speechAct": "(단언) 주장하기",
            "morpheme": "키/NNG+키/NNG+날씨/NNG+진짜/MAG+미친/VV+ETM+거/NNB+같/VA+아/EC+키/NNG+키/XSV+ETN"
          },
          {
            "id": 5,
            "text": "1 : 진짜 왜 이렇게 오락가락 키키",
            "norm_text": "진짜 왜 이렇게 오락가락 키키",
            "speaker": {
              "id": "1번",
              "sex": "남성",
              "age": "20대"
            },
            "speechAct": "(단언) 진술하기",
            "morpheme": "진짜/MAG+왜/MAG+이렇게/MAG+오락가락/MAG+키/NNG+키/XSV+ETN"
          },
          {
            "id": 6,
            "text": "2 : 좋다가도 나빠지고 키키 옷 대체 어떻게 입어야 하는 거야",
            "norm_text": "좋다가도 나빠지고 키키 옷 대체 어떻게 입어야 하는 거야",
            "speaker": {
              "id": "2번",
              "sex": "여성",
              "age": "20대"
            },
            "speechAct": "(단언) 진술하기",
            "morpheme": "좋/VA+다가/EC+도/JX+나빠/VA+EC+지/VX+고/EC+키/NNG+키/NNG+옷/NNG+대체/MAG+어떻게/MAG+입/VV+어야/EC+하/VV+는/ETM+거/NNB+야/VCP+EF"
          },
          {
            "id": 7,
            "text": "1 : 그러니까 키키 모르겠다 키키 낮에는 그래도 덥지 않을까 키키",
            "norm_text": "그러니까 키키 모르겠다 키키 낮에는 그래도 덥지 않을까 키키",
            "speaker": {
              "id": "1번",
              "sex": "남성",
              "age": "20대"
            },
            "speechAct": "(단언) 주장하기",
            "morpheme": "그러니까/MAJ+키/NNG+키/XSV+ETN+모르/VV+겠/EP+다키키/NNP+낮/NNG+에/JKB+는/JX+그래도/VV+EC+덥/VA+지/EC+않/VX+을까/EC+키/NNG+키/XSV+ETN"
          },
          {
            "id": 8,
            "text": "2 : 금욜에 낮에는 초 겨울이더니 저녁에는 초 가을이더라",
            "norm_text": "금욜에 낮에는 초 겨울이더니 저녁에는 초 가을이더라",
            "speaker": {
              "id": "2번",
              "sex": "여성",
              "age": "20대"
            },
            "speechAct": "(단언) 진술하기",
            "morpheme": "금/MAJ+욜/NNP+에/JKB+낮/NNG+에/JKB+는/JX+초겨울/NNG+이/VCP+더니/EC+저녁/NNG+에/JKB+는/JX+초가을/NNG+이/VCP+더라/EC"
          },
          {
            "id": 9,
            "text": "1 : 그러니까 키키 밤에는 이제 쌀쌀해",
            "norm_text": "그러니까 키키 밤에는 이제 쌀쌀해",
            "speaker": {
              "id": "1번",
              "sex": "남성",
              "age": "20대"
            },
            "speechAct": "(단언) 주장하기",
            "morpheme": "그러니까/MAJ+키/NNG+키/NNG+밤/NNG+에/JKB+는/JX+이제/MAG+쌀쌀/XR+해/XSA+EC"
          },
          {
            "id": 10,
            "text": "2 : 키키 오늘 새벽에 추워서 잠 깨더라",
            "norm_text": "키키 오늘 새벽에 추워서 잠 깨더라",
            "speaker": {
              "id": "2번",
              "sex": "여성",
              "age": "20대"
            },
            "speechAct": "(단언) 진술하기",
            "morpheme": "키/NNG+키/NNG+오늘/NNG+새벽/NNG+에/JKB+추워서/VA+EC+잠/NNG+깨/VV+더라/EC"
          },
          {
            "id": 11,
            "text": "1 : 키키 아 진짜? 그거 뭐야 전기장판 켜고 자지",
            "norm_text": "키키 아 진짜? 그거 뭐야 전기장판 켜고 자지",
            "speaker": {
              "id": "1번",
              "sex": "남성",
              "age": "20대"
            },
            "speechAct": "(단언) 주장하기",
            "morpheme": "키/NNG+키/VV+아/EC+진짜/MAG+그거/NP+뭐/NP+야/VCP+EF+전기장판/NNG+켜/VV+고자/EC+지/VX"
          },
          {
            "id": 12,
            "text": "2 : 키키 켰는데 잠결에 껐나 봐 그땐 또 더웠나 봐",
            "norm_text": "키키 켰는데 잠결에 껐나 봐 그땐 또 더웠나 봐",
            "speaker": {
              "id": "2번",
              "sex": "여성",
              "age": "20대"
            },
            "speechAct": "(단언) 진술하기",
            "morpheme": "키/NNG+키/XSV+ETN+켰/VV+EP+는데/EC+잠결/NNG+에/JKB+껐/VV+EP+나/EC+봐/VX+EF+그/MM+땐/NNG+JX+또/MAG+더웠/VA+EP+나/EC+봐/VX+EC"
          },
          {
            "id": 13,
            "text": "1 : 아? 키키 진짜 뭐 어떻게 해야 할지 모르겠너 키키",
            "norm_text": "아? 키키 진짜 뭐 어떻게 해야 할지 모르겠너 키키",
            "speaker": {
              "id": "1번",
              "sex": "남성",
              "age": "20대"
            },
            "speechAct": "(단언) 주장하기",
            "morpheme": "아/IC+키키진짜뭐어떻게해야할지모르겠너키키/UNKNOWN"
          },
          {
            "id": 14,
            "text": "2 : 키키 그래서 이런 애매한 날씨 진짜 수면 방해야",
            "norm_text": "키키 그래서 이런 애매한 날씨 진짜 수면 방해야",
            "speaker": {
              "id": "2번",
              "sex": "여성",
              "age": "20대"
            },
            "speechAct": "(단언) 진술하기",
            "morpheme": "키/NNG+키/XSV+ETN+그래서/MAJ+이런/MM+애매/XR+한/XSA+ETM+날씨/NNG+진짜/MAG+수면/NNG+방/NNG+해야/XSV+EC"
          },
          {
            "id": 15,
            "text": "1 : 맞아 진짜 키키 잠이라도 잘 자야 하는데",
            "norm_text": "맞아 진짜 키키 잠이라도 잘 자야 하는데",
            "speaker": {
              "id": "1번",
              "sex": "남성",
              "age": "20대"
            },
            "speechAct": "(단언) 주장하기",
            "morpheme": "맞/VV+아/EC+진짜/MAG+키/NNG+키/NNG+잠/NNG+이/VCP+라도/EC+잘/MAG+자야/NNG+하/XSV+는데/EC"
          },
          {
            "id": 16,
            "text": "2 : 키키 숙면의 중요성 키키 잠자리 정말 중요 키키",
            "norm_text": "키키 숙면의 중요성 키키 잠자리 정말 중요 키키",
            "speaker": {
              "id": "2번",
              "sex": "여성",
              "age": "20대"
            },
            "speechAct": "(단언) 주장하기",
            "morpheme": "키/NNG+키/NNG+숙면/NNG+의/JKG+중요/NNG+성/XSN+키/NNG+키/NNG+잠자리/NNG+정말/MAG+중요/NNG+키/NNG+키/XSV+ETN"
          }
        ]
      }
    }
  ]
}