{
  "dataset": {
    "identifier": 56727,
    "name": "KAKAO_913_06_set",
    "src_path": "/data/file/cubeManager/PROJECT001/53/txt20211005161416011565/KAKAO_913_06_set/",
    "label_path": "/data/file/cubeManager/PROJECT001/53/txt20211005161416011565/KAKAO_913_06_set/",
    "category": 2,
    "type": 0
  },
  "licenses": {
    "name": "Apache License 1.0",
    "url": "http://www.apache.org/licenses/LICENSE-1.0"
  },
  "info": [
    {
      "id": 42003,
      "filename": "KAKAO_913_06.txt",
      "title": "KAKAO_913_06",
      "mediatype": "SNS",
      "medianame": "카카오톡",
      "category": "일상대화",
      "date": "2021-10-05",
      "size": 432,
      "annotations": {
        "subject": "교육",
        "speaker_type": "1:1",
        "size": 432,
        "word_size": 141,
        "text": "1 : 언니 급식 시절에 성적은 어땠어?\n2 : 음 성적표를 보여 줄 순 없었어 키키\n1 : 아하... 나도 키키 꼴찌에서 1등까지 찍어봤어\n2 : 오 어떻게 했길래 가능한 거지?\n1 : 갑자기 정신을 차렸나 봐 키키\n1 : 근데 1등 찍고 다시 꼴찌가 되었어 키키\n2 : 오 키키 그건 어떻게 하면 그렇게 되는 거야?\n1 : 그냥 최고점 찍고 다시 떡락한 거지 뭐~ 키키\n1 : 인생 뭐 있어~\n2 : 너무 파란만장한 거 아니냐 키키\n1 : 응 맞아 다행히 대학은 들어왔어 키키\n2 : 대학 가본 게 어디야... [이모티콘]\n1 : 맞아 천만 원 넘는 졸업장도 받았다구~^^\n2 : 오 키키 대박 부모님이 좋아하셨겠는걸 ?\n1 : 아니 이젠 빨리 취업하래 키키\n2 : 키키 취업난이라 어렵다고 말씀드려 ㅠㅠ\n1 : 그렇지 그게 벌써 반 년이 지나서 내년엔 찐이야\n2 : 알바 조금씩 하면 살아보자 ㅠㅠ",
        "lines": [
          {
            "id": 1,
            "text": "1 : 언니 급식 시절에 성적은 어땠어?",
            "norm_text": "언니 급식 시절에 성적은 어땠어?",
            "speaker": {
              "id": "1번",
              "sex": "여성",
              "age": "20대"
            },
            "speechAct": "(지시) 질문하기",
            "morpheme": "언니/NNG+급식/NNG+시절/NNG+에/JKB+성적/NNG+은/JX+어땠어/VA+EP+EF"
          },
          {
            "id": 2,
            "text": "2 : 음 성적표를 보여 줄 순 없었어 키키",
            "norm_text": "음 성적표를 보여 줄 순 없었어 키키",
            "speaker": {
              "id": "2번",
              "sex": "여성",
              "age": "20대"
            },
            "speechAct": "(단언) 주장하기",
            "morpheme": "음성/NNG+적/XSN+표/NNG+를/JKO+보여/VV+EC+줄/VX+ETM+순/NNB+JX+없/VA+었/EP+어/EC+키/NNG+키/XSV+ETN"
          },
          {
            "id": 3,
            "text": "1 : 아하... 나도 키키 꼴찌에서 1등까지 찍어봤어",
            "norm_text": "아하... 나도 키키 꼴찌에서 1등까지 찍어봤어",
            "speaker": {
              "id": "1번",
              "sex": "여성",
              "age": "20대"
            },
            "speechAct": "(단언) 진술하기",
            "morpheme": "아하/IC+./SY+나/NP+도/JX+키/NNG+키/NNG+꼴찌/NNG+에서/JKB+1/SN+등/NNBC+까지/JX+찍/VV+어/EC+봤/VX+EP+어/EC"
          },
          {
            "id": 4,
            "text": "2 : 오 어떻게 했길래 가능한 거지?",
            "norm_text": "오 어떻게 했길래 가능한 거지?",
            "speaker": {
              "id": "2번",
              "sex": "여성",
              "age": "20대"
            },
            "speechAct": "(지시) 질문하기",
            "morpheme": "오/IC+어떻게/MAG+했/VV+EP+길래/EC+가능/NNG+한/XSA+ETM+거/NNB+지/VCP+EF"
          },
          {
            "id": 5,
            "text": "1 : 갑자기 정신을 차렸나 봐 키키",
            "norm_text": "갑자기 정신을 차렸나 봐 키키",
            "speaker": {
              "id": "1번",
              "sex": "여성",
              "age": "20대"
            },
            "speechAct": "(단언) 주장하기",
            "morpheme": "갑자기/MAG+정신/NNG+을/JKO+차렸/VV+EP+나/EC+봐/VX+EF+키/NNG+키/XSV+ETN"
          },
          {
            "id": 6,
            "text": "1 : 근데 1등 찍고 다시 꼴찌가 되었어 키키",
            "norm_text": "근데 1등 찍고 다시 꼴찌가 되었어 키키",
            "speaker": {
              "id": "1번",
              "sex": "여성",
              "age": "20대"
            },
            "speechAct": "(단언) 진술하기",
            "morpheme": "근데/MAJ+1/SN+등/NNBC+찍/VV+고/EC+다시/MAG+꼴찌/NNG+가/JKS+되/VV+었/EP+어/EC+키/NNG+키/XSV+ETN"
          },
          {
            "id": 7,
            "text": "2 : 오 키키 그건 어떻게 하면 그렇게 되는 거야?",
            "norm_text": "오 키키 그건 어떻게 하면 그렇게 되는 거야?",
            "speaker": {
              "id": "2번",
              "sex": "여성",
              "age": "20대"
            },
            "speechAct": "(지시) 질문하기",
            "morpheme": "오키/NNP+키/NNG+그건/NP+JX+어떻/VA+게/EC+하/VV+면/EC+그렇게/MAG+되/VV+는/ETM+거/NNB+야/VCP+EF"
          },
          {
            "id": 8,
            "text": "1 : 그냥 최고점 찍고 다시 떡락한 거지 뭐~ 키키",
            "norm_text": "그냥 최고점 찍고 다시 떡락한 거지 뭐~ 키키",
            "speaker": {
              "id": "1번",
              "sex": "여성",
              "age": "20대"
            },
            "speechAct": "(단언) 주장하기",
            "morpheme": "그냥/MAG+최고/NNG+점찍/VV+고/EC+다시/MAG+떡/NNG+락/NNG+한/XSA+ETM+거/NNB+지/VCP+EF+뭐/IC+~/SY+키/NNG+키/XSV+ETN"
          },
          {
            "id": 9,
            "text": "1 : 인생 뭐 있어~",
            "norm_text": "인생 뭐 있어~",
            "speaker": {
              "id": "1번",
              "sex": "여성",
              "age": "20대"
            },
            "speechAct": "(단언) 주장하기",
            "morpheme": "인생/NNG+뭐/IC+있/VA+어/EC+~/SY"
          },
          {
            "id": 10,
            "text": "2 : 너무 파란만장한 거 아니냐 키키",
            "norm_text": "너무 파란만장한 거 아니냐 키키",
            "speaker": {
              "id": "2번",
              "sex": "여성",
              "age": "20대"
            },
            "speechAct": "(지시) 질문하기",
            "morpheme": "너무/MAG+파란만장/NNG+한/XSA+ETM+거/NNB+아니/VCN+냐/EC+키/NNG+키/XSV+ETN"
          },
          {
            "id": 11,
            "text": "1 : 응 맞아 다행히 대학은 들어왔어 키키",
            "norm_text": "응 맞아 다행히 대학은 들어왔어 키키",
            "speaker": {
              "id": "1번",
              "sex": "여성",
              "age": "20대"
            },
            "speechAct": "(단언) 진술하기",
            "morpheme": "응/IC+맞/VV+아/EC+다행히/MAG+대학/NNG+은/JX+들어왔/VV+EP+어/EC+키/NNG+키/XSV+ETN"
          },
          {
            "id": 12,
            "text": "2 : 대학 가본 게 어디야... [이모티콘]",
            "norm_text": "대학 가본 게 어디야... [이모티콘]",
            "speaker": {
              "id": "2번",
              "sex": "여성",
              "age": "20대"
            },
            "speechAct": "(단언) 주장하기",
            "morpheme": "대학가/NNG+본/VV+ETM+게/NNB+JKS+어디/NP+야/VCP+EF+./SY+./SY+이모티콘/NNG"
          },
          {
            "id": 13,
            "text": "1 : 맞아 천만 원 넘는 졸업장도 받았다구~^^",
            "norm_text": "맞아 천만 원 넘는 졸업장도 받았다구~^^",
            "speaker": {
              "id": "1번",
              "sex": "여성",
              "age": "20대"
            },
            "speechAct": "(단언) 진술하기",
            "morpheme": "맞/VV+아/EC+천만/NR+원/NNBC+넘/VV+는/ETM+졸업장/NNG+도/JX+받/VV+았/EP+다구/EC+~/SY+^/SY+^/SY"
          },
          {
            "id": 14,
            "text": "2 : 오 키키 대박 부모님이 좋아하셨겠는걸 ?",
            "norm_text": "오 키키 대박 부모님이 좋아하셨겠는걸 ?",
            "speaker": {
              "id": "2번",
              "sex": "여성",
              "age": "20대"
            },
            "speechAct": "(지시) 질문하기",
            "morpheme": "오키/NNP+키/NNG+대박/NNG+부모/NNG+님/XSN+이/JKS+좋/VA+아/EC+하/VX+셨/EP+EP+겠/EP+는걸/EF"
          },
          {
            "id": 15,
            "text": "1 : 아니 이젠 빨리 취업하래 키키",
            "norm_text": "아니 이젠 빨리 취업하래 키키",
            "speaker": {
              "id": "1번",
              "sex": "여성",
              "age": "20대"
            },
            "speechAct": "(단언) 진술하기",
            "morpheme": "아니/IC+이젠/MAG+JX+빨리/MAG+취업/NNG+하/XSV+래/EC+키/NNG+키/XSV+ETN"
          },
          {
            "id": 16,
            "text": "2 : 키키 취업난이라 어렵다고 말씀드려 ㅠㅠ",
            "norm_text": "키키 취업난이라 어렵다고 말씀드려 ㅠㅠ",
            "speaker": {
              "id": "2번",
              "sex": "여성",
              "age": "20대"
            },
            "speechAct": "(단언) 주장하기",
            "morpheme": "키/NNG+키/NNG+취업/NNG+난이/NNG+라/VCP+EC+어렵/VA+다고/EC+말씀드려/VV+EC+ㅠㅠ/UNKNOWN"
          },
          {
            "id": 17,
            "text": "1 : 그렇지 그게 벌써 반 년이 지나서 내년엔 찐이야",
            "norm_text": "그렇지 그게 벌써 반 년이 지나서 내년엔 찐이야",
            "speaker": {
              "id": "1번",
              "sex": "여성",
              "age": "20대"
            },
            "speechAct": "(단언) 주장하기",
            "morpheme": "그렇/VA+지/EF+그게/NP+JKS+벌써/MAG+반년/NNG+이/JKS+지나/VV+서/EC+내년/NNG+엔/JKB+JX+찐/VV+ETM+이야/NNP"
          },
          {
            "id": 18,
            "text": "2 : 알바 조금씩 하면 살아보자 ㅠㅠ",
            "norm_text": "알바 조금씩 하면 살아보자 ㅠㅠ",
            "speaker": {
              "id": "2번",
              "sex": "여성",
              "age": "20대"
            },
            "speechAct": "(단언) 주장하기",
            "morpheme": "알바/NNP+조금/NNG+씩/XSN+하/VV+면/EC+살/VV+아/EC+보/VX+자/EC+ㅠㅠ/UNKNOWN"
          }
        ]
      }
    }
  ]
}