{
  "dataset": {
    "identifier": 63800,
    "name": "KAKAO_902_19_set",
    "src_path": "/data/file/cubeManager/PROJECT001/53/txt20211005153950085141/KAKAO_902_19_set/",
    "label_path": "/data/file/cubeManager/PROJECT001/53/txt20211005153950085141/KAKAO_902_19_set/",
    "category": 2,
    "type": 0
  },
  "licenses": {
    "name": "Apache License 1.0",
    "url": "http://www.apache.org/licenses/LICENSE-1.0"
  },
  "info": [
    {
      "id": 41556,
      "filename": "KAKAO_902_19.txt",
      "title": "KAKAO_902_19",
      "mediatype": "SNS",
      "medianame": "카카오톡",
      "category": "일상대화",
      "date": "2021-10-05",
      "size": 847,
      "annotations": {
        "subject": "방송/연예",
        "speaker_type": "다자간 대화",
        "size": 847,
        "word_size": 264,
        "text": "1 : 아 너네 오징어 게임 봤냐? *** 너무 좋아 ㅠㅠ\n2 : ***도 좋은데 난 가면 벗을 때 ***인 거 보고 소름;\n3 : 난 자세히 안보서 모르겠던데 *** 약간 찌질한 캐릭터로 나오는 건가?\n1 : 야아 ***는 강아지로 나와도 멋져...\n2 : 빚 많은 애들 모아 놓고 죽고 죽이는 게임인데 어휴 열심히살아야겠다고 생각함 보고\n3 : 누가 누굴 죽이는겨? 왜 죽이는데?\n1 : 그니까 부자들이 한 명 죽을 때마다 돈 줄게 하고 남은 한 명이 다 먹는 거임\n2 : 몇 백명의 빚쟁이들이 게임을 통해서 한 명 죽을 때마다 1억씩 쌓이는 거야...\n3 : 이런 방송은 어떤 작가들이 생각한 걸까 기발하다 진짜\n1 : 근데 원래 이런 서바이벌 살아남기 류 영화 많잖아 외국은 헝거 게임도 그렇고\n2 : 너무 잔인해서 나도 보다 눈감음...\n3 : 헝거 게임은 또 뭐야 나 진짜 문찐인가 봐\n1 : 헝거 게임 시리즈도 되게 많잖아 게임 해서 죽이고 살아남고 그런 거야 마찬가지임\n2 : 잔인한 거 싫어... 다큐 보자 우리 아마존의 위대함을 느껴\n3 : 나 근데 그런 다큐 싫다고 하면서 보면 멍 때리면서 본다 키키\n1 : 키키 난 자연 너무 좋아해 내 스타일이네\n2 : 요즘 나도 나이를 먹었나 그런 거 보면서 힐링하는 거 좋아...\n3 : 약간 불멍 느낌 알지 키키?\n1 : 키키 난 진짜 걸어서 세계 속으로 네셔널지오그래픽 이런 거 나사 이런 거 좋앙 ㅠㅠ\n2 : 아 대박 내 스타일이네 키키 결혼해야겠다 진자\n3 : 으응, 둘이 좋은 사랑해 꼭 결혼할 때 광고로 내보내줘, 재밌겠다\n1 : 키키 유튜브에 올려볼게 구독과 좋아요 부탁드립니다\n2 : 알람 설정은 기본인 거 알지? 열심히 해보자 ** 하하\n3 : 키키 난 구독하고 열심히 시청할게",
        "lines": [
          {
            "id": 1,
            "text": "1 : 아 너네 오징어 게임 봤냐? *** 너무 좋아 ㅠㅠ",
            "norm_text": "아 너네 오징어 게임 봤냐? *** 너무 좋아 ㅠㅠ",
            "speaker": {
              "id": "1번",
              "sex": "여성",
              "age": "20대"
            },
            "speechAct": "(지시) 질문하기",
            "morpheme": "아/IC+너/NP+네/XSN+오징어/NNG+게임/NNG+봤/VV+EP+냐/EF+*/SY+*/SY+*/SY+너무좋아ㅠㅠ/UNKNOWN"
          },
          {
            "id": 2,
            "text": "2 : ***도 좋은데 난 가면 벗을 때 ***인 거 보고 소름;",
            "norm_text": "***도 좋은데 난 가면 벗을 때 ***인 거 보고 소름;",
            "speaker": {
              "id": "2번",
              "sex": "남성",
              "age": "20대"
            },
            "speechAct": "(단언) 주장하기",
            "morpheme": "*/SY+*/SY+*/SY+도/JX+좋/VA+은데/EC+난/NP+JX+가/VV+면/EC+벗/NNG+을/JKO+때/NNG+*/SY+*/SY+*/SY+인/VCP+ETM+거/NNB+보고/JKB+소름/NNG+;/SY"
          },
          {
            "id": 3,
            "text": "3 : 난 자세히 안보서 모르겠던데 *** 약간 찌질한 캐릭터로 나오는 건가?",
            "norm_text": "난 자세히 안보서 모르겠던데 *** 약간 찌질한 캐릭터로 나오는 건가?",
            "speaker": {
              "id": "3번",
              "sex": "남성",
              "age": "20대"
            },
            "speechAct": "(지시) 질문하기",
            "morpheme": "난/NP+JX+자세히/MAG+안/MAG+보/VV+서/EC+모르/VV+겠/EP+던데/EC+*/SY+*/SY+*/SY+약간/MAG+찌질/NNG+한/XSA+ETM+캐릭터/NNG+로/JKB+나오/VV+는/ETM+건가/NNB+VCP+EF"
          },
          {
            "id": 4,
            "text": "1 : 야아 ***는 강아지로 나와도 멋져...",
            "norm_text": "야아 ***는 강아지로 나와도 멋져...",
            "speaker": {
              "id": "1번",
              "sex": "여성",
              "age": "20대"
            },
            "speechAct": "(단언) 주장하기",
            "morpheme": "야아/IC+*/SY+*/SY+*/SY+는/JX+강아지/NNG+로/JKB+나와/VV+EC+도/JX+멋져/VA+EF+./SY"
          },
          {
            "id": 5,
            "text": "2 : 빚 많은 애들 모아 놓고 죽고 죽이는 게임인데 어휴 열심히살아야겠다고 생각함 보고",
            "norm_text": "빚 많은 애들 모아 놓고 죽고 죽이는 게임인데 어휴 열심히살아야겠다고 생각함 보고",
            "speaker": {
              "id": "2번",
              "sex": "남성",
              "age": "20대"
            },
            "speechAct": "(단언) 주장하기",
            "morpheme": "빚/NNG+많/VA+은/ETM+애/NNG+들/XSN+모아/VV+EC+놓/VX+고/EC+죽/VV+고/EC+죽이/VV+는/ETM+게임/NNG+인데/VCP+EC+어휴/IC+열심히/MAG+살/VV+아야/EC+겠다고/VX+EP+EC+생각/NNG+함/XSV+ETN+보/VV+고/EC"
          },
          {
            "id": 6,
            "text": "3 : 누가 누굴 죽이는겨? 왜 죽이는데?",
            "norm_text": "누가 누굴 죽이는겨? 왜 죽이는데?",
            "speaker": {
              "id": "3번",
              "sex": "남성",
              "age": "20대"
            },
            "speechAct": "(지시) 질문하기",
            "morpheme": "누가/NP+JKS+누굴/NP+JKO+죽이/VV+는겨/EF+왜/MAG+죽이/VV+는데/EC"
          },
          {
            "id": 7,
            "text": "1 : 그니까 부자들이 한 명 죽을 때마다 돈 줄게 하고 남은 한 명이 다 먹는 거임",
            "norm_text": "그니까 부자들이 한 명 죽을 때마다 돈 줄게 하고 남은 한 명이 다 먹는 거임",
            "speaker": {
              "id": "1번",
              "sex": "여성",
              "age": "20대"
            },
            "speechAct": "(단언) 진술하기",
            "morpheme": "그니까/MAJ+부자/NNG+들/XSN+이/JKS+한/MM+명/NNBC+죽/VV+을/ETM+때/NNG+마다/JX+돈/NNG+줄/VV+게/EC+하/VV+고/EC+남/VV+은/ETM+한/MM+명/NNBC+이/JKS+다/MAG+먹/VV+는/ETM+거/NNB+임/VCP+ETN"
          },
          {
            "id": 8,
            "text": "2 : 몇 백명의 빚쟁이들이 게임을 통해서 한 명 죽을 때마다 1억씩 쌓이는 거야...",
            "norm_text": "몇 백명의 빚쟁이들이 게임을 통해서 한 명 죽을 때마다 1억씩 쌓이는 거야...",
            "speaker": {
              "id": "2번",
              "sex": "남성",
              "age": "20대"
            },
            "speechAct": "(단언) 진술하기",
            "morpheme": "몇/MM+백/NR+명/NNBC+의/JKG+빚쟁이/NNG+들/XSN+이/JKS+게임/NNG+을/JKO+통해서/VV+EC+한/MM+명/NNBC+죽/VV+을/ETM+때/NNG+마다/JX+1/SN+억/NR+씩/XSN+쌓이/VV+는/ETM+거/NNB+야/VCP+EF+./SY"
          },
          {
            "id": 9,
            "text": "3 : 이런 방송은 어떤 작가들이 생각한 걸까 기발하다 진짜",
            "norm_text": "이런 방송은 어떤 작가들이 생각한 걸까 기발하다 진짜",
            "speaker": {
              "id": "3번",
              "sex": "남성",
              "age": "20대"
            },
            "speechAct": "(단언) 주장하기",
            "morpheme": "이런/MM+방송/NNG+은/JX+어떤/MM+작가/NNG+들/XSN+이/JKS+생각/NNG+한/XSA+ETM+걸까/NNB+VCP+EC+기발/XR+하/XSA+다/EF+진짜/MAG"
          },
          {
            "id": 10,
            "text": "1 : 근데 원래 이런 서바이벌 살아남기 류 영화 많잖아 외국은 헝거 게임도 그렇고",
            "norm_text": "근데 원래 이런 서바이벌 살아남기 류 영화 많잖아 외국은 헝거 게임도 그렇고",
            "speaker": {
              "id": "1번",
              "sex": "여성",
              "age": "20대"
            },
            "speechAct": "(단언) 주장하기",
            "morpheme": "근데/MAJ+원래/MAG+이런/MM+서바이벌/NNP+살/VV+아/EC+남기/VV+류/EC+영화/NNG+많/VA+잖아/EC+외국/NNG+은/JX+헝거/NNP+게임/NNG+도/JX+그렇/VA+고/EC"
          },
          {
            "id": 11,
            "text": "2 : 너무 잔인해서 나도 보다 눈감음...",
            "norm_text": "너무 잔인해서 나도 보다 눈감음...",
            "speaker": {
              "id": "2번",
              "sex": "남성",
              "age": "20대"
            },
            "speechAct": "(단언) 주장하기",
            "morpheme": "너무/MAG+잔인/NNG+해서/XSV+EC+나/NP+도/JX+보다/MAG+눈감/VV+음/ETN+./SY"
          },
          {
            "id": 12,
            "text": "3 : 헝거 게임은 또 뭐야 나 진짜 문찐인가 봐",
            "norm_text": "헝거 게임은 또 뭐야 나 진짜 문찐인가 봐",
            "speaker": {
              "id": "3번",
              "sex": "남성",
              "age": "20대"
            },
            "speechAct": "(지시) 질문하기",
            "morpheme": "헝거/NNP+게임/NNG+은/JX+또/MAG+뭐/NP+야/VCP+EF+나/NP+진짜/MAG+문/NNG+찐/VV+ETM+인가/VCP+EC+봐/VX+EC"
          },
          {
            "id": 13,
            "text": "1 : 헝거 게임 시리즈도 되게 많잖아 게임 해서 죽이고 살아남고 그런 거야 마찬가지임",
            "norm_text": "헝거 게임 시리즈도 되게 많잖아 게임 해서 죽이고 살아남고 그런 거야 마찬가지임",
            "speaker": {
              "id": "1번",
              "sex": "여성",
              "age": "20대"
            },
            "speechAct": "(단언) 진술하기",
            "morpheme": "헝거/NNP+게임/NNG+시리즈/NNG+도/JX+되게/MAG+많/VA+잖아/EC+게임/NNG+해서/XSV+EC+죽이/VV+고/EC+살아남/VV+고/EC+그런/MM+거/NNB+야/VCP+EF+마찬가지/NNG+임/VCP+ETN"
          },
          {
            "id": 14,
            "text": "2 : 잔인한 거 싫어... 다큐 보자 우리 아마존의 위대함을 느껴",
            "norm_text": "잔인한 거 싫어... 다큐 보자 우리 아마존의 위대함을 느껴",
            "speaker": {
              "id": "2번",
              "sex": "남성",
              "age": "20대"
            },
            "speechAct": "(지시) 충고/제안하기",
            "morpheme": "잔인/XR+한/XSA+ETM+거/NNB+싫/VA+어/EF+./SY+다큐/NNG+보/VV+자/EC+우리/NP+아마존/NNP+의/JKG+위대/XR+함/XSA+ETN+을/JKO+느껴/VV+EC"
          },
          {
            "id": 15,
            "text": "3 : 나 근데 그런 다큐 싫다고 하면서 보면 멍 때리면서 본다 키키",
            "norm_text": "나 근데 그런 다큐 싫다고 하면서 보면 멍 때리면서 본다 키키",
            "speaker": {
              "id": "3번",
              "sex": "남성",
              "age": "20대"
            },
            "speechAct": "(단언) 주장하기",
            "morpheme": "나/NP+근데/MAJ+그런/MM+다큐/NNG+싫/VA+다고/EC+하/VV+면서/EC+보/VX+면/EC+멍/MAG+때리/VV+면서/EC+본/VX+ETM+다키키/NNP"
          },
          {
            "id": 16,
            "text": "1 : 키키 난 자연 너무 좋아해 내 스타일이네",
            "norm_text": "키키 난 자연 너무 좋아해 내 스타일이네",
            "speaker": {
              "id": "1번",
              "sex": "여성",
              "age": "20대"
            },
            "speechAct": "(단언) 주장하기",
            "morpheme": "키/NNG+키/XSV+ETN+난/VV+ETM+자연/NNG+너무/MAG+좋/VA+아/EC+해내/VV+EC+스타일/NNG+이/VCP+네/EC"
          },
          {
            "id": 17,
            "text": "2 : 요즘 나도 나이를 먹었나 그런 거 보면서 힐링하는 거 좋아...",
            "norm_text": "요즘 나도 나이를 먹었나 그런 거 보면서 힐링하는 거 좋아...",
            "speaker": {
              "id": "2번",
              "sex": "남성",
              "age": "20대"
            },
            "speechAct": "(단언) 주장하기",
            "morpheme": "요즘/MAG+나/NP+도/JX+나이/NNG+를/JKO+먹/VV+었/EP+나/EF+그런/MM+거/NNB+보/VV+면서/EC+힐링/NNG+하/XSV+는/ETM+거/NNB+좋/VA+아/EF+./SY"
          },
          {
            "id": 18,
            "text": "3 : 약간 불멍 느낌 알지 키키?",
            "norm_text": "약간 불멍 느낌 알지 키키?",
            "speaker": {
              "id": "3번",
              "sex": "남성",
              "age": "20대"
            },
            "speechAct": "(지시) 질문하기",
            "morpheme": "약간/MAG+불/VV+멍/EC+느낌/NNG+알/VV+지/EC+키/NNG+키/XSV+ETN"
          },
          {
            "id": 19,
            "text": "1 : 키키 난 진짜 걸어서 세계 속으로 네셔널지오그래픽 이런 거 나사 이런 거 좋앙 ㅠㅠ",
            "norm_text": "키키 난 진짜 걸어서 세계 속으로 네셔널지오그래픽 이런 거 나사 이런 거 좋앙 ㅠㅠ",
            "speaker": {
              "id": "1번",
              "sex": "여성",
              "age": "20대"
            },
            "speechAct": "(단언) 주장하기",
            "morpheme": "키/NNG+키/XSV+ETN+난/NP+JX+진짜/MAG+걸어서/VV+EC+세계/NNG+속/NNG+으로/JKB+네셔/NNP+널/NP+JKO+지오/NNG+그래픽/NNG+이런/MM+거/NNB+나사/NNG+이런/MM+거/NNB+좋/VA+앙/EC+ㅠㅠ/UNKNOWN"
          },
          {
            "id": 20,
            "text": "2 : 아 대박 내 스타일이네 키키 결혼해야겠다 진자",
            "norm_text": "아 대박 내 스타일이네 키키 결혼해야겠다 진자",
            "speaker": {
              "id": "2번",
              "sex": "남성",
              "age": "20대"
            },
            "speechAct": "(단언) 주장하기",
            "morpheme": "아/IC+대박/NNP+내/NNB+스타일/NNG+이/JKS+네/MM+키/NNG+키/NNG+결혼/NNG+해야/XSV+EC+VX+겠/EP+다/EC+진자/NNG"
          },
          {
            "id": 21,
            "text": "3 : 으응, 둘이 좋은 사랑해 꼭 결혼할 때 광고로 내보내줘, 재밌겠다",
            "norm_text": "으응, 둘이 좋은 사랑해 꼭 결혼할 때 광고로 내보내줘, 재밌겠다",
            "speaker": {
              "id": "3번",
              "sex": "남성",
              "age": "20대"
            },
            "speechAct": "(지시) 명령/요구하기",
            "morpheme": "으응/IC+,/SC+둘/NR+이/JKS+좋/VA+은/ETM+사랑/NNG+해/XSV+EC+꼭/MAG+결혼/NNG+할/XSV+ETM+때/NNG+광고/NNG+로/JKB+내보내/VV+EC+줘/VX+EF+,/SC+재밌/VA+겠/EP+다/EC"
          },
          {
            "id": 22,
            "text": "1 : 키키 유튜브에 올려볼게 구독과 좋아요 부탁드립니다",
            "norm_text": "키키 유튜브에 올려볼게 구독과 좋아요 부탁드립니다",
            "speaker": {
              "id": "1번",
              "sex": "여성",
              "age": "20대"
            },
            "speechAct": "(지시) 부탁하기",
            "morpheme": "키키/NNP+유튜브/NNP+에/JKB+올려볼/VV+EC+VX+ETM+게/NNB+JKS+구독/NNG+과/JKB+좋/VA+아요/EF+부탁드립니다/VV+EC"
          },
          {
            "id": 23,
            "text": "2 : 알람 설정은 기본인 거 알지? 열심히 해보자 ** 하하",
            "norm_text": "알람 설정은 기본인 거 알지? 열심히 해보자 ** 하하",
            "speaker": {
              "id": "2번",
              "sex": "남성",
              "age": "20대"
            },
            "speechAct": "(단언) 주장하기",
            "morpheme": "알람/NNP+설정/NNG+은/JX+기본/NNG+인/VCP+ETM+거/NNB+알/VV+지/EF+열심히/MAG+해/VV+EC+보/VX+자/EC+*/SY+*/SY+하하/NNP"
          },
          {
            "id": 24,
            "text": "3 : 키키 난 구독하고 열심히 시청할게",
            "norm_text": "키키 난 구독하고 열심히 시청할게",
            "speaker": {
              "id": "3번",
              "sex": "남성",
              "age": "20대"
            },
            "speechAct": "(언약) 약속하기(제3자와)/(개인적 수준)",
            "morpheme": "키/NNG+키/XSV+ETN+난/VV+ETM+구독/NNG+하/XSV+고/EC+열심히/MAG+시청/NNG+할/XSV+ETM+게/NNB+JKS"
          }
        ]
      }
    }
  ]
}