{
  "dataset": {
    "identifier": 63624,
    "name": "KAKAO_907_05_set",
    "src_path": "/data/file/cubeManager/PROJECT001/53/txt20211005154856066976/KAKAO_907_05_set/",
    "label_path": "/data/file/cubeManager/PROJECT001/53/txt20211005154856066976/KAKAO_907_05_set/",
    "category": 2,
    "type": 0
  },
  "licenses": {
    "name": "Apache License 1.0",
    "url": "http://www.apache.org/licenses/LICENSE-1.0"
  },
  "info": [
    {
      "id": 41722,
      "filename": "KAKAO_907_05.txt",
      "title": "KAKAO_907_05",
      "mediatype": "SNS",
      "medianame": "카카오톡",
      "category": "일상대화",
      "date": "2021-10-05",
      "size": 473,
      "annotations": {
        "subject": "군대",
        "speaker_type": "1:1",
        "size": 473,
        "word_size": 157,
        "text": "1 : 야 이번 추석에 할머니 집 가나?\n2 : 난 안 가고 엄마 아빠만 갈 듯 ㅜㅜ 니는?\n1 : 난 이번에 추석 당일 말고 전날 다녀 올라고\n2 : 오호 추석이라서 오랜만에 사촌들 다 보겠네?\n1 : 응응 군대 간 사촌 동생도 휴가 나온다 길래 맛있는 거 사 줄라고\n2 : 오 진짜? 근데 명절에 군대는 보통 뭐하지?\n1 : 훈련 없어서 하루 종일 쉰다던 거 같던데?\n2 : 군대야! 솔직히 명절에는 쉬게 해줘라!\n1 : 그니깐 키키 그럼 치킨 이런 거도 사줄라나\n2 : 우리 둘 다 안 가봐서 모르겠네...\n2 : 알 방법이 없네 키키\n1 : 사촌 동생 만나면 니가 한번 물어봐 줘\n2 : ㅇㅋ 만나면 용돈도 좀 쥐어줘야겠다 내 돈~\n1 : 니는 사촌 동생이랑 엄청 친하나 보네? 키키 신기하노\n2 : 어렸을 때 비슷한 동네 살았어 가지구 친한 편이지?\n1 : 그러면 어릴 때부터 친했겠넴 하하 ㄹㅇ 신기함\n2 : 그치 하하 빨리 추석 왔으면 좋겠다~! 애들 보고 싶어",
        "lines": [
          {
            "id": 1,
            "text": "1 : 야 이번 추석에 할머니 집 가나?",
            "norm_text": "야 이번 추석에 할머니 집 가나?",
            "speaker": {
              "id": "1번",
              "sex": "여성",
              "age": "20대"
            },
            "speechAct": "(지시) 질문하기",
            "morpheme": "야/IC+이번/NNG+추석/NNG+에/JKB+할머니/NNG+집/NNG+가/VV+나/EF"
          },
          {
            "id": 2,
            "text": "2 : 난 안 가고 엄마 아빠만 갈 듯 ㅜㅜ 니는?",
            "norm_text": "난 안 가고 엄마 아빠만 갈 듯 ㅜㅜ 니는?",
            "speaker": {
              "id": "2번",
              "sex": "여성",
              "age": "20대"
            },
            "speechAct": "(지시) 질문하기",
            "morpheme": "난/NP+JX+안/MAG+가/VV+고/EC+엄마/NNG+아빠/NNG+만/JX+갈/VV+ETM+듯/NNB+ㅜㅜ/UNKNOWN+니/NP+는/JX"
          },
          {
            "id": 3,
            "text": "1 : 난 이번에 추석 당일 말고 전날 다녀 올라고",
            "norm_text": "난 이번에 추석 당일 말고 전날 다녀 올라고",
            "speaker": {
              "id": "1번",
              "sex": "여성",
              "age": "20대"
            },
            "speechAct": "(단언) 주장하기",
            "morpheme": "난/NP+JX+이번/NNG+에/JKB+추석/NNG+당일/NNG+말/VV+고/EC+전날/NNG+다녀올/VV+ETM+라고/JKQ"
          },
          {
            "id": 4,
            "text": "2 : 오호 추석이라서 오랜만에 사촌들 다 보겠네?",
            "norm_text": "오호 추석이라서 오랜만에 사촌들 다 보겠네?",
            "speaker": {
              "id": "2번",
              "sex": "여성",
              "age": "20대"
            },
            "speechAct": "(지시) 질문하기",
            "morpheme": "오호/IC+추석/NNG+이/VCP+라서/EC+오랜만/NNG+에/JKB+사촌/NNG+들/XSN+다/MAG+보/VV+겠/EP+네/EF"
          },
          {
            "id": 5,
            "text": "1 : 응응 군대 간 사촌 동생도 휴가 나온다 길래 맛있는 거 사 줄라고",
            "norm_text": "응응 군대 간 사촌 동생도 휴가 나온다 길래 맛있는 거 사 줄라고",
            "speaker": {
              "id": "1번",
              "sex": "여성",
              "age": "20대"
            },
            "speechAct": "(단언) 주장하기",
            "morpheme": "응/IC+응/IC+군대/NNG+간/NNB+사촌/NNG+동생/NNG+도/JX+휴가/NNG+나온다길래/VV+EC+맛있/VA+는/ETM+거/NNB+사/VV+EC+줄라고/VX+EC"
          },
          {
            "id": 6,
            "text": "2 : 오 진짜? 근데 명절에 군대는 보통 뭐하지?",
            "norm_text": "오 진짜? 근데 명절에 군대는 보통 뭐하지?",
            "speaker": {
              "id": "2번",
              "sex": "여성",
              "age": "20대"
            },
            "speechAct": "(단언) 주장하기",
            "morpheme": "오/IC+진짜/MAG+근데/MAJ+명절/NNG+에/JKB+군대/NNG+는/JX+보통/MAJ+뭐/IC+하/VV+지/EF"
          },
          {
            "id": 7,
            "text": "1 : 훈련 없어서 하루 종일 쉰다던 거 같던데?",
            "norm_text": "훈련 없어서 하루 종일 쉰다던 거 같던데?",
            "speaker": {
              "id": "1번",
              "sex": "여성",
              "age": "20대"
            },
            "speechAct": "(단언) 주장하기",
            "morpheme": "훈련/NNG+없/VA+어서/EC+하루/NNG+종일/NNG+쉰다/VV+EF+던/ETM+거/NNB+같/VA+던데/EF"
          },
          {
            "id": 8,
            "text": "2 : 군대야! 솔직히 명절에는 쉬게 해줘라!",
            "norm_text": "군대야! 솔직히 명절에는 쉬게 해줘라!",
            "speaker": {
              "id": "2번",
              "sex": "여성",
              "age": "20대"
            },
            "speechAct": "턴토크 사인(관습적 반응)",
            "morpheme": "군대/NNG+야/VCP+EF+솔직히/MAG+명절/NNG+에/JKB+는/JX+쉬/VV+게/EC+해/VV+EC+줘라/VX+EF"
          },
          {
            "id": 9,
            "text": "1 : 그니깐 키키 그럼 치킨 이런 거도 사줄라나",
            "norm_text": "그니깐 키키 그럼 치킨 이런 거도 사줄라나",
            "speaker": {
              "id": "1번",
              "sex": "여성",
              "age": "20대"
            },
            "speechAct": "(단언) 주장하기",
            "morpheme": "그니깐/MAJ+키/NNG+키/XSV+ETN+그럼/MAJ+치킨/VV+ETM+이런/MM+거/NNB+도/JX+사/VV+EC+줄라나/VX+EF"
          },
          {
            "id": 10,
            "text": "2 : 우리 둘 다 안 가봐서 모르겠네...",
            "norm_text": "우리 둘 다 안 가봐서 모르겠네...",
            "speaker": {
              "id": "2번",
              "sex": "여성",
              "age": "20대"
            },
            "speechAct": "(단언) 주장하기",
            "morpheme": "우리/NP+둘/NR+다/MAG+안/MAG+가/VV+봐서/EC+VX+EC+모르/VV+겠/EP+네/EF+./SY"
          },
          {
            "id": 11,
            "text": "2 : 알 방법이 없네 키키",
            "norm_text": "알 방법이 없네 키키",
            "speaker": {
              "id": "2번",
              "sex": "여성",
              "age": "20대"
            },
            "speechAct": "(단언) 주장하기",
            "morpheme": "알/NNG+방법/NNG+이/JKS+없/VA+네/EF+키/NNG+키/XSV+ETN"
          },
          {
            "id": 12,
            "text": "1 : 사촌 동생 만나면 니가 한번 물어봐 줘",
            "norm_text": "사촌 동생 만나면 니가 한번 물어봐 줘",
            "speaker": {
              "id": "1번",
              "sex": "여성",
              "age": "20대"
            },
            "speechAct": "(단언) 주장하기",
            "morpheme": "사촌/NNG+동생/NNG+만나/VV+면/EC+니/NP+가/JKS+한/MM+번/NNBC+물어봐/VV+EC+줘/VX+EC"
          },
          {
            "id": 13,
            "text": "2 : ㅇㅋ 만나면 용돈도 좀 쥐어줘야겠다 내 돈~",
            "norm_text": "ㅇㅋ 만나면 용돈도 좀 쥐어줘야겠다 내 돈~",
            "speaker": {
              "id": "2번",
              "sex": "여성",
              "age": "20대"
            },
            "speechAct": "(단언) 주장하기",
            "morpheme": "ㅇㅋ/UNKNOWN+만나/VV+면/EC+용돈/NNG+도/JX+좀/MAG+쥐/VV+어/EC+줘야겠다/VX+EC+VX+EP+EF+내/NP+JKG+돈/NNG+~/SY"
          },
          {
            "id": 14,
            "text": "1 : 니는 사촌 동생이랑 엄청 친하나 보네? 키키 신기하노",
            "norm_text": "니는 사촌 동생이랑 엄청 친하나 보네? 키키 신기하노",
            "speaker": {
              "id": "1번",
              "sex": "여성",
              "age": "20대"
            },
            "speechAct": "(단언) 주장하기",
            "morpheme": "니/NP+는/JX+사촌/NNG+동생/NNG+이랑/JKB+엄청/MAG+친하/VA+나/EC+보/VX+네/EF+키/NNG+키/XSV+ETN+신기/XR+하/XSA+노/EC"
          },
          {
            "id": 15,
            "text": "2 : 어렸을 때 비슷한 동네 살았어 가지구 친한 편이지?",
            "norm_text": "어렸을 때 비슷한 동네 살았어 가지구 친한 편이지?",
            "speaker": {
              "id": "2번",
              "sex": "여성",
              "age": "20대"
            },
            "speechAct": "(단언) 주장하기",
            "morpheme": "어렸/VA+EP+을/ETM+때/NNG+비슷/XR+한/XSA+ETM+동네/NNG+살/VV+았/EP+어/EC+가지/VX+구/EC+친한/VA+ETM+편/NNB+이/VCP+지/EF"
          },
          {
            "id": 16,
            "text": "1 : 그러면 어릴 때부터 친했겠넴 하하 ㄹㅇ 신기함",
            "norm_text": "그러면 어릴 때부터 친했겠넴 하하 ㄹㅇ 신기함",
            "speaker": {
              "id": "1번",
              "sex": "여성",
              "age": "20대"
            },
            "speechAct": "(단언) 주장하기",
            "morpheme": "그러면/MAJ+어릴/VA+ETM+때/NNG+부터/JX+친했/VA+EP+겠/EC+넴/NNP+하하/NNP+ㄹㅇ/UNKNOWN+신기/XR+함/XSA+ETN"
          },
          {
            "id": 17,
            "text": "2 : 그치 하하 빨리 추석 왔으면 좋겠다~! 애들 보고 싶어",
            "norm_text": "그치 하하 빨리 추석 왔으면 좋겠다~! 애들 보고 싶어",
            "speaker": {
              "id": "2번",
              "sex": "여성",
              "age": "20대"
            },
            "speechAct": "(단언) 주장하기",
            "morpheme": "그치/IC+하하/MAG+빨리/MAG+추석/NNG+왔/VV+EP+으면/EC+좋/VA+겠/EP+다/EC+~/SY+애/NNG+들/XSN+보/VV+고/EC+싶/VX+어/EC"
          }
        ]
      }
    }
  ]
}