{
  "dataset": {
    "identifier": 63200,
    "name": "KAKAO_917_15_set",
    "src_path": "/data/file/cubeManager/PROJECT001/53/txt20211005154939024023/KAKAO_917_15_set/",
    "label_path": "/data/file/cubeManager/PROJECT001/53/txt20211005154939024023/KAKAO_917_15_set/",
    "category": 2,
    "type": 0
  },
  "licenses": {
    "name": "Apache License 1.0",
    "url": "http://www.apache.org/licenses/LICENSE-1.0"
  },
  "info": [
    {
      "id": 41772,
      "filename": "KAKAO_917_15.txt",
      "title": "KAKAO_917_15",
      "mediatype": "SNS",
      "medianame": "카카오톡",
      "category": "일상대화",
      "date": "2021-10-05",
      "size": 505,
      "annotations": {
        "subject": "타 국가 이슈",
        "speaker_type": "1:1",
        "size": 505,
        "word_size": 160,
        "text": "1 : 홍콩에서는 \u0027애국자\u0027 선거제로 개편했는데 역대 최고 투표율을 기록했대 키키\n2 : 오 키키 어떻게 개편했길래?\n1 : 이제 애국심이 충만한 친 중국인사만 선거에 출마하고 뽑힐 수 있게 개편한 거야 키키\n2 : 아 키키 금방 검색해 봤다\n2 : 투표율이 90% 정도 됐다고 나와있네\n1 : 응 키키 개편하고 첫 선거였다 그러더라\n2 : 키키 전에는 50%도 안 됐대 키키\n2 : 개편을 잘했네\n1 : 이래저래 많이 바꾼 것 같더라 키키\n1 : 정치 잘하시겠다\n2 : 키키 잘해야지 못하면 욕 많이 먹을 거 같은데\n1 : 무게감이 있어서 잘하시지 않겠나 키키\n2 : 맞다 투표율이 저렇게 높은데\n1 : 우리나라도 높은 편인데 우리나라보다 더 높다 키키\n2 : 90%면 엄청 높은 거지 키키\n1 : 키키 웬만한 국민 모두가 했다고 봐도 될 것 같다\n2 : 키키 글치 100%는 어느 나라든 힘들 거 같다\n1 : 한 표 한 표가 소중한데 우리나라가 투표율 100프로 찍었으면 좋겠다 키키\n2 : 키키 100% 되면 엄청 신기할 거 같다",
        "lines": [
          {
            "id": 1,
            "text": "1 : 홍콩에서는 \u0027애국자\u0027 선거제로 개편했는데 역대 최고 투표율을 기록했대 키키",
            "norm_text": "홍콩에서는 \u0027애국자\u0027 선거제로 개편했는데 역대 최고 투표율을 기록했대 키키",
            "speaker": {
              "id": "1번",
              "sex": "여성",
              "age": "20대"
            },
            "speechAct": "(단언) 진술하기",
            "morpheme": "홍콩/NNP+에서/JKB+는/JX+\u0027/SY+애국자/NNG+\u0027/SY+선거제로개편했는데역대최고투표율을기록했대키키/UNKNOWN"
          },
          {
            "id": 2,
            "text": "2 : 오 키키 어떻게 개편했길래?",
            "norm_text": "오 키키 어떻게 개편했길래?",
            "speaker": {
              "id": "2번",
              "sex": "남성",
              "age": "30대"
            },
            "speechAct": "(지시) 질문하기",
            "morpheme": "오키/NNP+키/NNG+어떻게/MAG+개편/NNG+했/XSV+EP+길래/ETN+EF"
          },
          {
            "id": 3,
            "text": "1 : 이제 애국심이 충만한 친 중국인사만 선거에 출마하고 뽑힐 수 있게 개편한 거야 키키",
            "norm_text": "이제 애국심이 충만한 친 중국인사만 선거에 출마하고 뽑힐 수 있게 개편한 거야 키키",
            "speaker": {
              "id": "1번",
              "sex": "여성",
              "age": "20대"
            },
            "speechAct": "(단언) 진술하기",
            "morpheme": "이제/MAG+애국심/NNG+이/JKS+충만/XR+한/XSA+ETM+친/XPN+중국/NNP+인사/NNG+만/JX+선거/NNG+에/JKB+출마/NNG+하/XSV+고/EC+뽑힐/VV+ETM+수/NNB+있/VV+게/EC+개편/NNG+한/XSA+ETM+거/NNB+야/VCP+EF+키/NNG+키/XSV+ETN"
          },
          {
            "id": 4,
            "text": "2 : 아 키키 금방 검색해 봤다",
            "norm_text": "아 키키 금방 검색해 봤다",
            "speaker": {
              "id": "2번",
              "sex": "남성",
              "age": "30대"
            },
            "speechAct": "(단언) 주장하기",
            "morpheme": "아키/NNP+키/NNG+금방/MAG+검색/NNG+해/XSV+EC+봤/VX+EP+다/EC"
          },
          {
            "id": 5,
            "text": "2 : 투표율이 90% 정도 됐다고 나와있네",
            "norm_text": "투표율이 90% 정도 됐다고 나와있네",
            "speaker": {
              "id": "2번",
              "sex": "남성",
              "age": "30대"
            },
            "speechAct": "(단언) 진술하기",
            "morpheme": "투표/NNG+율/XSN+이/JKS+90/SN+%/SY+정도/NNG+됐/XSV+EP+다고/EC+나와/VV+EC+있/VX+네/EC"
          },
          {
            "id": 6,
            "text": "1 : 응 키키 개편하고 첫 선거였다 그러더라",
            "norm_text": "응 키키 개편하고 첫 선거였다 그러더라",
            "speaker": {
              "id": "1번",
              "sex": "여성",
              "age": "20대"
            },
            "speechAct": "(단언) 진술하기",
            "morpheme": "응/IC+키/NNG+키/NNG+개편/NNG+하/XSV+고/EC+첫/MM+선거/NNG+였/VCP+EP+다/EC+그러/VV+더라/EC"
          },
          {
            "id": 7,
            "text": "2 : 키키 전에는 50%도 안 됐대 키키",
            "norm_text": "키키 전에는 50%도 안 됐대 키키",
            "speaker": {
              "id": "2번",
              "sex": "남성",
              "age": "30대"
            },
            "speechAct": "(단언) 진술하기",
            "morpheme": "키/NNG+키/NNG+전/NNG+에/JKB+는/JX+50/SN+%/SY+도/JX+안/MAG+됐/VV+EP+대/XPN+키/NNG+키/XSV+ETN"
          },
          {
            "id": 8,
            "text": "2 : 개편을 잘했네",
            "norm_text": "개편을 잘했네",
            "speaker": {
              "id": "2번",
              "sex": "남성",
              "age": "30대"
            },
            "speechAct": "(단언) 주장하기",
            "morpheme": "개편/NNG+을/JKO+잘/MAG+했/VV+EP+네/EF"
          },
          {
            "id": 9,
            "text": "1 : 이래저래 많이 바꾼 것 같더라 키키",
            "norm_text": "이래저래 많이 바꾼 것 같더라 키키",
            "speaker": {
              "id": "1번",
              "sex": "여성",
              "age": "20대"
            },
            "speechAct": "(단언) 주장하기",
            "morpheme": "이래저래/MAG+많이/MAG+바꾼/VV+ETM+것/NNB+같/VA+더라/EC+키/NNG+키/XSV+ETN"
          },
          {
            "id": 10,
            "text": "1 : 정치 잘하시겠다",
            "norm_text": "정치 잘하시겠다",
            "speaker": {
              "id": "1번",
              "sex": "여성",
              "age": "20대"
            },
            "speechAct": "(단언) 주장하기",
            "morpheme": "정치/NNG+잘/MAG+하/VV+시/EP+겠/EP+다/EC"
          },
          {
            "id": 11,
            "text": "2 : 키키 잘해야지 못하면 욕 많이 먹을 거 같은데",
            "norm_text": "키키 잘해야지 못하면 욕 많이 먹을 거 같은데",
            "speaker": {
              "id": "2번",
              "sex": "남성",
              "age": "30대"
            },
            "speechAct": "(단언) 주장하기",
            "morpheme": "키/NNG+키/XSV+ETN+잘/MAG+해야지/VV+EC+못하/VX+면/EC+욕/NNG+많이/MAG+먹/VV+을/ETM+거/NNB+같/VA+은데/EC"
          },
          {
            "id": 12,
            "text": "1 : 무게감이 있어서 잘하시지 않겠나 키키",
            "norm_text": "무게감이 있어서 잘하시지 않겠나 키키",
            "speaker": {
              "id": "1번",
              "sex": "여성",
              "age": "20대"
            },
            "speechAct": "(지시) 질문하기",
            "morpheme": "무게/NNG+감/XSN+이/JKS+있/VV+어서/EC+잘/MAG+하/VV+시/EP+지/EC+않/VX+겠/EP+나/EC+키/NNG+키/XSV+ETN"
          },
          {
            "id": 13,
            "text": "2 : 맞다 투표율이 저렇게 높은데",
            "norm_text": "맞다 투표율이 저렇게 높은데",
            "speaker": {
              "id": "2번",
              "sex": "남성",
              "age": "30대"
            },
            "speechAct": "(단언) 주장하기",
            "morpheme": "맞/VV+다/EC+투표/NNG+율/XSN+이/JKS+저렇/VA+게/EC+높/VA+은데/EC"
          },
          {
            "id": 14,
            "text": "1 : 우리나라도 높은 편인데 우리나라보다 더 높다 키키",
            "norm_text": "우리나라도 높은 편인데 우리나라보다 더 높다 키키",
            "speaker": {
              "id": "1번",
              "sex": "여성",
              "age": "20대"
            },
            "speechAct": "(단언) 주장하기",
            "morpheme": "우리/NP+나라/NNG+도/JX+높/VA+은/ETM+편/NNB+인데/VCP+EC+우리/NP+나라/NNG+보다/JKB+더/MAG+높/VA+다키키/NNP"
          },
          {
            "id": 15,
            "text": "2 : 90%면 엄청 높은 거지 키키",
            "norm_text": "90%면 엄청 높은 거지 키키",
            "speaker": {
              "id": "2번",
              "sex": "남성",
              "age": "30대"
            },
            "speechAct": "(단언) 주장하기",
            "morpheme": "90/SN+%/SY+면엄청높은거지키키/UNKNOWN"
          },
          {
            "id": 16,
            "text": "1 : 키키 웬만한 국민 모두가 했다고 봐도 될 것 같다",
            "norm_text": "키키 웬만한 국민 모두가 했다고 봐도 될 것 같다",
            "speaker": {
              "id": "1번",
              "sex": "여성",
              "age": "20대"
            },
            "speechAct": "(단언) 주장하기",
            "morpheme": "키/NNG+키/XSV+ETN+웬만/XR+한/XSA+ETM+국민/NNG+모두/NNG+가/JKS+했/VV+EP+다고/EC+봐도/VX+EC+될/VV+ETM+것/NNB+같/VA+다/EC"
          },
          {
            "id": 17,
            "text": "2 : 키키 글치 100%는 어느 나라든 힘들 거 같다",
            "norm_text": "키키 글치 100%는 어느 나라든 힘들 거 같다",
            "speaker": {
              "id": "2번",
              "sex": "남성",
              "age": "30대"
            },
            "speechAct": "(단언) 주장하기",
            "morpheme": "키/NNG+키/NNG+글/NNG+치/XSN+100/SN+%/SY+는/JX+어느/MM+나라/NNG+든/VCP+EC+힘들/VA+ETM+거/NNB+같/VA+다/EC"
          },
          {
            "id": 18,
            "text": "1 : 한 표 한 표가 소중한데 우리나라가 투표율 100프로 찍었으면 좋겠다 키키",
            "norm_text": "한 표 한 표가 소중한데 우리나라가 투표율 100프로 찍었으면 좋겠다 키키",
            "speaker": {
              "id": "1번",
              "sex": "여성",
              "age": "20대"
            },
            "speechAct": "(단언) 주장하기",
            "morpheme": "한/MM+표/NNG+한/XSA+ETM+표/NNG+가/JKS+소중/XR+한데/XSA+EC+우리/NP+나라/NNG+가/JKS+투표/NNG+율/XSN+100/SN+프로/NNBC+찍/VV+었/EP+으면/EC+좋/VA+겠/EP+다키키/NNP"
          },
          {
            "id": 19,
            "text": "2 : 키키 100% 되면 엄청 신기할 거 같다",
            "norm_text": "키키 100% 되면 엄청 신기할 거 같다",
            "speaker": {
              "id": "2번",
              "sex": "남성",
              "age": "30대"
            },
            "speechAct": "(단언) 주장하기",
            "morpheme": "키/NNG+키/XSV+ETN+100/SN+%/SY+되/VV+면/EC+엄청/MAG+신기/NNG+할/XSV+ETM+거/NNB+같/VA+다/EC"
          }
        ]
      }
    }
  ]
}