{
  "dataset": {
    "identifier": 61147,
    "name": "KAKAO_923_04_set",
    "src_path": "/data/file/cubeManager/PROJECT001/53/txt20211005154159067549/KAKAO_923_04_set/",
    "label_path": "/data/file/cubeManager/PROJECT001/53/txt20211005154159067549/KAKAO_923_04_set/",
    "category": 2,
    "type": 0
  },
  "licenses": {
    "name": "Apache License 1.0",
    "url": "http://www.apache.org/licenses/LICENSE-1.0"
  },
  "info": [
    {
      "id": 41661,
      "filename": "KAKAO_923_04.txt",
      "title": "KAKAO_923_04",
      "mediatype": "SNS",
      "medianame": "카카오톡",
      "category": "일상대화",
      "date": "2021-10-05",
      "size": 587,
      "annotations": {
        "subject": "회사/아르바이트",
        "speaker_type": "1:1",
        "size": 587,
        "word_size": 186,
        "text": "1 : 너 회사는 업무 강도가 센 편이야? ㅠㅠ\n2 : 업무 강도가 센 편인 것 같아. 규정도 자주 바껴서 공부도 해야 되고. 너는?\n1 : 아아 ㅜㅜ 나는 일이 더 늘어날 뿐 적응되니 좀 괜찮네\n2 : 키키 너도 사람 상대하는 거라 정신적으로 좀 힘들지 않아?\n1 : 그치ㅜㅜ 그리고 쉬는 날에도 일을 하는 경우가 많아... 휴가 가서도... 키키\n2 : 쉬는 날에? 어떤 거 때문에?\n1 : 음... 내가 쉬는 걸 모르는 사람들은 나한테 다 전화를 하지? 키키\n2 : 아. 뭐 거래처 같은 데서 전화 온다는 거야?\n1 : 응응 키키 그리고 급하다고... 주말에 전화 오는 곳도 많고 키키\n2 : 주말에 전화하는 거는 예의가 아닌 것 같아\n1 : ㅜㅜ 뭐 갑자기 안되니까 전화 하는 건 이해되는데 진짜 토요일 8시부터 전화 오면...\n2 : 아침 8시부터? 키키 다들 급해서 전화한 거라고 이해해보려고 해도 좀 짜증 나겠다\n1 : 그래서 난 퇴사 하게 되면 무조건 무음으로 해 놓고 살 거야 키키\n2 : 키키 나는 퇴사하면 폰 번호부터 바꿔야 할 듯\n1 : 키키 나도 사실 그러고 싶은데... 이 번호를 오래 써서 키키\n2 : 나도 그렇긴 해 ㅠㅠ 번호 바꾸는데 쉽지는 않지",
        "lines": [
          {
            "id": 1,
            "text": "1 : 너 회사는 업무 강도가 센 편이야? ㅠㅠ",
            "norm_text": "너 회사는 업무 강도가 센 편이야? ㅠㅠ",
            "speaker": {
              "id": "1번",
              "sex": "여성",
              "age": "30대"
            },
            "speechAct": "(지시) 질문하기",
            "morpheme": "너/NP+회사/NNG+는/JX+업무/NNG+강도/NNG+가/JKS+센/VA+ETM+편/NNB+이/VCP+야/EF+ㅠㅠ/UNKNOWN"
          },
          {
            "id": 2,
            "text": "2 : 업무 강도가 센 편인 것 같아. 규정도 자주 바껴서 공부도 해야 되고. 너는?",
            "norm_text": "업무 강도가 센 편인 것 같아. 규정도 자주 바껴서 공부도 해야 되고. 너는?",
            "speaker": {
              "id": "2번",
              "sex": "여성",
              "age": "30대"
            },
            "speechAct": "(지시) 질문하기",
            "morpheme": "업무/NNG+강도/NNG+가/JKS+센/VA+ETM+편/NNB+인/VCP+ETM+것/NNB+같/VA+아/EF+규정도자주바껴서공부도해야되고/UNKNOWN+너/NP+는/JX"
          },
          {
            "id": 3,
            "text": "1 : 아아 ㅜㅜ 나는 일이 더 늘어날 뿐 적응되니 좀 괜찮네",
            "norm_text": "아아 ㅜㅜ 나는 일이 더 늘어날 뿐 적응되니 좀 괜찮네",
            "speaker": {
              "id": "1번",
              "sex": "여성",
              "age": "30대"
            },
            "speechAct": "(단언) 진술하기",
            "morpheme": "아아/IC+ㅜㅜ/UNKNOWN+나/NP+는/JX+일/NNG+이/JKS+더/MAG+늘어날/VV+ETM+뿐/NNB+적응/NNG+되/XSV+니/EC+좀/MAG+괜찮/VA+네/EC"
          },
          {
            "id": 4,
            "text": "2 : 키키 너도 사람 상대하는 거라 정신적으로 좀 힘들지 않아?",
            "norm_text": "키키 너도 사람 상대하는 거라 정신적으로 좀 힘들지 않아?",
            "speaker": {
              "id": "2번",
              "sex": "여성",
              "age": "30대"
            },
            "speechAct": "(지시) 질문하기",
            "morpheme": "키/NNG+키/XSV+ETN+너/NP+도/JX+사람/NNG+상대/NNG+하/XSV+는/ETM+거/NNB+라/VCP+EC+정신/NNG+적/XSN+으로/JKB+좀/MAG+힘들/VA+지/EC+않/VX+아/EF"
          },
          {
            "id": 5,
            "text": "1 : 그치ㅜㅜ 그리고 쉬는 날에도 일을 하는 경우가 많아... 휴가 가서도... 키키",
            "norm_text": "그치ㅜㅜ 그리고 쉬는 날에도 일을 하는 경우가 많아... 휴가 가서도... 키키",
            "speaker": {
              "id": "1번",
              "sex": "여성",
              "age": "30대"
            },
            "speechAct": "(단언) 진술하기",
            "morpheme": "그치/IC+ㅜㅜ/UNKNOWN+그리고/MAJ+쉬/VV+는/ETM+날/NNG+에/JKB+도/JX+일/NNG+을/JKO+하/VV+는/ETM+경우/NNG+가/JKS+많/VA+아/EF+./SY+휴가/NNG+가/JKS+서도/NNG+./SY+./SY+키/NNG+키/XSV+ETN"
          },
          {
            "id": 6,
            "text": "2 : 쉬는 날에? 어떤 거 때문에?",
            "norm_text": "쉬는 날에? 어떤 거 때문에?",
            "speaker": {
              "id": "2번",
              "sex": "여성",
              "age": "30대"
            },
            "speechAct": "(지시) 질문하기",
            "morpheme": "쉬/VV+는/ETM+날/NNG+에/JKB+어떤/MM+거/NNB+때문/NNB+에/JKB"
          },
          {
            "id": 7,
            "text": "1 : 음... 내가 쉬는 걸 모르는 사람들은 나한테 다 전화를 하지? 키키",
            "norm_text": "음... 내가 쉬는 걸 모르는 사람들은 나한테 다 전화를 하지? 키키",
            "speaker": {
              "id": "1번",
              "sex": "여성",
              "age": "30대"
            },
            "speechAct": "(단언) 진술하기",
            "morpheme": "음/IC+./SY+내/NP+가/JKS+쉬/VV+는/ETM+걸/NNB+JKO+모르/VV+는/ETM+사람/NNG+들/XSN+은/JX+나/NP+한테/JKB+다/MAG+전화/NNG+를/JKO+하/VV+지/EF+키/NNG+키/XSV+ETN"
          },
          {
            "id": 8,
            "text": "2 : 아. 뭐 거래처 같은 데서 전화 온다는 거야?",
            "norm_text": "아. 뭐 거래처 같은 데서 전화 온다는 거야?",
            "speaker": {
              "id": "2번",
              "sex": "여성",
              "age": "30대"
            },
            "speechAct": "(지시) 질문하기",
            "morpheme": "아/IC+뭐/IC+거래처/NNG+같/VA+은/ETM+데/NNB+서/JKB+전화/NNG+온다는/VV+ETM+거/NNB+야/VCP+EF"
          },
          {
            "id": 9,
            "text": "1 : 응응 키키 그리고 급하다고... 주말에 전화 오는 곳도 많고 키키",
            "norm_text": "응응 키키 그리고 급하다고... 주말에 전화 오는 곳도 많고 키키",
            "speaker": {
              "id": "1번",
              "sex": "여성",
              "age": "30대"
            },
            "speechAct": "(단언) 진술하기",
            "morpheme": "응/IC+응/IC+키/NNG+키/XSV+ETN+그리고/MAJ+급하/VA+다고/EC+./SY+./SY+주말/NNG+에/JKB+전화/NNG+오/VV+는/ETM+곳/NNG+도/JX+많/VA+고/EC+키/NNG+키/XSV+ETN"
          },
          {
            "id": 10,
            "text": "2 : 주말에 전화하는 거는 예의가 아닌 것 같아",
            "norm_text": "주말에 전화하는 거는 예의가 아닌 것 같아",
            "speaker": {
              "id": "2번",
              "sex": "여성",
              "age": "30대"
            },
            "speechAct": "(단언) 주장하기",
            "morpheme": "주말/NNG+에/JKB+전화/NNG+하/XSV+는/ETM+거/NNB+는/JX+예의/NNG+가/JKC+아닌/VCN+ETM+것/NNB+같/VA+아/EC"
          },
          {
            "id": 11,
            "text": "1 : ㅜㅜ 뭐 갑자기 안되니까 전화 하는 건 이해되는데 진짜 토요일 8시부터 전화 오면...",
            "norm_text": "ㅜㅜ 뭐 갑자기 안되니까 전화 하는 건 이해되는데 진짜 토요일 8시부터 전화 오면...",
            "speaker": {
              "id": "1번",
              "sex": "여성",
              "age": "30대"
            },
            "speechAct": "(단언) 주장하기",
            "morpheme": "ㅜㅜ/UNKNOWN+뭐/IC+갑자기/MAG+안/MAG+되/VV+니까/EC+전화/NNG+하/XSV+는/ETM+건/NNB+JX+이해/NNG+되/XSV+는데/EC+진짜/MAG+토요일/NNG+8/SN+시/NNBC+부터/JX+전화/NNG+오/VV+면/EC+./SY+./SY"
          },
          {
            "id": 12,
            "text": "2 : 아침 8시부터? 키키 다들 급해서 전화한 거라고 이해해보려고 해도 좀 짜증 나겠다",
            "norm_text": "아침 8시부터? 키키 다들 급해서 전화한 거라고 이해해보려고 해도 좀 짜증 나겠다",
            "speaker": {
              "id": "2번",
              "sex": "여성",
              "age": "30대"
            },
            "speechAct": "(단언) 주장하기",
            "morpheme": "아침/NNG+8/SN+시/NNBC+부터/JX+키키다들급해서전화한거라고이해해보려고해도좀짜증나겠다/UNKNOWN"
          },
          {
            "id": 13,
            "text": "1 : 그래서 난 퇴사 하게 되면 무조건 무음으로 해 놓고 살 거야 키키",
            "norm_text": "그래서 난 퇴사 하게 되면 무조건 무음으로 해 놓고 살 거야 키키",
            "speaker": {
              "id": "1번",
              "sex": "여성",
              "age": "30대"
            },
            "speechAct": "(단언) 주장하기",
            "morpheme": "그래서/MAJ+난/NP+JX+퇴사/NNG+하/XSV+게/EC+되/VV+면/EC+무조건/MAG+무음/NNG+으로/JKB+해/VV+EC+놓/VX+고/EC+살/VV+ETM+거/NNB+야/VCP+EF+키/NNG+키/XSV+ETN"
          },
          {
            "id": 14,
            "text": "2 : 키키 나는 퇴사하면 폰 번호부터 바꿔야 할 듯",
            "norm_text": "키키 나는 퇴사하면 폰 번호부터 바꿔야 할 듯",
            "speaker": {
              "id": "2번",
              "sex": "여성",
              "age": "30대"
            },
            "speechAct": "(단언) 주장하기",
            "morpheme": "키/NNG+키나/XSA+ETN+JX+는/JX+퇴사/NNG+하/XSV+면/EC+폰/NNG+번호/NNG+부터/JX+바꿔야/VV+EC+할/VX+ETM+듯/NNB"
          },
          {
            "id": 15,
            "text": "1 : 키키 나도 사실 그러고 싶은데... 이 번호를 오래 써서 키키",
            "norm_text": "키키 나도 사실 그러고 싶은데... 이 번호를 오래 써서 키키",
            "speaker": {
              "id": "1번",
              "sex": "여성",
              "age": "30대"
            },
            "speechAct": "(단언) 주장하기",
            "morpheme": "키/NNG+키나/XSA+ETN+JX+도/JX+사실/MAG+그러/VV+고/EC+싶/VX+은데/EF+./SY+이/MM+번호/NNG+를/JKO+오래/MAG+써서/VV+EC+키/NNG+키/XSV+ETN"
          },
          {
            "id": 16,
            "text": "2 : 나도 그렇긴 해 ㅠㅠ 번호 바꾸는데 쉽지는 않지",
            "norm_text": "나도 그렇긴 해 ㅠㅠ 번호 바꾸는데 쉽지는 않지",
            "speaker": {
              "id": "2번",
              "sex": "여성",
              "age": "30대"
            },
            "speechAct": "(단언) 주장하기",
            "morpheme": "나/NP+도/JX+그렇/VA+긴/ETN+JX+해/VX+EF+ㅠㅠ/UNKNOWN+번호/NNG+바꾸/VV+는/ETM+데/NNB+쉽/VA+지/EC+는/JX+않/VX+지/EC"
          }
        ]
      }
    }
  ]
}