{
  "dataset": {
    "identifier": 63835,
    "name": "KAKAO_901_10_set",
    "src_path": "/data/file/cubeManager/PROJECT001/53/txt20211005153438079952/KAKAO_901_10_set/",
    "label_path": "/data/file/cubeManager/PROJECT001/53/txt20211005153438079952/KAKAO_901_10_set/",
    "category": 2,
    "type": 0
  },
  "licenses": {
    "name": "Apache License 1.0",
    "url": "http://www.apache.org/licenses/LICENSE-1.0"
  },
  "info": [
    {
      "id": 41487,
      "filename": "KAKAO_901_10.txt",
      "title": "KAKAO_901_10",
      "mediatype": "SNS",
      "medianame": "카카오톡",
      "category": "일상대화",
      "date": "2021-10-05",
      "size": 448,
      "annotations": {
        "subject": "스포츠/레저",
        "speaker_type": "1:1",
        "size": 448,
        "word_size": 149,
        "text": "1 : 니 축구 좋아했제? 키키 한판 뛰어야 하는데\n2 : 아 진짜 코로나라서 너무 아쉽네요\n1 : 그러니까 진짜 한판 뛰어줘야 하는데 몸이 근질 근질\n2 : 그니깐요 형도 주기적으로 축구 하신 거에요?\n1 : 옹 나도 주기적으로 했는데 이제 못해서 아쉽\n2 : 진짜 너무 아쉽죠 휴... 저도 진짜 매주 했는데\n1 : 그러니까 키키 진짜 코로나 끝나면 한번 조우하자\n2 : 좋죠 키키 형은 그럼 대구에서 하는 거에요?\n1 : 당근 당근 키키 저저 풋살장 빌리는데 있다 키키\n2 : 오 저두요 키키 나중에 진짜 한 판 같이 뛰어요\n1 : 키키 진짜 다치지 않게 몸 잘 풀고 온나 키키\n2 : 키키 아 형이 더 잘 풀고 오세요\n1 : 키키 와 나 되게 팔팔하거든? 키키\n2 : 키키 형 제가 어 중리동의 메시거든요\n1 : 와 중리동 여기는 잘는 모르네\n1 : 동구에서 내가 잘 나간다 키키\n2 : 아니 서구와 동구의 싸움인가요 키키",
        "lines": [
          {
            "id": 1,
            "text": "1 : 니 축구 좋아했제? 키키 한판 뛰어야 하는데",
            "norm_text": "니 축구 좋아했제? 키키 한판 뛰어야 하는데",
            "speaker": {
              "id": "1번",
              "sex": "남성",
              "age": "20대"
            },
            "speechAct": "(지시) 질문하기",
            "morpheme": "니/MM+축구/NNG+좋/VA+아/EC+했/VX+EP+제/EF+키/NNG+키/NNG+한판/NNG+뛰/VV+어야/EC+하/VV+는데/EC"
          },
          {
            "id": 2,
            "text": "2 : 아 진짜 코로나라서 너무 아쉽네요",
            "norm_text": "아 진짜 코로나라서 너무 아쉽네요",
            "speaker": {
              "id": "2번",
              "sex": "남성",
              "age": "20대"
            },
            "speechAct": "(단언) 주장하기",
            "morpheme": "아/IC+진짜/MAG+코/NNG+로/JKB+나라/NNG+서/JKB+너무/MAG+아쉽/VA+네요/EC"
          },
          {
            "id": 3,
            "text": "1 : 그러니까 진짜 한판 뛰어줘야 하는데 몸이 근질 근질",
            "norm_text": "그러니까 진짜 한판 뛰어줘야 하는데 몸이 근질 근질",
            "speaker": {
              "id": "1번",
              "sex": "남성",
              "age": "20대"
            },
            "speechAct": "(단언) 주장하기",
            "morpheme": "그러니까/MAJ+진짜/MAG+한판/NNG+뛰/VV+어/EC+줘야/VX+EC+하/VV+는데/EC+몸/NNG+이/JKS+근질근질/MAG"
          },
          {
            "id": 4,
            "text": "2 : 그니깐요 형도 주기적으로 축구 하신 거에요?",
            "norm_text": "그니깐요 형도 주기적으로 축구 하신 거에요?",
            "speaker": {
              "id": "2번",
              "sex": "남성",
              "age": "20대"
            },
            "speechAct": "(지시) 질문하기",
            "morpheme": "그니깐/MAJ+요/MM+형/NNG+도/JX+주기/NNG+적/XSN+으로/JKB+축구/NNG+하/XSV+신/EP+ETM+거/NNB+에요/VCP+EF"
          },
          {
            "id": 5,
            "text": "1 : 옹 나도 주기적으로 했는데 이제 못해서 아쉽",
            "norm_text": "옹 나도 주기적으로 했는데 이제 못해서 아쉽",
            "speaker": {
              "id": "1번",
              "sex": "남성",
              "age": "20대"
            },
            "speechAct": "(단언) 주장하기",
            "morpheme": "옹/NNG+나/NP+도/JX+주기/NNG+적/XSN+으로/JKB+했/VV+EP+는데/EC+이제/MAG+못/MAG+해서/VV+EC+아쉽/VA"
          },
          {
            "id": 6,
            "text": "2 : 진짜 너무 아쉽죠 휴... 저도 진짜 매주 했는데",
            "norm_text": "진짜 너무 아쉽죠 휴... 저도 진짜 매주 했는데",
            "speaker": {
              "id": "2번",
              "sex": "남성",
              "age": "20대"
            },
            "speechAct": "(단언) 진술하기",
            "morpheme": "진짜/MAG+너무/MAG+아쉽/VA+죠/EF+휴/IC+./SY+저/NP+도/JX+진짜/MAG+매주/NNG+했/XSV+EP+는데/EC"
          },
          {
            "id": 7,
            "text": "1 : 그러니까 키키 진짜 코로나 끝나면 한번 조우하자",
            "norm_text": "그러니까 키키 진짜 코로나 끝나면 한번 조우하자",
            "speaker": {
              "id": "1번",
              "sex": "남성",
              "age": "20대"
            },
            "speechAct": "(지시) 충고/제안하기",
            "morpheme": "그러니까/MAJ+키/NNG+키/XSV+ETN+진짜/MAG+코로나/NNG+끝/NNG+나/VV+면/EC+한/MM+번/NNBC+조우/NNG+하/XSV+자/EC"
          },
          {
            "id": 8,
            "text": "2 : 좋죠 키키 형은 그럼 대구에서 하는 거에요?",
            "norm_text": "좋죠 키키 형은 그럼 대구에서 하는 거에요?",
            "speaker": {
              "id": "2번",
              "sex": "남성",
              "age": "20대"
            },
            "speechAct": "(지시) 질문하기",
            "morpheme": "좋/VA+죠/EF+키/NNG+키/NNG+형/XSN+은/JX+그럼/MAJ+대구/NNP+에서/JKB+하/VV+는/ETM+거/NNB+에요/VCP+EF"
          },
          {
            "id": 9,
            "text": "1 : 당근 당근 키키 저저 풋살장 빌리는데 있다 키키",
            "norm_text": "당근 당근 키키 저저 풋살장 빌리는데 있다 키키",
            "speaker": {
              "id": "1번",
              "sex": "남성",
              "age": "20대"
            },
            "speechAct": "(단언) 진술하기",
            "morpheme": "당근/NNG+당근/NNG+키/NNG+키저/NNG+저/MM+풋/XPN+살장/NNG+빌리/VV+는데/EC+있/VX+다키키/NNP"
          },
          {
            "id": 10,
            "text": "2 : 오 저두요 키키 나중에 진짜 한 판 같이 뛰어요",
            "norm_text": "오 저두요 키키 나중에 진짜 한 판 같이 뛰어요",
            "speaker": {
              "id": "2번",
              "sex": "남성",
              "age": "20대"
            },
            "speechAct": "(지시) 충고/제안하기",
            "morpheme": "오저/NNG+두/JX+요키/NNP+키/NNG+나중/NNG+에/JKB+진짜/MAG+한판/NNG+같이/JKB+뛰/VV+어요/EF"
          },
          {
            "id": 11,
            "text": "1 : 키키 진짜 다치지 않게 몸 잘 풀고 온나 키키",
            "norm_text": "키키 진짜 다치지 않게 몸 잘 풀고 온나 키키",
            "speaker": {
              "id": "1번",
              "sex": "남성",
              "age": "20대"
            },
            "speechAct": "(단언) 주장하기",
            "morpheme": "키/NNG+키/XSV+ETN+진짜/MAG+다치/VV+지/EC+않/VX+게/EC+몸/NNG+잘/MAG+풀/VV+고/EC+온나/VX+EC+키/NNG+키/XSV+ETN"
          },
          {
            "id": 12,
            "text": "2 : 키키 아 형이 더 잘 풀고 오세요",
            "norm_text": "키키 아 형이 더 잘 풀고 오세요",
            "speaker": {
              "id": "2번",
              "sex": "남성",
              "age": "20대"
            },
            "speechAct": "(단언) 주장하기",
            "morpheme": "키/NNG+키/NNG+아형/NNG+이/JKS+더/MAG+잘/MAG+풀/VV+고/EC+오/VX+세요/EP+EF"
          },
          {
            "id": 13,
            "text": "1 : 키키 와 나 되게 팔팔하거든? 키키",
            "norm_text": "키키 와 나 되게 팔팔하거든? 키키",
            "speaker": {
              "id": "1번",
              "sex": "남성",
              "age": "20대"
            },
            "speechAct": "(단언) 진술하기",
            "morpheme": "키/NNG+키/XSV+ETN+와/JC+나/NP+되게/MAG+팔팔/XR+하/XSA+거든/EF+키/NNG+키/XSV+ETN"
          },
          {
            "id": 14,
            "text": "2 : 키키 형 제가 어 중리동의 메시거든요",
            "norm_text": "키키 형 제가 어 중리동의 메시거든요",
            "speaker": {
              "id": "2번",
              "sex": "남성",
              "age": "20대"
            },
            "speechAct": "(단언) 진술하기",
            "morpheme": "키/NNG+키/NNG+형제/NNG+가/JKS+어/IC+중리동/NNP+의/JKG+메시/NNG+거든요/VCP+EC"
          },
          {
            "id": 15,
            "text": "1 : 와 중리동 여기는 잘는 모르네",
            "norm_text": "와 중리동 여기는 잘는 모르네",
            "speaker": {
              "id": "1번",
              "sex": "남성",
              "age": "20대"
            },
            "speechAct": "(단언) 주장하기",
            "morpheme": "와/IC+중리동/NNP+여기/NP+는/JX+잘/MAG+는/JX+모르/VV+네/EC"
          },
          {
            "id": 16,
            "text": "1 : 동구에서 내가 잘 나간다 키키",
            "norm_text": "동구에서 내가 잘 나간다 키키",
            "speaker": {
              "id": "1번",
              "sex": "남성",
              "age": "20대"
            },
            "speechAct": "(단언) 주장하기",
            "morpheme": "동구/NNP+에서/JKB+내/NP+가/JKS+잘/MAG+나간/VV+ETM+다키키/NNP"
          },
          {
            "id": 17,
            "text": "2 : 아니 서구와 동구의 싸움인가요 키키",
            "norm_text": "아니 서구와 동구의 싸움인가요 키키",
            "speaker": {
              "id": "2번",
              "sex": "남성",
              "age": "20대"
            },
            "speechAct": "(지시) 질문하기",
            "morpheme": "아니/IC+서구/NNG+와/JC+동구/NNP+의/JKG+싸움/NNG+인가/VCP+EC+요키/NNP+키/NNG"
          }
        ]
      }
    }
  ]
}