{
  "dataset": {
    "identifier": 72873,
    "name": "KAKAO_899_15_set",
    "src_path": "/data/file/cubeManager/PROJECT001/53/txt202110051528340216103/KAKAO_899_15_set/",
    "label_path": "/data/file/cubeManager/PROJECT001/53/txt202110051528340216103/KAKAO_899_15_set/",
    "category": 2,
    "type": 0
  },
  "licenses": {
    "name": "Apache License 1.0",
    "url": "http://www.apache.org/licenses/LICENSE-1.0"
  },
  "info": [
    {
      "id": 41332,
      "filename": "KAKAO_899_15.txt",
      "title": "KAKAO_899_15",
      "mediatype": "SNS",
      "medianame": "카카오톡",
      "category": "일상대화",
      "date": "2021-10-05",
      "size": 470,
      "annotations": {
        "subject": "타 국가 이슈",
        "speaker_type": "1:1",
        "size": 470,
        "word_size": 152,
        "text": "1 : 오잉 미국에 유명 팝 스타가 백신 맞고 성불구 됐대요\n2 : 엥 대박... 남자야? 여자야?\n1 : 남자요 키키 결혼식 하려고 했다가 여자가 취소했대요\n2 : 헐 대박이다... 그 정도야?\n2 : 오 누구지 찾아봐야겠다\n1 : 넵 헐 뭐야 그런데 괴담이라 하는 것도 있고\n2 : 오... 뭐가 맞는지 ㅠㅠ\n2 : 근데 진짜 워낙 부작용이 많으니깐\n1 : 글쵸 진짜 이게 백신 때문인지도 모르고\n2 : 그니깐 아닌지 맞는지도 모르니깐 문제야\n1 : 맞아요 정말 아닌데 말했으면 좀 그렇다 공포 조장하고\n2 : 맞아 우리 누나도 지금 계속 알러지 같이 올라오는 것 같던데\n1 : 큰누나요? ㅜㅜ\n1 : 그것도 백신 부작용인가요?\n2 : 그런 것 같은데 뭐... 긴지 아닌지 알 수가 없지\n1 : 맞아요 ㅜㅜ 이게 백신 때문인 건지 아닌지 알 수 없으니\n2 : 그니깐 그게 문제인 것 같다\n1 : ㅜㅜ 진짜 뭔가 명쾌한 게 없으니 걱정\n2 : 응응 걱정이 안될 수는 없다",
        "lines": [
          {
            "id": 1,
            "text": "1 : 오잉 미국에 유명 팝 스타가 백신 맞고 성불구 됐대요",
            "norm_text": "오잉 미국에 유명 팝 스타가 백신 맞고 성불구 됐대요",
            "speaker": {
              "id": "1번",
              "sex": "여성",
              "age": "20대"
            },
            "speechAct": "(단언) 진술하기",
            "morpheme": "오잉/NNP+미국/NNP+에/JKB+유명/NNG+팝/NNG+스타/NNG+가/JKS+백신/NNG+맞/VV+고/EC+성불구/NNG+됐/XSV+EP+대요/EC"
          },
          {
            "id": 2,
            "text": "2 : 엥 대박... 남자야? 여자야?",
            "norm_text": "엥 대박... 남자야? 여자야?",
            "speaker": {
              "id": "2번",
              "sex": "남성",
              "age": "20대"
            },
            "speechAct": "(지시) 질문하기",
            "morpheme": "엥/IC+대박/NNG+./SY+./SY+남자/NNG+야/VCP+EF+여자/NNG+야/VCP+EF"
          },
          {
            "id": 3,
            "text": "1 : 남자요 키키 결혼식 하려고 했다가 여자가 취소했대요",
            "norm_text": "남자요 키키 결혼식 하려고 했다가 여자가 취소했대요",
            "speaker": {
              "id": "1번",
              "sex": "여성",
              "age": "20대"
            },
            "speechAct": "(단언) 진술하기",
            "morpheme": "남자/NNG+요키/NNP+키/NNG+결혼식/NNG+하/XSV+려고/EC+했/VX+EP+다가/EC+여자/NNG+가/JKS+취소/NNG+했/XSV+EP+대요/EC"
          },
          {
            "id": 4,
            "text": "2 : 헐 대박이다... 그 정도야?",
            "norm_text": "헐 대박이다... 그 정도야?",
            "speaker": {
              "id": "2번",
              "sex": "남성",
              "age": "20대"
            },
            "speechAct": "(지시) 질문하기",
            "morpheme": "헐/IC+대박/NNG+이/VCP+다/EF+./SY+그/MM+정도/NNG+야/VCP+EF"
          },
          {
            "id": 5,
            "text": "2 : 오 누구지 찾아봐야겠다",
            "norm_text": "오 누구지 찾아봐야겠다",
            "speaker": {
              "id": "2번",
              "sex": "남성",
              "age": "20대"
            },
            "speechAct": "(단언) 진술하기",
            "morpheme": "오/IC+누구/NP+지/VCP+EC+찾/VV+아/EC+봐야/VX+EC+VV+겠/EP+다/EC"
          },
          {
            "id": 6,
            "text": "1 : 넵 헐 뭐야 그런데 괴담이라 하는 것도 있고",
            "norm_text": "넵 헐 뭐야 그런데 괴담이라 하는 것도 있고",
            "speaker": {
              "id": "1번",
              "sex": "여성",
              "age": "20대"
            },
            "speechAct": "(단언) 주장하기",
            "morpheme": "넵/NNG+헐/XSV+JKO+뭐/NP+야/VCP+EF+그런데/MAJ+괴담/NNG+이/VCP+라/EC+하/VV+는/ETM+것/NNB+도/JX+있/VA+고/EC"
          },
          {
            "id": 7,
            "text": "2 : 오... 뭐가 맞는지 ㅠㅠ",
            "norm_text": "오... 뭐가 맞는지 ㅠㅠ",
            "speaker": {
              "id": "2번",
              "sex": "남성",
              "age": "20대"
            },
            "speechAct": "(단언) 진술하기",
            "morpheme": "오/IC+./SY+뭐/NP+가/JKS+맞/VV+는지/EC+ㅠㅠ/UNKNOWN"
          },
          {
            "id": 8,
            "text": "2 : 근데 진짜 워낙 부작용이 많으니깐",
            "norm_text": "근데 진짜 워낙 부작용이 많으니깐",
            "speaker": {
              "id": "2번",
              "sex": "남성",
              "age": "20대"
            },
            "speechAct": "(단언) 진술하기",
            "morpheme": "근데/MAJ+진짜/MAG+워낙/MAG+부작용/NNG+이/JKS+많/VA+으니깐/EC"
          },
          {
            "id": 9,
            "text": "1 : 글쵸 진짜 이게 백신 때문인지도 모르고",
            "norm_text": "글쵸 진짜 이게 백신 때문인지도 모르고",
            "speaker": {
              "id": "1번",
              "sex": "여성",
              "age": "20대"
            },
            "speechAct": "(단언) 진술하기",
            "morpheme": "글/NNG+쵸/MAG+진짜/MAG+이게/NP+JKS+백신/NNG+때문/NNB+인지/VCP+EC+도/JX+모르/VV+고/EC"
          },
          {
            "id": 10,
            "text": "2 : 그니깐 아닌지 맞는지도 모르니깐 문제야",
            "norm_text": "그니깐 아닌지 맞는지도 모르니깐 문제야",
            "speaker": {
              "id": "2번",
              "sex": "남성",
              "age": "20대"
            },
            "speechAct": "(단언) 진술하기",
            "morpheme": "그니깐/MAJ+아닌지/VCN+EC+맞/VV+는지/EC+도/JX+모르/VV+니깐/EC+문제/NNG+야/VCP+EF"
          },
          {
            "id": 11,
            "text": "1 : 맞아요 정말 아닌데 말했으면 좀 그렇다 공포 조장하고",
            "norm_text": "맞아요 정말 아닌데 말했으면 좀 그렇다 공포 조장하고",
            "speaker": {
              "id": "1번",
              "sex": "여성",
              "age": "20대"
            },
            "speechAct": "(단언) 진술하기",
            "morpheme": "맞/VV+아요/EF+정말/MAG+아닌데/VCN+EC+말/NNG+했/XSV+EP+으면/EC+좀/MAG+그렇/VA+다/EC+공포/NNG+조장/NNG+하/XSV+고/EC"
          },
          {
            "id": 12,
            "text": "2 : 맞아 우리 누나도 지금 계속 알러지 같이 올라오는 것 같던데",
            "norm_text": "맞아 우리 누나도 지금 계속 알러지 같이 올라오는 것 같던데",
            "speaker": {
              "id": "2번",
              "sex": "남성",
              "age": "20대"
            },
            "speechAct": "(단언) 진술하기",
            "morpheme": "맞/VV+아/EC+우리/NP+누나/NNG+도/JX+지금/MAG+계속/MAG+알/VV+러지/EF+같이/MAG+올라오/VV+는/ETM+것/NNB+같/VA+던데/EC"
          },
          {
            "id": 13,
            "text": "1 : 큰누나요? ㅜㅜ",
            "norm_text": "큰누나요? ㅜㅜ",
            "speaker": {
              "id": "1번",
              "sex": "여성",
              "age": "20대"
            },
            "speechAct": "(지시) 질문하기",
            "morpheme": "큰/VA+ETM+누나/NNG+요/JX+ㅜㅜ/UNKNOWN"
          },
          {
            "id": 14,
            "text": "1 : 그것도 백신 부작용인가요?",
            "norm_text": "그것도 백신 부작용인가요?",
            "speaker": {
              "id": "1번",
              "sex": "여성",
              "age": "20대"
            },
            "speechAct": "(지시) 질문하기",
            "morpheme": "그것/NP+도/JX+백/NR+신부/NNG+작용/NNG+인가요/VCP+EF"
          },
          {
            "id": 15,
            "text": "2 : 그런 것 같은데 뭐... 긴지 아닌지 알 수가 없지",
            "norm_text": "그런 것 같은데 뭐... 긴지 아닌지 알 수가 없지",
            "speaker": {
              "id": "2번",
              "sex": "남성",
              "age": "20대"
            },
            "speechAct": "(단언) 진술하기",
            "morpheme": "그런/MM+것/NNB+같/VA+은데/EC+뭐/IC+./SY+./SY+긴지/NNBC+VCP+EC+아닌지/VCN+EC+알/VV+ETM+수/NNB+가/JKS+없/VA+지/EC"
          },
          {
            "id": 16,
            "text": "1 : 맞아요 ㅜㅜ 이게 백신 때문인 건지 아닌지 알 수 없으니",
            "norm_text": "맞아요 ㅜㅜ 이게 백신 때문인 건지 아닌지 알 수 없으니",
            "speaker": {
              "id": "1번",
              "sex": "여성",
              "age": "20대"
            },
            "speechAct": "(단언) 진술하기",
            "morpheme": "맞/VV+아요/EF+ㅜㅜ/UNKNOWN+이게/NP+JKS+백신/NNG+때문/NNB+인/VCP+ETM+건지/NNB+VCP+EC+아닌지/VCN+EC+알/VV+ETM+수/NNB+없/VA+으니/EC"
          },
          {
            "id": 17,
            "text": "2 : 그니깐 그게 문제인 것 같다",
            "norm_text": "그니깐 그게 문제인 것 같다",
            "speaker": {
              "id": "2번",
              "sex": "남성",
              "age": "20대"
            },
            "speechAct": "(단언) 진술하기",
            "morpheme": "그니깐/MAJ+그게/NP+JKS+문제/NNG+인/VCP+ETM+것/NNB+같/VA+다/EC"
          },
          {
            "id": 18,
            "text": "1 : ㅜㅜ 진짜 뭔가 명쾌한 게 없으니 걱정",
            "norm_text": "ㅜㅜ 진짜 뭔가 명쾌한 게 없으니 걱정",
            "speaker": {
              "id": "1번",
              "sex": "여성",
              "age": "20대"
            },
            "speechAct": "(단언) 진술하기",
            "morpheme": "ㅜㅜ/UNKNOWN+진짜/MAG+뭔가/NP+VCP+EC+명쾌/XR+한/XSA+ETM+게/NNB+JKS+없/VA+으니/EC+걱정/NNG"
          },
          {
            "id": 19,
            "text": "2 : 응응 걱정이 안될 수는 없다",
            "norm_text": "응응 걱정이 안될 수는 없다",
            "speaker": {
              "id": "2번",
              "sex": "남성",
              "age": "20대"
            },
            "speechAct": "(단언) 진술하기",
            "morpheme": "응/IC+응/IC+걱정/NNG+이/JKS+안/MAG+될/VV+ETM+수/NNB+는/JX+없/VA+다/EC"
          }
        ]
      }
    }
  ]
}