{
  "dataset": {
    "identifier": 63862,
    "name": "KAKAO_900_01_set",
    "src_path": "/data/file/cubeManager/PROJECT001/53/txt20211005153423002757/KAKAO_900_01_set/",
    "label_path": "/data/file/cubeManager/PROJECT001/53/txt20211005153423002757/KAKAO_900_01_set/",
    "category": 2,
    "type": 0
  },
  "licenses": {
    "name": "Apache License 1.0",
    "url": "http://www.apache.org/licenses/LICENSE-1.0"
  },
  "info": [
    {
      "id": 41458,
      "filename": "KAKAO_900_01.txt",
      "title": "KAKAO_900_01",
      "mediatype": "SNS",
      "medianame": "카카오톡",
      "category": "일상대화",
      "date": "2021-10-05",
      "size": 438,
      "annotations": {
        "subject": "식음료",
        "speaker_type": "1:1",
        "size": 438,
        "word_size": 154,
        "text": "1 : 오늘 점심 식사는 뭐할 거야 키키\n2 : 뭐 먹을지 고민이야 키키 넌 뭐 먹을 거야\n1 : 나도 이제 막 일어나서 입맛 없음 키키\n2 : 키키 나도 키키 아직 아침도 안 먹었엉 키키\n1 : 나도 키키 일단 첵스 초코 먹고 시작할까 싶다 키키\n2 : 오 좋지 키키 역시 아침은 시리얼 키키\n1 : 맞아 간단하게 키키 아 혼자 사니까 밥 먹을 걱정이 제일이다\n2 : 키키 챙겨 먹기 귀찮지 않아?\n1 : 진짜 귀찮지 키키 그래도 엄마가 국 보내줘서 그거 먹는 중\n2 : 오 키키 그래도 잘 챙겨 먹고 있나 보네\n1 : 그럼 키키 딱 얼려 가지고 보내주심 키키\n2 : 키키 그게 먹기 진짜 간편하고 좋아\n1 : 맞아 키키 니도 혼자 살아가 또 고민이겠네 키키\n2 : 키키 난 이제 챙겨 먹는 걸 넘어서서 안 먹어 키키 귀찮아서\n1 : 어휴 니 더 살 빠지겠다 ㅜㅜ\n2 : 키키 코시국으로 인해 미각 실종 키키",
        "lines": [
          {
            "id": 1,
            "text": "1 : 오늘 점심 식사는 뭐할 거야 키키",
            "norm_text": "오늘 점심 식사는 뭐할 거야 키키",
            "speaker": {
              "id": "1번",
              "sex": "남성",
              "age": "20대"
            },
            "speechAct": "(지시) 질문하기",
            "morpheme": "오늘/MAG+점심/NNG+식사/NNG+는/JX+뭐/IC+할/VV+ETM+거/NNB+야/VCP+EF+키/NNG+키/XSV+ETN"
          },
          {
            "id": 2,
            "text": "2 : 뭐 먹을지 고민이야 키키 넌 뭐 먹을 거야",
            "norm_text": "뭐 먹을지 고민이야 키키 넌 뭐 먹을 거야",
            "speaker": {
              "id": "2번",
              "sex": "여성",
              "age": "20대"
            },
            "speechAct": "(지시) 질문하기",
            "morpheme": "뭐/IC+먹/VV+을지/EC+고민/NNG+이/VCP+야/EC+키/NNG+키/XSV+ETN+넌/JX+뭐/NP+먹/VV+을/ETM+거/NNB+야/VCP+EF"
          },
          {
            "id": 3,
            "text": "1 : 나도 이제 막 일어나서 입맛 없음 키키",
            "norm_text": "나도 이제 막 일어나서 입맛 없음 키키",
            "speaker": {
              "id": "1번",
              "sex": "남성",
              "age": "20대"
            },
            "speechAct": "(단언) 주장하기",
            "morpheme": "나/NP+도/JX+이제/MAG+막/MAJ+일어나/VV+서/EC+입맛/NNG+없/VA+음/ETN+키/NNG+키/XSV+ETN"
          },
          {
            "id": 4,
            "text": "2 : 키키 나도 키키 아직 아침도 안 먹었엉 키키",
            "norm_text": "키키 나도 키키 아직 아침도 안 먹었엉 키키",
            "speaker": {
              "id": "2번",
              "sex": "여성",
              "age": "20대"
            },
            "speechAct": "(단언) 진술하기",
            "morpheme": "키/NNG+키나/XSA+ETN+JX+도키/NNG+키/NNG+아직/MAG+아침/NNG+도/JX+안/MAG+먹/VV+었/EP+엉/EC+키/NNG+키/XSV+ETN"
          },
          {
            "id": 5,
            "text": "1 : 나도 키키 일단 첵스 초코 먹고 시작할까 싶다 키키",
            "norm_text": "나도 키키 일단 첵스 초코 먹고 시작할까 싶다 키키",
            "speaker": {
              "id": "1번",
              "sex": "남성",
              "age": "20대"
            },
            "speechAct": "(단언) 진술하기",
            "morpheme": "나/NP+도/JX+키/NNG+키/XSV+ETN+일단/MAG+첵/NNP+스/XSN+초코/NNP+먹/VV+고/EC+시작/NNG+할까/XSV+EC+싶/VX+다키키/NNP"
          },
          {
            "id": 6,
            "text": "2 : 오 좋지 키키 역시 아침은 시리얼 키키",
            "norm_text": "오 좋지 키키 역시 아침은 시리얼 키키",
            "speaker": {
              "id": "2번",
              "sex": "여성",
              "age": "20대"
            },
            "speechAct": "(단언) 주장하기",
            "morpheme": "오/NR+좋/VA+지/EC+키/NNG+키/XSV+ETN+역시/MAJ+아침/NNG+은/JX+시리얼/NNP+키키/NNP"
          },
          {
            "id": 7,
            "text": "1 : 맞아 간단하게 키키 아 혼자 사니까 밥 먹을 걱정이 제일이다",
            "norm_text": "맞아 간단하게 키키 아 혼자 사니까 밥 먹을 걱정이 제일이다",
            "speaker": {
              "id": "1번",
              "sex": "남성",
              "age": "20대"
            },
            "speechAct": "(단언) 주장하기",
            "morpheme": "맞/VV+아/EC+간단/XR+하/XSA+게/EC+키/NNG+키/VV+아/EC+혼자/MAG+사/VV+니까/EC+밥/NNG+먹/VV+을/ETM+걱정/NNG+이제/MAG+일/NNG+이/VCP+다/EC"
          },
          {
            "id": 8,
            "text": "2 : 키키 챙겨 먹기 귀찮지 않아?",
            "norm_text": "키키 챙겨 먹기 귀찮지 않아?",
            "speaker": {
              "id": "2번",
              "sex": "여성",
              "age": "20대"
            },
            "speechAct": "(지시) 질문하기",
            "morpheme": "키/NNG+키/XSV+ETN+챙겨/VV+EC+먹/VV+기/ETN+귀찮/VA+지/EC+않/VX+아/EF"
          },
          {
            "id": 9,
            "text": "1 : 진짜 귀찮지 키키 그래도 엄마가 국 보내줘서 그거 먹는 중",
            "norm_text": "진짜 귀찮지 키키 그래도 엄마가 국 보내줘서 그거 먹는 중",
            "speaker": {
              "id": "1번",
              "sex": "남성",
              "age": "20대"
            },
            "speechAct": "(단언) 진술하기",
            "morpheme": "진짜/MAG+귀찮/VA+지/EC+키/NNG+키/XSV+ETN+그래도/MAJ+엄마/NNG+가/JKS+국보/NNG+내줘서/VV+EC+그거/NP+먹/VV+는/ETM+중/NNB"
          },
          {
            "id": 10,
            "text": "2 : 오 키키 그래도 잘 챙겨 먹고 있나 보네",
            "norm_text": "오 키키 그래도 잘 챙겨 먹고 있나 보네",
            "speaker": {
              "id": "2번",
              "sex": "여성",
              "age": "20대"
            },
            "speechAct": "(지시) 질문하기",
            "morpheme": "오키/NNP+키/NNG+그래도/MAJ+잘/MAG+챙겨/VV+EC+먹/VV+고/EC+있/VX+나/EC+보/VX+네/EC"
          },
          {
            "id": 11,
            "text": "1 : 그럼 키키 딱 얼려 가지고 보내주심 키키",
            "norm_text": "그럼 키키 딱 얼려 가지고 보내주심 키키",
            "speaker": {
              "id": "1번",
              "sex": "남성",
              "age": "20대"
            },
            "speechAct": "(단언) 진술하기",
            "morpheme": "그럼/MAJ+키/NNG+키/XSV+ETN+딱/MAG+얼려/VV+EC+가지/VX+고/EC+보내/VV+EC+주심/NNG+키/NNG+키/XSV+ETN"
          },
          {
            "id": 12,
            "text": "2 : 키키 그게 먹기 진짜 간편하고 좋아",
            "norm_text": "키키 그게 먹기 진짜 간편하고 좋아",
            "speaker": {
              "id": "2번",
              "sex": "여성",
              "age": "20대"
            },
            "speechAct": "(단언) 주장하기",
            "morpheme": "키/NNG+키/XSV+ETN+그게/NP+JKS+먹/VV+기/ETN+진짜/MAG+간편/XR+하/XSA+고/EC+좋/VA+아/EC"
          },
          {
            "id": 13,
            "text": "1 : 맞아 키키 니도 혼자 살아가 또 고민이겠네 키키",
            "norm_text": "맞아 키키 니도 혼자 살아가 또 고민이겠네 키키",
            "speaker": {
              "id": "1번",
              "sex": "남성",
              "age": "20대"
            },
            "speechAct": "(지시) 질문하기",
            "morpheme": "맞/VV+아/EC+키/NNG+키/VV+니/EC+도/JX+혼자/MAG+살/VV+아/EC+가/JKS+또/MAG+고민/NNG+이/VCP+겠/EP+네/EF+키/NNG+키/XSV+ETN"
          },
          {
            "id": 14,
            "text": "2 : 키키 난 이제 챙겨 먹는 걸 넘어서서 안 먹어 키키 귀찮아서",
            "norm_text": "키키 난 이제 챙겨 먹는 걸 넘어서서 안 먹어 키키 귀찮아서",
            "speaker": {
              "id": "2번",
              "sex": "여성",
              "age": "20대"
            },
            "speechAct": "(단언) 진술하기",
            "morpheme": "키/NNG+키/XSV+ETN+난/NP+JX+이제/MAG+챙겨/VV+EC+먹/VV+는/ETM+걸/NNB+JKO+넘어서/VV+서/EC+안/MAG+먹/VV+어/EC+키/NNG+키/XSV+ETN+귀찮/VA+아서/EC"
          },
          {
            "id": 15,
            "text": "1 : 어휴 니 더 살 빠지겠다 ㅜㅜ",
            "norm_text": "어휴 니 더 살 빠지겠다 ㅜㅜ",
            "speaker": {
              "id": "1번",
              "sex": "남성",
              "age": "20대"
            },
            "speechAct": "(지시) 질문하기",
            "morpheme": "어휴/IC+니더/NNG+살/NNG+빠지/VV+겠/EP+다/EF+ㅜㅜ/UNKNOWN"
          },
          {
            "id": 16,
            "text": "2 : 키키 코시국으로 인해 미각 실종 키키",
            "norm_text": "키키 코시국으로 인해 미각 실종 키키",
            "speaker": {
              "id": "2번",
              "sex": "여성",
              "age": "20대"
            },
            "speechAct": "(단언) 진술하기",
            "morpheme": "키/NNG+키/NNG+코/XSV+EC+시국/NNG+으로/JKB+인해/VV+EC+미각/NNG+실종/NNG+키/NNG+키/XSV+ETN"
          }
        ]
      }
    }
  ]
}