{
  "dataset": {
    "identifier": 63316,
    "name": "KAKAO_916_17_set",
    "src_path": "/data/file/cubeManager/PROJECT001/53/txt20211005155003050128/KAKAO_916_17_set/",
    "label_path": "/data/file/cubeManager/PROJECT001/53/txt20211005155003050128/KAKAO_916_17_set/",
    "category": 2,
    "type": 0
  },
  "licenses": {
    "name": "Apache License 1.0",
    "url": "http://www.apache.org/licenses/LICENSE-1.0"
  },
  "info": [
    {
      "id": 41814,
      "filename": "KAKAO_916_17.txt",
      "title": "KAKAO_916_17",
      "mediatype": "SNS",
      "medianame": "카카오톡",
      "category": "일상대화",
      "date": "2021-10-05",
      "size": 355,
      "annotations": {
        "subject": "건강",
        "speaker_type": "1:1",
        "size": 355,
        "word_size": 125,
        "text": "1 : 신체 중에 제일 자신 있는 신체는 어디야?\n2 : 얼굴? 키키 장난인 거 알제\n1 : 키키 어릴 때 많이 맞아봤나?\n2 : 키키 아니 다들 잘 생겼다고 하던데?\n1 : 키키 너무 자신만만한 거 아니가?\n2 : 남자는 자신감 아니가 키키\n1 : 키키 얼굴 말고는 자신감 있는 곳 있나?\n2 : 키키 다 자신 있지 키키\n2 : 한 군데는 못 정하겠어\n1 : 키키 누나가 너무 오냐 오냐 한 거 아니야?\n2 : 친구들도 잘 생겼다 해준다 키키\n1 : 키키 그럼 잘 생긴 거 맞네\n2 : 맞제 한두 번 듣는 게 아니라니까 키키\n1 : 키키 근데 뭔가 기분 나쁘노\n2 : 니가 기분 왜 나쁜데?\n1 : 너무 자신감 넘쳐서 키키\n2 : 자신감이라도 있게 살아야지 키키",
        "lines": [
          {
            "id": 1,
            "text": "1 : 신체 중에 제일 자신 있는 신체는 어디야?",
            "norm_text": "신체 중에 제일 자신 있는 신체는 어디야?",
            "speaker": {
              "id": "1번",
              "sex": "여성",
              "age": "20대"
            },
            "speechAct": "(지시) 질문하기",
            "morpheme": "신체/NNG+중/NNB+에/JKB+제일/MAG+자신/NNG+있/VA+는/ETM+신체/NNG+는/JX+어디/NP+야/VCP+EF"
          },
          {
            "id": 2,
            "text": "2 : 얼굴? 키키 장난인 거 알제",
            "norm_text": "얼굴? 키키 장난인 거 알제",
            "speaker": {
              "id": "2번",
              "sex": "남성",
              "age": "20대"
            },
            "speechAct": "(단언) 진술하기",
            "morpheme": "얼굴/NNG+?/SY+키키장난인거알제/UNKNOWN"
          },
          {
            "id": 3,
            "text": "1 : 키키 어릴 때 많이 맞아봤나?",
            "norm_text": "키키 어릴 때 많이 맞아봤나?",
            "speaker": {
              "id": "1번",
              "sex": "여성",
              "age": "20대"
            },
            "speechAct": "(지시) 질문하기",
            "morpheme": "키/NNG+키/XSV+ETN+어릴/VA+ETM+때/NNG+많이/MAG+맞/VV+아/EC+봤/VX+EP+나/EF"
          },
          {
            "id": 4,
            "text": "2 : 키키 아니 다들 잘 생겼다고 하던데?",
            "norm_text": "키키 아니 다들 잘 생겼다고 하던데?",
            "speaker": {
              "id": "2번",
              "sex": "남성",
              "age": "20대"
            },
            "speechAct": "(단언) 진술하기",
            "morpheme": "키/NNG+키/XSV+ETN+아니/VCN+다/EC+들/XSN+잘/MAG+생겼/VV+EP+다고/EC+하/VX+던데/EF"
          },
          {
            "id": 5,
            "text": "1 : 키키 너무 자신만만한 거 아니가?",
            "norm_text": "키키 너무 자신만만한 거 아니가?",
            "speaker": {
              "id": "1번",
              "sex": "여성",
              "age": "20대"
            },
            "speechAct": "(지시) 질문하기",
            "morpheme": "키/NNG+키/NNG+너무/MAG+자신/NNG+만/JX+만한/VX+ETM+거/NNB+아니/VCN+가/EF"
          },
          {
            "id": 6,
            "text": "2 : 남자는 자신감 아니가 키키",
            "norm_text": "남자는 자신감 아니가 키키",
            "speaker": {
              "id": "2번",
              "sex": "남성",
              "age": "20대"
            },
            "speechAct": "(단언) 주장하기",
            "morpheme": "남자/NNG+는/JX+자신/NNG+감/XSN+아니/VCN+가/JKS+키/NNG+키/XSV+ETN"
          },
          {
            "id": 7,
            "text": "1 : 키키 얼굴 말고는 자신감 있는 곳 있나?",
            "norm_text": "키키 얼굴 말고는 자신감 있는 곳 있나?",
            "speaker": {
              "id": "1번",
              "sex": "여성",
              "age": "20대"
            },
            "speechAct": "(지시) 질문하기",
            "morpheme": "키/NNG+키/NNG+얼굴/NNG+말/VV+고/EC+는/JX+자신/NNG+감/XSN+있/VA+는/ETM+곳/NNB+있/VA+나/EF"
          },
          {
            "id": 8,
            "text": "2 : 키키 다 자신 있지 키키",
            "norm_text": "키키 다 자신 있지 키키",
            "speaker": {
              "id": "2번",
              "sex": "남성",
              "age": "20대"
            },
            "speechAct": "(단언) 진술하기",
            "morpheme": "키/NNG+키/NNG+다/MAG+자신/NNG+있/VV+지/EC+키/NNG+키/XSV+ETN"
          },
          {
            "id": 9,
            "text": "2 : 한 군데는 못 정하겠어",
            "norm_text": "한 군데는 못 정하겠어",
            "speaker": {
              "id": "2번",
              "sex": "남성",
              "age": "20대"
            },
            "speechAct": "(단언) 주장하기",
            "morpheme": "한/MM+군데/NNBC+는/JX+못정/NNG+하/XSV+겠/EP+어/EC"
          },
          {
            "id": 10,
            "text": "1 : 키키 누나가 너무 오냐 오냐 한 거 아니야?",
            "norm_text": "키키 누나가 너무 오냐 오냐 한 거 아니야?",
            "speaker": {
              "id": "1번",
              "sex": "여성",
              "age": "20대"
            },
            "speechAct": "(지시) 질문하기",
            "morpheme": "키/NNG+키/NNG+누나/NNG+가/JKS+너무/MAG+오냐오냐/IC+한/VV+ETM+거/NNB+아니/VCN+야/EF"
          },
          {
            "id": 11,
            "text": "2 : 친구들도 잘 생겼다 해준다 키키",
            "norm_text": "친구들도 잘 생겼다 해준다 키키",
            "speaker": {
              "id": "2번",
              "sex": "남성",
              "age": "20대"
            },
            "speechAct": "(단언) 진술하기",
            "morpheme": "친구/NNG+들/XSN+도/JX+잘/MAG+생겼/VV+EP+다/EC+해/VV+EC+준/VX+ETM+다키키/NNP"
          },
          {
            "id": 12,
            "text": "1 : 키키 그럼 잘 생긴 거 맞네",
            "norm_text": "키키 그럼 잘 생긴 거 맞네",
            "speaker": {
              "id": "1번",
              "sex": "여성",
              "age": "20대"
            },
            "speechAct": "(단언) 주장하기",
            "morpheme": "키/NNG+키/XSV+ETN+그럼/MAJ+잘생긴/VA+ETM+거/NNB+맞/VV+네/EC"
          },
          {
            "id": 13,
            "text": "2 : 맞제 한두 번 듣는 게 아니라니까 키키",
            "norm_text": "맞제 한두 번 듣는 게 아니라니까 키키",
            "speaker": {
              "id": "2번",
              "sex": "남성",
              "age": "20대"
            },
            "speechAct": "(단언) 진술하기",
            "morpheme": "맞/XPN+제한/NNG+두/MM+번/NNBC+듣/VV+는/ETM+게/NNB+JKC+아니/VCN+라니까/EC+키/NNG+키/XSV+ETN"
          },
          {
            "id": 14,
            "text": "1 : 키키 근데 뭔가 기분 나쁘노",
            "norm_text": "키키 근데 뭔가 기분 나쁘노",
            "speaker": {
              "id": "1번",
              "sex": "여성",
              "age": "20대"
            },
            "speechAct": "(단언) 진술하기",
            "morpheme": "키/NNG+키/XSV+ETN+근데/MAJ+뭔가/NP+VCP+EC+기분/NNG+나쁘/VA+노/EC"
          },
          {
            "id": 15,
            "text": "2 : 니가 기분 왜 나쁜데?",
            "norm_text": "니가 기분 왜 나쁜데?",
            "speaker": {
              "id": "2번",
              "sex": "남성",
              "age": "20대"
            },
            "speechAct": "(지시) 질문하기",
            "morpheme": "니/NP+가/JKS+기분/NNG+왜/MAG+나쁜데/VA+EF"
          },
          {
            "id": 16,
            "text": "1 : 너무 자신감 넘쳐서 키키",
            "norm_text": "너무 자신감 넘쳐서 키키",
            "speaker": {
              "id": "1번",
              "sex": "여성",
              "age": "20대"
            },
            "speechAct": "(단언) 진술하기",
            "morpheme": "너무/MAG+자신/NNG+감/XSN+넘쳐서/VV+EC+키/NNG+키/XSV+ETN"
          },
          {
            "id": 17,
            "text": "2 : 자신감이라도 있게 살아야지 키키",
            "norm_text": "자신감이라도 있게 살아야지 키키",
            "speaker": {
              "id": "2번",
              "sex": "남성",
              "age": "20대"
            },
            "speechAct": "(단언) 주장하기",
            "morpheme": "자신감/NNG+이/VCP+라도/EC+있/VX+게/EC+살/VV+아야지/EC+키/NNG+키/XSV+ETN"
          }
        ]
      }
    }
  ]
}