{
  "dataset": {
    "identifier": 69242,
    "name": "KAKAO_915_18_set",
    "src_path": "/data/file/cubeManager/PROJECT001/53/txt20211005155756067314/KAKAO_915_18_set/",
    "label_path": "/data/file/cubeManager/PROJECT001/53/txt20211005155756067314/KAKAO_915_18_set/",
    "category": 2,
    "type": 0
  },
  "licenses": {
    "name": "Apache License 1.0",
    "url": "http://www.apache.org/licenses/LICENSE-1.0"
  },
  "info": [
    {
      "id": 41855,
      "filename": "KAKAO_915_18.txt",
      "title": "KAKAO_915_18",
      "mediatype": "SNS",
      "medianame": "카카오톡",
      "category": "일상대화",
      "date": "2021-10-05",
      "size": 441,
      "annotations": {
        "subject": "상거래 전반",
        "speaker_type": "1:1",
        "size": 441,
        "word_size": 144,
        "text": "1 : 추석연휴 때도 새벽 배송 한다네 키키\n2 : 와 대단하다 키키 근데 좋긴 하다 ㅠㅠ\n1 : 글치 ㅜㅜ 그래도 다들 안 쉬고 대단하다\n2 : 그니깐... ㅠㅠ 일하는 분들은 진짜 힘들겠지만\n1 : 맞아 그래도 소비자는 진짜 좋네 키키\n2 : 글치 아무래도 새벽배송 받으면 얼마나 좋은지\n1 : 진짜 편함 키키 택배원들한테 돈을 좀 더 줬으면 좋겠다\n2 : 그니깐 택배원들 진짜 돈 많이 받아야 한다\n1 : 진짜 어차피 일해야 한다면 돈이라도 ㅜㅜ\n2 : 그니깐... 얼마나 힘든 일인지 ㅠㅠ\n1 : 맞아 ㅜㅜ 오빠야 우리 쉬는 동안 택배 해볼까 키키\n2 : 대단하네? 키키 택배 진짜 힘든데 니 하겠나\n1 : 키키 그 뭐지 여자들은 작은 택배 위주로 시킨대 키키\n2 : 아 진짜가? 오 그런 것도 있구나\n1 : 옹 키키 그렇게 모집하던데 쿠팡은 키키\n2 : 오 그래 물 같은 거 하려면 진짜 힘들지 여자가 ㅠㅠ",
        "lines": [
          {
            "id": 1,
            "text": "1 : 추석연휴 때도 새벽 배송 한다네 키키",
            "norm_text": "추석연휴 때도 새벽 배송 한다네 키키",
            "speaker": {
              "id": "1번",
              "sex": "여성",
              "age": "20대"
            },
            "speechAct": "(단언) 진술하기",
            "morpheme": "추석/NNG+연휴/NNG+때/NNG+도/JX+새벽/NNG+배송/NNG+한다/XSV+EF+네/IC+키/NNG+키/XSV+ETN"
          },
          {
            "id": 2,
            "text": "2 : 와 대단하다 키키 근데 좋긴 하다 ㅠㅠ",
            "norm_text": "와 대단하다 키키 근데 좋긴 하다 ㅠㅠ",
            "speaker": {
              "id": "2번",
              "sex": "남성",
              "age": "20대"
            },
            "speechAct": "(단언) 주장하기",
            "morpheme": "와/IC+대단/XR+하/XSA+다키키/NNP+근데/MAJ+좋/VA+긴/ETN+JX+하/VX+다/EF+ㅠㅠ/UNKNOWN"
          },
          {
            "id": 3,
            "text": "1 : 글치 ㅜㅜ 그래도 다들 안 쉬고 대단하다",
            "norm_text": "글치 ㅜㅜ 그래도 다들 안 쉬고 대단하다",
            "speaker": {
              "id": "1번",
              "sex": "여성",
              "age": "20대"
            },
            "speechAct": "(단언) 주장하기",
            "morpheme": "글/NNG+치/XSN+ㅜㅜ/UNKNOWN+그래도/VV+EC+다/MAG+들/XSN+안/MAG+쉬/VV+고/EC+대단/XR+하/XSA+다/EC"
          },
          {
            "id": 4,
            "text": "2 : 그니깐... ㅠㅠ 일하는 분들은 진짜 힘들겠지만",
            "norm_text": "그니깐... ㅠㅠ 일하는 분들은 진짜 힘들겠지만",
            "speaker": {
              "id": "2번",
              "sex": "남성",
              "age": "20대"
            },
            "speechAct": "(단언) 주장하기",
            "morpheme": "그니깐/MAJ+./SY+ㅠㅠ/UNKNOWN+일/NNG+하/XSV+는/ETM+분/NNB+들/XSN+은/JX+진짜/MAG+힘들/VA+겠/EP+지만/EC"
          },
          {
            "id": 5,
            "text": "1 : 맞아 그래도 소비자는 진짜 좋네 키키",
            "norm_text": "맞아 그래도 소비자는 진짜 좋네 키키",
            "speaker": {
              "id": "1번",
              "sex": "여성",
              "age": "20대"
            },
            "speechAct": "(단언) 주장하기",
            "morpheme": "맞/VV+아/EC+그래도/VV+EC+소비자/NNG+는/JX+진짜/MAG+좋/VA+네/EF+키/NNG+키/XSV+ETN"
          },
          {
            "id": 6,
            "text": "2 : 글치 아무래도 새벽배송 받으면 얼마나 좋은지",
            "norm_text": "글치 아무래도 새벽배송 받으면 얼마나 좋은지",
            "speaker": {
              "id": "2번",
              "sex": "남성",
              "age": "20대"
            },
            "speechAct": "(단언) 주장하기",
            "morpheme": "글/NNG+치/XSN+아무래도/MAG+새벽/NNG+배송/NNG+받/VV+으면/EC+얼마나/MAG+좋/VA+은지/EC"
          },
          {
            "id": 7,
            "text": "1 : 진짜 편함 키키 택배원들한테 돈을 좀 더 줬으면 좋겠다",
            "norm_text": "진짜 편함 키키 택배원들한테 돈을 좀 더 줬으면 좋겠다",
            "speaker": {
              "id": "1번",
              "sex": "여성",
              "age": "20대"
            },
            "speechAct": "(단언) 주장하기",
            "morpheme": "진짜/MAG+편함/VA+ETN+키/NNG+키/NNG+택배/NNG+원/NNG+들/XSN+한테/JKB+돈/NNG+을/JKO+좀/MAG+더/MAG+줬/VV+EP+으면/EC+좋/VA+겠/EP+다/EC"
          },
          {
            "id": 8,
            "text": "2 : 그니깐 택배원들 진짜 돈 많이 받아야 한다",
            "norm_text": "그니깐 택배원들 진짜 돈 많이 받아야 한다",
            "speaker": {
              "id": "2번",
              "sex": "남성",
              "age": "20대"
            },
            "speechAct": "(단언) 주장하기",
            "morpheme": "그니깐/MAJ+택배/NNG+원/NNG+들/XSN+진짜/MAG+돈/NNG+많이/MAG+받/VV+아야/EC+한다/VX+EC"
          },
          {
            "id": 9,
            "text": "1 : 진짜 어차피 일해야 한다면 돈이라도 ㅜㅜ",
            "norm_text": "진짜 어차피 일해야 한다면 돈이라도 ㅜㅜ",
            "speaker": {
              "id": "1번",
              "sex": "여성",
              "age": "20대"
            },
            "speechAct": "(단언) 주장하기",
            "morpheme": "진짜/MAG+어차피/MAG+일/NNG+해야/XSV+EC+한다면/VV+EC+돈/NNG+이/VCP+라도/EC+ㅜㅜ/UNKNOWN"
          },
          {
            "id": 10,
            "text": "2 : 그니깐... 얼마나 힘든 일인지 ㅠㅠ",
            "norm_text": "그니깐... 얼마나 힘든 일인지 ㅠㅠ",
            "speaker": {
              "id": "2번",
              "sex": "남성",
              "age": "20대"
            },
            "speechAct": "(단언) 주장하기",
            "morpheme": "그니깐/MAJ+./SY+얼마나/MAG+힘든/VA+ETM+일/NNG+인지/VCP+EC+ㅠㅠ/UNKNOWN"
          },
          {
            "id": 11,
            "text": "1 : 맞아 ㅜㅜ 오빠야 우리 쉬는 동안 택배 해볼까 키키",
            "norm_text": "맞아 ㅜㅜ 오빠야 우리 쉬는 동안 택배 해볼까 키키",
            "speaker": {
              "id": "1번",
              "sex": "여성",
              "age": "20대"
            },
            "speechAct": "(지시) 충고/제안하기",
            "morpheme": "맞/VV+아/EC+ㅜㅜ/UNKNOWN+오빠/NNG+야/VCP+EF+우리/NP+쉬/VV+는/ETM+동안/NNG+택배/NNG+해/XSV+EC+볼까/VX+EC+키/NNG+키/XSV+ETN"
          },
          {
            "id": 12,
            "text": "2 : 대단하네? 키키 택배 진짜 힘든데 니 하겠나",
            "norm_text": "대단하네? 키키 택배 진짜 힘든데 니 하겠나",
            "speaker": {
              "id": "2번",
              "sex": "남성",
              "age": "20대"
            },
            "speechAct": "(단언) 주장하기",
            "morpheme": "대단/XR+하/XSA+네/EF+키키택배진짜힘든데니하겠나/UNKNOWN"
          },
          {
            "id": 13,
            "text": "1 : 키키 그 뭐지 여자들은 작은 택배 위주로 시킨대 키키",
            "norm_text": "키키 그 뭐지 여자들은 작은 택배 위주로 시킨대 키키",
            "speaker": {
              "id": "1번",
              "sex": "여성",
              "age": "20대"
            },
            "speechAct": "(단언) 진술하기",
            "morpheme": "키/NNG+키/XSV+ETN+그/IC+뭐/NP+지/VCP+EC+여자/NNG+들/XSN+은/JX+작/VA+은/ETM+택배/NNG+위주/NNG+로/JKB+시킨/VV+ETM+대/XPN+키/NNG+키/XSV+ETN"
          },
          {
            "id": 14,
            "text": "2 : 아 진짜가? 오 그런 것도 있구나",
            "norm_text": "아 진짜가? 오 그런 것도 있구나",
            "speaker": {
              "id": "2번",
              "sex": "남성",
              "age": "20대"
            },
            "speechAct": "(단언) 주장하기",
            "morpheme": "아/IC+진짜/NNG+가/JKS+오/IC+그런/MM+것/NNB+도/JX+있/VA+구나/EC"
          },
          {
            "id": 15,
            "text": "1 : 옹 키키 그렇게 모집하던데 쿠팡은 키키",
            "norm_text": "옹 키키 그렇게 모집하던데 쿠팡은 키키",
            "speaker": {
              "id": "1번",
              "sex": "여성",
              "age": "20대"
            },
            "speechAct": "(단언) 주장하기",
            "morpheme": "옹/NNG+키/NNG+키/XSV+ETN+그렇/VA+게/EC+모집/NNG+하/XSV+던데/EC+쿠팡/NNP+은/JX+키/NNG+키/XSV+ETN"
          },
          {
            "id": 16,
            "text": "2 : 오 그래 물 같은 거 하려면 진짜 힘들지 여자가 ㅠㅠ",
            "norm_text": "오 그래 물 같은 거 하려면 진짜 힘들지 여자가 ㅠㅠ",
            "speaker": {
              "id": "2번",
              "sex": "남성",
              "age": "20대"
            },
            "speechAct": "(단언) 주장하기",
            "morpheme": "오/IC+그래/IC+물/NNG+같/VA+은/ETM+거/NNB+하/VV+려면/EC+진짜/MAG+힘들/VA+지/EC+여자/NNG+가/JKS+ㅠㅠ/UNKNOWN"
          }
        ]
      }
    }
  ]
}