{
  "dataset": {
    "identifier": 63152,
    "name": "KAKAO_918_17_set",
    "src_path": "/data/file/cubeManager/PROJECT001/53/txt20211005154951057740/KAKAO_918_17_set/",
    "label_path": "/data/file/cubeManager/PROJECT001/53/txt20211005154951057740/KAKAO_918_17_set/",
    "category": 2,
    "type": 0
  },
  "licenses": {
    "name": "Apache License 1.0",
    "url": "http://www.apache.org/licenses/LICENSE-1.0"
  },
  "info": [
    {
      "id": 41794,
      "filename": "KAKAO_918_17.txt",
      "title": "KAKAO_918_17",
      "mediatype": "SNS",
      "medianame": "카카오톡",
      "category": "일상대화",
      "date": "2021-10-05",
      "size": 363,
      "annotations": {
        "subject": "건강",
        "speaker_type": "1:1",
        "size": 363,
        "word_size": 130,
        "text": "1 : 신체 중에 제일 발달한 신체 있어?\n2 : 남자 치곤 손이 큰 거 같다\n1 : 손은 키 크면 큰 거 아냐?\n2 : 나는 그렇게 키 안 큰 거 같은데\n1 : 키 몇 인뎅?\n1 : 큰 것 같던데?!\n2 : 나 178 정도? 될걸\n1 : 178이면 보통 성인 평균보다 더 큰 거 아니야?\n2 : 180 안 넘잖아 그럼 작은 거지\n1 : 180 넘는 사람들 진짜 크던데 178이면 준수하지\n2 : 그래도 더 컸으면 좋겠다\n1 : 에이 키 작은 사람들 들으면 욕한데잉\n2 : 그런가 요즘 학생들은 다 크더라\n1 : 맞아 키키 요새는 잘 먹고 발달이 빨라\n2 : 맞아 우리 때랑은 진짜 다르더라\n1 : 우리 때 진짜 작은 애들 많았는데 키키\n2 : 맞다 나도 고등학생 때 많이 컸다",
        "lines": [
          {
            "id": 1,
            "text": "1 : 신체 중에 제일 발달한 신체 있어?",
            "norm_text": "신체 중에 제일 발달한 신체 있어?",
            "speaker": {
              "id": "1번",
              "sex": "여성",
              "age": "20대"
            },
            "speechAct": "(지시) 질문하기",
            "morpheme": "신체/NNG+중/NNB+에/JKB+제일/MAG+발달/NNG+한/XSA+ETM+신체/NNG+있/VA+어/EF"
          },
          {
            "id": 2,
            "text": "2 : 남자 치곤 손이 큰 거 같다",
            "norm_text": "남자 치곤 손이 큰 거 같다",
            "speaker": {
              "id": "2번",
              "sex": "남성",
              "age": "30대"
            },
            "speechAct": "(단언) 진술하기",
            "morpheme": "남자/NNG+치곤/NNG+손/NNG+이/JKS+큰/VA+ETM+거/NNB+같/VA+다/EC"
          },
          {
            "id": 3,
            "text": "1 : 손은 키 크면 큰 거 아냐?",
            "norm_text": "손은 키 크면 큰 거 아냐?",
            "speaker": {
              "id": "1번",
              "sex": "여성",
              "age": "20대"
            },
            "speechAct": "(지시) 질문하기",
            "morpheme": "손/NNG+은/JX+키/NNG+크/VA+면/EC+큰/VA+ETM+거/NNB+아냐/VCN+EF"
          },
          {
            "id": 4,
            "text": "2 : 나는 그렇게 키 안 큰 거 같은데",
            "norm_text": "나는 그렇게 키 안 큰 거 같은데",
            "speaker": {
              "id": "2번",
              "sex": "남성",
              "age": "30대"
            },
            "speechAct": "(지시) 질문하기",
            "morpheme": "나/NP+는/JX+그렇게/MAG+키/NNG+안/MAG+큰/VA+ETM+거/NNB+같/VA+은데/EC"
          },
          {
            "id": 5,
            "text": "1 : 키 몇 인뎅?",
            "norm_text": "키 몇 인뎅?",
            "speaker": {
              "id": "1번",
              "sex": "여성",
              "age": "20대"
            },
            "speechAct": "(지시) 질문하기",
            "morpheme": "키몇인뎅/UNKNOWN"
          },
          {
            "id": 6,
            "text": "1 : 큰 것 같던데?!",
            "norm_text": "큰 것 같던데?!",
            "speaker": {
              "id": "1번",
              "sex": "여성",
              "age": "20대"
            },
            "speechAct": "(단언) 주장하기",
            "morpheme": "큰/VA+ETM+것/NNB+같/VA+던데/EC+?/SY"
          },
          {
            "id": 7,
            "text": "2 : 나 178 정도? 될걸",
            "norm_text": "나 178 정도? 될걸",
            "speaker": {
              "id": "2번",
              "sex": "남성",
              "age": "30대"
            },
            "speechAct": "(지시) 질문하기",
            "morpheme": "나/NP+178/SN+정도/NNG+될/VV+ETM+걸/NNB+JKO"
          },
          {
            "id": 8,
            "text": "1 : 178이면 보통 성인 평균보다 더 큰 거 아니야?",
            "norm_text": "178이면 보통 성인 평균보다 더 큰 거 아니야?",
            "speaker": {
              "id": "1번",
              "sex": "여성",
              "age": "20대"
            },
            "speechAct": "(지시) 질문하기",
            "morpheme": "178/SN+이/VCP+면/EC+보통/NNG+성/XSN+인/VCP+ETM+평균/NNG+보다/JKB+더/MAG+큰/VA+ETM+거/NNB+아니/VCN+야/EF"
          },
          {
            "id": 9,
            "text": "2 : 180 안 넘잖아 그럼 작은 거지",
            "norm_text": "180 안 넘잖아 그럼 작은 거지",
            "speaker": {
              "id": "2번",
              "sex": "남성",
              "age": "30대"
            },
            "speechAct": "(단언) 주장하기",
            "morpheme": "180/SN+안/MAG+넘/VV+잖아/EF+그럼/MAJ+작/VA+은/ETM+거/NNB+지/VCP+EC"
          },
          {
            "id": 10,
            "text": "1 : 180 넘는 사람들 진짜 크던데 178이면 준수하지",
            "norm_text": "180 넘는 사람들 진짜 크던데 178이면 준수하지",
            "speaker": {
              "id": "1번",
              "sex": "여성",
              "age": "20대"
            },
            "speechAct": "(단언) 주장하기",
            "morpheme": "180/SN+넘/VV+는/ETM+사람/NNG+들/XSN+진짜/MAG+크/VA+던데/EC+178/SN+이/VCP+면/EC+준/VX+ETM+수/NNB+하/VV+지/EC"
          },
          {
            "id": 11,
            "text": "2 : 그래도 더 컸으면 좋겠다",
            "norm_text": "그래도 더 컸으면 좋겠다",
            "speaker": {
              "id": "2번",
              "sex": "남성",
              "age": "30대"
            },
            "speechAct": "(단언) 주장하기",
            "morpheme": "그래도/MAJ+더/MAG+컸/VA+EP+으면/EC+좋/VA+겠/EP+다/EC"
          },
          {
            "id": 12,
            "text": "1 : 에이 키 작은 사람들 들으면 욕한데잉",
            "norm_text": "에이 키 작은 사람들 들으면 욕한데잉",
            "speaker": {
              "id": "1번",
              "sex": "여성",
              "age": "20대"
            },
            "speechAct": "(단언) 주장하기",
            "morpheme": "에이/NNG+키/XSV+ETN+작/VA+은/ETM+사람/NNG+들/XSN+들으면/VV+EC+욕한/VV+ETM+데/NNB+잉/NNG"
          },
          {
            "id": 13,
            "text": "2 : 그런가 요즘 학생들은 다 크더라",
            "norm_text": "그런가 요즘 학생들은 다 크더라",
            "speaker": {
              "id": "2번",
              "sex": "남성",
              "age": "30대"
            },
            "speechAct": "(단언) 진술하기",
            "morpheme": "그런가/VA+EC+요즘/NNG+학생/NNG+들/XSN+은/JX+다/MAG+크/VA+더라/EC"
          },
          {
            "id": 14,
            "text": "1 : 맞아 키키 요새는 잘 먹고 발달이 빨라",
            "norm_text": "맞아 키키 요새는 잘 먹고 발달이 빨라",
            "speaker": {
              "id": "1번",
              "sex": "여성",
              "age": "20대"
            },
            "speechAct": "(단언) 진술하기",
            "morpheme": "맞/VV+아/EC+키/NNG+키/NNG+요새/NNG+는/JX+잘/MAG+먹/VV+고/EC+발달/NNG+이/JKS+빨라/VA+EC"
          },
          {
            "id": 15,
            "text": "2 : 맞아 우리 때랑은 진짜 다르더라",
            "norm_text": "맞아 우리 때랑은 진짜 다르더라",
            "speaker": {
              "id": "2번",
              "sex": "남성",
              "age": "30대"
            },
            "speechAct": "(단언) 진술하기",
            "morpheme": "맞/VV+아/EC+우리/NP+때/NNG+랑/JKB+은/JX+진짜/MAG+다르/VA+더라/EC"
          },
          {
            "id": 16,
            "text": "1 : 우리 때 진짜 작은 애들 많았는데 키키",
            "norm_text": "우리 때 진짜 작은 애들 많았는데 키키",
            "speaker": {
              "id": "1번",
              "sex": "여성",
              "age": "20대"
            },
            "speechAct": "(단언) 진술하기",
            "morpheme": "우리/NP+때/NNG+진짜/MAG+작/VA+은/ETM+애/NNG+들/XSN+많/VA+았/EP+는데/EC+키/NNG+키/XSV+ETN"
          },
          {
            "id": 17,
            "text": "2 : 맞다 나도 고등학생 때 많이 컸다",
            "norm_text": "맞다 나도 고등학생 때 많이 컸다",
            "speaker": {
              "id": "2번",
              "sex": "남성",
              "age": "30대"
            },
            "speechAct": "(단언) 진술하기",
            "morpheme": "맞/VV+다/EF+나/NP+도/JX+고등/NNG+학생/NNG+때/NNG+많이/MAG+컸/VA+EP+다/EC"
          }
        ]
      }
    }
  ]
}