{
  "dataset": {
    "identifier": 69165,
    "name": "KAKAO_919_05_set",
    "src_path": "/data/file/cubeManager/PROJECT001/53/txt20211005155848052553/KAKAO_919_05_set/",
    "label_path": "/data/file/cubeManager/PROJECT001/53/txt20211005155848052553/KAKAO_919_05_set/",
    "category": 2,
    "type": 0
  },
  "licenses": {
    "name": "Apache License 1.0",
    "url": "http://www.apache.org/licenses/LICENSE-1.0"
  },
  "info": [
    {
      "id": 41922,
      "filename": "KAKAO_919_05.txt",
      "title": "KAKAO_919_05",
      "mediatype": "SNS",
      "medianame": "카카오톡",
      "category": "일상대화",
      "date": "2021-10-05",
      "size": 548,
      "annotations": {
        "subject": "군대",
        "speaker_type": "1:1",
        "size": 548,
        "word_size": 170,
        "text": "1 : 회사 밥 먹다 보니까 군대 밥이 그리워지네...\n2 : 아니 그 정도야 키키 군대 밥이 생각날 정도라니...\n1 : 그래도 군대 밥은 메뉴가 다양해서 먹을 만했는데 여기는 항상 비슷해 키키\n2 : 키키 근데 군대 밥 개선 많이 돼서 먹을 만하긴 했어\n1 : 맞아 키키 군대에서 살면서 먹을 시리얼 거의 다 먹은 듯 키키\n2 : 주말 아침은 무조건 시리얼이지 키키 국룰이잖아 키키\n1 : 약간 미국식으로 시리얼에 햄버거 키키 근데 맛있어 키키\n2 : 맞아 키키 햄도 좋은데 소세지 나오면 진짜 행복했지\n1 : 이제 곧 추석인데 군대에서는 뭐하려나\n2 : 그러게 원래는 포상 걸고 체육대회 할 텐데 코로나 때문에 안 하려나\n1 : 그러게 그냥 생활관에서 영화 보고 누워있으려나\n2 : 너는 간부였는데 추석 때 보통 뭐했어 키키?\n1 : 초임 때는 당직 근무나 출근해서 심판 보거나 병력 관리하고 나중에는 휴가 키키\n2 : 오 짬 좀 차면 바로 휴가 나가는 거야 키키?\n1 : 말년에는 휴가 나갔는데 그 전에는 그냥 후임들이랑 놀았므 키키\n2 : 그래도 알차게는 보냈네 키키\n2 : 간부들이 궁금했었어 키키",
        "lines": [
          {
            "id": 1,
            "text": "1 : 회사 밥 먹다 보니까 군대 밥이 그리워지네...",
            "norm_text": "회사 밥 먹다 보니까 군대 밥이 그리워지네...",
            "speaker": {
              "id": "1번",
              "sex": "남성",
              "age": "20대"
            },
            "speechAct": "(단언) 주장하기",
            "morpheme": "회사/NNG+밥/NNG+먹/VV+다/EC+보/VX+니까/EC+군대/NNG+밥/NNG+이/JKS+그리워/VA+EC+지/VX+네/EF+./SY"
          },
          {
            "id": 2,
            "text": "2 : 아니 그 정도야 키키 군대 밥이 생각날 정도라니...",
            "norm_text": "아니 그 정도야 키키 군대 밥이 생각날 정도라니...",
            "speaker": {
              "id": "2번",
              "sex": "남성",
              "age": "20대"
            },
            "speechAct": "(단언) 주장하기",
            "morpheme": "아니그정도야키키군대밥이생각날정도라니/UNKNOWN+./SY"
          },
          {
            "id": 3,
            "text": "1 : 그래도 군대 밥은 메뉴가 다양해서 먹을 만했는데 여기는 항상 비슷해 키키",
            "norm_text": "그래도 군대 밥은 메뉴가 다양해서 먹을 만했는데 여기는 항상 비슷해 키키",
            "speaker": {
              "id": "1번",
              "sex": "남성",
              "age": "20대"
            },
            "speechAct": "(단언) 주장하기",
            "morpheme": "그래도/MAJ+군대/NNG+밥/NNG+은/JX+메뉴/NNG+가/JKS+다양/NNG+해서/XSV+EC+먹/VV+을/ETM+만/NNB+했/XSA+EP+는데/EC+여기/NP+는/JX+항상/MAG+비슷/XR+해/XSA+EC+키/NNG+키/XSV+ETN"
          },
          {
            "id": 4,
            "text": "2 : 키키 근데 군대 밥 개선 많이 돼서 먹을 만하긴 했어",
            "norm_text": "키키 근데 군대 밥 개선 많이 돼서 먹을 만하긴 했어",
            "speaker": {
              "id": "2번",
              "sex": "남성",
              "age": "20대"
            },
            "speechAct": "(단언) 진술하기",
            "morpheme": "키/NNG+키/XSV+ETN+근데/MAJ+군대/NNG+밥/NNG+개선/NNG+많이/MAG+돼서/VV+EC+먹/VV+을/ETM+만/NNB+하/XSA+긴/ETN+JX+했/VX+EP+어/EC"
          },
          {
            "id": 5,
            "text": "1 : 맞아 키키 군대에서 살면서 먹을 시리얼 거의 다 먹은 듯 키키",
            "norm_text": "맞아 키키 군대에서 살면서 먹을 시리얼 거의 다 먹은 듯 키키",
            "speaker": {
              "id": "1번",
              "sex": "남성",
              "age": "20대"
            },
            "speechAct": "(단언) 주장하기",
            "morpheme": "맞/VV+아/EC+키/NNG+키/NNG+군대/NNG+에서/JKB+살/VV+면서/EC+먹/VV+을/ETM+시리얼/NNP+거의/MAG+다/MAG+먹/VV+은/ETM+듯/NNB+키/NNG+키/XSV+ETN"
          },
          {
            "id": 6,
            "text": "2 : 주말 아침은 무조건 시리얼이지 키키 국룰이잖아 키키",
            "norm_text": "주말 아침은 무조건 시리얼이지 키키 국룰이잖아 키키",
            "speaker": {
              "id": "2번",
              "sex": "남성",
              "age": "20대"
            },
            "speechAct": "(단언) 주장하기",
            "morpheme": "주말/NNG+아침/NNG+은/JX+무조건/MAG+시리얼/NNP+이/JKS+지키/VV+키국/UNKNOWN+룰/NNG+이/VCP+잖아/EC+키/NNG+키/XSV+ETN"
          },
          {
            "id": 7,
            "text": "1 : 약간 미국식으로 시리얼에 햄버거 키키 근데 맛있어 키키",
            "norm_text": "약간 미국식으로 시리얼에 햄버거 키키 근데 맛있어 키키",
            "speaker": {
              "id": "1번",
              "sex": "남성",
              "age": "20대"
            },
            "speechAct": "(단언) 주장하기",
            "morpheme": "약간/MAG+미국식/NNG+NNB+으로/JKB+시리얼/NNP+에/JKB+햄버거/NNG+키/NNG+키/XSV+ETN+근데/MAJ+맛있/VA+어/EC+키/NNG+키/XSV+ETN"
          },
          {
            "id": 8,
            "text": "2 : 맞아 키키 햄도 좋은데 소세지 나오면 진짜 행복했지",
            "norm_text": "맞아 키키 햄도 좋은데 소세지 나오면 진짜 행복했지",
            "speaker": {
              "id": "2번",
              "sex": "남성",
              "age": "20대"
            },
            "speechAct": "(단언) 주장하기",
            "morpheme": "맞/VV+아/EC+키/NNG+키/NNG+햄/NNG+도/JX+좋/VA+은데/EC+소세지/NNG+나오/VV+면/EC+진짜/MAG+행복/NNG+했/XSV+EP+지/EC"
          },
          {
            "id": 9,
            "text": "1 : 이제 곧 추석인데 군대에서는 뭐하려나",
            "norm_text": "이제 곧 추석인데 군대에서는 뭐하려나",
            "speaker": {
              "id": "1번",
              "sex": "남성",
              "age": "20대"
            },
            "speechAct": "(지시) 질문하기",
            "morpheme": "이제/MAG+곧/MAG+추석/NNG+인데/VCP+EC+군대/NNG+에서/JKB+는/JX+뭐/IC+하/VV+려나/EC"
          },
          {
            "id": 10,
            "text": "2 : 그러게 원래는 포상 걸고 체육대회 할 텐데 코로나 때문에 안 하려나",
            "norm_text": "그러게 원래는 포상 걸고 체육대회 할 텐데 코로나 때문에 안 하려나",
            "speaker": {
              "id": "2번",
              "sex": "남성",
              "age": "20대"
            },
            "speechAct": "(지시) 질문하기",
            "morpheme": "그러게/IC+원래/MAG+는/JX+포상/NNG+걸/VV+고/EC+체육/NNG+대회/NNG+할/XSV+ETM+텐데/NNB+VCP+EC+코로나/NNG+때문/NNB+에/JKB+안/MAG+하/VV+려나/EC"
          },
          {
            "id": 11,
            "text": "1 : 그러게 그냥 생활관에서 영화 보고 누워있으려나",
            "norm_text": "그러게 그냥 생활관에서 영화 보고 누워있으려나",
            "speaker": {
              "id": "1번",
              "sex": "남성",
              "age": "20대"
            },
            "speechAct": "(지시) 질문하기",
            "morpheme": "그러게/IC+그냥/MAG+생활관/NNG+에서/JKB+영화/NNG+보/VV+고/EC+누워/VV+EC+있/VX+으려나/EC"
          },
          {
            "id": 12,
            "text": "2 : 너는 간부였는데 추석 때 보통 뭐했어 키키?",
            "norm_text": "너는 간부였는데 추석 때 보통 뭐했어 키키?",
            "speaker": {
              "id": "2번",
              "sex": "남성",
              "age": "20대"
            },
            "speechAct": "(지시) 질문하기",
            "morpheme": "너/NP+는/JX+간부/NNG+였/VCP+EP+는데/EC+추석/NNG+때/NNG+보통/NNG+뭐/IC+했/VV+EP+어/EC+키/NNG+키/XSV+ETN"
          },
          {
            "id": 13,
            "text": "1 : 초임 때는 당직 근무나 출근해서 심판 보거나 병력 관리하고 나중에는 휴가 키키",
            "norm_text": "초임 때는 당직 근무나 출근해서 심판 보거나 병력 관리하고 나중에는 휴가 키키",
            "speaker": {
              "id": "1번",
              "sex": "남성",
              "age": "20대"
            },
            "speechAct": "(단언) 주장하기",
            "morpheme": "초임/NNG+때/NNG+는/JX+당직/NNG+근무/NNG+나/JC+출근/NNG+해서/XSV+EC+심판/NNG+보/VV+거나/EC+병력/NNG+관리/NNG+하/XSV+고/EC+나중/NNG+에/JKB+는/JX+휴가/NNG+키/NNG+키/XSV+ETN"
          },
          {
            "id": 14,
            "text": "2 : 오 짬 좀 차면 바로 휴가 나가는 거야 키키?",
            "norm_text": "오 짬 좀 차면 바로 휴가 나가는 거야 키키?",
            "speaker": {
              "id": "2번",
              "sex": "남성",
              "age": "20대"
            },
            "speechAct": "(지시) 질문하기",
            "morpheme": "오/NR+짬/NNG+좀/MAG+차/VV+면/EC+바로/MAG+휴가/NNG+나가/VV+는/ETM+거/NNB+야/VCP+EF+키/NNG+키/XSV+ETN"
          },
          {
            "id": 15,
            "text": "1 : 말년에는 휴가 나갔는데 그 전에는 그냥 후임들이랑 놀았므 키키",
            "norm_text": "말년에는 휴가 나갔는데 그 전에는 그냥 후임들이랑 놀았므 키키",
            "speaker": {
              "id": "1번",
              "sex": "남성",
              "age": "20대"
            },
            "speechAct": "(단언) 진술하기",
            "morpheme": "말년/NNG+에/JKB+는/JX+휴가/NNG+나갔/VV+EP+는데/EC+그/MM+전/NNG+에/JKB+는/JX+그냥/MAG+후임/NNG+들/XSN+이랑/JKB+놀/VV+았/EP+므키/UNKNOWN+키/NNG"
          },
          {
            "id": 16,
            "text": "2 : 그래도 알차게는 보냈네 키키",
            "norm_text": "그래도 알차게는 보냈네 키키",
            "speaker": {
              "id": "2번",
              "sex": "남성",
              "age": "20대"
            },
            "speechAct": "(단언) 주장하기",
            "morpheme": "그래도/MAJ+알차/VA+게/EC+는/JX+보냈/VV+EP+네/EF+키/NNG+키/XSV+ETN"
          },
          {
            "id": 17,
            "text": "2 : 간부들이 궁금했었어 키키",
            "norm_text": "간부들이 궁금했었어 키키",
            "speaker": {
              "id": "2번",
              "sex": "남성",
              "age": "20대"
            },
            "speechAct": "(단언) 주장하기",
            "morpheme": "간부/NNG+들/XSN+이/JKS+궁금/XR+했었/XSA+EP+어/EC+키/NNG+키/XSV+ETN"
          }
        ]
      }
    }
  ]
}