{
  "dataset": {
    "identifier": 72966,
    "name": "KAKAO_898_15_set",
    "src_path": "/data/file/cubeManager/PROJECT001/53/txt20211005152750071856/KAKAO_898_15_set/",
    "label_path": "/data/file/cubeManager/PROJECT001/53/txt20211005152750071856/KAKAO_898_15_set/",
    "category": 2,
    "type": 0
  },
  "licenses": {
    "name": "Apache License 1.0",
    "url": "http://www.apache.org/licenses/LICENSE-1.0"
  },
  "info": [
    {
      "id": 41272,
      "filename": "KAKAO_898_15.txt",
      "title": "KAKAO_898_15",
      "mediatype": "SNS",
      "medianame": "카카오톡",
      "category": "일상대화",
      "date": "2021-10-05",
      "size": 886,
      "annotations": {
        "subject": "타 국가 이슈",
        "speaker_type": "다자간 대화",
        "size": 886,
        "word_size": 207,
        "text": "1 : 이번에 캘리포니아에 산불 난 거 보셨어요?\n2 : 네 봤어요 ㅜㅜ 일주일 넘게 진압하고 있다는데 걱정이네요...\n3 : 저도 봤어요! 거기 세계에서 가장 큰 나무 있는 곳이라던데...\n1 : 아 제너럴 셔먼은 지금 방화담요로 둘둘 말아놨다고 하더라고요\n2 : 아이고... 2000~3000년 정도는 된 나무들인데 제발 빨리 진압이 되었으면 좋겠어요\n3 : 근데 어쩌다가 그렇게 큰 산불이 난 거에요?\n1 : 기사에 나온 거 보면 세쿼이아 국립공원 일대에 130회가 넘는 벼락이 떨어졌는데 그 벼락에서 시작된 불이 바람타고 사방으로 번졌다고 하더라고요?\n1 : 장난 아니죠 ? ㅠ\n2 : 맞아요, 거기다 두 건의 화재가 추가로 발생해서 추가 피해도 대비하고 있대요\n3 : 미국 대형 산불이 거의 연례 행사처럼 되어 버렸네요 ㅜㅜ\n1 : 그러게요 또 점점 산불 규모도 커지고 있어요...\n2 : 이게 다 폭염과 가뭄 등 이상기후 때문인데...\n3 : 책에서 봤는데 평균 온도가 1도 올라갈 때마다 산불이 일어날 확률도 35퍼센트나 증가한다고 하더라고요\n1 : 결국 또 지구온난화 문제네요...\n1 : 진짜 체감이 돼요 요새는\n2 : 산불 이야기하니까 칠레 산불도 기억이 나네요\n3 : 휴... 그때도 장난 아니었죠\n1 : 맞아요 그때 막 뉴스에서 나오기를 서울시 7배가 넘는 면적이 불에 붙었다고 했잖아요\n2 : 피해 이재민도 7000명이 넘었으니까 ㅠㅠ\n3 : 맞아요 그때 국가비상도 걸리고...\n1 : 그래도 이 산불하면 가장 떠오르는 건 따로 있는 것 같아요\n2 : 아 키키 보더콜리 세 자매 맞죠?\n3 : 하하 잿더미가 된 산의 영웅들이었잖아요\n1 : 하하 그 아이들 덕분에 삼림이 빠르게 복구 될 수 있었잖아요 똑띠들\n2 : 맞아요 키키 한 마리당 열 사람의 몫을 했다죠?\n3 : 그걸 생각해내신 견주분도 대단하세요",
        "lines": [
          {
            "id": 1,
            "text": "1 : 이번에 캘리포니아에 산불 난 거 보셨어요?",
            "norm_text": "이번에 캘리포니아에 산불 난 거 보셨어요?",
            "speaker": {
              "id": "1번",
              "sex": "여성",
              "age": "30대"
            },
            "speechAct": "(지시) 질문하기",
            "morpheme": "이번/NNG+에/JKB+캘리포니아/NNP+에/JKB+산/NNG+불난/VV+ETM+거/NNB+보/VV+셨/EP+EP+어요/EF"
          },
          {
            "id": 2,
            "text": "2 : 네 봤어요 ㅜㅜ 일주일 넘게 진압하고 있다는데 걱정이네요...",
            "norm_text": "네 봤어요 ㅜㅜ 일주일 넘게 진압하고 있다는데 걱정이네요...",
            "speaker": {
              "id": "2번",
              "sex": "여성",
              "age": "40대"
            },
            "speechAct": "(단언) 진술하기",
            "morpheme": "네/IC+ /SY+봤/VV+EP+어요/EF+ㅜㅜ/UNKNOWN+ /SY+일주일/NNG+ /SY+넘/VV+게/EC+ /SY+진압/NNG+하/XSV+고/EC+ /SY+있/VA+다는데/EC+ /SY+걱정/NNG+이/VCP+네요/EF+./SY"
          },
          {
            "id": 3,
            "text": "3 : 저도 봤어요! 거기 세계에서 가장 큰 나무 있는 곳이라던데...",
            "norm_text": "저도 봤어요! 거기 세계에서 가장 큰 나무 있는 곳이라던데...",
            "speaker": {
              "id": "3번",
              "sex": "여성",
              "age": "10대"
            },
            "speechAct": "(단언) 진술하기",
            "morpheme": "저/NP+도/JX+봤/VV+EP+어요/EF+거기/NP+세계/NNG+에서/JKB+가장/MAG+큰/VA+ETM+나무/NNG+있/VA+는/ETM+곳/NNG+이/VCP+라던데/EF+./SY"
          },
          {
            "id": 4,
            "text": "1 : 아 제너럴 셔먼은 지금 방화담요로 둘둘 말아놨다고 하더라고요",
            "norm_text": "아 제너럴 셔먼은 지금 방화담요로 둘둘 말아놨다고 하더라고요",
            "speaker": {
              "id": "1번",
              "sex": "여성",
              "age": "30대"
            },
            "speechAct": "(단언) 진술하기",
            "morpheme": "아/IC+제너럴셔먼/NNG+은/JX+지금/MAG+방화/NNG+담요/NNG+로/JKB+둘/NR+둘/NR+말/VV+아/EC+놨다고/VX+EP+EC+하/VV+더라고요/EC"
          },
          {
            "id": 5,
            "text": "2 : 아이고... 2000~3000년 정도는 된 나무들인데 제발 빨리 진압이 되었으면 좋겠어요",
            "norm_text": "아이고... 2000~3000년 정도는 된 나무들인데 제발 빨리 진압이 되었으면 좋겠어요",
            "speaker": {
              "id": "2번",
              "sex": "여성",
              "age": "40대"
            },
            "speechAct": "(단언) 주장하기",
            "morpheme": "아이고/IC+./SY+ /SY+2000/SN+~/SY+3000/SN+년/NNBC+ /SY+정도/NNG+는/JX+ /SY+된/XSV+ETM+ /SY+나무/NNG+들/XSN+인데/VCP+EC+ /SY+제발/MAG+ /SY+빨리/MAG+ /SY+진압/NNG+이/JKS+ /SY+되/VV+었/EP+으면/EC+ /SY+좋/VA+겠/EP+어요/EF"
          },
          {
            "id": 6,
            "text": "3 : 근데 어쩌다가 그렇게 큰 산불이 난 거에요?",
            "norm_text": "근데 어쩌다가 그렇게 큰 산불이 난 거에요?",
            "speaker": {
              "id": "3번",
              "sex": "여성",
              "age": "10대"
            },
            "speechAct": "(지시) 질문하기",
            "morpheme": "근데/MAJ+어쩌다가/MAG+그렇게/MAG+큰/VA+ETM+산불/NNG+이/JKS+난/VV+ETM+거/NNB+에요/VCP+EF"
          },
          {
            "id": 7,
            "text": "1 : 기사에 나온 거 보면 세쿼이아 국립공원 일대에 130회가 넘는 벼락이 떨어졌는데 그 벼락에서 시작된 불이 바람타고 사방으로 번졌다고 하더라고요?",
            "norm_text": "기사에 나온 거 보면 세쿼이아 국립공원 일대에 130회가 넘는 벼락이 떨어졌는데 그 벼락에서 시작된 불이 바람타고 사방으로 번졌다고 하더라고요?",
            "speaker": {
              "id": "1번",
              "sex": "여성",
              "age": "30대"
            },
            "speechAct": "(단언) 진술하기",
            "morpheme": "기사/NNG+에/JKB+나온/VV+ETM+거/NNB+보/VV+면/EC+세쿼이아/NNG+국립/NNG+공원/NNG+일대/NNG+에/JKB+130/SN+회/NNBC+가/JKS+넘/VV+는/ETM+벼락/NNG+이/JKS+떨어졌/VV+EP+는데/EC+그/MM+벼락/NNG+에서/JKB+시작/NNG+된/XSV+ETM+불/NNG+이/JKS+바람/NNG+타/VV+고/EC+사방/NNG+으로/JKB+번졌/VV+EP+다고/EC+하/VX+더라고요/EF"
          },
          {
            "id": 8,
            "text": "1 : 장난 아니죠 ? ㅠ",
            "norm_text": "장난 아니죠 ? ㅠ",
            "speaker": {
              "id": "1번",
              "sex": "여성",
              "age": "30대"
            },
            "speechAct": "(단언) 주장하기",
            "morpheme": "장난/NNG+아니/VCN+죠/EF+ㅠ/UNKNOWN"
          },
          {
            "id": 9,
            "text": "2 : 맞아요, 거기다 두 건의 화재가 추가로 발생해서 추가 피해도 대비하고 있대요",
            "norm_text": "맞아요, 거기다 두 건의 화재가 추가로 발생해서 추가 피해도 대비하고 있대요",
            "speaker": {
              "id": "2번",
              "sex": "여성",
              "age": "40대"
            },
            "speechAct": "(단언) 진술하기",
            "morpheme": "맞/VV+아요/EF+,/SC+ /SY+거기/NP+다/JX+ /SY+두/JX+ /SY+건의/NNG+ /SY+화재/NNG+가/JKS+ /SY+추가/NNG+로/JKB+ /SY+발생/NNG+해서/XSV+EC+ /SY+추가/NNG+ /SY+피해/NNG+도/JX+대비/NNG+하/XSV+고/EC+ /SY+있/VA+대요/EC"
          },
          {
            "id": 10,
            "text": "3 : 미국 대형 산불이 거의 연례 행사처럼 되어 버렸네요 ㅜㅜ",
            "norm_text": "미국 대형 산불이 거의 연례 행사처럼 되어 버렸네요 ㅜㅜ",
            "speaker": {
              "id": "3번",
              "sex": "여성",
              "age": "10대"
            },
            "speechAct": "(단언) 주장하기",
            "morpheme": "미국/NNP+대형/NNG+산불/NNG+이/JKS+거의/MAG+연례행사/NNG+처럼/JKB+되/VV+어/EC+버렸/VX+EP+네요/EF+ㅜㅜ/UNKNOWN"
          },
          {
            "id": 11,
            "text": "1 : 그러게요 또 점점 산불 규모도 커지고 있어요...",
            "norm_text": "그러게요 또 점점 산불 규모도 커지고 있어요...",
            "speaker": {
              "id": "1번",
              "sex": "여성",
              "age": "30대"
            },
            "speechAct": "(단언) 주장하기",
            "morpheme": "그러게/IC+요/JX+또/MAG+점점/MAG+산불/NNG+규모/NNG+도/JX+커/VA+EC+지/VX+고/EC+있/VX+어요/EF+./SY"
          },
          {
            "id": 12,
            "text": "2 : 이게 다 폭염과 가뭄 등 이상기후 때문인데...",
            "norm_text": "이게 다 폭염과 가뭄 등 이상기후 때문인데...",
            "speaker": {
              "id": "2번",
              "sex": "여성",
              "age": "40대"
            },
            "speechAct": "(단언) 주장하기",
            "morpheme": "이게/NP+JKS+ /SY+다/MAG+ /SY+폭염/NNG+과/JC+ /SY+가뭄/NNG+ /SY+등/NNB+ /SY+이상/NNG+기후/NNG+ /SY+때문/NNB+인데/VCP+EC+./SY+./SY"
          },
          {
            "id": 13,
            "text": "3 : 책에서 봤는데 평균 온도가 1도 올라갈 때마다 산불이 일어날 확률도 35퍼센트나 증가한다고 하더라고요",
            "norm_text": "책에서 봤는데 평균 온도가 1도 올라갈 때마다 산불이 일어날 확률도 35퍼센트나 증가한다고 하더라고요",
            "speaker": {
              "id": "3번",
              "sex": "여성",
              "age": "10대"
            },
            "speechAct": "(단언) 진술하기",
            "morpheme": "책/NNG+에서/JKB+봤/VV+EP+는데/EC+평균/NNG+온도/NNG+가/JKS+1/SN+도/NNBC+올라갈/VV+ETM+때/NNG+마다/JX+산불/NNG+이/JKS+일어날/VV+ETM+확률/NNG+도/JX+35/SN+퍼센트/NNBC+나/JC+증가/NNG+한다고/XSV+EC+하/VV+더라고요/EC"
          },
          {
            "id": 14,
            "text": "1 : 결국 또 지구온난화 문제네요...",
            "norm_text": "결국 또 지구온난화 문제네요...",
            "speaker": {
              "id": "1번",
              "sex": "여성",
              "age": "30대"
            },
            "speechAct": "(단언) 주장하기",
            "morpheme": "결국또지구온난화문제네요/UNKNOWN+./SY"
          },
          {
            "id": 15,
            "text": "1 : 진짜 체감이 돼요 요새는",
            "norm_text": "진짜 체감이 돼요 요새는",
            "speaker": {
              "id": "1번",
              "sex": "여성",
              "age": "30대"
            },
            "speechAct": "(단언) 주장하기",
            "morpheme": "진짜/MAG+체감/NNG+이/JKS+돼요/VV+EF+요새/MAG+는/JX"
          },
          {
            "id": 16,
            "text": "2 : 산불 이야기하니까 칠레 산불도 기억이 나네요",
            "norm_text": "산불 이야기하니까 칠레 산불도 기억이 나네요",
            "speaker": {
              "id": "2번",
              "sex": "여성",
              "age": "40대"
            },
            "speechAct": "(단언) 진술하기",
            "morpheme": "산불/NNG+ /SY+이야기/NNG+하/XSV+니까/EC+ /SY+칠레/NNP+ /SY+산불/NNG+도/JX+ /SY+기억/NNG+이/JKS+ /SY+나/NP+네요/VCP+EC"
          },
          {
            "id": 17,
            "text": "3 : 휴... 그때도 장난 아니었죠",
            "norm_text": "휴... 그때도 장난 아니었죠",
            "speaker": {
              "id": "3번",
              "sex": "여성",
              "age": "10대"
            },
            "speechAct": "(단언) 진술하기",
            "morpheme": "휴/IC+./SY+그때/NNG+도/JX+장난/NNG+아니/VCN+었/EP+죠/EF"
          },
          {
            "id": 18,
            "text": "1 : 맞아요 그때 막 뉴스에서 나오기를 서울시 7배가 넘는 면적이 불에 붙었다고 했잖아요",
            "norm_text": "맞아요 그때 막 뉴스에서 나오기를 서울시 7배가 넘는 면적이 불에 붙었다고 했잖아요",
            "speaker": {
              "id": "1번",
              "sex": "여성",
              "age": "30대"
            },
            "speechAct": "(단언) 진술하기",
            "morpheme": "맞/VV+아요/EF+그때/NNG+막/NNG+뉴스/NNG+에서/JKB+나오/VV+기/ETN+를/JKO+서울시/NNP+7/SN+배/NNG+가/JKS+넘/VV+는/ETM+면/NNG+적/XSN+이불/NNG+에/JKB+붙/VV+었/EP+다고/EC+했잖아요/VX+EP+EC+VX+EF"
          },
          {
            "id": 19,
            "text": "2 : 피해 이재민도 7000명이 넘었으니까 ㅠㅠ",
            "norm_text": "피해 이재민도 7000명이 넘었으니까 ㅠㅠ",
            "speaker": {
              "id": "2번",
              "sex": "여성",
              "age": "40대"
            },
            "speechAct": "(단언) 진술하기",
            "morpheme": "피해/NNG+ /SY+이재민/NNP+도/JX+ /SY+7000/SN+명/NNBC+이/JKS+ /SY+넘었으니까ㅠㅠ/UNKNOWN"
          },
          {
            "id": 20,
            "text": "3 : 맞아요 그때 국가비상도 걸리고...",
            "norm_text": "맞아요 그때 국가비상도 걸리고...",
            "speaker": {
              "id": "3번",
              "sex": "여성",
              "age": "10대"
            },
            "speechAct": "(단언) 진술하기",
            "morpheme": "맞/VV+아요/EF+그때/NNG+국가/NNG+비상/NNG+도/JX+걸리/VV+고/EC+./SY+./SY"
          },
          {
            "id": 21,
            "text": "1 : 그래도 이 산불하면 가장 떠오르는 건 따로 있는 것 같아요",
            "norm_text": "그래도 이 산불하면 가장 떠오르는 건 따로 있는 것 같아요",
            "speaker": {
              "id": "1번",
              "sex": "여성",
              "age": "30대"
            },
            "speechAct": "(단언) 주장하기",
            "morpheme": "그래도/MAJ+이/MM+산불/NNG+하/XSV+면/EC+가장/MAG+떠오르/VV+는/ETM+건/NNB+JX+따로/MAG+있/VV+는/ETM+것/NNB+같/VA+아요/EC"
          },
          {
            "id": 22,
            "text": "2 : 아 키키 보더콜리 세 자매 맞죠?",
            "norm_text": "아 키키 보더콜리 세 자매 맞죠?",
            "speaker": {
              "id": "2번",
              "sex": "여성",
              "age": "40대"
            },
            "speechAct": "(단언) 주장하기",
            "morpheme": "아키/NNP+키/NNG+보더/JKB+콜리/NNG+ /SY+세/NNG+ /SY+자매/NNG+ /SY+맞/VV+죠/EF"
          },
          {
            "id": 23,
            "text": "3 : 하하 잿더미가 된 산의 영웅들이었잖아요",
            "norm_text": "하하 잿더미가 된 산의 영웅들이었잖아요",
            "speaker": {
              "id": "3번",
              "sex": "여성",
              "age": "10대"
            },
            "speechAct": "(단언) 진술하기",
            "morpheme": "하하/MAG+잿더미/NNG+가/JKS+된/VV+ETM+산/NNG+의/JKG+영웅/NNG+들/XSN+이/VCP+었/EP+잖아요/EC"
          },
          {
            "id": 24,
            "text": "1 : 하하 그 아이들 덕분에 삼림이 빠르게 복구 될 수 있었잖아요 똑띠들",
            "norm_text": "하하 그 아이들 덕분에 삼림이 빠르게 복구 될 수 있었잖아요 똑띠들",
            "speaker": {
              "id": "1번",
              "sex": "여성",
              "age": "30대"
            },
            "speechAct": "(단언) 진술하기",
            "morpheme": "하하/MAG+그/MM+아이/NNG+들/XSN+덕분/NNG+에/JKB+삼림/NNG+이/JKS+빠르/VA+게/EC+복구/NNG+될/XSV+ETM+수/NNB+있/VV+었잖/EC+VX+아요/EF+똑/MAG+띠/NNG+들/XSN"
          },
          {
            "id": 25,
            "text": "2 : 맞아요 키키 한 마리당 열 사람의 몫을 했다죠?",
            "norm_text": "맞아요 키키 한 마리당 열 사람의 몫을 했다죠?",
            "speaker": {
              "id": "2번",
              "sex": "여성",
              "age": "40대"
            },
            "speechAct": "(단언) 진술하기",
            "morpheme": "맞/VV+아/EC+요키/NNP+키/NNG+한/XSA+ETM+ /SY+마리/NNP+당/NNG+ /SY+열/NNG+ /SY+사람/NNG+의/JKG+ /SY+몫/NNG+을/JKO+ /SY+했/VV+EP+다죠/EF"
          },
          {
            "id": 26,
            "text": "3 : 그걸 생각해내신 견주분도 대단하세요",
            "norm_text": "그걸 생각해내신 견주분도 대단하세요",
            "speaker": {
              "id": "3번",
              "sex": "여성",
              "age": "10대"
            },
            "speechAct": "(단언) 주장하기",
            "morpheme": "그걸/NP+JKO+생각/NNG+해/XSV+EC+내/VX+신/EP+ETM+견주/NNG+분/NNB+도/JX+대단/XR+하/XSA+세요/EP+EF"
          }
        ]
      }
    }
  ]
}