{
  "dataset": {
    "identifier": 62445,
    "name": "KAKAO_920_03_set",
    "src_path": "/data/file/cubeManager/PROJECT001/53/txt20211005161349009569/KAKAO_920_03_set/",
    "label_path": "/data/file/cubeManager/PROJECT001/53/txt20211005161349009569/KAKAO_920_03_set/",
    "category": 2,
    "type": 0
  },
  "licenses": {
    "name": "Apache License 1.0",
    "url": "http://www.apache.org/licenses/LICENSE-1.0"
  },
  "info": [
    {
      "id": 41960,
      "filename": "KAKAO_920_03.txt",
      "title": "KAKAO_920_03",
      "mediatype": "SNS",
      "medianame": "카카오톡",
      "category": "일상대화",
      "date": "2021-10-05",
      "size": 673,
      "annotations": {
        "subject": "교통",
        "speaker_type": "1:1",
        "size": 673,
        "word_size": 213,
        "text": "1 : 아 대중교통 너무 불편해 진짜\n2 : 그러니까 요즘 따라 코시국 때문에 규제도 좀 심하고 뭔가 타기도 꺼름직해\n1 : 그니까 요즘 대중교통 이용할 때 기침 하는 사람 보면 도착지점 내내 불편해\n2 : 그러니까... 자동차 면허는 있는데 장롱면허야...\n2 : 나도 자가용 타고 싶어\n1 : 키키 자가용 타는 친구들 보면 엄청 편해 보이더라 부러워\n2 : 근데 보험비부터 차 가격까지 생각하면 너무 부담스러워서 못 타겠어 ㅠ\n1 : 아 그러네 그런 거 다 따져보면 대중교통이 훨씬 낫네\n2 : 요즘에 또 에어컨도 빵빵하게 잘 나와서 지하철 타다 보면 그냥 누워서 자고 싶어\n2 : 집보다 시원해\n1 : 키키 맞아 여름에 지하철 에어컨 엄청 잘 틀어줘\n1 : 가디건 가지고 타야 할 정도야\n2 : 근데 춥다고 막 에어컨 꺼 달라고 하는 사람도 있더라\n1 : 웅 근데 공감해\n1 : 지하철은 대부분이 거의 30분 정도 타니까 진짜 오돌오돌 떨게 돼\n2 : 그래도 이걸 개인 기준에 맞춘다는 거는 너무 이기적인 행동인 거 같아\n1 : 그치 다른 사람들은 지하철을 방금 탄 사람도 있을 텐데 그 사람들은 엄청 더울 거 아니야\n2 : 맞아 ㅠㅠ 진짜 정 추운 거 같으면 가디건 가지고 다니는 방법 괜찮은 거 같아\n1 : 너는 자동차 언제쯤 사고 싶어?\n2 : 직장 가지게 되면 바로 가지고 싶어!\n2 : 그때는 그래도 지금보다 부담이 줄겠지?",
        "lines": [
          {
            "id": 1,
            "text": "1 : 아 대중교통 너무 불편해 진짜",
            "norm_text": "아 대중교통 너무 불편해 진짜",
            "speaker": {
              "id": "1번",
              "sex": "여성",
              "age": "20대"
            },
            "speechAct": "(단언) 주장하기",
            "morpheme": "아/IC+대중교통/NNG+너무/MAG+불편/NNG+해/XSV+EC+진짜/MAG"
          },
          {
            "id": 2,
            "text": "2 : 그러니까 요즘 따라 코시국 때문에 규제도 좀 심하고 뭔가 타기도 꺼름직해",
            "norm_text": "그러니까 요즘 따라 코시국 때문에 규제도 좀 심하고 뭔가 타기도 꺼름직해",
            "speaker": {
              "id": "2번",
              "sex": "남성",
              "age": "20대"
            },
            "speechAct": "(단언) 주장하기",
            "morpheme": "그러니까/MAJ+요즘/MAG+따라/VV+EC+코/NNG+시국/NNG+때문/NNB+에/JKB+규제/NNG+도/JX+좀/MAG+심하/VA+고/EC+뭔가/NP+VCP+EC+타/VV+기/ETN+도/JX+꺼름/UNKNOWN+직해/NNG"
          },
          {
            "id": 3,
            "text": "1 : 그니까 요즘 대중교통 이용할 때 기침 하는 사람 보면 도착지점 내내 불편해",
            "norm_text": "그니까 요즘 대중교통 이용할 때 기침 하는 사람 보면 도착지점 내내 불편해",
            "speaker": {
              "id": "1번",
              "sex": "여성",
              "age": "20대"
            },
            "speechAct": "(단언) 주장하기",
            "morpheme": "그니까/MAJ+요즘/MAG+대중교통/NNG+이용/NNG+할/XSV+ETM+때기/NNG+침/NNG+하/XSV+는/ETM+사람/NNG+보/VV+면/EC+도착/NNG+지점/NNG+내내/MAG+불편/NNG+해/XSV+EC"
          },
          {
            "id": 4,
            "text": "2 : 그러니까... 자동차 면허는 있는데 장롱면허야...",
            "norm_text": "그러니까... 자동차 면허는 있는데 장롱면허야...",
            "speaker": {
              "id": "2번",
              "sex": "남성",
              "age": "20대"
            },
            "speechAct": "(단언) 진술하기",
            "morpheme": "그러니까/MAJ+./SY+자동차/NNG+면허/NNG+는/JX+있/VX+는데/EC+장롱면허/NNG+야/VCP+EF+./SY"
          },
          {
            "id": 5,
            "text": "2 : 나도 자가용 타고 싶어",
            "norm_text": "나도 자가용 타고 싶어",
            "speaker": {
              "id": "2번",
              "sex": "남성",
              "age": "20대"
            },
            "speechAct": "(단언) 주장하기",
            "morpheme": "나/NP+도/JX+자가용/NNG+타/VV+고/EC+싶/VX+어/EC"
          },
          {
            "id": 6,
            "text": "1 : 키키 자가용 타는 친구들 보면 엄청 편해 보이더라 부러워",
            "norm_text": "키키 자가용 타는 친구들 보면 엄청 편해 보이더라 부러워",
            "speaker": {
              "id": "1번",
              "sex": "여성",
              "age": "20대"
            },
            "speechAct": "(단언) 주장하기",
            "morpheme": "키/NNG+키/NNG+자/XSN+가/JKS+용타/NNG+는/JX+친구/NNG+들/XSN+보/VV+면/EC+엄청/MAG+편해/VA+EC+보이/VV+더라/EC+부러워/VA+EC"
          },
          {
            "id": 7,
            "text": "2 : 근데 보험비부터 차 가격까지 생각하면 너무 부담스러워서 못 타겠어 ㅠ",
            "norm_text": "근데 보험비부터 차 가격까지 생각하면 너무 부담스러워서 못 타겠어 ㅠ",
            "speaker": {
              "id": "2번",
              "sex": "남성",
              "age": "20대"
            },
            "speechAct": "(단언) 주장하기",
            "morpheme": "근데/MAJ+보험/NNG+비/NNG+부터/JX+차/NNG+가격/NNG+까지/JX+생각/NNG+하/XSV+면/EC+너무/MAG+부담/NNG+스러워서/XSA+EC+못/MAG+타/VV+겠/EP+어ㅠ/UNKNOWN"
          },
          {
            "id": 8,
            "text": "1 : 아 그러네 그런 거 다 따져보면 대중교통이 훨씬 낫네",
            "norm_text": "아 그러네 그런 거 다 따져보면 대중교통이 훨씬 낫네",
            "speaker": {
              "id": "1번",
              "sex": "여성",
              "age": "20대"
            },
            "speechAct": "(단언) 주장하기",
            "morpheme": "아/IC+그러/VV+네/EF+그런/MM+거/NNB+다/MAG+따져/VV+EC+보/VX+면/EC+대중교통/NNG+이/JKS+훨씬/MAG+낫/VA+네/EC"
          },
          {
            "id": 9,
            "text": "2 : 요즘에 또 에어컨도 빵빵하게 잘 나와서 지하철 타다 보면 그냥 누워서 자고 싶어",
            "norm_text": "요즘에 또 에어컨도 빵빵하게 잘 나와서 지하철 타다 보면 그냥 누워서 자고 싶어",
            "speaker": {
              "id": "2번",
              "sex": "남성",
              "age": "20대"
            },
            "speechAct": "(단언) 주장하기",
            "morpheme": "요즘/NNG+에/JKB+또/MAG+에어컨/NNG+도/JX+빵빵/MAG+하/VV+게/EC+잘/MAG+나와서/VV+EC+지하철/NNG+타/VV+다/EC+보/VX+면/EC+그냥/MAG+누워서/VV+EC+자/VV+고/EC+싶/VX+어/EC"
          },
          {
            "id": 10,
            "text": "2 : 집보다 시원해",
            "norm_text": "집보다 시원해",
            "speaker": {
              "id": "2번",
              "sex": "남성",
              "age": "20대"
            },
            "speechAct": "(단언) 주장하기",
            "morpheme": "집/NNG+보다/JKB+시원/XR+해/XSA+EC"
          },
          {
            "id": 11,
            "text": "1 : 키키 맞아 여름에 지하철 에어컨 엄청 잘 틀어줘",
            "norm_text": "키키 맞아 여름에 지하철 에어컨 엄청 잘 틀어줘",
            "speaker": {
              "id": "1번",
              "sex": "여성",
              "age": "20대"
            },
            "speechAct": "(단언) 진술하기",
            "morpheme": "키/NNG+키/XSV+ETN+맞/VV+아/EC+여름/NNG+에/JKB+지하철/NNG+에어컨/NNG+엄청/MAG+잘/MAG+틀/VV+어/EC+줘/VX+EC"
          },
          {
            "id": 12,
            "text": "1 : 가디건 가지고 타야 할 정도야",
            "norm_text": "가디건 가지고 타야 할 정도야",
            "speaker": {
              "id": "1번",
              "sex": "여성",
              "age": "20대"
            },
            "speechAct": "(단언) 주장하기",
            "morpheme": "가디건/NNG+가지/VV+고/EC+타/VV+야/EC+할/VX+ETM+정도/NNG+야/VCP+EF"
          },
          {
            "id": 13,
            "text": "2 : 근데 춥다고 막 에어컨 꺼 달라고 하는 사람도 있더라",
            "norm_text": "근데 춥다고 막 에어컨 꺼 달라고 하는 사람도 있더라",
            "speaker": {
              "id": "2번",
              "sex": "남성",
              "age": "20대"
            },
            "speechAct": "(단언) 진술하기",
            "morpheme": "근데/MAJ+춥/VA+다고/EC+막/NNG+에어컨/NNG+꺼/VV+EC+달/VX+라고/EC+하/VV+는/ETM+사람/NNG+도/JX+있/VA+더라/EC"
          },
          {
            "id": 14,
            "text": "1 : 웅 근데 공감해",
            "norm_text": "웅 근데 공감해",
            "speaker": {
              "id": "1번",
              "sex": "여성",
              "age": "20대"
            },
            "speechAct": "(단언) 주장하기",
            "morpheme": "웅/IC+근데/MAJ+공감/NNG+해/XSV+EC"
          },
          {
            "id": 15,
            "text": "1 : 지하철은 대부분이 거의 30분 정도 타니까 진짜 오돌오돌 떨게 돼",
            "norm_text": "지하철은 대부분이 거의 30분 정도 타니까 진짜 오돌오돌 떨게 돼",
            "speaker": {
              "id": "1번",
              "sex": "여성",
              "age": "20대"
            },
            "speechAct": "(단언) 주장하기",
            "morpheme": "지하철/NNG+은/JX+대부분/NNG+이/JKS+거의/MAG+30/SN+분/NNBC+정도/NNG+타/VV+니까/EC+진짜/MAG+오돌오돌/MAG+떨/VV+게/EC+돼/VV+EC"
          },
          {
            "id": 16,
            "text": "2 : 그래도 이걸 개인 기준에 맞춘다는 거는 너무 이기적인 행동인 거 같아",
            "norm_text": "그래도 이걸 개인 기준에 맞춘다는 거는 너무 이기적인 행동인 거 같아",
            "speaker": {
              "id": "2번",
              "sex": "남성",
              "age": "20대"
            },
            "speechAct": "(단언) 주장하기",
            "morpheme": "그래도/MAJ+이걸/NP+JKO+개인/NNG+기준/NNG+에/JKB+맞춘다는/VV+ETM+거/NNB+는/JX+너무/MAG+이기/NNG+적/XSN+인/VCP+ETM+행동/NNG+인/VCP+ETM+거/NNB+같/VA+아/EC"
          },
          {
            "id": 17,
            "text": "1 : 그치 다른 사람들은 지하철을 방금 탄 사람도 있을 텐데 그 사람들은 엄청 더울 거 아니야",
            "norm_text": "그치 다른 사람들은 지하철을 방금 탄 사람도 있을 텐데 그 사람들은 엄청 더울 거 아니야",
            "speaker": {
              "id": "1번",
              "sex": "여성",
              "age": "20대"
            },
            "speechAct": "(단언) 주장하기",
            "morpheme": "그치/IC+다른/MM+사람/NNG+들/XSN+은/JX+지하철/NNG+을/JKO+방금/MAG+탄/VV+ETM+사람/NNG+도/JX+있/VA+을/ETM+텐데/NNB+VCP+EC+그/MM+사람/NNG+들/XSN+은/JX+엄청/MAG+더울/VA+ETM+거/NNB+아니/VCN+야/EC"
          },
          {
            "id": 18,
            "text": "2 : 맞아 ㅠㅠ 진짜 정 추운 거 같으면 가디건 가지고 다니는 방법 괜찮은 거 같아",
            "norm_text": "맞아 ㅠㅠ 진짜 정 추운 거 같으면 가디건 가지고 다니는 방법 괜찮은 거 같아",
            "speaker": {
              "id": "2번",
              "sex": "남성",
              "age": "20대"
            },
            "speechAct": "(단언) 주장하기",
            "morpheme": "맞/VV+아/EC+ㅠㅠ/UNKNOWN+진짜/MAG+정/MAG+추운/VA+ETM+거/NNB+같/VA+으면/EC+가/JKS+디/VV+건/EC+가지/VX+고/EC+다니/VV+는/ETM+방법/NNG+괜찮/VA+은/ETM+거/NNB+같/VA+아/EC"
          },
          {
            "id": 19,
            "text": "1 : 너는 자동차 언제쯤 사고 싶어?",
            "norm_text": "너는 자동차 언제쯤 사고 싶어?",
            "speaker": {
              "id": "1번",
              "sex": "여성",
              "age": "20대"
            },
            "speechAct": "(지시) 질문하기",
            "morpheme": "너/NP+는/JX+자동차/NNG+언제/NP+쯤/XSN+사/VV+고/EC+싶/VX+어/EF"
          },
          {
            "id": 20,
            "text": "2 : 직장 가지게 되면 바로 가지고 싶어!",
            "norm_text": "직장 가지게 되면 바로 가지고 싶어!",
            "speaker": {
              "id": "2번",
              "sex": "남성",
              "age": "20대"
            },
            "speechAct": "(단언) 주장하기",
            "morpheme": "직장/NNG+가지/VV+게/EC+되/VV+면/EC+바로/MAG+가지/VV+고/EC+싶/VX+어/EF"
          },
          {
            "id": 21,
            "text": "2 : 그때는 그래도 지금보다 부담이 줄겠지?",
            "norm_text": "그때는 그래도 지금보다 부담이 줄겠지?",
            "speaker": {
              "id": "2번",
              "sex": "남성",
              "age": "20대"
            },
            "speechAct": "(단언) 주장하기",
            "morpheme": "그때/NNG+는/JX+그래도/MAJ+지금/NNG+보다/JKB+부담/NNG+이/JKS+줄/VV+겠/EP+지/EF"
          }
        ]
      }
    }
  ]
}