{
  "dataset": {
    "identifier": 63390,
    "name": "KAKAO_911_01_set",
    "src_path": "/data/file/cubeManager/PROJECT001/53/txt20211005154123060683/KAKAO_911_01_set/",
    "label_path": "/data/file/cubeManager/PROJECT001/53/txt20211005154123060683/KAKAO_911_01_set/",
    "category": 2,
    "type": 0
  },
  "licenses": {
    "name": "Apache License 1.0",
    "url": "http://www.apache.org/licenses/LICENSE-1.0"
  },
  "info": [
    {
      "id": 41598,
      "filename": "KAKAO_911_01.txt",
      "title": "KAKAO_911_01",
      "mediatype": "SNS",
      "medianame": "카카오톡",
      "category": "일상대화",
      "date": "2021-10-05",
      "size": 487,
      "annotations": {
        "subject": "식음료",
        "speaker_type": "1:1",
        "size": 487,
        "word_size": 157,
        "text": "1 : 저녁 식사 뭐하지 하다가 삼계탕 먹었네 후 배불러\n2 : 난 방금 짜장면에 공기밥 주문함 ㅋ\n1 : 탕수육은 세트로 안 시킴? 키키\n2 : 고민했는데 아낄라고 안 시킴 ㅜㅜ\n1 : 우리 동네 중국집 맛집 많은데\n2 : 거기는 다 맛있었던 거 같다 ㅋ\n1 : 나 어제 아빠랑 외식 하러 홍콩반점 갔다가 빡쳐 가지거\n2 : 왜? 맛없었음? 머리카락 나옴?\n1 : 2시에 갔는데 밥 먹어야 되니까 30분 기다리라 하대 키키\n2 : 배가 불렀네 키키 기다렸나 키키\n1 : 내 어이 없어서 본사 홈피에 브레이크타임 몇 시냐고 또 안내 왜 그렇게 나가냐고 따짐 키키\n2 : 답변은 왔음? 키키 뭐라 할지 궁금하네 키키\n1 : 바로 전화 와서 사과하던데 키키 다른 집 갔지 두말도 안 했다 키키\n2 : 대응은 빠르네 키키 우리 동네에도 홍콩반점 생기는데 ㅋ\n1 : 밥집은 맛집이고 뭐고 불친절하면 다시는 안 가게 됨\n2 : 이 시기에 장사 잘 되는가? 힘든데 한 명이라도 오면 친절하게 해야 하지 않나?",
        "lines": [
          {
            "id": 1,
            "text": "1 : 저녁 식사 뭐하지 하다가 삼계탕 먹었네 후 배불러",
            "norm_text": "저녁 식사 뭐하지 하다가 삼계탕 먹었네 후 배불러",
            "speaker": {
              "id": "1번",
              "sex": "여성",
              "age": "30대"
            },
            "speechAct": "(단언) 진술하기",
            "morpheme": "저녁/NNG+식사/NNG+뭐/IC+하지/NNG+하/XSV+다가/EC+삼계탕/NNG+먹/VV+었/EP+네/EF+후배/NNG+불러/VV+EC"
          },
          {
            "id": 2,
            "text": "2 : 난 방금 짜장면에 공기밥 주문함 ㅋ",
            "norm_text": "난 방금 짜장면에 공기밥 주문함 ㅋ",
            "speaker": {
              "id": "2번",
              "sex": "남성",
              "age": "30대"
            },
            "speechAct": "(단언) 진술하기",
            "morpheme": "난/NP+JX+방금/MAG+짜장면/NNG+에/JKB+공기/NNG+밥/NNG+주문/NNG+함/XSV+ETN+ㅋ/UNKNOWN"
          },
          {
            "id": 3,
            "text": "1 : 탕수육은 세트로 안 시킴? 키키",
            "norm_text": "탕수육은 세트로 안 시킴? 키키",
            "speaker": {
              "id": "1번",
              "sex": "여성",
              "age": "30대"
            },
            "speechAct": "(지시) 질문하기",
            "morpheme": "탕수육/NNG+은/JX+세트/NNG+로/JKB+안/MAG+시킴/XSV+ETN+키/NNG+키/XSV+ETN"
          },
          {
            "id": 4,
            "text": "2 : 고민했는데 아낄라고 안 시킴 ㅜㅜ",
            "norm_text": "고민했는데 아낄라고 안 시킴 ㅜㅜ",
            "speaker": {
              "id": "2번",
              "sex": "남성",
              "age": "30대"
            },
            "speechAct": "(단언) 진술하기",
            "morpheme": "고민/NNG+했/XSV+EP+는데/EC+아낄/VV+ETM+라고/JKC+안/MAG+시킴/XSV+ETN+ㅜㅜ/UNKNOWN"
          },
          {
            "id": 5,
            "text": "1 : 우리 동네 중국집 맛집 많은데",
            "norm_text": "우리 동네 중국집 맛집 많은데",
            "speaker": {
              "id": "1번",
              "sex": "여성",
              "age": "30대"
            },
            "speechAct": "(단언) 진술하기",
            "morpheme": "우리/NP+동네/NNG+중국집/NNG+맛집/NNG+많/VA+은데/EC"
          },
          {
            "id": 6,
            "text": "2 : 거기는 다 맛있었던 거 같다 ㅋ",
            "norm_text": "거기는 다 맛있었던 거 같다 ㅋ",
            "speaker": {
              "id": "2번",
              "sex": "남성",
              "age": "30대"
            },
            "speechAct": "(단언) 주장하기",
            "morpheme": "거기/NP+는/JX+다/MAG+맛있/VA+었/EP+던/ETM+거/NNB+같/VA+다/EF+ㅋ/UNKNOWN"
          },
          {
            "id": 7,
            "text": "1 : 나 어제 아빠랑 외식 하러 홍콩반점 갔다가 빡쳐 가지거",
            "norm_text": "나 어제 아빠랑 외식 하러 홍콩반점 갔다가 빡쳐 가지거",
            "speaker": {
              "id": "1번",
              "sex": "여성",
              "age": "30대"
            },
            "speechAct": "(단언) 진술하기",
            "morpheme": "나/NP+어제/MAG+아빠/NNG+랑/JKB+외식/NNG+하/XSV+러/EC+홍콩/NNP+반점/NNG+갔/VV+EP+다가/EC+빡/MAG+쳐/VV+EC+가지/VX+거/EC"
          },
          {
            "id": 8,
            "text": "2 : 왜? 맛없었음? 머리카락 나옴?",
            "norm_text": "왜? 맛없었음? 머리카락 나옴?",
            "speaker": {
              "id": "2번",
              "sex": "남성",
              "age": "30대"
            },
            "speechAct": "(지시) 질문하기",
            "morpheme": "왜/MAG+맛없/VA+었/EP+음/ETN+머리카락/NNG+나옴/VV+ETN"
          },
          {
            "id": 9,
            "text": "1 : 2시에 갔는데 밥 먹어야 되니까 30분 기다리라 하대 키키",
            "norm_text": "2시에 갔는데 밥 먹어야 되니까 30분 기다리라 하대 키키",
            "speaker": {
              "id": "1번",
              "sex": "여성",
              "age": "30대"
            },
            "speechAct": "(단언) 진술하기",
            "morpheme": "2/SN+시/NNBC+에/JKB+갔/VV+EP+는데/EC+밥/NNG+먹/VV+어야/EC+되/VV+니까/EC+30/SN+분/NNBC+기다리/VV+라/EC+하대/NNG+키/NNG+키/XSV+ETN"
          },
          {
            "id": 10,
            "text": "2 : 배가 불렀네 키키 기다렸나 키키",
            "norm_text": "배가 불렀네 키키 기다렸나 키키",
            "speaker": {
              "id": "2번",
              "sex": "남성",
              "age": "30대"
            },
            "speechAct": "(지시) 질문하기",
            "morpheme": "배/NNG+가/JKS+불렀/VV+EP+네/EF+키/NNG+키/XSV+ETN+기다렸/VV+EP+나/EC+키/NNG+키/XSV+ETN"
          },
          {
            "id": 11,
            "text": "1 : 내 어이 없어서 본사 홈피에 브레이크타임 몇 시냐고 또 안내 왜 그렇게 나가냐고 따짐 키키",
            "norm_text": "내 어이 없어서 본사 홈피에 브레이크타임 몇 시냐고 또 안내 왜 그렇게 나가냐고 따짐 키키",
            "speaker": {
              "id": "1번",
              "sex": "여성",
              "age": "30대"
            },
            "speechAct": "(단언) 진술하기",
            "morpheme": "내/NP+JKG+어이없/VA+어서/EC+본사/NNG+홈피/NNG+에/JKB+브레이크/NNG+타임/NNG+몇/MM+시/NNBC+냐고/JKB+또/MAG+안/MAG+내/VV+EC+왜/MAG+그렇게/MAG+나가/VV+냐고/EC+따짐/VV+ETN+키/NNG+키/XSV+ETN"
          },
          {
            "id": 12,
            "text": "2 : 답변은 왔음? 키키 뭐라 할지 궁금하네 키키",
            "norm_text": "답변은 왔음? 키키 뭐라 할지 궁금하네 키키",
            "speaker": {
              "id": "2번",
              "sex": "남성",
              "age": "30대"
            },
            "speechAct": "(지시) 질문하기",
            "morpheme": "답변/NNG+은/JX+왔음/VV+EP+EC+?/SY+키/NNG+키/XSV+ETN+뭐/NP+라/VCP+EC+할지/VX+EC+궁금/XR+하/XSA+네/EF+키/NNG+키/XSV+ETN"
          },
          {
            "id": 13,
            "text": "1 : 바로 전화 와서 사과하던데 키키 다른 집 갔지 두말도 안 했다 키키",
            "norm_text": "바로 전화 와서 사과하던데 키키 다른 집 갔지 두말도 안 했다 키키",
            "speaker": {
              "id": "1번",
              "sex": "여성",
              "age": "30대"
            },
            "speechAct": "(단언) 진술하기",
            "morpheme": "바로/MAG+전화/NNG+와서/VV+EC+사과/NNG+하/XSV+던데/EC+키키/NNP+다른/MM+집/NNG+갔/VV+EP+지/EC+두말/NNG+도/JX+안/MAG+했/VV+EP+다키키/NNP"
          },
          {
            "id": 14,
            "text": "2 : 대응은 빠르네 키키 우리 동네에도 홍콩반점 생기는데 ㅋ",
            "norm_text": "대응은 빠르네 키키 우리 동네에도 홍콩반점 생기는데 ㅋ",
            "speaker": {
              "id": "2번",
              "sex": "남성",
              "age": "30대"
            },
            "speechAct": "(단언) 진술하기",
            "morpheme": "대응/NNG+은/JX+빠르/VA+네/EF+키/NNG+키/XSV+ETN+우리/NP+동네/NNG+에/JKB+도/JX+홍콩/NNP+반점/NNG+생기/VV+는/ETM+데ㅋ/UNKNOWN"
          },
          {
            "id": 15,
            "text": "1 : 밥집은 맛집이고 뭐고 불친절하면 다시는 안 가게 됨",
            "norm_text": "밥집은 맛집이고 뭐고 불친절하면 다시는 안 가게 됨",
            "speaker": {
              "id": "1번",
              "sex": "여성",
              "age": "30대"
            },
            "speechAct": "(단언) 주장하기",
            "morpheme": "밥집/NNG+은/JX+맛집/NNG+이/VCP+고/EC+뭐/IC+고불/NNG+친절/NNG+하/XSV+면/EC+다시/MAG+는/JX+안/MAG+가/VV+게/EC+됨/VV+ETN"
          },
          {
            "id": 16,
            "text": "2 : 이 시기에 장사 잘 되는가? 힘든데 한 명이라도 오면 친절하게 해야 하지 않나?",
            "norm_text": "이 시기에 장사 잘 되는가? 힘든데 한 명이라도 오면 친절하게 해야 하지 않나?",
            "speaker": {
              "id": "2번",
              "sex": "남성",
              "age": "30대"
            },
            "speechAct": "(단언) 주장하기",
            "morpheme": "이/MM+시기/NNG+에/JKB+장사/NNG+잘/MAG+되/VV+는가/EF+힘든데/VA+EC+한/MM+명/NNBC+이라도/JX+오/VV+면/EC+친절/NNG+하/XSV+게/EC+해야/VV+EC+하/VV+지/EC+않/VX+나/EF"
          }
        ]
      }
    }
  ]
}