{
  "dataset": {
    "identifier": 63571,
    "name": "KAKAO_908_17_set",
    "src_path": "/data/file/cubeManager/PROJECT001/53/txt20211005154927007599/KAKAO_908_17_set/",
    "label_path": "/data/file/cubeManager/PROJECT001/53/txt20211005154927007599/KAKAO_908_17_set/",
    "category": 2,
    "type": 0
  },
  "licenses": {
    "name": "Apache License 1.0",
    "url": "http://www.apache.org/licenses/LICENSE-1.0"
  },
  "info": [
    {
      "id": 41754,
      "filename": "KAKAO_908_17.txt",
      "title": "KAKAO_908_17",
      "mediatype": "SNS",
      "medianame": "카카오톡",
      "category": "일상대화",
      "date": "2021-10-05",
      "size": 451,
      "annotations": {
        "subject": "건강",
        "speaker_type": "1:1",
        "size": 451,
        "word_size": 147,
        "text": "1 : 우리 아빠 수술하고 보험비 나온 거 보니까 보험 들어야겠더라\n2 : 왜 많이 나옴?\n2 : 나도 요새 보험 알아보는데\n1 : 응응 많이 나오더라\n1 : 입원비에 수술비 싹 다 나왔음\n2 : 그래 수술하셨으니 돈 엄청 나왔겠다\n1 : 진짜 키키 보험 없었으면 아찔했겠다고 생각함\n2 : 우리 할머니도 수술하는 거 보험료로 다 내셨음\n1 : 진짜? 너희 할머니도 수술하셨나? 언제?\n2 : 코로나 전이었음.\n2 : 암튼 좀 오래 치료하셨는데 돈 안 냄\n1 : 그래 진짜 보험이 중요하긴 하더라 키키\n2 : 그래 그것보다 일단 안 아픈 게 젤 중요함\n1 : 응응 그래 우리 나이에는 보험보단 건강이지\n2 : 그래 키키 니 요새도 운동하고 있나\n1 : 어 키키 야 살 빠지니까 몸이 진짜 너무 개운하다\n2 : 사진 보니까 살 많이 빠지긴 했더라\n1 : 응응 아침에 일어나면 개운함이 차이가 남\n2 : 근데 니 과체중도 아닌데 몸이 무거웠나",
        "lines": [
          {
            "id": 1,
            "text": "1 : 우리 아빠 수술하고 보험비 나온 거 보니까 보험 들어야겠더라",
            "norm_text": "우리 아빠 수술하고 보험비 나온 거 보니까 보험 들어야겠더라",
            "speaker": {
              "id": "1번",
              "sex": "여성",
              "age": "20대"
            },
            "speechAct": "(단언) 진술하기",
            "morpheme": "우리/NP+아빠/NNG+수술/NNG+하/XSV+고/EC+보/VX+험비/NNP+나온/VV+ETM+거/NNB+보/VV+니까/EC+보험/NNG+들어야/VV+EC+VX+겠/EP+더라/EC"
          },
          {
            "id": 2,
            "text": "2 : 왜 많이 나옴?",
            "norm_text": "왜 많이 나옴?",
            "speaker": {
              "id": "2번",
              "sex": "여성",
              "age": "20대"
            },
            "speechAct": "(지시) 질문하기",
            "morpheme": "왜/MAG+많이/MAG+나옴/VV+ETN"
          },
          {
            "id": 3,
            "text": "2 : 나도 요새 보험 알아보는데",
            "norm_text": "나도 요새 보험 알아보는데",
            "speaker": {
              "id": "2번",
              "sex": "여성",
              "age": "20대"
            },
            "speechAct": "(단언) 진술하기",
            "morpheme": "나/NP+도/JX+요새/NNG+보험/NNG+알아보/VV+는데/EC"
          },
          {
            "id": 4,
            "text": "1 : 응응 많이 나오더라",
            "norm_text": "응응 많이 나오더라",
            "speaker": {
              "id": "1번",
              "sex": "여성",
              "age": "20대"
            },
            "speechAct": "(단언) 진술하기",
            "morpheme": "응/IC+응/IC+많이/MAG+나오/VV+더라/EC"
          },
          {
            "id": 5,
            "text": "1 : 입원비에 수술비 싹 다 나왔음",
            "norm_text": "입원비에 수술비 싹 다 나왔음",
            "speaker": {
              "id": "1번",
              "sex": "여성",
              "age": "20대"
            },
            "speechAct": "(단언) 진술하기",
            "morpheme": "입원비/NNG+에/JKB+수술비/NNG+싹/VV+다/EC+나왔/VV+EP+음/ETN"
          },
          {
            "id": 6,
            "text": "2 : 그래 수술하셨으니 돈 엄청 나왔겠다",
            "norm_text": "그래 수술하셨으니 돈 엄청 나왔겠다",
            "speaker": {
              "id": "2번",
              "sex": "여성",
              "age": "20대"
            },
            "speechAct": "(단언) 주장하기",
            "morpheme": "그래/IC+수술/NNG+하/XSV+셨으니/EP+EP+EC+돈/NNG+엄청/MAG+나왔/VV+EP+겠/EP+다/EC"
          },
          {
            "id": 7,
            "text": "1 : 진짜 키키 보험 없었으면 아찔했겠다고 생각함",
            "norm_text": "진짜 키키 보험 없었으면 아찔했겠다고 생각함",
            "speaker": {
              "id": "1번",
              "sex": "여성",
              "age": "20대"
            },
            "speechAct": "(단언) 진술하기",
            "morpheme": "진짜/MAG+키/NNG+키/NNG+보험/NNG+없/VA+었/EP+으면/EC+아찔/XR+했/XSA+EP+겠/EP+다고/EC+생각/NNG+함/XSV+ETN"
          },
          {
            "id": 8,
            "text": "2 : 우리 할머니도 수술하는 거 보험료로 다 내셨음",
            "norm_text": "우리 할머니도 수술하는 거 보험료로 다 내셨음",
            "speaker": {
              "id": "2번",
              "sex": "여성",
              "age": "20대"
            },
            "speechAct": "(단언) 진술하기",
            "morpheme": "우리/NP+할머니/NNG+도/JX+수술/NNG+하/XSV+는/ETM+거/NNB+보험료/NNG+로/JKB+다/MAG+내/VV+셨/EP+EP+음/ETN"
          },
          {
            "id": 9,
            "text": "1 : 진짜? 너희 할머니도 수술하셨나? 언제?",
            "norm_text": "진짜? 너희 할머니도 수술하셨나? 언제?",
            "speaker": {
              "id": "1번",
              "sex": "여성",
              "age": "20대"
            },
            "speechAct": "(지시) 질문하기",
            "morpheme": "진짜/MAG+너희/NP+할머니/NNG+도/JX+수술/NNG+하/XSV+셨/EP+EP+나/EF+언제/MAG"
          },
          {
            "id": 10,
            "text": "2 : 코로나 전이었음.",
            "norm_text": "코로나 전이었음.",
            "speaker": {
              "id": "2번",
              "sex": "여성",
              "age": "20대"
            },
            "speechAct": "(단언) 진술하기",
            "morpheme": "코/NNG+로/JKB+나전/NNG+이/VCP+었/EP+음/ETN"
          },
          {
            "id": 11,
            "text": "2 : 암튼 좀 오래 치료하셨는데 돈 안 냄",
            "norm_text": "암튼 좀 오래 치료하셨는데 돈 안 냄",
            "speaker": {
              "id": "2번",
              "sex": "여성",
              "age": "20대"
            },
            "speechAct": "(단언) 진술하기",
            "morpheme": "암튼/MAJ+좀/MAG+오래/MAG+치료/NNG+하/XSV+셨/EP+EP+는데/EC+돈/NNG+안/MAG+냄/VV+ETN"
          },
          {
            "id": 12,
            "text": "1 : 그래 진짜 보험이 중요하긴 하더라 키키",
            "norm_text": "그래 진짜 보험이 중요하긴 하더라 키키",
            "speaker": {
              "id": "1번",
              "sex": "여성",
              "age": "20대"
            },
            "speechAct": "(단언) 주장하기",
            "morpheme": "그래/IC+진짜/MAG+보험/NNG+이/JKS+중요/NNG+하/XSV+긴/ETN+JX+하/VX+더라/EC+키/NNG+키/XSV+ETN"
          },
          {
            "id": 13,
            "text": "2 : 그래 그것보다 일단 안 아픈 게 젤 중요함",
            "norm_text": "그래 그것보다 일단 안 아픈 게 젤 중요함",
            "speaker": {
              "id": "2번",
              "sex": "여성",
              "age": "20대"
            },
            "speechAct": "(단언) 진술하기",
            "morpheme": "그래/IC+그것/NP+보다/JKB+일단/MAG+안/MAG+아픈/VA+ETM+게/NNB+JKS+젤/MAG+중요/NNG+함/XSV+ETN"
          },
          {
            "id": 14,
            "text": "1 : 응응 그래 우리 나이에는 보험보단 건강이지",
            "norm_text": "응응 그래 우리 나이에는 보험보단 건강이지",
            "speaker": {
              "id": "1번",
              "sex": "여성",
              "age": "20대"
            },
            "speechAct": "(단언) 주장하기",
            "morpheme": "응/IC+응/IC+그래/IC+우리/NP+나이/NNG+에/JKB+는/JX+보험/NNG+보단/JKB+JX+건강/NNG+이/VCP+지/EC"
          },
          {
            "id": 15,
            "text": "2 : 그래 키키 니 요새도 운동하고 있나",
            "norm_text": "그래 키키 니 요새도 운동하고 있나",
            "speaker": {
              "id": "2번",
              "sex": "여성",
              "age": "20대"
            },
            "speechAct": "(지시) 질문하기",
            "morpheme": "그래/IC+키/NNG+키/VV+니/EC+요새/NNG+도/JX+운동/NNG+하/XSV+고/EC+있/VX+나/EC"
          },
          {
            "id": 16,
            "text": "1 : 어 키키 야 살 빠지니까 몸이 진짜 너무 개운하다",
            "norm_text": "어 키키 야 살 빠지니까 몸이 진짜 너무 개운하다",
            "speaker": {
              "id": "1번",
              "sex": "여성",
              "age": "20대"
            },
            "speechAct": "(단언) 주장하기",
            "morpheme": "어/IC+키/NNG+키/NNG+야살/NNG+빠지/VV+니까/EC+몸/NNG+이/JKS+진짜/MAG+너무/MAG+개운/XR+하/XSA+다/EC"
          },
          {
            "id": 17,
            "text": "2 : 사진 보니까 살 많이 빠지긴 했더라",
            "norm_text": "사진 보니까 살 많이 빠지긴 했더라",
            "speaker": {
              "id": "2번",
              "sex": "여성",
              "age": "20대"
            },
            "speechAct": "(단언) 진술하기",
            "morpheme": "사진/NNG+보/VV+니까/EC+살/VV+ETM+많이/MAG+빠지/VV+긴/ETN+JX+했/VX+EP+더라/EC"
          },
          {
            "id": 18,
            "text": "1 : 응응 아침에 일어나면 개운함이 차이가 남",
            "norm_text": "응응 아침에 일어나면 개운함이 차이가 남",
            "speaker": {
              "id": "1번",
              "sex": "여성",
              "age": "20대"
            },
            "speechAct": "(단언) 주장하기",
            "morpheme": "응/IC+응/IC+아침/NNG+에/JKB+일어나/VV+면/EC+개운/XR+함/XSA+ETN+이/JKS+차이/NNG+가/JKS+남/NNG"
          },
          {
            "id": 19,
            "text": "2 : 근데 니 과체중도 아닌데 몸이 무거웠나",
            "norm_text": "근데 니 과체중도 아닌데 몸이 무거웠나",
            "speaker": {
              "id": "2번",
              "sex": "여성",
              "age": "20대"
            },
            "speechAct": "(단언) 주장하기",
            "morpheme": "근데/MAJ+니/MM+과체중/NNG+도/JX+아닌데/VCN+EC+몸/NNG+이/JKS+무거웠/VA+EP+나/EC"
          }
        ]
      }
    }
  ]
}